Number of voxels: 100
Number of points per voxel: 692
Voxel Index:
11 11
12 11
13 11
14 11
15 11
16 11
17 11
18 11
19 11
20 11
11 12
12 12
13 12
14 12
15 12
16 12
17 12
18 12
19 12
20 12
11 13
12 13
13 13
14 13
15 13
16 13
17 13
18 13
19 13
20 13
11 14
12 14
13 14
14 14
15 14
16 14
17 14
18 14
19 14
20 14
11 15
12 15
13 15
14 15
15 15
16 15
17 15
18 15
19 15
20 15
11 16
12 16
13 16
14 16
15 16
16 16
17 16
18 16
19 16
20 16
11 17
12 17
13 17
14 17
15 17
16 17
17 17
18 17
19 17
20 17
11 18
12 18
13 18
14 18
15 18
16 18
17 18
18 18
19 18
20 18
11 19
12 19
13 19
14 19
15 19
16 19
17 19
18 19
19 19
20 19
11 20
12 20
13 20
14 20
15 20
16 20
17 20
18 20
19 20
20 20
Is labelled: No
0.061448 0.060211 0.057021 0.05692 0.063334 0.062251 0.055119 0.050771 0.048551 0.050399 0.046023 0.048329 0.045078 0.040081 0.039828 0.047118 0.043999 0.03728 0.045654 0.04002 0.039584 0.030592 0.033125 0.032221 0.046302 0.034116 0.035354 0.029888 0.028493 0.037403 0.040422 0.038098 0.035176 0.037591 0.042935 0.038607 0.033904 0.030984 0.022565 0.028755 0.018532 0.013911 0.026613 0.024897 0.027948 0.018009 0.01578 0.024326 0.029671 0.031236 0.028861 0.026517 0.022849 0.022545 0.018396 0.01669 0.020054 0.020192 0.022482 0.022793 0.02063 0.025504 0.016694 0.022972 0.023118 0.028659 0.029028 0.028872 0.028988 0.02649 0.023176 0.021054 0.029904 0.019555 0.027005 0.026779 0.025404 0.022681 0.016818 0.022099 0.02678 0.020013 0.021638 0.030864 0.037985 0.043535 0.046612 0.045067 0.053655 0.046759 0.044212 0.048632 0.050055 0.048416 0.040032 0.046644 0.044593 0.040355 0.048294 0.045161 0.040677 0.036547 0.037798 0.031888 0.035648 0.039493 0.031596 0.030831 0.033213 0.037095 0.038598 0.041544 0.044152 0.048007 0.046901 0.044503 0.044287 0.040763 0.04171 0.043906 0.034859 0.03959 0.034357 0.036335 0.03355 0.032063 0.036129 0.044147 0.039151 0.039504 0.03881 0.032443 0.026723 0.027687 0.037932 0.041555 0.042716 0.036694 0.040091 0.043546 0.044943 0.044613 0.040233 0.038137 0.036408 0.039111 0.044747 0.045134 0.038578 0.04066 0.033617 0.025144 0.027585 0.031659 0.034429 0.027637 0.028361 0.026852 0.023638 0.027597 0.026511 0.034098 0.031159 0.040392 0.040606 0.0545 0.053369 0.047695 0.054528 0.055816 0.047334 0.044998 0.043882 0.036289 0.031178 0.039072 0.037974 0.033787 0.036745 0.037968 0.032487 0.033328 0.036635 0.035313 0.031509 0.030081 0.035881 0.037339 0.044651 0.049617 0.047698 0.055399 0.054682 0.055401 0.066171 0.072994 0.076711 0.079087 0.084245 0.076243 0.078507 0.069992 0.067485 0.065106 0.069765 0.063724 0.060679 0.057667 0.053457 0.054215 0.057164 0.053657 0.044493 0.039885 0.03173 0.031777 0.026612 0.032417 0.020594 0.02064 0.015774 0.020101 0.021758 0.023485 0.03663 0.053006 0.073511 0.074265 0.070017 0.056393 0.045244 0.036928 0.037947 0.038774 0.042272 0.051887 0.041916 0.042483 0.042658 0.040507 0.047718 0.045925 0.042708 0.036886 0.03133 0.032199 0.029378 0.040655 0.039981 0.031034 0.029165 0.029506 0.026107 0.018108 0.016592 0.018974 0.023466 0.021497 0.020682 0.017085 0.013751 0.016674 0.013942 0.013957 0.019715 0.016974 0.015092 0.018012 0.019514 0.019344 0.013843 0.014994 0.019433 0.015492 0.014255 0.015776 0.020858 0.018873 0.016967 0.018307 0.018609 0.016898 0.019215 0.020403 0.022709 0.022471 0.028684 0.024629 0.024185 0.024544 0.024005 0.016484 0.013155 0.019015 0.023408 0.022078 0.020424 0.017748 0.027877 0.02293 0.02389 0.020087 0.019154 0.021181 0.018792 0.019349 0.021239 0.025325 0.020161 0.028546 0.034034 0.029953 0.02306 0.02102 0.030453 0.032312 0.029659 0.022623 0.02834 0.033805 0.038124 0.033518 0.038566 0.028571 0.028334 0.026869 0.028016 0.022548 0.034093 0.030363 0.037196 0.033991 0.036425 0.042426 0.047692 0.046029 0.043021 0.044413 0.05106 0.043426 0.04003 0.044058 0.049083 0.046384 0.048524 0.046401 0.047216 0.049666 0.042522 0.043334 0.048839 0.049771 0.04861 0.042173 0.043012 0.044403 0.054527 0.049239 0.045146 0.048008 0.048928 0.044344 0.043702 0.039276 0.045326 0.050072 0.053114 0.058825 0.059171 0.058243 0.057989 0.059682 0.065214 0.069845 0.072327 0.06052 0.05888 0.065435 0.069215 0.067837 0.079724 0.088743 0.096531 0.094282 0.086421 0.074399 0.074167 0.069514 0.076054 0.076135 0.076949 0.077507 0.074692 0.072984 0.074881 0.078224 0.071888 0.066503 0.07031 0.066093 0.060808 0.0577 0.054184 0.050921 0.054598 0.048949 0.044489 0.050406 0.05015 0.051607 0.049472 0.058586 0.047689 0.043241 0.043075 0.044437 0.042613 0.041811 0.035976 0.038782 0.045106 0.034981 0.036251 0.034293 0.030534 0.025352 0.030148 0.031218 0.035476 0.030119 0.037129 0.042113 0.035796 0.031774 0.03418 0.039101 0.033042 0.026335 0.02622 0.026474 0.025079 0.026378 0.024836 0.019867 0.029554 0.027426 0.020743 0.017568 0.017436 0.023287 0.025061 0.022135 0.023801 0.020336 0.024856 0.017585 0.01304 0.013504 0.015315 0.011982 0.021088 0.016208 0.009942 0.014852 0.018536 0.02217 0.03262 0.024739 0.025189 0.019476 0.0198 0.021859 0.021448 0.032945 0.028542 0.030878 0.026151 0.037412 0.037343 0.039997 0.050888 0.04655 0.050094 0.052866 0.061992 0.059855 0.058731 0.058857 0.061091 0.074618 0.078679 0.08105 0.075511 0.07864 0.077823 0.076813 0.077103 0.079306 0.076182 0.067225 0.060013 0.066993 0.064135 0.053315 0.055883 0.050861 0.052079 0.049183 0.047507 0.052263 0.053052 0.046675 0.045552 0.043784 0.039998 0.046258 0.039677 0.03821 0.048235 0.046868 0.036984 0.044241 0.040004 0.042051 0.042693 0.036643 0.035927 0.038196 0.029247 0.027453 0.021765 0.017497 0.016561 0.014778 0.0096996 0.0079158 0.015635 0.0097429 0.00072804 0.002606 0.009015 0.006938 0.007426 0.0056065 0.016269 0.016307 0.0087789 0.012287 0.0109 0.0052468 0.014611 0.013842 0.017805 0.019375 0.0164 0.027468 0.034289 0.030554 0.025608 0.024838 0.025513 0.025241 0.028775 0.025553 0.024514 0.017523 0.018723 0.029698 0.025794 0.022372 0.023077 0.022468 0.023055 0.021989 0.01856 0.01615 0.018838 0.018332 0.013595 0.0081217 0.004994 0.00956 0.0063548 0.015035 0.012779 0.015819 0.021742 0.017561 0.0094515 0.010297 0.020769 0.02181 0.017253 0.018333 0.011701 0.014483 0.0087611 0.0036184 0.0060415 0.010196 0.012064 0.011218 0.012026 0.010577 0.007127 0.0049626 -0.0013647 0.0064097 0.0081729 0.010566 0.0068863 0.0045669 0.0083147 0.011614 0.006228 0.0049825 0.0087585 0.0076286 0.013645 0.015143 0.013647 0.0062577 0.0012074 0.0014175 0.00016133 0.0016151 -0.0047464 -0.0079666 -0.0053102 -0.0053599 0.0070761 0.010695 0.0078474 0.0066746 0.0017674 -0.0024441 0.0011923 0.0022283 0.0036212 0.0034261 -0.0042942 0.0016118 0.0070109 0.0080847 0.0069862 0.007048 0.0050385 0.00061106 -4.9033e-05 -0.0043642 -0.0019836 0.0027803 0.0048396 0.0056555 0.0036496 0.011823 0.0046229 -0.00036825 0.00083315 -0.0048799 0.0010069 -0.0017574 -0.0089849 -0.0021411 -0.003931 0.00043161 0.0050744 0.0067353 -0.0036558 0.0010347 -0.00027473 0.00052587 0.0085582 0.014041 0.011577 0.0084058 0.0061349 0.0054483 0.0013195 0.0054143 0.0056408 0.00012978 0.0042016 0.0017023 0.0048381 -0.0026385 0.0050163 0.0050358 0.0035292 0.0078722 -0.0038234 0.0014245
0.040497 0.040362 0.037694 0.041892 0.039154 0.039421 0.045005 0.041129 0.036789 0.032448 0.031268 0.031698 0.031592 0.0332 0.032972 0.027463 0.028581 0.034505 0.032851 0.029257 0.037066 0.033821 0.034648 0.027358 0.03098 0.02735 0.039008 0.032536 0.034116 0.029063 0.026434 0.034057 0.038793 0.037475 0.035013 0.037731 0.041747 0.035247 0.030817 0.028911 0.020939 0.024651 0.018584 0.014486 0.02569 0.025348 0.024904 0.018621 0.017247 0.02422 0.029363 0.032305 0.031335 0.029009 0.026405 0.025544 0.021257 0.019883 0.023773 0.023293 0.025062 0.022412 0.020697 0.026807 0.020521 0.026237 0.027798 0.033076 0.034304 0.033469 0.034585 0.031446 0.028659 0.022635 0.03022 0.026215 0.028151 0.029745 0.029279 0.026752 0.02557 0.028935 0.033193 0.028127 0.031713 0.037788 0.046739 0.052092 0.05368 0.054627 0.062644 0.054402 0.051116 0.056843 0.059508 0.055761 0.046126 0.048783 0.046849 0.042867 0.047715 0.046061 0.042103 0.039923 0.039547 0.034351 0.038144 0.041837 0.036191 0.037808 0.038357 0.044943 0.047828 0.048496 0.050757 0.053513 0.053814 0.050006 0.047098 0.043311 0.044878 0.045433 0.037133 0.040103 0.035074 0.034306 0.03593 0.033365 0.037028 0.043975 0.040325 0.040171 0.042023 0.038561 0.033104 0.0344 0.042544 0.04186 0.043639 0.039864 0.045564 0.048572 0.048436 0.048727 0.048602 0.047604 0.044354 0.046853 0.047479 0.048429 0.042329 0.041981 0.034796 0.028356 0.029679 0.030537 0.031524 0.028303 0.029009 0.030419 0.027393 0.02861 0.029573 0.039184 0.037022 0.045632 0.04785 0.059801 0.058549 0.054058 0.05748 0.055617 0.047259 0.045207 0.042378 0.035714 0.029838 0.036083 0.034023 0.030959 0.03348 0.036808 0.029458 0.031198 0.037216 0.036936 0.035691 0.03852 0.042793 0.04833 0.059678 0.064883 0.062664 0.070396 0.069528 0.075523 0.085611 0.090834 0.093493 0.091511 0.089712 0.079646 0.077368 0.069531 0.066029 0.060688 0.058983 0.050399 0.050062 0.048268 0.04436 0.045595 0.045568 0.045369 0.039995 0.03486 0.026745 0.029606 0.0254 0.028354 0.02048 0.01954 0.019406 0.027033 0.032053 0.038524 0.050331 0.063813 0.080686 0.081208 0.076161 0.060979 0.048993 0.04131 0.04196 0.040129 0.043485 0.04958 0.040881 0.041446 0.040824 0.037823 0.040502 0.038954 0.035619 0.030253 0.024842 0.026394 0.022939 0.033138 0.032018 0.024361 0.023132 0.023864 0.021701 0.013835 0.011484 0.014274 0.019562 0.015828 0.01895 0.016577 0.012783 0.013738 0.012594 0.012297 0.017735 0.0157 0.015518 0.016841 0.0152 0.014672 0.01175 0.014121 0.020099 0.017253 0.013984 0.014215 0.017281 0.018245 0.017766 0.019957 0.021526 0.017996 0.021043 0.01983 0.020986 0.021593 0.027152 0.023912 0.024413 0.023508 0.024775 0.01823 0.012497 0.018467 0.021155 0.022744 0.020195 0.018405 0.029016 0.02582 0.021721 0.019644 0.017362 0.020231 0.017288 0.019986 0.025052 0.026227 0.02169 0.026667 0.031435 0.028799 0.024082 0.022563 0.032244 0.036475 0.031913 0.02424 0.028836 0.034029 0.039062 0.035298 0.039781 0.033102 0.03259 0.032477 0.035969 0.032862 0.043087 0.04218 0.044627 0.041388 0.042905 0.044792 0.047992 0.046409 0.044031 0.044723 0.052255 0.046884 0.045242 0.045616 0.050481 0.046149 0.04653 0.044835 0.046573 0.046147 0.040447 0.040566 0.045662 0.046202 0.044889 0.039803 0.041895 0.044726 0.051709 0.048993 0.047399 0.049024 0.049481 0.047729 0.049846 0.045398 0.051065 0.05612 0.059161 0.063612 0.065047 0.067904 0.067719 0.065473 0.069368 0.072855 0.075765 0.066458 0.064966 0.069986 0.074754 0.070812 0.083241 0.090783 0.096861 0.095449 0.08588 0.072759 0.07224 0.064609 0.07171 0.067893 0.065706 0.068857 0.063386 0.062222 0.059115 0.061772 0.059528 0.05514 0.055818 0.051961 0.048761 0.045948 0.042246 0.036911 0.041435 0.038238 0.03354 0.037547 0.037248 0.039687 0.036307 0.044914 0.035107 0.03279 0.03397 0.035744 0.030691 0.030824 0.027534 0.031904 0.034514 0.028067 0.027757 0.028742 0.025485 0.021385 0.026168 0.027569 0.030488 0.027654 0.032421 0.034864 0.031212 0.02731 0.028072 0.034351 0.029513 0.023825 0.024369 0.024342 0.0224 0.022295 0.022825 0.016417 0.024536 0.023991 0.017018 0.013368 0.014797 0.019604 0.022055 0.021562 0.021905 0.018671 0.019504 0.01249 0.0090155 0.012167 0.0161 0.014706 0.02347 0.021434 0.016262 0.022952 0.027759 0.033312 0.039871 0.027687 0.025982 0.019979 0.021169 0.022112 0.023114 0.032227 0.028666 0.032215 0.029539 0.0391 0.041403 0.046228 0.05652 0.057928 0.063665 0.068593 0.078121 0.079857 0.081381 0.081298 0.080018 0.085602 0.087229 0.083591 0.077277 0.077867 0.074991 0.075456 0.071916 0.069278 0.067138 0.060882 0.05224 0.05673 0.055635 0.048111 0.048284 0.044745 0.04426 0.041362 0.040355 0.039843 0.040883 0.037177 0.035801 0.033949 0.028493 0.033336 0.028782 0.0282 0.038535 0.036496 0.026483 0.032256 0.029767 0.030447 0.028928 0.024922 0.023449 0.02887 0.020402 0.02174 0.019993 0.014235 0.014099 0.013832 0.011282 0.010989 0.01643 0.010488 0.0058029 0.0082996 0.014872 0.015606 0.01682 0.016457 0.027527 0.026278 0.023956 0.026924 0.023369 0.019489 0.029631 0.025929 0.027595 0.028881 0.028623 0.037471 0.040757 0.038467 0.03306 0.031844 0.03338 0.02987 0.032577 0.030977 0.02678 0.017831 0.021934 0.030229 0.023237 0.017892 0.018004 0.016435 0.016248 0.01823 0.016968 0.015142 0.016579 0.017861 0.011706 0.0057698 0.0034443 0.0059042 0.003292 0.011866 0.01159 0.012718 0.016537 0.014087 0.0069105 0.007205 0.016965 0.017573 0.010218 0.011157 0.0068793 0.010153 0.002259 -0.0007221 0.0028329 0.0072468 0.0073393 0.007548 0.0083721 0.0058199 0.0070565 0.0010323 -0.0034951 0.0065964 0.0076313 0.0063303 0.00022427 0.00063521 0.0039235 0.0074122 0.0040104 0.0034171 0.0053191 0.0070006 0.010605 0.012723 0.010269 -0.00039162 -0.0012164 0.0014043 -0.0021837 0.00084198 -0.0051086 -0.0071381 -0.0045589 -0.0054185 0.0051149 0.0073352 0.0072438 0.004139 0.00020415 -0.0020692 -0.0031904 -0.0015986 0.0033467 0.0046066 -0.0031382 0.00062681 0.0065709 0.0083728 0.0057474 0.0076919 0.001637 -0.0044737 -0.0025963 -0.0062958 -0.0052039 0.00096584 0.0033605 0.006514 0.003627 0.010836 0.0037248 -0.0020669 0.0017686 -0.0052146 -0.0016689 -0.0043129 -0.0064457 -0.0034421 -0.0044341 -0.0019006 0.0024722 0.0046003 -0.0037684 -6.7999e-05 -0.002235 -0.0024563 0.0034574 0.010732 0.0084442 0.0091789 0.0074927 0.0048655 0.0021005 0.0054839 0.0047141 -0.0008029 0.0016945 -0.0015141 0.0031918 -0.0018139 0.0074116 0.0046196 0.0028665 0.0065517
0.022895 0.024385 0.023963 0.020363 0.027821 0.026333 0.02659 0.031115 0.026641 0.024968 0.020996 0.020155 0.019224 0.023126 0.023986 0.024772 0.0196 0.021976 0.025418 0.024894 0.024804 0.030005 0.030073 0.030978 0.025727 0.029741 0.025136 0.033258 0.031469 0.031672 0.027389 0.024421 0.030992 0.036586 0.035458 0.033539 0.036212 0.038726 0.032036 0.027902 0.027166 0.020821 0.02172 0.018431 0.015214 0.025292 0.025383 0.022819 0.019529 0.01856 0.02503 0.029452 0.033056 0.034332 0.033217 0.031756 0.031808 0.027483 0.026121 0.030534 0.029103 0.031145 0.0262 0.024905 0.031424 0.027333 0.031687 0.033559 0.036133 0.036642 0.035864 0.035376 0.032266 0.031598 0.024183 0.030788 0.031018 0.02997 0.031777 0.033466 0.032129 0.034481 0.036277 0.038974 0.036646 0.042138 0.045291 0.054767 0.059102 0.060262 0.061402 0.067536 0.058895 0.055246 0.060647 0.063441 0.058632 0.050178 0.049761 0.046454 0.044781 0.04715 0.046009 0.041796 0.041718 0.040915 0.037601 0.041204 0.044311 0.041451 0.045385 0.046184 0.053182 0.056851 0.054433 0.056601 0.057843 0.057709 0.052267 0.047298 0.043565 0.045851 0.04505 0.037759 0.038022 0.03419 0.032396 0.037583 0.034947 0.038219 0.043309 0.040786 0.040076 0.042932 0.042107 0.03756 0.038447 0.044393 0.041411 0.042828 0.040141 0.048534 0.052521 0.052474 0.056283 0.059029 0.056437 0.051629 0.051274 0.046868 0.046689 0.042322 0.040792 0.034471 0.029184 0.029291 0.028078 0.02729 0.027883 0.029871 0.033893 0.031333 0.031973 0.036022 0.046707 0.044817 0.051457 0.054415 0.063161 0.059257 0.055988 0.055653 0.050646 0.043374 0.041821 0.037721 0.03255 0.026549 0.029938 0.028468 0.02695 0.028908 0.033443 0.027048 0.02899 0.036718 0.038135 0.039965 0.046446 0.051716 0.059744 0.072719 0.075562 0.073456 0.080993 0.084048 0.096609 0.10576 0.10715 0.10415 0.095088 0.085636 0.074025 0.067209 0.059441 0.055694 0.04831 0.043155 0.034604 0.036617 0.035517 0.031711 0.033213 0.032655 0.0351 0.034167 0.028789 0.022493 0.026727 0.024239 0.024279 0.019928 0.019813 0.023467 0.035831 0.043874 0.052837 0.060795 0.06947 0.079599 0.077456 0.073176 0.059441 0.047648 0.042642 0.042168 0.038234 0.041132 0.043117 0.035532 0.036182 0.03441 0.031491 0.0302 0.029541 0.026818 0.02303 0.017493 0.01859 0.015258 0.026055 0.023887 0.01776 0.016491 0.018428 0.017354 0.010481 0.0085286 0.011222 0.016755 0.011932 0.016617 0.016364 0.013222 0.012045 0.012481 0.012499 0.017139 0.015332 0.015474 0.016112 0.013245 0.012828 0.011579 0.014778 0.02195 0.020461 0.015701 0.014887 0.015628 0.018799 0.019054 0.02139 0.023944 0.019461 0.022576 0.01886 0.018955 0.021109 0.024419 0.022673 0.024794 0.022404 0.024802 0.019425 0.011777 0.016964 0.017347 0.022198 0.020608 0.02048 0.029449 0.026947 0.019635 0.018584 0.017579 0.020885 0.017605 0.021238 0.02768 0.026076 0.022303 0.02505 0.027815 0.027097 0.02517 0.025279 0.03384 0.039253 0.033827 0.02624 0.029203 0.032995 0.038546 0.034502 0.039376 0.036579 0.036645 0.038733 0.043971 0.043193 0.051145 0.050588 0.05004 0.046607 0.047475 0.046923 0.047911 0.045834 0.043516 0.043377 0.050362 0.04768 0.048315 0.045998 0.04804 0.043366 0.043182 0.043455 0.045126 0.04307 0.038735 0.037483 0.040426 0.041247 0.041168 0.038207 0.040368 0.04407 0.047866 0.049475 0.051086 0.050128 0.049349 0.049671 0.054099 0.051504 0.056866 0.060956 0.063543 0.06712 0.069753 0.074589 0.073519 0.069086 0.070946 0.073088 0.076431 0.068627 0.068702 0.072405 0.077935 0.072005 0.082392 0.08684 0.08921 0.087708 0.077811 0.065327 0.064103 0.055737 0.061001 0.054622 0.050874 0.05565 0.048962 0.048749 0.041805 0.044577 0.045283 0.041277 0.039748 0.037377 0.036383 0.033385 0.031861 0.025851 0.029381 0.028879 0.025715 0.027268 0.026703 0.029802 0.025586 0.032726 0.025528 0.025632 0.028569 0.029668 0.022683 0.02436 0.022389 0.026711 0.026851 0.023002 0.021574 0.025081 0.022065 0.020678 0.024467 0.025443 0.026446 0.025731 0.029085 0.029224 0.027537 0.024741 0.024609 0.030375 0.026668 0.021205 0.022204 0.022728 0.021073 0.019495 0.021327 0.015085 0.019982 0.019457 0.0143 0.011509 0.01284 0.016719 0.020658 0.022269 0.021076 0.017769 0.016627 0.010214 0.0087171 0.012259 0.018737 0.022015 0.030492 0.029962 0.024293 0.032888 0.038067 0.043602 0.044484 0.030983 0.02832 0.022525 0.022944 0.022975 0.024462 0.031511 0.029213 0.033469 0.034308 0.041913 0.04677 0.052756 0.063759 0.073499 0.082637 0.090175 0.09955 0.10259 0.10581 0.1048 0.099439 0.097006 0.092405 0.082699 0.075427 0.072543 0.068586 0.068173 0.061624 0.056409 0.05459 0.051126 0.041976 0.045294 0.045645 0.041029 0.038232 0.036334 0.035261 0.03181 0.032435 0.027621 0.028707 0.02757 0.025363 0.023644 0.019049 0.022756 0.020147 0.020135 0.028924 0.026939 0.017241 0.021847 0.021265 0.021934 0.01979 0.017218 0.015818 0.022323 0.015807 0.017083 0.018691 0.013248 0.013361 0.014467 0.013452 0.014564 0.01799 0.013506 0.011449 0.015123 0.021031 0.023871 0.026299 0.025423 0.036387 0.034133 0.035874 0.03765 0.032336 0.029921 0.040536 0.036606 0.036077 0.035596 0.036726 0.04244 0.043066 0.042321 0.036979 0.035885 0.037058 0.030962 0.032086 0.031305 0.025265 0.01622 0.020334 0.024435 0.017358 0.011993 0.012091 0.010054 0.0091605 0.012284 0.013016 0.012227 0.012148 0.013843 0.0088018 0.0023301 0.0020742 0.002142 0.0010553 0.0088613 0.0092425 0.0087102 0.010068 0.0085339 0.0025153 0.0032736 0.012007 0.012443 0.0046814 0.0058541 0.0027321 0.0052092 -0.0019391 -0.0030559 0.00031743 0.0037707 0.0033236 0.0052023 0.006109 0.0027908 0.0072742 -7.8108e-05 -0.0032354 0.0059747 0.0071566 0.0042373 -0.0034735 -0.00048371 0.001248 0.0037134 0.0017848 0.0018001 0.00097341 0.004955 0.007266 0.0094341 0.0070648 -0.0047866 -0.0021625 0.0019763 -0.0023651 -0.00050629 -0.0048629 -0.0051959 -0.0045945 -0.0049424 0.003718 0.0043125 0.0046034 0.00069151 -0.00063871 -0.0015553 -0.0055717 -0.0043483 0.0016401 0.0036851 -0.0007979 0.00087471 0.0056422 0.0081823 0.0042458 0.0059063 -0.00042488 -0.0061112 -0.0028208 -0.0053783 -0.0060687 -0.00074496 0.0012266 0.0058092 0.0029585 0.0063863 0.0014777 -0.0040014 0.0013134 -0.005191 -0.0028113 -0.0037877 -0.0020974 -0.0025154 -0.0045807 -0.0036075 -0.00067673 0.00079014 -0.0035549 -0.00031841 -0.0034097 -0.0055572 -0.0013611 0.0066611 0.0049219 0.0088816 0.0085446 0.0045917 0.0023182 0.0049208 0.0028226 -0.0017881 -5.2267e-05 -0.0034813 0.0021909 -0.0016684 0.007504 0.0027791 0.0004451
0.012311 0.011088 0.0148 0.014786 0.011148 0.019355 0.019485 0.0194 0.022245 0.018727 0.018959 0.015621 0.015265 0.013183 0.019286 0.019945 0.020847 0.016192 0.019233 0.0197 0.019339 0.022302 0.024636 0.02773 0.028139 0.024936 0.028722 0.024703 0.029507 0.030913 0.02956 0.026016 0.023805 0.029597 0.034871 0.033167 0.032065 0.03385 0.035266 0.029891 0.026173 0.026653 0.022147 0.021035 0.019022 0.016294 0.024755 0.025611 0.022194 0.020489 0.019668 0.025732 0.029905 0.033283 0.036987 0.037291 0.037801 0.038867 0.034939 0.033953 0.038258 0.035972 0.038421 0.032579 0.031861 0.037736 0.035045 0.037687 0.038463 0.037295 0.036161 0.036096 0.032505 0.029616 0.031293 0.025399 0.03137 0.033497 0.031507 0.032653 0.036822 0.036944 0.040628 0.041838 0.043221 0.043518 0.050023 0.051581 0.06022 0.063592 0.064941 0.064126 0.067573 0.05931 0.056151 0.060421 0.062356 0.057946 0.052103 0.050527 0.044688 0.045901 0.046336 0.045434 0.040522 0.042062 0.042077 0.041509 0.045613 0.047349 0.046896 0.052222 0.055088 0.060297 0.064428 0.059737 0.061156 0.060578 0.058612 0.051817 0.046151 0.042674 0.044631 0.042666 0.036733 0.034858 0.03342 0.031783 0.038986 0.036909 0.039867 0.042562 0.040854 0.039346 0.04294 0.043267 0.039554 0.039115 0.043162 0.0403 0.040202 0.038195 0.048563 0.05457 0.056999 0.065227 0.068918 0.063341 0.056394 0.051726 0.043815 0.041281 0.039063 0.037413 0.032768 0.027624 0.026333 0.024686 0.023358 0.027363 0.030509 0.036282 0.034897 0.037426 0.043914 0.053893 0.05261 0.056796 0.058911 0.063786 0.056224 0.053319 0.049983 0.042384 0.036423 0.035648 0.030698 0.027348 0.022667 0.022598 0.022745 0.023236 0.025036 0.029409 0.025962 0.027255 0.035398 0.039176 0.04408 0.052347 0.059363 0.068005 0.080101 0.079896 0.078077 0.08599 0.096127 0.11502 0.12359 0.11969 0.10803 0.091242 0.074831 0.062188 0.052133 0.04344 0.04042 0.032793 0.027352 0.020933 0.023901 0.023226 0.020118 0.021071 0.021307 0.025406 0.028229 0.023383 0.019267 0.023377 0.02265 0.021341 0.018991 0.020727 0.027262 0.043674 0.053795 0.062336 0.064542 0.068211 0.070731 0.065453 0.062637 0.053316 0.042504 0.040965 0.0392 0.034439 0.036797 0.035618 0.029085 0.02978 0.026414 0.02398 0.019673 0.020574 0.018575 0.017323 0.011182 0.010769 0.0086638 0.019888 0.016977 0.012589 0.010929 0.013976 0.013984 0.0085821 0.0070919 0.0090568 0.014527 0.0099955 0.013758 0.016092 0.014269 0.01174 0.013243 0.013437 0.016805 0.014892 0.015373 0.01579 0.013415 0.013554 0.013222 0.016878 0.024339 0.023942 0.018155 0.016782 0.01597 0.019632 0.019698 0.021739 0.024524 0.019725 0.022772 0.017652 0.017379 0.020024 0.020966 0.02031 0.023921 0.020612 0.023276 0.019654 0.011206 0.015501 0.013694 0.020401 0.020979 0.022954 0.028948 0.026479 0.018261 0.017881 0.018759 0.022067 0.018583 0.021809 0.027597 0.024666 0.021382 0.022955 0.024124 0.024705 0.025051 0.027505 0.034113 0.038912 0.034107 0.027446 0.02928 0.031536 0.036827 0.032518 0.037829 0.038499 0.039181 0.043368 0.04945 0.050821 0.056334 0.054684 0.052966 0.048918 0.048938 0.047828 0.046646 0.043842 0.041112 0.04062 0.046541 0.045711 0.047926 0.044127 0.043081 0.039014 0.039656 0.041598 0.04242 0.040164 0.037542 0.034575 0.035146 0.037096 0.038243 0.037778 0.039222 0.042592 0.043759 0.049609 0.053494 0.050026 0.048954 0.050534 0.056054 0.055028 0.060112 0.062744 0.064919 0.067821 0.071098 0.075982 0.073882 0.069599 0.0697 0.07041 0.073439 0.066429 0.069237 0.07302 0.078631 0.071328 0.077809 0.07767 0.075238 0.073258 0.064466 0.053805 0.051794 0.045126 0.047225 0.040576 0.036319 0.041336 0.035205 0.036091 0.027347 0.030236 0.032296 0.028322 0.026677 0.026086 0.026651 0.022659 0.023961 0.019241 0.021 0.022549 0.021478 0.021026 0.020002 0.023071 0.019214 0.02425 0.019825 0.021723 0.025258 0.02543 0.018291 0.020528 0.019587 0.02302 0.022053 0.019574 0.017534 0.02245 0.019824 0.021481 0.023923 0.023589 0.022476 0.023751 0.026727 0.025697 0.024248 0.023431 0.022945 0.026653 0.023991 0.018824 0.019734 0.020916 0.020075 0.017251 0.019258 0.014561 0.015928 0.014468 0.012325 0.011463 0.011363 0.01487 0.020137 0.023015 0.020766 0.017417 0.015945 0.010638 0.011209 0.014136 0.023396 0.032102 0.040008 0.039786 0.034014 0.043298 0.047802 0.051753 0.047036 0.034558 0.032181 0.026807 0.025669 0.025178 0.026107 0.031125 0.030608 0.034764 0.038611 0.044868 0.051885 0.057787 0.070965 0.089748 0.10255 0.11295 0.12185 0.12423 0.12839 0.12638 0.11761 0.10798 0.095208 0.080463 0.07182 0.066044 0.061936 0.059607 0.051115 0.044913 0.043043 0.041397 0.03321 0.036619 0.037382 0.034657 0.029597 0.028445 0.02783 0.02371 0.025944 0.018448 0.01912 0.019146 0.016466 0.015085 0.011995 0.015763 0.014308 0.01456 0.020808 0.019353 0.011028 0.014737 0.015555 0.017134 0.015846 0.014016 0.013153 0.01872 0.013716 0.013196 0.016806 0.013242 0.013997 0.015423 0.015655 0.01784 0.019344 0.017481 0.016828 0.021904 0.026622 0.030707 0.034387 0.031354 0.04089 0.038098 0.042226 0.042844 0.036788 0.03537 0.045653 0.043249 0.042073 0.038855 0.039925 0.042818 0.041675 0.0421 0.03742 0.036566 0.037072 0.029922 0.029384 0.028382 0.021733 0.013585 0.016121 0.016121 0.011902 0.0073706 0.0068889 0.0050137 0.004222 0.0069215 0.0088425 0.0084481 0.007355 0.008029 0.0058434 -0.00056697 0.001655 -0.00037089 0.00052664 0.0066985 0.0065715 0.0054314 0.0051559 0.0033971 -0.0019287 -0.00049679 0.0063829 0.0069975 0.00077338 0.0026964 -0.00035537 0.00048974 -0.0041607 -0.0041788 -0.0020241 0.00018832 0.00084317 0.0036089 0.0045745 0.0014821 0.0069928 0.00054817 -0.0016613 0.0045228 0.0064308 0.0037707 -0.0044348 0.00069628 -6.8504e-05 0.0010578 0.00035183 0.0010272 -0.0030795 0.0018845 0.0041424 0.0055617 0.0043772 -0.0061852 -0.0018845 0.0027182 -0.0018327 -0.0022834 -0.0042484 -0.0032186 -0.0049105 -0.0036455 0.0028773 0.0019748 0.0011755 -0.0022898 -0.0005959 -0.0007479 -0.0055324 -0.0051988 -0.00042665 0.0019332 0.0014452 0.0013788 0.0040199 0.0066838 0.002392 0.0024618 -0.0014033 -0.0054845 -0.001608 -0.0021408 -0.004099 -0.0014723 -0.00065544 0.0036986 0.0015867 0.00059709 -0.00085796 -0.0047037 4.4703e-05 -0.0046045 -0.002289 -0.0014597 0.0020719 -0.00028807 -0.0041592 -0.0045734 -0.0031615 -0.0024734 -0.0031417 -0.00022807 -0.0035359 -0.007186 -0.004604 0.0033179 0.0020681 0.0080168 0.0091975 0.0042204 0.0020489 0.0038361 0.00077867 -0.0028479 -0.0014796 -0.0040722 0.0017904 -0.0026995 0.0051898 -0.00020068
0.0084097 0.0079942 0.01256 0.013085 0.010296 0.017403 0.018626 0.018189 0.018914 0.01701 0.017952 0.015098 0.016057 0.012839 0.018946 0.020067 0.021123 0.016556 0.019402 0.017502 0.016549 0.021216 0.021866 0.026414 0.026448 0.025089 0.028276 0.025782 0.028337 0.031237 0.02922 0.026271 0.025395 0.030495 0.034764 0.031983 0.03163 0.03196 0.033024 0.029389 0.026348 0.027683 0.024629 0.02259 0.020936 0.018029 0.02396 0.026491 0.023335 0.021818 0.020971 0.026184 0.03068 0.033178 0.039092 0.040142 0.043277 0.044688 0.041536 0.041675 0.04518 0.042652 0.044978 0.039508 0.039629 0.044091 0.041925 0.04285 0.041411 0.037018 0.034522 0.035046 0.028629 0.025671 0.028972 0.02658 0.031908 0.034239 0.032593 0.032928 0.038654 0.039895 0.043252 0.044818 0.04585 0.047684 0.054169 0.055477 0.06254 0.065505 0.066902 0.06354 0.064619 0.057064 0.05504 0.058361 0.05872 0.05611 0.053143 0.052224 0.043696 0.046922 0.045842 0.04534 0.0399 0.04212 0.043589 0.045966 0.051282 0.051229 0.052066 0.057602 0.063496 0.065927 0.070253 0.064932 0.064563 0.062131 0.057686 0.050176 0.045124 0.041987 0.042563 0.039563 0.035207 0.032323 0.033899 0.032874 0.04008 0.038812 0.041908 0.042343 0.041155 0.038776 0.043118 0.042705 0.039653 0.037424 0.040232 0.039023 0.036641 0.035298 0.046411 0.05501 0.061895 0.073083 0.075937 0.067623 0.058288 0.049229 0.040226 0.034918 0.034461 0.032854 0.030245 0.024829 0.022247 0.021038 0.020795 0.02724 0.030645 0.037133 0.037498 0.043359 0.050604 0.058378 0.058415 0.060554 0.061001 0.062106 0.051317 0.047825 0.042837 0.034145 0.028912 0.028704 0.023214 0.021616 0.019409 0.016085 0.018354 0.021205 0.023361 0.025939 0.025929 0.026539 0.034191 0.040429 0.047866 0.055822 0.063454 0.071133 0.080787 0.079103 0.077557 0.086485 0.10453 0.12783 0.13651 0.12732 0.10714 0.084319 0.062616 0.04942 0.037847 0.027585 0.025882 0.019576 0.015954 0.012332 0.014609 0.014456 0.012535 0.012407 0.013768 0.018429 0.023102 0.019453 0.017176 0.020474 0.020866 0.020493 0.018194 0.02171 0.030363 0.048616 0.059124 0.065092 0.061215 0.061391 0.058025 0.050706 0.049304 0.045815 0.03647 0.037594 0.034778 0.030415 0.032308 0.029847 0.024287 0.025055 0.020015 0.018018 0.011746 0.014463 0.012652 0.014324 0.0074222 0.005002 0.0047496 0.014947 0.012162 0.0095061 0.0076186 0.011032 0.011985 0.0080501 0.0064498 0.0072143 0.012398 0.0094568 0.011015 0.015394 0.014675 0.012525 0.014541 0.014333 0.016213 0.014141 0.015922 0.016112 0.0148 0.015674 0.015906 0.019755 0.02637 0.026588 0.020187 0.018418 0.01737 0.020125 0.019075 0.020694 0.022948 0.01823 0.021302 0.016348 0.01657 0.017971 0.017553 0.017325 0.021476 0.018085 0.020427 0.019227 0.011093 0.01455 0.011497 0.017912 0.020718 0.02469 0.027652 0.024627 0.017525 0.017893 0.019984 0.022985 0.019001 0.020841 0.024807 0.022135 0.019037 0.019985 0.021038 0.021921 0.023349 0.028092 0.032798 0.035359 0.032109 0.027072 0.028597 0.030238 0.034705 0.03108 0.035718 0.038865 0.039863 0.045155 0.051659 0.054463 0.058152 0.055136 0.05349 0.048608 0.047512 0.047368 0.044624 0.040738 0.037336 0.037426 0.042268 0.041899 0.044394 0.04019 0.037623 0.034905 0.037057 0.039016 0.038714 0.037369 0.036864 0.032213 0.031443 0.035224 0.036437 0.038206 0.038757 0.04037 0.040081 0.04874 0.053228 0.048264 0.048456 0.0505 0.056059 0.055147 0.059682 0.06125 0.063299 0.065942 0.06893 0.072698 0.069865 0.067611 0.066844 0.066217 0.067859 0.061346 0.067242 0.072452 0.077294 0.069038 0.070922 0.065997 0.059373 0.057045 0.050514 0.042158 0.039331 0.035797 0.034822 0.029936 0.025432 0.02954 0.02517 0.026921 0.018402 0.021048 0.022878 0.018932 0.018998 0.019774 0.020807 0.015332 0.018844 0.016783 0.016683 0.019307 0.019776 0.018322 0.016814 0.019153 0.017011 0.02001 0.017518 0.019883 0.022258 0.021848 0.015987 0.017215 0.017757 0.020276 0.018952 0.016696 0.014595 0.019952 0.018196 0.021723 0.023246 0.021295 0.018371 0.021285 0.024567 0.023747 0.021157 0.02281 0.021722 0.022905 0.021092 0.016761 0.017059 0.018214 0.018387 0.014953 0.016434 0.013802 0.012251 0.009883 0.010647 0.012151 0.0099336 0.013717 0.019475 0.022795 0.020415 0.017566 0.016821 0.012973 0.014886 0.017611 0.029414 0.042346 0.049163 0.049006 0.044767 0.05333 0.056139 0.057671 0.049125 0.038793 0.037356 0.032324 0.029607 0.029369 0.029133 0.031913 0.033002 0.036672 0.041547 0.046761 0.055391 0.060591 0.076598 0.10293 0.11895 0.13209 0.14036 0.14126 0.14615 0.14321 0.13222 0.11711 0.096869 0.078887 0.06851 0.061278 0.057391 0.053172 0.043787 0.037401 0.035535 0.034152 0.028258 0.032276 0.032438 0.030459 0.024521 0.023044 0.023495 0.019101 0.021692 0.013293 0.0131 0.012925 0.010403 0.0095895 0.006941 0.01204 0.010479 0.010644 0.014713 0.01381 0.0080472 0.010991 0.01256 0.015093 0.015449 0.014077 0.013637 0.017096 0.012133 0.0099681 0.014255 0.012975 0.015096 0.015704 0.017322 0.020418 0.020019 0.021008 0.021266 0.027212 0.030883 0.035491 0.039986 0.034154 0.040963 0.03834 0.043051 0.043107 0.037408 0.036438 0.045544 0.045216 0.044954 0.039093 0.039066 0.040252 0.038104 0.039183 0.035658 0.034612 0.034521 0.028224 0.026795 0.024757 0.018311 0.010941 0.011907 0.0089636 0.0089114 0.0053672 0.003517 0.0021392 0.0024128 0.0037723 0.0056987 0.0049382 0.0037294 0.0024899 0.003247 -0.0020484 0.0018848 -0.0010557 0.0017638 0.0054888 0.0043356 0.0038893 0.0030285 0.00039718 -0.0045504 -0.0031627 0.00099741 0.0019924 -0.0018617 0.0010297 -0.0026039 -0.0031588 -0.0049022 -0.0047548 -0.0042862 -0.0027695 8.0179e-05 0.0022202 0.0030339 0.001096 0.0057487 0.0013962 -0.00025126 0.0024751 0.0050544 0.0036021 -0.0041154 0.0027426 -0.00067834 -0.00047325 -0.00010637 0.00077814 -0.0059284 -0.0012289 0.0016333 0.0015126 0.0023871 -0.0051708 -0.0012334 0.0030083 -0.0020317 -0.0043849 -0.0035913 -0.0021586 -0.0050055 -0.0019513 0.0021988 0.00038323 -0.0015997 -0.0041182 -0.00028226 -8.32e-07 -0.0036175 -0.0041438 -0.001911 0.00046017 0.0021726 0.00092798 0.0015338 0.0035555 0.00010973 -0.0014764 -0.0020593 -0.0045774 -0.00032144 0.0017492 -0.00062922 -0.00097916 -0.0017013 0.00096703 -8.8865e-05 -0.0042357 -0.0021811 -0.0038066 -0.0014267 -0.0038564 -0.0010545 0.00081499 0.0042138 0.0019093 -0.0032986 -0.0047081 -0.0042927 -0.003729 -0.0030094 -0.00083232 -0.0032334 -0.0070664 -0.0058144 0.0015112 0.00033174 0.0068514 0.009206 0.0033528 0.0015313 0.0026548 -0.00084756 -0.0039876 -0.0030556 -0.0039709 0.0011544 -0.0049998 0.0012304 -0.0036943
0.012529 0.013897 0.017951 0.01883 0.01728 0.022651 0.023502 0.023097 0.021851 0.021611 0.021992 0.019093 0.022187 0.017407 0.022113 0.024086 0.025462 0.020391 0.022175 0.019304 0.01775 0.022142 0.022621 0.026392 0.026654 0.026902 0.029493 0.028667 0.029904 0.03274 0.031237 0.028827 0.029047 0.03319 0.036684 0.03265 0.03248 0.031371 0.032701 0.030338 0.028304 0.029847 0.027805 0.025513 0.02397 0.020574 0.023175 0.028063 0.02612 0.023778 0.022773 0.026644 0.031578 0.033068 0.04094 0.04179 0.047412 0.048432 0.046275 0.048083 0.050392 0.048516 0.050093 0.045494 0.046626 0.049438 0.047417 0.046625 0.042531 0.036325 0.03364 0.033834 0.026151 0.022627 0.026568 0.028167 0.032536 0.034218 0.03368 0.033373 0.038825 0.04069 0.043637 0.045883 0.04734 0.04937 0.055303 0.056889 0.062177 0.065454 0.066295 0.06149 0.061509 0.054518 0.053603 0.056819 0.05515 0.055091 0.054689 0.055399 0.044999 0.04872 0.046369 0.046626 0.041208 0.043071 0.045821 0.050724 0.057312 0.055712 0.056456 0.061349 0.070425 0.070615 0.074811 0.070397 0.067431 0.063288 0.056547 0.048866 0.045138 0.042309 0.041102 0.037199 0.034372 0.03121 0.035753 0.035383 0.040625 0.040217 0.044063 0.043004 0.042261 0.039199 0.043696 0.041009 0.038976 0.035143 0.037406 0.037849 0.033298 0.032554 0.043401 0.054674 0.067011 0.078226 0.079207 0.069366 0.058176 0.045649 0.037719 0.029952 0.030517 0.028071 0.027375 0.022121 0.018863 0.017759 0.019658 0.027443 0.030472 0.036739 0.038729 0.047947 0.054376 0.059222 0.061126 0.062178 0.061254 0.059023 0.046244 0.041783 0.03645 0.028791 0.023349 0.022869 0.017094 0.016774 0.017262 0.011237 0.015836 0.021343 0.024009 0.023419 0.026073 0.026764 0.0338 0.04179 0.050975 0.057237 0.063506 0.069415 0.076334 0.075891 0.074507 0.084624 0.10915 0.1339 0.14337 0.13012 0.10437 0.078639 0.053407 0.040097 0.028251 0.016387 0.016001 0.011747 0.010612 0.0090209 0.0094992 0.0099742 0.0091402 0.0079981 0.010313 0.014655 0.019034 0.016798 0.016189 0.018886 0.019447 0.021822 0.018031 0.022558 0.032649 0.050252 0.059036 0.061726 0.053107 0.05192 0.045836 0.038078 0.037694 0.039595 0.032004 0.0341 0.030674 0.027358 0.028924 0.026907 0.022268 0.023047 0.016899 0.015084 0.0078042 0.0121 0.0095704 0.014046 0.0066774 0.0023185 0.0036696 0.011386 0.009464 0.0083289 0.0065585 0.0094045 0.011044 0.0083409 0.0060043 0.0054802 0.010152 0.0092584 0.008915 0.013899 0.013549 0.013811 0.015978 0.014812 0.015337 0.013247 0.017554 0.017167 0.016306 0.017768 0.018663 0.02256 0.027415 0.027685 0.021062 0.018644 0.018476 0.020056 0.017237 0.018504 0.019758 0.015425 0.018404 0.014796 0.016259 0.015286 0.014759 0.014666 0.018013 0.01515 0.017129 0.018665 0.011662 0.013994 0.010956 0.015409 0.019472 0.024998 0.025771 0.021693 0.0167 0.018156 0.020744 0.023466 0.018075 0.018218 0.020344 0.018815 0.016039 0.016392 0.018757 0.019164 0.02062 0.02696 0.030451 0.029758 0.02794 0.024828 0.026639 0.029069 0.032678 0.031113 0.03347 0.038104 0.03922 0.044209 0.051413 0.05442 0.057244 0.05339 0.051993 0.046376 0.044028 0.045938 0.042784 0.037127 0.033041 0.034737 0.038474 0.037523 0.039102 0.035136 0.033056 0.032304 0.035559 0.035701 0.034493 0.034513 0.03647 0.030418 0.029734 0.035441 0.035189 0.038504 0.038537 0.037458 0.036961 0.046816 0.050561 0.045139 0.047565 0.049573 0.054843 0.052673 0.056286 0.057486 0.059442 0.062727 0.064524 0.067042 0.063786 0.064416 0.063821 0.062211 0.061566 0.055418 0.064008 0.071103 0.074579 0.065474 0.063047 0.054844 0.04594 0.043594 0.04 0.03379 0.029985 0.029752 0.026737 0.024353 0.019354 0.022069 0.019746 0.021976 0.015 0.016943 0.017588 0.013754 0.016361 0.017741 0.018031 0.011419 0.016028 0.016718 0.014873 0.017787 0.018741 0.01731 0.015465 0.016823 0.017158 0.018554 0.017045 0.018492 0.018527 0.017913 0.013828 0.013245 0.015819 0.017841 0.015947 0.013016 0.011588 0.01696 0.01665 0.020008 0.021592 0.018497 0.014261 0.018059 0.021794 0.022149 0.018225 0.022314 0.01982 0.019021 0.017747 0.014732 0.014263 0.014124 0.015303 0.012102 0.01312 0.012184 0.0085566 0.0061509 0.0089477 0.012521 0.0082137 0.012672 0.017933 0.021142 0.019624 0.018339 0.01861 0.016413 0.018449 0.022248 0.035713 0.050643 0.056031 0.056815 0.055653 0.062565 0.063203 0.06239 0.052372 0.044256 0.043575 0.038585 0.03468 0.035697 0.034249 0.034494 0.036174 0.039709 0.043341 0.047135 0.056796 0.061607 0.079886 0.1109 0.12941 0.14481 0.15234 0.15199 0.15774 0.1538 0.14163 0.12322 0.098091 0.078904 0.066465 0.059172 0.055298 0.049538 0.040051 0.033963 0.032567 0.02991 0.027134 0.031435 0.030491 0.028411 0.022937 0.020632 0.022096 0.018118 0.019248 0.011451 0.010217 0.0093681 0.0071843 0.0072429 0.0033106 0.010253 0.0073039 0.0070697 0.010198 0.0096209 0.0073463 0.009337 0.011291 0.014114 0.016143 0.015346 0.014829 0.015995 0.0097708 0.007375 0.011671 0.011821 0.015767 0.01504 0.018215 0.022363 0.020127 0.023298 0.0244 0.030109 0.033536 0.03809 0.042599 0.034511 0.03801 0.036547 0.04041 0.040563 0.035879 0.034826 0.04218 0.043498 0.044676 0.037315 0.035847 0.036515 0.033948 0.035314 0.033288 0.031326 0.030507 0.026763 0.025756 0.022301 0.016343 0.0089076 0.0094919 0.0048991 0.008381 0.0057209 0.0022974 0.0014495 0.0033081 0.0028969 0.003872 0.0025141 0.001951 -0.0012994 0.00098673 -0.0021501 0.0019882 -8.5823e-05 0.004131 0.0049089 0.0028397 0.0039966 0.0032023 -0.00018109 -0.0045836 -0.0043575 -0.0034234 -0.0019925 -0.00367 -4.6931e-05 -0.004434 -0.0053585 -0.0047109 -0.0051279 -0.0064186 -0.0046509 0.00058751 0.00055343 0.00085993 0.0004998 0.0034857 0.0014519 -5.405e-05 -2.3011e-05 0.002746 0.0024415 -0.004261 0.0041823 -0.0011498 -0.0012024 4.3113e-05 0.00019605 -0.0074587 -0.0036181 -0.00020698 -0.0023363 0.00093828 -0.0031347 -0.0011028 0.0024153 -0.0036582 -0.006726 -0.0029648 -0.0023473 -0.0046423 -0.00054598 0.001316 -0.00057392 -0.0028702 -0.0049481 -0.00038585 0.00019173 -0.00093201 -0.0018424 -0.0024323 -0.00018293 0.00083006 -0.0011305 -0.0016718 -0.00084124 -0.0025829 -0.0049329 -0.0030822 -0.0049561 2.8716e-05 0.0047 0.0023436 0.00033408 -0.001777 -0.0015395 -0.0015616 -0.0068547 -0.0020072 -0.0018548 -0.0026297 -0.0034787 -0.000456 0.0015449 0.003622 0.0032735 -0.0021205 -0.0039934 -0.0039976 -0.0028098 -0.0036131 -0.0029299 -0.0032287 -0.0058242 -0.0052368 0.0012489 -0.0003151 0.0054998 0.0085 0.0019996 0.0010149 0.0017418 -0.0018586 -0.005274 -0.0050997 -0.0041289 -0.00066642 -0.0082272 -0.0032067 -0.0070657
0.025316 0.029557 0.031965 0.032835 0.03242 0.036525 0.035016 0.035203 0.032892 0.034207 0.032912 0.029333 0.034572 0.027311 0.030464 0.033306 0.034529 0.028637 0.028597 0.026254 0.024863 0.026641 0.027755 0.02852 0.029739 0.031329 0.033748 0.033966 0.033903 0.035465 0.035385 0.033521 0.033929 0.03647 0.040288 0.035069 0.034151 0.032024 0.033753 0.031909 0.03112 0.032291 0.031071 0.028592 0.027177 0.023705 0.022671 0.029926 0.030081 0.026198 0.024973 0.027192 0.032182 0.033223 0.042887 0.042816 0.049895 0.050027 0.049039 0.052501 0.053471 0.053155 0.053849 0.049807 0.051861 0.053203 0.051742 0.048965 0.042502 0.036053 0.034658 0.033164 0.026145 0.021696 0.025509 0.030393 0.033383 0.034083 0.035392 0.034538 0.037537 0.039656 0.043776 0.046189 0.048071 0.049382 0.054857 0.056272 0.059589 0.06394 0.063603 0.059551 0.060321 0.053425 0.052841 0.056926 0.053057 0.055258 0.057285 0.059748 0.048918 0.051735 0.048137 0.049616 0.044766 0.045372 0.048572 0.055254 0.062394 0.060012 0.059437 0.06341 0.075395 0.074941 0.078651 0.076139 0.070395 0.064659 0.056502 0.048771 0.046287 0.043595 0.040981 0.036228 0.034585 0.031147 0.038243 0.038587 0.040266 0.040834 0.045835 0.044437 0.04433 0.040987 0.044157 0.038306 0.038398 0.033603 0.035851 0.036523 0.031012 0.030507 0.040674 0.054146 0.071977 0.079975 0.078945 0.068912 0.057135 0.042545 0.036919 0.027586 0.028434 0.023439 0.024163 0.020245 0.017367 0.015144 0.019182 0.027429 0.030513 0.035875 0.03834 0.049859 0.054721 0.056497 0.060421 0.061528 0.06046 0.055178 0.041909 0.036873 0.032051 0.027583 0.021151 0.019101 0.013371 0.013622 0.016093 0.0077436 0.014686 0.023235 0.025955 0.021516 0.025467 0.027131 0.034163 0.042524 0.052678 0.057054 0.060164 0.064261 0.069064 0.072347 0.071007 0.081888 0.10999 0.13303 0.14382 0.12827 0.10147 0.076482 0.048987 0.036082 0.024365 0.011323 0.011837 0.0096625 0.010735 0.009558 0.0080298 0.008799 0.0084488 0.0067156 0.0096631 0.013241 0.015821 0.014785 0.016283 0.018981 0.018748 0.024531 0.018562 0.023219 0.034022 0.049084 0.05398 0.053993 0.043128 0.042195 0.036694 0.029793 0.03006 0.035567 0.030044 0.031565 0.028116 0.025737 0.027165 0.026319 0.022729 0.02314 0.017067 0.015149 0.0077788 0.013121 0.0089153 0.015855 0.0087312 0.0028322 0.0046809 0.0093998 0.008366 0.0084767 0.0069755 0.0084595 0.010468 0.0088269 0.0053566 0.0038975 0.0078634 0.0083573 0.0074095 0.011142 0.010599 0.014868 0.017032 0.014501 0.014272 0.012415 0.020169 0.018665 0.017061 0.018682 0.020712 0.024578 0.027164 0.026697 0.020304 0.016833 0.018032 0.019256 0.014555 0.01567 0.015657 0.01211 0.014366 0.012535 0.015834 0.012644 0.012711 0.013053 0.014311 0.012207 0.014285 0.018303 0.01302 0.013408 0.011312 0.013244 0.017031 0.023733 0.023359 0.018034 0.014897 0.017727 0.020813 0.02376 0.015381 0.014182 0.015261 0.01502 0.013477 0.012959 0.017171 0.016698 0.017836 0.024743 0.028029 0.023586 0.022178 0.0207 0.023078 0.027551 0.03053 0.032453 0.031222 0.036624 0.037875 0.041297 0.049851 0.051547 0.054383 0.050493 0.048657 0.042525 0.038929 0.043742 0.041745 0.03346 0.028888 0.033006 0.035213 0.033517 0.033345 0.02986 0.029619 0.031348 0.034318 0.031683 0.03 0.031163 0.035964 0.028894 0.029411 0.036261 0.033237 0.037348 0.037683 0.033994 0.034024 0.044195 0.046605 0.041204 0.045619 0.047623 0.052897 0.048885 0.051435 0.052639 0.053874 0.059235 0.059278 0.061078 0.057503 0.060875 0.061293 0.059342 0.05593 0.049796 0.060266 0.068759 0.070846 0.060674 0.054795 0.046395 0.037618 0.035349 0.034812 0.030159 0.025038 0.027513 0.023727 0.022931 0.017286 0.018787 0.018026 0.020618 0.015722 0.016419 0.01579 0.01191 0.017082 0.018227 0.016592 0.010242 0.014853 0.017039 0.013394 0.01624 0.016603 0.015986 0.014022 0.01491 0.017477 0.017563 0.016659 0.016186 0.014075 0.013169 0.010361 0.0086853 0.013319 0.015321 0.01166 0.0073974 0.0077472 0.01315 0.014712 0.015829 0.01873 0.015582 0.010275 0.013824 0.017915 0.019637 0.015392 0.02125 0.016644 0.014845 0.013776 0.012185 0.011394 0.0083111 0.010432 0.0082062 0.009471 0.009403 0.0042883 0.0032103 0.0072559 0.011945 0.0061343 0.011427 0.015292 0.017995 0.018149 0.020013 0.020989 0.020627 0.021316 0.027683 0.041204 0.055727 0.059971 0.063328 0.06564 0.070422 0.069256 0.067234 0.057638 0.051282 0.050633 0.045229 0.040601 0.043845 0.04148 0.038941 0.039691 0.044003 0.044732 0.04633 0.056192 0.061633 0.080698 0.11302 0.13321 0.15012 0.15667 0.15589 0.16245 0.1574 0.14473 0.12525 0.098667 0.080202 0.06528 0.058722 0.054435 0.047143 0.038035 0.033037 0.03292 0.027787 0.028422 0.032187 0.030124 0.02754 0.023528 0.02071 0.022545 0.019654 0.017709 0.011701 0.0097141 0.0086395 0.0061805 0.0075634 0.00089679 0.0090093 0.0036557 0.0028167 0.0063694 0.0061345 0.0078442 0.0081955 0.010468 0.012791 0.016057 0.01597 0.014825 0.014115 0.0063142 0.0054531 0.0099028 0.0096991 0.015436 0.013712 0.018385 0.023871 0.020059 0.024137 0.02604 0.030193 0.034528 0.038412 0.041955 0.033073 0.033592 0.034575 0.036755 0.037274 0.033701 0.032006 0.037342 0.039349 0.041298 0.034267 0.031709 0.032528 0.030018 0.03154 0.031266 0.027764 0.025626 0.02572 0.026592 0.021713 0.016137 0.0076415 0.0095598 0.0041896 0.0091934 0.0073887 0.0031305 0.0027527 0.0059488 0.0033838 0.0031773 0.0015646 0.0020163 -0.0026256 -0.0010229 -0.0013072 0.0015375 0.0021804 0.006778 0.0045135 0.0020232 0.0049436 0.0044361 0.00084978 -0.0024835 -0.004218 -0.0066072 -0.0047266 -0.0049313 -0.001172 -0.0061506 -0.0063177 -0.0040023 -0.0052961 -0.0084014 -0.0053874 0.0017349 -0.0017429 -0.0022453 -0.0013313 0.00027868 0.00042933 -0.0014372 -0.0030485 -0.0005231 -0.00038281 -0.0060522 0.004076 -0.0015983 -0.0013231 0.00033187 -0.0013455 -0.0081756 -0.0050825 -0.0014882 -0.0056611 -0.0003198 -0.0014987 -0.0020439 0.00078899 -0.0066161 -0.0092645 -0.0021812 -0.0035086 -0.0038503 7.9271e-06 0.00012668 -0.0010475 -0.0025009 -0.005319 -0.0011372 -0.00056133 0.0013936 0.00087611 -0.0020168 0.00015798 -0.0020158 -0.0046319 -0.0049696 -0.0056601 -0.0054977 -0.0072941 -0.0047539 -0.0072489 -0.00092181 0.0059135 0.0032344 0.0017003 -0.00097105 -0.0032324 -0.0024208 -0.0070893 -0.00034476 0.00038164 -0.0032922 -0.0037678 -0.001564 -2.345e-07 0.00069951 0.003818 -0.00045347 -0.002506 -0.0025767 -0.00040071 -0.0051378 -0.0066707 -0.003757 -0.0041872 -0.0032613 0.0021564 0.00010596 0.0041379 0.0072625 0.00059294 0.00063394 0.001189 -0.002327 -0.006832 -0.0076534 -0.0052355 -0.00423 -0.011834 -0.0070546 -0.0098363
0.049213 0.057231 0.057222 0.05757 0.05786 0.061919 0.056323 0.057358 0.05571 0.058565 0.054801 0.050165 0.055993 0.04496 0.047533 0.050892 0.050518 0.043978 0.041472 0.04057 0.04062 0.037211 0.038299 0.034248 0.036881 0.039249 0.042304 0.04215 0.039564 0.039079 0.040821 0.039303 0.038683 0.038773 0.044675 0.03851 0.035791 0.033065 0.034631 0.032748 0.033213 0.03392 0.033561 0.030432 0.028918 0.026546 0.022319 0.031154 0.034354 0.028353 0.026913 0.027386 0.031781 0.033757 0.044934 0.043575 0.050344 0.049251 0.049659 0.054265 0.053669 0.055717 0.056246 0.051959 0.054354 0.054561 0.054853 0.049489 0.041575 0.036215 0.03763 0.032979 0.02819 0.022865 0.026163 0.032972 0.034217 0.03383 0.038143 0.036574 0.03517 0.037056 0.045205 0.046377 0.047698 0.048289 0.053715 0.053839 0.054482 0.060649 0.058852 0.05827 0.061645 0.054221 0.052624 0.058107 0.052418 0.055231 0.060191 0.064034 0.054568 0.055565 0.050537 0.053856 0.04985 0.048484 0.050808 0.058484 0.06489 0.062726 0.060043 0.063439 0.07784 0.078643 0.081594 0.081497 0.073667 0.066323 0.05814 0.050004 0.047803 0.044835 0.04199 0.036138 0.034977 0.030854 0.039899 0.041198 0.038263 0.040265 0.046308 0.045931 0.046775 0.043817 0.043572 0.034256 0.038059 0.033047 0.035746 0.034284 0.030135 0.029258 0.038891 0.053234 0.075749 0.077801 0.075416 0.066236 0.055706 0.040576 0.037397 0.028058 0.028464 0.01866 0.019999 0.019199 0.017973 0.01307 0.01808 0.02621 0.031225 0.035426 0.036014 0.04808 0.05161 0.050335 0.056123 0.058377 0.059011 0.050661 0.038585 0.034059 0.029926 0.030252 0.022511 0.017358 0.012209 0.012445 0.015546 0.0048173 0.01366 0.02578 0.027414 0.019505 0.023257 0.026129 0.034246 0.04124 0.051612 0.055363 0.054249 0.056953 0.06052 0.068787 0.067479 0.078188 0.10603 0.12456 0.13706 0.12092 0.098075 0.077669 0.048666 0.037025 0.025164 0.01148 0.012362 0.012012 0.014709 0.012078 0.0093848 0.0093765 0.0087656 0.0067463 0.0098606 0.012802 0.013209 0.012961 0.017537 0.020568 0.018501 0.026929 0.019125 0.023348 0.033966 0.045522 0.044676 0.043587 0.033455 0.03321 0.030906 0.025561 0.026397 0.032891 0.030048 0.030505 0.027923 0.025511 0.027044 0.026486 0.024479 0.023764 0.019291 0.01704 0.010712 0.016511 0.009838 0.018859 0.013255 0.0063995 0.0070015 0.0094932 0.0082567 0.009385 0.0080077 0.0076141 0.009496 0.0089723 0.004193 0.0025796 0.0058783 0.0059978 0.0057 0.0064824 0.0059363 0.014691 0.016956 0.012582 0.013021 0.011769 0.023022 0.019789 0.016396 0.017467 0.021439 0.025173 0.025301 0.022846 0.017307 0.012669 0.01484 0.017023 0.011285 0.012744 0.011105 0.0089295 0.0092019 0.0088982 0.014606 0.010835 0.011068 0.012671 0.010933 0.0095085 0.012486 0.01808 0.015121 0.012317 0.011161 0.011236 0.013061 0.021047 0.020234 0.014082 0.011512 0.015557 0.019905 0.024148 0.010476 0.0088706 0.010097 0.010977 0.012585 0.010869 0.016131 0.014469 0.015956 0.022251 0.026649 0.018141 0.01574 0.014798 0.017934 0.025041 0.027289 0.034023 0.028706 0.034393 0.035756 0.037083 0.047405 0.046214 0.04968 0.046474 0.043141 0.036598 0.031779 0.040149 0.041365 0.029907 0.025258 0.032198 0.031736 0.030249 0.027681 0.024837 0.026601 0.031192 0.031704 0.026991 0.025073 0.026515 0.034761 0.027114 0.02925 0.035563 0.028925 0.033254 0.035184 0.030328 0.030597 0.041325 0.04242 0.036885 0.041608 0.04435 0.050109 0.044648 0.04643 0.047365 0.04635 0.055566 0.053903 0.055547 0.051575 0.05668 0.0588 0.057455 0.051195 0.044268 0.05549 0.064351 0.065875 0.054193 0.046125 0.04204 0.035703 0.032915 0.03475 0.030852 0.023976 0.028503 0.024959 0.023181 0.017474 0.018365 0.018113 0.021793 0.019025 0.017749 0.016475 0.011937 0.019572 0.019634 0.014954 0.01131 0.015026 0.016221 0.010291 0.013216 0.01205 0.012786 0.010797 0.012726 0.016181 0.014787 0.014929 0.011977 0.0098386 0.0078453 0.0049576 0.0045551 0.010297 0.012708 0.0051297 -0.00094206 0.0027566 0.0083431 0.011815 0.0092515 0.014909 0.013241 0.0063491 0.0081504 0.01281 0.015167 0.012422 0.018506 0.012034 0.0099997 0.0089366 0.0083706 0.0085643 0.00057236 0.0036694 0.0027323 0.0052529 0.0052834 -0.0011748 0.00059399 0.0058993 0.010227 0.0039111 0.010311 0.011829 0.013491 0.01589 0.022931 0.023983 0.025653 0.023328 0.033533 0.044625 0.056497 0.060899 0.068624 0.072968 0.075228 0.073639 0.07299 0.0646 0.059428 0.058193 0.051749 0.046758 0.052996 0.05006 0.04462 0.042904 0.049028 0.046276 0.045007 0.053547 0.060939 0.078941 0.10906 0.12974 0.14699 0.15202 0.1519 0.15855 0.15255 0.13981 0.12152 0.097168 0.081186 0.063421 0.057564 0.05272 0.043256 0.03477 0.032377 0.034644 0.026312 0.030173 0.032527 0.029359 0.026329 0.024607 0.022356 0.023619 0.022119 0.016105 0.013017 0.011251 0.010897 0.0068289 0.010172 1.6958e-05 0.0072698 -0.001148 -0.0026128 0.0023914 0.0033627 0.0089358 0.0062793 0.0087773 0.010391 0.014227 0.01451 0.012478 0.010435 0.0021891 0.0042682 0.0096396 0.0066339 0.013684 0.012186 0.017904 0.024786 0.020107 0.023455 0.025937 0.027242 0.03354 0.035922 0.03759 0.029921 0.028523 0.033438 0.033804 0.034346 0.031639 0.028461 0.03183 0.033448 0.03459 0.030025 0.027396 0.028041 0.026104 0.02782 0.029526 0.024274 0.019896 0.024731 0.028867 0.022814 0.017323 0.0070444 0.012051 0.0063038 0.0099821 0.0092957 0.006019 0.0060765 0.0093935 0.0039477 0.0034178 0.0021231 0.0036104 -0.0012029 -0.0025249 0.00015925 0.00095647 0.0056186 0.0088545 0.00394 0.0017044 0.0056497 0.0055136 0.0020599 0.00041235 -0.0031131 -0.0086152 -0.006285 -0.0058138 -0.0027155 -0.0078688 -0.0068352 -0.00305 -0.0050779 -0.010299 -0.0051123 0.0030157 -0.0049011 -0.0061001 -0.0052323 -0.0039416 -0.0015895 -0.0043036 -0.0068077 -0.0043871 -0.0047673 -0.0098109 0.0020408 -0.0014966 -0.00038933 0.00053391 -0.003828 -0.0088054 -0.005887 -0.0021583 -0.0080921 -0.0017304 -0.0014373 -0.0041119 -0.00177 -0.010225 -0.011932 -0.0010034 -0.0049615 -0.0028765 -0.00063243 -0.0011307 -0.001242 -0.00086371 -0.0056964 -0.0021751 -0.0024949 0.0023676 0.0032951 -0.00073054 0.0016114 -0.0047702 -0.0086382 -0.0070367 -0.0096629 -0.0082153 -0.0080761 -0.0069095 -0.011251 -0.0030325 0.0053901 0.0011996 0.0021146 0.00063899 -0.0036982 -0.0022581 -0.0052286 0.0026393 0.0023563 -0.0032846 -0.0046577 -0.004888 -0.003897 -0.0033833 0.0041675 0.002183 -0.00058708 -0.000576 0.0024602 -0.0074803 -0.011395 -0.004337 -0.0025453 -7.4206e-05 0.0038826 0.0020172 0.0032841 0.0059198 -7.2901e-05 0.00038143 0.00083671 -0.0024037 -0.008722 -0.010334 -0.0074383 -0.009442 -0.015149 -0.0094033 -0.011633
0.087874 0.099691 0.097163 0.096294 0.096546 0.10218 0.092533 0.093621 0.095148 0.099516 0.093161 0.087834 0.090428 0.074484 0.078079 0.08113 0.077013 0.070447 0.065175 0.065291 0.068056 0.056825 0.055087 0.045261 0.048964 0.050671 0.055251 0.05245 0.045026 0.04225 0.045622 0.043477 0.040904 0.038146 0.048217 0.041488 0.036268 0.032809 0.032835 0.030663 0.032267 0.033422 0.033888 0.029227 0.02673 0.026973 0.021088 0.029928 0.037029 0.028784 0.027078 0.025949 0.029137 0.034364 0.046158 0.043246 0.047477 0.044784 0.04678 0.052044 0.049083 0.054051 0.056151 0.050897 0.052102 0.051403 0.055088 0.046391 0.038474 0.035075 0.041037 0.032021 0.030019 0.024472 0.027248 0.034372 0.033753 0.032586 0.041575 0.038823 0.032353 0.032477 0.047974 0.045428 0.04439 0.045731 0.05117 0.048864 0.045548 0.053811 0.050933 0.056637 0.063865 0.055396 0.051409 0.057667 0.051778 0.051778 0.060855 0.065549 0.059331 0.058235 0.051581 0.057583 0.054362 0.050418 0.049991 0.05818 0.06242 0.061373 0.056568 0.060406 0.076159 0.079402 0.081633 0.084203 0.076163 0.067279 0.060557 0.0516 0.047672 0.043531 0.042652 0.034936 0.033035 0.028288 0.038223 0.040546 0.033066 0.037502 0.043667 0.045757 0.047565 0.046184 0.040833 0.028258 0.036851 0.031952 0.035846 0.029934 0.03031 0.028676 0.037916 0.050373 0.075673 0.070337 0.067911 0.060452 0.053419 0.038995 0.037405 0.030716 0.029693 0.012816 0.013619 0.018173 0.019712 0.010942 0.014747 0.022184 0.032249 0.035841 0.031056 0.041312 0.044603 0.040264 0.047651 0.051888 0.056233 0.044889 0.036098 0.033666 0.02949 0.034927 0.026195 0.016459 0.01268 0.013139 0.015295 0.0017961 0.010878 0.026979 0.025731 0.016338 0.018469 0.021344 0.031716 0.035879 0.045473 0.051587 0.046234 0.047979 0.050468 0.063032 0.062152 0.071336 0.094042 0.10617 0.12073 0.10541 0.091003 0.078919 0.049341 0.040609 0.028391 0.014193 0.015042 0.016377 0.020115 0.014499 0.012821 0.010213 0.0089768 0.006293 0.0087443 0.011778 0.01112 0.011478 0.020002 0.022808 0.017319 0.025891 0.017836 0.021647 0.031025 0.039089 0.03181 0.032014 0.02501 0.024405 0.026592 0.022861 0.0247 0.029023 0.029984 0.030813 0.030617 0.026239 0.027952 0.024486 0.025247 0.022582 0.020877 0.01831 0.014736 0.020547 0.01105 0.021579 0.019814 0.01287 0.010374 0.012641 0.0087204 0.010603 0.0091465 0.0068112 0.007455 0.0083058 0.0020931 0.0015398 0.0048815 0.0019425 0.0020858 -0.00069862 -0.00013239 0.011597 0.014778 0.0075673 0.011605 0.011431 0.024349 0.018918 0.013632 0.013121 0.020089 0.023475 0.021073 0.014945 0.011096 0.0061579 0.0074977 0.011366 0.0071644 0.010322 0.006347 0.0061661 0.0027329 0.0031608 0.011966 0.010778 0.0089688 0.0128 0.007903 0.006857 0.011706 0.017209 0.017404 0.010235 0.0084858 0.0084202 0.0068535 0.017079 0.015936 0.010417 0.0067665 0.010818 0.017377 0.024535 0.0027343 0.0021181 0.0048485 0.0068945 0.01469 0.011604 0.015607 0.011857 0.0156 0.020082 0.027461 0.014459 0.010114 0.0075822 0.01185 0.020919 0.021233 0.033751 0.024802 0.030399 0.031258 0.031578 0.042933 0.037571 0.042165 0.040084 0.034471 0.027486 0.021299 0.033104 0.040304 0.02637 0.022454 0.031773 0.026513 0.027553 0.021797 0.020129 0.022646 0.030163 0.025468 0.021795 0.019162 0.019216 0.031799 0.024276 0.027438 0.031041 0.02066 0.024739 0.030108 0.027164 0.025744 0.038259 0.038258 0.032237 0.034067 0.039122 0.045524 0.04 0.041669 0.041406 0.035707 0.050203 0.04796 0.049224 0.04489 0.04973 0.054537 0.054967 0.046118 0.037158 0.047379 0.055541 0.058607 0.045171 0.036716 0.042567 0.0404 0.035345 0.037347 0.033436 0.024508 0.031035 0.028186 0.021292 0.017602 0.018478 0.017149 0.024291 0.023524 0.019424 0.018379 0.012145 0.022841 0.020981 0.012393 0.014414 0.016732 0.013398 0.0040452 0.007895 0.0044967 0.0068251 0.0043329 0.010067 0.012118 0.0085601 0.010867 0.0051309 0.0075872 0.0031598 -0.0019468 0.0024669 0.0070591 0.010568 -0.0039754 -0.012068 -0.0033088 0.0024581 0.0071335 0.00081182 0.010865 0.012514 0.0021385 0.00030909 0.0066839 0.0079021 0.0086697 0.012154 0.0062928 0.0038672 0.0030545 0.0024145 0.0061428 -0.0087849 -0.004356 -0.0045936 -6.7799e-05 -0.00021511 -0.0083756 -0.0027201 0.0051304 0.0074835 0.0020282 0.010529 0.0083963 0.0080009 0.013052 0.027114 0.027666 0.031173 0.024086 0.038653 0.043856 0.051046 0.058185 0.071327 0.073786 0.072961 0.073557 0.078773 0.070816 0.066318 0.064968 0.056619 0.051466 0.061111 0.057684 0.049483 0.04444 0.052826 0.047621 0.043418 0.047949 0.058336 0.073784 0.097937 0.11683 0.13233 0.13495 0.13666 0.14147 0.13583 0.12333 0.10856 0.090019 0.077992 0.05815 0.051968 0.047277 0.034523 0.02672 0.029117 0.034984 0.023664 0.030019 0.030418 0.025343 0.022408 0.02408 0.024075 0.02417 0.023485 0.013107 0.014364 0.014693 0.015998 0.0088968 0.014787 0.0012308 0.0042165 -0.007421 -0.0091384 -0.0020403 0.0024477 0.010451 0.0026672 0.0047682 0.0068474 0.010289 0.0097355 0.0073097 0.0042086 -0.001498 0.0038202 0.011043 0.0024056 0.010052 0.010879 0.016543 0.024006 0.020027 0.020901 0.023703 0.021078 0.029534 0.029468 0.028929 0.024518 0.022502 0.032474 0.031917 0.031629 0.029607 0.023344 0.025448 0.025927 0.02405 0.023885 0.022872 0.021482 0.020953 0.022936 0.02681 0.02016 0.012948 0.022955 0.031433 0.024793 0.019074 0.006839 0.01629 0.010354 0.0093357 0.010569 0.011223 0.011569 0.012524 0.0030352 0.004459 0.0036934 0.0060969 0.0028731 -0.0025065 0.0022733 0.0018322 0.010282 0.0094133 0.0030833 0.0017039 0.00489 0.0054852 0.0014664 0.0020138 -0.0015827 -0.0096009 -0.0070109 -0.0066874 -0.0050844 -0.0095867 -0.0085211 -0.0022078 -0.004443 -0.012271 -0.0040893 0.0040321 -0.0090655 -0.0098414 -0.011842 -0.0094631 -0.0046204 -0.0083072 -0.011332 -0.0077483 -0.0095655 -0.014714 -0.001752 0.00047629 0.0029772 0.00080226 -0.0061845 -0.0099475 -0.0065676 -0.0017061 -0.0090326 -0.0033995 -0.0038442 -0.0064763 -0.0047649 -0.013118 -0.014352 0.00046283 -0.0057483 -0.0023378 -0.0025506 -0.0017069 -0.0016128 0.0011822 -0.0062477 -0.0026547 -0.0055691 0.0011644 0.0048544 0.0015145 0.0044368 -0.0047787 -0.011301 -0.005533 -0.011055 -0.0099964 -0.0065985 -0.0088594 -0.015925 -0.0057628 0.0038003 -0.0036468 0.00034091 0.0030055 -0.0024995 -0.00043501 -0.0014843 0.0067846 0.0038873 -0.0026268 -0.0055817 -0.010034 -0.0095192 -0.0066495 0.0052054 0.0062152 0.00066418 0.00099019 0.0044391 -0.010196 -0.01513 -0.0035837 -0.00093229 0.0042463 0.0062444 0.0065051 0.0041735 0.0052739 0.0012621 0.00013025 0.00039168 -0.0021774 -0.010567 -0.011945 -0.0099179 -0.015004 -0.017129 -0.0092609 -0.012106
0.1399 0.15302 0.14932 0.14631 0.14518 0.15376 0.14474 0.14319 0.15037 0.15561 0.148 0.14358 0.13727 0.11716 0.12282 0.1241 0.11494 0.10896 0.10178 0.10043 0.10596 0.085252 0.075769 0.060974 0.064041 0.062108 0.068084 0.060168 0.045918 0.041217 0.045434 0.040151 0.03618 0.032446 0.047979 0.041061 0.034208 0.028647 0.025266 0.022489 0.025821 0.029672 0.030249 0.022938 0.017976 0.02109 0.016521 0.023443 0.034127 0.025317 0.022793 0.020601 0.022477 0.033497 0.043765 0.03844 0.038286 0.033673 0.036963 0.043626 0.036679 0.04426 0.050339 0.044418 0.041424 0.039767 0.047854 0.035595 0.029207 0.027679 0.040426 0.027041 0.026591 0.022058 0.024672 0.030498 0.028675 0.028366 0.04314 0.038724 0.030192 0.024483 0.04881 0.038996 0.03412 0.039805 0.043979 0.039385 0.031515 0.040166 0.037499 0.051372 0.061437 0.052172 0.045863 0.050435 0.04807 0.04036 0.054526 0.059434 0.057575 0.054961 0.047165 0.056659 0.054157 0.047018 0.041337 0.05047 0.051822 0.052124 0.046575 0.052441 0.066717 0.071165 0.073468 0.078771 0.073625 0.064279 0.059382 0.050558 0.042069 0.035169 0.039476 0.029028 0.024604 0.02125 0.029682 0.031751 0.022546 0.03073 0.035142 0.040778 0.042454 0.044463 0.035149 0.020168 0.031715 0.025898 0.032335 0.022345 0.02974 0.028323 0.035728 0.041932 0.066592 0.055155 0.054345 0.049879 0.048419 0.034631 0.033169 0.03311 0.029093 0.0047421 0.0036855 0.015329 0.019928 0.0077745 0.008102 0.013428 0.030864 0.035816 0.022429 0.027963 0.032627 0.025677 0.034359 0.040631 0.049637 0.036656 0.033428 0.034505 0.028637 0.037208 0.028519 0.013552 0.011835 0.014671 0.015076 -0.0012535 0.0042691 0.023481 0.017456 0.010715 0.010214 0.0099634 0.023002 0.024722 0.031829 0.044427 0.036297 0.036962 0.036098 0.049978 0.050982 0.056984 0.068812 0.074573 0.091488 0.078066 0.073747 0.072108 0.044915 0.041945 0.030854 0.01501 0.015667 0.018795 0.022569 0.013948 0.016885 0.010069 0.0089324 0.0040522 0.0045583 0.0086323 0.0096087 0.011321 0.022995 0.023809 0.012181 0.016507 0.01116 0.015355 0.022778 0.028274 0.017147 0.021538 0.016942 0.013884 0.019469 0.016614 0.020476 0.019832 0.025983 0.030978 0.035477 0.0268 0.027684 0.015572 0.020799 0.016418 0.016545 0.014607 0.016188 0.021864 0.010425 0.021074 0.026836 0.021134 0.015176 0.019742 0.0097343 0.011565 0.010458 0.0071598 0.004171 0.0064728 -0.0015516 0.0005208 0.0058159 -0.002733 -0.0056214 -0.0096757 -0.0070418 0.0032888 0.010082 -0.0018197 0.01057 0.011659 0.020987 0.013798 0.0083198 0.0049598 0.015587 0.018302 0.013299 0.0024367 0.00096973 -0.0014505 -0.0050349 -0.0011856 0.0011134 0.0089879 0.0018948 0.0036446 -0.0045993 -0.0047503 0.0078114 0.01329 0.0049784 0.010924 0.0041664 0.002924 0.010523 0.01364 0.017896 0.0066787 0.0011096 0.0028629 -0.0024323 0.011622 0.0099076 0.0076536 0.0027543 0.0038968 0.012419 0.023943 -0.0076979 -0.0061232 -0.00064929 0.0031669 0.020433 0.01612 0.015668 0.007228 0.016217 0.018076 0.030766 0.012872 0.007472 0.00058303 0.006649 0.015036 0.010538 0.028464 0.016701 0.022135 0.020606 0.023702 0.032911 0.023334 0.030113 0.02909 0.021725 0.014722 0.0066165 0.01929 0.035471 0.022555 0.020955 0.030394 0.017742 0.0249 0.014939 0.01563 0.016317 0.025986 0.013713 0.016779 0.01166 0.0075637 0.025258 0.019444 0.021625 0.02153 0.0086579 0.011674 0.022422 0.025504 0.018469 0.033753 0.032492 0.026666 0.02169 0.030905 0.037336 0.033966 0.03572 0.033311 0.02059 0.039423 0.039391 0.038291 0.034573 0.035994 0.045449 0.048402 0.037662 0.025655 0.031943 0.038842 0.047137 0.033336 0.026919 0.04695 0.049144 0.038992 0.036634 0.032348 0.021817 0.03147 0.028936 0.012338 0.014832 0.015401 0.010887 0.025993 0.027018 0.019864 0.019161 0.010517 0.026087 0.021808 0.0096199 0.018313 0.019829 0.0086128 -0.0056603 0.0010256 -0.0045731 -0.0010978 -0.0060122 0.0071159 0.0054669 -0.0010557 0.0043185 -0.004472 0.009369 0.0018864 -0.0080286 0.0038339 0.0039579 0.010384 -0.014085 -0.023744 -0.0096443 -0.0040916 -8.7697e-05 -0.0078027 0.0081125 0.014666 -0.0028212 -0.010055 0.00013761 -0.0022873 0.0030476 -7.5089e-05 0.00080078 -0.0038638 -0.0031629 -0.0058273 0.0049826 -0.017465 -0.010814 -0.012395 -0.0064289 -0.0062905 -0.016963 -0.0086827 0.0040307 0.0042025 0.0011469 0.013875 0.0066644 0.0025747 0.010644 0.031026 0.031341 0.034965 0.022064 0.039611 0.035521 0.036568 0.049677 0.066916 0.061368 0.056961 0.063363 0.079848 0.069918 0.065716 0.067171 0.055929 0.050679 0.063432 0.058836 0.048579 0.041169 0.05061 0.046288 0.040114 0.037152 0.050086 0.062939 0.077297 0.090333 0.10049 0.1001 0.10459 0.10424 0.10275 0.090793 0.081111 0.070604 0.062865 0.045704 0.03719 0.034694 0.018248 0.010877 0.019651 0.029564 0.017672 0.025103 0.023664 0.014189 0.012228 0.018823 0.022762 0.022998 0.021027 0.0064401 0.013652 0.01833 0.021786 0.012134 0.020068 0.0042224 -0.00089168 -0.014779 -0.015526 -0.0057172 0.0058487 0.011922 -0.0028846 -0.0027751 0.0028454 0.0043205 0.0011678 0.00030404 -0.0041403 -0.0026894 0.0037997 0.01291 -0.0031502 0.0044613 0.010079 0.013531 0.01904 0.018395 0.015692 0.019273 0.012323 0.020916 0.018389 0.01678 0.016354 0.014193 0.028056 0.029121 0.027409 0.026568 0.014516 0.017624 0.017316 0.010008 0.014617 0.017105 0.010188 0.012725 0.014789 0.0208 0.013273 0.0045936 0.019146 0.03196 0.026164 0.019955 0.0062821 0.02022 0.014525 0.0058841 0.010587 0.018469 0.018452 0.013304 -0.00099119 0.0057427 0.0045071 0.0078046 0.0080881 0.0010357 0.0052657 0.0067028 0.015549 0.0075157 0.0025997 0.0018624 0.0015265 0.0038819 -0.0032095 -0.00010372 -0.000538 -0.0095052 -0.0075739 -0.0086152 -0.0090524 -0.011328 -0.013825 -0.0024004 -0.0041816 -0.014562 -0.0029956 0.0042399 -0.014169 -0.011805 -0.020946 -0.016371 -0.0090574 -0.01284 -0.015732 -0.0083717 -0.011943 -0.017931 -0.0059998 0.0061168 0.010443 0.0015864 -0.0056918 -0.011511 -0.0076841 0.00088372 -0.0075458 -0.0046381 -0.008539 -0.0064639 -0.006872 -0.012905 -0.015267 0.00099365 -0.0050168 -0.0035929 -0.0051929 -7.4131e-05 -0.0031094 0.002066 -0.0067877 -0.001879 -0.0089159 -0.0021883 0.0053292 0.004642 0.0084897 0.0010027 -0.009815 0.0023589 -0.0077794 -0.0099335 -0.0020726 -0.0091457 -0.019002 -0.0081271 0.0025153 -0.0091247 -0.0044303 0.0057706 0.00066737 0.0038132 0.0040785 0.01173 0.0052064 -0.0018001 -0.0052473 -0.014717 -0.014829 -0.0062667 0.0072118 0.010716 -0.0012919 0.0003331 0.0038724 -0.012216 -0.013741 0.00074602 0.00067542 0.0089518 0.0090866 0.014715 0.0088954 0.0067495 0.0061747 -0.00032316 -0.00031417 -0.0016111 -0.010696 -0.009958 -0.0099938 -0.017185 -0.015962 -0.0056251 -0.011088
0.045254 0.047032 0.042331 0.044706 0.050384 0.051259 0.043068 0.041195 0.03821 0.040034 0.03732 0.037604 0.03263 0.029384 0.02905 0.039372 0.03415 0.025972 0.0326 0.032202 0.03327 0.027074 0.030394 0.030655 0.041157 0.030165 0.033478 0.026558 0.025463 0.030675 0.033456 0.034497 0.029927 0.032556 0.035399 0.031445 0.028648 0.027759 0.020909 0.028054 0.020119 0.016057 0.026484 0.024682 0.026028 0.018846 0.014423 0.023622 0.02811 0.029167 0.027863 0.02395 0.020253 0.020372 0.017683 0.016175 0.016644 0.019565 0.021917 0.021966 0.019255 0.022413 0.014477 0.021696 0.023072 0.031721 0.032195 0.03155 0.02992 0.030195 0.028102 0.022686 0.027993 0.020279 0.024252 0.025217 0.023579 0.02055 0.015172 0.021149 0.025481 0.02027 0.020708 0.029422 0.03676 0.041957 0.04326 0.045613 0.056302 0.053776 0.052114 0.052133 0.052808 0.052112 0.046045 0.049211 0.046998 0.045701 0.050221 0.04899 0.044903 0.040836 0.040344 0.031701 0.037837 0.039512 0.033762 0.032988 0.031977 0.039078 0.040764 0.046216 0.049496 0.050848 0.05032 0.047665 0.047968 0.046679 0.046652 0.04507 0.038845 0.040462 0.03592 0.036902 0.034314 0.032994 0.035145 0.043181 0.040446 0.04088 0.038282 0.034543 0.029503 0.028377 0.038835 0.043673 0.041697 0.038685 0.041386 0.042965 0.043424 0.043368 0.040739 0.040898 0.039832 0.041213 0.046786 0.046885 0.043691 0.044456 0.038276 0.033486 0.033834 0.033846 0.032789 0.02695 0.027117 0.02325 0.021691 0.027711 0.02597 0.032464 0.033457 0.04396 0.044881 0.056896 0.057624 0.053464 0.059933 0.060877 0.052911 0.04603 0.043987 0.037426 0.03317 0.038603 0.040316 0.033799 0.033355 0.036971 0.031084 0.029765 0.033965 0.031593 0.02681 0.025165 0.032176 0.036866 0.04667 0.049876 0.049285 0.061008 0.060303 0.062837 0.073246 0.081435 0.089804 0.092204 0.096218 0.087545 0.086266 0.074836 0.070052 0.067507 0.073383 0.068917 0.06549 0.062845 0.059281 0.05726 0.056379 0.054304 0.043939 0.041132 0.032099 0.029138 0.02208 0.023425 0.012538 0.013108 0.010991 0.016442 0.021179 0.02567 0.043748 0.063077 0.082626 0.083549 0.079006 0.06543 0.052654 0.040536 0.040794 0.040607 0.043047 0.05018 0.044588 0.042257 0.043111 0.042429 0.050726 0.046798 0.043235 0.039088 0.035066 0.035054 0.030538 0.03694 0.034992 0.026306 0.027446 0.027771 0.024353 0.01909 0.018487 0.016261 0.022058 0.020607 0.018238 0.013429 0.01176 0.014525 0.014573 0.0159 0.022 0.016983 0.014469 0.016465 0.017031 0.017999 0.014433 0.014518 0.017217 0.011355 0.012794 0.016231 0.019307 0.018506 0.015689 0.016292 0.018566 0.017564 0.017612 0.020608 0.024777 0.025479 0.030336 0.022283 0.023596 0.024058 0.023421 0.015785 0.015427 0.020794 0.024539 0.022799 0.019874 0.020952 0.026685 0.020798 0.023045 0.021322 0.020942 0.020825 0.015865 0.016634 0.015964 0.022894 0.019276 0.026567 0.028355 0.026364 0.022956 0.018697 0.029301 0.028011 0.026076 0.021868 0.027237 0.032652 0.037126 0.032224 0.036367 0.026867 0.026001 0.023296 0.022584 0.022846 0.034218 0.030668 0.039626 0.039453 0.040382 0.045187 0.049584 0.048173 0.043728 0.045958 0.049551 0.044033 0.040582 0.04488 0.0485 0.04483 0.048479 0.048049 0.046287 0.046627 0.039156 0.035111 0.043185 0.044899 0.043679 0.040957 0.040933 0.040032 0.047304 0.04364 0.038873 0.041159 0.041455 0.036907 0.03826 0.038146 0.044191 0.047952 0.049488 0.055446 0.05584 0.054106 0.056904 0.058018 0.060407 0.064422 0.065633 0.056666 0.05207 0.061295 0.069321 0.070715 0.083628 0.096447 0.10388 0.10086 0.089633 0.078453 0.075044 0.070154 0.073345 0.071894 0.074911 0.072214 0.07152 0.072591 0.074041 0.07715 0.069572 0.065803 0.069959 0.065962 0.058362 0.055243 0.050092 0.049594 0.049244 0.045841 0.042916 0.04562 0.046069 0.047395 0.045024 0.052257 0.041723 0.038249 0.037092 0.03947 0.039819 0.036431 0.031112 0.035487 0.04026 0.034103 0.034735 0.031435 0.028408 0.02507 0.029328 0.030029 0.033307 0.028862 0.034922 0.040274 0.034866 0.031035 0.035115 0.038223 0.032039 0.026455 0.0245 0.02358 0.024446 0.02293 0.021025 0.019158 0.027133 0.02704 0.02258 0.021705 0.021033 0.023306 0.021906 0.01824 0.016043 0.013093 0.018625 0.014138 0.011545 0.014228 0.01331 0.0085291 0.015679 0.011713 0.0072801 0.009 0.012827 0.018835 0.029918 0.02256 0.020911 0.017502 0.016244 0.019719 0.020439 0.030796 0.028102 0.029522 0.024753 0.03589 0.036555 0.037878 0.049129 0.048994 0.048045 0.048945 0.05773 0.058368 0.058106 0.060775 0.062653 0.078045 0.084497 0.085378 0.082077 0.083679 0.085893 0.083016 0.08366 0.085542 0.080669 0.07358 0.068449 0.071773 0.068582 0.055396 0.057777 0.052701 0.051008 0.049685 0.045103 0.048207 0.04912 0.042756 0.041612 0.040725 0.037541 0.043524 0.036003 0.034345 0.04262 0.042084 0.035201 0.039405 0.034473 0.035891 0.039341 0.035536 0.033859 0.035497 0.027015 0.024604 0.019009 0.015634 0.014004 0.014429 0.013089 0.012449 0.019618 0.013243 0.002305 0.0042079 0.0089148 0.0061052 0.010322 0.0092308 0.018557 0.019483 0.01367 0.0147 0.017036 0.012595 0.01857 0.020572 0.024498 0.026247 0.022442 0.029577 0.03649 0.035684 0.029375 0.027933 0.033516 0.033045 0.032294 0.030567 0.028604 0.024276 0.024899 0.034315 0.02655 0.023186 0.024217 0.025436 0.024805 0.024461 0.019532 0.017324 0.021428 0.018401 0.015365 0.0094249 0.0067599 0.01145 0.0063103 0.013646 0.011082 0.015159 0.018338 0.017915 0.011064 0.0082235 0.018462 0.020072 0.014633 0.0166 0.01256 0.011317 0.0081529 0.0070528 0.0069273 0.0075449 0.009584 0.009621 0.011448 0.010082 0.0071805 0.0037267 -0.0027545 0.0040437 0.0047119 0.0084403 0.0055006 0.0023213 0.0055617 0.0091184 0.0056758 0.0038408 0.0083553 0.0055058 0.010503 0.012261 0.013371 0.0066067 0.0020967 0.0035766 0.0046645 0.0071009 -0.0011344 -0.0033005 -0.0027675 -0.0048794 0.0036484 0.0090082 0.0069332 0.008844 0.0020767 -0.0040503 0.00063996 0.00045198 0.0019189 0.0023769 -0.0081896 -0.002532 0.0050977 0.0094861 0.0074216 0.0085211 0.0056615 0.0044893 0.0038959 -0.0015357 0.0026934 0.0048621 0.0079261 0.0067586 0.0022081 0.011276 0.0038357 0.00034135 0.0023974 -0.0025932 0.0024865 -0.0018384 -0.0066968 -0.0019774 -0.0032045 -0.0001099 0.0060079 0.00805 -0.00056365 0.0047747 0.0037522 0.0039559 0.0080685 0.013423 0.011587 0.0092838 0.0060373 0.0077905 0.0031984 0.0074077 0.0085176 -0.0010565 0.0036714 0.0038858 0.0052837 -0.0047507 0.004418 0.0056369 0.001707 0.0022597 -0.0045238 0.0013665
0.029718 0.028357 0.026376 0.032498 0.028375 0.030681 0.035594 0.033843 0.02966 0.026376 0.025298 0.025748 0.02574 0.025492 0.024141 0.020327 0.021754 0.029447 0.026434 0.021931 0.027755 0.028694 0.029117 0.023997 0.028994 0.027579 0.035994 0.030403 0.033292 0.026386 0.024004 0.027917 0.031716 0.03268 0.029793 0.032389 0.035965 0.029158 0.026468 0.02465 0.019333 0.023965 0.019159 0.016184 0.026034 0.025703 0.025387 0.01976 0.015746 0.023795 0.028822 0.03073 0.03097 0.02709 0.023666 0.024183 0.021225 0.019192 0.020883 0.023671 0.025437 0.023342 0.021224 0.024683 0.018881 0.024728 0.028377 0.036285 0.037857 0.036117 0.036077 0.034624 0.032049 0.0245 0.028755 0.026051 0.025991 0.027319 0.026399 0.024473 0.023061 0.027753 0.031855 0.028699 0.030974 0.037558 0.046068 0.051204 0.052179 0.056699 0.06543 0.059772 0.057688 0.059505 0.06183 0.058321 0.050495 0.051369 0.049004 0.047329 0.049734 0.048737 0.044488 0.043157 0.041081 0.032721 0.039128 0.041628 0.03768 0.038909 0.036761 0.045925 0.049505 0.052651 0.056219 0.057228 0.05792 0.05374 0.051458 0.049762 0.049661 0.047732 0.041393 0.041314 0.035826 0.034371 0.03497 0.033803 0.035977 0.041707 0.040245 0.041002 0.039405 0.038966 0.035707 0.035913 0.043813 0.04387 0.042693 0.040574 0.044957 0.04778 0.047861 0.047565 0.047416 0.048533 0.046834 0.04871 0.049796 0.05027 0.046021 0.045327 0.039178 0.036088 0.035032 0.031774 0.029358 0.027093 0.026622 0.025454 0.023797 0.027968 0.02903 0.038556 0.039617 0.048102 0.051245 0.061381 0.061687 0.059209 0.062235 0.059655 0.051934 0.046392 0.041558 0.03586 0.030724 0.035457 0.035464 0.030646 0.029273 0.035019 0.027073 0.02635 0.032429 0.031701 0.030084 0.031844 0.038243 0.046005 0.058463 0.062434 0.063387 0.075661 0.075705 0.082996 0.09247 0.099338 0.10592 0.10485 0.10143 0.08929 0.08402 0.073699 0.067684 0.061657 0.061773 0.054116 0.052901 0.051427 0.047156 0.046 0.043357 0.045311 0.038876 0.034788 0.026634 0.026109 0.019454 0.0184 0.012148 0.012327 0.015086 0.023685 0.030716 0.040237 0.057557 0.072303 0.08785 0.088667 0.08363 0.069514 0.055479 0.044962 0.044713 0.043261 0.043873 0.047063 0.04261 0.040577 0.040452 0.039399 0.041572 0.038134 0.03551 0.032107 0.026944 0.027922 0.022707 0.029578 0.027799 0.020945 0.022105 0.022375 0.020371 0.014909 0.013735 0.012735 0.018542 0.015849 0.016812 0.013907 0.012007 0.012251 0.013705 0.013789 0.018385 0.01472 0.013481 0.014779 0.012557 0.014015 0.012503 0.013251 0.017595 0.013478 0.013025 0.014992 0.016963 0.017251 0.016336 0.018346 0.021163 0.01865 0.01938 0.019663 0.02195 0.022889 0.027231 0.021588 0.02319 0.021559 0.022684 0.016593 0.013582 0.019069 0.021124 0.02237 0.019104 0.020049 0.026753 0.021754 0.020228 0.020262 0.018213 0.019789 0.013845 0.017301 0.019627 0.02322 0.019099 0.024713 0.0269 0.025298 0.024293 0.021063 0.030708 0.031679 0.028624 0.023573 0.027164 0.032473 0.037237 0.033517 0.037679 0.030869 0.029451 0.027325 0.029801 0.031792 0.041574 0.040661 0.045203 0.043998 0.045322 0.046473 0.050262 0.048055 0.044303 0.046301 0.050344 0.046238 0.044515 0.045644 0.048636 0.044078 0.045811 0.045311 0.044892 0.04265 0.037573 0.033402 0.040655 0.04188 0.040524 0.038433 0.039824 0.039793 0.044992 0.043055 0.041176 0.042762 0.04236 0.040516 0.043717 0.042812 0.049484 0.053721 0.055561 0.058817 0.060298 0.062889 0.063642 0.062187 0.062931 0.064783 0.067125 0.060825 0.057171 0.064853 0.073846 0.073069 0.086661 0.097045 0.10181 0.099176 0.088624 0.077027 0.072985 0.065123 0.067879 0.062961 0.061862 0.062048 0.058974 0.059848 0.05815 0.060134 0.056992 0.054653 0.055126 0.050222 0.045627 0.043546 0.039665 0.037043 0.037807 0.035951 0.032486 0.033784 0.034086 0.036353 0.033494 0.040234 0.03088 0.029437 0.029659 0.031325 0.028985 0.027481 0.024662 0.029057 0.029997 0.02708 0.027325 0.026757 0.023641 0.02172 0.026477 0.02713 0.027548 0.024656 0.029614 0.033583 0.030713 0.026909 0.029593 0.033286 0.028426 0.024263 0.023719 0.02275 0.021832 0.018339 0.019544 0.016659 0.023652 0.022838 0.018034 0.016036 0.01758 0.018599 0.018448 0.017192 0.014219 0.010953 0.014342 0.010471 0.0086551 0.012565 0.01471 0.013038 0.020281 0.018674 0.015346 0.019459 0.024637 0.031926 0.04029 0.027952 0.02416 0.02042 0.01962 0.021601 0.022211 0.030209 0.028261 0.03044 0.027878 0.03749 0.039633 0.043737 0.054075 0.059254 0.062404 0.065832 0.075538 0.080062 0.08185 0.083377 0.082542 0.089939 0.093184 0.0889 0.084237 0.082721 0.082015 0.080161 0.077089 0.074493 0.07023 0.065251 0.059097 0.060921 0.060302 0.049914 0.049926 0.045653 0.043809 0.042439 0.038769 0.036325 0.038106 0.034905 0.03255 0.030962 0.027672 0.032825 0.026676 0.025831 0.033665 0.032461 0.026004 0.029522 0.025402 0.026096 0.027168 0.025321 0.022754 0.026948 0.019133 0.01913 0.016217 0.01207 0.012076 0.013495 0.013058 0.01277 0.018045 0.011768 0.0044946 0.0073627 0.012177 0.012278 0.016014 0.016052 0.02613 0.025457 0.025525 0.025805 0.026037 0.023781 0.030607 0.029478 0.031254 0.033233 0.032177 0.037732 0.04081 0.040765 0.034316 0.03303 0.038131 0.035218 0.034136 0.033351 0.02953 0.023257 0.02552 0.031651 0.022928 0.018841 0.019021 0.019109 0.017977 0.019637 0.016383 0.016105 0.018287 0.015899 0.011572 0.0063225 0.0049214 0.0083117 0.0047401 0.010837 0.010141 0.011291 0.013649 0.014409 0.007605 0.0061794 0.016071 0.015493 0.0082964 0.0097382 0.0084696 0.0087064 0.0029032 0.0027894 0.003406 0.0045026 0.0042557 0.0060423 0.0083598 0.0063626 0.0069603 0.00096068 -0.0030168 0.0057928 0.0055698 0.0063122 0.00094443 0.00018408 0.0029591 0.0062261 0.0038829 0.0023733 0.0047484 0.0054106 0.0081568 0.01153 0.010842 0.0025474 0.0016614 0.0040392 0.0022265 0.0049568 -0.0016831 -0.003356 -0.0017112 -0.0036922 0.0020659 0.0055855 0.0054909 0.0065678 0.0018692 -0.0031039 -0.002524 -0.0022618 0.0027956 0.0037554 -0.005902 -0.0027051 0.0044696 0.0089979 0.0059169 0.0083288 0.0026922 -0.00073513 0.00069308 -0.0042062 -0.001538 0.0017547 0.0053254 0.0070259 0.003528 0.010538 0.0031023 -0.00071903 0.0023878 -0.0034446 -0.00023264 -0.0040661 -0.0054075 -0.0042717 -0.0044502 -0.0022278 0.0031161 0.0051643 8.771e-06 0.0037577 0.0012963 0.0015436 0.0050844 0.010986 0.0091005 0.0095088 0.0066907 0.0062592 0.0033566 0.0069318 0.0069912 -0.00072253 0.0023097 0.0011654 0.0037332 -0.0030719 0.0071565 0.0045729 0.00090551 0.0020543
0.018253 0.016114 0.014004 0.022433 0.019825 0.021279 0.025064 0.022387 0.021401 0.017462 0.017173 0.01638 0.019252 0.018809 0.019121 0.015463 0.018127 0.022656 0.021652 0.02078 0.024167 0.027425 0.026551 0.022663 0.027917 0.02598 0.031571 0.030367 0.031788 0.025648 0.022773 0.026301 0.030438 0.030765 0.029153 0.031622 0.034938 0.027871 0.024762 0.022949 0.019473 0.021831 0.018885 0.016406 0.025613 0.025874 0.024425 0.020493 0.016986 0.024346 0.029663 0.032057 0.033996 0.031217 0.029117 0.030631 0.027535 0.025141 0.027655 0.029449 0.031463 0.02798 0.026771 0.030184 0.026214 0.029946 0.034524 0.038975 0.040003 0.038181 0.037735 0.035252 0.033973 0.025872 0.029575 0.030144 0.028181 0.029089 0.029707 0.029102 0.03034 0.034262 0.037549 0.037101 0.04102 0.045741 0.054761 0.058651 0.060225 0.06433 0.070148 0.062766 0.060536 0.062985 0.065411 0.060365 0.052954 0.052339 0.04889 0.048691 0.049483 0.048008 0.042803 0.044035 0.041819 0.035559 0.041713 0.044459 0.042959 0.046154 0.044931 0.05374 0.05815 0.057791 0.061506 0.062135 0.062605 0.056711 0.052533 0.050127 0.049861 0.047378 0.041469 0.039393 0.034216 0.031822 0.035516 0.034881 0.036909 0.04021 0.039498 0.04029 0.039189 0.040788 0.039252 0.040206 0.045749 0.04246 0.042142 0.040267 0.04647 0.051372 0.052632 0.05453 0.055888 0.055623 0.052993 0.053415 0.049656 0.049027 0.045009 0.043842 0.038169 0.036061 0.033635 0.028626 0.025461 0.026623 0.02678 0.027949 0.026866 0.030506 0.034955 0.046038 0.046728 0.052992 0.057195 0.064202 0.061707 0.060172 0.059844 0.053922 0.046794 0.043155 0.036668 0.032077 0.026859 0.029441 0.029241 0.026343 0.024327 0.030794 0.023992 0.023364 0.030468 0.031826 0.033514 0.038541 0.046415 0.056059 0.06859 0.071249 0.073629 0.086143 0.090548 0.10279 0.11063 0.11432 0.11525 0.10805 0.097197 0.082411 0.073391 0.063524 0.057068 0.04894 0.045879 0.03774 0.037988 0.037604 0.032938 0.032099 0.029735 0.034438 0.032645 0.027999 0.021669 0.022626 0.017154 0.014307 0.011969 0.013578 0.020275 0.032544 0.041796 0.053594 0.067039 0.07579 0.084793 0.083073 0.078879 0.066799 0.053204 0.046331 0.045347 0.042779 0.041834 0.041203 0.037383 0.03565 0.034337 0.033281 0.03069 0.028351 0.027117 0.024979 0.018771 0.019321 0.014527 0.023133 0.021129 0.01615 0.016273 0.017259 0.016407 0.011986 0.011197 0.010913 0.015953 0.012665 0.014893 0.014234 0.013045 0.010591 0.013228 0.012923 0.016144 0.013467 0.012251 0.013853 0.010612 0.012584 0.01203 0.013285 0.018855 0.016595 0.014776 0.015357 0.015782 0.017049 0.017253 0.01993 0.023372 0.020081 0.020978 0.018521 0.019146 0.021006 0.023613 0.020739 0.023086 0.019374 0.021666 0.017075 0.011833 0.016644 0.016743 0.021664 0.019211 0.020581 0.02648 0.021889 0.018139 0.018767 0.017312 0.020159 0.01446 0.018484 0.022595 0.022769 0.01829 0.022368 0.023978 0.023505 0.024726 0.023855 0.031272 0.033674 0.030533 0.025126 0.027304 0.031273 0.035798 0.032094 0.037017 0.034036 0.033126 0.033017 0.037233 0.040562 0.04826 0.047508 0.049054 0.046892 0.048093 0.047243 0.049908 0.047033 0.043545 0.044823 0.04857 0.046332 0.046807 0.04567 0.046251 0.04155 0.042323 0.043211 0.042927 0.039512 0.03612 0.031981 0.036539 0.037712 0.037646 0.036381 0.038281 0.039207 0.042332 0.043765 0.045017 0.044986 0.043409 0.043319 0.047365 0.047381 0.054278 0.057668 0.059498 0.061309 0.063934 0.068589 0.067394 0.064636 0.06353 0.063536 0.066548 0.062345 0.06088 0.067211 0.076238 0.073189 0.085075 0.091573 0.092512 0.089652 0.08033 0.069726 0.064812 0.056085 0.057428 0.050671 0.047445 0.049856 0.045466 0.045998 0.041893 0.043593 0.043624 0.041698 0.039803 0.035652 0.033892 0.0319 0.030683 0.027011 0.027627 0.027685 0.024907 0.024681 0.024389 0.02767 0.024411 0.029732 0.022898 0.02338 0.025586 0.025811 0.021823 0.022425 0.021076 0.024189 0.023048 0.022293 0.022217 0.023961 0.020615 0.020677 0.024726 0.024835 0.023183 0.021877 0.02633 0.02876 0.027279 0.024449 0.026161 0.028695 0.025702 0.021969 0.022244 0.022222 0.020966 0.016336 0.019202 0.016008 0.020576 0.018534 0.014703 0.013101 0.015121 0.015347 0.017099 0.017729 0.014081 0.010685 0.012868 0.0094736 0.0095547 0.013148 0.018103 0.021056 0.028306 0.028254 0.024694 0.031031 0.036442 0.042876 0.046658 0.032673 0.027603 0.023794 0.022618 0.023621 0.023746 0.029661 0.028913 0.031708 0.032596 0.040614 0.044702 0.050257 0.061367 0.073429 0.081538 0.087913 0.098861 0.10507 0.10799 0.10742 0.10317 0.10263 0.099532 0.090189 0.083832 0.07835 0.07556 0.072859 0.066687 0.061825 0.057764 0.054992 0.048353 0.049487 0.050849 0.043292 0.040428 0.037335 0.036112 0.033904 0.032149 0.025648 0.027296 0.026806 0.023567 0.021704 0.019323 0.023604 0.01929 0.018782 0.025209 0.023633 0.017542 0.02084 0.017715 0.018597 0.018927 0.018363 0.015817 0.020763 0.014893 0.014728 0.014236 0.010909 0.012181 0.013886 0.013392 0.013914 0.017731 0.01312 0.0082772 0.012744 0.017089 0.019434 0.022947 0.022634 0.033111 0.031254 0.035299 0.034401 0.03312 0.032327 0.039563 0.037622 0.037691 0.038772 0.038977 0.04264 0.043218 0.043542 0.037121 0.036124 0.039592 0.034915 0.03297 0.032689 0.027848 0.021122 0.022683 0.024484 0.017272 0.013841 0.013649 0.012801 0.011482 0.013827 0.012301 0.013701 0.01402 0.011817 0.0078675 0.0029775 0.0035932 0.0053825 0.00385 0.0080772 0.0084834 0.0072752 0.0084067 0.0094146 0.0031696 0.0037018 0.012717 0.010978 0.003658 0.004507 0.004855 0.0051914 -0.00095868 -0.00011082 0.00037075 0.0013101 1.6618e-05 0.0036453 0.0061614 0.0036563 0.0065484 0.00019456 -0.0019842 0.0063603 0.0059213 0.0052298 -0.0015969 0.00034963 0.0018437 0.0034596 0.0017976 0.0011847 0.00085291 0.0040643 0.005024 0.0092201 0.0078726 -0.00093968 0.0014031 0.0043875 0.0012215 0.0026833 -0.0018603 -0.0023172 -0.0015198 -0.0026191 0.0014752 0.0029237 0.0027896 0.0027987 0.0017435 -0.0026297 -0.004208 -0.0039121 0.0021292 0.0036037 -0.002108 -0.0015132 0.0037002 0.0080918 0.0041836 0.0066302 0.001157 -0.0031711 -0.00053635 -0.004169 -0.0036232 -0.0011412 0.0022079 0.0058599 0.0039445 0.0071176 0.00097198 -0.002401 0.00098804 -0.0043755 -0.0019006 -0.0038715 -0.0024598 -0.0039034 -0.0045456 -0.0032178 0.00021317 0.0012837 0.00020991 0.0029653 -0.00068035 -0.00093224 0.0018612 0.0076873 0.0057364 0.0083407 0.0071788 0.0050965 0.0028609 0.0057322 0.0045337 -0.00088511 0.0012132 -0.00092996 0.002923 -0.0022191 0.0073254 0.0025273 -0.0011995 0.0011487
0.0090741 0.0078239 0.012196 0.01005 0.0085458 0.016962 0.01645 0.01658 0.018734 0.016476 0.017387 0.013553 0.013843 0.012019 0.016355 0.016486 0.017602 0.014218 0.017162 0.018594 0.018695 0.020768 0.021857 0.027147 0.025074 0.022445 0.026996 0.025377 0.028377 0.030297 0.030281 0.025165 0.022714 0.026508 0.030143 0.029572 0.028924 0.030761 0.033454 0.028112 0.024416 0.023271 0.021233 0.022133 0.019994 0.017139 0.02493 0.026007 0.02369 0.021024 0.018148 0.024597 0.030465 0.03289 0.036172 0.03479 0.035377 0.037498 0.034567 0.032654 0.035201 0.035613 0.03804 0.034267 0.034194 0.0372 0.034421 0.035997 0.039845 0.039681 0.039229 0.038081 0.035726 0.032702 0.033454 0.026584 0.030254 0.032482 0.030143 0.030394 0.032743 0.033259 0.035387 0.039168 0.04186 0.043834 0.048502 0.052167 0.060922 0.063417 0.065852 0.067286 0.070079 0.062537 0.060603 0.063085 0.064323 0.059408 0.053827 0.052975 0.047688 0.049582 0.049075 0.047251 0.040891 0.043947 0.042965 0.040011 0.04624 0.04825 0.049051 0.053457 0.054713 0.061137 0.065493 0.06225 0.06511 0.065099 0.064039 0.056856 0.051983 0.048925 0.047928 0.044643 0.039552 0.036262 0.033005 0.0306 0.036533 0.036382 0.038276 0.039236 0.038753 0.03911 0.039018 0.040784 0.040035 0.04083 0.044613 0.040113 0.04006 0.03853 0.046088 0.053193 0.057474 0.06276 0.064376 0.061357 0.056944 0.054637 0.04702 0.044245 0.041123 0.040153 0.035432 0.033499 0.029697 0.024808 0.022305 0.026153 0.027147 0.030104 0.030524 0.035183 0.041986 0.052755 0.053245 0.057732 0.061481 0.064715 0.058453 0.056602 0.0538 0.045323 0.038902 0.037063 0.02994 0.026503 0.022617 0.022322 0.023012 0.022259 0.020301 0.025999 0.02259 0.02153 0.028633 0.032556 0.0372 0.044188 0.053781 0.063879 0.074523 0.075231 0.07851 0.091462 0.10263 0.11889 0.12517 0.12436 0.11725 0.10326 0.08606 0.069712 0.058258 0.047997 0.042237 0.033825 0.030201 0.023885 0.02432 0.024883 0.020845 0.019356 0.01824 0.02409 0.025993 0.021905 0.01741 0.018852 0.014826 0.011814 0.011836 0.015895 0.025497 0.040387 0.051298 0.062286 0.069482 0.072406 0.074364 0.069568 0.066712 0.058968 0.047293 0.044692 0.042996 0.039903 0.0381 0.035153 0.031594 0.029856 0.027107 0.026051 0.020445 0.019904 0.019863 0.019497 0.012302 0.011338 0.0079766 0.017767 0.015693 0.012542 0.011162 0.013023 0.013157 0.010342 0.0099111 0.0096853 0.013807 0.011104 0.012619 0.014094 0.014034 0.0099042 0.013135 0.012609 0.014702 0.012543 0.011331 0.013627 0.010971 0.013604 0.013021 0.01453 0.020551 0.019943 0.016928 0.016381 0.015886 0.017324 0.017571 0.020218 0.023914 0.020476 0.02168 0.017373 0.017095 0.01901 0.019802 0.019027 0.022088 0.017136 0.019785 0.016871 0.010378 0.014572 0.012995 0.020539 0.019643 0.021612 0.025464 0.021351 0.017137 0.017826 0.017457 0.021126 0.016343 0.0191 0.023404 0.021471 0.016667 0.019412 0.020551 0.021185 0.02374 0.02572 0.030329 0.03282 0.030702 0.025734 0.027388 0.029683 0.033118 0.029509 0.035137 0.035833 0.0358 0.038134 0.04279 0.047089 0.052712 0.050636 0.050843 0.047805 0.047874 0.046739 0.047908 0.044668 0.041112 0.041887 0.045248 0.044101 0.046237 0.043853 0.042323 0.038162 0.039002 0.040976 0.039948 0.036732 0.034768 0.030751 0.032436 0.034094 0.03542 0.035438 0.037014 0.038212 0.039511 0.044459 0.047803 0.046194 0.044477 0.045194 0.049025 0.050029 0.056669 0.058799 0.060568 0.061685 0.064873 0.069517 0.06722 0.064743 0.062192 0.060809 0.063549 0.060812 0.062379 0.068363 0.076388 0.071188 0.079485 0.080941 0.077827 0.074616 0.066756 0.057968 0.052555 0.045363 0.044928 0.038651 0.034777 0.037991 0.033739 0.033906 0.02867 0.030114 0.031897 0.029702 0.027538 0.025038 0.02534 0.022418 0.023808 0.02085 0.020698 0.02216 0.020395 0.019098 0.018146 0.021965 0.018791 0.022344 0.018195 0.019988 0.023383 0.022222 0.017877 0.019386 0.019218 0.020658 0.019038 0.019357 0.01912 0.022006 0.0187 0.020793 0.023276 0.022418 0.019608 0.019986 0.024381 0.025805 0.024184 0.023284 0.024081 0.024299 0.023323 0.019865 0.020205 0.021549 0.020807 0.015963 0.018839 0.016064 0.017892 0.014755 0.01274 0.012553 0.013629 0.01384 0.017141 0.018742 0.014953 0.012018 0.013803 0.010763 0.012984 0.016127 0.023463 0.030956 0.037886 0.038627 0.035012 0.04231 0.046561 0.050657 0.049598 0.036526 0.031441 0.0276 0.025742 0.026201 0.025464 0.029278 0.030253 0.033337 0.037197 0.044004 0.050166 0.055848 0.069382 0.088398 0.10102 0.11062 0.12272 0.12861 0.13186 0.12921 0.12199 0.11437 0.10367 0.090225 0.08177 0.073085 0.069215 0.065006 0.05655 0.050856 0.046849 0.045485 0.039382 0.040511 0.042754 0.037495 0.032557 0.030039 0.029928 0.02666 0.026899 0.018232 0.018963 0.019606 0.01652 0.014782 0.012911 0.01698 0.014225 0.013776 0.018384 0.016841 0.011394 0.014808 0.012681 0.014248 0.015135 0.014891 0.013002 0.017017 0.012792 0.011349 0.012491 0.010907 0.01363 0.014709 0.014043 0.015493 0.017964 0.016007 0.012866 0.018972 0.022518 0.026356 0.029613 0.027721 0.037505 0.035045 0.04101 0.039173 0.036982 0.037104 0.044044 0.042733 0.042684 0.042042 0.041783 0.043907 0.043142 0.043476 0.037445 0.036632 0.038333 0.032924 0.030342 0.029995 0.024577 0.018113 0.018154 0.016238 0.012451 0.0098619 0.0091251 0.007872 0.0069844 0.0090696 0.0088803 0.010769 0.0098323 0.0075223 0.0051711 0.00056259 0.0031458 0.0033195 0.0038366 0.0059185 0.0066434 0.0046272 0.004871 0.0048921 -0.00065932 0.0013045 0.0085373 0.0068768 0.00076544 0.0014299 0.0020718 0.0015184 -0.0035224 -0.0020951 -0.0021879 -0.001414 -0.0022192 0.0022893 0.0047033 0.0021491 0.0056406 0.0006437 -0.00046436 0.0055125 0.0056305 0.0048129 -0.0025245 0.0017571 0.0015187 0.0014199 0.00029417 0.00080676 -0.0025433 0.0016891 0.0017975 0.0056788 0.0049958 -0.0028194 0.001207 0.0044056 0.00061754 0.00032559 -0.0017981 -0.001103 -0.0015737 -0.0013311 0.0016529 0.0012118 -5.569e-06 -0.00078962 0.0016269 -0.0022666 -0.0041617 -0.0040678 0.00064713 0.0024376 0.0012013 -6.0207e-05 0.0026735 0.0061348 0.0022628 0.0037734 0.00052318 -0.0035304 -0.00045325 -0.0018933 -0.0030354 -0.0027081 -0.0003009 0.00362 0.003428 0.0025954 -0.0011 -0.0032059 -0.00094428 -0.0049017 -0.0021655 -0.002187 0.0004307 -0.0019336 -0.0036022 -0.0033654 -0.0017141 -0.0016446 0.00016235 0.0021974 -0.0017856 -0.0022295 -0.00076036 0.0046348 0.0023569 0.0064535 0.0073308 0.0041636 0.0021981 0.0042234 0.0021411 -0.001453 -8.4869e-05 -0.0021269 0.0025222 -0.0026774 0.005021 -0.0001034
0.0068382 0.0060828 0.011559 0.0097761 0.0093488 0.016033 0.017338 0.016228 0.016547 0.015507 0.016877 0.013461 0.014906 0.012157 0.015974 0.017292 0.019209 0.015706 0.017984 0.017221 0.017536 0.02126 0.021496 0.027315 0.024771 0.02337 0.026872 0.026007 0.02725 0.030897 0.030151 0.025946 0.024434 0.028665 0.031383 0.029861 0.029706 0.030609 0.032864 0.029986 0.026046 0.025563 0.024224 0.024417 0.022648 0.018823 0.024191 0.026847 0.023986 0.021942 0.019656 0.024792 0.031343 0.033364 0.03753 0.037096 0.041135 0.043156 0.040678 0.040253 0.042151 0.041445 0.04378 0.040545 0.041618 0.043957 0.04174 0.041605 0.043328 0.039101 0.037394 0.036848 0.03234 0.029038 0.031612 0.027093 0.03079 0.033644 0.031768 0.031595 0.035023 0.036258 0.03821 0.042088 0.044751 0.048199 0.052615 0.055924 0.063925 0.065548 0.068351 0.066429 0.067136 0.06062 0.059137 0.061637 0.060969 0.057715 0.054386 0.054203 0.047054 0.050542 0.048928 0.047315 0.040286 0.043961 0.044897 0.045533 0.052308 0.053058 0.055329 0.059862 0.064182 0.067544 0.071161 0.066696 0.067522 0.066637 0.063217 0.055516 0.050945 0.047578 0.045513 0.041345 0.037279 0.033698 0.033406 0.031287 0.037958 0.038019 0.040202 0.039397 0.038802 0.038419 0.039725 0.039929 0.039071 0.038965 0.041836 0.037811 0.037197 0.036428 0.044727 0.053685 0.062253 0.070248 0.070975 0.065198 0.058522 0.053152 0.043624 0.038266 0.036149 0.03523 0.031692 0.029569 0.024696 0.020946 0.020552 0.025938 0.027294 0.031422 0.034067 0.040602 0.0479 0.057017 0.057829 0.06131 0.063654 0.06322 0.053562 0.050432 0.046354 0.036974 0.031029 0.030029 0.022905 0.020583 0.019044 0.015946 0.018115 0.019631 0.018444 0.02204 0.022628 0.021294 0.027778 0.034218 0.041044 0.048314 0.058215 0.067551 0.075508 0.075352 0.079005 0.092658 0.1108 0.12915 0.13453 0.129 0.11416 0.094776 0.073007 0.056133 0.043832 0.032641 0.0284 0.021033 0.018564 0.015005 0.01444 0.015876 0.013196 0.010499 0.01078 0.016328 0.019801 0.017173 0.0142 0.015604 0.01274 0.011383 0.012047 0.018408 0.029846 0.045406 0.056762 0.064776 0.065114 0.063883 0.060527 0.053625 0.051989 0.049501 0.040565 0.041283 0.03896 0.035937 0.034 0.030838 0.027286 0.025342 0.021262 0.020051 0.013029 0.014466 0.014931 0.01664 0.0087816 0.0058691 0.004341 0.013607 0.011838 0.010354 0.0077866 0.010255 0.011096 0.0096862 0.009099 0.008418 0.011832 0.010741 0.010566 0.013432 0.014151 0.010257 0.013466 0.012558 0.013717 0.011697 0.011372 0.014177 0.012695 0.016046 0.015073 0.016577 0.022145 0.02274 0.018508 0.01694 0.016712 0.017565 0.016836 0.019058 0.022465 0.019251 0.021209 0.01632 0.016119 0.016614 0.01626 0.016643 0.019873 0.014744 0.017218 0.01633 0.009533 0.013379 0.01108 0.019185 0.019922 0.022304 0.023735 0.020132 0.016812 0.017712 0.017913 0.02205 0.017996 0.01857 0.02196 0.019515 0.014418 0.016071 0.017568 0.01885 0.02147 0.025835 0.028011 0.029343 0.028711 0.025034 0.026858 0.028152 0.03014 0.027602 0.032889 0.036253 0.037069 0.041279 0.045833 0.050471 0.054504 0.050792 0.050733 0.0471 0.045246 0.045016 0.044876 0.041335 0.037544 0.038538 0.04163 0.040309 0.043039 0.040307 0.038259 0.035354 0.036653 0.038238 0.036175 0.034126 0.033608 0.029717 0.029548 0.032176 0.033886 0.03552 0.036378 0.036807 0.036839 0.044218 0.048162 0.04565 0.045176 0.045913 0.049037 0.050181 0.055955 0.05728 0.05913 0.060162 0.063001 0.066514 0.063967 0.062969 0.059829 0.057498 0.058975 0.057253 0.061834 0.068359 0.074573 0.067524 0.071378 0.067941 0.061865 0.058534 0.052181 0.04537 0.039975 0.035829 0.03395 0.030063 0.026101 0.02864 0.02571 0.025539 0.020466 0.021349 0.023523 0.020821 0.020092 0.019288 0.020486 0.016115 0.019212 0.018375 0.017222 0.019299 0.018182 0.016444 0.015159 0.01873 0.016295 0.018418 0.016168 0.018316 0.021463 0.019502 0.015816 0.016635 0.017885 0.017992 0.016721 0.017244 0.017053 0.019988 0.017313 0.02069 0.021563 0.01991 0.016724 0.01848 0.022929 0.024159 0.02139 0.023021 0.022494 0.020285 0.020926 0.018134 0.017973 0.020346 0.020364 0.016119 0.017925 0.015861 0.015571 0.012024 0.011913 0.013385 0.012799 0.013665 0.017642 0.01939 0.016095 0.014333 0.016237 0.013412 0.017207 0.020895 0.029956 0.04056 0.046707 0.048097 0.045446 0.052447 0.054368 0.055582 0.050855 0.039947 0.035743 0.031819 0.029289 0.029901 0.028248 0.029799 0.032321 0.035614 0.040756 0.046414 0.054553 0.059813 0.076521 0.10087 0.11671 0.12947 0.14222 0.14658 0.14983 0.14552 0.13625 0.12324 0.10595 0.089969 0.079215 0.06904 0.064751 0.059187 0.04933 0.043432 0.039617 0.038416 0.03385 0.035203 0.037256 0.033498 0.027939 0.025159 0.026185 0.022214 0.023283 0.014284 0.013918 0.014269 0.012238 0.010942 0.0082475 0.012892 0.010823 0.010214 0.013469 0.012181 0.0078262 0.011534 0.010405 0.012443 0.014491 0.013948 0.012824 0.015007 0.011266 0.008938 0.010963 0.010903 0.015363 0.015195 0.014896 0.01725 0.01827 0.019086 0.017409 0.024361 0.027282 0.03191 0.034672 0.030563 0.038561 0.036256 0.042336 0.040262 0.037696 0.038302 0.044283 0.044126 0.045362 0.042939 0.040978 0.042317 0.040945 0.041063 0.035879 0.034867 0.035127 0.030157 0.027821 0.026906 0.021133 0.014814 0.013844 0.0096855 0.0097992 0.0076626 0.0061226 0.0049311 0.0050757 0.0063412 0.0067752 0.0080308 0.006678 0.0041671 0.0035758 -0.00041763 0.0031797 0.0023662 0.0045654 0.0045452 0.0050935 0.0039885 0.0037905 0.0021043 -0.002573 -0.00040385 0.00413 0.0034068 -0.00087214 5.6825e-05 -2.1927e-05 -0.0015047 -0.0049354 -0.0035172 -0.0042275 -0.0031459 -0.0023776 0.0016441 0.0035777 0.0014191 0.0041026 0.0012427 0.00054905 0.0035375 0.0046086 0.0042414 -0.0029369 0.0030105 0.0012503 0.00031939 -0.00033787 0.00076274 -0.0048858 -0.00091258 -0.0008902 0.0015987 0.0026527 -0.0029849 0.00083148 0.0037921 -0.00045806 -0.0020526 -0.0016817 -0.00054189 -0.0014435 -1.1771e-05 0.0019732 0.00025397 -0.0018563 -0.0032243 0.0010577 -0.0021058 -0.0029153 -0.0030153 -0.00092141 0.00087978 0.0022414 0.00030682 0.0011112 0.0029023 9.3884e-05 0.0002597 -0.00011372 -0.0032241 -8.3437e-05 0.0011063 -0.00080544 -0.0025961 -0.0016089 0.0010263 0.0022996 -0.0013459 -0.0020939 -0.0026562 -0.0026511 -0.0050696 -0.0016239 -0.00038522 0.001809 0.00027882 -0.0020873 -0.0029303 -0.0022426 -0.0025515 -0.00025853 0.00092051 -0.0022703 -0.0021721 -0.002378 0.0024877 -0.00036138 0.0044381 0.0069817 0.003231 0.0017046 0.0029315 0.00043969 -0.0023044 -0.001855 -0.0027927 0.0017353 -0.0044555 0.0011908 -0.002811
0.010346 0.010777 0.016174 0.014852 0.015405 0.019697 0.021615 0.019836 0.018631 0.019204 0.019831 0.016613 0.019928 0.016134 0.018023 0.020645 0.0235 0.019373 0.020351 0.018818 0.019007 0.022742 0.023792 0.028049 0.026138 0.025919 0.028567 0.028464 0.028647 0.032771 0.032131 0.028603 0.027903 0.032268 0.034394 0.031947 0.031572 0.031684 0.033842 0.033129 0.029606 0.029216 0.0279 0.027689 0.026308 0.02162 0.023832 0.028727 0.025864 0.023783 0.021881 0.025466 0.032416 0.03382 0.038659 0.038418 0.045672 0.047023 0.045258 0.046901 0.047863 0.046726 0.048313 0.04585 0.047882 0.049424 0.047541 0.046122 0.04505 0.038326 0.036437 0.035674 0.029808 0.02639 0.030084 0.028052 0.031381 0.0344 0.03345 0.033182 0.036408 0.038091 0.040056 0.043652 0.046676 0.050535 0.054156 0.057299 0.064291 0.065849 0.068119 0.063771 0.063974 0.059007 0.057643 0.060522 0.057818 0.057056 0.055764 0.056484 0.048189 0.052281 0.04972 0.048918 0.041981 0.045008 0.047679 0.051417 0.058793 0.058501 0.061159 0.06488 0.072042 0.073143 0.075532 0.071499 0.069581 0.067704 0.061792 0.054229 0.050353 0.047061 0.044041 0.039151 0.036187 0.032639 0.035581 0.033753 0.039437 0.039448 0.042525 0.040964 0.040206 0.039054 0.041271 0.038813 0.03776 0.036454 0.039093 0.036011 0.03448 0.034717 0.04342 0.053705 0.06694 0.075566 0.074692 0.067086 0.058515 0.05056 0.041083 0.033212 0.031937 0.03014 0.027635 0.025583 0.020415 0.017601 0.020122 0.025903 0.027228 0.031894 0.036837 0.045107 0.051353 0.058286 0.059906 0.063112 0.064018 0.060331 0.048413 0.043832 0.039524 0.031411 0.025535 0.023855 0.017053 0.015767 0.016667 0.011196 0.015033 0.018895 0.018806 0.019418 0.023228 0.022348 0.028284 0.036449 0.044557 0.050944 0.059172 0.067081 0.072627 0.073556 0.077375 0.091745 0.11511 0.13321 0.13845 0.12899 0.10905 0.086964 0.062339 0.045732 0.03369 0.021509 0.018996 0.013115 0.012387 0.011108 0.0089414 0.011063 0.0097217 0.0059101 0.0073592 0.011733 0.014587 0.013757 0.012288 0.01364 0.011382 0.012827 0.01298 0.020659 0.032901 0.047265 0.057396 0.061731 0.056406 0.053208 0.047459 0.039924 0.039151 0.041322 0.03532 0.037634 0.034833 0.032126 0.030518 0.02881 0.02516 0.022971 0.018221 0.016744 0.0094154 0.012327 0.012462 0.016326 0.0083775 0.0036107 0.0036241 0.010709 0.0094088 0.0093836 0.0063394 0.008955 0.010186 0.0095398 0.0083213 0.0070428 0.0099926 0.010812 0.0091821 0.012311 0.013066 0.011352 0.014056 0.012696 0.012985 0.010914 0.01264 0.015406 0.014589 0.018554 0.017547 0.018858 0.023292 0.024439 0.01897 0.016295 0.017366 0.01744 0.015107 0.016824 0.01949 0.016689 0.019631 0.015144 0.016014 0.014078 0.01331 0.01425 0.016859 0.012279 0.01457 0.01597 0.0094879 0.01295 0.011178 0.017872 0.019709 0.0222 0.021517 0.018272 0.016239 0.017872 0.018177 0.022699 0.018432 0.016902 0.019084 0.017188 0.012051 0.012892 0.015579 0.01694 0.018568 0.024282 0.025035 0.024391 0.024853 0.023041 0.025204 0.026709 0.027569 0.027366 0.030883 0.035727 0.037271 0.042245 0.04691 0.050981 0.054084 0.049303 0.049117 0.04528 0.041256 0.042536 0.041843 0.037694 0.033681 0.035708 0.038474 0.036106 0.038402 0.035865 0.034984 0.034039 0.035274 0.034878 0.03203 0.031479 0.032634 0.028825 0.028062 0.031784 0.032502 0.035846 0.036119 0.035082 0.034397 0.042789 0.046248 0.043466 0.044943 0.045376 0.048025 0.048409 0.052819 0.05407 0.055986 0.057741 0.059358 0.0617 0.059276 0.060221 0.057385 0.054535 0.054115 0.053037 0.059893 0.067146 0.071215 0.062636 0.062166 0.055483 0.048328 0.045263 0.040396 0.035179 0.030099 0.029286 0.026661 0.025824 0.021666 0.02258 0.021564 0.021175 0.017115 0.017138 0.018808 0.015546 0.017065 0.017431 0.01821 0.012703 0.016471 0.018054 0.015838 0.017985 0.016933 0.015187 0.014076 0.016775 0.015458 0.016781 0.015417 0.017044 0.018864 0.016685 0.014004 0.013326 0.016243 0.015663 0.014604 0.014797 0.015021 0.017454 0.015989 0.019353 0.019365 0.017712 0.014604 0.016956 0.021269 0.022921 0.018943 0.023164 0.020756 0.016814 0.018307 0.016643 0.015893 0.018334 0.018943 0.01587 0.016432 0.014829 0.013407 0.010394 0.011849 0.014463 0.012233 0.014044 0.017889 0.01925 0.016952 0.017105 0.019216 0.016595 0.020938 0.026586 0.03642 0.048125 0.053235 0.055942 0.055112 0.061082 0.060211 0.058898 0.05225 0.043653 0.040441 0.036385 0.033278 0.035031 0.032724 0.031863 0.034932 0.038732 0.043299 0.047461 0.057228 0.062429 0.081877 0.10886 0.1265 0.14194 0.15461 0.15725 0.16048 0.15489 0.14433 0.12805 0.10668 0.08991 0.076757 0.066821 0.062285 0.055637 0.045162 0.039373 0.036133 0.033892 0.031544 0.032931 0.034132 0.031124 0.026273 0.02285 0.024548 0.020487 0.02053 0.012622 0.011662 0.011248 0.010367 0.0098055 0.0048996 0.010403 0.0080014 0.0070306 0.0099294 0.0089227 0.0061137 0.010041 0.0099833 0.0118 0.014961 0.014018 0.013339 0.013619 0.0093038 0.0073254 0.0099249 0.010255 0.016489 0.014999 0.015818 0.019079 0.018554 0.021533 0.02126 0.02776 0.030716 0.035473 0.037354 0.031084 0.036783 0.035549 0.040543 0.038943 0.036329 0.037024 0.041575 0.042414 0.045306 0.041882 0.037778 0.039133 0.037493 0.037305 0.033416 0.031716 0.030763 0.027263 0.02628 0.024471 0.018525 0.011754 0.010967 0.0059603 0.0091023 0.0069654 0.0047344 0.0039269 0.0053224 0.0053636 0.0058579 0.0060923 0.0049562 0.0023138 0.0026309 -0.00019035 0.0030565 0.0023959 0.0056375 0.0037552 0.0039823 0.0048923 0.0044801 0.0012253 -0.0022014 -0.0010861 8.3496e-05 0.00060847 -0.0018617 -0.00049869 -0.0017702 -0.0034471 -0.0054172 -0.0045811 -0.0058696 -0.0037914 -0.0010724 0.0012102 0.0022522 0.00074084 0.0019932 0.0013187 0.00044657 0.00088606 0.0028629 0.0027961 -0.0039619 0.0031019 0.00062822 -3.0906e-05 -0.00034799 0.00024565 -0.0062344 -0.0030549 -0.0028022 -0.0022949 0.00084575 -0.0021812 3.7323e-05 0.0023696 -0.0023565 -0.0044149 -0.0016016 -0.00097847 -0.0010581 0.00092179 0.0018936 -0.00028786 -0.002324 -0.0044942 -0.00033182 -0.0024772 -0.0013788 -0.0014719 -0.0021653 -0.00051313 0.0004521 -0.0011497 -0.0010754 -0.001282 -0.0023647 -0.0034103 -0.0014008 -0.0034506 -0.00018717 0.0033438 0.0013807 -0.001247 -0.0016945 -0.0012687 0.00095161 -0.003799 -0.0017639 -0.0011927 -0.0036786 -0.0052049 -0.0013364 0.00039474 0.00116 0.0018415 -0.00042686 -0.0020501 -0.0014865 -0.0015356 -0.0012492 -0.0012907 -0.002575 -0.0013104 -0.0030001 0.0013526 -0.0020181 0.0027196 0.0062161 0.0022189 0.0014478 0.002154 -0.0004589 -0.0034111 -0.0041098 -0.0035587 -0.00012755 -0.0071196 -0.0028992 -0.0051992
0.019721 0.022165 0.026556 0.025586 0.026541 0.028665 0.029495 0.027774 0.025865 0.028328 0.027375 0.023831 0.029148 0.023966 0.023662 0.027166 0.030624 0.025639 0.025024 0.024148 0.024541 0.026535 0.029364 0.030009 0.029997 0.030793 0.033155 0.033429 0.032531 0.036212 0.036311 0.033221 0.032669 0.036553 0.039148 0.035792 0.034266 0.03405 0.036181 0.036941 0.034498 0.033461 0.03172 0.030932 0.029958 0.025315 0.024234 0.031588 0.029505 0.026717 0.024946 0.026967 0.033664 0.034641 0.040271 0.039506 0.048883 0.049161 0.048415 0.052031 0.052144 0.051351 0.051973 0.050005 0.052654 0.053314 0.052082 0.04941 0.045702 0.038276 0.037571 0.035391 0.029306 0.026034 0.030125 0.02997 0.032288 0.0353 0.035829 0.035571 0.037074 0.039171 0.04245 0.044817 0.0481 0.051632 0.054522 0.057223 0.062851 0.065246 0.066041 0.061159 0.062568 0.059029 0.057009 0.06069 0.056342 0.057912 0.058319 0.059672 0.05144 0.055233 0.051883 0.052375 0.046098 0.047478 0.051033 0.056995 0.064476 0.063852 0.065975 0.068366 0.077781 0.078344 0.079206 0.076673 0.072102 0.069159 0.0613 0.054115 0.050638 0.047606 0.044119 0.038774 0.036937 0.032984 0.038919 0.037504 0.040557 0.040441 0.04488 0.043834 0.043067 0.041366 0.043046 0.03747 0.037156 0.034779 0.037436 0.034435 0.032573 0.03364 0.042867 0.053879 0.071407 0.078102 0.075439 0.067191 0.057938 0.048349 0.040192 0.03027 0.02963 0.025547 0.023534 0.022362 0.018055 0.015103 0.020431 0.025765 0.027408 0.032021 0.038466 0.047521 0.052148 0.056845 0.059553 0.062964 0.063182 0.056483 0.043671 0.038266 0.034379 0.029679 0.023479 0.01945 0.013254 0.012955 0.01554 0.0080093 0.013386 0.01974 0.020522 0.01787 0.023456 0.023775 0.029839 0.038337 0.046917 0.052325 0.057283 0.063618 0.067614 0.071305 0.075504 0.090298 0.11602 0.13161 0.13731 0.12513 0.10391 0.082355 0.056042 0.040307 0.02888 0.015965 0.014859 0.010216 0.011082 0.010744 0.0071569 0.0094152 0.0087749 0.0043343 0.0065789 0.0096779 0.010508 0.011252 0.011819 0.013273 0.011012 0.015358 0.014759 0.022496 0.034582 0.046604 0.053636 0.054851 0.046258 0.042826 0.03763 0.030633 0.030418 0.035583 0.032449 0.034905 0.032005 0.029313 0.028204 0.028519 0.024876 0.022444 0.018163 0.016434 0.0094473 0.012852 0.011939 0.017894 0.010614 0.0043204 0.0050683 0.0091887 0.0079687 0.0092459 0.0063947 0.0086785 0.010043 0.0094445 0.0074546 0.0058466 0.0084199 0.01058 0.0084578 0.010696 0.010915 0.012615 0.014466 0.012796 0.012308 0.01026 0.014937 0.016943 0.015623 0.019934 0.01984 0.020856 0.023892 0.024665 0.018061 0.014187 0.016974 0.016645 0.01273 0.014067 0.015647 0.013459 0.017051 0.013377 0.016318 0.01196 0.011011 0.012486 0.013749 0.0098916 0.012487 0.016162 0.010285 0.012841 0.012634 0.016715 0.018767 0.021251 0.019021 0.015973 0.014525 0.017345 0.017978 0.023145 0.017221 0.014324 0.015649 0.01472 0.010242 0.010642 0.014744 0.015637 0.015833 0.021738 0.022348 0.019252 0.019871 0.019936 0.022206 0.025113 0.025482 0.028705 0.029386 0.034773 0.036909 0.041553 0.046858 0.049303 0.052 0.047147 0.046253 0.042469 0.03652 0.039558 0.039491 0.034252 0.030162 0.033793 0.035797 0.032401 0.033525 0.031363 0.032616 0.034226 0.034085 0.030882 0.027744 0.028399 0.031682 0.027896 0.027312 0.031692 0.030335 0.035363 0.035631 0.033243 0.031984 0.040449 0.043091 0.040138 0.043202 0.04366 0.046482 0.045653 0.048554 0.050172 0.051666 0.055311 0.055111 0.056869 0.054417 0.05708 0.055233 0.052404 0.049934 0.048913 0.056942 0.064435 0.06658 0.056652 0.052605 0.045523 0.039243 0.036775 0.033295 0.028959 0.024138 0.026121 0.023402 0.024829 0.020287 0.01931 0.020234 0.020015 0.017278 0.016231 0.017133 0.013082 0.017043 0.017843 0.016857 0.011407 0.015055 0.018034 0.014713 0.016822 0.015372 0.013714 0.013242 0.014961 0.014558 0.015578 0.014459 0.015012 0.015501 0.01323 0.011183 0.0095646 0.013945 0.013318 0.011514 0.011148 0.012449 0.014369 0.01434 0.016287 0.016757 0.016294 0.013291 0.015122 0.019059 0.021272 0.016815 0.023116 0.018569 0.01381 0.015307 0.01497 0.014169 0.0153 0.016181 0.014591 0.014477 0.012752 0.01105 0.0095562 0.012383 0.015036 0.011665 0.01441 0.017603 0.018229 0.017245 0.020201 0.022194 0.020033 0.023683 0.032527 0.041808 0.052612 0.056984 0.062279 0.063232 0.067822 0.064587 0.061926 0.054827 0.048164 0.045447 0.041207 0.037574 0.041617 0.039024 0.035671 0.037808 0.042612 0.04534 0.047608 0.058257 0.064359 0.085276 0.11178 0.13008 0.14735 0.15909 0.16055 0.16378 0.15718 0.14572 0.12827 0.10585 0.089979 0.074193 0.065634 0.060744 0.052853 0.042376 0.037284 0.035197 0.031029 0.031181 0.032261 0.032351 0.029523 0.026227 0.022518 0.024084 0.020385 0.017594 0.011776 0.011333 0.010672 0.010021 0.010614 0.0026756 0.0084145 0.0048965 0.0033698 0.0069176 0.006297 0.0053997 0.0091087 0.010128 0.011081 0.014911 0.013724 0.013034 0.011802 0.0065948 0.0062855 0.0096513 0.0088065 0.016469 0.014104 0.016661 0.02092 0.019022 0.023089 0.024027 0.028726 0.032623 0.036802 0.03736 0.029515 0.033124 0.034001 0.037396 0.036599 0.034039 0.034341 0.037147 0.038475 0.042332 0.039303 0.033342 0.035255 0.033507 0.032998 0.030769 0.028042 0.02577 0.024536 0.025839 0.022977 0.017111 0.0092447 0.0098945 0.0049099 0.0094575 0.0069998 0.0047604 0.0046448 0.006916 0.0051514 0.005701 0.0053626 0.0046832 0.0020799 0.0018923 0.00073399 0.0025338 0.0032671 0.0066047 0.003157 0.0032048 0.0062796 0.0057161 0.001674 -1.0106e-05 -0.00070982 -0.0033412 -0.0016388 -0.0026332 -0.0010256 -0.0034805 -0.0044181 -0.0051363 -0.0053385 -0.0074159 -0.0036008 0.00091968 0.00047458 0.00033411 -0.00059128 -0.00061027 0.00077848 -0.00085432 -0.0021179 0.00053547 0.00018787 -0.0062441 0.0016608 -0.00027135 0.00020305 -0.00013309 -0.0012214 -0.0071171 -0.0045245 -0.0039845 -0.0054368 -0.0007867 -0.0015246 -0.0013478 8.3598e-05 -0.0049325 -0.0067874 -0.0015783 -0.0022893 -0.00066367 0.0010572 0.0011895 -0.0006957 -0.0015313 -0.0051475 -0.0025311 -0.0037442 -0.00039862 -0.00014983 -0.0029544 -0.0012553 -0.0034475 -0.0043156 -0.0035693 -0.0056933 -0.0050321 -0.0067842 -0.003451 -0.0047175 -0.00098569 0.0040478 0.0021234 0.00044614 -0.00079741 -0.0028805 -0.00033389 -0.0046741 -0.00040918 0.0004096 -0.0038451 -0.005603 -0.0022364 -0.00042725 -0.0011535 0.0025752 0.0012626 -0.00077466 0.00016022 0.00060884 -0.002965 -0.0045 -0.0028869 -0.00031298 -0.0027371 0.0010591 -0.0022817 0.0016628 0.0053792 0.0012553 0.0012759 0.0018902 -0.00077973 -0.0048685 -0.0066117 -0.0048965 -0.0033073 -0.010089 -0.0062065 -0.0070527
0.036376 0.041713 0.044551 0.043647 0.044111 0.044711 0.042949 0.041756 0.040363 0.045069 0.042013 0.037678 0.043942 0.036917 0.035392 0.038846 0.041854 0.036251 0.033999 0.034723 0.036194 0.034662 0.038906 0.034332 0.037474 0.038734 0.041591 0.041485 0.038465 0.041175 0.042388 0.039405 0.038058 0.040777 0.045548 0.041249 0.037487 0.037427 0.038975 0.040648 0.039735 0.037581 0.035147 0.033255 0.032258 0.029259 0.025555 0.035084 0.034766 0.030571 0.028734 0.029334 0.034883 0.036181 0.042896 0.040947 0.050818 0.049548 0.050211 0.055156 0.054656 0.054877 0.05519 0.053225 0.055907 0.055501 0.055689 0.051247 0.045818 0.039296 0.041167 0.036267 0.030799 0.028196 0.032238 0.033032 0.0336 0.036525 0.039602 0.039064 0.037465 0.039906 0.046478 0.046163 0.049052 0.052079 0.05472 0.056585 0.060052 0.064208 0.062778 0.059597 0.063713 0.060937 0.057239 0.061888 0.05692 0.059501 0.061458 0.063027 0.056353 0.059311 0.055328 0.05755 0.051987 0.051149 0.054321 0.061583 0.068278 0.068058 0.069148 0.070258 0.081231 0.083167 0.082443 0.081838 0.075712 0.071544 0.062774 0.055735 0.051672 0.048702 0.045564 0.039888 0.039165 0.033879 0.042319 0.041776 0.040763 0.040757 0.046651 0.047558 0.046892 0.045173 0.044283 0.035528 0.037645 0.034609 0.037131 0.032228 0.031768 0.033075 0.043339 0.054232 0.075055 0.077511 0.073336 0.065464 0.057486 0.0474 0.040888 0.029827 0.02961 0.021639 0.019188 0.020163 0.01803 0.013574 0.020653 0.025078 0.02851 0.032621 0.038779 0.047092 0.050669 0.05306 0.05704 0.060813 0.061586 0.051735 0.039469 0.034476 0.031177 0.031485 0.02465 0.016707 0.011634 0.012539 0.015547 0.0059312 0.012256 0.021382 0.022254 0.016732 0.022538 0.024218 0.031463 0.038607 0.04695 0.052702 0.05357 0.058416 0.061739 0.068731 0.073986 0.088715 0.11331 0.12455 0.13106 0.11729 0.098826 0.0814 0.053916 0.039758 0.028708 0.015307 0.014954 0.011047 0.013131 0.012132 0.0082112 0.0095139 0.0086978 0.0040758 0.0065069 0.0090888 0.0076305 0.0093439 0.012946 0.014397 0.011388 0.017609 0.017012 0.023643 0.034699 0.044164 0.04626 0.04582 0.036882 0.033933 0.031557 0.025652 0.025926 0.031774 0.031559 0.033783 0.031718 0.028008 0.027339 0.028768 0.025577 0.022892 0.020396 0.018541 0.01236 0.015111 0.01264 0.020498 0.014953 0.0075601 0.0079315 0.0093849 0.0070658 0.0095773 0.0074134 0.008926 0.010199 0.0090396 0.0065522 0.0052092 0.0073524 0.0095478 0.0078141 0.0082975 0.0080109 0.013143 0.01397 0.012182 0.011446 0.0098682 0.01766 0.018096 0.014922 0.019106 0.021407 0.022066 0.023872 0.022956 0.015513 0.010652 0.014679 0.014549 0.010053 0.011323 0.011413 0.0102 0.01339 0.010409 0.016595 0.010976 0.0092292 0.011731 0.011206 0.0076917 0.011492 0.017014 0.011837 0.012565 0.0143 0.015526 0.016774 0.019645 0.016354 0.013596 0.011188 0.015146 0.017113 0.023473 0.01411 0.010844 0.01205 0.012202 0.0097428 0.010285 0.015063 0.014828 0.013997 0.019064 0.021021 0.014988 0.014816 0.015927 0.017992 0.023047 0.023316 0.030683 0.028319 0.033655 0.036007 0.039791 0.046009 0.045735 0.048256 0.044507 0.042022 0.038196 0.030845 0.035651 0.037789 0.031223 0.027286 0.032664 0.032908 0.029642 0.029047 0.027281 0.03062 0.035182 0.031757 0.026306 0.023228 0.024195 0.030416 0.026567 0.026109 0.030159 0.02632 0.033011 0.03421 0.031601 0.029116 0.037645 0.039822 0.036113 0.039363 0.040904 0.044532 0.042592 0.044303 0.046153 0.046078 0.053109 0.05091 0.052611 0.049696 0.053288 0.053008 0.051061 0.046735 0.044673 0.052564 0.059529 0.06062 0.049311 0.042787 0.039134 0.035255 0.033499 0.030954 0.02669 0.021699 0.025747 0.023251 0.024817 0.02025 0.01766 0.020076 0.021067 0.019559 0.017224 0.017618 0.012125 0.018761 0.019268 0.015156 0.011727 0.014773 0.016817 0.012207 0.014587 0.012552 0.010747 0.011135 0.012501 0.012138 0.013017 0.012148 0.011304 0.011996 0.0090799 0.006693 0.0060455 0.010897 0.010883 0.0066988 0.0057835 0.009157 0.01089 0.011866 0.011266 0.01399 0.016105 0.012666 0.012608 0.016268 0.018579 0.014763 0.022037 0.015928 0.010886 0.011706 0.01245 0.012925 0.011031 0.011939 0.011911 0.012004 0.009579 0.0079972 0.0089695 0.01363 0.014813 0.011014 0.01474 0.016861 0.016369 0.016921 0.023868 0.02512 0.023927 0.025442 0.038207 0.045078 0.053197 0.057952 0.067293 0.068677 0.071509 0.067287 0.065417 0.058555 0.053425 0.050672 0.046086 0.041888 0.049461 0.046786 0.040912 0.040589 0.046751 0.047329 0.04766 0.057804 0.065965 0.086784 0.10955 0.12755 0.14534 0.15515 0.15637 0.15944 0.15223 0.13992 0.1233 0.10283 0.089442 0.070652 0.06379 0.058515 0.048552 0.038542 0.035406 0.035191 0.028653 0.031215 0.03178 0.030538 0.027488 0.026208 0.023308 0.023863 0.020408 0.013521 0.010615 0.012401 0.012623 0.010372 0.012831 0.0018109 0.0060374 0.0010108 -0.0012311 0.0036854 0.0040664 0.0052805 0.0077647 0.0095105 0.0095568 0.013371 0.011936 0.010972 0.008671 0.0033123 0.0055619 0.010187 0.0064933 0.014863 0.012519 0.017139 0.022508 0.01998 0.023727 0.025382 0.027168 0.032858 0.035621 0.034559 0.026045 0.028274 0.032332 0.034284 0.03404 0.031547 0.030675 0.031548 0.032765 0.036151 0.035302 0.028345 0.030791 0.029204 0.028383 0.028028 0.024298 0.020415 0.022046 0.026174 0.022262 0.016821 0.0074411 0.010466 0.0059458 0.010008 0.0070085 0.0060899 0.0070734 0.0090997 0.0044734 0.005873 0.0060513 0.0057747 0.0034389 0.0013254 0.0019807 0.0021241 0.0051014 0.007068 0.0023457 0.0025671 0.0069693 0.0064327 0.0025629 0.0030468 0.00057087 -0.0062117 -0.0035795 -0.0034757 -0.0021181 -0.0053698 -0.005093 -0.0041196 -0.0058163 -0.0093406 -0.0029708 0.0029672 -0.0010668 -0.0022902 -0.0032043 -0.0037874 -0.00012967 -0.0030781 -0.0053396 -0.0020215 -0.0033874 -0.009824 -0.0011949 -0.00087843 0.0013241 8.6759e-05 -0.0034411 -0.0082058 -0.0055379 -0.0044513 -0.007385 -0.0027454 -0.0022265 -0.0033687 -0.0030344 -0.0076509 -0.0091896 -0.0016918 -0.0040835 -0.00077871 3.5658e-05 -5.2695e-05 -0.0012051 5.8172e-05 -0.0058113 -0.0050854 -0.0062031 -0.00059837 0.00047369 -0.0031885 -0.00078146 -0.0077665 -0.0083542 -0.005508 -0.0092861 -0.0076621 -0.0093292 -0.0058619 -0.0068419 -0.0022003 0.0032334 0.00065842 0.0013426 0.00083755 -0.003617 -0.0013258 -0.0042177 0.0015108 0.0014831 -0.0030696 -0.0063426 -0.0048397 -0.0029553 -0.0041849 0.0028151 0.0031403 0.00071709 0.0021288 0.0028333 -0.0055558 -0.008308 -0.0029092 0.00036644 -0.0015174 0.0014985 -0.00055732 0.001825 0.0050277 0.00066384 0.00092102 0.0019841 -0.00081631 -0.0067982 -0.0087974 -0.0068444 -0.0074693 -0.012812 -0.008038 -0.0083007
0.063368 0.07224 0.073486 0.072181 0.070979 0.070575 0.066058 0.065111 0.06564 0.072987 0.067555 0.062487 0.066924 0.057778 0.05717 0.059052 0.059976 0.054465 0.0508 0.053059 0.05676 0.049842 0.053205 0.042629 0.049884 0.050173 0.054277 0.052719 0.045396 0.046995 0.049617 0.045918 0.042983 0.044262 0.053483 0.048073 0.041058 0.041239 0.040661 0.042931 0.043869 0.0409 0.037547 0.033751 0.031517 0.032132 0.027556 0.038516 0.04097 0.034888 0.032856 0.032301 0.035588 0.038647 0.046651 0.042524 0.051057 0.047408 0.049846 0.055387 0.054291 0.056018 0.057968 0.055673 0.057136 0.055263 0.057814 0.050554 0.044957 0.04063 0.046702 0.037835 0.032954 0.031823 0.035874 0.036768 0.034856 0.037852 0.04537 0.043709 0.038436 0.040286 0.052256 0.04718 0.048649 0.051787 0.054655 0.055818 0.055704 0.062295 0.05831 0.059057 0.066846 0.063677 0.057411 0.062618 0.059096 0.059911 0.06349 0.065037 0.06152 0.063573 0.059146 0.063689 0.058193 0.055065 0.056288 0.064207 0.069145 0.069513 0.069717 0.070387 0.08194 0.086533 0.084575 0.085916 0.080691 0.074977 0.066453 0.059067 0.052655 0.048917 0.047503 0.041186 0.041374 0.033933 0.044078 0.045106 0.03907 0.039854 0.046735 0.051167 0.050231 0.049675 0.044359 0.032422 0.038726 0.035504 0.037645 0.028167 0.031939 0.032786 0.04457 0.053856 0.076247 0.07293 0.067955 0.061217 0.057307 0.047718 0.04226 0.031762 0.031591 0.018262 0.013993 0.018847 0.020022 0.013038 0.01985 0.023152 0.031017 0.034556 0.037482 0.042954 0.047199 0.046841 0.052536 0.056458 0.05915 0.045811 0.035719 0.03281 0.029702 0.03538 0.02757 0.014435 0.011392 0.014531 0.016632 0.0045891 0.010346 0.022584 0.022233 0.015091 0.019711 0.021797 0.031363 0.035723 0.043059 0.052233 0.049006 0.052284 0.055033 0.064156 0.07173 0.085885 0.10526 0.11098 0.11856 0.10398 0.091727 0.082533 0.053985 0.042716 0.031726 0.017507 0.017025 0.01355 0.016501 0.013467 0.011576 0.010251 0.0085619 0.0036984 0.0051341 0.0088857 0.0061777 0.0082072 0.01592 0.016637 0.011448 0.017269 0.018446 0.023111 0.032452 0.040097 0.035947 0.036103 0.029526 0.026491 0.02807 0.023162 0.02432 0.028069 0.031197 0.034575 0.035335 0.028591 0.027978 0.0276 0.025889 0.023136 0.023233 0.021562 0.016875 0.01807 0.013683 0.023 0.020974 0.01322 0.012029 0.012025 0.0064336 0.010051 0.0091253 0.0095265 0.010232 0.0080161 0.005693 0.0054024 0.0071285 0.0075363 0.0059357 0.0045022 0.0044609 0.011356 0.011617 0.009509 0.010236 0.01008 0.019696 0.01774 0.011535 0.014758 0.021542 0.021719 0.022833 0.018574 0.010799 0.005999 0.0093695 0.0096521 0.0071948 0.0091637 0.0070578 0.0073619 0.0083642 0.0055291 0.016574 0.012054 0.0076874 0.011943 0.0096961 0.0055222 0.011936 0.018264 0.01376 0.011634 0.014521 0.013596 0.01304 0.017578 0.013475 0.011605 0.0065297 0.010533 0.015333 0.023505 0.0086607 0.00594 0.0080412 0.0094992 0.011349 0.013021 0.01658 0.013975 0.013677 0.017188 0.022412 0.012457 0.011246 0.011306 0.013126 0.020211 0.019858 0.031567 0.026994 0.032053 0.033478 0.037072 0.043511 0.039576 0.041936 0.040626 0.035809 0.031428 0.023171 0.029245 0.035748 0.028541 0.025103 0.03174 0.028384 0.027865 0.024928 0.023731 0.028044 0.035629 0.026554 0.021403 0.018093 0.017692 0.028216 0.024224 0.022825 0.025291 0.019644 0.027866 0.031187 0.030505 0.024883 0.034577 0.037135 0.031576 0.032761 0.037156 0.04182 0.039405 0.040625 0.04196 0.038465 0.050343 0.046642 0.047858 0.044205 0.047327 0.049537 0.049975 0.044035 0.039107 0.045159 0.051077 0.052991 0.040181 0.032497 0.037004 0.036242 0.034954 0.031854 0.027038 0.021078 0.026893 0.024412 0.02264 0.019738 0.016077 0.018938 0.023538 0.022896 0.018924 0.019308 0.011257 0.021676 0.021254 0.012751 0.013688 0.015987 0.013483 0.0069915 0.010319 0.0079497 0.0054236 0.0062692 0.0089103 0.0071699 0.0076846 0.0077601 0.0050511 0.0095161 0.0047618 0.00048146 0.0036611 0.0069654 0.0086881 -0.00022763 -0.0014375 0.0051224 0.0071697 0.0077026 0.0040533 0.011487 0.017655 0.012214 0.0085835 0.012919 0.014191 0.012067 0.018531 0.01314 0.0073362 0.0072438 0.0081251 0.012302 0.0053759 0.0063882 0.0077434 0.0086303 0.0052846 0.0034412 0.0076543 0.015663 0.013836 0.01036 0.015733 0.015943 0.013732 0.016221 0.028489 0.028342 0.028584 0.026216 0.042744 0.04463 0.048555 0.05586 0.070237 0.069062 0.069364 0.066718 0.069066 0.062049 0.058325 0.055908 0.050442 0.045534 0.058003 0.054913 0.046443 0.042572 0.049821 0.049192 0.048163 0.055471 0.066672 0.086064 0.10172 0.11818 0.13423 0.14099 0.14298 0.14535 0.13884 0.12567 0.11157 0.095873 0.086321 0.064685 0.058896 0.053657 0.040202 0.030969 0.031829 0.034165 0.025629 0.030145 0.030277 0.026825 0.02323 0.024446 0.02407 0.023173 0.018765 0.0073547 0.0083333 0.0147 0.017084 0.010869 0.016241 0.0028407 0.002545 -0.0039594 -0.0069155 -0.00012686 0.0029013 0.0059858 0.005304 0.0066706 0.0069392 0.0096551 0.0074381 0.0065977 0.0034107 -2.885e-05 0.0047971 0.011044 0.0029285 0.010977 0.01005 0.016543 0.022935 0.021559 0.023276 0.024848 0.023064 0.030901 0.03138 0.028973 0.020855 0.022421 0.030391 0.031851 0.031288 0.029022 0.025536 0.024664 0.025283 0.026213 0.029529 0.022997 0.02484 0.024171 0.02308 0.024553 0.020332 0.014914 0.019834 0.026763 0.022131 0.017456 0.0064485 0.012213 0.0085999 0.010206 0.0064902 0.0089265 0.01145 0.01111 0.001906 0.005858 0.0080069 0.0080986 0.0062928 0.0016333 0.0035411 0.0033361 0.0083602 0.0066789 0.0010708 0.0018771 0.0057679 0.0060063 0.0028626 0.0056324 0.0024106 -0.0087447 -0.005565 -0.0048418 -0.0044558 -0.0076648 -0.0069236 -0.0023074 -0.0063153 -0.012399 -0.0024202 0.0045193 -0.004098 -0.005457 -0.0077991 -0.0079038 -0.001178 -0.0058028 -0.0087672 -0.0040869 -0.0071858 -0.014095 -0.0049714 -5.8248e-05 0.0044578 0.00040826 -0.0051657 -0.010011 -0.0065893 -0.0038829 -0.0076518 -0.0054112 -0.0055652 -0.0056906 -0.0067635 -0.0094347 -0.011396 -0.0022648 -0.0058718 -0.0023346 -0.0024874 -0.0014055 -0.0021863 0.0016867 -0.0069568 -0.0070806 -0.0099588 -0.0023252 0.00026741 -0.002544 0.0016691 -0.0098687 -0.011688 -0.0052583 -0.010548 -0.0098212 -0.01014 -0.0076713 -0.0089776 -0.0030939 0.001635 -0.0030267 -4.0198e-06 0.0029617 -0.0033397 -0.0015832 -0.0024808 0.0036592 0.0016737 -0.0012574 -0.0071268 -0.0090538 -0.0069602 -0.0064435 0.0030958 0.0053532 0.001647 0.0034685 0.0038716 -0.0092679 -0.011558 -0.0016506 0.00051685 0.0010818 0.0029156 0.0043199 0.0043016 0.0059928 0.0010612 8.0529e-05 0.0023379 -0.00071492 -0.0090642 -0.0094684 -0.0086468 -0.011416 -0.014725 -0.0079591 -0.0090335
0.10404 0.11588 0.1163 0.11386 0.10934 0.10764 0.10381 0.10153 0.10493 0.1149 0.10712 0.10257 0.10048 0.089849 0.093269 0.091364 0.088716 0.084071 0.079854 0.08186 0.088547 0.074309 0.071959 0.05628 0.067496 0.063768 0.069154 0.065244 0.050568 0.051114 0.055838 0.049232 0.04498 0.046189 0.062248 0.055079 0.044717 0.044135 0.03861 0.040932 0.044689 0.042583 0.038063 0.03132 0.025856 0.031356 0.029155 0.040479 0.045929 0.038709 0.036204 0.034964 0.03462 0.041413 0.050384 0.041847 0.047591 0.040453 0.044564 0.050893 0.048504 0.051803 0.059143 0.056859 0.054118 0.050193 0.055703 0.044242 0.040315 0.038971 0.051786 0.038115 0.03234 0.033381 0.038349 0.038936 0.034185 0.038368 0.052823 0.048535 0.041403 0.039163 0.057689 0.044797 0.044129 0.049241 0.052082 0.054315 0.049051 0.057293 0.051374 0.0579 0.068972 0.063892 0.055264 0.059791 0.061389 0.055947 0.061189 0.062793 0.063569 0.065213 0.060713 0.068547 0.061839 0.056827 0.054246 0.063068 0.065686 0.065474 0.065904 0.068152 0.078092 0.08472 0.082706 0.085988 0.085958 0.078393 0.070494 0.062867 0.051545 0.045239 0.048002 0.04022 0.040421 0.031269 0.041299 0.044188 0.033756 0.036552 0.043133 0.052584 0.049819 0.052821 0.043002 0.027612 0.038212 0.034895 0.037074 0.020949 0.032177 0.032578 0.044972 0.050074 0.071248 0.062059 0.057498 0.052621 0.056567 0.047529 0.041957 0.035119 0.034123 0.014971 0.007085 0.017829 0.02271 0.013495 0.017126 0.018831 0.034101 0.037913 0.033559 0.033328 0.04117 0.037434 0.046022 0.049427 0.054766 0.038166 0.032058 0.033054 0.029144 0.038147 0.028761 0.0098451 0.0098744 0.018045 0.018696 0.0039075 0.006025 0.021258 0.017961 0.011629 0.014039 0.013957 0.026588 0.028325 0.033554 0.050864 0.044179 0.045199 0.045129 0.05331 0.065333 0.078468 0.087691 0.087728 0.09709 0.082055 0.07759 0.081033 0.052061 0.046499 0.036283 0.01923 0.017436 0.014848 0.018009 0.012548 0.016862 0.01116 0.0085634 0.0023906 0.00069628 0.0080339 0.0065141 0.0088691 0.02092 0.019358 0.0086853 0.010406 0.01597 0.018355 0.025881 0.033283 0.02359 0.027385 0.02408 0.019087 0.023968 0.019306 0.022617 0.021397 0.028608 0.036691 0.04395 0.031171 0.029244 0.02142 0.023095 0.021326 0.022665 0.022078 0.020384 0.02017 0.013662 0.023327 0.027944 0.021554 0.018016 0.018132 0.0062286 0.010108 0.011724 0.011116 0.009838 0.0060386 0.0047014 0.0062347 0.0080565 0.00485 0.00048453 -0.0014791 -0.0004616 0.0044734 0.0066897 0.0028467 0.0090021 0.011638 0.019022 0.014326 0.0044113 0.0051426 0.018917 0.018256 0.019461 0.01056 0.0030999 0.0011965 -0.00056375 -0.0010657 0.0037207 0.0083017 0.0028872 0.0050907 0.001775 -0.0019613 0.016147 0.016298 0.0058564 0.012034 0.009081 0.0023351 0.013702 0.018837 0.014805 0.0093632 0.010743 0.0092485 0.0062036 0.014845 0.010012 0.010208 0.0024592 0.0036212 0.012472 0.02244 0.00027638 -0.0016372 0.0027139 0.0060781 0.015553 0.019858 0.019383 0.011626 0.015069 0.01703 0.028079 0.012181 0.011388 0.0065693 0.0087485 0.016289 0.013085 0.028477 0.023093 0.028363 0.026163 0.032227 0.036168 0.028264 0.031014 0.033625 0.026448 0.020999 0.011764 0.017115 0.03082 0.02574 0.023448 0.029842 0.02001 0.026797 0.020533 0.020581 0.023767 0.033812 0.016595 0.016975 0.011754 0.0069573 0.023891 0.019982 0.015414 0.015779 0.010801 0.019549 0.026108 0.029947 0.017562 0.030387 0.034379 0.026219 0.022853 0.032024 0.03727 0.035512 0.036787 0.036528 0.02752 0.044479 0.041036 0.039015 0.035463 0.035859 0.042631 0.047941 0.040183 0.029875 0.031513 0.036741 0.043209 0.029409 0.021842 0.039336 0.041076 0.039583 0.032172 0.026865 0.018768 0.027267 0.024007 0.014014 0.016946 0.012465 0.013536 0.026479 0.026068 0.019971 0.020634 0.0090098 0.026015 0.024191 0.010858 0.017319 0.019384 0.0079468 -0.0017465 0.0036119 0.0019775 -0.0022639 -0.0029403 0.0039103 -0.00056675 -0.0011094 0.0010818 -0.0047088 0.0094998 0.0017566 -0.0065429 0.003018 0.0017078 0.0078506 -0.0088851 -0.0098563 0.00019827 0.0031835 0.00044453 -0.0056653 0.0098878 0.021471 0.01047 0.001263 0.0085703 0.0070185 0.0070555 0.010335 0.01105 0.0022109 0.002056 0.0008915 0.012453 -0.0012255 0.00059819 0.0028289 0.0037243 2.8478e-05 -0.0039015 0.0034173 0.017355 0.012287 0.0098692 0.018867 0.015166 0.010384 0.015979 0.033902 0.032397 0.033555 0.025321 0.043633 0.037435 0.036221 0.049217 0.067938 0.059628 0.056115 0.059277 0.070385 0.06164 0.059635 0.060458 0.052696 0.046722 0.065556 0.060449 0.049156 0.041805 0.048678 0.049519 0.04824 0.049397 0.063804 0.081234 0.086468 0.099332 0.10948 0.11231 0.1158 0.11641 0.11436 0.10059 0.089893 0.080969 0.075678 0.054191 0.047777 0.043819 0.025614 0.017054 0.024255 0.029085 0.020839 0.026518 0.026443 0.018275 0.013693 0.018439 0.022482 0.021399 0.013167 -0.0020735 0.0041059 0.017452 0.022959 0.011138 0.020354 0.0059113 -0.0028461 -0.010293 -0.01344 -0.0039076 0.00483 0.0081812 0.0011472 -6.1962e-05 0.0031359 0.0027423 -0.0013947 -0.00013372 -0.0044772 -0.0023995 0.0033942 0.01063 -0.0027824 0.0037831 0.0062774 0.013282 0.019913 0.02306 0.020941 0.021688 0.01652 0.025492 0.023566 0.021411 0.014683 0.015446 0.026456 0.029478 0.027307 0.025957 0.017304 0.016232 0.016161 0.011979 0.021176 0.017111 0.015149 0.017318 0.016108 0.018909 0.014988 0.0097366 0.018079 0.026902 0.022886 0.018837 0.0062255 0.014157 0.012538 0.0098432 0.0054658 0.013726 0.01783 0.011699 -0.0041567 0.0045841 0.0099639 0.01094 0.0099626 0.0047352 0.0059394 0.0087731 0.013563 0.0052708 -0.00026305 0.0010183 0.0015067 0.0045673 0.0014091 0.0059421 0.0039908 -0.010867 -0.0079819 -0.0079139 -0.0093405 -0.010819 -0.012525 5.3266e-05 -0.0080047 -0.017777 -0.0028112 0.0047309 -0.0098584 -0.0089214 -0.015311 -0.013668 -0.0026672 -0.0087383 -0.012429 -0.0044157 -0.0096705 -0.017492 -0.0085865 0.0039538 0.011649 0.0012265 -0.0032809 -0.012325 -0.0082613 -0.001401 -0.0054946 -0.0083995 -0.012465 -0.0068254 -0.010277 -0.0081281 -0.012308 -0.0040711 -0.0072883 -0.0069677 -0.006717 -0.0018198 -0.0044234 0.0021552 -0.0088207 -0.0072565 -0.014454 -0.0052589 -0.00024288 -0.00036515 0.0067033 -0.0061458 -0.01171 -0.00030619 -0.0073961 -0.010952 -0.0075777 -0.0070688 -0.0093932 -0.0025073 0.00081418 -0.0075757 -0.0052327 0.0050058 -0.0019598 -5.4188e-05 0.0012221 0.0061357 0.0012378 0.0015435 -0.0069589 -0.013639 -0.011833 -0.0057779 0.0036125 0.0073138 -0.00023427 0.0024316 0.0020676 -0.014438 -0.011559 0.0028806 9.3056e-05 0.0058309 0.0062487 0.014045 0.011041 0.0095153 0.0036115 -0.0014517 0.0031983 -0.00022624 -0.01048 -0.0062115 -0.0079329 -0.01229 -0.015072 -0.0058777 -0.00967
0.028078 0.031643 0.027115 0.031311 0.035403 0.037994 0.030498 0.029988 0.026195 0.026841 0.026787 0.025464 0.021643 0.018703 0.018165 0.02861 0.022983 0.01504 0.017911 0.021699 0.022975 0.020101 0.025662 0.026533 0.033008 0.024717 0.029768 0.022488 0.019888 0.019808 0.022494 0.027471 0.022181 0.025075 0.024889 0.022179 0.022787 0.022621 0.018629 0.02498 0.01995 0.017464 0.024539 0.023456 0.023649 0.019538 0.013767 0.022014 0.025841 0.02485 0.025148 0.020289 0.016719 0.016957 0.015969 0.015459 0.014109 0.018328 0.018694 0.018626 0.016562 0.018478 0.011822 0.019483 0.023275 0.032181 0.033439 0.032778 0.029506 0.031691 0.029611 0.023237 0.02506 0.019702 0.019874 0.021985 0.020089 0.01871 0.01443 0.019766 0.024973 0.022004 0.022077 0.029412 0.037122 0.043477 0.043981 0.049523 0.060081 0.061005 0.059535 0.054923 0.055037 0.054572 0.049617 0.049218 0.046421 0.048113 0.049805 0.05011 0.046926 0.042478 0.04041 0.030594 0.037033 0.036417 0.034004 0.034348 0.032215 0.041282 0.043529 0.051323 0.055212 0.053305 0.053738 0.051589 0.052194 0.054306 0.052353 0.046759 0.042379 0.04095 0.036902 0.037907 0.034378 0.032256 0.032708 0.04009 0.038686 0.038959 0.036578 0.036179 0.032099 0.030168 0.039861 0.045169 0.03986 0.039793 0.04231 0.041214 0.040679 0.04012 0.04039 0.043027 0.04157 0.043366 0.049666 0.048784 0.047296 0.046638 0.041092 0.040282 0.038739 0.034306 0.030669 0.025094 0.024238 0.019429 0.020593 0.027876 0.026802 0.032221 0.037163 0.048984 0.050457 0.060337 0.062777 0.059219 0.06385 0.063342 0.05561 0.044862 0.042513 0.038686 0.03421 0.035951 0.039446 0.032394 0.030025 0.033582 0.027759 0.024987 0.027802 0.025974 0.023262 0.022866 0.030121 0.037237 0.049246 0.051463 0.053632 0.067726 0.069174 0.073431 0.083553 0.092729 0.10263 0.10376 0.10428 0.095355 0.090942 0.077501 0.070447 0.066873 0.071788 0.067578 0.064785 0.060846 0.058869 0.056553 0.050682 0.048597 0.038573 0.038515 0.028342 0.022637 0.015251 0.014537 0.0057076 0.0054143 0.008622 0.016787 0.026624 0.036151 0.057635 0.077728 0.095348 0.094608 0.08945 0.075048 0.061909 0.046382 0.044867 0.04247 0.04455 0.048859 0.048411 0.043639 0.044611 0.043997 0.051547 0.046719 0.042993 0.039522 0.036437 0.035627 0.030783 0.031974 0.028493 0.021269 0.023601 0.024863 0.022931 0.020726 0.019671 0.013723 0.020436 0.018441 0.014985 0.0092781 0.010642 0.013159 0.015144 0.017878 0.022857 0.016417 0.013726 0.014791 0.015257 0.016505 0.014025 0.013735 0.014585 0.008933 0.012782 0.016853 0.018459 0.017784 0.01679 0.017783 0.020282 0.018837 0.017587 0.021639 0.027283 0.028293 0.029699 0.01975 0.02202 0.022614 0.020857 0.014903 0.016299 0.020263 0.022646 0.020934 0.019504 0.024251 0.025092 0.018181 0.02242 0.022217 0.02314 0.020482 0.014937 0.016375 0.012836 0.021702 0.01833 0.023453 0.023909 0.024505 0.023215 0.018613 0.029303 0.025283 0.023083 0.021754 0.025652 0.029919 0.033677 0.030509 0.032804 0.025113 0.023956 0.021002 0.020203 0.025799 0.036161 0.034564 0.044922 0.048493 0.048295 0.049702 0.051058 0.049435 0.04413 0.048303 0.048314 0.043726 0.041349 0.046582 0.048539 0.043323 0.046781 0.046703 0.044505 0.042705 0.036089 0.02732 0.036269 0.039413 0.037194 0.038567 0.037605 0.03497 0.039158 0.036977 0.031811 0.034353 0.034415 0.031809 0.034702 0.038809 0.045276 0.047878 0.048899 0.053067 0.053911 0.052311 0.056705 0.058032 0.057659 0.060107 0.059155 0.055382 0.051062 0.062475 0.073297 0.079228 0.091566 0.10699 0.11269 0.10799 0.094687 0.083417 0.077229 0.072166 0.070831 0.06869 0.072839 0.06669 0.068541 0.072144 0.071809 0.072889 0.065347 0.063367 0.068354 0.063859 0.054115 0.051142 0.04412 0.045686 0.041103 0.040982 0.039407 0.040912 0.04071 0.040567 0.038534 0.043476 0.034952 0.033103 0.03107 0.03343 0.035574 0.030226 0.026298 0.032554 0.035303 0.032798 0.033433 0.029628 0.026264 0.024807 0.02928 0.028896 0.030505 0.026823 0.031523 0.036664 0.032597 0.030856 0.036768 0.038269 0.031363 0.025967 0.02325 0.021164 0.023639 0.020087 0.018904 0.019244 0.0254 0.026358 0.023102 0.023263 0.022963 0.022748 0.018453 0.01558 0.010372 0.0072452 0.013286 0.010481 0.010098 0.013868 0.010449 0.0055666 0.0089226 0.0057335 0.0034266 0.0038041 0.0074132 0.015461 0.025929 0.020395 0.019751 0.019176 0.017341 0.02048 0.022351 0.031301 0.030765 0.03135 0.026119 0.035647 0.036581 0.037317 0.048475 0.050442 0.047627 0.047777 0.056056 0.059051 0.06108 0.064781 0.066178 0.079563 0.087872 0.087524 0.085251 0.086755 0.090046 0.085602 0.086301 0.086465 0.080471 0.07541 0.071456 0.072313 0.068037 0.054351 0.057815 0.051239 0.048629 0.048932 0.040787 0.041258 0.042141 0.036811 0.037261 0.03772 0.033683 0.037338 0.030437 0.030395 0.036033 0.035795 0.031227 0.033607 0.029035 0.029091 0.034547 0.032478 0.030057 0.031965 0.023093 0.019831 0.016398 0.012991 0.010731 0.012996 0.014928 0.015361 0.019391 0.013205 0.0034897 0.0061223 0.0098008 0.0066511 0.012545 0.01299 0.020163 0.02269 0.018431 0.017685 0.022514 0.020938 0.022779 0.026973 0.030525 0.03369 0.030636 0.033058 0.038084 0.039672 0.033197 0.032183 0.041271 0.04052 0.034368 0.034173 0.032698 0.030144 0.030038 0.038347 0.026446 0.022854 0.02512 0.027856 0.024502 0.02471 0.019997 0.017153 0.021923 0.01868 0.016992 0.010763 0.0091349 0.013805 0.0060888 0.012068 0.010342 0.014941 0.015304 0.018246 0.013885 0.0076876 0.016504 0.018164 0.01498 0.017378 0.014674 0.010594 0.008368 0.010806 0.0092531 0.0070815 0.0088642 0.0090463 0.0107 0.010698 0.007245 0.0023625 -0.0029391 0.0026019 0.0012551 0.0064018 0.003962 -5.7019e-05 0.0028185 0.0070599 0.0059309 0.0025577 0.0081371 0.0052382 0.010298 0.0099148 0.012681 0.0071003 0.0050368 0.0063102 0.0080638 0.010805 0.0020796 0.0016133 0.00089617 -0.0024886 0.0014719 0.0070761 0.0046665 0.0096431 0.0034783 -0.0033844 0.0012406 -0.00023972 0.0023274 0.0032848 -0.0081518 -0.0040252 0.0048586 0.0099682 0.0075933 0.0085347 0.0061802 0.0078058 0.005769 0.0011173 0.006601 0.006093 0.0099709 0.005325 0.0013752 0.011206 0.0047838 0.0029805 0.0049501 0.00086561 0.0041571 -0.0013797 -0.0032913 -0.0010575 -0.0024195 -0.00086353 0.0063707 0.0087592 0.0021428 0.0051536 0.0060351 0.0077916 0.0069824 0.010409 0.0091852 0.0083287 0.0050523 0.0090316 0.0045939 0.0084224 0.0099687 -0.0011325 0.0033713 0.0064172 0.0062444 -0.0053934 0.0058092 0.0062033 0.0011244 -0.00071516 -0.0037265 0.0015814
0.019093 0.016737 0.014987 0.021618 0.017461 0.021449 0.024539 0.024936 0.021754 0.019281 0.018266 0.017687 0.018627 0.017019 0.016487 0.012987 0.014638 0.022181 0.018826 0.014723 0.017312 0.0212 0.020326 0.017713 0.024793 0.025561 0.03038 0.026316 0.030438 0.022731 0.019325 0.018473 0.021196 0.024804 0.021686 0.024307 0.026936 0.021018 0.021144 0.018986 0.016537 0.020986 0.018033 0.017194 0.024419 0.024651 0.024597 0.020445 0.01483 0.022728 0.027105 0.026858 0.028622 0.023593 0.019829 0.021003 0.019704 0.018175 0.018379 0.023004 0.023211 0.022005 0.020407 0.022104 0.016999 0.022461 0.028563 0.036774 0.038762 0.03672 0.036013 0.035831 0.03238 0.025745 0.026735 0.024453 0.022335 0.023979 0.022826 0.022276 0.021274 0.026369 0.031329 0.03011 0.032163 0.038586 0.047137 0.053044 0.053628 0.060844 0.068544 0.065486 0.063821 0.060834 0.062901 0.059362 0.053137 0.051858 0.048523 0.048654 0.049219 0.048827 0.045049 0.043788 0.040285 0.030764 0.03761 0.038787 0.037565 0.039447 0.036788 0.047539 0.05207 0.057386 0.061817 0.06047 0.06169 0.058418 0.056272 0.0569 0.054675 0.049894 0.044641 0.04202 0.03637 0.035456 0.034019 0.033289 0.034231 0.038499 0.038484 0.039779 0.036773 0.039334 0.038111 0.037721 0.044575 0.045321 0.04107 0.040786 0.044286 0.046276 0.046039 0.044721 0.044893 0.048257 0.047771 0.050116 0.052592 0.051578 0.048117 0.046477 0.041012 0.041501 0.039019 0.031647 0.027052 0.025182 0.023409 0.020633 0.021487 0.028037 0.029631 0.03895 0.043259 0.051976 0.055978 0.06408 0.065733 0.063473 0.064874 0.060975 0.05374 0.045234 0.039616 0.036491 0.031335 0.033231 0.034277 0.028823 0.02556 0.031566 0.024303 0.021842 0.026278 0.026356 0.026651 0.028476 0.03582 0.045256 0.058206 0.061945 0.066926 0.081738 0.084608 0.092519 0.1008 0.10828 0.11636 0.11491 0.1085 0.09531 0.087229 0.074987 0.06648 0.059656 0.060197 0.052642 0.05104 0.048851 0.045453 0.04375 0.038011 0.040181 0.033693 0.031574 0.023539 0.019806 0.012327 0.010002 0.0059983 0.006749 0.013951 0.024976 0.035392 0.048913 0.06961 0.083816 0.097307 0.096854 0.091717 0.077418 0.063053 0.049968 0.048106 0.045765 0.04458 0.044702 0.044511 0.040987 0.040655 0.040572 0.04156 0.036742 0.034464 0.032093 0.027604 0.028007 0.022421 0.025347 0.022765 0.017514 0.019563 0.020265 0.019544 0.016316 0.015538 0.011843 0.017726 0.015531 0.01445 0.010518 0.011611 0.011774 0.014665 0.015259 0.018257 0.013848 0.011763 0.012578 0.010832 0.01308 0.012648 0.013019 0.015442 0.011161 0.013186 0.015709 0.017005 0.016396 0.017499 0.019682 0.022171 0.019592 0.018512 0.02007 0.02348 0.024428 0.025835 0.01931 0.021199 0.019278 0.019803 0.015127 0.014247 0.018482 0.019153 0.020297 0.018451 0.02219 0.024631 0.017699 0.019362 0.020979 0.019899 0.019352 0.012305 0.016263 0.016196 0.021269 0.016817 0.021915 0.023498 0.023124 0.024652 0.021056 0.030232 0.02827 0.026019 0.023485 0.02504 0.029519 0.033816 0.031853 0.034705 0.029033 0.027234 0.024387 0.026809 0.032873 0.041812 0.042007 0.048186 0.049712 0.050709 0.04943 0.051776 0.04901 0.044583 0.048193 0.048221 0.045203 0.044268 0.046422 0.047318 0.04202 0.043586 0.04359 0.04281 0.038401 0.034481 0.026817 0.03476 0.037522 0.035395 0.035897 0.036574 0.034789 0.038893 0.037651 0.035361 0.03743 0.036284 0.035789 0.039651 0.042173 0.049964 0.053594 0.054938 0.055881 0.05735 0.060083 0.061315 0.061286 0.059403 0.058814 0.059756 0.05843 0.055644 0.065482 0.076878 0.080824 0.093356 0.1053 0.10761 0.10301 0.092262 0.081188 0.074214 0.066636 0.064393 0.059522 0.058697 0.055535 0.055222 0.058025 0.05685 0.057122 0.053459 0.053115 0.054255 0.04765 0.041104 0.040019 0.035467 0.035734 0.032684 0.032806 0.030543 0.030857 0.030336 0.031547 0.029612 0.034035 0.026325 0.026162 0.025629 0.026957 0.026692 0.024167 0.021897 0.026538 0.026011 0.026086 0.02698 0.025949 0.022304 0.021929 0.026822 0.026515 0.024706 0.021658 0.026212 0.031063 0.029271 0.027226 0.031793 0.033211 0.027553 0.024167 0.022989 0.021084 0.021008 0.015397 0.017962 0.017646 0.023498 0.022024 0.018766 0.017833 0.019776 0.018189 0.016052 0.015078 0.0094019 0.0058544 0.011522 0.0098253 0.0097666 0.013347 0.01378 0.012785 0.017549 0.016067 0.014851 0.017537 0.022177 0.030733 0.039209 0.028585 0.024956 0.024224 0.022175 0.02371 0.024076 0.031132 0.030935 0.032082 0.028878 0.037237 0.038758 0.042596 0.052965 0.059304 0.060812 0.063353 0.072737 0.079071 0.081928 0.084489 0.083825 0.090252 0.094415 0.089745 0.08621 0.08427 0.084115 0.080751 0.078698 0.075074 0.069678 0.066004 0.061479 0.061482 0.060288 0.048851 0.049968 0.044348 0.042587 0.042376 0.035066 0.031163 0.033432 0.031302 0.029796 0.028579 0.025674 0.029203 0.023228 0.023543 0.028276 0.027422 0.023571 0.025491 0.021037 0.020838 0.023849 0.023551 0.020534 0.024579 0.017136 0.015646 0.013179 0.0099975 0.0095577 0.01271 0.014217 0.014032 0.017157 0.011138 0.0041553 0.007891 0.011712 0.011458 0.015978 0.01666 0.024796 0.02539 0.027189 0.025615 0.028308 0.028686 0.031712 0.032874 0.034499 0.037852 0.037484 0.038822 0.040373 0.042012 0.035638 0.035295 0.041912 0.039572 0.034461 0.034387 0.032073 0.02801 0.028053 0.033265 0.022141 0.018966 0.020354 0.021434 0.018188 0.019501 0.015839 0.015763 0.01822 0.014403 0.011575 0.0072691 0.0068209 0.010829 0.0059268 0.009835 0.0094348 0.010628 0.011018 0.014417 0.0096798 0.0061064 0.014631 0.012956 0.0082799 0.010511 0.010838 0.0091415 0.0044594 0.0066087 0.0050213 0.0033973 0.002805 0.0051093 0.0078196 0.0074595 0.0062154 0.00037379 -0.0024389 0.0048627 0.0027709 0.0056711 0.0014 -0.00093207 0.0017251 0.0055695 0.0041373 0.001151 0.0047692 0.0052049 0.0076973 0.010038 0.010214 0.0048623 0.0052124 0.0066544 0.0058339 0.0077021 0.0010158 0.00051334 0.0015308 -0.0011625 9.8913e-05 0.0035339 0.0027805 0.0076741 0.0040248 -0.0023159 -0.00098602 -0.0023352 0.0032903 0.0038728 -0.0061812 -0.0042984 0.0037351 0.0087821 0.0054651 0.0077034 0.0037268 0.0025778 0.0027036 -0.0018661 0.0017575 0.0021678 0.0061065 0.0052965 0.0029187 0.0099293 0.0035889 0.0016082 0.0039933 -0.00076365 0.001089 -0.0033056 -0.0033266 -0.0041171 -0.003899 -0.0022636 0.0035778 0.0054345 0.0024862 0.0043236 0.0032309 0.0051672 0.0056882 0.0090561 0.0075427 0.0080531 0.0050748 0.0067788 0.0044107 0.0076814 0.0078339 -0.00032289 0.0026761 0.0039547 0.0047348 -0.0028511 0.0079134 0.0042767 -1.3738e-05 -0.00045632
0.011839 0.0085966 0.0073609 0.015507 0.012715 0.015394 0.017233 0.01666 0.016491 0.013066 0.013292 0.011952 0.014394 0.013057 0.014046 0.010771 0.013639 0.018325 0.0172 0.016407 0.017422 0.02264 0.019613 0.017198 0.024096 0.024917 0.027955 0.027381 0.029964 0.02271 0.019205 0.018816 0.021323 0.023317 0.021644 0.024094 0.027851 0.021509 0.020338 0.017689 0.016693 0.019692 0.017665 0.017005 0.024035 0.024732 0.024323 0.020758 0.015792 0.023158 0.028103 0.028656 0.031608 0.02738 0.025182 0.027442 0.025952 0.023626 0.024574 0.028363 0.029287 0.02764 0.027114 0.02848 0.024981 0.027704 0.034613 0.039483 0.040606 0.038404 0.038379 0.036575 0.03378 0.027285 0.028264 0.027897 0.025014 0.025921 0.025953 0.026098 0.027147 0.032565 0.036996 0.038043 0.041741 0.047261 0.056265 0.060501 0.062127 0.068267 0.072604 0.06716 0.065527 0.06363 0.065904 0.060394 0.054653 0.053274 0.049236 0.049608 0.049272 0.047822 0.042623 0.0441 0.04079 0.033576 0.040248 0.042425 0.043078 0.046478 0.045081 0.055012 0.060273 0.061846 0.066403 0.065722 0.06675 0.061938 0.057835 0.05661 0.053955 0.049324 0.044046 0.040481 0.034565 0.033 0.03416 0.034557 0.035451 0.037008 0.037793 0.039653 0.036378 0.04005 0.040905 0.041701 0.046416 0.043471 0.041059 0.040359 0.044769 0.049982 0.051432 0.051327 0.051278 0.053251 0.052934 0.054605 0.0525 0.050541 0.046266 0.044411 0.039073 0.040272 0.036796 0.028218 0.023648 0.025003 0.023488 0.022685 0.024116 0.030394 0.035008 0.046282 0.049727 0.055806 0.061045 0.06607 0.0649 0.062909 0.061635 0.054581 0.04781 0.042346 0.034984 0.032526 0.027515 0.02802 0.028226 0.024372 0.020434 0.027381 0.021614 0.01932 0.024726 0.026931 0.030283 0.034491 0.043577 0.054489 0.066258 0.069672 0.076675 0.092115 0.099013 0.11001 0.11567 0.12011 0.12322 0.11679 0.10407 0.08771 0.076611 0.064876 0.055815 0.047217 0.045353 0.037109 0.035805 0.035491 0.031458 0.029691 0.025305 0.030076 0.027987 0.024832 0.018862 0.016557 0.0098497 0.0068876 0.006962 0.010337 0.02076 0.03424 0.04548 0.060036 0.076655 0.084174 0.091429 0.089046 0.085014 0.073126 0.059442 0.050491 0.048374 0.045994 0.04249 0.039127 0.038773 0.036132 0.034636 0.034826 0.031071 0.027117 0.02642 0.025007 0.019316 0.019419 0.014506 0.020025 0.018031 0.014503 0.015074 0.015772 0.016075 0.013375 0.013244 0.011377 0.015712 0.013635 0.013455 0.011456 0.012974 0.010361 0.013804 0.013396 0.01504 0.012191 0.0096471 0.011412 0.0088993 0.011957 0.01209 0.012813 0.016492 0.013885 0.014628 0.015652 0.015868 0.015824 0.018074 0.020903 0.023786 0.020761 0.01966 0.018547 0.019951 0.021448 0.021868 0.018945 0.020861 0.016396 0.01846 0.015049 0.012213 0.016143 0.015293 0.020038 0.018348 0.021302 0.02397 0.017195 0.017335 0.019364 0.018136 0.0193 0.012654 0.016745 0.019071 0.020385 0.015293 0.019575 0.021382 0.020987 0.024438 0.023354 0.029868 0.02954 0.028094 0.024714 0.024987 0.028484 0.03241 0.030449 0.034459 0.032261 0.031132 0.029943 0.033488 0.039644 0.046876 0.046648 0.049903 0.049827 0.050824 0.048356 0.051011 0.047731 0.043849 0.046103 0.046377 0.045124 0.04593 0.045756 0.044764 0.039617 0.040201 0.041385 0.040563 0.035153 0.032829 0.026882 0.032053 0.034459 0.033828 0.033572 0.035216 0.034757 0.038213 0.039373 0.039917 0.040951 0.038661 0.039417 0.042942 0.045395 0.053503 0.056713 0.058283 0.057896 0.060067 0.06468 0.063639 0.06281 0.059225 0.056718 0.058923 0.059865 0.059438 0.06775 0.078528 0.079608 0.090553 0.09787 0.096507 0.091746 0.083218 0.073402 0.065602 0.057204 0.054385 0.048371 0.044981 0.0445 0.04268 0.044231 0.042501 0.042498 0.041523 0.041682 0.040473 0.033904 0.030207 0.029685 0.02816 0.02747 0.025295 0.026216 0.023992 0.023339 0.021925 0.024798 0.0228 0.025987 0.020213 0.021423 0.023036 0.022892 0.021074 0.02099 0.019757 0.021934 0.02017 0.021854 0.022915 0.023757 0.019874 0.02055 0.024636 0.024082 0.020531 0.018589 0.023285 0.027537 0.026592 0.024885 0.028133 0.02809 0.024794 0.022302 0.021917 0.021186 0.02027 0.013936 0.018241 0.017377 0.021596 0.018157 0.015544 0.014995 0.017705 0.01529 0.015646 0.015861 0.010124 0.0067322 0.012032 0.011051 0.012554 0.015253 0.018514 0.02188 0.027519 0.027336 0.026249 0.030863 0.035588 0.042443 0.047276 0.034869 0.02902 0.028007 0.025876 0.026637 0.025672 0.030921 0.03161 0.03344 0.033407 0.040634 0.043594 0.049153 0.060235 0.071756 0.07836 0.083602 0.095187 0.10312 0.10609 0.10627 0.10292 0.10256 0.10024 0.091586 0.086279 0.079997 0.07719 0.073412 0.068777 0.063309 0.05832 0.056257 0.051358 0.050882 0.051814 0.043063 0.041372 0.037025 0.036369 0.035103 0.029902 0.022974 0.024925 0.025356 0.022796 0.020615 0.018687 0.021866 0.017685 0.017659 0.021244 0.019874 0.016491 0.01866 0.014299 0.014453 0.01672 0.01733 0.01449 0.019034 0.013981 0.012375 0.011082 0.009379 0.010487 0.013376 0.013513 0.013461 0.016398 0.012072 0.0069019 0.012426 0.015914 0.017803 0.021176 0.021426 0.030247 0.029468 0.034989 0.032309 0.033648 0.034856 0.038617 0.038647 0.038982 0.041711 0.042541 0.043137 0.042821 0.043761 0.037227 0.037223 0.040884 0.03757 0.032731 0.032795 0.029988 0.025421 0.024115 0.025375 0.016983 0.014902 0.015531 0.015305 0.012625 0.014318 0.011971 0.013905 0.014461 0.010346 0.0072506 0.0041479 0.0054089 0.008349 0.0062872 0.0076259 0.0082626 0.0068806 0.0069806 0.0099415 0.0054013 0.0045871 0.01234 0.0089579 0.0036779 0.005154 0.0075122 0.006538 0.0011349 0.0034048 0.0014712 0.00015111 -0.0016501 0.0021621 0.0053393 0.0046552 0.0050348 -0.00021045 -0.0012566 0.0059945 0.0036151 0.0052677 -4.327e-05 0.00023249 0.0018826 0.0036479 0.0019464 0.00040286 0.0015508 0.0042255 0.0042243 0.0084903 0.0073347 0.0019784 0.0046003 0.0062887 0.0043566 0.0048751 0.00042903 0.00066082 0.0014903 -0.00026784 2.0048e-05 0.001221 0.00037059 0.0037841 0.0039384 -0.0021952 -0.0022234 -0.0034297 0.0030305 0.0037059 -0.0023484 -0.002951 0.0027433 0.0074951 0.0035224 0.0062944 0.0025721 -0.00052031 0.0012633 -0.0025152 -0.0013913 -0.0014861 0.0021184 0.004144 0.0037703 0.0070286 0.0013259 -0.00057959 0.0016189 -0.0026571 -0.0011223 -0.0035083 -0.0020028 -0.0045104 -0.0038391 -0.0024183 0.0011254 0.0017574 0.002452 0.0036021 0.00087676 0.0026953 0.0037351 0.0068476 0.0048851 0.0064109 0.0051822 0.0050649 0.0035243 0.0063197 0.0050215 -0.00027847 0.0019966 0.0016837 0.003982 -0.0014083 0.0075991 0.0020986 -0.0018351 -0.00059411
0.0045049 0.0086372 0.0051097 0.0048946 0.012631 0.011983 0.012781 0.013198 0.012691 0.013964 0.010553 0.011447 0.0097351 0.012683 0.012407 0.014262 0.011374 0.014263 0.016497 0.016814 0.01846 0.018142 0.024687 0.020208 0.018013 0.023726 0.02454 0.026144 0.028238 0.029374 0.022956 0.020051 0.020952 0.022902 0.023513 0.022734 0.024762 0.028545 0.023869 0.021143 0.019029 0.018924 0.021075 0.019268 0.017441 0.023424 0.024692 0.023467 0.020752 0.016823 0.023101 0.028817 0.0301 0.033564 0.030525 0.031554 0.034327 0.032838 0.030717 0.031523 0.033708 0.035537 0.03412 0.034998 0.036037 0.033792 0.034065 0.040127 0.040451 0.039887 0.038353 0.03732 0.034438 0.033558 0.027815 0.029502 0.030295 0.027492 0.027747 0.029027 0.029594 0.031456 0.037485 0.041548 0.044681 0.049069 0.053913 0.062835 0.065166 0.068039 0.070885 0.072294 0.06639 0.064959 0.063826 0.06485 0.059046 0.054951 0.054222 0.049286 0.050667 0.049452 0.047364 0.040725 0.044033 0.042353 0.038677 0.04533 0.047342 0.050016 0.05433 0.055401 0.062516 0.067203 0.06558 0.069126 0.068772 0.068458 0.062367 0.057395 0.054608 0.05138 0.046402 0.041579 0.037858 0.033371 0.031788 0.035241 0.036158 0.036925 0.03629 0.037204 0.039032 0.036614 0.039507 0.040809 0.04206 0.045544 0.040705 0.039926 0.039273 0.044384 0.052128 0.056645 0.059109 0.058495 0.05765 0.056211 0.056244 0.049999 0.046495 0.042154 0.04051 0.035568 0.036826 0.032266 0.024457 0.021316 0.024851 0.023991 0.025209 0.028254 0.034906 0.041436 0.052744 0.055389 0.059715 0.064687 0.06606 0.061212 0.058367 0.055332 0.045886 0.039593 0.036832 0.028984 0.026947 0.02334 0.021703 0.022319 0.020232 0.016236 0.022723 0.020485 0.018183 0.023771 0.02841 0.034373 0.040227 0.050948 0.062244 0.071736 0.074012 0.081867 0.09801 0.11037 0.12329 0.12641 0.1268 0.12298 0.1109 0.09318 0.075041 0.062282 0.050432 0.042142 0.033352 0.030867 0.024262 0.02236 0.023692 0.020337 0.017695 0.015005 0.020451 0.021729 0.018859 0.01436 0.012944 0.0074486 0.0053783 0.0081432 0.014945 0.02768 0.042292 0.054246 0.066926 0.076955 0.078183 0.078931 0.074049 0.071412 0.063852 0.052625 0.048164 0.045825 0.043502 0.039035 0.034111 0.033328 0.030751 0.028131 0.028092 0.021699 0.01959 0.020125 0.019736 0.013033 0.011837 0.0084389 0.015783 0.014355 0.012291 0.010914 0.011881 0.012956 0.011489 0.011805 0.01111 0.013897 0.012786 0.012113 0.011818 0.013913 0.0093622 0.012896 0.011975 0.013041 0.011102 0.0081345 0.011291 0.0093336 0.013171 0.012518 0.013224 0.017646 0.016797 0.016295 0.01592 0.015428 0.015717 0.017924 0.020775 0.024053 0.021251 0.020539 0.017334 0.017349 0.018759 0.018027 0.017899 0.019986 0.013887 0.016532 0.014507 0.010403 0.014138 0.012203 0.019834 0.018776 0.020862 0.022636 0.016729 0.016577 0.018352 0.017368 0.019834 0.014713 0.01699 0.020222 0.01913 0.013727 0.016721 0.018452 0.018604 0.022769 0.024569 0.028041 0.028425 0.02845 0.024966 0.025153 0.027218 0.029791 0.027858 0.032995 0.034314 0.034438 0.035599 0.038842 0.044834 0.050306 0.04832 0.050051 0.048895 0.048394 0.046083 0.048378 0.045186 0.041631 0.042614 0.043575 0.043108 0.045233 0.04366 0.041532 0.036974 0.037363 0.039272 0.03742 0.032492 0.031123 0.027068 0.029407 0.031492 0.032571 0.032414 0.034197 0.034652 0.036996 0.040852 0.043276 0.043267 0.04103 0.042202 0.044542 0.047298 0.054882 0.057147 0.058799 0.058187 0.060599 0.065068 0.06315 0.062363 0.057436 0.054092 0.056569 0.059275 0.061668 0.069115 0.078145 0.075953 0.083736 0.085672 0.081157 0.076326 0.069249 0.061243 0.053347 0.046218 0.043198 0.03813 0.033985 0.034842 0.032575 0.03278 0.031019 0.030619 0.031319 0.031139 0.029474 0.024414 0.022933 0.021728 0.022725 0.022246 0.020465 0.02188 0.019794 0.018627 0.016419 0.020534 0.018421 0.02037 0.016749 0.018697 0.021988 0.020542 0.01812 0.018995 0.018822 0.018646 0.017199 0.019564 0.020789 0.022091 0.018334 0.020062 0.022327 0.021363 0.01762 0.017044 0.021886 0.025616 0.024188 0.023726 0.02535 0.023155 0.022683 0.020663 0.020261 0.021315 0.02056 0.014754 0.018779 0.017651 0.019837 0.015355 0.013887 0.014495 0.016658 0.014255 0.016492 0.017082 0.011958 0.0095807 0.01454 0.013699 0.017082 0.019616 0.024681 0.031642 0.037473 0.03818 0.037223 0.042697 0.046219 0.050065 0.050835 0.039139 0.032587 0.031011 0.02904 0.029539 0.02745 0.030713 0.032845 0.03532 0.0381 0.044406 0.04947 0.055458 0.068738 0.0853 0.096437 0.10468 0.1186 0.12629 0.12874 0.12634 0.12065 0.11416 0.10492 0.093099 0.085579 0.075696 0.071327 0.066604 0.059701 0.053519 0.048854 0.047884 0.043162 0.042533 0.044514 0.038296 0.034579 0.030908 0.03139 0.029021 0.02634 0.017974 0.018533 0.019883 0.017603 0.015204 0.013263 0.016267 0.013979 0.013308 0.015682 0.014341 0.011223 0.014155 0.010167 0.010884 0.013493 0.013805 0.011763 0.015351 0.01236 0.010009 0.0097734 0.009854 0.012574 0.01432 0.013111 0.013672 0.016445 0.014608 0.010938 0.018202 0.021042 0.02443 0.026732 0.025891 0.034573 0.032999 0.040077 0.036661 0.037036 0.0384 0.042336 0.042316 0.042894 0.044367 0.044554 0.044898 0.04392 0.043893 0.037276 0.037314 0.038429 0.034668 0.030185 0.030335 0.026776 0.022015 0.019388 0.017433 0.01288 0.011507 0.011341 0.010446 0.0088109 0.010424 0.0092821 0.011813 0.011095 0.0072687 0.0047266 0.0021296 0.0048958 0.0064852 0.0068114 0.0057887 0.0070623 0.0048108 0.0047891 0.0061231 0.0021435 0.0031402 0.0093569 0.0060866 0.0011842 0.0019708 0.0048946 0.0034153 -0.0015674 0.00085135 -0.0011839 -0.0020221 -0.003714 0.00055396 0.0036627 0.00267 0.0037148 9.2356e-05 4.6792e-05 0.005586 0.0037417 0.0049615 -0.00079283 0.0020108 0.0024523 0.0021358 0.00030059 0.0005003 -0.0012335 0.002231 0.00062823 0.0055179 0.0046761 -0.00022341 0.0033926 0.005379 0.0030676 0.0023098 0.00018743 0.0012326 0.0013794 0.00052856 0.00084185 0.00013097 -0.0015879 -0.00011799 0.0032184 -0.0024646 -0.0023155 -0.0033119 0.001946 0.0026743 0.0010212 -0.0011278 0.0018999 0.0055829 0.0018503 0.0042127 0.0020401 -0.0018192 0.00090058 -0.0011846 -0.0021885 -0.003659 -0.00078624 0.0023146 0.0038871 0.0035818 -0.00063356 -0.0020101 -0.0010655 -0.0041698 -0.0019421 -0.0025179 -0.00061065 -0.0032749 -0.0027178 -0.0020376 -0.00034235 -0.0008025 0.0021511 0.0028416 -0.0007781 0.0011818 0.0016506 0.0045246 0.0018002 0.0040836 0.0050469 0.0038794 0.0026555 0.0047898 0.0025073 -0.00071133 0.0008715 -9.7583e-06 0.0034992 -0.001478 0.0050544 -2.9472e-05 -0.0039414
0.0049094 0.0037128 0.0090165 0.0056599 0.0066273 0.012467 0.013956 0.013001 0.012111 0.012411 0.013694 0.010763 0.012627 0.010775 0.012596 0.013832 0.01665 0.013817 0.015809 0.016493 0.017344 0.020264 0.019917 0.026589 0.021814 0.020034 0.024285 0.02498 0.025742 0.029574 0.029788 0.02418 0.022217 0.024627 0.02589 0.025519 0.025141 0.026623 0.029996 0.027824 0.024032 0.022618 0.022631 0.024331 0.02266 0.018996 0.022978 0.025442 0.023158 0.021227 0.018423 0.023151 0.029576 0.031261 0.034663 0.032605 0.037599 0.040241 0.039004 0.038239 0.03829 0.038826 0.041021 0.040134 0.042297 0.043038 0.041627 0.0403 0.044142 0.040307 0.038332 0.037455 0.034754 0.031235 0.032556 0.02797 0.030494 0.032123 0.029681 0.029673 0.03175 0.032507 0.034648 0.040923 0.04493 0.049538 0.053582 0.057897 0.066277 0.067134 0.07072 0.069595 0.069383 0.064679 0.063284 0.062802 0.061755 0.057306 0.055227 0.055381 0.049719 0.052017 0.049916 0.04794 0.040593 0.044359 0.045019 0.045158 0.052106 0.053299 0.057553 0.061851 0.065682 0.06935 0.072513 0.069297 0.070679 0.07023 0.067658 0.060958 0.055933 0.052313 0.048666 0.043238 0.039105 0.035784 0.033918 0.032386 0.037081 0.037842 0.038939 0.036952 0.037519 0.038857 0.038054 0.038792 0.039098 0.040004 0.043191 0.038164 0.038171 0.038305 0.04401 0.053208 0.061562 0.066528 0.064905 0.060997 0.057546 0.055546 0.046649 0.041221 0.03726 0.035584 0.031224 0.032205 0.026784 0.020877 0.020397 0.024788 0.024365 0.027503 0.032969 0.040295 0.046976 0.057065 0.059264 0.062727 0.066395 0.064291 0.056067 0.051777 0.047925 0.037647 0.031806 0.03035 0.022702 0.021003 0.019639 0.015824 0.017572 0.017423 0.014075 0.019006 0.0208 0.018763 0.02408 0.031033 0.038758 0.045101 0.055954 0.066657 0.0738 0.07548 0.083301 0.10015 0.11761 0.1309 0.13222 0.12831 0.11782 0.10117 0.080082 0.06146 0.048491 0.036193 0.02975 0.021808 0.019814 0.01593 0.012856 0.015445 0.013651 0.0097923 0.0086103 0.013131 0.015578 0.014072 0.01051 0.0096699 0.0053725 0.0055692 0.0096184 0.019464 0.033414 0.047513 0.05952 0.068403 0.071083 0.067645 0.063527 0.056874 0.055445 0.052939 0.045145 0.04414 0.041471 0.039304 0.035052 0.030846 0.029503 0.026372 0.022874 0.022187 0.014952 0.015022 0.016148 0.016976 0.0097158 0.0068604 0.0051368 0.012486 0.011638 0.010819 0.0079022 0.0092745 0.010746 0.010269 0.01059 0.010445 0.012147 0.012737 0.010906 0.011678 0.013886 0.0091238 0.012311 0.011103 0.012039 0.010363 0.0078809 0.012184 0.011272 0.015853 0.013885 0.01422 0.018787 0.019482 0.01748 0.015788 0.015636 0.015705 0.016799 0.019262 0.022643 0.020431 0.020792 0.016492 0.015999 0.016144 0.014577 0.016113 0.018199 0.011673 0.014262 0.013886 0.0090992 0.01292 0.010798 0.019568 0.019379 0.020374 0.020618 0.016076 0.016552 0.018149 0.017078 0.020497 0.016991 0.016618 0.019559 0.017685 0.012125 0.013841 0.015753 0.016637 0.020182 0.024175 0.025176 0.025291 0.026793 0.024137 0.024914 0.025951 0.026875 0.025871 0.031238 0.035168 0.036584 0.039907 0.042396 0.047824 0.051817 0.047834 0.048943 0.047341 0.044332 0.042904 0.044572 0.041745 0.038413 0.038852 0.040722 0.03967 0.042326 0.040234 0.038486 0.035186 0.035519 0.03676 0.033593 0.030194 0.029581 0.027162 0.027635 0.029559 0.031486 0.032469 0.033803 0.034324 0.035394 0.041161 0.044237 0.043575 0.042652 0.043601 0.044676 0.047431 0.053809 0.055411 0.057068 0.056921 0.058833 0.062165 0.060403 0.060346 0.05482 0.051387 0.053204 0.057172 0.062099 0.069273 0.075834 0.070573 0.07429 0.071298 0.064997 0.0604 0.053999 0.047814 0.040773 0.036321 0.033527 0.031061 0.026992 0.027521 0.025865 0.024938 0.023679 0.022589 0.024075 0.023108 0.022412 0.019402 0.019202 0.016641 0.019188 0.020089 0.018304 0.019651 0.017458 0.016143 0.013784 0.018184 0.016083 0.017344 0.015285 0.01723 0.021052 0.018906 0.016649 0.016886 0.018106 0.016308 0.015833 0.018219 0.019581 0.020189 0.017181 0.019616 0.019825 0.018855 0.015923 0.016435 0.021181 0.024614 0.022 0.023564 0.023132 0.018935 0.020898 0.019485 0.0185 0.021292 0.020978 0.016549 0.01897 0.01771 0.018409 0.013934 0.013756 0.015483 0.016393 0.014654 0.017781 0.018194 0.014237 0.013452 0.018135 0.016844 0.021724 0.025596 0.03152 0.040483 0.045783 0.047374 0.047016 0.052479 0.053695 0.054232 0.05164 0.041928 0.036029 0.03376 0.032021 0.032853 0.030041 0.031136 0.034591 0.037748 0.041989 0.047291 0.054769 0.060645 0.076832 0.097072 0.11129 0.12254 0.13805 0.14419 0.14581 0.14119 0.13384 0.12258 0.10784 0.094057 0.084204 0.072558 0.06752 0.061911 0.053228 0.046768 0.042477 0.041687 0.03778 0.037159 0.03924 0.034988 0.030664 0.026813 0.028117 0.025092 0.024045 0.015756 0.014881 0.015657 0.01463 0.012619 0.0093267 0.012483 0.011495 0.01011 0.011658 0.010827 0.0078507 0.01188 0.0087799 0.0096992 0.013004 0.012198 0.011168 0.013065 0.011056 0.0084696 0.0091695 0.010315 0.01472 0.014979 0.013265 0.014616 0.016802 0.017477 0.015331 0.023449 0.025726 0.030007 0.031253 0.028758 0.036492 0.034792 0.041754 0.038409 0.038019 0.039206 0.042791 0.04313 0.045161 0.045324 0.043484 0.044068 0.042984 0.042082 0.035774 0.035547 0.034872 0.031132 0.027726 0.027799 0.023184 0.017979 0.015054 0.011343 0.010487 0.0091181 0.0082458 0.0072307 0.0070372 0.008236 0.0078663 0.0097406 0.0084405 0.0054609 0.0037465 0.001424 0.004739 0.005194 0.0071927 0.004475 0.0060216 0.0046844 0.0047009 0.003755 0.00065016 0.0020314 0.0059087 0.0040078 0.0001997 0.00065807 0.0028243 0.00055146 -0.0035342 -0.0012823 -0.002966 -0.0028593 -0.0035141 0.00020325 0.0027017 0.0014135 0.0022282 0.00054114 0.00078272 0.0038271 0.0032162 0.0042999 -0.0016015 0.002973 0.0026375 0.0014223 -0.00044814 0.0008009 -0.0033328 -0.00020964 -0.0024091 0.0017975 0.0026939 -0.0011513 0.0018727 0.0039675 0.0015776 3.5679e-05 0.00011653 0.0014692 0.0014967 0.0011842 0.0018141 -0.00016234 -0.002435 -0.0028596 0.0016921 -0.0029566 -0.0017291 -0.0024098 0.00044696 0.00093518 0.0019664 -0.00024856 0.00086731 0.0027742 0.0002703 0.0013435 0.0012367 -0.0022136 0.00082024 0.00086653 -0.001203 -0.0038833 -0.0020857 0.0003936 0.0034169 0.00065406 -0.001512 -0.0021002 -0.0031774 -0.0051149 -0.0017486 -0.0012555 -0.00016759 -0.0015794 -0.0011821 -0.0015879 -0.0006412 -0.0016145 0.0014796 0.0016803 -0.0018247 0.00072429 -0.00020009 0.002556 -0.001022 0.0017687 0.004496 0.0030612 0.0021654 0.0035395 0.00087331 -0.0013739 -0.00088047 -0.0012579 0.0025998 -0.0029305 0.0012519 -0.0018826
0.0074732 0.0070669 0.012613 0.0097187 0.0115 0.014866 0.017566 0.015517 0.01378 0.015399 0.01571 0.013121 0.016547 0.014622 0.01409 0.01665 0.020623 0.017381 0.018098 0.018452 0.019324 0.022236 0.023316 0.028282 0.024584 0.023499 0.026553 0.027011 0.027314 0.032013 0.031945 0.026911 0.025709 0.029338 0.030228 0.029171 0.028659 0.029801 0.032748 0.032862 0.028934 0.027642 0.027029 0.028344 0.027044 0.021829 0.023198 0.027496 0.024407 0.022907 0.021017 0.024049 0.030732 0.032414 0.035643 0.034051 0.042579 0.04466 0.044011 0.045278 0.044423 0.043801 0.045583 0.045101 0.048109 0.048505 0.047764 0.045658 0.046612 0.040009 0.037668 0.036712 0.03267 0.028976 0.032047 0.028612 0.031526 0.033908 0.031907 0.032027 0.034045 0.034997 0.037804 0.043354 0.047481 0.052886 0.055995 0.059751 0.067198 0.067338 0.070682 0.066423 0.066262 0.063719 0.06181 0.062021 0.058786 0.056684 0.056407 0.057141 0.051343 0.054076 0.051222 0.050023 0.042921 0.045723 0.048543 0.051984 0.05926 0.059762 0.064852 0.068243 0.074418 0.07545 0.076511 0.073334 0.072001 0.071185 0.066031 0.059358 0.054554 0.050828 0.047108 0.04154 0.038273 0.035191 0.036381 0.034788 0.03927 0.039358 0.041463 0.039263 0.039322 0.03996 0.040479 0.038447 0.037329 0.037311 0.040751 0.03633 0.036431 0.037887 0.044336 0.054028 0.06625 0.072346 0.069328 0.063061 0.057624 0.053799 0.044011 0.036479 0.033168 0.030685 0.026761 0.027568 0.02198 0.017924 0.020699 0.024759 0.024485 0.029141 0.037242 0.044995 0.050456 0.058856 0.061049 0.064228 0.066294 0.061167 0.050564 0.045024 0.041085 0.03207 0.0266 0.02454 0.017341 0.016154 0.017035 0.011316 0.014427 0.016329 0.014054 0.016821 0.021822 0.020645 0.025821 0.034333 0.042867 0.048824 0.057977 0.067496 0.072916 0.075271 0.082875 0.10026 0.12094 0.13302 0.13342 0.12574 0.11075 0.091772 0.068751 0.050535 0.038341 0.025571 0.021419 0.014563 0.013422 0.01199 0.0076921 0.01099 0.0108 0.0059409 0.0059044 0.0086949 0.010151 0.010494 0.0078469 0.0074567 0.0040919 0.0071807 0.01171 0.023328 0.037335 0.049659 0.060543 0.065077 0.061461 0.055499 0.04914 0.041866 0.041336 0.043344 0.03908 0.039874 0.036806 0.034727 0.031284 0.029472 0.027549 0.023719 0.019975 0.018501 0.011509 0.013195 0.014258 0.016509 0.0093689 0.0049203 0.0045312 0.010091 0.0096318 0.0099242 0.0063716 0.0081607 0.0097132 0.0093669 0.0093923 0.0094575 0.010569 0.012994 0.01024 0.011293 0.012888 0.0096604 0.012114 0.01095 0.011709 0.0098418 0.0090491 0.013834 0.013507 0.018745 0.015894 0.015592 0.019899 0.021602 0.017811 0.014893 0.016097 0.015489 0.014858 0.016787 0.019899 0.018351 0.020238 0.015727 0.01576 0.013762 0.011675 0.014018 0.015768 0.0096941 0.012175 0.013665 0.0084603 0.012412 0.011257 0.019251 0.019854 0.019616 0.018174 0.015049 0.01629 0.01819 0.016856 0.021076 0.018427 0.015672 0.017761 0.016236 0.010614 0.011522 0.014048 0.015521 0.017389 0.022345 0.022065 0.021164 0.023483 0.022436 0.023769 0.024707 0.024452 0.025539 0.029872 0.035247 0.037709 0.042429 0.04445 0.048722 0.05172 0.04636 0.046993 0.045501 0.03981 0.0394 0.040687 0.038113 0.034996 0.035783 0.03838 0.03582 0.038297 0.036239 0.036199 0.034867 0.03448 0.033641 0.029487 0.02803 0.02836 0.027078 0.02673 0.02865 0.030128 0.033085 0.033814 0.033786 0.033589 0.040074 0.042933 0.041941 0.042863 0.043461 0.04383 0.046121 0.05093 0.05244 0.053901 0.054908 0.055609 0.057891 0.056515 0.057458 0.052094 0.048986 0.049667 0.054402 0.060965 0.06795 0.071901 0.064166 0.063704 0.057477 0.051064 0.047122 0.040926 0.036133 0.030635 0.02917 0.026953 0.027637 0.02369 0.022586 0.022317 0.020697 0.020229 0.018344 0.020006 0.01799 0.018938 0.017757 0.017653 0.013897 0.017108 0.019781 0.017725 0.018684 0.01613 0.014716 0.013012 0.016706 0.014716 0.015965 0.014579 0.016006 0.019311 0.017091 0.015315 0.014188 0.016975 0.014447 0.014703 0.01681 0.018366 0.017806 0.016062 0.018463 0.017254 0.017209 0.015433 0.016264 0.020554 0.02385 0.020114 0.024073 0.0213 0.015792 0.019219 0.018737 0.017085 0.020927 0.020818 0.018153 0.018692 0.017105 0.017335 0.013741 0.014828 0.016952 0.016575 0.015708 0.018933 0.018949 0.016429 0.017438 0.021811 0.019772 0.025409 0.032096 0.037972 0.047109 0.051453 0.054516 0.055055 0.060124 0.058599 0.056346 0.051629 0.044133 0.039461 0.036636 0.034929 0.036925 0.033911 0.032834 0.036702 0.040664 0.044921 0.048973 0.058659 0.064721 0.0835 0.10516 0.12088 0.13471 0.15063 0.15478 0.15557 0.14914 0.14068 0.12637 0.1086 0.094226 0.082087 0.070685 0.065445 0.059051 0.049179 0.042657 0.038936 0.037406 0.03483 0.034272 0.035838 0.032821 0.029168 0.024685 0.026165 0.023104 0.021919 0.014852 0.013455 0.013105 0.013353 0.012208 0.0065275 0.0099267 0.0093946 0.0073004 0.0086929 0.0085645 0.0056985 0.010961 0.0092446 0.009716 0.013501 0.011413 0.01121 0.011407 0.0093009 0.0075386 0.0092452 0.010162 0.016126 0.015064 0.014011 0.016147 0.017321 0.019943 0.0193 0.026981 0.029157 0.033712 0.033846 0.029353 0.035817 0.034744 0.040639 0.038176 0.037105 0.037933 0.04071 0.041391 0.045107 0.044596 0.040144 0.041393 0.040237 0.038687 0.033211 0.032458 0.030606 0.027269 0.025799 0.025539 0.019912 0.013799 0.011846 0.0076655 0.0094139 0.0075312 0.0063135 0.0055556 0.0069211 0.007304 0.0073139 0.0080345 0.0066365 0.0047874 0.0035076 0.0016803 0.0043281 0.0043369 0.0072074 0.0035465 0.0051275 0.0058148 0.0058499 0.002894 0.0010122 0.0015229 0.0024056 0.002317 -7.8636e-05 0.00034343 0.00099889 -0.0015135 -0.0046965 -0.0030857 -0.004205 -0.0025918 -0.0018526 0.00059948 0.0019894 0.00049643 0.0005815 0.00069092 0.00055915 0.0012357 0.0021876 0.0029554 -0.0031007 0.0023332 0.0020663 0.001403 -0.0004954 0.00048968 -0.0048543 -0.0024656 -0.0046194 -0.0018524 0.0013188 -0.0011167 0.00024807 0.002043 -0.00023618 -0.0019636 3.9998e-05 0.00095822 0.0017415 0.0014252 0.0023066 -0.00017354 -0.0020449 -0.0042993 -0.00071167 -0.0038296 -0.0011904 -0.0014593 -0.0011827 -0.0010838 -0.00017529 -0.0011767 -0.00066263 -0.00075446 -0.0014206 -0.0022182 -0.00036268 -0.0025588 0.00044869 0.002325 0.00031137 -0.0025351 -0.0018868 -0.0011449 0.002542 -0.001262 -0.0013192 -0.0012103 -0.0042563 -0.0056734 -0.0014907 -0.00060593 -0.0010522 -0.00025346 0.00024907 -0.0011916 4.1217e-05 -0.00095416 0.00028351 -0.00016248 -0.0025002 0.00090395 -0.0016588 0.0010874 -0.0029699 2.7846e-05 0.0036899 0.0024418 0.0019919 0.0027701 0.00015462 -0.0021979 -0.0031331 -0.0024509 0.00083791 -0.0051965 -0.0025642 -0.0033956
0.013721 0.014571 0.019685 0.01731 0.019123 0.020223 0.022684 0.020359 0.0185 0.021885 0.020692 0.017927 0.023128 0.021119 0.018034 0.021084 0.025978 0.022105 0.021649 0.022868 0.023839 0.025506 0.028841 0.030243 0.029123 0.028874 0.031293 0.031352 0.031 0.035913 0.036138 0.031377 0.030307 0.034629 0.035982 0.034294 0.032989 0.034249 0.03676 0.03851 0.03535 0.033268 0.031414 0.032156 0.031325 0.025725 0.024486 0.030997 0.027818 0.02615 0.024838 0.026278 0.032459 0.033951 0.037388 0.035691 0.04646 0.047642 0.048013 0.05129 0.049802 0.048689 0.049635 0.049199 0.052503 0.052323 0.052463 0.049919 0.048155 0.040439 0.039009 0.036869 0.032208 0.028993 0.03308 0.030457 0.032975 0.03606 0.034777 0.035169 0.036093 0.037482 0.042005 0.045485 0.049615 0.055344 0.057531 0.060656 0.066681 0.067007 0.069033 0.063316 0.064763 0.064549 0.061304 0.062285 0.057362 0.057634 0.058701 0.059484 0.054434 0.057178 0.053893 0.053903 0.047658 0.04844 0.052567 0.058374 0.065612 0.066041 0.071263 0.073166 0.080992 0.081055 0.079755 0.077645 0.073947 0.072667 0.065271 0.058928 0.054053 0.050616 0.047155 0.041979 0.039857 0.036103 0.040242 0.038726 0.041424 0.040577 0.044239 0.043163 0.042738 0.042703 0.043201 0.038416 0.03665 0.035496 0.039094 0.034853 0.03517 0.038008 0.045633 0.055185 0.070735 0.075986 0.071345 0.06378 0.057342 0.052333 0.042969 0.033363 0.030879 0.026632 0.02255 0.023646 0.018953 0.015878 0.021703 0.024665 0.02474 0.03024 0.040439 0.047895 0.051775 0.058422 0.061023 0.064061 0.064851 0.056933 0.04516 0.039199 0.035623 0.030009 0.024752 0.020228 0.013674 0.013403 0.015816 0.008384 0.012694 0.016723 0.015482 0.015976 0.022698 0.022882 0.028567 0.037386 0.04588 0.051414 0.057565 0.065665 0.070234 0.074275 0.082265 0.099897 0.12108 0.13061 0.13069 0.12017 0.10381 0.085305 0.061259 0.043958 0.032874 0.019768 0.017742 0.0116 0.011224 0.011134 0.0061354 0.0093411 0.010129 0.0047483 0.0054233 0.0066617 0.0058531 0.007876 0.006745 0.0066318 0.0038657 0.0095485 0.014653 0.026428 0.039424 0.049468 0.057684 0.058475 0.050841 0.044209 0.038157 0.031104 0.031277 0.036398 0.035244 0.036497 0.033346 0.030954 0.028305 0.029417 0.027011 0.022765 0.019732 0.017609 0.011238 0.013283 0.013834 0.017617 0.011394 0.0055414 0.0059228 0.0086576 0.0080142 0.0093997 0.0061638 0.008246 0.0097911 0.0085253 0.0083392 0.0086212 0.0093362 0.013043 0.010156 0.010823 0.011275 0.010605 0.011941 0.011377 0.011642 0.009506 0.011344 0.015774 0.014921 0.020664 0.01813 0.017021 0.021081 0.022911 0.017164 0.013223 0.016257 0.014777 0.012489 0.01389 0.016381 0.015483 0.018784 0.014509 0.016252 0.011981 0.0093314 0.01217 0.013296 0.0079328 0.010804 0.014168 0.008482 0.012235 0.013107 0.0189 0.019949 0.0186 0.015628 0.013691 0.014914 0.017544 0.016455 0.021555 0.018561 0.0143 0.015563 0.014876 0.0094365 0.01036 0.013656 0.01534 0.015034 0.019699 0.019559 0.017109 0.019303 0.020176 0.021574 0.023414 0.022773 0.026873 0.029237 0.035119 0.03819 0.043456 0.045483 0.047889 0.050338 0.044684 0.044403 0.043278 0.035469 0.035885 0.03747 0.034852 0.031985 0.033776 0.036522 0.032456 0.034339 0.032461 0.034705 0.035866 0.033464 0.029865 0.025321 0.025603 0.027407 0.026684 0.025969 0.027881 0.027842 0.033341 0.033721 0.033189 0.031591 0.037901 0.040302 0.038857 0.041217 0.04202 0.042463 0.04398 0.047275 0.04906 0.049762 0.052901 0.051892 0.053828 0.052346 0.054127 0.049498 0.047041 0.046669 0.051449 0.058475 0.064859 0.066586 0.057015 0.052892 0.045965 0.040834 0.03807 0.031937 0.027871 0.024089 0.025082 0.023579 0.026752 0.02273 0.019347 0.020891 0.019237 0.019524 0.017005 0.018574 0.015123 0.017959 0.018022 0.016626 0.012664 0.015952 0.019645 0.017232 0.017893 0.014932 0.013113 0.012705 0.015071 0.013022 0.014747 0.013324 0.014067 0.016564 0.014553 0.013073 0.011122 0.015128 0.012688 0.012796 0.014655 0.016696 0.015124 0.014668 0.016079 0.014772 0.016849 0.016077 0.016191 0.019753 0.022875 0.018601 0.024824 0.019781 0.013685 0.017476 0.018112 0.01628 0.020015 0.019641 0.018859 0.018117 0.015749 0.016446 0.01436 0.016878 0.018198 0.016928 0.01678 0.019716 0.019288 0.018245 0.02114 0.024962 0.022355 0.027853 0.038278 0.043106 0.050716 0.054254 0.059881 0.060997 0.065531 0.061655 0.057727 0.052025 0.046487 0.042878 0.039815 0.03773 0.041923 0.039167 0.036111 0.039012 0.043814 0.047208 0.049989 0.061078 0.06815 0.08847 0.10885 0.12482 0.14041 0.15549 0.15798 0.15806 0.15016 0.14077 0.12519 0.107 0.093409 0.078906 0.06926 0.063948 0.056487 0.046033 0.039959 0.037142 0.034185 0.033223 0.032835 0.033605 0.031087 0.028801 0.023971 0.02479 0.022089 0.018832 0.013706 0.013383 0.012399 0.012845 0.013092 0.0046828 0.0078083 0.0070914 0.0042509 0.0061345 0.0067414 0.0040335 0.010417 0.010245 0.0098158 0.013565 0.010472 0.010716 0.0095805 0.0068162 0.006896 0.0098931 0.0092416 0.016346 0.01444 0.015132 0.018045 0.018197 0.021794 0.022331 0.028373 0.031101 0.035258 0.034181 0.027581 0.033053 0.0334 0.037981 0.036843 0.035111 0.03536 0.036864 0.037692 0.042418 0.042421 0.03546 0.037689 0.036311 0.034284 0.03008 0.028709 0.025986 0.023337 0.024378 0.023495 0.017347 0.0099628 0.0099243 0.006015 0.0089313 0.0062863 0.0053708 0.0052026 0.0078147 0.0067253 0.0070845 0.0070726 0.0057657 0.0049944 0.0032881 0.0023218 0.003476 0.0038763 0.0067259 0.0026529 0.0042151 0.0070644 0.0070321 0.0031071 0.0028267 0.0017481 -0.00091082 0.00065569 -0.00030375 0.00010446 -0.00087265 -0.0027024 -0.0049874 -0.0045361 -0.0054292 -0.0017265 0.00034497 0.0010554 0.0010059 -0.00055061 -0.0012376 0.00057324 -0.00059334 -0.001684 0.00087934 0.00091023 -0.0055173 3.6647e-05 0.00087101 0.0018496 -0.00023257 -0.00084744 -0.0062213 -0.0042299 -0.0060739 -0.0047625 3.2926e-05 -0.0010371 -0.0014686 -0.00047373 -0.0022782 -0.0037858 -0.00024774 -0.000372 0.0016787 0.00089425 0.0020284 -0.00026959 -0.00069639 -0.0049796 -0.0038167 -0.0054111 -0.0013298 -0.0011109 -0.0027863 -0.0027847 -0.004744 -0.003933 -0.0026885 -0.0044434 -0.0032624 -0.0061259 -0.0026959 -0.0032505 -0.00032347 0.0024612 0.0011852 -0.0005139 -0.00056522 -0.0020436 0.0013701 -0.0022581 -0.00059115 -0.0001281 -0.0041779 -0.0061323 -0.0021178 -0.0011121 -0.0030426 0.00039401 0.0013646 -0.00074645 0.0013532 0.00041503 -0.0015809 -0.0027371 -0.0029224 0.0011921 -0.0026476 9.6579e-05 -0.0035144 -0.00071078 0.0030598 0.00193 0.0017951 0.0024296 3.1535e-05 -0.0032986 -0.0055142 -0.0038973 -0.0017618 -0.0076143 -0.0054296 -0.0046338
0.022622 0.02437 0.027052 0.031464 0.029399 0.030205 0.029537 0.030465 0.02846 0.027334 0.032988 0.029992 0.026508 0.032822 0.030789 0.026189 0.02828 0.033287 0.029016 0.027785 0.030672 0.032381 0.031684 0.036976 0.033339 0.036423 0.036719 0.039173 0.038596 0.036594 0.041352 0.042415 0.037539 0.035707 0.040266 0.043478 0.04093 0.03801 0.039873 0.041512 0.044342 0.04251 0.038821 0.035202 0.035068 0.034307 0.030173 0.027106 0.035911 0.033652 0.031064 0.030045 0.030079 0.034744 0.036307 0.040662 0.038245 0.049544 0.049258 0.051115 0.055831 0.054252 0.053231 0.053768 0.053044 0.056013 0.054758 0.056265 0.052971 0.049436 0.042099 0.042822 0.038263 0.03345 0.0317 0.036205 0.033934 0.035102 0.03885 0.039103 0.039508 0.038365 0.04041 0.047908 0.047744 0.051486 0.057385 0.05911 0.061832 0.065631 0.067169 0.066832 0.061495 0.065765 0.067318 0.061807 0.063522 0.05804 0.059639 0.061535 0.061963 0.058724 0.061403 0.058155 0.05968 0.054163 0.052483 0.05672 0.063856 0.070417 0.071329 0.076254 0.076598 0.085365 0.086235 0.082598 0.081866 0.077235 0.075468 0.066675 0.060519 0.054765 0.051518 0.048563 0.044252 0.043746 0.037885 0.044609 0.043829 0.043156 0.041381 0.046809 0.048342 0.047346 0.046979 0.045479 0.038268 0.037552 0.035474 0.038479 0.032778 0.034567 0.038339 0.047796 0.056778 0.074649 0.077173 0.070899 0.062942 0.057389 0.052067 0.043658 0.032339 0.030774 0.023938 0.018575 0.020678 0.018092 0.014919 0.022767 0.0244 0.025873 0.031388 0.042331 0.04834 0.05146 0.056184 0.059685 0.062307 0.062476 0.05156 0.039828 0.034638 0.031638 0.031092 0.025698 0.017206 0.011848 0.013224 0.016089 0.0068981 0.01179 0.01803 0.0173 0.015827 0.022691 0.024227 0.031384 0.039071 0.046787 0.053091 0.055771 0.06232 0.066749 0.072372 0.082077 0.099705 0.11828 0.12434 0.12428 0.11185 0.097278 0.082559 0.057738 0.041767 0.031615 0.01822 0.017719 0.011678 0.011893 0.011798 0.0073198 0.0092761 0.010127 0.004555 0.0052506 0.0061533 0.0030123 0.0060192 0.0074802 0.0071425 0.0044791 0.011601 0.018324 0.028665 0.03979 0.047854 0.051649 0.050151 0.041379 0.035138 0.031179 0.024584 0.025533 0.031891 0.033294 0.034701 0.032614 0.028948 0.026604 0.029815 0.027202 0.023175 0.021862 0.019399 0.013587 0.014392 0.014235 0.019449 0.015109 0.00806 0.0086121 0.0083879 0.0064599 0.0090371 0.0069482 0.0090385 0.010773 0.0075855 0.007786 0.0085113 0.0085936 0.01253 0.010239 0.010122 0.0094346 0.011168 0.011019 0.011718 0.011391 0.0094932 0.014191 0.017352 0.014516 0.020488 0.020136 0.018043 0.022443 0.023151 0.015436 0.010955 0.015449 0.013072 0.010148 0.011062 0.012546 0.012399 0.016322 0.012225 0.017155 0.011303 0.0075091 0.011028 0.011476 0.0063858 0.010639 0.01554 0.0090254 0.01194 0.015506 0.018396 0.019344 0.017482 0.013267 0.012285 0.011985 0.015282 0.015753 0.02193 0.017252 0.012409 0.013278 0.013538 0.0088669 0.01099 0.014594 0.015885 0.013635 0.017015 0.018527 0.013948 0.015306 0.017662 0.018573 0.022014 0.021518 0.029045 0.029353 0.035208 0.03809 0.043444 0.045573 0.045392 0.047464 0.042867 0.040988 0.040041 0.031161 0.032038 0.034974 0.032186 0.02957 0.032585 0.034495 0.030059 0.031205 0.029366 0.033579 0.037403 0.031291 0.025477 0.020988 0.02226 0.026451 0.025637 0.024127 0.02585 0.023947 0.032368 0.032929 0.032712 0.029086 0.0351 0.03741 0.034779 0.037431 0.03968 0.040816 0.041452 0.043699 0.045682 0.044541 0.051173 0.048237 0.050448 0.048025 0.050102 0.046693 0.045493 0.044547 0.048116 0.054347 0.059534 0.059892 0.048903 0.042069 0.037542 0.034422 0.033537 0.027356 0.023361 0.020852 0.023441 0.022441 0.026437 0.022499 0.016845 0.020267 0.019648 0.02036 0.017523 0.018954 0.013334 0.018492 0.019195 0.01491 0.012439 0.01544 0.018146 0.015425 0.016198 0.013148 0.010302 0.011466 0.012436 0.0097959 0.012211 0.010478 0.010547 0.013129 0.011086 0.0092947 0.0081906 0.012323 0.010844 0.0095154 0.01145 0.014554 0.012512 0.012511 0.012014 0.0125 0.017945 0.017626 0.015874 0.01879 0.021467 0.017359 0.02527 0.018612 0.01217 0.015465 0.017053 0.016207 0.018311 0.017217 0.018437 0.017444 0.013799 0.015403 0.015309 0.019971 0.018961 0.017291 0.017665 0.020098 0.01918 0.019601 0.024689 0.027505 0.024965 0.029233 0.043551 0.046021 0.050607 0.054242 0.063745 0.064272 0.06794 0.06296 0.059041 0.053011 0.049198 0.046301 0.043289 0.040313 0.04791 0.045598 0.04086 0.041357 0.046644 0.049171 0.051214 0.062217 0.071284 0.091793 0.10799 0.12329 0.13932 0.15239 0.15403 0.15356 0.14463 0.13421 0.11899 0.10271 0.091247 0.074084 0.066972 0.06161 0.052253 0.041791 0.03729 0.035789 0.03108 0.031749 0.031843 0.031632 0.028886 0.028069 0.02398 0.023324 0.020764 0.013944 0.011177 0.014067 0.013672 0.012229 0.014693 0.0039993 0.0054365 0.0043405 0.00064572 0.0034701 0.0049872 0.0025485 0.0095456 0.010404 0.0092963 0.012335 0.0085328 0.0089312 0.006832 0.0035933 0.0061262 0.010759 0.0074614 0.014959 0.012841 0.01609 0.019937 0.019822 0.023025 0.024 0.027609 0.031518 0.034536 0.032254 0.023649 0.028806 0.031333 0.034953 0.034994 0.032641 0.031908 0.03158 0.032348 0.036878 0.038978 0.030061 0.033318 0.031747 0.0293 0.026526 0.024755 0.021359 0.019573 0.023178 0.021468 0.015645 0.0068781 0.0090812 0.0057956 0.0085585 0.0049775 0.0052731 0.0061087 0.0090876 0.0054622 0.0066428 0.0071948 0.0060186 0.0059643 0.0028436 0.0028475 0.0026616 0.0040166 0.0056871 0.0013506 0.0030564 0.0072883 0.007296 0.0038357 0.0054797 0.0027086 -0.0040775 -0.0012652 -0.00094763 -0.00085233 -0.003043 -0.0034469 -0.004197 -0.005603 -0.0073112 -0.00082782 0.0023371 0.0008358 -0.00061747 -0.0022048 -0.0033391 0.00054774 -0.0023432 -0.0046154 -0.00036463 -0.0015279 -0.0086409 -0.0035151 -0.00041949 0.0028382 6.8645e-05 -0.0029453 -0.007938 -0.0055391 -0.0068758 -0.0064609 -0.0019048 -0.002152 -0.0034309 -0.003715 -0.0042435 -0.0055277 -0.0010778 -0.002446 0.00055768 -0.00082317 0.0009658 -0.00068315 0.0011205 -0.0056341 -0.00713 -0.00806 -0.0025478 -0.0017411 -0.0041909 -0.003424 -0.010134 -0.0078215 -0.0047621 -0.0074082 -0.0050684 -0.0097674 -0.0051558 -0.0041034 -0.0011034 0.0012757 0.00073929 0.0010133 0.0015061 -0.0022027 -2.0606e-05 -0.0026597 -4.1395e-05 0.00037599 -0.0028912 -0.0066481 -0.0042312 -0.0029672 -0.005497 0.0004234 0.0021752 -0.00020631 0.0028513 0.001586 -0.0043337 -0.0058167 -0.0028902 0.0012048 -0.0029506 -0.00035164 -0.0020063 2.9673e-05 0.0032085 0.0015419 0.0011369 0.0024037 0.00014729 -0.004851 -0.0073654 -0.0055438 -0.0046242 -0.0096551 -0.0068404
0.03599 0.041385 0.046505 0.050425 0.048176 0.046711 0.044343 0.04361 0.04198 0.042303 0.050804 0.045584 0.041272 0.046821 0.045137 0.041438 0.040367 0.044312 0.040331 0.038955 0.043459 0.047014 0.042941 0.048293 0.038876 0.047804 0.047499 0.050598 0.049201 0.043545 0.048005 0.050737 0.044948 0.041508 0.046341 0.053481 0.049397 0.043934 0.046613 0.046048 0.049654 0.049368 0.043749 0.037895 0.03654 0.03476 0.034415 0.031279 0.04225 0.041912 0.037779 0.036923 0.035726 0.03741 0.039949 0.046029 0.041897 0.052065 0.049164 0.052775 0.058247 0.057155 0.056602 0.058553 0.057511 0.059044 0.055885 0.059284 0.05426 0.050558 0.044835 0.049119 0.040829 0.035424 0.036504 0.04134 0.039088 0.037837 0.04253 0.046017 0.045565 0.041838 0.044107 0.055522 0.049812 0.052703 0.059003 0.060826 0.064301 0.064625 0.068428 0.064838 0.061442 0.069342 0.07133 0.062759 0.064906 0.060876 0.061498 0.063601 0.063707 0.06337 0.066496 0.06381 0.06732 0.061303 0.057524 0.060642 0.068214 0.073473 0.074652 0.079271 0.078824 0.087685 0.090463 0.084863 0.085319 0.082681 0.080319 0.071105 0.06462 0.056614 0.052847 0.050748 0.04741 0.049101 0.039521 0.048263 0.049494 0.04393 0.041503 0.048448 0.054224 0.051984 0.052338 0.046886 0.037492 0.039841 0.037552 0.038811 0.028817 0.03452 0.038474 0.050383 0.058251 0.076827 0.075351 0.06775 0.059798 0.058176 0.053387 0.045635 0.033588 0.032853 0.023046 0.014554 0.018646 0.019228 0.015338 0.023217 0.023875 0.028781 0.033477 0.042858 0.04569 0.05015 0.052276 0.057664 0.059217 0.059343 0.044888 0.034404 0.031292 0.02896 0.033979 0.027595 0.014129 0.011179 0.015673 0.017986 0.0068073 0.01092 0.019469 0.018235 0.015433 0.021094 0.023136 0.032772 0.038263 0.044429 0.054291 0.053763 0.058381 0.062702 0.068018 0.081553 0.099246 0.11175 0.1139 0.11363 0.099906 0.089639 0.082884 0.056892 0.043092 0.033513 0.019302 0.019343 0.012968 0.013687 0.012502 0.010909 0.010063 0.010097 0.0040621 0.0034363 0.006361 0.0021259 0.0051518 0.010465 0.0088228 0.0049836 0.011573 0.021889 0.029372 0.038157 0.045276 0.043025 0.041492 0.034585 0.028663 0.027387 0.0209 0.023217 0.02864 0.032091 0.034922 0.036525 0.029707 0.026703 0.029547 0.027323 0.02464 0.025476 0.023126 0.017736 0.015776 0.014869 0.02103 0.019973 0.012225 0.012382 0.0097134 0.004701 0.0085566 0.0085101 0.010157 0.012482 0.0064664 0.0083114 0.0096421 0.0084797 0.011356 0.0095048 0.0085655 0.0073834 0.0098427 0.008216 0.010612 0.01057 0.010274 0.01676 0.017683 0.011161 0.016808 0.021331 0.017805 0.023909 0.021975 0.012357 0.0084341 0.012703 0.0093204 0.0083262 0.0088602 0.0087117 0.0096667 0.012768 0.0082053 0.018423 0.012447 0.00629 0.010872 0.01102 0.0049154 0.012256 0.017793 0.0097428 0.011078 0.017276 0.017322 0.01745 0.016484 0.011335 0.011273 0.0078115 0.010716 0.014787 0.022023 0.01433 0.0093763 0.010611 0.011855 0.0090885 0.014163 0.016754 0.016654 0.013699 0.015273 0.020135 0.012309 0.012993 0.015252 0.015421 0.020502 0.019812 0.030482 0.029816 0.035601 0.036628 0.042525 0.043859 0.040529 0.042004 0.040171 0.036083 0.034671 0.025973 0.026569 0.032392 0.029981 0.027486 0.031445 0.030931 0.028709 0.029105 0.027136 0.03215 0.038291 0.02651 0.020747 0.016114 0.016962 0.025022 0.023248 0.019493 0.020933 0.0181 0.02951 0.030852 0.032392 0.025216 0.031883 0.035061 0.029954 0.031352 0.036814 0.038903 0.038676 0.040638 0.042279 0.037639 0.049374 0.044664 0.046766 0.042767 0.044189 0.042802 0.044325 0.043257 0.043467 0.047527 0.051176 0.051696 0.039345 0.031038 0.032563 0.031225 0.033299 0.026296 0.022063 0.019573 0.023118 0.021878 0.024106 0.021529 0.014133 0.018986 0.021357 0.021884 0.018975 0.020192 0.011297 0.020206 0.021121 0.012152 0.013326 0.015733 0.014119 0.011048 0.012464 0.010306 0.0054869 0.0078323 0.0080458 0.0040295 0.0070837 0.0053018 0.0044443 0.0095893 0.0067576 0.0036471 0.0057549 0.0080105 0.0089871 0.0045435 0.0072297 0.01212 0.010323 0.0086266 0.00558 0.010567 0.020532 0.019442 0.01455 0.017663 0.019416 0.01586 0.024587 0.018036 0.010441 0.012962 0.014704 0.016964 0.015575 0.013511 0.017152 0.016741 0.011582 0.013608 0.015973 0.024315 0.019357 0.017643 0.018741 0.019995 0.018497 0.020627 0.028538 0.029866 0.028225 0.0298 0.04715 0.045352 0.04563 0.051217 0.065616 0.063432 0.065326 0.061569 0.06006 0.053691 0.05179 0.050007 0.046921 0.042511 0.05498 0.052693 0.046481 0.043481 0.048111 0.050891 0.053392 0.061998 0.073948 0.093349 0.10235 0.11612 0.13036 0.14035 0.1421 0.14131 0.13255 0.12094 0.10742 0.094938 0.086825 0.06689 0.06233 0.057061 0.044498 0.034486 0.033401 0.033478 0.027346 0.029403 0.030546 0.028768 0.024957 0.025387 0.023868 0.021362 0.01762 0.0066789 0.0065638 0.015362 0.017092 0.010831 0.016865 0.0050496 0.0022312 0.0010733 -0.0035897 0.00055428 0.0036428 0.0015719 0.0079187 0.0082155 0.007771 0.0091074 0.0044937 0.0052838 0.0023379 -0.00030644 0.0046113 0.010947 0.0043231 0.011093 0.009567 0.015758 0.020996 0.022604 0.023502 0.02368 0.024725 0.030204 0.031393 0.028341 0.018088 0.023569 0.028771 0.032396 0.032684 0.0299 0.027477 0.024794 0.02536 0.028174 0.034326 0.024332 0.027942 0.026767 0.023929 0.022242 0.020738 0.017305 0.016365 0.021908 0.01954 0.015023 0.0049765 0.0089393 0.0067568 0.0083946 0.0034785 0.006138 0.0084459 0.010074 0.0023197 0.0052499 0.0085649 0.0077822 0.0077886 0.002668 0.0029825 0.0031809 0.0052681 0.0041384 -0.00076246 0.0013835 0.0054663 0.0062193 0.0046194 0.0082523 0.0042446 -0.0073161 -0.003656 -0.0025711 -0.00342 -0.0058392 -0.0048286 -0.0018275 -0.0064751 -0.01082 -0.00052323 0.0034881 -0.0010327 -0.0031622 -0.0051024 -0.0060352 0.0010333 -0.0042578 -0.0075148 -0.00099361 -0.0037384 -0.01187 -0.0076889 -0.0009331 0.0051228 0.00038893 -0.0045226 -0.010287 -0.0066104 -0.0068497 -0.0065416 -0.0052645 -0.0059956 -0.0057888 -0.0077701 -0.0054107 -0.0070549 -0.0030493 -0.0052851 -0.0029061 -0.0042832 -0.00072218 -0.0017139 0.0027092 -0.0069499 -0.0097404 -0.012047 -0.0049753 -0.003368 -0.0049868 -0.0020747 -0.01389 -0.011467 -0.0058371 -0.0083043 -0.0064158 -0.012091 -0.0065347 -0.0042527 -0.00090963 -0.00049897 -0.0010638 0.00056678 0.00393 -0.0016218 -0.0013546 -0.0026013 -0.00033137 -0.00022017 -0.00017396 -0.0070363 -0.0079018 -0.0061565 -0.0073718 -1.2836e-05 0.0026482 -1.8518e-05 0.0038433 0.0015187 -0.0084704 -0.0087264 -0.0016505 0.00075131 -0.0019158 0.00023676 0.0026169 0.0030522 0.004935 0.0014896 -0.00038329 0.0028153 0.00041069 -0.0068359 -0.0074631 -0.0066077 -0.0063998 -0.010986 -0.00677
0.053233 0.05625 0.068194 0.075869 0.080044 0.076767 0.071383 0.065725 0.06633 0.064391 0.066033 0.077799 0.069299 0.065255 0.066806 0.06657 0.067878 0.060462 0.062407 0.059473 0.059038 0.063462 0.070133 0.061693 0.062986 0.04855 0.064277 0.06066 0.064548 0.062883 0.050292 0.054182 0.0605 0.051684 0.046577 0.053159 0.067025 0.059621 0.051065 0.053978 0.048359 0.052342 0.054153 0.047239 0.038952 0.035954 0.031497 0.037264 0.037153 0.050076 0.051796 0.046501 0.045792 0.043555 0.039774 0.044871 0.053192 0.045145 0.053347 0.046008 0.05079 0.057096 0.056729 0.056586 0.064176 0.063483 0.060673 0.054539 0.060056 0.051727 0.049793 0.046766 0.05702 0.04366 0.03545 0.040811 0.046971 0.044826 0.040116 0.047263 0.05679 0.053632 0.048262 0.048305 0.063405 0.049426 0.0515 0.058923 0.060917 0.068411 0.063767 0.070175 0.063066 0.062555 0.074334 0.074445 0.062738 0.064673 0.065416 0.061183 0.062512 0.062985 0.06615 0.071282 0.069568 0.076179 0.066918 0.062385 0.063533 0.071256 0.074982 0.074382 0.079233 0.080293 0.087395 0.091419 0.084804 0.08628 0.090973 0.087621 0.078286 0.071041 0.058755 0.053011 0.052836 0.049903 0.054003 0.039595 0.049073 0.054043 0.042721 0.040184 0.047751 0.059445 0.053914 0.057755 0.047559 0.035593 0.042002 0.040839 0.039672 0.021559 0.034407 0.038057 0.052057 0.05765 0.074185 0.068489 0.060532 0.052169 0.0595 0.055479 0.047558 0.036986 0.036671 0.024512 0.009975 0.017367 0.021595 0.017799 0.022283 0.022852 0.03391 0.037243 0.041479 0.038224 0.047783 0.046142 0.055731 0.055269 0.055095 0.036776 0.028629 0.028756 0.02738 0.035892 0.026569 0.0079233 0.0093038 0.019978 0.021553 0.0082786 0.0090517 0.019833 0.016578 0.013314 0.016896 0.017465 0.0302 0.034101 0.037695 0.055632 0.052355 0.054034 0.056348 0.057269 0.077713 0.096223 0.098608 0.096849 0.096714 0.081756 0.076781 0.083721 0.055811 0.04656 0.03762 0.020425 0.019441 0.013172 0.014122 0.011632 0.017316 0.012012 0.010537 0.00261 -0.0018397 0.0066327 0.0040033 0.0064781 0.016508 0.011796 0.0030999 0.0063542 0.022875 0.02633 0.033092 0.040849 0.032116 0.03388 0.031233 0.024002 0.024307 0.017223 0.022658 0.024825 0.02966 0.037112 0.04749 0.034333 0.028761 0.026513 0.025905 0.026661 0.027972 0.026588 0.022026 0.016666 0.014879 0.020839 0.025403 0.018696 0.017822 0.01324 0.0025917 0.0072261 0.010857 0.011615 0.01479 0.005084 0.01065 0.012167 0.0090752 0.0097639 0.0059589 0.0046833 0.0038989 0.003619 0.0021908 0.0057482 0.0090531 0.012856 0.017635 0.015586 0.003251 0.0073305 0.020634 0.014342 0.024595 0.01876 0.0071913 0.0063128 0.0062324 0.0012431 0.0075415 0.0082 0.0051428 0.0077526 0.0082332 0.0015685 0.020313 0.016425 0.005964 0.011439 0.012493 0.0027223 0.016447 0.020684 0.0097237 0.0089536 0.016442 0.014525 0.013008 0.015691 0.0098781 0.010883 0.0041209 0.0038021 0.013961 0.021212 0.0093262 0.0036508 0.0064724 0.0087579 0.0098088 0.020493 0.019891 0.01647 0.015728 0.015966 0.026153 0.01265 0.014578 0.013335 0.013143 0.018721 0.015882 0.028427 0.028954 0.035462 0.031236 0.039573 0.037285 0.030822 0.031396 0.03471 0.028159 0.025615 0.018101 0.016467 0.027348 0.027435 0.024701 0.028843 0.023339 0.028107 0.027649 0.025784 0.02968 0.03701 0.017472 0.016512 0.010108 0.0079166 0.02226 0.018279 0.0096792 0.011623 0.011127 0.024426 0.026785 0.031476 0.017908 0.02743 0.033139 0.024215 0.023068 0.033252 0.036338 0.035262 0.037604 0.038082 0.027986 0.04605 0.040409 0.03939 0.034438 0.033638 0.036165 0.043797 0.042132 0.035464 0.035606 0.038192 0.041956 0.028059 0.019487 0.03125 0.030161 0.037102 0.026392 0.022602 0.017559 0.02246 0.019478 0.016087 0.018646 0.010299 0.014972 0.024044 0.023395 0.020174 0.020764 0.0076189 0.023711 0.024647 0.0094302 0.015903 0.017363 0.0069174 0.0029086 0.0053552 0.0064336 -0.0017109 -0.00011038 0.0010157 -0.0049177 -0.0017583 -0.0027485 -0.0057973 0.0064339 0.0019387 -0.0039863 0.0034452 0.00081808 0.0076401 -0.0021909 0.0024286 0.0093589 0.008549 0.0010553 -0.0046117 0.0091145 0.024533 0.019631 0.010096 0.015647 0.015858 0.01245 0.021238 0.018625 0.0072422 0.0099037 0.009694 0.018617 0.011783 0.0088645 0.016055 0.015748 0.0095898 0.0098602 0.014982 0.029343 0.01971 0.018081 0.021089 0.018794 0.016791 0.021831 0.03303 0.032955 0.032476 0.02935 0.047003 0.03811 0.033299 0.043903 0.062885 0.054991 0.053381 0.054991 0.05892 0.051605 0.052612 0.054836 0.050341 0.043865 0.063162 0.059126 0.051156 0.044403 0.046004 0.05179 0.056194 0.059224 0.07452 0.091623 0.090597 0.10152 0.10967 0.116 0.11843 0.11767 0.11255 0.1002 0.089021 0.081491 0.077263 0.056289 0.053632 0.048894 0.031907 0.022411 0.027076 0.02807 0.022481 0.025513 0.028244 0.023023 0.016913 0.018559 0.021882 0.018657 0.010611 -0.0032833 -0.00051117 0.017111 0.022312 0.0080593 0.019565 0.0083338 -0.0024664 -0.0028961 -0.008427 -0.0019728 0.0041209 0.0021521 0.0050727 0.0017334 0.0047085 0.0023988 -0.0038243 -0.00090315 -0.0048829 -0.0047599 0.0012898 0.0084032 -0.0016203 0.0029179 0.0031461 0.011695 0.019132 0.026395 0.022384 0.020099 0.019567 0.026411 0.025703 0.023308 0.012291 0.01795 0.025252 0.030545 0.029062 0.02643 0.021249 0.016518 0.016811 0.015729 0.028337 0.018625 0.020033 0.020987 0.018032 0.01631 0.016263 0.014975 0.014495 0.020484 0.018848 0.016172 0.0048279 0.0089682 0.0093426 0.00945 0.0023192 0.0085647 0.012506 0.0096399 -0.0042647 0.0013471 0.010606 0.011407 0.010556 0.0045031 0.0028663 0.0073176 0.0083922 0.00249 -0.0036168 -0.0011137 0.00073156 0.0042866 0.0052359 0.010175 0.005811 -0.010639 -0.0064665 -0.0064082 -0.009226 -0.0099593 -0.0090005 0.0029529 -0.0080212 -0.017531 -0.001752 0.002847 -0.0063871 -0.007304 -0.010469 -0.0099985 0.0020293 -0.0061862 -0.01088 -0.00023849 -0.0048069 -0.014185 -0.011631 0.00058677 0.010546 0.00093154 -0.0023166 -0.012672 -0.0075533 -0.0051884 -0.0043915 -0.01038 -0.014317 -0.0081853 -0.01235 -0.0039765 -0.0073605 -0.007128 -0.0093447 -0.011068 -0.010272 -0.0026794 -0.0040862 0.0029364 -0.0095641 -0.010128 -0.017188 -0.0082361 -0.0053774 -0.0041946 0.0022132 -0.012397 -0.012413 -0.0039888 -0.0049912 -0.0066582 -0.011098 -0.0046086 -0.0017445 0.0020698 -0.0012154 -0.00323 -0.0038231 0.005868 -0.00050102 -0.0016191 -0.0013938 -0.0017186 -0.001847 0.0045036 -0.0063423 -0.01226 -0.010634 -0.0070158 -0.0011049 0.0022 -0.001971 0.0030251 -0.0011767 -0.015023 -0.0097229 0.0026056 -0.00018385 0.0020797 0.0034492 0.012082 0.0098237 0.0093763 0.0025141 -0.0029035 0.0045256 0.0014509 -0.0083552 -0.0033537 -0.0047149 -0.0042996 -0.011483
0.018457 0.016637 0.013556 0.016714 0.013532 0.019004 0.021393 0.024401 0.018719 0.018313 0.014571 0.014417 0.015816 0.01347 0.013623 0.010172 0.0095363 0.018042 0.013762 0.0063703 0.0050425 0.011268 0.011616 0.011525 0.019501 0.019821 0.0229 0.018181 0.023821 0.017792 0.012976 0.0075913 0.010538 0.018694 0.014289 0.016632 0.013928 0.012859 0.017115 0.016283 0.01516 0.019148 0.017005 0.016392 0.020668 0.020639 0.020198 0.018972 0.012758 0.018783 0.022288 0.019332 0.020973 0.016248 0.013305 0.013171 0.013101 0.01426 0.012891 0.016692 0.014299 0.013773 0.012708 0.014438 0.0096233 0.016632 0.02314 0.029859 0.03177 0.030775 0.02659 0.029657 0.02668 0.021494 0.021125 0.017803 0.014977 0.01802 0.015866 0.017478 0.01499 0.018073 0.025094 0.025538 0.027056 0.032747 0.040161 0.048385 0.048399 0.055392 0.06429 0.066532 0.064698 0.056966 0.056855 0.055569 0.049935 0.046752 0.043625 0.04689 0.046581 0.048356 0.046515 0.041385 0.037943 0.029994 0.034996 0.031862 0.033466 0.035613 0.034651 0.043985 0.046709 0.055937 0.059558 0.054932 0.05656 0.055346 0.055435 0.061448 0.057607 0.048953 0.044848 0.041176 0.038112 0.039299 0.034047 0.030472 0.030253 0.035466 0.034174 0.03446 0.034906 0.03698 0.034405 0.032679 0.040097 0.045544 0.038748 0.040179 0.042945 0.039376 0.038727 0.037973 0.040301 0.045032 0.043052 0.045942 0.052998 0.051065 0.049327 0.04698 0.042117 0.044433 0.041448 0.033015 0.028557 0.023237 0.021713 0.018231 0.021364 0.028653 0.030343 0.035224 0.042647 0.055383 0.057079 0.06421 0.06738 0.063786 0.065221 0.062995 0.054771 0.042214 0.039667 0.03882 0.033499 0.030309 0.034974 0.02989 0.026455 0.028068 0.022896 0.020222 0.020556 0.020332 0.021877 0.024802 0.0316 0.039886 0.053087 0.055533 0.061301 0.075313 0.080195 0.085105 0.09496 0.10331 0.11126 0.10995 0.1054 0.097278 0.08991 0.076307 0.067745 0.062654 0.064639 0.059777 0.058571 0.051832 0.051708 0.051411 0.040979 0.037444 0.029683 0.031232 0.020682 0.013789 0.0077562 0.0074151 0.0020609 0.0014866 0.011871 0.024399 0.039854 0.054281 0.075974 0.094389 0.10797 0.10434 0.098399 0.083533 0.070825 0.053561 0.049801 0.044952 0.046764 0.048921 0.052034 0.045454 0.046187 0.044552 0.049361 0.044527 0.04052 0.036535 0.033601 0.033086 0.029731 0.026179 0.022239 0.017048 0.01933 0.021256 0.021095 0.021142 0.019466 0.011944 0.018642 0.015487 0.01178 0.0065027 0.010596 0.013086 0.015762 0.020036 0.022749 0.015949 0.013796 0.013977 0.014602 0.015419 0.013619 0.013843 0.01311 0.0088923 0.014555 0.01781 0.019013 0.01751 0.019389 0.021047 0.022529 0.020414 0.019649 0.023258 0.029208 0.029797 0.027241 0.01778 0.019616 0.020214 0.016399 0.014128 0.015549 0.016991 0.017698 0.017563 0.019527 0.026714 0.023748 0.016306 0.022021 0.022192 0.024655 0.020393 0.016165 0.01914 0.013282 0.021683 0.017494 0.020656 0.022074 0.02453 0.024504 0.021035 0.030006 0.024564 0.021487 0.02248 0.024313 0.026562 0.028514 0.028055 0.029676 0.025306 0.023851 0.022084 0.022227 0.03148 0.040882 0.041718 0.051503 0.058192 0.057802 0.055377 0.053053 0.049959 0.044814 0.051105 0.048069 0.043284 0.042716 0.048599 0.048616 0.042177 0.043941 0.043115 0.042067 0.038518 0.033337 0.021961 0.02991 0.035285 0.030887 0.034901 0.034058 0.031221 0.032758 0.031878 0.026645 0.030212 0.030909 0.031642 0.035694 0.041504 0.047692 0.049748 0.051189 0.052714 0.054008 0.051789 0.056341 0.058694 0.057493 0.057879 0.055323 0.057375 0.057387 0.070663 0.082373 0.092347 0.10173 0.1172 0.11935 0.11276 0.099359 0.087129 0.079368 0.074433 0.068849 0.066506 0.06975 0.06123 0.06533 0.070387 0.067643 0.065911 0.060113 0.05896 0.064952 0.059237 0.048313 0.045965 0.038095 0.040576 0.033066 0.035428 0.0348 0.036339 0.035831 0.032743 0.031643 0.034547 0.028898 0.0291 0.026875 0.027799 0.0303 0.024315 0.022916 0.029851 0.030585 0.030385 0.032001 0.029474 0.025287 0.024992 0.029811 0.027935 0.028303 0.025036 0.028446 0.032392 0.029451 0.031308 0.037456 0.038391 0.031367 0.02617 0.023928 0.021232 0.023883 0.019555 0.019135 0.020539 0.024212 0.025455 0.0226 0.022562 0.023308 0.021359 0.015655 0.014654 0.0081647 0.0045741 0.0097563 0.0081283 0.0091853 0.012656 0.00787 0.0045841 0.0033854 0.00044953 0.00035835 0.00024491 0.0033876 0.013107 0.021244 0.01818 0.020816 0.023187 0.021728 0.022831 0.025898 0.033624 0.035325 0.034656 0.02817 0.035101 0.036306 0.037544 0.048496 0.050299 0.048784 0.04949 0.05631 0.060659 0.065397 0.068338 0.069346 0.077862 0.08619 0.084699 0.08313 0.085302 0.088081 0.082788 0.082955 0.080884 0.075122 0.072696 0.068153 0.06811 0.062694 0.05138 0.056401 0.047687 0.045346 0.046663 0.036037 0.03487 0.034961 0.031482 0.03337 0.034281 0.028845 0.028362 0.023724 0.026362 0.029774 0.029085 0.025675 0.026582 0.023811 0.023193 0.029375 0.028101 0.025086 0.027447 0.018224 0.014854 0.014613 0.010703 0.0081392 0.011503 0.014921 0.016409 0.015366 0.010412 0.0050781 0.008048 0.011367 0.0086178 0.014089 0.016493 0.021192 0.025426 0.022265 0.021363 0.026902 0.02892 0.028004 0.032861 0.035403 0.039698 0.037934 0.036271 0.038656 0.041974 0.036354 0.036386 0.046597 0.045146 0.034993 0.035469 0.034832 0.033065 0.033297 0.039473 0.024826 0.02144 0.024735 0.028672 0.022626 0.023328 0.020767 0.016566 0.019902 0.018729 0.017449 0.012326 0.011606 0.015706 0.0058808 0.010686 0.011178 0.014903 0.013445 0.017923 0.016184 0.0074939 0.013805 0.015761 0.016299 0.018122 0.015675 0.01067 0.0085366 0.012325 0.010815 0.0075714 0.0090982 0.0093186 0.010061 0.011965 0.0076444 0.0015769 -0.0019802 0.0022453 -0.00098365 0.0052014 0.0025492 -0.0018686 0.0010352 0.0058431 0.0064668 0.0021154 0.0084934 0.0066303 0.012114 0.0084554 0.011907 0.0086474 0.0092533 0.009017 0.0097769 0.011654 0.0037113 0.0057639 0.0047108 0.0010906 0.00091201 0.0059571 0.0030523 0.010002 0.0055214 -0.0011634 0.002625 0.00059239 0.0037916 0.0048383 -0.005172 -0.0030443 0.005184 0.0096565 0.0074887 0.00706 0.0060889 0.010249 0.0064985 0.0032882 0.0086982 0.0059667 0.010646 0.0027263 0.0015878 0.011172 0.0066483 0.0061221 0.0078072 0.0046014 0.0060668 0.0011939 0.0014371 0.00073474 -0.0025382 -0.0011973 0.0059467 0.0083913 0.0035731 0.0026449 0.006338 0.010195 0.0052298 0.0060573 0.0049412 0.0056896 0.0033939 0.008999 0.005216 0.0075861 0.0091268 -0.0004028 0.002866 0.0076976 0.0068487 -0.0045214 0.0081916 0.0068968 0.0024087 -0.00046426
0.010915 0.0080614 0.0058129 0.011094 0.0079527 0.012977 0.014111 0.015747 0.013833 0.011602 0.011108 0.0097965 0.01128 0.0089685 0.010882 0.0070015 0.0087961 0.015169 0.012661 0.0088734 0.0081623 0.013245 0.010743 0.010434 0.019179 0.021034 0.022781 0.020536 0.025102 0.018354 0.013811 0.008672 0.010444 0.016282 0.013409 0.015453 0.016825 0.012429 0.01575 0.013051 0.012784 0.015833 0.014808 0.016115 0.020779 0.021857 0.022138 0.019962 0.013812 0.020462 0.023726 0.021547 0.024572 0.019384 0.016217 0.017136 0.017064 0.016938 0.016877 0.021612 0.019856 0.019216 0.01834 0.019576 0.015705 0.019917 0.028022 0.034541 0.036611 0.034117 0.033374 0.034131 0.028983 0.025078 0.024044 0.021613 0.018277 0.020682 0.019554 0.021088 0.021063 0.025114 0.031764 0.032914 0.036429 0.042249 0.050533 0.057595 0.057438 0.06558 0.071404 0.069947 0.067976 0.06104 0.062934 0.058835 0.053355 0.050239 0.046004 0.046575 0.046028 0.046521 0.044107 0.042282 0.037715 0.029806 0.035555 0.03516 0.0373 0.040426 0.039303 0.050225 0.055341 0.06178 0.06606 0.062679 0.064524 0.062786 0.060054 0.062846 0.058793 0.051835 0.046587 0.042249 0.03742 0.037594 0.033859 0.032539 0.033159 0.035208 0.035693 0.03733 0.035406 0.03966 0.04032 0.039541 0.044282 0.045874 0.040159 0.04081 0.043932 0.045031 0.044709 0.043065 0.043191 0.048147 0.048593 0.051644 0.055731 0.052939 0.049179 0.046066 0.040838 0.044127 0.041287 0.030531 0.02544 0.023814 0.021183 0.018823 0.02178 0.029507 0.032683 0.041608 0.048228 0.057122 0.061489 0.067109 0.069326 0.065888 0.064803 0.059789 0.052541 0.042546 0.036973 0.036658 0.031045 0.028666 0.030416 0.02609 0.022419 0.026966 0.021339 0.018827 0.020997 0.022374 0.026032 0.029746 0.037083 0.047399 0.059986 0.064541 0.073593 0.088393 0.094752 0.10202 0.10862 0.11473 0.12149 0.11859 0.10874 0.096054 0.085448 0.072727 0.062457 0.055279 0.054964 0.046824 0.045395 0.041404 0.039549 0.039085 0.03049 0.031189 0.026108 0.025259 0.017807 0.012402 0.0061547 0.0053838 0.0040823 0.0059569 0.01866 0.033203 0.047375 0.063551 0.084107 0.096281 0.1063 0.10349 0.09814 0.083384 0.069984 0.055658 0.051733 0.04799 0.045851 0.043648 0.04587 0.041801 0.041256 0.041181 0.040233 0.034427 0.032014 0.029537 0.025826 0.026307 0.022129 0.020863 0.018253 0.014611 0.016663 0.017823 0.018608 0.016744 0.01633 0.011625 0.017089 0.014814 0.012378 0.0081932 0.011816 0.012459 0.015505 0.017048 0.017929 0.013597 0.011448 0.011393 0.010647 0.012402 0.013038 0.014139 0.014686 0.010856 0.014709 0.016759 0.017971 0.01649 0.020191 0.022468 0.023487 0.020668 0.018974 0.020958 0.024925 0.025554 0.023654 0.017494 0.018644 0.016861 0.016291 0.014297 0.014183 0.016303 0.015505 0.017475 0.018523 0.024275 0.023194 0.014936 0.019088 0.021312 0.021641 0.019401 0.013095 0.017863 0.015901 0.020675 0.01542 0.019514 0.022335 0.022627 0.025554 0.022743 0.030516 0.026662 0.024536 0.024245 0.023721 0.026551 0.029773 0.030224 0.032337 0.029161 0.027516 0.025398 0.027965 0.03634 0.044811 0.046151 0.052399 0.056391 0.057501 0.053567 0.053428 0.049641 0.045277 0.050201 0.046892 0.044469 0.044574 0.047485 0.046407 0.040559 0.040802 0.040511 0.040591 0.034501 0.031758 0.022445 0.029598 0.034568 0.03117 0.032853 0.033608 0.031648 0.035081 0.034628 0.032162 0.035085 0.033819 0.035602 0.039846 0.043762 0.0518 0.055486 0.056929 0.055567 0.056599 0.058362 0.05984 0.061616 0.058992 0.05599 0.055872 0.059842 0.061508 0.073032 0.084669 0.092847 0.10154 0.11301 0.11156 0.10474 0.094872 0.083629 0.075035 0.068419 0.061973 0.057721 0.056116 0.050351 0.052511 0.056584 0.055081 0.053414 0.049994 0.050582 0.053107 0.04442 0.036111 0.036239 0.03132 0.033956 0.028208 0.029859 0.028746 0.028872 0.027655 0.026646 0.025921 0.028003 0.022533 0.023963 0.023152 0.023661 0.024154 0.021581 0.020277 0.024514 0.023003 0.024676 0.026412 0.026596 0.022243 0.022402 0.02723 0.025989 0.023225 0.020047 0.023943 0.028439 0.027235 0.028161 0.033415 0.033779 0.027425 0.024818 0.023587 0.021097 0.021299 0.015136 0.018619 0.019671 0.023878 0.021778 0.019426 0.018983 0.021583 0.01829 0.015448 0.015508 0.0087526 0.0047163 0.011113 0.011128 0.012303 0.014475 0.014109 0.014771 0.016581 0.014692 0.015698 0.017397 0.020799 0.030003 0.036414 0.028762 0.027356 0.029704 0.027194 0.027015 0.027595 0.034019 0.035341 0.035227 0.030262 0.036717 0.037774 0.042067 0.05246 0.057539 0.058962 0.06119 0.068972 0.075809 0.079831 0.082468 0.082055 0.085454 0.089342 0.084456 0.081923 0.080755 0.080227 0.07642 0.075425 0.070406 0.065373 0.063334 0.059162 0.058442 0.055845 0.045984 0.048878 0.041685 0.040668 0.040901 0.03065 0.026915 0.028862 0.028239 0.027994 0.026606 0.022894 0.023242 0.019033 0.021328 0.023617 0.022444 0.019733 0.020118 0.016952 0.016106 0.020007 0.020365 0.017469 0.0218 0.014718 0.012454 0.011331 0.0086634 0.0076326 0.012249 0.014644 0.014931 0.014341 0.0095124 0.005487 0.0095421 0.012994 0.012765 0.016614 0.018021 0.023649 0.025815 0.028328 0.026282 0.029881 0.033046 0.03354 0.036001 0.036904 0.041011 0.042056 0.039467 0.039054 0.041872 0.036517 0.037488 0.04334 0.041253 0.033518 0.033475 0.032979 0.030518 0.029195 0.033302 0.020573 0.018459 0.021403 0.022882 0.017436 0.018516 0.016087 0.014769 0.016134 0.013244 0.01133 0.0089835 0.0090123 0.012767 0.0065199 0.0090043 0.0098677 0.010658 0.0092645 0.013811 0.011661 0.0059583 0.011868 0.010156 0.0089509 0.011702 0.012276 0.0099698 0.0060298 0.0088264 0.0062264 0.0034172 0.0027072 0.0047945 0.0071633 0.0088387 0.0056248 0.00017135 -0.001653 0.0040047 0.0003852 0.004966 0.0015784 -0.0022824 0.0008269 0.0054331 0.004412 0.00085351 0.0057922 0.0063462 0.0086933 0.0086013 0.0089824 0.0071604 0.0088798 0.009083 0.0083297 0.0084055 0.0023378 0.0039615 0.0045221 0.0016811 -0.00052525 0.0022458 0.00080532 0.0080001 0.0060131 -0.00042604 0.0010657 -0.0014252 0.0040368 0.0041696 -0.0045276 -0.0039203 0.0036115 0.0080659 0.0046515 0.005763 0.0041519 0.0054096 0.0041917 0.00054868 0.0041259 0.002121 0.0059046 0.0025092 0.0021291 0.0088148 0.0044706 0.0037842 0.0060441 0.002108 0.002529 -0.00095357 3.4062e-05 -0.0025189 -0.0033686 -0.0015608 0.0036951 0.0050287 0.0031986 0.0022969 0.0036634 0.0071991 0.0051615 0.0058836 0.0045741 0.0055293 0.0030537 0.0062932 0.0048646 0.0069448 0.0066594 0.0001497 0.0025567 0.0054493 0.0053618 -0.001448 0.0091099 0.0041262 0.00053211 -0.00074106
0.0066124 0.0029467 0.0016493 0.0081935 0.006032 0.0095169 0.009334 0.01035 0.010751 0.0078197 0.0087769 0.0071568 0.0093444 0.007633 0.010026 0.0065167 0.0094711 0.014061 0.013487 0.012475 0.011292 0.016802 0.011982 0.011051 0.019161 0.021703 0.022627 0.022589 0.025712 0.018989 0.015105 0.011275 0.012249 0.015766 0.013739 0.015669 0.019171 0.014103 0.015484 0.012525 0.013047 0.015556 0.014707 0.015938 0.02059 0.021958 0.022507 0.020131 0.014702 0.0212 0.024512 0.023654 0.02753 0.022663 0.021301 0.023405 0.023294 0.021855 0.022097 0.026405 0.025987 0.025779 0.02601 0.02673 0.024275 0.025373 0.033691 0.037753 0.038531 0.035813 0.036485 0.035609 0.030566 0.027174 0.026632 0.024711 0.021584 0.023177 0.023154 0.024533 0.026026 0.031636 0.037773 0.040157 0.045226 0.050829 0.059571 0.064487 0.065307 0.071942 0.074561 0.070802 0.069002 0.062987 0.065235 0.058952 0.054712 0.052503 0.047798 0.047468 0.046567 0.045746 0.041794 0.042744 0.038747 0.03268 0.038616 0.039971 0.04326 0.047386 0.047439 0.057451 0.063077 0.065846 0.070253 0.068125 0.069607 0.066581 0.061873 0.061597 0.057148 0.050855 0.045471 0.041277 0.035839 0.035918 0.034379 0.03458 0.03509 0.034689 0.036423 0.038928 0.035567 0.040109 0.042717 0.04293 0.046163 0.044225 0.040688 0.04064 0.043889 0.049213 0.050419 0.049236 0.047933 0.051294 0.052908 0.055534 0.055587 0.052061 0.04703 0.043718 0.038111 0.041808 0.0387 0.027401 0.022803 0.024208 0.021573 0.020707 0.024362 0.032281 0.037434 0.048286 0.053987 0.059682 0.065295 0.068032 0.067686 0.0636 0.060825 0.053202 0.046726 0.040263 0.033176 0.033126 0.027969 0.025044 0.025513 0.021806 0.017732 0.023863 0.020031 0.017847 0.021293 0.024491 0.030533 0.035298 0.044398 0.056094 0.066789 0.071758 0.082823 0.098638 0.10787 0.11653 0.11943 0.12254 0.12552 0.11905 0.10489 0.088852 0.076029 0.063526 0.052519 0.0443 0.042756 0.033808 0.031436 0.03027 0.027709 0.026585 0.020087 0.023256 0.021894 0.019686 0.014417 0.010303 0.0047546 0.0045518 0.0068706 0.012472 0.027066 0.042494 0.055936 0.07125 0.087689 0.09328 0.097821 0.094012 0.090086 0.07761 0.065132 0.054846 0.051131 0.04827 0.043561 0.03804 0.039432 0.037004 0.035552 0.036167 0.031237 0.02576 0.024847 0.023135 0.018626 0.018728 0.015345 0.016943 0.015389 0.012953 0.013585 0.014171 0.015888 0.013789 0.014343 0.012262 0.015896 0.014393 0.012444 0.0095787 0.01323 0.011314 0.014286 0.014336 0.014337 0.011831 0.0087987 0.0099205 0.0087902 0.011344 0.012534 0.013796 0.015525 0.012836 0.015521 0.016379 0.016472 0.015868 0.020416 0.023078 0.024303 0.021445 0.019115 0.018962 0.020984 0.022107 0.019945 0.017435 0.018273 0.013856 0.015418 0.013975 0.012537 0.015024 0.013275 0.017993 0.018279 0.022389 0.022349 0.013991 0.017168 0.019992 0.019551 0.018901 0.01271 0.017216 0.018021 0.019413 0.013878 0.017589 0.020875 0.020095 0.024605 0.024021 0.02944 0.027201 0.026661 0.025278 0.023784 0.026246 0.029452 0.029698 0.032803 0.032393 0.031806 0.030654 0.033366 0.040797 0.048055 0.048201 0.051925 0.053982 0.054937 0.050682 0.052129 0.048375 0.044614 0.047269 0.044829 0.044477 0.045502 0.04595 0.043719 0.03823 0.037835 0.038678 0.038415 0.031367 0.029853 0.023394 0.028219 0.032497 0.031213 0.030936 0.032811 0.03235 0.036362 0.037525 0.037543 0.039609 0.037129 0.03949 0.042589 0.045845 0.054175 0.057983 0.059525 0.057357 0.058425 0.061914 0.061509 0.062566 0.058228 0.053709 0.055503 0.061563 0.065088 0.07475 0.08515 0.089995 0.097218 0.10388 0.099337 0.092406 0.084994 0.075339 0.066086 0.058768 0.052686 0.047818 0.04378 0.04091 0.041322 0.043871 0.04341 0.041813 0.039938 0.041305 0.041719 0.032513 0.026503 0.027575 0.025696 0.027765 0.023699 0.025356 0.023996 0.023297 0.020706 0.02212 0.021526 0.022545 0.018187 0.020431 0.021593 0.021374 0.020524 0.020322 0.019102 0.020266 0.018507 0.021317 0.023279 0.024625 0.020308 0.020701 0.024484 0.023554 0.019556 0.017217 0.021558 0.02643 0.025582 0.025817 0.029709 0.028609 0.024569 0.023318 0.022458 0.021084 0.020371 0.013828 0.018965 0.019465 0.022927 0.018575 0.016873 0.017213 0.020688 0.016539 0.016521 0.016787 0.010336 0.0068081 0.013558 0.014822 0.017264 0.018205 0.020479 0.024838 0.028586 0.027605 0.029199 0.032203 0.035555 0.042254 0.045821 0.036438 0.031782 0.033609 0.031131 0.030634 0.029352 0.034356 0.036009 0.036809 0.034557 0.040439 0.042489 0.048562 0.05935 0.068004 0.073417 0.077427 0.087818 0.095946 0.098912 0.099678 0.097388 0.095904 0.093668 0.085922 0.081774 0.076256 0.07309 0.069469 0.066937 0.060515 0.056085 0.054871 0.050871 0.049581 0.048746 0.041077 0.041392 0.035822 0.035855 0.034937 0.026693 0.02106 0.022679 0.024347 0.023014 0.020345 0.017514 0.018416 0.015744 0.016745 0.018156 0.016684 0.014515 0.015309 0.011371 0.010825 0.014083 0.014971 0.012531 0.017274 0.012998 0.010656 0.0093604 0.0088106 0.009045 0.013459 0.013851 0.013698 0.014488 0.011123 0.0078263 0.01374 0.016857 0.018349 0.020733 0.021516 0.02779 0.028551 0.03438 0.031086 0.033513 0.036501 0.038057 0.039529 0.039507 0.042914 0.045356 0.042825 0.041255 0.042614 0.036858 0.038112 0.040088 0.037788 0.03128 0.031124 0.030725 0.028001 0.024501 0.025653 0.016298 0.015453 0.017572 0.017385 0.013091 0.014294 0.012459 0.013194 0.013228 0.0093559 0.0069014 0.0062162 0.0075472 0.010584 0.0077148 0.0074786 0.0087348 0.0074558 0.0061237 0.0099069 0.0078619 0.0049512 0.010284 0.0066873 0.0040368 0.0066236 0.0094889 0.0080663 0.00354 0.0060886 0.002665 0.00018882 -0.0017195 0.0010244 0.0042515 0.0057617 0.0037814 -0.00027996 -0.00079744 0.0050922 0.0012563 0.0048177 0.00106 -0.00063855 0.0016577 0.0039699 0.0019777 0.0004528 0.0033366 0.0055102 0.0047114 0.007474 0.006015 0.0043227 0.0071809 0.0078956 0.0068542 0.0055993 0.0015981 0.0034292 0.0040125 0.0019475 -0.00048661 8.3782e-05 -0.0013867 0.0039727 0.0053584 -0.00085512 0.00010397 -0.00246 0.0037661 0.0036284 -0.0016629 -0.0030044 0.00227 0.0067567 0.0026625 0.0047917 0.0032778 0.00202 0.0030325 -0.00050368 0.00045496 -0.0016118 0.0015253 0.001598 0.0026508 0.0060226 0.0019162 0.00071535 0.0028849 -0.00058419 -0.00018421 -0.0019943 -0.00039843 -0.0035912 -0.0027581 -0.00090874 0.0018809 0.0018284 0.0028743 0.0021598 0.001449 0.0045947 0.0042263 0.0049478 0.0032389 0.0040693 0.0029144 0.0042073 0.0037106 0.0058779 0.0039233 -4.7952e-05 0.0022103 0.003256 0.0045485 0.00023472 0.0080847 0.001902 -0.0013527 -0.00084828
0.0049089 0.0031374 0.0015711 0.0050382 0.00081801 0.00074332 0.0070857 0.0068079 0.0082823 0.0069587 0.0079934 0.0091468 0.0064934 0.0080811 0.0068002 0.00896 0.008492 0.011129 0.0082188 0.011053 0.014277 0.015016 0.015864 0.014324 0.020742 0.014652 0.012992 0.019745 0.022062 0.022698 0.02461 0.026325 0.019926 0.01703 0.015262 0.015695 0.017425 0.015857 0.017581 0.021663 0.017858 0.016999 0.014792 0.015748 0.018013 0.016907 0.016449 0.020381 0.021989 0.021905 0.019926 0.01578 0.021254 0.024952 0.025696 0.029514 0.02539 0.027516 0.030312 0.030187 0.028361 0.028066 0.031016 0.03202 0.032448 0.034307 0.034654 0.033561 0.032107 0.039259 0.039678 0.038511 0.036454 0.036653 0.034452 0.0313 0.028018 0.028815 0.027515 0.024677 0.025552 0.026526 0.027658 0.030008 0.037237 0.042962 0.046695 0.052332 0.057425 0.066061 0.068611 0.070796 0.073912 0.074052 0.069835 0.068271 0.063158 0.064317 0.057313 0.055029 0.05416 0.049381 0.049089 0.047571 0.046026 0.040539 0.04329 0.041274 0.03817 0.044332 0.046113 0.050962 0.055659 0.057689 0.06479 0.069436 0.069149 0.072589 0.071234 0.07138 0.067014 0.061258 0.058726 0.054104 0.047913 0.042875 0.039572 0.03497 0.035258 0.035853 0.036657 0.036868 0.034715 0.036916 0.039706 0.03645 0.039706 0.04223 0.043061 0.045906 0.041869 0.040559 0.040443 0.043803 0.052037 0.0558 0.056377 0.054069 0.054436 0.055629 0.0572 0.053172 0.048925 0.043225 0.039952 0.034292 0.03783 0.03406 0.024139 0.021286 0.024517 0.022405 0.02372 0.029055 0.037054 0.043345 0.054348 0.058987 0.062443 0.067859 0.06725 0.063614 0.058282 0.054585 0.044859 0.039073 0.035781 0.028313 0.028001 0.02434 0.020257 0.020773 0.017971 0.013739 0.020261 0.019805 0.018033 0.022123 0.027424 0.035548 0.041104 0.051639 0.063821 0.072443 0.076806 0.088288 0.1052 0.11783 0.12676 0.12632 0.12579 0.12334 0.1126 0.095407 0.07748 0.063752 0.051124 0.040833 0.032606 0.030619 0.023123 0.019466 0.02069 0.018819 0.016614 0.011965 0.015588 0.016972 0.014704 0.010476 0.0074796 0.0031299 0.004741 0.0097383 0.019644 0.035518 0.050385 0.063444 0.075588 0.085601 0.0849 0.083716 0.078358 0.075949 0.067517 0.057642 0.051445 0.047968 0.045778 0.040205 0.033531 0.034255 0.032031 0.029853 0.030143 0.023277 0.019536 0.019782 0.018532 0.013195 0.012161 0.010197 0.013925 0.013257 0.011757 0.0105 0.010738 0.01307 0.011591 0.012754 0.012771 0.014575 0.014376 0.012045 0.010399 0.014061 0.01006 0.012674 0.011888 0.012123 0.010696 0.0068755 0.0097377 0.0091271 0.01243 0.012439 0.013266 0.016003 0.014931 0.016543 0.016119 0.015198 0.015474 0.019772 0.022409 0.024208 0.021996 0.019731 0.01767 0.017969 0.019149 0.016407 0.0169 0.017681 0.011416 0.013823 0.01323 0.010888 0.013769 0.011564 0.018712 0.01856 0.020672 0.020807 0.013477 0.016504 0.019163 0.018239 0.018798 0.014177 0.016666 0.018783 0.018127 0.012867 0.01539 0.018408 0.017636 0.022394 0.024349 0.027079 0.025922 0.027215 0.025298 0.024137 0.025767 0.027859 0.027818 0.032057 0.034662 0.035664 0.036226 0.037858 0.044347 0.050072 0.048004 0.050318 0.051279 0.050399 0.046691 0.048984 0.045807 0.042609 0.04307 0.042393 0.042799 0.044534 0.043378 0.040922 0.036005 0.035545 0.036921 0.035315 0.028864 0.027772 0.024325 0.026883 0.030027 0.030968 0.030019 0.03229 0.033087 0.036514 0.039607 0.041252 0.042484 0.040169 0.042583 0.04394 0.047105 0.054672 0.057877 0.059315 0.057544 0.058475 0.061906 0.061074 0.061663 0.055856 0.05138 0.05418 0.061989 0.067419 0.07566 0.083769 0.084404 0.089182 0.090648 0.084065 0.077355 0.070964 0.063184 0.054198 0.047707 0.042808 0.039013 0.034396 0.033315 0.032563 0.03344 0.033952 0.032014 0.031295 0.032592 0.032335 0.024529 0.020537 0.021179 0.02171 0.023534 0.020817 0.022322 0.020557 0.01961 0.015869 0.019274 0.018448 0.018823 0.015908 0.018262 0.021231 0.020361 0.018844 0.019308 0.018728 0.017309 0.016555 0.019766 0.022043 0.022871 0.019006 0.019706 0.021538 0.020795 0.017243 0.016022 0.02054 0.02561 0.024089 0.024428 0.026305 0.02351 0.022647 0.022041 0.020859 0.021338 0.020584 0.014957 0.019583 0.019576 0.021802 0.016502 0.01564 0.017142 0.020383 0.016205 0.0182 0.018062 0.012679 0.010627 0.017207 0.018888 0.022826 0.023909 0.02725 0.034162 0.038701 0.038481 0.040539 0.044064 0.046543 0.049769 0.050163 0.041245 0.035125 0.035817 0.034146 0.033849 0.031324 0.034553 0.037221 0.039109 0.039433 0.044684 0.048792 0.055427 0.067712 0.079848 0.089088 0.095274 0.10865 0.1166 0.11817 0.11647 0.11254 0.10655 0.098393 0.08843 0.082258 0.072948 0.068128 0.064086 0.059711 0.052697 0.0487 0.048153 0.044293 0.042624 0.042761 0.037406 0.03578 0.031096 0.031914 0.030074 0.024695 0.018147 0.01812 0.020513 0.01938 0.016483 0.013399 0.014588 0.01382 0.013148 0.013757 0.012779 0.010793 0.012676 0.0083338 0.0081882 0.011641 0.01166 0.010067 0.013876 0.012062 0.0094127 0.0084421 0.0098323 0.011307 0.014571 0.013014 0.013136 0.015145 0.013834 0.011377 0.019145 0.021545 0.024299 0.025365 0.025574 0.031943 0.03173 0.038852 0.034812 0.036341 0.038399 0.040604 0.041745 0.042188 0.044529 0.046502 0.044738 0.043128 0.042844 0.036479 0.037621 0.036748 0.034276 0.02877 0.028874 0.027734 0.024617 0.019743 0.018497 0.013025 0.012656 0.013765 0.012788 0.010085 0.011269 0.01012 0.011684 0.010886 0.0071886 0.0046178 0.0044142 0.0069206 0.0088796 0.0086778 0.0061938 0.0077921 0.0058949 0.0049994 0.0068818 0.0052576 0.0040612 0.0083624 0.0048694 0.0016006 0.003568 0.007261 0.005392 0.0010977 0.0036679 0.0003201 -0.0015598 -0.0036103 -0.0012191 0.0021613 0.0032117 0.0022218 -0.00013687 0.00016063 0.0049123 0.0015677 0.0045892 0.00060532 0.001435 0.0027613 0.0026428 0.00013936 0.00087933 0.00099484 0.0036715 0.00076238 0.0050449 0.0036696 0.0016489 0.0046429 0.0060516 0.0052963 0.0032704 0.0013364 0.0034792 0.0036994 0.0020881 0.00054541 -0.00069383 -0.0027712 -0.00010943 0.0038031 -0.0017798 -0.00017312 -0.0024085 0.0030251 0.0025734 0.0010755 -0.0013739 0.0013353 0.0052367 0.0015209 0.0036581 0.002776 2.0282e-05 0.0026017 -1.2798e-05 -0.0014741 -0.0040462 -0.0013783 0.00039818 0.0030476 0.0034871 3.3824e-05 -0.0015152 -0.00041883 -0.0028111 -0.0014224 -0.0020592 -0.00065083 -0.003348 -0.0014832 -0.00027905 0.00078564 -0.00027412 0.0025005 0.0019731 -0.00032572 0.0027048 0.0027177 0.0036632 0.0011821 0.0018464 0.0025368 0.00284 0.0026484 0.0047246 0.0017157 -0.0005514 0.0013774 0.0014883 0.0039194 0.00027979 0.0052465
0.0049129 0.0024104 0.001206 0.0055975 0.0012499 0.0023669 0.0072543 0.0090971 0.0087722 0.0067077 0.008254 0.0089424 0.0069941 0.0092795 0.0087645 0.009519 0.0105 0.013764 0.011208 0.013136 0.015601 0.016805 0.018529 0.017567 0.024208 0.018123 0.016075 0.021315 0.022752 0.023563 0.027051 0.027677 0.021609 0.01976 0.020268 0.020315 0.020958 0.019724 0.021225 0.024967 0.023221 0.020713 0.019355 0.020159 0.022295 0.021048 0.018124 0.02062 0.022889 0.021537 0.020233 0.017617 0.021486 0.025618 0.027673 0.030747 0.027398 0.033618 0.036588 0.036649 0.035624 0.034316 0.03567 0.037461 0.038283 0.041632 0.041775 0.041794 0.038975 0.043828 0.040681 0.037912 0.036623 0.035438 0.03216 0.031707 0.028421 0.030699 0.030311 0.027472 0.028006 0.029632 0.030516 0.033716 0.041771 0.047229 0.052205 0.057381 0.061658 0.069593 0.070092 0.073312 0.072304 0.071368 0.068439 0.066763 0.062466 0.061609 0.055544 0.055387 0.055643 0.051212 0.051232 0.04893 0.047441 0.041268 0.044338 0.044998 0.045201 0.05178 0.053138 0.059534 0.064089 0.068154 0.071596 0.074232 0.072338 0.073799 0.072675 0.070597 0.065322 0.059167 0.055505 0.051247 0.045196 0.040692 0.038438 0.035753 0.036052 0.03805 0.038574 0.038993 0.035962 0.037951 0.040533 0.038518 0.039554 0.040214 0.041006 0.044385 0.03991 0.040067 0.040807 0.044509 0.054011 0.060832 0.063519 0.060277 0.057234 0.056784 0.056954 0.049841 0.044666 0.038885 0.035388 0.030001 0.033062 0.028584 0.021199 0.021078 0.024725 0.02311 0.026996 0.034767 0.042692 0.048684 0.058746 0.062386 0.064515 0.068686 0.065016 0.058303 0.051719 0.047671 0.03708 0.032023 0.030398 0.02304 0.022257 0.020771 0.015446 0.016854 0.015396 0.011472 0.017497 0.020726 0.019663 0.02405 0.031379 0.040826 0.046541 0.057061 0.068888 0.075931 0.079745 0.0905 0.10835 0.12363 0.13176 0.12895 0.12459 0.1168 0.10249 0.083531 0.065036 0.051655 0.038833 0.030545 0.022974 0.020913 0.016063 0.011201 0.014076 0.01384 0.010538 0.0073192 0.0097626 0.01177 0.010569 0.0065805 0.0045739 0.0015229 0.0058743 0.012634 0.026251 0.042448 0.055466 0.068039 0.075606 0.07842 0.072685 0.067164 0.060683 0.059524 0.05591 0.049595 0.046483 0.042967 0.041227 0.036162 0.030785 0.030994 0.02783 0.025171 0.024377 0.017306 0.015959 0.016874 0.016182 0.010315 0.007947 0.0073109 0.011498 0.011505 0.010786 0.0080254 0.0082915 0.010759 0.0097528 0.011193 0.012658 0.013116 0.014711 0.01161 0.010787 0.013962 0.0092339 0.011309 0.010164 0.011226 0.010084 0.0064203 0.010838 0.011031 0.015032 0.013041 0.012975 0.016479 0.017119 0.017341 0.015648 0.014657 0.015156 0.018231 0.020511 0.022879 0.021664 0.020335 0.017139 0.016232 0.016558 0.01325 0.015651 0.016444 0.0095686 0.011934 0.012493 0.0094877 0.012867 0.010973 0.019364 0.019182 0.01902 0.018592 0.013073 0.01663 0.019011 0.017462 0.018931 0.016333 0.016041 0.018228 0.017036 0.012188 0.013467 0.015979 0.016015 0.01974 0.023453 0.024087 0.023239 0.025955 0.02435 0.024193 0.025126 0.025814 0.0262 0.031019 0.035984 0.038511 0.040894 0.041275 0.046654 0.050833 0.046449 0.04807 0.048764 0.045048 0.042137 0.044692 0.042339 0.039699 0.038802 0.040162 0.039746 0.041771 0.039922 0.038506 0.034766 0.03414 0.034764 0.031534 0.026905 0.025933 0.025028 0.026197 0.02801 0.03028 0.030241 0.032249 0.033658 0.035746 0.040203 0.04246 0.043089 0.042125 0.044189 0.043987 0.047171 0.053381 0.055942 0.057028 0.056314 0.05667 0.059197 0.058817 0.059302 0.052663 0.049145 0.052083 0.061157 0.068041 0.075346 0.080577 0.077062 0.078586 0.075477 0.068306 0.062221 0.055587 0.04961 0.042108 0.037601 0.034333 0.032922 0.028662 0.027693 0.026599 0.026038 0.027472 0.024826 0.02506 0.025647 0.02569 0.020289 0.017833 0.01724 0.019334 0.021658 0.019763 0.020669 0.018268 0.017387 0.013398 0.017705 0.016441 0.016892 0.015127 0.016936 0.020876 0.019756 0.018152 0.017788 0.018509 0.015462 0.016041 0.019136 0.021629 0.020822 0.018017 0.018981 0.018629 0.018507 0.016371 0.01594 0.020242 0.025225 0.022629 0.024064 0.023438 0.019279 0.021424 0.021316 0.019332 0.021881 0.021281 0.017342 0.020026 0.019535 0.020979 0.015861 0.015926 0.018221 0.020513 0.016934 0.019859 0.019189 0.015443 0.015155 0.021367 0.022479 0.027617 0.030697 0.033917 0.041802 0.046039 0.046697 0.049208 0.052834 0.053586 0.05332 0.050959 0.043718 0.03794 0.037225 0.036554 0.036889 0.033815 0.035039 0.038789 0.041835 0.043778 0.048169 0.054953 0.061578 0.075968 0.090679 0.10266 0.11119 0.12679 0.13335 0.13339 0.1292 0.12412 0.1144 0.10208 0.090679 0.082472 0.071148 0.065596 0.060958 0.054677 0.047364 0.043681 0.043263 0.039667 0.037905 0.038391 0.034989 0.032685 0.02785 0.029016 0.026822 0.023877 0.017486 0.015738 0.017284 0.017241 0.014977 0.010517 0.011868 0.012647 0.010364 0.010378 0.010587 0.0083074 0.011783 0.0079233 0.0078058 0.011521 0.0097352 0.0092081 0.011385 0.011001 0.0086104 0.0084031 0.010694 0.013431 0.015241 0.012679 0.013459 0.015871 0.016599 0.015283 0.024095 0.025744 0.029361 0.029294 0.02855 0.034564 0.033788 0.040773 0.036924 0.037587 0.038474 0.040902 0.041875 0.043778 0.045158 0.045138 0.044505 0.043216 0.041612 0.03493 0.035756 0.033176 0.030362 0.026356 0.026841 0.024121 0.020184 0.015509 0.013021 0.010874 0.010139 0.010416 0.0092576 0.0085202 0.0094882 0.0087944 0.01005 0.0088173 0.0063612 0.0039817 0.0036311 0.0064923 0.0073486 0.0088871 0.0051749 0.0069958 0.0059536 0.0057319 0.0051223 0.0040551 0.0032567 0.0059614 0.003984 0.0010238 0.0023299 0.0053339 0.002619 -0.0010795 0.001295 -0.00099852 -0.0017752 -0.0032635 -0.0017295 0.0010987 0.0013326 0.00090245 6.622e-05 0.00066059 0.0034246 0.0014369 0.0040357 -0.00027967 0.0024062 0.0033346 0.0020688 -0.00071352 0.0014114 -0.0011714 0.0011309 -0.0026058 0.0017918 0.0023283 3.6632e-05 0.0019402 0.0039373 0.0037137 0.0014834 0.0013576 0.0034676 0.0037372 0.0020452 0.0017971 -0.00063535 -0.0029683 -0.0029998 0.0014837 -0.0028425 -0.00018277 -0.0017627 0.0018243 0.00072254 0.0016876 -0.00039982 0.00051208 0.0031282 0.00084302 0.0017143 0.0018359 -0.0010469 0.0023101 0.0011157 -0.0016596 -0.0045558 -0.002381 -0.00065742 0.0032517 0.0017223 -0.00076351 -0.0022847 -0.0029198 -0.0042639 -0.001424 -0.0016586 -0.0012912 -0.0025897 -0.00022127 -0.00023103 0.00041688 -0.0010732 0.0018049 0.0013755 -0.0017008 0.0015643 0.00092662 0.0022828 -0.0010467 -0.00043568 0.0017696 0.0021186 0.0020864 0.0037606 0.0005029 -0.0010532 -0.00013558 8.329e-05 0.0029421 -0.0010183 0.0014791
0.0062709 0.0039507 0.0032293 0.0079044 0.003841 0.0056901 0.0086475 0.011959 0.01053 0.0082696 0.010724 0.010331 0.0088944 0.012316 0.012822 0.011078 0.013017 0.017259 0.014645 0.015589 0.018099 0.019186 0.020818 0.02148 0.026901 0.022168 0.020351 0.024298 0.024561 0.025701 0.03033 0.030359 0.024464 0.023339 0.025887 0.025763 0.025836 0.024896 0.026392 0.029452 0.029596 0.026543 0.02533 0.025269 0.027263 0.026212 0.021088 0.021766 0.025223 0.022619 0.021861 0.020662 0.022773 0.026997 0.029697 0.03198 0.029203 0.038862 0.041659 0.042307 0.042899 0.040552 0.040645 0.042278 0.042991 0.047217 0.047166 0.048158 0.045166 0.04718 0.04143 0.038058 0.036936 0.03448 0.030571 0.032647 0.029386 0.032647 0.033324 0.030194 0.030826 0.032554 0.033387 0.038071 0.045499 0.050728 0.056786 0.060915 0.064163 0.070819 0.06989 0.073336 0.068972 0.068542 0.068047 0.065542 0.061976 0.058815 0.05484 0.056529 0.05725 0.053674 0.053943 0.051001 0.050178 0.044426 0.04627 0.049403 0.05255 0.059548 0.060417 0.067991 0.071658 0.07727 0.07767 0.077735 0.075657 0.074772 0.073583 0.068907 0.063257 0.056932 0.053078 0.049652 0.044286 0.040499 0.038636 0.038338 0.038382 0.040608 0.040203 0.041617 0.038801 0.04018 0.042235 0.041511 0.040148 0.038248 0.038336 0.042604 0.038759 0.039561 0.041925 0.046385 0.05584 0.065678 0.069693 0.065309 0.059357 0.05691 0.055764 0.047037 0.040553 0.035256 0.030991 0.025867 0.028427 0.023703 0.018947 0.021962 0.024822 0.0235 0.029699 0.040119 0.047734 0.052325 0.061039 0.063943 0.065314 0.067767 0.061544 0.052578 0.045364 0.041317 0.031748 0.027498 0.025519 0.018325 0.017335 0.01802 0.011542 0.014202 0.01443 0.011182 0.016249 0.022276 0.02234 0.02717 0.035921 0.045777 0.051099 0.06 0.070913 0.077089 0.081082 0.090936 0.10937 0.1255 0.132 0.12782 0.12003 0.10858 0.092385 0.072654 0.054428 0.042238 0.029303 0.023704 0.016901 0.014777 0.012525 0.006913 0.010502 0.012032 0.0079634 0.0058147 0.0063342 0.0069125 0.0073713 0.0035324 0.0023344 0.00049219 0.0077885 0.015909 0.031717 0.047059 0.057545 0.068978 0.071699 0.068212 0.059352 0.05171 0.04481 0.044605 0.045506 0.042758 0.041276 0.037493 0.035949 0.031955 0.029656 0.029433 0.024971 0.022312 0.02016 0.013843 0.01446 0.015588 0.015761 0.0099856 0.0063559 0.0066588 0.009564 0.0098903 0.0099015 0.0065651 0.0072301 0.0094985 0.0080886 0.00968 0.01207 0.011741 0.015095 0.011537 0.011093 0.013107 0.0091438 0.010488 0.0095989 0.011321 0.0098265 0.0075768 0.01289 0.013429 0.018074 0.014371 0.013129 0.017281 0.019317 0.01768 0.014943 0.014967 0.014779 0.016068 0.017816 0.020502 0.020234 0.020449 0.016963 0.015697 0.01439 0.010555 0.013894 0.014664 0.0082108 0.01034 0.012209 0.0084507 0.012298 0.011711 0.019841 0.019935 0.017474 0.016019 0.012454 0.016642 0.019029 0.016976 0.019229 0.018221 0.015422 0.016969 0.01626 0.011633 0.012297 0.014488 0.01566 0.017372 0.021521 0.02126 0.019992 0.023194 0.022757 0.023519 0.024337 0.024109 0.025935 0.030388 0.036765 0.040371 0.044166 0.04375 0.047649 0.05065 0.044602 0.045637 0.046668 0.040116 0.037757 0.040341 0.03875 0.036643 0.035477 0.038504 0.03622 0.038229 0.036286 0.036823 0.034939 0.033329 0.031979 0.02748 0.025326 0.02466 0.025452 0.026036 0.026672 0.028862 0.031085 0.032454 0.033996 0.034393 0.039253 0.041363 0.041556 0.042376 0.044144 0.043057 0.046137 0.050885 0.053067 0.053434 0.054334 0.053667 0.05544 0.055436 0.05606 0.04929 0.047026 0.049704 0.059482 0.066953 0.07346 0.075852 0.06898 0.066881 0.060797 0.054371 0.049364 0.041817 0.03725 0.032211 0.029975 0.028454 0.029804 0.026027 0.023635 0.023064 0.02158 0.02376 0.020445 0.021521 0.020863 0.021619 0.018726 0.016955 0.015135 0.018104 0.021341 0.019804 0.019874 0.016763 0.01586 0.012694 0.016654 0.01486 0.016013 0.014765 0.015754 0.019665 0.018791 0.017393 0.015686 0.017985 0.014306 0.015774 0.018556 0.021099 0.018432 0.017138 0.017985 0.016033 0.017464 0.016946 0.016517 0.020217 0.02478 0.02132 0.024631 0.021371 0.016451 0.020671 0.021233 0.018366 0.022572 0.021801 0.019804 0.020238 0.019064 0.020699 0.016468 0.017562 0.019752 0.020932 0.018104 0.021127 0.020188 0.018307 0.01934 0.025127 0.025011 0.030864 0.037388 0.039672 0.046946 0.050184 0.052283 0.055056 0.0588 0.057424 0.054315 0.050031 0.044814 0.040427 0.038555 0.038468 0.039977 0.037041 0.036395 0.040539 0.04462 0.047175 0.050569 0.059911 0.066711 0.083035 0.098619 0.11194 0.12257 0.13903 0.14365 0.14222 0.13574 0.12989 0.11756 0.10345 0.091519 0.081456 0.07029 0.06462 0.05928 0.051326 0.043925 0.040569 0.039654 0.036536 0.035075 0.03548 0.03337 0.03156 0.025895 0.026754 0.024878 0.022861 0.017494 0.015035 0.015003 0.016025 0.015034 0.0085082 0.0099176 0.011553 0.0079318 0.007708 0.0093292 0.0062759 0.011691 0.0092313 0.0086164 0.012143 0.0084077 0.008896 0.0093883 0.0092587 0.00803 0.0090263 0.010879 0.014811 0.015348 0.013127 0.014605 0.016608 0.018928 0.018789 0.027497 0.028695 0.0327 0.031646 0.029306 0.034956 0.034095 0.040242 0.037559 0.037272 0.037038 0.039202 0.039979 0.043438 0.044532 0.041718 0.042348 0.041162 0.0387 0.03227 0.032735 0.029343 0.02596 0.024149 0.024808 0.020272 0.01514 0.012181 0.009414 0.0093366 0.0078209 0.0077331 0.0066907 0.0080916 0.0084872 0.0079644 0.008328 0.0068948 0.0062524 0.0039824 0.0035078 0.0056659 0.0057769 0.0081485 0.0042606 0.0061711 0.0068832 0.0072779 0.0045567 0.0041305 0.0026894 0.0032799 0.0033207 0.0013424 0.0020827 0.0034216 0.00037685 -0.00273 -0.0010245 -0.0017846 -0.00090558 -0.0016011 -0.00094909 0.00068969 1.0584e-05 -0.00026633 5.244e-05 0.00035758 0.001004 0.0010534 0.0030588 -0.0018774 0.0014913 0.0029564 0.0022144 -0.00075152 0.0012419 -0.0031986 -0.0015101 -0.0051945 -0.0015249 0.0017605 -0.0005342 -0.00041854 0.0016852 0.0021814 0.00020398 0.001413 0.0029542 0.0038663 0.0015664 0.0026113 -0.00034487 -0.0020504 -0.0044765 -0.0014519 -0.0040538 -0.00050509 -0.0012784 0.00019437 -0.0017123 -0.00066104 -0.0010326 -0.00063211 0.0004208 0.00020915 -0.0013176 6.1998e-05 -0.0017024 0.0017471 0.0018229 -0.00078327 -0.0032999 -0.0016702 -0.0012414 0.0031625 0.00075238 -0.00076928 -0.001906 -0.0041477 -0.0050062 -0.0010973 -0.0014796 -0.0025723 -0.0019169 0.00058966 -0.00077715 0.00060617 -0.00097015 0.00057492 0.00012048 -0.0027444 0.00093599 -0.00092807 0.00091561 -0.0027842 -0.0021148 0.00084017 0.00184 0.0019034 0.0030654 0.00024272 -0.0015132 -0.0022041 -0.0012425 0.0013692 -0.0029632 -0.00206
0.0090316 0.0076996 0.0074786 0.012075 0.0084474 0.010251 0.011585 0.015171 0.013456 0.011593 0.015338 0.013757 0.012244 0.016998 0.018749 0.014344 0.01605 0.021132 0.018235 0.018692 0.022073 0.022969 0.023662 0.026486 0.029053 0.027101 0.026076 0.029141 0.028191 0.029315 0.034717 0.034757 0.028778 0.027713 0.031905 0.032066 0.031701 0.030927 0.032821 0.035112 0.036558 0.033984 0.031813 0.030121 0.031964 0.031254 0.025101 0.024138 0.02921 0.025991 0.025276 0.025175 0.025653 0.029296 0.032031 0.034158 0.031678 0.043214 0.045487 0.04726 0.049662 0.046642 0.046053 0.046861 0.046987 0.051344 0.0508 0.052871 0.050391 0.049779 0.042662 0.039841 0.037866 0.034742 0.031052 0.034927 0.031745 0.035129 0.036774 0.033369 0.034391 0.035553 0.036683 0.043797 0.048876 0.053737 0.060792 0.063894 0.066173 0.070952 0.06942 0.072033 0.065824 0.067236 0.069519 0.065243 0.062345 0.057188 0.055549 0.058556 0.059057 0.05692 0.057404 0.054308 0.054474 0.049868 0.049383 0.054076 0.059331 0.066467 0.067318 0.075561 0.077802 0.0843 0.083088 0.080421 0.078977 0.076296 0.075071 0.068091 0.062378 0.055704 0.052096 0.049587 0.045679 0.04303 0.04018 0.04228 0.04219 0.043252 0.041563 0.044614 0.043286 0.043837 0.04523 0.044738 0.041376 0.037524 0.036507 0.0412 0.038016 0.0393 0.043579 0.049313 0.058049 0.070498 0.074401 0.068539 0.060562 0.056725 0.054728 0.045664 0.037492 0.03315 0.027664 0.022258 0.024459 0.020364 0.017615 0.023464 0.024848 0.0239 0.031519 0.044133 0.051131 0.054138 0.06141 0.063989 0.064718 0.065446 0.056893 0.046705 0.039828 0.036001 0.029573 0.026101 0.021869 0.014941 0.01437 0.016659 0.0090208 0.012897 0.014944 0.012408 0.016445 0.023746 0.025196 0.031068 0.040251 0.04968 0.054612 0.060905 0.070602 0.076506 0.0812 0.091035 0.10967 0.12424 0.12864 0.12372 0.1133 0.1006 0.084819 0.064826 0.047196 0.03651 0.023553 0.020687 0.014319 0.012006 0.011502 0.0059083 0.0091028 0.011872 0.0073996 0.005991 0.004937 0.0029847 0.0050157 0.001965 0.0011625 0.00043006 0.010128 0.019966 0.036059 0.049399 0.057412 0.066528 0.065114 0.057406 0.047373 0.039665 0.032709 0.03335 0.037729 0.037861 0.036877 0.033134 0.031401 0.028188 0.02957 0.028923 0.023637 0.021677 0.018315 0.01287 0.014126 0.015221 0.016521 0.011635 0.006801 0.0077016 0.0081873 0.0082411 0.0090305 0.0061586 0.007391 0.0095236 0.0065483 0.0085295 0.011549 0.010638 0.015118 0.01192 0.011573 0.011953 0.0096694 0.0099645 0.010167 0.0119 0.0098418 0.009992 0.01534 0.015211 0.020444 0.016197 0.013625 0.018692 0.021409 0.017493 0.014171 0.015863 0.014168 0.013733 0.014845 0.017512 0.017922 0.019738 0.016476 0.016014 0.012784 0.0082794 0.012044 0.012809 0.0072115 0.009575 0.012664 0.0077378 0.011803 0.013553 0.02013 0.020578 0.016125 0.013498 0.01153 0.015683 0.018376 0.016631 0.019716 0.019365 0.014887 0.015628 0.015775 0.011082 0.012217 0.014382 0.016565 0.015773 0.019032 0.019269 0.016998 0.019638 0.020925 0.022064 0.023503 0.023121 0.027208 0.030546 0.03757 0.041554 0.046157 0.045418 0.047349 0.049711 0.043062 0.043146 0.044717 0.036213 0.033965 0.036743 0.035707 0.034031 0.033464 0.037338 0.033133 0.035139 0.033211 0.035882 0.036239 0.032372 0.028509 0.023361 0.023759 0.023984 0.025493 0.025633 0.0255 0.026319 0.031748 0.032431 0.034152 0.032658 0.037152 0.038795 0.038397 0.040641 0.042815 0.041546 0.044308 0.047927 0.049915 0.048906 0.05223 0.050253 0.052019 0.051511 0.052288 0.045937 0.044937 0.0476 0.057286 0.064323 0.069761 0.069862 0.060674 0.055142 0.048211 0.043289 0.039977 0.03151 0.027805 0.02561 0.025115 0.025174 0.028705 0.025172 0.020401 0.021098 0.019379 0.021942 0.018476 0.020296 0.017769 0.019432 0.018621 0.016249 0.014048 0.017436 0.021129 0.019779 0.019176 0.015545 0.014176 0.012641 0.015274 0.012808 0.015008 0.013645 0.013977 0.01727 0.016991 0.015747 0.013368 0.016836 0.013397 0.01488 0.017485 0.020041 0.016029 0.016138 0.01618 0.013874 0.018011 0.018826 0.017432 0.020306 0.024172 0.020403 0.02592 0.020247 0.015017 0.020185 0.021616 0.018236 0.023154 0.021624 0.021611 0.020512 0.01822 0.020926 0.017898 0.020359 0.021241 0.021514 0.01917 0.021905 0.0211 0.021062 0.022646 0.027911 0.026532 0.032546 0.043078 0.04378 0.049039 0.051224 0.055765 0.058255 0.062228 0.058989 0.05407 0.048699 0.045417 0.042631 0.040238 0.039914 0.043279 0.041009 0.039025 0.042391 0.04701 0.049685 0.052432 0.063409 0.071062 0.088527 0.10274 0.11618 0.12821 0.14411 0.14697 0.14426 0.13575 0.12919 0.1155 0.10179 0.090306 0.078451 0.069284 0.063789 0.057414 0.048244 0.041277 0.038438 0.036519 0.034063 0.033445 0.033552 0.031928 0.031177 0.024777 0.024534 0.02344 0.020447 0.01658 0.01512 0.013865 0.014855 0.01574 0.0071368 0.0082237 0.010177 0.0054805 0.0053831 0.008222 0.0040038 0.011549 0.010903 0.0095885 0.012286 0.00706 0.0083084 0.0073816 0.0066125 0.007348 0.0099894 0.010301 0.015169 0.014811 0.014222 0.016311 0.017666 0.020773 0.021362 0.029004 0.030213 0.034043 0.032063 0.027444 0.033247 0.032842 0.038097 0.037213 0.035856 0.034613 0.035836 0.036412 0.040799 0.042749 0.036968 0.038917 0.037437 0.034439 0.028772 0.028999 0.025374 0.021205 0.022006 0.022404 0.01659 0.010163 0.0098017 0.0071952 0.0078264 0.0055755 0.0056984 0.0049225 0.0083017 0.0075714 0.0071056 0.0067888 0.0052564 0.0063856 0.003726 0.0034534 0.0042683 0.0041492 0.0065139 0.0031013 0.0050735 0.0076088 0.0084027 0.0048035 0.0051712 0.0025203 0.00050798 0.0023495 0.0016477 0.00183 0.0012862 -0.0010231 -0.00358 -0.003064 -0.0026508 0.00037887 0.00035103 0.0003075 0.00032292 -0.0010211 -0.0013923 -3.4557e-05 -0.00073315 -0.0018594 0.0006406 0.0018167 -0.0041046 -0.0012588 0.0016972 0.0027292 -0.00039677 -1.0556e-05 -0.0053012 -0.003776 -0.0071165 -0.0042048 0.0012205 -0.00084558 -0.0023382 -0.00084125 0.00071697 -0.00073459 0.0011738 0.0016957 0.0034875 0.00028627 0.002656 -0.00023395 -0.00038168 -0.0050724 -0.0047509 -0.0056995 -0.001598 -0.0016011 -0.0017832 -0.0041523 -0.0055227 -0.0034605 -0.0023495 -0.002501 -0.00055103 -0.0051832 -0.0023341 -0.0022159 0.00089399 0.0014619 0.00031926 -0.0010256 0.00030095 -0.0011724 0.002651 0.0001832 -0.00073165 -0.0011903 -0.0040273 -0.0052859 -0.0014685 -0.0020993 -0.0044523 -0.0016665 0.00079667 -0.0015939 0.0011375 -0.0006224 -0.0012992 -0.0018438 -0.0034753 0.00050298 -0.0026832 -0.00038055 -0.0034055 -0.0027018 0.00022903 0.0017624 0.0016282 0.0025476 0.00055703 -0.0021139 -0.0044324 -0.0027205 -0.00058564 -0.0048256 -0.0045051
0.013511 0.013953 0.01427 0.018891 0.015437 0.016242 0.016606 0.019415 0.018017 0.017086 0.02255 0.019848 0.01762 0.023233 0.026622 0.020611 0.020191 0.025436 0.022426 0.023241 0.028009 0.029215 0.028327 0.032929 0.031256 0.033687 0.03362 0.036295 0.034195 0.034354 0.040303 0.041165 0.034675 0.032797 0.038411 0.039743 0.0386 0.037658 0.040377 0.04164 0.043854 0.042266 0.038041 0.033912 0.035734 0.035036 0.029703 0.027965 0.034951 0.032127 0.030731 0.031416 0.030429 0.032463 0.03506 0.038164 0.035675 0.047133 0.04818 0.051562 0.055498 0.052443 0.051708 0.051823 0.051157 0.054918 0.053166 0.056599 0.054624 0.052332 0.044932 0.043707 0.039646 0.036252 0.034183 0.039087 0.036028 0.038517 0.040954 0.03781 0.039233 0.039137 0.040836 0.051197 0.052177 0.056409 0.064516 0.067064 0.068984 0.07119 0.070124 0.070711 0.0642 0.06839 0.072985 0.065916 0.063592 0.057321 0.057251 0.060901 0.060858 0.060803 0.061821 0.059292 0.06062 0.057013 0.053874 0.058869 0.065143 0.072002 0.073282 0.081714 0.08244 0.089213 0.087823 0.082589 0.081872 0.079015 0.078049 0.069597 0.063731 0.056168 0.052704 0.05071 0.048938 0.048239 0.042507 0.046813 0.047424 0.045771 0.042694 0.047638 0.049218 0.048602 0.049476 0.047479 0.042794 0.038601 0.036603 0.040412 0.036713 0.039347 0.045267 0.052833 0.060762 0.07514 0.077479 0.069857 0.060495 0.056808 0.054674 0.045956 0.035974 0.032866 0.02615 0.019227 0.021225 0.018797 0.017387 0.02499 0.02493 0.025045 0.032708 0.046387 0.052343 0.05468 0.06024 0.063112 0.062905 0.06209 0.050947 0.040543 0.034957 0.031575 0.03012 0.027035 0.01915 0.013171 0.013937 0.017048 0.0080883 0.012765 0.016563 0.014322 0.017482 0.024447 0.027153 0.034908 0.04351 0.051783 0.057254 0.060818 0.069015 0.074942 0.079756 0.091393 0.11005 0.12038 0.12261 0.11698 0.10484 0.093306 0.08074 0.060455 0.043477 0.034182 0.021133 0.020583 0.014129 0.011568 0.011777 0.0074058 0.0088646 0.012059 0.00718 0.005977 0.0048462 0.00055713 0.0034239 0.0023126 0.0010667 0.0012334 0.012241 0.02494 0.03942 0.04987 0.056094 0.061303 0.057248 0.048035 0.038312 0.031704 0.024477 0.026168 0.032658 0.034606 0.033916 0.031602 0.028954 0.02556 0.029934 0.028837 0.023936 0.023361 0.019161 0.014055 0.014123 0.015216 0.017631 0.014543 0.0084678 0.0098457 0.0075454 0.0063906 0.0080901 0.0066222 0.0082395 0.010841 0.0051774 0.008301 0.011739 0.0098481 0.014414 0.012449 0.012132 0.0109 0.010177 0.008947 0.011188 0.01239 0.010282 0.013077 0.017519 0.015354 0.02106 0.018106 0.013999 0.020942 0.023286 0.016746 0.01353 0.016771 0.013005 0.011777 0.012076 0.014352 0.015205 0.018066 0.014979 0.016866 0.01193 0.0063926 0.010524 0.011536 0.0064667 0.010113 0.013994 0.0071667 0.011009 0.015986 0.020215 0.020801 0.015098 0.011451 0.01049 0.0133 0.016231 0.016431 0.020423 0.019661 0.014266 0.014449 0.015375 0.010439 0.013471 0.015651 0.018418 0.015249 0.016573 0.018654 0.014809 0.016204 0.019235 0.02021 0.022847 0.022732 0.029372 0.031575 0.038903 0.042172 0.047182 0.046064 0.045552 0.04764 0.041684 0.040255 0.042117 0.033165 0.03056 0.034093 0.033503 0.031982 0.032428 0.036013 0.031029 0.03341 0.031165 0.035353 0.037763 0.030227 0.024411 0.019021 0.021592 0.02366 0.024794 0.023726 0.023456 0.022258 0.031475 0.03163 0.034153 0.030388 0.034381 0.035665 0.034097 0.036887 0.040797 0.039773 0.041892 0.045031 0.046731 0.04325 0.050259 0.046897 0.049344 0.047082 0.047777 0.042298 0.042774 0.046166 0.054447 0.060102 0.06398 0.062653 0.051984 0.043789 0.038331 0.03482 0.034206 0.02522 0.021931 0.022151 0.022371 0.023542 0.028025 0.024662 0.017266 0.01975 0.018664 0.021045 0.018287 0.020587 0.015351 0.018458 0.019219 0.01446 0.013495 0.016874 0.019428 0.018462 0.017644 0.01407 0.011556 0.011959 0.012717 0.0093092 0.012678 0.010767 0.010801 0.013722 0.014105 0.012658 0.011208 0.014613 0.012383 0.012866 0.015765 0.018547 0.014083 0.014542 0.012957 0.012079 0.020031 0.021668 0.018379 0.020562 0.023616 0.020076 0.027689 0.020098 0.014434 0.019772 0.022078 0.019055 0.023322 0.020412 0.022631 0.021319 0.017414 0.021453 0.019763 0.024394 0.022571 0.022181 0.019897 0.02214 0.021862 0.023592 0.025108 0.029672 0.027631 0.033065 0.047159 0.0455 0.047474 0.049322 0.057544 0.058817 0.062777 0.058672 0.05325 0.047354 0.045972 0.04467 0.042461 0.040941 0.046938 0.045549 0.04306 0.0444 0.048412 0.051508 0.054675 0.06558 0.074953 0.092436 0.10269 0.1153 0.12757 0.14173 0.14356 0.13986 0.12972 0.12229 0.10847 0.096727 0.086728 0.072897 0.066952 0.061712 0.053636 0.043817 0.038328 0.036323 0.033105 0.031368 0.032326 0.032061 0.030012 0.030126 0.024006 0.021885 0.02153 0.015955 0.013618 0.01532 0.014081 0.012888 0.016515 0.0065468 0.0062917 0.0084954 0.0028888 0.0032024 0.0068589 0.0012328 0.010876 0.011496 0.010048 0.011281 0.0051908 0.0069202 0.0047802 0.0029303 0.0060802 0.010745 0.0089191 0.014168 0.013268 0.015321 0.018147 0.019566 0.022179 0.02253 0.028675 0.03036 0.033406 0.030553 0.023118 0.029953 0.03056 0.035364 0.03631 0.03378 0.03161 0.030882 0.031384 0.035799 0.040093 0.031493 0.034758 0.032813 0.029375 0.024595 0.024955 0.021607 0.016373 0.019655 0.019344 0.013429 0.0059282 0.0081632 0.0057946 0.006137 0.0033898 0.0042279 0.0038695 0.0085919 0.0060069 0.0056979 0.0058243 0.0043499 0.0066512 0.0028161 0.0028108 0.0026927 0.0026678 0.0041557 0.0012112 0.0034372 0.007127 0.0081945 0.0054405 0.0068631 0.0028342 -0.002375 0.00075109 0.001212 0.00062901 -0.001284 -0.0016774 -0.0031866 -0.0044926 -0.0042479 0.0014252 0.0017781 0.0010945 -0.00056589 -0.0021251 -0.0026164 0.00025663 -0.0023293 -0.0048166 0.00047981 0.00072347 -0.0065286 -0.0052896 -3.5803e-05 0.0033821 -9.184e-06 -0.0020694 -0.0077297 -0.0054253 -0.0085216 -0.0057644 -0.00032797 -0.0021596 -0.0041436 -0.0039726 -0.00066892 -0.0015355 0.00014386 -0.00053401 0.0016536 -0.0022788 0.0018449 -0.00052075 0.0015416 -0.0055965 -0.0079463 -0.0081944 -0.0036945 -0.0030877 -0.0039172 -0.0058097 -0.011504 -0.0071763 -0.0045429 -0.0048946 -0.0012537 -0.0091614 -0.0045753 -0.0024107 0.00021819 2.2116e-05 0.0011109 0.0012132 0.0030974 -0.00036233 0.0016359 -0.00051882 -0.0015811 -0.0010072 -0.0025863 -0.005277 -0.0032512 -0.0038599 -0.0066527 -0.0020157 0.00038039 -0.0023764 0.0017781 -0.00070429 -0.0039666 -0.004389 -0.0037413 3.9019e-05 -0.0040865 -0.0014242 -0.0022792 -0.0018199 0.00052536 0.0016827 0.00066833 0.0021362 0.0010811 -0.003086 -0.0061384 -0.0042694 -0.0021633 -0.006107 -0.0055397
0.020179 0.023736 0.024642 0.029946 0.025901 0.024625 0.024232 0.026328 0.025436 0.025685 0.033339 0.029268 0.02606 0.031189 0.037038 0.031894 0.026543 0.03107 0.028531 0.030787 0.036617 0.039224 0.036422 0.041127 0.034417 0.04297 0.043278 0.046066 0.043045 0.040557 0.046852 0.04993 0.041996 0.038463 0.045843 0.049939 0.046985 0.045335 0.049099 0.048428 0.051059 0.050353 0.043293 0.035916 0.038069 0.036505 0.034402 0.033578 0.042735 0.041282 0.038624 0.03995 0.037539 0.036222 0.039252 0.044721 0.041742 0.051298 0.049673 0.054677 0.059886 0.057555 0.056983 0.057946 0.056747 0.058894 0.054735 0.059785 0.057648 0.055248 0.048386 0.049894 0.042282 0.038028 0.03966 0.045293 0.042411 0.042876 0.046381 0.044802 0.046162 0.044276 0.046261 0.060014 0.055067 0.058519 0.067869 0.070464 0.073695 0.072543 0.073329 0.070628 0.064832 0.072454 0.077986 0.067147 0.065174 0.059364 0.058998 0.062368 0.062167 0.064772 0.067439 0.066215 0.069069 0.064962 0.05985 0.064004 0.070068 0.076406 0.077803 0.086002 0.086025 0.092384 0.091333 0.084026 0.083602 0.083668 0.083431 0.074504 0.06793 0.058551 0.054726 0.052483 0.05306 0.055553 0.044682 0.050912 0.054007 0.047894 0.043489 0.050081 0.056113 0.053362 0.054619 0.049355 0.043933 0.041404 0.039435 0.040417 0.033605 0.039526 0.046361 0.056211 0.063561 0.078713 0.078617 0.06928 0.058265 0.057494 0.056011 0.047644 0.036312 0.03442 0.027271 0.016589 0.01847 0.018631 0.018646 0.025856 0.02536 0.027967 0.033893 0.046786 0.050923 0.054718 0.057675 0.062036 0.060297 0.057867 0.043534 0.033825 0.030105 0.027656 0.032001 0.028073 0.015849 0.012612 0.016086 0.019459 0.0090008 0.013526 0.018849 0.015928 0.018331 0.023635 0.026954 0.037358 0.044999 0.051346 0.059537 0.060942 0.067039 0.072738 0.075172 0.091321 0.11037 0.1136 0.11396 0.1072 0.094122 0.085461 0.079822 0.058647 0.042606 0.034333 0.02065 0.021656 0.014742 0.011999 0.012241 0.011247 0.009319 0.012099 0.0059649 0.0038881 0.0054301 0.00042989 0.0029033 0.0050951 0.0019674 0.0020153 0.012944 0.030362 0.04146 0.048657 0.054171 0.053695 0.049413 0.041748 0.032923 0.027147 0.018942 0.022463 0.029638 0.032022 0.032769 0.035091 0.030089 0.024973 0.030298 0.028768 0.02626 0.027186 0.022589 0.016924 0.013844 0.015192 0.018214 0.018035 0.01088 0.012849 0.0079296 0.0041182 0.0068452 0.007701 0.0090512 0.013394 0.0041331 0.0099437 0.013257 0.0092936 0.012777 0.012353 0.012085 0.0099064 0.0092424 0.0061 0.011153 0.012217 0.011708 0.016098 0.018605 0.012684 0.018559 0.019515 0.013188 0.024154 0.024885 0.015288 0.013186 0.016707 0.010617 0.010991 0.010094 0.011435 0.012759 0.015625 0.011781 0.018223 0.012126 0.005109 0.0096661 0.011638 0.0058018 0.012555 0.016289 0.0063422 0.0094391 0.01828 0.019941 0.020088 0.014593 0.010346 0.0097395 0.0097274 0.012023 0.01667 0.021321 0.019132 0.012929 0.013158 0.014529 0.0093865 0.016222 0.017891 0.020675 0.01613 0.014943 0.020045 0.013717 0.014088 0.018128 0.018795 0.022711 0.022357 0.031004 0.033218 0.041054 0.041656 0.047286 0.044689 0.041472 0.043087 0.039461 0.036014 0.037594 0.030115 0.026482 0.031816 0.031966 0.029944 0.031348 0.033095 0.029989 0.03349 0.03037 0.034699 0.038148 0.025659 0.019947 0.013967 0.017919 0.023258 0.022528 0.018488 0.019202 0.016615 0.029709 0.029428 0.033736 0.026832 0.031113 0.032617 0.028917 0.031259 0.038593 0.037989 0.038869 0.042304 0.043352 0.035782 0.048222 0.043606 0.046462 0.041411 0.041547 0.037624 0.040687 0.045607 0.050247 0.053782 0.055676 0.054095 0.042207 0.032731 0.031252 0.02796 0.031847 0.022542 0.019758 0.020795 0.020595 0.021912 0.025761 0.023299 0.013768 0.018169 0.018926 0.020335 0.019217 0.021233 0.012294 0.018466 0.020541 0.01099 0.013576 0.016154 0.014654 0.01452 0.013964 0.011807 0.0073061 0.0091956 0.0079792 0.0033655 0.0079379 0.0053205 0.0051003 0.0090615 0.0099145 0.0075926 0.0090903 0.010295 0.011006 0.0094346 0.013591 0.016989 0.012985 0.011286 0.0073671 0.01045 0.023067 0.024647 0.018677 0.020988 0.023442 0.020248 0.029619 0.020962 0.013634 0.019243 0.021995 0.020927 0.022813 0.018022 0.023413 0.023237 0.017454 0.021997 0.021833 0.030028 0.024011 0.022953 0.020446 0.021459 0.022178 0.02585 0.027089 0.030883 0.02918 0.032868 0.048929 0.043574 0.041064 0.044199 0.057151 0.05597 0.058984 0.055952 0.051588 0.045393 0.046387 0.047073 0.045348 0.041766 0.051234 0.050403 0.048373 0.046759 0.047963 0.052807 0.058135 0.06646 0.078416 0.094593 0.098197 0.10899 0.11957 0.13114 0.13294 0.12874 0.11812 0.10967 0.096815 0.087865 0.080334 0.064352 0.062311 0.057291 0.046636 0.036711 0.034243 0.033303 0.028874 0.027738 0.031182 0.030382 0.026771 0.026887 0.023026 0.018602 0.01806 0.0092851 0.0079978 0.015467 0.015994 0.009397 0.017236 0.0072876 0.0036708 0.0066588 0.00026345 0.0013227 0.0053237 -0.001745 0.0094949 0.0093697 0.0095307 0.008626 0.0020009 0.0042578 0.00079816 -0.0021021 0.0033962 0.010225 0.006218 0.010847 0.0096686 0.014953 0.019315 0.022834 0.022891 0.021521 0.026577 0.029135 0.03086 0.027368 0.016951 0.025709 0.027786 0.032999 0.034929 0.031211 0.02826 0.024203 0.02491 0.028469 0.036981 0.025785 0.030024 0.028028 0.024129 0.019634 0.020897 0.018807 0.011922 0.016856 0.015754 0.011327 0.003134 0.0069445 0.0050493 0.0048013 0.0015778 0.003389 0.0035572 0.0081991 0.0029441 0.0029361 0.0058115 0.0050041 0.0073728 0.0015337 0.00086609 0.0019264 0.0017087 0.0013856 -0.0019491 0.00092807 0.0046792 0.0062929 0.006227 0.008986 0.0035868 -0.0056108 -0.0015586 -0.00073147 -0.0025797 -0.0045936 -0.0021467 -0.00060833 -0.004988 -0.0073906 0.0015898 0.0020077 0.00020633 -0.0025405 -0.0038902 -0.0041754 0.0014571 -0.0041096 -0.0078903 0.00094755 0.00041191 -0.0084274 -0.0098817 -0.0016993 0.0044154 0.00024237 -0.0037232 -0.010433 -0.0062617 -0.0092734 -0.0058826 -0.0041112 -0.0061693 -0.0064852 -0.0081206 -0.0017555 -0.0022229 -0.0025176 -0.0042587 -0.0032597 -0.0068691 0.00013009 -0.0014258 0.0030366 -0.0068883 -0.010181 -0.01196 -0.0067817 -0.005757 -0.0057541 -0.005741 -0.0164 -0.011017 -0.0066439 -0.0055208 -0.0013199 -0.011996 -0.0052412 -0.0014363 0.00088387 -0.0017982 0.0016261 0.0021081 0.0062864 0.0012116 0.00030009 -0.0017328 -0.0043288 -0.0020473 0.00036386 -0.0047989 -0.006589 -0.0069158 -0.0086147 -0.003203 -0.00082619 -0.0032584 0.0021807 -0.0019179 -0.0078765 -0.0071237 -0.0029993 -0.00052244 -0.0044638 -0.0015808 0.0014341 0.00095102 0.0024125 0.0015442 -0.001515 0.0021233 0.0018657 -0.0044284 -0.0061039 -0.0051259 -0.0018084 -0.0066511 -0.0055085
0.040962 0.022498 0.02932 0.039337 0.04054 0.047796 0.041743 0.037134 0.034134 0.03851 0.037943 0.038667 0.048935 0.042086 0.038791 0.041357 0.051239 0.051279 0.036806 0.040374 0.03889 0.044142 0.048743 0.054419 0.049859 0.051218 0.039864 0.05578 0.054595 0.05784 0.055006 0.047149 0.053015 0.061301 0.049464 0.04413 0.054983 0.064584 0.057185 0.054342 0.058784 0.053998 0.056568 0.056563 0.046448 0.035338 0.038355 0.034768 0.038916 0.041717 0.053391 0.053262 0.049824 0.051875 0.047915 0.039757 0.044805 0.053902 0.049379 0.056286 0.049484 0.054639 0.061801 0.060837 0.060195 0.066181 0.06547 0.06328 0.055052 0.061684 0.058253 0.057635 0.052075 0.058443 0.04542 0.037475 0.045529 0.052765 0.050201 0.047446 0.053985 0.056383 0.056302 0.052748 0.053244 0.068884 0.055617 0.058813 0.069661 0.072472 0.080836 0.075806 0.079874 0.072906 0.067772 0.079606 0.083339 0.068027 0.065929 0.063089 0.059272 0.060917 0.062051 0.06726 0.074479 0.074817 0.080438 0.072138 0.066949 0.070057 0.074737 0.080966 0.08027 0.087694 0.08979 0.094071 0.091623 0.083158 0.082602 0.091294 0.092319 0.083256 0.075077 0.062454 0.057756 0.054563 0.056674 0.063828 0.045428 0.052865 0.061366 0.049077 0.043381 0.050713 0.062712 0.055385 0.060046 0.050791 0.044514 0.044772 0.045446 0.041926 0.027468 0.039208 0.04613 0.058036 0.064904 0.07853 0.076299 0.066298 0.051433 0.058692 0.0583 0.049905 0.038835 0.03775 0.032352 0.01392 0.015727 0.018928 0.022428 0.025121 0.026711 0.033787 0.035781 0.045059 0.045505 0.054588 0.053207 0.061785 0.057834 0.052593 0.034729 0.026281 0.024112 0.024066 0.032486 0.02471 0.0085868 0.011592 0.020062 0.023998 0.012208 0.014837 0.021321 0.015993 0.017199 0.020108 0.022919 0.036129 0.044587 0.047906 0.062384 0.062207 0.0649 0.068751 0.063652 0.087989 0.10899 0.10198 0.1009 0.092741 0.07903 0.07357 0.080443 0.057239 0.043775 0.036025 0.019901 0.021231 0.01432 0.011276 0.01179 0.018439 0.011276 0.012654 0.0028373 -0.0020767 0.0062958 0.0039825 0.0048903 0.011466 0.0044007 0.00045798 0.01003 0.034304 0.040361 0.044936 0.050885 0.043464 0.042945 0.040131 0.031119 0.023849 0.013926 0.021411 0.028043 0.028708 0.033604 0.046737 0.036721 0.02749 0.030104 0.028372 0.031402 0.032054 0.027646 0.020591 0.012796 0.0147 0.017091 0.02137 0.014503 0.017121 0.0096397 0.0010348 0.0044449 0.0089794 0.0088446 0.017086 0.003736 0.015101 0.016542 0.0088744 0.010295 0.010023 0.0095764 0.0076091 0.0037343 -0.00058652 0.0072679 0.010808 0.015281 0.017877 0.017468 0.0053515 0.010627 0.019509 0.0086735 0.027956 0.026136 0.012526 0.013202 0.013712 0.0055136 0.012819 0.0101 0.0091874 0.011499 0.013336 0.0059713 0.020513 0.013833 0.0052192 0.0094869 0.014034 0.0045456 0.018004 0.01971 0.0043821 0.0062193 0.019242 0.018744 0.017432 0.015001 0.010733 0.0096626 0.0065309 0.00579 0.01831 0.022303 0.017721 0.0094558 0.010824 0.0119 0.0068217 0.020216 0.020076 0.022317 0.019 0.015693 0.024487 0.013768 0.014951 0.018194 0.019174 0.023409 0.020723 0.029506 0.03431 0.043727 0.037955 0.045379 0.03838 0.032896 0.032943 0.034067 0.028328 0.029378 0.025493 0.019124 0.027953 0.030053 0.026082 0.02819 0.025778 0.029632 0.035345 0.031025 0.033364 0.035666 0.017387 0.015996 0.007451 0.011358 0.02215 0.017085 0.0071887 0.011322 0.010463 0.026104 0.024876 0.031576 0.019985 0.026529 0.029601 0.022797 0.02419 0.036009 0.03647 0.034882 0.039145 0.039087 0.025365 0.045302 0.039796 0.040186 0.032629 0.031466 0.03066 0.039704 0.045886 0.042972 0.044043 0.043929 0.04417 0.030351 0.021556 0.02707 0.021363 0.03325 0.022242 0.021455 0.019604 0.018392 0.017885 0.019083 0.020367 0.0099196 0.015467 0.019957 0.019327 0.020284 0.02021 0.0070032 0.020022 0.023607 0.0062206 0.014952 0.01496 0.0051109 0.0061714 0.0059134 0.0083818 0.00093203 0.002316 -0.00044603 -0.0059597 -0.00038327 -0.0035716 -0.0051832 0.0027475 0.0039517 -0.00044438 0.0055538 0.001448 0.0090239 0.0042076 0.011475 0.015677 0.012615 0.0039714 -0.0024619 0.0087068 0.026324 0.02545 0.016254 0.020854 0.023505 0.019808 0.030995 0.022905 0.010739 0.018415 0.020246 0.024068 0.021661 0.01463 0.025555 0.026862 0.019705 0.022201 0.023906 0.037372 0.026194 0.024081 0.021468 0.018413 0.02122 0.027909 0.028902 0.032577 0.031986 0.032095 0.046649 0.034991 0.027097 0.034474 0.052013 0.047183 0.047443 0.049148 0.047352 0.041047 0.046026 0.051514 0.049238 0.043014 0.0569 0.055237 0.054351 0.049622 0.044238 0.053747 0.062941 0.065377 0.080633 0.093531 0.088257 0.095722 0.10072 0.10952 0.11209 0.10825 0.10038 0.091617 0.080468 0.074039 0.069501 0.052343 0.054785 0.049827 0.03611 0.026287 0.028527 0.028076 0.023572 0.022828 0.029557 0.027408 0.020513 0.019386 0.020662 0.014746 0.011648 0.0012322 -0.00029574 0.015843 0.019867 0.003607 0.018057 0.010016 -0.00016263 0.0047292 -0.0022038 0.00065621 0.0042738 -0.0040008 0.0071612 0.0021977 0.0071509 0.0029465 -0.0046034 -0.00060659 -0.0057859 -0.0092101 -0.0022917 0.0062084 0.00044498 0.0028189 0.0015307 0.0098209 0.0179 0.027447 0.021662 0.016621 0.022461 0.026325 0.026627 0.023118 0.010442 0.02144 0.025012 0.031833 0.032433 0.027703 0.024679 0.016006 0.017235 0.018696 0.034035 0.020564 0.024123 0.023539 0.019373 0.013415 0.017044 0.018651 0.0087131 0.013664 0.012983 0.011608 0.0027569 0.005832 0.0057091 0.0057434 0.0012951 0.0037403 0.0040808 0.0055739 -0.0029179 -0.0029754 0.0067844 0.0084809 0.0093298 0.0012168 -0.0031973 0.0035679 0.0016957 -0.00097605 -0.0066338 -0.0029934 -7.8333e-05 0.0032519 0.0073622 0.011372 0.0044762 -0.0094241 -0.0041202 -0.005573 -0.009625 -0.0093585 -0.0037061 0.0061708 -0.004363 -0.013355 -3.6076e-05 7.6391e-05 -0.0045543 -0.0068028 -0.007664 -0.0065426 0.0037296 -0.006232 -0.012037 0.0024245 0.0015865 -0.0088589 -0.014384 -0.002863 0.0069604 0.00030436 -0.0018722 -0.012236 -0.0056503 -0.008497 -0.0041786 -0.011417 -0.015147 -0.010182 -0.013556 -0.0015321 -0.0021005 -0.0082499 -0.010873 -0.014485 -0.01477 -0.0027584 -0.0035383 0.0028461 -0.0099229 -0.0098767 -0.017198 -0.010463 -0.0091184 -0.0061541 -0.0028993 -0.016769 -0.012695 -0.0073179 -0.002138 0.00035864 -0.011353 -0.0017438 0.002871 0.0053444 -0.002364 0.0028723 -5.7215e-05 0.0090002 0.0033495 -0.00028763 -0.0031854 -0.0099377 -0.0045105 0.0055529 -0.0027647 -0.010575 -0.011379 -0.0092502 -0.0059106 -0.0035932 -0.005569 0.001692 -0.0051453 -0.014179 -0.0089353 0.00022556 -0.0010638 -0.0019157 0.001042 0.0090526 0.0062279 0.0068172 0.0018171 -0.0051085 0.0038668 0.0040933 -0.0052506 -0.0018924 -0.0029396 0.0035568
0.012178 0.0095084 0.0048074 0.0054808 0.0042471 0.010232 0.011651 0.013215 0.0093254 0.0084511 0.0060488 0.0063155 0.0066485 0.00377 0.0088791 0.0055055 0.0052024 0.010863 0.0087542 0.0012108 -0.0027886 0.0039345 0.003151 0.0046335 0.013673 0.012355 0.013035 0.011685 0.016571 0.012908 0.006865 -0.0014583 0.0021997 0.011671 0.0096927 0.010389 0.0063556 0.0063347 0.012778 0.010827 0.011527 0.012634 0.012315 0.012882 0.016057 0.016613 0.015783 0.016431 0.010792 0.014026 0.017442 0.014309 0.016186 0.012492 0.011149 0.010186 0.0097307 0.012477 0.012855 0.015568 0.011262 0.0095211 0.0088235 0.011472 0.0086805 0.0137 0.022317 0.02588 0.027671 0.025809 0.02233 0.024814 0.020827 0.017903 0.017181 0.015364 0.011454 0.015129 0.012754 0.017323 0.017136 0.017482 0.026394 0.031084 0.035603 0.04023 0.046052 0.055258 0.054857 0.061251 0.067736 0.068918 0.066693 0.058501 0.057988 0.055207 0.047669 0.043156 0.040721 0.043251 0.041808 0.044728 0.044188 0.038539 0.034269 0.031054 0.0338 0.028819 0.033748 0.037762 0.039013 0.046731 0.049853 0.059083 0.061438 0.05569 0.058287 0.057682 0.056546 0.06526 0.060264 0.051032 0.046354 0.041285 0.039533 0.040402 0.033671 0.029018 0.0292 0.030927 0.029112 0.029872 0.034661 0.037053 0.03652 0.035523 0.039457 0.045101 0.039967 0.040771 0.043833 0.038953 0.039374 0.039408 0.041601 0.047423 0.045902 0.049321 0.055605 0.053339 0.049912 0.045885 0.042214 0.045853 0.042036 0.031262 0.027454 0.022903 0.02221 0.021981 0.02512 0.031203 0.036608 0.04149 0.048912 0.061646 0.062979 0.067042 0.069868 0.06635 0.063914 0.060665 0.051315 0.039168 0.036368 0.037195 0.031377 0.023412 0.02868 0.02748 0.023052 0.022472 0.018915 0.01765 0.015936 0.017518 0.023252 0.030938 0.037001 0.045016 0.058405 0.062364 0.07158 0.083206 0.090879 0.094739 0.10407 0.10915 0.11296 0.10869 0.099216 0.092716 0.08313 0.071315 0.062177 0.055825 0.054211 0.048474 0.049198 0.039406 0.040611 0.043051 0.030158 0.024658 0.020361 0.021627 0.012202 0.0062274 0.0028724 0.0047979 0.0042552 0.0053508 0.022398 0.039471 0.058411 0.074985 0.093032 0.108 0.11583 0.10949 0.10255 0.088704 0.076621 0.059967 0.054547 0.048227 0.049335 0.050282 0.053745 0.046074 0.0467 0.043948 0.045052 0.040027 0.035605 0.030495 0.027203 0.028427 0.02739 0.020801 0.01796 0.014291 0.016222 0.017893 0.018771 0.019431 0.01845 0.011518 0.016911 0.012768 0.0097587 0.0062652 0.01152 0.014008 0.016333 0.022219 0.022371 0.016131 0.015203 0.014845 0.015287 0.015288 0.014344 0.015305 0.013904 0.011061 0.017686 0.019642 0.021475 0.018239 0.021873 0.023848 0.024412 0.022108 0.023042 0.024699 0.029638 0.029357 0.024551 0.017247 0.01721 0.017812 0.011649 0.014117 0.014476 0.012641 0.012266 0.01505 0.020338 0.027614 0.023187 0.016493 0.02235 0.021329 0.025157 0.020458 0.018526 0.02391 0.017253 0.022618 0.017313 0.019658 0.022792 0.025706 0.026938 0.025046 0.03063 0.025516 0.021912 0.024347 0.024071 0.023971 0.02328 0.025307 0.028512 0.028106 0.026413 0.027171 0.028335 0.038377 0.047245 0.049655 0.056958 0.064987 0.065584 0.060814 0.055788 0.049829 0.045888 0.05337 0.048902 0.043312 0.044658 0.050261 0.048142 0.041897 0.040791 0.039112 0.039807 0.035471 0.031583 0.020484 0.025928 0.033358 0.026524 0.030478 0.031495 0.030015 0.030136 0.030319 0.025416 0.030571 0.032292 0.036578 0.041282 0.045698 0.050333 0.052675 0.054807 0.054014 0.055516 0.051317 0.055445 0.058952 0.059229 0.058524 0.056404 0.062722 0.069439 0.083985 0.094796 0.10598 0.11037 0.12312 0.12064 0.11311 0.10121 0.087947 0.080059 0.075324 0.067387 0.06479 0.065445 0.056493 0.061783 0.066378 0.061946 0.058137 0.055398 0.053764 0.060171 0.053059 0.04266 0.041128 0.034112 0.036482 0.028409 0.031078 0.030834 0.032408 0.033083 0.026476 0.026874 0.028419 0.025362 0.027328 0.025843 0.024357 0.025366 0.020471 0.022021 0.028021 0.027193 0.027508 0.030558 0.031265 0.026453 0.02584 0.030707 0.02762 0.027805 0.024541 0.027472 0.029257 0.026731 0.0322 0.036433 0.038187 0.032235 0.02807 0.026732 0.024395 0.025605 0.021913 0.021937 0.023053 0.023186 0.024407 0.021854 0.020937 0.022357 0.019233 0.014325 0.015258 0.0095494 0.0057491 0.0087743 0.0078374 0.008612 0.010489 0.0061084 0.0055135 0.0004996 -0.0028387 -0.00090584 -0.0015105 0.0011992 0.01187 0.016702 0.01588 0.021764 0.026773 0.026605 0.025028 0.028977 0.035437 0.039095 0.036983 0.028354 0.0331 0.034989 0.03722 0.04813 0.048109 0.050433 0.052897 0.057192 0.061845 0.068257 0.069198 0.070054 0.073016 0.079627 0.076912 0.07655 0.079472 0.080634 0.075386 0.074702 0.070871 0.066281 0.067307 0.060407 0.060782 0.054945 0.04839 0.054582 0.044217 0.042149 0.04357 0.03272 0.032245 0.030703 0.029233 0.030358 0.030252 0.024057 0.019097 0.017619 0.022672 0.024995 0.023612 0.020316 0.019443 0.019398 0.019413 0.024985 0.023619 0.020125 0.022333 0.013641 0.011227 0.013539 0.0092163 0.0072339 0.010704 0.013195 0.015833 0.0098056 0.0067488 0.0073544 0.0093411 0.012805 0.010905 0.015061 0.01915 0.021713 0.027041 0.024504 0.025236 0.029837 0.03491 0.033678 0.037178 0.03844 0.042369 0.041365 0.03733 0.037355 0.041938 0.037785 0.038507 0.047592 0.045464 0.034601 0.034497 0.033509 0.03216 0.034254 0.036786 0.022292 0.019615 0.023107 0.027711 0.020326 0.021543 0.021868 0.016327 0.016385 0.018381 0.016386 0.014027 0.01348 0.0167 0.0059395 0.010005 0.013899 0.015057 0.013067 0.016804 0.01667 0.0068356 0.0097873 0.01272 0.016459 0.016859 0.014011 0.010177 0.0083482 0.01092 0.010373 0.0078712 0.0093272 0.01019 0.0099188 0.013462 0.0089117 0.0025144 -0.00040938 0.0028673 -0.001036 0.0052481 0.0017255 -0.0021692 0.0010977 0.0057233 0.0068865 0.0033805 0.0094735 0.0084885 0.013974 0.0076778 0.0117 0.01128 0.013358 0.011362 0.010481 0.010528 0.0036273 0.008518 0.0081526 0.0043233 0.0016452 0.0061298 0.0035823 0.010785 0.0075191 0.0011856 0.004217 0.0026661 0.0050601 0.0057215 -0.0013853 -0.00083931 0.0053774 0.0089709 0.0071332 0.0051863 0.005048 0.011503 0.0070443 0.0051763 0.0086916 0.0045795 0.010086 0.00097205 0.0028755 0.010627 0.007874 0.0082667 0.010091 0.0078152 0.0082396 0.0060594 0.0068319 0.0029866 -0.0039354 -0.00070918 0.0048268 0.0069986 0.003138 -0.00063649 0.0056375 0.010122 0.0032032 0.0021205 0.00071162 0.0024737 0.0020611 0.0081417 0.0051253 0.0052555 0.0062539 0.0010022 0.0023726 0.0069807 0.0064226 -0.0025212 0.01017 0.0076588 0.0053942 0.0022516
0.0069276 0.0040601 0.00067382 0.003181 0.0017276 0.0066591 0.0065496 0.0078751 0.0069274 0.0045803 0.0052544 0.0042506 0.0050037 0.0026065 0.0073331 0.0035224 0.005523 0.01039 0.0095394 0.0051994 0.0024733 0.0070572 0.0035198 0.0048875 0.013759 0.015197 0.014732 0.014102 0.01798 0.013798 0.0094291 0.0023043 0.0034964 0.010554 0.00858 0.0091278 0.0091306 0.0060324 0.011702 0.0088474 0.0095465 0.010467 0.010515 0.012942 0.016128 0.017805 0.018228 0.01788 0.012165 0.016797 0.018785 0.016227 0.019731 0.01552 0.014058 0.013993 0.014288 0.015602 0.016394 0.020282 0.01749 0.016627 0.015852 0.017798 0.015543 0.017625 0.026688 0.03057 0.032208 0.028792 0.029003 0.030054 0.023152 0.022499 0.02127 0.018462 0.015583 0.018946 0.018062 0.021805 0.023081 0.025234 0.033735 0.03767 0.043855 0.04899 0.056068 0.063596 0.0623 0.069345 0.073162 0.071935 0.069392 0.060732 0.061993 0.057078 0.051484 0.047429 0.043138 0.042541 0.041492 0.042946 0.042292 0.039795 0.034913 0.030929 0.034958 0.033307 0.038363 0.042823 0.04411 0.05353 0.058644 0.064755 0.067885 0.063576 0.065854 0.065277 0.061614 0.065474 0.06042 0.053144 0.047599 0.042102 0.038925 0.040005 0.034684 0.032484 0.033711 0.033035 0.033339 0.035263 0.036191 0.040139 0.042373 0.041408 0.043223 0.045731 0.041242 0.041441 0.0444 0.045061 0.045354 0.04475 0.044122 0.049423 0.050763 0.053938 0.058418 0.0544 0.04967 0.045053 0.039986 0.044571 0.042133 0.029639 0.025544 0.024252 0.022135 0.022043 0.025655 0.033189 0.038321 0.046356 0.053609 0.062177 0.065999 0.068828 0.070938 0.066044 0.062194 0.057064 0.049365 0.039387 0.034343 0.035714 0.029885 0.023045 0.025448 0.023752 0.020285 0.022848 0.019532 0.018467 0.018946 0.021441 0.02818 0.035259 0.042172 0.052468 0.064143 0.070288 0.082491 0.094996 0.10367 0.10885 0.11355 0.11614 0.11956 0.11466 0.10217 0.091258 0.079106 0.067583 0.056582 0.049922 0.048152 0.03924 0.03828 0.032011 0.031671 0.033097 0.022728 0.021285 0.018677 0.017925 0.011812 0.0070248 0.0037879 0.0066238 0.0084276 0.012443 0.030006 0.047823 0.064217 0.07989 0.096439 0.10598 0.11144 0.10619 0.1003 0.085943 0.074202 0.060647 0.054957 0.050148 0.047556 0.044028 0.045752 0.041819 0.041693 0.041219 0.038077 0.031144 0.028265 0.024957 0.022069 0.023473 0.021695 0.017022 0.015355 0.012532 0.014302 0.015541 0.017343 0.015675 0.016416 0.012065 0.01659 0.013868 0.011239 0.0081055 0.012688 0.013734 0.016122 0.019186 0.018006 0.014184 0.012908 0.012082 0.01224 0.012607 0.014536 0.016428 0.015723 0.012416 0.017271 0.018722 0.020431 0.018091 0.022958 0.024945 0.024486 0.021858 0.020485 0.0218 0.025552 0.025672 0.021902 0.016729 0.016327 0.015087 0.013163 0.014662 0.014075 0.01355 0.012088 0.015698 0.019628 0.025705 0.022672 0.014615 0.019733 0.021226 0.023109 0.019944 0.015537 0.021625 0.018619 0.021388 0.015448 0.018659 0.023327 0.023488 0.027204 0.025572 0.030929 0.026595 0.02447 0.026068 0.024153 0.024813 0.026257 0.028788 0.031521 0.031592 0.030682 0.030426 0.0328 0.041174 0.049758 0.051545 0.056133 0.061411 0.063364 0.058039 0.055393 0.050017 0.046272 0.051656 0.046804 0.044408 0.045314 0.048344 0.045644 0.040207 0.038403 0.037537 0.038898 0.032444 0.030396 0.021267 0.02647 0.033407 0.029103 0.030188 0.032141 0.031315 0.034323 0.034843 0.032731 0.036764 0.035881 0.03992 0.044225 0.04704 0.054015 0.058312 0.060139 0.057288 0.057394 0.056664 0.058667 0.061946 0.060808 0.056904 0.057074 0.064776 0.072943 0.085356 0.095343 0.1053 0.10815 0.11705 0.1113 0.10299 0.094732 0.083265 0.074522 0.069208 0.060752 0.056888 0.053991 0.047155 0.05102 0.054897 0.052778 0.049927 0.047569 0.047722 0.051615 0.041155 0.032321 0.0334 0.028898 0.032889 0.026491 0.028383 0.028124 0.027878 0.027219 0.023278 0.02386 0.023942 0.020597 0.023476 0.022938 0.022264 0.02203 0.020529 0.020433 0.02354 0.021565 0.023179 0.025632 0.028591 0.023856 0.023367 0.027773 0.025882 0.023779 0.020647 0.024132 0.026969 0.025473 0.029401 0.033746 0.034473 0.028109 0.026895 0.025798 0.023428 0.023221 0.018034 0.021611 0.022667 0.0243 0.022018 0.020248 0.020039 0.022882 0.018617 0.016585 0.017904 0.012049 0.0076461 0.012712 0.013911 0.0152 0.015202 0.01544 0.018108 0.017235 0.014594 0.01769 0.018406 0.0204 0.029263 0.032123 0.02762 0.029132 0.034052 0.031962 0.029632 0.030701 0.036342 0.038766 0.037151 0.029546 0.03465 0.035855 0.040774 0.051172 0.053522 0.05642 0.058871 0.063838 0.070006 0.074546 0.076328 0.076501 0.076182 0.07908 0.073975 0.072542 0.072773 0.071581 0.068296 0.068085 0.062179 0.058494 0.058649 0.053653 0.053083 0.048948 0.042878 0.047475 0.039026 0.038413 0.038413 0.027277 0.025636 0.026373 0.02726 0.027029 0.024684 0.020013 0.016821 0.015132 0.019313 0.020479 0.018746 0.015781 0.01441 0.013703 0.013078 0.016669 0.016843 0.014508 0.018721 0.012302 0.010406 0.010469 0.0080381 0.0070807 0.012576 0.014281 0.015477 0.011091 0.0081846 0.008389 0.011384 0.01501 0.014953 0.017739 0.019571 0.022801 0.026402 0.028679 0.027552 0.030706 0.035979 0.035994 0.038319 0.038142 0.041467 0.043604 0.038441 0.036266 0.03996 0.036166 0.037944 0.041499 0.039579 0.031742 0.030971 0.031212 0.029997 0.028943 0.030944 0.018655 0.017746 0.022008 0.023307 0.016492 0.017614 0.017062 0.01365 0.012844 0.012366 0.010668 0.011304 0.011072 0.013816 0.0065098 0.0085453 0.011565 0.011296 0.0085749 0.012638 0.012362 0.0051732 0.0077221 0.0074724 0.0090903 0.01177 0.011629 0.0098765 0.0069922 0.0087762 0.006243 0.0039883 0.0033312 0.005225 0.006961 0.010327 0.0060997 0.0014638 -0.000673 0.0034939 -0.00042584 0.0047532 0.0016856 -0.0030595 0.00091365 0.005826 0.0045955 0.0022466 0.0077174 0.0080614 0.0099218 0.0073942 0.0080401 0.0094809 0.011807 0.011145 0.010089 0.0077089 0.0023513 0.0066395 0.0070397 0.003885 -0.00010704 0.002324 0.00086822 0.0082344 0.0072409 0.0013695 0.0030519 0.00039048 0.0043895 0.0040656 -0.0020997 -0.0021548 0.0036598 0.007309 0.0038511 0.003524 0.0035898 0.0076247 0.0057088 0.0030479 0.0054929 0.0018284 0.0052405 0.00035298 0.0016222 0.0071138 0.0046777 0.0048714 0.0077463 0.0046226 0.0042218 0.0029995 0.0041403 0.00019133 -0.0032893 -6.1111e-05 0.003419 0.0039162 0.00212 -0.00041724 0.0034981 0.0072614 0.0038433 0.0028546 0.001681 0.0030773 0.0016117 0.0052877 0.004664 0.0048825 0.0038845 0.00079573 0.0023121 0.0050409 0.0049919 0.00053279 0.0099782 0.0042362 0.0022454 0.00060865
0.0038192 0.00022146 -0.0019364 0.0021638 0.0012678 0.0045274 0.0030489 0.0044566 0.0050487 0.0024139 0.0043935 0.0032442 0.0048794 0.0033307 0.0070693 0.0034858 0.0064744 0.010921 0.011638 0.0096251 0.0072629 0.011497 0.0060233 0.0063946 0.014486 0.017218 0.016558 0.016803 0.019497 0.015096 0.012178 0.0068161 0.0066742 0.011275 0.0089446 0.0095087 0.011884 0.0080345 0.01171 0.0092089 0.010083 0.011066 0.010864 0.013156 0.016125 0.018142 0.019314 0.018471 0.013287 0.018172 0.019192 0.018332 0.022716 0.01835 0.018703 0.019928 0.020574 0.020147 0.020551 0.024411 0.023397 0.023778 0.024165 0.025457 0.024386 0.02333 0.031831 0.034421 0.034622 0.030815 0.032608 0.03267 0.025296 0.025232 0.02491 0.021566 0.01956 0.022194 0.022568 0.025674 0.027831 0.032476 0.040464 0.044131 0.051501 0.056654 0.064371 0.069547 0.068724 0.074133 0.075351 0.072597 0.070259 0.061833 0.06359 0.056587 0.053224 0.050565 0.045677 0.043627 0.042571 0.042772 0.040816 0.041095 0.037179 0.033771 0.038523 0.039243 0.044758 0.049705 0.051846 0.060636 0.065886 0.068784 0.072134 0.069028 0.070612 0.068995 0.063512 0.063582 0.058234 0.051705 0.046218 0.041769 0.037911 0.03963 0.036145 0.035496 0.036505 0.034218 0.03629 0.039033 0.037184 0.041104 0.044714 0.044253 0.0454 0.044753 0.041942 0.041604 0.044196 0.049714 0.05088 0.050191 0.047971 0.05141 0.054281 0.057016 0.058514 0.053847 0.047913 0.043082 0.036871 0.041649 0.039722 0.027269 0.023917 0.025249 0.022785 0.023623 0.028347 0.036608 0.042406 0.051799 0.058609 0.063396 0.068333 0.068549 0.06866 0.062141 0.057757 0.05078 0.044496 0.037797 0.03171 0.033159 0.027963 0.021346 0.022277 0.0199 0.016804 0.021474 0.019919 0.01937 0.02145 0.025334 0.033694 0.040315 0.048851 0.060759 0.070314 0.077208 0.091083 0.10486 0.11483 0.12022 0.12044 0.12025 0.1211 0.11408 0.099715 0.085548 0.071988 0.060194 0.048291 0.041494 0.039699 0.029847 0.026907 0.02413 0.02312 0.023465 0.015199 0.01615 0.016343 0.014317 0.010209 0.006659 0.0044618 0.0089611 0.013183 0.021319 0.039319 0.056322 0.070909 0.083843 0.096539 0.10046 0.10163 0.096263 0.092038 0.079231 0.068729 0.058649 0.053424 0.049934 0.045054 0.038166 0.038838 0.037301 0.036758 0.037239 0.031204 0.02413 0.022623 0.019977 0.017002 0.017576 0.016744 0.014475 0.013781 0.011612 0.012195 0.012712 0.015556 0.013015 0.014777 0.013196 0.016257 0.014613 0.012082 0.0096619 0.013958 0.012811 0.014674 0.015899 0.01448 0.012413 0.010038 0.010197 0.010534 0.011382 0.014133 0.015865 0.016019 0.01344 0.017286 0.018102 0.0183 0.017695 0.023036 0.025073 0.024488 0.022178 0.019338 0.019369 0.021656 0.02245 0.018794 0.016586 0.016023 0.012445 0.01326 0.014431 0.013063 0.013779 0.01193 0.016793 0.019253 0.023487 0.021676 0.01322 0.017857 0.020563 0.021292 0.019144 0.014316 0.019845 0.0194 0.019897 0.014307 0.017121 0.022316 0.020787 0.025494 0.025608 0.029445 0.026399 0.02626 0.026899 0.024597 0.025576 0.027615 0.029768 0.032509 0.034506 0.035087 0.03478 0.036366 0.043382 0.051257 0.051273 0.054009 0.057479 0.058979 0.053881 0.053445 0.048981 0.045566 0.048012 0.044473 0.044507 0.045345 0.04601 0.043034 0.037874 0.036089 0.036191 0.037047 0.029679 0.028416 0.022214 0.025892 0.031992 0.030722 0.029558 0.032185 0.032594 0.036778 0.038424 0.038552 0.041608 0.039472 0.043328 0.046117 0.048194 0.055539 0.060428 0.062078 0.058982 0.058401 0.059405 0.060325 0.062765 0.05982 0.055025 0.05735 0.066793 0.075912 0.085976 0.094114 0.10088 0.10256 0.10715 0.09918 0.090581 0.084436 0.074846 0.065638 0.059863 0.052395 0.048252 0.043729 0.039651 0.041739 0.044486 0.044103 0.041744 0.039455 0.040754 0.043097 0.031753 0.0243 0.026465 0.024582 0.028447 0.02408 0.02593 0.025475 0.024311 0.021639 0.020629 0.021266 0.020338 0.01742 0.020692 0.021549 0.021382 0.020304 0.020654 0.01951 0.019649 0.018234 0.020686 0.023137 0.026318 0.021948 0.021407 0.02457 0.023448 0.020582 0.018348 0.022097 0.026198 0.024674 0.026894 0.030362 0.029752 0.025044 0.025411 0.024119 0.02258 0.021907 0.016544 0.021544 0.022232 0.024128 0.019641 0.01854 0.019766 0.023584 0.0186 0.019207 0.019845 0.014415 0.010731 0.016483 0.019664 0.02223 0.020905 0.023426 0.028781 0.03065 0.028678 0.032834 0.034214 0.036007 0.041706 0.042244 0.03618 0.034037 0.038154 0.035912 0.033751 0.032831 0.037461 0.039493 0.039061 0.033703 0.038719 0.040469 0.046961 0.057159 0.061809 0.066834 0.069618 0.07706 0.084086 0.086751 0.087603 0.086734 0.083529 0.081238 0.074435 0.071364 0.067735 0.064523 0.062015 0.061505 0.054602 0.051571 0.051507 0.04775 0.046304 0.0431 0.038393 0.040933 0.034381 0.034546 0.033428 0.023868 0.020969 0.021657 0.024602 0.023774 0.020412 0.016244 0.014632 0.013886 0.016008 0.016558 0.014982 0.012446 0.011553 0.0094306 0.0087938 0.011903 0.012328 0.010813 0.015527 0.011906 0.0099194 0.0087502 0.0087732 0.0084833 0.014356 0.014242 0.014579 0.012851 0.011022 0.010686 0.015612 0.018874 0.019928 0.02127 0.022259 0.02579 0.028301 0.033294 0.030502 0.032661 0.036843 0.037981 0.040001 0.039142 0.041566 0.045571 0.040773 0.037895 0.039718 0.035354 0.037409 0.036762 0.035218 0.028959 0.028059 0.029321 0.02816 0.02391 0.024427 0.015388 0.015793 0.019672 0.018948 0.013367 0.014387 0.013559 0.011893 0.010885 0.0088047 0.0067584 0.0089853 0.0097301 0.01192 0.0079534 0.0075612 0.0098314 0.0087535 0.0058454 0.0092848 0.0093162 0.0043038 0.0066948 0.0046575 0.0040876 0.007712 0.0098722 0.0086057 0.0054282 0.0072181 0.0033775 0.0011597 -0.00068373 0.00072689 0.0036957 0.0070601 0.0038207 0.0010603 -0.00031288 0.0040941 -1.314e-05 0.0044815 0.0018066 -0.001649 0.0016195 0.0043529 0.0019361 0.0019076 0.0059709 0.0074344 0.0058111 0.0063971 0.0047075 0.0061373 0.0087853 0.0092086 0.0087832 0.0051987 0.0016829 0.0056707 0.0059192 0.0035261 -0.00032034 7.4449e-05 -0.0014605 0.0039323 0.005664 0.00046924 0.0022945 -0.00085888 0.0039692 0.0032551 -0.00043834 -0.0018259 0.002035 0.0062052 0.0020575 0.0029253 0.0029779 0.0045496 0.0050146 0.001819 0.0020798 -0.0012335 0.0011217 -0.00047538 0.0012078 0.0042054 0.001969 0.0010491 0.0041737 0.0014683 0.0010861 0.00066819 0.0020533 -0.0012216 -0.0016779 0.0012365 0.0023907 0.0013736 0.0016735 0.00016342 0.0017601 0.0048338 0.0036785 0.0030322 0.0018621 0.0023088 0.00122 0.0029075 0.003245 0.0043082 0.0016695 0.00011312 0.0022721 0.0032936 0.0040402 0.0019792 0.0083496 0.0019738 -0.00026195 -0.00016347
-0.00070571 -3.9534e-06 -0.0006944 0.0023742 -0.0020628 -0.0029646 0.0016634 0.0022132 0.0037373 0.0013745 0.0030781 0.0037848 0.0017991 0.0042012 0.0038222 0.0056731 0.0053094 0.0083615 0.0052957 0.0080666 0.012277 0.014048 0.01352 0.011465 0.016356 0.010037 0.0090357 0.016169 0.018679 0.018571 0.019924 0.021389 0.016737 0.015084 0.012006 0.01143 0.014059 0.011384 0.011975 0.01512 0.012106 0.013419 0.011982 0.013049 0.01415 0.013477 0.014105 0.016484 0.018594 0.019449 0.018649 0.014683 0.018742 0.019356 0.020838 0.024911 0.020673 0.024373 0.026641 0.027405 0.025953 0.025402 0.028414 0.029016 0.030383 0.032706 0.033511 0.03375 0.03026 0.037293 0.037541 0.035814 0.032567 0.033998 0.032894 0.027298 0.026698 0.028107 0.025067 0.023274 0.025063 0.026408 0.029026 0.031963 0.039137 0.046653 0.050458 0.058083 0.062649 0.070239 0.072891 0.073215 0.075321 0.07471 0.07182 0.069816 0.061889 0.062947 0.054912 0.054002 0.053009 0.048411 0.045921 0.044397 0.043984 0.040604 0.042707 0.041035 0.039179 0.044575 0.046301 0.052808 0.057996 0.061332 0.067565 0.071598 0.072079 0.074716 0.072181 0.072258 0.069225 0.062532 0.060268 0.055128 0.048912 0.043823 0.041228 0.037634 0.03995 0.038196 0.038151 0.038623 0.035359 0.038421 0.04157 0.038626 0.041408 0.044332 0.044364 0.046044 0.043411 0.042469 0.042165 0.044505 0.053226 0.055994 0.056205 0.053187 0.053573 0.056475 0.058353 0.056449 0.051856 0.044992 0.039955 0.033225 0.037595 0.035435 0.024764 0.02312 0.025959 0.023786 0.026781 0.033355 0.041685 0.047801 0.057197 0.06305 0.06484 0.069624 0.066946 0.06442 0.056336 0.051922 0.043191 0.03813 0.034546 0.028176 0.028923 0.025204 0.018487 0.01915 0.0166 0.013639 0.019528 0.020892 0.021062 0.024212 0.029863 0.039813 0.045985 0.055652 0.068319 0.076352 0.082913 0.096712 0.11184 0.12289 0.12748 0.12398 0.12072 0.11762 0.10778 0.092665 0.076594 0.062742 0.050602 0.039246 0.032594 0.030617 0.021965 0.017293 0.017439 0.016972 0.016316 0.0096083 0.011035 0.013196 0.010904 0.007383 0.0051205 0.0044022 0.011416 0.017738 0.030535 0.048683 0.063401 0.076853 0.085643 0.092631 0.090754 0.087235 0.081369 0.078756 0.06921 0.06118 0.054295 0.049627 0.047172 0.041726 0.033719 0.034048 0.032899 0.032044 0.032065 0.024881 0.019462 0.019102 0.01659 0.013054 0.01242 0.012917 0.012583 0.012608 0.01099 0.0099628 0.0097617 0.013251 0.010716 0.013122 0.014093 0.015488 0.015304 0.012316 0.010652 0.014619 0.011486 0.012595 0.012546 0.012183 0.011214 0.0078713 0.0096542 0.010561 0.011931 0.013552 0.014368 0.015588 0.014457 0.017571 0.017427 0.01596 0.017068 0.022124 0.024004 0.024015 0.022706 0.019379 0.018049 0.018528 0.019734 0.015732 0.01626 0.015721 0.010364 0.01226 0.01365 0.011846 0.013629 0.011844 0.018009 0.019183 0.020977 0.019978 0.012372 0.01706 0.020171 0.019906 0.018364 0.014686 0.018344 0.019169 0.018528 0.013976 0.015664 0.020221 0.018396 0.022868 0.024996 0.026912 0.024987 0.026776 0.026655 0.025125 0.026106 0.027648 0.029188 0.032388 0.036714 0.038986 0.039284 0.039275 0.045162 0.051615 0.049166 0.050958 0.053633 0.053089 0.048607 0.049926 0.046484 0.043633 0.043253 0.042172 0.043051 0.043899 0.042964 0.04049 0.035669 0.034216 0.034662 0.034142 0.027298 0.026028 0.023026 0.025342 0.02983 0.031322 0.02937 0.032216 0.033789 0.037675 0.040619 0.042127 0.044347 0.042444 0.046005 0.046955 0.048924 0.055452 0.060057 0.061253 0.059 0.057975 0.059288 0.06028 0.061755 0.057165 0.053245 0.057085 0.068037 0.077717 0.085805 0.091159 0.093486 0.093784 0.093969 0.08514 0.076872 0.071085 0.063414 0.054694 0.049267 0.043735 0.04058 0.03597 0.033944 0.034245 0.035701 0.036695 0.034119 0.032176 0.033876 0.035487 0.025419 0.019429 0.021354 0.021635 0.024857 0.022314 0.023985 0.022942 0.021662 0.017249 0.018763 0.019052 0.01801 0.015915 0.018749 0.021119 0.02133 0.019811 0.020249 0.01915 0.016961 0.016933 0.019678 0.02251 0.024089 0.020531 0.020046 0.021313 0.02075 0.018489 0.017296 0.020969 0.026113 0.023918 0.025034 0.026626 0.024933 0.023135 0.024114 0.022127 0.022243 0.021574 0.017164 0.021506 0.0218 0.023453 0.01805 0.017596 0.020173 0.02407 0.019186 0.021611 0.021091 0.016821 0.01485 0.020596 0.024885 0.02866 0.027703 0.030491 0.037362 0.040501 0.039155 0.044176 0.045611 0.047033 0.049183 0.047426 0.041564 0.037594 0.040043 0.038863 0.037356 0.035268 0.038421 0.040936 0.042139 0.039082 0.04356 0.047109 0.054039 0.064675 0.071622 0.07929 0.082967 0.093447 0.10038 0.1011 0.10006 0.098234 0.092298 0.085348 0.077313 0.072438 0.065201 0.060568 0.058075 0.056458 0.049069 0.046335 0.046239 0.04299 0.040951 0.038406 0.035352 0.036226 0.030748 0.031303 0.029484 0.022744 0.019012 0.0182 0.021815 0.021329 0.018163 0.013564 0.012951 0.013681 0.013204 0.013233 0.012855 0.010558 0.010831 0.0075836 0.0070614 0.010312 0.0095077 0.0087788 0.012708 0.011642 0.0096173 0.0080715 0.010112 0.010343 0.015505 0.013575 0.013906 0.014465 0.014035 0.013723 0.020736 0.023148 0.025082 0.025079 0.026056 0.029537 0.03107 0.037055 0.033279 0.034644 0.036949 0.038967 0.040857 0.040526 0.041965 0.046043 0.042562 0.039997 0.039819 0.034444 0.036367 0.03296 0.031453 0.026315 0.025861 0.026943 0.025348 0.019232 0.018499 0.012874 0.013576 0.016513 0.014909 0.011099 0.012001 0.011121 0.010597 0.0096079 0.0073073 0.0049114 0.0072274 0.0090081 0.010454 0.0091496 0.0068665 0.008597 0.0075564 0.0053812 0.007005 0.0074535 0.0035997 0.0057217 0.0036516 0.0016547 0.0052813 0.0084325 0.0064984 0.0035647 0.0056083 0.0018196 -0.00014026 -0.0023114 -0.0022941 0.001145 0.0040591 0.0020981 0.00092239 0.00026829 0.0039344 7.9307e-05 0.0042174 0.0017112 0.00039335 0.0026825 0.0027938 -0.00010526 0.0022849 0.0038615 0.0057556 0.0019306 0.0043429 0.0024062 0.0027646 0.004944 0.0065214 0.0070303 0.0032156 0.0015036 0.0052008 0.0052608 0.0031987 0.00052278 -0.0008635 -0.0028644 -0.000325 0.0033021 -0.00086914 0.001926 -0.0010391 0.0035771 0.0022972 0.0015019 -0.00072906 0.00087012 0.0052059 0.0016216 0.0026755 0.0025938 0.0023548 0.0047026 0.0016054 -0.00053307 -0.0035377 -0.0013604 -0.0012496 0.0014722 0.0024187 0.00034927 -0.0017723 0.00060495 -0.001095 -0.0004952 -0.00078335 0.00024623 -0.0019034 -6.6185e-05 0.0019135 0.0016661 -0.00016504 0.0014198 0.00065628 0.00013547 0.0027214 0.0027892 0.0027942 0.0011606 0.00049802 0.00048125 0.0012497 0.0019163 0.0037332 0.00017078 -0.00055734 0.0018284 0.0019588 0.0032007 0.0018117 0.0053217
-3.7805e-05 -0.00090605 -0.0012322 0.0021277 -0.0027934 -0.0026136 0.0014861 0.003838 0.0040672 0.0014435 0.0035617 0.0034686 0.0024834 0.0052067 0.0062926 0.0070641 0.0077643 0.010885 0.0082588 0.010252 0.014359 0.016355 0.016501 0.015276 0.020776 0.014725 0.012701 0.018882 0.020037 0.02098 0.023584 0.023932 0.018941 0.018267 0.017658 0.017084 0.018475 0.0159 0.016581 0.019337 0.017776 0.017343 0.016833 0.017793 0.019011 0.018051 0.016202 0.017685 0.01999 0.019672 0.019238 0.016969 0.019509 0.020102 0.023661 0.026503 0.02257 0.030089 0.033033 0.034004 0.032632 0.030877 0.032825 0.034271 0.035864 0.040056 0.0406 0.042008 0.037505 0.042322 0.040017 0.036715 0.034369 0.034457 0.031932 0.029444 0.027884 0.031049 0.028997 0.02663 0.027825 0.029824 0.032097 0.036355 0.045102 0.052179 0.056535 0.063501 0.066857 0.073462 0.073781 0.075278 0.073614 0.072448 0.070881 0.068827 0.061425 0.060853 0.05328 0.054762 0.054983 0.051349 0.048919 0.04667 0.046343 0.042364 0.044737 0.045929 0.046151 0.052268 0.053933 0.061798 0.066775 0.071103 0.073875 0.07583 0.075097 0.076257 0.073716 0.071534 0.067216 0.059698 0.056537 0.052444 0.046873 0.04221 0.04134 0.038745 0.041225 0.040634 0.040345 0.040775 0.037215 0.040425 0.043609 0.041004 0.042138 0.042491 0.042588 0.045656 0.042682 0.04305 0.043722 0.04619 0.056077 0.060801 0.062444 0.0589 0.055773 0.057438 0.058177 0.053333 0.048929 0.041694 0.036126 0.029537 0.033195 0.030441 0.022623 0.023357 0.026409 0.024691 0.030623 0.039553 0.047508 0.05296 0.061573 0.066093 0.065774 0.069455 0.064334 0.059272 0.050224 0.045939 0.036183 0.032322 0.03056 0.024036 0.023668 0.022024 0.015148 0.016425 0.014515 0.011729 0.018209 0.022651 0.023779 0.027756 0.035205 0.046178 0.05168 0.061124 0.073774 0.08115 0.087138 0.099497 0.11571 0.12694 0.13006 0.12404 0.11761 0.11055 0.09819 0.083176 0.066392 0.053226 0.040926 0.031482 0.025229 0.022714 0.016541 0.010787 0.01289 0.013844 0.012503 0.0069721 0.0073147 0.0094975 0.007918 0.0039996 0.0030122 0.0038131 0.013841 0.021995 0.038826 0.056328 0.067786 0.080445 0.084385 0.085053 0.077928 0.070762 0.064582 0.06323 0.057872 0.053076 0.048457 0.043983 0.042237 0.037563 0.03103 0.031508 0.029054 0.027975 0.02648 0.019702 0.01694 0.0174 0.015103 0.010933 0.0091627 0.010635 0.01097 0.011416 0.010311 0.0080028 0.0074744 0.010995 0.0084693 0.011361 0.014378 0.014393 0.016019 0.012372 0.011263 0.014491 0.010341 0.010693 0.0098969 0.011267 0.010631 0.0072643 0.010616 0.01206 0.013945 0.01332 0.012766 0.015198 0.015793 0.017925 0.016737 0.01442 0.016351 0.020409 0.021883 0.022808 0.022837 0.020017 0.017963 0.016578 0.01753 0.013007 0.01542 0.014998 0.0090243 0.010795 0.012751 0.010639 0.013277 0.01214 0.019115 0.019454 0.018448 0.017699 0.011814 0.017086 0.020236 0.018994 0.017817 0.016067 0.017172 0.018166 0.017614 0.014189 0.014839 0.018025 0.017163 0.020346 0.0237 0.024201 0.02279 0.02577 0.02545 0.025311 0.026227 0.02703 0.028349 0.032014 0.038324 0.042022 0.043208 0.041799 0.046509 0.051154 0.046265 0.047665 0.050432 0.047017 0.043002 0.045475 0.043028 0.04089 0.038603 0.040239 0.040229 0.041039 0.039439 0.038312 0.0344 0.032927 0.032653 0.030475 0.025505 0.023912 0.023666 0.025419 0.027734 0.030831 0.029838 0.032389 0.034797 0.037376 0.041165 0.043103 0.044692 0.044121 0.047257 0.04669 0.048942 0.054167 0.058097 0.058462 0.057644 0.056108 0.057014 0.058586 0.059302 0.053654 0.051526 0.056149 0.06813 0.077805 0.084477 0.086612 0.084328 0.082659 0.079152 0.070866 0.063495 0.056603 0.050732 0.04378 0.039483 0.036328 0.035061 0.031157 0.029713 0.028656 0.02895 0.031026 0.027735 0.026687 0.028018 0.02927 0.021833 0.017344 0.018204 0.020075 0.022927 0.021591 0.02258 0.020675 0.019722 0.014614 0.017615 0.017245 0.016971 0.01569 0.017398 0.020778 0.021439 0.019859 0.019151 0.019143 0.015578 0.01688 0.019483 0.022674 0.021685 0.019539 0.019172 0.01842 0.018767 0.017818 0.017194 0.020452 0.025979 0.023022 0.024146 0.02323 0.020982 0.022254 0.023454 0.020434 0.02264 0.02193 0.019051 0.02132 0.021215 0.02304 0.017672 0.017856 0.021077 0.024276 0.020128 0.023296 0.021874 0.019337 0.019055 0.024589 0.028721 0.033325 0.034709 0.03636 0.043405 0.046432 0.045843 0.051333 0.052727 0.05332 0.052279 0.048625 0.044091 0.040301 0.040643 0.040928 0.040334 0.037898 0.03928 0.042681 0.045659 0.044322 0.047824 0.053976 0.060723 0.072258 0.081057 0.090928 0.095895 0.10882 0.11473 0.11353 0.11017 0.10767 0.099222 0.089526 0.080623 0.074174 0.064877 0.059503 0.056561 0.05324 0.045578 0.042833 0.042555 0.039245 0.03717 0.035132 0.033555 0.033763 0.028099 0.028667 0.026774 0.02294 0.01913 0.016566 0.019214 0.019694 0.017705 0.011913 0.011807 0.013865 0.010868 0.010378 0.011985 0.0094109 0.011396 0.0081124 0.0074179 0.010618 0.0076225 0.0077899 0.010203 0.010803 0.0092971 0.0081632 0.011101 0.011891 0.015874 0.013003 0.013919 0.015609 0.016542 0.016832 0.025332 0.026734 0.029395 0.028295 0.029222 0.032543 0.033081 0.03894 0.035273 0.035863 0.036073 0.038649 0.040209 0.041167 0.041984 0.044518 0.042713 0.040754 0.038982 0.032768 0.034451 0.029618 0.027488 0.023819 0.024076 0.023634 0.021061 0.015159 0.013852 0.010891 0.01099 0.013 0.011194 0.0096447 0.010304 0.0093058 0.0092023 0.0081875 0.0070392 0.0045105 0.0060435 0.0082533 0.0088779 0.0093165 0.0062885 0.0076713 0.0074961 0.0067096 0.0059269 0.0065277 0.0028523 0.0044147 0.0036496 0.0013192 0.0043235 0.0069209 0.0040078 0.0015716 0.0035326 0.0012077 4.2904e-05 -0.0019224 -0.0033369 -0.0002625 0.0015699 0.00082727 0.00059267 0.00052867 0.0027105 -6.3977e-06 0.003804 0.0010436 0.0014289 0.0033783 0.0020079 -0.0010849 0.0027017 0.0013738 0.0030389 -0.0014342 0.001477 0.0015083 0.0004137 0.0012148 0.0037928 0.0053472 0.0019727 0.0016528 0.0048403 0.0051366 0.0027046 0.0017002 -0.0010223 -0.0031336 -0.0033596 0.00055302 -0.0022048 0.0015174 -0.00066782 0.0028707 0.00058172 0.0018291 -2.518e-05 4.0785e-05 0.0038529 0.0019581 0.0017638 0.0017408 0.00089602 0.0043746 0.0018961 -0.0017519 -0.0042909 -0.0018543 -0.0016728 0.0021917 0.0018763 -0.0001922 -0.0030146 -0.00205 -0.0027283 -0.00067442 -0.0015328 -0.0014344 -0.0022311 0.00091538 0.00135 0.0010951 -0.00088093 0.00087617 0.00063864 -0.0014162 0.00092651 0.0013438 0.0021678 -0.00010921 -0.001672 -0.00063837 0.00040485 0.0011995 0.0032467 -0.00028366 -0.00093504 0.00071076 0.00087656 0.0021203 0.00049958 0.0016873
0.0014818 -0.00030773 -0.00039959 0.0028111 -0.0021147 -0.0012978 0.0018864 0.0055968 0.0052644 0.0029566 0.0055781 0.0045249 0.0042718 0.0075632 0.01061 0.0091886 0.010161 0.013904 0.011455 0.01295 0.017224 0.018764 0.018843 0.019039 0.024218 0.019495 0.017353 0.022627 0.0219 0.023988 0.027855 0.027438 0.022025 0.021866 0.02358 0.02307 0.023839 0.022025 0.023005 0.024799 0.024523 0.023521 0.023032 0.023246 0.024683 0.02375 0.019496 0.020055 0.022821 0.021144 0.021044 0.020562 0.021389 0.021992 0.026667 0.02818 0.024661 0.035192 0.038474 0.040081 0.039701 0.036832 0.038022 0.039233 0.040184 0.045513 0.045858 0.048301 0.044298 0.046573 0.04217 0.038162 0.036376 0.035222 0.031408 0.032191 0.029851 0.034165 0.033252 0.029745 0.030834 0.03314 0.035273 0.041844 0.050448 0.056993 0.062319 0.068165 0.069928 0.07471 0.073135 0.075314 0.070613 0.070251 0.071023 0.068101 0.061176 0.058465 0.052562 0.056088 0.056671 0.054502 0.052325 0.049538 0.049765 0.046392 0.047405 0.051177 0.053459 0.060258 0.061498 0.070738 0.074978 0.079749 0.079366 0.078867 0.07793 0.077485 0.074732 0.070041 0.064777 0.056595 0.053468 0.050993 0.046923 0.04277 0.042549 0.041326 0.043546 0.043225 0.042089 0.043332 0.040316 0.042993 0.045917 0.044151 0.04376 0.040667 0.04022 0.044823 0.042878 0.04382 0.046383 0.049409 0.058837 0.065598 0.068353 0.064054 0.057732 0.057542 0.057188 0.05043 0.045752 0.038896 0.032444 0.026319 0.02918 0.026027 0.021233 0.02452 0.026671 0.02535 0.034013 0.045295 0.052804 0.056777 0.064322 0.067438 0.065715 0.067746 0.060771 0.05379 0.044805 0.040605 0.031345 0.028783 0.026974 0.020074 0.018773 0.0193 0.01217 0.014604 0.014004 0.011504 0.018262 0.024883 0.027177 0.032172 0.041003 0.052206 0.056783 0.064641 0.076734 0.084024 0.089823 0.10042 0.11726 0.12711 0.12854 0.12115 0.11184 0.10208 0.088337 0.073871 0.057073 0.045268 0.033037 0.026328 0.020568 0.017118 0.013618 0.007612 0.010435 0.013019 0.011368 0.0069103 0.0054686 0.0057901 0.0055228 0.0010464 0.0011129 0.0033744 0.01629 0.026376 0.045611 0.061268 0.069274 0.080928 0.080118 0.075266 0.064338 0.055272 0.049012 0.048595 0.04744 0.045816 0.042313 0.037686 0.036367 0.032888 0.029795 0.03057 0.026134 0.025084 0.021644 0.016107 0.015813 0.016763 0.015123 0.010728 0.0079943 0.0099718 0.0095372 0.01005 0.0094295 0.0066932 0.0063765 0.0095117 0.0062683 0.0096867 0.014174 0.013274 0.016528 0.012672 0.011942 0.01386 0.0098961 0.0095006 0.0087126 0.011543 0.01053 0.0083976 0.012793 0.014242 0.016645 0.013757 0.011663 0.015483 0.01765 0.018234 0.016341 0.01434 0.015687 0.018276 0.019159 0.020922 0.022127 0.020491 0.018592 0.015783 0.015799 0.010679 0.014052 0.013793 0.008354 0.0096004 0.012174 0.0094852 0.012753 0.013069 0.020003 0.020005 0.016211 0.015203 0.011192 0.017207 0.020359 0.018537 0.017708 0.017824 0.016491 0.017001 0.017296 0.014543 0.014953 0.016735 0.01755 0.018674 0.021915 0.022079 0.020461 0.023437 0.023671 0.024862 0.025944 0.026454 0.028316 0.032044 0.039703 0.044263 0.04622 0.044078 0.047291 0.050383 0.043686 0.044723 0.048105 0.042042 0.038001 0.041107 0.039529 0.038086 0.035128 0.038891 0.036871 0.037724 0.036103 0.036779 0.034444 0.032002 0.030034 0.026469 0.02434 0.022606 0.024195 0.025978 0.026151 0.02915 0.030621 0.032466 0.035525 0.036321 0.040214 0.041789 0.042901 0.044068 0.046967 0.045474 0.048143 0.052219 0.055351 0.054424 0.055487 0.053314 0.053921 0.055618 0.055891 0.049896 0.049662 0.054739 0.067125 0.076067 0.081665 0.080827 0.074738 0.070496 0.064731 0.057937 0.051976 0.043281 0.038882 0.03484 0.031888 0.031149 0.031872 0.028746 0.026315 0.024709 0.024211 0.026987 0.023095 0.023476 0.023619 0.024519 0.020105 0.016756 0.016475 0.019487 0.022355 0.021569 0.021531 0.018754 0.018116 0.013574 0.016816 0.015625 0.016649 0.015857 0.016284 0.019763 0.021106 0.019679 0.017669 0.019224 0.01517 0.017144 0.019397 0.022647 0.019244 0.018955 0.018445 0.016236 0.018359 0.01873 0.017781 0.020357 0.025478 0.022144 0.024419 0.020848 0.018548 0.022159 0.023666 0.019558 0.023704 0.022482 0.021225 0.021138 0.02041 0.023312 0.018436 0.019351 0.022195 0.024306 0.021022 0.024068 0.022488 0.021994 0.022325 0.027682 0.030607 0.035692 0.040729 0.040523 0.046518 0.048503 0.049155 0.054495 0.056197 0.055644 0.052214 0.04726 0.044552 0.042282 0.040805 0.042082 0.042612 0.040579 0.040416 0.044405 0.048793 0.048612 0.051079 0.059787 0.0664 0.078818 0.088315 0.099416 0.10566 0.11977 0.12413 0.12114 0.11533 0.11243 0.10188 0.091708 0.082339 0.074692 0.065499 0.059961 0.056244 0.051011 0.043358 0.040492 0.039769 0.0361 0.034778 0.033054 0.03244 0.032993 0.026115 0.026161 0.024925 0.022936 0.019777 0.016256 0.016946 0.018281 0.018149 0.010799 0.010955 0.013825 0.0087905 0.0078632 0.011565 0.0079685 0.012112 0.010075 0.0088652 0.011298 0.0060537 0.0071872 0.0079156 0.0089792 0.0087273 0.0087111 0.011331 0.012823 0.015605 0.013076 0.014696 0.016394 0.018448 0.019399 0.028479 0.029052 0.032141 0.030196 0.030287 0.033805 0.033436 0.03874 0.036347 0.036018 0.034321 0.036952 0.037983 0.040191 0.041248 0.041188 0.041 0.039351 0.036549 0.03007 0.031628 0.026385 0.02291 0.021348 0.022113 0.019451 0.015658 0.011903 0.010479 0.0088652 0.0080657 0.009557 0.007733 0.0087699 0.0089316 0.0076529 0.0074026 0.006198 0.0070592 0.0044755 0.0051754 0.006926 0.006854 0.0081323 0.0055396 0.006732 0.0078844 0.008603 0.0058628 0.0062145 0.0021101 0.0027943 0.0038461 0.002091 0.0040927 0.0050514 0.0017686 -0.00023285 0.0010448 0.0009762 0.0011867 -0.0004559 -0.0026548 -0.00074821 -0.00030959 -0.000135 -8.0055e-05 8.9893e-05 0.00052945 -6.3963e-05 0.0032619 -0.00028783 0.00053104 0.003211 0.0020571 -0.0011319 0.0024317 -0.0013787 -0.00012484 -0.0042243 -0.001535 0.0016726 -0.00073017 -0.0016764 0.0013194 0.0040438 0.0014843 0.0018891 0.0042463 0.0051825 0.0017215 0.0025773 -0.00097555 -0.0024082 -0.0049337 -0.0022982 -0.0034481 0.00058076 -0.00052252 0.0016026 -0.0018998 -0.00043881 -0.00062609 -0.00085115 0.0019672 0.0024276 -0.00038602 0.00012821 -5.0489e-05 0.0037466 0.0019527 -0.0015801 -0.0033136 -0.00055822 -0.0015253 0.0030032 0.0021436 -0.00025265 -0.0029706 -0.0033506 -0.0034004 -0.00033385 -0.002107 -0.0031006 -0.0024605 0.0010106 -0.00035131 0.00056008 -0.0013034 -0.00023386 -0.00013535 -0.0028173 -0.0005526 -0.00047389 0.0011509 -0.001379 -0.0034154 -0.0018098 0.00023303 0.00099834 0.0027917 0.00017557 -0.0010649 -0.0010715 -0.00028604 0.00069151 -0.0011645 -0.0014765
0.0015194 0.003752 0.0018115 0.0015025 0.004503 -0.00023907 0.00057738 0.0033032 0.0074188 0.0072599 0.0056755 0.0089241 0.0073508 0.0071757 0.011081 0.016519 0.012645 0.012413 0.016701 0.01425 0.016214 0.021023 0.021882 0.021285 0.023092 0.026594 0.024302 0.023069 0.027516 0.024846 0.027687 0.032779 0.032254 0.026261 0.025984 0.029774 0.029295 0.029679 0.029189 0.0308 0.03147 0.031975 0.031453 0.029697 0.028252 0.030259 0.029459 0.023667 0.023723 0.027259 0.024744 0.024577 0.025657 0.024909 0.025147 0.029852 0.030894 0.027878 0.039641 0.04279 0.045648 0.046721 0.043096 0.044085 0.044196 0.043958 0.049459 0.049293 0.052781 0.050317 0.050318 0.04451 0.040721 0.038634 0.036939 0.032664 0.036049 0.033425 0.037992 0.037807 0.033024 0.034562 0.036778 0.038993 0.04894 0.055408 0.061173 0.067869 0.07275 0.072993 0.075209 0.072423 0.074422 0.068087 0.069584 0.072983 0.06811 0.061652 0.056753 0.052977 0.058 0.058199 0.057874 0.056125 0.053438 0.054381 0.052519 0.051077 0.056355 0.060147 0.067412 0.068473 0.078777 0.081843 0.086461 0.083964 0.081088 0.080359 0.07903 0.076318 0.069557 0.063573 0.054689 0.051845 0.050836 0.049252 0.046064 0.044718 0.044971 0.047006 0.045846 0.043578 0.046335 0.044893 0.046481 0.048936 0.047457 0.04614 0.040031 0.038595 0.043926 0.04356 0.044815 0.049762 0.053698 0.061911 0.070718 0.073635 0.068032 0.059142 0.057264 0.056207 0.048599 0.042921 0.037155 0.02984 0.023885 0.025874 0.02297 0.020852 0.026219 0.026883 0.026045 0.036219 0.049244 0.056662 0.059046 0.065418 0.06736 0.064594 0.064758 0.056151 0.048057 0.040183 0.03602 0.029277 0.02804 0.024382 0.017128 0.0155 0.017899 0.010244 0.014092 0.015059 0.012772 0.019761 0.027028 0.030545 0.037104 0.046652 0.057335 0.061021 0.066582 0.077774 0.085027 0.090879 0.10062 0.11765 0.12418 0.12414 0.11603 0.10453 0.093975 0.080514 0.066617 0.049914 0.039779 0.027718 0.023956 0.018605 0.013953 0.012592 0.0071784 0.0093098 0.013166 0.011333 0.0079834 0.005163 0.0027073 0.0037375 -0.00063621 -8.7295e-05 0.0037194 0.01886 0.031462 0.051012 0.063544 0.068636 0.078452 0.0737 0.065169 0.052414 0.042979 0.036458 0.036869 0.03927 0.040019 0.03683 0.032342 0.031211 0.028334 0.029442 0.030319 0.024443 0.02385 0.01859 0.014192 0.015181 0.016431 0.015908 0.011998 0.008309 0.010623 0.0084153 0.0085208 0.008341 0.0061777 0.0064085 0.0092765 0.0042546 0.0084886 0.013914 0.012292 0.016363 0.013332 0.01302 0.013216 0.010277 0.0089521 0.0091659 0.012541 0.010814 0.010896 0.015585 0.016133 0.019088 0.014791 0.01119 0.016852 0.020083 0.018452 0.016557 0.015771 0.015117 0.016218 0.016366 0.018661 0.02051 0.02019 0.019048 0.015769 0.014419 0.008628 0.012362 0.012412 0.0081505 0.0092933 0.012216 0.0082933 0.011932 0.014655 0.02069 0.020659 0.014467 0.012954 0.010317 0.016605 0.019857 0.018533 0.018232 0.019544 0.01635 0.016205 0.017494 0.014682 0.016027 0.016929 0.019503 0.018208 0.019951 0.020982 0.018546 0.0203 0.021759 0.023834 0.025519 0.026322 0.029462 0.032849 0.041336 0.046013 0.048357 0.045988 0.047252 0.049521 0.041966 0.042259 0.04632 0.038746 0.034185 0.037659 0.036814 0.035823 0.033239 0.037982 0.033932 0.035229 0.033657 0.035946 0.035451 0.03086 0.026799 0.022322 0.023526 0.022262 0.024556 0.026222 0.024913 0.026126 0.031092 0.031998 0.0359 0.034798 0.038232 0.038892 0.039534 0.042217 0.045612 0.04359 0.046535 0.050064 0.052306 0.049422 0.053026 0.050225 0.05118 0.051765 0.051835 0.046086 0.047402 0.053291 0.065213 0.072722 0.077177 0.074145 0.065518 0.05849 0.052153 0.047002 0.04304 0.032778 0.029407 0.028855 0.026731 0.028185 0.03028 0.027596 0.023036 0.021851 0.021062 0.023989 0.020316 0.022373 0.020438 0.020985 0.019295 0.016108 0.015455 0.01925 0.021976 0.021431 0.020438 0.01705 0.016365 0.013346 0.015776 0.013658 0.016109 0.015355 0.014916 0.017637 0.019969 0.018676 0.016313 0.019005 0.0152 0.016984 0.01898 0.021954 0.017172 0.018637 0.017352 0.014804 0.01981 0.021128 0.018856 0.020656 0.024831 0.021747 0.025918 0.019848 0.017645 0.022593 0.024724 0.019766 0.025121 0.022703 0.023023 0.021439 0.019607 0.024287 0.019961 0.021975 0.023377 0.0243 0.021534 0.023994 0.023128 0.024777 0.02413 0.029391 0.030744 0.03601 0.044852 0.042526 0.04641 0.047131 0.049906 0.054345 0.056706 0.055106 0.050273 0.044583 0.043845 0.043569 0.041153 0.042339 0.044196 0.043117 0.042276 0.046035 0.050766 0.051656 0.053765 0.064019 0.07105 0.083858 0.092218 0.10345 0.11052 0.12454 0.12736 0.12277 0.11461 0.11136 0.099372 0.09047 0.081138 0.072514 0.065454 0.060145 0.055318 0.048359 0.041325 0.038518 0.037115 0.033001 0.033362 0.031779 0.031369 0.032746 0.024394 0.023216 0.023281 0.021472 0.019329 0.016275 0.015118 0.016255 0.018543 0.0098092 0.010036 0.013287 0.0068439 0.0056385 0.010895 0.0054654 0.012139 0.012095 0.010437 0.011284 0.0044994 0.0065285 0.0056532 0.0060095 0.007609 0.0093385 0.010843 0.013142 0.014826 0.013872 0.016015 0.0173 0.019985 0.020967 0.02995 0.030032 0.033102 0.030429 0.028548 0.033125 0.032122 0.036989 0.036724 0.035191 0.031976 0.033789 0.034341 0.037236 0.039774 0.036593 0.03783 0.03601 0.032569 0.026416 0.028118 0.023165 0.017708 0.018666 0.019353 0.014773 0.0099807 0.0094725 0.0078989 0.0063029 0.0049896 0.0064259 0.0044861 0.0081071 0.0074892 0.0057813 0.005267 0.0037559 0.0067587 0.0038456 0.0041053 0.0048843 0.004333 0.0056714 0.0041923 0.0054398 0.007817 0.009726 0.0063753 0.0062598 0.0015005 0.00098048 0.0036048 0.0028563 0.0035998 0.0026821 0.00031938 -0.0014418 -0.0013522 0.0005902 0.0025828 0.001042 -0.0010676 -0.00091568 -0.001646 -0.00094463 -0.00081592 -0.0011115 -0.0022718 8.3796e-05 0.0028547 -0.0020082 -0.0023014 0.0021065 0.0024606 -0.00069407 0.0011564 -0.0043149 -0.0030282 -0.0065729 -0.0039795 0.0019394 -0.001343 -0.0035753 -0.0010723 0.0030821 0.001515 0.0018644 0.003089 0.0046803 -0.0001465 0.0028009 -0.0011158 -0.0010546 -0.0055697 -0.0050132 -0.0048381 -0.0011921 -0.0012613 -0.00026637 -0.0046436 -0.0051239 -0.0028437 -0.0021809 -0.00023996 0.0027221 -0.0035971 -0.0019148 -0.00062063 0.0028465 0.0012632 -0.00038941 -0.0010392 0.0020698 -0.0006881 0.0035117 0.0024233 -0.00076312 -0.0024624 -0.0032958 -0.0032936 -0.0005842 -0.0031481 -0.004887 -0.0028334 0.00024713 -0.0026197 2.787e-05 -0.0019661 -0.0019337 -0.0016981 -0.0039573 -0.0017298 -0.0025008 -0.00019424 -0.0020414 -0.004128 -0.0025154 0.00041025 0.00076081 0.0022204 0.0011136 -0.0012379 -0.0032032 -0.0018037 -0.0007875 -0.0024434
0.0036686 0.0068135 0.0055568 0.0044034 0.0077088 0.002747 0.0028348 0.0060923 0.0098362 0.010328 0.0096552 0.013688 0.012255 0.011435 0.015405 0.023826 0.018429 0.014812 0.018948 0.016607 0.020407 0.025921 0.026438 0.024806 0.027672 0.028179 0.029577 0.030012 0.033806 0.029299 0.032036 0.038335 0.0388 0.031778 0.030676 0.036492 0.036277 0.03598 0.037081 0.039666 0.039095 0.039894 0.040242 0.035961 0.031737 0.035024 0.034044 0.028194 0.02871 0.033363 0.030964 0.030142 0.032438 0.030309 0.029283 0.033386 0.035581 0.033203 0.043943 0.046025 0.0506 0.053313 0.049454 0.050768 0.049664 0.048259 0.053051 0.051505 0.056152 0.055565 0.054198 0.047531 0.04472 0.041084 0.03941 0.036379 0.041471 0.039085 0.042949 0.042867 0.037166 0.039674 0.04131 0.043633 0.057668 0.060103 0.064764 0.073206 0.077749 0.077181 0.076246 0.073299 0.073982 0.067393 0.071386 0.076864 0.068827 0.062873 0.056203 0.054109 0.059941 0.059551 0.061393 0.060578 0.058896 0.060561 0.060273 0.056237 0.061494 0.065753 0.073261 0.074544 0.085315 0.087126 0.091102 0.087393 0.082641 0.081857 0.081311 0.079312 0.071516 0.064683 0.054846 0.052036 0.05148 0.053062 0.051889 0.047187 0.048957 0.051753 0.048426 0.045036 0.049522 0.050846 0.050648 0.052638 0.050248 0.048828 0.041177 0.038887 0.043145 0.043805 0.045929 0.053146 0.058215 0.065361 0.076226 0.078287 0.070809 0.059557 0.056915 0.05582 0.048077 0.040817 0.036591 0.029178 0.022269 0.023076 0.021266 0.021689 0.027853 0.027285 0.027447 0.037065 0.050654 0.058711 0.060275 0.065098 0.066378 0.062612 0.060802 0.050283 0.041859 0.035705 0.031701 0.029477 0.02917 0.022385 0.015723 0.014531 0.018434 0.0098713 0.015166 0.017493 0.01493 0.022181 0.028468 0.033057 0.041816 0.051605 0.061144 0.064557 0.067953 0.077854 0.084622 0.089708 0.10059 0.11765 0.11874 0.11781 0.10897 0.096244 0.086754 0.075645 0.061989 0.045063 0.036582 0.024579 0.023561 0.018451 0.012548 0.01267 0.0088007 0.0086248 0.013163 0.010671 0.0083622 0.0057355 0.00095946 0.0025529 -0.0004867 -0.00051744 0.0049871 0.021487 0.037627 0.055378 0.063767 0.066923 0.073504 0.066312 0.0565 0.043936 0.034644 0.02712 0.028568 0.033616 0.035417 0.032547 0.029742 0.028461 0.024791 0.029562 0.030086 0.024433 0.024716 0.018018 0.013809 0.014327 0.015936 0.016686 0.014085 0.0092324 0.012195 0.0078912 0.0068682 0.0070513 0.0063633 0.0069721 0.010431 0.0026362 0.0083601 0.014094 0.01131 0.014968 0.014051 0.014423 0.01294 0.011053 0.0083167 0.010587 0.013639 0.01165 0.014133 0.018251 0.016764 0.020286 0.015962 0.01087 0.01954 0.023079 0.01854 0.017502 0.018177 0.014519 0.014823 0.014006 0.016466 0.018314 0.018893 0.018425 0.016098 0.013186 0.006715 0.010609 0.011415 0.0081932 0.010322 0.013027 0.0068361 0.01054 0.016703 0.021251 0.021122 0.013314 0.011471 0.0092699 0.01475 0.018092 0.019127 0.019565 0.021094 0.016517 0.015947 0.017916 0.014274 0.017846 0.018588 0.022609 0.019039 0.018137 0.020989 0.017272 0.016985 0.02009 0.022698 0.025449 0.026638 0.031386 0.034512 0.043665 0.047442 0.049768 0.047036 0.045923 0.048103 0.040755 0.039772 0.044187 0.036894 0.031502 0.035482 0.035307 0.034203 0.032551 0.036792 0.032041 0.034603 0.032554 0.035562 0.036369 0.028668 0.023024 0.017799 0.022503 0.02267 0.024397 0.024865 0.023326 0.021594 0.030626 0.030441 0.035752 0.032746 0.035678 0.035067 0.035103 0.03876 0.043923 0.041347 0.044054 0.047818 0.048994 0.043168 0.050422 0.047216 0.049137 0.047036 0.046991 0.041943 0.044563 0.052252 0.062384 0.068013 0.070876 0.06664 0.056609 0.047301 0.041979 0.037651 0.036601 0.025786 0.023138 0.02577 0.023307 0.026524 0.02911 0.026506 0.019378 0.019515 0.018938 0.021286 0.019207 0.022608 0.017659 0.018339 0.01888 0.014086 0.014711 0.01871 0.020153 0.020091 0.018578 0.01516 0.013948 0.012799 0.013708 0.010574 0.014426 0.01323 0.012595 0.014184 0.017818 0.01641 0.01535 0.017763 0.015074 0.015948 0.018149 0.020661 0.015915 0.018144 0.015208 0.013848 0.022767 0.024622 0.020197 0.021451 0.024696 0.022457 0.0287 0.020251 0.017576 0.023331 0.02644 0.021136 0.026493 0.022178 0.024375 0.022942 0.019441 0.025781 0.021912 0.025784 0.024751 0.024384 0.021542 0.02311 0.023755 0.027597 0.02449 0.029788 0.029988 0.034951 0.046506 0.041849 0.042594 0.04262 0.04864 0.051467 0.054373 0.052356 0.047185 0.041139 0.042567 0.044354 0.042066 0.041867 0.045147 0.045272 0.045248 0.04781 0.050892 0.053455 0.056725 0.066625 0.074883 0.087237 0.092104 0.10237 0.10946 0.12238 0.12427 0.11832 0.10826 0.10456 0.091915 0.085106 0.076409 0.066767 0.063378 0.058484 0.052183 0.043948 0.038524 0.036225 0.033974 0.029379 0.03243 0.030958 0.02977 0.031623 0.02259 0.01941 0.021164 0.01802 0.016628 0.015771 0.013951 0.01281 0.018274 0.0089069 0.0086476 0.012301 0.0051001 0.0038211 0.0096163 0.0016596 0.011149 0.012676 0.011472 0.010146 0.0028734 0.0055957 0.0030506 0.0017107 0.0054523 0.0095006 0.0097325 0.012711 0.013271 0.014807 0.017439 0.018944 0.021281 0.021091 0.029899 0.029834 0.032374 0.02894 0.024018 0.030869 0.029682 0.034563 0.036689 0.033571 0.029347 0.028882 0.029346 0.032405 0.037916 0.031289 0.033823 0.031585 0.027598 0.021956 0.024231 0.020213 0.012149 0.015488 0.015376 0.010133 0.0049602 0.0076809 0.0055928 0.0031686 0.0021451 0.0036908 0.0014343 0.0071352 0.0056338 0.0033183 0.0031451 0.0014888 0.0060683 0.0021352 0.0020585 0.0024441 0.0014803 0.0022186 0.0016894 0.0035053 0.006513 0.009115 0.0069774 0.0065783 0.0011176 -0.0010739 0.0025202 0.0025892 0.0018348 -0.00026079 -4.1815e-05 -0.0014141 -0.0028405 -0.00034181 0.0035909 0.0017572 0.00033258 -0.0014096 -0.0026933 -0.0017629 -0.0010527 -0.0028993 -0.005412 0.00058447 0.0030753 -0.0035086 -0.0064263 0.00028738 0.0026348 -0.00022456 -0.0008268 -0.0073393 -0.0050694 -0.008583 -0.0053505 0.00096693 -0.0027006 -0.0049683 -0.0038988 0.0021404 0.001691 0.0010412 0.00090162 0.0025559 -0.0034118 0.0022329 -0.0016413 0.00045374 -0.0061193 -0.0072313 -0.0068273 -0.0038495 -0.0032251 -0.0025291 -0.0068673 -0.011101 -0.0063829 -0.004088 -0.0021662 0.0030232 -0.0069938 -0.003466 -0.00067433 0.0021383 -0.00018018 0.0014917 0.0017336 0.0055955 0.00092108 0.0034534 0.001855 -0.0027902 -0.0024355 -0.0020767 -0.0025742 -0.0022461 -0.0051868 -0.0069091 -0.0036923 -0.0013021 -0.0048576 -0.00047337 -0.0032532 -0.0041798 -0.0039343 -0.0046767 -0.0025725 -0.0045233 -0.0016212 -0.00156 -0.0034872 -0.002232 0.0005508 -0.00027104 0.0014886 0.0021613 -0.0017539 -0.0050554 -0.003673 -0.0015017 -0.0029459
0.012868 0.0049998 0.010676 0.011411 0.0086103 0.013444 0.0070616 0.0056416 0.010228 0.01397 0.015202 0.015282 0.020237 0.019329 0.017426 0.020177 0.032628 0.028002 0.017827 0.021016 0.019201 0.026489 0.031972 0.03314 0.03058 0.032902 0.029502 0.035942 0.038258 0.041756 0.035489 0.036855 0.044217 0.047604 0.038355 0.035891 0.04421 0.04521 0.043164 0.045766 0.049512 0.047231 0.04785 0.048618 0.040876 0.032636 0.038341 0.036436 0.032599 0.035137 0.041342 0.03997 0.038164 0.041365 0.037925 0.033726 0.037528 0.043032 0.041545 0.049033 0.048224 0.054208 0.059061 0.055539 0.057455 0.056392 0.054542 0.057661 0.05317 0.059012 0.060018 0.058781 0.051506 0.050486 0.043593 0.041453 0.042404 0.048735 0.046874 0.04908 0.048997 0.043328 0.047183 0.047637 0.049473 0.067444 0.064129 0.067538 0.078035 0.083032 0.083283 0.078976 0.077506 0.075524 0.069409 0.07633 0.08231 0.069809 0.064329 0.05684 0.055065 0.060817 0.060564 0.064773 0.066328 0.066437 0.069037 0.069024 0.063449 0.067199 0.070333 0.078232 0.07965 0.089868 0.091285 0.094029 0.088716 0.083062 0.081455 0.084606 0.084429 0.0769 0.068523 0.05719 0.054176 0.052256 0.056852 0.059536 0.048857 0.052244 0.057927 0.050792 0.046503 0.05227 0.057618 0.054304 0.056576 0.052204 0.05139 0.044083 0.042272 0.04285 0.042542 0.046828 0.055586 0.061832 0.068751 0.081523 0.082304 0.07281 0.058012 0.056481 0.056188 0.048581 0.039716 0.037016 0.031429 0.021239 0.020114 0.020151 0.024198 0.028583 0.028368 0.030544 0.036716 0.049142 0.058825 0.061274 0.063409 0.064985 0.060133 0.05596 0.043027 0.034959 0.030196 0.026888 0.030421 0.029627 0.019286 0.01592 0.015881 0.021275 0.01153 0.018064 0.021159 0.017145 0.024424 0.028442 0.033874 0.045113 0.055654 0.063427 0.06799 0.069958 0.07776 0.083126 0.08465 0.099595 0.1172 0.11064 0.1097 0.099455 0.086619 0.07944 0.073361 0.059379 0.041896 0.034742 0.022352 0.02369 0.018762 0.011708 0.013123 0.012368 0.0079275 0.012547 0.0078408 0.0062423 0.0066252 0.0015648 0.0022706 0.0020306 -0.00023114 0.0064474 0.023756 0.044677 0.05864 0.062491 0.064743 0.066257 0.05921 0.05087 0.040046 0.02969 0.020056 0.023242 0.03016 0.031146 0.029707 0.03211 0.029945 0.023501 0.030208 0.029735 0.02708 0.028194 0.020385 0.014734 0.012829 0.015102 0.016731 0.016273 0.010121 0.014561 0.0084146 0.005073 0.0053939 0.0069325 0.0069424 0.012866 0.0017375 0.010346 0.015144 0.0099241 0.011781 0.014093 0.015407 0.012985 0.010971 0.0061677 0.011269 0.014142 0.013655 0.017357 0.01989 0.015023 0.019014 0.016461 0.0093629 0.023652 0.026729 0.018364 0.01895 0.020391 0.013529 0.015019 0.012738 0.014923 0.016322 0.017062 0.015913 0.016554 0.011817 0.0050478 0.0089741 0.011569 0.0081846 0.013108 0.014693 0.0046576 0.0080386 0.018861 0.021763 0.020932 0.012904 0.011436 0.0084059 0.011724 0.014743 0.020827 0.021957 0.022525 0.016354 0.015984 0.017962 0.012738 0.019892 0.020992 0.026228 0.021301 0.016955 0.021917 0.016456 0.014083 0.01904 0.022431 0.026438 0.027051 0.03291 0.036816 0.046972 0.048179 0.050345 0.04613 0.042438 0.044565 0.038659 0.035978 0.040366 0.035606 0.029122 0.034349 0.034916 0.032522 0.031837 0.033685 0.031321 0.03649 0.033006 0.035108 0.035543 0.024499 0.018975 0.012234 0.020497 0.023453 0.022895 0.020105 0.020404 0.015685 0.028735 0.027088 0.03453 0.029566 0.032671 0.030603 0.029918 0.03403 0.042479 0.039135 0.040467 0.045111 0.045019 0.034856 0.047463 0.044251 0.046889 0.040778 0.040627 0.036807 0.041302 0.051991 0.058201 0.062077 0.0626 0.058102 0.047117 0.037083 0.034281 0.028802 0.032285 0.022292 0.020706 0.024866 0.020381 0.024551 0.027047 0.024551 0.015289 0.017364 0.017346 0.018228 0.01939 0.022723 0.014008 0.01643 0.018997 0.0097685 0.014283 0.017094 0.014813 0.016034 0.014553 0.01239 0.010312 0.010509 0.0094509 0.0054416 0.01086 0.008695 0.0081664 0.0090435 0.014342 0.01225 0.014242 0.013935 0.01408 0.013682 0.017164 0.019175 0.015718 0.016428 0.010995 0.012867 0.026334 0.028253 0.021255 0.022784 0.025982 0.02486 0.032861 0.021792 0.01683 0.024145 0.028518 0.023759 0.027539 0.020761 0.025994 0.026635 0.021153 0.02771 0.024304 0.031157 0.026831 0.024758 0.021181 0.020929 0.023975 0.030247 0.02371 0.029552 0.029589 0.033211 0.045108 0.037389 0.033861 0.034625 0.044833 0.045704 0.048291 0.047215 0.042767 0.036594 0.040922 0.045327 0.043852 0.0412 0.045636 0.046828 0.049719 0.05039 0.048507 0.054193 0.060741 0.067557 0.077992 0.088602 0.087395 0.095335 0.1011 0.11238 0.11443 0.10747 0.096809 0.092646 0.080261 0.07521 0.067761 0.057028 0.058476 0.05394 0.045982 0.037012 0.034334 0.033134 0.029922 0.024727 0.031473 0.0303 0.026984 0.028073 0.020393 0.014584 0.017993 0.012993 0.011159 0.014442 0.013934 0.0072111 0.017137 0.0084418 0.006306 0.011025 0.0038422 0.0028303 0.0076229 -0.0032094 0.0091686 0.010038 0.011395 0.0077222 0.00092503 0.0041614 -0.00058273 -0.0044532 0.0013079 0.0082236 0.0076183 0.010651 0.0097707 0.01423 0.018211 0.021783 0.021878 0.018977 0.028465 0.028626 0.030138 0.025794 0.017237 0.027661 0.026936 0.032435 0.036362 0.031214 0.026812 0.021823 0.02295 0.026094 0.036374 0.025794 0.029566 0.027265 0.022597 0.016809 0.020351 0.018344 0.0067012 0.011567 0.010182 0.0063313 0.0015094 0.0062416 0.0034268 0.00024884 0.0003121 0.0014456 -0.0014976 0.00488 0.0029524 -0.00039863 0.0015287 0.00052761 0.0055035 -0.00058442 -0.0021604 0.00026921 -0.0015134 -0.0017694 -0.0026252 0.00062665 0.0035357 0.0063553 0.0072955 0.0073133 0.00096273 -0.0037189 0.00044952 0.00018317 -0.0023611 -0.0039071 0.00074188 0.0011741 -0.0022831 -0.002109 0.0036545 0.0010978 0.00014164 -0.0028805 -0.004052 -0.0028073 -0.00019418 -0.0051398 -0.0090186 0.0015328 0.0045939 -0.0039018 -0.010946 -0.0020521 0.0022123 -3.5999e-05 -0.0023966 -0.0099761 -0.0055929 -0.01001 -0.0054002 -0.0029386 -0.0065912 -0.0069594 -0.0078721 0.00079744 0.0016743 -0.0015296 -0.0032541 -0.0030122 -0.0088901 0.00069171 -0.0027172 0.0014199 -0.0075168 -0.0082521 -0.0099888 -0.0071628 -0.0063801 -0.0046395 -0.0076486 -0.016437 -0.010369 -0.0063389 -0.0026889 0.0040709 -0.0089963 -0.0029257 0.00046927 0.0028061 -0.0017463 0.0041791 0.0040353 0.0096506 0.0033871 0.0029548 -0.00029656 -0.0075784 -0.0037447 0.0001945 -0.001079 -0.005462 -0.0085411 -0.0091566 -0.0056388 -0.0038467 -0.0068756 -0.0009154 -0.0054304 -0.0071699 -0.0065596 -0.0046023 -0.0029306 -0.0059939 -0.0024321 0.00056748 -0.0014627 -0.00047894 0.00035815 -0.0028651 0.0010086 0.0035134 -0.0025917 -0.0054932 -0.0053044 0.00016305
0.017676 0.0041152 0.01493 0.020733 0.014947 0.023437 0.013343 0.0096047 0.014464 0.0214 0.023213 0.023029 0.02898 0.027957 0.025431 0.025223 0.04352 0.043559 0.021989 0.024583 0.023627 0.036574 0.038791 0.0424 0.03999 0.038777 0.031394 0.043606 0.047209 0.051019 0.043321 0.04168 0.04899 0.059159 0.044492 0.041058 0.053483 0.058127 0.051614 0.055387 0.060064 0.054838 0.054284 0.054673 0.043008 0.029742 0.039328 0.035616 0.036856 0.043544 0.051854 0.051314 0.049556 0.053406 0.04858 0.036946 0.042266 0.053438 0.053436 0.056315 0.049384 0.054286 0.063309 0.060545 0.06271 0.065587 0.064899 0.064025 0.0542 0.060959 0.063003 0.063768 0.05606 0.058656 0.045967 0.040226 0.049102 0.057485 0.055872 0.055514 0.057332 0.053492 0.058642 0.057254 0.056677 0.076538 0.065633 0.068422 0.08102 0.086911 0.091204 0.08444 0.086767 0.080911 0.074595 0.085454 0.088646 0.070253 0.064888 0.058105 0.054385 0.058865 0.061013 0.06707 0.074761 0.076444 0.081194 0.077853 0.073043 0.074841 0.074553 0.084065 0.0841 0.091732 0.09605 0.095868 0.085329 0.080384 0.077098 0.089091 0.092509 0.086037 0.074631 0.06078 0.058541 0.052785 0.058404 0.067838 0.048143 0.053085 0.065298 0.052457 0.047472 0.053152 0.063554 0.054312 0.059972 0.054035 0.053729 0.047744 0.050153 0.044547 0.038993 0.046665 0.055708 0.06273 0.070617 0.084364 0.08489 0.07473 0.052052 0.055398 0.056677 0.049359 0.039996 0.038134 0.038134 0.020169 0.015792 0.018064 0.029727 0.027096 0.031218 0.036628 0.035291 0.04425 0.056386 0.062673 0.059626 0.063577 0.057851 0.049806 0.034645 0.027309 0.021875 0.020954 0.029122 0.024249 0.011404 0.017175 0.01867 0.026408 0.015702 0.023054 0.026147 0.018331 0.024378 0.025614 0.032064 0.044906 0.059562 0.064553 0.072514 0.07361 0.077591 0.079785 0.07207 0.094723 0.11487 0.098498 0.098238 0.085752 0.073781 0.069109 0.071894 0.057027 0.039633 0.032875 0.01897 0.022185 0.018034 0.0096674 0.013168 0.018986 0.0078516 0.011677 0.0012663 -4.3309e-05 0.0075317 0.0063522 0.0043078 0.0080336 0.0014564 0.005748 0.024663 0.051045 0.059277 0.059435 0.06136 0.0559 0.053831 0.050335 0.041353 0.026105 0.013572 0.020327 0.028979 0.026176 0.028472 0.042586 0.038016 0.026241 0.032095 0.029914 0.034305 0.034762 0.025931 0.016733 0.010469 0.013816 0.015206 0.017675 0.011076 0.018178 0.010603 0.0029096 0.0025407 0.0070017 0.0041131 0.016124 0.0022026 0.016534 0.017369 0.0076062 0.0063309 0.012038 0.013959 0.01217 0.007032 8.3891e-05 0.0078277 0.01313 0.018053 0.019323 0.019102 0.0091238 0.013272 0.015043 0.0035223 0.028984 0.031381 0.017418 0.019936 0.020016 0.011285 0.018774 0.014042 0.014851 0.016063 0.016585 0.010576 0.017348 0.0098584 0.0044248 0.0073159 0.013861 0.0073623 0.018325 0.017387 0.00077922 0.0032283 0.020639 0.022248 0.019323 0.013807 0.013959 0.0083046 0.0088533 0.010262 0.025036 0.026085 0.023984 0.0146 0.015694 0.016312 0.008563 0.020748 0.022124 0.029315 0.025533 0.017625 0.023289 0.015304 0.011939 0.019154 0.024749 0.029372 0.026864 0.031769 0.038872 0.051104 0.046682 0.048968 0.04078 0.03496 0.035346 0.032575 0.028179 0.033168 0.03352 0.024949 0.033102 0.034665 0.028521 0.028562 0.025316 0.031374 0.04113 0.03523 0.033866 0.030717 0.017671 0.015601 0.0046158 0.016616 0.024274 0.018514 0.0093373 0.015145 0.0096958 0.025067 0.020708 0.030473 0.023684 0.028445 0.02511 0.02407 0.028518 0.040977 0.037769 0.035371 0.040854 0.039528 0.023182 0.043548 0.040727 0.041512 0.031394 0.03139 0.02977 0.038891 0.052868 0.051474 0.054984 0.052067 0.048315 0.035357 0.027663 0.029396 0.019305 0.030419 0.021984 0.023507 0.025031 0.016643 0.01988 0.022516 0.0214 0.011487 0.015451 0.0158 0.014335 0.02011 0.019878 0.0076546 0.015532 0.02063 0.0025926 0.01459 0.012849 0.0028552 0.0066434 0.0054275 0.0077325 0.0049677 0.0043991 0.0010189 -0.0027363 0.0048032 0.00089999 -0.00068447 0.00097479 0.0086679 0.0045427 0.010462 0.0039425 0.010964 0.0094317 0.01655 0.017909 0.016024 0.011029 0.002899 0.011258 0.029042 0.029428 0.020293 0.024064 0.0294 0.028873 0.038275 0.023708 0.012422 0.024597 0.030438 0.027998 0.028504 0.018929 0.029916 0.033896 0.026976 0.030577 0.027904 0.038566 0.030671 0.026045 0.020874 0.015487 0.022728 0.032337 0.02198 0.0301 0.031009 0.031324 0.039368 0.026251 0.017364 0.021514 0.035603 0.035328 0.036011 0.038643 0.035436 0.029733 0.039031 0.048541 0.047172 0.041865 0.046273 0.047881 0.056284 0.055136 0.04306 0.054603 0.066066 0.066272 0.079991 0.086199 0.077042 0.080329 0.082046 0.091784 0.095339 0.087949 0.080168 0.076375 0.065366 0.060036 0.054138 0.043061 0.05087 0.046239 0.037406 0.027972 0.028577 0.02879 0.024726 0.018758 0.029876 0.029364 0.021745 0.019993 0.017216 0.0089246 0.013396 0.0084799 0.0033606 0.012789 0.015895 -0.0013979 0.015163 0.0088351 0.0022599 0.0094148 0.0034716 0.0037227 0.0047239 -0.0085164 0.0061594 0.0014349 0.0088789 0.0031482 -0.0026469 0.0014088 -0.0065777 -0.013765 -0.006783 0.0035813 0.0028055 0.0043749 0.0011712 0.0081647 0.016639 0.025351 0.019805 0.012765 0.025505 0.026715 0.026791 0.021059 0.0093911 0.024369 0.025093 0.031707 0.035446 0.027731 0.025135 0.012632 0.015449 0.018778 0.036336 0.020903 0.025536 0.02456 0.019095 0.011121 0.01719 0.019486 0.0021924 0.0068871 0.0048077 0.0051043 0.00074436 0.00492 0.0021831 -2.7617e-06 0.001295 0.00014857 -0.0045715 -0.0010066 -0.0014647 -0.0069731 0.00090727 0.0026531 0.0062938 -0.0035793 -0.010589 -0.00090117 -0.0048144 -0.0052739 -0.0092402 -0.0037233 -0.00085677 0.0018286 0.0072633 0.0089017 0.00090558 -0.0076642 -0.0021684 -0.0061838 -0.010905 -0.0086919 0.0024961 0.0093477 0.0021268 -0.0049591 0.0020416 -0.0016552 -0.0041131 -0.0065895 -0.0073357 -0.0045072 0.0019054 -0.0084374 -0.014444 0.0027225 0.0080413 -0.0020814 -0.015059 -0.0053952 0.0012701 -0.00039488 -0.00080723 -0.010361 -0.003263 -0.0097229 -0.0040564 -0.012068 -0.015558 -0.01146 -0.013783 -0.0011573 0.0014532 -0.0077138 -0.011537 -0.015841 -0.018133 -0.0025129 -0.0047715 0.00035705 -0.010968 -0.006746 -0.014989 -0.010497 -0.010173 -0.0052521 -0.0059146 -0.017918 -0.012883 -0.0080265 0.00043972 0.0074369 -0.0067348 0.002531 0.0047248 0.0075853 -0.0019446 0.0087629 0.0048642 0.013622 0.0066868 0.0032632 -0.0043979 -0.016741 -0.0069559 0.0037073 0.002306 -0.0089848 -0.013252 -0.011261 -0.0098445 -0.0083713 -0.0095621 -0.0012731 -0.0086756 -0.011796 -0.0087716 -0.0026863 -0.0024877 -0.0052251 -0.00073276 0.004882 0.0015056 0.0032832 4.8534e-05 -0.0075282 0.0024531 0.0069031 -0.0026996 -0.0022617 -0.0046958 0.0074056
0.0083322 0.011478 0.0085326 0.0019684 -0.00046845 0.00050359 0.0059877 0.0074627 0.0061633 0.003105 0.0023181 0.0021909 0.0038606 0.0010013 -0.0021789 0.0063599 0.004721 0.0053787 0.0084657 0.0077868 -0.00065654 -0.0049449 0.00097658 -0.00020366 0.0017446 0.0098217 0.0064157 0.0053425 0.0064113 0.0097998 0.0085933 0.0035398 -0.0039974 0.00087906 0.0095059 0.010487 0.0089412 0.0047271 0.0042998 0.010649 0.0082756 0.009327 0.0083651 0.0080591 0.0086477 0.012123 0.012171 0.01104 0.011979 0.0080024 0.0085346 0.011838 0.010834 0.01151 0.0093056 0.010674 0.0086363 0.0067156 0.010181 0.013063 0.015589 0.011198 0.0074793 0.006242 0.010242 0.009053 0.011191 0.02094 0.022182 0.023031 0.02029 0.019304 0.019597 0.015345 0.014484 0.014671 0.013516 0.010505 0.014689 0.012416 0.018746 0.020965 0.019863 0.029673 0.038499 0.046081 0.05051 0.053422 0.061632 0.061115 0.065685 0.069488 0.068152 0.066135 0.059827 0.058116 0.053897 0.044653 0.040215 0.039627 0.039475 0.037626 0.040976 0.041253 0.035647 0.03132 0.033915 0.034696 0.029485 0.035988 0.041642 0.044342 0.048935 0.052609 0.060401 0.061056 0.056007 0.058857 0.057986 0.055789 0.06457 0.059131 0.052255 0.047466 0.041188 0.040476 0.040478 0.033552 0.029082 0.030095 0.028235 0.026288 0.028024 0.036608 0.03708 0.038573 0.038225 0.03857 0.044711 0.043903 0.04271 0.045846 0.040722 0.042797 0.044435 0.044388 0.050382 0.05083 0.053208 0.056211 0.054864 0.049511 0.044291 0.042578 0.045675 0.041599 0.030649 0.027998 0.024889 0.0269 0.0306 0.031973 0.036078 0.043953 0.049066 0.054318 0.065747 0.065992 0.067611 0.069562 0.066794 0.060738 0.05769 0.047353 0.036525 0.033741 0.03427 0.029091 0.018315 0.023456 0.026491 0.020593 0.019316 0.018486 0.018927 0.016622 0.019467 0.027299 0.039636 0.045111 0.051817 0.064807 0.071152 0.082658 0.090837 0.098932 0.10012 0.10844 0.10866 0.10834 0.10133 0.088613 0.083691 0.07346 0.064442 0.055248 0.048494 0.044242 0.037959 0.040128 0.028474 0.030118 0.033959 0.02146 0.014753 0.013809 0.013907 0.0069887 0.0032391 0.0031928 0.008287 0.013371 0.017842 0.038692 0.058213 0.076676 0.091689 0.10343 0.11418 0.11651 0.10871 0.10055 0.089371 0.077813 0.063482 0.057753 0.051857 0.051727 0.051912 0.052753 0.044509 0.045486 0.042698 0.0408 0.034379 0.029649 0.023734 0.020312 0.024032 0.024358 0.017147 0.016424 0.012909 0.014942 0.015661 0.016461 0.01644 0.017884 0.012496 0.015571 0.011221 0.0095951 0.0081024 0.012902 0.015026 0.016642 0.024085 0.022489 0.017128 0.017814 0.017449 0.017074 0.016374 0.016883 0.017836 0.016936 0.014493 0.021075 0.022559 0.025393 0.019873 0.02318 0.024991 0.025808 0.023874 0.026325 0.025543 0.028609 0.027257 0.023239 0.018289 0.015649 0.01654 0.0085777 0.015347 0.014812 0.0097275 0.0096559 0.015367 0.022126 0.026843 0.023259 0.019038 0.023654 0.020137 0.025076 0.020383 0.020374 0.028319 0.022707 0.023736 0.01818 0.020893 0.02463 0.026812 0.029674 0.029138 0.030851 0.027115 0.024131 0.027325 0.025129 0.022923 0.019569 0.023154 0.029495 0.032439 0.03102 0.034838 0.036347 0.044401 0.052821 0.055187 0.059654 0.066993 0.069418 0.064453 0.05851 0.048972 0.046688 0.05395 0.050159 0.043973 0.046756 0.051219 0.046979 0.042662 0.038086 0.036384 0.038535 0.034458 0.031576 0.022584 0.024977 0.032814 0.024607 0.026098 0.030297 0.030875 0.031036 0.032143 0.027978 0.034917 0.036972 0.043917 0.048741 0.050195 0.052468 0.05536 0.057612 0.055462 0.056764 0.050235 0.054286 0.058308 0.061471 0.061649 0.06239 0.070136 0.082916 0.097542 0.10641 0.11521 0.11402 0.12234 0.1157 0.10879 0.09913 0.085786 0.078584 0.073767 0.066032 0.062757 0.060495 0.052867 0.058084 0.060368 0.056038 0.051745 0.052253 0.049446 0.055005 0.047033 0.038946 0.038106 0.033148 0.035014 0.028483 0.029374 0.029082 0.029918 0.032898 0.02349 0.025659 0.026241 0.024836 0.027903 0.027825 0.023851 0.022099 0.019823 0.023557 0.027963 0.026048 0.025583 0.029553 0.034429 0.029391 0.027028 0.031709 0.028298 0.029083 0.025704 0.029463 0.028711 0.025647 0.032884 0.03406 0.037709 0.033597 0.031279 0.03017 0.029036 0.027877 0.025772 0.026277 0.026057 0.021688 0.022891 0.021309 0.019524 0.02041 0.016448 0.013924 0.016089 0.01251 0.008986 0.0096064 0.0084786 0.0071561 0.0066243 0.0043838 0.0062064 -0.0007503 -0.0048034 -0.0013222 -0.0027098 -0.00014689 0.010469 0.012485 0.013179 0.020114 0.027118 0.028993 0.025577 0.029577 0.034282 0.039518 0.036374 0.025109 0.029298 0.03228 0.035091 0.046201 0.043893 0.050817 0.055807 0.057194 0.061781 0.067623 0.066498 0.067472 0.066185 0.070833 0.066881 0.068547 0.072028 0.071092 0.066435 0.065244 0.06066 0.057063 0.061901 0.051905 0.053434 0.048035 0.046942 0.053475 0.042672 0.040341 0.041247 0.03203 0.034144 0.030719 0.030611 0.028126 0.02601 0.020337 0.012352 0.013788 0.019879 0.021916 0.020271 0.016813 0.013657 0.016183 0.017647 0.021671 0.019917 0.016182 0.017278 0.010417 0.0093655 0.012512 0.0083268 0.0079561 0.0106 0.010361 0.014015 0.0051606 0.0042573 0.0099806 0.0094589 0.013334 0.012137 0.015726 0.020769 0.021999 0.027383 0.025316 0.028487 0.03155 0.038346 0.038417 0.03895 0.039366 0.041278 0.040336 0.035713 0.033972 0.039558 0.03703 0.037255 0.04411 0.04226 0.033901 0.032384 0.028851 0.028499 0.033374 0.031602 0.020503 0.0182 0.021092 0.025613 0.018686 0.020499 0.022501 0.01668 0.013577 0.017924 0.014352 0.015375 0.014148 0.016974 0.006697 0.010328 0.018105 0.015501 0.013533 0.015496 0.015438 0.0057253 0.0049188 0.0092989 0.014449 0.013397 0.010058 0.0087057 0.0081723 0.0081652 0.0082847 0.0074478 0.008921 0.011095 0.010206 0.014768 0.011251 0.0056825 0.00097356 0.0040762 0.00107 0.0061833 0.001652 -0.00059682 0.0031494 0.0064912 0.0072537 0.0062997 0.010793 0.0093597 0.014143 0.0071665 0.012631 0.014296 0.016335 0.013396 0.011454 0.0096089 0.002879 0.010083 0.011166 0.0056987 0.002587 0.0069797 0.0060435 0.012091 0.0088209 0.0024348 0.0054957 0.0051468 0.0054551 0.0054067 0.0012039 0.0014224 0.0056854 0.0084104 0.0066307 0.0043573 0.0032471 0.011505 0.0079272 0.0072368 0.0071606 0.0026388 0.008894 0.001499 0.0049207 0.0094399 0.0073203 0.0088695 0.011227 0.010092 0.010482 0.011719 0.011713 0.0048984 -0.0061136 0.00058152 0.003471 0.0053578 0.001298 -0.0024417 0.0053057 0.0079503 0.0014865 -9.7092e-05 -0.0016174 -2.2856e-05 0.0019541 0.0072214 0.0047818 0.0028073 0.0025374 0.0029881 0.0025146 0.0048183 0.0049479 -4.5683e-06 0.010949 0.008338 0.0092687
0.002453 0.0041174 0.0071096 0.0044925 -0.00028544 -0.00071122 -0.00010928 0.0032926 0.002821 0.0024264 0.0018735 -0.00034822 0.0018848 0.0021126 0.00083689 -0.0012468 0.0050721 0.002555 0.0051001 0.0086235 0.0093089 0.0037765 0.00085543 0.0039411 0.00059374 0.0028875 0.010009 0.0099486 0.0078949 0.0084111 0.010759 0.0098904 0.0078684 0.0019543 0.0031689 0.010218 0.0096473 0.0080541 0.0068212 0.0040052 0.010307 0.0080539 0.0084633 0.007386 0.0069209 0.0089445 0.011736 0.013302 0.013568 0.014262 0.0097611 0.012038 0.013018 0.012016 0.015068 0.012809 0.013819 0.01246 0.012331 0.014232 0.016217 0.019628 0.017479 0.015651 0.014091 0.017218 0.016483 0.015937 0.024899 0.026578 0.027398 0.022886 0.025087 0.025435 0.017627 0.019409 0.01946 0.016168 0.015438 0.019814 0.019416 0.024838 0.027396 0.028149 0.037741 0.04456 0.053294 0.05781 0.062594 0.069165 0.066828 0.071438 0.073332 0.071346 0.068629 0.060571 0.060247 0.054799 0.048851 0.044857 0.041687 0.03881 0.037659 0.039725 0.040549 0.037828 0.033589 0.034331 0.036895 0.034937 0.041547 0.0472 0.050216 0.056631 0.061345 0.065809 0.067298 0.063428 0.065636 0.065179 0.061052 0.064134 0.05886 0.053498 0.04843 0.041671 0.040255 0.041705 0.036177 0.033721 0.035931 0.032863 0.032881 0.035158 0.039132 0.041094 0.044202 0.043436 0.042272 0.045567 0.044671 0.043505 0.046236 0.046773 0.048304 0.049894 0.047922 0.052461 0.054865 0.057079 0.059677 0.055545 0.04989 0.044393 0.039977 0.044326 0.04248 0.030255 0.027882 0.027048 0.027193 0.030049 0.03291 0.039213 0.045265 0.051805 0.057994 0.065331 0.067619 0.067956 0.069777 0.064298 0.057994 0.05406 0.046058 0.036609 0.032436 0.033707 0.028467 0.018815 0.021755 0.023155 0.019671 0.021046 0.020382 0.021243 0.021319 0.024396 0.03246 0.043222 0.049843 0.059489 0.070072 0.078102 0.091798 0.1009 0.10941 0.11139 0.11435 0.11209 0.11183 0.10498 0.091378 0.082638 0.070684 0.061446 0.050559 0.04521 0.042244 0.032946 0.03235 0.024205 0.024854 0.027247 0.016705 0.013661 0.013687 0.012698 0.0086808 0.0062708 0.0068603 0.014014 0.019302 0.026008 0.046011 0.065201 0.080741 0.092662 0.10261 0.10974 0.11092 0.104 0.097067 0.084566 0.074658 0.06355 0.057061 0.052256 0.049325 0.045092 0.043794 0.040265 0.041357 0.040953 0.036129 0.027434 0.024099 0.019947 0.018193 0.02093 0.021038 0.014736 0.014542 0.011355 0.01294 0.013926 0.015885 0.013834 0.016625 0.013074 0.016246 0.01304 0.011412 0.010121 0.014082 0.014708 0.016446 0.021494 0.018977 0.015531 0.015708 0.014693 0.015233 0.014129 0.017606 0.019192 0.01817 0.015123 0.020123 0.021791 0.024293 0.021047 0.024901 0.026201 0.025245 0.023305 0.022249 0.022285 0.025183 0.024622 0.021538 0.017231 0.015083 0.014722 0.011589 0.016467 0.014996 0.011889 0.011126 0.016419 0.021762 0.026048 0.02269 0.016823 0.021434 0.020999 0.024392 0.020603 0.018189 0.025686 0.022721 0.022721 0.01696 0.019739 0.025435 0.024913 0.029332 0.02866 0.031143 0.027247 0.025668 0.028834 0.02628 0.024705 0.024093 0.027882 0.03219 0.035334 0.035818 0.037813 0.039487 0.045828 0.054645 0.055959 0.058175 0.063173 0.066525 0.061605 0.057133 0.049954 0.046917 0.051717 0.047584 0.044999 0.046231 0.048768 0.044847 0.041088 0.03701 0.035949 0.038292 0.03295 0.031103 0.022945 0.025756 0.033198 0.029268 0.028586 0.032408 0.0332 0.035871 0.037568 0.036388 0.041622 0.041002 0.046446 0.050502 0.05082 0.055858 0.060662 0.062815 0.059509 0.058297 0.054583 0.057677 0.06158 0.063365 0.060954 0.062922 0.07174 0.085806 0.097747 0.1051 0.11375 0.11051 0.11545 0.10615 0.097754 0.091344 0.08021 0.072194 0.067999 0.060177 0.055901 0.052106 0.045713 0.050514 0.052491 0.050214 0.047353 0.046486 0.045421 0.049793 0.038489 0.031021 0.032524 0.029077 0.033379 0.028301 0.029064 0.029194 0.027981 0.029055 0.022356 0.024086 0.022472 0.020811 0.024695 0.024785 0.022908 0.020898 0.021342 0.022271 0.024214 0.021972 0.022407 0.025038 0.031303 0.02659 0.024667 0.02851 0.026426 0.026047 0.023295 0.027016 0.027523 0.024813 0.030342 0.032774 0.034763 0.029051 0.029836 0.02854 0.026997 0.026018 0.022784 0.026035 0.02605 0.024077 0.022144 0.021123 0.021219 0.02331 0.018579 0.018253 0.020669 0.017043 0.012732 0.015095 0.016516 0.016619 0.014258 0.016438 0.020379 0.017801 0.014593 0.019301 0.019066 0.020052 0.02744 0.026759 0.024624 0.028065 0.034746 0.033873 0.030036 0.031309 0.035511 0.038646 0.03561 0.025282 0.030545 0.032494 0.037431 0.047776 0.047284 0.052412 0.055516 0.057356 0.062391 0.066202 0.066672 0.067827 0.064428 0.066809 0.061415 0.061165 0.063021 0.06135 0.059025 0.059338 0.053577 0.051099 0.053873 0.047568 0.047561 0.042339 0.040868 0.046548 0.037501 0.03659 0.03609 0.026206 0.027616 0.026741 0.028666 0.026421 0.022534 0.017676 0.011939 0.012469 0.017684 0.018709 0.016785 0.012927 0.0096496 0.011629 0.011907 0.014183 0.013688 0.012288 0.015424 0.010287 0.0095375 0.0099448 0.0077106 0.0079965 0.013614 0.013208 0.015265 0.0086991 0.0082234 0.011971 0.012385 0.01671 0.016624 0.019151 0.020862 0.022394 0.027045 0.028634 0.029053 0.031179 0.037502 0.038381 0.03928 0.038212 0.039186 0.04158 0.035588 0.032015 0.036364 0.034216 0.035693 0.036673 0.035451 0.029887 0.028075 0.026868 0.027088 0.027757 0.02688 0.01744 0.017263 0.022281 0.022889 0.015971 0.017454 0.017961 0.012739 0.010149 0.01187 0.0096691 0.013487 0.012367 0.014156 0.0065016 0.0086543 0.014192 0.012331 0.0084617 0.011387 0.01156 0.0039124 0.0030306 0.0053624 0.008144 0.010258 0.0090825 0.0083846 0.0073256 0.0073709 0.0052889 0.0046543 0.0040127 0.0062472 0.0074356 0.01176 0.0080552 0.0047373 0.00034984 0.0035342 0.00077837 0.0051458 0.001907 -0.0026154 0.002295 0.0066726 0.0049381 0.0051861 0.010041 0.0093059 0.010201 0.0065524 0.0081573 0.011582 0.013591 0.01279 0.011862 0.0071307 0.0018856 0.0086003 0.0091492 0.0045549 0.00050754 0.0034565 0.0030108 0.0087107 0.0073896 0.0020783 0.0044747 0.0026498 0.0042499 0.0034968 -3.6752e-05 0.00028671 0.0040604 0.0068944 0.0033924 0.0024058 0.0022473 0.0091115 0.0073559 0.0056832 0.0061829 0.0017023 0.0047057 0.00016693 0.0018625 0.0051176 0.003561 0.0047447 0.0084357 0.0064726 0.0060104 0.0074325 0.0079554 0.002967 -0.0037543 0.0018913 0.0029451 0.0025949 1.5534e-05 -0.0018278 0.0037725 0.0059618 0.0023636 0.0010087 0.00017602 0.0015506 0.001488 0.0045414 0.0041845 0.002532 0.00065146 0.0018652 0.0026404 0.0032432 0.0036181 0.0025231 0.010173 0.0045183
-0.0052972 -0.00065135 0.00038584 0.0038295 0.00049731 -0.0028223 -0.0010545 -0.00025609 0.0013187 -0.00064014 -0.0001312 0.00040234 -0.0019767 0.001142 0.0011186 0.0016711 0.00068785 0.0047807 0.0017881 0.0050212 0.0092846 0.011655 0.008257 0.0060495 0.008086 0.003428 0.0047216 0.011318 0.013067 0.01109 0.011363 0.012813 0.011843 0.011827 0.0075802 0.0070417 0.012098 0.0098877 0.0084066 0.0090277 0.0057675 0.010589 0.009204 0.0094358 0.0083792 0.007543 0.0095509 0.011709 0.014042 0.015334 0.015799 0.011203 0.014034 0.013086 0.01387 0.018285 0.015615 0.017971 0.018008 0.018759 0.018753 0.019622 0.023034 0.022793 0.023015 0.022655 0.025057 0.025223 0.021809 0.029448 0.030677 0.030378 0.025064 0.028507 0.029011 0.020143 0.022353 0.023755 0.019544 0.020101 0.023891 0.024985 0.029952 0.032575 0.036028 0.045238 0.05024 0.059598 0.063936 0.069734 0.074201 0.071508 0.07443 0.074531 0.072229 0.0696 0.06096 0.061251 0.054158 0.051093 0.048486 0.044276 0.040134 0.039118 0.040263 0.040223 0.04031 0.037458 0.037094 0.040866 0.041633 0.048127 0.053753 0.057417 0.063698 0.068023 0.070023 0.071786 0.06857 0.069686 0.068421 0.06273 0.062199 0.056747 0.05169 0.047028 0.041964 0.040085 0.04283 0.038739 0.037506 0.039478 0.035977 0.037925 0.040615 0.040758 0.042969 0.046619 0.046062 0.044932 0.045349 0.045036 0.043731 0.045922 0.051558 0.05326 0.054477 0.051696 0.054105 0.057539 0.059436 0.060546 0.055574 0.049073 0.043487 0.036984 0.04142 0.04061 0.028894 0.027488 0.028478 0.027826 0.031006 0.035649 0.043116 0.048812 0.055722 0.062207 0.065317 0.068536 0.066371 0.066936 0.059077 0.053358 0.048376 0.042504 0.035613 0.03089 0.032308 0.027555 0.018701 0.020299 0.019887 0.018033 0.021425 0.021966 0.023538 0.025352 0.029501 0.038627 0.047648 0.055736 0.067424 0.075853 0.084519 0.099502 0.10976 0.11809 0.11973 0.11808 0.11351 0.1114 0.10365 0.090459 0.078849 0.066173 0.056256 0.044563 0.03978 0.037563 0.02726 0.02412 0.019511 0.01955 0.020905 0.011699 0.01089 0.01288 0.01113 0.008749 0.0078437 0.010037 0.019588 0.025553 0.035881 0.055121 0.072191 0.085635 0.093511 0.099988 0.10316 0.10123 0.094769 0.089603 0.077581 0.069302 0.061028 0.054938 0.051229 0.046635 0.038981 0.036807 0.036317 0.037593 0.038044 0.031191 0.022319 0.02026 0.016602 0.015506 0.01671 0.018205 0.013312 0.013535 0.010719 0.011146 0.011653 0.014951 0.011723 0.015162 0.013988 0.01658 0.014285 0.012477 0.011734 0.015176 0.013984 0.015009 0.018026 0.01576 0.013784 0.012819 0.012338 0.013766 0.012695 0.01729 0.018276 0.017528 0.015268 0.019459 0.020919 0.021564 0.021106 0.025146 0.026134 0.024507 0.023157 0.019929 0.019461 0.021656 0.022049 0.019 0.016666 0.01491 0.012697 0.012716 0.016608 0.014386 0.013382 0.012584 0.017511 0.021197 0.024153 0.021489 0.014914 0.019514 0.021204 0.02325 0.019773 0.016478 0.023298 0.022063 0.021216 0.016258 0.018277 0.024815 0.022473 0.027111 0.027641 0.029479 0.026381 0.026718 0.029316 0.027163 0.026483 0.027053 0.030478 0.033265 0.03764 0.039828 0.040671 0.041014 0.046269 0.054824 0.054284 0.055221 0.058941 0.061526 0.056976 0.054504 0.049252 0.046071 0.047759 0.045065 0.045078 0.045341 0.045879 0.042513 0.038691 0.035493 0.034952 0.036852 0.030774 0.029253 0.023132 0.025269 0.032158 0.032216 0.029999 0.033414 0.034814 0.038507 0.041109 0.042127 0.046127 0.044463 0.048955 0.051489 0.051223 0.056824 0.062512 0.064464 0.061236 0.058726 0.05678 0.059641 0.062626 0.062617 0.059964 0.063628 0.073775 0.087935 0.096929 0.10185 0.1082 0.10436 0.10583 0.095186 0.086094 0.081195 0.071956 0.063698 0.059475 0.052753 0.048412 0.044259 0.040161 0.043586 0.045215 0.044188 0.04211 0.039987 0.040309 0.044017 0.031606 0.024574 0.027031 0.025564 0.02999 0.026905 0.028189 0.028289 0.02606 0.024678 0.020847 0.022235 0.019574 0.018037 0.022089 0.022758 0.022672 0.020521 0.021921 0.020978 0.020476 0.019251 0.020342 0.022741 0.028245 0.024141 0.022585 0.025077 0.023808 0.02308 0.021574 0.024854 0.027319 0.024327 0.02759 0.029957 0.030649 0.025602 0.027936 0.026077 0.025046 0.024419 0.021131 0.025359 0.025236 0.024552 0.020703 0.020085 0.022312 0.025556 0.020502 0.022237 0.023498 0.020266 0.01674 0.019517 0.023708 0.025437 0.021921 0.025965 0.031446 0.031858 0.029456 0.035533 0.035554 0.036135 0.039957 0.03706 0.033432 0.033797 0.039419 0.037837 0.034444 0.03396 0.037549 0.039442 0.037702 0.02936 0.034837 0.036891 0.042981 0.052347 0.053299 0.05863 0.060409 0.064198 0.069505 0.071382 0.071767 0.072649 0.067837 0.066236 0.060244 0.057934 0.056777 0.054188 0.053197 0.054152 0.047781 0.045866 0.047282 0.043597 0.042326 0.037027 0.035989 0.040366 0.03327 0.032859 0.031353 0.022578 0.022681 0.022293 0.026182 0.024443 0.020112 0.015189 0.011767 0.012375 0.0154 0.016151 0.014909 0.010999 0.0083904 0.0087653 0.0085855 0.010515 0.0099995 0.0098545 0.013634 0.010738 0.00996 0.00864 0.0086931 0.0091017 0.015917 0.014401 0.015263 0.011974 0.012204 0.014337 0.016795 0.020916 0.02136 0.022418 0.023024 0.024353 0.028675 0.032151 0.030398 0.031518 0.036329 0.038162 0.039807 0.038102 0.037933 0.042661 0.036997 0.03284 0.035172 0.032431 0.03437 0.031286 0.03068 0.026491 0.024761 0.025819 0.026185 0.022679 0.02183 0.014819 0.016163 0.021631 0.019907 0.0138 0.014998 0.014562 0.010398 0.00889 0.0087501 0.0066985 0.011669 0.011355 0.012538 0.0076509 0.0078619 0.011233 0.010324 0.0057399 0.0083234 0.009198 0.0028378 0.0025118 0.003389 0.0036059 0.0077903 0.0086659 0.0075953 0.0063483 0.0070813 0.0035927 0.00266 0.00075736 0.0015449 0.0041817 0.0085825 0.0056364 0.0042969 0.00040292 0.0035169 0.00045593 0.0045774 0.002371 -0.0020529 0.0021892 0.0049245 0.0021698 0.0045836 0.0088757 0.0092341 0.0066567 0.0055777 0.0041424 0.0074282 0.0094475 0.01014 0.010438 0.0046476 0.0012754 0.0072751 0.0072734 0.0039564 -0.00010215 0.0011144 0.00036432 0.0040997 0.0048418 0.00096835 0.0039216 0.0012237 0.0037323 0.0027736 0.00091967 0.00024283 0.0022284 0.0060582 0.0020539 0.001946 0.0019293 0.0070111 0.0070518 0.0043262 0.0037625 -0.00010629 0.0014014 -0.00093907 0.00029409 0.0020766 0.0010955 0.00062155 0.0048217 0.0032192 0.0025536 0.0037148 0.0045515 0.0016774 -0.00095484 0.0036023 0.0027784 0.00068971 -0.00030612 -0.00069727 0.0025611 0.0041916 0.00273 0.0019055 0.0015263 0.001599 0.00074084 0.0019578 0.0024754 0.0022898 -0.00074961 0.00068158 0.0028826 0.002165 0.002479 0.0032671 0.0081914
-0.0059103 -0.0033544 -0.0021969 0.001349 -0.0030378 -0.0051768 -0.0019643 -0.00026155 0.00013728 -0.0024997 -0.00123 -0.00095768 -0.0025402 0.00068844 0.0015146 0.0032429 0.0032566 0.0059138 0.0028179 0.0056598 0.01055 0.014056 0.012063 0.010436 0.012852 0.0077991 0.0074115 0.014006 0.015769 0.014761 0.015272 0.015803 0.01416 0.015367 0.013043 0.012281 0.01542 0.01187 0.010646 0.011729 0.0091611 0.012103 0.01193 0.012376 0.011282 0.010051 0.011031 0.012597 0.015234 0.016543 0.016918 0.013021 0.015284 0.013132 0.016727 0.020902 0.01772 0.022802 0.024277 0.025318 0.023926 0.023632 0.026555 0.027717 0.029278 0.031142 0.032995 0.034158 0.028614 0.03458 0.03457 0.032831 0.027781 0.030629 0.030532 0.023163 0.024306 0.027633 0.023885 0.024427 0.027223 0.029406 0.034261 0.03732 0.04365 0.052475 0.056107 0.065252 0.068783 0.074571 0.076819 0.074664 0.074685 0.07366 0.071826 0.069566 0.060851 0.061 0.052811 0.052461 0.05142 0.047295 0.042907 0.041483 0.042322 0.041095 0.043098 0.042684 0.042008 0.046787 0.049095 0.055908 0.061423 0.065557 0.070029 0.073075 0.073636 0.07498 0.071648 0.070954 0.068256 0.061113 0.0591 0.054099 0.04915 0.044997 0.042637 0.040632 0.044313 0.041384 0.040621 0.041865 0.038382 0.041677 0.044652 0.042454 0.044241 0.046665 0.046449 0.046538 0.045178 0.045658 0.044549 0.046451 0.055449 0.057679 0.058998 0.056186 0.055708 0.059163 0.060318 0.0593 0.054952 0.047509 0.041555 0.033944 0.037713 0.036961 0.027231 0.027326 0.029376 0.028633 0.033772 0.040542 0.048159 0.053719 0.060264 0.066106 0.065464 0.068631 0.06397 0.062692 0.053019 0.048164 0.041764 0.037674 0.033493 0.028565 0.02917 0.025619 0.017579 0.018666 0.017194 0.016357 0.021259 0.023947 0.02642 0.02952 0.035238 0.045628 0.052911 0.061801 0.0746 0.082042 0.09042 0.10505 0.11643 0.12384 0.12423 0.11908 0.11224 0.10713 0.097805 0.086097 0.072744 0.060115 0.049603 0.038409 0.033713 0.031445 0.022101 0.017161 0.015606 0.01581 0.016701 0.0083402 0.0081183 0.011377 0.0094123 0.007264 0.0079909 0.012113 0.024467 0.031362 0.046004 0.064418 0.077839 0.090066 0.09349 0.095238 0.093592 0.088019 0.08197 0.078429 0.06845 0.062363 0.056239 0.050793 0.048028 0.043293 0.034402 0.032596 0.032699 0.034028 0.033709 0.026271 0.019225 0.018357 0.01467 0.013245 0.012943 0.015948 0.012356 0.012676 0.010347 0.0093598 0.0090808 0.013246 0.0095368 0.013408 0.014762 0.01628 0.015343 0.01282 0.012634 0.01564 0.012882 0.012794 0.013981 0.01336 0.012489 0.010579 0.011176 0.013335 0.012453 0.016303 0.015969 0.016072 0.015239 0.019063 0.019764 0.018127 0.020299 0.024281 0.024859 0.023605 0.023504 0.019335 0.018089 0.018691 0.019965 0.016418 0.016254 0.014824 0.011101 0.012367 0.015992 0.013523 0.014205 0.013708 0.018509 0.020588 0.021524 0.01972 0.013553 0.018368 0.02142 0.022146 0.018502 0.015717 0.021184 0.020692 0.019775 0.016359 0.017271 0.023039 0.02038 0.024261 0.026258 0.027031 0.024861 0.026861 0.028652 0.027725 0.027925 0.028779 0.031432 0.033503 0.039503 0.043054 0.043213 0.041883 0.046422 0.053555 0.050687 0.051241 0.054806 0.055313 0.051079 0.050762 0.046836 0.044088 0.042857 0.042748 0.043662 0.043292 0.042508 0.040076 0.036176 0.033834 0.033316 0.034208 0.028463 0.026653 0.023123 0.024833 0.030259 0.033412 0.030948 0.033923 0.036022 0.039499 0.042916 0.045151 0.04823 0.046938 0.050763 0.051745 0.051536 0.056388 0.062077 0.063374 0.061073 0.057958 0.056773 0.060108 0.061906 0.060281 0.059051 0.064201 0.075392 0.088813 0.095311 0.096919 0.099491 0.095636 0.093855 0.083335 0.07444 0.06926 0.061807 0.054125 0.049951 0.04509 0.041661 0.038107 0.036066 0.037424 0.038649 0.03854 0.036344 0.033734 0.034827 0.038079 0.026741 0.020381 0.022649 0.023042 0.026512 0.025254 0.026898 0.026437 0.02419 0.020618 0.01936 0.020175 0.017812 0.016704 0.019957 0.021572 0.02294 0.0208 0.021566 0.020133 0.017801 0.017989 0.01935 0.022237 0.025214 0.022186 0.021044 0.021799 0.021023 0.020692 0.020408 0.023017 0.027315 0.023801 0.025107 0.02619 0.026389 0.023493 0.026177 0.023379 0.023736 0.023359 0.020846 0.02421 0.023963 0.024196 0.019428 0.019109 0.022945 0.026606 0.022135 0.025295 0.024875 0.02256 0.020768 0.023477 0.029721 0.032599 0.029583 0.0332 0.039321 0.041187 0.039492 0.046715 0.046311 0.046945 0.04764 0.043112 0.039325 0.038187 0.041751 0.040953 0.038501 0.037122 0.039596 0.041341 0.041795 0.035495 0.040269 0.043675 0.049859 0.058452 0.060855 0.067569 0.06878 0.075069 0.080308 0.080295 0.079545 0.079997 0.073864 0.068812 0.062588 0.058548 0.054279 0.050757 0.050228 0.050821 0.044047 0.042089 0.042506 0.040013 0.038051 0.032995 0.032706 0.035903 0.030053 0.029782 0.027668 0.021376 0.020304 0.019025 0.023693 0.022873 0.019345 0.013764 0.011976 0.013212 0.013292 0.013873 0.014504 0.010774 0.0093039 0.0081561 0.0077 0.0098244 0.0079131 0.0084353 0.011702 0.010973 0.010311 0.0081437 0.009986 0.01017 0.01693 0.014347 0.014987 0.0144 0.015249 0.016813 0.021681 0.024959 0.02592 0.025453 0.026567 0.027396 0.031035 0.034979 0.031947 0.032244 0.034786 0.037505 0.039597 0.03831 0.037138 0.042627 0.038384 0.03461 0.034855 0.030956 0.032955 0.02736 0.026849 0.023493 0.022338 0.024436 0.024246 0.018045 0.017184 0.012663 0.014433 0.019365 0.016656 0.012031 0.01292 0.011778 0.0090204 0.0084834 0.0077996 0.0055076 0.0098784 0.010612 0.011356 0.0087899 0.0075644 0.0091329 0.0092265 0.0055866 0.0064732 0.007945 0.0019249 0.0022978 0.0029192 0.0012976 0.0064076 0.0082856 0.006124 0.0050049 0.0064644 0.0030683 0.0018767 -0.00049986 -0.0020059 0.0013793 0.0054119 0.0037956 0.0037602 0.00072228 0.0032819 -3.7989e-05 0.0041807 0.0026567 -0.0004471 0.0026222 0.0028736 -4.7158e-05 0.0044806 0.0068274 0.0079388 0.0035 0.003707 0.0013785 0.0032265 0.0046193 0.006679 0.0081231 0.0026117 0.0010059 0.0060995 0.0060698 0.0036238 0.00034616 -0.00030784 -0.001565 -0.00029352 0.0019209 -0.00038038 0.0036581 0.00087336 0.0036231 0.0021528 0.0024104 0.0007184 0.00075494 0.0055378 0.0023977 0.0022517 0.0018094 0.0053024 0.0069187 0.0034923 0.00099704 -0.0019349 -0.00033449 -0.0017388 9.2249e-05 0.00087941 9.3073e-05 -0.0023276 0.0014289 0.00068374 0.00069895 0.00087032 0.0015396 0.00048139 0.0011791 0.0042446 0.002525 -0.0002463 -0.00029018 0.000264 0.0011641 0.0021703 0.0024346 0.0024885 0.0020364 0.00022349 -0.00049912 -0.00011031 0.00082643 0.0021916 -0.0013097 -0.0001433 0.0028691 0.0015876 0.0013485 0.0025241 0.0050779
-0.0075967 -0.0052791 -0.0050197 -0.0034444 -0.00050683 -0.0056338 -0.0069567 -0.0031882 -0.00030031 -0.00021036 -0.0026696 -0.00090152 -0.001546 -0.0019736 0.0011687 0.0038044 0.0054238 0.0059045 0.0082336 0.0052404 0.0073599 0.01252 0.016177 0.01492 0.014074 0.017472 0.012789 0.011 0.017796 0.018107 0.018719 0.019952 0.019526 0.0169 0.018692 0.018419 0.018155 0.019844 0.015878 0.015088 0.015457 0.013904 0.015623 0.016244 0.016889 0.015826 0.014385 0.013711 0.014848 0.0175 0.017917 0.018278 0.015835 0.016784 0.014227 0.020406 0.022989 0.01942 0.02769 0.030371 0.0316 0.029723 0.028398 0.030881 0.032529 0.034166 0.038317 0.039872 0.041906 0.035761 0.039815 0.038214 0.035363 0.031294 0.032605 0.030998 0.026865 0.026436 0.031379 0.028938 0.028298 0.030161 0.033124 0.038032 0.042589 0.050968 0.059368 0.062361 0.070574 0.072537 0.077138 0.077266 0.076049 0.072934 0.07183 0.071348 0.069161 0.06051 0.059771 0.051593 0.053758 0.053729 0.050496 0.046471 0.044389 0.045484 0.043769 0.046096 0.048583 0.04836 0.054096 0.05671 0.064455 0.069718 0.073732 0.075459 0.076794 0.076806 0.077335 0.073333 0.0703 0.065985 0.057377 0.055513 0.051986 0.047844 0.043988 0.044095 0.042227 0.046232 0.043972 0.043049 0.043942 0.040807 0.044616 0.047768 0.044771 0.04597 0.045412 0.045245 0.04731 0.045911 0.046854 0.04678 0.04876 0.05885 0.061752 0.063654 0.061047 0.057374 0.059895 0.059975 0.056792 0.053645 0.045711 0.038882 0.031254 0.034068 0.032815 0.02587 0.027726 0.029932 0.029436 0.037581 0.04654 0.053736 0.058662 0.064466 0.06883 0.065289 0.067632 0.061179 0.058055 0.047593 0.043432 0.035735 0.033202 0.030887 0.025487 0.024659 0.022918 0.015684 0.017017 0.015668 0.015417 0.021537 0.026552 0.030011 0.034291 0.04167 0.052981 0.058495 0.066905 0.080051 0.087602 0.095423 0.10812 0.12029 0.12591 0.1246 0.1173 0.10816 0.1001 0.089172 0.079501 0.065404 0.053445 0.042697 0.033219 0.028534 0.02533 0.018226 0.012521 0.013069 0.014076 0.015105 0.0075373 0.0065447 0.0093475 0.0078106 0.0048855 0.007239 0.013144 0.028409 0.036632 0.055096 0.072021 0.080963 0.092594 0.091673 0.088446 0.081608 0.073142 0.067596 0.06526 0.058316 0.05485 0.049962 0.044774 0.042708 0.039025 0.03156 0.030958 0.029454 0.030687 0.028375 0.02179 0.017752 0.017862 0.014367 0.012067 0.01063 0.014528 0.011498 0.011605 0.0098206 0.0077618 0.0069252 0.011207 0.0071483 0.011514 0.015184 0.015589 0.016355 0.012948 0.013108 0.015504 0.011913 0.010661 0.010389 0.012134 0.011818 0.0098935 0.011626 0.01407 0.013414 0.015291 0.013361 0.014853 0.015566 0.018899 0.018703 0.015382 0.019111 0.022723 0.022668 0.02243 0.023928 0.019864 0.018468 0.016781 0.018533 0.014223 0.015677 0.014439 0.010258 0.011283 0.014968 0.012598 0.014384 0.014576 0.019352 0.020167 0.018706 0.017624 0.012649 0.018035 0.021814 0.021387 0.017357 0.016007 0.019552 0.019053 0.018899 0.017117 0.017345 0.021048 0.019591 0.021988 0.024747 0.024907 0.023171 0.025856 0.027012 0.027793 0.028719 0.029761 0.031623 0.033637 0.041151 0.04558 0.045363 0.042904 0.046654 0.051574 0.046467 0.047138 0.051394 0.049297 0.044898 0.046483 0.043386 0.041413 0.038191 0.040822 0.040876 0.040083 0.038945 0.037768 0.03435 0.032247 0.031033 0.030682 0.026577 0.02423 0.023128 0.025182 0.028277 0.032882 0.031659 0.034077 0.036959 0.039393 0.043179 0.045579 0.047999 0.04803 0.051308 0.051137 0.051587 0.055235 0.060262 0.060378 0.059533 0.056126 0.055103 0.058966 0.059769 0.057158 0.058072 0.064215 0.075899 0.087896 0.092706 0.090663 0.089021 0.084871 0.080709 0.071585 0.063675 0.056762 0.05099 0.045003 0.04121 0.038573 0.036532 0.033972 0.032914 0.032107 0.032939 0.03359 0.030644 0.028713 0.029726 0.032277 0.02356 0.018299 0.019662 0.021646 0.02407 0.023895 0.025285 0.023971 0.02237 0.017611 0.01819 0.018235 0.017217 0.016675 0.018354 0.020722 0.023256 0.021296 0.020643 0.020009 0.016634 0.017828 0.019052 0.022579 0.022309 0.020982 0.020191 0.01924 0.019173 0.01947 0.019762 0.021599 0.026842 0.023017 0.023437 0.022447 0.022976 0.022633 0.025105 0.021148 0.023466 0.022933 0.02146 0.022663 0.022368 0.024025 0.01891 0.018806 0.023224 0.026439 0.023265 0.026879 0.025207 0.024285 0.02391 0.02658 0.033489 0.036946 0.036252 0.037877 0.043745 0.045591 0.044589 0.052308 0.051428 0.052117 0.050562 0.045051 0.04219 0.041407 0.042342 0.043002 0.04166 0.04021 0.041183 0.043647 0.046648 0.04205 0.045384 0.051002 0.056606 0.064728 0.068461 0.076819 0.078064 0.086502 0.091165 0.089373 0.086834 0.086942 0.079281 0.072694 0.066283 0.061161 0.055005 0.050738 0.049924 0.049241 0.04221 0.039736 0.039305 0.036619 0.034911 0.030403 0.030841 0.033539 0.02752 0.027218 0.025039 0.021707 0.020147 0.017541 0.0213 0.02162 0.019859 0.013237 0.01242 0.014295 0.011348 0.01159 0.014789 0.011073 0.011099 0.0095126 0.0086104 0.010582 0.0064431 0.007496 0.0095668 0.010342 0.010227 0.0080416 0.01071 0.010672 0.01664 0.013772 0.015023 0.015756 0.017098 0.018946 0.025889 0.028029 0.029536 0.02779 0.029875 0.030297 0.032673 0.036308 0.033228 0.032896 0.032876 0.036278 0.038195 0.037856 0.036337 0.041006 0.038571 0.035586 0.034128 0.02912 0.031118 0.024301 0.022979 0.020706 0.020357 0.02182 0.020533 0.014049 0.013346 0.010597 0.011814 0.015922 0.012976 0.010456 0.010935 0.0091532 0.0077973 0.0076659 0.0078631 0.0053996 0.0081256 0.0095453 0.0098793 0.0088914 0.007386 0.0076477 0.008723 0.0073166 0.0059143 0.0072296 0.00097798 0.001936 0.0033791 0.0010448 0.0059365 0.0074129 0.0041208 0.0033599 0.0049158 0.0032287 0.0022353 -9.3771e-05 -0.0036985 -0.00044675 0.0024507 0.0023453 0.0025865 0.00077527 0.0023329 -0.00049335 0.003831 0.0024608 0.00053886 0.0030505 0.0015912 -0.0011857 0.0043422 0.0038679 0.0051609 0.00069539 0.00106 0.00034515 0.00010108 0.00019357 0.0034046 0.0059251 0.0014807 0.0010065 0.0050838 0.0056266 0.0031672 0.0012293 -0.0012303 -0.0026604 -0.0035049 -0.00076687 -0.0015563 0.0031827 0.0010663 0.0034159 0.00088732 0.0027885 0.00090461 -0.00021496 0.0048638 0.0036851 0.002187 0.0013249 0.0040058 0.0067208 0.0030404 -0.0010418 -0.0028957 -0.00021584 -0.0020358 0.0010145 0.0014473 0.00011513 -0.0036599 -0.00099402 -0.00084857 0.00031634 -0.001034 -0.0008786 -0.00068768 0.0020519 0.0030958 0.0018464 -0.00073982 -0.0005789 0.00053637 -0.00049487 -0.00012919 0.0014859 0.0025455 0.0017301 -0.0019329 -0.0020586 -0.0013502 -8.0556e-05 0.0021955 -0.00084864 -0.00044045 0.0022141 0.0011449 4.6336e-05 0.00097686
-0.0061073 -0.0036493 -0.0052467 -0.0035561 -0.0017373 -0.0070728 -0.0080243 -0.0040026 -0.00032638 0.00030901 -0.0013826 0.00060895 -0.00067134 -0.00018386 0.0029027 0.0080956 0.0083656 0.0082112 0.010948 0.0080872 0.010158 0.015317 0.018191 0.017058 0.017202 0.021212 0.017529 0.015451 0.02222 0.020318 0.022751 0.025096 0.023916 0.020283 0.022117 0.023824 0.023963 0.024784 0.021708 0.021592 0.020556 0.019789 0.0215 0.021782 0.022064 0.021447 0.020019 0.017504 0.018597 0.021115 0.020333 0.020567 0.019958 0.019366 0.016991 0.024472 0.025138 0.021467 0.032176 0.035654 0.037458 0.035966 0.033862 0.036395 0.037375 0.037921 0.043533 0.044925 0.04766 0.04267 0.044793 0.041683 0.038354 0.035365 0.03531 0.03181 0.031378 0.02979 0.035504 0.034242 0.031745 0.033167 0.036709 0.041697 0.049206 0.057957 0.065705 0.068948 0.076029 0.075898 0.078129 0.076401 0.076067 0.070615 0.070501 0.071909 0.068983 0.060456 0.058183 0.0511 0.055422 0.055495 0.05365 0.05027 0.047795 0.049445 0.048478 0.049472 0.054423 0.055119 0.061706 0.063882 0.072936 0.077708 0.080879 0.079865 0.079518 0.079425 0.079358 0.074648 0.069312 0.063426 0.053372 0.052351 0.050937 0.048809 0.045139 0.046394 0.044827 0.048625 0.046387 0.044928 0.046276 0.043897 0.047332 0.050546 0.047682 0.048573 0.044105 0.043472 0.047484 0.047767 0.048661 0.050607 0.052887 0.062163 0.065954 0.06841 0.065634 0.058986 0.059944 0.058931 0.054041 0.051714 0.044144 0.036156 0.029325 0.03118 0.029429 0.025359 0.028798 0.030358 0.030253 0.041179 0.051881 0.058899 0.062612 0.067573 0.070007 0.064497 0.065494 0.057985 0.053404 0.043446 0.039619 0.031615 0.030616 0.02867 0.022309 0.020041 0.020409 0.013699 0.015947 0.015717 0.015737 0.023005 0.029564 0.033975 0.039716 0.048477 0.060089 0.063794 0.070541 0.083534 0.091504 0.099072 0.10913 0.12164 0.12437 0.12149 0.11323 0.10196 0.092066 0.080165 0.072458 0.058152 0.047356 0.036711 0.029686 0.025248 0.020359 0.015876 0.010395 0.011708 0.013717 0.015238 0.0088806 0.0064865 0.0071343 0.0065115 0.0026121 0.0063217 0.013836 0.031638 0.041841 0.062551 0.076739 0.081303 0.092409 0.087662 0.080355 0.069085 0.059118 0.053903 0.052387 0.048715 0.047775 0.04328 0.037911 0.036365 0.033987 0.030105 0.030877 0.026702 0.027849 0.023045 0.018113 0.017101 0.017853 0.015244 0.012117 0.0099119 0.014088 0.010663 0.010333 0.0089783 0.0066344 0.0057567 0.0096139 0.0047419 0.0097667 0.015294 0.014869 0.017036 0.013355 0.013752 0.015175 0.011681 0.0093573 0.008375 0.01213 0.011697 0.010961 0.013538 0.015566 0.015196 0.014771 0.011384 0.014695 0.016739 0.018965 0.018378 0.014531 0.018055 0.020954 0.020089 0.020991 0.023874 0.020545 0.019995 0.015936 0.017634 0.012492 0.014766 0.013571 0.010165 0.010351 0.013965 0.011576 0.01398 0.015459 0.020058 0.020056 0.016203 0.01558 0.011914 0.018051 0.022112 0.021168 0.016891 0.017211 0.018641 0.017789 0.01884 0.01812 0.018683 0.019967 0.020654 0.021139 0.023378 0.023866 0.021817 0.023781 0.024806 0.02726 0.028816 0.030455 0.031942 0.034219 0.042876 0.047695 0.047171 0.044441 0.046938 0.04977 0.04299 0.043746 0.049027 0.044786 0.039584 0.042546 0.040016 0.038818 0.034856 0.03939 0.037516 0.036603 0.035815 0.035897 0.033659 0.03076 0.028194 0.026704 0.025436 0.022762 0.023381 0.026249 0.026791 0.030727 0.031979 0.033661 0.037581 0.038631 0.042261 0.043849 0.045856 0.047615 0.050594 0.049625 0.051122 0.053872 0.057748 0.056145 0.057167 0.053662 0.052789 0.056364 0.056611 0.053802 0.056665 0.063582 0.075026 0.085055 0.08886 0.083642 0.078397 0.073177 0.067966 0.060868 0.054544 0.045268 0.040914 0.037748 0.034442 0.034077 0.03313 0.031392 0.029961 0.027586 0.028151 0.029302 0.025733 0.025631 0.025529 0.026881 0.021364 0.017395 0.017782 0.021128 0.022871 0.022884 0.023443 0.021312 0.02055 0.01587 0.017404 0.016595 0.017345 0.017325 0.017303 0.019619 0.023216 0.021509 0.019813 0.020588 0.016798 0.018161 0.018956 0.022774 0.019863 0.020731 0.019901 0.017797 0.019229 0.019869 0.019657 0.02072 0.025756 0.022187 0.023072 0.019721 0.021068 0.022731 0.025074 0.019957 0.024268 0.02295 0.022317 0.021163 0.020628 0.024577 0.01924 0.019391 0.023303 0.025387 0.023659 0.026816 0.024959 0.02583 0.025292 0.028135 0.034328 0.038026 0.040695 0.039716 0.044591 0.045389 0.045344 0.052615 0.051742 0.052334 0.049541 0.043633 0.042415 0.043301 0.041881 0.04369 0.043403 0.042617 0.042295 0.045762 0.050779 0.047718 0.049528 0.057371 0.062319 0.070097 0.074454 0.083976 0.085481 0.095214 0.098832 0.095416 0.090744 0.090695 0.081311 0.075343 0.068683 0.063139 0.057094 0.05244 0.050763 0.04824 0.041334 0.038203 0.037065 0.03318 0.032905 0.028931 0.029782 0.032818 0.02516 0.024553 0.023037 0.022085 0.020861 0.017291 0.018866 0.020029 0.020635 0.012856 0.012775 0.014964 0.009504 0.009256 0.014849 0.010493 0.012343 0.011829 0.010323 0.011194 0.0049517 0.006666 0.007301 0.0084981 0.0093966 0.0079846 0.010587 0.010706 0.015479 0.013416 0.015536 0.016312 0.018137 0.020297 0.028705 0.029773 0.031637 0.028943 0.031292 0.031947 0.032676 0.035901 0.034078 0.033065 0.03065 0.034257 0.03551 0.035934 0.035218 0.037846 0.037019 0.034718 0.032082 0.026524 0.028694 0.021618 0.018477 0.017893 0.018099 0.017683 0.0153 0.010925 0.01025 0.0080251 0.0083759 0.01191 0.0088485 0.0088631 0.0088311 0.006407 0.0061173 0.0056714 0.0077768 0.0052778 0.0063261 0.0077245 0.0076255 0.0074255 0.0068375 0.0063519 0.0082515 0.0095321 0.0063902 0.0065388 1.2021e-05 0.0013912 0.0041174 0.0020345 0.0057145 0.0057561 0.0021163 0.0016863 0.0024735 0.0035341 0.0032654 0.0011138 -0.0035114 -0.001348 -6.4902e-05 0.0011407 0.00069778 0.00015153 0.00050908 -0.00064761 0.0036172 0.0017425 -0.00019248 0.0029607 0.0012799 -0.0012886 0.0036168 0.00031429 0.0014873 -0.0018874 -0.0017361 0.00074568 -0.0015985 -0.002925 0.00079586 0.0044899 0.001403 0.0011446 0.0041492 0.0055509 0.002151 0.0019665 -0.0020633 -0.0030096 -0.0053582 -0.0028867 -0.0024352 0.0020333 0.0010205 0.0026835 -0.001161 0.0010201 9.8857e-05 -0.00086978 0.0037424 0.0050934 0.0010258 0.00028632 0.0030888 0.0062659 0.0025738 -0.0016769 -0.0024554 0.0015826 -0.0016897 0.0025573 0.002961 0.00025751 -0.0036887 -0.002127 -0.0012908 0.00053108 -0.0023764 -0.002671 -0.0017365 0.0015892 0.00032433 0.0006345 -0.001472 -0.001462 -0.00011742 -0.0022244 -0.0024473 -1.4842e-05 0.0019041 0.00095752 -0.0039519 -0.0034604 -0.0017519 -0.00021948 0.0021146 0.00039392 -0.00040858 0.00072548 0.00030261 -0.0014607 -0.00049787
-0.0021654 -0.0039085 -0.0011644 -0.0038673 -0.0028924 -0.0021281 -0.007484 -0.0085263 -0.0036514 2.5173e-05 0.0018229 0.0010754 0.0030814 0.0021912 0.0029748 0.0057954 0.014133 0.012548 0.0101 0.013145 0.010395 0.013918 0.019024 0.020589 0.019081 0.020096 0.023653 0.021611 0.020731 0.027007 0.022739 0.026655 0.030424 0.029161 0.024523 0.025947 0.029494 0.029483 0.029815 0.028857 0.02971 0.027017 0.026644 0.029373 0.027863 0.026722 0.027423 0.026032 0.021937 0.023668 0.026071 0.024467 0.024269 0.025408 0.023446 0.021379 0.028544 0.028278 0.024889 0.03626 0.039822 0.042838 0.042392 0.039807 0.043039 0.042408 0.041393 0.047244 0.048201 0.051546 0.049061 0.049606 0.045236 0.041982 0.039509 0.038962 0.034195 0.036884 0.035061 0.040587 0.03948 0.035036 0.036847 0.040787 0.045741 0.057579 0.064683 0.071309 0.075679 0.082079 0.079837 0.078688 0.075618 0.075701 0.069327 0.070954 0.074125 0.069307 0.061085 0.056845 0.051443 0.057414 0.056848 0.056658 0.054079 0.051969 0.054173 0.055074 0.053761 0.05983 0.061357 0.068583 0.070251 0.080508 0.084486 0.086222 0.083043 0.081537 0.08118 0.081447 0.076546 0.069677 0.062225 0.050799 0.050409 0.050794 0.051827 0.048715 0.04912 0.048028 0.051634 0.048639 0.046621 0.049089 0.048068 0.05021 0.053341 0.050708 0.051868 0.043787 0.042305 0.047185 0.05026 0.050884 0.055527 0.058059 0.065617 0.07084 0.073317 0.069569 0.060272 0.059473 0.057715 0.051776 0.049277 0.043014 0.03425 0.028401 0.02923 0.027453 0.026102 0.030329 0.030852 0.031396 0.043495 0.054951 0.063003 0.065307 0.069332 0.069817 0.063116 0.062462 0.054186 0.048645 0.040257 0.03647 0.029901 0.030439 0.027276 0.019959 0.016658 0.019196 0.012421 0.016199 0.01747 0.017369 0.025858 0.032529 0.037755 0.045442 0.055211 0.066537 0.06852 0.073083 0.085588 0.093304 0.10082 0.10881 0.12134 0.11988 0.11605 0.10747 0.094566 0.084565 0.07274 0.066464 0.051842 0.042552 0.03214 0.027758 0.023975 0.016963 0.014867 0.010291 0.010767 0.013586 0.015416 0.010927 0.0074744 0.0051969 0.0055334 0.0013372 0.0057467 0.015068 0.034716 0.047701 0.068512 0.078487 0.07954 0.089503 0.08178 0.072081 0.05828 0.04797 0.04236 0.041476 0.040699 0.041602 0.037102 0.031773 0.030744 0.028823 0.029481 0.031131 0.024733 0.026007 0.01887 0.015382 0.01646 0.017539 0.016549 0.013088 0.010216 0.014552 0.010077 0.0090789 0.0078392 0.0061322 0.0055936 0.0090727 0.0026059 0.0084805 0.015239 0.014197 0.01673 0.014139 0.015024 0.015152 0.012492 0.0090483 0.0084033 0.013034 0.012051 0.013383 0.016309 0.017092 0.017144 0.014785 0.010379 0.016034 0.019008 0.01925 0.019258 0.016005 0.017464 0.019459 0.017716 0.019496 0.023014 0.0205 0.021494 0.015686 0.016871 0.010987 0.013496 0.012363 0.010579 0.010319 0.013373 0.01029 0.013014 0.016595 0.020728 0.020194 0.014295 0.014041 0.011102 0.017683 0.02183 0.021639 0.017568 0.019108 0.018497 0.017355 0.019547 0.018925 0.020969 0.020542 0.023529 0.022021 0.022343 0.024076 0.02108 0.020932 0.022444 0.026246 0.028557 0.031096 0.032869 0.03552 0.044961 0.049775 0.048733 0.046291 0.046879 0.048587 0.040909 0.041316 0.047425 0.042337 0.035913 0.039723 0.037736 0.036955 0.033322 0.038231 0.0346 0.034144 0.033766 0.034622 0.033794 0.029133 0.024924 0.022442 0.024926 0.022553 0.023916 0.027231 0.025864 0.027015 0.031531 0.032256 0.037686 0.037424 0.040623 0.040525 0.042417 0.04592 0.04921 0.047295 0.049847 0.052474 0.054801 0.0509 0.054338 0.051067 0.050751 0.052575 0.052705 0.050357 0.054447 0.062596 0.072818 0.080596 0.083591 0.07633 0.068706 0.061767 0.056846 0.051497 0.047216 0.036036 0.03267 0.033063 0.029787 0.031575 0.030901 0.029457 0.026546 0.023688 0.024175 0.025322 0.02216 0.02457 0.022251 0.022054 0.019477 0.016373 0.016516 0.020933 0.022148 0.021803 0.021351 0.018657 0.018594 0.014984 0.016753 0.015046 0.017449 0.017744 0.016609 0.017783 0.022618 0.021077 0.019703 0.021434 0.017659 0.018414 0.018715 0.022225 0.018303 0.021402 0.019743 0.017463 0.021507 0.022031 0.020127 0.020534 0.024595 0.022028 0.0244 0.018613 0.020636 0.023433 0.026199 0.020063 0.025809 0.022994 0.022946 0.020459 0.019141 0.025824 0.020109 0.020824 0.023457 0.023906 0.023224 0.025324 0.024478 0.027485 0.024571 0.027824 0.032555 0.036319 0.042051 0.038623 0.041844 0.041299 0.042835 0.048718 0.04837 0.048804 0.045766 0.039837 0.040714 0.043767 0.041045 0.042888 0.043415 0.043821 0.043293 0.047448 0.052875 0.051694 0.052859 0.061925 0.066671 0.07395 0.077414 0.087182 0.088809 0.098993 0.10139 0.09646 0.089668 0.089618 0.078556 0.074618 0.067704 0.062141 0.058226 0.053612 0.050732 0.046244 0.040212 0.036719 0.0351 0.029455 0.031809 0.028115 0.028766 0.032604 0.022497 0.021059 0.02109 0.021267 0.020822 0.017072 0.01626 0.017232 0.020591 0.011876 0.012638 0.014861 0.0078088 0.0070638 0.01409 0.0080972 0.012099 0.013753 0.01193 0.010678 0.0033602 0.005871 0.0049819 0.0053427 0.0075495 0.0076973 0.0098547 0.010713 0.013938 0.013648 0.016342 0.016702 0.018983 0.020542 0.030034 0.030269 0.032095 0.028631 0.029824 0.031882 0.030983 0.034151 0.034584 0.032482 0.028174 0.030987 0.031546 0.032241 0.033788 0.033521 0.03385 0.031929 0.028485 0.023094 0.025724 0.019071 0.013241 0.014767 0.014835 0.012328 0.0094924 0.0087303 0.0074793 0.0045044 0.0045311 0.0078788 0.0044334 0.0070179 0.0065827 0.0034352 0.0038032 0.0025022 0.0068433 0.0041873 0.0041447 0.0050891 0.0044852 0.0043648 0.0053286 0.0048149 0.0071528 0.010747 0.00733 0.0056067 -0.00088987 0.00074011 0.0044986 0.0030953 0.0048451 0.0033083 0.00080988 0.00042061 -9.5573e-05 0.0036827 0.0043561 0.002148 -0.0021122 -0.0017917 -0.0020025 5.4997e-05 -0.0014569 -0.0012744 -0.0020519 -0.00035446 0.0038597 0.0008321 -0.0027717 0.002129 0.00139 -0.00079265 0.0021457 -0.0033816 -0.0020849 -0.0043896 -0.0039151 0.001518 -0.0024359 -0.0045031 -0.0013095 0.0038085 0.0020931 0.0011908 0.0030169 0.0050775 0.00016231 0.0022055 -0.0030796 -0.0028436 -0.0063757 -0.0043188 -0.0032337 3.7367e-05 8.9297e-05 0.0013099 -0.0035507 -0.0029452 -0.002014 -0.0015188 0.0022369 0.006176 -0.001061 -0.00088625 0.0025109 0.0055617 0.0017648 -0.00074373 -0.00063104 0.0046259 -0.00065796 0.0040999 0.0041861 -0.00053872 -0.003225 -0.0021019 -0.000774 0.00016065 -0.0038555 -0.0041182 -0.0027274 7.7348e-05 -0.0032675 -0.00096174 -0.0028745 -0.0027958 -0.0016496 -0.0037494 -0.0043985 -0.0019317 0.0005764 0.00018474 -0.0050459 -0.0041573 -0.0016419 -0.00015351 0.0017338 0.0018832 -0.00049179 -0.0014741 -0.0013997 -0.0029202
0.00047491 -0.0018382 0.0021749 -0.0007593 -0.0017185 -0.001207 -0.0071607 -0.0087584 -0.0016851 0.0014943 0.0046799 0.004653 0.0065137 0.0073729 0.0077235 0.0094602 0.021578 0.018758 0.011783 0.01427 0.011708 0.018661 0.023617 0.023917 0.021793 0.022966 0.02476 0.025123 0.026851 0.032255 0.025597 0.030217 0.035714 0.035699 0.02965 0.030395 0.035774 0.035143 0.034952 0.036874 0.039009 0.034568 0.034221 0.038219 0.033617 0.029627 0.033005 0.03134 0.026347 0.029722 0.032253 0.030628 0.029675 0.032114 0.029113 0.026755 0.032448 0.033393 0.030786 0.040445 0.042789 0.047431 0.048712 0.045909 0.050365 0.0479 0.045861 0.050819 0.050388 0.054297 0.054949 0.054755 0.049237 0.046387 0.043222 0.042998 0.038814 0.043669 0.042515 0.047032 0.044675 0.0387 0.042022 0.046037 0.0505 0.067571 0.071165 0.076033 0.082259 0.088939 0.085192 0.079987 0.076558 0.076239 0.070356 0.074051 0.078005 0.069938 0.062369 0.056056 0.052236 0.05926 0.057925 0.059549 0.058149 0.057371 0.059991 0.063214 0.059828 0.065004 0.066541 0.074261 0.075814 0.086538 0.089594 0.089472 0.084412 0.082833 0.081504 0.083713 0.07959 0.072644 0.063308 0.050511 0.050144 0.050882 0.055546 0.054154 0.051386 0.051109 0.05547 0.050743 0.048554 0.052225 0.053339 0.053055 0.056052 0.05329 0.055373 0.045038 0.042951 0.046514 0.05249 0.05314 0.060527 0.063042 0.069128 0.076728 0.07862 0.073048 0.060755 0.058386 0.056567 0.050162 0.046433 0.042161 0.034031 0.028442 0.027749 0.026622 0.028422 0.031728 0.03164 0.033441 0.043926 0.05468 0.065969 0.067192 0.069814 0.068629 0.061357 0.058863 0.049619 0.043548 0.037017 0.033163 0.030012 0.031719 0.026163 0.019239 0.015279 0.020101 0.012551 0.018473 0.020905 0.019922 0.029678 0.034919 0.040864 0.050784 0.061595 0.072257 0.07289 0.075508 0.087084 0.093094 0.099769 0.10747 0.12004 0.11297 0.10913 0.10016 0.086562 0.078158 0.067681 0.06214 0.046508 0.038879 0.028571 0.026718 0.024055 0.014832 0.014847 0.011549 0.0093329 0.012637 0.013824 0.011854 0.0087243 0.0041317 0.0047887 0.0016279 0.005601 0.017319 0.038265 0.054739 0.073425 0.077944 0.076675 0.084209 0.074844 0.064768 0.051076 0.040518 0.033247 0.033017 0.034494 0.036064 0.031899 0.028135 0.027754 0.024586 0.02941 0.030936 0.024231 0.025903 0.016851 0.013532 0.01533 0.016573 0.017598 0.014453 0.010729 0.0158 0.010235 0.0081257 0.0064582 0.0062058 0.0058164 0.0097668 0.0010076 0.0080336 0.015087 0.013171 0.014553 0.014881 0.016897 0.015786 0.014128 0.0091475 0.0098781 0.01427 0.013046 0.016475 0.019094 0.017789 0.018427 0.014752 0.0098461 0.01894 0.022425 0.019681 0.021304 0.019323 0.017425 0.018754 0.016112 0.018403 0.021487 0.019391 0.021726 0.015371 0.015614 0.0093514 0.011888 0.01127 0.011145 0.011626 0.013471 0.0084793 0.011337 0.018062 0.021522 0.020346 0.013058 0.013571 0.010204 0.016311 0.02058 0.023037 0.019764 0.021508 0.018824 0.017831 0.020717 0.019118 0.023486 0.022816 0.027741 0.024566 0.02173 0.02509 0.020811 0.017544 0.020164 0.025183 0.028615 0.031627 0.034267 0.037545 0.047593 0.052047 0.050059 0.047787 0.045806 0.047591 0.039773 0.039279 0.045747 0.041628 0.033986 0.038444 0.037121 0.035976 0.033226 0.036521 0.032885 0.033837 0.033205 0.033772 0.033638 0.026911 0.02135 0.017583 0.024539 0.02347 0.024462 0.026845 0.025051 0.02178 0.029915 0.029316 0.036871 0.035674 0.038619 0.035949 0.03825 0.043393 0.048002 0.044313 0.04738 0.050711 0.051197 0.044336 0.051092 0.048664 0.049242 0.047678 0.047991 0.04653 0.05115 0.061721 0.06937 0.075073 0.076803 0.068842 0.060032 0.051502 0.047895 0.043082 0.041262 0.029709 0.026938 0.03087 0.026439 0.03018 0.029076 0.027249 0.022388 0.020261 0.02076 0.021141 0.020157 0.024836 0.019347 0.017837 0.01759 0.013989 0.015542 0.020299 0.02035 0.019774 0.018624 0.015745 0.016248 0.014064 0.015618 0.013002 0.01685 0.017051 0.015747 0.014836 0.021379 0.019742 0.020486 0.021513 0.018318 0.018166 0.018283 0.020852 0.017941 0.022621 0.019048 0.017811 0.025549 0.025705 0.021147 0.021248 0.024466 0.023679 0.027791 0.019164 0.020782 0.024422 0.028478 0.021487 0.027603 0.022663 0.023343 0.021478 0.018698 0.027432 0.021158 0.023076 0.024177 0.022437 0.022091 0.022661 0.023831 0.029306 0.021966 0.026018 0.029408 0.032853 0.039914 0.034467 0.03525 0.033859 0.037821 0.041772 0.04198 0.042424 0.040137 0.034286 0.037719 0.043019 0.04036 0.040781 0.041548 0.043397 0.04479 0.048993 0.052031 0.053651 0.055942 0.064302 0.069688 0.075993 0.076257 0.085023 0.086452 0.096575 0.098049 0.091642 0.083314 0.083368 0.071015 0.069281 0.062201 0.056738 0.056553 0.052334 0.048255 0.042037 0.037848 0.034726 0.032885 0.025182 0.031194 0.027591 0.027066 0.031427 0.019197 0.016149 0.018755 0.018859 0.018802 0.015752 0.013603 0.012423 0.018976 0.0099122 0.011502 0.013881 0.0064743 0.0053714 0.012297 0.0036518 0.01014 0.013826 0.012784 0.0088479 0.0020371 0.0052568 0.0024895 0.0007551 0.0042699 0.0068735 0.0088668 0.010938 0.012067 0.014125 0.017023 0.017581 0.01993 0.019368 0.030142 0.029767 0.031058 0.026742 0.025277 0.030262 0.028209 0.031794 0.034908 0.030979 0.025533 0.025753 0.026168 0.027033 0.032444 0.028487 0.029642 0.027986 0.023809 0.019021 0.022428 0.016821 0.007572 0.011047 0.01005 0.0064445 0.0042522 0.0072947 0.0045934 8.435e-05 0.0009886 0.0041842 -6.8336e-05 0.0044923 0.004328 0.00017439 0.0011038 -0.0011295 0.0050361 0.0016232 0.00081692 0.0019383 0.00059537 -8.3579e-06 0.0021862 0.0027614 0.0049252 0.0098914 0.0080069 0.00448 -0.0016679 -0.00013426 0.0039492 0.0029398 0.0023695 0.00023945 0.00087946 0.00030676 -0.0014207 0.0037569 0.0050107 0.002293 -0.0006017 -0.0023242 -0.0034816 -0.0010698 -0.00314 -0.0034057 -0.0051316 0.00036362 0.0050794 0.00041888 -0.0064658 0.0005834 0.001027 -0.0002136 0.0003335 -0.0066827 -0.0045252 -0.0067695 -0.004912 0.0010875 -0.0036836 -0.0051167 -0.0035592 0.0032513 0.0029384 0.00073814 0.0010943 0.0031281 -0.0032345 0.0017793 -0.0044248 -0.0025097 -0.0074093 -0.0049405 -0.0044454 -0.0026136 -0.0019797 -0.00042293 -0.0055026 -0.0082349 -0.0053226 -0.0023589 0.00080782 0.0070731 -0.002977 -0.0011541 0.0023195 0.0049494 0.00062096 0.0016503 0.0021283 0.0084941 0.0010651 0.0051776 0.0038769 -0.0033132 -0.0032332 -0.0013591 0.00049411 -0.0017049 -0.0061912 -0.0057259 -0.0040759 -0.0021813 -0.0067603 -0.0026345 -0.0050008 -0.0042281 -0.0038305 -0.0048045 -0.0055576 -0.0040897 -0.0011501 -0.00022161 -0.0048434 -0.0037381 -0.0015678 -0.00079244 0.0010275 0.0031777 -0.001099 -0.0039144 -0.0041701 -0.0036588
0.0026718 -0.00085937 0.0064052 0.0044468 -2.1837e-05 0.0018961 -0.0062811 -0.0089913 0.0018093 0.0052193 0.0095679 0.0096392 0.011157 0.01506 0.014352 0.013429 0.030337 0.028142 0.013534 0.014541 0.012381 0.024991 0.028864 0.028567 0.026156 0.025927 0.024822 0.02832 0.033769 0.038315 0.02876 0.033104 0.040517 0.044099 0.03518 0.035482 0.042998 0.042028 0.040679 0.045549 0.049254 0.042827 0.041893 0.046464 0.038012 0.029509 0.037388 0.034826 0.03013 0.036404 0.039549 0.038633 0.03709 0.040104 0.036438 0.031887 0.036119 0.041317 0.040327 0.045709 0.044521 0.050175 0.054605 0.051719 0.05756 0.054378 0.052953 0.056037 0.052335 0.056643 0.06037 0.060838 0.054012 0.051983 0.046129 0.045946 0.045548 0.05206 0.05187 0.054739 0.050248 0.043604 0.049848 0.053278 0.055992 0.078329 0.077004 0.079575 0.088072 0.096235 0.092248 0.083002 0.080985 0.079217 0.074616 0.080514 0.083127 0.070251 0.063727 0.055682 0.052677 0.060162 0.05891 0.0624 0.063417 0.064577 0.067684 0.072585 0.068818 0.070832 0.070584 0.079125 0.081016 0.09052 0.093387 0.090811 0.082495 0.082678 0.079257 0.085784 0.083897 0.078801 0.066592 0.052097 0.051743 0.050295 0.057604 0.060253 0.05179 0.052936 0.06023 0.052486 0.050943 0.05503 0.059059 0.05458 0.058031 0.055282 0.058644 0.047895 0.046819 0.045967 0.053532 0.054773 0.064145 0.066276 0.072117 0.083333 0.08464 0.076948 0.059469 0.056089 0.055212 0.048807 0.043212 0.041051 0.036407 0.029038 0.025595 0.025733 0.032906 0.031956 0.03316 0.037191 0.042106 0.050316 0.06814 0.069059 0.068911 0.066489 0.059379 0.054744 0.044365 0.038114 0.032383 0.028554 0.030216 0.031676 0.023391 0.020719 0.015841 0.023491 0.014606 0.023387 0.026079 0.022635 0.033375 0.036068 0.043097 0.054638 0.067839 0.077604 0.077687 0.079006 0.088666 0.091021 0.094139 0.10426 0.11766 0.10353 0.10069 0.090522 0.077643 0.072181 0.064398 0.059135 0.04148 0.035331 0.024776 0.025379 0.02434 0.013035 0.015415 0.013838 0.0066644 0.010183 0.0086924 0.0099321 0.0095421 0.0048567 0.0043207 0.0038677 0.0057775 0.020171 0.042784 0.062888 0.077309 0.07586 0.073262 0.076471 0.067934 0.059586 0.048855 0.036294 0.02593 0.026564 0.029814 0.030355 0.02778 0.029014 0.029358 0.022772 0.030284 0.030354 0.02663 0.028709 0.017926 0.012512 0.013651 0.015033 0.017891 0.015603 0.010857 0.017995 0.012007 0.0077712 0.0047231 0.0065139 0.0050241 0.011375 0.00023844 0.0091442 0.014672 0.010908 0.0094638 0.014658 0.01862 0.01709 0.015602 0.0082683 0.010902 0.01508 0.015304 0.019381 0.020783 0.016614 0.017964 0.013403 0.0081423 0.02319 0.027071 0.020067 0.023724 0.023016 0.017795 0.019633 0.015995 0.018529 0.020162 0.017902 0.019632 0.014449 0.012983 0.0073713 0.0098492 0.011014 0.011353 0.014373 0.014428 0.0056809 0.0083937 0.019782 0.022686 0.020114 0.012573 0.015049 0.0095801 0.013797 0.018385 0.02593 0.023982 0.024248 0.018873 0.018967 0.021799 0.018101 0.025007 0.025857 0.032553 0.028723 0.021707 0.025815 0.020244 0.013411 0.018027 0.024933 0.029917 0.031753 0.035291 0.040019 0.050747 0.054309 0.050846 0.047889 0.042787 0.045076 0.03779 0.036086 0.042788 0.04168 0.033139 0.038797 0.038234 0.035221 0.033287 0.032359 0.032634 0.036388 0.034239 0.032762 0.031321 0.023656 0.017737 0.011307 0.023555 0.025244 0.02443 0.023488 0.023657 0.015319 0.026819 0.02404 0.034291 0.032918 0.036253 0.029962 0.033772 0.040514 0.047615 0.041021 0.043233 0.047618 0.046268 0.035707 0.047181 0.046451 0.047444 0.041249 0.042039 0.041682 0.046849 0.061423 0.064599 0.069305 0.068483 0.060875 0.05136 0.042794 0.041346 0.034924 0.036028 0.026502 0.024461 0.030684 0.023075 0.028352 0.02709 0.024135 0.017799 0.017408 0.017532 0.016251 0.019654 0.024735 0.015731 0.0142 0.015933 0.0091311 0.014838 0.018031 0.015047 0.015178 0.014031 0.011709 0.013114 0.011808 0.012846 0.0096291 0.015264 0.014584 0.013661 0.010232 0.019294 0.016946 0.021289 0.018694 0.017495 0.016987 0.017947 0.018911 0.018705 0.023502 0.016897 0.018146 0.030235 0.030036 0.022464 0.023038 0.026867 0.028552 0.033666 0.020831 0.019475 0.025355 0.031946 0.024229 0.029317 0.021914 0.024262 0.025391 0.020733 0.029225 0.022419 0.026341 0.02634 0.021535 0.020646 0.018575 0.022688 0.031021 0.017982 0.023923 0.026784 0.028763 0.034023 0.026526 0.0238 0.022797 0.029783 0.032248 0.032297 0.033298 0.032749 0.026903 0.033808 0.041826 0.04021 0.038063 0.037685 0.041013 0.047703 0.051369 0.047791 0.053687 0.059234 0.064159 0.07141 0.075661 0.069927 0.07581 0.076654 0.086611 0.088126 0.080172 0.072043 0.072406 0.059597 0.0587 0.051578 0.046377 0.051201 0.047463 0.042869 0.035321 0.033656 0.032053 0.030079 0.020056 0.030396 0.027146 0.023878 0.027582 0.01508 0.0094707 0.015895 0.015716 0.01434 0.01281 0.011515 0.004882 0.015352 0.0068931 0.0085447 0.011844 0.0058577 0.0046816 0.0092994 -0.0025585 0.0067166 0.010289 0.012191 0.0059501 0.0014786 0.0049269 -0.00073191 -0.0057367 -0.0013252 0.0049609 0.0075695 0.01082 0.0088911 0.01329 0.016896 0.019157 0.02035 0.016162 0.029297 0.028524 0.028706 0.023127 0.01801 0.027563 0.025417 0.029679 0.035154 0.028368 0.022955 0.017665 0.01911 0.021011 0.032033 0.023183 0.025325 0.024392 0.019263 0.014793 0.019267 0.015633 0.0020919 0.0064938 0.0035518 0.0010917 0.00063733 0.0062962 0.0014902 -0.0043366 -0.0011166 0.0010532 -0.00462 0.00017236 0.0021632 -0.0036562 -0.0014247 -0.0039409 0.0029686 -0.0025163 -0.0051908 -0.001309 -0.0039884 -0.0052303 -0.0033418 8.2741e-05 0.0014514 0.0064464 0.0076239 0.0035251 -0.0023144 -0.0018273 0.0019424 2.2867e-05 -0.0028444 -0.0032362 0.0029834 0.0028877 0.00054987 0.004289 0.0048978 0.0011992 -0.0004818 -0.0034212 -0.005142 -0.0025256 -0.0036566 -0.0062271 -0.0088102 0.0012234 0.0079125 0.0015082 -0.0099721 -0.0017606 -0.0007494 4.5959e-05 -0.00072164 -0.0086197 -0.0047452 -0.0085274 -0.0045217 -0.002615 -0.0071932 -0.0061671 -0.0068672 0.0017209 0.0031267 -0.0010314 -0.0027952 -0.0020236 -0.0087 0.00044404 -0.0062546 -0.0026552 -0.0094011 -0.0044155 -0.0068349 -0.0053234 -0.0049077 -0.0017418 -0.0060918 -0.013161 -0.0093284 -0.0032915 0.00040893 0.0085545 -0.0026958 0.0012008 0.0028253 0.0053789 -0.000356 0.0055442 0.0052324 0.012894 0.003513 0.005828 0.00093655 -0.0092347 -0.004674 -0.00053739 0.0024774 -0.0051648 -0.0098546 -0.0080572 -0.0066775 -0.0052656 -0.0096127 -0.004001 -0.007583 -0.0055618 -0.0062571 -0.0050323 -0.0054295 -0.0060909 -0.0025446 -0.00014065 -0.003573 -0.0020088 -0.0021165 -0.0032034 0.00052137 0.0044768 -0.0022372 -0.0056679 -0.0077766 -0.0023136
0.0041312 -0.0025298 0.011268 0.012831 0.0026597 0.008821 -0.0045797 -0.0092446 0.005609 0.012655 0.01759 0.016445 0.01739 0.025223 0.023164 0.017446 0.040902 0.04234 0.015404 0.015725 0.014036 0.034816 0.033908 0.034404 0.033317 0.029026 0.024456 0.030931 0.040933 0.045317 0.031257 0.034617 0.043122 0.054631 0.038857 0.040489 0.050997 0.051804 0.047567 0.054608 0.060109 0.051158 0.047756 0.051862 0.039627 0.025063 0.039357 0.03517 0.033107 0.043352 0.047696 0.047127 0.04692 0.049324 0.045624 0.034236 0.039091 0.052208 0.054711 0.053597 0.044904 0.048265 0.059589 0.056444 0.062998 0.062794 0.064827 0.064286 0.054231 0.058461 0.064771 0.067872 0.059608 0.059961 0.048092 0.044706 0.052798 0.061947 0.061516 0.06235 0.056928 0.051105 0.061887 0.063491 0.061618 0.087514 0.08044 0.080903 0.091309 0.10197 0.099805 0.088319 0.090581 0.086605 0.082659 0.091634 0.088725 0.069147 0.063707 0.054765 0.051321 0.059005 0.060289 0.06508 0.072074 0.07408 0.078736 0.082887 0.081806 0.078959 0.073756 0.084725 0.086995 0.091643 0.097767 0.090759 0.073658 0.07857 0.071685 0.086181 0.088917 0.087535 0.070234 0.052996 0.055339 0.048115 0.054028 0.065012 0.048177 0.05144 0.065272 0.052997 0.053257 0.055731 0.062984 0.051196 0.057925 0.057735 0.061511 0.051446 0.055836 0.047484 0.052869 0.054358 0.063885 0.065331 0.072878 0.0888 0.091193 0.083026 0.054138 0.05104 0.052429 0.046763 0.039539 0.038686 0.042558 0.029097 0.020679 0.022495 0.041219 0.029232 0.036456 0.043604 0.037263 0.0409 0.069861 0.071603 0.065456 0.062386 0.057005 0.049283 0.039041 0.032929 0.024853 0.021421 0.026986 0.024547 0.014831 0.024985 0.017179 0.02891 0.018587 0.031339 0.033321 0.024205 0.034669 0.034746 0.044683 0.05506 0.075305 0.083625 0.084418 0.084554 0.09003 0.086356 0.080466 0.096083 0.11271 0.090272 0.088798 0.076108 0.065724 0.064321 0.060383 0.056027 0.035755 0.029943 0.01869 0.022024 0.023367 0.0099156 0.015805 0.017514 0.0024051 0.0056113 -0.0022369 0.003719 0.0094024 0.0090608 0.0048821 0.0086676 0.0068038 0.021411 0.04858 0.07055 0.078524 0.072122 0.068417 0.064818 0.06232 0.058172 0.052549 0.033363 0.019306 0.021293 0.026639 0.023563 0.02475 0.036834 0.037704 0.02551 0.033619 0.030844 0.034702 0.036405 0.023376 0.012692 0.01185 0.013175 0.017021 0.015756 0.01066 0.022022 0.016941 0.0083037 0.0018642 0.0058824 7.1608e-05 0.012722 0.00087555 0.01351 0.01345 0.0060923 0.0002513 0.011881 0.01827 0.018374 0.014354 0.0039181 0.0075181 0.014344 0.019994 0.020523 0.019406 0.01185 0.014069 0.0085991 0.0014949 0.028077 0.033304 0.019894 0.024184 0.023897 0.018042 0.02382 0.018943 0.021274 0.021289 0.018853 0.014187 0.012679 0.0076275 0.0053564 0.006853 0.012583 0.010112 0.018192 0.016333 0.00092022 0.0026871 0.021683 0.024633 0.018894 0.013399 0.020126 0.010133 0.011107 0.016257 0.031711 0.031439 0.027029 0.017146 0.020345 0.021726 0.014451 0.022919 0.026769 0.036727 0.034902 0.023068 0.023989 0.017402 0.0070512 0.01596 0.027056 0.033583 0.031095 0.034149 0.042052 0.053766 0.05538 0.049788 0.044883 0.036335 0.037096 0.030892 0.028552 0.037333 0.041104 0.031584 0.040472 0.040392 0.032527 0.030749 0.021718 0.033567 0.041938 0.036743 0.030365 0.024129 0.019531 0.015026 0.0024237 0.02134 0.027935 0.023034 0.015298 0.021124 0.0091621 0.022059 0.014891 0.027854 0.028168 0.032764 0.021599 0.029265 0.037511 0.047629 0.038399 0.036915 0.041326 0.038918 0.02387 0.042097 0.043849 0.042779 0.032136 0.034338 0.03502 0.042638 0.062191 0.058011 0.064746 0.058698 0.051842 0.040399 0.035688 0.038104 0.026957 0.031474 0.026724 0.027111 0.032132 0.018509 0.023978 0.024888 0.020076 0.01401 0.015751 0.01372 0.010202 0.020152 0.020641 0.0096046 0.011085 0.015384 0.0005912 0.01436 0.011409 0.0018587 0.0046491 0.004443 0.0048491 0.0087055 0.006173 0.0062421 0.0040459 0.013092 0.0098814 0.0080997 0.002634 0.01556 0.010778 0.018769 0.0082876 0.012716 0.013782 0.018225 0.016581 0.019297 0.022011 0.01198 0.017759 0.033762 0.03264 0.02308 0.025638 0.033284 0.037823 0.042115 0.021964 0.012418 0.025377 0.036701 0.028558 0.031333 0.021788 0.027859 0.033815 0.027746 0.031955 0.025041 0.030938 0.031513 0.0225 0.019585 0.011346 0.020079 0.031879 0.013131 0.024005 0.027338 0.025243 0.02391 0.01244 0.0049976 0.00636 0.015487 0.0192 0.017883 0.020804 0.022439 0.016936 0.029538 0.042185 0.041079 0.03666 0.031709 0.03668 0.053685 0.056686 0.040512 0.052731 0.062467 0.060514 0.071487 0.070744 0.056803 0.056378 0.055866 0.065897 0.06929 0.059565 0.055957 0.057429 0.04581 0.042112 0.034859 0.031005 0.042665 0.038924 0.036146 0.027422 0.027452 0.028903 0.026378 0.013786 0.028292 0.026583 0.017786 0.018762 0.010039 0.0009728 0.013074 0.014954 0.0083017 0.008823 0.011464 -0.0061642 0.0092413 0.0025724 0.002138 0.0079545 0.0063587 0.0057244 0.0041764 -0.010022 0.0020891 0.00031023 0.0083381 0.0018129 0.001756 0.0043399 -0.0060786 -0.015281 -0.01112 0.00086411 0.0047548 0.0079869 0.0011796 0.0069624 0.014587 0.020082 0.017537 0.0094117 0.027597 0.027121 0.025271 0.017274 0.0086866 0.024269 0.024276 0.028724 0.035296 0.024225 0.021134 0.0060307 0.010379 0.015095 0.03393 0.0181 0.022446 0.023778 0.017223 0.011585 0.017344 0.017423 -0.0020459 0.00098002 -0.004248 -0.0017211 -0.00035223 0.0053669 -0.0010994 -0.0061196 0.00035672 -0.0011594 -0.0096032 -0.0090326 -0.00044306 -0.0090154 -0.0029612 -0.0040902 0.0018978 -0.0082005 -0.016924 -0.0046749 -0.0099411 -0.010376 -0.011842 -0.0032873 -0.0025707 0.00052973 0.0052731 0.0035175 -0.0028136 -0.005903 -0.0019261 -0.0082262 -0.012618 -0.0069816 0.007944 0.011695 0.009293 0.0065177 0.0036446 -0.0012417 -0.0043617 -0.0058524 -0.0090205 -0.0050276 -0.0028914 -0.010568 -0.014312 0.0012239 0.012779 0.005387 -0.011602 -0.0060445 -0.0048967 -0.00033765 0.0013279 -0.0066979 -0.0010513 -0.0081472 -0.0029819 -0.012668 -0.015629 -0.010259 -0.012313 -0.002334 0.0015961 -0.0060255 -0.011118 -0.013995 -0.017535 -0.0026517 -0.0089271 -0.0049265 -0.013581 -0.0021589 -0.011713 -0.0068532 -0.0075716 -0.00086846 -0.0041914 -0.014731 -0.012796 -0.0035972 0.0030393 0.012236 0.0033724 0.0090049 0.0050576 0.0092136 -3.9638e-05 0.011666 0.0084286 0.01753 0.0066989 0.0073931 -0.0055791 -0.020019 -0.0084862 -0.00064408 0.0057929 -0.0084849 -0.014682 -0.01153 -0.012082 -0.010161 -0.012276 -0.0045164 -0.0099405 -0.0072521 -0.0079969 -0.003589 -0.0033886 -0.0066782 -0.0019111 0.00010191 -0.0025616 0.0010091 -0.0035086 -0.0084904 0.0020947 0.0077009 -0.0027753 -0.0048972 -0.010946 0.0038612
0.0060901 0.010177 0.013648 0.010766 0.0024221 -0.0019012 0.0015397 0.0054419 0.0075891 0.0032589 -7.5638e-05 0.00056899 0.002668 0.0058576 -0.00076788 -0.0041704 0.0047139 0.0063767 0.0087124 0.010247 0.008867 -0.00036036 -0.0032707 0.0014489 0.00094562 0.0028907 0.0085035 0.003121 0.00043723 0.0029371 0.0048391 0.0057351 0.0041765 0.00067672 0.0073758 0.013476 0.016623 0.013022 0.0091396 0.0066694 0.011241 0.0096197 0.0095921 0.0080739 0.005807 0.0056437 0.0093823 0.0077044 0.0065089 0.0061996 0.0050166 0.0031702 0.0061078 0.0086031 0.0070368 0.0065328 0.011421 0.0082571 0.0043546 0.0074249 0.012423 0.016494 0.013681 0.0075569 0.0056378 0.010505 0.010073 0.0093212 0.019628 0.020408 0.019948 0.017015 0.019494 0.01648 0.013028 0.0133 0.014658 0.012912 0.011835 0.016804 0.015499 0.022194 0.02644 0.026307 0.035423 0.047412 0.056518 0.061056 0.060281 0.06564 0.06566 0.06855 0.069356 0.065271 0.064386 0.060962 0.057175 0.052107 0.042555 0.039042 0.0407 0.037137 0.03546 0.03848 0.039163 0.034226 0.030408 0.037783 0.03769 0.034003 0.040353 0.047601 0.049908 0.050554 0.054977 0.060243 0.059506 0.056525 0.058762 0.056762 0.054742 0.060735 0.054859 0.05232 0.048641 0.040675 0.040365 0.03933 0.033987 0.030892 0.032603 0.028275 0.027307 0.030369 0.040601 0.037856 0.040722 0.0404 0.038115 0.045089 0.049647 0.046613 0.049752 0.044336 0.047818 0.05099 0.047718 0.053724 0.057268 0.056523 0.054152 0.055086 0.048689 0.043048 0.043955 0.045357 0.041441 0.03186 0.030027 0.02894 0.034756 0.042006 0.040934 0.042684 0.050337 0.055709 0.057798 0.066461 0.064964 0.065854 0.067002 0.065472 0.056657 0.054943 0.044781 0.03451 0.032579 0.031247 0.028053 0.017255 0.021407 0.027635 0.019783 0.019941 0.022687 0.024344 0.022928 0.026193 0.033648 0.049168 0.054366 0.059618 0.071722 0.080834 0.092986 0.098134 0.10378 0.10136 0.10813 0.10345 0.10054 0.091405 0.077358 0.07323 0.064497 0.058093 0.048757 0.04256 0.037617 0.031107 0.033706 0.021884 0.023217 0.025964 0.016492 0.010178 0.011655 0.011315 0.0074367 0.0057495 0.0091985 0.017606 0.028424 0.036506 0.057518 0.07564 0.089826 0.10069 0.10565 0.11195 0.11106 0.10302 0.093567 0.085996 0.075085 0.063177 0.05846 0.055244 0.053675 0.052758 0.049732 0.041053 0.042816 0.041656 0.038717 0.029342 0.024651 0.018902 0.016261 0.021987 0.021516 0.015786 0.01731 0.012427 0.015214 0.014948 0.014643 0.013994 0.018564 0.014459 0.014886 0.011265 0.011363 0.010476 0.014077 0.015411 0.016674 0.025493 0.023623 0.018725 0.021155 0.021142 0.019442 0.018661 0.021218 0.021033 0.021445 0.018238 0.023599 0.026081 0.029494 0.021948 0.023689 0.025089 0.027304 0.025804 0.028541 0.026305 0.027116 0.02443 0.023944 0.020257 0.015206 0.016726 0.0080884 0.017818 0.017282 0.0096463 0.011483 0.018796 0.02462 0.024692 0.023128 0.02304 0.025516 0.019102 0.025136 0.020088 0.020763 0.030277 0.027103 0.024016 0.020102 0.023821 0.026156 0.027088 0.031343 0.032305 0.031148 0.028494 0.027284 0.030992 0.02696 0.023283 0.01806 0.022263 0.03156 0.036683 0.036511 0.042911 0.043819 0.048432 0.055858 0.05652 0.05974 0.064926 0.069344 0.065443 0.060126 0.047217 0.046162 0.052251 0.05097 0.045012 0.048494 0.051537 0.045553 0.044182 0.036228 0.035399 0.038443 0.03519 0.033619 0.02666 0.026439 0.032084 0.024292 0.022274 0.029881 0.032235 0.03337 0.035537 0.032459 0.040969 0.041856 0.050295 0.055009 0.05403 0.054151 0.056963 0.058323 0.055748 0.056298 0.048999 0.053376 0.057156 0.063416 0.065973 0.071165 0.07776 0.093883 0.10692 0.11351 0.11744 0.11153 0.11506 0.10603 0.10085 0.093873 0.081869 0.07515 0.069846 0.064337 0.059909 0.05555 0.050025 0.054384 0.053478 0.051248 0.047782 0.050544 0.046787 0.050214 0.042243 0.037654 0.037645 0.034692 0.036155 0.032165 0.030561 0.030208 0.029625 0.034402 0.023737 0.027512 0.026845 0.026392 0.03025 0.031705 0.02564 0.020944 0.022294 0.026672 0.030283 0.027316 0.025699 0.029379 0.037886 0.032678 0.027899 0.032622 0.029994 0.031299 0.028187 0.033952 0.031104 0.026525 0.032506 0.031099 0.037161 0.034701 0.034293 0.032172 0.032367 0.029029 0.028769 0.030284 0.028482 0.01906 0.020168 0.020496 0.018176 0.017391 0.012575 0.012539 0.015293 0.013867 0.010801 0.0099723 0.0075563 0.0031231 -9.163e-05 0.00097109 0.003738 -0.0030648 -0.0075535 -0.0032081 -0.0054869 -0.0027037 0.0069937 0.0077962 0.0093952 0.014782 0.022877 0.027297 0.02372 0.026689 0.029123 0.035749 0.032406 0.018688 0.023997 0.027945 0.030502 0.041957 0.038005 0.048622 0.056289 0.055153 0.060197 0.062837 0.060701 0.061948 0.058361 0.062425 0.057549 0.061881 0.066019 0.063127 0.058798 0.058075 0.05368 0.050014 0.058044 0.045603 0.048653 0.043989 0.047523 0.053631 0.043538 0.04102 0.041356 0.034101 0.038951 0.034157 0.034362 0.026405 0.022299 0.01813 0.0094452 0.012796 0.018259 0.019798 0.018585 0.015554 0.0096803 0.013828 0.016498 0.018592 0.01681 0.013375 0.012697 0.008875 0.0085438 0.010969 0.0075735 0.0093113 0.010503 0.0070989 0.011063 0.0021816 0.0039343 0.012399 0.008403 0.012711 0.011702 0.016419 0.021801 0.022536 0.026914 0.025613 0.030631 0.032807 0.039969 0.04125 0.03821 0.038471 0.037499 0.036649 0.032564 0.029426 0.035622 0.034473 0.032937 0.03766 0.037703 0.03336 0.03045 0.022255 0.024115 0.031642 0.02628 0.021079 0.017711 0.019505 0.023216 0.018149 0.020713 0.021941 0.017402 0.013496 0.017853 0.012211 0.015683 0.013318 0.017028 0.0086895 0.011691 0.023046 0.016243 0.013785 0.014975 0.01374 0.0048765 0.00033238 0.0060301 0.010728 0.0090884 0.0056566 0.0067937 0.0087107 0.0064088 0.0057925 0.0064868 0.0078584 0.011298 0.01034 0.015506 0.014353 0.010557 0.0014818 0.0054079 0.0044442 0.0071512 0.0019646 0.0023534 0.0065669 0.0076104 0.0080747 0.0099549 0.012037 0.008413 0.012292 0.0067989 0.01484 0.017077 0.018228 0.0153 0.013394 0.010647 0.002894 0.01132 0.013909 0.0046267 0.00262 0.0073762 0.0087824 0.013093 0.009035 0.0023234 0.0063173 0.0073273 0.0051543 0.0043679 0.0020074 0.0036729 0.0069206 0.0080897 0.0059921 0.0053036 0.001233 0.010382 0.0089747 0.0096984 0.0048929 0.00091525 0.0078435 0.0045676 0.0074255 0.0079446 0.0049338 0.0085316 0.011128 0.011347 0.012523 0.016343 0.015164 0.0058151 -0.0082111 0.0023721 0.0024048 0.0044193 -0.00081795 -0.0021415 0.005863 0.004806 0.00038031 -0.0006629 -0.0015503 -0.0013303 0.0031067 0.0066757 0.0046829 0.0014709 -0.00088405 0.0054004 0.0038166 0.0023189 0.0029708 0.0025902 0.010779 0.0088811
-0.0049591 -0.0050646 0.0020742 0.005518 0.0098702 0.0074662 0.0015052 -0.0005998 0.0022937 0.002771 0.0022884 -0.00030461 -0.00088589 -0.0021842 0.0013322 0.0030714 -0.00080935 -0.0023726 0.0031927 0.0030169 0.0068581 0.009512 0.010533 0.0042163 0.0023532 0.0037046 0.0018072 0.0044705 0.0085445 0.0067063 0.003248 0.0045303 0.0050842 0.0075701 0.010125 0.008154 0.010168 0.016145 0.017089 0.013264 0.011081 0.0071923 0.012429 0.011361 0.010365 0.0080648 0.0053198 0.0056392 0.0081888 0.0087881 0.008763 0.0094794 0.0068819 0.0068037 0.0073723 0.0090793 0.011034 0.011461 0.015048 0.012454 0.01149 0.01278 0.015398 0.019609 0.019568 0.016457 0.013862 0.017821 0.018044 0.01496 0.023311 0.024225 0.024085 0.018875 0.023613 0.022272 0.014931 0.017551 0.019522 0.015366 0.017653 0.023202 0.023755 0.030034 0.033478 0.034522 0.043792 0.053273 0.063196 0.066897 0.068632 0.072851 0.070227 0.072206 0.071922 0.068872 0.066909 0.060762 0.05797 0.052737 0.046904 0.043616 0.042322 0.036837 0.035874 0.038022 0.039822 0.037599 0.034663 0.039295 0.041239 0.04004 0.046707 0.053461 0.056603 0.059007 0.063224 0.065188 0.065151 0.062837 0.064411 0.063101 0.059728 0.060077 0.05476 0.052886 0.04962 0.041013 0.040825 0.042246 0.037984 0.036163 0.039174 0.034805 0.034945 0.037681 0.043462 0.042717 0.045687 0.0456 0.042179 0.046044 0.049782 0.047348 0.049802 0.049754 0.05281 0.05679 0.05324 0.056673 0.060251 0.060272 0.058804 0.055763 0.049885 0.044522 0.041673 0.044792 0.043295 0.032903 0.032226 0.031944 0.035527 0.040758 0.042289 0.046802 0.051693 0.056454 0.060413 0.065338 0.065402 0.064397 0.066112 0.061313 0.053186 0.051524 0.044266 0.034569 0.031704 0.031296 0.027637 0.017991 0.02117 0.025025 0.02096 0.022532 0.024516 0.026839 0.027759 0.030866 0.038241 0.051855 0.058487 0.06747 0.07668 0.086501 0.099807 0.10578 0.11149 0.10981 0.11146 0.10426 0.10147 0.093147 0.079648 0.072677 0.063062 0.056313 0.045905 0.042153 0.038849 0.029776 0.029177 0.020051 0.020982 0.022378 0.013408 0.010002 0.012179 0.011918 0.010393 0.010736 0.014997 0.026118 0.035146 0.044093 0.063343 0.080898 0.092221 0.098669 0.10155 0.1066 0.10527 0.09756 0.089247 0.079944 0.071885 0.063654 0.057478 0.054235 0.050863 0.045902 0.040526 0.037288 0.040052 0.040828 0.035469 0.02423 0.020733 0.016224 0.016255 0.019986 0.020279 0.014394 0.015685 0.011084 0.012671 0.013299 0.014415 0.012648 0.017585 0.01462 0.016184 0.012741 0.012951 0.013084 0.015678 0.014814 0.01668 0.023906 0.021078 0.01741 0.019074 0.018535 0.018904 0.017089 0.022144 0.021947 0.021351 0.018215 0.022505 0.025497 0.028676 0.024666 0.026247 0.02667 0.026366 0.025251 0.02359 0.022782 0.024386 0.022769 0.02274 0.0187 0.01527 0.01592 0.01208 0.019505 0.017528 0.01238 0.013648 0.019836 0.02442 0.025018 0.02236 0.020454 0.023818 0.02096 0.025797 0.020988 0.01991 0.028051 0.026183 0.023653 0.019532 0.022406 0.027625 0.02623 0.031246 0.031412 0.031428 0.027835 0.027648 0.032083 0.029156 0.02579 0.023483 0.027744 0.033453 0.038947 0.041552 0.045443 0.046038 0.049307 0.057777 0.057806 0.058469 0.061833 0.066627 0.063282 0.057842 0.049144 0.04631 0.04978 0.048294 0.045904 0.046999 0.048767 0.044028 0.042893 0.036835 0.036147 0.038783 0.035488 0.033849 0.026182 0.026913 0.032549 0.030741 0.028192 0.033666 0.035786 0.038004 0.041132 0.041259 0.047517 0.046417 0.052232 0.055947 0.05401 0.057145 0.061567 0.063809 0.060832 0.057991 0.052613 0.057029 0.060669 0.06563 0.066651 0.071197 0.078764 0.09613 0.10579 0.1105 0.11559 0.10766 0.10818 0.097136 0.089898 0.085469 0.075429 0.068088 0.064515 0.059358 0.053779 0.050072 0.044926 0.05032 0.049312 0.047791 0.04576 0.046154 0.04409 0.047662 0.036573 0.032225 0.034045 0.031683 0.035497 0.03277 0.031671 0.031889 0.029417 0.032147 0.023635 0.026199 0.022829 0.02265 0.027222 0.027963 0.025047 0.020934 0.023707 0.025196 0.026844 0.023995 0.023033 0.025086 0.033884 0.029233 0.025805 0.029434 0.027694 0.029082 0.027153 0.031752 0.03022 0.02549 0.030233 0.030804 0.034244 0.029367 0.032193 0.030111 0.029595 0.028166 0.027123 0.030286 0.028993 0.022584 0.021244 0.021453 0.022015 0.022362 0.017312 0.018451 0.021821 0.020516 0.016812 0.016468 0.016894 0.014847 0.010435 0.015448 0.018981 0.016038 0.012957 0.018447 0.017577 0.018266 0.023403 0.020502 0.019595 0.023187 0.030766 0.031624 0.027565 0.028266 0.030386 0.033982 0.029918 0.017665 0.0246 0.027348 0.031324 0.041478 0.039141 0.046189 0.050115 0.049483 0.053759 0.05533 0.054712 0.057096 0.051896 0.055271 0.049674 0.050573 0.054231 0.052593 0.050906 0.051757 0.047183 0.044862 0.050154 0.043011 0.043653 0.037865 0.040392 0.046367 0.037343 0.036078 0.035288 0.02768 0.031446 0.029224 0.031538 0.025689 0.020126 0.016129 0.0095305 0.011319 0.016458 0.017286 0.015908 0.011496 0.0062885 0.010433 0.011542 0.011915 0.010633 0.010666 0.011782 0.0088012 0.0091587 0.0091319 0.0072762 0.0097824 0.014805 0.011573 0.013583 0.0072452 0.0099551 0.015193 0.012103 0.017607 0.017079 0.020778 0.021919 0.022592 0.027918 0.02902 0.030556 0.031934 0.038333 0.039964 0.038758 0.037298 0.035054 0.037192 0.031853 0.027131 0.031702 0.030933 0.031067 0.030069 0.030566 0.028474 0.025971 0.020911 0.0233 0.026291 0.022646 0.017992 0.017239 0.022304 0.021893 0.016117 0.018193 0.018034 0.012165 0.0098391 0.011926 0.0084699 0.014582 0.012304 0.014214 0.007468 0.0095219 0.017184 0.013482 0.0081064 0.010715 0.0099573 0.0028753 -0.0010198 0.0041713 0.0064011 0.0078489 0.0059379 0.0059309 0.007553 0.0062658 0.0041563 0.0052606 0.0044563 0.0073606 0.0082823 0.012923 0.011179 0.0095432 0.0011303 0.0041353 0.0035388 0.0057053 0.0021407 -0.00090555 0.0047789 0.0077751 0.0059232 0.0087531 0.012188 0.0093498 0.009109 0.0062476 0.0095669 0.013405 0.014624 0.014037 0.014176 0.0080231 0.0020579 0.010312 0.010942 0.0033724 0.00045877 0.0047677 0.0061059 0.009068 0.0063693 0.0014768 0.005231 0.0048943 0.0040081 0.0028547 0.0012198 0.0032397 0.0053217 0.0068129 0.0032833 0.003243 0.00077356 0.0097706 0.0087619 0.0083628 0.0065472 0.0020927 0.0047216 0.0024063 0.003151 0.0033481 0.0012629 0.0040616 0.0078362 0.0074963 0.0075526 0.011029 0.010596 0.0047349 -0.0046217 0.0037896 0.0025843 0.0017396 -0.0020376 -0.0012179 0.004821 0.0042297 0.0011991 0.00035565 0.00033 0.0009319 0.0025797 0.0045475 0.0039555 0.0010144 -0.0019483 0.0034638 0.0041006 0.0011384 0.001812 0.004306
-0.0088872 -0.0083722 -0.0024444 0.00081036 0.0060557 0.0029193 -0.0012721 -0.00069893 0.0020615 0.00046724 -0.0017575 -0.0028128 -0.0023177 -0.0041589 -0.00023254 0.0010758 0.00018457 4.1507e-06 0.0026349 0.00073162 0.0049143 0.0090212 0.012708 0.0085955 0.0074311 0.007048 0.0044363 0.0062157 0.010274 0.010711 0.0073398 0.0075603 0.0074507 0.01013 0.014857 0.014102 0.014064 0.018915 0.017453 0.013709 0.012472 0.008812 0.013249 0.013129 0.01198 0.0089321 0.0059289 0.0062803 0.0079402 0.010086 0.011026 0.012258 0.0084246 0.0091745 0.007427 0.01081 0.014977 0.015025 0.018837 0.017758 0.018239 0.017786 0.018643 0.022366 0.024124 0.023922 0.022364 0.025683 0.026519 0.02093 0.027228 0.027916 0.027337 0.020651 0.026093 0.026167 0.017398 0.020008 0.023889 0.019202 0.02308 0.028183 0.030278 0.036823 0.039395 0.042536 0.051609 0.058176 0.068193 0.071348 0.074583 0.077334 0.07339 0.073353 0.072072 0.070092 0.067995 0.060731 0.058626 0.052584 0.049586 0.047289 0.044501 0.038412 0.037544 0.039254 0.040593 0.041272 0.040162 0.04211 0.04554 0.047142 0.053121 0.059201 0.063157 0.06595 0.069237 0.069622 0.069713 0.067283 0.067391 0.065567 0.060764 0.058591 0.053309 0.050884 0.048455 0.041943 0.041678 0.044757 0.041451 0.040379 0.043184 0.039576 0.041233 0.043737 0.045232 0.045401 0.048007 0.048504 0.045453 0.046415 0.049504 0.047229 0.049156 0.054223 0.057161 0.060794 0.057576 0.058569 0.061971 0.062364 0.060976 0.056576 0.050252 0.045171 0.03936 0.0425 0.042102 0.03275 0.033365 0.033607 0.035976 0.040783 0.04488 0.050862 0.054952 0.058933 0.063767 0.064262 0.06518 0.061414 0.062622 0.055243 0.04862 0.04661 0.042028 0.034049 0.030868 0.030801 0.027079 0.01875 0.021106 0.022469 0.021549 0.024308 0.02639 0.029559 0.032171 0.036267 0.044383 0.055486 0.06351 0.074959 0.081901 0.091825 0.10614 0.11272 0.11726 0.11528 0.11301 0.10407 0.09953 0.091168 0.079808 0.070608 0.060714 0.053149 0.042478 0.039436 0.036968 0.027127 0.024035 0.017914 0.018217 0.019075 0.010122 0.0085131 0.012128 0.011943 0.011746 0.014258 0.020453 0.034078 0.041925 0.053371 0.070928 0.085975 0.095521 0.097401 0.097076 0.10034 0.096609 0.08968 0.083041 0.073247 0.067121 0.061413 0.055352 0.052375 0.047952 0.039754 0.033825 0.034133 0.037594 0.038758 0.031644 0.020814 0.018482 0.014036 0.015317 0.016895 0.019377 0.013829 0.014781 0.010655 0.010725 0.011218 0.013991 0.011084 0.015979 0.01481 0.016886 0.013775 0.013601 0.014899 0.016715 0.014276 0.015562 0.020704 0.018272 0.015797 0.016224 0.01575 0.017773 0.015671 0.02186 0.020543 0.019504 0.017785 0.021587 0.024323 0.025712 0.025258 0.02681 0.026538 0.024964 0.024692 0.020431 0.019464 0.021249 0.020883 0.020496 0.017646 0.015391 0.014611 0.014025 0.02021 0.016913 0.014549 0.015747 0.020368 0.023568 0.023858 0.020972 0.018028 0.02189 0.022131 0.025435 0.020339 0.018239 0.025885 0.024526 0.022375 0.018979 0.020632 0.027476 0.024464 0.029122 0.029799 0.02962 0.026398 0.02776 0.031999 0.030282 0.028222 0.027486 0.031618 0.034288 0.040504 0.044607 0.046495 0.045755 0.048655 0.057198 0.055876 0.055368 0.058201 0.061942 0.058942 0.054647 0.048802 0.045413 0.045946 0.045746 0.045923 0.045398 0.045612 0.042007 0.040503 0.036282 0.035458 0.037781 0.034114 0.032179 0.025243 0.025934 0.031752 0.034749 0.032117 0.035643 0.03762 0.040179 0.044119 0.046569 0.051326 0.049743 0.053832 0.056191 0.053733 0.057639 0.063025 0.065606 0.062693 0.058181 0.054401 0.059329 0.062081 0.065398 0.066909 0.071969 0.080388 0.097235 0.1033 0.10519 0.10941 0.10177 0.099604 0.087877 0.079478 0.075866 0.067298 0.059998 0.056989 0.052603 0.04715 0.044565 0.041019 0.045883 0.045313 0.043613 0.042451 0.040801 0.040164 0.044108 0.03172 0.027147 0.029535 0.028708 0.032624 0.031679 0.031691 0.031865 0.028425 0.028925 0.022592 0.024209 0.019763 0.019743 0.024352 0.02487 0.024804 0.021223 0.023733 0.0232 0.022896 0.021208 0.020758 0.022566 0.029761 0.025854 0.023792 0.026017 0.024654 0.026126 0.025913 0.028939 0.029835 0.0247 0.027295 0.028576 0.030464 0.025367 0.029595 0.026977 0.026829 0.026663 0.025693 0.02916 0.027845 0.023619 0.020869 0.020822 0.024137 0.025802 0.021114 0.023694 0.025888 0.024884 0.022108 0.021364 0.025238 0.025302 0.020197 0.026692 0.030644 0.030388 0.028656 0.035478 0.034829 0.03485 0.036364 0.030985 0.028261 0.030042 0.036482 0.035669 0.032059 0.031435 0.033302 0.034637 0.031719 0.021519 0.028864 0.031384 0.03595 0.044283 0.042935 0.048703 0.049767 0.050454 0.054223 0.054683 0.054295 0.057019 0.05122 0.051664 0.046372 0.044426 0.045917 0.044733 0.045021 0.046753 0.041992 0.040002 0.043022 0.039906 0.038856 0.032193 0.034274 0.039748 0.032605 0.031528 0.029901 0.023284 0.025128 0.024051 0.028413 0.024528 0.01889 0.014347 0.010249 0.011123 0.014748 0.015801 0.015656 0.01028 0.0062265 0.0091133 0.0093269 0.0094198 0.0076393 0.0094126 0.011153 0.0094835 0.010133 0.0084652 0.0082572 0.010752 0.017723 0.014094 0.014486 0.011487 0.014627 0.017529 0.016619 0.022454 0.022064 0.023981 0.023638 0.02361 0.02981 0.031772 0.030777 0.030749 0.035875 0.038193 0.038838 0.036668 0.032972 0.03755 0.032441 0.027056 0.02966 0.028436 0.029412 0.024677 0.025621 0.024519 0.022433 0.020934 0.023172 0.021292 0.018815 0.015278 0.016656 0.023101 0.020179 0.014588 0.0162 0.014879 0.009125 0.0089071 0.0093278 0.006513 0.013287 0.01171 0.0128 0.008019 0.0085588 0.012568 0.011703 0.0052263 0.0074248 0.0077714 0.0012615 -0.0010525 0.0032012 0.0028807 0.0070668 0.0067891 0.0053136 0.0064501 0.0066602 0.003705 0.0043608 0.0021432 0.0033029 0.005663 0.010201 0.0089512 0.0090615 0.0012956 0.0037179 0.0025041 0.0048953 0.0027501 -0.001447 0.0035283 0.0058285 0.0031632 0.0077011 0.011499 0.010279 0.0066751 0.0053454 0.0046249 0.0084438 0.0097683 0.010581 0.012154 0.0049989 0.001317 0.0084986 0.0081721 0.0030746 -0.00040854 0.0026539 0.0034633 0.0044044 0.0030137 0.00037881 0.0049074 0.0035482 0.0034793 0.0024906 0.0022482 0.0030792 0.0032388 0.006258 0.0026484 0.0027218 0.00080569 0.0091393 0.0086094 0.0067437 0.0056324 0.0018508 0.0024945 0.00074562 0.00059656 0.0003635 -0.00044938 0.00011665 0.0043997 0.0044032 0.0038584 0.0062172 0.0062839 0.0039621 -0.00085538 0.0056389 0.0032835 0.00026643 -0.0020479 0.00036299 0.0040737 0.0035585 0.0019722 0.0016746 0.0022762 0.0016 0.0014044 0.0020148 0.002041 0.00080259 -0.0023337 0.0019536 0.0046192 0.0007864 0.00048785 0.003975
-0.011856 -0.009995 -0.0065831 -0.0029531 0.0021539 -0.0020555 -0.0051709 -0.0024083 0.0006204 -0.0014799 -0.0041857 -0.0040734 -0.0039413 -0.0052863 -0.0015002 0.00051728 0.0021155 0.002687 0.0035626 0.00046635 0.0038737 0.0091176 0.014751 0.012195 0.011643 0.011252 0.0085127 0.0085164 0.013843 0.014728 0.01237 0.01195 0.011342 0.01299 0.018477 0.018974 0.01898 0.022121 0.018428 0.015175 0.013728 0.010988 0.014374 0.01533 0.014761 0.010878 0.0077733 0.0081327 0.009302 0.012334 0.013417 0.014713 0.010514 0.011068 0.0077305 0.014187 0.018432 0.017394 0.022786 0.023506 0.024401 0.022659 0.022475 0.025585 0.028298 0.029795 0.030485 0.033363 0.03469 0.027316 0.031808 0.031708 0.030643 0.023729 0.028234 0.028447 0.020898 0.022013 0.027868 0.024437 0.028085 0.032088 0.035332 0.042625 0.045048 0.050616 0.059447 0.063214 0.072501 0.074753 0.078261 0.079533 0.075182 0.072426 0.0707 0.070059 0.068199 0.060548 0.0589 0.052058 0.051544 0.050307 0.047056 0.041469 0.040172 0.041992 0.042338 0.045044 0.046541 0.046372 0.050958 0.054619 0.060034 0.065535 0.069576 0.071546 0.073692 0.073669 0.073483 0.070083 0.068011 0.064911 0.058193 0.056337 0.051629 0.048636 0.046902 0.043755 0.0432 0.04726 0.044589 0.043804 0.045708 0.043118 0.046112 0.048579 0.046831 0.047552 0.048554 0.049521 0.047931 0.047179 0.049757 0.047687 0.049522 0.058044 0.060699 0.063882 0.061567 0.060009 0.062963 0.063056 0.061056 0.057476 0.050348 0.044937 0.03732 0.03951 0.039172 0.031979 0.03389 0.034405 0.036246 0.042619 0.049157 0.055345 0.059441 0.062548 0.067016 0.063253 0.064366 0.058219 0.058416 0.049182 0.044263 0.0411 0.038555 0.032821 0.029374 0.028654 0.025487 0.018735 0.020523 0.020398 0.021869 0.025695 0.028871 0.032973 0.03691 0.042527 0.051706 0.060045 0.068642 0.081467 0.087665 0.097137 0.11115 0.11798 0.12034 0.11721 0.11231 0.10213 0.094801 0.085651 0.077693 0.067117 0.057234 0.048927 0.039063 0.035648 0.032985 0.024078 0.019573 0.016296 0.016177 0.017486 0.0083449 0.007332 0.011797 0.011752 0.011689 0.016448 0.024798 0.040829 0.04809 0.062912 0.078879 0.089713 0.098616 0.096517 0.092325 0.092209 0.08553 0.079776 0.074655 0.065559 0.061187 0.056834 0.051298 0.048691 0.044508 0.035111 0.030383 0.031484 0.03522 0.035112 0.027554 0.019104 0.017947 0.013287 0.014403 0.014129 0.018695 0.013681 0.01384 0.010459 0.0090221 0.008813 0.012751 0.009024 0.013935 0.014996 0.016883 0.014799 0.013442 0.015629 0.016981 0.013676 0.013532 0.016233 0.015696 0.014486 0.014035 0.013899 0.016874 0.014727 0.020603 0.017689 0.017113 0.017009 0.020765 0.022523 0.021437 0.024273 0.026134 0.025076 0.023524 0.02468 0.01932 0.017823 0.018523 0.019559 0.018278 0.017005 0.015493 0.013469 0.014203 0.019967 0.016108 0.015884 0.017205 0.020462 0.022306 0.021787 0.019344 0.016239 0.020344 0.023055 0.024743 0.018883 0.016671 0.023911 0.02239 0.020906 0.018992 0.019554 0.025931 0.022817 0.026353 0.027957 0.02732 0.02479 0.027283 0.030737 0.030636 0.030228 0.030515 0.033977 0.034722 0.041846 0.046433 0.046553 0.044509 0.047539 0.054547 0.051483 0.050901 0.054475 0.056212 0.053079 0.050855 0.046429 0.043466 0.041432 0.04346 0.044507 0.042833 0.042135 0.039528 0.037568 0.034737 0.033501 0.035483 0.031925 0.029411 0.024089 0.025034 0.030201 0.036275 0.034435 0.036518 0.038545 0.040929 0.045279 0.048907 0.052661 0.051716 0.054681 0.055953 0.053674 0.056889 0.062485 0.064655 0.062335 0.057257 0.054501 0.060206 0.061875 0.06388 0.067139 0.073017 0.081777 0.096912 0.10004 0.098134 0.099968 0.09392 0.089674 0.078621 0.070163 0.065762 0.05857 0.051855 0.048876 0.045588 0.041184 0.039951 0.038155 0.041118 0.041181 0.039246 0.037995 0.035267 0.035442 0.039546 0.027903 0.023168 0.025198 0.026097 0.028909 0.029517 0.03058 0.030122 0.026791 0.025333 0.02104 0.021708 0.017869 0.018021 0.021669 0.022565 0.024798 0.021735 0.022835 0.021573 0.019851 0.019378 0.019141 0.021665 0.025752 0.02306 0.022259 0.022882 0.021458 0.02297 0.024439 0.025904 0.029214 0.02379 0.024189 0.025001 0.026738 0.022904 0.02712 0.023545 0.024665 0.025005 0.024615 0.026814 0.02557 0.023482 0.019892 0.019488 0.024647 0.027028 0.023837 0.027555 0.027828 0.027218 0.026143 0.024973 0.031828 0.03324 0.028769 0.034374 0.038349 0.039371 0.038774 0.046692 0.045255 0.045482 0.044814 0.038162 0.034643 0.035748 0.040038 0.039139 0.036585 0.03546 0.036567 0.036973 0.036728 0.028386 0.034762 0.038164 0.042364 0.048778 0.048334 0.054532 0.053698 0.055993 0.059553 0.058912 0.057967 0.060518 0.054199 0.051992 0.047381 0.043608 0.042502 0.041019 0.042395 0.044154 0.039034 0.036501 0.037464 0.036353 0.03467 0.02796 0.029834 0.034697 0.029134 0.027991 0.025695 0.021236 0.021264 0.020325 0.025654 0.023619 0.019125 0.013704 0.011523 0.011903 0.013101 0.01454 0.016801 0.011233 0.0084225 0.0098324 0.0093358 0.0097872 0.0064642 0.0087899 0.010319 0.0099717 0.010919 0.0082729 0.0092297 0.011063 0.018583 0.014889 0.014795 0.014321 0.017238 0.019393 0.021179 0.026505 0.026424 0.026292 0.026803 0.025703 0.031822 0.033423 0.030985 0.029845 0.033105 0.036184 0.037986 0.036061 0.031209 0.037023 0.033173 0.028084 0.028763 0.026499 0.027875 0.020814 0.021761 0.021079 0.01957 0.02081 0.022041 0.016559 0.015068 0.012797 0.015267 0.021776 0.017749 0.013056 0.014151 0.011783 0.0075777 0.0090834 0.0089509 0.0061349 0.011494 0.011007 0.011829 0.0088315 0.0083294 0.0091791 0.010345 0.0052153 0.0054406 0.0066731 -0.00026965 -0.00077654 0.0029904 0.00083449 0.0068306 0.0074552 0.0043611 0.0050971 0.0066009 0.0041162 0.0040712 0.0012709 -0.00013661 0.0031052 0.0072102 0.0070987 0.0081278 0.0016092 0.0035312 0.0012695 0.0043718 0.0034421 -0.00050681 0.0029538 0.0033461 0.00081508 0.0068351 0.0094151 0.0096728 0.0047559 0.0035354 0.00088248 0.0034358 0.0043881 0.0063414 0.0086797 0.0022107 0.00064151 0.006293 0.006265 0.0033075 -0.00028162 0.00076573 0.00095688 0.00012502 -8.3041e-05 -0.00063148 0.00498 0.0032562 0.0034533 0.0023348 0.0038992 0.0029423 0.0013858 0.0061728 0.0038148 0.003169 0.0010449 0.0085616 0.0085801 0.0052774 0.003199 0.00072515 0.0016383 -0.00048031 -0.00022684 -0.00031633 -0.00041758 -0.0024675 0.0015278 0.0021437 0.0018277 0.0023042 0.0025251 0.0028364 0.0018229 0.0062255 0.0036721 -0.000141 -0.0016798 0.0016227 0.0029181 0.0019963 0.0022243 0.0028844 0.0036146 0.00051164 -0.00032603 -0.00036133 0.0001645 0.00092215 -0.0018577 0.0011268 0.0050696 0.0010557 -0.00099135 0.0022844
-0.011215 -0.013024 -0.0099592 -0.0094934 -0.0052613 -0.0016375 -0.0065219 -0.0092745 -0.0050468 -0.0017875 -0.0029169 -0.0048967 -0.0041241 -0.0048937 -0.0052586 -0.0018382 0.0020273 0.0049216 0.0052373 0.0057937 0.002137 0.0045041 0.010152 0.016385 0.014808 0.014915 0.015666 0.013147 0.011577 0.018593 0.018297 0.017785 0.017293 0.016067 0.016134 0.021408 0.023196 0.024248 0.025663 0.020748 0.018392 0.015652 0.013813 0.016986 0.018396 0.018611 0.014161 0.011143 0.011419 0.012653 0.015875 0.016321 0.017259 0.013738 0.013331 0.009587 0.018911 0.021252 0.018962 0.026632 0.029005 0.029903 0.027498 0.027007 0.02997 0.032607 0.034049 0.037141 0.039882 0.04146 0.033865 0.036926 0.035683 0.034478 0.028556 0.031194 0.03004 0.025588 0.024884 0.031837 0.030493 0.032542 0.035275 0.039417 0.047552 0.051344 0.058799 0.067361 0.06898 0.077013 0.07766 0.079971 0.079868 0.075769 0.070409 0.069081 0.069973 0.068151 0.060329 0.058751 0.051636 0.053404 0.052648 0.049614 0.045289 0.043396 0.045757 0.045637 0.048728 0.053096 0.051809 0.057335 0.061747 0.067314 0.072478 0.075491 0.07585 0.077047 0.077107 0.076727 0.071912 0.067383 0.062525 0.053399 0.053636 0.050505 0.047944 0.046435 0.046488 0.045432 0.049746 0.047298 0.046463 0.047618 0.04597 0.049699 0.052372 0.048809 0.050176 0.048158 0.049177 0.049676 0.049119 0.051068 0.049878 0.051911 0.061483 0.063595 0.066591 0.065346 0.061315 0.063451 0.062671 0.059624 0.058008 0.050412 0.043894 0.035873 0.036893 0.036043 0.03131 0.034274 0.034847 0.036557 0.045773 0.054215 0.059998 0.0641 0.066364 0.069334 0.062141 0.062873 0.055374 0.054523 0.044512 0.041016 0.036202 0.035071 0.031335 0.027089 0.024993 0.023051 0.01784 0.01946 0.019378 0.022419 0.027403 0.032108 0.037018 0.042328 0.049496 0.059573 0.065085 0.072988 0.086417 0.093123 0.10215 0.11409 0.12073 0.12027 0.11559 0.10935 0.098053 0.0881 0.077862 0.073782 0.062645 0.052986 0.044322 0.036138 0.032122 0.028164 0.021324 0.016598 0.015478 0.015172 0.017771 0.0089162 0.0075181 0.011325 0.011628 0.010793 0.017727 0.027831 0.045999 0.053588 0.071475 0.085349 0.091024 0.10011 0.094995 0.087211 0.082356 0.073384 0.068913 0.064891 0.0573 0.054738 0.050703 0.045301 0.042995 0.040128 0.032186 0.029815 0.029094 0.032727 0.03012 0.023588 0.018618 0.01842 0.014149 0.014073 0.012536 0.018331 0.013602 0.012646 0.010078 0.0076046 0.0066883 0.010973 0.0066231 0.011826 0.015243 0.01659 0.015974 0.013178 0.015717 0.016815 0.013413 0.011414 0.011729 0.013838 0.013685 0.01335 0.013659 0.016666 0.014508 0.019022 0.014621 0.015384 0.01644 0.020047 0.020769 0.017498 0.022587 0.024888 0.02277 0.022155 0.025122 0.019765 0.018439 0.016834 0.019157 0.016694 0.016583 0.015231 0.012929 0.013338 0.018936 0.015334 0.016309 0.01796 0.020297 0.020983 0.01945 0.01782 0.015213 0.019547 0.023825 0.024218 0.017438 0.015915 0.022335 0.020364 0.019941 0.019679 0.02004 0.02398 0.022391 0.02436 0.026414 0.025903 0.023605 0.026033 0.028567 0.030369 0.03141 0.032866 0.035221 0.035331 0.043317 0.047692 0.046259 0.0437 0.046668 0.050966 0.046259 0.046181 0.05128 0.050845 0.046787 0.047014 0.042964 0.040962 0.037304 0.041515 0.041703 0.039142 0.038578 0.036777 0.034875 0.032525 0.030568 0.032176 0.029768 0.026628 0.023165 0.025162 0.02864 0.035451 0.035302 0.03648 0.039048 0.040992 0.045259 0.048786 0.051889 0.052292 0.054454 0.055095 0.05382 0.05575 0.060809 0.06178 0.060573 0.055555 0.053357 0.05943 0.060348 0.061847 0.067113 0.073646 0.082039 0.094705 0.096108 0.090017 0.088774 0.084403 0.07921 0.069919 0.062431 0.055978 0.050173 0.04478 0.041748 0.039721 0.036501 0.036347 0.035714 0.036115 0.03679 0.034901 0.03285 0.030503 0.030529 0.03409 0.02479 0.020457 0.021581 0.024144 0.025618 0.026845 0.028341 0.027032 0.024656 0.022026 0.019525 0.019296 0.017255 0.017689 0.019552 0.0209 0.024764 0.022204 0.021805 0.021052 0.01851 0.018565 0.018118 0.021702 0.022296 0.021468 0.021573 0.0207 0.019271 0.020416 0.022872 0.023059 0.027748 0.022507 0.021604 0.021124 0.023927 0.021784 0.025315 0.020607 0.023574 0.02362 0.023679 0.023469 0.022551 0.023362 0.019007 0.018151 0.023824 0.026003 0.025215 0.0292 0.027935 0.027895 0.027935 0.026692 0.035168 0.037222 0.034849 0.037943 0.04167 0.04257 0.042846 0.051094 0.048535 0.049377 0.048031 0.04119 0.038019 0.039923 0.041417 0.041424 0.040131 0.03929 0.039088 0.040032 0.04317 0.036386 0.040682 0.045783 0.04893 0.053612 0.054124 0.061593 0.059616 0.063362 0.066693 0.065065 0.063031 0.065231 0.057857 0.054801 0.050759 0.046348 0.043559 0.041316 0.042759 0.043663 0.038186 0.034546 0.03367 0.032345 0.031453 0.025324 0.027107 0.031735 0.026314 0.025271 0.022554 0.020837 0.019941 0.01867 0.023232 0.022778 0.020306 0.013872 0.013014 0.012993 0.011367 0.012941 0.017967 0.012743 0.01113 0.011937 0.010664 0.011127 0.0057456 0.0081191 0.0090277 0.0095573 0.010914 0.0079024 0.0093439 0.010351 0.017384 0.01449 0.015066 0.015588 0.017909 0.020505 0.024858 0.029191 0.029528 0.027566 0.030036 0.027962 0.032786 0.03356 0.031003 0.029326 0.030307 0.034086 0.036012 0.034658 0.029571 0.035237 0.032993 0.028895 0.027949 0.024599 0.026272 0.017935 0.018019 0.017885 0.016963 0.019263 0.019022 0.012432 0.011656 0.01017 0.012632 0.018611 0.014274 0.011058 0.011598 0.0083516 0.0066176 0.0087276 0.0093294 0.0064831 0.0091833 0.0096865 0.010404 0.0086911 0.0083109 0.006784 0.0090185 0.007248 0.004977 0.0059341 -0.001712 -0.00055067 0.0034191 0.00045295 0.0068494 0.0072605 0.0028835 0.0035294 0.005309 0.0048149 0.0043027 0.0016205 -0.002227 0.0010476 0.0040024 0.0052841 0.0059678 0.0015973 0.0030047 0.00017948 0.0040315 0.0039425 0.00034566 0.0027703 0.0015338 -0.00049109 0.0057635 0.0059073 0.0070092 0.0029965 0.00094682 -0.00098847 -0.00043675 -0.00034011 0.0025593 0.0053035 0.00041311 3.5819e-05 0.0041917 0.0053755 0.0034948 0.00031625 -0.0011606 -0.0013807 -0.0031399 -0.0021699 -0.0012526 0.0048242 0.0034618 0.0034859 0.0017274 0.0048134 0.0024369 0.0001989 0.0061265 0.0059272 0.003534 0.0011113 0.0080984 0.0086122 0.0041198 0.00061991 -0.00043686 0.0023625 -0.0011312 0.00055334 0.0011319 0.00048703 -0.0034757 -0.00031119 0.00087413 0.0012556 -0.00044086 -0.00019469 0.0013876 0.0027688 0.0046671 0.0031709 -0.00029921 -0.0016826 0.0018924 0.0012008 -0.00057248 0.0017407 0.0034645 0.0040574 -0.0017781 -0.0021747 -0.00206 -0.00082091 0.0012705 -0.00049714 0.00092644 0.00492 0.0013197 -0.0026661
-0.0096966 -0.012158 -0.0084258 -0.010522 -0.0060648 -0.0048865 -0.0098319 -0.012799 -0.0073462 -0.004442 -0.0035134 -0.0040845 -0.0031605 -0.0042312 -0.0036707 -0.00078415 0.0058542 0.0086869 0.0073323 0.0084669 0.0047298 0.0070327 0.012416 0.0178 0.016645 0.017398 0.019406 0.017307 0.01544 0.023539 0.021186 0.022914 0.022955 0.02114 0.019732 0.024259 0.027271 0.029162 0.029294 0.024795 0.023692 0.018937 0.017688 0.021974 0.022474 0.02294 0.018798 0.016026 0.015862 0.017867 0.020634 0.020153 0.020375 0.018231 0.016579 0.013647 0.024212 0.023869 0.020571 0.030188 0.03365 0.03477 0.032349 0.032122 0.035797 0.037218 0.037243 0.041782 0.044638 0.046191 0.040281 0.042325 0.039894 0.038889 0.034666 0.035575 0.032172 0.031366 0.029594 0.036399 0.036539 0.03642 0.038255 0.043243 0.051968 0.05905 0.067051 0.075032 0.07558 0.082494 0.08093 0.080477 0.079158 0.075717 0.068787 0.068673 0.070851 0.068365 0.060504 0.058376 0.051708 0.055463 0.054311 0.051865 0.049116 0.046998 0.050082 0.050711 0.05256 0.059143 0.057771 0.063985 0.067982 0.07438 0.079339 0.080263 0.078812 0.079677 0.079603 0.079728 0.073727 0.067157 0.060207 0.048505 0.051107 0.050185 0.049564 0.047904 0.049824 0.048208 0.052196 0.04952 0.048566 0.049616 0.048773 0.05231 0.05537 0.051213 0.053557 0.047713 0.048273 0.050681 0.052402 0.053478 0.054205 0.056281 0.064753 0.066481 0.069371 0.068755 0.062527 0.063493 0.061617 0.05739 0.057577 0.050437 0.042467 0.035354 0.035476 0.034114 0.031573 0.034945 0.035386 0.037269 0.049092 0.05838 0.064353 0.068062 0.069565 0.070369 0.060915 0.06079 0.052917 0.051183 0.041681 0.03914 0.033035 0.032959 0.030272 0.024606 0.020967 0.020801 0.016584 0.018645 0.019889 0.02367 0.030079 0.035865 0.041258 0.048347 0.056775 0.067311 0.070079 0.076203 0.08981 0.097091 0.10618 0.11477 0.12093 0.1172 0.11117 0.10458 0.092121 0.080832 0.069734 0.069083 0.057793 0.048674 0.040039 0.033904 0.029881 0.023701 0.01932 0.01528 0.015108 0.014658 0.018847 0.01142 0.0091364 0.010739 0.011671 0.0098679 0.018651 0.030118 0.049863 0.05893 0.07845 0.088993 0.089609 0.099048 0.091867 0.081726 0.072092 0.062164 0.058455 0.055141 0.049257 0.048471 0.044113 0.038296 0.036255 0.034864 0.030668 0.030798 0.026783 0.030166 0.024645 0.020066 0.018581 0.018859 0.016097 0.014422 0.012202 0.018412 0.013508 0.011425 0.0093651 0.006658 0.0054167 0.0093916 0.0042919 0.0099786 0.015556 0.016441 0.016916 0.013452 0.016005 0.016802 0.014055 0.010116 0.0086947 0.013013 0.013376 0.014296 0.015047 0.017144 0.015062 0.01775 0.012502 0.015206 0.016772 0.019541 0.02004 0.015594 0.021132 0.023645 0.020297 0.020915 0.025537 0.020704 0.020696 0.016218 0.019543 0.015857 0.016184 0.014333 0.013083 0.012442 0.017519 0.014525 0.01597 0.018337 0.02012 0.019885 0.01737 0.016716 0.014755 0.019367 0.02425 0.024223 0.016884 0.016413 0.021355 0.019097 0.019902 0.020807 0.022291 0.022934 0.023884 0.024203 0.025606 0.026154 0.023281 0.024056 0.025931 0.029565 0.031611 0.034607 0.035905 0.036458 0.045052 0.04903 0.046221 0.044123 0.04623 0.047841 0.041981 0.042377 0.049027 0.047142 0.041381 0.043836 0.039752 0.038738 0.034596 0.039898 0.03828 0.035082 0.035469 0.03412 0.033001 0.030068 0.027068 0.028236 0.028228 0.024779 0.022883 0.026382 0.027662 0.032584 0.034721 0.035367 0.039212 0.040713 0.044585 0.046759 0.049571 0.051743 0.053334 0.053386 0.053815 0.054722 0.058529 0.057591 0.058007 0.053501 0.051707 0.057021 0.057797 0.059736 0.066335 0.073489 0.080621 0.090517 0.091357 0.081728 0.077643 0.074078 0.069338 0.062225 0.056427 0.047428 0.042812 0.039643 0.036568 0.03583 0.033045 0.033284 0.032887 0.031054 0.032242 0.030558 0.027829 0.027392 0.026062 0.028142 0.021823 0.018602 0.018796 0.022898 0.023458 0.024081 0.025211 0.023233 0.02222 0.019414 0.018523 0.017514 0.017615 0.018487 0.018433 0.019515 0.024539 0.022367 0.021589 0.021932 0.018905 0.018559 0.017462 0.021796 0.019949 0.021538 0.021819 0.019962 0.019241 0.01935 0.021518 0.020822 0.025479 0.021122 0.020332 0.018126 0.022586 0.021564 0.024568 0.018782 0.023662 0.02268 0.022575 0.019891 0.019234 0.023838 0.018454 0.017164 0.022202 0.023229 0.025044 0.02826 0.026606 0.027556 0.026802 0.025842 0.034341 0.036673 0.03708 0.037215 0.040526 0.04032 0.041357 0.048803 0.045475 0.046982 0.046219 0.039949 0.038181 0.0419 0.040862 0.041841 0.041651 0.041785 0.040302 0.04284 0.048747 0.043663 0.045619 0.052479 0.054416 0.057665 0.058729 0.067428 0.064717 0.069629 0.072328 0.069839 0.066404 0.068375 0.059234 0.057391 0.05355 0.049495 0.046787 0.043788 0.044406 0.043769 0.038386 0.033587 0.031378 0.02799 0.029409 0.023851 0.025503 0.030576 0.023339 0.022552 0.01999 0.020779 0.02014 0.018424 0.020676 0.021194 0.021178 0.013736 0.014199 0.013654 0.0094845 0.010878 0.018002 0.013007 0.012546 0.0143 0.012261 0.011641 0.004629 0.0071305 0.0073322 0.0078925 0.0096651 0.0069654 0.0084675 0.0091397 0.014815 0.013667 0.015408 0.015674 0.017533 0.020562 0.027123 0.030376 0.030926 0.027585 0.031612 0.029278 0.031942 0.032212 0.030869 0.028899 0.027554 0.031648 0.03287 0.031739 0.027885 0.03217 0.031178 0.028432 0.026252 0.022364 0.024443 0.015604 0.01379 0.014672 0.014012 0.015668 0.014292 0.0093385 0.0085622 0.0068578 0.0087544 0.014313 0.0098009 0.0083664 0.0084768 0.0045758 0.0054472 0.0067247 0.00907 0.0064032 0.0064747 0.0074506 0.0079177 0.0068657 0.0078088 0.0048907 0.0073231 0.0097721 0.0058114 0.0049035 -0.0029441 -0.00031708 0.0042416 0.0012934 0.0065416 0.005914 0.0012277 0.0019905 0.0027727 0.0053799 0.0047062 0.0024964 -0.0027061 -0.00044945 0.00086906 0.0033927 0.0024951 0.00088376 0.0017869 -0.00036786 0.0040024 0.0041542 -0.00012141 0.0025369 0.00076088 -0.000681 0.0041823 0.0015249 0.0028998 0.0010283 -0.0017262 -0.0010774 -0.0026451 -0.0033736 -8.8649e-05 0.00316 -4.7799e-06 -0.0004573 0.0025311 0.0051304 0.0030717 0.00085746 -0.0032681 -0.0034809 -0.0053879 -0.0029662 -0.0014222 0.0039449 0.003372 0.003156 0.00055254 0.0039806 0.0012108 -0.0001754 0.0057795 0.0080114 0.0031398 0.00093722 0.0077767 0.0085977 0.0032138 -0.00086391 -0.00082154 0.0044756 -0.0011162 0.0024393 0.0035829 0.0010466 -0.0033092 -0.0010171 0.00067274 0.0012251 -0.0022465 -0.0017021 -7.0141e-05 0.0020283 0.0011244 0.0016196 -0.0010589 -0.0022887 0.00094806 -0.00079853 -0.0036544 0.00052809 0.0030171 0.0036586 -0.0042307 -0.0035112 -0.0028767 -0.00069958 0.001582 0.0013558 0.00090093 0.0036852 0.00073765 -0.0045793
-0.0074816 -0.009703 -0.0055097 -0.009282 -0.0056105 -0.0070226 -0.011853 -0.015388 -0.0080628 -0.0062732 -0.0027797 -0.0019943 -0.0013099 -0.0012057 -0.00013643 0.001746 0.011781 0.013727 0.008983 0.010498 0.0069206 0.011197 0.016024 0.019486 0.018263 0.019381 0.021746 0.020318 0.020057 0.028002 0.023432 0.027139 0.028325 0.02651 0.023931 0.02763 0.031735 0.033446 0.032887 0.030435 0.030915 0.02379 0.022911 0.029311 0.027259 0.026758 0.024424 0.021919 0.020766 0.024362 0.026292 0.025145 0.024433 0.023726 0.021009 0.019644 0.029255 0.027182 0.023351 0.033575 0.037041 0.038931 0.037177 0.037501 0.042747 0.042068 0.040556 0.044973 0.047782 0.049082 0.04644 0.047958 0.044446 0.043668 0.04102 0.041121 0.035866 0.038099 0.036574 0.042167 0.041934 0.039874 0.041743 0.047607 0.056382 0.068518 0.07535 0.081984 0.082704 0.089371 0.085447 0.08078 0.078612 0.075909 0.069041 0.070628 0.073138 0.06893 0.061418 0.058012 0.052362 0.057656 0.05541 0.053745 0.052527 0.05098 0.054741 0.057435 0.057328 0.064414 0.063509 0.070072 0.073182 0.080506 0.085102 0.083226 0.0801 0.081771 0.080795 0.082627 0.076263 0.068861 0.059456 0.045365 0.049377 0.050292 0.052848 0.051193 0.053014 0.051114 0.054731 0.05132 0.050605 0.052096 0.052081 0.054224 0.057687 0.05367 0.057358 0.047987 0.047815 0.050847 0.056456 0.056548 0.06008 0.061593 0.06787 0.070155 0.072704 0.071782 0.063399 0.062888 0.060131 0.054849 0.055677 0.050167 0.04134 0.035928 0.035417 0.033987 0.033468 0.035973 0.036272 0.038834 0.051349 0.059989 0.068218 0.071081 0.071759 0.070282 0.059769 0.058461 0.050688 0.048137 0.04013 0.038146 0.031991 0.032813 0.029903 0.022948 0.017947 0.020009 0.015806 0.019144 0.02218 0.025798 0.033964 0.039696 0.045212 0.054494 0.063938 0.074563 0.074792 0.0787 0.092238 0.098714 0.10827 0.11337 0.11914 0.11165 0.10494 0.098471 0.084989 0.074276 0.06293 0.064608 0.052887 0.044764 0.036303 0.032108 0.029227 0.020296 0.018284 0.01519 0.014346 0.01363 0.018932 0.014378 0.01137 0.010041 0.011715 0.0096073 0.019564 0.032656 0.05332 0.064857 0.083936 0.089531 0.086046 0.095192 0.086689 0.075955 0.06327 0.053583 0.049375 0.046499 0.041974 0.042675 0.037987 0.031826 0.030271 0.029375 0.030071 0.031797 0.024707 0.027971 0.019856 0.017067 0.01832 0.018488 0.018312 0.015178 0.012619 0.018992 0.013664 0.010612 0.0083545 0.0062993 0.0051069 0.0086467 0.0024098 0.008487 0.0157 0.016401 0.016722 0.014329 0.01716 0.01746 0.015959 0.010035 0.0079494 0.013156 0.013518 0.016402 0.017464 0.017865 0.016122 0.016892 0.011822 0.016884 0.018444 0.019324 0.02097 0.016608 0.020579 0.02282 0.018372 0.019989 0.02543 0.021058 0.023106 0.016055 0.020086 0.015399 0.015627 0.012838 0.013688 0.012445 0.016299 0.013477 0.015084 0.018763 0.020181 0.019107 0.015792 0.016365 0.014573 0.019219 0.024033 0.025 0.017958 0.018259 0.020963 0.018958 0.020839 0.022002 0.025704 0.023781 0.027344 0.026279 0.025703 0.027984 0.023859 0.021473 0.023153 0.028317 0.031099 0.03555 0.036454 0.038153 0.046953 0.050954 0.046758 0.045708 0.045843 0.046015 0.039597 0.039998 0.047576 0.045622 0.037812 0.04189 0.03796 0.037527 0.033793 0.038298 0.035351 0.031908 0.033366 0.031833 0.031805 0.027676 0.023364 0.023768 0.027358 0.024306 0.023395 0.027888 0.027356 0.027981 0.032633 0.032807 0.038732 0.040033 0.0436 0.043238 0.046366 0.050662 0.052025 0.050591 0.053046 0.053733 0.055665 0.05229 0.054895 0.05152 0.050189 0.053261 0.054436 0.057547 0.064284 0.072659 0.077382 0.084717 0.085533 0.073957 0.067886 0.064052 0.060945 0.05561 0.051761 0.040798 0.036807 0.03668 0.033255 0.033789 0.030277 0.030044 0.029077 0.026167 0.027762 0.026041 0.02377 0.026265 0.022374 0.022229 0.018545 0.016793 0.016721 0.022063 0.022211 0.021313 0.021545 0.019223 0.019667 0.017454 0.018188 0.016441 0.018323 0.019713 0.018465 0.017959 0.024143 0.022123 0.022887 0.023786 0.020352 0.019022 0.016978 0.021274 0.019127 0.023337 0.022683 0.020681 0.021877 0.020405 0.020753 0.019593 0.023286 0.02062 0.021123 0.016817 0.022565 0.021732 0.025071 0.018325 0.024602 0.022013 0.021104 0.017178 0.016222 0.024718 0.017992 0.016525 0.020544 0.019496 0.023403 0.025021 0.024264 0.026867 0.022819 0.022395 0.029827 0.032277 0.03474 0.032542 0.035159 0.033589 0.035565 0.041129 0.037596 0.039579 0.040416 0.034975 0.035469 0.041277 0.038901 0.039981 0.040412 0.041982 0.04033 0.044796 0.051361 0.048756 0.049231 0.056962 0.058118 0.06018 0.060471 0.069644 0.066371 0.072391 0.073891 0.070519 0.065753 0.067821 0.056461 0.057047 0.052994 0.049856 0.049068 0.045734 0.045086 0.042558 0.038185 0.032761 0.030103 0.023447 0.028422 0.022883 0.024039 0.030097 0.019477 0.018765 0.017458 0.019946 0.020315 0.018089 0.017485 0.017849 0.020382 0.012083 0.01444 0.013317 0.0075729 0.0086275 0.016414 0.010871 0.011576 0.015645 0.01327 0.010367 0.0031078 0.0060359 0.00545 0.0049561 0.0069291 0.0054388 0.0071311 0.0084587 0.011847 0.013073 0.015593 0.015323 0.017214 0.019386 0.028007 0.030286 0.030591 0.026223 0.030295 0.028982 0.029341 0.029861 0.030698 0.02801 0.024713 0.028108 0.028415 0.027057 0.026179 0.028055 0.027552 0.026327 0.02322 0.019716 0.022357 0.013589 0.0089887 0.011175 0.010116 0.010221 0.008861 0.0074542 0.0055022 0.0024745 0.0041316 0.0097378 0.0048032 0.0049625 0.0052105 0.00075967 0.0037 0.0029138 0.0073868 0.0049556 0.0033308 0.0043698 0.0042105 0.003189 0.0060319 0.0029928 0.0048893 0.011148 0.0072364 0.0032686 -0.0038659 4.7126e-05 0.004971 0.002355 0.0052054 0.0035964 0.00016094 0.00088528 -3.1774e-05 0.0058799 0.0048981 0.0030764 -0.0019724 -0.0016248 -0.0018549 0.0014043 -0.0016404 -0.00064341 -0.00012335 -0.00019141 0.0046213 0.0043026 -0.0021864 0.0019377 0.0005015 -0.000142 0.0022236 -0.0028324 -0.0012964 -0.0013111 -0.0036004 -0.00036305 -0.0036089 -0.0043826 -0.0017066 0.0024363 0.0006938 -0.00080771 0.0012431 0.0047842 0.0016479 0.00099124 -0.0055745 -0.0052511 -0.0071734 -0.0026328 -0.0014063 0.0022723 0.002384 0.0023915 -0.0007448 0.0011987 -0.00090193 0.00020838 0.0051028 0.009497 0.0022837 0.001025 0.0075496 0.0084702 0.0024466 -0.00058433 -1.9071e-05 0.0075152 -0.00049898 0.0046777 0.0054042 0.00016088 -0.0027599 -0.00091852 0.0014018 0.00047207 -0.0038345 -0.0023939 -0.001425 0.00016817 -0.0034037 -0.00068635 -0.0027674 -0.0030911 -0.00098453 -0.002587 -0.006384 -0.0012442 0.0014935 0.002666 -0.005814 -0.0037951 -0.0030755 4.1834e-05 0.0015956 0.0030035 0.00037859 0.0011727 -0.0014545 -0.0066617
-0.0051047 -0.0064838 -0.001141 -0.0055092 -0.0041277 -0.0073498 -0.012796 -0.017147 -0.0064417 -0.0059965 -5.3962e-05 0.0013907 0.0015765 0.0047099 0.0056788 0.0054936 0.019409 0.020629 0.010509 0.011217 0.0078516 0.016688 0.020909 0.021965 0.020434 0.021192 0.022415 0.022038 0.025401 0.031968 0.025092 0.029931 0.032961 0.032565 0.028632 0.031984 0.037055 0.037478 0.036695 0.03722 0.039673 0.029969 0.029345 0.037954 0.032052 0.028879 0.030346 0.027955 0.025299 0.031336 0.032481 0.031221 0.029675 0.029784 0.026508 0.026519 0.033473 0.032231 0.028483 0.037292 0.038954 0.041914 0.041865 0.042706 0.049998 0.04707 0.045544 0.048309 0.050118 0.050956 0.052394 0.054094 0.049551 0.048717 0.04654 0.046761 0.041602 0.045869 0.045712 0.049463 0.04649 0.043266 0.046672 0.053273 0.061128 0.07952 0.083671 0.08777 0.089751 0.0976 0.091765 0.081745 0.079594 0.077369 0.072266 0.075601 0.076624 0.069406 0.062998 0.057749 0.053348 0.059702 0.0562 0.055498 0.055728 0.055562 0.059902 0.065574 0.06434 0.069297 0.068501 0.075118 0.077738 0.085115 0.089038 0.083949 0.078844 0.083147 0.080195 0.085196 0.079615 0.073366 0.060861 0.044593 0.048794 0.049991 0.055833 0.055253 0.054891 0.053453 0.057528 0.05273 0.053178 0.05504 0.056055 0.055255 0.059064 0.055789 0.060968 0.049447 0.048959 0.050196 0.06028 0.059461 0.066076 0.066258 0.070541 0.075172 0.077129 0.074896 0.0634 0.061022 0.058044 0.052037 0.051954 0.049098 0.041275 0.037425 0.036038 0.03514 0.037517 0.036836 0.037555 0.041733 0.051624 0.05785 0.071937 0.073536 0.072885 0.069335 0.058936 0.056317 0.048729 0.045182 0.038776 0.037002 0.03239 0.033733 0.029503 0.023131 0.016731 0.021597 0.016292 0.021976 0.026348 0.028551 0.038734 0.043145 0.048745 0.059987 0.070799 0.081489 0.079532 0.081423 0.094492 0.097685 0.10711 0.10991 0.11591 0.10404 0.097529 0.090943 0.077126 0.069005 0.058102 0.060931 0.047718 0.041051 0.03261 0.030102 0.029698 0.017969 0.018256 0.015587 0.012143 0.011046 0.016193 0.015923 0.013048 0.0093308 0.01136 0.010344 0.02039 0.036224 0.057587 0.071888 0.088309 0.087555 0.081248 0.088677 0.079653 0.07002 0.057579 0.048389 0.041938 0.039232 0.035418 0.037036 0.032766 0.027583 0.02706 0.024845 0.030252 0.0319 0.023655 0.027088 0.016917 0.014468 0.017624 0.017156 0.020141 0.015939 0.013165 0.020181 0.014732 0.01068 0.0071055 0.0064948 0.0052358 0.0088841 0.0011349 0.0072449 0.015051 0.015741 0.014188 0.015136 0.019257 0.01909 0.019029 0.010743 0.0090085 0.013805 0.01427 0.018896 0.019911 0.018074 0.017082 0.015691 0.011989 0.020108 0.021533 0.019332 0.023359 0.020186 0.021222 0.022716 0.017636 0.019869 0.024744 0.020391 0.023998 0.01541 0.019797 0.014684 0.014713 0.011177 0.014281 0.013848 0.015886 0.011929 0.013676 0.019512 0.020704 0.018541 0.01473 0.01727 0.0146 0.018424 0.023036 0.026758 0.021181 0.021198 0.020767 0.019907 0.022515 0.022883 0.029043 0.026705 0.032298 0.030465 0.02664 0.03045 0.024803 0.018155 0.0202 0.026813 0.030527 0.035315 0.036909 0.040221 0.048714 0.053697 0.047792 0.047759 0.044732 0.045201 0.038662 0.038526 0.046272 0.045853 0.036278 0.04147 0.038225 0.037567 0.034604 0.035822 0.033882 0.03075 0.032573 0.029828 0.030273 0.025481 0.019682 0.018392 0.026675 0.025166 0.024559 0.028377 0.027292 0.021857 0.029012 0.028268 0.036959 0.038625 0.042393 0.038242 0.042894 0.049776 0.05145 0.046538 0.050743 0.052021 0.051721 0.045689 0.051194 0.049948 0.048918 0.048452 0.050272 0.054846 0.06058 0.071557 0.072452 0.078097 0.078418 0.066886 0.059709 0.055249 0.05447 0.049868 0.047612 0.036413 0.032221 0.035554 0.030808 0.032617 0.027676 0.026009 0.02424 0.02177 0.023552 0.021135 0.021257 0.026569 0.019322 0.016784 0.014853 0.014105 0.015251 0.020972 0.020673 0.018095 0.01746 0.014954 0.017033 0.015628 0.018182 0.015622 0.01885 0.020541 0.019337 0.015767 0.0237 0.021478 0.025753 0.025282 0.021641 0.019623 0.016701 0.019878 0.019911 0.026514 0.023551 0.022387 0.026851 0.023751 0.020927 0.019788 0.022765 0.022669 0.024681 0.017344 0.022752 0.02185 0.026948 0.019178 0.025836 0.021312 0.019364 0.016459 0.014379 0.025333 0.017187 0.016071 0.019829 0.015663 0.020758 0.020127 0.021185 0.026188 0.016748 0.017309 0.023458 0.025586 0.027847 0.024445 0.025723 0.023294 0.026552 0.029781 0.026232 0.028341 0.031812 0.026896 0.030397 0.038214 0.03611 0.035895 0.035995 0.039188 0.039938 0.04598 0.049717 0.050865 0.051525 0.0584 0.059794 0.060687 0.057783 0.066038 0.062483 0.069928 0.069877 0.06535 0.060051 0.062654 0.049177 0.051969 0.047347 0.045356 0.047867 0.044778 0.043195 0.038737 0.03639 0.031415 0.029424 0.018803 0.02799 0.021852 0.02161 0.028651 0.01424 0.012932 0.014647 0.018104 0.019172 0.016203 0.013577 0.011856 0.016889 0.0080632 0.012909 0.011515 0.0058924 0.0066224 0.013267 0.0061537 0.0081118 0.014737 0.013121 0.0073758 0.0019556 0.0053237 0.0034547 0.00082865 0.0024812 0.0035443 0.0060997 0.0091497 0.0090934 0.012788 0.015202 0.015183 0.017537 0.016877 0.027887 0.029211 0.028726 0.023405 0.025683 0.02701 0.025749 0.027172 0.030535 0.026041 0.021552 0.022299 0.022263 0.020992 0.024845 0.023231 0.022559 0.023084 0.019172 0.017005 0.020217 0.012026 0.0040707 0.0071752 0.0048322 0.0037864 0.0040252 0.0065935 0.0021569 -0.0028716 -0.00034779 0.0055987 -7.1711e-05 0.00073011 0.0025539 -0.0026796 0.0015536 -0.0019395 0.0042897 0.001669 -0.00081306 0.00080613 -0.00056326 -0.0021202 0.0021777 0.00087327 0.0015209 0.010218 0.0082131 0.0011412 -0.0044453 0.00034865 0.0048039 0.002236 0.0021066 0.00082395 0.00064724 0.00093171 -0.0012523 0.0070165 0.0046776 0.0028174 -0.00095403 -0.0027203 -0.0040898 -0.00078888 -0.0054183 -0.0028513 -0.0024332 0.00054929 0.0063723 0.0049984 -0.0049853 0.00085742 -0.00032261 0.00058555 0.00054129 -0.0060956 -0.0040366 -0.0037725 -0.0040272 -0.00048558 -0.0045762 -0.0039511 -0.002992 0.0023098 0.001651 -0.0010949 -0.00025165 0.0034025 -0.00098612 0.00053011 -0.0080822 -0.0066961 -0.0092876 -0.0014981 -0.0017932 0.0002712 0.00043981 0.0016557 -0.0013727 -0.0028373 -0.0038913 0.0012904 0.0044414 0.010452 0.0023583 0.0024765 0.0072826 0.0083114 0.0018409 0.0014857 0.0018802 0.011004 0.0005457 0.0066111 0.005035 -0.0029178 -0.0027225 -0.00072861 0.0026949 -0.0019929 -0.0060792 -0.0031237 -0.0031021 -0.0021582 -0.0076662 -0.0031703 -0.0051057 -0.0033135 -0.0033771 -0.0036427 -0.0077855 -0.0033125 -0.00073448 0.0012695 -0.0059597 -0.0028044 -0.0033379 0.00040109 0.0013302 0.0038267 -0.0012149 -0.0024286 -0.0057642 -0.0085811
-0.002685 -0.003402 0.004921 0.001252 -0.0014856 -0.0048108 -0.012733 -0.018417 -0.0023556 -0.0021095 0.0055822 0.0065058 0.0060203 0.014052 0.014103 0.010065 0.028604 0.030309 0.012326 0.010995 0.0077732 0.023777 0.026871 0.025596 0.024137 0.023176 0.021687 0.022622 0.031531 0.036082 0.025785 0.03065 0.036316 0.039847 0.033053 0.037529 0.043425 0.042257 0.041503 0.044649 0.049712 0.037125 0.036104 0.046068 0.035944 0.02811 0.035602 0.033106 0.028802 0.037838 0.038735 0.037727 0.036258 0.035874 0.032889 0.032463 0.036509 0.039876 0.037161 0.042188 0.039184 0.042362 0.046199 0.047184 0.056288 0.052277 0.053973 0.053941 0.052678 0.052744 0.058124 0.06117 0.055532 0.054544 0.050542 0.050647 0.049093 0.054997 0.056235 0.057912 0.050395 0.047153 0.054195 0.060919 0.065938 0.091007 0.091726 0.091929 0.095696 0.10643 0.099691 0.083803 0.0834 0.081241 0.079142 0.084064 0.08062 0.068871 0.064552 0.057381 0.054115 0.061369 0.057193 0.057702 0.059837 0.061106 0.066195 0.075065 0.075377 0.074889 0.072601 0.079322 0.08267 0.087799 0.091296 0.082353 0.073156 0.082864 0.076711 0.086393 0.082908 0.080526 0.063591 0.044845 0.049257 0.048155 0.055238 0.05821 0.053776 0.054055 0.060473 0.053385 0.056632 0.057847 0.06003 0.054142 0.058648 0.057707 0.063831 0.052166 0.053159 0.049308 0.062815 0.06096 0.069957 0.068366 0.07198 0.081429 0.083168 0.079246 0.061527 0.056576 0.054565 0.04846 0.046031 0.046353 0.043015 0.039158 0.035745 0.035914 0.044399 0.036268 0.039275 0.046402 0.049112 0.051054 0.076338 0.076084 0.072678 0.067114 0.058313 0.054478 0.047585 0.042716 0.036703 0.034402 0.032247 0.032782 0.026816 0.025989 0.017085 0.025744 0.018398 0.027831 0.032511 0.031125 0.043377 0.045711 0.052397 0.063668 0.077651 0.088772 0.085237 0.085435 0.096968 0.093877 0.10075 0.10348 0.11123 0.094136 0.08854 0.080807 0.068127 0.064649 0.054501 0.058027 0.041531 0.036452 0.027693 0.02693 0.030212 0.016061 0.019041 0.015627 0.0073027 0.0058235 0.0088883 0.014387 0.01305 0.0089205 0.010027 0.012034 0.020738 0.040727 0.06394 0.079807 0.09139 0.083784 0.075649 0.079205 0.071345 0.064009 0.056206 0.046126 0.035867 0.032746 0.029048 0.030731 0.028427 0.027179 0.028461 0.022904 0.03187 0.031369 0.02541 0.029248 0.017057 0.012243 0.016956 0.015299 0.021281 0.016338 0.013601 0.022465 0.017962 0.012141 0.0054674 0.0069501 0.0044457 0.0094883 0.00040387 0.0062002 0.012434 0.013 0.0079487 0.01452 0.021594 0.021797 0.022524 0.010914 0.0097852 0.014194 0.016189 0.020788 0.020953 0.016654 0.016933 0.012321 0.01098 0.023968 0.025929 0.019323 0.025824 0.024569 0.023038 0.023704 0.018803 0.021615 0.024379 0.019624 0.021979 0.013428 0.017399 0.013069 0.013089 0.010157 0.014133 0.016453 0.016787 0.0094919 0.011219 0.020596 0.02193 0.017889 0.014189 0.020403 0.015292 0.016622 0.021566 0.029845 0.027019 0.02458 0.019751 0.021606 0.024507 0.022967 0.0304 0.0307 0.037965 0.036567 0.028389 0.031727 0.02472 0.013157 0.01658 0.025429 0.030735 0.033397 0.03675 0.042204 0.049676 0.057065 0.048754 0.049386 0.04192 0.04359 0.037017 0.036234 0.044264 0.046698 0.036101 0.0427 0.040644 0.038362 0.0359 0.030444 0.034407 0.032175 0.032971 0.027399 0.026594 0.023683 0.016225 0.011251 0.025377 0.027241 0.026173 0.026489 0.026792 0.014637 0.023931 0.020865 0.032767 0.03605 0.040689 0.031169 0.039664 0.049606 0.052272 0.04123 0.04609 0.048059 0.045842 0.037411 0.04675 0.049 0.047162 0.042637 0.045137 0.050828 0.055114 0.070588 0.066055 0.071987 0.0699 0.060121 0.051985 0.048163 0.050247 0.045079 0.043077 0.03443 0.029305 0.035784 0.027819 0.030823 0.025281 0.020839 0.019058 0.018387 0.01965 0.015669 0.020531 0.026544 0.016256 0.011994 0.011129 0.009616 0.014359 0.018305 0.016458 0.013059 0.012301 0.0095605 0.014108 0.012942 0.017494 0.014251 0.019234 0.020348 0.02013 0.012364 0.023223 0.02013 0.029041 0.023741 0.020909 0.019959 0.017033 0.017661 0.021773 0.030325 0.023674 0.024352 0.033151 0.028978 0.022333 0.021867 0.025994 0.029461 0.03167 0.019064 0.020702 0.02148 0.030442 0.021173 0.026942 0.020635 0.018036 0.018836 0.015009 0.025077 0.015901 0.015675 0.021419 0.012833 0.01802 0.014009 0.017364 0.025381 0.0097695 0.012752 0.018134 0.018494 0.016881 0.012978 0.011774 0.0094945 0.01402 0.01592 0.011874 0.013651 0.021031 0.015858 0.023333 0.0335 0.03282 0.030182 0.027955 0.032868 0.04054 0.047302 0.043523 0.049877 0.052266 0.05593 0.05935 0.058449 0.049009 0.053976 0.050943 0.060391 0.059157 0.052844 0.04923 0.052897 0.038208 0.041239 0.035728 0.035329 0.042114 0.039605 0.038646 0.03235 0.032354 0.029425 0.029072 0.014015 0.027152 0.020362 0.01692 0.02423 0.0074177 0.0042588 0.01168 0.016394 0.016236 0.012076 0.0097148 0.0025337 0.0098987 0.0011078 0.0082023 0.00744 0.0047269 0.0051788 0.0085753 -0.0005951 0.0027723 0.010189 0.011116 0.0033708 0.0024553 0.0053745 0.00089153 -0.0045378 -0.0042212 0.0015409 0.0058433 0.011175 0.0061438 0.011711 0.013658 0.015164 0.017884 0.012828 0.027161 0.027309 0.025406 0.018901 0.01798 0.023614 0.022428 0.024731 0.030326 0.022417 0.017863 0.01278 0.013825 0.014472 0.024732 0.018007 0.017392 0.020248 0.015433 0.015285 0.018611 0.011642 5.407e-05 0.0025146 -0.0021073 -0.0022257 0.00091036 0.0062574 -0.0015052 -0.0082348 -0.00344 0.0023661 -0.0043255 -0.0052049 0.0012346 -0.005439 -0.00034448 -0.0064451 0.00037933 -0.0036802 -0.0075343 -0.0029326 -0.0063695 -0.0087085 -0.0045424 -0.0012222 -0.0026596 0.0064391 0.007435 -0.00097221 -0.0046781 -0.00036871 0.0024761 -0.0010255 -0.0036474 -0.0017256 0.0037669 0.0036236 0.0018717 0.010209 0.0040878 0.0016977 -0.0010487 -0.0037375 -0.0064387 -0.0036218 -0.0079077 -0.0055995 -0.0047978 0.0012116 0.0097373 0.0072259 -0.0065491 -0.0009126 -0.0030253 0.0010644 0.00031623 -0.0067949 -0.0038405 -0.005511 -0.0028623 -0.0036759 -0.0074614 -0.0035549 -0.0048827 0.0011231 0.0015442 -0.001717 -0.003168 -0.00027482 -0.005026 -0.00078031 -0.010936 -0.0082017 -0.012528 0.00011004 -0.00361 -0.00098268 -0.0016909 0.0021039 -0.00040614 -0.0066051 -0.0076704 0.0032098 0.0045263 0.011506 0.0058576 0.0069865 0.006746 0.0085358 0.0016721 0.0049832 0.0045311 0.014606 0.0018141 0.0081151 0.0012364 -0.0087558 -0.0041091 -0.0016187 0.0040208 -0.0062257 -0.0095707 -0.0049439 -0.0061972 -0.0046938 -0.010762 -0.0051679 -0.0071746 -0.0022631 -0.0054344 -0.0033583 -0.0068531 -0.0052541 -0.0028487 -0.00066846 -0.0048873 -0.00074713 -0.0046004 -0.00097417 0.0014681 0.0038083 -0.0040091 -0.0065387 -0.012373 -0.0095177
-0.00015077 -0.0016002 0.012775 0.012041 0.0031811 0.002644 -0.010798 -0.019384 0.0035035 0.0071405 0.015346 0.014004 0.012931 0.027757 0.025476 0.015192 0.039992 0.044054 0.014611 0.012324 0.0090069 0.034175 0.033439 0.030267 0.030605 0.025765 0.020525 0.022012 0.038436 0.0414 0.023894 0.028058 0.036648 0.048254 0.034264 0.04364 0.049982 0.049115 0.048491 0.051984 0.060962 0.045141 0.040833 0.051273 0.038001 0.023619 0.038741 0.036043 0.031141 0.042385 0.043792 0.042387 0.043923 0.040691 0.039785 0.034115 0.037623 0.050124 0.050573 0.049321 0.037191 0.037002 0.049743 0.050061 0.059424 0.05794 0.067794 0.063783 0.056014 0.054868 0.062873 0.069229 0.062824 0.063 0.053083 0.049561 0.056544 0.065566 0.065695 0.065448 0.053718 0.052156 0.065426 0.07083 0.069173 0.10007 0.098097 0.093511 0.0981 0.11332 0.10714 0.086456 0.090686 0.088802 0.089812 0.09684 0.083915 0.065833 0.064313 0.055954 0.053528 0.062801 0.059597 0.061277 0.067484 0.067781 0.074709 0.086028 0.092299 0.082835 0.075852 0.083641 0.089871 0.087902 0.093786 0.078699 0.058899 0.078092 0.067215 0.083015 0.083356 0.08819 0.064074 0.041332 0.049959 0.043222 0.045382 0.057014 0.04718 0.050679 0.062201 0.051861 0.060289 0.058633 0.061433 0.047373 0.054586 0.060917 0.065439 0.055397 0.062351 0.050262 0.06312 0.058649 0.067686 0.065136 0.070219 0.087217 0.090834 0.086957 0.055708 0.046917 0.047886 0.043079 0.03711 0.040284 0.04723 0.039402 0.031553 0.033352 0.05579 0.031966 0.041688 0.052896 0.042236 0.038401 0.082488 0.079087 0.06949 0.061069 0.056629 0.051841 0.048511 0.042295 0.034038 0.028917 0.02739 0.023738 0.017132 0.032442 0.017299 0.03115 0.021148 0.036454 0.040827 0.031681 0.045685 0.046466 0.057752 0.063573 0.085634 0.097477 0.093575 0.091413 0.098704 0.086453 0.085967 0.091134 0.10378 0.080674 0.075404 0.064606 0.055425 0.059548 0.04911 0.055142 0.033192 0.028632 0.019437 0.021228 0.02899 0.013045 0.019588 0.014125 -0.001884 -0.0039473 -0.0051821 0.0086307 0.010235 0.009476 0.0069904 0.01424 0.020402 0.044093 0.073518 0.086487 0.090859 0.077873 0.06817 0.064735 0.062336 0.057933 0.059524 0.044792 0.030813 0.025701 0.022159 0.022705 0.02467 0.031851 0.035723 0.025562 0.036853 0.032342 0.03334 0.03766 0.022242 0.011233 0.017689 0.013654 0.021715 0.016074 0.014552 0.027234 0.025735 0.01561 0.0025329 0.0065122 -0.00047992 0.0084981 0.00012711 0.0058758 0.0058202 0.0059075 -0.0034402 0.010372 0.022524 0.025543 0.024452 0.008129 0.0058921 0.013185 0.020268 0.020123 0.01787 0.011638 0.014017 0.0035535 0.0043805 0.026561 0.031578 0.018823 0.024881 0.025726 0.025561 0.026508 0.02324 0.027264 0.02727 0.022443 0.015982 0.0096158 0.011182 0.010149 0.0098879 0.010987 0.011797 0.018723 0.019288 0.0053592 0.0059887 0.021877 0.024177 0.016634 0.014603 0.027746 0.018056 0.014366 0.020906 0.034964 0.036325 0.02686 0.015637 0.023574 0.026078 0.021109 0.026215 0.032343 0.042933 0.044795 0.03154 0.028377 0.020439 0.0034165 0.011148 0.024828 0.032439 0.029368 0.034639 0.042968 0.048158 0.059883 0.047969 0.049795 0.036181 0.036911 0.029649 0.029617 0.041173 0.046608 0.035369 0.045637 0.044762 0.03825 0.035261 0.017857 0.036985 0.035794 0.033811 0.022709 0.018165 0.023322 0.01371 0.0013576 0.022717 0.031095 0.028636 0.02143 0.025402 0.0080608 0.017729 0.0088061 0.023942 0.031858 0.037505 0.020505 0.037017 0.049699 0.053971 0.035313 0.038524 0.039364 0.037057 0.027166 0.041514 0.048549 0.042866 0.03546 0.039168 0.044342 0.048422 0.069954 0.058399 0.068801 0.059933 0.052708 0.041941 0.042692 0.049563 0.042978 0.037871 0.035339 0.029382 0.037392 0.023422 0.026867 0.024345 0.014676 0.015192 0.016977 0.015565 0.0096084 0.021415 0.022191 0.011968 0.0076807 0.0083487 0.0022903 0.013537 0.010826 0.0047341 0.0028334 0.0036763 0.001104 0.010384 0.0075834 0.013952 0.011466 0.020655 0.018906 0.018762 0.0067534 0.022261 0.016378 0.028952 0.013611 0.014576 0.018933 0.018806 0.014556 0.022585 0.033344 0.022392 0.026046 0.039221 0.034543 0.025219 0.026169 0.035057 0.043177 0.042132 0.019907 0.01132 0.019565 0.036012 0.024209 0.028261 0.021455 0.019089 0.02553 0.020055 0.024201 0.015161 0.015208 0.027498 0.013374 0.016787 0.0062181 0.012497 0.023693 0.0035301 0.012995 0.018313 0.013406 0.0029234 -0.0030185 -0.0080426 -0.0092287 -0.0051875 -0.00042466 -0.0057685 -0.0047531 0.0077302 0.001433 0.014821 0.028889 0.028935 0.0245 0.015331 0.022694 0.044635 0.050755 0.034045 0.046645 0.050092 0.047739 0.056363 0.051034 0.031807 0.029025 0.028156 0.039984 0.039444 0.030135 0.033395 0.038765 0.025157 0.024059 0.017217 0.020233 0.032788 0.030388 0.033863 0.025477 0.025886 0.027304 0.028682 0.0089643 0.024167 0.018066 0.007908 0.014192 -0.00075731 -0.0078467 0.0095899 0.018308 0.012585 0.0065212 0.0082227 -0.010583 -0.0017371 -0.0096627 -0.0025418 -0.00084753 0.0042125 0.0041619 0.0012291 -0.0084799 -0.0034798 -0.00013181 0.0052955 -0.0010525 0.0062134 0.005767 -0.0037772 -0.011301 -0.014354 -0.00034607 0.0059801 0.012661 0.00042701 0.0062149 0.010037 0.013082 0.015311 0.0066091 0.026209 0.024906 0.020373 0.011972 0.0074711 0.018849 0.021291 0.022843 0.030035 0.016586 0.013603 -0.0019933 0.0026325 0.0087389 0.027071 0.012437 0.014671 0.021259 0.015057 0.01717 0.018992 0.014249 -0.0010139 -0.002967 -0.010827 -0.005451 0.00021408 0.0056298 -0.0047679 -0.011032 -0.0032903 0.00029083 -0.0079435 -0.015919 0.0011056 -0.0076092 -0.00092447 -0.0089318 -0.0035491 -0.011788 -0.020283 -0.0073465 -0.0141 -0.016069 -0.014629 -0.0024682 -0.0069011 -0.00016379 0.0031085 -0.002113 -0.0044381 -0.0047868 -0.0041121 -0.010878 -0.013491 -0.0032995 0.010832 0.012227 0.013758 0.01791 0.0032622 0.00036447 -0.0046879 -0.004474 -0.011268 -0.0083739 -0.0087891 -0.0093127 -0.0073452 8.1351e-05 0.014685 0.012287 -0.0035449 -0.0046386 -0.0091659 0.0010378 0.0034788 -0.0021358 0.00089028 -0.0047039 -0.0007322 -0.01333 -0.015031 -0.005856 -0.0083329 -0.0037158 -0.0016587 -0.0040569 -0.0097816 -0.0086877 -0.010923 -0.0037227 -0.014521 -0.011263 -0.017806 0.001458 -0.0089877 0.00053954 -0.0017823 0.0061449 0.0032324 -0.0073248 -0.011957 0.0065463 0.0067415 0.013736 0.016909 0.016954 0.0056222 0.010372 0.0024065 0.0094563 0.0079579 0.018124 0.003071 0.01037 -0.0069541 -0.018185 -0.008009 -0.0057831 0.0047783 -0.010096 -0.013928 -0.0088726 -0.012468 -0.0081063 -0.012771 -0.0059403 -0.0073643 4.3415e-05 -0.005664 -0.00062 -0.0025136 -0.0060664 -0.0033907 -0.0039442 -0.0042386 0.0015889 -0.007764 -0.0058889 0.0040645 0.0044867 -0.007053 -0.0099676 -0.020779 -0.0076447
-0.00011675 0.0018495 0.009268 0.013211 0.015623 0.012725 0.0029765 -0.00065157 0.0057188 0.0069501 0.0096756 0.0037729 -0.00037979 0.0032169 0.0061552 0.01015 0.00081058 -0.0026114 0.0033121 0.0088461 0.01376 0.015071 0.0098928 0.0012639 -3.1909e-05 0.0035735 0.004682 0.0067199 0.0094807 0.0023235 -0.0020036 0.0012977 0.0019916 0.0053511 0.0097408 0.012064 0.021371 0.023981 0.027504 0.022601 0.018638 0.012857 0.01534 0.015372 0.012738 0.012035 0.0057988 0.0050379 0.0073 0.0028799 0.0022295 -0.00048758 0.0023554 -0.0016989 0.00053495 0.006232 0.0022688 0.0036876 0.01245 0.0081473 0.0021004 0.0039573 0.010279 0.01724 0.016833 0.0082329 0.0069155 0.011431 0.01074 0.008073 0.01927 0.021464 0.01981 0.017672 0.023336 0.016977 0.015025 0.015207 0.017616 0.013468 0.014198 0.020667 0.021952 0.028061 0.033349 0.036733 0.04369 0.057278 0.065421 0.069322 0.064817 0.066312 0.067676 0.070183 0.067243 0.060954 0.061997 0.061184 0.055051 0.049918 0.041896 0.039693 0.042673 0.036225 0.035231 0.03753 0.03882 0.035052 0.031893 0.041431 0.042 0.041018 0.046236 0.055354 0.055471 0.052005 0.057016 0.058909 0.057549 0.057615 0.05869 0.054955 0.055219 0.056226 0.048924 0.051167 0.049692 0.039619 0.039169 0.037181 0.035253 0.033658 0.036133 0.030957 0.032272 0.036758 0.045914 0.039727 0.04318 0.041698 0.038148 0.04623 0.055685 0.052214 0.055845 0.048806 0.053123 0.056519 0.050153 0.056885 0.063759 0.057505 0.049069 0.053576 0.047573 0.042395 0.04632 0.045606 0.042177 0.034285 0.032751 0.034306 0.043636 0.053758 0.05045 0.049474 0.054348 0.060152 0.059034 0.063353 0.059634 0.062338 0.063064 0.062363 0.051914 0.052206 0.044304 0.032963 0.033256 0.029291 0.029409 0.020922 0.023154 0.030915 0.02116 0.024212 0.030898 0.033245 0.033567 0.036433 0.042065 0.058629 0.063716 0.068492 0.078462 0.090512 0.10177 0.10529 0.10601 0.099928 0.10457 0.096156 0.092352 0.081641 0.067462 0.063198 0.058314 0.053727 0.043762 0.038769 0.035373 0.028437 0.030208 0.019451 0.019907 0.019047 0.014926 0.01099 0.014064 0.015071 0.013753 0.012902 0.020206 0.031836 0.047702 0.058024 0.076097 0.088034 0.09552 0.10167 0.10128 0.10254 0.10183 0.093724 0.083333 0.07959 0.070129 0.058986 0.055996 0.057911 0.055145 0.052189 0.046124 0.036724 0.039552 0.041455 0.039943 0.026245 0.022072 0.017739 0.017029 0.023056 0.019624 0.016552 0.019896 0.012567 0.016476 0.015726 0.013321 0.013656 0.020231 0.016939 0.01491 0.013054 0.015111 0.011878 0.014397 0.01496 0.016716 0.026665 0.025893 0.02055 0.024868 0.025082 0.021803 0.022058 0.026798 0.024891 0.026835 0.02184 0.024423 0.029086 0.032179 0.024057 0.024873 0.025857 0.029649 0.027953 0.029585 0.028196 0.026378 0.021799 0.026291 0.022221 0.015512 0.017574 0.0098091 0.021199 0.021292 0.012056 0.017261 0.024193 0.027062 0.021149 0.021511 0.027098 0.02695 0.018423 0.025783 0.019812 0.019994 0.02885 0.028924 0.022677 0.022821 0.027888 0.026996 0.026548 0.030514 0.034268 0.03232 0.029457 0.030513 0.034615 0.028684 0.024563 0.018585 0.022665 0.033279 0.03987 0.042103 0.049794 0.049181 0.050467 0.055896 0.053448 0.058359 0.060558 0.066452 0.063341 0.059563 0.044188 0.04305 0.048131 0.050438 0.045685 0.049228 0.051139 0.044322 0.045639 0.035126 0.035228 0.038838 0.036369 0.037482 0.030982 0.029215 0.029869 0.024243 0.018888 0.029134 0.032418 0.034621 0.038348 0.036756 0.046166 0.044241 0.053517 0.058523 0.056781 0.055718 0.057146 0.056629 0.054348 0.053465 0.048858 0.052836 0.056355 0.065285 0.070045 0.079967 0.083928 0.10028 0.10993 0.11398 0.11224 0.10319 0.10236 0.093307 0.089825 0.086646 0.077272 0.070069 0.064097 0.061878 0.055953 0.05049 0.046786 0.050268 0.046467 0.047969 0.045824 0.049083 0.045104 0.045791 0.038545 0.03776 0.039637 0.037354 0.038427 0.037173 0.034033 0.034089 0.031982 0.036089 0.025951 0.03076 0.028122 0.028706 0.033847 0.036503 0.028305 0.021459 0.02708 0.03046 0.035087 0.030466 0.028011 0.029964 0.040466 0.034759 0.02764 0.033176 0.032436 0.033386 0.031346 0.039585 0.035761 0.028713 0.030026 0.027667 0.036264 0.034503 0.035243 0.031061 0.03162 0.027321 0.028827 0.031894 0.029268 0.014624 0.01524 0.018024 0.015409 0.01253 0.0063301 0.0076268 0.011028 0.010504 0.0074076 0.006699 0.0023778 -0.0050407 -0.010864 -0.0059426 -0.0042141 -0.0092214 -0.013274 -0.0089146 -0.012053 -0.008714 -0.0002298 0.0012988 0.0036661 0.0063011 0.014079 0.021215 0.018991 0.020049 0.020278 0.028292 0.025769 0.010509 0.017448 0.021335 0.022991 0.034676 0.030512 0.043138 0.052852 0.049793 0.05639 0.053405 0.052133 0.053588 0.049136 0.054682 0.049778 0.057093 0.062543 0.058553 0.053234 0.054395 0.050995 0.045899 0.055425 0.042402 0.047365 0.04312 0.049823 0.054879 0.046082 0.044865 0.044983 0.038573 0.044401 0.039213 0.038802 0.024974 0.019977 0.017376 0.010021 0.014149 0.01767 0.017487 0.017196 0.015663 0.0065505 0.011242 0.013903 0.014183 0.013087 0.010931 0.0085156 0.0085452 0.0075918 0.0085599 0.0063575 0.0098143 0.0093358 0.0037984 0.0066589 -0.00026867 0.0054998 0.014153 0.0067129 0.011172 0.0098683 0.017402 0.023001 0.023846 0.026238 0.026403 0.031684 0.034393 0.040744 0.04219 0.036016 0.036132 0.032387 0.032515 0.029562 0.025331 0.031199 0.030608 0.026732 0.030045 0.033561 0.03279 0.029205 0.015078 0.020513 0.029835 0.022544 0.024921 0.018403 0.018602 0.021105 0.018723 0.022218 0.02031 0.01813 0.017094 0.018421 0.010375 0.014158 0.010854 0.017207 0.012488 0.014027 0.028098 0.017152 0.013039 0.016074 0.013002 0.0052873 -0.0028682 0.0034435 0.0063291 0.0055561 0.0028351 0.0052584 0.010613 0.0073575 0.0039626 0.0055236 0.0064691 0.01005 0.0095401 0.015278 0.017559 0.016008 0.00057924 0.0064389 0.0080881 0.007324 0.0019617 0.0058449 0.010507 0.0086015 0.010096 0.013205 0.012768 0.005467 0.0092948 0.0068501 0.01801 0.019639 0.019843 0.01692 0.015812 0.014103 0.0046989 0.01318 0.016387 0.0014685 0.0011868 0.0065595 0.0098976 0.012404 0.0079286 0.001477 0.0069292 0.0089586 0.0047327 0.003645 0.0018397 0.0069436 0.0096495 0.0073694 0.004852 0.0077881 -0.0004417 0.0081476 0.0095934 0.012244 0.0021831 -0.00021534 0.0076134 0.0097236 0.010288 0.0064769 0.0013521 0.0083218 0.0098818 0.011375 0.014227 0.018966 0.016757 0.0054014 -0.0095678 0.00438 0.0020014 0.0047611 -0.0022135 -0.00080965 0.0066519 0.0014467 -0.00032917 -0.00091469 -0.00018792 -0.0020515 0.0047127 0.0062558 0.0050381 0.0015426 -0.0036226 0.0078974 0.0064958 0.00016662 0.0011712 0.0050988
-0.0040369 -0.0044975 0.0035169 0.0081193 0.013282 0.010741 0.0042206 0.0027016 0.0081422 0.0045008 0.0035354 -0.00034762 -0.00095141 -0.00028307 0.0032245 0.0061047 4.5272e-05 -0.00076184 0.0012334 0.0034712 0.0099375 0.01241 0.011646 0.0063049 0.0056242 0.0052945 0.0058148 0.0085767 0.0093177 0.00601 0.0010806 0.0030335 0.0018968 0.0079209 0.017041 0.020567 0.024337 0.028516 0.030751 0.02504 0.022045 0.015819 0.018946 0.019035 0.015358 0.01268 0.0060384 0.0039812 0.0051721 0.0040989 0.0039229 0.0037711 0.0039337 0.0016708 0.0026043 0.00672 0.0074581 0.011102 0.016772 0.013144 0.011278 0.011042 0.013319 0.019572 0.022223 0.017919 0.015359 0.019282 0.019618 0.014722 0.022733 0.024743 0.023545 0.018412 0.025421 0.021913 0.016383 0.017858 0.021919 0.015963 0.020993 0.028164 0.030594 0.036958 0.040435 0.043982 0.051409 0.06311 0.072304 0.074409 0.072887 0.073887 0.072177 0.072254 0.068904 0.064954 0.064913 0.06078 0.055328 0.051338 0.046432 0.044046 0.044353 0.036507 0.036065 0.038023 0.040749 0.039781 0.038169 0.044685 0.047256 0.047398 0.053122 0.060894 0.062613 0.060597 0.064329 0.063366 0.062292 0.062285 0.06297 0.060351 0.059359 0.055401 0.049357 0.051402 0.051072 0.040231 0.040559 0.041864 0.040093 0.039106 0.042732 0.038358 0.03932 0.042498 0.048141 0.044854 0.04675 0.047636 0.043055 0.047432 0.055468 0.052695 0.055206 0.053128 0.05786 0.063177 0.058059 0.060915 0.065436 0.061955 0.05527 0.054361 0.049335 0.045214 0.045075 0.046485 0.045046 0.037179 0.037909 0.03846 0.045457 0.05177 0.0522 0.054551 0.056162 0.059553 0.060583 0.061701 0.059311 0.058923 0.060713 0.057358 0.048139 0.049317 0.044807 0.033308 0.032413 0.02931 0.028266 0.021455 0.024457 0.029432 0.024519 0.027259 0.031575 0.034601 0.037094 0.039783 0.045299 0.060349 0.066953 0.076081 0.082849 0.0942 0.10542 0.10951 0.11054 0.10543 0.1062 0.094762 0.091248 0.082097 0.068934 0.063114 0.057972 0.053373 0.043388 0.040871 0.038401 0.029945 0.028838 0.019581 0.019928 0.018244 0.012721 0.010282 0.014146 0.016462 0.017244 0.019423 0.02683 0.041209 0.053851 0.063658 0.079222 0.091731 0.096162 0.097416 0.094657 0.097413 0.096181 0.087945 0.078409 0.073284 0.06736 0.060856 0.055801 0.056056 0.052074 0.045899 0.037107 0.033785 0.038161 0.041246 0.036874 0.02247 0.019235 0.014944 0.017491 0.021226 0.019714 0.015817 0.018494 0.011865 0.013569 0.013869 0.012911 0.013462 0.019302 0.01688 0.016617 0.013476 0.015941 0.015655 0.017026 0.014031 0.017347 0.026746 0.024337 0.019657 0.022491 0.022695 0.022538 0.021454 0.0276 0.02478 0.024907 0.021277 0.023913 0.028834 0.032243 0.02815 0.028072 0.027656 0.02854 0.027927 0.024324 0.02432 0.024153 0.020791 0.025013 0.020564 0.01672 0.018106 0.014371 0.023314 0.021481 0.01498 0.019236 0.025052 0.026651 0.022143 0.020542 0.023846 0.026083 0.021315 0.027579 0.020926 0.020549 0.027617 0.027828 0.023396 0.022557 0.026223 0.029665 0.027293 0.032042 0.033674 0.032364 0.028069 0.029981 0.035138 0.031543 0.027453 0.024164 0.028272 0.03423 0.041463 0.046945 0.051952 0.051232 0.051456 0.058547 0.056585 0.057796 0.058552 0.064243 0.062434 0.056773 0.047189 0.043433 0.04551 0.047768 0.046472 0.047149 0.048247 0.043237 0.044964 0.037827 0.037559 0.039652 0.038637 0.037973 0.029593 0.029037 0.030291 0.032378 0.028619 0.034714 0.037535 0.038907 0.04388 0.045452 0.052144 0.049593 0.05518 0.058925 0.056049 0.058012 0.060644 0.062699 0.060585 0.055837 0.05188 0.056796 0.059908 0.067505 0.072431 0.079219 0.084154 0.10164 0.10708 0.1096 0.11037 0.099829 0.096215 0.085754 0.080018 0.078196 0.069784 0.062343 0.058927 0.057408 0.049879 0.047238 0.04323 0.049415 0.045407 0.045589 0.04456 0.045375 0.043361 0.045182 0.03503 0.034816 0.037864 0.035931 0.038574 0.038215 0.035377 0.035846 0.032467 0.035053 0.026098 0.029214 0.023774 0.025408 0.030739 0.031875 0.027822 0.021923 0.026951 0.028547 0.031345 0.026995 0.025171 0.025863 0.035492 0.030521 0.026064 0.03036 0.029635 0.031988 0.031308 0.036935 0.034486 0.026996 0.028194 0.027783 0.032438 0.028076 0.032284 0.028943 0.028762 0.028059 0.028994 0.032601 0.030692 0.019313 0.018394 0.020233 0.021278 0.019341 0.01364 0.015042 0.019536 0.019489 0.016639 0.014779 0.013403 0.0088638 0.0029657 0.011243 0.012166 0.010197 0.0082009 0.013357 0.012282 0.013457 0.01636 0.013135 0.012505 0.015027 0.022505 0.025171 0.022076 0.021372 0.021403 0.02525 0.020774 0.008015 0.017103 0.019828 0.02202 0.031669 0.029164 0.037061 0.041443 0.039391 0.04378 0.04161 0.040846 0.044432 0.038701 0.044837 0.03959 0.041541 0.047372 0.046703 0.044515 0.0463 0.043838 0.040287 0.047322 0.040722 0.04203 0.035918 0.041122 0.046573 0.037862 0.037548 0.036958 0.031236 0.035135 0.032213 0.034489 0.024486 0.017685 0.015168 0.0092411 0.011186 0.015303 0.014818 0.014771 0.010829 0.0035194 0.0091125 0.010123 0.0085379 0.0064773 0.0087724 0.0073445 0.0075121 0.0082819 0.0075154 0.0063118 0.011338 0.015291 0.0094589 0.0096606 0.0055585 0.012938 0.01737 0.010925 0.017878 0.016478 0.022722 0.02322 0.023564 0.029311 0.030702 0.032169 0.033531 0.039108 0.040445 0.037179 0.035465 0.029986 0.032116 0.028479 0.022954 0.026869 0.026849 0.025263 0.023053 0.026222 0.027398 0.025098 0.014294 0.019957 0.025063 0.019585 0.020985 0.017758 0.021946 0.020542 0.017049 0.019723 0.017315 0.011982 0.012919 0.012598 0.0069951 0.013733 0.010394 0.01432 0.010349 0.01138 0.020085 0.014515 0.0068689 0.011144 0.0085654 0.0029682 -0.003494 0.0040507 0.0045387 0.0056575 0.0037651 0.0033339 0.0084376 0.0068949 0.0036325 0.0060097 0.0048308 0.0079116 0.0089013 0.013539 0.014677 0.014818 0.0012015 0.0051266 0.0070113 0.0056889 0.0019259 0.0016178 0.0078881 0.0088693 0.0081344 0.011856 0.01374 0.0079014 0.0069934 0.0066367 0.011941 0.015361 0.015816 0.014735 0.016946 0.011008 0.0037865 0.012448 0.012308 0.00064867 -0.00067117 0.0055499 0.0087294 0.0083158 0.0040549 9.5974e-05 0.0056481 0.0069221 0.0041418 0.0027229 0.0020275 0.0072417 0.0077138 0.0064391 0.0030387 0.0059285 -0.00010107 0.0093894 0.0093471 0.010687 0.0066285 0.0031091 0.0055029 0.0068263 0.0055576 0.0022414 -0.0015521 0.0037592 0.0059838 0.0074197 0.0085576 0.013142 0.011646 0.0048802 -0.0057603 0.0051897 0.0025914 0.0017946 -0.0032693 0.00066795 0.0061193 0.0025517 0.00036049 -0.00013683 0.0012509 0.0003508 0.0040148 0.0051954 0.0043621 0.00087132 -0.0033924 0.0053331 0.0068932 -0.00039937 0.00037835 0.0059805
-0.009033 -0.009429 -0.009441 -0.0030081 0.0022875 0.0095632 0.0063338 0.0020538 0.0033298 0.0082829 0.002288 -0.00089505 -0.0031059 -0.0023773 -0.0031138 0.00055327 0.0029378 0.00074935 0.0015953 0.00026942 -0.00083591 0.0057153 0.0099131 0.013833 0.01095 0.010835 0.0080457 0.0082345 0.010188 0.011491 0.010985 0.0059878 0.0063165 0.0047927 0.01098 0.021889 0.026182 0.027647 0.031724 0.031734 0.025919 0.023071 0.017911 0.020558 0.021156 0.017833 0.01303 0.0065385 0.0041301 0.0047119 0.0062243 0.0064104 0.0079074 0.0052499 0.0043022 0.0033577 0.0089952 0.01295 0.016427 0.020435 0.018477 0.018701 0.017235 0.017097 0.021969 0.026154 0.02566 0.023622 0.027312 0.028064 0.02085 0.02594 0.027445 0.026569 0.019156 0.026518 0.025273 0.018579 0.019251 0.025744 0.020397 0.027247 0.03413 0.037682 0.045235 0.046975 0.051397 0.05857 0.067145 0.076207 0.077594 0.078028 0.078434 0.07449 0.071604 0.067923 0.066485 0.066141 0.060864 0.056086 0.052557 0.049716 0.047578 0.046346 0.038468 0.037941 0.039977 0.042454 0.044512 0.045067 0.047835 0.051937 0.05473 0.05904 0.065144 0.068299 0.06711 0.069636 0.068031 0.066673 0.065662 0.064582 0.06208 0.059357 0.05462 0.049031 0.049468 0.0505 0.041878 0.0425 0.045539 0.04415 0.04356 0.046805 0.044144 0.045717 0.047908 0.049487 0.047863 0.048536 0.051368 0.047131 0.04828 0.05463 0.051979 0.053916 0.056896 0.061875 0.067241 0.063247 0.063213 0.066032 0.064533 0.05916 0.056033 0.050883 0.047603 0.043998 0.045331 0.044539 0.038604 0.041041 0.040227 0.045836 0.050597 0.054435 0.05857 0.05938 0.060928 0.062956 0.059757 0.058458 0.0546 0.056483 0.051167 0.044025 0.045396 0.043871 0.03329 0.031793 0.029177 0.027083 0.022381 0.025579 0.027791 0.027515 0.030067 0.032913 0.036727 0.040822 0.04463 0.050701 0.063121 0.071065 0.082832 0.087064 0.097584 0.10962 0.11341 0.113 0.10805 0.10641 0.09381 0.088328 0.079683 0.069625 0.062396 0.057067 0.05177 0.042497 0.040076 0.037831 0.029412 0.026519 0.019507 0.019076 0.01764 0.010452 0.0088515 0.01401 0.017462 0.019525 0.024722 0.033623 0.049839 0.059822 0.070836 0.083852 0.094829 0.098014 0.094924 0.089037 0.092469 0.088836 0.081768 0.073585 0.06742 0.063354 0.059626 0.054411 0.053658 0.048846 0.040049 0.030953 0.031636 0.036874 0.03966 0.033154 0.020389 0.018085 0.012872 0.017053 0.018538 0.020208 0.015912 0.017631 0.011908 0.011412 0.011688 0.01255 0.012211 0.017307 0.016201 0.017513 0.013764 0.015481 0.017948 0.018181 0.013647 0.016886 0.024271 0.022019 0.018494 0.019625 0.019612 0.021876 0.020496 0.027258 0.022737 0.021712 0.020641 0.023465 0.027387 0.029627 0.029061 0.028726 0.027299 0.02654 0.027118 0.020615 0.02021 0.02118 0.019367 0.022701 0.019234 0.017482 0.017645 0.016857 0.024655 0.020641 0.017335 0.020979 0.024747 0.025388 0.021849 0.019205 0.020908 0.024383 0.023558 0.02792 0.020437 0.019295 0.026568 0.025981 0.022576 0.021661 0.023689 0.030036 0.02642 0.030931 0.032043 0.030282 0.0261 0.029242 0.034306 0.032507 0.030009 0.02848 0.032894 0.034798 0.042171 0.048501 0.051225 0.049699 0.050427 0.057759 0.05543 0.054965 0.056035 0.060333 0.059053 0.05331 0.047215 0.042848 0.0421 0.045349 0.046637 0.045285 0.045117 0.041376 0.0429 0.038579 0.037525 0.039231 0.038337 0.036285 0.027531 0.027186 0.029639 0.037249 0.035244 0.037602 0.039682 0.040552 0.046225 0.050244 0.055219 0.053014 0.056062 0.058531 0.055038 0.057936 0.061397 0.065017 0.062582 0.056081 0.053169 0.059391 0.061591 0.067671 0.074159 0.079683 0.0849 0.10143 0.10262 0.1025 0.10404 0.095039 0.089312 0.078514 0.071298 0.069337 0.061471 0.054428 0.052198 0.050836 0.043695 0.043834 0.040558 0.047281 0.044314 0.042418 0.042123 0.040811 0.040278 0.043356 0.031587 0.030875 0.033899 0.033664 0.036276 0.037347 0.035554 0.035605 0.03154 0.033139 0.025175 0.026813 0.020302 0.0222 0.027332 0.027665 0.027354 0.022394 0.025515 0.025754 0.026753 0.023565 0.022145 0.022843 0.030293 0.026097 0.024328 0.027228 0.026091 0.029012 0.030437 0.03307 0.033327 0.025443 0.025285 0.026067 0.028517 0.023503 0.028982 0.025484 0.025863 0.02719 0.028332 0.031499 0.029434 0.020925 0.019329 0.01996 0.024293 0.023634 0.019309 0.021841 0.025354 0.025505 0.024113 0.020871 0.023343 0.021262 0.015399 0.024851 0.025129 0.025202 0.025306 0.031303 0.030847 0.031044 0.030705 0.02453 0.021146 0.023099 0.029792 0.029416 0.026614 0.025051 0.025097 0.025384 0.021672 0.011275 0.021063 0.023458 0.025617 0.032597 0.0309 0.036622 0.036969 0.035779 0.038685 0.037016 0.036022 0.040359 0.034489 0.038288 0.033911 0.032066 0.036206 0.037375 0.038095 0.040115 0.037922 0.034336 0.038717 0.037379 0.036473 0.029103 0.033029 0.038674 0.031896 0.031203 0.030079 0.025737 0.026774 0.025632 0.030215 0.02368 0.016515 0.013321 0.0095215 0.009567 0.013595 0.013951 0.015856 0.0096758 0.004403 0.0095467 0.009282 0.0074586 0.0039763 0.0085287 0.0073112 0.007843 0.0096244 0.0077756 0.0073168 0.012823 0.01921 0.013203 0.011091 0.010188 0.01783 0.019485 0.015361 0.023669 0.022215 0.026027 0.024506 0.023688 0.031912 0.033007 0.031861 0.030876 0.036127 0.037725 0.037183 0.034833 0.027513 0.0317 0.028229 0.02193 0.024176 0.024089 0.02379 0.018071 0.02117 0.023128 0.021615 0.015427 0.020278 0.020211 0.016476 0.017295 0.017256 0.023645 0.019737 0.016009 0.017934 0.014621 0.0084599 0.012062 0.010676 0.0058918 0.013042 0.010144 0.012993 0.010265 0.010048 0.013646 0.012631 0.0038821 0.0069507 0.0057442 0.00048726 -0.0030972 0.00411 0.0024548 0.0062739 0.0055083 0.0025361 0.0063615 0.0070606 0.0042789 0.0062758 0.0035192 0.0055462 0.0077073 0.011651 0.012996 0.014382 0.0019394 0.0048227 0.0054757 0.0047879 0.0025815 5.905e-05 0.0055206 0.0070459 0.0054158 0.010404 0.013579 0.010238 0.0057491 0.0058652 0.0059452 0.0098087 0.010695 0.010348 0.014107 0.0070005 0.0027657 0.0099132 0.0086067 0.0011735 -0.0014391 0.0041782 0.0069259 0.004167 0.00010093 -0.00093804 0.005609 0.0059971 0.0036011 0.0026246 0.0037258 0.0069721 0.0052432 0.0063163 0.0033515 0.0052792 0.0003357 0.010436 0.009 0.0085949 0.0075327 0.0045459 0.0042447 0.0045044 0.0023532 -0.00027362 -0.0019493 0.00029353 0.0028255 0.0046578 0.0046474 0.0077303 0.0068096 0.0049302 -0.0015924 0.0068287 0.0040803 0.00044866 -0.0029158 0.0029197 0.0059244 0.0033509 0.0016506 0.001692 0.00342 0.001345 0.0024642 0.0032284 0.0025625 0.00056865 -0.0024605 0.0038024 0.0077128 6.6258e-05 -0.0010362
-0.012459 -0.014467 -0.012398 -0.0090969 -0.0028876 0.004643 0.00066324 -0.0026583 0.0011752 0.0056496 -0.00014795 -0.0035865 -0.0045854 -0.0042551 -0.0052399 -0.0016539 0.0012688 0.0028319 0.0041181 0.0010021 -0.002524 0.0025405 0.0081429 0.015788 0.014708 0.015212 0.011952 0.01191 0.01208 0.015972 0.016473 0.012308 0.011061 0.009626 0.014094 0.024731 0.029688 0.031387 0.033999 0.031226 0.026199 0.022454 0.01867 0.021048 0.022401 0.020546 0.013513 0.0074324 0.0061093 0.0067078 0.0099478 0.009932 0.01196 0.0073785 0.0069069 0.0046036 0.013508 0.017963 0.01981 0.023671 0.023834 0.024585 0.022427 0.021614 0.025168 0.029842 0.031354 0.031079 0.034791 0.035538 0.026703 0.029765 0.030166 0.030037 0.021863 0.028131 0.027514 0.022151 0.02095 0.02919 0.026524 0.033013 0.038865 0.043297 0.052615 0.05362 0.059229 0.066064 0.070873 0.078799 0.079663 0.080734 0.080761 0.075222 0.069186 0.065721 0.066864 0.066376 0.060931 0.057112 0.053498 0.052462 0.050509 0.048373 0.041905 0.040829 0.043355 0.044888 0.048955 0.052228 0.051506 0.056656 0.062073 0.064647 0.069479 0.072819 0.071851 0.073695 0.072481 0.070767 0.067952 0.064305 0.061153 0.055654 0.053757 0.048811 0.04756 0.049661 0.04472 0.045005 0.048736 0.047691 0.047321 0.04927 0.048421 0.051018 0.052765 0.050763 0.050581 0.049466 0.053432 0.050457 0.049628 0.054408 0.051673 0.053715 0.06023 0.06464 0.069421 0.06691 0.064655 0.066283 0.065692 0.061032 0.058559 0.05281 0.049426 0.043301 0.04339 0.042248 0.038884 0.042471 0.040569 0.045328 0.050997 0.05757 0.062044 0.063534 0.063604 0.065332 0.05779 0.057221 0.050671 0.052376 0.045531 0.04077 0.041173 0.041458 0.032777 0.030627 0.027659 0.024989 0.022703 0.025643 0.026399 0.0301 0.032699 0.035378 0.03998 0.0454 0.050745 0.057712 0.06679 0.075206 0.08833 0.091676 0.10139 0.11347 0.11609 0.11315 0.1076 0.10479 0.092243 0.083559 0.074343 0.069142 0.061046 0.055243 0.049099 0.041361 0.037591 0.034696 0.027646 0.024217 0.01978 0.01826 0.018357 0.0096325 0.0083583 0.014342 0.018576 0.020998 0.02915 0.039681 0.057036 0.065034 0.078199 0.088978 0.096371 0.099974 0.094094 0.084851 0.086726 0.080171 0.075138 0.0682 0.061543 0.05844 0.05578 0.050935 0.049618 0.045142 0.035557 0.028458 0.030174 0.035584 0.036486 0.029227 0.019847 0.018438 0.012521 0.016683 0.016239 0.020854 0.016568 0.016588 0.012058 0.0096441 0.009175 0.011458 0.010016 0.014721 0.015492 0.017714 0.014417 0.014129 0.018548 0.018212 0.013703 0.015263 0.019604 0.019224 0.017436 0.017565 0.017247 0.020689 0.019287 0.025862 0.019558 0.018578 0.019532 0.022693 0.024832 0.02501 0.027755 0.02803 0.025443 0.024459 0.026615 0.019107 0.017842 0.018536 0.018674 0.020658 0.018375 0.017868 0.016846 0.017296 0.024933 0.019595 0.018645 0.021757 0.023503 0.023457 0.020896 0.018172 0.019014 0.02263 0.02531 0.027585 0.019039 0.01728 0.025723 0.023835 0.021107 0.020922 0.021846 0.028439 0.02514 0.02867 0.030108 0.028064 0.024395 0.028074 0.032355 0.032379 0.032102 0.032224 0.036361 0.035591 0.042915 0.048298 0.048694 0.046597 0.048579 0.054077 0.050988 0.050264 0.053195 0.055455 0.053827 0.049702 0.044869 0.041349 0.038494 0.043389 0.045492 0.042543 0.041751 0.038686 0.039734 0.037261 0.035388 0.037563 0.036512 0.033285 0.025262 0.025425 0.028484 0.038798 0.038946 0.038751 0.040274 0.041195 0.046868 0.05207 0.056006 0.05474 0.056104 0.057842 0.054559 0.056726 0.060496 0.064559 0.061956 0.055107 0.053106 0.060491 0.061875 0.067042 0.075648 0.080766 0.085441 0.099634 0.097617 0.093496 0.094438 0.088894 0.082006 0.071883 0.064401 0.061118 0.053937 0.047436 0.045456 0.044066 0.038449 0.040751 0.038538 0.043823 0.042427 0.038931 0.038451 0.035849 0.035891 0.039885 0.02833 0.026688 0.028928 0.030744 0.032406 0.034673 0.034232 0.033186 0.029433 0.030451 0.02345 0.023726 0.017989 0.019682 0.023819 0.024227 0.026765 0.022695 0.023525 0.023225 0.022939 0.020764 0.019414 0.021134 0.025352 0.022398 0.022977 0.024292 0.022168 0.024741 0.028588 0.028556 0.031515 0.023646 0.021696 0.02288 0.02507 0.020734 0.025876 0.02159 0.023391 0.02522 0.026877 0.028207 0.026128 0.020958 0.018792 0.018112 0.0245 0.024692 0.023287 0.027062 0.028589 0.028302 0.02878 0.024623 0.030716 0.030399 0.02542 0.033741 0.033724 0.034558 0.036525 0.043106 0.041751 0.041926 0.040866 0.033509 0.028245 0.030326 0.035261 0.033368 0.031687 0.03005 0.029568 0.027908 0.027261 0.018557 0.027301 0.030317 0.031692 0.035752 0.034642 0.040309 0.037797 0.037268 0.039674 0.038372 0.03693 0.040998 0.034908 0.036224 0.033183 0.029362 0.031104 0.032571 0.035357 0.037214 0.034593 0.029843 0.031231 0.032707 0.031349 0.023918 0.026712 0.032261 0.02784 0.026586 0.024725 0.022457 0.020856 0.021192 0.026933 0.023273 0.016931 0.012769 0.010687 0.0090661 0.012076 0.013545 0.018357 0.011219 0.007691 0.011779 0.010359 0.0091776 0.0037592 0.0088048 0.0075513 0.0083317 0.010782 0.0082513 0.0080025 0.012919 0.020225 0.015009 0.011892 0.013055 0.019591 0.020706 0.019371 0.027932 0.026805 0.027684 0.027151 0.024706 0.033679 0.03328 0.030731 0.028032 0.032743 0.034795 0.036002 0.033942 0.0252 0.030649 0.028115 0.021986 0.022771 0.022026 0.022433 0.01434 0.017317 0.019399 0.01827 0.016744 0.019674 0.015251 0.013042 0.01365 0.016012 0.023085 0.01796 0.014548 0.015753 0.011407 0.0068488 0.012608 0.011101 0.0064268 0.011395 0.0095096 0.012026 0.010582 0.0095799 0.008829 0.010637 0.0040354 0.0041311 0.0041132 -0.002075 -0.0026462 0.0038304 0.00074434 0.0069668 0.006979 0.001878 0.0041395 0.0067452 0.0053164 0.0063202 0.0029107 0.0031604 0.0060993 0.0091556 0.011355 0.013217 0.002572 0.0050796 0.0035529 0.0042568 0.003731 0.00039682 0.0038657 0.0044898 0.0029516 0.0087566 0.0115 0.010573 0.0051721 0.0040606 0.00085963 0.004085 0.0051806 0.0053064 0.0090261 0.0028087 0.0014622 0.0063481 0.0060559 0.0025385 -0.0012927 0.0021429 0.0043136 0.0005462 -0.0027613 -0.0014418 0.0062559 0.0060895 0.0033359 0.0027478 0.0061175 0.0061469 0.0029811 0.0068252 0.0054417 0.005511 0.00089868 0.011402 0.0088132 0.0064118 0.0058165 0.0042287 0.0041622 0.0026515 0.00087772 -0.00031243 -0.00044053 -0.0016232 0.00064496 0.0028169 0.0025681 0.0032299 0.002729 0.0045198 0.0014502 0.0073026 0.0052615 0.00039361 -0.0022001 0.0045996 0.0051319 0.0026417 0.0025036 0.0036461 0.0053391 0.00042676 0.00051902 0.0010068 0.00080768 0.0007462 -0.00081922 0.0032872 0.0087264 0.0011934 -0.0028425
-0.013953 -0.017489 -0.013215 -0.013626 -0.0064333 -0.00089732 -0.0049514 -0.0086156 -0.0027818 0.00058648 -0.0028271 -0.0046837 -0.0049815 -0.0056469 -0.0061845 -0.0028823 0.0017923 0.0061755 0.0063621 0.0032802 -0.0013635 0.0016066 0.007746 0.017196 0.017364 0.01856 0.016443 0.016077 0.014589 0.021665 0.021528 0.019217 0.016753 0.015213 0.017269 0.026349 0.031899 0.035083 0.035636 0.030595 0.027168 0.021579 0.018809 0.022179 0.023635 0.023622 0.014894 0.0094116 0.010038 0.011403 0.015278 0.014612 0.016071 0.010862 0.010042 0.0078437 0.019826 0.021978 0.021537 0.02653 0.0287 0.029101 0.026533 0.026677 0.029789 0.033945 0.03519 0.036778 0.040918 0.041209 0.032305 0.034488 0.033419 0.034524 0.027407 0.031498 0.029642 0.027221 0.024322 0.032693 0.033417 0.03821 0.042609 0.047805 0.058832 0.061006 0.067579 0.074192 0.075303 0.081652 0.081568 0.081608 0.081478 0.075078 0.066483 0.064028 0.067357 0.066438 0.061027 0.058243 0.054307 0.055044 0.052737 0.049944 0.046042 0.044374 0.047691 0.048651 0.052946 0.059025 0.056011 0.061742 0.068539 0.070088 0.074453 0.076229 0.074966 0.076995 0.076079 0.074651 0.069898 0.063631 0.05906 0.049879 0.052753 0.049163 0.047317 0.049824 0.048584 0.047937 0.051525 0.05063 0.050388 0.050934 0.051395 0.054872 0.056815 0.052368 0.053912 0.050115 0.054298 0.053031 0.052253 0.055593 0.053281 0.055624 0.063208 0.066138 0.070301 0.069574 0.065755 0.06653 0.065837 0.061174 0.061122 0.055025 0.050477 0.043202 0.041992 0.040086 0.038843 0.042828 0.04055 0.044694 0.052896 0.060931 0.065088 0.067835 0.066723 0.067027 0.055982 0.055682 0.047792 0.049437 0.041708 0.039228 0.037647 0.038378 0.03211 0.02874 0.024777 0.022244 0.022125 0.024601 0.025796 0.032369 0.035506 0.03899 0.044052 0.051009 0.057674 0.065459 0.070915 0.078559 0.092268 0.096099 0.10561 0.11582 0.11667 0.11096 0.1044 0.1013 0.089184 0.077479 0.067022 0.067432 0.059135 0.052605 0.045887 0.040115 0.034852 0.030323 0.025413 0.022601 0.020498 0.017657 0.020301 0.011116 0.0098011 0.015284 0.020055 0.022083 0.033028 0.044491 0.062307 0.069491 0.084609 0.092968 0.095401 0.10053 0.093691 0.081886 0.079901 0.071219 0.068359 0.062406 0.055574 0.053156 0.050251 0.045334 0.043583 0.040559 0.032749 0.029115 0.028928 0.034011 0.031943 0.025605 0.020307 0.019417 0.014102 0.016822 0.015034 0.021596 0.017428 0.015345 0.011967 0.0082939 0.0068433 0.0097725 0.0074595 0.012202 0.015293 0.017845 0.015634 0.012974 0.018142 0.017908 0.014532 0.013202 0.014177 0.016479 0.016603 0.016965 0.016499 0.019681 0.018208 0.024028 0.016584 0.016797 0.018342 0.021495 0.022101 0.020161 0.025568 0.026926 0.022759 0.022648 0.026813 0.019558 0.018189 0.017083 0.019364 0.019708 0.018012 0.017522 0.016256 0.016304 0.024012 0.018682 0.018848 0.021495 0.021749 0.02119 0.019824 0.017803 0.0185 0.021545 0.026496 0.027169 0.017672 0.015657 0.025035 0.022002 0.019868 0.020792 0.022037 0.026032 0.02474 0.026893 0.028652 0.027337 0.02371 0.026439 0.029781 0.031729 0.033327 0.0355 0.038582 0.036977 0.044114 0.047606 0.045741 0.043942 0.046838 0.049012 0.045276 0.045001 0.050509 0.05091 0.047819 0.046528 0.041443 0.039509 0.03558 0.041857 0.042913 0.03845 0.03822 0.035274 0.036157 0.034275 0.03169 0.034771 0.034145 0.03007 0.023397 0.024936 0.027581 0.037291 0.039757 0.038513 0.040236 0.041786 0.04689 0.051721 0.055041 0.055095 0.055265 0.056798 0.0548 0.055277 0.058769 0.062037 0.059889 0.053513 0.052127 0.059763 0.06099 0.066357 0.07657 0.081537 0.0848 0.095985 0.09254 0.083692 0.083096 0.081467 0.074868 0.066191 0.05971 0.05427 0.048063 0.04227 0.04015 0.038664 0.034527 0.037692 0.036387 0.039108 0.039304 0.035186 0.033853 0.031271 0.030602 0.034679 0.024924 0.022804 0.023835 0.027637 0.028215 0.030577 0.031121 0.028889 0.026339 0.027236 0.021519 0.020718 0.017085 0.018513 0.020883 0.021697 0.025932 0.0226 0.022076 0.022102 0.021025 0.019031 0.017213 0.020472 0.021466 0.020404 0.022549 0.022244 0.018965 0.020076 0.025884 0.023984 0.028444 0.021254 0.018192 0.019138 0.022702 0.019288 0.023381 0.018068 0.021699 0.022824 0.024526 0.022937 0.021353 0.020684 0.017488 0.015479 0.022246 0.022451 0.025185 0.029313 0.029053 0.027951 0.029408 0.024911 0.033354 0.03423 0.031192 0.036818 0.037017 0.037301 0.040643 0.04705 0.043893 0.044696 0.04505 0.038075 0.032296 0.035582 0.038084 0.036025 0.035848 0.034898 0.03309 0.031719 0.035258 0.027821 0.034036 0.03841 0.03839 0.039734 0.039339 0.046217 0.041692 0.041767 0.04415 0.043288 0.041341 0.044565 0.037323 0.037742 0.035948 0.031913 0.031961 0.032555 0.036079 0.037311 0.033946 0.027506 0.025833 0.027089 0.027284 0.020567 0.022557 0.028111 0.024758 0.023525 0.020646 0.020841 0.01791 0.019498 0.024557 0.02293 0.018193 0.01297 0.012272 0.0091216 0.010287 0.012624 0.020099 0.013478 0.011172 0.014656 0.012138 0.011375 0.0039893 0.0085517 0.007486 0.00815 0.010815 0.007867 0.0074332 0.011214 0.018123 0.014985 0.01244 0.014045 0.018606 0.02084 0.02216 0.030213 0.029537 0.027706 0.030006 0.02589 0.033702 0.031617 0.029026 0.025846 0.029442 0.032096 0.033695 0.032099 0.023057 0.028629 0.027284 0.022423 0.021928 0.020359 0.021215 0.011475 0.013802 0.015892 0.014761 0.016655 0.017213 0.010785 0.0094298 0.0097812 0.01337 0.020268 0.014674 0.011794 0.012455 0.0073683 0.0062857 0.012527 0.01196 0.0074398 0.0086718 0.0080275 0.010356 0.0099333 0.0093958 0.0054157 0.008077 0.0063698 0.0031791 0.0029619 -0.0043644 -0.0023474 0.0036784 -7.5869e-05 0.0072173 0.0073186 0.00082105 0.0019679 0.005044 0.0060867 0.0059626 0.0029691 0.0012416 0.0042126 0.0058976 0.0091545 0.010182 0.002782 0.0053266 0.0017905 0.0040061 0.005157 0.0012389 0.0029091 0.0024284 0.0014682 0.0065374 0.0073819 0.0081093 0.004598 0.0014379 -0.0024505 -0.00053782 0.00047223 0.0010798 0.003872 -0.0004772 -0.00015121 0.002758 0.0048306 0.0039748 -0.00069552 -0.00065192 0.000805 -0.0023613 -0.0036893 -0.0012761 0.0067985 0.0065652 0.0031633 0.0027475 0.0080503 0.0047629 0.0015713 0.0075706 0.0083255 0.0057876 0.0014742 0.01236 0.0089753 0.0045191 0.0029962 0.0028217 0.0053753 0.001433 0.0012066 0.0018167 0.0015991 -0.0020798 -0.00046711 0.0018666 0.0019293 0.00011487 0.00011835 0.0035072 0.0025557 0.0054964 0.0052872 0.00057016 -0.0019667 0.004783 0.0034431 7.7986e-05 0.0023004 0.0046922 0.0063665 -0.0020257 -0.0011359 -0.00080767 6.9825e-05 0.0012918 0.0013696 0.0033464 0.0091974 0.0020784 -0.00498
-0.007919 -0.013512 -0.017566 -0.012 -0.015633 -0.0078426 -0.0060725 -0.0094262 -0.014359 -0.006754 -0.0055699 -0.0051949 -0.0044859 -0.0044892 -0.0054289 -0.0052423 -0.0025513 0.0048622 0.010699 0.00806 0.0061287 0.0014822 0.0033679 0.0092631 0.018232 0.019067 0.020945 0.020404 0.019622 0.017866 0.027001 0.025439 0.025586 0.02251 0.020607 0.02069 0.027784 0.033782 0.038198 0.036989 0.031192 0.029945 0.021838 0.019709 0.025626 0.025578 0.026811 0.017846 0.013146 0.015383 0.018285 0.021637 0.020279 0.020415 0.015586 0.013937 0.013687 0.026763 0.025143 0.022398 0.029122 0.032491 0.032389 0.029639 0.031881 0.035894 0.038524 0.038094 0.040312 0.04529 0.044647 0.037694 0.040012 0.037538 0.039919 0.035268 0.03699 0.032779 0.033487 0.030141 0.036926 0.039856 0.042779 0.045754 0.051858 0.063995 0.069643 0.076405 0.082564 0.080851 0.086071 0.084414 0.081503 0.081346 0.074914 0.065274 0.064543 0.068838 0.066917 0.061585 0.059373 0.055235 0.057539 0.05415 0.050741 0.049898 0.04809 0.052376 0.053943 0.056864 0.064871 0.06121 0.067 0.073578 0.075034 0.079572 0.078216 0.076326 0.079798 0.078248 0.07837 0.072425 0.064316 0.057502 0.044415 0.051744 0.050025 0.049265 0.05151 0.05285 0.051065 0.053916 0.052868 0.052928 0.052541 0.053564 0.05716 0.059799 0.054198 0.057824 0.050892 0.054573 0.054653 0.056293 0.058254 0.057485 0.059492 0.065813 0.06703 0.070602 0.071487 0.066584 0.066694 0.065223 0.059867 0.062414 0.056913 0.05075 0.043926 0.042196 0.039759 0.039684 0.042935 0.041052 0.044813 0.055465 0.06318 0.067839 0.071607 0.06952 0.067865 0.054651 0.054095 0.046135 0.047746 0.040031 0.039602 0.035775 0.035922 0.031833 0.026757 0.021624 0.020018 0.021086 0.023319 0.026499 0.034527 0.038894 0.043346 0.048235 0.057295 0.064761 0.073023 0.075015 0.080847 0.094842 0.09913 0.10946 0.1158 0.1149 0.10677 0.0992 0.096256 0.084261 0.071104 0.05935 0.064792 0.056653 0.049578 0.042682 0.038679 0.033127 0.026094 0.023446 0.021869 0.021166 0.016767 0.022196 0.01453 0.012922 0.01641 0.021749 0.023155 0.036548 0.048308 0.065847 0.073701 0.08949 0.094433 0.091631 0.098394 0.091897 0.0793 0.072599 0.063501 0.061905 0.056745 0.049592 0.048045 0.044288 0.038589 0.03645 0.035127 0.03144 0.031299 0.027364 0.031993 0.026804 0.022606 0.021013 0.019907 0.017002 0.017376 0.014948 0.022413 0.018267 0.014347 0.011551 0.0075143 0.0053045 0.0081759 0.0052802 0.010139 0.015726 0.018447 0.016938 0.012945 0.017917 0.018095 0.016576 0.011716 0.0098958 0.014364 0.015988 0.017757 0.017492 0.019205 0.017722 0.022452 0.015139 0.017194 0.017845 0.020063 0.020517 0.017209 0.023886 0.026055 0.020113 0.021296 0.027505 0.020963 0.020731 0.016927 0.021414 0.020059 0.018085 0.016109 0.016123 0.015021 0.022248 0.017923 0.018308 0.020667 0.020019 0.018957 0.018927 0.018189 0.019195 0.021365 0.026895 0.027123 0.01745 0.015458 0.024419 0.021025 0.019472 0.021359 0.024678 0.024431 0.026138 0.02698 0.028298 0.028914 0.024486 0.024459 0.02713 0.030828 0.033319 0.037796 0.0396 0.038912 0.045563 0.047455 0.043652 0.04311 0.04561 0.044513 0.040571 0.040741 0.048386 0.047953 0.042401 0.044298 0.038526 0.038235 0.034186 0.04053 0.039574 0.033502 0.034841 0.031513 0.032878 0.030548 0.027211 0.031015 0.031956 0.027617 0.02247 0.025896 0.027417 0.033312 0.037801 0.036831 0.039861 0.042415 0.046842 0.04977 0.052883 0.054733 0.053896 0.054943 0.055319 0.054056 0.056595 0.057902 0.05707 0.051776 0.050742 0.057186 0.059104 0.065867 0.076237 0.081349 0.082165 0.090403 0.087331 0.074378 0.071893 0.073261 0.068574 0.061608 0.057014 0.049193 0.043873 0.039263 0.036987 0.035361 0.031557 0.033973 0.033183 0.033494 0.035044 0.031077 0.029103 0.028002 0.025171 0.02823 0.02091 0.019492 0.019264 0.024824 0.024896 0.025751 0.026387 0.0235 0.022645 0.023823 0.020142 0.018614 0.017421 0.018913 0.019379 0.019917 0.024955 0.022025 0.022295 0.023025 0.021312 0.018583 0.015631 0.020254 0.019416 0.020796 0.023282 0.021652 0.017845 0.01645 0.022833 0.020013 0.024335 0.018555 0.015841 0.016075 0.021785 0.018417 0.02178 0.015521 0.020838 0.020562 0.021254 0.016779 0.015851 0.020615 0.015746 0.012532 0.018393 0.017546 0.02461 0.027702 0.026727 0.025184 0.025516 0.020962 0.030036 0.031807 0.031112 0.033839 0.03468 0.0335 0.037653 0.042724 0.037741 0.039402 0.042602 0.037008 0.032281 0.037434 0.037791 0.036221 0.037501 0.037879 0.034439 0.03543 0.042401 0.03661 0.039734 0.045571 0.043997 0.04322 0.043357 0.051685 0.045656 0.046751 0.048648 0.048311 0.045857 0.048209 0.038617 0.040142 0.039162 0.036197 0.036142 0.035464 0.038371 0.0385 0.03482 0.026911 0.0229 0.021158 0.024681 0.018464 0.020022 0.026125 0.02136 0.020941 0.017243 0.019776 0.017306 0.019655 0.022225 0.021537 0.018648 0.012345 0.013505 0.0089627 0.0079838 0.010803 0.019528 0.014252 0.012591 0.016831 0.013436 0.011945 0.0034225 0.0073912 0.0069495 0.0069115 0.0090476 0.0061036 0.0055784 0.0085501 0.013717 0.013678 0.012622 0.013624 0.01625 0.019626 0.023315 0.030517 0.029956 0.026098 0.031307 0.026081 0.031441 0.028573 0.027202 0.024317 0.026275 0.029362 0.030217 0.02856 0.020968 0.025533 0.02486 0.022327 0.020761 0.018875 0.020108 0.0092863 0.010097 0.012353 0.010848 0.01421 0.013068 0.0075498 0.0057496 0.005308 0.0091359 0.015899 0.01004 0.0074834 0.0081108 0.0028382 0.0059618 0.010332 0.011493 0.0075853 0.0052014 0.0055047 0.0072705 0.0074237 0.008652 0.0028323 0.0047209 0.0091688 0.0040393 0.0016191 -0.0059856 -0.0019174 0.0040416 8.992e-05 0.0065442 0.0062518 -0.0005034 0.00021687 0.0019121 0.0063709 0.0050124 0.0032556 0.00013135 0.0020686 0.0021846 0.0063047 0.0050888 0.0023134 0.0050964 0.00081132 0.0041604 0.0065971 0.001202 0.0023264 0.0013606 0.0011588 0.0036812 0.0020012 0.0035348 0.0033705 -0.0011795 -0.0037349 -0.0032836 -0.0023099 -0.001445 0.00047047 -0.0020825 -0.001865 3.7741e-06 0.0045304 0.0047575 -0.00018413 -0.0039825 -0.0032919 -0.0048686 -0.0026147 -0.00055063 0.0066193 0.0065535 0.0028546 0.0027133 0.0084969 0.0028807 0.0015065 0.0081979 0.010877 0.0056436 0.0021709 0.013281 0.0095303 0.0031859 0.00073434 0.0013105 0.0075892 0.00093202 0.0029724 0.0046871 0.0025826 -0.0016345 -0.00070051 0.0018253 0.0016761 -0.0016712 -0.00071849 0.0022075 0.0017764 0.0014904 0.0038922 -3.7716e-05 -0.0023426 0.0032235 0.0011991 -0.0036981 0.00091154 0.0040835 0.0062086 -0.0049027 -0.0018011 -0.0018405 0.00077186 0.0019087 0.0035219 0.0031107 0.0082144 0.0015082
-0.0064111 -0.011548 -0.014809 -0.0088734 -0.014468 -0.007038 -0.0097408 -0.012254 -0.018808 -0.0089197 -0.010805 -0.0062396 -0.003185 -0.0030518 -0.0026489 -0.0017821 -0.00033637 0.010312 0.016482 0.009372 0.0082471 0.0041456 0.0074389 0.012905 0.019437 0.02035 0.022722 0.022754 0.021704 0.021937 0.030875 0.027982 0.03032 0.027443 0.025501 0.024486 0.030087 0.036308 0.040591 0.038547 0.033688 0.035018 0.023953 0.022535 0.031945 0.028431 0.029457 0.022489 0.018785 0.021149 0.026252 0.028256 0.026491 0.025175 0.020933 0.018456 0.021548 0.032954 0.028292 0.023598 0.031772 0.034748 0.034425 0.031971 0.036697 0.042772 0.043166 0.041687 0.042449 0.048246 0.04623 0.043022 0.046129 0.042659 0.04566 0.043827 0.043797 0.037674 0.040547 0.038405 0.04252 0.044908 0.046793 0.04897 0.056268 0.06859 0.079725 0.085637 0.090334 0.087294 0.092715 0.089133 0.081269 0.081311 0.075544 0.067018 0.068327 0.071444 0.067799 0.062993 0.060417 0.056472 0.059862 0.054816 0.050911 0.052848 0.051561 0.056983 0.060631 0.061812 0.069638 0.066659 0.071891 0.077301 0.078952 0.083634 0.078208 0.075395 0.082102 0.078669 0.081819 0.076022 0.067661 0.057712 0.041166 0.050956 0.050827 0.052432 0.054191 0.056455 0.054032 0.056047 0.054426 0.055467 0.05464 0.05558 0.057943 0.061431 0.05584 0.061606 0.052093 0.05507 0.055056 0.061055 0.061639 0.063636 0.064057 0.067858 0.068337 0.071221 0.073014 0.066794 0.066194 0.063758 0.057269 0.061188 0.057649 0.050578 0.045542 0.044245 0.041915 0.042545 0.043275 0.042411 0.046434 0.057575 0.062996 0.07078 0.07468 0.071617 0.068192 0.054226 0.052995 0.045772 0.046848 0.039912 0.041346 0.035861 0.034878 0.032098 0.025816 0.019586 0.019725 0.020489 0.023178 0.028853 0.036705 0.043034 0.047863 0.051952 0.063457 0.07139 0.079923 0.078918 0.082521 0.096745 0.099666 0.11157 0.11297 0.1112 0.10104 0.092841 0.089955 0.077652 0.06545 0.052877 0.061745 0.053364 0.046463 0.039598 0.036716 0.032994 0.023005 0.022352 0.021659 0.020822 0.014693 0.022193 0.018338 0.016313 0.016942 0.023064 0.024354 0.039565 0.052013 0.068698 0.078344 0.092906 0.092958 0.085645 0.09302 0.08719 0.075905 0.066002 0.058349 0.056135 0.051605 0.043546 0.043294 0.038965 0.032335 0.030125 0.029586 0.031313 0.033169 0.025399 0.029834 0.022168 0.020142 0.021411 0.019251 0.020223 0.017944 0.015556 0.023299 0.019187 0.014168 0.01087 0.0073895 0.0048412 0.0073247 0.0039172 0.0083277 0.016175 0.019381 0.017213 0.014078 0.018854 0.019316 0.020053 0.011392 0.0079735 0.01313 0.015603 0.019325 0.019548 0.019102 0.018041 0.021274 0.015739 0.019747 0.018635 0.018678 0.020946 0.017545 0.023711 0.025707 0.018408 0.020644 0.028187 0.022164 0.023697 0.017287 0.024083 0.021236 0.018422 0.013698 0.01632 0.014669 0.020546 0.017181 0.017558 0.019929 0.018773 0.017039 0.018213 0.019338 0.020659 0.021717 0.026318 0.027712 0.019309 0.017199 0.023692 0.021122 0.020151 0.022455 0.028967 0.02498 0.029569 0.029612 0.029284 0.032464 0.026556 0.022207 0.024612 0.029628 0.03208 0.038229 0.039562 0.041 0.046549 0.048473 0.043113 0.044366 0.044651 0.04197 0.038244 0.038408 0.046867 0.047085 0.038657 0.043219 0.03735 0.038327 0.034677 0.038966 0.036727 0.028874 0.032021 0.027778 0.030042 0.027165 0.022687 0.026253 0.030102 0.026422 0.02271 0.027427 0.027842 0.027484 0.033443 0.033413 0.038799 0.042506 0.046751 0.046441 0.050141 0.054621 0.052797 0.051592 0.055132 0.052836 0.053759 0.052357 0.053686 0.050328 0.049314 0.05324 0.056365 0.065308 0.073964 0.080134 0.077166 0.083268 0.081557 0.066553 0.062289 0.065163 0.063599 0.058122 0.055483 0.045906 0.040638 0.038017 0.035538 0.033744 0.02874 0.028985 0.028436 0.027653 0.030278 0.026569 0.025163 0.026581 0.020394 0.021444 0.016037 0.016694 0.015656 0.022517 0.022991 0.020945 0.020717 0.017875 0.018887 0.020485 0.019868 0.017723 0.018411 0.020435 0.019841 0.018465 0.024169 0.021171 0.024863 0.02564 0.023155 0.019407 0.014736 0.019871 0.019567 0.023629 0.024939 0.022647 0.019739 0.015303 0.020259 0.017356 0.020503 0.016823 0.015805 0.014704 0.022026 0.017394 0.02124 0.014184 0.020465 0.018609 0.017175 0.011324 0.010523 0.020302 0.013409 0.009329 0.014278 0.011136 0.021633 0.022477 0.021991 0.021142 0.017895 0.013265 0.021629 0.024064 0.024769 0.025736 0.027167 0.024353 0.028879 0.03148 0.025195 0.027427 0.034388 0.030286 0.028016 0.035024 0.034578 0.033157 0.035468 0.037519 0.033394 0.037895 0.045585 0.042682 0.043285 0.049873 0.047256 0.045142 0.044623 0.053699 0.046614 0.049771 0.049905 0.049918 0.047186 0.049167 0.036413 0.040238 0.039506 0.038203 0.039651 0.038131 0.039679 0.03829 0.035429 0.026973 0.022324 0.015627 0.02345 0.01667 0.017819 0.025132 0.016418 0.017248 0.013936 0.018357 0.017663 0.019748 0.018935 0.017753 0.016469 0.0091361 0.013399 0.0077756 0.0052321 0.0082489 0.016258 0.012175 0.010647 0.017142 0.013457 0.0099179 0.0019553 0.0057003 0.0061076 0.0046865 0.0052815 0.0033269 0.0033528 0.0066378 0.0085597 0.011967 0.01205 0.012625 0.014209 0.017 0.023009 0.029225 0.028169 0.023001 0.029649 0.02443 0.027208 0.025024 0.025604 0.022696 0.02291 0.02555 0.025248 0.023037 0.018902 0.021472 0.020351 0.021029 0.018652 0.01764 0.01917 0.0077591 0.0062216 0.0085923 0.0063714 0.0095171 0.0083474 0.0059063 0.0019379 -4.1997e-06 0.0037347 0.011135 0.0050243 0.0020381 0.0037377 -0.0013239 0.0054804 0.0057265 0.0087679 0.0058803 0.0013515 0.0021496 0.0026221 0.0027999 0.0064034 0.00047916 0.00053488 0.010669 0.0059589 -0.00022281 -0.0066962 -0.0010521 0.0047613 0.00069748 0.0046075 0.0042192 -0.0013247 -0.00070227 -0.0014997 0.0067493 0.0034633 0.0031792 -0.00026726 -0.00031238 -0.0014038 0.002976 -0.0011756 0.0011529 0.0043505 0.0009243 0.0050188 0.0079558 -0.00021533 0.0017581 0.00083324 0.001685 0.00073516 -0.0032018 -0.0012827 0.0012687 -0.002766 -0.0036781 -0.0043543 -0.0027696 -0.0022872 -0.00056096 -0.0020971 -0.003288 -0.0016407 0.0044303 0.0045463 -0.00016049 -0.0074385 -0.0073128 -0.007623 -0.00024354 0.00028899 0.0056622 0.0054711 0.0025171 0.0031626 0.0071215 0.00060449 0.0030774 0.0086421 0.01243 0.0056449 0.0035713 0.01397 0.010333 0.002538 0.00010898 0.00050734 0.010184 0.00095618 0.0053961 0.0063511 0.0014748 -0.0010582 -0.00059391 0.0024916 0.00040949 -0.0028387 -0.00027124 0.00080242 -6.7149e-05 -0.0035546 0.0014855 -0.0016829 -0.0025594 0.0004379 -0.00080959 -0.0072694 -0.0013128 0.0017413 0.0048926 -0.0068822 -0.00109 -0.0022691 0.0025685 0.0023382 0.0047406 0.0015744 0.0051147 -0.0016352
-0.00087169 -0.0033457 -0.0084106 -0.010051 -0.0037544 -0.0097449 -0.0040499 -0.010788 -0.01337 -0.021572 -0.0081263 -0.012959 -0.0047443 -0.00058246 -0.00016957 0.003363 0.0045377 0.0036968 0.017726 0.023868 0.01087 0.0088669 0.0052223 0.01309 0.018581 0.021425 0.022054 0.024467 0.023049 0.022133 0.026871 0.033292 0.029226 0.032555 0.030967 0.030267 0.028488 0.034113 0.040226 0.04275 0.041063 0.037903 0.042292 0.027857 0.027488 0.040198 0.031804 0.030625 0.028246 0.02589 0.026367 0.03401 0.034523 0.032619 0.030551 0.026126 0.023309 0.029875 0.037455 0.032563 0.026389 0.035041 0.035197 0.03475 0.033737 0.040598 0.049077 0.047246 0.047835 0.045056 0.050742 0.046965 0.048459 0.052736 0.04883 0.051329 0.051249 0.050166 0.044403 0.048292 0.048455 0.049657 0.048245 0.050466 0.053158 0.06176 0.073006 0.090932 0.095233 0.096598 0.09386 0.10137 0.096122 0.081341 0.082234 0.077531 0.072428 0.075604 0.074563 0.06836 0.065155 0.061265 0.058048 0.062037 0.055069 0.051142 0.055071 0.054582 0.061495 0.068519 0.069538 0.073904 0.071943 0.075953 0.080571 0.081432 0.085525 0.075653 0.071086 0.083511 0.077139 0.084476 0.080158 0.073918 0.059786 0.040277 0.050388 0.050667 0.054423 0.056331 0.057981 0.056243 0.05805 0.055264 0.058674 0.057397 0.057796 0.057076 0.061254 0.057042 0.064364 0.053904 0.056793 0.054228 0.065266 0.064321 0.069797 0.067493 0.068886 0.07082 0.073025 0.074857 0.065661 0.063836 0.060832 0.053266 0.056586 0.056414 0.050545 0.047717 0.047275 0.045699 0.04815 0.043447 0.044322 0.049953 0.058204 0.059487 0.074801 0.077373 0.072945 0.068347 0.054971 0.053008 0.047154 0.046547 0.040541 0.043441 0.0371 0.034535 0.032017 0.026979 0.019372 0.022254 0.021177 0.025414 0.033027 0.038699 0.047655 0.052034 0.055292 0.068401 0.077209 0.086329 0.08298 0.084447 0.09869 0.097085 0.11012 0.10702 0.10618 0.093937 0.085628 0.082126 0.069619 0.061041 0.048304 0.058832 0.048719 0.042975 0.036026 0.033683 0.034112 0.021372 0.022474 0.021093 0.018263 0.010403 0.018625 0.020556 0.018103 0.016064 0.023003 0.025408 0.041445 0.056461 0.072415 0.083754 0.095072 0.089032 0.078371 0.084353 0.078843 0.070396 0.061219 0.056238 0.051158 0.046822 0.037027 0.038511 0.034757 0.0282 0.026714 0.02528 0.032475 0.033763 0.023875 0.028585 0.01914 0.017787 0.021552 0.01764 0.02297 0.018174 0.016521 0.024394 0.020742 0.015261 0.0099334 0.0078892 0.0051919 0.0073072 0.0032034 0.0059839 0.015156 0.019568 0.015083 0.015286 0.021166 0.021787 0.024771 0.011886 0.0080062 0.012477 0.015619 0.020832 0.021399 0.018634 0.018839 0.019551 0.017515 0.023505 0.020767 0.01746 0.023107 0.021073 0.025468 0.025872 0.018387 0.021242 0.028616 0.022721 0.024961 0.016938 0.026163 0.022308 0.01873 0.010918 0.016402 0.015982 0.02011 0.016265 0.016844 0.019662 0.018249 0.015551 0.017557 0.021508 0.022694 0.021905 0.024801 0.029002 0.023721 0.020587 0.022355 0.022126 0.021823 0.023798 0.033141 0.02808 0.034673 0.03478 0.031489 0.036651 0.028986 0.019338 0.021808 0.027856 0.030016 0.03586 0.038534 0.042663 0.046052 0.050781 0.043981 0.047076 0.043235 0.04135 0.037909 0.037643 0.045616 0.047808 0.036833 0.043165 0.038391 0.040063 0.036806 0.036303 0.035671 0.025659 0.029927 0.024033 0.026957 0.025017 0.018514 0.020069 0.0281 0.026524 0.02409 0.028085 0.028088 0.020226 0.027236 0.027749 0.036199 0.041277 0.04622 0.041442 0.047396 0.055688 0.0529 0.046019 0.052964 0.050564 0.049566 0.045502 0.049673 0.049654 0.0478 0.048705 0.052829 0.063945 0.06924 0.078174 0.069874 0.075442 0.074659 0.060495 0.05456 0.058016 0.0601 0.055861 0.053978 0.044157 0.037311 0.037675 0.034454 0.032488 0.025491 0.022456 0.022453 0.022467 0.0259 0.021847 0.022818 0.026651 0.016758 0.015203 0.010471 0.01413 0.0133 0.020459 0.022019 0.016514 0.014928 0.012367 0.015501 0.017256 0.020673 0.017622 0.019473 0.022176 0.022146 0.016765 0.02396 0.020412 0.029604 0.028345 0.025113 0.021355 0.014767 0.01899 0.021643 0.028347 0.026915 0.02487 0.024775 0.017577 0.019119 0.01678 0.019142 0.018235 0.019147 0.015389 0.022155 0.015727 0.021931 0.013939 0.02 0.016805 0.012531 0.0080009 0.0063295 0.018657 0.01004 0.0056195 0.01153 0.004619 0.017049 0.014866 0.015501 0.016771 0.0083577 0.0038281 0.010995 0.013421 0.013064 0.014055 0.015257 0.011363 0.015902 0.015626 0.0084503 0.010397 0.022114 0.018593 0.019827 0.028481 0.029031 0.026662 0.029102 0.032838 0.030865 0.038718 0.043014 0.044678 0.043859 0.049818 0.04753 0.044754 0.040993 0.049263 0.042037 0.048758 0.045638 0.045379 0.043257 0.045729 0.029869 0.035723 0.034686 0.03521 0.039156 0.037656 0.038316 0.035072 0.034287 0.026685 0.023808 0.011029 0.022896 0.014315 0.0143 0.023165 0.0091031 0.010875 0.010461 0.01658 0.017643 0.017965 0.014304 0.010523 0.010246 0.0020775 0.010715 0.0046469 0.0022595 0.0052841 0.010842 0.0072332 0.0054418 0.014801 0.01184 0.0057243 0.00064874 0.0042394 0.0050665 0.001845 -0.00036539 0.00063075 0.0020907 0.0070937 0.0041187 0.01054 0.010283 0.011703 0.013532 0.013159 0.021762 0.02666 0.02454 0.018575 0.024527 0.0207 0.022047 0.021711 0.024203 0.019877 0.018789 0.0191 0.018136 0.015978 0.017163 0.016726 0.014034 0.018541 0.015679 0.017262 0.018708 0.0071594 0.0028572 0.0045312 0.0012446 0.0037064 0.004475 0.0056024 -0.0021298 -0.0059176 -0.0019204 0.0071342 0.0010161 -0.0038826 0.00096902 -0.0040496 0.0050687 -0.00035834 0.0038499 0.0019066 -0.0030566 -0.0015583 -0.0033265 -0.0037407 0.0017974 -0.0017787 -0.004345 0.0097447 0.0076668 -0.002369 -0.0064473 3.7069e-05 0.0047826 0.00048152 0.0011475 0.002162 -0.00051994 -0.0002216 -0.0030154 0.0086163 0.0016066 0.0023885 -0.00051351 -0.0026558 -0.0044674 -0.00080832 -0.0071689 -0.00040878 0.0036577 0.001915 0.0069675 0.0095324 -0.0020423 0.0010007 -0.00028475 0.0024705 -0.0012343 -0.0065317 -0.0041341 -0.0012314 -0.0026526 -0.0037644 -0.0049486 -0.0014811 -0.0021423 -8.0731e-05 -0.0015241 -0.004008 -0.0026579 0.0038446 0.003493 -0.00085487 -0.01072 -0.010589 -0.011268 0.002337 0.00045116 0.0046064 0.003519 0.0028753 0.0048455 0.0045201 -0.0020682 0.0064473 0.0091748 0.013008 0.0075171 0.0067452 0.013991 0.011083 0.0025985 0.0011378 0.00065334 0.012485 0.0010683 0.0076765 0.0051816 -0.0018075 -0.0010629 -0.001039 0.00323 -0.0029503 -0.0043837 0.00032796 -0.0011405 -0.0019041 -0.0080702 -0.0011149 -0.003615 -0.001304 -0.002521 -0.0016271 -0.00893 -0.0037246 -0.001717 0.0025515 -0.0070472 0.00083731 -0.0028751 0.0044439 0.0027088 0.004197 -0.0020246 -0.00031335
0.0034392 0.0010871 -0.0040437 -0.0043143 0.0036391 -0.0010923 0.0014911 -0.0079094 -0.01249 -0.022818 -0.0040511 -0.0099956 0.00058038 0.0039844 0.0051559 0.01325 0.013678 0.0091559 0.026974 0.03353 0.013299 0.0086341 0.0048566 0.020032 0.026184 0.024687 0.025298 0.02693 0.021816 0.021318 0.033026 0.035491 0.028949 0.031433 0.032651 0.035531 0.031801 0.040442 0.045814 0.045772 0.045799 0.043091 0.05164 0.033272 0.033454 0.048381 0.035055 0.02942 0.033952 0.033724 0.030606 0.040172 0.039871 0.037649 0.036693 0.030315 0.028306 0.036379 0.039854 0.03887 0.031823 0.03961 0.033599 0.032078 0.035002 0.043053 0.052962 0.050123 0.058266 0.050545 0.05394 0.048033 0.053886 0.059831 0.05622 0.057421 0.05638 0.053725 0.052217 0.057035 0.058944 0.05758 0.049931 0.054096 0.059214 0.068707 0.076763 0.10207 0.10506 0.10062 0.099161 0.11077 0.10491 0.081355 0.084501 0.081126 0.081461 0.086093 0.077092 0.067331 0.06725 0.061738 0.059814 0.064618 0.055684 0.052684 0.057836 0.057113 0.066353 0.077675 0.082355 0.078934 0.076969 0.079121 0.084992 0.082314 0.085078 0.070258 0.061469 0.082896 0.072911 0.084768 0.08271 0.081876 0.062068 0.039205 0.049381 0.04837 0.051459 0.055531 0.055628 0.056637 0.059584 0.054821 0.062842 0.060406 0.059678 0.053594 0.05838 0.058321 0.065361 0.056355 0.060983 0.05285 0.067385 0.064212 0.072797 0.067851 0.067998 0.074377 0.076599 0.078149 0.061991 0.057599 0.055198 0.047421 0.047933 0.052275 0.051346 0.049448 0.049192 0.048835 0.056953 0.041874 0.046004 0.055227 0.056299 0.052024 0.081036 0.080054 0.073154 0.067638 0.056477 0.054378 0.051476 0.047661 0.042031 0.044778 0.037251 0.031908 0.029064 0.030804 0.020332 0.027354 0.023257 0.030474 0.039092 0.039605 0.051865 0.055422 0.059415 0.070692 0.082168 0.092863 0.088108 0.087384 0.1007 0.09104 0.10289 0.097152 0.10015 0.085007 0.076723 0.07118 0.059642 0.057693 0.045014 0.05652 0.041885 0.03796 0.030578 0.028851 0.035265 0.020793 0.02363 0.018677 0.011952 0.0024952 0.010278 0.01953 0.016471 0.013032 0.020045 0.025482 0.041034 0.061635 0.078618 0.089298 0.09537 0.083248 0.070212 0.071981 0.066735 0.061241 0.058686 0.056439 0.046988 0.041525 0.02918 0.032737 0.031447 0.027281 0.027736 0.023892 0.035934 0.033683 0.024918 0.030375 0.018879 0.015205 0.022327 0.015993 0.024947 0.018034 0.018179 0.026268 0.024125 0.017947 0.0083902 0.0088148 0.0053933 0.0072234 0.0023419 0.002041 0.010226 0.016984 0.0092964 0.014545 0.024181 0.025661 0.030045 0.01182 0.0076403 0.011638 0.016495 0.021285 0.021159 0.016361 0.019067 0.014953 0.017826 0.026548 0.023818 0.016291 0.025267 0.025909 0.029118 0.026364 0.02068 0.024337 0.029608 0.023868 0.022836 0.01488 0.026297 0.022242 0.018528 0.0089604 0.015598 0.018683 0.02211 0.014885 0.015589 0.019691 0.018412 0.014374 0.016955 0.025572 0.025859 0.021398 0.022736 0.030872 0.030643 0.024269 0.019119 0.023624 0.024239 0.02496 0.034661 0.032716 0.040752 0.042251 0.034836 0.039322 0.029808 0.01447 0.017526 0.025122 0.027612 0.029889 0.036218 0.043121 0.042676 0.053932 0.045297 0.050453 0.040456 0.040754 0.036992 0.036559 0.044299 0.048904 0.036096 0.043893 0.041485 0.04305 0.039792 0.030751 0.037369 0.024171 0.028164 0.019436 0.02222 0.024899 0.014742 0.011795 0.025029 0.02802 0.026773 0.026607 0.027132 0.011999 0.019882 0.018869 0.030756 0.038173 0.044459 0.033799 0.045096 0.058232 0.054792 0.037635 0.047569 0.045447 0.043243 0.037684 0.045199 0.050469 0.045599 0.044383 0.048503 0.060578 0.06169 0.075591 0.060667 0.068404 0.066125 0.055719 0.047454 0.052198 0.058244 0.05586 0.051531 0.043729 0.033115 0.037494 0.032206 0.030006 0.022057 0.014401 0.01643 0.019003 0.022809 0.017388 0.022537 0.02657 0.014392 0.010039 0.0049262 0.011511 0.012296 0.017645 0.020203 0.011917 0.0094132 0.0064877 0.012583 0.01374 0.021702 0.017349 0.020567 0.02319 0.025381 0.014164 0.024549 0.019826 0.035052 0.027974 0.024891 0.024199 0.016433 0.017587 0.024551 0.034032 0.028543 0.02777 0.032428 0.023557 0.020522 0.019194 0.022913 0.025541 0.026724 0.017683 0.019626 0.013141 0.024185 0.014462 0.018973 0.015162 0.0078667 0.0077445 0.0042704 0.014535 0.0054083 0.0010172 0.012145 -0.00018316 0.012497 0.0064706 0.0079998 0.012434 -0.0006785 -0.0037298 0.0024765 0.0030494 -0.002138 6.5077e-05 -0.00053134 -0.0047325 -0.00098507 -0.0027994 -0.010997 -0.01083 0.0072753 0.0023912 0.0079593 0.018793 0.021458 0.017097 0.017765 0.023162 0.028812 0.038379 0.034665 0.042342 0.040296 0.043875 0.044587 0.041168 0.030213 0.03493 0.02961 0.041391 0.034269 0.032504 0.033276 0.037208 0.019505 0.025493 0.023656 0.026594 0.033493 0.032584 0.034619 0.029121 0.030736 0.025693 0.027095 0.0076667 0.021699 0.010721 0.0075357 0.017771 -0.00090964 0.00048089 0.0070133 0.015753 0.0167 0.013637 0.0092837 -0.00073313 -0.0011114 -0.0095794 0.0035457 -0.0018906 -0.00080245 0.0018303 0.0038927 0.00052542 -0.0017641 0.0092313 0.0081888 0.00067328 0.0014413 0.0035232 0.0033085 -0.0010308 -0.0078114 -0.00051817 0.0028941 0.010511 0.00094614 0.0091542 0.006939 0.010619 0.013927 0.0084908 0.020125 0.0227 0.019091 0.012782 0.016178 0.015017 0.017421 0.018849 0.022623 0.014836 0.013211 0.0082146 0.0080349 0.0085342 0.016511 0.011611 0.0073981 0.016033 0.01306 0.019412 0.019517 0.0082717 0.0015264 0.00018526 -0.0046458 -0.0012931 0.002553 0.0058024 -0.0063642 -0.011412 -0.0067112 0.0047086 -0.00066637 -0.010208 0.0014299 -0.004345 0.0055455 -0.0062535 -0.0027177 -0.0046539 -0.0093683 -0.0053105 -0.010424 -0.011989 -0.0058396 -0.0032398 -0.009656 0.0060674 0.0075519 -0.0041534 -0.0052812 1.0827e-05 0.0018481 -0.0027827 -0.0042303 0.0011836 0.0031146 0.0027661 0.00035151 0.014031 8.168e-06 0.0010926 -0.0015923 -0.0041858 -0.0073858 -0.0056359 -0.011543 -0.0018525 0.0042083 0.0029133 0.010267 0.012105 -0.001519 -0.00011984 -0.0034239 0.003013 -0.00088448 -0.0060869 -0.003139 -0.0029325 -0.00095616 -0.0061236 -0.0070795 0.00015715 -0.001819 -0.00016095 -0.0020317 -0.0037914 -0.0042359 0.0022648 0.002093 -0.002503 -0.013879 -0.012925 -0.016216 0.0038402 -0.0014191 0.0049433 0.0021244 0.0055037 0.0085218 0.0021673 -0.0054636 0.011771 0.010245 0.013038 0.014039 0.013113 0.01249 0.011384 0.0033015 0.0027235 0.0014459 0.013964 0.00072815 0.0095152 0.00034074 -0.006552 -0.0022817 -0.0034371 0.0027886 -0.0084444 -0.0069992 -0.00026136 -0.0048433 -0.0030363 -0.010858 -0.0030855 -0.0042323 0.0026591 -0.0042292 -0.0001567 -0.0070095 -0.0054999 -0.0052055 -0.00088484 -0.0053123 0.0031448 -0.0049452 0.004859 0.0039358 0.0015828 -0.0079382 -0.0079175
0.0018268 0.0012077 0.013244 0.011962 0.010837 0.0010934 -0.0079026 -0.022787 0.0029117 -3.0938e-05 0.010982 0.011259 0.014337 0.028087 0.024891 0.015198 0.038727 0.046363 0.017188 0.010935 0.0061759 0.029187 0.03581 0.029343 0.031353 0.030921 0.020845 0.020043 0.041209 0.039885 0.025704 0.025396 0.031302 0.041023 0.031387 0.048864 0.051979 0.050898 0.054591 0.047936 0.063354 0.040642 0.037591 0.054184 0.03791 0.02571 0.037783 0.041277 0.034417 0.042525 0.042643 0.039045 0.042901 0.03163 0.033157 0.037322 0.039624 0.046934 0.040463 0.045693 0.029211 0.023528 0.035477 0.043226 0.051548 0.05093 0.073977 0.060824 0.058535 0.050468 0.058076 0.066979 0.065234 0.066176 0.059343 0.051085 0.058746 0.066932 0.066636 0.063401 0.049461 0.057622 0.06716 0.076327 0.077103 0.10966 0.11402 0.10141 0.10008 0.11731 0.11297 0.079318 0.086897 0.085897 0.092876 0.099133 0.077286 0.062825 0.067151 0.061148 0.060982 0.069176 0.058305 0.057426 0.063833 0.058761 0.07206 0.088165 0.10251 0.086064 0.081723 0.081431 0.09278 0.081275 0.083981 0.062075 0.042981 0.077153 0.062886 0.078114 0.078248 0.087385 0.05945 0.030999 0.045725 0.041929 0.037297 0.048176 0.046981 0.053025 0.058611 0.051117 0.066697 0.062019 0.058673 0.044793 0.050944 0.061571 0.063607 0.05875 0.068851 0.052912 0.065241 0.057798 0.067002 0.062667 0.063199 0.076988 0.081545 0.084332 0.053656 0.04399 0.044726 0.039004 0.033987 0.043527 0.053543 0.048368 0.04595 0.04747 0.069581 0.035462 0.046122 0.060789 0.049669 0.039633 0.090285 0.082095 0.070107 0.062282 0.056341 0.055738 0.060551 0.05258 0.047047 0.04428 0.031589 0.020536 0.018105 0.037027 0.019674 0.032474 0.02464 0.03684 0.046744 0.036951 0.053622 0.057081 0.066785 0.068001 0.086194 0.099636 0.095465 0.091172 0.1008 0.08061 0.086799 0.081143 0.09236 0.07262 0.062908 0.052666 0.04468 0.054102 0.040133 0.055083 0.03176 0.028899 0.020933 0.021087 0.034023 0.019934 0.024149 0.011428 -0.00074133 -0.011903 -0.0037837 0.014434 0.0094581 0.0069921 0.011492 0.022605 0.036504 0.065156 0.088218 0.091865 0.090336 0.074763 0.059929 0.053625 0.05051 0.045975 0.057224 0.056352 0.043865 0.033781 0.018589 0.024399 0.028063 0.0294 0.033041 0.026908 0.043836 0.035644 0.032334 0.039082 0.023295 0.013127 0.025666 0.015495 0.026184 0.018024 0.022072 0.030284 0.031525 0.022311 0.0048146 0.0092387 0.0030146 0.0044881 6.675e-05 -0.0043312 -0.002341 0.0085445 -0.0008281 0.0089769 0.026422 0.031422 0.03426 0.0087648 0.0021877 0.0096056 0.018969 0.0187 0.01531 0.0095759 0.016618 0.0034338 0.011398 0.025371 0.027052 0.014962 0.02364 0.027495 0.034011 0.026687 0.026163 0.032402 0.034411 0.030012 0.016438 0.010907 0.023104 0.020064 0.016808 0.0096493 0.012442 0.02048 0.027299 0.012332 0.011548 0.019118 0.018743 0.012972 0.01684 0.033424 0.031965 0.020312 0.021022 0.032821 0.039307 0.024833 0.010716 0.02495 0.026867 0.024812 0.029331 0.035184 0.04638 0.051959 0.039962 0.036986 0.024916 0.0038451 0.0094597 0.020837 0.024744 0.019899 0.031478 0.040749 0.033822 0.056235 0.044676 0.054188 0.035328 0.035587 0.029489 0.031201 0.043392 0.048777 0.034088 0.045136 0.046005 0.046003 0.042088 0.018535 0.04229 0.023271 0.025323 0.011686 0.014037 0.028183 0.011511 0.0012494 0.019907 0.032068 0.032225 0.023023 0.024215 0.0045491 0.012485 0.0047197 0.020413 0.033103 0.039888 0.021543 0.043144 0.060432 0.057769 0.026446 0.038237 0.035115 0.034631 0.030049 0.0412 0.053695 0.041353 0.040928 0.043682 0.053135 0.050898 0.071573 0.050106 0.064594 0.055229 0.050915 0.037804 0.047047 0.058945 0.061504 0.048005 0.04486 0.028128 0.037461 0.028365 0.025431 0.020174 0.0050355 0.012521 0.018583 0.021666 0.014078 0.024414 0.02247 0.01329 0.0059621 0.00093849 0.0088178 0.011879 0.011308 0.013377 0.0049151 0.0035349 -0.0010776 0.0096834 0.0086728 0.02073 0.015718 0.022708 0.022687 0.027344 0.0099059 0.025672 0.018141 0.037153 0.018474 0.018259 0.027204 0.021291 0.015659 0.025428 0.039381 0.029563 0.031211 0.04183 0.032702 0.026194 0.025645 0.034214 0.041162 0.038387 0.019829 0.0096234 0.0090919 0.028497 0.015236 0.017631 0.014966 0.0047866 0.011093 0.0052803 0.0074784 0.0004829 -0.0048845 0.018948 0.00036365 0.010897 -0.0010637 0.00058556 0.0080276 -0.0057855 -0.0029793 0.0026075 -0.0028198 -0.017466 -0.015782 -0.019777 -0.024475 -0.024117 -0.022386 -0.032068 -0.035887 -0.0092466 -0.018462 -0.0074184 0.0078054 0.011185 0.005496 -8.7944e-05 0.007857 0.030461 0.037966 0.022821 0.036546 0.030029 0.029315 0.038007 0.031999 0.0094079 0.0053563 0.0058439 0.0232 0.013648 0.0082405 0.016993 0.022892 0.0065251 0.0088947 0.0057541 0.013672 0.024582 0.023507 0.031831 0.023127 0.024862 0.024459 0.031604 0.0057924 0.017668 0.0053067 -0.0051489 0.0059269 -0.013078 -0.014989 0.0045245 0.019018 0.015785 0.0082125 0.0072524 -0.015822 -0.018942 -0.026376 -0.011594 -0.014608 -0.0041037 -0.0032179 -0.0049739 -0.0060955 -0.0087564 -0.00016212 0.0011308 -0.0037665 0.0071685 0.0029577 -0.0010548 -0.0027206 -0.017026 0.0016044 0.0061594 0.01545 -0.002234 0.0054902 0.001744 0.0069663 0.013034 0.0036071 0.01875 0.016849 0.01102 0.0052186 0.0049557 0.0073622 0.015343 0.015741 0.020457 0.0069611 0.0052554 -0.0089866 -0.005722 0.0023362 0.017927 0.0060846 0.004278 0.016978 0.014005 0.027959 0.023255 0.012801 0.005283 -0.0045567 -0.011648 -0.0025668 0.0028191 0.0049809 -0.01002 -0.01409 -0.0095823 0.0039522 0.00078288 -0.018743 0.0055555 -0.001569 0.008112 -0.010239 -0.010917 -0.015232 -0.02087 -0.0098007 -0.019442 -0.022065 -0.01667 -0.0020009 -0.014965 -2.1684e-05 0.0035309 -0.0044368 -0.0031752 -0.0048686 -0.0082148 -0.013254 -0.012321 0.0021967 0.010626 0.010432 0.012621 0.025487 -0.00066804 0.00036052 -0.0052444 -0.00345 -0.01247 -0.013408 -0.013466 -0.0026173 0.0077726 0.0018692 0.014367 0.016827 0.0066178 -0.0024492 -0.01018 0.0030216 0.0032071 0.00073077 0.0028808 -0.0019445 0.00094821 -0.013948 -0.013675 -3.1401e-05 -0.0017943 -0.004043 -0.005976 -0.0030846 -0.0083137 -0.00096276 0.0009553 -0.0056467 -0.01732 -0.01529 -0.02258 0.0019706 -0.0082061 0.0092363 0.0048252 0.013307 0.014771 0.0026718 -0.010353 0.019072 0.012187 0.012687 0.029147 0.024046 0.0077604 0.010749 0.0041769 0.0025975 0.0025548 0.014276 -0.00059153 0.011786 -0.008054 -0.011604 -0.0055405 -0.010319 -0.0010171 -0.013788 -0.010235 -0.0031817 -0.012103 -0.0037195 -0.011808 -0.0039117 -0.0010735 0.0096072 -0.0025105 0.0052664 2.8486e-05 -0.0054084 -0.0073694 -0.0059149 -0.0029805 0.0039677 -0.010145 0.0014498 0.0082203 -0.0021649 -0.015468 -0.017179 -0.031882 -0.02394
0.0031673 0.0032495 0.005887 0.01373 0.015026 0.015135 0.011725 0.0013456 0.0017437 0.011684 0.0088647 0.011426 0.0075857 0.0030058 0.010732 0.011264 0.014783 0.0051539 0.002193 0.0025815 0.011183 0.019978 0.022632 0.0096974 0.0044204 0.0035761 0.0061566 0.0096143 0.011859 0.01257 0.0035656 -0.0022676 0.0015082 0.00092901 0.008998 0.022145 0.030464 0.043423 0.042397 0.043976 0.038929 0.033127 0.023331 0.024989 0.026859 0.019421 0.020184 0.0074603 0.0074181 0.0048097 -0.003085 -0.0021605 -0.008269 -8.6724e-05 -0.0063819 -0.0050725 0.0015049 -0.0036831 -9.3992e-05 0.012528 0.006895 -0.00151 -0.0010716 0.0065579 0.016246 0.018123 0.0072264 0.0094153 0.011776 0.009748 0.0073156 0.021053 0.025971 0.023415 0.022703 0.030012 0.022056 0.021255 0.019571 0.023887 0.014765 0.016306 0.025266 0.031754 0.036577 0.040897 0.049945 0.054238 0.067069 0.07132 0.072663 0.065126 0.062701 0.066033 0.070316 0.06239 0.054832 0.057778 0.058602 0.051123 0.046834 0.042116 0.04148 0.043119 0.035422 0.035534 0.037289 0.040268 0.038194 0.035902 0.043444 0.046562 0.048722 0.052608 0.063953 0.060881 0.053869 0.058548 0.056052 0.054906 0.059248 0.059514 0.053292 0.058641 0.053432 0.042652 0.048556 0.049647 0.038404 0.037557 0.034369 0.037579 0.035765 0.040406 0.035748 0.04058 0.046199 0.051643 0.042489 0.046373 0.041651 0.037977 0.047394 0.060235 0.058283 0.063928 0.05309 0.058 0.058808 0.050084 0.058881 0.068379 0.053661 0.040304 0.049614 0.04556 0.042111 0.04918 0.046165 0.043518 0.03627 0.034978 0.040397 0.051273 0.063694 0.058475 0.054039 0.055315 0.062282 0.05796 0.056122 0.04983 0.057417 0.058335 0.056569 0.04603 0.048258 0.045507 0.031808 0.036085 0.029308 0.034356 0.029146 0.028377 0.035967 0.02546 0.031097 0.041489 0.0446 0.046596 0.048411 0.052309 0.067435 0.072253 0.079061 0.083821 0.099066 0.10846 0.11231 0.10627 0.097577 0.099201 0.088822 0.08473 0.072938 0.058769 0.053996 0.055128 0.051738 0.040654 0.036864 0.037433 0.029062 0.028273 0.019091 0.017767 0.011516 0.015368 0.016202 0.020769 0.025339 0.025197 0.023763 0.036048 0.050745 0.069619 0.079564 0.092522 0.092828 0.092733 0.095594 0.092652 0.087483 0.090233 0.080827 0.070801 0.070778 0.064656 0.050958 0.049574 0.059489 0.056077 0.050044 0.043874 0.032749 0.036891 0.042282 0.044705 0.025712 0.022788 0.02134 0.023322 0.02678 0.019432 0.019057 0.023665 0.01363 0.018391 0.017992 0.012039 0.016379 0.021602 0.019664 0.015402 0.017173 0.021545 0.011245 0.013115 0.013894 0.017332 0.028218 0.029071 0.022281 0.028962 0.028623 0.023498 0.026585 0.032571 0.0299 0.03326 0.025386 0.02287 0.029867 0.031706 0.026 0.028693 0.02938 0.033431 0.030142 0.029862 0.032834 0.027519 0.020148 0.02928 0.023266 0.01576 0.01726 0.012697 0.02506 0.025388 0.015285 0.025224 0.029701 0.028166 0.015439 0.016701 0.029939 0.026698 0.018131 0.026904 0.019944 0.019491 0.024064 0.028137 0.019511 0.02595 0.033446 0.028152 0.0258 0.025699 0.034937 0.034881 0.030453 0.033347 0.03704 0.02921 0.026592 0.020616 0.02374 0.033535 0.042093 0.04768 0.054667 0.051519 0.050711 0.053132 0.046471 0.056643 0.055142 0.061363 0.057275 0.055547 0.039178 0.035671 0.041633 0.047391 0.044463 0.047907 0.049294 0.043369 0.045408 0.034069 0.033662 0.037981 0.035844 0.042451 0.034002 0.032239 0.025379 0.023185 0.015171 0.026562 0.02974 0.032272 0.038456 0.039245 0.048183 0.04227 0.052531 0.059296 0.058258 0.057109 0.055646 0.052376 0.051253 0.048284 0.051536 0.052038 0.056837 0.068022 0.072548 0.086202 0.087163 0.1012 0.10593 0.10643 0.099715 0.088937 0.084596 0.077763 0.074625 0.077999 0.072127 0.063113 0.056873 0.0582 0.050639 0.044187 0.041162 0.044585 0.03907 0.045401 0.044419 0.046136 0.042525 0.041204 0.035035 0.037199 0.043313 0.039208 0.039361 0.04122 0.038885 0.040144 0.037094 0.036234 0.028465 0.033293 0.028249 0.03086 0.03864 0.041875 0.030089 0.022688 0.033122 0.034199 0.041947 0.034369 0.031782 0.030576 0.040878 0.034423 0.025113 0.032609 0.035031 0.034491 0.034397 0.044312 0.041183 0.030657 0.023867 0.022712 0.033649 0.031282 0.031997 0.025553 0.023996 0.020936 0.024529 0.028788 0.027279 0.0075603 0.0071089 0.011758 0.0088187 0.0042712 -0.0046174 -0.0035282 0.0014852 -0.00055083 -0.0049731 -0.0042159 -0.0094539 -0.018477 -0.026567 -0.017617 -0.01884 -0.021262 -0.023317 -0.020009 -0.024372 -0.020107 -0.012111 -0.0080719 -0.0044885 -0.003114 0.0017337 0.010999 0.010724 0.0098028 0.0089764 0.018095 0.017694 0.0026748 0.0095066 0.011121 0.011695 0.022886 0.020888 0.033672 0.043479 0.038777 0.048084 0.037401 0.039752 0.041077 0.036223 0.044891 0.041905 0.052192 0.06015 0.057229 0.048182 0.053148 0.052045 0.044042 0.052417 0.041806 0.04934 0.045268 0.053627 0.056681 0.049084 0.052356 0.052769 0.04545 0.048778 0.044204 0.042713 0.023609 0.020285 0.018036 0.01285 0.016765 0.017782 0.013943 0.0146 0.015513 0.0021787 0.0067191 0.007397 0.0065481 0.0068589 0.0075176 0.0043405 0.0082665 0.0051643 0.004544 0.0034274 0.0073323 0.0056112 0.00066389 0.00026192 -0.0044164 0.0076724 0.014773 0.0053869 0.009162 0.0074459 0.01895 0.025181 0.026532 0.025858 0.028686 0.03212 0.036942 0.040978 0.042423 0.034625 0.032711 0.026993 0.029224 0.02824 0.023852 0.02763 0.025477 0.019943 0.022873 0.030592 0.031435 0.028049 0.0080806 0.018246 0.028256 0.021058 0.03239 0.020769 0.018244 0.019873 0.020688 0.025025 0.01901 0.018689 0.024284 0.019363 0.008538 0.0097402 0.0064873 0.017573 0.018767 0.017318 0.032883 0.018082 0.011123 0.019354 0.014359 0.0081273 -0.0037976 0.0019681 0.0019771 0.0039749 0.0033766 0.0047538 0.014495 0.012089 0.0034874 0.0052186 0.0051208 0.0066271 0.0071566 0.013671 0.019941 0.020578 -0.0024032 0.0067327 0.011388 0.0061292 0.00081504 0.0092387 0.014265 0.0093571 0.014301 0.015031 0.012489 0.00061842 0.0065614 0.0077496 0.021393 0.022682 0.022211 0.017352 0.016951 0.019405 0.0087858 0.016482 0.018294 -0.0025983 -0.0015644 0.0047279 0.0080768 0.0083589 0.0053439 0.0012088 0.0079484 0.010017 0.0046901 0.0046467 0.002347 0.012955 0.013601 0.0045113 0.0021994 0.010897 -0.0012228 0.004533 0.0092274 0.013829 -0.0013104 -0.00078194 0.0088855 0.016245 0.013372 0.0049553 -0.0025692 0.009337 0.0074732 0.0094011 0.015703 0.01959 0.01616 0.0033892 -0.0097733 0.0065119 0.0026622 0.0065813 -0.0022583 -0.0002886 0.0062842 -0.0021386 -0.0013957 -0.0031304 7.3675e-05 -0.0036552 0.005394 0.0049005 0.0056811 0.0022919 -0.0061583 0.0096853 0.01058 -0.0016496 0.00024499
-0.0010881 -0.00033962 -0.0019174 0.0066178 0.010824 0.01596 0.012614 0.0066215 0.008551 0.016877 0.0079613 0.0052627 0.0028022 0.0027011 0.0062345 0.0068894 0.010157 0.003432 0.0038317 -0.00060031 0.0026976 0.013905 0.017189 0.011747 0.010508 0.0099735 0.0077658 0.011414 0.014134 0.012349 0.0080387 0.0015497 0.004384 0.0016569 0.012559 0.03029 0.039654 0.046434 0.04853 0.051866 0.04488 0.040441 0.030907 0.031659 0.032009 0.023596 0.020865 0.0087514 0.0043992 0.0018296 -0.0012653 -0.0012776 -0.0031165 0.0011046 -0.0030244 -0.00077575 0.0036198 0.0036954 0.010824 0.01774 0.013185 0.010494 0.0085704 0.0099287 0.018485 0.023286 0.017971 0.018196 0.021025 0.02047 0.015305 0.024139 0.029246 0.02652 0.022131 0.030263 0.025124 0.02223 0.019908 0.026774 0.017534 0.023909 0.033387 0.039302 0.044926 0.046854 0.055136 0.059712 0.072846 0.079443 0.078385 0.07399 0.071545 0.072077 0.071511 0.063545 0.058978 0.061905 0.059234 0.052142 0.050635 0.047425 0.045818 0.045986 0.036308 0.036812 0.038915 0.043393 0.044551 0.043872 0.049277 0.054238 0.055495 0.059902 0.068154 0.067607 0.061485 0.064605 0.060489 0.058954 0.061866 0.062189 0.058209 0.061265 0.051982 0.043645 0.048896 0.051898 0.039712 0.040018 0.041198 0.042832 0.04134 0.046275 0.04278 0.045451 0.048596 0.052069 0.046886 0.047428 0.048963 0.044285 0.049596 0.0605 0.058663 0.062321 0.055935 0.062713 0.066961 0.060249 0.063747 0.068549 0.059844 0.048198 0.050328 0.047403 0.045761 0.04966 0.048878 0.0475 0.041951 0.044066 0.046503 0.055392 0.061156 0.060997 0.060486 0.057786 0.06127 0.058564 0.054226 0.04955 0.052401 0.05424 0.051872 0.042569 0.046494 0.0477 0.032984 0.034907 0.028473 0.031437 0.029373 0.031692 0.036138 0.030997 0.034579 0.040544 0.043799 0.047878 0.049814 0.053623 0.068578 0.074321 0.085476 0.087317 0.099828 0.10769 0.11168 0.10713 0.09972 0.099715 0.084968 0.082328 0.073171 0.05931 0.054583 0.055666 0.05293 0.04318 0.040861 0.040739 0.032789 0.030263 0.021523 0.019778 0.013642 0.013969 0.013676 0.019272 0.026329 0.028551 0.030974 0.041385 0.058367 0.073537 0.08218 0.091902 0.095856 0.091683 0.089707 0.084178 0.083418 0.084917 0.075494 0.065817 0.065676 0.062844 0.055298 0.051681 0.057841 0.05293 0.045109 0.035281 0.031126 0.036608 0.042363 0.040783 0.02291 0.020535 0.016782 0.022093 0.024446 0.019768 0.018525 0.022875 0.01417 0.01598 0.016066 0.011177 0.017318 0.021171 0.020318 0.017772 0.016165 0.020943 0.016744 0.017472 0.012741 0.01924 0.030867 0.028685 0.022335 0.025966 0.026421 0.025468 0.027253 0.032984 0.028265 0.029116 0.024315 0.024093 0.030388 0.033429 0.030699 0.031687 0.030709 0.032295 0.031434 0.024708 0.028465 0.025699 0.019578 0.027486 0.022179 0.018961 0.020091 0.017732 0.027317 0.026143 0.018716 0.026569 0.030552 0.026985 0.016354 0.015867 0.025306 0.027206 0.022129 0.029696 0.02032 0.020968 0.024291 0.027856 0.021772 0.025357 0.0313 0.032365 0.028448 0.03058 0.035334 0.034287 0.028147 0.032574 0.037036 0.032154 0.029455 0.025615 0.028805 0.033648 0.042659 0.051723 0.056933 0.054517 0.052373 0.05714 0.05245 0.057127 0.054383 0.059844 0.058262 0.053053 0.043375 0.036849 0.038641 0.04454 0.045455 0.045833 0.04663 0.04228 0.046101 0.039682 0.038676 0.03922 0.040334 0.04232 0.032027 0.031209 0.025661 0.033247 0.028975 0.034052 0.037042 0.036774 0.044318 0.047494 0.053375 0.048677 0.054145 0.059054 0.056716 0.058343 0.057673 0.059105 0.058547 0.051779 0.053817 0.056562 0.059999 0.069547 0.077005 0.084594 0.08648 0.1013 0.10081 0.10154 0.098421 0.08714 0.08036 0.072854 0.067728 0.070101 0.063438 0.054773 0.051421 0.053457 0.043721 0.042588 0.038769 0.046387 0.040451 0.042921 0.042519 0.042579 0.042155 0.042304 0.033283 0.036984 0.043463 0.040689 0.041371 0.042817 0.038973 0.040481 0.037243 0.036127 0.028353 0.03192 0.024411 0.028685 0.035164 0.036303 0.030223 0.023373 0.030199 0.031649 0.037091 0.029766 0.028199 0.026731 0.035061 0.02931 0.024306 0.03061 0.031916 0.034167 0.034883 0.040678 0.039045 0.028003 0.022894 0.022746 0.028302 0.023816 0.028272 0.023563 0.02185 0.024136 0.026915 0.031055 0.030249 0.013702 0.012844 0.016124 0.017342 0.013107 0.0057674 0.0059495 0.01207 0.011356 0.009138 0.0075477 0.0050223 -0.0015694 -0.0083345 0.0034221 -0.00068729 -0.00062503 -0.00047204 0.0030237 0.0017435 0.0043143 0.0061899 0.0045082 0.0036267 0.0056707 0.01139 0.015202 0.013508 0.011179 0.010146 0.013712 0.0097794 -0.0017052 0.007975 0.0087503 0.0087681 0.017129 0.016804 0.024068 0.027504 0.02488 0.030204 0.02292 0.023807 0.028282 0.02303 0.033038 0.029675 0.032511 0.041089 0.043305 0.038488 0.042092 0.043004 0.036796 0.044176 0.040421 0.042481 0.036201 0.042595 0.046297 0.037743 0.041336 0.041531 0.036266 0.036822 0.033724 0.03606 0.022287 0.015702 0.014269 0.00986 0.010882 0.013465 0.0098965 0.011864 0.0095836 -0.00063181 0.0059663 0.0052251 0.0023889 -0.00061179 0.0052337 0.0012973 0.0054184 0.0057048 0.0041468 0.0037682 0.010868 0.013831 0.0068194 0.0028104 0.0016247 0.01602 0.018105 0.010014 0.018118 0.015507 0.025232 0.025534 0.025549 0.031486 0.034576 0.034456 0.036344 0.039803 0.04031 0.035723 0.032584 0.024444 0.027493 0.026449 0.021159 0.023034 0.022397 0.01981 0.016969 0.022837 0.025931 0.024992 0.0074968 0.017696 0.024382 0.018395 0.026781 0.019004 0.020891 0.019149 0.019264 0.02204 0.016976 0.01238 0.01945 0.013705 0.0048147 0.010155 0.0060983 0.014563 0.01589 0.014557 0.022691 0.015367 0.0045757 0.012985 0.0082795 0.005255 -0.0038563 0.0049375 0.0030591 0.0046168 0.0039467 0.0013483 0.010898 0.010356 0.0044293 0.0075226 0.0056475 0.0072954 0.0087181 0.013355 0.017497 0.019097 -0.00024095 0.0062796 0.010557 0.0042674 0.00047814 0.004335 0.011107 0.0096851 0.012302 0.013607 0.01444 0.0048921 0.0045622 0.007661 0.014479 0.018424 0.018216 0.014277 0.019365 0.016144 0.0076304 0.015735 0.012866 -0.0027226 -0.0027249 0.0058166 0.0099193 0.0049765 0.00012915 -0.00089176 0.0064677 0.0086981 0.0049049 0.0038221 0.0032829 0.013332 0.010793 0.0042614 0.0015537 0.0095844 0.00032157 0.0074837 0.0086405 0.01172 0.0060364 0.0045762 0.0071684 0.012729 0.0088114 0.0019642 -0.0039967 0.0047964 0.0031565 0.0056059 0.0089102 0.013925 0.010942 0.0032262 -0.0071655 0.0057365 0.0031918 0.0029197 -0.0033563 0.0022971 0.0066943 0.00070446 -0.00067438 -0.0023079 0.0011011 -0.0017008 0.0044083 0.0056837 0.0055471 0.0018893 -0.0037605 0.0066669 0.010928 -0.00096417 0.00019075
-0.0066964 -0.0070939 -0.008447 -0.0018945 0.0046668 0.013754 0.0099083 0.0067658 0.011138 0.018677 0.0072924 0.0015625 -9.2157e-05 0.0012823 0.0023174 0.0034749 0.0063965 0.0038394 0.0061284 -0.0023481 -0.0041366 0.0071462 0.01206 0.014505 0.016057 0.01604 0.010499 0.013849 0.015946 0.015256 0.01434 0.0075244 0.0083587 0.0058449 0.01592 0.034204 0.044296 0.048487 0.051388 0.05392 0.046458 0.041922 0.034215 0.033912 0.033939 0.027002 0.020285 0.0093711 0.0034759 0.0014885 0.0022366 0.0010874 0.0024564 0.0021454 0.0003579 0.0019403 0.0077918 0.011873 0.019035 0.021532 0.018883 0.019217 0.017012 0.014937 0.021113 0.026987 0.026249 0.026087 0.029801 0.029675 0.021887 0.026353 0.030614 0.028653 0.021344 0.030025 0.026897 0.024363 0.020037 0.029313 0.022631 0.030806 0.040312 0.046195 0.053903 0.053646 0.061162 0.064653 0.075791 0.08266 0.081264 0.079068 0.077099 0.074603 0.0691 0.0613 0.060688 0.063525 0.060387 0.053773 0.054406 0.051987 0.049449 0.04892 0.038912 0.03908 0.041765 0.046029 0.050252 0.051637 0.053126 0.059542 0.063042 0.065094 0.070025 0.071951 0.066946 0.069249 0.06552 0.063123 0.063735 0.062031 0.05975 0.059906 0.051869 0.044731 0.047388 0.052397 0.042059 0.042932 0.045912 0.047284 0.046204 0.049882 0.048657 0.050839 0.052193 0.05247 0.049461 0.04796 0.054036 0.0495 0.05118 0.059718 0.057584 0.060227 0.058688 0.066764 0.072003 0.066198 0.066092 0.067737 0.06384 0.054077 0.05279 0.049999 0.049648 0.050285 0.049205 0.047622 0.045639 0.049848 0.0483 0.056164 0.058636 0.062846 0.064668 0.061114 0.061913 0.0598 0.051672 0.048894 0.047197 0.049319 0.046622 0.039378 0.043979 0.048367 0.033725 0.033987 0.027944 0.028411 0.029933 0.034201 0.035746 0.036472 0.038327 0.040927 0.044543 0.050289 0.05356 0.057832 0.070839 0.077627 0.090966 0.09005 0.10029 0.10861 0.11113 0.10587 0.099262 0.099213 0.083694 0.079199 0.070868 0.060195 0.054997 0.055575 0.052294 0.04445 0.040897 0.039808 0.033527 0.030626 0.023568 0.020756 0.015847 0.012471 0.011196 0.018326 0.027657 0.031415 0.037414 0.047666 0.065136 0.077163 0.085969 0.092174 0.097365 0.092333 0.086741 0.078026 0.080537 0.078862 0.071557 0.06253 0.06137 0.059532 0.05571 0.051995 0.055592 0.049281 0.039962 0.029824 0.030345 0.036162 0.04088 0.036332 0.021974 0.019978 0.013246 0.020383 0.021526 0.020794 0.019021 0.022321 0.015085 0.014008 0.013684 0.010529 0.016003 0.018876 0.019013 0.019103 0.015323 0.018426 0.019756 0.018858 0.012398 0.019757 0.029598 0.027033 0.022235 0.023035 0.023238 0.025508 0.027333 0.03245 0.025323 0.024398 0.023751 0.025216 0.028936 0.031846 0.031254 0.031636 0.029655 0.029765 0.030704 0.020592 0.023094 0.022553 0.018312 0.024743 0.020957 0.020959 0.020856 0.020507 0.029204 0.025297 0.021164 0.027261 0.029496 0.025196 0.016826 0.015226 0.021745 0.026158 0.02561 0.030691 0.019624 0.020101 0.025291 0.026871 0.021631 0.02349 0.027273 0.033029 0.028437 0.031631 0.034319 0.031754 0.025513 0.031302 0.035411 0.032457 0.031521 0.029519 0.033605 0.034225 0.042211 0.051242 0.054798 0.052579 0.051803 0.056727 0.052877 0.054841 0.053386 0.056901 0.056617 0.049833 0.043723 0.037172 0.035664 0.042376 0.046378 0.044364 0.043833 0.040236 0.045063 0.042435 0.040202 0.039805 0.0416 0.040191 0.029154 0.028208 0.024902 0.038865 0.038267 0.037737 0.039887 0.038414 0.046465 0.051893 0.055948 0.05246 0.05451 0.057807 0.054825 0.057537 0.057339 0.062227 0.060499 0.052174 0.054176 0.059519 0.061582 0.069513 0.08033 0.084445 0.08586 0.099327 0.094003 0.093327 0.092596 0.084437 0.07599 0.068257 0.061573 0.062069 0.054522 0.046706 0.045031 0.046389 0.037431 0.041257 0.037147 0.04611 0.041729 0.040189 0.040062 0.038675 0.040319 0.042057 0.030774 0.03405 0.039752 0.039825 0.040532 0.042619 0.038489 0.038876 0.035537 0.035927 0.027572 0.029664 0.02101 0.025264 0.030986 0.031131 0.029911 0.023921 0.026489 0.028009 0.031413 0.025286 0.024133 0.023039 0.029014 0.023916 0.023081 0.028186 0.028152 0.031396 0.034395 0.0356 0.036758 0.025498 0.020392 0.021529 0.023933 0.019025 0.024585 0.020174 0.019792 0.024512 0.027494 0.030798 0.02926 0.016074 0.015484 0.016578 0.021563 0.018118 0.013681 0.015252 0.020377 0.019854 0.020281 0.01673 0.017994 0.013821 0.0079115 0.020611 0.014772 0.016201 0.018959 0.022354 0.022581 0.02383 0.023363 0.018184 0.012855 0.014732 0.020813 0.019879 0.018346 0.015566 0.014566 0.0129 0.0092523 0.0002771 0.011305 0.012028 0.011457 0.016287 0.016595 0.021299 0.020129 0.018203 0.020903 0.016354 0.015602 0.021045 0.016322 0.023992 0.021577 0.019743 0.026491 0.031583 0.031178 0.033447 0.035022 0.028368 0.033468 0.035962 0.035109 0.02745 0.031758 0.03617 0.030006 0.032095 0.032391 0.029225 0.025915 0.025051 0.030149 0.021224 0.012995 0.01124 0.0082801 0.0064943 0.010961 0.008893 0.013995 0.0079894 0.00109 0.0083715 0.006029 0.0031168 -0.0029084 0.0057305 0.00089003 0.0048831 0.0074692 0.0058136 0.0052486 0.014064 0.019583 0.011658 0.00425 0.0062144 0.020894 0.019911 0.014239 0.025275 0.022453 0.028806 0.026477 0.024767 0.035119 0.03665 0.034135 0.032044 0.036957 0.036731 0.035219 0.032146 0.021739 0.026261 0.025035 0.018903 0.019882 0.020163 0.019136 0.012626 0.017652 0.021677 0.021971 0.0096287 0.018142 0.019838 0.015577 0.02121 0.0179 0.022791 0.018718 0.018808 0.020294 0.014844 0.0088213 0.018619 0.012886 0.0044078 0.010393 0.0060262 0.013168 0.015223 0.012899 0.014575 0.013173 0.0016435 0.0071424 0.003853 0.0016043 -0.0031898 0.0057914 0.0027847 0.0062172 0.0059968 0.0001231 0.0070613 0.0093728 0.0061074 0.0090182 0.0054281 0.0078951 0.0098532 0.012644 0.0168 0.018856 0.0014182 0.0069035 0.0088009 0.0033544 0.0010603 0.0019597 0.0079095 0.0082721 0.0094952 0.012151 0.015229 0.0089434 0.0039929 0.0069165 0.0074469 0.012604 0.01326 0.0090271 0.016213 0.011178 0.0064016 0.012283 0.0084308 -0.0009727 -0.0028987 0.0056609 0.01015 0.0021174 -0.004393 -0.002035 0.0068316 0.0085939 0.0041771 0.0032936 0.0058146 0.012586 0.0078814 0.005083 0.0030975 0.0088221 0.0011244 0.010044 0.0076049 0.0090127 0.0089831 0.007723 0.0063271 0.0097147 0.0052108 0.00065955 -0.0024319 0.0018117 0.00045932 0.0033939 0.0047071 0.0084729 0.0060516 0.0045734 -0.0034111 0.0066501 0.0052079 0.0013481 -0.0027709 0.0057953 0.0075314 0.0033404 0.0016203 0.00075617 0.0037269 -0.0004801 0.0027819 0.0051601 0.0045467 0.0018258 -0.00087146 0.0055685 0.012069 0.00067776 -0.0011452
-0.0035183 -0.011714 -0.014193 -0.012616 -0.010118 -0.0016096 0.0088679 0.0050783 0.0026488 0.0095 0.015799 0.0054348 -0.00027716 -0.0015613 -0.00090741 -0.0010766 0.00074387 0.004127 0.006199 0.008529 -0.0020308 -0.0070741 0.0015623 0.0080401 0.01713 0.020713 0.021438 0.014956 0.017397 0.017837 0.020947 0.021533 0.01537 0.013498 0.012004 0.018788 0.034866 0.045533 0.049886 0.051457 0.051082 0.044835 0.039138 0.033226 0.033004 0.033626 0.02987 0.019023 0.0094469 0.0054138 0.0046918 0.0081387 0.0056045 0.008407 0.0043877 0.0043324 0.0052655 0.014659 0.019514 0.024415 0.024302 0.024101 0.02529 0.023473 0.02105 0.02472 0.030746 0.032029 0.032498 0.037456 0.037117 0.027354 0.02911 0.031381 0.031375 0.023027 0.030972 0.028087 0.028006 0.021517 0.031559 0.029522 0.037233 0.046259 0.052148 0.062511 0.061368 0.068093 0.070379 0.0776 0.083245 0.082606 0.081262 0.080422 0.074876 0.064759 0.057931 0.061763 0.063745 0.061364 0.055974 0.057579 0.056215 0.052585 0.051425 0.043249 0.042633 0.045981 0.049305 0.055129 0.059038 0.056325 0.063451 0.070239 0.069134 0.071811 0.074501 0.070647 0.073279 0.070253 0.06732 0.065134 0.060477 0.059277 0.055185 0.052882 0.046437 0.045956 0.052734 0.045692 0.046188 0.049464 0.05132 0.050668 0.051995 0.052983 0.0559 0.056478 0.053498 0.05239 0.049065 0.057651 0.053918 0.052978 0.05949 0.056659 0.059282 0.061231 0.069087 0.074273 0.06963 0.067331 0.067009 0.066411 0.058209 0.057039 0.053908 0.053615 0.051164 0.048547 0.045719 0.047315 0.052548 0.04763 0.054749 0.057151 0.064332 0.067033 0.065023 0.06353 0.060944 0.04899 0.047982 0.042814 0.045571 0.042175 0.037523 0.041436 0.04693 0.033972 0.032615 0.026472 0.024614 0.029851 0.034881 0.035196 0.041415 0.042085 0.043176 0.047221 0.054432 0.059141 0.064207 0.073864 0.081034 0.095111 0.092812 0.10175 0.11046 0.11004 0.10288 0.096592 0.097334 0.083473 0.07509 0.065747 0.060937 0.055422 0.054526 0.050093 0.044755 0.038452 0.035996 0.032194 0.030234 0.025774 0.021344 0.01906 0.012307 0.01065 0.01905 0.029978 0.034551 0.043854 0.053954 0.070479 0.079898 0.089649 0.09294 0.096741 0.093546 0.086893 0.074871 0.07786 0.072447 0.068608 0.060232 0.057673 0.055223 0.052857 0.049611 0.051587 0.045137 0.035821 0.028383 0.030437 0.035739 0.037948 0.032023 0.022573 0.020644 0.011964 0.019324 0.019177 0.022263 0.020523 0.021484 0.01588 0.012286 0.010733 0.0091671 0.013096 0.015612 0.017263 0.019749 0.015302 0.014926 0.020259 0.018489 0.013049 0.018573 0.02487 0.024056 0.021919 0.021246 0.020832 0.024477 0.026536 0.031004 0.021852 0.020612 0.022655 0.025275 0.025763 0.027548 0.029261 0.030246 0.027041 0.027022 0.029708 0.018675 0.019262 0.019639 0.017932 0.022598 0.019919 0.021863 0.020304 0.020774 0.030021 0.023878 0.022021 0.026475 0.026826 0.022703 0.017405 0.015684 0.02023 0.024617 0.028414 0.030638 0.018319 0.017695 0.026757 0.025743 0.020147 0.021309 0.023684 0.03069 0.027167 0.030396 0.032742 0.029595 0.023642 0.029547 0.032895 0.031692 0.033251 0.033469 0.037938 0.035989 0.042264 0.04852 0.049934 0.048177 0.050069 0.052492 0.04911 0.050054 0.051887 0.05289 0.05277 0.046752 0.041412 0.036897 0.033381 0.041352 0.046259 0.042029 0.040784 0.037125 0.042215 0.041725 0.03848 0.039513 0.04076 0.036872 0.02606 0.025284 0.023923 0.03998 0.043155 0.039135 0.040403 0.039649 0.047251 0.053681 0.056751 0.054279 0.053979 0.056464 0.05379 0.05566 0.055747 0.062633 0.059432 0.051027 0.05336 0.060705 0.062076 0.069299 0.083022 0.085099 0.084967 0.095779 0.087269 0.083016 0.083532 0.080987 0.071944 0.064296 0.057292 0.055517 0.047735 0.040399 0.039305 0.039532 0.032896 0.039987 0.035803 0.043643 0.041631 0.037524 0.036858 0.034406 0.036426 0.03957 0.027635 0.029305 0.033558 0.036742 0.037137 0.040026 0.036718 0.034963 0.032266 0.034981 0.025992 0.026528 0.018506 0.021649 0.026376 0.026801 0.028855 0.023796 0.022868 0.024496 0.026524 0.021466 0.020129 0.020235 0.023483 0.019525 0.022139 0.025629 0.023475 0.025822 0.032334 0.029597 0.033383 0.022547 0.016561 0.018982 0.0205 0.016408 0.021325 0.016325 0.017902 0.022469 0.026098 0.027126 0.024987 0.016327 0.01564 0.014323 0.021598 0.01883 0.019523 0.023071 0.026017 0.023843 0.026732 0.022004 0.026959 0.025178 0.020489 0.03191 0.025812 0.027204 0.032587 0.035576 0.035177 0.03572 0.03648 0.030005 0.021169 0.023297 0.02872 0.024382 0.024178 0.021761 0.020155 0.015168 0.015004 0.0072969 0.017795 0.019336 0.017817 0.018805 0.019399 0.024033 0.019603 0.017481 0.019363 0.01719 0.015375 0.020053 0.015276 0.019943 0.018999 0.015187 0.019259 0.024869 0.028047 0.029379 0.030179 0.021758 0.023172 0.029248 0.02824 0.020667 0.02303 0.027745 0.025493 0.025744 0.025549 0.024591 0.017702 0.019884 0.02629 0.021101 0.01246 0.0098691 0.0079834 0.0035268 0.0091606 0.0088848 0.017669 0.0095527 0.0055255 0.012361 0.0084304 0.0065858 -0.0023253 0.0068462 0.0018116 0.00512 0.0091513 0.007756 0.0062286 0.0151 0.021559 0.014792 0.0053532 0.0089191 0.021651 0.020559 0.017364 0.029915 0.027622 0.029879 0.028555 0.024713 0.036708 0.035261 0.031497 0.026807 0.033613 0.032985 0.033515 0.031483 0.019389 0.024772 0.023836 0.017701 0.01815 0.018579 0.018252 0.0089612 0.013929 0.017947 0.018188 0.012514 0.017698 0.014666 0.011911 0.015457 0.01648 0.022697 0.017242 0.017394 0.017899 0.011639 0.0072667 0.019457 0.014666 0.006011 0.0092277 0.0055398 0.011855 0.014913 0.01202 0.0085877 0.010281 0.0020913 0.0027675 0.00086445 -0.0024034 -0.0029369 0.004952 0.0014493 0.0074741 0.0078841 -0.00042086 0.0029565 0.007913 0.007497 0.0091469 0.0048513 0.0078029 0.010062 0.010816 0.015795 0.017811 0.002686 0.0083198 0.0063719 0.0030237 0.0027091 0.0020025 0.0053896 0.0061175 0.0068207 0.010074 0.013475 0.010346 0.0043526 0.0050908 0.00086839 0.0061497 0.0079627 0.0033252 0.0096262 0.0052375 0.0045452 0.007148 0.0057121 0.0020539 -0.0021491 0.0038913 0.008284 -1.456e-05 -0.0067163 -0.0020917 0.0083252 0.0095251 0.003257 0.0030187 0.0093564 0.010853 0.0054122 0.0067776 0.0063392 0.0085517 0.001748 0.012613 0.0066873 0.0060799 0.0083202 0.008293 0.0066333 0.0072287 0.0030133 0.0016995 0.0010571 0.0004556 -0.00099626 0.0021033 0.0027458 0.0038861 0.0020992 0.0057192 -0.0003372 0.0068172 0.0071667 0.0013701 -0.0018351 0.0083656 0.0074954 0.0039412 0.0033848 0.0041555 0.0065308 -0.0010039 0.0013246 0.0040244 0.0036248 0.0022598 0.002288 0.005919 0.013857 0.0028112
-0.0069667 -0.014869 -0.019067 -0.014171 -0.016633 -0.0064829 0.0021779 -0.00031956 -0.0042651 0.0046959 0.0081562 0.0017277 -0.0010211 -0.002096 -0.0029743 -0.0033946 -0.0010762 0.0040153 0.010237 0.010452 0.00024166 -0.005607 -0.0012917 0.0061231 0.019113 0.024127 0.025827 0.020562 0.02151 0.020198 0.027748 0.028283 0.02409 0.019335 0.018437 0.021274 0.033536 0.04456 0.050496 0.0496 0.045648 0.042072 0.034512 0.029648 0.031497 0.032317 0.032316 0.018248 0.010092 0.01022 0.011396 0.016029 0.012308 0.014581 0.0083108 0.0089661 0.010831 0.023653 0.025464 0.026807 0.026369 0.028491 0.028994 0.027328 0.027503 0.029813 0.035293 0.035752 0.036624 0.043374 0.042134 0.031884 0.033157 0.032854 0.035633 0.028732 0.034403 0.029917 0.033067 0.025529 0.033929 0.03694 0.043266 0.051164 0.057142 0.069758 0.069968 0.075956 0.077569 0.079667 0.083512 0.083732 0.081477 0.082211 0.074233 0.060761 0.055976 0.063646 0.063877 0.062178 0.058589 0.059975 0.060018 0.054956 0.052694 0.048412 0.047057 0.051124 0.053853 0.059151 0.065633 0.05993 0.066881 0.076004 0.072436 0.074638 0.075591 0.072626 0.077031 0.073657 0.07141 0.067008 0.059506 0.058298 0.048987 0.054503 0.048844 0.046059 0.053951 0.050437 0.049629 0.052236 0.054837 0.054593 0.053315 0.055524 0.059733 0.060641 0.055125 0.05639 0.051061 0.060259 0.057501 0.05582 0.060873 0.05767 0.060363 0.063381 0.069212 0.073977 0.071384 0.068212 0.066956 0.06805 0.060528 0.061903 0.05856 0.057109 0.052323 0.048445 0.044189 0.047892 0.053 0.046528 0.052614 0.057197 0.065136 0.068012 0.068908 0.065396 0.061573 0.046713 0.046943 0.03984 0.043956 0.039507 0.037854 0.039782 0.043733 0.033974 0.030697 0.024118 0.020557 0.028812 0.033515 0.034914 0.045277 0.045713 0.047141 0.05121 0.060261 0.065729 0.071467 0.077081 0.083527 0.097619 0.095343 0.10462 0.11181 0.10762 0.098765 0.092366 0.093914 0.082585 0.07011 0.058458 0.061084 0.055789 0.052602 0.047083 0.044282 0.035443 0.031007 0.029822 0.029804 0.02824 0.021591 0.023018 0.014505 0.013123 0.02158 0.033425 0.038157 0.05055 0.059449 0.073818 0.081712 0.092184 0.092984 0.093225 0.093521 0.088522 0.074287 0.074618 0.06654 0.066295 0.058753 0.054277 0.050634 0.047968 0.044612 0.045327 0.040192 0.033214 0.030296 0.030728 0.035086 0.033965 0.028644 0.024055 0.021473 0.013364 0.019271 0.018018 0.023985 0.022617 0.02059 0.016351 0.010976 0.007694 0.0071496 0.0098629 0.012488 0.016367 0.020534 0.016381 0.012194 0.019301 0.017766 0.015097 0.016273 0.018361 0.020253 0.021255 0.020932 0.020281 0.02327 0.02525 0.029268 0.019308 0.019112 0.021092 0.023835 0.022055 0.022338 0.026644 0.028737 0.023622 0.024668 0.029524 0.019148 0.018503 0.018254 0.019557 0.022199 0.019385 0.021197 0.019188 0.019016 0.029229 0.022438 0.02138 0.024237 0.023161 0.019604 0.018303 0.017429 0.021232 0.023716 0.030144 0.030102 0.017338 0.015131 0.028037 0.024908 0.018326 0.019644 0.022633 0.026773 0.026132 0.028653 0.031464 0.029596 0.023508 0.027525 0.030452 0.031034 0.034336 0.037345 0.041228 0.038997 0.043238 0.045339 0.044484 0.043964 0.048058 0.046249 0.043584 0.044224 0.049975 0.048906 0.047537 0.044536 0.038264 0.036758 0.032498 0.041296 0.044577 0.037839 0.037254 0.032945 0.038042 0.037964 0.034222 0.03802 0.038702 0.033279 0.023442 0.023839 0.02361 0.03707 0.043544 0.03898 0.040045 0.041623 0.048092 0.053722 0.056248 0.054757 0.052786 0.055122 0.054056 0.053456 0.05372 0.060661 0.056936 0.049275 0.051899 0.059664 0.06159 0.069585 0.084559 0.085413 0.082908 0.090687 0.081598 0.072146 0.072656 0.076575 0.068619 0.061215 0.055418 0.051354 0.044188 0.036736 0.035663 0.034691 0.030366 0.037779 0.03359 0.038943 0.039351 0.034647 0.033091 0.030139 0.030448 0.034502 0.023566 0.023809 0.026148 0.032105 0.032276 0.034967 0.032784 0.028881 0.027535 0.032683 0.023937 0.023229 0.017316 0.019127 0.022223 0.023569 0.026969 0.022598 0.020586 0.022568 0.023793 0.019025 0.016636 0.018619 0.0196 0.017414 0.022101 0.023375 0.018549 0.018195 0.028426 0.023218 0.028148 0.018508 0.012161 0.015718 0.018265 0.014983 0.018656 0.012687 0.016123 0.018858 0.022619 0.020041 0.018122 0.015674 0.013903 0.010346 0.017805 0.015243 0.022743 0.02704 0.027848 0.022753 0.026775 0.021362 0.028772 0.029412 0.026797 0.03546 0.030626 0.030507 0.038016 0.03997 0.037246 0.037728 0.042346 0.036525 0.02602 0.029333 0.033368 0.027398 0.02924 0.027948 0.024651 0.019579 0.024337 0.017318 0.025575 0.028645 0.025762 0.023287 0.024397 0.030466 0.023602 0.021286 0.023351 0.023573 0.021416 0.024099 0.017683 0.020654 0.021221 0.017731 0.019829 0.024073 0.029076 0.029876 0.028988 0.018507 0.015403 0.021209 0.022778 0.016091 0.017234 0.022108 0.022843 0.022242 0.020501 0.021745 0.013062 0.018699 0.024335 0.021291 0.012993 0.0093214 0.0084885 0.0016491 0.0070656 0.0083592 0.019693 0.011975 0.010002 0.01614 0.010912 0.010023 -0.0011829 0.0069634 0.0030791 0.0051518 0.0092831 0.008081 0.0054149 0.013069 0.018901 0.015519 0.0061719 0.009707 0.018713 0.019788 0.018539 0.031433 0.029869 0.028359 0.030698 0.024536 0.035458 0.031096 0.027422 0.022437 0.030254 0.02976 0.030856 0.029993 0.017489 0.022567 0.02221 0.017571 0.017504 0.01759 0.017429 0.0058466 0.010898 0.014364 0.013544 0.014297 0.015498 0.0097777 0.0074075 0.0094367 0.013841 0.020173 0.013844 0.013458 0.013651 0.0071254 0.0069982 0.019381 0.016333 0.0079229 0.0063432 0.0041352 0.0093647 0.013401 0.01138 0.0044563 0.0061083 0.0047495 0.00071204 -0.0012084 -0.0060191 -0.0032292 0.0035483 -0.0002622 0.007464 0.0084627 -0.0011741 -0.00077881 0.0049846 0.0077827 0.0074886 0.0041306 0.0068678 0.0088765 0.0075206 0.013459 0.014318 0.0035594 0.0099281 0.0040759 0.0031645 0.0053278 0.003264 0.0037332 0.0043165 0.0050594 0.0066999 0.0086886 0.0079525 0.0046617 0.002425 -0.0042938 0.00045934 0.0034312 -0.0011069 0.0024708 -0.00020284 0.0017814 0.0018168 0.0047155 0.0052945 -0.0009736 0.00059343 0.0040432 -0.0017902 -0.0059047 -0.0010959 0.0099234 0.010671 0.0024053 0.0032482 0.012777 0.0083738 0.0039829 0.0088897 0.010102 0.0081798 0.0024914 0.015384 0.0065106 0.0034645 0.0056036 0.006594 0.008133 0.005605 0.0025721 0.0044675 0.0043876 0.00030358 -0.0015805 0.0015139 0.0023415 0.00087653 -2.2093e-05 0.0060091 0.00090032 0.0047802 0.0079544 0.0017023 -0.0015503 0.0086099 0.0059818 0.0016405 0.0031598 0.0058749 0.0083729 -0.0032627 0.00081407 0.0029513 0.0037302 0.0030519 0.0053279 0.006649 0.015245 0.0042332
-0.008226 -0.015512 -0.020029 -0.013323 -0.020111 -0.0087721 -0.0047162 -0.0048795 -0.011883 -0.0010969 -0.0024808 -0.0032147 -0.0013625 -0.0019518 -0.0037181 -0.003675 -0.0013616 0.0064143 0.015594 0.011628 0.0033228 -0.0013309 -0.00077718 0.0071444 0.020468 0.026162 0.029069 0.025684 0.024985 0.023261 0.033365 0.033434 0.032044 0.024834 0.023687 0.023653 0.031872 0.04291 0.050226 0.04715 0.040556 0.040537 0.030655 0.026416 0.032211 0.031302 0.034287 0.019265 0.012796 0.016975 0.020445 0.024588 0.020342 0.020722 0.013465 0.013816 0.019021 0.032991 0.029335 0.026704 0.028173 0.031459 0.03047 0.028499 0.033303 0.036182 0.040401 0.038808 0.038289 0.047358 0.044416 0.035849 0.038543 0.036034 0.041387 0.038024 0.040373 0.033502 0.038954 0.032355 0.037108 0.043311 0.048893 0.05497 0.061445 0.07521 0.079261 0.084586 0.085783 0.082926 0.085619 0.085988 0.080676 0.083089 0.073922 0.059506 0.057632 0.066919 0.06486 0.063375 0.061314 0.061765 0.063011 0.056196 0.0523 0.053042 0.051368 0.056423 0.059781 0.062886 0.07093 0.064434 0.070261 0.079725 0.074897 0.07805 0.074984 0.072368 0.080366 0.074947 0.075159 0.070379 0.061016 0.058229 0.04388 0.056095 0.051515 0.048116 0.05619 0.055511 0.053124 0.054453 0.057566 0.057928 0.054574 0.056552 0.061632 0.063643 0.056651 0.060771 0.05368 0.062229 0.059825 0.059863 0.063879 0.061574 0.063115 0.064872 0.067625 0.071735 0.071964 0.068683 0.067461 0.068748 0.060686 0.065241 0.0625 0.05946 0.053786 0.050206 0.045231 0.04906 0.052562 0.04668 0.05139 0.058564 0.064649 0.06847 0.072201 0.066942 0.06194 0.04553 0.046157 0.038618 0.044251 0.038778 0.040637 0.039875 0.040028 0.034157 0.029012 0.022045 0.017714 0.027321 0.031035 0.035356 0.047672 0.049142 0.052028 0.05525 0.0669 0.072173 0.078122 0.079882 0.08466 0.098712 0.096592 0.10808 0.11101 0.1036 0.094152 0.087322 0.088966 0.079551 0.064718 0.050472 0.060277 0.055561 0.050171 0.044083 0.043028 0.033724 0.026677 0.027569 0.029699 0.030355 0.020944 0.026221 0.018829 0.017958 0.02481 0.037338 0.041801 0.057043 0.063934 0.075179 0.083035 0.093093 0.091122 0.086669 0.09043 0.088532 0.074444 0.070493 0.062327 0.064175 0.057931 0.05068 0.046475 0.042708 0.038282 0.037719 0.034557 0.032198 0.033562 0.030211 0.033808 0.029682 0.026567 0.025559 0.021356 0.016803 0.019818 0.018034 0.025626 0.024672 0.020236 0.016515 0.010299 0.0053545 0.005215 0.0076137 0.010104 0.016821 0.022102 0.01802 0.011688 0.018564 0.017831 0.018788 0.013933 0.012467 0.01651 0.02019 0.021691 0.021659 0.02257 0.024368 0.028009 0.019119 0.020516 0.019811 0.021146 0.019529 0.018708 0.025266 0.027778 0.02043 0.023088 0.030476 0.021283 0.020604 0.018687 0.02351 0.023981 0.019643 0.018582 0.018087 0.016579 0.027096 0.021264 0.020062 0.021326 0.01935 0.016208 0.019242 0.019988 0.024371 0.024113 0.030329 0.029538 0.017931 0.014065 0.028384 0.024566 0.016999 0.019052 0.025016 0.023381 0.026583 0.028191 0.031199 0.03249 0.025591 0.025546 0.028866 0.030963 0.034036 0.03977 0.042758 0.042455 0.044296 0.043018 0.040534 0.042038 0.046283 0.040602 0.039149 0.039422 0.047892 0.046174 0.042187 0.043477 0.036152 0.037722 0.033432 0.041572 0.041735 0.031882 0.033225 0.028018 0.033359 0.032726 0.028656 0.034933 0.03604 0.0302 0.021859 0.024108 0.024279 0.031196 0.039708 0.037431 0.03941 0.043902 0.049271 0.052393 0.054693 0.05483 0.051418 0.05307 0.05508 0.05134 0.051515 0.056361 0.053781 0.047538 0.050154 0.056415 0.060113 0.070366 0.083951 0.084517 0.078664 0.084034 0.077018 0.062499 0.061759 0.0712 0.066256 0.059083 0.055631 0.049665 0.043307 0.035574 0.034551 0.032359 0.028979 0.033464 0.029364 0.032479 0.035012 0.031154 0.029368 0.026622 0.023244 0.027449 0.018236 0.01875 0.018866 0.026979 0.027668 0.02827 0.026436 0.021563 0.02186 0.028858 0.022184 0.020689 0.017368 0.018569 0.019805 0.021327 0.02465 0.020345 0.020838 0.023247 0.023861 0.018613 0.014111 0.018072 0.018309 0.01834 0.023211 0.021918 0.014878 0.010616 0.023178 0.017265 0.021396 0.013581 0.0085678 0.012922 0.01745 0.013517 0.016604 0.0096976 0.014212 0.014707 0.017265 0.010994 0.0097791 0.014401 0.01062 0.0053193 0.011371 0.0081564 0.022396 0.025223 0.024935 0.017296 0.020125 0.013836 0.021895 0.024876 0.024839 0.030811 0.028251 0.025569 0.034243 0.03416 0.028544 0.029306 0.039107 0.03509 0.025274 0.030372 0.03333 0.027231 0.03142 0.031788 0.026117 0.024452 0.032895 0.027254 0.032368 0.037135 0.032778 0.027974 0.029715 0.037483 0.028669 0.027482 0.029003 0.031705 0.029716 0.029997 0.020168 0.023432 0.025285 0.02354 0.025279 0.027405 0.032134 0.032524 0.030215 0.018444 0.011525 0.013213 0.019266 0.012901 0.013842 0.019284 0.019917 0.020168 0.016383 0.019621 0.011789 0.020128 0.022888 0.020117 0.012279 0.0074205 0.0088068 0.00016762 0.0040141 0.006517 0.017902 0.012631 0.011655 0.017971 0.012088 0.010948 -0.0012025 0.0054259 0.0041431 0.0045334 0.0068109 0.0058511 0.0026803 0.0087964 0.012233 0.013737 0.0061896 0.0091021 0.013822 0.017226 0.017411 0.029878 0.028564 0.024389 0.03105 0.022818 0.03103 0.025561 0.023163 0.019476 0.026772 0.02671 0.027117 0.026686 0.015723 0.019353 0.019055 0.017806 0.017215 0.017246 0.016916 0.0035763 0.0080756 0.01066 0.0084658 0.013734 0.011864 0.0063215 0.0023464 0.0030751 0.0094248 0.015802 0.0088552 0.0066847 0.0077546 0.0020637 0.0074174 0.016422 0.015408 0.0083814 0.002264 0.0016049 0.0049147 0.0096549 0.0101 0.0014155 0.00060429 0.0076841 0.0012549 -0.0028675 -0.0084008 -0.0034576 0.0028608 -0.0015586 0.005864 0.0074707 -0.0021958 -0.0033326 0.00056398 0.0070335 0.0040647 0.0032256 0.0051785 0.0059938 0.0031294 0.0097013 0.0079685 0.0039852 0.011111 0.0028542 0.0038023 0.0083133 0.0040034 0.0026788 0.0033572 0.0044794 0.0020632 0.0017728 0.0026169 0.0039003 -0.00018603 -0.0073312 -0.0032778 0.00074987 -0.0031482 -0.0024783 -0.0037534 -0.0016386 -0.0022588 0.0048082 0.007725 -7.6615e-05 -0.0035038 -0.0019386 -0.0040413 -0.002317 0.0005371 0.010699 0.010889 0.001733 0.0044919 0.014807 0.0055584 0.0042316 0.010974 0.013058 0.0075396 0.003736 0.018213 0.0074795 0.001758 0.0028088 0.0036675 0.010312 0.0049969 0.0037793 0.007122 0.0054249 0.00061545 -0.0017835 0.0016088 0.002169 -0.0004098 0.00010527 0.0054277 0.00018341 0.00045622 0.0071771 0.0011678 -0.0019453 0.0061311 0.0033247 -0.0029527 0.00051445 0.0045212 0.0084995 -0.0062268 0.0017177 0.0023613 0.005419 0.0038664 0.0074602 0.0062031 0.014654 0.0032901
-0.0029991 -0.007117 -0.013561 -0.016926 -0.010373 -0.019582 -0.0078413 -0.0098684 -0.0077258 -0.018148 -0.0054175 -0.012785 -0.0075779 -0.0014663 -0.0007888 -0.0020576 -0.0010946 0.00048297 0.011153 0.022007 0.012441 0.0055574 0.0028412 0.002506 0.011318 0.021692 0.027149 0.031478 0.028571 0.026774 0.027143 0.036267 0.036606 0.03755 0.028866 0.027216 0.026133 0.031638 0.042248 0.049403 0.045648 0.038023 0.041888 0.029236 0.026177 0.036603 0.031356 0.035446 0.022697 0.018554 0.024209 0.029994 0.032382 0.028263 0.026672 0.018807 0.018207 0.028673 0.040557 0.031808 0.025367 0.030341 0.032501 0.029798 0.027565 0.037533 0.042608 0.045029 0.043339 0.038611 0.049945 0.044514 0.039813 0.044739 0.041284 0.047698 0.048502 0.047275 0.039202 0.045004 0.041247 0.041688 0.047505 0.054058 0.057942 0.065545 0.079215 0.088962 0.093731 0.093601 0.087566 0.090821 0.090397 0.079566 0.083625 0.074644 0.062491 0.063762 0.07099 0.066642 0.065472 0.063758 0.063364 0.064958 0.056191 0.050737 0.056181 0.054405 0.061208 0.066774 0.067708 0.074871 0.069711 0.073441 0.081747 0.076162 0.080303 0.071962 0.068861 0.082769 0.073971 0.078187 0.075444 0.065903 0.059797 0.041579 0.057068 0.053654 0.051047 0.058436 0.05954 0.056474 0.056361 0.059299 0.061023 0.056417 0.056816 0.061339 0.064521 0.057198 0.064002 0.056387 0.064045 0.060427 0.064254 0.067246 0.067632 0.066053 0.065347 0.065524 0.068749 0.071991 0.068007 0.06753 0.067888 0.058288 0.064921 0.064161 0.060364 0.05546 0.054138 0.049546 0.052491 0.052272 0.048605 0.052335 0.06051 0.062448 0.069795 0.07477 0.068018 0.06288 0.046117 0.046378 0.039637 0.045604 0.039463 0.045409 0.041874 0.037016 0.034599 0.028826 0.021614 0.017692 0.026465 0.029138 0.036919 0.048491 0.052298 0.056799 0.058269 0.072827 0.077355 0.083208 0.082012 0.084768 0.099099 0.095379 0.11018 0.10681 0.098362 0.089334 0.081908 0.082502 0.073686 0.059517 0.043481 0.05851 0.053827 0.04746 0.041361 0.040787 0.034254 0.024405 0.026467 0.029677 0.030959 0.018519 0.026703 0.023596 0.022799 0.026727 0.040287 0.044488 0.062106 0.067853 0.075535 0.084419 0.092497 0.087028 0.077907 0.083261 0.083793 0.07257 0.065658 0.0607 0.061813 0.057294 0.046229 0.043009 0.038545 0.032608 0.030935 0.029195 0.032809 0.036022 0.028437 0.031952 0.025968 0.025327 0.02648 0.01994 0.02092 0.020216 0.018865 0.026774 0.026183 0.020904 0.016439 0.010329 0.0043563 0.0041477 0.0068652 0.0079794 0.017708 0.024193 0.01895 0.013413 0.019438 0.019215 0.02391 0.0123 0.0088474 0.013475 0.01884 0.022699 0.023943 0.022429 0.024687 0.027361 0.02161 0.024192 0.01952 0.017927 0.01939 0.018603 0.026312 0.027446 0.018607 0.022641 0.032204 0.024002 0.023621 0.01995 0.029078 0.027391 0.020792 0.014379 0.017248 0.015214 0.025003 0.020482 0.019145 0.018732 0.016121 0.01301 0.019678 0.022663 0.028701 0.025652 0.028723 0.029206 0.021095 0.015611 0.027249 0.024663 0.016726 0.019706 0.029912 0.022421 0.029114 0.030252 0.032253 0.037627 0.029465 0.023741 0.028155 0.031092 0.031787 0.038778 0.042046 0.045048 0.043732 0.042178 0.039224 0.043124 0.044723 0.037662 0.037621 0.037165 0.045849 0.045293 0.037909 0.043201 0.036159 0.040484 0.036093 0.041369 0.039107 0.025237 0.028889 0.022733 0.028711 0.028147 0.023078 0.029827 0.032899 0.028043 0.021561 0.024999 0.025241 0.023539 0.032615 0.03424 0.038192 0.044974 0.050103 0.049568 0.052367 0.055702 0.05068 0.048996 0.055337 0.049061 0.048702 0.049893 0.05004 0.046373 0.048241 0.051895 0.057714 0.070983 0.080317 0.082247 0.071565 0.076062 0.072664 0.055416 0.052363 0.065361 0.06481 0.057997 0.056839 0.04974 0.043003 0.035714 0.035009 0.031429 0.027232 0.026484 0.022856 0.025435 0.029851 0.027055 0.026473 0.024496 0.016334 0.019802 0.011671 0.015158 0.012996 0.022405 0.024936 0.021532 0.018561 0.014397 0.016273 0.023985 0.021555 0.019334 0.017989 0.019807 0.020088 0.019546 0.022686 0.017649 0.024132 0.026296 0.026243 0.020566 0.013013 0.018244 0.019744 0.022024 0.025144 0.021583 0.014119 0.0058006 0.017977 0.012847 0.01505 0.009385 0.0074481 0.011826 0.017692 0.011026 0.015184 0.0074964 0.011764 0.010697 0.010491 0.0023695 0.0014057 0.011751 0.0058271 -0.00050307 0.0043918 -0.00081383 0.018166 0.017636 0.017463 0.0093663 0.0087525 0.00089579 0.0081334 0.012933 0.014797 0.019693 0.019258 0.013828 0.022508 0.019367 0.011351 0.012071 0.027493 0.025077 0.018114 0.024988 0.028345 0.022629 0.029092 0.031178 0.023927 0.027939 0.036338 0.033915 0.035891 0.041771 0.036563 0.031029 0.032483 0.041065 0.030957 0.033444 0.031959 0.036839 0.035335 0.033816 0.019566 0.024496 0.027301 0.027647 0.030507 0.031068 0.03413 0.033796 0.03159 0.020039 0.011966 0.0067321 0.017495 0.0098009 0.011109 0.017848 0.014548 0.017152 0.012451 0.017517 0.012709 0.021532 0.02019 0.015664 0.007776 0.0018087 0.0075687 -0.001941 -0.00013941 0.0032539 0.012052 0.0099442 0.0088194 0.016779 0.011218 0.0084576 -0.0027068 0.0027103 0.0048643 0.0033909 0.001605 0.0019091 -0.00065804 0.004686 0.0038201 0.010413 0.004731 0.0080042 0.0093543 0.012895 0.014418 0.025931 0.024106 0.018552 0.028116 0.018501 0.024177 0.020345 0.01964 0.017077 0.022616 0.022466 0.021694 0.020944 0.013699 0.0151 0.01345 0.017287 0.016436 0.017828 0.017045 0.0026198 0.0054836 0.0067208 0.0036552 0.010878 0.0081092 0.0049141 -0.0029856 -0.0035014 0.0034113 0.011064 0.0040375 -0.0015923 0.0021516 -0.0019145 0.0083564 0.010248 0.010688 0.0062461 -0.002132 -0.0017898 -0.0014986 0.0034671 0.0072372 -0.0013211 -0.0058281 0.0090661 0.0037784 -0.0042693 -0.0089671 -0.0029309 0.0032897 -0.0021456 0.0029888 0.0056871 -0.0027136 -0.0041384 -0.0040002 0.0065561 -0.00046328 0.0019135 0.0028975 0.0016744 -0.001393 0.004989 -8.8509e-05 0.0040407 0.011822 0.0032382 0.0050815 0.010878 0.0031841 0.0017875 0.00278 0.0047235 -0.0027505 -0.005148 -0.0029973 0.001718 -0.0016639 -0.008368 -0.0048462 0.00028312 -0.0027576 -0.0038926 -0.0050537 -0.004932 -0.0044035 0.0051467 0.0089942 -5.8351e-05 -0.0073176 -0.0080755 -0.0076105 0.0023627 0.0019762 0.010378 0.0094412 0.0015824 0.0073268 0.014817 0.002805 0.0066731 0.012899 0.014465 0.0075771 0.0061481 0.020554 0.0094542 0.0013505 0.0013503 0.00075837 0.01218 0.0050555 0.0059648 0.0075166 0.003326 0.00069952 -0.0022536 0.0021459 0.0005816 -0.00066649 0.0019043 0.0040251 -0.0014913 -0.0048551 0.005345 -0.00034402 -0.0017898 0.0018715 0.00072834 -0.0077677 -0.003739 8.1244e-05 0.0067633 -0.0082986 0.0038651 0.002112 0.0084956 0.0044993 0.0076626 0.0031078 0.010696
-0.00099867 -0.0039318 -0.0091605 -0.010945 -0.0054127 -0.014653 -0.0034712 -0.011579 -0.0084834 -0.021843 -0.0066397 -0.019146 -0.0091228 -0.0007534 0.0024198 0.0026394 0.0044307 0.0045863 0.017815 0.029518 0.013876 0.0059706 0.0045164 0.0072203 0.018244 0.023471 0.027958 0.033875 0.028564 0.026705 0.032062 0.036778 0.038209 0.039484 0.030841 0.029615 0.02867 0.03433 0.04396 0.048949 0.046612 0.03859 0.046631 0.030545 0.029774 0.043956 0.032465 0.03519 0.02799 0.027456 0.030834 0.038327 0.038657 0.034707 0.032602 0.023364 0.021762 0.037619 0.045078 0.03425 0.024297 0.0336 0.031455 0.026889 0.025452 0.039679 0.047175 0.047798 0.051426 0.039832 0.052226 0.043642 0.044207 0.050976 0.048376 0.053593 0.057158 0.052416 0.046377 0.051052 0.050818 0.047649 0.049263 0.058743 0.06067 0.069883 0.082341 0.098609 0.1033 0.099422 0.092967 0.098917 0.097322 0.078149 0.084056 0.076222 0.069679 0.07362 0.074443 0.068122 0.068374 0.065622 0.065261 0.066294 0.055309 0.049468 0.058006 0.055328 0.065341 0.074532 0.075684 0.078174 0.075407 0.07603 0.083462 0.076046 0.079564 0.065785 0.060843 0.083481 0.07108 0.079786 0.080893 0.073485 0.062483 0.041404 0.056792 0.05441 0.05243 0.058753 0.060856 0.059264 0.058081 0.059801 0.064419 0.059217 0.056986 0.058867 0.062627 0.056549 0.064687 0.058784 0.066385 0.05935 0.067391 0.068769 0.07337 0.067373 0.064366 0.063954 0.066389 0.072343 0.065041 0.065384 0.064375 0.053108 0.059753 0.062616 0.060204 0.056896 0.059098 0.05569 0.058965 0.051866 0.051379 0.055804 0.062146 0.058499 0.073544 0.0769 0.068788 0.065068 0.048702 0.048489 0.043989 0.047687 0.041332 0.051365 0.044747 0.034447 0.034391 0.030995 0.023179 0.021195 0.027235 0.029281 0.039884 0.047659 0.054974 0.060645 0.060272 0.076331 0.080547 0.086706 0.0838 0.084599 0.099412 0.090965 0.10844 0.098623 0.092774 0.083996 0.075912 0.07409 0.06503 0.054925 0.038587 0.056363 0.04961 0.044095 0.038242 0.037211 0.036627 0.024714 0.027018 0.028728 0.028723 0.013317 0.023117 0.026528 0.024676 0.025196 0.040359 0.044862 0.063911 0.071774 0.076506 0.08598 0.090549 0.081308 0.068233 0.071947 0.072525 0.065735 0.060349 0.061625 0.059023 0.056006 0.04019 0.039761 0.03608 0.029277 0.027303 0.025773 0.035653 0.036871 0.026355 0.030548 0.023487 0.023751 0.026935 0.017991 0.024461 0.020042 0.020465 0.027229 0.027088 0.02263 0.015996 0.011023 0.0048657 0.0040442 0.0068478 0.0045954 0.016588 0.025376 0.017848 0.0156 0.022234 0.021965 0.029822 0.011065 0.007072 0.011012 0.017508 0.023195 0.025331 0.021954 0.026209 0.026174 0.025263 0.028225 0.020249 0.014867 0.021441 0.022309 0.030027 0.027397 0.019034 0.023925 0.034228 0.026962 0.025029 0.020493 0.034917 0.031184 0.022674 0.0098824 0.016563 0.016203 0.02505 0.020105 0.019129 0.016879 0.013682 0.010519 0.019297 0.025219 0.033585 0.027627 0.025468 0.02903 0.026977 0.019527 0.024189 0.025021 0.017786 0.021426 0.034954 0.024607 0.033651 0.035276 0.034547 0.043368 0.033718 0.021699 0.027291 0.030438 0.027554 0.032792 0.03898 0.045517 0.039702 0.042659 0.040284 0.046657 0.042972 0.037762 0.038556 0.037351 0.044005 0.045898 0.035084 0.042869 0.038217 0.045105 0.040073 0.039874 0.03848 0.019062 0.024298 0.017015 0.023951 0.025982 0.018197 0.022329 0.028858 0.026947 0.022611 0.024742 0.025014 0.014813 0.023707 0.028817 0.035452 0.043361 0.049447 0.044657 0.049652 0.058308 0.051421 0.041446 0.052838 0.045602 0.044532 0.041914 0.045676 0.046641 0.046036 0.047765 0.054582 0.070325 0.073158 0.078858 0.061526 0.067429 0.067298 0.051223 0.044828 0.059799 0.064037 0.058617 0.057796 0.05055 0.040707 0.035581 0.035139 0.029808 0.023974 0.01713 0.015097 0.019502 0.025859 0.02308 0.02506 0.02366 0.0113 0.013062 0.0044809 0.013707 0.0094895 0.01893 0.024812 0.016382 0.010892 0.0084509 0.011889 0.018944 0.022305 0.018701 0.018326 0.021636 0.023111 0.017424 0.021843 0.015443 0.029871 0.029858 0.029399 0.024904 0.013914 0.018886 0.023051 0.027233 0.027155 0.022403 0.01734 0.0058893 0.014722 0.011263 0.012159 0.0086902 0.010275 0.013128 0.017713 0.0071818 0.014562 0.0059538 0.0083526 0.006882 0.0027188 -0.003795 -0.0056712 0.006374 -0.00059355 -0.0072676 -0.00056404 -0.0096008 0.011087 0.0064706 0.0068731 0.0010467 -0.0037266 -0.013583 -0.0077269 -0.0024149 -0.00080197 0.0051928 0.0053421 -0.0022157 0.0052562 -0.0012458 -0.010868 -0.011429 0.010233 0.0076488 0.0048885 0.013585 0.019194 0.013277 0.02149 0.024899 0.019256 0.028932 0.032467 0.03543 0.034216 0.04005 0.03579 0.031033 0.029641 0.037232 0.027369 0.036559 0.02892 0.034998 0.034501 0.032574 0.014291 0.020988 0.024424 0.026612 0.031235 0.031453 0.033165 0.031377 0.031247 0.021578 0.016453 0.0028325 0.016431 0.0056533 0.0067403 0.015284 0.0053434 0.010824 0.0084257 0.015752 0.014456 0.020643 0.015425 0.0066754 -0.0022803 -0.0089082 0.0032213 -0.0060157 -0.0052173 -0.0013323 0.0035328 0.0042404 0.0018898 0.012446 0.0083319 0.0036155 -0.0044591 -0.00014953 0.0050986 0.0023168 -0.0056599 -0.0013531 -0.0025727 0.0033484 -0.0035244 0.0071041 0.0013931 0.00713 0.0070736 0.0074422 0.010479 0.020212 0.017423 0.011601 0.02155 0.011365 0.016461 0.01647 0.016853 0.013616 0.017031 0.015204 0.013696 0.01316 0.011443 0.010182 0.0055278 0.015184 0.014782 0.020152 0.018378 0.0035338 0.0038882 0.0026758 -0.00030062 0.0072215 0.0057727 0.0052077 -0.0083765 -0.0097203 -0.0033409 0.0077069 0.0019135 -0.0091101 -0.00013798 -0.00288 0.010309 0.0023211 0.0024652 0.0011952 -0.006491 -0.005455 -0.0092928 -0.0047862 0.0021213 -0.0038046 -0.012605 0.0080657 0.0069818 -0.0050545 -0.0075864 -0.0017191 0.0035191 -0.0027985 -0.00059157 0.0045096 -0.0015577 -0.0029311 -0.0063807 0.0085207 -0.0049481 4.2493e-05 0.00013028 -0.0029902 -0.0051296 -0.00041048 -0.0078451 0.0041271 0.013065 0.0050271 0.0072305 0.012673 0.0016906 0.00078014 0.0014353 0.0050839 -0.0060316 -0.0095565 -0.0057334 -0.0011822 -0.0015475 -0.0084723 -0.0053068 0.0013927 -0.00069524 -0.0025743 -0.0050507 -0.0070931 -0.0050725 0.0053114 0.0096873 -0.0012434 -0.01005 -0.012588 -0.012849 0.0058727 0.0020715 0.0096624 0.0067581 0.0028737 0.012183 0.013333 0.00012214 0.011573 0.014864 0.014424 0.010327 0.01062 0.02148 0.011644 0.0022378 0.0011334 -0.0014918 0.012694 0.0050056 0.0082994 0.0044725 -0.00077387 0.00019752 -0.0037977 0.0022134 -0.0036184 -0.0010297 0.0040488 0.0013385 -0.0026376 -0.0092933 0.0034872 -0.0015516 0.000888 -0.0022809 -0.00021088 -0.010104 -0.0079706 -0.0061488 0.0035265 -0.0081099 0.0063166 0.0013532 0.012021 0.0053243 0.0051037 -0.0034655 0.0026817
0.0045029 0.0010251 -0.0023194 -0.0038215 0.001637 -0.0054312 0.0047056 -0.0084504 -0.0065672 -0.022766 -0.0043664 -0.01872 -0.0059255 0.0018406 0.0091495 0.010621 0.011815 0.01034 0.026338 0.038534 0.017116 0.0054364 0.0035089 0.01221 0.027478 0.026388 0.029801 0.037376 0.02673 0.025623 0.038695 0.037215 0.03878 0.03718 0.030818 0.032007 0.030664 0.04114 0.048856 0.050292 0.051699 0.041295 0.054734 0.034345 0.035799 0.052084 0.034261 0.03293 0.033513 0.039054 0.037027 0.044129 0.043273 0.038611 0.038874 0.02651 0.024787 0.043313 0.046506 0.037827 0.024541 0.038518 0.028429 0.021257 0.022975 0.039566 0.047628 0.047262 0.064244 0.044436 0.0553 0.043132 0.048826 0.056438 0.05688 0.059178 0.061976 0.05279 0.053427 0.057566 0.059224 0.053789 0.048758 0.06289 0.06349 0.074302 0.08407 0.10702 0.1133 0.10211 0.097607 0.10802 0.10622 0.07525 0.083648 0.077473 0.07955 0.085382 0.075646 0.067551 0.07104 0.066774 0.067765 0.06852 0.054499 0.050634 0.060015 0.053712 0.069269 0.083096 0.089358 0.082168 0.081368 0.077641 0.086919 0.074661 0.075133 0.056084 0.046859 0.081208 0.066155 0.078148 0.083258 0.081186 0.063956 0.039414 0.053987 0.052796 0.04878 0.05461 0.057617 0.060551 0.059037 0.058272 0.068048 0.062871 0.056821 0.053875 0.057426 0.055769 0.062014 0.060667 0.069947 0.057497 0.067172 0.065586 0.074832 0.065673 0.06121 0.062821 0.065449 0.073907 0.058269 0.058463 0.056747 0.045143 0.049353 0.057513 0.059973 0.056937 0.062335 0.060337 0.068069 0.049216 0.05292 0.060916 0.062328 0.052785 0.080796 0.078596 0.068994 0.067712 0.05243 0.052838 0.053574 0.051635 0.045948 0.057901 0.045973 0.029526 0.031033 0.035057 0.025166 0.027254 0.029575 0.031606 0.04435 0.044463 0.056528 0.062901 0.062702 0.075581 0.0812 0.088981 0.085896 0.084481 0.099226 0.082928 0.10024 0.086118 0.087656 0.077034 0.067969 0.061966 0.05323 0.050857 0.035714 0.055008 0.042032 0.038764 0.033046 0.031751 0.039129 0.027246 0.028701 0.024719 0.022109 0.0038476 0.015225 0.025841 0.020915 0.018336 0.035016 0.041042 0.059968 0.075366 0.079568 0.086639 0.0862 0.074555 0.058287 0.056362 0.054269 0.050828 0.054005 0.063689 0.055985 0.052776 0.031601 0.035444 0.034775 0.028795 0.027964 0.02607 0.042326 0.037387 0.026618 0.031935 0.022722 0.020542 0.027836 0.016983 0.026799 0.019697 0.023728 0.027231 0.027885 0.024955 0.014461 0.012262 0.0064345 0.0037528 0.0056477 -0.0020542 0.0096676 0.023191 0.014092 0.015235 0.026114 0.026223 0.035632 0.0087199 0.0043321 0.0082664 0.016648 0.022589 0.023321 0.019062 0.027676 0.021713 0.026424 0.029525 0.021227 0.012341 0.02398 0.028029 0.035967 0.02703 0.022219 0.028214 0.036962 0.031715 0.02301 0.019346 0.039783 0.034032 0.024884 0.0071695 0.015592 0.019544 0.029305 0.019902 0.019088 0.015069 0.011445 0.0089748 0.018378 0.02833 0.039511 0.029354 0.020908 0.028426 0.034502 0.023646 0.018056 0.025514 0.020255 0.023687 0.036963 0.02885 0.039744 0.043261 0.038107 0.047712 0.035876 0.017972 0.024232 0.027793 0.021503 0.021134 0.033411 0.042697 0.030445 0.043571 0.042141 0.05174 0.040558 0.038914 0.038707 0.037801 0.042704 0.046982 0.032853 0.041647 0.041516 0.050974 0.045048 0.03591 0.041382 0.013507 0.018864 0.0098161 0.018375 0.027235 0.013835 0.012375 0.023132 0.027396 0.025501 0.021972 0.022002 0.0053214 0.014485 0.019959 0.029898 0.038438 0.045927 0.036465 0.04673 0.062334 0.054067 0.029207 0.045763 0.039463 0.038686 0.033907 0.041387 0.049946 0.04325 0.045903 0.050942 0.066778 0.061979 0.074014 0.048871 0.059242 0.059672 0.049215 0.037864 0.054837 0.06374 0.062937 0.057825 0.051351 0.034422 0.034085 0.03323 0.025595 0.019096 0.0060194 0.0081859 0.016583 0.025326 0.020688 0.025539 0.022786 0.009525 0.0082281 -0.0020153 0.014995 0.0087511 0.01633 0.026686 0.013722 0.005322 0.0040252 0.009365 0.014399 0.02363 0.017572 0.017876 0.02229 0.027781 0.014073 0.02244 0.014281 0.036143 0.030373 0.030834 0.03154 0.017912 0.020058 0.026469 0.032315 0.028525 0.024369 0.02494 0.011886 0.015584 0.013961 0.016023 0.014575 0.018014 0.016815 0.015251 0.0023678 0.015131 0.0047614 0.0037525 0.0030015 -0.0056998 -0.0066242 -0.010616 -0.003006 -0.008463 -0.015363 -0.00072419 -0.015651 0.0036955 -0.0048445 -0.0045996 -0.0062066 -0.013119 -0.024005 -0.019351 -0.015964 -0.017983 -0.0098835 -0.011623 -0.020669 -0.01603 -0.024307 -0.035219 -0.039372 -0.009727 -0.015849 -0.013999 -0.0020372 0.0065238 -0.0005051 0.0079917 0.01236 0.014835 0.02732 0.022047 0.031834 0.025376 0.02976 0.030108 0.02678 0.018303 0.021927 0.015471 0.033839 0.017939 0.023394 0.025329 0.024598 0.0043559 0.011765 0.0156 0.020006 0.026467 0.027 0.030082 0.025701 0.028696 0.022243 0.024485 0.0021407 0.014405 -0.00033214 -0.0016631 0.008597 -0.0080485 -0.00058965 0.0044811 0.015769 0.016336 0.017047 0.0097813 -0.0070618 -0.018788 -0.024834 -0.0061082 -0.013973 -0.011147 -0.0076862 -0.0059169 -0.0025157 -0.0069626 0.0055764 0.0037378 -0.0013635 -0.0040676 -0.0025652 0.0039814 0.0023511 -0.01404 -0.00091272 -0.0014064 0.0060808 -0.007776 0.004896 -0.0037585 0.0063678 0.0074139 0.0021216 0.0065471 0.012473 0.0088907 0.0040736 0.011996 0.0017813 0.0096281 0.013596 0.013951 0.0076303 0.0091031 0.0032347 0.0023043 0.0047949 0.0096338 0.0053257 -0.0026992 0.011741 0.012931 0.026167 0.021897 0.0071525 0.0050554 -0.0011819 -0.0032468 0.005326 0.0057574 0.005953 -0.013544 -0.014383 -0.0098646 0.0070029 0.0048631 -0.013928 0.0038401 0.00086912 0.014372 -0.0049365 -0.0085418 -0.0071113 -0.01181 -0.0090041 -0.017995 -0.014935 -0.0055226 -0.0048087 -0.019331 0.0049908 0.0093478 -0.0043643 -0.0044836 -0.0014337 0.0001469 -0.0057801 -0.0045765 0.005203 0.0022522 0.00056252 -0.0040042 0.015141 -0.0081128 -0.0021875 -0.0031784 -0.0060498 -0.0080348 -0.0072442 -0.013458 0.0051087 0.017121 0.0072527 0.010356 0.014154 0.0030385 -0.00035624 -0.0020378 0.0048622 -0.0061779 -0.0091475 -0.0032935 -0.003281 -0.00066056 -0.0094548 -0.0068007 0.0027819 0.0023438 -0.0010597 -0.0054645 -0.0072102 -0.0056369 0.005672 0.011022 -0.0037815 -0.011619 -0.014437 -0.019435 0.0058504 -0.00084172 0.010234 0.0049663 0.0073764 0.019176 0.011953 -0.0032674 0.018835 0.016939 0.013269 0.018467 0.017969 0.01949 0.012621 0.0038923 0.00018634 -0.0034196 0.011093 0.0039948 0.010447 -0.0015204 -0.0040869 -0.00099298 -0.0075056 -0.00015476 -0.010468 -0.0023466 0.0052099 -0.0038821 -0.0022028 -0.011512 0.0024108 -0.00012491 0.0078604 -0.0041109 0.0021703 -0.0075022 -0.010343 -0.012378 -0.00072251 -0.0050937 0.0072925 -0.001453 0.014475 0.0076527 -0.00048351 -0.013591 -0.0095597
0.006712 0.0022112 0.010143 0.0072745 0.017571 0.0011022 1.9712e-05 -0.021278 0.00085631 -0.0097097 0.003231 0.0070696 0.020655 0.021906 0.0179 0.015637 0.037355 0.049409 0.022939 0.0080163 0.0034021 0.017046 0.038924 0.030538 0.033566 0.042651 0.026015 0.02518 0.048343 0.041667 0.037931 0.029549 0.028915 0.034648 0.029855 0.052584 0.056326 0.054748 0.062719 0.043973 0.066433 0.041437 0.040679 0.058826 0.037006 0.028854 0.036553 0.052491 0.044666 0.045432 0.045213 0.03828 0.04475 0.026994 0.028061 0.042242 0.045163 0.042103 0.026034 0.044466 0.023252 0.011827 0.020539 0.036825 0.040913 0.041414 0.080544 0.053567 0.059415 0.044223 0.051812 0.059742 0.066216 0.066317 0.062675 0.04491 0.05706 0.064774 0.062863 0.056471 0.045081 0.065595 0.064809 0.076599 0.080567 0.11031 0.12267 0.10057 0.097838 0.11297 0.11431 0.067507 0.079056 0.075491 0.088377 0.095872 0.072601 0.062548 0.070797 0.066713 0.070077 0.074294 0.055444 0.056706 0.064652 0.048895 0.073174 0.092 0.11063 0.087528 0.087213 0.077146 0.093856 0.071863 0.068243 0.043013 0.025174 0.072643 0.05639 0.068013 0.074731 0.08283 0.058365 0.027157 0.045247 0.046559 0.034893 0.042675 0.047566 0.058044 0.056554 0.052256 0.06944 0.066139 0.053962 0.044921 0.047838 0.057351 0.054918 0.061075 0.07438 0.056644 0.060156 0.053716 0.06551 0.059813 0.054298 0.059728 0.065051 0.076748 0.045401 0.042934 0.043142 0.034672 0.033073 0.048116 0.060916 0.052951 0.058416 0.058203 0.07784 0.039902 0.049736 0.064402 0.058241 0.044472 0.090774 0.077855 0.066137 0.066076 0.05378 0.057704 0.07028 0.060191 0.058457 0.064484 0.040495 0.015984 0.019664 0.037974 0.02287 0.031862 0.030613 0.033518 0.04965 0.036319 0.055142 0.061846 0.068005 0.067818 0.077849 0.088885 0.088279 0.083061 0.095315 0.070322 0.082592 0.068513 0.082992 0.065881 0.05431 0.041218 0.035347 0.046007 0.032773 0.055862 0.030181 0.028706 0.022909 0.023253 0.038369 0.030598 0.028786 0.013194 0.0085274 -0.012992 0.0041035 0.020863 0.0089563 0.0043018 0.019859 0.029493 0.046187 0.075465 0.084546 0.082447 0.074925 0.065433 0.046825 0.03472 0.028799 0.023461 0.043792 0.062975 0.053078 0.045076 0.018825 0.027535 0.03251 0.029467 0.031175 0.03085 0.055146 0.040877 0.03348 0.04003 0.024549 0.015249 0.03055 0.018159 0.027634 0.020768 0.030817 0.027363 0.02946 0.026511 0.009563 0.013309 0.0075061 0.00023165 0.00070773 -0.013531 -0.0082119 0.014114 0.0085751 0.0085389 0.029333 0.032808 0.03992 0.0029323 -0.0042253 0.0043644 0.016794 0.019649 0.013685 0.0098804 0.02595 0.0095298 0.018694 0.023201 0.02104 0.010704 0.023976 0.031049 0.042819 0.025177 0.028428 0.037936 0.043107 0.042882 0.017162 0.017066 0.042831 0.034739 0.026459 0.0090017 0.013371 0.022867 0.038843 0.018911 0.015552 0.011062 0.0075447 0.0078357 0.017935 0.03358 0.048264 0.030386 0.015167 0.025795 0.040366 0.0225 0.0051924 0.025826 0.02377 0.024989 0.031372 0.031173 0.04613 0.053962 0.043804 0.048138 0.031318 0.0090586 0.015644 0.021717 0.013095 0.004488 0.024244 0.034516 0.013675 0.042662 0.041403 0.057802 0.037082 0.036235 0.030843 0.033631 0.043021 0.04732 0.028658 0.038848 0.045024 0.056568 0.050723 0.026864 0.048467 0.00687 0.010839 -0.0013261 0.011415 0.032444 0.0092375 0.0013774 0.015044 0.03133 0.032454 0.017158 0.015321 -0.0036329 0.0066228 0.0051438 0.019923 0.030591 0.037341 0.022689 0.042568 0.064 0.057792 0.011983 0.033197 0.029441 0.032481 0.028721 0.039446 0.058815 0.039518 0.047899 0.046939 0.057291 0.045413 0.065149 0.03404 0.052949 0.047992 0.047637 0.028219 0.049362 0.063854 0.07515 0.057403 0.052088 0.02329 0.031151 0.029331 0.018608 0.013756 -0.0065647 0.0050104 0.018664 0.030746 0.022004 0.027996 0.018613 0.012716 0.0057214 -0.0051995 0.020214 0.010055 0.013181 0.027801 0.013259 0.003653 0.0010634 0.0084426 0.010027 0.023003 0.014323 0.016679 0.019572 0.031407 0.008654 0.023969 0.013264 0.038762 0.021715 0.026169 0.040031 0.027263 0.022001 0.026672 0.035392 0.029108 0.02805 0.036949 0.023693 0.023527 0.02244 0.029023 0.028923 0.030268 0.021899 0.0068373 -0.0024942 0.017328 0.0033653 -0.0014434 -0.00051779 -0.013524 -0.0060777 -0.013218 -0.016666 -0.016007 -0.024968 0.0072676 -0.014334 0.00051493 -0.012012 -0.013611 -0.011097 -0.014217 -0.022114 -0.018432 -0.021205 -0.030864 -0.023787 -0.029251 -0.040689 -0.041968 -0.046295 -0.058902 -0.070071 -0.029822 -0.044684 -0.038428 -0.018891 -0.01023 -0.017864 -0.013151 -0.0070202 0.014759 0.023208 0.0090669 0.024836 0.0064643 0.0078273 0.019473 0.016047 -0.0045957 -0.010454 -0.0080682 0.019844 -0.0026293 -0.00078647 0.0069664 0.0081137 -0.009696 -0.0033824 0.00062872 0.010123 0.019626 0.018872 0.028941 0.020118 0.02475 0.022375 0.034894 0.0052976 0.0092163 -0.0086334 -0.016621 -0.0053518 -0.024455 -0.017991 0.0010981 0.019824 0.018836 0.013162 0.007745 -0.024016 -0.041866 -0.044337 -0.022896 -0.02855 -0.017975 -0.017223 -0.015003 -0.0070695 -0.013935 -0.0024826 -0.0026137 -0.0040445 0.0020459 -0.0053162 -0.00091279 0.0055547 -0.022178 0.0061188 0.0034505 0.011683 -0.0084584 0.0033095 -0.0099179 0.0039932 0.0095398 -0.00091592 0.0038756 0.0014618 -0.0023622 -0.0036378 0.00045675 -0.0095833 0.0057378 0.0095284 0.0099007 -0.0012908 -0.0024329 -0.014576 -0.012592 -0.0018018 0.009284 0.001215 -0.0058027 0.0095554 0.013413 0.039902 0.02905 0.014825 0.012357 -0.0048233 -0.0057307 0.0085526 0.0075229 0.0049503 -0.017685 -0.015391 -0.01589 0.0088045 0.014369 -0.015517 0.015369 0.010294 0.021712 -0.0091503 -0.022886 -0.020752 -0.021034 -0.013072 -0.027929 -0.027776 -0.015296 -0.0014214 -0.025961 0.00097733 0.00931 -0.00095705 -0.00020796 -0.0064684 -0.012813 -0.015605 -0.0092079 0.0078903 0.0087703 0.0066868 0.0053406 0.027278 -0.008857 -0.0039033 -0.0073199 -0.0046273 -0.012003 -0.01802 -0.015601 0.0084051 0.027645 0.0079048 0.013707 0.016504 0.014243 -0.0016224 -0.0088853 0.0034765 -0.0022875 -0.0018404 0.0048124 -0.002833 -0.0017241 -0.014002 -0.012431 0.0030308 0.0063373 -0.0032084 -0.0080734 -0.0047425 -0.0080793 0.0072971 0.014179 -0.0077641 -0.012558 -0.014067 -0.026228 -0.0010894 -0.009949 0.014679 0.0087375 0.017904 0.02757 0.013227 -0.0091966 0.027249 0.017956 0.010284 0.034709 0.02798 0.011817 0.0099563 0.0047204 -0.0055035 -0.0059881 0.007028 0.0014767 0.013169 -0.0079351 -0.002694 -0.0030948 -0.015028 -0.0084254 -0.017784 -0.0044386 0.0047006 -0.013313 -0.00038658 -0.011476 0.0019361 0.0069548 0.019438 -0.001111 0.0097619 0.0017919 -0.0088641 -0.017047 -0.005476 0.00010053 0.0036406 -0.0085727 0.013308 0.013837 -0.008229 -0.026376 -0.025817 -0.041928 -0.040377
0.0071458 0.0097996 0.01219 0.019048 0.012959 0.010881 0.0063354 -0.0030019 0.0048608 0.018928 0.0095277 0.010903 0.016481 0.012815 0.024642 0.016519 0.018208 0.012246 0.010012 0.0042217 0.0135 0.02795 0.034144 0.0087249 0.010881 0.0080602 0.0097264 0.016146 0.017634 0.018268 0.0071757 0.00016505 0.0040773 0.0012806 0.01931 0.045006 0.057691 0.075425 0.07221 0.069661 0.066329 0.05439 0.04053 0.044518 0.047307 0.031531 0.033121 0.01009 0.013407 0.00084147 -0.010882 -0.0070638 -0.018176 -0.0038101 -0.012062 -0.011577 -0.0093467 -0.012244 -0.0065499 0.0096647 0.0019948 -0.0093722 -0.009699 0.0018103 0.01113 0.014263 0.0015941 0.01139 0.0090836 0.0047149 0.0064087 0.026527 0.034548 0.031082 0.031079 0.037255 0.032596 0.030541 0.023578 0.034037 0.016697 0.017527 0.029665 0.044841 0.046706 0.046102 0.062515 0.066096 0.074003 0.071085 0.066897 0.057841 0.052346 0.057701 0.066828 0.0526 0.045333 0.047637 0.048839 0.04328 0.04141 0.041659 0.042753 0.038085 0.032156 0.033411 0.035172 0.041636 0.042447 0.043189 0.041862 0.049719 0.055056 0.057743 0.071116 0.065125 0.056375 0.05865 0.050085 0.049508 0.060681 0.062507 0.051756 0.065343 0.054072 0.036787 0.043441 0.046358 0.038574 0.037057 0.031111 0.040682 0.034227 0.045563 0.041846 0.05139 0.056984 0.056531 0.045211 0.050841 0.039303 0.036141 0.046929 0.060388 0.061672 0.072729 0.055973 0.062048 0.05555 0.045503 0.057839 0.06852 0.041337 0.026314 0.041451 0.040936 0.041933 0.051739 0.045789 0.043954 0.03486 0.034746 0.047013 0.055125 0.068844 0.061332 0.052243 0.053038 0.063012 0.054055 0.043942 0.034644 0.050208 0.052807 0.045807 0.038162 0.040764 0.046545 0.03136 0.041347 0.031873 0.044371 0.041165 0.035864 0.042006 0.033924 0.038556 0.051373 0.056401 0.05847 0.059213 0.062812 0.073327 0.077343 0.091213 0.084722 0.1035 0.11114 0.11786 0.10381 0.095583 0.092375 0.082174 0.076072 0.063964 0.048935 0.045051 0.053098 0.0514 0.03954 0.035647 0.04313 0.031502 0.024831 0.017669 0.012114 0.00037655 0.015731 0.024513 0.031338 0.042104 0.04104 0.038566 0.058103 0.074901 0.091522 0.097638 0.10421 0.08689 0.07971 0.082634 0.081015 0.067531 0.075181 0.061983 0.055633 0.059219 0.059978 0.038911 0.038098 0.059288 0.055856 0.046714 0.046195 0.03054 0.036247 0.043337 0.051816 0.027312 0.02737 0.030781 0.034695 0.031322 0.02201 0.022987 0.028274 0.016672 0.020782 0.022172 0.010002 0.022555 0.020061 0.022387 0.015426 0.025423 0.032362 0.007805 0.0092033 0.012822 0.01938 0.031125 0.032334 0.023711 0.033907 0.031528 0.023585 0.032343 0.036275 0.036821 0.041873 0.029592 0.01818 0.025848 0.026141 0.027484 0.036995 0.037762 0.038721 0.031437 0.029695 0.04206 0.031798 0.020459 0.031006 0.022208 0.014572 0.012618 0.015261 0.028676 0.027293 0.01609 0.032205 0.032423 0.025577 0.0058123 0.0062535 0.030681 0.023586 0.018206 0.027234 0.020494 0.021717 0.016559 0.026376 0.015149 0.028569 0.04246 0.032327 0.025721 0.014995 0.033399 0.038069 0.032173 0.035546 0.035962 0.026753 0.029705 0.023137 0.023795 0.031761 0.044608 0.053498 0.056808 0.049406 0.048072 0.047393 0.036143 0.054817 0.048239 0.052991 0.044891 0.045582 0.030744 0.021317 0.033034 0.0398 0.037962 0.042228 0.043844 0.0419 0.039938 0.030807 0.02625 0.032153 0.029715 0.046521 0.033139 0.033843 0.017879 0.019452 0.0093207 0.019484 0.021423 0.022785 0.032716 0.038352 0.044061 0.034274 0.046299 0.058125 0.057757 0.056878 0.05165 0.044299 0.046112 0.04109 0.058607 0.048736 0.058828 0.07228 0.071702 0.086818 0.085346 0.095098 0.094361 0.088898 0.078968 0.067061 0.060295 0.057106 0.05181 0.066847 0.065086 0.052933 0.047967 0.052481 0.04363 0.034309 0.029931 0.035183 0.029549 0.040832 0.040734 0.039292 0.035991 0.035719 0.030469 0.03252 0.046365 0.036865 0.035046 0.041986 0.043486 0.046594 0.044193 0.032536 0.029129 0.032166 0.025755 0.032301 0.044627 0.047447 0.028319 0.022863 0.038458 0.036661 0.0491 0.036376 0.034939 0.029313 0.037126 0.030768 0.018113 0.028575 0.036061 0.033769 0.035729 0.04419 0.044009 0.02897 0.01112 0.013513 0.02573 0.021376 0.021452 0.014354 0.0058025 0.0075896 0.015168 0.01764 0.020873 -0.0031448 -0.0045048 -0.0010741 -0.004685 -0.0096935 -0.023846 -0.023416 -0.015046 -0.02251 -0.030098 -0.028105 -0.02966 -0.037081 -0.046441 -0.033443 -0.038929 -0.039558 -0.03677 -0.035923 -0.043237 -0.037404 -0.027285 -0.019449 -0.013366 -0.0075791 -0.010795 -0.002245 -0.0014949 -0.0023646 -0.0017014 0.0066728 0.010394 -0.0012113 -0.00027053 -0.0046108 -0.0049748 0.0034139 0.0079625 0.018702 0.023941 0.017457 0.029849 0.0098274 0.019856 0.020477 0.014628 0.026359 0.029306 0.041802 0.05364 0.057034 0.039292 0.050956 0.055454 0.042561 0.046504 0.042795 0.053783 0.051427 0.059452 0.058185 0.051126 0.063472 0.06477 0.055694 0.050897 0.047388 0.045143 0.021517 0.025526 0.020542 0.01611 0.018988 0.018505 0.0088069 0.0097132 0.012796 -0.0064746 -0.0020045 -0.0059581 -0.006376 -0.0042993 0.0012587 -0.00041627 0.0056874 -0.00094557 -0.0036187 -0.0044588 -0.002031 -0.0030519 -0.0017975 -0.0084238 -0.012978 0.0078451 0.013234 0.0060469 0.0071349 0.0058556 0.021648 0.029255 0.031607 0.026307 0.03407 0.033029 0.040986 0.039844 0.045083 0.038706 0.029171 0.022503 0.026779 0.03015 0.028209 0.027321 0.018531 0.013948 0.018245 0.028766 0.028417 0.025077 0.0017319 0.017019 0.026548 0.021457 0.043327 0.026062 0.018158 0.020701 0.025304 0.029284 0.021315 0.019318 0.033606 0.019535 0.0056316 0.00091894 -0.00045251 0.017821 0.028274 0.021625 0.037059 0.019155 0.0088209 0.024891 0.018616 0.014694 -0.0017285 0.0018426 -0.0025528 0.0048281 0.0091161 0.0056153 0.021117 0.021731 0.0051519 0.0064279 0.0041028 0.00053821 0.0031583 0.010591 0.020087 0.022079 -0.0084509 0.0058477 0.014293 0.003274 -0.0024067 0.012302 0.017105 0.010507 0.021925 0.014435 0.010661 -0.0056456 0.0057206 0.0094764 0.023223 0.027397 0.026141 0.014304 0.013419 0.025193 0.015076 0.021954 0.019023 -0.0047494 -0.0045256 0.0038634 0.0034419 -0.00081037 0.001658 0.0041528 0.010713 0.010164 0.0052587 0.0095561 0.0058201 0.023826 0.016886 -0.0040506 -0.0039382 0.01298 -0.00025507 -0.0010203 0.0078986 0.012249 -0.0063396 -0.0010445 0.01262 0.022551 0.01572 0.0024615 -0.0055132 0.012753 0.0038482 0.0036731 0.017266 0.018706 0.012532 -0.00067344 -0.0082771 0.008977 0.0053621 0.0099436 -0.0003857 -0.0021269 0.0032647 -0.0065049 -0.0042199 -0.010539 -0.0047112 -0.0084906 0.0031009 0.00023778 0.0058508 0.0015978 -0.010071 0.008922 0.015893 -0.003646 0.0011654
0.0045505 0.0072375 0.0028966 0.011661 0.012667 0.017342 0.012306 0.0087421 0.017277 0.02885 0.013074 0.0069378 0.011392 0.012623 0.019055 0.011397 0.014458 0.010071 0.012055 -0.0011631 -1.2601e-05 0.018869 0.024695 0.011176 0.018321 0.015828 0.011196 0.018426 0.020682 0.018449 0.013431 0.0051833 0.0093954 0.0049732 0.024189 0.0531 0.06743 0.078925 0.079543 0.084602 0.077353 0.068727 0.055349 0.054179 0.052733 0.035961 0.032289 0.01285 0.0072923 -0.0027362 -0.007584 -0.0071518 -0.012163 -0.0020583 -0.0071763 -0.002489 -0.0025173 -0.0014902 0.0087272 0.016047 0.010389 0.006878 0.0043511 0.0058483 0.014915 0.020024 0.01355 0.020905 0.021613 0.019019 0.016514 0.028644 0.039043 0.033321 0.029495 0.036692 0.032244 0.031618 0.021156 0.033844 0.019964 0.025028 0.037175 0.048788 0.051995 0.049542 0.064656 0.066826 0.07966 0.082147 0.075446 0.069319 0.063878 0.067749 0.068187 0.053621 0.048612 0.054616 0.053072 0.047267 0.049909 0.049007 0.047761 0.044005 0.033328 0.03518 0.038466 0.046258 0.051032 0.051884 0.051571 0.061576 0.06286 0.065907 0.07261 0.069924 0.061187 0.06325 0.05588 0.054295 0.061001 0.063006 0.057398 0.065523 0.050732 0.037825 0.044447 0.049975 0.040446 0.040373 0.04086 0.046361 0.040746 0.049875 0.047118 0.052738 0.054134 0.053666 0.047385 0.04766 0.04829 0.044439 0.051938 0.062956 0.063146 0.070343 0.056935 0.066524 0.065724 0.057208 0.063105 0.067323 0.050512 0.03557 0.041692 0.042347 0.045091 0.054478 0.050124 0.049293 0.045047 0.049193 0.05663 0.063862 0.066858 0.06626 0.061229 0.055815 0.062583 0.054186 0.042459 0.035874 0.044977 0.046849 0.042918 0.035742 0.041231 0.051849 0.034223 0.039638 0.029195 0.038738 0.041564 0.042339 0.044593 0.04143 0.043186 0.049363 0.053009 0.057487 0.05875 0.062312 0.075506 0.078338 0.095019 0.087673 0.10043 0.10433 0.1104 0.10055 0.093512 0.092042 0.07483 0.073748 0.065786 0.048868 0.04696 0.054777 0.054312 0.045126 0.041083 0.0456 0.037517 0.03112 0.023881 0.016707 0.0066937 0.016329 0.01926 0.027166 0.041132 0.043223 0.044367 0.058792 0.077446 0.09162 0.096698 0.099683 0.091546 0.078014 0.075902 0.071762 0.065318 0.070967 0.059088 0.052049 0.057782 0.060156 0.047197 0.044935 0.059799 0.053063 0.044313 0.038047 0.031231 0.036705 0.043549 0.046902 0.02582 0.025592 0.022172 0.028902 0.028436 0.020908 0.021834 0.028853 0.018805 0.02057 0.02108 0.0090854 0.025074 0.021924 0.025591 0.019665 0.022733 0.029234 0.015406 0.01595 0.011662 0.023331 0.037619 0.033854 0.025849 0.030068 0.029185 0.026724 0.034557 0.036244 0.033097 0.035002 0.027817 0.022933 0.028172 0.030365 0.030999 0.037805 0.03717 0.037684 0.035321 0.025178 0.037332 0.030657 0.020502 0.028721 0.022591 0.021201 0.019852 0.021003 0.030489 0.030341 0.021551 0.033341 0.033889 0.022857 0.0055994 0.0065354 0.023237 0.026146 0.023195 0.031252 0.018587 0.022803 0.01877 0.028065 0.019412 0.026688 0.038651 0.037627 0.030187 0.024944 0.035307 0.036308 0.028275 0.035567 0.035912 0.029211 0.032002 0.026627 0.027406 0.031038 0.042924 0.055884 0.060395 0.054961 0.051101 0.053681 0.045581 0.056882 0.049247 0.052774 0.048829 0.044782 0.035994 0.023907 0.02882 0.036301 0.040084 0.041178 0.042251 0.040158 0.043592 0.041168 0.036189 0.033846 0.037136 0.04459 0.031825 0.032004 0.018018 0.032223 0.027259 0.029075 0.032167 0.028884 0.040142 0.045735 0.048418 0.041876 0.048041 0.056472 0.05547 0.056858 0.051946 0.051391 0.053949 0.045908 0.05952 0.054506 0.06063 0.07198 0.078794 0.084815 0.083792 0.093856 0.086545 0.08556 0.079642 0.068464 0.06048 0.057844 0.051131 0.060546 0.055529 0.044519 0.041955 0.046226 0.034731 0.034529 0.029064 0.039031 0.033195 0.037474 0.037066 0.035442 0.038537 0.039075 0.030804 0.035968 0.049116 0.043696 0.041678 0.04436 0.040156 0.044155 0.043021 0.032991 0.028323 0.032417 0.024313 0.032251 0.040084 0.040748 0.030608 0.024234 0.031898 0.033068 0.04201 0.029385 0.030148 0.0256 0.03045 0.024156 0.018139 0.027943 0.03297 0.034795 0.036154 0.039436 0.040823 0.025537 0.011816 0.013214 0.019367 0.013869 0.017519 0.011941 0.0053312 0.014515 0.019802 0.022854 0.026098 0.0048875 0.0043547 0.0075177 0.0079011 0.0017386 -0.0092682 -0.010842 -0.0025665 -0.0066085 -0.0088231 -0.0086618 -0.008389 -0.015301 -0.022267 -0.0066429 -0.018216 -0.015783 -0.012201 -0.011743 -0.014609 -0.0091842 -0.0052549 -0.0039381 -0.0050144 0.00044388 0.0010517 0.0036188 0.0024355 0.00010912 0.00010432 0.0017865 3.85e-05 -0.0082155 -0.0032776 -0.0077126 -0.0099013 -0.0047774 0.00082293 0.0054898 0.0045387 0.0017083 0.0079297 -0.0055261 2.5764e-06 0.0048477 0.00093044 0.014085 0.016229 0.0193 0.03103 0.040442 0.029288 0.036435 0.043454 0.032936 0.038831 0.041457 0.044384 0.03899 0.04478 0.043969 0.035039 0.047026 0.048668 0.042254 0.034554 0.030914 0.034225 0.017524 0.015121 0.012522 0.0095352 0.0082855 0.0096865 0.0014423 0.0059405 0.0058578 -0.0093213 -0.0015668 -0.0061712 -0.0082004 -0.012741 -0.0017457 -0.0075905 0.00034896 -0.00054144 -0.0036353 -0.003323 0.0048683 0.008285 0.0035505 -0.0073596 -0.0072474 0.016803 0.016866 0.011455 0.019032 0.015135 0.028667 0.029899 0.029091 0.034576 0.042027 0.038676 0.040509 0.039344 0.041497 0.037102 0.028688 0.018605 0.023718 0.026408 0.024003 0.022191 0.017891 0.016588 0.013849 0.020042 0.022996 0.024297 0.00072891 0.016354 0.024278 0.018983 0.035424 0.021437 0.018707 0.018418 0.024208 0.025433 0.019623 0.013891 0.028136 0.014614 0.0011879 0.0030919 -0.001369 0.014651 0.024466 0.019484 0.025068 0.016384 0.0018483 0.016226 0.0098741 0.011082 -0.0019615 0.0063013 0.001707 0.005123 0.0077323 0.00056149 0.01625 0.017939 0.0076585 0.011092 0.0076751 0.0052531 0.0075504 0.012458 0.018183 0.020045 -0.0045571 0.007516 0.014146 0.00057753 -0.0033573 0.0065246 0.013796 0.0099487 0.019325 0.013368 0.014246 0.0004565 0.0025519 0.0084586 0.015533 0.024183 0.022685 0.011206 0.019668 0.023193 0.013555 0.020863 0.012018 -0.0047472 -0.0048388 0.0068829 0.0098364 -0.0029201 -0.0056361 0.00087084 0.0091862 0.0099954 0.0061669 0.0073189 0.006235 0.022735 0.012768 -0.0027516 -0.0031318 0.012494 0.0028051 0.0031134 0.0066832 0.009479 0.0038736 0.0059015 0.0097853 0.018361 0.011715 0.0022784 -0.0047626 0.0083407 0.00028982 0.00091226 0.0086466 0.013973 0.0081346 9.7953e-06 -0.008757 0.0051617 0.0048854 0.0052693 -0.002165 0.0021517 0.0057418 -0.0021412 -0.0029473 -0.0086852 -0.0029851 -0.0073923 0.0017736 0.0041643 0.0072908 0.0028315 -0.0037335 0.0057105 0.015767 -0.00046495 0.0022658
-0.001097 -0.00016738 -0.0050485 0.0017011 0.0081994 0.018841 0.013593 0.013426 0.023619 0.034612 0.016901 0.0063603 0.0086523 0.010891 0.014006 0.0083473 0.011371 0.010627 0.014907 -0.0046171 -0.010133 0.0092588 0.016146 0.01509 0.025346 0.023527 0.014257 0.020691 0.02336 0.022774 0.021411 0.012526 0.014494 0.011788 0.027579 0.054433 0.070406 0.079056 0.080748 0.08792 0.079519 0.07143 0.060408 0.056021 0.053382 0.039916 0.029963 0.014131 0.004769 -0.0021404 -0.0016346 -0.0053613 -0.004947 -0.0003596 -0.0012473 0.0043773 0.0059528 0.010867 0.021095 0.020212 0.016898 0.018015 0.016828 0.01275 0.018874 0.024224 0.022372 0.028222 0.032499 0.030569 0.024294 0.029088 0.039054 0.033677 0.026956 0.035858 0.030946 0.034483 0.02047 0.033854 0.025599 0.031711 0.044682 0.054228 0.060523 0.05649 0.068777 0.067237 0.081262 0.085458 0.079612 0.075515 0.072009 0.072011 0.063928 0.049821 0.049959 0.057212 0.057173 0.05119 0.057681 0.056271 0.052337 0.0502 0.036944 0.038283 0.042756 0.050315 0.057831 0.05942 0.056559 0.068123 0.070682 0.070403 0.070993 0.071977 0.064407 0.067243 0.061573 0.058856 0.060608 0.060161 0.060005 0.062576 0.050787 0.040291 0.043893 0.052073 0.042849 0.043719 0.046612 0.051342 0.046806 0.052209 0.051854 0.056179 0.054872 0.052648 0.048482 0.045819 0.055044 0.051311 0.055263 0.063678 0.063025 0.067869 0.058397 0.07086 0.072939 0.063392 0.064602 0.064672 0.05684 0.043451 0.044711 0.045807 0.049412 0.057001 0.051815 0.049845 0.052038 0.05839 0.058239 0.065924 0.063302 0.068292 0.066509 0.059163 0.062608 0.054134 0.039784 0.036823 0.040236 0.041535 0.040066 0.033826 0.040815 0.055027 0.036315 0.03795 0.027199 0.032489 0.041517 0.04717 0.045978 0.049347 0.048284 0.049102 0.052001 0.058644 0.061299 0.065542 0.078619 0.081474 0.098524 0.088803 0.097032 0.10024 0.10346 0.09501 0.08929 0.091122 0.073155 0.071663 0.064643 0.049911 0.048513 0.055248 0.053915 0.047494 0.040693 0.042679 0.038983 0.03443 0.0288 0.020173 0.012651 0.016164 0.014975 0.025003 0.04206 0.045991 0.050128 0.06129 0.078938 0.091563 0.096224 0.094607 0.092614 0.07821 0.073188 0.065937 0.065005 0.066346 0.058762 0.050817 0.056213 0.057374 0.049905 0.048415 0.059143 0.049073 0.040322 0.033194 0.032513 0.036647 0.04181 0.041437 0.026408 0.025294 0.014773 0.023373 0.024872 0.020967 0.022085 0.029033 0.020808 0.019683 0.01873 0.0081655 0.023246 0.020221 0.024362 0.022576 0.020313 0.023134 0.019172 0.017466 0.010991 0.024956 0.038065 0.033319 0.027815 0.027154 0.026073 0.027824 0.036279 0.035341 0.028739 0.028301 0.027278 0.027307 0.027418 0.030412 0.029766 0.035359 0.034642 0.034774 0.035355 0.020812 0.030171 0.027027 0.019153 0.025287 0.021929 0.025432 0.022704 0.02378 0.0325 0.030404 0.02471 0.032953 0.03267 0.020518 0.0064858 0.0079613 0.018664 0.026199 0.02803 0.033192 0.016874 0.021634 0.022885 0.029182 0.020188 0.023127 0.031618 0.037651 0.030741 0.029377 0.035666 0.033308 0.024482 0.034217 0.033757 0.02845 0.032875 0.029397 0.031668 0.032002 0.040344 0.052818 0.057663 0.053848 0.052293 0.054522 0.048143 0.055565 0.050503 0.0511 0.05015 0.042531 0.036284 0.02574 0.025681 0.034487 0.043096 0.041054 0.040249 0.037335 0.044867 0.047245 0.040934 0.036381 0.041075 0.041627 0.028979 0.027605 0.01658 0.038567 0.038892 0.033403 0.036642 0.03175 0.043322 0.050004 0.051076 0.046219 0.047996 0.053552 0.052506 0.055292 0.05021 0.055589 0.055351 0.046115 0.058028 0.058117 0.06134 0.070706 0.08385 0.083965 0.081189 0.089591 0.077039 0.077742 0.075366 0.069202 0.060239 0.057555 0.049353 0.053542 0.045668 0.036121 0.035439 0.037808 0.027516 0.035875 0.029031 0.039948 0.036457 0.035188 0.033854 0.032342 0.039513 0.040756 0.029039 0.034189 0.045719 0.045601 0.044217 0.045507 0.037943 0.04018 0.039867 0.035206 0.028067 0.031913 0.022304 0.028756 0.034738 0.034923 0.031691 0.025341 0.025251 0.028353 0.034887 0.023621 0.025106 0.020985 0.02388 0.017761 0.017692 0.02716 0.029938 0.032686 0.036378 0.033462 0.037446 0.022378 0.010297 0.012631 0.014937 0.010042 0.014084 0.0087023 0.0054108 0.016725 0.021613 0.024756 0.025831 0.0083632 0.0090753 0.0095961 0.014073 0.0074084 0.0018121 0.0026905 0.0091096 0.0056464 0.0080213 0.0069158 0.010173 0.0050691 -0.00068828 0.015717 0.0011601 0.0047595 0.010335 0.0095047 0.0095988 0.013395 0.016326 0.013658 0.0055434 0.0095006 0.012855 0.0090765 0.0081669 0.0057123 0.0050453 -0.00039634 -0.0021898 -0.0088533 -0.0012026 -0.0048609 -0.0078761 -0.0070675 -0.0015395 0.00063958 -0.0044008 -0.0065618 -0.0041515 -0.012184 -0.010906 -0.0050111 -0.0067669 0.0034987 0.00597 0.0038284 0.012985 0.025206 0.020875 0.02421 0.031979 0.020888 0.025675 0.035326 0.034435 0.027089 0.030215 0.03037 0.024902 0.033437 0.036528 0.032534 0.020299 0.018965 0.025706 0.015131 0.0085305 0.0063995 0.0046225 -0.00040352 0.0049722 -0.0010593 0.0086582 0.0035174 -0.0069895 0.0027211 -0.003658 -0.0050999 -0.01519 -0.00087403 -0.0099334 -0.001457 0.0021655 0.00054187 -0.0002165 0.011811 0.017396 0.0093363 -0.0064061 -0.0031146 0.021861 0.018687 0.015619 0.028262 0.023509 0.032545 0.030785 0.027344 0.039311 0.043718 0.038437 0.033818 0.037139 0.035997 0.034062 0.027823 0.015188 0.021938 0.02281 0.019538 0.018416 0.01745 0.017497 0.010251 0.014555 0.01882 0.022303 0.0035022 0.016514 0.020517 0.016274 0.027095 0.018392 0.020076 0.01761 0.024701 0.023715 0.017677 0.010766 0.027472 0.015981 0.0016427 0.0051198 -0.0013244 0.012933 0.022999 0.017773 0.015932 0.013973 -0.00091833 0.0081199 0.0028416 0.0062088 -0.0013149 0.0072838 0.0038549 0.0074729 0.0092609 -0.0010724 0.01013 0.015117 0.010764 0.014214 0.0088227 0.010477 0.011952 0.013081 0.019075 0.02012 -0.0019414 0.01032 0.012544 -0.00047597 -0.0031895 0.0032785 0.010279 0.0086622 0.016052 0.012913 0.017134 0.0062789 0.001411 0.0073865 0.0078347 0.018533 0.018362 0.0058032 0.018054 0.018115 0.012507 0.016422 0.0074755 -0.0017263 -0.0038773 0.0079949 0.013293 -0.0037838 -0.011292 -0.00093399 0.010146 0.011284 0.0048072 0.0047347 0.009138 0.020766 0.0098786 0.0002172 1.228e-05 0.011618 0.0036377 0.0064048 0.0041506 0.006262 0.009027 0.010755 0.0081517 0.014573 0.0077234 0.0035388 -0.00049016 0.0054228 -0.00129 -0.00024094 0.0039329 0.0091032 0.0040689 0.0038147 -0.006492 0.0044981 0.0066799 0.0031218 -0.0017083 0.0076895 0.0087268 0.0027469 0.0015184 -0.0026134 0.001497 -0.0054401 0.00091601 0.0066022 0.008397 0.0041549 0.0024757 0.0058442 0.017153 0.0031876 0.0011223
0.0019917 -0.0070957 -0.0084744 -0.0099014 -0.0085588 0.0018426 0.015791 0.011977 0.011812 0.023946 0.033389 0.017934 0.0076492 0.0074576 0.0079833 0.0092636 0.0063064 0.0097749 0.013726 0.017737 -0.0054585 -0.013807 0.0012451 0.0096009 0.019385 0.031973 0.031074 0.020346 0.024344 0.026058 0.030314 0.030398 0.022384 0.020025 0.020001 0.029518 0.05071 0.068142 0.07646 0.076491 0.081031 0.074418 0.065818 0.056712 0.051858 0.050501 0.043081 0.026737 0.01406 0.0067991 0.0035394 0.0077369 -8.1255e-05 0.0034372 0.0030672 0.0061282 0.01174 0.017355 0.022657 0.029758 0.022705 0.022265 0.025258 0.025988 0.021306 0.023536 0.028919 0.028219 0.032952 0.041411 0.039574 0.02995 0.030078 0.037126 0.034382 0.027154 0.036645 0.029667 0.038842 0.022687 0.034012 0.032736 0.038115 0.052333 0.060259 0.069897 0.065912 0.074553 0.069247 0.080408 0.083874 0.08149 0.077855 0.077732 0.072646 0.056886 0.044875 0.052259 0.057536 0.060313 0.055369 0.06382 0.063472 0.056674 0.055725 0.043299 0.043473 0.048364 0.055319 0.063201 0.066137 0.059225 0.070968 0.077545 0.072787 0.069839 0.072438 0.066597 0.071707 0.066248 0.063176 0.060144 0.056366 0.061451 0.057472 0.054053 0.044246 0.043212 0.054268 0.046411 0.046942 0.050178 0.056285 0.052796 0.053401 0.055147 0.060546 0.058444 0.05402 0.051361 0.046825 0.060795 0.057506 0.057965 0.064825 0.062746 0.066683 0.059971 0.073229 0.076967 0.066634 0.064918 0.062387 0.061819 0.050351 0.050718 0.051819 0.054951 0.059384 0.052346 0.047724 0.055601 0.062692 0.055391 0.063548 0.059651 0.067713 0.068356 0.062907 0.062597 0.053414 0.036739 0.037437 0.036278 0.038767 0.038094 0.033436 0.040683 0.055084 0.037785 0.035898 0.024859 0.025393 0.04041 0.04922 0.04657 0.056627 0.053477 0.051636 0.054256 0.062863 0.066461 0.07182 0.082299 0.085183 0.10111 0.089172 0.095518 0.098839 0.097131 0.088599 0.084352 0.08952 0.075129 0.069417 0.060103 0.051792 0.050518 0.05433 0.050818 0.047587 0.036781 0.036511 0.037283 0.036029 0.033582 0.023228 0.019403 0.016954 0.014141 0.02645 0.045775 0.050783 0.05737 0.064903 0.079197 0.09049 0.095012 0.08957 0.090307 0.079495 0.075369 0.064407 0.065751 0.061814 0.060465 0.051797 0.055224 0.052643 0.047904 0.047694 0.056157 0.044471 0.036524 0.032615 0.034805 0.036802 0.038876 0.036518 0.028613 0.025712 0.01041 0.019699 0.021986 0.022253 0.024287 0.02892 0.022511 0.018369 0.014897 0.0061378 0.018641 0.016581 0.021563 0.024692 0.019098 0.015875 0.019421 0.016264 0.011752 0.023866 0.033288 0.030319 0.028905 0.026019 0.024472 0.027751 0.036619 0.033872 0.024655 0.023578 0.026199 0.029456 0.024255 0.027162 0.026401 0.031973 0.030946 0.031602 0.034191 0.018384 0.023803 0.023405 0.01861 0.022642 0.020601 0.02729 0.022403 0.023175 0.033612 0.02879 0.024913 0.030176 0.029005 0.017806 0.0087982 0.011602 0.018123 0.025352 0.032225 0.0336 0.015376 0.018227 0.028134 0.03039 0.018651 0.018872 0.024662 0.033105 0.02883 0.029727 0.035207 0.03158 0.022242 0.032121 0.031238 0.0273 0.034011 0.033376 0.036767 0.035814 0.039292 0.047289 0.051064 0.049126 0.052237 0.050522 0.045761 0.050984 0.051168 0.047874 0.048958 0.040434 0.03387 0.027717 0.024882 0.035467 0.045575 0.040011 0.037775 0.033496 0.043373 0.047853 0.040729 0.039094 0.042658 0.038255 0.025657 0.023139 0.014939 0.038446 0.04451 0.035156 0.037806 0.035017 0.045763 0.052564 0.052988 0.048455 0.04701 0.050813 0.050654 0.052604 0.047675 0.057458 0.053514 0.044171 0.055451 0.059411 0.061511 0.069925 0.087532 0.083699 0.078153 0.083896 0.06878 0.067398 0.067776 0.069744 0.060444 0.056798 0.048335 0.048246 0.03903 0.029981 0.030236 0.030751 0.02364 0.037307 0.028813 0.037895 0.037568 0.033938 0.031089 0.029274 0.037283 0.039353 0.025622 0.028672 0.037978 0.042998 0.042552 0.044013 0.035731 0.034227 0.035056 0.037542 0.027574 0.030306 0.020495 0.023718 0.028676 0.03028 0.030912 0.024928 0.019385 0.023648 0.028927 0.019248 0.020154 0.016804 0.018504 0.013143 0.017642 0.025873 0.025291 0.025832 0.03476 0.026467 0.032579 0.018435 0.0064709 0.011027 0.011503 0.008798 0.011474 0.0054693 0.0053511 0.014484 0.020284 0.021673 0.020652 0.0090198 0.010074 0.0072347 0.01429 0.007635 0.010919 0.015378 0.018721 0.0119 0.017825 0.016096 0.022161 0.020428 0.015946 0.030757 0.016488 0.019105 0.027522 0.024955 0.025231 0.027115 0.033497 0.029308 0.015506 0.018383 0.023087 0.013927 0.014939 0.013391 0.011323 0.00073705 0.0031703 -0.0035073 0.0053385 0.0034239 -8.9422e-05 -0.0041177 0.00095258 0.0034452 -0.0043743 -0.0076262 -0.0060725 -0.0094452 -0.010877 -0.0066929 -0.0078815 -0.0016326 0.0014137 -0.0023304 0.0036708 0.015481 0.016974 0.018242 0.024335 0.011305 0.011866 0.025937 0.025429 0.017901 0.018668 0.019402 0.020502 0.024571 0.028319 0.02638 0.0094565 0.013003 0.021113 0.014798 0.0055433 0.0029487 0.0014563 -0.0069627 0.0023056 -0.0017279 0.013188 0.004564 -0.0012447 0.008522 0.00022351 0.00053249 -0.014329 0.00074804 -0.0093245 -0.0017256 0.004951 0.0057692 0.0026065 0.015995 0.021948 0.014491 -0.0050884 -0.00065286 0.021981 0.019058 0.017439 0.033436 0.029312 0.032951 0.032358 0.026384 0.040577 0.039902 0.033298 0.025107 0.034331 0.030449 0.030389 0.027475 0.013225 0.020359 0.019943 0.016268 0.016213 0.017116 0.017221 0.006369 0.011148 0.015131 0.017979 0.0078364 0.015639 0.015448 0.012056 0.01818 0.016142 0.020205 0.015849 0.023456 0.021035 0.014198 0.009056 0.028613 0.020293 0.004679 0.005125 -0.0012475 0.010738 0.021741 0.016441 0.0096714 0.010202 -0.00011434 0.0016632 -0.0024292 0.00049645 -0.0016623 0.0050966 0.0031199 0.0090209 0.011036 -0.0014974 0.0031369 0.01184 0.012572 0.014206 0.0079052 0.014382 0.015022 0.011676 0.019443 0.019755 0.00014999 0.014065 0.0099187 -0.00029659 -0.0011178 0.0034479 0.007431 0.0071518 0.01286 0.01137 0.016658 0.0086017 0.0017149 0.0056069 -1.438e-05 0.010982 0.013603 0.00012911 0.011163 0.010605 0.010692 0.0097782 0.0057339 0.0033913 -0.0016736 0.0066598 0.013057 -0.0034331 -0.013188 -0.0009371 0.012825 0.013834 0.0027831 0.0026703 0.01407 0.017926 0.0081811 0.0044575 0.0047627 0.010564 0.0037004 0.010055 0.0013503 0.0028692 0.0098546 0.012464 0.008086 0.01162 0.0045444 0.0066231 0.0055855 0.0038003 -0.0020362 -0.00075022 0.0023043 0.0049872 0.001029 0.0079665 -0.0038705 0.0038962 0.0089464 0.0028419 -0.00079497 0.011907 0.010273 0.0052592 0.0050391 0.0039004 0.0066087 -0.0044565 0.0015227 0.0082356 0.0096449 0.0057828 0.0079963 0.0080956 0.020058 0.0068158
-0.0018657 -0.011631 -0.014334 -0.011496 -0.017516 -0.0043691 0.0090756 0.0089553 0.0051384 0.019061 0.023717 0.014077 0.0088344 0.0068743 0.0046168 0.0052692 0.0048435 0.010154 0.018909 0.019686 -0.0036434 -0.0103 -0.0035004 0.0064874 0.0232 0.037495 0.037877 0.028829 0.029206 0.02906 0.038545 0.038808 0.033689 0.025898 0.027416 0.030225 0.043652 0.062019 0.071459 0.068365 0.067562 0.06516 0.056034 0.047462 0.045241 0.045474 0.045092 0.023949 0.014095 0.013194 0.013615 0.019502 0.0090129 0.012534 0.0085879 0.014172 0.021213 0.031079 0.031668 0.033621 0.024152 0.026393 0.028877 0.0303 0.029925 0.029416 0.034944 0.031949 0.03458 0.047914 0.045345 0.033583 0.032942 0.035818 0.037215 0.032676 0.040316 0.030002 0.043942 0.028376 0.034618 0.039862 0.044777 0.059548 0.06617 0.07782 0.076334 0.081678 0.074161 0.078812 0.080538 0.082643 0.077544 0.081568 0.071795 0.050627 0.042683 0.05743 0.058034 0.062561 0.059773 0.067851 0.069589 0.060108 0.058981 0.051243 0.050223 0.054872 0.061984 0.067417 0.071961 0.061613 0.071842 0.082307 0.073869 0.071046 0.071832 0.067484 0.076714 0.068739 0.066911 0.061132 0.054246 0.063032 0.052341 0.059442 0.049324 0.043671 0.057465 0.051331 0.050095 0.052603 0.061093 0.05837 0.054205 0.056302 0.064326 0.063306 0.0569 0.056469 0.050861 0.066061 0.062965 0.061032 0.067753 0.064204 0.067253 0.061177 0.072343 0.076989 0.068095 0.065311 0.061737 0.066233 0.055793 0.058257 0.059162 0.060872 0.061352 0.05338 0.046008 0.056839 0.063368 0.051924 0.059188 0.057236 0.064825 0.067377 0.066336 0.062039 0.052021 0.034216 0.037653 0.033227 0.039265 0.037406 0.035521 0.04199 0.051773 0.038705 0.033622 0.02255 0.018421 0.038097 0.047808 0.046456 0.061574 0.057945 0.056642 0.058858 0.069908 0.073092 0.079222 0.085634 0.087885 0.10217 0.089017 0.096977 0.098776 0.091147 0.082828 0.079883 0.086842 0.07785 0.066449 0.052444 0.053883 0.053066 0.052279 0.046512 0.046372 0.032365 0.029662 0.03405 0.037065 0.038684 0.025932 0.026762 0.020225 0.018224 0.031599 0.052185 0.057523 0.066429 0.068756 0.077688 0.088056 0.092039 0.084128 0.084275 0.079825 0.080336 0.066439 0.066294 0.058324 0.063344 0.055094 0.054676 0.047314 0.042916 0.043161 0.050078 0.039101 0.03374 0.035331 0.0372 0.037025 0.035612 0.033402 0.031482 0.025574 0.010176 0.018362 0.020504 0.024576 0.028001 0.029098 0.023966 0.017087 0.010092 0.0030642 0.01372 0.012868 0.019569 0.026861 0.019469 0.010311 0.01777 0.014547 0.014689 0.020482 0.02535 0.025369 0.028532 0.026543 0.025635 0.027641 0.035874 0.032661 0.022448 0.022203 0.024232 0.028297 0.020203 0.022467 0.023693 0.029134 0.02664 0.029057 0.033846 0.018756 0.020599 0.021843 0.020763 0.022542 0.019289 0.025974 0.020166 0.019552 0.032743 0.026319 0.02259 0.025214 0.023591 0.014193 0.012183 0.017164 0.022075 0.025325 0.034819 0.032805 0.014914 0.013882 0.032787 0.031599 0.015794 0.015195 0.02098 0.02567 0.026113 0.027651 0.034458 0.032791 0.022862 0.029947 0.030265 0.027945 0.03536 0.038158 0.041752 0.042083 0.040166 0.041341 0.043594 0.044138 0.051353 0.043728 0.041389 0.044699 0.050612 0.043909 0.045519 0.039687 0.03154 0.031061 0.027158 0.038971 0.046219 0.036384 0.034289 0.028689 0.039339 0.043432 0.036469 0.040739 0.042382 0.03496 0.022616 0.020271 0.014426 0.032732 0.044 0.035951 0.037768 0.039986 0.048995 0.054021 0.054161 0.049396 0.045648 0.048689 0.050755 0.049149 0.04522 0.056486 0.050503 0.041524 0.05256 0.057782 0.061039 0.070179 0.088976 0.082779 0.074315 0.077595 0.063689 0.05668 0.058083 0.069544 0.061495 0.055773 0.048942 0.04607 0.037437 0.027279 0.027859 0.027231 0.023577 0.036804 0.026527 0.032629 0.035356 0.03273 0.029043 0.025798 0.03087 0.03419 0.020455 0.021285 0.027582 0.036847 0.037492 0.039005 0.031651 0.026207 0.028344 0.037918 0.026404 0.027814 0.019374 0.019378 0.022759 0.026859 0.028042 0.022103 0.015588 0.020656 0.025595 0.017129 0.015775 0.014058 0.015723 0.011726 0.018518 0.02359 0.018347 0.014291 0.029883 0.018591 0.024863 0.012369 0.0010652 0.008577 0.00899 0.0084533 0.0096252 0.0025709 0.0042345 0.0088554 0.015737 0.013079 0.011169 0.0076887 0.0075806 0.0018836 0.0089103 0.0027589 0.017359 0.023144 0.023494 0.010617 0.018041 0.015563 0.023023 0.025964 0.023986 0.035617 0.024628 0.023921 0.035235 0.030549 0.028373 0.02862 0.04123 0.037631 0.020844 0.024023 0.029135 0.01682 0.021046 0.021134 0.016462 0.0052012 0.013294 0.0061692 0.014739 0.015465 0.011317 0.0030902 0.0081999 0.012467 0.0024029 -0.0017887 0.00060588 0.0018251 -0.00058098 -0.0005114 -0.0038257 -0.00054321 0.0030944 0.00051243 0.0044563 0.013302 0.018226 0.019373 0.021779 0.0070891 0.0011593 0.014867 0.018469 0.01159 0.011415 0.012437 0.019878 0.020726 0.023039 0.022735 0.0030889 0.013157 0.020113 0.015382 0.0043758 0.00089349 -0.00028013 -0.011293 -0.00013706 -0.0026488 0.01509 0.0064237 0.0049086 0.013302 0.0038429 0.0055263 -0.01273 0.00082861 -0.0071086 -0.0015753 0.0053906 0.0084709 0.0029304 0.015094 0.019509 0.016745 -0.0038611 0.00032038 0.017155 0.017355 0.015614 0.033249 0.030379 0.029266 0.033304 0.024678 0.0374 0.031972 0.02528 0.017569 0.031086 0.025735 0.02651 0.027262 0.012829 0.018179 0.017409 0.014956 0.015715 0.017134 0.0163 0.0024369 0.0090528 0.01152 0.011651 0.011785 0.013177 0.010328 0.0060629 0.0088235 0.01356 0.017949 0.01156 0.017643 0.01534 0.0089003 0.0082306 0.028041 0.023317 0.0077138 0.002476 -0.0018188 0.0065718 0.018846 0.015117 0.0057954 0.0042098 0.0027045 -0.0019461 -0.0061072 -0.0051085 -0.0033831 0.0015716 -7.0215e-05 0.0080422 0.011377 -0.0019438 -0.0032624 0.0070014 0.011836 0.010106 0.005474 0.015515 0.015181 0.0078634 0.017661 0.016687 0.0023139 0.017914 0.0073445 0.00088476 0.0029918 0.0059785 0.0054675 0.0061758 0.010485 0.0071188 0.011283 0.0057797 0.00217 0.0030916 -0.0071981 0.00302 0.0091918 -0.0037669 0.0025673 0.0025514 0.0071686 0.0027844 0.0062246 0.0089012 0.0010276 0.0031496 0.0085578 -0.0028893 -0.010118 0.00070141 0.015831 0.01648 0.0010474 0.0024363 0.019664 0.014322 0.0076471 0.0092062 0.0096503 0.0089115 0.0039482 0.01478 -0.00030167 -6.603e-05 0.0078737 0.010675 0.0096437 0.010276 0.0029411 0.010255 0.010229 0.0027756 -0.0028622 -0.00087909 0.0027261 0.0025884 -2.942e-06 0.010793 -0.002662 0.0014148 0.010368 0.0029035 -0.00080001 0.01249 0.0090932 0.0034144 0.0043572 0.0068903 0.010355 -0.0052239 0.0039941 0.0094887 0.011644 0.0074029 0.01216 0.010374 0.022983 0.0088274
-0.0020532 -0.0037608 -0.013351 -0.015511 -0.010534 -0.023404 -0.0083776 0.00081745 0.0058575 -0.0040648 0.011241 0.0073524 0.0056346 0.0082546 0.0064887 0.0019406 0.0031389 0.0043542 0.012545 0.025382 0.020379 -0.00047759 -0.0022307 -0.0043881 0.0079098 0.026032 0.04079 0.043109 0.036872 0.033751 0.032492 0.044122 0.044969 0.043961 0.03099 0.031927 0.030034 0.035756 0.054166 0.064786 0.059212 0.053092 0.056094 0.046652 0.038057 0.040642 0.03998 0.045605 0.023335 0.016548 0.022306 0.025679 0.031077 0.02026 0.021367 0.015145 0.021066 0.032427 0.044279 0.036406 0.032422 0.025442 0.028623 0.028753 0.029289 0.036585 0.036057 0.041493 0.035612 0.033364 0.051823 0.047265 0.035785 0.037798 0.037296 0.042573 0.04326 0.046236 0.0332 0.048521 0.036694 0.036244 0.045243 0.051899 0.065154 0.071192 0.082733 0.085913 0.089434 0.081498 0.078294 0.078943 0.084322 0.075634 0.08372 0.071166 0.048703 0.046256 0.065307 0.060468 0.064699 0.063904 0.069846 0.073035 0.061558 0.058876 0.058606 0.056542 0.061223 0.070005 0.071124 0.076408 0.064959 0.072051 0.084248 0.073735 0.07385 0.069459 0.065579 0.081133 0.068186 0.069378 0.064993 0.055841 0.065306 0.04959 0.064933 0.054542 0.045788 0.061283 0.056878 0.053409 0.054554 0.065063 0.062939 0.055324 0.055362 0.065975 0.067039 0.058994 0.061764 0.056633 0.070751 0.066797 0.064647 0.072082 0.06846 0.068687 0.061429 0.068104 0.072707 0.068254 0.065449 0.062859 0.069558 0.05835 0.06415 0.065113 0.06546 0.062492 0.056326 0.047637 0.05805 0.062549 0.051091 0.055549 0.056859 0.060398 0.065178 0.068599 0.060751 0.051008 0.033311 0.037779 0.031458 0.042086 0.037591 0.040508 0.045527 0.046252 0.039196 0.032175 0.021689 0.013656 0.035304 0.043538 0.045752 0.062554 0.060661 0.062428 0.063377 0.077821 0.079155 0.084944 0.087337 0.088357 0.10144 0.087685 0.1005 0.097564 0.085378 0.078676 0.076318 0.082381 0.077877 0.062145 0.042981 0.055106 0.055059 0.049593 0.04274 0.044606 0.030465 0.024923 0.031184 0.03826 0.043283 0.027447 0.032823 0.025951 0.026023 0.038155 0.059519 0.064265 0.075731 0.072085 0.074217 0.084369 0.086917 0.077792 0.074727 0.076529 0.082936 0.068887 0.065068 0.056976 0.065855 0.060045 0.05362 0.042861 0.037484 0.036793 0.041794 0.03324 0.032452 0.038746 0.037865 0.036491 0.032784 0.032498 0.033633 0.023855 0.01367 0.018634 0.02046 0.027014 0.031734 0.03008 0.025247 0.016193 0.0055541 2.7923e-06 0.010886 0.010205 0.019596 0.029607 0.020844 0.0088859 0.01663 0.013818 0.019775 0.015912 0.017279 0.019791 0.026486 0.027766 0.02922 0.028487 0.035414 0.032586 0.023526 0.024353 0.022049 0.024039 0.01743 0.01904 0.023951 0.02741 0.022715 0.02776 0.03549 0.021821 0.021078 0.022916 0.026624 0.025959 0.018979 0.021082 0.017283 0.014659 0.029958 0.023774 0.019422 0.019332 0.01757 0.0096419 0.015317 0.022918 0.029396 0.027253 0.034641 0.031127 0.016823 0.011023 0.034727 0.032129 0.012714 0.013351 0.022343 0.018226 0.024343 0.025378 0.033817 0.037215 0.026824 0.028211 0.032035 0.031088 0.035402 0.040882 0.044694 0.04846 0.041008 0.036247 0.038242 0.041787 0.049882 0.037486 0.038435 0.039395 0.048509 0.040495 0.040667 0.04038 0.031571 0.03675 0.032166 0.04342 0.044654 0.029647 0.029318 0.023179 0.033659 0.036459 0.029986 0.039575 0.040264 0.031956 0.020401 0.019277 0.015312 0.02347 0.037899 0.036324 0.037565 0.045105 0.052293 0.054019 0.053892 0.050007 0.0445 0.046247 0.052095 0.04524 0.042976 0.051775 0.047065 0.039137 0.049649 0.053356 0.059577 0.071066 0.086662 0.080311 0.068637 0.070893 0.061906 0.047915 0.04778 0.06776 0.063183 0.054529 0.050913 0.047034 0.039892 0.02752 0.028491 0.027174 0.025819 0.032343 0.020589 0.024627 0.030084 0.030339 0.027922 0.022067 0.021015 0.026003 0.013472 0.01457 0.016776 0.028951 0.031344 0.031116 0.024351 0.017209 0.020237 0.03482 0.024776 0.024956 0.018762 0.017582 0.018697 0.024217 0.023813 0.016902 0.01507 0.020853 0.02593 0.018267 0.012782 0.013372 0.016336 0.013974 0.020221 0.020159 0.010271 0.00089282 0.021689 0.010557 0.014512 0.0040556 -0.0040863 0.0063879 0.0077457 0.0070708 0.0082162 -1.1966e-06 0.0011611 0.001633 0.0084583 0.00085454 -0.0010207 0.0041058 0.0018452 -0.0053236 -0.00047416 -0.0060931 0.018906 0.021922 0.02072 0.0025196 0.008567 0.0041019 0.010978 0.018711 0.020769 0.029405 0.023345 0.017478 0.030636 0.023284 0.017491 0.016451 0.035907 0.033909 0.01778 0.022585 0.028401 0.015596 0.024008 0.02581 0.017823 0.011502 0.022658 0.016534 0.023731 0.027402 0.022408 0.012042 0.017933 0.023821 0.01171 0.0093154 0.011311 0.017329 0.015002 0.0096768 0.0016667 0.0040578 0.0084683 0.0083624 0.012205 0.017155 0.022275 0.024508 0.023082 0.0084739 -0.0036004 0.0044313 0.014021 0.0069266 0.0077615 0.0093832 0.019296 0.019964 0.01913 0.020192 0.001511 0.017104 0.02044 0.014234 0.0016065 -0.0027911 -0.0016877 -0.013785 -0.0037969 -0.0050365 0.01132 0.0059537 0.0076589 0.01465 0.0055675 0.0070418 -0.0124 -0.0015774 -0.004246 -0.00149 0.0017056 0.0064618 -6.7307e-05 0.0090433 0.0097755 0.014418 -0.0039084 0.00038152 0.0091738 0.012827 0.0097801 0.027659 0.025701 0.021603 0.031503 0.020094 0.029538 0.022725 0.0173 0.012812 0.026893 0.021362 0.022136 0.025543 0.012964 0.014651 0.01367 0.015071 0.01638 0.017894 0.015448 -0.00042265 0.0075255 0.0076512 0.0049897 0.013921 0.0099133 0.0068229 -0.0012738 -0.00050804 0.0094685 0.013513 0.0052717 0.0068159 0.0069967 0.0030875 0.0082296 0.022991 0.021048 0.0082297 -0.0021463 -0.0035573 -0.0003265 0.013136 0.013091 0.0030547 -0.0038994 0.0052926 -0.0018769 -0.0082088 -0.0091659 -0.005483 -0.00072494 -0.0041209 0.0044322 0.009955 -0.002552 -0.0072673 0.00065155 0.0089669 0.0022774 0.0021864 0.012985 0.011192 0.0023012 0.013593 0.010058 0.0047565 0.020769 0.0061406 0.002737 0.0078435 0.0081759 0.0039631 0.0058861 0.0091436 -0.00011499 0.001639 -0.0010288 0.0012745 0.0005119 -0.012376 -0.0033698 0.0059249 -0.0044993 -0.0037663 -0.0036864 0.0018411 -0.0025712 0.0075689 0.013019 0.0029663 -0.0010881 0.00083452 -0.0038407 -0.0030931 0.0030634 0.017472 0.017314 0.00013542 0.0052738 0.023844 0.010336 0.0083747 0.013581 0.013012 0.0068008 0.0052078 0.020371 0.00048379 -0.0016621 0.0052406 0.006266 0.011933 0.010887 0.0032972 0.01186 0.010308 0.0015758 -0.0044376 -0.00045749 0.0034337 0.0022261 0.0014245 0.011343 -0.0034255 -0.0032835 0.010454 0.0019695 -0.0017922 0.0085494 0.0052872 -0.0026411 -0.0017079 0.0036523 0.011169 -0.0072554 0.0077159 0.010449 0.01479 0.0084825 0.014019 0.0099582 0.023201
-0.0013014 -0.0032197 -0.011527 -0.012008 -0.0079081 -0.024669 -0.0086186 -0.0058919 0.0036984 -0.012379 0.0037361 -0.010219 -0.0041007 0.0057775 0.0070844 0.0011509 0.0038575 0.0056643 0.016528 0.032338 0.020559 0.0018047 0.0052567 -0.0024781 0.013629 0.027922 0.041265 0.046473 0.041128 0.036256 0.036396 0.045138 0.048407 0.050434 0.033842 0.032864 0.029414 0.03011 0.047535 0.057964 0.052423 0.04289 0.051078 0.040963 0.03375 0.041031 0.035424 0.044344 0.025807 0.023268 0.0317 0.036638 0.039895 0.030567 0.029008 0.020969 0.025007 0.042982 0.053412 0.03718 0.02756 0.027642 0.028371 0.025117 0.024281 0.039708 0.041669 0.046392 0.041928 0.031112 0.053683 0.045742 0.037704 0.043404 0.042348 0.049013 0.055134 0.051439 0.039064 0.051637 0.045488 0.039309 0.047842 0.059084 0.068173 0.074737 0.084644 0.093217 0.097002 0.088834 0.080164 0.081636 0.087392 0.072789 0.084256 0.071205 0.052708 0.055763 0.073345 0.064718 0.067512 0.067028 0.070608 0.073011 0.060367 0.056174 0.063572 0.059788 0.06638 0.078313 0.07566 0.079215 0.069381 0.072137 0.083947 0.072127 0.07505 0.063777 0.058815 0.083214 0.064835 0.069886 0.071614 0.06136 0.067939 0.050016 0.068271 0.058681 0.048749 0.063924 0.061257 0.057011 0.05645 0.067345 0.066278 0.057352 0.053355 0.064762 0.067366 0.057991 0.063946 0.061972 0.074579 0.068093 0.067828 0.075507 0.074522 0.06918 0.060274 0.061868 0.065456 0.067691 0.063756 0.064348 0.070158 0.056566 0.065192 0.067105 0.067242 0.062466 0.061334 0.053294 0.061488 0.062006 0.053801 0.054741 0.058557 0.055835 0.06435 0.069399 0.059247 0.052236 0.034936 0.038811 0.032179 0.045414 0.037989 0.048072 0.050945 0.040465 0.039241 0.032924 0.023447 0.013087 0.033492 0.038359 0.044902 0.059071 0.061029 0.066774 0.065337 0.083466 0.082512 0.086836 0.086618 0.086382 0.099353 0.084198 0.10307 0.092775 0.080173 0.075863 0.073062 0.075494 0.072905 0.056332 0.033963 0.054727 0.054606 0.046531 0.040385 0.042595 0.032514 0.024293 0.030267 0.039465 0.045615 0.026449 0.035048 0.031966 0.033473 0.041977 0.064611 0.067822 0.081892 0.074494 0.069582 0.079899 0.080129 0.070953 0.06327 0.067963 0.077579 0.067045 0.060849 0.058269 0.066412 0.064939 0.050807 0.040092 0.034029 0.03148 0.03407 0.028374 0.033442 0.040403 0.035697 0.034663 0.030634 0.032518 0.03399 0.020857 0.018915 0.019172 0.021532 0.02813 0.033522 0.031711 0.026236 0.015756 0.0027193 -0.0017705 0.010822 0.007998 0.020586 0.032393 0.021891 0.011579 0.017884 0.014526 0.0259 0.011195 0.01127 0.01478 0.023193 0.028571 0.033146 0.030327 0.036783 0.033637 0.027623 0.028348 0.02051 0.018287 0.017554 0.019284 0.027937 0.026494 0.020525 0.028157 0.038967 0.02679 0.023435 0.025225 0.035576 0.032272 0.020527 0.013865 0.014961 0.011289 0.027306 0.021978 0.017527 0.014079 0.012047 0.004945 0.016678 0.026719 0.037724 0.031102 0.031095 0.028911 0.02198 0.011837 0.032748 0.03141 0.010702 0.014055 0.02778 0.013765 0.024843 0.025251 0.033527 0.04353 0.033113 0.027011 0.035951 0.035462 0.032363 0.037792 0.043778 0.051643 0.038495 0.032358 0.03663 0.043305 0.048043 0.034911 0.038952 0.037448 0.045196 0.038672 0.035665 0.041182 0.034424 0.044785 0.03852 0.046805 0.04218 0.02086 0.022802 0.017174 0.027443 0.030567 0.023526 0.034214 0.036104 0.029282 0.019344 0.018771 0.016131 0.013082 0.028156 0.035758 0.037067 0.047138 0.053491 0.051697 0.051572 0.051435 0.044271 0.041351 0.052237 0.040899 0.040294 0.043352 0.042957 0.037986 0.046707 0.047963 0.057131 0.071466 0.079676 0.076441 0.060083 0.063631 0.061567 0.042708 0.038454 0.06425 0.064853 0.053619 0.053178 0.049712 0.042564 0.028573 0.030423 0.02795 0.027355 0.023492 0.011354 0.015827 0.024101 0.026539 0.027605 0.018693 0.010543 0.017019 0.0052327 0.011116 0.0081846 0.021622 0.027391 0.022968 0.014541 0.0094292 0.012576 0.028637 0.023452 0.022066 0.01776 0.018507 0.018114 0.021444 0.01984 0.010729 0.018071 0.024187 0.029704 0.023107 0.012137 0.014902 0.0197 0.018564 0.021918 0.016144 0.0039213 -0.0095045 0.012322 0.0040166 0.0043787 -0.0042651 -0.006517 0.0059764 0.0077106 0.0034075 0.0069723 -0.0024241 -0.0042773 -0.0054807 -0.00066037 -0.011162 -0.013279 -0.0027095 -0.0064915 -0.013528 -0.01051 -0.016648 0.013985 0.011163 0.010254 -0.0089919 -0.0065324 -0.014755 -0.0098759 0.00097625 0.0075708 0.015095 0.01318 0.0016894 0.014773 0.0041703 -0.0045905 -0.0071319 0.018406 0.017189 0.0049866 0.012164 0.02023 0.0086613 0.021748 0.024451 0.014332 0.016974 0.025537 0.023271 0.028152 0.034053 0.028625 0.019036 0.025507 0.031545 0.018122 0.022268 0.019577 0.030078 0.027814 0.017715 0.0040161 0.0073427 0.012967 0.014957 0.020212 0.022259 0.025054 0.028139 0.025256 0.013014 -0.0013032 -0.0028417 0.01146 0.0022202 0.0051934 0.0080725 0.014685 0.018572 0.015281 0.018049 0.0038697 0.020766 0.019096 0.0085246 -0.0063253 -0.011144 -0.0044883 -0.015641 -0.0092773 -0.0092869 0.001913 0.0013707 0.0044846 0.01143 0.0046197 0.0044852 -0.013808 -0.0057127 -0.0014649 -0.0013848 -0.0060846 0.00099232 -0.0048639 0.00087827 -0.0039442 0.0082554 -0.0063253 0.0003773 0.001262 0.0057178 0.0012475 0.018349 0.01659 0.011415 0.025592 0.011382 0.01857 0.015443 0.011708 0.010118 0.021039 0.015649 0.016252 0.020675 0.012076 0.0095576 0.0071049 0.014723 0.016884 0.01986 0.015599 -0.00087154 0.0061126 0.0034525 0.00026748 0.014227 0.0075867 0.0059338 -0.009048 -0.0088467 0.0035168 0.008754 0.00013197 -0.0057884 -0.00038624 -0.0004222 0.0096414 0.013397 0.011888 0.0048682 -0.007191 -0.0064408 -0.0094337 0.0047435 0.0097728 0.0002425 -0.012996 0.0059341 0.0016741 -0.0084517 -0.010362 -0.0064829 -0.00049063 -0.0072698 -0.00026393 0.007969 -0.0024569 -0.0078713 -0.0055506 0.0064541 -0.0071828 -0.0014067 0.0071102 0.0034913 -0.0033017 0.0081219 0.0012178 0.0073349 0.022379 0.0071244 0.0049276 0.011221 0.0076175 0.0022245 0.0054783 0.0083053 -0.0084823 -0.0091646 -0.0078206 -0.001582 -0.0012886 -0.01461 -0.0069122 0.0039738 -0.0021234 -0.0054784 -0.0067736 -0.0042219 -0.0053076 0.0084163 0.015097 0.0029896 -0.003954 -0.0070812 -0.0075559 0.0044732 0.0045713 0.016718 0.01492 0.00043168 0.011535 0.025102 0.0064513 0.010557 0.017102 0.014041 0.0056841 0.0082353 0.025531 0.0038693 -0.0012835 0.0036334 0.0010525 0.013215 0.012775 0.0052917 0.0093234 0.0053918 -9.7825e-05 -0.0070957 0.00045246 0.0023062 0.0031177 0.00459 0.0092 -0.005094 -0.0087396 0.0098424 0.00021092 -0.0019669 0.0016975 0.00070006 -0.0099564 -0.011175 -0.0053881 0.0087832 -0.0089146 0.010982 0.01076 0.018935 0.0089342 0.012746 0.0047468 0.01812
0.0020142 -0.00033715 -0.006137 -0.0060104 -0.0040966 -0.020878 -0.0045353 -0.008427 0.0031526 -0.01717 -0.00097962 -0.022504 -0.010658 0.00303 0.010446 0.0027619 0.0070276 0.0091393 0.021728 0.039489 0.021937 0.0017715 0.0078723 7.3104e-05 0.022054 0.029376 0.039604 0.048805 0.040511 0.036297 0.041065 0.042997 0.050403 0.05182 0.033976 0.031667 0.028944 0.029495 0.045024 0.053045 0.050672 0.039076 0.051737 0.039764 0.036442 0.046065 0.032315 0.041079 0.030461 0.034662 0.040085 0.044647 0.045345 0.037456 0.035464 0.025025 0.025735 0.050032 0.056924 0.036031 0.021414 0.031707 0.025821 0.0189 0.017857 0.039146 0.043988 0.047326 0.052791 0.030651 0.054662 0.042159 0.04033 0.047833 0.050079 0.054443 0.063299 0.052108 0.045793 0.05361 0.052543 0.043492 0.047865 0.065614 0.068453 0.076598 0.084671 0.097903 0.10424 0.09347 0.084586 0.088795 0.092252 0.068865 0.082985 0.070673 0.061127 0.068267 0.078328 0.06886 0.07098 0.068782 0.071454 0.070745 0.056989 0.053646 0.066237 0.058282 0.07031 0.086127 0.083074 0.08108 0.074357 0.072025 0.083405 0.069061 0.071294 0.053656 0.045857 0.08167 0.059956 0.067928 0.078687 0.068808 0.069817 0.051358 0.067888 0.060994 0.05066 0.063065 0.062331 0.060628 0.058311 0.067318 0.068582 0.060723 0.051572 0.061109 0.06352 0.053623 0.060863 0.065264 0.077564 0.067094 0.068933 0.074966 0.079528 0.067486 0.057625 0.0554 0.057802 0.06737 0.058439 0.063795 0.066398 0.050243 0.060389 0.06467 0.066402 0.06104 0.066783 0.060412 0.067668 0.061503 0.058013 0.05725 0.061767 0.052549 0.067296 0.069206 0.058459 0.057028 0.039108 0.042059 0.037575 0.048525 0.039206 0.057711 0.056534 0.035176 0.038243 0.036116 0.0272 0.017022 0.033976 0.034259 0.044659 0.051964 0.059245 0.068206 0.064163 0.084163 0.082055 0.084709 0.083841 0.082665 0.096519 0.077986 0.10114 0.083507 0.076445 0.072907 0.068836 0.065768 0.062918 0.049485 0.027557 0.053392 0.050198 0.042614 0.03868 0.040155 0.037434 0.028109 0.03167 0.03941 0.044126 0.021783 0.032242 0.035245 0.035864 0.039255 0.064285 0.065296 0.081078 0.07583 0.065341 0.074929 0.072254 0.064842 0.052222 0.054458 0.06174 0.056705 0.053093 0.061444 0.064479 0.067828 0.045392 0.038513 0.03355 0.029265 0.029871 0.026855 0.038317 0.040238 0.032024 0.032396 0.028683 0.030809 0.032511 0.018323 0.023586 0.019314 0.023833 0.026858 0.032015 0.033055 0.026479 0.015732 0.0023926 -0.0019647 0.011688 0.0040761 0.019112 0.033528 0.021634 0.015365 0.021672 0.01648 0.031496 0.0062625 0.0066865 0.010292 0.01954 0.028634 0.034488 0.031691 0.040341 0.034273 0.032038 0.031046 0.019688 0.013071 0.020523 0.023812 0.034662 0.025707 0.021148 0.03072 0.043218 0.033371 0.0249 0.026663 0.045936 0.039692 0.024273 0.0072794 0.013992 0.011768 0.028138 0.021505 0.017776 0.009928 0.0072346 0.0014198 0.015912 0.027721 0.045345 0.036001 0.024588 0.026261 0.02981 0.016382 0.027109 0.029775 0.010941 0.017148 0.034037 0.013525 0.02811 0.02889 0.033784 0.049866 0.039506 0.02587 0.039667 0.038793 0.025618 0.026849 0.038433 0.049307 0.03005 0.029161 0.038159 0.048077 0.046317 0.036847 0.041964 0.039083 0.041747 0.038707 0.031405 0.04023 0.0387 0.054183 0.044998 0.047963 0.041297 0.011576 0.01481 0.010228 0.021336 0.028405 0.018414 0.024592 0.02982 0.027262 0.0198 0.016615 0.01438 0.0028184 0.017509 0.03303 0.035443 0.043818 0.050665 0.046319 0.047305 0.05434 0.045615 0.031722 0.048142 0.035708 0.036526 0.033036 0.03812 0.03967 0.043791 0.044781 0.054347 0.070138 0.068262 0.071829 0.048261 0.055697 0.059998 0.041123 0.030808 0.059914 0.065979 0.054778 0.054927 0.052256 0.041015 0.028085 0.031032 0.025967 0.025589 0.011764 0.001496 0.0092295 0.021165 0.022867 0.027772 0.016042 0.0031511 0.0097406 -0.0029111 0.012652 0.0038069 0.016684 0.028303 0.018019 0.0050827 0.0049512 0.007701 0.021654 0.022952 0.018843 0.015328 0.020312 0.021336 0.01751 0.017615 0.0056246 0.023417 0.028508 0.035311 0.031398 0.014754 0.018548 0.023911 0.022812 0.022514 0.012665 0.002291 -0.01287 0.0053225 0.0010919 -0.0010443 -0.0087702 -0.0042924 0.0084194 0.0078408 -0.0022936 0.0059839 -0.0048484 -0.011805 -0.011973 -0.011048 -0.019712 -0.023212 -0.013649 -0.016355 -0.022349 -0.017191 -0.026151 0.0037285 -0.0049767 -0.0046662 -0.019702 -0.020608 -0.033711 -0.031029 -0.020111 -0.010263 -0.0018094 -0.002646 -0.018878 -0.0080603 -0.021916 -0.032243 -0.037592 -0.0062375 -0.0093926 -0.016144 -0.0056464 0.0062672 -0.0040316 0.013502 0.015798 0.0076807 0.019475 0.01989 0.024232 0.024691 0.031227 0.027232 0.020939 0.025987 0.030032 0.017404 0.032948 0.020316 0.034003 0.031092 0.018492 0.00035374 0.0055703 0.012992 0.015869 0.022912 0.02385 0.024184 0.026542 0.025922 0.017605 0.0073227 -0.0053521 0.0092112 -0.0037006 0.00068338 0.0050226 0.0037939 0.013056 0.011094 0.01697 0.0086572 0.02109 0.01463 -0.0029844 -0.021178 -0.025147 -0.010322 -0.018759 -0.016426 -0.015527 -0.010329 -0.0063642 -0.0040455 0.0044162 0.0015236 7.9606e-05 -0.015636 -0.010051 0.00037396 -0.0007748 -0.016284 -0.0035555 -0.0086253 -0.0051916 -0.016313 0.0012747 -0.011244 0.00099207 -0.0036374 -0.0023091 -0.0077003 0.0073934 0.0056694 0.00079723 0.016017 -0.0010593 0.0071372 0.011686 0.0086995 0.0071478 0.013036 0.0068421 0.0077884 0.012666 0.0094635 0.0037566 -0.0022293 0.011719 0.015872 0.023742 0.017779 0.0019722 0.0051608 -0.00065179 -0.001024 0.014496 0.0077243 0.0072528 -0.016364 -0.014867 -0.0034879 0.0063235 0.00040865 -0.01481 -0.0014785 0.001459 0.01365 0.0021826 -0.0027882 -0.0022488 -0.011602 -0.0098388 -0.019354 -0.0053213 0.0051456 -0.0025467 -0.021682 0.0046449 0.0075967 -0.0062775 -0.008284 -0.0059493 0.00055226 -0.009234 -0.0040895 0.0072619 -0.00056037 -0.0054744 -0.0092843 0.0075367 -0.015407 -0.0050888 -0.00057651 -0.0053283 -0.0072645 0.0018439 -0.0072073 0.010034 0.024344 0.010113 0.0074183 0.011671 0.004709 -8.4492e-05 0.003661 0.0070163 -0.015053 -0.017161 -0.0101 -0.0054889 -0.0024511 -0.014188 -0.0081415 0.0025988 0.0022129 -0.0033726 -0.0072926 -0.0093404 -0.0061756 0.0086195 0.016222 0.00066847 -0.0040633 -0.011785 -0.013871 0.0085512 0.0035308 0.014043 0.009825 0.002596 0.020447 0.023813 0.0026245 0.014289 0.019842 0.013171 0.0078573 0.013507 0.028389 0.0083941 0.0009238 0.0028233 -0.0036016 0.011843 0.014537 0.0082353 0.0029915 -0.0011316 -0.0018963 -0.010942 0.00080092 -0.0020287 0.0038644 0.0080762 0.0040523 -0.005799 -0.012837 0.0097171 -0.00035822 0.0014882 -0.0047271 -0.002023 -0.014247 -0.020006 -0.016992 0.0044039 -0.008374 0.011533 0.0095997 0.02345 0.0097566 0.0081964 -0.0056427 0.0066463
0.0075629 0.004541 0.0024549 -0.00050084 0.00084949 -0.012876 0.0038565 -0.0054662 0.0050305 -0.017572 -0.0022908 -0.025164 -0.010815 0.0021295 0.018271 0.006237 0.01 0.013848 0.028388 0.047008 0.026235 0.00035807 0.0049563 0.0012039 0.031394 0.03088 0.037146 0.051459 0.037172 0.035018 0.047295 0.04191 0.052977 0.048457 0.032372 0.030825 0.029043 0.036022 0.048656 0.051973 0.055503 0.040208 0.057778 0.042514 0.043953 0.053167 0.030573 0.035466 0.034657 0.050148 0.048727 0.049584 0.048686 0.040281 0.041554 0.027558 0.024906 0.051493 0.055921 0.035027 0.01561 0.03804 0.021951 0.011467 0.012428 0.035841 0.041043 0.042396 0.067858 0.034226 0.055562 0.037788 0.043431 0.049128 0.058591 0.05784 0.06443 0.045064 0.050573 0.055691 0.05612 0.047099 0.045731 0.070576 0.065657 0.076047 0.082651 0.099625 0.11152 0.093855 0.090136 0.097688 0.098441 0.062237 0.078373 0.06658 0.069918 0.079281 0.078097 0.070222 0.073755 0.069234 0.073282 0.069208 0.052675 0.054681 0.068472 0.051726 0.073976 0.093341 0.095643 0.083233 0.079291 0.071008 0.084771 0.064703 0.06101 0.038954 0.026515 0.075438 0.054173 0.062129 0.08148 0.074219 0.068663 0.048166 0.062324 0.060854 0.049093 0.056495 0.057973 0.063093 0.059065 0.063973 0.069215 0.065482 0.050134 0.055592 0.056056 0.048189 0.052264 0.065805 0.079501 0.065205 0.06587 0.067555 0.079488 0.063715 0.053338 0.049031 0.051582 0.067875 0.047789 0.05835 0.057215 0.040556 0.050877 0.059196 0.064832 0.057511 0.069162 0.064048 0.074439 0.057889 0.0597 0.061449 0.065162 0.050808 0.074559 0.068036 0.058518 0.064412 0.044259 0.048023 0.05029 0.052852 0.044476 0.069398 0.059326 0.028198 0.034426 0.039452 0.029636 0.023404 0.036695 0.031523 0.045576 0.041872 0.055467 0.065675 0.061338 0.078081 0.07728 0.079207 0.079585 0.07735 0.09214 0.068575 0.091709 0.070326 0.075223 0.067435 0.061608 0.051876 0.048589 0.041983 0.024747 0.053109 0.041126 0.036219 0.03521 0.036504 0.042188 0.035286 0.033866 0.035317 0.037779 0.012095 0.025238 0.033617 0.029766 0.027668 0.055536 0.054174 0.069348 0.075098 0.062489 0.068419 0.062122 0.060103 0.042708 0.036867 0.036173 0.034395 0.040832 0.064007 0.060489 0.066878 0.036729 0.036183 0.035024 0.029921 0.030025 0.030674 0.049543 0.040928 0.030564 0.032124 0.02597 0.024377 0.029758 0.018164 0.02622 0.019994 0.028459 0.022835 0.026709 0.032533 0.02478 0.016102 0.0043241 -0.0020195 0.010041 -0.0040936 0.010189 0.030539 0.020507 0.015709 0.026496 0.019886 0.035391 -0.00028117 2.0087e-05 0.0050587 0.016344 0.0285 0.030035 0.02943 0.044319 0.031391 0.031887 0.028535 0.018513 0.0097604 0.024899 0.030907 0.042234 0.024418 0.024952 0.036363 0.047532 0.043066 0.023693 0.02639 0.056391 0.046565 0.030079 0.0049345 0.01461 0.016658 0.035412 0.022205 0.018436 0.0053816 0.0018657 6.7927e-05 0.014368 0.026877 0.052572 0.041037 0.015735 0.022519 0.037778 0.021603 0.017999 0.028476 0.014166 0.021705 0.037146 0.016075 0.033954 0.037011 0.035074 0.054981 0.043128 0.023553 0.039951 0.039192 0.015611 0.0087516 0.028819 0.040348 0.014677 0.025529 0.040414 0.054841 0.04547 0.04118 0.043043 0.041516 0.039525 0.040234 0.027547 0.036293 0.04254 0.063477 0.051699 0.046493 0.044203 0.0020021 0.0047028 0.00076657 0.015404 0.030308 0.014174 0.012183 0.021504 0.027094 0.022803 0.011381 0.0080222 -0.007695 0.0080719 0.02621 0.031654 0.035166 0.04258 0.036965 0.041154 0.057528 0.04879 0.015796 0.037349 0.029109 0.032101 0.02405 0.033854 0.046996 0.041297 0.046993 0.052037 0.065555 0.052526 0.065602 0.033086 0.047038 0.054757 0.041818 0.023862 0.055642 0.066299 0.061096 0.056459 0.053582 0.032436 0.024923 0.028505 0.018874 0.019441 -0.0010917 -0.0052937 0.0079496 0.025332 0.022185 0.028196 0.013472 0.0021599 0.0056923 -0.0088417 0.020266 0.0043845 0.014946 0.035005 0.018954 -0.00028211 0.0048789 0.007099 0.016326 0.022564 0.014274 0.010727 0.019978 0.027052 0.011476 0.017451 0.0027601 0.028732 0.029949 0.040148 0.042713 0.021835 0.024366 0.026597 0.023896 0.021267 0.011037 0.0073219 -0.0078394 0.0041966 0.0036951 0.0023104 -0.0060903 0.0033689 0.014068 0.0063462 -0.0084148 0.005674 -0.0073241 -0.020663 -0.01862 -0.02279 -0.023894 -0.029748 -0.02892 -0.026157 -0.031869 -0.017011 -0.031776 -0.0079734 -0.019975 -0.019019 -0.026569 -0.027401 -0.044824 -0.043757 -0.03627 -0.026074 -0.016869 -0.02038 -0.040314 -0.034084 -0.049328 -0.060571 -0.071339 -0.032622 -0.042021 -0.043879 -0.027074 -0.011662 -0.021585 -0.001142 -8.1837e-05 0.0016918 0.018323 0.0085181 0.020683 0.011277 0.01638 0.018015 0.015889 0.01568 0.014893 0.0070374 0.03708 0.011373 0.025892 0.021761 0.0093807 -0.0098862 -0.0022706 0.0075486 0.010997 0.01987 0.020271 0.021173 0.020439 0.025025 0.020805 0.020894 -0.0024565 0.0054166 -0.011321 -0.0080801 -0.0031706 -0.013212 0.0016243 0.0068016 0.018462 0.014779 0.018166 0.0085976 -0.019385 -0.042531 -0.043048 -0.020199 -0.025373 -0.024968 -0.024338 -0.022075 -0.014059 -0.014716 -0.0043832 -0.0024792 -0.0027354 -0.015378 -0.013862 -0.00030373 0.0011806 -0.026816 -0.0021984 -0.0093376 -0.0067557 -0.022942 -0.0033556 -0.017626 0.0024426 -0.0038476 -0.0085128 -0.014963 -0.004708 -0.0055012 -0.0087183 0.0044458 -0.015869 -0.0026252 0.0099638 0.0064983 0.0018309 0.0024064 -0.0058882 -0.0036156 0.0034983 0.0059102 -0.00086517 -0.011361 0.004889 0.012868 0.030988 0.022975 0.0085897 0.0061267 -0.0038996 0.0011285 0.017678 0.010525 0.0092003 -0.022602 -0.017116 -0.010463 0.0081579 0.0095092 -0.015582 0.0083388 0.010983 0.021752 -0.0066032 -0.021032 -0.013062 -0.016037 -0.013109 -0.029002 -0.016724 -0.00031355 -0.0033613 -0.029284 0.0029715 0.014784 -0.00083739 -0.0035254 -0.0055556 -0.0023815 -0.012079 -0.0060937 0.0087792 0.0034776 -0.0013968 -0.0091303 0.013979 -0.02018 -0.0089351 -0.008125 -0.011393 -0.0091671 -0.0063291 -0.013119 0.01349 0.030165 0.014105 0.010457 0.0095801 0.0038495 -0.0025672 -0.00068284 0.0043341 -0.017619 -0.019342 -0.0054351 -0.0086521 -0.0050312 -0.012546 -0.00927 0.00068897 0.0076633 -0.00076599 -0.00678 -0.012004 -0.0072014 0.0095692 0.018303 -0.0037418 -0.001516 -0.011507 -0.021274 0.0059892 -0.0017958 0.011267 0.0049343 0.0079772 0.030504 0.022037 -0.0023988 0.019104 0.021493 0.01094 0.015356 0.020848 0.026741 0.011286 0.0038047 0.00014803 -0.0078842 0.0069974 0.014978 0.011948 -0.0039547 -0.0034509 -0.0032546 -0.016105 -0.0018874 -0.0095549 0.003367 0.010975 -0.0049425 -0.0044198 -0.01436 0.010577 0.0032496 0.010816 -0.0075699 -0.00071887 -0.012095 -0.024346 -0.027634 -0.00020546 -0.0045379 0.0067728 0.0055595 0.027382 0.013108 0.00099851 -0.020253 -0.011138
0.012906 0.0010192 0.0061976 -0.0027716 0.016308 0.0032288 0.010891 -0.014035 -0.00098408 -0.016613 -0.0034044 0.0040627 0.0303 0.0098254 0.0067562 0.016176 0.037152 0.054331 0.034043 0.001882 0.00035369 -0.00067992 0.040093 0.032047 0.034036 0.054253 0.035536 0.034218 0.055909 0.047472 0.057143 0.040806 0.031046 0.032054 0.029143 0.051106 0.058852 0.05587 0.067288 0.042408 0.068254 0.049651 0.051112 0.060125 0.030869 0.027312 0.034019 0.068118 0.061023 0.051058 0.050595 0.039289 0.046746 0.028707 0.025299 0.045017 0.052196 0.034153 0.0099557 0.045129 0.018101 0.0048867 0.0096647 0.030536 0.030679 0.029206 0.082107 0.041392 0.055494 0.033336 0.044313 0.044903 0.064914 0.059559 0.057498 0.027683 0.04915 0.05841 0.053206 0.045897 0.039763 0.071565 0.05653 0.069468 0.073797 0.094974 0.11759 0.089026 0.092469 0.10104 0.10288 0.048826 0.06544 0.053568 0.0722 0.082675 0.071172 0.06544 0.072314 0.06782 0.074709 0.071778 0.048852 0.06157 0.072008 0.040144 0.077675 0.098469 0.11399 0.085186 0.082659 0.066571 0.088095 0.058366 0.044842 0.020564 0.0021747 0.061598 0.044812 0.047667 0.070744 0.07015 0.05924 0.031615 0.048023 0.055567 0.040694 0.041726 0.045479 0.061164 0.054972 0.054453 0.064176 0.070343 0.046547 0.047685 0.045581 0.045696 0.038313 0.061906 0.077598 0.063718 0.054853 0.050441 0.068537 0.058969 0.046399 0.040406 0.046125 0.06771 0.029786 0.044353 0.042035 0.029774 0.038006 0.051928 0.06518 0.049827 0.061689 0.057294 0.075966 0.044717 0.053053 0.062541 0.064853 0.048514 0.082602 0.063047 0.056736 0.068526 0.045805 0.054536 0.071555 0.061045 0.060382 0.082597 0.054077 0.013972 0.024351 0.036143 0.023505 0.026915 0.03847 0.02762 0.047047 0.02743 0.048288 0.056079 0.058603 0.062864 0.066342 0.068819 0.072574 0.068136 0.081798 0.054652 0.072013 0.054438 0.076546 0.055559 0.047249 0.029468 0.028122 0.032685 0.02453 0.055994 0.026989 0.024149 0.025888 0.029659 0.041982 0.043341 0.03235 0.021705 0.0251 -0.0053018 0.016716 0.02627 0.01272 0.0061109 0.033565 0.030467 0.041006 0.068356 0.059582 0.056507 0.044713 0.054562 0.033191 0.01464 0.0033122 -0.0039284 0.020963 0.060241 0.05456 0.058955 0.023434 0.029242 0.034853 0.030084 0.031079 0.039637 0.069236 0.046395 0.036122 0.037341 0.021674 0.010817 0.025517 0.020719 0.026013 0.024072 0.037162 0.015721 0.017226 0.027348 0.018052 0.016221 0.0068621 -0.0054108 0.0024963 -0.017649 -0.012025 0.020169 0.021021 0.0079611 0.02969 0.026034 0.03677 -0.0099464 -0.013346 -0.0018901 0.014118 0.028465 0.015236 0.018224 0.043804 0.020454 0.020094 0.015858 0.015024 0.009194 0.028872 0.035687 0.047721 0.021738 0.03153 0.046538 0.052572 0.059369 0.019871 0.025848 0.066078 0.051704 0.037019 0.010355 0.016427 0.023936 0.049768 0.02247 0.014119 -0.0031397 -0.0071059 0.0006918 0.014806 0.026032 0.060905 0.044859 0.0043076 0.015629 0.039868 0.020077 0.0027618 0.028834 0.020168 0.025594 0.032351 0.016909 0.041015 0.049357 0.038794 0.057885 0.039445 0.017495 0.032594 0.035339 0.0028677 -0.012614 0.014207 0.023141 -0.0073814 0.01961 0.039089 0.062136 0.046264 0.042731 0.033484 0.038207 0.039796 0.042647 0.022102 0.029134 0.044777 0.070137 0.059732 0.040888 0.051126 -0.0098321 -0.0091661 -0.013631 0.010116 0.034303 0.0088595 0.0010592 0.011862 0.031574 0.031226 0.0039358 -0.0029466 -0.018461 0.0010182 0.011909 0.024592 0.0229 0.027441 0.021401 0.031278 0.0554 0.053148 -0.0060827 0.018929 0.021677 0.02982 0.020691 0.033579 0.06399 0.040084 0.05646 0.050231 0.054333 0.030702 0.052658 0.014274 0.037185 0.042779 0.04223 0.014869 0.05061 0.064898 0.076541 0.059308 0.053788 0.016335 0.019516 0.02348 0.0073654 0.0086857 -0.01484 -0.005351 0.014901 0.04072 0.027877 0.02862 0.0088419 0.011079 0.0055919 -0.0087402 0.035417 0.0092388 0.016558 0.045873 0.027194 0.0027177 0.0099213 0.010512 0.013545 0.019458 0.0070167 0.0033856 0.013725 0.032013 0.0026733 0.018017 0.0013049 0.030061 0.022753 0.039717 0.056076 0.035407 0.032369 0.024674 0.019395 0.018299 0.013131 0.020021 0.0046826 0.012443 0.013084 0.016423 0.0046934 0.015629 0.022446 0.001476 -0.012083 0.0063851 -0.0098207 -0.028894 -0.02613 -0.035012 -0.023963 -0.032675 -0.04668 -0.032071 -0.041606 -0.0066235 -0.028934 -0.014464 -0.026337 -0.026463 -0.02684 -0.021008 -0.039539 -0.03954 -0.038931 -0.032519 -0.028243 -0.035892 -0.05987 -0.061184 -0.071478 -0.0847 -0.1045 -0.056063 -0.077565 -0.076751 -0.046754 -0.032887 -0.042133 -0.023808 -0.022876 0.0014429 0.013229 -0.0017323 0.016438 -0.013449 -0.012363 0.0022611 0.0020909 -0.0082237 -0.018732 -0.015953 0.027879 -0.0077459 0.00374 -0.0010264 -0.011631 -0.026429 -0.015481 -0.0029986 0.003566 0.016383 0.013376 0.021012 0.014357 0.024472 0.023148 0.037173 0.0065862 -0.0014158 -0.020537 -0.022091 -0.018778 -0.033515 -0.015346 0.0023989 0.023367 0.021735 0.015471 0.0064529 -0.036631 -0.067044 -0.059068 -0.033601 -0.037361 -0.034172 -0.03622 -0.029899 -0.016717 -0.022165 -0.011842 -0.0059081 -0.00088011 -0.0092661 -0.017747 -0.0062897 0.006138 -0.035119 0.0083705 -0.0069207 -0.0045252 -0.021245 -0.0038912 -0.022907 0.0044466 0.0022049 -0.0086763 -0.017945 -0.019082 -0.017257 -0.01591 -0.007074 -0.030788 -0.0088085 0.0056709 0.0029898 -0.0059502 -0.01158 -0.021662 -0.016683 -0.0032823 0.0031513 -0.0017932 -0.0128 -0.0044798 0.0089767 0.04411 0.031675 0.019143 0.0118 -0.0057876 0.0052826 0.026724 0.013919 0.009238 -0.026843 -0.014108 -0.017395 0.013816 0.028724 -0.0053872 0.030812 0.028724 0.034845 -0.0092851 -0.042796 -0.02976 -0.023098 -0.016318 -0.037978 -0.030998 -0.0057676 0.0015214 -0.035915 0.0030449 0.022451 0.0086931 0.002236 -0.0098123 -0.016392 -0.020193 -0.0066188 0.010812 0.0081163 0.002256 -0.0057397 0.023369 -0.020312 -0.012773 -0.013285 -0.010142 -0.010598 -0.019716 -0.015329 0.019024 0.044588 0.017338 0.013861 0.0071523 0.013861 -0.0038525 -0.0080901 -0.00055932 -0.015355 -0.013828 0.0053355 -0.0094849 -0.013343 -0.011974 -0.013383 -0.002135 0.01427 -0.0023323 -0.0057885 -0.010866 -0.010937 0.013531 0.02217 -0.0094155 0.0023315 -0.0070042 -0.027165 -0.0063296 -0.013989 0.010946 0.0058231 0.018444 0.038731 0.022543 -0.011296 0.022596 0.019249 0.0060847 0.028761 0.028158 0.017229 0.0082212 0.0045328 -0.0092805 -0.01318 -0.001051 0.013733 0.017317 -0.0057261 0.0051258 -0.0039302 -0.022485 -0.011699 -0.018458 0.0011259 0.013491 -0.018934 -0.0018018 -0.013613 0.011012 0.014013 0.026002 -0.0047533 0.0058482 -0.0019737 -0.021118 -0.035051 -0.0032405 0.0025179 -0.006935 -0.0036853 0.028655 0.021623 -0.0071303 -0.036992 -0.034364 -0.048509 -0.053157
