Number of voxels: 144
Number of points per voxel: 692
Voxel Index:
10 10
11 10
12 10
13 10
14 10
15 10
16 10
17 10
18 10
19 10
20 10
21 10
10 11
11 11
12 11
13 11
14 11
15 11
16 11
17 11
18 11
19 11
20 11
21 11
10 12
11 12
12 12
13 12
14 12
15 12
16 12
17 12
18 12
19 12
20 12
21 12
10 13
11 13
12 13
13 13
14 13
15 13
16 13
17 13
18 13
19 13
20 13
21 13
10 14
11 14
12 14
13 14
14 14
15 14
16 14
17 14
18 14
19 14
20 14
21 14
10 15
11 15
12 15
13 15
14 15
15 15
16 15
17 15
18 15
19 15
20 15
21 15
10 16
11 16
12 16
13 16
14 16
15 16
16 16
17 16
18 16
19 16
20 16
21 16
10 17
11 17
12 17
13 17
14 17
15 17
16 17
17 17
18 17
19 17
20 17
21 17
10 18
11 18
12 18
13 18
14 18
15 18
16 18
17 18
18 18
19 18
20 18
21 18
10 19
11 19
12 19
13 19
14 19
15 19
16 19
17 19
18 19
19 19
20 19
21 19
10 20
11 20
12 20
13 20
14 20
15 20
16 20
17 20
18 20
19 20
20 20
21 20
10 21
11 21
12 21
13 21
14 21
15 21
16 21
17 21
18 21
19 21
20 21
21 21
Is labelled: No
0.25105 0.25258 0.25463 0.25477 0.25408 0.25303 0.24918 0.2421 0.23585 0.22401 0.21308 0.20255 0.19296 0.18413 0.17381 0.16322 0.15214 0.1407 0.13122 0.11838 0.10692 0.098099 0.087337 0.079405 0.072107 0.066088 0.059209 0.05277 0.046501 0.041221 0.039284 0.036333 0.033764 0.032007 0.029835 0.025321 0.02069 0.016765 0.016167 0.013077 0.011122 0.0094194 0.0078792 0.0059973 0.0015164 -0.001557 -0.0027269 -0.0027588 -0.0022891 -0.00068065 0.0020352 0.0027872 -0.0005071 -0.0032429 -0.0017644 -0.0018405 -0.0014614 -0.0034992 -0.0028456 -0.0050301 -0.003438 -0.0027923 -0.0025131 -0.0011427 -0.0013592 -0.0010942 -0.00037972 0.00043547 -0.00055 0.00036914 0.00011296 -5.672e-05 -0.00028118 0.0015696 0.0025503 0.0026362 0.0028881 0.0013859 0.0015814 0.001256 0.0013538 0.0025442 0.0016283 0.0015568 0.0024831 0.003231 0.0059478 0.0044267 0.0035564 0.0055172 0.0068738 0.0067856 0.0066731 0.0077082 0.0081283 0.0082765 0.0067493 0.0071931 0.0071767 0.0082239 0.007751 0.0065481 0.0070676 0.0066753 0.0062993 0.0058828 0.0061346 0.0066823 0.0082296 0.0085681 0.0067115 0.007242 0.0073493 0.0073696 0.0060156 0.0046156 0.0044659 0.0047392 0.0053972 0.0058817 0.0062866 0.0070279 0.006179 0.0058136 0.007964 0.0087546 0.0078232 0.0077946 0.0078971 0.0079576 0.0052263 0.0067225 0.0065927 0.0054956 0.0043928 0.0054032 0.004885 0.0068162 0.007189 0.0080754 0.0062408 0.0068844 0.0069052 0.0056841 0.0055245 0.007909 0.0082014 0.0071051 0.0071451 0.0066075 0.007132 0.0067078 0.0054507 0.0072542 0.0071677 0.0084988 0.0071938 0.0062428 0.005567 0.0051595 0.0063211 0.0082326 0.0085788 0.0057476 0.0069278 0.0095654 0.0079338 0.0090044 0.0090486 0.0081614 0.0078775 0.0083644 0.0082747 0.0084413 0.0098959 0.0093106 0.0080461 0.0072151 0.0068361 0.0090612 0.008145 0.009533 0.0094526 0.0088166 0.006711 0.00747 0.0087776 0.0090477 0.0091793 0.0078628 0.0091015 0.010837 0.011298 0.012405 0.011603 0.010757 0.01227 0.012711 0.013249 0.011887 0.011964 0.012161 0.011331 0.0109 0.010944 0.010989 0.013313 0.013554 0.014367 0.01362 0.011721 0.009312 0.010074 0.013075 0.012622 0.01163 0.013088 0.01367 0.014644 0.01207 0.010425 0.012491 0.010684 0.01006 0.0090545 0.0091606 0.010144 0.0092154 0.0086956 0.0081078 0.0074485 0.0081915 0.0082766 0.0089485 0.0087125 0.009769 0.0096087 0.0073612 0.0070661 0.0085144 0.0080347 0.0068765 0.007826 0.0090595 0.0072597 0.0076652 0.0066892 0.007037 0.0068644 0.0084975 0.0075453 0.0074788 0.0060687 0.0053645 0.0050007 0.0050427 0.0038648 0.0058639 0.0037735 0.0037012 0.0049009 0.0054018 0.004151 0.0041858 0.0038429 0.0048038 0.0043386 0.0046748 0.0037404 0.0020522 0.0038355 0.0027849 0.0025695 0.002988 0.0032339 0.0026289 0.0022174 0.0037911 0.0029741 0.002007 0.0020819 0.0032858 0.0023853 0.0031744 0.0040926 0.00065546 0.00096081 0.0020595 0.003076 0.0034063 0.0027567 0.0025545 0.005 0.0061136 0.0060425 0.0045702 0.0035886 0.0038497 0.0049025 0.0029904 0.0033609 0.0052564 0.0030878 0.0026172 0.0028665 0.0049083 0.0060051 0.0040463 0.0040702 0.0036909 0.003704 0.0038584 0.0030733 0.0044417 0.0037832 0.0026635 0.0042512 0.0043508 0.0042109 0.0061596 0.0056654 0.0064496 0.0075012 0.0069873 0.0064561 0.0074684 0.0077397 0.0063283 0.0061572 0.0067215 0.0073614 0.0065584 0.0064766 0.0087975 0.0095898 0.0090696 0.0082926 0.0084188 0.0083527 0.0097971 0.0097032 0.0086354 0.011323 0.0094471 0.0090586 0.01079 0.0097903 0.010091 0.0084708 0.010315 0.012327 0.011234 0.011137 0.012765 0.012917 0.013052 0.01167 0.011037 0.01045 0.012354 0.012181 0.011038 0.0098321 0.0091953 0.010464 0.011612 0.010806 0.01191 0.012066 0.014398 0.012876 0.012455 0.0127 0.013588 0.013879 0.016401 0.016938 0.016254 0.014509 0.015076 0.015946 0.016835 0.016932 0.014496 0.015991 0.015326 0.014097 0.014165 0.015353 0.017839 0.016037 0.013883 0.015909 0.018031 0.01665 0.015642 0.017702 0.018473 0.01651 0.016371 0.014951 0.016474 0.016557 0.015463 0.014553 0.014881 0.015672 0.016182 0.017643 0.017072 0.016413 0.015575 0.013628 0.012226 0.012713 0.011644 0.011934 0.012912 0.010998 0.011136 0.0095046 0.010385 0.010282 0.011379 0.011223 0.01042 0.010178 0.0093726 0.0089805 0.010521 0.0090943 0.009933 0.0095707 0.0088602 0.008658 0.0078273 0.0081359 0.0073685 0.0074581 0.0069223 0.0069876 0.0093448 0.0070798 0.0052951 0.0049175 0.0041004 0.0053323 0.0051366 0.0055875 0.0061575 0.0066101 0.0050025 0.0061052 0.0056182 0.006611 0.0065189 0.0066148 0.004296 0.0057146 0.0049694 0.0038081 0.0041733 0.0046122 0.0049731 0.0059917 0.0039114 0.0046004 0.0071004 0.0043833 0.0050535 0.0068885 0.0070915 0.0082689 0.0064932 0.007793 0.0081038 0.0089255 0.0077087 0.0089454 0.0093228 0.0087073 0.008981 0.0075418 0.006629 0.0070294 0.007112 0.0062786 0.0062623 0.0074249 0.00668 0.0077356 0.0079024 0.0098572 0.010748 0.0095019 0.009228 0.0073792 0.0079324 0.0089246 0.0079052 0.008584 0.0078679 0.0083797 0.0096644 0.0090928 0.0084557 0.0068054 0.0060215 0.0072828 0.0073082 0.0081759 0.0093575 0.0087099 0.0067617 0.0064618 0.0057104 0.0066353 0.0053096 0.0053821 0.0054899 0.0060314 0.0051961 0.0029724 0.0020804 0.0034992 0.0042102 0.0026625 0.0016651 0.0016415 0.0026536 0.0036819 0.0046282 0.0020113 0.0039586 0.00264 0.0019807 0.0010741 0.0010353 0.0027164 0.0026533 0.0008998 0.0018356 0.0027324 0.0032401 0.0035945 0.0033507 0.0044399 0.0030803 0.0044661 0.0039996 0.0033539 0.0021832 0.002733 0.0034269 0.0049066 0.0057567 0.0044803 0.0057877 0.005344 0.00601 0.0053302 0.0071049 0.0042855 0.0059611 0.005553 0.004353 0.0048498 0.0050157 0.0049991 0.0055785 0.004996 0.002556 0.0056457 0.0067645 0.00581 0.0043359 0.004254 0.0024686 0.0021111 0.0046676 0.0041093 0.0029974 0.0027541 0.0029466 0.0041969 0.0023204 0.0014579 0.0018486 0.00048395 0.0011623 0.00081824 0.0020589 0.0021795 0.00041054 0.0010644 0.0013979 0.0024107 0.0022634 0.002575 0.0024531 0.0013062 0.0013088 0.0033519 0.0018369 0.0019488 -0.0013315 -0.00081481 0.00033719 7.4126e-05 0.00068204 0.00025663 0.00016244 -0.00037775 -0.00050232 -0.0015296 0.0012146 -0.00061954 0.00060149 0.00028105 0.00039361 0.0014668 0.0018801 0.00022839 0.00050422 0.0013286 -0.00021485 0.0019745 0.0014965 -0.00090476 0.00010524 -0.00054733 -0.00048047 -0.0021033 -0.0030023 -0.0019338 -0.0017257 -0.0002471 -0.00013472 5.8548e-05 -0.00065995 0.0011066 0.00020447 0.00033174 -0.00059695 -0.00054625 0.0016593 0.0014425 0.00032646 0.00064723 0.00038867 -0.0012377 -0.0004553 4.3696e-05 -0.0010121 -0.0018223 -0.0018072 -0.0002736 0.00021975 0.00084221 -0.00030475 -0.0015137 -0.002684 -0.0018698 -0.0012028 -0.0024208 0.00028552 -0.00063247 -0.00034729 0.0013938 -0.0015225 -0.0015651 -0.0011319 -0.0021565 -0.0024117 -0.0017783 -0.00017646 -0.0017906 -0.0004457 -0.00024713 -0.0014769 -0.0015866 -0.0004158 -5.0939e-05 8.4075e-05 -0.00036982 -0.00096253 -0.0023286 -0.0022791 0.00076211 -0.0017724 -0.00046452 -0.0018684
0.26022 0.26056 0.26024 0.25745 0.25334 0.25076 0.24443 0.23423 0.22679 0.21348 0.20166 0.18931 0.17895 0.16916 0.15796 0.14712 0.13611 0.12413 0.11515 0.10255 0.091668 0.08477 0.073781 0.066633 0.059879 0.054428 0.049668 0.045542 0.039048 0.033726 0.031973 0.030684 0.029718 0.028896 0.027373 0.02259 0.018671 0.015163 0.014437 0.012223 0.01175 0.0095615 0.0078144 0.0061021 0.00068319 -0.0020246 -0.0029177 -0.0021327 -0.0011103 0.0014732 0.0052427 0.0051934 0.00037564 -0.0016393 -0.00021548 -0.00056653 0.00016995 -0.0023789 -0.0012506 -0.0035921 -0.0020632 0.00034246 0.00099916 0.0029869 0.003236 0.0043135 0.0038784 0.0041352 0.0017341 0.0035638 0.004053 0.0045258 0.0056993 0.0070118 0.0082382 0.008026 0.0088567 0.0077928 0.0081995 0.0068981 0.0072774 0.0088075 0.0075646 0.0070901 0.0082124 0.010278 0.013781 0.011364 0.011343 0.01395 0.015718 0.014663 0.0144 0.015859 0.016244 0.016294 0.014009 0.015734 0.015857 0.016469 0.015177 0.013871 0.015795 0.015993 0.013771 0.012808 0.013301 0.014544 0.016303 0.016673 0.014462 0.014342 0.014374 0.015183 0.013681 0.013985 0.012193 0.012623 0.014066 0.014387 0.01466 0.014623 0.013763 0.013762 0.015638 0.017462 0.015993 0.015108 0.015145 0.015007 0.011813 0.013505 0.012369 0.010999 0.0087909 0.011672 0.011647 0.013536 0.014707 0.015719 0.01266 0.013983 0.013882 0.011948 0.012269 0.014764 0.015648 0.013942 0.013739 0.01355 0.013053 0.014092 0.012505 0.013519 0.015108 0.016497 0.01518 0.012817 0.011502 0.012294 0.013717 0.015895 0.016475 0.012927 0.013983 0.01862 0.015572 0.01705 0.017343 0.015822 0.014658 0.016257 0.016478 0.015935 0.017892 0.016487 0.015097 0.014832 0.014231 0.016711 0.016581 0.017169 0.017099 0.016038 0.014716 0.017143 0.01887 0.017998 0.0176 0.016938 0.018653 0.021276 0.021928 0.023462 0.022485 0.02139 0.023666 0.02396 0.025116 0.0227 0.022967 0.02271 0.021925 0.021181 0.019972 0.019633 0.022758 0.023732 0.024391 0.022203 0.018932 0.014919 0.016912 0.020096 0.019885 0.019007 0.020043 0.020404 0.02144 0.020068 0.017161 0.019558 0.017996 0.017306 0.016444 0.01638 0.017519 0.015632 0.015519 0.01486 0.013645 0.015533 0.015593 0.016084 0.015196 0.015673 0.015473 0.013282 0.012266 0.014353 0.013866 0.011844 0.012789 0.014428 0.010123 0.010224 0.0087987 0.0090418 0.0079638 0.010601 0.0086134 0.0096831 0.0084546 0.0065168 0.0066789 0.0067253 0.0051364 0.0080848 0.0054682 0.0048154 0.0067117 0.0057535 0.0030832 0.0048614 0.004602 0.0064055 0.005907 0.0064472 0.0059267 0.0036445 0.0064928 0.0040627 0.0037917 0.0038971 0.0050953 0.0044502 0.0039309 0.0067103 0.0064773 0.0040784 0.0047178 0.0065215 0.0053978 0.006804 0.0076102 0.0038078 0.0043741 0.0056301 0.0062512 0.0069956 0.0060143 0.0055098 0.0085328 0.0099412 0.0098371 0.0085041 0.0084186 0.0083204 0.0089302 0.0070984 0.0072829 0.0083028 0.0045293 0.0064592 0.0070351 0.0084758 0.010614 0.0088411 0.0098304 0.008077 0.0063197 0.0065727 0.0058972 0.0097475 0.0084613 0.0068715 0.0085334 0.0092905 0.0094309 0.012715 0.010872 0.01187 0.013698 0.013308 0.01262 0.014179 0.015217 0.012799 0.012167 0.012753 0.015379 0.014207 0.013032 0.015627 0.017468 0.017542 0.016078 0.016279 0.016115 0.018272 0.017437 0.016126 0.017754 0.015005 0.016271 0.01866 0.015828 0.016627 0.015375 0.017082 0.019762 0.018189 0.017924 0.019344 0.020222 0.022325 0.019709 0.018664 0.017358 0.018922 0.019701 0.018194 0.017048 0.016637 0.018442 0.02097 0.019973 0.021837 0.022819 0.025549 0.02452 0.023565 0.023487 0.023199 0.02332 0.0275 0.028299 0.027538 0.025114 0.024268 0.024957 0.027739 0.027655 0.025698 0.027057 0.025042 0.022918 0.023184 0.024956 0.028371 0.026419 0.022715 0.025103 0.026161 0.023719 0.023076 0.025952 0.025174 0.022268 0.021757 0.020215 0.02311 0.022219 0.020252 0.019074 0.019886 0.019722 0.020269 0.02274 0.022071 0.020608 0.020356 0.017136 0.014986 0.016401 0.015496 0.014407 0.015064 0.012418 0.013483 0.012379 0.012027 0.012254 0.012693 0.013435 0.01229 0.012452 0.011747 0.011112 0.013474 0.011227 0.012505 0.012394 0.011108 0.010872 0.009481 0.010182 0.008607 0.0079149 0.0078933 0.0099504 0.01295 0.010175 0.0072616 0.0060144 0.0059188 0.0075772 0.0069769 0.0092162 0.0085831 0.0090831 0.006562 0.0089747 0.007584 0.0090237 0.0093641 0.0097382 0.0073627 0.0091467 0.0077335 0.0074791 0.0082702 0.0077648 0.0072308 0.0087748 0.006437 0.0078323 0.010813 0.0078785 0.0080773 0.010631 0.012158 0.014981 0.013401 0.014115 0.015188 0.015699 0.014338 0.015401 0.016269 0.015918 0.01525 0.014423 0.013951 0.015368 0.015145 0.013899 0.012892 0.014071 0.013273 0.014954 0.015088 0.01722 0.017973 0.015439 0.014662 0.011085 0.012083 0.013362 0.012827 0.014278 0.012592 0.0141 0.014481 0.012672 0.012169 0.0099743 0.009611 0.011021 0.011346 0.012445 0.013434 0.011006 0.0091256 0.0093931 0.0072902 0.0097734 0.0067563 0.0060307 0.0063353 0.0078988 0.0065545 0.0040708 0.002137 0.0048076 0.0053045 0.0037586 0.0023366 0.0033396 0.0038908 0.006435 0.0079101 0.0049307 0.0059345 0.0042348 0.0028739 0.0010199 0.0027936 0.0046005 0.0053696 0.0040886 0.0045165 0.0061204 0.006542 0.0056587 0.0054721 0.0069951 0.0059693 0.0073287 0.0064146 0.0049425 0.0039235 0.0062037 0.0071671 0.0090768 0.010388 0.0082445 0.0091754 0.0085237 0.010014 0.0094205 0.010545 0.006433 0.0095644 0.0092679 0.0070621 0.0075392 0.0076305 0.0083729 0.0078238 0.0077046 0.0038266 0.0078338 0.0081588 0.0077696 0.007507 0.0077686 0.0048445 0.0046412 0.006106 0.0058937 0.0042267 0.0040559 0.0038705 0.003774 0.0019921 0.0028349 0.0025466 -4.2558e-05 0.0011117 -0.00010331 0.0024073 0.0039604 0.0009017 0.0018127 0.0012822 0.0029557 0.0036391 0.0032204 0.0022267 0.0014244 0.0013272 0.0038231 0.0019449 0.0023189 -0.0031329 -0.002929 -0.0010967 -0.0015052 0.00025374 -0.00028547 -0.00035156 -0.0012787 -0.0010364 -0.0023639 0.00041079 -0.0017511 0.00083305 0.00051323 0.00010206 0.0020708 0.0021325 -0.00079577 -0.00039216 0.0010488 -0.0013765 0.00094992 0.00036254 -0.0028901 -0.0010319 -0.0025523 -0.0018563 -0.0034433 -0.0036968 -0.0024289 -0.002224 -3.4544e-05 -2.0457e-05 -6.9777e-05 -0.00047888 0.00192 0.00083598 0.001407 -0.0016572 -0.00070704 0.0018746 0.0010661 0.00027436 0.00019152 0.0001574 -0.0020938 -0.0011857 0.00059164 -0.00084233 -0.0018661 -0.0012971 -5.52e-05 -0.00046774 0.001764 0.00012579 -0.0022132 -0.0043866 -0.0032467 -0.0012018 -0.0029408 -4.2094e-05 -0.0020561 -0.0014259 0.00093311 -0.0027967 -0.0030603 -0.0028028 -0.0034771 -0.0042951 -0.0032147 -0.0022331 -0.0030655 -0.0012304 -0.0014453 -0.0031172 -0.0026775 0.00035545 -2.2072e-05 0.00035933 -0.00031663 -0.00087063 -0.0022704 -0.0022335 0.00058554 -0.0021049 -0.00024208 -0.0033911
0.18781 0.20097 0.21126 0.21585 0.21474 0.21429 0.21391 0.21136 0.20618 0.19838 0.19483 0.18757 0.17655 0.16941 0.15786 0.14725 0.13692 0.12811 0.11906 0.10908 0.10096 0.092429 0.082315 0.076342 0.066884 0.058865 0.05508 0.046704 0.042785 0.037881 0.033618 0.033938 0.033657 0.028054 0.023475 0.021796 0.022697 0.023446 0.023006 0.022416 0.019064 0.017926 0.014818 0.013359 0.013008 0.015125 0.011407 0.01022 0.0084146 0.0028966 0.00096379 0.00071648 0.002569 0.0044943 0.0084745 0.012612 0.011946 0.006011 0.0061303 0.0055427 0.0046644 0.0054039 0.0028471 0.0048165 0.0025346 0.0036286 0.0076587 0.0088121 0.011434 0.012491 0.014624 0.013015 0.011673 0.0085633 0.01085 0.013272 0.014614 0.017643 0.017987 0.019313 0.01883 0.020957 0.02071 0.02173 0.01873 0.01925 0.020535 0.019405 0.018514 0.020103 0.023672 0.027934 0.025292 0.026405 0.028727 0.029539 0.027192 0.027008 0.028638 0.028764 0.027834 0.025282 0.028368 0.02872 0.028516 0.026797 0.025034 0.029344 0.030592 0.025483 0.025336 0.025446 0.026516 0.027798 0.028891 0.026244 0.025116 0.025857 0.02825 0.026276 0.029548 0.025695 0.025395 0.027522 0.027559 0.027301 0.025728 0.024739 0.025278 0.02621 0.029719 0.028302 0.026163 0.026172 0.025434 0.021782 0.023845 0.021634 0.020013 0.017375 0.023135 0.023366 0.024542 0.026786 0.027731 0.023711 0.026103 0.026856 0.023959 0.023825 0.025833 0.027273 0.024047 0.023841 0.02399 0.022986 0.0253 0.022513 0.023304 0.028363 0.030212 0.028703 0.024378 0.022019 0.024605 0.026098 0.028104 0.028053 0.023208 0.024175 0.031542 0.026813 0.029125 0.028542 0.025688 0.024096 0.026587 0.027511 0.02591 0.027993 0.025554 0.024801 0.026111 0.025837 0.029092 0.030275 0.029479 0.030464 0.02907 0.028774 0.033188 0.036071 0.033608 0.03219 0.033891 0.035906 0.038879 0.039725 0.042393 0.040625 0.03808 0.040766 0.040735 0.041008 0.03677 0.037101 0.036508 0.035159 0.034289 0.030865 0.030178 0.032878 0.034408 0.034593 0.030512 0.026968 0.020949 0.024563 0.027764 0.028187 0.027552 0.028047 0.029254 0.030431 0.031307 0.026817 0.028857 0.027787 0.026564 0.026995 0.027496 0.027887 0.025273 0.025497 0.024876 0.022645 0.025848 0.02621 0.02597 0.023758 0.022591 0.021514 0.019501 0.018466 0.020932 0.019916 0.016741 0.017839 0.019388 0.012242 0.011381 0.0098579 0.0099512 0.0075489 0.011696 0.0077698 0.010823 0.0096011 0.0069657 0.0084623 0.0083118 0.0060728 0.010468 0.0077615 0.0068809 0.0092826 0.0065467 0.0018235 0.0055932 0.0062365 0.0084996 0.0072872 0.0088209 0.0089903 0.0056997 0.0094904 0.0066354 0.0064248 0.0052087 0.0082454 0.0079194 0.0070349 0.011035 0.011899 0.0077435 0.0093194 0.011166 0.0099231 0.012216 0.01295 0.0097411 0.010342 0.011538 0.01116 0.012285 0.010774 0.01009 0.013615 0.014412 0.014857 0.014596 0.015423 0.014095 0.014418 0.014078 0.014141 0.014078 0.0074344 0.012135 0.013934 0.0149 0.018374 0.016991 0.019321 0.015197 0.01117 0.012433 0.011429 0.01842 0.016059 0.014159 0.016228 0.017997 0.018837 0.022893 0.018985 0.020196 0.022577 0.023455 0.022329 0.025277 0.027367 0.022973 0.021501 0.022369 0.027736 0.026787 0.024251 0.025931 0.028272 0.029892 0.027123 0.027604 0.027614 0.030056 0.027884 0.026918 0.025872 0.022406 0.026413 0.028534 0.024646 0.02596 0.025796 0.026769 0.029409 0.027819 0.027713 0.028298 0.030383 0.034992 0.031423 0.030564 0.027844 0.028225 0.030798 0.029022 0.028328 0.028273 0.03109 0.034605 0.033763 0.037317 0.039851 0.042782 0.042495 0.039998 0.039648 0.037958 0.03757 0.042995 0.043343 0.041918 0.039032 0.036566 0.037687 0.042049 0.040539 0.039683 0.040733 0.037038 0.034404 0.033706 0.035252 0.039499 0.037614 0.0319 0.034256 0.033336 0.028881 0.029005 0.031625 0.028382 0.025411 0.024468 0.024201 0.028254 0.026017 0.023131 0.021252 0.022587 0.021066 0.020911 0.025342 0.024626 0.022571 0.023709 0.020441 0.017042 0.018684 0.01859 0.016415 0.016134 0.012928 0.015696 0.015347 0.013526 0.013798 0.013505 0.014956 0.013792 0.014323 0.014698 0.013715 0.016833 0.01397 0.015953 0.016272 0.014198 0.013864 0.012543 0.012871 0.010499 0.0082508 0.0092213 0.014042 0.016791 0.013681 0.010028 0.0079866 0.0086317 0.010708 0.0095227 0.013527 0.011607 0.012839 0.0091147 0.012861 0.011235 0.012835 0.014075 0.015343 0.013661 0.01574 0.013884 0.014821 0.015212 0.014211 0.012215 0.013801 0.012387 0.014479 0.016249 0.014551 0.014555 0.01784 0.021367 0.025363 0.025493 0.025353 0.027292 0.027565 0.02639 0.027834 0.029859 0.030419 0.030237 0.02975 0.030371 0.032572 0.031106 0.029819 0.026191 0.025836 0.025333 0.026282 0.025867 0.02615 0.026089 0.023045 0.021301 0.015943 0.01716 0.017875 0.018953 0.021416 0.01824 0.019613 0.018365 0.015817 0.01555 0.012676 0.013116 0.014417 0.01508 0.015657 0.016159 0.01182 0.010827 0.011449 0.0072805 0.012044 0.0070371 0.0046751 0.0050185 0.0086223 0.0063381 0.0041346 0.0012432 0.0054531 0.0057005 0.0051397 0.0037171 0.0057466 0.0049716 0.010115 0.012572 0.0091229 0.0079681 0.0067386 0.0051071 0.0021381 0.0071483 0.0084196 0.010007 0.0099101 0.010488 0.013545 0.01294 0.010031 0.008757 0.01051 0.010915 0.011134 0.011076 0.0089847 0.0085887 0.01232 0.013064 0.01551 0.017137 0.014006 0.014624 0.01345 0.014768 0.013929 0.014366 0.0083431 0.012998 0.013413 0.010065 0.010143 0.010272 0.010989 0.0082384 0.0092728 0.0038017 0.0077249 0.0067066 0.0077586 0.009926 0.010728 0.0074985 0.0082572 0.0065681 0.0070848 0.0046465 0.0038857 0.0031122 0.00047682 -0.00047428 0.0031652 0.0023938 -0.0010702 6.9737e-05 -0.0020929 0.0016911 0.0055137 0.001087 0.0020613 -0.00032142 0.0018322 0.0046373 0.0025236 0.00067451 3.352e-05 0.00090879 0.0034037 0.0011535 0.002212 -0.0055304 -0.0056452 -0.0025833 -0.0036991 -0.00034127 -0.00058204 -0.00076955 -0.0018283 -0.001889 -0.0029867 -0.00096929 -0.0038004 0.0003651 0.00045797 -0.0011323 0.0025435 0.0022627 -0.0018709 -0.0018853 0.00044802 -0.0028951 -0.0010524 -0.0017418 -0.006146 -0.0034129 -0.005816 -0.0037614 -0.0052119 -0.0038902 -0.0027317 -0.0027164 0.0005982 0.00082039 -0.00056086 -0.00061067 0.0026571 0.0018096 0.0029527 -0.0030658 -0.0013304 0.001205 -4.7293e-05 -0.00068934 -0.0012333 -0.0013986 -0.0035287 -0.0016746 0.0015397 -0.0003483 -0.00097213 0.00018225 0.0012127 -0.0011902 0.0027177 -9.5994e-06 -0.0034079 -0.0062372 -0.0041048 -0.00072444 -0.0033796 -0.0018703 -0.0054071 -0.0031211 0.00026851 -0.0038522 -0.0050553 -0.005244 -0.0048779 -0.0064497 -0.0045309 -0.0053099 -0.0051186 -0.0024682 -0.0036414 -0.0053125 -0.0037257 0.0010102 -0.00027165 0.00067055 -0.00038224 -0.002022 -0.0025772
0.12819 0.13728 0.14198 0.14173 0.13537 0.13122 0.13155 0.12828 0.12314 0.11226 0.10848 0.10296 0.094969 0.089686 0.082358 0.074316 0.070159 0.064648 0.057692 0.050878 0.047329 0.04288 0.036371 0.03498 0.031064 0.026873 0.024923 0.021854 0.022939 0.02039 0.01681 0.024387 0.027843 0.024162 0.020711 0.018474 0.02194 0.023536 0.021282 0.021019 0.021328 0.024775 0.021701 0.018528 0.02088 0.025879 0.01915 0.019826 0.017028 0.012244 0.010987 0.011804 0.015017 0.01853 0.024715 0.027763 0.027619 0.021613 0.024809 0.019626 0.017851 0.01842 0.016609 0.01921 0.016189 0.0174 0.022205 0.023495 0.027631 0.029055 0.032111 0.030454 0.025995 0.023725 0.026051 0.031949 0.033956 0.038669 0.038076 0.039686 0.039488 0.043824 0.044906 0.04741 0.041522 0.04117 0.042465 0.042541 0.04094 0.043142 0.048518 0.05352 0.052347 0.054221 0.054265 0.052068 0.048098 0.047862 0.048838 0.048334 0.04601 0.044041 0.047843 0.048973 0.047695 0.046593 0.043793 0.051021 0.053528 0.045024 0.048995 0.047836 0.046418 0.046757 0.050469 0.046258 0.043366 0.046326 0.051044 0.047693 0.054468 0.048021 0.045102 0.047458 0.047538 0.046691 0.042211 0.041115 0.042158 0.041689 0.048069 0.047527 0.044561 0.044669 0.042456 0.037532 0.040498 0.038027 0.03599 0.034563 0.043404 0.043459 0.043942 0.047452 0.04818 0.044021 0.048275 0.051066 0.045993 0.042656 0.04437 0.04621 0.039692 0.040041 0.03984 0.040417 0.043003 0.037635 0.040344 0.051548 0.055261 0.053028 0.046477 0.042208 0.047081 0.048221 0.049529 0.047336 0.039915 0.040266 0.051059 0.044581 0.047892 0.043999 0.038737 0.037967 0.040174 0.042132 0.03977 0.041564 0.037875 0.039489 0.044361 0.045031 0.051562 0.054236 0.052436 0.056392 0.056002 0.055636 0.062162 0.067701 0.063422 0.061688 0.067704 0.068672 0.070927 0.072887 0.078022 0.073437 0.066532 0.067174 0.065517 0.061466 0.053911 0.053003 0.052814 0.049192 0.048771 0.042518 0.041868 0.042356 0.044171 0.044023 0.037737 0.036589 0.028535 0.033092 0.037216 0.040138 0.039515 0.040369 0.044372 0.04584 0.04917 0.042639 0.044403 0.043469 0.040627 0.044266 0.046472 0.043925 0.04059 0.040163 0.039584 0.035185 0.039417 0.040638 0.039272 0.034908 0.030906 0.027667 0.025596 0.02611 0.027633 0.02463 0.020463 0.021922 0.022975 0.013439 0.011154 0.01044 0.010332 0.0062421 0.012874 0.0059852 0.011776 0.0092961 0.0071002 0.010673 0.010823 0.007347 0.014329 0.011631 0.011602 0.013972 0.010062 0.0029733 0.0081707 0.010823 0.012787 0.0099756 0.014219 0.014677 0.0091948 0.014282 0.012815 0.012326 0.0087085 0.014913 0.015107 0.012629 0.017768 0.019867 0.013866 0.016846 0.017426 0.016022 0.019641 0.020475 0.018823 0.018769 0.020509 0.019079 0.020118 0.017684 0.017176 0.021689 0.020782 0.022659 0.024148 0.025379 0.021301 0.022638 0.025677 0.025929 0.026183 0.014778 0.020481 0.025123 0.027398 0.032323 0.030338 0.034126 0.026822 0.020885 0.024662 0.022397 0.032197 0.028476 0.026744 0.03053 0.033289 0.035536 0.039323 0.032791 0.034663 0.037016 0.040655 0.038176 0.04386 0.048047 0.040135 0.036962 0.038685 0.047173 0.047308 0.043605 0.04315 0.044343 0.04859 0.043072 0.044142 0.045786 0.047733 0.043632 0.04369 0.039054 0.035261 0.042302 0.04256 0.039427 0.042118 0.043557 0.043753 0.045159 0.044069 0.044745 0.044232 0.047615 0.054537 0.050825 0.051675 0.046983 0.045795 0.05077 0.048551 0.048362 0.048796 0.053593 0.056773 0.056647 0.06357 0.06911 0.072229 0.072405 0.066769 0.066224 0.063661 0.061813 0.066813 0.065199 0.061701 0.05886 0.055668 0.058283 0.062329 0.056855 0.056964 0.057708 0.051662 0.048801 0.045971 0.046662 0.051604 0.050116 0.041476 0.043532 0.040862 0.032894 0.033752 0.033508 0.027284 0.026315 0.024644 0.027252 0.031857 0.028244 0.025202 0.022166 0.024438 0.021428 0.018262 0.026523 0.025078 0.023306 0.026503 0.025631 0.019816 0.020315 0.022182 0.020083 0.018714 0.014983 0.019786 0.01953 0.0178 0.017205 0.01653 0.017966 0.017019 0.018205 0.020998 0.019297 0.023087 0.020233 0.022961 0.024678 0.020969 0.020009 0.020222 0.019419 0.016402 0.01162 0.013577 0.021358 0.023259 0.019528 0.015784 0.01385 0.014479 0.017357 0.015578 0.019843 0.017384 0.021034 0.015851 0.02022 0.019814 0.021471 0.024651 0.027399 0.027761 0.031037 0.029093 0.031256 0.030013 0.0295 0.026129 0.02632 0.027166 0.029495 0.027799 0.028957 0.02955 0.033897 0.039541 0.043275 0.047291 0.046802 0.049413 0.050629 0.050536 0.054152 0.05949 0.063657 0.067407 0.066716 0.068367 0.070279 0.066247 0.065036 0.055329 0.049664 0.04852 0.045058 0.042826 0.037295 0.035345 0.032941 0.029853 0.023097 0.024153 0.022893 0.026642 0.029863 0.025547 0.024649 0.021787 0.019007 0.018487 0.014209 0.015845 0.017241 0.017658 0.016295 0.016635 0.010905 0.011565 0.012718 0.0055935 0.012732 0.0055385 0.00069494 0.0010206 0.007798 0.003668 0.0019066 -0.00031675 0.0052924 0.0055666 0.0077021 0.0077418 0.0095518 0.0061455 0.015267 0.019816 0.015488 0.011839 0.012525 0.011759 0.0073185 0.016632 0.016581 0.01846 0.020033 0.022862 0.028496 0.025494 0.020073 0.015985 0.017576 0.020311 0.018342 0.02106 0.01864 0.019134 0.02241 0.021634 0.025167 0.026717 0.022314 0.022976 0.020628 0.020003 0.017698 0.01842 0.0095364 0.015129 0.016968 0.012919 0.011961 0.012766 0.011686 0.005817 0.0089299 0.0013553 0.003689 0.0010758 0.0042994 0.0093976 0.011332 0.0089965 0.012018 0.0043407 0.0061075 0.0029281 0.00085075 -0.00079179 -0.0065216 -0.0062108 0.0003031 0.00016033 -0.0028668 -0.0024836 -0.0057374 -0.0011671 0.0055902 -0.00023207 0.00023987 -0.0047028 -0.0022857 0.0040623 -0.0010104 -0.0039833 -0.0049476 -0.00091494 0.0014875 -0.0020017 -2.8806e-05 -0.0095502 -0.0096575 -0.0043916 -0.0069361 -0.0016387 -0.00093129 -0.0017875 -0.0022438 -0.0035921 -0.0034936 -0.003203 -0.0076427 -0.002403 -0.0012255 -0.0044713 0.0025434 0.0016413 -0.0025794 -0.0041071 -0.00087094 -0.0047578 -0.0039487 -0.004917 -0.011242 -0.0081936 -0.011386 -0.0066329 -0.0080041 -0.0035414 -0.0026371 -0.0035378 0.0017433 0.0026049 -0.0022017 -0.001824 0.0026239 0.0019338 0.0040279 -0.0046785 -0.0034728 -0.0016882 -0.0023945 -0.0033087 -0.0043619 -0.0055532 -0.0068955 -0.0021984 0.0023125 -4.6718e-05 0.0010609 0.0025084 0.0043018 -0.00172 0.0028116 -0.0016116 -0.0062682 -0.0087588 -0.0043373 0.00052138 -0.0037729 -0.0060298 -0.011286 -0.0050563 -0.00040342 -0.0043475 -0.0078729 -0.0089805 -0.0064752 -0.0087063 -0.005864 -0.0096364 -0.0085878 -0.0046411 -0.0077727 -0.00872 -0.0051255 0.00054153 -0.0011831 0.00071128 -0.00081146 -0.0058419 -0.0049057
0.032616 0.03514 0.033597 0.031896 0.02465 0.02178 0.023692 0.022619 0.022452 0.014269 0.011902 0.011976 0.012699 0.011156 0.0094399 0.0063669 0.0097578 0.0094091 0.0072213 0.0064814 0.0070892 0.007702 0.0067335 0.0087822 0.011721 0.011274 0.0082443 0.011496 0.016077 0.016038 0.012965 0.023014 0.026079 0.025994 0.02459 0.022337 0.027135 0.02765 0.022235 0.021171 0.025374 0.031087 0.02948 0.025181 0.029296 0.033884 0.026907 0.0297 0.025903 0.023872 0.023339 0.025208 0.028534 0.032707 0.039243 0.038712 0.040377 0.038273 0.041923 0.034104 0.031931 0.03255 0.032607 0.03341 0.029015 0.031185 0.03403 0.033916 0.039184 0.038635 0.040744 0.041497 0.035617 0.035685 0.037305 0.044679 0.045769 0.049287 0.048664 0.050589 0.05202 0.057014 0.059241 0.062575 0.05546 0.053001 0.055628 0.058015 0.055979 0.057203 0.062772 0.066387 0.06873 0.069031 0.065183 0.060419 0.056376 0.055617 0.054431 0.053205 0.051503 0.051967 0.053606 0.055536 0.054034 0.054803 0.051869 0.057986 0.060201 0.053184 0.062458 0.060424 0.055419 0.055221 0.061678 0.056125 0.051537 0.055963 0.06039 0.056197 0.062179 0.055802 0.049817 0.050622 0.051343 0.051154 0.045011 0.044654 0.045652 0.044266 0.051193 0.052072 0.05075 0.05121 0.048018 0.042378 0.045435 0.044995 0.043299 0.04491 0.051434 0.051222 0.05252 0.055565 0.056296 0.054934 0.060071 0.063357 0.056312 0.048156 0.049789 0.051171 0.043082 0.044442 0.042507 0.046666 0.047468 0.041697 0.047898 0.061128 0.066636 0.064272 0.059337 0.054341 0.058939 0.058748 0.058554 0.054718 0.047127 0.045218 0.054382 0.049028 0.051313 0.043951 0.037939 0.039294 0.038995 0.041 0.039965 0.040837 0.037299 0.042117 0.050058 0.051515 0.061528 0.064055 0.063727 0.070674 0.073658 0.071214 0.07729 0.084054 0.080297 0.081882 0.089053 0.086619 0.086409 0.090802 0.097318 0.089759 0.078258 0.072152 0.066952 0.057001 0.048089 0.044305 0.045475 0.039547 0.040357 0.034792 0.035152 0.032569 0.033572 0.03423 0.028555 0.032481 0.026744 0.027995 0.033212 0.04025 0.039434 0.042047 0.048144 0.049378 0.05221 0.046218 0.048422 0.046773 0.042811 0.049345 0.052789 0.04637 0.043154 0.040458 0.040206 0.034576 0.037093 0.03899 0.037654 0.032196 0.02728 0.02306 0.021409 0.024318 0.022067 0.016721 0.014076 0.014952 0.015808 0.0089127 0.006769 0.0078944 0.0080474 0.0038797 0.010672 0.0035848 0.0097703 0.0056044 0.0050523 0.0086109 0.010178 0.0066175 0.014128 0.012103 0.014363 0.014972 0.012622 0.0072643 0.010781 0.014418 0.014882 0.011325 0.017811 0.01745 0.011097 0.016763 0.018184 0.016423 0.012085 0.019396 0.019551 0.014594 0.018823 0.020686 0.015642 0.019172 0.016674 0.015697 0.019042 0.019745 0.020489 0.018958 0.021958 0.021101 0.021275 0.018766 0.018649 0.023029 0.020907 0.023991 0.026552 0.027012 0.021043 0.02439 0.029914 0.030786 0.033454 0.021634 0.022056 0.028732 0.033805 0.037654 0.033927 0.036921 0.030233 0.026404 0.031789 0.02911 0.035948 0.032872 0.032349 0.037449 0.039355 0.042304 0.043854 0.037683 0.040118 0.040913 0.045991 0.04267 0.049475 0.055515 0.046804 0.042438 0.044354 0.051707 0.053379 0.050567 0.048252 0.046097 0.051108 0.043705 0.045338 0.050134 0.050195 0.046278 0.047457 0.042414 0.039823 0.045167 0.042809 0.042799 0.047669 0.049974 0.050047 0.049119 0.048901 0.049957 0.049614 0.052282 0.05752 0.055905 0.059587 0.055662 0.054064 0.058479 0.05671 0.056504 0.057309 0.06242 0.062948 0.064328 0.072503 0.079894 0.082226 0.081881 0.074524 0.074302 0.072813 0.069111 0.069608 0.065629 0.060257 0.058953 0.058118 0.061869 0.061128 0.051831 0.05179 0.051866 0.045258 0.042992 0.039593 0.03977 0.043048 0.042983 0.034385 0.035467 0.034321 0.025655 0.025934 0.020688 0.014707 0.017888 0.015597 0.019843 0.022636 0.01962 0.019296 0.016451 0.019379 0.016518 0.0091157 0.018501 0.015904 0.016094 0.019726 0.023563 0.016529 0.014822 0.018653 0.018404 0.017792 0.015249 0.019224 0.017654 0.019812 0.017478 0.017055 0.017347 0.017 0.019035 0.022882 0.020822 0.023489 0.022375 0.02447 0.02856 0.023827 0.021706 0.024426 0.023385 0.021014 0.015573 0.016881 0.023691 0.024408 0.021037 0.018926 0.019031 0.018469 0.021619 0.020509 0.020877 0.020286 0.02582 0.021736 0.02414 0.025639 0.027127 0.03185 0.034778 0.038248 0.043071 0.042202 0.044542 0.041913 0.042939 0.040568 0.037655 0.040084 0.041031 0.035894 0.039112 0.040787 0.045083 0.049407 0.04974 0.056567 0.057327 0.059479 0.062797 0.06478 0.071591 0.080668 0.090788 0.10039 0.10008 0.10099 0.10028 0.094853 0.093143 0.078449 0.066205 0.06195 0.050783 0.04648 0.034616 0.030772 0.030199 0.027275 0.022623 0.023057 0.019631 0.023781 0.025553 0.023465 0.019378 0.017046 0.014994 0.013514 0.0082196 0.0099316 0.012342 0.011122 0.0074531 0.0086992 0.0048808 0.0064347 0.0085813 0.0012851 0.0068921 0.00045979 -0.0042946 -0.0037068 0.0030091 -0.0016663 -0.0029413 -0.0010344 0.0030443 0.0036032 0.0087982 0.011635 0.010707 0.0054688 0.014756 0.020444 0.01668 0.013779 0.017146 0.01874 0.014312 0.023194 0.021871 0.022413 0.024564 0.030374 0.036682 0.032172 0.027443 0.022021 0.022461 0.02548 0.022948 0.02745 0.025784 0.026491 0.025565 0.022183 0.025859 0.026372 0.022266 0.02295 0.0195 0.016364 0.012439 0.014132 0.0058079 0.0090961 0.01139 0.0093161 0.0071733 0.0092907 0.0056623 -0.00035104 0.0037627 -0.0033804 -0.0043834 -0.0069129 -0.0031516 0.00098445 0.0038501 0.0038485 0.0085954 -0.0030984 -0.00066003 -0.0026869 -0.0048281 -0.0069901 -0.01204 -0.010813 -0.0063052 -0.0045027 -0.0040332 -0.0050829 -0.0081164 -0.0057941 0.00070227 -0.0037382 -0.0047282 -0.0089896 -0.0071883 -0.00028428 -0.0064065 -0.010231 -0.011162 -0.0043162 -0.0020577 -0.0069391 -0.0052768 -0.011619 -0.011233 -0.0055186 -0.0082177 -0.003335 -0.0019249 -0.0041257 -0.0026947 -0.0049674 -0.0033136 -0.0050154 -0.010097 -0.0071505 -0.0054587 -0.0081903 0.00038397 -0.0013482 -0.0017967 -0.0049158 -0.0030088 -0.00497 -0.0050706 -0.0064728 -0.012558 -0.011738 -0.014091 -0.0076217 -0.0082608 -0.001698 -0.0011301 -0.00382 0.0019841 0.0033109 -0.0040766 -0.0030884 0.0005889 -0.00072332 0.0017569 -0.0039375 -0.0059386 -0.0064617 -0.0048288 -0.005505 -0.006643 -0.0089763 -0.0094014 -0.0024301 0.00051797 -0.00090374 0.0026758 0.0033184 0.0063882 -0.0012689 -6.9874e-06 -0.0040105 -0.0085532 -0.0086113 -0.002759 0.0018549 -0.0025623 -0.0086593 -0.012486 -0.0040239 -0.0007473 -0.0023999 -0.0079579 -0.009814 -0.0055718 -0.0072124 -0.0056823 -0.010375 -0.0091959 -0.0054132 -0.010055 -0.0094587 -0.0051809 -0.0016502 -0.0022621 -0.0004623 -0.0013508 -0.0090149 -0.007505
-0.0036568 -0.0044416 -0.0084352 -0.0080778 -0.012994 -0.011516 -0.0096107 -0.0093219 -0.0050882 -0.0096367 -0.011524 -0.0079702 -0.0015463 -0.0018171 -0.0024493 -0.003285 0.0011159 0.0036949 0.0045367 0.0072773 0.007813 0.010383 0.012342 0.013633 0.019785 0.020222 0.014683 0.020041 0.024282 0.025444 0.022189 0.029333 0.029152 0.031584 0.031246 0.02984 0.035063 0.034246 0.027197 0.0254 0.030157 0.03419 0.034927 0.030352 0.034859 0.037614 0.033088 0.035977 0.031305 0.031112 0.031544 0.034073 0.036786 0.040706 0.046744 0.043702 0.046518 0.048848 0.05009 0.043779 0.041623 0.043018 0.044271 0.042244 0.036113 0.039009 0.040473 0.038392 0.043963 0.040135 0.040948 0.044146 0.039674 0.040037 0.041398 0.048213 0.048112 0.049629 0.049478 0.05182 0.055481 0.059825 0.062423 0.065157 0.058466 0.054482 0.059544 0.063608 0.061374 0.060553 0.066177 0.068276 0.073072 0.070661 0.064542 0.060182 0.056812 0.05551 0.052414 0.050676 0.05114 0.054282 0.053032 0.054891 0.053996 0.055655 0.053174 0.056058 0.057339 0.054584 0.066188 0.064737 0.058729 0.059287 0.066601 0.060588 0.054402 0.057764 0.059538 0.055208 0.057854 0.053148 0.045506 0.044173 0.045443 0.04706 0.041565 0.042259 0.043165 0.041754 0.046786 0.048406 0.048993 0.049957 0.047348 0.041007 0.043526 0.044918 0.044 0.047345 0.049071 0.049093 0.052905 0.054656 0.056347 0.058485 0.063858 0.065057 0.056352 0.04503 0.046511 0.047357 0.03989 0.042107 0.03791 0.044401 0.043777 0.040328 0.049501 0.059944 0.065936 0.064088 0.063073 0.05859 0.061038 0.059776 0.058378 0.055288 0.04957 0.044796 0.049628 0.046002 0.046348 0.037906 0.032289 0.034789 0.032684 0.034135 0.035078 0.03559 0.032486 0.038936 0.047886 0.049445 0.060979 0.062355 0.064588 0.073409 0.079649 0.074956 0.080344 0.086453 0.084373 0.091251 0.095174 0.090278 0.088238 0.095909 0.10252 0.093795 0.079273 0.065834 0.056441 0.042802 0.034379 0.027888 0.030062 0.023527 0.025095 0.022225 0.023813 0.020081 0.019666 0.022025 0.018078 0.025113 0.023123 0.019612 0.026054 0.03664 0.035624 0.039879 0.045837 0.046738 0.047301 0.042871 0.046148 0.043152 0.03948 0.047065 0.050266 0.042037 0.038878 0.033702 0.034107 0.028655 0.028531 0.030485 0.030448 0.024313 0.021131 0.017991 0.016733 0.020331 0.014231 0.007623 0.00686 0.0060502 0.0084558 0.0050303 0.0043575 0.0064881 0.0076799 0.003939 0.0093604 0.0035076 0.0089357 0.0041394 0.0036687 0.0051606 0.0081572 0.0054686 0.012041 0.010706 0.015192 0.013659 0.012982 0.011843 0.013328 0.016147 0.015871 0.012512 0.019477 0.018482 0.012558 0.019255 0.02192 0.018124 0.015022 0.021563 0.021062 0.013551 0.016757 0.017621 0.014271 0.017921 0.012618 0.012399 0.014308 0.014846 0.016851 0.013943 0.018122 0.018956 0.019176 0.017123 0.016727 0.020419 0.018838 0.022579 0.025886 0.025617 0.019606 0.023973 0.029209 0.03091 0.035353 0.026592 0.020311 0.027378 0.034222 0.036099 0.03067 0.031616 0.02795 0.027574 0.032807 0.031443 0.033823 0.032433 0.03246 0.037318 0.037641 0.040177 0.040656 0.036232 0.038763 0.038364 0.042701 0.040223 0.04655 0.053855 0.04657 0.041864 0.042687 0.047263 0.049981 0.048284 0.04558 0.041208 0.044811 0.036746 0.03899 0.04674 0.045279 0.043095 0.044722 0.041877 0.039724 0.04084 0.037782 0.039164 0.04635 0.048835 0.049294 0.04745 0.047359 0.047177 0.048772 0.050013 0.05248 0.052612 0.058146 0.056849 0.055927 0.057571 0.057276 0.056508 0.057239 0.060999 0.060033 0.063096 0.070184 0.077646 0.07929 0.077926 0.070518 0.07119 0.070837 0.065615 0.062256 0.05748 0.051347 0.051132 0.053133 0.057314 0.051561 0.040523 0.039832 0.038981 0.032652 0.030563 0.028496 0.02946 0.030623 0.031783 0.024683 0.025222 0.02733 0.020634 0.019313 0.011147 0.0072993 0.013004 0.01012 0.013202 0.014148 0.012654 0.015507 0.013604 0.016837 0.015034 0.0048453 0.012016 0.008797 0.010564 0.013261 0.020292 0.012858 0.010033 0.014382 0.01518 0.017159 0.01659 0.018328 0.015121 0.02167 0.017673 0.017057 0.016877 0.016967 0.020121 0.022323 0.020435 0.0214 0.021485 0.022674 0.029146 0.024251 0.020918 0.024789 0.025429 0.023411 0.019148 0.019168 0.023777 0.024234 0.021459 0.020323 0.022191 0.02085 0.023923 0.024267 0.020738 0.022463 0.027217 0.025516 0.026439 0.028012 0.029575 0.034774 0.036862 0.042617 0.04882 0.04924 0.051388 0.049136 0.051429 0.05096 0.045669 0.047098 0.046666 0.04058 0.042944 0.045307 0.049265 0.050846 0.048215 0.054826 0.057388 0.059348 0.064275 0.067785 0.077597 0.089123 0.10462 0.11841 0.12 0.11938 0.11605 0.11115 0.10765 0.091013 0.075117 0.066369 0.048265 0.042801 0.028618 0.023755 0.023658 0.021525 0.019299 0.019746 0.015587 0.017327 0.017209 0.018292 0.013051 0.011726 0.0099239 0.0076634 0.0011641 0.0015024 0.0061432 0.0030792 -0.0014781 0.0012257 -0.00010198 0.00060825 0.0040212 -0.0015975 0.001384 -0.0036366 -0.0059609 -0.0046302 -0.00076748 -0.0046035 -0.0060157 -0.0003235 0.0015411 0.0024944 0.0090526 0.013287 0.010158 0.0049888 0.011299 0.016825 0.014336 0.014378 0.019311 0.022805 0.018844 0.0244 0.023146 0.022276 0.023708 0.030589 0.036023 0.031944 0.030179 0.02633 0.02601 0.026599 0.026033 0.029233 0.028235 0.028493 0.024014 0.01879 0.021759 0.021445 0.018261 0.018396 0.013921 0.010257 0.0058891 0.007617 0.0015837 0.002531 0.003753 0.0038459 0.00092951 0.0040589 -0.00040826 -0.0041476 -0.00055128 -0.0063694 -0.0092133 -0.010622 -0.0078807 -0.0076922 -0.0044031 -0.0031224 0.0020593 -0.010108 -0.0081011 -0.0082181 -0.0088114 -0.01139 -0.01321 -0.01154 -0.011685 -0.0084893 -0.0044638 -0.0065933 -0.0088288 -0.0096226 -0.0051883 -0.0070984 -0.0095776 -0.010341 -0.0087394 -0.0042937 -0.0093058 -0.014543 -0.014679 -0.0076277 -0.0044503 -0.010521 -0.0099232 -0.012603 -0.0119 -0.0072134 -0.0085484 -0.0049077 -0.0039911 -0.0075918 -0.0041001 -0.0060508 -0.0042037 -0.0063531 -0.011159 -0.011048 -0.010409 -0.010814 -0.0027547 -0.0052133 -0.0010512 -0.0048022 -0.0054061 -0.0048625 -0.0045832 -0.0068813 -0.011424 -0.013345 -0.014163 -0.0076077 -0.0071271 -0.00060692 -8.1436e-05 -0.0046899 0.00070032 0.0020596 -0.0052565 -0.0031922 -0.0011843 -0.0037311 -0.001365 -0.002332 -0.0075044 -0.010182 -0.0064385 -0.0058817 -0.0068551 -0.0094586 -0.010002 -0.0029583 -0.0031494 -0.0029133 0.0022264 0.0021099 0.0056708 -0.00093168 -0.0036163 -0.0059127 -0.0097651 -0.0076986 -0.0017713 0.0018613 -0.0015369 -0.0083773 -0.0086177 -0.0016134 -0.0011339 -0.0003413 -0.0068239 -0.008846 -0.0040268 -0.0051553 -0.006426 -0.0090207 -0.0077184 -0.0047011 -0.010099 -0.0086293 -0.0052723 -0.0035435 -0.0031203 -0.0025874 -0.0019478 -0.0094129 -0.0083961
0.012675 0.010863 0.0060863 0.008471 0.0060881 0.011021 0.010975 0.010058 0.016009 0.012687 0.0093786 0.013203 0.020721 0.019137 0.016707 0.014989 0.015386 0.019069 0.020742 0.023826 0.021958 0.024092 0.027208 0.025433 0.032204 0.032406 0.025346 0.029832 0.032007 0.03406 0.030487 0.03365 0.030272 0.034332 0.034009 0.03386 0.039075 0.037372 0.030677 0.029267 0.032229 0.033093 0.036377 0.031952 0.036473 0.038562 0.037148 0.03807 0.032487 0.032932 0.035396 0.038042 0.040059 0.043128 0.049021 0.045566 0.048449 0.054323 0.052834 0.049858 0.047752 0.050597 0.052232 0.047846 0.040352 0.042579 0.044649 0.040864 0.045604 0.038483 0.038814 0.043312 0.041633 0.039964 0.041457 0.047529 0.047259 0.047703 0.047639 0.050013 0.055756 0.059357 0.061824 0.063065 0.057611 0.05355 0.060795 0.065563 0.063076 0.060218 0.066526 0.068038 0.073659 0.069157 0.06263 0.060478 0.057814 0.056479 0.052498 0.050252 0.052862 0.058423 0.054805 0.055572 0.055248 0.056296 0.054096 0.054343 0.055577 0.056971 0.067734 0.067816 0.06371 0.065785 0.072135 0.066682 0.058922 0.05927 0.057774 0.05359 0.053431 0.050625 0.042514 0.038906 0.040062 0.043809 0.040594 0.042144 0.043155 0.041783 0.043689 0.045633 0.046681 0.048091 0.04744 0.040277 0.042126 0.04382 0.043827 0.0471 0.044815 0.045429 0.052073 0.052683 0.055967 0.061673 0.067389 0.065023 0.054902 0.042694 0.04327 0.043636 0.037485 0.040371 0.033968 0.040892 0.039841 0.039954 0.051324 0.057222 0.062217 0.061085 0.064174 0.060853 0.060794 0.059311 0.056984 0.056327 0.053304 0.0462 0.046493 0.043852 0.042607 0.034945 0.029222 0.031541 0.029531 0.030811 0.033162 0.0337 0.030393 0.036712 0.04523 0.046642 0.057622 0.057823 0.061943 0.072293 0.080356 0.074645 0.080474 0.085247 0.084276 0.096145 0.095065 0.090599 0.087817 0.099139 0.10527 0.09725 0.080715 0.062022 0.048557 0.033317 0.026293 0.017864 0.020295 0.01495 0.016294 0.015523 0.018042 0.014516 0.011873 0.015909 0.013312 0.021111 0.021746 0.014675 0.022089 0.034702 0.033539 0.037871 0.042569 0.043346 0.042632 0.039398 0.042926 0.038821 0.03646 0.044124 0.046125 0.038597 0.035448 0.028589 0.029975 0.025481 0.02318 0.024836 0.026287 0.019168 0.01895 0.017751 0.016466 0.018801 0.010341 0.0037991 0.0035202 0.00027135 0.0058587 0.0041077 0.0047164 0.0067202 0.0093581 0.0054187 0.0094912 0.0039427 0.0091597 0.0051688 0.0030071 0.0019862 0.0055107 0.0039528 0.0093132 0.0092082 0.0153 0.011506 0.01115 0.01468 0.015146 0.016365 0.016568 0.01347 0.019797 0.019496 0.014347 0.022269 0.024734 0.018772 0.017317 0.022839 0.021989 0.011924 0.014716 0.015023 0.012515 0.016402 0.009204 0.0098189 0.010221 0.01091 0.013111 0.0090564 0.013348 0.015831 0.017843 0.016068 0.014806 0.017489 0.017149 0.021676 0.026974 0.026588 0.021501 0.025169 0.028741 0.031407 0.035447 0.030569 0.019689 0.026339 0.032777 0.03324 0.027197 0.026152 0.02528 0.027434 0.032086 0.03281 0.032677 0.032713 0.031956 0.035056 0.03421 0.035987 0.037138 0.033864 0.035617 0.035357 0.038366 0.03848 0.043805 0.051834 0.046078 0.041635 0.040311 0.043249 0.046951 0.045337 0.042243 0.037966 0.039402 0.031333 0.034226 0.044156 0.041827 0.041257 0.043228 0.042437 0.039267 0.036925 0.034781 0.035135 0.043845 0.04686 0.047455 0.046239 0.045617 0.042754 0.047147 0.047637 0.048587 0.049148 0.055277 0.056628 0.05636 0.055103 0.057399 0.056167 0.05611 0.058031 0.057505 0.062321 0.06773 0.074116 0.075232 0.073106 0.065929 0.067925 0.06776 0.061211 0.056676 0.052602 0.04631 0.046121 0.049811 0.054441 0.045423 0.034038 0.03336 0.031377 0.025368 0.023147 0.022393 0.024496 0.024178 0.025636 0.019937 0.020448 0.02503 0.021532 0.018351 0.0097738 0.0080803 0.014073 0.010689 0.011182 0.010771 0.011062 0.015817 0.014508 0.017686 0.016934 0.0055711 0.0087252 0.0059701 0.0081725 0.0099864 0.01852 0.010619 0.0077028 0.011128 0.011728 0.017029 0.01869 0.018779 0.014753 0.024092 0.01838 0.016467 0.016941 0.017228 0.022007 0.021265 0.020175 0.019478 0.019147 0.019948 0.028255 0.023742 0.019491 0.023152 0.026574 0.023791 0.021263 0.020661 0.024168 0.024842 0.022533 0.021114 0.023773 0.022552 0.025099 0.027066 0.021955 0.025236 0.026628 0.027264 0.028564 0.028852 0.030104 0.035021 0.036341 0.043648 0.050692 0.05233 0.054454 0.053842 0.057091 0.058073 0.051879 0.050792 0.0497 0.04356 0.043732 0.046496 0.04975 0.049438 0.045802 0.050856 0.054614 0.056981 0.062389 0.066654 0.079029 0.091445 0.11065 0.12714 0.13186 0.13004 0.12546 0.12216 0.11634 0.099333 0.082658 0.069813 0.046375 0.040368 0.027209 0.021764 0.020756 0.018628 0.017146 0.01839 0.014381 0.012585 0.011479 0.014504 0.0098711 0.0081468 0.0060826 0.0039371 -0.004068 -0.0056212 0.001479 -0.0028872 -0.0072552 -0.0034623 -0.0031134 -0.0038733 0.0003755 -0.0031936 -0.0014124 -0.0058938 -0.0052182 -0.0029533 -0.0025356 -0.0052233 -0.0067626 0.00025853 0.00059567 0.0023166 0.0086164 0.012314 0.0090217 0.0052777 0.0074806 0.012041 0.011177 0.013768 0.019168 0.0238 0.019997 0.022633 0.022313 0.020908 0.021222 0.027018 0.031442 0.028683 0.03022 0.029472 0.029432 0.026488 0.028603 0.028913 0.028034 0.02831 0.022629 0.016789 0.01835 0.017687 0.015528 0.014124 0.0086607 0.0061819 0.0023924 0.002942 -0.00099886 -0.00069777 -0.00121 -0.00054712 -0.0039097 -0.00068555 -0.0045297 -0.0055511 -0.0030195 -0.0076183 -0.01034 -0.010964 -0.009617 -0.01369 -0.010046 -0.0087155 -0.0033632 -0.014777 -0.014281 -0.012727 -0.011369 -0.014442 -0.01316 -0.010645 -0.014768 -0.011295 -0.0048907 -0.0077435 -0.0092991 -0.012566 -0.0099386 -0.0091821 -0.012964 -0.0095675 -0.007305 -0.006203 -0.009478 -0.016989 -0.016024 -0.010719 -0.0057919 -0.012279 -0.012637 -0.01378 -0.013381 -0.010123 -0.0096342 -0.0064753 -0.0069083 -0.011179 -0.0060062 -0.0071974 -0.0065029 -0.0078758 -0.011927 -0.013397 -0.014956 -0.012852 -0.0061706 -0.0089755 -0.00095329 -0.0049955 -0.0080054 -0.0055476 -0.0043482 -0.0079581 -0.0108 -0.014495 -0.013514 -0.0080528 -0.0062634 -0.00096197 -0.00047195 -0.0066701 -0.0019248 -0.0007852 -0.0062936 -0.0025604 -0.0020917 -0.005519 -0.0032789 -0.0016341 -0.0083 -0.012293 -0.0078673 -0.0053835 -0.0060801 -0.0083102 -0.0092668 -0.0039068 -0.0075987 -0.0056733 0.00016282 0.00019777 0.002779 -0.001456 -0.006837 -0.0078042 -0.010294 -0.0072509 -0.0019906 0.00027203 -0.0019546 -0.0070945 -0.0028579 -5.2043e-05 -0.002353 0.00068086 -0.0061052 -0.0079947 -0.0030067 -0.0046487 -0.0087977 -0.0079754 -0.0062131 -0.0034701 -0.0094623 -0.0079562 -0.006305 -0.0044239 -0.0040384 -0.0053595 -0.0030108 -0.0083436 -0.007309
0.069986 0.068188 0.062999 0.06585 0.065827 0.071578 0.068543 0.064253 0.06939 0.064342 0.057366 0.058791 0.063204 0.058272 0.052904 0.047189 0.04079 0.04344 0.04334 0.043359 0.037734 0.037291 0.040287 0.034165 0.03924 0.039089 0.031883 0.03359 0.032831 0.035898 0.032002 0.031892 0.026128 0.031281 0.029902 0.030584 0.034501 0.031787 0.026782 0.026864 0.027101 0.024919 0.030379 0.026819 0.031036 0.033727 0.034806 0.03233 0.025985 0.026635 0.03238 0.033844 0.035221 0.036482 0.042798 0.040935 0.043319 0.051651 0.048872 0.049108 0.047051 0.05195 0.053558 0.04789 0.040333 0.040286 0.04438 0.039588 0.0421 0.032518 0.033113 0.037881 0.039058 0.034341 0.035998 0.041702 0.042763 0.043307 0.042665 0.044108 0.050947 0.054044 0.056059 0.055739 0.052434 0.049932 0.057905 0.062477 0.059585 0.055585 0.062757 0.064436 0.069574 0.064815 0.059282 0.059621 0.057995 0.057397 0.053683 0.050757 0.054856 0.062197 0.056951 0.056022 0.055452 0.054886 0.052525 0.051713 0.05445 0.058961 0.066261 0.068125 0.068032 0.071776 0.075598 0.071763 0.063325 0.059692 0.055612 0.051764 0.050437 0.049447 0.041907 0.035791 0.035876 0.041347 0.041735 0.043765 0.044694 0.042916 0.041211 0.043407 0.043335 0.044797 0.046821 0.039315 0.040737 0.041359 0.042286 0.043967 0.039601 0.040893 0.049312 0.049116 0.053766 0.063287 0.069576 0.063063 0.052356 0.041859 0.04096 0.040451 0.035525 0.038862 0.030566 0.036605 0.03541 0.039028 0.052028 0.053574 0.056064 0.055469 0.061747 0.060158 0.057768 0.057105 0.054007 0.056326 0.056242 0.048477 0.044766 0.042759 0.040537 0.034749 0.027767 0.028985 0.028848 0.030849 0.033834 0.034166 0.029968 0.034579 0.041378 0.042683 0.05145 0.050583 0.055119 0.066726 0.074655 0.069561 0.076393 0.079948 0.078634 0.093611 0.088081 0.08753 0.084921 0.09959 0.10461 0.098951 0.081651 0.061762 0.045258 0.030062 0.025451 0.015849 0.017977 0.015606 0.015779 0.01557 0.018376 0.015374 0.0091325 0.013997 0.012285 0.019681 0.021102 0.012952 0.020528 0.032821 0.031277 0.033356 0.036617 0.037382 0.037898 0.035421 0.037218 0.033047 0.032571 0.03962 0.039934 0.035531 0.032801 0.025804 0.028189 0.02515 0.021461 0.022719 0.024952 0.017412 0.020324 0.02095 0.018844 0.018591 0.010017 0.0048641 0.0034427 -0.00227 0.0073571 0.0053698 0.0058182 0.0070939 0.010826 0.0061468 0.0094448 0.0025573 0.0081655 0.0062282 0.0017483 -0.0012481 0.0015859 0.001114 0.0051908 0.0075551 0.014215 0.0077607 0.0068074 0.014596 0.014534 0.014128 0.015793 0.012814 0.017844 0.019762 0.015275 0.023302 0.025208 0.017724 0.01741 0.022188 0.022206 0.009956 0.012343 0.01302 0.010337 0.014451 0.0065736 0.0077693 0.0074207 0.0089315 0.01026 0.0053444 0.0080988 0.01165 0.017065 0.015064 0.012981 0.014246 0.014633 0.020113 0.029158 0.029047 0.025426 0.026778 0.028485 0.032126 0.033671 0.032549 0.020266 0.025961 0.029744 0.02956 0.024502 0.02207 0.022684 0.026019 0.030724 0.032788 0.032715 0.033557 0.030762 0.030941 0.029571 0.031014 0.033598 0.030481 0.030111 0.031704 0.033961 0.038099 0.041941 0.049694 0.044618 0.041306 0.037228 0.040232 0.045183 0.042653 0.038132 0.036148 0.035563 0.028412 0.031486 0.042477 0.039828 0.039801 0.042425 0.042601 0.037582 0.033937 0.033262 0.031229 0.039543 0.043741 0.044012 0.044313 0.042677 0.036598 0.043631 0.044414 0.045285 0.044927 0.050343 0.053737 0.053898 0.050744 0.0564 0.055286 0.053456 0.053957 0.054842 0.061135 0.065267 0.069594 0.069706 0.067555 0.060603 0.063876 0.063265 0.055624 0.052704 0.050361 0.044131 0.043234 0.047342 0.052751 0.042538 0.032072 0.032232 0.029233 0.024083 0.022107 0.021316 0.023879 0.022888 0.023214 0.018787 0.019604 0.024682 0.025289 0.020158 0.013055 0.013338 0.017916 0.014559 0.012095 0.010199 0.012898 0.017451 0.015918 0.01855 0.018592 0.0073628 0.0059258 0.0050428 0.0064496 0.0081193 0.016987 0.0087041 0.0060487 0.0071639 0.0072523 0.015753 0.019385 0.019012 0.015649 0.025749 0.018001 0.013823 0.015435 0.015555 0.022586 0.019146 0.019786 0.017514 0.014962 0.015879 0.024775 0.021035 0.016664 0.019469 0.025608 0.021304 0.020545 0.02031 0.023746 0.024735 0.022612 0.019994 0.022983 0.022207 0.023496 0.026991 0.023007 0.026867 0.023126 0.025499 0.028542 0.027778 0.027282 0.031245 0.032232 0.040492 0.047664 0.050432 0.052418 0.054074 0.058153 0.06002 0.054601 0.050709 0.049496 0.042711 0.041169 0.04459 0.045787 0.045116 0.042732 0.046233 0.049944 0.052453 0.057285 0.061635 0.075584 0.086664 0.10694 0.12507 0.13314 0.13037 0.12671 0.12571 0.1183 0.10224 0.087267 0.072399 0.046041 0.039805 0.030096 0.02429 0.021802 0.018505 0.015821 0.018331 0.014823 0.0095353 0.0085379 0.011642 0.0084453 0.0047353 0.0023084 0.0015309 -0.0075257 -0.010382 -0.001992 -0.0070576 -0.010855 -0.0069014 -0.0054305 -0.0070858 -0.0032534 -0.0046267 -0.0023052 -0.0068503 -0.0036453 -0.0005901 -0.0029004 -0.0050643 -0.0059806 -0.00070522 -0.0012528 0.0019889 0.0064007 0.0082613 0.0067449 0.0055149 0.0030358 0.0059873 0.0072027 0.010746 0.015469 0.020916 0.017305 0.018449 0.019321 0.018346 0.01742 0.020443 0.024145 0.022783 0.027103 0.029593 0.030937 0.024842 0.028601 0.026359 0.024822 0.026572 0.021789 0.016785 0.016059 0.015298 0.014529 0.010415 0.0046177 0.0042925 0.0014363 0.0004108 -0.001993 -0.00076403 -0.0029116 -0.0037039 -0.0069774 -0.004962 -0.0078322 -0.0064311 -0.0047767 -0.0081936 -0.0090166 -0.0097366 -0.0099224 -0.017103 -0.01275 -0.012192 -0.0062796 -0.016693 -0.018923 -0.016371 -0.013914 -0.017037 -0.013962 -0.0099651 -0.015694 -0.013058 -0.0055958 -0.0087719 -0.010101 -0.014507 -0.01289 -0.009389 -0.014256 -0.0074166 -0.0037748 -0.0060248 -0.0078462 -0.01781 -0.016123 -0.01365 -0.0068241 -0.012091 -0.013056 -0.014834 -0.015546 -0.013891 -0.011869 -0.0081679 -0.010215 -0.013395 -0.0074513 -0.0083355 -0.0096173 -0.0096227 -0.012433 -0.014085 -0.018146 -0.014486 -0.0094383 -0.011832 -0.0011503 -0.0057619 -0.010386 -0.007021 -0.0054051 -0.010145 -0.011706 -0.015622 -0.012425 -0.0093725 -0.0063852 -0.0029284 -0.0027043 -0.009595 -0.0057636 -0.0052245 -0.0078526 -0.0023213 -0.0028828 -0.0061517 -0.0036494 -0.0025806 -0.0084808 -0.012602 -0.0095116 -0.0050112 -0.0052039 -0.0067864 -0.007772 -0.0053724 -0.012295 -0.0089892 -0.0030812 -0.0016628 -0.0016554 -0.0028637 -0.0093572 -0.010278 -0.010014 -0.0070921 -0.0031887 -0.0030628 -0.0043654 -0.0062751 0.0027135 -0.00062186 -0.0049791 0.00045924 -0.0060621 -0.0078344 -0.0026868 -0.0057065 -0.011694 -0.0076316 -0.0057958 -0.0025052 -0.0088718 -0.0079134 -0.0083354 -0.0044522 -0.0050403 -0.0084658 -0.0050427 -0.007323 -0.0047803
0.16399 0.16343 0.15914 0.161 0.16368 0.16719 0.16223 0.15435 0.15639 0.14751 0.13514 0.13216 0.1294 0.11962 0.11063 0.098085 0.084187 0.081745 0.07604 0.068988 0.058351 0.0529 0.053152 0.042182 0.042167 0.041205 0.034404 0.031772 0.02711 0.030665 0.026226 0.023853 0.016722 0.021611 0.018059 0.01812 0.018267 0.013931 0.010741 0.012146 0.010102 0.0062113 0.012483 0.0112 0.014202 0.016753 0.018644 0.013083 0.0069305 0.0081422 0.016853 0.015145 0.016185 0.014343 0.02116 0.022325 0.024221 0.032912 0.031385 0.033204 0.031394 0.038313 0.03983 0.034421 0.029175 0.026707 0.032351 0.027845 0.027327 0.01752 0.018311 0.022643 0.025111 0.018483 0.02025 0.025326 0.028802 0.030205 0.028598 0.02818 0.033745 0.036287 0.037672 0.037049 0.036809 0.036963 0.043164 0.046655 0.043639 0.040385 0.047639 0.04936 0.052909 0.050465 0.046962 0.048632 0.048827 0.04976 0.047188 0.043495 0.04824 0.05548 0.049968 0.048127 0.045889 0.043948 0.041157 0.040996 0.046163 0.05204 0.054331 0.057243 0.061613 0.066291 0.066562 0.06498 0.058505 0.051727 0.047517 0.044403 0.043707 0.044126 0.038442 0.030218 0.028386 0.034103 0.038585 0.040632 0.040563 0.037999 0.033604 0.03582 0.034085 0.034838 0.038423 0.03232 0.033896 0.033201 0.034657 0.033403 0.029696 0.031563 0.039142 0.038479 0.042907 0.055182 0.06177 0.052062 0.042728 0.036944 0.0354 0.033273 0.02938 0.032565 0.023477 0.028041 0.026159 0.031372 0.044787 0.044013 0.043099 0.042639 0.04975 0.05028 0.046156 0.047131 0.043811 0.048009 0.050015 0.044572 0.038622 0.037865 0.035149 0.03168 0.023126 0.022852 0.025355 0.028793 0.031709 0.031221 0.026013 0.027703 0.031458 0.032713 0.038563 0.036695 0.039764 0.051098 0.056577 0.053638 0.06034 0.063266 0.059796 0.073932 0.067278 0.072759 0.071276 0.087102 0.089948 0.087718 0.072628 0.058002 0.0418 0.028736 0.027433 0.017793 0.019402 0.021189 0.019993 0.019018 0.020983 0.018253 0.007636 0.011652 0.010516 0.017334 0.01776 0.011867 0.018034 0.026665 0.024247 0.022246 0.024335 0.024832 0.02908 0.027336 0.025384 0.022827 0.024135 0.029216 0.027984 0.028257 0.026533 0.02177 0.024414 0.023129 0.019061 0.020076 0.021673 0.016433 0.021136 0.022696 0.01887 0.016087 0.010263 0.0072368 0.0042431 -0.002237 0.010097 0.0067022 0.0047229 0.0055821 0.0088718 0.0039716 0.0070337 -0.001726 0.0038315 0.0043006 -0.0012155 -0.004954 -0.0037618 -0.0032338 -0.0007424 0.0049208 0.010196 0.0014277 0.00011769 0.010101 0.0091525 0.00786 0.011384 0.008935 0.012068 0.016628 0.012607 0.018247 0.019724 0.012595 0.01256 0.016531 0.01894 0.0065357 0.007692 0.0095921 0.0061597 0.010053 0.0033956 0.0043532 0.0048003 0.0078958 0.0069606 0.0021483 0.0020045 0.0055465 0.014359 0.011769 0.0098033 0.009515 0.0091982 0.014621 0.027564 0.027582 0.02587 0.024278 0.024678 0.028691 0.027142 0.028883 0.019098 0.023168 0.023095 0.022736 0.020208 0.017509 0.018001 0.021203 0.02669 0.027592 0.029453 0.030614 0.025452 0.022772 0.021384 0.023444 0.026497 0.02312 0.0195 0.024423 0.026956 0.034947 0.03652 0.042192 0.036945 0.036128 0.029958 0.033937 0.0397 0.036121 0.029764 0.031036 0.029529 0.025026 0.027 0.037016 0.034918 0.033923 0.037156 0.037626 0.031556 0.029177 0.029243 0.025211 0.03032 0.035627 0.035374 0.037121 0.034041 0.026476 0.034128 0.03609 0.03759 0.035023 0.038105 0.042794 0.043586 0.040401 0.048231 0.048104 0.04405 0.044381 0.046115 0.052497 0.056076 0.057892 0.055843 0.054917 0.049117 0.052363 0.051421 0.043687 0.04447 0.044074 0.038185 0.036765 0.040141 0.046192 0.037322 0.029733 0.030648 0.027456 0.024671 0.023844 0.021396 0.023146 0.022341 0.020039 0.017217 0.018398 0.021543 0.026397 0.019506 0.015163 0.017334 0.019648 0.017462 0.012754 0.0092196 0.014703 0.016431 0.013932 0.01562 0.015801 0.0060495 0.0016347 0.0038685 0.0032379 0.0056377 0.013294 0.0058878 0.0034139 0.001403 0.0017899 0.011714 0.015557 0.015844 0.014889 0.023465 0.014228 0.008013 0.0099361 0.0093752 0.018567 0.014407 0.017494 0.014143 0.0083269 0.0095177 0.016718 0.013826 0.010924 0.01293 0.019819 0.014861 0.015547 0.016165 0.019508 0.020804 0.018393 0.014264 0.017683 0.016733 0.016328 0.020751 0.020239 0.023455 0.015302 0.018072 0.022451 0.022505 0.018415 0.020926 0.021823 0.029656 0.036229 0.039577 0.04084 0.044437 0.048666 0.050916 0.04808 0.042546 0.041346 0.033384 0.032186 0.036896 0.034138 0.034546 0.035587 0.038016 0.03996 0.041201 0.044845 0.048381 0.06131 0.067985 0.085057 0.10249 0.11216 0.10816 0.10824 0.10946 0.10291 0.090413 0.079613 0.066823 0.042699 0.036699 0.031973 0.026301 0.022784 0.018204 0.013118 0.016667 0.013951 0.0066232 0.0064515 0.0078986 0.0061379 0.00032832 -0.0023234 -0.00061336 -0.0088003 -0.010985 -0.004189 -0.0094546 -0.012866 -0.0099821 -0.0076681 -0.008529 -0.0069248 -0.0062135 -0.0026194 -0.0067354 -0.0024885 0.00081955 -0.0022743 -0.0052551 -0.0045208 -0.0037519 -0.0046245 0.00045295 0.0014208 0.0016069 0.0025941 0.0042212 -0.0025048 -0.0014706 0.001786 0.0042808 0.0068085 0.012957 0.01058 0.01151 0.013304 0.01328 0.011043 0.010628 0.013683 0.01318 0.018787 0.023025 0.026194 0.019382 0.022139 0.019779 0.016508 0.021398 0.018941 0.016393 0.012841 0.012062 0.013032 0.0059222 0.0016266 0.0035548 0.0010896 -0.00059692 -0.0018995 0.00078849 -0.0020912 -0.0055821 -0.0077067 -0.008025 -0.010644 -0.0076453 -0.0060258 -0.0084539 -0.0060192 -0.0076508 -0.0095568 -0.017187 -0.011922 -0.012544 -0.0059839 -0.01475 -0.020222 -0.017845 -0.016466 -0.018146 -0.015302 -0.010107 -0.013785 -0.013082 -0.0062468 -0.0088855 -0.010832 -0.014045 -0.012692 -0.0071226 -0.01227 -0.0043896 0.00071669 -0.0043852 -0.005803 -0.016207 -0.014783 -0.015151 -0.0075013 -0.0093576 -0.0107 -0.014241 -0.016658 -0.016783 -0.014097 -0.0095335 -0.012646 -0.012275 -0.0073615 -0.0089183 -0.01195 -0.010802 -0.012027 -0.012842 -0.018085 -0.01491 -0.011282 -0.012131 -0.0013345 -0.0065374 -0.011123 -0.0085515 -0.0077701 -0.012056 -0.01352 -0.015803 -0.010458 -0.010884 -0.0075944 -0.0062693 -0.006465 -0.012292 -0.0096666 -0.010407 -0.0096629 -0.0037387 -0.0043728 -0.0063294 -0.0029288 -0.0048349 -0.007723 -0.010535 -0.010873 -0.0054349 -0.0048366 -0.0056885 -0.0063932 -0.0073693 -0.015567 -0.011773 -0.0065078 -0.0028802 -0.0061096 -0.0043691 -0.010168 -0.01258 -0.008421 -0.0065059 -0.0049276 -0.007435 -0.0082321 -0.0065866 0.0053462 -0.0039627 -0.0087035 -0.0010386 -0.0063811 -0.0083239 -0.0032191 -0.007244 -0.012542 -0.0072854 -0.0070756 -0.002841 -0.0085032 -0.0083478 -0.010434 -0.0037744 -0.0053691 -0.010586 -0.0078538 -0.0074221 -0.0024162
0.24299 0.24212 0.24317 0.24816 0.24844 0.24506 0.23692 0.23499 0.22389 0.20829 0.2015 0.19116 0.17787 0.16603 0.14833 0.13079 0.12051 0.10766 0.093314 0.078842 0.068588 0.063454 0.050162 0.043567 0.040965 0.034172 0.027928 0.019711 0.02223 0.017255 0.01373 0.0068679 0.0091289 0.0037246 0.0020002 -0.0027224 -0.0082731 -0.010956 -0.010434 -0.01288 -0.016249 -0.01147 -0.0096507 -0.0087546 -0.0093713 -0.0084229 -0.013821 -0.018019 -0.015839 -0.0078625 -0.012875 -0.011528 -0.016364 -0.010255 -0.006748 -0.0053761 0.0004562 0.0017643 0.003092 0.001865 0.0088441 0.010366 0.0066028 0.0054429 0.003504 0.007773 0.0049383 0.002831 -0.0040258 -0.0039871 -0.00050399 0.00063799 -0.0047827 -0.0028686 0.00031637 0.0051676 0.0069474 0.0048634 0.0033405 0.0051776 0.0066306 0.0074873 0.0085265 0.010671 0.012523 0.015088 0.017002 0.015098 0.014257 0.020135 0.020754 0.022259 0.023 0.021617 0.022782 0.024831 0.027394 0.02574 0.021768 0.026292 0.0307 0.026947 0.026646 0.022263 0.020842 0.018066 0.018965 0.024787 0.029683 0.028283 0.030607 0.036855 0.040707 0.03832 0.038302 0.036647 0.029947 0.02886 0.027032 0.027624 0.028459 0.02556 0.017472 0.014205 0.018095 0.024554 0.02622 0.024266 0.021529 0.017308 0.018913 0.016955 0.016604 0.01837 0.015915 0.017855 0.017335 0.018444 0.014262 0.013513 0.015653 0.019646 0.018892 0.020965 0.031801 0.037345 0.02802 0.022242 0.022186 0.022199 0.01857 0.015975 0.018025 0.010472 0.013582 0.010689 0.014123 0.025215 0.02514 0.022143 0.021693 0.02658 0.028517 0.02394 0.025962 0.023544 0.026969 0.028622 0.027714 0.022913 0.024297 0.021486 0.019801 0.012087 0.010883 0.014406 0.018464 0.020829 0.019471 0.014357 0.01352 0.014147 0.015238 0.019052 0.016642 0.017232 0.025362 0.027293 0.026844 0.030893 0.03356 0.027686 0.036377 0.033404 0.041834 0.041935 0.054466 0.054698 0.055019 0.045989 0.041349 0.030841 0.022072 0.023079 0.015242 0.016476 0.020929 0.019869 0.018403 0.018621 0.016025 0.0037359 0.0055306 0.0046641 0.0108 0.009955 0.0081634 0.011372 0.014322 0.011227 0.0066449 0.0078104 0.0076011 0.014616 0.01395 0.0089578 0.008878 0.010856 0.01247 0.010845 0.014207 0.013531 0.012515 0.014169 0.014332 0.010873 0.011942 0.011943 0.012207 0.015742 0.017011 0.011825 0.0087129 0.0071334 0.0053304 0.0028406 -0.0012361 0.0091471 0.0050743 3.0911e-05 0.0013712 0.0023572 -0.0009639 0.0017651 -0.006273 -0.0023377 -0.00091993 -0.0046797 -0.0078971 -0.0079862 -0.0064192 -0.0058413 0.0012138 0.0031846 -0.0051392 -0.0058595 0.0021582 3.216e-05 -0.00075166 0.0036627 0.0028031 0.0036597 0.0085518 0.0052238 0.0068505 0.0075915 0.0031763 0.0031164 0.0054873 0.0099846 0.0013448 0.00063347 0.003469 -0.00019752 0.0027995 -0.00082721 -0.00099246 0.0012481 0.0056154 0.0020828 -0.00078708 -0.00309 -0.0008485 0.0079731 0.0053881 0.004638 0.0035751 0.0017035 0.0045996 0.017469 0.017044 0.017129 0.014287 0.014223 0.017151 0.014794 0.017409 0.012641 0.014747 0.012532 0.012004 0.011899 0.010196 0.009925 0.012152 0.017451 0.015069 0.01823 0.01962 0.01402 0.010824 0.0096025 0.012478 0.013808 0.011096 0.0055062 0.012697 0.015649 0.024013 0.02328 0.025296 0.020376 0.022593 0.017038 0.020781 0.025286 0.022067 0.016109 0.018618 0.017834 0.017246 0.017125 0.023735 0.02319 0.020732 0.023395 0.024638 0.020262 0.020105 0.019323 0.015582 0.016271 0.020962 0.020546 0.022387 0.018181 0.013402 0.017993 0.020984 0.022519 0.017686 0.017679 0.022658 0.024367 0.022808 0.028783 0.030009 0.025467 0.026632 0.027546 0.031757 0.034798 0.035342 0.030717 0.03193 0.029222 0.030222 0.02956 0.0237 0.027475 0.027883 0.023068 0.02249 0.024316 0.029743 0.02426 0.02116 0.021307 0.019186 0.019867 0.020629 0.016731 0.017093 0.016926 0.012359 0.011501 0.012541 0.012838 0.019447 0.012187 0.010617 0.013938 0.014684 0.014563 0.0098012 0.0059276 0.012276 0.010223 0.0070254 0.0080223 0.0073887 0.00037418 -0.0029507 0.001798 -0.0010096 0.0020676 0.0066348 0.0023787 0.00014558 -0.0036157 -0.0020951 0.0054663 0.0066051 0.0078419 0.0095812 0.014801 0.0068904 0.001027 0.0014827 0.00028953 0.0093341 0.0070835 0.011412 0.0083107 0.0011198 0.0023419 0.005862 0.0033542 0.0031913 0.0047903 0.0090007 0.0062917 0.0075921 0.0082855 0.01061 0.01188 0.0091223 0.004359 0.0079586 0.0060265 0.004996 0.00898 0.01182 0.013344 0.0055294 0.0070134 0.0099623 0.012353 0.0053447 0.0067553 0.0073439 0.01238 0.017772 0.020424 0.020641 0.024263 0.027012 0.028906 0.029169 0.024609 0.023237 0.015821 0.016881 0.022568 0.01637 0.018004 0.022402 0.023797 0.023029 0.022056 0.024755 0.026466 0.034717 0.035656 0.04552 0.058009 0.065701 0.060679 0.065279 0.066975 0.063925 0.058027 0.052483 0.045614 0.030443 0.025622 0.024841 0.020301 0.017222 0.013769 0.0075929 0.010859 0.0092079 0.0027766 0.0031675 0.0026871 0.0017426 -0.0035732 -0.0061771 -0.0024724 -0.0071922 -0.0067109 -0.0043272 -0.0092468 -0.012421 -0.011255 -0.0086799 -0.0073349 -0.0085413 -0.0068622 -0.0034096 -0.0056432 -0.0023323 0.00035002 -0.0013855 -0.0056563 -0.0033243 -0.0066644 -0.0071347 -0.0019706 -0.0041156 -0.0037357 -0.0019532 0.0007817 -0.007097 -0.0073196 -0.0036406 -0.0030537 -0.0034088 0.0026932 0.0029323 0.0037331 0.0057632 0.006152 0.0030594 0.00062597 0.0026788 0.0021673 0.0067107 0.010109 0.01373 0.0098834 0.0092672 0.0097 0.0046582 0.011977 0.011804 0.012026 0.006979 0.0062882 0.0081955 0.0006473 -0.00030894 0.0025542 -0.00033481 -0.0011979 -0.0016655 0.00115 -0.0011376 -0.0057074 -0.0058995 -0.0078828 -0.010871 -0.0078 -0.0054215 -0.0075444 -0.0026952 -0.0050818 -0.0081878 -0.013034 -0.0080092 -0.0092565 -0.0034081 -0.009234 -0.015842 -0.014658 -0.016181 -0.014975 -0.014048 -0.0097895 -0.0089881 -0.010369 -0.0057706 -0.0069504 -0.0099917 -0.009869 -0.0086188 -0.0034756 -0.0072238 -0.0017688 0.0035162 -0.0028308 -0.005083 -0.011555 -0.011037 -0.012647 -0.0065922 -0.0046479 -0.006404 -0.010605 -0.014066 -0.015493 -0.013158 -0.009067 -0.012007 -0.0077479 -0.0054942 -0.0079885 -0.010938 -0.0098165 -0.0099906 -0.0099705 -0.013468 -0.012704 -0.010008 -0.0087403 -0.0016901 -0.0060751 -0.0087158 -0.0086256 -0.0092303 -0.010624 -0.013325 -0.013189 -0.0075397 -0.010282 -0.0083356 -0.0087217 -0.0090403 -0.01219 -0.010521 -0.012715 -0.0095953 -0.0062183 -0.005871 -0.0064556 -0.002211 -0.00594 -0.0055541 -0.0065754 -0.010266 -0.0061423 -0.0048994 -0.0049964 -0.0058146 -0.008664 -0.01417 -0.011369 -0.0074866 -0.0028949 -0.0073215 -0.0042087 -0.0079345 -0.011929 -0.0055427 -0.0046854 -0.0058634 -0.0096215 -0.010254 -0.0069745 0.0027024 -0.0077527 -0.010768 -0.0027664 -0.0061856 -0.0084439 -0.0042116 -0.0071239 -0.0089541 -0.0058117 -0.0087326 -0.0046372 -0.0078321 -0.0082172 -0.010094 -0.0025518 -0.0038813 -0.0094471 -0.0092116 -0.0079539 -0.0024577 0.00050985
0.22653 0.23853 0.24186 0.24463 0.24623 0.25152 0.25082 0.25083 0.24565 0.24152 0.23229 0.21843 0.21114 0.19849 0.18571 0.17387 0.15715 0.14175 0.1275 0.11196 0.096239 0.082098 0.071197 0.06238 0.05108 0.04192 0.038004 0.031091 0.024744 0.01557 0.016378 0.011492 0.0079582 0.0026118 0.0017644 -0.0034147 -0.0059098 -0.01273 -0.017792 -0.021036 -0.022813 -0.024237 -0.026061 -0.023743 -0.020345 -0.02092 -0.025449 -0.025308 -0.027927 -0.029701 -0.027225 -0.023099 -0.028358 -0.026408 -0.031957 -0.027767 -0.024205 -0.023891 -0.021883 -0.019117 -0.018514 -0.019185 -0.01444 -0.012978 -0.015255 -0.013792 -0.012572 -0.01139 -0.012622 -0.013955 -0.017302 -0.018277 -0.015696 -0.016446 -0.019315 -0.017262 -0.016297 -0.012311 -0.011357 -0.013163 -0.013707 -0.014788 -0.014575 -0.013934 -0.011259 -0.0090577 -0.0076066 -0.0074884 -0.0067453 -0.0067536 -0.0059126 -0.0016612 -0.0025621 -0.0023318 -0.00076919 -0.0011073 -0.00084491 0.0015743 0.0048752 0.0031886 -0.00035947 0.0034685 0.0048051 0.0033532 0.0056529 0.00077792 0.0011174 -0.00095336 -0.0002435 0.003453 0.0064114 0.0043781 0.0054316 0.010489 0.012597 0.0098904 0.010087 0.01224 0.0077738 0.0099084 0.009296 0.010168 0.010638 0.0098397 0.0040143 0.00095957 0.0027585 0.0080604 0.0093316 0.0061629 0.0044538 0.002194 0.00297 0.002271 0.001596 -0.0001064 0.00072074 0.0023101 0.0031507 0.0034607 -0.0015881 3.7977e-05 0.0020949 0.0030339 0.0024345 0.0022909 0.0084973 0.011991 0.0060042 0.0033854 0.0060609 0.0080852 0.0043925 0.0033078 0.004054 -0.00073357 0.0011558 -0.0018535 -0.001198 0.0059199 0.0072929 0.0047251 0.0046198 0.0069495 0.0087324 0.0047698 0.0061937 0.0051419 0.0065793 0.0062376 0.0082057 0.0063135 0.0092579 0.0068258 0.0058526 0.0015374 0.0004546 0.0026916 0.0055963 0.0073471 0.0060443 0.0021779 0.00075381 0.00011759 0.00093728 0.0039827 0.0018541 0.0010117 0.0051791 0.0051527 0.0059911 0.0069614 0.0090885 0.0029285 0.0060864 0.0074305 0.013351 0.014201 0.021526 0.020486 0.021181 0.017855 0.019758 0.016314 0.011449 0.012203 0.0070738 0.0080582 0.011923 0.012587 0.011901 0.010949 0.0087396 -0.0009413 -0.00064007 -0.0015182 0.0034019 0.0026564 0.0029381 0.0036963 0.0033151 0.00074751 -0.0027984 -0.0024398 -0.0031476 0.0025481 0.0028199 -0.0019294 -0.00088477 0.00071532 -0.00048131 -0.0014544 0.0015616 0.0012971 0.0024467 0.0029841 0.0036937 0.0010172 0.0022249 0.0014918 0.0059701 0.0068795 0.0075034 0.0026871 0.0011244 0.0018677 -0.00017021 -0.00026102 -0.0012121 0.0041926 0.0012274 -0.0043149 -0.0025471 -0.0035323 -0.0046018 -0.0025584 -0.0071434 -0.0052172 -0.0045344 -0.0057598 -0.0083819 -0.0084713 -0.00593 -0.0068431 -0.0015448 -0.002134 -0.0073491 -0.0076248 -0.0035646 -0.0061002 -0.0057576 -0.0019304 -0.0010566 -0.0019407 0.00067467 -0.0015346 -0.0020435 -0.0025455 -0.0042644 -0.0037287 -0.0033111 0.00087525 -0.0027562 -0.0044075 -0.0019055 -0.004913 -0.0028238 -0.0038276 -0.0048416 -0.0019307 0.0021893 -0.0020504 -0.0023218 -0.0045704 -0.0037959 0.001799 0.00025015 0.00032664 -0.00051921 -0.0027691 -0.0031419 0.0056133 0.0046579 0.0055705 0.0037291 0.003478 0.0046274 0.0039524 0.0058719 0.0044049 0.0053016 0.0038863 0.0031635 0.0035248 0.0029591 0.0028042 0.0041672 0.0073617 0.0032408 0.0055098 0.0070712 0.0033411 0.0018384 0.00076655 0.0032319 0.0025534 0.0014562 -0.0030111 0.0031979 0.0055141 0.010971 0.0094481 0.0086237 0.0053148 0.0088744 0.0058635 0.0077611 0.0095552 0.007981 0.0049029 0.0058793 0.0060966 0.0079413 0.006719 0.0099755 0.010802 0.0081376 0.0092069 0.011666 0.010335 0.010746 0.0087896 0.006827 0.0054338 0.0080297 0.007894 0.0086084 0.0045761 0.0043989 0.004878 0.0078335 0.0085854 0.0032515 0.0016879 0.0059588 0.0079702 0.0076974 0.0096977 0.011553 0.008921 0.010196 0.0098166 0.0115 0.013316 0.014506 0.0089337 0.011491 0.012051 0.010651 0.010355 0.0070208 0.010782 0.010791 0.0074851 0.0084769 0.0087961 0.012658 0.0098939 0.0099928 0.0084417 0.0075903 0.010295 0.011818 0.0084737 0.0084042 0.0085177 0.0040323 0.0045084 0.0048178 0.0041312 0.0090791 0.0032142 0.0030817 0.0062871 0.0068473 0.0080338 0.0049245 0.0025593 0.0068985 0.003339 0.00045352 0.0014893 -6.5836e-06 -0.0043568 -0.0046592 0.00027312 -0.0031268 -0.00051234 0.0010738 0.00018681 -0.0014672 -0.0044351 -0.0024562 0.00092159 -0.00098274 0.00059367 0.0030649 0.0052733 0.00092297 -0.0026953 -0.0039396 -0.0048087 0.0015111 0.0012419 0.0043848 0.002498 -0.0027751 -0.0016122 -0.00078877 -0.0033961 -0.001873 -0.00058557 0.00015872 0.0009346 0.0020451 0.0018868 0.0031277 0.0037866 0.0014676 -0.0026072 0.000187 -0.0022399 -0.002246 0.00044049 0.0038537 0.0040075 7.5444e-05 0.00012885 3.9098e-06 0.0033632 -0.0029752 -0.0016096 -0.001461 7.2459e-05 0.0041697 0.0054336 0.0053427 0.0072977 0.0079058 0.0088036 0.010442 0.0082831 0.0067302 0.0021987 0.0046622 0.0096741 0.0036891 0.0053971 0.010242 0.010351 0.0080909 0.0064042 0.0087276 0.0087017 0.011939 0.010057 0.013857 0.020027 0.024495 0.019771 0.025743 0.026121 0.025866 0.02569 0.023445 0.021273 0.015341 0.012163 0.012172 0.0092131 0.0074383 0.0072522 0.0025205 0.0044004 0.0035481 -0.00041125 -0.00020807 -0.0012901 -0.0018769 -0.0045853 -0.0068938 -0.0032029 -0.0044954 -0.002144 -0.0032495 -0.007371 -0.0098995 -0.0097168 -0.0075741 -0.0049647 -0.007161 -0.0058898 -0.0042448 -0.004369 -0.00236 -0.00073318 -0.00123 -0.0052815 -0.002776 -0.0065918 -0.006236 -0.0032685 -0.005937 -0.0043707 -0.0038679 -0.0023013 -0.007989 -0.0083748 -0.0060565 -0.0061388 -0.0079046 -0.0029283 -0.00065567 -0.00071457 0.0011446 0.0011359 -0.0018843 -0.0042012 -0.0032127 -0.0040116 -0.0014217 0.00041213 0.0027641 0.0023905 -0.00060896 0.0021784 -0.0027168 0.0038377 0.0045481 0.0056841 0.0014956 0.00099948 0.0022833 -0.0025543 -0.0011202 0.0011146 -0.0018412 -0.0019162 -0.0018528 -0.0004507 -0.0019102 -0.0047001 -0.0037694 -0.0053159 -0.0079071 -0.0058575 -0.0030845 -0.0053542 -0.00092359 -0.0031261 -0.0060993 -0.007865 -0.0046488 -0.005404 -0.0016397 -0.0045977 -0.0093953 -0.0089561 -0.01213 -0.0090454 -0.0096839 -0.0079457 -0.00465 -0.0067079 -0.0041774 -0.0042485 -0.0075367 -0.0048933 -0.0041624 -0.0014765 -0.0031052 -0.00085622 0.0032366 -0.0023885 -0.0054636 -0.0066063 -0.0063368 -0.0074989 -0.0041464 -0.0010709 -0.0032457 -0.0063177 -0.0093225 -0.010767 -0.0089464 -0.0067223 -0.0090123 -0.004035 -0.0036678 -0.0059978 -0.0073834 -0.0071276 -0.0073399 -0.007312 -0.0079281 -0.0090443 -0.007074 -0.0046629 -0.0023342 -0.0045034 -0.0052382 -0.007183 -0.0079636 -0.0064132 -0.010143 -0.0089262 -0.0050454 -0.0072287 -0.0071455 -0.0082692 -0.0082514 -0.0093765 -0.0079354 -0.01056 -0.0070729 -0.0070574 -0.0057579 -0.0060937 -0.0020987 -0.0044555 -0.0030247 -0.0035076 -0.0077511 -0.0058589 -0.0046245 -0.0040667 -0.0053767 -0.0079594 -0.0091671 -0.0079762 -0.0053888 -0.0022426 -0.0050625 -0.0023663 -0.0044308 -0.0082784 -0.0030381 -0.0024 -0.0051341 -0.0079356 -0.0084532 -0.0059314 -0.0017131 -0.0082098 -0.0093144 -0.0031605 -0.0052264 -0.0074103 -0.0046225 -0.0051902 -0.0039624 -0.0037586 -0.0084195 -0.0058935 -0.0065015 -0.0069989 -0.0070444 -0.0014356 -0.0015573 -0.0060539 -0.0077562 -0.0071146
0.29015 0.29024 0.29335 0.28978 0.28348 0.27501 0.26026 0.25191 0.23644 0.2219 0.20791 0.1897 0.17329 0.15428 0.1345 0.11632 0.10013 0.087623 0.074699 0.063568 0.05266 0.04672 0.03731 0.031177 0.019459 0.019124 0.012988 0.0089051 0.0032959 -0.00016163 -0.0055395 -0.0081668 -0.016998 -0.022376 -0.027566 -0.032089 -0.032838 -0.033941 -0.033134 -0.028586 -0.029879 -0.038749 -0.038259 -0.038949 -0.039393 -0.036795 -0.035322 -0.040086 -0.036836 -0.04354 -0.040061 -0.036148 -0.037707 -0.038171 -0.034472 -0.033349 -0.033911 -0.030685 -0.028971 -0.031368 -0.028727 -0.023376 -0.02458 -0.025244 -0.025389 -0.02758 -0.029438 -0.026862 -0.028784 -0.030866 -0.027906 -0.028249 -0.024584 -0.024972 -0.027107 -0.025373 -0.027902 -0.02873 -0.027851 -0.02384 -0.022361 -0.021573 -0.022128 -0.021941 -0.020088 -0.018574 -0.013605 -0.015994 -0.016288 -0.015597 -0.015702 -0.015641 -0.013206 -0.0084574 -0.011225 -0.015484 -0.01106 -0.011019 -0.011296 -0.0059609 -0.011552 -0.0094119 -0.011186 -0.011579 -0.009821 -0.0074838 -0.0097558 -0.009234 -0.004279 -0.0029564 -0.0057317 -0.0056558 -0.0010585 -0.0051743 -0.00058155 -0.00050465 -1.181e-05 0.00015576 0.00044716 -0.0047174 -0.0077042 -0.0065438 -0.0016698 -0.0001266 -0.0047218 -0.0051654 -0.0066483 -0.006176 -0.0057044 -0.005925 -0.01138 -0.0083786 -0.0074245 -0.0049702 -0.0053066 -0.011377 -0.0081247 -0.00558 -0.0056289 -0.0062407 -0.0074298 -0.0038689 -0.0013475 -0.0054782 -0.0072071 -0.0034321 0.00020401 -0.0038189 -0.0037164 -0.0036172 -0.0076827 -0.0065509 -0.0097759 -0.0106 -0.0049568 -0.0026113 -0.0045965 -0.0040902 -0.0020215 -0.00074382 -0.0053617 -0.0050412 -0.0052786 -0.0047784 -0.0074977 -0.0041484 -0.0039814 0.00069887 -0.0017129 -0.0027401 -0.0045428 -0.0053576 -0.0043822 -0.0026424 -0.00089751 -0.0017963 -0.0055465 -0.0069435 -0.0076011 -0.0067308 -0.0033069 -0.0053377 -0.0069538 -0.0043013 -0.0047689 -0.0029552 -0.0035576 -0.0015622 -0.0086498 -0.008005 -0.0037209 -0.00045963 0.00045489 0.0059713 0.0045233 0.0048865 0.0037702 0.0082493 0.0094462 0.0053511 0.0046001 0.00037777 0.0012386 0.0042141 0.0074357 0.0078317 0.0061638 0.0037653 -0.0048959 -0.0047733 -0.0061124 -0.0012054 -0.0011222 -0.0010865 -0.0014087 -0.0024478 -0.0043138 -0.0064239 -0.0068168 -0.0076811 -0.0039105 -0.0030339 -0.0072788 -0.0062212 -0.0045423 -0.0077603 -0.0083094 -0.0059839 -0.0062839 -0.0044805 -0.0042206 -0.0032143 -0.0063195 -0.0045392 -0.005051 0.0024248 0.0012883 0.0017948 -0.0032906 -0.0037651 -0.0024725 -0.0058232 -0.0034535 -0.0028899 -0.00050274 -0.002415 -0.0081034 -0.0061454 -0.0081975 -0.0079625 -0.0057969 -0.0080988 -0.0066876 -0.0067988 -0.0069083 -0.010513 -0.010024 -0.0054053 -0.0078274 -0.0036559 -0.005363 -0.0086916 -0.0097421 -0.0075016 -0.010725 -0.0092563 -0.0051298 -0.0026263 -0.0051507 -0.0046403 -0.0061922 -0.0067428 -0.0090085 -0.009861 -0.007651 -0.0090147 -0.005226 -0.0062257 -0.0082917 -0.0059429 -0.0091924 -0.0069262 -0.0066097 -0.0081872 -0.0049841 -0.00065595 -0.0053818 -0.003361 -0.0054463 -0.00539 -0.0015859 -0.0020304 -0.0022142 -0.0029694 -0.0049163 -0.0079519 -0.0009484 -0.0024257 -0.001008 -0.0019418 -0.002808 -0.002884 -0.0016099 6.0629e-05 -0.00099672 -0.00021122 -0.00014786 -0.0011614 -0.0015696 -0.0016037 -0.00072801 0.00048667 0.0016307 -0.003284 -0.0021501 -0.00017592 -0.0026513 -0.00256 -0.0038063 -0.0020822 -0.0037909 -0.0035068 -0.006537 -0.0011288 0.00050888 0.004583 0.0029684 9.6387e-05 -0.0020529 0.0024619 0.00091928 0.0013416 0.00095588 0.00073285 -1.5093e-06 -0.00096461 -0.00049657 0.0025609 0.0011801 0.0035292 0.0054324 0.0026519 0.0022866 0.0068442 0.0076453 0.007169 0.0040386 0.0031227 0.0011629 0.0023678 0.0026041 0.0020228 -0.0022327 0.0015002 -0.0010006 0.0024125 0.0024764 -0.003886 -0.0059945 -0.0015877 0.00050234 0.00047031 4.4967e-05 0.0026595 0.0019911 0.002411 0.0011285 0.0018554 0.0025114 0.005712 -0.0014183 0.0024002 0.0055876 0.0024968 0.0020913 -0.00058308 0.0028148 0.0023641 -0.00065085 0.002059 0.0009656 0.0048177 0.0024148 0.0039205 0.00022524 -7.5009e-05 0.0039275 0.0060501 0.0032317 0.0036472 0.0036665 -0.00096268 0.00031461 -0.00032369 -0.00031716 0.0032373 -0.0025527 -0.0020154 0.0016727 0.0026813 0.0046268 0.0023103 0.001414 0.0041157 -0.00028848 -0.0034747 -0.0015994 -0.0038831 -0.0076232 -0.0058701 -0.0002079 -0.0041194 -0.0019472 -0.0016999 -0.00060004 -0.0020315 -0.0041029 -0.0019803 -0.0012652 -0.0055118 -0.0033152 -0.00079085 -8.7977e-05 -0.0021988 -0.0048872 -0.0074168 -0.0072479 -0.0023975 -0.0021587 -0.00044982 -0.0016214 -0.0053037 -0.0033617 -0.0032361 -0.0070792 -0.00491 -0.0036032 -0.0048626 -0.00097572 8.2113e-06 -0.0011306 0.00021457 2.7364e-06 -0.0018195 -0.0060911 -0.0039911 -0.0068786 -0.0051058 -0.0027514 0.0006044 0.00020448 -0.0013979 -0.0019931 -0.0050355 -0.0014336 -0.0068346 -0.0043197 -0.0042988 -0.0053556 -0.0011416 -0.00084024 -0.00031572 0.00029228 -0.00065389 -0.0009084 0.0013043 0.00082619 -0.0012923 -0.0037541 -0.00062732 0.0041098 -0.0010977 0.00063906 0.0055236 0.0042333 0.00093751 -3.4158e-05 0.0027181 0.0013976 0.0022195 -0.00032721 0.0012696 0.0043392 0.0083227 0.0032701 0.0099686 0.0087627 0.009151 0.01269 0.01105 0.010081 0.0083804 0.0056398 0.0045959 0.0020474 0.00086675 0.004371 0.00048688 0.0012915 0.00050802 -0.0025374 -0.0027485 -0.0040705 -0.0043815 -0.0055082 -0.0082271 -0.0044083 -0.0039272 -0.00051528 -0.0036803 -0.0082425 -0.010442 -0.010397 -0.0081506 -0.0047617 -0.0071728 -0.0062872 -0.0063106 -0.0050339 -0.002753 -0.0016926 -0.0024401 -0.0061682 -0.0034845 -0.0068402 -0.0053693 -0.0045135 -0.0068259 -0.0041136 -0.0051835 -0.0049128 -0.0093891 -0.0097784 -0.0084998 -0.0079868 -0.010421 -0.0052542 -0.0014485 -0.0029114 -0.0003721 -0.000866 -0.0044414 -0.0068503 -0.0063658 -0.0074883 -0.0054532 -0.0035035 -0.0019342 -0.0005744 -0.0052987 -0.0010004 -0.0055692 0.00040464 0.0014041 0.0022417 -0.0014807 -0.0020279 -0.0017559 -0.004452 -0.0019247 1.8473e-06 -0.0029876 -0.0032272 -0.0028304 -0.0028866 -0.0047095 -0.0055098 -0.0041128 -0.004522 -0.0064656 -0.004975 -0.0014034 -0.0045201 -0.00080677 -0.0032003 -0.0062144 -0.0068924 -0.0049924 -0.0048611 -0.0020429 -0.0041387 -0.0077956 -0.0068919 -0.010788 -0.0063604 -0.0079795 -0.0082491 -0.003868 -0.006109 -0.0038413 -0.0036914 -0.0073295 -0.0027894 -0.0028069 -0.0019916 -0.0023684 -0.0014739 0.0026955 -0.0031836 -0.0076742 -0.005155 -0.0040682 -0.0048184 -0.0026303 0.00049487 -0.0029328 -0.0055187 -0.0084069 -0.0093525 -0.0069314 -0.006116 -0.0091376 -0.0041996 -0.0041255 -0.0060385 -0.0061892 -0.0067606 -0.0075637 -0.0081138 -0.0066044 -0.0087219 -0.0070492 -0.0035396 -0.0040727 -0.0044305 -0.0045807 -0.0081279 -0.0080272 -0.0041316 -0.009523 -0.0080832 -0.0051771 -0.0059342 -0.0073453 -0.0092836 -0.0086589 -0.0094598 -0.0073666 -0.010526 -0.006332 -0.0087446 -0.0064866 -0.007338 -0.0029505 -0.0034507 -0.0018847 -0.0032578 -0.0076021 -0.0068283 -0.0055931 -0.0041496 -0.0062311 -0.0087948 -0.0068345 -0.0067524 -0.0040449 -0.0026275 -0.0038664 -0.00098232 -0.0030667 -0.006906 -0.0024451 -0.0011608 -0.0053465 -0.0073826 -0.0079572 -0.0059518 -0.0055447 -0.0088605 -0.0094089 -0.003662 -0.0060133 -0.008475 -0.0062253 -0.0048321 -0.0016204 -0.003356 -0.0094654 -0.0081154 -0.0071633 -0.00795 -0.0055647 -0.0011871 -0.00012685 -0.0047703 -0.0078588 -0.0074891 -0.0075131 -0.0027796 -0.0025749 -0.0010688 -0.0020949
0.2779 0.27701 0.27515 0.27346 0.26782 0.25873 0.25082 0.23566 0.22146 0.21045 0.20012 0.19049 0.17852 0.166 0.15515 0.14258 0.13105 0.11914 0.10827 0.098095 0.087055 0.079072 0.072493 0.066964 0.059758 0.052676 0.046723 0.041715 0.038856 0.036138 0.032943 0.031581 0.030897 0.0266 0.022146 0.018561 0.018986 0.01659 0.014576 0.012168 0.0098709 0.0076011 0.0030803 0.00076516 -0.0013757 -0.00049684 0.00065657 0.0011237 0.0045165 0.0049102 0.001606 -0.0010613 0.00052006 0.00028649 0.00076948 -0.0013647 -0.00060334 -0.0024157 -0.00047338 0.00066984 0.0012291 0.0013897 0.00056493 0.00077938 0.00077055 0.0020048 0.00088681 0.0021729 0.0010617 0.001168 0.001641 0.0034897 0.0048326 0.0047809 0.0057861 0.0042741 0.0043797 0.0047647 0.005191 0.0057396 0.0049586 0.0049449 0.0057462 0.0059188 0.0090595 0.0070622 0.0062564 0.0080481 0.010136 0.011249 0.010674 0.011818 0.012331 0.012246 0.010776 0.011022 0.010936 0.012484 0.012275 0.011051 0.011918 0.011864 0.010805 0.010201 0.011103 0.011354 0.01252 0.012595 0.010509 0.011238 0.010044 0.010241 0.009838 0.009309 0.008292 0.0087398 0.0093683 0.0092805 0.010461 0.010351 0.0098369 0.010245 0.012083 0.012647 0.011509 0.011388 0.011719 0.011985 0.0085796 0.010317 0.010554 0.0098751 0.0088304 0.0089502 0.0085791 0.010504 0.011336 0.012104 0.0097529 0.010584 0.010911 0.00934 0.0086286 0.011704 0.012055 0.011627 0.011259 0.0109 0.012193 0.010808 0.0091124 0.011549 0.011843 0.011817 0.011072 0.0099889 0.0097004 0.00889 0.010688 0.011912 0.01245 0.010209 0.010924 0.014013 0.013019 0.013105 0.012638 0.012675 0.01191 0.01196 0.011823 0.011954 0.013112 0.012831 0.012036 0.010991 0.0093511 0.012148 0.01169 0.013439 0.013622 0.013037 0.011307 0.01195 0.012355 0.012584 0.012608 0.011592 0.013391 0.014716 0.015994 0.017214 0.016218 0.014797 0.016185 0.016719 0.017576 0.017938 0.018227 0.018011 0.017542 0.01744 0.017683 0.017242 0.018801 0.018532 0.019793 0.019628 0.0174 0.015944 0.01629 0.019647 0.01836 0.016012 0.017541 0.018817 0.019883 0.01693 0.013995 0.016409 0.014037 0.013441 0.011227 0.011642 0.013122 0.012322 0.011584 0.010795 0.0092905 0.010413 0.010936 0.012109 0.012268 0.013933 0.014829 0.011793 0.011473 0.012099 0.011735 0.01117 0.012787 0.014316 0.012676 0.012241 0.011493 0.011795 0.010935 0.01184 0.010592 0.01116 0.0093908 0.0082462 0.0078169 0.0080037 0.0063389 0.0079612 0.0061063 0.0058403 0.0072851 0.0068894 0.0063577 0.005941 0.0038072 0.005625 0.0055081 0.0045904 0.0029438 0.0017364 0.0036902 0.0022018 0.0027852 0.0036448 0.0038362 0.0033873 0.0030222 0.0042256 0.0040173 0.0036232 0.0029025 0.0039304 0.0023593 0.0033165 0.0042668 0.0018823 0.00214 0.003118 0.0044865 0.0045909 0.0029239 0.002862 0.0065899 0.0079291 0.007809 0.0065134 0.0057479 0.0050904 0.0059862 0.0039639 0.0042527 0.0068621 0.0047221 0.0038844 0.0033125 0.0067096 0.0076058 0.0051479 0.0047623 0.0043048 0.0047184 0.0051664 0.0039556 0.0059485 0.0050841 0.0049784 0.0060123 0.0058297 0.0053648 0.0069525 0.0070656 0.008802 0.010169 0.00946 0.0092709 0.010141 0.010236 0.0088266 0.0085857 0.0092131 0.009937 0.0092617 0.0092494 0.011733 0.012735 0.011937 0.01126 0.01137 0.011169 0.013217 0.012971 0.012591 0.01448 0.013707 0.01298 0.014559 0.013331 0.01374 0.012834 0.014445 0.015787 0.014998 0.015262 0.01684 0.016893 0.017188 0.015687 0.015327 0.014867 0.016357 0.016099 0.014887 0.014018 0.01338 0.014133 0.014796 0.014058 0.015621 0.015498 0.017508 0.015858 0.0159 0.016328 0.017804 0.018327 0.019974 0.020918 0.020168 0.019615 0.019888 0.020429 0.021352 0.02167 0.018958 0.021075 0.020672 0.01972 0.020693 0.021843 0.02373 0.022406 0.020126 0.022243 0.024267 0.022227 0.021433 0.023877 0.023558 0.021272 0.021186 0.020816 0.022821 0.023261 0.021202 0.020523 0.020118 0.019797 0.02033 0.022325 0.020814 0.020575 0.019457 0.017684 0.016309 0.016268 0.015269 0.015806 0.016495 0.014314 0.014315 0.012633 0.013025 0.013745 0.014503 0.014092 0.012631 0.012807 0.011284 0.01044 0.012654 0.01133 0.011521 0.011069 0.010234 0.010561 0.0099396 0.0098712 0.008523 0.0094966 0.0088285 0.0093342 0.011915 0.0093617 0.0072521 0.0062418 0.0054959 0.007162 0.0060166 0.0065984 0.0071188 0.0079439 0.0071324 0.0072547 0.0067864 0.0076131 0.0070424 0.0069565 0.0048094 0.0062958 0.0045007 0.0038829 0.0035379 0.0044168 0.003998 0.0054741 0.0044021 0.005338 0.0073056 0.0036223 0.0044608 0.0064328 0.006761 0.0080486 0.0062516 0.0086793 0.0095844 0.0099796 0.0086412 0.010284 0.0098558 0.0090015 0.010138 0.0086783 0.0076908 0.0080599 0.0087958 0.0081241 0.0088983 0.010401 0.010261 0.011624 0.011676 0.013797 0.014646 0.013744 0.013172 0.011063 0.011686 0.013571 0.012284 0.012541 0.012129 0.012854 0.014512 0.013108 0.013359 0.010587 0.0092697 0.011844 0.011149 0.011279 0.011918 0.010695 0.0082992 0.0068949 0.006942 0.0086699 0.0076808 0.0076139 0.008049 0.0095869 0.0078979 0.0054691 0.0042526 0.0056914 0.0066371 0.0043045 0.0025628 0.0022146 0.0038391 0.0054123 0.0073102 0.002958 0.0049501 0.0026951 0.0019603 0.00054107 0.0013237 0.0033991 0.0030451 0.0014356 0.0027308 0.0030311 0.0035607 0.0037284 0.0028965 0.0046812 0.0036278 0.0045521 0.0038128 0.0039664 0.0027329 0.0038428 0.0047804 0.0070944 0.0079486 0.0058244 0.0070236 0.0071043 0.0085885 0.0074212 0.00982 0.0069549 0.0091922 0.0077424 0.006547 0.007037 0.0068381 0.0067927 0.008062 0.0075633 0.0042181 0.0067251 0.0093504 0.0078032 0.0055424 0.0045514 0.0020403 0.0021455 0.0056212 0.0053775 0.0030541 0.0032426 0.0026818 0.0037288 0.0017217 0.00085814 0.0014171 0.0012526 0.0025052 0.0025601 0.0033701 0.0038154 0.0020079 0.0014583 0.0014993 0.0030884 0.003426 0.0039986 0.0035069 0.0018877 0.0017534 0.00407 0.0024511 0.0029271 -0.0011575 -0.00061923 0.00023706 0.00014061 0.00078784 -0.00022113 -0.00074748 -0.0017791 -0.0016126 -0.0018217 0.00087608 -0.0010006 0.00030745 0.00031978 0.00023721 0.0026404 0.0018322 0.00037222 0.00073703 0.0018975 0.00049152 0.002384 0.0020499 -0.00031379 0.00043439 2.5118e-05 -0.00025162 -0.0014545 -0.0027968 -0.0014307 -0.0010291 0.00057658 0.0010352 0.0016785 0.000841 0.0014352 0.00080204 0.00063222 0.00031188 -9.7385e-05 0.0015423 0.0026885 0.0017469 0.0015908 0.00067594 -0.00075327 0.0004412 0.00049405 -0.00034549 -0.0016261 -0.002156 -0.00035123 0.000478 0.0014947 0.00034642 -0.0016418 -0.0024666 -0.0024378 -0.0017311 -0.0021953 -3.8147e-05 -3.3988e-05 0.00035954 0.001277 -0.0015707 -0.0018597 -0.0010204 -0.0014981 -0.0023359 -0.0014508 -0.00056032 -0.00257 -0.0011664 -0.00028353 -0.0019938 -0.001938 -6.6551e-05 -9.4238e-05 0.00046584 -0.0010007 -0.0018888 -0.003094 -0.0026444 0.00051205 -0.001905 -0.00040103 -0.001239 -0.0034406 -0.0032193
0.25868 0.25904 0.25763 0.25433 0.24913 0.24579 0.23744 0.22637 0.21828 0.20311 0.18934 0.17776 0.16759 0.1583 0.14652 0.13495 0.12559 0.11389 0.10362 0.094294 0.085742 0.07811 0.067824 0.061684 0.056457 0.051872 0.047699 0.043738 0.037991 0.033228 0.03041 0.029405 0.028203 0.027719 0.027937 0.023205 0.020249 0.017645 0.017986 0.016701 0.016441 0.0138 0.010969 0.0091065 0.0032401 0.0022206 0.00047628 0.0019498 0.0033485 0.0045242 0.0084012 0.0078721 0.0031333 0.0016047 0.0036644 0.0031543 0.0035005 0.00071827 0.0021281 0.0010991 0.0028266 0.0050853 0.0062237 0.0067368 0.0061021 0.0074254 0.0056835 0.0066725 0.0046269 0.0064471 0.0058356 0.0067203 0.008627 0.0096445 0.011223 0.010717 0.012472 0.011628 0.011903 0.011307 0.012821 0.013348 0.012181 0.011713 0.012826 0.014474 0.018297 0.01573 0.015996 0.017793 0.020366 0.021298 0.020683 0.022391 0.023002 0.022552 0.019907 0.021194 0.021152 0.022568 0.021682 0.019784 0.022315 0.022777 0.019574 0.018427 0.01952 0.020865 0.021789 0.021937 0.019349 0.019812 0.018158 0.019327 0.018817 0.019962 0.017072 0.017929 0.019653 0.018916 0.02018 0.019185 0.01847 0.019973 0.021222 0.022367 0.020341 0.019973 0.02004 0.020175 0.016411 0.018208 0.017517 0.016513 0.014524 0.015832 0.016356 0.017815 0.019287 0.020631 0.017756 0.019187 0.019293 0.01714 0.016401 0.018993 0.019937 0.019146 0.019039 0.019165 0.0193 0.019026 0.017378 0.0191 0.021288 0.020676 0.019917 0.017402 0.016617 0.017232 0.018955 0.019837 0.020849 0.018683 0.018758 0.024107 0.022051 0.02227 0.021619 0.021696 0.019962 0.020889 0.021132 0.020061 0.022029 0.020936 0.020144 0.01948 0.017083 0.019805 0.02037 0.021331 0.021691 0.020608 0.019632 0.021889 0.022429 0.021603 0.021133 0.02096 0.024071 0.026386 0.028025 0.029697 0.028683 0.027708 0.02978 0.030283 0.032558 0.031461 0.031661 0.030951 0.031019 0.030251 0.029277 0.027631 0.029418 0.029535 0.030608 0.028909 0.025552 0.022377 0.023728 0.026681 0.025273 0.023101 0.024311 0.0251 0.025787 0.024386 0.020448 0.022937 0.020692 0.019901 0.018154 0.019294 0.021365 0.020342 0.020063 0.018927 0.017194 0.018858 0.0192 0.020651 0.019781 0.021183 0.021809 0.018874 0.017948 0.019019 0.018916 0.016962 0.018918 0.020067 0.016734 0.015218 0.014124 0.013917 0.01182 0.013891 0.011861 0.013406 0.011717 0.0093926 0.0095263 0.0094087 0.0073857 0.0097799 0.0074924 0.0067774 0.0088865 0.0070772 0.0051342 0.0063313 0.0039295 0.0066889 0.006205 0.0056771 0.0047908 0.0034191 0.00646 0.0034462 0.0040474 0.004312 0.0054172 0.0052579 0.0052721 0.0070765 0.0078574 0.0066122 0.0062194 0.0076852 0.0054084 0.0072894 0.0080415 0.006401 0.0062054 0.007407 0.0079034 0.008895 0.0068188 0.0061351 0.010356 0.011526 0.011354 0.010743 0.011034 0.0099599 0.010271 0.0078207 0.0084075 0.010247 0.0063539 0.0076989 0.0070491 0.010542 0.012282 0.0097422 0.010527 0.0088957 0.0076246 0.0084489 0.007175 0.011187 0.009558 0.0093246 0.010471 0.010969 0.010706 0.013664 0.012732 0.014338 0.016756 0.016286 0.01589 0.017354 0.017796 0.015139 0.01498 0.01529 0.018288 0.017363 0.016765 0.018736 0.020779 0.021181 0.019591 0.019748 0.019205 0.022462 0.021518 0.021227 0.021461 0.019943 0.020836 0.023124 0.020067 0.020588 0.020464 0.021477 0.023424 0.022412 0.021982 0.023346 0.024045 0.026015 0.023484 0.022662 0.021729 0.022569 0.023069 0.02172 0.021111 0.021125 0.022134 0.024031 0.023226 0.025506 0.026041 0.028167 0.02722 0.027114 0.027053 0.027491 0.028264 0.031193 0.032304 0.031857 0.030666 0.02949 0.029913 0.032419 0.03295 0.03077 0.032326 0.031439 0.029774 0.031336 0.032613 0.035237 0.033833 0.030071 0.031932 0.032454 0.029214 0.029112 0.032371 0.029773 0.026334 0.025538 0.025625 0.028776 0.028487 0.025338 0.024479 0.024301 0.02269 0.023216 0.026251 0.024581 0.023878 0.023229 0.020301 0.017865 0.018532 0.017795 0.017149 0.017605 0.014717 0.015916 0.014986 0.014278 0.015419 0.015318 0.015712 0.014078 0.014735 0.013098 0.012292 0.015318 0.012857 0.013397 0.013902 0.012436 0.012812 0.011933 0.012129 0.0092959 0.0096115 0.0094123 0.012066 0.0153 0.012141 0.0092186 0.0076365 0.0071428 0.0090191 0.0074938 0.0094368 0.00809 0.0097637 0.0080952 0.0090876 0.0075101 0.0093908 0.008595 0.0088623 0.0069095 0.0087826 0.0062089 0.0070022 0.0070656 0.0069958 0.0053696 0.0073344 0.0064971 0.0078497 0.010156 0.0068681 0.0071397 0.0096553 0.011315 0.013912 0.012736 0.014539 0.016252 0.016354 0.014648 0.016485 0.016678 0.015942 0.016739 0.016816 0.015951 0.017382 0.018108 0.017482 0.018078 0.019639 0.01966 0.0215 0.021075 0.022683 0.02368 0.022041 0.020491 0.016542 0.017005 0.01936 0.018542 0.019012 0.017768 0.01887 0.019103 0.016607 0.017113 0.013472 0.012611 0.015364 0.014676 0.015203 0.015173 0.012612 0.010912 0.0094455 0.0085275 0.011829 0.0091116 0.0081451 0.0090345 0.011736 0.0096972 0.0069041 0.005047 0.0073037 0.0083351 0.0058902 0.0036576 0.0043802 0.0053572 0.0085952 0.011074 0.0059315 0.0071843 0.004214 0.0027036 0.00038485 0.0031394 0.0052398 0.0056098 0.0044887 0.0049244 0.0059275 0.006759 0.0055747 0.0044618 0.0071899 0.0069252 0.0072463 0.0060383 0.0057281 0.0047421 0.007702 0.0091002 0.011765 0.012914 0.010506 0.01113 0.0111 0.013638 0.012509 0.013796 0.0095632 0.013172 0.011419 0.0092657 0.0095302 0.0097757 0.010524 0.010573 0.010167 0.0058841 0.0092513 0.010764 0.0096553 0.0092554 0.007911 0.0045037 0.0047612 0.0074099 0.0072757 0.0043116 0.0046324 0.0035052 0.0028954 0.00086323 0.0019408 0.0019758 0.000973 0.0024799 0.001679 0.003544 0.0055813 0.0023252 0.0018778 0.0011323 0.0033027 0.0046987 0.0047316 0.0031897 0.0014166 0.0010558 0.0043336 0.0024354 0.0034006 -0.0024629 -0.0027525 -0.0013628 -0.0016073 0.00057198 -0.00075521 -0.001284 -0.0031539 -0.0019854 -0.0020678 0.00010693 -0.0014564 0.00094592 0.00060139 0.00020364 0.0034117 0.0015915 -0.00080868 0.00023742 0.0016143 -0.00010212 0.0016472 0.00089357 -0.0021624 -0.00083599 -0.0018341 -0.0012644 -0.0025006 -0.0032353 -0.0018111 -0.0012263 0.00097782 0.0013123 0.0017928 0.0010982 0.0019576 0.001162 0.0012933 -0.00067345 -0.0001465 0.0013516 0.002427 0.0018112 0.0010719 0.00047843 -0.0014034 -4.4066e-05 0.0011817 -0.00039863 -0.0014741 -0.0016384 -0.00039183 -0.00043711 0.0025029 0.0009454 -0.002201 -0.0037518 -0.0037362 -0.0016504 -0.0025413 -0.00061566 -0.0015881 -0.0010451 0.00026846 -0.0027869 -0.0026667 -0.002492 -0.0025327 -0.0035077 -0.0019067 -0.002488 -0.0034918 -0.0015814 -0.001113 -0.0034628 -0.002693 0.00089206 -0.00054698 0.00020572 -0.0015308 -0.0019295 -0.0032755 -0.0023255 -0.00017214 -0.0026275 -0.00017894 -0.0028347
0.22113 0.22114 0.21794 0.21265 0.20347 0.19868 0.18808 0.17614 0.16888 0.15522 0.14276 0.13287 0.12362 0.11535 0.10472 0.095622 0.088684 0.078693 0.070853 0.065507 0.060267 0.055387 0.047387 0.044622 0.041424 0.037465 0.038496 0.038796 0.033456 0.028731 0.02565 0.026429 0.027259 0.026904 0.027589 0.023039 0.023576 0.021209 0.020568 0.021094 0.023879 0.019753 0.016662 0.015052 0.0078281 0.0082207 0.0072872 0.0093422 0.011237 0.013945 0.018327 0.016947 0.010214 0.011399 0.012484 0.011214 0.010903 0.0077233 0.010511 0.010605 0.011703 0.014634 0.016526 0.017777 0.017411 0.020542 0.016877 0.016764 0.014277 0.016248 0.01769 0.019421 0.023071 0.022874 0.024958 0.024113 0.027314 0.027501 0.028743 0.025965 0.029034 0.029299 0.028306 0.027123 0.029183 0.032905 0.038199 0.035908 0.037656 0.038738 0.040412 0.04084 0.040022 0.042847 0.043241 0.041213 0.036834 0.039158 0.039282 0.040512 0.039163 0.035913 0.041515 0.043165 0.036241 0.03558 0.036263 0.038433 0.038615 0.039957 0.036132 0.036232 0.03487 0.037908 0.036684 0.040437 0.035082 0.035155 0.038209 0.036591 0.037777 0.035029 0.033481 0.036455 0.036872 0.039227 0.036258 0.035564 0.03534 0.034929 0.030523 0.032812 0.030988 0.029646 0.027177 0.030867 0.032883 0.032872 0.035105 0.03756 0.034353 0.036642 0.037434 0.034449 0.032252 0.033942 0.035482 0.033378 0.033899 0.034593 0.033428 0.034022 0.031568 0.033481 0.039828 0.039016 0.037312 0.03262 0.030721 0.033858 0.035492 0.035541 0.036414 0.033503 0.03311 0.042338 0.038639 0.039619 0.037464 0.036426 0.034057 0.03559 0.036199 0.033064 0.036349 0.034127 0.033612 0.034013 0.031428 0.034824 0.037067 0.036784 0.03881 0.037284 0.03713 0.041606 0.043703 0.041408 0.040121 0.042546 0.047791 0.051394 0.053697 0.057088 0.05557 0.054192 0.057042 0.057127 0.059417 0.054528 0.054254 0.052853 0.052364 0.050684 0.04716 0.043981 0.044905 0.045242 0.045409 0.041133 0.037433 0.031376 0.03434 0.037104 0.035676 0.03358 0.034709 0.036148 0.036771 0.037965 0.0327 0.034804 0.032849 0.031552 0.032158 0.035538 0.037382 0.036405 0.036407 0.034939 0.032468 0.034232 0.034519 0.03569 0.032756 0.032894 0.031889 0.02892 0.027847 0.029514 0.029261 0.024747 0.027368 0.027234 0.021548 0.017955 0.016665 0.016172 0.012391 0.016573 0.012657 0.016164 0.01385 0.010452 0.012019 0.011371 0.0089208 0.012894 0.010221 0.0092606 0.012406 0.00897 0.0044167 0.0071718 0.0054095 0.0094616 0.0075285 0.0085065 0.0086406 0.0066131 0.011009 0.007102 0.0074606 0.0059808 0.0088267 0.0096339 0.0098732 0.01275 0.014906 0.012398 0.012739 0.014246 0.011082 0.01461 0.015272 0.015163 0.013798 0.015121 0.013703 0.016126 0.013435 0.012245 0.017233 0.017294 0.017586 0.0188 0.019917 0.017469 0.017501 0.01555 0.016859 0.018209 0.010288 0.014624 0.014666 0.019079 0.022145 0.01925 0.021919 0.017914 0.014197 0.01635 0.014471 0.021578 0.018375 0.017961 0.019841 0.021354 0.021687 0.026293 0.023354 0.025011 0.028729 0.029926 0.028845 0.031887 0.032954 0.027693 0.027259 0.027506 0.033852 0.032953 0.032004 0.032286 0.035254 0.038126 0.034504 0.035077 0.034392 0.038905 0.036622 0.036724 0.033536 0.030918 0.034808 0.037452 0.032843 0.033154 0.034619 0.034428 0.036851 0.035633 0.03451 0.035468 0.03732 0.041557 0.038213 0.037256 0.035218 0.034667 0.036984 0.035482 0.035681 0.036215 0.038408 0.041432 0.040831 0.045087 0.047286 0.049695 0.049923 0.04853 0.047467 0.046769 0.048048 0.052215 0.052769 0.05202 0.049896 0.047506 0.0486 0.05296 0.052702 0.05091 0.051495 0.049715 0.046898 0.047893 0.048706 0.052505 0.05072 0.04433 0.045577 0.043637 0.037984 0.038927 0.04194 0.036141 0.032077 0.030204 0.032132 0.036469 0.0353 0.030748 0.028698 0.029214 0.025661 0.025443 0.031013 0.029265 0.028425 0.02844 0.025229 0.020673 0.021293 0.021593 0.02017 0.01987 0.016097 0.019659 0.0192 0.017901 0.019233 0.018048 0.019283 0.017791 0.018745 0.017582 0.016871 0.021168 0.017366 0.018303 0.020134 0.017752 0.018223 0.017602 0.017294 0.012483 0.011187 0.011885 0.017749 0.021142 0.017109 0.01324 0.01115 0.010629 0.013087 0.01085 0.013797 0.010119 0.013956 0.010908 0.01289 0.01057 0.014003 0.013236 0.014574 0.013428 0.016154 0.012918 0.015246 0.015115 0.014601 0.011136 0.013506 0.014222 0.015785 0.017034 0.015335 0.01548 0.018784 0.02285 0.026488 0.027331 0.028609 0.031141 0.03136 0.029144 0.032368 0.034351 0.035001 0.037322 0.039517 0.039471 0.042148 0.042135 0.041926 0.040904 0.041109 0.040882 0.041632 0.039537 0.038415 0.038894 0.036836 0.033314 0.026607 0.026201 0.028397 0.029033 0.029736 0.026655 0.02693 0.024819 0.021512 0.02226 0.017276 0.016992 0.019903 0.018968 0.019582 0.018556 0.014563 0.014507 0.012517 0.0093061 0.015363 0.01028 0.0072004 0.0083986 0.013472 0.010699 0.0075448 0.0050632 0.0088921 0.01004 0.0082532 0.00573 0.0077066 0.007453 0.013862 0.017421 0.010584 0.010318 0.0073812 0.0054126 0.001862 0.0081929 0.009666 0.010727 0.011 0.011296 0.014097 0.014408 0.010977 0.0083969 0.012263 0.014166 0.012822 0.012259 0.011656 0.011106 0.016072 0.017829 0.021149 0.0222 0.019261 0.019549 0.019178 0.022064 0.020382 0.020086 0.013264 0.018576 0.017038 0.013629 0.013404 0.01416 0.014812 0.012428 0.012483 0.0066282 0.010669 0.010635 0.010542 0.013308 0.011666 0.0078462 0.0090279 0.0092652 0.009424 0.0053466 0.0051742 0.0031244 -0.00037866 -0.0022271 0.0025135 0.0020065 0.00022135 0.0016279 -0.00059319 0.0027837 0.0077101 0.0023947 0.0021371 -0.00069867 0.0022047 0.0062419 0.0048229 0.002298 -0.00046946 9.8429e-05 0.0043918 0.0017117 0.0041347 -0.0043263 -0.0058114 -0.0030741 -0.004112 0.00044507 -0.00085934 -0.0015601 -0.004795 -0.0027016 -0.0022634 -0.0010439 -0.0025661 0.0010943 0.0007134 -0.00075369 0.0043038 0.0014013 -0.0021607 -0.0008398 0.0012256 -0.00099819 0.00026237 -0.001255 -0.0055714 -0.0033093 -0.0054643 -0.0031707 -0.0044808 -0.003851 -0.0025135 -0.0015559 0.0017688 0.0024233 0.0014703 0.0007495 0.0025184 0.0013301 0.0020184 -0.0026918 -0.0013783 -0.00011023 0.0012355 0.00063833 -0.00073025 -0.0010537 -0.0030342 -0.00042721 0.0023479 -0.00065316 -0.00088038 -0.0004322 0.0001383 -0.002162 0.0031994 0.00088958 -0.0034775 -0.0058874 -0.0052631 -0.0014594 -0.0034615 -0.0030973 -0.0058322 -0.0038564 -0.0015431 -0.0045801 -0.0042441 -0.0053173 -0.0045061 -0.0053293 -0.0021053 -0.0058807 -0.0058184 -0.0025555 -0.0030202 -0.0058674 -0.0037102 0.0015207 -0.0019018 -0.00033059 -0.0024334 -0.0038152 -0.00455 -0.0023783 -0.0023933 -0.0041055 -0.00061147 -0.0058982
0.1077 0.11596 0.11836 0.11769 0.11061 0.1065 0.10791 0.10553 0.1018 0.092101 0.087779 0.080231 0.073716 0.070603 0.06333 0.056738 0.053927 0.049002 0.044869 0.039988 0.036602 0.034384 0.02941 0.02665 0.027501 0.026693 0.024729 0.023156 0.025254 0.025288 0.022285 0.028658 0.032393 0.029588 0.02621 0.023322 0.025339 0.026884 0.025125 0.024594 0.022886 0.027926 0.025643 0.023098 0.02576 0.031001 0.025461 0.023899 0.022563 0.017021 0.018051 0.018659 0.020706 0.022986 0.027333 0.030509 0.029497 0.022971 0.0273 0.025363 0.023205 0.022181 0.020497 0.023714 0.024416 0.024693 0.025999 0.027608 0.030188 0.029672 0.033707 0.030223 0.027889 0.026776 0.027945 0.03259 0.034042 0.037709 0.036535 0.038991 0.03871 0.042778 0.044472 0.047406 0.042014 0.045214 0.045914 0.046752 0.044882 0.047794 0.052726 0.058445 0.05877 0.061041 0.059889 0.05823 0.05762 0.056116 0.058966 0.058476 0.054863 0.050039 0.051749 0.05259 0.053336 0.052698 0.048907 0.056275 0.058911 0.049914 0.052387 0.051774 0.052761 0.052322 0.056357 0.051072 0.050529 0.050928 0.055012 0.052509 0.057552 0.051172 0.048356 0.051407 0.049775 0.050359 0.045699 0.043349 0.046762 0.046227 0.049894 0.047026 0.046879 0.046447 0.045014 0.040797 0.043418 0.041641 0.040563 0.039851 0.044991 0.048234 0.046245 0.048527 0.052151 0.050235 0.052979 0.055032 0.051392 0.045741 0.046194 0.047324 0.043553 0.044839 0.045116 0.044116 0.044443 0.040997 0.044395 0.055362 0.055739 0.052424 0.046951 0.043918 0.049312 0.050354 0.04932 0.048931 0.044831 0.04409 0.055037 0.050374 0.05177 0.046698 0.043399 0.042152 0.042418 0.042872 0.038664 0.04258 0.039849 0.040723 0.043329 0.042136 0.047166 0.05075 0.049721 0.05479 0.054783 0.055012 0.060513 0.065382 0.06232 0.061548 0.067321 0.072416 0.076257 0.079852 0.085752 0.082847 0.079423 0.08004 0.077938 0.075976 0.065767 0.063548 0.061843 0.058845 0.056846 0.051409 0.048084 0.046521 0.046877 0.04552 0.03966 0.038961 0.031704 0.034484 0.037282 0.037776 0.036128 0.037829 0.041149 0.042171 0.045525 0.040656 0.042142 0.041461 0.039623 0.044735 0.050558 0.049502 0.048577 0.047767 0.046157 0.042825 0.043324 0.043775 0.043615 0.038945 0.036631 0.032752 0.030538 0.030547 0.031657 0.030289 0.024233 0.026591 0.02458 0.018739 0.013595 0.013116 0.013304 0.0088855 0.014587 0.0093106 0.014403 0.010696 0.0075953 0.010889 0.010449 0.0083639 0.013821 0.011538 0.011186 0.014359 0.011173 0.0049449 0.0072745 0.0079378 0.01204 0.0086179 0.012153 0.012719 0.009793 0.014613 0.012281 0.011501 0.008026 0.012278 0.014232 0.013643 0.017119 0.0198 0.016535 0.017957 0.017824 0.014885 0.019481 0.020108 0.021895 0.018788 0.020277 0.01703 0.020152 0.017573 0.016905 0.021639 0.019721 0.020922 0.024351 0.025062 0.020777 0.021763 0.021986 0.023915 0.026126 0.014928 0.019866 0.021621 0.027145 0.030644 0.027222 0.03101 0.025271 0.020651 0.024538 0.022109 0.029767 0.025679 0.025398 0.028507 0.030209 0.031729 0.036232 0.031573 0.033505 0.037025 0.0412 0.038965 0.043372 0.045733 0.038605 0.037242 0.037884 0.04557 0.045161 0.044896 0.042588 0.044587 0.049666 0.043751 0.044992 0.045674 0.049457 0.046376 0.04687 0.040527 0.037694 0.043481 0.044771 0.041416 0.041653 0.044641 0.043165 0.044784 0.043688 0.042782 0.043033 0.045425 0.050159 0.048262 0.048615 0.045776 0.043914 0.048244 0.046641 0.047782 0.048267 0.052264 0.054425 0.054641 0.060935 0.065812 0.067988 0.069183 0.065352 0.062945 0.062048 0.063132 0.065918 0.064332 0.062476 0.060225 0.058955 0.061013 0.064837 0.062046 0.060347 0.059299 0.056384 0.052659 0.051578 0.051538 0.05547 0.053484 0.04559 0.045948 0.042449 0.035262 0.036637 0.035844 0.029144 0.027608 0.024559 0.028849 0.032573 0.031324 0.027588 0.023787 0.025719 0.021232 0.018397 0.026454 0.024884 0.025093 0.025536 0.024856 0.018519 0.017638 0.020149 0.01932 0.018666 0.015276 0.02036 0.01921 0.020187 0.020484 0.018648 0.01998 0.019452 0.020199 0.02066 0.020106 0.024849 0.021327 0.021896 0.024892 0.021812 0.021992 0.022811 0.021462 0.016283 0.01294 0.014204 0.021548 0.023495 0.019611 0.016205 0.015023 0.013651 0.016553 0.014434 0.015678 0.011326 0.017586 0.014081 0.015863 0.014681 0.018969 0.019457 0.021968 0.023081 0.027126 0.024572 0.027398 0.026408 0.026526 0.022687 0.023877 0.027049 0.027598 0.025865 0.027038 0.027695 0.030999 0.036439 0.038804 0.042947 0.044083 0.046074 0.047875 0.046532 0.052251 0.057459 0.062754 0.069322 0.07365 0.074943 0.07774 0.076077 0.075966 0.071119 0.066796 0.064203 0.059757 0.05468 0.047557 0.046119 0.044595 0.039667 0.032072 0.03024 0.030445 0.032945 0.033249 0.029148 0.026758 0.023206 0.02037 0.020563 0.01525 0.015435 0.018058 0.016255 0.015858 0.014375 0.010828 0.013384 0.011548 0.0056355 0.012699 0.0067187 0.0015795 0.0025876 0.0093678 0.0061017 0.0032982 0.0022575 0.0068329 0.0078934 0.0087254 0.0077567 0.0095401 0.0075913 0.015938 0.020225 0.013374 0.011516 0.010878 0.010333 0.0065176 0.014923 0.014561 0.015413 0.017794 0.01986 0.024674 0.023165 0.018442 0.014051 0.017496 0.022023 0.018784 0.020408 0.019991 0.02001 0.024025 0.024821 0.028031 0.027733 0.024889 0.025516 0.024617 0.025696 0.022727 0.020946 0.013008 0.01767 0.017481 0.014123 0.013041 0.014244 0.012976 0.008355 0.009483 0.0031495 0.0059181 0.0045371 0.0054786 0.010453 0.0099119 0.007651 0.010493 0.0064032 0.0069576 0.0030576 0.0019383 -0.00065616 -0.0059445 -0.0070188 0.00030335 -0.00032528 -0.0016187 -0.0010008 -0.0041281 -0.00043149 0.0061324 0.00040955 0.00035809 -0.0046149 -0.0016439 0.0048819 0.0015536 -0.0010607 -0.0047875 -0.0016355 0.0021616 -0.0014129 0.0025414 -0.005673 -0.0079564 -0.0037508 -0.0058289 -0.00020871 -0.00034237 -0.0014972 -0.0056167 -0.003413 -0.0018918 -0.0023492 -0.0040824 -0.0011414 -0.00054718 -0.0032098 0.0031871 5.7313e-05 -0.0024666 -0.0021205 7.9876e-05 -0.0017774 -0.0016924 -0.0038896 -0.0086661 -0.006397 -0.0093103 -0.004894 -0.0059525 -0.0032957 -0.0026501 -0.0018315 0.0020236 0.0033103 -0.00053018 -0.0010863 0.001734 -0.00027243 0.0010353 -0.0044785 -0.0041151 -0.0039103 -0.0019213 -0.0027305 -0.0039685 -0.0043948 -0.0056521 -0.00095895 0.0023333 -0.0012195 0.00030502 0.0012377 0.0015532 -0.0037994 0.0011478 -0.0010784 -0.0052293 -0.0072374 -0.0052913 -0.00064536 -0.0037477 -0.0068485 -0.010757 -0.0061164 -0.0035142 -0.0051126 -0.0053293 -0.0076652 -0.0059478 -0.0057845 -0.0014822 -0.0087204 -0.0081002 -0.0037175 -0.0053418 -0.0075236 -0.0041509 0.00013101 -0.0037587 -0.0011228 -0.0027359 -0.0070391 -0.0065923
0.026177 0.030255 0.027676 0.025605 0.019441 0.017613 0.021019 0.021043 0.021305 0.014536 0.011353 0.0098125 0.010831 0.011341 0.008751 0.0076131 0.010434 0.0097806 0.0096232 0.010671 0.010842 0.011704 0.01083 0.010916 0.015588 0.016404 0.014788 0.018724 0.023045 0.025091 0.022557 0.029468 0.03238 0.03255 0.030893 0.028537 0.030946 0.031319 0.027583 0.024819 0.026328 0.032518 0.030866 0.026685 0.030395 0.035279 0.029908 0.030445 0.028776 0.026717 0.027026 0.029046 0.030928 0.033539 0.038738 0.040157 0.040487 0.036501 0.041077 0.037082 0.034501 0.033756 0.034398 0.036051 0.03561 0.035825 0.034536 0.034621 0.038563 0.036889 0.039995 0.038804 0.035072 0.035553 0.035953 0.042515 0.042613 0.044415 0.043367 0.04621 0.047623 0.051344 0.054196 0.058202 0.051491 0.052902 0.05553 0.059016 0.056915 0.059693 0.064699 0.069597 0.072905 0.073521 0.070242 0.065893 0.06436 0.061761 0.062831 0.061406 0.058004 0.054855 0.054275 0.05593 0.056565 0.05728 0.054315 0.06041 0.062831 0.055498 0.062167 0.060702 0.059541 0.059723 0.066306 0.059815 0.058214 0.059743 0.06245 0.058693 0.062356 0.056758 0.050706 0.052032 0.051467 0.051543 0.046248 0.044059 0.046631 0.045817 0.049945 0.047925 0.049102 0.048716 0.046669 0.042566 0.045232 0.044806 0.044523 0.046722 0.050722 0.054063 0.051902 0.053584 0.05849 0.058833 0.061757 0.063969 0.059372 0.049761 0.049723 0.049483 0.045164 0.04677 0.04505 0.04615 0.04524 0.041776 0.047488 0.060258 0.062579 0.058216 0.054498 0.051226 0.05669 0.057121 0.05575 0.05459 0.04956 0.048057 0.056833 0.05209 0.052406 0.044777 0.0397 0.040208 0.037958 0.037784 0.03475 0.03838 0.035811 0.038803 0.043732 0.044148 0.051312 0.054962 0.054922 0.062666 0.06611 0.065967 0.071366 0.078172 0.075752 0.078056 0.084452 0.086499 0.089526 0.095731 0.10387 0.099196 0.092379 0.086841 0.080599 0.071927 0.057878 0.052681 0.051044 0.045285 0.043782 0.039318 0.037538 0.033967 0.034134 0.032385 0.027211 0.030834 0.025336 0.024861 0.028657 0.033031 0.031922 0.035074 0.039872 0.041594 0.044478 0.041421 0.043596 0.044226 0.042215 0.050676 0.057005 0.051915 0.050212 0.047156 0.045418 0.041502 0.040344 0.041223 0.03997 0.034879 0.031038 0.025641 0.024399 0.025829 0.024708 0.021647 0.016603 0.017432 0.015037 0.011413 0.0065986 0.0074375 0.0093113 0.0053659 0.010881 0.0059332 0.011226 0.0060715 0.0034697 0.0071006 0.0080932 0.0069828 0.013285 0.01158 0.012431 0.014406 0.013072 0.008042 0.0083701 0.011156 0.014262 0.010668 0.015966 0.015778 0.012111 0.01731 0.017156 0.014567 0.010866 0.014982 0.016949 0.014311 0.017936 0.019826 0.016631 0.018929 0.016023 0.014371 0.018484 0.019165 0.021648 0.017287 0.019533 0.016299 0.018956 0.017131 0.017437 0.021555 0.018752 0.020803 0.025291 0.024548 0.019228 0.021933 0.02383 0.02583 0.030171 0.019411 0.021044 0.024392 0.030638 0.03322 0.028703 0.031477 0.026497 0.023768 0.028461 0.02657 0.031475 0.028173 0.028118 0.032306 0.032741 0.035311 0.038324 0.033516 0.036105 0.038021 0.044088 0.041321 0.045766 0.050021 0.043415 0.040855 0.041915 0.047738 0.047838 0.048559 0.045212 0.044712 0.049548 0.042321 0.044234 0.047754 0.049365 0.047146 0.047489 0.041159 0.038959 0.043176 0.042594 0.042058 0.043374 0.046542 0.044769 0.045204 0.044189 0.044076 0.044248 0.046004 0.048907 0.049959 0.052517 0.050105 0.048378 0.053151 0.051423 0.05246 0.052483 0.057605 0.05771 0.059208 0.066031 0.073367 0.075226 0.075976 0.070084 0.066977 0.066904 0.066695 0.066093 0.06212 0.059052 0.057561 0.059262 0.061631 0.062169 0.056441 0.054291 0.051822 0.047819 0.043619 0.040979 0.041012 0.043854 0.042023 0.03479 0.035064 0.032985 0.026513 0.026786 0.021038 0.016722 0.019419 0.015192 0.019959 0.022045 0.021741 0.021167 0.016317 0.01965 0.016029 0.0096113 0.018125 0.016588 0.018401 0.01859 0.021422 0.014437 0.011867 0.016465 0.016714 0.017654 0.015647 0.019821 0.016747 0.022296 0.020719 0.019044 0.0197 0.020254 0.020711 0.022121 0.021572 0.025828 0.023886 0.023488 0.027273 0.024016 0.023256 0.025545 0.024119 0.020247 0.01612 0.01679 0.02292 0.02318 0.020249 0.018103 0.018728 0.016052 0.019143 0.018342 0.016015 0.013265 0.020213 0.017817 0.018617 0.019091 0.023336 0.025952 0.028687 0.032309 0.038256 0.037129 0.039473 0.03794 0.039236 0.037118 0.035856 0.039742 0.038701 0.034723 0.036821 0.038067 0.041016 0.04534 0.044954 0.051132 0.05294 0.053783 0.058201 0.059076 0.067703 0.076301 0.088286 0.10006 0.10623 0.10837 0.10998 0.10704 0.10524 0.096439 0.08646 0.078982 0.066689 0.058774 0.046011 0.04208 0.040988 0.036531 0.030478 0.027976 0.025872 0.028577 0.027926 0.024904 0.020064 0.017448 0.015362 0.014221 0.0089653 0.0087664 0.012028 0.0087511 0.0067041 0.0059843 0.0042178 0.008219 0.0077478 0.00056158 0.0058993 0.00079435 -0.0044451 -0.0034382 0.0028494 -0.00052247 -0.0029791 -0.00084577 0.0031894 0.0041799 0.0079731 0.0092785 0.0093311 0.0065343 0.013712 0.018266 0.013208 0.011335 0.013566 0.015634 0.012552 0.0195 0.01777 0.017611 0.021157 0.025961 0.031438 0.028294 0.024777 0.020115 0.021967 0.027019 0.023788 0.026725 0.026664 0.02675 0.027223 0.025997 0.028439 0.026313 0.023989 0.025602 0.024021 0.022783 0.01843 0.016026 0.0095633 0.011667 0.012417 0.010319 0.0082373 0.0099146 0.0064202 0.0019439 0.0040243 -0.0019213 -0.001394 -0.0025932 -0.0017765 0.0016137 0.0032547 0.0028321 0.0070432 -0.0001945 0.00054809 -0.0017833 -0.0030786 -0.0057229 -0.009541 -0.0097226 -0.0038321 -0.0043264 -0.0038711 -0.0039268 -0.0065629 -0.0043342 0.00082266 -0.0031556 -0.0033651 -0.0081968 -0.0053571 0.0009575 -0.0032262 -0.0056557 -0.0091928 -0.0038431 -0.0011484 -0.0056429 -0.0013566 -0.0065267 -0.0086666 -0.0039331 -0.0061438 -0.001552 -0.0002776 -0.0023968 -0.0063913 -0.0044952 -0.0021842 -0.0035672 -0.0059173 -0.0054508 -0.0036171 -0.0062858 0.00011398 -0.0027717 -0.0017217 -0.0027273 -0.0016896 -0.0022798 -0.0028915 -0.0053148 -0.0096369 -0.0087972 -0.011209 -0.0053956 -0.0060743 -0.0022329 -0.0023129 -0.0025992 0.0010495 0.0028218 -0.0030888 -0.0030004 0.00013959 -0.0030363 -0.0015193 -0.0043829 -0.0067139 -0.0081125 -0.0052916 -0.0059638 -0.0062229 -0.0072099 -0.0080465 -0.0018202 0.00015443 -0.0020373 0.00085867 0.0015696 0.0026298 -0.0041918 -0.0029573 -0.0039975 -0.0073653 -0.0076392 -0.0045391 -5.3477e-05 -0.003191 -0.0090494 -0.012121 -0.0056945 -0.0043395 -0.0041156 -0.0055616 -0.0080699 -0.0060667 -0.0049615 -0.0015547 -0.0094896 -0.0090337 -0.0045069 -0.0066924 -0.00788 -0.0045731 -0.0027541 -0.0049329 -0.0020002 -0.0023408 -0.0091644 -0.0085879
-0.0015477 0.00057544 -0.0037683 -0.0045522 -0.0078228 -0.0054027 -0.0015914 -0.00052687 0.0027874 -0.00087084 -0.0039648 -0.0010514 0.0045609 0.0059133 0.0038428 0.0049022 0.0081115 0.0099819 0.011911 0.015983 0.016335 0.017839 0.018905 0.018453 0.024042 0.024253 0.021583 0.027551 0.031115 0.03372 0.031488 0.035445 0.035077 0.037317 0.036864 0.035423 0.038093 0.037033 0.032488 0.028538 0.031455 0.035157 0.035045 0.030152 0.033824 0.036895 0.033409 0.034774 0.03218 0.032895 0.032492 0.035444 0.037252 0.040029 0.045237 0.045903 0.047216 0.046541 0.048671 0.045252 0.042792 0.043375 0.045425 0.044668 0.042036 0.042307 0.039929 0.038238 0.042478 0.039074 0.040564 0.041618 0.03837 0.038795 0.038979 0.045654 0.044757 0.044551 0.044006 0.047114 0.050666 0.053452 0.056673 0.060339 0.054082 0.053439 0.058379 0.063783 0.061946 0.063638 0.068569 0.072318 0.076838 0.074704 0.070794 0.06659 0.06455 0.061309 0.060023 0.058124 0.056348 0.05617 0.053111 0.054723 0.055771 0.057181 0.055395 0.058735 0.060332 0.056811 0.065965 0.06491 0.063064 0.064695 0.072065 0.065335 0.062253 0.062658 0.062353 0.057745 0.059127 0.05493 0.047112 0.04593 0.046541 0.046639 0.042461 0.041356 0.042693 0.042167 0.045445 0.044384 0.046278 0.046077 0.044538 0.039878 0.042323 0.043068 0.043632 0.047832 0.049359 0.051963 0.051579 0.052515 0.058958 0.061674 0.064901 0.06561 0.059783 0.04767 0.04738 0.045681 0.042128 0.043619 0.0393 0.042635 0.04073 0.038599 0.046169 0.05742 0.06085 0.056622 0.056216 0.053778 0.057465 0.05769 0.056611 0.056358 0.051491 0.048679 0.052964 0.048363 0.046708 0.0383 0.03263 0.033691 0.029861 0.029282 0.0285 0.031473 0.028846 0.033571 0.039936 0.040977 0.049088 0.051861 0.053704 0.062915 0.069608 0.069191 0.074757 0.081666 0.080554 0.087108 0.090704 0.089826 0.091808 0.10133 0.11076 0.10528 0.095161 0.082392 0.071538 0.057497 0.042466 0.034838 0.033184 0.026703 0.025727 0.024054 0.024163 0.020127 0.019656 0.019168 0.015787 0.021882 0.019244 0.014504 0.019479 0.027706 0.027203 0.031511 0.036203 0.038397 0.039539 0.038452 0.041964 0.043136 0.041575 0.050614 0.055461 0.048006 0.045097 0.039474 0.03784 0.034008 0.031967 0.033332 0.032029 0.026982 0.023568 0.019093 0.018421 0.02028 0.016442 0.012272 0.0094362 0.007953 0.0072324 0.0059512 0.0027036 0.0043735 0.0079995 0.0045141 0.0088692 0.0049831 0.0096115 0.0042532 0.00096364 0.0032049 0.0058661 0.005877 0.012277 0.011153 0.013099 0.013353 0.013332 0.011692 0.010492 0.013685 0.015905 0.012963 0.018426 0.017563 0.013618 0.019832 0.020367 0.016115 0.013864 0.016748 0.017647 0.01264 0.016462 0.017271 0.014495 0.017289 0.011982 0.0118 0.01431 0.015063 0.017146 0.012499 0.015566 0.013574 0.015866 0.014848 0.015403 0.018868 0.016825 0.019753 0.024693 0.022676 0.017649 0.021082 0.022928 0.024737 0.030161 0.022888 0.020017 0.024168 0.029703 0.030942 0.025512 0.025901 0.023412 0.023598 0.027895 0.027833 0.029488 0.027814 0.027468 0.031877 0.030501 0.03343 0.035316 0.031421 0.034311 0.034724 0.040627 0.038913 0.042386 0.048302 0.043757 0.04048 0.041254 0.044206 0.044882 0.045633 0.042845 0.040259 0.042862 0.035628 0.038195 0.044547 0.044124 0.043749 0.043725 0.039466 0.037686 0.038507 0.037042 0.038091 0.041224 0.043681 0.042223 0.042382 0.041132 0.041109 0.042105 0.042936 0.0437 0.047088 0.051303 0.050087 0.049305 0.052918 0.051703 0.051662 0.051208 0.056028 0.055027 0.058109 0.063868 0.072217 0.074001 0.073405 0.066737 0.064105 0.064485 0.062478 0.059179 0.054203 0.05057 0.049778 0.053742 0.055865 0.052509 0.045004 0.042849 0.039462 0.034833 0.030582 0.027715 0.028617 0.030005 0.028518 0.023219 0.024039 0.024951 0.020991 0.019376 0.010908 0.0098393 0.015483 0.010212 0.013158 0.014002 0.014909 0.017748 0.012951 0.016853 0.015039 0.0058246 0.012292 0.010888 0.013699 0.013551 0.01849 0.011495 0.0083804 0.01371 0.014199 0.018293 0.017825 0.019917 0.015173 0.02443 0.021111 0.019747 0.019761 0.021033 0.02167 0.022241 0.021811 0.024969 0.02417 0.023138 0.027564 0.024819 0.022736 0.025307 0.025357 0.022731 0.019405 0.019065 0.023225 0.022571 0.020756 0.019407 0.021301 0.017984 0.020749 0.021777 0.016981 0.016311 0.021457 0.020869 0.02151 0.02221 0.02604 0.030387 0.032475 0.037828 0.04555 0.045792 0.047759 0.046596 0.048782 0.048849 0.045318 0.047474 0.045457 0.041009 0.041399 0.042723 0.0454 0.047445 0.045059 0.05121 0.05366 0.05425 0.060611 0.063648 0.074578 0.085519 0.10297 0.11861 0.12682 0.12926 0.1295 0.12655 0.12163 0.11063 0.096869 0.084037 0.064777 0.055337 0.040348 0.034366 0.032961 0.029968 0.025962 0.023975 0.020648 0.021685 0.02038 0.019277 0.013806 0.012718 0.010818 0.0085434 0.0028189 0.0015943 0.0064787 0.002025 -0.0011766 -0.000708 -0.0011113 0.0024972 0.0038589 -0.0026951 0.00018303 -0.0036832 -0.0072608 -0.0055672 -0.0015271 -0.0046072 -0.0068822 -0.0021872 0.00080592 0.0020222 0.007315 0.0095631 0.0082356 0.0059015 0.0098226 0.01417 0.011549 0.010842 0.014648 0.018614 0.016441 0.020221 0.018484 0.017642 0.02108 0.027336 0.03196 0.02846 0.027706 0.024778 0.025498 0.028638 0.027275 0.029195 0.02921 0.029182 0.026624 0.023565 0.024963 0.02163 0.019971 0.022212 0.019828 0.017505 0.012622 0.0099571 0.006281 0.0063876 0.0065985 0.0054798 0.0025229 0.0045767 0.00028948 -0.0020848 0.00016672 -0.0051067 -0.0061178 -0.0062844 -0.006358 -0.0070345 -0.0035328 -0.0034243 0.0013198 -0.0065908 -0.0060231 -0.0064784 -0.0068831 -0.0095313 -0.010121 -0.0092573 -0.0073168 -0.0079651 -0.0056614 -0.0060479 -0.0073523 -0.0073423 -0.0051593 -0.006489 -0.0072457 -0.0095394 -0.006465 -0.0028297 -0.0065615 -0.0094478 -0.011541 -0.0061545 -0.003794 -0.0088223 -0.0053669 -0.0073768 -0.0090066 -0.0049557 -0.0062299 -0.0032032 -0.0014002 -0.004543 -0.00758 -0.00591 -0.0038701 -0.004869 -0.0077334 -0.0094441 -0.0074148 -0.0089039 -0.0035837 -0.0063281 -0.0011466 -0.0029037 -0.0038653 -0.0029123 -0.0033193 -0.0055824 -0.0090602 -0.010118 -0.010996 -0.0050201 -0.0053332 -0.0016861 -0.002181 -0.0041183 -0.00098673 0.00097448 -0.0048225 -0.0035032 -0.0009625 -0.0049294 -0.0036675 -0.0030763 -0.007799 -0.010545 -0.0074136 -0.0071213 -0.0062152 -0.0077563 -0.0088167 -0.002699 -0.0031466 -0.0028755 0.00031796 0.00043284 0.0021955 -0.0037692 -0.00668 -0.0062977 -0.0091927 -0.0075856 -0.0042638 -0.00048325 -0.002546 -0.0086287 -0.0092357 -0.0035483 -0.0042606 -0.0027627 -0.0053613 -0.0070878 -0.0051929 -0.004246 -0.0033419 -0.0089511 -0.0084448 -0.0044046 -0.0067289 -0.0075106 -0.0055218 -0.0050977 -0.0051514 -0.0031 -0.0019677 -0.0087708 -0.0090686
0.010458 0.011714 0.0068363 0.0073014 0.0065201 0.012039 0.014319 0.014091 0.018441 0.016111 0.011617 0.016165 0.022631 0.022776 0.01911 0.019588 0.019639 0.0227 0.025199 0.029619 0.028676 0.02962 0.031776 0.029065 0.034359 0.03393 0.030514 0.036194 0.037803 0.04057 0.038754 0.03981 0.036421 0.039894 0.039762 0.039514 0.042434 0.040529 0.036472 0.033109 0.035812 0.03582 0.037514 0.032641 0.035798 0.03762 0.036653 0.037139 0.033363 0.035341 0.035427 0.0388 0.040382 0.042956 0.047988 0.049176 0.050723 0.053129 0.052465 0.051161 0.048994 0.051576 0.053757 0.05112 0.04639 0.045834 0.044436 0.041451 0.044524 0.039364 0.039805 0.042085 0.040382 0.039173 0.039413 0.045639 0.045031 0.043663 0.043131 0.04608 0.051512 0.053544 0.056528 0.059078 0.054419 0.052748 0.059184 0.065348 0.063943 0.064308 0.069601 0.072647 0.076665 0.072318 0.069111 0.067043 0.064745 0.061808 0.058939 0.05683 0.056767 0.059699 0.054731 0.055251 0.05678 0.057842 0.056575 0.057724 0.05907 0.059365 0.068631 0.068923 0.068436 0.071497 0.077994 0.072021 0.067336 0.064874 0.061473 0.05622 0.056248 0.053146 0.044883 0.041062 0.042285 0.042855 0.041009 0.041255 0.041382 0.041231 0.042723 0.042631 0.04388 0.043748 0.043657 0.03795 0.040117 0.041069 0.042253 0.047126 0.046575 0.048234 0.050115 0.050344 0.058493 0.06382 0.067691 0.066038 0.059039 0.046129 0.045141 0.042267 0.039676 0.041 0.034341 0.038928 0.036607 0.036375 0.045148 0.053524 0.05671 0.053214 0.056378 0.055421 0.056878 0.057438 0.05661 0.058345 0.054666 0.050525 0.049984 0.045377 0.041968 0.034198 0.028187 0.028319 0.024682 0.024392 0.025608 0.027887 0.024372 0.029975 0.036821 0.037693 0.045158 0.046681 0.050107 0.060282 0.068771 0.068722 0.075223 0.081401 0.081292 0.091511 0.090896 0.089753 0.091046 0.10389 0.11382 0.10893 0.096154 0.077676 0.062756 0.045571 0.031519 0.022519 0.020566 0.01573 0.014646 0.015301 0.01674 0.012897 0.010978 0.012484 0.0106 0.017006 0.016326 0.0085604 0.014029 0.024796 0.024869 0.02894 0.032622 0.034869 0.035305 0.035831 0.039783 0.040825 0.040223 0.048165 0.050849 0.043535 0.039869 0.03226 0.031141 0.027891 0.025858 0.027687 0.026968 0.021551 0.019744 0.017474 0.01666 0.017681 0.011927 0.0077343 0.0064068 0.002379 0.004487 0.0043182 0.0024827 0.0043248 0.0090584 0.0053643 0.0089589 0.0052954 0.0091987 0.0051372 9.4358e-05 0.00016619 0.0038581 0.0048672 0.010936 0.010858 0.013458 0.011853 0.011809 0.014165 0.012483 0.014874 0.016968 0.014311 0.019113 0.018721 0.014694 0.022082 0.022072 0.016818 0.016324 0.017949 0.017788 0.010547 0.014802 0.015077 0.012595 0.015639 0.0089601 0.00982 0.01069 0.011648 0.012939 0.0084867 0.011735 0.010851 0.01398 0.013377 0.013371 0.015952 0.015273 0.019518 0.025658 0.023011 0.019082 0.021518 0.022353 0.024279 0.028631 0.025529 0.019382 0.023931 0.027215 0.027536 0.02205 0.020035 0.020007 0.022363 0.026 0.028082 0.028111 0.027706 0.026363 0.030178 0.027308 0.030236 0.032078 0.029049 0.031284 0.031315 0.036116 0.036898 0.039166 0.046004 0.043316 0.040058 0.039705 0.040806 0.04255 0.042199 0.039839 0.036624 0.036674 0.030214 0.03346 0.041894 0.040037 0.041199 0.041197 0.038633 0.036547 0.034739 0.033412 0.034145 0.038706 0.04061 0.03942 0.040257 0.038414 0.03738 0.03974 0.040189 0.039956 0.044256 0.049068 0.049 0.048863 0.050954 0.051384 0.050076 0.048961 0.052628 0.051948 0.056817 0.061195 0.068993 0.070842 0.069023 0.062382 0.061048 0.06096 0.057106 0.053039 0.04867 0.044946 0.044196 0.048665 0.050733 0.044317 0.036303 0.035147 0.031133 0.026493 0.022572 0.019858 0.021357 0.02169 0.020234 0.016872 0.018192 0.021613 0.020953 0.017582 0.0089259 0.010214 0.016659 0.010697 0.010743 0.010885 0.012997 0.018007 0.013687 0.017269 0.017349 0.0064251 0.0095332 0.0087366 0.011707 0.011759 0.017254 0.010004 0.0073441 0.011976 0.012012 0.019651 0.020466 0.020982 0.015712 0.026533 0.021756 0.020216 0.019959 0.021577 0.023102 0.021738 0.021957 0.023733 0.022676 0.021702 0.026669 0.02496 0.021594 0.023408 0.025795 0.023234 0.021477 0.020768 0.023699 0.022818 0.0219 0.020436 0.022686 0.01962 0.021441 0.024153 0.019259 0.019798 0.021482 0.022395 0.024216 0.023899 0.027087 0.032156 0.03338 0.039847 0.048837 0.050339 0.052377 0.052227 0.055009 0.056513 0.051713 0.05104 0.048866 0.044307 0.042181 0.043325 0.045527 0.045845 0.043101 0.048452 0.050821 0.052172 0.059122 0.063475 0.075979 0.088209 0.10866 0.12682 0.1374 0.13994 0.13966 0.13782 0.12964 0.1179 0.10268 0.085652 0.061622 0.051684 0.037425 0.029889 0.027868 0.025799 0.022676 0.021797 0.018094 0.016798 0.015622 0.015663 0.010945 0.010051 0.0078616 0.0053248 -0.0014483 -0.0036101 0.0027427 -0.0020968 -0.0056279 -0.0044414 -0.0043828 -0.0020547 0.0006523 -0.0040588 -0.0026406 -0.0057958 -0.0073454 -0.0045199 -0.0030932 -0.0057969 -0.0076132 -0.0023266 -0.00025893 0.0017638 0.0068027 0.008242 0.0069922 0.0060761 0.0062986 0.010047 0.0097253 0.010242 0.014164 0.018763 0.017168 0.018416 0.017465 0.016852 0.019645 0.02558 0.028782 0.025787 0.027868 0.027599 0.02845 0.028728 0.029545 0.029047 0.02872 0.02924 0.025565 0.021522 0.021769 0.017979 0.017056 0.018836 0.015674 0.013395 0.0087654 0.0059674 0.004759 0.0045689 0.003199 0.0018242 -0.0016244 0.00028356 -0.0036206 -0.0034544 -0.0016891 -0.0061887 -0.0074934 -0.0069586 -0.0079311 -0.012684 -0.0081128 -0.0086961 -0.0037365 -0.010958 -0.010973 -0.01005 -0.0092579 -0.012103 -0.0098716 -0.0076141 -0.0093438 -0.010499 -0.0068426 -0.0075476 -0.0076696 -0.0095274 -0.0098647 -0.0086362 -0.010202 -0.0090173 -0.0051865 -0.0048871 -0.0077904 -0.011983 -0.01225 -0.0085835 -0.0055058 -0.010351 -0.0080422 -0.0084762 -0.0099344 -0.007249 -0.0072593 -0.0049606 -0.0035419 -0.0070198 -0.0087793 -0.0074683 -0.0066565 -0.0064572 -0.0093371 -0.011909 -0.010929 -0.01109 -0.0071047 -0.0097397 -0.0012479 -0.0034545 -0.0063309 -0.0039491 -0.0038129 -0.0057777 -0.0085273 -0.010961 -0.0098741 -0.0048193 -0.0048094 -0.0021 -0.0028285 -0.0063571 -0.0037309 -0.00169 -0.0059328 -0.0029108 -0.0013381 -0.0053854 -0.0044518 -0.0023155 -0.0078422 -0.01108 -0.0085532 -0.0066354 -0.0047921 -0.0067118 -0.0080902 -0.0033447 -0.0064006 -0.0037778 -0.00096296 -0.0010891 0.00030355 -0.0035578 -0.0092061 -0.0079844 -0.010327 -0.00753 -0.0048629 -0.0021529 -0.0027326 -0.0069499 -0.0044744 -0.0017505 -0.0043361 -0.0020068 -0.0052717 -0.0060728 -0.0039946 -0.0043918 -0.0063858 -0.008504 -0.0073473 -0.0035984 -0.0062823 -0.0072382 -0.007157 -0.0062735 -0.0050672 -0.0046404 -0.0022534 -0.0069843 -0.007933
0.049431 0.0501 0.044814 0.045363 0.046388 0.052597 0.052132 0.048855 0.052561 0.049536 0.042192 0.045975 0.049993 0.047668 0.041849 0.03949 0.034898 0.037675 0.039164 0.041687 0.038875 0.038514 0.041423 0.035665 0.039829 0.039539 0.035917 0.040019 0.039163 0.04219 0.0407 0.04038 0.035171 0.039282 0.038338 0.039281 0.041758 0.039295 0.036299 0.034931 0.036694 0.033453 0.036464 0.032449 0.034656 0.036071 0.03743 0.035784 0.03096 0.033055 0.035088 0.037914 0.038831 0.040474 0.045625 0.048125 0.049546 0.054598 0.05241 0.053365 0.051406 0.056578 0.058019 0.054546 0.048543 0.046093 0.047039 0.043526 0.044101 0.037514 0.037722 0.040585 0.040303 0.036776 0.037111 0.042937 0.044055 0.042346 0.041204 0.043235 0.049549 0.05116 0.053547 0.055193 0.05296 0.051513 0.058094 0.063918 0.062907 0.062271 0.068129 0.070856 0.073423 0.068464 0.066786 0.067349 0.065027 0.063444 0.060318 0.05787 0.059101 0.064453 0.058278 0.05718 0.058563 0.058542 0.056928 0.057144 0.059409 0.062814 0.070155 0.072196 0.0744 0.078431 0.082831 0.078388 0.072675 0.066841 0.061297 0.055607 0.055622 0.053146 0.045196 0.038759 0.039852 0.041104 0.042425 0.043886 0.042526 0.042535 0.041806 0.042826 0.042254 0.04185 0.043476 0.036928 0.038925 0.039396 0.040904 0.045303 0.043754 0.0445 0.047958 0.047373 0.056759 0.065234 0.070055 0.065939 0.058248 0.046254 0.044354 0.040535 0.038177 0.039495 0.031037 0.035884 0.033418 0.034755 0.044264 0.049881 0.051706 0.048916 0.055214 0.056118 0.055566 0.057025 0.056112 0.059715 0.057872 0.053148 0.048312 0.043874 0.039427 0.033189 0.026249 0.024507 0.022607 0.023445 0.02607 0.027419 0.022206 0.027728 0.034093 0.034608 0.040356 0.040258 0.044369 0.055389 0.063891 0.064759 0.072209 0.077867 0.077932 0.090105 0.085846 0.087757 0.088978 0.10455 0.11403 0.11099 0.096526 0.075542 0.057802 0.039331 0.027755 0.018278 0.01592 0.014717 0.012773 0.014038 0.016136 0.012193 0.007777 0.010966 0.0098453 0.015509 0.015278 0.0068848 0.011692 0.023138 0.023436 0.025278 0.028003 0.029799 0.031696 0.033662 0.036185 0.036785 0.037496 0.043542 0.044145 0.039264 0.035847 0.027408 0.027117 0.024699 0.02329 0.025616 0.025524 0.019685 0.019694 0.019742 0.01789 0.017056 0.011007 0.0078143 0.0066511 0.00038291 0.0055705 0.0052012 0.00379 0.0055342 0.010281 0.0059079 0.0097945 0.004893 0.0080181 0.0064706 -0.00040021 -0.0024534 0.0013888 0.0031951 0.0085166 0.010445 0.013025 0.0093158 0.0085047 0.014512 0.012831 0.014008 0.016773 0.013645 0.017626 0.018958 0.014764 0.0224 0.021664 0.016477 0.017193 0.017988 0.017677 0.0085 0.013091 0.013497 0.011088 0.014125 0.007317 0.0085644 0.0085422 0.010081 0.010197 0.0059664 0.0085047 0.0080657 0.013362 0.012613 0.011926 0.013083 0.013341 0.019233 0.027722 0.024968 0.022552 0.022384 0.022241 0.024887 0.026315 0.026828 0.019365 0.024273 0.024192 0.024125 0.019743 0.016054 0.017501 0.020779 0.024283 0.027517 0.027774 0.02786 0.025073 0.027698 0.023884 0.027021 0.0295 0.026881 0.027236 0.028365 0.032175 0.036277 0.037244 0.043944 0.042046 0.039706 0.037594 0.038239 0.041714 0.039625 0.036444 0.034094 0.032354 0.027349 0.031013 0.040626 0.037684 0.039307 0.039968 0.037805 0.03499 0.032513 0.031728 0.030985 0.035692 0.037644 0.036676 0.038471 0.035585 0.032952 0.036736 0.03748 0.037494 0.041177 0.04541 0.046398 0.046369 0.047433 0.05054 0.048329 0.046026 0.048416 0.048726 0.05523 0.058896 0.06465 0.066276 0.063994 0.057855 0.058026 0.057 0.051322 0.048384 0.04595 0.042205 0.040945 0.044391 0.046939 0.038715 0.031371 0.031954 0.027645 0.023802 0.020729 0.017789 0.018829 0.018768 0.016588 0.01473 0.016144 0.020714 0.023816 0.01907 0.01181 0.014539 0.019936 0.014172 0.011082 0.01055 0.01411 0.019437 0.015542 0.0181 0.019874 0.0080488 0.0077342 0.0082242 0.010615 0.011628 0.016672 0.0088297 0.0070326 0.0097074 0.0094609 0.020128 0.021783 0.0217 0.017325 0.027746 0.021602 0.019297 0.018867 0.020356 0.023569 0.020304 0.022018 0.022291 0.019485 0.019103 0.024099 0.023641 0.019512 0.020201 0.024835 0.021258 0.021281 0.021298 0.023689 0.023104 0.02271 0.020274 0.022362 0.020023 0.020316 0.024332 0.021681 0.022318 0.01989 0.021456 0.02523 0.02394 0.025739 0.030348 0.030726 0.037963 0.047624 0.050463 0.0526 0.05383 0.057023 0.059079 0.054342 0.050962 0.049106 0.043422 0.039798 0.041125 0.041913 0.041619 0.040223 0.045016 0.046349 0.048614 0.054849 0.059515 0.072719 0.085062 0.10577 0.12532 0.13779 0.14007 0.14071 0.14069 0.13042 0.11895 0.10424 0.085269 0.059288 0.049567 0.038048 0.029346 0.027054 0.024771 0.02097 0.02126 0.01747 0.014106 0.013784 0.013679 0.010336 0.0078754 0.0051627 0.0035085 -0.0042101 -0.0064967 -0.00011115 -0.0045661 -0.0077918 -0.0066392 -0.0065641 -0.0055036 -0.0025129 -0.0045343 -0.003394 -0.0062084 -0.0061361 -0.0022632 -0.0028985 -0.0055176 -0.0060791 -0.0025295 -0.0013158 0.002212 0.0053729 0.0049423 0.0051719 0.0062901 0.0029624 0.0057069 0.0074356 0.0087381 0.011573 0.015986 0.014819 0.014914 0.014832 0.015236 0.017182 0.021592 0.023409 0.021109 0.025373 0.027643 0.029689 0.027491 0.029573 0.026782 0.025512 0.027957 0.024817 0.020817 0.019733 0.016047 0.015962 0.015859 0.01235 0.01063 0.0065527 0.0043357 0.0045903 0.005513 0.0023865 -0.00056153 -0.0036091 -0.0028853 -0.0062441 -0.0038577 -0.0028036 -0.0062627 -0.0066246 -0.0062528 -0.0080125 -0.015502 -0.010419 -0.012363 -0.006994 -0.013089 -0.014141 -0.012589 -0.011132 -0.014054 -0.010366 -0.0064689 -0.010074 -0.011886 -0.0073886 -0.0085521 -0.0083215 -0.011039 -0.012614 -0.0091592 -0.011738 -0.0072735 -0.0022715 -0.0049376 -0.0074583 -0.013446 -0.012248 -0.011081 -0.0066314 -0.010164 -0.0088995 -0.0094868 -0.011375 -0.01047 -0.0094229 -0.0068619 -0.00633 -0.0086762 -0.0091969 -0.0089129 -0.0099163 -0.0082885 -0.010466 -0.012696 -0.013501 -0.013038 -0.010134 -0.012202 -0.0017692 -0.0047889 -0.0087887 -0.0053114 -0.0049195 -0.0064049 -0.0087634 -0.011641 -0.0084689 -0.0054611 -0.0051875 -0.0036144 -0.0045211 -0.0091641 -0.0070157 -0.0050569 -0.0071782 -0.0023063 -0.0015413 -0.0050971 -0.004085 -0.0031359 -0.0076068 -0.010073 -0.0092586 -0.0054458 -0.0029948 -0.0051845 -0.0066211 -0.0038566 -0.0091028 -0.004867 -0.0026822 -0.0021478 -0.0025072 -0.0039335 -0.010715 -0.0096104 -0.01043 -0.0074573 -0.0061529 -0.0050365 -0.0042258 -0.0053657 0.00017 -0.0015382 -0.0052096 -0.0020937 -0.0053928 -0.005692 -0.0027116 -0.0051679 -0.0095795 -0.0084988 -0.0065735 -0.002549 -0.0060581 -0.007337 -0.0093047 -0.006585 -0.0050076 -0.0065654 -0.0034399 -0.0052611 -0.0058114
0.11834 0.11895 0.11373 0.11343 0.11613 0.12045 0.11735 0.11055 0.1122 0.10665 0.095003 0.09597 0.094125 0.088047 0.079378 0.07181 0.062163 0.061834 0.059591 0.05771 0.051923 0.049131 0.051376 0.041767 0.043201 0.043374 0.039247 0.040611 0.036429 0.039734 0.037906 0.037531 0.031746 0.035646 0.032559 0.034188 0.034641 0.031302 0.028926 0.02984 0.030662 0.025571 0.028842 0.027016 0.027561 0.028221 0.031097 0.027096 0.021822 0.023527 0.02839 0.028985 0.028941 0.028538 0.034421 0.038244 0.039641 0.04653 0.044866 0.047217 0.045217 0.053435 0.053912 0.050668 0.044842 0.040412 0.043707 0.040601 0.038142 0.030834 0.031234 0.034772 0.034647 0.029087 0.029667 0.034873 0.038746 0.037198 0.035281 0.035629 0.040838 0.04218 0.04393 0.045976 0.046675 0.046336 0.051674 0.056207 0.055605 0.054742 0.06094 0.063129 0.064093 0.060655 0.060759 0.063137 0.061275 0.061976 0.059789 0.056485 0.058817 0.064956 0.058498 0.056477 0.056311 0.055165 0.052614 0.053022 0.057227 0.062863 0.066999 0.070622 0.075638 0.079952 0.081504 0.078781 0.073685 0.065429 0.059644 0.054125 0.055033 0.052698 0.045449 0.036716 0.036873 0.038753 0.043675 0.046009 0.042466 0.042241 0.039563 0.041696 0.039108 0.037963 0.040322 0.034158 0.036176 0.036362 0.037848 0.040475 0.039273 0.039316 0.042941 0.041349 0.050467 0.062195 0.068068 0.062013 0.054427 0.045203 0.043272 0.0387 0.035449 0.036944 0.027327 0.031834 0.029152 0.030856 0.040689 0.044697 0.044708 0.042232 0.050537 0.053408 0.051199 0.053974 0.052756 0.056862 0.05678 0.052947 0.045281 0.041749 0.036968 0.032795 0.02422 0.020412 0.021049 0.023709 0.027213 0.027114 0.019865 0.024347 0.029217 0.029753 0.033819 0.03156 0.035169 0.046678 0.053414 0.05532 0.062466 0.068369 0.067425 0.079024 0.073564 0.080892 0.082996 0.10011 0.10763 0.10709 0.092633 0.073742 0.055428 0.037305 0.029477 0.020064 0.017554 0.021196 0.018034 0.017845 0.020028 0.015287 0.0075022 0.011142 0.0099256 0.015113 0.014038 0.0078693 0.010738 0.020643 0.020399 0.018195 0.020676 0.021451 0.026908 0.030314 0.029442 0.02962 0.031771 0.035294 0.034328 0.033403 0.03132 0.023779 0.024221 0.022636 0.022067 0.025012 0.025227 0.020178 0.021299 0.022951 0.019036 0.015852 0.011595 0.009802 0.0078247 0.00056291 0.0080839 0.0064744 0.0040459 0.0060029 0.009348 0.004435 0.0096869 0.0024868 0.0044496 0.0058615 -0.0016865 -0.0052363 -0.0019688 0.00051032 0.0044682 0.0092712 0.010799 0.004794 0.0034843 0.011823 0.0099992 0.010222 0.014331 0.010401 0.013605 0.017191 0.012632 0.018701 0.017705 0.014004 0.015078 0.01548 0.016403 0.0060477 0.010355 0.011309 0.0087403 0.011469 0.0058939 0.0067768 0.0071987 0.0099929 0.008117 0.0039112 0.0051712 0.0045621 0.01269 0.011211 0.010665 0.0099031 0.0099159 0.016839 0.028201 0.025615 0.024891 0.021244 0.020754 0.02471 0.022689 0.025645 0.018826 0.024127 0.020642 0.020393 0.018081 0.013893 0.015485 0.018613 0.022772 0.024825 0.026402 0.026458 0.02241 0.023591 0.01933 0.02331 0.026289 0.02375 0.021152 0.02492 0.0284 0.03554 0.035006 0.040178 0.037817 0.03755 0.033518 0.034584 0.039988 0.036333 0.031111 0.030476 0.028519 0.025845 0.029111 0.038908 0.035114 0.035815 0.037557 0.034887 0.031698 0.030586 0.030043 0.027699 0.030837 0.033425 0.033041 0.035207 0.030608 0.026919 0.031516 0.033042 0.034006 0.035373 0.037671 0.040237 0.040283 0.041172 0.047011 0.044646 0.040711 0.042303 0.04322 0.050489 0.054614 0.057272 0.057765 0.056252 0.051276 0.052195 0.050602 0.043232 0.042825 0.043057 0.039052 0.037391 0.038894 0.042333 0.033782 0.028421 0.03043 0.026447 0.02436 0.022683 0.019206 0.018556 0.01882 0.014971 0.014069 0.01504 0.019235 0.026227 0.020362 0.015084 0.018893 0.021898 0.017897 0.012018 0.010573 0.015885 0.019331 0.015631 0.016848 0.019658 0.0074967 0.0052255 0.0076772 0.008753 0.01141 0.015257 0.0070919 0.0060075 0.0058621 0.0062484 0.018527 0.020108 0.020183 0.018102 0.026729 0.019417 0.016081 0.015058 0.015681 0.021275 0.017188 0.021207 0.0202 0.01461 0.01502 0.019037 0.019385 0.015634 0.015592 0.021227 0.0165 0.018179 0.019855 0.021876 0.022112 0.021651 0.017427 0.019389 0.017573 0.016221 0.021039 0.022419 0.022173 0.016452 0.017439 0.022684 0.021797 0.020913 0.023959 0.023469 0.030994 0.040848 0.045002 0.04674 0.049544 0.052646 0.054534 0.0514 0.04635 0.044802 0.036624 0.033824 0.036365 0.034301 0.03434 0.035891 0.040567 0.039974 0.042258 0.046926 0.050805 0.063468 0.074353 0.092533 0.11198 0.12451 0.12554 0.12899 0.13072 0.12077 0.11073 0.098119 0.080414 0.056261 0.047394 0.039767 0.030421 0.028565 0.025316 0.019592 0.020758 0.016903 0.012327 0.013098 0.011867 0.0099668 0.0048587 0.0013584 0.0017616 -0.0059108 -0.0069036 -0.0028148 -0.0065888 -0.009242 -0.0087087 -0.0085374 -0.0080263 -0.0061075 -0.0049763 -0.0035145 -0.0058564 -0.0047282 -0.00048611 -0.0019248 -0.005122 -0.0034445 -0.0037318 -0.0033944 0.0019652 0.0019493 -0.00016013 0.0021731 0.0053525 -0.00096171 0.00053415 0.0037817 0.0053692 0.0060946 0.010358 0.010037 0.0102 0.010631 0.0122 0.012972 0.01557 0.01639 0.014452 0.019775 0.023555 0.027018 0.023953 0.025526 0.022212 0.01907 0.025089 0.023422 0.020448 0.017853 0.014747 0.015378 0.012126 0.0093069 0.0083056 0.0044746 0.0042407 0.0046615 0.0072235 0.003063 -0.0022072 -0.0033749 -0.0050767 -0.0086528 -0.0046865 -0.0039577 -0.0062438 -0.0045083 -0.0052182 -0.0079286 -0.015975 -0.010696 -0.014156 -0.0080439 -0.012957 -0.015369 -0.013951 -0.013098 -0.015325 -0.011956 -0.0067416 -0.0096516 -0.012107 -0.0071661 -0.0087446 -0.009567 -0.011472 -0.012789 -0.0077338 -0.011419 -0.0048472 0.0015486 -0.0033253 -0.0065929 -0.013984 -0.012177 -0.013219 -0.0073191 -0.008166 -0.0078321 -0.0098158 -0.012703 -0.013888 -0.012153 -0.0088959 -0.0093191 -0.008614 -0.0083158 -0.010006 -0.012871 -0.010223 -0.010977 -0.012233 -0.014615 -0.014783 -0.012306 -0.012887 -0.0024614 -0.0068777 -0.010578 -0.0068451 -0.0068052 -0.0073652 -0.0099468 -0.012258 -0.0072245 -0.0072192 -0.0068627 -0.00632 -0.0072765 -0.012248 -0.010419 -0.0090542 -0.0090387 -0.0029249 -0.002293 -0.0053841 -0.0033439 -0.0056101 -0.0075405 -0.0079221 -0.0098624 -0.0044335 -0.0017935 -0.0041646 -0.0056124 -0.004724 -0.010876 -0.0061477 -0.0045835 -0.0022758 -0.0052956 -0.0046438 -0.011319 -0.011418 -0.0092898 -0.0072566 -0.0078807 -0.0087383 -0.00701 -0.0049828 0.0027228 -0.0036189 -0.0071362 -0.0030075 -0.0057171 -0.0063254 -0.0016097 -0.0059793 -0.011506 -0.0087229 -0.0068927 -0.002068 -0.0066429 -0.0079571 -0.011518 -0.0063876 -0.0048578 -0.0084844 -0.0055055 -0.0049022 -0.0040211
0.20815 0.20475 0.20398 0.20839 0.20914 0.20552 0.19711 0.19541 0.1868 0.17081 0.16753 0.1573 0.14664 0.13427 0.12039 0.1067 0.099609 0.090412 0.08224 0.07215 0.065944 0.064389 0.051007 0.047861 0.04766 0.041883 0.039603 0.031204 0.034275 0.031123 0.030766 0.025656 0.027769 0.022045 0.02331 0.020022 0.015465 0.012447 0.014 0.014301 0.0095119 0.011675 0.01355 0.011775 0.0094871 0.012585 0.0078378 0.0034275 0.0049082 0.011574 0.0083909 0.0079361 0.0045251 0.011362 0.01534 0.016675 0.023432 0.024033 0.026407 0.024141 0.034451 0.034546 0.032314 0.028743 0.024653 0.028272 0.026553 0.022358 0.015785 0.016069 0.020596 0.018869 0.012633 0.013861 0.017289 0.02346 0.022134 0.020185 0.018985 0.020412 0.021215 0.022668 0.026862 0.029926 0.030662 0.033745 0.036238 0.036513 0.036383 0.042174 0.042714 0.04269 0.042368 0.043608 0.046055 0.045441 0.048779 0.047787 0.043142 0.046789 0.051112 0.04594 0.045391 0.042123 0.040871 0.037634 0.038429 0.044076 0.050585 0.051498 0.055681 0.061949 0.065532 0.064339 0.062642 0.060793 0.052777 0.04953 0.045679 0.047232 0.044768 0.038806 0.029295 0.027873 0.030004 0.037709 0.040346 0.034296 0.033535 0.030197 0.032803 0.029729 0.027726 0.028155 0.024824 0.026692 0.027782 0.028836 0.028136 0.028648 0.028506 0.03074 0.028336 0.034466 0.047231 0.053382 0.046934 0.040645 0.036061 0.036221 0.03149 0.027016 0.028617 0.019133 0.022834 0.019973 0.020343 0.029344 0.033199 0.032053 0.029736 0.037817 0.041983 0.038433 0.042064 0.040865 0.043281 0.043712 0.042523 0.035181 0.033758 0.029253 0.027381 0.017989 0.013181 0.015728 0.019941 0.023669 0.021765 0.013575 0.016158 0.018668 0.019907 0.023366 0.018822 0.020664 0.031127 0.034635 0.0371 0.041452 0.04776 0.044733 0.052574 0.049908 0.061345 0.065154 0.081107 0.084741 0.086163 0.074824 0.06348 0.048844 0.033515 0.030024 0.02135 0.019421 0.027044 0.023564 0.020842 0.022607 0.017 0.0066098 0.0088659 0.0067884 0.012461 0.010316 0.0085685 0.0086518 0.014596 0.01313 0.0070232 0.0098632 0.0092922 0.018177 0.022551 0.017762 0.01782 0.020994 0.021208 0.019614 0.022365 0.022172 0.017752 0.01832 0.01739 0.017212 0.02072 0.020928 0.019348 0.020101 0.022051 0.015727 0.01086 0.010112 0.0089771 0.0066197 0.001038 0.0084688 0.0053684 0.0010097 0.0037159 0.0043907 5.81e-05 0.0066757 -0.001779 -0.0014264 0.0018247 -0.0040209 -0.0080005 -0.0056711 -0.0023881 -0.00073195 0.0062237 0.0055458 -0.0018256 -0.00266 0.0051136 0.0029666 0.003094 0.0085879 0.0048693 0.0069241 0.01156 0.0068889 0.0095774 0.0086063 0.007672 0.0085607 0.008634 0.011635 0.0023028 0.0051742 0.0064758 0.0036387 0.0057725 0.0027521 0.0027498 0.0048294 0.0093881 0.0048103 0.00086027 0.0010856 9.5046e-05 0.0097683 0.0074001 0.0083461 0.0059346 0.0044331 0.0098464 0.022362 0.020078 0.020875 0.014742 0.014522 0.0196 0.015977 0.019746 0.015171 0.020383 0.015483 0.014808 0.014557 0.011305 0.01209 0.014546 0.019182 0.017349 0.019689 0.020055 0.016058 0.016091 0.011941 0.016885 0.019357 0.017227 0.011892 0.018741 0.022207 0.030139 0.028255 0.030149 0.026886 0.029712 0.024704 0.025839 0.031759 0.027923 0.021295 0.021732 0.021519 0.022046 0.023624 0.03209 0.028161 0.027017 0.029338 0.026826 0.024716 0.025702 0.02457 0.021643 0.021931 0.025128 0.026009 0.027194 0.020589 0.017971 0.02168 0.024064 0.025675 0.023218 0.022365 0.027457 0.028318 0.0295 0.035939 0.034479 0.029746 0.031103 0.03144 0.037515 0.042615 0.042522 0.040543 0.041193 0.038664 0.03847 0.037402 0.029363 0.0317 0.034048 0.029752 0.028998 0.028363 0.032398 0.025393 0.023375 0.024784 0.022101 0.022504 0.022476 0.019227 0.016645 0.017643 0.011965 0.011493 0.011435 0.014092 0.023608 0.017054 0.013719 0.018561 0.018627 0.018205 0.010991 0.0088644 0.015186 0.014854 0.011314 0.011628 0.01389 0.0025669 0.0013534 0.0059094 0.0050542 0.0092324 0.011092 0.0043722 0.0035049 0.00084897 0.0026338 0.013609 0.013597 0.014034 0.015028 0.020812 0.013616 0.0098764 0.0075918 0.0067343 0.014254 0.011123 0.017034 0.015574 0.0079684 0.0089956 0.010919 0.010683 0.0089386 0.0091026 0.013172 0.0091072 0.011843 0.015022 0.016518 0.017729 0.016636 0.01032 0.012399 0.010428 0.0085196 0.013277 0.018775 0.017208 0.011217 0.010415 0.014774 0.01601 0.011708 0.012717 0.01145 0.017798 0.027012 0.031706 0.032363 0.036356 0.03804 0.039139 0.038904 0.034139 0.032494 0.02229 0.02275 0.027439 0.022027 0.022576 0.027722 0.03172 0.028925 0.029842 0.032841 0.034659 0.044633 0.051967 0.064703 0.080723 0.090126 0.088655 0.095843 0.097815 0.091528 0.08497 0.076056 0.063653 0.046691 0.039662 0.035968 0.027359 0.026519 0.023276 0.015971 0.017361 0.013711 0.0092898 0.010486 0.0082634 0.0075764 0.00072769 -0.0036793 -0.00075597 -0.0064162 -0.0048103 -0.0050706 -0.0085556 -0.010621 -0.010716 -0.010108 -0.0090859 -0.0092988 -0.0057045 -0.0043403 -0.0055546 -0.0035664 -0.00035485 -0.0010745 -0.0052178 -0.0010789 -0.0057363 -0.0060171 -4.6846e-05 -0.0032879 -0.0053452 -0.0018852 0.0020213 -0.0054554 -0.0050716 -0.0017217 -0.00024928 -0.0020717 0.0027356 0.0042631 0.0048894 0.0054004 0.0071511 0.0061915 0.0075328 0.0079483 0.0058876 0.010608 0.014185 0.017749 0.016286 0.015331 0.014571 0.0090527 0.01887 0.018748 0.017303 0.013512 0.011541 0.012124 0.0060208 0.0053709 0.0051871 0.0011264 0.0038495 0.003302 0.0066197 0.002962 -0.0035647 -0.0015541 -0.0059487 -0.010402 -0.0059343 -0.0046001 -0.0061039 -0.0018996 -0.0041292 -0.0079457 -0.013683 -0.008931 -0.013134 -0.0067509 -0.010353 -0.013759 -0.012758 -0.01395 -0.014113 -0.012964 -0.007986 -0.007829 -0.010632 -0.0057637 -0.0072838 -0.010502 -0.0095911 -0.0095657 -0.0044477 -0.0087647 -0.0023947 0.0048403 -0.0011391 -0.0063495 -0.012889 -0.011454 -0.01326 -0.0068947 -0.0043142 -0.0050887 -0.0084742 -0.01233 -0.015383 -0.013216 -0.010075 -0.011175 -0.0064744 -0.0060672 -0.0099554 -0.013757 -0.011364 -0.010441 -0.010955 -0.013368 -0.015295 -0.012625 -0.010827 -0.0033247 -0.0086757 -0.010294 -0.0080581 -0.008614 -0.0076112 -0.011108 -0.012096 -0.0063447 -0.0090701 -0.0090805 -0.0093553 -0.0099481 -0.014187 -0.012249 -0.012348 -0.010541 -0.0052316 -0.0037933 -0.0071179 -0.0030476 -0.0079197 -0.0070646 -0.0050592 -0.0098593 -0.0041053 -0.0019293 -0.004068 -0.0059596 -0.0062047 -0.01061 -0.0069178 -0.0058296 -0.0014942 -0.0063292 -0.0045369 -0.010221 -0.012232 -0.006721 -0.0063673 -0.0090721 -0.01138 -0.0096104 -0.0060996 0.0011158 -0.0073951 -0.0092718 -0.004172 -0.0059596 -0.0076612 -0.0011477 -0.0058589 -0.010278 -0.0083065 -0.0083087 -0.0030085 -0.0078929 -0.0086998 -0.012156 -0.0054732 -0.0039541 -0.0091734 -0.0075429 -0.0061811 -0.0041377 -0.0019572
0.25492 0.25497 0.25542 0.26048 0.25876 0.2576 0.2514 0.24644 0.23721 0.22044 0.21396 0.19812 0.18496 0.17048 0.15379 0.1395 0.12605 0.11094 0.098765 0.085787 0.077526 0.070647 0.05662 0.050083 0.048308 0.040611 0.035949 0.02471 0.026723 0.022295 0.021068 0.017466 0.016733 0.010389 0.010579 0.004271 -0.00071051 -0.0051046 -0.0055384 -0.0053014 -0.0080604 -0.0077326 -0.0026994 -0.0060824 -0.012767 -0.010438 -0.013306 -0.015594 -0.013988 -0.0086159 -0.01429 -0.013766 -0.019346 -0.012652 -0.010125 -0.0097619 -0.0056486 -0.0032029 -0.0014989 -0.0039175 0.0051257 0.0057207 0.0044252 0.0041463 0.0039294 0.0050959 0.0049696 0.001904 -0.0024376 -0.0028546 0.0019942 -0.0014707 -0.0066562 -0.0046335 -0.0039403 0.002008 0.00044693 -0.00048479 -0.0013571 -0.0041599 -0.0043341 -0.0027016 0.0034618 0.006558 0.0073538 0.0084809 0.0090688 0.010799 0.01165 0.016348 0.014497 0.014476 0.016212 0.017105 0.018326 0.019186 0.024069 0.023138 0.01765 0.022388 0.023477 0.020875 0.023831 0.018059 0.018112 0.015427 0.015573 0.019967 0.02554 0.024879 0.028115 0.033211 0.035236 0.032932 0.031103 0.033476 0.028267 0.028944 0.028071 0.028891 0.026587 0.022707 0.015018 0.012371 0.014232 0.021961 0.024278 0.017267 0.016392 0.013955 0.01588 0.0146 0.01265 0.0089813 0.0099377 0.010801 0.013592 0.014006 0.010038 0.012566 0.012865 0.013468 0.011247 0.012836 0.022176 0.026806 0.022159 0.01804 0.017877 0.021067 0.017256 0.013191 0.014477 0.0069164 0.0092407 0.0067983 0.0053779 0.011826 0.015867 0.015074 0.013458 0.019137 0.02283 0.018517 0.021198 0.020816 0.020712 0.019825 0.021405 0.017781 0.018746 0.015092 0.014968 0.0076877 0.0040273 0.0063654 0.010201 0.013219 0.01035 0.0038161 0.0045361 0.005089 0.0071343 0.010724 0.0053978 0.0051568 0.012562 0.013053 0.015419 0.01581 0.021164 0.016442 0.019156 0.021402 0.031002 0.03573 0.047351 0.046952 0.048515 0.042662 0.040321 0.033175 0.022843 0.022055 0.015167 0.014404 0.022104 0.020364 0.016636 0.017694 0.012577 0.0029909 0.0030854 0.00019241 0.0063793 0.0043842 0.0060056 0.0041658 0.0057315 0.0037176 -0.0026975 2.5569e-05 -0.0011783 0.0070975 0.010902 0.0048667 0.0051113 0.0081937 0.0053684 0.0042038 0.0078027 0.0087575 0.0081786 0.0083262 0.0077399 0.0070093 0.010509 0.010847 0.013895 0.013224 0.01435 0.0073008 0.0027529 0.0046887 0.0028841 0.0018159 0.00010007 0.0043773 0.0010449 -0.0039489 -0.00089193 -0.0024323 -0.0049131 0.0013459 -0.0049756 -0.0056129 -0.0030537 -0.005652 -0.0091573 -0.007568 -0.0032738 -0.00421 0.001776 -0.00086039 -0.007023 -0.007181 -0.0029305 -0.0049184 -0.0040501 0.0016571 4.1379e-05 0.00032369 0.0034211 -0.00036015 -0.00049421 -0.001984 -0.00068032 0.00044158 -0.00014373 0.0037116 -0.0018516 -0.00098404 -0.00015717 -0.0030775 -0.0015373 -0.0018937 -0.0024066 0.00075955 0.0062656 0.00016415 -0.0024686 -0.0023883 -0.0034465 0.0045628 0.0021659 0.0046465 0.002058 -0.00066616 0.0004742 0.010335 0.0084684 0.0099424 0.0044598 0.0043245 0.0089455 0.0071104 0.01022 0.007955 0.012007 0.0089978 0.0077387 0.0078877 0.0062961 0.0066773 0.0086865 0.011908 0.0065156 0.0076885 0.0091975 0.00696 0.0067722 0.0033515 0.0077538 0.0090144 0.0081113 0.0026695 0.01019 0.012837 0.018405 0.016443 0.014467 0.011548 0.016651 0.012624 0.012571 0.016274 0.014113 0.0091913 0.0087463 0.010715 0.01374 0.013311 0.019128 0.016317 0.014083 0.015526 0.01504 0.015306 0.016594 0.014533 0.012487 0.010685 0.013495 0.015623 0.014981 0.0078083 0.0082982 0.0093785 0.012171 0.013284 0.0077522 0.0043693 0.011403 0.013542 0.014414 0.018173 0.018243 0.015168 0.016058 0.015137 0.018413 0.023083 0.022743 0.018188 0.02104 0.021645 0.019097 0.019167 0.012519 0.015779 0.018222 0.014341 0.01599 0.013856 0.017484 0.013209 0.014244 0.012761 0.011837 0.014026 0.015032 0.01355 0.010887 0.012198 0.0063967 0.0059604 0.0046576 0.0060059 0.014512 0.0083989 0.0066545 0.01201 0.010174 0.013143 0.0071022 0.0053834 0.010452 0.0069289 0.0038072 0.0044273 0.0046214 -0.004041 -0.0022126 0.0033144 0.001004 0.0050085 0.0048424 0.0016899 0.00071475 -0.0022818 -9.9336e-06 0.0067465 0.0044508 0.0049922 0.0078808 0.010563 0.0056454 0.0028353 -0.0004563 -0.002049 0.0048283 0.0035083 0.008698 0.0078595 0.0015324 0.0028613 0.0029699 0.00084809 0.0015044 0.0024105 0.0030412 0.0023145 0.0049174 0.0078694 0.0090804 0.010295 0.0088824 0.0017583 0.003677 0.0013521 0.00086678 0.0045077 0.011116 0.0090409 0.0061748 0.0037941 0.0047158 0.0076276 0.0018951 0.0019849 0.00065679 0.0039081 0.01112 0.014789 0.014514 0.018276 0.017412 0.017414 0.019529 0.016957 0.014945 0.006317 0.0096037 0.015407 0.0092501 0.0095981 0.016325 0.01805 0.014283 0.013883 0.015968 0.015288 0.020889 0.024021 0.030402 0.039657 0.044261 0.040684 0.049171 0.04916 0.047759 0.04604 0.041289 0.03575 0.028851 0.024377 0.022729 0.016688 0.016562 0.015859 0.0095886 0.010372 0.0074998 0.0044662 0.0048954 0.0029878 0.0031143 -0.0025388 -0.0071272 -0.0032272 -0.0055591 -0.0020777 -0.0056585 -0.0094789 -0.010917 -0.010952 -0.0098511 -0.0080446 -0.0097895 -0.0061355 -0.0057956 -0.0055872 -0.0024948 -0.0015131 -0.0012059 -0.0052682 -0.00039443 -0.0065761 -0.0066294 -0.0027894 -0.0068434 -0.0071385 -0.0048022 -0.002473 -0.0080605 -0.0082302 -0.0065977 -0.005344 -0.0085437 -0.0030396 0.00053234 0.00093163 0.0014554 0.0019605 -0.00065393 0.00018576 0.00069195 -0.0014525 0.0014123 0.0037921 0.0054791 0.0065889 0.0028527 0.0060419 -9.2838e-05 0.010158 0.010705 0.0099894 0.0062777 0.0055907 0.0050187 -0.00083576 0.00094599 0.0015225 -0.0024027 0.0016763 0.000212 0.0024184 0.00028934 -0.0044628 -0.00031805 -0.00523 -0.0095193 -0.0059509 -0.0034829 -0.0049986 -4.1157e-05 -0.0030979 -0.0072701 -0.0091998 -0.0062094 -0.0094218 -0.0043746 -0.0066781 -0.0098165 -0.008403 -0.011355 -0.0091441 -0.010855 -0.0081519 -0.0052302 -0.0076383 -0.0035022 -0.0044247 -0.0094039 -0.0054711 -0.0045613 -0.0013954 -0.0051423 -0.0011403 0.0053343 -0.00020085 -0.0069447 -0.009684 -0.0088812 -0.0097399 -0.00471 -0.00033334 -0.0023949 -0.0055765 -0.0093092 -0.012684 -0.010166 -0.0087372 -0.01015 -0.0038331 -0.0037343 -0.0080605 -0.011101 -0.010357 -0.0086099 -0.0093309 -0.0099016 -0.013144 -0.010553 -0.0069179 -0.0042249 -0.0083438 -0.007489 -0.0081463 -0.0084516 -0.0059775 -0.010337 -0.010207 -0.0056669 -0.0086213 -0.0094715 -0.0103 -0.010054 -0.012937 -0.010562 -0.012318 -0.0095052 -0.007287 -0.0048821 -0.0088048 -0.0032234 -0.007006 -0.0051148 -0.0026856 -0.0083493 -0.0041072 -0.0029592 -0.0041245 -0.0066662 -0.0072008 -0.0076343 -0.0060878 -0.0052172 -0.00081956 -0.0045595 -0.0026108 -0.0069779 -0.01021 -0.0036786 -0.0043518 -0.0081721 -0.010246 -0.0092843 -0.0071371 -0.0036612 -0.0095864 -0.0094343 -0.0043251 -0.0056389 -0.0081763 -0.001569 -0.0043911 -0.0060349 -0.006618 -0.0090616 -0.00479 -0.0082535 -0.008463 -0.0094716 -0.0036502 -0.0020606 -0.0075118 -0.0077592 -0.0070903 -0.0060382 -0.0023533
0.2265 0.2392 0.2432 0.24591 0.24847 0.25294 0.25118 0.25299 0.25017 0.24339 0.236 0.22107 0.21368 0.19739 0.18458 0.17062 0.155 0.14221 0.12662 0.10997 0.097852 0.08485 0.076792 0.066843 0.054995 0.048533 0.045236 0.036415 0.031824 0.020018 0.020913 0.016209 0.013995 0.011368 0.008668 0.0038937 0.0034817 -0.0034422 -0.0078904 -0.013294 -0.016173 -0.01583 -0.016871 -0.017956 -0.012061 -0.01564 -0.025222 -0.023323 -0.024018 -0.02444 -0.022845 -0.02 -0.02525 -0.023163 -0.029243 -0.023573 -0.022365 -0.023985 -0.022769 -0.02015 -0.018361 -0.020762 -0.014996 -0.013882 -0.015042 -0.013272 -0.0091347 -0.010661 -0.0098664 -0.010839 -0.013275 -0.014299 -0.010124 -0.013724 -0.017769 -0.015242 -0.016374 -0.01207 -0.014487 -0.014586 -0.013394 -0.017909 -0.019099 -0.01704 -0.01085 -0.0094865 -0.0090909 -0.0086251 -0.0090225 -0.0060001 -0.0047487 -0.00060559 -0.0040588 -0.0037824 -0.0024044 -0.0025589 -0.0021594 -0.00052474 0.0046836 0.0028491 -0.0027626 0.0023857 0.0017833 0.0010823 0.0067091 0.00060048 0.0020888 0.0006601 -0.00065183 0.00084829 0.0050551 0.0041787 0.0061838 0.0097663 0.010545 0.0087247 0.0063841 0.011013 0.0079648 0.010959 0.012429 0.011819 0.010005 0.008162 0.0028525 -8.5136e-05 0.0014327 0.0075672 0.0096433 0.0033736 0.0032474 0.001602 0.0025726 0.0032753 0.0023911 -0.0046714 -0.00090701 -0.0016496 0.0021757 0.0021674 -0.0030651 0.0005895 0.0014376 0.0016777 0.00030549 -0.00094664 0.0037419 0.0061388 0.0037841 0.0012987 0.0030737 0.0075665 0.0049483 0.0027939 0.0036027 -0.0020794 -0.0013043 -0.0028912 -0.0047614 -0.00083491 0.0027332 0.0028343 0.0023024 0.0060983 0.0082465 0.0035908 0.0041218 0.0048606 0.0037989 0.0011022 0.0038006 0.0038699 0.006031 0.0034032 0.0040427 8.1707e-05 -0.0016155 -0.00061046 0.001414 0.0033147 0.0007226 -0.0031604 -0.0033601 -0.0032396 -0.0010188 0.0021058 -0.0023462 -0.0038476 0.00088202 -2.0337e-05 0.0024714 0.00084928 0.0044055 -0.00081621 -0.0011629 0.0039451 0.0084926 0.01254 0.02016 0.017956 0.018705 0.016724 0.018958 0.018033 0.011491 0.010853 0.0058947 0.0058575 0.011083 0.01186 0.0090906 0.0095326 0.0057922 -0.0010009 -0.0019631 -0.0050065 0.00088905 -0.00017035 0.0017529 -0.00032702 -0.00077245 -0.0018857 -0.0059091 -0.0040613 -0.0047325 -9.767e-05 0.0020788 -0.0025261 -0.0021333 0.00025386 -0.0041431 -0.0046792 -0.0022537 -0.00122 0.00025457 0.00019689 -0.00034252 -0.0019512 0.0012414 0.0021346 0.0075229 0.0058692 0.0062803 0.00021968 -0.0030906 -0.00099104 -0.0036606 -0.0030268 -0.0018402 -0.00094827 -0.0032315 -0.0069673 -0.0046638 -0.0066537 -0.0076256 -0.0025997 -0.0055502 -0.0057786 -0.0049338 -0.0056238 -0.0088988 -0.007572 -0.0020853 -0.0048123 -0.001573 -0.0045596 -0.0082611 -0.0089323 -0.0077299 -0.0091935 -0.0076059 -0.0024765 -0.0016691 -0.0030096 -0.0022328 -0.0047159 -0.0051871 -0.007904 -0.0062599 -0.0039984 -0.0054134 -0.0024112 -0.0043644 -0.0046227 -0.0046436 -0.0076323 -0.0063501 -0.0052272 -0.0054785 -0.0028496 0.0023933 -0.0033394 -0.0039997 -0.003796 -0.0046714 0.00065928 -0.00087041 0.0016093 -0.00025089 -0.0027 -0.005302 0.00090791 -0.00050977 0.00089011 -0.0024542 -0.0031863 -8.5934e-05 0.00083877 0.0032262 0.0017896 0.004438 0.0042165 0.0027133 0.0017093 0.0011344 0.0022379 0.0042699 0.0048704 -0.0010502 -0.0017163 0.00091467 0.0003996 0.00067546 -0.0020258 0.00046032 0.001353 0.0017573 -0.0016475 0.0040577 0.0051162 0.0081984 0.0073988 0.0027321 0.001351 0.006803 0.0043293 0.0027701 0.0035765 0.0032564 0.0016095 -0.00046864 0.002098 0.0057362 0.0045189 0.0083718 0.0070884 0.0050755 0.00499 0.0069977 0.0090413 0.0086478 0.0063013 0.0054218 0.0031721 0.0049739 0.0075341 0.0056723 -0.0004527 0.0026511 0.0013806 0.0043754 0.0044942 -0.0017971 -0.0058238 0.001278 0.0040116 0.00384 0.0047106 0.0059639 0.0057264 0.0053323 0.0037225 0.0050899 0.0079413 0.009464 0.0035998 0.0072855 0.0099793 0.0060298 0.0065819 0.0018522 0.0042675 0.0057596 0.0027559 0.0066269 0.0034352 0.0065222 0.0041376 0.00618 0.0019285 0.0020959 0.0045883 0.0057895 0.0061854 0.0051948 0.0062306 0.0016548 0.0010588 -0.0012765 0.00014012 0.005805 0.0007652 0.00024196 0.0056691 0.0033276 0.0075599 0.0034686 0.0027187 0.0056497 0.0011941 -0.0016099 6.2955e-05 -0.0013636 -0.0073337 -0.0038381 0.0017582 -0.00079109 0.0016523 0.00054182 0.00044623 -0.00055652 -0.0022395 -0.0010541 0.002049 -0.0014623 -0.00086946 0.0020515 0.0024742 8.9739e-05 -0.0015353 -0.0048483 -0.0056051 -0.0012051 -0.0017537 0.00083169 0.00081947 -0.002271 -0.00049832 -0.0005813 -0.0044176 -0.0029158 -0.0016191 -0.0033153 -0.00058269 0.0011677 0.0028704 0.0044623 0.0045457 0.0037597 -0.0028159 -0.0015596 -0.0037478 -0.0022333 0.00016959 0.0052314 0.003785 0.0037153 0.0011078 -0.00099104 0.0014213 -0.0030772 -0.0023277 -0.0028394 -0.0027343 0.0022079 0.004291 0.0040553 0.0066733 0.0038397 0.0029128 0.0055643 0.005251 0.0030579 -0.0019812 0.0013876 0.0063598 0.0023657 0.0021103 0.0080296 0.0071415 0.0037839 0.0038133 0.0056042 0.0033165 0.0056328 0.0066407 0.0091503 0.012883 0.015019 0.011088 0.017818 0.015587 0.016483 0.018282 0.016009 0.014278 0.013925 0.011228 0.0093981 0.0058377 0.0056436 0.0083698 0.0046572 0.0044668 0.0023635 0.00067537 9.7315e-05 -0.00096339 -0.0003281 -0.0036145 -0.0075674 -0.0046002 -0.0046212 -0.0012118 -0.005199 -0.0095592 -0.01031 -0.0097697 -0.0084445 -0.0065741 -0.0083274 -0.0061424 -0.006881 -0.005943 -0.0014616 -0.00239 -0.0022488 -0.0050253 -0.0010401 -0.0057995 -0.0049837 -0.0042196 -0.0068157 -0.0059807 -0.005474 -0.0051925 -0.0078267 -0.0082896 -0.0085792 -0.0072524 -0.010424 -0.0047469 -0.00024877 -0.00068549 0.0001254 -0.00059713 -0.0040523 -0.0036282 -0.0029904 -0.004786 -0.0032481 -0.0010952 -0.0012391 0.00070378 -0.0043283 0.00092801 -0.0033739 0.0042343 0.0046213 0.0032564 0.00048977 0.00039317 -0.0015736 -0.0048579 -0.0020689 -0.00099495 -0.0039482 -0.00083993 -0.002298 -0.0018434 -0.0033496 -0.0050458 -0.0010203 -0.0043369 -0.0070109 -0.0047657 -0.0014803 -0.0033368 0.00042955 -0.0026818 -0.0062814 -0.0059305 -0.0049452 -0.0064049 -0.0032114 -0.0048982 -0.0072105 -0.0042062 -0.0070593 -0.0038884 -0.0075193 -0.0071611 -0.0038403 -0.0053623 -0.001924 -0.0024238 -0.0072766 -0.0021193 -0.0016786 -0.00069293 -0.0034392 -0.001485 0.003642 -0.00064186 -0.0075975 -0.0065905 -0.0057894 -0.0055539 -0.0022383 0.0016621 -0.0015375 -0.0034631 -0.0063591 -0.0085873 -0.0055845 -0.0061437 -0.0079231 -0.0029598 -0.002919 -0.005927 -0.0076872 -0.0085732 -0.0068719 -0.0083686 -0.0070456 -0.010256 -0.0084205 -0.0043878 -0.005041 -0.0067457 -0.0049763 -0.0078408 -0.0069202 -0.0037581 -0.0085276 -0.0081251 -0.0052395 -0.0064405 -0.008158 -0.0093985 -0.0082741 -0.010374 -0.0077081 -0.010366 -0.007063 -0.0076759 -0.0050418 -0.0089769 -0.0032482 -0.0040456 -0.0026347 -0.0018123 -0.0065036 -0.0039331 -0.0036587 -0.0036517 -0.0063053 -0.0070705 -0.0043612 -0.0046283 -0.0036657 -0.0012416 -0.0024071 -0.00024238 -0.0038286 -0.0071112 -0.0018924 -0.0022856 -0.0061452 -0.0071531 -0.0070277 -0.0070644 -0.0074317 -0.0090265 -0.0079914 -0.0035992 -0.0052364 -0.0076819 -0.0023519 -0.0030131 -0.0025478 -0.0050346 -0.0085081 -0.0059345 -0.0074355 -0.0076774 -0.0056983 -0.0019809 -0.00036979 -0.0053004 -0.0068543 -0.0063778
0.27675 0.27505 0.27241 0.26908 0.26172 0.25134 0.24233 0.22464 0.20888 0.19886 0.18886 0.17931 0.16646 0.15226 0.14281 0.13079 0.118 0.10919 0.10052 0.089791 0.079558 0.07201 0.067221 0.063625 0.056762 0.04955 0.044671 0.040245 0.036319 0.033562 0.030184 0.029428 0.030763 0.02652 0.022966 0.019806 0.022259 0.020636 0.01847 0.015657 0.012492 0.010276 0.0060989 0.0050584 0.001915 0.0030905 0.004315 0.0032317 0.0072668 0.006646 0.0044489 0.0023541 0.0039969 0.0041937 0.004827 0.0025941 0.0034955 0.0026591 0.0047495 0.0061254 0.0067191 0.0053334 0.0034173 0.0032746 0.0027107 0.0045227 0.0035892 0.005601 0.0038527 0.003987 0.0053605 0.0067971 0.009001 0.0088264 0.010624 0.0092911 0.0089975 0.0099767 0.010776 0.010774 0.010319 0.010386 0.010773 0.010759 0.013825 0.010831 0.009876 0.011583 0.015403 0.018022 0.017332 0.018165 0.018987 0.018648 0.01724 0.017682 0.017726 0.019293 0.01987 0.018741 0.019789 0.019716 0.017652 0.016946 0.018571 0.018588 0.018879 0.017989 0.015842 0.016354 0.014055 0.014721 0.015593 0.016188 0.01461 0.015302 0.014806 0.014879 0.017124 0.016077 0.016169 0.018181 0.018887 0.018711 0.017143 0.016928 0.016865 0.017571 0.014337 0.016053 0.016807 0.01627 0.015286 0.014398 0.014469 0.015571 0.016644 0.017866 0.014864 0.015488 0.016796 0.014824 0.013578 0.017137 0.017389 0.017477 0.016926 0.016656 0.0189 0.017026 0.015395 0.018255 0.0188 0.016158 0.016567 0.016035 0.016123 0.014474 0.016544 0.016757 0.017031 0.016186 0.016148 0.019371 0.019329 0.018406 0.01762 0.018898 0.017909 0.017154 0.017145 0.017103 0.01749 0.018143 0.018024 0.016673 0.013531 0.016861 0.017283 0.018894 0.019199 0.01892 0.017618 0.017726 0.017425 0.017014 0.016436 0.01602 0.018046 0.018958 0.021597 0.0231 0.02224 0.020574 0.021866 0.022185 0.023692 0.026594 0.027326 0.026192 0.026638 0.027878 0.027702 0.026914 0.0276 0.026334 0.027933 0.028482 0.026005 0.026321 0.025926 0.028874 0.0272 0.023023 0.024531 0.025791 0.026802 0.023426 0.018696 0.020709 0.018152 0.01735 0.014048 0.014587 0.016649 0.016456 0.01522 0.014433 0.01271 0.014474 0.015443 0.01699 0.017695 0.019825 0.022539 0.019024 0.018652 0.017679 0.01768 0.018174 0.02032 0.02214 0.020668 0.018847 0.018298 0.018036 0.016653 0.016862 0.015009 0.015912 0.014198 0.012391 0.011298 0.012519 0.010339 0.010447 0.0089575 0.0082798 0.010056 0.0085729 0.0090087 0.0080568 0.0039879 0.0068009 0.0067034 0.004661 0.0024036 0.0024577 0.0036263 0.0014778 0.0027137 0.004246 0.0046637 0.0043924 0.0047781 0.004681 0.0052199 0.0058155 0.0047814 0.0053648 0.0028798 0.0036113 0.0049179 0.0044004 0.0046801 0.0051298 0.006555 0.0068457 0.0029409 0.003273 0.0081346 0.010158 0.010494 0.0096238 0.0090486 0.0071882 0.0078433 0.0055347 0.0063745 0.0097933 0.0081661 0.0065128 0.0044488 0.0094971 0.0099563 0.0068223 0.0066967 0.0057601 0.0068538 0.0078896 0.0063564 0.0082059 0.0071181 0.0081171 0.0089469 0.0086837 0.00835 0.0095603 0.010311 0.012634 0.013796 0.012436 0.012677 0.013408 0.013117 0.011962 0.012051 0.012907 0.013789 0.013312 0.013286 0.015935 0.017279 0.016264 0.01539 0.015693 0.015705 0.01807 0.017731 0.018313 0.019301 0.020265 0.01887 0.020539 0.019118 0.019507 0.019248 0.020557 0.021055 0.020955 0.021163 0.022469 0.022606 0.022861 0.021656 0.021605 0.021363 0.021633 0.021641 0.020195 0.019505 0.019331 0.019228 0.019379 0.018862 0.020532 0.019996 0.021169 0.019984 0.021224 0.021946 0.023902 0.024605 0.024686 0.026152 0.0258 0.026804 0.027234 0.026776 0.027322 0.02812 0.025506 0.028515 0.029135 0.028802 0.030929 0.031987 0.033579 0.033422 0.031587 0.033329 0.034174 0.031256 0.030496 0.033016 0.031761 0.029201 0.029029 0.029562 0.031737 0.032648 0.029497 0.029178 0.027574 0.025776 0.026142 0.028492 0.025599 0.026459 0.024325 0.022645 0.021331 0.020274 0.019026 0.020154 0.020609 0.018868 0.018271 0.016835 0.016341 0.017668 0.017649 0.017132 0.015353 0.015958 0.013714 0.012151 0.014517 0.013536 0.013098 0.012793 0.01218 0.012881 0.012305 0.012057 0.010088 0.012425 0.011816 0.012859 0.015414 0.013109 0.010174 0.0081546 0.006822 0.0094125 0.007282 0.0081722 0.0076895 0.0088701 0.0096128 0.008236 0.0086138 0.0098024 0.0081429 0.0071299 0.0055549 0.0071768 0.0045601 0.004808 0.0035596 0.004618 0.0034694 0.0048159 0.0053456 0.0062673 0.007765 0.0038548 0.0041328 0.0059135 0.0062602 0.0079247 0.0065336 0.010021 0.011284 0.011071 0.0097515 0.011802 0.01022 0.00942 0.011848 0.010836 0.0097315 0.0097902 0.011165 0.010667 0.012369 0.014185 0.014249 0.016023 0.01637 0.018416 0.01938 0.018584 0.01826 0.01615 0.016908 0.019995 0.018984 0.017857 0.018235 0.019332 0.020651 0.018303 0.020342 0.017123 0.015147 0.01832 0.016646 0.015825 0.015441 0.013355 0.010458 0.0080498 0.0088217 0.011133 0.010563 0.010234 0.011407 0.014028 0.011038 0.0083972 0.0073045 0.0085602 0.010243 0.007005 0.0050205 0.0044328 0.0058643 0.0078215 0.0099976 0.0047879 0.00683 0.0037092 0.0027045 2.3822e-05 0.0016995 0.0041105 0.0037335 0.0025764 0.0039083 0.003378 0.0036917 0.0035923 0.0020787 0.0042193 0.0039536 0.0039687 0.0031113 0.0041713 0.0036955 0.0061846 0.0070969 0.01046 0.011384 0.0083102 0.0092341 0.0096491 0.012382 0.010869 0.014181 0.011293 0.013729 0.010912 0.010273 0.011217 0.01043 0.0097568 0.011602 0.011705 0.0071922 0.0088496 0.013393 0.011159 0.0078148 0.0055234 0.0027119 0.0031731 0.0073234 0.0073746 0.0031047 0.004341 0.0031509 0.0039133 0.0019058 0.0014986 0.0018543 0.0031631 0.0051545 0.0053919 0.0058086 0.0062493 0.0040473 0.0023032 0.0026264 0.0052231 0.0060086 0.0064885 0.0054621 0.0034922 0.0027434 0.0057041 0.0042665 0.0043191 -0.00031359 0.0007091 0.00066756 0.00063287 0.0012275 -0.00031126 -0.0013886 -0.0032287 -0.0025316 -0.0016972 0.00085918 -0.00065631 0.00042148 0.0010701 0.0014458 0.0041475 0.0018268 0.000893 0.0013353 0.0029586 0.0018846 0.0023815 0.0028504 0.00043712 0.00081906 0.00066715 1.2258e-05 -0.00051588 -0.0023018 -0.00058445 0.00026721 0.0016171 0.0026623 0.0039582 0.0029233 0.0014287 0.00099144 2.0265e-05 0.0013921 0.00056573 0.0015337 0.0035828 0.0034167 0.0030111 0.0011655 0.00056385 0.0012969 0.0015986 0.00088125 -0.0010003 -0.0024038 -0.00034093 0.00012759 0.0021693 0.0015192 -0.0013073 -0.0018853 -0.0030573 -0.0025306 -0.0021627 -0.0010049 0.00075867 0.0017148 0.0014319 -0.00062339 -0.0016188 -0.00098916 -0.00065513 -0.0023181 -0.0015105 -0.0013165 -0.0030036 -0.0018506 0.00012715 -0.0019445 -0.0017261 0.00084876 -0.00026744 0.00088832 -0.0019985 -0.0023492 -0.0038432 -0.003147 7.8854e-05 -0.0014741 -0.00013108 -0.00046064 -0.0030872 -0.0028635
0.25695 0.25364 0.24767 0.2421 0.23113 0.21904 0.21024 0.19265 0.17777 0.16774 0.15769 0.14859 0.136 0.12265 0.11509 0.10444 0.092734 0.087733 0.082455 0.073557 0.063767 0.058486 0.055428 0.052838 0.049086 0.045375 0.040767 0.036217 0.031955 0.030664 0.029572 0.029303 0.031684 0.026013 0.024202 0.02208 0.024721 0.024018 0.023596 0.020531 0.016121 0.01437 0.007757 0.0090845 0.0064683 0.0081827 0.0093036 0.0086627 0.012678 0.01083 0.0070072 0.0062933 0.0095938 0.0095875 0.0094095 0.0062328 0.0080406 0.0087596 0.010662 0.012515 0.013884 0.012675 0.010547 0.011791 0.0090343 0.011229 0.010093 0.012499 0.010899 0.011882 0.014831 0.01518 0.017798 0.0171 0.019924 0.019206 0.019 0.018822 0.021937 0.021381 0.020534 0.020071 0.021087 0.023001 0.027015 0.023467 0.024065 0.025575 0.030538 0.033866 0.033515 0.035369 0.036668 0.035414 0.032248 0.033533 0.033305 0.035079 0.035194 0.03227 0.035323 0.035633 0.03074 0.029454 0.030923 0.032611 0.032439 0.031436 0.028513 0.029308 0.025854 0.028167 0.029058 0.031309 0.027475 0.028582 0.02958 0.029029 0.03162 0.029678 0.029215 0.033173 0.032811 0.032458 0.029461 0.029735 0.029096 0.029689 0.02613 0.027723 0.027486 0.026466 0.024554 0.024015 0.025599 0.025714 0.027298 0.02973 0.026978 0.028372 0.029596 0.026892 0.025155 0.027926 0.028712 0.028588 0.028909 0.029191 0.030046 0.028826 0.027878 0.030215 0.032627 0.028445 0.028808 0.026701 0.026051 0.026339 0.027972 0.027305 0.028322 0.028271 0.027052 0.033246 0.032675 0.031958 0.030661 0.032701 0.030655 0.030619 0.030798 0.028769 0.030512 0.030523 0.03026 0.028682 0.023841 0.026836 0.02842 0.029691 0.030398 0.029265 0.028212 0.029889 0.029819 0.028355 0.027254 0.027878 0.032845 0.035221 0.038673 0.040827 0.040581 0.040319 0.04265 0.043195 0.047359 0.04854 0.048753 0.047149 0.048474 0.048529 0.046692 0.043449 0.043662 0.041673 0.043206 0.04207 0.038185 0.036511 0.036992 0.039338 0.036634 0.032401 0.03358 0.033832 0.034268 0.032466 0.026592 0.028516 0.025923 0.024834 0.022161 0.02496 0.028699 0.02954 0.028967 0.027601 0.026022 0.027827 0.02854 0.031011 0.030121 0.032201 0.034581 0.03069 0.029245 0.028456 0.028993 0.027201 0.030379 0.031089 0.028501 0.024247 0.023353 0.022083 0.018868 0.020527 0.018024 0.019639 0.017965 0.014833 0.014474 0.015182 0.012058 0.012814 0.010898 0.0098586 0.01246 0.0092769 0.0081877 0.0089201 0.0042889 0.008438 0.0071599 0.0052611 0.00435 0.0049149 0.0071917 0.0033457 0.0042906 0.0052062 0.0066031 0.0068242 0.0085568 0.0088348 0.01051 0.010814 0.010118 0.011013 0.0071303 0.0091503 0.010105 0.011643 0.010855 0.011616 0.011465 0.013425 0.0087466 0.0078855 0.013413 0.01522 0.015704 0.016015 0.016507 0.014127 0.013879 0.010253 0.011915 0.014935 0.011391 0.011644 0.0089729 0.014768 0.016406 0.012644 0.014275 0.0119 0.011103 0.013162 0.011228 0.01517 0.012913 0.01361 0.01476 0.015189 0.015268 0.018306 0.018469 0.020352 0.022907 0.021711 0.021585 0.023359 0.022865 0.019848 0.02091 0.021115 0.024614 0.023952 0.023972 0.026 0.028674 0.029592 0.027333 0.027873 0.027219 0.031113 0.030408 0.031442 0.030359 0.030265 0.030353 0.033088 0.029534 0.029672 0.030397 0.030562 0.031888 0.031642 0.030521 0.031823 0.032708 0.034235 0.032107 0.031549 0.030986 0.030138 0.030782 0.029153 0.028838 0.029831 0.029899 0.031395 0.031265 0.033618 0.03373 0.034828 0.034272 0.036054 0.036416 0.037586 0.038917 0.040076 0.041449 0.041784 0.04214 0.041327 0.041024 0.04291 0.044858 0.042643 0.044704 0.046085 0.04526 0.048501 0.049302 0.051665 0.051243 0.047555 0.048358 0.046955 0.042205 0.042294 0.045945 0.041486 0.037063 0.035842 0.037091 0.040223 0.040508 0.035911 0.035476 0.033492 0.029896 0.030648 0.034236 0.030788 0.031566 0.029449 0.026582 0.023824 0.023164 0.022147 0.022316 0.022731 0.020259 0.021122 0.020637 0.019048 0.020882 0.019959 0.020053 0.018274 0.019193 0.016415 0.01508 0.018431 0.015913 0.015992 0.017164 0.015927 0.016978 0.01601 0.015938 0.01145 0.013571 0.01334 0.01702 0.020271 0.017153 0.013398 0.010796 0.0090881 0.011851 0.0090929 0.011089 0.0082589 0.010903 0.010511 0.0096655 0.008882 0.01221 0.0093296 0.0082331 0.0071523 0.0094516 0.0059677 0.0083767 0.0074626 0.0074188 0.0046579 0.0067714 0.0078801 0.0092248 0.011264 0.0081717 0.0076227 0.010145 0.01188 0.014938 0.014466 0.017371 0.019362 0.018985 0.016639 0.019543 0.01868 0.017859 0.021094 0.022745 0.021382 0.022329 0.024434 0.024644 0.026922 0.029343 0.029943 0.032373 0.031666 0.032413 0.034035 0.032863 0.030908 0.026223 0.025942 0.03006 0.029442 0.027776 0.027328 0.027871 0.026906 0.02345 0.025959 0.021543 0.019933 0.02315 0.02121 0.020876 0.019549 0.016433 0.014486 0.011292 0.011522 0.016018 0.013326 0.012058 0.014028 0.017786 0.014495 0.011017 0.0097632 0.011496 0.013964 0.010023 0.0072268 0.00793 0.0088247 0.012828 0.01553 0.0087058 0.010386 0.0061609 0.003959 9.3254e-05 0.0040248 0.0065144 0.0067988 0.0060438 0.0059202 0.0062584 0.0072131 0.0059571 0.0040792 0.0076898 0.0086403 0.0074067 0.0060387 0.0070643 0.0069084 0.011897 0.013728 0.017568 0.018667 0.015686 0.015945 0.016126 0.020377 0.018886 0.020925 0.016178 0.019994 0.016138 0.014299 0.014963 0.015568 0.015417 0.016126 0.016033 0.010502 0.013284 0.016096 0.014138 0.01288 0.0093227 0.0057732 0.0059852 0.010151 0.0098889 0.0047311 0.0063303 0.0044625 0.003062 0.0005512 0.0024544 0.0024806 0.0031238 0.0054067 0.0046485 0.0060038 0.0082735 0.0040947 0.0024098 0.0020612 0.0055413 0.0075432 0.0078383 0.0051223 0.0020775 0.0014214 0.0064824 0.0046667 0.0053104 -0.0012424 -0.0016387 -0.0012857 -0.0014703 0.0014 -0.00052606 -0.0017619 -0.0054916 -0.0029279 -0.0015218 0.0003992 2.4876e-05 0.0021716 0.0018099 0.0020421 0.0052953 0.0012076 -0.00053618 0.0011642 0.0026331 0.0019134 0.001975 0.0017438 -0.0014851 -0.00075589 -0.0011005 -0.00074104 -0.001692 -0.0028963 -0.0010094 0.00039934 0.0022824 0.0030963 0.0041965 0.0034792 0.0018974 0.0014826 0.0003475 0.00050487 0.00077858 0.0010617 0.0033739 0.0038198 0.002697 0.001384 9.435e-05 0.00094635 0.0025741 0.00047409 -0.00089901 -0.0021921 -0.00070041 -0.0013682 0.0034605 0.0025887 -0.0017764 -0.0029593 -0.0045732 -0.0024727 -0.0026088 -0.0021159 -0.0010878 0.00012639 -3.225e-05 -0.001819 -0.0017854 -0.0022908 -0.0016013 -0.0032536 -0.0012048 -0.0032486 -0.0036495 -0.0017767 -0.00014312 -0.0033176 -0.002124 0.0024498 -0.0010902 0.00012908 -0.0034988 -0.0026773 -0.0047166 -0.0025844 -0.0010695 -0.003098 -0.00033079 -0.0025076 -0.0048751 -0.0037135
0.18008 0.17812 0.17465 0.17109 0.16308 0.15678 0.14496 0.13475 0.12916 0.11637 0.10623 0.10018 0.092361 0.086138 0.077558 0.068546 0.064921 0.058374 0.050834 0.05128 0.051016 0.04516 0.039121 0.038196 0.038144 0.036625 0.037807 0.03911 0.035696 0.03149 0.027802 0.027757 0.02892 0.028407 0.030298 0.024484 0.026602 0.024797 0.02636 0.027063 0.029389 0.025546 0.021007 0.020393 0.012903 0.016325 0.015244 0.016794 0.017604 0.017965 0.0213 0.018703 0.01361 0.016004 0.019277 0.018583 0.016828 0.013985 0.016993 0.019523 0.020472 0.021406 0.02312 0.022595 0.020496 0.023614 0.019503 0.020934 0.020576 0.022416 0.022853 0.024172 0.027935 0.026731 0.029699 0.028894 0.032487 0.032785 0.03363 0.031201 0.036837 0.035772 0.035763 0.034632 0.036701 0.040765 0.045867 0.043735 0.046275 0.046653 0.050396 0.053594 0.052969 0.056559 0.057567 0.054253 0.048839 0.050192 0.049766 0.051463 0.051353 0.04663 0.05209 0.053321 0.045391 0.044645 0.045005 0.048069 0.047104 0.047349 0.043678 0.044824 0.041699 0.045828 0.046095 0.049619 0.044091 0.043722 0.04625 0.045213 0.047587 0.044355 0.042334 0.047682 0.046271 0.045936 0.041895 0.042975 0.0419 0.041915 0.03871 0.04017 0.038847 0.037932 0.036156 0.036812 0.040841 0.038469 0.039902 0.043953 0.04244 0.044351 0.046007 0.043219 0.039748 0.041006 0.042012 0.041088 0.042389 0.043196 0.042011 0.041151 0.040545 0.042759 0.048313 0.043622 0.042651 0.039063 0.037134 0.040777 0.041654 0.039543 0.040717 0.041013 0.039237 0.048406 0.047214 0.04748 0.044651 0.045667 0.043282 0.043403 0.043021 0.038448 0.04206 0.04142 0.040709 0.039341 0.03452 0.03711 0.040085 0.040655 0.043278 0.041706 0.041024 0.044183 0.046405 0.044172 0.042799 0.045887 0.054212 0.058282 0.062476 0.066382 0.066859 0.067868 0.071039 0.071125 0.075643 0.07191 0.070566 0.068289 0.068538 0.066759 0.062018 0.056613 0.055072 0.052274 0.052333 0.048819 0.045121 0.040972 0.042604 0.044259 0.04071 0.036998 0.037792 0.037944 0.038265 0.039131 0.033508 0.034763 0.033143 0.03225 0.033135 0.039894 0.043922 0.04597 0.046007 0.044469 0.042814 0.04319 0.043375 0.045444 0.04225 0.04283 0.042673 0.039061 0.03699 0.036713 0.037442 0.032207 0.03605 0.034199 0.030794 0.023883 0.023081 0.021643 0.017167 0.020623 0.017126 0.019893 0.017646 0.013928 0.015141 0.01509 0.011703 0.013415 0.011726 0.01076 0.014349 0.01024 0.0066967 0.008184 0.0050468 0.010423 0.0069419 0.0063485 0.0072001 0.0080226 0.010891 0.0070635 0.0069654 0.0061352 0.0085601 0.010146 0.013009 0.014162 0.016493 0.016416 0.016458 0.016981 0.012461 0.015971 0.016386 0.020575 0.017976 0.018617 0.015478 0.019604 0.015201 0.013618 0.018806 0.019265 0.020248 0.022915 0.023693 0.020358 0.019488 0.015912 0.018493 0.021322 0.014609 0.017429 0.015166 0.021379 0.024157 0.020254 0.024118 0.01976 0.016663 0.020021 0.01766 0.023662 0.01985 0.019903 0.021733 0.022724 0.023597 0.028403 0.027341 0.028628 0.03223 0.032917 0.031859 0.035082 0.03461 0.029489 0.031207 0.031047 0.03688 0.036062 0.036912 0.03708 0.040624 0.044344 0.040146 0.041212 0.040225 0.044601 0.043351 0.044685 0.040286 0.038717 0.041167 0.044386 0.039604 0.038743 0.041179 0.039411 0.041435 0.040733 0.038515 0.039658 0.041454 0.044077 0.042033 0.041221 0.04006 0.037727 0.039918 0.038602 0.03963 0.041036 0.042228 0.044571 0.045177 0.048812 0.050346 0.051328 0.052168 0.053258 0.052247 0.052427 0.054768 0.05643 0.056671 0.057138 0.056692 0.055936 0.0566 0.059875 0.062006 0.059821 0.05988 0.061524 0.059338 0.061875 0.061823 0.064694 0.063478 0.057594 0.056695 0.052367 0.04602 0.04707 0.049843 0.042931 0.038084 0.035887 0.038553 0.04158 0.041506 0.036156 0.034626 0.033375 0.028196 0.028544 0.033972 0.030835 0.031949 0.02973 0.027192 0.02269 0.021551 0.021912 0.021906 0.021646 0.018863 0.022139 0.022033 0.020977 0.02269 0.020746 0.021473 0.020454 0.020964 0.018632 0.018001 0.022107 0.018527 0.018616 0.021272 0.019607 0.021108 0.020202 0.019744 0.013083 0.013875 0.014404 0.020588 0.023261 0.019629 0.015736 0.013247 0.011005 0.013879 0.010553 0.012306 0.007723 0.012493 0.010682 0.010311 0.0090659 0.014573 0.011137 0.01065 0.011013 0.014217 0.011021 0.014878 0.014127 0.013599 0.0095353 0.012283 0.015221 0.016263 0.016911 0.01639 0.015825 0.018622 0.022276 0.025777 0.027402 0.029647 0.031479 0.031652 0.028078 0.032666 0.033972 0.035176 0.040861 0.046208 0.045694 0.047652 0.049973 0.051311 0.052732 0.054231 0.054089 0.055004 0.051533 0.048361 0.049421 0.048148 0.043784 0.036417 0.033884 0.037774 0.038325 0.036003 0.033669 0.032177 0.028359 0.024851 0.027356 0.022437 0.021364 0.023815 0.021429 0.021454 0.019318 0.016083 0.016408 0.01264 0.010841 0.017688 0.013332 0.010308 0.012298 0.017082 0.014014 0.010225 0.0093832 0.011893 0.014807 0.011459 0.0088409 0.010663 0.010669 0.016909 0.019655 0.011782 0.012437 0.0089219 0.0064338 0.0018612 0.0082528 0.0097676 0.010434 0.011279 0.010477 0.01274 0.013351 0.010639 0.0080581 0.012463 0.015754 0.012661 0.012002 0.013142 0.013365 0.02006 0.022653 0.026327 0.026694 0.024056 0.023777 0.023662 0.027945 0.0262 0.025709 0.019174 0.023407 0.019846 0.01708 0.017225 0.018844 0.018075 0.016843 0.016774 0.010755 0.014157 0.014418 0.013284 0.015045 0.010892 0.0081582 0.0085965 0.010928 0.010267 0.005009 0.006292 0.0039568 -0.0003362 -0.0030987 0.0025073 0.0022038 0.0020261 0.0039691 0.0017228 0.004085 0.0087464 0.0031711 0.002116 -9.8666e-05 0.0036888 0.0078505 0.0073053 0.0036569 -0.00087547 -2.528e-05 0.0062178 0.0037934 0.0059895 -0.0017784 -0.0040947 -0.0027599 -0.0036203 0.0014933 9.5887e-05 -0.0011912 -0.0072098 -0.0027947 -0.00084345 -0.00018489 0.00078944 0.0033776 0.0023651 0.0014966 0.0053432 0.00045356 -0.0019656 0.00019966 0.0017347 0.0015591 0.00078806 -0.0005586 -0.0040966 -0.0028693 -0.0041534 -0.0022419 -0.0033118 -0.0032063 -0.0017439 0.00056036 0.0026162 0.0034316 0.0027522 0.002619 0.0018925 0.00098946 0.00043167 -0.0015581 -0.00089054 -0.0014703 0.0011389 0.002024 0.00042106 0.00026187 -0.001201 0.00055252 0.0034352 -0.00051444 -0.00053332 -0.0011552 -0.00092244 -0.0041332 0.003064 0.0023906 -0.0021627 -0.0038762 -0.0054414 -0.0021237 -0.0034436 -0.0049237 -0.0052297 -0.0030404 -0.0026325 -0.0034354 -0.0021121 -0.004309 -0.0033949 -0.0038781 9.6119e-05 -0.0056265 -0.0048496 -0.0018973 -0.0011847 -0.0046556 -0.0021902 0.003092 -0.0028301 -0.001124 -0.0048124 -0.0044325 -0.0058083 -0.0018502 -0.0037448 -0.0051629 -0.0011165 -0.0054102
0.088298 0.080577 0.074166 0.074059 0.072773 0.071032 0.063792 0.058683 0.050735 0.046208 0.045418 0.039207 0.035664 0.03556 0.031235 0.02908 0.027124 0.023283 0.023257 0.021268 0.018566 0.022895 0.025663 0.022409 0.022197 0.025187 0.027823 0.02676 0.031042 0.035274 0.033743 0.030686 0.028283 0.028534 0.03011 0.028547 0.027626 0.023904 0.029552 0.027391 0.02684 0.028815 0.032919 0.028279 0.02553 0.026019 0.020734 0.024138 0.024969 0.026024 0.026764 0.028429 0.030836 0.028783 0.023787 0.028907 0.030186 0.028526 0.025592 0.025002 0.028181 0.031238 0.031265 0.029662 0.030526 0.031394 0.029389 0.033384 0.030182 0.029539 0.030715 0.031361 0.034822 0.035346 0.038109 0.03606 0.03925 0.039144 0.04257 0.044243 0.046754 0.041886 0.048256 0.048091 0.050383 0.049009 0.052119 0.057308 0.062858 0.063886 0.067102 0.065801 0.066019 0.067979 0.065894 0.070223 0.069986 0.06496 0.058254 0.058147 0.058189 0.059678 0.05993 0.055066 0.061419 0.063385 0.054619 0.056381 0.055259 0.058096 0.057236 0.060044 0.055593 0.056972 0.055641 0.059816 0.05876 0.061734 0.056079 0.052323 0.055167 0.05455 0.055731 0.051345 0.047683 0.052748 0.050918 0.051164 0.047066 0.049332 0.048335 0.047426 0.044967 0.046408 0.044863 0.044953 0.045188 0.046904 0.052797 0.048068 0.048788 0.054568 0.054818 0.056755 0.058858 0.056257 0.049867 0.049903 0.050097 0.048415 0.050031 0.050112 0.048122 0.046846 0.045996 0.048889 0.057686 0.054592 0.051405 0.047527 0.044605 0.051263 0.051666 0.048797 0.049536 0.048929 0.047555 0.057384 0.055354 0.05605 0.050856 0.049114 0.047569 0.046278 0.044655 0.038942 0.043824 0.043015 0.042303 0.041989 0.039215 0.042386 0.046347 0.046665 0.052109 0.052143 0.052015 0.055793 0.061769 0.059681 0.05949 0.065063 0.073955 0.079345 0.08505 0.091777 0.09208 0.092512 0.093771 0.091381 0.091535 0.08069 0.076247 0.073071 0.069887 0.066581 0.060018 0.054586 0.051033 0.048207 0.046029 0.041265 0.040353 0.035246 0.036469 0.038259 0.03589 0.033142 0.034102 0.035445 0.03654 0.039139 0.035685 0.037107 0.037863 0.037647 0.043813 0.053744 0.055139 0.056819 0.056226 0.054467 0.05219 0.050387 0.050044 0.050248 0.045788 0.043736 0.039801 0.037369 0.035649 0.035581 0.035493 0.027886 0.031127 0.026795 0.023933 0.015897 0.01588 0.01611 0.01173 0.016147 0.012309 0.016086 0.012365 0.0089666 0.011957 0.01186 0.0092978 0.012299 0.011326 0.010959 0.014933 0.011833 0.0065206 0.0068595 0.0070269 0.012685 0.0077861 0.0089938 0.010538 0.010846 0.013697 0.011775 0.010033 0.0076375 0.010178 0.013063 0.015542 0.017846 0.019716 0.019063 0.019965 0.018804 0.01529 0.019492 0.01965 0.025054 0.020557 0.021098 0.015669 0.020921 0.018102 0.017246 0.021434 0.020068 0.021501 0.026296 0.025917 0.021489 0.021332 0.019123 0.02187 0.026014 0.017106 0.020934 0.02017 0.026354 0.029173 0.025263 0.030169 0.024745 0.020899 0.025087 0.0228 0.028699 0.024177 0.02376 0.02649 0.027112 0.029184 0.034236 0.031972 0.033373 0.036679 0.040448 0.038138 0.042046 0.042653 0.036956 0.038268 0.038444 0.04423 0.043044 0.045299 0.043633 0.046582 0.051775 0.045865 0.047419 0.047498 0.050578 0.0494 0.050217 0.043682 0.041219 0.044745 0.047278 0.043575 0.041878 0.045674 0.042368 0.0443 0.042999 0.041182 0.041997 0.044009 0.046304 0.046254 0.046192 0.044564 0.041874 0.046028 0.044957 0.047278 0.047816 0.050969 0.052603 0.053932 0.058865 0.062752 0.063761 0.065544 0.064442 0.061301 0.061215 0.063863 0.064472 0.062566 0.0624 0.061757 0.063216 0.064732 0.068171 0.068573 0.065553 0.063182 0.06359 0.05944 0.059632 0.059033 0.06163 0.059288 0.052288 0.050453 0.044961 0.038618 0.039717 0.038666 0.032711 0.030306 0.027244 0.031028 0.032659 0.03319 0.029083 0.025659 0.026501 0.021327 0.019724 0.026732 0.024533 0.026488 0.023876 0.023581 0.018043 0.015567 0.018326 0.018929 0.018674 0.016486 0.021243 0.019944 0.022417 0.022833 0.020352 0.021346 0.021597 0.021019 0.020202 0.020202 0.024798 0.021689 0.020792 0.023972 0.021988 0.023614 0.023396 0.022388 0.015579 0.014549 0.015527 0.022174 0.023144 0.019576 0.016659 0.015485 0.012204 0.015214 0.01229 0.011594 0.0074168 0.013801 0.011297 0.01092 0.010625 0.01697 0.014898 0.015535 0.017897 0.02261 0.02085 0.024446 0.023831 0.023879 0.02037 0.022703 0.027386 0.027108 0.025186 0.027214 0.027449 0.029791 0.034308 0.036559 0.040537 0.042722 0.043021 0.045215 0.04185 0.04888 0.053399 0.059953 0.069744 0.078593 0.079993 0.082744 0.08446 0.085534 0.084197 0.082173 0.078405 0.07407 0.066443 0.0573 0.05596 0.054558 0.048627 0.04033 0.035643 0.037651 0.039293 0.036431 0.032533 0.028243 0.023565 0.020855 0.022365 0.017932 0.01697 0.018705 0.015345 0.014885 0.012904 0.010864 0.014004 0.010825 0.0060479 0.013225 0.0087821 0.0042991 0.0054543 0.010469 0.0080367 0.0043498 0.005142 0.0082588 0.010979 0.010034 0.0091462 0.01086 0.01 0.01664 0.019169 0.012215 0.011742 0.010929 0.010211 0.0060456 0.012888 0.012901 0.013167 0.015991 0.01673 0.021063 0.020288 0.017062 0.013957 0.017519 0.022946 0.018746 0.019754 0.021023 0.021336 0.026843 0.02911 0.031747 0.030325 0.028051 0.028159 0.027863 0.030334 0.027684 0.024514 0.017822 0.020417 0.018697 0.01594 0.015244 0.016884 0.014428 0.011841 0.012315 0.0065084 0.0093685 0.0079465 0.0071434 0.010332 0.0077621 0.0071513 0.0086139 0.0076205 0.0066308 0.0026381 0.0030947 0.00083524 -0.0044663 -0.0070558 0.00087075 0.00017586 -0.00062795 0.00091337 -0.0019486 0.00058535 0.0058147 0.00082189 0.00071261 -0.0034645 7.4108e-06 0.0056786 0.0040083 0.00074827 -0.0045946 -0.0012192 0.004169 0.0010635 0.005025 -0.0019168 -0.0055772 -0.0027753 -0.0043868 0.00089514 0.0011883 -0.00022946 -0.0081195 -0.0026491 -0.00028268 -0.00088941 0.00053577 0.0019459 0.0017164 -0.0006535 0.0032948 -0.00089293 -0.0023596 -0.00099691 0.00041515 0.00084904 -0.0006607 -0.0031329 -0.0062609 -0.0049775 -0.0071477 -0.0035756 -0.0044175 -0.0028773 -0.0025414 0.00021418 0.0018016 0.0029239 -0.00055569 0.00011525 0.00099292 -0.0012181 -0.0007018 -0.0034712 -0.0041566 -0.0057174 -0.0028874 -0.0020908 -0.0032361 -0.0023947 -0.0036849 -0.00029701 0.0027983 -0.0017398 -0.00025256 -8.0136e-05 -0.00071443 -0.0065725 -0.00025646 -6.7689e-05 -0.0030286 -0.004531 -0.0052857 -0.0016362 -0.004169 -0.0082556 -0.0095616 -0.005775 -0.0051371 -0.004551 -0.0026894 -0.0059545 -0.0053664 -0.0038756 0.0015077 -0.0072974 -0.0065041 -0.0028084 -0.0026718 -0.0056252 -0.0024656 0.0012613 -0.0046912 -0.0021776 -0.0047951 -0.0069939 -0.0072285 -0.0027025 -0.0072231 -0.0070046
0.016758 0.022974 0.022272 0.020756 0.01507 0.011894 0.014638 0.016041 0.016641 0.011898 0.0080955 0.0062307 0.0075932 0.0097879 0.0069486 0.007906 0.010947 0.0093883 0.010129 0.013479 0.012134 0.013255 0.013658 0.013151 0.018138 0.020344 0.018112 0.02225 0.026345 0.0299 0.028866 0.03226 0.035369 0.035537 0.034128 0.032921 0.033004 0.033264 0.030862 0.026691 0.025985 0.031798 0.029802 0.027322 0.029791 0.033409 0.028981 0.028785 0.029288 0.027881 0.029266 0.031442 0.032537 0.033734 0.036275 0.038544 0.037775 0.034366 0.039419 0.038847 0.036603 0.033978 0.035966 0.037758 0.039342 0.039125 0.035211 0.034414 0.036583 0.034485 0.037492 0.036465 0.034057 0.036078 0.035817 0.041243 0.040553 0.041193 0.039427 0.042784 0.044088 0.046586 0.049495 0.052868 0.046859 0.051681 0.053833 0.058643 0.057907 0.061411 0.066518 0.07147 0.074887 0.076493 0.074163 0.071572 0.072021 0.068109 0.071 0.069496 0.064553 0.058837 0.056447 0.057218 0.058782 0.059655 0.056454 0.061491 0.063321 0.05674 0.061795 0.060065 0.061774 0.062312 0.067339 0.062281 0.063305 0.063037 0.064743 0.062152 0.063206 0.058539 0.051682 0.053096 0.053664 0.053132 0.048626 0.044725 0.048202 0.046726 0.047701 0.044299 0.047482 0.046994 0.045566 0.043227 0.044779 0.043894 0.045285 0.04825 0.050023 0.055876 0.050955 0.051085 0.05852 0.060263 0.062081 0.063716 0.060737 0.051495 0.051071 0.04956 0.048171 0.049173 0.047018 0.046355 0.044217 0.043112 0.047081 0.057362 0.056963 0.052261 0.049727 0.047052 0.054319 0.054942 0.052759 0.053571 0.051378 0.050496 0.057773 0.054658 0.05407 0.046955 0.042751 0.042061 0.038602 0.03602 0.031457 0.036341 0.035642 0.035996 0.037302 0.036774 0.041204 0.045357 0.04639 0.053914 0.057293 0.058076 0.062188 0.070786 0.069712 0.072443 0.078168 0.084116 0.089929 0.098337 0.10787 0.10711 0.10477 0.10054 0.093729 0.08672 0.070182 0.062386 0.058192 0.051719 0.047987 0.042765 0.039322 0.035092 0.033004 0.029854 0.025908 0.028459 0.024646 0.023172 0.026015 0.026999 0.025337 0.027225 0.029747 0.031993 0.034204 0.033649 0.036784 0.04018 0.040693 0.050256 0.060189 0.057421 0.056744 0.053923 0.051605 0.048619 0.045649 0.045177 0.043601 0.039523 0.035498 0.029591 0.028561 0.02779 0.026822 0.025191 0.01804 0.019503 0.014761 0.013401 0.0064097 0.0073879 0.010439 0.0069151 0.010853 0.0078637 0.011872 0.0067452 0.0034481 0.0070045 0.0079921 0.0069795 0.011187 0.010711 0.011077 0.014496 0.013312 0.0085247 0.0070573 0.0099826 0.014901 0.010468 0.012644 0.013463 0.012722 0.015897 0.015607 0.01241 0.010031 0.011437 0.014227 0.014775 0.01818 0.019031 0.01774 0.019268 0.015692 0.01426 0.017674 0.018017 0.02251 0.017147 0.018072 0.012688 0.017402 0.016539 0.017107 0.020605 0.018313 0.020057 0.025609 0.023364 0.018474 0.019837 0.018723 0.020672 0.026864 0.018829 0.021119 0.022032 0.027382 0.028979 0.024778 0.028446 0.024046 0.021771 0.025707 0.02466 0.028262 0.024577 0.023991 0.027401 0.026735 0.02985 0.033517 0.030905 0.033177 0.035075 0.04091 0.038215 0.041507 0.044085 0.039958 0.040116 0.040904 0.044249 0.042723 0.045657 0.043722 0.044747 0.048669 0.042177 0.043995 0.046347 0.047373 0.047383 0.047003 0.04106 0.038717 0.040776 0.042061 0.040656 0.03941 0.043237 0.039608 0.041047 0.039337 0.039053 0.039613 0.040998 0.041717 0.04462 0.045955 0.044348 0.042905 0.048135 0.04693 0.049124 0.0484 0.053039 0.05319 0.055226 0.06042 0.066669 0.067972 0.06925 0.065815 0.061218 0.061338 0.062961 0.061601 0.057803 0.056909 0.056777 0.06087 0.062214 0.064062 0.061723 0.057804 0.053707 0.051879 0.046228 0.044325 0.044166 0.045781 0.042766 0.036621 0.035465 0.031721 0.027245 0.027114 0.021837 0.019606 0.021066 0.016967 0.020394 0.020581 0.02232 0.021137 0.016212 0.019199 0.015708 0.011281 0.018319 0.016974 0.019684 0.016813 0.018953 0.013476 0.0099251 0.014775 0.015675 0.017337 0.016241 0.020414 0.016994 0.024059 0.022552 0.020373 0.021163 0.022537 0.021006 0.021271 0.02141 0.026125 0.02454 0.022362 0.025192 0.023177 0.024146 0.024505 0.023685 0.018586 0.016612 0.017179 0.022299 0.021649 0.018659 0.017141 0.017676 0.013277 0.016255 0.014903 0.011199 0.00903 0.015255 0.01324 0.012921 0.013702 0.019445 0.020168 0.02169 0.0256 0.032283 0.032086 0.034589 0.034345 0.035427 0.034023 0.034642 0.039036 0.037263 0.033839 0.035937 0.036761 0.038464 0.041949 0.042265 0.047379 0.049972 0.048825 0.053708 0.052494 0.061849 0.06929 0.082475 0.096464 0.10792 0.11137 0.11443 0.1153 0.11349 0.109 0.10226 0.092761 0.081059 0.069809 0.055811 0.051181 0.049198 0.043758 0.036803 0.031629 0.031492 0.033022 0.030058 0.026166 0.020122 0.017279 0.015158 0.015025 0.011079 0.0094891 0.011835 0.007311 0.0055379 0.0045903 0.0038461 0.0086414 0.0073157 0.00046888 0.0055266 0.0021755 -0.0022798 -0.0016646 0.0025011 0.00069754 -0.0028818 0.0001225 0.0033651 0.0055551 0.0075543 0.008494 0.0091322 0.0079677 0.012568 0.01506 0.010712 0.0096544 0.011551 0.013618 0.010777 0.015534 0.014808 0.01434 0.018176 0.02166 0.026642 0.024675 0.022545 0.01987 0.021681 0.02742 0.023933 0.025786 0.026899 0.026932 0.029101 0.029872 0.031134 0.027798 0.025873 0.027302 0.026817 0.027117 0.023365 0.018556 0.013841 0.0139 0.013806 0.011645 0.0097885 0.010987 0.0072788 0.0050318 0.0061738 0.00083759 0.0023815 0.001209 -0.00022857 0.001307 0.001824 0.0026621 0.0054129 0.0017206 0.00068963 -0.0012924 -0.0013587 -0.0032719 -0.0065573 -0.0083083 -0.0015109 -0.0029684 -0.003908 -0.0022687 -0.004082 -0.0025749 0.00033579 -0.0022416 -0.0018081 -0.0061928 -0.003063 0.0017715 -0.00047242 -0.0027142 -0.0072189 -0.0023788 0.0010825 -0.0024536 0.0022238 -0.0021766 -0.0059665 -0.0021736 -0.0038224 -0.00052006 0.0015645 -0.00032415 -0.008797 -0.0032332 -0.00093785 -0.0019484 -0.0012897 -0.0020403 -0.00057286 -0.0035494 -0.00027641 -0.0032963 -0.0018412 -0.0016008 -0.001105 -0.00013993 -0.0017089 -0.0045831 -0.0071093 -0.0065704 -0.0084276 -0.003745 -0.0043705 -0.0022262 -0.0030961 -0.00099784 -0.00018089 0.0014122 -0.0037299 -0.0021869 -0.00019444 -0.0037777 -0.0026317 -0.0036534 -0.0067034 -0.009187 -0.0064927 -0.0059588 -0.0057501 -0.0047711 -0.0060907 -0.0015243 0.00040585 -0.0024849 -0.00045042 -0.00016637 -0.00052336 -0.0070593 -0.0047532 -0.0034444 -0.0047459 -0.0051516 -0.0048771 -0.0015152 -0.0042058 -0.0097538 -0.010824 -0.0060909 -0.0061999 -0.0046363 -0.0034148 -0.0062197 -0.0063944 -0.0037625 0.0012589 -0.0076589 -0.0076684 -0.0040781 -0.0036029 -0.0061204 -0.0035663 -0.0020675 -0.0054867 -0.0026549 -0.0036026 -0.0082405 -0.0082964
0.00034897 0.0054543 0.0034245 0.0024245 -0.00034641 0.00080761 0.005153 0.0075392 0.0094469 0.0067655 0.002939 0.0058794 0.010706 0.013284 0.010198 0.012626 0.014932 0.015007 0.01709 0.022806 0.021538 0.022152 0.023363 0.022434 0.026644 0.027031 0.024957 0.030883 0.033953 0.037169 0.036421 0.037273 0.037312 0.03858 0.038594 0.038249 0.038506 0.03737 0.034971 0.029226 0.030773 0.033981 0.033005 0.029383 0.031668 0.033772 0.030683 0.032087 0.031486 0.033154 0.032474 0.035358 0.036998 0.038909 0.041687 0.044911 0.045103 0.043944 0.046809 0.046061 0.04381 0.042727 0.045881 0.045805 0.04487 0.044524 0.04009 0.037804 0.040206 0.037707 0.038889 0.039422 0.036633 0.038105 0.037457 0.043542 0.04245 0.041234 0.039912 0.04339 0.046369 0.047968 0.051587 0.05455 0.048927 0.051548 0.055984 0.062428 0.062958 0.066267 0.071074 0.074965 0.078563 0.077384 0.07514 0.072331 0.07172 0.066883 0.067279 0.065158 0.061508 0.058519 0.054114 0.054923 0.056916 0.05805 0.056707 0.05971 0.060965 0.057862 0.065249 0.064123 0.065508 0.067833 0.073667 0.068437 0.068397 0.067077 0.065203 0.061091 0.060686 0.056913 0.048531 0.047487 0.049243 0.047294 0.043831 0.04114 0.042797 0.042044 0.043215 0.040704 0.043805 0.043817 0.042704 0.039455 0.041163 0.040944 0.043187 0.048217 0.049432 0.05388 0.050593 0.050526 0.059713 0.06284 0.064834 0.065114 0.061061 0.049794 0.048981 0.045601 0.045317 0.045353 0.040559 0.04212 0.039236 0.038314 0.0432 0.053184 0.05479 0.049847 0.049677 0.048387 0.054273 0.055593 0.054708 0.056664 0.053403 0.05234 0.055321 0.051071 0.048181 0.040215 0.034888 0.033845 0.029024 0.026387 0.024013 0.028232 0.027139 0.029223 0.032112 0.032568 0.03768 0.041402 0.043734 0.052325 0.058963 0.061028 0.066198 0.075389 0.075559 0.081765 0.085243 0.08789 0.093496 0.10521 0.11685 0.1152 0.10918 0.097995 0.086186 0.072655 0.053366 0.043331 0.038122 0.030632 0.027102 0.025185 0.02397 0.020178 0.018602 0.016418 0.01421 0.018735 0.016857 0.011969 0.015821 0.020546 0.019907 0.022749 0.025492 0.028514 0.029616 0.031505 0.036673 0.041745 0.042829 0.05279 0.060466 0.054598 0.051173 0.045432 0.042613 0.039389 0.036753 0.036581 0.034407 0.031009 0.02649 0.021371 0.021111 0.02101 0.01832 0.015391 0.010324 0.0096285 0.006402 0.006294 0.0011654 0.0028217 0.0083155 0.0052579 0.0083115 0.0064348 0.0099825 0.004539 0.00030696 0.0028474 0.005367 0.0060334 0.011015 0.010715 0.011605 0.013994 0.013891 0.011467 0.0090584 0.012949 0.016938 0.013636 0.015797 0.015801 0.013995 0.018326 0.018048 0.014098 0.012908 0.012724 0.014208 0.012403 0.016839 0.017075 0.015336 0.017239 0.011593 0.012028 0.013779 0.014514 0.017366 0.012191 0.013699 0.0096384 0.013465 0.013956 0.015288 0.018555 0.016443 0.018884 0.024596 0.02083 0.016322 0.018499 0.017407 0.018409 0.025439 0.020453 0.020173 0.022403 0.025906 0.026009 0.021437 0.02256 0.020486 0.020602 0.023621 0.024744 0.025989 0.023807 0.022952 0.02669 0.024574 0.028218 0.030276 0.028037 0.031016 0.031607 0.037684 0.03608 0.038252 0.042697 0.04082 0.040036 0.040991 0.041564 0.040306 0.042588 0.041393 0.040395 0.041546 0.0355 0.037631 0.042313 0.041748 0.043413 0.042026 0.037866 0.036 0.035585 0.03592 0.035991 0.036174 0.039158 0.035882 0.037263 0.035305 0.036223 0.036818 0.037509 0.036815 0.042112 0.044555 0.043199 0.043316 0.048514 0.047355 0.048139 0.046596 0.051512 0.050883 0.053995 0.058531 0.066129 0.067919 0.067807 0.062996 0.058428 0.058176 0.058016 0.055181 0.050737 0.049556 0.049944 0.055069 0.055693 0.055004 0.050431 0.046634 0.041687 0.038013 0.031834 0.028953 0.029603 0.030162 0.027116 0.022906 0.023056 0.022326 0.020529 0.018718 0.011288 0.012672 0.017065 0.011683 0.013447 0.013029 0.015805 0.01768 0.012177 0.016155 0.01495 0.0079147 0.013442 0.012633 0.015654 0.013126 0.016483 0.011292 0.0076016 0.013344 0.013745 0.018714 0.018483 0.021139 0.016079 0.02619 0.023012 0.021554 0.021948 0.024092 0.022362 0.022324 0.022412 0.026753 0.026335 0.023466 0.025925 0.02443 0.024086 0.024265 0.024596 0.021211 0.019518 0.01932 0.022717 0.02118 0.018961 0.018349 0.01995 0.015019 0.017499 0.018087 0.012896 0.012467 0.016934 0.015861 0.016389 0.017044 0.021919 0.025228 0.027053 0.03186 0.040464 0.041487 0.043457 0.043767 0.045684 0.046234 0.044644 0.046878 0.044268 0.040745 0.040731 0.041377 0.042707 0.044385 0.043512 0.048612 0.051323 0.050201 0.0571 0.058649 0.069669 0.079344 0.097632 0.11498 0.12875 0.13385 0.13701 0.1376 0.13133 0.12458 0.11393 0.09874 0.080284 0.06692 0.050759 0.0431 0.040325 0.036434 0.031442 0.027143 0.025721 0.026079 0.023582 0.020573 0.01429 0.013748 0.01159 0.0099988 0.0056335 0.0031034 0.0070649 0.00192 -0.0011932 -0.0012014 -0.0016224 0.0032415 0.0040919 -0.0030243 -0.00065806 -0.002957 -0.006351 -0.0052016 -0.0024631 -0.0038679 -0.0073599 -0.0028116 0.00024198 0.002254 0.0062172 0.0075292 0.0073786 0.0066048 0.0082305 0.010851 0.0093351 0.0082223 0.011338 0.015307 0.013903 0.01593 0.015489 0.014823 0.018684 0.024111 0.0282 0.025979 0.02581 0.024492 0.025181 0.029634 0.027957 0.02896 0.029593 0.029483 0.028681 0.027671 0.027828 0.023183 0.021777 0.024481 0.023605 0.022509 0.018052 0.012708 0.010779 0.0092959 0.0092631 0.0073211 0.004243 0.0051781 0.0014349 0.00065757 0.0019737 -0.0029926 -0.0025852 -0.002588 -0.0049141 -0.0066462 -0.0034798 -0.0028572 0.0008942 -0.0038201 -0.0046467 -0.0048662 -0.0048738 -0.0066849 -0.0067222 -0.0070309 -0.0033809 -0.0059218 -0.0066064 -0.004703 -0.0046615 -0.004733 -0.0052948 -0.0050335 -0.0047335 -0.0074075 -0.0041654 -0.0019387 -0.0041133 -0.0057497 -0.0082893 -0.0039907 -0.0017718 -0.0053537 -0.001104 -0.0028941 -0.0062586 -0.0024748 -0.0034885 -0.0023639 0.00066604 -0.0018003 -0.0096635 -0.0045789 -0.0030017 -0.0034863 -0.0039076 -0.006349 -0.0037219 -0.00629 -0.0041108 -0.006516 -0.0014852 -0.0018574 -0.0029142 -0.0013831 -0.0024396 -0.0048791 -0.0071628 -0.0077347 -0.008126 -0.0030992 -0.003811 -0.001873 -0.0035336 -0.0028857 -0.0027068 -0.00052005 -0.0054425 -0.0029176 -0.00089564 -0.0050883 -0.0041044 -0.0027394 -0.0075008 -0.010496 -0.0084443 -0.0077655 -0.0060075 -0.0056082 -0.0071699 -0.002565 -0.0025 -0.0026584 -0.0010704 -0.001308 -0.0009959 -0.0062197 -0.0082397 -0.0060798 -0.0068624 -0.0058915 -0.0051122 -0.0021415 -0.0038679 -0.0090212 -0.0089051 -0.0047635 -0.0062085 -0.0042885 -0.0041679 -0.0055765 -0.0062678 -0.004187 -0.00099782 -0.007475 -0.0078841 -0.0048183 -0.0037426 -0.006422 -0.0054718 -0.0049257 -0.0053289 -0.0030619 -0.0025043 -0.007543 -0.0083889
0.0095638 0.013622 0.010947 0.010406 0.0098387 0.014059 0.017962 0.019239 0.021262 0.01955 0.014542 0.02004 0.025717 0.027246 0.022637 0.024566 0.024093 0.025195 0.027731 0.033534 0.03179 0.031611 0.03363 0.031207 0.034702 0.034175 0.032306 0.038375 0.039609 0.042131 0.042078 0.041371 0.038654 0.040552 0.041187 0.04169 0.042442 0.040606 0.038808 0.033727 0.036472 0.036217 0.036384 0.032423 0.034008 0.034948 0.033911 0.03536 0.03318 0.036201 0.034683 0.037761 0.039718 0.042165 0.04482 0.049509 0.050097 0.051339 0.051748 0.052222 0.050319 0.051532 0.054134 0.052701 0.049199 0.048086 0.045059 0.041997 0.043173 0.04003 0.039691 0.040762 0.038616 0.038493 0.037737 0.043924 0.043749 0.041396 0.039909 0.043188 0.047595 0.048643 0.052322 0.054218 0.050161 0.051108 0.056698 0.063572 0.065513 0.068347 0.07304 0.075859 0.077834 0.074238 0.072978 0.071994 0.070752 0.066471 0.064864 0.062626 0.060485 0.060834 0.055117 0.054933 0.057278 0.058057 0.057766 0.059267 0.060251 0.060572 0.068491 0.068828 0.07112 0.074807 0.080044 0.075315 0.073838 0.069913 0.064766 0.059195 0.058695 0.055326 0.046784 0.042968 0.045482 0.04283 0.041308 0.040567 0.040352 0.04044 0.041074 0.039608 0.041367 0.041585 0.041423 0.036752 0.038574 0.038611 0.041003 0.04711 0.047761 0.050282 0.04914 0.048971 0.059713 0.064722 0.067227 0.065875 0.060612 0.048424 0.046842 0.041934 0.042545 0.041802 0.034978 0.038411 0.035079 0.03456 0.039942 0.048631 0.050953 0.04662 0.049268 0.050008 0.053756 0.055924 0.056007 0.059523 0.056248 0.05454 0.052747 0.04776 0.042811 0.035095 0.029464 0.026807 0.022109 0.02035 0.020134 0.023504 0.021075 0.024819 0.028849 0.029175 0.033775 0.036413 0.04004 0.049176 0.057716 0.061154 0.067982 0.076482 0.077717 0.086562 0.086763 0.088353 0.093507 0.1081 0.12064 0.11903 0.1096 0.092523 0.076486 0.058578 0.039383 0.028697 0.022711 0.01681 0.013455 0.014664 0.015019 0.011693 0.0097785 0.0097363 0.0090434 0.013774 0.013056 0.0058586 0.0097826 0.017232 0.017446 0.020238 0.022554 0.025622 0.026554 0.030366 0.036346 0.041711 0.04331 0.051581 0.056313 0.049639 0.044556 0.036249 0.033499 0.030599 0.029304 0.029734 0.028025 0.024662 0.020698 0.018119 0.017678 0.017523 0.013296 0.0099402 0.0069204 0.0041696 0.0033071 0.0037268 0.00018948 0.0021669 0.0087803 0.0055518 0.0084464 0.006902 0.0094522 0.0051371 -0.00065426 -0.00019307 0.0035719 0.0057931 0.010885 0.010978 0.012071 0.013226 0.013042 0.013692 0.011342 0.014783 0.018162 0.015357 0.017152 0.017252 0.014501 0.020163 0.018874 0.015105 0.015276 0.013758 0.013707 0.0097987 0.015118 0.015373 0.013529 0.015604 0.0089438 0.010419 0.010491 0.011677 0.013083 0.0086022 0.010383 0.0075517 0.01127 0.012294 0.013443 0.016248 0.014819 0.018622 0.024772 0.020236 0.016829 0.018273 0.016712 0.017353 0.022988 0.021619 0.01922 0.022567 0.023219 0.022261 0.017845 0.016423 0.016763 0.018654 0.020739 0.024062 0.02414 0.023169 0.02179 0.025506 0.022306 0.026053 0.027134 0.025498 0.028269 0.028392 0.033504 0.034196 0.035353 0.040811 0.040528 0.039514 0.039926 0.038651 0.038639 0.039302 0.038435 0.036191 0.034684 0.029854 0.032484 0.03882 0.037163 0.04003 0.038439 0.035495 0.033989 0.031954 0.031765 0.0319 0.033524 0.035553 0.032831 0.034625 0.032352 0.0335 0.034426 0.034833 0.033714 0.040117 0.042864 0.041799 0.042707 0.047305 0.047033 0.045955 0.043907 0.048045 0.047655 0.052243 0.055982 0.063263 0.065525 0.06409 0.058969 0.05579 0.054277 0.052144 0.048972 0.0454 0.044265 0.044677 0.048752 0.048919 0.045625 0.04004 0.037677 0.032545 0.028172 0.022453 0.019296 0.02015 0.020027 0.017234 0.015033 0.016034 0.017961 0.019025 0.01589 0.0086387 0.012223 0.017675 0.011318 0.010732 0.010333 0.013753 0.017779 0.012476 0.016047 0.017184 0.0082468 0.011418 0.011068 0.014003 0.012566 0.015927 0.010575 0.0075874 0.012871 0.012514 0.020904 0.021071 0.022418 0.016951 0.027712 0.023423 0.022627 0.022587 0.025148 0.024157 0.02283 0.023192 0.026537 0.02624 0.023487 0.025744 0.025385 0.02349 0.022832 0.024831 0.022143 0.021512 0.021003 0.023287 0.021537 0.020174 0.019688 0.021504 0.016935 0.018267 0.020485 0.016049 0.01623 0.018013 0.017581 0.019719 0.019216 0.023366 0.028034 0.029626 0.034997 0.04493 0.04713 0.049272 0.050189 0.05261 0.05406 0.050654 0.050099 0.047418 0.043934 0.041452 0.041525 0.04246 0.042677 0.041826 0.046561 0.048606 0.048887 0.056389 0.060132 0.071843 0.083153 0.10356 0.12305 0.13876 0.14491 0.14836 0.14951 0.13896 0.13099 0.11814 0.098967 0.076162 0.062303 0.046594 0.036648 0.033529 0.03095 0.027247 0.024223 0.022254 0.021158 0.019724 0.017423 0.011941 0.012345 0.009838 0.0074843 0.002082 -0.0010455 0.0041006 -0.00059783 -0.0043877 -0.0041677 -0.0050847 -0.0013001 0.0012854 -0.0042879 -0.0039284 -0.0055673 -0.0077683 -0.0053246 -0.0040925 -0.0053046 -0.0082367 -0.0036391 -0.0010255 0.0015082 0.0058513 0.0059324 0.00595 0.0062015 0.0050234 0.0075415 0.0084076 0.0076131 0.010373 0.014623 0.014414 0.014488 0.014736 0.014738 0.01819 0.024015 0.026351 0.024589 0.026394 0.026878 0.02759 0.030143 0.030287 0.029286 0.029175 0.02966 0.027379 0.025004 0.024442 0.01923 0.018631 0.021587 0.02021 0.018361 0.013792 0.0090738 0.0095029 0.0080359 0.006745 0.0042115 0.00045532 0.0010358 -0.0019693 -0.0010269 -0.00023827 -0.0046572 -0.0047351 -0.0038996 -0.0066783 -0.01145 -0.0069617 -0.0077805 -0.0033511 -0.0077319 -0.0082709 -0.0073359 -0.007063 -0.0090767 -0.0063784 -0.0049043 -0.0044122 -0.0079004 -0.0080937 -0.006368 -0.0047682 -0.0062557 -0.0096533 -0.0069565 -0.0073294 -0.0072475 -0.0035065 -0.0043069 -0.0062232 -0.0080073 -0.0083342 -0.0060602 -0.0039003 -0.0069567 -0.0038079 -0.0038195 -0.0068874 -0.0040755 -0.0042764 -0.0043724 -0.0013292 -0.0038094 -0.0101 -0.0061313 -0.0058676 -0.0052791 -0.0062543 -0.0092654 -0.0066984 -0.0085896 -0.007528 -0.0096659 -0.0017336 -0.0024775 -0.0050697 -0.0028064 -0.0031862 -0.0045657 -0.0069488 -0.0084574 -0.0069347 -0.0025054 -0.003566 -0.0020929 -0.0040792 -0.0051248 -0.0053861 -0.0025156 -0.0059987 -0.0023124 -0.0010291 -0.0049395 -0.0045323 -0.0022607 -0.0071499 -0.0097071 -0.0088799 -0.0075001 -0.0045198 -0.0050719 -0.0067243 -0.0030119 -0.0048461 -0.002545 -0.0018641 -0.0025599 -0.0022173 -0.0051783 -0.010144 -0.0076265 -0.0084939 -0.0064935 -0.0059848 -0.0035513 -0.0037 -0.0068761 -0.0052977 -0.0033238 -0.0059717 -0.0040734 -0.0047794 -0.0047514 -0.005134 -0.0050126 -0.0043453 -0.0072797 -0.0072066 -0.0045831 -0.003501 -0.0065644 -0.0077021 -0.0066044 -0.004787 -0.0038044 -0.0021635 -0.0056444 -0.0073024
0.03277 0.035692 0.032407 0.03154 0.032289 0.037434 0.039307 0.038069 0.039419 0.037651 0.030732 0.036812 0.041015 0.040973 0.034838 0.034957 0.03144 0.0329 0.035059 0.039486 0.037467 0.036667 0.039925 0.035604 0.038573 0.038578 0.037 0.042431 0.04154 0.043522 0.044135 0.043824 0.039597 0.041793 0.041788 0.043337 0.044359 0.042277 0.040995 0.038247 0.041527 0.038416 0.03898 0.035514 0.03586 0.03634 0.037527 0.037721 0.034144 0.036953 0.036088 0.038635 0.040159 0.042676 0.045383 0.051275 0.052004 0.055525 0.054604 0.056806 0.055227 0.059299 0.060257 0.058344 0.052797 0.05018 0.04967 0.046682 0.045438 0.041432 0.040391 0.041612 0.040112 0.037968 0.037308 0.043546 0.04543 0.042501 0.040217 0.042767 0.04776 0.048576 0.051869 0.053072 0.051281 0.051417 0.056884 0.063176 0.066295 0.068724 0.073407 0.075255 0.074885 0.070283 0.070489 0.071957 0.070315 0.067885 0.065675 0.063282 0.0624 0.065535 0.059183 0.05744 0.05948 0.059427 0.059282 0.060284 0.06175 0.064904 0.071686 0.073889 0.077681 0.082083 0.085832 0.08207 0.079451 0.072684 0.065357 0.05854 0.059158 0.055672 0.047469 0.041025 0.043741 0.041155 0.042084 0.043329 0.040923 0.041812 0.041462 0.041214 0.04078 0.0408 0.041575 0.035732 0.037647 0.037758 0.039703 0.046094 0.046464 0.047113 0.047561 0.047007 0.058616 0.066357 0.069629 0.066923 0.060737 0.048635 0.04627 0.040376 0.040729 0.039669 0.031699 0.03622 0.032624 0.032176 0.037686 0.045089 0.047169 0.043592 0.049092 0.052044 0.053857 0.056894 0.057196 0.061605 0.059164 0.056925 0.05078 0.045777 0.039709 0.033095 0.026984 0.022005 0.018644 0.018439 0.019961 0.022434 0.01776 0.022593 0.027155 0.027029 0.030378 0.03114 0.035705 0.045379 0.05416 0.058667 0.066972 0.074686 0.076631 0.086446 0.083941 0.087563 0.092598 0.10919 0.12124 0.12059 0.10859 0.088267 0.06944 0.049155 0.032159 0.021989 0.015573 0.013159 0.0095726 0.012146 0.013392 0.009683 0.0064916 0.0085924 0.0085889 0.012688 0.011853 0.0044333 0.0072055 0.015896 0.016509 0.017587 0.019673 0.022066 0.024512 0.030087 0.035016 0.039465 0.041666 0.047396 0.049566 0.044285 0.039178 0.029295 0.027229 0.024881 0.025336 0.026635 0.025889 0.021926 0.018696 0.019014 0.017371 0.016327 0.011687 0.0087652 0.0067735 0.0024133 0.0037796 0.0040472 0.0012446 0.0034936 0.0096986 0.0059038 0.010003 0.0074764 0.0085781 0.0065118 -0.00066514 -0.0025515 0.0019111 0.00545 0.0099625 0.011128 0.012014 0.011744 0.010978 0.014382 0.01249 0.014881 0.018255 0.014829 0.016473 0.017651 0.013941 0.020247 0.017994 0.015434 0.016489 0.014169 0.013256 0.007623 0.013559 0.014201 0.012551 0.014616 0.0082019 0.0097951 0.0088787 0.01069 0.010864 0.0068416 0.0084836 0.0061711 0.010949 0.01175 0.012382 0.013991 0.013076 0.018621 0.025738 0.021147 0.019249 0.018395 0.016693 0.017963 0.020396 0.02202 0.01855 0.023139 0.020488 0.018995 0.015538 0.012467 0.014412 0.016895 0.018577 0.023037 0.023161 0.022663 0.020788 0.024199 0.020373 0.024221 0.025105 0.023908 0.02544 0.026219 0.03016 0.03358 0.033915 0.039315 0.03934 0.038912 0.038201 0.036173 0.038265 0.037113 0.035226 0.032758 0.029802 0.026719 0.029875 0.037127 0.034367 0.037417 0.03654 0.033485 0.032226 0.030336 0.029829 0.029028 0.031367 0.032883 0.030912 0.033034 0.030056 0.030736 0.032185 0.032694 0.032172 0.038219 0.04033 0.039865 0.040618 0.044725 0.046274 0.043584 0.040861 0.043778 0.044076 0.05018 0.053876 0.059125 0.061623 0.05957 0.054879 0.053721 0.050574 0.046455 0.04399 0.042578 0.041426 0.041379 0.042952 0.043297 0.037946 0.032666 0.032434 0.027668 0.023723 0.019123 0.015953 0.015825 0.015658 0.012874 0.012045 0.013015 0.016542 0.020452 0.016612 0.010847 0.015404 0.020072 0.01374 0.01059 0.01037 0.014263 0.019004 0.014293 0.016425 0.019743 0.0094844 0.010543 0.010758 0.013414 0.013644 0.016335 0.010143 0.0082212 0.012001 0.011423 0.022402 0.022506 0.023068 0.018454 0.028064 0.023118 0.022651 0.02207 0.024547 0.025209 0.022478 0.023781 0.025758 0.024497 0.022393 0.024297 0.025346 0.022175 0.020546 0.024045 0.020916 0.021617 0.021767 0.023485 0.022093 0.021568 0.02031 0.021849 0.018251 0.017979 0.02122 0.019494 0.019121 0.018214 0.017671 0.021568 0.019847 0.023184 0.027689 0.028592 0.034574 0.045185 0.048807 0.051325 0.052977 0.055552 0.056757 0.052598 0.049761 0.047437 0.04285 0.039184 0.039021 0.039024 0.038545 0.038878 0.043567 0.044189 0.046312 0.053019 0.057875 0.069433 0.081915 0.10165 0.12217 0.13875 0.14517 0.14963 0.15193 0.13858 0.13008 0.11661 0.095854 0.071683 0.05856 0.04506 0.033546 0.030937 0.028743 0.02507 0.022966 0.020685 0.018498 0.018476 0.016229 0.011941 0.011416 0.0084048 0.0061832 -0.00017215 -0.0031125 0.0015846 -0.0017003 -0.0052826 -0.0056282 -0.0072576 -0.0050507 -0.0015677 -0.0041925 -0.004897 -0.0060992 -0.0075454 -0.0037795 -0.003603 -0.0049205 -0.006433 -0.0035483 -0.001586 0.0021693 0.0053377 0.0033514 0.0044719 0.0062361 0.0027969 0.0047832 0.0073621 0.0072434 0.0084669 0.011799 0.012557 0.011895 0.0126 0.013861 0.01685 0.022028 0.022539 0.021368 0.024633 0.02677 0.028249 0.029331 0.030561 0.027526 0.026346 0.028576 0.026211 0.023174 0.022218 0.017035 0.017334 0.01899 0.017305 0.014946 0.010606 0.0079725 0.0095264 0.0091864 0.006265 0.0023089 -0.00085749 -0.0013662 -0.0038459 -0.0014112 -0.001594 -0.0051234 -0.0048717 -0.0041069 -0.0068559 -0.013398 -0.0087696 -0.011555 -0.0064467 -0.0098395 -0.010145 -0.0087325 -0.0084388 -0.010725 -0.0066125 -0.0034185 -0.0047819 -0.0087168 -0.0082483 -0.0073206 -0.0052229 -0.0074103 -0.012105 -0.0076815 -0.0091021 -0.0062275 -0.0016964 -0.0048995 -0.0069576 -0.0096169 -0.0081979 -0.0083271 -0.0052648 -0.0070702 -0.0052303 -0.0045451 -0.0078032 -0.0066602 -0.0062543 -0.0065473 -0.0040292 -0.0053706 -0.0095675 -0.0074782 -0.0088806 -0.0071081 -0.0077242 -0.010316 -0.0088061 -0.010581 -0.010267 -0.011884 -0.0024697 -0.0039831 -0.0074011 -0.0042781 -0.004188 -0.0041467 -0.0068241 -0.0088324 -0.0056374 -0.0027964 -0.0043067 -0.0030511 -0.0049946 -0.0075794 -0.0080881 -0.0045954 -0.0063978 -0.0013953 -0.00095764 -0.0042955 -0.0042251 -0.0033381 -0.0067872 -0.0075975 -0.0084975 -0.0060002 -0.0023665 -0.0040563 -0.0055981 -0.0029438 -0.0061891 -0.0024726 -0.0027146 -0.0030771 -0.003812 -0.0046722 -0.010983 -0.0085832 -0.0091275 -0.0068672 -0.0072698 -0.0056392 -0.0041541 -0.0045788 -0.0017935 -0.0029169 -0.0061 -0.0043126 -0.0052093 -0.0043574 -0.0033169 -0.0057827 -0.0075883 -0.0073107 -0.0061982 -0.0036138 -0.003534 -0.0066593 -0.0099227 -0.0074283 -0.0043578 -0.0049561 -0.0027008 -0.0038489 -0.0056646
0.075577 0.071812 0.069962 0.071615 0.075596 0.074827 0.070618 0.070695 0.067976 0.058433 0.063479 0.063654 0.061503 0.053454 0.05034 0.044233 0.044617 0.044762 0.046639 0.044018 0.042504 0.046608 0.039542 0.041518 0.042957 0.041199 0.045397 0.041782 0.043546 0.044187 0.045735 0.041264 0.043382 0.041218 0.043999 0.04447 0.04194 0.0404 0.040624 0.044175 0.039504 0.039297 0.037467 0.03583 0.035828 0.03908 0.037404 0.033053 0.034706 0.035639 0.036411 0.036783 0.038704 0.042254 0.048305 0.04928 0.054803 0.054191 0.057904 0.056249 0.063805 0.062974 0.061346 0.05459 0.050408 0.052332 0.050276 0.046089 0.040995 0.040001 0.041916 0.040048 0.035771 0.035615 0.041705 0.046264 0.043023 0.039914 0.041168 0.045171 0.04588 0.048779 0.050632 0.051383 0.051331 0.05587 0.06088 0.064856 0.067216 0.07178 0.072429 0.07002 0.066215 0.067929 0.071265 0.069419 0.069668 0.06831 0.06513 0.065514 0.06992 0.063534 0.060687 0.061144 0.06016 0.05968 0.060968 0.063687 0.06914 0.073755 0.077906 0.082822 0.08744 0.089326 0.086403 0.083768 0.075159 0.067045 0.059629 0.061845 0.057746 0.049568 0.040924 0.043166 0.041294 0.044965 0.047856 0.042607 0.044068 0.042761 0.043776 0.041187 0.040578 0.041329 0.035397 0.03737 0.037969 0.039109 0.044997 0.045444 0.044538 0.045597 0.044166 0.05533 0.066532 0.07074 0.067203 0.060457 0.049322 0.047127 0.040873 0.039365 0.038549 0.029986 0.03497 0.031204 0.029984 0.035355 0.042246 0.043868 0.040732 0.048797 0.053859 0.05423 0.058128 0.057992 0.061724 0.060351 0.058194 0.048849 0.044665 0.038397 0.03359 0.026125 0.018781 0.017301 0.019044 0.021955 0.023314 0.015818 0.020949 0.025445 0.0254 0.027753 0.025629 0.030578 0.041005 0.048559 0.053517 0.06222 0.069827 0.072024 0.080818 0.077481 0.085589 0.091522 0.1094 0.11928 0.1201 0.10667 0.086402 0.066475 0.045138 0.031798 0.022526 0.016045 0.018162 0.013894 0.01538 0.017233 0.011986 0.0068422 0.010107 0.0096848 0.013578 0.011574 0.0062188 0.0067296 0.015221 0.015483 0.013038 0.0158 0.016944 0.022463 0.029956 0.032168 0.034881 0.037866 0.040851 0.041205 0.038768 0.035081 0.025005 0.02393 0.021923 0.024108 0.026666 0.026924 0.022433 0.01937 0.02199 0.018082 0.015316 0.011962 0.0098156 0.0077184 0.002613 0.0054372 0.0050068 0.0019188 0.0048049 0.0092837 0.0048855 0.011648 0.0069354 0.0061742 0.0068524 -0.00082331 -0.0047072 -8.5711e-06 0.0046669 0.0078998 0.010839 0.010947 0.0089345 0.0079702 0.013037 0.011521 0.012961 0.017086 0.012229 0.014091 0.01674 0.011871 0.017639 0.015094 0.0148 0.016137 0.013464 0.012832 0.0058068 0.01195 0.012894 0.011556 0.013459 0.0084537 0.0094555 0.0086283 0.011582 0.010201 0.0057402 0.0071787 0.0047794 0.011616 0.011515 0.012265 0.011831 0.010766 0.017591 0.02591 0.021857 0.02158 0.017263 0.016236 0.019299 0.017928 0.021453 0.017896 0.024073 0.018515 0.016641 0.01482 0.011349 0.013734 0.015831 0.017815 0.021428 0.022043 0.021506 0.019697 0.022528 0.01836 0.022729 0.02398 0.022912 0.022449 0.025083 0.028331 0.034054 0.033561 0.037797 0.036843 0.037892 0.035743 0.033529 0.038043 0.035609 0.031273 0.029259 0.026675 0.025849 0.02915 0.036892 0.032471 0.034572 0.035084 0.030838 0.030102 0.029997 0.029106 0.027033 0.029091 0.030841 0.030144 0.031781 0.027338 0.027575 0.029553 0.030287 0.030958 0.035057 0.035494 0.036719 0.03697 0.041024 0.044856 0.041163 0.037384 0.039197 0.039843 0.046953 0.051944 0.053833 0.056014 0.054383 0.050645 0.051151 0.046826 0.040602 0.039507 0.041045 0.039448 0.038971 0.037471 0.038525 0.032017 0.028283 0.029773 0.026012 0.023209 0.019961 0.017169 0.014813 0.015358 0.01197 0.011506 0.011596 0.015694 0.022521 0.018372 0.014221 0.019365 0.021658 0.017026 0.011284 0.011187 0.015609 0.019326 0.015289 0.015526 0.020596 0.009222 0.0095456 0.010557 0.012827 0.015075 0.016802 0.0093446 0.0083392 0.010042 0.010261 0.022595 0.022175 0.022098 0.019361 0.026991 0.021683 0.021219 0.01973 0.021316 0.024486 0.020923 0.023934 0.024648 0.021676 0.020396 0.021349 0.023448 0.019761 0.017616 0.021756 0.017558 0.019581 0.021497 0.02291 0.022431 0.022591 0.019378 0.020678 0.01812 0.016285 0.019954 0.022314 0.020485 0.017886 0.016287 0.021254 0.019151 0.02108 0.024008 0.023787 0.03058 0.041515 0.046828 0.049404 0.052238 0.054307 0.054354 0.050946 0.046912 0.044938 0.037572 0.03489 0.035555 0.033749 0.033069 0.035673 0.040719 0.039391 0.042789 0.047742 0.052518 0.063404 0.076552 0.093746 0.11425 0.1298 0.13537 0.142 0.14541 0.1315 0.12298 0.11001 0.090126 0.067626 0.056065 0.045703 0.033191 0.031914 0.029321 0.024472 0.022604 0.019894 0.017225 0.018482 0.015867 0.012775 0.0098086 0.0059268 0.0047584 -0.0018178 -0.0036003 -0.0015294 -0.0030014 -0.0055948 -0.0070128 -0.0090914 -0.0083908 -0.0049724 -0.0037488 -0.0049411 -0.0056392 -0.0066917 -0.002302 -0.0022657 -0.0041506 -0.0032317 -0.0037737 -0.0025378 0.0027541 0.0035172 -0.00032217 0.0024485 0.0059282 0.00075284 0.0018422 0.0052954 0.0062368 0.005085 0.0073347 0.0091601 0.0087561 0.0093812 0.011844 0.014269 0.018724 0.017927 0.016968 0.020944 0.024139 0.026175 0.027009 0.028226 0.024365 0.021527 0.026831 0.02527 0.022177 0.021038 0.016371 0.017222 0.015929 0.014518 0.011754 0.0076019 0.0087649 0.0098015 0.010916 0.0069714 0.00096579 0.0003023 -0.0025288 -0.0055284 -0.001864 -0.0029325 -0.0053708 -0.0039096 -0.0041652 -0.0068098 -0.01346 -0.0093576 -0.014197 -0.0080975 -0.010403 -0.010549 -0.0091892 -0.009544 -0.011775 -0.0077856 -0.0032967 -0.0046785 -0.0085144 -0.0071706 -0.0074369 -0.0063403 -0.0080688 -0.01238 -0.0070307 -0.0098126 -0.0048069 0.00082747 -0.0038075 -0.006976 -0.010957 -0.008629 -0.01053 -0.005977 -0.0056388 -0.0051894 -0.0047152 -0.0087068 -0.0097567 -0.0089831 -0.0090636 -0.0071544 -0.0059162 -0.0079496 -0.0084963 -0.011677 -0.0090324 -0.0083057 -0.010002 -0.0098655 -0.012624 -0.012399 -0.012711 -0.0035763 -0.0066358 -0.0096076 -0.0058215 -0.0056281 -0.0039627 -0.007036 -0.0091394 -0.0049426 -0.0045468 -0.0064689 -0.0049554 -0.0065342 -0.010381 -0.010805 -0.0070967 -0.0075711 -0.0012829 -0.0011635 -0.0046256 -0.0039403 -0.006216 -0.0072099 -0.0049746 -0.0079888 -0.0041648 -0.00054105 -0.0034958 -0.0051261 -0.0028843 -0.0065638 -0.0026576 -0.0036947 -0.0024243 -0.0051866 -0.0048252 -0.011493 -0.0095955 -0.0087071 -0.0071385 -0.008814 -0.0081807 -0.0054077 -0.0033484 -2.0429e-05 -0.004177 -0.0069089 -0.0050875 -0.0055504 -0.0048362 -0.0011488 -0.0060492 -0.0097921 -0.0076393 -0.0056001 -0.0025451 -0.0045125 -0.0069675 -0.011999 -0.0079924 -0.0042788 -0.0064184 -0.0039977 -0.0033017 -0.0046134 -0.0053429
0.14259 0.13907 0.13636 0.13892 0.14004 0.13733 0.13097 0.12883 0.12444 0.11153 0.11378 0.10677 0.10136 0.090016 0.081942 0.073751 0.070533 0.065761 0.063874 0.05919 0.056466 0.059223 0.047872 0.047743 0.050372 0.047242 0.049201 0.041679 0.043532 0.043078 0.046444 0.042867 0.044215 0.038702 0.042548 0.041235 0.037536 0.034481 0.036914 0.040452 0.035878 0.033855 0.035298 0.030819 0.028814 0.033707 0.030553 0.026497 0.026854 0.029958 0.027223 0.02646 0.026834 0.032502 0.036682 0.037947 0.044759 0.045783 0.050307 0.047858 0.059074 0.057422 0.056543 0.050071 0.04587 0.048638 0.048404 0.041914 0.035768 0.035197 0.039039 0.035237 0.028754 0.029784 0.034701 0.041594 0.038124 0.035328 0.035003 0.035582 0.036015 0.039055 0.043461 0.046416 0.046317 0.049708 0.05289 0.057558 0.06029 0.064404 0.062972 0.059814 0.058501 0.061034 0.064804 0.063234 0.066474 0.066702 0.061664 0.064082 0.067366 0.06178 0.059785 0.056908 0.055478 0.054805 0.05635 0.060506 0.067765 0.069985 0.075751 0.080449 0.08483 0.084938 0.08187 0.081306 0.073034 0.065916 0.059634 0.062764 0.057751 0.049096 0.039284 0.039986 0.039372 0.045851 0.049819 0.041214 0.042715 0.040974 0.042933 0.039529 0.037979 0.036509 0.03271 0.034331 0.036472 0.036698 0.040686 0.041704 0.039785 0.040644 0.038027 0.046369 0.060553 0.065487 0.061792 0.05494 0.045933 0.046056 0.040391 0.035822 0.035823 0.026867 0.031761 0.028169 0.025187 0.03001 0.037305 0.039045 0.036111 0.045795 0.052405 0.051509 0.055905 0.055158 0.056208 0.055328 0.054203 0.044068 0.041512 0.035663 0.033491 0.023998 0.015299 0.015485 0.019098 0.023069 0.022759 0.012822 0.017215 0.021079 0.022392 0.024899 0.018908 0.023296 0.034335 0.039296 0.043855 0.050891 0.05889 0.060603 0.066151 0.064935 0.077765 0.08595 0.10428 0.10979 0.1119 0.098956 0.08276 0.064342 0.043467 0.034967 0.026401 0.020455 0.027101 0.022179 0.02024 0.0228 0.015342 0.008322 0.010995 0.0088309 0.013993 0.010494 0.0092397 0.0068091 0.013499 0.012619 0.0055567 0.010055 0.0096862 0.018693 0.027877 0.026495 0.027158 0.03099 0.030979 0.030254 0.031011 0.029681 0.021516 0.021353 0.019135 0.022474 0.026802 0.027858 0.024134 0.020385 0.024098 0.016999 0.011853 0.011629 0.0098053 0.0070827 0.0029013 0.00581 0.0042503 0.00021554 0.0042418 0.0060522 0.0014816 0.011693 0.0045968 0.0018944 0.0048953 -0.0016741 -0.0067331 -0.0022442 0.0035781 0.0046408 0.0092628 0.0078684 0.0038648 0.0036834 0.0084645 0.0073302 0.0084647 0.014006 0.008037 0.010072 0.013538 0.0074019 0.011396 0.0091672 0.011993 0.013308 0.010556 0.011325 0.0036429 0.0092442 0.0097952 0.008638 0.010281 0.0077073 0.0078888 0.0082031 0.013198 0.00938 0.0033819 0.0050505 0.0025106 0.011689 0.010071 0.012447 0.0095152 0.0073845 0.013436 0.022306 0.019403 0.020526 0.012504 0.012955 0.018804 0.014778 0.019057 0.016118 0.023968 0.017181 0.014589 0.014527 0.011922 0.013674 0.015137 0.017639 0.017818 0.018148 0.017979 0.017405 0.01925 0.014877 0.020122 0.022097 0.02098 0.018351 0.023767 0.026821 0.033428 0.032085 0.03366 0.031025 0.034582 0.0311 0.028437 0.034537 0.032012 0.024885 0.023159 0.023144 0.025212 0.027661 0.035629 0.028861 0.029149 0.031147 0.025813 0.026475 0.028725 0.027214 0.02417 0.025035 0.027827 0.029255 0.029033 0.022233 0.022855 0.024991 0.025865 0.027646 0.027878 0.025469 0.030419 0.030911 0.034971 0.040456 0.036667 0.032048 0.03307 0.033096 0.039894 0.047326 0.045498 0.046255 0.046293 0.044164 0.044757 0.040645 0.032377 0.03286 0.037219 0.034618 0.034799 0.030495 0.032383 0.026008 0.024999 0.026278 0.024449 0.023014 0.020999 0.019737 0.014608 0.016563 0.012026 0.010742 0.0092593 0.013152 0.022773 0.018343 0.015215 0.02136 0.019817 0.019223 0.011265 0.011329 0.01611 0.016754 0.013304 0.012017 0.017595 0.0053817 0.0073037 0.0095494 0.01119 0.015406 0.0159 0.0077686 0.0070889 0.0067792 0.0086187 0.020647 0.019192 0.017969 0.017892 0.023225 0.018041 0.017512 0.014507 0.014166 0.02029 0.016835 0.021892 0.021966 0.017433 0.01697 0.016171 0.018002 0.015082 0.013392 0.016532 0.011892 0.015035 0.019476 0.020822 0.021622 0.022193 0.015466 0.016972 0.015073 0.012618 0.016145 0.023058 0.019366 0.017235 0.013777 0.018034 0.016718 0.016229 0.01658 0.014973 0.022299 0.033195 0.040006 0.041935 0.046668 0.046783 0.045086 0.044231 0.040374 0.038404 0.027416 0.027874 0.030889 0.026753 0.025647 0.031446 0.036378 0.032933 0.036281 0.039143 0.042421 0.052151 0.064788 0.078212 0.096776 0.10831 0.11143 0.12115 0.1244 0.11301 0.10546 0.094188 0.078013 0.060861 0.051685 0.044892 0.032353 0.032728 0.030046 0.023652 0.02136 0.018099 0.015552 0.017231 0.014642 0.012745 0.006802 0.0014584 0.0020709 -0.0033574 -0.003106 -0.0055257 -0.0057621 -0.0067676 -0.0091264 -0.01109 -0.011346 -0.0089996 -0.0039414 -0.0055388 -0.0054503 -0.0056054 -0.0021313 -0.001096 -0.0039533 0.00013125 -0.0050636 -0.0042598 0.0018084 -0.00040799 -0.0047392 -0.00048338 0.0041947 -0.001859 -0.001835 0.0011266 0.0033386 -0.00063667 0.0016279 0.0050948 0.0054478 0.0055078 0.008156 0.0094065 0.013805 0.012708 0.011275 0.015024 0.018435 0.019496 0.021666 0.021507 0.01946 0.014295 0.023523 0.023234 0.020281 0.019083 0.015567 0.015928 0.010623 0.010546 0.0077966 0.0036079 0.0098343 0.0086207 0.010705 0.007211 -0.00073656 0.0031651 -0.0030352 -0.0076967 -0.0030355 -0.0041499 -0.0056762 -0.0022437 -0.0042492 -0.0072001 -0.011953 -0.0087719 -0.015279 -0.0080795 -0.0095339 -0.0095431 -0.0081982 -0.01009 -0.011382 -0.00938 -0.0044814 -0.0040334 -0.0073508 -0.0048751 -0.0062378 -0.0078018 -0.0074823 -0.010001 -0.0048533 -0.0091787 -0.0032681 0.0036444 -0.0015212 -0.0071532 -0.012007 -0.0098404 -0.012015 -0.0058692 -0.0024539 -0.0037682 -0.0039311 -0.0088808 -0.012396 -0.011211 -0.011647 -0.010158 -0.0052398 -0.0054054 -0.0089335 -0.013691 -0.011099 -0.0082138 -0.0091912 -0.0098492 -0.014737 -0.013886 -0.011829 -0.0051955 -0.010204 -0.010958 -0.0075815 -0.0074842 -0.0041857 -0.0076366 -0.0095522 -0.0053784 -0.0077385 -0.0099391 -0.0078502 -0.0086205 -0.013388 -0.013051 -0.010186 -0.0097209 -0.0028443 -0.0020535 -0.0072361 -0.0043411 -0.0098018 -0.0082288 -0.002429 -0.007657 -0.0026647 0.0001179 -0.003978 -0.0064775 -0.0035716 -0.0059772 -0.0031088 -0.004861 -0.00064614 -0.0054576 -0.0049958 -0.011699 -0.010701 -0.007236 -0.0071975 -0.010138 -0.010352 -0.00708 -0.0042469 -0.0016537 -0.007207 -0.0082668 -0.0060855 -0.005886 -0.0063807 0.00093469 -0.0053507 -0.010027 -0.0081389 -0.0060453 -0.0021888 -0.0068397 -0.0076992 -0.013338 -0.0083713 -0.0044319 -0.0078434 -0.0057485 -0.0045963 -0.0054125 -0.0047439
0.21804 0.216 0.21399 0.21723 0.21507 0.21288 0.20711 0.20164 0.19584 0.1801 0.17796 0.16252 0.1531 0.13794 0.12461 0.1151 0.10624 0.09439 0.088601 0.080324 0.076206 0.074124 0.058279 0.055693 0.057759 0.052057 0.050801 0.038981 0.040947 0.038667 0.041606 0.039747 0.039493 0.03163 0.035463 0.031684 0.026473 0.021089 0.023134 0.025923 0.023101 0.019231 0.024892 0.017697 0.011315 0.016854 0.013833 0.01152 0.011444 0.015636 0.0087696 0.008407 0.0063443 0.014801 0.014831 0.015476 0.021846 0.024325 0.028705 0.024875 0.037554 0.036973 0.036763 0.033003 0.032267 0.032911 0.034984 0.028596 0.022379 0.022087 0.028442 0.02219 0.013882 0.016462 0.018522 0.025676 0.02201 0.021714 0.020667 0.015989 0.015645 0.019669 0.027339 0.030823 0.030452 0.032984 0.034071 0.039414 0.042687 0.046041 0.041587 0.039755 0.041326 0.042831 0.04531 0.044886 0.050348 0.051256 0.043801 0.04927 0.049141 0.045477 0.047233 0.040315 0.039595 0.039477 0.039983 0.044145 0.052092 0.05273 0.058822 0.061689 0.065071 0.064301 0.059565 0.063093 0.057846 0.05371 0.051468 0.053382 0.047961 0.039438 0.030607 0.028574 0.029425 0.037763 0.04195 0.031233 0.032143 0.030698 0.032667 0.030996 0.028817 0.022549 0.023571 0.023557 0.028075 0.027667 0.028013 0.030233 0.028317 0.029003 0.025832 0.02854 0.042229 0.046603 0.043631 0.037612 0.032095 0.036498 0.032764 0.026288 0.027317 0.018307 0.022098 0.019582 0.014934 0.018532 0.026107 0.028814 0.026593 0.035702 0.042133 0.039704 0.043085 0.042495 0.040114 0.038426 0.039076 0.032212 0.031498 0.026473 0.027431 0.017098 0.009817 0.010607 0.014784 0.018904 0.016483 0.0067117 0.0091812 0.012092 0.015855 0.019416 0.010215 0.012611 0.023046 0.024431 0.028011 0.031195 0.038608 0.038734 0.039522 0.043064 0.056345 0.066703 0.083576 0.083156 0.085418 0.076042 0.067651 0.054739 0.037176 0.033654 0.025697 0.021288 0.030246 0.025904 0.020197 0.023404 0.014888 0.0077214 0.0079838 0.0032681 0.010978 0.0069034 0.010096 0.0054974 0.008729 0.0068507 -0.0031145 0.0030188 0.0018031 0.011804 0.020582 0.016694 0.016065 0.020138 0.016954 0.015871 0.018342 0.019244 0.015579 0.015953 0.012964 0.015896 0.021995 0.023493 0.022651 0.018138 0.0213 0.011484 0.004337 0.0076258 0.0051408 0.0024569 0.00153 0.0026475 6.9157e-05 -0.0041753 0.00055553 -0.00014216 -0.0039495 0.0082643 0.00091434 -0.002441 0.00098098 -0.0027429 -0.0077728 -0.0041875 0.002886 0.0010106 0.0052623 0.0021905 -0.003065 -0.0020306 1.1182e-05 -0.00014785 0.0015951 0.0083705 0.0035553 0.0048225 0.0072813 0.00056047 0.0024603 0.00028473 0.0056724 0.0073753 0.0047361 0.0070203 0.00055087 0.0045087 0.0034919 0.0021084 0.0034755 0.0037465 0.0037849 0.0052742 0.01275 0.0061701 -0.001177 0.0011341 -0.00089816 0.0092755 0.006092 0.011207 0.0067403 0.0031908 0.0049094 0.01236 0.011101 0.012765 0.0030457 0.004793 0.012958 0.0096215 0.01368 0.011594 0.019832 0.015024 0.011406 0.01189 0.010894 0.011781 0.013459 0.015281 0.010633 0.0089377 0.010693 0.012389 0.012901 0.0085516 0.01386 0.016883 0.015952 0.012299 0.019795 0.0222 0.027494 0.026068 0.023228 0.019764 0.026187 0.022269 0.018311 0.023385 0.022253 0.014845 0.012191 0.016006 0.020979 0.021329 0.028963 0.020386 0.019018 0.021451 0.017145 0.020118 0.022935 0.020855 0.017799 0.017141 0.021151 0.024982 0.0221 0.0132 0.015282 0.01667 0.017753 0.019614 0.014848 0.009213 0.019141 0.021491 0.024378 0.029276 0.026623 0.02309 0.023273 0.021754 0.026345 0.035393 0.031928 0.029881 0.032326 0.032449 0.03074 0.028691 0.019706 0.021174 0.026452 0.02284 0.025818 0.019938 0.02223 0.01757 0.019512 0.017468 0.018311 0.017841 0.016655 0.018515 0.012333 0.01568 0.010418 0.0074238 0.0040858 0.0073999 0.018291 0.013529 0.010929 0.018546 0.012718 0.017667 0.0092211 0.0095943 0.013799 0.010005 0.0068686 0.0057989 0.0094616 -0.002219 0.0030613 0.0071098 0.0077964 0.012714 0.011807 0.0053364 0.0041726 0.0030937 0.0058073 0.015454 0.012764 0.0097958 0.012308 0.015053 0.010988 0.010728 0.0060598 0.0036425 0.01139 0.0087829 0.014532 0.014892 0.010824 0.011217 0.0087796 0.0082106 0.0073013 0.0070405 0.0073821 0.0048184 0.0083391 0.014576 0.016479 0.017934 0.018691 0.0077752 0.0098423 0.0081786 0.007139 0.0098506 0.019385 0.014791 0.015697 0.010751 0.011852 0.011536 0.0083296 0.0066025 0.004323 0.010513 0.020135 0.026989 0.027624 0.034247 0.030591 0.02742 0.030111 0.027895 0.025573 0.013346 0.016941 0.022847 0.017879 0.01548 0.024109 0.026732 0.022015 0.024076 0.02545 0.025813 0.03356 0.043456 0.05231 0.065612 0.070542 0.069969 0.081391 0.081872 0.076084 0.071296 0.063524 0.053773 0.045597 0.039556 0.035886 0.025429 0.026529 0.025885 0.019641 0.016646 0.013198 0.011292 0.011845 0.010557 0.010025 0.0026383 -0.004078 -0.0021083 -0.0048657 -0.002703 -0.0089344 -0.0098671 -0.0091462 -0.011224 -0.012395 -0.012754 -0.012078 -0.005485 -0.0075208 -0.0065422 -0.0040007 -0.0035179 -0.0011134 -0.0045136 0.0018746 -0.0069214 -0.0056372 -0.0012596 -0.0052771 -0.008116 -0.0037142 0.00038985 -0.004503 -0.005436 -0.0048687 -0.0018898 -0.0079355 -0.0038325 0.0016926 0.0026119 0.0021551 0.0031656 0.0021658 0.0069455 0.0068254 0.0044982 0.0071009 0.010154 0.0080765 0.012063 0.0092874 0.012197 0.0054187 0.016921 0.017871 0.014497 0.013344 0.011632 0.0099681 0.0020678 0.0043905 0.0026567 -0.0014179 0.0083692 0.0042866 0.0061498 0.0046381 -0.0032903 0.0050788 -0.0034598 -0.0092912 -0.0043438 -0.0039563 -0.0052308 -0.00012552 -0.0038909 -0.0075962 -0.0086514 -0.006847 -0.013529 -0.00634 -0.0074922 -0.0074587 -0.0048194 -0.0084233 -0.0077265 -0.0097224 -0.0058255 -0.0028415 -0.0053826 -0.001873 -0.0034863 -0.0082606 -0.0047154 -0.0052155 -0.0018696 -0.007249 -0.0021146 0.0053876 0.00051726 -0.0081057 -0.011635 -0.010771 -0.011328 -0.0044656 0.0019051 -0.0018009 -0.002083 -0.0072958 -0.012335 -0.010339 -0.012509 -0.011282 -0.0036998 -0.002767 -0.0080755 -0.013511 -0.012554 -0.0075904 -0.0087408 -0.0087215 -0.015657 -0.014057 -0.0093395 -0.0072395 -0.01288 -0.010116 -0.0093213 -0.0089008 -0.0046233 -0.0081828 -0.0096981 -0.0067226 -0.010553 -0.012874 -0.010597 -0.01 -0.015018 -0.013191 -0.012752 -0.011307 -0.0057652 -0.0035776 -0.011469 -0.005233 -0.010795 -0.008045 -0.00070429 -0.0072289 -0.0019673 -0.00086104 -0.0050861 -0.00912 -0.0052245 -0.0043041 -0.0034891 -0.0057962 0.0010158 -0.0038035 -0.0037529 -0.010309 -0.010599 -0.0048741 -0.0062334 -0.0097885 -0.010119 -0.0076937 -0.0072825 -0.0072324 -0.010506 -0.0091061 -0.0062801 -0.0061211 -0.0082801 0.0019477 -0.0035336 -0.007574 -0.0083486 -0.0074299 -0.0031598 -0.0095089 -0.0085193 -0.012267 -0.0076452 -0.0042148 -0.0083182 -0.0071406 -0.0067533 -0.0083096 -0.0059232
0.22302 0.2351 0.24143 0.24121 0.24177 0.24476 0.24119 0.24195 0.23967 0.23122 0.22596 0.21006 0.20418 0.18513 0.17375 0.15823 0.14283 0.13322 0.12077 0.10492 0.097807 0.087323 0.082915 0.075553 0.058982 0.056184 0.055969 0.048163 0.044554 0.03099 0.032563 0.029588 0.029799 0.029221 0.027592 0.021221 0.023566 0.018664 0.013081 0.0063749 0.0056693 0.0071278 0.0063789 0.0019619 0.0096785 0.0019061 -0.008496 -0.0035292 -0.0051972 -0.0050611 -0.0045018 -0.0010704 -0.009327 -0.0074103 -0.011545 -0.0018124 -0.0054428 -0.0071722 -0.0030641 -0.0010699 0.0028398 -0.0019182 0.0077555 0.0089744 0.0087401 0.0090805 0.013825 0.010847 0.014542 0.010592 0.0059107 0.0054567 0.012506 0.0060968 -0.002612 0.00057859 -0.00023336 0.0046544 0.00070928 0.0035685 0.0038635 -0.0040024 -0.0055823 -0.00038086 0.0078609 0.0094824 0.0090301 0.011138 0.010656 0.016414 0.019844 0.022757 0.01613 0.01652 0.019011 0.017871 0.01857 0.019691 0.025485 0.025168 0.016594 0.024412 0.02156 0.020003 0.025757 0.01735 0.018131 0.019202 0.017338 0.01897 0.025994 0.026249 0.030907 0.032095 0.033736 0.03365 0.026995 0.033635 0.031782 0.030862 0.033785 0.032719 0.028251 0.021979 0.015925 0.011448 0.013097 0.021114 0.024941 0.015532 0.016102 0.014898 0.015985 0.017202 0.015529 0.0047236 0.010409 0.0074916 0.013363 0.012917 0.010051 0.013596 0.012717 0.014178 0.011949 0.0092091 0.017874 0.019841 0.018153 0.014139 0.01197 0.019027 0.017717 0.013249 0.014653 0.0062222 0.0077098 0.0070086 0.0028917 0.0051201 0.011296 0.014656 0.014121 0.020682 0.024693 0.020852 0.02112 0.021936 0.018622 0.015503 0.017421 0.0163 0.016271 0.012429 0.015448 0.0072089 0.0040844 0.0043686 0.0069409 0.0096904 0.0059494 -3.6681e-05 0.00019417 0.0026669 0.0077921 0.011075 0.0021728 0.0018531 0.01017 0.0085386 0.011825 0.011742 0.016638 0.014588 0.012084 0.019201 0.026796 0.036197 0.049393 0.045037 0.046409 0.042151 0.040898 0.035404 0.023316 0.022492 0.015808 0.013416 0.020921 0.018869 0.012529 0.015446 0.0085669 0.0037475 0.0017051 -0.0043279 0.0047887 0.0014985 0.0063635 0.0020975 0.0019207 0.00083893 -0.007484 -0.0017785 -0.0021687 0.0044588 0.0094449 0.0060653 0.0058937 0.0088749 0.0034957 0.0026541 0.0043299 0.0060851 0.0072559 0.007927 0.0042244 0.0052113 0.01193 0.013552 0.015698 0.011873 0.013611 0.0038348 -0.0034543 0.00047882 -0.0027173 -0.0043452 -0.0013619 -0.0028233 -0.0053396 -0.0076875 -0.0043044 -0.0056688 -0.0081443 0.0027375 -0.0017468 -0.0032141 -0.0015826 -0.0027137 -0.0070257 -0.0049073 0.0032292 -0.0011383 -2.6691e-05 -0.003387 -0.0078535 -0.0071347 -0.0082106 -0.0069586 -0.0044206 0.0022064 0.0010331 0.0005983 0.00088978 -0.0050333 -0.0037778 -0.0070643 -0.001765 0.0012452 -0.0010787 0.0011809 -0.002281 -0.00033032 -0.0032708 -0.0052576 -0.0041057 -0.0019509 -0.00093287 6.4337e-05 0.0085987 0.00097533 -0.0051147 -0.0028603 -0.0038398 0.0050451 0.0014625 0.0076998 0.0039195 0.0002073 -0.0036595 0.00077435 0.00095603 0.002003 -0.0059083 -0.0044635 0.0032863 0.0035821 0.0070915 0.0054195 0.011544 0.010856 0.0069299 0.0058807 0.0059852 0.0071536 0.01011 0.0093895 0.0024874 -0.0016845 0.0028338 0.0058657 0.0055064 0.0015002 0.0048567 0.0092472 0.0089695 0.0064292 0.013022 0.01326 0.016567 0.016792 0.009457 0.0073408 0.014932 0.011715 0.0063416 0.0081059 0.0086236 0.0050276 0.00069185 0.0063102 0.012434 0.010819 0.017381 0.0096009 0.007979 0.0091961 0.0082656 0.012792 0.013012 0.011211 0.0091299 0.0074981 0.011623 0.016286 0.012283 0.0037077 0.0070057 0.0069988 0.0088379 0.0095924 0.0019183 -0.0051589 0.0069453 0.011538 0.011611 0.014021 0.013247 0.013281 0.011955 0.0092237 0.011187 0.018612 0.017526 0.012678 0.01638 0.018313 0.013839 0.01413 0.0068112 0.0079256 0.011606 0.008065 0.014707 0.0085185 0.010814 0.0085009 0.011299 0.0049398 0.0077183 0.0074193 0.0066462 0.011256 0.0076711 0.011243 0.0067522 0.0023762 -0.0023596 0.00073073 0.01006 0.0053756 0.0037837 0.012268 0.0041287 0.012395 0.0059017 0.0063217 0.0091363 0.0023323 -0.00092211 0.00036058 0.00072358 -0.0084638 -0.0016466 0.0043375 0.0042564 0.0075574 0.0058238 0.0030534 0.0011499 0.0012023 0.0022189 0.0087478 0.0056291 0.0016168 0.0051035 0.0051613 0.0028345 0.0031813 -0.0019252 -0.0042927 0.0017302 -0.00031701 0.0032112 0.0041486 0.0033585 0.0047898 0.0027357 -0.0010467 -0.00047032 0.0004589 -0.0016208 7.7022e-05 0.0027094 0.0084369 0.011431 0.011812 0.012939 0.0001211 0.0023714 0.001108 0.0027358 0.0041098 0.012139 0.0090246 0.01274 0.0083781 0.0060016 0.0049453 0.00091043 -0.00040647 -0.0013959 0.0015754 0.0081306 0.012963 0.012595 0.019318 0.012195 0.0090054 0.013503 0.013573 0.011154 0.0024497 0.0054756 0.011961 0.009691 0.0058562 0.014794 0.013114 0.009097 0.010432 0.011334 0.0088415 0.014015 0.020031 0.024731 0.031324 0.03138 0.028298 0.037233 0.033762 0.03308 0.031916 0.028466 0.024687 0.02471 0.021275 0.018945 0.012326 0.012442 0.015777 0.012539 0.0090434 0.0062329 0.005325 0.0040719 0.0045628 0.0053491 -0.00048445 -0.0068318 -0.005713 -0.0058924 -0.0035701 -0.0092543 -0.01272 -0.010963 -0.011245 -0.01141 -0.011528 -0.011828 -0.007591 -0.0095715 -0.0082991 -0.0018065 -0.0047655 -0.0025146 -0.0049732 0.00087025 -0.0074123 -0.0048181 -0.0041938 -0.0071293 -0.008297 -0.0053022 -0.0033501 -0.004847 -0.0065832 -0.0089969 -0.0063094 -0.01241 -0.0062365 0.00025222 0.0011 0.00078661 -0.00046087 -0.0037932 0.00037774 0.0015852 -0.00096861 0.00049465 0.0038218 -0.0011306 0.0023615 -0.0028926 0.0047782 -0.00042788 0.0088887 0.010342 0.0055538 0.0046005 0.0043002 0.0002708 -0.0060791 -0.001722 -0.0017866 -0.0049053 0.0037363 -0.0012409 -0.00048628 -0.00062512 -0.0056251 0.0030573 -0.0041549 -0.0083585 -0.0044759 -0.0016985 -0.0032626 0.0015204 -0.0029888 -0.0070446 -0.0049234 -0.004699 -0.0095254 -0.0042549 -0.0057655 -0.0060427 -0.00023696 -0.0038438 -0.0015256 -0.0078574 -0.0057825 -0.001937 -0.0036203 7.9587e-05 -0.00080752 -0.0066504 -0.00099432 -0.0012628 -0.00042821 -0.0056014 -0.0021265 0.0043373 0.00057484 -0.0090896 -0.0089531 -0.0097678 -0.0083156 -0.0022677 0.0048386 -0.0011196 -0.00032804 -0.004528 -0.0085715 -0.0055683 -0.0099562 -0.0091257 -0.0025134 -0.0014957 -0.0059254 -0.01075 -0.012294 -0.0066122 -0.0087737 -0.0070661 -0.013867 -0.012475 -0.0068836 -0.0086536 -0.01225 -0.0072646 -0.010147 -0.008582 -0.0045699 -0.0079748 -0.0089733 -0.0073721 -0.010156 -0.012594 -0.011077 -0.0089895 -0.013372 -0.010489 -0.012968 -0.010152 -0.0076919 -0.0049191 -0.013334 -0.0051918 -0.0070627 -0.0051567 -0.00042472 -0.0063289 -0.0018507 -0.0023598 -0.0051106 -0.0097013 -0.0064071 -0.0021388 -0.003449 -0.0057987 0.00042678 -0.0014648 -0.00082945 -0.0065648 -0.0080491 -0.0026007 -0.0037344 -0.0068919 -0.006676 -0.0060503 -0.009791 -0.012866 -0.01113 -0.0081998 -0.0049609 -0.0060497 -0.0087937 0.0012203 -0.0016709 -0.0039887 -0.0079115 -0.0082446 -0.0046033 -0.0098467 -0.0084828 -0.0082873 -0.0052801 -0.0031422 -0.0072806 -0.0074678 -0.0069637
0.25451 0.25295 0.24993 0.24301 0.23426 0.22374 0.21427 0.19497 0.18041 0.17316 0.165 0.15638 0.14342 0.12768 0.12061 0.11028 0.09688 0.093458 0.088321 0.078145 0.068736 0.061175 0.059174 0.05928 0.053468 0.046321 0.043244 0.039482 0.03461 0.030949 0.027844 0.028059 0.031523 0.026603 0.024637 0.021332 0.026189 0.024749 0.022197 0.019591 0.015835 0.014227 0.010316 0.010657 0.0067805 0.0075025 0.0080572 0.004876 0.0094276 0.0070635 0.0075932 0.0069162 0.0091971 0.010501 0.011163 0.0087397 0.010344 0.011208 0.013545 0.014527 0.014584 0.011539 0.0078586 0.0072049 0.0062917 0.0087997 0.0084481 0.012092 0.010311 0.010004 0.012208 0.012849 0.016401 0.015969 0.018738 0.017385 0.016477 0.01774 0.018559 0.018548 0.018294 0.018695 0.018678 0.018894 0.021317 0.016469 0.01524 0.017567 0.02464 0.029533 0.029515 0.029327 0.031221 0.030745 0.029391 0.030945 0.03161 0.032212 0.034058 0.033151 0.034093 0.032827 0.029471 0.028578 0.030652 0.030139 0.029398 0.026335 0.024569 0.024148 0.021525 0.023155 0.025401 0.027583 0.025792 0.02696 0.023614 0.02552 0.028945 0.027212 0.028039 0.03274 0.031393 0.029662 0.027522 0.026963 0.025393 0.026694 0.025164 0.026297 0.027734 0.026685 0.025118 0.023322 0.024383 0.023596 0.0247 0.027469 0.023369 0.023381 0.02674 0.024219 0.022234 0.025995 0.026236 0.026303 0.026066 0.025514 0.029108 0.027702 0.027313 0.030318 0.030586 0.023765 0.025771 0.026249 0.027009 0.023475 0.025179 0.024688 0.023875 0.024863 0.023735 0.026774 0.02805 0.026228 0.025578 0.028366 0.028071 0.026414 0.026405 0.025754 0.024364 0.02705 0.028265 0.026275 0.021717 0.025018 0.027091 0.027864 0.027988 0.028531 0.027201 0.026335 0.025607 0.023522 0.02153 0.021968 0.023854 0.024664 0.029246 0.031325 0.031227 0.029257 0.030922 0.031508 0.034681 0.041481 0.043034 0.040275 0.04266 0.046332 0.044482 0.043672 0.043399 0.040514 0.042466 0.043866 0.040619 0.043613 0.041814 0.043151 0.041526 0.035115 0.036352 0.036581 0.037044 0.033364 0.025804 0.026198 0.023878 0.022455 0.018176 0.018913 0.021766 0.023378 0.021604 0.020862 0.020493 0.023978 0.02547 0.027628 0.028556 0.030894 0.036036 0.03257 0.032125 0.028899 0.029143 0.031273 0.03358 0.035669 0.034393 0.030512 0.02977 0.027426 0.025754 0.02567 0.022431 0.023009 0.021882 0.018841 0.016295 0.019918 0.017016 0.013715 0.013173 0.012001 0.013603 0.010995 0.01261 0.01095 0.0050273 0.0089687 0.008338 0.0061106 0.0035735 0.0055352 0.0043387 0.00083649 0.0025112 0.0048018 0.0061011 0.0063682 0.0084171 0.0055521 0.0068325 0.0090471 0.008837 0.0085791 0.0047127 0.0041491 0.0068704 0.0090403 0.010007 0.0092534 0.010478 0.011501 0.0038241 0.0047982 0.010582 0.014171 0.01536 0.015307 0.014346 0.010999 0.011694 0.0088649 0.010827 0.015376 0.01463 0.011818 0.0078949 0.014809 0.014248 0.010279 0.011521 0.0092714 0.011048 0.013496 0.012054 0.01236 0.010933 0.013117 0.014343 0.014468 0.014777 0.015277 0.016857 0.019239 0.019146 0.01732 0.017514 0.0186 0.017816 0.017283 0.018446 0.019564 0.020572 0.0203 0.020262 0.023569 0.025144 0.024069 0.022823 0.023713 0.024668 0.027001 0.026565 0.028395 0.02843 0.031516 0.028871 0.031395 0.029874 0.029918 0.029959 0.031145 0.030651 0.031659 0.030726 0.031727 0.032414 0.032412 0.03171 0.032009 0.032143 0.030207 0.030831 0.028766 0.027874 0.028772 0.027512 0.027544 0.027469 0.028642 0.027887 0.02759 0.02746 0.030809 0.0318 0.034427 0.035554 0.033851 0.035773 0.036452 0.038881 0.04046 0.038432 0.03823 0.03986 0.037545 0.042475 0.045046 0.046515 0.050355 0.051005 0.052672 0.054447 0.053672 0.054675 0.053072 0.048284 0.047352 0.049295 0.047203 0.044165 0.043595 0.04454 0.046219 0.047279 0.042889 0.043116 0.039501 0.035505 0.035755 0.038285 0.033297 0.035782 0.032257 0.030451 0.028838 0.025871 0.023797 0.025963 0.026612 0.026105 0.024246 0.023144 0.021425 0.02273 0.021551 0.020988 0.019805 0.020822 0.017888 0.015092 0.016732 0.016719 0.015583 0.015309 0.015687 0.016545 0.015926 0.015495 0.012915 0.017211 0.016648 0.018635 0.020866 0.019589 0.015172 0.011545 0.0086223 0.013276 0.010534 0.011746 0.0085932 0.0095834 0.012757 0.0099988 0.01254 0.015025 0.011574 0.0083261 0.0076854 0.0094528 0.0057834 0.0075854 0.0053529 0.0061695 0.0045338 0.0052797 0.0075345 0.008256 0.009763 0.0063791 0.0048955 0.0064167 0.0067733 0.0090306 0.0089749 0.013099 0.014263 0.013474 0.012288 0.014769 0.011935 0.011209 0.0156 0.015566 0.014962 0.014389 0.015762 0.01534 0.017541 0.020101 0.020109 0.022424 0.023695 0.025244 0.027006 0.025315 0.026306 0.024679 0.026053 0.030506 0.030063 0.026541 0.028173 0.030268 0.030445 0.026496 0.031361 0.028462 0.025926 0.028472 0.025477 0.022864 0.02092 0.017726 0.013979 0.010725 0.012034 0.014528 0.014348 0.013502 0.015909 0.020081 0.015015 0.011994 0.010832 0.012428 0.015781 0.011537 0.01028 0.0094288 0.0097758 0.011618 0.012812 0.0083849 0.010254 0.0064845 0.0046878 0.00013296 0.0030545 0.0056047 0.0055701 0.0044635 0.0054758 0.0042327 0.0040599 0.0034859 0.00096656 0.0035422 0.0046475 0.0030748 0.0029616 0.0050979 0.0064397 0.011173 0.011274 0.01592 0.017168 0.013785 0.014614 0.014688 0.019258 0.017853 0.02252 0.019557 0.021477 0.017108 0.017634 0.019205 0.017621 0.015636 0.017752 0.019547 0.013396 0.013761 0.020352 0.017798 0.012963 0.0088874 0.0063271 0.0070158 0.011151 0.011598 0.0039322 0.006715 0.0051545 0.0056904 0.0042039 0.0050177 0.0047045 0.0073983 0.010028 0.010073 0.010496 0.010459 0.0069938 0.0043725 0.0059025 0.0098362 0.010673 0.010073 0.0088909 0.0068775 0.0046965 0.0090375 0.0082254 0.0067331 0.0019579 0.0040735 0.0028218 0.0025077 0.0030442 0.0011085 -0.0011478 -0.0043286 -0.0028369 -0.00087601 0.001554 0.00070168 0.0014945 0.0029556 0.0046401 0.0058001 0.0021199 0.0023614 0.0024804 0.004195 0.0038754 0.0020372 0.004258 0.00148 0.0015941 0.0013399 0.00026151 0.00044147 -0.0018522 0.00033724 0.0021507 0.0026659 0.0041561 0.0064489 0.0050102 0.00066907 0.00052331 -0.0019394 0.0024128 0.0013139 0.0017912 0.004007 0.0051632 0.0050676 0.0022072 0.0029166 0.0020921 0.0037052 0.0032919 0.00059639 -0.002052 0.00030656 -0.00082961 0.0028029 0.0030009 -0.00032811 -0.00088383 -0.0033261 -0.0031468 -0.0023046 -0.0028692 0.0017704 0.0040296 0.0022552 0.0017382 -0.00071884 -0.0010896 0.00018656 -0.0027385 -0.0021826 -0.0022479 -0.0029629 -0.0026232 0.00082002 -0.0014236 -0.00084992 0.0027355 -0.0002959 0.0015056 -0.0031839 -0.0017874 -0.0044592 -0.0040664 -0.00028794 -0.00017225 0.00069096 0.00092174 -0.0018759 -0.0020503
0.20101 0.19966 0.19465 0.18577 0.17433 0.1642 0.15663 0.14046 0.12986 0.12514 0.1179 0.11063 0.10003 0.086759 0.082974 0.076398 0.065757 0.067571 0.067295 0.058779 0.050473 0.046014 0.046267 0.047738 0.045197 0.04246 0.040732 0.036936 0.032271 0.030138 0.029592 0.029719 0.033813 0.027023 0.026596 0.024135 0.028914 0.027921 0.026796 0.024239 0.019173 0.018328 0.011796 0.015529 0.012949 0.014145 0.013896 0.011053 0.014238 0.010701 0.010248 0.011248 0.016371 0.017512 0.016422 0.01338 0.015908 0.018522 0.020598 0.021076 0.021922 0.019146 0.015491 0.016156 0.013312 0.016646 0.01749 0.02111 0.019357 0.019634 0.022952 0.022036 0.025648 0.025007 0.028759 0.027514 0.026526 0.026528 0.030465 0.029359 0.029097 0.028824 0.029827 0.03244 0.035669 0.030938 0.032212 0.034135 0.042384 0.048463 0.049442 0.050575 0.053292 0.051231 0.048262 0.05 0.04987 0.050581 0.052018 0.048251 0.050696 0.049741 0.043635 0.042416 0.043286 0.04456 0.043674 0.040218 0.037885 0.038413 0.034475 0.038588 0.04096 0.044264 0.040532 0.041581 0.040072 0.04222 0.045603 0.043403 0.04327 0.049668 0.046555 0.0439 0.040193 0.040723 0.038235 0.039356 0.03834 0.03867 0.038898 0.037436 0.035365 0.033061 0.035939 0.033594 0.034856 0.038897 0.036658 0.037759 0.0411 0.038145 0.035476 0.038008 0.038449 0.038546 0.039707 0.039708 0.041424 0.040054 0.041366 0.043612 0.044841 0.036319 0.037986 0.036966 0.036305 0.035601 0.03608 0.034365 0.034494 0.03676 0.034352 0.040077 0.041976 0.040982 0.039944 0.043749 0.042841 0.041989 0.041486 0.037942 0.038236 0.040656 0.041374 0.038457 0.031838 0.033588 0.036452 0.037574 0.038281 0.03749 0.035725 0.036133 0.036084 0.03333 0.030974 0.032564 0.039063 0.041584 0.046927 0.049645 0.051485 0.052352 0.055659 0.056923 0.063386 0.068341 0.06869 0.06613 0.069057 0.070465 0.066335 0.061952 0.05995 0.054448 0.056105 0.055721 0.050973 0.052008 0.05099 0.051239 0.047541 0.041629 0.042027 0.040369 0.040162 0.038135 0.03039 0.030481 0.028578 0.027177 0.024333 0.029251 0.035049 0.039539 0.039037 0.037986 0.03863 0.041262 0.042489 0.045635 0.04427 0.045925 0.050278 0.046134 0.043662 0.040375 0.04101 0.040081 0.043753 0.043873 0.042322 0.034938 0.034022 0.030236 0.026612 0.027928 0.024772 0.025177 0.024324 0.020347 0.019035 0.021874 0.017215 0.014414 0.014167 0.012875 0.014929 0.010669 0.010843 0.011066 0.005456 0.010302 0.0073837 0.0048995 0.0049384 0.0083007 0.0077845 0.0032114 0.0038334 0.0053646 0.0076352 0.0084602 0.012868 0.010632 0.012423 0.014892 0.015546 0.015395 0.010207 0.010738 0.012393 0.018037 0.017808 0.01729 0.015938 0.019056 0.011297 0.010435 0.015877 0.019253 0.020926 0.022432 0.022241 0.018515 0.017784 0.013391 0.016275 0.020412 0.018412 0.017265 0.012678 0.019369 0.020671 0.016175 0.019804 0.015864 0.015329 0.019318 0.017593 0.019985 0.017173 0.017979 0.019679 0.020354 0.021476 0.023838 0.025656 0.026896 0.027877 0.026267 0.025921 0.028662 0.027012 0.024224 0.027508 0.02759 0.030779 0.030638 0.031467 0.034334 0.037102 0.038865 0.036147 0.037433 0.037558 0.040617 0.040575 0.043144 0.040986 0.042046 0.040566 0.044072 0.040704 0.040292 0.04105 0.040252 0.040701 0.041513 0.038836 0.039951 0.041303 0.041811 0.040833 0.040644 0.040645 0.0371 0.037934 0.03562 0.03544 0.037748 0.037034 0.038383 0.039759 0.041221 0.041425 0.040444 0.040654 0.044954 0.046101 0.048157 0.049904 0.049027 0.049961 0.051592 0.053394 0.054101 0.053074 0.053926 0.057958 0.056256 0.059384 0.064067 0.065465 0.070282 0.070298 0.071823 0.073153 0.070293 0.06922 0.064639 0.058049 0.057858 0.060609 0.054942 0.049716 0.048052 0.0493 0.051103 0.05119 0.045817 0.046233 0.041721 0.036113 0.037595 0.040904 0.035333 0.037669 0.034125 0.031653 0.028903 0.026207 0.024566 0.025796 0.026466 0.025697 0.025386 0.025446 0.022943 0.024698 0.023087 0.022693 0.022134 0.022681 0.019122 0.016922 0.019058 0.017795 0.017631 0.018685 0.018961 0.020665 0.019195 0.018768 0.013221 0.017672 0.017229 0.021818 0.024103 0.022559 0.01787 0.01391 0.010287 0.014625 0.011194 0.012873 0.0079259 0.010058 0.01154 0.0093728 0.011116 0.01646 0.011091 0.0068558 0.0075756 0.0099603 0.0059789 0.01045 0.0086682 0.0081713 0.0048909 0.0067782 0.0093885 0.010544 0.012653 0.011057 0.0087111 0.010958 0.012479 0.01614 0.017167 0.0201 0.021181 0.020773 0.017856 0.021274 0.019553 0.018907 0.025095 0.028832 0.028113 0.027802 0.030816 0.032125 0.034872 0.038727 0.039962 0.043099 0.04284 0.041739 0.044178 0.04258 0.041424 0.036819 0.035954 0.041284 0.041085 0.036434 0.037214 0.037285 0.034151 0.029577 0.034537 0.031043 0.029143 0.030733 0.027772 0.025575 0.022992 0.019558 0.01692 0.012894 0.014392 0.019303 0.016904 0.01536 0.018496 0.022738 0.018107 0.014234 0.013846 0.015235 0.020017 0.014728 0.01278 0.013345 0.013745 0.017278 0.018212 0.012331 0.01385 0.0097042 0.0061806 0.00078138 0.0055902 0.0079417 0.0085337 0.0080071 0.0064923 0.0063932 0.0069321 0.005913 0.0037721 0.007479 0.010068 0.0068237 0.0064866 0.0089266 0.010584 0.017755 0.019277 0.023711 0.024686 0.022559 0.022621 0.02194 0.027728 0.026746 0.029706 0.025057 0.02754 0.022001 0.021162 0.022323 0.023359 0.021379 0.022704 0.024288 0.017518 0.018883 0.021845 0.019988 0.017298 0.011475 0.0087105 0.0083504 0.013075 0.012802 0.0050967 0.008194 0.0064449 0.0042749 0.002161 0.0053356 0.0051138 0.0068387 0.0094046 0.0085352 0.0092466 0.010963 0.0058787 0.0037887 0.004646 0.0091962 0.010819 0.010442 0.0071185 0.0032702 0.0023654 0.0094424 0.0083209 0.0073114 0.0013661 0.0012407 0.00036728 9.4576e-05 0.0034808 0.0017515 -0.00056807 -0.0065573 -0.0029414 -0.00028222 0.0012848 0.0029334 0.0047018 0.0042078 0.0056117 0.0062947 0.00088462 0.00071372 0.0022737 0.0029084 0.0039428 0.0015243 0.0027117 -0.00037937 -0.00029478 -2.1007e-05 -0.00027652 -0.00082508 -0.0022563 -1.9089e-05 0.0026127 0.0032837 0.0039143 0.005624 0.0055757 0.0011089 0.0016387 -0.0017107 0.0015892 0.0018075 0.00079071 0.0029549 0.0053154 0.004708 0.0030729 0.0024403 0.0013229 0.0043778 0.0022383 0.00053724 -0.0020254 -0.00039688 -0.0030284 0.0037355 0.004171 -0.00051096 -0.0012068 -0.004113 -0.0025551 -0.00233 -0.0041187 -1.8188e-05 0.0025417 0.00053604 0.0010578 0.00027518 -0.0015713 -0.00036394 -0.0030618 -0.00089248 -0.0034175 -0.0024947 -0.0013752 0.0011664 -0.0020972 -0.00051124 0.0049066 -0.0010167 0.00025232 -0.0050802 -0.0020564 -0.0052291 -0.002556 -0.0015395 -0.0023725 -0.00035458 -0.0013872 -0.0030888 -0.0027431
0.11739 0.11144 0.10898 0.10847 0.10339 0.095456 0.084667 0.077888 0.074821 0.065432 0.061116 0.061004 0.055972 0.051858 0.046962 0.038749 0.038782 0.037315 0.031756 0.037365 0.041164 0.034743 0.030334 0.029954 0.032519 0.034458 0.035351 0.03747 0.037021 0.033534 0.030806 0.029632 0.030871 0.03033 0.032715 0.025711 0.028075 0.025314 0.028573 0.028224 0.02903 0.025962 0.021249 0.022109 0.015363 0.020974 0.020594 0.021426 0.020512 0.018421 0.020014 0.016478 0.015245 0.018858 0.024532 0.024924 0.021555 0.019793 0.023019 0.026814 0.028096 0.02683 0.027744 0.025768 0.0227 0.025099 0.022149 0.02465 0.027113 0.029537 0.029705 0.029757 0.0329 0.0304 0.033825 0.033576 0.037339 0.036461 0.036408 0.034535 0.041136 0.039611 0.041007 0.040125 0.042235 0.047122 0.051331 0.049133 0.053021 0.053726 0.060003 0.065609 0.065881 0.06921 0.071263 0.066935 0.061703 0.062394 0.061548 0.062151 0.063008 0.057358 0.061017 0.060998 0.053264 0.052728 0.051859 0.054574 0.053621 0.051525 0.049229 0.050841 0.047733 0.053327 0.055014 0.057822 0.053348 0.052027 0.052615 0.054959 0.057559 0.054658 0.052196 0.058516 0.05461 0.051601 0.047131 0.048999 0.046437 0.046922 0.046724 0.046508 0.045546 0.044862 0.043648 0.041886 0.047204 0.042409 0.042844 0.047986 0.048247 0.05012 0.053207 0.050906 0.046809 0.048058 0.048355 0.048057 0.049968 0.050266 0.049369 0.047739 0.049825 0.051398 0.054192 0.046204 0.046041 0.044057 0.041619 0.04541 0.044828 0.041617 0.042443 0.045148 0.042942 0.050446 0.052508 0.05302 0.050793 0.053047 0.051826 0.051172 0.04906 0.042916 0.045439 0.04721 0.046346 0.043031 0.03699 0.037406 0.040719 0.042002 0.044708 0.043257 0.041416 0.042795 0.045967 0.043666 0.041843 0.045387 0.056114 0.060605 0.066454 0.070894 0.074524 0.078012 0.082582 0.083503 0.089865 0.088969 0.086429 0.083655 0.084168 0.082254 0.074966 0.068281 0.064127 0.056861 0.056493 0.053885 0.0496 0.048444 0.048487 0.048337 0.043042 0.038438 0.037798 0.035559 0.035549 0.035824 0.030246 0.030524 0.030354 0.030306 0.031976 0.042159 0.048969 0.054882 0.055481 0.054638 0.055122 0.05514 0.055552 0.057533 0.05388 0.053439 0.054143 0.050229 0.04634 0.043862 0.044487 0.039594 0.043697 0.040728 0.039246 0.029617 0.029085 0.025714 0.021487 0.024138 0.02112 0.021905 0.020369 0.016605 0.017194 0.018867 0.013645 0.012014 0.01277 0.011887 0.014837 0.010476 0.0082595 0.00881 0.0059496 0.011364 0.0059224 0.0039907 0.0064416 0.010379 0.010228 0.0068328 0.0058491 0.0057196 0.0083979 0.010543 0.016313 0.015645 0.016831 0.019126 0.020504 0.019973 0.015097 0.016749 0.017071 0.025183 0.023183 0.022451 0.017553 0.02286 0.017269 0.01551 0.019289 0.021392 0.023491 0.027188 0.02673 0.022553 0.020905 0.016528 0.019786 0.023786 0.019811 0.02109 0.017177 0.022784 0.025443 0.02136 0.027219 0.021855 0.018998 0.023641 0.021863 0.026106 0.021958 0.021036 0.023368 0.023928 0.025888 0.030122 0.031479 0.031652 0.033234 0.033532 0.032102 0.036175 0.034392 0.030239 0.034761 0.03446 0.038653 0.038053 0.040347 0.04198 0.045482 0.04995 0.045779 0.04732 0.046983 0.049311 0.049432 0.051879 0.047422 0.045997 0.046058 0.050006 0.045746 0.04423 0.046334 0.043217 0.044698 0.044398 0.040996 0.042346 0.044142 0.044915 0.044607 0.043919 0.043531 0.039257 0.041052 0.039517 0.041276 0.043311 0.044091 0.046077 0.048668 0.050977 0.052323 0.051146 0.052375 0.055971 0.055776 0.056853 0.059477 0.059023 0.05832 0.060154 0.06151 0.063088 0.063785 0.066119 0.070963 0.068851 0.069041 0.074147 0.073477 0.076888 0.076302 0.077016 0.076872 0.071817 0.068383 0.06142 0.054718 0.055023 0.056617 0.049785 0.044282 0.042347 0.043765 0.044417 0.044328 0.038902 0.038587 0.035338 0.029407 0.031065 0.03533 0.030683 0.032875 0.029094 0.027432 0.023803 0.020887 0.021015 0.022217 0.022013 0.021236 0.023361 0.023404 0.022517 0.024109 0.022081 0.022051 0.022485 0.021653 0.01882 0.017814 0.020207 0.018331 0.01806 0.020094 0.020348 0.022959 0.02093 0.020442 0.013015 0.016262 0.016359 0.022181 0.023391 0.021499 0.017619 0.014387 0.010382 0.014167 0.010148 0.010825 0.0061492 0.0094385 0.0089062 0.00731 0.0086332 0.015774 0.010027 0.0061099 0.0086468 0.011816 0.009228 0.014449 0.013398 0.012554 0.0087975 0.011951 0.015642 0.016498 0.017022 0.018333 0.016828 0.019096 0.021863 0.025808 0.028115 0.030211 0.030068 0.030753 0.025731 0.030541 0.031376 0.033231 0.041904 0.049943 0.050399 0.051023 0.05535 0.058222 0.060189 0.063766 0.064005 0.065716 0.061861 0.05613 0.05733 0.055763 0.051847 0.044476 0.040337 0.044999 0.045302 0.040037 0.038652 0.035811 0.03016 0.026374 0.030456 0.027351 0.02611 0.02621 0.02319 0.021552 0.019212 0.016634 0.016135 0.012246 0.012077 0.018877 0.015626 0.013031 0.015482 0.018916 0.015624 0.011645 0.012441 0.013899 0.019175 0.014304 0.013049 0.0143 0.014761 0.019285 0.019436 0.013306 0.014198 0.011792 0.0081001 0.0026195 0.0084249 0.010055 0.010791 0.011896 0.0092536 0.011348 0.011655 0.010036 0.0085835 0.012386 0.01662 0.012206 0.012385 0.014918 0.016441 0.02446 0.027293 0.03051 0.030412 0.029144 0.028437 0.027372 0.032454 0.031646 0.031398 0.025721 0.027452 0.022882 0.02113 0.021768 0.023832 0.021072 0.021607 0.022968 0.016452 0.018711 0.017741 0.016696 0.016436 0.010305 0.0091315 0.0083006 0.011848 0.010636 0.004644 0.0072283 0.0058917 0.00098638 -0.0019302 0.0041815 0.0043574 0.004512 0.0065498 0.004591 0.0054871 0.0089906 0.0039139 0.003052 0.0020215 0.0060175 0.0090029 0.0084518 0.0042688 -0.0010439 0.00066349 0.008489 0.00676 0.0073022 0.0010901 -0.0015544 -0.0013414 -0.0019637 0.0032204 0.0028053 0.00086091 -0.0077129 -0.0022061 0.00046443 0.00088248 0.0048171 0.0068443 0.0050781 0.0046897 0.0052134 1.3872e-05 -0.00094132 0.0010265 0.0011078 0.0031896 0.00046637 7.2101e-05 -0.0023505 -0.0020378 -0.0024926 -0.0017254 -0.0022592 -0.0023534 -0.00095345 0.0027053 0.0029225 0.0028487 0.0022935 0.0041711 0.0012438 0.0013812 -0.0010428 -0.00045958 -0.00041807 -0.0025704 -0.00033313 0.0027994 0.0018864 0.002364 0.00094337 0.00047621 0.0043264 0.00031957 0.00022657 -0.0014393 -0.0013587 -0.0063757 0.0023076 0.0034043 -0.00032299 -0.0010679 -0.0039968 -0.0019466 -0.0030603 -0.0064389 -0.0035264 -0.00074558 -0.00215 -0.00058779 0.00076717 -0.0025885 -0.0020043 -0.0027576 0.0013362 -0.004336 -0.0025766 -0.00074247 0.00046969 -0.0026016 -0.0001707 0.0051718 -0.0025218 -0.0013917 -0.0061022 -0.0035433 -0.0056029 -0.0009938 -0.0039141 -0.0049212 -0.0016949 -0.0041887
0.041125 0.037496 0.038026 0.038326 0.034567 0.029043 0.022074 0.019821 0.021008 0.016974 0.017683 0.021078 0.017943 0.016791 0.018092 0.01374 0.015632 0.017487 0.015842 0.021846 0.026172 0.021364 0.021541 0.023941 0.027663 0.029016 0.030853 0.03511 0.03533 0.032785 0.032417 0.031162 0.032233 0.031072 0.029879 0.024717 0.029047 0.025541 0.02676 0.027121 0.02902 0.025204 0.022514 0.024837 0.020657 0.025415 0.02692 0.027415 0.026601 0.025415 0.026529 0.024091 0.022647 0.028026 0.032029 0.031331 0.026549 0.027632 0.030607 0.034194 0.034941 0.031368 0.03133 0.030515 0.02824 0.031424 0.030123 0.030331 0.03393 0.034856 0.0375 0.036632 0.038385 0.035331 0.038607 0.039167 0.042135 0.042268 0.043401 0.03977 0.047236 0.046963 0.050943 0.050461 0.053521 0.05949 0.064256 0.065357 0.070145 0.0696 0.07212 0.075962 0.07375 0.078202 0.078426 0.072545 0.065605 0.064297 0.063544 0.064192 0.064613 0.059334 0.063158 0.064012 0.056803 0.058231 0.056161 0.059208 0.059083 0.05936 0.057239 0.059802 0.05863 0.063238 0.063654 0.064371 0.060266 0.055308 0.056858 0.059726 0.060559 0.056887 0.052176 0.057027 0.05332 0.05092 0.046568 0.049759 0.048133 0.047753 0.047952 0.047758 0.046243 0.047317 0.048318 0.047627 0.054471 0.048074 0.047483 0.053767 0.0558 0.057883 0.060306 0.058685 0.052729 0.053369 0.052758 0.052309 0.053809 0.053018 0.050817 0.048637 0.050283 0.051638 0.056235 0.050902 0.048399 0.046334 0.04297 0.050638 0.0501 0.046478 0.047778 0.049514 0.048721 0.056063 0.057147 0.057982 0.05395 0.052989 0.051664 0.049827 0.045946 0.038966 0.042996 0.04431 0.042093 0.039225 0.035588 0.036198 0.039858 0.041387 0.046543 0.046455 0.045498 0.047335 0.054911 0.053895 0.053881 0.05909 0.070692 0.077107 0.084549 0.09187 0.095946 0.099708 0.10286 0.10124 0.10297 0.093857 0.0871 0.083057 0.079187 0.074457 0.065553 0.059049 0.053854 0.046802 0.0439 0.040328 0.038466 0.036533 0.036396 0.036996 0.032304 0.029095 0.0279 0.02658 0.027695 0.029284 0.027293 0.029435 0.032335 0.034261 0.041263 0.054722 0.059382 0.063512 0.063606 0.062496 0.061464 0.058986 0.058388 0.057839 0.053564 0.05046 0.046774 0.044094 0.039922 0.038425 0.038186 0.030571 0.033924 0.02862 0.027689 0.018064 0.018262 0.01756 0.013899 0.016937 0.01453 0.0162 0.013034 0.0099769 0.0124 0.013521 0.0090508 0.0091482 0.010859 0.010624 0.014403 0.011473 0.0073402 0.0066547 0.0074519 0.012961 0.0066881 0.0052714 0.0084837 0.011829 0.011832 0.010556 0.0081806 0.0069429 0.008951 0.012098 0.017331 0.018576 0.018613 0.020033 0.021648 0.019787 0.016808 0.018909 0.018635 0.026599 0.022857 0.021872 0.014946 0.021175 0.01891 0.017945 0.020262 0.020745 0.022836 0.02814 0.026277 0.02153 0.020437 0.01686 0.019438 0.024796 0.019647 0.022442 0.020116 0.024629 0.027047 0.023482 0.030096 0.024463 0.02091 0.025108 0.023789 0.028129 0.023561 0.021695 0.024526 0.024302 0.027222 0.031895 0.032459 0.032732 0.034067 0.037098 0.034548 0.038699 0.038204 0.03465 0.038939 0.039095 0.042295 0.040592 0.044156 0.044864 0.048138 0.053144 0.047869 0.049262 0.049531 0.050198 0.050748 0.051966 0.046704 0.04372 0.044097 0.04785 0.044299 0.04192 0.045339 0.040707 0.042484 0.040968 0.038676 0.040128 0.041737 0.041961 0.043475 0.042898 0.042059 0.038913 0.042323 0.041666 0.045056 0.045385 0.048109 0.049469 0.052474 0.055806 0.058728 0.058037 0.059815 0.061258 0.058646 0.059116 0.061895 0.061115 0.058798 0.060297 0.062001 0.065796 0.067439 0.070854 0.074103 0.070475 0.06771 0.070685 0.066847 0.067572 0.06701 0.066586 0.064628 0.058479 0.05428 0.047215 0.042255 0.042272 0.040769 0.036214 0.032759 0.030845 0.03219 0.03116 0.032143 0.02777 0.025868 0.025565 0.020887 0.021262 0.026331 0.023179 0.025348 0.021055 0.021226 0.017494 0.013915 0.016479 0.01795 0.017636 0.017318 0.02109 0.019604 0.022615 0.023091 0.020823 0.021307 0.022614 0.020117 0.018939 0.018847 0.021898 0.020473 0.018955 0.020987 0.020813 0.023904 0.021772 0.021362 0.014089 0.015645 0.016283 0.021356 0.021128 0.018672 0.016324 0.014636 0.0099497 0.013421 0.0096971 0.0080961 0.0055324 0.0094397 0.0075917 0.006446 0.0079869 0.015039 0.011117 0.00877 0.012734 0.01732 0.016689 0.020765 0.02071 0.020636 0.018153 0.021655 0.026063 0.025892 0.024107 0.02732 0.027422 0.029014 0.032082 0.03522 0.038475 0.040748 0.038608 0.041301 0.035832 0.042611 0.046252 0.053458 0.065246 0.07699 0.079761 0.082036 0.086853 0.088923 0.088959 0.089949 0.086092 0.083228 0.07441 0.063369 0.061403 0.059358 0.053635 0.045089 0.038623 0.041514 0.042135 0.036974 0.033537 0.02818 0.022797 0.020038 0.022594 0.020303 0.018923 0.018433 0.014744 0.013009 0.011779 0.01049 0.012426 0.0097276 0.0065692 0.013196 0.010497 0.007259 0.0082129 0.010578 0.0088808 0.0049313 0.007231 0.0090333 0.013785 0.010976 0.011373 0.01235 0.012688 0.016508 0.016245 0.011571 0.011771 0.012155 0.010445 0.0056505 0.010688 0.011935 0.012162 0.01484 0.013617 0.017773 0.017327 0.015465 0.014663 0.017445 0.022688 0.018354 0.019292 0.02165 0.02263 0.02904 0.032164 0.033686 0.03202 0.030688 0.030079 0.029214 0.032472 0.031064 0.027557 0.022221 0.021998 0.019869 0.017896 0.017689 0.018891 0.015254 0.015598 0.017001 0.011069 0.013603 0.010704 0.0094155 0.010034 0.0059609 0.0069865 0.0068876 0.0080132 0.0060264 0.0025532 0.0041373 0.0034394 -0.0019141 -0.0053442 0.0022295 0.0023988 0.00070428 0.0028376 0.00098926 0.0015997 0.0049391 0.0016817 0.0020813 -0.00085776 0.0021384 0.0059009 0.0049808 0.0013249 -0.0041548 9.8064e-05 0.0063847 0.0041158 0.0064515 0.00093604 -0.0032828 -0.0013695 -0.0023422 0.0020444 0.0036091 0.0020465 -0.0084176 -0.0016417 0.00064902 0.00021247 0.0048859 0.0060025 0.0047862 0.0022567 0.0026727 -0.00092228 -0.0016574 -0.00027921 -0.00038339 0.0019902 -0.00055984 -0.0025263 -0.0039464 -0.003453 -0.0048245 -0.0029266 -0.002935 -0.0020342 -0.0022087 0.0019663 0.0013218 0.001224 -0.0020204 0.0015356 0.00085565 -0.00052743 -0.0011337 -0.0022154 -0.0039563 -0.0068188 -0.0045432 -0.0015377 -0.0020581 0.00022553 -0.0015602 -0.00063945 0.0030085 -0.0014046 -0.00029497 -0.0010702 -0.0021496 -0.0088157 -0.0013797 0.00049575 -0.00053506 -0.001122 -0.0034933 -0.0017197 -0.0041256 -0.0088628 -0.0068832 -0.0037529 -0.0045774 -0.0023465 0.00026125 -0.0036578 -0.0042161 -0.002471 0.0030037 -0.0048629 -0.0037093 -0.0017157 -0.00071696 -0.0032575 -0.00075532 0.0028644 -0.0039809 -0.0024152 -0.0056012 -0.0054777 -0.0061262 -0.0013132 -0.0067052 -0.0069488 -0.0032872 -0.0067093
0.020745 0.020543 0.014798 0.0088471 0.0091103 0.012149 0.012648 0.010288 0.0063645 0.0044403 0.0060714 0.0092812 0.006734 0.0096874 0.013508 0.011387 0.011989 0.017499 0.014326 0.01579 0.01844 0.018084 0.022279 0.024404 0.020757 0.024218 0.027349 0.03082 0.031479 0.031827 0.03501 0.035379 0.034395 0.035493 0.033863 0.033592 0.032433 0.027775 0.025568 0.029699 0.026294 0.025782 0.026649 0.028329 0.024322 0.024253 0.026668 0.02621 0.028249 0.030679 0.031685 0.031764 0.031247 0.033562 0.032483 0.031548 0.036706 0.038671 0.037149 0.032503 0.036105 0.037952 0.039957 0.040622 0.035505 0.034092 0.03425 0.032638 0.034981 0.035414 0.033416 0.03701 0.036758 0.041151 0.039604 0.039606 0.036967 0.04028 0.041808 0.043792 0.04543 0.046893 0.042349 0.048909 0.050978 0.057176 0.058428 0.062183 0.068061 0.07248 0.075342 0.078623 0.077474 0.077131 0.079092 0.074158 0.077605 0.076062 0.070105 0.063267 0.05992 0.059706 0.060768 0.060977 0.057743 0.060785 0.061964 0.057088 0.061076 0.058931 0.061818 0.063361 0.065654 0.063487 0.066373 0.06611 0.067479 0.066279 0.06479 0.061314 0.053427 0.054187 0.057817 0.05621 0.052282 0.046924 0.049945 0.047001 0.045707 0.041914 0.045927 0.045695 0.044767 0.044327 0.044569 0.043086 0.045903 0.049405 0.049761 0.056379 0.050287 0.049319 0.057011 0.059835 0.061819 0.063024 0.061147 0.053383 0.053754 0.051526 0.051827 0.052045 0.048894 0.047483 0.044677 0.045375 0.04692 0.052894 0.050925 0.046858 0.045543 0.042828 0.051937 0.052546 0.049994 0.052116 0.052086 0.052635 0.05771 0.056824 0.055942 0.050138 0.04639 0.04451 0.040786 0.036118 0.030158 0.034528 0.035574 0.033417 0.031744 0.030419 0.032238 0.036282 0.038356 0.045247 0.048151 0.049139 0.051725 0.062505 0.062993 0.065849 0.071166 0.08023 0.087989 0.098343 0.10882 0.11206 0.11341 0.11173 0.10552 0.10003 0.083382 0.072701 0.066614 0.059013 0.052899 0.045541 0.040918 0.036395 0.031029 0.0269 0.024098 0.025042 0.02386 0.021877 0.02383 0.021829 0.019835 0.019021 0.018986 0.021469 0.023071 0.024661 0.029969 0.036189 0.039671 0.049957 0.06317 0.063694 0.06363 0.061318 0.059184 0.056364 0.053019 0.051678 0.049071 0.045728 0.04063 0.03465 0.033513 0.030032 0.028674 0.026938 0.019071 0.02102 0.015285 0.014976 0.0070955 0.0079767 0.010994 0.008138 0.010556 0.0093781 0.011793 0.006994 0.0041068 0.0072862 0.0088543 0.0061066 0.0079705 0.009823 0.010125 0.014277 0.013063 0.0086625 0.0066257 0.010082 0.015142 0.0099738 0.008525 0.011009 0.012979 0.0136 0.013411 0.010388 0.0092666 0.0097235 0.012562 0.015816 0.018856 0.018207 0.018397 0.019878 0.016051 0.015507 0.017004 0.01703 0.022859 0.01815 0.01726 0.010745 0.016288 0.016982 0.017627 0.019664 0.018812 0.020767 0.026646 0.022962 0.017936 0.018354 0.015188 0.016329 0.023657 0.019192 0.021944 0.021415 0.024747 0.025488 0.021981 0.027357 0.023034 0.020665 0.023624 0.023658 0.026557 0.02276 0.020829 0.023895 0.022734 0.02649 0.029867 0.029902 0.031271 0.03184 0.036778 0.034006 0.037173 0.038893 0.037397 0.040568 0.041421 0.042299 0.039647 0.043363 0.044073 0.046073 0.049122 0.043449 0.044462 0.046145 0.045391 0.046997 0.046462 0.042098 0.03893 0.038112 0.041235 0.039208 0.036942 0.040913 0.035898 0.037439 0.035331 0.035221 0.036513 0.037511 0.036635 0.040542 0.040501 0.039261 0.038568 0.043407 0.043087 0.046522 0.045091 0.049236 0.04945 0.052537 0.056335 0.061009 0.061219 0.062472 0.061523 0.056918 0.056823 0.058664 0.057237 0.053996 0.055226 0.057793 0.063235 0.064428 0.067698 0.067897 0.062876 0.058048 0.057542 0.051075 0.049547 0.049613 0.048133 0.045024 0.039473 0.036363 0.031462 0.029216 0.028212 0.023637 0.02308 0.022751 0.020251 0.021163 0.019033 0.021593 0.019158 0.015576 0.018197 0.015709 0.013863 0.019022 0.017027 0.019159 0.014725 0.016495 0.013331 0.0091999 0.013784 0.014922 0.016382 0.016636 0.020625 0.017072 0.024127 0.022921 0.020943 0.021885 0.023786 0.020143 0.020243 0.020412 0.024345 0.023981 0.021032 0.022448 0.021716 0.024415 0.022262 0.022297 0.016722 0.01712 0.0178 0.021101 0.019796 0.016798 0.016032 0.015912 0.010347 0.013542 0.011194 0.0074134 0.0072144 0.010867 0.0086042 0.0082799 0.0098713 0.015662 0.014912 0.014595 0.019148 0.025665 0.026544 0.029122 0.030112 0.031259 0.030863 0.033146 0.036824 0.035446 0.032454 0.035268 0.036273 0.037032 0.039212 0.041271 0.044855 0.047787 0.044373 0.049422 0.045895 0.054666 0.060562 0.074017 0.089088 0.10383 0.10927 0.11336 0.118 0.11623 0.11405 0.11094 0.10112 0.09165 0.078198 0.063025 0.057073 0.054066 0.048255 0.040496 0.033705 0.034896 0.03528 0.030906 0.02662 0.019997 0.017244 0.014851 0.015668 0.013606 0.011221 0.011823 0.0072392 0.0045141 0.004564 0.0038824 0.0076435 0.0068488 0.00096692 0.0054055 0.0036994 0.00067329 0.00073861 0.0022236 0.0018275 -0.0023481 0.001445 0.0036345 0.0073994 0.0074821 0.0089884 0.0092974 0.0093823 0.011238 0.011346 0.0092095 0.00868 0.011185 0.012372 0.008926 0.011927 0.013536 0.013121 0.01649 0.018132 0.022949 0.022135 0.020697 0.020465 0.021911 0.027137 0.024049 0.0251 0.026948 0.027279 0.030554 0.03271 0.032731 0.029514 0.027821 0.028416 0.027954 0.029437 0.026885 0.021121 0.017569 0.015379 0.015264 0.013381 0.011767 0.011625 0.0080076 0.0087183 0.010162 0.0047022 0.0068456 0.0044265 0.001947 0.0015331 0.00084057 0.0029469 0.0043803 0.0031907 0.00097339 -0.0002056 0.00041129 6.3183e-05 -0.0031507 -0.006141 0.00054929 -0.00025183 -0.0035053 -0.00049407 -0.00074473 -0.0009416 -0.00010472 -0.00053196 0.00050599 -0.0030469 -0.00073644 0.002207 0.0011107 -0.001253 -0.0054018 -0.00029481 0.0035485 0.0011259 0.0045093 0.00055785 -0.0039978 -0.00061431 -0.0015379 0.00017742 0.0034611 0.0019436 -0.0092401 -0.0019482 -0.00033488 -0.0010306 0.0028483 0.0023387 0.0029475 -0.00070063 -0.00071043 -0.0027998 -0.0016173 -0.00092184 -0.0015035 0.00055758 -0.0013486 -0.0041547 -0.0050787 -0.0047462 -0.0059486 -0.0029778 -0.0026417 -0.0015213 -0.0033287 0.00038393 -0.0011305 -0.00047462 -0.0051477 -0.00064755 0.00019327 -0.0027618 -0.0021221 -0.0025639 -0.0064441 -0.0096721 -0.007786 -0.0055612 -0.0049517 -0.0019654 -0.0039705 -0.0019025 0.00069131 -0.002204 -0.0009263 -0.0015767 -0.0027832 -0.0091066 -0.0055084 -0.0030801 -0.0017815 -0.0019112 -0.0034031 -0.0019879 -0.0048074 -0.0099962 -0.0082781 -0.0050429 -0.0059881 -0.0035723 -0.0010462 -0.0042091 -0.0060018 -0.0029169 0.0027419 -0.0050627 -0.005209 -0.0036419 -0.0014993 -0.0040989 -0.0025747 -0.00072393 -0.0046274 -0.0026741 -0.0041831 -0.0064385 -0.0066181 -0.0032959 -0.0089388
0.011397 0.013624 0.013104 0.0098131 0.0081814 0.011611 0.015486 0.015599 0.014027 0.010077 0.012574 0.016729 0.019941 0.016257 0.019403 0.021183 0.019638 0.021116 0.028253 0.024826 0.024898 0.02734 0.026569 0.028944 0.028733 0.02616 0.03122 0.033663 0.036016 0.036702 0.035291 0.035884 0.036216 0.03684 0.038352 0.036804 0.03538 0.034739 0.028409 0.029077 0.03125 0.028862 0.027169 0.028111 0.028953 0.025712 0.027579 0.028632 0.03112 0.030339 0.03289 0.035021 0.036346 0.036069 0.040718 0.040581 0.040735 0.044226 0.045315 0.043605 0.040399 0.044621 0.0452 0.044884 0.04541 0.040364 0.03793 0.038222 0.036873 0.037357 0.038338 0.035359 0.0379 0.036849 0.042221 0.041066 0.039647 0.037453 0.040883 0.043388 0.044649 0.047685 0.0484 0.044048 0.048908 0.053 0.060311 0.064132 0.068384 0.073638 0.076923 0.079099 0.079421 0.078464 0.077607 0.078333 0.072073 0.073199 0.070721 0.065768 0.060972 0.056202 0.056047 0.057699 0.057741 0.056734 0.058809 0.059881 0.058032 0.064061 0.062834 0.066 0.069338 0.07253 0.070196 0.072506 0.071119 0.068429 0.065327 0.062993 0.059767 0.050638 0.049225 0.053575 0.049675 0.046352 0.042189 0.0435 0.041598 0.04114 0.038054 0.041869 0.042826 0.041984 0.039935 0.040691 0.039471 0.043162 0.048557 0.049709 0.054717 0.050371 0.049782 0.059077 0.062505 0.064404 0.064143 0.06109 0.051862 0.05162 0.047493 0.049132 0.047861 0.042287 0.042926 0.039532 0.039412 0.04133 0.047929 0.04862 0.044215 0.044348 0.043643 0.051825 0.053972 0.053141 0.056554 0.055029 0.055992 0.057299 0.054346 0.050597 0.043577 0.03856 0.03522 0.030127 0.025997 0.021997 0.026021 0.026429 0.025705 0.025583 0.025337 0.02803 0.032206 0.035182 0.042885 0.048931 0.052345 0.05659 0.068309 0.070139 0.07601 0.079746 0.085475 0.093723 0.1073 0.12012 0.1222 0.11965 0.11132 0.099804 0.087272 0.065902 0.05303 0.044958 0.03606 0.029813 0.026349 0.023817 0.020765 0.017187 0.013815 0.01269 0.015365 0.015287 0.010858 0.013794 0.015053 0.014074 0.014198 0.014972 0.018352 0.019658 0.024064 0.032209 0.040672 0.044872 0.055426 0.065845 0.062529 0.058188 0.052471 0.049241 0.045401 0.042858 0.041267 0.038169 0.035947 0.030019 0.02477 0.024599 0.02216 0.019914 0.016759 0.010518 0.011014 0.0064329 0.0064559 0.000765 0.0021011 0.008198 0.005726 0.0074422 0.0075359 0.009973 0.0044649 0.00086112 0.0032477 0.0058914 0.0053994 0.0084849 0.0097395 0.010329 0.014428 0.01414 0.01109 0.0086121 0.013021 0.017295 0.013791 0.012011 0.013504 0.01384 0.015757 0.015032 0.012223 0.011983 0.0107 0.012047 0.012944 0.017487 0.01704 0.016276 0.017571 0.011967 0.013285 0.013444 0.014215 0.0176 0.012879 0.012337 0.0075768 0.011768 0.014184 0.015978 0.018565 0.016838 0.019184 0.025051 0.019872 0.015241 0.01683 0.013442 0.013228 0.021302 0.019043 0.02079 0.021932 0.023477 0.022167 0.018453 0.02134 0.019392 0.018963 0.020436 0.022563 0.023801 0.021383 0.019696 0.022855 0.021061 0.02521 0.026483 0.026508 0.028956 0.028863 0.034095 0.032429 0.034448 0.038217 0.03881 0.040947 0.042063 0.040559 0.038004 0.040637 0.04173 0.04193 0.041869 0.036671 0.03753 0.04064 0.039252 0.042193 0.040276 0.037315 0.034871 0.032522 0.034778 0.03387 0.032599 0.036235 0.031584 0.033011 0.030903 0.032733 0.033727 0.03421 0.032464 0.038483 0.03883 0.037208 0.0388 0.044339 0.044034 0.046007 0.043623 0.048068 0.047646 0.051241 0.05483 0.060642 0.061781 0.061833 0.059255 0.05428 0.052921 0.053156 0.051343 0.048251 0.049534 0.052763 0.057847 0.057881 0.059642 0.056947 0.051827 0.046039 0.042611 0.035023 0.032379 0.033038 0.030848 0.027639 0.023844 0.022447 0.020616 0.021026 0.018831 0.012917 0.015807 0.018115 0.014266 0.014365 0.012103 0.015793 0.015653 0.010967 0.015084 0.014999 0.010816 0.015197 0.013744 0.015808 0.012108 0.014511 0.011909 0.0077621 0.013262 0.013448 0.018052 0.018484 0.021869 0.016848 0.026156 0.023443 0.022342 0.023535 0.025871 0.022063 0.0223 0.022316 0.026645 0.027204 0.023475 0.024305 0.023513 0.024957 0.022471 0.023328 0.019736 0.019874 0.020159 0.021902 0.020048 0.016878 0.017237 0.01805 0.012049 0.014548 0.014053 0.0094895 0.010588 0.013161 0.010899 0.01199 0.01283 0.0174 0.019661 0.020991 0.025555 0.033922 0.035884 0.037818 0.039554 0.041766 0.042892 0.042775 0.04443 0.042215 0.039302 0.040039 0.040729 0.04089 0.041695 0.043141 0.046641 0.049841 0.046916 0.053775 0.053547 0.063578 0.071284 0.089308 0.10727 0.12457 0.13233 0.13789 0.14225 0.13495 0.13089 0.12366 0.10813 0.092283 0.075872 0.058716 0.04914 0.045294 0.0405 0.034599 0.028894 0.029109 0.0288 0.025757 0.021677 0.014976 0.015172 0.012549 0.011787 0.0089562 0.0052987 0.0079242 0.0031021 -0.00094785 -0.00022324 -0.0013727 0.0030629 0.004327 -0.0026866 -0.0011648 -0.0021494 -0.0044766 -0.0039432 -0.003078 -0.0026669 -0.0071015 -0.0023351 1.4126e-05 0.0031094 0.0057199 0.0067781 0.0066796 0.0066792 0.0064482 0.007334 0.0078074 0.0066662 0.0097369 0.012957 0.01124 0.012177 0.014531 0.013998 0.017299 0.021416 0.025248 0.024803 0.024318 0.0247 0.025382 0.029847 0.028433 0.028547 0.029639 0.029664 0.029898 0.030353 0.029481 0.025058 0.023507 0.025671 0.025394 0.025547 0.021885 0.015343 0.014257 0.011159 0.011393 0.009447 0.0061681 0.0052632 0.00272 0.0039766 0.0049804 -0.0001434 0.0013381 0.00052848 -0.0030865 -0.0054314 -0.0032579 -0.0017606 0.0012274 -0.0012016 -0.0030588 -0.0026119 -0.0026884 -0.0031966 -0.0031656 -0.0047277 -0.00040875 -0.0027824 -0.0068755 -0.0030456 -0.0011092 -0.0023239 -0.0049597 -0.0025872 -0.0017225 -0.0042893 -0.0021163 -0.0013672 -0.0023445 -0.0033889 -0.005367 -0.0014429 0.00061427 -0.001542 0.0017875 -9.3807e-05 -0.0043403 -0.0004619 -0.00099619 -0.0020179 0.0021307 0.00050717 -0.0099761 -0.0030262 -0.0024447 -0.0028206 -0.0002485 -0.0022251 8.8404e-05 -0.0034451 -0.0042276 -0.0056908 -0.0016044 -0.0011616 -0.0027157 -0.0010486 -0.0020327 -0.004593 -0.0057976 -0.0059198 -0.0057469 -0.0020926 -0.0020248 -0.0011521 -0.0040436 -0.0016314 -0.003817 -0.0018343 -0.0061876 -0.0013552 -0.00035305 -0.0039501 -0.0032617 -0.0020295 -0.0070519 -0.010041 -0.0091258 -0.0077167 -0.0056574 -0.0031392 -0.0051743 -0.0028507 -0.0016863 -0.0021416 -0.0015482 -0.002746 -0.0034969 -0.0077823 -0.0084831 -0.005798 -0.0037728 -0.0032349 -0.0040606 -0.0027144 -0.0048687 -0.0092713 -0.0074173 -0.0048678 -0.006542 -0.0042731 -0.0025924 -0.0041771 -0.0066508 -0.0041566 0.00047682 -0.0051186 -0.0061282 -0.0051985 -0.0015979 -0.0048744 -0.0051496 -0.003927 -0.0044559 -0.0027557 -0.0029335 -0.0058986 -0.0065297 -0.0053231
0.017327 0.018415 0.017534 0.01611 0.017728 0.02227 0.025253 0.024766 0.023505 0.018559 0.024066 0.029328 0.0317 0.026435 0.028835 0.027896 0.026977 0.028985 0.035761 0.032363 0.031295 0.034058 0.032464 0.034004 0.033031 0.031562 0.037131 0.038241 0.039212 0.040609 0.039062 0.037271 0.037601 0.039078 0.040586 0.039653 0.037861 0.037671 0.031971 0.034857 0.034536 0.033115 0.030782 0.031234 0.031502 0.029869 0.032281 0.03126 0.03495 0.032453 0.03458 0.037576 0.040068 0.039768 0.046783 0.04708 0.04861 0.050325 0.051947 0.050603 0.049684 0.052424 0.052186 0.049449 0.049281 0.04587 0.043195 0.042484 0.040813 0.039477 0.039883 0.03707 0.038013 0.036499 0.042583 0.043025 0.040665 0.03822 0.041589 0.044869 0.045703 0.049541 0.049121 0.045936 0.049124 0.054009 0.061257 0.067626 0.072235 0.076735 0.078499 0.078166 0.075619 0.07548 0.076057 0.076176 0.070594 0.069642 0.066958 0.06336 0.061689 0.056259 0.055217 0.057163 0.056884 0.057384 0.058973 0.059878 0.060885 0.067628 0.067905 0.071882 0.076576 0.0796 0.077257 0.078322 0.074381 0.068163 0.063 0.061609 0.058147 0.04918 0.045019 0.049814 0.044546 0.04258 0.04071 0.040227 0.039614 0.039377 0.037165 0.039584 0.041218 0.040912 0.03692 0.03805 0.03718 0.040637 0.047137 0.048756 0.051553 0.049289 0.049356 0.059964 0.064646 0.066599 0.06513 0.060613 0.050458 0.049139 0.043347 0.045887 0.043453 0.036524 0.039264 0.03532 0.034542 0.036778 0.043408 0.045547 0.041699 0.043866 0.045829 0.051886 0.055274 0.055774 0.060287 0.058136 0.058642 0.055537 0.051344 0.04508 0.037698 0.032556 0.027017 0.021726 0.019133 0.017233 0.020809 0.01971 0.020947 0.022345 0.022078 0.024628 0.028139 0.032284 0.040282 0.04838 0.053871 0.060417 0.071261 0.07421 0.08213 0.083479 0.087598 0.095641 0.11157 0.12509 0.12641 0.11987 0.10547 0.089513 0.071812 0.049194 0.036328 0.027025 0.019442 0.013698 0.014375 0.013343 0.011232 0.0086661 0.0074011 0.0078269 0.01086 0.011148 0.0051179 0.0080101 0.0118 0.01153 0.012198 0.013432 0.016905 0.018639 0.025118 0.034334 0.043184 0.047426 0.055975 0.062796 0.057492 0.050621 0.041734 0.038101 0.034228 0.033408 0.032094 0.029984 0.028004 0.022083 0.019646 0.019392 0.017761 0.014354 0.010457 0.0063642 0.005662 0.002831 0.0029188 -0.0010943 0.00057581 0.0080325 0.0054926 0.00748 0.0080839 0.0096495 0.0046935 -8.4785e-05 0.00026491 0.0040551 0.0059471 0.0093896 0.0099726 0.010602 0.014339 0.014101 0.013159 0.011093 0.015098 0.018614 0.015976 0.014121 0.015261 0.013928 0.017329 0.015258 0.013485 0.01416 0.011505 0.011056 0.0099084 0.015566 0.015921 0.014851 0.016078 0.0096428 0.011709 0.010495 0.01205 0.013675 0.0094713 0.0092643 0.0061783 0.0094566 0.012271 0.014254 0.017211 0.014994 0.018478 0.024173 0.018257 0.014783 0.016261 0.01265 0.011876 0.01844 0.01886 0.019487 0.02223 0.021272 0.018412 0.014793 0.015168 0.015717 0.01672 0.016962 0.021127 0.021388 0.020164 0.018731 0.021934 0.019947 0.023975 0.023437 0.023803 0.026559 0.02633 0.030581 0.031014 0.032299 0.037183 0.038773 0.04046 0.041177 0.038016 0.036903 0.037831 0.038659 0.037246 0.034528 0.030633 0.031814 0.035799 0.034214 0.038061 0.035707 0.033422 0.032046 0.029175 0.030407 0.029629 0.029668 0.032459 0.028594 0.030185 0.028195 0.031046 0.031807 0.032105 0.030306 0.037443 0.037678 0.035828 0.03842 0.044024 0.043964 0.043844 0.041166 0.044838 0.044594 0.049296 0.052554 0.058098 0.05996 0.058889 0.055689 0.052166 0.048708 0.047208 0.045498 0.043744 0.045167 0.048358 0.050995 0.050129 0.049558 0.045209 0.041469 0.035723 0.030974 0.023797 0.02098 0.021499 0.019107 0.016556 0.014681 0.014403 0.015292 0.017793 0.014819 0.0095404 0.014331 0.017876 0.012612 0.01154 0.0098315 0.01384 0.015734 0.010755 0.014546 0.016807 0.010709 0.013834 0.012465 0.01457 0.012438 0.014623 0.011924 0.0083656 0.013581 0.012894 0.020626 0.020627 0.023282 0.017934 0.027206 0.023662 0.023721 0.024919 0.027515 0.024633 0.024101 0.024005 0.027814 0.028718 0.025047 0.025497 0.025389 0.025104 0.022008 0.023814 0.021548 0.022088 0.022054 0.022926 0.020953 0.018222 0.018984 0.019975 0.014463 0.015668 0.016735 0.01324 0.014233 0.015269 0.012894 0.015608 0.015077 0.019002 0.023018 0.025134 0.029667 0.039204 0.042319 0.044524 0.04659 0.04945 0.050763 0.048112 0.04745 0.044955 0.042305 0.040895 0.040573 0.040294 0.040011 0.041533 0.044949 0.047608 0.046781 0.054196 0.057182 0.067288 0.076698 0.096152 0.11601 0.13505 0.14432 0.15091 0.15532 0.14279 0.13729 0.12704 0.10773 0.087739 0.070596 0.053666 0.041523 0.037634 0.033942 0.029805 0.025424 0.025258 0.024204 0.022853 0.019352 0.013293 0.015095 0.012092 0.010173 0.0060336 0.0015188 0.0055788 0.0017599 -0.0031018 -0.0026693 -0.0049014 -0.0010312 0.0019977 -0.004038 -0.0050146 -0.0055924 -0.0073957 -0.0053935 -0.0049079 -0.004199 -0.0083639 -0.0036799 -0.0015383 0.0016551 0.0055764 0.0047506 0.0047967 0.0051928 0.0034371 0.0048843 0.0073963 0.0061245 0.0082496 0.011733 0.011819 0.01151 0.014348 0.014443 0.017442 0.022691 0.02452 0.024869 0.025501 0.026567 0.027277 0.030829 0.030843 0.029252 0.029488 0.029897 0.028163 0.026903 0.025831 0.020695 0.019985 0.02296 0.022576 0.021637 0.017317 0.011795 0.012808 0.010055 0.0091286 0.0067559 0.0024211 0.0011712 4.468e-05 0.0017626 0.001647 -0.0030157 -0.002027 -0.0015037 -0.0054074 -0.0093962 -0.0059096 -0.0061786 -0.0020045 -0.0044534 -0.0055795 -0.0041814 -0.004728 -0.0057918 -0.0029481 -0.0026468 -0.00082465 -0.0044935 -0.0085819 -0.0048337 -0.0012391 -0.0032506 -0.0086885 -0.004241 -0.0041882 -0.0047579 -0.0023251 -0.0041045 -0.0048767 -0.0051201 -0.0049166 -0.0033805 -0.0018323 -0.0033542 -0.00097829 -0.0007502 -0.0047243 -0.0015246 -0.0016516 -0.0043271 -0.00017607 -0.0015163 -0.0099282 -0.0043133 -0.0050847 -0.0047497 -0.0030274 -0.0057277 -0.002753 -0.0056719 -0.0072794 -0.0086965 -0.0020626 -0.001714 -0.0043228 -0.0027159 -0.0027476 -0.0040691 -0.0060245 -0.0066632 -0.0047587 -0.0011895 -0.001958 -0.0011653 -0.0043471 -0.0036631 -0.0062903 -0.0027567 -0.0056918 -0.00075517 -0.00061708 -0.003859 -0.0039519 -0.0019817 -0.0065661 -0.0082149 -0.008682 -0.007689 -0.0043989 -0.0032413 -0.0049954 -0.003109 -0.0032542 -0.0016708 -0.0020786 -0.0037433 -0.0043095 -0.0060495 -0.0098963 -0.0071266 -0.005658 -0.0045242 -0.0052357 -0.0037922 -0.0045257 -0.0070556 -0.0051754 -0.0042585 -0.0067081 -0.0047594 -0.0038834 -0.0038698 -0.0059597 -0.0055867 -0.002792 -0.0051092 -0.0060238 -0.0055881 -0.0013856 -0.0053026 -0.0077349 -0.0060151 -0.003905 -0.0031427 -0.0024517 -0.004401 -0.0056561 -0.0062047
0.026846 0.026842 0.025223 0.024914 0.028068 0.031685 0.032708 0.031682 0.030602 0.024528 0.031639 0.036576 0.038136 0.031767 0.032987 0.030099 0.029833 0.032029 0.037356 0.034885 0.033329 0.037358 0.034875 0.036312 0.036357 0.035787 0.041437 0.040945 0.040693 0.042877 0.043264 0.040083 0.040505 0.041454 0.043234 0.043068 0.041406 0.041018 0.037712 0.042131 0.039849 0.038379 0.036015 0.035336 0.035628 0.036083 0.037678 0.034758 0.037983 0.035153 0.036303 0.039262 0.042675 0.042513 0.050939 0.051432 0.054364 0.055295 0.058354 0.057537 0.059441 0.059529 0.059064 0.05418 0.052804 0.051764 0.049691 0.047003 0.044296 0.041895 0.041513 0.039115 0.038355 0.036853 0.043685 0.046441 0.04347 0.040059 0.043017 0.04651 0.047042 0.051118 0.050141 0.048694 0.050609 0.055151 0.061573 0.069853 0.074796 0.078512 0.078671 0.075287 0.07109 0.072128 0.074814 0.074613 0.071206 0.069535 0.06675 0.064413 0.065686 0.060147 0.057569 0.05903 0.058242 0.059543 0.061366 0.062327 0.06567 0.071751 0.073748 0.078432 0.084012 0.086282 0.084107 0.083932 0.077317 0.068676 0.061597 0.062381 0.058269 0.049839 0.043093 0.047966 0.042538 0.04229 0.042839 0.040144 0.040988 0.04051 0.039324 0.039591 0.041423 0.041538 0.036019 0.037356 0.037044 0.039473 0.046584 0.048275 0.048921 0.048174 0.048619 0.059765 0.066734 0.068906 0.066815 0.061021 0.050429 0.048149 0.041269 0.04335 0.040344 0.033355 0.037577 0.033077 0.031457 0.033798 0.040402 0.043117 0.040079 0.044706 0.049318 0.053323 0.057386 0.058271 0.062814 0.06083 0.060517 0.053235 0.049022 0.041482 0.034641 0.029413 0.021414 0.016882 0.016229 0.016202 0.019525 0.015983 0.018836 0.021509 0.020933 0.022668 0.024358 0.0298 0.038125 0.04681 0.053468 0.06224 0.071612 0.075597 0.083934 0.083305 0.08858 0.096436 0.11358 0.12593 0.12709 0.11724 0.099034 0.080222 0.059353 0.038325 0.027006 0.017285 0.012712 0.0074859 0.010648 0.010511 0.0079623 0.0055026 0.0064922 0.0076717 0.01038 0.0099485 0.003952 0.0057011 0.010889 0.010781 0.010699 0.012679 0.015518 0.018782 0.027031 0.035304 0.04276 0.046786 0.052482 0.056252 0.051052 0.043848 0.032835 0.029684 0.026267 0.027382 0.026867 0.026495 0.023639 0.017793 0.018676 0.017256 0.015775 0.011931 0.0080166 0.0054447 0.0039391 0.0025126 0.0025933 -0.00069845 0.0014616 0.0084751 0.005655 0.0094731 0.009353 0.0093635 0.0059151 0.00011687 -0.0020395 0.0026843 0.0067242 0.0096814 0.010136 0.010586 0.013709 0.013254 0.014123 0.012738 0.015739 0.018953 0.015833 0.014468 0.015988 0.01293 0.017397 0.014255 0.014233 0.015478 0.011934 0.010271 0.0075474 0.01393 0.015096 0.01434 0.015634 0.0095563 0.011305 0.0092859 0.011604 0.012197 0.0082348 0.0082934 0.0060573 0.0094855 0.011712 0.013322 0.015729 0.013232 0.018206 0.02365 0.017878 0.016058 0.015921 0.01276 0.012556 0.01577 0.018393 0.018288 0.022779 0.0191 0.015338 0.012459 0.011311 0.013652 0.014962 0.014545 0.019783 0.019737 0.019059 0.018112 0.02128 0.019404 0.023089 0.021663 0.022389 0.024638 0.024951 0.027854 0.030608 0.031577 0.036519 0.037665 0.03954 0.039383 0.035305 0.036558 0.036028 0.035285 0.032895 0.029025 0.026998 0.028849 0.03316 0.031027 0.034914 0.033112 0.030246 0.030024 0.028179 0.028345 0.0268 0.027972 0.030006 0.027256 0.028871 0.026609 0.029727 0.03047 0.030737 0.029755 0.036682 0.036234 0.034753 0.036936 0.04247 0.043166 0.041175 0.038267 0.040622 0.040955 0.047 0.050591 0.054226 0.056528 0.054958 0.051858 0.050899 0.045042 0.041907 0.040642 0.041204 0.042489 0.044994 0.04402 0.04297 0.040086 0.035611 0.033933 0.029077 0.024443 0.018543 0.016174 0.015463 0.013463 0.01174 0.01105 0.010816 0.013515 0.017562 0.014426 0.010852 0.016294 0.019446 0.013592 0.010987 0.01013 0.013866 0.016951 0.012327 0.0144 0.018928 0.011416 0.01358 0.012048 0.014475 0.014311 0.015946 0.01217 0.0095154 0.013645 0.012875 0.022666 0.021752 0.023691 0.019052 0.026785 0.023125 0.024244 0.025206 0.027646 0.02664 0.025126 0.025316 0.027931 0.028592 0.025504 0.025494 0.026503 0.024557 0.020905 0.023424 0.021462 0.022682 0.022961 0.023522 0.021778 0.020083 0.020315 0.021065 0.016823 0.016424 0.018294 0.017379 0.017166 0.016864 0.01396 0.017848 0.015961 0.019674 0.02381 0.025745 0.030694 0.040644 0.04531 0.048176 0.050481 0.053425 0.05353 0.049289 0.046975 0.044582 0.041176 0.038955 0.037819 0.036955 0.036126 0.038357 0.042027 0.043484 0.045386 0.051977 0.05718 0.06644 0.077666 0.095821 0.11649 0.13585 0.14562 0.15323 0.15809 0.14197 0.13533 0.12335 0.10267 0.081455 0.065438 0.050255 0.036599 0.033657 0.030496 0.02721 0.023453 0.023108 0.021601 0.021937 0.018927 0.01368 0.015226 0.011818 0.0093092 0.0040919 -0.00056482 0.0031858 0.0015034 -0.0031472 -0.0038896 -0.0071695 -0.0047636 -0.00048328 -0.0037176 -0.0063361 -0.0065855 -0.0084517 -0.0048574 -0.0043732 -0.0038669 -0.0068664 -0.0036168 -0.0019108 0.0021461 0.0059217 0.0026546 0.0033825 0.0048052 0.0020665 0.0035188 0.0072623 0.0066336 0.0067459 0.0090308 0.0108 0.010212 0.0129 0.014059 0.016925 0.022209 0.021957 0.022976 0.024531 0.026247 0.027268 0.030412 0.031304 0.027953 0.027264 0.02889 0.026436 0.023912 0.023234 0.017855 0.018284 0.020506 0.019911 0.01793 0.013472 0.010867 0.012744 0.011011 0.0084061 0.0051574 0.0013226 -0.00066338 -0.0010551 0.0010685 -0.00059992 -0.0046128 -0.0036418 -0.0027694 -0.006069 -0.010772 -0.0074386 -0.0098477 -0.0047039 -0.0063645 -0.0066545 -0.0048888 -0.0058551 -0.0076122 -0.0031479 -0.0012032 -0.00096567 -0.0050677 -0.0084993 -0.0058701 -0.0018052 -0.0040727 -0.010772 -0.0052134 -0.0063378 -0.0047832 -0.0018324 -0.0054948 -0.006321 -0.0066137 -0.004782 -0.0056031 -0.0034189 -0.0039414 -0.0030265 -0.0010428 -0.0052102 -0.0036217 -0.0035529 -0.0067784 -0.0030526 -0.0032814 -0.0087932 -0.0053559 -0.0076337 -0.0064641 -0.0046109 -0.0072355 -0.0046782 -0.0074225 -0.0095694 -0.01083 -0.0030043 -0.0031491 -0.0063085 -0.0043011 -0.0035924 -0.0030418 -0.0057467 -0.0068203 -0.0038168 -0.0012398 -0.0030979 -0.0017148 -0.0044834 -0.0055928 -0.0084396 -0.0035187 -0.0049424 0.00029077 -0.00069233 -0.0033785 -0.0042677 -0.0034792 -0.0063353 -0.0052885 -0.0072245 -0.0061194 -0.0021809 -0.0029467 -0.004321 -0.0027424 -0.0036734 -0.0012248 -0.0025706 -0.003802 -0.005034 -0.004927 -0.010396 -0.0074861 -0.006838 -0.0054915 -0.0065883 -0.0050993 -0.0041695 -0.0044201 -0.0029581 -0.0041737 -0.006915 -0.0053517 -0.0047135 -0.0037386 -0.0042214 -0.0065132 -0.005812 -0.0051031 -0.005141 -0.0048983 -0.0014964 -0.0053828 -0.0099065 -0.0072596 -0.0035222 -0.0039613 -0.0027906 -0.0030284 -0.0045368 -0.0060006
0.043106 0.042261 0.039528 0.039859 0.042946 0.04436 0.043092 0.041526 0.040709 0.033754 0.041262 0.044069 0.044924 0.037485 0.036928 0.033412 0.03346 0.034929 0.03833 0.037255 0.035699 0.041299 0.037207 0.038542 0.040719 0.040562 0.04605 0.043621 0.042536 0.044949 0.048613 0.04506 0.045627 0.044391 0.047078 0.047472 0.045784 0.044204 0.044184 0.049541 0.046358 0.043486 0.041981 0.039408 0.039953 0.042758 0.042635 0.038567 0.040277 0.038188 0.037463 0.039445 0.043546 0.044242 0.052304 0.05305 0.057303 0.058777 0.063556 0.062971 0.068168 0.065722 0.065438 0.058883 0.056394 0.057358 0.056713 0.051494 0.046973 0.044424 0.044088 0.041371 0.038786 0.038058 0.04545 0.050519 0.047134 0.042734 0.04483 0.047403 0.04756 0.051762 0.051547 0.052009 0.052963 0.056704 0.061962 0.071293 0.076685 0.07945 0.077829 0.072024 0.067805 0.070066 0.074362 0.073878 0.073284 0.072467 0.069005 0.068003 0.070969 0.06565 0.061704 0.061484 0.060132 0.062089 0.064646 0.06595 0.071208 0.075722 0.079455 0.08385 0.090167 0.091567 0.089372 0.088803 0.080603 0.07054 0.06222 0.065493 0.060392 0.051896 0.043243 0.047617 0.043131 0.044714 0.047207 0.041697 0.043936 0.043133 0.043002 0.041191 0.042893 0.042585 0.036659 0.038026 0.038759 0.039828 0.047236 0.048556 0.047377 0.047358 0.047584 0.057946 0.068116 0.070637 0.068515 0.061724 0.05112 0.048948 0.041802 0.041678 0.03879 0.032533 0.037557 0.032597 0.029585 0.031684 0.038683 0.041844 0.039467 0.046763 0.053595 0.056224 0.060461 0.060779 0.063646 0.062142 0.061083 0.05063 0.047486 0.039956 0.034674 0.02842 0.018245 0.014825 0.016081 0.017724 0.020875 0.014231 0.017827 0.021551 0.021335 0.022405 0.020908 0.027566 0.036555 0.044489 0.051202 0.061421 0.069609 0.074692 0.081588 0.080327 0.089065 0.097601 0.11532 0.12458 0.12586 0.1137 0.094492 0.07452 0.051928 0.03451 0.025299 0.015678 0.014833 0.0098158 0.012819 0.013429 0.0089434 0.0061006 0.0084847 0.0092773 0.012006 0.010021 0.0058218 0.0055756 0.011205 0.010526 0.0078941 0.011493 0.013219 0.018857 0.028977 0.034899 0.039642 0.043517 0.046499 0.048189 0.044564 0.038689 0.02705 0.025025 0.021883 0.024812 0.02576 0.027151 0.022688 0.016359 0.019966 0.016379 0.01414 0.011364 0.0077374 0.0056302 0.0038893 0.0029854 0.0030874 -0.0003898 0.0026843 0.0079536 0.0048926 0.012122 0.010073 0.0082109 0.0067133 0.00055582 -0.0038509 0.0015225 0.0072751 0.0090211 0.009991 0.010054 0.012196 0.01201 0.01359 0.012798 0.014867 0.018502 0.013818 0.013439 0.015563 0.010551 0.01542 0.012082 0.014452 0.015976 0.011844 0.009995 0.0060044 0.012742 0.014151 0.0141 0.015549 0.010875 0.011631 0.0096199 0.01296 0.012692 0.007887 0.0083739 0.0062731 0.010987 0.011952 0.013482 0.014178 0.011404 0.017337 0.022168 0.017529 0.017491 0.01442 0.012765 0.014357 0.013533 0.017454 0.017075 0.023679 0.017802 0.013343 0.011905 0.010628 0.013655 0.014298 0.013783 0.018459 0.018078 0.017449 0.017774 0.020598 0.018921 0.022391 0.021171 0.021983 0.02331 0.024844 0.02676 0.03134 0.032084 0.036147 0.035648 0.038265 0.037071 0.032314 0.036065 0.034992 0.031347 0.028558 0.025529 0.025778 0.028222 0.032665 0.028861 0.031888 0.031355 0.026885 0.028022 0.028461 0.027632 0.024819 0.026788 0.028696 0.027514 0.028377 0.025119 0.028313 0.029299 0.029292 0.029691 0.034855 0.033149 0.033374 0.034429 0.040092 0.041938 0.038708 0.035263 0.036294 0.036982 0.04398 0.049102 0.0494 0.05179 0.050577 0.047941 0.049618 0.041857 0.037108 0.036377 0.039793 0.040389 0.042054 0.037395 0.036742 0.032267 0.029027 0.028927 0.025887 0.021982 0.017476 0.016255 0.013235 0.012321 0.01115 0.010388 0.009267 0.012927 0.018334 0.015503 0.013602 0.019266 0.02036 0.015548 0.011025 0.01121 0.014404 0.017329 0.013438 0.013086 0.019732 0.011128 0.013391 0.011686 0.014771 0.016616 0.017743 0.01202 0.010183 0.012966 0.0132 0.023621 0.021582 0.02233 0.019145 0.024841 0.021608 0.023525 0.023909 0.025385 0.027036 0.024876 0.025935 0.027238 0.027389 0.025051 0.024035 0.025981 0.022889 0.019151 0.0218 0.019306 0.021239 0.022845 0.023427 0.022255 0.022059 0.020418 0.021034 0.018411 0.016638 0.018452 0.021066 0.018954 0.018312 0.014436 0.018433 0.015658 0.01905 0.021746 0.022623 0.028646 0.038493 0.045088 0.048479 0.051549 0.053655 0.051399 0.047281 0.044371 0.042197 0.036493 0.035408 0.034437 0.032674 0.031465 0.035006 0.039199 0.039102 0.043352 0.047987 0.054107 0.062219 0.075261 0.090662 0.11105 0.1286 0.13772 0.14683 0.15215 0.13461 0.12704 0.11439 0.09457 0.074955 0.061371 0.04887 0.03449 0.03319 0.030092 0.026598 0.022413 0.021831 0.020233 0.021791 0.019326 0.014749 0.014465 0.010366 0.0078872 0.0024785 -0.0016649 -0.00035935 0.00072106 -0.002558 -0.0050313 -0.0089573 -0.0084012 -0.0034435 -0.0026609 -0.0062352 -0.0060382 -0.0084067 -0.0039492 -0.0028368 -0.003017 -0.0038423 -0.0035332 -0.0020966 0.0031233 0.0054894 0.00023423 0.0020713 0.0050903 0.0015482 0.0024544 0.0065126 0.0072998 0.0046991 0.0053414 0.0087494 0.0085471 0.01045 0.012492 0.015387 0.020461 0.018796 0.019886 0.021956 0.024142 0.024749 0.028459 0.029688 0.025441 0.023554 0.027174 0.025096 0.021787 0.021943 0.016794 0.018027 0.017611 0.016997 0.014093 0.0099474 0.012052 0.013055 0.012265 0.0085921 0.003935 0.0028919 -0.00091191 -0.0019861 0.00073339 -0.0024097 -0.0057465 -0.004176 -0.0039889 -0.0062261 -0.010521 -0.0081672 -0.012649 -0.0064051 -0.006984 -0.0064283 -0.0047445 -0.0063002 -0.0085966 -0.0038651 -0.00082907 -0.00082398 -0.0044938 -0.0068758 -0.0059958 -0.0028345 -0.004626 -0.010983 -0.0052873 -0.0077633 -0.0045893 -0.00089313 -0.0054051 -0.0068934 -0.0081106 -0.0054223 -0.0076259 -0.0040377 -0.0030223 -0.003934 -0.00065286 -0.005532 -0.0062294 -0.0061561 -0.0095724 -0.0061959 -0.0043217 -0.0066741 -0.0059475 -0.0097593 -0.0079334 -0.0048542 -0.0068683 -0.0053091 -0.0089396 -0.011153 -0.011561 -0.0043854 -0.005766 -0.0084554 -0.005809 -0.0047184 -0.0020043 -0.0050265 -0.0064832 -0.0036566 -0.0028912 -0.0057565 -0.0029317 -0.0047534 -0.007628 -0.010356 -0.0046557 -0.0051089 0.00085603 -0.00079601 -0.0038291 -0.0046961 -0.0067208 -0.0072196 -0.0022271 -0.0054718 -0.0038321 -6.2363e-06 -0.0030706 -0.0045018 -0.0021782 -0.003073 -0.0010049 -0.0032327 -0.0025028 -0.005342 -0.0047569 -0.010859 -0.0075732 -0.0072124 -0.0062191 -0.0078349 -0.0064103 -0.0040001 -0.0025421 -0.0021327 -0.0051389 -0.007319 -0.0061575 -0.005105 -0.0041309 -0.0018226 -0.0064285 -0.0077054 -0.0051608 -0.0040062 -0.0036539 -0.0025266 -0.0053294 -0.011579 -0.0083025 -0.0037357 -0.005112 -0.0036936 -0.0026973 -0.00411 -0.0056146
0.07578 0.074502 0.070492 0.071246 0.073008 0.072023 0.068831 0.066229 0.065805 0.058078 0.064665 0.062801 0.06249 0.053017 0.049554 0.046592 0.046157 0.045065 0.046409 0.04619 0.04487 0.051024 0.043349 0.044077 0.048533 0.048128 0.05286 0.047853 0.046538 0.048282 0.055107 0.052014 0.052705 0.047789 0.051968 0.05254 0.050024 0.046182 0.049353 0.054859 0.051969 0.046665 0.047343 0.041937 0.04206 0.047434 0.045297 0.041156 0.041109 0.040359 0.03635 0.037028 0.041558 0.044518 0.049526 0.050598 0.056157 0.059049 0.065343 0.064206 0.073015 0.06951 0.069564 0.062221 0.059859 0.061195 0.062904 0.055117 0.048072 0.04614 0.047564 0.043121 0.038044 0.03907 0.046193 0.052729 0.049164 0.04507 0.045835 0.045591 0.045152 0.050099 0.052324 0.05445 0.054465 0.057743 0.061784 0.07139 0.077518 0.078997 0.074993 0.068447 0.065759 0.068684 0.073306 0.072585 0.07465 0.075706 0.070389 0.071523 0.074054 0.069179 0.065163 0.061752 0.060051 0.063177 0.066312 0.068151 0.075135 0.077926 0.083286 0.085659 0.092849 0.09368 0.090496 0.091281 0.083518 0.07267 0.064713 0.069758 0.063395 0.053606 0.044197 0.046927 0.044254 0.047798 0.051541 0.042759 0.045903 0.045011 0.045729 0.042978 0.044303 0.041914 0.037487 0.038423 0.040961 0.040753 0.047933 0.048519 0.045918 0.046264 0.045663 0.053164 0.066826 0.069676 0.067885 0.060284 0.050091 0.050134 0.043878 0.040147 0.038126 0.032466 0.037743 0.03278 0.027691 0.029095 0.037085 0.04134 0.039508 0.0493 0.057597 0.059442 0.063423 0.062568 0.061929 0.060625 0.059094 0.047424 0.045888 0.039159 0.036736 0.027958 0.016642 0.014095 0.016916 0.020125 0.022701 0.012918 0.016076 0.020824 0.022551 0.023849 0.017749 0.025123 0.035218 0.04121 0.046965 0.057331 0.064799 0.071001 0.074585 0.074652 0.087676 0.098435 0.11695 0.12103 0.12227 0.10907 0.09165 0.072174 0.04891 0.036545 0.029066 0.01973 0.022605 0.017444 0.017413 0.019199 0.011703 0.0086741 0.010915 0.0098431 0.013954 0.01009 0.0092674 0.0065991 0.011829 0.0098922 0.0028938 0.0092701 0.0097517 0.017917 0.029973 0.033141 0.034511 0.038411 0.03917 0.039591 0.038001 0.034245 0.024006 0.023436 0.019737 0.024193 0.027623 0.030226 0.024089 0.016567 0.021746 0.014947 0.010826 0.011035 0.0073656 0.0047744 0.0037737 0.0022335 0.0022903 -0.0018271 0.0026352 0.0056044 0.0024949 0.014299 0.0096189 0.0061553 0.0064978 0.0010301 -0.0048521 0.00073508 0.0077762 0.0075975 0.0091148 0.0086294 0.0092003 0.010283 0.010881 0.010799 0.012597 0.017429 0.010921 0.011617 0.013768 0.0063584 0.01121 0.0085057 0.013773 0.015636 0.011007 0.010029 0.004953 0.011681 0.012154 0.012933 0.014588 0.012046 0.011752 0.010397 0.015577 0.013879 0.0065385 0.0079125 0.0058386 0.012842 0.011951 0.014661 0.012711 0.0094026 0.014496 0.017944 0.01563 0.016989 0.010053 0.010981 0.01565 0.01158 0.015883 0.015504 0.024635 0.017935 0.012321 0.01278 0.012657 0.015238 0.015011 0.014518 0.016651 0.014888 0.014601 0.017569 0.019331 0.017732 0.021266 0.021498 0.021918 0.022419 0.025777 0.027287 0.03271 0.033099 0.035175 0.032397 0.036364 0.034289 0.028355 0.033704 0.033391 0.026215 0.023032 0.023065 0.026063 0.028408 0.033303 0.026076 0.027625 0.02866 0.022334 0.025381 0.028406 0.026826 0.022635 0.025147 0.028031 0.028971 0.027866 0.022725 0.026315 0.027786 0.026896 0.028766 0.030318 0.026711 0.030869 0.031277 0.037105 0.04008 0.036311 0.032276 0.03228 0.03259 0.03945 0.047387 0.043578 0.045493 0.045534 0.043485 0.046658 0.038338 0.031909 0.031599 0.037659 0.036883 0.038499 0.031042 0.030908 0.026031 0.02505 0.024724 0.024759 0.021208 0.01761 0.01876 0.012784 0.013764 0.012691 0.010259 0.0076697 0.011754 0.018838 0.016382 0.015301 0.021555 0.018715 0.017294 0.010637 0.01219 0.014706 0.01552 0.012383 0.0097434 0.017923 0.0083413 0.012327 0.010908 0.014926 0.018601 0.019319 0.011311 0.009742 0.011536 0.013619 0.023436 0.020403 0.018595 0.017394 0.021174 0.018748 0.021302 0.020485 0.01985 0.024728 0.022382 0.024868 0.025268 0.025312 0.023727 0.02081 0.022744 0.019345 0.016331 0.018265 0.01502 0.017629 0.021776 0.0228 0.022458 0.024053 0.018399 0.019536 0.01847 0.016294 0.01723 0.023711 0.019397 0.02034 0.015333 0.017819 0.014521 0.016842 0.016838 0.016031 0.023663 0.033153 0.041743 0.045171 0.050249 0.049799 0.044385 0.042619 0.040094 0.038053 0.028923 0.030577 0.031317 0.028692 0.026402 0.031976 0.036263 0.034514 0.040001 0.042047 0.047663 0.055059 0.069463 0.081984 0.10089 0.11379 0.12088 0.13211 0.13706 0.12047 0.11237 0.10006 0.083024 0.067595 0.057326 0.048158 0.033687 0.033991 0.031339 0.027086 0.021456 0.020558 0.019047 0.020794 0.019579 0.015484 0.012378 0.0068749 0.004946 0.00064702 -0.0026398 -0.0054951 -0.0018324 -0.0026541 -0.0068938 -0.011019 -0.012103 -0.0070874 -0.0020021 -0.0061809 -0.0053773 -0.0078376 -0.0040193 -0.0014531 -0.0026855 -0.0004986 -0.0046627 -0.002636 0.003161 0.0032963 -0.0026096 0.0006664 0.0055511 0.0012218 0.0011853 0.0043292 0.0068692 0.0011259 0.0010033 0.0062846 0.0067604 0.0075446 0.0095462 0.01219 0.017703 0.015868 0.016035 0.01814 0.020569 0.018755 0.024115 0.025123 0.022101 0.018443 0.024503 0.023917 0.019891 0.021133 0.016785 0.017798 0.013044 0.013016 0.0096026 0.0061671 0.01421 0.012378 0.011933 0.0087677 0.0020991 0.0064086 -0.00042881 -0.0037419 8.9134e-05 -0.0037246 -0.0066894 -0.0038737 -0.005191 -0.006548 -0.0092067 -0.0080063 -0.014384 -0.0067361 -0.0064117 -0.0049675 -0.0034064 -0.005951 -0.0082699 -0.0048599 -0.0012479 -5.0028e-05 -0.0029168 -0.0040858 -0.0048695 -0.0038984 -0.0043296 -0.0091828 -0.004396 -0.0082747 -0.0042513 0.0004281 -0.004083 -0.0071864 -0.0097479 -0.0072054 -0.0092106 -0.0037044 -0.00024112 -0.0036458 0.0006885 -0.0051635 -0.0086036 -0.0085033 -0.012866 -0.0093332 -0.0045485 -0.0039494 -0.005995 -0.011377 -0.0094813 -0.0041486 -0.0054137 -0.0047399 -0.010571 -0.012417 -0.010945 -0.0064577 -0.0097062 -0.010414 -0.0075355 -0.0064446 -0.0016014 -0.0040878 -0.0059747 -0.0048747 -0.0064467 -0.0099632 -0.004994 -0.0054171 -0.010125 -0.012124 -0.0068855 -0.006995 0.00016405 -0.001204 -0.006491 -0.005735 -0.010934 -0.0092349 0.00032902 -0.0039396 -0.0015475 0.0013048 -0.004276 -0.0068688 -0.0020755 -0.0017877 -0.0010341 -0.0044702 0.00014908 -0.0048192 -0.0052481 -0.011817 -0.0078849 -0.0070246 -0.0068805 -0.0086332 -0.0072399 -0.0039387 -0.0026781 -0.004146 -0.007366 -0.0078553 -0.0070172 -0.0052444 -0.0052943 0.00085783 -0.0050426 -0.0080295 -0.0055047 -0.0032646 -0.0025008 -0.0049597 -0.0055265 -0.012758 -0.0096107 -0.0049268 -0.006509 -0.0048884 -0.0039482 -0.0054807 -0.0063298
0.11931 0.12347 0.13002 0.1286 0.12383 0.1248 0.12439 0.12238 0.11865 0.11366 0.11379 0.10502 0.1087 0.099352 0.096603 0.084096 0.076156 0.074244 0.07229 0.066237 0.065812 0.064719 0.063856 0.067753 0.053716 0.053626 0.05914 0.057862 0.060389 0.052158 0.051402 0.051875 0.059484 0.057528 0.058347 0.049603 0.055014 0.055446 0.051055 0.044371 0.049238 0.053387 0.05183 0.044188 0.048472 0.039475 0.037358 0.045285 0.041497 0.038713 0.037704 0.038413 0.029669 0.030113 0.034396 0.041586 0.039993 0.040819 0.047706 0.051436 0.058501 0.055575 0.067197 0.065386 0.065675 0.059637 0.060226 0.059 0.064094 0.054503 0.04496 0.044067 0.049292 0.041983 0.033022 0.03637 0.041585 0.047604 0.044278 0.043663 0.042878 0.037528 0.036167 0.043195 0.048964 0.051833 0.050763 0.054446 0.057247 0.066513 0.073762 0.073689 0.066364 0.061909 0.061859 0.063609 0.066776 0.066157 0.069944 0.072524 0.063999 0.069041 0.068446 0.064269 0.062688 0.054942 0.053522 0.058636 0.060974 0.06316 0.071643 0.073401 0.079877 0.078539 0.086338 0.087464 0.08131 0.085771 0.081095 0.070023 0.065623 0.07035 0.062872 0.050994 0.042661 0.041644 0.041338 0.047053 0.051357 0.039934 0.042928 0.042153 0.043221 0.041755 0.042389 0.035683 0.035496 0.034611 0.039632 0.038609 0.044392 0.044327 0.040999 0.042395 0.040787 0.042434 0.058129 0.060707 0.059235 0.05135 0.042238 0.047046 0.043367 0.036496 0.036006 0.02972 0.034413 0.030661 0.023504 0.023863 0.032831 0.039083 0.038285 0.049384 0.057589 0.058637 0.061512 0.05965 0.05475 0.052944 0.051258 0.041915 0.041432 0.035617 0.037532 0.02511 0.015248 0.013042 0.016542 0.020933 0.02166 0.010256 0.011558 0.0175 0.023185 0.025595 0.014345 0.020944 0.032326 0.035041 0.03938 0.048215 0.054683 0.061295 0.060086 0.063496 0.078728 0.092733 0.11263 0.10972 0.11036 0.0983 0.085383 0.068481 0.046296 0.039895 0.033164 0.024331 0.030155 0.024873 0.019768 0.023462 0.013094 0.011018 0.011247 0.0066129 0.014038 0.0086395 0.012268 0.0076724 0.011213 0.0080412 -0.0039914 0.0057841 0.0055038 0.014981 0.027697 0.028973 0.027557 0.031306 0.03015 0.029784 0.029373 0.027657 0.021797 0.022863 0.017259 0.022453 0.029713 0.032339 0.025368 0.016896 0.022181 0.011289 0.0042229 0.0087897 0.0043884 0.00082353 0.0022531 -0.001117 -0.0014163 -0.0054211 0.00013247 0.0012336 -0.0016575 0.014516 0.0077837 0.0042273 0.005592 0.0021437 -0.0040496 0.000675 0.0087496 0.005846 0.0064131 0.0054924 0.0038267 0.0069299 0.0046228 0.0061428 0.0088284 0.015182 0.0082056 0.0093236 0.01013 -4.0991e-05 0.0050031 0.0029859 0.011005 0.013799 0.0089223 0.009461 0.0037506 0.0099405 0.0076138 0.0090254 0.010856 0.010729 0.010265 0.0094864 0.017811 0.013551 0.0023805 0.0049153 0.0035821 0.013537 0.01017 0.01589 0.011324 0.0070912 0.0080692 0.0091361 0.010393 0.011891 0.0011854 0.0051475 0.013815 0.009235 0.013251 0.012782 0.024079 0.018965 0.01149 0.013451 0.015122 0.016541 0.016677 0.015317 0.013207 0.0082171 0.0099396 0.016821 0.016391 0.014528 0.01807 0.021454 0.020915 0.021166 0.026422 0.027418 0.03263 0.032942 0.031091 0.026463 0.032444 0.029985 0.021821 0.02654 0.028193 0.018889 0.014382 0.019316 0.025578 0.026417 0.032523 0.020268 0.020319 0.022556 0.015557 0.021153 0.025253 0.023586 0.018386 0.021204 0.026311 0.029573 0.025721 0.018173 0.022434 0.024536 0.022238 0.025029 0.021107 0.015089 0.025538 0.027289 0.032259 0.035681 0.032057 0.028667 0.027835 0.026782 0.031705 0.042768 0.035853 0.036268 0.038183 0.036669 0.038777 0.032208 0.024489 0.02436 0.031469 0.028818 0.032578 0.024158 0.02414 0.020304 0.021821 0.018225 0.022824 0.018462 0.015026 0.020197 0.012081 0.015653 0.014337 0.0085298 0.0042459 0.0085307 0.017944 0.015382 0.014014 0.021653 0.012908 0.017473 0.0093762 0.012522 0.014209 0.010388 0.0074155 0.0041141 0.012086 0.0017856 0.0088023 0.0092463 0.014177 0.019025 0.019184 0.0098674 0.0075472 0.0095241 0.013114 0.021708 0.01835 0.011876 0.012982 0.014907 0.013531 0.016784 0.013815 0.010264 0.018091 0.015608 0.019542 0.01968 0.0212 0.020502 0.015168 0.015272 0.012544 0.011133 0.011615 0.0086348 0.011746 0.019341 0.02169 0.022003 0.02537 0.012837 0.015535 0.015811 0.015106 0.014352 0.023812 0.017921 0.022955 0.017629 0.01668 0.01231 0.012325 0.0092799 0.006944 0.015858 0.024517 0.03429 0.036948 0.045493 0.039775 0.031442 0.034193 0.032754 0.030785 0.019121 0.023081 0.027039 0.025059 0.019972 0.028284 0.030578 0.027471 0.032675 0.032326 0.03576 0.043364 0.05758 0.067844 0.083493 0.088716 0.092211 0.10508 0.10743 0.094546 0.086842 0.076764 0.064395 0.055613 0.049157 0.043888 0.03041 0.030986 0.030739 0.02661 0.018919 0.01788 0.016434 0.016757 0.018235 0.014771 0.0088597 0.001225 -0.00023826 -0.0020993 -0.004684 -0.011493 -0.0069319 -0.0045966 -0.0095585 -0.013469 -0.015327 -0.010996 -0.0033463 -0.0077594 -0.0063569 -0.006679 -0.0057632 -0.0012938 -0.0034593 0.0016999 -0.0077354 -0.0033604 0.0011077 -0.00091812 -0.0055775 -0.00076381 0.005492 0.0011025 -0.00020197 0.00023049 0.0037625 -0.004926 -0.0036071 0.0038427 0.0050485 0.0049694 0.005371 0.0065713 0.013485 0.013192 0.011232 0.013002 0.015731 0.0086205 0.015748 0.015509 0.017428 0.01164 0.019403 0.021691 0.016186 0.018345 0.015514 0.014672 0.0052472 0.0070428 0.0039539 0.0016354 0.014884 0.0087494 0.0080756 0.0074681 -0.0013822 0.0095279 -0.00040042 -0.0063566 -0.00091313 -0.0034913 -0.0066604 -0.0022551 -0.0055646 -0.0069742 -0.0066446 -0.0062627 -0.014158 -0.0053607 -0.0048582 -0.0026089 -4.1529e-05 -0.0039436 -0.0052735 -0.0056529 -0.001679 0.001806 -0.00073218 -0.00080071 -0.0021303 -0.0041276 -0.0022645 -0.0054445 -0.0028922 -0.0079479 -0.003743 0.0018593 -0.0023234 -0.0080431 -0.010941 -0.010297 -0.01026 -0.0025604 0.0045605 -0.0026237 0.0030504 -0.0033268 -0.0092455 -0.0088153 -0.015968 -0.011554 -0.0040041 -0.0012022 -0.0052533 -0.012235 -0.011481 -0.0032726 -0.0041755 -0.003485 -0.012364 -0.013761 -0.0095517 -0.0096003 -0.014456 -0.01135 -0.0099113 -0.0090431 -0.0027318 -0.0034541 -0.0057301 -0.0075814 -0.011348 -0.014922 -0.007858 -0.0063735 -0.012895 -0.013322 -0.010781 -0.01059 -0.0023006 -0.0023065 -0.011721 -0.0072827 -0.013732 -0.011005 0.0018228 -0.0030713 3.8781e-05 0.0010428 -0.0066055 -0.011711 -0.0031024 -0.00022851 -0.0012784 -0.0067788 0.0032239 -0.0030501 -0.0052863 -0.012596 -0.0081594 -0.0064783 -0.0070808 -0.0080746 -0.0064815 -0.0035108 -0.0060026 -0.010288 -0.010501 -0.0081256 -0.0072683 -0.0054315 -0.0071889 0.0031715 -0.0023155 -0.0066478 -0.0066272 -0.0036483 -0.0020878 -0.0086395 -0.0063531 -0.012961 -0.010841 -0.0072315 -0.0080299 -0.0061814 -0.0064881
0.17408 0.17902 0.1903 0.1883 0.18431 0.18511 0.18244 0.18254 0.18078 0.17145 0.17247 0.16169 0.16034 0.143 0.13652 0.12256 0.10883 0.107 0.10302 0.091223 0.09016 0.086217 0.086326 0.084714 0.063086 0.063592 0.067602 0.065155 0.063526 0.052395 0.052526 0.052742 0.057084 0.056298 0.057698 0.048103 0.052735 0.053144 0.046602 0.037823 0.041525 0.042585 0.042531 0.034119 0.041865 0.029529 0.023291 0.03319 0.028201 0.028363 0.028164 0.030141 0.016716 0.019645 0.02236 0.035339 0.024862 0.023435 0.031662 0.033574 0.040552 0.034684 0.046172 0.048313 0.048438 0.04719 0.054078 0.047442 0.056722 0.046604 0.03618 0.03592 0.045684 0.036372 0.022194 0.026608 0.028811 0.031879 0.029033 0.035682 0.034091 0.02304 0.020266 0.030891 0.038838 0.040745 0.038969 0.043798 0.045262 0.054188 0.063163 0.062147 0.051025 0.051343 0.053872 0.051385 0.051637 0.051776 0.055784 0.057773 0.045524 0.056361 0.05106 0.047571 0.050484 0.039267 0.038999 0.046521 0.045662 0.047164 0.056729 0.058632 0.065059 0.060588 0.067385 0.070476 0.059069 0.068295 0.068349 0.057487 0.060582 0.061885 0.054215 0.041486 0.035924 0.028899 0.030601 0.038569 0.043371 0.031879 0.033859 0.032565 0.033408 0.035184 0.034728 0.022122 0.028356 0.022975 0.030366 0.02921 0.032598 0.032896 0.030152 0.034501 0.032598 0.026053 0.040194 0.040894 0.039193 0.032568 0.024929 0.035092 0.035476 0.029779 0.03064 0.021558 0.02406 0.023224 0.015963 0.015875 0.02442 0.032427 0.034024 0.044226 0.04985 0.049558 0.049398 0.047915 0.041103 0.038519 0.036862 0.034047 0.032308 0.026827 0.033481 0.017882 0.013468 0.011361 0.013957 0.01822 0.015271 0.0058311 0.004127 0.011794 0.021996 0.024612 0.010424 0.013787 0.02632 0.024557 0.028808 0.035377 0.039616 0.044541 0.039008 0.046187 0.058553 0.074117 0.095604 0.086207 0.086105 0.077933 0.070632 0.057784 0.038808 0.037397 0.030439 0.022471 0.029746 0.02498 0.015738 0.021321 0.0098693 0.0105 0.0075738 -0.001419 0.010409 0.0041492 0.01199 0.0074576 0.0074722 0.0047556 -0.010171 0.001981 0.0023126 0.010538 0.020178 0.021815 0.020444 0.02289 0.019629 0.018943 0.01751 0.017038 0.018424 0.021387 0.012426 0.016881 0.028987 0.030087 0.023416 0.01633 0.020658 0.0056981 -0.004558 0.0028955 -0.0022511 -0.0068596 -0.00088809 -0.0066631 -0.0077782 -0.0091259 -0.0047446 -0.003725 -0.0063609 0.011976 0.0054344 0.0048613 0.0057273 0.0049412 -0.00083118 0.0012878 0.010873 0.0044571 0.00090024 0.00038012 -0.0034314 0.00062899 -0.005229 -0.00069147 0.0039338 0.011138 0.0068801 0.0072317 0.0056328 -0.007336 -0.0010977 -0.0040516 0.0053446 0.010238 0.0059645 0.0075402 0.0021247 0.0073256 0.00035552 0.0018066 0.0036706 0.0055127 0.006607 0.0049132 0.017448 0.0096101 -0.0041839 -0.0015353 -0.0011037 0.012101 0.0060061 0.01549 0.010064 0.0048617 -0.0012677 -0.0027645 0.0023433 0.0018358 -0.010879 -0.0050491 0.007038 0.0061271 0.0099185 0.0087593 0.020014 0.019034 0.0098286 0.01125 0.014182 0.015064 0.018308 0.014036 0.0079225 -0.001431 0.0049134 0.014948 0.011717 0.0088889 0.011635 0.020294 0.018512 0.019285 0.025176 0.023594 0.028977 0.031095 0.022538 0.017892 0.026186 0.023797 0.012456 0.013966 0.017497 0.010477 0.0031152 0.012419 0.022026 0.019967 0.028176 0.011309 0.010675 0.012895 0.0077385 0.015527 0.01717 0.016787 0.011415 0.013986 0.021725 0.026194 0.021115 0.011803 0.016055 0.018849 0.015776 0.018494 0.0088265 0.00053893 0.017089 0.02291 0.024545 0.027385 0.024419 0.024795 0.022524 0.019397 0.020991 0.033329 0.027453 0.02502 0.028283 0.026874 0.025059 0.022446 0.014793 0.014453 0.019957 0.015754 0.024844 0.017147 0.01682 0.014901 0.017179 0.007603 0.017282 0.011002 0.0073151 0.017014 0.010139 0.016212 0.014676 0.0044186 -0.001766 0.0030643 0.015464 0.01178 0.0099452 0.019684 0.0041537 0.015478 0.0080435 0.011884 0.013146 0.0027459 -0.0016666 -0.0019025 0.0032764 -0.0073835 0.0016726 0.0071589 0.012561 0.016982 0.016169 0.0079302 0.0036945 0.0078862 0.010426 0.018835 0.016376 0.0038482 0.0069571 0.0064462 0.0058946 0.010122 0.0042166 -0.00093808 0.0076864 0.0041236 0.0082241 0.0082395 0.014043 0.0147 0.008333 0.0045836 0.0027678 0.0029578 0.0025952 0.0022571 0.0052921 0.016057 0.020695 0.020667 0.025312 0.0038212 0.0089721 0.010659 0.013363 0.010166 0.019914 0.014879 0.024998 0.021658 0.016506 0.0087865 0.0057873 0.0015229 -0.00046129 0.0080269 0.014807 0.023927 0.024917 0.037132 0.023745 0.01495 0.022319 0.022389 0.020836 0.010577 0.01217 0.019109 0.021744 0.012118 0.023399 0.019896 0.016628 0.020774 0.019138 0.019 0.027627 0.039689 0.048375 0.059685 0.056832 0.056117 0.067976 0.064939 0.057379 0.050971 0.045972 0.03902 0.037518 0.033942 0.032283 0.021066 0.019336 0.024499 0.023299 0.013413 0.012873 0.011786 0.0094348 0.014509 0.01235 0.0052198 -0.0042263 -0.0070866 -0.0064398 -0.0091589 -0.015758 -0.013918 -0.0089071 -0.012047 -0.015449 -0.017068 -0.013823 -0.008412 -0.012079 -0.010423 -0.0045221 -0.0084401 -0.0031414 -0.005251 0.00090885 -0.012237 -0.0034497 -0.002618 -0.0051662 -0.0078579 -0.0017319 0.0046688 0.0026102 -0.00061492 -0.0045096 -0.0019224 -0.012447 -0.0074059 0.0018798 0.003908 0.0038459 0.0015545 -0.0004881 0.0078551 0.010427 0.0057464 0.0074433 0.01164 -0.0020198 0.0042674 0.00077419 0.011479 0.0047337 0.011447 0.017735 0.0088329 0.011027 0.0098505 0.0058604 -0.0055471 -5.5294e-05 -0.0021524 -0.0032518 0.011276 0.0015531 0.0009687 0.0034547 -0.0064892 0.008068 -0.0023883 -0.0084719 -0.0018538 -0.00038361 -0.0042536 0.0012376 -0.0041228 -0.0070929 -0.0030283 -0.0027648 -0.011519 -0.0029627 -0.0035321 -0.0011242 0.0056234 0.0007852 0.0014786 -0.0061234 -0.0013567 0.004477 0.00088183 0.0012852 0.0014644 -0.0028577 0.0017455 -0.0016404 -0.002418 -0.0080683 -0.0034984 0.0021933 -0.0019174 -0.01033 -0.010365 -0.014529 -0.011495 -0.0015245 0.010095 -0.002496 0.0058105 1.9118e-05 -0.0064036 -0.0052887 -0.017235 -0.011304 -0.0028756 0.00068673 -0.003789 -0.012399 -0.014384 -0.003446 -0.0050243 -0.0028136 -0.014036 -0.015633 -0.0090875 -0.01382 -0.018449 -0.010488 -0.013238 -0.012354 -0.0058912 -0.0041742 -0.0063721 -0.010645 -0.01557 -0.018832 -0.010922 -0.006909 -0.014741 -0.013419 -0.016295 -0.014513 -0.0062417 -0.0047484 -0.017408 -0.0082427 -0.011989 -0.010198 0.0016092 -0.003629 0.00031513 -0.00079951 -0.0087432 -0.016538 -0.0052661 0.0010627 -0.0019355 -0.010511 0.0040567 -0.0006255 -0.0034346 -0.011224 -0.0072513 -0.0056815 -0.0055961 -0.0050703 -0.0031056 -0.0021663 -0.012251 -0.019984 -0.013486 -0.0078765 -0.0062052 -0.0062671 -0.0093185 0.0040576 0.00086491 -0.0044598 -0.0093846 -0.0057389 -0.0028329 -0.011809 -0.0079821 -0.011696 -0.01095 -0.010052 -0.0096923 -0.0079578 -0.0084752
0.18134 0.18166 0.17858 0.16641 0.15849 0.15097 0.14333 0.12691 0.11963 0.11839 0.11523 0.10986 0.099685 0.084789 0.081926 0.07481 0.063471 0.067337 0.06682 0.060228 0.051133 0.042626 0.044149 0.049554 0.046512 0.040407 0.039883 0.036873 0.032701 0.027671 0.025992 0.027648 0.031829 0.025508 0.025544 0.02094 0.026274 0.023579 0.020447 0.019221 0.016835 0.016749 0.012709 0.013292 0.0099687 0.0097653 0.0088644 0.0033303 0.0075836 0.0035991 0.008918 0.011296 0.015676 0.018128 0.018287 0.01553 0.019226 0.022363 0.025186 0.024585 0.02273 0.019052 0.013687 0.013159 0.012163 0.014654 0.015441 0.02163 0.021255 0.019895 0.021874 0.021363 0.025884 0.025245 0.029083 0.027031 0.025553 0.026051 0.025678 0.026524 0.02583 0.027368 0.027895 0.028506 0.029552 0.022744 0.021681 0.025946 0.036756 0.044516 0.046343 0.044416 0.048728 0.048704 0.047621 0.051302 0.053129 0.051576 0.054173 0.053559 0.054256 0.049672 0.045252 0.043945 0.045427 0.043526 0.042212 0.035741 0.035597 0.033563 0.032459 0.035436 0.038445 0.042754 0.041372 0.043253 0.035526 0.04138 0.04516 0.043823 0.045005 0.052643 0.04854 0.044789 0.042575 0.041296 0.036616 0.037929 0.040644 0.040194 0.042075 0.039519 0.036215 0.034276 0.036878 0.033275 0.034186 0.039962 0.034411 0.033426 0.039735 0.037003 0.033782 0.036889 0.037701 0.036837 0.037749 0.036637 0.041193 0.04176 0.044695 0.04703 0.045595 0.034476 0.03785 0.038829 0.041106 0.034401 0.034611 0.034585 0.031642 0.033942 0.031777 0.033798 0.036546 0.034447 0.035051 0.039194 0.041134 0.039106 0.038623 0.036803 0.032156 0.037696 0.041048 0.038341 0.033308 0.03493 0.039818 0.038449 0.037765 0.040055 0.037589 0.035477 0.034797 0.03007 0.025735 0.027201 0.028671 0.029921 0.036487 0.039172 0.040679 0.037847 0.041111 0.043778 0.050172 0.061751 0.064441 0.060159 0.065427 0.071347 0.066315 0.065839 0.064084 0.059304 0.06136 0.063524 0.058568 0.064551 0.060549 0.058054 0.056609 0.048885 0.049203 0.04726 0.04621 0.043413 0.032356 0.029857 0.028567 0.026118 0.02193 0.02353 0.026968 0.032563 0.031451 0.030608 0.034539 0.041163 0.042846 0.046332 0.046499 0.048351 0.055238 0.053012 0.052649 0.047541 0.046825 0.050499 0.051818 0.0537 0.052845 0.046788 0.045012 0.038008 0.036216 0.036908 0.031473 0.030614 0.030566 0.025692 0.021501 0.028743 0.024756 0.016203 0.018113 0.016708 0.016052 0.013049 0.015395 0.01302 0.0067397 0.01132 0.0098599 0.010039 0.0083107 0.011837 0.006574 0.0008208 0.002176 0.0048441 0.0078632 0.0094987 0.013558 0.006581 0.0083972 0.012808 0.01524 0.01382 0.0085144 0.0047791 0.010358 0.015419 0.018412 0.015941 0.016613 0.018837 0.0071871 0.0085045 0.014397 0.020095 0.021875 0.022818 0.02036 0.015999 0.017474 0.01439 0.016848 0.022449 0.022886 0.019545 0.015054 0.022619 0.019831 0.015962 0.019665 0.015215 0.016824 0.021566 0.021294 0.018224 0.016598 0.01946 0.021346 0.022799 0.023991 0.023045 0.025869 0.02744 0.024171 0.023624 0.022597 0.025047 0.024002 0.024574 0.027641 0.028723 0.029261 0.02948 0.02989 0.034104 0.034956 0.034716 0.033769 0.035883 0.038631 0.040142 0.039594 0.042661 0.041075 0.045563 0.041643 0.04591 0.044687 0.043726 0.043083 0.044782 0.043468 0.045697 0.041517 0.042443 0.044096 0.043587 0.0429 0.043723 0.044861 0.040103 0.041085 0.03811 0.036636 0.038858 0.036691 0.037817 0.038414 0.038319 0.038435 0.036168 0.037442 0.043226 0.043876 0.047485 0.04977 0.047506 0.049259 0.051781 0.05409 0.057835 0.054965 0.053953 0.056373 0.054635 0.063156 0.068016 0.073572 0.079224 0.078647 0.080243 0.084133 0.084835 0.0849 0.080215 0.072086 0.071257 0.071063 0.067783 0.063915 0.062353 0.062492 0.062894 0.062764 0.057801 0.058771 0.052764 0.045722 0.046108 0.048272 0.040968 0.044734 0.041008 0.039244 0.036538 0.030594 0.027506 0.030636 0.032175 0.033456 0.029983 0.028999 0.026206 0.026253 0.023864 0.023416 0.024308 0.025881 0.022884 0.018417 0.017798 0.019912 0.018285 0.017233 0.01982 0.020199 0.019924 0.019137 0.016702 0.022817 0.021847 0.025406 0.026299 0.027269 0.021674 0.016426 0.011073 0.018697 0.016901 0.017838 0.010183 0.0092784 0.015164 0.012945 0.018536 0.02323 0.017995 0.011381 0.011925 0.013223 0.0078627 0.012158 0.009877 0.0097893 0.0085258 0.008653 0.011458 0.011684 0.014237 0.012143 0.0075966 0.0090136 0.0099043 0.01195 0.015085 0.01822 0.018426 0.017811 0.017046 0.019512 0.016042 0.01511 0.021408 0.023112 0.025024 0.023429 0.022914 0.022582 0.023455 0.027501 0.027842 0.030341 0.032994 0.033185 0.036967 0.03256 0.036293 0.036101 0.039251 0.044152 0.043765 0.03795 0.040402 0.044359 0.04281 0.036389 0.043872 0.042293 0.039919 0.039871 0.035969 0.03026 0.026771 0.022528 0.017981 0.01439 0.015914 0.017646 0.017331 0.015538 0.019242 0.025162 0.01789 0.014649 0.012322 0.015652 0.021369 0.016978 0.018103 0.016932 0.015195 0.015841 0.014299 0.013647 0.014193 0.010894 0.0077749 0.0023592 0.0069183 0.0086942 0.009429 0.0068825 0.007436 0.0063679 0.0056324 0.0043242 0.00065522 0.0040894 0.0067283 0.0031707 0.005539 0.0089266 0.012503 0.019222 0.017253 0.022817 0.024145 0.022779 0.02455 0.023264 0.029299 0.029091 0.034629 0.031956 0.031792 0.026966 0.029047 0.030278 0.028051 0.024718 0.025942 0.030926 0.023766 0.021483 0.028489 0.027857 0.021806 0.016585 0.014946 0.015711 0.017981 0.018796 0.0064704 0.010246 0.0087838 0.0090703 0.0099308 0.012836 0.011348 0.014337 0.016477 0.016069 0.017567 0.016392 0.010782 0.0081807 0.011367 0.016124 0.016058 0.012785 0.013094 0.01199 0.0075537 0.013404 0.013915 0.0099685 0.0066234 0.009819 0.0076568 0.0066317 0.0074881 0.0060971 0.0010658 -0.0035322 -0.0017343 0.00099963 0.0033596 0.0033231 0.0042157 0.0055823 0.0093582 0.0064822 0.0025686 0.0051826 0.0040727 0.0045155 0.005456 0.0017734 0.0065181 0.0033673 0.0036066 0.0023428 0.0011766 0.0016078 -0.001433 0.00086521 0.0041529 0.003024 0.0036668 0.0067934 0.0050794 -0.0016207 -0.00068429 -0.0051556 0.0024413 0.0018441 0.0023762 0.0039848 0.0060541 0.0069694 0.0041359 0.0058564 0.0026274 0.0061492 0.0070977 0.0039486 0.00028167 0.0023489 -0.0013366 0.0030705 0.0038255 0.0012523 0.00090125 -0.0016879 -0.0017605 -0.0017655 -0.0049084 0.0027869 0.0069535 0.0036734 0.0053089 0.0010306 -0.0010944 0.00065425 -0.0034886 -0.0030666 -0.0021678 -0.0018643 -0.0030664 0.0012023 -0.00062088 0.00094937 0.0056698 0.00067092 0.0022318 -0.0034333 0.00065304 -0.0036001 -0.0047388 -0.00037819 0.0020055 0.0024801 0.0036442 0.00095657 -0.00067085
0.1099 0.11185 0.1088 0.097175 0.088386 0.082888 0.078421 0.068444 0.066899 0.069738 0.067475 0.063466 0.057488 0.046618 0.047313 0.045814 0.039009 0.0465 0.049635 0.043611 0.036176 0.030715 0.033324 0.038895 0.038191 0.036731 0.038516 0.035606 0.032737 0.030105 0.030228 0.031013 0.034773 0.027153 0.026848 0.022339 0.026439 0.023699 0.021122 0.019733 0.016382 0.016988 0.011195 0.015271 0.013938 0.01457 0.012437 0.0081488 0.0099889 0.0059245 0.01043 0.013858 0.021342 0.023345 0.02119 0.018548 0.02253 0.026023 0.028572 0.027157 0.0265 0.023592 0.01971 0.020059 0.018022 0.02141 0.024631 0.029717 0.029203 0.027995 0.0302 0.027986 0.031578 0.031435 0.035829 0.032888 0.031211 0.030956 0.033549 0.033195 0.033376 0.033663 0.03555 0.038877 0.040926 0.035833 0.038277 0.041609 0.051936 0.06044 0.063261 0.062858 0.067604 0.065361 0.063572 0.0659 0.066171 0.064708 0.066287 0.062174 0.063074 0.059762 0.053724 0.052706 0.052125 0.051553 0.051359 0.04497 0.044305 0.044119 0.042057 0.047766 0.050759 0.054827 0.052434 0.053316 0.048452 0.054936 0.057765 0.056459 0.056439 0.06334 0.057573 0.053551 0.04995 0.049711 0.044401 0.045698 0.04917 0.047576 0.047831 0.045416 0.042802 0.040139 0.043653 0.039045 0.039949 0.045567 0.043676 0.044528 0.050149 0.047936 0.04413 0.046192 0.046625 0.046391 0.048318 0.048059 0.050084 0.04915 0.05359 0.0549 0.053381 0.042591 0.044653 0.044143 0.04377 0.04131 0.039935 0.038828 0.037375 0.040241 0.037835 0.04163 0.046 0.045707 0.046062 0.050512 0.052154 0.05148 0.049594 0.044422 0.041969 0.046898 0.048836 0.045071 0.038452 0.037127 0.041492 0.041594 0.041654 0.041901 0.038754 0.037986 0.038483 0.034482 0.030696 0.032982 0.040257 0.043135 0.049657 0.052809 0.05712 0.058533 0.064066 0.067489 0.075753 0.084807 0.085546 0.082967 0.086826 0.088447 0.08143 0.076892 0.072315 0.063204 0.064215 0.064357 0.058264 0.061892 0.059121 0.055848 0.05142 0.045533 0.044683 0.040764 0.039543 0.037969 0.029359 0.027592 0.027316 0.025805 0.024293 0.031466 0.038832 0.048019 0.04882 0.048405 0.053333 0.057503 0.059014 0.062305 0.059784 0.059607 0.064785 0.061258 0.057776 0.052927 0.051805 0.05198 0.054599 0.054239 0.053454 0.044208 0.042724 0.035078 0.031969 0.033567 0.029739 0.027732 0.02777 0.023059 0.020924 0.02657 0.020183 0.013318 0.016242 0.015143 0.014605 0.010562 0.01158 0.011462 0.0071292 0.011204 0.0069942 0.005952 0.0078313 0.012954 0.0088906 0.0035199 0.0033047 0.0047455 0.0084842 0.01022 0.016436 0.011714 0.012684 0.017193 0.0208 0.019877 0.014444 0.011659 0.014347 0.022896 0.024957 0.023045 0.020467 0.02401 0.014767 0.013964 0.017853 0.022874 0.025225 0.027352 0.025467 0.021096 0.020542 0.016603 0.019537 0.024295 0.024363 0.02279 0.018182 0.023289 0.0236 0.019895 0.025587 0.019944 0.018947 0.02463 0.024506 0.024465 0.021504 0.021181 0.02363 0.024995 0.026946 0.027798 0.031451 0.031415 0.028942 0.028483 0.027308 0.031669 0.029435 0.027454 0.033052 0.032908 0.03466 0.035536 0.037391 0.04143 0.042938 0.04617 0.044345 0.046389 0.048107 0.049143 0.049651 0.053288 0.050248 0.050995 0.047996 0.052226 0.049983 0.049106 0.048322 0.047283 0.047174 0.048722 0.043669 0.04469 0.046288 0.045826 0.045824 0.046034 0.047062 0.041253 0.041411 0.038042 0.037919 0.040883 0.040487 0.042475 0.045677 0.045974 0.047565 0.04411 0.044945 0.050621 0.052324 0.05558 0.05783 0.056556 0.056176 0.059136 0.060956 0.063527 0.063259 0.063715 0.069434 0.068455 0.0737 0.080745 0.085685 0.090915 0.090078 0.08953 0.092485 0.090391 0.087583 0.080576 0.072027 0.071437 0.071655 0.065373 0.059556 0.05724 0.056857 0.056953 0.055287 0.050449 0.051895 0.045391 0.038324 0.040831 0.043044 0.03601 0.038539 0.035516 0.033805 0.030978 0.026319 0.024337 0.025974 0.027039 0.028317 0.026411 0.026511 0.023912 0.024872 0.023182 0.022313 0.024024 0.023901 0.020551 0.017235 0.016718 0.018046 0.018039 0.017524 0.02048 0.022365 0.020562 0.019574 0.014576 0.020598 0.019135 0.024227 0.024789 0.02617 0.021216 0.016451 0.010969 0.01701 0.014333 0.014928 0.0080212 0.0075239 0.010662 0.0093616 0.014163 0.021005 0.014207 0.0063286 0.0090582 0.010605 0.0059713 0.012173 0.01067 0.0095688 0.0068761 0.0087992 0.010851 0.011619 0.014543 0.014811 0.010773 0.01275 0.014501 0.018017 0.021122 0.022301 0.021502 0.022255 0.019199 0.021841 0.020243 0.019643 0.027574 0.033203 0.035347 0.033557 0.035748 0.038117 0.038823 0.044574 0.046926 0.05053 0.051481 0.04787 0.050996 0.047623 0.048338 0.044908 0.044656 0.049269 0.048563 0.042051 0.043464 0.043772 0.038922 0.033019 0.039101 0.037627 0.036317 0.034798 0.03191 0.027068 0.024165 0.020551 0.016902 0.013452 0.016144 0.020089 0.017927 0.015947 0.019613 0.023716 0.018212 0.014572 0.01428 0.016438 0.023504 0.017933 0.018452 0.018602 0.018466 0.020014 0.017929 0.015724 0.015794 0.013617 0.0084786 0.0033736 0.008663 0.010129 0.011273 0.010154 0.0073865 0.0075785 0.0074571 0.0065665 0.0048493 0.0081956 0.011869 0.0073057 0.0093985 0.012884 0.015938 0.023676 0.024041 0.028064 0.028483 0.02957 0.030333 0.027731 0.033703 0.034326 0.037424 0.03359 0.033208 0.027991 0.0283 0.029041 0.03026 0.026703 0.028183 0.032751 0.02551 0.024321 0.025388 0.025949 0.022006 0.015339 0.013317 0.012463 0.015926 0.015888 0.0060849 0.0095984 0.0089171 0.0062118 0.0063442 0.010702 0.010096 0.011427 0.012876 0.012102 0.012513 0.013007 0.0076576 0.0063521 0.0082166 0.012559 0.012492 0.010265 0.0084006 0.0049751 0.0038264 0.011809 0.011742 0.0087052 0.0049647 0.0048487 0.0036366 0.0032951 0.00708 0.0066574 0.0025285 -0.0048027 -0.0018632 0.0010997 0.0025286 0.0059539 0.0078562 0.0066121 0.0090237 0.0055682 0.00074105 0.0029355 0.0032397 0.001778 0.0045236 0.001103 0.0039029 0.0015512 0.0013505 0.0015622 0.00046809 0.00019267 -0.0015336 0.00039716 0.0041603 0.0033137 0.0021853 0.0041823 0.0055075 -0.00049121 0.001802 -0.0038579 0.0015266 0.002254 0.00079649 0.0017703 0.0053712 0.0060394 0.0051621 0.0041949 0.00059877 0.0051932 0.0043816 0.0026829 -0.00037564 0.00075917 -0.0038906 0.0030026 0.0042297 0.00062633 0.00088444 -0.0013874 -0.00058454 -0.00099105 -0.0050079 0.0014814 0.0053495 0.002019 0.0046942 0.0027 -0.000433 0.00042796 -0.0029563 -0.00084664 -0.0019483 -0.00025509 -0.00037301 0.0015914 -0.00071066 0.0013227 0.0072598 0.00039345 0.00064452 -0.004521 0.00010549 -0.0035422 -0.0019765 -0.0010859 -0.00029543 0.00040841 0.0007766 -8.5811e-05 -0.0012502
0.045865 0.046314 0.048526 0.04669 0.038324 0.030302 0.027372 0.026801 0.022893 0.025671 0.031543 0.030051 0.027916 0.027094 0.020512 0.02354 0.026677 0.024265 0.032124 0.036388 0.030466 0.026289 0.023867 0.026806 0.031336 0.031894 0.034168 0.036721 0.03397 0.033922 0.032535 0.033271 0.033125 0.034853 0.027436 0.027742 0.022214 0.024668 0.022323 0.020673 0.018311 0.015314 0.017551 0.012318 0.017762 0.018541 0.019157 0.016599 0.013157 0.013375 0.010333 0.013844 0.018417 0.026178 0.02743 0.022964 0.022352 0.026044 0.029459 0.03164 0.028811 0.028652 0.026351 0.024033 0.025724 0.024695 0.027083 0.031885 0.035206 0.036021 0.034211 0.035904 0.032374 0.035292 0.036065 0.039962 0.036603 0.035539 0.034534 0.039368 0.038953 0.041648 0.041135 0.043833 0.049574 0.052902 0.051002 0.056399 0.058281 0.065725 0.07307 0.074204 0.075961 0.079282 0.074851 0.071181 0.071401 0.070391 0.068952 0.069286 0.063596 0.06453 0.062913 0.056698 0.056533 0.054551 0.055172 0.05583 0.051168 0.050995 0.052451 0.051543 0.058008 0.060341 0.062367 0.059924 0.057886 0.055887 0.062403 0.064184 0.062302 0.059659 0.064436 0.058542 0.054896 0.050734 0.051633 0.047107 0.0481 0.051793 0.049954 0.048995 0.048079 0.047239 0.044805 0.049629 0.043772 0.04372 0.048887 0.050063 0.052377 0.056763 0.055823 0.051197 0.052928 0.052823 0.052688 0.05458 0.054459 0.053787 0.051569 0.055883 0.056147 0.055032 0.046379 0.046367 0.045404 0.042728 0.045766 0.043743 0.041208 0.041198 0.044046 0.043009 0.047713 0.052439 0.05384 0.053187 0.055535 0.056189 0.055911 0.051938 0.044647 0.044579 0.048079 0.04742 0.043375 0.037628 0.034916 0.038444 0.039599 0.041658 0.040895 0.037931 0.038021 0.041942 0.039917 0.037637 0.041249 0.052869 0.057702 0.064549 0.069362 0.075539 0.08032 0.087348 0.090156 0.096976 0.099718 0.096579 0.094264 0.094137 0.091139 0.081418 0.074785 0.068305 0.056921 0.055542 0.053635 0.048364 0.049984 0.048499 0.045926 0.039666 0.0355 0.03318 0.02889 0.028512 0.028463 0.023836 0.024081 0.02589 0.027012 0.030193 0.042737 0.051822 0.061217 0.06313 0.063236 0.066648 0.067324 0.068058 0.068937 0.064605 0.061877 0.062894 0.058956 0.053443 0.049659 0.048164 0.044667 0.04752 0.044567 0.044066 0.033661 0.032883 0.026788 0.02369 0.025979 0.02345 0.021556 0.02053 0.016853 0.016697 0.020677 0.013435 0.0088 0.013033 0.012558 0.013182 0.0095676 0.008409 0.0086108 0.0073765 0.011081 0.004882 0.0029985 0.0072607 0.012822 0.009933 0.0065619 0.0050388 0.005007 0.0088045 0.011275 0.018268 0.016097 0.015544 0.019406 0.023258 0.022446 0.01841 0.016712 0.017045 0.026898 0.027318 0.025354 0.019452 0.024459 0.019291 0.017673 0.019046 0.022878 0.025534 0.029167 0.027108 0.022518 0.020812 0.017001 0.019807 0.024204 0.023387 0.02404 0.020138 0.023169 0.025289 0.022247 0.029514 0.023428 0.020455 0.025553 0.025483 0.027965 0.024018 0.021158 0.024263 0.024632 0.027125 0.030083 0.033625 0.032499 0.030577 0.031388 0.029585 0.034803 0.032789 0.030193 0.036862 0.036603 0.0385 0.038628 0.041811 0.045282 0.04751 0.052882 0.050123 0.051614 0.052687 0.052349 0.053147 0.056278 0.052462 0.049976 0.047621 0.051867 0.048939 0.047761 0.047865 0.044472 0.045563 0.045355 0.040831 0.042365 0.043677 0.043303 0.044196 0.043647 0.04426 0.039043 0.039359 0.037183 0.039477 0.041387 0.042829 0.044898 0.049453 0.050766 0.05292 0.049392 0.050501 0.054927 0.055779 0.058186 0.060562 0.059712 0.05778 0.060724 0.063077 0.066353 0.068431 0.070795 0.077354 0.075629 0.077071 0.083772 0.085391 0.088259 0.087708 0.08471 0.085737 0.081168 0.07585 0.067909 0.061159 0.060397 0.059929 0.053696 0.047768 0.046091 0.044861 0.043675 0.042059 0.037387 0.038547 0.03413 0.028411 0.031399 0.033915 0.028437 0.029862 0.026766 0.025974 0.023225 0.019387 0.019467 0.020813 0.020393 0.021703 0.022086 0.021724 0.021388 0.022869 0.021394 0.020723 0.022823 0.020584 0.018186 0.01629 0.016016 0.016818 0.01671 0.016792 0.019608 0.022802 0.019854 0.019203 0.012765 0.017643 0.016475 0.021185 0.021054 0.021904 0.018311 0.014745 0.0094481 0.014228 0.01049 0.010146 0.0060098 0.00591 0.0065545 0.0056308 0.0095343 0.01685 0.01023 0.0029795 0.0075361 0.009717 0.0072724 0.013055 0.012443 0.01155 0.0089028 0.012599 0.014882 0.015809 0.016965 0.019676 0.017984 0.019898 0.022219 0.02631 0.029007 0.029576 0.027217 0.02921 0.023486 0.026889 0.027827 0.029808 0.039318 0.048711 0.05205 0.051504 0.056107 0.060048 0.060189 0.066038 0.067401 0.070169 0.067294 0.059127 0.059776 0.056953 0.054505 0.047958 0.043964 0.047436 0.046511 0.040087 0.039276 0.036427 0.030274 0.025963 0.03025 0.029412 0.028702 0.026068 0.023621 0.019714 0.018266 0.015798 0.013515 0.010973 0.012622 0.018101 0.015939 0.013674 0.016072 0.01795 0.014427 0.011024 0.012448 0.013889 0.021168 0.015581 0.016783 0.017041 0.018078 0.019705 0.017094 0.014533 0.014501 0.014574 0.0093491 0.0043729 0.0093846 0.011175 0.012238 0.013043 0.0089932 0.011269 0.011086 0.010031 0.010232 0.013102 0.017275 0.012816 0.014586 0.017788 0.01992 0.027518 0.029764 0.031883 0.031417 0.03304 0.032488 0.029568 0.03427 0.035193 0.034992 0.030428 0.029036 0.025359 0.024618 0.025127 0.02668 0.022579 0.025034 0.029065 0.022158 0.022502 0.019103 0.020044 0.017834 0.01114 0.010452 0.0090181 0.012245 0.011087 0.0050235 0.0077889 0.0082708 0.0030571 0.0015159 0.0073345 0.0081702 0.0074389 0.0084347 0.007367 0.0067098 0.0086435 0.0050616 0.0051491 0.0050014 0.0079287 0.0086688 0.0070352 0.0042102 -0.00041447 0.0020417 0.0098259 0.0088773 0.0074646 0.0035265 0.00064153 0.00081964 0.00068373 0.0056162 0.0067732 0.0038576 -0.0055133 -0.0013785 0.0010267 0.0016546 0.0076585 0.010054 0.00745 0.0069857 0.003933 6.9234e-05 0.0008449 0.0017215 -0.00047704 0.0031072 0.00023275 0.001007 2.8608e-05 -0.00019867 -0.00038029 -0.0012317 -0.00098884 -0.0013706 -0.00060232 0.0037095 0.0026027 0.0003436 -5.7395e-05 0.0042769 0.00059038 0.002433 -0.0017662 -0.00024814 -0.00042545 -0.0029072 -0.0017864 0.0027551 0.0030096 0.0044048 0.0021242 -0.00079767 0.0039492 0.0014841 0.0012881 -0.00080941 -0.0010996 -0.0072477 0.0010986 0.0028974 0.00067391 0.0014337 -0.00072421 -0.00015641 -0.0015548 -0.0061725 -0.00095201 0.0021606 -0.00018992 0.0028378 0.0033699 -0.00059299 -0.00085582 -0.0019234 0.0016305 -0.0017808 0.00029817 0.00062902 0.00083156 -0.00084576 0.0012468 0.0066005 -0.00082516 -0.0010139 -0.0048852 -0.0013776 -0.0033069 -3.4753e-05 -0.0026127 -0.0028859 -0.0013179 -0.0021861 -0.0019969
0.018987 0.011448 0.014354 0.015546 0.014925 0.010022 0.0041656 0.0036049 0.0059074 0.0048892 0.0094562 0.015992 0.014627 0.01391 0.017734 0.013422 0.016766 0.022069 0.02194 0.027592 0.03029 0.024648 0.023902 0.023717 0.026254 0.029148 0.029166 0.032845 0.034881 0.032835 0.035489 0.034107 0.034116 0.033712 0.032486 0.026765 0.027705 0.021339 0.022522 0.021041 0.020201 0.01667 0.015078 0.018746 0.016015 0.02049 0.02269 0.02335 0.021304 0.018359 0.018613 0.017069 0.019748 0.024927 0.030829 0.031055 0.025159 0.027649 0.030554 0.033373 0.035477 0.031213 0.030735 0.028914 0.02789 0.030254 0.03114 0.031181 0.036298 0.037955 0.040339 0.037729 0.038532 0.034674 0.037372 0.039015 0.042077 0.039426 0.038834 0.037096 0.043133 0.044048 0.049539 0.04983 0.053038 0.060094 0.064283 0.065254 0.071642 0.07235 0.07624 0.081362 0.079027 0.08189 0.082791 0.076946 0.071282 0.069339 0.067958 0.066827 0.066002 0.060928 0.061781 0.061684 0.056704 0.058055 0.05576 0.057188 0.058964 0.056527 0.057186 0.060019 0.060794 0.06566 0.067012 0.066075 0.063939 0.058249 0.057845 0.064364 0.064437 0.061602 0.056421 0.059063 0.053724 0.051032 0.046952 0.049129 0.04649 0.046917 0.050074 0.048724 0.046967 0.048324 0.049868 0.048392 0.054 0.047742 0.046715 0.051863 0.054668 0.057731 0.060501 0.060372 0.054952 0.056804 0.055793 0.055799 0.056792 0.055264 0.053176 0.050143 0.053224 0.052686 0.052435 0.046944 0.044993 0.044275 0.040653 0.048391 0.047178 0.044084 0.045305 0.0474 0.048491 0.052958 0.056391 0.057759 0.055568 0.054659 0.053804 0.052498 0.046932 0.039106 0.040629 0.042879 0.039958 0.036311 0.03259 0.030497 0.033703 0.035532 0.039873 0.039943 0.038503 0.039005 0.047323 0.047616 0.047593 0.052493 0.065258 0.072297 0.081019 0.088687 0.095321 0.10094 0.10693 0.10706 0.10917 0.10317 0.095015 0.090985 0.085962 0.079323 0.068187 0.061516 0.055044 0.043948 0.040113 0.037376 0.034298 0.035258 0.034022 0.033046 0.027155 0.024268 0.020723 0.017333 0.018436 0.019507 0.019296 0.023187 0.028213 0.03243 0.040403 0.055835 0.063561 0.06946 0.070568 0.070277 0.07047 0.068497 0.068097 0.065852 0.061394 0.056288 0.052972 0.049774 0.043471 0.041004 0.038753 0.03262 0.034975 0.03022 0.030052 0.020493 0.020333 0.017651 0.015121 0.017321 0.016083 0.015419 0.01261 0.010033 0.011532 0.014443 0.0076395 0.0054329 0.010483 0.010645 0.012778 0.010424 0.0073303 0.0066562 0.0083774 0.011951 0.0056189 0.0027239 0.007647 0.012663 0.010622 0.0092153 0.0071063 0.0064295 0.0094579 0.012336 0.018606 0.018733 0.017017 0.019507 0.022704 0.021131 0.019429 0.018426 0.017846 0.026481 0.024998 0.022613 0.015262 0.020885 0.020058 0.019122 0.018994 0.021437 0.023942 0.02878 0.025759 0.020667 0.019354 0.015647 0.017498 0.022959 0.021603 0.023939 0.021247 0.023278 0.025125 0.022457 0.030288 0.024651 0.021177 0.024776 0.024918 0.028259 0.024088 0.020227 0.023642 0.022963 0.026143 0.029945 0.03283 0.031803 0.030114 0.03274 0.030287 0.035058 0.034762 0.033492 0.039848 0.040231 0.041163 0.03963 0.043438 0.046523 0.049129 0.054299 0.05043 0.050978 0.052069 0.050259 0.051279 0.053039 0.049533 0.045229 0.042522 0.046931 0.044133 0.042612 0.044321 0.039432 0.040797 0.039127 0.03647 0.038523 0.039326 0.038566 0.040754 0.039802 0.039807 0.036919 0.038447 0.037923 0.042109 0.042031 0.045058 0.046221 0.050877 0.053329 0.055935 0.05327 0.054453 0.056976 0.055601 0.057201 0.059203 0.058435 0.055897 0.058861 0.062742 0.06753 0.070484 0.074515 0.079298 0.075725 0.073638 0.077429 0.074735 0.074736 0.074751 0.06976 0.068781 0.062958 0.056816 0.049752 0.046234 0.044936 0.042669 0.039042 0.034554 0.033846 0.032054 0.029357 0.029268 0.024744 0.024762 0.023935 0.020409 0.022525 0.025495 0.021651 0.02228 0.01854 0.019091 0.016882 0.01324 0.01555 0.016794 0.015805 0.01745 0.019688 0.017775 0.020887 0.021943 0.020285 0.020466 0.022505 0.018381 0.017618 0.016807 0.017577 0.018262 0.016925 0.017254 0.019057 0.022967 0.019367 0.019351 0.012993 0.016431 0.016094 0.019012 0.018307 0.017745 0.015793 0.013686 0.008045 0.012161 0.0081576 0.0064522 0.0055873 0.0057733 0.0046581 0.0041576 0.007242 0.013523 0.0088224 0.0037772 0.0092803 0.012806 0.012489 0.016527 0.017068 0.01736 0.016156 0.020518 0.023168 0.02373 0.022663 0.026688 0.027451 0.028649 0.030772 0.03481 0.037077 0.038379 0.034266 0.037671 0.030991 0.03601 0.038962 0.045843 0.057341 0.070005 0.075499 0.077444 0.083679 0.086386 0.085761 0.089622 0.087043 0.086301 0.078033 0.065454 0.062288 0.059292 0.054604 0.046103 0.039756 0.041779 0.040836 0.035175 0.032188 0.027239 0.022282 0.019193 0.021834 0.02156 0.020352 0.017803 0.014906 0.011285 0.01158 0.010093 0.0095962 0.0083419 0.0073026 0.012636 0.011289 0.0090961 0.0098521 0.009977 0.0083979 0.0050786 0.0078743 0.0091369 0.015659 0.01148 0.013728 0.013533 0.014824 0.015546 0.013087 0.01157 0.01151 0.013846 0.01048 0.0056557 0.0094246 0.012449 0.012913 0.015124 0.012206 0.016352 0.016126 0.014633 0.016052 0.01826 0.022397 0.018987 0.020253 0.023029 0.0242 0.030219 0.033215 0.033544 0.032242 0.032863 0.031689 0.029319 0.032631 0.032931 0.029557 0.025082 0.022296 0.021032 0.019872 0.019805 0.019512 0.015347 0.018883 0.022399 0.015948 0.017508 0.012332 0.012285 0.010789 0.0059484 0.0070697 0.0064869 0.0083687 0.0061876 0.0036019 0.0052937 0.0066018 0.0010419 -0.0020375 0.0042685 0.0058685 0.0027415 0.0044341 0.0041735 0.0024668 0.0041905 0.0032538 0.0044051 0.0025081 0.0039751 0.0053868 0.0040572 0.001301 -0.0030625 0.0019402 0.0077278 0.0062087 0.0063999 0.0023696 -0.0020394 -6.4636e-05 -0.00015307 0.0034458 0.0062973 0.0043896 -0.0064657 -0.0010519 0.00055313 0.00063531 0.0076439 0.0096959 0.0074603 0.0042579 0.0017199 -0.00035886 -0.00036573 0.00043605 -0.0017788 0.0016355 -0.00049939 -0.0015224 -0.0014145 -0.0014434 -0.0024001 -0.0025618 -0.0012937 -0.000955 -0.001971 0.0025211 0.00089375 -0.0012748 -0.0041089 0.0023309 0.0011494 0.0012442 -0.00058327 -0.0016111 -0.0039369 -0.0068747 -0.0054847 -0.00097484 -0.00079111 0.0024913 -0.00021849 -0.0018756 0.0023725 -0.00052035 0.00022127 -0.001369 -0.0027971 -0.0095261 -0.0020972 2.8346e-05 0.00079895 0.0016821 -0.0002402 -0.00042294 -0.0029024 -0.0079244 -0.0034324 -0.00095281 -0.0022789 0.00068879 0.0028628 -0.0013662 -0.0028828 -0.0013595 0.0032423 -0.0019096 -0.00049223 -0.00045812 -0.00016753 -0.0013339 0.00019633 0.0039626 -0.0021994 -0.0019264 -0.0043159 -0.0030307 -0.0034873 -7.0482e-05 -0.0046835 -0.0050835 -0.0028068 -0.0047345
0.025546 0.0192 0.010487 0.0073219 0.011849 0.011393 0.011234 0.0081403 0.0053906 0.0069281 0.010379 0.0089731 0.013255 0.017974 0.01622 0.016351 0.023293 0.019082 0.021121 0.026374 0.026478 0.029155 0.02913 0.024443 0.026322 0.027425 0.028923 0.030571 0.029059 0.031962 0.03292 0.032272 0.036179 0.034331 0.033115 0.033225 0.02927 0.026253 0.027188 0.021273 0.021654 0.021158 0.020755 0.016575 0.016884 0.020673 0.02115 0.023121 0.025726 0.027234 0.026397 0.023679 0.025804 0.025622 0.027862 0.032689 0.036175 0.03549 0.029412 0.034262 0.036246 0.037922 0.040134 0.035157 0.034027 0.032533 0.03233 0.034016 0.036092 0.033806 0.038063 0.038277 0.041873 0.039147 0.039049 0.035702 0.038572 0.040772 0.043149 0.042308 0.041313 0.039051 0.045335 0.048194 0.055612 0.058589 0.062359 0.06947 0.07351 0.075468 0.080359 0.080487 0.081908 0.084872 0.079092 0.081233 0.079895 0.073748 0.067261 0.063729 0.062574 0.062103 0.060474 0.057408 0.058194 0.059174 0.056379 0.059684 0.058007 0.060252 0.063509 0.062861 0.063996 0.067575 0.068855 0.070307 0.070313 0.066972 0.064916 0.056326 0.055698 0.062346 0.059925 0.056401 0.050162 0.051361 0.046801 0.045234 0.041533 0.044877 0.044529 0.044476 0.046115 0.04556 0.043328 0.04676 0.050484 0.050435 0.055784 0.050441 0.049236 0.055072 0.058329 0.061476 0.062406 0.061893 0.055737 0.057447 0.055074 0.055855 0.055429 0.051386 0.049673 0.046195 0.047737 0.046888 0.047706 0.045532 0.042467 0.042348 0.039606 0.049673 0.050454 0.048131 0.050601 0.051524 0.05431 0.057134 0.058062 0.057192 0.053234 0.049569 0.046664 0.043486 0.037676 0.03064 0.03283 0.034336 0.030619 0.027894 0.026031 0.025637 0.029283 0.031675 0.037712 0.040125 0.041426 0.042676 0.054511 0.056828 0.059645 0.064954 0.075895 0.084811 0.096633 0.10742 0.11333 0.11704 0.11876 0.11428 0.10968 0.094735 0.08205 0.075027 0.066173 0.057495 0.047811 0.042346 0.037728 0.028832 0.023804 0.021731 0.021112 0.022498 0.020267 0.021024 0.017267 0.015337 0.011563 0.009571 0.012238 0.014016 0.017801 0.026096 0.03462 0.041205 0.052105 0.067 0.070965 0.071113 0.069388 0.067699 0.06451 0.061619 0.060068 0.055717 0.052406 0.045699 0.040124 0.038293 0.032361 0.030632 0.027209 0.020305 0.021991 0.016756 0.016636 0.0092414 0.0093943 0.010929 0.0089139 0.010273 0.010557 0.011351 0.0067847 0.0047707 0.0070507 0.0096884 0.0044822 0.0044756 0.0091474 0.0097473 0.013257 0.012184 0.0083354 0.0068011 0.010434 0.013797 0.0090199 0.0049369 0.0092197 0.012987 0.011829 0.011113 0.0092268 0.0088537 0.010457 0.012673 0.017147 0.019264 0.017462 0.018369 0.02044 0.017375 0.018049 0.01701 0.016833 0.022717 0.019732 0.016977 0.010566 0.015453 0.018044 0.018608 0.01867 0.019449 0.021709 0.027201 0.022776 0.017327 0.017563 0.0134 0.013757 0.020915 0.01996 0.023083 0.021895 0.023422 0.023272 0.020414 0.027328 0.023201 0.020683 0.022409 0.023385 0.026138 0.02266 0.019078 0.022368 0.021283 0.025148 0.027888 0.030132 0.030144 0.028585 0.032465 0.030054 0.033584 0.035784 0.03678 0.042109 0.043154 0.042439 0.039486 0.042822 0.045874 0.048054 0.050863 0.046088 0.045662 0.047164 0.044632 0.046353 0.046372 0.043979 0.039452 0.035691 0.040108 0.038051 0.036495 0.0397 0.034237 0.035172 0.033069 0.032915 0.035181 0.035479 0.033884 0.037807 0.036653 0.035853 0.036245 0.039369 0.040029 0.044561 0.042722 0.046659 0.046557 0.050882 0.053964 0.057239 0.055892 0.056544 0.057178 0.053621 0.054096 0.055029 0.054408 0.052216 0.055505 0.061174 0.0666 0.068748 0.073302 0.074651 0.069325 0.064573 0.064243 0.057971 0.055839 0.056401 0.05024 0.04804 0.042591 0.037365 0.032658 0.032677 0.030627 0.02659 0.026548 0.024324 0.023745 0.021958 0.01826 0.020209 0.016226 0.014624 0.017323 0.016191 0.01658 0.019855 0.017023 0.017182 0.013092 0.014711 0.013496 0.0096652 0.013648 0.014277 0.014662 0.016621 0.019921 0.016252 0.022422 0.022239 0.020642 0.021998 0.023784 0.018533 0.019131 0.018844 0.021117 0.021989 0.0193 0.019592 0.019995 0.023703 0.019716 0.020405 0.015486 0.017758 0.018135 0.018889 0.017873 0.01556 0.015215 0.014359 0.0079806 0.011562 0.0084755 0.0056067 0.0071177 0.0073781 0.0051161 0.0056625 0.0077654 0.012344 0.010657 0.008641 0.014093 0.019466 0.020601 0.022969 0.024715 0.02659 0.027298 0.030487 0.03273 0.032513 0.030209 0.03386 0.035797 0.035977 0.037138 0.04093 0.042886 0.045502 0.040472 0.045497 0.04048 0.047382 0.051593 0.064158 0.078188 0.093813 0.10189 0.10676 0.11373 0.11209 0.1106 0.11074 0.10247 0.096104 0.082289 0.06638 0.058928 0.055274 0.049681 0.041065 0.034376 0.035292 0.034404 0.030092 0.025869 0.019907 0.017877 0.015107 0.016304 0.015828 0.013101 0.012175 0.0085185 0.0042392 0.0058931 0.0045587 0.0059791 0.0061627 0.0020605 0.0054864 0.0048044 0.0031853 0.0030874 0.0023196 0.0024808 -0.0012617 0.0027155 0.0040597 0.0093036 0.0076981 0.010091 0.0094496 0.010211 0.009718 0.0082588 0.008692 0.0083118 0.011935 0.011355 0.0072364 0.0093557 0.014065 0.013756 0.016426 0.016206 0.020965 0.021276 0.019515 0.021278 0.022944 0.026679 0.024775 0.025206 0.027445 0.027863 0.031199 0.033584 0.032612 0.030405 0.029723 0.029231 0.02777 0.030023 0.028885 0.023109 0.019844 0.016034 0.016547 0.015318 0.013815 0.011434 0.0083588 0.012377 0.015113 0.0091179 0.011206 0.0067872 0.0048486 0.0031672 0.0012819 0.0033642 0.0045983 0.004824 0.0021497 0.0020846 0.0025226 0.003916 0.00030027 -0.0031635 0.0023162 0.0032664 -0.0020866 0.001214 0.0028703 0.00026078 -9.0128e-05 0.0018366 0.0033646 0.00072903 0.0012456 0.0022872 0.0012858 -0.00056738 -0.0034568 0.0020319 0.0052581 0.0037448 0.0049013 0.0013811 -0.00334 0.00020815 0.00022512 0.000863 0.0049814 0.0037071 -0.0077264 -0.0012835 -0.00064477 -0.00083645 0.0057776 0.0066927 0.0060412 0.0015045 -0.00098217 -0.0016915 -0.00087742 -0.00019887 -0.0024066 0.00011159 -0.0010823 -0.0032668 -0.0029772 -0.0028349 -0.0036141 -0.002671 -0.00072625 -0.00046286 -0.0033101 0.00068951 -0.0015197 -0.00229 -0.0063987 0.00077551 0.0010661 -0.00065963 -0.00081744 -0.0018937 -0.0062023 -0.0091736 -0.0080615 -0.0045358 -0.0038014 0.00046103 -0.0021892 -0.0027892 0.00056234 -0.0013245 -0.00047075 -0.002351 -0.0041952 -0.0097409 -0.005424 -0.0032804 0.00026892 0.0009821 -0.00043241 -0.0011308 -0.004225 -0.009228 -0.0050042 -0.0030265 -0.0039497 -0.0011816 0.0013937 -0.0022628 -0.0049407 -0.0019243 0.0031291 -0.0022794 -0.0020621 -0.0027313 -0.00064198 -0.0021129 -0.0019057 0.00041071 -0.0030827 -0.0021364 -0.0032911 -0.0039819 -0.003879 -0.001604 -0.0068253 -0.0067302
0.017963 0.025191 0.025545 0.020914 0.016174 0.017449 0.022297 0.020406 0.019984 0.016776 0.017422 0.020836 0.024087 0.020721 0.023773 0.025323 0.023167 0.023952 0.031954 0.027089 0.027248 0.031603 0.031098 0.031645 0.029687 0.026582 0.030018 0.031529 0.031516 0.032966 0.030614 0.031636 0.031636 0.03259 0.036059 0.034049 0.032098 0.03291 0.027598 0.027555 0.027791 0.023454 0.023236 0.023383 0.023202 0.019326 0.021194 0.023467 0.026423 0.025639 0.027735 0.030744 0.031395 0.028709 0.033871 0.034535 0.03674 0.04052 0.042476 0.041455 0.036403 0.041308 0.04266 0.042789 0.044858 0.040401 0.038905 0.037371 0.037255 0.037172 0.038769 0.035328 0.038054 0.036989 0.041597 0.04003 0.039202 0.036433 0.039615 0.042064 0.043987 0.04535 0.043161 0.040862 0.046663 0.050903 0.058832 0.065638 0.070184 0.076353 0.079131 0.079635 0.081244 0.081407 0.082378 0.084002 0.076563 0.076737 0.074105 0.06862 0.063164 0.058925 0.057783 0.058022 0.056032 0.055212 0.056149 0.057679 0.057358 0.062367 0.061822 0.06521 0.070016 0.070317 0.071298 0.074594 0.074438 0.071883 0.070023 0.066149 0.063692 0.053884 0.051438 0.058248 0.053261 0.049829 0.04448 0.044747 0.041253 0.040479 0.037316 0.041084 0.04272 0.042574 0.0419 0.042006 0.039675 0.044105 0.049213 0.050639 0.054743 0.05124 0.050877 0.057864 0.061252 0.064015 0.063314 0.061333 0.054492 0.055288 0.051265 0.053281 0.051321 0.045088 0.045021 0.041176 0.041403 0.040839 0.042634 0.043126 0.040015 0.040811 0.040526 0.050195 0.053221 0.052482 0.05614 0.05605 0.059287 0.059078 0.057447 0.053122 0.047556 0.042657 0.037283 0.032461 0.027902 0.02246 0.024855 0.025708 0.022818 0.021363 0.02046 0.021487 0.025767 0.028977 0.035829 0.040993 0.045424 0.048359 0.061489 0.065265 0.070866 0.075329 0.083381 0.093191 0.10791 0.12069 0.12526 0.12526 0.12057 0.11077 0.099404 0.077883 0.06283 0.052966 0.042712 0.033659 0.028111 0.024126 0.021987 0.015954 0.011577 0.011083 0.012154 0.01407 0.010353 0.012255 0.011099 0.0098561 0.0070174 0.0064436 0.010204 0.012715 0.019517 0.031166 0.042051 0.04958 0.060544 0.072205 0.071822 0.066473 0.060824 0.057536 0.052174 0.049897 0.047522 0.043151 0.041104 0.0338 0.028959 0.028221 0.023479 0.021526 0.016945 0.011104 0.012325 0.0077346 0.0073429 0.0023661 0.0026291 0.0076625 0.0059197 0.0064848 0.008186 0.0097144 0.0041038 0.0019509 0.0036497 0.0066308 0.0040134 0.0055001 0.0086273 0.0093736 0.013919 0.013611 0.010402 0.008732 0.012927 0.015795 0.013089 0.0081504 0.011369 0.013403 0.013433 0.011989 0.011013 0.011386 0.01137 0.011934 0.014255 0.01804 0.017246 0.017059 0.018111 0.013512 0.015705 0.014045 0.014924 0.018014 0.014363 0.011542 0.0074954 0.010734 0.015028 0.016909 0.018382 0.017296 0.019777 0.02535 0.019606 0.014499 0.016372 0.011481 0.010481 0.018275 0.018644 0.021817 0.022294 0.022901 0.020184 0.016894 0.021687 0.019885 0.018955 0.018884 0.02136 0.023 0.020788 0.018049 0.021014 0.020356 0.024464 0.024819 0.026836 0.028012 0.026717 0.030533 0.029234 0.031583 0.035974 0.038782 0.043131 0.044246 0.041819 0.03879 0.040719 0.04367 0.04459 0.044092 0.03922 0.038319 0.040118 0.037894 0.040679 0.039229 0.037902 0.034428 0.029943 0.033788 0.032426 0.031299 0.035148 0.029908 0.03045 0.028781 0.030833 0.032947 0.033028 0.030685 0.036382 0.034908 0.033172 0.036349 0.040732 0.04176 0.045101 0.042408 0.046219 0.045365 0.049792 0.052812 0.056569 0.056481 0.056228 0.05551 0.051287 0.049782 0.049296 0.049067 0.048101 0.051839 0.058614 0.062646 0.06309 0.066491 0.06432 0.058485 0.052332 0.04858 0.040615 0.03765 0.038389 0.031931 0.029742 0.025929 0.022392 0.020612 0.023369 0.02063 0.016076 0.018996 0.018989 0.017288 0.01591 0.012061 0.015431 0.012728 0.0096595 0.014385 0.015421 0.013808 0.017034 0.014389 0.014522 0.011054 0.013033 0.012772 0.0087806 0.013403 0.013043 0.016256 0.017942 0.021733 0.016891 0.024404 0.022896 0.022064 0.024513 0.026125 0.020872 0.021938 0.021636 0.02494 0.026098 0.022701 0.022886 0.02231 0.024865 0.020532 0.02181 0.019032 0.020662 0.021207 0.020353 0.019174 0.015565 0.016516 0.016326 0.0096365 0.012242 0.010828 0.0077396 0.0099978 0.0099928 0.0069113 0.0090009 0.0098477 0.013061 0.014378 0.015182 0.019952 0.027022 0.029234 0.030903 0.033429 0.03673 0.038593 0.038991 0.039924 0.038834 0.036564 0.03862 0.040034 0.039319 0.039294 0.04292 0.044741 0.048355 0.044121 0.050519 0.049157 0.057142 0.062362 0.07902 0.095619 0.1138 0.12412 0.13138 0.13841 0.13064 0.12814 0.12393 0.11015 0.097948 0.08023 0.062767 0.051648 0.04751 0.042032 0.034966 0.029351 0.02981 0.028935 0.026424 0.022094 0.015986 0.01705 0.014004 0.013876 0.012209 0.0076138 0.0091444 0.0053996 -5.765e-05 0.0020103 -8.8961e-05 0.0027324 0.0043619 -0.0016814 -0.0011236 -0.0015985 -0.0025269 -0.0020688 -0.0029093 -0.0014666 -0.0058753 -0.0010074 0.00028918 0.004428 0.0057111 0.0066487 0.0057908 0.0058274 0.0046321 0.0045976 0.0070818 0.0061991 0.0096496 0.011246 0.0086697 0.0094893 0.015444 0.014685 0.017106 0.01968 0.023414 0.024844 0.023269 0.024729 0.026246 0.029514 0.028985 0.028186 0.029826 0.029917 0.030326 0.031055 0.029543 0.026348 0.025171 0.026276 0.025576 0.02694 0.024062 0.017355 0.016134 0.012241 0.012855 0.011741 0.008203 0.0047742 0.0038375 0.0074547 0.0087793 0.0032441 0.0052555 0.0029644 -0.00065518 -0.0028768 -0.002168 -0.00049886 0.0026348 0.0017485 -0.0007075 0.00071557 -5.4929e-05 0.00066666 0.00018201 -0.0023133 0.0014439 0.00071865 -0.0059932 -0.0013216 0.0024983 -0.00059228 -0.0038873 0.00042921 0.0015053 -0.00062844 -0.00042617 -0.00092526 -0.0014075 -0.0018927 -0.0027946 0.0011202 0.0024809 0.0014132 0.0025633 0.00056868 -0.0037853 0.00035637 0.00048764 -0.001869 0.0027413 0.0019287 -0.0086242 -0.0020116 -0.0025705 -0.002729 0.0028272 0.0022646 0.0033586 -0.00088069 -0.0038199 -0.0041828 -0.0012843 -0.00044842 -0.002945 -0.0015399 -0.001622 -0.0039354 -0.0044184 -0.0042614 -0.0037213 -0.001689 3.5341e-05 -0.00013195 -0.0041385 -0.001306 -0.004077 -0.0025199 -0.0063035 0.00031825 0.00053489 -0.0020324 -0.0019835 -0.0015926 -0.0065932 -0.0088111 -0.0086974 -0.0066463 -0.0048759 -0.00089077 -0.0030704 -0.0033577 -0.00098882 -0.0012152 -0.00092181 -0.0035175 -0.005201 -0.0081857 -0.0077865 -0.0057204 -0.0010639 -0.00054647 -0.0014294 -0.0020308 -0.0049132 -0.009116 -0.0052099 -0.0039814 -0.0051994 -0.0026025 -0.00052199 -0.0029153 -0.0061763 -0.0035135 0.0012164 -0.0026828 -0.0034895 -0.0047937 -0.00043964 -0.0028524 -0.0045607 -0.0027985 -0.0032526 -0.0021909 -0.0025348 -0.0038515 -0.0039079 -0.0033215
0.02198 0.027394 0.026589 0.023614 0.022306 0.026264 0.030278 0.027678 0.026856 0.022635 0.026315 0.031241 0.033892 0.028796 0.030618 0.029338 0.027166 0.028686 0.035921 0.031195 0.029858 0.033907 0.033016 0.032795 0.030769 0.029326 0.033604 0.034825 0.033089 0.035225 0.033961 0.03314 0.032682 0.034569 0.03676 0.035161 0.033329 0.034223 0.029414 0.031965 0.031253 0.028385 0.027599 0.027737 0.027916 0.025256 0.027629 0.027421 0.031307 0.028567 0.029539 0.033892 0.035983 0.033283 0.041454 0.04242 0.044809 0.047705 0.049651 0.048991 0.045821 0.048367 0.049524 0.047961 0.049368 0.046482 0.04526 0.043096 0.042102 0.04008 0.039887 0.036573 0.037768 0.035748 0.041581 0.04225 0.040838 0.037924 0.041298 0.043813 0.045295 0.048462 0.045087 0.04334 0.048252 0.052694 0.059987 0.070516 0.075992 0.080716 0.081549 0.078903 0.076985 0.077694 0.079903 0.081058 0.074286 0.072655 0.069625 0.065245 0.06224 0.058019 0.056101 0.056605 0.05455 0.055503 0.056991 0.058569 0.060451 0.066242 0.066919 0.071513 0.07771 0.078262 0.078672 0.080769 0.077798 0.071826 0.067682 0.065391 0.062097 0.052534 0.047499 0.054404 0.047777 0.04519 0.041985 0.041176 0.039216 0.038674 0.036202 0.039239 0.04224 0.04232 0.039177 0.039583 0.03764 0.041771 0.047528 0.049967 0.052336 0.050676 0.051725 0.059797 0.063869 0.066051 0.064403 0.060533 0.053079 0.052393 0.046766 0.049597 0.046348 0.039504 0.041314 0.036879 0.036072 0.036174 0.038789 0.040947 0.03855 0.040742 0.043627 0.051253 0.055799 0.056448 0.06069 0.060142 0.062586 0.058509 0.05545 0.048106 0.041482 0.036607 0.028662 0.023117 0.020686 0.01709 0.01982 0.01947 0.018211 0.018191 0.017449 0.018874 0.023081 0.02762 0.034737 0.041997 0.048916 0.054387 0.066662 0.071473 0.078917 0.081756 0.088135 0.097858 0.11414 0.12686 0.13005 0.12591 0.11496 0.10062 0.083969 0.059617 0.044865 0.033357 0.024116 0.015829 0.015162 0.0123 0.011666 0.0080371 0.0055778 0.0066497 0.0083076 0.010022 0.0053611 0.0074688 0.0082787 0.0072814 0.0057502 0.0066582 0.010773 0.014443 0.023271 0.03593 0.047106 0.054269 0.063044 0.070658 0.067142 0.058539 0.049249 0.045063 0.039107 0.038143 0.035502 0.033014 0.031268 0.02396 0.021967 0.021399 0.018039 0.015338 0.010066 0.0061689 0.0072074 0.0036193 0.0029769 -0.00033164 0.00013539 0.0068322 0.0052419 0.0061067 0.0084729 0.0096367 0.0039015 0.0011418 0.0010272 0.0046753 0.0051203 0.0071598 0.0084153 0.0090441 0.014267 0.014225 0.012358 0.011161 0.014876 0.017201 0.015755 0.010769 0.013266 0.013244 0.014606 0.011858 0.012266 0.013306 0.011877 0.010605 0.011042 0.016117 0.016773 0.016377 0.016934 0.01149 0.013906 0.011561 0.013492 0.014822 0.011143 0.0085701 0.0067511 0.008472 0.012727 0.015114 0.018037 0.015266 0.018623 0.023725 0.017239 0.013363 0.015941 0.010758 0.0091575 0.015494 0.017571 0.020466 0.022702 0.021637 0.01687 0.013455 0.016008 0.01663 0.016829 0.015399 0.019458 0.020207 0.019149 0.017344 0.020056 0.020358 0.024048 0.022004 0.024254 0.026073 0.02525 0.027842 0.028441 0.030241 0.035795 0.03902 0.042867 0.043358 0.039559 0.038052 0.038388 0.040519 0.039849 0.036649 0.032724 0.032148 0.033821 0.032388 0.036053 0.033857 0.032702 0.030955 0.026964 0.029574 0.028254 0.027968 0.031488 0.027053 0.027634 0.02654 0.029972 0.031768 0.031946 0.02951 0.036346 0.034327 0.031865 0.036157 0.041276 0.042068 0.043547 0.04076 0.043494 0.042769 0.048045 0.050776 0.054161 0.054951 0.053965 0.052547 0.049708 0.045379 0.043607 0.043869 0.044876 0.048774 0.055471 0.056215 0.055168 0.056147 0.051701 0.04679 0.040571 0.035246 0.027505 0.024872 0.02513 0.019031 0.017889 0.015961 0.013704 0.014454 0.018594 0.015502 0.011958 0.016501 0.017916 0.014414 0.013339 0.010059 0.013702 0.012819 0.0089213 0.013606 0.016573 0.013196 0.016157 0.013 0.013703 0.011753 0.013526 0.013454 0.0096159 0.013884 0.01286 0.018891 0.019458 0.023465 0.018336 0.025313 0.02311 0.023622 0.026873 0.028395 0.024276 0.025012 0.024384 0.027655 0.029052 0.025737 0.025801 0.025069 0.025904 0.021228 0.022851 0.022032 0.023479 0.02378 0.022218 0.020855 0.017026 0.0187 0.018539 0.012564 0.013655 0.013774 0.011717 0.013233 0.012678 0.0088682 0.012257 0.011802 0.014562 0.017858 0.0204 0.024581 0.03263 0.036154 0.038144 0.040838 0.045049 0.046509 0.043711 0.043105 0.041346 0.039518 0.04003 0.039857 0.038565 0.037738 0.04134 0.043306 0.047161 0.045347 0.052253 0.055004 0.062684 0.069313 0.087117 0.10565 0.12554 0.13726 0.14602 0.15284 0.13919 0.13546 0.12744 0.1099 0.093654 0.074661 0.057347 0.043855 0.039962 0.03489 0.029996 0.025564 0.026085 0.025189 0.024603 0.020874 0.015058 0.018012 0.014597 0.013254 0.0099155 0.003833 0.0072528 0.0046852 -0.0016193 -0.00025597 -0.0035191 -0.00038245 0.0026198 -0.0033204 -0.0054756 -0.0059642 -0.0067033 -0.0046306 -0.0049856 -0.0029555 -0.0076899 -0.0025735 -0.0016101 0.0022146 0.0056889 0.0039172 0.0030534 0.0028603 0.0016881 0.0028398 0.0068451 0.0058277 0.0077914 0.0099281 0.0095095 0.0098264 0.015947 0.015302 0.017374 0.021709 0.023375 0.026007 0.025022 0.025982 0.027683 0.03081 0.031162 0.028861 0.029983 0.030277 0.028414 0.027156 0.025903 0.021769 0.021176 0.023607 0.023252 0.023623 0.019334 0.013682 0.014427 0.011252 0.010386 0.0094724 0.004347 0.00079253 0.0020679 0.0047392 0.004017 -0.0010915 0.00063797 0.00037498 -0.0038157 -0.0064083 -0.0045062 -0.0041953 0.00033167 -0.00069305 -0.002453 -0.00032959 -0.0020083 -0.0024291 -1.2343e-05 -0.00088585 0.0011147 -0.0011774 -0.0080961 -0.0032911 0.0019559 -0.0010131 -0.0067553 -0.00098396 -0.00099934 -0.0018301 -0.0014635 -0.0039552 -0.0037903 -0.0031064 -0.0022416 -0.00085759 -2.6752e-05 -0.00051284 -0.00026813 0.00011178 -0.003932 -0.00045707 -0.00035897 -0.0045788 -0.00013115 -0.00028075 -0.0085007 -0.0028758 -0.0047861 -0.0046157 0.00013649 -0.0016539 0.0004724 -0.0026702 -0.0062324 -0.0069994 -0.0020193 -0.00093787 -0.0038638 -0.0032446 -0.0022158 -0.0035525 -0.0052439 -0.0052186 -0.0031635 -0.00059274 2.8406e-05 -0.00015351 -0.0042422 -0.0029729 -0.0062675 -0.0021608 -0.0045814 0.00090195 -0.00010926 -0.0024395 -0.0033537 -0.0019313 -0.0060922 -0.0062995 -0.0075111 -0.006782 -0.0039421 -0.0014643 -0.0028841 -0.0033938 -0.0017182 -0.00077015 -0.0013084 -0.0042148 -0.0057584 -0.0061201 -0.0089171 -0.0066828 -0.0027353 -0.0022707 -0.0029303 -0.0029526 -0.0048402 -0.0074821 -0.0043952 -0.0044081 -0.0061972 -0.003709 -0.0022799 -0.0033075 -0.006149 -0.005326 -0.0015948 -0.0029312 -0.0041094 -0.0057317 -2.4159e-06 -0.0032647 -0.0070483 -0.0049865 -0.0029744 -0.0025892 -0.0025109 -0.0030517 -0.0033764 -0.0042705
0.023168 0.026799 0.024888 0.023263 0.024331 0.028632 0.031144 0.02852 0.027751 0.022868 0.028874 0.034585 0.036932 0.030921 0.031758 0.029154 0.027432 0.029632 0.034974 0.03181 0.029724 0.034623 0.033643 0.033476 0.033106 0.032892 0.037784 0.038262 0.034857 0.037823 0.039604 0.037491 0.037128 0.038569 0.03975 0.039009 0.037802 0.037663 0.034953 0.039427 0.038029 0.035415 0.034222 0.033622 0.03451 0.033727 0.035334 0.032675 0.036044 0.032464 0.031832 0.036662 0.040122 0.037637 0.047699 0.048655 0.051235 0.054167 0.057383 0.057518 0.056734 0.055701 0.056902 0.053685 0.054096 0.053075 0.052832 0.049397 0.046456 0.043125 0.040973 0.038269 0.038285 0.036017 0.043377 0.046594 0.04467 0.040746 0.044017 0.046372 0.04714 0.051473 0.047798 0.047048 0.050898 0.054663 0.060836 0.074024 0.080447 0.083541 0.08222 0.076079 0.07164 0.073288 0.077305 0.078407 0.07389 0.071709 0.068543 0.065322 0.065147 0.06127 0.057864 0.057769 0.055749 0.058118 0.06059 0.061774 0.065424 0.070898 0.072667 0.077775 0.085339 0.085849 0.085571 0.086203 0.080281 0.07186 0.065396 0.066072 0.061646 0.052813 0.045328 0.052126 0.045319 0.043947 0.043038 0.040496 0.040523 0.039806 0.038163 0.039527 0.043444 0.043671 0.03859 0.038975 0.037969 0.040934 0.047088 0.04969 0.050291 0.049825 0.052182 0.060702 0.06642 0.068048 0.066273 0.060653 0.052729 0.050773 0.043928 0.046288 0.042215 0.036562 0.039731 0.03442 0.032552 0.033297 0.036761 0.039892 0.038459 0.042655 0.048544 0.053959 0.058896 0.060019 0.06358 0.06309 0.06399 0.056039 0.053152 0.044313 0.037523 0.032798 0.022541 0.017126 0.016905 0.015139 0.018619 0.016181 0.0163 0.017834 0.017152 0.018175 0.02094 0.027329 0.034674 0.042907 0.051088 0.059391 0.069674 0.075473 0.083225 0.084507 0.091521 0.10085 0.11735 0.12777 0.12967 0.12186 0.10655 0.089338 0.069224 0.045631 0.033152 0.021275 0.014486 0.0074267 0.010281 0.0081396 0.0071633 0.0051511 0.0047517 0.006699 0.0082887 0.0088778 0.0043976 0.005868 0.0078008 0.0063975 0.0053693 0.0081843 0.011997 0.017268 0.027587 0.038955 0.048324 0.05439 0.060169 0.064454 0.059707 0.050429 0.038788 0.034735 0.029178 0.029541 0.027331 0.027641 0.02482 0.017395 0.018752 0.017328 0.014969 0.011927 0.0064931 0.0043416 0.0054011 0.0024017 0.0019228 -0.00090386 0.00015575 0.0065673 0.0052326 0.0080696 0.0099144 0.009921 0.0047375 0.0012961 -0.0011982 0.0032339 0.006552 0.0083113 0.0082472 0.0086173 0.014154 0.014341 0.013495 0.012883 0.015658 0.017843 0.016239 0.01209 0.014383 0.012001 0.014567 0.010941 0.013041 0.014546 0.011939 0.0094707 0.0084793 0.014442 0.016209 0.016409 0.017053 0.011759 0.013265 0.010653 0.013374 0.014099 0.010338 0.0082959 0.007651 0.0087933 0.011845 0.014008 0.017406 0.013501 0.017972 0.021928 0.015667 0.013701 0.015599 0.011131 0.0099092 0.012939 0.016501 0.01912 0.023274 0.020169 0.014134 0.01132 0.012582 0.015031 0.015303 0.013077 0.018021 0.018123 0.017632 0.017014 0.019537 0.020889 0.023645 0.020231 0.022916 0.024824 0.02464 0.025614 0.02826 0.030079 0.035737 0.037891 0.041658 0.041171 0.03629 0.037263 0.036647 0.036825 0.034804 0.030532 0.028375 0.028774 0.029971 0.028858 0.032787 0.030606 0.028445 0.028642 0.026529 0.02754 0.02543 0.026316 0.029021 0.025807 0.026593 0.025573 0.029692 0.03127 0.031525 0.029845 0.036589 0.033918 0.031521 0.035102 0.040714 0.041065 0.040922 0.038218 0.039388 0.039375 0.045884 0.048793 0.050534 0.051788 0.050641 0.048924 0.048995 0.041562 0.03884 0.039422 0.042933 0.046367 0.051926 0.048542 0.046812 0.045116 0.040077 0.036753 0.031724 0.026455 0.02006 0.018559 0.017568 0.012268 0.012672 0.0119 0.0099761 0.01244 0.016793 0.013794 0.01213 0.017236 0.018857 0.013893 0.01251 0.0103 0.013266 0.014115 0.010147 0.013073 0.018004 0.013349 0.016196 0.012115 0.014043 0.013962 0.015432 0.014306 0.010954 0.014318 0.013546 0.021135 0.01993 0.023796 0.019131 0.024496 0.022467 0.024463 0.028225 0.029418 0.027331 0.027481 0.026554 0.028867 0.030471 0.027745 0.027462 0.027148 0.026196 0.021373 0.023036 0.023404 0.024906 0.025071 0.023495 0.021879 0.019091 0.020641 0.020191 0.015945 0.015358 0.01618 0.016185 0.016059 0.015045 0.010525 0.014222 0.012691 0.015772 0.019564 0.022442 0.026737 0.034904 0.040298 0.043133 0.045766 0.050132 0.049503 0.044499 0.042862 0.040735 0.038667 0.038854 0.037072 0.035461 0.034325 0.038006 0.040465 0.043911 0.045306 0.051453 0.057529 0.063802 0.072473 0.088882 0.10831 0.12843 0.14056 0.1502 0.15687 0.13895 0.13379 0.123 0.10397 0.086373 0.068602 0.052633 0.038052 0.03519 0.030355 0.0272 0.023035 0.023838 0.02295 0.023976 0.021154 0.015635 0.018829 0.015118 0.012736 0.0081049 0.0012102 0.004839 0.0046746 -0.0014431 -0.0017124 -0.0059455 -0.0036389 0.00064274 -0.0031327 -0.0072069 -0.0075997 -0.0089884 -0.0051478 -0.0046489 -0.0027904 -0.0070311 -0.0027307 -0.0021338 0.0022543 0.0066663 0.0019142 0.0012302 0.0017337 0.00079165 0.0025147 0.0072896 0.0069658 0.0065514 0.0076831 0.0096665 0.010169 0.015344 0.015154 0.017235 0.022136 0.021706 0.02503 0.024779 0.025383 0.027065 0.030689 0.031512 0.027753 0.028472 0.029421 0.026414 0.02344 0.023091 0.018256 0.018821 0.02116 0.020737 0.020001 0.015091 0.012574 0.014263 0.011896 0.0089621 0.0081538 0.0031129 -0.00060817 0.0017853 0.0036096 0.00059062 -0.0042484 -0.0026304 -0.0018481 -0.0053404 -0.0078952 -0.0061896 -0.0074488 -0.0019861 -0.0023039 -0.0032423 -0.00097455 -0.0031453 -0.0048529 -0.00054876 4.8723e-06 0.00089889 -0.0020018 -0.0082446 -0.0046772 0.00080909 -0.001471 -0.0083917 -0.0021718 -0.0035586 -0.0030037 -0.002216 -0.0062899 -0.0055183 -0.0045025 -0.0023943 -0.0031681 -0.001664 -0.0015693 -0.0028712 0.00023142 -0.0040312 -0.0022873 -0.0024101 -0.0073192 -0.0032378 -0.0022534 -0.0072179 -0.0035242 -0.0067584 -0.0060761 -0.0012942 -0.0037067 -0.0014784 -0.0038153 -0.0078145 -0.0090168 -0.0031684 -0.0021795 -0.0052996 -0.004859 -0.0029667 -0.0024561 -0.0050786 -0.005288 -0.00274 -0.00046237 -0.0014239 -0.00060943 -0.0037474 -0.0042017 -0.0079215 -0.0017391 -0.0027064 0.0019024 -0.00063444 -0.0024549 -0.0046141 -0.0038349 -0.0061443 -0.0029018 -0.0051959 -0.0052851 -0.0017949 -0.0017781 -0.0025508 -0.0029681 -0.001436 -0.00043486 -0.0018112 -0.0038194 -0.0058463 -0.0047103 -0.0093925 -0.0064739 -0.0042552 -0.0037491 -0.0044769 -0.0037721 -0.004194 -0.0050423 -0.0034518 -0.0050085 -0.0070666 -0.0047172 -0.0034938 -0.0036642 -0.0049725 -0.006437 -0.0040954 -0.0029199 -0.0037858 -0.0054894 5.1116e-05 -0.0032934 -0.0089213 -0.0063481 -0.0027649 -0.0034504 -0.0031831 -0.0023957 -0.0027123 -0.0045024
0.024611 0.026969 0.023921 0.023361 0.025818 0.028581 0.029352 0.026963 0.027007 0.022592 0.030038 0.035263 0.037673 0.031071 0.030866 0.02882 0.027961 0.030327 0.033337 0.032874 0.030736 0.037258 0.035639 0.035549 0.037793 0.038241 0.043681 0.043218 0.038489 0.041697 0.047539 0.044631 0.044829 0.044123 0.045244 0.045668 0.04496 0.042623 0.04303 0.048552 0.047044 0.043201 0.042141 0.040069 0.041941 0.043545 0.043301 0.038918 0.040952 0.037441 0.034578 0.038843 0.043791 0.042125 0.052078 0.052953 0.055712 0.059774 0.064915 0.065827 0.067687 0.063509 0.064685 0.059993 0.059692 0.059832 0.06128 0.055999 0.050054 0.04639 0.043296 0.040685 0.039692 0.038308 0.047101 0.052248 0.049972 0.044823 0.047567 0.049169 0.048776 0.053999 0.051443 0.051865 0.054519 0.057531 0.062683 0.076967 0.084281 0.085562 0.08204 0.073364 0.067916 0.070699 0.075957 0.076934 0.07508 0.07387 0.070109 0.06816 0.070171 0.066629 0.061617 0.059819 0.057845 0.061864 0.065555 0.065993 0.071092 0.075476 0.078131 0.082181 0.091445 0.091981 0.090912 0.090702 0.082886 0.072629 0.064388 0.068414 0.062677 0.054038 0.04498 0.05115 0.045615 0.045491 0.046245 0.041252 0.043402 0.042401 0.041623 0.041096 0.0458 0.04562 0.039677 0.039849 0.040309 0.041858 0.048537 0.050246 0.049221 0.049299 0.052365 0.060093 0.068296 0.069528 0.068233 0.061164 0.053037 0.050987 0.043669 0.043921 0.039638 0.036329 0.040128 0.033908 0.030617 0.031577 0.036123 0.040184 0.039667 0.046409 0.054516 0.058458 0.062824 0.063279 0.064478 0.06424 0.06326 0.052341 0.050961 0.042334 0.036656 0.031022 0.019123 0.014193 0.015739 0.015789 0.020274 0.014989 0.015467 0.018829 0.018981 0.019493 0.019188 0.027676 0.035538 0.043579 0.051694 0.062536 0.070614 0.077679 0.083973 0.084415 0.094068 0.10358 0.11977 0.12577 0.12619 0.11552 0.098468 0.080185 0.058162 0.038169 0.028885 0.017354 0.013439 0.0076262 0.011351 0.0099011 0.0067602 0.0059494 0.0068134 0.0085733 0.010217 0.0090509 0.0059385 0.0062529 0.0088182 0.0062912 0.0040145 0.0094916 0.012589 0.01953 0.031285 0.040007 0.045931 0.050688 0.053945 0.056157 0.051721 0.043474 0.031363 0.028338 0.023291 0.024771 0.023914 0.026852 0.021694 0.01357 0.017544 0.014393 0.012293 0.010251 0.0048311 0.0036185 0.0048892 0.0016223 0.0018762 -0.0015449 0.00065169 0.0054397 0.0046216 0.011038 0.01113 0.0098609 0.0055544 0.0017286 -0.0029219 0.0022427 0.0076516 0.0085171 0.0079686 0.0081412 0.013492 0.014421 0.013463 0.01325 0.015192 0.017966 0.014941 0.012241 0.014482 0.0093176 0.012954 0.0094206 0.013412 0.015416 0.011645 0.009048 0.0069195 0.013397 0.015339 0.016646 0.017792 0.013501 0.013453 0.011169 0.014578 0.015334 0.010658 0.0094646 0.0089856 0.010799 0.012103 0.013883 0.016342 0.011989 0.016952 0.01882 0.014172 0.014327 0.014175 0.011664 0.01177 0.010704 0.015106 0.017554 0.023935 0.019162 0.012169 0.010896 0.012314 0.015585 0.014984 0.012383 0.016932 0.016071 0.015604 0.01704 0.019064 0.021267 0.022844 0.019595 0.022531 0.02437 0.024943 0.02465 0.028948 0.030913 0.035858 0.03592 0.039742 0.0384 0.032355 0.035699 0.035343 0.032455 0.029547 0.026272 0.026361 0.027904 0.028606 0.02645 0.029945 0.028305 0.024223 0.02645 0.027112 0.026621 0.023066 0.025477 0.027616 0.025928 0.02651 0.024794 0.029354 0.031007 0.030785 0.030532 0.03551 0.032272 0.031441 0.033162 0.039301 0.039255 0.038191 0.035352 0.034996 0.03574 0.043125 0.047125 0.045915 0.047301 0.046714 0.044759 0.048222 0.038193 0.03481 0.035363 0.041497 0.043681 0.04757 0.040503 0.0388 0.035195 0.031005 0.028784 0.026308 0.02166 0.016811 0.017129 0.014203 0.010123 0.012109 0.011164 0.0087997 0.01222 0.016233 0.013705 0.013858 0.019063 0.019402 0.01427 0.011744 0.011121 0.012916 0.014614 0.011189 0.011346 0.018453 0.01304 0.016258 0.011251 0.015007 0.016681 0.018111 0.014618 0.011875 0.014335 0.014895 0.022283 0.019133 0.021913 0.018243 0.021831 0.020712 0.023999 0.027959 0.028106 0.028684 0.028458 0.027592 0.028547 0.030554 0.028614 0.027385 0.027453 0.025015 0.020565 0.021966 0.022583 0.024201 0.024946 0.023775 0.02189 0.021263 0.021375 0.020862 0.018971 0.017163 0.017551 0.020187 0.018025 0.017326 0.01227 0.014824 0.012453 0.016014 0.018774 0.020678 0.026042 0.033616 0.041327 0.045021 0.048113 0.051486 0.047311 0.042145 0.040262 0.038041 0.03453 0.036086 0.033566 0.031885 0.030439 0.034302 0.037465 0.040142 0.044598 0.04862 0.056643 0.061247 0.072294 0.08613 0.10522 0.12338 0.13484 0.14526 0.15178 0.13168 0.12507 0.11252 0.094108 0.07783 0.063203 0.049491 0.034775 0.033277 0.028707 0.026381 0.021242 0.022395 0.021504 0.02336 0.021811 0.016298 0.018316 0.014156 0.011022 0.0062455 -0.00094801 0.00084283 0.0039223 -0.00064331 -0.0031374 -0.0079109 -0.007128 -0.0017095 -0.0018533 -0.0069869 -0.0070607 -0.0097627 -0.0048802 -0.0031766 -0.0021533 -0.0048891 -0.0028727 -0.0020358 0.0033026 0.0073441 0.00040816 0.0002072 0.0024369 0.0011602 0.0028533 0.0075914 0.0087364 0.0054155 0.0048977 0.0093252 0.010286 0.013815 0.013902 0.016386 0.021212 0.019531 0.022521 0.02288 0.023388 0.023928 0.028841 0.030042 0.025481 0.025698 0.027502 0.02476 0.020544 0.021544 0.01645 0.017991 0.018194 0.017438 0.015743 0.011317 0.013685 0.014654 0.012437 0.0080709 0.00692 0.0045703 -0.00018117 0.001434 0.0031337 -0.001805 -0.0067517 -0.0049072 -0.0042215 -0.0061326 -0.0082086 -0.0074151 -0.010002 -0.0036693 -0.002847 -0.0029944 -0.0010765 -0.0033896 -0.0062728 -0.0012773 0.0001204 0.0008818 -0.0016172 -0.0068187 -0.0052574 -0.00065358 -0.0018569 -0.0086464 -0.0028981 -0.0055625 -0.004095 -0.002793 -0.0076009 -0.0064298 -0.006211 -0.0033505 -0.0050249 -0.0020807 -0.0012362 -0.0046225 0.0011297 -0.0038898 -0.0046396 -0.0050572 -0.010285 -0.0062831 -0.0036707 -0.0050873 -0.0037382 -0.0081185 -0.0069397 -0.0011583 -0.0034936 -0.0018242 -0.0043623 -0.0084716 -0.009514 -0.0047116 -0.0044218 -0.0071204 -0.0063159 -0.0040765 -0.0011854 -0.0037834 -0.0043214 -0.0031666 -0.0020026 -0.0045315 -0.0015128 -0.0029225 -0.0052458 -0.0091136 -0.0019515 -0.0020617 0.0025882 -0.00098058 -0.0031174 -0.005872 -0.0073749 -0.0075784 0.00031821 -0.0023858 -0.0028575 0.00056963 -0.0025462 -0.003425 -0.0023991 -0.00035071 -0.00033704 -0.0026636 -0.0019669 -0.0054175 -0.0044528 -0.010023 -0.0057744 -0.0055102 -0.0050005 -0.0056426 -0.0042782 -0.0031367 -0.0028789 -0.0034461 -0.0062128 -0.0077253 -0.0056776 -0.004023 -0.0042032 -0.0030043 -0.0061769 -0.0053882 -0.0026404 -0.0027243 -0.0044756 -0.00076477 -0.0030722 -0.010056 -0.0074825 -0.0032098 -0.0046163 -0.0041995 -0.0026071 -0.0027433 -0.004819
0.030113 0.029751 0.032752 0.034484 0.030076 0.030342 0.033547 0.033953 0.033041 0.030472 0.032155 0.029557 0.037297 0.040177 0.042574 0.034968 0.03313 0.033354 0.033834 0.035329 0.03619 0.038701 0.037132 0.045045 0.040876 0.040437 0.045329 0.046191 0.05181 0.050505 0.045178 0.047716 0.057084 0.053591 0.054779 0.050358 0.052435 0.054387 0.053482 0.048119 0.051966 0.057186 0.056193 0.050209 0.05027 0.045922 0.048754 0.053272 0.050441 0.045368 0.046078 0.043192 0.03716 0.040275 0.047043 0.047286 0.054229 0.055034 0.058319 0.06405 0.071065 0.072198 0.076606 0.0714 0.072266 0.066632 0.066861 0.066332 0.070347 0.062646 0.052821 0.049791 0.047742 0.043969 0.0414 0.042198 0.051661 0.057179 0.055044 0.049841 0.051481 0.051096 0.049117 0.055709 0.055722 0.057182 0.058444 0.061492 0.066112 0.079789 0.088068 0.087186 0.081291 0.072227 0.06723 0.070816 0.075911 0.076404 0.076525 0.077275 0.071858 0.071819 0.074519 0.071045 0.06516 0.060514 0.058632 0.065119 0.069749 0.069343 0.075763 0.078973 0.082272 0.083042 0.094663 0.095579 0.093173 0.093687 0.085954 0.073674 0.065004 0.071855 0.064723 0.054973 0.045836 0.05022 0.047077 0.048142 0.049592 0.041884 0.045666 0.044406 0.044374 0.042728 0.048247 0.046786 0.041508 0.041201 0.043507 0.043902 0.051325 0.051066 0.04858 0.049212 0.052179 0.057155 0.068166 0.069183 0.068515 0.060225 0.05221 0.052114 0.045523 0.042507 0.038726 0.037715 0.041478 0.034867 0.029652 0.030134 0.035996 0.041611 0.04204 0.051527 0.06057 0.063972 0.067311 0.066047 0.063308 0.063174 0.060102 0.048173 0.048791 0.041553 0.038706 0.030181 0.017942 0.013299 0.015912 0.017835 0.022969 0.014619 0.014024 0.019778 0.022382 0.02288 0.017994 0.028274 0.03714 0.043851 0.050854 0.063572 0.069639 0.078336 0.081444 0.082039 0.095151 0.10611 0.12274 0.12243 0.12079 0.10828 0.091888 0.074013 0.051401 0.037041 0.030877 0.019593 0.018267 0.013495 0.01501 0.014785 0.0082579 0.0089236 0.0097397 0.0099372 0.012521 0.0094071 0.0086699 0.0077591 0.010731 0.0065783 0.00078272 0.0097927 0.012074 0.020171 0.033499 0.039549 0.041133 0.044644 0.046665 0.047903 0.044383 0.037522 0.02732 0.025996 0.020696 0.023136 0.025015 0.029402 0.020925 0.011602 0.016875 0.011107 0.008312 0.0092639 0.0034673 0.0021951 0.0040935 -0.00045051 0.00093189 -0.0036304 0.00011566 0.0029497 0.0029293 0.013961 0.011382 0.0096195 0.006227 0.002649 -0.0032497 0.0022404 0.0085149 0.0080165 0.0072642 0.0076403 0.012042 0.014611 0.011931 0.012088 0.013911 0.018002 0.012922 0.011788 0.013474 0.0048777 0.0098864 0.0073696 0.013308 0.016238 0.011147 0.009545 0.006273 0.013017 0.013699 0.016376 0.018181 0.015281 0.013658 0.012115 0.01658 0.017264 0.010241 0.010142 0.009514 0.013341 0.012705 0.014748 0.015017 0.0107 0.014472 0.013147 0.011936 0.013637 0.010332 0.010921 0.013262 0.0087881 0.013153 0.015447 0.024481 0.019153 0.010753 0.011974 0.014858 0.017821 0.016175 0.013137 0.015809 0.012925 0.01253 0.017566 0.018121 0.020874 0.021248 0.019999 0.022574 0.024651 0.02606 0.025196 0.030552 0.032423 0.035866 0.03349 0.037307 0.035709 0.027881 0.032296 0.033652 0.027126 0.023546 0.023414 0.026043 0.028224 0.028909 0.023632 0.026217 0.025299 0.018979 0.023387 0.026766 0.025393 0.020072 0.024449 0.027054 0.026938 0.026572 0.023436 0.028528 0.030724 0.028882 0.030345 0.031622 0.028103 0.030935 0.030821 0.037455 0.037143 0.035847 0.03281 0.031375 0.032496 0.039553 0.045561 0.040473 0.041714 0.042344 0.039883 0.04598 0.03468 0.030868 0.031074 0.039181 0.039331 0.041891 0.032863 0.031309 0.027266 0.024761 0.021975 0.023809 0.019007 0.01517 0.018172 0.012967 0.010659 0.013993 0.011182 0.008157 0.012031 0.016029 0.01411 0.015194 0.020446 0.017659 0.014384 0.010133 0.011809 0.012319 0.013083 0.010402 0.0076395 0.016985 0.011215 0.015384 0.010171 0.016257 0.019362 0.021068 0.014193 0.011778 0.013933 0.016626 0.022327 0.017707 0.017478 0.015196 0.017383 0.017627 0.021974 0.025552 0.02357 0.027166 0.02684 0.026697 0.026337 0.029482 0.028379 0.025242 0.024969 0.021503 0.018211 0.019262 0.019308 0.021085 0.023692 0.02334 0.021205 0.023506 0.020021 0.020315 0.020971 0.019133 0.017828 0.023097 0.018842 0.020154 0.01521 0.014978 0.011523 0.014948 0.015312 0.015238 0.022557 0.029095 0.03918 0.04342 0.048332 0.048812 0.04007 0.037423 0.035829 0.033784 0.028018 0.032114 0.030348 0.029291 0.026511 0.030826 0.034328 0.036096 0.042746 0.043528 0.051936 0.055717 0.068798 0.080454 0.098019 0.11146 0.12113 0.13241 0.13841 0.11809 0.11029 0.097098 0.080979 0.068134 0.057911 0.047436 0.033148 0.032421 0.029002 0.026799 0.019592 0.021275 0.020148 0.021563 0.022182 0.01619 0.016094 0.010897 0.0073311 0.0040113 -0.0034558 -0.0050808 0.0015539 -0.00013401 -0.00499 -0.01008 -0.010664 -0.0043807 -0.00056579 -0.0061021 -0.005762 -0.0096463 -0.0051095 -0.0018518 -0.0020538 -0.002445 -0.0045048 -0.0018041 0.0039978 0.0066259 -0.00077678 7.4398e-05 0.004901 0.0022119 0.0034875 0.007239 0.0098423 0.0034107 0.0018568 0.0087575 0.010051 0.011937 0.011554 0.014433 0.019372 0.017929 0.019039 0.019749 0.020413 0.017576 0.024448 0.026139 0.022528 0.021693 0.024042 0.02351 0.018286 0.020841 0.016103 0.017794 0.01384 0.012764 0.010558 0.0079506 0.016036 0.014341 0.011229 0.0071676 0.0046689 0.0079095 0.001139 -6.3111e-05 0.0027559 -0.0028974 -0.0086359 -0.006256 -0.006571 -0.0067016 -0.0078552 -0.0078382 -0.011466 -0.003978 -0.002084 -0.0013947 -0.00023032 -0.0025763 -0.0062306 -0.0018813 -3.8675e-06 0.0017258 -0.00012027 -0.0045269 -0.00466 -0.0016628 -0.0016542 -0.0075275 -0.0031587 -0.0066085 -0.0048724 -0.0031208 -0.0079786 -0.0067504 -0.0081425 -0.0051238 -0.0060783 -0.0012266 0.0010502 -0.0052241 0.0030018 -0.0028976 -0.00661 -0.0072541 -0.013711 -0.0090385 -0.0045354 -0.0026696 -0.0033726 -0.008719 -0.0073281 0.00028473 -0.0013321 -0.00041381 -0.0044368 -0.0085211 -0.0084766 -0.0068364 -0.0077607 -0.0090647 -0.0077838 -0.0059905 -0.0005809 -0.0015132 -0.0024448 -0.0049194 -0.0054911 -0.0090961 -0.0028576 -0.0020409 -0.0065409 -0.010028 -0.0036743 -0.0037544 0.0023343 -0.0012431 -0.0054059 -0.0073212 -0.011686 -0.010288 0.0027435 0.00047965 -0.0003076 0.002234 -0.0044055 -0.0068377 -0.0021841 0.00107 -0.00034824 -0.0042966 0.001341 -0.0044101 -0.0051934 -0.011383 -0.0051921 -0.0067931 -0.006308 -0.005984 -0.0040499 -0.0016785 -0.0022871 -0.005574 -0.0081856 -0.0079241 -0.0063844 -0.003921 -0.0050211 -0.000663 -0.0042122 -0.0051059 -0.0023221 -0.0013432 -0.0031896 -0.0027164 -0.0028784 -0.01053 -0.0089367 -0.0050284 -0.0059277 -0.0051648 -0.0041276
0.050737 0.046807 0.053262 0.054624 0.048467 0.049267 0.052974 0.051844 0.049614 0.045493 0.049609 0.049813 0.056229 0.054588 0.056091 0.047197 0.042407 0.045985 0.048651 0.048009 0.04758 0.052106 0.051928 0.059654 0.049542 0.048609 0.055148 0.057034 0.061603 0.060004 0.055173 0.05658 0.06695 0.062752 0.065576 0.056712 0.059979 0.064132 0.062074 0.053582 0.060339 0.063015 0.062822 0.055023 0.057385 0.049767 0.053204 0.061336 0.055389 0.050756 0.051045 0.04914 0.038672 0.04124 0.0502 0.054104 0.054084 0.054534 0.059684 0.066164 0.074283 0.074432 0.080552 0.077852 0.078057 0.072988 0.076149 0.072015 0.080001 0.069012 0.054981 0.053246 0.054956 0.048621 0.042559 0.046229 0.055031 0.058503 0.057514 0.055583 0.055321 0.051034 0.047255 0.056693 0.060016 0.062075 0.061714 0.066258 0.071003 0.082543 0.092459 0.088962 0.080195 0.074069 0.070679 0.073541 0.076487 0.076022 0.076604 0.079094 0.0705 0.074001 0.07518 0.07124 0.065997 0.057684 0.05601 0.066055 0.070398 0.069648 0.077459 0.080283 0.083909 0.079296 0.093789 0.095876 0.090592 0.094145 0.089081 0.073514 0.066921 0.075283 0.0668 0.054392 0.047161 0.047506 0.047354 0.049775 0.051117 0.041443 0.045613 0.043747 0.044255 0.043181 0.049256 0.045723 0.042991 0.041284 0.045513 0.045249 0.053569 0.050525 0.046861 0.049417 0.051566 0.050894 0.064212 0.065032 0.064456 0.055241 0.047458 0.051767 0.047723 0.04209 0.039408 0.038998 0.041989 0.036339 0.028997 0.028384 0.035428 0.043588 0.045556 0.057272 0.065317 0.068812 0.071224 0.067458 0.060195 0.060006 0.05446 0.044753 0.046416 0.040673 0.042716 0.02865 0.018512 0.013645 0.01648 0.020303 0.024542 0.013868 0.010663 0.019758 0.027045 0.028044 0.017778 0.028594 0.039235 0.043305 0.048955 0.062949 0.06701 0.07733 0.075884 0.077411 0.09316 0.10686 0.12623 0.11818 0.11373 0.10076 0.086513 0.069675 0.047899 0.040252 0.036315 0.0243 0.024931 0.020878 0.017569 0.019739 0.0094404 0.012694 0.012103 0.0089529 0.013933 0.0089294 0.011473 0.0099662 0.012732 0.0071193 -0.0044506 0.0088478 0.010568 0.018779 0.033383 0.038207 0.035783 0.03803 0.040349 0.041328 0.038014 0.031561 0.026305 0.027409 0.020135 0.023428 0.030261 0.033854 0.021203 0.011169 0.016454 0.0066507 0.002142 0.0081013 0.0011316 -0.0012875 0.0023241 -0.0044305 -0.0020757 -0.0071893 -0.0022545 -0.00036789 0.00050363 0.016253 0.010733 0.01046 0.0078241 0.0054563 -0.00037764 0.0041872 0.01001 0.007589 0.0053399 0.0069128 0.0093029 0.014387 0.0083314 0.0095097 0.012653 0.018247 0.011506 0.011505 0.01147 -0.0016536 0.0058973 0.0046038 0.012378 0.017087 0.010739 0.011055 0.0062892 0.013349 0.010709 0.014929 0.017213 0.015396 0.012883 0.011942 0.018599 0.018235 0.0073473 0.0079501 0.0078858 0.01538 0.012556 0.016362 0.013994 0.0096104 0.0095498 0.0042085 0.0084729 0.0098143 0.0027382 0.0070959 0.012655 0.0072483 0.01068 0.012535 0.0245 0.020245 0.0094341 0.013765 0.018715 0.020443 0.019087 0.014598 0.014168 0.0077074 0.0085535 0.019026 0.016339 0.019342 0.018625 0.021756 0.022882 0.025703 0.027897 0.026673 0.033019 0.034774 0.035256 0.030822 0.034631 0.033774 0.022948 0.02604 0.030334 0.020869 0.016024 0.020834 0.026483 0.028013 0.029845 0.018887 0.020518 0.020088 0.011963 0.018712 0.023423 0.022449 0.015427 0.022205 0.027009 0.027857 0.026346 0.021353 0.026914 0.030439 0.025345 0.028403 0.024149 0.020873 0.029452 0.029008 0.035486 0.035119 0.03385 0.031529 0.029539 0.030467 0.035196 0.043596 0.034737 0.035502 0.037676 0.033985 0.040651 0.03017 0.026353 0.026191 0.034477 0.031968 0.034884 0.026806 0.024616 0.021735 0.020753 0.01475 0.023231 0.01619 0.012455 0.019211 0.012196 0.012324 0.016636 0.0099439 0.0066383 0.010831 0.016466 0.014792 0.015417 0.020705 0.012417 0.013395 0.0078394 0.012545 0.012 0.0090059 0.0063268 0.0018116 0.012908 0.0068096 0.012032 0.0088518 0.017657 0.021821 0.023748 0.013127 0.010178 0.01341 0.018287 0.021979 0.017163 0.010769 0.010204 0.011318 0.013033 0.0185 0.020452 0.015432 0.021957 0.021218 0.022741 0.021061 0.027102 0.02693 0.020815 0.018844 0.014646 0.013269 0.014675 0.013658 0.015747 0.022011 0.023141 0.020784 0.026171 0.015535 0.018233 0.021455 0.021537 0.017051 0.024198 0.018297 0.024252 0.021069 0.016482 0.010486 0.012379 0.0094365 0.0069263 0.016751 0.022045 0.034089 0.038283 0.047012 0.041485 0.028088 0.030684 0.029311 0.027914 0.020621 0.026331 0.027015 0.028726 0.022158 0.027605 0.029721 0.03059 0.038236 0.035304 0.042552 0.047515 0.061492 0.072657 0.088056 0.093927 0.10074 0.11261 0.1169 0.09795 0.089245 0.077268 0.064549 0.056346 0.050929 0.045014 0.03131 0.029308 0.029349 0.027532 0.017439 0.020199 0.018372 0.017703 0.022114 0.015118 0.012507 0.0052583 0.0011748 0.00081967 -0.0075833 -0.012608 -0.0028474 -0.00078735 -0.0073375 -0.01307 -0.013784 -0.0070733 -0.0010444 -0.0064642 -0.0058685 -0.0091358 -0.0067687 -0.0018872 -0.0032003 -0.0011134 -0.009187 -0.001588 0.0032627 0.0039451 -0.0016612 0.0011849 0.0091253 0.0042436 0.0048231 0.0063441 0.008768 -0.00056193 -0.0013047 0.0081292 0.0094961 0.010652 0.0087879 0.011185 0.017221 0.017917 0.014987 0.015934 0.017124 0.0077694 0.016523 0.01841 0.019304 0.016264 0.017867 0.022583 0.015813 0.019699 0.015942 0.016697 0.0074251 0.0067304 0.00438 0.0049336 0.017816 0.011743 0.0070818 0.0057665 0.00022154 0.01096 0.0020928 -0.0030104 0.0024722 -0.0015723 -0.0090615 -0.0060255 -0.0079241 -0.0070389 -0.0067132 -0.006468 -0.011253 -0.0022951 3.5831e-05 0.0017759 0.0023658 -0.00028765 -0.0037983 -0.002192 0.00067186 0.0045784 0.0020911 -0.0025124 -0.0025201 -0.0011971 -5.7603e-05 -0.0054119 -0.0035639 -0.0068303 -0.0049787 -0.0031694 -0.008206 -0.0072914 -0.0097868 -0.0081954 -0.0069304 0.00042952 0.0058125 -0.0049808 0.0060743 -4.0792e-05 -0.0066992 -0.0075807 -0.017815 -0.011188 -0.004946 -0.00051078 -0.0022529 -0.0086629 -0.0076825 0.0023133 0.0018459 0.0023906 -0.0043191 -0.0088625 -0.0068068 -0.010124 -0.012249 -0.01077 -0.0098418 -0.0095571 -0.0019856 0.0011142 -8.6203e-05 -0.0080986 -0.010803 -0.014585 -0.0046419 -0.0012325 -0.0084709 -0.010936 -0.0081306 -0.0086842 0.00058449 -0.001805 -0.0097851 -0.008876 -0.014976 -0.013227 0.004088 0.0029043 0.001414 0.0023853 -0.0077012 -0.013551 -0.0029041 0.0022347 -0.00022931 -0.007595 0.005489 -0.0028077 -0.0061539 -0.01338 -0.0049376 -0.0086237 -0.0077678 -0.0048385 -0.0023414 0.00032848 -0.0047369 -0.0112 -0.010977 -0.0073946 -0.0063512 -0.0035138 -0.0060718 0.0015684 -0.00054071 -0.0035574 -0.0027785 -0.0003611 -0.002054 -0.0056845 -0.0031273 -0.010566 -0.010964 -0.0091891 -0.0075081 -0.0059382 -0.0069486
0.081023 0.072179 0.085437 0.085353 0.077227 0.078158 0.082236 0.082927 0.08036 0.072056 0.079369 0.082048 0.084979 0.077294 0.075905 0.068284 0.058 0.06466 0.071015 0.067744 0.067659 0.071785 0.074582 0.07924 0.059037 0.058838 0.064607 0.069578 0.070167 0.069701 0.066353 0.067958 0.074744 0.069274 0.07525 0.063449 0.065908 0.073415 0.069751 0.059317 0.06727 0.064206 0.06408 0.056425 0.061359 0.04927 0.053053 0.065775 0.055644 0.052897 0.054506 0.054237 0.038061 0.042571 0.053582 0.063852 0.051938 0.050738 0.060832 0.064575 0.072295 0.069517 0.075187 0.078688 0.077858 0.077102 0.08652 0.075353 0.089923 0.074077 0.056983 0.056252 0.064748 0.055515 0.04225 0.047059 0.05405 0.052618 0.054222 0.061568 0.058395 0.048357 0.042842 0.057545 0.062826 0.064752 0.062825 0.070523 0.075726 0.084112 0.097895 0.091795 0.079248 0.080276 0.079434 0.078012 0.076269 0.074258 0.073345 0.075666 0.06229 0.072361 0.069373 0.064116 0.061064 0.049419 0.048087 0.062474 0.063924 0.064227 0.073735 0.07755 0.080949 0.070843 0.08704 0.092103 0.080964 0.089585 0.090025 0.068864 0.068557 0.076182 0.066755 0.051263 0.048085 0.04062 0.04324 0.047755 0.049145 0.040018 0.042998 0.03879 0.039801 0.041067 0.046229 0.0407 0.042499 0.036731 0.042651 0.041883 0.051415 0.045495 0.041632 0.049485 0.050435 0.040168 0.054147 0.054177 0.052172 0.043417 0.03525 0.045504 0.046648 0.043223 0.041405 0.037774 0.038424 0.03627 0.027912 0.026625 0.033671 0.044636 0.049806 0.06204 0.065911 0.069783 0.071344 0.064795 0.054807 0.055496 0.046723 0.043992 0.043458 0.037939 0.046648 0.024149 0.020566 0.015343 0.017324 0.022663 0.022441 0.011721 0.0046453 0.018452 0.03232 0.033075 0.018756 0.027218 0.040866 0.040324 0.046196 0.061559 0.062948 0.073441 0.067217 0.069446 0.085217 0.10117 0.12667 0.11071 0.10341 0.092341 0.080216 0.063282 0.044334 0.042983 0.040044 0.025689 0.027842 0.024125 0.015294 0.021419 0.0076729 0.015554 0.012712 0.004114 0.012946 0.0057942 0.012845 0.012604 0.01294 0.0074026 -0.01116 0.0068174 0.0084345 0.015639 0.029464 0.035896 0.032139 0.032154 0.03562 0.037091 0.031603 0.023893 0.027498 0.032465 0.020245 0.024056 0.039308 0.038607 0.020603 0.012853 0.017651 0.001208 -0.005645 0.0057142 -0.002628 -0.0077466 0.00012001 -0.0092401 -0.0071811 -0.0099942 -0.0063747 -0.0026878 -0.0013531 0.017896 0.010152 0.014867 0.012732 0.012825 0.0080724 0.0088882 0.013707 0.0081219 0.00047897 0.0052122 0.0044517 0.01196 0.0017881 0.0056388 0.01213 0.018007 0.01169 0.012241 0.0092062 -0.010327 0.0017409 0.00023453 0.0097113 0.017409 0.011049 0.01381 0.0068375 0.014762 0.0058605 0.011818 0.013891 0.01209 0.0099407 0.0086025 0.019644 0.016043 0.0010147 2.3e-05 0.0022427 0.016021 0.010288 0.017777 0.013921 0.0085243 0.0018739 -0.0070519 0.00407 0.0010597 -0.0095362 -0.0017685 0.0080129 0.0062321 0.0081613 0.0085955 0.022653 0.021173 0.0074496 0.014377 0.020871 0.021194 0.023836 0.015497 0.011569 0.00051437 0.0052038 0.021913 0.013772 0.016501 0.015062 0.026094 0.024143 0.027716 0.030116 0.026493 0.035858 0.039187 0.033377 0.027851 0.031974 0.032856 0.01736 0.016328 0.023619 0.014424 0.0064739 0.016523 0.026388 0.025302 0.030305 0.011497 0.012485 0.011841 0.0030534 0.011619 0.014769 0.016544 0.0083932 0.017551 0.026433 0.02633 0.025938 0.019148 0.023944 0.030308 0.020332 0.024813 0.014129 0.01193 0.026452 0.028672 0.032993 0.033039 0.03124 0.032752 0.030001 0.030087 0.029887 0.039868 0.029721 0.029452 0.032522 0.026016 0.030197 0.023326 0.020605 0.020604 0.026218 0.020805 0.027657 0.024162 0.019617 0.018619 0.017186 0.005235 0.022918 0.010871 0.0066241 0.017725 0.01113 0.014189 0.018932 0.006026 0.0029887 0.0080693 0.019106 0.016387 0.015393 0.020282 0.0036171 0.010771 0.0063706 0.013862 0.013313 0.0026558 -0.0026664 -0.0051634 0.006247 -0.0010942 0.0035821 0.0077939 0.019405 0.023947 0.025107 0.011434 0.006399 0.013284 0.019059 0.02283 0.020035 0.0031793 0.0045209 0.0040787 0.0069343 0.014127 0.012003 0.0046264 0.013047 0.010099 0.014445 0.010335 0.022649 0.023633 0.01429 0.0087101 0.0033633 0.003959 0.0085451 0.0064922 0.0091104 0.021135 0.024236 0.021969 0.029488 0.00629 0.013832 0.020096 0.024496 0.014716 0.021869 0.016204 0.02952 0.03163 0.0218 0.0096888 0.008059 0.002081 -0.0022741 0.0099451 0.013739 0.026777 0.029681 0.043991 0.027848 0.012168 0.021357 0.019718 0.020222 0.01508 0.01661 0.020654 0.030515 0.016398 0.024347 0.020722 0.021218 0.028974 0.022619 0.027351 0.036162 0.049504 0.062028 0.076106 0.072365 0.075625 0.086713 0.086991 0.07033 0.060194 0.053381 0.044651 0.040763 0.039104 0.03961 0.026222 0.019061 0.026414 0.027216 0.013397 0.018462 0.015951 0.011758 0.021784 0.013759 0.0089594 -0.0014068 -0.0077281 -0.0048531 -0.015396 -0.02029 -0.0092367 -0.0037307 -0.0095476 -0.016854 -0.015711 -0.0090648 -0.0063871 -0.010684 -0.01014 -0.0081241 -0.0097609 -0.0041826 -0.0058673 -0.0028508 -0.018468 -0.0014127 0.00089001 -0.00010774 -0.0020863 0.0040801 0.01523 0.0093379 0.008374 0.0061664 0.00458 -0.006834 -0.0044073 0.0073006 0.0088859 0.010979 0.0072381 0.0069977 0.015461 0.020164 0.010416 0.012179 0.014946 -0.003534 0.0048182 0.0047037 0.016167 0.009253 0.0070793 0.021682 0.0114 0.015413 0.012765 0.012137 -0.0014736 0.00076344 -0.002588 0.0017533 0.015824 0.0049402 -9.8454e-05 0.0033601 -0.0073086 0.00928 0.00057021 -0.006669 0.0025686 0.0041675 -0.0059824 -0.0024916 -0.006414 -0.0067013 -0.0040882 -0.0016226 -0.0086409 0.0014505 0.0029416 0.0059302 0.0078431 0.0042942 0.0027265 -0.002706 0.0032281 0.010793 0.0040344 -0.0027181 0.0011591 0.0015494 0.0038976 -0.0035761 -0.0060831 -0.0076275 -0.0041291 -0.0035139 -0.010153 -0.0095332 -0.0097036 -0.014328 -0.010137 0.0011823 0.012984 -0.0053757 0.010613 0.0059971 -0.0023695 -0.0042523 -0.022546 -0.011904 -0.004529 0.0013793 -0.00020039 -0.0083957 -0.0088389 0.003636 0.0041758 0.0055129 -0.0045075 -0.010999 -0.0065175 -0.015478 -0.017742 -0.011508 -0.013414 -0.015926 -0.0071144 0.0027042 0.0018932 -0.011923 -0.017226 -0.020122 -0.0068062 -5.4191e-05 -0.010762 -0.012107 -0.017033 -0.017385 -0.0034504 -0.0038411 -0.015396 -0.00977 -0.014637 -0.014546 0.0039631 0.0035796 0.0011124 0.00043231 -0.011891 -0.022527 -0.0049376 0.0026158 3.9401e-05 -0.014219 0.0085718 -0.00076501 -0.0058997 -0.0144 -0.0042178 -0.011164 -0.0083347 -0.00096329 0.0020413 0.0031823 -0.011413 -0.02148 -0.014683 -0.0060836 -0.0047493 -0.0035687 -0.0071111 0.0030656 0.0045512 -0.0019021 -0.0059316 -0.001029 -0.0012638 -0.0085279 -0.0042722 -0.010506 -0.013258 -0.01668 -0.010022 -0.0071556 -0.010095
0.075961 0.078696 0.075348 0.060665 0.056965 0.054769 0.051892 0.04425 0.047797 0.053679 0.056961 0.056736 0.052834 0.042418 0.044345 0.040129 0.034579 0.041972 0.043833 0.04298 0.033285 0.023291 0.026329 0.034652 0.035437 0.032076 0.033132 0.030328 0.029432 0.024929 0.025762 0.02848 0.030081 0.022795 0.023333 0.016629 0.018234 0.013005 0.0093467 0.0097508 0.011803 0.013437 0.0084307 0.0065036 0.0053373 0.005122 0.0030317 -0.0036869 -0.00058631 -0.0036459 0.0059442 0.012057 0.019543 0.021479 0.020563 0.017121 0.023968 0.028385 0.031777 0.029102 0.024231 0.022407 0.017435 0.018937 0.018028 0.018726 0.020618 0.028305 0.030372 0.028074 0.028003 0.026818 0.03019 0.030192 0.034658 0.031404 0.029692 0.028259 0.025801 0.027119 0.025504 0.029046 0.032228 0.032715 0.032715 0.026008 0.026003 0.032862 0.04395 0.053225 0.056911 0.054104 0.060976 0.062222 0.061617 0.066425 0.068944 0.066178 0.066915 0.06622 0.067283 0.059078 0.054628 0.052989 0.052709 0.04897 0.048032 0.039168 0.041711 0.039006 0.040741 0.04439 0.046712 0.052681 0.052152 0.054587 0.044569 0.053237 0.055604 0.05609 0.056495 0.064281 0.058646 0.054512 0.053503 0.05186 0.043905 0.043507 0.050855 0.0486 0.050084 0.045637 0.040509 0.040019 0.043444 0.038462 0.039259 0.04774 0.041321 0.039522 0.04746 0.045648 0.040933 0.042814 0.045136 0.042871 0.045107 0.044034 0.047231 0.050049 0.056793 0.057586 0.053075 0.042036 0.045339 0.044821 0.049163 0.039698 0.038138 0.039675 0.035015 0.036452 0.034524 0.034843 0.038113 0.036635 0.039835 0.044328 0.04825 0.046793 0.045716 0.043168 0.035624 0.041995 0.046585 0.044104 0.039559 0.03859 0.046528 0.042134 0.040182 0.044405 0.039923 0.037227 0.037346 0.031189 0.024909 0.027191 0.028779 0.03064 0.038007 0.040827 0.043912 0.039633 0.045743 0.052018 0.0616 0.075328 0.078612 0.075393 0.081837 0.086668 0.079219 0.078586 0.074596 0.069304 0.070377 0.07266 0.065915 0.072571 0.066906 0.059647 0.057378 0.051277 0.050347 0.046865 0.044162 0.043926 0.031218 0.027429 0.027702 0.02456 0.022619 0.02603 0.029055 0.039276 0.041332 0.040199 0.049495 0.058515 0.059002 0.064307 0.063185 0.06396 0.0698 0.069345 0.069344 0.064821 0.061288 0.064181 0.063219 0.06399 0.063775 0.057081 0.053902 0.042024 0.039607 0.04208 0.035358 0.032757 0.033012 0.026925 0.02279 0.032215 0.026803 0.015303 0.020418 0.019276 0.014296 0.012377 0.013602 0.011151 0.0074411 0.011437 0.010141 0.014786 0.01495 0.017633 0.01007 0.0023633 0.002115 0.004397 0.0087754 0.011941 0.016288 0.0070085 0.0089861 0.014924 0.020179 0.018295 0.012867 0.0059031 0.013646 0.019325 0.024928 0.022025 0.02191 0.024778 0.012937 0.013137 0.018462 0.02486 0.025845 0.026442 0.022398 0.018871 0.021575 0.019074 0.019272 0.024766 0.02623 0.024272 0.02274 0.028283 0.022667 0.021251 0.026376 0.020493 0.020398 0.026274 0.028033 0.022171 0.021176 0.023 0.024515 0.028051 0.029436 0.027079 0.031278 0.03171 0.024505 0.027411 0.024658 0.028846 0.027937 0.02937 0.033878 0.034482 0.033647 0.035166 0.037046 0.040837 0.03965 0.041741 0.043003 0.046478 0.050194 0.05008 0.049499 0.053041 0.048448 0.051967 0.048726 0.054069 0.053484 0.05127 0.048568 0.051899 0.050909 0.05338 0.044983 0.046124 0.047955 0.047063 0.044916 0.046563 0.049651 0.043654 0.043338 0.039819 0.038214 0.040613 0.03885 0.042434 0.043325 0.042354 0.044616 0.041657 0.043542 0.049956 0.04922 0.053426 0.0576 0.057728 0.058451 0.062909 0.062685 0.067448 0.066841 0.065909 0.068051 0.067137 0.079354 0.084638 0.094821 0.10034 0.098101 0.098694 0.10276 0.10396 0.10353 0.098062 0.086788 0.087106 0.083726 0.078228 0.073147 0.07016 0.068186 0.068332 0.065567 0.061818 0.063403 0.056863 0.047414 0.047953 0.048897 0.040788 0.044274 0.043249 0.042513 0.038148 0.029641 0.026902 0.029561 0.031964 0.033882 0.02996 0.02868 0.025863 0.023818 0.02099 0.021413 0.024098 0.026819 0.025028 0.019567 0.016229 0.020544 0.019435 0.016542 0.021662 0.020561 0.021331 0.020159 0.019426 0.025546 0.023519 0.028446 0.026813 0.029996 0.025581 0.020788 0.014032 0.022696 0.023825 0.023454 0.012389 0.008104 0.014632 0.01608 0.022392 0.028407 0.023333 0.015171 0.016394 0.015833 0.0087464 0.015264 0.015198 0.014033 0.014531 0.015251 0.015942 0.015144 0.019722 0.018276 0.011823 0.013411 0.016009 0.015397 0.022459 0.022913 0.021657 0.022646 0.022601 0.024091 0.021033 0.01975 0.025663 0.029255 0.035548 0.03284 0.028949 0.029296 0.026571 0.031908 0.033666 0.035314 0.038698 0.037327 0.043163 0.035839 0.041991 0.04347 0.049357 0.052608 0.050729 0.045545 0.046567 0.051918 0.049421 0.040929 0.047734 0.047439 0.04626 0.043358 0.040711 0.032418 0.028999 0.024006 0.019968 0.016784 0.018443 0.018618 0.016625 0.01375 0.017554 0.023596 0.016384 0.013642 0.0092112 0.015097 0.021841 0.019309 0.023316 0.021943 0.01807 0.017035 0.013173 0.01736 0.015389 0.014084 0.010303 0.0075114 0.013057 0.012879 0.014318 0.0090956 0.0099171 0.01037 0.0097811 0.008004 0.0039178 0.0083735 0.010955 0.0068419 0.012136 0.016585 0.020241 0.026203 0.022349 0.027611 0.027494 0.030353 0.034523 0.03216 0.036976 0.038534 0.042585 0.041085 0.037957 0.03539 0.038107 0.036956 0.034762 0.031913 0.03069 0.038406 0.032958 0.026636 0.030593 0.035393 0.029811 0.026465 0.025227 0.026066 0.025111 0.025718 0.010325 0.012654 0.011248 0.011227 0.01678 0.021011 0.018399 0.019759 0.019755 0.01953 0.023145 0.020776 0.013626 0.01173 0.014549 0.018838 0.017202 0.01122 0.014872 0.015515 0.0093771 0.015303 0.017168 0.011834 0.011713 0.01431 0.012117 0.010711 0.012971 0.013808 0.0046711 4.3992e-05 0.00026019 0.00288 0.0056436 0.0060261 0.0075158 0.0064743 0.011766 0.0052193 0.0024148 0.0078964 0.0053388 0.003269 0.0048349 0.002882 0.0090889 0.0062453 0.0067501 0.0039022 0.0037506 0.0033348 -0.00067947 0.00056129 0.0048137 0.0021683 -8.7382e-05 0.0025069 0.0016908 -0.0046109 -0.0014353 -0.0070268 0.00070265 0.0019067 0.0029288 0.0046441 0.0051135 0.0065888 0.0062041 0.0069566 0.0025323 0.0061799 0.0097814 0.0078159 0.0046214 0.0049844 0.00066647 0.0029409 0.002833 0.0020158 0.0030346 0.0024264 0.0027157 0.00037495 -0.0045879 0.0031849 0.0084037 0.00436 0.0069395 0.0025744 -0.00074782 0.00025031 -0.0035398 -0.0028197 0.00049667 2.2124e-05 -0.0022605 0.00035675 -0.00042175 0.0030184 0.0079545 0.003345 0.0025343 -0.0013124 0.0038852 -0.00022695 -0.0036329 -0.00037777 0.0031514 0.0044346 0.0069894 0.0039829 0.0004463
0.035701 0.03962 0.037756 0.02635 0.021773 0.02057 0.019526 0.017695 0.024256 0.033038 0.0354 0.034909 0.034013 0.026516 0.030518 0.031969 0.030279 0.038348 0.040662 0.037867 0.029951 0.021563 0.023668 0.030479 0.031513 0.031387 0.035315 0.032847 0.033202 0.031957 0.032579 0.033965 0.035081 0.027578 0.025321 0.017776 0.017924 0.01282 0.0082995 0.0074233 0.0079307 0.0096207 0.0045987 0.0060828 0.0062947 0.0072685 0.0039629 -0.00026075 0.0011603 -0.0010875 0.0072816 0.012908 0.022388 0.02414 0.021383 0.018709 0.024454 0.027387 0.030567 0.02798 0.025433 0.024223 0.021932 0.023254 0.022035 0.023999 0.028735 0.034245 0.035581 0.032978 0.033043 0.030406 0.032486 0.03325 0.037815 0.032947 0.030949 0.030202 0.029999 0.030929 0.031411 0.032622 0.036727 0.040169 0.041749 0.037862 0.041382 0.046451 0.05542 0.065197 0.06891 0.067224 0.073493 0.071835 0.071499 0.073582 0.074073 0.071313 0.070902 0.066773 0.066555 0.061433 0.05644 0.055801 0.054074 0.051049 0.052467 0.04443 0.045772 0.045257 0.046339 0.052205 0.054672 0.05924 0.05857 0.05954 0.052788 0.061498 0.062926 0.063055 0.06285 0.067426 0.060657 0.057856 0.055176 0.053602 0.045707 0.046508 0.053791 0.050935 0.050746 0.047163 0.0443 0.043217 0.045894 0.040951 0.042041 0.048228 0.046 0.046744 0.053463 0.053229 0.047948 0.049898 0.051175 0.050455 0.052206 0.052616 0.053474 0.052529 0.058951 0.058999 0.054477 0.045418 0.046707 0.045279 0.045814 0.041387 0.03878 0.039503 0.03684 0.038045 0.037085 0.038554 0.043865 0.044538 0.046759 0.050841 0.054337 0.05461 0.051515 0.045764 0.040595 0.045835 0.048267 0.045217 0.03979 0.035532 0.041568 0.039804 0.038582 0.040351 0.036009 0.035071 0.036236 0.032139 0.027727 0.030309 0.037603 0.040915 0.047868 0.051207 0.056684 0.05746 0.065764 0.071753 0.080195 0.091441 0.092682 0.091667 0.094516 0.094118 0.085709 0.081569 0.074596 0.063968 0.063249 0.063549 0.056372 0.06067 0.056719 0.049993 0.044566 0.040452 0.038978 0.034527 0.032697 0.032216 0.024502 0.022905 0.024308 0.023124 0.024182 0.033039 0.040461 0.053044 0.056536 0.056535 0.065345 0.070507 0.071243 0.074267 0.070815 0.068383 0.072734 0.069951 0.066235 0.061877 0.057308 0.057552 0.057833 0.057394 0.05671 0.047805 0.045557 0.034725 0.032316 0.034824 0.030789 0.026658 0.026528 0.021446 0.019213 0.026743 0.019042 0.010319 0.016305 0.015897 0.011729 0.0092395 0.009822 0.009745 0.0080773 0.010393 0.0068214 0.0085169 0.011919 0.016295 0.010958 0.0047948 0.0036096 0.0043481 0.0092915 0.011726 0.017245 0.011524 0.011654 0.017238 0.023422 0.022819 0.018319 0.012456 0.015421 0.023759 0.028641 0.026702 0.023351 0.026042 0.018114 0.017178 0.019703 0.024885 0.026483 0.027615 0.024412 0.020743 0.020838 0.0183 0.019404 0.023976 0.025701 0.025284 0.023106 0.025322 0.023924 0.02274 0.028659 0.02261 0.020635 0.026158 0.028235 0.026699 0.02427 0.022114 0.024688 0.027002 0.028657 0.028213 0.032972 0.032109 0.026028 0.027943 0.02633 0.031877 0.029993 0.028874 0.035422 0.034959 0.034742 0.037346 0.040453 0.044432 0.04364 0.048764 0.049807 0.052044 0.05477 0.05404 0.054343 0.058257 0.053915 0.05308 0.049955 0.053866 0.05303 0.052142 0.04857 0.048615 0.049045 0.050508 0.043293 0.044148 0.045035 0.044493 0.044169 0.044938 0.047706 0.041649 0.039658 0.035249 0.035487 0.037814 0.038734 0.042047 0.04627 0.046464 0.050185 0.045352 0.046305 0.050993 0.052464 0.056883 0.059964 0.060575 0.058841 0.0627 0.06302 0.066095 0.068665 0.07 0.075852 0.075442 0.083192 0.089779 0.097947 0.1016 0.10025 0.096829 0.10003 0.097692 0.094294 0.087649 0.077597 0.077266 0.074511 0.067442 0.061108 0.057661 0.055024 0.055319 0.051119 0.047978 0.050089 0.043532 0.035835 0.038704 0.039518 0.032509 0.033892 0.033697 0.033114 0.029646 0.023998 0.022707 0.023533 0.024523 0.026661 0.023655 0.023318 0.021607 0.021728 0.020217 0.01969 0.022671 0.022698 0.020645 0.016354 0.013453 0.017155 0.017712 0.014906 0.020412 0.021549 0.020187 0.018711 0.015883 0.021781 0.018513 0.023478 0.022471 0.026468 0.02243 0.01854 0.012243 0.018579 0.017781 0.016827 0.0091993 0.0054812 0.0092203 0.010539 0.016334 0.022901 0.016725 0.0074402 0.011304 0.01093 0.0053669 0.012123 0.012367 0.011111 0.0099758 0.012682 0.012188 0.012223 0.016424 0.017242 0.013282 0.015138 0.018359 0.019892 0.024646 0.023269 0.020989 0.0239 0.021433 0.02223 0.021366 0.020546 0.02756 0.034271 0.040515 0.037804 0.037624 0.041001 0.038124 0.045168 0.048917 0.052405 0.054733 0.049131 0.052138 0.047025 0.049242 0.047455 0.049351 0.051424 0.048676 0.042989 0.043566 0.044596 0.039906 0.032887 0.037739 0.037521 0.037219 0.033758 0.032294 0.025618 0.023672 0.019386 0.015276 0.013109 0.016803 0.018782 0.016144 0.013479 0.016689 0.019972 0.014637 0.011845 0.010773 0.014581 0.022486 0.018115 0.021311 0.021018 0.020293 0.019541 0.015948 0.017432 0.015206 0.015686 0.0098521 0.0076239 0.012951 0.013055 0.014495 0.012337 0.0099904 0.010822 0.010497 0.0094201 0.008424 0.011557 0.014701 0.010548 0.01503 0.018966 0.021335 0.027165 0.026477 0.02966 0.028747 0.033829 0.036175 0.03211 0.03631 0.03868 0.040304 0.037747 0.034519 0.031898 0.032658 0.031775 0.032591 0.029082 0.030005 0.037129 0.030898 0.02632 0.0246 0.029496 0.025387 0.020395 0.017697 0.0172 0.018317 0.018472 0.0077753 0.010025 0.010243 0.0072845 0.011332 0.015897 0.014686 0.014743 0.014091 0.013934 0.014758 0.014021 0.0093293 0.0090034 0.010249 0.013406 0.011213 0.0072184 0.0087111 0.0067143 0.0051363 0.012093 0.012801 0.008949 0.0080577 0.0071217 0.0064346 0.0064759 0.010901 0.012259 0.005752 -0.00089503 -0.00063016 0.0018603 0.0038086 0.007506 0.0098791 0.0072241 0.0098056 0.0039323 0.00058582 0.0050689 0.0040137 0.00041156 0.0035732 0.0020679 0.0055888 0.0045497 0.0041947 0.0036103 0.0021688 0.0017481 -0.00065907 1.1436e-05 0.0041517 0.0025599 -0.0014691 0.00035791 0.0031922 -0.0022764 0.00212 -0.0045754 2.5376e-05 0.0018799 0.0011494 0.0016706 0.0041863 0.0056189 0.0064557 0.003812 -0.00092041 0.0036993 0.0053821 0.0045533 0.002352 0.0019819 -0.002529 0.0019551 0.0025353 0.00027983 0.0022214 0.0025384 0.0030759 0.0014428 -0.0034762 0.0027681 0.0069415 0.0033919 0.0064796 0.0038827 0.00048092 0.00016666 -0.0026418 -0.0005949 0.0011392 0.0017493 0.00077882 0.00053606 -0.00037655 0.0023718 0.0082874 0.0030439 0.0011617 -0.0015255 0.0024822 8.3156e-05 -0.0006999 -0.00014929 0.0019448 0.0021819 0.0033642 0.0022422 -0.00014009
0.0071473 0.011285 0.014014 0.013947 0.0071564 0.0017578 0.0011595 0.0022154 0.0039837 0.011445 0.021173 0.022779 0.022465 0.024635 0.019976 0.02484 0.030413 0.031398 0.037944 0.039006 0.034425 0.029149 0.022772 0.023616 0.028479 0.029006 0.031134 0.035601 0.033391 0.036375 0.036734 0.036751 0.0372 0.037324 0.03038 0.02691 0.017828 0.016995 0.012713 0.0081923 0.0055913 0.0054642 0.0083314 0.0046138 0.0077233 0.0092655 0.010479 0.007001 0.0038098 0.0043196 0.0034025 0.010447 0.01557 0.024661 0.026261 0.021705 0.02148 0.025653 0.027883 0.031059 0.027927 0.02684 0.025568 0.025342 0.027258 0.027502 0.028784 0.034623 0.038198 0.039995 0.036456 0.036598 0.032827 0.034396 0.036205 0.040164 0.03438 0.032661 0.032612 0.034316 0.035885 0.039572 0.039484 0.043637 0.049898 0.053051 0.052084 0.058338 0.061603 0.067663 0.076084 0.077261 0.076922 0.081201 0.077413 0.075624 0.075176 0.074021 0.071157 0.069439 0.064079 0.063044 0.060553 0.056041 0.056395 0.054406 0.052321 0.055169 0.049017 0.050757 0.051866 0.05405 0.060089 0.062199 0.064082 0.063597 0.061638 0.057737 0.065875 0.066785 0.065925 0.063488 0.064944 0.058372 0.056824 0.053273 0.052053 0.04557 0.047079 0.05388 0.051433 0.050206 0.048466 0.048193 0.046888 0.049497 0.044457 0.04482 0.049052 0.049822 0.05266 0.057754 0.059179 0.053537 0.056118 0.056352 0.056188 0.057101 0.057551 0.056296 0.052968 0.057931 0.056882 0.052457 0.045813 0.045312 0.044279 0.042142 0.043572 0.040943 0.040222 0.039419 0.040511 0.041553 0.04372 0.049212 0.051347 0.052328 0.054314 0.056079 0.056805 0.051699 0.044256 0.041146 0.044209 0.043868 0.041098 0.036436 0.031274 0.03547 0.035411 0.036063 0.036642 0.033419 0.033426 0.03727 0.036041 0.033844 0.037431 0.048519 0.053825 0.061488 0.066586 0.073314 0.077817 0.087393 0.092044 0.097697 0.10323 0.10038 0.099322 0.097457 0.092357 0.081816 0.075843 0.067541 0.054053 0.050969 0.049499 0.04348 0.046259 0.043675 0.038753 0.031931 0.029024 0.026058 0.021574 0.021256 0.021417 0.018777 0.020415 0.023888 0.026241 0.03134 0.044735 0.054581 0.065833 0.069654 0.070232 0.076012 0.07729 0.077669 0.077066 0.072335 0.067066 0.067937 0.063787 0.057737 0.054023 0.048982 0.046716 0.047297 0.045372 0.04494 0.035417 0.034106 0.025582 0.02368 0.026327 0.024181 0.020206 0.018866 0.015064 0.014153 0.020104 0.011592 0.0056167 0.012726 0.013075 0.010586 0.0084235 0.0074415 0.0079944 0.0083651 0.0096266 0.0047333 0.0041921 0.0094987 0.014515 0.011148 0.0070148 0.0055016 0.0050875 0.010232 0.012641 0.01856 0.01548 0.013938 0.018301 0.02435 0.024335 0.021712 0.017002 0.017007 0.025951 0.029119 0.027111 0.020912 0.024367 0.020889 0.019618 0.019383 0.023634 0.025678 0.027901 0.025122 0.021007 0.019637 0.017053 0.018619 0.022626 0.024256 0.025427 0.022933 0.023468 0.024341 0.02325 0.030185 0.024517 0.021427 0.025498 0.027308 0.028892 0.02558 0.020888 0.024573 0.025054 0.027042 0.029055 0.033559 0.031767 0.02653 0.028488 0.027094 0.032947 0.031873 0.030733 0.037939 0.037648 0.037555 0.039161 0.042957 0.046894 0.047077 0.053517 0.053682 0.054418 0.056533 0.054714 0.05487 0.058357 0.054796 0.050817 0.047164 0.050616 0.049083 0.049132 0.046177 0.043814 0.045338 0.044948 0.039547 0.040886 0.041013 0.040831 0.041544 0.041456 0.04371 0.039025 0.036691 0.033556 0.036262 0.03753 0.040148 0.042653 0.048298 0.049834 0.053419 0.048235 0.0489 0.052077 0.053563 0.057753 0.06001 0.060456 0.057749 0.061466 0.063737 0.067103 0.0718 0.075192 0.081857 0.080589 0.083943 0.089617 0.093576 0.094346 0.094162 0.087074 0.088677 0.083774 0.077765 0.071114 0.064081 0.062837 0.060352 0.054134 0.047863 0.045557 0.041833 0.041146 0.037341 0.034004 0.036168 0.031894 0.02666 0.030001 0.030931 0.025686 0.025424 0.024867 0.024826 0.02197 0.018236 0.018808 0.019154 0.018047 0.020574 0.0192 0.018304 0.018843 0.020518 0.019344 0.018903 0.021561 0.019024 0.017767 0.01464 0.012284 0.015249 0.015603 0.013656 0.018581 0.021317 0.018522 0.01764 0.013443 0.0186 0.015359 0.018761 0.018242 0.02168 0.018572 0.015787 0.009764 0.014763 0.012054 0.010889 0.0073037 0.0040406 0.0056474 0.0062518 0.010989 0.016994 0.010976 0.0024509 0.0081778 0.0085708 0.0054457 0.010937 0.011292 0.010868 0.0096194 0.013895 0.013664 0.014604 0.016902 0.019648 0.019022 0.020815 0.02408 0.02696 0.02969 0.028164 0.024808 0.028507 0.023297 0.024367 0.025634 0.027106 0.034912 0.044495 0.051532 0.050499 0.0535 0.058206 0.055582 0.06289 0.065668 0.069258 0.068284 0.058355 0.057853 0.053995 0.052883 0.047582 0.045625 0.046474 0.043203 0.037783 0.036745 0.034952 0.030048 0.025115 0.028226 0.028452 0.028392 0.024696 0.023506 0.018006 0.018035 0.014672 0.010774 0.0097928 0.013172 0.016545 0.014761 0.012307 0.014339 0.015067 0.011255 0.0089976 0.010032 0.012431 0.020626 0.015435 0.018881 0.018347 0.019397 0.018326 0.014994 0.015363 0.013639 0.016039 0.0098203 0.007034 0.011587 0.013422 0.014645 0.015045 0.011234 0.013502 0.013195 0.011913 0.013275 0.015759 0.018802 0.015584 0.018924 0.022115 0.023262 0.028781 0.030064 0.031378 0.030432 0.035343 0.035401 0.03088 0.034199 0.036827 0.035866 0.032184 0.028409 0.027065 0.026827 0.026522 0.026779 0.022633 0.02639 0.032872 0.026176 0.023938 0.018433 0.022591 0.019522 0.013915 0.011777 0.011074 0.012954 0.012113 0.0063393 0.0082639 0.010099 0.0046814 0.0058543 0.010717 0.011741 0.010133 0.0094164 0.0094603 0.0078455 0.0084319 0.0066375 0.0075228 0.0073053 0.0086904 0.0070545 0.0041769 0.0043331 0.0012207 0.003588 0.0096868 0.009218 0.0067101 0.0050809 0.001675 0.0025233 0.003255 0.008253 0.010561 0.006185 -0.0018638 -0.00090475 0.0009111 0.002331 0.0085412 0.011654 0.0083143 0.0072419 0.0026587 0.0002249 0.002696 0.0026139 -0.0014922 0.0023124 0.0011851 0.002738 0.0032707 0.0026007 0.0020478 -6.4151e-05 0.00064414 -0.00033091 -0.00080348 0.0032849 0.0020929 -0.0028175 -0.0028402 0.0029966 -0.00016004 0.0034453 -0.0016188 -0.0011974 -0.00094514 -0.002341 -0.0016407 0.0023293 0.0031719 0.0052548 0.0015056 -0.0026882 0.0019709 0.0020868 0.002248 0.0005671 -0.00073161 -0.006111 0.00016584 0.0012035 -0.00018552 0.0025165 0.0029083 0.0026793 0.00094799 -0.0039193 0.0013825 0.0042344 0.0020637 0.0050193 0.0045059 0.00076556 -0.0005833 -0.001353 0.0014346 0.0012744 0.0025335 0.0017486 -8.9598e-05 -0.00033091 0.0015457 0.0069526 0.0016994 -0.00016295 -0.0016095 0.00094779 0.00021576 0.0009243 -0.00062245 0.0001318 0.00057784 7.2064e-05 8.3424e-05
0.011012 0.00083988 0.0059033 0.0061029 0.0072869 0.0043663 -0.0012267 -0.0013078 0.0012871 0.0037482 0.010234 0.018685 0.019371 0.019265 0.024426 0.021149 0.025559 0.033132 0.034798 0.038542 0.037254 0.031972 0.029468 0.025431 0.025 0.02781 0.027063 0.029973 0.033398 0.031819 0.037206 0.037773 0.036712 0.037164 0.035961 0.030419 0.026788 0.016931 0.015974 0.013142 0.0094314 0.0053158 0.0052232 0.0093715 0.0079697 0.010894 0.013301 0.014682 0.011856 0.0088861 0.0096441 0.01021 0.016003 0.020601 0.0275 0.028545 0.022739 0.025752 0.028408 0.030303 0.033685 0.030005 0.029557 0.0279 0.029074 0.031276 0.033398 0.032723 0.038044 0.040091 0.042492 0.038121 0.038346 0.034279 0.036023 0.038677 0.042114 0.036771 0.034938 0.035264 0.038705 0.041684 0.048307 0.049 0.052832 0.060909 0.065085 0.066096 0.07318 0.07515 0.078483 0.08441 0.081659 0.081766 0.083388 0.078288 0.074424 0.072014 0.070076 0.067396 0.064363 0.059653 0.05843 0.058145 0.055017 0.056603 0.055403 0.054455 0.058428 0.054258 0.057135 0.059531 0.062956 0.067333 0.068894 0.067501 0.067074 0.061562 0.059307 0.066817 0.066677 0.064511 0.059621 0.05908 0.053008 0.052583 0.04885 0.048692 0.044621 0.046248 0.05198 0.050503 0.048333 0.049008 0.051212 0.05035 0.053042 0.048559 0.048023 0.051066 0.05346 0.05759 0.060682 0.062956 0.057362 0.060459 0.059614 0.059598 0.059566 0.058245 0.05587 0.051453 0.054488 0.052378 0.048238 0.044204 0.042468 0.042441 0.039268 0.045873 0.04466 0.043 0.04365 0.044564 0.047928 0.050167 0.054073 0.055832 0.055434 0.054432 0.053652 0.053367 0.047176 0.03928 0.037537 0.038616 0.035901 0.033856 0.030603 0.026618 0.029809 0.030787 0.033681 0.034557 0.033671 0.033954 0.041466 0.043182 0.043425 0.048355 0.060595 0.068248 0.078192 0.086059 0.092944 0.09874 0.10733 0.10912 0.11022 0.1073 0.099209 0.095779 0.089167 0.080431 0.068541 0.062027 0.054594 0.040938 0.03583 0.033616 0.029748 0.032159 0.030098 0.02738 0.021265 0.019184 0.014474 0.010685 0.012225 0.013581 0.015845 0.022014 0.028558 0.034813 0.043822 0.059221 0.068591 0.075113 0.077365 0.077384 0.078545 0.077121 0.07667 0.072407 0.067679 0.060309 0.057604 0.053408 0.04621 0.043585 0.038134 0.033892 0.034415 0.03129 0.031272 0.022778 0.021903 0.016907 0.015459 0.017662 0.017137 0.014733 0.011825 0.0092732 0.0094411 0.014175 0.0059301 0.0026514 0.010321 0.011327 0.010802 0.0093431 0.0067634 0.0070236 0.0089712 0.0098122 0.0051399 0.0024557 0.0083963 0.013324 0.011259 0.0087061 0.0075824 0.0069406 0.011711 0.013859 0.019288 0.018186 0.015829 0.018367 0.023175 0.022848 0.022622 0.018868 0.017878 0.025308 0.02624 0.023341 0.016257 0.020184 0.021059 0.020301 0.01852 0.021816 0.023959 0.02738 0.024377 0.019575 0.018338 0.015149 0.016393 0.020956 0.022499 0.024936 0.022599 0.023064 0.023908 0.022402 0.030008 0.025211 0.022108 0.024284 0.025577 0.028533 0.025068 0.019638 0.023844 0.023076 0.02572 0.029059 0.032821 0.030913 0.026498 0.029088 0.027612 0.032713 0.033855 0.034494 0.041196 0.041675 0.041277 0.040757 0.044367 0.048205 0.04946 0.055156 0.05362 0.052793 0.054543 0.051675 0.051562 0.054072 0.051797 0.046093 0.041295 0.045134 0.043228 0.043714 0.042744 0.038757 0.04017 0.038566 0.03547 0.03761 0.037172 0.03677 0.038357 0.037659 0.039137 0.037205 0.035835 0.035007 0.039606 0.039365 0.042993 0.043905 0.049542 0.052207 0.05517 0.050846 0.051148 0.053039 0.052883 0.056619 0.057806 0.058141 0.05588 0.060087 0.065223 0.069476 0.074619 0.079533 0.08432 0.081212 0.080422 0.083087 0.082209 0.08006 0.080648 0.071018 0.071038 0.06495 0.057652 0.052256 0.049443 0.047375 0.044429 0.040662 0.035359 0.034756 0.030481 0.028294 0.026319 0.022132 0.023589 0.023005 0.020508 0.023199 0.024479 0.020745 0.019266 0.017628 0.018435 0.016436 0.013652 0.015917 0.015991 0.01388 0.017057 0.017355 0.015229 0.018391 0.020417 0.018902 0.019518 0.021386 0.016828 0.01692 0.014934 0.013837 0.01595 0.015176 0.014349 0.017603 0.021102 0.017477 0.017581 0.013187 0.01736 0.015191 0.016038 0.016056 0.017754 0.015887 0.014144 0.0077342 0.012052 0.0084389 0.0070861 0.0069018 0.0040958 0.0040386 0.0044726 0.0077627 0.012339 0.0077739 0.001631 0.0082125 0.010041 0.0089618 0.012515 0.013317 0.01444 0.014421 0.018976 0.019577 0.020994 0.021088 0.024955 0.027098 0.028191 0.03073 0.034428 0.035797 0.0355 0.031033 0.03516 0.028821 0.031262 0.033694 0.039382 0.048287 0.060373 0.069031 0.070948 0.076449 0.079675 0.07767 0.0833 0.08261 0.083834 0.077614 0.064008 0.059481 0.056121 0.052621 0.044495 0.040136 0.039843 0.036775 0.032284 0.029441 0.025986 0.022649 0.019236 0.021071 0.021644 0.020729 0.017595 0.015846 0.010825 0.012749 0.010178 0.0072718 0.0072763 0.0085123 0.01204 0.011193 0.0093953 0.010173 0.008954 0.0067703 0.0049065 0.0072389 0.0088227 0.016366 0.011737 0.015421 0.014375 0.015694 0.013996 0.011398 0.012127 0.011128 0.014998 0.010023 0.0063524 0.0096829 0.014338 0.014893 0.016852 0.013469 0.017257 0.017386 0.015422 0.018032 0.020408 0.022864 0.021175 0.023058 0.025669 0.025867 0.030297 0.032253 0.032005 0.031254 0.034518 0.032927 0.028912 0.031706 0.033659 0.030216 0.025912 0.021625 0.022017 0.021394 0.021141 0.018885 0.014892 0.020945 0.026578 0.019905 0.019781 0.012734 0.015082 0.012708 0.0080049 0.0072484 0.0076699 0.0092643 0.0072886 0.0056446 0.006775 0.0094924 0.0035109 0.0019411 0.0065054 0.0091055 0.005333 0.0057845 0.0069051 0.0032541 0.0039392 0.0050631 0.0067362 0.0054913 0.0051738 0.0043579 0.0021764 0.0016798 -0.001076 0.0037855 0.0077418 0.006669 0.0050942 0.0026541 -0.0019636 0.0005736 0.001636 0.00518 0.0084582 0.0056937 -0.0033393 -0.0010465 -7.0513e-05 0.00095562 0.0085592 0.011836 0.0088107 0.0046925 0.0011218 0.00019971 0.0011275 0.001491 -0.0024741 0.0011188 0.00044485 0.00045755 0.001773 0.0011841 0.00015868 -0.00175 0.00037893 0.00010382 -0.0020213 0.0017429 0.00070288 -0.0035772 -0.0055803 0.0020319 0.0012488 0.002836 0.00023104 -0.0020105 -0.0041413 -0.0057531 -0.004656 -0.00022198 3.4371e-05 0.0033431 -0.00026253 -0.0034522 0.00074356 0.00026696 0.0010659 -0.00095216 -0.0031182 -0.0085029 -0.0022337 -0.0011692 0.0001371 0.0028582 0.0031332 0.0017753 -0.00053586 -0.0055206 -0.00043768 0.0013428 0.00060334 0.0032439 0.004299 0.00021931 -0.0020148 -0.00052434 0.002745 0.00080748 0.0022093 0.00080109 -0.00066143 -0.00042182 0.00023372 0.0042754 6.9037e-06 -0.00087599 -0.0013024 -0.00041263 -0.00018169 0.00089046 -0.0018595 -0.0018349 -0.000821 -0.0027069
0.032913 0.025436 0.015276 0.0089591 0.014184 0.011863 0.013222 0.01206 0.0073368 0.0081673 0.011306 0.012161 0.0165 0.02181 0.021328 0.021539 0.028993 0.025462 0.028356 0.035866 0.036699 0.037636 0.034176 0.02957 0.029389 0.027739 0.026054 0.027417 0.025428 0.027825 0.029598 0.029139 0.035229 0.03526 0.033185 0.034421 0.03196 0.028521 0.02534 0.01651 0.016003 0.014825 0.012429 0.0075579 0.0079434 0.01236 0.013433 0.014865 0.01733 0.019557 0.017873 0.014728 0.017141 0.018953 0.023725 0.027656 0.03179 0.032023 0.025818 0.031072 0.032852 0.034401 0.037975 0.034299 0.034102 0.032032 0.033702 0.035183 0.038055 0.035434 0.039037 0.039698 0.042575 0.038396 0.038711 0.035244 0.037595 0.040543 0.043828 0.040376 0.037584 0.037896 0.042889 0.047228 0.055467 0.059246 0.062992 0.071367 0.075488 0.07653 0.08196 0.083249 0.085051 0.08843 0.082078 0.081291 0.080503 0.07499 0.069614 0.066224 0.064174 0.062045 0.058061 0.05518 0.054344 0.055895 0.054675 0.057776 0.057873 0.058515 0.063606 0.060901 0.064628 0.067663 0.071093 0.072545 0.073257 0.069263 0.06849 0.059935 0.057702 0.064781 0.062663 0.059492 0.053264 0.052156 0.046565 0.046904 0.043407 0.044943 0.043633 0.045085 0.048893 0.048426 0.045311 0.048218 0.052078 0.052402 0.055004 0.051931 0.051209 0.053991 0.056905 0.061338 0.062336 0.064057 0.058748 0.061563 0.059581 0.05994 0.058931 0.054773 0.052615 0.04799 0.049305 0.046768 0.043097 0.041551 0.039406 0.040448 0.038137 0.047724 0.049085 0.047643 0.049362 0.050136 0.055097 0.056382 0.057573 0.056786 0.054832 0.051204 0.047473 0.045171 0.039437 0.031991 0.031089 0.031066 0.027211 0.025972 0.024022 0.022253 0.025651 0.027388 0.032152 0.034547 0.036929 0.037528 0.048327 0.05248 0.05537 0.061232 0.072258 0.081934 0.09482 0.1054 0.11156 0.11609 0.12069 0.11815 0.11352 0.10115 0.08826 0.081094 0.071064 0.060164 0.049425 0.043148 0.038514 0.026984 0.021108 0.019374 0.017866 0.02063 0.018254 0.017504 0.013437 0.012026 0.0064909 0.0039567 0.0073523 0.010345 0.016817 0.027847 0.037601 0.046892 0.058182 0.072316 0.078474 0.078346 0.077132 0.075513 0.071978 0.069479 0.067964 0.061544 0.057774 0.049332 0.044858 0.041558 0.034381 0.032694 0.026733 0.021725 0.022346 0.018668 0.018648 0.01244 0.011406 0.010547 0.0093164 0.010375 0.011453 0.011122 0.0067516 0.0052029 0.0059549 0.0098447 0.0029703 0.0020621 0.0088937 0.010268 0.011715 0.010962 0.0076739 0.0075098 0.010293 0.01094 0.007942 0.0032345 0.0087945 0.013001 0.011786 0.0097354 0.0095851 0.0094577 0.013297 0.01439 0.018532 0.019146 0.017197 0.018009 0.020848 0.01947 0.021354 0.018182 0.017704 0.022321 0.021183 0.017135 0.011619 0.014852 0.019015 0.019368 0.017961 0.019682 0.021842 0.026236 0.022419 0.017066 0.017379 0.012991 0.013313 0.019032 0.020763 0.024063 0.022448 0.023566 0.022477 0.020103 0.027311 0.023993 0.021857 0.022162 0.023239 0.026175 0.023356 0.018577 0.022526 0.021855 0.025222 0.027853 0.03088 0.029561 0.026199 0.029105 0.027968 0.031672 0.035603 0.038598 0.044264 0.04528 0.044268 0.041846 0.044305 0.048008 0.049783 0.052946 0.049415 0.04737 0.048698 0.045552 0.045711 0.046952 0.046061 0.040199 0.034265 0.038689 0.036984 0.03744 0.038949 0.034103 0.03452 0.032966 0.032294 0.035111 0.034472 0.033133 0.03602 0.034681 0.034971 0.03645 0.036829 0.038123 0.043321 0.041785 0.045689 0.044787 0.049877 0.052991 0.055431 0.052662 0.052298 0.053249 0.051065 0.053728 0.05351 0.054249 0.053553 0.058718 0.066634 0.070913 0.074738 0.079891 0.081009 0.075986 0.071824 0.070513 0.065681 0.061541 0.0623 0.051603 0.050749 0.045068 0.038053 0.034875 0.036397 0.033742 0.030163 0.029325 0.025566 0.025982 0.022249 0.018697 0.019014 0.014114 0.01419 0.017421 0.017318 0.018677 0.020453 0.01741 0.015281 0.012778 0.014336 0.013673 0.011004 0.014241 0.013777 0.012643 0.016314 0.018097 0.014762 0.019862 0.021121 0.019368 0.021625 0.022566 0.016896 0.018227 0.017164 0.017765 0.018996 0.017132 0.017339 0.018437 0.021719 0.017654 0.018665 0.015451 0.018629 0.017801 0.015992 0.016485 0.015839 0.015322 0.014318 0.0071841 0.010807 0.007706 0.0062588 0.0079051 0.00558 0.0040621 0.0053807 0.0070882 0.009945 0.0078236 0.0050377 0.011379 0.01502 0.015294 0.017166 0.018742 0.021694 0.023433 0.026359 0.027459 0.028619 0.027319 0.031209 0.034466 0.03438 0.035543 0.039794 0.040501 0.042216 0.037166 0.041943 0.037083 0.041306 0.043929 0.05457 0.065291 0.079676 0.090237 0.095467 0.10258 0.10136 0.10002 0.1021 0.096432 0.093083 0.080994 0.065019 0.05653 0.053187 0.048335 0.039106 0.034275 0.033286 0.031057 0.028079 0.024042 0.019778 0.019071 0.01623 0.017164 0.017377 0.014538 0.013134 0.010587 0.0051581 0.0083032 0.0059603 0.0049037 0.0055849 0.0037907 0.0059194 0.0053206 0.0046351 0.0049403 0.0027298 0.0023703 0.00022925 0.0036216 0.0046514 0.010846 0.0081697 0.011017 0.0096412 0.010095 0.0082587 0.0069985 0.0090511 0.0084555 0.01283 0.010078 0.0061385 0.0082472 0.015805 0.015299 0.017663 0.016302 0.020663 0.021933 0.019373 0.021908 0.024579 0.026318 0.026134 0.026475 0.028738 0.028429 0.030811 0.032103 0.030833 0.02996 0.031321 0.029663 0.026689 0.029302 0.029541 0.024046 0.020249 0.016026 0.017435 0.016854 0.015488 0.01074 0.0083206 0.015088 0.019312 0.013084 0.014364 0.0080348 0.0078516 0.0060195 0.0032811 0.0036326 0.0060032 0.0068149 0.0040928 0.005235 0.0050324 0.0075966 0.003155 0.00021668 0.0037858 0.0063633 0.0004084 0.0029282 0.0058471 0.00093128 0.00037325 0.0039771 0.0057895 0.004205 0.0027448 0.0021037 0.00064483 0.0002618 -0.0011292 0.0040612 0.0056413 0.0046997 0.003413 0.00072374 -0.003937 -3.5718e-05 0.0010844 0.001826 0.0056939 0.0042073 -0.0051005 -0.0013038 -0.0013678 -0.00063065 0.0072604 0.0098062 0.0078491 0.0024949 -0.00078103 -0.00061327 0.00018576 0.00079096 -0.0027948 -0.00016508 -0.00010037 -0.0012253 -0.00023174 -0.00056925 -0.0012402 -0.0021475 0.00094793 0.00041274 -0.0033693 -0.00035457 -0.0014155 -0.0034114 -0.0065629 0.0011624 0.001633 0.0011661 0.00026038 -0.0019991 -0.0059373 -0.0073738 -0.0065228 -0.0027901 -0.0026761 0.0014856 -0.0012968 -0.0036842 -0.00011921 -0.00022542 0.0007432 -0.0023492 -0.0050043 -0.0088667 -0.0046633 -0.0038465 0.00048455 0.0024201 0.002765 0.00060786 -0.0023584 -0.0073927 -0.0021361 -0.0010347 -0.00096436 0.0015448 0.0032114 -0.00078944 -0.0037618 -0.00079621 0.0027591 -6.3798e-05 0.0009472 -0.0012526 -0.00062903 -0.00060429 -0.0016272 0.00098771 -0.0014093 -0.0010817 -0.00092444 -0.0012599 -0.00082548 -0.00027829 -0.0036891 -0.0037642
0.034384 0.035723 0.029285 0.022359 0.020807 0.025455 0.021746 0.022404 0.020832 0.018142 0.020409 0.023377 0.02179 0.02389 0.02534 0.02375 0.024574 0.032913 0.028468 0.029431 0.035753 0.035478 0.034667 0.030385 0.027444 0.028828 0.029171 0.026032 0.027185 0.025108 0.02641 0.02679 0.027633 0.032292 0.031759 0.029378 0.031338 0.02828 0.027177 0.024759 0.018369 0.018338 0.018385 0.017525 0.012805 0.013735 0.016795 0.019596 0.01909 0.020748 0.024558 0.024113 0.020714 0.02584 0.028415 0.03231 0.035692 0.0378 0.037574 0.031791 0.036828 0.038576 0.039626 0.043025 0.040154 0.040322 0.037916 0.038901 0.038677 0.040394 0.036901 0.038492 0.037618 0.04131 0.038724 0.039137 0.036455 0.039526 0.042212 0.045499 0.044741 0.04047 0.040639 0.046699 0.051545 0.059654 0.068089 0.072269 0.079576 0.082335 0.081273 0.083028 0.08424 0.08619 0.08794 0.079901 0.077399 0.075157 0.069968 0.064546 0.061165 0.0591 0.057507 0.053294 0.052489 0.052525 0.055308 0.056066 0.060544 0.061823 0.064502 0.070798 0.068933 0.072499 0.07515 0.076683 0.075019 0.074242 0.069651 0.067974 0.057866 0.054106 0.06109 0.056577 0.053236 0.047344 0.046463 0.041627 0.042111 0.039137 0.042145 0.043375 0.04463 0.045885 0.04589 0.042253 0.046365 0.050729 0.052563 0.054805 0.05352 0.053791 0.057125 0.060028 0.06388 0.063195 0.063166 0.057983 0.059558 0.056291 0.057428 0.055334 0.048992 0.047983 0.043379 0.043563 0.041599 0.038567 0.038971 0.037341 0.039271 0.039514 0.049216 0.05336 0.053007 0.055425 0.056251 0.061352 0.060346 0.058981 0.05441 0.05074 0.045849 0.039178 0.034858 0.030966 0.024594 0.024414 0.024104 0.020381 0.019934 0.018728 0.018961 0.023264 0.026057 0.031938 0.036392 0.042142 0.043801 0.056237 0.061922 0.067374 0.073129 0.082126 0.092698 0.1077 0.11944 0.1244 0.12583 0.12425 0.11681 0.10649 0.08633 0.070742 0.060196 0.048917 0.037545 0.030551 0.024887 0.023478 0.015394 0.010236 0.0098349 0.010022 0.013096 0.010074 0.010638 0.0086491 0.0075848 0.0028995 0.0021012 0.0070372 0.011933 0.02146 0.03578 0.047632 0.058129 0.06924 0.079615 0.081298 0.075045 0.069438 0.065871 0.059032 0.056741 0.054177 0.048192 0.045408 0.036952 0.033233 0.031019 0.02474 0.023373 0.016919 0.012648 0.013725 0.010108 0.0096113 0.0059343 0.0045252 0.007125 0.0061166 0.0059314 0.0084457 0.0095277 0.0041989 0.0031741 0.0036546 0.0070051 0.0026464 0.0033999 0.0079501 0.0092616 0.012517 0.012352 0.0094701 0.0092769 0.012041 0.0125 0.011664 0.0056223 0.01023 0.013131 0.012591 0.010061 0.011158 0.011761 0.014383 0.013759 0.016263 0.018466 0.017967 0.017836 0.018852 0.016119 0.019078 0.016118 0.016881 0.018718 0.016285 0.011421 0.008961 0.010425 0.015908 0.017466 0.017999 0.017496 0.019928 0.024847 0.019849 0.014683 0.017042 0.011493 0.010781 0.016963 0.019263 0.023112 0.022744 0.024035 0.020318 0.01701 0.022792 0.021337 0.020577 0.019262 0.020829 0.023064 0.021433 0.017805 0.021067 0.021825 0.025435 0.025712 0.028465 0.027975 0.025803 0.028075 0.027992 0.03049 0.036632 0.041299 0.04607 0.046861 0.044985 0.04215 0.042873 0.046202 0.047581 0.047424 0.04262 0.040145 0.040808 0.038393 0.039531 0.039424 0.039424 0.034735 0.028642 0.03298 0.031757 0.031951 0.035265 0.030319 0.029826 0.029273 0.030571 0.033753 0.033343 0.030898 0.035419 0.033285 0.031965 0.036237 0.038427 0.040736 0.045257 0.043082 0.046385 0.044343 0.049327 0.052043 0.054171 0.052897 0.051878 0.052155 0.049159 0.049634 0.048111 0.04966 0.051298 0.057308 0.066855 0.069398 0.070879 0.07454 0.071692 0.065737 0.059461 0.05499 0.048067 0.043528 0.043838 0.033404 0.032768 0.028738 0.022969 0.02227 0.026938 0.023913 0.020395 0.021874 0.019939 0.019828 0.017657 0.013243 0.015238 0.010541 0.0091117 0.014839 0.016444 0.016175 0.018481 0.015084 0.013122 0.010761 0.012577 0.013435 0.01034 0.013631 0.012502 0.013931 0.017218 0.020435 0.016252 0.021892 0.021996 0.020767 0.024775 0.024976 0.019367 0.021272 0.020656 0.022492 0.023113 0.020758 0.021774 0.021016 0.0233 0.018898 0.020428 0.019426 0.021798 0.021772 0.018035 0.018678 0.015979 0.016788 0.015937 0.0086861 0.01097 0.0094703 0.0082555 0.010003 0.0079036 0.0050789 0.0078033 0.0082128 0.0098651 0.01041 0.010906 0.016221 0.021535 0.022884 0.024064 0.026212 0.030883 0.033609 0.033376 0.034186 0.034501 0.032989 0.036119 0.038519 0.037238 0.036997 0.041547 0.04221 0.04586 0.041481 0.047089 0.046025 0.051167 0.053876 0.068186 0.081286 0.097773 0.10987 0.11774 0.12545 0.11809 0.11687 0.11448 0.10374 0.095258 0.078523 0.061804 0.050159 0.046886 0.041352 0.033141 0.029109 0.0281 0.026942 0.025821 0.021582 0.017027 0.018934 0.015912 0.016149 0.014941 0.0097862 0.010799 0.0081197 0.0016244 0.0049604 0.0021815 0.0032148 0.0043987 3.9677e-05 -0.00026644 -0.0013226 -0.0008936 0.00013427 -0.0019447 -0.00071017 -0.0037235 0.0006846 0.0011283 0.0059216 0.0060498 0.0064851 0.0049108 0.0041903 0.0032713 0.003666 0.0071985 0.0067027 0.010332 0.009661 0.0065866 0.0081207 0.017335 0.015812 0.017707 0.019031 0.022525 0.025402 0.022772 0.024152 0.02739 0.028681 0.029454 0.028303 0.030556 0.030162 0.030069 0.029579 0.028104 0.026435 0.026755 0.02653 0.02465 0.02701 0.024856 0.018418 0.016253 0.012926 0.013688 0.013713 0.010117 0.0042793 0.004608 0.010346 0.012298 0.0066944 0.0085744 0.004494 0.0019975 0.00066044 -0.00013569 0.00049891 0.0047712 0.0049386 0.0022081 0.0046715 0.003009 0.0044231 0.0028129 0.00012704 0.0024278 0.003577 -0.0038126 0.00049225 0.0051361 0.00018764 -0.0023408 0.0029312 0.004018 0.0028952 0.00094817 -0.00049177 -0.0010096 -0.00057828 -0.0004627 0.0031558 0.0031994 0.0028306 0.0010744 -0.00062765 -0.0046421 -0.00038781 0.0005032 -0.0016166 0.0023866 0.0020112 -0.0063534 -0.0017576 -0.0030205 -0.0024533 0.0050904 0.0060778 0.0054279 0.00085504 -0.0027845 -0.0025411 -0.00062164 0.00036765 -0.0029364 -0.001624 -0.00056471 -0.0021193 -0.0024313 -0.0024657 -0.0018231 -0.0013375 0.0017246 0.00041475 -0.0043045 -0.0023886 -0.0037037 -0.0023567 -0.0053004 0.00093936 0.0011106 -0.00050497 -0.0012209 -0.0017453 -0.0059709 -0.0064788 -0.0066197 -0.0044536 -0.0038713 0.00022575 -0.0013508 -0.0036173 -0.00052755 7.5393e-05 0.00071715 -0.0033853 -0.006172 -0.0074401 -0.006536 -0.0057253 0.00025765 0.0011384 0.0016112 -0.00057228 -0.0038427 -0.0084254 -0.0032118 -0.0027128 -0.0026502 3.5147e-05 0.0015385 -0.0019059 -0.0051057 -0.0022131 0.0014187 -0.0010094 -0.00068422 -0.0032963 1.349e-05 -0.00074951 -0.0037389 -0.0019234 -0.0021663 -0.0012578 -0.0010368 -0.0014349 -0.0011922 -0.001548 -0.005637
0.025088 0.034204 0.033735 0.028991 0.02549 0.027553 0.031148 0.02751 0.027287 0.02446 0.024448 0.028486 0.031076 0.027692 0.028067 0.026536 0.024157 0.026002 0.033448 0.028873 0.028127 0.033485 0.03282 0.031431 0.028126 0.026862 0.029341 0.030826 0.026012 0.027901 0.027689 0.027848 0.027716 0.029314 0.031359 0.030655 0.02885 0.030558 0.027925 0.028984 0.02733 0.023457 0.023418 0.024007 0.024582 0.020867 0.02176 0.022304 0.025597 0.023566 0.023704 0.02921 0.029933 0.026387 0.034522 0.037216 0.040254 0.043613 0.045333 0.045341 0.040696 0.042887 0.045208 0.045538 0.048335 0.046755 0.047699 0.044972 0.043913 0.04176 0.040766 0.037757 0.037829 0.035572 0.040776 0.040862 0.041189 0.038661 0.042175 0.044439 0.047332 0.049169 0.043816 0.043996 0.050447 0.054674 0.061487 0.074609 0.079761 0.085104 0.085653 0.081055 0.078597 0.080227 0.083639 0.084876 0.077453 0.073571 0.070798 0.06638 0.062369 0.059684 0.057005 0.055538 0.051677 0.052825 0.05398 0.057131 0.059546 0.064781 0.066712 0.071325 0.079062 0.077662 0.080159 0.081352 0.079629 0.075433 0.072599 0.069629 0.066659 0.056481 0.050429 0.057515 0.051295 0.048629 0.04422 0.043275 0.039857 0.03996 0.03766 0.04111 0.044366 0.045614 0.044154 0.043988 0.040565 0.044705 0.048704 0.051713 0.053316 0.053467 0.055681 0.059915 0.063004 0.065655 0.064227 0.061863 0.056608 0.056353 0.05177 0.053461 0.050264 0.043772 0.044048 0.039054 0.038609 0.038014 0.035796 0.037542 0.037004 0.039954 0.043497 0.051392 0.057256 0.058115 0.060471 0.061704 0.065376 0.061044 0.058467 0.050535 0.045266 0.040354 0.03119 0.025582 0.024217 0.01918 0.020155 0.019512 0.016581 0.016938 0.016122 0.017316 0.022198 0.026749 0.033152 0.039487 0.047785 0.051573 0.063565 0.07008 0.077297 0.082077 0.089906 0.10022 0.1155 0.126 0.12941 0.12714 0.11916 0.10751 0.092634 0.068331 0.052833 0.04045 0.029994 0.019458 0.017344 0.012259 0.012862 0.0083012 0.0048148 0.005796 0.0066976 0.0094163 0.006073 0.0072469 0.006471 0.0051365 0.0024371 0.0040387 0.0098894 0.016842 0.028108 0.04299 0.054841 0.06471 0.073547 0.07961 0.077374 0.067447 0.057958 0.052988 0.044849 0.043141 0.039918 0.03665 0.034085 0.02602 0.024868 0.023136 0.018222 0.016591 0.0099479 0.0074017 0.0091622 0.0057921 0.00483 0.0028875 0.0013394 0.0057231 0.0051866 0.0047825 0.0079859 0.009407 0.0035413 0.0025961 0.0018262 0.0049957 0.003847 0.0054437 0.0071992 0.0079886 0.012833 0.013173 0.011279 0.011325 0.013513 0.013821 0.014607 0.0082393 0.011976 0.012887 0.013069 0.0097492 0.012127 0.013324 0.014629 0.012382 0.013313 0.016983 0.018128 0.018218 0.018188 0.014493 0.017071 0.014341 0.016193 0.016448 0.013499 0.0085223 0.0088978 0.0083847 0.0132 0.015445 0.018377 0.01552 0.018682 0.023261 0.017341 0.013325 0.017274 0.011283 0.0099723 0.014861 0.018058 0.022287 0.023496 0.023916 0.017997 0.014332 0.018424 0.018874 0.018959 0.016507 0.018928 0.020448 0.019863 0.017368 0.019941 0.022811 0.02578 0.023393 0.02656 0.026648 0.025584 0.026213 0.027817 0.029735 0.036949 0.041773 0.046221 0.045973 0.043078 0.041588 0.040785 0.043181 0.043427 0.040512 0.035746 0.033924 0.033556 0.032513 0.034819 0.033595 0.033388 0.03078 0.025961 0.029234 0.028123 0.028288 0.032043 0.027654 0.02712 0.027543 0.030161 0.033351 0.033553 0.030465 0.03636 0.033336 0.030553 0.035795 0.039546 0.041443 0.044765 0.042527 0.044421 0.042441 0.04812 0.050085 0.051668 0.051405 0.050054 0.049814 0.047954 0.045299 0.042938 0.045274 0.049655 0.055791 0.06528 0.064459 0.063764 0.064562 0.058912 0.053223 0.046456 0.040625 0.033648 0.030131 0.029625 0.020069 0.02075 0.018668 0.014179 0.015516 0.021365 0.018166 0.015707 0.018558 0.018218 0.016295 0.01579 0.011265 0.013624 0.010355 0.0078025 0.014028 0.016815 0.015086 0.017861 0.013185 0.01241 0.011171 0.012876 0.014579 0.011112 0.013626 0.012362 0.016357 0.018121 0.022679 0.018126 0.022965 0.022424 0.022499 0.028093 0.027826 0.023334 0.025199 0.024341 0.026428 0.026811 0.024761 0.02617 0.024374 0.025207 0.020548 0.022052 0.023573 0.025373 0.025316 0.020733 0.020932 0.017439 0.01927 0.018078 0.011912 0.012295 0.012424 0.012082 0.01266 0.010403 0.0064638 0.010029 0.0097075 0.011171 0.013803 0.016447 0.020753 0.027002 0.029927 0.031341 0.033646 0.039469 0.041536 0.037818 0.037897 0.037117 0.036087 0.038548 0.038751 0.036733 0.035624 0.04017 0.04119 0.046234 0.043819 0.049991 0.053569 0.058083 0.061614 0.077128 0.092418 0.11052 0.12342 0.13275 0.14029 0.12692 0.12501 0.11827 0.10376 0.091409 0.072716 0.056435 0.043038 0.040167 0.034208 0.028382 0.025159 0.024694 0.024418 0.025102 0.021429 0.016859 0.020369 0.017001 0.016402 0.013242 0.0060347 0.0091616 0.0074707 8.3866e-05 0.0025024 -0.00094447 0.0014606 0.0032467 -0.0020239 -0.004864 -0.0064849 -0.0056995 -0.0030034 -0.0041698 -0.0019606 -0.0060089 -0.00076688 -0.0010981 0.0030773 0.005867 0.0027865 0.00088665 -0.00038885 0.0003925 0.0022193 0.0068402 0.0065639 0.0084567 0.0086327 0.0076216 0.0093416 0.018392 0.016144 0.017436 0.020899 0.022594 0.026887 0.024773 0.024635 0.02838 0.029887 0.030852 0.028381 0.03093 0.030841 0.028532 0.025865 0.024898 0.02196 0.022356 0.023947 0.022771 0.024507 0.020091 0.014452 0.014361 0.012227 0.010837 0.011985 0.0062133 0.00050662 0.0037547 0.0074033 0.0064672 0.0012112 0.0032359 0.001657 -0.0020173 -0.0029123 -0.0027072 -0.0023233 0.0030804 0.0033157 0.0010274 0.0038171 0.0010444 0.00079206 0.0019506 0.00048914 0.0017146 0.00125 -0.0064863 -0.0017621 0.0038031 7.5816e-05 -0.004182 0.0017539 0.0014785 0.0012148 -0.00062541 -0.0036013 -0.0028091 -0.0015602 -0.00032177 0.00097601 0.00088523 0.0009969 -0.0018889 -0.0012575 -0.0047187 -0.0013428 -0.0010271 -0.0049137 -0.0010921 -0.00024846 -0.0065057 -0.0022404 -0.0047869 -0.0041227 0.0030309 0.0022054 0.0025515 -9.8318e-05 -0.0043129 -0.0048884 -0.0016294 -0.00019426 -0.0032873 -0.0032518 -0.0010696 -0.0022193 -0.0040137 -0.0038759 -0.001869 -0.0002782 0.0017504 2.1816e-05 -0.004398 -0.00373 -0.0056012 -0.00083459 -0.0026197 0.0014471 9.256e-05 -0.0015101 -0.0034273 -0.0023199 -0.005421 -0.0036533 -0.0050407 -0.0045929 -0.0032118 -0.00042101 -0.00071348 -0.0033985 -0.00027468 0.0004503 0.00051302 -0.0036713 -0.0064676 -0.0054421 -0.0076357 -0.0062428 -0.00062119 -0.00052302 -5.9311e-05 -0.0015892 -0.0045273 -0.0079827 -0.0035841 -0.0039582 -0.0044629 -0.001294 -0.00025257 -0.0028844 -0.0055586 -0.0039899 -0.00064303 -0.001637 -0.0020297 -0.0044986 0.00078586 -0.00075624 -0.0056065 -0.0038928 -0.0022506 -0.0018816 -0.0018696 -0.0012686 -0.00097573 -0.0022803
0.022178 0.028801 0.026995 0.024266 0.023954 0.027344 0.029682 0.02704 0.026507 0.023142 0.025816 0.031364 0.033827 0.029594 0.028843 0.026149 0.023574 0.026555 0.03158 0.02851 0.026613 0.03211 0.031725 0.030319 0.029321 0.029057 0.032505 0.034418 0.027788 0.030549 0.033867 0.033015 0.033328 0.034525 0.034146 0.033823 0.033116 0.033134 0.032026 0.034729 0.033779 0.031205 0.0308 0.031189 0.033087 0.030984 0.030872 0.028608 0.031454 0.028646 0.026738 0.033299 0.035255 0.031872 0.042353 0.04464 0.046614 0.050941 0.053822 0.054799 0.0517 0.049746 0.052596 0.052041 0.054096 0.053605 0.055794 0.052551 0.048162 0.044588 0.040556 0.038659 0.038154 0.035232 0.042631 0.045458 0.04553 0.042102 0.045627 0.047575 0.049226 0.053106 0.047916 0.048415 0.054513 0.057582 0.062807 0.079343 0.085632 0.088667 0.08669 0.078467 0.072565 0.075114 0.080264 0.081615 0.076239 0.072208 0.069276 0.065762 0.06409 0.062221 0.058204 0.056068 0.052884 0.056023 0.058469 0.060852 0.064598 0.069741 0.07174 0.077269 0.086935 0.086019 0.087034 0.086306 0.08104 0.075069 0.0699 0.070129 0.06558 0.056157 0.047953 0.055087 0.048635 0.04713 0.044305 0.042237 0.04102 0.040481 0.038978 0.041558 0.046648 0.04792 0.044184 0.043375 0.041025 0.044406 0.047947 0.051139 0.051852 0.052682 0.057091 0.06199 0.065829 0.067094 0.065864 0.061242 0.055886 0.054121 0.048314 0.049634 0.045416 0.041145 0.042136 0.036169 0.035174 0.036107 0.034981 0.03774 0.038483 0.042943 0.049567 0.055208 0.061185 0.062513 0.063656 0.065502 0.06664 0.058691 0.056719 0.047103 0.040851 0.036129 0.025157 0.019171 0.020128 0.016601 0.019293 0.017584 0.015078 0.01663 0.01636 0.017578 0.021748 0.028846 0.035555 0.043132 0.052733 0.059472 0.069521 0.076594 0.084257 0.08768 0.096104 0.10556 0.11958 0.12635 0.12767 0.12191 0.10913 0.094843 0.076928 0.052663 0.039553 0.027009 0.018519 0.0096621 0.011497 0.0069195 0.0073781 0.0058723 0.0039944 0.0058119 0.0066899 0.0083331 0.0053068 0.0066166 0.0063023 0.0038568 0.0029774 0.0077232 0.013883 0.022672 0.03483 0.047634 0.057314 0.065235 0.071057 0.073854 0.06932 0.058402 0.046691 0.041309 0.033381 0.032004 0.028796 0.029343 0.025728 0.017786 0.01944 0.017409 0.013827 0.012079 0.0055311 0.0048951 0.0072815 0.0038183 0.0030547 0.0014255 0.00037583 0.0046133 0.0050587 0.0060942 0.0088774 0.0098824 0.0037147 0.0024751 -6.9097e-05 0.0032911 0.0052601 0.0070483 0.0066322 0.0066559 0.012717 0.013757 0.012422 0.012654 0.014017 0.014651 0.015839 0.010161 0.013374 0.011588 0.01261 0.0089832 0.012552 0.014295 0.014108 0.01104 0.010689 0.015527 0.017748 0.018977 0.018922 0.014942 0.015956 0.013766 0.016146 0.016293 0.013152 0.008803 0.01061 0.0088623 0.01176 0.013956 0.018496 0.013976 0.017923 0.020962 0.015051 0.013085 0.017506 0.012267 0.010912 0.012741 0.016914 0.021436 0.024452 0.023224 0.015914 0.012897 0.016114 0.018031 0.017966 0.01481 0.017816 0.018587 0.018436 0.01721 0.019229 0.024112 0.02551 0.021503 0.025581 0.025992 0.025683 0.024294 0.027748 0.029666 0.036817 0.040417 0.044862 0.043308 0.039134 0.04002 0.038628 0.039316 0.038233 0.034059 0.030561 0.030264 0.028679 0.028729 0.031924 0.029826 0.028247 0.028086 0.025824 0.027345 0.025569 0.026374 0.029384 0.026047 0.026308 0.026941 0.03037 0.033434 0.034185 0.031379 0.037435 0.033861 0.03052 0.034667 0.039744 0.040141 0.042547 0.040457 0.040509 0.039583 0.046427 0.047902 0.048266 0.048383 0.047304 0.046419 0.04742 0.041259 0.038704 0.041294 0.048579 0.053745 0.061618 0.056804 0.054846 0.052549 0.045779 0.040984 0.035398 0.029837 0.024096 0.022578 0.021037 0.012421 0.015139 0.014405 0.010669 0.0133 0.018497 0.015292 0.014577 0.018078 0.018688 0.014533 0.014885 0.011029 0.012638 0.011469 0.008536 0.013367 0.017422 0.014742 0.017876 0.011393 0.012786 0.013117 0.014699 0.015863 0.012444 0.013839 0.013362 0.018494 0.017755 0.023281 0.018728 0.022183 0.021907 0.023619 0.030629 0.029849 0.027243 0.028824 0.027279 0.028646 0.029267 0.028044 0.029364 0.027106 0.026443 0.021757 0.022822 0.02643 0.02783 0.027261 0.022705 0.021852 0.019266 0.021561 0.019831 0.016035 0.014443 0.01535 0.01647 0.015369 0.012747 0.0080872 0.011016 0.010461 0.01264 0.016256 0.019445 0.02343 0.029678 0.034967 0.037142 0.039409 0.045547 0.044972 0.03897 0.038378 0.036646 0.035897 0.038708 0.036452 0.034365 0.033008 0.037116 0.03885 0.044641 0.045061 0.050742 0.058448 0.060996 0.066421 0.080909 0.097468 0.11607 0.12896 0.13879 0.14573 0.12786 0.12451 0.11417 0.097793 0.083983 0.066263 0.051159 0.037354 0.035188 0.028886 0.025657 0.022241 0.022675 0.022883 0.024787 0.02215 0.01753 0.021381 0.017757 0.016102 0.011371 0.0027585 0.0066565 0.0071263 -0.00018605 0.00045491 -0.0034586 -0.00089804 0.0018031 -0.0023295 -0.0070143 -0.0088532 -0.0088349 -0.0043713 -0.0042008 -0.0019215 -0.0064892 -0.0012016 -0.0020737 0.0024979 0.0070838 0.00037616 -0.0020022 -0.002597 -0.0004094 0.0023699 0.0074504 0.0080119 0.0074983 0.007157 0.0089996 0.011376 0.01865 0.015957 0.017057 0.021499 0.021445 0.026284 0.024998 0.023665 0.027343 0.029848 0.03062 0.027005 0.030124 0.030434 0.026901 0.022257 0.022313 0.018035 0.019177 0.021497 0.020389 0.021268 0.015595 0.012791 0.014173 0.012641 0.0085066 0.011085 0.004672 -0.00065799 0.0042545 0.0059528 0.002088 -0.0034458 -0.0013928 -0.0012026 -0.0045795 -0.0052053 -0.0049812 -0.0048208 0.00097229 0.002039 0.00026873 0.0027276 -0.00035583 -0.0024433 0.00062998 0.00036088 0.0010524 -0.00015653 -0.0073987 -0.0038177 0.0016451 -1.1328e-05 -0.0052188 0.00059003 -0.0012853 -0.00078616 -0.0022554 -0.0068157 -0.0044101 -0.003122 -0.0011522 -0.0015451 -0.00059888 -0.00038466 -0.0048946 -0.0010814 -0.0045958 -0.0031861 -0.0035859 -0.0080504 -0.0042857 -0.002127 -0.0055034 -0.0025958 -0.0062072 -0.0052179 0.0020068 -0.00027789 0.00052384 -0.00025873 -0.0048366 -0.0064711 -0.002918 -0.0012096 -0.0040737 -0.0048653 -0.001868 -0.0017057 -0.0043035 -0.0041106 -0.0020867 -8.5935e-05 0.00024424 -0.00073051 -0.0035448 -0.0042133 -0.0068067 0.00044098 -2.4321e-05 0.0022659 -0.00090565 -0.0020581 -0.0056696 -0.0045234 -0.0057545 -0.00018385 -0.0022642 -0.0032507 -0.0011747 -0.00091244 -0.00037229 -0.0031483 0.00061925 0.00049667 -0.00018665 -0.0027938 -0.0060176 -0.0040403 -0.0083479 -0.0055652 -0.0020355 -0.002153 -0.0017747 -0.0023064 -0.0042546 -0.0062872 -0.003637 -0.0052689 -0.0062174 -0.0025431 -0.0016537 -0.0037601 -0.0050117 -0.0051099 -0.0023705 -0.0017135 -0.0025762 -0.0046987 0.0011618 -0.00060481 -0.006853 -0.005027 -0.0020814 -0.0030121 -0.003273 -0.0013039 -0.0005333 -0.0025688
0.017774 0.017311 0.022135 0.019381 0.018757 0.021374 0.023839 0.024795 0.02317 0.023298 0.021256 0.025997 0.032168 0.034728 0.030044 0.028412 0.026604 0.024663 0.028478 0.030097 0.030176 0.027777 0.034549 0.034159 0.032548 0.034373 0.034321 0.038754 0.040949 0.032753 0.035633 0.043041 0.041046 0.042608 0.041906 0.040255 0.040986 0.04135 0.038389 0.039721 0.043176 0.042883 0.040067 0.039459 0.038982 0.042198 0.04222 0.040021 0.03538 0.037557 0.034655 0.030243 0.036809 0.040406 0.037695 0.048961 0.050474 0.051251 0.05757 0.0625 0.064848 0.06334 0.057881 0.060662 0.059146 0.060953 0.060472 0.064369 0.060111 0.051349 0.047271 0.041193 0.039993 0.039696 0.037455 0.047168 0.051673 0.05155 0.046582 0.049618 0.051234 0.050632 0.056199 0.052836 0.053878 0.058963 0.061295 0.065424 0.083205 0.090458 0.091042 0.086614 0.076043 0.068117 0.072013 0.078069 0.079432 0.076183 0.073403 0.069982 0.067474 0.06838 0.066997 0.061268 0.057555 0.055088 0.060757 0.064532 0.065021 0.06995 0.074394 0.07597 0.08045 0.09286 0.092668 0.092213 0.090051 0.082091 0.074556 0.067277 0.071321 0.065028 0.056254 0.046875 0.053586 0.048571 0.048291 0.046296 0.042034 0.043408 0.042205 0.041545 0.042414 0.049603 0.05076 0.045565 0.044027 0.04336 0.045838 0.049498 0.051476 0.051001 0.051979 0.058104 0.062781 0.06786 0.067932 0.067453 0.060905 0.055758 0.05375 0.047129 0.046842 0.041898 0.041476 0.042328 0.035161 0.033273 0.035189 0.035483 0.039451 0.041417 0.04806 0.05671 0.060758 0.065517 0.066047 0.064579 0.067 0.064923 0.054134 0.054219 0.044969 0.039011 0.033366 0.021536 0.015728 0.018258 0.016446 0.021139 0.017455 0.0142 0.017838 0.018907 0.019765 0.021513 0.031617 0.038744 0.04668 0.056374 0.066424 0.073869 0.081627 0.088145 0.090278 0.10081 0.10966 0.1221 0.12303 0.12128 0.11253 0.097452 0.082306 0.062861 0.042351 0.032999 0.021182 0.014844 0.0081563 0.011517 0.0075644 0.0058389 0.0070175 0.0059102 0.0076596 0.0083357 0.0084948 0.0063584 0.0076356 0.0076981 0.0034139 0.0027932 0.011356 0.017361 0.027255 0.040068 0.04928 0.055051 0.060331 0.06388 0.065115 0.059901 0.049509 0.037955 0.033178 0.026041 0.024595 0.022454 0.026438 0.02039 0.011948 0.015389 0.012395 0.0098374 0.0090816 0.0025486 0.0033758 0.0061645 0.0019201 0.0023577 -0.00043722 -0.00022821 0.0024967 0.0045019 0.0085648 0.0097135 0.010435 0.0040456 0.0023191 -0.0017912 0.002065 0.006098 0.007684 0.0062727 0.0057183 0.012389 0.014599 0.012587 0.012669 0.013358 0.015157 0.015443 0.011121 0.014042 0.008794 0.011011 0.0079643 0.012572 0.01519 0.01308 0.010377 0.0089368 0.014559 0.016795 0.019666 0.020369 0.016632 0.015446 0.014216 0.016552 0.017697 0.014091 0.010932 0.012621 0.01096 0.011681 0.013256 0.017903 0.012904 0.016942 0.016986 0.012789 0.013267 0.016881 0.013628 0.012638 0.010535 0.015373 0.020075 0.025177 0.022289 0.013961 0.012882 0.01663 0.019262 0.018172 0.014547 0.017272 0.016821 0.016413 0.017332 0.018545 0.024888 0.02396 0.020199 0.02524 0.02604 0.026052 0.023039 0.028137 0.030168 0.03645 0.038111 0.042307 0.039901 0.03398 0.036987 0.036395 0.034612 0.032476 0.028972 0.027437 0.029016 0.026317 0.026286 0.029869 0.027013 0.023177 0.025484 0.02638 0.026165 0.022922 0.025352 0.027229 0.025137 0.02653 0.026367 0.030426 0.033479 0.034091 0.032478 0.036734 0.033439 0.031248 0.03276 0.039052 0.037421 0.039625 0.037657 0.03595 0.036534 0.044185 0.045797 0.043988 0.043977 0.043845 0.042001 0.04663 0.037374 0.0352 0.037311 0.047212 0.05024 0.055473 0.047432 0.045136 0.040793 0.034303 0.029977 0.027415 0.022648 0.018506 0.019552 0.016914 0.0091173 0.014196 0.013619 0.010228 0.013445 0.016918 0.013899 0.014908 0.018654 0.019142 0.013347 0.013251 0.011001 0.01135 0.011983 0.0094279 0.01154 0.017487 0.014547 0.017798 0.0096184 0.013988 0.015774 0.017554 0.016421 0.01356 0.01402 0.015274 0.019387 0.015751 0.021173 0.016968 0.019229 0.020029 0.023238 0.031496 0.029682 0.029379 0.030814 0.028671 0.028754 0.030172 0.030024 0.030614 0.027868 0.025849 0.021701 0.022232 0.026981 0.028089 0.027257 0.023253 0.020866 0.020821 0.022556 0.020646 0.020097 0.017217 0.017518 0.020422 0.017604 0.015075 0.010388 0.010898 0.010135 0.013334 0.01661 0.018741 0.023408 0.028783 0.037021 0.040033 0.04276 0.047956 0.04292 0.037016 0.036032 0.033732 0.032537 0.037137 0.033175 0.031844 0.030243 0.033466 0.036196 0.042237 0.04571 0.049256 0.059711 0.059985 0.067944 0.080457 0.096917 0.11416 0.12629 0.13608 0.14227 0.12184 0.11678 0.10371 0.087388 0.074633 0.060358 0.04711 0.033852 0.032154 0.026034 0.024707 0.019861 0.021483 0.02167 0.023653 0.022517 0.017484 0.02064 0.016758 0.013918 0.0089743 -0.00054776 0.0023194 0.0059082 0.00011475 -0.001577 -0.005708 -0.0039112 2.7918e-05 -0.0013342 -0.0068791 -0.0085243 -0.010241 -0.0047042 -0.00309 -0.0015855 -0.0057219 -0.0018876 -0.0021712 0.0033794 0.0085841 -0.00072177 -0.0034285 -0.0019123 0.00010349 0.0034595 0.0083632 0.010258 0.0070139 0.005465 0.010576 0.0135 0.018214 0.015013 0.016479 0.020816 0.020019 0.023886 0.023363 0.021544 0.023828 0.028039 0.028828 0.024558 0.028215 0.028603 0.025554 0.019452 0.020794 0.01556 0.017366 0.018343 0.016534 0.01677 0.011636 0.013386 0.014807 0.012421 0.0062015 0.0099117 0.0056714 9.9484e-05 0.0043111 0.0052583 -0.00070698 -0.0074487 -0.0053764 -0.0045191 -0.0063557 -0.0070138 -0.0071423 -0.0067592 -0.00083933 0.0015435 0.0001806 0.0016814 -0.00081802 -0.0046586 -0.00074515 -0.00037231 0.00045366 -0.00045132 -0.0070113 -0.0054009 -0.00077606 -0.00021381 -0.0055829 -0.00039977 -0.0035306 -0.0027904 -0.0039563 -0.0096929 -0.0054299 -0.0053748 -0.0026349 -0.0032681 -0.00066826 -0.00061509 -0.0071821 -4.21e-05 -0.0042059 -0.005548 -0.0065012 -0.011141 -0.0068897 -0.0035342 -0.0038488 -0.0026919 -0.0068659 -0.0054355 0.0024454 -0.00045218 0.00027562 0.0005006 -0.0041108 -0.0063954 -0.0044386 -0.0028255 -0.0053114 -0.006304 -0.0033128 -0.0010522 -0.0029579 -0.002752 -0.0031223 -0.0015247 -0.0030252 -0.0017183 -0.001878 -0.0041272 -0.0073146 0.00065686 0.00092626 0.0028354 -0.0015602 -0.002845 -0.0076616 -0.0082681 -0.0077124 0.0028765 0.0012672 -0.00095935 0.001343 -0.0018775 -0.0016936 -0.0030809 0.0018315 0.00021888 -0.0015549 -0.00053158 -0.0050696 -0.0038161 -0.0092691 -0.004329 -0.0040042 -0.0038356 -0.003052 -0.0025438 -0.0030279 -0.0042221 -0.0041028 -0.0070133 -0.0075487 -0.0036619 -0.0023161 -0.0046007 -0.0036931 -0.0047326 -0.0028918 -0.001142 -0.0020854 -0.0041393 0.00084528 -0.00033353 -0.0072802 -0.0058259 -0.0023581 -0.0043986 -0.0048038 -0.0021085 -0.0007008
0.017691 0.014665 0.014736 0.018846 0.015089 0.016509 0.022094 0.022373 0.021698 0.020127 0.02193 0.023658 0.029269 0.03474 0.037159 0.031809 0.02908 0.029895 0.029833 0.033928 0.031856 0.035966 0.033838 0.042318 0.040236 0.037849 0.04214 0.042128 0.047285 0.0505 0.041626 0.0434 0.053772 0.050034 0.053491 0.049444 0.047818 0.050579 0.051583 0.045009 0.049328 0.051947 0.052179 0.048294 0.048275 0.046233 0.051008 0.053756 0.048478 0.042162 0.044292 0.041793 0.034424 0.040085 0.046119 0.044782 0.054368 0.054868 0.055 0.063725 0.070636 0.074194 0.073743 0.067397 0.069286 0.066996 0.069901 0.06745 0.07367 0.067337 0.053633 0.050039 0.044014 0.042228 0.04217 0.042198 0.05352 0.05763 0.057876 0.051996 0.053959 0.054654 0.051019 0.058588 0.058529 0.060135 0.063724 0.066689 0.070744 0.087098 0.095144 0.093041 0.086415 0.076057 0.067541 0.07281 0.078039 0.078664 0.076432 0.075662 0.070811 0.069703 0.072807 0.071254 0.064029 0.058 0.05605 0.065151 0.069938 0.06795 0.074124 0.077926 0.078662 0.079533 0.095761 0.096552 0.094638 0.092599 0.083734 0.073777 0.065174 0.072931 0.064856 0.05576 0.046861 0.052098 0.049871 0.050598 0.048308 0.041519 0.045004 0.043014 0.043167 0.042402 0.052189 0.053278 0.047546 0.045486 0.046571 0.048488 0.053239 0.052456 0.05043 0.051935 0.058788 0.061579 0.067951 0.067364 0.067558 0.05937 0.054948 0.054664 0.048181 0.045597 0.0404 0.044019 0.043876 0.036057 0.032695 0.034527 0.036393 0.042321 0.045516 0.054836 0.063721 0.067195 0.07047 0.068651 0.063387 0.066211 0.060365 0.048752 0.05135 0.044046 0.04031 0.031392 0.020149 0.01447 0.017681 0.017857 0.024072 0.017912 0.012323 0.019452 0.023205 0.023792 0.021646 0.034538 0.042474 0.049665 0.058639 0.071993 0.076827 0.085518 0.089332 0.090346 0.10358 0.11278 0.12507 0.11871 0.11241 0.10126 0.086189 0.07157 0.052164 0.038154 0.033012 0.021526 0.016813 0.012585 0.014415 0.011622 0.0064607 0.010394 0.0089675 0.0094952 0.010316 0.0089387 0.0080369 0.0094268 0.010276 0.0039542 0.00095925 0.013763 0.01935 0.029089 0.042865 0.048544 0.049404 0.051853 0.055114 0.056398 0.051359 0.041165 0.032614 0.029404 0.022641 0.020899 0.021465 0.027062 0.017136 0.0078806 0.011536 0.0068722 0.0049911 0.0072029 -4.0243e-05 0.0014453 0.0045596 -0.0012517 0.0012073 -0.0038057 -0.0018398 -0.000847 0.0031727 0.011107 0.0095771 0.011293 0.004802 0.0026794 -0.0019827 0.0022984 0.0063866 0.0075419 0.0058624 0.0056112 0.012001 0.016023 0.011748 0.011301 0.012048 0.015797 0.014178 0.011374 0.013817 0.0042294 0.008589 0.0068613 0.012262 0.016494 0.011918 0.010848 0.0081553 0.014328 0.015263 0.019968 0.021678 0.018113 0.014669 0.014721 0.016718 0.019257 0.014542 0.012602 0.01335 0.013417 0.012506 0.013376 0.016624 0.012235 0.014887 0.01059 0.010477 0.012731 0.014494 0.014117 0.013715 0.0083128 0.012995 0.017643 0.025266 0.021431 0.011649 0.013958 0.019515 0.021959 0.019761 0.015445 0.01677 0.014201 0.013216 0.018034 0.017317 0.024575 0.020842 0.019608 0.025062 0.026606 0.026594 0.022883 0.029423 0.031239 0.036015 0.035874 0.039041 0.03696 0.028524 0.031994 0.033714 0.029029 0.026241 0.025348 0.025933 0.029037 0.025709 0.023742 0.027284 0.023572 0.017029 0.021607 0.025291 0.024189 0.019018 0.024158 0.025627 0.024367 0.026919 0.025155 0.029831 0.033296 0.032321 0.032433 0.032679 0.031025 0.032132 0.030443 0.037739 0.034172 0.036837 0.035174 0.03228 0.034422 0.041521 0.043756 0.038837 0.038398 0.039806 0.036548 0.04432 0.033143 0.031856 0.033001 0.044374 0.044253 0.046656 0.037722 0.035341 0.030974 0.025357 0.019991 0.02269 0.01774 0.01481 0.018726 0.015214 0.0081931 0.015642 0.013691 0.010878 0.014146 0.01605 0.013403 0.015304 0.018824 0.017654 0.011579 0.010015 0.010525 0.0097584 0.010764 0.0089598 0.0077897 0.016474 0.013884 0.016626 0.0079308 0.015867 0.018743 0.02106 0.015891 0.013871 0.014083 0.017691 0.018811 0.01273 0.015992 0.012565 0.014231 0.016559 0.02093 0.030003 0.026322 0.028351 0.02984 0.02794 0.026444 0.029494 0.030544 0.029502 0.025603 0.022266 0.019528 0.020092 0.024696 0.025706 0.025726 0.022575 0.018392 0.021947 0.02131 0.020292 0.023295 0.020626 0.018638 0.023199 0.018775 0.017848 0.014333 0.010878 0.0090975 0.012787 0.014329 0.014041 0.020322 0.024227 0.035523 0.039161 0.04367 0.045949 0.035162 0.032359 0.030955 0.028665 0.0266 0.033948 0.029799 0.030536 0.027452 0.029518 0.033182 0.039109 0.045288 0.044928 0.05639 0.055526 0.065724 0.076948 0.092048 0.10558 0.1163 0.1257 0.1311 0.10986 0.1033 0.088502 0.073799 0.063996 0.054784 0.044482 0.032135 0.029633 0.02525 0.024767 0.017658 0.020927 0.020441 0.02088 0.022081 0.015872 0.01768 0.013169 0.0092021 0.0060812 -0.0044363 -0.0041191 0.0033854 0.00052751 -0.0036744 -0.0082999 -0.0070814 -0.001789 6.9742e-06 -0.0055249 -0.0068664 -0.010489 -0.005042 -0.0022169 -0.0019408 -0.0046726 -0.0044719 -0.0017093 0.0045429 0.009226 -0.00058017 -0.0029471 0.0019469 0.0013044 0.0052233 0.0093325 0.01196 0.006104 0.003768 0.01232 0.015159 0.017673 0.013544 0.015601 0.01936 0.019498 0.020124 0.020029 0.018485 0.017221 0.023555 0.025002 0.021454 0.024952 0.02444 0.024651 0.017543 0.020183 0.014673 0.01652 0.013919 0.010634 0.010787 0.0085925 0.015489 0.015109 0.01003 0.0035641 0.0071223 0.0083689 0.0018836 0.0026465 0.0048222 -0.0013326 -0.010493 -0.0086128 -0.0080653 -0.0077612 -0.0088334 -0.0088288 -0.0077276 -0.0013502 0.002357 0.0014523 0.0011769 -0.00012449 -0.0053369 -0.0017159 -0.0010399 0.00067354 0.00021387 -0.0063568 -0.0060911 -0.0024139 -0.00033022 -0.0055619 -0.0013358 -0.0046245 -0.0042344 -0.0055685 -0.012191 -0.0058397 -0.0080433 -0.0041901 -0.0035171 0.00090355 0.0011077 -0.0081502 0.0019227 -0.0028781 -0.0074355 -0.0085931 -0.014437 -0.0087621 -0.0046884 -0.002314 -0.002396 -0.0064689 -0.0045958 0.0043108 0.0019844 0.0021921 0.0023042 -0.0023743 -0.0045187 -0.0063001 -0.0050698 -0.0069279 -0.0075887 -0.0059711 -0.0011262 -5.0069e-05 0.00031699 -0.0052879 -0.0048251 -0.0076555 -0.0027126 0.00038554 -0.0040399 -0.0073392 -0.0011368 -0.0011711 0.0026394 -0.0017899 -0.0045407 -0.0092901 -0.012499 -0.010945 0.0050583 0.0052914 0.0013816 0.0033246 -0.0038917 -0.0060094 -0.0035512 0.0027453 -1.8773e-05 -0.003851 0.003055 -0.0039451 -0.0046423 -0.010864 -0.0032614 -0.00687 -0.0060809 -0.0034428 -0.0019945 -0.00091716 -0.0030955 -0.005927 -0.0093628 -0.0079664 -0.0043634 -0.0020647 -0.0053244 -0.001987 -0.0024093 -0.0018737 -8.9607e-05 -0.00060915 -0.0031446 -0.00011374 -5.1771e-06 -0.0068459 -0.00679 -0.0040765 -0.0057247 -0.0059568 -0.0041203
0.023254 0.013692 0.01663 0.020882 0.015503 0.018824 0.027883 0.026628 0.023832 0.020355 0.024624 0.032641 0.037399 0.040903 0.042074 0.036331 0.03172 0.03617 0.039992 0.044107 0.038841 0.046356 0.045745 0.055065 0.048237 0.044746 0.050203 0.051564 0.056323 0.062451 0.05452 0.054249 0.064372 0.057738 0.063843 0.055589 0.054313 0.060645 0.061944 0.052184 0.059449 0.0585 0.05862 0.054424 0.056102 0.051507 0.058655 0.065042 0.055726 0.048269 0.051701 0.050139 0.039385 0.043998 0.053527 0.054519 0.058883 0.058121 0.059847 0.069871 0.077537 0.081408 0.080538 0.077501 0.077743 0.075682 0.081882 0.074787 0.084588 0.074046 0.055765 0.053389 0.050453 0.046479 0.045222 0.048371 0.059865 0.060814 0.062716 0.058706 0.058762 0.057069 0.05026 0.061055 0.064821 0.066837 0.068687 0.07434 0.07957 0.091549 0.10094 0.095744 0.087169 0.080882 0.072922 0.078552 0.080425 0.078998 0.076 0.076637 0.068956 0.070317 0.074644 0.072028 0.064014 0.055473 0.05352 0.066859 0.071535 0.067944 0.0756 0.07969 0.079171 0.074121 0.095027 0.09708 0.09312 0.093613 0.086418 0.071711 0.063236 0.074346 0.06463 0.053788 0.04752 0.049388 0.050671 0.052121 0.048612 0.040434 0.044463 0.040724 0.041718 0.040282 0.052744 0.054881 0.049305 0.046792 0.048986 0.050649 0.057686 0.052643 0.048792 0.052866 0.059226 0.057411 0.064462 0.064092 0.064092 0.054594 0.051215 0.054716 0.050214 0.046578 0.041474 0.047437 0.045354 0.038564 0.033235 0.033768 0.036859 0.045842 0.05071 0.062533 0.068924 0.072576 0.075837 0.069875 0.060525 0.063946 0.053533 0.044511 0.0486 0.043675 0.044511 0.028855 0.020668 0.014491 0.017648 0.020165 0.02599 0.017737 0.0083663 0.020742 0.028824 0.029189 0.022721 0.037109 0.046651 0.05156 0.059783 0.076423 0.078883 0.088338 0.08826 0.087914 0.10344 0.11395 0.12947 0.11523 0.10277 0.090053 0.076185 0.062242 0.045 0.038893 0.03777 0.0247 0.020723 0.019102 0.016673 0.016344 0.0074418 0.014762 0.012331 0.01018 0.011746 0.0087943 0.0094397 0.011547 0.013234 0.0056858 -0.0029457 0.014289 0.019292 0.027356 0.042627 0.046424 0.042463 0.04213 0.04783 0.050417 0.045176 0.032989 0.030746 0.030345 0.022461 0.02038 0.026293 0.030212 0.01461 0.0055507 0.0080951 0.00028791 -0.00090572 0.0066857 -0.0025635 -0.0015677 0.0025262 -0.0054401 -0.00099221 -0.0081894 -0.0049219 -0.0042358 0.0018665 0.013273 0.0083851 0.013629 0.0074792 0.0055145 0.0020195 0.0056368 0.0070702 0.00747 0.0045177 0.0064971 0.011475 0.017901 0.010035 0.0089107 0.011291 0.016882 0.012938 0.011469 0.012659 -0.0024125 0.0059526 0.0055413 0.011457 0.018268 0.011124 0.012985 0.0082464 0.015269 0.013306 0.019956 0.022082 0.017662 0.012292 0.013862 0.015699 0.019059 0.012791 0.010767 0.011059 0.014946 0.013284 0.0141 0.015226 0.011712 0.011115 0.0019638 0.0085091 0.0099441 0.0094394 0.012099 0.012511 0.0064085 0.0095541 0.013596 0.024235 0.020398 0.0082485 0.015342 0.023098 0.024496 0.022687 0.016627 0.015609 0.010177 0.0089837 0.020026 0.015022 0.023083 0.016523 0.020519 0.025025 0.027485 0.027243 0.023597 0.032147 0.033496 0.035648 0.03458 0.035658 0.035743 0.023668 0.024809 0.030031 0.022771 0.019334 0.022519 0.025285 0.028788 0.025856 0.019729 0.022973 0.018056 0.0087204 0.015081 0.020138 0.019913 0.013 0.021707 0.024645 0.022721 0.027146 0.023404 0.028333 0.033206 0.028276 0.030127 0.024732 0.026765 0.032789 0.028409 0.035993 0.031342 0.034582 0.034324 0.031014 0.034749 0.038884 0.04149 0.032943 0.032041 0.035285 0.029837 0.039026 0.027786 0.028085 0.028571 0.039004 0.034985 0.035554 0.029788 0.026246 0.024104 0.018776 0.010146 0.020928 0.013279 0.010861 0.017672 0.014113 0.0079214 0.017433 0.012298 0.011259 0.014323 0.016688 0.014414 0.015639 0.017691 0.012832 0.0081134 0.0054858 0.0098859 0.0087558 0.0075826 0.0058407 0.0019644 0.014067 0.011852 0.01254 0.0065211 0.018421 0.02207 0.024743 0.014148 0.012803 0.014001 0.020111 0.017438 0.010397 0.0082906 0.0061749 0.0077039 0.011621 0.017021 0.025663 0.019562 0.02348 0.024682 0.024892 0.021095 0.02726 0.029647 0.025795 0.019571 0.014433 0.014064 0.016651 0.019463 0.020883 0.023789 0.02156 0.015794 0.022831 0.016733 0.018572 0.025024 0.024797 0.018428 0.023871 0.018114 0.021521 0.02133 0.012973 0.0081474 0.010919 0.0093742 0.0055794 0.014039 0.016298 0.030328 0.034086 0.042267 0.038474 0.021761 0.024891 0.02231 0.02098 0.01909 0.028193 0.025787 0.031291 0.023739 0.024764 0.02829 0.033772 0.042047 0.036457 0.04724 0.047821 0.058906 0.070836 0.084281 0.091717 0.10063 0.10897 0.11342 0.092528 0.084738 0.070055 0.057987 0.051902 0.048243 0.042831 0.031023 0.024856 0.025239 0.024858 0.015325 0.021089 0.019204 0.016237 0.021212 0.012704 0.012847 0.0068247 0.0017561 0.0025802 -0.0098291 -0.012389 -0.00012935 0.00071621 -0.0054656 -0.011906 -0.009363 -0.002963 2.5398e-07 -0.0049406 -0.0063157 -0.010345 -0.0062124 -0.0030165 -0.00375 -0.0046495 -0.010936 -0.00094992 0.0049567 0.00821 0.00089579 5.8014e-05 0.0091475 0.00346 0.0082968 0.010987 0.011487 0.0038871 0.0022257 0.014169 0.016067 0.018009 0.012648 0.014654 0.018318 0.021354 0.015385 0.015408 0.014741 0.0073003 0.015495 0.017948 0.018245 0.019691 0.016167 0.024219 0.016104 0.019671 0.014516 0.015913 0.008363 0.0032243 0.0034562 0.00681 0.017305 0.013493 0.0045082 0.00047893 0.0012844 0.01035 0.0034398 -0.0011523 0.0046359 0.001586 -0.011362 -0.010382 -0.010747 -0.0087346 -0.01058 -0.0090481 -0.0071867 0.00037787 0.0048321 0.0048611 0.0019355 0.0018057 -0.0037242 -0.0020908 -0.00047603 0.0031279 0.0012348 -0.0071204 -0.0054687 -0.0020534 8.4385e-05 -0.0057668 -0.0030887 -0.0044264 -0.0042903 -0.0069247 -0.015057 -0.0062449 -0.010293 -0.0057072 -0.0027937 0.0036149 0.0054768 -0.0076915 0.0049632 0.00079363 -0.0069988 -0.0083614 -0.018433 -0.009881 -0.0058408 -0.0014936 -0.0014293 -0.0047888 -0.0024574 0.0072684 0.0068488 0.0061565 0.0052113 -0.00052048 -0.0016784 -0.0089398 -0.007924 -0.0087616 -0.0090499 -0.010752 -0.0033398 0.0038684 0.0049228 -0.0083375 -0.0096926 -0.012623 -0.0033132 0.0031992 -0.0045481 -0.007279 -0.0062153 -0.007672 0.0011457 -0.001863 -0.0072636 -0.010239 -0.015296 -0.01409 0.0064634 0.0094997 0.0024566 0.0037169 -0.0072939 -0.014085 -0.0050157 0.0025456 0.0004262 -0.0077267 0.0074789 -0.0029491 -0.0056362 -0.013023 -0.0028426 -0.011203 -0.0094125 -0.0024237 -0.00016199 0.0019569 -0.0044026 -0.010122 -0.012384 -0.0069663 -0.0040525 -0.00094055 -0.0055117 -0.00033188 0.0019337 0.00021149 0.0006786 0.0013891 -0.0018755 -0.0011484 0.00035028 -0.0056264 -0.0081469 -0.0086226 -0.006878 -0.006411 -0.0075189
0.031805 0.011926 0.020229 0.024158 0.016235 0.021346 0.034609 0.035755 0.030222 0.021857 0.028913 0.044933 0.046979 0.048258 0.04559 0.043168 0.034849 0.042592 0.053412 0.058677 0.051438 0.059186 0.062602 0.07015 0.054861 0.050942 0.054872 0.061704 0.063103 0.0756 0.070606 0.06881 0.073252 0.061924 0.072252 0.060463 0.05713 0.069344 0.071725 0.060689 0.069819 0.061302 0.059189 0.057614 0.061245 0.052482 0.064197 0.075884 0.061003 0.052629 0.058991 0.059554 0.045142 0.04997 0.063894 0.068697 0.062897 0.060298 0.068961 0.076441 0.082232 0.084612 0.080678 0.085284 0.083219 0.08447 0.096518 0.082296 0.098732 0.080094 0.059551 0.058145 0.062319 0.055275 0.048977 0.053215 0.063217 0.058348 0.063908 0.06756 0.064351 0.058142 0.049089 0.065136 0.071028 0.073255 0.073495 0.084197 0.091487 0.095929 0.10957 0.10114 0.090543 0.093368 0.087004 0.090147 0.085014 0.079468 0.074033 0.073603 0.06144 0.067514 0.071356 0.066747 0.058452 0.048316 0.045234 0.062889 0.064892 0.063295 0.072875 0.078732 0.076477 0.065325 0.089965 0.094028 0.086168 0.091447 0.089394 0.065966 0.060096 0.074227 0.063344 0.05008 0.048759 0.044094 0.048733 0.050823 0.046221 0.040072 0.042407 0.033729 0.035971 0.034824 0.048218 0.05528 0.049887 0.045917 0.048086 0.048651 0.059495 0.04889 0.043671 0.05477 0.059424 0.048753 0.055131 0.056218 0.054185 0.044751 0.041642 0.049744 0.050594 0.051437 0.045733 0.049956 0.044216 0.041741 0.034775 0.033511 0.036516 0.049249 0.056946 0.069762 0.069273 0.073479 0.080333 0.068055 0.056044 0.062016 0.045572 0.044158 0.046868 0.043077 0.050519 0.023613 0.02291 0.015376 0.017971 0.0233 0.02427 0.015574 0.0020209 0.021211 0.034869 0.034146 0.025374 0.038232 0.050861 0.051039 0.05993 0.08042 0.080595 0.08916 0.085034 0.081986 0.098856 0.11006 0.13373 0.11226 0.092926 0.080504 0.067117 0.051242 0.039655 0.040799 0.043427 0.025352 0.021318 0.022192 0.0145 0.019266 0.0067299 0.018745 0.015837 0.0091627 0.011733 0.0064004 0.0095501 0.013903 0.014514 0.0080667 -0.0093902 0.012727 0.016475 0.021908 0.038667 0.043519 0.036755 0.033257 0.043771 0.049139 0.041656 0.024222 0.032143 0.036841 0.024869 0.022305 0.037864 0.035199 0.011032 0.0060306 0.0073909 -0.0071555 -0.0063201 0.0082768 -0.0039744 -0.005564 0.002095 -0.0078541 -0.0034214 -0.010415 -0.0085974 -0.0044817 0.002902 0.01569 0.0072618 0.019683 0.014975 0.014477 0.014084 0.013932 0.010192 0.0087039 0.00026183 0.0079056 0.010333 0.019228 0.0076454 0.0061391 0.012581 0.017548 0.011985 0.012116 0.010795 -0.011434 0.0034639 0.0028254 0.0094181 0.019623 0.011518 0.017919 0.0093561 0.01864 0.011508 0.020261 0.020831 0.013367 0.0062012 0.010012 0.012669 0.014701 0.0077096 0.0013762 0.003318 0.014232 0.012343 0.014583 0.014596 0.010641 0.0057785 -0.0066089 0.007977 0.0027717 0.00085412 0.0054452 0.0072238 0.0054622 0.0053352 0.0073685 0.02092 0.017345 0.0028852 0.015503 0.02435 0.0242 0.026941 0.016884 0.013049 0.0055944 0.005242 0.024395 0.011541 0.020917 0.012761 0.025489 0.026458 0.028716 0.027952 0.023392 0.036856 0.038918 0.035623 0.034724 0.032802 0.037242 0.020081 0.01583 0.024612 0.016655 0.011477 0.018694 0.024552 0.026665 0.02596 0.013847 0.016305 0.0095906 -0.0025919 0.0041792 0.0084127 0.012059 0.0046446 0.016988 0.023944 0.01822 0.028077 0.022327 0.025748 0.034336 0.02197 0.025396 0.01469 0.023427 0.033151 0.027351 0.033603 0.029776 0.032626 0.036899 0.033245 0.039037 0.036591 0.037997 0.026535 0.025545 0.030056 0.020672 0.028753 0.020041 0.023331 0.024919 0.03087 0.022436 0.023873 0.027112 0.019308 0.020386 0.013163 -0.00047164 0.021479 0.0075098 0.005357 0.014379 0.012787 0.007163 0.017838 0.007352 0.010254 0.013626 0.021657 0.01906 0.017629 0.015213 0.0042036 0.0018611 0.0015575 0.0099802 0.010182 0.0033884 -0.0013429 -0.0050098 0.01067 0.0071213 0.0024205 0.0061176 0.022013 0.026062 0.027516 0.010812 0.0094511 0.01371 0.022172 0.017375 0.01199 0.00013045 -0.00023377 0.00088428 0.0062476 0.013161 0.018346 0.01096 0.015638 0.014684 0.020443 0.011797 0.023702 0.027479 0.019628 0.009504 0.00091779 0.0034488 0.013081 0.011771 0.014703 0.023359 0.020997 0.015333 0.023513 0.0069419 0.014824 0.024707 0.02956 0.015796 0.020429 0.014571 0.025848 0.032921 0.019677 0.0082928 0.0080062 0.0023263 -0.0059446 0.0047265 0.0056895 0.021927 0.024454 0.037927 0.023076 0.0028928 0.013024 0.0079206 0.0095403 0.011856 0.01716 0.018042 0.034237 0.017447 0.018156 0.018061 0.023063 0.033178 0.021831 0.030834 0.036201 0.046404 0.061097 0.075053 0.074354 0.081789 0.087601 0.090433 0.07032 0.060278 0.050003 0.041157 0.037682 0.038468 0.041204 0.028648 0.013774 0.023378 0.023587 0.011837 0.021543 0.018322 0.010447 0.021038 0.0093836 0.0077918 -0.0012541 -0.0083292 -0.0025597 -0.018329 -0.021528 -0.0035341 0.00013041 -0.0057419 -0.0166 -0.0091259 -0.0022133 -0.0043876 -0.0081838 -0.010154 -0.010071 -0.0079917 -0.0064269 -0.0073339 -0.0074905 -0.023866 -0.00053591 0.0043993 0.0055723 0.0042423 0.006295 0.019734 0.0087113 0.014697 0.015494 0.0077618 0.00057043 0.0011957 0.015941 0.016375 0.020255 0.014748 0.014652 0.019874 0.027417 0.0099068 0.010344 0.01097 -0.0042238 0.004108 0.005845 0.015986 0.011351 0.00074141 0.024006 0.014114 0.017325 0.01236 0.014399 0.0026702 -0.0029607 -0.0047409 0.0058578 0.01522 0.0075538 -0.0040741 -0.0029222 -0.008835 0.0066329 0.0024854 -0.0064462 0.0049803 0.010415 -0.0075028 -0.0088191 -0.010323 -0.0087195 -0.011535 -0.0059515 -0.0045917 0.004759 0.008782 0.010658 0.0047866 0.0048882 0.0016318 -0.0024581 0.0024705 0.0097541 0.001258 -0.012033 -0.0033996 0.0010908 0.0017752 -0.0074505 -0.0081964 -0.0041277 -0.0018842 -0.0082399 -0.020373 -0.0081412 -0.010317 -0.0088745 -0.0041783 0.0052477 0.012459 -0.0067973 0.0095353 0.0092165 -0.00093836 -0.0042073 -0.024071 -0.010179 -0.0066008 -0.00098007 0.0007777 -0.0015649 0.0015804 0.010728 0.013242 0.011501 0.0090846 -0.00025226 0.00014251 -0.013142 -0.011242 -0.010214 -0.011268 -0.018883 -0.0095192 0.0076108 0.01043 -0.011034 -0.015268 -0.016315 -0.0027853 0.0072878 -0.0057901 -0.007706 -0.016478 -0.019987 -0.002709 -0.0028319 -0.0099195 -0.0096404 -0.014155 -0.015227 0.0073429 0.012611 0.00030114 0.001447 -0.011738 -0.025116 -0.0078386 0.00043439 0.0023498 -0.01466 0.011446 -0.0021417 -0.0050806 -0.014314 -0.002758 -0.017237 -0.013372 0.00087108 0.0037281 0.0054001 -0.009285 -0.017348 -0.016286 -0.004219 -0.0016403 0.00070723 -0.0041364 0.00081335 0.0081747 0.0017935 -0.0008377 0.0027007 -0.0001104 -0.0006551 0.00086645 -0.003857 -0.0096301 -0.01774 -0.0082523 -0.0064682 -0.011855
0.015531 0.018666 0.014594 0.0021626 0.0027901 0.0032906 0.0048647 0.0050103 0.014069 0.024246 0.031206 0.034648 0.036542 0.030054 0.035124 0.031326 0.031578 0.03595 0.036335 0.038496 0.027747 0.016648 0.017738 0.024598 0.027752 0.027881 0.028603 0.024858 0.026989 0.025834 0.02872 0.031518 0.02916 0.021893 0.020673 0.012235 0.0092291 0.0018429 -0.0022131 -0.0018492 0.0052092 0.0073326 0.00049867 -0.005372 -0.0047892 -0.003674 -0.0057964 -0.012687 -0.010069 -0.0095544 0.0016249 0.010319 0.02004 0.020079 0.018184 0.013458 0.022911 0.027252 0.031123 0.027396 0.020324 0.021074 0.018078 0.023182 0.022167 0.020382 0.022514 0.029543 0.03308 0.030707 0.028303 0.027596 0.028071 0.029797 0.034539 0.03068 0.028497 0.025787 0.022545 0.021982 0.020385 0.025949 0.033148 0.032922 0.03348 0.028435 0.029446 0.038291 0.046041 0.054922 0.059117 0.057248 0.064841 0.067359 0.066974 0.070216 0.072321 0.071125 0.067883 0.066591 0.068716 0.059853 0.055661 0.054324 0.052607 0.047907 0.047176 0.038083 0.042755 0.04137 0.044587 0.047972 0.04922 0.055881 0.055774 0.058646 0.050328 0.057539 0.058292 0.060416 0.059466 0.0644 0.059119 0.056714 0.057486 0.056744 0.046935 0.043667 0.052588 0.049656 0.050748 0.044809 0.039308 0.041234 0.043953 0.040359 0.041552 0.05039 0.044057 0.041991 0.049249 0.048927 0.04302 0.044755 0.049077 0.045621 0.048294 0.04807 0.048019 0.051492 0.059729 0.059216 0.051917 0.044932 0.047573 0.044611 0.050468 0.039534 0.037662 0.040094 0.035501 0.034732 0.034098 0.033285 0.036106 0.034875 0.041233 0.045732 0.048523 0.04729 0.046489 0.044661 0.036585 0.040433 0.044086 0.042622 0.03713 0.035788 0.046053 0.03908 0.036195 0.0412 0.0352 0.032794 0.034495 0.02944 0.022475 0.02552 0.028271 0.030151 0.037776 0.040755 0.04473 0.039143 0.048002 0.056769 0.067766 0.0802 0.083161 0.08365 0.087725 0.088709 0.081344 0.079271 0.072713 0.068596 0.067286 0.069428 0.061854 0.066389 0.060533 0.050417 0.04581 0.042601 0.041095 0.038313 0.035363 0.037438 0.025393 0.024223 0.025716 0.022607 0.023682 0.029191 0.031409 0.044254 0.050677 0.049396 0.060976 0.069958 0.067645 0.07449 0.073242 0.073262 0.076831 0.076636 0.076931 0.074505 0.067971 0.067514 0.064362 0.063686 0.064071 0.057981 0.054085 0.040671 0.036482 0.040278 0.034164 0.031014 0.029874 0.023895 0.021238 0.030215 0.023006 0.013194 0.020063 0.019073 0.011068 0.010296 0.0089854 0.0070511 0.006749 0.010019 0.010088 0.017419 0.018899 0.019039 0.013688 0.0052864 0.0029004 0.0047483 0.0091118 0.01259 0.015518 0.0072744 0.0094526 0.01593 0.021637 0.020464 0.016139 0.0089726 0.015943 0.019633 0.02703 0.026002 0.025014 0.027198 0.018521 0.01629 0.022098 0.027505 0.026801 0.024957 0.021069 0.019418 0.022813 0.020796 0.016959 0.021397 0.023767 0.023771 0.026992 0.030318 0.022495 0.024683 0.028932 0.023554 0.021412 0.025692 0.028965 0.023363 0.023882 0.023367 0.023302 0.028871 0.029747 0.027087 0.032321 0.032535 0.023085 0.028581 0.025463 0.030533 0.029093 0.030572 0.035315 0.03562 0.033587 0.037261 0.041296 0.042696 0.039612 0.044594 0.049369 0.053515 0.055822 0.054093 0.053643 0.057276 0.048343 0.050106 0.049739 0.054206 0.053792 0.05113 0.045933 0.051729 0.052111 0.053872 0.042958 0.043828 0.044289 0.043562 0.039052 0.042009 0.047427 0.042158 0.039101 0.035401 0.034778 0.036147 0.035464 0.041539 0.041901 0.04161 0.045324 0.04407 0.045631 0.050981 0.048768 0.052409 0.05862 0.062188 0.062094 0.068012 0.065431 0.068609 0.072393 0.072438 0.073441 0.07356 0.087592 0.091425 0.10364 0.10674 0.10357 0.10254 0.10479 0.10507 0.10451 0.10104 0.088446 0.090562 0.084883 0.076042 0.06923 0.065022 0.061048 0.063746 0.058918 0.056988 0.058995 0.054096 0.043752 0.043925 0.043072 0.03533 0.038438 0.040931 0.042246 0.036453 0.026644 0.025738 0.026835 0.028991 0.029731 0.026746 0.025346 0.022837 0.019179 0.016281 0.018911 0.020406 0.02513 0.02501 0.019733 0.015303 0.020097 0.020318 0.015483 0.022397 0.019419 0.021107 0.019861 0.021153 0.026353 0.023638 0.028812 0.024654 0.028103 0.026577 0.02463 0.018383 0.02485 0.028694 0.02688 0.01519 0.0084773 0.013484 0.018703 0.022133 0.027349 0.024186 0.017829 0.019219 0.015896 0.0079456 0.015476 0.018583 0.017081 0.020007 0.022742 0.020252 0.017619 0.02411 0.021394 0.016155 0.017855 0.022931 0.01765 0.026887 0.025777 0.023451 0.026575 0.027274 0.027536 0.024247 0.023134 0.026551 0.031502 0.041437 0.037517 0.031652 0.033866 0.027721 0.032836 0.036307 0.036741 0.04015 0.038342 0.044363 0.036967 0.043429 0.045256 0.05371 0.054831 0.050793 0.048523 0.046556 0.051516 0.049125 0.039952 0.043706 0.043103 0.043225 0.04023 0.040646 0.032236 0.030261 0.023979 0.021596 0.018878 0.021361 0.020228 0.014929 0.011321 0.014268 0.018162 0.013404 0.011431 0.0056812 0.013063 0.018879 0.018903 0.024233 0.022896 0.017476 0.015801 0.012732 0.018752 0.014948 0.01542 0.01242 0.014023 0.019223 0.017176 0.018921 0.012204 0.014111 0.016227 0.016633 0.01512 0.011156 0.016318 0.016932 0.013977 0.020096 0.025447 0.026884 0.030052 0.026473 0.03108 0.028066 0.03395 0.040585 0.039137 0.040312 0.042357 0.043209 0.043496 0.038856 0.039612 0.041629 0.037462 0.035156 0.034689 0.031031 0.039033 0.036948 0.026614 0.026678 0.0378 0.033749 0.034575 0.03176 0.033013 0.030224 0.030124 0.01392 0.013196 0.010526 0.010618 0.021587 0.024933 0.021483 0.020862 0.01912 0.02013 0.02545 0.02266 0.01522 0.013046 0.012533 0.016746 0.014262 0.0075384 0.013972 0.015709 0.008979 0.014465 0.016938 0.011888 0.014284 0.014925 0.012453 0.011806 0.016545 0.02 0.0072155 0.0036604 0.0010834 0.0035091 0.0074516 0.007929 0.0095042 0.0050294 0.010698 0.0039993 0.001546 0.0090814 0.0064249 0.0025081 0.0032115 0.0056471 0.011749 0.0094911 0.0092085 0.0054954 0.0073612 0.0056079 0.00082646 0.00043936 0.0044435 0.0014509 -0.004071 -0.0028876 -0.0014087 -0.0060562 -0.00054739 -0.0060252 -0.0011774 0.0020942 0.0029165 0.0070371 0.0037787 0.0042561 0.0074651 0.0056646 0.0021319 0.0036005 0.0095408 0.010264 0.0085185 0.0063245 0.0042776 0.0032436 0.0015181 0.0010834 0.0047619 0.0062048 0.0072169 0.003154 -0.0017719 0.0032662 0.0081806 0.0037334 0.0048243 0.0026567 -0.00054908 -0.00058419 -0.0024464 -0.0013795 0.0045873 0.0012391 -0.00055244 -0.001365 -0.0012185 0.0047055 0.0087543 0.0068465 0.0024235 0.001903 0.0056337 0.0035377 -0.001197 -0.0009115 0.0020192 0.0053205 0.0094096 0.0047844 0.00065222
0.0059647 0.0091586 0.0071094 -0.0012558 -0.0027814 -0.0025774 -0.0012778 0.0029938 0.012292 0.023855 0.028989 0.03106 0.033827 0.02863 0.034566 0.036363 0.039176 0.04359 0.042429 0.041574 0.032639 0.021095 0.020367 0.025619 0.027681 0.029225 0.033627 0.030982 0.033704 0.035867 0.036866 0.038424 0.036156 0.029407 0.024135 0.013959 0.0096839 0.0028237 -0.0036551 -0.0054646 -0.0010065 0.0006662 -0.0041904 -0.0064111 -0.0054383 -0.0034049 -0.0068147 -0.010326 -0.007548 -0.0064117 0.0036328 0.010761 0.021213 0.02221 0.01941 0.015974 0.022987 0.025051 0.028681 0.026126 0.022345 0.02331 0.023058 0.026788 0.025649 0.025823 0.03082 0.035116 0.037624 0.034448 0.032837 0.030889 0.030487 0.032244 0.036615 0.031001 0.028717 0.027871 0.025995 0.027125 0.028313 0.030628 0.037816 0.040855 0.043035 0.041033 0.044867 0.051373 0.056414 0.066513 0.069778 0.06783 0.074224 0.073145 0.07345 0.074124 0.07437 0.072261 0.068795 0.064502 0.064226 0.059398 0.055155 0.055197 0.053273 0.048805 0.051151 0.043098 0.045923 0.045921 0.04931 0.054086 0.055724 0.060902 0.061194 0.062697 0.056317 0.063242 0.063958 0.064914 0.064473 0.065522 0.059246 0.059374 0.057682 0.055376 0.045936 0.045806 0.054394 0.05149 0.05119 0.046354 0.044094 0.045596 0.04633 0.042927 0.044859 0.050316 0.047356 0.047899 0.054473 0.056668 0.049815 0.052513 0.055562 0.054224 0.054706 0.056657 0.05499 0.053181 0.059611 0.058647 0.052168 0.046766 0.047266 0.044418 0.046132 0.03984 0.037317 0.03949 0.036792 0.035778 0.036381 0.03639 0.04107 0.041899 0.045833 0.049782 0.052517 0.053247 0.049899 0.045006 0.038342 0.041242 0.042927 0.041616 0.036706 0.031946 0.039813 0.035953 0.033151 0.03627 0.031638 0.03145 0.033552 0.030533 0.026558 0.029526 0.036721 0.040357 0.04791 0.051562 0.056953 0.05657 0.066994 0.074259 0.081619 0.092741 0.094231 0.09559 0.095474 0.092047 0.084133 0.079958 0.070983 0.061165 0.057728 0.058206 0.050655 0.0536 0.049295 0.040587 0.033437 0.031212 0.030245 0.027575 0.026237 0.026753 0.021113 0.021951 0.024494 0.023985 0.027579 0.037604 0.04406 0.05764 0.064377 0.064408 0.074567 0.079236 0.077711 0.08047 0.077222 0.073174 0.076342 0.073458 0.070128 0.067308 0.059327 0.057944 0.055744 0.055616 0.054628 0.047022 0.044361 0.032512 0.030073 0.033547 0.029822 0.025055 0.023595 0.018439 0.016422 0.024411 0.015937 0.0079925 0.015284 0.01566 0.0091714 0.0082252 0.0073545 0.0077055 0.008154 0.009141 0.0076722 0.011297 0.015013 0.017246 0.014031 0.0072431 0.0050448 0.0053303 0.010631 0.012996 0.016362 0.011036 0.011214 0.017154 0.024037 0.02459 0.021295 0.0148 0.01656 0.022347 0.029113 0.029011 0.024952 0.026012 0.020602 0.019241 0.022148 0.025958 0.025843 0.024482 0.021661 0.019663 0.020046 0.018395 0.01697 0.02082 0.023791 0.025033 0.026094 0.026572 0.023144 0.025058 0.029364 0.02454 0.021725 0.024907 0.028609 0.027378 0.025904 0.022067 0.024105 0.027498 0.028206 0.027496 0.032214 0.0316 0.023525 0.027076 0.026323 0.031931 0.0304 0.02983 0.036141 0.035304 0.033595 0.038618 0.043203 0.045302 0.042482 0.049364 0.054398 0.056081 0.058072 0.056811 0.05617 0.060185 0.053635 0.051619 0.049841 0.05204 0.05188 0.051582 0.045142 0.047196 0.049345 0.050238 0.04182 0.041879 0.041164 0.041595 0.03973 0.041536 0.046539 0.041738 0.03682 0.03147 0.032583 0.033776 0.035715 0.040518 0.044737 0.046131 0.051105 0.046568 0.047531 0.050156 0.05099 0.055917 0.060286 0.063261 0.061095 0.065693 0.064575 0.066409 0.072574 0.075403 0.080301 0.080434 0.089891 0.094092 0.10387 0.10463 0.10312 0.097106 0.09926 0.095854 0.092573 0.088216 0.077159 0.07792 0.073076 0.06442 0.057277 0.052228 0.048031 0.05128 0.045357 0.044 0.046284 0.041117 0.033163 0.035351 0.034744 0.028512 0.029383 0.032232 0.033106 0.028393 0.022425 0.022457 0.021999 0.022214 0.023879 0.020512 0.020006 0.01909 0.018676 0.01668 0.017968 0.019791 0.021283 0.020908 0.015985 0.012424 0.016881 0.01815 0.013602 0.020795 0.020477 0.019963 0.018406 0.017862 0.02294 0.018131 0.022503 0.0207 0.025581 0.022971 0.021555 0.01544 0.020124 0.020909 0.018758 0.011361 0.0058799 0.0093871 0.012616 0.016666 0.021472 0.017005 0.0092311 0.013479 0.010658 0.0044424 0.010952 0.013253 0.012394 0.013101 0.017178 0.013976 0.01272 0.018019 0.017721 0.015773 0.017542 0.023312 0.021088 0.026394 0.023481 0.02084 0.026005 0.024573 0.023592 0.022745 0.021776 0.026189 0.033541 0.043054 0.039869 0.03748 0.042481 0.036818 0.043727 0.048274 0.05144 0.055049 0.048538 0.050328 0.045314 0.047644 0.047029 0.051716 0.051288 0.045804 0.042397 0.04128 0.042568 0.039189 0.031606 0.034459 0.033649 0.03406 0.031513 0.031941 0.025307 0.02478 0.018843 0.015198 0.013945 0.018585 0.018473 0.014268 0.010802 0.013258 0.014991 0.01069 0.0087223 0.0070478 0.012282 0.019631 0.017065 0.021777 0.021434 0.01962 0.017555 0.015459 0.018273 0.014165 0.01622 0.011129 0.012615 0.017684 0.016522 0.017909 0.015426 0.015117 0.016054 0.016194 0.015053 0.0143 0.017711 0.019001 0.016206 0.021709 0.025768 0.025923 0.028812 0.028156 0.031142 0.028416 0.0359 0.039722 0.035808 0.037152 0.040228 0.039291 0.038138 0.033539 0.034016 0.034386 0.031681 0.031431 0.029406 0.029435 0.037242 0.032918 0.024926 0.02166 0.030725 0.027369 0.025623 0.020644 0.021243 0.020598 0.020669 0.0096209 0.0099914 0.0097619 0.0068445 0.015316 0.018995 0.016659 0.016008 0.01401 0.014647 0.016318 0.014821 0.010881 0.010581 0.0096257 0.01233 0.0086741 0.0041793 0.0088019 0.0079883 0.0056386 0.011148 0.012229 0.008656 0.0097247 0.007669 0.0070937 0.0081849 0.013876 0.01635 0.0075742 0.0026864 -5.7971e-05 0.0021626 0.0052848 0.0080259 0.010228 0.0062201 0.0084514 0.00324 0.0003489 0.006383 0.0051652 0.0006815 0.0029875 0.0045788 0.0079696 0.0082262 0.0070248 0.0055623 0.0046942 0.0037369 0.00062639 -0.00034742 0.0034434 0.0021143 -0.0045531 -0.0029098 0.0012011 -0.0033621 0.0026317 -0.0037998 -0.0018067 0.0012792 0.0014733 0.0032874 0.0028956 0.0038246 0.0064042 0.0015794 -0.0025367 0.00069219 0.0045791 0.0056109 0.0050062 0.0023907 1.1502e-05 0.0015986 0.00079087 -0.0016154 0.0025135 0.0053663 0.0062624 0.0039744 -0.00051694 0.0034874 0.0070933 0.0039234 0.0054992 0.0032528 0.0004857 -0.00091424 -0.0020738 -8.0034e-05 0.0045508 0.0026127 0.001616 -0.0011703 -0.0011104 0.0028775 0.0084834 0.0061655 0.0016941 0.0019758 0.0039015 0.0037324 0.00091994 0.00041725 0.0032718 0.0044239 0.0055277 0.0027206 0.00028601
-0.0036072 0.0030675 0.003863 0.0039652 0.0003824 -0.0037298 -0.0041492 -0.0022912 0.0039207 0.012005 0.023231 0.027113 0.028431 0.032308 0.029436 0.035439 0.041619 0.045855 0.049006 0.045652 0.042568 0.03594 0.025582 0.023018 0.026392 0.02709 0.029532 0.034715 0.032937 0.037707 0.041586 0.041295 0.042037 0.040086 0.034081 0.026713 0.014637 0.0098144 0.0044179 -0.0028913 -0.006819 -0.0042862 -0.001912 -0.0045768 -0.0043947 -0.0028755 -0.00076613 -0.00438 -0.0064065 -0.0035904 -0.0015215 0.007108 0.012446 0.02186 0.023748 0.019922 0.019249 0.023318 0.024814 0.028539 0.026202 0.02465 0.025152 0.026993 0.030329 0.030632 0.030783 0.036436 0.038877 0.041262 0.036733 0.036077 0.033034 0.032699 0.035068 0.038762 0.032104 0.030165 0.03103 0.030795 0.033904 0.03844 0.038923 0.045136 0.051468 0.054997 0.05529 0.061263 0.065635 0.068146 0.077092 0.077451 0.075496 0.079863 0.076695 0.075836 0.074356 0.072905 0.070024 0.06596 0.060758 0.059161 0.057384 0.053794 0.054899 0.053819 0.050103 0.054306 0.048167 0.051058 0.052016 0.05666 0.061083 0.062562 0.065134 0.06562 0.064479 0.06004 0.065837 0.066936 0.066496 0.064602 0.062701 0.056677 0.058613 0.055544 0.052389 0.044594 0.04658 0.054739 0.052687 0.051532 0.048471 0.049338 0.050042 0.049633 0.046677 0.048075 0.050775 0.050419 0.053242 0.05851 0.062752 0.055744 0.059438 0.060934 0.060428 0.059448 0.061399 0.058473 0.053577 0.057591 0.055589 0.049478 0.045645 0.044773 0.043267 0.042269 0.041583 0.039334 0.040335 0.039385 0.038436 0.040941 0.0417 0.046005 0.048073 0.050255 0.052351 0.053332 0.054665 0.049467 0.043023 0.037516 0.037916 0.037572 0.037383 0.033729 0.028235 0.033599 0.03178 0.030379 0.032627 0.030333 0.031309 0.034703 0.034523 0.033273 0.037171 0.046862 0.052808 0.061627 0.067117 0.072792 0.076123 0.087097 0.092202 0.095704 0.10231 0.10021 0.10041 0.09589 0.088714 0.07913 0.073578 0.064036 0.050881 0.045495 0.044526 0.038381 0.040493 0.037327 0.031038 0.023534 0.021798 0.019604 0.017097 0.017749 0.0184 0.018592 0.022393 0.026919 0.030348 0.037012 0.050191 0.059247 0.070274 0.076135 0.076537 0.083174 0.083865 0.08257 0.080777 0.076469 0.069253 0.070099 0.065233 0.059748 0.056918 0.04842 0.046078 0.044236 0.043806 0.043151 0.034983 0.033346 0.023714 0.02244 0.025912 0.024026 0.019454 0.017168 0.012914 0.011122 0.018176 0.0096724 0.0039802 0.012078 0.013547 0.0087938 0.007992 0.0063404 0.0078431 0.0087352 0.0081357 0.0057739 0.006791 0.011965 0.015207 0.013952 0.0087112 0.0072853 0.0067486 0.012567 0.014355 0.018103 0.014588 0.013414 0.01758 0.024566 0.025801 0.024456 0.01876 0.017718 0.023989 0.02882 0.0283 0.021779 0.023282 0.021614 0.020744 0.020799 0.023853 0.024365 0.024198 0.022348 0.019809 0.018312 0.016409 0.016828 0.019941 0.023262 0.025405 0.024607 0.024285 0.023381 0.02447 0.029535 0.025617 0.022762 0.024274 0.027273 0.028922 0.026388 0.020666 0.024549 0.025486 0.026525 0.028486 0.032351 0.030915 0.023974 0.026617 0.026753 0.032278 0.032417 0.032382 0.038896 0.038216 0.036845 0.040638 0.045151 0.047601 0.045939 0.053102 0.057117 0.056519 0.058324 0.056882 0.055318 0.059237 0.055069 0.050369 0.04676 0.04807 0.047168 0.048881 0.042903 0.042374 0.045514 0.044947 0.039036 0.039363 0.037913 0.03917 0.03836 0.039402 0.043905 0.040698 0.03533 0.031049 0.034167 0.035026 0.038189 0.041269 0.047047 0.049771 0.054298 0.048611 0.049008 0.050105 0.051757 0.057626 0.060396 0.062371 0.059869 0.06426 0.065987 0.06803 0.075503 0.080075 0.085804 0.085027 0.089845 0.092787 0.098435 0.096197 0.096192 0.086025 0.087411 0.081712 0.075753 0.071614 0.063772 0.063042 0.059332 0.052334 0.045718 0.041717 0.036663 0.038948 0.03359 0.031884 0.034234 0.030925 0.025947 0.02845 0.028111 0.023793 0.022838 0.024786 0.025533 0.021506 0.018232 0.019504 0.018558 0.016486 0.019276 0.016516 0.015623 0.016767 0.018618 0.016731 0.017915 0.019423 0.018037 0.018134 0.013751 0.010989 0.014629 0.015383 0.012347 0.018414 0.019721 0.018048 0.017112 0.015251 0.019965 0.01472 0.017001 0.017091 0.021897 0.019273 0.018486 0.012177 0.016076 0.014336 0.012784 0.0093955 0.0048344 0.0071315 0.0083057 0.011714 0.015671 0.010888 0.0036338 0.0098196 0.0081333 0.0042346 0.009048 0.010096 0.010409 0.010475 0.015173 0.012871 0.013436 0.016803 0.018276 0.019613 0.021353 0.026879 0.02679 0.0292 0.026129 0.023386 0.028646 0.024903 0.023807 0.024938 0.025721 0.030391 0.039735 0.049625 0.048562 0.049154 0.055056 0.050641 0.05786 0.061185 0.065338 0.066623 0.055714 0.053613 0.05015 0.049485 0.045586 0.046596 0.044871 0.038761 0.035318 0.033536 0.032738 0.029911 0.024711 0.02643 0.026007 0.026228 0.023977 0.023832 0.018302 0.01974 0.014601 0.010105 0.010043 0.014766 0.015783 0.013428 0.010368 0.012095 0.011736 0.0078847 0.0068031 0.0072824 0.010851 0.018865 0.014893 0.019441 0.018869 0.018836 0.016174 0.014881 0.016153 0.012821 0.016149 0.01011 0.01027 0.014737 0.016371 0.017459 0.018031 0.016093 0.017534 0.017625 0.016085 0.017507 0.020282 0.021517 0.019912 0.024324 0.027047 0.026008 0.028801 0.029394 0.030878 0.029385 0.036472 0.036937 0.031946 0.033466 0.037048 0.034574 0.031562 0.026805 0.027988 0.027616 0.026489 0.025222 0.022012 0.026105 0.033408 0.027738 0.022778 0.01684 0.023824 0.021069 0.017668 0.01275 0.013607 0.014133 0.013398 0.0078312 0.0088048 0.010642 0.0051465 0.0095465 0.01315 0.013324 0.01194 0.010138 0.010768 0.0090707 0.0086581 0.007995 0.0090005 0.007992 0.008653 0.0051891 0.001962 0.0051235 0.0032477 0.0046325 0.0086572 0.0084788 0.0056412 0.0057668 0.0018653 0.003027 0.0050387 0.010774 0.013059 0.0070445 0.0014287 -0.00068047 0.00093743 0.0035248 0.0082963 0.011342 0.0077383 0.0059654 0.0024376 0.00025724 0.0040539 0.0040163 -0.00058167 0.002583 0.0034009 0.0052465 0.0070801 0.0055375 0.0043218 0.0018683 0.0023153 0.00087027 -0.0010565 0.0023138 0.0019274 -0.0049861 -0.004272 0.0016403 -0.00090826 0.0037964 -0.0010225 -0.0026462 -0.0016043 -0.0013237 0.00013736 0.0018912 0.0022544 0.0044166 -0.00070169 -0.0045211 -0.00088503 0.0015355 0.0028643 0.0021867 -0.00081154 -0.0039632 1.0332e-05 -0.00038538 -0.0026605 0.0020524 0.0051125 0.0050032 0.0035057 -0.00081448 0.0026601 0.004814 0.0036123 0.0050879 0.0037991 0.00089475 -0.0013012 -0.0010836 0.0010903 0.0039255 0.0035347 0.002357 -0.0013059 -0.00083303 0.0013078 0.0068964 0.0044565 0.00090815 0.001975 0.0026352 0.0035187 0.0018999 0.0011651 0.0030657 0.0036375 0.002102 0.0007371
0.023397 0.012147 0.0015265 0.0074515 0.0050752 0.0067666 0.0067562 0.00048753 -0.00032605 0.0021863 0.0080311 0.013823 0.022869 0.025545 0.026491 0.032046 0.030791 0.036081 0.044791 0.048622 0.049879 0.044431 0.040497 0.036236 0.028502 0.024563 0.026026 0.025245 0.02779 0.031889 0.030926 0.03751 0.041748 0.040346 0.041236 0.039728 0.034685 0.026912 0.014175 0.0099721 0.0066116 0.00018792 -0.0051632 -0.0041385 -0.00063915 -0.0010998 6.5793e-05 0.0020331 0.0040972 0.00095663 -0.00067907 0.0022728 0.005482 0.012666 0.016448 0.023397 0.02543 0.020829 0.023471 0.025069 0.02685 0.03081 0.028615 0.028367 0.028009 0.031135 0.034007 0.036002 0.034952 0.039438 0.040765 0.043041 0.03741 0.037734 0.034345 0.034925 0.037902 0.04144 0.035016 0.03292 0.034911 0.036832 0.041783 0.049024 0.04991 0.054701 0.063306 0.067622 0.068904 0.075284 0.078171 0.078946 0.085183 0.081825 0.079194 0.081169 0.076945 0.074122 0.071163 0.068735 0.065479 0.060622 0.056092 0.05426 0.054965 0.052675 0.054875 0.055457 0.053041 0.058405 0.054048 0.057994 0.059642 0.065199 0.0681 0.069292 0.06863 0.068915 0.064441 0.06117 0.065717 0.066664 0.064802 0.060876 0.057787 0.052127 0.055111 0.051641 0.049062 0.043697 0.046722 0.054077 0.053198 0.050931 0.050109 0.053401 0.05374 0.053003 0.051137 0.051497 0.052266 0.05361 0.057988 0.061396 0.066602 0.060188 0.064245 0.064249 0.063779 0.062089 0.061919 0.058509 0.052417 0.054135 0.051121 0.045069 0.042666 0.041161 0.041531 0.039479 0.043954 0.043377 0.043337 0.04346 0.04281 0.047365 0.048604 0.050885 0.052477 0.053471 0.052822 0.051175 0.051631 0.045818 0.0388 0.034134 0.032149 0.030203 0.031418 0.029036 0.024853 0.028503 0.028011 0.028686 0.030985 0.031871 0.033018 0.038635 0.041479 0.042642 0.048137 0.058316 0.066709 0.07803 0.086037 0.091203 0.095957 0.10551 0.1076 0.10674 0.10588 0.099024 0.096044 0.087602 0.07758 0.066872 0.060349 0.052437 0.038554 0.03198 0.030322 0.026374 0.028479 0.025857 0.021995 0.016148 0.015003 0.010858 0.0086262 0.011514 0.013658 0.019133 0.027058 0.034329 0.041933 0.051438 0.065113 0.074066 0.079728 0.082978 0.08261 0.084347 0.082403 0.080917 0.075075 0.070544 0.061361 0.059762 0.054116 0.047559 0.045399 0.036864 0.033641 0.032139 0.030972 0.031212 0.023845 0.022441 0.015836 0.015066 0.017979 0.017697 0.014827 0.011687 0.0084016 0.0068951 0.012947 0.0050862 0.0018442 0.010268 0.012584 0.0095488 0.0089323 0.006234 0.0081199 0.0090604 0.0077138 0.0055206 0.004298 0.010191 0.01385 0.013753 0.0096474 0.0095413 0.0090529 0.014852 0.015853 0.019634 0.017344 0.015766 0.017653 0.023367 0.02441 0.025442 0.020615 0.018833 0.023808 0.026147 0.023976 0.017095 0.019121 0.021214 0.020733 0.019081 0.021664 0.022589 0.023932 0.022495 0.019251 0.017487 0.0146 0.015857 0.018986 0.022396 0.025133 0.023103 0.023747 0.023236 0.022892 0.028804 0.025919 0.023773 0.023651 0.025199 0.028077 0.025403 0.019462 0.024283 0.023791 0.025647 0.029313 0.032091 0.03024 0.024665 0.027066 0.027476 0.032214 0.035133 0.037186 0.042748 0.042804 0.041884 0.043082 0.046622 0.0491 0.049074 0.05494 0.056482 0.054074 0.055498 0.053536 0.051172 0.054719 0.052802 0.046548 0.041048 0.042756 0.04118 0.044015 0.040283 0.037951 0.040477 0.039361 0.035778 0.037018 0.035266 0.036408 0.036166 0.036727 0.04038 0.039753 0.035322 0.033703 0.038349 0.038681 0.04236 0.042971 0.048679 0.052165 0.055519 0.050405 0.050007 0.050461 0.051144 0.057555 0.058653 0.060084 0.058779 0.063991 0.069267 0.07191 0.079131 0.084444 0.088278 0.08575 0.086024 0.086275 0.087423 0.082254 0.082775 0.070227 0.070814 0.064272 0.056531 0.053568 0.050239 0.048441 0.045407 0.0408 0.035087 0.033138 0.02773 0.02811 0.024567 0.021611 0.023479 0.023464 0.021515 0.023453 0.023559 0.020731 0.018315 0.018611 0.019646 0.016563 0.014795 0.017031 0.015812 0.012663 0.01664 0.014918 0.013341 0.016415 0.01907 0.016706 0.018825 0.01954 0.016014 0.016975 0.013678 0.012102 0.014351 0.01392 0.013052 0.016875 0.018713 0.016596 0.016726 0.014569 0.018655 0.014386 0.013789 0.015472 0.018968 0.016945 0.016579 0.0095732 0.013127 0.01021 0.0094539 0.0087355 0.0050259 0.0061284 0.0064556 0.0083688 0.011171 0.0071532 0.0019445 0.0090702 0.0091099 0.0069121 0.0098336 0.01007 0.011997 0.012911 0.016878 0.016295 0.018235 0.01948 0.022085 0.025739 0.026811 0.031129 0.032589 0.033354 0.031562 0.028636 0.033219 0.028678 0.02865 0.030499 0.034643 0.039656 0.050432 0.061281 0.063213 0.066457 0.070629 0.068089 0.073682 0.074001 0.076753 0.073506 0.059477 0.053749 0.051283 0.048695 0.041625 0.040275 0.037461 0.032076 0.02936 0.026359 0.024425 0.02323 0.019972 0.020845 0.020906 0.020071 0.018299 0.017141 0.012036 0.015201 0.011032 0.0068166 0.0073527 0.010444 0.011888 0.010678 0.0087361 0.0097478 0.0076194 0.0047123 0.0046234 0.0060843 0.0084595 0.016077 0.012005 0.016047 0.015093 0.015156 0.012257 0.01188 0.013056 0.010979 0.014983 0.0092386 0.007744 0.011252 0.016766 0.017133 0.01946 0.017023 0.019552 0.020225 0.017965 0.020333 0.023358 0.023974 0.024029 0.026938 0.028867 0.027007 0.02922 0.029717 0.029937 0.029732 0.035309 0.033108 0.028116 0.030182 0.033324 0.029397 0.024879 0.020334 0.022391 0.02178 0.021522 0.017748 0.014262 0.021398 0.027796 0.021842 0.019743 0.012264 0.016771 0.014777 0.011053 0.0072906 0.0094874 0.010426 0.0085255 0.0075864 0.0083407 0.011202 0.004873 0.0054432 0.0083129 0.010592 0.0077735 0.0072509 0.0086154 0.0040767 0.0040091 0.0060963 0.0078975 0.0071825 0.0058729 0.0032623 0.0008325 0.0028938 0.0013396 0.0050341 0.0067338 0.0060041 0.003144 0.0023379 -0.0023858 0.00040289 0.0028695 0.0072321 0.009583 0.0055301 -0.00041018 -0.0010607 -0.00017606 0.0019593 0.0082784 0.011807 0.00861 0.0037762 0.0013775 0.00043378 0.0023452 0.0029268 -0.0013841 0.0020149 0.0023948 0.0032864 0.0054167 0.0039734 0.0025792 -0.00024412 0.0015827 0.0010567 -0.0021207 0.00045957 0.00079487 -0.0047014 -0.0053912 0.0010543 0.00077724 0.0031922 0.00067734 -0.0029696 -0.0043036 -0.0038109 -0.0022498 0.00062737 1.0148e-05 0.0022402 -0.0017132 -0.0047377 -0.0013912 0.00038963 0.0019429 -3.8965e-05 -0.0034899 -0.0064857 -0.0016793 -0.0021568 -0.0023 0.0021567 0.0049712 0.0035411 0.0020496 -0.0025516 0.0011375 0.0022273 0.0029511 0.0042568 0.0040423 0.0006162 -0.0020478 -0.00021586 0.0018927 0.0026849 0.0037107 0.0017744 -0.0012042 -0.00038976 -0.000135 0.0043161 0.0022403 0.00048131 0.0020512 0.0017636 0.0026926 0.0016589 0.00096532 0.0018523 0.0025026
0.038169 0.029236 0.019285 0.011178 0.015795 0.011209 0.013417 0.014657 0.0074742 0.0069385 0.0097634 0.013639 0.016679 0.022102 0.02333 0.024417 0.031809 0.030716 0.034642 0.043716 0.045824 0.045377 0.038866 0.035499 0.033265 0.029019 0.02412 0.024305 0.022575 0.02468 0.027017 0.026853 0.033483 0.037187 0.035041 0.036832 0.035774 0.031826 0.025065 0.013805 0.011065 0.0097668 0.0055428 -0.00021279 -0.00026346 0.003803 0.0049955 0.0059943 0.0079921 0.010614 0.0081784 0.0063503 0.0099193 0.014256 0.020133 0.022797 0.026851 0.028302 0.023321 0.028222 0.028675 0.030932 0.035029 0.033395 0.033993 0.03271 0.035904 0.037636 0.040199 0.037957 0.040085 0.040475 0.042628 0.03703 0.038277 0.035481 0.037448 0.040548 0.044622 0.039828 0.036788 0.039167 0.043627 0.049576 0.057928 0.061672 0.065289 0.074519 0.078664 0.079111 0.083553 0.085682 0.086102 0.089312 0.082896 0.078771 0.078662 0.074149 0.069504 0.066066 0.063378 0.060126 0.054722 0.05184 0.050572 0.053479 0.052822 0.056268 0.058629 0.058242 0.064456 0.061235 0.066011 0.067762 0.072851 0.07377 0.074477 0.071074 0.070722 0.063093 0.059769 0.063502 0.063202 0.060396 0.055088 0.052592 0.047049 0.050213 0.047032 0.046471 0.043742 0.046982 0.052862 0.052883 0.049189 0.050523 0.054822 0.055631 0.05531 0.055059 0.05486 0.054676 0.05684 0.061723 0.06313 0.067805 0.062261 0.065627 0.064423 0.06387 0.061939 0.05855 0.055525 0.049551 0.049764 0.046559 0.040362 0.03914 0.037801 0.039894 0.038569 0.046253 0.048533 0.048294 0.048743 0.048757 0.054599 0.055532 0.055058 0.054206 0.054163 0.050882 0.046405 0.04485 0.039941 0.032918 0.029028 0.025948 0.023163 0.025392 0.023956 0.022073 0.025455 0.026045 0.028804 0.031883 0.036289 0.037166 0.045231 0.050655 0.054066 0.061053 0.070293 0.080542 0.094329 0.10435 0.10864 0.1126 0.11815 0.11645 0.11102 0.10118 0.089824 0.082682 0.071645 0.059887 0.049986 0.04279 0.038223 0.026059 0.019496 0.018033 0.016376 0.018921 0.016387 0.014395 0.011062 0.010677 0.0053756 0.003841 0.0090678 0.013744 0.023554 0.035758 0.045659 0.056522 0.067594 0.078752 0.084853 0.083759 0.082845 0.080697 0.077412 0.07445 0.072463 0.064399 0.060178 0.050388 0.047775 0.042444 0.035668 0.034489 0.026153 0.022691 0.021876 0.019941 0.020634 0.015336 0.013325 0.01018 0.0094906 0.010963 0.012162 0.01159 0.0078657 0.0055965 0.0044287 0.0093104 0.0027304 0.0017988 0.0091864 0.011888 0.010603 0.01021 0.0071428 0.0090153 0.0096255 0.0080668 0.0071568 0.0039688 0.0098156 0.013433 0.013712 0.010123 0.011572 0.011634 0.01695 0.016675 0.019951 0.018861 0.017912 0.017985 0.021382 0.021574 0.024554 0.020606 0.019465 0.021953 0.022017 0.017628 0.012953 0.014477 0.019346 0.019409 0.017941 0.019542 0.020771 0.023643 0.021827 0.017953 0.017515 0.013227 0.014401 0.018153 0.021439 0.024691 0.022289 0.024592 0.022705 0.020647 0.026729 0.024914 0.024015 0.022629 0.022715 0.025677 0.023689 0.018645 0.023316 0.023193 0.025972 0.029392 0.031243 0.029396 0.025617 0.027692 0.028527 0.032002 0.037881 0.042362 0.046542 0.047037 0.04654 0.045258 0.047019 0.04926 0.050684 0.054033 0.052287 0.048892 0.049536 0.047344 0.045012 0.047884 0.047693 0.041127 0.034424 0.037075 0.035501 0.038275 0.037763 0.034259 0.035025 0.034732 0.033097 0.035445 0.03391 0.033818 0.03467 0.034616 0.036705 0.039001 0.036522 0.037778 0.0431 0.042827 0.046509 0.044533 0.049522 0.052875 0.055008 0.051518 0.050231 0.050618 0.049667 0.055741 0.055169 0.056964 0.058004 0.064618 0.073083 0.075665 0.080982 0.085644 0.085741 0.081257 0.077603 0.074654 0.072104 0.064997 0.064999 0.0521 0.052374 0.046392 0.038181 0.036971 0.03847 0.036162 0.03338 0.031093 0.026534 0.026352 0.021862 0.02 0.018676 0.014324 0.015163 0.018821 0.01919 0.020055 0.020876 0.018546 0.015265 0.014131 0.015556 0.014078 0.012627 0.015096 0.013564 0.011318 0.016078 0.0157 0.01356 0.017822 0.019984 0.017247 0.020939 0.020668 0.016002 0.017791 0.015916 0.015671 0.01619 0.014746 0.016083 0.017289 0.018724 0.016469 0.017632 0.01651 0.019747 0.017056 0.013499 0.016315 0.017767 0.016673 0.016345 0.0085922 0.01144 0.0090189 0.0089207 0.0090505 0.0061238 0.0058725 0.0068692 0.0071964 0.0088384 0.0065423 0.0042355 0.011211 0.013302 0.012067 0.01349 0.013616 0.017334 0.019819 0.021464 0.022446 0.024732 0.024403 0.027503 0.031768 0.031548 0.033928 0.036624 0.03685 0.037354 0.034207 0.038407 0.035456 0.036911 0.038349 0.046514 0.052718 0.064661 0.076458 0.08138 0.08675 0.086626 0.086001 0.088164 0.084366 0.083542 0.074724 0.059407 0.050585 0.048735 0.045023 0.036136 0.034105 0.030677 0.027218 0.025796 0.021782 0.019246 0.020094 0.017781 0.018294 0.018217 0.015469 0.014782 0.01265 0.0071579 0.011258 0.0078319 0.0053397 0.0058174 0.0061353 0.0068487 0.0054831 0.0053106 0.0062209 0.0030867 0.0016902 0.0019018 0.0040413 0.0054312 0.011745 0.0088859 0.011337 0.010162 0.0092161 0.0072619 0.0079946 0.010033 0.0090836 0.012952 0.0084803 0.0058913 0.008591 0.017691 0.016764 0.019498 0.018055 0.021199 0.023121 0.02038 0.022254 0.026123 0.025929 0.027375 0.02873 0.030605 0.028502 0.029362 0.028614 0.02808 0.028395 0.032301 0.029265 0.025015 0.027767 0.029236 0.023922 0.019101 0.015588 0.017692 0.01732 0.016473 0.010435 0.00817 0.016277 0.02107 0.015646 0.015692 0.0082502 0.0099206 0.008936 0.0059504 0.0035449 0.0076472 0.0085736 0.0058593 0.0078904 0.007519 0.010178 0.0049526 0.0032839 0.0050167 0.0078353 0.0033363 0.0049224 0.0074592 0.0012726 0.00081275 0.0047607 0.0066501 0.0065511 0.003796 0.0018427 0.00019769 0.0017318 0.0012842 0.0052724 0.0048187 0.0043651 0.00077319 -0.00053263 -0.0050295 -0.0011393 0.0012842 0.0032689 0.0056456 0.0032664 -0.0025355 -0.0013904 -0.0014028 0.00035489 0.0076516 0.010749 0.0080162 0.0022045 6.5083e-05 3.7072e-05 0.0010997 0.0019181 -0.0018502 0.001152 0.0017257 0.0018758 0.0029808 0.0018813 0.0010352 -0.0010657 0.0016683 0.00087225 -0.0034624 -0.0019694 -0.0011009 -0.0034522 -0.0051232 0.000304 0.0013196 0.0014555 0.00044922 -0.0026326 -0.0054201 -0.0046159 -0.003472 -0.00070094 -0.0021218 0.00047425 -0.0016264 -0.0040457 -0.001119 0.00064037 0.0022743 -0.0016237 -0.0054916 -0.0070079 -0.0034057 -0.0040621 -0.0012038 0.0019496 0.0044828 0.0019906 -5.5146e-05 -0.0051163 -0.00068866 -6.8367e-05 0.0018416 0.0033189 0.0037141 -0.00018518 -0.0030809 -0.00010534 0.001972 0.001066 0.002931 0.00036491 -0.00061034 0.00021321 -0.0015086 0.0013385 0.00012748 0.00029819 0.0018573 0.0012806 0.0016167 0.00071165 -0.00030772 -0.00010364
0.037539 0.039841 0.031614 0.024054 0.019855 0.022894 0.018148 0.019843 0.020226 0.013776 0.014281 0.017042 0.018642 0.019141 0.020572 0.02016 0.022093 0.030545 0.028619 0.030839 0.038655 0.038947 0.037521 0.031545 0.029551 0.028863 0.028012 0.022187 0.022233 0.02089 0.022463 0.023498 0.023998 0.028443 0.031226 0.029039 0.031632 0.031013 0.028158 0.023309 0.015335 0.014077 0.014384 0.012864 0.0076521 0.006857 0.010228 0.012074 0.012348 0.013727 0.017753 0.015909 0.013686 0.018623 0.023736 0.028366 0.030557 0.032526 0.033252 0.028317 0.033051 0.033925 0.036458 0.040399 0.039758 0.041244 0.039291 0.040946 0.040906 0.042109 0.039724 0.039265 0.038415 0.040984 0.03697 0.038987 0.037213 0.040446 0.04317 0.047947 0.045702 0.04141 0.043661 0.050482 0.056078 0.063684 0.07208 0.075285 0.083484 0.086338 0.084158 0.084655 0.086681 0.088252 0.089275 0.081641 0.075759 0.074387 0.070131 0.064533 0.061659 0.058947 0.055811 0.050474 0.049665 0.049302 0.053975 0.054891 0.059491 0.062987 0.065247 0.07238 0.069713 0.074177 0.074998 0.077831 0.077084 0.076855 0.072376 0.070982 0.061244 0.056705 0.060324 0.058009 0.055185 0.049687 0.048595 0.043272 0.045815 0.043335 0.045283 0.044981 0.04802 0.051778 0.051913 0.047021 0.049839 0.053463 0.055412 0.05594 0.057295 0.05779 0.057646 0.059963 0.064168 0.064086 0.066886 0.061958 0.063637 0.06151 0.061116 0.058948 0.053058 0.050878 0.045445 0.045232 0.043133 0.036772 0.036445 0.036045 0.039353 0.040247 0.048494 0.053774 0.054231 0.054357 0.055512 0.061105 0.060439 0.057731 0.053259 0.05187 0.047032 0.040107 0.036243 0.033492 0.026782 0.023994 0.021249 0.018281 0.020803 0.019987 0.020252 0.024622 0.02664 0.03103 0.035343 0.042871 0.043873 0.053567 0.060657 0.066077 0.073738 0.081788 0.092625 0.10722 0.11739 0.1207 0.12242 0.12194 0.11624 0.10666 0.088841 0.074665 0.064038 0.052241 0.039969 0.033054 0.025545 0.024603 0.01587 0.010429 0.0097379 0.0097561 0.01264 0.010121 0.0093146 0.0078861 0.0079734 0.0034208 0.0035391 0.010945 0.01871 0.031378 0.046264 0.057528 0.069793 0.080444 0.087111 0.08877 0.081675 0.076041 0.071674 0.064605 0.06171 0.059062 0.051525 0.04768 0.038399 0.036716 0.032219 0.025834 0.025395 0.017464 0.014817 0.015041 0.012562 0.012924 0.01022 0.0072104 0.0070554 0.0065162 0.0061683 0.0085183 0.0098126 0.0057653 0.0044269 0.003363 0.0069234 0.0024173 0.0033567 0.0082164 0.010538 0.011152 0.011164 0.0087211 0.010456 0.010475 0.008913 0.009977 0.005365 0.010564 0.013525 0.013721 0.01019 0.01302 0.013668 0.018207 0.016442 0.018728 0.019108 0.019452 0.018968 0.019925 0.018967 0.022641 0.019645 0.019615 0.019581 0.018165 0.011929 0.011043 0.010811 0.016498 0.017274 0.017804 0.017609 0.01928 0.023289 0.02039 0.016396 0.018269 0.012828 0.013421 0.01746 0.020635 0.02455 0.022635 0.025932 0.021915 0.018487 0.023837 0.023044 0.023376 0.021175 0.020449 0.02308 0.022186 0.018229 0.022012 0.023968 0.027129 0.028541 0.030154 0.028463 0.026642 0.02764 0.029475 0.031696 0.039726 0.045828 0.049087 0.049104 0.04869 0.046361 0.046045 0.047848 0.049913 0.050268 0.045674 0.042446 0.041896 0.040237 0.038936 0.040753 0.041296 0.035655 0.029152 0.032274 0.03131 0.033067 0.035366 0.031319 0.030498 0.031814 0.031607 0.034854 0.034121 0.032156 0.034895 0.033894 0.033674 0.038141 0.0381 0.041083 0.046342 0.045533 0.048592 0.044987 0.049579 0.051894 0.053116 0.051431 0.049512 0.049937 0.048077 0.052554 0.050711 0.053558 0.057655 0.065419 0.075688 0.076862 0.079286 0.081664 0.077615 0.071807 0.065463 0.06007 0.055445 0.048095 0.046976 0.035175 0.035969 0.031564 0.024004 0.024551 0.029825 0.027352 0.024841 0.024243 0.021128 0.021316 0.019003 0.015165 0.015444 0.010564 0.010155 0.016661 0.018169 0.017745 0.019498 0.016384 0.013239 0.011726 0.013301 0.013879 0.011908 0.013693 0.012064 0.012231 0.01677 0.018146 0.015528 0.019921 0.021096 0.01871 0.024214 0.023089 0.018369 0.020599 0.019795 0.020449 0.019393 0.017693 0.020732 0.019731 0.020239 0.017782 0.019507 0.020625 0.022936 0.021439 0.015575 0.018707 0.018239 0.018228 0.017492 0.0097895 0.011013 0.010317 0.010783 0.010222 0.007673 0.0060184 0.008314 0.0077945 0.0087535 0.008696 0.0091861 0.01516 0.019138 0.018809 0.0195 0.01994 0.02529 0.028843 0.027119 0.028832 0.030373 0.029484 0.032696 0.035687 0.034061 0.034437 0.038038 0.038439 0.041589 0.038494 0.04311 0.043889 0.045987 0.046815 0.058142 0.066495 0.07968 0.091906 0.098927 0.10549 0.099634 0.10015 0.097877 0.089789 0.084522 0.070913 0.055976 0.045066 0.043642 0.039118 0.030586 0.028915 0.025568 0.024504 0.024698 0.02029 0.0175 0.020016 0.017744 0.018221 0.016931 0.011876 0.01287 0.010368 0.0039022 0.0079112 0.0048769 0.0050011 0.0050137 0.0024659 0.0014686 -0.001003 0.0006218 0.0023851 -0.00072143 -0.00040415 -0.0009797 0.0021328 0.0024166 0.0072275 0.0065448 0.0060154 0.0045299 0.0024116 0.002934 0.0048161 0.0080059 0.0078446 0.010771 0.0077904 0.0053355 0.0079198 0.018903 0.01634 0.018442 0.019144 0.021891 0.025357 0.022762 0.022937 0.027879 0.027174 0.029122 0.029188 0.031756 0.030014 0.028968 0.026181 0.025573 0.025206 0.028025 0.026188 0.023003 0.02607 0.024826 0.018599 0.01503 0.013326 0.01397 0.014594 0.011629 0.0046405 0.0051006 0.011942 0.014235 0.0095348 0.010885 0.0049566 0.0039917 0.0040747 0.0021364 0.00089277 0.0065363 0.0074891 0.0046722 0.007851 0.0058828 0.0073411 0.0043701 0.0024276 0.0031302 0.0049636 -0.00082128 0.0026494 0.006146 0.00018702 -0.001018 0.0036761 0.0047852 0.0055379 0.0020709 -8.8659e-05 -0.00057652 0.00097089 0.0015643 0.0041174 0.0026472 0.0028921 -0.0019683 -0.0026956 -0.0062776 -0.0022951 -0.00055431 -0.00092876 0.0014334 0.0008141 -0.0042321 -0.0017666 -0.0028413 -0.001268 0.0065005 0.0080923 0.0059109 0.0014038 -0.0011498 -0.0012105 -3.1618e-05 0.00098888 -0.0021112 -9.9291e-05 0.0013487 0.0008837 0.00016663 -0.00055342 2.8152e-05 -0.00067539 0.0022025 0.0001973 -0.0045996 -0.0042359 -0.0032208 -0.001435 -0.0031334 -3.9133e-05 0.00075269 -0.0004932 -0.0015762 -0.0022852 -0.0049735 -0.0032859 -0.0032519 -0.0015873 -0.0032284 -0.00055466 -0.00060385 -0.0032044 -0.00028587 0.0014292 0.0029361 -0.0023776 -0.0065033 -0.0058712 -0.0049695 -0.0053462 -0.00017982 0.0011922 0.0034117 0.00050032 -0.0022651 -0.0073906 -0.0023281 -0.0018494 0.00013778 0.0023502 0.0027449 -0.0012401 -0.0039919 -0.00092042 0.0012067 -0.00052583 0.0013113 -0.0011595 0.00032118 0.00087942 -0.0027494 -0.0012633 -0.0012787 -6.4377e-05 0.00098399 0.0011262 0.00093659 -0.00017732 -0.0022987
0.023947 0.035145 0.035279 0.029081 0.02475 0.023962 0.025489 0.022493 0.023246 0.022048 0.017681 0.019663 0.022205 0.022289 0.020839 0.01917 0.017247 0.020657 0.028483 0.025988 0.026507 0.032745 0.032112 0.03037 0.026364 0.025556 0.026097 0.027781 0.020685 0.02153 0.022257 0.023451 0.02436 0.02513 0.026033 0.02791 0.026461 0.028804 0.02875 0.026884 0.024172 0.019894 0.019455 0.020706 0.021569 0.017492 0.01591 0.017325 0.018911 0.018525 0.018578 0.024451 0.023037 0.020523 0.027506 0.032711 0.03583 0.038493 0.039992 0.040582 0.036054 0.038071 0.040318 0.042812 0.046339 0.046669 0.049347 0.047126 0.045559 0.043651 0.041816 0.040585 0.038341 0.036008 0.040055 0.038738 0.041279 0.040016 0.043873 0.046179 0.050949 0.051404 0.046504 0.048552 0.056906 0.061005 0.066583 0.080039 0.083599 0.089672 0.09037 0.08456 0.080315 0.082842 0.08648 0.086602 0.079679 0.072715 0.070927 0.067213 0.061872 0.06023 0.057126 0.053838 0.049227 0.050688 0.051203 0.056638 0.058862 0.064103 0.067699 0.072589 0.081098 0.078879 0.081781 0.080573 0.079743 0.078118 0.076394 0.072932 0.070116 0.059735 0.05338 0.057447 0.053368 0.051525 0.046649 0.046334 0.041966 0.043434 0.041866 0.045457 0.04741 0.050192 0.051544 0.050869 0.045637 0.049066 0.050902 0.053994 0.055283 0.057646 0.060175 0.060858 0.062996 0.065549 0.064947 0.065181 0.060458 0.060071 0.057104 0.056927 0.054156 0.048095 0.046497 0.041182 0.04135 0.041416 0.035158 0.035578 0.036657 0.040838 0.044679 0.051467 0.058563 0.060005 0.059204 0.061886 0.065507 0.061936 0.058562 0.050785 0.047628 0.042468 0.033849 0.02828 0.028159 0.022013 0.020907 0.019079 0.015997 0.018364 0.018148 0.019728 0.025335 0.029595 0.03505 0.040755 0.050452 0.052639 0.062461 0.070225 0.077071 0.084358 0.092102 0.10213 0.11511 0.12278 0.12479 0.12375 0.11685 0.10777 0.095092 0.072632 0.058056 0.04586 0.034912 0.023286 0.02043 0.01303 0.014359 0.0097543 0.005844 0.0059691 0.0066792 0.0094596 0.0072109 0.0071605 0.0062822 0.0059421 0.0039151 0.0070419 0.016183 0.026959 0.040841 0.055513 0.066153 0.077636 0.08608 0.088204 0.08557 0.074879 0.065373 0.059066 0.050146 0.047466 0.044237 0.039758 0.035895 0.02756 0.027931 0.024162 0.018521 0.018375 0.011103 0.010211 0.011498 0.0086625 0.0084138 0.0077446 0.0040129 0.0054518 0.0056496 0.0041214 0.0069231 0.0091656 0.0047767 0.0040513 0.0026448 0.0049642 0.003191 0.0054985 0.0072298 0.0083022 0.010917 0.011673 0.010282 0.01183 0.011113 0.0097691 0.012797 0.0075378 0.011901 0.013319 0.013337 0.0098919 0.013682 0.014789 0.018285 0.015438 0.016501 0.018509 0.020119 0.020505 0.019888 0.017896 0.020705 0.018867 0.019579 0.018107 0.01614 0.0091517 0.011768 0.0091967 0.013591 0.014974 0.018354 0.016053 0.018366 0.022552 0.018406 0.015225 0.019472 0.013758 0.013687 0.016694 0.020079 0.024844 0.024041 0.026869 0.021046 0.017217 0.021534 0.021607 0.022526 0.019862 0.019073 0.021381 0.021338 0.018076 0.020829 0.025704 0.028122 0.027003 0.029406 0.027799 0.027544 0.026573 0.02995 0.031298 0.040109 0.046471 0.049697 0.048351 0.047378 0.045858 0.043895 0.045103 0.046825 0.044586 0.038613 0.036771 0.034779 0.034329 0.034669 0.035018 0.035048 0.03131 0.0266 0.029125 0.028776 0.029317 0.032852 0.028921 0.027894 0.030491 0.031235 0.03496 0.035492 0.031917 0.03659 0.034609 0.031921 0.036842 0.039307 0.04211 0.047063 0.045868 0.047597 0.043994 0.048971 0.0498 0.050409 0.049965 0.047988 0.04805 0.0469 0.048655 0.046316 0.05015 0.057681 0.06549 0.075656 0.074106 0.07378 0.072702 0.065439 0.05933 0.051972 0.045699 0.040739 0.034913 0.032679 0.022314 0.024531 0.022042 0.015651 0.017473 0.024417 0.021797 0.01996 0.02038 0.018942 0.017776 0.018027 0.012951 0.013644 0.0096549 0.0082594 0.015988 0.017729 0.016187 0.018839 0.013737 0.012021 0.011312 0.012752 0.015032 0.012412 0.012791 0.011708 0.014307 0.017262 0.020796 0.017585 0.021306 0.021908 0.020677 0.028062 0.02634 0.022485 0.024714 0.024025 0.024767 0.022744 0.021677 0.025675 0.023186 0.022721 0.019868 0.021466 0.025448 0.026905 0.025618 0.018481 0.020836 0.019542 0.020653 0.01916 0.01297 0.011738 0.012964 0.01414 0.012196 0.0092805 0.0065054 0.0092419 0.0089832 0.010108 0.0122 0.014478 0.019212 0.024399 0.025751 0.026406 0.027209 0.033732 0.036743 0.031855 0.033399 0.033529 0.032951 0.036467 0.036831 0.034357 0.033369 0.037268 0.038219 0.043732 0.04127 0.0467 0.052207 0.053229 0.054317 0.066884 0.077676 0.092159 0.10416 0.11202 0.1186 0.10723 0.10759 0.10084 0.089234 0.080431 0.06438 0.050747 0.039064 0.037952 0.032542 0.026347 0.024887 0.022319 0.023272 0.024943 0.020761 0.017996 0.021305 0.018654 0.018999 0.01569 0.0085852 0.011273 0.0093255 0.0019916 0.0049856 0.0022339 0.0046997 0.004316 -4.0487e-06 -0.002961 -0.006619 -0.0040009 -0.0007051 -0.0028743 -0.0012165 -0.0033785 0.0009555 -1.4483e-05 0.0039974 0.0057956 0.0012391 -0.0010072 -0.0034774 0.00035536 0.0032152 0.0072806 0.0078504 0.0092152 0.0071141 0.0062162 0.0095047 0.020014 0.015852 0.016936 0.01994 0.021571 0.026241 0.024388 0.022429 0.028251 0.027715 0.029168 0.02825 0.032188 0.03117 0.028276 0.023211 0.023092 0.021032 0.023522 0.023892 0.021588 0.024356 0.020176 0.014239 0.012984 0.013108 0.010896 0.013487 0.0078469 0.0011165 0.004863 0.0090949 0.0082216 0.0037129 0.0057435 0.002081 -0.00057892 0.00024791 -0.00097218 -0.0011039 0.005019 0.0064537 0.0040424 0.0069664 0.0037462 0.0034378 0.0027026 0.001756 0.0019233 0.0023549 -0.0039669 8.4605e-05 0.0038413 8.9884e-05 -0.0017784 0.0027258 0.0023075 0.0039274 0.00036413 -0.0029875 -0.0016989 -0.00013979 0.00093063 0.0015194 0.00053287 0.0012491 -0.0051736 -0.0040014 -0.0066604 -0.0037702 -0.0032647 -0.0050456 -0.0024803 -0.0012101 -0.0049012 -0.0021921 -0.0042834 -0.002607 0.0053434 0.0047557 0.003206 0.0014513 -0.0016324 -0.0027086 -0.0012618 0.00011427 -0.0022953 -0.0016575 0.0009567 0.00020074 -0.0021548 -0.0025838 -0.00064176 0.00012082 0.0023096 -0.00091801 -0.0049509 -0.0055406 -0.0049103 0.00075066 -0.00013761 0.00015395 -0.00044673 -0.0019484 -0.0045408 -0.0029838 -0.0042454 -0.00047882 -0.0016443 -0.001533 -0.0027807 -0.00093604 0.00081327 -0.0027312 0.0009418 0.0019288 0.0030604 -0.0021059 -0.0063977 -0.0041308 -0.0062517 -0.0055084 0.00013841 0.00012453 0.0018817 -0.00076804 -0.0039365 -0.0083567 -0.0034143 -0.003308 -0.0021117 0.0013079 0.0013889 -0.0023397 -0.0043334 -0.0021651 -3.8354e-06 -0.0016603 -0.00060851 -0.0022225 0.0012049 0.0014632 -0.0036886 -0.002966 -0.0016815 -0.00094393 -0.0006731 0.0010885 0.0010286 -0.00054527
0.022322 0.020215 0.028334 0.02716 0.02389 0.023311 0.024013 0.02423 0.02375 0.023847 0.022044 0.020281 0.023635 0.025938 0.025421 0.022584 0.01949 0.016608 0.021735 0.026826 0.02521 0.02428 0.029913 0.029262 0.027348 0.026045 0.025428 0.027145 0.030498 0.021775 0.023485 0.027496 0.028266 0.030363 0.030716 0.028197 0.029487 0.029292 0.029866 0.030719 0.02965 0.028751 0.027184 0.026872 0.028461 0.030955 0.028271 0.025372 0.024127 0.025188 0.024565 0.02268 0.030085 0.029229 0.02676 0.036028 0.040444 0.04146 0.045799 0.048446 0.049886 0.04595 0.043929 0.047444 0.049626 0.052839 0.053403 0.057537 0.055305 0.049148 0.04584 0.04035 0.040939 0.0384 0.03498 0.041528 0.042938 0.045767 0.043781 0.047421 0.049776 0.053105 0.05592 0.051931 0.054024 0.06274 0.065118 0.068394 0.085797 0.090014 0.093536 0.091715 0.082498 0.074063 0.077727 0.08328 0.083369 0.07809 0.071406 0.069614 0.066513 0.062643 0.062329 0.058143 0.054165 0.050674 0.054764 0.056024 0.060581 0.06395 0.069106 0.071813 0.07832 0.089009 0.087586 0.088273 0.084491 0.079479 0.077649 0.074024 0.073191 0.068554 0.058795 0.050829 0.055478 0.050873 0.050702 0.046387 0.045218 0.042846 0.043223 0.042651 0.046171 0.050686 0.053338 0.052419 0.050347 0.045845 0.049319 0.049331 0.052781 0.054223 0.056786 0.062077 0.063954 0.065824 0.06624 0.066025 0.063677 0.059095 0.057171 0.053253 0.052898 0.049095 0.045689 0.043794 0.037858 0.038598 0.041061 0.035452 0.036797 0.03955 0.044742 0.051292 0.055976 0.062955 0.064791 0.062381 0.0667 0.066959 0.059825 0.057654 0.048201 0.043279 0.038236 0.028826 0.022624 0.024757 0.019493 0.020592 0.019185 0.015269 0.017844 0.018622 0.020686 0.026639 0.034035 0.040141 0.047085 0.057895 0.062515 0.071001 0.078716 0.085993 0.092101 0.10082 0.10916 0.11871 0.1213 0.12101 0.11726 0.10533 0.094199 0.079682 0.057109 0.044407 0.032646 0.023396 0.013444 0.014024 0.0071147 0.0085135 0.0079851 0.0051098 0.0056288 0.0061672 0.0084692 0.0067605 0.0074106 0.0061362 0.0041901 0.0051922 0.012625 0.022869 0.035898 0.049737 0.061279 0.069307 0.078092 0.083627 0.082807 0.07732 0.065544 0.054228 0.046752 0.037698 0.034674 0.031303 0.031134 0.026549 0.018862 0.020951 0.017518 0.01283 0.012905 0.0064177 0.0077388 0.0096972 0.0064256 0.0061829 0.0060766 0.0024419 0.0037152 0.0055442 0.004261 0.0065329 0.0091573 0.0041167 0.0034699 0.0014078 0.0029283 0.0038925 0.0072202 0.0065261 0.0057665 0.010206 0.012117 0.011191 0.012371 0.010866 0.010329 0.014689 0.0095182 0.013302 0.012103 0.01216 0.0093129 0.013639 0.015326 0.017265 0.014302 0.014149 0.017589 0.019844 0.022108 0.021269 0.018563 0.019255 0.018846 0.019427 0.018146 0.016299 0.0098584 0.014147 0.0096646 0.011508 0.013016 0.018819 0.015043 0.017878 0.020717 0.016077 0.014769 0.020715 0.015848 0.015123 0.015499 0.019526 0.025166 0.025846 0.026912 0.020016 0.017164 0.021143 0.021821 0.02235 0.019411 0.018841 0.020713 0.020738 0.01802 0.019923 0.027499 0.027777 0.025075 0.029241 0.027706 0.028185 0.024822 0.029949 0.030783 0.039056 0.044581 0.048309 0.04537 0.043011 0.043468 0.040904 0.041385 0.042129 0.038361 0.032619 0.033104 0.029646 0.030503 0.032535 0.031021 0.029347 0.028076 0.026302 0.027361 0.02699 0.027032 0.029947 0.026705 0.027223 0.029897 0.031321 0.035122 0.037025 0.032835 0.038191 0.035863 0.031601 0.034947 0.039773 0.040577 0.045516 0.044128 0.043996 0.041883 0.047742 0.047255 0.047268 0.047145 0.045816 0.044851 0.045991 0.044491 0.042531 0.046509 0.057562 0.063821 0.072057 0.067227 0.065189 0.060667 0.051695 0.045932 0.039471 0.033751 0.029657 0.026652 0.023761 0.01421 0.018605 0.01772 0.012528 0.014931 0.021238 0.018316 0.017565 0.01865 0.018848 0.015099 0.017096 0.011862 0.011991 0.010018 0.0082807 0.015458 0.017413 0.015328 0.018448 0.0106 0.011599 0.012368 0.013636 0.016303 0.013632 0.01234 0.012646 0.016083 0.016194 0.021916 0.01796 0.020869 0.021749 0.022044 0.031449 0.029211 0.026784 0.028788 0.027274 0.027367 0.025154 0.025392 0.029659 0.026094 0.02489 0.021651 0.022545 0.029253 0.030012 0.028027 0.020559 0.021014 0.020629 0.022737 0.020435 0.017296 0.013472 0.015759 0.017979 0.014759 0.010842 0.0075853 0.0088404 0.0095791 0.011691 0.015311 0.017869 0.021781 0.027188 0.031335 0.032288 0.033496 0.040444 0.04077 0.034324 0.035123 0.033764 0.033795 0.038461 0.035801 0.033546 0.031996 0.03528 0.037094 0.044354 0.043216 0.048768 0.058679 0.057067 0.059727 0.071706 0.084231 0.099593 0.11088 0.11852 0.12408 0.10868 0.10769 0.09699 0.083253 0.073065 0.057557 0.045483 0.034258 0.033128 0.02686 0.023955 0.021669 0.020492 0.022567 0.024906 0.021382 0.018787 0.022025 0.019012 0.018735 0.013563 0.005058 0.0086639 0.0081925 0.00091769 0.0022488 -9.1899e-05 0.0035062 0.0032307 -0.0010529 -0.0054174 -0.0096589 -0.007375 -0.0025527 -0.0033061 -0.0011092 -0.0048976 0.00023509 -0.0015927 0.0027733 0.0067167 -0.0020704 -0.0055515 -0.0069068 -0.00052074 0.0031386 0.007547 0.0091477 0.00857 0.0064164 0.0083029 0.012687 0.020752 0.015212 0.015539 0.019975 0.020642 0.02548 0.02455 0.020944 0.026958 0.027384 0.027845 0.026117 0.031919 0.031555 0.027672 0.020611 0.02123 0.017089 0.019623 0.021581 0.01945 0.021628 0.015497 0.011649 0.012733 0.013486 0.0078707 0.013188 0.0059943 -0.00014094 0.0058689 0.0075942 0.0036125 -0.0018137 0.00051626 -0.0010019 -0.0039618 -0.0030911 -0.0039658 -0.0026304 0.0028892 0.0054262 0.0034777 0.0052364 0.0018363 -0.00045758 0.00022815 0.00044411 0.00063985 0.00045747 -0.0058412 -0.0027995 0.00052087 0.00026936 -0.0019935 0.0019484 -0.00028304 0.0018999 -0.0015136 -0.0066876 -0.0028942 -0.0021458 -0.00088601 -0.0014271 -0.00079366 -0.00029011 -0.0083751 -0.0043908 -0.0066937 -0.0059215 -0.0067676 -0.008802 -0.0054652 -0.0025096 -0.0045331 -0.0026364 -0.0053044 -0.003269 0.0048003 0.0021175 0.0012064 0.0024608 -0.00074382 -0.0033403 -0.002535 -0.00071529 -0.002526 -0.0032965 4.1277e-05 -0.00035689 -0.0031327 -0.0033264 -0.0015301 0.00024004 0.0010785 -0.0023128 -0.0041269 -0.0055326 -0.0057214 0.0023131 0.0024435 0.0006072 -0.0016476 -0.0028092 -0.0075121 -0.0054068 -0.0047042 0.0026437 0.0011153 -0.00039071 -0.00090296 -0.0010778 0.0015941 -0.0028671 0.0023221 0.0017476 0.0021778 -0.00072493 -0.0054082 -0.002883 -0.0073479 -0.0046176 -0.00062781 -0.0010875 0.00026344 -0.0016561 -0.0045458 -0.007724 -0.0039489 -0.0048702 -0.0045546 0.00017465 0.00012589 -0.0034125 -0.003907 -0.0029328 -0.00086947 -0.0019895 -0.0020507 -0.002603 0.0017659 0.0018841 -0.0041002 -0.0037566 -0.0012888 -0.0023154 -0.0028285 0.00079592 0.0016125
0.019542 0.020083 0.015655 0.021384 0.019808 0.019916 0.02349 0.023419 0.022341 0.023638 0.023784 0.023693 0.024065 0.028216 0.03005 0.029215 0.025335 0.022565 0.01974 0.026388 0.026777 0.027942 0.026031 0.032643 0.031972 0.02948 0.030788 0.029181 0.032103 0.037064 0.026865 0.028466 0.035753 0.035508 0.039825 0.038858 0.034165 0.035569 0.036771 0.034293 0.036558 0.035821 0.036105 0.035757 0.035494 0.036883 0.040378 0.039224 0.034111 0.030084 0.031304 0.030921 0.026695 0.034652 0.034974 0.033003 0.044108 0.046828 0.045237 0.052431 0.057143 0.060332 0.05678 0.05137 0.055185 0.056846 0.060487 0.059812 0.065483 0.062985 0.051495 0.047551 0.039088 0.041074 0.039864 0.036574 0.046003 0.048927 0.052007 0.048057 0.050748 0.053698 0.053946 0.058842 0.057669 0.060096 0.068084 0.069739 0.071411 0.090395 0.095026 0.095954 0.091751 0.080638 0.069379 0.074845 0.081038 0.08107 0.076969 0.071914 0.069916 0.067407 0.066112 0.066721 0.060852 0.055617 0.053206 0.060557 0.062473 0.064277 0.068938 0.073543 0.074615 0.080737 0.094687 0.094493 0.093056 0.0872 0.078502 0.07643 0.070754 0.073343 0.066488 0.057936 0.049323 0.054208 0.050748 0.052456 0.047895 0.044183 0.044455 0.043954 0.044362 0.046165 0.054146 0.056976 0.054109 0.050724 0.047652 0.051121 0.050333 0.052766 0.053372 0.055739 0.063595 0.066447 0.067914 0.066342 0.066885 0.062261 0.058335 0.056266 0.051343 0.050213 0.045154 0.046507 0.043156 0.036247 0.037126 0.041228 0.036889 0.039795 0.044132 0.050914 0.059017 0.062088 0.067389 0.068209 0.063462 0.069226 0.065171 0.054965 0.055344 0.046381 0.040523 0.034706 0.025498 0.019583 0.023112 0.019143 0.022553 0.020503 0.014378 0.018588 0.021059 0.023149 0.027942 0.039028 0.045634 0.053272 0.064416 0.072476 0.078761 0.086016 0.092487 0.096976 0.10753 0.11418 0.12021 0.11587 0.11136 0.10499 0.090447 0.078841 0.063811 0.045554 0.036381 0.026053 0.018491 0.011181 0.013148 0.0070254 0.0065438 0.0097379 0.0068032 0.0070214 0.0069264 0.0086972 0.0075111 0.0090232 0.0074538 0.0030631 0.0058946 0.018383 0.029044 0.042923 0.056259 0.062893 0.066841 0.071585 0.075027 0.07362 0.067035 0.05526 0.044974 0.037338 0.029088 0.02496 0.022386 0.026009 0.019788 0.012132 0.014446 0.010948 0.0074801 0.0085033 0.0024172 0.0059243 0.0079338 0.0038599 0.0048627 0.0033827 0.00086663 0.00063146 0.0050033 0.005415 0.0061021 0.0095225 0.0034779 0.0022897 -0.00023607 0.0012065 0.0037999 0.0079821 0.0063832 0.0039322 0.0096321 0.01307 0.011185 0.011563 0.0094146 0.010668 0.015348 0.010704 0.014423 0.0094922 0.010208 0.0086143 0.013162 0.015984 0.015487 0.013642 0.012312 0.016705 0.01877 0.023331 0.023437 0.020112 0.018057 0.019276 0.018684 0.019112 0.017748 0.012805 0.01647 0.01134 0.01078 0.011695 0.018538 0.014651 0.017308 0.016975 0.013657 0.014883 0.021569 0.018416 0.016814 0.013606 0.018431 0.024712 0.027185 0.025995 0.018328 0.01805 0.023082 0.024028 0.023373 0.020138 0.019438 0.020342 0.019478 0.018086 0.01903 0.028436 0.025191 0.022903 0.02938 0.028157 0.028485 0.023108 0.029895 0.030239 0.037021 0.041468 0.045343 0.041521 0.036852 0.039064 0.037272 0.036929 0.036669 0.032769 0.028211 0.031442 0.026665 0.028213 0.031634 0.027892 0.023554 0.024873 0.026339 0.025873 0.024579 0.025492 0.026637 0.024267 0.027745 0.029019 0.03105 0.034716 0.037554 0.03391 0.037601 0.036329 0.032483 0.032554 0.039448 0.037122 0.042624 0.041397 0.039296 0.039525 0.045926 0.044645 0.043697 0.042988 0.043017 0.040453 0.044646 0.040085 0.039231 0.042191 0.056333 0.059409 0.064368 0.056985 0.054469 0.048012 0.038533 0.032823 0.029386 0.024724 0.021894 0.022323 0.019503 0.0097263 0.016838 0.016795 0.012828 0.015108 0.019124 0.015843 0.016187 0.017755 0.019086 0.012395 0.014512 0.010473 0.009813 0.010048 0.0087588 0.013899 0.017037 0.015244 0.017844 0.0073143 0.012069 0.014355 0.015678 0.016695 0.015005 0.012265 0.014613 0.01633 0.012865 0.020084 0.015485 0.018076 0.01995 0.021595 0.033245 0.030254 0.029372 0.031214 0.028651 0.027665 0.025976 0.027889 0.031863 0.027002 0.02522 0.02204 0.02213 0.030729 0.031018 0.028079 0.020858 0.018477 0.020758 0.023385 0.02072 0.021689 0.016118 0.017891 0.021494 0.017391 0.012585 0.0097542 0.007528 0.0090371 0.012505 0.016634 0.017878 0.021732 0.026353 0.034146 0.035376 0.037496 0.043711 0.039299 0.033909 0.033607 0.031169 0.031622 0.038648 0.033603 0.032959 0.030989 0.032618 0.035735 0.044086 0.044871 0.048713 0.06171 0.057061 0.062178 0.072842 0.085692 0.10088 0.11126 0.11801 0.12196 0.10445 0.10157 0.08747 0.073203 0.064085 0.051794 0.041457 0.031459 0.029364 0.023006 0.02305 0.018867 0.0197 0.021849 0.023312 0.020804 0.01816 0.020812 0.017593 0.016077 0.010419 0.00105 0.004244 0.0061093 0.0003453 -0.00036666 -0.0024066 0.0011238 0.0016348 -0.00093762 -0.0057126 -0.0098302 -0.0091272 -0.0034005 -0.0028376 -0.0009395 -0.0056155 -0.001091 -0.0022444 0.0033342 0.0087045 -0.0034378 -0.0082152 -0.0068302 -0.00047165 0.0041399 0.0083691 0.011077 0.0084764 0.0057191 0.011312 0.01645 0.021232 0.014426 0.014575 0.019073 0.019874 0.023079 0.022687 0.018582 0.023527 0.025553 0.02535 0.023047 0.030784 0.030431 0.027429 0.018941 0.020226 0.014296 0.016646 0.01828 0.015081 0.017071 0.011246 0.011269 0.013687 0.012694 0.0043139 0.012337 0.0063786 0.00042798 0.0061082 0.0068144 0.00090129 -0.0069292 -0.0047355 -0.0047961 -0.0066799 -0.0067104 -0.0071378 -0.0036479 0.00078061 0.0049031 0.0032606 0.0030623 0.00081102 -0.0034791 -0.0023842 -0.0015668 -0.00092552 -0.00056674 -0.0069313 -0.0057208 -0.0030668 0.00016473 -0.0023449 0.001359 -0.0022024 -3.7435e-05 -0.0035755 -0.010808 -0.0037458 -0.0051882 -0.0031067 -0.0031846 -0.00053796 -0.00093355 -0.010726 -0.0038948 -0.0064659 -0.0085465 -0.010246 -0.012082 -0.0071039 -0.0032614 -0.0037501 -0.0030859 -0.0054489 -0.0029001 0.0052881 0.0014242 0.00093329 0.0046409 0.0018439 -0.0021734 -0.0037041 -0.0014866 -0.002964 -0.0047931 -0.0020116 -0.0011665 -0.0022897 -0.0020985 -0.0031443 -0.0011266 -0.001891 -0.0037211 -0.0020115 -0.0044534 -0.00554 0.0024293 0.0029978 0.00087102 -0.0023653 -0.0034632 -0.0098952 -0.0093168 -0.0069554 0.0052242 0.0048905 0.0014853 0.0017564 -0.0014768 0.0004004 -0.0037379 0.0033857 0.001052 0.00021258 0.0017011 -0.0040741 -0.0026975 -0.008509 -0.0032337 -0.0027951 -0.0027938 -0.0010311 -0.0019954 -0.0038163 -0.0060791 -0.0043447 -0.0069343 -0.0065756 -0.00091704 -0.00051713 -0.0044227 -0.0028079 -0.0023498 -0.00063605 -0.0012935 -0.0022741 -0.0023498 0.0020648 0.0022063 -0.0037281 -0.0039689 -0.00080643 -0.0038134 -0.0049521 -0.0002359
0.021566 0.017823 0.012857 0.017759 0.016185 0.019805 0.028129 0.025832 0.023006 0.023932 0.024774 0.029611 0.030741 0.03495 0.035469 0.033926 0.029162 0.027958 0.026808 0.034704 0.028949 0.034257 0.032222 0.041062 0.03905 0.035351 0.038451 0.035324 0.039214 0.047065 0.036517 0.036302 0.045097 0.042531 0.049686 0.046447 0.041001 0.043852 0.046477 0.040481 0.044644 0.043107 0.043675 0.043718 0.044326 0.044792 0.049349 0.049995 0.041619 0.034846 0.03783 0.038152 0.031537 0.038729 0.041382 0.040349 0.051977 0.052198 0.048437 0.059066 0.065615 0.070944 0.066832 0.060733 0.063575 0.064622 0.070216 0.066279 0.073505 0.069432 0.052824 0.049037 0.039479 0.041393 0.042615 0.041159 0.052855 0.055074 0.05879 0.052524 0.053781 0.057252 0.053199 0.060442 0.06375 0.066634 0.073221 0.07625 0.0777 0.094952 0.099578 0.097844 0.091803 0.081544 0.068963 0.076681 0.081246 0.080216 0.075791 0.072866 0.069868 0.068024 0.070293 0.071128 0.063286 0.056523 0.054574 0.065814 0.068201 0.066006 0.072478 0.076805 0.0757 0.078834 0.097257 0.098367 0.095282 0.089119 0.07821 0.074662 0.066941 0.073282 0.063905 0.056261 0.048531 0.052946 0.052112 0.055393 0.049544 0.042554 0.045017 0.043549 0.044878 0.044073 0.056746 0.060697 0.055982 0.052104 0.050328 0.054035 0.054226 0.053948 0.052523 0.055429 0.064807 0.067594 0.068134 0.065466 0.066382 0.059751 0.057419 0.057105 0.051626 0.049671 0.043358 0.050052 0.044036 0.036806 0.036945 0.041071 0.038369 0.043991 0.049763 0.058838 0.06645 0.068689 0.072412 0.070117 0.062492 0.069423 0.060307 0.048927 0.052108 0.045483 0.040429 0.031479 0.023783 0.018358 0.022492 0.020321 0.025313 0.021771 0.011788 0.020075 0.024992 0.026895 0.029245 0.043892 0.051212 0.058403 0.069574 0.08169 0.085701 0.092097 0.096546 0.099139 0.11164 0.11734 0.12205 0.11 0.098529 0.089393 0.074657 0.06379 0.049877 0.039364 0.034751 0.025164 0.018583 0.014917 0.015515 0.010578 0.0072755 0.013803 0.009743 0.0088208 0.0080139 0.0094268 0.0083851 0.010903 0.0099509 0.0033104 0.0052028 0.022699 0.033131 0.045926 0.059294 0.060919 0.060058 0.060074 0.063788 0.064097 0.057626 0.044637 0.038666 0.032127 0.024659 0.018785 0.018662 0.023758 0.01466 0.006872 0.0075644 0.0034305 0.0017964 0.0054567 -0.0015184 0.0038223 0.0054632 8.9747e-05 0.0034816 -0.0012435 -0.0018717 -0.0038103 0.0037295 0.0064733 0.0046063 0.01051 0.0034653 0.0012423 -0.00075388 0.0012314 0.0029912 0.0078913 0.0065625 0.0037241 0.009817 0.014998 0.01049 0.0093069 0.0071648 0.011125 0.014915 0.010892 0.015003 0.0053116 0.0079784 0.0079456 0.012503 0.01733 0.013383 0.013966 0.011188 0.016132 0.01731 0.024159 0.025623 0.021042 0.01616 0.019161 0.016323 0.019388 0.018891 0.015411 0.016827 0.01288 0.011447 0.011135 0.017353 0.014767 0.016065 0.011019 0.011729 0.014927 0.021626 0.020389 0.017347 0.011046 0.016093 0.022509 0.027264 0.024078 0.015107 0.019127 0.02654 0.027373 0.025537 0.021645 0.020045 0.019278 0.016761 0.018662 0.017527 0.027955 0.020038 0.020703 0.029304 0.028735 0.028362 0.02214 0.030532 0.030086 0.034645 0.038843 0.041519 0.038491 0.030475 0.032679 0.033061 0.03184 0.031092 0.02847 0.025156 0.030913 0.025097 0.026152 0.030575 0.024285 0.016479 0.020091 0.024184 0.023165 0.020329 0.023628 0.02328 0.021101 0.028622 0.027236 0.029755 0.033452 0.036048 0.033664 0.033087 0.035089 0.034264 0.029964 0.038288 0.032766 0.039326 0.039071 0.035383 0.038272 0.043792 0.042027 0.039382 0.037406 0.039477 0.035067 0.041912 0.035098 0.035896 0.037071 0.05283 0.051362 0.052443 0.044885 0.042475 0.036902 0.027221 0.0202 0.022271 0.017807 0.015957 0.01974 0.018011 0.0070066 0.017147 0.01688 0.014725 0.016209 0.017653 0.014268 0.014994 0.016424 0.017839 0.008607 0.0093818 0.0080692 0.0072826 0.0087701 0.0084945 0.010593 0.016587 0.015786 0.016048 0.0043305 0.013561 0.017061 0.018629 0.015605 0.01599 0.012389 0.01697 0.014398 0.0074644 0.014593 0.0099141 0.012939 0.016081 0.018622 0.032536 0.028408 0.028705 0.030557 0.027987 0.025543 0.024989 0.028785 0.031876 0.024878 0.02218 0.01998 0.020129 0.029173 0.029457 0.026289 0.019437 0.013675 0.019616 0.021651 0.019777 0.025142 0.019635 0.018877 0.02402 0.019164 0.014906 0.013654 0.0067922 0.0075922 0.012053 0.015323 0.013746 0.018203 0.021294 0.033039 0.034323 0.038535 0.042162 0.031571 0.030196 0.028214 0.025454 0.026259 0.036557 0.03074 0.033547 0.029806 0.028866 0.033757 0.042585 0.045735 0.045418 0.059643 0.053247 0.060644 0.070749 0.082539 0.096084 0.10574 0.11101 0.11335 0.095458 0.09089 0.073938 0.060576 0.054531 0.047185 0.039373 0.030628 0.025571 0.021195 0.022731 0.016401 0.020005 0.021214 0.019662 0.018696 0.015167 0.017086 0.013623 0.010444 0.0067487 -0.0035747 -0.0022174 0.0030862 0.00027431 -0.0025978 -0.0054242 -0.0019532 -0.00014043 -0.00048695 -0.0047426 -0.0084362 -0.0097436 -0.0039522 -0.002912 -0.0017153 -0.0060594 -0.0046316 -0.001965 0.0048494 0.010824 -0.0026226 -0.0081346 -0.002694 -0.00028512 0.0060709 0.0097385 0.012317 0.0081846 0.0051041 0.015066 0.019936 0.022069 0.01396 0.014329 0.017758 0.020442 0.019155 0.018446 0.015191 0.017272 0.021178 0.021343 0.019304 0.028192 0.026415 0.02766 0.018295 0.019977 0.012978 0.014558 0.01358 0.0075724 0.010312 0.008145 0.01282 0.014946 0.0092141 -0.00014014 0.0092561 0.0082513 0.002162 0.0039939 0.0061852 0.00093219 -0.010999 -0.009899 -0.0093023 -0.0092026 -0.011197 -0.010454 -0.0040306 -0.00026907 0.0055366 0.0043178 0.0010867 0.00097872 -0.0050209 -0.0044671 -0.003598 -0.0022349 -0.0010466 -0.0084847 -0.0082057 -0.0057212 -0.00069445 -0.0036606 0.00064481 -0.0026599 -0.0010665 -0.0056959 -0.015263 -0.0041189 -0.0088884 -0.0043423 -0.0025422 0.0018094 0.00037538 -0.011274 -0.0025832 -0.0053342 -0.010708 -0.012356 -0.01506 -0.007316 -0.0040153 -0.0034886 -0.0034762 -0.0042707 -0.0010488 0.0070047 0.003618 0.002835 0.0082842 0.0059029 0.00098175 -0.0048177 -0.0021978 -0.0038538 -0.0060789 -0.0058953 -0.0029498 0.00038705 0.001498 -0.0055819 -0.0042137 -0.0061508 -0.0046779 0.0013523 -0.0030139 -0.0045651 0.00022989 -5.8547e-05 0.00050753 -0.0023973 -0.0043352 -0.011361 -0.013443 -0.010302 0.0071917 0.0097572 0.0031881 0.0042476 -0.0025545 -0.0040743 -0.0055477 0.0033464 0.00050882 -0.0027634 0.0049502 -0.0030843 -0.0033478 -0.0099119 -0.0021698 -0.0068209 -0.0059193 -0.0016798 -0.0016152 -0.0017635 -0.0046625 -0.0052892 -0.009723 -0.0073888 -0.0016197 -8.6364e-05 -0.0051382 -0.0012862 0.00013831 0.00096622 0.00039561 -0.0008012 -0.0015552 0.0025971 0.0026865 -0.0022656 -0.0039292 -0.001393 -0.0049233 -0.0064646 -0.0025756
0.027483 0.015871 0.011573 0.017514 0.015678 0.022832 0.03696 0.033053 0.027386 0.024606 0.026224 0.03978 0.039646 0.04358 0.040869 0.038614 0.032991 0.033592 0.036599 0.046213 0.033573 0.042533 0.04214 0.053041 0.047257 0.042011 0.04535 0.041945 0.045782 0.059449 0.050967 0.047103 0.05344 0.046474 0.056819 0.050569 0.044596 0.051233 0.05586 0.047079 0.053289 0.04867 0.047905 0.04926 0.052247 0.050373 0.057507 0.060672 0.047961 0.038005 0.044912 0.0467 0.038226 0.043398 0.049945 0.050147 0.059882 0.056972 0.053838 0.066946 0.073622 0.080682 0.073928 0.071401 0.072196 0.072986 0.082706 0.073461 0.082758 0.073881 0.053933 0.050944 0.043339 0.043098 0.046445 0.04804 0.060307 0.059194 0.064484 0.057401 0.056939 0.059459 0.050964 0.06163 0.070102 0.073378 0.078547 0.085777 0.088684 0.099992 0.10494 0.10022 0.09318 0.087817 0.075105 0.084818 0.08443 0.080353 0.074016 0.072062 0.066741 0.06593 0.072542 0.072927 0.06302 0.055123 0.052113 0.067306 0.069373 0.064024 0.073185 0.078493 0.074754 0.072569 0.096358 0.098185 0.093605 0.090056 0.079505 0.071631 0.061857 0.072658 0.060654 0.052925 0.047898 0.050909 0.05357 0.057567 0.049823 0.040787 0.043483 0.039676 0.041996 0.038535 0.056704 0.064612 0.057324 0.054282 0.052625 0.056305 0.059776 0.054897 0.050277 0.056423 0.065758 0.06615 0.064543 0.062653 0.062816 0.054435 0.05447 0.057591 0.053216 0.052196 0.044496 0.055127 0.045105 0.039727 0.038039 0.040002 0.038682 0.048734 0.055969 0.067645 0.07157 0.073122 0.078447 0.070222 0.059713 0.068047 0.05293 0.043783 0.048747 0.045274 0.04337 0.027413 0.023418 0.017448 0.021992 0.022326 0.026707 0.021799 0.0067691 0.02212 0.029913 0.03113 0.030998 0.048085 0.056949 0.06155 0.073003 0.089573 0.091947 0.096432 0.097981 0.098175 0.11228 0.11785 0.1259 0.10662 0.085058 0.073006 0.059458 0.04924 0.039123 0.038072 0.038735 0.027135 0.020308 0.021345 0.017988 0.015372 0.0094712 0.018923 0.013525 0.010492 0.0090214 0.0099207 0.008542 0.012098 0.012423 0.0054722 0.002386 0.024294 0.033793 0.043379 0.058316 0.056446 0.050939 0.04621 0.05375 0.057727 0.051459 0.033633 0.035546 0.032009 0.024201 0.015968 0.021077 0.023611 0.0096235 0.0031053 0.00095159 -0.0053987 -0.0036563 0.0052038 -0.0050208 0.0014223 0.0033083 -0.0036937 0.0020586 -0.0069541 -0.0058894 -0.0078375 0.0027688 0.0069883 0.0017135 0.013063 0.0058856 0.0025466 0.0031255 0.0054144 0.0026057 0.0077823 0.0058791 0.0056265 0.01124 0.018135 0.0098668 0.0059623 0.0053698 0.011798 0.013414 0.010108 0.014606 -0.00068631 0.0061433 0.0070946 0.011622 0.019259 0.011431 0.016016 0.010719 0.016528 0.01636 0.025283 0.027118 0.019451 0.011773 0.017189 0.010956 0.016538 0.018021 0.013915 0.013061 0.012696 0.01282 0.011189 0.015686 0.014958 0.013882 0.0038916 0.01151 0.013605 0.020439 0.020219 0.015019 0.0082611 0.011871 0.017513 0.025288 0.020407 0.0092098 0.01924 0.02935 0.029703 0.02831 0.022807 0.01945 0.017102 0.012467 0.020585 0.014517 0.026052 0.012994 0.019548 0.02892 0.028775 0.027726 0.022231 0.032874 0.031435 0.032608 0.038344 0.037734 0.03808 0.025481 0.024718 0.028346 0.026235 0.025727 0.025383 0.022904 0.030315 0.023965 0.023134 0.028061 0.018997 0.0067671 0.01185 0.017251 0.017708 0.013609 0.020235 0.020504 0.016373 0.02965 0.024684 0.026973 0.031675 0.031747 0.030396 0.024167 0.032727 0.036921 0.027519 0.035941 0.02863 0.036284 0.038769 0.034074 0.040036 0.04205 0.039171 0.033713 0.030231 0.034967 0.028682 0.036674 0.028888 0.031928 0.031833 0.046137 0.039107 0.03678 0.033447 0.030086 0.028829 0.018084 0.0076844 0.018205 0.01154 0.010133 0.016438 0.017419 0.0043314 0.017426 0.015493 0.016842 0.016958 0.017817 0.014935 0.014369 0.01359 0.013516 0.002422 0.0020938 0.0048216 0.0053719 0.0062234 0.0066294 0.0054454 0.016297 0.016205 0.010977 0.0021547 0.016314 0.020716 0.022077 0.012572 0.015943 0.012251 0.018879 0.01051 0.0012622 0.0059187 0.0021539 0.0060682 0.010365 0.013555 0.028908 0.023746 0.024307 0.026006 0.026282 0.021205 0.022433 0.028338 0.029623 0.019197 0.014159 0.014213 0.017129 0.024431 0.025802 0.024277 0.017156 0.0083712 0.017161 0.016492 0.017554 0.026761 0.023907 0.018081 0.024534 0.018605 0.018058 0.019948 0.0087475 0.0061382 0.01043 0.011041 0.0050628 0.010206 0.011636 0.02725 0.028116 0.036066 0.034012 0.017107 0.022099 0.0172 0.015288 0.017517 0.030542 0.026422 0.035623 0.026558 0.022454 0.029086 0.037777 0.043709 0.037021 0.05057 0.045362 0.053653 0.065071 0.075609 0.086062 0.095783 0.098425 0.099748 0.082693 0.076918 0.058356 0.046925 0.045039 0.04301 0.039674 0.031222 0.019626 0.020958 0.021791 0.014434 0.021724 0.021251 0.014334 0.015801 0.0098953 0.011079 0.0067915 0.0018648 0.003194 -0.0091247 -0.010634 7.4097e-05 0.00093519 -0.003667 -0.010094 -0.0043536 -0.0011907 -0.0012932 -0.0046637 -0.00824 -0.010156 -0.0048631 -0.0052964 -0.0043604 -0.0071241 -0.012569 -0.0009725 0.0063762 0.012176 0.00076149 -0.0045263 0.0055183 -3.9839e-05 0.009659 0.012631 0.011128 0.0071507 0.0047659 0.019451 0.022728 0.024295 0.015274 0.015454 0.017721 0.024167 0.013828 0.011771 0.010418 0.0077786 0.013335 0.014831 0.015353 0.022967 0.017039 0.028287 0.018343 0.020085 0.01262 0.013291 0.0082338 -0.0025784 0.0014878 0.0069371 0.014768 0.015011 0.0020949 -0.0055488 0.0021069 0.0091257 0.0039436 -0.0012162 0.0054554 0.0052448 -0.012434 -0.014454 -0.013735 -0.011688 -0.016776 -0.013652 -0.0037823 0.00072864 0.0077437 0.0077623 4.709e-05 0.0021907 -0.0043773 -0.0056997 -0.0045796 -0.0021195 -0.0020114 -0.012612 -0.0097177 -0.0061708 -0.0027625 -0.0069996 -0.0013474 -0.0012449 6.3789e-05 -0.0076703 -0.020752 -0.0045124 -0.012174 -0.0033551 0.00058149 0.0059828 0.004624 -0.0092377 -0.000441 -0.0015893 -0.01035 -0.011466 -0.018469 -0.0064393 -0.005376 -0.004417 -0.003447 -0.0011155 0.0033156 0.010186 0.0094976 0.0068419 0.013743 0.010439 0.0052463 -0.0063005 -0.0028407 -0.0054779 -0.0073134 -0.012398 -0.0068888 0.004464 0.0075674 -0.0082257 -0.0085905 -0.010194 -0.0042961 0.0060563 -0.0021916 -0.0033049 -0.0054037 -0.0084023 -0.00097094 -0.001917 -0.0053287 -0.011496 -0.015586 -0.012805 0.0094097 0.015778 0.0031201 0.0053888 -0.0045292 -0.012603 -0.0086775 0.0010971 0.0013015 -0.006831 0.0085898 -0.0030539 -0.003596 -0.011248 -0.0022674 -0.013285 -0.011644 -0.0014751 -0.00040632 0.00123 -0.0049808 -0.0074533 -0.013262 -0.0061057 -0.0012951 0.001766 -0.0047667 0.00041307 0.0047263 0.0033117 0.0024399 0.002338 -0.00013463 0.004477 0.0038793 0.00071454 -0.0036211 -0.0046796 -0.0051843 -0.0069541 -0.0068476
0.035498 0.010624 0.0073399 0.015253 0.012632 0.023484 0.044664 0.043765 0.033653 0.02295 0.024187 0.050152 0.046962 0.051604 0.041938 0.042175 0.035308 0.03622 0.046936 0.060872 0.041255 0.049284 0.054346 0.064362 0.052356 0.046017 0.046889 0.047949 0.049086 0.073255 0.070483 0.061837 0.059259 0.045026 0.059221 0.049885 0.040433 0.054537 0.063687 0.054204 0.061589 0.050392 0.044612 0.050889 0.057248 0.050215 0.064165 0.071737 0.053548 0.038863 0.051384 0.056518 0.047593 0.049951 0.06193 0.063505 0.067375 0.06087 0.065655 0.077325 0.080598 0.087994 0.075359 0.080558 0.07841 0.080795 0.09663 0.081482 0.095376 0.075417 0.056777 0.054632 0.053654 0.049418 0.051655 0.054959 0.064955 0.058887 0.067025 0.06342 0.061017 0.059114 0.047879 0.063763 0.075894 0.079447 0.084045 0.098591 0.10423 0.1041 0.11255 0.10461 0.097258 0.1021 0.090183 0.10039 0.089989 0.079729 0.071384 0.06691 0.057457 0.058629 0.069603 0.069593 0.057123 0.049555 0.042352 0.060414 0.05975 0.056404 0.069507 0.077716 0.070905 0.063181 0.091394 0.092747 0.085538 0.087812 0.081966 0.065085 0.053274 0.070496 0.056144 0.047673 0.046972 0.047432 0.053572 0.056773 0.047877 0.041188 0.041045 0.030482 0.034262 0.028112 0.050457 0.069619 0.057453 0.056384 0.053008 0.054168 0.063588 0.051845 0.043562 0.058533 0.066208 0.059689 0.053847 0.056166 0.053906 0.044989 0.04671 0.053164 0.054065 0.059568 0.049197 0.059876 0.043839 0.044628 0.040358 0.037856 0.036759 0.0534 0.062255 0.075615 0.070656 0.070471 0.085273 0.067418 0.054689 0.066602 0.04384 0.041831 0.046825 0.045661 0.048933 0.020473 0.024195 0.014817 0.020421 0.024582 0.023629 0.019196 -2.5208e-05 0.024492 0.034626 0.033634 0.033607 0.050514 0.062805 0.060998 0.073621 0.095324 0.097238 0.096861 0.095551 0.092155 0.10813 0.11304 0.13098 0.10626 0.07252 0.058293 0.045497 0.032595 0.031273 0.038612 0.045529 0.026989 0.018314 0.024885 0.016483 0.019479 0.011668 0.023531 0.018548 0.012287 0.0098087 0.0085284 0.0068882 0.011665 0.011714 0.0088041 -0.0041624 0.022287 0.029389 0.034277 0.052999 0.050218 0.041591 0.032599 0.047495 0.057334 0.049795 0.022062 0.035524 0.038306 0.027483 0.015836 0.030782 0.02519 0.0025854 0.0017785 -0.0025788 -0.015468 -0.0063662 0.010443 -0.005948 -0.00030786 0.0053043 -0.0028772 0.0021356 -0.0098308 -0.009509 -0.0067999 0.0051509 0.0079297 -0.001578 0.018906 0.013957 0.010209 0.01654 0.016793 0.0053127 0.0091872 0.0016497 0.0092394 0.014129 0.02231 0.010658 0.0024358 0.0059061 0.01124 0.0097268 0.0084068 0.012244 -0.0089524 0.0047756 0.0045481 0.009736 0.020251 0.010245 0.021465 0.011168 0.019956 0.017799 0.028202 0.02685 0.012839 0.001534 0.012188 0.0013156 0.0073879 0.013731 0.0029191 0.0021522 0.0087765 0.01279 0.010951 0.014276 0.014158 0.011516 -0.00064643 0.014905 0.0083336 0.017315 0.015445 0.007685 0.0060179 0.005536 0.0085399 0.019858 0.012171 -0.00053614 0.016631 0.027739 0.027428 0.031002 0.022098 0.016145 0.015125 0.0077365 0.025053 0.0090109 0.02339 0.0069793 0.02297 0.029703 0.027711 0.026485 0.022619 0.038121 0.036664 0.03162 0.041069 0.034968 0.041891 0.023158 0.016322 0.023256 0.020376 0.020326 0.021997 0.020761 0.028447 0.022613 0.019193 0.023119 0.011308 -0.0069567 -0.0022215 0.0030283 0.0082724 0.0049522 0.014199 0.018875 0.0087115 0.032315 0.022685 0.022374 0.030916 0.02435 0.022673 0.013096 0.033118 0.040973 0.025228 0.031424 0.025934 0.033869 0.042607 0.036596 0.047199 0.041542 0.035224 0.025489 0.021234 0.028801 0.02014 0.027265 0.020365 0.026731 0.028304 0.036438 0.02297 0.019373 0.027057 0.018667 0.024131 0.010455 -0.0047509 0.017077 0.0043575 0.0033897 0.010402 0.016836 0.00053382 0.015534 0.0097797 0.01789 0.016813 0.023014 0.021227 0.01663 0.008611 0.0051323 -0.0077751 -0.0050881 0.0015961 0.0058511 0.004061 0.0025191 -0.00035425 0.017327 0.014779 -0.0010179 0.0018332 0.020929 0.025755 0.024775 0.0066462 0.01374 0.010827 0.019759 0.0064964 -0.0027951 -0.0032875 -0.0051696 -0.00077154 0.0046772 0.0091064 0.022998 0.018824 0.018098 0.018317 0.026956 0.015714 0.019608 0.027801 0.025612 0.010129 -0.00068182 0.0029574 0.014842 0.01691 0.021846 0.024877 0.014728 0.0057929 0.013024 0.0062 0.013809 0.025438 0.028157 0.01369 0.020601 0.013507 0.021521 0.028963 0.015482 0.0061818 0.0086234 0.0041529 -0.0085655 -0.0036017 -0.0027999 0.01664 0.015679 0.028695 0.015704 -0.0049107 0.0063601 -0.0031823 -0.0021077 0.0051504 0.016818 0.01728 0.038477 0.018132 0.010635 0.017081 0.025248 0.034874 0.020711 0.032396 0.031941 0.039367 0.053658 0.065944 0.071986 0.083812 0.081492 0.08271 0.067396 0.059551 0.043204 0.034345 0.03622 0.038162 0.042762 0.032418 0.0084378 0.02057 0.018448 0.012516 0.024287 0.022747 0.0086042 0.013843 0.0043136 0.0044673 -0.0023816 -0.0090992 -4.8189e-05 -0.016132 -0.020669 -0.0009102 0.0024521 -0.0017907 -0.01679 -0.0036326 0.0002915 -0.0060611 -0.009049 -0.013155 -0.01076 -0.0057489 -0.011302 -0.0094092 -0.010049 -0.02808 -0.00038411 0.0075561 0.012339 0.0078055 0.0030914 0.016937 0.0018032 0.017037 0.019802 0.0062416 0.0063914 0.0053737 0.024359 0.025134 0.028884 0.021485 0.019522 0.022535 0.033803 0.0072011 0.0031689 0.0038711 -0.0036457 0.0027505 0.0044913 0.012443 0.013071 -0.0019663 0.028593 0.018234 0.019581 0.011044 0.012922 0.0045091 -0.012227 -0.0087615 0.007484 0.013245 0.01101 -0.008731 -0.011632 -0.010852 0.0035504 0.0032992 -0.0092347 0.0044414 0.016273 -0.0081636 -0.016954 -0.016099 -0.013854 -0.02332 -0.016201 -0.0034007 0.0041498 0.011254 0.014059 0.00050164 0.0037156 -8.7693e-05 -0.006595 -0.0037096 0.00097072 -0.0055958 -0.022648 -0.0098756 -0.0038229 -0.0063624 -0.013727 -0.0076123 0.0011713 0.0052285 -0.0093429 -0.029366 -0.006445 -0.01294 -0.00058825 0.0035989 0.0097122 0.011877 -0.0045062 0.0029805 0.0081652 -0.0035437 -0.0061297 -0.02425 -0.0053967 -0.0072892 -0.0058305 -0.0018847 0.0053828 0.012708 0.015426 0.019703 0.012453 0.021318 0.013442 0.0084284 -0.0089599 -0.0031562 -0.0077435 -0.0087192 -0.022191 -0.01431 0.0091042 0.015615 -0.0093026 -0.01305 -0.011199 -0.00081543 0.013041 -0.0029135 -0.0026707 -0.016176 -0.023942 -0.0047 -0.0017915 -0.0051428 -0.0094108 -0.012881 -0.011796 0.013434 0.021967 -0.001296 0.0036626 -0.0070697 -0.024425 -0.013585 -0.0046398 0.0053529 -0.012489 0.01181 -0.0040025 -0.00083955 -0.010963 -0.0040325 -0.022321 -0.02038 -0.00025925 0.0015445 0.0042535 -0.0079718 -0.01077 -0.017421 -0.0017424 0.0012611 0.0053379 -0.0012747 0.0021859 0.011413 0.004395 0.0028852 0.0061359 0.0023864 0.0099038 0.0068721 0.0058485 -0.0023627 -0.012732 -0.0044102 -0.0065686 -0.013499
0.0027686 0.0040652 -0.00019825 -0.0075857 -0.0047297 -0.0051974 -0.00099305 0.0024825 0.010393 0.022549 0.030741 0.035369 0.041323 0.03643 0.043702 0.039125 0.043338 0.042003 0.039775 0.041099 0.030188 0.01915 0.016264 0.019931 0.023625 0.027536 0.027632 0.02224 0.024836 0.028608 0.032436 0.034845 0.029397 0.022675 0.018965 0.0097055 0.0046124 -0.0036349 -0.0075959 -0.0088566 0.0017529 0.0027674 -0.0060819 -0.015221 -0.014316 -0.011787 -0.013243 -0.020422 -0.01754 -0.012431 -0.0012085 0.0090949 0.019233 0.017862 0.015208 0.0089199 0.019529 0.023863 0.027972 0.024239 0.017131 0.018725 0.017332 0.026614 0.025202 0.021819 0.023173 0.02826 0.031745 0.029873 0.026229 0.027015 0.023922 0.027839 0.032723 0.029662 0.026119 0.0242 0.022624 0.017748 0.018046 0.025051 0.036133 0.035113 0.037581 0.033762 0.034721 0.044857 0.048717 0.05594 0.059902 0.059555 0.065569 0.068734 0.068351 0.067857 0.06915 0.070978 0.063637 0.061848 0.064604 0.058551 0.0542 0.054007 0.052033 0.047852 0.046153 0.037797 0.043341 0.044272 0.046825 0.049847 0.0507 0.05733 0.057063 0.060737 0.056315 0.058859 0.059352 0.061801 0.059885 0.060948 0.056813 0.056475 0.058679 0.060229 0.049626 0.043507 0.050937 0.048487 0.050467 0.043181 0.038703 0.043406 0.044475 0.043755 0.045743 0.052319 0.047128 0.045183 0.050477 0.051385 0.045057 0.047968 0.054283 0.049263 0.051673 0.052172 0.048706 0.051527 0.058883 0.057587 0.04872 0.046054 0.048841 0.044685 0.051128 0.038921 0.038338 0.040329 0.037166 0.034613 0.034934 0.033765 0.036241 0.034002 0.043784 0.048872 0.046998 0.044448 0.045041 0.045393 0.038833 0.038374 0.039638 0.038621 0.029723 0.031443 0.043282 0.034637 0.031603 0.035815 0.029485 0.02757 0.031973 0.029773 0.022813 0.027029 0.031264 0.032471 0.040548 0.044417 0.049337 0.043258 0.053548 0.062581 0.073336 0.082926 0.085056 0.089954 0.088752 0.086005 0.080062 0.075909 0.067085 0.064703 0.059765 0.06226 0.054919 0.056107 0.051055 0.04059 0.033128 0.031967 0.03064 0.030106 0.028523 0.031415 0.02124 0.025237 0.027614 0.024991 0.028462 0.035826 0.037857 0.050956 0.061413 0.060399 0.070104 0.077515 0.071122 0.078983 0.07904 0.078456 0.080815 0.079162 0.079267 0.078258 0.070296 0.065542 0.060828 0.05878 0.059647 0.054517 0.05053 0.039359 0.032714 0.036583 0.032117 0.029655 0.026199 0.021451 0.019654 0.026897 0.017838 0.012024 0.018616 0.017271 0.0097114 0.0086935 0.0048648 0.0034246 0.0057957 0.0091194 0.010327 0.017158 0.01873 0.016579 0.016676 0.0088571 0.0044661 0.0060483 0.0096736 0.011916 0.013576 0.0078914 0.01049 0.017325 0.021065 0.02117 0.018436 0.014692 0.018181 0.018706 0.027226 0.029649 0.027433 0.027613 0.022471 0.017404 0.024808 0.028884 0.026673 0.021294 0.019537 0.019475 0.023008 0.020327 0.013254 0.016183 0.0199 0.020536 0.02785 0.031006 0.021523 0.026866 0.029392 0.025931 0.022514 0.022939 0.026887 0.023803 0.026266 0.023204 0.021504 0.028873 0.029361 0.027108 0.032606 0.033527 0.024129 0.029126 0.02737 0.032471 0.028645 0.029964 0.034571 0.035211 0.033291 0.039588 0.045713 0.043503 0.039694 0.047209 0.055257 0.059171 0.058115 0.055003 0.054956 0.058765 0.044641 0.046147 0.049496 0.051618 0.05063 0.04878 0.04159 0.050098 0.051934 0.052905 0.04184 0.040967 0.039212 0.039173 0.032589 0.037712 0.045122 0.040816 0.035157 0.031181 0.032168 0.032568 0.032374 0.04035 0.039709 0.041005 0.043773 0.045997 0.047322 0.051727 0.048934 0.050467 0.05864 0.064041 0.06402 0.071236 0.068486 0.068778 0.076483 0.077457 0.077382 0.079145 0.092681 0.095116 0.10633 0.10584 0.10259 0.099884 0.10018 0.099518 0.098278 0.097182 0.085161 0.08873 0.081662 0.069317 0.060455 0.055805 0.050654 0.057827 0.052839 0.052004 0.054542 0.051781 0.041784 0.041035 0.037686 0.030193 0.034833 0.039065 0.043141 0.036421 0.026085 0.026919 0.026737 0.027577 0.02664 0.024807 0.024212 0.021125 0.016428 0.012935 0.019305 0.016478 0.023559 0.025003 0.020895 0.017029 0.020345 0.021817 0.015566 0.023952 0.019328 0.020937 0.020176 0.022248 0.027309 0.025759 0.030009 0.023974 0.025538 0.026827 0.028948 0.024459 0.026834 0.03179 0.029096 0.017896 0.010808 0.013933 0.020255 0.019123 0.02192 0.021096 0.018568 0.020538 0.014343 0.0067364 0.014414 0.019653 0.018767 0.024199 0.029422 0.024571 0.018828 0.026277 0.021223 0.019565 0.02089 0.028336 0.017454 0.026588 0.02661 0.023341 0.028136 0.029638 0.029127 0.023553 0.02335 0.023892 0.029894 0.041493 0.03567 0.030474 0.036064 0.028257 0.031245 0.035354 0.035081 0.039006 0.037903 0.042097 0.038379 0.043483 0.043989 0.054388 0.054471 0.04928 0.049392 0.044993 0.047976 0.045549 0.037333 0.038785 0.036243 0.037559 0.0374 0.041192 0.035133 0.034532 0.026266 0.025558 0.0233 0.027483 0.024946 0.015311 0.011539 0.01386 0.01401 0.012485 0.01098 0.0056022 0.012855 0.016973 0.018838 0.023982 0.023042 0.016121 0.014786 0.015143 0.020142 0.016211 0.017289 0.016034 0.020981 0.024513 0.021407 0.023629 0.017956 0.020587 0.023725 0.025201 0.024704 0.020463 0.026019 0.023999 0.022144 0.026704 0.032885 0.032377 0.032669 0.031406 0.035604 0.029518 0.035958 0.043742 0.044916 0.041364 0.041969 0.039619 0.042077 0.03816 0.041363 0.04221 0.035821 0.032113 0.034708 0.029831 0.036006 0.036785 0.023641 0.021463 0.037425 0.034782 0.03984 0.033895 0.036029 0.033497 0.032854 0.016534 0.012929 0.0073277 0.008756 0.024905 0.025458 0.020942 0.019142 0.017922 0.020425 0.025859 0.023405 0.016156 0.012385 0.0070007 0.012923 0.010938 0.0048612 0.011889 0.01357 0.0065351 0.013219 0.01601 0.011367 0.014037 0.013087 0.0090847 0.010247 0.017853 0.022769 0.008183 0.0053579 0.0005892 0.0035457 0.0088433 0.0098192 0.010045 0.0031494 0.008836 0.0043039 0.0007157 0.0091111 0.0079966 0.0035484 0.0027584 0.0087814 0.014562 0.012344 0.0093494 0.0059307 0.01023 0.0076948 0.0031966 0.0018242 0.0043391 0.0019496 -0.005648 -0.0054216 -0.00087926 -0.0051079 0.0015878 -0.0034138 -0.0016189 0.0027341 0.0018938 0.0099748 0.002871 0.0015045 0.0077487 0.0035379 0.0017162 0.00077904 0.0072876 0.011394 0.010993 0.0060775 0.0065686 0.003967 0.0015955 -0.00071967 0.0060724 0.0077164 0.0090442 0.0053988 0.0015956 0.0036262 0.007773 0.0025842 0.00042164 0.0012654 -0.0013354 -0.0014447 -0.00068139 0.0001997 0.0082419 0.0014986 0.0012854 -0.0032563 -0.0023346 0.0066043 0.0090488 0.010168 0.0023262 0.0046076 0.0060564 0.0057753 0.0012164 -0.0020678 -0.00019872 0.0050769 0.010473 0.0032932 0.00079994
0.0040812 0.0044493 0.002018 -0.0017091 -0.0021781 -0.0031041 -0.00048545 0.0067995 0.013773 0.026111 0.032936 0.036204 0.04148 0.037467 0.044955 0.04616 0.052375 0.051942 0.047715 0.047142 0.03795 0.024614 0.020069 0.022929 0.025213 0.029054 0.033461 0.030369 0.033281 0.039829 0.041222 0.042457 0.037153 0.031368 0.023509 0.011914 0.0049633 -0.0024341 -0.010299 -0.013942 -0.0069529 -0.0067095 -0.011767 -0.01687 -0.015994 -0.013155 -0.015999 -0.019189 -0.013889 -0.0089673 0.0012995 0.0094669 0.019427 0.020203 0.01751 0.013162 0.020261 0.02225 0.025849 0.024115 0.020631 0.022765 0.02352 0.030561 0.028877 0.0281 0.032249 0.033863 0.036445 0.033595 0.031675 0.031419 0.027838 0.030336 0.03412 0.029702 0.026765 0.026786 0.025995 0.025637 0.02826 0.031727 0.041859 0.044187 0.047506 0.046948 0.050026 0.057591 0.058089 0.067539 0.069756 0.068247 0.073052 0.071888 0.071735 0.070242 0.070079 0.069709 0.063678 0.059298 0.05916 0.057122 0.053081 0.05416 0.052644 0.048626 0.050402 0.043367 0.046843 0.047797 0.051854 0.055163 0.056326 0.062131 0.062337 0.064671 0.060238 0.062419 0.063902 0.064595 0.064107 0.062 0.057026 0.059846 0.058706 0.056977 0.047338 0.046198 0.053557 0.051425 0.052254 0.046077 0.045258 0.049471 0.047822 0.046856 0.049922 0.053296 0.050096 0.050096 0.05584 0.06006 0.052245 0.056378 0.061939 0.059198 0.057759 0.061098 0.056333 0.05345 0.058451 0.056667 0.049619 0.047231 0.047936 0.044724 0.047399 0.039254 0.037881 0.040322 0.038912 0.036606 0.037492 0.036884 0.040324 0.040134 0.045625 0.050324 0.049366 0.049081 0.046549 0.043852 0.037123 0.036159 0.036043 0.036015 0.030534 0.028523 0.037824 0.03241 0.028101 0.031817 0.027989 0.028783 0.032748 0.031504 0.028809 0.032584 0.039623 0.043198 0.051497 0.055865 0.061127 0.059955 0.070763 0.077306 0.082993 0.092347 0.093511 0.096957 0.092465 0.086862 0.08027 0.075668 0.065402 0.05788 0.051007 0.052162 0.045002 0.04546 0.041444 0.032917 0.023805 0.022586 0.022802 0.023452 0.02384 0.024752 0.021855 0.025986 0.029253 0.029603 0.034716 0.045605 0.050974 0.063123 0.072797 0.072763 0.081198 0.083902 0.078729 0.081413 0.079547 0.074534 0.077211 0.073406 0.070466 0.068919 0.059119 0.054835 0.050526 0.050974 0.049624 0.043537 0.040876 0.03056 0.027384 0.03134 0.028201 0.024409 0.021228 0.016458 0.014155 0.021509 0.012981 0.007142 0.013542 0.014509 0.0085579 0.0081305 0.0056411 0.0065884 0.008023 0.00861 0.0091244 0.012876 0.015732 0.016005 0.01732 0.010572 0.0071241 0.0076382 0.012577 0.013869 0.015359 0.010949 0.012021 0.018054 0.023727 0.025461 0.023202 0.019214 0.018426 0.020493 0.027861 0.031004 0.025784 0.024763 0.021584 0.019659 0.024368 0.026143 0.024227 0.019725 0.019105 0.019239 0.019274 0.017112 0.013995 0.016647 0.021043 0.02312 0.026816 0.027566 0.022087 0.026643 0.028874 0.026497 0.023424 0.022522 0.027004 0.027339 0.026878 0.021897 0.023244 0.027882 0.027941 0.027527 0.030915 0.03146 0.023645 0.026681 0.028033 0.032673 0.03034 0.030398 0.036312 0.035092 0.032769 0.040598 0.046643 0.045711 0.041868 0.049741 0.058539 0.058974 0.058532 0.057795 0.055885 0.060125 0.050873 0.049302 0.049528 0.048902 0.048439 0.04939 0.041007 0.045268 0.049811 0.050088 0.041591 0.039718 0.037173 0.03932 0.035483 0.039114 0.04618 0.042897 0.035585 0.029438 0.031619 0.03214 0.03384 0.039959 0.043743 0.046709 0.050696 0.047866 0.049274 0.050469 0.050966 0.05509 0.061154 0.064914 0.063569 0.06904 0.067716 0.06755 0.076403 0.080258 0.084051 0.085124 0.09444 0.096016 0.10549 0.10299 0.10134 0.093493 0.094259 0.090072 0.086643 0.084678 0.073462 0.075685 0.069558 0.059173 0.051163 0.044692 0.039973 0.047705 0.0418 0.041739 0.043864 0.040365 0.032519 0.033396 0.031033 0.025537 0.028034 0.032195 0.034968 0.028843 0.022721 0.023552 0.022408 0.021503 0.022283 0.018992 0.019047 0.017875 0.016975 0.013549 0.018266 0.016596 0.020277 0.021517 0.016502 0.01407 0.017459 0.019249 0.013937 0.022136 0.020173 0.02018 0.019141 0.019747 0.024457 0.019841 0.023074 0.02117 0.024802 0.023527 0.025552 0.0204 0.021847 0.023034 0.020483 0.013671 0.0083799 0.011385 0.01408 0.014733 0.016972 0.014265 0.010003 0.014696 0.0095241 0.0037523 0.0096901 0.012977 0.012919 0.015341 0.020919 0.016081 0.012681 0.018332 0.01616 0.017389 0.018826 0.027211 0.020041 0.024742 0.022155 0.019725 0.026718 0.026391 0.024374 0.022049 0.021301 0.02287 0.030767 0.041517 0.037668 0.034333 0.042245 0.035846 0.040832 0.0446 0.047679 0.052773 0.046358 0.045916 0.043607 0.04486 0.044757 0.051931 0.050294 0.042606 0.041126 0.038727 0.039207 0.036925 0.029949 0.031853 0.028846 0.029667 0.030673 0.03261 0.028022 0.028631 0.020658 0.018057 0.017285 0.022822 0.020374 0.013766 0.0097421 0.011905 0.011111 0.0085048 0.0068596 0.0056114 0.011317 0.017265 0.016363 0.021235 0.02146 0.017911 0.01555 0.017315 0.019402 0.014548 0.016602 0.013508 0.017731 0.022073 0.020036 0.021464 0.020049 0.022169 0.022253 0.023081 0.022742 0.021303 0.02537 0.02422 0.02231 0.027275 0.031206 0.02943 0.029498 0.030104 0.033656 0.029322 0.036821 0.041103 0.038799 0.036832 0.039113 0.035603 0.036088 0.031901 0.034603 0.034165 0.030336 0.028328 0.028508 0.027827 0.03407 0.031731 0.021263 0.018671 0.030048 0.02773 0.029446 0.021597 0.023429 0.022233 0.0221 0.010775 0.0096018 0.0074713 0.0053501 0.017868 0.019744 0.015591 0.015272 0.014044 0.015001 0.017298 0.015417 0.01163 0.010557 0.0068212 0.010647 0.0066019 0.0028089 0.0085876 0.0080754 0.0048108 0.010137 0.011703 0.0082476 0.0096759 0.007296 0.0056785 0.0084445 0.015721 0.017936 0.0080773 0.0046661 0.00027212 0.0028613 0.0071974 0.0086358 0.0092858 0.0048555 0.0067373 0.004109 0.000404 0.0068884 0.006984 0.003092 0.0042555 0.00755 0.010612 0.011711 0.0083915 0.0064708 0.0069771 0.0054549 0.0025055 0.00032773 0.0030648 0.0025951 -0.0054527 -0.0035745 0.0016239 -0.003061 0.0032417 -0.0022793 -0.0027737 0.00089508 0.0011969 0.0053284 0.0016737 0.001371 0.0050384 -0.0014728 -0.0039503 -0.002247 0.0022605 0.00596 0.0070776 0.0018655 0.0016095 0.0018614 0.00028895 -0.0042143 0.0020511 0.0058542 0.0072225 0.0056558 0.0022892 0.0036608 0.0064055 0.0037074 0.002464 0.0010673 -0.00077153 -0.0023731 -0.001402 0.00034247 0.0072209 0.0025118 0.0020471 -0.0026576 -0.0020049 0.0037587 0.0088666 0.0091991 0.0022748 0.0044213 0.004463 0.0060246 0.0024129 0.00039311 0.0038132 0.0064881 0.0068092 0.00159 0.00065544
0.00011241 0.0066666 0.0040577 0.0038487 0.0041202 -3.9613e-05 -0.0017219 0.00061024 0.0095098 0.014663 0.026028 0.031798 0.03416 0.039072 0.037858 0.044948 0.051105 0.058274 0.057899 0.051565 0.049714 0.042382 0.029467 0.023404 0.024979 0.02566 0.029176 0.034506 0.033271 0.037811 0.045821 0.045989 0.046407 0.042166 0.037137 0.027198 0.013493 0.0056404 0.00018755 -0.0093776 -0.015029 -0.011098 -0.010571 -0.012556 -0.014402 -0.013448 -0.010923 -0.014135 -0.015127 -0.0086721 -0.0036468 0.0051861 0.010684 0.019181 0.021802 0.018916 0.017597 0.020504 0.022407 0.025942 0.02493 0.023719 0.025815 0.02837 0.033974 0.03348 0.033453 0.038071 0.037822 0.040105 0.035589 0.035376 0.034056 0.031215 0.03343 0.036359 0.031096 0.029118 0.030917 0.031651 0.035122 0.040343 0.041739 0.049845 0.055663 0.059462 0.060767 0.065383 0.070526 0.06864 0.077321 0.076575 0.073956 0.077219 0.074017 0.072528 0.069944 0.068259 0.066244 0.060901 0.055809 0.054346 0.055098 0.051742 0.053773 0.053505 0.050265 0.054348 0.049414 0.052544 0.053508 0.059263 0.061536 0.062456 0.066129 0.066243 0.066187 0.062485 0.063071 0.065821 0.06502 0.063819 0.059906 0.055321 0.060035 0.057152 0.053246 0.045463 0.047804 0.055457 0.054108 0.054089 0.049485 0.052058 0.054688 0.05134 0.050872 0.053344 0.054125 0.052947 0.054852 0.060002 0.066579 0.058655 0.063591 0.067273 0.065553 0.062102 0.065489 0.060221 0.05411 0.05626 0.053577 0.047457 0.045312 0.044985 0.043657 0.043901 0.04093 0.039687 0.041512 0.041547 0.039472 0.041553 0.041886 0.043972 0.044995 0.048033 0.0511 0.049215 0.049994 0.045573 0.041162 0.034387 0.030989 0.030118 0.032225 0.029495 0.026409 0.032679 0.029522 0.025699 0.029389 0.029087 0.031419 0.034955 0.035675 0.036224 0.040927 0.048725 0.055091 0.065062 0.071102 0.075484 0.077562 0.087857 0.091504 0.092716 0.098873 0.097243 0.097887 0.090249 0.082398 0.074585 0.069152 0.059228 0.048407 0.040447 0.040425 0.034668 0.034995 0.031655 0.02586 0.017637 0.016529 0.015908 0.016886 0.019532 0.020518 0.023956 0.02944 0.034591 0.038719 0.045743 0.058229 0.065624 0.074313 0.08182 0.081792 0.087515 0.086052 0.081746 0.079427 0.076476 0.06816 0.06953 0.063587 0.059221 0.057284 0.046738 0.042842 0.038901 0.040028 0.039256 0.032416 0.030868 0.021936 0.020623 0.024957 0.023239 0.01975 0.01652 0.011739 0.0087512 0.015954 0.0088553 0.00419 0.011053 0.013716 0.0088077 0.0086617 0.0060011 0.0087782 0.0090254 0.0076618 0.0074881 0.0094368 0.013488 0.014998 0.017419 0.011512 0.0096975 0.0099248 0.015339 0.015824 0.017853 0.014152 0.014386 0.018041 0.024598 0.026589 0.026137 0.022112 0.019401 0.022148 0.027114 0.029285 0.021848 0.021471 0.021027 0.020557 0.022538 0.023399 0.022111 0.019256 0.019832 0.019839 0.017332 0.014881 0.015011 0.016899 0.021692 0.024411 0.02474 0.02528 0.022434 0.025304 0.028148 0.027003 0.024862 0.022548 0.025946 0.028191 0.026276 0.020432 0.024147 0.025991 0.026512 0.028787 0.030502 0.030436 0.024006 0.02599 0.028399 0.032743 0.033169 0.034285 0.039971 0.038463 0.036279 0.042644 0.047975 0.047788 0.045089 0.051892 0.059637 0.057355 0.057383 0.057765 0.054038 0.058624 0.053471 0.049572 0.046801 0.044901 0.043581 0.047028 0.039101 0.040535 0.046262 0.045702 0.039661 0.03799 0.035176 0.038714 0.035604 0.038587 0.045304 0.043707 0.036091 0.030711 0.034099 0.035341 0.037672 0.041301 0.046824 0.05071 0.054577 0.049522 0.05019 0.049951 0.051677 0.058269 0.062349 0.064464 0.063319 0.068368 0.069779 0.069961 0.079138 0.084084 0.088752 0.0886 0.093415 0.093285 0.099568 0.094421 0.093982 0.082347 0.083122 0.077053 0.071104 0.069308 0.060555 0.06113 0.056897 0.049125 0.042415 0.036401 0.031219 0.037528 0.03206 0.032114 0.033886 0.031511 0.026698 0.027772 0.026193 0.022864 0.023482 0.026154 0.027952 0.022408 0.019266 0.020582 0.019102 0.016307 0.018876 0.015271 0.015086 0.015889 0.017429 0.013877 0.018106 0.017005 0.017623 0.018894 0.013563 0.012228 0.014997 0.015786 0.0127 0.019058 0.018492 0.01822 0.017573 0.01721 0.021661 0.015859 0.017113 0.018308 0.022609 0.020459 0.0224 0.016345 0.017882 0.016389 0.015057 0.011697 0.0077838 0.010422 0.010144 0.010833 0.012728 0.0090067 0.0048294 0.011357 0.0078517 0.004054 0.0081493 0.0087355 0.0097471 0.01087 0.015775 0.012645 0.012166 0.016043 0.015613 0.01909 0.020596 0.028653 0.024196 0.026039 0.022597 0.021405 0.027858 0.025855 0.023424 0.023537 0.023912 0.025372 0.034435 0.045187 0.044027 0.042487 0.050684 0.04652 0.051832 0.053768 0.058511 0.062181 0.051085 0.047049 0.04578 0.044798 0.042568 0.046402 0.043367 0.034708 0.03285 0.0306 0.029876 0.028754 0.024258 0.025516 0.023127 0.023249 0.024606 0.024683 0.020786 0.023239 0.016232 0.012146 0.012404 0.017894 0.016289 0.012734 0.0090757 0.010915 0.0088626 0.0057286 0.0052931 0.005786 0.01006 0.017008 0.014626 0.018961 0.019247 0.017184 0.014063 0.016779 0.017292 0.013029 0.015586 0.010998 0.013645 0.0181 0.019355 0.020361 0.021914 0.022477 0.021962 0.022706 0.021951 0.022242 0.025627 0.024776 0.024037 0.028981 0.030882 0.027761 0.027876 0.028439 0.031056 0.029257 0.036579 0.036694 0.032392 0.032099 0.035525 0.031525 0.029308 0.024875 0.027815 0.02686 0.025575 0.022976 0.021208 0.024807 0.030617 0.026601 0.019619 0.015428 0.023426 0.021542 0.020621 0.012934 0.015197 0.014977 0.014036 0.0084756 0.0090162 0.0095308 0.0045436 0.011838 0.014043 0.012262 0.01232 0.011219 0.011314 0.010236 0.0088728 0.008138 0.0089293 0.0070881 0.0084196 0.0039044 0.0014886 0.0060528 0.004527 0.0046514 0.0075645 0.0079666 0.0046086 0.005534 0.001966 0.0024883 0.0061921 0.013023 0.013884 0.0068083 0.0034409 4.6023e-05 0.0020259 0.005543 0.0079895 0.0095158 0.0065246 0.0043315 0.0034709 0.00041665 0.0047633 0.0058814 0.0024752 0.0049675 0.0059392 0.0077973 0.010571 0.0074938 0.0057073 0.0038517 0.0034467 0.0023851 -0.00062464 0.0017949 0.0023479 -0.0051986 -0.0033961 0.001622 -0.001166 0.0034045 -0.00039636 -0.0035764 -0.0020215 -0.00052271 0.0022474 0.0012939 0.00054527 0.0021103 -0.0037194 -0.0059016 -0.0034543 -0.00016093 0.0031198 0.0037473 -0.0013799 -0.0024244 0.00047115 -0.00086841 -0.0058378 0.00047065 0.0048725 0.005384 0.0050586 0.0017424 0.0027147 0.0040487 0.0042037 0.0032465 0.0014856 -0.00033778 -0.0027033 -0.0012255 0.00057121 0.0056155 0.0034284 0.0024707 -0.001922 -0.0014404 0.0014702 0.0074014 0.0071402 0.0020192 0.0043492 0.0036005 0.0055616 0.0027555 0.0023632 0.0054095 0.0070322 0.0036316 0.00042717
0.023778 0.014708 0.0057443 0.010524 0.0050378 0.0067635 0.0095583 0.0022239 0.00010481 0.002661 0.011185 0.014078 0.023084 0.027569 0.029497 0.035096 0.036394 0.042618 0.051942 0.0583 0.057556 0.04987 0.047664 0.042131 0.03188 0.025036 0.02514 0.024348 0.027173 0.031343 0.031302 0.037149 0.045546 0.044963 0.0455 0.042976 0.038341 0.028272 0.013978 0.0067354 0.0035463 -0.0052887 -0.011844 -0.010622 -0.0090373 -0.0089255 -0.0086997 -0.0075216 -0.0053645 -0.0084139 -0.0083837 -0.0020339 0.0035922 0.010925 0.014054 0.020094 0.023424 0.020472 0.022413 0.021829 0.024628 0.028255 0.027823 0.02777 0.029283 0.032955 0.037066 0.038054 0.037753 0.041021 0.04018 0.042038 0.036044 0.037299 0.035558 0.034577 0.036927 0.040039 0.034853 0.033311 0.036234 0.039353 0.045515 0.052665 0.053977 0.059544 0.067821 0.071718 0.073305 0.077989 0.081352 0.078476 0.084374 0.080562 0.076352 0.077933 0.074111 0.070697 0.067235 0.064635 0.061532 0.056441 0.051989 0.050479 0.053395 0.051157 0.054211 0.055836 0.054009 0.05949 0.056266 0.060001 0.060897 0.067461 0.068226 0.068825 0.069461 0.069024 0.065922 0.062781 0.061568 0.064958 0.062945 0.060269 0.056553 0.052305 0.057709 0.054445 0.050454 0.044766 0.049028 0.056865 0.056397 0.054948 0.05232 0.057143 0.058363 0.054801 0.055517 0.05647 0.055357 0.055933 0.059328 0.063042 0.070679 0.063582 0.068307 0.069904 0.068265 0.06438 0.065423 0.06049 0.053307 0.053062 0.049718 0.043752 0.041705 0.041024 0.041955 0.04125 0.04317 0.043453 0.044515 0.04492 0.043227 0.046796 0.048166 0.047589 0.048323 0.050399 0.050756 0.047197 0.047619 0.042675 0.037259 0.030678 0.024933 0.023831 0.028304 0.027365 0.025029 0.028937 0.02738 0.025212 0.029108 0.032683 0.035297 0.039162 0.042412 0.045215 0.051849 0.05896 0.067905 0.080431 0.088536 0.09143 0.094629 0.10278 0.10336 0.10047 0.10055 0.09517 0.091703 0.081526 0.072018 0.06357 0.056809 0.04917 0.037323 0.029353 0.028583 0.024896 0.025626 0.022607 0.019152 0.013741 0.013566 0.011082 0.011742 0.016935 0.019767 0.028664 0.036864 0.04438 0.052282 0.061052 0.072295 0.079249 0.082494 0.08634 0.08534 0.087263 0.08324 0.079571 0.073077 0.069464 0.059268 0.05937 0.052074 0.047262 0.045672 0.035183 0.031504 0.028258 0.028762 0.029608 0.023013 0.021618 0.01476 0.0141 0.018127 0.017811 0.015956 0.01291 0.0082687 0.0049212 0.011558 0.0059355 0.0031554 0.010253 0.014178 0.0099258 0.0097554 0.0064605 0.010299 0.0092233 0.0069804 0.0065322 0.0072103 0.012199 0.014431 0.01719 0.011984 0.012272 0.012749 0.017943 0.01745 0.020149 0.017 0.017093 0.018042 0.023825 0.025305 0.027241 0.023558 0.020589 0.022651 0.025038 0.024616 0.017243 0.017766 0.020376 0.020178 0.020386 0.021112 0.020335 0.019482 0.020769 0.020359 0.016914 0.013588 0.015612 0.017268 0.021946 0.02488 0.02257 0.024671 0.022744 0.023298 0.02708 0.026912 0.026181 0.02295 0.02404 0.026812 0.024718 0.019284 0.0242 0.024487 0.02604 0.030287 0.030467 0.029892 0.025255 0.026871 0.02945 0.033306 0.037038 0.040404 0.044536 0.043527 0.042166 0.045447 0.049189 0.049104 0.048462 0.053322 0.057979 0.054095 0.054006 0.054434 0.049563 0.054441 0.052426 0.046941 0.041819 0.040176 0.03796 0.042755 0.03718 0.036626 0.041352 0.041156 0.03706 0.036402 0.033797 0.037328 0.034444 0.03722 0.043168 0.043727 0.037152 0.034447 0.038802 0.040628 0.043306 0.043639 0.04896 0.052964 0.055937 0.051011 0.05044 0.05002 0.051259 0.059811 0.061939 0.063273 0.063573 0.069425 0.074055 0.074746 0.082978 0.087653 0.090518 0.088438 0.088782 0.086369 0.089157 0.081227 0.080727 0.067726 0.06852 0.061877 0.053905 0.052946 0.048152 0.047624 0.045071 0.039925 0.034353 0.030316 0.024882 0.028448 0.024425 0.023673 0.024905 0.025085 0.023418 0.023983 0.02324 0.021519 0.020421 0.020853 0.022215 0.017706 0.016252 0.017912 0.016276 0.012788 0.016847 0.013484 0.013196 0.015642 0.017972 0.014057 0.018643 0.017635 0.016007 0.017514 0.013096 0.012712 0.013963 0.013191 0.013076 0.016752 0.01632 0.016503 0.01672 0.016313 0.020237 0.014814 0.013463 0.016977 0.02091 0.018799 0.020355 0.013209 0.015091 0.012599 0.012591 0.010834 0.0081886 0.010046 0.0086973 0.0082832 0.0099901 0.0063117 0.0034354 0.010928 0.009638 0.0069141 0.0093065 0.0077702 0.01005 0.011605 0.014525 0.01401 0.015839 0.017814 0.018432 0.023049 0.023943 0.030482 0.028135 0.028746 0.026074 0.025853 0.030628 0.028457 0.026753 0.027816 0.030673 0.031914 0.041312 0.0524 0.054106 0.054741 0.060802 0.059432 0.063103 0.062259 0.066355 0.066391 0.052501 0.045744 0.045293 0.043404 0.038409 0.039999 0.035782 0.028264 0.026701 0.023638 0.022309 0.022846 0.020618 0.021117 0.019776 0.018765 0.019951 0.018292 0.014438 0.018376 0.012696 0.0084696 0.0090756 0.013197 0.012331 0.010358 0.0081125 0.0095472 0.0061416 0.0033127 0.0045513 0.0053192 0.0084737 0.015297 0.012478 0.015788 0.015934 0.013816 0.010865 0.014148 0.014367 0.011503 0.014021 0.0086785 0.0095944 0.013551 0.019054 0.019319 0.022572 0.021721 0.021857 0.023122 0.021839 0.022764 0.026286 0.025203 0.026102 0.030593 0.031414 0.027323 0.027151 0.026436 0.028092 0.028495 0.035095 0.031801 0.026726 0.028248 0.031888 0.027494 0.022798 0.018742 0.021886 0.020725 0.021181 0.016968 0.014012 0.02066 0.025725 0.021494 0.017898 0.011713 0.016882 0.015858 0.013453 0.0070139 0.010553 0.011023 0.008844 0.0082451 0.0093496 0.011218 0.0051295 0.0077347 0.0092768 0.0097538 0.0092528 0.0091618 0.0091428 0.0049948 0.0038821 0.0054839 0.0073957 0.0074282 0.0063815 0.0024769 0.00088843 0.0043951 0.0031172 0.005331 0.0054928 0.0054351 0.0012008 0.0017248 -0.0024775 -0.00017669 0.0040194 0.0096326 0.0098256 0.0045024 0.001535 -0.00017623 0.0011689 0.0039029 0.0076778 0.0098718 0.0073723 0.0022777 0.0024921 0.00051064 0.0029986 0.0044462 0.0016073 0.0050113 0.0045305 0.0059849 0.0086101 0.0061175 0.0043214 0.0014566 0.0019153 0.0020791 -0.0017208 -0.00018818 0.0011104 -0.0042121 -0.0033093 0.00043026 2.6656e-05 0.0021961 0.00056502 -0.0036213 -0.0041682 -0.0018449 0.00041172 0.0012121 -0.00085469 -0.00045525 -0.0040426 -0.0053552 -0.003196 -0.00033151 0.002637 0.0011486 -0.0039336 -0.0047382 -0.00062298 -0.0021357 -0.0056003 3.0693e-05 0.0042887 0.0035569 0.0036438 -0.00025722 0.0010763 0.0015599 0.0042275 0.0035072 0.0021901 -0.00022402 -0.0029495 -0.00070767 0.00082964 0.0035309 0.0038633 0.0022957 -0.00095872 -0.00056605 -0.00014767 0.0049871 0.004385 0.0017815 0.0042618 0.0032299 0.0043824 0.0022385 0.0031875 0.0050808 0.0063366
0.038648 0.028165 0.019456 0.011384 0.013988 0.0076026 0.010381 0.013459 0.0043232 0.0022725 0.0050568 0.011988 0.012612 0.018134 0.020822 0.023075 0.030244 0.032527 0.037521 0.047569 0.051775 0.050647 0.043037 0.041344 0.037385 0.031183 0.02417 0.023261 0.021697 0.023847 0.026209 0.026623 0.032054 0.040063 0.039055 0.040495 0.03985 0.035151 0.026655 0.014106 0.0086694 0.0074864 0.0013082 -0.0048366 -0.0058147 -0.0031331 -0.0022852 -0.0010835 0.00031156 0.0026725 -0.00017896 9.2874e-05 0.0056049 0.012249 0.018251 0.019688 0.023149 0.025976 0.023087 0.027245 0.024972 0.028688 0.03238 0.032883 0.033518 0.034082 0.037606 0.039813 0.041396 0.040887 0.041562 0.040587 0.041953 0.035563 0.038067 0.036837 0.038238 0.04058 0.044956 0.040866 0.039088 0.042361 0.048465 0.055615 0.063194 0.066608 0.069859 0.078929 0.082347 0.082509 0.085177 0.087566 0.085365 0.087826 0.082 0.075722 0.075908 0.072284 0.066988 0.063292 0.060471 0.056731 0.051821 0.048983 0.048087 0.053052 0.052137 0.056372 0.05984 0.060192 0.066485 0.0641 0.068216 0.068546 0.074375 0.073952 0.074193 0.071892 0.070676 0.064463 0.06121 0.058847 0.061595 0.059004 0.055192 0.05339 0.048964 0.05397 0.051306 0.049372 0.045577 0.050398 0.057881 0.057918 0.054416 0.053841 0.058972 0.059709 0.057461 0.059691 0.059311 0.057133 0.058923 0.062939 0.064964 0.072143 0.065999 0.069349 0.069348 0.067464 0.064104 0.061603 0.057587 0.050898 0.049504 0.046505 0.040007 0.03793 0.037508 0.040437 0.04026 0.045375 0.048382 0.049267 0.048856 0.04805 0.052583 0.054403 0.050994 0.049778 0.051594 0.049019 0.043831 0.042598 0.038547 0.032402 0.026491 0.01998 0.018967 0.025028 0.025003 0.024271 0.027453 0.027299 0.027318 0.031547 0.038588 0.040606 0.045525 0.051287 0.05564 0.064368 0.070291 0.080839 0.095195 0.10453 0.10605 0.10863 0.11255 0.11003 0.1036 0.095893 0.086879 0.079029 0.067439 0.056836 0.049177 0.040922 0.03689 0.026345 0.019469 0.018398 0.016834 0.018196 0.015415 0.013364 0.011182 0.012584 0.0089438 0.0094055 0.017422 0.023458 0.036609 0.047885 0.057241 0.068052 0.077757 0.085023 0.088926 0.085968 0.08507 0.082185 0.080063 0.075333 0.07207 0.06327 0.059137 0.048572 0.048617 0.041021 0.036184 0.035541 0.025709 0.022514 0.020366 0.019639 0.021641 0.01661 0.014285 0.0099619 0.0092977 0.011854 0.01273 0.013042 0.010639 0.0064224 0.0032483 0.0086899 0.0044073 0.0038043 0.0099971 0.014464 0.010953 0.010752 0.0073895 0.01151 0.0091228 0.0067983 0.0068409 0.0065 0.011828 0.014503 0.016824 0.012236 0.014599 0.015402 0.019979 0.01839 0.021368 0.019114 0.019655 0.01879 0.022354 0.022915 0.026772 0.023955 0.021571 0.021783 0.022187 0.018364 0.013798 0.014223 0.01913 0.018718 0.018814 0.019349 0.018915 0.020146 0.021284 0.020279 0.017673 0.013393 0.015953 0.018033 0.022033 0.025271 0.021394 0.025624 0.023128 0.02137 0.025647 0.025963 0.026762 0.023325 0.021763 0.024387 0.023054 0.018671 0.023521 0.0242 0.026879 0.031403 0.030387 0.029414 0.027114 0.028409 0.031242 0.034256 0.040989 0.046701 0.048859 0.048204 0.048026 0.048129 0.049604 0.0491 0.050778 0.053328 0.05353 0.049399 0.048546 0.04856 0.043755 0.048569 0.048429 0.042204 0.036051 0.035485 0.033252 0.037722 0.035755 0.033738 0.035947 0.037486 0.034722 0.035444 0.033541 0.035463 0.03366 0.036108 0.040302 0.042938 0.038538 0.03906 0.044108 0.045905 0.048931 0.046 0.050198 0.053348 0.055142 0.051912 0.050128 0.050143 0.05013 0.05956 0.059964 0.061755 0.064408 0.071751 0.07906 0.079864 0.085749 0.088802 0.088024 0.083777 0.080189 0.075483 0.075364 0.065371 0.06362 0.051717 0.052853 0.046632 0.037704 0.037803 0.037749 0.036872 0.03532 0.032197 0.027573 0.025759 0.021175 0.021399 0.019148 0.017198 0.017714 0.021093 0.021675 0.021317 0.021639 0.020448 0.018043 0.016582 0.017794 0.015118 0.014078 0.015471 0.013823 0.011474 0.016357 0.013689 0.013548 0.01702 0.018858 0.014781 0.020183 0.018969 0.016123 0.017909 0.015334 0.015558 0.01464 0.01256 0.015408 0.016485 0.015336 0.01606 0.017288 0.018001 0.020981 0.016755 0.012624 0.017592 0.020551 0.018889 0.019756 0.011808 0.01331 0.011645 0.012565 0.010515 0.0089745 0.0096595 0.0091489 0.0075732 0.0092028 0.0066387 0.0056139 0.013101 0.01436 0.011913 0.013041 0.010581 0.014155 0.017131 0.016992 0.018925 0.021721 0.022013 0.023335 0.027665 0.02722 0.031319 0.030841 0.031424 0.030825 0.030765 0.034269 0.034011 0.033393 0.034127 0.039973 0.041892 0.051274 0.062321 0.066291 0.069264 0.071085 0.07236 0.072734 0.068598 0.069895 0.065126 0.05089 0.042321 0.042483 0.040429 0.033342 0.034044 0.029081 0.024542 0.023766 0.019603 0.017928 0.019979 0.019005 0.019282 0.018521 0.015961 0.01698 0.014005 0.0095711 0.014084 0.0097174 0.0071848 0.0073611 0.00898 0.0081352 0.0058441 0.0059307 0.0073281 0.0029842 0.0012909 0.0035676 0.0042388 0.0063969 0.012054 0.0097032 0.011158 0.011136 0.0081617 0.0070561 0.010555 0.011434 0.01011 0.012087 0.0068462 0.0064895 0.0099093 0.019059 0.017911 0.021532 0.020531 0.021482 0.023658 0.022239 0.02252 0.026804 0.025208 0.027373 0.031283 0.032201 0.027871 0.026792 0.024027 0.025067 0.026429 0.032307 0.027594 0.022743 0.025781 0.028303 0.023185 0.0173 0.014683 0.017199 0.016228 0.016806 0.011191 0.0084561 0.016078 0.019899 0.016409 0.015538 0.0079262 0.010452 0.010712 0.0078682 0.0031018 0.0082278 0.0092065 0.0062725 0.0087194 0.0091025 0.011078 0.005653 0.0055391 0.0059993 0.0072892 0.005703 0.0074055 0.0076335 0.0016498 0.00070341 0.0035248 0.0056699 0.007432 0.0045362 0.0014983 0.0006044 0.003383 0.0030599 0.005438 0.0034882 0.0038331 -0.0019992 -0.0016754 -0.0057078 -0.0023534 0.0016789 0.0054157 0.0053802 0.0016948 -0.00077906 -0.00054708 0.0001293 0.002254 0.0074342 0.0094384 0.0068095 0.0010198 0.0014417 0.00030044 0.0014677 0.0026927 0.00055505 0.0043931 0.0037318 0.004879 0.0057967 0.0039476 0.0028986 0.0002454 0.0012134 0.0012212 -0.0031182 -0.0028019 -0.00089556 -0.0023737 -0.0023292 -0.00099192 0.00020214 7.4088e-05 -0.00031201 -0.0030485 -0.0045963 -0.0017803 -0.00026937 0.0011557 -0.0023962 -0.0022784 -0.0030135 -0.0036413 -0.001959 0.00088935 0.0037016 -0.00043797 -0.005645 -0.0050903 -0.0017753 -0.0033544 -0.0040135 -0.00011835 0.0036914 0.0017464 0.0014455 -0.0033542 -0.00093238 -0.00048226 0.0036156 0.0035211 0.0026826 -0.00044471 -0.0032313 -0.00038281 0.00090338 0.0012197 0.0033597 0.0015956 9.3497e-05 0.00056196 -0.0011342 0.0021392 0.0015844 0.0014628 0.0037191 0.0031913 0.0029956 0.0013353 0.0025498 0.0032071
0.03399 0.037275 0.027723 0.020706 0.01489 0.015271 0.010782 0.013587 0.015183 0.0060869 0.0044325 0.0072613 0.012534 0.011168 0.012876 0.013382 0.016958 0.025578 0.02732 0.030839 0.039482 0.041283 0.039957 0.033948 0.033132 0.030523 0.028552 0.021424 0.020452 0.019355 0.021291 0.022521 0.022802 0.025713 0.032764 0.031746 0.03414 0.035031 0.029893 0.024073 0.015318 0.011985 0.012292 0.0095622 0.0048012 0.0022427 0.0052613 0.0054639 0.0069661 0.0083066 0.011745 0.0088173 0.0088817 0.013683 0.021325 0.026028 0.026683 0.028477 0.030214 0.027453 0.031758 0.029925 0.03407 0.037722 0.039368 0.040873 0.040483 0.042081 0.04217 0.042692 0.042951 0.040634 0.039167 0.040577 0.035291 0.038954 0.038789 0.042157 0.044305 0.050286 0.048012 0.04584 0.049 0.057963 0.064198 0.070414 0.077731 0.079447 0.087647 0.089896 0.087224 0.085915 0.088148 0.088075 0.087751 0.081643 0.073393 0.072834 0.069788 0.063075 0.060027 0.057289 0.053158 0.04871 0.048191 0.047827 0.054699 0.055026 0.060304 0.06481 0.068007 0.07496 0.072817 0.076135 0.074916 0.07827 0.077599 0.077287 0.073252 0.071162 0.062541 0.058461 0.056019 0.05698 0.054828 0.050653 0.051215 0.046455 0.050335 0.048848 0.050001 0.047836 0.052295 0.05874 0.058478 0.052929 0.054086 0.057396 0.058701 0.058702 0.062246 0.061788 0.059533 0.061795 0.065195 0.06602 0.071417 0.065645 0.06681 0.065956 0.063962 0.061256 0.055855 0.05272 0.047183 0.046184 0.044921 0.037483 0.035413 0.035913 0.040181 0.041698 0.047631 0.053531 0.055026 0.052961 0.053799 0.05796 0.058875 0.053657 0.049474 0.05074 0.046042 0.039827 0.036313 0.034244 0.027496 0.022887 0.017531 0.016524 0.022754 0.023218 0.024102 0.028302 0.029904 0.032094 0.036837 0.046313 0.047676 0.053743 0.061372 0.066769 0.076878 0.082165 0.092714 0.10645 0.11494 0.11559 0.11666 0.11464 0.10925 0.10019 0.085245 0.073758 0.062787 0.051164 0.040066 0.034648 0.025359 0.024896 0.01753 0.012432 0.011299 0.011287 0.013201 0.010905 0.0094279 0.0092552 0.012003 0.009242 0.010761 0.02167 0.031589 0.047263 0.060245 0.069911 0.081944 0.091196 0.093094 0.092339 0.084163 0.078426 0.073063 0.067662 0.063485 0.060364 0.051903 0.047302 0.037581 0.03888 0.03183 0.02696 0.027394 0.018733 0.016727 0.015804 0.013913 0.015922 0.013413 0.009526 0.0075317 0.0069125 0.0071486 0.0087079 0.010884 0.0093521 0.0058035 0.0032362 0.0067957 0.0039893 0.0055731 0.0094946 0.013286 0.011057 0.011213 0.008707 0.012514 0.0089576 0.0069485 0.0084046 0.0072249 0.012162 0.014803 0.016222 0.012353 0.016228 0.017139 0.020984 0.018545 0.021131 0.020341 0.021559 0.020549 0.021429 0.020925 0.025329 0.023995 0.022213 0.020234 0.019654 0.012856 0.012819 0.011679 0.017023 0.016498 0.018231 0.018068 0.017948 0.020951 0.021012 0.019589 0.019205 0.014505 0.016631 0.01912 0.022224 0.026244 0.021945 0.0274 0.023648 0.020391 0.024403 0.024667 0.026603 0.023528 0.019925 0.022459 0.02219 0.018526 0.022426 0.025316 0.028532 0.031665 0.030331 0.028911 0.029029 0.029391 0.033119 0.034994 0.043592 0.050846 0.051805 0.050684 0.051408 0.0496 0.048654 0.047595 0.051005 0.051295 0.047099 0.044141 0.042144 0.041945 0.038476 0.042495 0.042787 0.036795 0.031331 0.031609 0.030417 0.033028 0.034529 0.031521 0.031354 0.035142 0.033219 0.035207 0.034555 0.033778 0.034323 0.036083 0.037351 0.041175 0.039745 0.042593 0.048177 0.049212 0.052345 0.047458 0.050621 0.052043 0.052843 0.051811 0.049354 0.0496 0.048709 0.057609 0.056899 0.060003 0.065669 0.074226 0.082851 0.082933 0.085611 0.085694 0.080736 0.074869 0.068449 0.062121 0.060241 0.049775 0.046296 0.036928 0.038909 0.033772 0.025084 0.026007 0.030242 0.029455 0.028271 0.026283 0.02275 0.022094 0.019691 0.016763 0.015816 0.013163 0.012963 0.019249 0.0205 0.019051 0.020621 0.01855 0.015759 0.013699 0.014696 0.014504 0.013006 0.013291 0.012051 0.012216 0.016899 0.0156 0.015372 0.019185 0.02013 0.016504 0.022935 0.021445 0.018395 0.020288 0.019432 0.019654 0.016526 0.014054 0.019178 0.018375 0.01636 0.017126 0.019049 0.021953 0.023691 0.020576 0.014027 0.019291 0.021311 0.020286 0.020302 0.012589 0.012334 0.012775 0.014218 0.010763 0.0096856 0.0091577 0.010089 0.0083758 0.010173 0.0095346 0.010186 0.016789 0.020512 0.018437 0.018846 0.016595 0.021294 0.025449 0.022043 0.025352 0.027662 0.026959 0.028988 0.031604 0.029633 0.031068 0.032191 0.033297 0.035433 0.034612 0.038204 0.041621 0.041198 0.041277 0.049449 0.053291 0.062956 0.07317 0.078171 0.082869 0.079483 0.082352 0.078621 0.071143 0.068625 0.059449 0.046934 0.037623 0.038138 0.035916 0.028616 0.029126 0.024105 0.023317 0.023682 0.018586 0.016867 0.019685 0.018828 0.019547 0.018184 0.01399 0.015188 0.011578 0.006248 0.010319 0.0071481 0.007669 0.0067822 0.0054496 0.0038211 -7.9157e-05 0.0025481 0.0045511 0.00010352 6.2715e-05 0.0019438 0.0029927 0.0039558 0.0080895 0.0069388 0.0054693 0.0049389 0.0012795 0.0038521 0.0072262 0.009173 0.0091659 0.010274 0.0056706 0.0049859 0.0084787 0.019307 0.01617 0.018984 0.019481 0.020768 0.023863 0.022925 0.021454 0.0268 0.024802 0.027184 0.030634 0.03281 0.029093 0.026603 0.021481 0.02244 0.023113 0.028529 0.024726 0.020766 0.024465 0.024531 0.018449 0.013299 0.013091 0.013662 0.013746 0.012544 0.0063948 0.0056417 0.012112 0.013945 0.011274 0.012293 0.0044875 0.0046448 0.0062349 0.0035353 0.00063717 0.0067462 0.0082577 0.0055024 0.0087221 0.0075658 0.0087618 0.0049158 0.004421 0.004115 0.0046948 0.0019968 0.0053954 0.0057118 6.2354e-05 -0.00055287 0.0021948 0.0035717 0.0068887 0.002867 6.783e-05 0.00018766 0.0024979 0.0029576 0.0038537 0.0012675 0.002493 -0.005254 -0.004515 -0.0076628 -0.0042993 -0.0013731 0.00050634 0.00078243 -0.00081175 -0.0028883 -0.0011626 -0.0011461 0.00075629 0.0070931 0.0077604 0.0049084 0.00079018 0.00084811 -0.00028193 -4.882e-05 0.00087008 -0.00041732 0.0031769 0.0035513 0.0040608 0.0025938 0.0011922 0.0017176 0.00020973 0.0012942 -0.00024359 -0.004506 -0.0053179 -0.0030859 -3.6879e-05 -0.00022352 -0.0020093 -0.00054597 -0.0021908 -0.0029434 -0.0026481 -0.0036452 -0.00017667 0.00011787 0.0011649 -0.0033969 -0.0032098 -0.0011282 -0.0020297 -0.00022012 0.0023639 0.0050843 -0.00077788 -0.0062122 -0.0039444 -0.0031457 -0.0041302 -0.0019386 -0.00026466 0.0028382 8.9575e-06 -0.0012241 -0.0065272 -0.0028374 -0.0018662 0.0021402 0.0032958 0.0025766 -0.00089815 -0.0033229 -0.00052981 0.0006255 -0.00096679 0.001745 0.00067936 0.00093735 0.0017021 -0.0016347 -0.00045908 -0.00045225 0.00081495 0.0023679 0.0033822 0.0021674 0.00067949 0.00070776
0.018047 0.018102 0.029483 0.030608 0.023672 0.019629 0.015935 0.014397 0.013905 0.016088 0.015828 0.0083429 0.0070633 0.0097458 0.014194 0.011158 0.0096734 0.0080904 0.01386 0.022435 0.023199 0.025105 0.031609 0.031701 0.030266 0.026813 0.026401 0.025064 0.026548 0.018812 0.018588 0.019254 0.021518 0.023127 0.022987 0.022133 0.027766 0.027189 0.029729 0.031571 0.025921 0.023012 0.018796 0.017024 0.018367 0.018555 0.015469 0.011742 0.013921 0.012718 0.014377 0.015136 0.020278 0.017043 0.016811 0.021818 0.029771 0.0327 0.033741 0.035428 0.036449 0.033827 0.036137 0.036167 0.040209 0.043836 0.046184 0.049033 0.048058 0.045906 0.044132 0.041963 0.044202 0.039566 0.036971 0.039531 0.036476 0.04131 0.041806 0.045907 0.048182 0.054952 0.05469 0.052858 0.055972 0.066828 0.070824 0.074331 0.086317 0.087309 0.093547 0.094071 0.087977 0.081723 0.084588 0.087256 0.085457 0.080458 0.071189 0.0706 0.068189 0.060842 0.059183 0.056253 0.051731 0.048161 0.050544 0.050129 0.058103 0.059503 0.065216 0.069571 0.075726 0.083668 0.081894 0.083056 0.079222 0.078671 0.078898 0.077727 0.073661 0.070485 0.060829 0.055609 0.053985 0.052915 0.052346 0.048248 0.049941 0.045498 0.048106 0.048025 0.051551 0.051167 0.054908 0.059805 0.058322 0.051492 0.053886 0.054007 0.056433 0.058553 0.062769 0.063914 0.062659 0.06461 0.066131 0.066681 0.069568 0.06346 0.062409 0.061179 0.059299 0.05667 0.050679 0.047627 0.042982 0.043559 0.045066 0.03681 0.035075 0.037107 0.042098 0.045819 0.050684 0.058249 0.06069 0.056645 0.059804 0.06191 0.060244 0.055031 0.048105 0.047873 0.042367 0.035994 0.030583 0.030866 0.023765 0.020993 0.017833 0.016206 0.021384 0.022524 0.024624 0.030731 0.034851 0.038837 0.04437 0.055097 0.056655 0.063196 0.071614 0.077536 0.087842 0.093667 0.10253 0.11251 0.1175 0.11739 0.11683 0.10847 0.10079 0.090288 0.071132 0.058937 0.04719 0.036698 0.025828 0.023244 0.013883 0.015562 0.012404 0.0089321 0.0076625 0.0082502 0.010568 0.0091066 0.0079304 0.0078215 0.010676 0.010944 0.015623 0.029097 0.042699 0.05889 0.070787 0.078814 0.089857 0.097205 0.094354 0.089039 0.077929 0.068548 0.060628 0.053364 0.049942 0.046782 0.041125 0.036177 0.027831 0.030666 0.024556 0.019523 0.020777 0.013737 0.013724 0.013643 0.011027 0.012309 0.012317 0.007005 0.0063133 0.006444 0.0044626 0.0059273 0.0092965 0.0083174 0.0054047 0.0036101 0.0049164 0.0039666 0.0076564 0.0087389 0.01039 0.010041 0.011182 0.0098919 0.013059 0.0084756 0.0070515 0.010707 0.0088085 0.012938 0.014644 0.015052 0.012288 0.016853 0.017762 0.020761 0.018176 0.019774 0.020756 0.022417 0.022924 0.02189 0.020377 0.023652 0.024328 0.022518 0.019071 0.018506 0.010215 0.014366 0.010653 0.014292 0.013943 0.018368 0.017262 0.017483 0.02134 0.019839 0.01871 0.021154 0.016931 0.018099 0.02005 0.022645 0.027934 0.024123 0.028977 0.024191 0.02089 0.024338 0.024182 0.026412 0.023924 0.019357 0.022122 0.022417 0.018572 0.021321 0.027299 0.029783 0.030875 0.030624 0.028628 0.030482 0.029022 0.034303 0.034876 0.043741 0.051394 0.052622 0.050194 0.050914 0.04903 0.04613 0.044894 0.048873 0.047216 0.040019 0.039446 0.03632 0.036438 0.035115 0.0374 0.036756 0.031977 0.028714 0.028909 0.029265 0.029351 0.032691 0.029293 0.028585 0.033838 0.032511 0.035262 0.036427 0.032927 0.036202 0.037253 0.035014 0.038483 0.040411 0.043694 0.049833 0.049654 0.052254 0.047507 0.050265 0.049608 0.049945 0.050568 0.048254 0.047824 0.047177 0.054343 0.053414 0.057678 0.066912 0.07537 0.083609 0.082019 0.081694 0.077953 0.069506 0.06309 0.055377 0.04853 0.046103 0.03715 0.032353 0.025332 0.028708 0.024994 0.01745 0.018665 0.025492 0.024694 0.023574 0.022063 0.020076 0.018735 0.019169 0.013994 0.013491 0.011231 0.010556 0.018728 0.019279 0.016959 0.019612 0.015201 0.013409 0.012287 0.012875 0.015079 0.013082 0.01153 0.011411 0.014041 0.017293 0.0182 0.017124 0.020879 0.021376 0.018794 0.026511 0.024845 0.02235 0.024044 0.023734 0.023336 0.018579 0.016891 0.023342 0.021406 0.019026 0.019067 0.020981 0.026675 0.027152 0.024376 0.016168 0.020329 0.022229 0.022022 0.021205 0.015334 0.012064 0.014808 0.016706 0.01192 0.010158 0.0088881 0.010029 0.009615 0.012052 0.013668 0.015205 0.020463 0.026037 0.025404 0.02544 0.02409 0.029577 0.033492 0.027871 0.031151 0.031982 0.031163 0.034294 0.034168 0.031335 0.030701 0.03271 0.034446 0.039209 0.037098 0.04193 0.049803 0.047775 0.047977 0.056985 0.063418 0.073993 0.082684 0.0874 0.092387 0.084337 0.087167 0.079407 0.069054 0.063372 0.051676 0.041845 0.032945 0.033351 0.030478 0.025256 0.025166 0.020907 0.023352 0.024794 0.01911 0.01787 0.0205 0.019048 0.020411 0.017282 0.01186 0.013483 0.0099432 0.004062 0.00693 0.0050206 0.0086123 0.006453 0.0027952 5.6699e-05 -0.0055787 -0.001161 0.0018959 -0.0017832 -0.00017396 -0.00014074 0.001912 0.0014544 0.0046938 0.0052135 -0.0001956 -0.0019177 -0.0051805 0.00194 0.0049567 0.0078236 0.0089636 0.0090554 0.0050556 0.005243 0.0096581 0.019653 0.014362 0.01569 0.018672 0.019885 0.023455 0.023375 0.019765 0.026089 0.024146 0.025541 0.028646 0.033104 0.030614 0.026685 0.019389 0.020629 0.019238 0.024352 0.022901 0.019957 0.023349 0.020315 0.013728 0.011028 0.013296 0.010741 0.01314 0.0089865 0.0030306 0.0054283 0.0094901 0.0086702 0.0059822 0.0081686 0.0014477 -8.3138e-05 0.0022957 -5.8293e-05 -0.00077165 0.0049969 0.0073256 0.005472 0.0075787 0.0050218 0.0049707 0.0024941 0.0032009 0.0028753 0.0022956 -0.0012418 0.0027165 0.0026868 -0.0001979 -0.00028366 0.0014892 0.0012459 0.0059064 0.0013499 -0.0023728 -0.00051229 0.0010932 0.0016142 0.00058871 -0.00094859 0.00095064 -0.0086084 -0.0066235 -0.0086688 -0.0063857 -0.0054112 -0.0046003 -0.0031831 -0.0023019 -0.0042364 -0.0020182 -0.0024099 -0.00026857 0.0066972 0.0051779 0.0025197 0.0016695 0.0014424 -0.00068989 -0.0015329 -0.00061718 -0.00098867 0.0015743 0.0034718 0.0030738 -0.00017611 -0.0014111 0.00063263 0.00072019 0.0014607 -0.0021659 -0.0052897 -0.0068134 -0.0047278 0.0020992 0.0023607 -0.0024378 -0.0017317 -0.0038859 -0.0064249 -0.0034771 -0.0026848 0.0022801 0.0014502 0.0014822 -0.0032545 -0.0033475 0.00095975 -0.0014089 0.001612 0.0031237 0.0056119 0.00011286 -0.0055622 -0.0022992 -0.0046685 -0.004149 -0.0003286 -0.00037395 0.0017418 -0.0015115 -0.0037162 -0.0085793 -0.0041511 -0.0028073 -0.00018157 0.0027662 0.0018604 -0.0014652 -0.0028868 -0.0009628 0.00014345 -0.0026308 -0.00056784 -6.8307e-05 0.001384 0.0025642 -0.0017822 -0.0022453 -0.0011125 -0.00028066 0.00021933 0.003673 0.0023875
0.016976 0.019567 0.014953 0.022791 0.022991 0.019818 0.019748 0.01672 0.013647 0.017435 0.018926 0.017992 0.012743 0.011543 0.013783 0.018324 0.013834 0.010343 0.0073634 0.015688 0.021621 0.022407 0.022687 0.028119 0.027324 0.025596 0.024764 0.023482 0.023457 0.027553 0.018655 0.019167 0.022241 0.024927 0.028545 0.027962 0.02357 0.027514 0.027731 0.029165 0.03149 0.025627 0.02507 0.024674 0.023746 0.025839 0.027537 0.02579 0.020805 0.021074 0.018841 0.020901 0.020455 0.027239 0.02386 0.023594 0.030051 0.037028 0.037164 0.040003 0.043062 0.044498 0.041902 0.041098 0.043108 0.046741 0.050726 0.05254 0.056982 0.055927 0.048767 0.045712 0.039974 0.044819 0.039547 0.03565 0.040494 0.039761 0.045818 0.045572 0.048902 0.052257 0.058052 0.059616 0.059667 0.063165 0.074492 0.076223 0.076633 0.092658 0.093229 0.097161 0.095747 0.086743 0.07592 0.08022 0.085032 0.082807 0.079067 0.070321 0.070143 0.06822 0.061355 0.061418 0.057597 0.052521 0.050063 0.05589 0.054835 0.062178 0.064719 0.070036 0.073149 0.081474 0.091117 0.090423 0.088677 0.081756 0.076563 0.078516 0.076185 0.073431 0.06865 0.059574 0.053514 0.05304 0.050764 0.052705 0.048421 0.048823 0.045874 0.047636 0.048914 0.052748 0.055028 0.05821 0.061323 0.058071 0.051025 0.054318 0.051294 0.054584 0.057646 0.061838 0.065801 0.066538 0.06743 0.066244 0.067247 0.067534 0.060945 0.058556 0.056892 0.05519 0.051778 0.048123 0.043785 0.039357 0.041894 0.046216 0.037814 0.037109 0.041028 0.046571 0.052177 0.055309 0.062465 0.065278 0.059334 0.065107 0.063673 0.058216 0.054785 0.046524 0.043951 0.038561 0.032892 0.026794 0.029033 0.022061 0.021297 0.019995 0.016596 0.020615 0.023046 0.026031 0.033717 0.041164 0.046454 0.052958 0.06412 0.067264 0.073244 0.081247 0.087046 0.096458 0.10382 0.10987 0.11388 0.11303 0.11111 0.10901 0.095568 0.086594 0.0758 0.057049 0.045954 0.035704 0.026918 0.017217 0.0168 0.008347 0.010175 0.011373 0.008479 0.0067388 0.0069942 0.009813 0.0092472 0.0086631 0.0072755 0.0085634 0.012854 0.022749 0.038013 0.054249 0.06927 0.077076 0.081885 0.089629 0.094301 0.088996 0.080688 0.068835 0.058146 0.048123 0.040393 0.037035 0.033946 0.032292 0.02721 0.020036 0.023253 0.018079 0.013025 0.014846 0.0096048 0.012198 0.012102 0.0091523 0.010063 0.011411 0.0055185 0.004624 0.0065961 0.0033867 0.0038925 0.0081505 0.0069146 0.0042162 0.0031753 0.0025219 0.0035477 0.0092853 0.0083202 0.0067356 0.0084582 0.011149 0.010345 0.012699 0.0071227 0.0068166 0.013056 0.010415 0.013987 0.013521 0.013097 0.012006 0.016598 0.017803 0.019464 0.017725 0.018038 0.020508 0.022137 0.025183 0.023808 0.021365 0.022234 0.025114 0.022252 0.018845 0.019084 0.011156 0.017229 0.010935 0.011648 0.01152 0.018528 0.01701 0.017378 0.020506 0.01791 0.018203 0.023338 0.020346 0.020188 0.020159 0.023095 0.02977 0.027012 0.02954 0.024297 0.022673 0.026233 0.02557 0.02709 0.025089 0.020421 0.023414 0.02315 0.018558 0.020459 0.029191 0.029223 0.02901 0.031407 0.02887 0.031256 0.027398 0.034498 0.033655 0.041241 0.048569 0.05122 0.047297 0.046757 0.04611 0.042175 0.041578 0.045005 0.041812 0.033424 0.036015 0.032016 0.032856 0.033862 0.033548 0.030813 0.02804 0.027741 0.027048 0.028627 0.026703 0.029535 0.026397 0.02783 0.032771 0.032009 0.034848 0.038326 0.033062 0.037779 0.038838 0.033832 0.035236 0.040485 0.04217 0.049001 0.047749 0.049 0.046258 0.049062 0.046689 0.047184 0.048242 0.046873 0.044713 0.045388 0.050228 0.049948 0.054155 0.067373 0.073771 0.080058 0.076226 0.074121 0.066855 0.056164 0.050078 0.042881 0.036555 0.034377 0.028667 0.023604 0.017336 0.02264 0.020468 0.014549 0.015422 0.022502 0.021246 0.020158 0.018981 0.018984 0.01513 0.017814 0.011812 0.011215 0.010314 0.009638 0.018363 0.01793 0.015421 0.018388 0.01051 0.011232 0.012117 0.012227 0.015711 0.014131 0.0104 0.012086 0.01547 0.016119 0.019855 0.017114 0.020952 0.021736 0.020342 0.029883 0.028162 0.026542 0.027769 0.026607 0.025273 0.01973 0.01982 0.026883 0.024017 0.022027 0.020773 0.021895 0.030308 0.029775 0.026403 0.017342 0.019008 0.022195 0.023026 0.021578 0.019187 0.012523 0.016642 0.019369 0.014157 0.010601 0.0094077 0.0083878 0.010097 0.013743 0.017388 0.018679 0.022687 0.029077 0.031351 0.030999 0.030927 0.036688 0.038329 0.032655 0.034709 0.033797 0.033517 0.038515 0.035329 0.03305 0.031267 0.032889 0.035401 0.042131 0.038881 0.044829 0.0568 0.051474 0.053123 0.061533 0.070106 0.082013 0.089003 0.092555 0.09607 0.085054 0.086353 0.074996 0.062713 0.055861 0.044266 0.037027 0.029509 0.028905 0.025079 0.023569 0.021743 0.019139 0.023442 0.025091 0.01913 0.018952 0.020751 0.018606 0.020064 0.014881 0.0089613 0.010791 0.0078774 0.0025108 0.0037895 0.0032851 0.0086037 0.005491 0.0010442 -0.002411 -0.0089611 -0.0041793 -0.00012806 -0.0025642 0.00024146 -0.0022677 0.00079972 -0.00070123 0.0029141 0.0053065 -0.0046348 -0.008207 -0.0094773 0.001132 0.0039127 0.0072165 0.0094895 0.008528 0.004718 0.0070282 0.012824 0.020003 0.012766 0.012573 0.017785 0.019151 0.022263 0.022768 0.017664 0.024467 0.023153 0.022891 0.025562 0.033081 0.031896 0.027249 0.018313 0.019754 0.015686 0.020291 0.021025 0.018458 0.021168 0.015699 0.010002 0.010527 0.013807 0.0076776 0.01351 0.006893 0.0012424 0.0063847 0.0081933 0.0046959 0.00050292 0.0032202 -0.0015993 -0.0037468 -0.0016193 -0.0034038 -0.0013744 0.0026764 0.0063023 0.0055404 0.0052896 0.0023803 0.0008588 -0.0011748 0.00103 0.0013455 0.00050953 -0.0037032 -0.00071075 -0.0013565 0.00011939 0.00052455 0.0014017 -0.0007972 0.0048736 -7.6542e-05 -0.0058922 -0.0012725 -0.0013336 -0.0011342 -0.0031043 -0.0024358 -0.00063318 -0.011643 -0.0079233 -0.0092426 -0.0089214 -0.010067 -0.0092405 -0.0055809 -0.0025428 -0.0047817 -0.0030845 -0.0032076 -0.00051243 0.0064297 0.0026739 0.00079616 0.0037075 0.0039062 3.4002e-05 -0.0026659 -0.0013741 -0.001011 -0.00012175 0.0025983 0.0015065 -0.0017328 -0.0029137 -0.00077442 0.00078623 0.00069104 -0.0042965 -0.0048734 -0.0067237 -0.0052615 0.0032429 0.0041424 -0.0025245 -0.0027396 -0.0047525 -0.0096554 -0.0061504 -0.0031145 0.004636 0.0037011 0.0022771 -0.0017589 -0.0029192 0.0023274 -0.0021241 0.0031364 0.0027889 0.0046559 0.0019245 -0.0040745 -0.001164 -0.0061527 -0.0034318 3.6057e-06 -0.00058809 0.00062077 -0.0026036 -0.0052603 -0.0088773 -0.0046348 -0.0038093 -0.0029182 0.0019667 0.00095068 -0.0020844 -0.001735 -0.0010899 -4.306e-05 -0.0033642 -0.0026125 -0.00033689 0.0016089 0.0030412 -0.0015496 -0.0030183 -0.00033242 -0.0016263 -0.0023343 0.0037973
0.014534 0.02051 0.021468 0.013605 0.018394 0.019181 0.020282 0.024944 0.020623 0.016094 0.022351 0.023399 0.024185 0.020587 0.019143 0.020202 0.025041 0.019325 0.014922 0.011804 0.022508 0.022708 0.025469 0.02439 0.031095 0.029495 0.027076 0.028172 0.024383 0.025657 0.032442 0.022481 0.022615 0.027464 0.029864 0.036641 0.035702 0.029121 0.0316 0.032884 0.032194 0.034849 0.029239 0.029974 0.03197 0.031809 0.034314 0.036071 0.03501 0.028142 0.025747 0.024156 0.027014 0.024941 0.032451 0.029684 0.029894 0.038796 0.043178 0.039431 0.045509 0.050656 0.053843 0.050786 0.047394 0.050402 0.053507 0.058836 0.058298 0.063997 0.062981 0.050649 0.046889 0.03778 0.044743 0.04116 0.036694 0.044318 0.044807 0.052163 0.049293 0.050703 0.056232 0.059038 0.06226 0.066103 0.070402 0.080919 0.081896 0.07985 0.097885 0.097674 0.099413 0.096285 0.085968 0.071971 0.078543 0.083688 0.081177 0.077433 0.070625 0.07085 0.069174 0.064346 0.066068 0.060531 0.054784 0.053166 0.062815 0.0609 0.065303 0.069573 0.073999 0.075119 0.083901 0.096145 0.097201 0.092682 0.083383 0.073701 0.077444 0.073599 0.072779 0.065584 0.058379 0.052334 0.052856 0.050799 0.055695 0.050487 0.047069 0.046476 0.048053 0.050442 0.052179 0.058735 0.062017 0.063154 0.058406 0.051812 0.055935 0.051262 0.054444 0.056585 0.060575 0.067518 0.0709 0.069886 0.065964 0.06741 0.065332 0.059007 0.056894 0.054382 0.052906 0.047963 0.048971 0.041735 0.037241 0.041266 0.047243 0.039632 0.041083 0.046884 0.05338 0.059761 0.061467 0.066591 0.068161 0.060622 0.068843 0.062833 0.053506 0.052793 0.045181 0.040247 0.034793 0.030596 0.025188 0.028639 0.022449 0.023308 0.022592 0.015896 0.020325 0.024647 0.028412 0.036561 0.047817 0.054036 0.061197 0.0726 0.078706 0.083344 0.089728 0.09468 0.10255 0.11165 0.11472 0.11269 0.10468 0.09841 0.094484 0.078379 0.069301 0.059324 0.045847 0.037402 0.029717 0.022519 0.015243 0.015276 0.0083104 0.0088536 0.013865 0.0099898 0.0073105 0.0066188 0.010405 0.010225 0.010659 0.0080157 0.0066316 0.014149 0.030324 0.046255 0.063383 0.076467 0.078209 0.079074 0.081482 0.083987 0.079263 0.070106 0.058075 0.049174 0.038029 0.030694 0.026267 0.023879 0.025539 0.020485 0.013964 0.015474 0.010969 0.0066578 0.0092334 0.0052562 0.010861 0.0097353 0.0065399 0.0083676 0.0089044 0.003662 0.0012759 0.0061868 0.0029063 0.0016766 0.007481 0.0050936 0.0018838 0.001698 0.00010618 0.0023043 0.0099844 0.0087288 0.0039092 0.0072981 0.011737 0.0098037 0.011021 0.0045006 0.0062303 0.014861 0.011259 0.015219 0.011305 0.010545 0.011567 0.015946 0.018114 0.017412 0.017555 0.016524 0.019639 0.020968 0.026828 0.026709 0.023052 0.02099 0.02581 0.020631 0.018978 0.020742 0.014585 0.019487 0.011628 0.0099653 0.0096774 0.018068 0.017382 0.017296 0.017725 0.015694 0.018397 0.025761 0.02411 0.022041 0.018919 0.022965 0.030617 0.029314 0.028632 0.023061 0.02481 0.029984 0.028988 0.029041 0.027233 0.022726 0.025406 0.023253 0.01849 0.019734 0.030065 0.025729 0.026039 0.032338 0.029568 0.031384 0.025356 0.034067 0.031674 0.036763 0.044044 0.048097 0.043484 0.040361 0.040955 0.037082 0.038117 0.040498 0.0362 0.027784 0.033818 0.029129 0.030697 0.033825 0.03035 0.02446 0.024151 0.026649 0.025079 0.026998 0.024475 0.024955 0.022386 0.028551 0.031056 0.030852 0.033173 0.039285 0.033539 0.036962 0.039563 0.034094 0.031967 0.039988 0.038689 0.046343 0.044922 0.044188 0.044352 0.046882 0.043652 0.044715 0.044741 0.045033 0.040624 0.042976 0.04553 0.046442 0.048879 0.065949 0.068235 0.071411 0.065667 0.063446 0.054542 0.042565 0.036813 0.032152 0.026874 0.025072 0.023613 0.019699 0.01193 0.019686 0.019044 0.015053 0.014884 0.020128 0.018076 0.016939 0.016237 0.018288 0.010689 0.013975 0.0088381 0.0084849 0.0091451 0.0091268 0.017063 0.01678 0.015047 0.016741 0.0050957 0.0096276 0.0129 0.01262 0.015345 0.015806 0.0099954 0.013705 0.01499 0.012211 0.018803 0.014126 0.018676 0.020165 0.019578 0.031749 0.030057 0.029113 0.029765 0.027224 0.024974 0.019281 0.021751 0.02917 0.024821 0.023658 0.021097 0.021035 0.031456 0.030385 0.025876 0.016484 0.014524 0.020398 0.022363 0.020762 0.022961 0.013754 0.017543 0.021825 0.017071 0.011488 0.011166 0.0059114 0.0091485 0.014377 0.019289 0.019118 0.022306 0.028323 0.034662 0.033657 0.03533 0.040525 0.037981 0.034916 0.034868 0.032592 0.033131 0.040954 0.035305 0.035445 0.032833 0.032449 0.036313 0.044167 0.04058 0.045939 0.060722 0.051569 0.055668 0.062918 0.072213 0.085393 0.091187 0.093181 0.093821 0.08197 0.081049 0.066271 0.053309 0.047838 0.038747 0.033677 0.028022 0.024809 0.020648 0.023029 0.018588 0.018627 0.023222 0.023226 0.017183 0.018302 0.019225 0.016741 0.017168 0.011044 0.0052419 0.0065196 0.004765 0.0014002 0.00098119 0.0014736 0.0067501 0.0033748 -0.00015422 -0.0034273 -0.0098031 -0.0061121 -0.0015238 -0.0029744 0.00047424 -0.0041541 -0.0011536 -0.0020469 0.0030727 0.0073895 -0.0069175 -0.012554 -0.010274 0.00056639 0.0039204 0.0071273 0.010182 0.0083178 0.0043725 0.01004 0.016874 0.020541 0.011677 0.010399 0.016555 0.019094 0.020111 0.02013 0.015084 0.021434 0.021174 0.01957 0.021611 0.032504 0.031985 0.028417 0.018473 0.019606 0.013062 0.016561 0.0179 0.014124 0.016837 0.011183 0.0082967 0.011689 0.012897 0.0037427 0.013285 0.006643 0.00099645 0.0064865 0.007609 0.0025955 -0.0049119 -0.002586 -0.0052627 -0.006835 -0.0062317 -0.0069066 -0.0013847 0.00023378 0.0056589 0.0059199 0.0024097 0.00052773 -0.0026105 -0.005176 -0.0022045 -0.0010458 -0.0005973 -0.0057934 -0.0046127 -0.0056206 -5.2488e-05 0.0004798 0.0017878 -0.0018035 0.0043827 -0.0015172 -0.010313 -0.0017378 -0.0048906 -0.0041307 -0.0053183 -0.002239 -0.001424 -0.013465 -0.0084815 -0.0096539 -0.011896 -0.014307 -0.012894 -0.0057554 -0.001929 -0.0051267 -0.0043863 -0.0030649 0.00027059 0.006479 0.001474 0.00054008 0.0070259 0.0085548 0.0026751 -0.0031021 -0.0011731 -0.00066802 -0.001698 -4.5723e-05 -0.0010366 -0.0016559 -0.0024811 -0.0028283 -0.00045127 -0.0016905 -0.0062785 -0.0028473 -0.0051353 -0.0044789 0.0027149 0.0036293 -0.0027118 -0.0031083 -0.0050081 -0.011868 -0.010318 -0.0053256 0.0064274 0.0071007 0.0033519 0.00085043 -0.0021117 0.0018521 -0.0041564 0.0037953 0.001681 0.0022453 0.0041783 -0.0025149 -0.0010251 -0.007385 -0.0023893 -0.0015862 -0.0016301 -0.00026471 -0.0030589 -0.0052638 -0.0077293 -0.004424 -0.0053855 -0.0052572 0.0011106 0.00051824 -0.0027032 0.00010659 -0.00020455 0.00063108 -0.0027897 -0.0031927 7.5647e-05 0.0022306 0.0033642 -0.00064802 -0.0028572 0.0013051 -0.0027231 -0.0047032
0.023677 0.028472 0.025699 0.015379 0.019117 0.02167 0.02703 0.037193 0.030207 0.023685 0.028795 0.029413 0.035238 0.031618 0.029925 0.028194 0.032609 0.026222 0.021304 0.019862 0.032712 0.02416 0.030689 0.02923 0.039661 0.036235 0.032781 0.034649 0.027114 0.02936 0.040471 0.030862 0.028578 0.032849 0.033362 0.043651 0.042389 0.035043 0.037262 0.040138 0.037124 0.040183 0.035051 0.035621 0.039044 0.040738 0.042712 0.044034 0.043024 0.033312 0.02755 0.029364 0.033512 0.030007 0.036495 0.035724 0.036954 0.048562 0.048701 0.040968 0.051207 0.05791 0.063829 0.059021 0.055245 0.057921 0.060397 0.068761 0.063971 0.069976 0.067891 0.05182 0.047745 0.036578 0.043944 0.044389 0.040902 0.050708 0.050452 0.059231 0.052206 0.051339 0.059288 0.057702 0.062856 0.072204 0.077409 0.086533 0.089551 0.086483 0.10318 0.10151 0.10112 0.096986 0.08797 0.072528 0.082146 0.084724 0.080927 0.075187 0.070707 0.070822 0.069123 0.06839 0.071581 0.063547 0.057367 0.055395 0.068677 0.066055 0.065659 0.072923 0.076895 0.075566 0.082517 0.09821 0.10086 0.094222 0.084781 0.071846 0.076346 0.070282 0.07175 0.061223 0.056387 0.051494 0.052861 0.05239 0.059942 0.053243 0.044589 0.045923 0.047588 0.050713 0.048478 0.061333 0.066274 0.064782 0.059871 0.05343 0.058249 0.054566 0.056182 0.055268 0.060088 0.069061 0.075012 0.070806 0.065212 0.06618 0.061929 0.057288 0.057372 0.053866 0.053198 0.046159 0.052743 0.040951 0.037301 0.041647 0.046999 0.040889 0.046207 0.053583 0.06187 0.067175 0.067694 0.071325 0.069026 0.060324 0.070574 0.059298 0.04747 0.049144 0.044011 0.037824 0.030656 0.028807 0.02467 0.02897 0.024302 0.025653 0.024311 0.012742 0.020892 0.027143 0.031492 0.03909 0.054081 0.061271 0.067722 0.079696 0.089726 0.092989 0.096276 0.099776 0.10596 0.11614 0.11692 0.11159 0.096548 0.081983 0.075245 0.05915 0.050996 0.043294 0.039009 0.034555 0.028573 0.02218 0.018977 0.017237 0.011945 0.011127 0.018821 0.012556 0.0084458 0.0065909 0.01192 0.011031 0.012451 0.0096803 0.0061872 0.01434 0.036367 0.051671 0.067449 0.0792 0.074579 0.071751 0.067355 0.069803 0.068583 0.060318 0.046058 0.042489 0.031905 0.025014 0.018195 0.017885 0.02017 0.014943 0.0090373 0.0068303 0.002297 0.00042807 0.0047544 0.0002304 0.0092042 0.0064536 0.0028099 0.006893 0.0039788 0.00056148 -0.0035658 0.0049218 0.0019619 -0.0016711 0.0075882 0.0036631 -0.00087632 0.00049014 -0.00061148 0.00052487 0.0097446 0.0096266 0.0033603 0.0076557 0.01346 0.0086184 0.0078315 0.00080782 0.0054591 0.015567 0.010722 0.016398 0.008087 0.0080114 0.011035 0.015462 0.019248 0.014903 0.017952 0.015389 0.018166 0.01958 0.028064 0.030019 0.023986 0.019096 0.025354 0.016238 0.017651 0.022096 0.017795 0.019002 0.011401 0.0098554 0.0087989 0.016748 0.018306 0.016922 0.012978 0.014187 0.019111 0.028497 0.027266 0.022298 0.016181 0.021319 0.029056 0.029759 0.025843 0.019168 0.02584 0.034246 0.033255 0.031827 0.029794 0.025141 0.026865 0.021656 0.018765 0.018538 0.029347 0.018776 0.022064 0.032714 0.030065 0.030959 0.024073 0.033918 0.029928 0.031465 0.040267 0.044175 0.04069 0.033678 0.034008 0.031242 0.03469 0.036487 0.03149 0.023058 0.032366 0.026845 0.028727 0.033693 0.026988 0.016565 0.018743 0.023164 0.021781 0.023205 0.021645 0.019648 0.016969 0.03008 0.028119 0.02815 0.029736 0.038446 0.032895 0.032044 0.038521 0.036064 0.029164 0.038627 0.034228 0.042706 0.042893 0.039884 0.042898 0.043805 0.04052 0.041996 0.039604 0.04234 0.036199 0.039593 0.04027 0.042472 0.041872 0.061361 0.057805 0.05728 0.051332 0.050218 0.043222 0.030068 0.023466 0.023597 0.0191 0.017167 0.020016 0.019047 0.0075736 0.018288 0.018946 0.017458 0.015351 0.017823 0.015244 0.013465 0.01293 0.016482 0.0046336 0.0067944 0.0041975 0.0054121 0.0068925 0.0082711 0.014163 0.016378 0.016106 0.013831 -0.00026845 0.0090072 0.014615 0.01391 0.013189 0.017628 0.010081 0.015283 0.01141 0.0049678 0.013762 0.0078016 0.013816 0.015837 0.015481 0.031048 0.029625 0.028625 0.028764 0.026074 0.022845 0.017095 0.022216 0.030046 0.023021 0.022197 0.018994 0.018339 0.029535 0.028775 0.023398 0.013632 0.0074443 0.016451 0.019225 0.018452 0.025412 0.015691 0.01699 0.023775 0.019465 0.013332 0.014256 0.0043995 0.0068603 0.013574 0.018415 0.015548 0.018166 0.022836 0.03377 0.031803 0.036075 0.039209 0.031394 0.033265 0.030255 0.027429 0.028953 0.040375 0.03399 0.038683 0.033914 0.029899 0.036169 0.044397 0.041744 0.043779 0.059491 0.04773 0.054304 0.060974 0.069356 0.083457 0.08935 0.089383 0.086634 0.075947 0.073156 0.054746 0.04239 0.04076 0.035586 0.032791 0.028702 0.020327 0.017911 0.02252 0.015953 0.019691 0.023311 0.019025 0.01299 0.014867 0.015377 0.013 0.011203 0.0067378 0.0010276 0.00052954 0.00095933 0.0010119 -0.0010563 -0.0014803 0.0030215 0.00010611 -0.0017341 -0.003969 -0.0094119 -0.0074599 -0.0027663 -0.0045517 -0.00058757 -0.0058102 -0.0052904 -0.0021659 0.0047694 0.011077 -0.0063555 -0.013726 -0.0069494 -0.00080906 0.0049806 0.0077521 0.0098489 0.0078454 0.003877 0.014117 0.020897 0.0219 0.011728 0.0098254 0.01545 0.020729 0.016751 0.014539 0.011562 0.016168 0.017057 0.015407 0.016908 0.030609 0.029191 0.03015 0.019655 0.019854 0.011532 0.013215 0.013065 0.005384 0.0097646 0.0077135 0.0090887 0.014151 0.0090804 -0.0015808 0.010487 0.0076832 0.0020849 0.0038998 0.0069581 0.0032023 -0.0094394 -0.0093503 -0.010001 -0.010056 -0.012264 -0.011108 -0.0012129 -0.0015303 0.0059903 0.0075747 -0.00018761 -0.0001209 -0.0048185 -0.0085817 -0.0059389 -0.0042987 -0.0016164 -0.0087365 -0.0084311 -0.0089102 -0.0021537 -0.0020294 0.0021126 -0.00096206 0.0052995 -0.0030648 -0.015628 -0.0017672 -0.0090992 -0.0051477 -0.0042309 0.00047312 -0.00011066 -0.012794 -0.0084818 -0.0094761 -0.01462 -0.016627 -0.015488 -0.0035971 -0.0013488 -0.0062371 -0.0059177 -0.0014785 0.002561 0.0070976 0.0029011 0.0018772 0.011868 0.015055 0.0072487 -0.0028461 -2.1106e-05 -0.00051691 -0.0031473 -0.0052729 -0.0050582 5.2514e-05 0.00049552 -0.0053665 -0.0033322 -0.0053852 -0.0074609 0.0010122 -0.0028032 -0.0025555 -3.3362e-05 -0.0006582 -0.0033944 -0.0026639 -0.0049989 -0.012713 -0.014526 -0.0081886 0.0082429 0.012166 0.0039088 0.0039815 -0.00097241 -0.0015554 -0.0074543 0.0027038 0.00076636 -0.0011322 0.0063662 -0.0018093 -0.0014851 -0.0080691 -0.0017747 -0.0056715 -0.0048915 -0.00077656 -0.0028074 -0.0035577 -0.006269 -0.0039165 -0.007802 -0.006087 0.0005868 0.0012935 -0.0030586 0.0025393 0.0022426 0.0023394 -0.00071291 -0.0012529 0.0013333 0.004312 0.0041858 0.001538 -0.0017923 0.0026527 -0.002889 -0.0063119
0.02704 0.040764 0.041149 0.031591 0.018181 0.024055 0.029073 0.038378 0.055043 0.045954 0.0362 0.035208 0.034422 0.049535 0.043614 0.04244 0.034986 0.038036 0.032162 0.025866 0.028533 0.044312 0.024389 0.034523 0.03521 0.050285 0.043282 0.038875 0.040074 0.029076 0.031357 0.050121 0.044104 0.036849 0.036086 0.032314 0.04565 0.043896 0.035745 0.040532 0.046579 0.042135 0.045526 0.040428 0.03845 0.044041 0.049838 0.048838 0.051409 0.05021 0.036739 0.026276 0.034721 0.041093 0.037504 0.040419 0.043523 0.046069 0.059516 0.053941 0.04492 0.0587 0.064854 0.073752 0.064608 0.063757 0.065195 0.066934 0.080523 0.070487 0.075717 0.068889 0.052899 0.048854 0.038196 0.043225 0.048977 0.048178 0.058157 0.055208 0.065473 0.054059 0.051617 0.059956 0.054067 0.062201 0.077917 0.083788 0.092128 0.1007 0.098409 0.10891 0.10583 0.10286 0.098912 0.09489 0.079417 0.092596 0.088419 0.081221 0.07226 0.068521 0.067471 0.065425 0.071108 0.076059 0.064622 0.058949 0.053794 0.069415 0.066102 0.061298 0.073603 0.078881 0.07475 0.077768 0.097297 0.099796 0.09131 0.08556 0.072195 0.075028 0.065232 0.070309 0.055621 0.052697 0.049902 0.052715 0.054616 0.06335 0.055618 0.042761 0.043598 0.044203 0.047666 0.040342 0.061249 0.07158 0.065543 0.062792 0.055055 0.059333 0.060135 0.05829 0.052254 0.061033 0.070429 0.077386 0.067778 0.063114 0.062036 0.055733 0.054032 0.057749 0.054509 0.056656 0.046742 0.058033 0.039891 0.039878 0.042894 0.044313 0.039706 0.051565 0.060026 0.071008 0.072477 0.07056 0.077478 0.067755 0.058305 0.070433 0.053232 0.041682 0.044416 0.042832 0.03737 0.025118 0.02713 0.022705 0.028709 0.026507 0.026149 0.024296 0.0070053 0.023302 0.030334 0.034214 0.041408 0.059459 0.068584 0.071097 0.084139 0.098564 0.10147 0.099113 0.10093 0.10574 0.11621 0.11563 0.11269 0.092294 0.064722 0.05364 0.039595 0.032387 0.029691 0.036502 0.037441 0.030018 0.022912 0.025797 0.020234 0.017161 0.016433 0.024906 0.015832 0.0098784 0.0069933 0.013718 0.010711 0.012156 0.010248 0.0080085 0.012568 0.03889 0.05225 0.06422 0.076857 0.067173 0.06186 0.050154 0.056155 0.06086 0.054041 0.032717 0.038268 0.031104 0.023599 0.012589 0.016831 0.015283 0.0087363 0.0049615 -0.0016903 -0.0081652 -0.0043837 0.00381 -0.0048449 0.0077884 0.0043749 2.769e-05 0.006234 -0.0023897 -0.0034811 -0.0075802 0.0038902 0.00010384 -0.0066959 0.0091271 0.004511 -0.0020425 0.0028751 0.0033358 -0.00038121 0.009228 0.0092419 0.0058174 0.010627 0.016728 0.0079818 0.0033272 -0.0028895 0.0043164 0.014125 0.008207 0.016641 0.0038268 0.0061749 0.010092 0.015432 0.020839 0.012129 0.019504 0.014464 0.016624 0.019345 0.030054 0.033195 0.022228 0.014657 0.022604 0.0071441 0.011846 0.021403 0.016481 0.013348 0.0085522 0.011015 0.0089825 0.014745 0.019395 0.016399 0.0078936 0.015192 0.019241 0.031448 0.028302 0.019175 0.012247 0.017058 0.02356 0.027137 0.020023 0.011022 0.023854 0.036193 0.03565 0.03421 0.031392 0.02592 0.027193 0.017932 0.020177 0.015584 0.026933 0.0089258 0.018114 0.03208 0.029198 0.030007 0.02472 0.035362 0.030203 0.026656 0.039846 0.040712 0.04103 0.028718 0.026169 0.025296 0.031094 0.033788 0.028346 0.019118 0.031177 0.024347 0.025918 0.032277 0.023037 0.0057665 0.0098839 0.01518 0.016028 0.016977 0.016937 0.015107 0.0098674 0.032449 0.023974 0.023064 0.024713 0.035187 0.028849 0.022701 0.036429 0.040442 0.027068 0.035432 0.029833 0.038927 0.043499 0.037996 0.043624 0.040462 0.037112 0.037718 0.031959 0.03823 0.031979 0.03501 0.034342 0.037532 0.034276 0.052551 0.041887 0.037931 0.035301 0.034886 0.034608 0.019498 0.0098485 0.017223 0.01217 0.0092633 0.015392 0.020025 0.0030688 0.016999 0.018062 0.020495 0.015274 0.016264 0.01442 0.010381 0.0080859 0.01193 -0.0042124 -0.0031743 -0.002227 0.0026282 0.0036818 0.0069541 0.0098003 0.017643 0.018005 0.0074562 -0.0047682 0.0099081 0.017665 0.015812 0.008523 0.018881 0.0097423 0.01534 0.0041859 -0.0053791 0.0047351 -0.0009865 0.0067809 0.0087583 0.00852 0.027579 0.027407 0.0251 0.024818 0.025644 0.02037 0.013892 0.021865 0.029948 0.018638 0.015914 0.013348 0.014556 0.02478 0.026139 0.021234 0.0099309 4.8065e-05 0.010227 0.012801 0.014732 0.025281 0.017934 0.014109 0.024435 0.019133 0.016355 0.018137 0.0060325 0.0040649 0.011606 0.014261 0.0071774 0.0085852 0.011694 0.027331 0.024067 0.032117 0.030399 0.017867 0.025554 0.018363 0.016136 0.01935 0.034283 0.030323 0.04215 0.031248 0.022234 0.032048 0.040154 0.040018 0.036203 0.05077 0.039235 0.047257 0.054593 0.061513 0.076327 0.084735 0.081474 0.076027 0.068258 0.064552 0.042633 0.031843 0.036219 0.034848 0.035488 0.031613 0.01426 0.017325 0.020533 0.014617 0.022824 0.024941 0.013532 0.0074962 0.0087723 0.0093966 0.0070934 0.0024172 0.0035382 -0.0031736 -0.0072283 -0.0022096 0.0019908 -0.0013637 -0.0071221 -0.0015303 -0.0036487 -0.0054085 -0.0065675 -0.01084 -0.0092907 -0.0044392 -0.0094652 -0.004137 -0.0074499 -0.013579 -0.0010645 0.0071863 0.015694 -0.0021635 -0.010926 5.0252e-05 -0.0037241 0.0077595 0.010268 0.006871 0.0070228 0.0033626 0.01921 0.024661 0.025118 0.014497 0.01176 0.016437 0.026003 0.011861 0.0053428 0.0062419 0.0079631 0.0097799 0.0096712 0.011606 0.025874 0.020587 0.032067 0.021187 0.020313 0.010736 0.01052 0.0074798 -0.0080002 -2.1967e-05 0.0064458 0.011601 0.016884 0.0013747 -0.0085243 0.0029584 0.0077878 0.0037322 -0.0025412 0.0055008 0.0078295 -0.011313 -0.017086 -0.015824 -0.01413 -0.020458 -0.017165 -0.0019071 -0.001944 0.0075058 0.01163 -0.0015405 0.00023452 -0.0050818 -0.010807 -0.0093477 -0.0080364 -0.0040973 -0.014635 -0.011359 -0.010034 -0.0081052 -0.0087551 0.00096368 0.0022724 0.009043 -0.0046857 -0.022455 -0.0017637 -0.012699 -0.0015143 0.0011523 0.0058822 0.0047444 -0.0080377 -0.0080745 -0.0070772 -0.015161 -0.015353 -0.017884 0.0002073 -0.0018548 -0.0087846 -0.0072584 0.0024816 0.0078518 0.0090064 0.0086577 0.0043111 0.018639 0.022158 0.012523 -0.0025151 0.0019292 -0.0014186 -0.0046804 -0.01352 -0.011204 0.0030866 0.0063605 -0.0073781 -0.0074751 -0.0085791 -0.006488 0.0069617 -0.0010873 -0.00012714 -0.0056142 -0.010253 -0.0048947 -0.0015871 -0.0046723 -0.012015 -0.016291 -0.0090143 0.0121 0.019462 0.002333 0.0067117 0.00064511 -0.0085049 -0.01218 -0.0014527 0.0017863 -0.004746 0.0080339 -0.002706 -0.00085671 -0.0074905 -0.0026666 -0.01272 -0.012156 -0.0010319 -0.0021838 -0.00064897 -0.0059775 -0.003386 -0.010838 -0.0039615 0.00095788 0.0040264 -0.0022048 0.0056231 0.0065637 0.0043502 0.0024765 0.0037558 0.0036603 0.0095061 0.0067531 0.006092 0.00058546 0.0020916 -0.0013629
0.056998 0.035203 0.016276 0.027426 0.03569 0.048608 0.072633 0.066141 0.051653 0.038895 0.033706 0.063167 0.0534 0.05487 0.036883 0.039491 0.035916 0.025333 0.035044 0.057326 0.023954 0.032213 0.040786 0.057419 0.045836 0.041269 0.039961 0.029071 0.029465 0.060452 0.063273 0.048429 0.035709 0.024638 0.04016 0.037343 0.024793 0.037348 0.050744 0.046563 0.049217 0.043053 0.033452 0.045011 0.057283 0.048097 0.057542 0.057234 0.039863 0.021694 0.038859 0.049877 0.04926 0.045249 0.054103 0.05767 0.070478 0.058009 0.05607 0.069498 0.071258 0.082682 0.065284 0.069912 0.069738 0.071241 0.091692 0.078442 0.083443 0.06367 0.055454 0.052083 0.046535 0.04594 0.055006 0.057403 0.063539 0.058008 0.069126 0.055349 0.053396 0.05594 0.048152 0.061343 0.082345 0.08855 0.098514 0.11614 0.11604 0.11314 0.11176 0.10526 0.10266 0.10844 0.093637 0.11068 0.093308 0.079612 0.069575 0.062121 0.058122 0.055155 0.068781 0.077627 0.061168 0.05787 0.043813 0.059224 0.053761 0.050001 0.070324 0.079843 0.072416 0.071058 0.093281 0.091829 0.079802 0.082664 0.074663 0.071823 0.055637 0.068322 0.048855 0.047025 0.04625 0.052715 0.056836 0.063375 0.057098 0.045357 0.041483 0.036611 0.040033 0.026569 0.055513 0.07995 0.065098 0.067201 0.056206 0.055388 0.064658 0.056528 0.043978 0.063049 0.071711 0.07505 0.056321 0.057669 0.053146 0.045739 0.046236 0.052844 0.05467 0.064217 0.049406 0.062384 0.035679 0.044658 0.044663 0.037671 0.033652 0.056496 0.06516 0.079047 0.072387 0.06391 0.085747 0.064409 0.053831 0.069062 0.04478 0.037223 0.040444 0.04225 0.03928 0.016478 0.025373 0.014783 0.02513 0.02715 0.021354 0.022165 0.0010476 0.028855 0.033663 0.034037 0.043188 0.063069 0.076886 0.069159 0.083193 0.10247 0.1073 0.094167 0.094895 0.099152 0.11062 0.10867 0.11623 0.09327 0.048956 0.032378 0.021272 0.012018 0.019717 0.036089 0.044251 0.029917 0.019529 0.030425 0.020266 0.022357 0.023949 0.030134 0.019928 0.011992 0.0084831 0.01396 0.0076129 0.0071445 0.0047405 0.01103 0.0061448 0.036173 0.046161 0.052153 0.069362 0.056789 0.051308 0.033298 0.046926 0.059841 0.053141 0.018185 0.036596 0.037509 0.026528 0.0081677 0.021186 0.01027 -0.00081832 0.001761 -0.0073028 -0.020572 -0.0048324 0.010587 -0.0076615 0.0080323 0.0091395 0.0042333 0.0082078 -0.0061173 -0.0060732 -0.0048162 0.0062248 -0.0015179 -0.012785 0.013195 0.010854 0.0018331 0.014609 0.015988 0.002887 0.010032 0.0036541 0.010658 0.017391 0.022116 0.01023 -0.0014868 -0.004616 0.00086993 0.0078677 0.0028775 0.013427 -0.0020032 0.0048537 0.0070668 0.015277 0.020777 0.0091985 0.023935 0.013954 0.017535 0.023078 0.034949 0.034937 0.014919 0.0036677 0.017076 -0.0086214 -0.0026042 0.01682 0.0041339 -0.00076823 0.00065557 0.010881 0.0093703 0.01221 0.01972 0.01716 0.0072605 0.021366 0.015846 0.033832 0.024442 0.010102 0.0076015 0.0092965 0.012545 0.01976 0.0078309 -0.0028784 0.016389 0.031191 0.0318 0.034621 0.03033 0.022971 0.027817 0.012868 0.023638 0.0086774 0.023123 -0.00068165 0.018175 0.031567 0.025839 0.028545 0.028115 0.040012 0.035357 0.023554 0.044964 0.039405 0.046613 0.02712 0.019174 0.020256 0.026506 0.032168 0.026096 0.016093 0.030184 0.021593 0.022823 0.028609 0.018812 -0.0092283 -0.0046377 0.0012247 0.0073999 0.0099137 0.0091256 0.013517 0.00095931 0.037805 0.019618 0.014804 0.019807 0.029329 0.0183 0.011519 0.037658 0.048923 0.025331 0.028408 0.026891 0.036307 0.049101 0.039794 0.049309 0.03834 0.033173 0.02943 0.020648 0.031827 0.027514 0.028885 0.027689 0.031324 0.028954 0.039684 0.020831 0.01536 0.021644 0.018037 0.0293 0.011449 -0.0034434 0.013144 0.0046691 0.0002129 0.0074152 0.022105 -0.0017522 0.014618 0.013459 0.022735 0.013614 0.018458 0.019577 0.010182 0.0008048 0.0031801 -0.017476 -0.013002 -0.0098045 0.0011785 0.0014286 0.0059067 0.0058989 0.022877 0.018768 -0.0064476 -0.0070638 0.01342 0.022662 0.017375 0.00011396 0.018211 0.0067892 0.012413 -0.0057485 -0.017148 -0.0053808 -0.009295 -0.00068008 0.001048 0.0023826 0.023161 0.027167 0.021832 0.020922 0.032012 0.021221 0.012348 0.023594 0.030513 0.012933 0.0029611 0.0027043 0.011482 0.018292 0.025914 0.023788 0.0070197 -0.0031018 0.001374 0.0021194 0.010169 0.020953 0.019072 0.0065324 0.021346 0.012594 0.01999 0.021142 0.012311 0.0024137 0.0099711 0.0070783 -0.0069236 -0.0090745 -0.0059696 0.014623 0.0090371 0.021883 0.010008 -0.0038504 0.0071866 -0.0055791 -0.0055057 0.0015068 0.017856 0.021067 0.04392 0.019772 0.0046003 0.017994 0.026164 0.030531 0.020263 0.032192 0.023999 0.032544 0.040906 0.049178 0.064701 0.079921 0.070066 0.063755 0.060963 0.05634 0.03342 0.024455 0.03673 0.037291 0.043311 0.03699 0.0051115 0.018388 0.014953 0.015154 0.027199 0.029187 0.0086665 0.0027401 0.0024724 0.0029182 -0.0010105 -0.0081492 0.0034645 -0.0063884 -0.017057 -0.0024686 0.004922 0.001947 -0.01665 -0.0043801 -0.0061427 -0.013738 -0.015567 -0.018579 -0.012051 -0.0063183 -0.01976 -0.011129 -0.0092069 -0.029122 -0.00013826 0.0096465 0.020683 0.0072331 -0.0042999 0.0084741 -0.0079207 0.01404 0.017736 0.00021738 0.0078929 0.003652 0.025283 0.029187 0.031093 0.023323 0.01787 0.024035 0.038304 0.0051447 -0.0074367 -0.0020778 -0.0025131 0.0003049 0.0015424 0.0064553 0.015655 0.001116 0.032664 0.021706 0.021185 0.0093261 0.0094726 0.0039336 -0.023996 -0.011842 0.0079307 0.012668 0.017218 -0.010526 -0.017026 -0.011343 0.0017548 0.0034455 -0.013139 0.0021226 0.018272 -0.0073545 -0.025445 -0.02191 -0.019686 -0.03196 -0.027503 -0.0059785 -0.0010776 0.009458 0.01814 -0.00097076 0.00083092 -0.00171 -0.01206 -0.012154 -0.011972 -0.011041 -0.026668 -0.012415 -0.0086744 -0.0203 -0.021396 -0.0048865 0.0073284 0.018033 -0.0060326 -0.032679 -0.0031382 -0.01348 0.008411 0.0096411 0.012239 0.013761 0.0024534 -0.0068803 0.0012674 -0.0095047 -0.0094527 -0.023068 0.0035453 -0.0040489 -0.011845 -0.0067083 0.011133 0.020135 0.014158 0.02129 0.0069723 0.027931 0.027397 0.015578 -0.0034265 0.004813 -0.0041551 -0.0064534 -0.024327 -0.019669 0.0071875 0.014802 -0.0066288 -0.011621 -0.0072733 -0.00048928 0.015964 -0.0019037 0.0013738 -0.015167 -0.026832 -0.0079557 -0.00063492 -0.0029201 -0.0094574 -0.012288 -0.0039912 0.021612 0.028622 -0.0039553 0.0075857 0.0032381 -0.018219 -0.018746 -0.010379 0.0079193 -0.0076048 0.0088961 -0.0050448 0.0045567 -0.0037759 -0.0064169 -0.022537 -0.024565 -0.0015344 -0.0024436 0.0019104 -0.0075201 -0.0020157 -0.01339 0.0032145 0.0031474 0.0097409 0.0025143 0.0098474 0.012998 0.0044309 0.0050261 0.011286 0.007387 0.020446 0.013309 0.014896 0.0055115 -0.0023623 0.0025403 -0.0067908 -0.013721
0.0067496 0.0045866 0.0018752 0.00079804 0.0033556 0.00016721 0.0054117 0.0084332 0.011406 0.024624 0.033524 0.037144 0.046414 0.042271 0.051981 0.046943 0.053163 0.047204 0.04398 0.042169 0.032547 0.02305 0.015395 0.016842 0.019844 0.027522 0.02855 0.021422 0.021347 0.030173 0.033731 0.035992 0.02871 0.022439 0.01711 0.0080366 0.0037142 -0.0038474 -0.0063054 -0.0094798 0.0025456 0.00081192 -0.0092836 -0.019951 -0.019819 -0.016865 -0.017469 -0.02531 -0.023144 -0.013487 -0.0027915 0.0091099 0.017692 0.016745 0.013079 0.0057951 0.015474 0.02099 0.025072 0.021841 0.017757 0.017221 0.015826 0.029144 0.027056 0.023909 0.023446 0.026481 0.028802 0.027332 0.023881 0.027076 0.020173 0.025752 0.030322 0.029944 0.024156 0.025377 0.027897 0.0177 0.021746 0.029175 0.042632 0.040977 0.04618 0.042156 0.041533 0.052549 0.054241 0.058268 0.062536 0.062465 0.064864 0.068017 0.068058 0.06259 0.06365 0.067617 0.057367 0.055982 0.057771 0.056881 0.052309 0.053965 0.05316 0.051094 0.047436 0.039896 0.044863 0.047518 0.047914 0.051184 0.052351 0.057916 0.057273 0.062283 0.062352 0.059409 0.061274 0.062588 0.060649 0.057909 0.055278 0.055673 0.058364 0.063305 0.052534 0.044319 0.04814 0.047125 0.051824 0.043022 0.040303 0.048154 0.047457 0.049516 0.052347 0.054107 0.051594 0.0502 0.053137 0.054779 0.049253 0.053564 0.06138 0.053537 0.055716 0.055853 0.049879 0.051522 0.056762 0.054834 0.046032 0.04594 0.049784 0.046967 0.053326 0.039388 0.040996 0.041908 0.040801 0.037653 0.03747 0.035933 0.039057 0.034866 0.048143 0.054471 0.04522 0.039458 0.042082 0.046031 0.042287 0.037603 0.035997 0.033352 0.019697 0.027457 0.039677 0.030739 0.028553 0.03029 0.024822 0.023069 0.031655 0.033512 0.026869 0.032606 0.037687 0.037948 0.045807 0.051436 0.058028 0.052791 0.062138 0.069824 0.078847 0.084976 0.086171 0.094637 0.086077 0.0813 0.076551 0.071089 0.061159 0.059976 0.050694 0.05435 0.048402 0.04598 0.042383 0.033934 0.02453 0.024211 0.023294 0.025277 0.026293 0.028548 0.021251 0.030476 0.033481 0.03175 0.036604 0.045382 0.048347 0.059609 0.073178 0.072628 0.07651 0.082193 0.070836 0.079416 0.081148 0.079087 0.081669 0.077911 0.076965 0.075805 0.069078 0.060619 0.054802 0.051474 0.052267 0.049188 0.044916 0.039402 0.030614 0.033283 0.030325 0.029217 0.023752 0.02152 0.018487 0.023599 0.013492 0.011412 0.016064 0.014059 0.010813 0.0078063 0.0025149 0.00083207 0.0055549 0.009672 0.010128 0.014236 0.015137 0.011488 0.018298 0.012657 0.0066669 0.0072494 0.010695 0.010265 0.011926 0.0087296 0.011721 0.018998 0.019182 0.020562 0.019996 0.022694 0.02104 0.017631 0.027197 0.033841 0.029952 0.026736 0.024401 0.016758 0.025312 0.028353 0.02512 0.016648 0.01818 0.019091 0.023218 0.018511 0.010716 0.011589 0.017207 0.01618 0.026018 0.031183 0.020124 0.027298 0.029245 0.028312 0.024901 0.020107 0.024241 0.024539 0.028686 0.023663 0.021276 0.030158 0.030691 0.028573 0.032758 0.034783 0.027797 0.028982 0.029601 0.034464 0.026033 0.02782 0.032606 0.034251 0.034525 0.043235 0.050583 0.044657 0.041332 0.050596 0.060083 0.062874 0.057663 0.053473 0.054288 0.057587 0.038346 0.041738 0.04851 0.047903 0.045877 0.046286 0.038423 0.049165 0.051719 0.052113 0.042929 0.038324 0.034632 0.035661 0.027744 0.036411 0.044903 0.040722 0.034108 0.029795 0.031898 0.032113 0.03138 0.041002 0.039436 0.042094 0.040615 0.047399 0.049091 0.053568 0.051537 0.049271 0.059248 0.063622 0.064611 0.073031 0.072173 0.070368 0.079838 0.080948 0.080375 0.084633 0.095095 0.097416 0.1053 0.10066 0.097632 0.093249 0.092851 0.092618 0.089694 0.089453 0.080062 0.083885 0.075067 0.06077 0.050296 0.046857 0.041286 0.052701 0.049784 0.049055 0.052431 0.051005 0.042603 0.040758 0.034061 0.026633 0.035129 0.038221 0.045588 0.038273 0.02842 0.029078 0.028679 0.027852 0.025998 0.024664 0.026037 0.021201 0.015794 0.011186 0.022616 0.013307 0.022022 0.025111 0.023247 0.020638 0.020883 0.022719 0.01556 0.025603 0.019914 0.020145 0.020876 0.021397 0.027327 0.030156 0.032696 0.025765 0.02347 0.02676 0.033119 0.031357 0.029155 0.033504 0.030417 0.019491 0.013827 0.015738 0.019694 0.014117 0.013431 0.014986 0.017103 0.020452 0.012095 0.0060321 0.013083 0.018135 0.018964 0.026584 0.033992 0.028167 0.017605 0.024455 0.017148 0.02036 0.020749 0.029586 0.012786 0.019823 0.023814 0.018917 0.024479 0.02696 0.026372 0.016269 0.017218 0.015587 0.022572 0.033895 0.024948 0.022616 0.033331 0.025851 0.025028 0.027691 0.027526 0.033229 0.033462 0.034939 0.038307 0.041147 0.038703 0.050362 0.050731 0.046492 0.046814 0.042046 0.042196 0.038991 0.034253 0.035772 0.029722 0.032759 0.03736 0.043681 0.042298 0.042183 0.032609 0.032509 0.031185 0.037648 0.032225 0.017863 0.014794 0.017422 0.012975 0.014207 0.012674 0.009216 0.01522 0.017615 0.020135 0.024181 0.02426 0.016007 0.015072 0.019884 0.023071 0.02063 0.021438 0.022102 0.028267 0.028808 0.025379 0.029151 0.026916 0.028553 0.032338 0.034028 0.035409 0.029931 0.036032 0.031584 0.029091 0.030449 0.037101 0.037131 0.034917 0.037102 0.040376 0.032449 0.037922 0.044911 0.049122 0.040086 0.037636 0.033392 0.038009 0.037009 0.041329 0.041167 0.033412 0.026691 0.032505 0.028002 0.030919 0.03265 0.019461 0.016977 0.035272 0.033362 0.04115 0.031859 0.035398 0.034653 0.034103 0.017964 0.012274 0.0026434 0.007384 0.027952 0.024379 0.018148 0.015751 0.018076 0.021314 0.024412 0.022778 0.015754 0.010275 -4.6078e-05 0.0089509 0.0090155 0.0033678 0.0083829 0.0094524 0.0020088 0.012645 0.016211 0.010961 0.01129 0.010087 0.0038248 0.0074802 0.017377 0.021608 0.0084001 0.005046 0.0001864 0.0044509 0.010146 0.012393 0.0098591 0.0026693 0.0082371 0.006024 0.0010858 0.0085211 0.0098497 0.0058378 0.004503 0.010854 0.016901 0.013878 0.0060183 0.0038407 0.010322 0.0082882 0.0059998 0.0054533 0.0048626 0.0037552 -0.0040734 -0.0036129 0.0038392 -0.0015926 0.0040545 -0.00051105 -7.1652e-05 0.0034461 -0.00054176 0.011187 0.001538 -0.00087391 0.0069099 0.0016767 0.0012708 -0.00033431 0.0041309 0.011634 0.012322 0.0048201 0.005132 0.0040936 0.0032877 -0.0024074 0.0066696 0.0067524 0.0075072 0.0065818 0.0043027 0.0042902 0.0079318 0.0016636 -0.0047252 -0.0015635 -0.0039949 -0.0027606 0.0010863 0.0012347 0.010274 0.0011667 0.0028728 -0.0050558 -0.0030709 0.0092999 0.009628 0.012764 0.0026272 0.0063314 0.0062568 0.0056503 0.0028076 -0.0033797 -0.0018395 0.0040364 0.0099202 3.746e-07 0.002021
0.0079592 0.0043769 0.0026348 0.0040198 0.0027407 -0.00027919 0.0031472 0.010826 0.012518 0.025005 0.033712 0.036483 0.043999 0.041044 0.050483 0.051337 0.059487 0.055517 0.050841 0.049655 0.041241 0.027905 0.019443 0.021122 0.022908 0.029309 0.034624 0.031097 0.031878 0.042387 0.04413 0.044838 0.036974 0.031917 0.022923 0.01114 0.0036099 -0.0029717 -0.01093 -0.016136 -0.0087338 -0.011508 -0.016472 -0.022638 -0.0222 -0.019482 -0.021537 -0.025344 -0.017865 -0.0095121 0.00047464 0.0099084 0.017845 0.01947 0.016378 0.011965 0.01765 0.020813 0.023882 0.023192 0.022159 0.023489 0.023242 0.033891 0.031428 0.031328 0.033661 0.031825 0.033612 0.031592 0.031018 0.033384 0.025893 0.028574 0.031343 0.030165 0.02605 0.028055 0.031385 0.028488 0.032965 0.037573 0.049382 0.050634 0.055161 0.05484 0.056115 0.064711 0.061933 0.069284 0.070898 0.069592 0.071349 0.069301 0.067974 0.06425 0.064118 0.064857 0.057635 0.053957 0.052873 0.05547 0.051743 0.053984 0.052956 0.051303 0.051354 0.045748 0.048837 0.050285 0.053591 0.055991 0.057267 0.063186 0.062482 0.065576 0.0637 0.06065 0.06428 0.063721 0.063398 0.059288 0.056195 0.059843 0.058446 0.058664 0.05036 0.048369 0.052566 0.051545 0.055161 0.047626 0.048664 0.055319 0.051415 0.052774 0.05684 0.056898 0.054675 0.053756 0.058612 0.063921 0.056378 0.061979 0.07052 0.064898 0.06149 0.064879 0.057288 0.053899 0.057103 0.054322 0.047965 0.04645 0.048606 0.047049 0.050356 0.040379 0.040621 0.042314 0.043401 0.04112 0.04021 0.038897 0.041677 0.039637 0.046639 0.052943 0.046103 0.042828 0.041833 0.042521 0.036833 0.032141 0.029594 0.028718 0.022552 0.02626 0.035653 0.030041 0.024685 0.027889 0.025757 0.02706 0.034325 0.035233 0.034384 0.039308 0.045984 0.048836 0.056958 0.062539 0.068683 0.067639 0.076426 0.080761 0.08464 0.091488 0.091607 0.096008 0.086338 0.080644 0.074756 0.070147 0.059724 0.054876 0.044409 0.047004 0.040864 0.038604 0.035294 0.029412 0.01906 0.017867 0.019074 0.02342 0.026522 0.027175 0.027301 0.03375 0.03749 0.038782 0.043898 0.055496 0.060498 0.069087 0.080867 0.080856 0.084846 0.08484 0.075223 0.078191 0.078145 0.072223 0.075275 0.0704 0.067146 0.06594 0.05681 0.049389 0.043303 0.044519 0.042448 0.038662 0.035922 0.029473 0.025261 0.028981 0.026243 0.024672 0.020186 0.016636 0.012947 0.019019 0.011345 0.0074507 0.011155 0.012439 0.010278 0.0090118 0.0055291 0.0067367 0.008559 0.0093656 0.010293 0.012779 0.014135 0.013287 0.019992 0.014422 0.0093629 0.010505 0.015172 0.014361 0.015281 0.011632 0.013933 0.01991 0.023151 0.025399 0.024172 0.025285 0.02148 0.019145 0.026176 0.033219 0.026271 0.022588 0.020979 0.018585 0.025189 0.025035 0.021788 0.014517 0.017104 0.019487 0.019171 0.015103 0.012118 0.012979 0.01935 0.020543 0.025741 0.028252 0.020796 0.026848 0.028273 0.028858 0.026388 0.02031 0.025106 0.027522 0.027596 0.022152 0.023037 0.029163 0.029375 0.028631 0.029243 0.031491 0.026229 0.026512 0.030491 0.033626 0.0287 0.03016 0.036374 0.03488 0.032845 0.043284 0.050306 0.046627 0.042652 0.050342 0.061212 0.059923 0.056292 0.056708 0.053603 0.057663 0.046216 0.046903 0.04884 0.04504 0.043599 0.046507 0.037976 0.043956 0.050883 0.050515 0.042734 0.037708 0.03394 0.038217 0.032565 0.039053 0.047214 0.044844 0.036896 0.030381 0.03303 0.033716 0.033829 0.041147 0.044884 0.048738 0.048728 0.048557 0.051026 0.05238 0.053269 0.054905 0.06305 0.064794 0.065515 0.07195 0.071744 0.070301 0.079788 0.083475 0.086722 0.089323 0.096105 0.095946 0.1036 0.098181 0.095921 0.086787 0.086835 0.083298 0.078829 0.078001 0.068109 0.071585 0.063846 0.052818 0.044511 0.037897 0.033389 0.045037 0.041014 0.041645 0.043456 0.040912 0.033724 0.033442 0.02878 0.0237 0.030195 0.033019 0.038171 0.030772 0.024718 0.024521 0.023963 0.022294 0.022662 0.019538 0.020698 0.01786 0.01642 0.011178 0.020665 0.0139 0.019446 0.022073 0.017616 0.017394 0.018329 0.020115 0.0147 0.023644 0.020319 0.020047 0.020303 0.020216 0.025402 0.024067 0.025613 0.024089 0.024334 0.024193 0.029742 0.026289 0.023692 0.023934 0.021735 0.015682 0.011683 0.014342 0.013674 0.010693 0.010106 0.0086914 0.0087274 0.014483 0.0077379 0.0037721 0.0089052 0.011114 0.012307 0.015912 0.02296 0.017855 0.011067 0.016064 0.012169 0.01695 0.017615 0.027421 0.014831 0.018133 0.017725 0.015113 0.023516 0.023916 0.021699 0.016326 0.016042 0.01559 0.024014 0.033828 0.028616 0.025568 0.03809 0.033167 0.034664 0.035521 0.038927 0.045973 0.040506 0.037428 0.040079 0.039801 0.039627 0.048528 0.047343 0.038751 0.037845 0.035751 0.034456 0.032269 0.027848 0.030745 0.024227 0.025573 0.031857 0.034363 0.033586 0.03466 0.0257 0.023866 0.023455 0.029861 0.024026 0.014668 0.010649 0.013601 0.0094131 0.0088685 0.006728 0.0070147 0.012335 0.016345 0.016558 0.020457 0.021952 0.016626 0.014431 0.020952 0.021759 0.017299 0.018137 0.017683 0.02277 0.025829 0.023414 0.025717 0.02655 0.030101 0.028532 0.029559 0.031532 0.028313 0.033443 0.029738 0.027066 0.030239 0.033728 0.032118 0.029632 0.032409 0.036637 0.031587 0.037322 0.040784 0.040496 0.034879 0.034979 0.030119 0.032392 0.030214 0.033801 0.03256 0.02835 0.024002 0.026803 0.026 0.028684 0.027498 0.01668 0.016851 0.027972 0.026217 0.030354 0.020313 0.023093 0.022468 0.022298 0.010873 0.0085563 0.0037721 0.0038083 0.01942 0.018764 0.012128 0.01273 0.014947 0.015265 0.017301 0.015068 0.010556 0.0090572 0.002973 0.0090814 0.0058715 0.0029477 0.0071279 0.0062719 0.0024658 0.0097829 0.012579 0.0079244 0.007853 0.0066771 0.003272 0.0082565 0.016656 0.01697 0.0082663 0.0050429 0.0014788 0.0049813 0.0096501 0.010025 0.0079311 0.0045119 0.0060789 0.00625 0.0015432 0.0068879 0.0091729 0.0069097 0.0079123 0.009682 0.012618 0.014069 0.0072512 0.0054443 0.0076743 0.0060642 0.0048641 0.0027265 0.0033406 0.0040828 -0.0037346 -0.0010197 0.0051617 -0.0008055 0.0038853 -0.00070278 -0.0020917 0.00082556 -9.8637e-05 0.005967 -8.9705e-05 -0.0010626 0.0027399 -0.0043783 -0.0051038 -0.0037415 -0.00089137 0.0057981 0.0086842 0.00080551 0.00043839 0.001843 0.0011837 -0.0066922 0.00089819 0.003934 0.005395 0.0059728 0.0038594 0.0033651 0.0054799 0.0031427 -0.001597 -0.0023825 -0.0035305 -0.0040636 -0.00093216 0.00036105 0.0084742 0.0019888 0.0022145 -0.0035723 -0.0021985 0.0056815 0.010274 0.011937 0.0031075 0.0052988 0.0048018 0.0063071 0.0032565 -1.2667e-06 0.0043293 0.0079899 0.0069615 -0.00073333 0.0017931
0.0056241 0.0089634 0.002574 0.0027018 0.0064902 0.0013941 -0.0017633 0.0012017 0.011097 0.011172 0.0225 0.030438 0.032559 0.038514 0.039035 0.047632 0.053942 0.063241 0.060746 0.054454 0.053655 0.046271 0.032465 0.023537 0.024667 0.024827 0.029753 0.035557 0.035023 0.037573 0.048919 0.050264 0.049861 0.043007 0.038706 0.028229 0.014187 0.0047349 0.00019653 -0.010696 -0.017494 -0.013894 -0.016697 -0.017929 -0.020172 -0.019772 -0.017643 -0.020227 -0.021092 -0.010947 -0.0035086 0.0051863 0.011408 0.01774 0.021513 0.019009 0.017774 0.018525 0.021967 0.024597 0.024879 0.025135 0.02785 0.028907 0.037163 0.035698 0.037037 0.040124 0.035993 0.037654 0.033974 0.035615 0.037002 0.030759 0.032212 0.034037 0.032259 0.030044 0.032827 0.037754 0.040661 0.046003 0.048864 0.057764 0.062228 0.065764 0.067309 0.069972 0.075868 0.070353 0.077532 0.076086 0.073662 0.074784 0.070686 0.067108 0.063864 0.06246 0.06091 0.055925 0.051477 0.049574 0.054216 0.051285 0.054072 0.05355 0.052887 0.055803 0.052707 0.055018 0.055747 0.061363 0.061885 0.062673 0.067138 0.065647 0.066294 0.064103 0.059181 0.064686 0.062893 0.062198 0.058216 0.055814 0.06096 0.057777 0.054637 0.048682 0.051172 0.056855 0.055804 0.058295 0.052296 0.056861 0.060742 0.055045 0.056789 0.059875 0.05855 0.057596 0.057745 0.062788 0.0704 0.062772 0.068828 0.075534 0.071221 0.06515 0.068682 0.061106 0.054937 0.055223 0.051776 0.046835 0.044149 0.045706 0.045753 0.047024 0.041996 0.041875 0.043415 0.045903 0.043792 0.043083 0.043077 0.043287 0.042531 0.046308 0.051141 0.044936 0.043615 0.040394 0.03882 0.0318 0.025008 0.023068 0.025475 0.024348 0.026198 0.032001 0.028881 0.02274 0.027133 0.029567 0.032914 0.037918 0.039135 0.042117 0.048009 0.053797 0.059733 0.069784 0.076519 0.080614 0.081901 0.089234 0.090074 0.089534 0.094672 0.092612 0.092334 0.081614 0.075333 0.068632 0.063528 0.054304 0.046878 0.036514 0.038088 0.032821 0.031264 0.027931 0.025061 0.016599 0.015668 0.016342 0.021235 0.026676 0.027577 0.033959 0.03947 0.045125 0.049377 0.055042 0.066884 0.072874 0.07733 0.085734 0.085555 0.0889 0.084117 0.076136 0.074045 0.072924 0.064117 0.066568 0.059603 0.056103 0.054551 0.04396 0.037739 0.031991 0.034568 0.033443 0.028397 0.027113 0.020558 0.0186 0.023566 0.021938 0.020965 0.017264 0.012329 0.0077433 0.014371 0.0097511 0.0059246 0.009799 0.013529 0.01098 0.010577 0.0071062 0.010977 0.01004 0.0086581 0.0091332 0.011332 0.013804 0.014289 0.020598 0.014969 0.012005 0.014033 0.018434 0.016866 0.018504 0.014788 0.016734 0.019699 0.025029 0.026596 0.026822 0.026585 0.022255 0.021164 0.025052 0.030411 0.021305 0.019047 0.019336 0.019292 0.023745 0.02221 0.019486 0.014339 0.017992 0.021063 0.017049 0.012948 0.014026 0.014374 0.020944 0.023265 0.023877 0.026036 0.02138 0.025173 0.026975 0.029015 0.028079 0.021015 0.024619 0.027661 0.025795 0.020471 0.023575 0.026944 0.027824 0.029593 0.027957 0.030082 0.026323 0.026359 0.030976 0.033718 0.032615 0.035618 0.041439 0.038864 0.035808 0.04464 0.050559 0.048222 0.045194 0.050147 0.060251 0.056231 0.053767 0.056651 0.050851 0.056024 0.050511 0.048849 0.046887 0.041455 0.038916 0.044013 0.036026 0.038972 0.047672 0.047121 0.041039 0.036648 0.033299 0.039615 0.034016 0.03965 0.047634 0.047168 0.039043 0.033035 0.036097 0.038589 0.03882 0.042907 0.048678 0.052805 0.05377 0.050148 0.051669 0.051835 0.053847 0.059547 0.065781 0.065632 0.066975 0.072471 0.074086 0.072911 0.081965 0.085976 0.090234 0.090873 0.093748 0.091182 0.097004 0.090017 0.088308 0.076405 0.076902 0.071684 0.065022 0.064432 0.05553 0.057772 0.052763 0.045239 0.039115 0.032011 0.027339 0.036707 0.032574 0.034392 0.035063 0.032865 0.028448 0.028443 0.025463 0.022658 0.027216 0.02801 0.031185 0.024546 0.02104 0.020831 0.020252 0.017566 0.019958 0.01609 0.01681 0.015944 0.016705 0.011373 0.019709 0.015092 0.017558 0.019559 0.013727 0.015103 0.015952 0.016249 0.013563 0.019816 0.017565 0.018267 0.018305 0.018201 0.023103 0.019472 0.019547 0.0218 0.023449 0.022055 0.026543 0.021453 0.019912 0.017736 0.01716 0.014262 0.011663 0.014302 0.010616 0.0084017 0.0087115 0.0052799 0.0047653 0.012109 0.0075634 0.0051052 0.00844 0.0068045 0.0084907 0.010195 0.015414 0.012646 0.010085 0.013841 0.011548 0.016778 0.017599 0.027033 0.017639 0.019055 0.016344 0.016606 0.024143 0.023246 0.020379 0.018602 0.018979 0.018214 0.027039 0.036454 0.034851 0.031843 0.043808 0.042044 0.043965 0.042165 0.047746 0.053801 0.043344 0.037259 0.039388 0.038001 0.037824 0.043729 0.041168 0.030617 0.02925 0.027756 0.026035 0.025476 0.023194 0.025348 0.020109 0.019996 0.026325 0.025611 0.024603 0.027606 0.01982 0.016422 0.016757 0.022589 0.017687 0.012844 0.008875 0.011703 0.0071078 0.0057071 0.004913 0.0061983 0.010616 0.015748 0.014865 0.017857 0.019773 0.015579 0.01275 0.020028 0.019351 0.014892 0.015371 0.013073 0.016898 0.021311 0.022275 0.023944 0.026912 0.029318 0.025787 0.026978 0.028827 0.027003 0.031057 0.027965 0.026533 0.031486 0.032336 0.028773 0.026293 0.027633 0.031827 0.030223 0.035964 0.034961 0.031709 0.02974 0.031898 0.02743 0.026239 0.022989 0.026557 0.024823 0.024144 0.020655 0.020713 0.023405 0.025507 0.023136 0.015734 0.015181 0.021888 0.020489 0.021261 0.012052 0.014873 0.014686 0.013396 0.007868 0.0082649 0.0069287 0.0035548 0.012795 0.013464 0.008969 0.011046 0.012871 0.011163 0.011028 0.0083314 0.0062422 0.0074696 0.0053253 0.0082999 0.0035786 0.0024657 0.0059629 0.0040157 0.0035818 0.0071014 0.0088592 0.0037797 0.0042165 0.0024397 0.0016512 0.0075614 0.01513 0.013404 0.006567 0.0042317 0.0021762 0.0048664 0.0082508 0.0081962 0.0070977 0.0057044 0.0032862 0.0053576 0.001255 0.0049377 0.0078068 0.0068937 0.0095065 0.0075294 0.0092129 0.012747 0.0075918 0.0055946 0.0049161 0.0036965 0.0043334 0.0010828 0.0021108 0.003313 -0.0033891 -0.00031033 0.0037342 -0.00021245 0.0027163 7.6932e-05 -0.0031599 -0.0019729 -0.00049543 0.0031246 0.00011544 -0.0013714 -0.00085607 -0.0066301 -0.0067118 -0.0047395 -0.0025958 0.0030061 0.005265 -0.002121 -0.0028945 0.00080328 -0.00015586 -0.0089203 -0.0018764 0.0021825 0.0033031 0.004976 0.0027391 0.0017821 0.0024642 0.0040611 0.00025673 -0.0019241 -0.0027628 -0.0043563 -0.0018708 -0.00020912 0.0060943 0.0026976 0.0023982 -0.001599 -0.0012534 0.0026776 0.0093026 0.0097131 0.0031229 0.0049338 0.0041368 0.005931 0.0031123 0.0029001 0.0072207 0.010018 0.0045089 -0.00036984
0.032139 0.020796 0.013641 0.0079505 0.0095569 0.001404 0.0035104 0.0080764 -0.00010411 -0.0031841 -0.00017351 0.0099073 0.0085168 0.017738 0.023974 0.025895 0.031654 0.035459 0.042915 0.052793 0.06162 0.060154 0.053168 0.052628 0.046148 0.034621 0.026095 0.026216 0.024869 0.028243 0.032319 0.033437 0.037183 0.048851 0.050189 0.04963 0.045098 0.040713 0.030777 0.016181 0.0067459 0.0041272 -0.0067667 -0.013759 -0.013343 -0.01499 -0.014348 -0.013852 -0.013343 -0.011717 -0.014365 -0.013265 -0.0033263 0.004133 0.011454 0.014751 0.018909 0.023466 0.021781 0.023458 0.019897 0.024538 0.027024 0.028065 0.028274 0.031537 0.033635 0.039208 0.039148 0.041082 0.043342 0.038957 0.040253 0.03485 0.037914 0.038796 0.035403 0.036459 0.038846 0.03693 0.036138 0.039164 0.046457 0.053147 0.059128 0.06155 0.067012 0.073733 0.07623 0.077858 0.080772 0.084337 0.078082 0.082691 0.078852 0.074877 0.07525 0.071098 0.065348 0.06179 0.059738 0.056606 0.053155 0.049128 0.047752 0.053749 0.051749 0.055463 0.056189 0.057047 0.061815 0.060448 0.062639 0.062832 0.069384 0.068084 0.068298 0.069939 0.067352 0.065247 0.063247 0.056111 0.062676 0.060074 0.058422 0.056472 0.054484 0.059699 0.056522 0.052625 0.048275 0.053299 0.060656 0.059566 0.060111 0.055988 0.062607 0.063763 0.058489 0.06128 0.061998 0.059663 0.060393 0.061841 0.065798 0.074276 0.067547 0.072708 0.076647 0.072878 0.066491 0.067655 0.0613 0.054425 0.05224 0.048762 0.044234 0.040598 0.04184 0.043517 0.043995 0.043614 0.044545 0.045742 0.04796 0.045805 0.046039 0.047951 0.044696 0.04396 0.047028 0.048962 0.04284 0.042308 0.038142 0.034733 0.027286 0.018524 0.01793 0.024029 0.025576 0.026924 0.029834 0.028566 0.023413 0.028472 0.035313 0.039367 0.042631 0.045338 0.050318 0.058521 0.062259 0.070821 0.083509 0.091554 0.092951 0.09462 0.099249 0.097126 0.092871 0.093592 0.088884 0.083502 0.072143 0.065377 0.058767 0.051902 0.045503 0.037322 0.028223 0.028785 0.025067 0.024557 0.021106 0.020333 0.015632 0.016699 0.01575 0.019583 0.027704 0.030634 0.042199 0.048692 0.056469 0.063325 0.069737 0.078766 0.083416 0.082711 0.086589 0.085478 0.087288 0.079849 0.073448 0.06728 0.065108 0.054696 0.056962 0.04816 0.045433 0.04407 0.033046 0.027844 0.023111 0.024788 0.026054 0.020356 0.019439 0.013733 0.012485 0.017814 0.017561 0.018025 0.015583 0.009444 0.0042983 0.010877 0.0086474 0.0061339 0.010331 0.015954 0.012305 0.012105 0.0079737 0.013548 0.010164 0.0080695 0.0076523 0.010195 0.013913 0.01518 0.020459 0.015067 0.014871 0.017524 0.020647 0.018255 0.021095 0.017752 0.01955 0.019483 0.024957 0.025307 0.02791 0.027142 0.023014 0.022231 0.023669 0.0254 0.016671 0.016097 0.018998 0.019036 0.021927 0.020341 0.017926 0.015256 0.019587 0.022685 0.016655 0.012301 0.015697 0.016072 0.021992 0.024906 0.021645 0.025249 0.022076 0.023045 0.025642 0.028519 0.029384 0.022226 0.023044 0.025638 0.023594 0.019173 0.023258 0.025085 0.027091 0.031061 0.027602 0.029553 0.0278 0.028206 0.032366 0.035223 0.037692 0.042978 0.046723 0.044276 0.041692 0.047032 0.050914 0.048739 0.048161 0.050445 0.057226 0.052225 0.049952 0.053354 0.046351 0.052668 0.050966 0.047352 0.043038 0.037647 0.033971 0.039996 0.034247 0.035122 0.042586 0.043412 0.038627 0.035595 0.033029 0.039533 0.033681 0.039165 0.046604 0.047958 0.040837 0.037232 0.040822 0.044874 0.045689 0.045732 0.051034 0.054591 0.055851 0.051835 0.051651 0.051905 0.053615 0.062708 0.067067 0.066391 0.06888 0.074674 0.078335 0.077368 0.085075 0.088006 0.0906 0.088702 0.087818 0.083262 0.086811 0.077566 0.075186 0.063643 0.064822 0.058843 0.050224 0.050127 0.043886 0.045273 0.043066 0.038645 0.03396 0.028371 0.023274 0.02876 0.025354 0.027538 0.027445 0.026939 0.025767 0.025331 0.023923 0.022772 0.025207 0.023236 0.025018 0.019897 0.017726 0.017668 0.01714 0.014435 0.018073 0.013828 0.014863 0.015731 0.016903 0.011724 0.019301 0.016417 0.016554 0.018117 0.012932 0.015026 0.014687 0.012757 0.013345 0.01665 0.01418 0.016507 0.016866 0.017512 0.02177 0.017352 0.015582 0.020358 0.022728 0.021147 0.024192 0.017713 0.017527 0.01492 0.015701 0.013554 0.012503 0.014342 0.010234 0.0075584 0.0091829 0.0050454 0.0048297 0.012988 0.011209 0.0089672 0.010801 0.0061385 0.0083723 0.010245 0.012332 0.012702 0.013463 0.015765 0.014135 0.018792 0.019044 0.026828 0.020056 0.021289 0.018302 0.020894 0.025925 0.025496 0.023039 0.023154 0.025274 0.023902 0.032115 0.041312 0.042647 0.041126 0.050203 0.051744 0.052083 0.047501 0.053059 0.056221 0.043086 0.035351 0.037157 0.036264 0.03446 0.038269 0.034463 0.025028 0.023428 0.021117 0.01924 0.020507 0.020436 0.021283 0.018149 0.016798 0.021927 0.018715 0.016892 0.021335 0.01496 0.011408 0.012167 0.016582 0.013006 0.010567 0.0080542 0.010309 0.0048391 0.0035372 0.0049742 0.0055377 0.0092502 0.014494 0.013106 0.014893 0.016819 0.012535 0.010317 0.017344 0.01629 0.013028 0.012839 0.0088859 0.011579 0.016151 0.021178 0.022143 0.026319 0.026564 0.023215 0.024922 0.026499 0.025316 0.028729 0.026009 0.026311 0.032725 0.032205 0.027019 0.024275 0.023137 0.026766 0.027917 0.033823 0.029085 0.024343 0.025798 0.029141 0.025184 0.020524 0.016946 0.020442 0.018282 0.020328 0.01698 0.014661 0.019659 0.021315 0.019304 0.015432 0.011953 0.0159 0.015444 0.013834 0.0062696 0.0099025 0.010337 0.0076298 0.007174 0.009014 0.009568 0.0047934 0.0086964 0.0092409 0.006941 0.0092501 0.011456 0.0086075 0.0059974 0.0030152 0.0028766 0.0056117 0.006714 0.0067587 0.0020503 0.0020127 0.0050221 0.0032336 0.0048024 0.0047494 0.0060496 -0.0003474 0.00068536 -0.0017975 -0.00052863 0.0059721 0.012481 0.0098622 0.0037759 0.0026166 0.0023358 0.0043873 0.0063637 0.0071469 0.0068666 0.0058481 0.00079416 0.0040285 0.00083573 0.0030195 0.0055738 0.0057577 0.0096684 0.0055875 0.0071036 0.01026 0.0068951 0.0049449 0.0025833 0.0015346 0.0035462 -0.00027951 0.000368 0.0015022 -0.0023144 8.73e-05 0.0010769 -0.00024134 0.0006023 0.00011868 -0.0032054 -0.0035966 -0.00063314 0.0018801 0.0012072 -0.0020883 -0.0036689 -0.0064331 -0.0052156 -0.0040142 -0.0017631 0.0029141 0.0025117 -0.0042109 -0.0042827 0.00041377 -0.0010564 -0.0089434 -0.0029656 0.0011176 0.0013129 0.0034865 0.00044117 -0.00020601 -0.00023442 0.0044701 0.0015534 -0.0006344 -0.001957 -0.0042659 -0.0020388 -0.00039096 0.0034572 0.0029489 0.0025486 0.00035065 -0.00016792 0.00072594 0.0070376 0.0064897 0.0026709 0.0046443 0.0039861 0.0047296 0.0023527 0.0044111 0.0073945
0.034709 0.022888 0.015423 0.0091978 0.008709 0.0016362 0.0051057 0.0085214 -0.0012966 -0.0043334 -0.0012678 0.0078326 0.0053831 0.01156 0.015182 0.017824 0.024878 0.030274 0.036443 0.047059 0.054038 0.053183 0.046979 0.046677 0.041071 0.033526 0.025957 0.02524 0.0231 0.025427 0.027223 0.028451 0.031674 0.043357 0.044642 0.044792 0.043153 0.037699 0.029957 0.017212 0.0094008 0.0080884 -0.00041398 -0.0059991 -0.0079618 -0.0077796 -0.0074227 -0.0053889 -0.0044613 -0.0028341 -0.0055465 -0.0034018 0.0042105 0.01267 0.018823 0.019878 0.022132 0.026005 0.025224 0.028821 0.022815 0.028298 0.030846 0.032974 0.032778 0.035627 0.037787 0.04041 0.041199 0.043849 0.043992 0.040325 0.041067 0.034784 0.038832 0.039999 0.040095 0.041006 0.045379 0.043855 0.043984 0.046757 0.056811 0.064811 0.070433 0.073986 0.076246 0.083681 0.085141 0.085218 0.086572 0.088595 0.0836 0.084695 0.079984 0.07396 0.073704 0.07055 0.063061 0.059111 0.057063 0.052877 0.050438 0.047998 0.047495 0.054888 0.053845 0.05882 0.060925 0.063908 0.069599 0.0688 0.070574 0.069854 0.075638 0.073401 0.073113 0.071581 0.068111 0.063272 0.0613 0.052749 0.058838 0.056055 0.053824 0.055201 0.052772 0.057096 0.055168 0.053104 0.049468 0.05514 0.063667 0.062377 0.06017 0.058118 0.064438 0.064007 0.061303 0.065316 0.063592 0.060741 0.062989 0.065309 0.06779 0.075701 0.069609 0.072654 0.074241 0.070701 0.065406 0.062944 0.058293 0.052346 0.049173 0.046813 0.041655 0.037346 0.038435 0.041416 0.042273 0.044981 0.048145 0.0495 0.049718 0.04799 0.049123 0.052599 0.046304 0.044299 0.048048 0.046455 0.040629 0.039384 0.035543 0.03035 0.023517 0.014559 0.015278 0.024124 0.026563 0.028008 0.029938 0.030288 0.027245 0.032491 0.042487 0.046092 0.048739 0.053686 0.059268 0.07016 0.072074 0.081921 0.096082 0.10443 0.10363 0.10447 0.10474 0.10034 0.093308 0.087762 0.080633 0.070778 0.059483 0.05214 0.046705 0.037565 0.034802 0.027912 0.020968 0.020478 0.018497 0.019104 0.015855 0.015713 0.014819 0.019086 0.017266 0.019626 0.030849 0.037208 0.052663 0.061012 0.069882 0.078611 0.085644 0.089428 0.090183 0.08424 0.083061 0.080088 0.079864 0.072192 0.067181 0.058696 0.055219 0.044558 0.047828 0.038226 0.036239 0.035717 0.02524 0.021134 0.017793 0.017551 0.020652 0.015669 0.013756 0.0096816 0.0083517 0.012538 0.013311 0.015477 0.014977 0.008046 0.0031467 0.008732 0.0078596 0.0074457 0.011143 0.01769 0.013249 0.013108 0.0087838 0.014849 0.009406 0.0077322 0.0067051 0.0097652 0.014162 0.01608 0.019883 0.015197 0.017695 0.020275 0.021767 0.018894 0.022541 0.020249 0.021964 0.0202 0.023957 0.023055 0.027604 0.027541 0.023569 0.021814 0.022105 0.019294 0.013936 0.013943 0.018989 0.017884 0.020424 0.019417 0.016904 0.016746 0.021 0.02355 0.017529 0.013279 0.017147 0.018345 0.022764 0.026428 0.02048 0.026033 0.023055 0.021554 0.024651 0.027414 0.029845 0.023618 0.021011 0.023001 0.021899 0.018512 0.022391 0.024507 0.027621 0.032488 0.027543 0.0292 0.029992 0.030875 0.034828 0.037615 0.042823 0.050177 0.051308 0.049222 0.048103 0.049588 0.050794 0.047812 0.050457 0.050856 0.052393 0.048206 0.04533 0.047974 0.041438 0.048326 0.048214 0.043147 0.03848 0.034093 0.030435 0.035528 0.033355 0.032599 0.03679 0.040315 0.03633 0.03496 0.03345 0.038091 0.033267 0.038686 0.044455 0.047091 0.042097 0.04165 0.046113 0.050395 0.05251 0.048868 0.052315 0.054405 0.055328 0.053076 0.051386 0.052096 0.05292 0.064058 0.066882 0.067199 0.071143 0.078074 0.083104 0.082281 0.087534 0.088361 0.087399 0.082839 0.078725 0.072681 0.074265 0.06281 0.058679 0.050341 0.052529 0.046175 0.03653 0.036698 0.034465 0.035803 0.03552 0.033152 0.0292 0.025851 0.021063 0.022068 0.019765 0.021701 0.021261 0.023279 0.024457 0.023135 0.023338 0.022841 0.023174 0.01906 0.019862 0.017017 0.015102 0.014823 0.014528 0.013368 0.017333 0.012949 0.014807 0.017078 0.017536 0.01285 0.019746 0.018195 0.017016 0.018392 0.015366 0.017157 0.014726 0.010746 0.014424 0.01559 0.012203 0.01592 0.01707 0.019254 0.022146 0.017892 0.014028 0.020127 0.022909 0.021411 0.022997 0.015755 0.015924 0.014733 0.016141 0.012782 0.013318 0.013896 0.011497 0.0082786 0.011218 0.0077689 0.0081351 0.016233 0.017669 0.014756 0.015561 0.0096539 0.012346 0.015585 0.014003 0.017163 0.019631 0.020257 0.019119 0.022319 0.021225 0.026318 0.022062 0.024066 0.022463 0.0257 0.028643 0.030583 0.028829 0.029425 0.033448 0.032372 0.039664 0.047952 0.050846 0.051913 0.056426 0.060655 0.057993 0.050817 0.05418 0.053416 0.040622 0.032424 0.034019 0.034377 0.030629 0.03338 0.028714 0.023015 0.021455 0.017461 0.015484 0.018132 0.019236 0.019449 0.018086 0.015772 0.019113 0.014244 0.01133 0.016128 0.01109 0.0094424 0.010056 0.012019 0.0093954 0.0068829 0.007026 0.0087016 0.0024506 0.0021106 0.0052677 0.0046176 0.0077163 0.012001 0.01039 0.010715 0.012302 0.0075521 0.0077911 0.013599 0.013173 0.011552 0.010615 0.0057461 0.0076052 0.011807 0.01999 0.019625 0.023899 0.022981 0.020792 0.02288 0.024494 0.023024 0.026347 0.023806 0.025443 0.033035 0.032579 0.026642 0.023118 0.019179 0.022279 0.024651 0.031006 0.024493 0.019612 0.023517 0.026733 0.02257 0.015708 0.013083 0.01582 0.013493 0.01657 0.013215 0.0096835 0.015329 0.016567 0.015695 0.014855 0.0077887 0.0098311 0.010866 0.0079056 0.0023715 0.0070212 0.0081165 0.0048195 0.0072009 0.0089655 0.01019 0.005688 0.0067893 0.0066324 0.0050761 0.0067458 0.010239 0.0067594 0.0024959 -0.00021983 0.00052207 0.003499 0.0071614 0.0048447 0.00090131 0.0015137 0.0042069 0.0034234 0.0048798 0.0023985 0.0041318 -0.0041325 -0.0026048 -0.0053759 -0.0029228 0.0034208 0.0084019 0.0058352 0.00074238 0.00039001 0.0018348 0.0034948 0.0043376 0.0067837 0.0064998 0.0047729 -0.00068195 0.0029349 0.00048103 0.0010446 0.0026379 0.0037984 0.0087438 0.0046925 0.0061805 0.0070581 0.0051002 0.00404 0.0011965 0.00018972 0.0021486 -0.0017476 -0.0019432 -0.00096416 -0.00047641 0.0010772 -0.0016341 -0.00098167 -0.0020862 -0.00151 -0.0026227 -0.0035264 0.00011525 0.0016779 0.0024223 -0.0031669 -0.005651 -0.0048656 -0.0025092 -0.0023501 0.00035794 0.004549 0.00098853 -0.0053285 -0.0037493 -3.5755e-05 -0.0016799 -0.0071306 -0.0031431 0.00043791 -0.00060069 0.0013257 -0.0028937 -0.0023459 -0.0020116 0.0041356 0.0024505 0.00068982 -0.0012827 -0.003958 -0.0018098 -0.00031362 0.00081474 0.0022662 0.0022454 0.0016792 0.00094237 -0.00017784 0.0039966 0.0030464 0.0017527 0.0038269 0.0042079 0.0033665 0.0013987 0.004148 0.0054392
0.0084924 0.013886 0.026558 0.030873 0.020678 0.014374 0.0084992 0.005862 0.0031236 0.0070572 0.0081946 -0.001454 -0.0050218 -0.0020469 0.0060741 0.0028832 0.0055444 0.0061613 0.010775 0.019653 0.024677 0.029417 0.038216 0.042796 0.042133 0.038006 0.037819 0.033235 0.030086 0.023321 0.022443 0.020603 0.022902 0.023335 0.023583 0.02441 0.035616 0.036686 0.037867 0.038787 0.031542 0.026948 0.018175 0.012676 0.012189 0.0071751 0.0040568 0.00069469 0.0024564 0.0006931 0.003433 0.0049305 0.007254 0.0042455 0.0066349 0.01126 0.021096 0.026096 0.025781 0.027228 0.029599 0.029597 0.033636 0.027553 0.032891 0.035722 0.038995 0.039006 0.040708 0.041312 0.041204 0.041573 0.045845 0.043054 0.039905 0.040447 0.034563 0.039731 0.041664 0.044509 0.045545 0.052456 0.051699 0.052697 0.055239 0.067658 0.074495 0.078301 0.084569 0.084341 0.090993 0.091426 0.088801 0.086636 0.088143 0.085921 0.083946 0.080075 0.072025 0.07157 0.069732 0.060959 0.057187 0.055355 0.050516 0.04882 0.049166 0.048835 0.057833 0.057619 0.06366 0.066588 0.072231 0.078225 0.077403 0.077657 0.075112 0.078377 0.0766 0.075883 0.07193 0.068038 0.061061 0.058768 0.050152 0.054249 0.052254 0.050065 0.05451 0.051177 0.05432 0.05433 0.055382 0.051993 0.056851 0.065695 0.063816 0.05866 0.058637 0.062226 0.061783 0.062752 0.067723 0.06485 0.062255 0.065327 0.067378 0.068895 0.075059 0.068416 0.068768 0.069149 0.065908 0.062009 0.056404 0.053012 0.048866 0.046639 0.046654 0.040073 0.035559 0.03694 0.040683 0.042719 0.046408 0.051954 0.054204 0.051351 0.051056 0.052156 0.055679 0.047921 0.043905 0.048192 0.04365 0.038761 0.035659 0.033162 0.026267 0.020905 0.013932 0.015238 0.024786 0.027349 0.029074 0.032215 0.034439 0.034026 0.039309 0.050641 0.053369 0.056293 0.063463 0.0687 0.081583 0.083003 0.092154 0.10472 0.11135 0.10959 0.1094 0.10387 0.097765 0.089207 0.077566 0.068831 0.056514 0.046128 0.038136 0.034582 0.023847 0.024239 0.020361 0.015893 0.014247 0.013636 0.015283 0.012889 0.012208 0.013355 0.020634 0.020065 0.022338 0.036888 0.047326 0.064845 0.074105 0.082099 0.091427 0.098385 0.096168 0.091467 0.081531 0.075662 0.069923 0.067792 0.061731 0.057748 0.049321 0.044533 0.034763 0.039829 0.0307 0.028629 0.02932 0.020358 0.017788 0.015604 0.013645 0.017013 0.014224 0.010342 0.0081297 0.006682 0.0083776 0.0093306 0.012911 0.014674 0.0074527 0.0037686 0.0072098 0.0070756 0.0092425 0.011292 0.01703 0.012952 0.013302 0.0096887 0.015245 0.0081466 0.0074351 0.0068912 0.010181 0.014305 0.016607 0.018824 0.015462 0.019813 0.021658 0.021754 0.019112 0.022644 0.02208 0.02355 0.02206 0.023255 0.021259 0.026282 0.02825 0.023901 0.020325 0.020775 0.014002 0.013905 0.012725 0.01818 0.015832 0.019435 0.019137 0.016268 0.018332 0.021565 0.023353 0.019116 0.015767 0.018717 0.021 0.023559 0.028596 0.021325 0.027795 0.02431 0.021667 0.024612 0.026341 0.029604 0.025025 0.019521 0.021514 0.021517 0.018348 0.021248 0.025291 0.028915 0.033193 0.027662 0.02867 0.031918 0.032739 0.037496 0.03955 0.046105 0.054614 0.054216 0.052012 0.052417 0.051036 0.049438 0.045455 0.050916 0.050296 0.046185 0.04431 0.040707 0.04215 0.037488 0.043798 0.043338 0.037548 0.034439 0.031014 0.028939 0.031309 0.032804 0.030704 0.031607 0.037967 0.034554 0.03466 0.034543 0.035804 0.033751 0.038932 0.041486 0.044331 0.042438 0.044673 0.050369 0.053195 0.056813 0.051351 0.052663 0.05259 0.052921 0.053329 0.05102 0.051476 0.051688 0.063282 0.065259 0.067467 0.073276 0.081214 0.086475 0.085547 0.087659 0.085493 0.08032 0.073864 0.067415 0.060362 0.060653 0.048115 0.041974 0.038174 0.041638 0.035084 0.02569 0.025599 0.027791 0.029614 0.030023 0.028374 0.025031 0.023214 0.020037 0.01701 0.015667 0.01731 0.016897 0.021606 0.023231 0.020858 0.022622 0.021451 0.020317 0.015796 0.015743 0.015692 0.013452 0.012225 0.012614 0.014187 0.017625 0.013698 0.015917 0.019236 0.018854 0.015076 0.021314 0.020807 0.019291 0.020538 0.019719 0.02024 0.015459 0.010504 0.016455 0.016729 0.012678 0.01669 0.018652 0.022953 0.023903 0.020175 0.014257 0.020311 0.023594 0.022093 0.022686 0.015839 0.014515 0.015849 0.017266 0.012078 0.013551 0.013065 0.012705 0.010005 0.014079 0.012486 0.013291 0.020454 0.025162 0.021819 0.022008 0.016729 0.019685 0.024183 0.019655 0.024243 0.026751 0.025919 0.025687 0.026725 0.024083 0.026109 0.024256 0.027081 0.027737 0.029387 0.032057 0.037671 0.035736 0.036336 0.04149 0.042147 0.049121 0.055397 0.058111 0.061606 0.061122 0.066572 0.060516 0.051055 0.051045 0.046553 0.036708 0.029126 0.03041 0.031775 0.027329 0.029319 0.024486 0.023683 0.022628 0.016623 0.014909 0.01789 0.018787 0.019573 0.018653 0.015832 0.017369 0.011683 0.007961 0.011974 0.0082694 0.01013 0.0098379 0.0087077 0.0063577 0.0020806 0.0052688 0.0067147 0.00031228 0.0015832 0.0048032 0.0034524 0.0056812 0.0085262 0.0069498 0.0052462 0.0059225 0.0012859 0.00583 0.0095902 0.010391 0.010351 0.0088772 0.0038979 0.005338 0.0095014 0.018771 0.016421 0.019619 0.0197 0.018844 0.020835 0.022854 0.020223 0.023887 0.021515 0.023372 0.031867 0.032846 0.027335 0.022592 0.016151 0.019073 0.020859 0.027726 0.021752 0.017808 0.022553 0.02416 0.018784 0.011912 0.011588 0.01255 0.01094 0.012822 0.0094781 0.0066968 0.011473 0.011907 0.011908 0.013344 0.0035398 0.0041533 0.0067518 0.0031896 -1.2996e-06 0.0049847 0.0067422 0.0042259 0.0066919 0.0072495 0.0084548 0.004865 0.0059687 0.0055362 0.0031685 0.0037186 0.008662 0.004662 0.00070076 -0.00096404 -0.00074679 0.0012669 0.0070648 0.003086 -0.00038729 0.00087071 0.0032066 0.0033508 0.0028259 -0.0002278 0.0025708 -0.0075708 -0.0055011 -0.007913 -0.0053015 -0.0003712 0.002946 0.0015727 -0.0015137 -0.0019975 0.00063562 0.0022487 0.0026208 0.0067964 0.0054232 0.0028365 -0.00072507 0.0028104 0.00039091 -0.0010726 -0.00044594 0.0016666 0.0071102 0.0049486 0.0058377 0.0037619 0.0024619 0.0031071 0.000946 -7.9173e-05 0.00013218 -0.0032811 -0.0042568 -0.0034048 0.0016379 0.0027992 -0.0036232 -0.0021453 -0.0046419 -0.0046747 -0.0023255 -0.0023262 0.0016673 0.002076 0.0032986 -0.0042049 -0.0068079 -0.0027008 -0.00034927 -0.00042467 0.0023768 0.0064777 0.0010212 -0.0052466 -0.0019402 -0.0010492 -0.0020494 -0.004257 -0.0026606 -5.9644e-05 -0.0024242 -0.0014316 -0.0063859 -0.004244 -0.0026605 0.0027865 0.0028407 0.0013452 -0.00075529 -0.0031969 -0.0014949 -0.00022167 -0.0016256 0.0004398 0.0015106 0.001955 0.0017995 -0.00035862 0.00087994 0.00039675 0.0004466 0.0021615 0.0047871 0.0027042
0.010402 0.010259 0.020447 0.022977 0.016097 0.012463 0.006862 0.0023424 0.0058867 0.0096444 0.0087341 0.0006598 -0.004347 -0.0016034 0.0065281 0.0025504 0.0018868 -1.7133e-05 0.0076658 0.017219 0.020886 0.023951 0.030111 0.032535 0.031678 0.030078 0.029435 0.026127 0.026764 0.020034 0.019632 0.019009 0.022296 0.023178 0.022289 0.019812 0.02966 0.030379 0.032248 0.034721 0.025678 0.024233 0.020247 0.016812 0.017117 0.015022 0.014372 0.010422 0.012685 0.0080698 0.011247 0.013082 0.01661 0.013187 0.015373 0.018021 0.028579 0.03179 0.031233 0.033376 0.034509 0.035022 0.038146 0.033781 0.038109 0.041575 0.045241 0.046453 0.046831 0.044185 0.04211 0.04062 0.047621 0.041986 0.038447 0.039699 0.035188 0.042099 0.044344 0.048014 0.050047 0.058768 0.058839 0.061337 0.064309 0.077889 0.081956 0.082669 0.092736 0.090692 0.09566 0.095152 0.089519 0.08263 0.084718 0.085678 0.081884 0.079731 0.070535 0.070487 0.069762 0.060155 0.057423 0.055398 0.050194 0.049175 0.053355 0.051871 0.06211 0.062649 0.068868 0.071737 0.080164 0.086303 0.085912 0.083426 0.078104 0.077368 0.077513 0.076425 0.071296 0.06716 0.059344 0.05662 0.049051 0.050473 0.050439 0.048483 0.053857 0.050153 0.052605 0.054704 0.058136 0.055398 0.058744 0.067118 0.064139 0.05656 0.058335 0.057799 0.058636 0.062722 0.068154 0.066143 0.064948 0.067831 0.06811 0.069579 0.073357 0.064895 0.062937 0.063151 0.060419 0.057282 0.050558 0.047096 0.044748 0.045072 0.048104 0.03997 0.03597 0.038375 0.042418 0.045803 0.048868 0.055539 0.05901 0.053075 0.055267 0.054905 0.056229 0.049096 0.043287 0.046699 0.040747 0.037522 0.032473 0.031718 0.023569 0.019948 0.01615 0.016832 0.024903 0.027923 0.030153 0.035899 0.040582 0.042791 0.048371 0.059467 0.061883 0.065255 0.073789 0.078086 0.091622 0.094201 0.10067 0.10786 0.11045 0.10863 0.10786 0.096163 0.088835 0.080066 0.064984 0.055746 0.043788 0.034998 0.026553 0.024748 0.014047 0.016036 0.016051 0.013488 0.010539 0.010508 0.013252 0.012288 0.010774 0.011446 0.020049 0.023002 0.028042 0.045614 0.05985 0.077231 0.084875 0.090003 0.098068 0.1038 0.09694 0.087079 0.075332 0.066186 0.057141 0.053704 0.04994 0.046566 0.040356 0.034868 0.026561 0.032834 0.025108 0.021996 0.023841 0.017263 0.016834 0.014858 0.012132 0.014551 0.014721 0.0087239 0.0077771 0.0068301 0.0055782 0.005675 0.010218 0.013796 0.006609 0.0048438 0.0052819 0.0059637 0.010972 0.010934 0.013722 0.011309 0.012901 0.010329 0.014932 0.0064264 0.0068171 0.0084231 0.011183 0.014388 0.016322 0.017056 0.015744 0.020761 0.021736 0.020843 0.019309 0.021816 0.023162 0.024081 0.024541 0.023789 0.020888 0.024653 0.029527 0.024093 0.018804 0.020315 0.011435 0.016185 0.012315 0.016018 0.013086 0.018748 0.019257 0.015951 0.019424 0.020967 0.022492 0.021106 0.019417 0.020711 0.023394 0.024632 0.0316 0.024172 0.029557 0.025617 0.023762 0.0263 0.026523 0.029574 0.026783 0.019679 0.022404 0.022622 0.018357 0.020214 0.02687 0.029809 0.032719 0.02826 0.028186 0.03293 0.032753 0.039316 0.039804 0.046013 0.05461 0.054911 0.051996 0.053036 0.050482 0.046446 0.042387 0.049186 0.047933 0.039378 0.040718 0.036944 0.037419 0.035319 0.039733 0.037545 0.032006 0.031595 0.02843 0.029025 0.027737 0.031346 0.028392 0.028171 0.036021 0.033283 0.034196 0.036061 0.033599 0.034995 0.040044 0.038357 0.040052 0.041878 0.045428 0.052456 0.052686 0.057179 0.052526 0.0521 0.049834 0.049946 0.052561 0.050712 0.04947 0.049736 0.060596 0.062554 0.066285 0.074749 0.082406 0.086834 0.085285 0.084585 0.078897 0.070052 0.063162 0.055562 0.047924 0.047571 0.035909 0.02844 0.028334 0.033197 0.026747 0.018738 0.01783 0.023565 0.025764 0.025807 0.023869 0.021644 0.019563 0.018985 0.013292 0.012605 0.014289 0.014111 0.021114 0.021344 0.018227 0.021101 0.017712 0.016439 0.013583 0.012678 0.015283 0.013042 0.010083 0.011795 0.016002 0.018216 0.015758 0.016971 0.021138 0.020506 0.017783 0.023729 0.02415 0.022959 0.023845 0.023803 0.022516 0.015866 0.011504 0.018769 0.019063 0.015425 0.018155 0.020339 0.026901 0.02584 0.022484 0.014888 0.019441 0.023784 0.02226 0.022596 0.017677 0.013099 0.016897 0.018255 0.012192 0.013181 0.0125 0.012345 0.011608 0.016775 0.017677 0.018518 0.024209 0.031602 0.02918 0.028833 0.025472 0.028477 0.032971 0.027522 0.031762 0.033161 0.031543 0.032951 0.031381 0.02797 0.027438 0.02727 0.030485 0.033264 0.031519 0.035824 0.045421 0.041546 0.042738 0.047713 0.051065 0.058913 0.062375 0.063519 0.067767 0.063313 0.068063 0.059068 0.047766 0.044833 0.037998 0.032336 0.026281 0.026729 0.028215 0.025371 0.025813 0.021742 0.025179 0.024883 0.016983 0.016411 0.018548 0.018261 0.020369 0.018301 0.015672 0.015628 0.0097372 0.0062001 0.0086507 0.0066163 0.012019 0.010153 0.0063182 0.003814 -0.0025204 0.0030016 0.0045629 -0.0012052 0.0019911 0.0033221 0.0021309 0.0031465 0.0050895 0.0039753 -0.00076333 -0.0017054 -0.0048895 0.0047375 0.0060117 0.0080689 0.0093627 0.0077023 0.0030595 0.004651 0.0096043 0.017641 0.013089 0.014319 0.017348 0.017727 0.019042 0.021384 0.017306 0.021517 0.019474 0.020236 0.029221 0.03288 0.028838 0.022775 0.014608 0.017543 0.017313 0.024349 0.020464 0.017931 0.021948 0.020943 0.013918 0.009326 0.011811 0.010132 0.010624 0.0095002 0.0059912 0.0058336 0.0089918 0.00797 0.0076628 0.010566 -0.00014756 -0.00048652 0.0030813 -0.00053987 -0.0010304 0.0029104 0.005463 0.0048408 0.0050422 0.0041735 0.0050888 0.0019206 0.0048727 0.0051476 0.0015932 0.00082436 0.0063268 0.0017531 0.00046235 0.00039417 -0.00089163 -0.00070082 0.0070973 0.0019421 -0.0022365 0.0001476 0.001633 0.0018394 -0.0012376 -0.002949 0.00093623 -0.01061 -0.0078367 -0.0095042 -0.0076596 -0.005358 -0.0031849 -0.0019151 -0.002161 -0.0040438 -0.0011016 0.0010189 0.0016692 0.0068347 0.0036011 0.00092318 0.00075724 0.0044264 0.0010639 -0.0030036 -0.0028148 0.00015893 0.0052259 0.0055835 0.0052004 0.0010748 -0.00036044 0.0020148 0.0014348 0.00019139 -0.0023168 -0.0044583 -0.0057207 -0.0050583 0.0032181 0.0045773 -0.004691 -0.0032109 -0.0063533 -0.0083528 -0.0034031 -0.0013588 0.0033728 0.0028489 0.0037332 -0.0046269 -0.0071224 -0.00054816 9.5755e-05 0.0012627 0.0032286 0.0073373 0.0024161 -0.0040436 6.4233e-05 -0.0026583 -0.0021401 -0.0013888 -0.0016117 -0.00043166 -0.0039993 -0.0042412 -0.0088455 -0.0054244 -0.0024729 0.00046791 0.0026487 0.0011309 -0.00029517 -0.0016426 -0.0011848 -0.00021763 -0.0035988 -0.0020874 0.00075611 0.0012811 0.0021745 -0.00021416 -0.0016106 -0.00056733 -0.00095754 -0.00019757 0.0057195 0.003305
0.004732 0.0096564 0.012258 0.0074762 0.013648 0.015997 0.01337 0.013608 0.0072854 0.0012074 0.010595 0.014031 0.012467 0.0062814 -0.00088113 0.0013109 0.010629 0.00553 0.0021095 -0.00099661 0.010191 0.017549 0.020488 0.021574 0.0267 0.027372 0.026053 0.026457 0.024108 0.022247 0.025943 0.018501 0.018543 0.019226 0.02386 0.027047 0.025814 0.020573 0.027967 0.028308 0.030156 0.033018 0.023139 0.024013 0.024099 0.022192 0.023544 0.022527 0.023295 0.019026 0.020379 0.013788 0.017618 0.019212 0.023879 0.020359 0.022463 0.025279 0.034869 0.034864 0.035523 0.039589 0.040696 0.041342 0.042922 0.04079 0.043818 0.04855 0.050991 0.053928 0.053368 0.046528 0.043349 0.038973 0.049256 0.042118 0.037431 0.040345 0.037308 0.046726 0.047668 0.049887 0.054488 0.063286 0.063988 0.069196 0.073529 0.086721 0.088018 0.085114 0.099036 0.095288 0.098404 0.097204 0.089216 0.077768 0.081474 0.084619 0.080158 0.079027 0.070246 0.071167 0.071088 0.06139 0.060494 0.057386 0.052052 0.051618 0.060219 0.056408 0.066475 0.068117 0.073278 0.075346 0.085971 0.092475 0.093706 0.087867 0.079531 0.073886 0.077035 0.07558 0.070115 0.065229 0.058364 0.055544 0.049446 0.048582 0.051607 0.049481 0.052377 0.04962 0.052477 0.05633 0.059775 0.05908 0.06106 0.068421 0.064089 0.054886 0.058178 0.0539 0.056537 0.061695 0.067191 0.067702 0.069361 0.070909 0.068188 0.070096 0.071387 0.06069 0.057728 0.058058 0.056064 0.052612 0.047383 0.042009 0.04099 0.044573 0.050107 0.041113 0.038629 0.042739 0.046988 0.051211 0.053157 0.058846 0.062903 0.054833 0.060115 0.056945 0.054014 0.049111 0.042631 0.043412 0.037776 0.036766 0.030913 0.031617 0.02311 0.020739 0.019649 0.018293 0.023844 0.0283 0.031579 0.040017 0.047726 0.052192 0.058394 0.068573 0.071971 0.075296 0.083685 0.08669 0.099595 0.10432 0.10681 0.10586 0.10266 0.10025 0.09924 0.08255 0.074504 0.066602 0.052568 0.043951 0.034832 0.027964 0.019756 0.018719 0.0098274 0.011739 0.015494 0.013375 0.0089614 0.008629 0.012945 0.0134 0.011596 0.010018 0.017594 0.025225 0.036044 0.055562 0.072485 0.087709 0.090803 0.092024 0.096468 0.099885 0.09132 0.078374 0.066707 0.056618 0.044413 0.040325 0.038391 0.035441 0.032364 0.027415 0.020507 0.025933 0.019869 0.015457 0.018073 0.014376 0.016721 0.013544 0.011031 0.012579 0.015177 0.0078057 0.0068824 0.0074466 0.0037672 0.0021445 0.0075934 0.011809 0.0046362 0.0049763 0.0023847 0.004295 0.012157 0.010921 0.009129 0.0090494 0.012487 0.010127 0.013836 0.0039167 0.0055708 0.011042 0.012153 0.014714 0.015079 0.014426 0.015871 0.020669 0.02127 0.019401 0.019744 0.020767 0.023329 0.023571 0.026771 0.025825 0.022069 0.023412 0.03111 0.02387 0.017952 0.020995 0.012318 0.019222 0.012128 0.012863 0.010147 0.017899 0.019686 0.015819 0.019232 0.019232 0.021741 0.023548 0.023639 0.022966 0.024639 0.02588 0.034741 0.027941 0.03032 0.026294 0.027173 0.030039 0.028936 0.030724 0.02937 0.022012 0.025628 0.024448 0.018239 0.019612 0.028293 0.028877 0.030759 0.029483 0.028128 0.032982 0.031014 0.039708 0.037943 0.042159 0.050301 0.053394 0.049685 0.049918 0.047604 0.04176 0.039549 0.045857 0.043662 0.032579 0.037381 0.034189 0.034227 0.034647 0.036198 0.031351 0.02717 0.029447 0.025996 0.029366 0.024717 0.027816 0.02474 0.026866 0.033805 0.031974 0.032709 0.037544 0.032167 0.035685 0.041262 0.035846 0.035171 0.040745 0.044043 0.05207 0.049788 0.053907 0.052076 0.05026 0.04672 0.047589 0.050913 0.05038 0.046144 0.046846 0.056517 0.059031 0.062592 0.074748 0.079994 0.082903 0.080129 0.078082 0.069241 0.057847 0.051934 0.044575 0.036794 0.036045 0.027428 0.019948 0.020856 0.027151 0.021485 0.015551 0.013366 0.020703 0.022631 0.021701 0.019234 0.018891 0.014409 0.016323 0.0098771 0.010002 0.011884 0.012007 0.020559 0.018788 0.015753 0.018655 0.011577 0.011853 0.012277 0.010581 0.014813 0.013933 0.008742 0.012209 0.017335 0.017781 0.01786 0.016557 0.021713 0.021403 0.01937 0.02595 0.02739 0.026676 0.026765 0.025653 0.022673 0.014995 0.012685 0.020756 0.021109 0.019222 0.019208 0.020629 0.029077 0.02646 0.023045 0.014336 0.016103 0.022392 0.021094 0.021844 0.020363 0.011784 0.016878 0.01884 0.013736 0.012699 0.012906 0.01003 0.01191 0.018391 0.021757 0.022129 0.026345 0.0352 0.035474 0.03427 0.033393 0.03621 0.038957 0.03532 0.037702 0.037627 0.036007 0.039836 0.035589 0.033099 0.030997 0.030946 0.034364 0.038357 0.032642 0.039228 0.052148 0.044645 0.047584 0.051224 0.057033 0.066897 0.067573 0.066663 0.069072 0.062714 0.065154 0.053766 0.041338 0.037419 0.030225 0.028524 0.024631 0.023068 0.023915 0.02488 0.022382 0.020208 0.025999 0.025867 0.016428 0.018124 0.018756 0.017159 0.020134 0.016049 0.014434 0.01288 0.0070831 0.0052499 0.0058518 0.0059319 0.013076 0.0093743 0.0043388 0.001851 -0.005609 0.00069034 0.0024409 -0.0022289 0.0028812 0.0010888 0.00048664 0.00050935 0.0028613 0.0029044 -0.0061265 -0.009195 -0.0092999 0.0041869 0.0032473 0.0061085 0.0084173 0.0068354 0.0025475 0.0051092 0.011451 0.016675 0.010248 0.0091768 0.015816 0.017565 0.017594 0.019335 0.014563 0.019204 0.01769 0.016559 0.025393 0.032779 0.030683 0.023793 0.014858 0.017444 0.014547 0.021036 0.019366 0.017758 0.020422 0.016965 0.0091036 0.0083391 0.012444 0.0078033 0.011661 0.0072112 0.0031496 0.0061124 0.0080287 0.0051852 0.0028914 0.0063403 -0.0032318 -0.0038908 -0.00042621 -0.003459 -0.00090961 0.00051571 0.0042478 0.0059816 0.0024174 0.00076754 0.0012354 -0.002543 0.0024997 0.0042914 0.0007904 -0.0014414 0.0031605 -0.0018656 0.0010012 0.0024635 -8.6801e-06 -0.0018301 0.0079172 0.0015131 -0.0048603 -0.00040888 -0.00078646 -0.001316 -0.0059183 -0.0050552 -0.00063715 -0.012887 -0.0095422 -0.010646 -0.010244 -0.010892 -0.0088827 -0.0033668 -0.00097308 -0.0055967 -0.0031554 0.00032283 0.001684 0.0065624 0.001539 -9.1469e-05 0.0036161 0.0083744 0.0031992 -0.00403 -0.0036404 -0.00021287 0.0034547 0.0052105 0.0034232 -0.00052407 -0.0025301 0.000427 0.0017571 -0.00015945 -0.0049575 -0.0046486 -0.0056888 -0.0053785 0.0034786 0.0051919 -0.0051967 -0.0037039 -0.0069308 -0.011297 -0.0064526 -0.0018471 0.0045806 0.0041395 0.0038214 -0.0039327 -0.0064283 0.0010214 -0.0014745 0.002343 0.0025815 0.0064046 0.0044594 -0.0022673 0.0012478 -0.0044254 -0.0019763 0.00040549 -0.00040792 -0.0006002 -0.0050293 -0.0062143 -0.0095222 -0.0055285 -0.0021056 -0.0022815 0.0020286 0.00049962 0.00018046 0.00088234 -0.00067085 -9.6981e-05 -0.004697 -0.0041834 0.00058898 0.00044582 0.0021544 9.2908e-05 -0.0030294 0.00046481 -0.0019519 -0.0027259
0.0067726 0.008582 0.01594 0.017117 0.0083692 0.010718 0.015053 0.016736 0.021628 0.013184 0.0055484 0.017896 0.021117 0.02095 0.01563 0.0062751 0.0069643 0.017906 0.011536 0.0057587 0.0033073 0.01767 0.018764 0.022984 0.022097 0.029745 0.028516 0.026698 0.027983 0.022099 0.02156 0.028477 0.020427 0.019915 0.020706 0.026038 0.032648 0.032424 0.025967 0.030198 0.030388 0.031699 0.034041 0.025133 0.027009 0.029584 0.029277 0.0316 0.029549 0.029989 0.024999 0.024145 0.018085 0.02303 0.023832 0.028718 0.026028 0.028778 0.034115 0.040402 0.035417 0.038904 0.045256 0.047943 0.048006 0.048408 0.047886 0.049862 0.056948 0.056132 0.060146 0.059142 0.048677 0.044821 0.037285 0.050291 0.044221 0.038503 0.043399 0.04094 0.053422 0.050627 0.049768 0.058573 0.065571 0.066701 0.076071 0.082382 0.093999 0.094334 0.088283 0.10477 0.098741 0.10024 0.098838 0.089984 0.075429 0.081669 0.084692 0.079924 0.077625 0.070784 0.073011 0.073073 0.06471 0.066247 0.06095 0.055814 0.055411 0.068167 0.061687 0.069314 0.073178 0.076449 0.077375 0.088857 0.096069 0.099886 0.090906 0.080708 0.070133 0.076722 0.074593 0.06881 0.06194 0.057764 0.055527 0.050843 0.048738 0.055486 0.052692 0.04964 0.048965 0.053513 0.058359 0.058918 0.062428 0.063947 0.069843 0.064608 0.054177 0.058645 0.052816 0.056935 0.060352 0.066061 0.069567 0.075585 0.074466 0.0684 0.070144 0.0691 0.057029 0.054973 0.05489 0.054031 0.049205 0.047569 0.038337 0.038529 0.045044 0.051288 0.042631 0.04302 0.049089 0.054011 0.058064 0.059116 0.062289 0.06509 0.056367 0.064646 0.057796 0.049581 0.047171 0.041576 0.038692 0.034465 0.035964 0.031079 0.032745 0.025024 0.022739 0.022649 0.017828 0.021959 0.02866 0.033714 0.043957 0.054938 0.061235 0.067776 0.077364 0.083146 0.085793 0.092089 0.093695 0.10536 0.11193 0.11027 0.10083 0.09133 0.085744 0.083996 0.064755 0.056696 0.050476 0.042453 0.035545 0.030339 0.025248 0.018577 0.016838 0.010837 0.012043 0.018402 0.014724 0.0086803 0.0074304 0.014252 0.01521 0.013821 0.0098297 0.014773 0.026516 0.044788 0.064443 0.082392 0.09435 0.090919 0.088678 0.086893 0.087679 0.080871 0.067756 0.056336 0.048309 0.034045 0.029584 0.028204 0.025989 0.02504 0.022173 0.016291 0.018236 0.013332 0.0086787 0.011636 0.010423 0.016315 0.010586 0.0087511 0.010753 0.013834 0.00648 0.0043245 0.0073993 0.002136 -0.0017214 0.0054351 0.0088454 0.0013355 0.0035573 -0.0010154 0.0021304 0.012433 0.011852 0.0054642 0.0074373 0.012663 0.0087572 0.011705 0.00025526 0.0036013 0.014107 0.012338 0.015618 0.013163 0.011139 0.01578 0.020307 0.021222 0.017716 0.020429 0.020048 0.022232 0.022339 0.028267 0.029226 0.024183 0.022934 0.032234 0.022333 0.017369 0.022375 0.015649 0.020919 0.01125 0.0098278 0.0077999 0.01652 0.020489 0.015677 0.017082 0.016817 0.021789 0.026805 0.027706 0.02478 0.023994 0.026717 0.036633 0.030991 0.02936 0.025164 0.030297 0.035226 0.03354 0.033305 0.032869 0.026112 0.030007 0.025675 0.017987 0.019534 0.028704 0.024922 0.027071 0.030927 0.028509 0.032542 0.02875 0.038936 0.034697 0.035501 0.043729 0.050277 0.046489 0.044393 0.042664 0.035664 0.037682 0.042242 0.038281 0.026077 0.034152 0.031792 0.03183 0.03444 0.032957 0.024393 0.022634 0.02662 0.023142 0.028497 0.021742 0.022016 0.019367 0.027442 0.030696 0.029799 0.029318 0.038581 0.031489 0.03408 0.041316 0.034767 0.030864 0.039352 0.041362 0.049648 0.046389 0.048725 0.050062 0.046538 0.043495 0.046351 0.048319 0.049696 0.042337 0.043095 0.051717 0.054733 0.055759 0.072212 0.072691 0.073772 0.069512 0.068308 0.058121 0.045102 0.040676 0.035089 0.027758 0.026206 0.022349 0.016493 0.014898 0.022743 0.018876 0.015259 0.011283 0.017943 0.018934 0.016742 0.014176 0.016202 0.0075734 0.010658 0.005463 0.0074427 0.0090168 0.009621 0.018743 0.016168 0.014284 0.015337 0.0037015 0.0071013 0.011707 0.0093093 0.013303 0.015935 0.0084415 0.013369 0.016483 0.014772 0.018046 0.013507 0.02014 0.02007 0.017966 0.026591 0.029421 0.028776 0.027628 0.024643 0.020568 0.012426 0.013041 0.022205 0.021717 0.022422 0.018841 0.018615 0.028191 0.024843 0.020992 0.011633 0.0097722 0.01871 0.017998 0.019625 0.022612 0.01076 0.015304 0.019249 0.016527 0.012891 0.014532 0.0068597 0.010248 0.018391 0.023501 0.022896 0.026008 0.034755 0.03911 0.036582 0.038341 0.040544 0.040196 0.040805 0.040385 0.039187 0.038124 0.044972 0.038619 0.0392 0.036041 0.033913 0.038129 0.042223 0.033437 0.041168 0.056047 0.04427 0.049931 0.05178 0.058575 0.07116 0.070167 0.067581 0.065647 0.059797 0.059361 0.045422 0.032897 0.030753 0.024944 0.026272 0.02474 0.019218 0.01957 0.025198 0.018892 0.019956 0.025998 0.02422 0.013539 0.018292 0.017646 0.015455 0.0176 0.01206 0.012071 0.0086627 0.0031804 0.0046544 0.0034678 0.0053702 0.011465 0.0061736 0.0019212 0.00014374 -0.0069678 -0.0016248 0.00021529 -0.003645 0.0032787 -0.0014787 -0.0020222 -0.0014994 0.0025515 0.0047684 -0.0096146 -0.014853 -0.010587 0.0032802 0.0014827 0.0044944 0.0070609 0.0057472 0.0016421 0.0063482 0.013905 0.016098 0.0084024 0.0052577 0.014779 0.018479 0.016226 0.015533 0.011921 0.016465 0.015526 0.012805 0.020693 0.032492 0.031958 0.025685 0.016759 0.018042 0.012608 0.01768 0.017085 0.014636 0.016859 0.012727 0.0060202 0.0095236 0.012002 0.0047642 0.01237 0.0063503 0.0015015 0.0058192 0.0079862 0.0039061 -0.0021061 0.00046036 -0.0062748 -0.00654 -0.0043019 -0.0059075 -6.319e-05 -0.0019691 0.0035723 0.0077843 -0.0003678 -0.0019639 -0.0022174 -0.0073463 -0.0013996 0.0019445 0.0007499 -0.0031987 -0.00049937 -0.0054828 0.00074432 0.0031248 0.0015573 -0.0014635 0.01004 0.0014783 -0.0083511 -0.00051101 -0.0039558 -0.0048211 -0.0090564 -0.0054996 -0.0012734 -0.013596 -0.010749 -0.011861 -0.013332 -0.015766 -0.01312 -0.0018754 0.0015214 -0.0070752 -0.0054234 0.00058777 0.0026015 0.0057061 0.00010006 4.02e-05 0.0076298 0.014795 0.0072312 -0.0034997 -0.0024663 0.00047793 0.0018909 0.0024154 -8.4548e-05 -0.00092823 -0.0032741 -0.0018272 0.00092659 -0.0021691 -0.007463 -0.0032382 -0.0041101 -0.0042004 0.0019596 0.0033442 -0.0057385 -0.0034072 -0.0066339 -0.012707 -0.011082 -0.0038952 0.0053451 0.0065291 0.0035165 -0.0018508 -0.0043473 0.001399 -0.0046941 0.0023791 0.00091765 0.0038297 0.0062232 -0.00080574 0.0011528 -0.0056605 -0.0017326 0.00024584 -8.7771e-05 -0.00043526 -0.0052089 -0.0064746 -0.0086178 -0.0044527 -0.0022317 -0.0044451 0.0013882 0.0003524 0.00072148 0.0043388 0.00044935 0.00050387 -0.0043664 -0.0043402 0.0015879 0.00075872 0.0022946 0.00084864 -0.0031626 0.0030549 -0.0018958
0.011817 0.020248 0.027673 0.026674 0.013326 0.014277 0.022729 0.027915 0.037965 0.026373 0.016611 0.027189 0.029941 0.033669 0.02714 0.01654 0.013616 0.025334 0.018427 0.010013 0.010327 0.02726 0.017451 0.025317 0.023524 0.037796 0.033687 0.031673 0.032658 0.021354 0.021622 0.033327 0.026356 0.023433 0.021641 0.026101 0.036032 0.038173 0.031915 0.033512 0.034419 0.035336 0.036548 0.030901 0.032087 0.035857 0.038531 0.040454 0.036296 0.034351 0.027778 0.023579 0.02182 0.028438 0.028588 0.031655 0.031355 0.03593 0.045464 0.045923 0.035006 0.042492 0.050244 0.055924 0.05387 0.054272 0.054486 0.055796 0.066883 0.061203 0.064181 0.062328 0.051009 0.046327 0.036253 0.050035 0.048349 0.042878 0.048917 0.04557 0.061162 0.052112 0.047975 0.061351 0.06559 0.067291 0.08208 0.090267 0.10014 0.10273 0.094873 0.11108 0.10191 0.10178 0.10106 0.093553 0.077972 0.087553 0.08703 0.081295 0.075172 0.070752 0.074304 0.074001 0.069292 0.073929 0.065222 0.06096 0.058866 0.074196 0.06581 0.068812 0.07705 0.07882 0.078592 0.089068 0.097144 0.10307 0.091503 0.082412 0.068254 0.077974 0.074034 0.067668 0.057107 0.056659 0.055615 0.052705 0.050348 0.060538 0.057428 0.046272 0.047369 0.0545 0.059183 0.054399 0.064684 0.067515 0.071081 0.066404 0.054234 0.059046 0.055286 0.059889 0.058743 0.065904 0.071546 0.08297 0.077287 0.06887 0.068613 0.065321 0.053692 0.054562 0.05338 0.0546 0.047436 0.05032 0.03537 0.03791 0.046171 0.050183 0.042919 0.048161 0.055838 0.062532 0.065204 0.064951 0.066603 0.065145 0.057266 0.06782 0.056949 0.043789 0.042517 0.039282 0.03304 0.030114 0.034318 0.031478 0.034337 0.028531 0.024703 0.023917 0.014376 0.020716 0.029387 0.036473 0.047497 0.061622 0.069745 0.074811 0.084706 0.093766 0.095629 0.097264 0.09773 0.10863 0.11556 0.11061 0.095459 0.080723 0.067436 0.063272 0.044456 0.03728 0.033735 0.035753 0.031764 0.029586 0.025529 0.022354 0.018409 0.015427 0.017103 0.023953 0.016714 0.0089016 0.006663 0.016978 0.016643 0.015579 0.010335 0.013317 0.026936 0.052079 0.069606 0.086625 0.095705 0.085509 0.081793 0.071332 0.070574 0.068582 0.057822 0.044148 0.041708 0.02779 0.022509 0.01971 0.019228 0.017355 0.017916 0.013046 0.0096684 0.0045384 0.0023482 0.0055938 0.004886 0.015526 0.0066941 0.0053373 0.0093412 0.0099235 0.0042961 0.00054135 0.0064999 -0.00012679 -0.0065576 0.0041886 0.0057819 -0.0026236 0.0013952 -0.0032452 5.0525e-05 0.011606 0.013068 0.0046886 0.0078863 0.013767 0.0065128 0.0082479 -0.0045143 0.00093047 0.016562 0.010934 0.017013 0.011035 0.0077185 0.015425 0.020713 0.022014 0.015779 0.021194 0.019706 0.019397 0.021018 0.029442 0.033876 0.026106 0.022971 0.031833 0.017849 0.015202 0.023231 0.018678 0.019066 0.0085767 0.0080971 0.0069253 0.014472 0.021716 0.015407 0.012986 0.014754 0.022695 0.031247 0.030668 0.024979 0.02107 0.026043 0.03553 0.031637 0.026034 0.020583 0.030872 0.040022 0.0388 0.036371 0.036522 0.030641 0.033901 0.025055 0.017956 0.019536 0.027543 0.01718 0.021487 0.031556 0.028555 0.032171 0.027854 0.037942 0.031856 0.027871 0.038114 0.046613 0.044156 0.038387 0.036293 0.028723 0.036927 0.039823 0.033149 0.020009 0.031063 0.028755 0.028843 0.033556 0.030039 0.015688 0.017219 0.021619 0.019288 0.02544 0.017941 0.015104 0.012422 0.029528 0.026297 0.025785 0.023416 0.038936 0.030502 0.028913 0.039194 0.036067 0.028107 0.037455 0.038338 0.045919 0.044501 0.043781 0.046773 0.040352 0.040017 0.045695 0.044077 0.048064 0.039341 0.039038 0.046873 0.049451 0.046001 0.065786 0.059479 0.05868 0.053512 0.05529 0.047348 0.033006 0.029124 0.026947 0.020887 0.017384 0.019096 0.016954 0.0095357 0.01923 0.018099 0.016863 0.010128 0.014383 0.014455 0.010554 0.008338 0.012547 -0.0011342 0.0013952 -0.00097468 0.004723 0.0047935 0.006566 0.014976 0.014424 0.01426 0.010544 -0.0049897 0.0027292 0.01198 0.0087149 0.0099586 0.018565 0.0089466 0.013941 0.011779 0.007736 0.014347 0.0072154 0.015879 0.015161 0.012361 0.024584 0.029669 0.028228 0.025611 0.022137 0.017457 0.0085083 0.012218 0.023454 0.020557 0.023417 0.016275 0.014282 0.024126 0.021287 0.017031 0.0070398 0.0013793 0.012512 0.012475 0.0154 0.022956 0.0099847 0.01186 0.019816 0.019175 0.014485 0.01674 0.004972 0.0066415 0.016631 0.022068 0.019968 0.022156 0.029345 0.03838 0.034315 0.038823 0.039429 0.035893 0.04175 0.037976 0.036509 0.036262 0.046346 0.039594 0.045302 0.039932 0.033354 0.039828 0.043306 0.033556 0.040135 0.055136 0.039973 0.048648 0.048974 0.054644 0.070385 0.070104 0.06636 0.058551 0.055505 0.053 0.035442 0.023964 0.026677 0.022983 0.026653 0.027076 0.014905 0.01622 0.025021 0.015909 0.021588 0.026387 0.020183 0.0081637 0.015873 0.01495 0.013337 0.01236 0.0076386 0.0092255 0.0029719 -0.0014608 0.004538 0.001738 0.0032541 0.0060861 -0.00023359 -0.0023909 -0.0027275 -0.0080419 -0.0046959 -0.002679 -0.0071909 0.0018334 -0.0040453 -0.0063148 -0.0021019 0.00411 0.0099159 -0.010108 -0.017215 -0.0082727 0.00074193 0.00096037 0.0036727 0.0044333 0.0039725 -0.00013609 0.0082527 0.01613 0.016459 0.0081435 0.0033615 0.014526 0.021058 0.01428 0.0086593 0.0088305 0.012352 0.011745 0.008974 0.015173 0.031391 0.030955 0.02825 0.01963 0.018534 0.011122 0.014081 0.012971 0.0062878 0.010604 0.0093277 0.0060975 0.013366 0.0091922 0.00031482 0.010609 0.0065978 0.001492 0.0031349 0.0078733 0.0046108 -0.0064937 -0.007462 -0.010194 -0.0094954 -0.0093028 -0.0089349 0.00052476 -0.0041597 0.003913 0.011134 -0.0020947 -0.0035676 -0.0048205 -0.011236 -0.0063963 -0.0025729 0.00065706 -0.0052844 -0.0038855 -0.0080441 -0.0027852 -7.4349e-05 0.0029939 0.0010212 0.013998 0.0012667 -0.01288 -2.2899e-05 -0.0071714 -0.005897 -0.0083958 -0.0032076 0.00056554 -0.011354 -0.011782 -0.013194 -0.016729 -0.018432 -0.015457 0.0026701 0.004176 -0.0092845 -0.0078671 0.0021678 0.0045163 0.0042216 0.00049685 0.00063887 0.01265 0.023081 0.012713 -0.0013976 0.00064127 0.0015028 0.0002519 -0.0036999 -0.00563 -0.00032293 -0.001956 -0.0043357 -0.0016675 -0.0058678 -0.0091466 0.0002451 -0.0016938 -0.0017874 -0.0013866 -0.0020368 -0.0067469 -0.0023998 -0.0060087 -0.012483 -0.015772 -0.0059466 0.0070242 0.010955 0.0022655 0.0016632 -0.00029025 4.0384e-05 -0.0089662 0.00065357 -0.0005487 0.00050675 0.0069187 -0.00055687 0.00025481 -0.0055556 -0.0018534 -0.0024853 -0.0022863 0.0001278 -0.0044771 -0.0045511 -0.0072478 -0.0022456 -0.0031158 -0.0045674 0.0012606 0.0017221 0.0014803 0.0086703 0.0026134 0.0016948 -0.0020838 -0.0010901 0.0041479 0.0038298 0.0036852 0.0028841 -0.0017232 0.0061347 -9.148e-05
0.025564 0.038972 0.043587 0.039288 0.0188 0.023105 0.037638 0.044699 0.060213 0.045883 0.033 0.036026 0.036859 0.047767 0.037716 0.027929 0.017705 0.028178 0.02297 0.010581 0.015767 0.035552 0.01015 0.022449 0.023183 0.046553 0.03824 0.036751 0.036651 0.018962 0.019193 0.038396 0.036222 0.028516 0.019862 0.021385 0.033204 0.038441 0.032041 0.033838 0.037748 0.039181 0.03854 0.038543 0.036306 0.041609 0.050163 0.047726 0.043 0.036659 0.027783 0.018821 0.025562 0.03475 0.035905 0.033658 0.037815 0.045517 0.059577 0.051781 0.036861 0.047865 0.054703 0.064304 0.057136 0.058834 0.059774 0.060539 0.077615 0.067297 0.065973 0.060219 0.053926 0.048249 0.037406 0.048524 0.054082 0.051167 0.055977 0.050794 0.068573 0.051648 0.046018 0.060936 0.063368 0.066612 0.087349 0.096624 0.10629 0.11486 0.10702 0.11818 0.10577 0.10298 0.10436 0.10124 0.086406 0.10018 0.091406 0.083251 0.072155 0.068467 0.072945 0.071515 0.073279 0.082534 0.06885 0.066806 0.059019 0.073692 0.064966 0.063018 0.079031 0.081551 0.080164 0.087744 0.096334 0.10122 0.086761 0.083755 0.069706 0.081458 0.073024 0.067145 0.050979 0.054059 0.054009 0.055051 0.052776 0.064281 0.06322 0.044755 0.044797 0.054198 0.057073 0.045234 0.064833 0.072387 0.071493 0.069745 0.054424 0.057123 0.060118 0.063506 0.055501 0.06723 0.073525 0.089898 0.076494 0.068517 0.063709 0.058234 0.048636 0.053766 0.052084 0.057281 0.046468 0.053508 0.031007 0.03904 0.047304 0.045008 0.039379 0.052753 0.061084 0.071202 0.07136 0.066784 0.072795 0.063332 0.057073 0.068804 0.053915 0.037234 0.034883 0.035087 0.027035 0.023625 0.031055 0.028435 0.034635 0.031779 0.02458 0.023314 0.0085947 0.022764 0.031164 0.038851 0.050354 0.067455 0.078657 0.07766 0.08844 0.10087 0.10298 0.095932 0.096081 0.10816 0.11373 0.10677 0.092049 0.074694 0.04805 0.038721 0.023207 0.017548 0.018711 0.032523 0.032936 0.030861 0.026154 0.029015 0.021782 0.021642 0.02685 0.030817 0.01859 0.0090469 0.0066388 0.020389 0.016372 0.013913 0.0085442 0.014062 0.025864 0.055305 0.068599 0.082619 0.090968 0.075452 0.073719 0.053037 0.053528 0.058487 0.050935 0.029765 0.036937 0.027534 0.019743 0.012308 0.01544 0.007917 0.012383 0.0096607 0.0014109 -0.0066988 -0.0017787 0.002718 -0.0017722 0.015368 0.0050695 0.0034616 0.0093479 0.004403 0.0021338 -0.0015306 0.0058751 -0.0032308 -0.01296 0.0042565 0.0042989 -0.0057535 0.0012529 -0.0013879 -0.00040276 0.0099164 0.011884 0.0076361 0.011875 0.015928 0.0046562 0.0034377 -0.0095442 -0.0027689 0.016534 0.0069873 0.017644 0.0088798 0.0045924 0.014417 0.022735 0.022873 0.013228 0.022088 0.019379 0.014818 0.020792 0.031819 0.039799 0.02629 0.022264 0.029035 0.0081452 0.0080536 0.021665 0.016806 0.011277 0.0027682 0.0078372 0.0080912 0.011623 0.023222 0.015367 0.008582 0.014955 0.023327 0.036755 0.030986 0.021914 0.015859 0.02237 0.029695 0.028324 0.019188 0.010658 0.026137 0.041173 0.041546 0.037843 0.0388 0.03362 0.036254 0.022048 0.018716 0.018188 0.02448 0.005688 0.014618 0.030203 0.026778 0.032254 0.03055 0.038099 0.032161 0.021514 0.037173 0.043904 0.044478 0.033816 0.02956 0.022004 0.03654 0.039749 0.029713 0.014854 0.028789 0.024622 0.024214 0.031254 0.028415 0.004182 0.0094766 0.013712 0.014269 0.020366 0.012156 0.009772 0.0045603 0.033454 0.020532 0.018896 0.015183 0.038698 0.026822 0.020386 0.035414 0.04133 0.027417 0.03385 0.035903 0.041943 0.045968 0.040902 0.04293 0.031733 0.036123 0.043964 0.036811 0.044792 0.038459 0.035868 0.042973 0.043031 0.034988 0.054186 0.039755 0.037359 0.033043 0.038729 0.038434 0.022767 0.016881 0.019725 0.015751 0.008465 0.015363 0.020345 0.0048028 0.016628 0.018071 0.019496 0.0082296 0.0099518 0.010482 0.0036149 0.0011153 0.0064315 -0.012185 -0.01041 -0.0097739 0.0017135 -0.00095778 0.0035895 0.0097159 0.015002 0.015076 0.0021481 -0.013474 -0.00052243 0.013696 0.0087001 0.0041396 0.020911 0.0089856 0.011722 0.0019106 -0.004346 0.0059034 -0.0018914 0.0088272 0.0061622 0.0031583 0.02012 0.029241 0.025923 0.022037 0.022199 0.016389 0.0047957 0.011349 0.025722 0.018467 0.020771 0.010762 0.0084714 0.018067 0.018029 0.014102 0.0024386 -0.0060742 0.0040018 0.0041173 0.0092089 0.019795 0.0088592 0.0057467 0.020313 0.01875 0.017766 0.017546 0.006578 0.0016913 0.013363 0.016912 0.012622 0.012914 0.017953 0.031636 0.026343 0.033807 0.03059 0.025955 0.035307 0.02771 0.027142 0.027885 0.040825 0.037236 0.049526 0.037929 0.02476 0.035465 0.038573 0.030582 0.034275 0.047315 0.030895 0.04239 0.041477 0.044428 0.064042 0.068485 0.06302 0.049337 0.051315 0.048653 0.026316 0.016562 0.027611 0.025213 0.031134 0.03233 0.010239 0.015102 0.022614 0.014824 0.025812 0.028991 0.015644 0.0014102 0.011074 0.011015 0.010792 0.0049367 0.0051257 0.0071167 -0.0041984 -0.0055037 0.0054398 0.0013026 -0.0028077 -0.0030441 -0.0099659 -0.010902 -0.0099064 -0.012029 -0.0098007 -0.0070722 -0.015457 -0.0030003 -0.006226 -0.013778 -0.0010995 0.0067338 0.01809 -0.0064523 -0.015592 -0.00336 -0.0048871 0.0022323 0.0050824 -0.00045719 0.001926 -0.002873 0.010808 0.018267 0.018637 0.010723 0.0041904 0.01689 0.026989 0.010807 -0.0023213 0.0043243 0.0058723 0.0051825 0.0045513 0.0085687 0.028017 0.02471 0.030714 0.022142 0.018633 0.0095772 0.010433 0.007735 -0.0086656 0.001614 0.0083351 0.0097451 0.019804 0.0031144 -0.0060697 0.0041757 0.0062811 0.0028757 -0.0033573 0.0064742 0.0079222 -0.0086498 -0.018037 -0.016017 -0.014269 -0.016655 -0.015257 -0.0013328 -0.0059365 0.0051842 0.016946 -0.0013544 -0.0041792 -0.006059 -0.013198 -0.011781 -0.0098567 -0.0014021 -0.0091241 -0.0056609 -0.0085056 -0.013132 -0.0096081 0.0025716 0.0059685 0.02079 0.00037848 -0.018957 0.00084584 -0.0089156 -0.00071354 -0.0021902 0.0024335 0.006824 -0.0040563 -0.012998 -0.013672 -0.019052 -0.017426 -0.016722 0.0091305 0.0054991 -0.012787 -0.010019 0.0058489 0.0086342 0.0028508 0.0047733 0.00018413 0.018726 0.031546 0.017668 0.0012089 0.0051828 0.0015653 -0.0020778 -0.012993 -0.013103 0.0011045 0.0019177 -0.0057041 -0.0059618 -0.009403 -0.0083905 0.0061754 -1.2705e-05 0.00097206 -0.006372 -0.011709 -0.0082654 -0.0010586 -0.0054444 -0.011187 -0.017963 -0.0046773 0.012853 0.018425 -0.0012154 0.0064087 0.0064678 -0.0031652 -0.013771 -0.0039396 0.00034235 -0.0020296 0.006213 -0.001963 0.0004484 -0.0030117 -0.0032412 -0.0079796 -0.0088047 0.0009627 -0.0034965 -0.00081527 -0.0069136 0.0013116 -0.0040699 -0.00056453 0.0021176 0.0056553 0.0031401 0.01412 0.0062664 0.0028122 0.0021861 0.0065759 0.008351 0.011563 0.0081501 0.0077298 0.0020335 0.008219 0.0041735
0.045571 0.059463 0.060374 0.049261 0.017714 0.031345 0.054055 0.060544 0.080905 0.067623 0.051315 0.041108 0.036377 0.058947 0.044781 0.038837 0.016135 0.023085 0.023422 0.0043799 0.015862 0.041461 -0.0033855 0.008685 0.019858 0.0496 0.037128 0.037192 0.035962 0.013452 0.012861 0.041896 0.050141 0.03522 0.013875 0.010559 0.021955 0.029486 0.018876 0.027267 0.03913 0.041989 0.037711 0.045669 0.034124 0.044607 0.062528 0.047665 0.048488 0.036757 0.026568 0.010318 0.028093 0.041978 0.048031 0.035237 0.04581 0.057454 0.074329 0.056059 0.045415 0.055593 0.05796 0.072362 0.055402 0.057925 0.061031 0.061245 0.085352 0.074981 0.066818 0.048766 0.057825 0.052471 0.044681 0.048085 0.060409 0.063056 0.06213 0.057161 0.074034 0.049865 0.047127 0.053887 0.057869 0.065276 0.090595 0.10013 0.11373 0.13103 0.12482 0.12312 0.11053 0.10248 0.10735 0.11276 0.099152 0.11864 0.094808 0.082883 0.070581 0.062722 0.067025 0.062616 0.072351 0.090223 0.069242 0.071492 0.05027 0.06005 0.052097 0.049492 0.077918 0.085491 0.082349 0.085833 0.093661 0.090762 0.070196 0.079942 0.074094 0.085858 0.068247 0.067901 0.044153 0.049241 0.047919 0.058581 0.055659 0.063031 0.069475 0.050146 0.043677 0.052403 0.0509 0.030648 0.061114 0.080216 0.070358 0.073783 0.054259 0.048539 0.063434 0.062543 0.046568 0.068803 0.075644 0.092564 0.066118 0.063957 0.052897 0.046301 0.03764 0.04598 0.048454 0.060399 0.043418 0.052906 0.021288 0.040349 0.046928 0.032682 0.027812 0.055212 0.062497 0.077619 0.074485 0.057797 0.081524 0.061054 0.054786 0.066531 0.047696 0.029018 0.025471 0.029759 0.021555 0.013573 0.025627 0.014796 0.029237 0.030608 0.018721 0.022226 0.0047721 0.031705 0.034957 0.038113 0.050767 0.071327 0.089451 0.073317 0.08364 0.099029 0.10412 0.081381 0.0829 0.10012 0.10432 0.096066 0.090758 0.074177 0.029823 0.012544 0.0031663 -0.0020932 0.0077323 0.031084 0.037417 0.03093 0.022296 0.033601 0.023348 0.027655 0.040382 0.036326 0.01889 0.0083465 0.0081555 0.021827 0.011565 0.0042517 -0.0023126 0.015455 0.020118 0.05161 0.059898 0.068703 0.079567 0.061157 0.066343 0.036311 0.042117 0.055014 0.048396 0.0133 0.034439 0.035672 0.021443 0.0036771 0.013577 -0.0046839 0.0020866 0.0042284 -0.0044955 -0.020615 -0.0012983 0.007332 -0.0079236 0.017147 0.01248 0.0095535 0.012157 0.0010001 0.0030634 0.0050723 0.0081824 -0.0057927 -0.020787 0.0058879 0.0069912 -0.0060514 0.0083604 0.0085403 0.0040864 0.0084608 0.0028148 0.012992 0.020991 0.019543 0.0059064 -0.0017618 -0.012778 -0.0092819 0.010309 -0.00093183 0.013481 0.0059555 0.0010713 0.011134 0.026151 0.020923 0.0092503 0.023977 0.018888 0.01061 0.02388 0.037567 0.045814 0.022105 0.01737 0.023947 -0.0092702 -0.0089661 0.015052 0.0030061 -0.005444 -0.0081264 0.0061056 0.010501 0.0069053 0.024361 0.01705 0.0084733 0.020311 0.020275 0.04149 0.025557 0.012936 0.0083043 0.014065 0.017756 0.019132 0.0060361 -0.0061434 0.01279 0.033589 0.036952 0.035049 0.038104 0.032986 0.037882 0.017401 0.020248 0.012292 0.018852 -0.0073922 0.0098488 0.02677 0.021643 0.032777 0.038905 0.040592 0.038749 0.018441 0.04412 0.044045 0.048729 0.031837 0.024112 0.017194 0.033982 0.041429 0.02843 0.011984 0.02892 0.020478 0.01866 0.026995 0.030197 -0.010454 -0.0018583 0.0037406 0.0092171 0.015783 0.0032571 0.010334 -0.0026542 0.041347 0.013668 0.0080361 0.006658 0.038228 0.016025 0.011275 0.033669 0.053115 0.028336 0.025848 0.035364 0.039892 0.052451 0.041012 0.040277 0.022239 0.032178 0.037905 0.024704 0.039028 0.039886 0.03513 0.041751 0.035715 0.026488 0.036965 0.013908 0.011236 0.010484 0.017813 0.031692 0.0162 0.0046193 0.013511 0.011402 -0.001939 0.008377 0.026891 0.0029067 0.016181 0.016769 0.021833 0.0040571 0.0062535 0.010217 -0.0021496 -0.008243 -0.0039269 -0.026116 -0.02038 -0.020123 -0.0017834 -0.0068027 0.0031531 0.006039 0.020975 0.014472 -0.013996 -0.020058 -0.001019 0.017683 0.0090567 -0.0048591 0.020987 0.0051803 0.0040629 -0.01314 -0.021289 -0.0048006 -0.01122 3.0281e-05 -0.0053169 -0.0051833 0.016215 0.032538 0.026492 0.022335 0.032717 0.02341 0.0052622 0.014696 0.031833 0.017956 0.013077 0.0011649 0.0026563 0.012596 0.020455 0.018332 0.001496 -0.0064987 -0.0063516 -0.0069536 0.0023715 0.011064 0.0054762 -0.0054446 0.018467 0.010263 0.021916 0.012808 0.012259 -0.0034679 0.0095968 0.0080548 0.00021726 -0.0048298 -0.00031634 0.017694 0.011707 0.022273 0.010583 0.010068 0.016579 0.0049136 0.0066392 0.0086401 0.023167 0.028789 0.048147 0.02295 0.0014877 0.017888 0.02269 0.019009 0.021406 0.030595 0.014891 0.030065 0.026541 0.027731 0.052322 0.067632 0.057397 0.039663 0.049422 0.048379 0.02262 0.013718 0.037508 0.034062 0.041472 0.04136 0.006002 0.016686 0.015715 0.017286 0.031525 0.034512 0.013414 -0.0046303 0.0066063 0.0073313 0.0071848 -0.0031136 0.0081014 0.0080606 -0.013265 -0.0072641 0.0075587 0.0032335 -0.01497 -0.014068 -0.021915 -0.026469 -0.026434 -0.023345 -0.017279 -0.013339 -0.031122 -0.012479 -0.0069744 -0.026507 -0.0002013 0.008983 0.028521 0.0030214 -0.010776 0.00079947 -0.014866 0.00623 0.012014 -0.0073608 0.0027645 -0.0059267 0.013608 0.022078 0.023021 0.018669 0.0084302 0.026064 0.039325 0.004685 -0.017409 -0.0029536 -0.0029428 -0.0033518 -0.0011341 0.00044598 0.019612 0.0081961 0.030343 0.021739 0.019316 0.007511 0.0080614 0.0036043 -0.030229 -0.0093939 0.011223 0.01534 0.027133 -0.0065958 -0.014614 -0.0085816 0.0012846 0.003345 -0.01428 0.0017862 0.014132 -0.005883 -0.031846 -0.024462 -0.022626 -0.028738 -0.030561 -0.010188 -0.0078966 0.006054 0.024343 0.003044 -0.0039725 -0.004075 -0.012689 -0.017162 -0.020834 -0.0087582 -0.016378 -0.0037063 -0.0066571 -0.034772 -0.027259 -0.0030862 0.012661 0.032351 -0.0010987 -0.027738 0.0011349 -0.0068864 0.014184 0.0097299 0.01032 0.018863 0.011034 -0.014049 -0.010373 -0.016769 -0.012483 -0.020478 0.013937 0.0039798 -0.016496 -0.0097426 0.013971 0.018816 0.0042209 0.016677 -0.0032619 0.026084 0.036901 0.017806 0.0019196 0.010711 -0.00082952 -0.0056245 -0.02319 -0.020884 0.0038568 0.0083118 -0.0032463 -0.010971 -0.0078719 -0.0015361 0.015146 -0.0016194 0.0018761 -0.01316 -0.025851 -0.010067 -0.00021865 -0.0045947 -0.0099304 -0.014131 0.0045724 0.028258 0.028923 -0.0086544 0.011609 0.016529 -0.0070925 -0.01856 -0.012763 0.0076484 -0.0013089 0.0046943 -0.0040914 0.0059171 0.0039461 -0.0074094 -0.01525 -0.020137 0.0016172 -0.0045386 0.0029164 -0.00797 0.0077259 -0.002412 0.0109 0.0041782 0.013468 0.0078928 0.021447 0.012041 0.0019174 0.0071326 0.018457 0.013577 0.026189 0.018625 0.017947 0.0095024 0.0076006 0.011339
0.0075371 0.00030741 0.0013172 0.0071412 0.0064678 0.0012211 0.0064268 0.006698 0.0039858 0.017664 0.028018 0.028676 0.041608 0.039443 0.052423 0.047044 0.05285 0.045582 0.044638 0.039702 0.031723 0.024736 0.012016 0.014125 0.015658 0.026175 0.031103 0.022477 0.016876 0.029662 0.031561 0.034742 0.026093 0.019154 0.014301 0.0061614 0.0035887 -0.0018305 -0.00011114 -0.0038157 0.0072424 0.001151 -0.0083807 -0.018684 -0.019623 -0.017264 -0.016897 -0.025484 -0.027898 -0.014434 -0.0050287 0.009776 0.015421 0.017264 0.011553 0.0049874 0.010966 0.01939 0.023892 0.021308 0.02367 0.017763 0.01389 0.030468 0.027297 0.026791 0.023572 0.026052 0.026454 0.024325 0.022429 0.028821 0.018489 0.023867 0.027033 0.031619 0.023243 0.028977 0.037485 0.023333 0.032153 0.038638 0.051662 0.049299 0.057869 0.051886 0.048251 0.060017 0.062931 0.061373 0.06778 0.064925 0.062583 0.065661 0.067616 0.056718 0.058997 0.062167 0.050474 0.050938 0.049867 0.054309 0.050138 0.053855 0.056083 0.057572 0.051881 0.045093 0.047834 0.049766 0.047526 0.051924 0.053868 0.056478 0.055566 0.062161 0.066634 0.060258 0.064537 0.063473 0.062772 0.056743 0.056495 0.055256 0.056774 0.065523 0.055214 0.04589 0.04443 0.046061 0.055053 0.044568 0.043562 0.055214 0.053624 0.056748 0.060173 0.055004 0.057044 0.056651 0.057915 0.060057 0.056477 0.060827 0.068892 0.05673 0.059578 0.057865 0.050517 0.050586 0.054039 0.051342 0.044508 0.044496 0.04924 0.050425 0.057171 0.041383 0.044922 0.045551 0.046528 0.044115 0.041325 0.037825 0.043281 0.037375 0.053773 0.061667 0.04383 0.032942 0.037174 0.04632 0.046033 0.039127 0.034788 0.026973 0.0091512 0.024721 0.035548 0.028345 0.027933 0.025824 0.021834 0.019403 0.03345 0.040747 0.03475 0.041844 0.046592 0.046208 0.051524 0.059672 0.06854 0.065801 0.071215 0.077756 0.083375 0.085924 0.086477 0.096651 0.079513 0.074702 0.069705 0.065084 0.055977 0.054017 0.040887 0.046448 0.04351 0.037852 0.036396 0.031873 0.022596 0.02242 0.021355 0.024804 0.029121 0.029972 0.026706 0.038508 0.04122 0.041234 0.0467 0.056359 0.06152 0.069495 0.085241 0.084337 0.079007 0.084379 0.067812 0.077647 0.07966 0.074316 0.077698 0.072501 0.069151 0.066297 0.064218 0.054131 0.047642 0.042951 0.041634 0.043779 0.037873 0.041075 0.031188 0.031613 0.028668 0.029026 0.022862 0.024933 0.017878 0.020722 0.011143 0.010634 0.01253 0.0099996 0.013992 0.0076255 0.0026243 -0.0012014 0.0068732 0.012419 0.0086698 0.0099101 0.010387 0.0051981 0.018273 0.016937 0.01008 0.0072112 0.012715 0.0081713 0.011226 0.0098276 0.013004 0.020558 0.016386 0.018668 0.021548 0.032391 0.025491 0.0169 0.027667 0.038654 0.03312 0.025013 0.025096 0.0156 0.023048 0.024985 0.020765 0.011433 0.015868 0.017512 0.024526 0.016999 0.011413 0.0095686 0.017382 0.011795 0.022562 0.031024 0.017941 0.025006 0.029508 0.030536 0.029132 0.018927 0.023012 0.026617 0.030934 0.025485 0.023586 0.033673 0.034367 0.031008 0.031298 0.034428 0.032146 0.027596 0.0306 0.03557 0.021125 0.024603 0.02983 0.032929 0.038006 0.048108 0.055009 0.046802 0.044447 0.05464 0.062085 0.063168 0.05456 0.050003 0.052404 0.05258 0.029411 0.036296 0.045332 0.043098 0.03997 0.044131 0.03813 0.049583 0.051534 0.051242 0.044975 0.034886 0.030654 0.032993 0.023841 0.03837 0.046995 0.042025 0.037072 0.032903 0.034212 0.034725 0.032622 0.044751 0.042768 0.045822 0.036302 0.048278 0.05068 0.056152 0.056269 0.048919 0.06051 0.060592 0.063494 0.072938 0.074551 0.073557 0.081794 0.081882 0.081686 0.089057 0.093936 0.097839 0.1016 0.09225 0.088592 0.082205 0.083288 0.08578 0.080497 0.078403 0.073836 0.076127 0.063394 0.050561 0.039929 0.040525 0.034899 0.047888 0.049038 0.047626 0.052469 0.050736 0.044926 0.042326 0.03177 0.024969 0.038735 0.037626 0.048708 0.040337 0.033097 0.029858 0.030349 0.028578 0.027129 0.025194 0.029432 0.022116 0.016559 0.011285 0.028529 0.011705 0.02031 0.025452 0.026784 0.024723 0.021065 0.021562 0.013456 0.025651 0.019456 0.017366 0.021546 0.017308 0.024204 0.035511 0.036788 0.03046 0.022241 0.026812 0.03625 0.03821 0.032249 0.034628 0.031002 0.020047 0.016593 0.018262 0.016833 0.0078407 0.0029982 0.0071365 0.014028 0.018705 0.010048 0.0060908 0.011539 0.013341 0.017378 0.026114 0.035144 0.029767 0.012205 0.016491 0.0071684 0.015796 0.014968 0.023446 0.00088991 0.0043198 0.015133 0.0072504 0.012453 0.016043 0.016064 -0.0005877 0.0007433 -0.0016243 0.0065005 0.016458 0.0028849 0.0040553 0.022063 0.016366 0.011105 0.0098176 0.010596 0.019208 0.020953 0.021315 0.034037 0.03417 0.026988 0.039564 0.041255 0.040505 0.038487 0.036206 0.033798 0.029545 0.031892 0.036216 0.024298 0.030353 0.040614 0.047507 0.053414 0.052449 0.044491 0.042668 0.042757 0.051913 0.040547 0.02154 0.020374 0.024548 0.015792 0.018021 0.015854 0.014945 0.019938 0.0208 0.022615 0.024787 0.026643 0.018631 0.017357 0.025921 0.028482 0.028403 0.028796 0.030502 0.036128 0.03283 0.029126 0.036518 0.038939 0.036803 0.041896 0.041948 0.046329 0.038539 0.046353 0.039817 0.033754 0.031183 0.037699 0.042015 0.037079 0.042832 0.042943 0.035674 0.040674 0.04506 0.05108 0.035723 0.029431 0.026088 0.031534 0.035586 0.040139 0.039467 0.029962 0.019317 0.028672 0.02583 0.024652 0.024042 0.015798 0.013874 0.031931 0.029494 0.03726 0.025955 0.031614 0.03386 0.033946 0.018683 0.011476 -0.0022501 0.0080638 0.031731 0.023354 0.014311 0.011231 0.020197 0.022909 0.020358 0.019553 0.012726 0.0073065 -0.006922 0.0049282 0.0089527 0.0016786 0.0022947 0.0034683 -0.0043431 0.013156 0.018617 0.011362 0.0068547 0.0063296 -0.0011042 0.0054126 0.015957 0.016853 0.0092734 0.0037061 0.0019968 0.0081946 0.011955 0.016159 0.01058 0.0053849 0.0099363 0.0088909 0.0043114 0.007884 0.010972 0.0079459 0.0089982 0.011134 0.01779 0.013584 -0.0011338 -0.0015976 0.0059981 0.0062244 0.0084114 0.01177 0.0058879 0.0068214 0.00059778 0.0027279 0.011506 0.0043179 0.0057944 0.0017683 0.0035429 0.0036326 -0.0045763 0.0085573 -0.001707 -0.002163 0.0049558 0.00085658 0.0008162 0.0013219 0.0010275 0.011109 0.013124 0.0034487 -0.0012352 0.0024194 0.0058371 -0.0032003 0.0056414 0.0044216 0.0037493 0.0066337 0.0062005 0.0050669 0.0091232 0.0013299 -0.0095895 -0.0061468 -0.009635 -0.0057253 0.0019536 0.0017018 0.0098313 0.00048349 0.0040896 -0.0064426 -0.0028835 0.012984 0.011171 0.014813 0.0040896 0.007272 0.0070634 0.002639 0.0031933 -0.0042798 -0.0013079 0.0027986 0.0075927 -0.0052156 0.0051351
0.0079636 0.0057363 -0.0026552 -0.0021783 0.0043046 0.00051873 -0.0039438 0.00034643 0.0066777 0.0020902 0.014688 0.02622 0.02645 0.036671 0.03574 0.047883 0.048443 0.05613 0.051437 0.049988 0.048722 0.041248 0.029142 0.017015 0.020327 0.02104 0.029284 0.037564 0.033619 0.030588 0.043403 0.04515 0.045754 0.035213 0.03021 0.022045 0.010789 0.0034892 -0.0009316 -0.0067319 -0.01196 -0.006523 -0.013983 -0.01758 -0.022901 -0.02258 -0.020727 -0.021967 -0.027397 -0.020202 -0.0091748 0.00032315 0.012342 0.017073 0.020389 0.015635 0.01325 0.015979 0.021415 0.023915 0.024208 0.027962 0.026153 0.022185 0.036225 0.033081 0.035696 0.03541 0.030424 0.03088 0.029377 0.031887 0.03773 0.025724 0.027747 0.029062 0.03298 0.027276 0.031789 0.041692 0.036733 0.042624 0.048377 0.059429 0.058761 0.064569 0.0628 0.061472 0.071638 0.068461 0.071493 0.073826 0.071411 0.069478 0.066168 0.063766 0.058364 0.059263 0.058896 0.051637 0.05019 0.046282 0.053952 0.051705 0.054673 0.054117 0.056143 0.054431 0.050516 0.051736 0.052056 0.053839 0.056574 0.058726 0.063378 0.061292 0.064525 0.065185 0.059308 0.065674 0.063255 0.063071 0.058285 0.05814 0.059973 0.05694 0.060052 0.054939 0.052203 0.051694 0.052102 0.059838 0.051243 0.054084 0.062902 0.057383 0.06002 0.064657 0.060588 0.060811 0.05857 0.063249 0.06863 0.062675 0.068869 0.080442 0.070396 0.065521 0.06682 0.057112 0.054046 0.056297 0.051995 0.047325 0.04401 0.048414 0.050558 0.054746 0.043591 0.045123 0.045792 0.050465 0.049086 0.044192 0.040407 0.044293 0.040391 0.048709 0.05717 0.043711 0.035045 0.03566 0.04096 0.037069 0.030565 0.025132 0.019749 0.014396 0.025894 0.033115 0.029316 0.02377 0.025363 0.025412 0.026089 0.037931 0.041536 0.042997 0.048982 0.055185 0.056193 0.061623 0.069054 0.077284 0.077547 0.08186 0.083834 0.085823 0.090445 0.088823 0.092501 0.07748 0.074145 0.06715 0.063832 0.054671 0.051624 0.038356 0.043197 0.038798 0.034306 0.032008 0.031212 0.021202 0.019506 0.020624 0.027902 0.034329 0.034337 0.037358 0.043418 0.047115 0.049555 0.053206 0.065289 0.071321 0.074621 0.087435 0.08723 0.084817 0.08254 0.068737 0.072653 0.073616 0.066312 0.070084 0.064851 0.059755 0.05796 0.052431 0.043012 0.035348 0.037399 0.032871 0.03383 0.030138 0.029606 0.024137 0.02684 0.023811 0.025349 0.020403 0.019454 0.013095 0.017563 0.011552 0.0085598 0.0085496 0.0099029 0.014274 0.01099 0.0076561 0.0078292 0.010458 0.011546 0.010536 0.011621 0.011582 0.010044 0.021777 0.018757 0.011855 0.013092 0.018929 0.014862 0.016561 0.013516 0.016909 0.022413 0.02277 0.024454 0.024876 0.032248 0.02647 0.018999 0.025039 0.035752 0.026854 0.019569 0.019455 0.016955 0.024092 0.022253 0.018242 0.0094935 0.014944 0.019609 0.020347 0.0138 0.012963 0.01128 0.020333 0.018189 0.023881 0.028469 0.019018 0.025004 0.028537 0.031672 0.031208 0.01959 0.024704 0.029394 0.028665 0.023682 0.024042 0.032002 0.033056 0.029972 0.026127 0.030233 0.029702 0.026256 0.03255 0.033999 0.024947 0.029187 0.03665 0.035168 0.034216 0.046276 0.053233 0.048991 0.044887 0.051192 0.060949 0.057877 0.051804 0.053754 0.049807 0.051887 0.040031 0.044106 0.046651 0.040437 0.037755 0.043375 0.03764 0.04404 0.052713 0.051198 0.044133 0.035203 0.031521 0.038137 0.030923 0.041622 0.04929 0.047051 0.04098 0.035201 0.03672 0.038013 0.03577 0.044557 0.04933 0.052844 0.045407 0.048495 0.052462 0.055489 0.057439 0.054942 0.065679 0.062061 0.066078 0.073353 0.074884 0.074363 0.081834 0.08389 0.08764 0.092229 0.094025 0.093324 0.098459 0.090769 0.08682 0.076333 0.077229 0.076522 0.070053 0.068299 0.061942 0.066164 0.05479 0.045353 0.03809 0.03396 0.029894 0.042752 0.042018 0.042857 0.044424 0.041543 0.035463 0.035008 0.027638 0.022917 0.034987 0.033765 0.041657 0.032888 0.027963 0.023841 0.025197 0.023924 0.024707 0.021614 0.0238 0.01807 0.016545 0.010377 0.025523 0.012695 0.018922 0.022522 0.019051 0.02101 0.018835 0.019722 0.014175 0.024047 0.019784 0.018454 0.021205 0.01838 0.024471 0.030406 0.030179 0.029509 0.024193 0.025417 0.033411 0.032334 0.025761 0.023973 0.0224 0.017896 0.014595 0.017354 0.011088 0.0051666 0.00182 0.00095706 0.0051186 0.01237 0.0056707 0.0043994 0.0082205 0.0067755 0.010035 0.013605 0.02242 0.018334 0.0062359 0.0096308 0.004371 0.01272 0.011934 0.020715 0.0030535 0.004765 0.0080417 0.0041311 0.013861 0.01402 0.012059 0.0022616 0.0021657 0.0012217 0.010223 0.017548 0.010271 0.0076372 0.026711 0.025022 0.022382 0.018261 0.022251 0.03139 0.027763 0.02298 0.031799 0.03025 0.029373 0.039354 0.040172 0.032107 0.030471 0.031272 0.027891 0.024813 0.025559 0.031313 0.019679 0.022061 0.034447 0.036215 0.04111 0.041583 0.034605 0.032158 0.031887 0.039515 0.02829 0.016169 0.012871 0.01828 0.0106 0.011889 0.0082008 0.010561 0.015548 0.016989 0.01751 0.019251 0.022743 0.016994 0.015044 0.025696 0.026206 0.02273 0.02171 0.023686 0.027837 0.029459 0.026999 0.031845 0.035273 0.038153 0.03474 0.034714 0.040925 0.034925 0.041917 0.035401 0.029701 0.029978 0.032763 0.03481 0.029427 0.034913 0.038667 0.034226 0.037928 0.039726 0.040264 0.030581 0.02767 0.023965 0.027397 0.028688 0.032046 0.03031 0.025467 0.018715 0.024846 0.02461 0.022232 0.02028 0.012692 0.016804 0.025378 0.022858 0.02708 0.016718 0.020105 0.021112 0.021053 0.010369 0.0064755 -0.0005149 0.0033884 0.020658 0.016958 0.0071432 0.0085204 0.016659 0.015423 0.015667 0.012555 0.0064581 0.0065092 -0.00072547 0.0074807 0.0067007 0.0033219 0.0031019 0.0022446 -0.00101 0.010502 0.015802 0.0079688 0.0045345 0.0057931 0.0012428 0.0090594 0.017086 0.014021 0.0093935 0.0045147 0.0049443 0.0097305 0.012747 0.012458 0.0076318 0.0065368 0.007068 0.0092479 0.0048007 0.0066821 0.010892 0.010765 0.013936 0.010067 0.01274 0.014736 0.0031192 0.002074 0.0058703 0.0051389 0.0075044 0.0073129 0.0039493 0.0064975 0.00030132 0.0044298 0.011294 0.0038425 0.0045258 0.00054754 0.00066443 0.0010722 -0.002563 0.0037374 -0.0033127 -0.002724 0.00021495 -0.0062723 -0.0059898 -0.0030998 -0.0042553 0.0049484 0.010115 -0.00030213 -0.0045076 0.00029082 0.0026207 -0.0085414 -0.0014091 0.00047339 0.001575 0.0048708 0.0038422 0.0026293 0.004837 0.0024048 -0.0059594 -0.0070396 -0.0080464 -0.0061593 -0.0010019 0.00012137 0.0077929 0.0015525 0.0024878 -0.0038042 -0.0011016 0.0087921 0.013392 0.014603 0.0047579 0.0049938 0.0054243 0.0043065 0.002903 -0.00061279 0.0056998 0.008893 0.0058247 -0.004486
0.0067988 0.0044579 -0.0056888 -0.0041859 0.0024233 -0.0041118 -0.0078327 -0.0036807 0.0058927 -0.0001439 0.011606 0.022362 0.022301 0.029722 0.03223 0.042979 0.049442 0.059004 0.056775 0.054013 0.05474 0.047243 0.033579 0.022795 0.026169 0.025192 0.030857 0.03835 0.038457 0.038207 0.050881 0.053745 0.052583 0.042359 0.038596 0.029675 0.015959 0.00562 0.0028899 -0.0078532 -0.01436 -0.012858 -0.020513 -0.020091 -0.021223 -0.020828 -0.019457 -0.021383 -0.023305 -0.011046 -0.0018925 0.0070071 0.015455 0.018504 0.023102 0.019707 0.020345 0.018523 0.024085 0.025391 0.026648 0.029539 0.031474 0.028229 0.039178 0.037221 0.041675 0.043031 0.03441 0.035226 0.032611 0.037661 0.042754 0.032042 0.032522 0.033255 0.036416 0.03346 0.036936 0.048546 0.050966 0.055151 0.060213 0.067807 0.069518 0.072382 0.072927 0.073548 0.080775 0.073929 0.077725 0.076431 0.074768 0.073325 0.067731 0.061198 0.058193 0.057973 0.055287 0.051769 0.049176 0.045221 0.054194 0.053147 0.055855 0.053709 0.056867 0.05873 0.057859 0.05777 0.057431 0.062187 0.062242 0.063716 0.0678 0.063812 0.064075 0.063696 0.05585 0.064264 0.061171 0.060285 0.05813 0.059024 0.061603 0.057154 0.056145 0.054258 0.056489 0.059114 0.057744 0.063731 0.05698 0.063613 0.067853 0.060567 0.063848 0.066797 0.063506 0.063967 0.061796 0.067088 0.073996 0.068151 0.074804 0.085176 0.076978 0.068476 0.069911 0.060608 0.055841 0.055143 0.050459 0.047291 0.041608 0.046435 0.048801 0.051045 0.044954 0.045564 0.04591 0.052605 0.050817 0.045298 0.043534 0.043628 0.04081 0.045139 0.052372 0.041652 0.036328 0.034177 0.036223 0.029757 0.02151 0.017806 0.017151 0.019436 0.02806 0.030955 0.02987 0.022189 0.026269 0.031988 0.035358 0.043069 0.044436 0.050331 0.057421 0.061621 0.065306 0.072904 0.080548 0.085678 0.086885 0.089494 0.087381 0.085856 0.090698 0.086889 0.084001 0.070861 0.068552 0.061035 0.057091 0.049728 0.045803 0.033774 0.037637 0.032733 0.030138 0.026746 0.029488 0.021874 0.021103 0.021821 0.030042 0.038739 0.039055 0.047149 0.050129 0.056259 0.059935 0.062519 0.07385 0.079873 0.078349 0.086675 0.086903 0.086993 0.07865 0.067636 0.066426 0.066771 0.05788 0.061583 0.054155 0.050379 0.048666 0.040111 0.032103 0.024549 0.028357 0.025367 0.02395 0.022607 0.019821 0.016286 0.021535 0.020069 0.022799 0.019178 0.015026 0.0085405 0.014184 0.012408 0.0089199 0.0087603 0.013323 0.015348 0.013909 0.01017 0.014054 0.012263 0.010788 0.010249 0.012574 0.013573 0.013515 0.023032 0.018612 0.01382 0.018384 0.02233 0.01771 0.020157 0.016952 0.020261 0.02216 0.026215 0.025901 0.027065 0.031308 0.026687 0.021679 0.023682 0.031746 0.020455 0.015942 0.017231 0.017807 0.024006 0.020187 0.016802 0.010206 0.016427 0.02259 0.017693 0.011731 0.014946 0.013316 0.02237 0.022768 0.023038 0.026256 0.020027 0.023656 0.026892 0.031854 0.032881 0.020423 0.024869 0.029017 0.026071 0.021612 0.02305 0.028743 0.030674 0.029802 0.023906 0.028686 0.02956 0.027493 0.033506 0.034388 0.029689 0.035989 0.043489 0.040053 0.035556 0.046078 0.051836 0.04983 0.046371 0.048025 0.057812 0.052436 0.048022 0.053444 0.04591 0.050701 0.046744 0.047975 0.046042 0.037778 0.033684 0.040347 0.035065 0.03854 0.049889 0.048746 0.042145 0.035016 0.03239 0.041775 0.033962 0.042689 0.050063 0.050129 0.043694 0.038268 0.039779 0.043971 0.041594 0.045944 0.053206 0.056371 0.051877 0.050192 0.052977 0.055333 0.057672 0.06052 0.069889 0.064604 0.069639 0.074961 0.077209 0.076136 0.082908 0.084616 0.08958 0.091109 0.090136 0.085998 0.090436 0.083305 0.079398 0.067602 0.068933 0.066254 0.057779 0.056837 0.049651 0.053719 0.046231 0.040708 0.036363 0.030495 0.026369 0.035977 0.03399 0.037477 0.036837 0.033741 0.030063 0.030207 0.025703 0.02282 0.032918 0.02928 0.033963 0.02698 0.023215 0.019343 0.021219 0.019953 0.022456 0.018875 0.019814 0.015931 0.016204 0.01036 0.023361 0.014574 0.017909 0.019914 0.013852 0.018309 0.016818 0.015998 0.013404 0.019741 0.01633 0.01721 0.018415 0.017623 0.023625 0.02571 0.024373 0.027372 0.024092 0.024424 0.030077 0.026662 0.022002 0.018472 0.018816 0.017879 0.015159 0.017659 0.0094571 0.0051407 0.0045277 5.7157e-05 0.0027327 0.011537 0.0072628 0.0069841 0.0090444 0.003216 0.00595 0.0073755 0.013747 0.012115 0.0057084 0.0090978 0.0051472 0.011636 0.010843 0.018977 0.0051436 0.0069377 0.005479 0.0063993 0.01548 0.014045 0.011175 0.0068285 0.0073948 0.0060134 0.014622 0.020914 0.018925 0.014536 0.031697 0.034129 0.032004 0.02448 0.030978 0.038947 0.030246 0.022553 0.028168 0.027088 0.029293 0.036502 0.036148 0.024181 0.022462 0.024057 0.020739 0.019436 0.021221 0.025195 0.016255 0.015906 0.027833 0.025494 0.028425 0.031282 0.02525 0.021851 0.021983 0.028376 0.019015 0.013259 0.0092074 0.014534 0.0070493 0.0082388 0.0057333 0.0083285 0.012895 0.015317 0.015408 0.015859 0.020085 0.014995 0.013041 0.024103 0.023061 0.018753 0.016337 0.016497 0.019911 0.024627 0.025645 0.029506 0.033555 0.036131 0.02881 0.029778 0.036397 0.031791 0.036634 0.03072 0.026817 0.030846 0.030661 0.029764 0.024259 0.027277 0.032616 0.03165 0.034822 0.032574 0.029334 0.025927 0.025948 0.023162 0.022797 0.021277 0.02449 0.021971 0.021976 0.018406 0.021062 0.02282 0.019473 0.017843 0.012512 0.016774 0.020382 0.018083 0.018484 0.0099008 0.012298 0.013029 0.011292 0.0065028 0.0058548 0.0034494 0.0031155 0.012839 0.011744 0.0041807 0.0080963 0.014647 0.01027 0.011032 0.0061327 0.0015689 0.0051532 0.0035959 0.0079845 0.0041791 0.0036361 0.00356 0.0012162 0.0019702 0.007708 0.011917 0.0032678 0.0016897 0.0031478 0.0013329 0.010237 0.017251 0.01236 0.0074212 0.0043596 0.0064437 0.0099745 0.011278 0.0088821 0.0053476 0.0061722 0.0030025 0.0074827 0.0032943 0.0046574 0.0091132 0.01138 0.015548 0.0070047 0.0079342 0.01283 0.0052492 0.0037676 0.0044865 0.0033199 0.0069278 0.0044468 0.0027939 0.0045931 -0.00014883 0.0041363 0.0078776 0.0026726 0.002411 0.00047114 -0.00091707 -0.0012535 -0.0015081 0.0017129 -0.0020939 -0.0027267 -0.0032701 -0.0084903 -0.0069375 -0.0043161 -0.0054158 0.0021082 0.006777 -0.0027459 -0.0061211 -8.8341e-05 0.00084813 -0.011554 -0.0051196 -0.002256 -0.00067355 0.0031533 0.0017277 0.00017238 0.00062949 0.0033561 -0.0031143 -0.0058833 -0.0060226 -0.0057849 -0.0029797 -0.0010493 0.0051346 0.001848 0.0027475 -0.00037394 0.00036666 0.005011 0.013169 0.012321 0.0044472 0.004145 0.0044698 0.0045992 0.0023352 0.0025418 0.0087508 0.01215 0.0045796 -0.0018302
0.019487 0.026887 0.01376 0.0077222 0.0066377 0.0036745 -0.0063187 -0.0032717 0.0017687 -0.0067272 -0.0095728 -0.005603 0.0048348 -0.001718 0.0085512 0.016611 0.01672 0.022908 0.028603 0.037843 0.048034 0.058312 0.058002 0.054661 0.055733 0.048052 0.035846 0.027229 0.029815 0.027157 0.030471 0.034921 0.037054 0.038472 0.051421 0.055361 0.053465 0.045681 0.041843 0.034283 0.020048 0.0090631 0.0071868 -0.0052594 -0.011465 -0.012577 -0.018708 -0.016954 -0.015332 -0.01499 -0.013834 -0.015898 -0.014725 -0.0022634 0.0064909 0.014562 0.019734 0.020957 0.025657 0.024195 0.026804 0.020444 0.027081 0.027862 0.029719 0.030254 0.034682 0.032621 0.039731 0.039388 0.045025 0.046947 0.037823 0.038657 0.03445 0.040372 0.044921 0.037883 0.037727 0.039593 0.04209 0.041551 0.043698 0.057266 0.064469 0.067734 0.072238 0.075982 0.079392 0.079706 0.08071 0.082613 0.086559 0.078632 0.080538 0.077096 0.07555 0.074208 0.069127 0.059772 0.056842 0.056349 0.052137 0.051445 0.048656 0.046169 0.055514 0.055264 0.058684 0.056255 0.06093 0.065214 0.066026 0.064891 0.064301 0.070358 0.067986 0.068542 0.070058 0.064207 0.062009 0.061805 0.051487 0.060837 0.057284 0.055889 0.057898 0.059178 0.061033 0.057375 0.055146 0.054201 0.059226 0.065446 0.062411 0.065762 0.061038 0.069668 0.069473 0.06353 0.067883 0.067297 0.064602 0.066395 0.065674 0.069756 0.076712 0.071909 0.077242 0.084193 0.077561 0.0686 0.067865 0.060716 0.055839 0.052291 0.048436 0.045907 0.038888 0.043521 0.045476 0.046902 0.045292 0.046366 0.046518 0.052698 0.049891 0.045132 0.046831 0.042526 0.039817 0.043745 0.047797 0.039374 0.036884 0.032868 0.031785 0.024325 0.01454 0.013671 0.018714 0.024337 0.030653 0.03028 0.031163 0.023683 0.028937 0.039641 0.044519 0.048418 0.049607 0.057102 0.066982 0.067874 0.073975 0.084614 0.092334 0.093404 0.093865 0.093861 0.089127 0.084501 0.086815 0.08117 0.07221 0.060918 0.058911 0.052327 0.045947 0.041789 0.038295 0.02841 0.030702 0.026226 0.025875 0.021675 0.026241 0.022896 0.025883 0.025244 0.031501 0.042713 0.04489 0.057107 0.059769 0.068219 0.072419 0.07498 0.08237 0.085948 0.079711 0.082966 0.082947 0.084478 0.072998 0.064637 0.059429 0.058709 0.04885 0.053424 0.04358 0.042447 0.040822 0.030442 0.023848 0.017482 0.019803 0.020046 0.016522 0.016219 0.0128 0.0097908 0.016525 0.017033 0.020933 0.019403 0.012264 0.0055657 0.011693 0.01286 0.010382 0.010711 0.018055 0.016725 0.016149 0.011087 0.017308 0.012128 0.0103 0.0085128 0.012877 0.015402 0.015999 0.022844 0.017966 0.016603 0.022765 0.023435 0.018383 0.02218 0.019795 0.022623 0.021421 0.026956 0.024567 0.027825 0.030511 0.026204 0.023015 0.02305 0.026402 0.01563 0.014043 0.017905 0.018245 0.02341 0.019391 0.015924 0.012021 0.018804 0.025209 0.016674 0.011499 0.016625 0.01586 0.023515 0.02597 0.021381 0.025249 0.021057 0.02185 0.025299 0.03106 0.033659 0.021617 0.023583 0.026306 0.023423 0.019838 0.02143 0.025877 0.028677 0.030407 0.022847 0.02834 0.031059 0.030811 0.035308 0.037114 0.035579 0.044119 0.049406 0.045751 0.040512 0.047408 0.05077 0.048868 0.048426 0.046734 0.053507 0.048104 0.043864 0.050051 0.041479 0.048867 0.048949 0.047536 0.043845 0.035342 0.029904 0.036433 0.032729 0.034427 0.044317 0.045569 0.039597 0.034638 0.033241 0.043175 0.034512 0.042428 0.049574 0.051402 0.045412 0.041846 0.043876 0.050481 0.049324 0.048705 0.055053 0.057196 0.055159 0.052491 0.053083 0.055808 0.057702 0.064984 0.072796 0.067922 0.073301 0.077812 0.080566 0.078761 0.084326 0.084706 0.08801 0.086012 0.082751 0.076803 0.079876 0.071653 0.066879 0.057609 0.060049 0.055646 0.045406 0.044891 0.038524 0.042213 0.039077 0.03714 0.034324 0.029075 0.024044 0.028587 0.026177 0.031608 0.030047 0.027916 0.027792 0.027514 0.025614 0.024019 0.0314 0.024638 0.026671 0.022512 0.019042 0.015845 0.018098 0.017404 0.020368 0.016183 0.017518 0.015643 0.015795 0.011006 0.0215 0.016533 0.017455 0.018507 0.012816 0.017935 0.015902 0.012105 0.012549 0.015919 0.012224 0.015804 0.016232 0.017819 0.023025 0.022507 0.020204 0.025326 0.023755 0.024183 0.026991 0.022088 0.020054 0.017052 0.018379 0.017767 0.016677 0.017762 0.010896 0.0070085 0.0095219 0.0033997 0.0052454 0.01461 0.01348 0.012393 0.012972 0.0039574 0.0062479 0.0080771 0.010474 0.011732 0.0098327 0.012672 0.0086285 0.012473 0.01109 0.017544 0.0069215 0.010203 0.0068416 0.011686 0.017613 0.01703 0.014342 0.013504 0.015346 0.013004 0.020227 0.025757 0.027374 0.024119 0.037024 0.042911 0.039294 0.028973 0.035985 0.041516 0.030111 0.021497 0.024602 0.025691 0.027995 0.033252 0.03166 0.020158 0.017627 0.017938 0.014802 0.01565 0.018928 0.020216 0.015088 0.013192 0.022775 0.017475 0.017965 0.022664 0.017272 0.014215 0.015359 0.019982 0.013117 0.011191 0.0081863 0.012179 0.0041628 0.0059566 0.0059789 0.0068696 0.011194 0.014023 0.013639 0.013145 0.017271 0.012069 0.011237 0.02097 0.019383 0.015889 0.012245 0.010242 0.013398 0.019105 0.023802 0.027046 0.031277 0.031249 0.023444 0.025286 0.031676 0.028257 0.030918 0.026011 0.024351 0.032168 0.030397 0.02671 0.020843 0.020473 0.025989 0.027824 0.031413 0.025604 0.020528 0.022716 0.024861 0.023268 0.018611 0.014943 0.018198 0.014707 0.018848 0.017817 0.01675 0.01949 0.016129 0.016035 0.013623 0.013737 0.015194 0.013898 0.011388 0.0049521 0.0073182 0.0083166 0.0049105 0.0049322 0.0065811 0.0067625 0.0046325 0.0085358 0.0081629 0.0028392 0.0076514 0.013527 0.0071297 0.0070466 0.0010315 -0.0017235 0.0033578 0.0057352 0.0066145 0.00174 0.002981 0.0036092 0.0012111 0.0041361 0.0049861 0.0084495 -0.0013483 -0.001145 -0.00039978 -0.00013519 0.0096499 0.015855 0.010567 0.0044281 0.0034327 0.006707 0.0094388 0.008553 0.0064323 0.003879 0.0045806 -0.00075452 0.0052808 0.0016118 0.0023606 0.0058373 0.0099243 0.014798 0.0042311 0.0048834 0.0094295 0.0057112 0.0043105 0.0026784 0.0013042 0.0059813 0.0025442 0.0017065 0.0016924 0.00029577 0.003664 0.0032595 0.00079937 -0.00042166 -0.00023907 -0.0013346 -0.0024479 -0.00066451 0.0013234 0.00052795 -0.0028867 -0.0058812 -0.0079288 -0.0043532 -0.0036681 -0.0038242 0.0021895 0.0038836 -0.0041486 -0.0055782 0.0006571 0.00022133 -0.012054 -0.0067106 -0.0038618 -0.0027195 0.0014707 -0.00089302 -0.0020754 -0.0025314 0.0038719 -0.00065803 -0.0034548 -0.0039516 -0.0052624 -0.0039799 -0.0015454 0.0025241 0.0013586 0.0031247 0.0025875 0.0014264 0.0025368 0.01089 0.0086211 0.0029599 0.0035086 0.0040104 0.0039392 0.0013727 0.004068
0.00026269 0.011267 0.021801 0.028507 0.015746 0.0087819 0.0060812 0.0020097 -0.0044079 -0.00020544 0.0018301 -0.0072684 -0.010001 -0.0065792 0.0032737 -0.0027618 0.0050901 0.00914 0.010434 0.017442 0.024591 0.032419 0.042984 0.052728 0.053395 0.050843 0.051209 0.043589 0.034817 0.028496 0.030069 0.026493 0.028537 0.029513 0.031318 0.032482 0.046286 0.050581 0.048877 0.044766 0.039348 0.034614 0.022367 0.012737 0.010692 -0.00062706 -0.0046129 -0.006981 -0.010327 -0.010147 -0.0072154 -0.0064496 -0.0052358 -0.0072198 -0.0039357 0.0050602 0.014994 0.022284 0.024729 0.024843 0.028409 0.029109 0.032786 0.023152 0.030131 0.031073 0.033776 0.03197 0.037064 0.035844 0.038841 0.039792 0.046786 0.04797 0.040146 0.040626 0.03526 0.041298 0.045746 0.043257 0.042867 0.047392 0.049424 0.051048 0.051914 0.067283 0.076229 0.078468 0.083094 0.083341 0.08718 0.085677 0.085516 0.087148 0.088385 0.081766 0.080651 0.077113 0.07462 0.073125 0.070058 0.059337 0.055405 0.055256 0.050085 0.051146 0.049683 0.048751 0.058513 0.058703 0.063569 0.061555 0.068102 0.073367 0.074381 0.071872 0.070715 0.076227 0.072504 0.072222 0.070386 0.063541 0.059428 0.05959 0.047733 0.056157 0.052449 0.051474 0.058261 0.058655 0.059257 0.057835 0.057082 0.05523 0.060685 0.0698 0.065577 0.065534 0.063091 0.070956 0.067882 0.06593 0.071265 0.066923 0.064787 0.068112 0.069118 0.071547 0.077331 0.072729 0.075383 0.078891 0.07374 0.066206 0.06214 0.057598 0.054132 0.049264 0.047522 0.044442 0.037078 0.04079 0.041938 0.043632 0.044941 0.047552 0.048199 0.051409 0.048048 0.04459 0.049727 0.041932 0.038529 0.044241 0.043929 0.037971 0.036554 0.031835 0.027513 0.020674 0.011243 0.012908 0.022841 0.028765 0.032958 0.031687 0.03414 0.028522 0.033951 0.047415 0.05255 0.054133 0.057055 0.06395 0.077115 0.075311 0.082337 0.094834 0.10158 0.099407 0.098535 0.094497 0.088554 0.081672 0.079192 0.072395 0.058987 0.049627 0.047047 0.042363 0.032822 0.032157 0.030714 0.023518 0.023642 0.020254 0.02214 0.018003 0.02215 0.022792 0.031328 0.030245 0.033246 0.047379 0.052729 0.06809 0.072028 0.081121 0.085445 0.088892 0.090302 0.088601 0.078314 0.076605 0.075069 0.077031 0.065713 0.05959 0.052093 0.049577 0.039521 0.046311 0.035357 0.0364 0.035304 0.02457 0.019362 0.014569 0.014261 0.016894 0.012721 0.01165 0.0090831 0.0059818 0.012324 0.014082 0.018921 0.020382 0.010771 0.004641 0.010108 0.012331 0.012001 0.012357 0.021355 0.017481 0.017399 0.011382 0.018257 0.010511 0.0099864 0.0063582 0.012952 0.016369 0.01756 0.021882 0.017647 0.019892 0.025649 0.022769 0.018163 0.022719 0.021976 0.023902 0.021408 0.026141 0.022124 0.027074 0.030517 0.025281 0.022258 0.02259 0.020459 0.013588 0.013537 0.019826 0.017935 0.022554 0.019758 0.015243 0.014041 0.020934 0.026546 0.016835 0.013182 0.017889 0.019055 0.024126 0.028807 0.02056 0.02576 0.022199 0.020847 0.024432 0.029616 0.033258 0.023017 0.021576 0.023111 0.021569 0.01864 0.019685 0.024395 0.027784 0.031303 0.022043 0.028036 0.032961 0.03463 0.038274 0.041146 0.041538 0.051631 0.053865 0.050758 0.046853 0.049436 0.049653 0.046146 0.050049 0.047257 0.048503 0.045092 0.040176 0.045202 0.037774 0.046655 0.047216 0.043482 0.040847 0.033077 0.027761 0.032493 0.031654 0.031908 0.037589 0.042474 0.037115 0.034361 0.034076 0.042136 0.034162 0.041869 0.047832 0.050508 0.045877 0.044961 0.048465 0.055258 0.056747 0.052272 0.055667 0.056079 0.055314 0.054451 0.053307 0.056262 0.057734 0.067717 0.07423 0.071561 0.076509 0.081349 0.083725 0.081595 0.085124 0.083867 0.083433 0.078028 0.072971 0.066297 0.06814 0.057714 0.051242 0.047644 0.051782 0.04525 0.034295 0.033322 0.029657 0.033603 0.033822 0.034171 0.031645 0.028057 0.022417 0.021495 0.019337 0.025899 0.024689 0.024442 0.027118 0.025768 0.026222 0.025219 0.029291 0.020419 0.020361 0.019391 0.015656 0.012962 0.015587 0.016667 0.019001 0.013934 0.016636 0.016836 0.016005 0.012736 0.02023 0.0187 0.018148 0.018989 0.015723 0.019641 0.015966 0.0091277 0.012141 0.0142 0.0097857 0.015485 0.016138 0.02016 0.023261 0.021235 0.017812 0.023624 0.023791 0.024135 0.02463 0.019161 0.018695 0.01789 0.01905 0.016598 0.017987 0.017216 0.013795 0.010084 0.015312 0.0095633 0.010875 0.019769 0.022511 0.019652 0.019345 0.0095897 0.011334 0.014819 0.013048 0.016562 0.017435 0.018867 0.014678 0.01569 0.013042 0.01691 0.0094734 0.014503 0.011536 0.017657 0.020562 0.02284 0.020675 0.021769 0.024411 0.02195 0.027758 0.031718 0.034544 0.034643 0.042031 0.049926 0.043768 0.031584 0.036827 0.03927 0.028559 0.020584 0.021815 0.025718 0.026423 0.03054 0.028083 0.02071 0.017245 0.014628 0.01163 0.014292 0.018001 0.017676 0.016036 0.013808 0.019955 0.01283 0.011179 0.016462 0.011262 0.010658 0.01286 0.014623 0.0099876 0.0088712 0.0084225 0.010494 0.0018338 0.0047907 0.007001 0.0055325 0.0097143 0.011987 0.010674 0.0099203 0.013094 0.007878 0.0097263 0.016514 0.015549 0.01367 0.0092927 0.0058806 0.0088513 0.014241 0.021321 0.023488 0.027151 0.025217 0.019053 0.020816 0.026825 0.024138 0.025122 0.021473 0.021623 0.032777 0.030812 0.025241 0.018523 0.014824 0.020004 0.0233 0.02804 0.020289 0.015253 0.021132 0.024229 0.022847 0.014926 0.010536 0.013483 0.0092167 0.01574 0.016362 0.012369 0.015155 0.012598 0.014242 0.014693 0.0085696 0.0094297 0.0098913 0.0055518 0.0014994 0.0041518 0.0055492 0.0018041 0.0039393 0.0064925 0.0079173 0.0056658 0.0070308 0.006659 0.0018093 0.0062124 0.012792 0.005266 0.0042149 -0.0017282 -0.0033878 0.0013092 0.0062928 0.0043161 -0.00032883 0.0017832 0.0032016 0.0020339 0.0044051 0.0020892 0.0057545 -0.0052658 -0.003696 -0.0038414 -0.0023797 0.0074656 0.012344 0.0079902 0.0015929 0.001754 0.0056779 0.0082676 0.0054564 0.0053494 0.0028951 0.0022375 -0.0030048 0.0038765 0.00062247 -0.00029615 0.0014987 0.0069591 0.012643 0.0032561 0.0039894 0.0057873 0.0048406 0.0043585 0.0013788 -3.4385e-05 0.0044192 0.0010386 0.00048448 -0.0014448 0.001746 0.0040374 -0.00093153 -0.0013774 -0.0035532 -0.0024998 -0.0010939 -0.0022964 0.00032454 0.0016149 0.00323 -0.0035865 -0.0080278 -0.0063138 -0.00080514 -0.0023714 -0.0011753 0.0041144 0.0023149 -0.0044533 -0.0031532 0.0014243 0.00022338 -0.010262 -0.006831 -0.0044939 -0.0045425 -0.00045468 -0.0041016 -0.0040341 -0.004009 0.003538 0.0011946 -0.0010535 -0.0021492 -0.0046028 -0.0041248 -0.0014106 0.00020497 -6.854e-05 0.0026518 0.0039595 0.0018759 0.0014202 0.0072026 0.0044992 0.00052877 0.0022529 0.0040532 0.00312
0.0023945 0.008606 0.019492 0.024612 0.014438 0.0080106 0.0038001 -0.0015923 -0.0011572 0.0034843 0.0022768 -0.005843 -0.01024 -0.0075818 0.0016249 -0.0033353 0.0013164 0.0012581 0.0051463 0.014224 0.020798 0.027155 0.035233 0.043636 0.044218 0.043486 0.042747 0.035775 0.031139 0.026342 0.02724 0.023817 0.026252 0.024851 0.024785 0.023964 0.038595 0.042255 0.041339 0.040865 0.032783 0.031447 0.023205 0.015963 0.013483 0.0048517 0.0043155 0.0021006 0.0016085 -0.0020328 0.0011977 0.0029153 0.0043376 0.002558 0.0067081 0.010788 0.022668 0.02903 0.029334 0.029716 0.031583 0.034229 0.038365 0.027501 0.03328 0.035109 0.0386 0.035885 0.039758 0.038248 0.037766 0.039045 0.048253 0.047246 0.04097 0.041206 0.035498 0.042129 0.046629 0.047658 0.047649 0.055484 0.057204 0.061007 0.061512 0.077796 0.085539 0.085863 0.09193 0.089301 0.092336 0.089982 0.08756 0.086774 0.086591 0.082935 0.079099 0.07729 0.073077 0.071586 0.070895 0.05982 0.055077 0.055191 0.049568 0.051388 0.053175 0.052487 0.063152 0.063466 0.069609 0.068057 0.076775 0.081694 0.082473 0.077769 0.075152 0.078237 0.074673 0.073832 0.069068 0.062479 0.057231 0.057511 0.045654 0.05134 0.048141 0.04838 0.058736 0.057476 0.057325 0.05887 0.060744 0.057223 0.061134 0.07189 0.066983 0.063251 0.063241 0.067741 0.064132 0.067069 0.073057 0.06645 0.065189 0.069513 0.071244 0.072778 0.076527 0.07006 0.069621 0.071097 0.067437 0.061856 0.054785 0.051987 0.050976 0.047077 0.04838 0.043621 0.036835 0.039613 0.039902 0.042471 0.044847 0.049005 0.051022 0.049824 0.047212 0.044605 0.05138 0.0422 0.037795 0.045399 0.041005 0.037873 0.035512 0.031247 0.023899 0.018687 0.011828 0.014767 0.027061 0.03207 0.034455 0.034872 0.038979 0.03631 0.041555 0.054991 0.059732 0.060596 0.066284 0.071133 0.086765 0.084228 0.089925 0.10099 0.10511 0.10177 0.10015 0.090668 0.084324 0.076401 0.068663 0.061538 0.046494 0.039201 0.035311 0.032626 0.020882 0.022672 0.024461 0.020039 0.017627 0.015479 0.019423 0.016561 0.018553 0.020873 0.034716 0.035374 0.03646 0.053797 0.062898 0.079948 0.084731 0.0919 0.095896 0.10036 0.095752 0.087011 0.074199 0.068254 0.063631 0.065383 0.057004 0.052451 0.044803 0.040286 0.030798 0.040198 0.030153 0.031536 0.03146 0.021953 0.018274 0.014452 0.012224 0.015144 0.012368 0.0090483 0.0082274 0.0050139 0.0091143 0.010659 0.016059 0.020937 0.0095584 0.0053062 0.008622 0.010604 0.013229 0.012753 0.021121 0.016847 0.017571 0.011498 0.017761 0.0080242 0.0095164 0.0049997 0.013111 0.016217 0.017988 0.02036 0.01788 0.02274 0.026665 0.021015 0.017982 0.022095 0.02353 0.024153 0.022429 0.025126 0.019998 0.025102 0.031564 0.024401 0.01991 0.022128 0.015418 0.014537 0.013763 0.020855 0.016363 0.021329 0.020733 0.01453 0.015729 0.02198 0.026309 0.017616 0.016385 0.018973 0.022598 0.024676 0.032153 0.021733 0.027386 0.023449 0.021748 0.02501 0.028465 0.032141 0.024663 0.020121 0.021499 0.021239 0.017948 0.018122 0.024319 0.027762 0.031737 0.021392 0.027141 0.033879 0.036978 0.041468 0.044479 0.045479 0.055839 0.056387 0.05388 0.052083 0.05094 0.0478 0.042291 0.050096 0.048162 0.042982 0.04277 0.037592 0.040495 0.035572 0.044185 0.042696 0.037238 0.037686 0.030642 0.02748 0.028827 0.031211 0.030032 0.031246 0.039427 0.034967 0.034022 0.034767 0.039056 0.033806 0.041708 0.044776 0.047053 0.044744 0.046551 0.052312 0.056529 0.061204 0.05573 0.055499 0.053723 0.053117 0.055378 0.053827 0.055569 0.057184 0.068091 0.073902 0.074302 0.078627 0.084093 0.085306 0.083318 0.08427 0.081133 0.076217 0.068625 0.062251 0.055015 0.056084 0.043633 0.03537 0.038553 0.044626 0.035559 0.025328 0.022977 0.023411 0.028243 0.030016 0.030721 0.028096 0.025678 0.020715 0.015334 0.013892 0.020955 0.020882 0.02303 0.026287 0.023699 0.026054 0.024706 0.025655 0.016987 0.01529 0.017364 0.013371 0.010495 0.013709 0.017608 0.018836 0.013106 0.016674 0.018804 0.017278 0.015608 0.019876 0.021376 0.02034 0.021339 0.020561 0.02179 0.016038 0.0073856 0.012103 0.014659 0.010181 0.016282 0.017716 0.023883 0.023843 0.021358 0.016622 0.021639 0.023767 0.023269 0.022992 0.018016 0.016923 0.01891 0.019128 0.014706 0.018374 0.016371 0.016104 0.01331 0.020436 0.01673 0.017701 0.025204 0.032048 0.027852 0.027204 0.01926 0.020286 0.025169 0.020725 0.024975 0.026967 0.026548 0.02316 0.021478 0.017441 0.018406 0.014165 0.02006 0.018642 0.022463 0.024415 0.030472 0.028091 0.030456 0.032707 0.031683 0.037181 0.038296 0.039825 0.043585 0.045605 0.053411 0.044966 0.031726 0.033767 0.033241 0.026324 0.020078 0.019833 0.026002 0.025383 0.028299 0.025753 0.024109 0.02043 0.013996 0.011597 0.014925 0.017445 0.017574 0.017848 0.016413 0.018665 0.010724 0.008239 0.012702 0.007681 0.011151 0.013682 0.011783 0.0086411 0.0061104 0.0087728 0.0090229 0.00022094 0.0048273 0.0074906 0.0040859 0.0078078 0.0089369 0.0063969 0.0055131 0.0069385 0.0026347 0.0086409 0.011135 0.011719 0.011565 0.0073005 0.0036051 0.0061357 0.011093 0.01849 0.018948 0.021024 0.019882 0.016357 0.016827 0.022275 0.0197 0.019687 0.017421 0.018253 0.031883 0.03102 0.025024 0.016961 0.010817 0.015746 0.01908 0.025144 0.017328 0.013865 0.020746 0.023411 0.020422 0.011518 0.0082781 0.010333 0.0062775 0.012554 0.013559 0.0087951 0.011093 0.0094391 0.011928 0.014703 0.0027046 0.0037228 0.0062046 0.00085287 -0.00055804 0.0018775 0.0035802 0.0013935 0.0024154 0.004643 0.0067042 0.004721 0.006895 0.0070954 0.00088455 0.003938 0.011932 0.0038555 0.0029707 -0.0014486 -0.0034764 -0.00057619 0.006531 0.0023785 -0.0019011 0.00041868 0.0022856 0.002641 0.0019881 -0.0012115 0.0035734 -0.0082629 -0.0057429 -0.0064828 -0.0046702 0.0036347 0.0066602 0.0048991 5.9017e-05 -0.00050322 0.003465 0.0067131 0.0028963 0.005331 0.0020056 -9.0827e-06 -0.0030408 0.0041865 0.00074551 -0.0033066 -0.0030234 0.0034663 0.00999 0.0043624 0.0046371 0.002829 0.0030082 0.0041741 0.0012397 -0.00019712 0.0022705 -0.00041908 -0.00065586 -0.0040043 0.0036006 0.005323 -0.0036824 -0.0032037 -0.0062173 -0.0060415 -0.0011567 -0.0014208 0.0013007 0.001868 0.0049893 -0.004791 -0.0098746 -0.0046922 0.0014691 -0.0012637 0.000927 0.0063685 0.0025367 -0.0036201 0.00022108 0.0012676 0.00030274 -0.0067604 -0.0056462 -0.0043274 -0.0061346 -0.0027658 -0.0072399 -0.0055611 -0.0036349 0.0020749 0.0020631 0.00023531 -0.00063332 -0.0033017 -0.0036563 -0.00099995 -0.0018465 -0.0023433 0.0012556 0.0031923 0.0015232 0.0011602 0.0029686 0.0011575 -0.0022072 0.00014191 0.0047927 0.0030666
-0.0004136 0.0025498 0.0043702 0.012709 0.016779 0.010603 0.006367 0.00051071 -0.0061068 0.0025712 0.0072593 0.0038656 -0.0022592 -0.010347 -0.0083548 0.0014921 -0.0027365 -0.0016612 -0.0044405 0.0032439 0.013758 0.018646 0.023017 0.028047 0.034791 0.034547 0.035666 0.033627 0.027932 0.027103 0.022525 0.023226 0.020638 0.024927 0.023142 0.021293 0.01792 0.03222 0.034305 0.034372 0.03635 0.025693 0.02733 0.02363 0.018835 0.016652 0.01049 0.013179 0.012251 0.013376 0.0052392 0.008445 0.011156 0.012733 0.011468 0.015525 0.015807 0.028942 0.033502 0.032498 0.034645 0.035275 0.03936 0.043753 0.033581 0.036893 0.040329 0.043659 0.041986 0.043376 0.040234 0.037649 0.037973 0.05042 0.046301 0.040654 0.041274 0.035813 0.044531 0.048331 0.050315 0.052124 0.062699 0.06405 0.070326 0.072167 0.08787 0.09244 0.089746 0.098777 0.093615 0.095128 0.093016 0.08804 0.083106 0.083124 0.082736 0.077352 0.077821 0.072058 0.071166 0.072362 0.061378 0.056915 0.056432 0.050876 0.052769 0.059453 0.056901 0.06861 0.069021 0.075132 0.073812 0.084712 0.088379 0.089973 0.082321 0.077406 0.076357 0.074497 0.073531 0.066718 0.061207 0.056089 0.056328 0.045675 0.047676 0.04601 0.047512 0.05818 0.055793 0.056295 0.06078 0.064274 0.059751 0.06114 0.072327 0.067055 0.059805 0.062116 0.06215 0.060314 0.066684 0.073036 0.066646 0.067188 0.071532 0.072123 0.073894 0.07519 0.064783 0.061991 0.06314 0.060918 0.056722 0.048221 0.045328 0.04704 0.046261 0.050544 0.043699 0.038327 0.041016 0.040789 0.044085 0.046327 0.050645 0.05446 0.049043 0.048651 0.045822 0.051092 0.042967 0.037921 0.045565 0.038943 0.038882 0.034524 0.031374 0.022032 0.018301 0.015035 0.017636 0.028958 0.033711 0.035239 0.038957 0.045112 0.045919 0.051258 0.062477 0.067138 0.068146 0.076306 0.078405 0.094855 0.093856 0.095994 0.10135 0.1012 0.098719 0.09748 0.082098 0.075492 0.067767 0.056821 0.050082 0.036693 0.031575 0.02612 0.024627 0.013086 0.0155 0.020653 0.018392 0.013444 0.01212 0.018091 0.017445 0.016838 0.017748 0.034539 0.039121 0.041982 0.062151 0.074673 0.09138 0.094697 0.09779 0.10046 0.10495 0.096405 0.081152 0.06793 0.059105 0.050175 0.051416 0.047536 0.043858 0.03789 0.032326 0.023908 0.034456 0.026978 0.026574 0.02771 0.020942 0.019073 0.014713 0.012266 0.013771 0.014081 0.0079755 0.0087796 0.0058758 0.0067683 0.0065472 0.012248 0.020024 0.0076239 0.006365 0.0062128 0.0078975 0.013851 0.012326 0.017135 0.014786 0.017025 0.011243 0.016539 0.0050634 0.0084388 0.0054689 0.013374 0.015336 0.017168 0.018116 0.01848 0.024312 0.026162 0.019037 0.018427 0.02104 0.024446 0.023593 0.023916 0.024992 0.019172 0.022771 0.033433 0.024045 0.017335 0.02191 0.012851 0.017423 0.013773 0.019426 0.013373 0.019505 0.021714 0.013691 0.016581 0.021433 0.025017 0.01877 0.020337 0.020154 0.025694 0.025592 0.03618 0.024943 0.029164 0.024557 0.024828 0.02761 0.028986 0.031512 0.026982 0.020584 0.022832 0.022449 0.017484 0.017054 0.024961 0.027663 0.031024 0.021338 0.025775 0.03312 0.036645 0.043553 0.045253 0.045477 0.054726 0.056707 0.054627 0.054363 0.050911 0.0446 0.038556 0.048058 0.047613 0.037041 0.040115 0.036137 0.036867 0.034669 0.04134 0.036611 0.030489 0.034467 0.027652 0.028271 0.025391 0.029669 0.02733 0.02652 0.036009 0.033028 0.032986 0.035209 0.035021 0.033362 0.041999 0.040751 0.04141 0.042152 0.046266 0.054257 0.054012 0.061098 0.058033 0.054405 0.050834 0.050097 0.055142 0.054594 0.053 0.055182 0.065939 0.071624 0.074435 0.079065 0.08413 0.084129 0.082303 0.081087 0.075742 0.066951 0.059314 0.052171 0.043866 0.044523 0.031675 0.022296 0.030692 0.038396 0.027102 0.018866 0.014625 0.01935 0.025068 0.02654 0.025863 0.02371 0.020703 0.017902 0.010197 0.010019 0.016918 0.017877 0.022547 0.024038 0.020695 0.024071 0.021071 0.02015 0.014373 0.011506 0.015921 0.012569 0.0085935 0.012746 0.019472 0.019766 0.01432 0.016947 0.020687 0.019255 0.018636 0.020177 0.024404 0.023564 0.024479 0.024347 0.022248 0.014877 0.0064947 0.012143 0.016263 0.013282 0.017274 0.019184 0.026802 0.023463 0.021452 0.015457 0.018309 0.022735 0.020747 0.021597 0.01831 0.014338 0.018423 0.017752 0.013329 0.017785 0.016063 0.016178 0.015369 0.023712 0.022981 0.023857 0.029542 0.039735 0.035887 0.035006 0.030542 0.030752 0.035689 0.031468 0.034708 0.036672 0.034629 0.033349 0.02916 0.024634 0.02326 0.021473 0.026934 0.026793 0.025245 0.028834 0.038365 0.034241 0.038158 0.038664 0.040292 0.047239 0.044575 0.043207 0.048615 0.04681 0.052297 0.042679 0.029021 0.028111 0.025452 0.023946 0.020054 0.018179 0.0253 0.025465 0.025942 0.024394 0.027556 0.024645 0.01447 0.01385 0.016382 0.016594 0.018708 0.0188 0.019113 0.017364 0.0093413 0.0081804 0.010726 0.0066928 0.014001 0.015593 0.010454 0.0081284 0.0034974 0.0085121 0.0074206 -0.00073802 0.0059356 0.0068347 0.002449 0.0051793 0.0055265 0.0020987 2.3103e-05 -0.00076195 -0.0026524 0.0079923 0.0054372 0.0078937 0.0091143 0.0058406 0.0027129 0.0045392 0.0098084 0.015634 0.014245 0.013779 0.016431 0.015723 0.01406 0.018241 0.0155 0.01513 0.014215 0.014378 0.029239 0.030782 0.025895 0.016162 0.009033 0.013782 0.0161 0.023017 0.016432 0.015343 0.020731 0.021798 0.015654 0.0085332 0.0078358 0.0084806 0.0061546 0.0095149 0.0094739 0.0066539 0.0085244 0.0070499 0.0087777 0.012987 -0.0023952 -0.00089878 0.0031995 -0.0024827 -0.0011744 -0.00010159 0.001906 0.0027986 4.7142e-05 0.0013368 0.0038995 0.001493 0.0064666 0.0085107 0.00056795 0.0017085 0.010601 0.0023581 0.0033546 0.0014977 -0.0021685 -0.0016742 0.0078446 0.001839 -0.0030613 -0.00076967 0.00085527 0.001787 -0.0028246 -0.0047309 0.0016244 -0.010247 -0.0071143 -0.0081898 -0.0066686 -0.0016091 -0.00035077 0.0024764 0.00066818 -0.0029525 0.00053968 0.0053052 0.0015777 0.0056926 0.0010119 -0.0011601 -0.00080791 0.0068556 0.0023172 -0.0059916 -0.0064271 0.00061558 0.0076131 0.0064364 0.0054818 0.0010332 0.00070434 0.0035937 0.002198 0.00032683 -0.00033812 -0.0017956 -0.0012408 -0.0053319 0.0048268 0.0066168 -0.0048516 -0.004091 -0.007652 -0.0096192 -0.0026387 -0.00099472 0.0018074 0.001803 0.0052902 -0.0060507 -0.011116 -0.0034539 0.0011597 -0.00072789 0.0014038 0.0075085 0.0042214 -0.0019713 0.0032123 -7.6014e-05 6.6997e-05 -0.0025267 -0.0033135 -0.0035264 -0.0073266 -0.0051048 -0.0092873 -0.0063528 -0.0018432 -0.00034836 0.0018284 0.00013688 0.00084464 -0.00077076 -0.0028494 -0.00069792 -0.0036285 -0.0048023 -0.00027909 0.00077794 0.00047022 0.0011155 -0.00088847 -0.00032945 -0.0042758 -0.0024323 0.0063705
-0.0015967 -0.0030755 0.001157 0.0031609 0.0011906 0.004778 0.0097575 0.0079347 0.0072231 -0.00068474 -0.0083712 0.0071925 0.012164 0.008197 0.0037768 -0.0091506 -0.0077491 0.0045639 -1.4823e-05 -0.0025738 -0.0055795 0.0062236 0.015247 0.019037 0.020533 0.025142 0.030014 0.028885 0.030898 0.026915 0.022759 0.025162 0.019816 0.020424 0.018315 0.024896 0.024661 0.022815 0.017791 0.029704 0.029611 0.03061 0.033295 0.021804 0.025257 0.024936 0.022267 0.021492 0.01605 0.020142 0.020964 0.021769 0.010495 0.014003 0.017075 0.018436 0.018388 0.022277 0.021766 0.03402 0.034945 0.033929 0.038819 0.039537 0.04441 0.049196 0.040703 0.041342 0.047109 0.048463 0.048978 0.047731 0.042366 0.038988 0.037206 0.053394 0.04666 0.040503 0.042123 0.03684 0.049467 0.050629 0.05065 0.056519 0.068416 0.069066 0.078268 0.083159 0.096779 0.097995 0.0917 0.10464 0.096627 0.09654 0.09575 0.088749 0.079361 0.081055 0.082621 0.076898 0.07824 0.072137 0.072716 0.074921 0.064308 0.061542 0.059111 0.054176 0.055724 0.067821 0.061603 0.07352 0.07468 0.078804 0.077683 0.090243 0.092246 0.096554 0.085799 0.078693 0.072372 0.073478 0.07279 0.064189 0.059457 0.056191 0.056612 0.047505 0.045972 0.046978 0.04917 0.055637 0.053794 0.056844 0.063439 0.065935 0.062308 0.061433 0.072295 0.066876 0.056371 0.060547 0.057302 0.058772 0.06531 0.072032 0.068004 0.07198 0.07516 0.072809 0.075146 0.073925 0.058765 0.055322 0.057037 0.05619 0.052291 0.044331 0.039187 0.043301 0.046901 0.052745 0.044502 0.04132 0.045092 0.045071 0.048273 0.050271 0.052603 0.057598 0.049672 0.052367 0.048258 0.048691 0.043121 0.038301 0.043283 0.037264 0.040199 0.034492 0.032404 0.022942 0.019333 0.018699 0.01955 0.027398 0.033724 0.03607 0.043152 0.051687 0.055975 0.061802 0.07006 0.075722 0.076742 0.085815 0.08515 0.10085 0.10271 0.099973 0.096156 0.090843 0.08963 0.089505 0.069327 0.062299 0.055615 0.045557 0.039722 0.03056 0.027635 0.021085 0.019496 0.010919 0.012526 0.019922 0.01841 0.011225 0.0099684 0.018404 0.019962 0.01761 0.014963 0.031345 0.040814 0.049759 0.071273 0.086208 0.10043 0.099373 0.097942 0.097335 0.10006 0.090962 0.07212 0.060164 0.050405 0.037031 0.037516 0.038253 0.035075 0.031339 0.026864 0.019605 0.028308 0.023787 0.020593 0.022559 0.019589 0.02002 0.013253 0.01208 0.012087 0.015882 0.0076214 0.0089641 0.0070465 0.0048801 0.001863 0.0080632 0.017268 0.0044978 0.0064444 0.0023399 0.0047522 0.013772 0.01226 0.011327 0.012154 0.016426 0.010071 0.014953 0.0016348 0.0063691 0.0081678 0.013458 0.01462 0.015419 0.014941 0.019153 0.024626 0.025172 0.017568 0.019621 0.020451 0.024452 0.022567 0.024999 0.026342 0.020036 0.021348 0.035473 0.024241 0.01575 0.022213 0.013356 0.020226 0.012556 0.015446 0.0095772 0.016994 0.022393 0.012685 0.015941 0.019159 0.023723 0.020555 0.024105 0.021448 0.027344 0.026972 0.040101 0.029009 0.02997 0.024823 0.029085 0.032203 0.032164 0.032513 0.030441 0.02368 0.02702 0.024302 0.017027 0.01686 0.02537 0.026288 0.028703 0.02222 0.024496 0.031158 0.03405 0.043749 0.042969 0.041055 0.048381 0.05502 0.053414 0.053283 0.04897 0.039795 0.036351 0.044512 0.044522 0.030727 0.036238 0.03494 0.034081 0.033969 0.037963 0.029632 0.024412 0.030654 0.023898 0.028805 0.021965 0.02544 0.022709 0.024052 0.031845 0.030868 0.030383 0.035549 0.031384 0.031968 0.041985 0.036647 0.034963 0.038828 0.044747 0.053845 0.04919 0.056866 0.058229 0.051519 0.047867 0.047933 0.054007 0.055355 0.048922 0.051307 0.061851 0.067453 0.070481 0.077284 0.079748 0.079301 0.077068 0.075345 0.067754 0.056471 0.050953 0.043746 0.034 0.034121 0.023429 0.013998 0.023843 0.032446 0.020343 0.014738 0.0086145 0.016368 0.022201 0.022095 0.019329 0.018712 0.012837 0.012851 0.0054433 0.0076089 0.013215 0.014297 0.02128 0.020094 0.017039 0.020073 0.013851 0.013044 0.012336 0.0088278 0.014322 0.013468 0.007685 0.012868 0.020915 0.020807 0.016934 0.016552 0.021647 0.020607 0.019894 0.020089 0.027022 0.026497 0.026563 0.024697 0.019666 0.011699 0.0056261 0.012135 0.017661 0.017935 0.017285 0.018579 0.026638 0.020751 0.019852 0.012994 0.012821 0.019847 0.016234 0.019566 0.019159 0.011136 0.015618 0.015123 0.013657 0.016868 0.016993 0.013805 0.015217 0.024593 0.02683 0.027924 0.032125 0.043866 0.042456 0.040972 0.040346 0.039749 0.043245 0.04242 0.043456 0.044949 0.041947 0.043732 0.037166 0.03402 0.031436 0.030199 0.034531 0.034343 0.02623 0.033015 0.044831 0.037446 0.043688 0.041539 0.04578 0.055747 0.049378 0.0452 0.048677 0.045433 0.047092 0.03715 0.023771 0.021888 0.018251 0.021966 0.020673 0.016167 0.023005 0.026725 0.022913 0.02374 0.029076 0.027153 0.014091 0.01674 0.017565 0.015598 0.019356 0.017698 0.020443 0.014634 0.0069448 0.0094527 0.0095185 0.0077471 0.016276 0.015714 0.0092767 0.0075633 0.0016404 0.0071446 0.005265 -0.0016675 0.0073844 0.0050045 0.00046306 0.00214 0.0029101 -0.00018503 -0.0056842 -0.0085525 -0.0064653 0.0075056 0.00015733 0.0041055 0.0060226 0.0041826 0.0019022 0.0031925 0.0095199 0.012936 0.010305 0.0067846 0.015022 0.01685 0.012846 0.014268 0.012026 0.011657 0.011863 0.010526 0.025132 0.030412 0.027621 0.016293 0.0097432 0.013759 0.014578 0.021522 0.016438 0.017378 0.020142 0.019282 0.0098678 0.0068505 0.0084295 0.0073864 0.008079 0.0070762 0.0049692 0.0057567 0.007892 0.0055387 0.0048069 0.0091871 -0.0059246 -0.0038602 0.0010791 -0.0040388 -0.00045592 -0.0020031 0.00072267 0.0053619 -0.0026475 -0.0023926 0.00057154 -0.0031387 0.0044975 0.0093984 0.0014168 0.00045174 0.0088302 0.00075538 0.0045357 0.0053265 0.00014496 -0.0013564 0.011115 0.0028806 -0.0041274 -0.0014905 -0.00093287 -0.00097777 -0.0084828 -0.007758 7.7236e-05 -0.01107 -0.0078259 -0.0094683 -0.008692 -0.0074771 -0.007123 0.0022391 0.0035964 -0.0052718 -0.0024675 0.0046168 0.0016018 0.0055067 -6.9738e-05 -0.00073317 0.0031117 0.012154 0.0056155 -0.0070976 -0.0074345 -0.00074162 0.0059163 0.0074492 0.0050512 0.00032522 -0.001537 0.0022515 0.0033729 0.00011787 -0.0033015 -0.0026564 -0.00085602 -0.0051581 0.0044674 0.0064771 -0.0051373 -0.0038546 -0.0076315 -0.011809 -0.0061791 -0.0019372 0.0016134 0.0017619 0.0041403 -0.0066405 -0.010921 -0.0025559 -0.0017462 -0.00081058 5.406e-05 0.0067914 0.0062861 -0.00026328 0.0046099 -0.0020378 -0.00057742 0.0012363 -0.00047385 -0.002182 -0.0077589 -0.00656 -0.0096063 -0.0060203 0.00045646 -0.0029631 0.00090387 -0.00059274 0.0026038 0.0032396 -0.0018642 -0.00060355 -0.0048184 -0.0061875 -0.00069537 -0.0017261 -0.00067097 0.00095226 -0.0036428 0.00048773 -0.0046635
-0.0039899 0.00029931 0.0071254 0.0078642 0.0016835 0.00036416 0.0090667 0.010769 0.014297 0.0038082 -0.0050882 0.013649 0.019525 0.016268 0.011801 -0.0054591 -0.0053154 0.010608 0.0046949 -0.0015413 -0.0019406 0.013168 0.01581 0.020769 0.018785 0.028158 0.030578 0.029234 0.030831 0.023441 0.020491 0.026155 0.020291 0.020299 0.01703 0.025013 0.027273 0.028226 0.023328 0.030857 0.028604 0.03056 0.032251 0.023281 0.027091 0.028065 0.027709 0.028624 0.021654 0.024105 0.02633 0.025036 0.013862 0.018341 0.02085 0.021088 0.023433 0.028294 0.030483 0.038853 0.033722 0.034288 0.041917 0.044385 0.049125 0.054474 0.047677 0.046565 0.055524 0.052863 0.054793 0.051702 0.045247 0.041462 0.036919 0.056222 0.049273 0.042293 0.044754 0.038914 0.056807 0.052476 0.048664 0.060743 0.072706 0.072168 0.084721 0.093437 0.1042 0.10386 0.094413 0.11089 0.099099 0.097606 0.099177 0.091327 0.078834 0.083206 0.08403 0.078583 0.077718 0.072858 0.075844 0.078242 0.068789 0.069058 0.063209 0.059556 0.060109 0.076319 0.066052 0.076298 0.079895 0.080494 0.07997 0.093045 0.093256 0.10154 0.088141 0.080639 0.069061 0.074022 0.073502 0.062213 0.056707 0.057043 0.058131 0.050414 0.046085 0.05055 0.05318 0.051079 0.05145 0.058895 0.06596 0.064492 0.064341 0.062463 0.072708 0.067606 0.053706 0.05882 0.055616 0.06083 0.06381 0.07142 0.07044 0.080008 0.080567 0.074484 0.07602 0.072309 0.053403 0.051488 0.053389 0.054162 0.049481 0.043508 0.034234 0.040563 0.048664 0.053438 0.045293 0.045199 0.050755 0.05207 0.054169 0.056274 0.055285 0.059526 0.051573 0.057149 0.051214 0.044415 0.040935 0.037346 0.037607 0.035063 0.040591 0.035488 0.034188 0.026847 0.021276 0.020798 0.018897 0.0232 0.032853 0.037911 0.04718 0.058064 0.065567 0.071461 0.077446 0.085287 0.085584 0.093108 0.090322 0.10467 0.10899 0.10146 0.087423 0.077298 0.075243 0.075777 0.053302 0.045975 0.040694 0.036254 0.031825 0.027829 0.026915 0.020514 0.017682 0.013969 0.014934 0.02236 0.019549 0.010486 0.0086427 0.020498 0.022915 0.020115 0.013695 0.027159 0.040853 0.058605 0.078727 0.094833 0.10512 0.097774 0.093692 0.08687 0.086117 0.079899 0.061673 0.050991 0.042834 0.026511 0.025667 0.029844 0.027392 0.024488 0.023904 0.017602 0.021402 0.018594 0.013778 0.015576 0.016423 0.020183 0.0095923 0.010075 0.010129 0.01607 0.0073489 0.0078463 0.0075308 0.0029651 -0.0032153 0.0044023 0.013066 0.00046283 0.0047123 -0.0026597 0.0018317 0.012759 0.013171 0.0066995 0.010345 0.016252 0.0075346 0.012927 -0.0024722 0.0031152 0.012679 0.012887 0.014929 0.013452 0.010827 0.019696 0.024689 0.024693 0.016805 0.021181 0.020905 0.02285 0.02142 0.025331 0.029553 0.022441 0.022055 0.03676 0.024215 0.015175 0.022781 0.01588 0.020658 0.0093073 0.010283 0.0063237 0.013928 0.02283 0.011435 0.013117 0.015405 0.023301 0.023556 0.026765 0.022454 0.026692 0.028306 0.042332 0.032033 0.02885 0.022977 0.032351 0.037776 0.0377 0.035186 0.034935 0.028998 0.032567 0.025387 0.016614 0.017843 0.024746 0.022525 0.024381 0.023572 0.023546 0.029285 0.031151 0.042249 0.038961 0.033589 0.039278 0.051978 0.051221 0.049738 0.045295 0.033507 0.036533 0.040866 0.039127 0.024082 0.030891 0.032514 0.030795 0.032142 0.034279 0.021558 0.019214 0.025454 0.019431 0.027864 0.018206 0.018316 0.016019 0.023942 0.026806 0.027874 0.025416 0.036277 0.029017 0.028619 0.040347 0.033722 0.029575 0.035573 0.043136 0.051338 0.04447 0.050511 0.055443 0.045377 0.044752 0.047553 0.052004 0.055607 0.044805 0.04609 0.057011 0.061573 0.061807 0.072518 0.069674 0.069903 0.066455 0.066911 0.057979 0.045614 0.043306 0.036928 0.026438 0.025098 0.019201 0.010891 0.017517 0.026212 0.015644 0.012532 0.004652 0.013095 0.017878 0.015658 0.011414 0.013197 0.0025965 0.0047015 -5.3935e-05 0.0062353 0.0086977 0.0089108 0.017557 0.015049 0.0134 0.014291 0.0035265 0.0048575 0.010667 0.0069011 0.01179 0.015917 0.0081578 0.013604 0.020177 0.020199 0.018879 0.014408 0.020867 0.019398 0.017355 0.018214 0.028313 0.027667 0.025934 0.021256 0.014349 0.0066361 0.0039841 0.012368 0.018037 0.022623 0.015508 0.014853 0.022297 0.015131 0.015615 0.0085054 0.0052664 0.014751 0.0097274 0.0158 0.019247 0.0076983 0.010499 0.012218 0.015813 0.016639 0.019067 0.010486 0.012476 0.023145 0.027429 0.029067 0.032724 0.043578 0.046143 0.043654 0.046153 0.044693 0.046151 0.050611 0.049182 0.050469 0.047163 0.052128 0.043533 0.043995 0.040948 0.037418 0.041144 0.039464 0.026026 0.035835 0.048328 0.036951 0.04622 0.041212 0.046471 0.060335 0.051711 0.046429 0.044198 0.042011 0.039822 0.02909 0.016938 0.017171 0.013398 0.021071 0.022374 0.013377 0.019472 0.028479 0.019175 0.02407 0.028747 0.0266 0.011711 0.018639 0.017998 0.015356 0.018229 0.014568 0.019991 0.0098456 0.0028312 0.010709 0.0081967 0.009295 0.014803 0.011428 0.0064956 0.0057511 0.00025318 0.0039479 0.0018714 -0.0038947 0.0078127 0.0022269 -0.0022257 -0.00044723 0.0020135 0.0013631 -0.010269 -0.014538 -0.0075008 0.0064857 -0.0039368 0.00066626 0.0020731 0.0015067 -0.00012665 0.001558 0.008941 0.01053 0.0076941 0.0011924 0.015215 0.019105 0.012695 0.0091901 0.0093667 0.0088066 0.0096639 0.0071985 0.020026 0.030251 0.029499 0.017448 0.012605 0.014515 0.013802 0.020049 0.015954 0.01707 0.018198 0.016464 0.0054951 0.0079257 0.0090712 0.0062803 0.010279 0.0056103 0.0014361 0.0050517 0.0087146 0.0048577 0.00038952 0.0030306 -0.0081121 -0.0055784 -0.00033925 -0.0037741 0.0010343 -0.0038344 0.00060145 0.0091646 -0.0044994 -0.0056212 -0.00264 -0.0076244 0.0005855 0.0082519 0.0034195 0.00059254 0.007149 -0.00046158 0.0045001 0.007213 0.0027654 0.0008149 0.016425 0.0046797 -0.0055893 -0.001536 -0.0025686 -0.0045323 -0.012691 -0.0092128 -0.00020252 -0.010297 -0.0081928 -0.011171 -0.01152 -0.012721 -0.012068 0.0051989 0.0081981 -0.0075331 -0.0051283 0.0049221 0.0024112 0.0037742 -0.00107 0.0006248 0.0077843 0.019801 0.01051 -0.0055529 -0.0053406 -0.00048792 0.0047155 0.0054472 0.0023583 0.00022887 -0.0032304 1.3284e-05 0.0034783 -0.0023344 -0.0064694 -0.0023422 0.00049658 -0.0036529 0.0021424 0.003635 -0.0055516 -0.0027848 -0.0066833 -0.011877 -0.011431 -0.0040255 0.001323 0.0026751 0.0017198 -0.0057381 -0.0080664 -0.0017956 -0.006195 -0.0014963 -0.0024327 0.0044856 0.0074153 0.00060591 0.0038258 -0.0035401 -0.001481 0.0034146 0.0016225 -0.00025049 -0.0070226 -0.0059741 -0.0085033 -0.0041865 0.0023396 -0.0044792 0.00015514 -0.00052883 0.0048167 0.0085647 -0.000648 -0.00051231 -0.0046679 -0.0049524 0.0011329 -0.0022422 -0.00078832 0.00092434 -0.0048124 0.0031948 -0.0026138
0.0011044 0.010706 0.017692 0.01844 0.0057861 0.0024727 0.017973 0.021035 0.028903 0.015427 0.0047251 0.021669 0.028828 0.02697 0.019817 0.00051295 -0.0027686 0.016185 0.0091939 -0.0009322 0.0037258 0.020572 0.010648 0.019937 0.015398 0.035474 0.034354 0.033904 0.034233 0.021419 0.018898 0.028699 0.024384 0.022817 0.015662 0.02325 0.02739 0.033912 0.030556 0.033127 0.029743 0.033015 0.03222 0.030281 0.032767 0.033361 0.036759 0.037394 0.027647 0.024628 0.027333 0.022873 0.016361 0.022499 0.024111 0.021359 0.027751 0.035888 0.04335 0.044638 0.031595 0.034885 0.044059 0.0498 0.05267 0.058292 0.053136 0.051781 0.065069 0.057217 0.057347 0.053186 0.049309 0.044397 0.037163 0.057385 0.054277 0.047689 0.049482 0.042187 0.065555 0.052733 0.045291 0.063902 0.076054 0.074029 0.090093 0.1019 0.11035 0.11167 0.10066 0.11844 0.10193 0.098712 0.10384 0.096896 0.083615 0.091156 0.087583 0.082371 0.075827 0.072957 0.079201 0.081176 0.074589 0.079208 0.06848 0.067088 0.064762 0.08159 0.069004 0.075322 0.084328 0.081445 0.082227 0.094118 0.092411 0.10353 0.087872 0.08386 0.069055 0.078516 0.076765 0.061371 0.052605 0.057605 0.059534 0.0538 0.047191 0.054751 0.059316 0.045957 0.048608 0.061765 0.06678 0.059078 0.065233 0.064246 0.073647 0.069824 0.051739 0.055985 0.057584 0.065911 0.062451 0.072289 0.073373 0.090663 0.086376 0.077398 0.074907 0.068675 0.048366 0.050021 0.050928 0.054246 0.047805 0.044336 0.029543 0.038946 0.050758 0.051024 0.044445 0.048865 0.055876 0.060258 0.060845 0.062182 0.059443 0.059851 0.054064 0.061134 0.053483 0.038406 0.034418 0.032942 0.028136 0.03112 0.038651 0.035818 0.036004 0.032717 0.023145 0.020385 0.015071 0.019111 0.032466 0.041269 0.051065 0.063977 0.074745 0.078327 0.083345 0.093851 0.092876 0.095563 0.092033 0.10609 0.1108 0.099824 0.077852 0.064667 0.057204 0.056484 0.034952 0.02821 0.024597 0.029495 0.027226 0.027486 0.027892 0.023592 0.018951 0.020574 0.02323 0.027583 0.021045 0.01034 0.0079099 0.024172 0.024834 0.022074 0.013275 0.024068 0.040089 0.066266 0.081399 0.097555 0.10379 0.090252 0.087683 0.071139 0.0664 0.065504 0.051589 0.039784 0.03655 0.020779 0.017259 0.022346 0.021505 0.016003 0.022025 0.016539 0.01421 0.010297 0.0075304 0.0078747 0.010821 0.019944 0.0054909 0.0066 0.0086956 0.013977 0.0073475 0.0063916 0.0075631 0.00081457 -0.0087568 0.0020359 0.0083874 -0.0036232 0.0014551 -0.0075254 -8.9149e-05 0.010367 0.01385 0.0057874 0.010837 0.016369 0.0036922 0.010085 -0.0072408 -0.0013669 0.017774 0.011082 0.016375 0.011981 0.0059222 0.019951 0.026049 0.024824 0.016214 0.022377 0.02237 0.018587 0.020411 0.025663 0.035255 0.025908 0.025681 0.036365 0.022338 0.01391 0.022467 0.017573 0.016595 0.0035505 0.0058396 0.0052608 0.010461 0.023251 0.0098613 0.0078432 0.010898 0.023709 0.028193 0.027321 0.022391 0.023208 0.028375 0.040977 0.032064 0.025041 0.017262 0.03175 0.042238 0.043608 0.037958 0.039474 0.035117 0.037332 0.024493 0.01655 0.019889 0.022556 0.015418 0.017626 0.02387 0.022265 0.028857 0.03078 0.040025 0.036167 0.025904 0.03158 0.048564 0.049032 0.045181 0.040353 0.026316 0.038933 0.038773 0.032879 0.01742 0.024899 0.02759 0.025261 0.028413 0.031491 0.011593 0.014342 0.018635 0.014657 0.024852 0.013598 0.010147 0.00812 0.026215 0.020986 0.023381 0.017738 0.038273 0.027733 0.022996 0.035937 0.033564 0.026889 0.032624 0.042468 0.047471 0.042097 0.044373 0.048772 0.034376 0.040993 0.048626 0.048383 0.054679 0.042713 0.041221 0.053067 0.054231 0.049049 0.063608 0.053061 0.054777 0.049641 0.055365 0.047533 0.035242 0.035355 0.030845 0.021989 0.017219 0.018074 0.012538 0.011782 0.01998 0.013388 0.011996 0.0018682 0.008313 0.011193 0.0066918 0.0024949 0.0067829 -0.0091408 -0.006524 -0.0073329 0.0051164 0.0021043 0.001531 0.010453 0.0099827 0.0099919 0.0064123 -0.0088809 -0.0038942 0.0095869 0.0054174 0.0077563 0.01928 0.0098648 0.013452 0.015275 0.015767 0.017325 0.0094242 0.017455 0.013739 0.0099626 0.013648 0.028076 0.026646 0.022402 0.016431 0.008562 0.00091577 0.0014134 0.013754 0.01764 0.026015 0.011611 0.0082362 0.014475 0.0075448 0.009465 0.0026736 -0.0027707 0.0077407 0.0012707 0.009296 0.016995 0.0041635 0.0033487 0.010203 0.018224 0.017986 0.02088 0.0087567 0.0073466 0.019616 0.024279 0.026806 0.030783 0.038381 0.045424 0.042247 0.046578 0.043772 0.044429 0.053198 0.049819 0.051818 0.048565 0.055807 0.046463 0.052147 0.047754 0.038749 0.043537 0.039898 0.024442 0.036075 0.047466 0.032409 0.045152 0.037447 0.040892 0.059061 0.051281 0.047252 0.03655 0.037592 0.033423 0.019909 0.0099607 0.015962 0.01198 0.022309 0.026082 0.010232 0.01597 0.029374 0.015551 0.026336 0.028509 0.023846 0.0075481 0.018606 0.017849 0.016926 0.015059 0.01076 0.01837 0.0030939 -0.0024919 0.011229 0.0062589 0.0087734 0.0070374 0.000836 -0.00028813 0.00054637 -0.002359 -0.0023421 -0.0038188 -0.0095436 0.0054189 -0.001257 -0.0061869 -0.0016147 0.0029575 0.0077213 -0.012228 -0.017114 -0.0054259 0.0036865 -0.0060999 -0.0014913 -0.0029024 -0.002605 -0.004225 -0.00043184 0.0072599 0.0087338 0.0066987 -0.0024056 0.01693 0.022275 0.01227 0.0015497 0.0071578 0.0055135 0.0062788 0.0044981 0.014086 0.030115 0.029979 0.019417 0.016579 0.014701 0.012537 0.01785 0.014133 0.011639 0.01442 0.014642 0.0050243 0.013332 0.0087844 0.0042297 0.010472 0.0050122 0.00019317 0.0030435 0.0099521 0.0049808 -0.0037046 -0.005916 -0.010141 -0.0075158 -0.0017616 -0.0029277 0.0019189 -0.0056727 0.0019788 0.015003 -0.0039047 -0.0080481 -0.0056801 -0.010289 -0.0048263 0.0038164 0.005642 0.0019927 0.0066962 -0.00046701 -8.6237e-05 0.0039497 0.0044502 0.0049715 0.023325 0.005751 -0.0079995 -0.00076533 -0.0029429 -0.0059651 -0.013076 -0.0079199 0.0023898 -0.006926 -0.0088312 -0.01402 -0.015741 -0.015944 -0.014314 0.011187 0.013087 -0.010223 -0.0072701 0.0061828 0.0033133 -0.00027685 -0.001501 0.00097153 0.012256 0.0287 0.015844 -0.00138 -0.0003173 0.0006813 0.0031784 -0.00050653 -0.0027738 0.00025306 -0.0038777 -0.0025242 0.0014305 -0.0074926 -0.0093056 -0.00021597 0.0021188 -0.0014335 -0.0017403 -0.0024541 -0.0067283 -0.0014747 -0.0058798 -0.010242 -0.016953 -0.005401 0.0029427 0.005839 -0.0021016 -0.0025203 -0.0011726 -0.00087917 -0.01059 -0.0029202 -0.0046132 0.0018009 0.0067381 8.3538e-05 0.0012114 -0.0034205 -0.0025065 0.0032638 0.0014452 0.0024571 -0.0049937 -0.002439 -0.007241 -0.00042156 0.0034708 -0.0031343 0.00053806 0.0018124 0.0074491 0.0149 0.0010875 -0.00025084 -0.0022102 0.00033537 0.0056805 0.0012183 0.0016428 0.0019212 -0.0038837 0.0066588 0.0022579
0.015126 0.025197 0.029577 0.032142 0.0091189 0.010328 0.035667 0.036264 0.047951 0.031643 0.018487 0.028667 0.036496 0.036718 0.024718 0.0069515 -0.0038514 0.015214 0.0095959 -0.0046089 0.0065025 0.023801 -0.0053763 0.01064 0.0078831 0.042609 0.036907 0.038283 0.037636 0.017791 0.015079 0.029931 0.031029 0.026853 0.012471 0.017965 0.02182 0.035467 0.033089 0.033149 0.031329 0.036487 0.031435 0.041483 0.039861 0.04037 0.0505 0.045211 0.034168 0.0214 0.023806 0.015929 0.019011 0.02748 0.029564 0.020398 0.032858 0.047377 0.060648 0.051824 0.031795 0.03698 0.045323 0.055747 0.053287 0.0577 0.055535 0.055296 0.074152 0.062364 0.055328 0.048887 0.054615 0.047723 0.038913 0.055807 0.060984 0.057908 0.055968 0.047361 0.07442 0.051255 0.043019 0.063903 0.078666 0.075832 0.094892 0.10775 0.11634 0.12267 0.11249 0.12691 0.1059 0.099052 0.10935 0.10603 0.09389 0.10493 0.092478 0.087418 0.073573 0.071166 0.081344 0.081997 0.080392 0.091303 0.07404 0.076468 0.066732 0.078646 0.067738 0.068911 0.087675 0.083934 0.086519 0.095089 0.091226 0.10002 0.080978 0.08649 0.073907 0.088443 0.081847 0.062531 0.047431 0.056643 0.058218 0.057702 0.048529 0.056286 0.067547 0.043811 0.045743 0.064926 0.064163 0.048927 0.064437 0.066729 0.074369 0.072915 0.049627 0.049376 0.061311 0.070934 0.059873 0.074624 0.076156 0.10197 0.088992 0.079867 0.069032 0.060553 0.040931 0.047206 0.046629 0.054189 0.044605 0.04352 0.022225 0.037277 0.051638 0.0434 0.038845 0.050542 0.057487 0.06748 0.067838 0.063941 0.066186 0.059436 0.056286 0.06226 0.053561 0.029961 0.022013 0.023546 0.015199 0.02406 0.033086 0.03102 0.035933 0.037696 0.023134 0.018251 0.0094465 0.019672 0.034635 0.045576 0.054278 0.069243 0.084732 0.080237 0.08484 0.097303 0.095587 0.088665 0.086672 0.10383 0.10612 0.093554 0.069681 0.056366 0.037543 0.032464 0.015386 0.010962 0.0098438 0.025242 0.026078 0.028264 0.028147 0.028429 0.022218 0.028653 0.037189 0.034481 0.021502 0.0093525 0.007797 0.028161 0.023577 0.019526 0.0099565 0.022834 0.03863 0.069631 0.076521 0.091831 0.095341 0.07768 0.082849 0.053641 0.046602 0.051838 0.043249 0.025791 0.032003 0.022438 0.013409 0.014705 0.01697 0.0039727 0.018368 0.013873 0.0078186 -0.0013461 0.0038456 0.0020489 0.0030033 0.020713 0.0052039 0.0045895 0.009022 0.010549 0.0092802 0.0084075 0.008687 -0.0010289 -0.01523 0.0012131 0.0045707 -0.0068158 -0.0014196 -0.010123 0.00020255 0.0062247 0.010479 0.0094171 0.015001 0.01599 -0.00048477 0.0061319 -0.011903 -0.0072496 0.02122 0.0072948 0.017352 0.011094 6.2409e-05 0.019458 0.030073 0.024053 0.014502 0.022466 0.024291 0.010857 0.019714 0.027917 0.04442 0.029608 0.032139 0.033755 0.016177 0.0083844 0.019052 0.013683 0.0059784 -0.0049669 0.0029927 0.0075683 0.0061209 0.023729 0.0080962 0.0010853 0.0071994 0.023314 0.033876 0.024281 0.020096 0.016658 0.025308 0.034474 0.02744 0.01775 0.0058139 0.024065 0.042466 0.046302 0.03784 0.04254 0.040223 0.0396 0.021319 0.017029 0.021781 0.018202 0.0042043 0.0084117 0.020897 0.019144 0.030673 0.036014 0.038348 0.038593 0.021647 0.030251 0.045967 0.04729 0.040807 0.034742 0.019567 0.041869 0.039421 0.027943 0.011845 0.020536 0.020345 0.016338 0.023021 0.032362 -0.0008628 0.009035 0.011512 0.010677 0.020316 0.0074183 0.0050983 0.00082706 0.031435 0.014522 0.016768 0.0081305 0.042811 0.02571 0.016201 0.028878 0.038398 0.02779 0.02918 0.043618 0.04365 0.043556 0.040176 0.03742 0.017676 0.036272 0.049423 0.041522 0.051948 0.044503 0.039559 0.052477 0.045985 0.034642 0.049259 0.029736 0.032876 0.026258 0.039653 0.037231 0.026676 0.026099 0.024612 0.021276 0.0098277 0.018131 0.018945 0.008507 0.015701 0.013926 0.013132 -0.0010188 0.0012377 0.0024335 -0.0047872 -0.0074528 -0.0016715 -0.021416 -0.01878 -0.016644 0.003013 -0.0073515 -0.0061257 0.00077225 0.0065178 0.0058908 -0.0054284 -0.021976 -0.012337 0.01005 0.0044373 0.0020887 0.022192 0.011319 0.0097448 0.0043388 0.0053772 0.010031 0.00098454 0.010523 0.0025295 -0.001163 0.0071683 0.027914 0.02549 0.018768 0.015809 0.0068691 -0.0028653 -0.00069115 0.018225 0.018076 0.027092 0.0052985 -3.7729e-05 0.0058445 0.0013058 0.004828 -0.0015741 -0.0074778 -0.00013557 -0.008951 -0.00019911 0.010668 9.0269e-05 -0.0059655 0.0095827 0.017149 0.021096 0.01915 0.010805 0.00018163 0.013935 0.016831 0.02076 0.024597 0.027633 0.038673 0.036571 0.041229 0.035594 0.039371 0.047073 0.042598 0.046887 0.043738 0.051411 0.044518 0.055181 0.04571 0.028348 0.036437 0.03248 0.019298 0.032651 0.041037 0.023202 0.040266 0.029347 0.027676 0.050911 0.049067 0.047748 0.027552 0.033727 0.031231 0.012614 0.0048908 0.020956 0.015432 0.027336 0.033401 0.0086185 0.014359 0.027611 0.013899 0.031629 0.030804 0.021944 0.0030236 0.01692 0.017713 0.020619 0.010708 0.0088526 0.017056 -0.0053859 -0.0079005 0.010638 0.0034536 0.0028874 -0.0082645 -0.017082 -0.01437 -0.011813 -0.0092895 -0.01321 -0.013209 -0.021635 -0.0017509 -0.0050071 -0.012258 -0.0012266 0.004704 0.0188 -0.01005 -0.015642 -0.0015163 -0.0028587 -0.0057034 -0.00026621 -0.0085093 -0.0071833 -0.010653 -0.0027414 0.0049549 0.008056 0.0078191 -0.0040552 0.021371 0.02729 0.0095261 -0.0096901 0.0046926 0.00060695 0.00040266 0.0019518 0.0067519 0.028946 0.026311 0.021149 0.019736 0.013665 0.0097833 0.01465 0.011109 -0.0013814 0.0086348 0.015706 0.010102 0.024203 0.0066886 0.0001901 0.0065139 0.0042126 0.001634 -0.0016661 0.010258 0.0057687 -0.0062162 -0.018352 -0.013939 -0.01206 -0.0048496 -0.0053772 -0.00066389 -0.0078967 0.0046298 0.023541 0.00099179 -0.0098035 -0.0084421 -0.0095581 -0.010669 -0.0051187 0.0060456 0.004319 0.0094821 0.0016237 -0.013956 -0.0074197 0.00294 0.010728 0.031423 0.0045189 -0.01189 0.00090532 -0.00019761 -0.0008962 -0.0077106 -0.0030525 0.010038 0.00088912 -0.010441 -0.018099 -0.020813 -0.01615 -0.014515 0.018161 0.01622 -0.013795 -0.0084682 0.0085684 0.0044927 -0.0065088 0.00012799 -0.002666 0.015783 0.03654 0.018648 0.0035804 0.0065895 0.0014186 -8.2757e-05 -0.0094971 -0.0093715 0.00044793 -0.0028127 -0.0035601 -0.0031798 -0.013562 -0.010189 0.0041763 0.0024097 0.00012166 -0.0061822 -0.011327 -0.0084215 -0.00067719 -0.0064487 -0.0086839 -0.020378 -0.0025427 0.010464 0.012515 -0.0079618 0.0037507 0.01095 0.00084383 -0.013057 -0.0053452 -0.0040571 0.0008164 0.0045171 -0.0013996 -0.0015371 -0.00057819 -0.0038735 0.00077079 -0.0019577 0.006256 -0.002462 0.0040839 -0.007446 0.0061118 0.0049016 0.0035742 0.0025636 0.0075597 0.010456 0.022163 0.0039828 -0.00012048 0.003209 0.010571 0.012297 0.010257 0.0086399 0.005484 4.41e-06 0.0093395 0.0098858
0.034075 0.034804 0.036849 0.040395 0.0041336 0.018991 0.056495 0.048933 0.062514 0.045286 0.030627 0.030644 0.036896 0.041003 0.025224 0.012586 -0.010978 0.0027247 0.0030767 -0.014539 0.0019942 0.020355 -0.033182 -0.012441 -0.0032753 0.043494 0.03383 0.036664 0.037038 0.010652 0.0085866 0.027087 0.038033 0.030725 0.0060332 0.0091219 0.010146 0.029575 0.023866 0.028689 0.033511 0.040284 0.027895 0.05381 0.041788 0.046489 0.06692 0.045721 0.039287 0.013192 0.016523 0.0056385 0.021311 0.033189 0.039591 0.01885 0.039007 0.062711 0.079226 0.057523 0.038155 0.039918 0.044289 0.061727 0.048092 0.047228 0.052177 0.05391 0.078329 0.068439 0.049139 0.034073 0.060231 0.053014 0.045546 0.052095 0.066964 0.072652 0.062741 0.056618 0.081877 0.050007 0.046613 0.056822 0.078351 0.078058 0.097848 0.10985 0.12355 0.13605 0.12926 0.13221 0.11046 0.095424 0.11219 0.11706 0.10581 0.12159 0.094744 0.09133 0.074016 0.067069 0.081339 0.077897 0.081328 0.1022 0.076569 0.084784 0.059383 0.060871 0.05702 0.055024 0.08853 0.089773 0.093308 0.095798 0.089965 0.086375 0.059453 0.081772 0.082386 0.10218 0.08457 0.067062 0.042093 0.052777 0.049885 0.062417 0.049625 0.050196 0.076787 0.05061 0.04531 0.068888 0.056678 0.033402 0.061615 0.0701 0.073264 0.073571 0.045989 0.034402 0.061787 0.068883 0.051499 0.075699 0.078411 0.10892 0.08089 0.076366 0.054176 0.045602 0.025498 0.034797 0.035861 0.049141 0.033894 0.035006 0.0071294 0.031881 0.0482 0.026874 0.023187 0.047516 0.051766 0.070143 0.074758 0.05534 0.076034 0.061334 0.057068 0.057877 0.049196 0.016435 0.0043705 0.010435 0.0007881 0.012734 0.022972 0.012491 0.028787 0.035047 0.017506 0.017612 0.007504 0.030809 0.042231 0.048152 0.05365 0.072227 0.096859 0.073625 0.075653 0.088357 0.088509 0.064452 0.067261 0.093826 0.092093 0.079261 0.062969 0.052475 0.01791 0.005503 -0.0028567 -0.0031242 -0.00019889 0.022562 0.026559 0.027961 0.023416 0.030458 0.024335 0.035658 0.054387 0.039912 0.017346 0.0046301 0.0081585 0.028166 0.014664 0.0064495 -0.0037619 0.021514 0.033889 0.064896 0.063588 0.07685 0.078936 0.060342 0.080994 0.03946 0.034827 0.044674 0.036915 0.0093579 0.030986 0.034523 0.014585 0.0037372 0.011261 -0.01359 0.0084617 0.0049252 0.0024793 -0.016525 0.0037263 0.0014383 -0.0060824 0.02337 0.015629 0.0097141 0.011635 0.0088974 0.016669 0.021437 0.013073 -0.00067438 -0.023131 0.0011379 0.003229 -0.0089604 0.00014067 -0.0075562 0.0048789 0.00077161 -0.0034978 0.015274 0.023812 0.014276 -0.0023961 0.0017574 -0.014247 -0.015245 0.019059 0.00037398 0.012737 0.009246 -0.0080608 0.016729 0.036529 0.01853 0.0095361 0.020966 0.025938 0.00096121 0.019367 0.034121 0.056462 0.031464 0.038961 0.029317 0.0026399 -0.0067101 0.0091474 -0.0025031 -0.013237 -0.016408 -0.00093717 0.012338 -0.0016108 0.023602 0.0068196 -0.0038021 0.0072753 0.018075 0.037172 0.014909 0.013624 0.006855 0.01678 0.022671 0.016654 0.0059758 -0.012157 0.0062286 0.034312 0.041153 0.031565 0.043406 0.043246 0.039297 0.017197 0.016802 0.019952 0.010148 -0.010784 -0.0011011 0.013091 0.012911 0.034313 0.048872 0.037623 0.049548 0.024168 0.039513 0.045113 0.044905 0.036559 0.029025 0.015651 0.040804 0.041737 0.026199 0.0098871 0.021561 0.013925 0.0052366 0.016959 0.040883 -0.014682 0.0027758 0.0077733 0.010142 0.017082 -0.0008422 0.0095722 -0.0027707 0.040983 0.0072547 0.0076326 -8.7301e-06 0.050895 0.018245 0.011022 0.021753 0.050823 0.031533 0.022951 0.047756 0.042984 0.049031 0.038601 0.021849 -0.0026668 0.03155 0.046452 0.029459 0.046915 0.050058 0.044377 0.058941 0.038145 0.023513 0.028971 0.0013955 0.0048832 -0.002881 0.017662 0.026506 0.022338 0.015666 0.018617 0.024266 0.001504 0.016054 0.031431 0.012996 0.017757 0.016717 0.015521 -0.0051954 -0.007739 -0.00663 -0.017578 -0.018769 -0.013946 -0.032611 -0.025491 -0.026154 -0.0016039 -0.018772 -0.0092673 -0.0066858 0.0080224 -0.0011607 -0.02487 -0.033024 -0.017845 0.013606 0.0048114 -0.0044797 0.021637 0.0081851 -0.0007121 -0.013114 -0.012037 -0.0019363 -0.0096724 -5.2602e-05 -0.013219 -0.010686 0.0031229 0.032244 0.030099 0.0226 0.0281 0.016844 2.2785e-06 0.0023304 0.029204 0.022435 0.024709 -0.0045317 -0.0083204 0.0013165 0.0035912 0.0092208 0.0018484 -0.0018352 -0.0068539 -0.019462 -0.010615 -0.0015287 -0.0059861 -0.018668 0.0085213 0.0060747 0.024442 0.0079577 0.015908 -0.008917 0.0054682 0.0047113 0.010906 0.010894 0.010873 0.024508 0.026772 0.030328 0.018741 0.032488 0.028094 0.023324 0.032061 0.028767 0.034535 0.035896 0.047969 0.026626 -0.00095074 0.012313 0.013117 0.0055266 0.024835 0.028312 0.0081239 0.032672 0.015672 0.0067289 0.036611 0.047652 0.047773 0.019436 0.032633 0.0362 0.01351 0.0049799 0.036396 0.027324 0.037885 0.046009 0.012116 0.015778 0.021163 0.016812 0.039127 0.035624 0.02494 0.00011424 0.016072 0.018562 0.024597 0.007104 0.012797 0.01872 -0.015512 -0.012671 0.0077191 -0.00058034 -0.011039 -0.02944 -0.041305 -0.03906 -0.036377 -0.024018 -0.028346 -0.027305 -0.04311 -0.014812 -0.007508 -0.021527 -0.0017683 0.0046656 0.032956 -0.0022328 -0.011122 0.00093301 -0.015651 -0.0026466 0.0084458 -0.011814 -0.0076878 -0.018791 -0.0060184 0.0045403 0.0083228 0.012205 -0.0047349 0.031146 0.036221 0.0019105 -0.023797 0.00090798 -0.0061139 -0.0073876 -0.0015465 -0.0036337 0.024322 0.014185 0.019055 0.018561 0.012787 0.0058951 0.01157 0.0076526 -0.024163 0.00093857 0.021641 0.020588 0.039957 0.0019844 -0.0067946 -0.0025994 0.00050088 0.0036893 -0.0097136 0.007475 0.0062548 -0.005417 -0.034682 -0.021696 -0.02204 -0.013288 -0.019358 -0.012054 -0.011151 0.0070011 0.032944 0.011614 -0.010178 -0.009142 -0.0040931 -0.015269 -0.019692 0.0014732 0.0076021 0.01843 0.0058789 -0.042405 -0.028183 -0.0054739 0.016461 0.040794 0.00016262 -0.017721 0.0031784 0.007666 0.014903 0.0040211 0.0046818 0.024349 0.015603 -0.012831 -0.0219 -0.023821 -0.014099 -0.016342 0.020599 0.014633 -0.017485 -0.0068155 0.013483 0.0083536 -0.012347 0.0075333 -0.01333 0.017894 0.039194 0.013359 0.0052442 0.013814 0.00019549 -0.0063975 -0.017335 -0.01392 0.0024405 0.00074258 0.00014352 -0.0096424 -0.014798 -0.0051075 0.011092 -0.0011125 -0.0020993 -0.010501 -0.021066 -0.0092785 -0.0014095 -0.0092101 -0.010508 -0.018601 0.008833 0.029794 0.022707 -0.016095 0.013158 0.028176 0.0047924 -0.011191 -0.0088163 0.0036655 0.0047042 0.0031238 -0.0014142 -0.00056812 0.0061729 -0.0063641 -0.0024786 -0.0068575 0.011502 -0.0022281 0.011744 -0.0092558 0.017302 0.010391 0.019415 0.0054171 0.017334 0.014233 0.030406 0.009339 -0.0010552 0.010966 0.025168 0.018276 0.025709 0.022787 0.013883 0.0078183 0.009585 0.019044
0.015673 0.013932 0.014548 0.0016775 -0.01336 -0.0071037 0.006422 -0.0015186 -0.0059407 -0.0010158 -0.0042416 -0.011249 0.00093248 0.013291 0.0094581 0.026894 0.02924 0.04639 0.03876 0.040624 0.036273 0.041403 0.03651 0.028267 0.023806 0.0057214 0.012583 0.011897 0.022971 0.035739 0.026211 0.013108 0.027875 0.02635 0.032388 0.021437 0.011353 0.010456 0.0039535 0.00045636 -0.001685 0.0086113 0.0077898 0.014841 0.0032947 -0.0021573 -0.010647 -0.01194 -0.0099129 -0.007876 -0.016451 -0.031304 -0.016017 -0.010727 0.0096585 0.012183 0.018794 0.0092851 0.0068958 0.005087 0.017996 0.025658 0.024013 0.035414 0.022072 0.012207 0.02987 0.025231 0.030042 0.023685 0.029342 0.026737 0.021573 0.02254 0.031916 0.020649 0.022141 0.021845 0.034153 0.023957 0.03254 0.048219 0.034879 0.047879 0.051686 0.059762 0.055856 0.068253 0.058599 0.051761 0.063752 0.072383 0.06192 0.073083 0.063107 0.056679 0.061083 0.067907 0.051752 0.057113 0.055666 0.042958 0.046477 0.042138 0.049035 0.04629 0.051447 0.059659 0.065864 0.059117 0.054145 0.052848 0.049294 0.044994 0.050466 0.053758 0.049886 0.048829 0.056324 0.065585 0.061458 0.067379 0.062941 0.065019 0.05656 0.061161 0.056046 0.053749 0.065168 0.056788 0.046936 0.037651 0.044066 0.057668 0.046111 0.045955 0.062395 0.062227 0.062685 0.066326 0.053348 0.061953 0.062215 0.064441 0.067539 0.066082 0.067295 0.072674 0.056166 0.061617 0.057223 0.048631 0.045763 0.049428 0.046357 0.043694 0.040879 0.04395 0.05061 0.060733 0.045224 0.048268 0.051439 0.054171 0.053881 0.046407 0.036769 0.046442 0.041183 0.059461 0.068396 0.043679 0.0262 0.029725 0.045824 0.049207 0.044409 0.037444 0.019903 0.00079721 0.023944 0.031304 0.028233 0.029843 0.023794 0.0208 0.016021 0.035164 0.050482 0.046089 0.053362 0.056517 0.055786 0.054536 0.065846 0.075983 0.077636 0.076541 0.084622 0.084337 0.083763 0.084247 0.093457 0.068227 0.064802 0.057704 0.056839 0.051193 0.044242 0.030075 0.037541 0.040561 0.032944 0.034898 0.035208 0.028834 0.029135 0.026325 0.028819 0.036265 0.035919 0.038299 0.047086 0.046646 0.050498 0.05693 0.066304 0.074327 0.078714 0.095553 0.091258 0.074443 0.082718 0.061967 0.074811 0.073348 0.0633 0.066377 0.06136 0.053689 0.048339 0.05509 0.047191 0.041377 0.034644 0.025945 0.039786 0.029726 0.044694 0.034762 0.03209 0.026462 0.028091 0.022935 0.031886 0.018388 0.01874 0.011542 0.0096636 0.0092015 0.0067157 0.018551 0.0085473 0.006029 -0.0037354 0.010437 0.018532 0.0056045 0.0063172 0.0082253 -0.0002517 0.017145 0.022897 0.0169 0.0054954 0.016972 0.0062982 0.011133 0.011923 0.015172 0.022108 0.013314 0.015797 0.02459 0.043131 0.03315 0.01727 0.028132 0.042688 0.036903 0.022563 0.026157 0.016072 0.018609 0.017724 0.011389 0.0058345 0.010396 0.013655 0.028183 0.018763 0.017164 0.012076 0.022083 0.0082922 0.01858 0.030016 0.014202 0.018746 0.030699 0.031166 0.035494 0.021574 0.024698 0.031072 0.031729 0.029103 0.027649 0.038829 0.039271 0.032089 0.024856 0.028626 0.032872 0.023824 0.028558 0.034116 0.015351 0.021792 0.026426 0.030704 0.043219 0.052707 0.056625 0.049853 0.047365 0.057953 0.058177 0.057639 0.048501 0.044919 0.050005 0.041352 0.017042 0.027553 0.036708 0.035868 0.03172 0.040829 0.041708 0.050223 0.050064 0.048377 0.044273 0.02854 0.026006 0.029875 0.017717 0.041908 0.050598 0.045198 0.044605 0.042171 0.039594 0.03899 0.035117 0.052412 0.05051 0.053015 0.031476 0.048879 0.05145 0.057234 0.060806 0.048421 0.061189 0.053497 0.059173 0.069624 0.071945 0.076051 0.079755 0.077679 0.07918 0.089495 0.086754 0.093512 0.094968 0.079337 0.072486 0.063405 0.068889 0.076616 0.069848 0.062051 0.064439 0.063172 0.042749 0.036938 0.029009 0.037752 0.03179 0.041182 0.047709 0.045282 0.053152 0.049176 0.046153 0.043782 0.02978 0.025559 0.043699 0.035668 0.050615 0.039183 0.038869 0.026578 0.02829 0.027566 0.027289 0.023705 0.031172 0.021796 0.017574 0.014317 0.036991 0.013174 0.019453 0.026908 0.031232 0.027021 0.020478 0.016834 0.0067679 0.021823 0.015041 0.010917 0.022349 0.0095934 0.015649 0.039083 0.04211 0.038855 0.022237 0.028008 0.037269 0.043914 0.03639 0.035812 0.030431 0.021043 0.019186 0.02116 0.012882 0.0010897 -0.0083353 -0.0012533 0.0102 0.013197 0.0080004 0.0056387 0.0081609 0.0033818 0.01264 0.019785 0.029866 0.026792 -0.00036198 -0.00092633 -0.013394 0.00094298 -0.0011466 0.004525 -0.022403 -0.023827 -0.0027354 -0.014958 -0.011691 -0.0070248 -0.0062131 -0.03099 -0.030987 -0.032099 -0.022333 -0.013483 -0.032396 -0.02985 -0.0018642 -0.0058571 -0.013877 -0.021235 -0.018544 -0.0075419 -0.0045867 0.00055829 0.022899 0.019691 0.0058202 0.019644 0.023256 0.028408 0.022563 0.025706 0.022455 0.018573 0.031874 0.041326 0.019759 0.03044 0.046152 0.05029 0.067445 0.063594 0.062851 0.055572 0.056354 0.068708 0.047529 0.024447 0.026705 0.033348 0.022517 0.022459 0.018875 0.019529 0.025996 0.025373 0.024875 0.023904 0.027695 0.024595 0.02225 0.031826 0.036364 0.038187 0.038909 0.039331 0.044193 0.037816 0.032218 0.046024 0.052815 0.04348 0.052545 0.047978 0.056515 0.046303 0.058247 0.049132 0.036242 0.029926 0.035514 0.04782 0.038789 0.0472 0.038936 0.035911 0.043814 0.044463 0.049202 0.027166 0.017836 0.020141 0.021991 0.033451 0.038447 0.038257 0.024047 0.010926 0.024561 0.023321 0.01766 0.0097641 0.014734 0.011552 0.02751 0.02262 0.026316 0.016349 0.024832 0.03181 0.03185 0.019545 0.011015 -0.005293 0.011886 0.036126 0.02356 0.0097058 0.005478 0.023492 0.025049 0.012304 0.011327 0.0049506 0.0036123 -0.012306 -0.00045672 0.010119 -0.0022265 -0.0078213 -0.0039447 -0.011358 0.014989 0.023986 0.013477 0.0026716 0.00096963 -0.0033371 0.006227 0.01438 0.0094548 0.012518 0.0033824 0.0088746 0.01758 0.015156 0.021814 0.015197 0.013469 0.01403 0.013432 0.012462 0.0080225 0.0094845 0.0080401 0.01673 0.010015 0.015574 0.011763 -0.01127 -0.010049 -0.0032135 0.0012469 0.0096067 0.021128 0.0076126 0.011604 0.0080493 0.01322 0.019026 0.011713 0.0054047 0.0029174 0.0089351 0.0026829 -0.010165 0.00018966 -0.0087272 -0.0012255 0.0020588 0.0018344 0.00031223 0.0051849 -0.001647 0.009046 0.01341 0.0027781 -0.011937 -0.0017246 0.0078999 -0.0022683 0.0013774 0.0034485 0.0010376 0.0055551 0.008235 0.0059294 0.012187 0.0010913 -0.013508 -0.013088 -0.019536 -0.012164 0.00080786 0.0025737 0.0060758 -0.00063997 0.0052113 -0.0060331 -0.00082535 0.01732 0.014513 0.017538 0.0083921 0.0078803 0.008396 -0.0039117 0.0022419 -0.0046091 0.0028281 0.0023549
0.0075622 -0.0031104 -0.01802 -0.014424 -0.0024343 -0.01048 -0.014604 -0.0086 -0.0044141 -0.015127 -0.0031479 0.011694 0.0073303 0.020984 0.023508 0.039014 0.037705 0.040876 0.039032 0.044474 0.045869 0.038032 0.027497 0.012153 0.021074 0.02023 0.02822 0.042358 0.037834 0.030546 0.042968 0.043849 0.045621 0.031406 0.025552 0.020642 0.010107 0.0013623 0.00052286 0.00071654 -0.0016773 -0.0009321 -0.014468 -0.013638 -0.01689 -0.015724 -0.014276 -0.014408 -0.022009 -0.020478 -0.0082878 -0.00056022 0.016612 0.017626 0.022404 0.014034 0.017472 0.015678 0.023693 0.026961 0.028356 0.038363 0.031628 0.020339 0.036577 0.033368 0.040831 0.03763 0.031229 0.029846 0.027191 0.034694 0.044239 0.028389 0.028656 0.027997 0.038607 0.031361 0.036933 0.054651 0.050421 0.056048 0.062956 0.069194 0.064678 0.072306 0.06693 0.062846 0.075688 0.076325 0.07192 0.076615 0.071062 0.066301 0.062472 0.060439 0.054337 0.057309 0.052954 0.045202 0.047797 0.039624 0.050824 0.052253 0.054576 0.055283 0.061173 0.05909 0.057999 0.05504 0.051193 0.051478 0.055712 0.060035 0.060621 0.057016 0.059021 0.062151 0.059055 0.066985 0.062635 0.061978 0.05778 0.062971 0.060791 0.053919 0.059869 0.060533 0.056578 0.049362 0.052251 0.064081 0.055635 0.059855 0.07077 0.064994 0.066775 0.071407 0.063353 0.067313 0.062868 0.069245 0.074041 0.070264 0.075088 0.088647 0.074043 0.068805 0.065744 0.054387 0.051949 0.055266 0.049109 0.046776 0.038923 0.045154 0.052014 0.058931 0.049343 0.050511 0.051074 0.060297 0.059718 0.049404 0.038913 0.046606 0.042155 0.050964 0.061512 0.043397 0.026474 0.027607 0.038938 0.037664 0.033354 0.024179 0.0095386 0.0082795 0.028084 0.030297 0.030415 0.026045 0.025597 0.027762 0.025858 0.041932 0.049687 0.054202 0.060243 0.06634 0.063129 0.061759 0.072149 0.082276 0.085119 0.083605 0.084682 0.084189 0.088057 0.084099 0.084858 0.065566 0.066719 0.05644 0.056065 0.049719 0.046092 0.032535 0.04011 0.038967 0.033465 0.032608 0.038915 0.031278 0.029282 0.028506 0.036837 0.046595 0.045837 0.05123 0.052626 0.054673 0.058958 0.060602 0.072101 0.080763 0.077528 0.089902 0.088092 0.078586 0.07622 0.060409 0.066295 0.065714 0.05708 0.060839 0.056684 0.047252 0.044617 0.04596 0.037543 0.028961 0.031269 0.01969 0.030386 0.024014 0.031543 0.023757 0.024527 0.020382 0.025853 0.021139 0.024865 0.014999 0.017843 0.013445 0.010621 0.0068305 0.0080238 0.020459 0.014471 0.012695 0.0088578 0.01387 0.015037 0.0098212 0.010833 0.010525 0.0076109 0.02322 0.023998 0.015767 0.014854 0.024819 0.015847 0.018632 0.01739 0.021495 0.025404 0.02297 0.02273 0.026481 0.03887 0.034595 0.021269 0.024987 0.03764 0.027472 0.015486 0.018154 0.016337 0.021388 0.01729 0.012739 0.0046805 0.010779 0.018141 0.023314 0.015592 0.018159 0.013087 0.025772 0.016633 0.022212 0.027689 0.016125 0.020402 0.030271 0.034294 0.038528 0.02224 0.027426 0.034709 0.030513 0.027625 0.025839 0.036116 0.038181 0.029388 0.019293 0.024483 0.030707 0.02532 0.033179 0.032429 0.019706 0.028261 0.037177 0.036149 0.036844 0.048251 0.053413 0.053383 0.047428 0.051551 0.055379 0.051214 0.045494 0.049086 0.044986 0.040855 0.032222 0.03934 0.040563 0.034245 0.030119 0.039112 0.041323 0.045295 0.054566 0.050639 0.043047 0.030863 0.028928 0.037885 0.029151 0.04588 0.051066 0.048957 0.04738 0.044702 0.04277 0.043666 0.039188 0.050193 0.057252 0.059436 0.040881 0.04769 0.053259 0.057849 0.06099 0.053315 0.06731 0.05467 0.06324 0.071106 0.073856 0.077589 0.080047 0.079018 0.084784 0.091381 0.086094 0.085463 0.088703 0.078929 0.071451 0.05931 0.063458 0.067969 0.059244 0.053744 0.053881 0.058603 0.039925 0.035284 0.031274 0.033826 0.029936 0.039332 0.042385 0.04322 0.045144 0.040628 0.035507 0.036816 0.026589 0.023061 0.040554 0.033075 0.04359 0.032439 0.031553 0.020253 0.024144 0.025163 0.026607 0.023371 0.025895 0.016765 0.016866 0.012841 0.033802 0.014403 0.0199 0.023308 0.020332 0.022846 0.018252 0.01674 0.010248 0.021767 0.016491 0.014012 0.021455 0.0144 0.020622 0.037624 0.036846 0.037842 0.024626 0.028304 0.03597 0.03751 0.028073 0.023578 0.022005 0.021726 0.016293 0.019791 0.0071738 -0.0010542 -0.0069623 -0.0084939 -0.0011099 0.0065909 0.0028091 0.0040057 0.0054139 -0.0022177 0.0045667 0.0056267 0.017148 0.015704 -0.0046615 -0.003527 -0.010653 0.001549 -0.0021173 0.001979 -0.018864 -0.018348 -0.010201 -0.016501 -0.0053161 -0.0070422 -0.0092838 -0.02464 -0.025387 -0.024818 -0.014927 -0.010684 -0.019459 -0.02386 0.0033951 0.0057228 0.00021796 -0.0099371 -0.0054644 0.0042257 0.003538 0.00045007 0.01516 0.012882 0.010446 0.021431 0.025504 0.018958 0.016599 0.023944 0.019186 0.015048 0.023395 0.033011 0.014049 0.017915 0.036171 0.035715 0.04932 0.047 0.047196 0.041677 0.040187 0.050336 0.031423 0.016602 0.014711 0.024705 0.015225 0.017077 0.010657 0.014373 0.020856 0.018721 0.018352 0.016084 0.022119 0.019547 0.018414 0.030934 0.033401 0.030499 0.027328 0.030447 0.032733 0.034059 0.031161 0.040816 0.046239 0.045552 0.041382 0.038296 0.050484 0.041388 0.05164 0.041065 0.030313 0.026217 0.028273 0.038382 0.028773 0.037206 0.037145 0.034709 0.038521 0.038833 0.036793 0.023055 0.017557 0.018727 0.020634 0.027155 0.029857 0.028395 0.020413 0.012642 0.023447 0.02402 0.015701 0.0097816 0.011029 0.018224 0.02325 0.01784 0.01818 0.010823 0.014502 0.018677 0.018004 0.010539 0.0032476 -0.0037609 0.005329 0.021872 0.015192 0.0011102 0.0026522 0.018095 0.015303 0.01131 0.0058151 -0.0025722 0.002935 -0.0033256 0.0046462 0.0088514 0.0022369 -0.0048248 -0.0035627 -0.0042428 0.012682 0.022121 0.008902 0.00079907 0.0035372 0.00078992 0.012285 0.017013 0.0098672 0.012396 0.0040589 0.012168 0.018704 0.016658 0.01614 0.010825 0.012354 0.0093275 0.013038 0.011137 0.0063616 0.010634 0.01281 0.021822 0.0083195 0.0089553 0.013615 -0.0040425 -0.0032244 0.0018131 0.0032012 0.010521 0.014531 0.0043031 0.0098907 0.0058738 0.011853 0.018016 0.010968 0.004972 0.0014685 0.0055459 0.001744 -0.0060439 -0.0022744 -0.0090981 -0.0025846 -0.0013899 -0.0060668 -0.0065695 -0.00082962 -0.0077554 0.002205 0.010994 -0.0012843 -0.013043 -0.0039603 0.0028978 -0.0093086 -0.0059051 -0.0027096 -0.0019236 0.0024704 0.0025028 0.0014507 0.0051924 0.00090222 -0.010274 -0.012984 -0.014403 -0.0088727 -0.0017775 0.00065043 0.0045067 0.0015996 0.0036236 -0.0028493 0.0018569 0.012518 0.01885 0.017823 0.0085001 0.0045941 0.006271 -0.00031173 0.00060791 -0.0019956 0.0083724 0.0093308 0.0031008 -0.010938
0.0099004 0.013005 0.00077494 -0.0025552 0.003397 -0.0053066 -0.019711 -0.016395 -0.0070293 -0.015251 -0.01796 -0.011584 -0.003001 -0.015793 -0.0034475 0.0103 0.0059706 0.01531 0.019695 0.033156 0.03846 0.044653 0.045761 0.049554 0.053568 0.044993 0.031623 0.020535 0.029791 0.027088 0.03143 0.042611 0.042778 0.040327 0.051241 0.055336 0.054378 0.039489 0.036703 0.031199 0.017686 0.0057089 0.0057842 -0.0021442 -0.0063035 -0.0085472 -0.022301 -0.017799 -0.017296 -0.015941 -0.014317 -0.01554 -0.019443 -0.0087874 0.0010612 0.010276 0.023534 0.022393 0.025943 0.019828 0.025398 0.021694 0.028887 0.029239 0.031195 0.037005 0.036902 0.025796 0.039013 0.037862 0.047073 0.047017 0.033943 0.033874 0.031457 0.041838 0.051378 0.035812 0.035858 0.035868 0.044492 0.0402 0.042903 0.062056 0.065567 0.066586 0.074661 0.077566 0.074069 0.076659 0.074299 0.073187 0.083333 0.078892 0.076625 0.076296 0.075975 0.072674 0.065737 0.056532 0.054883 0.05658 0.050738 0.048034 0.048775 0.040866 0.05339 0.057058 0.057717 0.053438 0.060016 0.062417 0.064691 0.059493 0.056582 0.060513 0.061932 0.065606 0.067025 0.06015 0.058254 0.059712 0.054442 0.064146 0.059912 0.057337 0.058435 0.064667 0.062314 0.054798 0.05683 0.061746 0.062663 0.06107 0.059393 0.068455 0.062377 0.071249 0.074983 0.066968 0.070827 0.072802 0.068324 0.070938 0.066122 0.072468 0.076871 0.073779 0.080014 0.094063 0.081979 0.071566 0.068193 0.057932 0.055641 0.055683 0.049185 0.047718 0.036939 0.046125 0.050627 0.054542 0.050107 0.050351 0.049131 0.061991 0.059401 0.048327 0.041307 0.044326 0.039774 0.043868 0.053962 0.040872 0.029074 0.026897 0.033649 0.028737 0.022649 0.015863 0.0079484 0.016492 0.032541 0.029416 0.032288 0.024994 0.027827 0.037432 0.039123 0.049224 0.050869 0.060198 0.067736 0.071691 0.069561 0.070671 0.079881 0.086136 0.088059 0.085898 0.082056 0.080029 0.086734 0.079581 0.072077 0.058387 0.061997 0.051198 0.049495 0.04499 0.043824 0.031809 0.038537 0.034133 0.032235 0.028537 0.039471 0.03407 0.033928 0.032896 0.042965 0.054929 0.053972 0.061391 0.058627 0.064787 0.067197 0.065852 0.07605 0.084516 0.075315 0.082314 0.083198 0.080062 0.069508 0.058358 0.058409 0.05867 0.050677 0.055035 0.048118 0.041884 0.040009 0.035426 0.028096 0.018727 0.022912 0.014214 0.020214 0.017947 0.020244 0.012907 0.017939 0.017321 0.025026 0.021694 0.019873 0.011626 0.016275 0.016207 0.013343 0.0087374 0.013889 0.021987 0.018916 0.015618 0.016827 0.015383 0.012953 0.011071 0.013996 0.014223 0.013204 0.024987 0.021984 0.015284 0.02236 0.027932 0.018687 0.02191 0.021017 0.024971 0.024944 0.028291 0.024687 0.027748 0.034792 0.033431 0.02501 0.024151 0.032708 0.019245 0.01194 0.0157 0.017492 0.023522 0.017048 0.013965 0.0068312 0.013686 0.022731 0.019302 0.013017 0.019039 0.014836 0.027585 0.023376 0.023211 0.025629 0.018013 0.020579 0.028489 0.035378 0.039948 0.022031 0.02835 0.034457 0.028631 0.025248 0.022325 0.031274 0.034226 0.027466 0.016927 0.023693 0.031109 0.029103 0.035488 0.033558 0.024088 0.035395 0.045948 0.042519 0.035625 0.045905 0.050114 0.053362 0.047838 0.045384 0.050771 0.045147 0.040898 0.048255 0.039487 0.041271 0.042565 0.045932 0.042525 0.033525 0.027799 0.035959 0.037643 0.03977 0.052647 0.049373 0.041057 0.032463 0.031948 0.044397 0.035311 0.047143 0.050991 0.051539 0.048876 0.046454 0.04478 0.050122 0.045744 0.049712 0.059828 0.0614 0.048702 0.049461 0.053808 0.058838 0.060652 0.058678 0.072423 0.058914 0.06911 0.073163 0.076263 0.077638 0.079763 0.077942 0.084935 0.087348 0.08113 0.075694 0.078146 0.072662 0.065661 0.054043 0.058045 0.059575 0.048226 0.045102 0.042667 0.049077 0.035975 0.034413 0.033427 0.032637 0.028815 0.03448 0.034237 0.039141 0.037502 0.032707 0.029782 0.032165 0.025895 0.022771 0.038646 0.028741 0.034459 0.027604 0.025204 0.015781 0.021145 0.022805 0.025403 0.022599 0.022293 0.014407 0.01601 0.012848 0.030399 0.016412 0.019422 0.020043 0.013399 0.020031 0.016642 0.013861 0.010484 0.017949 0.013629 0.013917 0.017145 0.015975 0.023085 0.034238 0.031656 0.035203 0.024611 0.028749 0.032584 0.031024 0.023953 0.019022 0.019653 0.023918 0.016947 0.019693 0.0073507 0.0021439 0.0011845 -0.0065529 -0.0020058 0.0082644 0.0062923 0.007906 0.0071973 -0.0044339 0.00042746 9.4394e-05 0.0095167 0.0096587 -0.003657 -6.3463e-05 -0.0061104 0.0016561 -0.0027903 -0.00017005 -0.016256 -0.012439 -0.01308 -0.012234 -0.00055462 -0.0053009 -0.0087921 -0.016165 -0.015611 -0.015619 -0.0070457 -0.0050738 -0.0056819 -0.013044 0.009796 0.017701 0.012364 -0.0014436 0.0054677 0.013269 0.0080393 0.00045779 0.0083626 0.008837 0.01343 0.021641 0.024801 0.011234 0.0096247 0.018223 0.013574 0.010526 0.017834 0.02335 0.0097479 0.0088891 0.026173 0.02203 0.030649 0.031495 0.031431 0.026591 0.025253 0.033721 0.018785 0.012693 0.0083476 0.018405 0.0092399 0.013207 0.0074419 0.011084 0.017188 0.015729 0.015644 0.011614 0.01898 0.015955 0.016114 0.028949 0.029473 0.024877 0.018876 0.020877 0.022423 0.028907 0.030294 0.038443 0.04236 0.042855 0.031622 0.031308 0.044505 0.036963 0.043099 0.032579 0.025008 0.025969 0.025203 0.031593 0.021993 0.027781 0.032359 0.031891 0.033074 0.030772 0.024389 0.020338 0.017975 0.019782 0.018805 0.019797 0.022082 0.019023 0.018052 0.016122 0.022901 0.023798 0.013983 0.01119 0.011378 0.020298 0.020608 0.015196 0.01147 0.0064827 0.0076573 0.01064 0.007764 0.0059103 0.0012823 0.00045356 0.0044241 0.01232 0.0093232 -0.0014726 0.0037165 0.015349 0.0084769 0.0096273 0.001067 -0.0070143 0.0022471 0.0026335 0.006402 0.0055108 0.0033984 -0.0021553 -0.0033937 0.0012896 0.0097936 0.017643 0.0033442 -0.0016891 0.0032357 0.0020615 0.015085 0.019071 0.011457 0.0098546 0.0042287 0.013136 0.017764 0.014225 0.0097371 0.0061162 0.0085886 0.0026617 0.0091593 0.0065664 0.0036523 0.0088384 0.014177 0.021723 0.0032885 0.0016285 0.010244 -0.00013411 0.00055788 0.0030075 0.0035158 0.010733 0.0097251 0.002562 0.0057847 0.003284 0.0084037 0.012654 0.0079698 0.003208 0.001132 0.0031835 0.00053495 -0.0034791 -0.0022582 -0.0057705 -0.0025535 -0.0033351 -0.0080529 -0.006528 -0.0026347 -0.0087925 -0.00098855 0.0076755 -0.0033721 -0.012008 -0.0034282 0.0002284 -0.013651 -0.0099524 -0.0072705 -0.0048596 -0.00020334 -0.0013613 -0.0018685 -0.0007601 0.0017102 -0.0062086 -0.009644 -0.0093213 -0.0062112 -0.0042398 -0.0010966 0.002226 0.0012953 0.0045233 0.0017326 0.0038712 0.0077819 0.019344 0.015155 0.0067537 0.0033065 0.0044398 0.0015311 -0.00061045 0.00019536
0.0081942 0.013296 0.01823 0.0036127 -0.0018926 0.0030541 -0.0045128 -0.015816 -0.011877 -0.0068381 -0.015104 -0.01592 -0.010433 -0.00038257 -0.013131 -0.00099963 0.0086782 0.0049451 0.011654 0.017688 0.029463 0.038632 0.047724 0.051104 0.053669 0.056776 0.047137 0.034041 0.027646 0.035777 0.031105 0.032516 0.038603 0.040861 0.041122 0.052409 0.05892 0.056335 0.043801 0.042016 0.038376 0.024396 0.011839 0.010775 -0.0019741 -0.0061515 -0.0089644 -0.020454 -0.015912 -0.013485 -0.012546 -0.010266 -0.01175 -0.011327 0.0010443 0.010604 0.020468 0.030188 0.027196 0.029245 0.026588 0.032109 0.024833 0.032638 0.031654 0.033445 0.033596 0.038566 0.029128 0.037872 0.038909 0.049449 0.052284 0.037246 0.037856 0.034692 0.045051 0.054351 0.042638 0.042606 0.044598 0.051297 0.050038 0.049775 0.069895 0.078515 0.077258 0.084824 0.084423 0.081971 0.080273 0.079284 0.081351 0.086877 0.080488 0.077608 0.074549 0.078288 0.075405 0.069257 0.056036 0.054519 0.05635 0.049823 0.051271 0.050525 0.044988 0.057245 0.061688 0.062607 0.055832 0.063553 0.068906 0.072405 0.064991 0.063385 0.069298 0.067823 0.070205 0.069654 0.059971 0.055958 0.057777 0.049788 0.059723 0.054983 0.052503 0.059897 0.066023 0.062055 0.05639 0.057341 0.062084 0.065726 0.070307 0.064617 0.070321 0.066455 0.077676 0.074642 0.068688 0.074433 0.071491 0.069663 0.072685 0.070668 0.074669 0.077287 0.075688 0.080895 0.091189 0.082131 0.070782 0.065588 0.058593 0.056996 0.053214 0.048436 0.047665 0.036288 0.046061 0.046395 0.048719 0.048281 0.04876 0.046692 0.059543 0.054369 0.044483 0.043641 0.041214 0.036079 0.040176 0.047107 0.0385 0.032778 0.027378 0.029281 0.02282 0.015206 0.012498 0.013444 0.024929 0.036643 0.030041 0.034695 0.026908 0.030987 0.046775 0.051251 0.055658 0.054468 0.064693 0.075743 0.07548 0.075247 0.080364 0.087654 0.08854 0.088347 0.084691 0.078921 0.074813 0.080996 0.072108 0.057723 0.049088 0.053075 0.04389 0.038842 0.037669 0.039614 0.029364 0.033659 0.027619 0.03009 0.024521 0.037117 0.035986 0.041854 0.039749 0.0468 0.060775 0.06105 0.070327 0.067025 0.076633 0.076314 0.074563 0.080386 0.085665 0.072136 0.074094 0.076678 0.077961 0.063105 0.055804 0.051509 0.051514 0.043421 0.049879 0.039666 0.038691 0.036628 0.0276 0.021623 0.013116 0.015107 0.011006 0.01247 0.012529 0.012262 0.0049934 0.013154 0.016144 0.024728 0.023955 0.017008 0.0092836 0.014886 0.017662 0.015884 0.011672 0.020976 0.023206 0.02193 0.01594 0.020159 0.01443 0.011854 0.0093653 0.01554 0.017244 0.016581 0.024228 0.019477 0.016916 0.027912 0.027364 0.018125 0.022132 0.02278 0.025604 0.023027 0.02977 0.023513 0.027588 0.032236 0.030521 0.026214 0.024639 0.027411 0.014202 0.011537 0.018098 0.019247 0.024942 0.018005 0.014527 0.0097009 0.01738 0.02614 0.016793 0.012387 0.019344 0.017426 0.027862 0.028461 0.022773 0.024722 0.019604 0.019886 0.026657 0.03468 0.039559 0.021641 0.027282 0.031211 0.026297 0.02258 0.018585 0.026993 0.029886 0.026686 0.01538 0.024385 0.033 0.034503 0.038099 0.037927 0.029609 0.043186 0.052185 0.048478 0.038854 0.04593 0.047419 0.050252 0.048814 0.04259 0.046041 0.041599 0.036541 0.044735 0.035071 0.042207 0.0469 0.046804 0.043012 0.033271 0.026315 0.03281 0.0341 0.035754 0.046668 0.046657 0.038751 0.033607 0.034551 0.048121 0.037632 0.04661 0.050536 0.053076 0.049368 0.047832 0.04726 0.056147 0.053975 0.051346 0.059792 0.060453 0.053464 0.052658 0.054289 0.060566 0.061351 0.063978 0.07659 0.06521 0.074623 0.075946 0.078289 0.077147 0.078943 0.076375 0.081218 0.079015 0.072848 0.065908 0.066923 0.062519 0.055398 0.048607 0.05379 0.051622 0.038415 0.036307 0.032482 0.038993 0.032535 0.034651 0.034714 0.032998 0.027736 0.027551 0.025046 0.033372 0.031052 0.026899 0.028345 0.029952 0.02743 0.024407 0.036954 0.023913 0.025413 0.023946 0.019926 0.012614 0.018968 0.021155 0.023381 0.020175 0.019803 0.01408 0.015097 0.013978 0.026509 0.018325 0.018726 0.018519 0.012196 0.019932 0.016527 0.010282 0.0093611 0.014242 0.010168 0.013585 0.013942 0.017907 0.024385 0.030441 0.027252 0.031914 0.023806 0.029068 0.028297 0.025385 0.022261 0.019417 0.020384 0.024679 0.019221 0.019459 0.01122 0.0079854 0.011982 0.0011679 0.003822 0.014596 0.015678 0.015362 0.012672 -0.0013073 0.0019076 0.0033545 0.0084116 0.0098402 0.0024331 0.0072704 5.9737e-05 0.0028267 -0.0022424 -0.0013853 -0.013705 -0.0059849 -0.010964 -0.0043192 0.003872 -0.00017765 -0.0035073 -0.0050563 -0.0034018 -0.0048981 0.001634 0.0021369 0.0066913 0.001065 0.017353 0.028788 0.021648 0.0053106 0.013064 0.018749 0.010788 0.0020194 0.0043115 0.0088985 0.015708 0.02203 0.023825 0.0094713 0.0062538 0.01273 0.0084857 0.0078804 0.015189 0.015679 0.0084852 0.005494 0.019529 0.012683 0.015911 0.019754 0.018141 0.014855 0.01587 0.021851 0.011338 0.011492 0.0069931 0.014294 0.0045102 0.010557 0.0072176 0.0087327 0.014718 0.014295 0.013681 0.0094128 0.016432 0.012992 0.014757 0.025353 0.024861 0.020762 0.01297 0.013037 0.014674 0.023031 0.028059 0.035704 0.038076 0.036096 0.023129 0.024701 0.037319 0.03198 0.033699 0.024761 0.020577 0.027524 0.024993 0.027144 0.01737 0.019375 0.02573 0.027405 0.027682 0.022624 0.014748 0.019193 0.01908 0.02253 0.017168 0.012874 0.015516 0.010448 0.016067 0.019311 0.020907 0.021206 0.011921 0.012609 0.013656 0.017507 0.016925 0.012572 0.0059306 0.0031975 0.0033188 0.0058851 0.0011994 0.0031484 0.0014498 0.0039707 0.0056818 0.0074636 0.0060751 -0.0018698 0.0048666 0.014202 0.0046865 0.0080333 -0.0022525 -0.0083874 0.0013145 0.0050722 0.0050041 0.0012155 0.00223 -0.00051231 -0.002496 0.0047674 0.0065639 0.012833 -0.001677 -0.0039542 0.0013259 0.0012053 0.015611 0.019492 0.012649 0.0068905 0.0043208 0.012366 0.015832 0.009671 0.0048869 0.0022701 0.0036426 -0.0033988 0.0051867 0.0023045 0.00070158 0.0049155 0.01261 0.018491 -0.0010176 -0.0030894 0.0052653 0.0017156 0.0025757 0.0020488 0.0029088 0.010145 0.0068415 0.002225 0.0010844 0.0022869 0.0056229 0.0060668 0.0037281 0.00046617 5.2793e-05 0.0018708 -0.00037191 -0.0020857 -0.0011898 -0.0007109 -0.0022163 -0.0049766 -0.0072663 -0.0027667 -0.0026083 -0.0069521 -0.001016 0.0044972 -0.0039969 -0.008469 -0.00087288 -0.00021288 -0.015199 -0.011732 -0.009779 -0.0071698 -0.0020025 -0.0043489 -0.0038519 -0.0045411 0.0023561 -0.0019084 -0.0047625 -0.005068 -0.0048031 -0.0060729 -0.0019561 0.00042816 -0.0006339 0.0050209 0.0054793 0.0046449 0.0046585 0.016662 0.010741 0.0028282 0.0020994 0.0029994 0.0022185 -0.0017838
-0.0023318 0.0083743 0.016928 0.022212 0.0088951 0.0014927 0.0039231 -0.00334 -0.0079465 -0.003683 -0.0038263 -0.011263 -0.011664 -0.0082123 0.0012138 -0.009334 0.0013936 0.0054157 0.0032209 0.0099666 0.016352 0.02702 0.035984 0.047172 0.051205 0.053856 0.054031 0.043795 0.033325 0.030679 0.036889 0.031249 0.031726 0.03236 0.033599 0.034066 0.047822 0.055121 0.051744 0.043702 0.040621 0.04018 0.028619 0.017624 0.013843 -0.00040189 -0.0022022 -0.0035289 -0.010984 -0.01005 -0.0073611 -0.0063072 -0.0037084 -0.0046953 -0.00084697 0.0078156 0.019241 0.029109 0.035615 0.032028 0.032403 0.033694 0.038511 0.027088 0.034681 0.033992 0.035642 0.030932 0.038201 0.031111 0.03485 0.037674 0.049843 0.054305 0.040465 0.041075 0.03693 0.046014 0.054884 0.048335 0.048092 0.053243 0.05838 0.060374 0.057886 0.078166 0.088714 0.086183 0.092822 0.089699 0.087488 0.083023 0.081761 0.085827 0.08663 0.081111 0.076448 0.073242 0.078598 0.075281 0.072168 0.058191 0.054572 0.057198 0.0505 0.054413 0.054165 0.051213 0.062828 0.066897 0.069583 0.061908 0.071014 0.077102 0.080086 0.070344 0.069528 0.075425 0.071784 0.072822 0.069073 0.058214 0.053606 0.056107 0.046594 0.054526 0.048776 0.048569 0.062172 0.066488 0.061006 0.058779 0.060933 0.06242 0.066077 0.075545 0.067399 0.069417 0.068087 0.07823 0.070606 0.069853 0.076825 0.068727 0.068853 0.072818 0.074771 0.07627 0.076317 0.074657 0.077114 0.082663 0.077025 0.06728 0.059493 0.055965 0.056284 0.050093 0.048605 0.047415 0.037371 0.045381 0.040992 0.043313 0.045245 0.046725 0.045037 0.054439 0.047517 0.039806 0.045598 0.038775 0.033014 0.04031 0.041944 0.037623 0.036005 0.028574 0.02527 0.019382 0.012202 0.013085 0.022716 0.032546 0.039469 0.032405 0.038137 0.031738 0.03582 0.054388 0.06044 0.061129 0.060707 0.068825 0.083848 0.079798 0.080261 0.08887 0.093224 0.089862 0.087779 0.080956 0.075595 0.069616 0.071982 0.062933 0.04429 0.040035 0.042526 0.036034 0.026756 0.028787 0.034823 0.026442 0.026943 0.021007 0.027951 0.022239 0.033095 0.035687 0.050005 0.047862 0.049157 0.065237 0.068147 0.07946 0.078001 0.088468 0.085788 0.086081 0.086013 0.084289 0.068027 0.06571 0.067749 0.071561 0.056745 0.052093 0.045359 0.043682 0.035091 0.045309 0.033887 0.037358 0.03505 0.023807 0.018965 0.011924 0.010934 0.0099599 0.0085504 0.0083521 0.0081398 0.0011735 0.010155 0.01514 0.023604 0.026383 0.015026 0.0082272 0.013485 0.016626 0.017086 0.013249 0.025608 0.023542 0.023447 0.015022 0.020137 0.011517 0.011298 0.0057794 0.015812 0.018334 0.017915 0.022364 0.017873 0.020378 0.031181 0.024383 0.016537 0.02029 0.02315 0.024048 0.021247 0.028737 0.020809 0.025463 0.031695 0.026869 0.02416 0.025217 0.02202 0.013067 0.013076 0.022696 0.020447 0.025218 0.02007 0.014155 0.011889 0.020481 0.027527 0.01541 0.013778 0.018889 0.02076 0.027208 0.03277 0.022606 0.025336 0.02075 0.019555 0.025716 0.032893 0.037374 0.021355 0.025039 0.027062 0.024287 0.020067 0.015395 0.024381 0.026479 0.026604 0.013485 0.024761 0.034375 0.039482 0.041566 0.044016 0.03565 0.050102 0.056052 0.053373 0.044836 0.047595 0.045299 0.044988 0.049505 0.043473 0.041777 0.040462 0.033832 0.040709 0.032844 0.043229 0.045776 0.042626 0.042368 0.032634 0.026194 0.030076 0.032219 0.03349 0.038791 0.043188 0.036443 0.034489 0.036227 0.048308 0.037477 0.045312 0.049211 0.052726 0.048327 0.04831 0.050351 0.059411 0.061312 0.054748 0.058707 0.057906 0.054671 0.055715 0.055262 0.062037 0.063099 0.068285 0.079556 0.072365 0.078427 0.078828 0.079004 0.076415 0.077287 0.0749 0.075204 0.068752 0.062808 0.056306 0.056306 0.050022 0.042077 0.0433 0.050866 0.043676 0.030247 0.02726 0.024271 0.030987 0.030139 0.034805 0.034326 0.032772 0.025849 0.019556 0.016104 0.026959 0.026528 0.023961 0.029248 0.029051 0.029768 0.026732 0.034362 0.019593 0.017727 0.021049 0.015762 0.010228 0.017075 0.020596 0.021345 0.016713 0.017942 0.014953 0.01488 0.016357 0.022555 0.020271 0.018813 0.019425 0.01589 0.021883 0.017254 0.007083 0.0077436 0.012372 0.0085601 0.014379 0.013715 0.021575 0.02501 0.027292 0.023785 0.028038 0.022692 0.028077 0.024039 0.02093 0.021034 0.02146 0.021148 0.022846 0.021596 0.018815 0.016453 0.014426 0.022243 0.011405 0.013002 0.022462 0.027957 0.02476 0.021098 0.0078687 0.0094594 0.013721 0.014063 0.015865 0.012947 0.017235 0.0088561 0.0071149 0.0012247 -8.1246e-06 -0.0087778 0.0018179 -0.0039058 0.0048826 0.0089001 0.0081067 0.0055287 0.0080597 0.0093396 0.0069443 0.011975 0.01055 0.016389 0.015927 0.025068 0.037244 0.027812 0.010571 0.016678 0.020212 0.012924 0.005345 0.0034136 0.012283 0.017766 0.022965 0.023851 0.013822 0.0083011 0.0096807 0.0058591 0.0081194 0.014323 0.011766 0.010405 0.0077136 0.017105 0.008503 0.0075117 0.013169 0.008834 0.0089866 0.013511 0.015412 0.0088483 0.011757 0.0090829 0.01209 0.0014492 0.0093624 0.0083366 0.0068714 0.012831 0.012755 0.010415 0.008026 0.012921 0.0097188 0.013731 0.019834 0.019751 0.017411 0.0091556 0.0082973 0.0098256 0.017697 0.02452 0.031396 0.031884 0.027693 0.016846 0.018159 0.029172 0.026251 0.024172 0.018038 0.016747 0.029258 0.025823 0.024239 0.013715 0.012047 0.018676 0.02229 0.023115 0.016037 0.0092916 0.019129 0.020409 0.024709 0.015326 0.0070948 0.010311 0.0036614 0.01407 0.020503 0.017163 0.01678 0.0098302 0.013138 0.016007 0.010892 0.011572 0.0093747 0.0011209 0.00090421 0.00062372 0.0028631 -0.0017915 0.00056976 0.0013292 0.0052792 0.00638 0.0062203 0.0057975 -0.0019192 0.0045424 0.013994 0.0033667 0.0071942 -0.0029963 -0.0071263 0.00027527 0.0053285 0.0022017 -0.0026727 -7.541e-05 -7.2145e-05 -0.00070652 0.0053726 0.0028998 0.0086656 -0.0053251 -0.0054321 -0.00099303 -0.00060922 0.014309 0.017287 0.012661 0.0049328 0.0039699 0.0099474 0.013384 0.0045259 0.0024245 -0.00030271 -0.0010551 -0.0068621 0.0031298 -6.1828e-05 -0.0027727 -0.00045841 0.0089375 0.014019 -0.0020875 -0.0038773 0.0011732 0.0023989 0.0038759 0.00087226 0.0025213 0.0087839 0.0052597 0.0030331 -0.0027567 0.003382 0.0050259 0.00076461 -0.00039133 -0.0025844 -0.0026242 0.0012881 -0.00081227 -0.0015919 -0.00027109 0.0041189 -0.0024432 -0.0072832 -0.0062152 0.0013793 -0.0025659 -0.0044095 0.00098813 0.0026646 -0.0033242 -0.0030201 0.0020114 0.00063731 -0.013932 -0.011654 -0.010218 -0.0087385 -0.0031727 -0.0069103 -0.0048599 -0.005534 0.0020278 0.0015193 -0.00054926 -0.002105 -0.0041625 -0.006882 -0.0017445 -0.0006118 -0.0034426 0.0035777 0.0065995 0.0037766 0.0032693 0.011779 0.0057886 -0.0026744 -6.7595e-05 0.0022647 0.0026603
-0.00054003 0.0071847 0.016478 0.021289 0.011652 0.0036319 0.0027092 -0.0047009 0.00019147 0.0041549 -0.00039451 -0.0057245 -0.0089286 -0.0079003 0.00056118 -0.0064792 0.001469 0.00036618 0.00096604 0.0099509 0.01527 0.024815 0.030437 0.042811 0.045664 0.049285 0.046327 0.03648 0.029901 0.028938 0.033126 0.027834 0.029966 0.026191 0.024505 0.023268 0.040498 0.046595 0.043178 0.040152 0.034076 0.036954 0.029747 0.021489 0.015189 0.0018536 0.004065 0.0060467 0.0026084 -0.0025771 -0.00073104 0.0012738 0.0031155 0.0035521 0.0090608 0.011811 0.026142 0.03525 0.038611 0.036228 0.035404 0.040297 0.045101 0.030318 0.035667 0.036782 0.038126 0.031357 0.037524 0.032501 0.032125 0.035754 0.050468 0.054223 0.042814 0.043329 0.038187 0.046754 0.05467 0.052125 0.052146 0.060968 0.06498 0.070337 0.067795 0.086833 0.096113 0.091968 0.098911 0.09344 0.090423 0.085372 0.082542 0.086018 0.083634 0.080891 0.074705 0.073453 0.077779 0.073909 0.0744 0.062031 0.056234 0.059082 0.052704 0.057188 0.060402 0.058417 0.069791 0.072701 0.077248 0.069456 0.080107 0.08461 0.087151 0.074909 0.073775 0.077333 0.072663 0.07274 0.066026 0.056221 0.052266 0.054917 0.045667 0.049638 0.042907 0.046249 0.063913 0.065442 0.059987 0.06201 0.065846 0.062989 0.064293 0.076567 0.0678 0.06588 0.067516 0.073733 0.064997 0.06981 0.077382 0.066052 0.067795 0.072431 0.077291 0.077809 0.074979 0.070117 0.069337 0.071597 0.069364 0.062072 0.051925 0.050324 0.053836 0.047924 0.050369 0.047262 0.039762 0.045074 0.036866 0.040138 0.042927 0.045045 0.04504 0.048877 0.042091 0.036477 0.046653 0.037963 0.032012 0.043048 0.038983 0.038626 0.037712 0.030001 0.021981 0.017763 0.013154 0.015908 0.031415 0.037982 0.040413 0.035739 0.042445 0.03901 0.042892 0.060128 0.066987 0.066216 0.06918 0.073326 0.091097 0.085564 0.084363 0.093547 0.093915 0.089403 0.08691 0.075096 0.071077 0.06396 0.060882 0.053054 0.033783 0.033153 0.032775 0.028792 0.016435 0.019986 0.030291 0.023971 0.020111 0.015512 0.026491 0.022688 0.029186 0.032565 0.05494 0.054948 0.051488 0.06989 0.076069 0.089157 0.089533 0.097427 0.093427 0.096907 0.091641 0.080266 0.063137 0.057356 0.055938 0.060854 0.050076 0.046696 0.039678 0.035666 0.026629 0.040699 0.031497 0.036305 0.034355 0.023378 0.0193 0.012956 0.010734 0.0099327 0.0083438 0.0056342 0.0073177 0.001003 0.0083828 0.012811 0.020579 0.027263 0.012418 0.0080837 0.011266 0.012992 0.016596 0.012701 0.025136 0.02241 0.023564 0.01365 0.018323 0.007595 0.010783 0.0022143 0.015248 0.017234 0.017366 0.020097 0.017634 0.024222 0.032063 0.020537 0.015476 0.01752 0.022811 0.021312 0.020098 0.026655 0.017825 0.021544 0.032907 0.02376 0.019815 0.025173 0.01753 0.015219 0.014778 0.025953 0.019647 0.023784 0.022408 0.01276 0.012837 0.02196 0.026851 0.014585 0.016463 0.017811 0.024315 0.026374 0.037207 0.023974 0.027166 0.021408 0.020823 0.026417 0.031412 0.034324 0.021691 0.02313 0.024337 0.023259 0.017923 0.013112 0.0233 0.024238 0.026357 0.01133 0.023645 0.033299 0.04166 0.044882 0.049085 0.040169 0.053374 0.057776 0.056816 0.051341 0.04972 0.043219 0.039132 0.048666 0.046137 0.037845 0.04003 0.033294 0.03759 0.032657 0.043481 0.040577 0.035004 0.040491 0.030545 0.026973 0.027414 0.031278 0.03164 0.030797 0.038715 0.034084 0.034778 0.036505 0.044893 0.03554 0.043925 0.046284 0.049453 0.045037 0.047274 0.053115 0.058255 0.064753 0.058952 0.057484 0.054829 0.052856 0.057516 0.056783 0.061626 0.064446 0.070372 0.08051 0.078343 0.07961 0.080238 0.077746 0.075081 0.074497 0.072941 0.068013 0.05907 0.052888 0.046629 0.046495 0.036964 0.027996 0.037991 0.048446 0.035211 0.023441 0.018063 0.018348 0.025987 0.028318 0.032947 0.03154 0.029611 0.02234 0.011579 0.0086651 0.021025 0.023659 0.023465 0.029925 0.027847 0.030837 0.027646 0.029893 0.01626 0.012094 0.018685 0.012987 0.0083167 0.015251 0.021255 0.02052 0.014139 0.016734 0.01633 0.015978 0.019631 0.018993 0.022519 0.020265 0.022386 0.021505 0.023555 0.017161 0.0045016 0.0058613 0.012338 0.0098835 0.015936 0.015656 0.025868 0.024338 0.024981 0.020969 0.023125 0.020908 0.024484 0.020318 0.017699 0.018787 0.022066 0.019617 0.019064 0.023012 0.01833 0.020568 0.01959 0.02956 0.021163 0.022688 0.029588 0.039938 0.034632 0.031204 0.021815 0.021719 0.027906 0.025379 0.026273 0.026586 0.02889 0.021062 0.015694 0.0090937 0.0059631 0.00069091 0.011722 0.007104 0.013139 0.014867 0.018076 0.015905 0.021584 0.020592 0.018849 0.024179 0.019704 0.022997 0.028363 0.031256 0.041091 0.030644 0.013845 0.016468 0.017936 0.014806 0.0096871 0.0048646 0.016933 0.020067 0.023892 0.024937 0.021292 0.014766 0.0093431 0.0065028 0.010721 0.013924 0.011793 0.014271 0.013716 0.01749 0.0081443 0.0058835 0.011614 0.0044077 0.0093928 0.01696 0.013681 0.010053 0.012699 0.012688 0.011262 0.00028801 0.0099295 0.0096252 0.0053551 0.010768 0.010257 0.0053924 0.0060067 0.0075813 0.0057332 0.012608 0.012347 0.014116 0.013853 0.0068375 0.0066823 0.0071683 0.013807 0.020321 0.0258 0.023713 0.020402 0.0139 0.012616 0.021006 0.020127 0.015323 0.012685 0.01318 0.029735 0.026267 0.022409 0.010333 0.0062496 0.01277 0.018167 0.020341 0.012093 0.0085148 0.019568 0.021375 0.023939 0.012624 0.0029534 0.0067165 -3.0253e-05 0.011852 0.018476 0.012546 0.01215 0.0082191 0.012257 0.01693 0.0025123 0.0054775 0.0061182 -0.0029236 -0.00026507 -0.0010212 0.00065772 -0.0016226 -0.0025528 -8.4165e-05 0.0043226 0.0049824 0.0068433 0.0082949 -0.0018582 0.0029465 0.014242 0.0037561 0.0076941 -0.00028851 -0.0038509 -0.00026885 0.005783 0.00030804 -0.004998 -0.0025555 -0.00063316 0.0011833 0.0026493 -0.0012746 0.0053609 -0.0071899 -0.0056722 -0.0027876 -0.002209 0.011214 0.012062 0.011745 0.0049855 0.002775 0.0061958 0.010896 0.00027323 0.0022388 -0.0014603 -0.0039241 -0.0065789 0.0040082 -7.7783e-05 -0.0068847 -0.0062155 0.0042843 0.0098975 0.00062959 -0.0011737 -0.00070412 0.0024173 0.0048992 0.0010494 0.0030301 0.0067099 0.0041101 0.0046341 -0.00477 0.0058795 0.0066162 -0.0018187 -0.0030657 -0.0049094 -0.0063934 0.00060654 -0.0011483 -0.0019574 -0.00035038 0.0070156 -0.0037178 -0.010528 -0.0062106 0.0031855 -0.0034582 -0.002905 0.003551 0.0028553 -0.0016165 0.0029741 0.0035618 0.0015194 -0.0099643 -0.009686 -0.0088528 -0.0096008 -0.0041211 -0.0088156 -0.0053461 -0.0037081 0.00041836 0.0030288 0.0013327 -0.0002359 -0.0030547 -0.0065931 -0.00093756 -0.0012577 -0.0063052 0.00028494 0.0043656 0.0012503 0.002912 0.0058485 0.0015501 -0.0082496 -0.0032042 0.0027537 0.0038157
-0.0016808 -0.006105 -0.004908 -0.0021382 0.003526 0.0097849 0.014778 0.009844 0.0030715 -0.0012993 -0.008868 0.0058962 0.0095557 0.0026212 4.7007e-05 -0.0093405 -0.010143 -0.00088673 -0.0048276 -0.00087006 -0.0043254 3.0273e-05 0.011472 0.015157 0.022327 0.024636 0.037345 0.037991 0.04228 0.037149 0.028592 0.0261 0.024522 0.027057 0.022759 0.028436 0.022158 0.018083 0.014646 0.034214 0.037197 0.034466 0.035277 0.026205 0.031414 0.028445 0.023178 0.016393 0.0047766 0.010696 0.017281 0.015862 0.0042162 0.004974 0.0081348 0.0079127 0.010952 0.016524 0.014753 0.031066 0.038043 0.038509 0.039002 0.038161 0.045744 0.052004 0.035533 0.036901 0.040911 0.041015 0.035656 0.037789 0.034005 0.031545 0.034572 0.052898 0.05354 0.044112 0.04507 0.038738 0.0492 0.054766 0.053284 0.055348 0.067426 0.070444 0.078871 0.079444 0.095574 0.10123 0.094453 0.10409 0.095899 0.091265 0.088174 0.083112 0.083217 0.080166 0.080493 0.073892 0.075142 0.07687 0.073248 0.076522 0.066721 0.060316 0.061695 0.056229 0.05988 0.069045 0.065245 0.076875 0.07853 0.083164 0.075757 0.087905 0.089002 0.093269 0.07872 0.076375 0.075212 0.070819 0.0707 0.061683 0.054648 0.052546 0.054794 0.047057 0.046216 0.039213 0.04589 0.063184 0.062684 0.059801 0.065891 0.069764 0.063637 0.061574 0.074746 0.066763 0.060532 0.065155 0.066932 0.060932 0.068416 0.076356 0.065042 0.068798 0.07343 0.078499 0.079923 0.074211 0.063095 0.05998 0.061461 0.06201 0.056707 0.045213 0.043036 0.050311 0.047636 0.053104 0.047288 0.042627 0.046108 0.036224 0.040233 0.0433 0.044284 0.046786 0.045103 0.040457 0.036213 0.046243 0.03865 0.033291 0.045759 0.038022 0.040926 0.037908 0.031291 0.020754 0.017504 0.016099 0.018854 0.035447 0.040271 0.039847 0.038977 0.047012 0.047786 0.052076 0.064776 0.072533 0.071634 0.078664 0.07819 0.096392 0.092425 0.087207 0.092345 0.088065 0.085824 0.084828 0.067259 0.064103 0.05662 0.049157 0.04339 0.027208 0.029499 0.025724 0.023104 0.010808 0.013544 0.026718 0.022532 0.014798 0.011803 0.026136 0.02577 0.027195 0.027577 0.054654 0.058743 0.055279 0.075628 0.084781 0.098403 0.0982 0.10101 0.096384 0.102 0.094238 0.07369 0.057763 0.049309 0.042057 0.047062 0.043144 0.039926 0.034337 0.029012 0.019906 0.035389 0.031256 0.033574 0.032672 0.024374 0.020735 0.013221 0.012477 0.0095092 0.010529 0.0042853 0.0081878 0.0027406 0.0070481 0.0085339 0.015564 0.025474 0.0083461 0.0080119 0.0073882 0.0077161 0.014711 0.011018 0.019409 0.019853 0.022777 0.011853 0.016075 0.00353 0.0097137 0.00083776 0.014198 0.014835 0.015345 0.017412 0.018592 0.026876 0.031166 0.017481 0.015751 0.015237 0.0223 0.018588 0.019112 0.024789 0.015607 0.017142 0.03501 0.022493 0.015425 0.024558 0.015078 0.018676 0.014663 0.024972 0.016081 0.020403 0.023977 0.010464 0.012308 0.02109 0.024989 0.014124 0.019194 0.016479 0.027146 0.026139 0.041965 0.026986 0.029226 0.021451 0.024069 0.029139 0.032 0.032166 0.02346 0.023185 0.024602 0.023175 0.016238 0.012005 0.022813 0.022694 0.025155 0.0098826 0.020944 0.029204 0.039807 0.046509 0.050634 0.040964 0.050586 0.057561 0.058644 0.056264 0.051194 0.04046 0.034761 0.045563 0.047603 0.033743 0.037878 0.034026 0.035481 0.032906 0.041929 0.032889 0.026128 0.036816 0.026269 0.02756 0.024234 0.029011 0.028242 0.024109 0.03285 0.031397 0.033652 0.035387 0.038887 0.031915 0.04251 0.041554 0.043189 0.039461 0.044877 0.05431 0.052735 0.062602 0.062393 0.055842 0.05198 0.049631 0.057713 0.058536 0.058293 0.063388 0.069406 0.078516 0.080529 0.077785 0.07811 0.0742 0.072181 0.070441 0.069379 0.060346 0.051855 0.0448 0.037015 0.037533 0.025676 0.015877 0.032335 0.044982 0.026108 0.017406 0.0093 0.01437 0.023227 0.025881 0.027579 0.026178 0.02196 0.016533 0.0044282 0.0039078 0.016151 0.020787 0.023536 0.028127 0.025051 0.028832 0.024918 0.023086 0.013771 0.0086873 0.016593 0.012064 0.0070113 0.013806 0.022828 0.021748 0.014424 0.016513 0.017786 0.018097 0.022357 0.015721 0.024793 0.022588 0.025719 0.025012 0.022108 0.014544 0.0021953 0.0038081 0.013098 0.013863 0.016747 0.017152 0.027956 0.021021 0.022652 0.018064 0.016749 0.017831 0.017762 0.017055 0.015483 0.014929 0.019174 0.014857 0.015325 0.023106 0.018911 0.021706 0.021931 0.03261 0.02806 0.030681 0.034889 0.048751 0.043513 0.041006 0.037151 0.035407 0.041618 0.039716 0.038788 0.041309 0.041036 0.036071 0.027704 0.021401 0.017403 0.014741 0.023551 0.019763 0.018828 0.021338 0.027587 0.024799 0.033343 0.028625 0.029006 0.036902 0.02837 0.026915 0.035515 0.034256 0.039129 0.029872 0.014435 0.013647 0.013187 0.016264 0.013863 0.0069452 0.020422 0.023047 0.023825 0.026428 0.027578 0.022489 0.010505 0.0099351 0.014336 0.013457 0.014402 0.017977 0.020511 0.017824 0.0088693 0.0094254 0.013372 0.004904 0.013941 0.022549 0.014892 0.013051 0.013881 0.015708 0.010821 0.00053327 0.011987 0.010302 0.0041042 0.0080189 0.0070088 -2.764e-05 0.0024182 0.00067792 0.0016161 0.01128 0.0034908 0.007957 0.0092514 0.0050379 0.0067883 0.0052268 0.011224 0.016032 0.020122 0.01467 0.016235 0.014562 0.0092949 0.013722 0.014353 0.0080735 0.0088967 0.0098248 0.028064 0.02587 0.021704 0.0071843 0.0028448 0.0091962 0.016308 0.019915 0.011104 0.011743 0.020153 0.021632 0.019321 0.0092027 0.00092955 0.0050259 0.00018613 0.0094052 0.013192 0.0084511 0.0090811 0.0072722 0.0098468 0.015377 -0.0050539 0.00031206 0.0038795 -0.0053129 -0.00014051 -0.0019523 -0.0008568 0.0009607 -0.0059742 -0.0025999 0.0019387 0.0014628 0.0073259 0.012336 -0.00096803 0.0014555 0.014712 0.0051863 0.009676 0.0054542 0.00058726 0.00050637 0.0087176 0.0010451 -0.0052626 -0.0045836 -0.0016768 0.0017866 -0.0028031 -0.0056805 0.002911 -0.0072595 -0.0044612 -0.003739 -0.003076 0.0064635 0.0046289 0.011142 0.0076154 0.00077724 0.0020395 0.0090269 -0.0019802 0.0033971 -0.0012954 -0.003719 -0.0026342 0.0080671 0.002166 -0.01064 -0.010667 -4.2522e-05 0.007242 0.0055419 0.0031125 -0.00032728 0.0019208 0.0053875 0.0030526 0.0038429 0.00389 0.0027394 0.0066144 -0.0046792 0.0082264 0.0088524 -0.0017303 -0.0035789 -0.0055715 -0.0096538 -0.001298 -0.0020774 -0.003169 -0.0016276 0.0069478 -0.0059141 -0.013862 -0.0072496 0.0012962 -0.0052917 -0.0034142 0.0052683 0.0046819 0.0004217 0.0076633 0.0029861 0.0013809 -0.0039254 -0.0059859 -0.0061447 -0.0097108 -0.0048283 -0.0094762 -0.0054652 0.00019407 -0.0020445 0.0023024 0.00067256 0.0013741 -0.00021682 -0.0054987 -0.0003126 -0.0020004 -0.0081461 -0.0031817 -0.00024624 -0.0021675 0.0026684 8.3701e-05 -0.00086925 -0.01178
-0.0076835 -0.0088647 -0.0051755 -0.0044626 -0.00081677 -0.00076763 0.0066978 0.0060864 0.0022471 -0.005013 -0.012608 0.0095602 0.014006 0.0064749 0.005654 -0.011411 -0.013053 4.3594e-06 -0.0029753 -0.0038039 -0.0055244 0.0024352 0.013581 0.016608 0.019105 0.022235 0.034402 0.033338 0.036988 0.030489 0.023386 0.024566 0.021151 0.022537 0.018472 0.027685 0.020766 0.017386 0.012804 0.031537 0.030086 0.028684 0.031038 0.021482 0.027412 0.02649 0.024062 0.0193 0.0085704 0.015542 0.02712 0.024739 0.0088297 0.0091097 0.012484 0.0092271 0.016196 0.021578 0.019288 0.034764 0.037327 0.035786 0.040046 0.04069 0.049879 0.058802 0.042244 0.039511 0.046915 0.044142 0.042361 0.039239 0.036277 0.033679 0.034681 0.057141 0.053869 0.045328 0.047132 0.039099 0.054445 0.055156 0.051659 0.058659 0.073086 0.074608 0.085304 0.091699 0.10377 0.10519 0.095227 0.10978 0.097641 0.091079 0.092333 0.085078 0.080459 0.07917 0.080963 0.075139 0.077128 0.076518 0.074698 0.079271 0.071874 0.067094 0.064866 0.061017 0.063247 0.078713 0.070632 0.082345 0.083757 0.085454 0.079206 0.092333 0.089143 0.098117 0.082037 0.078899 0.071383 0.068612 0.069109 0.057434 0.053301 0.054353 0.056183 0.050102 0.044771 0.03867 0.047511 0.058722 0.058593 0.061007 0.06967 0.070734 0.063967 0.059347 0.072496 0.065912 0.054703 0.061499 0.061472 0.061235 0.066478 0.075092 0.066626 0.073862 0.077605 0.080029 0.082829 0.07424 0.05573 0.052254 0.054831 0.057213 0.052873 0.041095 0.03605 0.04666 0.049431 0.055318 0.047528 0.045208 0.048709 0.039886 0.043355 0.047292 0.044781 0.049543 0.044451 0.042937 0.039364 0.043988 0.039202 0.035202 0.045229 0.037999 0.043072 0.037389 0.032226 0.023038 0.018366 0.018396 0.020008 0.032936 0.039689 0.039315 0.041675 0.051368 0.057016 0.062289 0.069332 0.078764 0.077557 0.087257 0.082711 0.099111 0.09895 0.088609 0.085157 0.07636 0.078008 0.079742 0.057567 0.054124 0.04658 0.038208 0.034729 0.02415 0.02885 0.022161 0.019642 0.011327 0.011783 0.024854 0.022378 0.01201 0.0099107 0.027127 0.030242 0.028028 0.022949 0.049803 0.058425 0.061263 0.081706 0.093025 0.10516 0.10102 0.098871 0.092787 0.097481 0.090723 0.065157 0.051974 0.041833 0.028262 0.032415 0.036395 0.033011 0.029156 0.025282 0.016515 0.029247 0.030642 0.028207 0.028298 0.024512 0.02144 0.010769 0.013203 0.0078882 0.013167 0.0041078 0.0089402 0.0044164 0.0055366 0.0027847 0.0096455 0.02105 0.0032027 0.0070192 0.0014788 0.0023529 0.011901 0.0099552 0.011192 0.016769 0.021787 0.0091302 0.0142 -0.00028458 0.0075107 0.003158 0.012908 0.012839 0.012711 0.013895 0.0203 0.02782 0.029694 0.016315 0.017355 0.014775 0.02155 0.016883 0.017573 0.024169 0.015041 0.014545 0.036866 0.023711 0.01322 0.023823 0.014964 0.020692 0.011267 0.019106 0.010519 0.01553 0.024175 0.0075004 0.0098992 0.017462 0.023301 0.014434 0.020607 0.01525 0.028198 0.026919 0.046163 0.030403 0.030145 0.020349 0.028154 0.03349 0.035703 0.032357 0.027215 0.026058 0.027774 0.023158 0.015124 0.012472 0.021785 0.021084 0.022526 0.0099691 0.017462 0.023547 0.034993 0.045552 0.048147 0.037411 0.0417 0.05575 0.058934 0.058412 0.051345 0.036432 0.033683 0.04061 0.045461 0.028941 0.032146 0.033706 0.032996 0.031285 0.038137 0.0238 0.018009 0.030728 0.019948 0.02687 0.020195 0.023333 0.022058 0.019706 0.025751 0.028148 0.030219 0.033788 0.032282 0.026541 0.040349 0.035834 0.035456 0.032637 0.042255 0.053177 0.044923 0.05564 0.063123 0.05208 0.049489 0.047073 0.056576 0.059958 0.052664 0.058851 0.065736 0.073161 0.076815 0.073014 0.070614 0.068081 0.06632 0.065062 0.063319 0.052535 0.04746 0.039246 0.02839 0.029668 0.018395 0.0079071 0.026032 0.038998 0.016964 0.011706 0.0018618 0.011379 0.020615 0.021425 0.01859 0.01883 0.0099171 0.0080132 -0.0018554 0.0023945 0.011861 0.015443 0.021315 0.022823 0.020153 0.023023 0.017247 0.014069 0.011591 0.0070621 0.014336 0.013293 0.0068684 0.013217 0.024354 0.024663 0.0179 0.017247 0.019005 0.019684 0.02232 0.011849 0.02618 0.024265 0.026986 0.023403 0.015908 0.0087729 -0.00045657 0.0019308 0.013508 0.019242 0.015288 0.015505 0.025103 0.013879 0.018795 0.014113 0.0090429 0.013155 0.0084593 0.013391 0.01367 0.0097666 0.012346 0.0076431 0.013703 0.02236 0.021064 0.019791 0.020835 0.031537 0.030883 0.035723 0.038554 0.052729 0.050106 0.04849 0.04972 0.046506 0.051207 0.053359 0.0508 0.054803 0.052157 0.05153 0.040189 0.036106 0.032758 0.030385 0.035582 0.030828 0.021426 0.027285 0.034648 0.030093 0.041412 0.032604 0.035346 0.047346 0.034615 0.029167 0.036146 0.033283 0.032066 0.025405 0.012113 0.010185 0.0078334 0.017083 0.0171 0.0078552 0.021131 0.026809 0.021986 0.027795 0.02978 0.028034 0.011584 0.014692 0.017798 0.013793 0.017432 0.019645 0.02527 0.01535 0.0080183 0.015051 0.015721 0.0089604 0.018283 0.025296 0.016443 0.015555 0.014761 0.016032 0.0092813 0.00074293 0.014255 0.0098279 0.0029045 0.0047419 0.0040344 -0.0032806 -0.0026408 -0.0063487 -0.0012228 0.009888 -0.0053416 0.0016233 0.003294 0.0024336 0.0063467 0.0024836 0.0086925 0.011838 0.015612 0.0063117 0.01574 0.017717 0.0085903 0.0074238 0.0097178 0.0029494 0.0064696 0.0069837 0.024229 0.02517 0.022296 0.0046898 0.002517 0.0080143 0.01662 0.0214 0.012447 0.016979 0.020827 0.021441 0.012406 0.0066116 0.001287 0.0052081 0.0037608 0.0069751 0.0062494 0.0059063 0.0085355 0.0067057 0.0061997 0.010872 -0.0097543 -0.002723 0.0036005 -0.0046372 0.0011709 -0.0024003 -0.0011632 0.0052894 -0.0086317 -0.005476 -0.00096274 -0.0027916 0.0060827 0.01588 0.0015425 0.0017577 0.01563 0.0073116 0.01225 0.011977 0.0050941 0.0031788 0.015021 0.0044236 -0.0039646 -0.0058891 -0.0023919 0.00015808 -0.0091841 -0.0095723 0.0014727 -0.0059009 -0.0020672 -0.0043812 -0.0038803 0.00069389 -0.0030345 0.012422 0.012742 -0.0015591 -0.0012648 0.0082993 -0.0021754 0.0042103 -0.00036085 -0.00053128 0.0035278 0.014855 0.0062392 -0.012069 -0.011972 -0.0029781 0.0063498 0.009644 0.0065001 0.0012091 0.00080906 0.0046931 0.0058931 0.0030864 0.0001604 0.0010784 0.0085437 -0.0029809 0.0087679 0.0093924 -0.00041525 -0.0022586 -0.0044554 -0.010712 -0.005201 -0.004021 -0.0048582 -0.0034345 0.0038643 -0.0081964 -0.015328 -0.0083457 -0.0037303 -0.0073617 -0.0058839 0.0053953 0.0067151 0.0017335 0.0093515 0.00077437 -9.9207e-05 0.0028613 -0.0014407 -0.0025454 -0.0088293 -0.0044818 -0.0086306 -0.0048646 0.0047683 -0.0041869 0.0002086 -0.00096004 0.003771 0.00486 -0.0040899 -0.00037031 -0.0028132 -0.0077562 -0.0043584 -0.0046726 -0.0048618 0.0020074 -0.0045095 -0.0010241 -0.011379
-0.011552 -0.007092 -0.0020063 -0.0025404 -0.0029674 -0.0097328 0.0036236 0.0054734 0.0054629 -0.0038978 -0.011671 0.013745 0.020916 0.012829 0.010951 -0.012246 -0.014569 0.0047412 4.4237e-05 -0.0057483 -0.001882 0.0079817 0.013114 0.018135 0.013927 0.025011 0.035633 0.034686 0.036343 0.028093 0.021687 0.02605 0.021676 0.022397 0.016417 0.027091 0.020329 0.022129 0.018281 0.032428 0.026272 0.026692 0.027999 0.022897 0.0279 0.026076 0.026681 0.024764 0.013325 0.016752 0.032726 0.027031 0.011115 0.011994 0.013896 0.0070757 0.019298 0.026296 0.028018 0.038895 0.034106 0.031922 0.039716 0.043175 0.052767 0.064191 0.048513 0.043565 0.054429 0.047151 0.04822 0.04085 0.0398 0.037593 0.035612 0.061469 0.056391 0.048415 0.050194 0.039811 0.062299 0.054945 0.048024 0.062636 0.079134 0.078012 0.089791 0.10262 0.11071 0.10937 0.097083 0.11709 0.09944 0.090931 0.0984 0.089611 0.081047 0.082892 0.083119 0.078882 0.077852 0.076489 0.078424 0.083001 0.077655 0.076422 0.068767 0.067396 0.067893 0.086857 0.07407 0.0846 0.088123 0.084179 0.080363 0.09327 0.085908 0.10097 0.084349 0.082961 0.069392 0.069672 0.070849 0.054392 0.051409 0.05683 0.058694 0.053846 0.04471 0.040481 0.051044 0.050934 0.053789 0.06358 0.071828 0.067602 0.063361 0.058379 0.071883 0.066691 0.0495 0.056614 0.059852 0.066741 0.065226 0.075343 0.070544 0.083806 0.085316 0.083672 0.08558 0.073897 0.049571 0.048064 0.051815 0.055503 0.051272 0.039598 0.030537 0.04354 0.052745 0.055397 0.047705 0.046931 0.051786 0.046792 0.048301 0.053935 0.046879 0.052315 0.046803 0.047687 0.044606 0.039578 0.03665 0.034431 0.038761 0.037198 0.043152 0.036605 0.032662 0.029262 0.020135 0.01803 0.018239 0.025374 0.038007 0.040898 0.044371 0.055561 0.066127 0.071741 0.07402 0.085859 0.082999 0.092558 0.085611 0.099251 0.10311 0.088421 0.073918 0.061707 0.065682 0.070001 0.046056 0.041675 0.033778 0.028818 0.027588 0.023165 0.029886 0.0216 0.018703 0.017467 0.01629 0.025452 0.0235 0.011739 0.0093843 0.029484 0.034126 0.030891 0.020491 0.043037 0.055099 0.068814 0.085565 0.098418 0.10713 0.096863 0.093156 0.082678 0.082764 0.079777 0.055527 0.045185 0.035029 0.017354 0.019345 0.030226 0.027376 0.023523 0.024744 0.016459 0.022944 0.027213 0.021104 0.020785 0.022104 0.020817 0.0061435 0.011054 0.0054034 0.014628 0.0052516 0.0090072 0.0052818 0.0038295 -0.0033762 0.0045244 0.015039 -0.001616 0.0044012 -0.006264 -0.0017393 0.00819 0.010177 0.004686 0.014553 0.020833 0.0048755 0.012774 -0.0038903 0.0037945 0.0093804 0.011554 0.012786 0.010515 0.0090856 0.022353 0.028054 0.028529 0.016917 0.019498 0.016849 0.019595 0.016585 0.015517 0.025903 0.0168 0.016287 0.037501 0.026905 0.013912 0.023004 0.015908 0.018737 0.0042439 0.010293 0.0052364 0.010126 0.023119 0.0040034 0.0048673 0.01097 0.022649 0.01626 0.019602 0.014251 0.026673 0.028318 0.048068 0.032211 0.028619 0.016957 0.030589 0.038149 0.041788 0.034696 0.0326 0.031311 0.032083 0.021978 0.014814 0.015048 0.019379 0.018546 0.018148 0.011131 0.013961 0.019067 0.030378 0.042334 0.043918 0.031413 0.029862 0.052874 0.057732 0.057721 0.049922 0.03091 0.036506 0.035234 0.039179 0.023245 0.022737 0.029571 0.027855 0.026178 0.03309 0.013438 0.011766 0.022282 0.012671 0.024346 0.015344 0.014187 0.013454 0.018202 0.018247 0.02433 0.024017 0.03357 0.027194 0.019764 0.036166 0.030826 0.028817 0.026168 0.040921 0.049798 0.037828 0.046592 0.059079 0.043504 0.046694 0.046605 0.054272 0.060393 0.047064 0.051796 0.061091 0.064856 0.066649 0.065295 0.056637 0.05857 0.055941 0.058106 0.054531 0.044699 0.044545 0.035513 0.022375 0.023336 0.016388 0.005176 0.019277 0.030108 0.0090866 0.0065026 -0.003505 0.0081002 0.01567 0.013801 0.0071615 0.010467 -0.0047856 -0.0031779 -0.0080331 0.0035683 0.0066284 0.005718 0.014103 0.014347 0.01309 0.013617 0.0047758 0.0032061 0.0093512 0.0063417 0.011413 0.016435 0.0085083 0.013386 0.024126 0.027421 0.022367 0.017898 0.019342 0.018348 0.017679 0.006177 0.025773 0.023854 0.024452 0.016656 0.0057551 0.00085717 -0.0039936 0.0010395 0.013217 0.024548 0.010969 0.0095984 0.016496 0.0028567 0.012252 0.008665 0.001109 0.007231 -0.0023288 0.0077705 0.011176 0.004026 0.0025683 -5.2824e-06 0.014807 0.0218 0.02421 0.01685 0.016798 0.027529 0.029532 0.037471 0.041347 0.051657 0.053409 0.052618 0.056587 0.052048 0.05532 0.062563 0.059847 0.065155 0.060732 0.064029 0.049414 0.049655 0.047938 0.042332 0.044462 0.036941 0.021276 0.03161 0.038035 0.030886 0.044798 0.032565 0.035985 0.05226 0.036618 0.030896 0.031043 0.028759 0.022647 0.017692 0.0074414 0.008089 0.0035351 0.017536 0.019817 0.0069431 0.019091 0.030828 0.018375 0.029399 0.028266 0.029988 0.011937 0.019188 0.02087 0.016942 0.019234 0.018674 0.026549 0.0087496 0.0044112 0.01948 0.016044 0.013735 0.017339 0.020617 0.015148 0.014997 0.014176 0.011614 0.0048361 -0.0013232 0.014565 0.0076878 0.0013255 0.0017861 0.00236 -0.001892 -0.0079468 -0.011511 -0.0013937 0.008424 -0.012294 -0.0039419 -0.0036795 -0.0022052 0.0032924 -0.0018391 0.0045977 0.0076536 0.012802 -0.00030828 0.018278 0.02143 0.0093769 0.0011636 0.0066821 -0.00042255 0.004516 0.0050613 0.018886 0.025067 0.023813 0.0033638 0.0052043 0.0080167 0.017437 0.023397 0.014949 0.021383 0.021657 0.021778 0.0065968 0.0074617 0.0038008 0.0065593 0.0086816 0.0049151 0.00034037 0.0049313 0.010341 0.0060394 0.0019151 0.0034127 -0.011041 -0.0038862 0.0055009 -3.3241e-05 0.0030176 -0.0026946 0.00046268 0.011362 -0.0089508 -0.0082578 -0.0041578 -0.0056634 0.0025786 0.016856 0.0057436 0.0050744 0.017843 0.010235 0.013081 0.015685 0.0083282 0.007698 0.023634 0.0084896 -0.0024202 -0.006431 -0.00163 -0.0030593 -0.01411 -0.011886 0.0016432 -0.0035803 0.00065396 -0.0059272 -0.0062855 -0.0050156 -0.0086808 0.016371 0.01948 -0.0038142 -0.0027934 0.0086605 -0.0014981 0.0025345 0.00029478 0.0035869 0.009633 0.023278 0.011192 -0.0095095 -0.0090269 -0.0041391 0.0064829 0.010162 0.0072084 0.0024259 -0.0010301 0.0024533 0.0076434 -0.0013472 -0.0046256 -0.0003458 0.0098999 -0.0007139 0.0067026 0.0064589 0.00022845 -0.00029448 -0.0026069 -0.008979 -0.010917 -0.0064009 -0.0058932 -0.0043887 -0.0016038 -0.0091908 -0.012456 -0.0081532 -0.0096823 -0.0087247 -0.0093078 0.0042391 0.0073048 0.0014655 0.0071201 -0.0017183 -0.0023954 0.0087127 0.0024698 0.0018193 -0.0066011 -0.0016117 -0.0069088 -0.0027127 0.0085499 -0.0043858 -0.0014508 -0.00096799 0.0075758 0.011683 -0.0027385 -0.0010371 -0.0028065 -0.0041091 -0.0013597 -0.0059118 -0.0048199 0.0011186 -0.0072506 0.00051699 -0.0062373
-0.0079126 0.00064646 0.0041636 0.0064114 -0.0024109 -0.012518 0.010606 0.011218 0.015001 0.0039316 -0.0046143 0.020046 0.032063 0.021274 0.014745 -0.01034 -0.015248 0.010324 0.0025006 -0.0073576 0.0043379 0.01309 0.0042681 0.015183 0.0046921 0.031257 0.03933 0.040491 0.039854 0.028362 0.021563 0.028469 0.026278 0.026968 0.01632 0.025436 0.017971 0.029115 0.027437 0.034797 0.02515 0.027636 0.025286 0.031021 0.033416 0.028989 0.033774 0.031924 0.018944 0.012909 0.031978 0.022565 0.012104 0.014606 0.013866 0.0028329 0.021569 0.03403 0.042656 0.045287 0.030648 0.02861 0.038537 0.045865 0.053916 0.065517 0.051611 0.047717 0.061979 0.049704 0.049449 0.040355 0.044697 0.041646 0.036588 0.063179 0.061426 0.055625 0.054438 0.041514 0.07155 0.053288 0.044256 0.066676 0.086836 0.081811 0.093252 0.11023 0.11593 0.11465 0.10278 0.12604 0.10198 0.091051 0.10624 0.09738 0.086948 0.091847 0.08693 0.08495 0.076617 0.075771 0.083546 0.087371 0.08432 0.087824 0.073601 0.075903 0.073237 0.089716 0.075183 0.082354 0.091658 0.081453 0.0816 0.09228 0.081704 0.10013 0.083199 0.088442 0.072408 0.07748 0.077511 0.053268 0.048219 0.058572 0.060585 0.05755 0.04467 0.041906 0.056643 0.042199 0.048765 0.066916 0.070149 0.059563 0.061016 0.058218 0.073493 0.069297 0.045054 0.049412 0.06183 0.075264 0.065067 0.078079 0.075394 0.097804 0.094546 0.08973 0.085536 0.070547 0.043958 0.04622 0.049411 0.055027 0.050416 0.038505 0.025578 0.040446 0.056117 0.051844 0.0465 0.046927 0.052692 0.054361 0.053921 0.060321 0.051296 0.054804 0.050908 0.051617 0.049436 0.032201 0.027421 0.027144 0.02492 0.033646 0.039255 0.034229 0.032264 0.038022 0.02228 0.014608 0.013558 0.017295 0.038111 0.046168 0.0479 0.059942 0.075335 0.078278 0.077429 0.091458 0.085493 0.091339 0.084801 0.096779 0.10256 0.085842 0.061406 0.047792 0.049366 0.05476 0.032625 0.028193 0.019458 0.0211 0.022195 0.022828 0.030763 0.022716 0.020112 0.027341 0.027455 0.029001 0.025453 0.012851 0.009584 0.032614 0.035006 0.032973 0.019625 0.036957 0.05087 0.075804 0.083583 0.098021 0.10231 0.086261 0.087267 0.067785 0.060977 0.062667 0.045383 0.036197 0.029191 0.012355 0.0099612 0.024389 0.023605 0.01606 0.025662 0.017516 0.017601 0.019579 0.014594 0.011241 0.016469 0.019847 0.0025857 0.0065552 0.0033448 0.014386 0.0088124 0.010292 0.0065624 0.0028081 -0.0092074 0.0015951 0.0088173 -0.0045678 0.00014698 -0.015287 -0.0038628 0.0029239 0.0097466 0.0032656 0.014504 0.019012 -0.0012118 0.011293 -0.0072765 -0.0015199 0.0184 0.010286 0.01493 0.0093675 0.0024969 0.024398 0.029473 0.027103 0.017746 0.020856 0.021334 0.014715 0.017202 0.014374 0.031653 0.021298 0.024429 0.036363 0.030359 0.015907 0.020978 0.01485 0.010963 -0.0055562 0.0017251 0.0030411 0.0048994 0.02133 -0.00018008 -0.0035931 0.0018632 0.022418 0.019968 0.015358 0.013377 0.022157 0.028912 0.045777 0.030477 0.023682 0.009659 0.028309 0.041119 0.047484 0.036794 0.038302 0.037548 0.034919 0.018881 0.015542 0.020041 0.01507 0.013921 0.01149 0.011135 0.010287 0.018272 0.02993 0.038045 0.042529 0.027074 0.020595 0.049407 0.054457 0.054589 0.04666 0.024275 0.0421 0.031161 0.030268 0.017118 0.011871 0.020005 0.017945 0.017723 0.029638 0.0011933 0.0075864 0.013001 0.0061939 0.020076 0.0098623 0.0044351 0.0043611 0.02017 0.011461 0.02021 0.01548 0.037246 0.024847 0.012819 0.028782 0.028724 0.025638 0.021323 0.042071 0.045036 0.033853 0.038393 0.048121 0.02738 0.042453 0.048168 0.050082 0.05923 0.044467 0.045332 0.058335 0.054724 0.051415 0.054083 0.035895 0.044003 0.039524 0.0488 0.043216 0.037118 0.040901 0.032016 0.021031 0.018987 0.019561 0.0082492 0.013518 0.0198 0.0042748 0.002765 -0.006506 0.0032742 0.0064231 0.0022373 -0.0052314 0.0016617 -0.019469 -0.015989 -0.015028 0.0056341 -0.0015367 -0.0083459 0.00053873 0.0038263 0.0033996 0.00067265 -0.011159 -0.0091309 0.0074838 0.0057271 0.0075956 0.02051 0.01196 0.01298 0.019812 0.027066 0.023643 0.016311 0.017426 0.011703 0.0081733 -0.001762 0.023688 0.02165 0.01874 0.0084692 -0.0049114 -0.0067176 -0.008462 0.0025832 0.013109 0.028679 0.0041094 0.0003731 0.0040454 -0.010281 0.0034784 0.0028181 -0.0046079 0.0012068 -0.013612 -0.0015106 0.0065978 -0.0016521 -0.0085763 -0.0057855 0.016822 0.022294 0.026261 0.015982 0.010783 0.021572 0.024147 0.035936 0.043318 0.045934 0.052485 0.053708 0.056971 0.05095 0.055249 0.064079 0.063453 0.070912 0.065409 0.070031 0.052446 0.057942 0.057008 0.044266 0.04529 0.034995 0.018493 0.033602 0.037323 0.02701 0.043592 0.028721 0.02912 0.048998 0.033623 0.032884 0.022237 0.021982 0.01486 0.0083204 0.0017233 0.0091577 0.0015318 0.01878 0.023987 0.0057525 0.015974 0.033882 0.014054 0.032634 0.026235 0.03014 0.012419 0.022521 0.024149 0.024907 0.019587 0.016002 0.0245 -0.001777 -0.0014734 0.020164 0.012482 0.015375 0.0069035 0.0053558 0.0072226 0.008253 0.010072 0.00046856 -0.0045015 -0.008582 0.010315 0.0032652 -0.0012816 6.06e-05 0.0021171 0.0054238 -0.011572 -0.013156 0.0014984 0.0061138 -0.015587 -0.006914 -0.01058 -0.0092743 -0.0034736 -0.0076289 -0.0019366 0.0034451 0.011424 -0.0051805 0.023104 0.024136 0.0089837 -0.0065325 0.0052913 -0.0031727 0.0016078 0.0041542 0.0126 0.025997 0.024838 0.003404 0.009901 0.0074574 0.016337 0.024169 0.017506 0.021812 0.022449 0.024156 0.0055521 0.014534 0.007622 0.0075841 0.012189 0.0033272 -0.0019835 0.0045852 0.013647 0.0049067 -0.0022263 -0.0068114 -0.010115 -0.0051475 0.0087238 0.0073954 0.003965 -0.003383 0.0044793 0.019909 -0.0050658 -0.011167 -0.0081849 -0.0050009 -0.0024732 0.013654 0.010631 0.012026 0.022903 0.014455 0.0082809 0.012684 0.0084337 0.013233 0.032047 0.010057 -0.0021444 -0.0061041 0.0022371 -0.0051036 -0.015396 -0.01148 0.0046291 -0.00039472 0.0023549 -0.0098029 -0.011979 -0.0095582 -0.010892 0.021981 0.026051 -0.0060607 -0.0022756 0.0094527 -0.0017185 -0.003688 -0.00043782 0.0048515 0.013355 0.031487 0.015004 -0.0031302 -0.002093 -0.0038888 0.0059189 0.0060835 0.0049917 0.0024593 -0.0033452 -0.00065882 0.0064767 -0.010281 -0.010183 -0.00074142 0.0097991 0.00074559 0.0025594 -7.9724e-05 -0.00091365 0.00090414 -0.0019626 -0.0056717 -0.017193 -0.0072638 -0.0039668 -0.0028202 -0.0088491 -0.0072648 -0.003038 -0.0053323 -0.013407 -0.0084594 -0.011944 0.0031237 0.0057635 -0.00030181 0.0010858 -0.0031621 -0.0045375 0.012184 0.0045483 0.0073592 -0.0028894 0.0053042 -0.0058459 0.0022122 0.010793 -0.00081942 -0.00082512 0.0029359 0.012542 0.01915 -0.0013939 -0.0018906 -0.0004711 0.0033443 0.0059459 -0.0018108 -0.00015838 0.00082804 -0.0075217 0.0023025 0.0030774
0.0047865 0.0099843 0.0085394 0.018917 -0.003106 -0.0081833 0.028254 0.021364 0.02806 0.014794 0.004944 0.026572 0.045037 0.028229 0.014924 -0.0067068 -0.018751 0.0091128 -0.00045902 -0.011279 0.007671 0.01187 -0.019687 0.0011067 -0.0099826 0.03634 0.041439 0.044875 0.043451 0.02748 0.02026 0.027694 0.032102 0.033867 0.0165 0.022136 0.011881 0.034273 0.034276 0.036518 0.026649 0.030876 0.021582 0.04405 0.040951 0.035554 0.046786 0.037714 0.024763 0.0026066 0.023368 0.012541 0.013157 0.01792 0.015539 -0.001386 0.024957 0.047959 0.063023 0.054415 0.030274 0.026708 0.036245 0.048882 0.051416 0.058238 0.048672 0.049329 0.066776 0.051503 0.043065 0.034269 0.050372 0.044808 0.037861 0.059692 0.067997 0.068526 0.05956 0.045629 0.080482 0.050842 0.043733 0.06842 0.096143 0.087315 0.096706 0.1132 0.11948 0.12093 0.11375 0.13453 0.10534 0.089894 0.11423 0.10853 0.097614 0.10433 0.090881 0.092731 0.074688 0.073259 0.088941 0.091036 0.090767 0.099607 0.078359 0.086036 0.075936 0.081986 0.07279 0.074359 0.093922 0.080464 0.085577 0.090941 0.079143 0.092207 0.073128 0.09165 0.081604 0.093673 0.087691 0.054845 0.043504 0.057828 0.058304 0.06078 0.043386 0.038458 0.064441 0.036964 0.044152 0.070314 0.062048 0.045433 0.056334 0.057375 0.076036 0.071477 0.040096 0.03713 0.063849 0.080947 0.064032 0.082126 0.079052 0.11274 0.10007 0.095285 0.077989 0.060706 0.035231 0.041401 0.041705 0.051226 0.045565 0.033197 0.01739 0.034669 0.056669 0.042674 0.04058 0.043292 0.047201 0.05878 0.059968 0.062032 0.059247 0.058474 0.055032 0.051251 0.050777 0.019791 0.0087228 0.011022 0.0043288 0.025519 0.029845 0.025908 0.029727 0.045056 0.023218 0.0098851 0.0077519 0.015471 0.043567 0.055056 0.051791 0.064264 0.08534 0.079203 0.075813 0.090147 0.080993 0.078574 0.076529 0.09055 0.094445 0.078351 0.049762 0.037352 0.029927 0.034154 0.017532 0.016041 0.0064089 0.015042 0.018358 0.022414 0.029279 0.023534 0.022823 0.0383 0.043751 0.035002 0.026358 0.012661 0.0096157 0.034163 0.029431 0.029288 0.016176 0.032305 0.047304 0.078704 0.072724 0.089455 0.089263 0.070244 0.084127 0.051227 0.038791 0.043627 0.034684 0.024027 0.0259 0.016758 0.0061161 0.017286 0.020472 0.004551 0.024084 0.01482 0.013603 0.0073636 0.010888 0.0018914 0.0078736 0.020334 0.0054031 0.0026759 0.0031772 0.013455 0.017294 0.017846 0.010993 0.0044235 -0.014988 0.0010243 0.0034973 -0.0051289 -0.0046146 -0.024702 -0.0038322 -0.0047113 0.0037385 0.0077303 0.017403 0.014101 -0.0086138 0.0091013 -0.0097115 -0.0081869 0.027822 0.0092098 0.017105 0.0086071 -0.0067433 0.02571 0.033568 0.022626 0.01595 0.019802 0.02739 0.0052164 0.017134 0.016837 0.043483 0.028329 0.039775 0.033357 0.031005 0.015111 0.015089 0.0070371 -0.0039689 -0.016291 -0.0043064 0.0057835 -0.00086574 0.018996 -0.005522 -0.015568 -0.0087036 0.019821 0.024361 0.007021 0.012342 0.014587 0.02625 0.038265 0.02393 0.014986 -0.0028925 0.01855 0.040199 0.048518 0.034711 0.04299 0.043492 0.034015 0.014384 0.016885 0.026597 0.0080901 0.0053622 0.0019137 0.0064399 0.0054486 0.022145 0.036907 0.033882 0.049421 0.02968 0.020366 0.045205 0.047031 0.048784 0.040744 0.018009 0.047083 0.029547 0.021757 0.012022 0.004182 0.0064345 0.0026335 0.0081579 0.032486 -0.013159 0.0050875 0.0066308 0.0028575 0.014867 0.0038108 -0.00014185 -0.0021425 0.026323 0.0062574 0.016374 0.0067706 0.047403 0.024547 0.0079765 0.018012 0.031922 0.026915 0.018417 0.046522 0.040812 0.033792 0.032881 0.028307 0.0025736 0.036043 0.049936 0.042171 0.056052 0.046821 0.044071 0.061397 0.044576 0.03465 0.038519 0.0095854 0.022412 0.015905 0.035411 0.029213 0.030783 0.034574 0.027622 0.026484 0.016646 0.026153 0.018371 0.01276 0.012109 0.0044024 0.0021285 -0.0072697 -0.0040974 -0.008035 -0.013605 -0.017765 -0.0080628 -0.030894 -0.026869 -0.022706 0.0057208 -0.014059 -0.023351 -0.017853 -0.0069783 -0.010277 -0.016986 -0.028006 -0.021793 0.0076748 0.0051627 0.0034815 0.023392 0.015573 0.009265 0.0089184 0.020172 0.01715 0.0097402 0.011194 -0.0016894 -0.003786 -0.010236 0.022007 0.021248 0.014372 0.0060756 -0.010002 -0.010289 -0.012739 0.0089097 0.01526 0.030787 -0.0049635 -0.0096903 -0.0074188 -0.021021 -0.0040186 0.00045257 -0.0037724 -0.002726 -0.024252 -0.014998 -0.0014093 -0.0068192 -0.019519 -0.0081678 0.014993 0.023645 0.023127 0.019259 0.0031036 0.013055 0.014153 0.030949 0.042489 0.035529 0.046026 0.052929 0.051773 0.043635 0.054032 0.054839 0.058297 0.070379 0.064765 0.066321 0.047913 0.056553 0.052608 0.0295 0.031627 0.022065 0.011675 0.033083 0.032645 0.01834 0.03921 0.021033 0.013094 0.036526 0.026861 0.035548 0.012257 0.014893 0.013178 0.001405 -0.0028137 0.015659 0.0036946 0.023034 0.033063 0.0086817 0.014399 0.03419 0.011318 0.039277 0.027342 0.033158 0.014822 0.024846 0.028338 0.037853 0.019726 0.013814 0.020447 -0.01523 -0.0085394 0.015019 0.0037433 0.0098323 -0.014915 -0.021692 -0.011763 -0.0087665 -0.00025137 -0.018658 -0.020724 -0.024632 -0.0008433 -0.0038238 -0.0058195 -0.00080819 0.0018177 0.018072 -0.011452 -0.010619 0.0063039 0.00080007 -0.014079 -0.0039847 -0.014679 -0.017018 -0.013884 -0.014467 -0.010041 -0.00067708 0.010942 -0.0094638 0.030188 0.02556 0.0034524 -0.0165 0.0052552 -0.0063795 -0.0034715 0.0036052 0.0048956 0.027343 0.022758 0.0039948 0.014466 0.0053088 0.011525 0.022445 0.01918 0.014593 0.022164 0.030223 0.011812 0.029819 0.011088 0.0059902 0.01171 0.0016257 0.00036262 0.0034999 0.017415 0.0029776 -0.0052852 -0.019413 -0.0096949 -0.009909 0.010721 0.012798 0.0013422 -0.0050966 0.010649 0.03135 0.0049354 -0.014511 -0.013427 0.0011213 -0.0070246 0.0050679 0.014071 0.022981 0.033035 0.020506 -0.0073595 -0.00013344 0.0025184 0.017974 0.037212 0.005805 -0.0041975 -0.0044757 0.0112 -0.0013703 -0.011543 -0.0075253 0.012127 0.0043085 0.0015231 -0.017066 -0.021228 -0.012464 -0.0099941 0.0255 0.029391 -0.0089056 0.000222 0.0099632 -0.0039951 -0.01542 -0.0027014 -0.0013885 0.012832 0.036426 0.013818 0.003958 0.0069642 -0.00303 0.0021486 -0.00083723 0.0015804 0.0019976 -0.005045 -0.0022648 0.0015853 -0.021551 -0.014904 0.00062767 0.0067408 -0.00066664 -0.0021141 -0.0082826 -0.003346 0.00019104 -0.0048329 -0.0041644 -0.02201 -0.0035233 0.0047487 0.0026639 -0.017518 -0.00084852 0.013934 0.0015387 -0.011115 -0.0054635 -0.011088 0.0042099 0.0035864 -0.0017483 -0.0073114 -0.0029182 -0.0056603 0.012706 0.0053838 0.015005 0.0015216 0.016788 -0.0071977 0.011537 0.012305 0.0086043 0.0027371 0.011531 0.017345 0.025968 0.00074182 -0.0025386 0.0055891 0.014309 0.015025 0.0082409 0.010624 0.0023445 -0.0044735 0.0024549 0.014455
0.021354 0.0103 0.004211 0.023522 -0.011083 0.00078136 0.051077 0.028064 0.03565 0.019271 0.0092796 0.028216 0.053362 0.028865 0.012045 -0.00274 -0.02755 -0.0064003 -0.013479 -0.018299 0.0025338 0.0002534 -0.059348 -0.027947 -0.026266 0.03499 0.0383 0.039637 0.040906 0.021726 0.017302 0.019847 0.033393 0.037803 0.014236 0.017897 0.0041949 0.034825 0.032671 0.037573 0.033102 0.037388 0.016223 0.056235 0.041208 0.041777 0.061736 0.035837 0.027585 -0.015767 0.006393 -0.000522 0.014465 0.021659 0.021948 -0.0035824 0.030212 0.067385 0.083558 0.061712 0.035706 0.024396 0.030106 0.051502 0.041485 0.036133 0.037394 0.044909 0.064053 0.051259 0.028987 0.018517 0.054526 0.04779 0.041894 0.049702 0.071975 0.084975 0.064095 0.054963 0.08659 0.051298 0.051362 0.063115 0.10182 0.093742 0.098752 0.11047 0.1212 0.12526 0.12711 0.1356 0.10721 0.082669 0.11609 0.12025 0.10715 0.11457 0.090146 0.099901 0.075294 0.068418 0.093281 0.089993 0.090666 0.10496 0.077567 0.092119 0.067364 0.057571 0.063891 0.059144 0.091934 0.082949 0.09176 0.087078 0.078106 0.071729 0.045948 0.083289 0.093149 0.11376 0.094192 0.060159 0.037501 0.05218 0.046014 0.062067 0.040174 0.02451 0.072215 0.041307 0.041591 0.073287 0.045357 0.024016 0.049927 0.053806 0.075746 0.066452 0.031929 0.016046 0.058723 0.073269 0.055779 0.081799 0.078844 0.12054 0.091736 0.091473 0.056163 0.041673 0.01692 0.023772 0.02109 0.036574 0.028101 0.016736 -0.00039991 0.020422 0.049363 0.024713 0.024239 0.032962 0.030375 0.054306 0.066578 0.053916 0.070853 0.067014 0.056958 0.042939 0.04519 -0.0007544 -0.017623 -0.010314 -0.017846 0.012172 0.014506 0.0039489 0.020871 0.040693 0.018617 0.0080301 0.0060364 0.027341 0.057407 0.063755 0.051474 0.065426 0.09516 0.070126 0.062205 0.073377 0.064252 0.04722 0.054513 0.076905 0.074979 0.060915 0.038899 0.029802 0.008257 0.0098083 0.0030743 0.0091271 -0.00098867 0.011067 0.014315 0.021062 0.022013 0.020218 0.023671 0.046043 0.059074 0.04002 0.020641 0.0057126 0.0074172 0.027715 0.011668 0.013031 0.0030848 0.027079 0.043635 0.072866 0.054215 0.073375 0.067821 0.049508 0.08381 0.037992 0.027182 0.030759 0.022841 0.0098455 0.029243 0.033472 0.0087437 0.005125 0.014047 -0.012885 0.014209 0.00052517 0.0080653 -0.009102 0.0093502 -0.0049469 -0.0023316 0.022573 0.020115 0.0036786 0.0047541 0.014293 0.033597 0.038859 0.02045 0.011088 -0.022074 0.00043664 -0.00036247 -0.0054484 -0.006989 -0.03248 -0.001624 -0.013951 -0.013855 0.014542 0.022706 0.0037581 -0.014689 0.00626 -0.0091281 -0.015208 0.033147 0.0080512 0.013222 0.0052467 -0.019828 0.024431 0.039092 0.010195 0.0077499 0.014533 0.033242 -0.0081686 0.013286 0.024924 0.060777 0.035446 0.05894 0.028683 0.02375 0.0051065 0.0016627 -0.012628 -0.026069 -0.025027 -0.0090347 0.011845 -0.010823 0.014864 -0.01254 -0.028603 -0.01683 0.010061 0.024631 -0.0060555 0.010497 0.0045841 0.017299 0.027482 0.012609 0.0041099 -0.019426 0.00054023 0.033722 0.040851 0.025453 0.0474 0.049604 0.028911 0.011076 0.015957 0.030782 -0.0031335 -0.0090868 -0.0096789 -0.005448 -0.0005793 0.028732 0.050799 0.029511 0.066809 0.042992 0.033664 0.038398 0.031082 0.038505 0.030468 0.015273 0.044585 0.029338 0.017433 0.010629 0.0060595 -0.0040662 -0.01446 0.0015031 0.046186 -0.026786 0.0031822 0.008963 0.0056881 0.011063 -0.0023673 0.0078598 -0.0022754 0.036359 0.0024402 0.013772 0.0033764 0.064225 0.021817 0.0073657 0.0056507 0.041556 0.030619 0.01639 0.054864 0.041048 0.035991 0.030647 0.00055898 -0.026121 0.028873 0.048025 0.028574 0.050652 0.051996 0.051801 0.074419 0.037171 0.02255 0.01908 -0.016899 -0.0056859 -0.014057 0.014822 0.011059 0.027632 0.024969 0.023688 0.039278 0.01451 0.031098 0.037352 0.024677 0.014066 0.010006 0.0060118 -0.0059027 -0.013834 -0.026376 -0.03218 -0.030112 -0.020149 -0.034717 -0.02681 -0.027581 0.00095377 -0.029316 -0.030317 -0.032823 -0.014071 -0.028717 -0.040919 -0.040231 -0.030197 0.012642 0.0061107 0.0014192 0.020723 0.0141 -0.00063114 -0.0091742 0.0043056 0.001385 -0.0031777 -0.00078213 -0.020435 -0.011625 -0.01321 0.024931 0.029762 0.020509 0.018306 -0.0010155 -0.0056034 -0.013243 0.022683 0.021982 0.029201 -0.01717 -0.017409 -0.009969 -0.020525 -0.0020983 0.0090035 0.0095928 -0.0011982 -0.031033 -0.028892 -0.013053 -0.011013 -0.028536 -0.0080918 0.0015779 0.023209 0.0085699 0.023893 -0.0075078 -0.00099949 -0.0014051 0.022452 0.033944 0.020138 0.032401 0.050654 0.042405 0.031556 0.054282 0.032128 0.039604 0.060426 0.056405 0.050299 0.035794 0.040584 0.027238 -0.0070863 -0.0023813 -0.0030035 -0.0024076 0.030202 0.024659 0.0053038 0.035613 0.010397 -0.010953 0.01792 0.020731 0.039215 0.0045893 0.010525 0.021356 0.0058529 -0.002215 0.030773 0.01438 0.032669 0.050202 0.022139 0.015965 0.029846 0.013666 0.049238 0.031292 0.043942 0.019984 0.027536 0.032989 0.05069 0.021517 0.015162 0.016931 -0.029515 -0.01637 0.001511 -0.010802 -0.0047263 -0.043983 -0.056806 -0.044523 -0.039414 -0.018303 -0.04276 -0.044094 -0.051854 -0.018718 -0.012211 -0.013233 -0.0046268 -0.0022301 0.032223 -0.0060655 -0.0046636 0.010615 -0.010899 -0.0084147 0.0099835 -0.0093866 -0.01888 -0.026202 -0.022412 -0.016043 -0.0051015 0.011063 -0.015521 0.039317 0.026724 -0.011351 -0.026826 0.0055501 -0.0096452 -0.0098182 0.0013231 -0.0064554 0.026777 0.014319 0.0017013 0.014998 0.003208 0.0040943 0.018453 0.018034 -0.0048374 0.018031 0.04027 0.025284 0.052231 0.011229 -0.00090133 0.0060724 -0.0017647 0.0051551 0.00067475 0.019898 -0.00048192 -0.0063639 -0.032632 -0.013395 -0.021613 0.0059427 0.0056533 -0.0089885 -0.0077469 0.017161 0.042692 0.021363 -0.016506 -0.017825 0.013712 -0.007164 -0.0090216 0.012991 0.037571 0.049618 0.027458 -0.037917 -0.022561 -0.012888 0.018713 0.036545 -0.0058736 -0.008567 -0.0011126 0.025618 0.01246 -0.002554 -0.00071282 0.024718 0.011633 -0.0022765 -0.026891 -0.030629 -0.015066 -0.0093242 0.019191 0.024184 -0.012906 0.0048102 0.010409 -0.0073914 -0.029878 -0.0038129 -0.018274 0.007186 0.033487 0.0020638 0.005378 0.01469 -0.0021615 -0.0070643 -0.0050364 0.0016461 0.0043787 -0.0037626 0.0018955 -0.0058158 -0.027456 -0.014107 0.0044195 -0.00074831 -0.0084955 -0.0061763 -0.014085 -0.004745 -0.0032192 -0.0129 -0.009992 -0.022989 0.0071321 0.024358 0.011743 -0.02589 0.010386 0.03554 0.01348 0.0012892 0.0016227 -0.0023327 0.010135 0.0057025 0.0014538 -0.014188 -0.0012304 -0.0053106 0.01152 0.0097099 0.025588 0.0037813 0.030054 -0.010724 0.026739 0.016498 0.025871 0.006663 0.022766 0.019341 0.030295 0.0055674 -0.0024687 0.015309 0.026578 0.019513 0.022627 0.027953 0.0069969 0.0022944 -0.0004981 0.023072
0.029581 0.022963 0.021538 0.00055093 -0.026312 -0.015343 0.0069903 -0.013631 -0.013166 -0.0064037 -0.01201 -0.021012 -0.015633 -0.0030984 -0.01075 0.010921 0.018155 0.039757 0.024758 0.018861 0.0203 0.033156 0.036298 0.023842 0.020605 -0.003148 0.012406 0.0081569 0.016867 0.040649 0.031742 0.01152 0.026115 0.019319 0.030106 0.014592 -0.0020565 0.0066294 0.0037531 -0.008485 -0.0074073 0.017125 0.024866 0.023363 0.0075219 0.012519 0.0061025 0.0062668 0.010751 0.01646 0.010336 -0.027815 -0.016269 -0.022356 0.0062994 0.0074413 0.018676 0.0041685 0.011641 -0.0038689 0.013604 0.032067 0.032427 0.051119 0.033253 0.012793 0.025729 0.020597 0.032493 0.024249 0.03898 0.031185 0.019525 0.024497 0.032551 0.028225 0.020531 0.014031 0.036461 0.026932 0.029948 0.052738 0.049287 0.063187 0.062585 0.058848 0.051255 0.066615 0.052225 0.046407 0.055904 0.073902 0.052286 0.069264 0.049097 0.042733 0.052649 0.068612 0.048414 0.057246 0.049645 0.033374 0.038743 0.035637 0.038913 0.037533 0.042441 0.061191 0.072705 0.065979 0.066995 0.060768 0.044739 0.039916 0.042428 0.0486 0.032618 0.031202 0.037198 0.052976 0.061285 0.063632 0.055404 0.06171 0.052745 0.066955 0.058649 0.049745 0.059046 0.055698 0.044526 0.022388 0.036487 0.052354 0.042643 0.041157 0.063113 0.068671 0.060567 0.064312 0.045992 0.063005 0.060451 0.069687 0.075079 0.073777 0.06704 0.063567 0.047612 0.059045 0.053792 0.04123 0.031858 0.038781 0.038731 0.042149 0.032713 0.027369 0.037278 0.058167 0.050601 0.046671 0.057776 0.06177 0.065006 0.052331 0.029922 0.043704 0.044582 0.062539 0.069424 0.04595 0.023265 0.020487 0.04397 0.050679 0.054951 0.0447 0.014369 -0.00090319 0.026072 0.028937 0.030691 0.032565 0.025851 0.021688 0.011637 0.030754 0.05862 0.058216 0.062973 0.063534 0.060492 0.049113 0.06416 0.070422 0.077852 0.071345 0.085659 0.076163 0.074231 0.074844 0.079556 0.051666 0.050016 0.040217 0.045065 0.045929 0.026983 0.018108 0.02494 0.038974 0.032486 0.040009 0.043786 0.042847 0.045413 0.038063 0.03617 0.044139 0.043548 0.054049 0.051804 0.042126 0.053778 0.064368 0.070102 0.079006 0.081775 0.097234 0.083027 0.056165 0.07219 0.050837 0.069246 0.057969 0.046551 0.045939 0.041886 0.028422 0.021941 0.041685 0.041369 0.040567 0.029424 0.0031983 0.038112 0.020897 0.050051 0.039845 0.033829 0.023059 0.025783 0.021784 0.040313 0.020822 0.019057 0.014738 0.010133 0.009205 0.0075212 0.02322 0.011542 0.013391 -0.0080995 0.016229 0.029431 0.0018437 0.0064788 0.014142 -0.00047598 0.01747 0.032762 0.031836 0.0040327 0.025048 0.0053274 0.0094378 0.017002 0.020498 0.024937 0.011918 0.013547 0.031405 0.053715 0.046169 0.02094 0.026036 0.04142 0.039425 0.018746 0.029332 0.020669 0.014346 0.005966 -0.0055331 0.00046631 -0.00079578 0.0069881 0.034812 0.027958 0.028642 0.020646 0.032934 0.0070261 0.015261 0.026609 0.0081988 0.0084133 0.032515 0.027225 0.043715 0.03137 0.029619 0.037375 0.02692 0.033506 0.028543 0.041705 0.041866 0.027101 0.0089692 0.011476 0.021571 0.014903 0.021416 0.027071 0.013301 0.022966 0.022892 0.026078 0.046468 0.052173 0.050096 0.051765 0.045123 0.056475 0.043822 0.042903 0.038975 0.03738 0.046413 0.020259 0.00011146 0.011797 0.017166 0.022723 0.016936 0.030802 0.047601 0.045495 0.04292 0.039459 0.033511 0.016525 0.017675 0.02359 0.0035292 0.042243 0.05338 0.051367 0.056046 0.058327 0.04966 0.04201 0.036118 0.06308 0.060786 0.062723 0.02679 0.048755 0.049961 0.05062 0.059183 0.045207 0.057996 0.039326 0.047786 0.060306 0.05861 0.070391 0.067154 0.062399 0.067885 0.079173 0.068771 0.077983 0.083434 0.05783 0.043191 0.031049 0.044064 0.058165 0.054447 0.035572 0.045932 0.039804 0.0087728 0.017558 0.016672 0.037568 0.029633 0.028509 0.040129 0.037222 0.051764 0.044356 0.042737 0.042535 0.027004 0.028948 0.046052 0.029673 0.047554 0.02909 0.042405 0.016848 0.0183 0.021554 0.020379 0.015262 0.025706 0.016848 0.016412 0.021644 0.046791 0.020311 0.023141 0.031289 0.034316 0.022875 0.019434 0.0075621 -0.0066148 0.012109 0.0030184 -0.00019368 0.024615 0.00094373 0.001763 0.035999 0.047656 0.051075 0.023856 0.031274 0.034276 0.045564 0.040468 0.03634 0.026707 0.024908 0.022784 0.024 0.011388 -0.0053144 -0.018963 -0.0094812 0.0055691 -0.002127 0.0025318 0.0001773 -0.0014107 -0.015058 0.0014356 0.0014272 0.011484 0.014234 -0.024125 -0.031542 -0.051182 -0.030799 -0.034965 -0.034492 -0.060809 -0.068287 -0.032571 -0.04874 -0.050152 -0.044089 -0.044171 -0.076804 -0.078961 -0.076978 -0.064565 -0.055251 -0.075867 -0.078408 -0.038589 -0.045041 -0.049771 -0.062853 -0.056162 -0.047643 -0.045211 -0.023718 0.0046249 -0.0038531 -0.02497 -0.0087019 -0.0033557 0.0085097 0.001149 0.011146 0.0098612 0.010781 0.034688 0.050597 0.015823 0.03101 0.049898 0.046796 0.081228 0.071046 0.084179 0.067176 0.064761 0.080463 0.048736 0.023369 0.030142 0.038159 0.03067 0.023913 0.017883 0.016417 0.029864 0.027784 0.023046 0.017522 0.020465 0.03121 0.029189 0.034067 0.044005 0.045183 0.047906 0.043148 0.049265 0.044506 0.032466 0.054314 0.064348 0.045242 0.064237 0.051499 0.063402 0.054352 0.073198 0.058894 0.038036 0.029471 0.033194 0.053959 0.03841 0.047259 0.021882 0.026802 0.044577 0.041561 0.040246 0.014243 0.0059132 0.019989 0.0083809 0.029577 0.036884 0.039791 0.014222 0.0051369 0.023265 0.02028 0.010451 -0.010376 0.018947 0.0072847 0.021185 0.012137 0.0071386 0.0047852 0.015191 0.029564 0.025458 0.021222 0.012649 -0.0025642 0.018529 0.038274 0.025607 0.0032213 -0.0017549 0.025097 0.027553 -0.00094143 -0.0053482 -0.010657 -0.0019663 -0.015144 -0.0095805 0.010085 -0.0097755 -0.021884 -0.010592 -0.015451 0.018787 0.032842 0.018014 0.003478 -0.0080234 -0.00053813 0.012155 0.012942 0.0017514 0.019797 0.0080089 0.024029 0.035884 0.020712 0.030724 0.028226 0.028864 0.019489 0.021641 0.026461 0.010632 0.0030671 0.0045176 0.027359 0.010096 0.0077728 0.010369 -0.020464 -0.018075 -0.013441 -0.0037345 0.0096892 0.032929 0.011828 0.019231 0.017075 0.026103 0.019631 0.017058 0.00097408 0.0029576 0.014379 -0.00011224 -0.016629 -0.015045 -0.021298 0.0033651 -0.0013626 0.0052595 -0.00084202 0.0069222 -0.0052653 0.0029976 0.011103 0.0029004 -0.022265 -0.0066518 0.0081102 0.0016112 -0.0076295 0.0090894 0.0052779 0.0025807 0.0122 0.0075462 0.018734 -0.0012834 -0.015366 -0.022343 -0.033605 -0.023394 -0.0028272 0.0065318 -0.00099429 -0.0022538 0.0076237 0.00012545 0.0053887 0.021215 0.020778 0.023421 0.018223 0.0084302 0.008783 -0.014382 -0.000328 -0.00574 0.010685 0.0043176
0.012604 0.0031785 0.001161 -0.00109 0.0070664 -0.009148 -0.033718 -0.028086 -0.0090282 -0.02288 -0.025083 -0.014891 -0.012429 -0.028573 -0.020305 -0.0042611 -0.013495 0.0035008 0.0089752 0.027591 0.020147 0.013538 0.017494 0.031099 0.041083 0.030612 0.021227 0.0036147 0.022215 0.019183 0.023926 0.0463 0.040779 0.031004 0.039957 0.038617 0.043206 0.02398 0.016799 0.018391 0.0089463 -0.0061489 -0.0021513 0.0099908 0.014459 0.0073624 -0.012161 -0.00066606 -0.0025061 0.00083697 0.0045246 0.0067269 -0.0022284 -0.0147 -0.0053712 -0.0037333 0.021464 0.019485 0.023447 0.0096047 0.024423 0.016762 0.025856 0.034322 0.037605 0.051557 0.041064 0.017983 0.032524 0.031451 0.045086 0.040154 0.035716 0.031763 0.024516 0.038725 0.049297 0.034507 0.032135 0.028993 0.047029 0.039229 0.039916 0.064024 0.066458 0.069137 0.077059 0.072065 0.060038 0.070678 0.059183 0.054276 0.07115 0.07995 0.065209 0.072523 0.062603 0.058573 0.057215 0.059328 0.053694 0.057899 0.048411 0.036204 0.043142 0.032379 0.043343 0.050643 0.049659 0.054784 0.062789 0.062648 0.067956 0.057853 0.045597 0.045373 0.05001 0.05889 0.050783 0.045994 0.044894 0.050816 0.059326 0.06391 0.058522 0.055638 0.053261 0.067835 0.06248 0.049461 0.055841 0.065494 0.058314 0.040923 0.048716 0.061647 0.056442 0.061195 0.074411 0.070921 0.068391 0.072596 0.062694 0.07118 0.062187 0.073761 0.078266 0.075364 0.075779 0.087472 0.072478 0.069023 0.060661 0.047016 0.043772 0.050802 0.044514 0.044178 0.029205 0.034301 0.044008 0.058487 0.057836 0.05447 0.057762 0.071772 0.07032 0.05557 0.032069 0.045606 0.04393 0.051559 0.062208 0.046833 0.019534 0.017649 0.036044 0.038801 0.042998 0.028242 0.00052991 0.0076165 0.033226 0.028474 0.032625 0.031526 0.03055 0.033977 0.026635 0.042012 0.057122 0.066033 0.069573 0.076639 0.063943 0.051904 0.06746 0.075009 0.081183 0.076771 0.079541 0.075081 0.081066 0.074395 0.069367 0.050191 0.056836 0.04276 0.045906 0.043549 0.03512 0.026465 0.035861 0.041087 0.036807 0.038136 0.052026 0.048055 0.046749 0.042118 0.048626 0.060093 0.058016 0.065297 0.057144 0.053792 0.061457 0.063508 0.070966 0.082534 0.072676 0.082153 0.07485 0.060486 0.06287 0.050581 0.059658 0.052724 0.046307 0.047732 0.045687 0.028995 0.02715 0.038216 0.036097 0.029468 0.029263 0.0018923 0.029359 0.018035 0.035911 0.022457 0.020434 0.01546 0.02592 0.020734 0.031271 0.018969 0.021162 0.015502 0.014465 0.0080492 0.0088528 0.028488 0.01967 0.020744 0.0077139 0.017657 0.019409 0.0092865 0.012412 0.014696 0.0089034 0.026426 0.03089 0.023986 0.016036 0.033403 0.017315 0.018845 0.024512 0.028899 0.029133 0.024266 0.020653 0.03059 0.042951 0.047271 0.028803 0.026083 0.03594 0.026704 0.009925 0.018571 0.018841 0.018675 0.0097663 0.0038418 -0.0006122 0.0016117 0.013225 0.027827 0.023695 0.028605 0.019724 0.037675 0.016067 0.021225 0.024639 0.011102 0.013201 0.033385 0.035196 0.048774 0.031658 0.03417 0.044206 0.032329 0.034735 0.025665 0.038924 0.041697 0.023123 0.0062037 0.0088386 0.022743 0.021755 0.031367 0.0264 0.016077 0.029388 0.037689 0.037283 0.039404 0.045785 0.046813 0.059117 0.046815 0.04945 0.041647 0.038235 0.03823 0.042153 0.039166 0.021634 0.022314 0.029614 0.02645 0.024376 0.017602 0.030202 0.048849 0.044498 0.05319 0.045537 0.034405 0.022662 0.023483 0.034355 0.023987 0.04887 0.049698 0.050096 0.054345 0.058687 0.052155 0.048569 0.042645 0.056752 0.06611 0.067222 0.03472 0.045608 0.052767 0.054009 0.057784 0.045937 0.063703 0.038755 0.052455 0.061145 0.063119 0.07402 0.068844 0.063571 0.073322 0.081078 0.068248 0.0666 0.070854 0.057494 0.044236 0.031522 0.04178 0.052742 0.043649 0.030334 0.039852 0.045998 0.016537 0.02023 0.021927 0.036293 0.031679 0.031977 0.037623 0.038805 0.043044 0.036602 0.031044 0.037351 0.023901 0.024039 0.04361 0.029027 0.040767 0.024794 0.03341 0.013711 0.01874 0.023994 0.0239 0.020684 0.023165 0.011703 0.016695 0.020991 0.046243 0.020923 0.025396 0.025271 0.019872 0.01905 0.016103 0.0097107 0.00083304 0.015587 0.0075877 0.0055885 0.021489 0.011271 0.01481 0.042882 0.04529 0.049348 0.026368 0.034212 0.036551 0.03942 0.030071 0.022681 0.018967 0.028702 0.01623 0.021106 0.0047963 -0.0071255 -0.015129 -0.019706 -0.010967 -0.0073901 -0.0038289 -0.0022418 -0.0049337 -0.019915 -0.0073627 -0.013172 0.0021453 0.0066498 -0.025567 -0.026798 -0.038422 -0.02109 -0.031124 -0.03547 -0.054139 -0.054159 -0.040248 -0.048481 -0.036619 -0.041733 -0.046902 -0.068146 -0.069936 -0.066044 -0.054227 -0.052645 -0.058123 -0.070175 -0.035675 -0.031047 -0.034269 -0.048332 -0.043276 -0.038779 -0.035923 -0.03023 -0.011894 -0.015272 -0.020124 -0.0071653 0.00063548 -0.0048837 -0.0046872 0.013705 0.0092968 0.0057018 0.020412 0.03334 0.0056367 0.010009 0.031786 0.028274 0.056189 0.046096 0.059695 0.048378 0.041846 0.057064 0.030796 0.013231 0.012858 0.028945 0.022786 0.022419 0.012518 0.014274 0.026846 0.020224 0.016926 0.0080781 0.016139 0.022774 0.025427 0.035347 0.043282 0.038871 0.033197 0.034902 0.035888 0.04089 0.03545 0.05142 0.057954 0.05072 0.049618 0.041258 0.058574 0.048311 0.063454 0.045604 0.029879 0.01924 0.021095 0.04311 0.02727 0.038376 0.027893 0.028157 0.038118 0.03863 0.027758 0.012289 0.0074993 0.017132 0.010953 0.025217 0.02794 0.02891 0.011425 0.0070024 0.023867 0.023948 0.010227 -0.003524 0.013878 0.018735 0.022317 0.01206 0.0030951 0.0041221 0.0069612 0.016684 0.012058 0.013645 0.00045714 -0.0023172 0.010871 0.02241 0.014744 -0.0057057 -0.004132 0.017208 0.014995 0.002909 -0.0082126 -0.0194 -0.002841 -0.004311 -0.0015527 0.011513 -0.0014167 -0.01663 -0.0085443 -0.0036885 0.017243 0.032147 0.011552 -5.5726e-05 -0.0025296 0.0024369 0.018617 0.015258 0.0055408 0.017045 0.0048692 0.024048 0.033458 0.021582 0.021907 0.021341 0.023003 0.011264 0.018107 0.020043 0.0057305 0.0062765 0.010651 0.029558 0.0050684 -0.0017106 0.011443 -0.013143 -0.0080333 -0.0009449 0.0031009 0.014909 0.024506 0.0044155 0.014473 0.011163 0.01912 0.020158 0.019024 0.0046149 0.0026469 0.011252 0.0029146 -0.0097767 -0.011869 -0.018541 0.00051931 -0.00025805 -0.0021914 -0.0069185 -1.408e-05 -0.012701 -0.005473 0.0089583 -0.0027236 -0.02223 -0.010713 -0.00020461 -0.0080739 -0.013544 -0.0022824 -0.00089791 -0.0014556 0.00059908 2.1615e-05 0.0078524 -0.0033788 -0.013937 -0.019708 -0.021386 -0.011616 -0.0025143 0.0045459 -0.0017101 0.0026409 0.0072084 0.0010231 0.0074863 0.0151 0.027029 0.022401 0.016499 0.0059771 0.0065337 -0.007916 -0.004828 -0.0064947
-0.024044 -0.012076 0.00025933 -0.0032559 0.010018 0.0069712 0.0010654 -0.0117 -0.013559 -0.00099516 -0.013015 -0.033418 -0.029615 -0.015607 -0.025321 -0.025916 -0.015479 -0.0072827 -0.027484 -0.016045 -0.0012546 -0.010302 0.00071743 0.0047764 0.020603 0.021103 0.018555 0.026048 0.037143 0.048027 0.037257 0.023852 0.015189 0.03394 0.028924 0.028673 0.045604 0.044321 0.042179 0.047621 0.051768 0.052761 0.03201 0.032138 0.03153 0.017509 0.0015503 0.0056109 0.005542 0.005972 -0.0012939 -0.021176 -0.0074498 -0.0071208 -0.0036392 0.0015294 0.0013777 -0.0044549 -0.0015886 0.0063759 0.014367 0.03529 0.029533 0.027947 0.017309 0.031996 0.029147 0.035562 0.037304 0.040076 0.04572 0.043832 0.020521 0.03417 0.036824 0.051562 0.051639 0.034814 0.033974 0.029346 0.047211 0.06019 0.042403 0.044002 0.043817 0.056707 0.050873 0.048738 0.072823 0.08089 0.077017 0.088529 0.081653 0.06898 0.073401 0.065356 0.063345 0.079778 0.082291 0.070938 0.071246 0.07376 0.071184 0.064535 0.055443 0.055978 0.058269 0.048698 0.042859 0.047092 0.034645 0.048738 0.060697 0.055617 0.051832 0.058647 0.064316 0.072328 0.057892 0.050521 0.054781 0.058709 0.067134 0.06241 0.053226 0.047236 0.050329 0.055612 0.06165 0.057279 0.05041 0.055038 0.069568 0.063036 0.050136 0.055011 0.069566 0.066467 0.058761 0.058681 0.067401 0.064545 0.076332 0.079078 0.071371 0.074569 0.075089 0.071173 0.075737 0.068166 0.076752 0.077456 0.076254 0.080711 0.096506 0.083989 0.072849 0.062552 0.051976 0.051643 0.054824 0.046934 0.045892 0.028968 0.042469 0.04663 0.054272 0.057663 0.055116 0.053232 0.073715 0.066869 0.052347 0.03482 0.04403 0.039084 0.041134 0.053736 0.044877 0.023929 0.018364 0.031294 0.029999 0.031506 0.019105 0.00046499 0.017942 0.039755 0.028233 0.035046 0.03219 0.033574 0.047884 0.045458 0.053403 0.056545 0.069862 0.075761 0.082201 0.067797 0.058138 0.070825 0.074395 0.077638 0.075269 0.071837 0.069022 0.080794 0.06873 0.054247 0.044489 0.0546 0.039395 0.040291 0.038757 0.038631 0.029852 0.039377 0.036394 0.037812 0.033565 0.054194 0.051417 0.052462 0.048347 0.058049 0.072286 0.068411 0.071938 0.060325 0.064788 0.065609 0.062487 0.068852 0.082196 0.063986 0.068144 0.068491 0.063864 0.055345 0.050637 0.051978 0.048887 0.045261 0.048359 0.042657 0.030776 0.030309 0.030893 0.029327 0.019425 0.020922 -0.00034693 0.018358 0.013885 0.022607 0.0064678 0.010656 0.013092 0.027542 0.023885 0.026016 0.017431 0.021988 0.019088 0.019566 0.010747 0.016428 0.030858 0.02515 0.023179 0.016567 0.017455 0.013197 0.01309 0.016839 0.017995 0.014723 0.027913 0.024348 0.017289 0.025279 0.035565 0.019594 0.020836 0.026969 0.030873 0.027568 0.030915 0.023141 0.029834 0.034317 0.043271 0.034134 0.028045 0.031464 0.016549 0.0069101 0.016011 0.020316 0.02334 0.012305 0.010144 0.0028315 0.0067327 0.018938 0.021267 0.019078 0.027165 0.02002 0.038593 0.024652 0.024636 0.023503 0.014569 0.016628 0.031742 0.038938 0.049924 0.028523 0.036262 0.045626 0.034843 0.032888 0.01994 0.03284 0.035718 0.019659 0.0059656 0.010486 0.026099 0.029752 0.036877 0.02905 0.01715 0.034251 0.047894 0.046031 0.035735 0.041747 0.042421 0.058672 0.047102 0.041775 0.03777 0.034056 0.033702 0.040975 0.031923 0.025662 0.038166 0.040641 0.033345 0.027646 0.019665 0.029345 0.044409 0.041481 0.053924 0.046303 0.034536 0.027769 0.030156 0.044713 0.03691 0.051227 0.047511 0.050147 0.052195 0.056631 0.051272 0.055268 0.050517 0.052328 0.065114 0.06619 0.04289 0.04711 0.053644 0.057795 0.056724 0.048829 0.068287 0.043778 0.060684 0.062265 0.066255 0.072977 0.068241 0.061809 0.071889 0.075178 0.063977 0.055926 0.056554 0.053385 0.043022 0.033282 0.042093 0.048305 0.033955 0.026192 0.032108 0.042512 0.020581 0.024088 0.027338 0.036673 0.03318 0.030802 0.029842 0.0356 0.034471 0.028441 0.025288 0.033122 0.023561 0.021492 0.041151 0.024891 0.02996 0.022749 0.025775 0.011315 0.019448 0.024857 0.026149 0.024523 0.021931 0.010071 0.016784 0.021734 0.042421 0.021255 0.023645 0.020047 0.011187 0.017181 0.014339 0.0081955 0.0031748 0.014324 0.0079242 0.0074033 0.014443 0.016193 0.023087 0.043578 0.041215 0.045571 0.025826 0.036895 0.034062 0.032881 0.025336 0.019845 0.018576 0.033454 0.015319 0.019768 0.0062693 0.00050723 -0.00058838 -0.015168 -0.010926 -0.0012029 0.001982 0.003129 -0.0032233 -0.020551 -0.011506 -0.015876 -0.00073933 0.0028563 -0.021984 -0.016591 -0.026794 -0.016315 -0.028817 -0.036425 -0.049365 -0.041311 -0.042829 -0.041526 -0.026383 -0.037811 -0.044464 -0.054838 -0.054528 -0.051221 -0.041683 -0.044828 -0.038148 -0.052978 -0.027409 -0.01393 -0.018762 -0.035785 -0.02936 -0.027731 -0.027492 -0.030907 -0.022848 -0.020226 -0.014001 -0.0041821 0.0026148 -0.013919 -0.012252 0.0094219 0.0046764 -0.00031018 0.010987 0.015888 -0.0022661 -0.0050112 0.015504 0.011277 0.02946 0.023157 0.034367 0.026862 0.020653 0.034545 0.014983 0.0088599 0.0030958 0.020074 0.013662 0.019194 0.0090859 0.011556 0.023043 0.016938 0.014312 0.0025627 0.014372 0.017898 0.02361 0.034816 0.040206 0.033407 0.022679 0.025019 0.023548 0.03546 0.036802 0.050821 0.052878 0.049274 0.035874 0.033155 0.052207 0.042644 0.05124 0.032358 0.021843 0.015556 0.015356 0.034863 0.020094 0.029889 0.029302 0.027736 0.030585 0.031405 0.015675 0.013652 0.010272 0.018654 0.013334 0.018874 0.020237 0.017707 0.010668 0.013803 0.026717 0.026414 0.010656 0.0043235 0.013896 0.024188 0.02453 0.013958 0.00066822 0.0030867 0.0021095 0.0094564 0.0027881 0.0090406 -0.0045352 0.0011479 0.0092026 0.011432 0.00729 -0.0070736 -0.00072659 0.013441 0.0059598 0.0058477 -0.0084276 -0.021319 -0.0019059 0.0027702 0.0017628 0.0075357 0.00076401 -0.010737 -0.0070966 0.0048095 0.014151 0.026321 0.0046953 -0.0039346 0.0010213 0.0035947 0.021778 0.018915 0.010841 0.012698 0.0033482 0.021136 0.027954 0.016949 0.010963 0.012315 0.013032 0.00025083 0.0094954 0.0094438 0.00091364 0.0058583 0.012612 0.024977 -0.0044101 -0.012902 0.0047368 -0.0091781 -0.0025948 0.0032653 0.0071314 0.016997 0.016915 -0.00043783 0.0061389 0.0044049 0.0096301 0.013859 0.015077 0.0056522 0.0028992 0.0079321 0.0039259 -0.005709 -0.0077233 -0.011407 5.5703e-05 0.0016316 -0.0034506 -0.0054403 -0.0018127 -0.014104 -0.0094048 0.0056096 -0.0049349 -0.018699 -0.0098784 -0.0049673 -0.014924 -0.017203 -0.01109 -0.0063265 -0.0048907 -0.0062865 -0.004053 -0.00053246 -0.0022587 -0.0080081 -0.011628 -0.010513 -0.0039292 -0.0046259 0.0016452 -0.0032343 0.0014762 0.0092685 0.0050385 0.0094541 0.0089757 0.027621 0.018126 0.011672
-0.019173 -0.010695 -0.00079981 -0.0037796 0.0068035 0.0097607 0.007194 -0.0086141 -0.012969 -0.00053762 -0.01001 -0.023114 -0.01985 -0.0127 -0.020431 -0.017455 -0.0098072 0.00064627 -0.019981 -0.0062245 0.0035971 -0.0045126 0.0020844 0.0047033 0.019427 0.024118 0.027308 0.03743 0.046358 0.052735 0.0408 0.026217 0.025971 0.042426 0.035155 0.031519 0.041264 0.04153 0.043324 0.049205 0.057086 0.055474 0.036869 0.040841 0.041402 0.026763 0.012131 0.011949 0.0024575 0.00092127 -0.0029135 -0.019381 -0.0084914 -0.008027 -0.0054291 0.0020515 0.00071472 0.00028419 0.0081511 0.017279 0.029245 0.04642 0.037625 0.031939 0.026808 0.037894 0.034499 0.041008 0.039674 0.040422 0.03652 0.042197 0.021325 0.031614 0.037317 0.053136 0.05918 0.036779 0.037469 0.034084 0.051327 0.065739 0.050124 0.053616 0.056306 0.064587 0.061767 0.056439 0.079752 0.091599 0.085 0.095962 0.088112 0.076347 0.07493 0.069436 0.072576 0.083234 0.082958 0.072537 0.068648 0.081826 0.07871 0.072159 0.057052 0.057266 0.060249 0.051499 0.051662 0.052228 0.041586 0.055811 0.069043 0.063181 0.054657 0.061424 0.070554 0.078255 0.05982 0.057067 0.064551 0.066554 0.073244 0.068075 0.055103 0.047351 0.050759 0.052844 0.05802 0.05224 0.046869 0.059158 0.072199 0.062936 0.052568 0.058006 0.070534 0.069749 0.071922 0.065098 0.070037 0.06887 0.084332 0.077059 0.071021 0.078706 0.072955 0.073598 0.07657 0.075813 0.079162 0.074727 0.075884 0.081026 0.093814 0.085467 0.072502 0.060508 0.05487 0.056186 0.054085 0.048012 0.047604 0.032638 0.049199 0.043806 0.047064 0.052603 0.051346 0.04652 0.06893 0.05724 0.044873 0.037615 0.040649 0.032833 0.035279 0.046066 0.043015 0.032505 0.02184 0.02817 0.024842 0.023933 0.016451 0.011077 0.029046 0.045099 0.029832 0.038011 0.034497 0.035814 0.059247 0.061374 0.062459 0.058367 0.071212 0.081835 0.083887 0.070791 0.066278 0.074013 0.071672 0.071763 0.069914 0.06583 0.062669 0.075497 0.060483 0.0387 0.037861 0.047422 0.033618 0.030586 0.032065 0.040018 0.030145 0.036441 0.028185 0.037445 0.029754 0.052333 0.053409 0.062588 0.057792 0.063402 0.079036 0.075384 0.076756 0.065609 0.076204 0.069632 0.066207 0.068902 0.079815 0.057236 0.057593 0.063644 0.065014 0.049986 0.050386 0.046113 0.044993 0.041396 0.048116 0.037949 0.034499 0.032981 0.025206 0.024534 0.013912 0.01269 -0.0010518 0.0095531 0.0093714 0.012779 -0.0039121 0.0054931 0.014215 0.029397 0.028806 0.023642 0.016111 0.021697 0.021025 0.022729 0.013258 0.025462 0.031753 0.028576 0.022095 0.019053 0.014646 0.0095886 0.011768 0.018875 0.02052 0.016826 0.025375 0.017694 0.015323 0.032181 0.033257 0.01743 0.017787 0.025197 0.027224 0.023257 0.032754 0.022723 0.027674 0.029562 0.036368 0.034727 0.030895 0.027508 0.011622 0.0086687 0.02069 0.024133 0.027127 0.01545 0.013163 0.0066214 0.012538 0.022708 0.016486 0.016429 0.024876 0.021894 0.037017 0.031644 0.026051 0.023752 0.017494 0.018249 0.029908 0.039207 0.047739 0.02391 0.035633 0.042672 0.034841 0.028981 0.014022 0.02753 0.028246 0.01771 0.0051764 0.014152 0.03009 0.038227 0.041432 0.035803 0.019473 0.039334 0.053594 0.052176 0.036905 0.040949 0.038651 0.052998 0.04748 0.038414 0.034403 0.033272 0.029068 0.03777 0.027548 0.031408 0.045282 0.043831 0.038487 0.030954 0.022847 0.029301 0.039578 0.039669 0.048769 0.044475 0.034364 0.032277 0.036415 0.052709 0.043438 0.050701 0.047029 0.051902 0.050323 0.053971 0.050485 0.060355 0.0592 0.051263 0.061029 0.062295 0.048923 0.051332 0.054475 0.062727 0.05908 0.05429 0.073074 0.052873 0.068317 0.064046 0.067208 0.069423 0.065872 0.060124 0.0665 0.064602 0.056629 0.048032 0.045186 0.046784 0.038498 0.035509 0.044981 0.044589 0.027246 0.022332 0.024542 0.035052 0.022751 0.029104 0.031874 0.037989 0.033333 0.02535 0.019074 0.028701 0.027991 0.02292 0.025747 0.031618 0.026536 0.022182 0.038464 0.01971 0.018926 0.021229 0.019804 0.0094917 0.019972 0.024535 0.026025 0.024446 0.020344 0.010226 0.016301 0.023624 0.035981 0.021135 0.020256 0.017725 0.0099336 0.018536 0.015065 0.0057165 0.0027689 0.012365 0.0077788 0.0092278 0.0097101 0.020324 0.02773 0.04047 0.03636 0.040366 0.023441 0.038146 0.02872 0.026573 0.023646 0.022884 0.021161 0.035097 0.017838 0.018861 0.012276 0.011837 0.017008 -0.0028697 -0.001079 0.0098642 0.015402 0.01349 0.0034755 -0.01423 -0.0083453 -0.0073796 0.0038171 0.0048152 -0.01284 -0.002897 -0.015477 -0.012619 -0.025419 -0.035471 -0.044722 -0.029308 -0.038913 -0.029804 -0.017372 -0.029641 -0.035726 -0.037145 -0.036071 -0.034918 -0.027879 -0.03373 -0.01958 -0.030526 -0.014812 0.0031635 -0.0053711 -0.024178 -0.017206 -0.017192 -0.019238 -0.02569 -0.026716 -0.017733 -0.0071186 0.00051878 0.0051998 -0.013455 -0.01501 0.0037865 -0.00037754 -0.003198 0.0064363 0.0029541 -0.0052831 -0.010676 0.0064688 0.00095031 0.0086747 0.0076033 0.013752 0.010009 0.0084014 0.018664 0.0056306 0.0097289 0.0015257 0.013699 0.0056652 0.016044 0.0074933 0.0089056 0.019719 0.016087 0.012669 0.001293 0.01334 0.015619 0.022933 0.031941 0.035385 0.02906 0.01578 0.017625 0.014673 0.02908 0.035293 0.049054 0.046511 0.04175 0.02401 0.024901 0.043012 0.036388 0.038221 0.021457 0.015968 0.016988 0.014515 0.028905 0.015207 0.02166 0.026007 0.024937 0.022735 0.02259 0.0065361 0.016454 0.012987 0.023432 0.015658 0.011565 0.013348 0.0068266 0.010661 0.021076 0.027542 0.025399 0.010539 0.010608 0.016655 0.02265 0.024002 0.014395 -0.0011251 0.0022696 -0.00043784 0.0054297 -0.0027084 0.0049003 -0.0059943 0.0039883 0.0096233 0.0057093 0.0035797 -0.0060556 0.0025805 0.01225 0.0014825 0.008538 -0.0066681 -0.017584 -0.00045621 0.0049857 0.00042529 0.00055667 -0.0012304 -0.0065126 -0.005463 0.0094873 0.0099671 0.019008 -0.00098374 -0.0068896 0.0028155 0.0031208 0.023118 0.022044 0.015873 0.0099781 0.0042466 0.016957 0.021991 0.009557 0.002238 0.0040574 0.0023071 -0.0093048 0.0019172 0.00064891 -0.0029717 0.0030071 0.011387 0.017374 -0.01177 -0.020035 -0.0030282 -0.0065644 0.00027035 0.0024588 0.0090752 0.01713 0.012248 -0.0012265 -0.0016408 0.00091252 0.0027426 0.0060395 0.0083014 0.0046881 0.0019401 0.0051973 0.0032624 -0.0044795 -0.0041911 -0.0024897 0.00086963 0.0021711 -0.0025441 -0.00040682 -0.0022502 -0.012722 -0.0097277 0.002052 -0.0048931 -0.011778 -0.005194 -0.0057547 -0.018998 -0.019115 -0.015837 -0.0098341 -0.0061674 -0.0096154 -0.0046184 -0.0049562 -0.00067961 -0.00028133 -0.0018793 -0.0028786 -0.00094416 -0.0075711 -0.00015081 -0.0035509 -0.0029044 0.0095688 0.0086734 0.0095954 0.0052344 0.023933 0.012513 0.0032858
-0.0089214 -0.0070598 -1.01e-05 0.00091387 0.0093195 0.016898 0.01662 0.002941 -0.0051524 0.0037025 -0.0046864 -0.0070701 -0.0048332 -0.0050878 -0.011084 -0.0064356 -0.0038865 0.0055703 -0.011469 0.0029499 0.0062015 -0.00059336 0.0049204 0.0060035 0.021426 0.025216 0.034328 0.044475 0.052762 0.05193 0.039278 0.0264 0.03151 0.043946 0.035943 0.032623 0.034603 0.032745 0.034946 0.045831 0.054937 0.051085 0.037765 0.041842 0.045128 0.034004 0.02227 0.015146 -0.00011869 -0.00038181 0.001954 -0.0088207 -0.0053359 -0.0062978 -0.0039941 0.004163 0.0033 0.007797 0.013402 0.026321 0.039819 0.053306 0.043381 0.035617 0.036884 0.044329 0.035707 0.042048 0.041055 0.03924 0.027817 0.03791 0.021682 0.027232 0.034937 0.052521 0.063522 0.040886 0.041763 0.038319 0.052855 0.0675 0.056057 0.059498 0.065277 0.070408 0.071794 0.0645 0.085956 0.099085 0.09146 0.10026 0.092261 0.081323 0.07606 0.071552 0.079789 0.082612 0.08282 0.072506 0.06716 0.086386 0.081154 0.078182 0.062882 0.059489 0.064205 0.056713 0.060535 0.059851 0.052316 0.064897 0.076711 0.073046 0.062234 0.069573 0.078837 0.084473 0.062595 0.063255 0.071723 0.071376 0.075986 0.068558 0.053985 0.047277 0.051254 0.052121 0.053695 0.044466 0.044985 0.06473 0.074458 0.063123 0.057008 0.063983 0.069865 0.06861 0.078234 0.067477 0.069332 0.070584 0.084829 0.070218 0.069686 0.080167 0.067884 0.072036 0.074193 0.082253 0.081229 0.071502 0.072783 0.076131 0.083109 0.080381 0.069247 0.055594 0.054125 0.057923 0.051517 0.049789 0.049136 0.039082 0.053546 0.037252 0.039447 0.045631 0.04579 0.040038 0.059794 0.045326 0.036041 0.040231 0.037478 0.027952 0.035564 0.04054 0.042584 0.040956 0.026675 0.025201 0.02222 0.020905 0.017841 0.027169 0.039184 0.048066 0.032746 0.041032 0.038026 0.038409 0.0662 0.071799 0.068737 0.063314 0.07207 0.087585 0.084415 0.0722 0.07415 0.075773 0.069054 0.067306 0.06317 0.062209 0.057836 0.066735 0.051541 0.02597 0.032924 0.038756 0.027708 0.019594 0.023907 0.040143 0.028753 0.029107 0.019381 0.037311 0.029137 0.048556 0.052907 0.073634 0.068886 0.065224 0.081406 0.080101 0.081936 0.074368 0.087247 0.074965 0.075869 0.073904 0.076364 0.052457 0.050187 0.057774 0.062121 0.045743 0.048389 0.040868 0.039358 0.033589 0.04615 0.035029 0.039315 0.035906 0.023178 0.022608 0.012561 0.008926 5.0189e-05 0.0046017 0.0049297 0.0072052 -0.0077098 0.0041112 0.015868 0.029592 0.032567 0.021319 0.01454 0.019689 0.018823 0.022486 0.012883 0.030964 0.031364 0.030135 0.019166 0.017372 0.0098276 0.0076871 0.0060311 0.018534 0.020198 0.015751 0.021482 0.013187 0.01817 0.036671 0.028406 0.014248 0.011795 0.020776 0.019807 0.018135 0.031121 0.02023 0.022759 0.028559 0.028443 0.030192 0.032935 0.023922 0.01208 0.01273 0.028625 0.027815 0.028698 0.019442 0.013143 0.0085666 0.017399 0.023921 0.013084 0.015815 0.021482 0.024879 0.033998 0.03748 0.026862 0.025564 0.019173 0.018963 0.029143 0.037309 0.042687 0.019011 0.033165 0.037478 0.033192 0.023966 0.0092483 0.024374 0.02149 0.016837 0.0024996 0.017136 0.031688 0.044729 0.045839 0.044819 0.023675 0.043961 0.055977 0.056639 0.042562 0.042854 0.035991 0.044645 0.047386 0.040246 0.032187 0.035281 0.0269 0.03528 0.026981 0.037418 0.044041 0.039578 0.041812 0.03242 0.026096 0.029709 0.036632 0.039322 0.040424 0.040585 0.033723 0.036281 0.040776 0.056582 0.044527 0.048429 0.046878 0.053579 0.047469 0.050514 0.050837 0.061597 0.065737 0.053528 0.056622 0.057405 0.05146 0.05596 0.055902 0.067231 0.064681 0.061176 0.077899 0.064238 0.072647 0.065633 0.06526 0.064589 0.061878 0.059818 0.059894 0.053074 0.047518 0.041966 0.037285 0.038083 0.030807 0.037101 0.049465 0.040194 0.022962 0.01748 0.018063 0.027656 0.024126 0.033324 0.034339 0.037831 0.030972 0.016583 0.007178 0.020141 0.024668 0.021582 0.0302 0.032426 0.031496 0.025422 0.03492 0.015254 0.0099823 0.019562 0.015341 0.0078953 0.019412 0.023586 0.024317 0.020911 0.017675 0.010533 0.015948 0.02644 0.027708 0.02118 0.017415 0.018867 0.014567 0.021958 0.016849 0.003336 0.00085421 0.011224 0.0093901 0.012545 0.0094544 0.02567 0.029292 0.035847 0.031246 0.033339 0.019502 0.035826 0.022041 0.020213 0.022246 0.026547 0.022409 0.032 0.021783 0.018321 0.019855 0.022835 0.032312 0.011492 0.012949 0.021172 0.031847 0.026176 0.014543 1.2611e-05 0.0029367 0.009691 0.015561 0.012748 0.0021805 0.013701 -0.0015045 -0.0055318 -0.017583 -0.029271 -0.035888 -0.016163 -0.027796 -0.015268 -0.0078739 -0.017288 -0.021756 -0.015834 -0.016757 -0.017903 -0.012039 -0.019781 -0.0042077 -0.0067078 -8.8155e-06 0.017466 0.0054975 -0.012995 -0.0082663 -0.0090246 -0.010557 -0.015915 -0.023978 -0.0094657 -9.0471e-05 0.0063368 0.0096578 -0.004087 -0.010261 5.8781e-05 -0.0031989 -0.001572 0.0049463 -0.0032596 -0.0027067 -0.006832 0.0056621 -0.0015735 -0.0020841 0.0018945 0.0004588 0.001624 0.0075417 0.011182 0.003872 0.014677 0.0067948 0.010932 0.00082677 0.014606 0.0076667 0.0070186 0.017091 0.015725 0.0097917 0.0031041 0.011603 0.014111 0.021925 0.025863 0.028969 0.025091 0.011756 0.014832 0.0098062 0.023133 0.031632 0.044893 0.037778 0.031273 0.015661 0.01643 0.03136 0.029199 0.025028 0.013295 0.012428 0.021068 0.015775 0.02386 0.010442 0.012949 0.019131 0.02102 0.016178 0.014101 0.0013732 0.018804 0.014935 0.02816 0.016881 0.0036507 0.0069612 -0.0022758 0.010864 0.025414 0.024666 0.021192 0.010157 0.014184 0.019639 0.014867 0.01972 0.012553 -0.0033145 0.0020732 -0.001319 0.0030257 -0.0045026 -8.7585e-05 -0.0062174 0.0046979 0.0091827 0.0041924 0.0041518 -0.0051189 0.0034447 0.012705 0.00121 0.011595 -0.0022537 -0.0096611 0.0012868 0.0044851 -0.0026901 -0.0063355 -0.0051443 -0.0046727 -0.0029414 0.010065 0.0050415 0.012232 -0.0043824 -0.0078265 0.0036653 0.0021649 0.023263 0.022768 0.019793 0.010219 0.0064077 0.011781 0.016571 0.0013844 -0.0024704 -0.0018158 -0.0064346 -0.014218 -0.0015709 -0.0041263 -0.0069977 -0.0017962 0.0079348 0.009744 -0.013146 -0.020345 -0.0075952 -0.0038079 0.0024507 0.00044313 0.010348 0.015867 0.010225 0.0021928 -0.0062069 0.0022157 0.0011895 0.00084669 0.0018905 0.0029377 -0.00088364 0.003383 0.0013801 -0.0056627 -0.002422 0.0056241 0.0016173 -0.00021246 -0.0027874 0.0041489 -0.0039661 -0.011132 -0.0076428 -0.0002651 -0.0031262 -0.0025131 0.00074405 -0.0038836 -0.019698 -0.019156 -0.016326 -0.011156 -0.0052757 -0.010513 -0.0029674 -0.004936 -0.00018879 0.0063756 0.0057032 0.00082197 -0.0011158 -0.0097617 1.925e-05 -0.0021058 -0.0079621 0.0059381 0.0090658 0.0068537 0.004047 0.017407 0.0065847 -0.0078151
-0.00061036 -0.0055407 -0.00040886 0.0031676 0.011596 0.020208 0.021541 0.012878 0.0017 0.0050926 -0.002878 0.0073685 0.0076633 0.0015432 -0.0014774 -0.00022493 -0.0035209 0.0037706 -0.0065397 0.006176 0.0043271 -0.00089241 0.007256 0.0070841 0.023317 0.022735 0.037212 0.044367 0.052874 0.045521 0.033322 0.024543 0.030466 0.038038 0.031249 0.03262 0.027101 0.020907 0.020903 0.04 0.047402 0.041933 0.035322 0.036456 0.04222 0.036944 0.028956 0.015619 -0.0017874 0.0017662 0.012465 0.0066503 0.00010904 -0.003191 -5.4884e-05 0.0050974 0.0071379 0.0144 0.014878 0.03271 0.04539 0.054424 0.045923 0.038861 0.045807 0.052307 0.036253 0.040124 0.042207 0.037513 0.023458 0.032951 0.022659 0.024053 0.032093 0.052716 0.065218 0.045592 0.046583 0.041543 0.053829 0.066981 0.058791 0.061447 0.070454 0.074262 0.080262 0.074588 0.092538 0.10407 0.095028 0.10333 0.094854 0.083514 0.078002 0.072744 0.083124 0.079398 0.082367 0.0727 0.068311 0.087566 0.079912 0.081625 0.071022 0.06404 0.069334 0.063401 0.067747 0.070282 0.064833 0.075098 0.083619 0.083194 0.071214 0.07968 0.085348 0.090154 0.065938 0.068261 0.074241 0.071589 0.074425 0.064835 0.051905 0.048209 0.051466 0.053567 0.049648 0.035878 0.044322 0.069062 0.074527 0.063799 0.063233 0.070621 0.068208 0.064057 0.077585 0.066202 0.064906 0.0699 0.079218 0.062304 0.066929 0.078733 0.062417 0.069177 0.070584 0.085733 0.083596 0.06918 0.066323 0.066802 0.068991 0.072241 0.064318 0.049255 0.048959 0.057119 0.049379 0.05304 0.049943 0.045846 0.055425 0.030409 0.034154 0.040149 0.040603 0.035898 0.049589 0.035523 0.02934 0.042257 0.036286 0.02676 0.041073 0.037964 0.043647 0.045754 0.031143 0.022438 0.020853 0.021147 0.020434 0.042023 0.046141 0.047661 0.03514 0.043161 0.042382 0.042628 0.068734 0.076994 0.072798 0.071017 0.073695 0.091931 0.085446 0.071827 0.078873 0.074023 0.067259 0.066129 0.056747 0.060079 0.054194 0.055765 0.043079 0.018162 0.031271 0.031232 0.023034 0.01067 0.015521 0.038751 0.026701 0.020114 0.012265 0.038117 0.032758 0.04489 0.048787 0.080694 0.077971 0.064967 0.08163 0.083767 0.088351 0.084718 0.095258 0.080835 0.088588 0.083183 0.072165 0.0494 0.044693 0.048437 0.053861 0.041598 0.043684 0.035415 0.032047 0.023101 0.041498 0.035373 0.042861 0.038448 0.024514 0.022549 0.012616 0.010192 0.0016985 0.0035184 0.00095577 0.0052252 -0.0063734 0.0046993 0.015259 0.026483 0.032608 0.016427 0.012256 0.015162 0.012064 0.018579 0.0091743 0.029153 0.029376 0.029899 0.015425 0.013851 0.0044136 0.0069469 -0.0015183 0.016152 0.016664 0.012335 0.017777 0.011784 0.023663 0.038565 0.023258 0.01204 0.005102 0.015721 0.011249 0.012884 0.027212 0.016037 0.014924 0.030017 0.021802 0.02232 0.033009 0.021085 0.016169 0.015731 0.034301 0.028279 0.026803 0.023154 0.010394 0.0080133 0.019975 0.022978 0.010261 0.01603 0.016769 0.027938 0.030641 0.042941 0.028139 0.02857 0.019335 0.020152 0.030069 0.035347 0.036318 0.0153 0.030394 0.032343 0.030505 0.018788 0.0062572 0.022936 0.016362 0.016088 -0.0014549 0.017177 0.028052 0.046244 0.048888 0.052542 0.028284 0.045243 0.056206 0.060298 0.051149 0.046424 0.034257 0.036593 0.045287 0.04505 0.030874 0.037011 0.028017 0.034569 0.028872 0.041399 0.036092 0.02948 0.042234 0.030022 0.027798 0.029215 0.03468 0.038384 0.030741 0.033927 0.03186 0.038964 0.041711 0.054809 0.040302 0.045072 0.045062 0.05256 0.041676 0.045583 0.051593 0.057212 0.066455 0.058086 0.053617 0.052974 0.050228 0.059091 0.057783 0.068576 0.070626 0.067164 0.081029 0.074958 0.072138 0.065089 0.060472 0.059192 0.056644 0.060484 0.054066 0.044355 0.038632 0.035865 0.03189 0.02824 0.021139 0.03689 0.053333 0.033466 0.01929 0.010775 0.013176 0.022696 0.024739 0.03369 0.033369 0.033096 0.025101 0.0061709 -0.003327 0.012271 0.023724 0.023859 0.034908 0.033707 0.035523 0.028758 0.029833 0.012348 0.0046805 0.01778 0.012554 0.006321 0.017301 0.022863 0.023015 0.016847 0.015007 0.010388 0.016597 0.02923 0.018398 0.021878 0.01639 0.022561 0.021133 0.024173 0.016904 0.0010304 -0.0021435 0.010629 0.013393 0.016211 0.012223 0.031022 0.027126 0.031215 0.026326 0.024103 0.013872 0.028061 0.015206 0.013613 0.019104 0.026303 0.019029 0.025023 0.025446 0.018832 0.026119 0.030343 0.041549 0.023493 0.026937 0.030134 0.046708 0.038666 0.028318 0.020365 0.020521 0.030855 0.032755 0.025802 0.02228 0.03243 0.017399 0.0076205 -0.0029929 -0.014743 -0.019309 -0.00027812 -0.010424 -0.00040117 0.0026882 -0.0027976 -0.0052092 0.0068457 0.001175 -0.0011115 0.0061122 -0.0037094 0.0070482 0.013875 0.013697 0.025857 0.013412 -0.0029583 -0.0029383 -0.0043842 -0.0017458 -0.0042914 -0.01674 0.0013518 0.0068831 0.012038 0.015808 0.0093127 0.0010498 -0.00054023 -0.0022312 0.0038713 0.0047171 -0.0023983 0.0044058 0.00403 0.010345 0.0018673 -0.0014471 0.0057644 -0.004109 0.0027467 0.016576 0.011825 0.0089591 0.022348 0.016273 0.011822 0.00032753 0.016023 0.0096456 0.0066212 0.014767 0.014435 0.004879 0.0058383 0.008356 0.01201 0.019341 0.01583 0.020786 0.02007 0.009719 0.016583 0.0080065 0.018569 0.027005 0.038919 0.02716 0.021733 0.012534 0.009195 0.018761 0.021219 0.012473 0.0077174 0.010602 0.024927 0.016723 0.019048 0.0043982 0.0039939 0.010777 0.018262 0.013018 0.0078523 0.0010667 0.01983 0.016077 0.029096 0.015686 -0.0038546 0.0016919 -0.007327 0.010739 0.024253 0.018551 0.015654 0.010074 0.014648 0.020476 0.0032359 0.012809 0.0094815 -0.0059082 0.0027303 -0.00080602 0.0017018 -0.0027444 -0.0059357 -0.0061002 0.0033137 0.0064851 0.005141 0.00891 -0.004605 0.0021431 0.014354 0.0044037 0.015539 0.0056362 0.00073266 0.0040125 0.0051107 -0.0037424 -0.010162 -0.0093098 -0.0048997 0.00020798 0.0066853 -0.00026212 0.0070999 -0.0047123 -0.0056978 0.0044517 0.0020744 0.021927 0.019723 0.022649 0.013696 0.0082137 0.0060621 0.012296 -0.0055769 -0.0026795 -0.0040138 -0.010379 -0.012517 0.00011642 -0.0046871 -0.011997 -0.0077822 0.0030816 0.0044055 -0.0074579 -0.01365 -0.0070952 -0.00034537 0.004825 0.00044511 0.011742 0.013286 0.0094194 0.0088174 -0.0062659 0.0077999 0.0051059 0.00059909 -0.0015076 0.0020461 -0.0047025 0.0021121 -0.0013736 -0.0086377 -0.0031949 0.010328 0.0010279 -0.0059024 -0.0058193 0.004919 -0.0080629 -0.011028 -0.0043387 -0.00029756 -0.00025451 0.0070753 0.0050699 -0.0014891 -0.01591 -0.016733 -0.013076 -0.010486 -0.0030059 -0.0096159 -0.00084716 -0.00076684 -0.0011803 0.0093921 0.0083243 0.0012187 -0.0017226 -0.010205 0.0015981 0.00033739 -0.011452 -0.0011376 0.0049655 0.001228 0.0044379 0.0094578 0.0011728 -0.018946
0.0002709 -0.0080497 -0.0034432 -0.0011414 0.0091745 0.013492 0.017198 0.014362 0.0023115 0.00054028 -0.0067749 0.014952 0.013535 0.0044813 0.0053728 -0.0021575 -0.0099569 -0.0025658 -0.0058952 0.0023948 6.1751e-06 -0.0037959 0.008915 0.0084813 0.022482 0.018514 0.037303 0.040038 0.048008 0.037389 0.026513 0.023123 0.025754 0.02867 0.023885 0.032519 0.020632 0.011326 0.0080695 0.035032 0.037797 0.031959 0.031199 0.028691 0.035175 0.034652 0.030709 0.015304 -0.0014542 0.0058924 0.026188 0.021402 0.0055287 -3.9957e-05 0.0041252 0.0023115 0.01008 0.017903 0.015206 0.036325 0.045747 0.049477 0.044786 0.041252 0.052031 0.061542 0.038888 0.037871 0.044392 0.036368 0.025521 0.028984 0.024784 0.024507 0.030654 0.055693 0.065061 0.049494 0.051841 0.043519 0.056246 0.065138 0.057603 0.060933 0.072999 0.076664 0.086094 0.087093 0.10001 0.10731 0.095449 0.10753 0.096558 0.083108 0.082003 0.074485 0.082539 0.076164 0.082155 0.074304 0.071973 0.086236 0.07758 0.082744 0.079275 0.07131 0.074164 0.070145 0.072645 0.082244 0.075894 0.084123 0.088865 0.089668 0.077276 0.087301 0.086341 0.094564 0.070042 0.072696 0.072073 0.067716 0.069728 0.058547 0.050156 0.050508 0.051701 0.056562 0.047009 0.02901 0.044282 0.068681 0.071135 0.064974 0.070124 0.074884 0.06576 0.058307 0.072587 0.062948 0.057145 0.066519 0.071132 0.058436 0.063221 0.075548 0.059655 0.068625 0.069226 0.086775 0.087272 0.068916 0.057884 0.056106 0.057042 0.06487 0.059655 0.043537 0.04064 0.054321 0.049286 0.056894 0.049805 0.050101 0.055307 0.027096 0.032933 0.039237 0.037254 0.035336 0.041972 0.031265 0.027812 0.042929 0.037484 0.029724 0.047969 0.038152 0.045051 0.045157 0.033418 0.021691 0.020008 0.021999 0.021674 0.048893 0.048393 0.044446 0.035394 0.043775 0.047381 0.04929 0.068603 0.079346 0.075577 0.079694 0.076132 0.093348 0.087553 0.07026 0.077816 0.067025 0.065317 0.067421 0.051608 0.057795 0.050041 0.043956 0.035652 0.015549 0.032916 0.026356 0.020336 0.0071703 0.0093869 0.035549 0.024945 0.012709 0.0082861 0.039683 0.039666 0.043159 0.041743 0.080115 0.080953 0.064727 0.081766 0.087214 0.095091 0.092288 0.097372 0.084738 0.098021 0.092171 0.067229 0.047712 0.039717 0.035137 0.040587 0.037189 0.036869 0.029846 0.025333 0.013656 0.034179 0.038095 0.042364 0.038789 0.027263 0.022281 0.010733 0.013701 0.0020043 0.005157 -0.0018535 0.0049796 -0.0031816 0.0050886 0.010974 0.019824 0.027849 0.0083107 0.0091021 0.0077482 0.002521 0.011982 0.0041778 0.019592 0.0258 0.02827 0.011151 0.010513 -0.00012175 0.0067466 -0.00687 0.012471 0.0116 0.0079223 0.014622 0.013538 0.028682 0.038234 0.020138 0.011751 0.00034548 0.011988 0.0047195 0.0073155 0.022211 0.010957 0.0062053 0.031921 0.019095 0.014991 0.031135 0.019452 0.020399 0.0142 0.032781 0.023489 0.021125 0.024857 0.0055373 0.005142 0.019059 0.021304 0.0076495 0.015139 0.011076 0.029726 0.028301 0.048222 0.029921 0.031567 0.017994 0.022586 0.032617 0.035781 0.03135 0.014598 0.028981 0.028985 0.026842 0.01457 0.0054651 0.0217 0.013251 0.014781 -0.0045086 0.01347 0.018824 0.041397 0.048775 0.055503 0.030931 0.040045 0.055156 0.063442 0.060133 0.050473 0.032819 0.032116 0.039936 0.048511 0.029677 0.034201 0.030469 0.034447 0.029676 0.040919 0.023886 0.016533 0.038137 0.022678 0.026549 0.026379 0.030661 0.034003 0.021326 0.024155 0.028047 0.03883 0.038725 0.047257 0.030995 0.040864 0.040263 0.047221 0.031979 0.039371 0.051098 0.047353 0.059395 0.062635 0.051765 0.049895 0.046415 0.059728 0.059469 0.064729 0.072616 0.069763 0.079976 0.08106 0.066765 0.059922 0.05374 0.053374 0.050859 0.06023 0.049933 0.040937 0.032012 0.028498 0.027925 0.019614 0.011661 0.033931 0.053339 0.023454 0.014092 0.0025278 0.009989 0.020457 0.023656 0.027769 0.02827 0.021662 0.015403 -0.0038191 -0.0093609 0.0068522 0.021921 0.026416 0.035724 0.032888 0.035059 0.028552 0.022814 0.010713 0.0035986 0.016068 0.011965 0.0050841 0.014266 0.023229 0.024314 0.016255 0.014785 0.010444 0.018262 0.029948 0.0086093 0.022754 0.016717 0.026129 0.024298 0.021091 0.012609 -0.0017083 -0.0059052 0.0095333 0.018891 0.017364 0.014064 0.03273 0.019939 0.02676 0.021756 0.013202 0.0067524 0.014784 0.0088611 0.0070604 0.013388 0.019463 0.0097809 0.017306 0.02756 0.021149 0.028833 0.032433 0.043051 0.030278 0.037935 0.036426 0.056012 0.048679 0.041876 0.041766 0.039439 0.050064 0.051539 0.041912 0.044705 0.051264 0.040556 0.025597 0.017514 0.0082122 0.0044673 0.017816 0.0094407 0.011843 0.01351 0.010565 0.010212 0.026943 0.015305 0.01355 0.024558 0.011841 0.013994 0.026646 0.022421 0.025879 0.017238 0.0041613 -0.00050789 -0.0035265 0.0058144 0.0055457 -0.0086851 0.010695 0.014012 0.015947 0.022239 0.019742 0.014751 0.0016235 0.0025828 0.01107 0.0053229 0.0037141 0.013179 0.016919 0.014865 0.0071174 0.0083502 0.015504 -0.00021322 0.010675 0.029715 0.018308 0.018134 0.030769 0.025791 0.014712 0.0035974 0.020035 0.013046 0.0080974 0.012228 0.011825 -0.00079813 0.0068835 0.0037331 0.0092592 0.015011 0.0023856 0.010993 0.012724 0.0082049 0.020378 0.0070879 0.015048 0.022224 0.032943 0.016427 0.01652 0.014838 0.004949 0.007241 0.013216 0.0019631 0.0043898 0.0097021 0.02595 0.016289 0.01499 -0.0029969 -0.003566 0.0035097 0.018501 0.014671 0.0056488 0.0060801 0.020236 0.017206 0.024285 0.01204 -0.0087942 -0.0010278 -0.0063341 0.0097423 0.017033 0.011459 0.011281 0.010263 0.012224 0.017337 -0.0082034 0.0057529 0.007357 -0.007099 0.0041623 0.00085414 0.0017755 0.001897 -0.011427 -0.0057876 0.00067749 0.0021382 0.0063461 0.016203 -0.0035184 0.0008875 0.017232 0.010143 0.020477 0.01636 0.011227 0.0086199 0.01034 -1.2517e-05 -0.0091719 -0.012783 -0.0059964 0.0025144 0.00053476 -0.0053521 0.0041571 -0.0020151 -6.1258e-05 0.0055723 0.0032745 0.018521 0.013078 0.025318 0.020011 0.0086935 0.001313 0.0097724 -0.0095676 0.00067309 -0.0019897 -0.0075791 -0.0044634 0.0064353 -0.0019681 -0.016895 -0.013038 -0.0022544 0.0027861 0.0030715 -0.0025531 -0.0023905 0.0031974 0.0068822 0.0038646 0.012338 0.0091001 0.0081071 0.016496 -0.0022838 0.015104 0.011603 0.0049267 -0.00077836 0.0033627 -0.0073739 0.00031968 -0.0047018 -0.012411 -0.0064709 0.0097197 -0.0015546 -0.013112 -0.011076 0.00040273 -0.013827 -0.013086 -0.00097302 0.0016994 0.0024661 0.014118 0.0058358 -0.00071599 -0.0071873 -0.011762 -0.0072684 -0.0083151 -9.4103e-05 -0.0073374 0.00043234 0.0061067 -0.0028144 0.0076282 0.0058012 0.00043034 -7.568e-06 -0.0088352 0.0030673 0.002269 -0.011593 -0.0082785 -0.0021372 -0.0054712 0.0050408 0.0015405 -0.0028785 -0.025834
-0.0053445 -0.011611 -0.0070258 -0.0085965 0.0027099 -0.0020355 0.0066072 0.0085675 -0.0017576 -0.0063666 -0.01236 0.016951 0.016165 0.0060288 0.0093958 -0.0088501 -0.018535 -0.0061098 -0.006087 -0.0043805 -0.0015195 -0.0051107 0.010107 0.011229 0.017338 0.016309 0.038086 0.038001 0.043489 0.033098 0.023137 0.024923 0.023028 0.022605 0.018374 0.032838 0.016183 0.0086953 0.0028424 0.033163 0.029152 0.024451 0.026805 0.023749 0.028525 0.028591 0.028766 0.016212 0.0013984 0.0089782 0.038678 0.029792 0.0088127 0.0021008 0.0055917 -0.0051061 0.010626 0.018801 0.01825 0.038461 0.041906 0.040338 0.040837 0.042508 0.055099 0.070295 0.043771 0.037579 0.04812 0.036272 0.03236 0.026604 0.027929 0.028769 0.030897 0.060938 0.064439 0.052682 0.057355 0.044428 0.061213 0.06208 0.053205 0.060641 0.075673 0.078641 0.088703 0.1001 0.10778 0.10956 0.094414 0.11459 0.097962 0.081157 0.088765 0.078023 0.080395 0.075878 0.082683 0.077639 0.076052 0.083628 0.076912 0.082977 0.086056 0.080523 0.077564 0.075997 0.076135 0.092929 0.082471 0.089264 0.091714 0.08923 0.07772 0.089098 0.080511 0.096801 0.074547 0.078046 0.06808 0.063374 0.065698 0.051787 0.048795 0.053538 0.052489 0.060065 0.046099 0.025497 0.044471 0.061498 0.064444 0.066523 0.075301 0.074235 0.062289 0.053994 0.067867 0.060357 0.047703 0.060224 0.065237 0.062565 0.060341 0.073248 0.061745 0.073736 0.073337 0.088186 0.092636 0.070475 0.050254 0.048238 0.051505 0.061222 0.057459 0.040142 0.032376 0.050562 0.051911 0.05945 0.049344 0.050196 0.053755 0.029336 0.035373 0.043815 0.036273 0.038153 0.039342 0.032944 0.032055 0.041263 0.03892 0.033964 0.050377 0.039474 0.044717 0.039818 0.032278 0.025297 0.019771 0.020601 0.020128 0.044558 0.046792 0.041314 0.033866 0.043518 0.053196 0.058002 0.06834 0.081799 0.077534 0.086479 0.078332 0.090892 0.090053 0.068745 0.070349 0.05496 0.061096 0.068036 0.047696 0.053911 0.043459 0.032553 0.029168 0.016116 0.036103 0.023974 0.019803 0.010908 0.0084923 0.03132 0.024581 0.0095928 0.0076209 0.041318 0.046892 0.044185 0.034708 0.072072 0.076166 0.066421 0.082079 0.09019 0.099623 0.092743 0.093019 0.083876 0.097568 0.094346 0.061404 0.046569 0.034198 0.020237 0.024847 0.032819 0.03023 0.024881 0.022236 0.0092275 0.025887 0.040366 0.036848 0.035107 0.028722 0.020081 0.0055697 0.01521 -0.00021643 0.007702 -0.0023846 0.0046091 -0.0013236 0.0038802 0.0038338 0.011478 0.019524 -0.00081191 0.0052619 -0.0022417 -0.0066977 0.0042474 0.000923 0.0063431 0.021468 0.025882 0.0060105 0.0086234 -0.0030312 0.0061774 -0.0062631 0.0087477 0.008137 0.0042483 0.011372 0.017826 0.031108 0.036621 0.020235 0.013232 -0.00020493 0.010335 0.0027623 0.0012726 0.017677 0.0067249 0.0007094 0.0324 0.022078 0.012374 0.028288 0.01871 0.020745 0.0062758 0.022773 0.014393 0.013029 0.023512 -0.00047263 8.2672e-05 0.013707 0.02058 0.0057245 0.011315 0.0053329 0.029145 0.028015 0.052384 0.031055 0.032663 0.015039 0.02542 0.035827 0.039798 0.030013 0.017977 0.029793 0.027594 0.021848 0.012462 0.0073823 0.018987 0.012293 0.012887 -0.0046079 0.0071298 0.0074482 0.032436 0.04482 0.053113 0.030598 0.028146 0.053389 0.065431 0.066776 0.053863 0.030753 0.033351 0.031503 0.046479 0.027725 0.023922 0.029637 0.031698 0.025478 0.03529 0.009844 0.0044219 0.028775 0.011477 0.022194 0.020844 0.021898 0.024859 0.013809 0.012582 0.022469 0.034727 0.033641 0.036217 0.018155 0.035525 0.033059 0.038587 0.019707 0.033403 0.047916 0.034803 0.046322 0.063841 0.04826 0.047902 0.042343 0.057902 0.060144 0.056441 0.06787 0.068141 0.073247 0.079264 0.057982 0.048144 0.045937 0.046394 0.045089 0.056648 0.047112 0.04239 0.028434 0.020561 0.025044 0.01542 0.0049177 0.028136 0.046789 0.010951 0.0062715 -0.0055081 0.0080645 0.018819 0.019484 0.015719 0.019945 0.0043056 0.0025691 -0.01194 -0.0089374 0.003764 0.014713 0.023972 0.029934 0.02755 0.027674 0.021825 0.013834 0.0093018 0.0057753 0.014328 0.013893 0.0051096 0.011805 0.0247 0.028946 0.021193 0.018794 0.011795 0.019382 0.026341 -0.0016177 0.022323 0.016298 0.026061 0.02012 0.0104 0.0034943 -0.005388 -0.0096552 0.007284 0.024061 0.013506 0.011087 0.027266 0.0070589 0.021207 0.017167 0.002517 -0.00086259 -0.0016615 0.0024416 0.0010096 0.0056377 0.0064065 -0.0036786 0.012579 0.027741 0.025245 0.027992 0.029574 0.038217 0.031378 0.044691 0.041846 0.058105 0.05489 0.052382 0.058034 0.053497 0.062221 0.066657 0.057968 0.065381 0.067315 0.063687 0.04299 0.039139 0.034823 0.02929 0.03457 0.025762 0.019225 0.022972 0.01987 0.021157 0.040323 0.023979 0.023541 0.038865 0.022458 0.017409 0.029297 0.023522 0.017886 0.015646 0.0066542 0.00055678 -0.0057413 0.010492 0.010935 -0.0035564 0.015521 0.02158 0.0167 0.027421 0.022357 0.025874 0.0056266 0.0098067 0.018013 0.0085586 0.011628 0.020013 0.026103 0.013331 0.009704 0.021349 0.024712 0.0091291 0.018795 0.038288 0.026193 0.026821 0.037238 0.030226 0.016177 0.0078418 0.024292 0.016468 0.01102 0.0094223 0.0086349 -0.0042716 0.0045541 -0.0010672 0.0072855 0.010201 -0.011793 0.000704 0.002968 0.0051862 0.022204 0.0046587 0.010792 0.01736 0.028781 0.0075619 0.017053 0.020126 0.0039537 -0.0018942 0.0064373 -0.005253 0.0026097 0.0092728 0.022979 0.015084 0.012738 -0.010482 -0.0075179 -0.00098069 0.021388 0.020431 0.0083065 0.015546 0.02204 0.019892 0.015497 0.0083239 -0.0088083 -0.00010947 0.00062751 0.007733 0.0063938 0.0063104 0.0099478 0.0099548 0.0077855 0.009735 -0.015195 0.00079798 0.0082517 -0.0037201 0.0058847 0.0030905 0.0039991 0.0084866 -0.014571 -0.0055278 -0.0025179 -0.0014205 0.0058652 0.023012 -0.00062594 0.0026704 0.022011 0.017524 0.025485 0.026884 0.019037 0.015233 0.020637 0.0078063 -0.0041788 -0.015389 -0.0060997 0.0022731 -0.0060845 -0.0094045 0.0033566 0.0023093 0.008153 0.0064942 0.0042607 0.012945 0.0050359 0.028828 0.028206 0.008117 -0.00031131 0.0092001 -0.01028 0.0047846 0.0029227 0.0010082 0.0067191 0.015416 0.0023751 -0.018743 -0.014825 -0.0070765 0.004751 0.013662 0.0085115 0.0032921 0.0052624 0.0070891 0.009307 0.0095037 0.0028354 0.0052535 0.022543 0.0034627 0.020496 0.015906 0.010724 0.0028333 0.0067891 -0.0068269 -0.0030822 -0.0080937 -0.015583 -0.010991 0.0036902 -0.0055361 -0.017843 -0.016067 -0.007945 -0.019017 -0.016775 0.0016594 0.0039358 0.0034145 0.015878 0.0030503 -0.002544 0.0049551 -0.0055003 -0.00034022 -0.005193 0.0037599 -0.004367 0.00094256 0.013135 -0.0033015 0.0025952 0.0014789 0.0012968 0.0052014 -0.006525 0.0030636 0.002691 -0.0077068 -0.010719 -0.0081592 -0.0097916 0.0049049 -0.0051343 -0.0052276 -0.02468
-0.010397 -0.010705 -0.0078348 -0.010821 -0.0033637 -0.018509 -0.0010477 0.0030026 -0.0039277 -0.0085969 -0.012949 0.019875 0.023944 0.010918 0.01242 -0.01323 -0.023093 -0.0010649 -0.0036209 -0.0087673 0.0034233 -0.0026134 0.00835 0.013664 0.0067576 0.018009 0.041676 0.042665 0.044108 0.035462 0.024754 0.029975 0.026494 0.025027 0.018025 0.033111 0.01278 0.013774 0.0070367 0.034199 0.022883 0.020254 0.022159 0.025121 0.02602 0.022327 0.026801 0.018809 0.0059758 0.0072461 0.044909 0.028787 0.0091136 0.0029849 0.0028364 -0.015643 0.0089184 0.020424 0.0275 0.041798 0.036383 0.030315 0.03597 0.042871 0.055697 0.075613 0.047828 0.039384 0.05224 0.036453 0.038797 0.024902 0.03152 0.034449 0.031471 0.065375 0.065058 0.057352 0.06265 0.044737 0.068344 0.057405 0.047876 0.062834 0.081878 0.081646 0.088866 0.11013 0.11425 0.11123 0.095098 0.12459 0.099556 0.079211 0.098251 0.084136 0.080163 0.08015 0.084026 0.082436 0.07788 0.080523 0.079453 0.084193 0.091345 0.090368 0.079668 0.081447 0.080001 0.098972 0.083601 0.088896 0.09243 0.082094 0.07357 0.084907 0.070404 0.09561 0.077474 0.085133 0.066989 0.064142 0.06681 0.046185 0.04676 0.05594 0.053725 0.063244 0.045784 0.024443 0.045181 0.04853 0.0558 0.067973 0.075432 0.067324 0.057008 0.052302 0.067489 0.060568 0.038749 0.051006 0.06421 0.074454 0.060313 0.074655 0.06842 0.085944 0.083422 0.093118 0.098223 0.071473 0.045255 0.045383 0.052074 0.06145 0.058535 0.038861 0.027044 0.046628 0.056666 0.059095 0.049515 0.046376 0.050437 0.035826 0.039214 0.051574 0.03767 0.043289 0.04155 0.037452 0.039373 0.036108 0.036036 0.033761 0.043075 0.039275 0.040488 0.031647 0.027775 0.034135 0.020775 0.015543 0.015831 0.031885 0.045046 0.042488 0.03321 0.0443 0.060342 0.067071 0.069295 0.085394 0.077795 0.088415 0.078839 0.084832 0.091181 0.068227 0.058506 0.040296 0.052608 0.064581 0.043903 0.048041 0.033733 0.022096 0.023117 0.016835 0.038305 0.022507 0.021173 0.02124 0.014744 0.028157 0.02676 0.011605 0.0092132 0.042268 0.05061 0.046873 0.03069 0.060326 0.065942 0.07066 0.080307 0.091044 0.098974 0.084502 0.084843 0.076825 0.084625 0.08517 0.054254 0.044509 0.028006 0.0080772 0.010427 0.028843 0.026303 0.020878 0.023906 0.010717 0.019347 0.039153 0.028435 0.026977 0.026799 0.015989 -0.00051113 0.012105 -0.0044811 0.0096473 0.00092682 0.0042909 -0.0012295 0.0016025 -0.003827 0.0045948 0.010494 -0.0070365 0.001003 -0.014425 -0.013183 -0.0037956 0.00043419 -0.0042095 0.017736 0.022717 -0.00067539 0.0083853 -0.0044729 0.0043378 0.0019518 0.0065237 0.0088929 0.0025888 0.006882 0.02378 0.03123 0.034132 0.022434 0.015305 0.0043319 0.0095136 0.0058819 -0.0042385 0.015914 0.0055537 0.0029395 0.030728 0.030464 0.016194 0.025173 0.017166 0.014474 -0.0070091 0.0077828 0.0050074 0.0049927 0.019602 -0.0068824 -0.0078446 0.0033764 0.021273 0.0055006 0.003704 0.0006892 0.025852 0.02959 0.053665 0.029944 0.029956 0.0098067 0.026361 0.038187 0.04585 0.031907 0.024779 0.03244 0.026606 0.015384 0.013232 0.012745 0.013802 0.013128 0.010662 -0.0020462 0.00013786 -0.00052523 0.024672 0.038217 0.049246 0.029492 0.013931 0.051115 0.064626 0.069164 0.055517 0.027237 0.039825 0.021691 0.037572 0.024687 0.0070365 0.020648 0.022794 0.014848 0.027108 -0.0048421 -0.0040273 0.015665 -0.0004302 0.015994 0.013676 0.0089184 0.012603 0.0098133 0.0020571 0.016584 0.026916 0.030644 0.025713 0.0049247 0.028349 0.025923 0.030055 0.008049 0.029791 0.041813 0.023502 0.031954 0.058355 0.038824 0.045444 0.040089 0.053992 0.059311 0.047528 0.057804 0.064387 0.061751 0.069106 0.047561 0.029173 0.036659 0.036735 0.039295 0.048167 0.044495 0.04547 0.026731 0.014988 0.024028 0.018147 0.0030824 0.020886 0.033588 -0.0013802 -0.0031109 -0.010853 0.0065654 0.014165 0.011008 0.00036463 0.010617 -0.015038 -0.011803 -0.018194 -0.0029214 0.00063153 -0.00093445 0.011876 0.017359 0.015918 0.013052 0.0080839 0.0028575 0.0074215 0.0090306 0.012202 0.017891 0.0074506 0.010994 0.025672 0.035071 0.0293 0.025899 0.014401 0.017242 0.017682 -0.012559 0.019251 0.01334 0.020455 0.009051 -0.006431 -0.0079661 -0.01032 -0.011999 0.0044858 0.027333 0.0043533 0.0022798 0.014198 -0.010496 0.012807 0.012245 -0.0051064 -0.0073264 -0.017919 -0.0060836 -0.0045482 -0.0027258 -0.0097384 -0.01752 0.012428 0.026581 0.029872 0.026442 0.024535 0.030566 0.028304 0.047595 0.048757 0.054284 0.057395 0.059265 0.065804 0.059078 0.066347 0.073565 0.070624 0.08098 0.078499 0.081077 0.053288 0.055281 0.056906 0.045928 0.044282 0.032719 0.021298 0.029951 0.024117 0.026021 0.045006 0.027029 0.026463 0.044191 0.024212 0.018822 0.023091 0.0171 0.0058523 0.0083904 0.0041036 0.0017684 -0.0098391 0.011869 0.012453 -0.0024022 0.01563 0.029483 0.014179 0.031264 0.018142 0.03257 0.011478 0.017575 0.024199 0.017796 0.018463 0.022599 0.027961 0.002897 0.0074615 0.03033 0.027234 0.018601 0.019177 0.034506 0.029826 0.02994 0.038894 0.025092 0.012173 0.0087998 0.024972 0.017496 0.014112 0.0069623 0.0059449 -0.0026339 -0.00067576 -0.004376 0.0079459 0.0066934 -0.022661 -0.007911 -0.0076516 -0.0011401 0.018804 -0.00043471 0.0036637 0.012004 0.026933 0.0012917 0.022473 0.024262 0.0037748 -0.0090539 0.0020815 -0.0091259 0.0012134 0.0093583 0.016831 0.014639 0.012501 -0.01622 -0.0065437 -0.0029394 0.024025 0.027418 0.015166 0.027007 0.027138 0.025974 0.007599 0.0086342 -0.0030439 0.0037961 0.010782 0.0051422 -0.0027671 0.0049167 0.012155 0.0083096 0.0025544 -0.0011484 -0.015601 -0.0019079 0.012756 0.0066548 0.0071507 0.004939 0.0090195 0.016735 -0.01334 -0.0062787 -0.0065674 -0.0011538 0.0030893 0.026482 0.0044302 0.0098212 0.030046 0.026084 0.028159 0.032631 0.021632 0.022613 0.032369 0.015214 0.0015462 -0.01744 -0.0030883 -0.00063601 -0.010721 -0.011547 0.0042493 0.0058975 0.016582 0.0058158 0.0019217 0.0058697 -0.0012375 0.033047 0.036812 0.0074925 0.0026429 0.0098696 -0.0095473 0.0054604 0.0072821 0.010764 0.016023 0.024352 0.0061899 -0.015017 -0.011173 -0.010598 0.0083916 0.019883 0.015892 0.0064896 0.004414 0.0042243 0.013435 0.00050036 -0.0058747 0.0010845 0.024775 0.0079304 0.021439 0.014456 0.014149 0.006451 0.010338 -0.0028243 -0.0082967 -0.010516 -0.016554 -0.014643 -0.0061266 -0.0090838 -0.015611 -0.017737 -0.016019 -0.020944 -0.020594 0.0035844 0.0043164 0.0016951 0.010955 -0.0016523 -0.0061469 0.017151 1.0207e-06 0.0069274 -0.001425 0.010296 -0.0019742 0.0024069 0.017669 -0.00081323 -0.0020084 0.00058679 0.0056667 0.012679 -0.0044904 0.0013755 0.0022145 -0.0005667 -0.005502 -0.0087927 -0.0082717 0.0040143 -0.0098491 -0.0066801 -0.014699
-0.0073615 -0.0028399 -0.0059059 -0.0022649 -0.0062326 -0.027811 0.0028141 0.0040992 0.00090412 -0.0028611 -0.0060372 0.028874 0.042999 0.021052 0.015228 -0.010795 -0.022214 0.010076 -3.9696e-06 -0.0088004 0.01285 0.00046119 -0.003335 0.0096814 -0.01045 0.021289 0.046562 0.051832 0.049484 0.042105 0.029188 0.034362 0.035552 0.036169 0.022918 0.032573 0.0084624 0.023467 0.017602 0.036566 0.019634 0.018745 0.016221 0.032877 0.027963 0.019672 0.028893 0.021468 0.010615 -0.0027411 0.040669 0.018543 0.007131 0.0033084 -0.0025148 -0.025842 0.0070041 0.027551 0.044673 0.049072 0.032574 0.0221 0.031443 0.042877 0.054162 0.073285 0.045981 0.040752 0.053865 0.035031 0.038442 0.021631 0.034737 0.038144 0.030756 0.064714 0.068025 0.066769 0.066802 0.045068 0.075912 0.051134 0.044768 0.067565 0.093753 0.087103 0.088459 0.11387 0.1173 0.11165 0.10023 0.13523 0.10125 0.078008 0.10955 0.093431 0.084048 0.08787 0.085323 0.088292 0.0762 0.076578 0.08503 0.087348 0.095949 0.099161 0.081152 0.087788 0.084595 0.09662 0.08023 0.082582 0.091604 0.071724 0.068656 0.077002 0.060942 0.088614 0.074346 0.092062 0.072673 0.074754 0.074955 0.042285 0.042498 0.056008 0.053623 0.065567 0.043954 0.022125 0.047363 0.033482 0.046369 0.068127 0.066621 0.052921 0.048524 0.051718 0.072466 0.063368 0.031321 0.038268 0.066272 0.088393 0.063227 0.080603 0.076778 0.10378 0.095882 0.10205 0.099739 0.06775 0.04153 0.045055 0.052656 0.061789 0.060421 0.036625 0.02432 0.041485 0.061308 0.054818 0.049922 0.039435 0.042925 0.042276 0.042074 0.057817 0.041946 0.050378 0.046272 0.039959 0.045044 0.025607 0.023479 0.023174 0.023755 0.034727 0.030852 0.021313 0.021036 0.046173 0.023302 0.0075794 0.0097504 0.018608 0.048251 0.051237 0.036381 0.047872 0.069134 0.073833 0.06984 0.087277 0.07359 0.082449 0.075906 0.075723 0.088085 0.067595 0.045377 0.026345 0.038731 0.055142 0.038455 0.040864 0.021988 0.012451 0.016933 0.015866 0.037446 0.019938 0.023701 0.035697 0.027673 0.028405 0.031972 0.017168 0.011312 0.041277 0.046941 0.047731 0.02968 0.048775 0.05495 0.075998 0.072486 0.08707 0.090639 0.068587 0.07651 0.06371 0.061884 0.064385 0.044583 0.039736 0.022563 0.0034051 0.00090512 0.024604 0.025762 0.016801 0.02791 0.014178 0.016367 0.03256 0.020937 0.015504 0.020732 0.011787 -0.0022138 0.0049849 -0.0089226 0.010703 0.010337 0.0076184 0.00040646 0.00098881 -0.010144 0.0016982 0.0033633 -0.0072933 -0.0035085 -0.029114 -0.016626 -0.012629 -0.00014143 -0.0072264 0.015672 0.017041 -0.0095881 0.0091361 -0.0047794 0.00080475 0.016986 0.0073242 0.013992 0.0027517 -0.00017556 0.030468 0.030983 0.029042 0.023242 0.016113 0.013424 0.006676 0.012132 -0.0064115 0.020109 0.0091701 0.016095 0.027415 0.041723 0.024323 0.020817 0.011667 0.00068042 -0.022105 -0.0062727 9.4646e-05 -0.0012098 0.014453 -0.01379 -0.020145 -0.012084 0.021395 0.0075439 -0.0074193 -0.0017628 0.020155 0.031117 0.05035 0.025518 0.022096 0.0011945 0.022972 0.038455 0.049743 0.033507 0.033175 0.035939 0.023571 0.0082215 0.016805 0.022189 0.0057558 0.014222 0.007777 -0.00024304 -0.0062313 -0.00084211 0.023493 0.031009 0.050816 0.032821 0.0050053 0.047604 0.057919 0.06592 0.053737 0.022094 0.048174 0.012735 0.023758 0.020999 -0.011374 0.0016317 0.0058542 0.00020594 0.021877 -0.020497 -0.0077536 0.0029224 -0.0092591 0.0095373 0.0064313 -0.0038027 0.001061 0.010868 -0.0043558 0.012668 0.017402 0.034816 0.019344 -0.0047472 0.018556 0.021906 0.025028 0.00032289 0.030192 0.033943 0.016074 0.020842 0.043363 0.019865 0.04039 0.040008 0.047396 0.056892 0.042508 0.04778 0.06287 0.048427 0.053102 0.036149 0.0040536 0.023689 0.022563 0.032467 0.034173 0.041205 0.046118 0.024766 0.016066 0.026311 0.028258 0.0081389 0.0154 0.016852 -0.009962 -0.010909 -0.011295 0.0045632 0.0029827 -0.0026496 -0.014936 0.0022692 -0.030808 -0.025061 -0.023412 0.0048495 -0.0059879 -0.024128 -0.011604 -0.00050852 -0.003648 -0.0080779 -0.010458 -0.010265 0.0058943 0.011216 0.0095933 0.022452 0.01238 0.011156 0.022858 0.038504 0.033998 0.031403 0.016018 0.0091468 0.0058217 -0.023744 0.013853 0.0090546 0.011221 -0.0034397 -0.024292 -0.017464 -0.016709 -0.010909 0.0029861 0.027965 -0.0084494 -0.0098208 -0.0028077 -0.029638 0.0010839 0.0080832 -0.0063067 -0.010502 -0.031351 -0.019232 -0.010153 -0.0099425 -0.024734 -0.027559 0.014649 0.024778 0.032533 0.028136 0.020219 0.022651 0.02233 0.047301 0.057534 0.046846 0.056778 0.064584 0.066031 0.056883 0.065796 0.069298 0.076314 0.089799 0.084407 0.088228 0.052514 0.060365 0.065906 0.04592 0.040425 0.026457 0.018781 0.034526 0.024316 0.024732 0.042019 0.025145 0.0201 0.037421 0.015929 0.019807 0.01149 0.0055629 -0.0040925 -0.0024235 -0.0022707 0.004213 -0.014407 0.011686 0.014609 -0.0016505 0.013696 0.036848 0.0098108 0.035653 0.013134 0.038059 0.020716 0.024798 0.030583 0.035814 0.023776 0.020834 0.022027 -0.015524 0.0010727 0.029491 0.019365 0.022488 0.0059713 0.014109 0.023291 0.022886 0.033133 0.0075963 -0.00078435 0.0017188 0.018114 0.013198 0.015492 0.0053216 0.0038549 0.0051807 -0.0064301 -0.0049535 0.012034 0.0050429 -0.026473 -0.011696 -0.015948 -0.011172 0.0091899 -0.0077663 -0.0072964 0.0057981 0.026268 -0.0035112 0.030885 0.023668 -0.00055755 -0.015873 0.00094337 -0.010646 -0.0010501 0.010036 0.0090913 0.016032 0.012827 -0.018716 -0.00093464 -0.0039953 0.022458 0.031998 0.024393 0.036619 0.0354 0.036775 0.005659 0.016829 0.0068612 0.007787 0.019845 0.0024758 -0.0059766 0.0070854 0.017549 0.0051606 -0.0023199 -0.012953 -0.010447 -0.0049797 0.019239 0.023209 0.0070889 0.0053246 0.017067 0.027343 -0.005957 -0.0095103 -0.012609 0.0053423 -0.00070723 0.025034 0.010714 0.023438 0.043073 0.035873 0.024447 0.029124 0.016643 0.028165 0.039224 0.015877 0.0040974 -0.018976 0.0051642 -0.0036048 -0.011801 -0.010936 0.0065329 0.0065237 0.022048 0.001749 -0.0067464 -0.0018087 -0.0034537 0.035299 0.043406 0.0072139 0.010048 0.010319 -0.010387 -0.0015765 0.0067902 0.01493 0.018804 0.0303 0.0066453 -0.0063089 -0.0023394 -0.0123 0.010498 0.020335 0.018728 0.0059912 0.00051073 -0.0011438 0.013207 -0.01535 -0.01682 -0.0032307 0.02173 0.0083798 0.017801 0.0073372 0.013185 0.0074394 0.01082 0.0022048 -0.014408 -0.010287 -0.013465 -0.015276 -0.017718 -0.0098347 -0.0035395 -0.013536 -0.018471 -0.017133 -0.022406 0.0057245 0.0024831 -0.0017586 -0.00047075 -0.0066937 -0.009493 0.025633 0.0038363 0.015007 0.0029036 0.021887 -0.0018657 0.007571 0.018033 0.0056901 -0.0025852 0.006924 0.013069 0.019552 -0.0034123 -0.001108 0.0028652 0.0079288 0.0060824 -0.002107 0.00094634 0.0030453 -0.012027 -0.0091442 0.0012132
0.0058885 0.0074837 -0.0065246 0.013107 -0.0081462 -0.026055 0.020789 0.011153 0.011248 0.0058039 0.0027675 0.041813 0.07099 0.032297 0.016471 -0.0029561 -0.021136 0.015181 -0.0031676 -0.0068703 0.018863 -0.003841 -0.03395 -0.0093284 -0.033452 0.020834 0.048491 0.056151 0.052628 0.046328 0.032556 0.03165 0.044001 0.050223 0.029569 0.031232 0.0031018 0.033522 0.029374 0.039903 0.021999 0.02097 0.0086698 0.043261 0.029536 0.022132 0.03659 0.020932 0.013168 -0.02332 0.022701 0.0012993 0.004386 0.0042567 -0.005449 -0.031006 0.0082638 0.043926 0.068008 0.060397 0.033777 0.016237 0.026052 0.042702 0.048621 0.057436 0.033385 0.037404 0.048846 0.029492 0.026332 0.013802 0.036311 0.037447 0.028737 0.054945 0.072457 0.08252 0.068168 0.046637 0.081044 0.04528 0.047302 0.071469 0.10915 0.095268 0.089118 0.10919 0.11434 0.10839 0.10966 0.14051 0.10129 0.075809 0.11933 0.10601 0.09098 0.094574 0.083991 0.094396 0.072137 0.070432 0.091982 0.090778 0.098508 0.1028 0.080468 0.093963 0.085513 0.080827 0.073336 0.069993 0.088152 0.062436 0.066555 0.067048 0.056391 0.071475 0.058001 0.09222 0.085091 0.095574 0.086421 0.040085 0.03449 0.051654 0.047768 0.065686 0.038788 0.012963 0.0516 0.021775 0.036509 0.064943 0.044988 0.028715 0.035795 0.048403 0.079636 0.06447 0.024209 0.020322 0.064664 0.092863 0.064787 0.087552 0.081569 0.12138 0.10219 0.10981 0.089274 0.054775 0.034023 0.03929 0.04232 0.054529 0.055991 0.027566 0.019048 0.030829 0.061095 0.045174 0.046958 0.02898 0.026451 0.042198 0.042896 0.057112 0.050506 0.060852 0.050076 0.035881 0.04412 0.0069254 -0.0018716 9.3711e-05 -0.0050075 0.023729 0.015591 0.0067503 0.013392 0.054894 0.025706 -0.00056775 0.0035501 0.014582 0.060493 0.067202 0.043435 0.053551 0.078209 0.074232 0.064641 0.080019 0.060521 0.064397 0.066617 0.06301 0.076357 0.061848 0.033038 0.015659 0.019162 0.039396 0.029744 0.033904 0.011352 0.0040455 0.010173 0.013679 0.031985 0.014502 0.025553 0.05012 0.042882 0.03286 0.03802 0.021691 0.011431 0.034921 0.031356 0.040677 0.027225 0.038623 0.047618 0.078686 0.055629 0.075976 0.073206 0.046882 0.069668 0.045978 0.036951 0.03676 0.030414 0.031123 0.021888 0.010616 -0.00085547 0.017435 0.025877 0.0099965 0.028021 0.010791 0.015311 0.019829 0.016864 0.0025787 0.011267 0.0096559 0.0062952 -0.0031611 -0.011364 0.012069 0.028521 0.021325 0.0088815 0.0063184 -0.015253 0.0027955 -0.00080546 -0.0017647 -0.0078047 -0.046553 -0.018423 -0.022681 -0.0066009 -0.0017804 0.015434 0.0054163 -0.020458 0.0098352 -0.0035791 -0.0039206 0.035671 0.012436 0.019799 0.002336 -0.011164 0.036116 0.031597 0.016871 0.017477 0.013317 0.025489 -0.0011064 0.017063 -0.0010005 0.033459 0.017627 0.040428 0.023403 0.050415 0.030492 0.012138 -0.0017775 -0.020056 -0.033626 -0.014381 0.002217 -0.0063436 0.008636 -0.022246 -0.037754 -0.031259 0.01614 0.010512 -0.020562 -0.00087513 0.012826 0.028981 0.042163 0.017999 0.0092367 -0.010892 0.014355 0.036582 0.046155 0.029876 0.042109 0.040276 0.016654 0.0027516 0.021282 0.034752 -0.0055449 0.011911 0.0028872 -0.0045054 -0.011338 0.0070331 0.031097 0.024526 0.064199 0.046529 0.0094186 0.03994 0.039893 0.054762 0.04513 0.016657 0.052114 0.0066885 0.0097354 0.017627 -0.02259 -0.022818 -0.017221 -0.01238 0.026242 -0.037065 -0.0074003 -0.0029705 -0.01163 0.0038373 0.00026538 -0.0088971 -0.0053071 0.017884 -0.0046376 0.013255 0.010433 0.049879 0.018227 -0.0071285 0.0060068 0.023119 0.024396 -0.0010939 0.035737 0.027199 0.012768 0.015445 0.017322 -0.0083606 0.031473 0.040114 0.035964 0.052976 0.043231 0.044685 0.068605 0.037361 0.035995 0.023504 -0.022937 0.0043489 0.0028088 0.022232 0.014033 0.037141 0.041345 0.021681 0.027925 0.032339 0.042765 0.022502 0.017542 0.0029366 -0.011364 -0.012542 -0.0053345 0.0012488 -0.016522 -0.021543 -0.028084 -0.004844 -0.036803 -0.031756 -0.027147 0.0086108 -0.018231 -0.047732 -0.042671 -0.021016 -0.032211 -0.034818 -0.028627 -0.02412 0.0075789 0.011336 0.0075456 0.024472 0.017955 0.0096071 0.012142 0.033561 0.026676 0.027953 0.012435 -0.0061275 -0.0044575 -0.031907 0.009075 0.0094948 0.0053303 -0.0080097 -0.034847 -0.02038 -0.024469 -0.0037725 0.0051679 0.025383 -0.022953 -0.020115 -0.016035 -0.044063 -0.010985 0.0086814 0.002655 -0.0073807 -0.039409 -0.037069 -0.015807 -0.013409 -0.033691 -0.030426 0.013097 0.021787 0.029216 0.034579 0.016886 0.013101 0.0124 0.043074 0.063913 0.036486 0.05231 0.07062 0.061844 0.050593 0.065441 0.051675 0.069776 0.090094 0.085292 0.082538 0.040655 0.050595 0.054264 0.023509 0.016754 0.0055225 0.011926 0.037193 0.02232 0.017778 0.035271 0.019146 0.0027312 0.018944 0.00083935 0.021704 -0.0014415 -0.0070624 -0.0052326 -0.01038 -0.0093539 0.0092548 -0.016487 0.014045 0.02491 0.0070055 0.01361 0.041616 0.006666 0.043508 0.01418 0.048979 0.034767 0.03114 0.037789 0.061058 0.029226 0.016219 0.010242 -0.038155 -0.0076063 0.014905 5.305e-05 0.016627 -0.021611 -0.022342 0.00095875 0.0017304 0.017942 -0.021905 -0.024664 -0.018196 0.0012019 0.0011442 0.012609 0.0030446 0.00044717 0.01719 -0.0096046 -0.0023726 0.018578 0.0031611 -0.021114 -0.0059779 -0.015974 -0.021993 -0.0051827 -0.016199 -0.020438 -0.0013246 0.024738 -0.0093317 0.040138 0.016902 -0.015372 -0.023246 0.003262 -0.01036 -0.0045702 0.010388 0.00029889 0.01888 0.011028 -0.01753 0.0072527 -0.0053038 0.013941 0.03107 0.032519 0.038141 0.04256 0.051591 0.01241 0.034508 0.01621 0.0068946 0.023296 -0.00038794 -0.0015054 0.010907 0.025636 0.0012199 -0.0057833 -0.022171 -0.0036397 -0.01294 0.023172 0.039163 0.0045526 0.0037062 0.02749 0.04044 0.0087461 -0.015799 -0.020964 0.019135 -0.0020812 0.018178 0.015991 0.043053 0.061793 0.04634 0.0090496 0.013455 0.0013381 0.027954 0.03445 0.0042504 0.00093197 -0.018981 0.019996 -0.0014951 -0.00894 -0.0069093 0.010294 0.0030635 0.021132 -0.0070772 -0.022064 -0.0096709 -0.0014087 0.029352 0.043169 0.0057939 0.019879 0.0091497 -0.015098 -0.018657 -0.0016079 0.0070008 0.012086 0.029696 -9.5754e-05 0.002163 0.0084174 -0.011496 0.0070175 0.017203 0.019016 0.0042052 -0.0043846 -0.0054988 0.0077921 -0.034113 -0.027758 -0.005924 0.01232 0.0021993 0.011192 -0.0014421 0.0087075 0.0046369 0.0048383 0.0030419 -0.01983 -0.0056433 -0.0041353 -0.011324 -0.029198 -0.0057669 0.017612 -0.0016073 -0.0095796 -0.0051229 -0.019131 0.0094671 0.0016709 -0.0033497 -0.016336 -0.011829 -0.01034 0.027488 0.0085305 0.025084 0.0072234 0.039122 -0.005472 0.019067 0.014121 0.015954 0.0015385 0.019805 0.020049 0.02227 -0.0027504 -0.0029623 0.0068278 0.014962 0.017406 0.010378 0.017323 0.0027768 -0.010593 -0.014639 0.016651
0.022279 0.0099313 -0.014987 0.019979 -0.012966 -0.013234 0.046374 0.015679 0.018577 0.0060745 0.0023817 0.04805 0.093977 0.036131 0.016195 0.0044811 -0.026497 -0.00017973 -0.021552 -0.0059738 0.012044 -0.021329 -0.082237 -0.04488 -0.052819 0.013447 0.044227 0.043289 0.04267 0.040099 0.032155 0.017588 0.041285 0.05484 0.030633 0.029472 0.0011207 0.040685 0.037139 0.046483 0.035143 0.031302 0.0021221 0.047154 0.019603 0.024614 0.043858 0.013957 0.010369 -0.052643 -0.0085924 -0.017886 0.0021089 0.0063202 0.00020078 -0.026728 0.015194 0.066527 0.087512 0.068338 0.040308 0.010394 0.015238 0.04143 0.035066 0.023839 0.010516 0.026465 0.034373 0.017931 0.0039542 -6.6698e-05 0.034605 0.033162 0.02842 0.035285 0.073187 0.098521 0.06434 0.051788 0.080022 0.045496 0.057609 0.067561 0.11625 0.10211 0.089565 0.096667 0.10327 0.097912 0.11732 0.12996 0.095353 0.067536 0.11848 0.1181 0.094512 0.092455 0.075233 0.097819 0.068721 0.061021 0.096762 0.087881 0.09122 0.091302 0.070189 0.091132 0.071446 0.048033 0.062751 0.051349 0.077508 0.056499 0.066521 0.052952 0.056022 0.040674 0.023632 0.075198 0.096164 0.11608 0.089122 0.040272 0.022164 0.040654 0.029978 0.05959 0.0307 -0.0068952 0.055328 0.019766 0.027199 0.056821 0.010981 -0.0053097 0.021759 0.038642 0.081004 0.05468 0.014341 -0.0030269 0.050078 0.072794 0.054817 0.085153 0.07612 0.12563 0.089233 0.10342 0.057908 0.031856 0.016177 0.017296 0.010643 0.031062 0.034892 0.0058428 0.002516 0.0084942 0.049461 0.028367 0.034127 0.014452 -0.001985 0.028373 0.042253 0.046414 0.063415 0.076457 0.04919 0.023049 0.034131 -0.020124 -0.033197 -0.025808 -0.03101 0.0075738 -0.0020902 -0.014814 0.0050971 0.047468 0.021983 -0.0049265 0.00045868 0.027311 0.080076 0.082067 0.04776 0.055336 0.08202 0.062679 0.046569 0.054783 0.036207 0.031113 0.047095 0.04541 0.051641 0.042787 0.02152 0.0087038 -0.0044787 0.01901 0.018481 0.029766 0.0067707 -0.00024972 0.0023627 0.011982 0.020606 0.0049201 0.02307 0.056773 0.04953 0.037932 0.036601 0.016425 0.0055585 0.016744 0.0002607 0.019385 0.016927 0.028867 0.046443 0.073623 0.034382 0.060506 0.049588 0.022884 0.062099 0.028449 0.023417 0.014813 0.011623 0.020815 0.032516 0.030706 0.0058364 0.0030503 0.020348 -0.0016715 0.01666 -0.0099365 0.0085524 0.0022826 0.014079 -0.0094252 0.001732 0.0096861 0.026107 -0.0090779 -0.011132 0.015606 0.054464 0.050309 0.025698 0.020131 -0.021615 0.0028733 -0.0030329 0.0031862 -0.010253 -0.063195 -0.020166 -0.030834 -0.022245 0.0074097 0.015607 -0.013678 -0.029444 0.0096149 1.0871e-05 -0.0076929 0.050448 0.021406 0.018355 -0.0032415 -0.025753 0.036948 0.030942 -0.0064267 0.00094392 0.0047724 0.036817 -0.013386 0.013762 0.013987 0.054099 0.026797 0.067891 0.019015 0.046555 0.024671 -0.0037357 -0.024122 -0.043421 -0.03517 -0.015522 0.00811 -0.01485 0.00048277 -0.033252 -0.056991 -0.046933 0.00050582 0.0095028 -0.031632 0.0039825 0.0059709 0.019368 0.03356 0.01028 -0.0033811 -0.021929 0.0037364 0.034817 0.033089 0.019664 0.05371 0.048156 0.0072468 0.0031361 0.020966 0.044666 -0.01969 0.00094329 -0.0051209 -0.017392 -0.012872 0.017778 0.041798 0.018099 0.08727 0.070845 0.029686 0.022733 0.0053824 0.033436 0.02575 0.014919 0.043227 0.005023 0.0027783 0.015459 -0.016782 -0.037207 -0.03636 -0.014761 0.042773 -0.049682 -0.006205 0.004092 -0.0059948 -0.00013899 -0.0037416 4.9735e-05 -0.0034498 0.028211 0.00011031 0.019763 0.013003 0.072502 0.018366 -0.0020032 -0.0076171 0.028109 0.024327 0.0042062 0.046888 0.027207 0.011811 0.016387 -0.014753 -0.035107 0.021243 0.036486 0.018379 0.047786 0.044827 0.052004 0.083671 0.033162 0.024725 0.011256 -0.039887 -0.019325 -0.019688 0.0050231 -0.012422 0.032832 0.031039 0.02106 0.0502 0.037683 0.051838 0.046402 0.034923 0.0011062 -0.0047127 -0.0040744 0.0065761 -0.0035428 -0.040743 -0.041742 -0.038263 -0.012901 -0.027783 -0.021958 -0.025023 0.0037041 -0.032299 -0.055305 -0.065745 -0.037546 -0.06468 -0.063026 -0.036481 -0.031624 0.016028 0.010421 0.0090743 0.018679 0.01798 0.0036856 -0.0075879 0.015869 0.0027306 0.0098295 0.00054816 -0.025192 -0.0060326 -0.029344 0.010002 0.023421 0.013452 0.0042361 -0.027779 -0.014492 -0.032046 0.010349 0.011731 0.018222 -0.038078 -0.02271 -0.014676 -0.042983 -0.014905 0.020231 0.022896 0.0048087 -0.037491 -0.051333 -0.019021 -0.0093044 -0.030937 -0.025419 -0.00045576 0.015014 0.015208 0.03933 0.010038 -0.0039144 -0.0040062 0.033117 0.057655 0.022119 0.041336 0.074936 0.055027 0.04473 0.067158 0.02137 0.044785 0.078475 0.080291 0.0644 0.022564 0.025791 0.019651 -0.01914 -0.026062 -0.025059 0.00048374 0.037096 0.019613 0.0074478 0.032583 0.011594 -0.021884 -0.0023183 -0.010555 0.026127 -0.010055 -0.014044 0.0070875 -0.0027885 -0.010907 0.01919 -0.009286 0.024045 0.049325 0.032161 0.017202 0.040827 0.0096202 0.056031 0.022288 0.068962 0.050047 0.035879 0.043403 0.08118 0.036009 0.011403 -0.0023284 -0.057003 -0.016931 -0.013625 -0.026734 0.0024915 -0.052636 -0.063681 -0.03743 -0.032872 -0.0051652 -0.053753 -0.055907 -0.051918 -0.022114 -0.016896 0.0029464 -0.0050955 -0.0081352 0.026762 -0.0078314 0.0030787 0.025478 -0.0036433 -0.008933 0.014077 0.0015226 -0.024453 -0.019831 -0.024824 -0.029953 -0.0093035 0.020597 -0.018608 0.046437 0.0062487 -0.043509 -0.028631 0.0073604 -0.0069128 -0.0071948 0.0072601 -0.010844 0.020727 0.0055868 -0.01489 0.013344 -0.0052136 0.00084534 0.023664 0.032513 0.022498 0.038479 0.064083 0.025706 0.057194 0.016726 -0.0040165 0.017842 -0.0043034 0.007106 0.013279 0.03461 -0.0020262 -0.0070598 -0.023812 -0.0014467 -0.02853 0.01681 0.039535 -0.0015481 0.0016594 0.037075 0.051573 0.02806 -0.0214 -0.027674 0.037581 0.0045372 0.0072286 0.017022 0.063672 0.081194 0.05338 -0.020085 -0.011567 -0.024386 0.018176 0.015697 -0.019332 -0.006859 -0.01573 0.03784 0.010399 -0.003523 -0.00045635 0.01486 -0.003149 0.012384 -0.019057 -0.037403 -0.017949 0.0018424 0.0073357 0.028427 -0.00039228 0.027158 0.0064183 -0.022831 -0.040911 -0.015511 -0.014243 -0.0033144 0.019374 -0.016459 0.0013574 0.01461 -0.007093 -0.0049607 0.015451 0.020936 0.0073756 -0.0053356 -0.0022458 0.00039572 -0.043609 -0.031482 -0.0042057 -0.0021045 -0.012786 0.0030252 -0.0055403 0.004037 -0.0012577 -0.0089419 -0.0069971 -0.023026 0.0022828 0.011512 -0.0033267 -0.036715 0.0028229 0.038907 0.017078 0.013811 0.015509 -0.0070435 0.015413 0.0091989 0.0028954 -0.03024 -0.017603 -0.0071236 0.022552 0.02131 0.036918 0.0095038 0.055699 -0.011395 0.036447 0.0087898 0.027242 0.0046413 0.031 0.020023 0.017554 -0.00034403 -0.0022582 0.014564 0.017122 0.016946 0.023399 0.036416 0.003826 -0.0047511 -0.022674 0.021392
