group_name,m_id,day_of_study,10Percentile,90Percentile,Energy,Entropy,InterquartileRange,Kurtosis,Maximum,MeanAbsoluteDeviation,Mean,Median,Minimum,Range,RobustMeanAbsoluteDeviation,RootMeanSquared,Skewness,TotalEnergy,Uniformity,Variance,Elongation,MajorAxisLength,MaximumDiameter,MeshSurface,MinorAxisLength,Perimeter,PerimeterSurfaceRatio,PixelSurface,Sphericity,Autocorrelation,ClusterProminence,ClusterShade,ClusterTendency,Contrast,Correlation,DifferenceAverage,DifferenceEntropy,DifferenceVariance,Id,Idm,Idmn,Idn,Imc1,Imc2,InverseVariance,JointAverage,JointEnergy,JointEntropy,MCC,MaximumProbability,SumAverage,SumEntropy,SumSquares,GrayLevelNonUniformity,GrayLevelNonUniformityNormalized,GrayLevelVariance,HighGrayLevelRunEmphasis,LongRunEmphasis,LongRunHighGrayLevelEmphasis,LongRunLowGrayLevelEmphasis,LowGrayLevelRunEmphasis,RunEntropy,RunLengthNonUniformity,RunLengthNonUniformityNormalized,RunPercentage,RunVariance,ShortRunEmphasis,ShortRunHighGrayLevelEmphasis,ShortRunLowGrayLevelEmphasis,HighGrayLevelZoneEmphasis,LargeAreaEmphasis,LargeAreaHighGrayLevelEmphasis,LargeAreaLowGrayLevelEmphasis,LowGrayLevelZoneEmphasis,SizeZoneNonUniformity,SizeZoneNonUniformityNormalized,SmallAreaEmphasis,SmallAreaHighGrayLevelEmphasis,SmallAreaLowGrayLevelEmphasis,ZoneEntropy,ZonePercentage,ZoneVariance,Busyness,Coarseness,Complexity,Strength,DependenceEntropy,DependenceNonUniformity,DependenceNonUniformityNormalized,DependenceVariance,HighGrayLevelEmphasis,LargeDependenceEmphasis,LargeDependenceHighGrayLevelEmphasis,LargeDependenceLowGrayLevelEmphasis,LowGrayLevelEmphasis,SmallDependenceEmphasis,SmallDependenceHighGrayLevelEmphasis,SmallDependenceLowGrayLevelEmphasis
2,1258,7,0.003952568936216852,0.46445500523642524,0.09557543188736319,0.0,0.775086526770153,0.19864957975951283,1.0,0.8929222999060741,0.1339648698174064,0.028225806691015397,0.0,1.0,0.8388099225246305,0.22871631786897895,0.7842216079896532,0.09557543188736319,0.0,0.783610500900013,0.99942869106489,0.9740233274433892,1.0000000000000002,0.9999464291180703,0.9758257960630867,0.7041161439051176,0.0004992386255573116,0.9999387751978326,0.9131460943747904,0.0,0.0,0.0,0.0,0.0,0.0,0.0,0.0,0.0,0.0,0.0,0.0,0.0,0.0,0.0,0.0,0.0,0.0,0.0,0.0,0.0,0.0,0.0,0.0,0.9999387751978326,0.0,0.0,0.0,0.9157677188082876,0.9157677188082876,0.9157677188082876,0.0,0.9156050611670135,0.3634902709995107,0.36535333969160594,0.0006152084464931921,0.7744341895903843,0.0914561395992236,0.0914561395992236,0.0914561395992236,0.0,0.4999235097198652,0.4999235097198652,0.4999235097198652,0.0,0.0,0.4648058252427184,0.5714285714278794,0.5714285714278794,0.5714285714278794,0.24011130530177477,9.945300649834072e-05,1.0,0.0,0.0,0.0,0.0,0.0038734022856262637,0.9991910885136166,0.9979487489097634,0.004400892733296566,0.0,0.9993432476019518,0.9993432476019518,0.9993432476019518,0.0,0.0003946205784310375,0.0003946205784310375,0.0003946205784310375
2,1258,7,0.007905138811118435,0.3886255894298676,0.07984322849761598,0.0,0.719723208125172,0.20767146346883827,1.0,0.7853235200397054,0.12536019240254526,0.06854838877259159,0.0,1.0,0.7659323965575358,0.19911333734342107,0.7689932822975944,0.07984322849761598,0.0,0.6063085368663523,0.9994528871728028,0.9739912132655071,1.0000000000000002,1.0,0.9758060272990672,0.7025680396933114,0.0004862384630877599,0.9999999999999998,0.9151934475017061,0.0,0.0,0.0,0.0,0.0,0.0,0.0,0.0,0.0,0.0,0.0,0.0,0.0,0.0,0.0,0.0,0.0,0.0,0.0,0.0,0.0,0.0,0.0,0.0,0.9999999999999998,0.0,0.0,0.0,0.9199649505140665,0.9199649505140665,0.9199649505140665,0.0,0.9161155277243047,0.3640442810228764,0.3691628691057038,0.0005986472355206697,0.7708687916736252,0.08371999664159649,0.08371999664159649,0.08371999664159649,0.0,0.9999999999999998,0.9999999999999998,0.9999999999999998,0.0,0.0,0.9999999999999999,0.0,0.0,0.0,0.0,0.0,0.0,0.0,0.0,0.0,0.0,0.003816232844103075,0.9992850523218044,0.9979880482631667,0.004153931299077679,0.0,0.999353293910031,0.999353293910031,0.999353293910031,0.0,0.0002890916625426093,0.0002890916625426093,0.0002890916625426093
2,1258,14,0.0,0.09004738850007002,0.021326022916236337,0.0,0.36908882164540213,0.2745343935235603,1.0,0.39683889150047685,0.028097690754057894,0.03225806451612908,0.0,1.0,0.38618769878746995,0.048051815673985046,0.8021912765487788,0.021326022916236337,0.0,0.15863338812872066,0.9956377933390421,0.9788704414255631,1.0000000000000002,0.9905179538984297,0.9787311411122714,0.8730358147508614,0.001953784303775832,0.9906019928673104,0.7293064281401115,0.0,0.0,0.0,0.0,0.0,0.0,0.0,0.0,0.0,0.0,0.0,0.0,0.0,0.0,0.0,0.0,0.0,0.0,0.0,0.0,0.0,0.0,0.0,0.0,0.9906019928673104,0.0,0.0,0.0,0.7018256471187878,0.7018256471187878,0.7018256471187878,0.0,0.9837576982647502,0.26707749297841005,0.09053167993260419,0.0026996311248166944,0.9733960822861054,0.18379869493794582,0.18379869493794582,0.18379869493794582,0.0,0.1634748000044013,0.1634748000044013,0.1634748000044013,0.0,0.0,0.10800970873786403,0.27878306862596935,0.27878306862596935,0.27878306862596935,0.6206787202042967,0.00050286124495529,0.5449655723844732,0.0,0.0,0.0,0.0,0.016843282460087268,0.9826603930601683,0.9892372455864766,0.016236978168447457,0.0,0.9969382101448102,0.9969382101448102,0.9969382101448102,0.0,0.0012225527711579864,0.0012225527711579864,0.0012225527711579864
2,1258,18,0.4308300431468631,0.5829384111575701,0.0019068381148186618,0.0,0.3344867869365393,0.10169056202639848,0.615384636463366,0.3279866231375741,0.5058132811317632,0.5221774477240322,0.3568627536296844,0.3294117748737335,0.3288758485622751,0.49745673896606163,0.48836196092041784,0.0019068381148186618,0.0,0.09901560323526368,0.6089451287217713,0.22405714139830285,0.14571712022569877,0.00545657697370435,0.175586956937255,0.42710445276553577,0.6629346881040846,0.006137786417277639,0.0433362446756264,0.0,0.0,0.0,0.0,0.0,0.0,0.0,0.0,0.0,0.0,0.0,0.0,0.0,0.0,0.0,0.0,0.0,0.0,0.0,0.0,0.0,0.0,0.0,0.0,0.006137786417277639,0.0,0.0,0.0,7.615524091493174e-05,7.615524091493174e-05,7.615524091493174e-05,0.0,0.15782977034055473,0.35074659666084035,0.5699107976304181,0.753194548175033,0.00015646734550877923,0.7952017428034169,0.7952017428034169,0.7952017428034169,0.0,5.480566211858524e-07,5.480566211858524e-07,5.480566211858524e-07,0.0,0.11334120425029512,0.07160194174757284,0.33457733211910606,0.33457733211910606,0.33457733211910606,0.7769824999099452,0.20673930715466385,1.3317349365241692e-06,0.0,0.0,0.0,0.0,0.9311103505852425,0.0011512986747276388,0.03662989745284284,0.5601830895935463,0.0,0.18082341123518295,0.18082341123518295,0.18082341123518295,0.0,0.42074403404790056,0.42074403404790056,0.42074403404790056
2,1258,20,0.4150197674019958,0.4407583240521963,0.0012113370144979866,0.0,0.14763558650972805,0.1289509080445179,0.495192335358168,0.16310269130796035,0.43210747382675024,0.45967742079125357,0.3529411852359772,0.2352941334247589,0.15788282253381297,0.416477020831923,0.5425453646239596,0.0012113370144979866,0.0,0.026592855604694172,0.7446539743387814,0.23107218257378526,0.15034357794373704,0.004469342149569903,0.20098688188022784,0.42980983747510754,0.8015814448633236,0.005295945387476466,0.032270281011276616,0.0,0.0,0.0,0.0,0.0,0.0,0.0,0.0,0.0,0.0,0.0,0.0,0.0,0.0,0.0,0.0,0.0,0.0,0.0,0.0,0.0,0.0,0.0,0.0,0.005295945387476466,0.0,0.0,0.0,2.806265680756007e-05,2.806265680756007e-05,2.806265680756007e-05,0.0,0.0883465123543124,0.445714984262506,0.7606712128287405,0.8720128456445665,5.041795614891499e-05,0.8965271747335749,0.8965271747335749,0.8965271747335749,0.0,2.6982187615732837e-07,2.6982187615732837e-07,2.6982187615732837e-07,0.0,0.38347107438016526,0.13833737864077672,0.47500540732786706,0.47500540732786706,0.47500540732786706,0.7255990993915095,0.3375964742511314,7.963907799682344e-07,0.0,0.0,0.0,0.0,0.8432937213925922,0.001221642511987332,0.08461544673683033,0.35735508732844934,0.0,0.0839357779100556,0.0839357779100556,0.0839357779100556,0.0,0.6112673122080476,0.6112673122080476,0.6112673122080476
2,1258,22,0.6561265025491362,0.8436019041840888,0.004213431639932892,0.0,0.249134933902415,0.17604455894872595,0.9182692352484654,0.2993378077882652,0.7593073570227736,0.7862903352689764,0.4901960790157318,0.4431372582912445,0.25841909443586963,0.7567933982502865,0.29925848459109095,0.004213431639932892,0.0,0.09949352065661617,0.3662196878280817,0.30924225636819963,0.1784385574748068,0.005571371720696727,0.1998687425775777,0.4605537238876776,0.6956538232444621,0.006489829029739947,0.03665989049522557,0.0,0.0,0.0,0.0,0.0,0.0,0.0,0.0,0.0,0.0,0.0,0.0,0.0,0.0,0.0,0.0,0.0,0.0,0.0,0.0,0.0,0.0,0.0,0.0,0.006489829029739947,0.0,0.0,0.0,9.518051619493907e-05,9.518051619493907e-05,9.518051619493907e-05,0.0,0.14023581716874328,0.41409522966390055,0.6375505793506768,0.7649727748459971,0.0002449106596101012,0.8394172554516344,0.8394172554516344,0.8394172554516344,0.0,5.624854683687053e-07,5.624854683687053e-07,5.624854683687053e-07,0.0,0.33405828621139627,0.12827098405185164,0.44549039016592007,0.44549039016592007,0.44549039016592007,0.7115414291238477,0.2666657447861747,1.75825242987337e-06,0.0,0.0,0.0,0.0,0.9812853622980039,0.001069503951354823,0.011085857948760047,0.8119939661852923,0.0,0.1867589623445944,0.1867589623445944,0.1867589623445944,0.0,0.5186910424305836,0.5186910424305836,0.5186910424305836
2,1258,24,0.5067193967601401,0.6492891184734112,0.0031552230933362445,0.0,0.26758937345074196,0.22291029460193013,0.7211538614359404,0.30376002233035104,0.5854357415152686,0.6250000222644303,0.2235294133424759,0.5490196198225021,0.2701497609173051,0.5786764836455185,0.28915186886928135,0.0031552230933362445,0.0,0.09811757461701485,0.48113699604254,0.3905528663745707,0.2425233070340001,0.0066657483086907275,0.2814655193325758,0.614450231077732,0.7648180550402496,0.0078673870785055,0.01827656399543305,0.0,0.0,0.0,0.0,0.0,0.0,0.0,0.0,0.0,0.0,0.0,0.0,0.0,0.0,0.0,0.0,0.0,0.0,0.0,0.0,0.0,0.0,0.0,0.0,0.0078673870785055,0.0,0.0,0.0,4.076459587305022e-05,4.076459587305022e-05,4.076459587305022e-05,0.0,0.11736223477674762,0.5905063797637575,0.6887460103751595,0.8285548483477814,7.199374401075645e-05,0.8593194061931976,0.8593194061931976,0.8593194061931976,0.0,7.340551233425771e-07,7.340551233425771e-07,7.340551233425771e-07,0.0,0.37024793388429755,0.13298543689320388,0.46898467463242993,0.46898467463242993,0.46898467463242993,0.7496102299216867,0.23500531017386808,2.284849887105338e-06,0.0,0.0,0.0,0.0,0.8883538676212923,0.0015807471994164935,0.049262013902892476,0.42818961810357814,0.0,0.1176050249762193,0.1176050249762193,0.1176050249762193,0.0,0.5432089563105471,0.5432089563105471,0.5432089563105471
2,1258,24,0.3517786644225266,0.4502369965258879,0.0015610279487128487,0.0,0.2583622237996903,0.11702474798352139,0.5192307955792076,0.2685860221279684,0.4093133986464213,0.4516129051410262,0.2666666805744171,0.3411764800548553,0.26082529539749044,0.39681125338804596,0.44497286891948207,0.0015610279487128487,0.0,0.06989948916681302,0.6883702757239498,0.36727271300986464,0.22713758147431268,0.006283099152049469,0.30777723695018117,0.584649876576099,0.7723750311894749,0.007408201062250317,0.019983010717389657,0.0,0.0,0.0,0.0,0.0,0.0,0.0,0.0,0.0,0.0,0.0,0.0,0.0,0.0,0.0,0.0,0.0,0.0,0.0,0.0,0.0,0.0,0.0,0.0,0.007408201062250317,0.0,0.0,0.0,3.4232596219398187e-05,3.4232596219398187e-05,3.4232596219398187e-05,0.0,0.10723034503514078,0.5749176141502363,0.7036288085728684,0.8453004367612941,5.762589075274767e-05,0.86913048341294,0.86913048341294,0.86913048341294,0.0,4.844332405633498e-07,4.844332405633498e-07,4.844332405633498e-07,0.0,0.3679482572763205,0.10564905390276577,0.4364619216513368,0.4364619216513368,0.4364619216513368,0.7650889666408327,0.28577984483280494,1.5178392638627358e-06,0.0,0.0,0.0,0.0,0.860074904905955,0.00159592734919062,0.06578249551420365,0.38445898796435124,0.0,0.10344124979345284,0.10344124979345284,0.10344124979345284,0.0,0.5567983660895255,0.5567983660895255,0.5567983660895255
2,1258,24,0.5134387639517087,0.654028454710257,0.0035763740615195154,0.0,0.26758937345074196,0.18825305553039381,0.7788461659664354,0.2933488585866274,0.5878213768782099,0.6129032487890894,0.2823529541492462,0.5372548997402191,0.263672575573669,0.5808054215476754,0.3580281617575311,0.0035763740615195154,0.0,0.09323129747559997,0.9061063139932122,0.3547272744781178,0.23468997194663305,0.00786726666054428,0.3417481621354765,0.6099937349771567,0.6491410562439657,0.008892902514808747,0.02663816551629973,0.0,0.0,0.0,0.0,0.0,0.0,0.0,0.0,0.0,0.0,0.0,0.0,0.0,0.0,0.0,0.0,0.0,0.0,0.0,0.0,0.0,0.0,0.0,0.0,0.008892902514808747,0.0,0.0,0.0,0.00010262044076563664,0.00010262044076563664,0.00010262044076563664,0.0,0.15012678481426794,0.5320966703327293,0.5870001265820877,0.7526584599724603,0.00026453893925977524,0.8040434800633457,0.8040434800633457,0.8040434800633457,0.0,3.908706483590923e-07,3.908706483590923e-07,3.908706483590923e-07,0.0,0.6383585066970647,0.14470752571487933,0.4990858998794109,0.4990858998794109,0.4990858998794109,0.7543387385132272,0.30396305045006244,1.1996841600107144e-06,0.0,0.0,0.0,0.0,0.957728387334334,0.0015906671665453778,0.023673006739319574,0.660323179085067,0.0,0.1871821877238504,0.1871821877238504,0.1871821877238504,0.0,0.48777850044464893,0.48777850044464893,0.48777850044464893
2,1260,8,0.5415020033988481,0.6241706364181286,0.0011069990899052863,0.0,0.14994232133015717,0.1397338488958386,0.6682692489496532,0.1986166484500167,0.5654755751942049,0.5665322838002824,0.5058823823928833,0.2235293984413147,0.18134505281165628,0.5544391645857316,0.7012588041340507,0.0011069990899052863,0.0,0.03961673626822298,0.7901023383030306,0.13211264877954054,0.08064802272201478,0.0025025254844338327,0.11924145016564842,0.20858729086710082,0.7260377583169472,0.002831647100240307,0.07831732804035312,0.0,0.0,0.0,0.0,0.0,0.0,0.0,0.0,0.0,0.0,0.0,0.0,0.0,0.0,0.0,0.0,0.0,0.0,0.0,0.0,0.0,0.0,0.0,0.0,0.002831647100240307,0.0,0.0,0.0,4.063685023598091e-05,4.063685023598091e-05,4.063685023598091e-05,0.0,0.11639737666919908,0.19093155784354632,0.677460640044754,0.8258591159186511,7.101753935274315e-05,0.856196621279672,0.856196621279672,0.856196621279672,0.0,2.3214132362705849e-07,2.3214132362705849e-07,2.3214132362705849e-07,0.0,0.0,0.048543689320388356,0.16339060220868834,0.16339060220868834,0.16339060220868834,0.7611348298050435,0.2610872434890838,4.1263275439238457e-07,0.0,0.0,0.0,0.0,0.8711728370629545,0.0005360705067751474,0.04890944887826573,0.42818556670240826,0.0,0.11949204034906682,0.11949204034906682,0.11949204034906682,0.0,0.48271951607880875,0.48271951607880875,0.48271951607880875
2,1260,8,0.38339921591226117,0.3080568734034891,0.0004699514830787323,0.0,0.055363318644981015,0.2823430916963708,0.36538461362805275,0.059260736799000915,0.3593950745635167,0.39112903776432145,0.3490196168422699,0.1333333253860473,0.052677498519580604,0.3396897952097327,0.6047402920891388,0.0004699514830787323,0.0,0.004322463486007369,0.5931243823805381,0.1317435897344409,0.07491724850536562,0.0025943612820277344,0.09961517753799133,0.23039670226325,0.7625901496205358,0.003015321506742381,0.06872087632854491,0.0,0.0,0.0,0.0,0.0,0.0,0.0,0.0,0.0,0.0,0.0,0.0,0.0,0.0,0.0,0.0,0.0,0.0,0.0,0.0,0.0,0.0,0.0,0.0,0.003015321506742381,0.0,0.0,0.0,3.566331408506262e-05,3.566331408506262e-05,3.566331408506262e-05,0.0,0.10661190907911966,0.21999978727341135,0.712473143857868,0.840955951235913,6.077171723674715e-05,0.8752184258929961,0.8752184258929961,0.8752184258929961,0.0,2.752730201203773e-07,2.752730201203773e-07,2.752730201203773e-07,0.0,0.16829451540195345,0.15076626815373506,0.43941851842671326,0.43941851842671326,0.43941851842671326,0.6123656367334376,0.30289678806098014,7.341918433673847e-07,0.0,0.0,0.0,0.0,0.9061115935205359,0.000555051791644803,0.04259514539968759,0.48753215874521194,0.0,0.11253597604598078,0.11253597604598078,0.11253597604598078,0.0,0.5879930257596732,0.5879930257596732,0.5879930257596732
2,1260,10,0.6446640526341074,0.7156398257892523,0.0022617997101208173,0.0,0.1568627361607797,0.1372129594542215,0.7644230898338117,0.16760116829538033,0.6816695857625771,0.6935484052913624,0.5803921818733215,0.2274509668350219,0.15212846195442475,0.6732922768974996,0.49314012319569084,0.0022617997101208173,0.0,0.028983904689438508,0.848304126531227,0.16410136500001354,0.10562545248632242,0.0035509841736308815,0.15440595504658272,0.32976431025911823,0.782193131722009,0.004178592747922183,0.0470530555082776,0.0,0.0,0.0,0.0,0.0,0.0,0.0,0.0,0.0,0.0,0.0,0.0,0.0,0.0,0.0,0.0,0.0,0.0,0.0,0.0,0.0,0.0,0.0,0.0,0.004178592747922183,0.0,0.0,0.0,3.0549198713323325e-05,3.0549198713323325e-05,3.0549198713323325e-05,0.0,0.10518052865172961,0.3062611500738663,0.6804567529665271,0.8471035863272937,4.2195907593602275e-05,0.8513800185443975,0.8513800185443975,0.8513800185443975,0.0,1.9719727491173494e-07,1.9719727491173494e-07,1.9719727491173494e-07,0.0,0.2350780532598714,0.09479503775620271,0.41685206116059875,0.41685206116059875,0.41685206116059875,0.767674194449633,0.37493784947717024,5.714816865633814e-07,0.0,0.0,0.0,0.0,0.8562008689493852,0.0008665011730982881,0.061876512847144544,0.3762241797246819,0.0,0.1017227928468106,0.1017227928468106,0.1017227928468106,0.0,0.578101271270642,0.578101271270642,0.578101271270642
2,1260,10,0.636363657868052,0.6587677909471028,0.0026117515439814405,0.0,0.0922721977416351,0.201335358873847,0.7019230932591087,0.11533102152247128,0.649884139556479,0.6693548583406805,0.5372549295425415,0.2196078300476074,0.1007943084865764,0.6397725538265767,0.4366065335931712,0.0026117515439814405,0.0,0.015177499912785584,0.3831109435937434,0.2216589145172026,0.12735589482137627,0.004683625677289007,0.14181375404105845,0.38499706072541945,0.6964558383607217,0.005372476390185664,0.04589975412134073,0.0,0.0,0.0,0.0,0.0,0.0,0.0,0.0,0.0,0.0,0.0,0.0,0.0,0.0,0.0,0.0,0.0,0.0,0.0,0.0,0.0,0.0,0.0,0.0,0.005372476390185664,0.0,0.0,0.0,6.562786363713677e-05,6.562786363713677e-05,6.562786363713677e-05,0.0,0.1437188432135098,0.340446324642437,0.6319182872351929,0.7767935566821805,0.00013441985468667076,0.8363822369958579,0.8363822369958579,0.8363822369958579,0.0,5.497681664290519e-07,5.497681664290519e-07,5.497681664290519e-07,0.0,0.19393939393939397,0.105631067961165,0.4189780503247169,0.4189780503247169,0.4189780503247169,0.7202333646491301,0.24992541937260454,1.6304391241115885e-06,0.0,0.0,0.0,0.0,0.9673688550946132,0.0009061997262573517,0.017646498463412236,0.6631825425058174,0.0,0.16901060549845195,0.16901060549845195,0.16901060549845195,0.0,0.5044494397208873,0.5044494397208873,0.5044494397208873
2,1260,12,0.5296442965901977,0.5592417299733411,0.002293470302526757,0.0,0.1291810768382892,0.1877243408671636,0.6682692489496532,0.15380843252040577,0.5459051075269491,0.5604838970626119,0.4705882370471954,0.2588235437870025,0.13512350074313745,0.5334128923763145,0.6109673081780915,0.002293470302526757,0.0,0.026042971017695128,0.6699563713575427,0.27956727712138263,0.17575573482317441,0.005525453821899777,0.23063081263220914,0.5240430301502786,0.7879981398331493,0.006551053831907305,0.023893983937875188,0.0,0.0,0.0,0.0,0.0,0.0,0.0,0.0,0.0,0.0,0.0,0.0,0.0,0.0,0.0,0.0,0.0,0.0,0.0,0.0,0.0,0.0,0.0,0.0,0.006551053831907305,0.0,0.0,0.0,3.022999275432414e-05,3.022999275432414e-05,3.022999275432414e-05,0.0,0.09961182350907438,0.5217664887312702,0.7208736038082619,0.8552742804354695,4.7966674898487575e-05,0.878790289252145,0.878790289252145,0.878790289252145,0.0,2.1478304942797527e-07,2.1478304942797527e-07,2.1478304942797527e-07,0.0,0.2754820936639118,0.06712682038834952,0.3761339128659202,0.3761339128659202,0.3761339128659202,0.8367151458588702,0.3339808862951609,5.686455370620701e-07,0.0,0.0,0.0,0.0,0.8661708576627069,0.0013746417660444263,0.060446598576303606,0.39000810297777705,0.0,0.09700863429297799,0.09700863429297799,0.09700863429297799,0.0,0.57496337765928,0.57496337765928,0.57496337765928
2,1260,12,0.5494071412712819,0.6919431446050234,0.003140973456653087,0.0,0.23068049435408786,0.18984100592925665,0.8221153943643069,0.27793084277522057,0.637554817048906,0.6733871161657942,0.364705890417099,0.4901960790157318,0.23954608048687018,0.6311267628549024,0.31604846360016814,0.003140973456653087,0.0,0.08362390417671771,0.698607763914719,0.2705774474051525,0.16133302865769983,0.005785655248415833,0.22783102228854302,0.4807264935084165,0.6980340274171709,0.0066888096367838604,0.034325928917867815,0.0,0.0,0.0,0.0,0.0,0.0,0.0,0.0,0.0,0.0,0.0,0.0,0.0,0.0,0.0,0.0,0.0,0.0,0.0,0.0,0.0,0.0,0.0,0.0,0.0066888096367838604,0.0,0.0,0.0,7.425077127424437e-05,7.425077127424437e-05,7.425077127424437e-05,0.0,0.1308074002760769,0.4465070428111356,0.657830844971476,0.7796821106545289,0.00017313022253268617,0.8504469631176345,0.8504469631176345,0.8504469631176345,0.0,3.8593153802522743e-07,3.8593153802522743e-07,3.8593153802522743e-07,0.0,0.33792470156106524,0.1410463861920172,0.4768423532130871,0.4768423532130871,0.4768423532130871,0.6857467570695186,0.2457233208816947,9.531513814908283e-07,0.0,0.0,0.0,0.0,0.945201961706455,0.0011945247968698379,0.025910228837966093,0.7098016095933987,0.0,0.16962062785939294,0.16962062785939294,0.16962062785939294,0.0,0.5100199784811402,0.5100199784811402,0.5100199784811402
2,1260,14,0.40434783127421037,0.4407583240521963,0.002005977135408693,0.0,0.14763558650972805,0.23845723786282633,0.495192335358168,0.18476485612038815,0.4346293130586814,0.4677419364414808,0.2666666805744171,0.3215686380863189,0.15535268778435088,0.42017056334511055,0.26451380009000514,0.002005977135408693,0.0,0.03997637157307947,0.6921908818177698,0.34758787690224696,0.20644863968066934,0.007408087672574769,0.2919283604294091,0.6488689661627937,0.7278900026389936,0.008648003306139317,0.018229771221542526,0.0,0.0,0.0,0.0,0.0,0.0,0.0,0.0,0.0,0.0,0.0,0.0,0.0,0.0,0.0,0.0,0.0,0.0,0.0,0.0,0.0,0.0,0.0,0.0,0.008648003306139317,0.0,0.0,0.0,4.9081296655434646e-05,4.9081296655434646e-05,4.9081296655434646e-05,0.0,0.1319905148817752,0.5976406361408291,0.6432767342077252,0.8028096719298204,8.705976160476675e-05,0.8397628554323684,0.8397628554323684,0.8397628554323684,0.0,2.457861426492325e-07,2.457861426492325e-07,2.457861426492325e-07,0.0,0.5465564738292011,0.11276699029126214,0.45892171059024606,0.45892171059024606,0.45892171059024606,0.7935916355477867,0.322780345526259,6.676620336081512e-07,0.0,0.0,0.0,0.0,0.9344454260262692,0.0016518827725418184,0.0375106737438792,0.578364251947471,0.0,0.14482907671775994,0.14482907671775994,0.14482907671775994,0.0,0.5405790316058473,0.5405790316058473,0.5405790316058473
2,1260,14,0.3280632508052257,0.2559241747981853,0.0007917433748175893,0.0,0.0645905384191446,0.18380969372999245,0.28846154092072596,0.07368185270600781,0.3053701648431295,0.34274194386295764,0.294117659330368,0.1254901885986328,0.06693433581279494,0.28422179418031496,0.43373665889930796,0.0007917433748175893,0.0,0.006095761069380433,0.4089637758888951,0.3379787695352012,0.1838039686306031,0.00564790155202498,0.2281036457448578,0.5144413773213709,0.7591775055969657,0.006581666232990984,0.026621848032840706,0.0,0.0,0.0,0.0,0.0,0.0,0.0,0.0,0.0,0.0,0.0,0.0,0.0,0.0,0.0,0.0,0.0,0.0,0.0,0.0,0.0,0.0,0.0,0.0,0.006581666232990984,0.0,0.0,0.0,3.630484451805798e-05,3.630484451805798e-05,3.630484451805798e-05,0.0,0.1094785700559579,0.5160125714052367,0.7217665591606426,0.8419374755763024,6.423932318808343e-05,0.8803783626136833,0.8803783626136833,0.8803783626136833,0.0,3.6742341222314176e-07,3.6742341222314176e-07,3.6742341222314176e-07,0.0,0.11900826446280993,0.031298543689320404,0.2837831314544708,0.2837831314544708,0.2837831314544708,0.8846141619277281,0.27711362378767,1.0189753034803905e-06,0.0,0.0,0.0,0.0,0.8586183406841851,0.001382095979717319,0.06058417322330581,0.3895561547128982,0.0,0.1060453720757126,0.1060453720757126,0.1060453720757126,0.0,0.518891547951959,0.518891547951959,0.518891547951959
2,1260,14,0.4308300431468631,0.5071090313680374,0.0017663298008484696,0.0,0.2306805644771996,0.11175209713732526,0.5576923319328709,0.23447039450042842,0.4743093062939368,0.5000000296859072,0.3333333432674408,0.3058823645114898,0.23692811937028843,0.4617020049068172,0.45169700555451153,0.0017663298008484696,0.0,0.05094884406216699,0.8473691641916687,0.2588212402483498,0.17018455919182957,0.005556065754431077,0.24146768528514245,0.5035787157867374,0.7560682693772475,0.006474522829198108,0.02782946160516206,0.0,0.0,0.0,0.0,0.0,0.0,0.0,0.0,0.0,0.0,0.0,0.0,0.0,0.0,0.0,0.0,0.0,0.0,0.0,0.0,0.0,0.0,0.0,0.0,0.006474522829198108,0.0,0.0,0.0,4.607379202980466e-05,4.607379202980466e-05,4.607379202980466e-05,0.0,0.08867198970713658,0.5575981027367795,0.7980626602200971,0.8548288482940727,0.00011459524452660285,0.9175128012681882,0.9175128012681882,0.9175128012681882,0.0,1.6234162631964951e-07,1.6234162631964951e-07,1.6234162631964951e-07,0.0,0.5377410468319559,0.11038834951456311,0.4571889326036197,0.4571889326036197,0.4571889326036197,0.7875497347644378,0.4220204530230461,4.912786942794664e-07,0.0,0.0,0.0,0.0,0.9067917576835169,0.0012872254146792251,0.048440433521591275,0.5528559721828159,0.0,0.10697687704857964,0.10697687704857964,0.10697687704857964,0.0,0.6461983427578468,0.6461983427578468,0.6461983427578468
2,1260,16,0.4703557325090314,0.6398104459997196,0.002653982368065788,0.0,0.3137254723215596,0.11437112563139575,0.7548077057453959,0.329034516045679,0.5695356074564992,0.6129032487890894,0.4000000059604645,0.4000000059604645,0.32547772778507733,0.5627407977860951,0.4022350547734438,0.002653982368065788,0.0,0.10292039832132736,0.6075956969853538,0.24113580272472807,0.14993463664488704,0.00612238650626014,0.18915270986007027,0.49269457143683565,0.6768895457580604,0.006918402644911453,0.03479350872729502,0.0,0.0,0.0,0.0,0.0,0.0,0.0,0.0,0.0,0.0,0.0,0.0,0.0,0.0,0.0,0.0,0.0,0.0,0.0,0.0,0.0,0.0,0.0,0.0,0.006918402644911453,0.0,0.0,0.0,7.117987926946223e-05,7.117987926946223e-05,7.117987926946223e-05,0.0,0.15442448057743613,0.41926407657801845,0.5925179937344545,0.7648104164665844,0.0001468315085021293,0.8133199900240565,0.8133199900240565,0.8133199900240565,0.0,8.184439981315426e-07,8.184439981315426e-07,8.184439981315426e-07,0.0,0.2833530106257379,0.16990291262135918,0.5197859534727483,0.5197859534727483,0.5197859534727483,0.6481837942805465,0.18525503801504942,2.1866950479704873e-06,0.0,0.0,0.0,0.0,0.9308941596424389,0.0013168489081907715,0.038542528558654365,0.5468311200437337,0.0,0.1711395959622167,0.1711395959622167,0.1711395959622167,0.0,0.4422113647310994,0.4422113647310994,0.4422113647310994
2,1260,16,0.5375494344626314,0.7393365069734813,0.004231813797362606,0.0,0.29527103277323274,0.16482383953591329,0.8942307750274259,0.34877853811931425,0.6402874623424615,0.6733871161657942,0.2980392277240753,0.6156862676143646,0.30528141859512514,0.6368119452756937,0.4152056157896826,0.004231813797362606,0.0,0.1327286721991166,0.7183637726261081,0.39910874215833414,0.2342227040174365,0.007721859981020603,0.3414282867578579,0.6741761511042266,0.7250739977311822,0.008969433517517946,0.01675386133310522,0.0,0.0,0.0,0.0,0.0,0.0,0.0,0.0,0.0,0.0,0.0,0.0,0.0,0.0,0.0,0.0,0.0,0.0,0.0,0.0,0.0,0.0,0.0,0.0,0.008969433517517946,0.0,0.0,0.0,4.5571360147169304e-05,4.5571360147169304e-05,4.5571360147169304e-05,0.0,0.13053504032167673,0.6286106274636087,0.6477285109792992,0.8089638549446914,7.788244635279157e-05,0.8400898388464074,0.8400898388464074,0.8400898388464074,0.0,3.7097915354381935e-07,3.7097915354381935e-07,3.7097915354381935e-07,0.0,0.44878537440520905,0.07213351520500677,0.3991642593624275,0.3991642593624275,0.3991642593624275,0.8475990013603211,0.34313468725856927,1.212198920955712e-06,0.0,0.0,0.0,0.0,0.9281990411060104,0.0016841860471414347,0.03360667811180215,0.5039688100109683,0.0,0.13597804105886377,0.13597804105886377,0.13597804105886377,0.0,0.530908875716734,0.530908875716734,0.530908875716734
2,1260,16,0.48221343931768185,0.5781990749207243,0.0032492059687681133,0.0,0.2214532745799245,0.13033545534354543,0.6730769409938612,0.2327305733605487,0.535898987452301,0.5564516392374983,0.3960784375667572,0.337254911661148,0.22220517702581447,0.525032482360947,0.47209189217467806,0.0032492059687681133,0.0,0.05375388812225989,0.7614506531595027,0.34799758591162167,0.22034928265543025,0.008357057581045092,0.3062266025646461,0.7113002708988595,0.7068767796007336,0.009627600140817044,0.015624297675189247,0.0,0.0,0.0,0.0,0.0,0.0,0.0,0.0,0.0,0.0,0.0,0.0,0.0,0.0,0.0,0.0,0.0,0.0,0.0,0.0,0.0,0.0,0.0,0.0,0.009627600140817044,0.0,0.0,0.0,5.656564758279159e-05,5.656564758279159e-05,5.656564758279159e-05,0.0,0.14726423440727165,0.6339145001146035,0.6193228621891191,0.7834229217052726,0.00010185461265497579,0.8252829704863535,0.8252829704863535,0.8252829704863535,0.0,6.014482021122948e-07,6.014482021122948e-07,6.014482021122948e-07,0.0,0.16829451540195345,0.04018895931958595,0.31479602109002236,0.31479602109002236,0.31479602109002236,0.8703267294135321,0.21399370293536413,1.6069450470195763e-06,0.0,0.0,0.0,0.0,0.9350264440730811,0.00182743054193366,0.03541595577449114,0.5509058761838571,0.0,0.15740447347798595,0.15740447347798595,0.15740447347798595,0.0,0.45964755941132845,0.45964755941132845,0.45964755941132845
2,1260,16,0.43478261208307994,0.5402843850259579,0.0026490249814534704,0.0,0.26758944357385367,0.17222062857974896,0.6009615603307423,0.25765875775152325,0.4848723477380102,0.5040322875110208,0.2274509817361831,0.447058841586113,0.2519282200939683,0.4738560251360932,0.43133771089964873,0.0026490249814534704,0.0,0.0687172737581848,0.8385794239965381,0.37258972390946027,0.2342373173531564,0.008020326323200783,0.3442913086606337,0.7185095665762646,0.7421664610089159,0.009336782330522094,0.013008850347587975,0.0,0.0,0.0,0.0,0.0,0.0,0.0,0.0,0.0,0.0,0.0,0.0,0.0,0.0,0.0,0.0,0.0,0.0,0.0,0.0,0.0,0.0,0.0,0.0,0.009336782330522094,0.0,0.0,0.0,4.302480619335101e-05,4.302480619335101e-05,4.302480619335101e-05,0.0,0.11309934261578669,0.7118646168524073,0.6964284605534907,0.8312985753832716,8.411394956589816e-05,0.8618528896941471,0.8618528896941471,0.8618528896941471,0.0,5.392707083163372e-07,5.392707083163372e-07,5.392707083163372e-07,0.0,0.32195472511678047,0.08946170646209187,0.4180131858379074,0.4180131858379074,0.4180131858379074,0.8356074386108812,0.23027785716818874,1.4758937524458035e-06,0.0,0.0,0.0,0.0,0.8849713297341992,0.0019937148038115735,0.06234406404628798,0.4701845574059764,0.0,0.11818455752221321,0.11818455752221321,0.11818455752221321,0.0,0.5254882864768737,0.5254882864768737,0.5254882864768737
2,1260,18,0.25177867033624096,0.27962085598241426,0.0007592850027803977,0.0,0.22837368941054703,0.11405307827965368,0.30769230909755774,0.21707335372907832,0.2755750269481903,0.3145161390871621,0.1803921610116958,0.2549019604921341,0.21783680268745045,0.25809310500908283,0.437797995465846,0.0007592850027803977,0.0,0.04437986167664358,0.9093220082725291,0.2581657065707787,0.1673100863878294,0.006367281966510546,0.25068118790584465,0.5291148399593619,0.6960975433744889,0.007331670059541119,0.02979237203447445,0.0,0.0,0.0,0.0,0.0,0.0,0.0,0.0,0.0,0.0,0.0,0.0,0.0,0.0,0.0,0.0,0.0,0.0,0.0,0.0,0.0,0.0,0.0,0.0,0.007331670059541119,0.0,0.0,0.0,6.33899670979982e-05,6.33899670979982e-05,6.33899670979982e-05,0.0,0.14386207228655346,0.46577974837909586,0.6117680723984207,0.7769142088137037,0.00012475749990153973,0.8117983571752251,0.8117983571752251,0.8117983571752251,0.0,4.901805405010977e-07,4.901805405010977e-07,4.901805405010977e-07,0.0,0.1637150728059819,0.04368932038834947,0.30067724191943224,0.30067724191943224,0.30067724191943224,0.8675351566779491,0.2634402766812064,1.4552885613369963e-06,0.0,0.0,0.0,0.0,0.9201396517133738,0.0014024998071100476,0.03910131566291644,0.5523456336384525,0.0,0.162339928546108,0.162339928546108,0.162339928546108,0.0,0.45218036678696033,0.45218036678696033,0.45218036678696033
2,1260,18,0.26482214782575647,0.4502369965258879,0.0021201560059308684,0.0,0.3783160107407044,0.11103978374971074,0.5625000239770789,0.3794469170743719,0.36561375655191625,0.4032258112396624,0.168627455830574,0.4745098203420639,0.3713722583326099,0.35890807941705477,0.4694452477470465,0.0021201560059308684,0.0,0.14024827859380662,0.7067840933238947,0.4622682044037607,0.2790530213211599,0.010369792144978112,0.3926875810748343,0.8198268439056041,0.6564353031780052,0.011816386818300093,0.012952319442757293,0.0,0.0,0.0,0.0,0.0,0.0,0.0,0.0,0.0,0.0,0.0,0.0,0.0,0.0,0.0,0.0,0.0,0.0,0.0,0.0,0.0,0.0,0.0,0.0,0.011816386818300093,0.0,0.0,0.0,9.0126160775484e-05,9.0126160775484e-05,9.0126160775484e-05,0.0,0.16053043600579414,0.737448818135469,0.6153123817170885,0.7454730964484348,0.00020781866550360827,0.8305150668881146,0.8305150668881146,0.8305150668881146,0.0,1.1938599143541373e-06,1.1938599143541373e-06,1.1938599143541373e-06,0.0,0.2975206611570248,0.07456007281553392,0.39069542927883116,0.39069542927883116,0.39069542927883116,0.8242582463962417,0.19227480425656557,3.77113778771189e-06,0.0,0.0,0.0,0.0,0.9647498045588595,0.0020770906768711023,0.01816450190707808,0.771860217255313,0.0,0.19937241880906983,0.19937241880906983,0.19937241880906983,0.0,0.4414431221500212,0.4414431221500212,0.4414431221500212
2,1260,18,0.33201581974144245,0.6635071271839486,0.0037152312970461926,0.0,0.6459054543145581,0.0861954247363955,0.7548077057453959,0.5940790534737839,0.49722609211675123,0.5322580922868163,0.2588235437870025,0.5411764681339264,0.6279544451472568,0.503414780457972,0.4806200719584179,0.0037152312970461926,0.0,0.3029389462846755,0.9221973022160874,0.4210244766111198,0.2847761585754135,0.010186120549790309,0.4084263437775011,0.8938872669600254,0.7248611675400716,0.01186230541992561,0.005283503498149822,0.0,0.0,0.0,0.0,0.0,0.0,0.0,0.0,0.0,0.0,0.0,0.0,0.0,0.0,0.0,0.0,0.0,0.0,0.0,0.0,0.0,0.0,0.0,0.0,0.01186230541992561,0.0,0.0,0.0,5.944707596696303e-05,5.944707596696303e-05,5.944707596696303e-05,0.0,0.12306970741475864,0.8842617736466579,0.6943698565346788,0.8102800073676499,0.00013756892972716068,0.8699605628049473,0.8699605628049473,0.8699605628049473,0.0,4.6076456126848994e-07,4.6076456126848994e-07,4.6076456126848994e-07,0.0,0.7862407862407862,0.13055380229350316,0.4987699876700267,0.4987699876700267,0.4987699876700267,0.8137276617283625,0.295384484865174,1.4541045894842424e-06,0.0,0.0,0.0,0.0,0.9338105730086323,0.002264546384241019,0.03539536773888505,0.6087909325311265,0.0,0.14125773561115998,0.14125773561115998,0.14125773561115998,0.0,0.5569309617757524,0.5569309617757524,0.5569309617757524
2,1261,10,0.007905138811118435,0.4786730139469626,0.1003374515181119,0.0,0.8212226256409706,0.18504298527940777,1.0,0.8972748310641571,0.14714456086003086,0.05645161529725056,0.0,1.0,0.8651262147010971,0.23734476651343106,0.7625501628166609,0.1003374515181119,0.0,0.7811547981145491,0.9999700471522013,0.9744946469315885,1.0000000000000002,0.9991352129059908,0.976565162919879,0.6425398335163733,0.0,0.9990357093658639,1.0000000000000002,0.0,0.0,0.0,0.0,0.0,0.0,0.0,0.0,0.0,0.0,0.0,0.0,0.0,0.0,0.0,0.0,0.0,0.0,0.0,0.0,0.0,0.0,0.0,0.0,0.9990357093658639,0.0,0.0,0.0,1.0000000000000002,1.0000000000000002,1.0000000000000002,0.0,0.8546997933357561,0.40591748721662957,0.5218010127843555,0.0,0.49283226786723056,0.021911953980137403,0.021911953980137403,0.021911953980137403,0.0,0.9980734980122731,0.9980734980122731,0.9980734980122731,0.0,0.0,0.9999999999999999,5.161968305613674e-13,5.161968305613674e-13,5.161968305613674e-13,0.0,9.59251052871121e-08,0.0,0.0,0.0,0.0,0.0,0.0,1.0,1.0,0.0,0.0,1.0000000000000002,1.0000000000000002,1.0000000000000002,0.0,0.0,0.0,0.0
2,1261,14,0.011857707747335286,0.29383886469295173,0.06021348370002224,0.0,0.6182237862266786,0.2361187355675396,1.0,0.6506117721354504,0.10743317083756128,0.08467742007304618,0.0,1.0,0.6340939664319173,0.1590746038398932,0.7789452229429441,0.06021348370002224,0.0,0.4244208010934277,0.9975953363356334,0.9790214350277306,1.0000000000000002,0.9902194875562496,0.979866189364583,0.8064395586570141,0.0014057926837892547,0.9902958688564736,0.7914258154455405,0.0,0.0,0.0,0.0,0.0,0.0,0.0,0.0,0.0,0.0,0.0,0.0,0.0,0.0,0.0,0.0,0.0,0.0,0.0,0.0,0.0,0.0,0.0,0.0,0.9902958688564736,0.0,0.0,0.0,0.759430771877787,0.759430771877787,0.759430771877787,0.0,0.9437819291759912,0.2865428644670602,0.15773358734257015,0.0018856600917126608,0.8817080738545341,0.13745312302527635,0.13745312302527635,0.13745312302527635,0.0,0.32686881767518433,0.32686881767518433,0.32686881767518433,0.0,0.0,0.28640776699029125,0.47619047612478826,0.47619047612478826,0.47619047612478826,0.38056741490252194,0.00020180324108302574,0.871769832924326,0.0,0.0,0.0,0.0,0.011572459786222636,0.9851911041769171,0.9926652487524865,0.011316404339945976,0.0,0.9978591610325368,0.9978591610325368,0.9978591610325368,0.0,0.0008583975449617531,0.0008583975449617531,0.0008583975449617531
2,1261,16,0.5134387639517086,0.6023696897286379,0.0014982153574990865,0.0,0.1568627361607797,0.21859529399330638,0.6875000171264849,0.21488241221087134,0.5584969676450406,0.5806451861881802,0.3803921639919281,0.364705890417099,0.17174266317165002,0.5483969256731673,0.32465714115451394,0.0014982153574990865,0.0,0.05656546239936376,0.7122604054382726,0.17827931113550205,0.10562545248632242,0.0034668013591698044,0.15110317976618232,0.3101442488352722,0.7581306084097199,0.003994918341420109,0.0523008386129304,0.0,0.0,0.0,0.0,0.0,0.0,0.0,0.0,0.0,0.0,0.0,0.0,0.0,0.0,0.0,0.0,0.0,0.0,0.0,0.0,0.0,0.0,0.0,0.0,0.003994918341420109,0.0,0.0,0.0,3.6823385945837026e-05,3.6823385945837026e-05,3.6823385945837026e-05,0.0,0.09582064582023614,0.32037023793196107,0.7553339774313332,0.854647964111436,7.610070404228119e-05,0.8969554137026114,0.8969554137026114,0.8969554137026114,0.0,3.449652309143035e-07,3.449652309143035e-07,3.449652309143035e-07,0.0,0.11570247933884298,0.055047785194174775,0.341367866691688,0.341367866691688,0.341367866691688,0.8103756553934893,0.346601698653469,1.1148066659859502e-06,0.0,0.0,0.0,0.0,0.8801835455372562,0.0007692823826291222,0.046942443361961406,0.43164413672098173,0.0,0.09990239227216866,0.09990239227216866,0.09990239227216866,0.0,0.5834676676853524,0.5834676676853524,0.5834676676853524
2,1261,16,0.5146245346325737,0.5924170836312617,0.001597471735930331,0.0,0.20299883503159735,0.21773398622762605,0.6971154012149008,0.22873765907810012,0.5639025054184925,0.6008064753137484,0.3490196168422699,0.4039215743541717,0.2017062496038752,0.553938140352772,0.301745229065452,0.001597471735930331,0.0,0.056523576015710265,0.2540447544482849,0.20713459416645885,0.1160814962640347,0.003612208038693483,0.11437419148890617,0.3174313406686486,0.7454784421031676,0.004193898948464022,0.052105911444291844,0.0,0.0,0.0,0.0,0.0,0.0,0.0,0.0,0.0,0.0,0.0,0.0,0.0,0.0,0.0,0.0,0.0,0.0,0.0,0.0,0.0,0.0,0.0,0.0,0.004193898948464022,0.0,0.0,0.0,3.687561920996813e-05,3.687561920996813e-05,3.687561920996813e-05,0.0,0.11440994788466108,0.2863222485163635,0.6507790067638628,0.8254568400432285,5.428631030902139e-05,0.8406944794517746,0.8406944794517746,0.8406944794517746,0.0,2.6921278707290625e-07,2.6921278707290625e-07,2.6921278707290625e-07,0.0,0.2644628099173554,0.11850371216447744,0.4122506140183753,0.4122506140183753,0.4122506140183753,0.6762272745722323,0.3529708090434609,8.235084195172877e-07,0.0,0.0,0.0,0.0,0.9088897679021566,0.0008081446206055626,0.046444171658163086,0.4762106783144575,0.0,0.1226255186281783,0.1226255186281783,0.1226255186281783,0.0,0.5523183174737822,0.5523183174737822,0.5523183174737822
2,1261,18,0.5573122791437155,0.6398104459997196,0.002573541548753909,0.0,0.16608995593494327,0.32699008830868287,0.7788461659664354,0.22044991448290796,0.600000187063968,0.6209677644393167,0.3176470696926117,0.5019607841968536,0.18088792261356332,0.5913790670161585,0.3075728686977179,0.002573541548753909,0.0,0.06302636172590138,0.7987132704138382,0.22791592981769104,0.14336452445617887,0.005326476260446322,0.20602093352322154,0.4740806474355371,0.74454549174175,0.006122480216735799,0.031510807262245644,0.0,0.0,0.0,0.0,0.0,0.0,0.0,0.0,0.0,0.0,0.0,0.0,0.0,0.0,0.0,0.0,0.0,0.0,0.0,0.0,0.0,0.0,0.0,0.0,0.006122480216735799,0.0,0.0,0.0,4.502666327471282e-05,4.502666327471282e-05,4.502666327471282e-05,0.0,0.10241545998826135,0.4936705392894081,0.752783276089104,0.8429724875756825,0.00010266488478925478,0.8940494411283191,0.8940494411283191,0.8940494411283191,0.0,1.0720669231345656e-06,1.0720669231345656e-06,1.0720669231345656e-06,0.0,0.03778040141676506,0.02791262135922326,0.19853680125045092,0.19853680125045092,0.19853680125045092,0.8455857299961665,0.2072104660339148,3.4323593732092017e-06,0.0,0.0,0.0,0.0,0.8567365181558955,0.0013701449287035583,0.07620035104627679,0.42038652284088307,0.0,0.10716628842319029,0.10716628842319029,0.10716628842319029,0.0,0.4917695401112699,0.4917695401112699,0.4917695401112699
2,1261,18,0.13438735791164425,0.0,3.733290443904395e-05,0.0,0.03690887909665409,0.16835167437646326,0.0,0.039879097872480306,0.0876440355370917,0.13306452163528928,0.1215686276555061,0.062745101749897,0.03984313270620764,0.05943193150869415,0.43999184337273634,3.733290443904395e-05,0.0,0.001781490887855844,0.7520598002580661,0.22788746321901782,0.14571712022569877,0.005510147855634126,0.1992788048738483,0.462164433611098,0.7050683186087537,0.006321460823779712,0.035734133931109996,0.0,0.0,0.0,0.0,0.0,0.0,0.0,0.0,0.0,0.0,0.0,0.0,0.0,0.0,0.0,0.0,0.0,0.0,0.0,0.0,0.0,0.0,0.0,0.0,0.006321460823779712,0.0,0.0,0.0,5.732961583098188e-05,5.732961583098188e-05,5.732961583098188e-05,0.0,0.1323533797685536,0.43212545643031786,0.6605029262605369,0.7969018893633788,0.00011828565164658973,0.850132472643785,0.850132472643785,0.850132472643785,0.0,3.4908948666390786e-07,3.4908948666390786e-07,3.4908948666390786e-07,0.0,0.30622009569377995,0.11641072533146868,0.42654727547765203,0.42654727547765203,0.42654727547765203,0.7463561467082696,0.2731578178876128,9.306131438378506e-07,0.0,0.0,0.0,0.0,0.9249082779540057,0.001223759744308008,0.04292336923656681,0.5617284982821977,0.0,0.14813218531314845,0.14813218531314845,0.14813218531314845,0.0,0.5035049943478522,0.5035049943478522,0.5035049943478522
2,1261,20,0.5221344156113857,0.6398104459997196,0.0024885454084933017,0.0,0.17531717570910688,0.20402752509425115,0.8028846261874751,0.2478032555548073,0.5783602831993694,0.5927419596635212,0.3960784375667572,0.4431372582912445,0.18831747953863326,0.570105835783474,0.6179099702326343,0.0024885454084933017,0.0,0.07728208972509848,0.5493327092270124,0.3030457197613905,0.183380492375399,0.005540759788165427,0.22854039474948562,0.4760195753613838,0.7203650092728262,0.006321460823779712,0.03309204133751836,0.0,0.0,0.0,0.0,0.0,0.0,0.0,0.0,0.0,0.0,0.0,0.0,0.0,0.0,0.0,0.0,0.0,0.0,0.0,0.0,0.0,0.0,0.0,0.0,0.006321460823779712,0.0,0.0,0.0,4.6695101193859376e-05,4.6695101193859376e-05,4.6695101193859376e-05,0.0,0.12028558403745299,0.4560419418372601,0.6767228648375698,0.8200126449989406,9.053076681059862e-05,0.8569785514787096,0.8569785514787096,0.8569785514787096,0.0,4.5739034352794385e-07,4.5739034352794385e-07,4.5739034352794385e-07,0.0,0.2022362664073894,0.08887358484227495,0.3929190433817203,0.3929190433817203,0.3929190433817203,0.7503102632963605,0.24439389591665037,1.2319001804542062e-06,0.0,0.0,0.0,0.0,0.8952019092602265,0.0012856047833731193,0.05363679877652763,0.44196574594423965,0.0,0.12442714824121934,0.12442714824121934,0.12442714824121934,0.0,0.5077104634180581,0.5077104634180581,0.5077104634180581
2,1261,20,0.521739158717764,0.5924170836312617,0.002173130601265904,0.0,0.14763551638661637,0.16564312019186847,0.6586538648612373,0.18356985024875566,0.5747902674002482,0.604838733138862,0.450980395078659,0.2705882489681244,0.16355088815735017,0.563841511135711,0.343331491136146,0.002173130601265904,0.0,0.03702906742907947,0.8904088763196658,0.2069788733609097,0.13978382480065277,0.004752502525484434,0.199524482020199,0.43746182097053454,0.7696918661628676,0.005602069398313257,0.03361782012914934,0.0,0.0,0.0,0.0,0.0,0.0,0.0,0.0,0.0,0.0,0.0,0.0,0.0,0.0,0.0,0.0,0.0,0.0,0.0,0.0,0.0,0.0,0.0,0.0,0.005602069398313257,0.0,0.0,0.0,3.5338806025662047e-05,3.5338806025662047e-05,3.5338806025662047e-05,0.0,0.11592158005330405,0.39447945852201455,0.6509012179395293,0.8285113162894501,4.929644223084877e-05,0.8348588644147216,0.8348588644147216,0.8348588644147216,0.0,6.632895246886098e-07,6.632895246886098e-07,6.632895246886098e-07,0.0,0.28209366391184576,0.15320388349514566,0.49703959780806645,0.49703959780806645,0.49703959780806645,0.6578022717941675,0.24066523936485906,2.0349907395797906e-06,0.0,0.0,0.0,0.0,0.8552773193792673,0.0011933614731959592,0.06513590973399572,0.3733211956785683,0.0,0.11437790658940764,0.11437790658940764,0.11437790658940764,0.0,0.5188700877085245,0.5188700877085245,0.5188700877085245
2,1261,20,0.6086956753145342,0.6919431446050234,0.0027938786990254734,0.0,0.16608995593494327,0.22001487244397228,0.7836538580106434,0.19169747421472078,0.6438791120797357,0.6572580848653395,0.4000000059604645,0.4235294163227081,0.16910987826534143,0.6351536990247862,0.5264112826723124,0.0027938786990254734,0.0,0.041818718434262825,0.8135044426618714,0.27425740114133285,0.1852628655176109,0.0049208681544065875,0.2500463112873946,0.4644423211470053,0.7865028134391554,0.005846968606982689,0.02958407000845767,0.0,0.0,0.0,0.0,0.0,0.0,0.0,0.0,0.0,0.0,0.0,0.0,0.0,0.0,0.0,0.0,0.0,0.0,0.0,0.0,0.0,0.0,0.0,0.0,0.005846968606982689,0.0,0.0,0.0,3.518047022470646e-05,3.518047022470646e-05,3.518047022470646e-05,0.0,0.10264149435489128,0.4477242093858348,0.7010285352782979,0.8463109648718062,6.277162289631877e-05,0.8610240057102643,0.8610240057102643,0.8610240057102643,0.0,3.254351058613669e-07,3.254351058613669e-07,3.254351058613669e-07,0.0,0.49443047071505564,0.15016425936461908,0.4815682277413095,0.4815682277413095,0.4815682277413095,0.6736912507314997,0.35504275965055326,1.052131180054017e-06,0.0,0.0,0.0,0.0,0.8744921836616326,0.00119365999986818,0.055148268031680964,0.403821875090187,0.0,0.10390136850209328,0.10390136850209328,0.10390136850209328,0.0,0.5863744973039333,0.5863744973039333,0.5863744973039333
2,1261,22,0.6505929060384326,0.7867298693419392,0.004672197917015549,0.0,0.23990771412825146,0.13004805330644456,0.8461538545853464,0.24355643457248813,0.7189892009760849,0.7419354991927263,0.5647059082984924,0.3098039031028747,0.23087840782513253,0.713273424151035,0.43456134821911785,0.004672197917015549,0.0,0.058345564053110865,0.787529181664409,0.34374626410354675,0.21181574826083654,0.006880031836409833,0.3076892016800043,0.6251724909447807,0.7542693376058703,0.008081673886091255,0.01817754573406745,0.0,0.0,0.0,0.0,0.0,0.0,0.0,0.0,0.0,0.0,0.0,0.0,0.0,0.0,0.0,0.0,0.0,0.0,0.0,0.0,0.0,0.0,0.0,0.0,0.008081673886091255,0.0,0.0,0.0,4.541952893663258e-05,4.541952893663258e-05,4.541952893663258e-05,0.0,0.11803388651047175,0.6024300247282401,0.6889450245691251,0.8226158318183255,8.703279711121681e-05,0.8567185541991149,0.8567185541991149,0.8567185541991149,0.0,3.2750078990054694e-07,3.2750078990054694e-07,3.2750078990054694e-07,0.0,0.5583103764921947,0.13664149586479685,0.4791078500182478,0.4791078500182478,0.4791078500182478,0.7677177899559853,0.3094551479938267,9.612070934904782e-07,0.0,0.0,0.0,0.0,0.8901155701733774,0.001623737965590625,0.0490658299434267,0.42941046660713655,0.0,0.12184458028732534,0.12184458028732534,0.12184458028732534,0.0,0.5522954727799056,0.5522954727799056,0.5522954727799056
2,1261,22,0.5375494344626314,0.677725135894486,0.004011239151981876,0.0,0.28373700805552826,0.13386043274425305,0.8269230864085146,0.28327559484982917,0.6083738228620559,0.6330645379146577,0.4549019634723663,0.4039215743541717,0.2639103482317866,0.6011050276096765,0.5020104036940538,0.004011239151981876,0.0,0.08147726905126657,0.7957056819996293,0.3389494224431246,0.210340854277223,0.008020326323200783,0.30502382854941656,0.7110972637196622,0.7350041053114429,0.009413313333231291,0.013872959522768596,0.0,0.0,0.0,0.0,0.0,0.0,0.0,0.0,0.0,0.0,0.0,0.0,0.0,0.0,0.0,0.0,0.0,0.0,0.0,0.0,0.0,0.0,0.0,0.0,0.009413313333231291,0.0,0.0,0.0,5.606952274777193e-05,5.606952274777193e-05,5.606952274777193e-05,0.0,0.12628048277725124,0.6788809590429025,0.6793367213776536,0.8035783298803187,0.00011774761819622945,0.858760786068884,0.858760786068884,0.858760786068884,0.0,6.816881903380977e-07,6.816881903380977e-07,6.816881903380977e-07,0.0,0.8251239669421488,0.2395961165048544,0.6108083126507062,0.6108083126507062,0.6108083126507062,0.6530133176855725,0.24839621533462855,2.1504031616948246e-06,0.0,0.0,0.0,0.0,0.9285650236749471,0.0018494740011318093,0.04307585656413704,0.6293351120450523,0.0,0.14729940598437405,0.14729940598437405,0.14729940598437405,0.0,0.5434379709621453,0.5434379709621453,0.5434379709621453
2,1261,24,0.6683794662514083,0.8341232317103973,0.005055828954384573,0.0,0.2214532745799245,0.2319134624787184,0.932692311381089,0.27391655529118913,0.7380342395046224,0.7500000148429535,0.4235294163227081,0.52156862616539,0.23125405176597552,0.7345546116689401,0.3264433868258921,0.005055828954384573,0.0,0.09125445482258285,0.7200311175487155,0.36687099009350577,0.22442957615817338,0.007117274313527413,0.3141017551454311,0.6409146965169316,0.7474740165379467,0.008311266894218848,0.017523595652599283,0.0,0.0,0.0,0.0,0.0,0.0,0.0,0.0,0.0,0.0,0.0,0.0,0.0,0.0,0.0,0.0,0.0,0.0,0.0,0.0,0.0,0.0,0.0,0.0,0.008311266894218848,0.0,0.0,0.0,3.780241038765744e-05,3.780241038765744e-05,3.780241038765744e-05,0.0,0.11038332626499953,0.6490835363951263,0.7150757218562129,0.8388771632874873,6.934993475676905e-05,0.8774944815153642,0.8774944815153642,0.8774944815153642,0.0,2.1958917709591574e-07,2.1958917709591574e-07,2.1958917709591574e-07,0.0,0.5033324446814184,0.09557196690340766,0.4328904890930825,0.4328904890930825,0.4328904890930825,0.8328480428243649,0.3461549188345384,6.123604889116904e-07,0.0,0.0,0.0,0.0,0.9112042899645452,0.0016068511861774568,0.040397280653893114,0.47516054871172797,0.0,0.11323150244394217,0.11323150244394217,0.11323150244394217,0.0,0.5889700395095175,0.5889700395095175,0.5889700395095175
2,1261,24,0.44505929131724364,0.5402843850259579,0.0027370269495825767,0.0,0.2306805644771996,0.24520644102123368,0.5865384841981185,0.2510039383411249,0.5040082442903001,0.5403226079370437,0.2352941185235977,0.4274509996175766,0.2231353058879564,0.4935260260223538,0.25255427223604926,0.0027370269495825767,0.0,0.07010155309079408,0.9405630591950616,0.38460586195508495,0.2532081819749298,0.007798389812348854,0.3776287487920952,0.663553170208416,0.707753958695541,0.009000045918601625,0.01857079755451442,0.0,0.0,0.0,0.0,0.0,0.0,0.0,0.0,0.0,0.0,0.0,0.0,0.0,0.0,0.0,0.0,0.0,0.0,0.0,0.0,0.0,0.0,0.0,0.0,0.009000045918601625,0.0,0.0,0.0,5.801246974772043e-05,5.801246974772043e-05,5.801246974772043e-05,0.0,0.12736747890284306,0.6524149776671578,0.6773218809270094,0.8091317916279394,0.00012666815042340493,0.8606528622480897,0.8606528622480897,0.8606528622480897,0.0,3.6245769884885274e-07,3.6245769884885274e-07,3.6245769884885274e-07,0.0,0.2985870434550787,0.04210824080902778,0.3417640663871022,0.3417640663871022,0.3417640663871022,0.9145166580578642,0.32130412747058645,1.1309400049526354e-06,0.0,0.0,0.0,0.0,0.9349580809329873,0.001680535079732807,0.03240837831350368,0.5717365138251927,0.0,0.13988091890272994,0.13988091890272994,0.13988091890272994,0.0,0.5252508363548672,0.5252508363548672,0.5252508363548672
2,1261,24,0.5256917276539809,0.7772511968682476,0.004759227170905956,0.0,0.3598615711923773,0.1715314660182846,0.8990384670716336,0.4135884906818374,0.6474397922122407,0.6693548583406805,0.1568627506494522,0.760784313082695,0.3947400744695058,0.6463960536877893,0.3935354173199836,0.004759227170905956,0.0,0.17209444345168437,0.8213364479845158,0.4124452276693088,0.2521079083908236,0.008357057581045092,0.3767963461503683,0.7626184920538366,0.7545688988000421,0.009857193148944636,0.009854438752391614,0.0,0.0,0.0,0.0,0.0,0.0,0.0,0.0,0.0,0.0,0.0,0.0,0.0,0.0,0.0,0.0,0.0,0.0,0.0,0.0,0.0,0.0,0.0,0.0,0.009857193148944636,0.0,0.0,0.0,6.149255217648119e-05,6.149255217648119e-05,6.149255217648119e-05,0.0,0.11220681812421585,0.7168515739318491,0.6660382008379317,0.8180230221125995,0.00015055429639298593,0.8404451733278516,0.8404451733278516,0.8404451733278516,0.0,7.213937556914278e-07,7.213937556914278e-07,7.213937556914278e-07,0.0,0.49586776859504134,0.1414593446601941,0.48523071096604603,0.48523071096604603,0.48523071096604603,0.7685544595653279,0.2283273714189608,2.1917357020990866e-06,0.0,0.0,0.0,0.0,0.8826284895506082,0.001989403249792648,0.04883376056419306,0.42373862903009435,0.0,0.12475352786974961,0.12475352786974961,0.12475352786974961,0.0,0.5188359330145084,0.5188359330145084,0.5188359330145084
2,1261,26,0.5201581311432774,0.6161137648154906,0.0035410076740487583,0.0,0.1568627361607797,0.20720067615268775,0.7115384773475245,0.22519179918271637,0.5573790566915979,0.5725806705379529,0.3607843220233917,0.4039215743541717,0.1791349333912763,0.5476461273148434,0.498677016247941,0.0035410076740487583,0.0,0.06251132296865669,0.8225462314683791,0.41384300532439555,0.27325756492031916,0.008563688125631371,0.37834708024908253,0.7096636291234489,0.6890578619519622,0.0097653559456936,0.016895917723025802,0.0,0.0,0.0,0.0,0.0,0.0,0.0,0.0,0.0,0.0,0.0,0.0,0.0,0.0,0.0,0.0,0.0,0.0,0.0,0.0,0.0,0.0,0.0,0.0,0.0097653559456936,0.0,0.0,0.0,6.373068346439194e-05,6.373068346439194e-05,6.373068346439194e-05,0.0,0.14455728556958264,0.6561973249839325,0.6371405942468846,0.7836908665702288,0.0001306408606283757,0.8383453121154557,0.8383453121154557,0.8383453121154557,0.0,6.575116666337268e-07,6.575116666337268e-07,6.575116666337268e-07,0.0,0.36363636363636365,0.09685983009708737,0.4289112870753289,0.4289112870753289,0.4289112870753289,0.7732005477596264,0.23035183356598127,1.9494228901497962e-06,0.0,0.0,0.0,0.0,0.9273442935455543,0.0018926112617874652,0.03983661617737724,0.5539632758020254,0.0,0.15738720158826816,0.15738720158826816,0.15738720158826816,0.0,0.47551680580784844,0.47551680580784844,0.47551680580784844
2,1261,26,0.3043478371879247,0.27962085598241426,0.001186836403503083,0.0,0.13840829661245277,0.32998309348532473,0.3701923056722607,0.151049298657201,0.3042933819134791,0.33870968603784396,0.1098039224743843,0.3764705881476402,0.1443517397531673,0.2851724051859322,0.32370041566528673,0.001186836403503083,0.0,0.02475810145836641,0.6493893977544567,0.3966470606448523,0.2400256691853782,0.008425934429240518,0.32381509988765245,0.6349360282565394,0.6309302462165552,0.009596987739733364,0.02619661055249356,0.0,0.0,0.0,0.0,0.0,0.0,0.0,0.0,0.0,0.0,0.0,0.0,0.0,0.0,0.0,0.0,0.0,0.0,0.0,0.0,0.0,0.0,0.0,0.0,0.009596987739733364,0.0,0.0,0.0,0.00012256427517342438,0.00012256427517342438,0.00012256427517342438,0.0,0.1672942808234647,0.5301590804020014,0.560183131901405,0.7173120558412699,0.0003110748539299485,0.7942551932508729,0.7942551932508729,0.7942551932508729,0.0,4.891219675967752e-07,4.891219675967752e-07,4.891219675967752e-07,0.0,0.6517119244391972,0.15624999999999997,0.5159241320482457,0.5159241320482457,0.5159241320482457,0.7339378318883227,0.27320100695964095,1.4910133313374924e-06,0.0,0.0,0.0,0.0,0.9942448962574414,0.0015563800798939907,0.004253515297921312,0.8799115891006904,0.0,0.22808751576267453,0.22808751576267453,0.22808751576267453,0.0,0.47786134767697436,0.47786134767697436,0.47786134767697436
2,1261,26,0.5679842152715009,0.7393365069734813,0.005009729232715939,0.0,0.23990771412825146,0.5280256923190283,0.8750000068505939,0.3473632367905836,0.6578063197640304,0.7016129209415898,0.0784313753247261,0.8196078464388847,0.2600698962880606,0.6572214019532219,0.0,0.005009729232715939,0.0,0.1768562552228851,0.7010912377619658,0.46000760795246776,0.2765066083436534,0.008770318670217651,0.38930741530771235,0.7409861557848982,0.70129512575991,0.010086786157072229,0.014249406060229453,0.0,0.0,0.0,0.0,0.0,0.0,0.0,0.0,0.0,0.0,0.0,0.0,0.0,0.0,0.0,0.0,0.0,0.0,0.0,0.0,0.0,0.0,0.0,0.0,0.010086786157072229,0.0,0.0,0.0,6.110952649514692e-05,6.110952649514692e-05,6.110952649514692e-05,0.0,0.1397772580369981,0.6679687482016046,0.6212257669922292,0.7867834840306743,0.00012431665652269753,0.8171228364211204,0.8171228364211204,0.8171228364211204,0.0,7.064619848751208e-07,7.064619848751208e-07,7.064619848751208e-07,0.0,0.406865861411316,0.09745361061641863,0.4333643502749431,0.4333643502749431,0.4333643502749431,0.8027772422322208,0.24204497965254584,2.215467562087752e-06,0.0,0.0,0.0,0.0,0.9206904200767968,0.0019385407078144974,0.03779949290131773,0.48840651575410543,0.0,0.15120564338530193,0.15120564338530193,0.15120564338530193,0.0,0.475737301255405,0.475737301255405,0.475737301255405
2,1261,26,0.26877471676197323,0.19905213995603574,0.0006409510183550335,0.0,0.07381775819330819,0.16246385253005152,0.23076923639023092,0.08236300117980737,0.25073092855187173,0.29032259213648015,0.2274509817361831,0.1450980454683303,0.0799191496095856,0.22815092871065318,0.4284603295343413,0.0006409510183550335,0.0,0.007455509845808365,0.6228128949204619,0.26470822044867187,0.1830093465505518,0.006619830409893777,0.21060013508400727,0.5102245618596168,0.6491643731981469,0.007530650666585032,0.03534986391811781,0.0,0.0,0.0,0.0,0.0,0.0,0.0,0.0,0.0,0.0,0.0,0.0,0.0,0.0,0.0,0.0,0.0,0.0,0.0,0.0,0.0,0.0,0.0,0.0,0.007530650666585032,0.0,0.0,0.0,0.00010600275122414259,0.00010600275122414259,0.00010600275122414259,0.0,0.16480532574587292,0.4280834047164619,0.5772310855434648,0.7334133213706948,0.0002586285322991857,0.8020577966568827,0.8020577966568827,0.8020577966568827,0.0,7.678968887030312e-07,7.678968887030312e-07,7.678968887030312e-07,0.0,0.9496619083395943,0.32768996228837355,0.6775595693657565,0.6775595693657565,0.6775595693657565,0.5238986308332979,0.2692305404057016,2.5905864105881194e-06,0.0,0.0,0.0,0.0,0.9611187178746833,0.0013339828632097663,0.023165683717537744,0.6998670358156008,0.0,0.20455503458981614,0.20455503458981614,0.20455503458981614,0.0,0.49806595160699624,0.49806595160699624,0.49806595160699624
2,1261,26,0.3450592972309581,0.3696682444824845,0.002234981951157116,0.0,0.14763551638661637,0.3070601723928999,0.48076925922554414,0.19304832854232615,0.3794205519234515,0.42338710036523064,0.1372549086809158,0.4392157047986984,0.15622102395680182,0.3640925330574482,0.2203610658345314,0.002234981951157116,0.0,0.04511476158154107,0.6433648861578785,0.48148240191327996,0.3063673221910144,0.010828971132947623,0.3922515650597139,0.8412713636397006,0.645044180132755,0.012168429430762401,0.012646896698041366,0.0,0.0,0.0,0.0,0.0,0.0,0.0,0.0,0.0,0.0,0.0,0.0,0.0,0.0,0.0,0.0,0.0,0.0,0.0,0.0,0.0,0.0,0.0,0.0,0.012168429430762401,0.0,0.0,0.0,8.793161426241942e-05,8.793161426241942e-05,8.793161426241942e-05,0.0,0.1662161713639228,0.7182950726506198,0.5690324453741797,0.7438746207971785,0.00019702002321436216,0.7988203233898092,0.7988203233898092,0.7988203233898092,0.0,1.58108888839864e-06,1.58108888839864e-06,1.58108888839864e-06,0.0,0.626359286646368,0.25280370061587276,0.603986900283787,0.603986900283787,0.603986900283787,0.6001688458791864,0.14799681928734715,4.585562709251844e-06,0.0,0.0,0.0,0.0,0.9549434220114971,0.0022463622878711054,0.02806416902432221,0.6218378139464714,0.0,0.1917110443189267,0.1917110443189267,0.1917110443189267,0.0,0.4255376679518245,0.4255376679518245,0.4255376679518245
1,1263,11,0.0,0.004739336236845804,0.010648886432783255,0.0,0.27681662390376705,0.2711240117597989,0.6009615603307423,0.27117317157846327,0.0,0.02419354886590172,0.0,0.6745098233222961,0.27087953782708646,0.0,0.7635285953848419,0.010648886432783255,0.0,0.07129849277968074,0.9993739890543487,0.9760439166025687,1.0000000000000002,0.9959286129733371,0.9778048400270181,0.7754452501979877,0.001110336722125245,0.9960510002602053,0.8263852159362874,0.0,0.0,0.0,0.0,0.0,0.0,0.0,0.0,0.0,0.0,0.0,0.0,0.0,0.0,0.0,0.0,0.0,0.0,0.0,0.0,0.0,0.0,0.0,0.0,0.9960510002602053,0.0,0.0,0.0,0.8093675431628738,0.8093675431628738,0.8093675431628738,0.0,0.949482471109798,0.31117644236166725,0.21498832655383654,0.001336788736314671,0.8789314339614146,0.1353384708531866,0.1353384708531866,0.1353384708531866,0.0,0.49603066367886806,0.49603066367886806,0.49603066367886806,0.0,0.0,0.4648058252427184,0.14285714275774888,0.14285714275774888,0.14285714275774888,0.24011130530177477,0.00010022886170810227,0.9921825199758353,0.0,0.0,0.0,0.0,0.008915715697297474,0.9925648800023281,0.9946502904714787,0.008433183704768345,0.0,0.9985063419081509,0.9985063419081509,0.9985063419081509,0.0,0.000621299796126823,0.000621299796126823,0.000621299796126823
1,1263,11,0.003952568936216852,0.0521326986053037,0.01780032655147699,0.0,0.35986160187123856,0.29425909907772313,1.0,0.35257795598961156,0.02407793001438807,0.04032258399679595,0.0,1.0,0.3622338955881206,0.033637901311533755,0.7644824255489941,0.01780032655147699,0.0,0.11791559193484809,0.9993061978790594,0.9765153483256499,1.0000000000000002,0.9950791318455935,0.9782389294207345,0.7310340385699743,0.0007509717741501585,0.9951479344282368,0.8769531527739828,0.0,0.0,0.0,0.0,0.0,0.0,0.0,0.0,0.0,0.0,0.0,0.0,0.0,0.0,0.0,0.0,0.0,0.0,0.0,0.0,0.0,0.0,0.0,0.0,0.9951479344282368,0.0,0.0,0.0,0.8574619136774059,0.8574619136774059,0.8574619136774059,0.0,0.9275218186803698,0.3275977187383726,0.2818015157576445,0.0009339297226816836,0.7679305851517993,0.09950521379742698,0.09950521379742698,0.09950521379742698,0.0,0.24755844752849387,0.24755844752849387,0.24755844752849387,0.0,0.19834710743801653,0.5986043689320387,0.8571428571424479,0.8571428571424479,0.8571428571424479,0.1947970494266581,0.0003002607307891986,0.7427888886156928,0.0,0.0,0.0,0.0,0.005793466987904207,0.9931257176264401,0.9964079778218005,0.0060974204745359445,0.0,0.9989685071006905,0.9989685071006905,0.9989685071006905,0.0,0.0007320552688157567,0.0007320552688157567,0.0007320552688157567
1,1263,11,0.0,0.018957344947383187,0.012704103429632711,0.0,0.3137255030004211,0.28394831661906966,0.6682692489496532,0.30118431960322284,0.007602231661824069,0.028225806691015397,0.0,0.729411780834198,0.31484114084182113,0.010590602674177177,0.7524056253981539,0.012704103429632711,0.0,0.08467134568360782,0.9993435904677141,0.9762662922777925,1.0000000000000002,0.9955459638166958,0.9780103976312375,0.7589213971977541,0.0009771487082856313,0.9956224266450338,0.8445247393683198,0.0,0.0,0.0,0.0,0.0,0.0,0.0,0.0,0.0,0.0,0.0,0.0,0.0,0.0,0.0,0.0,0.0,0.0,0.0,0.0,0.0,0.0,0.0,0.0,0.9956224266450338,0.0,0.0,0.0,0.8257220735342578,0.8257220735342578,0.8257220735342578,0.0,0.9372582966236196,0.31725293170924646,0.23906635133095283,0.0012288422419507727,0.8407240867188294,0.1222381551937944,0.1222381551937944,0.1222381551937944,0.0,0.9912692166364584,0.9912692166364584,0.9912692166364584,0.0,0.0,0.9999999999999999,2.3554288420634556e-12,2.3554288420634556e-12,2.3554288420634556e-12,0.0,4.3696154697934824e-07,0.0,0.0,0.0,0.0,0.0,0.007998660373106134,0.992647620846761,0.9952633918490232,0.007884898080516546,0.0,0.9986347705050306,0.9986347705050306,0.9986347705050306,0.0,0.0005949605787266277,0.0005949605787266277,0.0005949605787266277
1,1263,14,0.011857707747335286,0.40284363415742985,0.08402306538909353,0.0,0.7381776432908045,0.20500945680506838,1.0,0.8074197366576581,0.13472276738964079,0.06048387312236423,0.0,1.0,0.7557499876400096,0.21019405039308975,0.7827411650921818,0.08402306538909353,0.0,0.6389496568629836,0.9956649130145012,0.9833376086387213,1.0000000000000002,0.9817323292619464,0.9831727679399038,0.867072337134825,0.001972690542663703,0.9819539895611711,0.7309118961711261,0.0,0.0,0.0,0.0,0.0,0.0,0.0,0.0,0.0,0.0,0.0,0.0,0.0,0.0,0.0,0.0,0.0,0.0,0.0,0.0,0.0,0.0,0.0,0.0,0.9819539895611711,0.0,0.0,0.0,0.6798027076015757,0.6798027076015757,0.6798027076015757,0.0,0.9939622121024647,0.2443963594585255,0.06520319794612472,0.002611815237187483,0.8997715751098347,0.16872357116425085,0.16872357116425085,0.16872357116425085,0.0,0.12050554818293217,0.12050554818293217,0.12050554818293217,0.0,0.6942148760330579,0.7658525485436892,1.0,1.0,1.0,0.13051596797228748,0.0007106968875780892,0.42183375531294287,0.0,0.0,0.0,0.0,0.016774288819848333,0.9741420627583807,0.9893063935360928,0.015661466693830138,0.0,0.9970348861254957,0.9970348861254957,0.9970348861254957,0.0,0.001673017550579553,0.001673017550579553,0.001673017550579553
1,1263,14,0.011857707747335286,0.2748815197455685,0.05127702684292887,0.0,0.5536332478075341,0.20999548693292994,1.0,0.5952702831886315,0.09842647870867204,0.07258064659770516,0.0,1.0,0.5791125430973604,0.13877293752922348,0.752671649283563,0.05127702684292887,0.0,0.3427491860305053,0.9958228209266327,0.9825320902907804,1.0000000000000002,0.9832629258885114,0.9824540686882535,0.8722952900191263,0.002004190635869799,0.9835152220164387,0.7269925303560549,0.0,0.0,0.0,0.0,0.0,0.0,0.0,0.0,0.0,0.0,0.0,0.0,0.0,0.0,0.0,0.0,0.0,0.0,0.0,0.0,0.0,0.0,0.0,0.0,0.9835152220164387,0.0,0.0,0.0,0.6803728118944815,0.6803728118944815,0.6803728118944815,0.0,0.9736770343287677,0.2611564309215605,0.08083427323030112,0.0026477203112106797,0.9243265107879642,0.1869622673140984,0.1869622673140984,0.1869622673140984,0.0,0.0966960350030589,0.0966960350030589,0.0966960350030589,0.0,0.5553719008264463,0.48621359223300964,0.8412698412258774,0.8412698412258774,0.8412698412258774,0.3257781326356129,0.0009116247775078216,0.3481552422930322,0.0,0.0,0.0,0.0,0.016638702332827708,0.9758790866990436,0.9895364128350224,0.016725029768477104,0.0,0.9970445310747414,0.9970445310747414,0.9970445310747414,0.0,0.0018754334550286633,0.0018754334550286633,0.0018754334550286633
1,1263,14,0.011857707747335286,0.3649289082456386,0.07423308011234725,0.0,0.6920415444199868,0.18368415003096064,1.0,0.741087741771476,0.13021951862641584,0.07661290442281884,0.0,1.0,0.7181276271725934,0.19061698421327483,0.7436982265058417,0.07423308011234725,0.0,0.5219390786759496,0.9954278854142087,0.9832790020954361,1.0000000000000002,0.9820001836715953,0.9829948785344247,0.8550783271544158,0.0018706553558407325,0.9821070515665895,0.7416569572354939,0.0,0.0,0.0,0.0,0.0,0.0,0.0,0.0,0.0,0.0,0.0,0.0,0.0,0.0,0.0,0.0,0.0,0.0,0.0,0.0,0.0,0.0,0.0,0.0,0.9821070515665895,0.0,0.0,0.0,0.6894901915116792,0.6894901915116792,0.6894901915116792,0.0,0.9964709313626905,0.24367295350826418,0.07114025333939805,0.0025991763652736047,0.8843704887349227,0.1576014152304171,0.1576014152304171,0.1576014152304171,0.0,0.1205205688393724,0.1205205688393724,0.1205205688393724,0.0,0.1652892561983471,0.23065837378640774,0.5317460316370396,0.5317460316370396,0.5317460316370396,0.4575654826659911,0.0007105707037980163,0.4218750675799979,0.0,0.0,0.0,0.0,0.01664114864363881,0.9744222922768905,0.9894630478257702,0.01565536707394708,0.0,0.9970533562932739,0.9970533562932739,0.9970533562932739,0.0,0.0014191043241031653,0.0014191043241031653,0.0014191043241031653
1,1263,17,0.35573123335874346,0.32227488211402644,0.0008570468435521192,0.0,0.10149941751579868,0.1596493295775995,0.3798076897606766,0.11663988117456446,0.34921729487495623,0.37701613537642364,0.3294117748737335,0.1647058725357055,0.10877324952466652,0.33015624390903076,0.6033685651610564,0.0008570468435521192,0.0,0.013952736772168826,0.6769848871210957,0.1927662076057895,0.12595211483196794,0.00480607340741421,0.1590127508357616,0.4129470248648134,0.7236210769452525,0.005586763197771417,0.03996745992074374,0.0,0.0,0.0,0.0,0.0,0.0,0.0,0.0,0.0,0.0,0.0,0.0,0.0,0.0,0.0,0.0,0.0,0.0,0.0,0.0,0.0,0.0,0.0,0.0,0.005586763197771417,0.0,0.0,0.0,4.9965773167300216e-05,4.9965773167300216e-05,4.9965773167300216e-05,0.0,0.13489795116094444,0.3641167173110818,0.6276093698156004,0.7943848763733672,8.420269788133098e-05,0.8277679918940672,0.8277679918940672,0.8277679918940672,0.0,4.321416024464472e-07,4.321416024464472e-07,4.321416024464472e-07,0.0,0.06102987921169742,0.04995116906991433,0.27186569791800386,0.27186569791800386,0.27186569791800386,0.8006941613204991,0.20907977389289478,8.885667880118515e-07,0.0,0.0,0.0,0.0,0.9415538056531454,0.0010223895145642801,0.03265359895122552,0.5628311107330649,0.0,0.15003589016050908,0.15003589016050908,0.15003589016050908,0.0,0.47615631707887013,0.47615631707887013,0.47615631707887013
1,1263,17,0.28458499250684055,0.2227488211402647,0.00027239920200773204,0.0,0.08073817302393067,0.19433168853452434,0.2836538488765181,0.09892819296416341,0.26880035051629764,0.3024193656118211,0.2549019753932953,0.1607843041419983,0.08719631483538548,0.24720434563730637,0.6526595250130433,0.00027239920200773204,0.0,0.01128267740475349,0.5891666602898171,0.16115029731245378,0.09446553182624605,0.002869868674809441,0.12265644814171202,0.23516622592189684,0.7106150029893784,0.003229608314328134,0.07265400110980051,0.0,0.0,0.0,0.0,0.0,0.0,0.0,0.0,0.0,0.0,0.0,0.0,0.0,0.0,0.0,0.0,0.0,0.0,0.0,0.0,0.0,0.0,0.0,0.0,0.003229608314328134,0.0,0.0,0.0,4.2054783727101555e-05,4.2054783727101555e-05,4.2054783727101555e-05,0.0,0.12572119673082505,0.211365798475953,0.6562206591244657,0.8156493343349465,6.978950763412853e-05,0.8441522474929836,0.8441522474929836,0.8441522474929836,0.0,3.1063543305530404e-07,3.1063543305530404e-07,3.1063543305530404e-07,0.0,0.15426997245179064,0.12287621359223294,0.44053011858402724,0.44053011858402724,0.44053011858402724,0.6606972710879256,0.31193158470446963,9.002604890397574e-07,0.0,0.0,0.0,0.0,0.874714745598611,0.0006241669017589556,0.050705695409224816,0.41107903603131885,0.0,0.1256873054423113,0.1256873054423113,0.1256873054423113,0.0,0.5280590820460676,0.5280590820460676,0.5280590820460676
1,1263,17,0.0,0.3270142183508723,0.0624843110781798,0.0,0.8212226278323179,0.09483259214259797,0.9807692318231682,0.6952322883522077,0.11764808180976764,0.11693549033483466,0.0,0.9843137264251708,0.7528702474609925,0.16626946009083077,0.6108210706195655,0.0624843110781798,0.0,0.42195666522261305,0.9945515567502208,0.9864963039992765,1.0000000000000002,0.9756099427556862,0.9857393329909765,0.968942322661061,0.0028752990199577347,0.9758162031438935,0.6483660771735491,0.0,0.0,0.0,0.0,0.0,0.0,0.0,0.0,0.0,0.0,0.0,0.0,0.0,0.0,0.0,0.0,0.0,0.0,0.0,0.0,0.0,0.0,0.0,0.0,0.9758162031438935,0.0,0.0,0.0,0.5941702009307471,0.5941702009307471,0.5941702009307471,0.0,1.0,0.23061954235836607,0.0,0.003917733600127276,0.9363565960732364,0.2122296240605029,0.2122296240605029,0.2122296240605029,0.0,0.11897096301632466,0.11897096301632466,0.11897096301632466,0.0,0.1322314049586777,0.19720873786407767,0.5017460316305086,0.5017460316305086,0.5017460316305086,0.5175933089914347,0.0007157894576086604,0.41644501067087114,0.0,0.0,0.0,0.0,0.024107448003166727,0.9637533366086213,0.9840255285206019,0.023113971276797818,0.0,0.9955323083072128,0.9955323083072128,0.9955323083072128,0.0,0.0018796366998567182,0.0018796366998567182,0.0018796366998567182
1,1263,19,0.6090909322081559,0.738862573349797,0.0025735717235754324,0.0,0.18915800537035213,0.15997538344925835,0.8846153909390098,0.22941645351633588,0.6806951200402921,0.7016129209415898,0.5568627715110779,0.3490195870399475,0.1941893699242286,0.6739667434179974,0.5067102406362356,0.0025735717235754324,0.0,0.058967340203932496,0.7286036936244578,0.1775049267090587,0.10719946300811543,0.004147916857991245,0.1523995109942231,0.34954625616581664,0.7151436068641688,0.004790840769595763,0.04947454110656761,0.0,0.0,0.0,0.0,0.0,0.0,0.0,0.0,0.0,0.0,0.0,0.0,0.0,0.0,0.0,0.0,0.0,0.0,0.0,0.0,0.0,0.0,0.0,0.0,0.004790840769595763,0.0,0.0,0.0,5.6798099401569896e-05,5.6798099401569896e-05,5.6798099401569896e-05,0.0,0.12801132159924272,0.3253304629611014,0.6676265547799773,0.8002809619676693,0.00011709033629881454,0.8538851863488086,0.8538851863488086,0.8538851863488086,0.0,3.383530011079917e-07,3.383530011079917e-07,3.383530011079917e-07,0.0,0.32668935342732136,0.14813383948667988,0.49131235769168563,0.49131235769168563,0.49131235769168563,0.7038846509225141,0.3138522302215304,1.0161074148395275e-06,0.0,0.0,0.0,0.0,0.9546275492248913,0.0008322354520838879,0.024595087841563446,0.6519006651055048,0.0,0.15102742358080287,0.15102742358080287,0.15102742358080287,0.0,0.5628719456634185,0.5628719456634185,0.5628719456634185
1,1263,19,0.5664031876970141,0.752132714812965,0.0021819540949929543,0.0,0.22837368941054703,0.17402082961875895,0.8750000068505939,0.28347478286921635,0.6627130033776787,0.6854838896411352,0.450980395078659,0.4470588266849518,0.22967292156380667,0.6575548788151006,0.49619123046891844,0.0021819540949929543,0.0,0.09493892738042611,0.8848070429106631,0.1981125128323561,0.12337020384363633,0.003612208038693483,0.19045577414939208,0.32810173643171797,0.766973388028973,0.004209205149005862,0.0485323124538576,0.0,0.0,0.0,0.0,0.0,0.0,0.0,0.0,0.0,0.0,0.0,0.0,0.0,0.0,0.0,0.0,0.0,0.0,0.0,0.0,0.0,0.0,0.0,0.0,0.004209205149005862,0.0,0.0,0.0,3.440150234241521e-05,3.440150234241521e-05,3.440150234241521e-05,0.0,0.0970704211449877,0.33465647589284897,0.7439484873805522,0.8549584627561532,6.670964944363464e-05,0.8872319050801182,0.8872319050801182,0.8872319050801182,0.0,1.2607485997085822e-07,1.2607485997085822e-07,1.2607485997085822e-07,0.0,0.1670291431056981,0.05710943172955382,0.3183100416761669,0.3183100416761669,0.3183100416761669,0.8227095701008699,0.3932517723587309,3.1252104239635686e-07,0.0,0.0,0.0,0.0,0.8797433422208132,0.0008562432526837899,0.05765613562665209,0.42164730722270016,0.0,0.09909971163896716,0.09909971163896716,0.09909971163896716,0.0,0.5817397866771398,0.5817397866771398,0.5817397866771398
1,1263,19,0.30830040612414156,0.26066351103503105,0.0004759843354712821,0.0,0.10149941751579868,0.16626755637388024,0.2836538488765181,0.10301859570503644,0.2945412323973889,0.3306451703876167,0.2431372553110122,0.1725490242242813,0.0997983829407762,0.27366544361203426,0.47880420913866995,0.0004759843354712821,0.0,0.011328824027959504,0.8734720461446599,0.1590900846361058,0.1047416281075285,0.0035969020724278327,0.15258685755666218,0.3685617452887899,0.8517073966409321,0.004392879555507935,0.03640290082979687,0.0,0.0,0.0,0.0,0.0,0.0,0.0,0.0,0.0,0.0,0.0,0.0,0.0,0.0,0.0,0.0,0.0,0.0,0.0,0.0,0.0,0.0,0.0,0.0,0.004392879555507935,0.0,0.0,0.0,3.236321996202913e-05,3.236321996202913e-05,3.236321996202913e-05,0.0,0.07569761292175792,0.3880222983562394,0.7971637510225666,0.8819059897439953,7.247852976314929e-05,0.9102754165247208,0.9102754165247208,0.9102754165247208,0.0,5.257057328837337e-07,5.257057328837337e-07,5.257057328837337e-07,0.0,0.203432930705658,0.13862239329005574,0.47035772921629254,0.47035772921629254,0.47035772921629254,0.6740861856517476,0.2591287884600574,1.57831034525103e-06,0.0,0.0,0.0,0.0,0.8205789339711176,0.0010441813084972485,0.0933438323123795,0.32525447849186,0.0,0.07557538913204065,0.07557538913204065,0.07557538913204065,0.0,0.5970704753472001,0.5970704753472001,0.5970704753472001
1,1263,21,0.3043478371879247,0.27962085598241426,0.0004733409518173807,0.0,0.1291810768382892,0.12951762644259301,0.350961537495429,0.13890988255248213,0.3063762523725051,0.3467742016880713,0.2666666805744171,0.2039215564727783,0.13394254214207554,0.28664009837113,0.48164329444660114,0.0004733409518173807,0.0,0.018679557047387153,0.5365963973229015,0.15745332554743974,0.0957111953433429,0.0034974132917011047,0.11391428425926127,0.30750146963731445,0.7467308153974773,0.0040561431435874665,0.053742817980927934,0.0,0.0,0.0,0.0,0.0,0.0,0.0,0.0,0.0,0.0,0.0,0.0,0.0,0.0,0.0,0.0,0.0,0.0,0.0,0.0,0.0,0.0,0.0,0.0,0.0040561431435874665,0.0,0.0,0.0,4.2155537700979545e-05,4.2155537700979545e-05,4.2155537700979545e-05,0.0,0.11763286368611825,0.28981484046509504,0.6906377323908222,0.8249591576086572,7.666874708965127e-05,0.86664544152543,0.86664544152543,0.86664544152543,0.0,4.548868841555307e-07,4.548868841555307e-07,4.548868841555307e-07,0.0,0.4628099173553719,0.23065837378640774,0.6004621883789293,0.6004621883789293,0.6004621883789293,0.6002782632544366,0.3420398415549165,1.5457388601278978e-06,0.0,0.0,0.0,0.0,0.92156682370903,0.0007456176565699221,0.03760948772706951,0.5356817342081764,0.0,0.12650569217788574,0.12650569217788574,0.12650569217788574,0.0,0.6139509089573543,0.6139509089573543,0.6139509089573543
1,1263,21,0.5335968655264145,0.8009478780524766,0.0025545085010653702,0.0,0.22376007952346536,0.16948150233423032,0.932692311381089,0.3512526774548421,0.664266959697269,0.6895161474662488,0.3882353007793426,0.5568627417087555,0.2863959453989213,0.6623867854806893,0.46069623925884684,0.0025545085010653702,0.0,0.15195052146930607,0.7412410445940987,0.1802334296507625,0.11335306273401687,0.004147916857991245,0.15628662879739708,0.38961544130884807,0.7864595104163079,0.004913290373930479,0.038146597460995094,0.0,0.0,0.0,0.0,0.0,0.0,0.0,0.0,0.0,0.0,0.0,0.0,0.0,0.0,0.0,0.0,0.0,0.0,0.0,0.0,0.0,0.0,0.0,0.0,0.004913290373930479,0.0,0.0,0.0,4.0686014695732515e-05,4.0686014695732515e-05,4.0686014695732515e-05,0.0,0.10388352250318417,0.3891804268670783,0.7429974345436918,0.843234674643118,8.245270142302603e-05,0.8904788117170634,0.8904788117170634,0.8904788117170634,0.0,4.85167558722609e-07,4.85167558722609e-07,4.85167558722609e-07,0.0,0.7000486144871172,0.3259146034198945,0.6928996253563435,0.6928996253563435,0.6928996253563435,0.5122504552545064,0.30687552642024035,1.5850220938031935e-06,0.0,0.0,0.0,0.0,0.8716365410655867,0.0010262841248613284,0.0618291517910782,0.4094755454675222,0.0,0.10633894154324405,0.10633894154324405,0.10633894154324405,0.0,0.6110229037420282,0.6110229037420282,0.6110229037420282
1,1263,21,0.41106719846577905,0.3886255894298676,0.0008666794960770028,0.0,0.0922721977416351,0.16338450898234252,0.4519231069602967,0.10765311666492042,0.4147313805120307,0.4475806473159126,0.3764705955982208,0.1764706075191497,0.09603173134264786,0.3974396072104785,0.45344650557584376,0.0008666794960770028,0.0,0.012710184303517872,0.6029062259573252,0.14474810976763913,0.08624311451651072,0.0037346557688186857,0.11101993425270106,0.2581069857638217,0.6074954831878189,0.004117367945754825,0.07869338752486298,0.0,0.0,0.0,0.0,0.0,0.0,0.0,0.0,0.0,0.0,0.0,0.0,0.0,0.0,0.0,0.0,0.0,0.0,0.0,0.0,0.0,0.0,0.0,0.0,0.004117367945754825,0.0,0.0,0.0,9.655556990444671e-05,9.655556990444671e-05,9.655556990444671e-05,0.0,0.17513828764985218,0.19435812830388516,0.5337701617102366,0.7101215021846501,0.00019705171049982887,0.7750743726293838,0.7750743726293838,0.7750743726293838,0.0,8.729902170312965e-07,8.729902170312965e-07,8.729902170312965e-07,0.0,0.0881542699724518,0.12783171521035588,0.41401229632686143,0.41401229632686143,0.41401229632686143,0.6342790248375364,0.1898545114002809,2.46000871775815e-06,0.0,0.0,0.0,0.0,0.9775566150603924,0.0006706020665138711,0.015464480178491169,0.7952337453806244,0.0,0.22887598173807042,0.22887598173807042,0.22887598173807042,0.0,0.4061906367694065,0.4061906367694065,0.4061906367694065
1,1263,23,0.24901187208088915,0.19431280371919,0.00024343936845042352,0.0,0.08304497796747153,0.17887492233771726,0.24038462047864687,0.10725483739537373,0.22768658720189222,0.2540322717104573,0.2274509817361831,0.1529411822557449,0.09373970470921392,0.20514800997031257,0.727041544898517,0.00024343936845042352,0.0,0.012499292647746145,0.652379023482099,0.13520430406850886,0.08450113168608443,0.0035815961061621817,0.10828190313242748,0.26017112471289666,0.6349569408186857,0.00394899973979459,0.07483721948587564,0.0,0.0,0.0,0.0,0.0,0.0,0.0,0.0,0.0,0.0,0.0,0.0,0.0,0.0,0.0,0.0,0.0,0.0,0.0,0.0,0.0,0.0,0.0,0.0,0.00394899973979459,0.0,0.0,0.0,8.017178721019356e-05,8.017178721019356e-05,8.017178721019356e-05,0.0,0.15729453509759428,0.23028949559220102,0.627743716490728,0.7519928407579785,0.000170744184807729,0.837680932669536,0.837680932669536,0.837680932669536,0.0,7.309992918097304e-07,7.309992918097304e-07,7.309992918097304e-07,0.0,0.14425244177310292,0.13307389874027112,0.4546854765695443,0.4546854765695443,0.4546854765695443,0.6560222376973966,0.24066523936485906,2.305879527116099e-06,0.0,0.0,0.0,0.0,0.9494627056539591,0.0006765208396357045,0.024972637334310627,0.716116537926854,0.0,0.19100838154450603,0.19100838154450603,0.19100838154450603,0.0,0.46455469700217406,0.46455469700217406,0.46455469700217406
1,1263,23,0.29644269931549105,0.23222749361395637,0.00036971105610332,0.0,0.08304497796747153,0.24105185373776986,0.3221153852301816,0.10310132619960106,0.2793096428191365,0.3145161390871621,0.2588235437870025,0.1882352828979492,0.0886309939752135,0.25814789574263447,0.6415428055306743,0.00036971105610332,0.0,0.01250220385555287,0.9224293131440404,0.11957832515684104,0.08390586033500756,0.0033060887133804758,0.12024297051433379,0.303034232129104,0.7753106624587864,0.0038724687370853927,0.052133432082907424,0.0,0.0,0.0,0.0,0.0,0.0,0.0,0.0,0.0,0.0,0.0,0.0,0.0,0.0,0.0,0.0,0.0,0.0,0.0,0.0,0.0,0.0,0.0,0.0,0.0038724687370853927,0.0,0.0,0.0,3.170538222578559e-05,3.170538222578559e-05,3.170538222578559e-05,0.0,0.10710986750923368,0.27840146007327904,0.6779162928490279,0.8425324406730451,4.5287481226130215e-05,0.8459196048201555,0.8459196048201555,0.8459196048201555,0.0,4.196015849644715e-07,4.196015849644715e-07,4.196015849644715e-07,0.0,0.0,0.048543689320388356,0.16330065724935164,0.16330065724935164,0.16330065724935164,0.7611348298050435,0.20026294713928372,7.570751202654964e-07,0.0,0.0,0.0,0.0,0.8301105779380346,0.0008734783798655637,0.08162426121389674,0.3414649566974352,0.0,0.10278223262993483,0.10278223262993483,0.10278223262993483,0.0,0.47701768138882633,0.47701768138882633,0.47701768138882633
1,1263,23,0.5422925171860915,0.5630331989628178,0.0006221838761027816,0.0,0.08304497796747153,0.294539298354971,0.6730769409938612,0.12944189756095945,0.5515714579908045,0.5685484127128392,0.5176470875740051,0.2156862616539001,0.09385707308640935,0.539000501046247,0.836378781988078,0.0006221838761027816,0.0,0.02246793078503399,0.46830823506583985,0.09197893484378263,0.055156061519768526,0.001262742216916154,0.05800585592011784,0.13956200416212786,0.9256351091810459,0.0015918448563513078,0.08317190362484177,0.0,0.0,0.0,0.0,0.0,0.0,0.0,0.0,0.0,0.0,0.0,0.0,0.0,0.0,0.0,0.0,0.0,0.0,0.0,0.0,0.0,0.0,0.0,0.0,0.0015918448563513078,0.0,0.0,0.0,1.3434358468481482e-05,1.3434358468481482e-05,1.3434358468481482e-05,0.0,0.03775527390822381,0.15289938508373957,0.8653474862767365,0.9310089175199465,2.1477718353798095e-05,0.9340775355824664,0.9340775355824664,0.9340775355824664,0.0,1.6982396402346636e-07,1.6982396402346636e-07,1.6982396402346636e-07,0.0,0.07212622088655146,0.0799967904998796,0.2879403305636124,0.2879403305636124,0.2879403305636124,0.6996788386613557,0.49995027958173655,5.850230999260377e-07,0.0,0.0,0.0,0.0,0.7381275559099344,0.0004068482967283191,0.11864839934411933,0.23660561894870277,0.0,0.03966368234765433,0.03966368234765433,0.03966368234765433,0.0,0.677082970945941,0.677082970945941,0.677082970945941
1,1263,23,0.18972332301867975,0.09004738850007002,7.984986051175308e-05,0.0,0.04613609887081743,0.23524142944600807,0.12019231937344874,0.072559125416113,0.14966917090897341,0.18548387336176675,0.1529411822557449,0.1294117718935012,0.057698294534292385,0.12414084837930654,0.75112291002756,7.984986051175308e-05,0.0,0.006424499829374736,0.6586482668434013,0.1726163576322282,0.10562545248632242,0.0033826185447087273,0.13995727498517413,0.32503146006009553,0.8066869758364014,0.004010224541961949,0.04593194383017339,0.0,0.0,0.0,0.0,0.0,0.0,0.0,0.0,0.0,0.0,0.0,0.0,0.0,0.0,0.0,0.0,0.0,0.0,0.0,0.0,0.0,0.0,0.0,0.0,0.004010224541961949,0.0,0.0,0.0,2.912913313173766e-05,2.912913313173766e-05,2.912913313173766e-05,0.0,0.08383876179226452,0.3428801951125659,0.784985882834401,0.8749154057845522,5.6845904093639155e-05,0.905140539293072,0.905140539293072,0.905140539293072,0.0,2.56263357255465e-07,2.56263357255465e-07,2.56263357255465e-07,0.0,0.203432930705658,0.13862239329005574,0.46243057594852016,0.46243057594852016,0.46243057594852016,0.6740861856517476,0.28065937228867743,5.871744348445835e-07,0.0,0.0,0.0,0.0,0.8449971460059923,0.00086581203007154,0.07123549894771772,0.36161552955897786,0.0,0.08228528696578957,0.08228528696578957,0.08228528696578957,0.0,0.6065496394428933,0.6065496394428933,0.6065496394428933
1,1263,25,0.5849802616972333,0.7819905331050935,0.0013347939326807418,0.0,0.34140713164405034,0.11531107725493078,0.8701923148063861,0.3462657664703992,0.6582139724276448,0.6411290535648849,0.5215686559677124,0.3725489974021911,0.33998641609394076,0.6539669145113916,0.6122074497574594,0.0013347939326807418,0.0,0.11270874692551532,0.8203388777538376,0.11182509945447609,0.0734784018138485,0.0021581412434567,0.10380126509399955,0.1887168073967983,0.7602725135522888,0.002479604487777999,0.08085198889187102,0.0,0.0,0.0,0.0,0.0,0.0,0.0,0.0,0.0,0.0,0.0,0.0,0.0,0.0,0.0,0.0,0.0,0.0,0.0,0.0,0.0,0.0,0.0,0.0,0.002479604487777999,0.0,0.0,0.0,3.600740163072138e-05,3.600740163072138e-05,3.600740163072138e-05,0.0,0.11198771723137685,0.17412907480597983,0.7022354098666939,0.8382253001863683,5.7794697985391235e-05,0.8732781548907512,0.8732781548907512,0.8732781548907512,0.0,3.3414689440394326e-07,3.3414689440394326e-07,3.3414689440394326e-07,0.0,0.0,0.08252427184466013,0.1716622220963578,0.1716622220963578,0.1716622220963578,0.6740776547806134,0.22629122860656714,6.287644433749915e-07,0.0,0.0,0.0,0.0,0.8322685571480541,0.0005241550516249154,0.07264978494869836,0.3462057902886862,0.0,0.10602473450330266,0.10602473450330266,0.10602473450330266,0.0,0.4794727083985901,0.4794727083985901,0.4794727083985901
1,1263,25,0.29644269931549105,0.2559241747981853,0.0002470906504467162,0.0,0.10149941751579868,0.15782201978365398,0.2932692329649339,0.1148952591103511,0.28577981129744867,0.32258065473738934,0.2627451121807098,0.1607843041419983,0.10260543472153846,0.2650325131543923,0.5230969950836176,0.0002470906504467162,0.0,0.014547643347218149,0.4763069054514242,0.13246604249656324,0.07238094131483992,0.0024336486362384058,0.08870784874071601,0.188477126757976,0.6864476305378784,0.0026632788942800726,0.08910459944120068,0.0,0.0,0.0,0.0,0.0,0.0,0.0,0.0,0.0,0.0,0.0,0.0,0.0,0.0,0.0,0.0,0.0,0.0,0.0,0.0,0.0,0.0,0.0,0.0,0.0026632788942800726,0.0,0.0,0.0,5.2974582430184686e-05,5.2974582430184686e-05,5.2974582430184686e-05,0.0,0.12654968901068514,0.16921223959158643,0.6704279373797519,0.803578329880319,0.00010590262518200621,0.8548584498388574,0.8548584498388574,0.8548584498388574,0.0,7.654150670613178e-07,7.654150670613178e-07,7.654150670613178e-07,0.0,0.0440771349862259,0.1674757281553398,0.4299364855748006,0.4299364855748006,0.4299364855748006,0.5406416184370384,0.18301735818987924,1.9462259239210973e-06,0.0,0.0,0.0,0.0,0.8693304881504145,0.000540798143111113,0.06345663785214437,0.40261368850835383,0.0,0.13383895005129634,0.13383895005129634,0.13383895005129634,0.0,0.45860366401566316,0.45860366401566316,0.45860366401566316
1,1263,25,0.185770754082463,0.09004738850007002,5.885557573494311e-05,0.0,0.0645905384191446,0.1973416867793155,0.12019231937344874,0.07866561462846151,0.1497387126260546,0.18548387336176675,0.1529411822557449,0.1294117718935012,0.06576557423134798,0.12433821733872073,0.6866287432379041,5.885557573494311e-05,0.0,0.007110008550246315,0.8184848707768102,0.15962507327251663,0.101583732225988,0.0030535402699972455,0.14696552671385116,0.27250409430336625,0.760281581221168,0.0035510385257067636,0.05929215387133509,0.0,0.0,0.0,0.0,0.0,0.0,0.0,0.0,0.0,0.0,0.0,0.0,0.0,0.0,0.0,0.0,0.0,0.0,0.0,0.0,0.0,0.0,0.0,0.0,0.0035510385257067636,0.0,0.0,0.0,4.314906674108647e-05,4.314906674108647e-05,4.314906674108647e-05,0.0,0.10454134317095559,0.24813739215934494,0.6771260621162387,0.8288476054559303,8.227575201455862e-05,0.8389549011455598,0.8389549011455598,0.8389549011455598,0.0,4.3735015516221e-07,4.3735015516221e-07,4.3735015516221e-07,0.0,0.3606311044327573,0.2923052234614458,0.6246622430575823,0.6246622430575823,0.6246622430575823,0.4920966123508891,0.2637644337753241,1.2453268986946222e-06,0.0,0.0,0.0,0.0,0.846279746899053,0.000746260889272836,0.06662276298525674,0.3915027974725856,0.0,0.11522239029860973,0.11522239029860973,0.11522239029860973,0.0,0.5692927302297637,0.5692927302297637,0.5692927302297637
1,1263,25,0.49367588923271066,0.5355450487891121,0.0007074959283117034,0.0,0.0922721977416351,0.2704724807029368,0.6105769444191581,0.14739068547046774,0.5304247791999138,0.5604838970626119,0.3921568691730499,0.2901960909366607,0.11381339503588181,0.517724784113494,0.24043691475698936,0.0007074959283117034,0.0,0.029398711810380732,0.21884061901117224,0.11389301007623721,0.06293777716189837,0.001706615238620014,0.05188994225438247,0.15864009879671517,0.8064468193413068,0.002005112270980974,0.08668860078878278,0.0,0.0,0.0,0.0,0.0,0.0,0.0,0.0,0.0,0.0,0.0,0.0,0.0,0.0,0.0,0.0,0.0,0.0,0.0,0.0,0.0,0.0,0.0,0.0,0.002005112270980974,0.0,0.0,0.0,2.996489332033406e-05,2.996489332033406e-05,2.996489332033406e-05,0.0,0.08480998789747157,0.14939005503744007,0.7388916543840844,0.8616120051429519,4.92375015403763e-05,0.8759237073022912,0.8759237073022912,0.8759237073022912,0.0,3.5207299082319606e-07,3.5207299082319606e-07,3.5207299082319606e-07,0.0,0.09917355371900827,0.1637591019417476,0.4457572889373949,0.4457572889373949,0.4457572889373949,0.5776211353168784,0.3058133293017046,1.049625611773577e-06,0.0,0.0,0.0,0.0,0.8117693083919416,0.00045067860752327326,0.08836627421967255,0.313503902769823,0.0,0.08821924401542672,0.08821924401542672,0.08821924401542672,0.0,0.5724960433135807,0.5724960433135807,0.5724960433135807
1,1263,27,0.3913043537846949,0.3729857798482765,0.0004221479921786626,0.0,0.10149941751579868,0.20164875369089583,0.3942308024298016,0.12457582374895494,0.3965576456736356,0.431451616015458,0.3333333432674408,0.1725490391254425,0.10298070259074574,0.3792239574890222,0.2756229811728962,0.0004221479921786626,0.0,0.018175809339242125,0.5127113679655375,0.09755924948963783,0.06823232995621938,0.0018749808675421681,0.06575272785962778,0.17471052257129419,0.804218135877118,0.0022193990785667273,0.08111028318492362,0.0,0.0,0.0,0.0,0.0,0.0,0.0,0.0,0.0,0.0,0.0,0.0,0.0,0.0,0.0,0.0,0.0,0.0,0.0,0.0,0.0,0.0,0.0,0.0,0.0022193990785667273,0.0,0.0,0.0,3.32063002919524e-05,3.32063002919524e-05,3.32063002919524e-05,0.0,0.09048401684443363,0.1699540383738637,0.7548028623086456,0.8578272002345194,6.0990127337335355e-05,0.8954512137853623,0.8954512137853623,0.8954512137853623,0.0,2.151476999363327e-07,2.151476999363327e-07,2.151476999363327e-07,0.0,0.18512396694214878,0.18650485436893205,0.4868096723712446,0.4868096723712446,0.4868096723712446,0.5575211856802677,0.35319655728507227,6.076138086319392e-07,0.0,0.0,0.0,0.0,0.8468813241525179,0.0004347080787104288,0.05969579175963077,0.3770571132175998,0.0,0.09452422295642207,0.09452422295642207,0.09452422295642207,0.0,0.6209945121977551,0.6209945121977551,0.6209945121977551
1,1263,27,0.2015810298273303,0.19905213995603574,0.00030317040289004377,0.0,0.22145330964148038,0.11125895846928154,0.29807692500914196,0.2164522816596993,0.21628561858161266,0.2620967873606846,0.1450980454683303,0.282352939248085,0.2249828971015137,0.19749991346606066,0.5068425500680681,0.00030317040289004377,0.0,0.041035037278497694,0.6184513657706936,0.15863226955958903,0.10562545248632242,0.0043468944194447,0.12389590083696446,0.3403094949989594,0.6694934329841904,0.004928596574472319,0.05516700233080184,0.0,0.0,0.0,0.0,0.0,0.0,0.0,0.0,0.0,0.0,0.0,0.0,0.0,0.0,0.0,0.0,0.0,0.0,0.0,0.0,0.0,0.0,0.0,0.0,0.004928596574472319,0.0,0.0,0.0,7.3435914438824e-05,7.3435914438824e-05,7.3435914438824e-05,0.0,0.1508438645329132,0.28938716689661076,0.5984876372519852,0.7617812230429656,0.00015248594892391509,0.8166877676668405,0.8166877676668405,0.8166877676668405,0.0,4.379316105182685e-07,4.379316105182685e-07,4.379316105182685e-07,0.0,0.28209366391184576,0.15320388349514566,0.4871188736151077,0.4871188736151077,0.4871188736151077,0.6578022717941675,0.27001051894619155,1.2736281775303775e-06,0.0,0.0,0.0,0.0,0.9707062404980719,0.0008338072736793895,0.01935850743928863,0.7051546815284027,0.0,0.18284543949705614,0.18284543949705614,0.18284543949705614,0.0,0.5023340700720428,0.5023340700720428,0.5023340700720428
1,1263,29,0.5533597102074986,0.6445497822365654,0.0008971959944397384,0.0,0.14994232133015717,0.13552012336957753,0.6923077091706928,0.1932256385030398,0.5997397607166641,0.6209677644393167,0.4980392158031463,0.250980406999588,0.17814220922452162,0.5896822131289166,0.4893720431953322,0.0008971959944397384,0.0,0.04015044152446171,0.7091662512551311,0.08930049667711674,0.055156061519768526,0.0016606973398230632,0.07473072421462472,0.1600996654449173,0.8297592685390665,0.001974499869897295,0.08385264324226381,0.0,0.0,0.0,0.0,0.0,0.0,0.0,0.0,0.0,0.0,0.0,0.0,0.0,0.0,0.0,0.0,0.0,0.0,0.0,0.0,0.0,0.0,0.0,0.0,0.001974499869897295,0.0,0.0,0.0,3.059706571247564e-05,3.059706571247564e-05,3.059706571247564e-05,0.0,0.07621403222134515,0.16443467999790023,0.807622285983542,0.8761204239586101,6.237445330933738e-05,0.9186253519283062,0.9186253519283062,0.9186253519283062,0.0,3.848655365391201e-07,3.848655365391201e-07,3.848655365391201e-07,0.0,0.29384756657483935,0.3128371089536137,0.6497078723357472,0.6497078723357472,0.6497078723357472,0.45140083776045054,0.34814947159762055,1.277356226974577e-06,0.0,0.0,0.0,0.0,0.8265220346644968,0.00043584820353096613,0.08487675464388592,0.35091889045807295,0.0,0.08086237434247834,0.08086237434247834,0.08086237434247834,0.0,0.6520832487807909,0.6520832487807909,0.6520832487807909
1,1263,29,0.5581027929309588,0.6161137648154906,0.0010358419597442212,0.0,0.13840829661245277,0.21834412123115987,0.7307692455243563,0.18165319619281414,0.5785441802905452,0.5846774440132938,0.5058823823928833,0.2745097875595093,0.15055623005683935,0.567772437554561,0.7442672952340235,0.0010358419597442212,0.0,0.038155418862449234,0.7880055943938826,0.07675936641947324,0.049389304651462976,0.002257630024183427,0.06966804231818573,0.1805747212160927,0.7075402759688006,0.002510216888861678,0.08934564483461581,0.0,0.0,0.0,0.0,0.0,0.0,0.0,0.0,0.0,0.0,0.0,0.0,0.0,0.0,0.0,0.0,0.0,0.0,0.0,0.0,0.0,0.0,0.0,0.0,0.002510216888861678,0.0,0.0,0.0,4.409309565697458e-05,4.409309565697458e-05,4.409309565697458e-05,0.0,0.1301207401644512,0.15251199832410783,0.6422552125438814,0.8058653712699794,7.022002729286698e-05,0.8332592867605889,0.8332592867605889,0.8332592867605889,0.0,3.397629022331917e-07,3.397629022331917e-07,3.397629022331917e-07,0.0,0.0,0.08252427184466013,0.17356286683199448,0.17356286683199448,0.17356286683199448,0.6740776547806134,0.22406077866131505,6.357952946409289e-07,0.0,0.0,0.0,0.0,0.8670223055361456,0.0004774691233626105,0.05196475971506312,0.4036385157157859,0.0,0.1322493959129182,0.1322493959129182,0.1322493959129182,0.0,0.4494874677847715,0.4494874677847715,0.4494874677847715
1,1263,29,0.5162055622070605,0.6180094993102291,0.0010439659403007216,0.0,0.17531717570910688,0.22642729015682816,0.7980769341432672,0.23469997501179624,0.5569136512225417,0.5685484127128392,0.3843137323856354,0.450980395078659,0.1794403108389052,0.5476430859676636,0.6229746963883249,0.0010439659403007216,0.0,0.06963316110055119,0.3616206799033499,0.14008739662163966,0.07491724850536562,0.002326506872378853,0.08267538581237745,0.2044223395093268,0.7601292650939198,0.0027245036964474306,0.07604215445265265,0.0,0.0,0.0,0.0,0.0,0.0,0.0,0.0,0.0,0.0,0.0,0.0,0.0,0.0,0.0,0.0,0.0,0.0,0.0,0.0,0.0,0.0,0.0,0.0,0.0027245036964474306,0.0,0.0,0.0,3.856186355064165e-05,3.856186355064165e-05,3.856186355064165e-05,0.0,0.12178103211150126,0.18137770461369807,0.6724527287769124,0.8255081057860144,6.170050158351502e-05,0.8556320717791635,0.8556320717791635,0.8556320717791635,0.0,1.3005055630283025e-07,1.3005055630283025e-07,1.3005055630283025e-07,0.0,0.47933884297520657,0.2390207827669903,0.6158353246018501,0.6158353246018501,0.6158353246018501,0.5702643500917148,0.47921089025563357,4.1191252050199267e-07,0.0,0.0,0.0,0.0,0.945778265532476,0.0004395604224291188,0.022086843948880996,0.548140664646506,0.0,0.12686002817149686,0.12686002817149686,0.12686002817149686,0.0,0.6786703237732165,0.6786703237732165,0.6786703237732165
1,1263,31,0.39328063825280324,0.400473966039007,0.0004757978028073984,0.0,0.13148788178183002,0.14219642679901742,0.4423077228718808,0.1519762840954058,0.40308933640176065,0.431451616015458,0.337254911661148,0.2078431546688079,0.1354382530712616,0.38643508108509866,0.45476212448113745,0.0004757978028073984,0.0,0.023817647045142807,0.6010406172631386,0.08188842374411516,0.05346801610337429,0.002188753175988,0.0603866976750744,0.16952424314661688,0.6918850028729608,0.002403073485068801,0.0952598555317191,0.0,0.0,0.0,0.0,0.0,0.0,0.0,0.0,0.0,0.0,0.0,0.0,0.0,0.0,0.0,0.0,0.0,0.0,0.0,0.0,0.0,0.0,0.0,0.0,0.002403073485068801,0.0,0.0,0.0,6.078714566703541e-05,6.078714566703541e-05,6.078714566703541e-05,0.0,0.10000713251100163,0.16417242991036674,0.7107731878796084,0.8225281013946479,0.00014821243839648263,0.8594039242010433,0.8594039242010433,0.8594039242010433,0.0,6.812919497857006e-07,6.812919497857006e-07,6.812919497857006e-07,0.0,0.0440771349862259,0.1674757281553398,0.12034726815637935,0.12034726815637935,0.12034726815637935,0.5406416184370384,0.19889993769727135,1.7904831217356186e-06,0.0,0.0,0.0,0.0,0.8785509722971202,0.0004474369337212178,0.048934682796655776,0.4492562952626725,0.0,0.1230846363247515,0.1230846363247515,0.1230846363247515,0.0,0.4640840392909567,0.4640840392909567,0.4640840392909567
1,1263,31,0.5003952864621932,0.6132701630733832,0.0011846773081189458,0.0,0.14763551638661637,0.25754180216592293,0.8028846261874751,0.24364376968137752,0.5382970720550015,0.5483871235872709,0.3686274588108063,0.4705882370471954,0.17475648304155972,0.5292133194387695,0.7267699985228131,0.0011846773081189458,0.0,0.07888106937320546,0.31590837446890574,0.13033833153323093,0.08450113168608443,0.0028162977928796644,0.07152212200885354,0.25880009562829864,0.7815629946725822,0.003336751718121011,0.06033232803967718,0.0,0.0,0.0,0.0,0.0,0.0,0.0,0.0,0.0,0.0,0.0,0.0,0.0,0.0,0.0,0.0,0.0,0.0,0.0,0.0,0.0,0.0,0.0,0.0,0.003336751718121011,0.0,0.0,0.0,3.4333549819285625e-05,3.4333549819285625e-05,3.4333549819285625e-05,0.0,0.10966797491792818,0.2431209308214629,0.7028738619856831,0.8406114923047228,5.431209544921006e-05,0.8721085616901939,0.8721085616901939,0.8721085616901939,0.0,3.3189046268683453e-07,3.3189046268683453e-07,3.3189046268683453e-07,0.0,0.22668240850059035,0.13713592233009703,0.45260289686047495,0.45260289686047495,0.45260289686047495,0.6464710208246425,0.3540213728448892,1.07614534271196e-06,0.0,0.0,0.0,0.0,0.9146913913823427,0.0006280298492944531,0.04507789520998601,0.4946657612739136,0.0,0.11319617046300098,0.11319617046300098,0.11319617046300098,0.0,0.5994248008912548,0.5994248008912548,0.5994248008912548
1,1263,31,0.6284585199956183,0.8000000108051075,0.0012679921443870018,0.0,0.19377161525743378,0.18555364064811578,0.9615384636463367,0.26767501528283943,0.6908767826595711,0.6854838896411352,0.5647059082984924,0.4039215445518493,0.2222432512377043,0.6856287155329298,0.6862935812655765,0.0012679921443870018,0.0,0.08080853438508585,0.4342032896851755,0.0725047230512446,0.04321967404343392,0.001775492086815441,0.04124214534170978,0.16890892943810992,0.8190750134789272,0.002112255674773851,0.08169005562215047,0.0,0.0,0.0,0.0,0.0,0.0,0.0,0.0,0.0,0.0,0.0,0.0,0.0,0.0,0.0,0.0,0.0,0.0,0.0,0.0,0.0,0.0,0.0,0.0,0.002112255674773851,0.0,0.0,0.0,3.2905417201712695e-05,3.2905417201712695e-05,3.2905417201712695e-05,0.0,0.07917159903720183,0.1647227158385044,0.7627079129204066,0.8665301132160563,6.586054600928859e-05,0.8919754442204197,0.8919754442204197,0.8919754442204197,0.0,3.0378117349981504e-07,3.0378117349981504e-07,3.0378117349981504e-07,0.0,0.03305785123966942,0.09685983009708737,0.1591651403650804,0.1591651403650804,0.1591651403650804,0.6603060895798804,0.2937150841549949,8.208921861185318e-07,0.0,0.0,0.0,0.0,0.8403963197748295,0.00043825913447082226,0.07150252743469934,0.37265253281091604,0.0,0.0884614608037145,0.0884614608037145,0.0884614608037145,0.0,0.5491755370881477,0.5491755370881477,0.5491755370881477
1,1263,33,0.3478260954863098,0.27014218350872277,0.00026260692798782105,0.0,0.055363318644981015,1.0,0.4519231069602967,0.07533959403148935,0.322309105447881,0.3548387173382986,0.2235294133424759,0.3294117897748947,0.05433157150294441,0.3022143559903187,0.5140357157657215,0.00026260692798782105,0.0,0.011298469965035836,0.5772210313873001,0.1163507977255548,0.0734784018138485,0.001997428597667371,0.0858814207921648,0.1600996654449173,0.7148813621899021,0.0022193990785667273,0.09615087406538013,0.0,0.0,0.0,0.0,0.0,0.0,0.0,0.0,0.0,0.0,0.0,0.0,0.0,0.0,0.0,0.0,0.0,0.0,0.0,0.0,0.0,0.0,0.0,0.0,0.0022193990785667273,0.0,0.0,0.0,4.225240283289473e-05,4.225240283289473e-05,4.225240283289473e-05,0.0,0.1102160339038546,0.1459170793361123,0.6807214988300385,0.831333565875491,8.065415139301744e-05,0.8539617842929778,0.8539617842929778,0.8539617842929778,0.0,2.0456237608847658e-07,2.0456237608847658e-07,2.0456237608847658e-07,0.0,0.2404207362885049,0.20384337639412659,0.5471506827961885,0.5471506827961885,0.5471506827961885,0.5772299207894747,0.3885261570972319,6.20272726228879e-07,0.0,0.0,0.0,0.0,0.8731815909342605,0.0004362583203728861,0.06035548747833255,0.40698937961059584,0.0,0.11440829965196395,0.11440829965196395,0.11440829965196395,0.0,0.5896810796069306,0.5896810796069306,0.5896810796069306
1,1263,33,0.2359683795724167,0.14360190598493996,0.0,0.0,0.03690887909665409,0.47823315132321725,0.16346154777132008,0.07377716921895863,0.21113170543778675,0.2540322717104573,0.1490196138620376,0.168627455830574,0.05125761301651714,0.18756284468546636,0.0662533142472998,0.0,0.0,0.008322319913143352,0.5045495451385047,0.07892146409448404,0.04086768499291141,0.001094376587994,0.0509921339470326,0.08840566748999665,0.7561760373964925,0.0012091898428053204,0.1289988611049368,0.0,0.0,0.0,0.0,0.0,0.0,0.0,0.0,0.0,0.0,0.0,0.0,0.0,0.0,0.0,0.0,0.0,0.0,0.0,0.0,0.0,0.0,0.0,0.0,0.0012091898428053204,0.0,0.0,0.0,2.912467892979643e-05,2.912467892979643e-05,2.912467892979643e-05,0.0,0.07421761182402387,0.08773470217097322,0.7753061140262176,0.8734154645184027,5.66950128568667e-05,0.8961497621476125,0.8961497621476125,0.8961497621476125,0.0,7.940411069687369e-08,7.940411069687369e-08,7.940411069687369e-08,0.0,0.03305785123966942,0.09685983009708737,0.32551527833300803,0.32551527833300803,0.32551527833300803,0.6603060895798804,0.4406223466507561,1.7781438397791965e-07,0.0,0.0,0.0,0.0,0.8481352239096726,0.00022696693751367804,0.0666111944238085,0.37586845982874717,0.0,0.08411410370715536,0.08411410370715536,0.08411410370715536,0.0,0.6115330900211386,0.6115330900211386,0.6115330900211386
1,1263,33,0.467193677360058,0.6018957561049533,0.001060303619391316,0.0,0.19838522514451568,0.17252400699997086,0.7211538614359404,0.2652143371742585,0.5196905298407992,0.5282258344617027,0.3568627536296844,0.4156862795352936,0.21968198027428326,0.5103414326959854,0.5731699007110822,0.001060303619391316,0.0,0.08105131992256963,0.7190826871024787,0.07974953289503005,0.0510618528869617,0.002908133590473567,0.06729760296091002,0.22456917707807567,0.6766354670534876,0.0031836897127026156,0.07918097128191894,0.0,0.0,0.0,0.0,0.0,0.0,0.0,0.0,0.0,0.0,0.0,0.0,0.0,0.0,0.0,0.0,0.0,0.0,0.0,0.0,0.0,0.0,0.0,0.0,0.0031836897127026156,0.0,0.0,0.0,5.3349213250053555e-05,5.3349213250053555e-05,5.3349213250053555e-05,0.0,0.14432075405897443,0.19066094042818327,0.624322850619635,0.7890111725269453,9.471816704908391e-05,0.8289751114219744,0.8289751114219744,0.8289751114219744,0.0,1.3194303394112388e-06,1.3194303394112388e-06,1.3194303394112388e-06,0.0,0.0,0.19720873786407767,0.2858869320348851,0.2858869320348851,0.2858869320348851,0.48022261060354954,0.10517418451468605,1.7728193550993705e-06,0.0,0.0,0.0,0.0,0.8528449709821692,0.0006590691220470919,0.06480422758849172,0.38630344386456683,0.0,0.1435003100707932,0.1435003100707932,0.1435003100707932,0.0,0.400266654943725,0.400266654943725,0.400266654943725
1,1263,35,0.5810276927610164,0.6900474101102851,0.001631497803933468,0.0,0.19377161525743378,0.24642239279395323,0.9134615432042574,0.23187552556733176,0.6166428624890543,0.6129032487890894,0.5215686559677124,0.4078431129455566,0.19001974180189823,0.6083465423559223,0.7979486224725979,0.001631497803933468,0.0,0.06131097612512786,0.5291464321345771,0.11497474506144005,0.0734784018138485,0.0030688462362628956,0.08046910915741805,0.2899455471625434,0.7975090287347443,0.003581650926790442,0.05272367834859594,0.0,0.0,0.0,0.0,0.0,0.0,0.0,0.0,0.0,0.0,0.0,0.0,0.0,0.0,0.0,0.0,0.0,0.0,0.0,0.0,0.0,0.0,0.0,0.0,0.003581650926790442,0.0,0.0,0.0,3.124591002954063e-05,3.124591002954063e-05,3.124591002954063e-05,0.0,0.08856316122776337,0.29371443974002587,0.7617518887456061,0.8673515993996957,5.9975132298155654e-05,0.8961856599990309,0.8961856599990309,0.8961856599990309,0.0,8.049923222357714e-07,8.049923222357714e-07,8.049923222357714e-07,0.0,0.2115702479338843,0.20791262135922328,0.5396981608521866,0.5396981608521866,0.5396981608521866,0.5094989246199128,0.23801947364836035,2.5866557213548233e-06,0.0,0.0,0.0,0.0,0.8240205135341905,0.0007931584008852796,0.07812672892295477,0.3321966759325206,0.0,0.08551575004452824,0.08551575004452824,0.08551575004452824,0.0,0.5727956379189918,0.5727956379189918,0.5727956379189918
1,1263,35,0.4466403188917304,0.4597156689995794,0.0008843077461477122,0.0,0.11995392718723731,0.24750939425630425,0.6442307887286136,0.1670206318509125,0.46700778165042184,0.49193551403567976,0.3725490272045135,0.337254911661148,0.12278968247788871,0.45321726011292623,0.6305408237989621,0.0008843077461477122,0.0,0.03797463420540111,0.6370262689593076,0.13575639467674544,0.09326580341453684,0.0028851746410750913,0.10720496885693191,0.23948232035488903,0.7179180754241707,0.0033061393170373318,0.07081145393294168,0.0,0.0,0.0,0.0,0.0,0.0,0.0,0.0,0.0,0.0,0.0,0.0,0.0,0.0,0.0,0.0,0.0,0.0,0.0,0.0,0.0,0.0,0.0,0.0,0.0033061393170373318,0.0,0.0,0.0,4.9136486512855716e-05,4.9136486512855716e-05,4.9136486512855716e-05,0.0,0.1282995880229013,0.21539784045329452,0.6582129153050436,0.8076748246047399,9.107833576417021e-05,0.8511781572435386,0.8511781572435386,0.8511781572435386,0.0,2.090549164424137e-07,2.090549164424137e-07,2.090549164424137e-07,0.0,0.743801652892562,0.37281932645631066,0.7162095982508928,0.7162095982508928,0.7162095982508928,0.46192491434332217,0.40778425268111507,6.623973437364362e-07,0.0,0.0,0.0,0.0,0.9618605955358531,0.0005427150027272528,0.02079651483512887,0.6189675362133277,0.0,0.14373127886105716,0.14373127886105716,0.14373127886105716,0.0,0.6638769019493264,0.6638769019493264,0.6638769019493264
1,1263,37,0.37430830735896253,0.37914691695617597,0.0007541878099980483,0.0,0.11072663728996225,0.17093906656949648,0.4759615671813363,0.14073638179373754,0.3774863382650851,0.407258069064776,0.3411764800548553,0.2313725650310516,0.12094966852733455,0.36006059612617164,0.6185536650902639,0.0007541878099980483,0.0,0.02291678582827055,0.7835342431954193,0.15313985031984473,0.1031439795126876,0.00391832736400649,0.13730528220319255,0.27885839563344345,0.6205954873700764,0.004270429951173219,0.07222578192825378,0.0,0.0,0.0,0.0,0.0,0.0,0.0,0.0,0.0,0.0,0.0,0.0,0.0,0.0,0.0,0.0,0.0,0.0,0.0,0.0,0.0,0.0,0.0,0.0,0.004270429951173219,0.0,0.0,0.0,7.545999732954733e-05,7.545999732954733e-05,7.545999732954733e-05,0.0,0.15447824870829152,0.23319239448924883,0.5725401393939507,0.7543044546573285,0.00015305764703843833,0.7952512904526878,0.7952512904526878,0.7952512904526878,0.0,5.727087075012546e-07,5.727087075012546e-07,5.727087075012546e-07,0.0,0.0,0.026919682259488084,0.15425496289575022,0.15425496289575022,0.15425496289575022,0.8306486415532326,0.2247656850119372,1.572678015655379e-06,0.0,0.0,0.0,0.0,0.9456105540318946,0.0007454183243086418,0.027138141326314535,0.63400264584021,0.0,0.18435094139773797,0.18435094139773797,0.18435094139773797,0.0,0.4058775068927546,0.4058775068927546,0.4058775068927546
1,1263,37,0.28458499250684055,0.23459716173237918,3.368585906972195e-05,0.0,0.06689734336268544,0.20877201798301004,0.23557692843443892,0.10399293841512963,0.2815569567356083,0.3266129125625031,0.2549019753932953,0.1215686202049255,0.08083312155069504,0.26046995637845033,0.21143437953052746,3.368585906972195e-05,0.0,0.01261520181680011,0.27326518892198925,0.06252315029769413,0.03504997568262397,0.0007499923470168672,0.023594032834602346,0.06692447429627382,0.8281973374156394,0.0008724534308848513,0.13645956444440882,0.0,0.0,0.0,0.0,0.0,0.0,0.0,0.0,0.0,0.0,0.0,0.0,0.0,0.0,0.0,0.0,0.0,0.0,0.0,0.0,0.0,0.0,0.0,0.0,0.0008724534308848513,0.0,0.0,0.0,2.3496064017372437e-05,2.3496064017372437e-05,2.3496064017372437e-05,0.0,0.07331484174288966,0.06142400241667294,0.7882267899189117,0.8833746333664393,3.73843156023038e-05,0.9086572232379428,0.9086572232379428,0.9086572232379428,0.0,4.3297860361330633e-08,4.3297860361330633e-08,4.3297860361330633e-08,0.0,0.18512396694214878,0.18650485436893205,0.4958531984034902,0.4958531984034902,0.4958531984034902,0.5575211856802677,0.6770512222298714,1.5076132093875185e-07,0.0,0.0,0.0,0.0,0.8396934523950605,0.00017975074159407053,0.08899829464758571,0.38664208365763497,0.0,0.07826977930847911,0.07826977930847911,0.07826977930847911,0.0,0.7647356194336506,0.7647356194336506,0.7647356194336506
1,1263,37,0.29644269931549105,0.2559241747981853,0.0006185738763986985,0.0,0.10149941751579868,0.31468910194587807,0.4278846467392571,0.13572405164343881,0.2951771843609035,0.33467742821273033,0.2078431397676468,0.3254902213811874,0.11128069178114183,0.27572001598107904,0.6500733558596041,0.0006185738763986985,0.0,0.023733767901818654,0.9547930806973086,0.17193065959221637,0.1160814962640347,0.004798420424281385,0.17409428384630604,0.39219561499519173,0.69232683433645,0.0054949259945203804,0.04527095733077023,0.0,0.0,0.0,0.0,0.0,0.0,0.0,0.0,0.0,0.0,0.0,0.0,0.0,0.0,0.0,0.0,0.0,0.0,0.0,0.0,0.0,0.0,0.0,0.0,0.0054949259945203804,0.0,0.0,0.0,6.224197301601848e-05,6.224197301601848e-05,6.224197301601848e-05,0.0,0.14958638530794183,0.33579750429785543,0.6058976546706492,0.7723742934325716,0.00011523837044736989,0.8200129891807569,0.8200129891807569,0.8200129891807569,0.0,5.370502486990664e-07,5.370502486990664e-07,5.370502486990664e-07,0.0,0.34710743801652894,0.1721215109223301,0.5199800952360966,0.5199800952360966,0.5199800952360966,0.6655362472405802,0.2612330763669876,1.6331393984849288e-06,0.0,0.0,0.0,0.0,0.9355709193192268,0.0010043444208590283,0.032597665984926194,0.606089413781905,0.0,0.16893764805025904,0.16893764805025904,0.16893764805025904,0.0,0.4957904088145199,0.4957904088145199,0.4957904088145199
1,1263,39,0.4841897237857903,0.5497630574996495,0.0012766615635047649,0.0,0.18454439548327042,0.15778451158475704,0.6394230966844057,0.2013680182279358,0.5179005012028622,0.5403226079370437,0.3686274588108063,0.337254911661148,0.18018649445434118,0.5058264017272042,0.5202914385800586,0.0012766615635047649,0.0,0.04314317362499112,0.9149143447208656,0.11032133993647854,0.0734784018138485,0.003420883460372854,0.11073241647378144,0.2665513580949638,0.6750338046417134,0.00393369353925275,0.0688589159659538,0.0,0.0,0.0,0.0,0.0,0.0,0.0,0.0,0.0,0.0,0.0,0.0,0.0,0.0,0.0,0.0,0.0,0.0,0.0,0.0,0.0,0.0,0.0,0.0,0.00393369353925275,0.0,0.0,0.0,7.637151547033664e-05,7.637151547033664e-05,7.637151547033664e-05,0.0,0.15493279061085463,0.22309928629758602,0.6067820688659173,0.751034326601989,0.00015547070181424675,0.8185615513134707,0.8185615513134707,0.8185615513134707,0.0,2.8601739873542545e-07,2.8601739873542545e-07,2.8601739873542545e-07,0.0,0.12205975842339478,0.08795312230711777,0.2969962179581661,0.2969962179581661,0.2969962179581661,0.7128709117276095,0.2854019198076843,7.227478147044519e-07,0.0,0.0,0.0,0.0,0.9884800653766076,0.0005995690636731934,0.005373883743202773,0.8651697317679482,0.0,0.20059822283161013,0.20059822283161013,0.20059822283161013,0.0,0.49732129257546615,0.49732129257546615,0.49732129257546615
1,1263,39,0.5098814519091136,0.6018957561049533,0.001852215599362156,0.0,0.23068049435408786,0.11575479246358027,0.6634615569054453,0.2263261942722875,0.556411092042657,0.5766129283630665,0.4313725531101227,0.294117659330368,0.22573395608689634,0.545743634309408,0.5003439790091051,0.001852215599362156,0.0,0.04885635879159237,0.6337778737706277,0.16502761692873352,0.1160814962640347,0.004476995132702727,0.1308263684596075,0.36209297434311866,0.6878515007414878,0.005035739978265195,0.04998441924144546,0.0,0.0,0.0,0.0,0.0,0.0,0.0,0.0,0.0,0.0,0.0,0.0,0.0,0.0,0.0,0.0,0.0,0.0,0.0,0.0,0.0,0.0,0.0,0.0,0.005035739978265195,0.0,0.0,0.0,5.383636059682705e-05,5.383636059682705e-05,5.383636059682705e-05,0.0,0.13785508566105598,0.31756485718191635,0.6153601981689112,0.7925393155640572,9.879519443181282e-05,0.8184165671990083,0.8184165671990083,0.8184165671990083,0.0,7.381256653809358e-07,7.381256653809358e-07,7.381256653809358e-07,0.0,0.024042073628850524,0.04461205167295193,0.2531851781445045,0.2531851781445045,0.2531851781445045,0.7869920405892735,0.19421335813035215,1.969089309169946e-06,0.0,0.0,0.0,0.0,0.8940739967110393,0.000949905057867074,0.03990492019857586,0.45696557439175867,0.0,0.14510237042405041,0.14510237042405041,0.14510237042405041,0.0,0.4546804882520387,0.4546804882520387,0.4546804882520387
1,1263,39,0.45217391540243396,0.6398104459997196,0.002460418976925013,0.0,0.3552479613052956,0.11791241885023894,0.8221153943643069,0.37945325718648526,0.5691673066555225,0.629032280089544,0.364705890417099,0.4901960790157318,0.3684171385445263,0.5641641457075455,0.4051668219240995,0.002460418976925013,0.0,0.13060557374622922,0.4644614493602175,0.2617794417117755,0.16045761222353117,0.005762696299017357,0.18285408883361615,0.4423306236004196,0.6500540897327974,0.006367379425405231,0.042643279524310324,0.0,0.0,0.0,0.0,0.0,0.0,0.0,0.0,0.0,0.0,0.0,0.0,0.0,0.0,0.0,0.0,0.0,0.0,0.0,0.0,0.0,0.0,0.0,0.0,0.006367379425405231,0.0,0.0,0.0,6.244716978641092e-05,6.244716978641092e-05,6.244716978641092e-05,0.0,0.1462747506261472,0.39945071059268106,0.6146187869811615,0.7770486497602581,0.00012167180264093007,0.8266292212516416,0.8266292212516416,0.8266292212516416,0.0,3.7793392687579776e-07,3.7793392687579776e-07,3.7793392687579776e-07,0.0,0.05289256198347106,0.029514563106796093,0.2395428202022743,0.2395428202022743,0.2395428202022743,0.861975117602285,0.21420758219987135,7.144457255172788e-07,0.0,0.0,0.0,0.0,0.9390600368162039,0.0011746685204680088,0.03287943457224063,0.5739548899988656,0.0,0.16352228124186283,0.16352228124186283,0.16352228124186283,0.0,0.4423129755200163,0.4423129755200163,0.4423129755200163
1,1263,41,0.5415020033988481,0.6492891184734112,0.001802399336239867,0.0,0.23068049435408786,0.11810002109981159,0.7019230932591087,0.23988700334113292,0.5960692654987886,0.6129032487890894,0.4666666686534881,0.2901960909366607,0.233118609796691,0.5868785197742621,0.4673956513899651,0.001802399336239867,0.0,0.05555915951145613,0.604973625920509,0.14246664223461647,0.09941690529933313,0.0038264915664125874,0.10940037724503023,0.31366795443254925,0.7006501017066156,0.004270429951173219,0.056793103604854414,0.0,0.0,0.0,0.0,0.0,0.0,0.0,0.0,0.0,0.0,0.0,0.0,0.0,0.0,0.0,0.0,0.0,0.0,0.0,0.0,0.0,0.0,0.0,0.0,0.004270429951173219,0.0,0.0,0.0,4.761983854941016e-05,4.761983854941016e-05,4.761983854941016e-05,0.0,0.1208622372979658,0.2867927524622697,0.6537530808630063,0.8123381299199615,9.054234189417317e-05,0.8415305411896608,0.8415305411896608,0.8415305411896608,0.0,1.5529208792049473e-06,1.5529208792049473e-06,1.5529208792049473e-06,0.0,0.03778040141676506,0.12621359223300974,0.37722505034794435,0.37722505034794435,0.37722505034794435,0.605474424694392,0.14299654833976866,4.344607548571045e-06,0.0,0.0,0.0,0.0,0.8445655264868931,0.0009285050062946198,0.07221895213460947,0.35818668281585664,0.0,0.12490713978800486,0.12490713978800486,0.12490713978800486,0.0,0.4463811618511659,0.4463811618511659,0.4463811618511659
1,1263,41,0.5256917276539809,0.7298578344997897,0.0036989438923247294,0.0,0.3137254723215596,0.13315525649183269,0.8221153943643069,0.3490337502721286,0.6419471297816749,0.6774193739909078,0.4196078479290008,0.4352941215038299,0.3224066927091308,0.6379910219753854,0.38587057684832626,0.0036989438923247294,0.0,0.1239308604357912,0.907615396818821,0.25339858031424783,0.1684228187149921,0.0069565616677380844,0.24588630317058424,0.5219529591492137,0.6323573231319506,0.007775549875254464,0.035656285638508076,0.0,0.0,0.0,0.0,0.0,0.0,0.0,0.0,0.0,0.0,0.0,0.0,0.0,0.0,0.0,0.0,0.0,0.0,0.0,0.0,0.0,0.0,0.0,0.0,0.007775549875254464,0.0,0.0,0.0,8.712532246648752e-05,8.712532246648752e-05,8.712532246648752e-05,0.0,0.17419857136461608,0.43720607350495766,0.5704404778897076,0.7307975232438175,0.00017997295069172088,0.8079003329878305,0.8079003329878305,0.8079003329878305,0.0,7.615881867262831e-07,7.615881867262831e-07,7.615881867262831e-07,0.0,0.36363636363636365,0.18048391990291263,0.5260974905223986,0.5260974905223986,0.5260974905223986,0.6355223340778584,0.19004743639747446,2.01654252162159e-06,0.0,0.0,0.0,0.0,0.9677272179284181,0.0013514796833018357,0.01916815873326444,0.697566558848716,0.0,0.20648805970839465,0.20648805970839465,0.20648805970839465,0.0,0.4341592883867978,0.4341592883867978,0.4341592883867978
1,1263,41,0.6442687957404857,0.7582938519208645,0.0035334813895035906,0.0,0.2214532745799245,0.15635580894814716,0.9519230795579208,0.2289604648969448,0.6992013327483337,0.709677436591817,0.5254902243614197,0.4352940917015075,0.21504372257007193,0.6926632386299348,0.53558763968351,0.0035334813895035906,0.0,0.05323027013302198,0.8002548467954225,0.24849002800641323,0.15406927314816166,0.005418312058040224,0.22471278863911104,0.47261033937970093,0.7307568486868806,0.006367379425405231,0.0326673525267589,0.0,0.0,0.0,0.0,0.0,0.0,0.0,0.0,0.0,0.0,0.0,0.0,0.0,0.0,0.0,0.0,0.0,0.0,0.0,0.0,0.0,0.0,0.0,0.0,0.006367379425405231,0.0,0.0,0.0,5.738777014197454e-05,5.738777014197454e-05,5.738777014197454e-05,0.0,0.12805587571187976,0.43025975776471936,0.6463184610578634,0.7961806306160711,0.00011469679599938908,0.8325284723747882,0.8325284723747882,0.8325284723747882,0.0,2.9443871047553405e-07,2.9443871047553405e-07,2.9443871047553405e-07,0.0,0.15867768595041326,0.04735436893203886,0.3190769613343103,0.3190769613343103,0.3190769613343103,0.8503412388033944,0.2856432565453377,7.572587431125475e-07,0.0,0.0,0.0,0.0,0.9307806042432173,0.0011895750688687215,0.035444673266443905,0.5723838604678141,0.0,0.14929092880907943,0.14929092880907943,0.14929092880907943,0.0,0.5017012294588007,0.5017012294588007,0.5017012294588007
1,1263,43,0.5098814519091136,0.7725118606314019,0.003402871599911277,0.0,0.4890426480306667,0.10704167807482495,0.8653846227621782,0.47332433595652534,0.6388665724461584,0.6491935692151123,0.3411764800548553,0.5490196049213409,0.47846413543231947,0.6392991853161338,0.45229646863975165,0.003402871599911277,0.0,0.19991508030200644,0.7816673039686239,0.28050446970580206,0.1772459035504259,0.006183610371322742,0.2503089979769308,0.5235269954130097,0.7086308512672859,0.007102077051413526,0.02936353748952318,0.0,0.0,0.0,0.0,0.0,0.0,0.0,0.0,0.0,0.0,0.0,0.0,0.0,0.0,0.0,0.0,0.0,0.0,0.0,0.0,0.0,0.0,0.0,0.0,0.007102077051413526,0.0,0.0,0.0,5.5002443861141675e-05,5.5002443861141675e-05,5.5002443861141675e-05,0.0,0.14149570063158934,0.4676610133473501,0.6288123586342955,0.7885795668899763,9.94226977161694e-05,0.8302057263954012,0.8302057263954012,0.8302057263954012,0.0,7.242066346128483e-07,7.242066346128483e-07,7.242066346128483e-07,0.0,0.36363636363636365,0.18048391990291263,0.5438412407913674,0.5438412407913674,0.5438412407913674,0.6355223340778584,0.20668056283543865,2.035938858669527e-06,0.0,0.0,0.0,0.0,0.9051753592579181,0.0014025242567816635,0.046209281018418646,0.5160109717472882,0.0,0.15151909355535106,0.15151909355535106,0.15151909355535106,0.0,0.48164858738372823,0.48164858738372823,0.48164858738372823
1,1263,43,0.44268774995551363,0.5023696951311916,0.0021246117044315047,0.0,0.166090026058055,0.17606390872305439,0.615384636463366,0.19885302458650603,0.47235670209182884,0.49193551403567976,0.3960784375667572,0.2901960909366607,0.1735356612157455,0.45914475612643885,0.6640373245530283,0.0021246117044315047,0.0,0.04368980174139544,0.811634159160499,0.28183743829988156,0.1902592500409767,0.006658095325557903,0.25658162046606015,0.6247557351787507,0.7775134658163635,0.00788269327904734,0.016792752452512286,0.0,0.0,0.0,0.0,0.0,0.0,0.0,0.0,0.0,0.0,0.0,0.0,0.0,0.0,0.0,0.0,0.0,0.0,0.0,0.0,0.0,0.0,0.0,0.0,0.00788269327904734,0.0,0.0,0.0,4.205406565255589e-05,4.205406565255589e-05,4.205406565255589e-05,0.0,0.10738796110565002,0.6248437943289881,0.7270227087451149,0.8383566334673119,8.546864705243716e-05,0.8766860234276057,0.8766860234276057,0.8766860234276057,0.0,1.1223143146127744e-06,1.1223143146127744e-06,1.1223143146127744e-06,0.0,0.34710743801652894,0.1721215109223301,0.5318821198460373,0.5318821198460373,0.5318821198460373,0.6655362472405802,0.18764485852628637,3.431527982211595e-06,0.0,0.0,0.0,0.0,0.876208453527136,0.001653811779321185,0.059140306338310716,0.4119226249093934,0.0,0.10983579379102706,0.10983579379102706,0.10983579379102706,0.0,0.534305506491377,0.534305506491377,0.534305506491377
1,1263,43,0.5339921224200362,0.7957346081919465,0.0036655519609526096,0.0,0.34832754647467284,0.14797584108123352,0.9663461556905446,0.40137566615340287,0.6531979527780573,0.6693548583406805,0.3568627536296844,0.6156862676143646,0.3464257400908495,0.6524637660986287,0.5242302712818543,0.0036655519609526096,0.0,0.17568342907613727,0.622436357711911,0.3344275013074931,0.20130062295181528,0.0066121774267609516,0.267196082664228,0.46860727250477924,0.6016433115313916,0.007392894861708478,0.044155193582437385,0.0,0.0,0.0,0.0,0.0,0.0,0.0,0.0,0.0,0.0,0.0,0.0,0.0,0.0,0.0,0.0,0.0,0.0,0.0,0.0,0.0,0.0,0.0,0.0,0.007392894861708478,0.0,0.0,0.0,0.0001465971321351541,0.0001465971321351541,0.0001465971321351541,0.0,0.16915739441476563,0.41819956723100515,0.6047963863794252,0.7108578602078363,0.00040125806871299275,0.8279910507242347,0.8279910507242347,0.8279910507242347,0.0,5.840461620419211e-07,5.840461620419211e-07,5.840461620419211e-07,0.0,0.45993532159540074,0.13802374878411364,0.4979675442193868,0.4979675442193868,0.4979675442193868,0.7178045257276675,0.28632750629960474,1.9182134353226944e-06,0.0,0.0,0.0,0.0,0.9998934100099309,0.001153994471723299,0.0,1.0,0.0,0.24043510868798454,0.24043510868798454,0.24043510868798454,0.0,0.4866970681916372,0.4866970681916372,0.4866970681916372
1,1263,45,0.28063242357062373,0.28909952845610587,0.0010180272128034573,0.0,0.16147634604786162,0.15762770538498783,0.3461538454512211,0.19112792860990463,0.28349908666496154,0.3024193656118211,0.2039215713739395,0.2627450972795486,0.1747032118150743,0.2653069748053861,0.6376176840852773,0.0010180272128034573,0.0,0.037063645211263464,0.9040368994200099,0.35431048303671925,0.2347629157638063,0.008050938255732085,0.34092977597837554,0.6552966144121184,0.6786123536462363,0.009244945127271056,0.02113226388151672,0.0,0.0,0.0,0.0,0.0,0.0,0.0,0.0,0.0,0.0,0.0,0.0,0.0,0.0,0.0,0.0,0.0,0.0,0.0,0.0,0.0,0.0,0.0,0.0,0.009244945127271056,0.0,0.0,0.0,0.00011028327732210193,0.00011028327732210193,0.00011028327732210193,0.0,0.12933446693960182,0.6300286028864881,0.6717886174074339,0.7714477102947865,0.00031235507365818236,0.8528940205278421,0.8528940205278421,0.8528940205278421,0.0,6.368541735495047e-07,6.368541735495047e-07,6.368541735495047e-07,0.0,0.39039748130657226,0.13106796116504849,0.46474309183436424,0.46474309183436424,0.46474309183436424,0.7116289192520283,0.21220782770808563,1.7340134132437103e-06,0.0,0.0,0.0,0.0,0.9331259535309815,0.0017462406529140523,0.03464822106300694,0.7355215637924736,0.0,0.17731981210197542,0.17731981210197542,0.17731981210197542,0.0,0.4805301113403793,0.4805301113403793,0.4805301113403793
1,1263,45,0.5177865897815472,0.7218009628971519,0.0036214524463920924,0.0,0.35063435141821375,0.17920332940727757,0.8269230864085146,0.3920719351182883,0.619113953573436,0.6431451824774418,0.2745098173618316,0.5843137204647064,0.36837073740929915,0.6164067217778522,0.36020358930785906,0.0036214524463920924,0.0,0.1526140024326425,0.6081865586956854,0.35738320022080444,0.22423300080988756,0.006857072887011357,0.28291637934240216,0.6276015215559054,0.759377423079331,0.008096980086633093,0.017693775003639126,0.0,0.0,0.0,0.0,0.0,0.0,0.0,0.0,0.0,0.0,0.0,0.0,0.0,0.0,0.0,0.0,0.0,0.0,0.0,0.0,0.0,0.0,0.0,0.0,0.008096980086633093,0.0,0.0,0.0,4.296061934962391e-05,4.296061934962391e-05,4.296061934962391e-05,0.0,0.1216772401106389,0.5834905790161719,0.6605743036448009,0.8199258440388071,7.385284054946492e-05,0.842733780696758,0.842733780696758,0.842733780696758,0.0,4.510434287973888e-07,4.510434287973888e-07,4.510434287973888e-07,0.0,0.15867768595041326,0.04735436893203886,0.3164547012762515,0.3164547012762515,0.3164547012762515,0.8503412388033946,0.22879655794648107,1.1132409164251576e-06,0.0,0.0,0.0,0.0,0.8756649743768954,0.0016436466929682348,0.05137333672493696,0.4100250669911884,0.0,0.12259219976296162,0.12259219976296162,0.12259219976296162,0.0,0.4915624090075423,0.4915624090075423,0.4915624090075423
1,1263,45,0.38735178484847804,0.46445500523642524,0.0018714076601601185,0.0,0.17531717570910688,0.1837116990716012,0.5817307921539107,0.22949463937713122,0.41663618337391967,0.4354838738405716,0.2666666805744171,0.3921568691730499,0.19260147496232435,0.4034719274288681,0.6052770078654485,0.0018714076601601185,0.0,0.06042969177151581,0.6250054104299629,0.4045411684984133,0.2514872993325292,0.007476964520770197,0.3247603824890665,0.6676555160545785,0.740914110564689,0.008632697105597477,0.01617527056646398,0.0,0.0,0.0,0.0,0.0,0.0,0.0,0.0,0.0,0.0,0.0,0.0,0.0,0.0,0.0,0.0,0.0,0.0,0.0,0.0,0.0,0.0,0.0,0.0,0.008632697105597477,0.0,0.0,0.0,4.187427514176205e-05,4.187427514176205e-05,4.187427514176205e-05,0.0,0.10923955416785869,0.6902753288828553,0.7361038187112161,0.8382253001863685,8.582929429270047e-05,0.8877346499591972,0.8877346499591972,0.8877346499591972,0.0,2.8539639786969124e-07,2.8539639786969124e-07,2.8539639786969124e-07,0.0,0.23394787031150666,0.04361751019704711,0.33171867662520116,0.33171867662520116,0.33171867662520116,0.910206069881648,0.28019376895016135,7.020592194428827e-07,0.0,0.0,0.0,0.0,0.8962841562154585,0.001769202206232087,0.053137131416554545,0.4678690486831605,0.0,0.11324788484678308,0.11324788484678308,0.11324788484678308,0.0,0.5395378791242846,0.5395378791242846,0.5395378791242846
1,1263,45,0.28063242357062373,0.26066351103503105,0.0009893086706898792,0.0,0.11072663728996225,0.26938303091025023,0.3798076897606766,0.14140242280227797,0.2802328770010212,0.31048388126204846,0.2470588237047195,0.2470588237047195,0.11812489195298527,0.26052543033171166,0.7645085977847562,0.0009893086706898792,0.0,0.024664946945445524,0.9040368994200099,0.35431048303671925,0.2347629157638063,0.008050938255732085,0.34092977597837554,0.6552966144121184,0.6786123536462363,0.009244945127271056,0.02113226388151672,0.0,0.0,0.0,0.0,0.0,0.0,0.0,0.0,0.0,0.0,0.0,0.0,0.0,0.0,0.0,0.0,0.0,0.0,0.0,0.0,0.0,0.0,0.0,0.0,0.009244945127271056,0.0,0.0,0.0,0.00011028327732210193,0.00011028327732210193,0.00011028327732210193,0.0,0.12933446693960182,0.6300286028864881,0.6717886174074339,0.7714477102947865,0.00031235507365818236,0.8528940205278421,0.8528940205278421,0.8528940205278421,0.0,6.368541735495047e-07,6.368541735495047e-07,6.368541735495047e-07,0.0,0.39039748130657226,0.13106796116504849,0.46474309183436424,0.46474309183436424,0.46474309183436424,0.7116289192520283,0.21220782770808563,1.7340134132437103e-06,0.0,0.0,0.0,0.0,0.9331259535309815,0.0017462406529140523,0.03464822106300694,0.7355215637924736,0.0,0.17731981210197542,0.17731981210197542,0.17731981210197542,0.0,0.4805301113403793,0.4805301113403793,0.4805301113403793
1,1263,47,0.31620554399657513,0.5545023937364953,0.0031186100677472765,0.0,0.4083045451298475,0.12851786530664688,0.7548077057453959,0.45168121748436707,0.4653185029714237,0.5201613188114754,0.2313725501298904,0.5686274617910385,0.422590211542181,0.4641888887038456,0.4246469215115048,0.0031186100677472765,0.0,0.20310073915233576,0.7393232346332625,0.4707106840606461,0.307199914437972,0.010109590718462057,0.40835427162027704,0.8105900827387489,0.6655895494851031,0.011403119403670425,0.012813038250359815,0.0,0.0,0.0,0.0,0.0,0.0,0.0,0.0,0.0,0.0,0.0,0.0,0.0,0.0,0.0,0.0,0.0,0.0,0.0,0.0,0.0,0.0,0.0,0.0,0.011403119403670425,0.0,0.0,0.0,6.980502782431241e-05,6.980502782431241e-05,6.980502782431241e-05,0.0,0.14924402454149832,0.7363588022997122,0.6160579207177057,0.7705642748201986,0.00014743950286777186,0.8171672116899731,0.8171672116899731,0.8171672116899731,0.0,1.1762168215761717e-06,1.1762168215761717e-06,1.1762168215761717e-06,0.0,0.3245679939894816,0.09768915991334345,0.41734658642904865,0.41734658642904865,0.41734658642904865,0.7689674911332577,0.18231665615278855,3.5806533260979506e-06,0.0,0.0,0.0,0.0,0.9293980921004721,0.002143056814302299,0.03223588496289026,0.5257062663211146,0.0,0.1655291207385101,0.1655291207385101,0.1655291207385101,0.0,0.44577835768455726,0.44577835768455726,0.44577835768455726
1,1263,47,0.37233202289085415,0.46445500523642524,0.0022037325008930604,0.0,0.24913500402552674,0.20464539257385395,0.5384615637560393,0.27606170733386876,0.43011804314248986,0.47177419426659445,0.1921568661928177,0.4313725680112839,0.24922374095678593,0.41888198541827787,0.31548034894080423,0.0022037325008930604,0.0,0.08025852583158065,0.48658982007263485,0.382834529857699,0.22277714453153857,0.008150427036458812,0.27690442019358397,0.7217569180750951,0.7339454555629128,0.009551069138107847,0.013316183840066081,0.0,0.0,0.0,0.0,0.0,0.0,0.0,0.0,0.0,0.0,0.0,0.0,0.0,0.0,0.0,0.0,0.0,0.0,0.0,0.0,0.0,0.0,0.0,0.0,0.009551069138107847,0.0,0.0,0.0,6.320809383874954e-05,6.320809383874954e-05,6.320809383874954e-05,0.0,0.1244288301621776,0.6774379268932034,0.6637809451829433,0.8020027549863107,0.00014484063458135678,0.8502109485494891,0.8502109485494891,0.8502109485494891,0.0,8.571534581112449e-07,8.571534581112449e-07,8.571534581112449e-07,0.0,0.15311004784688997,0.05117930236936229,0.341140453982673,0.341140453982673,0.341140453982673,0.8479844443431619,0.1861935922604732,2.3531346988546324e-06,0.0,0.0,0.0,0.0,0.8947859245737784,0.0019353313560656065,0.049927786750781716,0.5678874370077492,0.0,0.14479115360919462,0.14479115360919462,0.14479115360919462,0.0,0.4769414725391316,0.4769414725391316,0.4769414725391316
1,1263,47,0.28458499250684055,0.24644550232449378,0.00035004389227787975,0.0,0.11995385706412559,0.12363672953995349,0.27403846478810223,0.1235714743937491,0.2743088849641129,0.3024193656118211,0.2431372553110122,0.1647058874368667,0.12174678642675339,0.2533101126260696,0.5573084329273049,0.00035004389227787975,0.0,0.015005311970279277,0.311668264999007,0.1708068436556402,0.11917637111025146,0.003321394679646126,0.0979783697872401,0.28726609450496143,0.7379297726236255,0.0038112439349180347,0.058318211924383315,0.0,0.0,0.0,0.0,0.0,0.0,0.0,0.0,0.0,0.0,0.0,0.0,0.0,0.0,0.0,0.0,0.0,0.0,0.0,0.0,0.0,0.0,0.0,0.0,0.0038112439349180347,0.0,0.0,0.0,4.328454055750356e-05,4.328454055750356e-05,4.328454055750356e-05,0.0,0.11756445069935456,0.26855812809932794,0.6871856280899136,0.8241319232025014,8.033426657262551e-05,0.8614278196125208,0.8614278196125208,0.8614278196125208,0.0,2.492382046045919e-07,2.492382046045919e-07,2.492382046045919e-07,0.0,0.20779220779220786,0.12621359223300974,0.45555145397563146,0.45555145397563146,0.45555145397563146,0.6807726358677532,0.3159042019277924,6.64778450538828e-07,0.0,0.0,0.0,0.0,0.8921184164981809,0.0007188759878925335,0.0434909976200685,0.4436620550705371,0.0,0.12162372959924392,0.12162372959924392,0.12162372959924392,0.0,0.5502709945339055,0.5502709945339055,0.5502709945339055
1,1263,47,0.17391304727381246,0.2654028472718769,0.0008993057691047939,0.0,0.30449828760895187,0.12618022555725353,0.3365384613628053,0.2923242383705883,0.2404179824795704,0.29435484996159383,0.0313725508749485,0.4274509809911251,0.28267274291222877,0.2276739273732627,0.3898884668363716,0.0008993057691047939,0.0,0.08513060184855074,0.7762146109387866,0.47736507658999805,0.307199914437972,0.009030520096733706,0.423849051356936,0.7391983709342692,0.6803502229938363,0.010270460563574302,0.015725458430342426,0.0,0.0,0.0,0.0,0.0,0.0,0.0,0.0,0.0,0.0,0.0,0.0,0.0,0.0,0.0,0.0,0.0,0.0,0.0,0.0,0.0,0.0,0.0,0.0,0.010270460563574302,0.0,0.0,0.0,6.875042279309803e-05,6.875042279309803e-05,6.875042279309803e-05,0.0,0.14310897056929456,0.682703266353691,0.6318153490939686,0.7816726609079447,0.00015157338958577784,0.8286920158636769,0.8286920158636769,0.8286920158636769,0.0,4.799136690452464e-07,4.799136690452464e-07,4.799136690452464e-07,0.0,0.18308963763509217,0.027783363014879048,0.30022447568210825,0.30022447568210825,0.30022447568210825,0.9299848641753006,0.23795239789780107,1.2857091563330716e-06,0.0,0.0,0.0,0.0,0.9338577968353226,0.0019196731647748194,0.03171439209345853,0.5571021751036092,0.0,0.1590725679709417,0.1590725679709417,0.1590725679709417,0.0,0.4628898354290946,0.4628898354290946,0.4628898354290946
1,1264,11,0.003952568936216852,0.08056871602637852,0.026032765067541444,0.0,0.39677048096789286,0.44906152462316745,1.0,0.4200898276775736,0.038110736801031705,0.03629032617168238,0.0,1.0,0.3816220422871722,0.06491415284807665,0.9325208755061662,0.026032765067541444,0.0,0.19672725585531456,0.9997765731628234,0.9775745954971125,1.0000000000000002,0.9930510913153948,0.9795271797561391,0.8205969865577366,0.0015021466695068625,0.9930815973550884,0.778621580071619,0.0,0.0,0.0,0.0,0.0,0.0,0.0,0.0,0.0,0.0,0.0,0.0,0.0,0.0,0.0,0.0,0.0,0.0,0.0,0.0,0.0,0.0,0.0,0.0,0.9930815973550884,0.0,0.0,0.0,0.7429331431556787,0.7429331431556787,0.7429331431556787,0.0,0.9624636981859769,0.28122091532075877,0.14077277271119398,0.0021021658789094917,0.8896029564220428,0.1455898384225221,0.1455898384225221,0.1455898384225221,0.0,0.19716485407553722,0.19716485407553722,0.19716485407553722,0.0,0.0,0.14368932038834953,0.2773968252482164,0.2773968252482164,0.2773968252482164,0.5575211856802678,0.0004012250881062827,0.630980206904354,0.0,0.0,0.0,0.0,0.013405873479481419,0.9869308231045252,0.9914224006169847,0.012547721859718135,0.0,0.9976095373484107,0.9976095373484107,0.9976095373484107,0.0,0.0009821095018201637,0.0009821095018201637,0.0009821095018201637
1,1264,11,0.003952568936216852,0.07109004355268686,0.021099132200981276,0.0,0.35986160187123856,0.36539444737892823,1.0,0.3771606574990573,0.031559456023618926,0.04032258399679595,0.0,1.0,0.3619151720501146,0.04696543585378958,0.8440767285033173,0.021099132200981276,0.0,0.14529032721535717,0.9996600785215712,0.9774942042347388,1.0000000000000002,0.9931964979949185,0.9793887800531869,0.8655868384346329,0.0018717395579280535,0.9932499655610486,0.736919043598955,0.0,0.0,0.0,0.0,0.0,0.0,0.0,0.0,0.0,0.0,0.0,0.0,0.0,0.0,0.0,0.0,0.0,0.0,0.0,0.0,0.0,0.0,0.0,0.0,0.9932499655610486,0.0,0.0,0.0,0.7077159992277494,0.7077159992277494,0.7077159992277494,0.0,0.9709845988820847,0.27424414500187916,0.10381323342285453,0.002470325823655542,0.9551286037505706,0.17309883848157848,0.17309883848157848,0.17309883848157848,0.0,0.4932615451194537,0.4932615451194537,0.4932615451194537,0.0,0.0,0.4648058252427184,0.5714285714296856,0.5714285714296856,0.5714285714296856,0.24011130530177477,0.00010079160607946582,0.9866738294240263,0.0,0.0,0.0,0.0,0.015506812211324113,0.986047416728082,0.9901554127356469,0.014423561381972379,0.0,0.9971722239080015,0.9971722239080015,0.9971722239080015,0.0,0.0010107499507908818,0.0010107499507908818,0.0010107499507908818
1,1264,11,0.003952568936216852,0.033175353657920514,0.01453465676753246,0.0,0.33217994254874805,0.3095324236544374,0.7403846296127721,0.31738508722791037,0.013218402620811157,0.03225806451612908,0.0,0.7882353067398071,0.31931120501906823,0.01922277272545049,0.7911176762153768,0.01453465676753246,0.0,0.09775473526178216,0.9996484014597706,0.9756151514566433,1.0000000000000002,0.9968852358649403,0.9775167609435615,0.7641184180300655,0.0010108176051786717,0.9968775350894646,0.8393004399040223,0.0,0.0,0.0,0.0,0.0,0.0,0.0,0.0,0.0,0.0,0.0,0.0,0.0,0.0,0.0,0.0,0.0,0.0,0.0,0.0,0.0,0.0,0.0,0.0,0.9968775350894646,0.0,0.0,0.0,0.8204127210072027,0.8204127210072027,0.8204127210072027,0.0,0.9515786815999434,0.31765910712746376,0.23517361012172283,0.0013764002509754486,0.8571392774941936,0.13583205995467937,0.13583205995467937,0.13583205995467937,0.0,0.24836588384763683,0.24836588384763683,0.24836588384763683,0.0,0.0,0.19720873786407767,0.3629737608172962,0.3629737608172962,0.3629737608172962,0.48022261060354954,0.0002995676563184964,0.7451582284203816,0.0,0.0,0.0,0.0,0.009264481957071607,0.9933845000375345,0.9946458778755825,0.008973272419168586,0.0,0.9984793372378559,0.9984793372378559,0.9984793372378559,0.0,0.0007919517640953,0.0007919517640953,0.0007919517640953
1,1264,15,0.011857707747335286,0.3744075807193302,0.07130708647755385,0.0,0.6920415444199868,0.18218645896254915,1.0,0.7523080877639257,0.11746288463888603,0.04435484182190962,0.0,1.0,0.7381736688909021,0.1843839591299427,0.7544853632277345,0.07130708647755385,0.0,0.5423517732812162,0.9934150232390906,0.9827894797344323,1.0000000000000002,0.9828955826981358,0.9814928494502744,0.8521591938580116,0.0018394456286068873,0.9830407297996417,0.7446617375416097,0.0,0.0,0.0,0.0,0.0,0.0,0.0,0.0,0.0,0.0,0.0,0.0,0.0,0.0,0.0,0.0,0.0,0.0,0.0,0.0,0.0,0.0,0.0,0.0,0.9830407297996417,0.0,0.0,0.0,0.7016025173637473,0.7016025173637473,0.7016025173637473,0.0,0.9824549125329896,0.2539839004532206,0.0866624893156086,0.0024473917945832292,0.9104424246168639,0.15612364109024787,0.15612364109024787,0.15612364109024787,0.0,0.3221095954883765,0.3221095954883765,0.3221095954883765,0.0,0.0881542699724518,0.5242718446601942,0.761904761906918,0.761904761906918,0.761904761906918,0.22049321136800545,0.00020402516459832373,0.8590899083554027,0.0,0.0,0.0,0.0,0.016103686712574346,0.9754259985441102,0.9895577571277299,0.014064092745926224,0.0,0.9971850578673885,0.9971850578673885,0.9971850578673885,0.0,0.0011855308660934788,0.0011855308660934788,0.0011855308660934788
1,1264,15,0.007905138811118435,0.40284363415742985,0.07545666766315452,0.0,0.7289504278993355,0.18343722892480183,1.0,0.804984880037463,0.11379278702899866,0.02419354886590172,0.0,1.0,0.7755830134595784,0.19309939624530986,0.7706788733181125,0.07545666766315452,0.0,0.6199690616656895,0.9933832026976284,0.9831850518337917,1.0000000000000002,0.9821226314017205,0.9818684442903793,0.8658631925330793,0.0019595624290884763,0.9822907259730915,0.7321319318148439,0.0,0.0,0.0,0.0,0.0,0.0,0.0,0.0,0.0,0.0,0.0,0.0,0.0,0.0,0.0,0.0,0.0,0.0,0.0,0.0,0.0,0.0,0.0,0.0,0.9822907259730915,0.0,0.0,0.0,0.6861025131163904,0.6861025131163904,0.6861025131163904,0.0,0.9626799300081141,0.259743720196393,0.08484315299762424,0.0027271673585910015,0.9174197569903921,0.17375826465575592,0.17375826465575592,0.17375826465575592,0.0,0.1205806577831421,0.1205806577831421,0.1205806577831421,0.0,0.36363636363636365,0.43135618932038833,0.7857142856643883,0.7857142856643883,0.7857142856643883,0.31185534852971325,0.0007104193351383867,0.42209292595048226,0.0,0.0,0.0,0.0,0.015953032184211118,0.9746877198990354,0.9895645808588487,0.01696185510436668,0.0,0.9969402191277129,0.9969402191277129,0.9969402191277129,0.0,0.0017003614292647878,0.0017003614292647878,0.0017003614292647878
1,1264,15,0.007905138811118435,0.4786730139469626,0.08947937193932272,0.0,0.7681661119395304,0.17664189250263965,1.0,0.8994261729449122,0.12301809176851748,0.016129033215674465,0.0,1.0,0.8488241900452561,0.2202561886329477,0.7786638828346927,0.08947937193932272,0.0,0.7738808261861366,0.993691583184553,0.9823051546576469,1.0000000000000002,0.9836302690788871,0.9811529430183339,0.9303219627586026,0.002484008958076456,0.9839591018321521,0.6798462902978817,0.0,0.0,0.0,0.0,0.0,0.0,0.0,0.0,0.0,0.0,0.0,0.0,0.0,0.0,0.0,0.0,0.0,0.0,0.0,0.0,0.0,0.0,0.0,0.0,0.9839591018321521,0.0,0.0,0.0,0.6430202922523385,0.6430202922523385,0.6430202922523385,0.0,0.9675632369482028,0.2619403925004929,0.05165587623741158,0.0032650412404452937,0.9874599325815849,0.2162440542233595,0.2162440542233595,0.2162440542233595,0.0,0.09676825173913589,0.09676825173913589,0.09676825173913589,0.0,0.2380165289256198,0.22932038834951457,0.5626984125895897,0.5626984125895897,0.5626984125895897,0.49137322226986596,0.0009111689460480671,0.34840924346680047,0.0,0.0,0.0,0.0,0.019587124836853632,0.9747889502655822,0.9876735168385335,0.020611918403014268,0.0,0.9963556763417664,0.9963556763417664,0.9963556763417664,0.0,0.0018720357183693304,0.0018720357183693304,0.0018720357183693304
1,1264,17,0.4466403188917304,0.5687204024470327,0.0011514272473247354,0.0,0.21222612492887263,0.15630883275750304,0.6634615569054453,0.27423008309756947,0.47914039078729603,0.4758064520917082,0.3686274588108063,0.3568627536296844,0.24602072093367036,0.46876535625941324,0.6943514859934123,0.0011514272473247354,0.0,0.07889626331415014,0.8586836512266136,0.17737677691248382,0.11736950015337504,0.0035509841736308815,0.16787230513385604,0.3066464752899852,0.7349111336859205,0.004071449344129306,0.054931550417118766,0.0,0.0,0.0,0.0,0.0,0.0,0.0,0.0,0.0,0.0,0.0,0.0,0.0,0.0,0.0,0.0,0.0,0.0,0.0,0.0,0.0,0.0,0.0,0.0,0.004071449344129306,0.0,0.0,0.0,4.143061701187474e-05,4.143061701187474e-05,4.143061701187474e-05,0.0,0.12602437152651114,0.28452666122360637,0.6764443055244369,0.8199419235609301,6.780670680557328e-05,0.861315485095127,0.861315485095127,0.861315485095127,0.0,3.919282606709429e-07,3.919282606709429e-07,3.919282606709429e-07,0.0,0.15112160566706023,0.09344660194174756,0.3733303856058847,0.3733303856058847,0.3733303856058847,0.708379269823724,0.2982908841343708,1.1874926285214242e-06,0.0,0.0,0.0,0.0,0.886895614890921,0.0008069789888501813,0.052586083026850056,0.4287704491190632,0.0,0.12369374436646288,0.12369374436646288,0.12369374436646288,0.0,0.5202190299912187,0.5202190299912187,0.5202190299912187
1,1264,17,0.30355732340068137,0.27962085598241426,0.0008268774801267626,0.0,0.11995385706412559,0.18605064327793322,0.3605769215838449,0.135011817136864,0.29529109569461226,0.32258065473738934,0.2352941185235977,0.2431372553110122,0.11937712440844926,0.27539907020764676,0.6427004695533589,0.0008268774801267626,0.0,0.01985236094153346,0.8169705074811113,0.21263617086406855,0.1482083337053331,0.00634432301711207,0.19481039155530044,0.5278171577940122,0.6969053682410811,0.007193914254664565,0.02984927769975021,0.0,0.0,0.0,0.0,0.0,0.0,0.0,0.0,0.0,0.0,0.0,0.0,0.0,0.0,0.0,0.0,0.0,0.0,0.0,0.0,0.0,0.0,0.0,0.0,0.007193914254664565,0.0,0.0,0.0,5.749622530207167e-05,5.749622530207167e-05,5.749622530207167e-05,0.0,0.1326726126698874,0.492391402655351,0.6557806651823606,0.7955972743432181,0.00011820735168369673,0.8442145484529829,0.8442145484529829,0.8442145484529829,0.0,6.830729522685874e-07,6.830729522685874e-07,6.830729522685874e-07,0.0,0.411386593204775,0.17408306364617038,0.5269235177588063,0.5269235177588063,0.5269235177588063,0.6810977280377851,0.22978589232236024,2.0480145259023236e-06,0.0,0.0,0.0,0.0,0.9191572125656752,0.0014026886511839486,0.04334261585903479,0.5312647957499245,0.0,0.14727559267117987,0.14727559267117987,0.14727559267117987,0.0,0.5003350314438818,0.5003350314438818,0.5003350314438818
1,1264,17,0.3003952682517078,0.28341232497189095,0.00041321869101196133,0.0,0.1568627361607797,0.10349246247159244,0.31250000114176557,0.15460362430886443,0.2996724509827861,0.3266129125625031,0.2745098173618316,0.1647058725357055,0.1542224934990042,0.2801188246423273,0.5269861988891265,0.00041321869101196133,0.0,0.021882884285658783,0.45086877448774665,0.18024953456792314,0.10964710817213137,0.0032372118651850497,0.12111519489024868,0.2899455471625432,0.7608472865352186,0.0037347129322088377,0.055774319087149735,0.0,0.0,0.0,0.0,0.0,0.0,0.0,0.0,0.0,0.0,0.0,0.0,0.0,0.0,0.0,0.0,0.0,0.0,0.0,0.0,0.0,0.0,0.0,0.0,0.0037347129322088377,0.0,0.0,0.0,3.929900939240747e-05,3.929900939240747e-05,3.929900939240747e-05,0.0,0.09642898939073791,0.29102869860624,0.7348946366841782,0.8536144315201861,8.506608143694675e-05,0.8852251475771319,0.8852251475771319,0.8852251475771319,0.0,2.1209129567541484e-07,2.1209129567541484e-07,2.1209129567541484e-07,0.0,0.0813731722822632,0.06261848681564888,0.24326105900582512,0.24326105900582512,0.24326105900582512,0.7637539605048413,0.29851682330017465,4.686848297451888e-07,0.0,0.0,0.0,0.0,0.8433622729303241,0.0007970781324542725,0.06941436014175131,0.3759052584270865,0.0,0.09729008252257518,0.09729008252257518,0.09729008252257518,0.0,0.5228991537118288,0.5228991537118288,0.5228991537118288
1,1264,17,0.34387352655009296,0.26208531190608486,0.0004047214341434646,0.0,0.04613609887081743,0.17328906550761913,0.2836538488765181,0.05880174777293309,0.3166831760988417,0.3487903306006281,0.3254902064800262,0.0901960730552673,0.05240209736032643,0.2956290215723889,0.589521608078454,0.0004047214341434646,0.0,0.00383809585141627,0.6942229429650757,0.10695090349537135,0.07238094131483992,0.00303058132059877,0.0885200243514528,0.21973704790781473,0.6412806976703324,0.0033520579186628497,0.08477023468860385,0.0,0.0,0.0,0.0,0.0,0.0,0.0,0.0,0.0,0.0,0.0,0.0,0.0,0.0,0.0,0.0,0.0,0.0,0.0,0.0,0.0,0.0,0.0,0.0,0.0033520579186628497,0.0,0.0,0.0,7.10891240512145e-05,7.10891240512145e-05,7.10891240512145e-05,0.0,0.15830742872795822,0.1728860610139048,0.5599388670316707,0.7536423767473557,0.0001310053140660664,0.7965417371841983,0.7965417371841983,0.7965417371841983,0.0,3.1874144435585385e-07,3.1874144435585385e-07,3.1874144435585385e-07,0.0,0.12205975842339478,0.08795312230711777,0.3821221961833305,0.3821221961833305,0.3821221961833305,0.7407566076507582,0.327452507809545,9.702852851799807e-07,0.0,0.0,0.0,0.0,0.9694167167037221,0.0005446443808595222,0.01882483417511771,0.694981084734259,0.0,0.18848119518014536,0.18848119518014536,0.18848119518014536,0.0,0.4731272819939732,0.4731272819939732,0.4731272819939732
1,1264,19,0.5177865897815472,0.5876777473944159,0.002239980319579407,0.0,0.14763551638661637,0.2725321384208498,0.6826923250822771,0.1932842528155394,0.5563890811759153,0.582661315100737,0.3254902064800262,0.4156862795352936,0.15451768048571374,0.5456270397485139,0.3618329653595772,0.002239980319579407,0.0,0.04744752812848999,0.7522406396093686,0.21095547128560194,0.13060630863173972,0.005280558361649371,0.1844935550543677,0.47559207818771926,0.7527141239945977,0.006137786417277639,0.03077557100632615,0.0,0.0,0.0,0.0,0.0,0.0,0.0,0.0,0.0,0.0,0.0,0.0,0.0,0.0,0.0,0.0,0.0,0.0,0.0,0.0,0.0,0.0,0.0,0.0,0.006137786417277639,0.0,0.0,0.0,3.947497400781888e-05,3.947497400781888e-05,3.947497400781888e-05,0.0,0.11011998311732102,0.4775332494764234,0.7224054472522632,0.8386623244709106,7.54391044630463e-05,0.8825732450136324,0.8825732450136324,0.8825732450136324,0.0,4.976952938345207e-07,4.976952938345207e-07,4.976952938345207e-07,0.0,0.10578512396694215,0.05805825242718449,0.3296191030477712,0.3296191030477712,0.3296191030477712,0.8100292377551761,0.22151350343974843,1.2494374638377712e-06,0.0,0.0,0.0,0.0,0.8718900857290501,0.0013139456454307858,0.06557368667107602,0.4162259943056853,0.0,0.10988058348665877,0.10988058348665877,0.10988058348665877,0.0,0.5118514054397764,0.5118514054397764,0.5118514054397764
1,1264,19,0.6877470540388707,0.8578199128946262,0.0030595886307862533,0.0,0.28373700805552826,0.11850957360064046,0.9615384636463367,0.29293187822169736,0.7529749250656742,0.7500000148429535,0.5882353186607361,0.3803921341896057,0.2901576682503967,0.7493402841102018,0.601204150849171,0.0030595886307862533,0.0,0.0806701982107522,0.6599206959256907,0.18945407289382427,0.11874438315913836,0.004056081060397343,0.15409183905624296,0.331651374080985,0.697331515466557,0.0046990035663447265,0.05397018081026196,0.0,0.0,0.0,0.0,0.0,0.0,0.0,0.0,0.0,0.0,0.0,0.0,0.0,0.0,0.0,0.0,0.0,0.0,0.0,0.0,0.0,0.0,0.0,0.0,0.0046990035663447265,0.0,0.0,0.0,8.859596261212795e-05,8.859596261212795e-05,8.859596261212795e-05,0.0,0.14560275642037973,0.2769306057808709,0.608977465656295,0.7559437524971172,0.00020755902375105552,0.8169513048730351,0.8169513048730351,0.8169513048730351,0.0,4.2086072957698155e-07,4.2086072957698155e-07,4.2086072957698155e-07,0.0,0.24557260920897284,0.14805825242718446,0.47862078784922446,0.47862078784922446,0.47862078784922446,0.6335240905746091,0.26293249302510285,1.1757570296352772e-06,0.0,0.0,0.0,0.0,0.9648822958856461,0.0007983796387002611,0.020813028140170692,0.6668416050094232,0.0,0.18503973641385987,0.18503973641385987,0.18503973641385987,0.0,0.4729460457616554,0.4729460457616554,0.4729460457616554
1,1264,19,0.5296442965901977,0.6113744285786449,0.0021636606125587446,0.0,0.20299883503159735,0.1282386405326937,0.6971154012149008,0.21113356318575882,0.5795806690975293,0.604838733138862,0.4823529422283172,0.2705882489681244,0.20085688519983386,0.5692455855615715,0.47859926525201646,0.0021636606125587446,0.0,0.04448528898346251,0.8876748085162214,0.17454670262600852,0.11502956784873618,0.004874950255609637,0.16868640486998993,0.38320927587479087,0.6684865158257458,0.005479619793978541,0.04866385281553083,0.0,0.0,0.0,0.0,0.0,0.0,0.0,0.0,0.0,0.0,0.0,0.0,0.0,0.0,0.0,0.0,0.0,0.0,0.0,0.0,0.0,0.0,0.0,0.0,0.005479619793978541,0.0,0.0,0.0,5.815082850634459e-05,5.815082850634459e-05,5.815082850634459e-05,0.0,0.15184551617765008,0.3276391774642545,0.5904181784697935,0.773465138182328,0.00010098476310970074,0.8078594492997344,0.8078594492997344,0.8078594492997344,0.0,4.680932775664977e-07,4.680932775664977e-07,4.680932775664977e-07,0.0,0.36363636363636365,0.18048391990291263,0.5131697423056789,0.5131697423056789,0.5131697423056789,0.6355223340778584,0.2618913446722857,1.360168135486578e-06,0.0,0.0,0.0,0.0,0.9403197297956499,0.0009893887107545467,0.030231644635821342,0.5509155654572031,0.0,0.16484155595259523,0.16484155595259523,0.16484155595259523,0.0,0.4987124091754908,0.4987124091754908,0.4987124091754908
1,1264,21,0.5335968655264145,0.6279621054076051,0.0017739057974467591,0.0,0.23990771412825146,0.18039154843895824,0.7067307853033167,0.24988710959485827,0.5820867905317078,0.6008064753137484,0.3725490272045135,0.3882353007793426,0.23223113243883503,0.5730762529646488,0.36911658382545487,0.0017739057974467591,0.0,0.06408013929612673,0.49792514156536893,0.18431171397462903,0.1031439795126876,0.0038953684146080143,0.12987626465845964,0.3248177114732632,0.7104551662388668,0.004392879555507935,0.0539255745051687,0.0,0.0,0.0,0.0,0.0,0.0,0.0,0.0,0.0,0.0,0.0,0.0,0.0,0.0,0.0,0.0,0.0,0.0,0.0,0.0,0.0,0.0,0.0,0.0,0.004392879555507935,0.0,0.0,0.0,4.670171158307942e-05,4.670171158307942e-05,4.670171158307942e-05,0.0,0.13002113487472483,0.29778600862381116,0.6640298300737981,0.8082067825086271,8.267387323571487e-05,0.8546721385824769,0.8546721385824769,0.8546721385824769,0.0,7.714340754523874e-07,7.714340754523874e-07,7.714340754523874e-07,0.0,0.0881542699724518,0.12783171521035588,0.413493798039686,0.413493798039686,0.413493798039686,0.6342790248375364,0.1793662563688003,1.9218131869465497e-06,0.0,0.0,0.0,0.0,0.8891024580660075,0.0008785178559136719,0.05355408396108771,0.4330894567768094,0.0,0.13231345664910835,0.13231345664910835,0.13231345664910835,0.0,0.47161277660717876,0.47161277660717876,0.47161277660717876
1,1264,21,0.5652174170161491,0.630331773526028,0.0021777435173820133,0.0,0.14763551638661637,0.20829037300667583,0.6923077091706928,0.18220599995109296,0.6022229497558708,0.6250000222644303,0.4470588266849518,0.3019607961177826,0.15187629165045022,0.5921584564645446,0.3516614481083157,0.0021777435173820133,0.0,0.03893371177193786,0.7662232090194991,0.21468199004853566,0.13060630863173972,0.004408118284507301,0.18967802051306382,0.37871610631459046,0.7256836246751129,0.005127577181516232,0.044295405988201336,0.0,0.0,0.0,0.0,0.0,0.0,0.0,0.0,0.0,0.0,0.0,0.0,0.0,0.0,0.0,0.0,0.0,0.0,0.0,0.0,0.0,0.0,0.0,0.0,0.005127577181516232,0.0,0.0,0.0,6.527627756275021e-05,6.527627756275021e-05,6.527627756275021e-05,0.0,0.10821847682622959,0.3843488025559343,0.7339666660130166,0.8122678641442426,0.00016402651091200889,0.8803385179057547,0.8803385179057547,0.8803385179057547,0.0,2.1881288399331587e-07,2.1881288399331587e-07,2.1881288399331587e-07,0.0,0.1948673336233145,0.06896969044993678,0.31298166141466555,0.31298166141466555,0.31298166141466555,0.787894852516448,0.33014729965360945,5.764907458742277e-07,0.0,0.0,0.0,0.0,0.9195431523235322,0.0009691693205697669,0.04010335441364998,0.6581902306050603,0.0,0.14276855266233576,0.14276855266233576,0.14276855266233576,0.0,0.5392747054069176,0.5392747054069176,0.5392747054069176
1,1264,21,0.5462450861223084,0.630331773526028,0.001820806200140423,0.0,0.18454439548327042,0.1416398062133836,0.7019230932591087,0.19548838847127695,0.5949004934740407,0.616935506614203,0.4588235318660736,0.2980392277240753,0.17668806495680173,0.5847243224051687,0.44672238759314864,0.001820806200140423,0.0,0.04039599879230146,0.6484108403225239,0.1888205091757078,0.11917637111025146,0.003681084886888909,0.15212372212695335,0.3461736936437578,0.7898934733063727,0.004346960953882418,0.04391950151663314,0.0,0.0,0.0,0.0,0.0,0.0,0.0,0.0,0.0,0.0,0.0,0.0,0.0,0.0,0.0,0.0,0.0,0.0,0.0,0.0,0.0,0.0,0.0,0.0,0.004346960953882418,0.0,0.0,0.0,2.685903586470782e-05,2.685903586470782e-05,2.685903586470782e-05,0.0,0.09198458309648877,0.3545899760994148,0.747217653399717,0.8686191671715671,4.3854596330947523e-05,0.8914193541574441,0.8914193541574441,0.8914193541574441,0.0,3.873141281879836e-07,3.873141281879836e-07,3.873141281879836e-07,0.0,0.3733592610597959,0.1703564349783316,0.5262722432388984,0.5262722432388984,0.5262722432388984,0.6367256953514808,0.3420398415549165,1.2753982178127072e-06,0.0,0.0,0.0,0.0,0.8695304779189332,0.0009118876075345727,0.0639902766182143,0.3974486613424279,0.0,0.08855186673433987,0.08855186673433987,0.08855186673433987,0.0,0.6380189200084713,0.6380189200084713,0.6380189200084713
1,1264,23,0.4229249052744295,0.4502369965258879,0.0014333429578106361,0.0,0.13840836673556448,0.2886583301530746,0.5240384876234155,0.1681919106749436,0.4462779882327365,0.47177419426659445,0.2274509817361831,0.3843137472867965,0.14510384980153973,0.4316625935696568,0.3320821209388678,0.0014333429578106361,0.0,0.0343898532766567,0.5822844370923015,0.2603828556902485,0.17254363229751696,0.00499739798573484,0.20061943055613957,0.45645137804151775,0.7633709666575929,0.0058928872086082065,0.03200138488267576,0.0,0.0,0.0,0.0,0.0,0.0,0.0,0.0,0.0,0.0,0.0,0.0,0.0,0.0,0.0,0.0,0.0,0.0,0.0,0.0,0.0,0.0,0.0,0.0,0.0058928872086082065,0.0,0.0,0.0,4.5487054582267234e-05,4.5487054582267234e-05,4.5487054582267234e-05,0.0,0.11528953996884972,0.4213679622373452,0.6667943390741833,0.8230141362182763,8.724475313461115e-05,0.8413017519159065,0.8413017519159065,0.8413017519159065,0.0,8.135801342079972e-07,8.135801342079972e-07,8.135801342079972e-07,0.0,0.5289256198347108,0.31189320388349506,0.6545617980707168,0.6545617980707168,0.6545617980707168,0.50256957956506,0.21454454292791644,2.4600528256884623e-06,0.0,0.0,0.0,0.0,0.8710888525475019,0.0012331345345962762,0.06063892622270747,0.39920685910462134,0.0,0.11977086660744032,0.11977086660744032,0.11977086660744032,0.0,0.530876865921074,0.530876865921074,0.530876865921074
1,1264,23,0.37470356425258416,0.3933649256667133,0.0008715455403244241,0.0,0.1291810768382892,0.16320980199581697,0.4615384910487125,0.16350679722430383,0.37752952493566844,0.39919355341454876,0.3019607961177826,0.2588235437870025,0.13902505504326415,0.36073577882708835,0.6661021097428828,0.0008715455403244241,0.0,0.02972367251340843,0.69714059794727,0.1885409938576229,0.11917637111025146,0.004308629503780574,0.15799118859937356,0.36963048822295147,0.7253453215156331,0.00489798417338864,0.045606126045920334,0.0,0.0,0.0,0.0,0.0,0.0,0.0,0.0,0.0,0.0,0.0,0.0,0.0,0.0,0.0,0.0,0.0,0.0,0.0,0.0,0.0,0.0,0.0,0.0,0.00489798417338864,0.0,0.0,0.0,4.267746387671056e-05,4.267746387671056e-05,4.267746387671056e-05,0.0,0.120650162867943,0.34038438864943604,0.663808418248538,0.8174805473527044,7.389879944946532e-05,0.8418437864774037,0.8418437864774037,0.8418437864774037,0.0,7.811710890267093e-07,7.811710890267093e-07,7.811710890267093e-07,0.0,0.15867768595041326,0.1650970873786408,0.45955827907190533,0.45955827907190533,0.45955827907190533,0.6055434467406225,0.1809770595934849,1.9825244767684142e-06,0.0,0.0,0.0,0.0,0.8729194671353532,0.0010023023624137508,0.05732547654685424,0.3997837389329926,0.0,0.12371602039192517,0.12371602039192517,0.12371602039192517,0.0,0.4920399879266975,0.4920399879266975,0.4920399879266975
1,1264,23,0.29644269931549105,0.3004739354245358,0.000355528966419509,0.0,0.13379468672537087,0.16749316234939082,0.36538461362805275,0.17459777680343172,0.32016557405434937,0.3669354908136396,0.2274509817361831,0.2549019604921341,0.1512009792783116,0.30231844236605837,0.34323264709623874,0.000355528966419509,0.0,0.033109842243358945,0.3970152827447535,0.14882887331291522,0.08709180734007062,0.002479566535035357,0.09244491365932604,0.21593698821209129,0.7522963038887747,0.0028775657018658258,0.07354288545154182,0.0,0.0,0.0,0.0,0.0,0.0,0.0,0.0,0.0,0.0,0.0,0.0,0.0,0.0,0.0,0.0,0.0,0.0,0.0,0.0,0.0,0.0,0.0,0.0,0.0028775657018658258,0.0,0.0,0.0,3.563974668859727e-05,3.563974668859727e-05,3.563974668859727e-05,0.0,0.10063693057157941,0.20405939771424075,0.6944300065386482,0.8424378833601437,6.245828936664972e-05,0.8626798518252375,0.8626798518252375,0.8626798518252375,0.0,1.493936082688823e-07,1.493936082688823e-07,1.493936082688823e-07,0.0,0.5112947658402204,0.2768932038834951,0.647910014211605,0.647910014211605,0.647910014211605,0.5218956713930464,0.4294586890381928,4.4709964405791567e-07,0.0,0.0,0.0,0.0,0.8986138484321841,0.0005368153566474051,0.045888387010452614,0.4647920102114427,0.0,0.11016897723781757,0.11016897723781757,0.11016897723781757,0.0,0.6642760222971611,0.6642760222971611,0.6642760222971611
1,1264,25,0.6166008131869679,0.8909952665525469,0.0026828573863894893,0.0,0.2906574228861508,0.15117630049693892,1.0,0.37733865712612186,0.7105035191957029,0.7016129209415898,0.4549019634723663,0.5450980365276337,0.34373600885166067,0.7099385897354334,0.604459470472148,0.0026828573863894893,0.0,0.15874542074898976,0.8932147696836006,0.15742232411909984,0.1031439795126876,0.003880062448342364,0.15320789327783768,0.33642089773963185,0.7349144218802778,0.004530635360384491,0.04984541829488144,0.0,0.0,0.0,0.0,0.0,0.0,0.0,0.0,0.0,0.0,0.0,0.0,0.0,0.0,0.0,0.0,0.0,0.0,0.0,0.0,0.0,0.0,0.0,0.0,0.004530635360384491,0.0,0.0,0.0,5.4402867110501604e-05,5.4402867110501604e-05,5.4402867110501604e-05,0.0,0.1308266485463565,0.29924693355668847,0.6470076470767829,0.7997671631466534,0.00010700355608907517,0.8370826848959727,0.8370826848959727,0.8370826848959727,0.0,2.3736121325702178e-07,2.3736121325702178e-07,2.3736121325702178e-07,0.0,0.4355858045697618,0.19998656230053408,0.5581164697641227,0.5581164697641227,0.5581164697641227,0.6424653718767317,0.3297841060662678,6.498985137836337e-07,0.0,0.0,0.0,0.0,0.9232041885004364,0.000817094337824156,0.03240908322159014,0.5455679267546453,0.0,0.14508753156084478,0.14508753156084478,0.14508753156084478,0.0,0.5631553074046898,0.5631553074046898,0.5631553074046898
1,1264,25,0.521739158717764,0.588625614641785,0.0017652482353133245,0.0,0.14763551638661637,0.2704935178859226,0.7067307853033167,0.19930241752441205,0.568426059601846,0.5967742174886348,0.3607843220233917,0.4000000059604645,0.15444844719717304,0.5582020705686193,0.27146297995169305,0.0017652482353133245,0.0,0.050781884574596266,0.823380803074077,0.125927879706757,0.08709180734007062,0.003941286313404966,0.11688675513414702,0.341492707548715,0.7340435556607123,0.00459186016255185,0.04911040852431213,0.0,0.0,0.0,0.0,0.0,0.0,0.0,0.0,0.0,0.0,0.0,0.0,0.0,0.0,0.0,0.0,0.0,0.0,0.0,0.0,0.0,0.0,0.0,0.0,0.00459186016255185,0.0,0.0,0.0,5.199366418659074e-05,5.199366418659074e-05,5.199366418659074e-05,0.0,0.1394808226365976,0.2975570148769012,0.6357714494759839,0.7943340276260943,9.039234995800332e-05,0.8352193404740978,0.8352193404740978,0.8352193404740978,0.0,1.3179288373180022e-06,1.3179288373180022e-06,1.3179288373180022e-06,0.0,0.32323232323232326,0.33926645091693625,0.6353869790944778,0.6353869790944778,0.6353869790944778,0.3980427699156118,0.17248409098924497,4.008277267934719e-06,0.0,0.0,0.0,0.0,0.9230239838932401,0.000888613858006184,0.04619624233235986,0.5124659946531207,0.0,0.14708291086281014,0.14708291086281014,0.14708291086281014,0.0,0.49440979384570455,0.49440979384570455,0.49440979384570455
1,1264,25,0.612648244250751,0.701421817078715,0.002825972048020339,0.0,0.13610149166891192,0.20468152574961282,0.8653846227621782,0.1864440298832779,0.6687331851064553,0.6895161474662488,0.529411792755127,0.3607842922210693,0.1478741680996667,0.6607720804330097,0.4527447609312742,0.002825972048020339,0.0,0.04295863786803165,0.4320048397065379,0.21793209442433487,0.13978382480065277,0.004767808491750084,0.14601819554064738,0.3915284371827048,0.6953745059260804,0.0054949259945203804,0.0450968473541197,0.0,0.0,0.0,0.0,0.0,0.0,0.0,0.0,0.0,0.0,0.0,0.0,0.0,0.0,0.0,0.0,0.0,0.0,0.0,0.0,0.0,0.0,0.0,0.0,0.0054949259945203804,0.0,0.0,0.0,6.062375156136496e-05,6.062375156136496e-05,6.062375156136496e-05,0.0,0.14554186086170873,0.34120805540888444,0.6149241833109695,0.7758738115388609,0.00011320754685265644,0.815523570627682,0.815523570627682,0.815523570627682,0.0,2.1304169700036456e-07,2.1304169700036456e-07,2.1304169700036456e-07,0.0,0.29090909090909095,0.10087378640776701,0.42341604307428815,0.42341604307428815,0.42341604307428815,0.7778054865804244,0.3265662056678662,5.454051041089633e-07,0.0,0.0,0.0,0.0,0.9620582604985694,0.0009474070135131645,0.02139615266003539,0.6724725570297676,0.0,0.17025088211773196,0.17025088211773196,0.17025088211773196,0.0,0.5210223011440313,0.5210223011440313,0.5210223011440313
1,1264,27,0.4308300431468631,0.561611398091764,0.0017097530467098912,0.0,0.33910039682362103,0.09823848968485839,0.620192328507574,0.3200812723900032,0.5001991566745454,0.5282258344617027,0.3058823645114898,0.3843137323856354,0.3343644468748698,0.491008558642192,0.4694076680499548,0.0017097530467098912,0.0,0.08902816650729443,0.7374047163059152,0.22074468004798897,0.15946126194240123,0.004874950255609637,0.1909714908403018,0.4108462124561144,0.7109612835629798,0.0056173755988550966,0.041254395953539025,0.0,0.0,0.0,0.0,0.0,0.0,0.0,0.0,0.0,0.0,0.0,0.0,0.0,0.0,0.0,0.0,0.0,0.0,0.0,0.0,0.0,0.0,0.0,0.0,0.0056173755988550966,0.0,0.0,0.0,5.343904086645971e-05,5.343904086645971e-05,5.343904086645971e-05,0.0,0.14728711631709557,0.3459935440708823,0.5951339156289019,0.781851436678545,8.455936367818658e-05,0.8069944203279967,0.8069944203279967,0.8069944203279967,0.0,2.2223790982075888e-07,2.2223790982075888e-07,2.2223790982075888e-07,0.0,0.5950413223140496,0.22396844660194176,0.5728671527110242,0.5728671527110242,0.5728671527110242,0.6389275507927954,0.32012944416039024,5.671430441996105e-07,0.0,0.0,0.0,0.0,0.9319780169659737,0.0010623998247665074,0.039228113134688075,0.5074873136488985,0.0,0.15599399043120069,0.15599399043120069,0.15599399043120069,0.0,0.5279889241759529,0.5279889241759529,0.5279889241759529
1,1264,27,0.5098814519091136,0.5450237212628037,0.0008357166400124789,0.0,0.14763551638661637,0.13927817822085806,0.6009615603307423,0.16097421459637937,0.5368747328667085,0.5645161548877256,0.4431372582912445,0.2313725650310516,0.14986150158227507,0.5241345084665682,0.4218796510230342,0.0008357166400124789,0.0,0.02618612706202584,0.5736061019145224,0.06725630546816698,0.0510618528869617,0.0020969173783940984,0.04680476241372772,0.14733919868078302,0.6457604121088847,0.002341848682901443,0.11069207312389627,0.0,0.0,0.0,0.0,0.0,0.0,0.0,0.0,0.0,0.0,0.0,0.0,0.0,0.0,0.0,0.0,0.0,0.0,0.0,0.0,0.0,0.0,0.0,0.0,0.002341848682901443,0.0,0.0,0.0,9.269318712605317e-05,9.269318712605317e-05,9.269318712605317e-05,0.0,0.15288515718476636,0.11679237002629238,0.6202046268683803,0.7328497881539849,0.0002044265682437918,0.8291862126744032,0.8291862126744032,0.8291862126744032,0.0,5.453377602526448e-07,5.453377602526448e-07,5.453377602526448e-07,0.0,0.1175390266299357,0.1542610571736785,0.3522837853198955,0.3522837853198955,0.3522837853198955,0.5809209569926976,0.30461835754335254,1.8195044887817022e-06,0.0,0.0,0.0,0.0,0.9927336573614648,0.0003225380465690155,0.0031672240705377386,0.9062697414451101,0.0,0.21725447808945422,0.21725447808945422,0.21725447808945422,0.0,0.47463951042535174,0.47463951042535174,0.47463951042535174
1,1264,27,0.3339921042095509,0.49289102265749996,0.0005385129402422041,0.0,0.359861641315489,0.10047254915289783,0.5576923319328709,0.3618550545656723,0.4070414619532537,0.4153225847150034,0.2705882489681244,0.3686274588108063,0.36288573469731006,0.39867206562035334,0.5360518315087522,0.0005385129402422041,0.0,0.11838432008069968,0.4752461938281487,0.14013059160445462,0.08390586033500756,0.0022193651085193012,0.09429229747069755,0.19482068668041896,0.7614221787971179,0.002556135490487196,0.07880684910252468,0.0,0.0,0.0,0.0,0.0,0.0,0.0,0.0,0.0,0.0,0.0,0.0,0.0,0.0,0.0,0.0,0.0,0.0,0.0,0.0,0.0,0.0,0.0,0.0,0.002556135490487196,0.0,0.0,0.0,3.8826494703202635e-05,3.8826494703202635e-05,3.8826494703202635e-05,0.0,0.11153226658456955,0.17578025850384366,0.6884914427058093,0.8345671856030841,6.644218122500728e-05,0.8586534396866681,0.8586534396866681,0.8586534396866681,0.0,2.0530928622064936e-07,2.0530928622064936e-07,2.0530928622064936e-07,0.0,0.0881542699724518,0.12783171521035588,0.38259327445791547,0.38259327445791547,0.38259327445791547,0.6342790248375364,0.2839093809544286,3.947414456758025e-07,0.0,0.0,0.0,0.0,0.8177482522252925,0.0005717631547046993,0.08414902849124348,0.3198650374943243,0.0,0.10698969128705302,0.10698969128705302,0.10698969128705302,0.0,0.5091935470929613,0.5091935470929613,0.5091935470929613
1,1264,29,0.48221343931768185,0.630331773526028,0.0015144616480888013,0.0,0.32756630198280484,0.11688889271809728,0.7836538580106434,0.32556486846646615,0.5633526475868238,0.5806451861881802,0.4274509847164154,0.3960784375667572,0.3202396595703438,0.5561904257394252,0.4900663273753091,0.0015144616480888013,0.0,0.09931144468771533,0.8547683919363089,0.12058843953037064,0.08624311451651072,0.003390271527841553,0.11494163843948439,0.29987541819387753,0.7514656614574853,0.00393369353925275,0.054719664429022166,0.0,0.0,0.0,0.0,0.0,0.0,0.0,0.0,0.0,0.0,0.0,0.0,0.0,0.0,0.0,0.0,0.0,0.0,0.0,0.0,0.0,0.0,0.0,0.0,0.00393369353925275,0.0,0.0,0.0,4.332731322680781e-05,4.332731322680781e-05,4.332731322680781e-05,0.0,0.11912361167099983,0.2571791633719936,0.6366407227879889,0.8122049572842239,6.980781506381911e-05,0.8175260087113739,0.8175260087113739,0.8175260087113739,0.0,1.4682545468863224e-06,1.4682545468863224e-06,1.4682545468863224e-06,0.0,0.19834710743801653,0.2641080097087378,0.5878478993338975,0.5878478993338975,0.5878478993338975,0.4802226106035494,0.1755937041752953,4.656291107918014e-06,0.0,0.0,0.0,0.0,0.8402282058013758,0.0008471235701081176,0.0708587899494226,0.3525937148756782,0.0,0.12467022340345987,0.12467022340345987,0.12467022340345987,0.0,0.48173534446768346,0.48173534446768346,0.48173534446768346
1,1264,29,0.6047431063783174,0.7009478834550306,0.002256005116470161,0.0,0.13840829661245277,0.17089020337182065,0.7836538580106434,0.19387410744903186,0.6455671221012724,0.6532258270402259,0.5137255191802979,0.3098039031028747,0.15932928843568528,0.6369723708138422,0.6068680914781173,0.002256005116470161,0.0,0.043239802069424974,0.7521970741752868,0.12399172146860009,0.08624311451651072,0.004017816144733217,0.10841778072198331,0.3389125338623714,0.7166505120284515,0.004637778764177368,0.051026558234822036,0.0,0.0,0.0,0.0,0.0,0.0,0.0,0.0,0.0,0.0,0.0,0.0,0.0,0.0,0.0,0.0,0.0,0.0,0.0,0.0,0.0,0.0,0.0,0.0,0.004637778764177368,0.0,0.0,0.0,5.7514230973291646e-05,5.7514230973291646e-05,5.7514230973291646e-05,0.0,0.13231749727883751,0.31059694569649887,0.6658268981601456,0.7933969833430148,0.00011486443293487814,0.8540762696125238,0.8540762696125238,0.8540762696125238,0.0,5.55984775095595e-07,5.55984775095595e-07,5.55984775095595e-07,0.0,0.06611570247933884,0.0634101941747573,0.3248435101747751,0.3248435101747751,0.3248435101747751,0.7656481717804405,0.22799341409110202,1.5277565345791815e-06,0.0,0.0,0.0,0.0,0.9279724430944237,0.000873875727003557,0.04067004430184115,0.6657507822675088,0.0,0.15686937682461236,0.15686937682461236,0.15686937682461236,0.0,0.48697558552661585,0.48697558552661585,0.48697558552661585
1,1264,29,0.521739158717764,0.6146919639444369,0.002288626195593821,0.0,0.14763551638661637,0.2388607148744469,0.817307702320099,0.21297541500137487,0.5823839891491999,0.6088709909639758,0.4039215743541717,0.4470588266849518,0.16445750267667864,0.5730351411774882,0.44164383458356027,0.002288626195593821,0.0,0.058681750866039606,0.6324216698446212,0.16687579573709804,0.11917637111025146,0.004798420424281385,0.13218264773665134,0.4493413613353496,0.7814334899295847,0.005739825203189811,0.03150257825800823,0.0,0.0,0.0,0.0,0.0,0.0,0.0,0.0,0.0,0.0,0.0,0.0,0.0,0.0,0.0,0.0,0.0,0.0,0.0,0.0,0.0,0.0,0.0,0.0,0.005739825203189811,0.0,0.0,0.0,4.636541694189618e-05,4.636541694189618e-05,4.636541694189618e-05,0.0,0.12159896395946751,0.4198902634638709,0.6888221154451339,0.8195586172714787,8.726477990723451e-05,0.8591217423560938,0.8591217423560938,0.8591217423560938,0.0,1.1499106030846222e-06,1.1499106030846222e-06,1.1499106030846222e-06,0.0,0.24411951684678962,0.16395702878152463,0.4453928439086199,0.4453928439086199,0.4453928439086199,0.5929958043881276,0.20402713585595217,3.7148568505902517e-06,0.0,0.0,0.0,0.0,0.9074775750851101,0.0011479914925143968,0.05081026053612839,0.5424728703463841,0.0,0.1307153466774084,0.1307153466774084,0.1307153466774084,0.0,0.5133194085822846,0.5133194085822846,0.5133194085822846
1,1264,31,0.6758893472302202,0.8597156473893648,0.0017439771752388946,0.0,0.23068049435408786,0.15151268613617727,0.9615384636463367,0.28653940742798684,0.7317337814925944,0.7177419522420444,0.6235294342041016,0.3450980186462402,0.24878083046600857,0.727769249345537,0.7056260608447975,0.0017439771752388946,0.0,0.08506956115007405,0.46754272938282737,0.11748858418753451,0.0734784018138485,0.002257630024183427,0.07678499010159322,0.2119857854411496,0.8024541585437678,0.0026785850948219123,0.06988515677824346,0.0,0.0,0.0,0.0,0.0,0.0,0.0,0.0,0.0,0.0,0.0,0.0,0.0,0.0,0.0,0.0,0.0,0.0,0.0,0.0,0.0,0.0,0.0,0.0,0.0026785850948219123,0.0,0.0,0.0,3.172657186382923e-05,3.172657186382923e-05,3.172657186382923e-05,0.0,0.10300233420390958,0.1917324216239566,0.6959541943762684,0.848595106018623,4.799050501173962e-05,0.8611266555616554,0.8611266555616554,0.8611266555616554,0.0,2.58671760613008e-07,2.58671760613008e-07,2.58671760613008e-07,0.0,0.2644628099173554,0.2507281553398058,0.5741740704354775,0.5741740704354775,0.5741740704354775,0.5188718981419085,0.30366908091288547,6.699629391244931e-07,0.0,0.0,0.0,0.0,0.8420679642010805,0.0005878890188881288,0.07945961375389657,0.35652840982276734,0.0,0.09953875053132513,0.09953875053132513,0.09953875053132513,0.0,0.5794360685679145,0.5794360685679145,0.5794360685679145
1,1264,31,0.554150223994742,0.6161137648154906,0.0021088678259239295,0.0,0.13379468672537087,0.6014135436997775,0.750000013701188,0.19787680469336383,0.6007000604132318,0.6330645379146577,0.211764708161354,0.5843137353658676,0.13509482143254153,0.5920189440252698,0.028481226737602672,0.0021088678259239295,0.0,0.0617760591910978,0.7575774214180584,0.15239239402519683,0.10562545248632242,0.004300976520647749,0.13384095818448133,0.3615143340942358,0.712542494561276,0.004959208975555997,0.0478799872593101,0.0,0.0,0.0,0.0,0.0,0.0,0.0,0.0,0.0,0.0,0.0,0.0,0.0,0.0,0.0,0.0,0.0,0.0,0.0,0.0,0.0,0.0,0.0,0.0,0.004959208975555997,0.0,0.0,0.0,6.0641839273804145e-05,6.0641839273804145e-05,6.0641839273804145e-05,0.0,0.13766849310805945,0.3226673965383254,0.6472203190723071,0.7843936438430849,0.00011969380017849926,0.840332181988379,0.840332181988379,0.840332181988379,0.0,3.71175517453933e-07,3.71175517453933e-07,3.71175517453933e-07,0.0,0.203432930705658,0.13862239329005574,0.44165238462824674,0.44165238462824674,0.44165238462824674,0.6740861856517476,0.23270607638299504,8.188578964470651e-07,0.0,0.0,0.0,0.0,0.9269759633666694,0.0009694389569416737,0.047410854568263966,0.6359104813604374,0.0,0.16173134142503046,0.16173134142503046,0.16173134142503046,0.0,0.49251195944356646,0.49251195944356646,0.49251195944356646
1,1264,31,0.3992094916571285,0.5260663763154205,0.00076140401659559,0.0,0.2029989051547091,0.18997296339257544,0.6538461728170295,0.2842345708835858,0.4759976101089624,0.5080645453361344,0.2431372553110122,0.4745098203420639,0.23307559731627653,0.4666510675928998,0.424111697186763,0.00076140401659559,0.0,0.09331781392856398,0.7271221685069746,0.09699655492098251,0.07025722149327086,0.002357118804910154,0.08276473996845031,0.19531078936569773,0.72522532352293,0.0026785850948219123,0.08244692670342048,0.0,0.0,0.0,0.0,0.0,0.0,0.0,0.0,0.0,0.0,0.0,0.0,0.0,0.0,0.0,0.0,0.0,0.0,0.0,0.0,0.0,0.0,0.0,0.0,0.0026785850948219123,0.0,0.0,0.0,3.8671316557021626e-05,3.8671316557021626e-05,3.8671316557021626e-05,0.0,0.11002836405302874,0.17052831093520598,0.647980727949591,0.8225613077699652,6.0343979385487973e-05,0.8208822173503432,0.8208822173503432,0.8208822173503432,0.0,4.7451366151712285e-07,4.7451366151712285e-07,4.7451366151712285e-07,0.0,0.03778040141676506,0.12621359223300974,0.34339496649958867,0.34339496649958867,0.34339496649958867,0.605474424694392,0.21253852438806137,1.0872600104401098e-06,0.0,0.0,0.0,0.0,0.8800643400246915,0.0005034708747767465,0.04857201754498358,0.4255831745989543,0.0,0.12165576685875021,0.12165576685875021,0.12165576685875021,0.0,0.5098038932094642,0.5098038932094642,0.5098038932094642
1,1264,33,0.4932806323390889,0.5829384111575705,0.0012619997254029553,0.0,0.14763551638661637,0.2509554651169893,0.7211538614359404,0.20745790515298815,0.5317285621956865,0.5483871235872709,0.4352941215038299,0.337254911661148,0.14648129611451488,0.5211509698149001,0.7734131668045297,0.0012619997254029553,0.0,0.059450156812950954,0.6197503669990929,0.15072404150210683,0.0974386205315216,0.0032219058989193987,0.11762347741531122,0.2509969690576535,0.6772451002275808,0.0036734881300414797,0.07225721552238666,0.0,0.0,0.0,0.0,0.0,0.0,0.0,0.0,0.0,0.0,0.0,0.0,0.0,0.0,0.0,0.0,0.0,0.0,0.0,0.0,0.0,0.0,0.0,0.0,0.0036734881300414797,0.0,0.0,0.0,7.758569707997595e-05,7.758569707997595e-05,7.758569707997595e-05,0.0,0.14402221140041876,0.21903634114984577,0.6419010717196947,0.7598970689299499,0.00016878439557412874,0.8422198591306811,0.8422198591306811,0.8422198591306811,0.0,5.008052695986937e-07,5.008052695986937e-07,5.008052695986937e-07,0.0,0.3022432113341204,0.18082524271844658,0.5337605886619204,0.5337605886619204,0.5337605886619204,0.6138821792374358,0.3260978678234154,1.69560537150404e-06,0.0,0.0,0.0,0.0,0.9705069050166287,0.0006137872293824136,0.021824641126757832,0.8107622818077197,0.0,0.19055423391000678,0.19055423391000678,0.19055423391000678,0.0,0.5236079420973611,0.5236079420973611,0.5236079420973611
1,1264,33,0.32015811293279195,0.33175355458771805,0.0007224486000704715,0.0,0.1291810768382892,0.27371567551809173,0.42307695469504913,0.189034902339673,0.34100332661662114,0.3830645221140942,0.1803921610116958,0.3490196317434311,0.13873009364022598,0.32521192246092834,0.2526728076333169,0.0007224486000704715,0.0,0.04879718068338188,0.8010178546796667,0.1514965491279308,0.10408872952374788,0.004247405638717973,0.13772120809885197,0.34353091444580003,0.689401556750393,0.00486737177230496,0.05274557633625716,0.0,0.0,0.0,0.0,0.0,0.0,0.0,0.0,0.0,0.0,0.0,0.0,0.0,0.0,0.0,0.0,0.0,0.0,0.0,0.0,0.0,0.0,0.0,0.0,0.00486737177230496,0.0,0.0,0.0,7.932533966613862e-05,7.932533966613862e-05,7.932533966613862e-05,0.0,0.1447239342813213,0.2970097566731495,0.627274041354577,0.7616380267493404,0.00017513354114895036,0.8272646053372861,0.8272646053372861,0.8272646053372861,0.0,2.1388242674385024e-06,2.1388242674385024e-06,2.1388242674385024e-06,0.0,0.07556080283353012,0.16990291262135918,0.4127125168181116,0.4127125168181116,0.4127125168181116,0.5368711946081708,0.12736421338773637,6.185697090393824e-06,0.0,0.0,0.0,0.0,0.9146995737673479,0.0009209102796337379,0.040910618842481095,0.6237263506202564,0.0,0.17812027275517087,0.17812027275517087,0.17812027275517087,0.0,0.42501404755479094,0.42501404755479094,0.42501404755479094
1,1264,33,0.3241106818690089,0.3175355458771807,0.00035136910876409075,0.0,0.10611302740288035,0.37769523080399836,0.3701923056722607,0.1693195079798532,0.34088611976406796,0.38709677993920777,0.1607843190431594,0.325490191578865,0.11195828649146021,0.324466813068294,0.06722562451083314,0.00035136910876409075,0.0,0.04255225519078397,0.4731771195669019,0.08323702710819404,0.05346801610337429,0.002272935990449077,0.051910489835353624,0.17522655730856296,0.6874636161111062,0.002510216888861678,0.09366527467473022,0.0,0.0,0.0,0.0,0.0,0.0,0.0,0.0,0.0,0.0,0.0,0.0,0.0,0.0,0.0,0.0,0.0,0.0,0.0,0.0,0.0,0.0,0.0,0.0,0.002510216888861678,0.0,0.0,0.0,4.582213268857543e-05,4.582213268857543e-05,4.582213268857543e-05,0.0,0.13501347002192393,0.1381791894136538,0.591920884953199,0.7938584039742621,6.491419110660963e-05,0.7998728961619934,0.7998728961619934,0.7998728961619934,0.0,5.990798351742027e-07,5.990798351742027e-07,5.990798351742027e-07,0.0,0.44077134986225897,0.4449838187702264,0.763970226927466,0.763970226927466,0.763970226927466,0.3473490163355127,0.28810655566069876,1.984294075138954e-06,0.0,0.0,0.0,0.0,0.8567163307462325,0.0005135345156018473,0.0658757070439834,0.39167513419389144,0.0,0.1402596205696882,0.1402596205696882,0.1402596205696882,0.0,0.5416396735836264,0.5416396735836264,0.5416396735836264
1,1264,35,0.2252964434446312,0.2682464490139844,0.00016111987647141448,0.0,0.13840829661245277,0.20732799472921273,0.3365384613628053,0.21286811311329817,0.26990346937185544,0.3185483969122757,0.125490203499794,0.3333333283662796,0.16121485730951945,0.25392747499147117,0.2840123020534414,0.00016111987647141448,0.0,0.05775763009755923,0.5456589309307456,0.07480975727765175,0.05346801610337429,0.0018137570024795667,0.05079005225321426,0.15621106818558975,0.7592557732631995,0.002081643273690172,0.09260357452190253,0.0,0.0,0.0,0.0,0.0,0.0,0.0,0.0,0.0,0.0,0.0,0.0,0.0,0.0,0.0,0.0,0.0,0.0,0.0,0.0,0.0,0.0,0.0,0.0,0.002081643273690172,0.0,0.0,0.0,3.456074531194929e-05,3.456074531194929e-05,3.456074531194929e-05,0.0,0.10014028123215929,0.15274201942256727,0.7451835646885634,0.8486787860844222,6.276961533427567e-05,0.892951510478941,0.892951510478941,0.892951510478941,0.0,1.6471394391259992e-07,1.6471394391259992e-07,1.6471394391259992e-07,0.0,0.34002361275088555,0.20266990291262132,0.5653740095605206,0.5653740095605206,0.5653740095605206,0.566633633944292,0.5199522683984673,5.765154746262903e-07,0.0,0.0,0.0,0.0,0.9378311744856368,0.000329160736367391,0.0257816348731206,0.5299005760037067,0.0,0.10977499416163775,0.10977499416163775,0.10977499416163775,0.0,0.700581219493033,0.700581219493033,0.700581219493033
1,1264,35,0.4229249052744295,0.5497630574996495,0.0012051344265910965,0.0,0.2306805644771996,0.19887718702269552,0.74519232165698,0.2857418384737863,0.46680766329964146,0.47177419426659445,0.3215686380863189,0.4705882370471954,0.2514147154339321,0.4569381033636493,0.7384010635871044,0.0012051344265910965,0.0,0.08874878959429014,0.7521407106028168,0.14575472909781328,0.09446553182624605,0.003979551229069091,0.1274486505252872,0.32068943357511337,0.6892223720453621,0.004469410558217134,0.05662464081783204,0.0,0.0,0.0,0.0,0.0,0.0,0.0,0.0,0.0,0.0,0.0,0.0,0.0,0.0,0.0,0.0,0.0,0.0,0.0,0.0,0.0,0.0,0.0,0.0,0.004469410558217134,0.0,0.0,0.0,5.446448807626258e-05,5.446448807626258e-05,5.446448807626258e-05,0.0,0.14058540869731306,0.28455165126807336,0.6367612996461534,0.7895520639558155,0.00010048945537277271,0.8403449668172827,0.8403449668172827,0.8403449668172827,0.0,5.150997180979414e-07,5.150997180979414e-07,5.150997180979414e-07,0.0,0.02938475665748394,0.07497303128371083,0.2684894546275275,0.2684894546275275,0.2684894546275275,0.7077767619602048,0.17665529417536632,8.583205106771624e-07,0.0,0.0,0.0,0.0,0.9138729894522913,0.0008575035774812921,0.04476612690750703,0.5020560681653883,0.0,0.1499742219013773,0.1499742219013773,0.1499742219013773,0.0,0.4399731766361728,0.4399731766361728,0.4399731766361728
1,1264,35,0.4229249052744295,0.4312796515785047,0.0010244408813682708,0.0,0.11072670741307375,0.4929994759395418,0.5432692558002472,0.15441413008179178,0.439980287886043,0.4758064520917082,0.1921568661928177,0.4352941364049911,0.12133186876380674,0.42512546527812983,0.13747453736221293,0.0010244408813682708,0.0,0.0334711247758567,0.47885373135778875,0.18903334149782186,0.11917637111025146,0.0037423087519515104,0.13104084810949485,0.33089565870489396,0.7484566943838494,0.0043163485527987384,0.049598276797260935,0.0,0.0,0.0,0.0,0.0,0.0,0.0,0.0,0.0,0.0,0.0,0.0,0.0,0.0,0.0,0.0,0.0,0.0,0.0,0.0,0.0,0.0,0.0,0.0,0.0043163485527987384,0.0,0.0,0.0,3.2431669688630005e-05,3.2431669688630005e-05,3.2431669688630005e-05,0.0,0.10230495743783613,0.31283640848374933,0.6785349426068026,0.8426290272533057,4.987423182197211e-05,0.8453510618546431,0.8453510618546431,0.8453510618546431,0.0,3.1621244083018266e-07,3.1621244083018266e-07,3.1621244083018266e-07,0.0,0.18890200708382526,0.1152912621359223,0.43319376328624654,0.43319376328624654,0.43319376328624654,0.7150742509108637,0.2834178461295912,8.367333937623397e-07,0.0,0.0,0.0,0.0,0.8407768615691652,0.0009488629778018293,0.07464885559192355,0.353464530339451,0.0,0.1034284507443283,0.1034284507443283,0.1034284507443283,0.0,0.5339380004169224,0.5339380004169224,0.5339380004169224
1,1264,37,0.683794485102654,0.8009478780524766,0.002650032107369432,0.0,0.14994232133015717,0.1979514753114063,0.9759615397789603,0.2004306229216222,0.7301861108339414,0.7338709835424989,0.6509804129600525,0.3294117450714111,0.17573244038083394,0.7241346593388641,0.7039727471383682,0.002650032107369432,0.0,0.04607302825290304,0.7101700411112972,0.15440173195645918,0.10562545248632242,0.0037882266507484616,0.130445568628268,0.3049212959509708,0.6901370744195963,0.004301042352256899,0.05941329679361089,0.0,0.0,0.0,0.0,0.0,0.0,0.0,0.0,0.0,0.0,0.0,0.0,0.0,0.0,0.0,0.0,0.0,0.0,0.0,0.0,0.0,0.0,0.0,0.0,0.004301042352256899,0.0,0.0,0.0,5.670376465901341e-05,5.670376465901341e-05,5.670376465901341e-05,0.0,0.1410382336859337,0.26315918971471947,0.6152577518910529,0.7843546749495717,0.0001051742302903078,0.8225072548683072,0.8225072548683072,0.8225072548683072,0.0,3.120238349908682e-07,3.120238349908682e-07,3.120238349908682e-07,0.0,0.17630853994490353,0.09611650485436887,0.38015115217107626,0.38015115217107626,0.38015115217107626,0.7019009140677686,0.30461835754335254,8.860774661123969e-07,0.0,0.0,0.0,0.0,0.932276352078559,0.0007691899422929535,0.03154061985627435,0.5501707623339851,0.0,0.15666985313661566,0.15666985313661566,0.15666985313661566,0.0,0.49709497907763506,0.49709497907763506,0.49709497907763506
1,1264,37,0.5375494344626314,0.6682464634207944,0.002674474470231016,0.0,0.23990771412825146,0.29937731088201897,0.8221153943643069,0.2821187332816994,0.6041976210329381,0.6250000222644303,0.250980406999588,0.6039215624332428,0.2341467068708852,0.5979665541355781,0.3575788991253139,0.002674474470231016,0.0,0.09987377906652685,0.29515857942746915,0.27932260171468093,0.1673100863878294,0.005548412771298252,0.1672434359189035,0.46429117807178705,0.703436933257613,0.006244929821070515,0.03563316819596056,0.0,0.0,0.0,0.0,0.0,0.0,0.0,0.0,0.0,0.0,0.0,0.0,0.0,0.0,0.0,0.0,0.0,0.0,0.0,0.0,0.0,0.0,0.0,0.0,0.006244929821070515,0.0,0.0,0.0,5.5639215915277154e-05,5.5639215915277154e-05,5.5639215915277154e-05,0.0,0.1213512207048969,0.45252678493031795,0.69079427992159,0.8137050114697717,0.00012384900869773463,0.8673382530182557,0.8673382530182557,0.8673382530182557,0.0,1.0821957943980316e-06,1.0821957943980316e-06,1.0821957943980316e-06,0.0,0.1322314049586777,0.08252427184466013,0.38021420889236557,0.38021420889236557,0.38021420889236557,0.7426808848668346,0.20350022161565146,3.439027218567387e-06,0.0,0.0,0.0,0.0,0.8789443586311931,0.0012921057800756902,0.057602876083308135,0.4161233399517374,0.0,0.1273713252566461,0.1273713252566461,0.1273713252566461,0.0,0.4778075282567151,0.4778075282567151,0.4778075282567151
1,1264,37,0.5407114896116049,0.6545023883339415,0.0013092936886472664,0.0,0.27681659322490554,0.1258536219113304,0.8028846261874751,0.2784890672036519,0.6053667057292275,0.6370967957397713,0.4705882370471954,0.3686274588108063,0.26908999027221964,0.5975225564129809,0.4491575856381556,0.0013092936886472664,0.0,0.07334914105564733,0.6076797932997711,0.11659256685093701,0.0734784018138485,0.0024413016193712313,0.08883571096777741,0.23987314406892957,0.830057898978277,0.002923484303491344,0.06049227976540135,0.0,0.0,0.0,0.0,0.0,0.0,0.0,0.0,0.0,0.0,0.0,0.0,0.0,0.0,0.0,0.0,0.0,0.0,0.0,0.0,0.0,0.0,0.0,0.0,0.002923484303491344,0.0,0.0,0.0,2.2638085552032102e-05,2.2638085552032102e-05,2.2638085552032102e-05,0.0,0.0832502763411811,0.23171655746878322,0.7330533058688671,0.8767512247766823,2.8608002453564696e-05,0.8735824092667754,0.8735824092667754,0.8735824092667754,0.0,3.320854629586834e-07,3.320854629586834e-07,3.320854629586834e-07,0.0,0.1175390266299357,0.1542610571736785,0.4180301009697278,0.4180301009697278,0.4180301009697278,0.5809209569926976,0.2542736778110246,7.809995447120888e-07,0.0,0.0,0.0,0.0,0.8094664319071688,0.0006600443168022788,0.08464401785044798,0.3115297192221223,0.0,0.07811196917597485,0.07811196917597485,0.07811196917597485,0.0,0.5816507251214516,0.5816507251214516,0.5816507251214516
1,1264,39,0.6521739336129193,0.7677725243945561,0.003203037845285456,0.0,0.16147634604786162,0.1551549379698185,0.8750000068505939,0.20146417894778312,0.7024793663337348,0.709677436591817,0.5803921818733215,0.3176470398902893,0.17665097741837532,0.6956124802455825,0.5961828679777328,0.003203037845285456,0.0,0.04551370463689623,0.7319323603746826,0.18072612135940136,0.1171756827627506,0.004989745002602014,0.15558492945324337,0.4088187469666635,0.6927912594514385,0.0056939066015642935,0.043034080257681934,0.0,0.0,0.0,0.0,0.0,0.0,0.0,0.0,0.0,0.0,0.0,0.0,0.0,0.0,0.0,0.0,0.0,0.0,0.0,0.0,0.0,0.0,0.0,0.0,0.0056939066015642935,0.0,0.0,0.0,6.335872568276418e-05,6.335872568276418e-05,6.335872568276418e-05,0.0,0.1476168805523459,0.3565554727428613,0.6222696239951029,0.773926087045397,0.0001223246445351961,0.830839894114375,0.830839894114375,0.830839894114375,0.0,1.1736002724739082e-06,1.1736002724739082e-06,1.1736002724739082e-06,0.0,0.3606311044327573,0.2923052234614458,0.6494847228725813,0.6494847228725813,0.6494847228725813,0.4920966123508891,0.1738837952214091,3.4521422872721836e-06,0.0,0.0,0.0,0.0,0.9481688508186049,0.0010135500428208701,0.02702201709341226,0.6138806223122133,0.0,0.16823345778996365,0.16823345778996365,0.16823345778996365,0.0,0.4895573213810775,0.4895573213810775,0.4895573213810775
1,1264,39,0.43043478625324144,0.5165877038417289,0.0016950718730412882,0.0,0.23298736942074041,0.13613847005523577,0.5913461762423264,0.25140611473366986,0.48980645391196714,0.5322580922868163,0.3333333432674408,0.3333333432674408,0.23350814524441366,0.47842731730551996,0.383750106780835,0.0016950718730412882,0.0,0.062338205809178066,0.7637254354907106,0.2078744916994273,0.12918117210357666,0.005089233783328742,0.1833419255907594,0.408391249792999,0.6796173903636588,0.005831662406440849,0.0442316388268489,0.0,0.0,0.0,0.0,0.0,0.0,0.0,0.0,0.0,0.0,0.0,0.0,0.0,0.0,0.0,0.0,0.0,0.0,0.0,0.0,0.0,0.0,0.0,0.0,0.005831662406440849,0.0,0.0,0.0,7.25050928663808e-05,7.25050928663808e-05,7.25050928663808e-05,0.0,0.15230620350629687,0.3556721240091409,0.615506507123672,0.7596385471814683,0.00014767887482840803,0.8247222130171358,0.8247222130171358,0.8247222130171358,0.0,3.047074247910973e-07,3.047074247910973e-07,3.047074247910973e-07,0.0,0.2350780532598714,0.09479503775620271,0.40093355664508273,0.40093355664508273,0.40093355664508273,0.767674194449633,0.27849968911079104,7.731749865718265e-07,0.0,0.0,0.0,0.0,0.9730365381160268,0.0010035450598554646,0.020310797192860247,0.7356848006921839,0.0,0.18629457239178013,0.18629457239178013,0.18629457239178013,0.0,0.4827940232180569,0.4827940232180569,0.4827940232180569
1,1264,39,0.5521739395266336,0.7203791620260981,0.00276405283798,0.0,0.23068049435408786,0.20967267591003333,0.8701923148063861,0.2953740644055686,0.6303136454226975,0.6532258270402259,0.3529411852359772,0.5411764681339264,0.22944772038256753,0.6251828776577297,0.4306498692573199,0.00276405283798,0.0,0.10835649718297004,0.7117382652446835,0.2413552139297877,0.1564646102068969,0.0052269874797195946,0.2049937357028161,0.4289548431277783,0.692636632253001,0.0059541120107755655,0.04053934993785503,0.0,0.0,0.0,0.0,0.0,0.0,0.0,0.0,0.0,0.0,0.0,0.0,0.0,0.0,0.0,0.0,0.0,0.0,0.0,0.0,0.0,0.0,0.0,0.0,0.0059541120107755655,0.0,0.0,0.0,6.018242094415128e-05,6.018242094415128e-05,6.018242094415128e-05,0.0,0.139970048589096,0.39109068936638636,0.6398387390066111,0.7875783913733313,0.0001204993512785704,0.8408209212968066,0.8408209212968066,0.8408209212968066,0.0,1.0396088493134987e-06,1.0396088493134987e-06,1.0396088493134987e-06,0.0,0.37024793388429755,0.20077669902912615,0.5484399738493947,0.5484399738493947,0.5484399738493947,0.6235190283518365,0.22772695047553235,3.4608281858241224e-06,0.0,0.0,0.0,0.0,0.9474097530470499,0.0010906212823724925,0.032139274474189045,0.6039283716883348,0.0,0.15747719207617508,0.15747719207617508,0.15747719207617508,0.0,0.5111691212300639,0.5111691212300639,0.5111691212300639
1,1270,10,0.003952568936216852,0.15165877758757787,0.044765357747941666,0.0,0.5051903133143141,0.5058062016960146,1.0,0.5560251324182953,0.06673056255487879,0.04032258399679595,0.0,1.0,0.4943488275718965,0.12165798548527838,0.9954232763491959,0.044765357747941666,0.0,0.37297053841206473,0.9990263924795946,0.9806245021826103,1.0000000000000002,0.9870588055223927,0.9821781315696678,0.867750256354946,0.0019368364707997021,0.9871734039459383,0.7325035026553091,0.0,0.0,0.0,0.0,0.0,0.0,0.0,0.0,0.0,0.0,0.0,0.0,0.0,0.0,0.0,0.0,0.0,0.0,0.0,0.0,0.0,0.0,0.0,0.0,0.9871734039459383,0.0,0.0,0.0,0.6919090290524647,0.6919090290524647,0.6919090290524647,0.0,0.9469367031568143,0.2697938820420135,0.09742298021599999,0.0026427485539861854,0.9150382110513219,0.16656465657645528,0.16656465657645528,0.16656465657645528,0.0,0.9745264371354332,0.9745264371354332,0.9745264371354332,0.0,0.0,0.9999999999999999,6.99043919690517e-12,6.99043919690517e-12,6.99043919690517e-12,0.0,1.2912793412705586e-06,0.0,0.0,0.0,0.0,0.0,0.015117388089337484,0.9798041615124232,0.98989658807984,0.015376811846580171,0.0,0.9969718952266157,0.9969718952266157,0.9969718952266157,0.0,0.0010137958529286978,0.0010137958529286978,0.0010137958529286978
1,1270,10,0.0,0.20379147619288154,0.046601053051192616,0.0,0.4982698984836915,0.4131635846544054,1.0,0.5988788896544684,0.060141597742037575,0.016129033215674465,0.0,1.0,0.5062662284672274,0.1262610606259018,0.9637898053751686,0.046601053051192616,0.0,0.4210604476637925,0.9995225170923636,0.9797959536150236,1.0000000000000002,0.9886582789971532,0.9816054404445378,0.8419162952686069,0.0017106507265023645,0.9888417798049989,0.7564625343360739,0.0,0.0,0.0,0.0,0.0,0.0,0.0,0.0,0.0,0.0,0.0,0.0,0.0,0.0,0.0,0.0,0.0,0.0,0.0,0.0,0.0,0.0,0.0,0.0,0.9888417798049989,0.0,0.0,0.0,0.7122951077770402,0.7122951077770402,0.7122951077770402,0.0,0.9688080712218492,0.2693131805016546,0.10869410369834082,0.0022785584423413163,0.8992003221792272,0.16968649607066205,0.16968649607066205,0.16968649607066205,0.0,0.09772161350481276,0.09772161350481276,0.09772161350481276,0.0,0.2380165289256198,0.22932038834951457,0.5283809522638723,0.5283809522638723,0.5283809522638723,0.49137322226986596,0.0009061817932142777,0.3518382445258173,0.0,0.0,0.0,0.0,0.014735866857285958,0.9823760818160601,0.9910069662305154,0.014762437114514568,0.0,0.9974781246261218,0.9974781246261218,0.9974781246261218,0.0,0.0014920967547318864,0.0014920967547318864,0.0014920967547318864
1,1270,10,0.003952568936216852,0.16113745006126937,0.04839600635304098,0.0,0.5074971182578552,0.47894183110638233,1.0,0.5892269153452269,0.06830081771644138,0.03225806451612908,0.0,1.0,0.5074842886576996,0.13159984746079473,1.0,0.04839600635304098,0.0,0.42193687061809704,0.9991279089657794,0.9828044471987052,1.0000000000000002,0.9828496647993389,0.9843937432951777,0.8564752882910038,0.0018757308081075478,0.9829948111980162,0.7407569205565578,0.0,0.0,0.0,0.0,0.0,0.0,0.0,0.0,0.0,0.0,0.0,0.0,0.0,0.0,0.0,0.0,0.0,0.0,0.0,0.0,0.0,0.0,0.0,0.0,0.9829948111980162,0.0,0.0,0.0,0.6898500454098633,0.6898500454098633,0.6898500454098633,0.0,0.9522476294009552,0.2642150004806928,0.09458737385594301,0.002550873852545552,0.8789963169716213,0.1653857584132662,0.1653857584132662,0.1653857584132662,0.0,0.2415446010026205,0.2415446010026205,0.2415446010026205,0.0,0.06611570247933884,0.33100728155339804,0.6428571428085388,0.6428571428085388,0.6428571428085388,0.3601669579526622,0.0003051993878976935,0.7247367964807425,0.0,0.0,0.0,0.0,0.01516736406834266,0.9756977042953062,0.9899443154424474,0.015242442589942604,0.0,0.997100814575898,0.997100814575898,0.997100814575898,0.0,0.001277859846816179,0.001277859846816179,0.001277859846816179
1,1270,15,0.6719367782940034,0.725118498262944,0.004286590946593675,0.0,0.1291810768382892,0.4829027868061492,0.8365384704969305,0.15257242592123968,0.7028734983238496,0.7177419522420444,0.4313725531101227,0.4352941215038299,0.1276773514011464,0.6952065984289317,0.21459037655680718,0.004286590946593675,0.0,0.03060186590916055,0.8614719578110126,0.30731233628169236,0.20364269194291268,0.006543300578565525,0.28865886312447747,0.5864117293747373,0.7454926397963295,0.007744937474170786,0.021556976489767954,0.0,0.0,0.0,0.0,0.0,0.0,0.0,0.0,0.0,0.0,0.0,0.0,0.0,0.0,0.0,0.0,0.0,0.0,0.0,0.0,0.0,0.0,0.0,0.0,0.007744937474170786,0.0,0.0,0.0,5.575988660360105e-05,5.575988660360105e-05,5.575988660360105e-05,0.0,0.1254206184852258,0.541360239259703,0.6574698042610649,0.8018745889551775,0.00011355218471402836,0.8424436252039749,0.8424436252039749,0.8424436252039749,0.0,4.108000526942994e-07,4.108000526942994e-07,4.108000526942994e-07,0.0,0.49719008264462805,0.13341359223300972,0.4901115328907704,0.4901115328907704,0.4901115328907704,0.757571566119434,0.2980953465688595,1.2624107430420273e-06,0.0,0.0,0.0,0.0,0.9371855759246602,0.0014242436086042507,0.030423214794544767,0.5614578247318497,0.0,0.14450225758071986,0.14450225758071986,0.14450225758071986,0.0,0.5409820077384583,0.5409820077384583,0.5409820077384583
1,1270,15,0.33201581974144245,0.3364928908245638,0.0013900413967179513,0.0,0.1568627361607797,0.1400969175075549,0.3846153818048844,0.16797383133083768,0.34385133056196576,0.3830645221140942,0.2470588237047195,0.2509803920984268,0.16353110440333077,0.32600819008956095,0.4577332448097789,0.0013900413967179513,0.0,0.027637148421035828,0.8858377769774519,0.31377347308578374,0.20364269194291268,0.007813695778614503,0.29915766537961846,0.7134377567671847,0.7558402278128407,0.009091883121852662,0.012494533880051964,0.0,0.0,0.0,0.0,0.0,0.0,0.0,0.0,0.0,0.0,0.0,0.0,0.0,0.0,0.0,0.0,0.0,0.0,0.0,0.0,0.0,0.0,0.0,0.0,0.009091883121852662,0.0,0.0,0.0,3.944079647027186e-05,3.944079647027186e-05,3.944079647027186e-05,0.0,0.1101558210318323,0.699578494668853,0.6982013754689127,0.8382335103689054,7.570053117554533e-05,0.8652024242530378,0.8652024242530378,0.8652024242530378,0.0,1.3405321545434596e-06,1.3405321545434596e-06,1.3405321545434596e-06,0.0,0.39669421487603307,0.23543689320388345,0.574786599066525,0.574786599066525,0.574786599066525,0.5771501326920812,0.14367472838325815,3.513080423748834e-06,0.0,0.0,0.0,0.0,0.8504454946318087,0.00203968222445046,0.0746390940434962,0.36722030561654356,0.0,0.10726670556710102,0.10726670556710102,0.10726670556710102,0.0,0.5130247182762978,0.5130247182762978,0.5130247182762978
1,1270,15,0.38339921591226117,0.3981042979205841,0.0013743652683153272,0.0,0.10149941751579868,0.18853267232796803,0.48076925922554414,0.14381594820195912,0.4085089837071677,0.44354838949079894,0.3215686380863189,0.2549019753932953,0.11430518099436802,0.3921411899582021,0.37784544820244204,0.0013743652683153272,0.0,0.025420482349167575,0.7230580484305931,0.2515412971595834,0.15219433387017184,0.005923408944806686,0.215464423386437,0.44970625299740014,0.6429932477530402,0.006658197235700181,0.04241252350347818,0.0,0.0,0.0,0.0,0.0,0.0,0.0,0.0,0.0,0.0,0.0,0.0,0.0,0.0,0.0,0.0,0.0,0.0,0.0,0.0,0.0,0.0,0.0,0.0,0.006658197235700181,0.0,0.0,0.0,8.786544197821791e-05,8.786544197821791e-05,8.786544197821791e-05,0.0,0.16930329829074364,0.37868560794928774,0.580238764994178,0.7374640162899775,0.00018790078413028817,0.8083626714380685,0.8083626714380685,0.8083626714380685,0.0,8.677344954186071e-07,8.677344954186071e-07,8.677344954186071e-07,0.0,0.2833530106257379,0.16990291262135918,0.4993268467106282,0.4993268467106282,0.4993268467106282,0.6481837942805465,0.19190277248862883,2.4622499667090675e-06,0.0,0.0,0.0,0.0,0.9735982939851328,0.0011361070332248974,0.017209713705540253,0.6976788642766827,0.0,0.20123317061300103,0.20123317061300103,0.20123317061300103,0.0,0.4442070905071271,0.4442070905071271,0.4442070905071271
1,1270,17,0.41106719846577905,0.44549766028904203,0.002058582230860702,0.0,0.13840836673556448,0.4110305678458473,0.5336538717118313,0.19711107844377165,0.44812083613637826,0.49193551403567976,0.1607843190431594,0.4588235467672348,0.1455474235609068,0.43499009207403877,0.09064916404493156,0.002058582230860702,0.0,0.052291687205673336,0.832952583212285,0.35692788346098564,0.23835858884918248,0.007132580279793063,0.32878655813793567,0.6456582881235882,0.7510741204926914,0.008372491696386205,0.01698267444329099,0.0,0.0,0.0,0.0,0.0,0.0,0.0,0.0,0.0,0.0,0.0,0.0,0.0,0.0,0.0,0.0,0.0,0.0,0.0,0.0,0.0,0.0,0.0,0.0,0.008372491696386205,0.0,0.0,0.0,4.335497989357776e-05,4.335497989357776e-05,4.335497989357776e-05,0.0,0.11593798301701747,0.6203481061830881,0.6799523099935405,0.8259599179508907,8.186242581839325e-05,0.8502852516813981,0.8502852516813981,0.8502852516813981,0.0,5.53137771126601e-07,5.53137771126601e-07,5.53137771126601e-07,0.0,0.628099173553719,0.1860588592233009,0.5458376300172011,0.5458376300172011,0.5458376300172011,0.6801688192123182,0.2661386355636407,1.718651337575184e-06,0.0,0.0,0.0,0.0,0.8988602103471757,0.0017403495899579243,0.05660008668737468,0.47139041965977846,0.0,0.12198641761897935,0.12198641761897935,0.12198641761897935,0.0,0.5454744864305489,0.5454744864305489,0.5454744864305489
1,1270,17,0.5533597102074986,0.744075843210327,0.0030190504878380466,0.0,0.29527103277323274,0.1306366127375175,0.8605769307179703,0.3284754488718477,0.6436542560549371,0.6693548583406805,0.4352941215038299,0.450980395078659,0.3055465125225274,0.6388062238682798,0.4523256337512684,0.0030190504878380466,0.0,0.10804581461941082,0.955733152141603,0.28302627472396813,0.17838447510629757,0.00545657697370435,0.28220275182788856,0.4527765293690225,0.6985055222819407,0.006275542222154195,0.03729048621580611,0.0,0.0,0.0,0.0,0.0,0.0,0.0,0.0,0.0,0.0,0.0,0.0,0.0,0.0,0.0,0.0,0.0,0.0,0.0,0.0,0.0,0.0,0.0,0.0,0.006275542222154195,0.0,0.0,0.0,5.6426485514000157e-05,5.6426485514000157e-05,5.6426485514000157e-05,0.0,0.13068243429396564,0.43186571139243457,0.6603611574841248,0.8007348090433971,0.00011506939588543026,0.8495429286306458,0.8495429286306458,0.8495429286306458,0.0,1.2979651428200487e-07,1.2979651428200487e-07,1.2979651428200487e-07,0.0,0.22528313437404351,0.03679731511446714,0.2706355343832675,0.2706355343832675,0.2706355343832675,0.8818548488329974,0.3908080243456786,3.242035612956405e-07,0.0,0.0,0.0,0.0,0.9532787032474602,0.0011092496451973368,0.024571469859764522,0.6422784917831592,0.0,0.15012681307263667,0.15012681307263667,0.15012681307263667,0.0,0.5276005396864484,0.5276005396864484,0.5276005396864484
1,1270,19,0.3715415091036108,0.3990521651679535,0.0019609458876748073,0.0,0.16608995593494327,0.22533821456904615,0.44711541491608875,0.18665618022921807,0.3927067052467073,0.42338710036523064,0.1764705926179886,0.3725490421056747,0.16343034302892215,0.377142063680585,0.3584795912081513,0.0019609458876748073,0.0,0.039098999332368586,0.8429635692239632,0.38151915424171,0.23557865877305245,0.008854501484678728,0.3534246927054885,0.7155537598202375,0.6725275012384262,0.010102092357614069,0.01766426189148708,0.0,0.0,0.0,0.0,0.0,0.0,0.0,0.0,0.0,0.0,0.0,0.0,0.0,0.0,0.0,0.0,0.0,0.0,0.0,0.0,0.0,0.0,0.0,0.0,0.010102092357614069,0.0,0.0,0.0,6.827234638353263e-05,6.827234638353263e-05,6.827234638353263e-05,0.0,0.1631661760545544,0.6281097131028716,0.5977631669941859,0.7602398771090823,0.00013028679996802495,0.8184611407218698,0.8184611407218698,0.8184611407218698,0.0,5.303835794050961e-07,5.303835794050961e-07,5.303835794050961e-07,0.0,0.6135537190082644,0.17109126213592232,0.5262867458927359,0.5262867458927359,0.5262867458927359,0.6919302558046866,0.23239864090300916,1.4538753738187292e-06,0.0,0.0,0.0,0.0,0.9592979300105983,0.0018341578751211321,0.025767867456264054,0.6230309622200358,0.0,0.17914657646971524,0.17914657646971524,0.17914657646971524,0.0,0.4775891112791429,0.4775891112791429,0.4775891112791429
1,1270,19,0.4664031635728145,0.5450237212628037,0.0024367570461026654,0.0,0.14763551638661637,0.29116941439545896,0.6682692489496532,0.21351673062633802,0.521525387955158,0.5524193814123846,0.2784313857555389,0.450980395078659,0.16617926224496485,0.5107413223967643,0.24599098533927682,0.0024367570461026654,0.0,0.06008378787138,0.40868110114798006,0.3526995562840672,0.19943497163956875,0.006451464780971623,0.2385051503164437,0.545221937193565,0.7066400559877115,0.007530650666585032,0.027581805324989328,0.0,0.0,0.0,0.0,0.0,0.0,0.0,0.0,0.0,0.0,0.0,0.0,0.0,0.0,0.0,0.0,0.0,0.0,0.0,0.0,0.0,0.0,0.0,0.0,0.007530650666585032,0.0,0.0,0.0,7.863567291365796e-05,7.863567291365796e-05,7.863567291365796e-05,0.0,0.1259469779206553,0.5231906030787172,0.6801881649710029,0.7845616453309815,0.00019536029623119233,0.86044133096463,0.86044133096463,0.86044133096463,0.0,3.0059681906052244e-07,3.0059681906052244e-07,3.0059681906052244e-07,0.0,0.6258953168044077,0.13417475728155337,0.4922958798488155,0.4922958798488155,0.4922958798488155,0.7638123134849796,0.36716871540287555,9.731301251346083e-07,0.0,0.0,0.0,0.0,0.9856272597572894,0.001271311448858071,0.013924298811671149,0.7716685908188924,0.0,0.16966681034321565,0.16966681034321565,0.16966681034321565,0.0,0.5707469787215188,0.5707469787215188,0.5707469787215188
1,1270,19,0.6245059510594015,0.7729857942550865,0.005402780211005678,0.0,0.249134933902415,0.33984064208532144,0.8557692386737623,0.28396222609092436,0.6894653319965415,0.709677436591817,0.2705882489681244,0.6117646992206573,0.24394462074959894,0.6850694823025011,0.2359193365589357,0.005402780211005678,0.0,0.09691998182038013,0.8050696019177199,0.3910221981835124,0.2514872993325292,0.008709094805155049,0.35373658183730583,0.7780843435275439,0.7391722850343069,0.010117398558155908,0.009929070380093635,0.0,0.0,0.0,0.0,0.0,0.0,0.0,0.0,0.0,0.0,0.0,0.0,0.0,0.0,0.0,0.0,0.0,0.0,0.0,0.0,0.0,0.0,0.0,0.0,0.010117398558155908,0.0,0.0,0.0,4.787949592129572e-05,4.787949592129572e-05,4.787949592129572e-05,0.0,0.115516508374434,0.7922612707133295,0.7242964987586875,0.8282840944921256,0.00010352211848409489,0.8826690049337933,0.8826690049337933,0.8826690049337933,0.0,3.0600417659889255e-07,3.0600417659889255e-07,3.0600417659889255e-07,0.0,0.4380165289256198,0.07386320540048544,0.4031356243788695,0.4031356243788695,0.4031356243788695,0.861254633588819,0.29707296444061254,8.400837352941678e-07,0.0,0.0,0.0,0.0,0.8971141313434744,0.002058104414868571,0.05049663085306652,0.4824631975665796,0.0,0.12101648622905839,0.12101648622905839,0.12101648622905839,0.0,0.5401948725585404,0.5401948725585404,0.5401948725585404
1,1270,21,0.4071146295295622,0.5829384111575701,0.002785262483076297,0.0,0.3137255424446713,0.13278426074040972,0.7211538614359404,0.34299023641692206,0.5006648239744864,0.5322580922868163,0.2666666805744171,0.5058823525905609,0.31835353343080924,0.4937815114182525,0.43406190830632785,0.002785262483076297,0.0,0.12070407488239382,0.8758693843640222,0.3882813938590506,0.2425233070340001,0.007859613677411455,0.3668963054288383,0.7021627887032411,0.7405272906243918,0.009153107924020019,0.01406692325319725,0.0,0.0,0.0,0.0,0.0,0.0,0.0,0.0,0.0,0.0,0.0,0.0,0.0,0.0,0.0,0.0,0.0,0.0,0.0,0.0,0.0,0.0,0.0,0.0,0.009153107924020019,0.0,0.0,0.0,6.302067151231016e-05,6.302067151231016e-05,6.302067151231016e-05,0.0,0.1152312693469707,0.6679415772844896,0.6729721888192015,0.8170618211501299,0.00015508610135650042,0.8443162406858766,0.8443162406858766,0.8443162406858766,0.0,7.682247666304799e-07,7.682247666304799e-07,7.682247666304799e-07,0.0,0.4254401724757456,0.1258832382036082,0.4727221939287466,0.4727221939287466,0.4727221939287466,0.7674437537584311,0.23461777487000451,2.4191881696890306e-06,0.0,0.0,0.0,0.0,0.8713790471990389,0.0019058755184872193,0.056472487227815366,0.4090976514075166,0.0,0.1245661192013224,0.1245661192013224,0.1245661192013224,0.0,0.5072723850788592,0.5072723850788592,0.5072723850788592
1,1270,21,0.4268774742106463,0.6587677909471028,0.0029132956847151186,0.0,0.4521338390571241,0.10165681864611203,0.8076923182316831,0.45095584920125215,0.5442473331445369,0.5564516392374983,0.3411764800548553,0.5019607841968536,0.46029620159238666,0.5420232606312407,0.5215627932402275,0.0029132956847151186,0.0,0.17858216426957912,0.906784180605529,0.3758921510607622,0.24361576951171776,0.00717084519545719,0.361965985629273,0.591280532004622,0.688875045528255,0.008142898688258612,0.02508536116602604,0.0,0.0,0.0,0.0,0.0,0.0,0.0,0.0,0.0,0.0,0.0,0.0,0.0,0.0,0.0,0.0,0.0,0.0,0.0,0.0,0.0,0.0,0.0,0.0,0.008142898688258612,0.0,0.0,0.0,5.298624727098392e-05,5.298624727098392e-05,5.298624727098392e-05,0.0,0.13977797084818716,0.5390626849665467,0.625977670991797,0.7923984624917206,9.6495084154251e-05,0.8299559627556371,0.8299559627556371,0.8299559627556371,0.0,4.5740935195780473e-07,4.5740935195780473e-07,4.5740935195780473e-07,0.0,0.050373868555686735,0.0,0.12588664158189436,0.12588664158189436,0.12588664158189436,0.9631740962348395,0.2389786216401558,1.2016556967380654e-06,0.0,0.0,0.0,0.0,0.8992274719304112,0.0016113698567553135,0.04563117797432559,0.5007458496703552,0.0,0.14780490349006323,0.14780490349006323,0.14780490349006323,0.0,0.4348399560506125,0.4348399560506125,0.4348399560506125
1,1270,21,0.5019763140366799,0.6824644721313318,0.002771468081895015,0.0,0.26758937345074196,0.13281927463120366,0.7692307818780196,0.30898702591743454,0.5664246350184801,0.5725806705379529,0.3686274588108063,0.4431372582912445,0.2896412279911355,0.5592473880066758,0.6045310679956991,0.002771468081895015,0.0,0.09807601286343233,0.8454457589685944,0.31453534176328457,0.2018922036262401,0.0063060581014479445,0.29238301303205144,0.5479532539551268,0.7252769576034486,0.007316363858999279,0.026015811562860328,0.0,0.0,0.0,0.0,0.0,0.0,0.0,0.0,0.0,0.0,0.0,0.0,0.0,0.0,0.0,0.0,0.0,0.0,0.0,0.0,0.0,0.0,0.0,0.0,0.007316363858999279,0.0,0.0,0.0,4.826766342896646e-05,4.826766342896646e-05,4.826766342896646e-05,0.0,0.12127974241577844,0.5285585555287968,0.6793209653939365,0.813456402265448,9.389966709476318e-05,0.8573350770623946,0.8573350770623946,0.8573350770623946,0.0,3.8296103388406245e-07,3.8296103388406245e-07,3.8296103388406245e-07,0.0,0.8783943329397876,0.22178398058252424,0.5803985218673249,0.5803985218673249,0.5803985218673249,0.6629041702998575,0.35196651319103195,1.2767717821559914e-06,0.0,0.0,0.0,0.0,0.9344815945980531,0.0013803218426035174,0.036203231010657394,0.5658042019249457,0.0,0.13643517543876346,0.13643517543876346,0.13643517543876346,0.0,0.5947363118629396,0.5947363118629396,0.5947363118629396
1,1270,23,0.3913043537846949,0.4786730139469626,0.0020920671492405006,0.0,0.19838529526762738,0.18464292063860518,0.5288461796676235,0.24265254376721287,0.44177118831015155,0.47177419426659445,0.2313725501298904,0.3843137472867965,0.2167430815367287,0.4294944238781782,0.3532554816561929,0.0020920671492405006,0.0,0.06467044366806411,0.8069372451372041,0.31341723726733833,0.19898721119482476,0.007614718217161049,0.28423514041134584,0.6191312171727739,0.6789175260071866,0.008693921907764834,0.02368901213952787,0.0,0.0,0.0,0.0,0.0,0.0,0.0,0.0,0.0,0.0,0.0,0.0,0.0,0.0,0.0,0.0,0.0,0.0,0.0,0.0,0.0,0.0,0.0,0.0,0.008693921907764834,0.0,0.0,0.0,6.730760087942838e-05,6.730760087942838e-05,6.730760087942838e-05,0.0,0.15222089088469853,0.5455938510470404,0.6026421570245186,0.7701157494158682,0.0001353783488922217,0.819489291573696,0.819489291573696,0.819489291573696,0.0,7.499050454388742e-07,7.499050454388742e-07,7.499050454388742e-07,0.0,0.4780673871582962,0.11962141667145393,0.46997747172687626,0.46997747172687626,0.46997747172687626,0.7849067880987206,0.2783466967275145,2.553732118805411e-06,0.0,0.0,0.0,0.0,0.9736534926477095,0.0015350655244184084,0.021272281944641647,0.6503573256934463,0.0,0.1732680992873983,0.1732680992873983,0.1732680992873983,0.0,0.49818245258949195,0.49818245258949195,0.49818245258949195
1,1270,23,0.48656126514752035,0.5924170836312617,0.0023895053034461763,0.0,0.18454439548327042,0.20171828002107908,0.6778846330380691,0.24436959228616625,0.552045793012867,0.5866935729258507,0.3450980484485626,0.3921568691730499,0.20190702080486445,0.5426165109567714,0.31360772117279123,0.0023895053034461763,0.0,0.06901796308026913,0.49679741751975715,0.29985658470952703,0.1708184803060288,0.005770349282150183,0.21668781192504238,0.4714011947779552,0.6874958924975139,0.006627584834616503,0.03614662915044567,0.0,0.0,0.0,0.0,0.0,0.0,0.0,0.0,0.0,0.0,0.0,0.0,0.0,0.0,0.0,0.0,0.0,0.0,0.0,0.0,0.0,0.0,0.0,0.0,0.006627584834616503,0.0,0.0,0.0,7.044585241029184e-05,7.044585241029184e-05,7.044585241029184e-05,0.0,0.13524756231142882,0.43997970666777475,0.6551807063918045,0.779725505725762,0.000158429866478661,0.8468040386871262,0.8468040386871262,0.8468040386871262,0.0,3.4819418106794075e-07,3.4819418106794075e-07,3.4819418106794075e-07,0.0,0.6554078332734459,0.20681997540697777,0.5744879629573061,0.5744879629573061,0.5744879629573061,0.6471331363913132,0.3166693439199577,1.0625865880976939e-06,0.0,0.0,0.0,0.0,0.9793548570232277,0.001124130616606179,0.01613961829751348,0.7601712506065631,0.0,0.1725787193418543,0.1725787193418543,0.1725787193418543,0.0,0.5612867006109277,0.5612867006109277,0.5612867006109277
1,1270,23,0.26877471676197323,0.2132701486665732,0.000442687100153036,0.0,0.08535178291101259,0.2904970945979188,0.3221153852301816,0.12088210188742254,0.2634474612017041,0.31048388126204846,0.1803921610116958,0.2666666656732559,0.09635951722664005,0.24256700961676558,0.23573045606418552,0.000442687100153036,0.0,0.018278063801298334,0.6920162840026531,0.1701862414028521,0.11736950015337504,0.004278017571249273,0.14182300305529155,0.3838138481756637,0.7546265193461416,0.0049745151760978365,0.04128818631182654,0.0,0.0,0.0,0.0,0.0,0.0,0.0,0.0,0.0,0.0,0.0,0.0,0.0,0.0,0.0,0.0,0.0,0.0,0.0,0.0,0.0,0.0,0.0,0.0,0.0049745151760978365,0.0,0.0,0.0,4.016309431333728e-05,4.016309431333728e-05,4.016309431333728e-05,0.0,0.11770218610002242,0.3676550079740765,0.7007188295512716,0.8290876376880696,7.117755722828677e-05,0.870624411649179,0.870624411649179,0.870624411649179,0.0,5.866210905328019e-07,5.866210905328019e-07,5.866210905328019e-07,0.0,0.09616829451540196,0.09768915991334345,0.3753156805147159,0.3753156805147159,0.3753156805147159,0.6832009274340404,0.19634866361350511,1.3856136028480715e-06,0.0,0.0,0.0,0.0,0.8871491350866506,0.0009917672612943095,0.051536601395180265,0.4323153561350604,0.0,0.11747779343803658,0.11747779343803658,0.11747779343803658,0.0,0.5063925776412417,0.5063925776412417,0.5063925776412417
1,1270,23,0.21343873663598076,0.15165877758757787,0.000527410797358577,0.0,0.10149945257735454,0.24387500217685662,0.17788462390394386,0.11724317438381993,0.20081443997433834,0.24193549823511631,0.1176470592617988,0.2117647156119346,0.11064018698690457,0.1780154229251666,0.3289181881504303,0.000527410797358577,0.0,0.015300010755385288,0.7797194292283169,0.3985843738493676,0.2514872993325292,0.007645330149692351,0.35482264338954184,0.6756097857004382,0.7334307292280128,0.008908208715350587,0.016135198664440936,0.0,0.0,0.0,0.0,0.0,0.0,0.0,0.0,0.0,0.0,0.0,0.0,0.0,0.0,0.0,0.0,0.0,0.0,0.0,0.0,0.0,0.0,0.0,0.0,0.008908208715350587,0.0,0.0,0.0,4.4036757063208316e-05,4.4036757063208316e-05,4.4036757063208316e-05,0.0,0.12544311689531235,0.6417189303134138,0.6646077410275069,0.8170354139991902,7.871970745114079e-05,0.8493047387485004,0.8493047387485004,0.8493047387485004,0.0,5.581531781185549e-07,5.581531781185549e-07,5.581531781185549e-07,0.0,0.5465564738292011,0.11276699029126214,0.4580517736362156,0.4580517736362156,0.4580517736362156,0.7715423144109861,0.31394144638267213,1.8956975394898948e-06,0.0,0.0,0.0,0.0,0.9322480487998944,0.0017104421341970553,0.03841630640260266,0.521807493234217,0.0,0.13127644937075697,0.13127644937075697,0.13127644937075697,0.0,0.5546973513976738,0.5546973513976738,0.5546973513976738
1,1270,25,0.3596838022949603,0.45497633276273364,0.0018198433346692082,0.0,0.20299883503159735,0.15699351468596942,0.5528846398886631,0.24357785743835048,0.40063521544843395,0.42338710036523064,0.2549019753932953,0.3803921639919281,0.21038516868345514,0.3876477986981412,0.55207609641764,0.0018198433346692082,0.0,0.0662457185414187,0.8277962025404957,0.36244316586854514,0.22833299000689927,0.007951449475005357,0.332749720797667,0.6609989285740636,0.6922697998008719,0.008969433517517946,0.019788875923368532,0.0,0.0,0.0,0.0,0.0,0.0,0.0,0.0,0.0,0.0,0.0,0.0,0.0,0.0,0.0,0.0,0.0,0.0,0.0,0.0,0.0,0.0,0.0,0.0,0.008969433517517946,0.0,0.0,0.0,5.329098096989974e-05,5.329098096989974e-05,5.329098096989974e-05,0.0,0.12973337666934243,0.6339379910806144,0.6622927719021632,0.8056211152495636,0.00010908850097378464,0.8490934383722136,0.8490934383722136,0.8490934383722136,0.0,5.835272917533494e-07,5.835272917533494e-07,5.835272917533494e-07,0.0,0.3104563420768955,0.08541486960192332,0.4048276539035615,0.4048276539035615,0.4048276539035615,0.7817258409744972,0.23912434541157043,1.7070630366559214e-06,0.0,0.0,0.0,0.0,0.8833976079728004,0.0018324117491508103,0.05217640783885638,0.41652487502368957,0.0,0.13319048287830784,0.13319048287830784,0.13319048287830784,0.0,0.48037119064152817,0.48037119064152817,0.48037119064152817
1,1270,25,0.6086956753145342,0.8056872142893223,0.004933335843878351,0.0,0.3137254723215596,0.15579414010838027,0.927884619336881,0.34484492545950085,0.697778744099132,0.7056451787667034,0.4235294163227081,0.5176470577716827,0.3156724249118089,0.6950349944463078,0.4756600546052874,0.004933335843878351,0.0,0.12349122439232144,0.8277962025404957,0.36244316586854514,0.22833299000689927,0.007951449475005357,0.332749720797667,0.6609989285740636,0.6922697998008719,0.008969433517517946,0.019788875923368532,0.0,0.0,0.0,0.0,0.0,0.0,0.0,0.0,0.0,0.0,0.0,0.0,0.0,0.0,0.0,0.0,0.0,0.0,0.0,0.0,0.0,0.0,0.0,0.0,0.008969433517517946,0.0,0.0,0.0,5.329098096989974e-05,5.329098096989974e-05,5.329098096989974e-05,0.0,0.12973337666934243,0.6339379910806144,0.6622927719021632,0.8056211152495636,0.00010908850097378464,0.8490934383722136,0.8490934383722136,0.8490934383722136,0.0,5.835272917533494e-07,5.835272917533494e-07,5.835272917533494e-07,0.0,0.3104563420768955,0.08541486960192332,0.4048276539035615,0.4048276539035615,0.4048276539035615,0.7817258409744972,0.23912434541157043,1.7070630366559214e-06,0.0,0.0,0.0,0.0,0.8833976079728004,0.0018324117491508103,0.05217640783885638,0.41652487502368957,0.0,0.13319048287830784,0.13319048287830784,0.13319048287830784,0.0,0.48037119064152817,0.48037119064152817,0.48037119064152817
1,1270,25,0.43478261208307994,0.5118483676048832,0.0017695858614634582,0.0,0.21222612492887263,0.21556126777680285,0.5769231001097027,0.2365207842610211,0.46974373934137886,0.5000000296859072,0.2666666805744171,0.3882353007793426,0.21273007304637237,0.4578662985381757,0.36360104707805163,0.0017695858614634582,0.0,0.06187413856764127,0.5648623095251133,0.24444013369424095,0.14571712022569877,0.005785655248415833,0.1853237939417225,0.4564254459895278,0.6661393850870856,0.006581666232990984,0.039580275159843095,0.0,0.0,0.0,0.0,0.0,0.0,0.0,0.0,0.0,0.0,0.0,0.0,0.0,0.0,0.0,0.0,0.0,0.0,0.0,0.0,0.0,0.0,0.0,0.0,0.006581666232990984,0.0,0.0,0.0,8.290641505339027e-05,8.290641505339027e-05,8.290641505339027e-05,0.0,0.1493650132308974,0.39731112968041526,0.6050109780986141,0.75729987668581,0.0001899301743497691,0.8217360709195249,0.8217360709195249,0.8217360709195249,0.0,7.235923837565241e-07,7.235923837565241e-07,7.235923837565241e-07,0.0,0.2644628099173554,0.13030946601941748,0.477177356420898,0.477177356420898,0.477177356420898,0.6976767879677654,0.22167101086283073,2.1543355042698303e-06,0.0,0.0,0.0,0.0,0.9495762137154578,0.0011594958208334708,0.023420835539047724,0.7230676463308521,0.0,0.18733676979848232,0.18733676979848232,0.18733676979848232,0.0,0.4748758819515671,0.4748758819515671,0.4748758819515671
1,1270,25,0.3794466469760444,0.4360189878153504,0.00155501776599703,0.0,0.18454439548327042,0.16440192166373457,0.4855769512697521,0.21602753861249305,0.41098734992664726,0.43951613166568526,0.2705882489681244,0.3098039329051971,0.19364876220508614,0.3968828545037943,0.391615729608946,0.00155501776599703,0.0,0.050881142574708965,0.7555188413122111,0.2701152828428786,0.17708280506350332,0.006382587932776196,0.23678188027921826,0.557794587422857,0.7288794866218186,0.007377588661166638,0.02494178427088725,0.0,0.0,0.0,0.0,0.0,0.0,0.0,0.0,0.0,0.0,0.0,0.0,0.0,0.0,0.0,0.0,0.0,0.0,0.0,0.0,0.0,0.0,0.0,0.0,0.007377588661166638,0.0,0.0,0.0,4.67496046022564e-05,4.67496046022564e-05,4.67496046022564e-05,0.0,0.13273815808400785,0.5107260240069464,0.6474976638093082,0.8064744441928495,8.003230131320885e-05,0.8396254547443671,0.8396254547443671,0.8396254547443671,0.0,7.804950880843e-07,7.804950880843e-07,7.804950880843e-07,0.0,0.2497704315886134,0.10140237324703341,0.4175413777946236,0.4175413777946236,0.4175413777946236,0.7409951605272138,0.22449102860277,2.4020613346329805e-06,0.0,0.0,0.0,0.0,0.9077518162784483,0.001464021265005256,0.04697551008717102,0.4679070797173479,0.0,0.13562634145988386,0.13562634145988386,0.13562634145988386,0.0,0.4917575279101369,0.4917575279101369,0.4917575279101369
1,1270,27,0.4387351810192968,0.7061611533155607,0.00289937686705827,0.0,0.4059976700631949,0.13312746411689216,0.7644230898338117,0.4291061454918104,0.5703462856497499,0.5927419596635212,0.2901960909366607,0.5176470577716827,0.39966248524052944,0.5693253098773646,0.40368682186125365,0.00289937686705827,0.0,0.19190344488567246,0.5747739998876433,0.29411058407049406,0.1773726806171934,0.006290752135182294,0.22606075859265606,0.5807612793167718,0.766770476823915,0.007423507262792155,0.020626882690542275,0.0,0.0,0.0,0.0,0.0,0.0,0.0,0.0,0.0,0.0,0.0,0.0,0.0,0.0,0.0,0.0,0.0,0.0,0.0,0.0,0.0,0.0,0.0,0.0,0.007423507262792155,0.0,0.0,0.0,3.9199621725579116e-05,3.9199621725579116e-05,3.9199621725579116e-05,0.0,0.11429210229820547,0.5604201342253403,0.6917653353575843,0.833038172666312,6.955420836808474e-05,0.8641329096844232,0.8641329096844232,0.8641329096844232,0.0,4.121915746342132e-07,4.121915746342132e-07,4.121915746342132e-07,0.0,0.4297520661157025,0.11915958737864074,0.45770451935565554,0.45770451935565554,0.45770451935565554,0.7554479433055105,0.29764008735144654,1.2666162407827915e-06,0.0,0.0,0.0,0.0,0.893823715264246,0.0014994953119727404,0.05086734009240021,0.4580790160442496,0.0,0.11625624425701428,0.11625624425701428,0.11625624425701428,0.0,0.5632606589855363,0.5632606589855363,0.5632606589855363
1,1270,27,0.5043478553984101,0.6018957561049533,0.002666646822530986,0.0,0.23068049435408786,0.1493176935848174,0.6778846330380691,0.23795486672047153,0.563404358660201,0.5887097018384074,0.3529411852359772,0.3843137323856354,0.22021375265556584,0.5534618362645697,0.41490979774819736,0.002666646822530986,0.0,0.05704857992096097,0.5928137349495128,0.36079535255863954,0.22277714453153857,0.006038203691799063,0.28247514775933336,0.5797032777902443,0.7954973087946086,0.007163301853580885,0.01895166944678546,0.0,0.0,0.0,0.0,0.0,0.0,0.0,0.0,0.0,0.0,0.0,0.0,0.0,0.0,0.0,0.0,0.0,0.0,0.0,0.0,0.0,0.0,0.0,0.0,0.007163301853580885,0.0,0.0,0.0,3.1542857087110015e-05,3.1542857087110015e-05,3.1542857087110015e-05,0.0,0.09114134286952724,0.6135993633355233,0.771686106010568,0.8674497121220333,6.181980892584112e-05,0.9044749029835675,0.9044749029835675,0.9044749029835675,0.0,1.9862727690529356e-07,1.9862727690529356e-07,1.9862727690529356e-07,0.0,0.5380450270732402,0.11670687923530695,0.4724526094324157,0.4724526094324157,0.4724526094324157,0.7954540919265821,0.37173240255141216,5.723323932342375e-07,0.0,0.0,0.0,0.0,0.8393576558218477,0.0015704386307566199,0.07020606366140866,0.3514808570418261,0.0,0.08659574229537761,0.08659574229537761,0.08659574229537761,0.0,0.6180859324234174,0.6180859324234174,0.6180859324234174
1,1270,27,0.20948616769976391,0.19431280371919,0.0006369172379116406,0.0,0.1476355514481722,0.16935715354322123,0.24519231252285476,0.1680860492526821,0.21833405632102715,0.2620967873606846,0.1019607856869697,0.2823529466986656,0.15683503230254942,0.19789820558748644,0.4107641189398785,0.0006369172379116406,0.0,0.029093454665581244,0.925837898927351,0.3198877722774849,0.218549252615163,0.008020326323200783,0.3124165873657719,0.639126911666303,0.6654606353465901,0.00912249552293634,0.023221968553623587,0.0,0.0,0.0,0.0,0.0,0.0,0.0,0.0,0.0,0.0,0.0,0.0,0.0,0.0,0.0,0.0,0.0,0.0,0.0,0.0,0.0,0.0,0.0,0.0,0.00912249552293634,0.0,0.0,0.0,8.388852161859082e-05,8.388852161859082e-05,8.388852161859082e-05,0.0,0.1503520071089675,0.5753922193941534,0.6211828324913842,0.7576997393577334,0.00019354349414658296,0.8279768099829783,0.8279768099829783,0.8279768099829783,0.0,8.980653948456194e-07,8.980653948456194e-07,8.980653948456194e-07,0.0,0.4659582841401023,0.1601941747572815,0.5169293401974382,0.5169293401974382,0.5169293401974382,0.7055766849760425,0.2148825649495922,2.8007540371087747e-06,0.0,0.0,0.0,0.0,0.9694182189538786,0.0016078645105541292,0.02053062170910555,0.6868199840211104,0.0,0.18487810367189225,0.18487810367189225,0.18487810367189225,0.0,0.4665946272483424,0.4665946272483424,0.4665946272483424
1,1270,29,0.43478261208307994,0.5592417299733411,0.0021837683390280513,0.0,0.2029989051547091,0.19288793302816812,0.7019230932591087,0.2711310635382793,0.492470332929913,0.5120968031612481,0.2784313857555389,0.47843137383461,0.22590092901557138,0.48306994663390906,0.5293531624730755,0.0021837683390280513,0.0,0.08830035905341202,0.6192845714008863,0.349883620960464,0.21422495892428228,0.006351976000244896,0.2791186320102258,0.5757520750193027,0.7537917397220465,0.007423507262792155,0.02183933233921266,0.0,0.0,0.0,0.0,0.0,0.0,0.0,0.0,0.0,0.0,0.0,0.0,0.0,0.0,0.0,0.0,0.0,0.0,0.0,0.0,0.0,0.0,0.0,0.0,0.007423507262792155,0.0,0.0,0.0,3.5146643672519045e-05,3.5146643672519045e-05,3.5146643672519045e-05,0.0,0.10873478327863167,0.5734020349207726,0.7049564589880275,0.8416767731825053,5.978563774870167e-05,0.8676561691068504,0.8676561691068504,0.8676561691068504,0.0,2.58821520821788e-07,2.58821520821788e-07,2.58821520821788e-07,0.0,0.3067768595041322,0.0717592233009709,0.3937880127466029,0.3937880127466029,0.3937880127466029,0.8653266138466889,0.31004590102594554,6.880108592038874e-07,0.0,0.0,0.0,0.0,0.8899015545994283,0.0015154631955595777,0.05325338248285974,0.43252531855500426,0.0,0.10877532118181046,0.10877532118181046,0.10877532118181046,0.0,0.562611911399491,0.562611911399491,0.562611911399491
1,1270,29,0.46482213599832783,0.6606635254418414,0.002566475763703298,0.0,0.35063435141821375,0.148936012713833,0.7740384739222275,0.3733721675261624,0.565947346461575,0.6008064753137484,0.3176470696926117,0.4980392158031463,0.34124837672617514,0.5617361742190382,0.36726281437207636,0.002566475763703298,0.0,0.14366507519190358,0.5369848980370024,0.27880626698740624,0.16781997586213193,0.005755043315884532,0.20761175462349135,0.5010504062043737,0.7283113495152893,0.0067041158373257,0.030021866949624262,0.0,0.0,0.0,0.0,0.0,0.0,0.0,0.0,0.0,0.0,0.0,0.0,0.0,0.0,0.0,0.0,0.0,0.0,0.0,0.0,0.0,0.0,0.0,0.0,0.0067041158373257,0.0,0.0,0.0,5.178869653800528e-05,5.178869653800528e-05,5.178869653800528e-05,0.0,0.12772670124220686,0.46674735584553184,0.6585489059431704,0.8057682798902296,0.00010104825183343278,0.8418096861508177,0.8418096861508177,0.8418096861508177,0.0,5.620167835047878e-07,5.620167835047878e-07,5.620167835047878e-07,0.0,0.411386593204775,0.17408306364617038,0.5337751424329366,0.5337751424329366,0.5337751424329366,0.6810977280377851,0.24520796917997933,1.6548680418562936e-06,0.0,0.0,0.0,0.0,0.9035652551424848,0.001348165860376797,0.05065880146254831,0.5756260821573885,0.0,0.14253026376754166,0.14253026376754166,0.14253026376754166,0.0,0.525154773938758,0.525154773938758,0.525154773938758
1,1270,29,0.3596838022949603,0.4170616428679673,0.0017694377810039206,0.0,0.19377161525743378,0.1302252956807499,0.495192335358168,0.21497008727204917,0.39369349347363825,0.4153225847150034,0.2666666805744171,0.3215686380863189,0.2066238213028499,0.3787414381248501,0.5052405576769617,0.0017694377810039206,0.0,0.04569299720435657,0.4829427088863425,0.3331439842416886,0.2018922036262401,0.007905531576208406,0.23904499836380372,0.6694066274455799,0.70434067123486,0.009061270720768982,0.01841371368879427,0.0,0.0,0.0,0.0,0.0,0.0,0.0,0.0,0.0,0.0,0.0,0.0,0.0,0.0,0.0,0.0,0.0,0.0,0.0,0.0,0.0,0.0,0.0,0.0,0.009061270720768982,0.0,0.0,0.0,5.701278034118672e-05,5.701278034118672e-05,5.701278034118672e-05,0.0,0.14527061349467052,0.6054810016757793,0.6308118442860835,0.7879432668143165,0.0001078572630134663,0.8363144238651474,0.8363144238651474,0.8363144238651474,0.0,1.2487557408841347e-06,1.2487557408841347e-06,1.2487557408841347e-06,0.0,0.2644628099173554,0.10800970873786403,0.4324793475290867,0.4324793475290867,0.4324793475290867,0.730925325888299,0.18533896578450865,3.909300074768292e-06,0.0,0.0,0.0,0.0,0.9092366498176433,0.0018082148212435027,0.04678428695247033,0.5050891592842585,0.0,0.15133987218272474,0.15133987218272474,0.15133987218272474,0.0,0.4609805773212537,0.4609805773212537,0.4609805773212537
1,1270,31,0.20948616769976391,0.12796209640334885,7.239499759512487e-05,0.0,0.07381779325486403,0.3232210944097913,0.14423077959448835,0.09746865174004743,0.1879968183528285,0.23387098258488906,0.1372549086809158,0.1647058874368667,0.08039714280710901,0.16443111177261854,0.14750852346204807,7.239499759512487e-05,0.0,0.012295866587103228,0.5440514510084555,0.10321080819452487,0.06387626501425624,0.0021811001928551755,0.07269102766823894,0.21939808829775426,0.8489961163418663,0.0026632788942800726,0.06391728752351093,0.0,0.0,0.0,0.0,0.0,0.0,0.0,0.0,0.0,0.0,0.0,0.0,0.0,0.0,0.0,0.0,0.0,0.0,0.0,0.0,0.0,0.0,0.0,0.0,0.0026632788942800726,0.0,0.0,0.0,2.8345304932399874e-05,2.8345304932399874e-05,2.8345304932399874e-05,0.0,0.08383987763030049,0.23120262795945795,0.8136826353786353,0.8787768950093644,5.323021100645459e-05,0.9255816731647618,0.9255816731647618,0.9255816731647618,0.0,8.945832471340315e-08,8.945832471340315e-08,8.945832471340315e-08,0.0,0.15867768595041326,0.08660194174757277,0.33810567252092055,0.33810567252092055,0.33810567252092055,0.7339157547746719,0.45769255672948905,2.329448394898979e-07,0.0,0.0,0.0,0.0,0.8747581219970305,0.0005210080993116059,0.056181700860010425,0.41133485969760947,0.0,0.08271735783159331,0.08271735783159331,0.08271735783159331,0.0,0.6471086037088649,0.6471086037088649,0.6471086037088649
1,1270,31,0.23715415025328168,0.16587678629811517,0.0003938055899369925,0.0,0.08304497796747153,0.14532882936428324,0.20192308412498347,0.0906975866889297,0.2129977988505402,0.24596775606023005,0.2078431397676468,0.1411764770746231,0.08904342186491883,0.189493964801774,0.5703732850930923,0.0003938055899369925,0.0,0.008419516159706292,0.7700757494488262,0.22340660656333516,0.13978382480065277,0.005403006091774574,0.19791464518535812,0.5179391508666579,0.796063876134416,0.0064286042275725885,0.023917939821879772,0.0,0.0,0.0,0.0,0.0,0.0,0.0,0.0,0.0,0.0,0.0,0.0,0.0,0.0,0.0,0.0,0.0,0.0,0.0,0.0,0.0,0.0,0.0,0.0,0.0064286042275725885,0.0,0.0,0.0,3.4432085479770545e-05,3.4432085479770545e-05,3.4432085479770545e-05,0.0,0.10153376245682799,0.5087350011998271,0.7198406952605163,0.8506121581977469,6.178810193569015e-05,0.8771665519678886,0.8771665519678886,0.8771665519678886,0.0,6.025393694088869e-07,6.025393694088869e-07,6.025393694088869e-07,0.0,0.3733592610597959,0.1703564349783316,0.5256522069262836,0.5256522069262836,0.5256522069262836,0.6367256953514808,0.24066523936485906,1.791945509828389e-06,0.0,0.0,0.0,0.0,0.8488091931885762,0.0014372543529167308,0.07565169793779905,0.36378056562246275,0.0,0.09860046899339589,0.09860046899339589,0.09860046899339589,0.0,0.5480286872461829,0.5480286872461829,0.5480286872461829
1,1270,31,0.35652174714598683,0.5061611641206682,0.001642966835995452,0.0,0.2952711028963444,0.14938341495348056,0.6298077125959899,0.33628446189308125,0.41756368795300247,0.431451616015458,0.2431372553110122,0.4549019783735275,0.29788594617334324,0.4090575109897731,0.5933779023373844,0.001642966835995452,0.0,0.1153463261860956,0.7297310103202492,0.32923766440126195,0.20572161470607198,0.006045856674931889,0.2836288152154634,0.6231709575073191,0.8493193541163717,0.007408201062250317,0.012899708870573318,0.0,0.0,0.0,0.0,0.0,0.0,0.0,0.0,0.0,0.0,0.0,0.0,0.0,0.0,0.0,0.0,0.0,0.0,0.0,0.0,0.0,0.0,0.0,0.0,0.007408201062250317,0.0,0.0,0.0,2.4316354483125025e-05,2.4316354483125025e-05,2.4316354483125025e-05,0.0,0.07892363454668921,0.6655755136563108,0.7928795510356508,0.8872444697427,4.315633682405187e-05,0.9114233404318567,0.9114233404318567,0.9114233404318567,0.0,1.9836727654282833e-07,1.9836727654282833e-07,1.9836727654282833e-07,0.0,0.40159167431894705,0.08965599904111232,0.42291890934874377,0.42291890934874377,0.42291890934874377,0.8101333212201555,0.33549798147095,5.06167879405374e-07,0.0,0.0,0.0,0.0,0.8202044352041916,0.0017146428598519144,0.0835557868761154,0.32426036763570454,0.0,0.07207233703026528,0.07207233703026528,0.07207233703026528,0.0,0.6256739979447027,0.6256739979447027,0.6256739979447027
1,1270,31,0.27272728569819005,0.2227488211402647,0.0006775456333826853,0.0,0.08304497796747153,0.21318616322281525,0.27403846478810223,0.11045002536771831,0.25864758535620386,0.29435484996159383,0.2000000029802322,0.2078431397676468,0.0959714133049883,0.23717957069393852,0.4472328742859242,0.0006775456333826853,0.0,0.01452915888804811,0.8785780657925777,0.28923504624607504,0.1852628655176109,0.0064591177641044484,0.2748657631388583,0.5834407319743538,0.7511242111034185,0.007484732064959514,0.02141855613124735,0.0,0.0,0.0,0.0,0.0,0.0,0.0,0.0,0.0,0.0,0.0,0.0,0.0,0.0,0.0,0.0,0.0,0.0,0.0,0.0,0.0,0.0,0.0,0.0,0.007484732064959514,0.0,0.0,0.0,3.949494256592028e-05,3.949494256592028e-05,3.949494256592028e-05,0.0,0.1146420399023873,0.5581734154802125,0.6843067273762431,0.8312762203465754,6.995608975788928e-05,0.8554140954950941,0.8554140954950941,0.8554140954950941,0.0,5.848916153944765e-07,5.848916153944765e-07,5.848916153944765e-07,0.0,0.6082644628099173,0.22932038834951457,0.6030842597309973,0.6030842597309973,0.6030842597309973,0.6149164202626181,0.24613716391489027,1.7513365221867898e-06,0.0,0.0,0.0,0.0,0.8335500314830937,0.0016759035851045298,0.07513402448858361,0.34598664472593565,0.0,0.11082648785663904,0.11082648785663904,0.11082648785663904,0.0,0.5353391607180215,0.5353391607180215,0.5353391607180215
1,1270,33,0.5415020033988481,0.701421817078715,0.004362525170349896,0.0,0.26758937345074196,0.12811347133783743,0.8076923182316831,0.28566353578585263,0.6154948186957547,0.6330645379146577,0.4627451002597809,0.3803921639919281,0.26965846816175776,0.6085067378105858,0.5464204896500895,0.004362525170349896,0.0,0.08325037428482096,0.6587530449870274,0.35330383155453066,0.22833299000689927,0.008678482872623749,0.28994357991304154,0.762493281030609,0.7276905100509156,0.01004086755544671,0.011426692464856836,0.0,0.0,0.0,0.0,0.0,0.0,0.0,0.0,0.0,0.0,0.0,0.0,0.0,0.0,0.0,0.0,0.0,0.0,0.0,0.0,0.0,0.0,0.0,0.0,0.01004086755544671,0.0,0.0,0.0,4.883748063886788e-05,4.883748063886788e-05,4.883748063886788e-05,0.0,0.13113567011910787,0.7145538773704904,0.6601642008318735,0.8062503839931308,8.91619026112513e-05,0.8517772435916722,0.8517772435916722,0.8517772435916722,0.0,1.246935738346878e-06,1.246935738346878e-06,1.246935738346878e-06,0.0,0.5289256198347108,0.22694174757281554,0.5755352669966907,0.5755352669966907,0.5755352669966907,0.6206787202042963,0.16826262330429811,3.6568107141594726e-06,0.0,0.0,0.0,0.0,0.8787316916999748,0.00213009077603476,0.060402592808154215,0.4581875116013036,0.0,0.13521062696023586,0.13521062696023586,0.13521062696023586,0.0,0.4803439849317776,0.4803439849317776,0.4803439849317776
1,1270,33,0.38735178484847804,0.46445500523642524,0.0018513873183896637,0.0,0.24913500402552674,0.13918338185384332,0.5673077160212868,0.25240049289248945,0.43067231626548835,0.45967742079125357,0.2588235437870025,0.3882353007793426,0.24195430960530387,0.4179681892792681,0.5172526583617651,0.0018513873183896637,0.0,0.06235463493731675,0.7900797443050729,0.30267430464902373,0.1892438263010579,0.006880031836409833,0.2715264080037079,0.6289099451288895,0.7584424561221287,0.008051061485007576,0.017661291814730723,0.0,0.0,0.0,0.0,0.0,0.0,0.0,0.0,0.0,0.0,0.0,0.0,0.0,0.0,0.0,0.0,0.0,0.0,0.0,0.0,0.0,0.0,0.0,0.0,0.008051061485007576,0.0,0.0,0.0,4.042160808392399e-05,4.042160808392399e-05,4.042160808392399e-05,0.0,0.1240473708167783,0.583181957817314,0.6627442497239753,0.8230940790836823,6.598036131218394e-05,0.8484270432270056,0.8484270432270056,0.8484270432270056,0.0,8.325754548069256e-07,8.325754548069256e-07,8.325754548069256e-07,0.0,0.32668935342732136,0.14813383948667988,0.4736118533214889,0.4736118533214889,0.4736118533214889,0.7038846509225141,0.1954952285660149,2.3606463914681307e-06,0.0,0.0,0.0,0.0,0.8411403628094668,0.0017556411040863449,0.0682240683945888,0.36042327422367376,0.0,0.1174119990589573,0.1174119990589573,0.1174119990589573,0.0,0.49206158194382915,0.49206158194382915,0.49206158194382915
1,1270,33,0.17391304727381246,0.07582937978953266,0.00025102029726173884,0.0,0.0645905384191446,0.18612243126144087,0.11057693528503285,0.08131065089994252,0.1416502599267892,0.1814516155366531,0.1294117718935012,0.1450980454683303,0.06954715066608316,0.11613600596181957,0.5536952991178486,0.00025102029726173884,0.0,0.007599853207395318,0.3087003523045768,0.3922626581284291,0.23218435134936433,0.007193804144855665,0.24435163559384254,0.6208304644597987,0.7184295408054687,0.008280654493135168,0.020799034129537236,0.0,0.0,0.0,0.0,0.0,0.0,0.0,0.0,0.0,0.0,0.0,0.0,0.0,0.0,0.0,0.0,0.0,0.0,0.0,0.0,0.0,0.0,0.0,0.0,0.008280654493135168,0.0,0.0,0.0,4.521998094644727e-05,4.521998094644727e-05,4.521998094644727e-05,0.0,0.1391279202235456,0.5527306864203377,0.6198940953538736,0.7997761235700085,6.844325578368938e-05,0.8287301553568904,0.8287301553568904,0.8287301553568904,0.0,4.5804854765409914e-07,4.5804854765409914e-07,4.5804854765409914e-07,0.0,0.6611570247933884,0.22153574580759045,0.5791860912473874,0.5791860912473874,0.5791860912473874,0.6554356260783908,0.24647680061109953,1.2456673252875382e-06,0.0,0.0,0.0,0.0,0.8934289397410891,0.0016559409434084731,0.04785034110519232,0.43424240041365286,0.0,0.13847162399451626,0.13847162399451626,0.13847162399451626,0.0,0.512342919626722,0.512342919626722,0.512342919626722
1,1270,35,0.38616601416761304,0.4611374698706332,0.001407098986943762,0.0,0.23990778425136317,0.12618390414201408,0.5769231001097027,0.24900937045220256,0.4312164520496749,0.46370967861636725,0.3098039329051971,0.3450980484485626,0.23444650447859533,0.41831112062161896,0.5018577032955166,0.001407098986943762,0.0,0.059778198013481956,0.7259254199880529,0.2759550968254579,0.1784385574748068,0.005135151682125693,0.23695828573091715,0.5010504062043737,0.8097582657409929,0.006107174016193959,0.024569814671876952,0.0,0.0,0.0,0.0,0.0,0.0,0.0,0.0,0.0,0.0,0.0,0.0,0.0,0.0,0.0,0.0,0.0,0.0,0.0,0.0,0.0,0.0,0.0,0.0,0.006107174016193959,0.0,0.0,0.0,3.293772752486628e-05,3.293772752486628e-05,3.293772752486628e-05,0.0,0.08292107649394614,0.5382852735054043,0.7972857987908621,0.8735367329366436,7.107403666500596e-05,0.9154684653411141,0.9154684653411141,0.9154684653411141,0.0,7.564717388039949e-07,7.564717388039949e-07,7.564717388039949e-07,0.0,0.1670291431056981,0.05710943172955382,0.2986513414270429,0.2986513414270429,0.2986513414270429,0.7829617085575028,0.28189206816646617,2.5927535278295337e-06,0.0,0.0,0.0,0.0,0.8130551143747261,0.0014152402561046521,0.08489051528185651,0.32203856026886357,0.0,0.0808386976755012,0.0808386976755012,0.0808386976755012,0.0,0.5537827610962444,0.5537827610962444,0.5537827610962444
1,1270,35,0.5375494344626314,0.7298578344997897,0.003997715519279125,0.0,0.35063435141821375,0.12630715472124857,0.8509615466295544,0.350641340435853,0.6413743483023535,0.6653226005155669,0.4274509847164154,0.450980395078659,0.33760797609447346,0.6371218762225573,0.44225051214975575,0.003997715519279125,0.0,0.11908381373775076,0.6492487401184188,0.36315854445984336,0.21645775846534526,0.00736216977377782,0.2961396910269111,0.63296042687107,0.7155342047226159,0.008449022699095402,0.02013239661543194,0.0,0.0,0.0,0.0,0.0,0.0,0.0,0.0,0.0,0.0,0.0,0.0,0.0,0.0,0.0,0.0,0.0,0.0,0.0,0.0,0.0,0.0,0.0,0.0,0.008449022699095402,0.0,0.0,0.0,4.595345063022542e-05,4.595345063022542e-05,4.595345063022542e-05,0.0,0.12129563881804672,0.6229437870276239,0.6860420276578889,0.8188968634521815,8.91051982580642e-05,0.8632839788746217,0.8632839788746217,0.8632839788746217,0.0,2.3114600973949643e-07,2.3114600973949643e-07,2.3114600973949643e-07,0.0,0.5619834710743802,0.10522223907766992,0.454981039383273,0.454981039383273,0.454981039383273,0.8477463537813742,0.3518814114375803,6.692458524480734e-07,0.0,0.0,0.0,0.0,0.9319097552437257,0.0016095292420727429,0.037104544527690714,0.551495232373256,0.0,0.13171935022768957,0.13171935022768957,0.13171935022768957,0.0,0.56782342820724,0.56782342820724,0.56782342820724
1,1270,35,0.5810276927610164,0.7867298693419392,0.0048847475970865036,0.0,0.27681659322490554,0.14333858402881325,0.8990384670716336,0.3231786661394243,0.6647454512466473,0.6733871161657942,0.4156862795352936,0.5019607841968536,0.2929527584106233,0.6606726744654585,0.5214716612910142,0.0048847475970865036,0.0,0.11315553747880519,0.7139723237196005,0.39984186354815804,0.2707706211970529,0.008464199344904643,0.34106415477198254,0.7132499402323407,0.7001035612769948,0.00973474354460992,0.0159473016640143,0.0,0.0,0.0,0.0,0.0,0.0,0.0,0.0,0.0,0.0,0.0,0.0,0.0,0.0,0.0,0.0,0.0,0.0,0.0,0.0,0.0,0.0,0.0,0.0,0.00973474354460992,0.0,0.0,0.0,5.661818631121082e-05,5.661818631121082e-05,5.661818631121082e-05,0.0,0.1394641678126749,0.6604030435720116,0.6362150750666253,0.7927453771646273,0.00011029110064901334,0.8362486806150392,0.8362486806150392,0.8362486806150392,0.0,4.708677854666834e-07,4.708677854666834e-07,4.708677854666834e-07,0.0,0.23886963476406292,0.02651465403150033,0.28425139642764097,0.28425139642764097,0.28425139642764097,0.9330312498586225,0.2984487626131918,1.5037785039650684e-06,0.0,0.0,0.0,0.0,0.9473218793026722,0.001758716787157882,0.02501287950557332,0.5760030901828863,0.0,0.15201854560154446,0.15201854560154446,0.15201854560154446,0.0,0.4857275891895462,0.4857275891895462,0.4857275891895462
1,1270,35,0.612648244250751,0.744075843210327,0.005544410965872519,0.0,0.2214532745799245,0.15824327432794172,0.8365384704969305,0.24775104220868838,0.6820863699627782,0.7056451787667034,0.4666666686534881,0.4000000059604645,0.228598778020975,0.6757006633916351,0.37110518157677036,0.005544410965872519,0.0,0.06443483997881122,0.7248486653752211,0.3961541260995263,0.2625025313168195,0.009221844675054337,0.34034736299194646,0.8074205273958849,0.7245144777501766,0.01065311557712029,0.009296565784980504,0.0,0.0,0.0,0.0,0.0,0.0,0.0,0.0,0.0,0.0,0.0,0.0,0.0,0.0,0.0,0.0,0.0,0.0,0.0,0.0,0.0,0.0,0.0,0.0,0.01065311557712029,0.0,0.0,0.0,4.546350451597108e-05,4.546350451597108e-05,4.546350451597108e-05,0.0,0.13679207091610324,0.7423225795827458,0.639360468023245,0.8064207956074682,7.49569788578215e-05,0.8390352791932103,0.8390352791932103,0.8390352791932103,0.0,5.963931647620624e-07,5.963931647620624e-07,5.963931647620624e-07,0.0,0.42118151209060295,0.09552918614407288,0.4270508753460502,0.4270508753460502,0.4270508753460502,0.7856340755125997,0.23869981340403154,1.7560758697658087e-06,0.0,0.0,0.0,0.0,0.8931034563680276,0.0021552600166979876,0.04895994811725532,0.43534170066121314,0.0,0.13373155993104155,0.13373155993104155,0.13373155993104155,0.0,0.49115749249861335,0.49115749249861335,0.49115749249861335
1,1270,37,0.23715415025328168,0.13744076887704046,0.0004089686690910003,0.0,0.055363318644981015,0.1577730752450192,0.16346154777132008,0.06214396175160585,0.203507246876572,0.24193549823511631,0.2196078449487686,0.098039224743843,0.05617012192189652,0.17911392742394566,0.5700088002668118,0.0004089686690910003,0.0,0.00419319522161728,0.704943136974507,0.3000169863912654,0.19943497163956875,0.006206569320721217,0.25395854704037374,0.5244445952719533,0.7072957805243018,0.0071479956530390455,0.02937871665970429,0.0,0.0,0.0,0.0,0.0,0.0,0.0,0.0,0.0,0.0,0.0,0.0,0.0,0.0,0.0,0.0,0.0,0.0,0.0,0.0,0.0,0.0,0.0,0.0,0.0071479956530390455,0.0,0.0,0.0,5.593520630681354e-05,5.593520630681354e-05,5.593520630681354e-05,0.0,0.129154871357407,0.4953555527729727,0.6617240877614763,0.8003669802610427,0.00011499264315872388,0.8423094526021674,0.8423094526021674,0.8423094526021674,0.0,4.1383737692861796e-07,4.1383737692861796e-07,4.1383737692861796e-07,0.0,0.2115702479338843,0.0687621359223301,0.30891289376085873,0.30891289376085873,0.30891289376085873,0.8023189777430397,0.2568431032519087,1.120234129710133e-06,0.0,0.0,0.0,0.0,0.9248586060788528,0.001328946973841231,0.03336914691200657,0.5721225767691087,0.0,0.14622856091510386,0.14622856091510386,0.14622856091510386,0.0,0.4916244900838111,0.4916244900838111,0.4916244900838111
1,1270,37,0.32015811293279195,0.4407583240521963,0.0023098468603440035,0.0,0.29527103277323274,0.11764168705335316,0.5000000274023759,0.2897264531810791,0.3715948200284709,0.39516129558943514,0.239215686917305,0.3529412001371383,0.279188633423124,0.35978745260163125,0.5256174570569513,0.0023098468603440035,0.0,0.08477938421231587,0.6513671597317117,0.5053447505407426,0.33055276296464803,0.011012642728135428,0.4140965136665933,0.9982748206609886,0.7467289867776695,0.01281128985351966,0.0,0.0,0.0,0.0,0.0,0.0,0.0,0.0,0.0,0.0,0.0,0.0,0.0,0.0,0.0,0.0,0.0,0.0,0.0,0.0,0.0,0.0,0.0,0.0,0.0,0.01281128985351966,0.0,0.0,0.0,3.89852272995938e-05,3.89852272995938e-05,3.89852272995938e-05,0.0,0.11177230037781888,1.0000000000000002,0.7029732820357866,0.837365058629112,7.288015649994955e-05,0.8714959348730102,0.8714959348730102,0.8714959348730102,0.0,4.576381085792343e-07,4.576381085792343e-07,4.576381085792343e-07,0.0,0.5444822557122022,0.09072546779991264,0.4322000788165703,0.4322000788165703,0.4322000788165703,0.8700454269756002,0.252208751429309,1.2732537658666746e-06,0.0,0.0,0.0,0.0,0.8699327881350374,0.002814906340262885,0.06799007591635345,0.42843122286143126,0.0,0.11149998141092579,0.11149998141092579,0.11149998141092579,0.0,0.5321029615209258,0.5321029615209258,0.5321029615209258
1,1270,37,0.2411067191894985,0.2559241747981853,0.001046121752564397,0.0,0.18915800537035213,0.19980826435455865,0.31250000114176557,0.20847622293740423,0.25688849608272973,0.29435484996159383,0.0784313753247261,0.3607843145728111,0.19219169784718765,0.23922237042538685,0.4256925978734308,0.001046121752564397,0.0,0.04531523666737533,0.9390089957002965,0.419268068553569,0.2625025313168195,0.009635105764226897,0.41070693321125296,0.8294284967345124,0.7124574408669445,0.011020464390124439,0.008931781581090148,0.0,0.0,0.0,0.0,0.0,0.0,0.0,0.0,0.0,0.0,0.0,0.0,0.0,0.0,0.0,0.0,0.0,0.0,0.0,0.0,0.0,0.0,0.0,0.0,0.011020464390124439,0.0,0.0,0.0,6.296080240902743e-05,6.296080240902743e-05,6.296080240902743e-05,0.0,0.11951807878443083,0.798129452916644,0.669818299822448,0.8109185575815214,0.00015323244236965737,0.8456385854594748,0.8456385854594748,0.8456385854594748,0.0,6.730114582419089e-07,6.730114582419089e-07,6.730114582419089e-07,0.0,0.3385123966942149,0.08203495145631068,0.4086065853147034,0.4086065853147034,0.4086065853147034,0.8196585240583867,0.21401934590383576,1.8934573396001052e-06,0.0,0.0,0.0,0.0,0.8679553367791731,0.0023040646385335695,0.05646637222207393,0.3944585176347397,0.0,0.12807561355188188,0.12807561355188188,0.12807561355188188,0.0,0.48065358518224127,0.48065358518224127,0.48065358518224127
1,1270,37,0.3794466469760444,0.5071090313680374,0.0024027398540945643,0.0,0.26758944357385367,0.15287935513372003,0.5625000239770789,0.2931853264761314,0.4250954366198439,0.4354838738405716,0.1647058874368667,0.4784313887357712,0.27197902177366207,0.4146369687564378,0.5235525271393319,0.0024027398540945643,0.0,0.09070796998776307,0.6600344728929963,0.46267847668045203,0.26952012169109424,0.009038173079866532,0.3810550321396631,0.8027762147604673,0.7346416175805626,0.010591890774952931,0.008938588677989703,0.0,0.0,0.0,0.0,0.0,0.0,0.0,0.0,0.0,0.0,0.0,0.0,0.0,0.0,0.0,0.0,0.0,0.0,0.0,0.0,0.0,0.0,0.0,0.0,0.010591890774952931,0.0,0.0,0.0,5.229334327853915e-05,5.229334327853915e-05,5.229334327853915e-05,0.0,0.12837297901415218,0.7794293250864232,0.6866681913733255,0.8089768113000988,0.00010628589893455095,0.8652703926969281,0.8652703926969281,0.8652703926969281,0.0,2.592272034926113e-07,2.592272034926113e-07,2.592272034926113e-07,0.0,0.9673771204871684,0.16385176021300055,0.5304220793847664,0.5304220793847664,0.5304220793847664,0.7831064495673594,0.33782745640919404,7.544783931964211e-07,0.0,0.0,0.0,0.0,0.9486617514170619,0.0019957029374386343,0.03322672038838956,0.604207848836927,0.0,0.14191993804605843,0.14191993804605843,0.14191993804605843,0.0,0.579584990643374,0.579584990643374,0.579584990643374
0,1276,11,0.0,0.0521326986053037,0.018064478803792996,0.0,0.32295272496593175,0.38369611725449826,0.8317307784527226,0.3714983927697789,0.012595948141608262,0.004032259740333541,0.0,0.8627451062202454,0.33936411166283115,0.03501605287172509,0.9003028287670263,0.018064478803792996,0.0,0.15034374215918506,0.9972124556692072,0.9784350585324084,1.0000000000000002,0.9912909051948451,0.9790917897158922,0.8210504157833911,0.0015187012319383842,0.9914438338971115,0.7774219715839229,0.0,0.0,0.0,0.0,0.0,0.0,0.0,0.0,0.0,0.0,0.0,0.0,0.0,0.0,0.0,0.0,0.0,0.0,0.0,0.0,0.0,0.0,0.0,0.0,0.9914438338971115,0.0,0.0,0.0,0.7489512526901114,0.7489512526901114,0.7489512526901114,0.0,0.9634612776634242,0.28306428567282776,0.14360821754325703,0.0020289870585877227,0.9195925795062304,0.16163337634203895,0.16163337634203895,0.16163337634203895,0.0,0.19654565865191997,0.19654565865191997,0.19654565865191997,0.0,0.05289256198347106,0.22932038834951457,0.5285714284814523,0.5285714284814523,0.5285714284814523,0.4614766635595577,0.00040205163916757835,0.6290227874454043,0.0,0.0,0.0,0.0,0.012284570019781123,0.9862460751705631,0.9925606406383765,0.013346663719553377,0.0,0.9977660470551405,0.9977660470551405,0.9977660470551405,0.0,0.0011523748704700826,0.0011523748704700826,0.0011523748704700826
0,1276,15,0.3280632508052257,0.33175355458771805,0.0006548192967318325,0.0,0.0922721977416351,0.28410162098941044,0.4423077228718808,0.15481212476689848,0.32732202264251176,0.3548387173382986,0.168627455830574,0.376470610499382,0.10378132966081707,0.3098289663888401,0.6864906774129326,0.0006548192967318325,0.0,0.03494308143794233,0.6918544762479162,0.1899947253454663,0.11874438315913836,0.004109651942327119,0.1585593280534382,0.3679204995282929,0.7541682733020344,0.004806146970137603,0.04351204002503575,0.0,0.0,0.0,0.0,0.0,0.0,0.0,0.0,0.0,0.0,0.0,0.0,0.0,0.0,0.0,0.0,0.0,0.0,0.0,0.0,0.0,0.0,0.0,0.0,0.004806146970137603,0.0,0.0,0.0,5.4187358964002974e-05,5.4187358964002974e-05,5.4187358964002974e-05,0.0,0.11888313174278226,0.3263150048116949,0.6523555607088294,0.8048935406511435,0.00010576552555129206,0.8259210297686262,0.8259210297686262,0.8259210297686262,0.0,1.4420381531953217e-06,1.4420381531953217e-06,1.4420381531953217e-06,0.0,0.22668240850059035,0.34466019417475724,0.6531045906341606,0.6531045906341606,0.6531045906341606,0.3996647344357279,0.12880856074438463,3.4523008161679573e-06,0.0,0.0,0.0,0.0,0.8533556771713929,0.0010270462931260844,0.06717293559210205,0.3736882490852011,0.0,0.1311719380333982,0.1311719380333982,0.1311719380333982,0.0,0.4654810774532719,0.4654810774532719,0.4654810774532719
0,1276,17,0.5138340208453304,0.5687204024470327,0.0017322912288771526,0.0,0.1568627361607797,0.1546805809644098,0.6057692523749503,0.1721350583156354,0.5501101798155775,0.5766129283630665,0.4196078479290008,0.2588235437870025,0.16731551440749867,0.5380172015327839,0.3737551028563263,0.0017322912288771526,0.0,0.03017356326370885,0.40907922504301086,0.2209757738392889,0.12595211483196794,0.004255058621850797,0.14498954827954808,0.3382453560498845,0.6790780962949381,0.004821453170679443,0.054585231951844546,0.0,0.0,0.0,0.0,0.0,0.0,0.0,0.0,0.0,0.0,0.0,0.0,0.0,0.0,0.0,0.0,0.0,0.0,0.0,0.0,0.0,0.0,0.0,0.0,0.004821453170679443,0.0,0.0,0.0,6.934305853818286e-05,6.934305853818286e-05,6.934305853818286e-05,0.0,0.147753156069015,0.29444086610041226,0.6253935791597547,0.7642334652954829,0.00013852880895869656,0.8323703647371559,0.8323703647371559,0.8323703647371559,0.0,6.018098389800874e-07,6.018098389800874e-07,6.018098389800874e-07,0.0,0.24242424242424238,0.18234223300970875,0.5009694363629448,0.5009694363629448,0.5009694363629448,0.5884709805889973,0.2202614529071143,1.6567923977356934e-06,0.0,0.0,0.0,0.0,0.9619714295405039,0.0008364016767879493,0.024252646608846823,0.6735212388844637,0.0,0.17909975498669298,0.17909975498669298,0.17909975498669298,0.0,0.4757458382023279,0.4757458382023279,0.4757458382023279
0,1276,17,0.32213439740090044,0.3175355458771807,0.0008827312726417209,0.0,0.11072663728996225,0.34044671458672726,0.5480769478444552,0.1565348170526193,0.341194819145665,0.3750000064638669,0.2823529541492462,0.3490196168422699,0.1148748695167111,0.32407878598494994,0.7320014376819937,0.0008827312726417209,0.0,0.035536624064169506,0.7123525050452819,0.20521871642972445,0.12595211483196794,0.0051428046652585175,0.17416537173680247,0.42084943040669676,0.6912847252902962,0.005923499609691886,0.041644010557980116,0.0,0.0,0.0,0.0,0.0,0.0,0.0,0.0,0.0,0.0,0.0,0.0,0.0,0.0,0.0,0.0,0.0,0.0,0.0,0.0,0.0,0.0,0.0,0.0,0.005923499609691886,0.0,0.0,0.0,8.591780491940498e-05,8.591780491940498e-05,8.591780491940498e-05,0.0,0.13246568172222883,0.3986652942370417,0.6751858232491945,0.7774223072267378,0.00021814873169743068,0.8584927086937338,0.8584927086937338,0.8584927086937338,0.0,3.0879216732772173e-07,3.0879216732772173e-07,3.0879216732772173e-07,0.0,0.15311004784688997,0.05117930236936229,0.21856139034084496,0.21856139034084496,0.21856139034084496,0.8082365827997948,0.28983549095528294,8.285936121076272e-07,0.0,0.0,0.0,0.0,0.9512772928170196,0.001049238591704466,0.025618760676891617,0.7606560354907386,0.0,0.17432725108930106,0.17432725108930106,0.17432725108930106,0.0,0.47785391091811874,0.47785391091811874,0.47785391091811874
0,1276,19,0.16679842318862215,0.0748815125421636,0.00012631843353739147,0.0,0.055363318644981015,0.18235072533249788,0.09615385915240907,0.08021668024604475,0.14141585900720116,0.18548387336176675,0.1294117718935012,0.1333333402872085,0.0657723239668753,0.11587990546458783,0.3826687160269433,0.00012631843353739147,0.0,0.0075166360620485834,0.4507930631112329,0.21316795970729946,0.12479354469764926,0.004607095845960756,0.14515333614221415,0.4300495181139299,0.7799854055970512,0.005418394991811182,0.03372584847663007,0.0,0.0,0.0,0.0,0.0,0.0,0.0,0.0,0.0,0.0,0.0,0.0,0.0,0.0,0.0,0.0,0.0,0.0,0.0,0.0,0.0,0.0,0.0,0.0,0.005418394991811182,0.0,0.0,0.0,3.462873592982773e-05,3.462873592982773e-05,3.462873592982773e-05,0.0,0.10100535594994309,0.4234173867053114,0.7173846218626225,0.8496508659666839,6.20780952148974e-05,0.8699292811063478,0.8699292811063478,0.8699292811063478,0.0,5.291007376166928e-07,5.291007376166928e-07,5.291007376166928e-07,0.0,0.42607897153351704,0.18069039913700108,0.5272217230583666,0.5272217230583666,0.5272217230583666,0.6544186941153658,0.29764008735144654,1.7343387387136693e-06,0.0,0.0,0.0,0.0,0.8739870548437806,0.0011173548252241038,0.0580616194212101,0.40004258975158313,0.0,0.10140522659660964,0.10140522659660964,0.10140522659660964,0.0,0.5922579454882266,0.5922579454882266,0.5922579454882266
0,1276,19,0.138339926847861,0.0521326986053037,3.428508051725473e-05,0.0,0.08304497796747153,0.18494528223688042,0.10096155119661707,0.0977829658343886,0.11333762725279893,0.15725806858597113,0.1215686276555061,0.1450980529189109,0.094043364222816,0.08777244854093717,0.6530543953734198,3.428508051725473e-05,0.0,0.01050108766020621,0.8429555607579255,0.16644030164139112,0.10562545248632242,0.0037729206844828115,0.15594668941619227,0.3527050701010432,0.7852541751322168,0.0044387981571334546,0.04330271987146493,0.0,0.0,0.0,0.0,0.0,0.0,0.0,0.0,0.0,0.0,0.0,0.0,0.0,0.0,0.0,0.0,0.0,0.0,0.0,0.0,0.0,0.0,0.0,0.0,0.0044387981571334546,0.0,0.0,0.0,3.427321491320469e-05,3.427321491320469e-05,3.427321491320469e-05,0.0,0.09510064104967386,0.3391757932254193,0.7040465889602232,0.852615903506495,6.153834845907928e-05,0.8580416667638465,0.8580416667638465,0.8580416667638465,0.0,4.6270728142154376e-07,4.6270728142154376e-07,4.6270728142154376e-07,0.0,0.07212622088655146,0.0799967904998796,0.3182162736663333,0.3182162736663333,0.3182162736663333,0.7268575283979996,0.21724739812946578,1.0775275362591487e-06,0.0,0.0,0.0,0.0,0.8273712700265867,0.001013666534092682,0.08341460863034458,0.33722222149846565,0.0,0.09566774683450799,0.09566774683450799,0.09566774683450799,0.0,0.5155957842102579,0.5155957842102579,0.5155957842102579
0,1276,23,0.3241106818690089,0.27014218350872277,0.0003083466625061725,0.0,0.07381775819330819,0.19370664213019706,0.3221153852301816,0.09279691647862637,0.31215992620112615,0.3467742016880713,0.2823529541492462,0.1647058725357055,0.07853428981328353,0.2916493013321455,0.4509360588403549,0.0003083466625061725,0.0,0.010119144549568389,0.785357440394379,0.09775193518147345,0.07075036056110058,0.0023188538892460284,0.08817421830638282,0.21520720488799022,0.7941129856191746,0.0027091974959055913,0.0697683621182877,0.0,0.0,0.0,0.0,0.0,0.0,0.0,0.0,0.0,0.0,0.0,0.0,0.0,0.0,0.0,0.0,0.0,0.0,0.0,0.0,0.0,0.0,0.0,0.0,0.0027091974959055913,0.0,0.0,0.0,2.9918171141420162e-05,2.9918171141420162e-05,2.9918171141420162e-05,0.0,0.09653686373473092,0.20681825910772023,0.7338932626042725,0.8583879120728056,4.815149204947003e-05,0.8847105654941793,0.8847105654941793,0.8847105654941793,0.0,6.782499455448578e-07,6.782499455448578e-07,6.782499455448578e-07,0.0,0.44077134986225897,0.4449838187702264,0.7624183172174509,0.7624183172174509,0.7624183172174509,0.3473490163355127,0.27076082439003213,2.2380778973603414e-06,0.0,0.0,0.0,0.0,0.8282400955478184,0.0006110656117020741,0.08528164930630691,0.33830057416976217,0.0,0.09184729552357138,0.09184729552357138,0.09184729552357138,0.0,0.6122884187428456,0.6122884187428456,0.6122884187428456
0,1276,23,0.5533597102074986,0.6473933839786729,0.0014906941379211598,0.0,0.14302190649953445,0.2528240500432898,0.8028846261874751,0.2118303573368859,0.5856738638821092,0.5927419596635212,0.4705882370471954,0.3686274588108063,0.15675520622818254,0.5763348318225696,0.7723786847209677,0.0014906941379211598,0.0,0.05750472702193189,0.4367244676983839,0.13857313477701771,0.08450113168608443,0.0030841522025285457,0.0892367064592116,0.26633760950813146,0.7393722654380533,0.0036122633278741216,0.06249381724702861,0.0,0.0,0.0,0.0,0.0,0.0,0.0,0.0,0.0,0.0,0.0,0.0,0.0,0.0,0.0,0.0,0.0,0.0,0.0,0.0,0.0,0.0,0.0,0.0,0.0036122633278741216,0.0,0.0,0.0,5.1956222198055774e-05,5.1956222198055774e-05,5.1956222198055774e-05,0.0,0.11488533937730488,0.2622933042621712,0.7204219833778489,0.8191946643146273,0.00011145524714353103,0.8827043470504102,0.8827043470504102,0.8827043470504102,0.0,1.7206823987947288e-07,1.7206823987947288e-07,1.7206823987947288e-07,0.0,0.2497704315886134,0.10140237324703341,0.4178053883930115,0.4178053883930115,0.4178053883930115,0.7409951605272138,0.4253974121739226,5.337024776697591e-07,0.0,0.0,0.0,0.0,0.9611269321539987,0.0006026496727561017,0.02186728311854033,0.7189746573666302,0.0,0.1414517916679555,0.1414517916679555,0.1414517916679555,0.0,0.6160668125773443,0.6160668125773443,0.6160668125773443
0,1276,25,0.34387352655009296,0.47109007596800945,0.0004492131523278969,0.0,0.25374861391260845,0.16242267211369366,0.620192328507574,0.3105649708606305,0.4255487484088943,0.47177419426659445,0.2470588237047195,0.4431372731924057,0.27462890986444743,0.4163103438712105,0.4585620672538167,0.0004492131523278969,0.0,0.1053098055645123,0.8232883511146201,0.0899587938872664,0.07025722149327086,0.001614779441026112,0.08419115767962683,0.16128287799467295,0.8530129819515899,0.0019591936693554557,0.08123669479568392,0.0,0.0,0.0,0.0,0.0,0.0,0.0,0.0,0.0,0.0,0.0,0.0,0.0,0.0,0.0,0.0,0.0,0.0,0.0,0.0,0.0,0.0,0.0,0.0,0.0019591936693554557,0.0,0.0,0.0,2.0521096949019602e-05,2.0521096949019602e-05,2.0521096949019602e-05,0.0,0.07110771490559742,0.1686623514032755,0.8085256416283748,0.8981002440805356,3.418013569530961e-05,0.9199342420994926,0.9199342420994926,0.9199342420994926,0.0,1.6981923674414883e-07,1.6981923674414883e-07,1.6981923674414883e-07,0.0,0.1175390266299357,0.1542610571736785,0.4449537569146586,0.4449537569146586,0.4449537569146586,0.5809209569926976,0.3502347944265675,4.2088494717251345e-07,0.0,0.0,0.0,0.0,0.8440407543086438,0.00039005843710955427,0.06510825291907393,0.36324801067042967,0.0,0.06746781748418776,0.06746781748418776,0.06746781748418776,0.0,0.6722042362977553,0.6722042362977553,0.6722042362977553
0,1276,25,0.41106719846577905,0.4407583240521963,0.0003997786859284674,0.0,0.13840836673556448,0.16950149849443177,0.4759615671813363,0.17191316246285462,0.4453963120332394,0.4879032562105661,0.3450980484485626,0.2274509966373443,0.15475528663480712,0.43051596408528364,0.28434853151941153,0.0003997786859284674,0.0,0.03139517254572839,0.6518775674609034,0.05789061625114768,0.037057212272126924,0.0014846787277680842,0.04431448690805266,0.10733261904936575,0.6826151764327857,0.0016224572574349868,0.12674701913727265,0.0,0.0,0.0,0.0,0.0,0.0,0.0,0.0,0.0,0.0,0.0,0.0,0.0,0.0,0.0,0.0,0.0,0.0,0.0,0.0,0.0,0.0,0.0,0.0,0.0016224572574349868,0.0,0.0,0.0,5.560294751561579e-05,5.560294751561579e-05,5.560294751561579e-05,0.0,0.13542684119750548,0.08745218321097938,0.6555517783603506,0.7931722915573639,0.00010603920623032177,0.8512295516231342,0.8512295516231342,0.8512295516231342,0.0,1.862512596519498e-07,1.862512596519498e-07,1.862512596519498e-07,0.0,0.20569329660238755,0.23354908306364613,0.5721437168469471,0.5721437168469471,0.5721437168469471,0.4943444905808497,0.40338895425958876,5.659571093240235e-07,0.0,0.0,0.0,0.0,0.9424807289141448,0.00023556557905320236,0.021772584161697472,0.5402973622100564,0.0,0.14958581070578467,0.14958581070578467,0.14958581070578467,0.0,0.5797489903071019,0.5797489903071019,0.5797489903071019
0,1276,27,0.30830040612414156,0.28909952845610587,0.00020587483466949974,0.0,0.10149941751579868,0.24932516512460484,0.40384618651821746,0.1365209751631106,0.3015516375154456,0.3306451703876167,0.2784313857555389,0.2352941334247589,0.11576479474147762,0.2821212769232083,0.7455701369515251,0.00020587483466949974,0.0,0.022569417355416947,0.5113117677896946,0.1073285942112648,0.06487644638724245,0.0018749808675421681,0.07305803290302053,0.14791783892966587,0.7099439082738175,0.002066337073148332,0.10185339136584122,0.0,0.0,0.0,0.0,0.0,0.0,0.0,0.0,0.0,0.0,0.0,0.0,0.0,0.0,0.0,0.0,0.0,0.0,0.0,0.0,0.0,0.0,0.0,0.0,0.002066337073148332,0.0,0.0,0.0,4.2089589522487246e-05,4.2089589522487246e-05,4.2089589522487246e-05,0.0,0.11631934254563892,0.13620560611549193,0.695213047877034,0.8255911032558005,7.507638697697535e-05,0.8666431694240991,0.8666431694240991,0.8666431694240991,0.0,1.952732722294924e-07,1.952732722294924e-07,1.952732722294924e-07,0.0,0.17630853994490353,0.20711974110032355,0.5096626920827814,0.5096626920827814,0.5096626920827814,0.5477025584256884,0.33614088841023604,4.95131566807735e-07,0.0,0.0,0.0,0.0,0.8597560456355035,0.000440519010101632,0.07718546111935967,0.38772492372775,0.0,0.11727790459014562,0.11727790459014562,0.11727790459014562,0.0,0.5442043987753182,0.5442043987753182,0.5442043987753182
0,1276,27,0.2833992218259756,0.23222749361395637,0.0002287442318559251,0.0,0.08535178291101259,0.23616206183246824,0.3173076931859736,0.11323606982341117,0.2810334090314909,0.3266129125625031,0.2235294133424759,0.2196078449487686,0.09408752392283085,0.2601897607521394,0.3270164250649625,0.0002287442318559251,0.0,0.014809696825235627,0.4899523712565135,0.06746993064916902,0.042008416520860625,0.002311200906113203,0.04135101950052801,0.18893055598363062,0.7184688076832803,0.002586747891570875,0.08525504563934667,0.0,0.0,0.0,0.0,0.0,0.0,0.0,0.0,0.0,0.0,0.0,0.0,0.0,0.0,0.0,0.0,0.0,0.0,0.0,0.0,0.0,0.0,0.0,0.0,0.002586747891570875,0.0,0.0,0.0,4.503962377759804e-05,4.503962377759804e-05,4.503962377759804e-05,0.0,0.1249300855749349,0.16836232457947314,0.6751369663891196,0.8147386520462099,8.003669322962227e-05,0.8585787038504769,0.8585787038504769,0.8585787038504769,0.0,3.6119064639121697e-07,3.6119064639121697e-07,3.6119064639121697e-07,0.0,0.11334120425029512,0.21359223300970875,0.49010438846781357,0.49010438846781357,0.49010438846781357,0.5109773341081041,0.21867231184646307,6.822600508332103e-07,0.0,0.0,0.0,0.0,0.8908533771961229,0.0004906956525968677,0.05090798118727871,0.42917034400992904,0.0,0.12740942672212593,0.12740942672212593,0.12740942672212593,0.0,0.5110883210405199,0.5110883210405199,0.5110883210405199
0,1276,29,0.33596838867765927,0.32227488211402644,0.00039289374531444466,0.0,0.08304497796747153,0.23048351971453526,0.40384618651821746,0.13811950830551512,0.33172653681504444,0.3548387173382986,0.2627451121807098,0.250980406999588,0.10701536169780679,0.31328569226418146,0.7302484052325873,0.00039289374531444466,0.0,0.024744116017421356,0.8206627104966,0.08816212145149428,0.06823232995621938,0.002517831450699483,0.08235597181626138,0.23638611193127662,0.7989039778747347,0.002954096704575023,0.06394713331573491,0.0,0.0,0.0,0.0,0.0,0.0,0.0,0.0,0.0,0.0,0.0,0.0,0.0,0.0,0.0,0.0,0.0,0.0,0.0,0.0,0.0,0.0,0.0,0.0,0.002954096704575023,0.0,0.0,0.0,3.668194133062751e-05,3.668194133062751e-05,3.668194133062751e-05,0.0,0.09057151116426415,0.24069705627225985,0.7802436905838321,0.8586102633190226,7.740197948502792e-05,0.9054293031403875,0.9054293031403875,0.9054293031403875,0.0,1.4925487950405265e-06,1.4925487950405265e-06,1.4925487950405265e-06,0.0,0.22668240850059035,0.34466019417475724,0.6721715134866417,0.6721715134866417,0.6721715134866417,0.3996647344357279,0.19604075122408482,5.0067685354592375e-06,0.0,0.0,0.0,0.0,0.827525464362857,0.0006980769122545647,0.0950337451817391,0.35666028663935834,0.0,0.09278831149887476,0.09278831149887476,0.09278831149887476,0.0,0.5538440929700209,0.5538440929700209,0.5538440929700209
0,1276,31,0.41304348293388743,0.5047393632496144,0.000810401913848709,0.0,0.1291811469614009,0.18082377955370596,0.6009615603307423,0.21281108301332877,0.44416347739325296,0.45967742079125357,0.3529411852359772,0.3215686380863189,0.16623152816370582,0.4311039130827395,0.6861458295204128,0.000810401913848709,0.0,0.0543248307248436,0.4984647008608951,0.11425257966895562,0.07238094131483992,0.002770379894082714,0.07716556087579025,0.2721392026413158,0.8266749581298657,0.003321445517579171,0.05384239520303637,0.0,0.0,0.0,0.0,0.0,0.0,0.0,0.0,0.0,0.0,0.0,0.0,0.0,0.0,0.0,0.0,0.0,0.0,0.0,0.0,0.0,0.0,0.0,0.0,0.003321445517579171,0.0,0.0,0.0,2.8355295948384474e-05,2.8355295948384474e-05,2.8355295948384474e-05,0.0,0.08937267383114272,0.26827144013513865,0.7497045345303701,0.8697729907267596,4.848538652151727e-05,0.8887881339752615,0.8887881339752615,0.8887881339752615,0.0,8.188061414935477e-07,8.188061414935477e-07,8.188061414935477e-07,0.0,0.0,0.10800970873786403,0.2390869198376825,0.2390869198376825,0.2390869198376825,0.6206787202042967,0.1522594583534128,1.6353904397796657e-06,0.0,0.0,0.0,0.0,0.8164535808513537,0.0007354657267942468,0.07889210682768036,0.32496897005846537,0.0,0.08348737681440258,0.08348737681440258,0.08348737681440258,0.0,0.5306055474079783,0.5306055474079783,0.5306055474079783
0,1276,33,0.5015810571430582,0.5781990749207243,0.0008226168363210962,0.0,0.19377161525743378,0.16595679635015073,0.6394230966844057,0.21480169469855565,0.5515388182249288,0.5846774440132938,0.4117647111415863,0.294117659330368,0.19692528662364692,0.54064449064796,0.3300332236496517,0.0008226168363210962,0.0,0.047386533533414044,0.5786246856288646,0.04624390356654047,0.03504997568262397,0.0018826338506749932,0.03050648561911798,0.16237755298082457,0.7583094199043193,0.0021581742763993692,0.09029823031952415,0.0,0.0,0.0,0.0,0.0,0.0,0.0,0.0,0.0,0.0,0.0,0.0,0.0,0.0,0.0,0.0,0.0,0.0,0.0,0.0,0.0,0.0,0.0,0.0,0.0021581742763993692,0.0,0.0,0.0,4.4295211737193515e-05,4.4295211737193515e-05,4.4295211737193515e-05,0.0,0.12223871528578223,0.13424850729680587,0.6623798271170298,0.8151850649328455,7.511758817109525e-05,0.8442600268659487,0.8442600268659487,0.8442600268659487,0.0,1.4339149990137304e-06,1.4339149990137304e-06,1.4339149990137304e-06,0.0,0.31735537190082647,0.6574757281553398,0.9142930932157419,0.9142930932157419,0.9142930932157419,0.17334309719742808,0.18047406931451224,4.587248339542251e-06,0.0,0.0,0.0,0.0,0.8335093357324259,0.00046970526271005136,0.08067114743608103,0.3472604473107087,0.0,0.12222866844051042,0.12222866844051042,0.12222866844051042,0.0,0.518088231845772,0.518088231845772,0.518088231845772
0,1276,33,0.5256917276539809,0.6824644721313318,0.0007248707804400393,0.0,0.17531717570910688,0.18639517201727362,0.8605769307179703,0.2665362625234073,0.5942283442470434,0.604838733138862,0.4196078479290008,0.4666666686534881,0.21725819242463243,0.5869858135612527,0.5696561696718039,0.0007248707804400393,0.0,0.0873048180989855,0.1872459346862303,0.1070745359330409,0.055156061519768526,0.0013392720482444057,0.044943518483284026,0.12136483592685984,0.8026500487538378,0.0015612324552676288,0.10347232706767336,0.0,0.0,0.0,0.0,0.0,0.0,0.0,0.0,0.0,0.0,0.0,0.0,0.0,0.0,0.0,0.0,0.0,0.0,0.0,0.0,0.0,0.0,0.0,0.0,0.0015612324552676288,0.0,0.0,0.0,2.229809635468562e-05,2.229809635468562e-05,2.229809635468562e-05,0.0,0.07625754374352928,0.1277756636810694,0.805607966432835,0.8875419451539157,3.654258287064938e-05,0.9186949468282696,0.9186949468282696,0.9186949468282696,0.0,9.796459111740119e-08,9.796459111740119e-08,9.796459111740119e-08,0.0,0.2644628099173554,0.22153574580759045,0.5722391169305929,0.5722391169305929,0.5722391169305929,0.5335733198255157,0.5070431834174566,3.0192744004435285e-07,0.0,0.0,0.0,0.0,0.8794116259783243,0.00028875447538333123,0.057576011990110726,0.42362787427467274,0.0,0.07778067981979558,0.07778067981979558,0.07778067981979558,0.0,0.7511485520495791,0.7511485520495791,0.7511485520495791
0,1276,35,0.3596838022949603,0.35071089953510126,0.0005258347980557387,0.0,0.0922721977416351,0.19634699532537955,0.40384618651821746,0.1231701692067223,0.36225909653540633,0.39112903776432145,0.2745098173618316,0.2392157018184662,0.10125013960819994,0.34402515600535577,0.5720245269021743,0.0005258347980557387,0.0,0.018721087651952625,0.47903678709474207,0.10715525326182111,0.07238094131483992,0.00283925674227814,0.07014432156919632,0.2550993149038134,0.766864256959217,0.0032755269159536527,0.06244615181204756,0.0,0.0,0.0,0.0,0.0,0.0,0.0,0.0,0.0,0.0,0.0,0.0,0.0,0.0,0.0,0.0,0.0,0.0,0.0,0.0,0.0,0.0,0.0,0.0,0.0032755269159536527,0.0,0.0,0.0,3.5722421437968556e-05,3.5722421437968556e-05,3.5722421437968556e-05,0.0,0.0906471297849003,0.2663405769951084,0.775268140839537,0.8581712734080131,7.325318359514412e-05,0.9072610762779689,0.9072610762779689,0.9072610762779689,0.0,2.8354812256574716e-07,2.8354812256574716e-07,2.8354812256574716e-07,0.0,0.07212622088655146,0.0799967904998796,0.2687193992019583,0.2687193992019583,0.2687193992019583,0.6996788386613555,0.28253735766075244,7.029809143714099e-07,0.0,0.0,0.0,0.0,0.8426411235628587,0.000709351397072436,0.07410672054952774,0.3674114334478923,0.0,0.09372082591821837,0.09372082591821837,0.09372082591821837,0.0,0.5336547078944075,0.5336547078944075,0.5336547078944075
0,1276,37,0.3628458574439337,0.36018957200879276,0.0002424250587159042,0.0,0.1291810768382892,0.20431999951008722,0.41346157060663324,0.16570302527756392,0.36965810194025384,0.407258069064776,0.2627451121807098,0.2588235437870025,0.14043717897859484,0.3527560985458736,0.32538350418343,0.0002424250587159042,0.0,0.030691599258182146,0.37083765144661407,0.08158514941956947,0.04321967404343392,0.0012933541494474547,0.043116665531825554,0.12239690540139725,0.8287648465186488,0.0015306200541839498,0.10012189083720081,0.0,0.0,0.0,0.0,0.0,0.0,0.0,0.0,0.0,0.0,0.0,0.0,0.0,0.0,0.0,0.0,0.0,0.0,0.0,0.0,0.0,0.0,0.0,0.0,0.0015306200541839498,0.0,0.0,0.0,2.2032222311009427e-05,2.2032222311009427e-05,2.2032222311009427e-05,0.0,0.06744641469458018,0.12340683269328116,0.7928242359540174,0.8879150378159438,3.4351837391487576e-05,0.9091146246602614,0.9091146246602614,0.9091146246602614,0.0,9.656058916008907e-08,9.656058916008907e-08,9.656058916008907e-08,0.0,0.2644628099173554,0.22153574580759045,0.5745082495797104,0.5745082495797104,0.5745082495797104,0.5335733198255157,0.514340199593773,3.0064310335289717e-07,0.0,0.0,0.0,0.0,0.8741339255367309,0.0002730603779436475,0.05242891083685594,0.4161090284648642,0.0,0.07709471824990394,0.07709471824990394,0.07709471824990394,0.0,0.7597926420880494,0.7597926420880494,0.7597926420880494
0,1276,39,0.4743083014452482,0.5407583186496424,0.0008035444092480827,0.0,0.1568627361607797,0.20812624674181324,0.6826923250822771,0.2019174673749338,0.5125265104458505,0.5403226079370437,0.3843137323856354,0.3568627536296844,0.1683874011236261,0.500712621750535,0.5852579126539276,0.0008035444092480827,0.0,0.048748365609676915,0.22043697250862437,0.1047275703026986,0.06293777716189837,0.002020387547065846,0.046347465240054786,0.19840699778931015,0.8350499730355578,0.002464298287236159,0.07080667617315829,0.0,0.0,0.0,0.0,0.0,0.0,0.0,0.0,0.0,0.0,0.0,0.0,0.0,0.0,0.0,0.0,0.0,0.0,0.0,0.0,0.0,0.0,0.0,0.0,0.002464298287236159,0.0,0.0,0.0,2.8349684438696443e-05,2.8349684438696443e-05,2.8349684438696443e-05,0.0,0.09192333260761021,0.18139075216294126,0.7114833516550727,0.8598709948850729,4.128261835848876e-05,0.8681411242229815,0.8681411242229815,0.8681411242229815,0.0,1.8587425912637525e-07,1.8587425912637525e-07,1.8587425912637525e-07,0.0,0.19834710743801653,0.15260922330097082,0.45429631996495395,0.45429631996495395,0.45429631996495395,0.605573968245924,0.3899393410897187,5.474012332617028e-07,0.0,0.0,0.0,0.0,0.8806024025350927,0.0004896899830055813,0.06051557363940427,0.44179267741995676,0.0,0.09699868583408952,0.09699868583408952,0.09699868583408952,0.0,0.6258360010680389,0.6258360010680389,0.6258360010680389
0,1276,41,0.3750988211462059,0.3933649256667133,0.0004092481806273568,0.0,0.1291810768382892,0.2128785169146849,0.495192335358168,0.16852105921590851,0.3945797366130278,0.419354842540117,0.2823529541492462,0.3058823645114898,0.12846536499337213,0.37885510358007896,0.5271010697175419,0.0004092481806273568,0.0,0.036799576834156474,0.3890982811360857,0.07947947027103373,0.05346801610337429,0.0018596749012765176,0.04299122644841466,0.15952102519603448,0.755781379058945,0.0021581742763993692,0.09167994262722347,0.0,0.0,0.0,0.0,0.0,0.0,0.0,0.0,0.0,0.0,0.0,0.0,0.0,0.0,0.0,0.0,0.0,0.0,0.0,0.0,0.0,0.0,0.0,0.0,0.0021581742763993692,0.0,0.0,0.0,4.1978258746173166e-05,4.1978258746173166e-05,4.1978258746173166e-05,0.0,0.11850510451669072,0.1309994947395764,0.6466313986938683,0.8151850649328455,6.585064781111801e-05,0.8280098410859048,0.8280098410859048,0.8280098410859048,0.0,7.170159995884198e-07,7.170159995884198e-07,7.170159995884198e-07,0.0,0.0,0.10800970873786403,0.24525280402190652,0.24525280402190652,0.24525280402190652,0.6206787202042967,0.21658877134472046,2.089850485028194e-06,0.0,0.0,0.0,0.0,0.8995790762910273,0.0004084305255924796,0.05401661701144292,0.4831177525178716,0.0,0.13029451965739683,0.13029451965739683,0.13029451965739683,0.0,0.48090944078937153,0.48090944078937153,0.48090944078937153
0,1276,45,0.4861660082538987,0.5450237212628037,0.0007132275029062302,0.0,0.13840829661245277,0.18085162188035261,0.6394230966844057,0.1819380135931977,0.5127608024113689,0.53629035011193,0.4235294163227081,0.2823529541492462,0.14843206567868283,0.5002571501221268,0.626820210250179,0.0007132275029062302,0.0,0.03903155767657226,0.5105769205933823,0.07378853607594694,0.05346801610337429,0.0017678391036826154,0.04753376021312457,0.18497935321268896,0.8811952299888631,0.0021734804769412085,0.07087352919786878,0.0,0.0,0.0,0.0,0.0,0.0,0.0,0.0,0.0,0.0,0.0,0.0,0.0,0.0,0.0,0.0,0.0,0.0,0.0,0.0,0.0,0.0,0.0,0.0,0.0021734804769412085,0.0,0.0,0.0,1.8921614851797166e-05,1.8921614851797166e-05,1.8921614851797166e-05,0.0,0.06693198909890596,0.18648432152867156,0.7908184410148464,0.9010492540783323,2.7658164093575132e-05,0.9076895665640841,0.9076895665640841,0.9076895665640841,0.0,3.64182507705013e-07,3.64182507705013e-07,3.64182507705013e-07,0.0,0.2380165289256198,0.22932038834951457,0.5437377446094828,0.5437377446094828,0.5437377446094828,0.49137322226986596,0.359052292060568,1.2141135712385613e-06,0.0,0.0,0.0,0.0,0.7922414356865238,0.000518069968769528,0.10004774035607364,0.2971890537377799,0.0,0.061685765328565845,0.061685765328565845,0.061685765328565845,0.0,0.6580951994717746,0.6580951994717746,0.6580951994717746
0,1281,10,0.003952568936216852,0.27962085598241426,0.058362144959900296,0.0,0.6366782301577001,0.20764914309308852,1.0,0.6725860025531258,0.0959203004741828,0.05241935747213699,0.0,1.0,0.6575321976808284,0.15375150527428189,0.7650809878283249,0.058362144959900296,0.0,0.4425195464215158,1.0000000000000002,0.9749277365474134,1.0000000000000002,0.998163284048122,0.9770103641367733,0.7230430954644869,0.0006654916948994711,0.9981938683360628,0.8882289153634465,0.0,0.0,0.0,0.0,0.0,0.0,0.0,0.0,0.0,0.0,0.0,0.0,0.0,0.0,0.0,0.0,0.0,0.0,0.0,0.0,0.0,0.0,0.0,0.0,0.9981938683360628,0.0,0.0,0.0,0.8758048080307571,0.8758048080307571,0.8758048080307571,0.0,0.9159160974882912,0.34372557361017675,0.3127144085848563,0.0008505999012748053,0.777211767606552,0.09859795949910934,0.09859795949910934,0.09859795949910934,0.0,0.19925418701546582,0.19925418701546582,0.19925418701546582,0.0,0.31735537190082647,0.6574757281553398,0.9142857142847746,0.9142857142847746,0.9142857142847746,0.17334309719742808,0.00039866244951205875,0.6377109510955524,0.0,0.0,0.0,0.0,0.005364124954425051,0.9966420151801237,0.9969813568374513,0.005705460110702269,0.0,0.9990695371278696,0.9990695371278696,0.9990695371278696,0.0,0.0007351745274331856,0.0007351745274331856,0.0007351745274331856
0,1281,13,0.0,0.10900475145596564,0.021395490757486944,0.0,0.40599770293340354,0.17763813601100453,0.7403846296127721,0.4292645074514372,0.022326561423543445,0.0,0.0,0.7882353067398071,0.4279581685628982,0.047886306055298325,0.7508833509137187,0.021395490757486944,0.0,0.17291711839095955,0.9978576468812188,0.9761632215028533,1.0000000000000002,0.9957296354118836,0.9771620926973785,0.767214626453678,0.0010440646710237235,0.9958214072520777,0.8353257019822338,0.0,0.0,0.0,0.0,0.0,0.0,0.0,0.0,0.0,0.0,0.0,0.0,0.0,0.0,0.0,0.0,0.0,0.0,0.0,0.0,0.0,0.0,0.0,0.0,0.9958214072520777,0.0,0.0,0.0,0.8202993492560647,0.8202993492560647,0.8202993492560647,0.0,0.9436230737034534,0.3163889968745936,0.23003955479017585,0.0013498435112136494,0.8810710243863293,0.13659986686973147,0.13659986686973147,0.13659986686973147,0.0,0.16524706204210296,0.16524706204210296,0.16524706204210296,0.0,0.2644628099173554,0.4648058252427184,0.8095238094897544,0.8095238094897544,0.8095238094897544,0.3005303131352637,0.0004997062808270325,0.5509043967827824,0.0,0.0,0.0,0.0,0.00858121865211621,0.9926955574600335,0.9950825348886905,0.009087917651180881,0.0,0.998525745681781,0.998525745681781,0.998525745681781,0.0,0.0010477822620652277,0.0010477822620652277,0.0010477822620652277
0,1281,15,0.6245059510594015,0.8521327094104112,0.0011951289488220927,0.0,0.442906549159849,0.07633034952564642,0.8894230829832179,0.41965161035383647,0.7247743212759062,0.7580645304931809,0.5843137502670288,0.3254901766777038,0.4608615901001432,0.7235027697267647,0.5091332729996634,0.0011951289488220927,0.0,0.13961297412073062,0.495463567178539,0.051626292120877895,0.03309173971321455,0.0015152906602993847,0.029808805788323595,0.12555571933662377,0.747749033703681,0.001744906861769703,0.10774002930759251,0.0,0.0,0.0,0.0,0.0,0.0,0.0,0.0,0.0,0.0,0.0,0.0,0.0,0.0,0.0,0.0,0.0,0.0,0.0,0.0,0.0,0.0,0.0,0.0,0.001744906861769703,0.0,0.0,0.0,5.1870679093510405e-05,5.1870679093510405e-05,5.1870679093510405e-05,0.0,0.13616872051172246,0.09828842590145258,0.6519934071260634,0.7990266690754064,9.186702132343749e-05,0.8435706769115233,0.8435706769115233,0.8435706769115233,0.0,3.6536922364512214e-07,3.6536922364512214e-07,3.6536922364512214e-07,0.0,0.3778040141676505,0.5194174757281552,0.8163940440789862,0.8163940440789862,0.8163940440789862,0.27584823643756506,0.2973157523534207,1.0783186017649503e-06,0.0,0.0,0.0,0.0,0.9317590821306707,0.0002904072616548984,0.03828845104029646,0.530282227399956,0.0,0.1447181594805351,0.1447181594805351,0.1447181594805351,0.0,0.5859725739725044,0.5859725739725044,0.5859725739725044
0,1281,17,0.3754940780398276,0.4597156689995794,0.00046489707220080645,0.0,0.32525956716237575,0.0767015402282227,0.4759615671813363,0.30230758574615535,0.4274475407780885,0.47177419426659445,0.3411764800548553,0.2313725650310516,0.33504155542540737,0.4155226462146689,0.4491705328628787,0.00046489707220080645,0.0,0.07255580357015874,0.3189320300606737,0.08835301649161566,0.052785755659694705,0.0018061040193467417,0.04379452789796359,0.14712545009395067,0.7289044075658658,0.002035724672064653,0.09988221068104551,0.0,0.0,0.0,0.0,0.0,0.0,0.0,0.0,0.0,0.0,0.0,0.0,0.0,0.0,0.0,0.0,0.0,0.0,0.0,0.0,0.0,0.0,0.0,0.0,0.002035724672064653,0.0,0.0,0.0,4.0141051582741666e-05,4.0141051582741666e-05,4.0141051582741666e-05,0.0,0.12232059625239655,0.11670461901852348,0.6259176382222515,0.8130256723649335,5.79848967529336e-05,0.8185917272563891,0.8185917272563891,0.8185917272563891,0.0,2.278305176173854e-07,2.278305176173854e-07,2.278305176173854e-07,0.0,0.39669421487603307,0.35776699029126213,0.687364405813526,0.687364405813526,0.687364405813526,0.4252252588594643,0.3778451152935559,6.98347708441824e-07,0.0,0.0,0.0,0.0,0.8661166341760672,0.0003796644852121707,0.052695389868013726,0.435397378100194,0.0,0.12900023190398954,0.12900023190398954,0.12900023190398954,0.0,0.6104350100683504,0.6104350100683504,0.6104350100683504
0,1281,17,0.26482214782575647,0.22748815737711056,0.0001326643508363649,0.0,0.1568627361607797,0.0796917131935433,0.24519231252285476,0.15155943440065853,0.25963595935209227,0.3064516234369347,0.2588235437870025,0.1254901885986328,0.1685719240737065,0.23869708323147176,0.4780725086116984,0.0001326643508363649,0.0,0.018569436954075237,0.3189320300606737,0.08835301649161566,0.052785755659694705,0.0018061040193467417,0.04379452789796359,0.14712545009395067,0.7289044075658658,0.002035724672064653,0.09988221068104551,0.0,0.0,0.0,0.0,0.0,0.0,0.0,0.0,0.0,0.0,0.0,0.0,0.0,0.0,0.0,0.0,0.0,0.0,0.0,0.0,0.0,0.0,0.0,0.0,0.002035724672064653,0.0,0.0,0.0,4.0141051582741666e-05,4.0141051582741666e-05,4.0141051582741666e-05,0.0,0.12232059625239655,0.11670461901852348,0.6259176382222515,0.8130256723649335,5.79848967529336e-05,0.8185917272563891,0.8185917272563891,0.8185917272563891,0.0,2.278305176173854e-07,2.278305176173854e-07,2.278305176173854e-07,0.0,0.39669421487603307,0.35776699029126213,0.687364405813526,0.687364405813526,0.687364405813526,0.4252252588594643,0.3778451152935559,6.98347708441824e-07,0.0,0.0,0.0,0.0,0.8661166341760672,0.0003796644852121707,0.052695389868013726,0.435397378100194,0.0,0.12900023190398954,0.12900023190398954,0.12900023190398954,0.0,0.6104350100683504,0.6104350100683504,0.6104350100683504
0,1281,19,0.28063242357062373,0.2559241747981853,0.00011141200649751777,0.0,0.08304497796747153,0.19019741258329326,0.29807692500914196,0.12975750348290543,0.26774218579325754,0.29435484996159383,0.2470588237047195,0.1803921610116958,0.10673789928051507,0.24715640609435946,0.697325666645941,0.00011141200649751777,0.0,0.019818246084130475,0.5288263539730327,0.06744503040696255,0.04321967404343392,0.0015305966265650353,0.04394461329683218,0.12501375254736508,0.7396924421031662,0.001714294460686024,0.10900992188642404,0.0,0.0,0.0,0.0,0.0,0.0,0.0,0.0,0.0,0.0,0.0,0.0,0.0,0.0,0.0,0.0,0.0,0.0,0.0,0.0,0.0,0.0,0.0,0.0,0.001714294460686024,0.0,0.0,0.0,3.3139599717794084e-05,3.3139599717794084e-05,3.3139599717794084e-05,0.0,0.10761325416969841,0.11109250294481605,0.6924969902919293,0.8420112274052414,5.123343488403388e-05,0.8626448034148227,0.8626448034148227,0.8626448034148227,0.0,1.7616324558829983e-07,1.7616324558829983e-07,1.7616324558829983e-07,0.0,0.0,0.08252427184466013,0.04999130081289974,0.04999130081289974,0.04999130081289974,0.6740776547806134,0.3012550264354066,3.329719452792267e-07,0.0,0.0,0.0,0.0,0.8600119474647546,0.00034461725032493154,0.0695432313164048,0.4371628645930204,0.0,0.10882119390118258,0.10882119390118258,0.10882119390118258,0.0,0.48503559695289683,0.48503559695289683,0.48503559695289683
0,1281,19,0.4300395293596198,0.5327014470470047,2.8301825067557e-05,0.0,0.29065749300926247,0.09747929354134115,0.5673077160212868,0.28019250404175594,0.4761806167074815,0.4798387099168218,0.4274509847164154,0.2196078598499298,0.2854426563705027,0.4650361749440917,0.5834527539195085,2.8301825067557e-05,0.0,0.069575135477268,0.6526881046435871,0.017837188402945,0.003862986344863803,0.0,0.01123638684369653,0.0,0.9999999999999998,0.0,0.21149838258628278,0.0,0.0,0.0,0.0,0.0,0.0,0.0,0.0,0.0,0.0,0.0,0.0,0.0,0.0,0.0,0.0,0.0,0.0,0.0,0.0,0.0,0.0,0.0,0.0,0.0,0.0,0.0,0.0,0.0,0.0,0.0,0.0,0.0,0.0,1.0000000000000002,1.0,0.0,1.0,1.0,1.0,0.0,0.0,0.0,0.0,0.0,0.0440771349862259,0.1674757281553398,0.4070139605415338,0.4070139605415338,0.4070139605415338,0.5406416184370384,1.0,2.4262486965946257e-08,0.0,0.0,0.0,0.0,0.7290772470322513,0.0,0.149216871863299,0.22811761009092632,0.0,0.0,0.0,0.0,0.0,1.0,1.0,1.0
0,1281,21,0.5177865897815472,0.5781990749207243,0.0007074756244904243,0.0,0.18454439548327042,0.17486078476709008,0.6730769409938612,0.20996917626274775,0.542301025935717,0.5604838970626119,0.4235294163227081,0.3098039329051971,0.18843689123045235,0.5311792941686777,0.5462782908626835,0.0007074756244904243,0.0,0.04761762128511006,0.5629213102420358,0.025485019271673112,0.020085695024827988,0.0018061040193467417,0.013332176657150266,0.10402266203892102,0.5726135056799512,0.0018979688671880977,0.147509767203316,0.0,0.0,0.0,0.0,0.0,0.0,0.0,0.0,0.0,0.0,0.0,0.0,0.0,0.0,0.0,0.0,0.0,0.0,0.0,0.0,0.0,0.0,0.0,0.0,0.0018979688671880977,0.0,0.0,0.0,0.00011415172976265085,0.00011415172976265085,0.00011415172976265085,0.0,0.18802904861565717,0.06248575326029461,0.5153514580800145,0.6917833971657988,0.0002354214042440142,0.7736169589964137,0.7736169589964137,0.7736169589964137,0.0,3.0547182585674504e-06,3.0547182585674504e-06,3.0547182585674504e-06,0.0,0.0,0.4648058252427184,0.5714503449784747,0.5714503449784747,0.5714503449784747,0.24011130530177477,0.07966309125472956,6.066635929044627e-06,0.0,0.0,0.0,0.0,0.9827542066634322,0.00026369645090279167,0.01089218828162164,0.7665071836778242,0.0,0.24222676169787058,0.24222676169787058,0.24222676169787058,0.0,0.3755800628764458,0.3755800628764458,0.3755800628764458
0,1281,21,0.5059288829728967,0.7109004895524066,0.000636475967871856,0.0,0.37370240085362255,0.12347741189408214,0.8413461625411385,0.38242169258492453,0.5768476079370363,0.5564516392374983,0.4627451002597809,0.407843142747879,0.38208118589994483,0.5721535086457197,0.6698526699564332,0.000636475967871856,0.0,0.1331930693643552,0.5553675625436068,0.03282193216854641,0.019603264038566784,0.0011862123855879022,0.018703067445001498,0.11732509559231408,0.8580058192768325,0.0014234766503910734,0.09963616358609236,0.0,0.0,0.0,0.0,0.0,0.0,0.0,0.0,0.0,0.0,0.0,0.0,0.0,0.0,0.0,0.0,0.0,0.0,0.0,0.0,0.0,0.0,0.0,0.0,0.0014234766503910734,0.0,0.0,0.0,1.9671096338085087e-05,1.9671096338085087e-05,1.9671096338085087e-05,0.0,0.06917215065141508,0.11264473013451802,0.7718746908742762,0.8906288427742685,2.1877044866038186e-05,0.892907816377351,0.892907816377351,0.892907816377351,0.0,1.614992251452623e-07,1.614992251452623e-07,1.614992251452623e-07,0.0,0.0,0.10800970873786403,0.054099881991693285,0.054099881991693285,0.054099881991693285,0.6206787202042967,0.295384484865174,2.568234954723314e-07,0.0,0.0,0.0,0.0,0.7857202691946528,0.00031198844326923774,0.0888603195673516,0.2965980231325465,0.0,0.06826079120752457,0.06826079120752457,0.06826079120752457,0.0,0.5481695732459353,0.5481695732459353,0.5481695732459353
0,1281,23,0.4743083014452482,0.6587677909471028,0.0003333768537197716,0.0,0.4059976700631949,0.08478605518420548,0.7163461693917325,0.3833006931382284,0.573522667394937,0.629032280089544,0.4549019634723663,0.3137255012989044,0.4249135949672712,0.5681933071770934,0.46509997856266966,0.0003333768537197716,0.0,0.12429587993066012,0.8227582002117086,4.210628160571106e-05,0.001892374053312447,0.0006275446168916643,0.0024611133825546277,0.042107392040116313,0.7345554861157083,0.000642860422757259,0.17661664012633643,0.0,0.0,0.0,0.0,0.0,0.0,0.0,0.0,0.0,0.0,0.0,0.0,0.0,0.0,0.0,0.0,0.0,0.0,0.0,0.0,0.0,0.0,0.0,0.0,0.000642860422757259,0.0,0.0,0.0,2.8076585818174657e-05,2.8076585818174657e-05,2.8076585818174657e-05,0.0,0.07553117456429259,0.038574056373317664,0.7878756599333774,0.8723589820434395,5.0801183556540705e-05,0.9064937070529706,0.9064937070529706,0.9064937070529706,0.0,1.27156891554501e-07,1.27156891554501e-07,1.27156891554501e-07,0.0,0.03778040141676506,0.12621359223300974,0.40226086472442624,0.40226086472442624,0.40226086472442624,0.605474424694392,0.5616848129667072,4.4718506720252364e-07,0.0,0.0,0.0,0.0,0.8739901300350386,7.946031338559273e-05,0.04540694269909973,0.42953369318782336,0.0,0.08799361105328116,0.08799361105328116,0.08799361105328116,0.0,0.6890791130048805,0.6890791130048805,0.6890791130048805
0,1281,23,0.4980237451004631,0.552606659241757,0.0005223355902372337,0.0,0.1568627361607797,0.16076310998345833,0.6538461728170295,0.1881913693220692,0.5243064966844783,0.5403226079370437,0.4313725531101227,0.2862745225429535,0.16292587337136796,0.5120493014466709,0.5940615561925497,0.0005223355902372337,0.0,0.038133882295775495,0.3916394740884823,0.023156289727197313,0.019603264038566784,0.001262742216916154,0.003626032697741796,0.11234182334683493,0.7956500794663889,0.0014693952520165917,0.1090480158392569,0.0,0.0,0.0,0.0,0.0,0.0,0.0,0.0,0.0,0.0,0.0,0.0,0.0,0.0,0.0,0.0,0.0,0.0,0.0,0.0,0.0,0.0,0.0,0.0,0.0014693952520165917,0.0,0.0,0.0,3.7023139944619886e-05,3.7023139944619886e-05,3.7023139944619886e-05,0.0,0.10295827696528276,0.09301277584192373,0.7000523034295656,0.8396881722659573,6.251208515473388e-05,0.8612497483098349,0.8612497483098349,0.8612497483098349,0.0,4.055771654130984e-07,4.055771654130984e-07,4.055771654130984e-07,0.0,0.05289256198347106,0.22932038834951457,0.5144093067123005,0.5144093067123005,0.5144093067123005,0.4614766635595577,0.24066523936485906,1.0039520651683898e-06,0.0,0.0,0.0,0.0,0.8786416325243103,0.00025412852953683187,0.04890187474285809,0.4205495930925876,0.0,0.10943085117638382,0.10943085117638382,0.10943085117638382,0.0,0.5561952436646682,0.5561952436646682,0.5561952436646682
0,1281,27,0.5059288829728967,0.608056893212853,0.0003137713240672577,0.0,0.11072663728996225,0.2534736735798973,0.7259615534801483,0.21525673008683466,0.5299006740327226,0.5302419633742596,0.4941176474094391,0.2823529541492462,0.15566943713916362,0.5193296784011365,0.8650388171923811,0.0003137713240672577,0.0,0.060194835148877045,0.8177136393834441,0.002399864852948616,0.0,0.0006658095325557903,0.0044211409520446415,0.059939668613333906,0.8398521659988599,0.0007806162276338144,0.14128919705334214,0.0,0.0,0.0,0.0,0.0,0.0,0.0,0.0,0.0,0.0,0.0,0.0,0.0,0.0,0.0,0.0,0.0,0.0,0.0,0.0,0.0,0.0,0.0,0.0,0.0007806162276338144,0.0,0.0,0.0,2.827092667300065e-05,2.827092667300065e-05,2.827092667300065e-05,0.0,0.06723576882348564,0.05429616743466954,0.7983498753313545,0.884825475248005,5.661598028503017e-05,0.9111448094768059,0.9111448094768059,0.9111448094768059,0.0,1.4792720622457856e-07,1.4792720622457856e-07,1.4792720622457856e-07,0.0,0.0881542699724518,0.22694174757281554,0.40539934562400876,0.40539934562400876,0.40539934562400876,0.4606045166697801,0.43327698352596783,4.4499429470661556e-07,0.0,0.0,0.0,0.0,0.860594794080749,0.0001318138244094184,0.06650135396321302,0.3983427940686019,0.0,0.07802780377197255,0.07802780377197255,0.07802780377197255,0.0,0.6605152932703472,0.6605152932703472,0.6605152932703472
0,1284,10,0.003952568936216852,0.10900475145596564,0.027489177140921497,0.0,0.4798154589353644,0.15756159901610792,0.8028846261874751,0.4238815063430569,0.056488576131390564,0.07661290442281884,0.0,0.8392156958580017,0.44628412833639003,0.06950694899210001,0.6385991323274939,0.027489177140921497,0.0,0.15855351207781138,0.9977391796240755,0.9755141177659856,1.0000000000000002,0.9970306425444639,0.9764585675919148,0.7715307208866702,0.0010706685351121493,0.9970612094959667,0.8311596988694285,0.0,0.0,0.0,0.0,0.0,0.0,0.0,0.0,0.0,0.0,0.0,0.0,0.0,0.0,0.0,0.0,0.0,0.0,0.0,0.0,0.0,0.0,0.0,0.0,0.9970612094959667,0.0,0.0,0.0,0.8186657017903542,0.8186657017903542,0.8186657017903542,0.0,0.9498711637006667,0.3127564328376985,0.22200998227446495,0.0014332733451570285,0.8944119925440692,0.12444627941796733,0.12444627941796733,0.12444627941796733,0.0,0.19879639476765995,0.19879639476765995,0.19879639476765995,0.0,0.15867768595041326,0.40058252427184465,0.7428571428164261,0.7428571428164261,0.7428571428164261,0.3291807367387546,0.00039922795493039083,0.6362408880151116,0.0,0.0,0.0,0.0,0.009272007925935757,0.993424657787434,0.9944743391470352,0.009060162653724994,0.0,0.9983996878634708,0.9983996878634708,0.9983996878634708,0.0,0.0008995612848133744,0.0008995612848133744,0.0008995612848133744
0,1284,13,1.0,1.0,1.0000000000000002,0.0,0.0,0.0,1.0,0.0,0.9999999999999999,1.0,1.0,0.0,0.0,0.9999999999999999,0.49650286377781255,1.0000000000000002,0.0,0.0,0.9994018200013468,0.9757996383649914,1.0000000000000002,0.9965485046070959,0.9775762378180057,0.7444357510946054,0.000851479077220771,0.9965254924770023,0.8616728349557538,0.0,0.0,0.0,0.0,0.0,0.0,0.0,0.0,0.0,0.0,0.0,0.0,0.0,0.0,0.0,0.0,0.0,0.0,0.0,0.0,0.0,0.0,0.0,0.0,0.9965254924770023,0.0,0.0,0.0,0.843816395941236,0.843816395941236,0.843816395941236,0.0,0.9373922994110659,0.32348998948390334,0.26512842473172477,0.001182259843343015,0.8039512509432016,0.1058473464419673,0.1058473464419673,0.1058473464419673,0.0,0.33086997700718057,0.33086997700718057,0.33086997700718057,0.0,0.0,0.28640776699029125,0.09749225118347449,0.09749225118347449,0.09749225118347449,0.38056741490252194,0.0001999211881305774,0.8822787037669567,0.0,0.0,0.0,0.0,0.00739313179155944,0.9936215953242117,0.9953523219767408,0.00721249667236723,0.0,0.9986643216764138,0.9986643216764138,0.9986643216764138,0.0,0.0005258237655090953,0.0005258237655090953,0.0005258237655090953
0,1284,15,0.4007905192316153,0.4388625895574578,0.00039860595951670145,0.0,0.11072663728996225,0.2065232145477419,0.5240384876234155,0.1798262565642234,0.41092298958109696,0.42338710036523064,0.3294117748737335,0.2823529541492462,0.13664650387650523,0.3957677578213294,0.7206211704112231,0.00039860595951670145,0.0,0.0387064618752609,0.23877868132555768,0.10319780222460963,0.055156061519768526,0.0017219212048856646,0.046944867217085656,0.13294209014123842,0.7039371389744487,0.0019285812682717767,0.10958226523526714,0.0,0.0,0.0,0.0,0.0,0.0,0.0,0.0,0.0,0.0,0.0,0.0,0.0,0.0,0.0,0.0,0.0,0.0,0.0,0.0,0.0,0.0,0.0,0.0,0.0019285812682717767,0.0,0.0,0.0,5.648625893208435e-05,5.648625893208435e-05,5.648625893208435e-05,0.0,0.119369939224309,0.11007820924804322,0.6508818335499216,0.7972473834880316,0.00011459317163027208,0.8292562707793164,0.8292562707793164,0.8292562707793164,0.0,3.6257375546225956e-07,3.6257375546225956e-07,3.6257375546225956e-07,0.0,0.3305785123966942,0.39790655339805825,0.7500510447652368,0.7500510447652368,0.7500510447652368,0.3718831748551569,0.3150834132452872,1.1161377871559067e-06,0.0,0.0,0.0,0.0,0.9043513884335125,0.0003283155675795625,0.03901125832150171,0.4937617794051766,0.0,0.14384514970176612,0.14384514970176612,0.14384514970176612,0.0,0.5941132253402635,0.5941132253402635,0.5941132253402635
0,1284,17,0.5019763140366799,0.6208531010523365,0.0007375751200611947,0.0,0.26758937345074196,0.12731946424195428,0.6778846330380691,0.28455323038084646,0.5400732875759321,0.53629035011193,0.4117647111415863,0.3254902064800262,0.28204645376279114,0.5308550971209849,0.5870337715689897,0.0007375751200611947,0.0,0.07631842508114602,0.2633984991737357,0.09186846812609563,0.05183129793688998,0.001706615238620014,0.041760084689741434,0.1549026446126058,0.7922700550201154,0.0019898060704391348,0.08958519874055455,0.0,0.0,0.0,0.0,0.0,0.0,0.0,0.0,0.0,0.0,0.0,0.0,0.0,0.0,0.0,0.0,0.0,0.0,0.0,0.0,0.0,0.0,0.0,0.0,0.0019898060704391348,0.0,0.0,0.0,3.472235534528675e-05,3.472235534528675e-05,3.472235534528675e-05,0.0,0.09596167511090964,0.14135277645463035,0.7182651407086016,0.8523403528820578,6.134153572363046e-05,0.8666570142484552,0.8666570142484552,0.8666570142484552,0.0,2.244375128872145e-07,2.244375128872145e-07,2.244375128872145e-07,0.0,0.10578512396694215,0.12228155339805824,0.3230237893193375,0.3230237893193375,0.3230237893193375,0.6354400054509307,0.38455419025444454,6.943502491745086e-07,0.0,0.0,0.0,0.0,0.8398525376584202,0.0003839516786126566,0.05915188778272282,0.3713202761293243,0.0,0.09787838861296314,0.09787838861296314,0.09787838861296314,0.0,0.5613544588214503,0.5613544588214503,0.5613544588214503
0,1284,19,0.5474308568031734,0.6398104459997196,0.0005887350505079126,0.0,0.1291810768382892,0.3148395084693767,0.8317307784527226,0.22905751253523565,0.5750828479530136,0.5725806705379529,0.5254902243614197,0.3372548818588257,0.16177365109221312,0.566176984083025,0.9125061264142779,0.0005887350505079126,0.0,0.06842207433164997,0.5014849119775893,0.05601157413366924,0.037057212272126924,0.0011402944867909511,0.033477721112984665,0.10155695796817144,0.8018308618914805,0.0013316394471400363,0.11457423496518702,0.0,0.0,0.0,0.0,0.0,0.0,0.0,0.0,0.0,0.0,0.0,0.0,0.0,0.0,0.0,0.0,0.0,0.0,0.0,0.0,0.0,0.0,0.0,0.0,0.0013316394471400363,0.0,0.0,0.0,2.692828939111018e-05,2.692828939111018e-05,2.692828939111018e-05,0.0,0.08961332146815587,0.08591920221403658,0.7062062298194753,0.8588484967971123,3.595732573021632e-05,0.8587813622266178,0.8587813622266178,0.8587813622266178,0.0,1.0068514036465075e-07,1.0068514036465075e-07,1.0068514036465075e-07,0.0,0.17630853994490353,0.20711974110032355,0.541045601699448,0.541045601699448,0.541045601699448,0.5477025584256884,0.4642324424090034,2.831403623635829e-07,0.0,0.0,0.0,0.0,0.8443242740205674,0.00025436329864456206,0.06676396017429317,0.3816677731700683,0.0,0.09411341562736328,0.09411341562736328,0.09411341562736328,0.0,0.6542655849661284,0.6542655849661284,0.6542655849661284
0,1284,21,0.6513834198256759,0.8483412404209345,0.0011254075558742608,0.0,0.20299883503159735,0.17177787622432128,0.9903846159115841,0.2897156809214532,0.715961962891658,0.709677436591817,0.6117647290229797,0.3803921341896057,0.24885790072252542,0.7120847476377435,0.7221250592994304,0.0011254075558742608,0.0,0.09435209709300402,0.7704539131958053,0.04404576531303131,0.031185643888121645,0.0014158018795726575,0.03950901728220915,0.13640319022690137,0.8354468996514142,0.001683682059602345,0.09288246286829617,0.0,0.0,0.0,0.0,0.0,0.0,0.0,0.0,0.0,0.0,0.0,0.0,0.0,0.0,0.0,0.0,0.0,0.0,0.0,0.0,0.0,0.0,0.0,0.0,0.001683682059602345,0.0,0.0,0.0,2.4266382663257975e-05,2.4266382663257975e-05,2.4266382663257975e-05,0.0,0.07747418662201228,0.12421012548971398,0.735700236948067,0.8744651010064881,3.396373033635108e-05,0.8680330554598548,0.8680330554598548,0.8680330554598548,0.0,2.7362438145838204e-07,2.7362438145838204e-07,2.7362438145838204e-07,0.0,0.1322314049586777,0.28640776699029125,0.5717034854652531,0.5717034854652531,0.5717034854652531,0.43039501275303566,0.26167155374484585,5.811814803879239e-07,0.0,0.0,0.0,0.0,0.7699411500716407,0.0004455898272329572,0.12621098137168477,0.26152469052911304,0.0,0.07663766243472658,0.07663766243472658,0.07663766243472658,0.0,0.5822544001831511,0.5822544001831511,0.5822544001831511
0,1284,23,0.41106719846577905,0.49289102265749996,0.0004331410761422783,0.0,0.1568627361607797,0.18149630528642594,0.5673077160212868,0.22104604196719851,0.42886537275319797,0.431451616015458,0.3882353007793426,0.2588235437870025,0.19173487758758936,0.41532601772752825,0.7712956928928192,0.0004331410761422783,0.0,0.052760978493657136,0.6645253278506822,0.045046710906440815,0.037057212272126924,0.0015841675084948112,0.034410411743429514,0.15605992511037153,0.8449230371940726,0.0018979688671880977,0.08392718304552242,0.0,0.0,0.0,0.0,0.0,0.0,0.0,0.0,0.0,0.0,0.0,0.0,0.0,0.0,0.0,0.0,0.0,0.0,0.0,0.0,0.0,0.0,0.0,0.0,0.0018979688671880977,0.0,0.0,0.0,2.9375577874315412e-05,2.9375577874315412e-05,2.9375577874315412e-05,0.0,0.08234761461489543,0.14963682013153196,0.7734172545870304,0.8712249452171303,5.306675718307316e-05,0.8975880852626342,0.8975880852626342,0.8975880852626342,0.0,5.789780928647502e-07,5.789780928647502e-07,5.789780928647502e-07,0.0,0.15112160566706023,0.2572815533980582,0.5716993095248182,0.5716993095248182,0.5716993095248182,0.4423741040218827,0.27906942148287167,1.8725373167785752e-06,0.0,0.0,0.0,0.0,0.8010194527137052,0.0004414152251532485,0.09626268122312567,0.3053276495411162,0.0,0.08136498785827206,0.08136498785827206,0.08136498785827206,0.0,0.5914786915613355,0.5914786915613355,0.5914786915613355
0,1284,27,0.38339921591226117,0.48862562004433885,0.00015806120034567254,0.0,0.3160323473882121,0.09323725768809249,0.5432692558002472,0.3040402968006733,0.4394235092568663,0.4677419364414808,0.3490196168422699,0.2784313857555389,0.3221374362825018,0.42823765058524416,0.5216899108916456,0.00015806120034567254,0.0,0.07872272818463649,0.753387449743377,0.0,0.001892374053312447,0.0005433618024305875,0.0,0.04748148799963602,0.841413233830143,0.0006275542222154195,0.15386917050655463,0.0,0.0,0.0,0.0,0.0,0.0,0.0,0.0,0.0,0.0,0.0,0.0,0.0,0.0,0.0,0.0,0.0,0.0,0.0,0.0,0.0,0.0,0.0,0.0,0.0006275542222154195,0.0,0.0,0.0,2.772228973543259e-05,2.772228973543259e-05,2.772228973543259e-05,0.0,0.08018960559832378,0.03437687125300655,0.7512643928564677,0.8703170564323468,4.208608006766307e-05,0.882242735431285,0.882242735431285,0.882242735431285,0.0,1.0465943161947604e-07,1.0465943161947604e-07,1.0465943161947604e-07,0.0,0.07556080283353012,0.16990291262135918,0.2828586930219383,0.2828586930219383,0.2828586930219383,0.5368711946081708,0.568707116139248,3.602547050829182e-07,0.0,0.0,0.0,0.0,0.857711835845006,8.282044623998065e-05,0.05175232231121776,0.4081924486961212,0.0,0.08806978853699618,0.08806978853699618,0.08806978853699618,0.0,0.613696876283323,0.613696876283323,0.613696876283323
0,1285,9,0.0,0.12796209640334885,0.02735259566415965,0.0,0.4982698984836915,0.19874310023013142,1.0,0.4586762827570627,0.0473479073026533,0.05645161529725056,0.0,1.0,0.48242659812448563,0.06983328849839805,0.6965806239671711,0.02735259566415965,0.0,0.18940479102017618,0.9973843643726703,0.9799079905433907,1.0000000000000002,0.9883980775706371,0.9806394983141771,0.9620093810820967,0.0027067938524031263,0.988642799197955,0.6580685727896799,0.0,0.0,0.0,0.0,0.0,0.0,0.0,0.0,0.0,0.0,0.0,0.0,0.0,0.0,0.0,0.0,0.0,0.0,0.0,0.0,0.0,0.0,0.0,0.0,0.988642799197955,0.0,0.0,0.0,0.624553702545308,0.624553702545308,0.624553702545308,0.0,0.9984212115192983,0.26005929511369674,0.03515857358698765,0.0035738350050413207,1.0,0.2307684276620971,0.2307684276620971,0.2307684276620971,0.0,0.08139939489648942,0.08139939489648942,0.08139939489648942,0.0,0.4628099173553719,0.33100728155339804,0.7108201057409379,0.7108201057409379,0.7108201057409379,0.46757806021737996,0.0011075490502938528,0.2985016528190189,0.0,0.0,0.0,0.0,0.021598155260705805,0.9781288665343957,0.9861008005181515,0.02185144782040333,0.0,0.995969395934689,0.995969395934689,0.995969395934689,0.0,0.002096633461970643,0.002096633461970643,0.002096633461970643
0,1285,15,0.4466403188917304,0.6113744285786449,0.002243254304717576,0.0,0.23990771412825146,0.1972945305563036,0.8365384704969305,0.31827592021849055,0.524278992739688,0.5403226079370437,0.3058823645114898,0.5607843101024628,0.25492915856600423,0.5179007270813674,0.6053646071979314,0.002243254304717576,0.0,0.12216089200282698,0.42849222355740757,0.2871164350284369,0.18716571349146116,0.005778002265283007,0.19533099376895902,0.5065497131871216,0.7328326856960599,0.006750034438951219,0.029175622095547082,0.0,0.0,0.0,0.0,0.0,0.0,0.0,0.0,0.0,0.0,0.0,0.0,0.0,0.0,0.0,0.0,0.0,0.0,0.0,0.0,0.0,0.0,0.0,0.0,0.006750034438951219,0.0,0.0,0.0,4.636647769258901e-05,4.636647769258901e-05,4.636647769258901e-05,0.0,0.12326135431070234,0.4898412197703613,0.6858487898932402,0.8151850649328455,8.723007731968238e-05,0.8639436103648049,0.8639436103648049,0.8639436103648049,0.0,2.5453106912620505e-07,2.5453106912620505e-07,2.5453106912620505e-07,0.0,0.15112160566706023,0.03883495145631069,0.3098515709044535,0.3098515709044535,0.3098515709044535,0.8761664435113047,0.2843038376513605,5.930242827731436e-07,0.0,0.0,0.0,0.0,0.9341557988080451,0.0012642079424766126,0.0354020082549405,0.5748214335327066,0.0,0.13573896922879516,0.13573896922879516,0.13573896922879516,0.0,0.5231223162680971,0.5231223162680971,0.5231223162680971
0,1285,15,0.3735177935717191,0.4170616428679673,0.0012509678788340285,0.0,0.16608995593494327,0.13639006432018433,0.4759615671813363,0.18535606100727595,0.40715020010252984,0.4354838738405716,0.3176470696926117,0.2549019753932953,0.16744668460292442,0.3916876705619889,0.4435932231459176,0.0012509678788340285,0.0,0.03624005647991995,0.2556189721511195,0.29589560404335014,0.1902592500409767,0.005288211344782196,0.17113694887376402,0.46274307385998087,0.7333772681056016,0.00607656161511028,0.033505134630438374,0.0,0.0,0.0,0.0,0.0,0.0,0.0,0.0,0.0,0.0,0.0,0.0,0.0,0.0,0.0,0.0,0.0,0.0,0.0,0.0,0.0,0.0,0.0,0.0,0.00607656161511028,0.0,0.0,0.0,4.143971968982994e-05,4.143971968982994e-05,4.143971968982994e-05,0.0,0.11140647070255327,0.44316757342358337,0.6770550220880025,0.8296668627965484,7.613448124297768e-05,0.8546149069085265,0.8546149069085265,0.8546149069085265,0.0,3.1699449455201876e-07,3.1699449455201876e-07,3.1699449455201876e-07,0.0,0.29230100043497176,0.11048059597127713,0.4258557731975248,0.4258557731975248,0.4258557731975248,0.7716310209505616,0.28318560719859004,8.390548930176354e-07,0.0,0.0,0.0,0.0,0.8858219745711957,0.0012443593182636032,0.05550529355325487,0.429904683865939,0.0,0.11693036617327121,0.11693036617327121,0.11693036617327121,0.0,0.5382228869649212,0.5382228869649212,0.5382228869649212
0,1285,17,0.3794466469760444,0.3540284349008932,0.0011452383157932716,0.0,0.11995385706412559,0.1336431689200725,0.4086538785624253,0.1234141394897179,0.3752423988345741,0.4032258112396624,0.3333333432674408,0.1843137443065643,0.11920819214371105,0.3569802025101049,0.5629635589939145,0.0011452383157932716,0.0,0.014593249777858697,0.34544740180682565,0.3077707700329703,0.18112724289880366,0.005778002265283007,0.1950688280411173,0.46927445031726617,0.6838495413252179,0.006505135230281787,0.036672039828442984,0.0,0.0,0.0,0.0,0.0,0.0,0.0,0.0,0.0,0.0,0.0,0.0,0.0,0.0,0.0,0.0,0.0,0.0,0.0,0.0,0.0,0.0,0.0,0.0,0.006505135230281787,0.0,0.0,0.0,5.3209777851800615e-05,5.3209777851800615e-05,5.3209777851800615e-05,0.0,0.13558248107768556,0.44250705058512285,0.6536004346807702,0.7978249913844544,0.00010233687138815531,0.848558565623495,0.848558565623495,0.848558565623495,0.0,3.5096148927365736e-07,3.5096148927365736e-07,3.5096148927365736e-07,0.0,0.5792994883903976,0.2038834951456311,0.5627754719885262,0.5627754719885262,0.5627754719885262,0.6519523306153269,0.2941108472543907,1.010880170902542e-06,0.0,0.0,0.0,0.0,0.9283122763006826,0.0012322272291311381,0.03809239117676014,0.5526391947138187,0.0,0.1469199078122034,0.1469199078122034,0.1469199078122034,0.0,0.5391756613073826,0.5391756613073826,0.5391756613073826
0,1285,17,0.33873518693301113,0.42180097910481307,0.001414167104934,0.0,0.2099192498622201,0.1740744039693256,0.4663461830929204,0.24366590888758832,0.37195541371436636,0.39516129558943514,0.2078431397676468,0.3568627685308456,0.22019591260694357,0.35848076120883676,0.45635689153381187,0.001414167104934,0.0,0.06677546924709485,0.3196385358809257,0.34773807102921234,0.21614656273141775,0.007140233262925889,0.21705510783404214,0.5367516328104329,0.6328774310461004,0.0079439180812147,0.03420288218720326,0.0,0.0,0.0,0.0,0.0,0.0,0.0,0.0,0.0,0.0,0.0,0.0,0.0,0.0,0.0,0.0,0.0,0.0,0.0,0.0,0.0,0.0,0.0,0.0,0.0079439180812147,0.0,0.0,0.0,8.066492450015839e-05,8.066492450015839e-05,8.066492450015839e-05,0.0,0.16364088780962033,0.45760494015864195,0.5686575404942045,0.7474167086584159,0.00017140205651564272,0.800847222819973,0.800847222819973,0.800847222819973,0.0,7.388108720778058e-07,7.388108720778058e-07,7.388108720778058e-07,0.0,0.5010874293170946,0.19943253637414943,0.5595630017267275,0.5595630017267275,0.5595630017267275,0.6594378691199774,0.22124873289700536,2.212148581364919e-06,0.0,0.0,0.0,0.0,0.950522514633393,0.0014278301774441852,0.025578598280466464,0.6426473095901012,0.0,0.19018996966150228,0.19018996966150228,0.19018996966150228,0.0,0.45935321719909833,0.45935321719909833,0.45935321719909833
0,1285,19,0.3636363712311771,0.543127986768066,0.002408539938314307,0.0,0.2929642979528033,0.17214769962340024,0.7980769341432672,0.3561837472250333,0.4677241173022128,0.5040322875110208,0.2784313857555389,0.5568627417087555,0.3054188432464801,0.46176452338677926,0.5212895344856933,0.002408539938314307,0.0,0.13951464538789188,0.37713482756513517,0.35373273198557376,0.2211456034071364,0.007584106284629749,0.23279785945394926,0.6695944439804228,0.7329342898444011,0.00886229011372507,0.016549276562868503,0.0,0.0,0.0,0.0,0.0,0.0,0.0,0.0,0.0,0.0,0.0,0.0,0.0,0.0,0.0,0.0,0.0,0.0,0.0,0.0,0.0,0.0,0.0,0.0,0.00886229011372507,0.0,0.0,0.0,5.329680990604517e-05,5.329680990604517e-05,5.329680990604517e-05,0.0,0.1342653723633278,0.6213793411729966,0.6593211209144176,0.7985074262165938,0.0001011662593929115,0.8478659122120694,0.8478659122120694,0.8478659122120694,0.0,6.265892419459817e-07,6.265892419459817e-07,6.265892419459817e-07,0.0,0.30622009569377995,0.11641072533146868,0.4407316595898223,0.4407316595898223,0.4407316595898223,0.7463561467082696,0.1997586189422931,1.580198005658903e-06,0.0,0.0,0.0,0.0,0.9077214542994103,0.0017903857722036455,0.04969820754430079,0.5389731996297338,0.0,0.14561180604596966,0.14561180604596966,0.14561180604596966,0.0,0.47755944059282623,0.47755944059282623,0.47755944059282623
0,1285,19,0.45454545676416414,0.5687204024470327,0.002073578147354982,0.0,0.20299883503159735,0.15565220223488282,0.7259615534801483,0.24486652240687154,0.5271632727935294,0.5604838970626119,0.3803921639919281,0.3960784375667572,0.21890442915425534,0.5170065782785382,0.47246892738719387,0.002073578147354982,0.0,0.06709652037354281,0.5449015991689696,0.3065591678252065,0.22277714453153857,0.005364741176110448,0.23046793186856002,0.4870700534308596,0.7578916568558115,0.006244929821070515,0.029276335813869903,0.0,0.0,0.0,0.0,0.0,0.0,0.0,0.0,0.0,0.0,0.0,0.0,0.0,0.0,0.0,0.0,0.0,0.0,0.0,0.0,0.0,0.0,0.0,0.0,0.006244929821070515,0.0,0.0,0.0,4.138163465743448e-05,4.138163465743448e-05,4.138163465743448e-05,0.0,0.11056817322935658,0.4948232902394163,0.7372861404465187,0.8378532521830819,8.111754784214582e-05,0.8913484402901141,0.8913484402901141,0.8913484402901141,0.0,2.9922513143397387e-07,2.9922513143397387e-07,2.9922513143397387e-07,0.0,0.4533648170011807,0.15533980582524273,0.5118918661779066,0.5118918661779066,0.5118918661779066,0.7284444283381163,0.30530005284174094,8.367731970416985e-07,0.0,0.0,0.0,0.0,0.8721828421937396,0.0012885606089858052,0.05698187585441264,0.4027315951332447,0.0,0.10963727922542452,0.10963727922542452,0.10963727922542452,0.0,0.566095980898248,0.566095980898248,0.566095980898248
0,1285,21,0.2766798546344069,0.321800948490342,0.000833274848164549,0.0,0.14994232133015717,0.17795054763119056,0.4182692626508412,0.20588536296140933,0.30803234330380314,0.3467742016880713,0.1803921610116958,0.3450980633497238,0.17047410550145406,0.29179695363052993,0.4146596085089013,0.000833274848164549,0.0,0.05047567376852232,0.3070425501218188,0.31309544410660245,0.20307138172842432,0.005747390332751707,0.19159530443502187,0.5071542854879943,0.7372782289651435,0.006627584834616503,0.028802890674106588,0.0,0.0,0.0,0.0,0.0,0.0,0.0,0.0,0.0,0.0,0.0,0.0,0.0,0.0,0.0,0.0,0.0,0.0,0.0,0.0,0.0,0.0,0.0,0.0,0.006627584834616503,0.0,0.0,0.0,3.723183884638039e-05,3.723183884638039e-05,3.723183884638039e-05,0.0,0.11891771240481203,0.4784848667872842,0.6654371390153366,0.8284147756494966,5.844911299663588e-05,0.8474889944731119,0.8474889944731119,0.8474889944731119,0.0,2.9263969368181944e-07,2.9263969368181944e-07,2.9263969368181944e-07,0.0,0.12593467138921682,0.02912621359223301,0.26872712768870294,0.26872712768870294,0.26872712768870294,0.885939579315263,0.2891242322020026,7.616543253942171e-07,0.0,0.0,0.0,0.0,0.8675041814228353,0.0013534408451894356,0.054179881478113284,0.4002235454645458,0.0,0.1160425706851865,0.1160425706851865,0.1160425706851865,0.0,0.5021898104976893,0.5021898104976893,0.5021898104976893
0,1285,21,0.47826087038146503,0.49289102265749996,0.0013587704452287463,0.0,0.13840829661245277,0.11475526695956206,0.5336538717118313,0.13528099390206663,0.4945251429210426,0.5201613188114754,0.4627451002597809,0.1568627655506134,0.13661582639010628,0.47997268388289144,0.48815033695652327,0.0013587704452287463,0.0,0.017889692412195176,0.3389372847112566,0.20780339817455112,0.12595211483196794,0.003956592279670616,0.1262057676228031,0.35440431738806755,0.755452685451471,0.004622472563635528,0.045369576567647465,0.0,0.0,0.0,0.0,0.0,0.0,0.0,0.0,0.0,0.0,0.0,0.0,0.0,0.0,0.0,0.0,0.0,0.0,0.0,0.0,0.0,0.0,0.0,0.0,0.004622472563635528,0.0,0.0,0.0,4.550155659781395e-05,4.550155659781395e-05,4.550155659781395e-05,0.0,0.11426604970051768,0.34795936142779893,0.7187015880254146,0.8263833518310308,8.937847100254468e-05,0.8770684716769578,0.8770684716769578,0.8770684716769578,0.0,3.2102407253805433e-07,3.2102407253805433e-07,3.2102407253805433e-07,0.0,0.36363636363636365,0.18048391990291263,0.544377213951247,0.544377213951247,0.544377213951247,0.6355223340778584,0.3049162244039389,9.229167727136285e-07,0.0,0.0,0.0,0.0,0.9462652303926111,0.0008069140805698797,0.025997592884083487,0.5556108208137095,0.0,0.1266897228085597,0.1266897228085597,0.1266897228085597,0.0,0.5985339250623974,0.5985339250623974,0.5985339250623974
0,1285,23,0.5177865897815472,0.6492891184734112,0.003113497080980918,0.0,0.19377161525743378,0.25276113399779043,0.8365384704969305,0.2744211457704388,0.5725499023611529,0.5887097018384074,0.2862745225429535,0.5803921520709991,0.20494961596745856,0.565683182407897,0.5056366852197584,0.003113497080980918,0.0,0.1008215626449993,0.16816770859393682,0.3071052532598203,0.20130062295181528,0.006987173600269386,0.1623739014671468,0.630432117288706,0.7491111801106728,0.008081673886091255,0.018135610561450938,0.0,0.0,0.0,0.0,0.0,0.0,0.0,0.0,0.0,0.0,0.0,0.0,0.0,0.0,0.0,0.0,0.0,0.0,0.0,0.0,0.0,0.0,0.0,0.0,0.008081673886091255,0.0,0.0,0.0,3.8531128262427386e-05,3.8531128262427386e-05,3.8531128262427386e-05,0.0,0.12068518814652146,0.5957467525044539,0.6718496636095657,0.828756961475747,6.213323208560941e-05,0.8542883569105995,0.8542883569105995,0.8542883569105995,0.0,1.076308500476299e-06,1.076308500476299e-06,1.076308500476299e-06,0.0,0.203432930705658,0.13862239329005574,0.44961523575345674,0.44961523575345674,0.44961523575345674,0.6740861856517476,0.14894536119290225,2.588956325276929e-06,0.0,0.0,0.0,0.0,0.8330119443981832,0.0018143481221048734,0.07538820442265673,0.33981105060555694,0.0,0.11221677058081966,0.11221677058081966,0.11221677058081966,0.0,0.48100508226654887,0.48100508226654887,0.48100508226654887
0,1285,23,0.5415020033988481,0.6018957561049533,0.0019030527416536824,0.0,0.18454439548327042,0.13758933200915344,0.6923077091706928,0.18468846257795357,0.570975881719692,0.5806451861881802,0.5098039507865906,0.2392156720161438,0.17697179744432576,0.5596876738534037,0.6056566225787221,0.0019030527416536824,0.0,0.03345261700349211,0.6086847576547527,0.2366841487597383,0.17254363229751696,0.004262711604983623,0.18572809561970888,0.37891911349378876,0.7485955592392766,0.004943902775014157,0.04242114088218507,0.0,0.0,0.0,0.0,0.0,0.0,0.0,0.0,0.0,0.0,0.0,0.0,0.0,0.0,0.0,0.0,0.0,0.0,0.0,0.0,0.0,0.0,0.0,0.0,0.004943902775014157,0.0,0.0,0.0,3.458364029972916e-05,3.458364029972916e-05,3.458364029972916e-05,0.0,0.11105772078870213,0.3641455530981222,0.6869887143506761,0.8375649021335736,5.385722758032309e-05,0.8586947051961036,0.8586947051961036,0.8586947051961036,0.0,2.402091348743538e-07,2.402091348743538e-07,2.402091348743538e-07,0.0,0.30413223140495865,0.10622572815533982,0.43807759296417953,0.43807759296417953,0.43807759296417953,0.753794356050247,0.359052292060568,7.181290466896868e-07,0.0,0.0,0.0,0.0,0.8728875071601588,0.0010091492226642607,0.05668116339810084,0.3996462213545295,0.0,0.10965307057639237,0.10965307057639237,0.10965307057639237,0.0,0.5735049962149724,0.5735049962149724,0.5735049962149724
0,1285,25,0.3754940780398276,0.4502369965258879,0.0009105814536690111,0.0,0.2029989051547091,0.1647896054489068,0.4855769512697521,0.23125427070303087,0.41949031211686955,0.4516129051410262,0.2705882489681244,0.3098039329051971,0.21137258261550151,0.4060438580217513,0.3777685283263482,0.0009105814536690111,0.0,0.05637558324025493,0.2523574015794725,0.1873099000775869,0.13060630863173972,0.0035127192579667557,0.10154817678575763,0.33435675879055693,0.799281854109166,0.004163286547380343,0.04501485311606704,0.0,0.0,0.0,0.0,0.0,0.0,0.0,0.0,0.0,0.0,0.0,0.0,0.0,0.0,0.0,0.0,0.0,0.0,0.0,0.0,0.0,0.0,0.0,0.0,0.004163286547380343,0.0,0.0,0.0,2.815690655033615e-05,2.815690655033615e-05,2.815690655033615e-05,0.0,0.09970317994082106,0.322738813620876,0.7156369680393226,0.8576933325367934,4.040031328682977e-05,0.8750795227018996,0.8750795227018996,0.8750795227018996,0.0,4.183730832518234e-07,4.183730832518234e-07,4.183730832518234e-07,0.0,0.1322314049586777,0.10800970873786403,0.40686206578807743,0.40686206578807743,0.40686206578807743,0.7007158219715547,0.2507293578298688,1.108812557469712e-06,0.0,0.0,0.0,0.0,0.8314077154883609,0.0009040358495779031,0.07216580124119912,0.34532279831484697,0.0,0.09272995726981373,0.09272995726981373,0.09272995726981373,0.0,0.5524652756801224,0.5524652756801224,0.5524652756801224
0,1285,25,0.6086956753145342,0.6824644721313318,0.0025446211165393124,0.0,0.1568627361607797,0.13788929757466425,0.7644230898338117,0.16855035948221603,0.641933957770254,0.6532258270402259,0.5647059082984924,0.243137240409851,0.16533355494125299,0.6323988632884598,0.5593422335056846,0.0025446211165393124,0.0,0.029011012581533643,0.17972263187454063,0.23041840137878067,0.15946126194240123,0.0046453607616248815,0.11840132747296343,0.39104907590506005,0.7114476226073772,0.005341863989101985,0.04379257107061438,0.0,0.0,0.0,0.0,0.0,0.0,0.0,0.0,0.0,0.0,0.0,0.0,0.0,0.0,0.0,0.0,0.0,0.0,0.0,0.0,0.0,0.0,0.0,0.0,0.005341863989101985,0.0,0.0,0.0,6.049615405946572e-05,6.049615405946572e-05,6.049615405946572e-05,0.0,0.12682316340580452,0.376591940709745,0.6932956930992136,0.7978946194164529,0.0001307649409598699,0.8664378337233313,0.8664378337233313,0.8664378337233313,0.0,7.125558115523122e-07,7.125558115523122e-07,7.125558115523122e-07,0.0,0.07212622088655146,0.0799967904998796,0.3399284458144663,0.3399284458144663,0.3399284458144663,0.7268575283979996,0.184197234472266,1.7498081615239575e-06,0.0,0.0,0.0,0.0,0.9112079675914411,0.0010451570198077497,0.04680605210408731,0.5801925836434619,0.0,0.14850504972438802,0.14850504972438802,0.14850504972438802,0.0,0.4723644650042303,0.4723644650042303,0.4723644650042303
0,1285,27,0.47351778765800484,0.5876777473944159,0.0014988540121617909,0.0,0.21222605480576096,0.20214587066484957,0.6971154012149008,0.2529712093779236,0.5280591262417785,0.5483871235872709,0.294117659330368,0.4588235318660736,0.20783811476886493,0.5185684438661107,0.46612753385571587,0.0014988540121617909,0.0,0.07635821973404111,0.27967400254547936,0.16649431509391405,0.11917637111025146,0.0036734319037560843,0.09144881660416289,0.3659189660908321,0.830554997362473,0.0044387981571334546,0.03817751284606691,0.0,0.0,0.0,0.0,0.0,0.0,0.0,0.0,0.0,0.0,0.0,0.0,0.0,0.0,0.0,0.0,0.0,0.0,0.0,0.0,0.0,0.0,0.0,0.0,0.0044387981571334546,0.0,0.0,0.0,2.539385851389793e-05,2.539385851389793e-05,2.539385851389793e-05,0.0,0.08449343566248585,0.37424201370435695,0.7632853281762431,0.8769582961698487,4.143547405491416e-05,0.8974285458492525,0.8974285458492525,0.8974285458492525,0.0,3.0673542761832594e-07,3.0673542761832594e-07,3.0673542761832594e-07,0.0,0.07052341597796144,0.039029126213592225,0.27926210236682336,0.27926210236682336,0.27926210236682336,0.8299602768953818,0.2962826122989178,8.406168988944028e-07,0.0,0.0,0.0,0.0,0.8244800533835643,0.000987078397454306,0.0770867890449812,0.3315153636967461,0.0,0.07916339717126183,0.07916339717126183,0.07916339717126183,0.0,0.5730964869699839,0.5730964869699839,0.5730964869699839
0,1285,27,0.5138340208453304,0.5213270400785748,0.0006854569064232544,0.0,0.11995385706412559,0.13587467333616726,0.5576923319328709,0.12378840360986244,0.5250603979755091,0.5443548657621573,0.4745098054409027,0.1647059023380279,0.12163792036535905,0.5112192702041636,0.4985340008345139,0.0006854569064232544,0.0,0.015313586795745786,0.511499465871208,0.06370610377243512,0.04321967404343392,0.001783145069948266,0.03994034492598278,0.14682316394351427,0.7353445296210455,0.0019898060704391348,0.09924580061264986,0.0,0.0,0.0,0.0,0.0,0.0,0.0,0.0,0.0,0.0,0.0,0.0,0.0,0.0,0.0,0.0,0.0,0.0,0.0,0.0,0.0,0.0,0.0,0.0,0.0019898060704391348,0.0,0.0,0.0,3.985431381871834e-05,3.985431381871834e-05,3.985431381871834e-05,0.0,0.11131852606280279,0.1344336818255396,0.7124145419119574,0.8317366811911822,7.223388412978842e-05,0.876839563811833,0.876839563811833,0.876839563811833,0.0,2.2755556723407848e-07,2.2755556723407848e-07,2.2755556723407848e-07,0.0,0.19834710743801653,0.2641080097087378,0.572158890213275,0.572158890213275,0.572158890213275,0.4802226106035494,0.30762346403625024,5.564232767469632e-07,0.0,0.0,0.0,0.0,0.8486906545509825,0.0003912656392765577,0.06254054781190951,0.37638906029054936,0.0,0.11231101232885946,0.11231101232885946,0.11231101232885946,0.0,0.5727784322473318,0.5727784322473318,0.5727784322473318
0,1285,29,0.4387351810192968,0.42180097910481307,0.0011381957188655763,0.0,0.08765865797766513,0.28185238135119295,0.47115387513712836,0.12033705677766036,0.44537042151251466,0.4758064520917082,0.3450980484485626,0.223529428243637,0.09762169646381247,0.42941315719302015,0.2135137532947623,0.0011381957188655763,0.0,0.01808725907720057,0.006015957797261828,0.21884230546527156,0.15406927314816166,0.004010163161600392,0.0871899593485047,0.37154348409680826,0.7777598746897892,0.0047143097668865645,0.041191686690872434,0.0,0.0,0.0,0.0,0.0,0.0,0.0,0.0,0.0,0.0,0.0,0.0,0.0,0.0,0.0,0.0,0.0,0.0,0.0,0.0,0.0,0.0,0.0,0.0,0.0047143097668865645,0.0,0.0,0.0,3.314745240631762e-05,3.314745240631762e-05,3.314745240631762e-05,0.0,0.10127489969047887,0.3776631820573087,0.7408884608831166,0.8540860242011119,5.855164607609831e-05,0.8871585493242888,0.8871585493242888,0.8871585493242888,0.0,2.5107087942842227e-07,2.5107087942842227e-07,2.5107087942842227e-07,0.0,0.09333981526494894,0.03702086202842067,0.2575083752447938,0.2575083752447938,0.2575083752447938,0.8295419160369893,0.3183760295163148,6.782363772638367e-07,0.0,0.0,0.0,0.0,0.8825436973834416,0.0009391144228179235,0.05193580599772882,0.43634245546338984,0.0,0.10056011943652896,0.10056011943652896,0.10056011943652896,0.0,0.5568879313179457,0.5568879313179457,0.5568879313179457
0,1285,31,0.4944664060237455,0.563981066210187,0.002077232760087991,0.0,0.14763551638661637,0.19147485943165996,0.6682692489496532,0.19418016187604598,0.5398554763698569,0.5685484127128392,0.3882353007793426,0.3411764800548553,0.15908338559235474,0.5284333757545804,0.4398587393696627,0.002077232760087991,0.0,0.0441680646414407,0.0,0.2139308860287864,0.15406927314816166,0.005188722564055469,0.08382142943727534,0.46401482397334065,0.7482599987511487,0.006015336812942923,0.032282233338914945,0.0,0.0,0.0,0.0,0.0,0.0,0.0,0.0,0.0,0.0,0.0,0.0,0.0,0.0,0.0,0.0,0.0,0.0,0.0,0.0,0.0,0.0,0.0,0.0,0.006015336812942923,0.0,0.0,0.0,3.925384572060432e-05,3.925384572060432e-05,3.925384572060432e-05,0.0,0.11930257736311661,0.43808019498810447,0.6754702827025933,0.8269530046388793,6.36143958535786e-05,0.8501488664990744,0.8501488664990744,0.8501488664990744,0.0,6.96345970772436e-07,6.96345970772436e-07,6.96345970772436e-07,0.0,0.18890200708382526,0.1152912621359223,0.4406464330084921,0.4406464330084921,0.4406464330084921,0.7150742509108637,0.21056965433968597,1.958321344452647e-06,0.0,0.0,0.0,0.0,0.8512227141842783,0.0012667317103847117,0.061917978949860814,0.37511098522184183,0.0,0.11557434118657903,0.11557434118657903,0.11557434118657903,0.0,0.513124598623451,0.513124598623451,0.513124598623451
2,1297,23,0.3636363712311771,0.5118483676048832,0.003151965597778008,0.0,0.2306805644771996,0.21288421433531537,0.6394230966844057,0.29877927664905374,0.44206564264147935,0.4737903231791513,0.1019607856869697,0.6039215847849846,0.25093210594831705,0.4331882932692172,0.3584406633774887,0.003151965597778008,0.0,0.10674558318392284,0.712316323340467,0.4760281743234933,0.3080539989153414,0.011234579238987357,0.4058781675314332,0.9660713676002177,0.709880246330118,0.012933739457854376,0.003165810970090971,0.0,0.0,0.0,0.0,0.0,0.0,0.0,0.0,0.0,0.0,0.0,0.0,0.0,0.0,0.0,0.0,0.0,0.0,0.0,0.0,0.0,0.0,0.0,0.0,0.012933739457854376,0.0,0.0,0.0,5.8793698231780124e-05,5.8793698231780124e-05,5.8793698231780124e-05,0.0,0.13270320343387748,0.8863068577032819,0.6325970788494706,0.795043965871108,0.00012159720277321072,0.8256556534482663,0.8256556534482663,0.8256556534482663,0.0,3.0767142892320067e-06,3.0767142892320067e-06,3.0767142892320067e-06,0.0,0.4628099173553719,0.23065837378640774,0.5897363495764351,0.5897363495764351,0.5897363495764351,0.6002782632544366,0.11755931690894679,9.515205187772697e-06,0.0,0.0,0.0,0.0,0.8759786397024117,0.0027562397841756872,0.06037637231238932,0.43244612369251584,0.0,0.14181299315988274,0.14181299315988274,0.14181299315988274,0.0,0.44894313589179263,0.44894313589179263,0.44894313589179263
2,1297,23,0.15810277152894514,0.28436019221926,0.0012736146391183862,0.0,0.249134933902415,0.17249260059273383,0.3461538454512211,0.32194636123739456,0.2610000626807629,0.3266129125625031,0.0588235296308994,0.4078431390225887,0.2789375412853815,0.2514608653982579,0.26854179043081317,0.0012736146391183862,0.0,0.11169285281090038,0.8775428967345342,0.47547808005760894,0.320194696401097,0.010538157773900266,0.4487690384486602,0.97527145530745,0.7620810583234956,0.012352103837264474,7.159091772858395e-05,0.0,0.0,0.0,0.0,0.0,0.0,0.0,0.0,0.0,0.0,0.0,0.0,0.0,0.0,0.0,0.0,0.0,0.0,0.0,0.0,0.0,0.0,0.0,0.0,0.012352103837264474,0.0,0.0,0.0,3.603508822424257e-05,3.603508822424257e-05,3.603508822424257e-05,0.0,0.112615622946107,0.9346621040450408,0.6752628406863981,0.8352704787826077,5.810382936343523e-05,0.8527326563391097,0.8527326563391097,0.8527326563391097,0.0,5.826030922040578e-07,5.826030922040578e-07,5.826030922040578e-07,0.0,0.22214876033057857,0.044357281553398076,0.29551431718386134,0.29551431718386134,0.29551431718386134,0.8892438608149354,0.19200003804755753,1.3226014327648572e-06,0.0,0.0,0.0,0.0,0.8452194268490661,0.002765743389995469,0.07291204432233753,0.36043963777803806,0.0,0.10891143323986383,0.10891143323986383,0.10891143323986383,0.0,0.4886175336432034,0.4886175336432034,0.4886175336432034
2,1299,17,0.5019763140366799,0.7962085418156308,0.004494175166029878,0.0,0.37600920579716335,0.13212281863941217,0.9423076954695051,0.43540261375315203,0.6480876937489564,0.6794355029034647,0.3764705955982208,0.5764705836772919,0.3916703223547313,0.6487692566347308,0.4724016508061446,0.004494175166029878,0.0,0.20174706063779485,0.8211789057659089,0.4029817430886178,0.24406862728033424,0.008005020356935134,0.3681693917801483,0.6767670661982059,0.7031121717820551,0.009229638926729216,0.018017875320454957,0.0,0.0,0.0,0.0,0.0,0.0,0.0,0.0,0.0,0.0,0.0,0.0,0.0,0.0,0.0,0.0,0.0,0.0,0.0,0.0,0.0,0.0,0.0,0.0,0.009229638926729216,0.0,0.0,0.0,6.808540953380511e-05,6.808540953380511e-05,6.808540953380511e-05,0.0,0.13241078463028838,0.619527606065117,0.6320649934294194,0.7889343183654488,0.00015535348255255635,0.8296132526203014,0.8296132526203014,0.8296132526203014,0.0,6.493831226930688e-07,6.493831226930688e-07,6.493831226930688e-07,0.0,0.2874595759971254,0.07732119588158642,0.3943157108374252,0.3943157108374252,0.3943157108374252,0.810485825065976,0.23278975917135558,1.9324170752953673e-06,0.0,0.0,0.0,0.0,0.906032833642174,0.001806176130221868,0.042322246616162545,0.517162556087888,0.0,0.15132603825096066,0.15132603825096066,0.15132603825096066,0.0,0.47374974553912114,0.47374974553912114,0.47374974553912114
2,1299,17,0.4308300431468631,0.7298578344997897,0.004434893905493278,0.0,0.2860438129990691,0.23163411997091776,0.9615384636463367,0.4570769130034713,0.6115470863643657,0.6532258270402259,0.1411764770746231,0.8274509757757187,0.3450865477542522,0.6158940102582234,0.27997859028520433,0.004434893905493278,0.0,0.2712564830377348,0.7930995928365514,0.4012421789009722,0.2532081819749298,0.008831542535280252,0.3602186802321773,0.7070208499254922,0.666680281768116,0.009994948953821192,0.018599075353416344,0.0,0.0,0.0,0.0,0.0,0.0,0.0,0.0,0.0,0.0,0.0,0.0,0.0,0.0,0.0,0.0,0.0,0.0,0.0,0.0,0.0,0.0,0.0,0.0,0.009994948953821192,0.0,0.0,0.0,6.540734106490319e-05,6.540734106490319e-05,6.540734106490319e-05,0.0,0.15332588663794455,0.6251898168088238,0.595255816299342,0.7695296706944388,0.00012771313398168976,0.8173343412238384,0.8173343412238384,0.8173343412238384,0.0,8.642943867266649e-07,8.642943867266649e-07,8.642943867266649e-07,0.0,0.22839969947407962,0.06230442108641579,0.3672881255742947,0.3672881255742947,0.3672881255742947,0.8277600751942393,0.20656850719761055,2.595389133487041e-06,0.0,0.0,0.0,0.0,0.9579718141937302,0.0018280626962126553,0.027353121805013036,0.6107716986716191,0.0,0.1713604257373599,0.1713604257373599,0.1713604257373599,0.0,0.4491321911095924,0.4491321911095924,0.4491321911095924
2,1359,11,0.0,0.12322276016650305,0.023723140151359814,0.0,0.4798154589353644,0.11803956226774863,0.6250000205517819,0.43279300227179934,0.03743923531962072,0.04435484182190962,0.0,0.6941176652908325,0.45355625114265696,0.05663863882917457,0.6608124559554939,0.023723140151359814,0.0,0.1655435409676891,0.9992822193327779,0.9769207515246228,1.0000000000000002,0.994267915633514,0.978629436276933,0.7547931192996041,0.0009517746027979607,0.994367318200603,0.8486225679097037,0.0,0.0,0.0,0.0,0.0,0.0,0.0,0.0,0.0,0.0,0.0,0.0,0.0,0.0,0.0,0.0,0.0,0.0,0.0,0.0,0.0,0.0,0.0,0.0,0.994367318200603,0.0,0.0,0.0,0.8236495156206491,0.8236495156206491,0.8236495156206491,0.0,0.9442633712921915,0.3090001113975149,0.23244004573565574,0.0012576805806665693,0.8054494414878857,0.11871335546603216,0.11871335546603216,0.11871335546603216,0.0,0.19772417606968523,0.19772417606968523,0.19772417606968523,0.0,0.15867768595041326,0.40058252427184465,0.7428571428167179,0.7428571428167179,0.7428571428167179,0.3291807367387546,0.00040057811349442513,0.6328092242269447,0.0,0.0,0.0,0.0,0.008082785454353848,0.9913800562677882,0.9952432308418824,0.008450087552237563,0.0,0.9986253181841634,0.9986253181841634,0.9986253181841634,0.0,0.0009539648088961183,0.0009539648088961183,0.0009539648088961183
2,1359,14,0.5968379685058838,0.744075843210327,0.004256894260544608,0.0,0.23068049435408786,0.17319455259871666,0.8461538545853464,0.2686725167941984,0.6695125461078841,0.6875000185536919,0.4352941215038299,0.4392156898975372,0.2365192282784102,0.6636855875682004,0.41613044420586354,0.004256894260544608,0.0,0.08020991536429026,0.8195962027768631,0.28097885989007165,0.18224761076915197,0.007155539229191539,0.2571547197692244,0.6461635814532221,0.7493338047761904,0.008372491696386205,0.01705652640630921,0.0,0.0,0.0,0.0,0.0,0.0,0.0,0.0,0.0,0.0,0.0,0.0,0.0,0.0,0.0,0.0,0.0,0.0,0.0,0.0,0.0,0.0,0.0,0.0,0.008372491696386205,0.0,0.0,0.0,4.658903667001187e-05,4.658903667001187e-05,4.658903667001187e-05,0.0,0.1302836606390183,0.5876796254988182,0.6476841632210435,0.809322277261262,7.983199703191654e-05,0.8377764874407443,0.8377764874407443,0.8377764874407443,0.0,5.052592695968128e-07,5.052592695968128e-07,5.052592695968128e-07,0.0,0.666906216313331,0.21086681226714632,0.5750535475825203,0.5750535475825203,0.5750535475825203,0.6262538924520284,0.25504538238029995,1.477514800815473e-06,0.0,0.0,0.0,0.0,0.8780594549002417,0.0017668512562998187,0.0601411822749959,0.40783979399717024,0.0,0.13001372893244048,0.13001372893244048,0.13001372893244048,0.0,0.5129496666885982,0.5129496666885982,0.5129496666885982
2,1359,14,0.5138340208453304,0.5829384111575701,0.0024740016445003775,0.0,0.18454439548327042,0.1587846105465797,0.6634615569054453,0.19629319141953427,0.55245664400537,0.5766129283630665,0.407843142747879,0.3176470696926117,0.18014984449781188,0.5411395875273826,0.4241560235995701,0.0024740016445003775,0.0,0.04073160368305734,0.7088536538944326,0.277319409605165,0.1830093465505518,0.005862185079744084,0.23527296626198296,0.5402019914884617,0.766617942359181,0.006903096444369613,0.023884181366662663,0.0,0.0,0.0,0.0,0.0,0.0,0.0,0.0,0.0,0.0,0.0,0.0,0.0,0.0,0.0,0.0,0.0,0.0,0.0,0.0,0.0,0.0,0.0,0.0,0.006903096444369613,0.0,0.0,0.0,3.514730475839194e-05,3.514730475839194e-05,3.514730475839194e-05,0.0,0.11241824919790011,0.5212922245082734,0.6904470733283978,0.837451046462182,5.5473873915887284e-05,0.8635533345963438,0.8635533345963438,0.8635533345963438,0.0,2.3836399896872577e-07,2.3836399896872577e-07,2.3836399896872577e-07,0.0,0.4701561065197428,0.11021215390147424,0.4653272235585558,0.4653272235585558,0.4653272235585558,0.8039975352806026,0.3580994405243107,7.091132628188338e-07,0.0,0.0,0.0,0.0,0.8949955135138237,0.0013471536050499548,0.04387013444010954,0.43990234156071223,0.0,0.11212166303812612,0.11212166303812612,0.11212166303812612,0.0,0.5901925296717159,0.5901925296717159,0.5901925296717159
2,1359,14,0.6711462645067601,0.725118498262944,0.0019327024042434017,0.0,0.10611302740288035,0.2040516437325415,0.812500010275891,0.14397560010037946,0.6967317788807836,0.7056451787667034,0.5803921818733215,0.2666666507720947,0.11372504768144648,0.6885952433947178,0.5632795136782908,0.0019327024042434017,0.0,0.025319089855811074,0.8373271687585995,0.15039010807349823,0.10142422086424759,0.0029310925398720426,0.14060848662235265,0.26339254415973723,0.7659594185138545,0.0033673641192046894,0.0607095232195551,0.0,0.0,0.0,0.0,0.0,0.0,0.0,0.0,0.0,0.0,0.0,0.0,0.0,0.0,0.0,0.0,0.0,0.0,0.0,0.0,0.0,0.0,0.0,0.0,0.0033673641192046894,0.0,0.0,0.0,3.2931021622122265e-05,3.2931021622122265e-05,3.2931021622122265e-05,0.0,0.08917740057529805,0.2730990406696981,0.7647133459119368,0.8636286193412673,6.622857120059189e-05,0.8972188169462233,0.8972188169462233,0.8972188169462233,0.0,4.0195406036214574e-07,4.0195406036214574e-07,4.0195406036214574e-07,0.0,0.22038567493112948,0.1674757281553398,0.5164060884879845,0.5164060884879845,0.5164060884879845,0.6284895314726263,0.3010888077551684,1.2358200455100994e-06,0.0,0.0,0.0,0.0,0.8425071915953504,0.0007279351918245704,0.07339522601001944,0.3562036618601672,0.0,0.08941093094107036,0.08941093094107036,0.08941093094107036,0.0,0.5916302879686721,0.5916302879686721,0.5916302879686721
2,1359,14,0.5415020033988481,0.6526066538392032,0.002800847233426056,0.0,0.20299883503159735,0.16898743106871336,0.7307692455243563,0.2363325492345464,0.594368042884652,0.616935506614203,0.4117647111415863,0.3686274588108063,0.210374706844325,0.5854031328294451,0.4321885028262341,0.002800847233426056,0.0,0.05985607620424959,0.6716268012833111,0.26620027445681255,0.1684228187149921,0.005938714911072336,0.21973540454433554,0.48178449503494397,0.6825330753904664,0.0068112592411185766,0.03545513893349403,0.0,0.0,0.0,0.0,0.0,0.0,0.0,0.0,0.0,0.0,0.0,0.0,0.0,0.0,0.0,0.0,0.0,0.0,0.0,0.0,0.0,0.0,0.0,0.0,0.0068112592411185766,0.0,0.0,0.0,6.204311325722484e-05,6.204311325722484e-05,6.204311325722484e-05,0.0,0.14831822895588853,0.4274863080583702,0.6115208322183296,0.7738420665226061,0.0001168831833763804,0.8245439311617248,0.8245439311617248,0.8245439311617248,0.0,5.148553177572242e-07,5.148553177572242e-07,5.148553177572242e-07,0.0,0.7616528925619834,0.21904466019417473,0.5827385688593468,0.5827385688593468,0.5827385688593468,0.6250275414210528,0.33567774746086043,1.7727284526883973e-06,0.0,0.0,0.0,0.0,0.9691481286972744,0.0011844200362630493,0.020555923462619058,0.68350647040484,0.0,0.17243025977470225,0.17243025977470225,0.17243025977470225,0.0,0.5475618587971601,0.5475618587971601,0.5475618587971601
2,1359,16,0.2766798546344069,0.24218009971133267,0.0007338999637080993,0.0,0.1291810768382892,0.5302671594041498,0.2788461568323102,0.14669183610279143,0.27176865969544783,0.3145161390871621,0.0431372560560703,0.368627455085516,0.1276561912152833,0.2520311043721066,0.13166781691236057,0.0007338999637080993,0.0,0.026055333529444002,0.6691553796426015,0.3756129219896147,0.23557865877305245,0.006497382679768574,0.310693431870668,0.545221937193565,0.7019328546441784,0.007362282460624798,0.02792692375906866,0.0,0.0,0.0,0.0,0.0,0.0,0.0,0.0,0.0,0.0,0.0,0.0,0.0,0.0,0.0,0.0,0.0,0.0,0.0,0.0,0.0,0.0,0.0,0.0,0.007362282460624798,0.0,0.0,0.0,4.368605910922903e-05,4.368605910922903e-05,4.368605910922903e-05,0.0,0.12227382338468196,0.5148147520977697,0.6499262371659131,0.8154082713761633,7.577377584823606e-05,0.839278350330003,0.839278350330003,0.839278350330003,0.0,2.450546749628304e-07,2.450546749628304e-07,2.450546749628304e-07,0.0,0.31343740434649525,0.06322665707778971,0.35764665143935115,0.35764665143935115,0.35764665143935115,0.845910684616114,0.3374341204458009,6.969699800723508e-07,0.0,0.0,0.0,0.0,0.879183829542334,0.0014923730403542288,0.05171790623279629,0.4108621653268488,0.0,0.1258458924862372,0.1258458924862372,0.1258458924862372,0.0,0.5102287642140206,0.5102287642140206,0.5102287642140206
2,1359,16,0.45454545676416414,0.46445500523642524,0.00202516127202165,0.0,0.14763558650972805,0.13989866541217597,0.5432692558002472,0.1484383777223438,0.47221645354815195,0.5040322875110208,0.4000000059604645,0.2274509966373443,0.14410390361503383,0.45731105868842364,0.5018180686780466,0.00202516127202165,0.0,0.021714016898244926,0.8782753073697587,0.2934053838476282,0.20070770250725262,0.0064591177641044484,0.2787127943026846,0.548745642790842,0.7100252723069232,0.007561263067668711,0.027032919165159514,0.0,0.0,0.0,0.0,0.0,0.0,0.0,0.0,0.0,0.0,0.0,0.0,0.0,0.0,0.0,0.0,0.0,0.0,0.0,0.0,0.0,0.0,0.0,0.0,0.007561263067668711,0.0,0.0,0.0,7.447400812384031e-05,7.447400812384031e-05,7.447400812384031e-05,0.0,0.13905492034327654,0.5027294020843895,0.6494846939722523,0.7763580319147312,0.00017016060085589123,0.8458893434676048,0.8458893434676048,0.8458893434676048,0.0,5.414467548282135e-07,5.414467548282135e-07,5.414467548282135e-07,0.0,0.5085823267641449,0.12912190498075488,0.48742316469358304,0.48742316469358304,0.48742316469358304,0.7409951633022757,0.317005259916518,1.8365736454541745e-06,0.0,0.0,0.0,0.0,0.9968057693015392,0.0012466834251419789,0.009506899294603244,0.7852388699525831,0.0,0.1765831232262756,0.1765831232262756,0.1765831232262756,0.0,0.5440909943820326,0.5440909943820326,0.5440909943820326
2,1359,16,0.24505930314467234,0.17061612253496103,0.0007215365836253634,0.0,0.07381775819330819,0.19729813705238053,0.21153846821339925,0.0902509966220132,0.22700164392650785,0.27016130301091185,0.1960784345865249,0.1607843190431594,0.07566015707628475,0.20401792541382346,0.3259642803692843,0.0007215365836253634,0.0,0.009399612578506376,0.9512410326231768,0.32900050983114665,0.22200066933390167,0.008594300058162672,0.32603118180553026,0.6822663731809527,0.6619130599685616,0.00978066214623544,0.020523061099350245,0.0,0.0,0.0,0.0,0.0,0.0,0.0,0.0,0.0,0.0,0.0,0.0,0.0,0.0,0.0,0.0,0.0,0.0,0.0,0.0,0.0,0.0,0.0,0.0,0.00978066214623544,0.0,0.0,0.0,8.286404665373258e-05,8.286404665373258e-05,8.286404665373258e-05,0.0,0.1589447502047363,0.6005068525661285,0.5984735061021602,0.7547889568719106,0.000185638116768861,0.8195917721234722,0.8195917721234722,0.8195917721234722,0.0,1.2846866091569965e-06,1.2846866091569965e-06,1.2846866091569965e-06,0.0,0.3726521412471825,0.11538152932680731,0.4587494071933562,0.4587494071933562,0.4587494071933562,0.7569247844936366,0.210835986950528,4.314365477448044e-06,0.0,0.0,0.0,0.0,0.9739241705486786,0.0016953106374065017,0.016698545680131766,0.6985784800165618,0.0,0.18781189054737138,0.18781189054737138,0.18781189054737138,0.0,0.46000537815374604,0.46000537815374604,0.46000537815374604
2,1359,16,0.2332015813170649,0.19905213995603574,0.000819989510793727,0.0,0.1291810768382892,0.46284013740370417,0.22596154434602309,0.148609952320729,0.22347189368890086,0.2620967873606846,0.0313725508749485,0.3372549079358578,0.1292149111999293,0.20318025068482076,0.13063083165676131,0.000819989510793727,0.0,0.029463731086770112,0.9517971597298616,0.34880694397655065,0.2425233070340001,0.009627452781094071,0.3453550862875908,0.7911104229824872,0.681880697850622,0.011035770590666278,0.012758258828090688,0.0,0.0,0.0,0.0,0.0,0.0,0.0,0.0,0.0,0.0,0.0,0.0,0.0,0.0,0.0,0.0,0.0,0.0,0.0,0.0,0.0,0.0,0.0,0.0,0.011035770590666278,0.0,0.0,0.0,6.797638855464813e-05,6.797638855464813e-05,6.797638855464813e-05,0.0,0.15666121537219807,0.6778740522736257,0.5836059467459371,0.7608166744236419,0.00012860485197608028,0.802541129178617,0.802541129178617,0.802541129178617,0.0,1.3558574165098345e-06,1.3558574165098345e-06,1.3558574165098345e-06,0.0,0.1670291431056981,0.05710943172955382,0.30409384119696403,0.30409384119696403,0.30409384119696403,0.7829617085575028,0.1624167182994088,3.990364060431457e-06,0.0,0.0,0.0,0.0,0.9320285257728607,0.0020912709351383024,0.03420670045870308,0.6128889515205741,0.0,0.1781037914492787,0.1781037914492787,0.1781037914492787,0.0,0.4186268091786804,0.4186268091786804,0.4186268091786804
2,1360,11,0.003952568936216852,0.19905213995603574,0.04294632313392588,0.0,0.6182237906093733,0.13376295026965582,0.9903846159115841,0.5639860578347802,0.08465609391669447,0.08870967789815978,0.0,0.9921568632125854,0.6043306664714477,0.1155922541662288,0.6372519760703257,0.04294632313392588,0.0,0.2726631041567478,0.9991945712757067,0.9753030394079065,1.0000000000000002,0.9974439036336364,0.9769791520911113,0.7497472415425109,0.0008891582892297132,0.9974744769105963,0.8559036379641612,0.0,0.0,0.0,0.0,0.0,0.0,0.0,0.0,0.0,0.0,0.0,0.0,0.0,0.0,0.0,0.0,0.0,0.0,0.0,0.0,0.0,0.0,0.0,0.0,0.9974744769105963,0.0,0.0,0.0,0.8409530142280376,0.8409530142280376,0.8409530142280376,0.0,0.9400435766845847,0.31931311277394314,0.2497966875679521,0.0011673400366159544,0.8397319362322224,0.10879469257358076,0.10879469257358076,0.10879469257358076,0.0,0.4974639026899394,0.4974639026899394,0.4974639026899394,0.0,0.0,0.4648058252427184,0.5714285714285406,0.5714285714285406,0.5714285714285406,0.24011130530177477,9.99440873443705e-05,0.9950799582615448,0.0,0.0,0.0,0.0,0.007403568946703257,0.9946926799451803,0.9955027414826332,0.0071041355283148686,0.0,0.9986801396857236,0.9986801396857236,0.9986801396857236,0.0,0.0005578382751359329,0.0005578382751359329,0.0005578382751359329
2,1360,14,0.43478261208307994,0.45497633276273364,0.0012997349150888422,0.0,0.11072670741307375,0.33435962281080983,0.6586538648612373,0.16183467580292246,0.45434092014830113,0.4798387099168218,0.3294117748737335,0.3921568691730499,0.1191024788286498,0.4402279813253183,0.6923294813497475,0.0012997349150888422,0.0,0.038051774962648874,0.9298736865869313,0.14504808595859997,0.09446553182624605,0.004454036183304252,0.145373439609692,0.3720854508860669,0.7077725136681037,0.0051581895825999115,0.04674397982152548,0.0,0.0,0.0,0.0,0.0,0.0,0.0,0.0,0.0,0.0,0.0,0.0,0.0,0.0,0.0,0.0,0.0,0.0,0.0,0.0,0.0,0.0,0.0,0.0,0.0051581895825999115,0.0,0.0,0.0,6.505384253985235e-05,6.505384253985235e-05,6.505384253985235e-05,0.0,0.1412320382636711,0.32620606089898563,0.6317920988453305,0.7754875615351082,0.0001298728208772368,0.8280552977588518,0.8280552977588518,0.8280552977588518,0.0,1.4866550725384031e-06,1.4866550725384031e-06,1.4866550725384031e-06,0.0,0.4272091544818818,0.27796288849313494,0.6398912349334542,0.6398912349334542,0.6398912349334542,0.525552519877674,0.2246569494578517,5.228377367826203e-06,0.0,0.0,0.0,0.0,0.9566216024152859,0.0009258341660490607,0.029806541959641858,0.6740221437807242,0.0,0.17063235643461314,0.17063235643461314,0.17063235643461314,0.0,0.5104309321010175,0.5104309321010175,0.5104309321010175
2,1360,16,0.3003952682517078,0.26066351103503105,0.0003964716182268367,0.0,0.09688580762871678,0.2669792051456559,0.38942311038559363,0.12857104066661426,0.29376555062770937,0.3266129125625031,0.2666666805744171,0.2352941334247589,0.10156374008786488,0.2740116057768652,0.7485182155718937,0.0003964716182268367,0.0,0.021414844760269752,0.6440241221228482,0.18791850961470585,0.12101271453298353,0.0032372118651850497,0.1508318579183956,0.28726609450496143,0.754900951156537,0.0037347129322088377,0.05680728478739393,0.0,0.0,0.0,0.0,0.0,0.0,0.0,0.0,0.0,0.0,0.0,0.0,0.0,0.0,0.0,0.0,0.0,0.0,0.0,0.0,0.0,0.0,0.0,0.0,0.0037347129322088377,0.0,0.0,0.0,3.289214907431169e-05,3.289214907431169e-05,3.289214907431169e-05,0.0,0.10288048848563452,0.2827081661474086,0.717128707915508,0.8486928477523304,5.550502641401247e-05,0.8766930104724615,0.8766930104724615,0.8766930104724615,0.0,2.956057871025497e-07,2.956057871025497e-07,2.956057871025497e-07,0.0,0.21487603305785125,0.10522223907766992,0.36424736184974715,0.36424736184974715,0.36424736184974715,0.6903200027426022,0.36742826887018254,9.5357644273812e-07,0.0,0.0,0.0,0.0,0.8628337393487707,0.0007466815837100774,0.055470711043642235,0.3940851571817995,0.0,0.10170207463697103,0.10170207463697103,0.10170207463697103,0.0,0.5747635491542742,0.5747635491542742,0.5747635491542742
2,1360,16,0.3636363712311771,0.35071089953510126,0.0007405860662350832,0.0,0.10149941751579868,0.2390577352837496,0.44711541491608875,0.1330398879202253,0.364981082826802,0.39112903776432145,0.3137255012989044,0.2352941334247589,0.11310992944174698,0.34703439930158875,0.7175308427327596,0.0007405860662350832,0.0,0.02095084797542486,0.5662205618907417,0.205896804301125,0.12479354469764926,0.0039948571953347415,0.1552449433982367,0.32928494898147365,0.702655244181608,0.004469410558217134,0.05387818789754455,0.0,0.0,0.0,0.0,0.0,0.0,0.0,0.0,0.0,0.0,0.0,0.0,0.0,0.0,0.0,0.0,0.0,0.0,0.0,0.0,0.0,0.0,0.0,0.0,0.004469410558217134,0.0,0.0,0.0,3.870324706780519e-05,3.870324706780519e-05,3.870324706780519e-05,0.0,0.11899367436114489,0.3217777935313915,0.6892876558217864,0.8274229819519747,6.515628816947293e-05,0.8628596261774469,0.8628596261774469,0.8628596261774469,0.0,3.2171144849632176e-07,3.2171144849632176e-07,3.2171144849632176e-07,0.0,0.1866796305298979,0.08146605301172435,0.39035183132538087,0.39035183132538087,0.39035183132538087,0.760972441149329,0.3337706141859392,9.959910302702477e-07,0.0,0.0,0.0,0.0,0.8881628175954316,0.0008635359377871681,0.0461931183348086,0.42813132206750465,0.0,0.11839312468964056,0.11839312468964056,0.11839312468964056,0.0,0.5460252177550429,0.5460252177550429,0.5460252177550429
2,1360,18,0.48221343931768185,0.5355450487891121,0.0016130451635745586,0.0,0.17531717570910688,0.16250678144786426,0.6586538648612373,0.19885794204408355,0.5159903507191921,0.5443548657621573,0.3686274588108063,0.3529411852359772,0.17923327442228215,0.5037886176580878,0.5122257673006683,0.0016130451635745586,0.0,0.04205671737265221,0.788623671899868,0.23688126345418697,0.1496069105454434,0.004553524964030979,0.2125667344285111,0.35450359635930584,0.6648334287399353,0.005051046178807035,0.05331841845201214,0.0,0.0,0.0,0.0,0.0,0.0,0.0,0.0,0.0,0.0,0.0,0.0,0.0,0.0,0.0,0.0,0.0,0.0,0.0,0.0,0.0,0.0,0.0,0.0,0.005051046178807035,0.0,0.0,0.0,5.667917819375995e-05,5.667917819375995e-05,5.667917819375995e-05,0.0,0.13676083912225084,0.32216598816110176,0.6306317159458343,0.7884801379420731,0.00010902447052779768,0.8276286731944076,0.8276286731944076,0.8276286731944076,0.0,4.034685624735055e-07,4.034685624735055e-07,4.034685624735055e-07,0.0,0.2350780532598714,0.09479503775620271,0.36704425481495667,0.36704425481495667,0.36704425481495667,0.7396630033948438,0.317005259916518,1.2845595591177356e-06,0.0,0.0,0.0,0.0,0.9137674694832769,0.000921479759525106,0.033225428977817495,0.48731382064654905,0.0,0.14988863627207719,0.14988863627207719,0.14988863627207719,0.0,0.48848943630922376,0.48848943630922376,0.48848943630922376
2,1360,18,0.6007905374421005,0.7478673121998037,0.0026264053384431356,0.0,0.21222605480576096,0.1671081101429841,0.8942307750274259,0.2565111857219033,0.6651052469261554,0.6733871161657942,0.501960813999176,0.4117646813392639,0.21660179949208927,0.6588601746290029,0.572593662984909,0.0026264053384431356,0.0,0.07483164963771345,0.9051752887120876,0.2399207410915552,0.1569603178840337,0.004408118284507301,0.2327291870158158,0.39517735380321,0.7534129542455611,0.005112270980974392,0.03988827213646323,0.0,0.0,0.0,0.0,0.0,0.0,0.0,0.0,0.0,0.0,0.0,0.0,0.0,0.0,0.0,0.0,0.0,0.0,0.0,0.0,0.0,0.0,0.0,0.0,0.005112270980974392,0.0,0.0,0.0,4.0524843338806375e-05,4.0524843338806375e-05,4.0524843338806375e-05,0.0,0.10329565195465795,0.40176052836698234,0.7351407350451267,0.8434084126342976,8.201619373769027e-05,0.8877943524738086,0.8877943524738086,0.8877943524738086,0.0,3.721077292798406e-07,3.721077292798406e-07,3.721077292798406e-07,0.0,0.29230100043497176,0.11048059597127713,0.4236703073617501,0.4236703073617501,0.4236703073617501,0.7228721167307888,0.33103267965492333,1.191719869099398e-06,0.0,0.0,0.0,0.0,0.886800435435461,0.0010301398770167038,0.05354363938740056,0.42597903046129015,0.0,0.10719980357258521,0.10719980357258521,0.10719980357258521,0.0,0.5662578859095406,0.5662578859095406,0.5662578859095406
2,1360,18,0.6758893472302202,0.8056872142893223,0.00393538682598522,0.0,0.16608995593494327,0.2807847550972251,1.0,0.23503902409560914,0.7391996786249044,0.7540322726680673,0.4196078479290008,0.5803921520709991,0.17716099300871643,0.7348811034209398,0.3889634541431619,0.00393538682598522,0.0,0.0745004025432469,0.8953125426559061,0.24906395971787043,0.16781997586213193,0.005548412771298252,0.2398764547826785,0.46957673646770254,0.7106484258715852,0.006382685625947071,0.03450579626190253,0.0,0.0,0.0,0.0,0.0,0.0,0.0,0.0,0.0,0.0,0.0,0.0,0.0,0.0,0.0,0.0,0.0,0.0,0.0,0.0,0.0,0.0,0.0,0.0,0.006382685625947071,0.0,0.0,0.0,5.2560901797951524e-05,5.2560901797951524e-05,5.2560901797951524e-05,0.0,0.13504526384503718,0.4345866673159281,0.6538245865531143,0.7982331229482343,9.883034445962063e-05,0.8442274384613289,0.8442274384613289,0.8442274384613289,0.0,5.078977080576553e-07,5.078977080576553e-07,5.078977080576553e-07,0.0,0.411386593204775,0.17408306364617038,0.5382239897257263,0.5382239897257263,0.5382239897257263,0.6810977280377851,0.25650502095705563,1.4949644702018418e-06,0.0,0.0,0.0,0.0,0.9152005079260105,0.0012276279808784072,0.04146435686175792,0.5414631963999911,0.0,0.1459592517575606,0.1459592517575606,0.1459592517575606,0.0,0.5150845616496387,0.5150845616496387,0.5150845616496387
2,1360,20,0.3122529750603584,0.27962085598241426,0.0007923950096396732,0.0,0.10149941751579868,0.22039814372075023,0.36538461362805275,0.12416615156497278,0.3075627357322525,0.34274194386295764,0.2431372553110122,0.239215686917305,0.1064149956049921,0.28782060864065584,0.47649280557211826,0.0007923950096396732,0.0,0.018340960639013745,0.7141746388355119,0.28465811802176016,0.17982250664868388,0.005510147855634126,0.2424507493349854,0.5059970049902287,0.7652563087828369,0.006459216628656268,0.026983520169481537,0.0,0.0,0.0,0.0,0.0,0.0,0.0,0.0,0.0,0.0,0.0,0.0,0.0,0.0,0.0,0.0,0.0,0.0,0.0,0.0,0.0,0.0,0.0,0.0,0.006459216628656268,0.0,0.0,0.0,3.464224864955766e-05,3.464224864955766e-05,3.464224864955766e-05,0.0,0.1114505455066418,0.4916602953918786,0.6986108900666654,0.8393300951180364,5.494880460156937e-05,0.8707672044136008,0.8707672044136008,0.8707672044136008,0.0,3.11781695522868e-07,3.11781695522868e-07,3.11781695522868e-07,0.0,0.6324110671936759,0.19872630168664085,0.5623414368241839,0.5623414368241839,0.5623414368241839,0.6888916242698826,0.32422781817661994,9.350723749664964e-07,0.0,0.0,0.0,0.0,0.8929976648900211,0.001323222231212692,0.055091448897059275,0.4364536394393988,0.0,0.11062154111451802,0.11062154111451802,0.11062154111451802,0.0,0.5938295154571489,0.5938295154571489,0.5938295154571489
2,1360,20,0.24505930314467234,0.19431280371919,0.0002917797456544508,0.0,0.0922721977416351,0.15360594553533716,0.22596154434602309,0.1089904126124473,0.23740517086430357,0.2782258186611392,0.1960784345865249,0.1725490242242813,0.10345616694363201,0.2152033329629599,0.4015206922855456,0.0002917797456544508,0.0,0.01312637345789932,0.5634109318468272,0.20643327525805288,0.12595211483196794,0.0038111856001469373,0.15529081811994738,0.2982387764184672,0.6735559973404243,0.004224511349547702,0.062352377364668796,0.0,0.0,0.0,0.0,0.0,0.0,0.0,0.0,0.0,0.0,0.0,0.0,0.0,0.0,0.0,0.0,0.0,0.0,0.0,0.0,0.0,0.0,0.0,0.0,0.004224511349547702,0.0,0.0,0.0,7.882324465882539e-05,7.882324465882539e-05,7.882324465882539e-05,0.0,0.1285104117953238,0.2677143142976201,0.6401872709755139,0.7869972798052809,0.00019568029987593525,0.8269636993639778,0.8269636993639778,0.8269636993639778,0.0,6.878927089877861e-07,6.878927089877861e-07,6.878927089877861e-07,0.0,0.09917355371900827,0.1637591019417476,0.42920878360360387,0.42920878360360387,0.42920878360360387,0.5776211353168784,0.16499633987299442,1.3644577100260254e-06,0.0,0.0,0.0,0.0,0.8637785581414562,0.0008797882016377088,0.06269356390255051,0.39503785717458284,0.0,0.14550441052352567,0.14550441052352567,0.14550441052352567,0.0,0.4453280540034273,0.4453280540034273,0.4453280540034273
2,1360,20,0.4466403188917304,0.5071090313680374,0.0020597809074141453,0.0,0.17531724583221858,0.1396723581686011,0.5817307921539107,0.18626115114682448,0.4750640047303503,0.5040322875110208,0.3843137323856354,0.2745098173618316,0.17625934956246922,0.4613469432803006,0.5755171098762766,0.0020597809074141453,0.0,0.03618131768753247,0.877279450107701,0.31918981226448473,0.20149796492472372,0.0066121774267609516,0.3026358422525556,0.5439135136205812,0.6889162542152444,0.007576569268210551,0.02901427997888696,0.0,0.0,0.0,0.0,0.0,0.0,0.0,0.0,0.0,0.0,0.0,0.0,0.0,0.0,0.0,0.0,0.0,0.0,0.0,0.0,0.0,0.0,0.0,0.0,0.007576569268210551,0.0,0.0,0.0,5.935097966332398e-05,5.935097966332398e-05,5.935097966332398e-05,0.0,0.14323758931903285,0.49736338549445946,0.6321156279665343,0.7827122893364509,0.00011356897434538411,0.8375218081428987,0.8375218081428987,0.8375218081428987,0.0,3.083901442108724e-07,3.083901442108724e-07,3.083901442108724e-07,0.0,0.4628099173553719,0.1016383495145631,0.4518268729139731,0.4518268729139731,0.4518268729139731,0.8115056309151787,0.340758421021615,9.570985105433316e-07,0.0,0.0,0.0,0.0,0.9684505934950892,0.0013443580169361215,0.023438162374458282,0.6285169366407385,0.0,0.16253979901659024,0.16253979901659024,0.16253979901659024,0.0,0.5225996008295825,0.5225996008295825,0.5225996008295825
2,1360,20,0.5256917276539809,0.630331773526028,0.003039839900598723,0.0,0.23529410424116975,0.1183819589745297,0.7115384773475245,0.24716706206199354,0.5747746954514517,0.5846774440132938,0.4235294163227081,0.3411764800548553,0.2446187014187324,0.5651546832145515,0.5142190406363937,0.003039839900598723,0.0,0.057515814637809026,0.821574697992719,0.3158448829916842,0.1981892790503797,0.006834113937612882,0.28914562417968553,0.5799429584290666,0.7082390654478308,0.00789799947958918,0.024588943537500754,0.0,0.0,0.0,0.0,0.0,0.0,0.0,0.0,0.0,0.0,0.0,0.0,0.0,0.0,0.0,0.0,0.0,0.0,0.0,0.0,0.0,0.0,0.0,0.0,0.00789799947958918,0.0,0.0,0.0,6.0374784382556725e-05,6.0374784382556725e-05,6.0374784382556725e-05,0.0,0.1335972698122478,0.5328832715083744,0.6408747946784612,0.7929126814536729,0.00012701464469151152,0.8363953256811493,0.8363953256811493,0.8363953256811493,0.0,3.6286850587316973e-07,3.6286850587316973e-07,3.6286850587316973e-07,0.0,0.35600762873490155,0.08161946343425058,0.4057719551277316,0.4057719551277316,0.4057719551277316,0.8146370092820734,0.30443534385063153,1.0889812361321077e-06,0.0,0.0,0.0,0.0,0.9538254247268839,0.001428462641736152,0.026882440210705155,0.6060724840261196,0.0,0.15368112826679095,0.15368112826679095,0.15368112826679095,0.0,0.5171632875226011,0.5171632875226011,0.5171632875226011
2,1360,22,0.6996047608475212,0.8578199128946262,0.006060635205197646,0.0,0.23068049435408786,0.18435318763320258,0.9423076954695051,0.2594328398658809,0.7736612824088931,0.7862903352689764,0.4901960790157318,0.4627451002597809,0.24261000858633439,0.7701415506698671,0.39766628306747914,0.006060635205197646,0.0,0.07192370739784366,0.7673432726609941,0.42891475086328956,0.26447000837563694,0.007737165947286252,0.37878075766031966,0.7305035765566735,0.780018157106798,0.009199026525645538,0.010161979529365053,0.0,0.0,0.0,0.0,0.0,0.0,0.0,0.0,0.0,0.0,0.0,0.0,0.0,0.0,0.0,0.0,0.0,0.0,0.0,0.0,0.0,0.0,0.0,0.0,0.009199026525645538,0.0,0.0,0.0,3.242932324477392e-05,3.242932324477392e-05,3.242932324477392e-05,0.0,0.0987286475427393,0.7333436466210754,0.7114034018963946,0.8539950852647312,5.645993349299092e-05,0.8674774989875974,0.8674774989875974,0.8674774989875974,0.0,1.7042707542937154e-07,1.7042707542937154e-07,1.7042707542937154e-07,0.0,0.4360062541880724,0.053929946740232715,0.35966357303416563,0.35966357303416563,0.35966357303416563,0.890137811996377,0.3757191771653244,4.655495292373353e-07,0.0,0.0,0.0,0.0,0.8758344995494278,0.0018989759223039583,0.05443025171322166,0.4098641303812875,0.0,0.09904942850598289,0.09904942850598289,0.09904942850598289,0.0,0.5845377283458687,0.5845377283458687,0.5845377283458687
2,1360,22,0.683794485102654,0.8578199128946262,0.006681649652587542,0.0,0.27681659322490554,0.15376324748202003,0.9807692318231682,0.29005210488670174,0.7647328807636186,0.7782258196187491,0.4549019634723663,0.5294117629528046,0.2763008622421558,0.7615608182870932,0.4633471392996631,0.006681649652587542,0.0,0.08365623209117194,0.6034704644101794,0.4596609354203658,0.26167474708105526,0.009099396944929134,0.36413217466732795,0.7482839890259086,0.6831899868840846,0.010392910167909018,0.01501463167214398,0.0,0.0,0.0,0.0,0.0,0.0,0.0,0.0,0.0,0.0,0.0,0.0,0.0,0.0,0.0,0.0,0.0,0.0,0.0,0.0,0.0,0.0,0.0,0.0,0.010392910167909018,0.0,0.0,0.0,6.885293749733327e-05,6.885293749733327e-05,6.885293749733327e-05,0.0,0.139505793935564,0.6857122075201288,0.6266848179146756,0.7801385446071105,0.00015198867945975607,0.8323543000382563,0.8323543000382563,0.8323543000382563,0.0,5.445877592070721e-07,5.445877592070721e-07,5.445877592070721e-07,0.0,0.38652256834075016,0.09111995174355142,0.42444697453442354,0.42444697453442354,0.42444697453442354,0.8282187666208365,0.23530000972248855,1.5286322349877591e-06,0.0,0.0,0.0,0.0,0.948034225990667,0.0019228800993652635,0.029492093207184628,0.6385017669258938,0.0,0.16504732930163082,0.16504732930163082,0.16504732930163082,0.0,0.4850660320022598,0.4850660320022598,0.4850660320022598
2,1360,22,0.5490118843776602,0.8483412404209345,0.005831223319032191,0.0,0.442906549159849,0.12611456559201323,0.9519230795579208,0.4759533672100024,0.7128430142756486,0.7459677570178399,0.407843142747879,0.5529411733150482,0.4534547756933099,0.7154820886013682,0.37571262594804544,0.005831223319032191,0.0,0.21805947526586356,0.6771396688287454,0.39650907053809925,0.24406862728033424,0.008915725349741329,0.3299353155376183,0.6911275012781227,0.6467480735741937,0.010117398558155908,0.021059166011086802,0.0,0.0,0.0,0.0,0.0,0.0,0.0,0.0,0.0,0.0,0.0,0.0,0.0,0.0,0.0,0.0,0.0,0.0,0.0,0.0,0.0,0.0,0.0,0.0,0.010117398558155908,0.0,0.0,0.0,8.575448425738695e-05,8.575448425738695e-05,8.575448425738695e-05,0.0,0.16919726366666132,0.5728511157527364,0.5532919197243504,0.7352644035711623,0.00017783171092740092,0.7886393910224015,0.7886393910224015,0.7886393910224015,0.0,6.002605954409844e-07,6.002605954409844e-07,6.002605954409844e-07,0.0,0.7386719863208892,0.17270817219445178,0.5472783163318226,0.5472783163318226,0.5472783163318226,0.72878620660986,0.2692130514458806,1.9198473072035263e-06,0.0,0.0,0.0,0.0,0.9999999999999999,0.0016842530569524696,0.008678655073063812,0.7378321224419155,0.0,0.20534841749498514,0.20534841749498514,0.20534841749498514,0.0,0.483376420057639,0.483376420057639,0.483376420057639
2,1360,22,0.6679842093577866,0.8341232317103973,0.005270425343627931,0.0,0.26758937345074196,0.13566558658112157,0.927884619336881,0.2837155267176225,0.7385933314249964,0.743951628105283,0.5607843399047852,0.3803921341896057,0.26901466488392783,0.734600568574393,0.5806382116175763,0.005270425343627931,0.0,0.08108849454030509,0.5658236592833967,0.44173068665390525,0.2554381326338853,0.007461658554504546,0.34045202199154057,0.673269292652917,0.7481657129392209,0.008678615707222994,0.015373795404268961,0.0,0.0,0.0,0.0,0.0,0.0,0.0,0.0,0.0,0.0,0.0,0.0,0.0,0.0,0.0,0.0,0.0,0.0,0.0,0.0,0.0,0.0,0.0,0.0,0.008678615707222994,0.0,0.0,0.0,3.8230138817870723e-05,3.8230138817870723e-05,3.8230138817870723e-05,0.0,0.11532260673225309,0.6482921464837932,0.6781420694449101,0.8323078720895432,6.477700808311482e-05,0.8528074199375557,0.8528074199375557,0.8528074199375557,0.0,4.880669604117092e-07,4.880669604117092e-07,4.880669604117092e-07,0.0,0.4548760330578513,0.11971262135922331,0.4668537563547044,0.4668537563547044,0.4668537563547044,0.7449893105100094,0.26807903958580886,1.4663676680723723e-06,0.0,0.0,0.0,0.0,0.8596645951584359,0.0018063672453532877,0.05669033082684574,0.39382520904902424,0.0,0.112948946545439,0.112948946545439,0.112948946545439,0.0,0.5334320155685014,0.5334320155685014,0.5334320155685014
2,1361,11,0.003952568936216852,0.146919441350732,0.03277521355972466,0.0,0.525951557806182,0.16724992980313047,1.0,0.4805563758198715,0.06478928317056466,0.07661290442281884,0.0,1.0,0.5087388332561139,0.08660092420798048,0.6656157920806063,0.03277521355972466,0.0,0.20514303854187338,0.998636215724191,0.9761896432109478,1.0000000000000002,0.9957755533106806,0.9775791686926258,0.757435898497562,0.0009633995073484959,0.9957754886504522,0.846313870587013,0.0,0.0,0.0,0.0,0.0,0.0,0.0,0.0,0.0,0.0,0.0,0.0,0.0,0.0,0.0,0.0,0.0,0.0,0.0,0.0,0.0,0.0,0.0,0.0,0.9957754886504522,0.0,0.0,0.0,0.8231865558816108,0.8231865558816108,0.8231865558816108,0.0,0.9616392220290271,0.30307143144751236,0.2206628927126157,0.0013610136753568793,0.8331934390148874,0.10433187241609032,0.10433187241609032,0.10433187241609032,0.0,0.19826601571226116,0.19826601571226116,0.19826601571226116,0.0,0.05289256198347106,0.22932038834951457,0.3682539681262053,0.3682539681262053,0.3682539681262053,0.4614766635595577,0.00039987143807040574,0.634528770930904,0.0,0.0,0.0,0.0,0.009383540230039795,0.9920323353340612,0.9943398209138339,0.008231738846777484,0.0,0.9984582570674624,0.9984582570674624,0.9984582570674624,0.0,0.0006688077798032016,0.0006688077798032016,0.0006688077798032016
2,1361,14,0.554150223994742,0.6635071271839486,0.001725311362537739,0.0,0.1568627361607797,0.20808046358645127,0.7740384739222275,0.216886364674882,0.6102585190507352,0.6330645379146577,0.3882353007793426,0.4274509847164154,0.175576287449654,0.6015251988788181,0.4814684647459428,0.001725311362537739,0.0,0.05690882123291354,0.47888439215982537,0.17197392929799082,0.0974386205315216,0.003214252915786574,0.11835327937529207,0.3188909073168507,0.8302871876061172,0.0038877749376272325,0.04517814938732696,0.0,0.0,0.0,0.0,0.0,0.0,0.0,0.0,0.0,0.0,0.0,0.0,0.0,0.0,0.0,0.0,0.0,0.0,0.0,0.0,0.0,0.0,0.0,0.0,0.0038877749376272325,0.0,0.0,0.0,2.77919740294291e-05,2.77919740294291e-05,2.77919740294291e-05,0.0,0.08627371264063849,0.32057246854249055,0.7549934709825104,0.8717134298473692,4.7277285284422016e-05,0.8905049205744425,0.8905049205744425,0.8905049205744425,0.0,1.815920531565733e-07,1.815920531565733e-07,1.815920531565733e-07,0.0,0.10578512396694215,0.05805825242718449,0.329536312540167,0.329536312540167,0.329536312540167,0.8100292377551761,0.3326981546636823,4.331194586421679e-07,0.0,0.0,0.0,0.0,0.8535150674768348,0.0008397796996336732,0.07166058302329828,0.3764946086636275,0.0,0.08526890105555554,0.08526890105555554,0.08526890105555554,0.0,0.5895468116759894,0.5895468116759894,0.5895468116759894
2,1361,16,0.3754940780398276,0.4654028724837943,0.0011973006199666146,0.0,0.2722030534609356,0.11675930270638285,0.5480769478444552,0.2730541116498357,0.40452314530337014,0.407258069064776,0.3411764800548553,0.2901960909366607,0.2714296698240888,0.39175109459898244,0.6528733007307234,0.0011973006199666146,0.0,0.06784838578751422,0.7684866168130724,0.21940700200237018,0.1326016735675749,0.005035662901398966,0.19415951757860722,0.43816567224264563,0.7307278259272039,0.00581635620589901,0.03640911364358748,0.0,0.0,0.0,0.0,0.0,0.0,0.0,0.0,0.0,0.0,0.0,0.0,0.0,0.0,0.0,0.0,0.0,0.0,0.0,0.0,0.0,0.0,0.0,0.0,0.00581635620589901,0.0,0.0,0.0,4.66106213161784e-05,4.66106213161784e-05,4.66106213161784e-05,0.0,0.12283621629029384,0.4278419206731694,0.6999721025606453,0.8196449321010001,9.170985034105068e-05,0.8711450321023783,0.8711450321023783,0.8711450321023783,0.0,2.820415108397188e-07,2.820415108397188e-07,2.820415108397188e-07,0.0,0.32668935342732136,0.14813383948667988,0.4746204683412807,0.4746204683412807,0.4746204683412807,0.7038846509225141,0.26364993437215156,6.234848262187529e-07,0.0,0.0,0.0,0.0,0.9019945862828375,0.0011544983143211784,0.049043695094891815,0.5301876358986937,0.0,0.12992491501929612,0.12992491501929612,0.12992491501929612,0.0,0.5420262808620032,0.5420262808620032,0.5420262808620032
2,1361,16,0.31343874574122343,0.2654028472718769,0.000323574668506245,0.0,0.07381775819330819,0.23618778714801725,0.33173076931859735,0.11055976620208978,0.30255324696457125,0.33870968603784396,0.2470588237047195,0.2078431397676468,0.08823038566277053,0.28234406995206646,0.383259304445647,0.000323574668506245,0.0,0.015310779742368573,0.8125528439625072,0.1574233517067843,0.10719946300811543,0.00263262619769186,0.14431576462091156,0.21357056311257994,0.7083966725982734,0.002984709105658702,0.0787593494327644,0.0,0.0,0.0,0.0,0.0,0.0,0.0,0.0,0.0,0.0,0.0,0.0,0.0,0.0,0.0,0.0,0.0,0.0,0.0,0.0,0.0,0.0,0.0,0.0,0.002984709105658702,0.0,0.0,0.0,4.8442891607385004e-05,4.8442891607385004e-05,4.8442891607385004e-05,0.0,0.11704439575781256,0.19782219638658466,0.6719376382599744,0.816970716479388,9.55692538511832e-05,0.8528320795150368,0.8528320795150368,0.8528320795150368,0.0,1.5611721764223252e-07,1.5611721764223252e-07,1.5611721764223252e-07,0.0,0.2644628099173554,0.14368932038834953,0.4903283435022615,0.4903283435022615,0.4903283435022615,0.6898171125010707,0.4166086595120261,4.6057221559844894e-07,0.0,0.0,0.0,0.0,0.9437739409338652,0.0004993809808852503,0.026032804506014168,0.5630179257672818,0.0,0.1337690401815941,0.1337690401815941,0.1337690401815941,0.0,0.608922701215944,0.608922701215944,0.608922701215944
2,1361,16,0.45454545676416414,0.5260663763154205,0.0015760623609403896,0.0,0.166090026058055,0.23461157361533352,0.7115384773475245,0.22856338890408143,0.4814784303101525,0.49193551403567976,0.3882353007793426,0.3764705955982208,0.17694499272530037,0.4700358250244812,0.7684326596822686,0.0015760623609403896,0.0,0.0640634108718495,0.7616621632389631,0.20293706775370646,0.12595211483196794,0.004813726390547036,0.17872336159042718,0.4292311972262247,0.7478788888664682,0.005586763197771417,0.0361412242390976,0.0,0.0,0.0,0.0,0.0,0.0,0.0,0.0,0.0,0.0,0.0,0.0,0.0,0.0,0.0,0.0,0.0,0.0,0.0,0.0,0.0,0.0,0.0,0.0,0.005586763197771417,0.0,0.0,0.0,4.0722333567148465e-05,4.0722333567148465e-05,4.0722333567148465e-05,0.0,0.10984512722803802,0.41168100741895747,0.6835612709896717,0.8357554171546501,7.844512715070176e-05,0.8560438531272871,0.8560438531272871,0.8560438531272871,0.0,4.786216672440733e-07,4.786216672440733e-07,4.786216672440733e-07,0.0,0.5289256198347108,0.22694174757281554,0.591907110694073,0.591907110694073,0.591907110694073,0.6206787202042963,0.28953331801959575,1.5070538170478006e-06,0.0,0.0,0.0,0.0,0.8843482762280446,0.0011289247138716323,0.053301401663049336,0.4171504207282542,0.0,0.11194271164115419,0.11194271164115419,0.11194271164115419,0.0,0.5829188463614642,0.5829188463614642,0.5829188463614642
2,1361,18,0.5691699859523659,0.725118498262944,0.0033235923943083943,0.0,0.26758937345074196,0.2783088555510988,0.8269230864085146,0.30473614181738473,0.6556860170562476,0.6854838896411352,0.239215686917305,0.6196078509092331,0.2668792264920093,0.6508671184342658,0.2677550883999962,0.0033235923943083943,0.0,0.10376928850333755,0.5117542312392638,0.27229828788838284,0.1691178828435113,0.005862185079744084,0.19842063981490687,0.47732799893436767,0.6850973285319379,0.0067041158373257,0.03571319821178329,0.0,0.0,0.0,0.0,0.0,0.0,0.0,0.0,0.0,0.0,0.0,0.0,0.0,0.0,0.0,0.0,0.0,0.0,0.0,0.0,0.0,0.0,0.0,0.0,0.0067041158373257,0.0,0.0,0.0,9.136658466418639e-05,9.136658466418639e-05,9.136658466418639e-05,0.0,0.13911666581954973,0.41976617000126765,0.6189366106068428,0.7663491797118374,0.00023242802778673693,0.8239306895277829,0.8239306895277829,0.8239306895277829,0.0,9.689329507845819e-07,9.689329507845819e-07,9.689329507845819e-07,0.0,0.07933884297520663,0.10087378640776701,0.34542334034855915,0.34542334034855915,0.34542334034855915,0.6834622665112857,0.1361824536170873,1.8101937269025083e-06,0.0,0.0,0.0,0.0,0.904634889333497,0.001286173527118616,0.040482693923894864,0.603445634295217,0.0,0.17333268426372697,0.17333268426372697,0.17333268426372697,0.0,0.4265604921795085,0.4265604921795085,0.4265604921795085
2,1361,18,0.5260869845476026,0.630331773526028,0.002749546862983809,0.0,0.21222605480576096,0.1857338299346202,0.812500010275891,0.24314881625429544,0.5894632311731627,0.6088709909639758,0.4117647111415863,0.4352941215038299,0.2122079959723812,0.5806875047829951,0.5046353817178576,0.002749546862983809,0.0,0.06483854810482323,0.4311190096444837,0.32723260411819344,0.1902592500409767,0.0058086141978143085,0.22471132070578664,0.5258048829489171,0.7544005419251787,0.006780646840034897,0.02593021464689889,0.0,0.0,0.0,0.0,0.0,0.0,0.0,0.0,0.0,0.0,0.0,0.0,0.0,0.0,0.0,0.0,0.0,0.0,0.0,0.0,0.0,0.0,0.0,0.0,0.006780646840034897,0.0,0.0,0.0,3.540080023739644e-05,3.540080023739644e-05,3.540080023739644e-05,0.0,0.11131812197266944,0.5196999678941965,0.703616063935196,0.8392172673860021,5.9072632916433564e-05,0.8699703705965396,0.8699703705965396,0.8699703705965396,0.0,5.174137213238817e-07,5.174137213238817e-07,5.174137213238817e-07,0.0,0.17630853994490353,0.048543689320388356,0.28237453773464904,0.28237453773464904,0.28237453773464904,0.8259676360623972,0.2831237410601241,1.6406635782291188e-06,0.0,0.0,0.0,0.0,0.897930155747525,0.0013133448853649375,0.04241107839906305,0.4597291037702952,0.0,0.11208109130789637,0.11208109130789637,0.11208109130789637,0.0,0.5409959911599432,0.5409959911599432,0.5409959911599432
2,1361,18,0.5592885636118239,0.6729857996576402,0.0027213930472205494,0.0,0.20299883503159735,0.267854951700249,0.812500010275891,0.24831737155142375,0.6204858390250616,0.6491935692151123,0.2784313857555389,0.5686274468898773,0.20849847796360998,0.6129283122341889,0.3235127938704282,0.0027213930472205494,0.0,0.07184762691262439,0.8947983451941799,0.2667132299066927,0.17254363229751696,0.005410659074907399,0.25643983724983543,0.4223089970548989,0.6614756087150492,0.00607656161511028,0.044066876959567555,0.0,0.0,0.0,0.0,0.0,0.0,0.0,0.0,0.0,0.0,0.0,0.0,0.0,0.0,0.0,0.0,0.0,0.0,0.0,0.0,0.0,0.0,0.0,0.0,0.00607656161511028,0.0,0.0,0.0,6.754309825474443e-05,6.754309825474443e-05,6.754309825474443e-05,0.0,0.14208876689292732,0.3992944169631418,0.652272169569954,0.7793532636009629,0.0001465190658014836,0.849210606855958,0.849210606855958,0.849210606855958,0.0,2.911354058704136e-07,2.911354058704136e-07,2.911354058704136e-07,0.0,0.628099173553719,0.1860588592233009,0.5568036331901071,0.5568036331901071,0.5568036331901071,0.6801688192123182,0.35773430404993684,9.196080670704798e-07,0.0,0.0,0.0,0.0,0.9903374587584085,0.0010172686680477367,0.014722699273171214,0.687543580969537,0.0,0.1685444140978429,0.1685444140978429,0.1685444140978429,0.0,0.5629005881886064,0.5629005881886064,0.5629005881886064
2,1361,20,0.45849802570038095,0.5071090313680374,0.0025560569178529466,0.0,0.17993085571930023,0.14856384254460384,0.5769231001097027,0.18824954361922205,0.48602499755334333,0.5080645453361344,0.3607843220233917,0.294117659330368,0.17737843221692115,0.47260014021412516,0.47861730865670965,0.0025560569178529466,0.0,0.03619663527728905,0.6899176973640471,0.38322628066293146,0.22277714453153857,0.007890225609942757,0.3215828784434846,0.6765792496633646,0.7126823798798496,0.009045964520227143,0.017399187303452496,0.0,0.0,0.0,0.0,0.0,0.0,0.0,0.0,0.0,0.0,0.0,0.0,0.0,0.0,0.0,0.0,0.0,0.0,0.0,0.0,0.0,0.0,0.0,0.0,0.009045964520227143,0.0,0.0,0.0,5.419775135519999e-05,5.419775135519999e-05,5.419775135519999e-05,0.0,0.1330878994915396,0.6341602530065413,0.6564945295456583,0.801920224872815,0.00010883458034608115,0.8455956841894369,0.8455956841894369,0.8455956841894369,0.0,8.012041169546535e-07,8.012041169546535e-07,8.012041169546535e-07,0.0,0.22038567493112948,0.08818770226537215,0.40822220638949586,0.40822220638949586,0.40822220638949586,0.7943532283720524,0.18563331246168485,2.122408506122905e-06,0.0,0.0,0.0,0.0,0.8928513600260893,0.0018692896830543914,0.054765357339463167,0.4725375183001056,0.0,0.13919000128516304,0.13919000128516304,0.13919000128516304,0.0,0.46873932349950104,0.46873932349950104,0.46873932349950104
2,1361,20,0.4308300431468631,0.5071090313680374,0.0024624815677241835,0.0,0.166090026058055,0.33070316248803094,0.5769231001097027,0.2215295045952447,0.4682544134728874,0.49193551403567976,0.1294117718935012,0.5254902094602585,0.1829987971835673,0.45639936750924476,0.28683171735512847,0.0024624815677241835,0.0,0.06260463715463259,0.7184509397832683,0.362772814030906,0.23655169369879575,0.008050938255732085,0.3102505492350403,0.6907366775640827,0.7127340629343082,0.009244945127271056,0.016502203862874085,0.0,0.0,0.0,0.0,0.0,0.0,0.0,0.0,0.0,0.0,0.0,0.0,0.0,0.0,0.0,0.0,0.0,0.0,0.0,0.0,0.0,0.0,0.0,0.0,0.009244945127271056,0.0,0.0,0.0,5.015064444540687e-05,5.015064444540687e-05,5.015064444540687e-05,0.0,0.13244914525064705,0.643623404034609,0.6464276303965217,0.8044808753742945,9.35199485309926e-05,0.8381816766402331,0.8381816766402331,0.8381816766402331,0.0,6.07415672882109e-07,6.07415672882109e-07,6.07415672882109e-07,0.0,0.22996766079770037,0.057087011580743974,0.35129923007895164,0.35129923007895164,0.35129923007895164,0.8328444620935832,0.23242756756947727,1.7622423905492613e-06,0.0,0.0,0.0,0.0,0.896957386913611,0.0018663124550417978,0.049269728190386525,0.46063535371323233,0.0,0.1366317949836349,0.1366317949836349,0.1366317949836349,0.0,0.48763701490157113,0.48763701490157113,0.48763701490157113
2,1361,20,0.26086957888953966,0.23222749361395637,0.0008600581006885785,0.0,0.13840829661245277,0.15596576402158527,0.2788461568323102,0.14737373872248716,0.2611282905318586,0.29838710778670746,0.1725490242242813,0.239215686917305,0.13814025970931748,0.24071181140989534,0.41539933293382697,0.0008600581006885785,0.0,0.022489154990709397,0.48192026861600845,0.39199639476492604,0.2347629157638063,0.007959102458138183,0.28271526535795893,0.6778250677247314,0.7080117945306843,0.009107189322394502,0.01762551514001992,0.0,0.0,0.0,0.0,0.0,0.0,0.0,0.0,0.0,0.0,0.0,0.0,0.0,0.0,0.0,0.0,0.0,0.0,0.0,0.0,0.0,0.0,0.0,0.0,0.009107189322394502,0.0,0.0,0.0,4.5521676093941696e-05,4.5521676093941696e-05,4.5521676093941696e-05,0.0,0.13644324967537041,0.6154336449524331,0.6249959417756004,0.8022968291647403,7.339508961924377e-05,0.8251655790719601,0.8251655790719601,0.8251655790719601,0.0,2.741313821651892e-07,2.741313821651892e-07,2.741313821651892e-07,0.0,0.37024793388429755,0.06519417475728148,0.37470071418172163,0.37470071418172163,0.37470071418172163,0.8637804543924432,0.30750212219678985,7.424310609655883e-07,0.0,0.0,0.0,0.0,0.8963184576427997,0.0018374050969983198,0.049225726922657226,0.43864273587297903,0.0,0.13690495544965905,0.13690495544965905,0.13690495544965905,0.0,0.4990094511388727,0.4990094511388727,0.4990094511388727
2,1361,20,0.3913043537846949,0.38388625319302183,0.001376823301716322,0.0,0.11995385706412559,0.21912881226783085,0.4326923387834649,0.13708401155949118,0.3976541571957658,0.431451616015458,0.2980392277240753,0.2392157018184662,0.12183667474165454,0.3806506826210954,0.3272266144376355,0.001376823301716322,0.0,0.02154334351766626,0.7502799089615735,0.2696723334951461,0.1708184803060288,0.005984632809869287,0.23553473268669062,0.5505701011010946,0.7651115449278665,0.00701023984816249,0.023120091518831237,0.0,0.0,0.0,0.0,0.0,0.0,0.0,0.0,0.0,0.0,0.0,0.0,0.0,0.0,0.0,0.0,0.0,0.0,0.0,0.0,0.0,0.0,0.0,0.0,0.00701023984816249,0.0,0.0,0.0,3.5316339566372144e-05,3.5316339566372144e-05,3.5316339566372144e-05,0.0,0.1070528523203762,0.544040247163187,0.7094406309785359,0.8430458997772403,6.15561129954647e-05,0.8725977502930374,0.8725977502930374,0.8725977502930374,0.0,3.5974158847047143e-07,3.5974158847047143e-07,3.5974158847047143e-07,0.0,0.4254401724757456,0.1258832382036082,0.4816043294255918,0.4816043294255918,0.4816043294255918,0.7674437537584311,0.3007353004211404,1.0659136306031295e-06,0.0,0.0,0.0,0.0,0.8931325740656312,0.001464468146569743,0.05893003519707249,0.44537362978994943,0.0,0.10859948966396862,0.10859948966396862,0.10859948966396862,0.0,0.572385648481801,0.572385648481801,0.572385648481801
1,1380,11,0.0,0.1184834239296573,0.026882584937483703,0.0,0.46136101938703744,0.23674420637206572,0.9903846159115841,0.44879403609311064,0.04317317115579332,0.04032258399679595,0.0,0.9921568632125854,0.4374510781765212,0.0686917381805534,0.7764188962299854,0.026882584937483703,0.0,0.19741066273766092,0.9976507186418104,0.9824070361911981,1.0000000000000002,0.9837221048764809,0.983253184222457,0.8877978149524567,0.002129535659049461,0.9837907336261918,0.7139739904099717,0.0,0.0,0.0,0.0,0.0,0.0,0.0,0.0,0.0,0.0,0.0,0.0,0.0,0.0,0.0,0.0,0.0,0.0,0.0,0.0,0.0,0.0,0.0,0.0,0.9837907336261918,0.0,0.0,0.0,0.6629362225331377,0.6629362225331377,0.6629362225331377,0.0,0.9988223044816977,0.24940725757701737,0.0595438387628488,0.003007240194618909,0.9140573663910323,0.19344659655316157,0.19344659655316157,0.19344659655316157,0.0,0.1074801578885507,0.1074801578885507,0.1074801578885507,0.0,0.14692378328741967,0.18069039913700108,0.4744268076338548,0.4744268076338548,0.4744268076338548,0.5275628891478589,0.0008102635356674005,0.3821951275752972,0.0,0.0,0.0,0.0,0.019117911503017025,0.9748021271150028,0.9878925476701608,0.018398268770340474,0.0,0.9966082522380387,0.9966082522380387,0.9966082522380387,0.0,0.0016114261195137036,0.0016114261195137036,0.0016114261195137036
1,1380,11,0.003952568936216852,0.1137440876928115,0.030030763196654993,0.0,0.4429065798387103,0.28295457834683574,0.9855769238673762,0.4610582013366008,0.05071051051630922,0.05241935747213699,0.0,0.9882352948188782,0.44014743400977785,0.07911380884562329,0.81533818171226,0.030030763196654993,0.0,0.21881661590321977,0.9968707716942757,0.9822025345431813,1.0000000000000002,0.9840435301680596,0.9826564881428266,0.9087889054608995,0.002301517107872006,0.984158082439196,0.6968954638867999,0.0,0.0,0.0,0.0,0.0,0.0,0.0,0.0,0.0,0.0,0.0,0.0,0.0,0.0,0.0,0.0,0.0,0.0,0.0,0.0,0.0,0.0,0.0,0.0,0.984158082439196,0.0,0.0,0.0,0.6518287526887555,0.6518287526887555,0.6518287526887555,0.0,0.9780241014184818,0.25925451467302923,0.05916907094584173,0.0031868143279759915,0.9499606772377643,0.20288535573171612,0.20288535573171612,0.20288535573171612,0.0,0.08801491716851957,0.08801491716851957,0.08801491716851957,0.0,0.5289256198347108,0.41615180935569274,0.7907647907065262,0.7907647907065262,0.7907647907065262,0.35803353300161067,0.0010120052989748352,0.3200991199988287,0.0,0.0,0.0,0.0,0.019486619665119505,0.9749078661840722,0.9875784353898638,0.019672593752191388,0.0,0.9964164225933999,0.9964164225933999,0.9964164225933999,0.0,0.001995937134820408,0.001995937134820408,0.001995937134820408
1,1380,11,0.003952568936216852,0.07582937978953266,0.02337532034015513,0.0,0.3875432611937293,0.32217963744481865,0.932692311381089,0.3949639694395337,0.03697267574452347,0.048387099647023306,0.0,0.945098042488098,0.3799289365201327,0.055635105966035756,0.8310178086220943,0.02337532034015513,0.0,0.16297192128347948,0.9974993504684828,0.9784733001298695,1.0000000000000002,0.9912526402791809,0.9792740650131733,0.7907599585964755,0.001268943100924672,0.9913673028944024,0.8079654611744477,0.0,0.0,0.0,0.0,0.0,0.0,0.0,0.0,0.0,0.0,0.0,0.0,0.0,0.0,0.0,0.0,0.0,0.0,0.0,0.0,0.0,0.0,0.0,0.0,0.9913673028944024,0.0,0.0,0.0,0.7753302493636809,0.7753302493636809,0.7753302493636809,0.0,0.9746352977339257,0.28481781610326795,0.166483294380534,0.001728951502268001,0.8726624152493415,0.1398183356945722,0.1398183356945722,0.1398183356945722,0.0,0.10916169887077856,0.10916169887077856,0.10916169887077856,0.0,0.4701561065197428,0.4714131607335491,0.7901234567368435,0.7901234567368435,0.7901234567368435,0.29399094849067386,0.0008033152628579409,0.38818381752145636,0.0,0.0,0.0,0.0,0.011124069504274713,0.9867881045395992,0.993307452118964,0.01127464165541893,0.0,0.9980903019559711,0.9980903019559711,0.9980903019559711,0.0,0.0013767465091402281,0.0013767465091402281,0.0013767465091402281
1,1380,17,0.5197628742496556,0.5734597386838785,0.002855264634319254,0.0,0.14763551638661637,0.18658979489192656,0.6875000171264849,0.17824330571096847,0.5559204758417126,0.5806451861881802,0.4392156898975372,0.3058823645114898,0.1476569529073192,0.5444599558946593,0.519495082121379,0.002855264634319254,0.0,0.037178906604198675,0.7673840338058304,0.29580065383409915,0.1784385574748068,0.0068188079713472315,0.2613842581727339,0.6089249920429946,0.7423750244142453,0.00791330568013102,0.02008410445974214,0.0,0.0,0.0,0.0,0.0,0.0,0.0,0.0,0.0,0.0,0.0,0.0,0.0,0.0,0.0,0.0,0.0,0.0,0.0,0.0,0.0,0.0,0.0,0.0,0.00791330568013102,0.0,0.0,0.0,3.6104042311855075e-05,3.6104042311855075e-05,3.6104042311855075e-05,0.0,0.11656007546269465,0.586978030177882,0.6775066959109723,0.8321776590565085,5.714937966409409e-05,0.8583577507653068,0.8583577507653068,0.8583577507653068,0.0,4.7575488063880464e-07,4.7575488063880464e-07,4.7575488063880464e-07,0.0,0.2529644268774704,0.06518068530108098,0.3804654681122874,0.3804654681122874,0.3804654681122874,0.8601250530967398,0.2688121893884024,1.420105620562107e-06,0.0,0.0,0.0,0.0,0.8967143556240196,0.0015628738331278113,0.045404736661511735,0.44636841122782905,0.0,0.11615897033053682,0.11615897033053682,0.11615897033053682,0.0,0.5411838044703876,0.5411838044703876,0.5411838044703876
1,1380,18,0.5533597102074986,0.6492891184734112,0.003370098789967888,0.0,0.18915800537035213,0.2739064841698151,0.8798076988948018,0.23316446110712633,0.6079294873092751,0.629032280089544,0.364705890417099,0.5372548997402191,0.19724435220765227,0.5997121102217158,0.48575402244819615,0.003370098789967888,0.0,0.06626391847982178,0.729111511578874,0.29298584586400267,0.17708280506350332,0.0067499311231518045,0.2521994527735191,0.606673036559078,0.7469701049220955,0.00789799947958918,0.019952630972445873,0.0,0.0,0.0,0.0,0.0,0.0,0.0,0.0,0.0,0.0,0.0,0.0,0.0,0.0,0.0,0.0,0.0,0.0,0.0,0.0,0.0,0.0,0.0,0.0,0.00789799947958918,0.0,0.0,0.0,4.356925420983988e-05,4.356925420983988e-05,4.356925420983988e-05,0.0,0.12933295541193784,0.5524222295177842,0.6451940127423466,0.8129891961391242,7.129149072853714e-05,0.8388969723002936,0.8388969723002936,0.8388969723002936,0.0,4.940624387699755e-07,4.940624387699755e-07,4.940624387699755e-07,0.0,0.36363636363636365,0.09685983009708737,0.4065582956843888,0.4065582956843888,0.4065582956843888,0.7481265502631487,0.28100959118238855,1.539795135929447e-06,0.0,0.0,0.0,0.0,0.9040172085187363,0.0015483852400091254,0.04380126257540323,0.45587801548960005,0.0,0.13024220062247657,0.13024220062247657,0.13024220062247657,0.0,0.5092476614497217,0.5092476614497217,0.5092476614497217
1,1380,19,0.5691699859523659,0.6161137648154906,0.0021564203445507578,0.0,0.13379468672537087,0.2924564784856842,0.7019230932591087,0.168382416266571,0.6020369763767808,0.629032280089544,0.3843137323856354,0.3725490272045135,0.137335769970459,0.5917291394973269,0.2864477155876919,0.0021564203445507578,0.0,0.03511531947680763,0.8857089814565382,0.17339945240814014,0.11502956784873618,0.004446383200171427,0.16737673716345502,0.36340139791610254,0.6943731489058723,0.005081658579890713,0.04919802780666681,0.0,0.0,0.0,0.0,0.0,0.0,0.0,0.0,0.0,0.0,0.0,0.0,0.0,0.0,0.0,0.0,0.0,0.0,0.0,0.0,0.0,0.0,0.0,0.0,0.005081658579890713,0.0,0.0,0.0,6.331969615952741e-05,6.331969615952741e-05,6.331969615952741e-05,0.0,0.14104480776485234,0.3374974665246067,0.6658322855947603,0.7841816297925387,0.0001321224298045139,0.8578400368312814,0.8578400368312814,0.8578400368312814,0.0,6.769824437778399e-07,6.769824437778399e-07,6.769824437778399e-07,0.0,0.1322314049586777,0.10800970873786403,0.409037736267174,0.409037736267174,0.409037736267174,0.7007158219715547,0.21016405346333566,1.8774106976256685e-06,0.0,0.0,0.0,0.0,0.9348888901914653,0.0009810148191233227,0.04453782280678725,0.6925939896366102,0.0,0.16525378854352477,0.16525378854352477,0.16525378854352477,0.0,0.48328481432200837,0.48328481432200837,0.48328481432200837
1,1380,19,0.6403162268042688,0.7677725243945561,0.005048169183055109,0.0,0.20299883503159735,0.14107464260747699,0.8846153909390098,0.2289072237945847,0.7096885493376717,0.7298387257173853,0.5647059082984924,0.3411764502525329,0.21072685923381534,0.7035167428276878,0.4474269691298608,0.005048169183055109,0.0,0.05462742443441626,0.7359879224235937,0.31849938449618126,0.1892438263010579,0.007760124896684728,0.2755232195372109,0.6622706786874226,0.7098000979960443,0.008984739718059786,0.018519621114483645,0.0,0.0,0.0,0.0,0.0,0.0,0.0,0.0,0.0,0.0,0.0,0.0,0.0,0.0,0.0,0.0,0.0,0.0,0.0,0.0,0.0,0.0,0.0,0.0,0.008984739718059786,0.0,0.0,0.0,6.169355846612273e-05,6.169355846612273e-05,6.169355846612273e-05,0.0,0.13830083599284526,0.6141314351609652,0.6501923873134916,0.789301674943505,0.000128921558213704,0.8444530098177834,0.8444530098177834,0.8444530098177834,0.0,8.620572017896346e-07,8.620572017896346e-07,8.620572017896346e-07,0.0,0.5179063360881543,0.14889259708737865,0.5150148281957425,0.5150148281957425,0.5150148281957425,0.7285359086816988,0.24912661790228782,2.875761326896453e-06,0.0,0.0,0.0,0.0,0.9393105774211651,0.0016528408699744907,0.029314248878548277,0.6313000939136431,0.0,0.157831799562716,0.157831799562716,0.157831799562716,0.0,0.5215581631483476,0.5215581631483476,0.5215581631483476
1,1380,19,0.6007905374421005,0.701421817078715,0.003119115982029839,0.0,0.18454439548327042,0.2544465027232026,0.8894230829832179,0.24372699837591472,0.651310993232711,0.6653226005155669,0.4117647111415863,0.4980392158031463,0.19097829664899385,0.6447818107212875,0.42007126090715136,0.003119115982029839,0.0,0.07602491173082025,0.6023327521366995,0.31586566512832226,0.1902592500409767,0.005510147855634126,0.24837139884765352,0.49722441445666016,0.7532103672324613,0.006382685625947071,0.028623761071324735,0.0,0.0,0.0,0.0,0.0,0.0,0.0,0.0,0.0,0.0,0.0,0.0,0.0,0.0,0.0,0.0,0.0,0.0,0.0,0.0,0.0,0.0,0.0,0.0,0.006382685625947071,0.0,0.0,0.0,3.374529204166094e-05,3.374529204166094e-05,3.374529204166094e-05,0.0,0.10395393855224061,0.491877409798525,0.7055217260048472,0.8455763843466982,5.7268577631040386e-05,0.8677228284428512,0.8677228284428512,0.8677228284428512,0.0,2.8271478543561657e-07,2.8271478543561657e-07,2.8271478543561657e-07,0.0,0.2874595759971254,0.07732119588158642,0.38545256666436506,0.38545256666436506,0.38545256666436506,0.810485825065976,0.32778403812193935,8.268974812498731e-07,0.0,0.0,0.0,0.0,0.8618412540282144,0.0013165931164393098,0.05674061844813952,0.3873159603533042,0.0,0.10342249955061197,0.10342249955061197,0.10342249955061197,0.0,0.5648000631236727,0.5648000631236727,0.5648000631236727
1,1380,20,0.26482214782575647,0.24170616608764792,0.0007743519975684843,0.0,0.10149941751579868,0.2154444759207958,0.3028846170533498,0.13358261236885996,0.26217720358861213,0.29838710778670746,0.1450980454683303,0.2862745076417923,0.10741262009039035,0.24174296568663178,0.5120902659698908,0.0007743519975684843,0.0,0.022146782212335455,0.8801634371331644,0.293893691308034,0.183380492375399,0.007155539229191539,0.2795008528596747,0.6095662378034923,0.7099503754271026,0.00821942969096781,0.022197059295822122,0.0,0.0,0.0,0.0,0.0,0.0,0.0,0.0,0.0,0.0,0.0,0.0,0.0,0.0,0.0,0.0,0.0,0.0,0.0,0.0,0.0,0.0,0.0,0.0,0.00821942969096781,0.0,0.0,0.0,4.7706599779665475e-05,4.7706599779665475e-05,4.7706599779665475e-05,0.0,0.13255919205398847,0.5537750967466182,0.6295608536178365,0.7999512251764043,8.059141147631892e-05,0.8267632179431815,0.8267632179431815,0.8267632179431815,0.0,5.076052076498819e-07,5.076052076498819e-07,5.076052076498819e-07,0.0,0.3526170798898072,0.09314320388349517,0.42145809390391253,0.42145809390391253,0.42145809390391253,0.793209823201441,0.27076082439003213,1.555373641929487e-06,0.0,0.0,0.0,0.0,0.9085084120285312,0.0016206644816244699,0.04477004886788333,0.47441863944382545,0.0,0.1407297146692437,0.1407297146692437,0.1407297146692437,0.0,0.499140348524376,0.499140348524376,0.499140348524376
1,1380,21,0.34387352655009296,0.35071089953510126,0.0010934116892105188,0.0,0.11995385706412559,0.23862955743934763,0.49038464331396003,0.16081484253598527,0.36074639208133474,0.39919355341454876,0.2274509817361831,0.3568627685308456,0.12560036334429542,0.3438470888400165,0.4701598368472638,0.0010934116892105188,0.0,0.03303068165892555,0.9188032479272412,0.28245819514985154,0.1784385574748068,0.005701472433954756,0.27536950187447534,0.4779585032872305,0.7039798173560035,0.0066122786340746635,0.0341469011005152,0.0,0.0,0.0,0.0,0.0,0.0,0.0,0.0,0.0,0.0,0.0,0.0,0.0,0.0,0.0,0.0,0.0,0.0,0.0,0.0,0.0,0.0,0.0,0.0,0.0066122786340746635,0.0,0.0,0.0,6.536807070952096e-05,6.536807070952096e-05,6.536807070952096e-05,0.0,0.14895506540936904,0.426288609190639,0.6337525859115853,0.7725284654085918,0.0001283791102073209,0.8379356675397124,0.8379356675397124,0.8379356675397124,0.0,3.33499214929588e-07,3.33499214929588e-07,3.33499214929588e-07,0.0,0.5289256198347108,0.15260922330097082,0.5092367531120335,0.5092367531120335,0.5092367531120335,0.7209835327025128,0.3311436860647429,1.0374992441923252e-06,0.0,0.0,0.0,0.0,0.959834138763125,0.0011625832930173563,0.0229891113845187,0.6881908630812487,0.0,0.17369599168303826,0.17369599168303826,0.17369599168303826,0.0,0.531024647423656,0.531024647423656,0.531024647423656
1,1380,21,0.6284585199956183,0.7819905331050935,0.004575274457374921,0.0,0.23068049435408786,0.20991070814585985,1.0,0.2803814052769358,0.7042402376172395,0.709677436591817,0.4745098054409027,0.5254901945590973,0.24161256183796417,0.6998501248606616,0.6260142077156434,0.004575274457374921,0.0,0.09029660262614647,0.9264716889686408,0.29219257629904755,0.1902592500409767,0.007147886246058714,0.28600043957816484,0.5889659710090906,0.6884802367374132,0.008188817289884132,0.02529626003343559,0.0,0.0,0.0,0.0,0.0,0.0,0.0,0.0,0.0,0.0,0.0,0.0,0.0,0.0,0.0,0.0,0.0,0.0,0.0,0.0,0.0,0.0,0.0,0.0,0.008188817289884132,0.0,0.0,0.0,6.362563305724199e-05,6.362563305724199e-05,6.362563305724199e-05,0.0,0.15245115105102575,0.5139724715326769,0.6028747834096133,0.7718316852244534,0.0001217613380864452,0.8219250789619639,0.8219250789619639,0.8219250789619639,0.0,7.09548515493827e-07,7.09548515493827e-07,7.09548515493827e-07,0.0,0.2227055241409308,0.08082994917031977,0.4012952630517603,0.4012952630517603,0.4012952630517603,0.7986967394576651,0.21507874896018203,2.048108228057165e-06,0.0,0.0,0.0,0.0,0.9407870357834,0.0015257607186276285,0.03267391576363213,0.5936208640052741,0.0,0.16860590773704717,0.16860590773704717,0.16860590773704717,0.0,0.4629947760209033,0.4629947760209033,0.4629947760209033
1,1380,21,0.5810276927610164,0.7772511968682476,0.004018027228172531,0.0,0.19838522514451568,0.19869866388616575,1.0,0.3029445807603006,0.6562015830957094,0.6572580848653395,0.4274509847164154,0.5725490152835846,0.23408132338088794,0.6520768363064682,0.6167767534468522,0.004018027228172531,0.0,0.1156309022335383,0.6205053341993836,0.32725410127424404,0.1902592500409767,0.007079009397863287,0.2609968620064592,0.6145128365893463,0.7226006830807544,0.008142898688258612,0.02097610324840808,0.0,0.0,0.0,0.0,0.0,0.0,0.0,0.0,0.0,0.0,0.0,0.0,0.0,0.0,0.0,0.0,0.0,0.0,0.0,0.0,0.0,0.0,0.0,0.0,0.008142898688258612,0.0,0.0,0.0,4.3222771979421754e-05,4.3222771979421754e-05,4.3222771979421754e-05,0.0,0.12887847216720982,0.5705964832448637,0.6486863592758674,0.8119124128427286,7.113485820016424e-05,0.8391107218753387,0.8391107218753387,0.8391107218753387,0.0,4.709426130604812e-07,4.709426130604812e-07,4.709426130604812e-07,0.0,0.5634207689543659,0.17444528052562985,0.5363010226140273,0.5363010226140273,0.5363010226140273,0.6688431587026663,0.2617479609236496,1.3709361796200744e-06,0.0,0.0,0.0,0.0,0.8847065461855776,0.0017027324547040329,0.05815954352187594,0.42267739126902854,0.0,0.12904014559774798,0.12904014559774798,0.12904014559774798,0.0,0.5129263784142194,0.5129263784142194,0.5129263784142194
1,1380,22,0.3122529750603584,0.2748815197455685,0.0008383576250529986,0.0,0.07381775819330819,0.37145189281044033,0.350961537495429,0.11575943589071376,0.29918617133539155,0.3306451703876167,0.1568627506494522,0.3137254863977432,0.09048829285604064,0.2792855409936414,0.4771031975167858,0.0008383576250529986,0.0,0.01888413431223955,0.7021826062937728,0.3061856938347016,0.1877909735711154,0.006283099152049469,0.25871417702322586,0.5152445075647201,0.6880103352087692,0.007132689452497206,0.03169888856234809,0.0,0.0,0.0,0.0,0.0,0.0,0.0,0.0,0.0,0.0,0.0,0.0,0.0,0.0,0.0,0.0,0.0,0.0,0.0,0.0,0.0,0.0,0.0,0.0,0.007132689452497206,0.0,0.0,0.0,6.143135947040325e-05,6.143135947040325e-05,6.143135947040325e-05,0.0,0.13681548405698862,0.49271667425638244,0.6707077058909705,0.7916268403212817,0.00013154962318333492,0.8573770966346855,0.8573770966346855,0.8573770966346855,0.0,5.930417091094225e-07,5.930417091094225e-07,5.930417091094225e-07,0.0,0.10889645114244043,0.04442839385897129,0.2848833705893691,0.2848833705893691,0.2848833705893691,0.8402040938899578,0.21873419918809897,1.6103020076805946e-06,0.0,0.0,0.0,0.0,0.9383655040726183,0.0013372253480401753,0.035113089795603014,0.6120763140629122,0.0,0.15498081597585187,0.15498081597585187,0.15498081597585187,0.0,0.47635710404719084,0.47635710404719084,0.47635710404719084
1,1380,23,0.3794466469760444,0.3933649256667133,0.0012061883547907432,0.0,0.14763551638661637,0.2661223842336774,0.4663461830929204,0.16525912409680354,0.3901551073766593,0.419354842540117,0.2156862765550613,0.3490196317434311,0.14271166379983996,0.3739558278794272,0.37608555294845886,0.0012061883547907432,0.0,0.03273308038652766,0.502525844843267,0.3205619572467023,0.18869135736272957,0.005448923990571525,0.23334784798382707,0.4932991437377085,0.755639244990108,0.006336767024321552,0.028830358169964806,0.0,0.0,0.0,0.0,0.0,0.0,0.0,0.0,0.0,0.0,0.0,0.0,0.0,0.0,0.0,0.0,0.0,0.0,0.0,0.0,0.0,0.0,0.0,0.0,0.006336767024321552,0.0,0.0,0.0,3.3712119568914006e-05,3.3712119568914006e-05,3.3712119568914006e-05,0.0,0.10952004977320418,0.4791529064761071,0.6923264024286839,0.8412425694547429,5.304340190727774e-05,0.8664714941044857,0.8664714941044857,0.8664714941044857,0.0,4.3255314847472695e-07,4.3255314847472695e-07,4.3255314847472695e-07,0.0,0.38467317806160783,0.11980462168017328,0.47168842331036703,0.47168842331036703,0.47168842331036703,0.735096484011657,0.31560523916264155,1.397422150289843e-06,0.0,0.0,0.0,0.0,0.8782854347594383,0.001291654064236158,0.0541244310408209,0.41100313858181353,0.0,0.1077956022232738,0.1077956022232738,0.1077956022232738,0.0,0.5670041064129144,0.5670041064129144,0.5670041064129144
1,1380,23,0.3636363712311771,0.33175355458771805,0.0012960073216477161,0.0,0.0922721977416351,0.2624428393888147,0.4182692626508412,0.11944638176992362,0.3600380590775146,0.39112903776432145,0.2470588237047195,0.2784314006567001,0.09558827927497845,0.3416613422396953,0.4583350790235693,0.0012960073216477161,0.0,0.017870896540592,0.7082807584734085,0.28031457259179576,0.1691178828435113,0.00699482658340221,0.23773395943898162,0.5509716662227694,0.6609802521364598,0.00788269327904734,0.030571518887480234,0.0,0.0,0.0,0.0,0.0,0.0,0.0,0.0,0.0,0.0,0.0,0.0,0.0,0.0,0.0,0.0,0.0,0.0,0.0,0.0,0.0,0.0,0.0,0.0,0.00788269327904734,0.0,0.0,0.0,8.523615677356087e-05,8.523615677356087e-05,8.523615677356087e-05,0.0,0.14381879870987724,0.5078532061225585,0.6370139904161978,0.7660764242051878,0.00020789948989690442,0.8389463914281559,0.8389463914281559,0.8389463914281559,0.0,8.56335336669954e-07,8.56335336669954e-07,8.56335336669954e-07,0.0,0.11334120425029512,0.07160194174757284,0.35273466231724904,0.35273466231724904,0.35273466231724904,0.7769824999099452,0.16417682110593462,2.023834358014873e-06,0.0,0.0,0.0,0.0,0.9465763799998105,0.0014154215488012157,0.025447221680466592,0.6675313924269607,0.0,0.1773443478026863,0.1773443478026863,0.1773443478026863,0.0,0.4440851620148339,0.4440851620148339,0.4440851620148339
1,1380,23,0.4308300431468631,0.48341235018380835,0.002105887023204192,0.0,0.14763558650972805,0.17672540993284755,0.5961538682865344,0.1862087434888525,0.45034010577683475,0.4677419364414808,0.3294117748737335,0.3411764800548553,0.16045793791532786,0.4362102429301931,0.6689426829929815,0.002105887023204192,0.0,0.039128791385051855,0.7963465978279081,0.2947204430123714,0.1784385574748068,0.007446352588238895,0.26552737780627306,0.6088364544793912,0.6828418809624632,0.0085255537018046,0.024173520282567362,0.0,0.0,0.0,0.0,0.0,0.0,0.0,0.0,0.0,0.0,0.0,0.0,0.0,0.0,0.0,0.0,0.0,0.0,0.0,0.0,0.0,0.0,0.0,0.0,0.0085255537018046,0.0,0.0,0.0,6.832544874402529e-05,6.832544874402529e-05,6.832544874402529e-05,0.0,0.15157791213987792,0.5454423028219249,0.6223456953253932,0.7681349443172343,0.0001385342862505105,0.8295107058469734,0.8295107058469734,0.8295107058469734,0.0,1.7138462464073399e-06,1.7138462464073399e-06,1.7138462464073399e-06,0.0,0.05667060212514757,0.03883495145631069,0.27791474456750986,0.27791474456750986,0.27791474456750986,0.8326387997461333,0.15260030600260702,5.223807857146869e-06,0.0,0.0,0.0,0.0,0.9411250256563501,0.0015758258223991842,0.030694936165265474,0.6248256420264084,0.0,0.1732492373795406,0.1732492373795406,0.1732492373795406,0.0,0.4321495218183477,0.4321495218183477,0.4321495218183477
1,1380,25,0.4940711461263323,0.5687204024470327,0.002288147176224057,0.0,0.18454439548327042,0.17768093036139185,0.6730769409938612,0.2095830064352418,0.5293557924397492,0.5483871235872709,0.3843137323856354,0.3490196168422699,0.18478000519942642,0.5179425862832426,0.6146333298976285,0.002288147176224057,0.0,0.04828646510870754,0.5607873408399668,0.28451084864291204,0.15961785040801196,0.00590044999540821,0.21608596730978502,0.5476509678046906,0.7715652731099704,0.0068877902438277735,0.022945700862536555,0.0,0.0,0.0,0.0,0.0,0.0,0.0,0.0,0.0,0.0,0.0,0.0,0.0,0.0,0.0,0.0,0.0,0.0,0.0,0.0,0.0,0.0,0.0,0.0,0.0068877902438277735,0.0,0.0,0.0,3.4076249469939854e-05,3.4076249469939854e-05,3.4076249469939854e-05,0.0,0.10337251281219978,0.5407200976198914,0.7130737107722027,0.8484387168931519,5.9491865349721537e-05,0.8726854806788088,0.8726854806788088,0.8726854806788088,0.0,9.764313612380783e-07,9.764313612380783e-07,9.764313612380783e-07,0.0,0.5730027548209367,0.24676375404530743,0.6088869189613244,0.6088869189613244,0.6088869189613244,0.5572508177205427,0.23918815543724314,3.2793364617799065e-06,0.0,0.0,0.0,0.0,0.8500032370102035,0.0014551640756460987,0.061661997602049295,0.374685490928822,0.0,0.1007230307787996,0.1007230307787996,0.1007230307787996,0.0,0.5740781734085818,0.5740781734085818,0.5740781734085818
1,1380,25,0.4466403188917304,0.47393367771011685,0.0014950128821022922,0.0,0.1291811469614009,0.2252536315085875,0.6490384807728216,0.17352959952613067,0.4712152920575951,0.4959677718607934,0.3568627536296844,0.3568627536296844,0.14237431725131405,0.4574025711246286,0.5586139239924306,0.0014950128821022922,0.0,0.036259771336808,0.6318684091264843,0.27227042292994735,0.16781997586213193,0.004660666727890532,0.21824286954098393,0.4395993068388577,0.7870441216798696,0.005556150796687738,0.032172535890898135,0.0,0.0,0.0,0.0,0.0,0.0,0.0,0.0,0.0,0.0,0.0,0.0,0.0,0.0,0.0,0.0,0.0,0.0,0.0,0.0,0.0,0.0,0.0,0.0,0.005556150796687738,0.0,0.0,0.0,3.952749576541089e-05,3.952749576541089e-05,3.952749576541089e-05,0.0,0.08382401859707744,0.4936909520121574,0.8223357982598396,0.8650767021735567,9.454225732148585e-05,0.9285943357664731,0.9285943357664731,0.9285943357664731,0.0,1.3324758575979303e-07,1.3324758575979303e-07,1.3324758575979303e-07,0.0,0.4760330578512396,0.12656310679611651,0.4733532137808347,0.4733532137808347,0.4733532137808347,0.7959893749677177,0.40416961174042715,3.5484107188382074e-07,0.0,0.0,0.0,0.0,0.9064309785105157,0.001143603854420543,0.057416401708493686,0.5731652697294428,0.0,0.10132968678004037,0.10132968678004037,0.10132968678004037,0.0,0.6687678286451813,0.6687678286451813,0.6687678286451813
1,1380,25,0.49011857719011553,0.5573459954786029,0.0023748817319425948,0.0,0.17531717570910688,0.19848229144215226,0.7163461693917325,0.19940447144960716,0.5244056612786696,0.5403226079370437,0.4431372582912445,0.3254902064800262,0.16772620903693614,0.512696821734299,0.6733694975076578,0.0023748817319425948,0.0,0.045900863368679594,0.6236482175096576,0.2867284971298156,0.17018455919182957,0.006198916337588392,0.2286424740000697,0.5740787597842683,0.7692120685639053,0.007285751457915601,0.02098653466706195,0.0,0.0,0.0,0.0,0.0,0.0,0.0,0.0,0.0,0.0,0.0,0.0,0.0,0.0,0.0,0.0,0.0,0.0,0.0,0.0,0.0,0.0,0.0,0.0,0.007285751457915601,0.0,0.0,0.0,3.531911396834293e-05,3.531911396834293e-05,3.531911396834293e-05,0.0,0.11359161502175236,0.5470594001180147,0.6848448829426383,0.8362574868243259,5.566091113065031e-05,0.8584910086865396,0.8584910086865396,0.8584910086865396,0.0,5.063483422613286e-07,5.063483422613286e-07,5.063483422613286e-07,0.0,0.4087152516904583,0.12865080638690524,0.47387412103642595,0.47387412103642595,0.47387412103642595,0.7215071391433351,0.2775980738035182,1.576571644811855e-06,0.0,0.0,0.0,0.0,0.868258663959635,0.0015422405236121802,0.06173507227228872,0.3918057641596839,0.0,0.11009073699762298,0.11009073699762298,0.11009073699762298,0.0,0.5456484581777898,0.5456484581777898,0.5456484581777898
1,1380,27,0.6284585199956183,0.7725118606314019,0.003879035831622771,0.0,0.23068049435408786,0.2201709625349184,0.8461538545853464,0.25427901076024967,0.6941744618224196,0.7137096944169307,0.3803921639919281,0.4941176474094391,0.2259757031797268,0.6885303025931934,0.37341253180328515,0.003879035831622771,0.0,0.0720437465818284,0.770006718953296,0.24001828543695242,0.154770666292471,0.006114733523127316,0.21257715913311326,0.5287240162453214,0.7226031467270949,0.007102077051413526,0.027877799092806535,0.0,0.0,0.0,0.0,0.0,0.0,0.0,0.0,0.0,0.0,0.0,0.0,0.0,0.0,0.0,0.0,0.0,0.0,0.0,0.0,0.0,0.0,0.0,0.0,0.007102077051413526,0.0,0.0,0.0,5.479785845796384e-05,5.479785845796384e-05,5.479785845796384e-05,0.0,0.13687436614513027,0.4831303367764188,0.6507839479942805,0.7941175716864106,0.00010411344859728231,0.8461290060056379,0.8461290060056379,0.8461290060056379,0.0,6.43684197356921e-07,6.43684197356921e-07,6.43684197356921e-07,0.0,0.6347107438016529,0.2400242718446602,0.6230358236629376,0.6230358236629376,0.6230358236629376,0.5818424385574174,0.25837556375343035,2.0468746773274517e-06,0.0,0.0,0.0,0.0,0.9492934171980796,0.0013015828752134689,0.030496127854216154,0.6224404835434961,0.0,0.15377047628070065,0.15377047628070065,0.15377047628070065,0.0,0.5407700982946938,0.5407700982946938,0.5407700982946938
1,1380,27,0.3517786644225266,0.4170616428679673,0.0011650122235399708,0.0,0.20530563997513818,0.1689299842357799,0.49038464331396003,0.2299932701760451,0.39895047040876463,0.4354838738405716,0.1960784345865249,0.3882353156805038,0.21149153481672264,0.3849598093419561,0.3671293305336679,0.0011650122235399708,0.0,0.05522311456246511,0.7499435012186346,0.24485375448027574,0.15794835875125862,0.00502800991826614,0.21379676576792955,0.45116581964560215,0.7511780061380596,0.005831662406440849,0.03343895540793179,0.0,0.0,0.0,0.0,0.0,0.0,0.0,0.0,0.0,0.0,0.0,0.0,0.0,0.0,0.0,0.0,0.0,0.0,0.0,0.0,0.0,0.0,0.0,0.0,0.005831662406440849,0.0,0.0,0.0,4.586647103548335e-05,4.586647103548335e-05,4.586647103548335e-05,0.0,0.10521220492197308,0.43657068217410167,0.6961479967570634,0.8342532725191392,9.823280034601385e-05,0.8613234884093974,0.8613234884093974,0.8613234884093974,0.0,3.2343203913028263e-07,3.2343203913028263e-07,3.2343203913028263e-07,0.0,0.10889645114244043,0.04442839385897129,0.3117307587914066,0.3117307587914066,0.3117307587914066,0.8402040938899578,0.2630219596692732,7.863595148086721e-07,0.0,0.0,0.0,0.0,0.834658419694895,0.0012599632331627415,0.06811450640270558,0.35356533531154716,0.0,0.10920808004753649,0.10920808004753649,0.10920808004753649,0.0,0.5018624947878271,0.5018624947878271,0.5018624947878271
1,1380,27,0.4320158138277282,0.5118483676048832,0.0017089141814694978,0.0,0.22145334470303624,0.1704373821844304,0.5865384841981185,0.23546996943445006,0.470120539237506,0.4879032562105661,0.2862745225429535,0.3764705955982208,0.22517108853718276,0.4578989377668418,0.42629992476300127,0.0017089141814694978,0.0,0.0572873709918765,0.9187004797342941,0.2363956242687939,0.15219433387017184,0.005272905378516546,0.23138987978759884,0.5211865023654886,0.8189300040570626,0.0063520732248633915,0.02223915883093676,0.0,0.0,0.0,0.0,0.0,0.0,0.0,0.0,0.0,0.0,0.0,0.0,0.0,0.0,0.0,0.0,0.0,0.0,0.0,0.0,0.0,0.0,0.0,0.0,0.0063520732248633915,0.0,0.0,0.0,3.20228190592661e-05,3.20228190592661e-05,3.20228190592661e-05,0.0,0.10402345386006184,0.4978159311042385,0.7061927992855395,0.8508744969445793,4.932380864099726e-05,0.8659996974334594,0.8659996974334594,0.8659996974334594,0.0,8.642802048887122e-07,8.642802048887122e-07,8.642802048887122e-07,0.0,0.22038567493112948,0.1674757281553398,0.4791306381776805,0.4791306381776805,0.4791306381776805,0.6284895314726263,0.171723811113361,2.1815694470098584e-06,0.0,0.0,0.0,0.0,0.8112828144138035,0.001479043588694952,0.08588513895508051,0.3170856510528732,0.0,0.0956504450474219,0.0956504450474219,0.0956504450474219,0.0,0.5157983862894573,0.5157983862894573,0.5157983862894573
1,1380,29,0.521739158717764,0.5829384111575701,0.0019011332480379855,0.0,0.18454439548327042,0.21869719476976393,0.6634615569054453,0.19863367340589652,0.5545199266874256,0.5766129283630665,0.3176470696926117,0.407843142747879,0.19264529779328418,0.5431821815374839,0.3867227352105692,0.0019011332480379855,0.0,0.03958708872193249,0.7427209864890862,0.23175723541017784,0.1381210992506205,0.004522913031499679,0.20130177894287454,0.3905589732197814,0.7282943546089099,0.005219414384767269,0.042470995100490405,0.0,0.0,0.0,0.0,0.0,0.0,0.0,0.0,0.0,0.0,0.0,0.0,0.0,0.0,0.0,0.0,0.0,0.0,0.0,0.0,0.0,0.0,0.0,0.0,0.005219414384767269,0.0,0.0,0.0,5.302299840299054e-05,5.302299840299054e-05,5.302299840299054e-05,0.0,0.11803842457393382,0.36658503400032516,0.6681453110987381,0.8185449092901558,0.00011706534292178292,0.8462301252071063,0.8462301252071063,0.8462301252071063,0.0,3.1701912616530496e-07,3.1701912616530496e-07,3.1701912616530496e-07,0.0,0.40365376250543716,0.157921630852809,0.4923349528614887,0.4923349528614887,0.4923349528614887,0.6914020549304645,0.3249328774353445,9.576558402507322e-07,0.0,0.0,0.0,0.0,0.9041640571665938,0.0010033385336479122,0.043366728812437055,0.45851516118653346,0.0,0.12644838218239726,0.12644838218239726,0.12644838218239726,0.0,0.561242888761802,0.561242888761802,0.561242888761802
1,1380,29,0.4980237451004631,0.6587677909471028,0.002396787318739554,0.0,0.2583621536765786,0.21235590776706242,0.9519230795579208,0.31600778555702047,0.5964719593193945,0.6370967957397713,0.3058823645114898,0.6549019515514374,0.2726680064512819,0.5908116502745108,0.38383260717919565,0.002396787318739554,0.0,0.11176952616495074,0.9486664147865989,0.2314653720936491,0.14993463664488704,0.00499739798573484,0.23104987347856076,0.4210891110455191,0.7102445583676291,0.0056939066015642935,0.04004182701105655,0.0,0.0,0.0,0.0,0.0,0.0,0.0,0.0,0.0,0.0,0.0,0.0,0.0,0.0,0.0,0.0,0.0,0.0,0.0,0.0,0.0,0.0,0.0,0.0,0.0056939066015642935,0.0,0.0,0.0,4.2029761350495954e-05,4.2029761350495954e-05,4.2029761350495954e-05,0.0,0.12385452645619449,0.400512999995713,0.6651475909732494,0.817133640890569,7.051543798299511e-05,0.8533779043578891,0.8533779043578891,0.8533779043578891,0.0,2.3917758343627313e-07,2.3917758343627313e-07,2.3917758343627313e-07,0.0,0.6391184573002755,0.18977548543689315,0.5693375194014596,0.5693375194014596,0.5693375194014596,0.6726164432331321,0.3795003469262425,7.461543645321121e-07,0.0,0.0,0.0,0.0,0.9341806885486705,0.0010541890894618974,0.034764206176539664,0.5135826222124459,0.0,0.1307184184074814,0.1307184184074814,0.1307184184074814,0.0,0.600013948256746,0.600013948256746,0.600013948256746
1,1380,29,0.5533597102074986,0.7156398257892523,0.0013835581180395799,0.0,0.23990771412825146,0.14575197539335,0.8269230864085146,0.27903443873696604,0.6435288021738266,0.6653226005155669,0.450980395078659,0.407843142747879,0.26133445833488356,0.6372409339695533,0.43698964531519585,0.0013835581180395799,0.0,0.08350579959289314,0.47634326372593727,0.1371062912237076,0.0827980898454093,0.0023341598555116786,0.09215791125593888,0.21138121314027675,0.7784750393827432,0.0027245036964474306,0.07227229112967586,0.0,0.0,0.0,0.0,0.0,0.0,0.0,0.0,0.0,0.0,0.0,0.0,0.0,0.0,0.0,0.0,0.0,0.0,0.0,0.0,0.0,0.0,0.0,0.0,0.0027245036964474306,0.0,0.0,0.0,3.10575917574477e-05,3.10575917574477e-05,3.10575917574477e-05,0.0,0.09196861320343713,0.21043400750525865,0.7450863706261293,0.859205078519156,5.521846611102062e-05,0.8903850995594943,0.8903850995594943,0.8903850995594943,0.0,2.7682593137619225e-07,2.7682593137619225e-07,2.7682593137619225e-07,0.0,0.048084147257700965,0.06230442108641579,0.17749949363065975,0.17749949363065975,0.17749949363065975,0.7433354396253147,0.32942641178933324,8.069967124432703e-07,0.0,0.0,0.0,0.0,0.867471327681342,0.0005491013079483754,0.06161245547239516,0.42112509100165846,0.0,0.09621722751158343,0.09621722751158343,0.09621722751158343,0.0,0.539123684941476,0.539123684941476,0.539123684941476
1,1380,31,0.612648244250751,0.6886256092392313,0.00258372973018581,0.0,0.1291810768382892,0.24479167626493942,0.8509615466295544,0.17633972786851965,0.6465922608391155,0.6612903426904532,0.501960813999176,0.3764705657958984,0.1353419539034577,0.6378417772029709,0.6320918384606298,0.00258372973018581,0.0,0.0400912540545693,0.5671400201321275,0.24493296178661722,0.13648806970645488,0.004408118284507301,0.1860572039011409,0.4232417875581982,0.8006881035523243,0.005341863989101985,0.03307349264952096,0.0,0.0,0.0,0.0,0.0,0.0,0.0,0.0,0.0,0.0,0.0,0.0,0.0,0.0,0.0,0.0,0.0,0.0,0.0,0.0,0.0,0.0,0.0,0.0,0.005341863989101985,0.0,0.0,0.0,4.3304022896398906e-05,4.3304022896398906e-05,4.3304022896398906e-05,0.0,0.11336926289823174,0.3950498160432213,0.6888720528432557,0.828407170327734,7.874905226170834e-05,0.857546720230149,0.857546720230149,0.857546720230149,0.0,2.0688414555901005e-07,2.0688414555901005e-07,2.0688414555901005e-07,0.0,0.4533648170011807,0.15533980582524273,0.5115470017123077,0.5115470017123077,0.5115470017123077,0.7284444283381163,0.35173966657116834,5.719232376090685e-07,0.0,0.0,0.0,0.0,0.9063966084067993,0.0010554493458966416,0.04888308749263262,0.558672578575893,0.0,0.125455008927265,0.125455008927265,0.125455008927265,0.0,0.5939040367572539,0.5939040367572539,0.5939040367572539
1,1380,31,0.21343873663598076,0.16113745006126937,0.0004177178377538346,0.0,0.0645905384191446,0.19788331921005622,0.2596153886554785,0.10755166779928436,0.2174877113011709,0.2620967873606846,0.1764705926179886,0.2196078449487686,0.09415503116875806,0.19498388988332016,0.3669363266502765,0.0004177178377538346,0.0,0.014588344300109704,0.6873704236291556,0.23602581183278876,0.15794835875125862,0.005563718737563903,0.19683204282446898,0.5093436354602976,0.7629445855796076,0.006489829029739947,0.02683173093213914,0.0,0.0,0.0,0.0,0.0,0.0,0.0,0.0,0.0,0.0,0.0,0.0,0.0,0.0,0.0,0.0,0.0,0.0,0.0,0.0,0.0,0.0,0.0,0.0,0.006489829029739947,0.0,0.0,0.0,3.75237065084521e-05,3.75237065084521e-05,3.75237065084521e-05,0.0,0.10894583274875375,0.5041358353309566,0.7148521019050122,0.841682514070039,6.954932250613345e-05,0.8766950386857236,0.8766950386857236,0.8766950386857236,0.0,4.921738037840978e-07,4.921738037840978e-07,4.921738037840978e-07,0.0,0.1866796305298979,0.08146605301172435,0.34599029087405286,0.34599029087405286,0.34599029087405286,0.755458927312861,0.238585198931154,1.338455470956927e-06,0.0,0.0,0.0,0.0,0.8703033431464995,0.001337429758770675,0.056396022716454414,0.4013872540600411,0.0,0.10692271405788303,0.10692271405788303,0.10692271405788303,0.0,0.5278924743796399,0.5278924743796399,0.5278924743796399
1,1380,31,0.33992095761387614,0.3080568734034891,0.00095834998219907,0.0,0.10149941751579868,0.3181071088710102,0.44711541491608875,0.1265630473971989,0.33566054405109175,0.3669354908136396,0.2274509817361831,0.3215686529874801,0.10610885110322996,0.31689705585722616,0.5964585003037828,0.00095834998219907,0.0,0.020601554542804334,0.7631384410392468,0.24161308535903003,0.15034357794373704,0.0058086141978143085,0.21295185170945546,0.4676637405938459,0.6783713092810528,0.006642891035158343,0.03729827170146836,0.0,0.0,0.0,0.0,0.0,0.0,0.0,0.0,0.0,0.0,0.0,0.0,0.0,0.0,0.0,0.0,0.0,0.0,0.0,0.0,0.0,0.0,0.0,0.0,0.006642891035158343,0.0,0.0,0.0,7.668540558702774e-05,7.668540558702774e-05,7.668540558702774e-05,0.0,0.1540959150336253,0.4059149850917691,0.6106498961765512,0.7581820088503523,0.0001629204887573516,0.8232258891184541,0.8232258891184541,0.8232258891184541,0.0,1.0461597441603543e-06,1.0461597441603543e-06,1.0461597441603543e-06,0.0,0.22668240850059035,0.13713592233009703,0.45279251061819054,0.45279251061819054,0.45279251061819054,0.6464710208246425,0.19230869682969712,3.180605223396006e-06,0.0,0.0,0.0,0.0,0.9615981682083715,0.0011500322616655385,0.01997225226415142,0.6956577935244599,0.0,0.18503317167897312,0.18503317167897312,0.18503317167897312,0.0,0.4599187596011444,0.4599187596011444,0.4599187596011444
1,1380,33,0.4308300431468631,0.6142180303207524,0.0026633678385945495,0.0,0.3690888610896526,0.1287132437997979,0.7307692455243563,0.3653017538783685,0.5350387051018729,0.5725806705379529,0.2823529541492462,0.4980392158031463,0.3559786452577088,0.5293268209850372,0.38871558369213655,0.0026633678385945495,0.0,0.1291128947189169,0.6775548621650569,0.29156788911657533,0.1877909735711154,0.006895337802675483,0.24198134291707984,0.5280568384328344,0.6444757965568717,0.007744937474170786,0.0340256354127622,0.0,0.0,0.0,0.0,0.0,0.0,0.0,0.0,0.0,0.0,0.0,0.0,0.0,0.0,0.0,0.0,0.0,0.0,0.0,0.0,0.0,0.0,0.0,0.0,0.007744937474170786,0.0,0.0,0.0,7.146870182932187e-05,7.146870182932187e-05,7.146870182932187e-05,0.0,0.16598949282314301,0.43303019794454656,0.5513207378773366,0.743095527037795,0.00012791461090058654,0.7897871393086139,0.7897871393086139,0.7897871393086139,0.0,1.039960824804186e-06,1.039960824804186e-06,1.039960824804186e-06,0.0,0.34710743801652894,0.1721215109223301,0.5019740637887358,0.5019740637887358,0.5019740637887358,0.6655362472405802,0.1907452231029204,3.1382242090347884e-06,0.0,0.0,0.0,0.0,0.9645897238705244,0.0013927242405077078,0.025894832494968767,0.6671771975949908,0.0,0.19501076589813301,0.19501076589813301,0.19501076589813301,0.0,0.4378547278168739,0.4378547278168739,0.4378547278168739
1,1380,33,0.4505928878279472,0.5402843850259579,0.0013005617646563807,0.0,0.21683973481595434,0.15267799019486497,0.5817307921539107,0.23676592760690085,0.5032587420392666,0.5322580922868163,0.3450980484485626,0.3137255012989044,0.22182295480888126,0.49186859432936064,0.3841534514621933,0.0013005617646563807,0.0,0.05782721074896349,0.5774642663953109,0.1699351180627896,0.12479354469764926,0.0037576147182171614,0.12829524691704164,0.3019762306025765,0.6894700962821715,0.004224511349547702,0.060036842325023834,0.0,0.0,0.0,0.0,0.0,0.0,0.0,0.0,0.0,0.0,0.0,0.0,0.0,0.0,0.0,0.0,0.0,0.0,0.0,0.0,0.0,0.0,0.0,0.0,0.004224511349547702,0.0,0.0,0.0,5.6247387243444795e-05,5.6247387243444795e-05,5.6247387243444795e-05,0.0,0.13337872475719692,0.28463459024712684,0.6749447060949041,0.7969459098503036,0.00011370528476958489,0.8591196608373798,0.8591196608373798,0.8591196608373798,0.0,5.526541704524158e-07,5.526541704524158e-07,5.526541704524158e-07,0.0,0.37024793388429755,0.20077669902912615,0.5597514900640829,0.5597514900640829,0.5597514900640829,0.6235190283518365,0.3094551479938267,1.8619859450599116e-06,0.0,0.0,0.0,0.0,0.9508751813130137,0.0007548239594373405,0.03163100064906657,0.5909829076562281,0.0,0.14983692489145325,0.14983692489145325,0.14983692489145325,0.0,0.5476120016669072,0.5476120016669072,0.5476120016669072
1,1380,33,0.4861660082538987,0.5971564198681074,0.001835266881303702,0.0,0.27912339816844633,0.09587245652471067,0.6394230966844057,0.26621762612495237,0.5458990868048602,0.5725806705379529,0.4392156898975372,0.2666666805744171,0.27892630273196717,0.5358683124083565,0.4597895692450803,0.001835266881303702,0.0,0.06231938905254841,0.6332310833370178,0.27247180809620897,0.16844163197680478,0.0043545474025775245,0.21863268355813853,0.413311916526864,0.792763156738917,0.0051581895825999115,0.034773810584831116,0.0,0.0,0.0,0.0,0.0,0.0,0.0,0.0,0.0,0.0,0.0,0.0,0.0,0.0,0.0,0.0,0.0,0.0,0.0,0.0,0.0,0.0,0.0,0.0,0.0051581895825999115,0.0,0.0,0.0,3.0945660784838816e-05,3.0945660784838816e-05,3.0945660784838816e-05,0.0,0.09581872360393823,0.4305777180049708,0.7640113487132387,0.8643902130012694,5.731643062110141e-05,0.9020788529820719,0.9020788529820719,0.9020788529820719,0.0,2.3902794192331084e-07,2.3902794192331084e-07,2.3902794192331084e-07,0.0,0.32195472511678047,0.08946170646209187,0.38049995421345656,0.38049995421345656,0.38049995421345656,0.7404041884284824,0.3975464804535282,7.699094904200673e-07,0.0,0.0,0.0,0.0,0.8823441401422802,0.0010466247451340026,0.0549605562160653,0.42942364285749757,0.0,0.09325166890920653,0.09325166890920653,0.09325166890920653,0.0,0.6139110110060026,0.6139110110060026,0.6139110110060026
1,1380,35,0.7304347985500125,0.8824644613262242,0.004278892340030568,0.0,0.2214532745799245,0.12845855363878186,0.9855769238673762,0.24600003608205492,0.8008368845886555,0.814516140044772,0.6666666865348816,0.3215686082839966,0.2277833805285511,0.7975162530255607,0.5506294367514036,0.004278892340030568,0.0,0.0606536066668644,0.4332431803652226,0.2892210541361851,0.1746776994684986,0.005272905378516546,0.1976693989897948,0.4463077584233513,0.7118502652435381,0.0059694182113174035,0.03695214985043538,0.0,0.0,0.0,0.0,0.0,0.0,0.0,0.0,0.0,0.0,0.0,0.0,0.0,0.0,0.0,0.0,0.0,0.0,0.0,0.0,0.0,0.0,0.0,0.0,0.0059694182113174035,0.0,0.0,0.0,4.92243290171298e-05,4.92243290171298e-05,4.92243290171298e-05,0.0,0.1183606788921372,0.44482398994891326,0.7078897379642557,0.8222465051396274,0.00010515581859223206,0.8771187820818613,0.8771187820818613,0.8771187820818613,0.0,3.9180624621512874e-07,3.9180624621512874e-07,3.9180624621512874e-07,0.0,0.2247933884297521,0.07411407766990294,0.37114971544525976,0.37114971544525976,0.37114971544525976,0.8035179191621726,0.3029609957806025,1.200592890801043e-06,0.0,0.0,0.0,0.0,0.9064385081145848,0.00118013341055714,0.04793773772498508,0.4738685866478708,0.0,0.12474431154731555,0.12474431154731555,0.12474431154731555,0.0,0.523699523699257,0.523699523699257,0.523699523699257
1,1380,35,0.3122529750603584,0.3364928908245638,0.0009892023971338365,0.0,0.21222605480576096,0.09924140928216728,0.36538461362805275,0.2011308780898291,0.3409377723313089,0.3830645221140942,0.2627451121807098,0.2196078300476074,0.20801564138514816,0.3238973447526898,0.4334921122182865,0.0009892023971338365,0.0,0.036348739904739594,0.7790696523880589,0.2721591321089376,0.1708184803060288,0.005816267180947133,0.2424623913520823,0.4827647004055015,0.6972589476733797,0.0066122786340746635,0.034177048678333585,0.0,0.0,0.0,0.0,0.0,0.0,0.0,0.0,0.0,0.0,0.0,0.0,0.0,0.0,0.0,0.0,0.0,0.0,0.0,0.0,0.0,0.0,0.0,0.0,0.0066122786340746635,0.0,0.0,0.0,5.010024160952187e-05,5.010024160952187e-05,5.010024160952187e-05,0.0,0.12703068349296687,0.47354845470567664,0.6812395762849583,0.8109711547545397,9.937702255707502e-05,0.8636009023172649,0.8636009023172649,0.8636009023172649,0.0,4.2021327002774497e-07,4.2021327002774497e-07,4.2021327002774497e-07,0.0,0.236624619399739,0.08676007853051118,0.3920040858306135,0.3920040858306135,0.3920040858306135,0.7734218652153729,0.2621347012936452,1.1696821980103425e-06,0.0,0.0,0.0,0.0,0.9264101290229244,0.0012210587449777888,0.032710196917404843,0.5643435001860013,0.0,0.1381240465711134,0.1381240465711134,0.1381240465711134,0.0,0.5300892787543184,0.5300892787543184,0.5300892787543184
1,1380,35,0.3992094916571285,0.4170616428679673,0.0017305000980292122,0.0,0.14763551638661637,0.13316444391346646,0.5000000274023759,0.16199909611345842,0.4156902530982499,0.43951613166568526,0.3450980484485626,0.2470588386058807,0.15169711728634064,0.3996379674693035,0.5012883890923441,0.0017305000980292122,0.0,0.026841865432278768,0.6798410817973857,0.28606624361666494,0.1772459035504259,0.007079009397863287,0.23775816405774292,0.568277166651084,0.6723395347619084,0.008112286287174933,0.02819088716067493,0.0,0.0,0.0,0.0,0.0,0.0,0.0,0.0,0.0,0.0,0.0,0.0,0.0,0.0,0.0,0.0,0.0,0.0,0.0,0.0,0.0,0.0,0.0,0.0,0.008112286287174933,0.0,0.0,0.0,7.872126205063077e-05,7.872126205063077e-05,7.872126205063077e-05,0.0,0.16282597732704746,0.4937812427720233,0.6063892652465614,0.7480944646028631,0.00016137194247544263,0.8226516212626351,0.8226516212626351,0.8226516212626351,0.0,9.188252221061186e-07,9.188252221061186e-07,9.188252221061186e-07,0.0,0.24890617403986387,0.11109618033392682,0.44202196235874563,0.44202196235874563,0.44202196235874563,0.7341345716069237,0.19412022210272822,2.6910150865860994e-06,0.0,0.0,0.0,0.0,0.9523589688339674,0.0014626278864462417,0.02602310608639341,0.7202525759008502,0.0,0.19427132055731258,0.19427132055731258,0.19427132055731258,0.0,0.4468548622299709,0.4468548622299709,0.4468548622299709
1,1380,35,0.3122529750603584,0.355450235771947,0.001389589738937189,0.0,0.20299883503159735,0.18235673632928126,0.3990384944740095,0.21596480460233908,0.33707149727502067,0.37096774863875315,0.1333333402872085,0.376470610499382,0.2026875941498772,0.3211362460599699,0.41336257799812626,0.001389589738937189,0.0,0.04814476617698734,0.5702807458649843,0.3191778291955383,0.2174512435187977,0.008402975479842043,0.24501661006455072,0.5769719610286824,0.5789919919920561,0.009306169929438415,0.0354507928363238,0.0,0.0,0.0,0.0,0.0,0.0,0.0,0.0,0.0,0.0,0.0,0.0,0.0,0.0,0.0,0.0,0.0,0.0,0.0,0.0,0.0,0.0,0.0,0.0,0.009306169929438415,0.0,0.0,0.0,0.00013912544099818836,0.00013912544099818836,0.00013912544099818836,0.0,0.19468162050952065,0.4380007489504477,0.49562318704303615,0.6740564951365134,0.0003275429705836666,0.7543513459483563,0.7543513459483563,0.7543513459483563,0.0,1.0406430389905513e-06,1.0406430389905513e-06,1.0406430389905513e-06,0.0,0.15556635877491493,0.06665098935062311,0.3642528844685009,0.3642528844685009,0.3642528844685009,0.8174692188673935,0.17070579596785643,2.8711296139324936e-06,0.0,0.0,0.0,0.0,0.9819260996662885,0.0015547410406285685,0.010027629151540124,0.8409538882293034,0.0,0.2615073438119154,0.2615073438119154,0.2615073438119154,0.0,0.36988532366109933,0.36988532366109933,0.36988532366109933
1,1380,37,0.5189723604624122,0.744075843210327,0.0029064393540170564,0.0,0.3344867168134276,0.11037752797141871,0.7932692420990592,0.3610846909079824,0.6024854155495231,0.604838733138862,0.4627451002597809,0.3686274588108063,0.3694549285049201,0.5979076904097946,0.6125560593224939,0.0029064393540170564,0.0,0.12719714862796275,0.8716329165289778,0.26824931000426366,0.17575573482317441,0.005854532096611259,0.25410584434514605,0.5275667357475556,0.7511528497741654,0.0068112592411185766,0.025994437728393743,0.0,0.0,0.0,0.0,0.0,0.0,0.0,0.0,0.0,0.0,0.0,0.0,0.0,0.0,0.0,0.0,0.0,0.0,0.0,0.0,0.0,0.0,0.0,0.0,0.0068112592411185766,0.0,0.0,0.0,4.465691395518005e-05,4.465691395518005e-05,4.465691395518005e-05,0.0,0.11458466682121776,0.5103216616300988,0.6981621009475787,0.825640718823138,8.615530066870573e-05,0.8608918503956727,0.8608918503956727,0.8608918503956727,0.0,1.0484287116092247e-06,1.0484287116092247e-06,1.0484287116092247e-06,0.0,0.2644628099173554,0.13030946601941748,0.4702409172856147,0.4702409172856147,0.4702409172856147,0.6976767879677654,0.21479795967380114,3.401643580560814e-06,0.0,0.0,0.0,0.0,0.8606451826365954,0.001447334758613132,0.063089473123039,0.3825502012309121,0.0,0.11693587020397503,0.11693587020397503,0.11693587020397503,0.0,0.5028122555541924,0.5028122555541924,0.5028122555541924
1,1380,37,0.4624505946365977,0.7393365069734813,0.003664735304486695,0.0,0.5167243073531572,0.10233171673926836,0.812500010275891,0.4779127042800054,0.5928044611456644,0.6088709909639758,0.2235294133424759,0.6235294193029404,0.4886140205187559,0.5930660719085783,0.48847795482184353,0.003664735304486695,0.0,0.20771459306533227,0.8105316489249341,0.35311020781325425,0.2342373173531564,0.007568800318364098,0.3207283030447627,0.6752448940383875,0.7401112228230985,0.00878575911101587,0.01574302430717711,0.0,0.0,0.0,0.0,0.0,0.0,0.0,0.0,0.0,0.0,0.0,0.0,0.0,0.0,0.0,0.0,0.0,0.0,0.0,0.0,0.0,0.0,0.0,0.0,0.00878575911101587,0.0,0.0,0.0,3.949378821379108e-05,3.949378821379108e-05,3.949378821379108e-05,0.0,0.12072152866965774,0.6353384334080479,0.6605188416837129,0.8232700174082597,6.456344404017522e-05,0.8443261364320865,0.8443261364320865,0.8443261364320865,0.0,7.634548011706262e-07,7.634548011706262e-07,7.634548011706262e-07,0.0,0.40365376250543716,0.157921630852809,0.49517255635915636,0.49517255635915636,0.49517255635915636,0.6914020549304645,0.2013887825620226,2.1437223646838386e-06,0.0,0.0,0.0,0.0,0.8534890734679024,0.0019301551472028708,0.06958085903473418,0.36593661640742997,0.0,0.11761547523228796,0.11761547523228796,0.11761547523228796,0.0,0.4989110706010024,0.4989110706010024,0.4989110706010024
1,1380,37,0.5098814519091136,0.7819905331050935,0.004708568042327983,0.0,0.3598615711923773,0.2257043454653008,0.8990384670716336,0.4294786960572422,0.6442077542274934,0.6612903426904532,0.1019607856869697,0.8156862780451775,0.3709457969562428,0.645230882566938,0.3381441550757581,0.004708568042327983,0.0,0.20867155014317573,0.5797347183310866,0.4093397929977174,0.27208117545484595,0.008510117243701595,0.3182177952506368,0.7144072207301085,0.6975442016717723,0.00978066214623544,0.016045580548137123,0.0,0.0,0.0,0.0,0.0,0.0,0.0,0.0,0.0,0.0,0.0,0.0,0.0,0.0,0.0,0.0,0.0,0.0,0.0,0.0,0.0,0.0,0.0,0.0,0.00978066214623544,0.0,0.0,0.0,6.504042934247344e-05,6.504042934247344e-05,6.504042934247344e-05,0.0,0.14070585490299492,0.662501808684843,0.6452605129065976,0.7840625806769554,0.000139149739040996,0.8397845245292042,0.8397845245292042,0.8397845245292042,0.0,6.038258417905869e-07,6.038258417905869e-07,6.038258417905869e-07,0.0,0.6815003178639543,0.1829580054001263,0.5396473771702196,0.5396473771702196,0.5396473771702196,0.7128709117276095,0.24918788291181096,1.8429592879169286e-06,0.0,0.0,0.0,0.0,0.9282626592265162,0.0019122123617164905,0.041747834198861244,0.6216540288733408,0.0,0.16113034023876813,0.16113034023876813,0.16113034023876813,0.0,0.5003018838423,0.5003018838423,0.5003018838423
1,1380,37,0.4743083014452482,0.8104265505261683,0.004337538354521329,0.0,0.442906549159849,0.12153518708075801,0.9038461591158413,0.4832764018210285,0.6287671035102926,0.6491935692151123,0.3058823645114898,0.6156862676143646,0.45334563505660597,0.6316537061376171,0.48753719761603304,0.004337538354521329,0.0,0.2439790944060176,0.7027899332193392,0.3600955243719304,0.25192874795317755,0.008035632289466434,0.3047064774205474,0.6967886927437223,0.7198671269562519,0.009336782330522094,0.015672204063110137,0.0,0.0,0.0,0.0,0.0,0.0,0.0,0.0,0.0,0.0,0.0,0.0,0.0,0.0,0.0,0.0,0.0,0.0,0.0,0.0,0.0,0.0,0.0,0.0,0.009336782330522094,0.0,0.0,0.0,5.1170220169414804e-05,5.1170220169414804e-05,5.1170220169414804e-05,0.0,0.13216760754255663,0.6690965083491142,0.672099703285912,0.8055455731095607,9.94869241323968e-05,0.8578795836125435,0.8578795836125435,0.8578795836125435,0.0,2.94954973695254e-07,2.94954973695254e-07,2.94954973695254e-07,0.0,1.0,0.21602415807038833,0.5854783003740717,0.5854783003740717,0.5854783003740717,0.7053269593239625,0.32042549551786076,8.587770282626428e-07,0.0,0.0,0.0,0.0,0.9513512523029318,0.0017253672023602236,0.029968666843008,0.6097398690381006,0.0,0.14471611249572516,0.14471611249572516,0.14471611249572516,0.0,0.579107571106248,0.579107571106248,0.579107571106248
1,1380,39,0.35573123335874346,0.4360189878153504,0.002094061238002408,0.0,0.2583622237996903,0.10561671355582146,0.49038464331396003,0.2545305067738951,0.3980373612004941,0.4153225847150034,0.2823529541492462,0.3019607961177826,0.25887830592889377,0.3844008453490108,0.5271175862854496,0.002094061238002408,0.0,0.05945589450054008,0.7657866412099668,0.47279685660020043,0.28758388474163477,0.009091743961796309,0.4170772847613453,0.7639895211384375,0.6972145767931897,0.010454134970076377,0.013227538950102813,0.0,0.0,0.0,0.0,0.0,0.0,0.0,0.0,0.0,0.0,0.0,0.0,0.0,0.0,0.0,0.0,0.0,0.0,0.0,0.0,0.0,0.0,0.0,0.0,0.010454134970076377,0.0,0.0,0.0,7.061158447635659e-05,7.061158447635659e-05,7.061158447635659e-05,0.0,0.13092937507597086,0.6996042585548817,0.6250432190761017,0.7897531330033482,0.00016718769945170826,0.8215488854619625,0.8215488854619625,0.8215488854619625,0.0,7.009913105818145e-07,7.009913105818145e-07,7.009913105818145e-07,0.0,0.4701561065197428,0.11021215390147424,0.4635828438879461,0.4635828438879461,0.4635828438879461,0.8039975352806026,0.24299952296791977,2.198869066055814e-06,0.0,0.0,0.0,0.0,0.9100022198471399,0.0020606920962739643,0.043171067830414855,0.5101953151147355,0.0,0.15030944907592017,0.15030944907592017,0.15030944907592017,0.0,0.48665561332897184,0.48665561332897184,0.48665561332897184
1,1380,39,0.6719367782940034,0.8649289172498948,0.006537393015003093,0.0,0.30449825254739626,0.25090114792836177,1.0,0.32764860077680164,0.7553353589473438,0.7641129172308514,0.3254902064800262,0.6745097935199738,0.3076757781707949,0.7534368330081574,0.3553525101091367,0.006537393015003093,0.0,0.11359618737862451,0.8079828313160575,0.3772558142001524,0.2506717366632853,0.008915725349741329,0.34197405246694723,0.7839744742243304,0.7278883871458998,0.01036229776682534,0.010284559087558917,0.0,0.0,0.0,0.0,0.0,0.0,0.0,0.0,0.0,0.0,0.0,0.0,0.0,0.0,0.0,0.0,0.0,0.0,0.0,0.0,0.0,0.0,0.0,0.0,0.01036229776682534,0.0,0.0,0.0,5.160140617261508e-05,5.160140617261508e-05,5.160140617261508e-05,0.0,0.12907457646266718,0.7554669381997159,0.6805981817624864,0.8076309608344133,0.00010281698812432443,0.8599334175867002,0.8599334175867002,0.8599334175867002,0.0,6.546493412148018e-07,6.546493412148018e-07,6.546493412148018e-07,0.0,0.21408894136166862,0.0631067961165048,0.34316405917552595,0.34316405917552595,0.34316405917552595,0.83157280575776,0.19056197490954233,1.5946064076174713e-06,0.0,0.0,0.0,0.0,0.9084674128702427,0.0020792816095283988,0.04723438535295946,0.5332843291979261,0.0,0.1386757952235471,0.1386757952235471,0.1386757952235471,0.0,0.48563892030977124,0.48563892030977124,0.48563892030977124
1,1380,39,0.5059288829728967,0.563981066210187,0.0019042134232249918,0.0,0.13610149166891192,0.515828432089873,0.620192328507574,0.18859428885380858,0.5303663431926191,0.5564516392374983,0.211764708161354,0.4784313887357712,0.15609860264204867,0.5190915931643951,0.125148786726203,0.0019042134232249918,0.0,0.0499009428165302,0.6131356248282072,0.2266137013137412,0.1381210992506205,0.004959133070070713,0.17824876258533717,0.41835779428395725,0.711175525361853,0.005678600401022454,0.04030100307699322,0.0,0.0,0.0,0.0,0.0,0.0,0.0,0.0,0.0,0.0,0.0,0.0,0.0,0.0,0.0,0.0,0.0,0.0,0.0,0.0,0.0,0.0,0.0,0.0,0.005678600401022454,0.0,0.0,0.0,4.837433687700094e-05,4.837433687700094e-05,4.837433687700094e-05,0.0,0.13342935303314862,0.3708365066948321,0.6279867493961455,0.7970672346069503,8.076129090827324e-05,0.8315936420437149,0.8315936420437149,0.8315936420437149,0.0,1.5799312025741897e-06,1.5799312025741897e-06,1.5799312025741897e-06,0.0,0.12205975842339478,0.08795312230711777,0.3422310884976397,0.3422310884976397,0.3422310884976397,0.7128709117276095,0.2060186146529523,5.453513157001032e-06,0.0,0.0,0.0,0.0,0.8945036274176741,0.0011155078379503861,0.04704506130838276,0.5289274457411336,0.0,0.14606424242680224,0.14606424242680224,0.14606424242680224,0.0,0.4692522636460596,0.4692522636460596,0.4692522636460596
1,1380,39,0.5770751238247996,0.7962085418156308,0.005494804106447037,0.0,0.3598615711923773,0.30925074839372974,0.8942307750274259,0.4065096090701074,0.6963841709360429,0.7540322726680673,0.1803921610116958,0.7333333343267441,0.3783074317956912,0.6963530453675557,0.19426928208565497,0.005494804106447037,0.0,0.1739043489973172,0.7105675089140191,0.43549039850046745,0.27244358414409797,0.008655523923225274,0.37076660219722746,0.7223614903759678,0.6934656322503071,0.009994948953821192,0.015839642388551595,0.0,0.0,0.0,0.0,0.0,0.0,0.0,0.0,0.0,0.0,0.0,0.0,0.0,0.0,0.0,0.0,0.0,0.0,0.0,0.0,0.0,0.0,0.0,0.0,0.009994948953821192,0.0,0.0,0.0,6.42985014412801e-05,6.42985014412801e-05,6.42985014412801e-05,0.0,0.15146161287952403,0.6573787761908746,0.628386626712105,0.7765742208708277,0.00012874916477261048,0.8370532078637216,0.8370532078637216,0.8370532078637216,0.0,3.526674271357677e-07,3.526674271357677e-07,3.526674271357677e-07,0.0,0.5886430285257265,0.11784851944273253,0.47674425182994096,0.47674425182994096,0.47674425182994096,0.8195203960088596,0.2911144859388487,1.008251642409657e-06,0.0,0.0,0.0,0.0,0.9771665900635592,0.0017290423790548494,0.01614893598616257,0.6646579651728131,0.0,0.1692623719526206,0.1692623719526206,0.1692623719526206,0.0,0.5181184366463056,0.5181184366463056,0.5181184366463056
1,1380,41,0.4940711461263323,0.7867298693419392,0.0054743061080918315,0.0,0.30449825254739626,0.3552106865173642,0.9567307716021285,0.4742062023411645,0.6618486337063444,0.7137096944169307,0.0705882385373115,0.894117645919323,0.3306620020188195,0.6691983987221152,0.11197487618974172,0.0054743061080918315,0.0,0.3159866990137659,0.7598944802289853,0.40603333203096564,0.2571782875635682,0.00940551627024214,0.3568925256578673,0.7535954794738133,0.6662065186745945,0.01069903417874581,0.01585797601584539,0.0,0.0,0.0,0.0,0.0,0.0,0.0,0.0,0.0,0.0,0.0,0.0,0.0,0.0,0.0,0.0,0.0,0.0,0.0,0.0,0.0,0.0,0.0,0.0,0.01069903417874581,0.0,0.0,0.0,7.692276310028251e-05,7.692276310028251e-05,7.692276310028251e-05,0.0,0.15443221574572946,0.6979138550589548,0.6390215592323678,0.7601710280578617,0.00016611010268400818,0.8453272847159962,0.8453272847159962,0.8453272847159962,0.0,1.1422757124408593e-06,1.1422757124408593e-06,1.1422757124408593e-06,0.0,0.4125619834710744,0.1060116504854369,0.44142199194928744,0.44142199194928744,0.44142199194928744,0.7834071193582932,0.2201121569086432,3.817947695069153e-06,0.0,0.0,0.0,0.0,0.947020903847798,0.0019593453131558584,0.02716538578637276,0.7112049354821013,0.0,0.18443408684976662,0.18443408684976662,0.18443408684976662,0.0,0.4663141447760955,0.4663141447760955,0.4663141447760955
1,1380,41,0.3517786644225266,0.3933649256667133,0.0022546323695922287,0.0,0.18454439548327042,0.14453189610483555,0.48076925922554414,0.19287779369625763,0.3827759588021314,0.419354842540117,0.239215686917305,0.3372549265623092,0.180729682536407,0.3669483712235465,0.4505502732443748,0.0022546323695922287,0.0,0.03882002063701076,0.6052416128275881,0.5248709598946978,0.3192885337268146,0.010515198824501791,0.41703945161648703,0.8692731918830695,0.6845654200833469,0.012122510829136882,0.008743022867606531,0.0,0.0,0.0,0.0,0.0,0.0,0.0,0.0,0.0,0.0,0.0,0.0,0.0,0.0,0.0,0.0,0.0,0.0,0.0,0.0,0.0,0.0,0.0,0.0,0.012122510829136882,0.0,0.0,0.0,6.635990616432159e-05,6.635990616432159e-05,6.635990616432159e-05,0.0,0.15815063179289418,0.7600147075321648,0.5929488488940853,0.7641908535287846,0.00012567458077069745,0.8110623011632107,0.8110623011632107,0.8110623011632107,0.0,5.479671187569302e-07,5.479671187569302e-07,5.479671187569302e-07,0.0,0.49480138629698756,0.09334431164947515,0.437233072100712,0.437233072100712,0.437233072100712,0.8579831459761916,0.24240361250710732,1.5833658842118189e-06,0.0,0.0,0.0,0.0,0.9581000313274547,0.0022322718427235325,0.027556689263769696,0.63134291158209,0.0,0.17662803032999533,0.17662803032999533,0.17662803032999533,0.0,0.46470463078988816,0.46470463078988816,0.46470463078988816
1,1380,41,0.612648244250751,0.8473933731735657,0.007864781687109908,0.0,0.32295269209572325,0.3781547703916325,0.9951923079557923,0.36807155873803227,0.7134980450581248,0.7419354991927263,0.1372549086809158,0.8588235229253769,0.3152732842216099,0.7135547246245039,0.2704386524246632,0.007864781687109908,0.0,0.16925145878000145,0.6888016428024308,0.5063935693926029,0.33055276296464803,0.011869776839011848,0.4253412950536621,1.0,0.6955311544597399,0.013836805289822906,0.002673598647531583,0.0,0.0,0.0,0.0,0.0,0.0,0.0,0.0,0.0,0.0,0.0,0.0,0.0,0.0,0.0,0.0,0.0,0.0,0.0,0.0,0.0,0.0,0.0,0.0,0.013836805289822906,0.0,0.0,0.0,9.554116857084017e-05,9.554116857084017e-05,9.554116857084017e-05,0.0,0.14700203879496992,0.9218942339895809,0.6439597662363743,0.7613608312269081,0.00024323407165888084,0.8362484624993315,0.8362484624993315,0.8362484624993315,0.0,1.0292601848864774e-06,1.0292601848864774e-06,1.0292601848864774e-06,0.0,0.39669421487603307,0.10800970873786403,0.44043081076947194,0.44043081076947194,0.44043081076947194,0.8154757696309541,0.1653464899911483,2.7363154135646413e-06,0.0,0.0,0.0,0.0,0.9426869313201015,0.002549359541012796,0.026962474210404402,0.6995984774801598,0.0,0.18283631271687753,0.18283631271687753,0.18283631271687753,0.0,0.45470691208311603,0.45470691208311603,0.45470691208311603
1,1380,41,0.48577075136027703,0.6402843796234042,0.004705739414865158,0.0,0.23068049435408786,0.23138866641697242,0.7836538580106434,0.28569090592824964,0.5633990764099819,0.5887097018384074,0.0901960805058479,0.7333333417773247,0.2438273081548899,0.555819677481747,0.4323485103320992,0.004705739414865158,0.0,0.09294631791476853,0.84277760940793,0.48623362814765525,0.32469353559251035,0.011066213610065203,0.4495197137967097,0.9335030228773994,0.6971930053612073,0.012719452650268623,0.005190717249570653,0.0,0.0,0.0,0.0,0.0,0.0,0.0,0.0,0.0,0.0,0.0,0.0,0.0,0.0,0.0,0.0,0.0,0.0,0.0,0.0,0.0,0.0,0.0,0.0,0.012719452650268623,0.0,0.0,0.0,6.014103446650645e-05,6.014103446650645e-05,6.014103446650645e-05,0.0,0.1417299275680674,0.8622208926782245,0.6342879229881899,0.7859681111799337,0.00012026625856353213,0.8375200430233282,0.8375200430233282,0.8375200430233282,0.0,6.042434423727617e-07,6.042434423727617e-07,6.042434423727617e-07,0.0,0.1674931129476584,0.010485436893203845,0.2683164291889923,0.2683164291889923,0.2683164291889923,1.0,0.22406077866131505,1.693911662360765e-06,0.0,0.0,0.0,0.0,0.935678219109794,0.0024312193726401046,0.03530039496149129,0.5813937931787867,0.0,0.15732902787399564,0.15732902787399564,0.15732902787399564,0.0,0.4624783936096804,0.4624783936096804,0.4624783936096804
0,1382,11,0.003952568936216852,0.06161137107899531,0.02248770105091698,0.0,0.3783160414195657,0.49972126045781967,0.9951923079557923,0.36874585491940925,0.03922504553082469,0.0645161309474779,0.0,0.9960784316062928,0.3663470554140357,0.05190941380978516,0.8782557383339902,0.02248770105091698,0.0,0.1421380356246746,0.9984734739928276,0.9756649606371686,1.0000000000000002,0.9967092172528853,0.9769766841232297,0.7435807567472761,0.0008434014646588085,0.9967703916856717,0.8627522158297587,0.0,0.0,0.0,0.0,0.0,0.0,0.0,0.0,0.0,0.0,0.0,0.0,0.0,0.0,0.0,0.0,0.0,0.0,0.0,0.0,0.0,0.0,0.0,0.0,0.9967703916856717,0.0,0.0,0.0,0.8486667344168106,0.8486667344168106,0.8486667344168106,0.0,0.9494748795439738,0.3195686021374381,0.2570945118948879,0.0010889426595209369,0.8229516064377786,0.1035020874006727,0.1035020874006727,0.1035020874006727,0.0,0.24835825760150512,0.24835825760150512,0.24835825760150512,0.0,0.06611570247933884,0.33100728155339804,0.6428571428066403,0.6428571428066403,0.6428571428066403,0.3601669579526622,0.00029961052029311183,0.7451810974331463,0.0,0.0,0.0,0.0,0.007639591566583205,0.9940213615619401,0.995539398375701,0.006938705068082626,0.0,0.9987872434967094,0.9987872434967094,0.9987872434967094,0.0,0.0007124027738900085,0.0007124027738900085,0.0007124027738900085
0,1382,17,0.3043478371879247,0.28483412584294476,0.0007768966755853546,0.0,0.08304497796747153,0.27854874405887453,0.3798076897606766,0.13746461756678618,0.2916385949990963,0.3185483969122757,0.211764708161354,0.282352939248085,0.09510165304643046,0.2724022393524864,0.7563688777776475,0.0007768966755853546,0.0,0.02643072397023728,0.7653787399543774,0.2505598996194043,0.15535009410580758,0.0059463678942051615,0.22117157817905359,0.5393836706007565,0.7554085975009672,0.006903096444369613,0.024689049896438914,0.0,0.0,0.0,0.0,0.0,0.0,0.0,0.0,0.0,0.0,0.0,0.0,0.0,0.0,0.0,0.0,0.0,0.0,0.0,0.0,0.0,0.0,0.0,0.0,0.006903096444369613,0.0,0.0,0.0,3.7343328659248035e-05,3.7343328659248035e-05,3.7343328659248035e-05,0.0,0.1162802342413144,0.5168627895770542,0.6878046305357426,0.8331873478714581,6.189276392747523e-05,0.8618871137452497,0.8618871137452497,0.8618871137452497,0.0,5.864906176236375e-07,5.864906176236375e-07,5.864906176236375e-07,0.0,0.28209366391184576,0.15320388349514566,0.46027907694342435,0.46027907694342435,0.46027907694342435,0.6578022717941675,0.19889993769727135,1.4112081807914243e-06,0.0,0.0,0.0,0.0,0.8466509448345929,0.0015137725946504457,0.07049518865738139,0.3612370575750198,0.0,0.11040314290130379,0.11040314290130379,0.11040314290130379,0.0,0.508671865538002,0.508671865538002,0.508671865538002
0,1382,19,0.5849802616972333,0.725118498262944,0.003332620172562026,0.0,0.20299883503159735,0.20042534215057034,0.9086538511600495,0.2563118565928949,0.6518738573822409,0.6693548583406805,0.4156862795352936,0.5098039209842682,0.20833600574121558,0.6455090923296402,0.46953724024255244,0.003332620172562026,0.0,0.07861382101270695,0.5669549066066135,0.2716960186324574,0.1708184803060288,0.005823920164079959,0.2070673332253501,0.5251377051364303,0.7516762798750931,0.006826565441660416,0.026172863223729928,0.0,0.0,0.0,0.0,0.0,0.0,0.0,0.0,0.0,0.0,0.0,0.0,0.0,0.0,0.0,0.0,0.0,0.0,0.0,0.0,0.0,0.0,0.0,0.0,0.006826565441660416,0.0,0.0,0.0,4.7554443352137215e-05,4.7554443352137215e-05,4.7554443352137215e-05,0.0,0.12303067220649971,0.49487433028078454,0.6796661119475669,0.8153047219952427,8.972234173217135e-05,0.855300025023536,0.855300025023536,0.855300025023536,0.0,9.022829721538943e-07,9.022829721538943e-07,9.022829721538943e-07,0.0,0.15112160566706023,0.09344660194174756,0.3767947430004699,0.3767947430004699,0.3767947430004699,0.708379269823724,0.1875480831142442,2.55008306720453e-06,0.0,0.0,0.0,0.0,0.8659704400406272,0.0014482731249560123,0.06270031814881269,0.46203034229183815,0.0,0.12895741772371097,0.12895741772371097,0.12895741772371097,0.0,0.4801322953861467,0.4801322953861467,0.4801322953861467
0,1382,21,0.5810276927610164,0.7203791620260981,0.0029790812795598767,0.0,0.18454439548327042,0.20861410863699248,0.8557692386737623,0.2538885408887117,0.6573737717029395,0.6814516318160215,0.450980395078659,0.4313725531101227,0.1979953930668295,0.6512886161443491,0.40788432025004345,0.0029790812795598767,0.0,0.08105783537078443,0.7436742267607579,0.24362673258802214,0.1564646102068969,0.004959133070070713,0.21177498774264347,0.48889451174111215,0.817895615099856,0.0059694182113174035,0.025185082448027238,0.0,0.0,0.0,0.0,0.0,0.0,0.0,0.0,0.0,0.0,0.0,0.0,0.0,0.0,0.0,0.0,0.0,0.0,0.0,0.0,0.0,0.0,0.0,0.0,0.0059694182113174035,0.0,0.0,0.0,2.481696310301386e-05,2.481696310301386e-05,2.481696310301386e-05,0.0,0.08878029268145349,0.50394899475542,0.7552393402228803,0.874192731948138,3.775559586211865e-05,0.8968297877835449,0.8968297877835449,0.8968297877835449,0.0,1.6089255763284343e-07,1.6089255763284343e-07,1.6089255763284343e-07,0.0,0.4701561065197428,0.11021215390147424,0.4543587336521647,0.4543587336521647,0.4543587336521647,0.7929247357582662,0.40903214859659764,4.711609115892653e-07,0.0,0.0,0.0,0.0,0.868360860128389,0.001254159557882685,0.06144881380095232,0.3995892079428894,0.0,0.08501294373490417,0.08501294373490417,0.08501294373490417,0.0,0.6526975684872008,0.6526975684872008,0.6526975684872008
0,1382,23,0.4664031635728145,0.5213270400785748,0.0013107752126645968,0.0,0.13148795190494172,0.2073053795270475,0.620192328507574,0.17954832946790442,0.4812469002594764,0.49193551403567976,0.4000000059604645,0.2901960909366607,0.15071776673064866,0.4677533820613185,0.7572445141261883,0.0013107752126645968,0.0,0.036969522383315294,0.4894519448828969,0.20876461450793798,0.1160814962640347,0.00394893929653779,0.14714853877389583,0.3688640314392263,0.7836758340932607,0.004668391165261047,0.04111953776086867,0.0,0.0,0.0,0.0,0.0,0.0,0.0,0.0,0.0,0.0,0.0,0.0,0.0,0.0,0.0,0.0,0.0,0.0,0.0,0.0,0.0,0.0,0.0,0.0,0.004668391165261047,0.0,0.0,0.0,3.188897375557176e-05,3.188897375557176e-05,3.188897375557176e-05,0.0,0.10646236211892485,0.3567419605686169,0.7077991296922921,0.84744099141603,4.887666500693959e-05,0.8716852709522356,0.8716852709522356,0.8716852709522356,0.0,3.088689600044374e-07,3.088689600044374e-07,3.088689600044374e-07,0.0,0.2022362664073894,0.08887358484227495,0.38019740317619577,0.38019740317619577,0.38019740317619577,0.7327240522902968,0.32115343187404305,9.161863200852586e-07,0.0,0.0,0.0,0.0,0.8719416048663503,0.0009660003317682458,0.06024496337138349,0.3987952598801031,0.0,0.10283310993292763,0.10283310993292763,0.10283310993292763,0.0,0.5614027014147576,0.5614027014147576,0.5614027014147576
0,1382,25,0.4189723363382126,0.40284363415742985,0.000851247509674969,0.0,0.08535178291101259,0.17546891492300842,0.47115387513712836,0.11481524567009156,0.41389707410817395,0.4354838738405716,0.3803921639919281,0.1882353127002716,0.09854052522566681,0.3968060209677747,0.6304502626179023,0.000851247509674969,0.0,0.015323940089675024,0.5927673212433306,0.17375723319267383,0.10562545248632242,0.003405577494107203,0.13312579677514597,0.32958723513191,0.811520253119294,0.0040561431435874665,0.0448463716130678,0.0,0.0,0.0,0.0,0.0,0.0,0.0,0.0,0.0,0.0,0.0,0.0,0.0,0.0,0.0,0.0,0.0,0.0,0.0,0.0,0.0,0.0,0.0,0.0,0.0040561431435874665,0.0,0.0,0.0,3.1859327116131296e-05,3.1859327116131296e-05,3.1859327116131296e-05,0.0,0.07790446926658107,0.34979033445694685,0.788594518219704,0.8787930274246525,6.99448787318373e-05,0.9090397224157898,0.9090397224157898,0.9090397224157898,0.0,3.120899056712123e-07,3.120899056712123e-07,3.120899056712123e-07,0.0,0.4511424404472534,0.20739409413108467,0.5764996466800801,0.5764996466800801,0.5764996466800801,0.6142169830176994,0.36342354670438154,1.0130365078231543e-06,0.0,0.0,0.0,0.0,0.8594109748433648,0.0008371544405806322,0.06118624926136382,0.38808156895519014,0.0,0.08132631240119398,0.08132631240119398,0.08132631240119398,0.0,0.6692651124117697,0.6692651124117697,0.6692651124117697
0,1382,27,0.33992095761387614,0.2829383913482063,0.0005401701130129757,0.0,0.0645905384191446,0.3057516265020162,0.3846153818048844,0.09845797017770594,0.3278692506560034,0.3548387173382986,0.3254902064800262,0.1725490093231201,0.06935669578019864,0.3082098732580886,0.8317121625820987,0.0005401701130129757,0.0,0.013957585875028645,0.5927673212433306,0.17375723319267383,0.10562545248632242,0.003405577494107203,0.13312579677514597,0.32958723513191,0.811520253119294,0.0040561431435874665,0.0448463716130678,0.0,0.0,0.0,0.0,0.0,0.0,0.0,0.0,0.0,0.0,0.0,0.0,0.0,0.0,0.0,0.0,0.0,0.0,0.0,0.0,0.0,0.0,0.0,0.0,0.0040561431435874665,0.0,0.0,0.0,3.1859327116131296e-05,3.1859327116131296e-05,3.1859327116131296e-05,0.0,0.07790446926658107,0.34979033445694685,0.788594518219704,0.8787930274246525,6.99448787318373e-05,0.9090397224157898,0.9090397224157898,0.9090397224157898,0.0,3.120899056712123e-07,3.120899056712123e-07,3.120899056712123e-07,0.0,0.4511424404472534,0.20739409413108467,0.5764996466800801,0.5764996466800801,0.5764996466800801,0.6142169830176994,0.36342354670438154,1.0130365078231543e-06,0.0,0.0,0.0,0.0,0.8594109748433648,0.0008371544405806322,0.06118624926136382,0.38808156895519014,0.0,0.08132631240119398,0.08132631240119398,0.08132631240119398,0.0,0.6692651124117697,0.6692651124117697,0.6692651124117697
0,1382,29,0.6395257130170254,0.7677725243945561,0.0015101610491077071,0.0,0.20299883503159735,0.159165722927217,0.8750000068505939,0.23256077583484186,0.6894655067365544,0.6935484052913624,0.5882353186607361,0.3098039031028747,0.20661939619589578,0.6828900507176119,0.661566051091407,0.0015101610491077071,0.0,0.057425484120893364,0.5861870062052092,0.12437414361732867,0.0734784018138485,0.0022652830073162517,0.09307466776569732,0.19840699778931015,0.759262580401339,0.0026020540921127145,0.07792434550762818,0.0,0.0,0.0,0.0,0.0,0.0,0.0,0.0,0.0,0.0,0.0,0.0,0.0,0.0,0.0,0.0,0.0,0.0,0.0,0.0,0.0,0.0,0.0,0.0,0.0026020540921127145,0.0,0.0,0.0,3.74298046090436e-05,3.74298046090436e-05,3.74298046090436e-05,0.0,0.10226827686946588,0.19023132479511556,0.7252240355903901,0.8407865235893754,6.816603542738684e-05,0.8786477336468124,0.8786477336468124,0.8786477336468124,0.0,1.7136623890081678e-07,1.7136623890081678e-07,1.7136623890081678e-07,0.0,0.07933884297520663,0.10087378640776701,0.34689676158158206,0.34689676158158206,0.34689676158158206,0.6834622665112857,0.31093627042842176,3.404768058383921e-07,0.0,0.0,0.0,0.0,0.8666521661680657,0.0005095820312849019,0.05678727180383661,0.42118841867696816,0.0,0.10871354357853122,0.10871354357853122,0.10871354357853122,0.0,0.5489211977154593,0.5489211977154593,0.5489211977154593
1,1383,11,0.003952568936216852,0.09478674274542834,0.02636296163027348,0.0,0.4429065798387103,0.4374955485352526,1.0,0.43120171430830456,0.043099934026610595,0.04032258399679595,0.0,1.0,0.42263984361547163,0.06611868663831368,0.8736069147240578,0.02636296163027348,0.0,0.1869470369049762,0.9971567248019839,0.9779648510399703,1.0000000000000002,0.9923317109009092,0.9785973336718379,0.7817995515280647,0.0011874659316885635,0.9923468997290801,0.8179155187918162,0.0,0.0,0.0,0.0,0.0,0.0,0.0,0.0,0.0,0.0,0.0,0.0,0.0,0.0,0.0,0.0,0.0,0.0,0.0,0.0,0.0,0.0,0.0,0.0,0.9923468997290801,0.0,0.0,0.0,0.786584402616754,0.786584402616754,0.786584402616754,0.0,0.9720699731531728,0.2841060857691493,0.1735517016584826,0.00162185676574865,0.8523130239393065,0.11288156638628928,0.11288156638628928,0.11288156638628928,0.0,0.24615998687440688,0.24615998687440688,0.24615998687440688,0.0,0.06611570247933884,0.33100728155339804,0.6428571428072414,0.6428571428072414,0.6428571428072414,0.3601669579526622,0.00030138826480724724,0.7385852098918274,0.0,0.0,0.0,0.0,0.011045089164640434,0.9874399660711953,0.9929178407278463,0.009185684152420472,0.0,0.9981259503281638,0.9981259503281638,0.9981259503281638,0.0,0.0008273065235982618,0.0008273065235982618,0.0008273065235982618
1,1383,11,0.003952568936216852,0.07109004355268686,0.02399217152871244,0.0,0.4059977007420562,0.491302007391719,1.0,0.4002822898843223,0.03838031801827531,0.04435484182190962,0.0,1.0,0.3950950950304818,0.057492732809681965,0.897961756597597,0.02399217152871244,0.0,0.1661726532711985,0.9977186470541317,0.9762202265076674,1.0000000000000002,0.995714329445618,0.9771488744680492,0.7443105400713773,0.0008559499930854576,0.995698957647743,0.8614271282301371,0.0,0.0,0.0,0.0,0.0,0.0,0.0,0.0,0.0,0.0,0.0,0.0,0.0,0.0,0.0,0.0,0.0,0.0,0.0,0.0,0.0,0.0,0.0,0.0,0.995698957647743,0.0,0.0,0.0,0.8406795001339622,0.8406795001339622,0.8406795001339622,0.0,0.9628799734858988,0.30646193749381523,0.23757564704038786,0.0011638711330554698,0.808750657535707,0.09453291663794512,0.09453291663794512,0.09453291663794512,0.0,0.19824164733948935,0.19824164733948935,0.19824164733948935,0.0,0.05289256198347106,0.22932038834951457,0.5396825395946839,0.5396825395946839,0.5396825395946839,0.4614766635595577,0.00039990979300999783,0.6344556550604719,0.0,0.0,0.0,0.0,0.008861711216590212,0.992230557892044,0.9946699458320913,0.006727274316170401,0.0,0.9986629389835823,0.9986629389835823,0.9986629389835823,0.0,0.0006780936658259129,0.0006780936658259129,0.0006780936658259129
1,1383,11,0.007905138811118435,0.0473933623684579,0.018083144687881917,0.0,0.34140716232291163,0.4888210308092777,1.0,0.34630663441421333,0.024762916182010833,0.03225806451612908,0.0,1.0,0.34350957439607455,0.0346977903063032,0.8806103944514818,0.018083144687881917,0.0,0.11976341538617331,0.9980904525646481,0.9757225329413775,1.0000000000000002,0.9966862583034868,0.9768416293088842,0.7415166177982014,0.0008266065947391587,0.9966632482818789,0.8651735932142762,0.0,0.0,0.0,0.0,0.0,0.0,0.0,0.0,0.0,0.0,0.0,0.0,0.0,0.0,0.0,0.0,0.0,0.0,0.0,0.0,0.0,0.0,0.0,0.0,0.9966632482818789,0.0,0.0,0.0,0.851150365742395,0.851150365742395,0.851150365742395,0.0,0.9278446508910045,0.3277182913803189,0.27096223831791505,0.0011381137454001579,0.8184678720409708,0.11176388452589872,0.11176388452589872,0.11176388452589872,0.0,0.331083364478663,0.331083364478663,0.331083364478663,0.0,0.0,0.28640776699029125,0.476190476123631,0.476190476123631,0.476190476123631,0.38056741490252194,0.00019987983597688128,0.8830104279198479,0.0,0.0,0.0,0.0,0.00753237098228917,0.9940322966190502,0.9956808918403464,0.007325969419118519,0.0,0.9987368987030635,0.9987368987030635,0.9987368987030635,0.0,0.0006175767852359959,0.0006175767852359959,0.0006175767852359959
1,1383,17,0.003211462260676109,0.6084123164178475,0.10499489489819924,0.0,0.7175605412376993,0.1692842016174439,1.0,1.0,0.13285669566250802,0.005040324196611934,0.0,1.0,0.9150432965828652,0.2547174145228525,0.7887599991395777,0.10499489489819924,0.0,0.9999999999999999,0.9962706954787051,1.0,1.0000000000000002,0.9497122478342058,0.9999999999999998,0.7742942618711343,0.0014324763562435184,0.9496119878162642,0.8064229644923376,0.0,0.0,0.0,0.0,0.0,0.0,0.0,0.0,0.0,0.0,0.0,0.0,0.0,0.0,0.0,0.0,0.0,0.0,0.0,0.0,0.0,0.0,0.0,0.0,0.9496119878162642,0.0,0.0,0.0,0.6998611772309258,0.6998611772309258,0.6998611772309258,0.0,0.8839510589236526,0.242730237189542,0.12350596287495286,0.0022910722543934125,0.5541429517894217,0.018377118772201263,0.018377118772201263,0.018377118772201263,0.0,0.18022456875197018,0.18022456875197018,0.18022456875197018,0.0,0.10578512396694215,0.31495145631067956,0.035714285514523915,0.035714285514523915,0.035714285514523915,0.36543214143884795,0.00042412926378215706,0.57671298340478,0.0,0.0,0.0,0.0,0.011009810005143388,0.9420943963937408,0.9893357272007257,0.009671460992243024,0.0,0.9971572234574565,0.9971572234574565,0.9971572234574565,0.0,0.0004615662758366279,0.0004615662758366279,0.0004615662758366279
1,1383,17,0.004940711170271039,0.5162914998290542,0.11740179063857249,0.0,1.0,0.15500401724692964,1.0,0.996382680122139,0.17411784661256619,0.10156249588526997,0.0,1.0,1.0,0.2728705426451507,0.716506822553532,0.11740179063857249,0.0,0.9220734106157312,0.9953225795419509,0.9921358414067505,1.0000000000000002,0.9649876021673249,0.9917193442203025,0.7132232448120249,0.0008015303515246947,0.9648569635559364,0.8841868709110144,0.0,0.0,0.0,0.0,0.0,0.0,0.0,0.0,0.0,0.0,0.0,0.0,0.0,0.0,0.0,0.0,0.0,0.0,0.0,0.0,0.0,0.0,0.0,0.0,0.9648569635559364,0.0,0.0,0.0,0.8015960873618309,0.8015960873618309,0.8015960873618309,0.0,0.840019696604632,0.2972171615622737,0.26074433412245207,0.0013140166905463487,0.47663391098857105,0.0,0.0,0.0,0.0,0.9309894175206919,0.9309894175206919,0.9309894175206919,0.0,0.0,0.9999999999999999,1.9823454768551995e-11,1.9823454768551995e-11,1.9823454768551995e-11,0.0,3.6196994207907004e-06,0.0,0.0,0.0,0.0,0.0,0.005483625209121067,0.9606960523562744,0.9936607324185698,0.004946644986833247,0.0,0.9983333049909481,0.9983333049909481,0.9983333049909481,0.0,0.00020613384967382853,0.00020613384967382853,0.00020613384967382853
1,1383,17,0.006916995638379414,0.4029324953612332,0.08290444596986357,0.0,0.8523645099095505,0.12417349153878321,0.9615384636463367,0.7958768030036474,0.14855470254688474,0.12323588935613511,0.0,0.9686274528503418,0.8351938207595075,0.20940344385580117,0.6483354226954028,0.08290444596986357,0.0,0.5586000252681774,0.995850266857319,0.9876418050439169,1.0000000000000002,0.9737043499556127,0.9875332715471636,0.7429976672616714,0.0009934127866675748,0.9736121102658686,0.852534052371398,0.0,0.0,0.0,0.0,0.0,0.0,0.0,0.0,0.0,0.0,0.0,0.0,0.0,0.0,0.0,0.0,0.0,0.0,0.0,0.0,0.0,0.0,0.0,0.0,0.9736121102658686,0.0,0.0,0.0,0.7837518779505774,0.7837518779505774,0.7837518779505774,0.0,0.9034041644099302,0.2735516324963122,0.19992145667895717,0.0015997673378583752,0.5825209439310937,0.022258224981568247,0.022258224981568247,0.022258224981568247,0.0,0.18949492186132308,0.18949492186132308,0.18949492186132308,0.0,0.31735537190082647,0.6574757281553398,0.05714285694517926,0.05714285694517926,0.05714285694517926,0.17334309719742808,0.00041123085507670487,0.6064188598727717,0.0,0.0,0.0,0.0,0.007505361178795904,0.9686360092630851,0.9927090253146957,0.006884446965635158,0.0,0.998022260791155,0.998022260791155,0.998022260791155,0.0,0.0003185713203236601,0.0003185713203236601,0.0003185713203236601
1,1383,19,0.5652174170161491,0.6255924372891822,0.004978434933411398,0.0,0.13840829661245277,0.1521125351541499,0.6971154012149008,0.16254381537601384,0.6012303295737013,0.6250000222644303,0.4901960790157318,0.2627451121807098,0.14518622794581718,0.5904988816878998,0.42698613502143845,0.004978434933411398,0.0,0.02869892424998382,0.6052416128275881,0.5248709598946978,0.3192885337268146,0.010515198824501791,0.41703945161648703,0.8692731918830695,0.6845654200833469,0.012122510829136882,0.008743022867606531,0.0,0.0,0.0,0.0,0.0,0.0,0.0,0.0,0.0,0.0,0.0,0.0,0.0,0.0,0.0,0.0,0.0,0.0,0.0,0.0,0.0,0.0,0.0,0.0,0.012122510829136882,0.0,0.0,0.0,6.635990616432159e-05,6.635990616432159e-05,6.635990616432159e-05,0.0,0.15815063179289418,0.7600147075321648,0.5929488488940853,0.7641908535287846,0.00012567458077069745,0.8110623011632107,0.8110623011632107,0.8110623011632107,0.0,5.479671187569302e-07,5.479671187569302e-07,5.479671187569302e-07,0.0,0.49480138629698756,0.09334431164947515,0.437233072100712,0.437233072100712,0.437233072100712,0.8579831459761916,0.24240361250710732,1.5833658842118189e-06,0.0,0.0,0.0,0.0,0.9581000313274547,0.0022322718427235325,0.027556689263769696,0.63134291158209,0.0,0.17662803032999533,0.17662803032999533,0.17662803032999533,0.0,0.46470463078988816,0.46470463078988816,0.46470463078988816
1,1383,19,0.6521739336129193,0.815165886763014,0.0024465673920770533,0.0,0.23068049435408786,0.1424792773128067,0.9086538511600495,0.2724863903992525,0.708282111742441,0.697580663116476,0.5686274766921997,0.356862723827362,0.24925990255976813,0.7031591482955303,0.6695758059743215,0.0024465673920770533,0.0,0.07479750690987184,0.7279288551103997,0.14935193659033846,0.09446553182624605,0.003612208038693483,0.12801925618812682,0.31631073363050705,0.7432210387018529,0.004178592747922183,0.05249311404545183,0.0,0.0,0.0,0.0,0.0,0.0,0.0,0.0,0.0,0.0,0.0,0.0,0.0,0.0,0.0,0.0,0.0,0.0,0.0,0.0,0.0,0.0,0.0,0.0,0.004178592747922183,0.0,0.0,0.0,4.245646849084775e-05,4.245646849084775e-05,4.245646849084775e-05,0.0,0.12408551217636926,0.28852744956514254,0.668529980861591,0.816970716479388,7.106261460965564e-05,0.8488434259391395,0.8488434259391395,0.8488434259391395,0.0,4.741860610604167e-07,4.741860610604167e-07,4.741860610604167e-07,0.0,0.07933884297520663,0.10087378640776701,0.3516907523991361,0.3516907523991361,0.3516907523991361,0.6834622665112857,0.20825460933774928,1.0495998670124877e-06,0.0,0.0,0.0,0.0,0.8875556543716149,0.0008207889189489061,0.050404486706668944,0.42611556436621767,0.0,0.125641143955347,0.125641143955347,0.125641143955347,0.0,0.4936169095599379,0.4936169095599379,0.4936169095599379
1,1383,21,0.6521739336129193,0.8104265505261683,0.002178623172214368,0.0,0.26758937345074196,0.13997665931214104,0.932692311381089,0.2806139988280654,0.7062822899082517,0.6935484052913624,0.6117647290229797,0.3333333134651184,0.27242987057107737,0.7011223839179106,0.6794172514210544,0.002178623172214368,0.0,0.07508768057443661,0.5963665696752862,0.150188183099648,0.09326580341453684,0.0032295588820522242,0.11469156033357909,0.27751329860083546,0.7347935318799483,0.0037041005311251583,0.060565241287901125,0.0,0.0,0.0,0.0,0.0,0.0,0.0,0.0,0.0,0.0,0.0,0.0,0.0,0.0,0.0,0.0,0.0,0.0,0.0,0.0,0.0,0.0,0.0,0.0,0.0037041005311251583,0.0,0.0,0.0,4.611294726866426e-05,4.611294726866426e-05,4.611294726866426e-05,0.0,0.11612795361618677,0.24815003182153628,0.652659986306453,0.8176220662428065,8.429987482713998e-05,0.8414368630551339,0.8414368630551339,0.8414368630551339,0.0,1.8773846172525077e-07,1.8773846172525077e-07,1.8773846172525077e-07,0.0,0.17630853994490353,0.09611650485436887,0.4033680597380562,0.4033680597380562,0.4033680597380562,0.7522482053560335,0.3469101516245453,4.863689863060788e-07,0.0,0.0,0.0,0.0,0.89275018647664,0.0007420647895570306,0.055996318975142984,0.43511656086753897,0.0,0.12571334579898022,0.12571334579898022,0.12571334579898022,0.0,0.535701794932454,0.535701794932454,0.535701794932454
1,1383,21,0.5533597102074986,0.6966824808418691,0.002300592920533081,0.0,0.18454439548327042,0.2116182593792946,0.8798076988948018,0.2525926751179406,0.6255346480810129,0.6411290535648849,0.4274509847164154,0.4745098054409027,0.19923348460118623,0.6186269822818463,0.4895941598001778,0.002300592920533081,0.0,0.08053402633883909,0.8915699416475833,0.20189464548620822,0.13648806970645488,0.004201487739921021,0.1948936337913168,0.3874260913365449,0.773487279596054,0.005005127577181516,0.039380787875230014,0.0,0.0,0.0,0.0,0.0,0.0,0.0,0.0,0.0,0.0,0.0,0.0,0.0,0.0,0.0,0.0,0.0,0.0,0.0,0.0,0.0,0.0,0.0,0.0,0.005005127577181516,0.0,0.0,0.0,4.100810594775453e-05,4.100810594775453e-05,4.100810594775453e-05,0.0,0.11313593362812074,0.35906728504767293,0.6743372677997745,0.8264112512951254,7.153832870399019e-05,0.8497871319692923,0.8497871319692923,0.8497871319692923,0.0,2.3398595777760117e-07,2.3398595777760117e-07,2.3398595777760117e-07,0.0,0.40365376250543716,0.157921630852809,0.4920174628382611,0.4920174628382611,0.4920174628382611,0.6914020549304645,0.33736580764246504,6.525463845774302e-07,0.0,0.0,0.0,0.0,0.9259610112395337,0.0009494626695359537,0.04111645152495827,0.5378158532798702,0.0,0.1256136814102202,0.1256136814102202,0.1256136814102202,0.0,0.584364429297554,0.584364429297554,0.584364429297554
1,1383,23,0.41106719846577905,0.47393367771011685,0.0010381899396524135,0.0,0.15455593121723885,0.20706314157933423,0.5817307921539107,0.21090435463001106,0.4281920769467917,0.4375000027531285,0.3882353007793426,0.2705882489681244,0.17169554203571463,0.4144640482701191,0.7863599655354606,0.0010381899396524135,0.0,0.05067870366849769,0.5489440378709876,0.20535141249303923,0.1171756827627506,0.003834144549545413,0.1525154403905284,0.36518918276673107,0.7978008403483936,0.00457655396201001,0.0405898997372785,0.0,0.0,0.0,0.0,0.0,0.0,0.0,0.0,0.0,0.0,0.0,0.0,0.0,0.0,0.0,0.0,0.0,0.0,0.0,0.0,0.0,0.0,0.0,0.0,0.00457655396201001,0.0,0.0,0.0,3.0591702977355965e-05,3.0591702977355965e-05,3.0591702977355965e-05,0.0,0.10385879599493136,0.3499700976674811,0.7056723832643077,0.8513101692975142,4.598001830672846e-05,0.8683853077277176,0.8683853077277176,0.8683853077277176,0.0,3.214105909340406e-07,3.214105909340406e-07,3.214105909340406e-07,0.0,0.1322314049586777,0.08252427184466013,0.33413564513435273,0.33413564513435273,0.33413564513435273,0.7426808848668346,0.2691581009271531,8.040198745229343e-07,0.0,0.0,0.0,0.0,0.8689702758800052,0.0009342803342079875,0.057501002127478135,0.39865061234998445,0.0,0.10019791742444653,0.10019791742444653,0.10019791742444653,0.0,0.557653426731974,0.557653426731974,0.557653426731974
1,1383,23,0.34387352655009296,0.3644549746219542,0.0006497716996533942,0.0,0.11764705212058477,0.21084235320326733,0.5000000274023759,0.16125624702887087,0.35991714830043464,0.38709677993920777,0.3137255012989044,0.2784313857555389,0.12846790610721207,0.342899233358391,0.6577750354660472,0.0006497716996533942,0.0,0.03200690287582892,0.7356231200893439,0.188803808444572,0.1171756827627506,0.003352006612177427,0.1630347341695722,0.32520853518730375,0.8136065447374864,0.004025530742503789,0.0453861346029808,0.0,0.0,0.0,0.0,0.0,0.0,0.0,0.0,0.0,0.0,0.0,0.0,0.0,0.0,0.0,0.0,0.0,0.0,0.0,0.0,0.0,0.0,0.0,0.0,0.004025530742503789,0.0,0.0,0.0,2.3142996811365387e-05,2.3142996811365387e-05,2.3142996811365387e-05,0.0,0.08477849296697487,0.33631040105893095,0.7579736211433161,0.8800597959549148,3.5055996876474424e-05,0.8961583825241679,0.8961583825241679,0.8961583825241679,0.0,7.383576960074387e-08,7.383576960074387e-08,7.383576960074387e-08,0.0,0.6758494031221304,0.17188061848256014,0.5475652767443019,0.5475652767443019,0.5475652767443019,0.7168436317156976,0.5810841746164876,2.4209000531260236e-07,0.0,0.0,0.0,0.0,0.8959507411342672,0.0007691256625889951,0.04527222570613271,0.45047272154542434,0.0,0.08420699363137271,0.08420699363137271,0.08420699363137271,0.0,0.7552474437023882,0.7552474437023882,0.7552474437023882
1,1383,25,0.30395258029430305,0.2943127983166365,0.0004672717558175665,0.0,0.14763551638661637,0.13557022187218598,0.350961537495429,0.1635409918023869,0.29981913207925337,0.3185483969122757,0.2627451121807098,0.2078431248664856,0.15305398224135608,0.2807287460689624,0.6572179089997756,0.0004672717558175665,0.0,0.0260096641426799,0.7617516166938847,0.13673922787188209,0.08624311451651072,0.00347445434230263,0.12052725507297661,0.34198281023399385,0.8230291442261102,0.004147980346838503,0.04211016439154511,0.0,0.0,0.0,0.0,0.0,0.0,0.0,0.0,0.0,0.0,0.0,0.0,0.0,0.0,0.0,0.0,0.0,0.0,0.0,0.0,0.0,0.0,0.0,0.0,0.004147980346838503,0.0,0.0,0.0,2.636458285502868e-05,2.636458285502868e-05,2.636458285502868e-05,0.0,0.08082410338169116,0.35160128635863974,0.7691311184095573,0.8795837239339609,4.71854069380037e-05,0.8960869314587268,0.8960869314587268,0.8960869314587268,0.0,3.1920430214397865e-07,3.1920430214397865e-07,3.1920430214397865e-07,0.0,0.1322314049586777,0.08252427184466013,0.3799305399956504,0.3799305399956504,0.3799305399956504,0.7426808848668346,0.29347813695742114,8.818559833746426e-07,0.0,0.0,0.0,0.0,0.8035258084564318,0.0010003951508363107,0.09737944484410008,0.30384491988267476,0.0,0.07581099563107344,0.07581099563107344,0.07581099563107344,0.0,0.5755454350736717,0.5755454350736717,0.5755454350736717
1,1383,25,0.4956521797084019,0.6189573665575981,0.000977318327425357,0.0,0.18454439548327042,0.15503274283775131,0.7163461693917325,0.22951540224774725,0.5604444626049945,0.5846774440132938,0.4823529422283172,0.2862745225429535,0.19406760662381742,0.5504516958323479,0.5885518499031841,0.000977318327425357,0.0,0.05743278413397733,0.40377916984541407,0.20917536775923995,0.11736950015337504,0.0021964061591208256,0.13588915452517725,0.19026491160860448,0.7539893286766097,0.002510216888861678,0.08100272747478703,0.0,0.0,0.0,0.0,0.0,0.0,0.0,0.0,0.0,0.0,0.0,0.0,0.0,0.0,0.0,0.0,0.0,0.0,0.0,0.0,0.0,0.0,0.0,0.0,0.002510216888861678,0.0,0.0,0.0,3.788537472582144e-05,3.788537472582144e-05,3.788537472582144e-05,0.0,0.09910846862333061,0.19978676270788576,0.7841567614903293,0.8521779594106028,7.835847309171706e-05,0.91218611368939,0.91218611368939,0.91218611368939,0.0,1.0318634385156601e-07,1.0318634385156601e-07,1.0318634385156601e-07,0.0,0.28209366391184576,0.15320388349514566,0.500811074695938,0.500811074695938,0.500811074695938,0.6578022717941675,0.4802438866588492,3.0517579747126164e-07,0.0,0.0,0.0,0.0,0.9086981748484948,0.00042032655384070306,0.029924037973137474,0.483406260962466,0.0,0.10464272879226436,0.10464272879226436,0.10464272879226436,0.0,0.6824062514732916,0.6824062514732916,0.6824062514732916
1,1383,27,0.34387352655009296,0.35071089953510126,0.0005161749913429307,0.0,0.14763551638661637,0.19516008588671363,0.4759615671813363,0.16723092079517643,0.34602487111345553,0.3669354908136396,0.3294117748737335,0.2431372702121734,0.15036148607009583,0.32851564467999544,0.7356766862691531,0.0005161749913429307,0.0,0.030451249888332182,0.31971036332218716,0.17118204436866025,0.09446553182624605,0.00303058132059877,0.09916707897364717,0.2668536442454002,0.7520483276644149,0.0034898137235394055,0.06121730499828419,0.0,0.0,0.0,0.0,0.0,0.0,0.0,0.0,0.0,0.0,0.0,0.0,0.0,0.0,0.0,0.0,0.0,0.0,0.0,0.0,0.0,0.0,0.0,0.0,0.0034898137235394055,0.0,0.0,0.0,3.2159671036051623e-05,3.2159671036051623e-05,3.2159671036051623e-05,0.0,0.10013750748656786,0.26128570360934456,0.7092362543610098,0.850526921104022,5.2449444017912274e-05,0.8676628578934571,0.8676628578934571,0.8676628578934571,0.0,2.2387178268676818e-07,2.2387178268676818e-07,2.2387178268676818e-07,0.0,0.1866796305298979,0.08146605301172435,0.33651864446712176,0.33651864446712176,0.33651864446712176,0.7341345716069237,0.41379939141978855,7.285370567472151e-07,0.0,0.0,0.0,0.0,0.8723952246763632,0.0007086415221024217,0.05957179568543999,0.4020652259160607,0.0,0.10093119612625953,0.10093119612625953,0.10093119612625953,0.0,0.5667807426285488,0.5667807426285488,0.5667807426285488
1,1383,27,0.28063242357062373,0.2132701486665732,0.00031441374607993935,0.0,0.0645905384191446,0.2014800851018259,0.27403846478810223,0.08850956150185492,0.25909834761776396,0.29435484996159383,0.2549019753932953,0.1529411673545837,0.07009990760706047,0.23701873500835852,0.5872768809061589,0.00031441374607993935,0.0,0.00954113107185412,0.583468371761817,0.17725495704104882,0.10719946300811543,0.003352006612177427,0.13480507565581684,0.27317127211585324,0.7016090241901448,0.0038724687370853927,0.06466272938690236,0.0,0.0,0.0,0.0,0.0,0.0,0.0,0.0,0.0,0.0,0.0,0.0,0.0,0.0,0.0,0.0,0.0,0.0,0.0,0.0,0.0,0.0,0.0,0.0,0.0038724687370853927,0.0,0.0,0.0,6.873609979162725e-05,6.873609979162725e-05,6.873609979162725e-05,0.0,0.13704551644492846,0.2409036379656097,0.6464126708927236,0.7757539650283717,0.0001452067157149057,0.8390405481322203,0.8390405481322203,0.8390405481322203,0.0,2.740442055730685e-07,2.740442055730685e-07,2.740442055730685e-07,0.0,0.34224598930481287,0.1555413713172304,0.5147834727433989,0.5147834727433989,0.5147834727433989,0.6756362620634818,0.37836284756222693,8.839936260676252e-07,0.0,0.0,0.0,0.0,0.9849170857686241,0.0006396821167256553,0.01893158659858013,0.7103676359634682,0.0,0.17259051754539886,0.17259051754539886,0.17259051754539886,0.0,0.5599467484604181,0.5599467484604181,0.5599467484604181
1,1383,29,0.5375494344626314,0.6976303480892383,0.0018147261169179504,0.0,0.21222605480576096,0.1968332842064938,0.9375000034252969,0.2886512537128749,0.6292491103321858,0.6572580848653395,0.4274509847164154,0.52156862616539,0.23559464785807083,0.6236387306690532,0.47689190851403696,0.0018147261169179504,0.0,0.10071829212617082,0.7070163840077961,0.11772593504169364,0.0734784018138485,0.0034285364435056786,0.09881386329059254,0.26777124410434355,0.6762648240802747,0.0038265501354598744,0.06845377157522116,0.0,0.0,0.0,0.0,0.0,0.0,0.0,0.0,0.0,0.0,0.0,0.0,0.0,0.0,0.0,0.0,0.0,0.0,0.0,0.0,0.0,0.0,0.0,0.0,0.0038265501354598744,0.0,0.0,0.0,6.38683493870477e-05,6.38683493870477e-05,6.38683493870477e-05,0.0,0.1359340813181203,0.25933251360588366,0.6995537774200311,0.7875136446865105,0.00013696847050637692,0.8752298284347101,0.8752298284347101,0.8752298284347101,0.0,4.6573864928392217e-07,4.6573864928392217e-07,4.6573864928392217e-07,0.0,0.026446280991735543,0.05805825242718449,0.1552069875531879,0.1552069875531879,0.1552069875531879,0.7496102299216874,0.22483641955923137,1.1452112288323754e-06,0.0,0.0,0.0,0.0,0.921976797563453,0.0006732921182170312,0.030301255508550146,0.6332297017873241,0.0,0.1592646011907123,0.1592646011907123,0.1592646011907123,0.0,0.4591820985429252,0.4591820985429252,0.4591820985429252
1,1383,29,0.4980237451004631,0.5924170836312617,0.0012968056495933722,0.0,0.21222605480576096,0.15238462130721028,0.6923077091706928,0.22839814230561803,0.5375678627967162,0.5483871235872709,0.4588235318660736,0.2901960909366607,0.2085068735602246,0.5267445981791791,0.6513756550051611,0.0012968056495933722,0.0,0.05376493380517207,0.4992807743337342,0.18075483749264498,0.10562545248632242,0.0030688462362628956,0.1273623019170924,0.3056770113270618,0.834090541752067,0.0037041005311251583,0.047101037668545606,0.0,0.0,0.0,0.0,0.0,0.0,0.0,0.0,0.0,0.0,0.0,0.0,0.0,0.0,0.0,0.0,0.0,0.0,0.0,0.0,0.0,0.0,0.0,0.0,0.0037041005311251583,0.0,0.0,0.0,2.8703342146544738e-05,2.8703342146544738e-05,2.8703342146544738e-05,0.0,0.08210096881079076,0.30784769326550887,0.759711510704469,0.8758622670401821,5.3907082277449384e-05,0.8908534588502571,0.8908534588502571,0.8908534588502571,0.0,1.5005373550495186e-07,1.5005373550495186e-07,1.5005373550495186e-07,0.0,0.3479773814702044,0.13420111341204308,0.43963978216631583,0.43963978216631583,0.43963978216631583,0.6772555122051499,0.4394460429474983,4.593731532966897e-07,0.0,0.0,0.0,0.0,0.8366001338345258,0.0008410939082020693,0.08359057429046765,0.3463995606150612,0.0,0.08076273012053103,0.08076273012053103,0.08076273012053103,0.0,0.6229796335689557,0.6229796335689557,0.6229796335689557
1,1383,31,0.6723320351876252,0.7393365069734813,0.002282186966085297,0.0,0.11995385706412559,0.26391091063521904,0.8076923182316831,0.15298088640966945,0.7107794169782021,0.7278225968048285,0.529411792755127,0.313725471496582,0.11718833414005418,0.7033352541851796,0.32557300478867635,0.002282186966085297,0.0,0.03043429403635385,0.8151593391584238,0.13965674341550594,0.09326580341453684,0.00326782379771635,0.1285268887834577,0.31315191969528045,0.8056146451010177,0.0038724687370853927,0.04796886622814722,0.0,0.0,0.0,0.0,0.0,0.0,0.0,0.0,0.0,0.0,0.0,0.0,0.0,0.0,0.0,0.0,0.0,0.0,0.0,0.0,0.0,0.0,0.0,0.0,0.0038724687370853927,0.0,0.0,0.0,2.895835152443775e-05,2.895835152443775e-05,2.895835152443775e-05,0.0,0.07934021646096545,0.3399462595079771,0.8009785382638561,0.8806915696128587,5.830379075413404e-05,0.9147747793793474,0.9147747793793474,0.9147747793793474,0.0,2.1983355646886187e-07,2.1983355646886187e-07,2.1983355646886187e-07,0.0,0.1322314049586777,0.0634101941747573,0.32534893144120347,0.32534893144120347,0.32534893144120347,0.7803617422307675,0.3561003600093595,6.31507287355606e-07,0.0,0.0,0.0,0.0,0.8670302882302491,0.000821270393528379,0.06762464353053219,0.41683784520277894,0.0,0.08179997035477396,0.08179997035477396,0.08179997035477396,0.0,0.6172921005497574,0.6172921005497574,0.6172921005497574
1,1383,31,0.6490118784639458,0.771563993384033,0.0023592267701864093,0.0,0.1245674669512075,0.2291793953965759,0.9230769272926733,0.20424650880166392,0.7018864130126152,0.709677436591817,0.572549045085907,0.3647058606147766,0.1417538134338733,0.6957085252639843,0.6555874933439937,0.0023592267701864093,0.0,0.058483854966440076,0.258576455407294,0.18594640285087233,0.10562545248632242,0.003543331190498056,0.10145212535809843,0.3170664490065981,0.7576823493068044,0.004102061745212986,0.05113735218254893,0.0,0.0,0.0,0.0,0.0,0.0,0.0,0.0,0.0,0.0,0.0,0.0,0.0,0.0,0.0,0.0,0.0,0.0,0.0,0.0,0.0,0.0,0.0,0.0,0.004102061745212986,0.0,0.0,0.0,3.686641169054202e-05,3.686641169054202e-05,3.686641169054202e-05,0.0,0.11170639781594627,0.31241050494756234,0.7248596942548369,0.839494936720385,6.441640563166858e-05,0.8858827927080126,0.8858827927080126,0.8858827927080126,0.0,4.3007031384458847e-07,4.3007031384458847e-07,4.3007031384458847e-07,0.0,0.34002361275088555,0.20266990291262132,0.5512827767888123,0.5512827767888123,0.5512827767888123,0.566633633944292,0.2963469732225083,1.3342425431237732e-06,0.0,0.0,0.0,0.0,0.8895908964487164,0.0008082310364336883,0.05126560607372785,0.42773845811264566,0.0,0.10999064402088268,0.10999064402088268,0.10999064402088268,0.0,0.5800582088430632,0.5800582088430632,0.5800582088430632
1,1383,33,0.5849802616972333,0.6469194503549883,0.0018231487797760076,0.0,0.14763551638661637,0.2651429768270066,0.817307702320099,0.18487785626939066,0.6139214597444639,0.6250000222644303,0.5215686559677124,0.3294117450714111,0.15026469622846106,0.6043541066699947,0.7688862127182469,0.0018231487797760076,0.0,0.04171331989954095,0.9760982007761034,0.14962501194005456,0.1031439795126876,0.003367312578443077,0.15468996808504293,0.34088813524784217,0.8439339445893785,0.004086755544671146,0.040805170739143026,0.0,0.0,0.0,0.0,0.0,0.0,0.0,0.0,0.0,0.0,0.0,0.0,0.0,0.0,0.0,0.0,0.0,0.0,0.0,0.0,0.0,0.0,0.0,0.0,0.004086755544671146,0.0,0.0,0.0,2.9193093696606493e-05,2.9193093696606493e-05,2.9193093696606493e-05,0.0,0.07960237358415623,0.35881605486969126,0.7994794496397399,0.8809565635638295,5.958070679941361e-05,0.9145034377201063,0.9145034377201063,0.9145034377201063,0.0,2.539516397469968e-07,2.539516397469968e-07,2.539516397469968e-07,0.0,0.18890200708382526,0.1152912621359223,0.414919889072525,0.414919889072525,0.414919889072525,0.7150742509108637,0.2973157523534207,6.325664526193433e-07,0.0,0.0,0.0,0.0,0.8540832775597579,0.0008542674186326888,0.0638637820069429,0.38145031449826816,0.0,0.07952710317464085,0.07952710317464085,0.07952710317464085,0.0,0.6266239570967361,0.6266239570967361,0.6266239570967361
1,1383,33,0.47826087038146503,0.6018957561049533,0.0008805813706171328,0.0,0.24221451907179228,0.16149718927759985,0.6778846330380691,0.2819660015879319,0.5612418554928228,0.6028226042263053,0.3764705955982208,0.3607843220233917,0.254389087160867,0.5528537898300013,0.3144151828498245,0.0008805813706171328,0.0,0.0814065584874452,0.6191590494860812,0.08857541149915284,0.055156061519768526,0.0018596749012765176,0.06715307326948881,0.17625862678310045,0.8150652609451081,0.0022193990785667273,0.07954294219467582,0.0,0.0,0.0,0.0,0.0,0.0,0.0,0.0,0.0,0.0,0.0,0.0,0.0,0.0,0.0,0.0,0.0,0.0,0.0,0.0,0.0,0.0,0.0,0.0,0.0022193990785667273,0.0,0.0,0.0,3.11535104949476e-05,3.11535104949476e-05,3.11535104949476e-05,0.0,0.09153964583543062,0.16544591251069957,0.7334111353314168,0.8597196026887356,5.3057266838203684e-05,0.8756042412552647,0.8756042412552647,0.8756042412552647,0.0,2.2604431512724946e-07,2.2604431512724946e-07,2.2604431512724946e-07,0.0,0.4628099173553719,0.33100728155339804,0.6920304812115621,0.6920304812115621,0.6920304812115621,0.46757806021737996,0.4238557569093921,7.480543409029048e-07,0.0,0.0,0.0,0.0,0.8763290220655605,0.00043539707500485423,0.05998898985683157,0.42233111074445767,0.0,0.09594451414896074,0.09594451414896074,0.09594451414896074,0.0,0.7132609449419319,0.7132609449419319,0.7132609449419319
1,1383,35,0.28458499250684055,0.24644550232449378,0.00038759566301466153,0.0,0.10149941751579868,0.19962501251251724,0.33173076931859735,0.12637002545833284,0.2740750759430418,0.3064516234369347,0.2235294133424759,0.2313725501298904,0.10851265496999124,0.25351501969339313,0.6000164156339575,0.00038759566301466153,0.0,0.018726066737018945,0.5041440071187042,0.15875598996114687,0.09446553182624605,0.0035127192579667557,0.1113207612837286,0.3129381711084481,0.7550524160979628,0.004147980346838503,0.05207109388233451,0.0,0.0,0.0,0.0,0.0,0.0,0.0,0.0,0.0,0.0,0.0,0.0,0.0,0.0,0.0,0.0,0.0,0.0,0.0,0.0,0.0,0.0,0.0,0.0,0.004147980346838503,0.0,0.0,0.0,5.067208043499756e-05,5.067208043499756e-05,5.067208043499756e-05,0.0,0.12855728950825174,0.2856057375918105,0.6772866062652381,0.806573616345487,9.587755267393821e-05,0.8527437387772844,0.8527437387772844,0.8527437387772844,0.0,3.2557245387893e-07,3.2557245387893e-07,3.2557245387893e-07,0.0,0.0440771349862259,0.048543689320388356,0.2102438645750632,0.2102438645750632,0.2102438645750632,0.7807529237388129,0.2515384829868571,7.415791434168162e-07,0.0,0.0,0.0,0.0,0.9200038241922397,0.0007474579434466458,0.033492354410106256,0.6164835393619014,0.0,0.14437593474958707,0.14437593474958707,0.14437593474958707,0.0,0.49846387399042086,0.49846387399042086,0.49846387399042086
1,1383,37,0.6047431063783174,0.725118498262944,0.00268103518968002,0.0,0.18454439548327042,0.2794548406771549,1.0,0.24658530021200223,0.676353404484024,0.6895161474662488,0.5254902243614197,0.4745097756385803,0.19507517532799384,0.6707182323910137,0.7049306700760091,0.00268103518968002,0.0,0.08052608049012062,0.639209309993986,0.18173663217623165,0.1031439795126876,0.004446383200171427,0.1451574973702333,0.3670136410769837,0.7004105128097508,0.005051046178807035,0.04812454400094586,0.0,0.0,0.0,0.0,0.0,0.0,0.0,0.0,0.0,0.0,0.0,0.0,0.0,0.0,0.0,0.0,0.0,0.0,0.0,0.0,0.0,0.0,0.0,0.0,0.005051046178807035,0.0,0.0,0.0,6.260547918034527e-05,6.260547918034527e-05,6.260547918034527e-05,0.0,0.1417068359798726,0.3320782750875137,0.6573083450161883,0.7828183159652307,0.0001255016528410798,0.8504533659416565,0.8504533659416565,0.8504533659416565,0.0,7.525645491464751e-07,7.525645491464751e-07,7.525645491464751e-07,0.0,0.15426997245179064,0.12287621359223294,0.4313201033616263,0.4313201033616263,0.4313201033616263,0.6606972710879256,0.2113036929988364,2.1894163981802483e-06,0.0,0.0,0.0,0.0,0.9387223991570204,0.000914007230608329,0.031639793616446976,0.5360424927977916,0.0,0.1569708470966605,0.1569708470966605,0.1569708470966605,0.0,0.4674822475069755,0.4674822475069755,0.4674822475069755
1,1383,37,0.5533597102074986,0.650710919344465,0.002032587553343025,0.0,0.19377161525743378,0.24930160048975814,0.9230769272926733,0.2385019657591394,0.6132046487641336,0.6411290535648849,0.3960784375667572,0.5411764681339264,0.20166795052898948,0.6051487378074082,0.47588561206324076,0.002032587553343025,0.0,0.06669975263625065,0.9204527232198847,0.12336101282212496,0.0854485161291214,0.003971898245936266,0.12367421216216927,0.3467523338926407,0.738657797111423,0.00457655396201001,0.04790046643614447,0.0,0.0,0.0,0.0,0.0,0.0,0.0,0.0,0.0,0.0,0.0,0.0,0.0,0.0,0.0,0.0,0.0,0.0,0.0,0.0,0.0,0.0,0.0,0.0,0.00457655396201001,0.0,0.0,0.0,4.261383298922571e-05,4.261383298922571e-05,4.261383298922571e-05,0.0,0.12124352162225577,0.3127154743986397,0.651883259984948,0.8183442945921131,7.162158238246152e-05,0.8356065448856894,0.8356065448856894,0.8356065448856894,0.0,9.24613288998763e-07,9.24613288998763e-07,9.24613288998763e-07,0.0,0.03305785123966942,0.09685983009708737,0.3226790483395991,0.3226790483395991,0.3226790483395991,0.6603060895798804,0.15376201159986166,2.0918203493236607e-06,0.0,0.0,0.0,0.0,0.8632191078819779,0.0009837902217790107,0.06897031299549436,0.3930852243351256,0.0,0.12270593774328473,0.12270593774328473,0.12270593774328473,0.0,0.46948935922444995,0.46948935922444995,0.46948935922444995
1,1383,39,0.683794485102654,0.8009478780524766,0.0032514915233968376,0.0,0.21222605480576096,0.15431065755452048,0.9230769272926733,0.22455960266398026,0.7461936478550614,0.7620967883182945,0.6000000238418579,0.3372548818588257,0.2028403284812094,0.7409612375927167,0.5015370667119872,0.0032514915233968376,0.0,0.05311590848470629,0.7070912525324691,0.2189877003204797,0.1346207818107456,0.004484648115835553,0.18521196981988325,0.35824105054341515,0.6803881514116222,0.005127577181516232,0.051259691325787296,0.0,0.0,0.0,0.0,0.0,0.0,0.0,0.0,0.0,0.0,0.0,0.0,0.0,0.0,0.0,0.0,0.0,0.0,0.0,0.0,0.0,0.0,0.0,0.0,0.005127577181516232,0.0,0.0,0.0,7.544342814040987e-05,7.544342814040987e-05,7.544342814040987e-05,0.0,0.14449990245158556,0.3145808467554324,0.6222466691462378,0.7685098523151983,0.00016894388303841364,0.8288410421263964,0.8288410421263964,0.8288410421263964,0.0,4.511448289387502e-07,4.511448289387502e-07,4.511448289387502e-07,0.0,0.37024793388429755,0.20077669902912615,0.5585205074353947,0.5585205074353947,0.5585205074353947,0.6235190283518365,0.26062167007673853,1.2867346013576408e-06,0.0,0.0,0.0,0.0,0.955409799099976,0.0009047647471657177,0.026619713131529887,0.6811347263896828,0.0,0.17630869119843698,0.17630869119843698,0.17630869119843698,0.0,0.5188263336268757,0.5188263336268757,0.5188263336268757
1,1383,39,0.3636363712311771,0.3886255894298676,0.0010254348364194287,0.0,0.14763551638661637,0.14866890122601925,0.4615384910487125,0.17938618737196127,0.39415392854818476,0.431451616015458,0.3019607961177826,0.2588235437870025,0.1577341941869559,0.37832701685326314,0.4373856518478377,0.0010254348364194287,0.0,0.0357713754400355,0.8603009161637059,0.18020699245363642,0.1168845596179532,0.004637707778492056,0.17068812493626218,0.39466131906594126,0.7183364601037532,0.005295945387476466,0.042738888123619395,0.0,0.0,0.0,0.0,0.0,0.0,0.0,0.0,0.0,0.0,0.0,0.0,0.0,0.0,0.0,0.0,0.0,0.0,0.0,0.0,0.0,0.0,0.0,0.0,0.005295945387476466,0.0,0.0,0.0,4.41100404888047e-05,4.41100404888047e-05,4.41100404888047e-05,0.0,0.12711890881916899,0.3572554631770085,0.6412331159784628,0.8123210653744298,7.497297750327472e-05,0.8319662786052974,0.8319662786052974,0.8319662786052974,0.0,6.301823785341029e-07,6.301823785341029e-07,6.301823785341029e-07,0.0,0.1322314049586777,0.10800970873786403,0.4158737302675036,0.4158737302675036,0.4158737302675036,0.7007158219715547,0.20251810821606778,1.6213673464287693e-06,0.0,0.0,0.0,0.0,0.88873129021514,0.0010491786862891956,0.0495403101848817,0.43136228310898056,0.0,0.12926376672266746,0.12926376672266746,0.12926376672266746,0.0,0.49247357520143736,0.49247357520143736,0.49247357520143736
1,1383,41,0.5770751238247996,0.7507109139419115,0.0032230228363061197,0.0,0.19377161525743378,0.18535783453640806,0.8750000068505939,0.2730034185279112,0.6455015817057561,0.6572580848653395,0.4235294163227081,0.4745098054409027,0.2210919076291347,0.6396334873636181,0.5930053700808956,0.0032230228363061197,0.0,0.08985457700415707,0.5135216872351027,0.29574651342061886,0.17708280506350332,0.00566320751829063,0.2165456693329566,0.5365271428159665,0.7868304743326698,0.0067041158373257,0.022904352742010123,0.0,0.0,0.0,0.0,0.0,0.0,0.0,0.0,0.0,0.0,0.0,0.0,0.0,0.0,0.0,0.0,0.0,0.0,0.0,0.0,0.0,0.0,0.0,0.0,0.0067041158373257,0.0,0.0,0.0,3.490717050493025e-05,3.490717050493025e-05,3.490717050493025e-05,0.0,0.10543889752512742,0.5378980272985504,0.7315844939462779,0.8488372967518063,6.214456479729986e-05,0.8832657765545258,0.8832657765545258,0.8832657765545258,0.0,9.624433417374505e-07,9.624433417374505e-07,9.624433417374505e-07,0.0,0.2497704315886134,0.10140237324703341,0.4210758297924523,0.4210758297924523,0.4210758297924523,0.7409951605272138,0.24520796917997933,3.2568683066474547e-06,0.0,0.0,0.0,0.0,0.8544919647703938,0.0014926153057179385,0.07437033178305472,0.38107192944198787,0.0,0.10083133483495874,0.10083133483495874,0.10083133483495874,0.0,0.5453774818541564,0.5453774818541564,0.5453774818541564
1,1383,41,0.3596838022949603,0.33175355458771805,0.0004991223958101055,0.0,0.10149941751579868,0.2840432235559941,0.36538461362805275,0.1259871453572683,0.36202997693260536,0.4032258112396624,0.239215686917305,0.2431372553110122,0.10330896911613983,0.34379535013513046,0.21291746250372212,0.0004991223958101055,0.0,0.01877925626037284,0.5696144815122823,0.12251158187275386,0.08390586033500756,0.0028009918266140143,0.09004307498712595,0.22137368968322507,0.691070302642435,0.0031224649105352576,0.0784472100890976,0.0,0.0,0.0,0.0,0.0,0.0,0.0,0.0,0.0,0.0,0.0,0.0,0.0,0.0,0.0,0.0,0.0,0.0,0.0,0.0,0.0,0.0,0.0,0.0,0.0031224649105352576,0.0,0.0,0.0,5.009003634680105e-05,5.009003634680105e-05,5.009003634680105e-05,0.0,0.14273539216841508,0.17922480737056645,0.5981583217479087,0.787816097092937,7.854922719319738e-05,0.8065223195731385,0.8065223195731385,0.8065223195731385,0.0,4.019475603530841e-07,4.019475603530841e-07,4.019475603530841e-07,0.0,0.0881542699724518,0.12783171521035588,0.39132254598556904,0.39132254598556904,0.39132254598556904,0.6342790248375364,0.24066523936485906,9.894309797216755e-07,0.0,0.0,0.0,0.0,0.8990253167167592,0.0005989521778796081,0.049777709083790395,0.44691083852082925,0.0,0.14797964528849608,0.14797964528849608,0.14797964528849608,0.0,0.45917354258978466,0.45917354258978466,0.45917354258978466
1,1383,41,0.6162055562933463,0.7630331881577103,0.0037343523154374798,0.0,0.20299883503159735,0.149326727695008,0.8750000068505939,0.2512291951920062,0.6983829863369732,0.721774210067158,0.4941176474094391,0.4039215743541717,0.22376031500223031,0.6925966302315593,0.4070681635863967,0.0037343523154374798,0.0,0.06740681862122365,0.9427721267561677,0.26584203683370705,0.17584686774540242,0.005931061927939511,0.2633962537241371,0.46629271150924784,0.6634888703616433,0.006750034438951219,0.03870597608384936,0.0,0.0,0.0,0.0,0.0,0.0,0.0,0.0,0.0,0.0,0.0,0.0,0.0,0.0,0.0,0.0,0.0,0.0,0.0,0.0,0.0,0.0,0.0,0.0,0.006750034438951219,0.0,0.0,0.0,8.695769062087634e-05,8.695769062087634e-05,8.695769062087634e-05,0.0,0.15123469056643624,0.3971510197612116,0.5870117833403792,0.752798864025515,0.00020089535907590384,0.8089562730680819,0.8089562730680819,0.8089562730680819,0.0,4.048010643311397e-07,4.048010643311397e-07,4.048010643311397e-07,0.0,0.34159779614325064,0.08942657766990286,0.4307328743236204,0.4307328743236204,0.4307328743236204,0.8132190986432555,0.3249328774353445,1.3088480508928628e-06,0.0,0.0,0.0,0.0,0.9711461293352165,0.0011422527275454111,0.015508049057348983,0.7463242991935989,0.0,0.19217976311895832,0.19217976311895832,0.19217976311895832,0.0,0.4950921029518179,0.4950921029518179,0.4950921029518179
1,1383,43,0.5533597102074986,0.8374407670761892,0.004149838505374365,0.0,0.3598615711923773,0.12504583448910228,0.9807692318231682,0.40478580794076036,0.698431094909492,0.7258064678922717,0.4431372582912445,0.5411764681339264,0.3715112282986015,0.6984045571654733,0.4354868057443482,0.004149838505374365,0.0,0.17325743550564882,0.6735679428524404,0.3187656826776725,0.20364269194291268,0.006543300578565525,0.26405334951371995,0.5012015492795919,0.6457695702704166,0.007423507262792155,0.03654454411596146,0.0,0.0,0.0,0.0,0.0,0.0,0.0,0.0,0.0,0.0,0.0,0.0,0.0,0.0,0.0,0.0,0.0,0.0,0.0,0.0,0.0,0.0,0.0,0.0,0.007423507262792155,0.0,0.0,0.0,9.088256222925774e-05,9.088256222925774e-05,9.088256222925774e-05,0.0,0.1656706568812733,0.4233323170623212,0.5795751840775327,0.7346910283281094,0.00019804177916977884,0.8115652405226057,0.8115652405226057,0.8115652405226057,0.0,4.189704931755788e-07,4.189704931755788e-07,4.189704931755788e-07,0.0,0.6611570247933884,0.22153574580759045,0.5909632370246806,0.5909632370246806,0.5909632370246806,0.6554356260783908,0.27282846000244854,1.2089089902206379e-06,0.0,0.0,0.0,0.0,0.9963201547927699,0.001206629810732332,0.007105153521925728,0.7855211673096205,0.0,0.20863179067453172,0.20863179067453172,0.20863179067453172,0.0,0.49717518622505336,0.49717518622505336,0.49717518622505336
1,1383,43,0.6086956753145342,0.7535545156840187,0.0029247422883825888,0.0,0.23068049435408786,0.14620898468965524,0.8846153909390098,0.2585268266821625,0.6768297269332577,0.6895161474662488,0.545098066329956,0.3607842922210693,0.227251303914726,0.6706651791053241,0.5634663579251876,0.0029247422883825888,0.0,0.07087393458307409,0.613746679305955,0.35154024170164344,0.20364269194291268,0.004844338323078336,0.27933743769759434,0.4343763539545562,0.7514760642439859,0.005540844596145898,0.03528272505694889,0.0,0.0,0.0,0.0,0.0,0.0,0.0,0.0,0.0,0.0,0.0,0.0,0.0,0.0,0.0,0.0,0.0,0.0,0.0,0.0,0.0,0.0,0.0,0.0,0.005540844596145898,0.0,0.0,0.0,4.264163860008403e-05,4.264163860008403e-05,4.264163860008403e-05,0.0,0.07745706885157738,0.5020683797821955,0.827153421391307,0.8750711866876524,0.00011131558155029413,0.9302393205374179,0.9302393205374179,0.9302393205374179,0.0,1.718398109895927e-07,1.718398109895927e-07,1.718398109895927e-07,0.0,0.1637150728059819,0.04368932038834947,0.30164857582692317,0.30164857582692317,0.30164857582692317,0.853298700149231,0.3403334112187993,4.099461804552192e-07,0.0,0.0,0.0,0.0,0.8265474515957968,0.001292988271293127,0.08722525395481193,0.3543935603446405,0.0,0.08175458909233346,0.08175458909233346,0.08175458909233346,0.0,0.573694136870801,0.573694136870801,0.573694136870801
1,1383,43,0.6166008131869679,0.7345971707366356,0.00464381679489365,0.0,0.16608995593494327,0.2135183950693746,0.927884619336881,0.21598601931319095,0.6820867057244551,0.7016129209415898,0.5215686559677124,0.4196078181266784,0.17434769676152634,0.6753352351004901,0.47740478291485644,0.00464381679489365,0.0,0.05787715489253695,0.8496153789578962,0.3087083058059235,0.20102080025303348,0.007744818930419077,0.2877874707474587,0.6304321172887052,0.6793372008231022,0.008877596314266909,0.022831026553896627,0.0,0.0,0.0,0.0,0.0,0.0,0.0,0.0,0.0,0.0,0.0,0.0,0.0,0.0,0.0,0.0,0.0,0.0,0.0,0.0,0.0,0.0,0.0,0.0,0.008877596314266909,0.0,0.0,0.0,6.972397927886553e-05,6.972397927886553e-05,6.972397927886553e-05,0.0,0.15667707049213214,0.5479318748139407,0.5947444842142584,0.7634516529620524,0.00013857091344076326,0.8112319679032434,0.8112319679032434,0.8112319679032434,0.0,7.929987418792174e-07,7.929987418792174e-07,7.929987418792174e-07,0.0,0.2644628099173554,0.07557369814651363,0.38956898060192663,0.38956898060192663,0.38956898060192663,0.8344523925791962,0.23094130236157218,2.4952669645716567e-06,0.0,0.0,0.0,0.0,0.9635529047162031,0.0015849409211789657,0.02330860042331398,0.6428993149764216,0.0,0.17787652660987288,0.17787652660987288,0.17787652660987288,0.0,0.4605915823443066,0.4605915823443066,0.4605915823443066
1,1383,45,0.3913043537846949,0.5118483676048832,0.0022730267697090058,0.0,0.2306805644771996,0.20629652916396857,0.6490384807728216,0.3032850036858301,0.4502432559398524,0.4677419364414808,0.1882352977991104,0.5254902094602585,0.24545818741307973,0.4416665041951909,0.4872337115445304,0.0022730267697090058,0.0,0.10895029340446681,0.7695190298516277,0.37680360848711814,0.2329925862995132,0.007913184559341232,0.3332881531322045,0.6804419148706994,0.714490784085729,0.009015352119143463,0.017035340540427088,0.0,0.0,0.0,0.0,0.0,0.0,0.0,0.0,0.0,0.0,0.0,0.0,0.0,0.0,0.0,0.0,0.0,0.0,0.0,0.0,0.0,0.0,0.0,0.0,0.009015352119143463,0.0,0.0,0.0,4.774749304618659e-05,4.774749304618659e-05,4.774749304618659e-05,0.0,0.12108303834013312,0.6438957379103424,0.6562781179584258,0.817809517763194,9.497834606185654e-05,0.8390072382584879,0.8390072382584879,0.8390072382584879,0.0,7.427606237141658e-07,7.427606237141658e-07,7.427606237141658e-07,0.0,0.06222654350996598,0.022205798367319438,0.24551464474130255,0.24551464474130255,0.24551464474130255,0.8860386937550537,0.17587347032977277,1.7578545547225759e-06,0.0,0.0,0.0,0.0,0.8468814708396073,0.0019408989605666583,0.06450228562219437,0.36602760536170037,0.0,0.12147859565218846,0.12147859565218846,0.12147859565218846,0.0,0.455432792725544,0.455432792725544,0.455432792725544
1,1383,45,0.2529644410171059,0.26445498002450807,0.0010005383202051296,0.0,0.1291810768382892,0.1676800938119014,0.3269230772743894,0.16418563961459173,0.26266778634431787,0.29838710778670746,0.1490196138620376,0.3019607812166214,0.1405109909090735,0.24335270045289276,0.5783902670683673,0.0010005383202051296,0.0,0.03114692522603699,0.5669833649525087,0.43458917091437077,0.2425233070340001,0.008938684299139806,0.3351236421141108,0.7181706069662047,0.6687283840948656,0.010316379165199821,0.017769102025574107,0.0,0.0,0.0,0.0,0.0,0.0,0.0,0.0,0.0,0.0,0.0,0.0,0.0,0.0,0.0,0.0,0.0,0.0,0.0,0.0,0.0,0.0,0.0,0.0,0.010316379165199821,0.0,0.0,0.0,9.161837125103079e-05,9.161837125103079e-05,9.161837125103079e-05,0.0,0.155436848107261,0.6496425058357722,0.6221750170309703,0.7495329436609806,0.0002176372205882524,0.8319076196954905,0.8319076196954905,0.8319076196954905,0.0,5.364858019662282e-07,5.364858019662282e-07,5.364858019662282e-07,0.0,0.9935224480679028,0.175902614763806,0.5454586570669239,0.5454586570669239,0.5454586570669239,0.7609770129094119,0.3372412541440966,1.8625113143881856e-06,0.0,0.0,0.0,0.0,0.9807062361466604,0.0017475293970991403,0.011838677265043757,0.8307658323217441,0.0,0.19971740289412745,0.19971740289412745,0.19971740289412745,0.0,0.5400808042528195,0.5400808042528195,0.5400808042528195
1,1383,45,0.24901187208088915,0.27962085598241426,0.0008828476827728046,0.0,0.15224912627369802,0.1740276944858085,0.33173076931859735,0.19035265575325402,0.2741790451474096,0.3145161390871621,0.1490196138620376,0.3058823496103287,0.16037424690386515,0.25640924614613914,0.4071080108980909,0.0008828476827728046,0.0,0.04214902347722937,0.499347795027834,0.4340407336099281,0.23655169369879575,0.007415740655707595,0.3182834682004309,0.598265337687561,0.674521465360463,0.00851024750126276,0.025600943720975947,0.0,0.0,0.0,0.0,0.0,0.0,0.0,0.0,0.0,0.0,0.0,0.0,0.0,0.0,0.0,0.0,0.0,0.0,0.0,0.0,0.0,0.0,0.0,0.0,0.00851024750126276,0.0,0.0,0.0,9.190031920143966e-05,9.190031920143966e-05,9.190031920143966e-05,0.0,0.135172735122847,0.5692987380270094,0.6616044340676981,0.7682704467793556,0.00023489885641178064,0.8520443647953283,0.8520443647953283,0.8520443647953283,0.0,2.9080726748192303e-07,2.9080726748192303e-07,2.9080726748192303e-07,0.0,0.4194927329723568,0.08361520612308504,0.4133662638086654,0.4133662638086654,0.4133662638086654,0.8748510709601236,0.3167387853780702,8.331695964960346e-07,0.0,0.0,0.0,0.0,0.973871236298996,0.0014562252751010433,0.01534214618601018,0.7812073112338858,0.0,0.18243109743915384,0.18243109743915384,0.18243109743915384,0.0,0.5188591196940238,0.5188591196940238,0.5188591196940238
1,1383,47,0.3043478371879247,0.2985782009297975,0.00132162566120196,0.0,0.14763551638661637,0.2980353230555156,0.4278846467392571,0.18099718632765022,0.31084455099887304,0.34274194386295764,0.1176470592617988,0.4156863018870353,0.1490292632728455,0.29361917422291745,0.5435068211290972,0.00132162566120196,0.0,0.040820445961070324,0.6449073671979186,0.4894179693145413,0.2970447480269181,0.008533076193100071,0.3991948972673404,0.8129457664306223,0.7855289325810424,0.010178623360323266,0.0056657216322146126,0.0,0.0,0.0,0.0,0.0,0.0,0.0,0.0,0.0,0.0,0.0,0.0,0.0,0.0,0.0,0.0,0.0,0.0,0.0,0.0,0.0,0.0,0.0,0.0,0.010178623360323266,0.0,0.0,0.0,3.420434969292223e-05,3.420434969292223e-05,3.420434969292223e-05,0.0,0.11094622508989704,0.7963745163400864,0.7012627707011494,0.8423224028539517,5.4164242340408834e-05,0.8692594027386208,0.8692594027386208,0.8692594027386208,0.0,2.2156530888308925e-07,2.2156530888308925e-07,2.2156530888308925e-07,0.0,0.9900402627675355,0.16254954903199864,0.5268932435548609,0.5268932435548609,0.5268932435548609,0.7504335964089269,0.36002159361242103,6.451888560084116e-07,0.0,0.0,0.0,0.0,0.8776196069674043,0.00210872244480893,0.05470814910264457,0.40691344444670546,0.0,0.10681189372823421,0.10681189372823421,0.10681189372823421,0.0,0.6022725093165424,0.6022725093165424,0.6022725093165424
1,1383,47,0.2173913055721976,0.24170616608764792,0.0009978115933959126,0.0,0.17531717570910688,0.16951382163997405,0.3173076931859736,0.20533900050737028,0.23968330980342223,0.2822580764862529,0.0666666701436042,0.3764705881476402,0.17794005982132946,0.2220050160577442,0.4677233218632135,0.0009978115933959126,0.0,0.04707348723790902,0.8771690678840709,0.4548113726348568,0.28820200903785703,0.009902960173875777,0.42935730975234626,0.9142111796559803,0.7609079354431728,0.011709243414507216,0.0025014218795332277,0.0,0.0,0.0,0.0,0.0,0.0,0.0,0.0,0.0,0.0,0.0,0.0,0.0,0.0,0.0,0.0,0.0,0.0,0.0,0.0,0.0,0.0,0.0,0.0,0.011709243414507216,0.0,0.0,0.0,4.189666095568761e-05,4.189666095568761e-05,4.189666095568761e-05,0.0,0.11621160451157952,0.8912399653447941,0.691065679978238,0.8278312090945535,7.711549119094122e-05,0.8644295479966027,0.8644295479966027,0.8644295479966027,0.0,4.4604631148610497e-07,4.4604631148610497e-07,4.4604631148610497e-07,0.0,0.39213451125676846,0.07597866617411084,0.39802901620115366,0.39802901620115366,0.39802901620115366,0.8474448985173938,0.23437660965810647,1.128759861749268e-06,0.0,0.0,0.0,0.0,0.9071915218585757,0.0023902672366536925,0.05055600456881493,0.4989658143548823,0.0,0.12231293852785105,0.12231293852785105,0.12231293852785105,0.0,0.5263210798432346,0.5263210798432346,0.5263210798432346
1,1383,47,0.2529644410171059,0.2132701486665732,0.0008618777326301959,0.0,0.1291810768382892,0.19998598058523678,0.2932692329649339,0.14558959242787192,0.24797142300857922,0.28629033431136647,0.1411764770746231,0.282352939248085,0.13390382823490235,0.22724341920201918,0.4220945873436725,0.0008618777326301959,0.0,0.022421134767065917,0.6777223384608677,0.46081471062697343,0.2686838163139876,0.008556035142498546,0.3840247756033733,0.7623421379553954,0.7375229971983511,0.009903111750570156,0.01085216743428069,0.0,0.0,0.0,0.0,0.0,0.0,0.0,0.0,0.0,0.0,0.0,0.0,0.0,0.0,0.0,0.0,0.0,0.0,0.0,0.0,0.0,0.0,0.0,0.0,0.009903111750570156,0.0,0.0,0.0,4.4165907594085696e-05,4.4165907594085696e-05,4.4165907594085696e-05,0.0,0.11224024769415442,0.752933980654244,0.6917603574435811,0.8321721815403333,9.054473188403571e-05,0.8657884088726231,0.8657884088726231,0.8657884088726231,0.0,3.542634938769654e-07,3.542634938769654e-07,3.542634938769654e-07,0.0,0.43342516069788795,0.056802858683926594,0.37094770089252166,0.37094770089252166,0.37094770089252166,0.8863976899681504,0.3410423509356991,1.1411921566792072e-06,0.0,0.0,0.0,0.0,0.8764576904562019,0.002014017651160615,0.0505588819780555,0.41181063201051854,0.0,0.11411108290094998,0.11411108290094998,0.11411108290094998,0.0,0.5400981726716936,0.5400981726716936,0.5400981726716936
1,1383,47,0.5434782878669566,0.7559241838024415,0.0038346343747145076,0.0,0.2468281289588742,0.1629945030524859,0.9038461591158413,0.3411904386630596,0.6171561861201883,0.6129032487890894,0.3960784375667572,0.5254901945590973,0.2893538555094561,0.6129201876527285,0.6706389696483255,0.0038346343747145076,0.0,0.12794125024986616,0.6645340383802705,0.44227741513395413,0.2532081819749298,0.007385128723176294,0.36521863121975745,0.6676188425949525,0.7496253778956757,0.008678615707222994,0.015642479565962472,0.0,0.0,0.0,0.0,0.0,0.0,0.0,0.0,0.0,0.0,0.0,0.0,0.0,0.0,0.0,0.0,0.0,0.0,0.0,0.0,0.0,0.0,0.0,0.0,0.008678615707222994,0.0,0.0,0.0,5.018200860275702e-05,5.018200860275702e-05,5.018200860275702e-05,0.0,0.12185263128957496,0.6166860517115481,0.6515497624527458,0.8162193284523775,0.00010170413096596256,0.8356000557165709,0.8356000557165709,0.8356000557165709,0.0,4.986156951176474e-07,4.986156951176474e-07,4.986156951176474e-07,0.0,0.28850488354620585,0.08441988285324561,0.24888403471430337,0.24888403471430337,0.24888403471430337,0.8043851364835591,0.23589762193512884,1.3483214169877351e-06,0.0,0.0,0.0,0.0,0.8617618349661553,0.0018094006481808905,0.057082270789956674,0.3913933353179364,0.0,0.12411336238821855,0.12411336238821855,0.12411336238821855,0.0,0.4633464580504582,0.4633464580504582,0.4633464580504582
1,1383,49,0.21343873663598076,0.1625592509323235,0.0006598539176359582,0.0,0.08304501302902738,0.264358475468184,0.2596153886554785,0.12719014807065085,0.19544190218648877,0.22983872475977543,0.1294117718935012,0.2666666656732559,0.0884904949216579,0.1736502554156909,0.6524166070817106,0.0006598539176359582,0.0,0.022709340112972747,0.8043010845668335,0.503922199228682,0.33137793399817556,0.009658064713625372,0.4551377676475981,0.8399996135263434,0.7193863574862529,0.011158220195000993,0.008020816517349053,0.0,0.0,0.0,0.0,0.0,0.0,0.0,0.0,0.0,0.0,0.0,0.0,0.0,0.0,0.0,0.0,0.0,0.0,0.0,0.0,0.0,0.0,0.0,0.0,0.011158220195000993,0.0,0.0,0.0,5.8603515645924825e-05,5.8603515645924825e-05,5.8603515645924825e-05,0.0,0.12378325868740475,0.8228910058203004,0.6868471287901086,0.8099257631121696,0.0001341956441622071,0.8642869031702385,0.8642869031702385,0.8642869031702385,0.0,4.331506626767024e-07,4.331506626767024e-07,4.331506626767024e-07,0.0,0.4589207583859991,0.07035475526589849,0.36950191208330035,0.36950191208330035,0.36950191208330035,0.8258037713371154,0.28768959096669233,1.3190744196078123e-06,0.0,0.0,0.0,0.0,0.9252809117026046,0.0021578088635764597,0.03855991846730869,0.5230234478057826,0.0,0.13641952542521998,0.13641952542521998,0.13641952542521998,0.0,0.5100730312489313,0.5100730312489313,0.5100730312489313
1,1383,49,0.20513834186992538,0.27962085598241426,0.0012325846484265684,0.0,0.1568627361607797,0.16224455452543593,0.3269230772743894,0.23006652127250685,0.2524947484896395,0.29435484996159383,0.0980392172932624,0.3529411777853966,0.18991172940683626,0.23700641836889347,0.38400008577821876,0.0012325846484265684,0.0,0.06318529533826205,0.7125327001954458,0.5595814674922972,0.35474019662590156,0.011556004530566015,0.4774358812955333,0.9088478251040998,0.6517123420679408,0.013025576661105412,0.009035363097723625,0.0,0.0,0.0,0.0,0.0,0.0,0.0,0.0,0.0,0.0,0.0,0.0,0.0,0.0,0.0,0.0,0.0,0.0,0.0,0.0,0.0,0.0,0.0,0.0,0.013025576661105412,0.0,0.0,0.0,8.424373957426855e-05,8.424373957426855e-05,8.424373957426855e-05,0.0,0.15101620062540438,0.8317047284589587,0.608393810455151,0.764193678353768,0.00020119157144863516,0.8251748575610515,0.8251748575610515,0.8251748575610515,0.0,3.133613315923076e-07,3.133613315923076e-07,3.133613315923076e-07,0.0,0.41757285776424535,0.04673170534921868,0.3554057918620112,0.3554057918620112,0.3554057918620112,0.9564486172214218,0.2774562466765315,8.039574770939738e-07,0.0,0.0,0.0,0.0,0.9482896769560333,0.002368306118156358,0.02449745569011652,0.6882682178116436,0.0,0.1800055388651112,0.1800055388651112,0.1800055388651112,0.0,0.47431993725969385,0.47431993725969385,0.47431993725969385
1,1383,49,0.28853756144305737,0.3696682444824845,0.0015057969584714055,0.0,0.23068049435408786,0.15032408002533573,0.5000000274023759,0.2582767099006983,0.3350914961599327,0.3669354908136396,0.1607843190431594,0.4313725680112839,0.23766326144788927,0.32124578319498237,0.5136792120155097,0.0015057969584714055,0.0,0.0691742708337466,0.7501596666631694,0.488029061607702,0.3033613180179346,0.008494811277435945,0.4263054643018674,0.7816339811768087,0.7602619592442318,0.01005617375598855,0.008552339676740614,0.0,0.0,0.0,0.0,0.0,0.0,0.0,0.0,0.0,0.0,0.0,0.0,0.0,0.0,0.0,0.0,0.0,0.0,0.0,0.0,0.0,0.0,0.0,0.0,0.01005617375598855,0.0,0.0,0.0,4.8468940834613054e-05,4.8468940834613054e-05,4.8468940834613054e-05,0.0,0.11014706279106196,0.7790881616184251,0.7145016649369491,0.8260913935597887,0.00010308026721516313,0.8757880592076688,0.8757880592076688,0.8757880592076688,0.0,3.781575271875178e-07,3.781575271875178e-07,3.781575271875178e-07,0.0,0.7272727272727273,0.12287621359223294,0.4744896311122308,0.4744896311122308,0.4744896311122308,0.7894332758158605,0.33614088841023604,1.22680287792656e-06,0.0,0.0,0.0,0.0,0.9334071905976667,0.0019458393020870442,0.03930140238190405,0.5552587085244607,0.0,0.12687348621023467,0.12687348621023467,0.12687348621023467,0.0,0.5751181348556619,0.5751181348556619,0.5751181348556619
