group_name,m_id,day_of_study,original_shape2D_Elongation,original_shape2D_MajorAxisLength,original_shape2D_MaximumDiameter,original_shape2D_MeshSurface,original_shape2D_MinorAxisLength,original_shape2D_Perimeter,original_shape2D_PerimeterSurfaceRatio,original_shape2D_PixelSurface,original_shape2D_Sphericity,original_firstorder_10Percentile,original_firstorder_90Percentile,original_firstorder_Energy,original_firstorder_Entropy,original_firstorder_InterquartileRange,original_firstorder_Kurtosis,original_firstorder_Maximum,original_firstorder_MeanAbsoluteDeviation,original_firstorder_Mean,original_firstorder_Median,original_firstorder_Minimum,original_firstorder_Range,original_firstorder_RobustMeanAbsoluteDeviation,original_firstorder_RootMeanSquared,original_firstorder_Skewness,original_firstorder_TotalEnergy,original_firstorder_Uniformity,original_firstorder_Variance,original_glcm_Autocorrelation,original_glcm_ClusterProminence,original_glcm_ClusterShade,original_glcm_ClusterTendency,original_glcm_Contrast,original_glcm_Correlation,original_glcm_DifferenceAverage,original_glcm_DifferenceEntropy,original_glcm_DifferenceVariance,original_glcm_Id,original_glcm_Idm,original_glcm_Idmn,original_glcm_Idn,original_glcm_Imc1,original_glcm_Imc2,original_glcm_InverseVariance,original_glcm_JointAverage,original_glcm_JointEnergy,original_glcm_JointEntropy,original_glcm_MCC,original_glcm_MaximumProbability,original_glcm_SumAverage,original_glcm_SumEntropy,original_glcm_SumSquares,original_gldm_DependenceEntropy,original_gldm_DependenceNonUniformity,original_gldm_DependenceNonUniformityNormalized,original_gldm_DependenceVariance,original_gldm_GrayLevelNonUniformity,original_gldm_GrayLevelVariance,original_gldm_HighGrayLevelEmphasis,original_gldm_LargeDependenceEmphasis,original_gldm_LargeDependenceHighGrayLevelEmphasis,original_gldm_LargeDependenceLowGrayLevelEmphasis,original_gldm_LowGrayLevelEmphasis,original_gldm_SmallDependenceEmphasis,original_gldm_SmallDependenceHighGrayLevelEmphasis,original_gldm_SmallDependenceLowGrayLevelEmphasis,original_glrlm_GrayLevelNonUniformity,original_glrlm_GrayLevelNonUniformityNormalized,original_glrlm_GrayLevelVariance,original_glrlm_HighGrayLevelRunEmphasis,original_glrlm_LongRunEmphasis,original_glrlm_LongRunHighGrayLevelEmphasis,original_glrlm_LongRunLowGrayLevelEmphasis,original_glrlm_LowGrayLevelRunEmphasis,original_glrlm_RunEntropy,original_glrlm_RunLengthNonUniformity,original_glrlm_RunLengthNonUniformityNormalized,original_glrlm_RunPercentage,original_glrlm_RunVariance,original_glrlm_ShortRunEmphasis,original_glrlm_ShortRunHighGrayLevelEmphasis,original_glrlm_ShortRunLowGrayLevelEmphasis,original_glszm_GrayLevelNonUniformity,original_glszm_GrayLevelNonUniformityNormalized,original_glszm_GrayLevelVariance,original_glszm_HighGrayLevelZoneEmphasis,original_glszm_LargeAreaEmphasis,original_glszm_LargeAreaHighGrayLevelEmphasis,original_glszm_LargeAreaLowGrayLevelEmphasis,original_glszm_LowGrayLevelZoneEmphasis,original_glszm_SizeZoneNonUniformity,original_glszm_SizeZoneNonUniformityNormalized,original_glszm_SmallAreaEmphasis,original_glszm_SmallAreaHighGrayLevelEmphasis,original_glszm_SmallAreaLowGrayLevelEmphasis,original_glszm_ZoneEntropy,original_glszm_ZonePercentage,original_glszm_ZoneVariance,original_ngtdm_Busyness,original_ngtdm_Coarseness,original_ngtdm_Complexity,original_ngtdm_Contrast,original_ngtdm_Strength
0,1258,14,0.8479266367755003,23.386091991520832,26.150334605889846,281.4199999999997,19.82969032969272,354.6607214462325,1.2602541448590467,282.00000000000006,0.16767538731420814,1.7991593344314774,2.3715879881520823,7079541976.239619,0.909249330620853,0.32732733521110946,3.968401580709047,2.6272885867858675,0.18940779440252928,2.092956910893278,2.1248017940805535,1.1372646581000538,1.4900239286858137,0.13330267284140654,1002.0929853260436,-0.781915956441761,283181679.0495848,0.561573120064383,0.056949244816298705,3.0080778107063475,1.1096623367227845,-0.5643564320468585,0.8179990817579168,0.054602717800374574,0.8748097301764524,0.054602717800374574,0.30421498470350306,0.051519440771789014,0.9726986410998127,0.9726986410998127,0.989079456439925,0.9817990940665418,-0.6705042163545567,0.8379054805379014,0.054602717800374574,1.6784597232021783,0.5121796594490653,1.2045288229305917,0.8748097301764526,0.6511583643019909,3.3569194464043566,1.1499261051302172,0.21815044988957283,2.625299459573752,3048.384680851064,0.43239499019164024,2.5553389869724863,3959.090496453901,0.21921343996780845,3.0263829787234044,64.54695035460993,199.0490780141844,30.921418439716312,0.49340425531914894,0.019934366517818054,0.05735067877558168,0.01058028845337715,514.2778726547738,0.5177741252270901,0.2411129373864549,2.7823262710846364,134.61808957252478,444.53088770203124,57.13989004014816,0.554418432228841,4.697055256563206,114.18970906165538,0.11571305449832156,0.14081560283687944,75.06767830527339,0.18095487967546994,0.44181023687908627,0.11574104037456581,20.161290322580644,0.6503642039542143,0.1748178980228928,1.6774193548387097,756045.6129032258,2809018.0,242802.51612903227,0.8306451612903226,1.3225806451612903,0.04266389177939646,0.05420011765331184,0.08361924122024486,0.04684533676157859,4.825164052322349,0.0043971631205673755,704326.0499479709,92.49770640843393,0.005266591078545192,0.0538655724417426,0.011892310609857787,0.005229278982033696
0,1258,18,0.7886470456715401,51.42797114868057,54.54576060520194,1525.380000000002,40.55851751128813,645.1876333808283,0.42296846253446846,1526.0000000000002,0.214589230027841,1.1278250346230445,1.76460462499237,38261176508.25004,0.2604214697980951,0.4089310314417167,3.8411310269665666,2.1676979565729657,0.2223271083816108,1.4560006386715951,1.4931469715417656,0.2019890448131627,1.965708911759803,0.16633009706792679,1001.4560370717325,-0.734940706214502,1530447060.3300018,0.9201632941637222,0.07297221613686418,3.890713416677045,0.5084114378879985,-0.24338396616857116,0.1452961639908387,0.006161975509518067,0.9183885104782352,0.006161975509518067,0.05398265755794858,0.006122960032257809,0.9969190122452409,0.9969190122452409,0.9993838024490481,0.9984595061226205,-0.8114581130574036,0.5748885652488859,0.006161975509518067,1.9636521189403235,0.9184930857402109,0.29387384761816493,0.9222914576084266,0.9577330835747309,3.927304237880647,0.28771187210864746,0.03786453487508919,0.8900372511006303,30866.66747051114,0.8090869585979329,0.846732947992765,35104.229672346,0.040140072040936566,3.890170380078637,76.62752293577982,299.25824377457405,21.04850881025193,0.2795252657637979,0.014112462075019806,0.05441346245988323,0.004133676843409402,984.9608124662885,0.6979376556658463,0.16085974519808716,3.6219540434269892,3555.2016558800024,14171.179260628767,901.439578913597,0.3671667049606147,4.965367936615042,157.02873100995373,0.12259580725245425,0.036847968545216256,2648.9334479093886,0.11063317813527154,0.4129084297722663,0.04530463677042345,7.714285714285714,0.5510204081632653,0.5306122448979592,2.5714285714285716,95585178.14285715,382056246.0,23967768.71825397,0.7658730158730158,1.1428571428571428,0.08163265306122448,0.16668981015317066,0.4168171056067184,0.10913598365194242,3.8073549220575997,0.0003669724770642202,88159553.14285713,15.464770100867613,0.008458127015757268,0.023361294740390517,8.445748728403637e-05,0.017646376108011067
0,1258,20,0.8962235249666455,53.75803582741287,56.72424525720902,1946.6600000000055,48.17921636452718,726.8528137424039,0.3733845734449785,1947.0000000000005,0.215180795422012,1.5915625126346147,2.008408615057548,48850390509.335976,0.5010267472649443,0.21422706494346944,3.868439563546968,2.303042663248886,0.1313031355233858,1.8000145706129596,1.8003133516418526,0.883184900154297,1.4198577630945892,0.08940475534147826,1001.8000287344714,-0.3227423922327303,1954015620.3734393,0.8054706967299065,0.028378707383622956,4.517587262893306,0.9970834510773487,0.5472702823723551,0.35974065881759953,0.020071328845827505,0.8941793083030833,0.020071328845827505,0.14140908100470387,0.019656752059563656,0.9899643355770862,0.9899643355770862,0.9979928671154172,0.9949821677885431,-0.7400780546583671,0.7184794197807347,0.020071328845827505,2.105390510727912,0.7906720336288309,0.6187538610933425,0.8948211635791521,0.8839034511725131,4.210781021455824,0.5986825322475158,0.09495299691585676,1.2977577099333,36776.878089368256,0.7555598991138831,1.0742971620042054,39206.286163328194,0.09739199163028261,4.542537236774525,75.47170005136107,336.81425783256293,17.906716315699367,0.23518975061347944,0.014738290181106967,0.07002404025069482,0.003387569101223147,1258.1822743712244,0.5504432311120551,0.22833699101106797,5.661291727025874,2554.7804398609105,10399.419191135356,633.7039035065659,0.20621571614451206,5.5135790892255585,187.0468484059211,0.08179630967842079,0.04682588597842835,2016.1860523534351,0.13379316329584148,0.7992945733804848,0.026857221030623636,33.98461538461538,0.5228402366863906,0.2982248520710059,7.138461538461539,27415811.8,110870076.15384616,6820432.19017094,0.18333333333333335,1.9538461538461538,0.030059171597633137,0.06598697771901225,0.4789171545232238,0.010987961584678473,5.6490653129285855,0.0013353877760657422,26855041.23786982,70.54358370719771,0.0019894557781082317,0.08178686282125468,0.0006691265965428113,0.004639679887468451
0,1258,22,0.8780009349778631,62.562852077755984,68.28791986874398,2579.519999999998,54.93024261915151,971.8233764909262,0.37674581956756564,2580.0000000000005,0.18526229523160945,1.498027395897004,1.9041780788540565,64722219025.60743,0.13481741908638242,0.19919963217667402,5.283080821343185,2.155405985368887,0.13157708788918565,1.7211313802488217,1.751955373133323,0.8199657156614661,1.3354402697074208,0.08372094854368575,1001.721146932103,-1.2456836865129415,2588888761.0242977,0.9665169357610721,0.031157242209274724,4.060459823903974,0.2056988997402875,0.07560065543684481,0.058149217245349626,0.007256366379301172,0.7777253427744719,0.007256366379301172,0.06185823449939152,0.007202326307213743,0.9963718168103495,0.9963718168103495,0.99927436336207,0.9981859084051746,-0.624427827847379,0.38799079098190575,0.007256366379301172,2.0118987529327175,0.9603096469811762,0.17995575876341316,0.7785743760644798,0.9798788214475922,4.023797505865435,0.17269939238411258,0.016351395906162698,0.7381349894813601,52710.57029457364,0.817218144101917,0.7940009509043928,62340.34235658915,0.016855593774412595,4.063751937984496,76.87891472868218,310.9488062015504,19.199805340223946,0.2499965546942291,0.014007866622819096,0.05765189730342324,0.0035479772094900424,1721.2207985384532,0.7654129261858986,0.1259353529345833,4.4404699344144145,4599.805103137575,18411.29342663215,1149.863748755849,0.25603266985550654,4.928739780116138,235.31422012837976,0.11271872592333718,0.034666666666666665,3567.491256280232,0.10524881923937279,0.4914286590497913,0.031217077402304533,23.869565217391305,0.5189035916824196,0.724007561436673,6.6521739130434785,87093814.13043478,348380099.3043478,21773406.242753625,0.3357487922705314,1.9565217391304348,0.04253308128544423,0.09966647684027663,0.5158873910875896,0.05339525051083954,5.012479890745547,0.0007131782945736434,85127722.44801512,30.161976437526533,0.004221621697894941,0.02546598414562176,4.150163683336422e-05,0.008609711372781275
0,1258,24,0.8498320569834416,82.73494265312489,90.19667399632873,4460.120000000005,70.31080649931219,1206.241457250094,0.2704504491471289,4461.000000000001,0.19626549464520807,1.2007423448561751,1.8942119614073667,111877571216.71584,0.3926238745033753,0.3876234322104113,3.6272956825206277,2.2847527352677424,0.2246238270452208,1.5793956736917603,1.6268756330285694,0.2880601791802878,1.9966925560874547,0.1583795284499144,1001.5794351254999,-0.8152997360340153,4475102848.668634,0.8825202942978225,0.07902823791459646,3.9885438825540516,0.8854601239787816,-0.10240130105092943,0.23349870404311346,0.012577832405988414,0.8977796659544339,0.012577832405988414,0.0971403031585881,0.012414659634657836,0.9937110837970058,0.9937110837970058,0.9987422167594011,0.9968555418985029,-0.7722122853241745,0.6743462720056543,0.012577832405988414,1.9832583323506703,0.8701631922618669,0.48256313528843253,0.8999041214935641,0.9319116144426418,3.966516664701341,0.4699853028824448,0.061519134112275484,0.9935036509656651,91920.1691190316,0.824211334848972,0.7344692252026971,98423.07582156468,0.06140017065884858,3.997883882537548,77.1842277516252,308.1445953822013,21.089875463896984,0.27592443149268975,0.013868795484270075,0.055878932569150434,0.003915366360121159,2237.115546638053,0.6219351853424413,0.22785290883101045,4.121412017294183,5263.07270369625,21031.93986403239,1335.0557262896846,0.3317637267009933,5.867565032615317,283.83734862814845,0.08341857751318761,0.03205559291638646,4108.3005556257285,0.10121810943167996,0.4577512583762582,0.032795808671650994,24.423728813559322,0.41396150531456477,0.8980178109738581,4.966101694915254,185030295.6440678,740107982.3728814,46325961.0240113,0.5169491525423728,2.016949152542373,0.03418557885665039,0.0942765625465079,0.6195281288241739,0.0341249731647234,5.551968896746114,0.0005290293656130912,181457234.56248206,92.87920636159679,0.0014645402937714582,0.03812783762743305,0.0002583909374755847,0.003103651139805363
0,1258,24,0.7857190313747439,86.15526804035169,90.64568384650205,4452.259999999992,67.69383375249656,1197.287546725754,0.26891680780676697,4453.000000000001,0.19755895747096813,0.9555567869873363,1.769722392308866,111639729631.24751,0.5577017705057685,0.427975153031789,3.577460292162397,2.2829691357627535,0.25391128375163613,1.412513590763797,1.471019739490829,-0.05698090577334745,2.3399500415361008,0.17720021395841587,1001.4125645639909,-0.8430520989238505,4465589185.249902,0.7855339808663069,0.1020904576048223,8.44416118353698,1.1630536035268222,-0.5649077109955607,0.40882109329572847,0.015560836456875098,0.9265721205880506,0.015560836456875098,0.11534865109699963,0.01531062369817883,0.9922195817715624,0.9922195817715624,0.9990846566790073,0.996887832708625,-0.8034748084997686,0.7651682349635264,0.015560836456875098,2.8889176461404134,0.7752873924306848,0.6561941660824728,0.9280633236941046,0.8738593920619073,5.777835292280827,0.6406333296255986,0.10609548243815087,1.1893777069936788,90273.61653716596,0.8109015633250928,0.8009252693841695,87449.5704199416,0.10859717387617426,8.43495171794296,76.85358185492926,653.0630765775882,9.64669529904933,0.12735353195099433,0.01401304632007422,0.11609565702519249,0.001849710637902769,2020.2364783685857,0.5190935462915193,0.2566058909294584,7.261442100284903,4780.954114566412,42688.968855145235,540.8299536986584,0.16189517377498946,6.0251839765469315,267.78857190695135,0.07058296888928507,0.034897821693240516,3806.1977241680124,0.10130775859297968,0.7180407286096634,0.01729493029883918,29.59259259259259,0.5480109739368999,0.3638545953360768,5.722222222222222,174836854.53703704,1571259514.7222223,19489648.256815843,0.22260802469135804,1.3703703703703705,0.025377229080932786,0.05878942842139198,0.30211611940625077,0.014284301762830576,5.606739354015305,0.0004850662474736133,170586766.87414265,53.333976016975654,0.001153521875519627,0.10896991851009087,0.0002847490449667348,0.006884695063667493
0,1258,24,0.8313097299701964,81.55651135427937,85.6833706153067,4225.4199999999955,67.79872143123724,1170.8189175756463,0.2770893585905419,4226.000000000001,0.19681135114298895,0.9263577693777604,1.6585188545417606,105926770290.6651,0.6206733854239445,0.39666488115955834,3.4267802485161627,2.55407332209763,0.2332494830497433,1.3089453361684888,1.3218479317953655,0.025407066079729014,2.528666256017901,0.16377378734355147,1001.3089884741381,-0.4965408986405987,4237070811.626605,0.7510047881088586,0.08638887145020731,3.5942834401876516,1.2382879072434934,-0.628448942938598,0.47199770547853126,0.017776939195466,0.9272957466350547,0.017776939195466,0.128206774386661,0.01744733877312755,0.9911115304022671,0.9911115304022671,0.9982223060804534,0.9955557652011335,-0.8000265330815941,0.7879421687296201,0.017776939195466,1.8656706339516518,0.7403855891123708,0.7281097948564755,0.929866061443198,0.8506221564234901,3.7313412679033036,0.7103328556610102,0.12244366116849931,1.2953733350425787,84117.57357311879,0.7961909472136185,0.8642000716274459,79343.6558637009,0.12594950744372216,3.5921722669190723,76.53262659725509,277.9166587789872,26.373388284166797,0.3557535363096177,0.014182364649686275,0.04975261138530187,0.005415403691700612,1948.7151633662152,0.48983700846626976,0.2858701347606912,2.9194909643869633,4038.489785856981,15926.529168677294,1067.3767748211549,0.5484874843256451,6.08716483935328,266.6574720699485,0.06783633937269685,0.0376549929010885,3204.7221241568295,0.10915950724883298,0.34174272059599087,0.06061294670220546,29.869565217391305,0.43289224952741023,0.5356017643352238,2.9855072463768115,117482529.85507247,467178053.98550725,30059177.276570052,0.6646537842190017,1.7826086956521738,0.0258349086326402,0.06996155689553674,0.195573249756431,0.04728673034463121,5.847654891560759,0.00065309985802177,115138080.6847301,138.27155666063908,0.0010637758603124403,0.06872795295688663,0.0007589919849764343,0.0025499203137512847
0,1258,7,0.8700228311926311,6.870533998321336,6.62117814289874,15.820000000000004,5.977521441024757,47.65685424949246,3.012443378602557,16.000000000000004,0.2958576475310574,1.7347645279235735,2.3290640355605805,401633297.66967535,0.9886994082884969,0.28088653192701774,3.037343577585372,2.6418169012266937,0.1820246106024518,2.0395151698735763,2.0330806737887994,1.5205224855684096,1.121294415658284,0.12285493414243545,1002.0395422208588,0.35459826558107616,16065331.906787017,0.5078125,0.054212312983342024,2.661301659385865,0.9329047931612796,-0.2322065399365727,0.886887655576844,0.093590868576958,0.8089552429089707,0.093590868576958,0.444669735626524,0.08441460933318148,0.9532045657115209,0.9532045657115209,0.9812818262846085,0.9688030438076807,-0.550347254487519,0.811276035079631,0.093590868576958,1.5693656978914479,0.4253461285899175,1.4290042615484428,0.808955242908971,0.5225702636029689,3.1387313957828957,1.335413392971485,0.2451196310384505,3.1666245400402504,113.205,0.2830125,3.505,203.125,0.24609375,2.6875,48.395,133.6475,27.081875,0.578125,0.03306899644116906,0.0926995165658856,0.018161366409989922,57.86591386554622,0.5035614987416536,0.24821925062917322,2.582746848739496,19.180763395101632,54.34450167887668,10.389828824157869,0.604313287815126,3.3305091856603317,24.736482349349995,0.21809523776677847,0.2875,4.844268042297038,0.27865179686387936,0.7495012474461574,0.1609394342183098,4.25,0.53125,0.234375,2.125,7197.75,25516.875,2617.96875,0.71875,1.0,0.125,0.14081355036716497,0.5574878950093031,0.03664496420663045,2.9999999999999973,0.02,4697.75,13.334469696969695,0.054540806181291375,0.09167447916666666,0.022420166015625,0.05488223187742969
0,1258,7,0.8034609099895145,8.232110878672039,7.964923100695952,16.880000000000006,6.614179297712417,44.12548339959395,2.614068921776892,17.000000000000004,0.33006667404908024,1.8383588576977243,2.5011663138521514,426851548.2701458,0.8423074510400829,0.37661128853090076,2.2404482634426057,2.7121231496058624,0.20592254584780897,2.1758941574380697,2.188315878673144,1.5832955316799888,1.1288276179258736,0.1529427897751414,1002.1759247582477,-0.050210252345180936,17074061.930805836,0.6052595155709342,0.06133478830616282,3.1581860498373024,1.1014930989395446,-0.6135243202989147,0.6999206591324656,0.08255761949469761,0.7883699818341263,0.08255761949469761,0.4038164594691923,0.07507571443010998,0.9587211902526511,0.9587211902526511,0.9834884761010605,0.9724807935017674,-0.5364059378282285,0.7639320325284011,0.08255761949469761,1.7331549531948836,0.5336851462563085,1.224142069861777,0.7883699818341264,0.6918761434475348,3.466309906389767,1.1415844503670798,0.19561956965679078,2.9197712196528434,127.67294117647059,0.30040692041522493,3.2956346020761247,257.2352941176471,0.19737024221453286,3.1882352941176473,51.50823529411765,169.99764705882353,21.885882352941177,0.45294117647058824,0.02761284069183229,0.08248027433195501,0.01389598228180161,60.34754821663294,0.5532137422450794,0.22339312887746032,2.9784335717658115,26.21500955355421,86.83734159608638,11.059426542921171,0.5053916070585471,3.3706899209338284,21.715967402652385,0.20778523719025652,0.2570588235294118,7.456181181257612,0.23099935423910903,0.6255868400960608,0.1323524827748711,4.25,0.53125,0.234375,2.125,6927.875,25415.375,2306.0,0.71875,1.0,0.125,0.03393310443753438,0.034280149505561595,0.03384634317052758,2.9999999999999973,0.018823529411764704,4105.609375,7.029702970297029,0.059859154929577475,0.0786159169550173,0.015491076153644845,0.05995717344753748
0,1260,10,0.8597534669678938,46.0546629575408,50.50782117652671,1347.5400000000018,39.59565614778354,636.3592062560797,0.4722377118720623,1348.0000000000002,0.20449063960270464,1.7556461999426312,2.04898306036409,33828282869.604015,0.696102393197672,0.1502076133825534,3.4072264589974655,2.3121090797425947,0.09192624500368732,1.9014919606212743,1.9008052783987135,1.40915367177472,0.9029554079678748,0.06269421636066726,1001.9014988217981,0.09879461755105684,1353131314.7841609,0.6953774163724256,0.013748446638928977,1.5450626796902092,1.2219250683584237,0.7046619871645878,0.5773127429325734,0.030048615425840315,0.9010357542030805,0.030048615425840315,0.19390011922814943,0.029116257239741414,0.9849756922870798,0.9849756922870798,0.993990276914832,0.9899837948580532,-0.7370087722067873,0.8000948538979233,0.030048615425840315,1.1866956624677099,0.6672030635810517,0.8771397744252654,0.9010357542030794,0.79828002981937,2.3733913249354193,0.8470911589994253,0.1518403395896034,1.7290572461864355,22761.468367952522,0.6754144916306386,1.3561050321830783,23434.218931750744,0.15231129181378722,1.5623442136498515,73.46694362017804,111.34928783382789,63.99635756676558,0.8594139465875371,0.015388779010065395,0.025540208439403897,0.012850921652730772,1179.0087396781203,0.5493746054769881,0.22531269726150596,2.0309358984826895,973.3126244651702,1146.4608129915023,930.0255773335873,0.7422660253793275,5.555878406643382,164.64609379879198,0.0778943239209385,0.06352373887240356,682.7803425846109,0.11259079272729008,0.2376538878508066,0.08132501894641093,24.86046511627907,0.5781503515413737,0.21092482422931313,3.0930232558139537,15946630.46511628,16628642.860465117,15776127.36627907,0.47674418604651164,1.372093023255814,0.0319091400757166,0.016475639679661473,0.047368250581624166,0.008752486954170795,5.193706615167202,0.0012759643916913947,15332411.968631694,579.0535431377107,0.001972961480255162,0.030080253265373804,0.004567493241728434,0.001979038681960238
0,1260,10,0.822747911646873,42.67918443522627,48.03373814310104,1087.4399999999985,35.11420986487414,679.7900720425976,0.6251288089849542,1088.0000000000002,0.171962110379934,1.6758120001784127,2.013226795115311,27300488997.50055,0.5402525197643862,0.1907429474168576,2.625582855136218,2.304931747485525,0.10612619766427472,1.8455128181801306,1.8456750737715772,1.4884365910599688,0.816495156425556,0.07733031703712595,1001.8455212444283,0.13983904324930466,1092019559.9000223,0.783017474048443,0.016883597808527006,1.3594619537222787,1.0357140938794607,0.584307119807356,0.40584504629734774,0.03223147109148922,0.8529339167471579,0.03223147109148922,0.20464101117953143,0.031157444293660227,0.9838842644542554,0.9838842644542554,0.9935537057817021,0.989256176302837,-0.66119463819066,0.7156272479574213,0.03223147109148922,1.125192563089341,0.7498042970119212,0.7285076264765865,0.8529339167471541,0.8586917013649142,2.2503851261786822,0.6962761553850978,0.10951912934720923,1.6879917931449209,17121.754852941176,0.6294762813581315,1.5981439230103807,21298.075294117647,0.10849126297577855,1.3714705882352942,71.99764705882353,95.20110294117647,66.19678308823529,0.9071323529411764,0.016129881148061076,0.024041111994566343,0.014152073436434761,1279.0623706747033,0.6144194943221888,0.19279025283890563,1.783432788188966,809.6872088119842,867.3566640731764,795.2698449966861,0.8041418029527585,5.027997015907932,195.28365119540445,0.09463236498303995,0.07619485294117646,605.1974271763223,0.13683877208567066,0.26330719281009085,0.10522166690456568,28.88888888888889,0.8024691358024691,0.09876543209876544,3.6666666666666665,15740988.944444444,15879301.777777778,15706410.736111112,0.3333333333333333,1.6111111111111112,0.044753086419753084,0.050223702872581766,0.1904495667154944,0.015167236911853602,4.8711781263822065,0.0013235294117647058,15170124.746913578,352.35530032087667,0.0022576862626443057,0.032568480829831895,0.003506977226656771,0.0022746936272020884
0,1260,12,0.8205527810194088,61.78790004263676,66.09871405708283,2349.480000000003,50.70023321333484,1006.0826694021889,0.428215038818031,2350.0000000000005,0.1707879164151452,1.532256673530416,1.9972094238813047,58958193714.662415,0.4603026734286645,0.24442755337758193,2.842862042775157,2.299749338336534,0.14330715352901502,1.7702784718840392,1.7754978306478573,1.152042443524733,1.1477068948118012,0.10114705570782889,1001.7702944301975,0.07368424852472985,2358327748.586497,0.8243722806699865,0.031973128284840155,1.2788217506937292,0.9543583032206512,0.5245908089095477,0.3308966280243557,0.013759092383069316,0.9200717858538812,0.013759092383069316,0.1044091833930671,0.013562873312285445,0.9931204538084655,0.9931204538084655,0.9972481815233861,0.9954136358723102,-0.79367911844915,0.7162582757972009,0.013759092383069316,1.0952337656284215,0.8141092664840021,0.5472462478352232,0.9200717858538732,0.897886688180044,2.1904675312568425,0.5334871554521543,0.08616393010185626,1.222055804347033,44949.685685106386,0.765101032937981,0.9894938596650068,48431.8714893617,0.0878138596650068,1.2918297872340425,75.68616170212766,95.18728510638297,70.81088085106383,0.9270425531914893,0.0144512608701479,0.019866387146663236,0.013097479301019066,1611.2710611186735,0.6122839697866861,0.19385801510665696,1.7902546322303803,2935.947205756348,3076.0102248810917,2900.931450975162,0.8024363419424049,5.2139336325074,268.7273848335941,0.10808000137611809,0.044659574468085106,2326.8864188507755,0.1018476342933716,0.19534412625866926,0.07847351130204713,19.90909090909091,0.6033057851239669,0.1983471074380165,3.1818181818181817,84391108.18181819,85482452.81818181,84118272.02272727,0.45454545454545453,1.4242424242424243,0.04315886134067952,0.0772001634234156,0.30574349545205765,0.020064330416255077,4.741363816328141,0.0005617021276595745,81221629.30211201,286.8433471537875,0.00246143044113313,0.013830394157235547,0.0012109344409805146,0.00246867863975807
0,1260,12,0.877811899917675,58.952540144798455,63.13192536268793,2271.100000000003,51.74924126947854,894.4174890406066,0.39382567436070864,2272.0000000000005,0.18887861000779788,1.398658604956739,1.8979147520636115,56988001936.01887,0.1720505126382907,0.2502700023986335,3.050032650506562,2.1518483253080545,0.15003527242080242,1.6535612273774014,1.6539342514834743,0.9600380213001685,1.191810304007886,0.10363237959540157,1001.6535794573734,-0.2887978158577865,2279520077.4407554,0.9511940655375917,0.036520281320896235,4.112711946512869,0.30870663002635634,0.15551697256727906,0.08684709290532407,0.005807925324504415,0.8743039557531559,0.005807925324504415,0.05132743473410925,0.0057729117923728665,0.9970960373377478,0.9970960373377478,0.9994192074675495,0.9985480186688739,-0.7461148803231141,0.4661680301496399,0.005807925324504415,2.0229809817879296,0.9479542572881259,0.20600547174936282,0.8765591633459271,0.9734040553143455,4.045961963575859,0.200197546424859,0.023163754557457124,0.7669449427802741,46714.391690140845,0.8224364734179727,0.8026829981650467,54027.82292253521,0.024436693798353497,4.121426056338028,76.93383802816902,314.97463028169017,19.042321498435054,0.24693221830985915,0.014034715335664782,0.059011618986405195,0.0034556205499827295,1476.8858336680364,0.7543141909707947,0.12540130933440163,4.662431880102962,4818.120657524989,19314.97332203883,1203.3774547044045,0.23573330011826427,4.680802929665802,237.9750100297525,0.13175214831934376,0.034335387323943665,3774.888619378072,0.12481883307795072,0.6317653245227262,0.029221018836239596,13.068965517241379,0.450653983353151,0.4565992865636147,6.620689655172414,105102367.72413793,420548441.0,26271743.926245213,0.24616858237547895,1.5517241379310345,0.0535077288941736,0.15808243832863925,0.8875815951518904,0.06120936935874519,4.789015477886184,0.0005105633802816902,101266172.7181926,22.19251061765601,0.005778415462677031,0.02361815833475022,4.957915897611115e-05,0.012004189763277502
0,1260,14,0.8792808624305933,66.31353866295142,69.84010309270744,2938.3800000000047,58.30822546638442,1044.4424673768417,0.3554483992461288,2939.0000000000005,0.18398159924634278,1.5990871907916986,2.0240150329987725,73744466271.90414,0.5900017114002056,0.21212970336405745,3.6356325692503586,2.2365903714874715,0.1309121449728924,1.8320355341440882,1.8556810526622278,1.061611761349022,1.1749786101384496,0.08948448449645462,1001.8320494048667,-0.7272055959510428,2949778650.8761663,0.7560250259530261,0.027792268818660842,1.416830084482446,1.1335510413835135,0.6440332432750293,0.46471961940218626,0.026522137381777472,0.8920536756836072,0.026522137381777472,0.17596012745445958,0.02579411736261099,0.9867389313091113,0.9867389313091113,0.9946955725236445,0.9911592875394075,-0.7271961375048739,0.7597817983550501,0.026522137381777472,1.143363717724445,0.7285850042454072,0.7547761661374313,0.8920536756836046,0.8433752135846664,2.28672743544889,0.7282540287556541,0.12281043919599094,1.4822531191262054,53314.75406600885,0.7256176123308451,1.1318550522296333,55548.93878189861,0.12198748702348686,1.4266349098332767,74.84345695814903,103.93437223545423,67.57072813882273,0.8933412725416808,0.014830390416850015,0.02259239022679252,0.01288989046436439,2213.0685385419083,0.5792860733941765,0.21035696330291176,1.904224293063089,1834.6207396007212,1992.7028806840162,1795.1002043298977,0.7739439267342276,5.725040980226425,255.68978927974604,0.06729521969203264,0.051806736985369174,1398.4901495465938,0.1037230779859745,0.21059518130809166,0.07700505215544522,50.55555555555556,0.8024691358024691,0.09876543209876544,3.6666666666666665,63011671.222222224,63574181.93650793,62871043.54365079,0.3333333333333333,1.507936507936508,0.023935500125976318,0.06732407804645345,0.26629821193511793,0.01758054457428732,5.635854923431216,0.000857434501531133,61651485.87956663,851.7568922885812,0.0010238188017565061,0.02658687539147576,0.003238956634868254,0.001025181008521817
0,1260,14,0.8934341995067331,73.21628386732974,77.89890884986774,3631.0399999999922,65.41393196786548,1143.170389438216,0.3148327722741194,3632.000000000001,0.18685704727921065,1.274795513543338,1.7800531587305775,91078292596.2537,0.1487677818833376,0.22623246550047327,4.757612254123709,2.0922576882965123,0.15198106653652943,1.5312553215829712,1.5443006397516912,0.34925677066910377,1.7430009176274086,0.09862532548943848,1001.5312758144461,-0.7123605056587196,3643131703.850148,0.9625162287255721,0.04104848628628467,3.9662352583001406,0.2651622294858017,-0.08954610296214055,0.07160630051823996,0.004828236487726215,0.8737648602877724,0.004828236487726215,0.04387660226831012,0.004803569285727631,0.9975858817561369,0.9975858817561369,0.9995171763512275,0.9987929408780685,-0.7563976475013483,0.45036871427005976,0.004828236487726215,1.9873451482207036,0.9573217451820981,0.1866334136561321,0.8901558974956985,0.9783170980949475,3.9746902964414073,0.1818051771684065,0.019108634251491542,0.6593744546036644,77364.6717400881,0.8520338297366531,0.635221610646432,87396.47356828194,0.01889798705583264,3.9692731277533038,77.69770925110132,308.52319383259913,20.192733113069018,0.26135279001468426,0.013570976627924787,0.05383609308699413,0.00359233299280842,2080.0039675068447,0.8253091872762313,0.09292767731716955,3.9347720284787235,7199.785486383067,28774.817757896613,1806.9797486991115,0.2966488004481048,4.879940173657682,284.6754486159608,0.12508474968776095,0.027684471365638768,5559.000417423138,0.08970304022035976,0.3601438932641228,0.02609769722727517,6.777777777777778,0.3765432098765432,0.8302469135802469,5.055555555555555,440294713.1111111,1761064887.6666667,110103544.41049382,0.4799382716049383,1.4444444444444444,0.08024691358024691,0.002413746280602699,0.016744801011826602,0.0007473327890271272,3.947702779220085,0.00019823788546255506,414848293.3580247,27.745181321936354,0.0046161142422185214,0.01567772776030596,3.0182137532478943e-05,0.009457061633842839
0,1260,14,0.9499132105260752,56.815633413601475,62.83183906269177,2305.12,53.969920743986734,968.8861181907239,0.4203191669807749,2306.0000000000005,0.17566246303171143,1.3974399463055327,1.7223238544524007,57830571734.28586,0.012376714424819555,0.15952331541850406,4.1589162348991815,2.007102928009059,0.10364702749986644,1.564869762174031,1.5746352576086027,0.8835406063567443,1.1235623216523147,0.06724978105002516,1001.5648790831098,-0.5339344854584485,2313222869.3714347,0.9978513303279879,0.01867104381807415,3.9971105002673473,0.013079113489987193,-0.006544765732580936,0.0035741143924964223,0.00039417657535789017,0.8008888242567931,0.00039417657535789017,0.005017257139652474,0.00039401653715739925,0.999802911712321,0.999802911712321,0.9999605823424642,0.9999014558561605,-0.6997301990697374,0.12658329295061935,0.00039417657535789017,1.9990786661011044,0.9976220836803127,0.015023670879260176,0.8266733422106505,0.9988099875617134,3.998157332202209,0.014629494303902927,0.000992072741963578,0.5494888190989562,48422.775888985256,0.8399440743969688,0.710252510702124,57526.1291934085,0.0010744431548154105,3.99705117085863,77.29172593235039,309.0092974848222,19.362487231377084,0.2507757540715043,0.01372567133467373,0.05486357653481875,0.003450831731177904,1759.0633055359654,0.9802146922527308,0.009920152998327105,3.9780896280598457,5673.431363472978,22693.174034616983,1418.4975266963831,0.2565945207007021,3.6781020682637378,289.40977001734154,0.18507952371471503,0.03111448395490026,4326.843603684639,0.09162665054908296,0.3661455904638867,0.023935322863309284,1.8,0.36,0.56,3.8,662700328.0,2650800090.8,165675388.18888888,0.5222222222222223,1.0,0.2,0.05099299348038185,0.4519529936614594,0.006308548990668052,2.321928094887361,8.673026886383348e-05,529759428.0,1.6015052903161786,0.07813967055129875,0.0015444281572330556,1.507628389082459e-07,0.1650929749758604
0,1260,16,0.9056020407668297,80.7153839162923,85.48239584850205,4532.979999999999,73.09601639587244,1301.2036938865199,0.2870525998099529,4534.000000000001,0.18342205125806088,1.1478777552694637,1.8714740558228393,113694846279.02338,0.3199632294427272,0.42267312427356574,3.046423707230287,2.4113954985318578,0.23003668471658154,1.519962836539077,1.5358368080303615,-0.19600424239451097,2.6073997409263687,0.1712623033102216,1001.5200017405541,-0.31856354757049243,4547793851.160936,0.90934493654667,0.07792629693110985,8.952655103311287,0.6808855047216056,-0.09762983492006734,0.17093306329816244,0.010929301775842786,0.8794342717573653,0.010929301775842786,0.08658230435171657,0.010805343888836447,0.9945353491120785,0.9945353491120785,0.9993570998955386,0.9978141396448313,-0.7500568002106708,0.6082578136823733,0.010929301775842786,2.985406852960311,0.9025272316612182,0.38528422914271615,0.9075285537942025,0.9495504289065071,5.970813705920622,0.3743549273668743,0.045465591268501304,0.8874653988921978,93991.65579179532,0.8292161957811673,0.7324404448942257,103074.24855756506,0.04758089113104945,8.966669607410674,77.2368239964711,692.5893780326422,8.802758111552222,0.114662855952556,0.013839645184398319,0.12407355515389838,0.0016129444745276729,2077.8571043646984,0.5770773708531227,0.267699568422614,8.961619706063374,6066.08387277069,54573.85604151325,675.2632352857268,0.1292353652303266,5.783410024098405,319.9472418331547,0.09386307976725317,0.03166519629466255,4850.159245260456,0.10404292630213666,0.9566621891433308,0.013842579644615355,30.085714285714285,0.42979591836734693,0.8385714285714285,8.128571428571428,165783917.74285713,1492088748.4,18421374.88561508,0.18859126984126984,1.5142857142857142,0.02163265306122449,0.04381242189617486,0.22552596990344206,0.009956035250050519,5.986425874087802,0.0006175562417291574,163161831.51836735,35.375944494569204,0.0016465845469943808,0.07314792044699482,8.752947030960754e-05,0.009810497292605294
0,1260,16,0.9202543333528167,84.48796535723407,90.76254734195157,5051.3600000000215,77.75041623615732,1391.697301372843,0.27550942743594536,5052.000000000001,0.18103573407369758,1.0231484582260952,1.7482598245552115,126660191464.31178,0.45935879867283325,0.3828319682091883,3.1988881748796514,2.247859131315502,0.22553899140237416,1.4248819497869,1.465869276002215,-0.3296209047350817,2.577480036050584,0.1608594450485874,1001.4249209217661,-0.5372576103126209,5066407658.572473,0.8365003370802718,0.07805502092254331,8.593626257018744,0.9955970235897327,-0.4652339936867045,0.3139277465906524,0.015928413730145172,0.9033592222127267,0.015928413730145172,0.11745641752619043,0.01566492211382081,0.9920357931349274,0.9920357931349274,0.999063034486462,0.996814317253971,-0.7636083247785739,0.7077546464834248,0.015928413730145172,2.9187542482147717,0.8225481317113421,0.563296610272122,0.9344339127104839,0.903556457345311,5.837508496429543,0.5473681965419779,0.08246404008019939,1.1158310488584167,101519.2388915281,0.8037944488640388,0.8059647362755922,105649.99257323833,0.08335348191947059,8.597735550277118,76.74608076009501,662.8761678543151,9.335389174804257,0.12299012492302278,0.014008897612225148,0.11925092449959074,0.001766885116899735,2563.8835868717383,0.5667674868142913,0.24468688899460583,7.882708175117371,5533.416050516389,49550.16305580777,621.8890598158808,0.14769720173881762,5.74788618640034,353.95541202542097,0.08069930999138605,0.03570467141726049,4596.238638236307,0.09754675363507279,0.7904046654839229,0.014517068002508304,29.17283950617284,0.3601585124218869,0.710562414266118,8.222222222222221,161960660.41975307,1454016556.691358,18096488.051097393,0.17695473251028807,2.1358024691358026,0.026367931717725956,0.039479498282958485,0.2996570625606325,0.006792236560577001,6.0342341077961645,0.0006413301662707839,159529370.98216736,59.2895697336964,0.0010099193637066338,0.10982336237436276,0.0002214749594878444,0.0059916171022304536
0,1260,16,0.9668980928035804,72.44384364995764,80.03024428302092,3902.180000000006,70.04581426050481,1069.5135351887106,0.27408103552083934,3903.000000000001,0.20704859901422396,1.0830254790029512,1.6566091365259805,97847160370.51302,0.3656768700997751,0.2820415296390961,3.5068745095924188,2.1968582318844665,0.18001723759625507,1.3936228775797121,1.4121609257981589,0.5065268491297575,1.6903313827547088,0.1182988075666524,1001.3936502914823,-0.3053145983579419,3913886414.8205214,0.878892061835929,0.05490421518835316,3.8337368145373674,0.7679443815098287,-0.3492429640192071,0.22970653128765167,0.008965069675482114,0.924774885166027,0.008965069675482114,0.07367727832838947,0.008882576874644367,0.9955174651622589,0.9955174651622589,0.9991034930324517,0.9977587325811295,-0.814772672710976,0.664259850994143,0.008965069675482114,1.9438496290593696,0.8730440906563468,0.42347135036081773,0.928379750419672,0.9326966320246296,3.8876992581187393,0.4145062806853363,0.05966790024078345,0.9057400019602372,82354.89636689726,0.8440163604088882,0.6744534617038116,85757.89293364079,0.06123913942046721,3.8366384832180374,77.58560081988215,298.7984422239303,22.498987388618442,0.29501950066900107,0.013743733465810195,0.05221439058319449,0.004253107007683735,1702.7440915196946,0.6042036144198764,0.220418998264586,3.5009825438630355,7148.843711558737,28449.874618238777,1824.5286243994497,0.4122376652178803,5.581579075061049,254.3732770383976,0.09492196061408006,0.028762490392006144,5703.011763339283,0.11380121931506845,0.4046231241230061,0.05021526971949167,19.5,0.40625,0.5677083333333333,3.2083333333333335,172808134.97916666,690230975.2083334,43453461.61168981,0.6331018518518519,2.0,0.041666666666666664,0.1225534561796393,0.3279842086376258,0.09776788381418276,5.277569011092737,0.0004919292851652575,168675808.3190104,59.27407083125037,0.0022678845416667804,0.03360060503889853,0.0001868016778361815,0.004912996584948597
0,1260,16,0.8728997342324094,51.965483044940406,55.95212239048667,1777.3800000000037,45.36065633918726,691.2042856049718,0.38888942466156384,1778.0000000000005,0.21621641106272618,1.4156848462509142,1.8972885283940437,44600172498.05823,0.16324932128523423,0.22464298945903782,3.4116507559399185,2.299136939649745,0.14506504238610388,1.6877876710835018,1.71086662656553,1.0178953085018385,1.2812416311479065,0.09611388237074965,1001.6878051064352,-0.5713391799284617,1784006899.9223294,0.9531862683643735,0.034929558119453016,1.064659644678572,0.2854420947493935,0.14915889150354789,0.08173983601417266,0.0072045288700553056,0.837570131163478,0.0072045288700553056,0.061451148421389656,0.007150802184837556,0.9963977355649724,0.9963977355649724,0.9985590942259889,0.9975984903766483,-0.6902495135330887,0.4406881867310626,0.0072045288700553056,1.0227539697045331,0.9483770153730484,0.20506829809086663,0.83757013116331,0.9736437658604391,2.0455079394090663,0.19786376922081167,0.022236091221056995,0.779973380212463,36196.25034870641,0.8143138436154423,0.811714887495081,42369.1296287964,0.023406865817813267,1.0719460067491564,76.80382452193476,80.78083239595051,75.80957255343083,0.9820134983127109,0.013989243018375539,0.015832172622413127,0.01352851061736614,1166.2973419318564,0.739562187560016,0.130218906219992,1.4622470452004577,4010.2152126622013,4027.4095293349537,4005.9166334940132,0.8844382386998856,4.9087137414298,165.02013821091407,0.11334374330486116,0.035331833520809895,3033.68538519889,0.11498932035395021,0.21632075165472456,0.08965646252875657,17.333333333333332,0.7222222222222222,0.13888888888888887,3.5,78112232.33333333,78141286.83333333,78104968.70833333,0.375,1.75,0.07291666666666667,0.01133903801976715,0.04402735836628389,0.0031669579331379716,4.136842188131006,0.0005399325084364454,74682019.65972222,86.61609869997648,0.0062201111004999265,0.0072336932533923395,0.00017132938100616977,0.006147091108671789
0,1260,18,0.8269314662678712,98.08541888223422,105.34818460704486,6124.53999999997,81.10991925578428,1453.7056274849253,0.23735752031743323,6126.000000000001,0.1908381501060068,0.6063831125989046,1.827250735569312,153543217844.74036,1.201150641384109,0.7550364467171873,4.090892566635492,2.5491071357773674,0.4312234082712011,1.2827978397902893,1.4207695505582603,-0.8342204177301796,3.383327553507547,0.3027711215755563,1001.2829440685264,-1.0256190790598645,6141728713.789616,0.5345998255163708,0.2928326575990231,7.709243301141996,7.409456927938489,-1.5180843696037152,1.345021053778126,0.018012254746390746,0.9735717436902358,0.018012254746390746,0.12967130719875775,0.017676863686345592,0.9909938726268047,0.9909938726268047,0.9989404556031536,0.9963975490507219,-0.8863243403691092,0.9384557463649769,0.018012254746390746,2.716153730753951,0.521523482987413,1.3363053228769366,0.9770516011381717,0.6810855123616608,5.432307461507902,1.3182930681305467,0.3407583271311292,1.8726093233222287,123618.73823049298,0.8071742620339079,0.7978321797481958,81873.9632778322,0.3401740021097917,7.716212863206007,76.83805419523343,593.9586679725759,13.439854264156418,0.17556553125113358,0.01400113183736149,0.10792927331777198,0.0024701294509258363,2209.0734768987845,0.41145887856144603,0.4574663527131282,7.475209278868375,4426.259870195427,36800.75698591214,617.7139239200192,0.1875970621055255,6.539582646260213,352.35696756000596,0.06685849238770315,0.03498694090760692,3466.4957851123645,0.0971731171384986,0.7854431248363141,0.015485077587896636,27.28235294117647,0.3209688581314879,0.7036678200692041,9.423529411764706,141649056.42352942,1200638386.282353,18045919.759477124,0.16576797385620917,2.0823529411764707,0.02449826989619377,0.056451904569742056,0.6938966057377939,0.005638420262646922,6.141686377288696,0.000555011426705844,138402700.3681661,86.16172709127106,0.0009013235517665339,0.10833520947376876,0.0010254315233806934,0.004727230164173096
0,1260,18,0.8779505512534433,99.03913862989852,104.20479835401056,6631.379999999979,86.9514663557856,1260.601255224752,0.19009636836145055,6632.000000000001,0.22899666332408164,0.6376604823549313,1.7083894878415575,166216198279.128,0.9247646454025613,0.5833877500656373,2.5408240985719353,2.3601522136657955,0.3382880251716438,1.2542520074603667,1.344752792844345,-0.26175840249588395,2.6219106161616796,0.24908066326368256,1001.2543347911387,-0.4708751267462323,6648647931.165121,0.5919844277335025,0.1657750268270676,7.745186377032446,1.7633170718529805,-0.6172454260265916,0.8336274141486646,0.013973729849247109,0.9670134363139069,0.013973729849247109,0.10580402768805977,0.013772614431397389,0.9930131350753764,0.9930131350753764,0.9991780158912208,0.9972052540301505,-0.88350206255285,0.8959386813035967,0.013973729849247109,2.745955648659786,0.5819503820121861,1.025879892817303,0.9709999475642823,0.7175768294269513,5.491911297319572,1.0119061629680568,0.2119002859994779,1.4796625104656767,140055.76810615198,0.8447271900250422,0.6449900996884644,98151.01811821472,0.21372431272290215,7.740506634499397,77.70606755126659,603.2359951749095,11.41683701078944,0.14795432080150114,0.013676209182685717,0.1053387854057653,0.002054669078776067,2037.83427075186,0.4433119042403484,0.36581785300949254,7.225234133444908,7209.526550215456,59896.40621677212,940.5252323508089,0.17231595221868973,6.510281728964515,284.0211071278927,0.062333644116849725,0.02769451145958987,5683.671691481735,0.09989668977564872,0.7438576715715562,0.017623246564502516,30.53191489361702,0.3248076052512449,0.7419646899049342,8.51063829787234,165116677.19148937,1398469540.5531914,20780341.53095449,0.18321513002364065,2.404255319148936,0.02557718424626528,0.07209391336985953,0.6433219744658207,0.010528586387381612,6.253900952672395,0.0005669481302774426,162005581.67315528,78.32036589733553,0.0009143701818887345,0.09631285816265278,0.0005027175736377547,0.005207010427068117
0,1260,18,0.9639760600540239,58.029926636844685,63.98155984344239,2434.24,55.939460044609596,1042.0993216263305,0.4281004837757701,2435.0000000000005,0.16783306125062836,1.1825125686876132,1.77192892033205,61055217824.98165,0.17369230297459387,0.33524804522538365,2.669603172317844,2.0930243159458914,0.18768866735805984,1.4791082640039575,1.489616480185886,0.6429171845446103,1.450107131401281,0.13616804131833074,1001.4791346223283,-0.2589524625283932,2442208712.9992666,0.951846246617391,0.05279462288444804,3.9401709059153984,0.29607853522126965,-0.13795930098688405,0.08187757752326415,0.005004776895782229,0.8841081228191323,0.005004776895782229,0.04534807615595781,0.004979040348715294,0.9974976115521088,0.9974976115521088,0.9994995223104217,0.9987488057760543,-0.7643051555893552,0.46510207396385844,0.005004776895782229,1.9801394405496753,0.9517359304490228,0.19703547073061178,0.8935023660647268,0.9753820793875208,3.9602788810993506,0.1920306938348302,0.021720588604761594,0.7840545139830825,49587.612862423,0.8145809094443203,0.8392751093102386,57943.64026283367,0.024160169600580175,3.9354907597535935,76.72734291581109,303.2801806981519,20.146810860141454,0.26744147843942506,0.01408614974471042,0.054797883499585864,0.003966349806051658,1609.383264802028,0.7303273252302136,0.13988910355580692,3.6165283558686214,4686.028747993407,18729.023962598447,1175.4607966500494,0.3585508815806556,4.6181713348626126,284.1713816529399,0.14033956408636145,0.036078028747433266,3739.086175962084,0.12540093354729862,0.43106546718941097,0.0541769970093495,14.241379310344827,0.49108204518430437,0.525564803804994,2.7241379310344827,121126903.0,484436980.3103448,30299470.339080457,0.7222222222222222,1.4137931034482758,0.04875148632580262,0.06331737534265712,0.13313930571982177,0.04944766645575715,4.694019357121927,0.0004763860369609856,116720522.94649227,20.855106281325682,0.006156458596816406,0.019730085327360824,4.3425780674079545e-05,0.012636443011011111
0,1260,8,0.9311168460828926,31.23692131698473,34.35171029221107,643.6000000000008,29.0852236580103,443.6146319705675,0.6892707146839138,644.0000000000001,0.20272489654104964,1.8182620739591095,2.1621274930694736,16163858349.447166,0.9875037037775063,0.1784752176727118,2.9519055410947534,2.4391961633544144,0.10760887967318068,1.9812068999643573,1.9755419722844363,1.5579831685753798,0.8812129947790346,0.0752472953323173,1001.9812159459476,0.014293183167298136,646554333.9778868,0.5086367346938776,0.01812781044299757,2.304745727007121,0.9884403569563618,0.22037886605919166,0.9500668780135708,0.035950581692873754,0.9270897606865729,0.035950581692873754,0.22253985894997025,0.03461687266848248,0.9820247091535631,0.9820247091535631,0.9928098836614252,0.9880164727690421,-0.775584410899062,0.8855519042200981,0.035950581692873754,1.440907005951186,0.4723743974782953,1.2120545447282716,0.9270897606865732,0.5411177032023771,2.8818140119023723,1.176103963035398,0.2465043649266111,2.259610028031215,9539.184099378883,0.5924959067937193,1.6920844103236758,8189.051428571429,0.24568163265306123,2.302857142857143,71.00546583850932,164.95987577639752,47.51686335403727,0.6742857142857143,0.01639045185592065,0.03731555279346613,0.01115917662153428,713.9176251219131,0.5256172358550308,0.2371913820724846,2.161713964898902,403.18163054082584,1033.9595705156182,245.48714554712774,0.7095715087752745,5.384201745372938,117.64939826577213,0.08795258909913133,0.0843167701863354,234.55038528004607,0.11806582122675403,0.26261397405414155,0.08192878301990718,12.083333333333334,0.5034722222222222,0.24826388888888884,2.375,4362458.333333333,8401112.833333334,3352794.7083333335,0.65625,1.1666666666666667,0.04861111111111111,0.019800031936615236,0.06349847968464621,0.008875419999607498,4.501629167387816,0.0014906832298136647,3912440.972222222,472.58535489667526,0.0034934290263551925,0.035559217475810166,0.008741499273853275,0.0034913298641706465
0,1260,8,0.8765366081958044,35.04434280163361,36.693868697644845,760.8199999999989,30.717649375794977,493.63128419470036,0.6488148105921256,761.0000000000001,0.19808118100413544,1.4717722440003296,1.8418700318086216,19088056190.269444,0.017439730755093766,0.2014326674707927,2.648162580845594,2.032309601237432,0.11364783500336328,1.6558122307818899,1.6529691586287742,1.1980016431843918,0.8343079580530401,0.08155640869847215,1001.6558220378444,-0.064233859013845,763522247.6107779,0.9967464402085229,0.019646602495116728,1.0043716615312082,0.01911156819370875,0.010037491903408774,0.005505077264281099,0.0009401547734422694,0.7082475176136969,0.0009401547734422694,0.01078434236048216,0.0009392378656961433,0.999529922613279,0.999529922613279,0.9998119690453116,0.9996866150755193,-0.5808863902836281,0.14081972827330472,0.0009401547734422694,1.0016139129726431,0.9958381461154422,0.024544285586938018,0.7082475175836276,0.9979160096406359,2.0032278259452863,0.02360413081349607,0.001611308009430842,0.7946055867979078,14347.033745072273,0.7541147829210131,1.0295348875278223,18963.10102496715,0.0016267798957385416,1.0048883048620236,75.22296977660973,75.44231274638634,75.16813403416558,0.998777923784494,0.014457394751836588,0.014656176315856561,0.014407699360831593,898.7332632791324,0.977192739631974,0.011403630184013023,1.0346188178403104,1713.9137878750091,1714.36629235506,1713.8006617549963,0.9913452955399225,3.7850769377844458,123.78259517302669,0.15190186372198994,0.04830486202365308,1168.7179056142697,0.08650529389111629,0.09834979902666416,0.08354416760722931,1.6666666666666667,0.5555555555555556,0.2222222222222222,3.0,120257593.66666667,120258338.66666667,120257407.41666667,0.5,1.0,0.3333333333333333,0.021290581628105435,0.0851623237405883,0.005322646099984723,1.5849625007211552,0.00015768725361366622,80040857.55555555,4.346846168744277,0.11559096857333202,0.0009094554448321968,1.5419849734464317e-06,0.11090573012939003
0,1261,10,0.889963626978407,14.136517132270265,14.671059948074648,75.78000000000002,12.580986059877635,154.97056274847736,2.045006106472385,76.00000000000001,0.19912831663390124,1.8871782432652189,2.43226622468696,1908324676.0621707,0.6552911294448498,0.2550821310715392,4.081390248547234,2.687184335664215,0.1657543025089124,2.1882864996098403,2.222909446647468,1.3610272923774227,1.3261570432867922,0.10938806674517271,1002.1883098768285,-0.9288471535891906,76332987.04248685,0.7191916897506925,0.046856749926335164,3.5056844057512158,1.0990657238963797,-0.6307291216758067,0.48319613102222514,0.04629075823926946,0.8245527552963129,0.04629075823926946,0.2694822247935602,0.044089107540714094,0.9768546208803653,0.9768546208803653,0.9907418483521462,0.9845697472535768,-0.6060929491116015,0.7286613554491239,0.04629075823926946,1.8429432616236168,0.6911674478285386,0.8737126028973812,0.824552755296311,0.819797882503982,3.6858865232472335,0.8274218446581121,0.13237172231537364,2.5284742766193418,680.1,0.3579473684210526,3.066771191135734,1366.4642105263158,0.14040415512465373,3.493157894736842,59.19052631578948,213.85631578947368,20.52407894736842,0.3767105263157895,0.024490604736046463,0.0750219648824442,0.011857764699447031,210.75630593312383,0.5863326493814465,0.2068336753092768,3.1217377224968024,54.07444618256393,202.99534206523953,16.844222211895037,0.4695655693757994,3.8373193881169025,56.88138196822029,0.16112781183963387,0.18855263157894736,19.9698753032184,0.2028871895607614,0.5131128662064978,0.12533077039932733,16.11111111111111,0.8950617283950617,0.05246913580246913,1.1666666666666667,139325.11111111112,554865.2777777778,35440.069444444445,0.9583333333333334,1.4444444444444444,0.08024691358024691,0.19350268996547731,0.1935027568128726,0.19350267325362852,3.794653473544337,0.009473684210526316,128183.13580246911,15.06378216425802,0.022229528067119135,0.04735285318559557,0.006833530051236123,0.02162774530755169
0,1261,14,0.8987315967792116,24.11257422970562,26.439364591457185,342.57999999999964,21.670732339920598,310.2925973595224,0.9057522253474305,343.00000000000006,0.21145332556627597,1.8285736088256133,2.326014193846861,8610700075.210241,0.9118288433172852,0.2564284239837491,3.384450446430489,2.584169861613528,0.15524985828195068,2.0794554354606642,2.085195747167829,1.1147932219687091,1.4693766396448187,0.10644949885714776,1002.0794749305047,-0.31734935340448556,344428003.00840974,0.5598600175097111,0.03907116655844255,2.9878477071923584,1.0792567193854694,-0.5399332139754182,0.809793030841848,0.06895137806876073,0.8430562959933301,0.06895137806876073,0.36036318154868263,0.0640516216488363,0.9655243109656196,0.9655243109656196,0.9862097243862478,0.9770162073104132,-0.6119204567477612,0.8187388993784092,0.06895137806876073,1.6741077987422464,0.4965761738958594,1.2640723918216759,0.8430562959933302,0.6396321097078659,3.3482155974844927,1.1951210137529156,0.21968610222765217,2.625873113047586,3804.0395335276967,0.4436197706737839,2.4608203180647523,4800.799650145773,0.22006999124514445,3.019008746355685,65.74075801749271,202.5467055393586,31.53927113702624,0.4952478134110787,0.01958793863080272,0.05628068052185782,0.01041475315803894,574.6199936800829,0.5125473269643941,0.24372633651780296,2.7369349131947467,143.97006669094543,478.65069813280047,60.29990883048171,0.5657662717013133,4.979976519926299,104.65970464926862,0.09202911333080936,0.1306413994169096,75.90546738860156,0.16466709767250312,0.4243932369386842,0.0997355628559579,29.115384615384617,0.5599112426035503,0.22004437869822485,1.9807692307692308,525195.9807692308,2023375.9615384615,150650.98557692306,0.7548076923076923,1.5769230769230769,0.030325443786982247,0.04036910656123494,0.07018712523640394,0.0329146018924427,5.378230343099472,0.006064139941690962,498002.7022928995,145.48912808313983,0.0033725744963242136,0.06915670857907033,0.015219506536004264,0.0033725323301387966
0,1261,16,0.9459051199321538,39.97474617116569,44.68601570961546,1073.440000000003,37.81231707129388,729.0871283174541,0.6792062232797847,1074.0000000000002,0.15929949103871927,1.5938144035007134,2.0658496714095396,26948421650.04291,0.6788723693103531,0.2647656797276894,3.0666579311818336,2.4696303272929288,0.15024821956486742,1.831111509506823,1.8301629448262005,0.989424373693739,1.4802059535991896,0.1073451522622831,1001.8311288846754,0.09957969890208943,1077936866.0017166,0.7057889939625965,0.03481396925722214,4.857738648467914,1.1879985839881,0.6836318674785464,0.5431649191969738,0.034399042220697354,0.8807553149596289,0.034399042220697354,0.2150181173079088,0.03317201447334084,0.9828004788896513,0.9828004788896513,0.9965600957779303,0.9914002394448256,-0.6997896683108943,0.7791785095152679,0.034399042220697354,2.174981783383018,0.6780655907085482,0.8700386211821061,0.880841323834803,0.8077894428434593,4.349963566766036,0.8356395789614093,0.14439099035441777,1.893689675944163,16129.702644320298,0.6007338042577393,1.6604995460677117,18950.434487895716,0.14712552320117628,4.895791433891993,71.25772811918063,340.5229795158287,16.273010552451893,0.22514173391268363,0.01642661986306351,0.08461657095281729,0.003606203944878102,1196.1299234292653,0.5411262833360262,0.22995229142219825,5.778817958598427,588.6068848971748,2482.0901009905238,143.60585937193866,0.20090879884569635,5.192227647952585,209.1839964893301,0.09696771637389916,0.0821880819366853,412.40847194697744,0.11793006431048235,0.7346307418022341,0.02249985586882034,22.789473684210527,0.5997229916897507,0.2583102493074792,7.605263157894737,12776045.842105264,53283682.368421055,3133469.8391812867,0.16739766081871343,1.6842105263157894,0.0443213296398892,0.12924756846400962,0.8124123065799346,0.04164958418946143,4.984769618706732,0.001415270018621974,12276792.033240998,69.13630287253868,0.002202854568711952,0.13539742629745039,0.0016618256423513549,0.005578267793712968
0,1261,16,0.7349255273451747,44.14291373409513,45.85237180343019,1039.4200000000003,32.44175415458242,575.4052957317296,0.5535830518286442,1040.0000000000002,0.1986216621545507,1.498276999980469,1.9245570221241641,26089691928.0912,0.20228131149756212,0.21480597547330893,4.093784895270661,2.2365939922680114,0.13362669872091434,1.7233448940943166,1.743017771147227,0.6480347227319173,1.588559269536094,0.08936935642099025,1001.7233597865078,-0.7292811394560716,1043587677.1236483,0.9410228284023668,0.029836156568025757,4.138552557811716,0.34898274619115005,0.17251725044626137,0.10439457587386784,0.013356235015739458,0.7731351460623159,0.013356235015739458,0.10199274881374674,0.013172343027051146,0.9933218824921303,0.9933218824921303,0.998664376498426,0.9966609412460651,-0.5979316836872641,0.46150714032104057,0.013356235015739458,2.0287417187520154,0.9280981568032458,0.28157626820791753,0.9073088375858736,0.9630580821806068,4.057483437504031,0.2682200331921787,0.029437702722401825,1.0410756041326772,19001.37846153846,0.7308222485207101,1.1692504082840236,24466.593538461537,0.029570171597633137,4.1445384615384615,74.67876923076923,306.2166153846154,18.491316239316237,0.24660042735042736,0.014850471738909238,0.06338749321665989,0.003618821219182909,1039.7232660232257,0.746138533229327,0.12903160171776226,4.702977782275655,1613.3000093658204,6470.917197714409,402.88586783899774,0.2337271993961314,4.747034354777377,149.73716450849238,0.11676235660699079,0.053278846153846156,1178.6840916893593,0.11483587000479817,0.6077291845087354,0.025119779575901894,20.25,0.84375,0.19270833333333331,8.458333333333334,26483940.916666668,105950255.41666667,6620598.680555556,0.1539351851851852,1.3333333333333333,0.05555555555555555,0.016738547595696544,0.15006822432976208,0.001924139042372336,4.33496250072115,0.0009230769230769231,25310329.80555556,22.342558850570146,0.005772771651582163,0.0519810348272127,0.00013082273566858847,0.012119703527576024
0,1261,18,0.8564336319736073,52.70862982108106,55.18731738361632,1775.3199999999993,45.141443274020844,818.049364953879,0.4607898096984653,1776.0000000000005,0.18258443124646323,1.449562378264812,1.8568566786898713,44545826476.88942,0.047282783748230695,0.22298548305051047,3.978085006346252,2.06543906600183,0.13046528862045276,1.640830066891557,1.6364699969341676,0.8519584190286232,1.2134806469732067,0.09206607381504604,1001.640843870757,-0.5826281608359078,1781833059.075577,0.9907530111192273,0.02765303064284569,4.002792780567422,0.0588832345794194,-0.002245235095188188,0.016402949071751327,0.0022419177088179674,0.7594923795148669,0.0022419177088179674,0.022884584186268854,0.0022366585115203793,0.998879041145591,0.998879041145591,0.9997758082291183,0.9994395205727955,-0.6360006918887793,0.24172709660193364,0.0022419177088179674,1.999813121387736,0.9884767581586904,0.06474236332328351,0.7951830147873247,0.9942177872747034,3.999626242775472,0.06250044561446619,0.004661216695142323,0.660081532475133,36173.705765765764,0.8147231028325623,0.8038653011119228,43989.433693693696,0.004639637610583556,4.00445945945946,76.73310810810811,307.0511261261261,19.26901901901902,0.2514376876876877,0.013936663271831922,0.056009975405535935,0.0035113622892978327,1483.5807796408074,0.9325595096533668,0.03457777382487129,4.065249023802039,3833.6543099121873,15334.721261248087,958.7289510991139,0.25718716136892783,4.166018405579219,208.66277929746113,0.14926770403349662,0.03578265765765766,2844.810607430488,0.09379547797732694,0.4017446784806304,0.023564191433905663,4.4,0.44,0.64,6.4,194870443.4,779481406.2,48718034.92222222,0.31666666666666665,1.0,0.1,0.028700513303670704,0.25716904848879985,0.003298453817274511,3.3219280948873595,0.00022522522522522523,175156843.4,6.138291189850505,0.0204829964597489,0.00663016351361795,3.4287655075282653e-06,0.04091796514305494
0,1261,18,0.9336628626233751,52.01788235258063,55.274225458164494,1915.5400000000013,48.56716494491637,705.204285604975,0.36814907838258376,1916.0000000000005,0.2200065454406342,1.3706389440700844,1.8324451786557312,48052993236.55449,0.13422931702387406,0.24850565382962087,2.9047815002764823,2.238983885474357,0.14512679363852157,1.5957172029318416,1.5892189506812016,1.0311562320380148,1.2078276534363424,0.10217710323685661,1001.595733461978,0.2728055598273722,1922119729.46218,0.9632483374810954,0.03256998225585116,1.0477890310212317,0.21435613023618272,0.11163120369647583,0.06065409102397579,0.005766999798884563,0.8254227147087629,0.005766999798884563,0.051074454861273266,0.005732844783433436,0.9971165001005577,0.9971165001005577,0.9988466000402232,0.9980776667337052,-0.6801613753131212,0.393189324703369,0.005766999798884563,1.0168908436402246,0.9610566098051363,0.16299515830356737,0.8254227147084571,0.9802256564603331,2.0337816872804493,0.15722815850468314,0.016605272705715088,0.6988953640350475,39884.332025052194,0.832658288623219,0.7812935281837161,46139.59536534447,0.01837583125945232,1.056179540709812,77.16889352818372,80.00498956158664,76.45986951983299,0.9859551148225469,0.014014124407398465,0.015938585503597554,0.013533009133348694,1145.899496642022,0.7328791643787549,0.13356041781062253,1.4767980200306965,4915.957870189166,4927.754928510945,4913.00860560872,0.8808004949923258,4.772514616324971,164.45101101915344,0.11088075009068037,0.0325,3757.0241183104968,0.1431306363596331,0.2904209889304828,0.1063080482169207,23.8,0.68,0.16000000000000003,3.4,62538504.4,62553166.428571425,62534838.89285714,0.4,2.3714285714285714,0.06775510204081632,0.11202744158178565,0.4347003074450519,0.031359225115969114,4.354442574694566,0.0007306889352818372,60665516.64489795,79.07041432700403,0.00669987349386322,0.006232006243538906,0.00011600896653170746,0.006613782650630867
0,1261,20,0.8875268217180391,61.748577512069694,65.94118591593572,2550.0000000000036,54.803518744897204,1066.919422639015,0.4183997735839269,2551.0000000000005,0.16778124046107842,1.388412156997034,2.012363246615723,63990543432.49371,0.49829567666231406,0.3180905387477333,2.565373002056024,2.317078979963591,0.18606963364486448,1.6884221676270286,1.6780652557519702,0.9872814951234667,1.3297974848401244,0.13307570397473456,1001.6884486004049,0.10258918018594636,2559621737.299749,0.8055814925346528,0.05295481572812189,4.528565507869182,1.02227986872852,0.5655637102223448,0.3682988264608379,0.015332988817599664,0.9200015856694516,0.015332988817599664,0.11397236613515278,0.015089828797976679,0.9923335055912001,0.9923335055912001,0.99846670111824,0.9961667527956,-0.7901974804899592,0.7355190403484693,0.015332988817599664,2.107207580330699,0.7931677026206914,0.5965634854993809,0.9204954692283048,0.8849318246360128,4.214415160661397,0.5812304966817818,0.09590795381960938,1.2668157779522553,48789.58903959232,0.7650268763558183,1.0246808835391106,51375.959686397495,0.09724002046222564,4.544758918071344,75.62416307330459,339.37561740493925,17.882858573979703,0.23493052833311556,0.014545659654166123,0.06818065560820784,0.0033626877475925153,1742.8451623635208,0.6006176274435079,0.20071226364047628,5.366495977215169,3029.861918274268,12359.41577491474,750.8028012442574,0.21286292360529202,5.275222159666107,271.2655251547283,0.09784766093181926,0.0453626029008232,2442.9272232936987,0.1151707265834128,0.6425241291322592,0.024172101834063986,20.953488372093023,0.4872904272579773,0.2952947539210384,6.72093023255814,72895649.65116279,293757527.0232558,18163498.29263566,0.18992248062015502,1.6046511627906976,0.03731746890210925,0.08638231144711178,0.6317094151881837,0.014076791933146154,5.24021824307418,0.0006742453939631517,70695946.7712277,69.30245041463616,0.0020246806046334107,0.061813963565299584,0.000502968564894056,0.004703445722320972
0,1261,20,0.9294809894901647,61.49558847808436,67.07190171748523,2662.3200000000024,57.158980427889816,983.3713995649643,0.36936634197427937,2663.0000000000005,0.18600194528454195,1.1795261758268736,1.7804854250290671,66770307559.123795,0.3176112993850444,0.28770903163750505,3.554041105635401,2.37926329303145,0.18375541485298527,1.465720671405123,1.4527965787811927,0.6236890505916158,1.7555742424398342,0.12103966650519778,1001.4657493652444,0.5241809266359565,2670812302.364952,0.90867206013225,0.05747179355799204,4.09791861727669,0.6136401671605686,0.1023295173034114,0.16487342833002627,0.01209974850250603,0.8627790842491433,0.01209974850250603,0.09410457890853378,0.011948278299290984,0.9939501257487471,0.9939501257487471,0.9987900251497493,0.9969750628743735,-0.7238204969621206,0.5956871571149893,0.01209974850250603,2.014875735114885,0.9024057324373008,0.3867522884699166,0.8889318258862289,0.9494845746803429,4.02975147022977,0.3746525399674112,0.044243294208133076,0.9718992060104182,53176.069079984976,0.7987393027410437,0.906905842698562,60494.842403304545,0.0471005107050358,4.1206158467893355,76.42515959444236,312.4315133308299,19.47622689531439,0.2563629156757208,0.014286193837766536,0.06030108602417894,0.0037080528433223094,1517.3088357250228,0.5857417588757906,0.2493330559553312,4.69377611029485,4105.598937767443,16450.597614102277,1027.8458931905689,0.2819204958379919,5.444205374831773,240.30257587065776,0.09568334622266476,0.03873450995118288,3295.0329473915144,0.13491563173065302,0.7167882682750675,0.03660763064593588,20.868852459016395,0.3421123353937114,0.6917495296963182,5.163934426229508,64704839.68852459,258862202.59016395,16176165.083333334,0.4143897996357013,1.4918032786885247,0.02445579145391024,0.05281954332290134,0.28807006476136565,0.011904432816639986,5.75442770637986,0.0009162598573037927,63513700.041924216,54.17235767092142,0.00244102325536299,0.03807668162130405,0.00019815713133749664,0.0050991162459970655
0,1261,20,0.8846455965743557,50.534918401094444,53.91140881112271,1689.3999999999955,44.70549303677259,773.5724096917013,0.4578977209019198,1690.0000000000002,0.18835198659385413,1.287459493347322,1.8513192589961724,42380844642.4216,0.1695030731378955,0.3090961166991433,2.7116472015668114,2.277547600402703,0.17442051251333307,1.5472372917670207,1.5270544546407678,0.7715078398780242,1.5060397605246787,0.12581515609996888,1001.5472602995472,0.22981350758984143,1695233785.6968644,0.9559913269143238,0.04608675792301735,4.07533420462431,0.2735482123138865,0.08983232013688722,0.07687844234340466,0.008836376176692352,0.7933921074358448,0.008836376176692352,0.07275738012287147,0.008755672895607438,0.9955818119116538,0.9955818119116538,0.9991163623823307,0.9977909059558269,-0.6424794166788085,0.43608820789411695,0.008836376176692352,2.0145281497656953,0.9488070546921283,0.2232245382278415,0.8385910145159825,0.9739420182617762,4.0290562995313906,0.21438816205114977,0.021428704630024255,0.8695487319149243,33157.30755029586,0.7847883443857008,0.9555736362172192,40390.63356213018,0.0222141107104093,4.082272189349112,76.03687573964497,308.31081656804736,19.0313228139382,0.2502077580539119,0.014394099847039408,0.06029508034530928,0.003594242743606805,1340.2111913928156,0.7541275545734079,0.1303208816805489,4.537147323791535,2994.130048734595,11988.525037900721,748.6094618342925,0.24874272355949706,4.824771068703984,189.4385284943121,0.1134570589354128,0.04188165680473373,2293.7724918672184,0.12428064042951602,0.6363863524128859,0.030454689211415406,20.88235294117647,0.6141868512110726,0.5302768166089966,7.382352941176471,50103753.4117647,200422592.4117647,12525911.04738562,0.2540849673202614,1.7647058823529411,0.05190311418685121,0.10863958138379101,0.9398127800167102,0.015775531800825908,4.771142620598464,0.0008047337278106509,48559581.69896193,24.40126571302658,0.00525030795852199,0.03156702197040856,6.704980990165551e-05,0.010807363834372115
0,1261,22,0.9200821857595219,74.2711692567116,79.21262525633146,3899.1199999999976,68.33557974863062,1119.6390185883133,0.2871517210520102,3900.000000000001,0.197701610787075,1.3629139405157542,2.167418775981865,97844034810.6834,0.8527064890629963,0.48531751087772723,2.359574997325962,2.5311820348759415,0.2582379610070126,1.7626807422556687,1.7620140674513745,0.42449618915619375,2.1066858457197477,0.1966602226461654,1001.7627274763497,-0.07659200023751386,3913761392.4273367,0.6129864396581196,0.0936329447941344,5.2549084403062825,1.3913610607201548,0.6811659483852883,0.758256605011183,0.02181494816196805,0.9440555756963441,0.02181494816196805,0.15103563406643533,0.021324956014631323,0.989092525919016,0.989092525919016,0.9978185051838033,0.994546262959508,-0.8245400245299904,0.8680630393084893,0.02181494816196805,2.2518431583353,0.5939623805109846,0.998978983164962,0.9450200535829738,0.73064924487295,4.5036863166706,0.9771640350029945,0.19501788829328773,1.6350108192110593,74904.92071794871,0.7682555971071663,0.9380121431689676,59766.177866666665,0.196001033425378,5.277025641025641,75.96168205128205,396.85803076923077,16.54640398860399,0.2166809116809117,0.014366528599853996,0.07734081155073615,0.003080325798756244,2065.5899201949696,0.5004320499245716,0.26325317849623,6.0725393608353775,2825.344486594485,12680.20774368193,668.5921496875437,0.19954154767887106,6.085315046422442,272.4712436274726,0.06704337147383495,0.0422974358974359,2176.0303621714065,0.0969177027203646,0.5884096378269049,0.019252461007303386,33.986301369863014,0.4655657721899043,0.3302683430287108,5.7534246575342465,75183216.60273972,333304250.2191781,17891522.840943683,0.2378234398782344,2.3424657534246576,0.032088571964721334,0.10270186737395604,0.4888480563271583,0.023574433735636426,5.617571990238665,0.0007487179487179487,73399345.3323325,177.6097531908931,0.0009538904792113807,0.08457876005000416,0.0014238816955225622,0.0026181979156754583
0,1261,22,0.9156092070943482,73.2610372328372,78.88751485501366,3771.020000000007,67.07848021166758,1140.584603000588,0.30246050219849957,3772.000000000001,0.19085645162495385,1.0632406456752739,1.855219362658146,94578603617.74391,0.6353236366268249,0.3928060695621376,2.965487443830448,2.48654732000425,0.24080714101737183,1.4760837925250085,1.491408094479185,0.549256268245174,1.937291051759076,0.1654392327852273,1001.4761301262026,-0.02455238534058879,3783144144.7097573,0.786159646398253,0.09280414200477909,3.9871312739134144,1.6513879940327005,-0.14227892674080195,0.43196577180029927,0.01593901065058306,0.9286612257557292,0.01593901065058306,0.11759756765669352,0.015676593266815985,0.9920304946747084,0.9920304946747084,0.9984060989349417,0.9960152473373542,-0.8147101593270015,0.7955721631581709,0.01593901065058306,1.970564202941421,0.778901316876821,0.7295618698645533,0.9359859885965327,0.8791865272016869,3.941128405882842,0.713622859213971,0.1119761956127206,1.2924993748561566,75436.49143160127,0.7999627935482637,0.8770146903735624,74134.85465535524,0.11677591979299387,4.015662778366914,76.54782608695652,305.45598091198303,22.452624307764815,0.2971859903381643,0.01422201657724085,0.058007882467035754,0.004348370709322289,1579.051156719735,0.44402512079381606,0.3948881867352552,4.455175352272539,4541.97472252214,18122.318317460744,1163.518464175267,0.3642415721182291,6.011538048403141,283.70057774539697,0.081561536414777,0.037637857900318136,3705.6963915343376,0.12243153663030591,0.5929601558276385,0.0416260383940357,25.375,0.396484375,0.4599609375,4.09375,104413600.5625,417343658.015625,26416322.987413194,0.4348958333333333,2.21875,0.03466796875,0.0833528886746586,0.3115081442566499,0.03367351774259595,5.451259133144301,0.0006786850477200424,102242582.49609375,107.5946780381971,0.0013718513272994559,0.04919907886330609,0.0006354355316733214,0.003056088310027931
0,1261,24,0.88102411288248,79.18896103933493,84.50230766079706,4203.180000000015,69.76738414976532,1145.998816562964,0.27265042576405485,4204.000000000001,0.20054403893325745,1.6806205855628318,2.2476221199634816,105513082371.95352,0.9885149558999151,0.3087976910974821,2.8223153992518313,2.590770256419644,0.1774334277766293,1.9632360909291564,1.9648062857405102,1.0668665036492704,1.5239037527703738,0.1272155152262966,1001.9632601119716,-0.13592582794256045,4220523294.878142,0.5079396784902421,0.04813640344685712,2.302437012049825,0.9958609955246472,0.22851910089252836,0.9548462140258687,0.030368920708833444,0.9383542061428762,0.030368920708833444,0.19548048863482181,0.029415719461627264,0.9848155396455833,0.9848155396455833,0.9939262158582333,0.9898770264303888,-0.8027525392861268,0.8918429214351472,0.030368920708833444,1.4392071574680807,0.47797671317102164,1.1844533768239898,0.9383542061428766,0.5456083821775027,2.8784143149361614,1.1540844561151566,0.2463037836836755,1.899192183130727,76526.1685061846,0.7281271979656002,1.0595161148686265,53384.460209324454,0.2460301607548789,2.3109800190294956,75.06862036156042,173.58097050428162,50.44053282588011,0.6722549952426261,0.014585124381535397,0.03365927748447232,0.009816586105801169,2658.6952927996504,0.5092985771135266,0.24535071144323667,2.296389650214211,1554.011367711778,3510.6563434708987,1064.850123771998,0.6759025874464473,6.194015234895968,285.10603559599485,0.054910653635039886,0.04964319695528069,1085.4316814358526,0.07990919134860455,0.17686776784441288,0.055669547224652505,31.50793650793651,0.5001259763164525,0.24993701184177372,2.4761904761904763,73484410.73015873,146712373.3968254,55177420.06349207,0.6309523809523809,1.5714285714285714,0.024943310657596373,0.014753238487098511,0.034783952766774796,0.009745559917179436,5.69934698692328,0.000599429115128449,70701339.42756362,2538.958358975705,0.0006332598305693677,0.030050059706540885,0.007391714833447513,0.000633388867964435
0,1261,24,0.912143480069601,85.56468308593875,92.62418690601285,5119.3799999999865,78.04726780106071,1337.6639969245634,0.26129414048665406,5120.000000000001,0.18961233110234144,1.2030661891049335,1.9094427182436993,128399689719.5235,0.35854479340441503,0.34558741535107185,3.131705471269712,2.3223420528328016,0.20865778474101998,1.5600369074449163,1.5707673686966486,0.043195095122410036,2.2791469577103918,0.14662849758728733,1001.5600710560387,-0.21072684735033112,5135987588.780941,0.8913258743896484,0.06840373500230676,4.175458733289237,0.7420798089759602,0.1926477843468056,0.20485473189738262,0.013216211372721054,0.8786211958881069,0.013216211372721054,0.10117014221288012,0.013036873325640215,0.9933918943136394,0.9933918943136394,0.9986783788627278,0.9966959471568198,-0.7408926856717478,0.6366451554160281,0.013216211372721054,2.031637033134192,0.8812564083999688,0.4419793064787732,0.8801988543952259,0.9378731878748093,4.063274066268384,0.4287630951060528,0.05451773581752591,0.9436066995946655,105690.907265625,0.8257102130126953,0.7499535898437502,114089.711921875,0.055991427673339846,4.1865078125,77.19328125,320.5351640625,19.47411263020833,0.2530431857638889,0.01392183791818232,0.059396215584106904,0.0035649715755342293,2328.541726612367,0.5637162317864373,0.2617188679333486,4.8922988648663255,6307.022491198403,25297.97471153036,1577.743407753313,0.2696042468406432,5.806639485589646,331.0478975348614,0.08128577576903429,0.0321015625,5155.438222141538,0.11284703423806805,0.5504128164498595,0.033428990955611325,33.97727272727273,0.38610537190082644,0.7602014462809917,5.670454545454546,163729370.47727272,655026092.1477273,40932269.17582071,0.4005681818181818,2.090909090909091,0.023760330578512397,0.07867788567002201,0.39122546605505737,0.02824801142285177,6.084209459448026,0.0006875,161613667.9979339,113.91993950323466,0.0011712959589307383,0.04441400980273904,0.0002523686538496031,0.002508812280499026
0,1261,24,0.9562802919256213,86.92686251534779,93.2482707614463,5565.259999999997,83.12644546235512,1290.4924240492974,0.2318835820876829,5566.000000000001,0.20492370629974918,0.9479084788348804,1.7463117090456945,139538900943.77557,0.6819334081262093,0.41076976038047763,4.928426049250358,2.3128828421213834,0.25369080850483616,1.3963884080353228,1.453661376674647,-0.8346091776890675,3.147492019810451,0.17418864521574226,1001.3964412309768,-0.8367329048002626,5581556037.751024,0.7486020733912805,0.10579340838810108,8.454733978533632,1.8590866648704685,-0.5925476781579594,0.5188400171805709,0.01681530645082931,0.9371424442772921,0.01681530645082931,0.12277085069210059,0.016523417262515484,0.9915923467745853,0.9915923467745853,0.9990108643264217,0.996636938709834,-0.8221291502870369,0.8168789480030516,0.01681530645082931,2.886040155296669,0.7370196735604687,0.7888655635890155,0.9394864366362465,0.8502067548551282,5.772080310593338,0.7720502571381872,0.13391383090785003,1.3104037022803778,113313.00924182536,0.8143227397903369,0.768326679060757,104167.9785123967,0.13701766479378094,8.463363277039166,77.01918792669781,654.2912612288897,9.861589262187088,0.12964342036970497,0.013958136119062148,0.11745053526807243,0.0018560463949263792,2157.509870253715,0.46234574797414824,0.36542059531277726,7.856298244691153,5758.640983018877,51355.97907700418,654.3643841985231,0.16070701305176033,6.28743851953528,304.2577305052003,0.065856681191278,0.03347826086956522,4716.853381152388,0.10042414991122159,0.8666701240157062,0.01536926621359754,29.975609756097562,0.36555621653777515,0.5502676977989293,8.146341463414634,167704423.4390244,1500606612.4756098,18883439.495003387,0.1742039295392954,2.097560975609756,0.02558001189767995,0.07508586432462683,0.7516466785080205,0.010371212742266002,6.012860998441351,0.000589292130794107,164824779.9976205,71.31199205275837,0.0008891551268446864,0.11350063916553312,0.0003878425791118125,0.005198421528433117
0,1261,26,0.8524105650650984,93.57522489997503,102.922495111613,5699.9400000000405,79.76451033308138,1395.4380084615934,0.2448162627083063,5701.000000000001,0.19179157521856208,1.453021742111816,1.8506056237042734,142996798153.38803,0.12295180230326176,0.18608179530165092,5.096112128341161,2.2159223527077585,0.1237944929122497,1.6537604403591353,1.6636098225000193,0.5745233331135895,1.641399019594169,0.07941992496423593,1001.6537742567607,-0.7380754239316978,5719871926.135522,0.9705375165089036,0.027678501322897845,4.047745778892395,0.19788494458462141,0.057877096901130826,0.054238404618044245,0.005373390343797862,0.8197610557116286,0.005373390343797862,0.048143052127973186,0.00534375411452747,0.9973133048281011,0.9973133048281011,0.9994626609656202,0.9986566524140505,-0.6861642849428793,0.3941847317838962,0.005373390343797862,2.008862743049446,0.9650877376608852,0.16185429152049297,0.8363154339657135,0.9823318029615935,4.017725486098892,0.15648090117669575,0.014902948740460525,0.5687296911486979,124445.79085072794,0.8731506111259635,0.5382898228171764,138325.8595404315,0.014842445271820744,4.049380810384143,78.23572706542711,315.8813822136467,19.598516634508567,0.250728527158978,0.013387981410836632,0.05465130687004251,0.003366904872611891,2576.1114999833403,0.7748651401767451,0.12085711454398587,4.405153571116035,10097.280812775676,40408.76701308732,2524.46687108628,0.25740319196552053,5.357441773576107,313.6944438729149,0.1026160083740948,0.02317312752148746,7810.626590501408,0.09089847145994358,0.4275795664725817,0.024178614247674278,24.441860465116278,0.5684153596538669,0.6684694429421308,6.976744186046512,458089421.0,1832383794.372093,114522182.72157623,0.30684754521963825,1.5116279069767442,0.035154137371552194,0.0278673032391503,0.21685503041682422,0.004442150479305739,5.083127836047122,0.0003017014558849325,447103279.5045972,48.31285052185801,0.0026306882489265525,0.017944890178156696,2.648070793965417e-05,0.005360851563962121
0,1261,26,0.7532212068201857,107.12234744155649,112.26415278262249,6678.820000000031,80.6868238173404,1607.6217746456985,0.24070446196269565,6680.000000000001,0.1802066949334447,1.2690761685824439,1.677585801315912,167491479194.5917,0.07389011338499149,0.2281113435832265,5.645325956655587,2.150577264217277,0.1338655750003864,1.4703988053993071,1.4696204314265318,0.16629427787647982,1.9842829863407974,0.09350354680322875,1001.4704135366017,-0.3074233673822247,6699659167.783669,0.9841610083545486,0.02950572640159936,3.9954797892989578,0.10205823593935312,-0.020661757262235143,0.027094578464827726,0.001994565114290265,0.8622382503277283,0.001994565114290265,0.02072014839638315,0.001990458518095629,0.9990027174428548,0.9990027174428548,0.999800543488571,0.9995013587214274,-0.7601758858354408,0.3148441037918532,0.001994565114290265,1.9972993629407108,0.9835389911536727,0.08512311151293295,0.8903881412592113,0.9917230973495956,3.994598725881422,0.08312854639864332,0.007272285894779499,0.4560211875060005,149362.66189221558,0.8943871969593746,0.4608257357381046,164354.8883952096,0.007958369213668472,3.9942934131736525,78.67377245508982,314.41520359281435,19.88211393878909,0.2539549234863606,0.013241741132247976,0.05280434380954644,0.0034160192033261512,2705.2811467719225,0.8267377687461687,0.09183984624708304,3.919209871132983,15974.705104929848,63896.956773461025,3995.1376700809565,0.29803932701588665,4.766588142930031,398.4450059059985,0.13480365643231385,0.019523952095808383,12709.706414433005,0.10119643515005049,0.3834112171827704,0.0353914456186581,12.6875,0.396484375,0.75,3.8125,852343818.5,3409364903.09375,213090095.89322913,0.609375,1.625,0.05078125,0.1181265911367977,0.5110280233096771,0.05770288455229666,4.937499999999989,0.00019161676646706587,825108466.9375,21.599132183837224,0.005850557164154805,0.006247518549094818,5.4410744748663654e-06,0.011817426715775157
0,1261,26,0.8929885343195079,98.52025947800394,105.71395366743221,6716.219999999986,87.97746211204033,1369.923289835822,0.2039723668724111,6717.000000000001,0.21206604637538595,1.1019944030673718,1.6559760362726479,168379443470.23636,0.37159794286314834,0.2791211551301227,11.47848424012137,2.1688299901882044,0.18825692856230994,1.3521625899118952,1.3585564461655453,-0.9648909476347478,3.133720937822952,0.11665522992116642,1001.3522001743559,-1.7688975891427847,6735177738.809456,0.8819042090545989,0.07527052972664953,8.692673643004623,1.5664963104535854,-0.5650785342810267,0.27312840500679514,0.010065804105317627,0.9289026371304498,0.010065804105317627,0.08100434277176818,0.00996142534138773,0.9949670979473412,0.9949670979473412,0.9994078938761577,0.9979868391789364,-0.8051856157198944,0.6701320953102157,0.010065804105317627,2.9371598510504224,0.8732806435890985,0.44255060824911274,0.9337713392691844,0.9330311479264819,5.874319702100845,0.4324848041437961,0.0707985522780282,0.8622342320192727,144515.09024266785,0.8605930638241349,0.5775090101533334,148093.76430549353,0.07096646846013357,8.697085008188179,78.04465684085157,681.2736995682596,9.458707549666682,0.12253432418573107,0.013510310168432415,0.11631766061267662,0.0017114201475699092,2474.5564441275883,0.5907978988347758,0.26108382642222727,7.827700815321989,10226.845345987209,91773.06577765004,1145.5969560388162,0.15882592215672653,6.000712508399883,300.5534116465358,0.07475722237651898,0.024807205597737088,8310.99130892321,0.09628926344814101,0.7551369340276551,0.015731186053958297,34.47692307692308,0.530414201183432,0.5931360946745563,5.707692307692308,380711147.52307695,3424501110.923077,42356489.22168803,0.27179487179487183,1.8615384615384616,0.02863905325443787,0.08634483654513245,0.33011830190830904,0.0432147607618836,5.714675505336128,0.0003870775643888641,374036874.00236696,45.730704772396784,0.0012817986940636857,0.0667261511942253,0.00012022697893701214,0.007086214359652996
0,1261,26,0.9121266380234612,81.8752394967029,88.09562985755878,4700.06,74.68058693949331,1202.710086400195,0.25589249635115185,4701.000000000001,0.2020671331487922,1.186013887915696,1.665258356077281,117858431835.12474,0.2063035733607242,0.2441396775585971,4.795413866800142,2.103997674059959,0.15511013589220948,1.4175314310881728,1.4186793041710672,0.2596803515858518,1.8443173224741072,0.10286513501011416,1001.4175523249249,-0.545348557888211,4714337273.40499,0.9398132989396409,0.0418469092806565,3.9129918051062433,0.39128384189157317,-0.18878335851049402,0.11168742661855098,0.007754737410530208,0.8700551675482011,0.007754737410530208,0.06525603609480389,0.007692021618071992,0.9961226312947349,0.9961226312947349,0.999224526258947,0.9980613156473674,-0.7340223810735547,0.5091057968092795,0.007754737410530208,1.9715498006815992,0.9328030274988824,0.25902872412645694,0.8754770150774812,0.9654526602096232,3.9430996013631985,0.25127398671592743,0.029860541007270293,0.7020095118474896,100732.92891725164,0.8571191569219455,0.6115734328907828,110451.5579578813,0.0301911567648372,3.9156434801106146,77.8721208253563,306.0386641140183,20.890859864331464,0.27229927438606444,0.013580550114268371,0.05267509428125406,0.0038536074239315077,2166.3861129676743,0.6988433514754042,0.15664787207959643,3.548186711550591,7960.91826004631,31795.095796125817,2002.656966675514,0.3760252776617764,5.4952337302377,275.56934273825067,0.09550247657047771,0.02627526058285471,6197.029207628241,0.09904384426574202,0.3405980396938268,0.042108685857211135,28.11627906976744,0.6538669551108708,0.5592212006489995,2.441860465116279,301628302.25581396,1206387605.3023255,75438648.89728683,0.8204134366925064,1.4651162790697674,0.03407247160627366,0.1138806734328396,0.43991532203402783,0.06796467888467356,5.286729870981155,0.0003658796000850883,294158250.5386695,59.05013936028199,0.002188308461313129,0.0295199130862094,7.854106649517126e-05,0.004563994388053962
0,1261,26,0.713371737885132,62.91543609524075,68.83778032447009,2106.3999999999974,44.88209398706285,851.9405337784285,0.4044533487364364,2107.0000000000005,0.19097040687190267,1.4164681692870218,1.8199280781347347,52845758027.2069,0.07766002907202293,0.2108254692913547,3.674395210947799,2.107871529831365,0.1272062682986797,1.6195393826567124,1.6233419217914045,0.8559643050881521,1.2519072247432126,0.08719072205717074,1001.6195525703639,-0.34382292093049116,2113830321.0882764,0.9829239738535119,0.026418130481693714,4.027463067767476,0.11224195162643764,0.03414975482988889,0.03119855806456738,0.0038499534378925535,0.7804915874692303,0.0038499534378925535,0.036290772063011706,0.003834400019596756,0.9980750232810537,0.9980750232810537,0.9996150046562108,0.9990375116405268,-0.6445584848919097,0.310974331432236,0.0038499534378925535,2.0051498485757993,0.978724909752167,0.10725468351681362,0.78783863874611,0.9892863730978297,4.0102996971515985,0.10340473007892172,0.008762127875614983,0.6679992296738686,43390.84151874703,0.8237463980777795,0.7476138571250622,51775.52032273375,0.008574212160112662,4.028875177978168,77.02889416231609,309.74289511153296,19.273364973896534,0.250374940673944,0.013833759616979384,0.05600115475499909,0.0034809289449098516,1557.9730960764675,0.8866864449844327,0.05857887043842233,4.188956210327719,4377.362873216909,17515.85974131227,1094.3583894013211,0.25385395056714494,4.5550322315682745,209.46976994426262,0.1344312719537609,0.03326056003796868,3245.6449621874012,0.09056790958977198,0.39371663202768464,0.023339309220206356,6.714285714285714,0.47959183673469385,0.6734693877551021,6.571428571428571,194238941.7857143,776964003.9285715,48559711.646825396,0.32142857142857145,1.0,0.07142857142857142,0.08159809684239146,0.16232233796657675,0.07262344570124632,3.8073549220575997,0.00026578073089701,180082535.53571427,12.410077526808559,0.01016888750922777,0.012443896875397839,1.0751337696733579e-05,0.020447133133837305
0,1297,23,0.8079927319288783,109.3207910192263,118.40624983504884,7413.579999999965,88.33040459225066,1781.0692926563793,0.24024415905087523,7415.000000000002,0.17137130548831409,0.46863287214990135,1.9985914094481734,185894873150.9575,1.3241871185740455,0.7920827414016152,3.5110815048372532,2.261626281397842,0.47990818963596066,1.4010596524643792,1.5750338669305313,-0.8007139651136076,3.0623402465114498,0.33473143380114867,1001.4012384971846,-1.0932722703263227,7435794926.038301,0.5085518494313389,0.3581906165702014,8.47524377015819,10.142488058206881,-1.3580803724290809,1.5480911894944052,0.03872347246582511,0.9512066079839074,0.03872347246582511,0.23525795782865083,0.037166827475715467,0.9806382637670874,0.9806382637670874,0.9977221486784809,0.992255305506835,-0.8102779441445279,0.9396819425873055,0.03872347246582511,2.845681204049832,0.48002827912575885,1.5775015141095494,0.9628026671883155,0.6627859790655872,5.691362408099664,1.5387780416437251,0.3967036654900576,2.3086813221997975,129375.2408091706,0.6979109416543255,1.1811286410180746,94272.79908833446,0.39474851966067215,8.481688469318948,74.38187997302765,629.7641159811194,11.98170588896381,0.1618632276916161,0.014997940518281686,0.12764060979332917,0.002453873255955493,3827.266784559656,0.3708739819745051,0.5675657249520625,8.659295804855041,1399.8238047831574,12109.154481525515,189.5105888536101,0.17082768053735237,6.702893266108113,573.9037252369727,0.05465113788117977,0.05553202966958867,1022.6938225901272,0.09184130233078591,0.7847881299175119,0.015277019906558713,62.37864077669903,0.3028089358092186,0.886440757847111,9.62621359223301,77447811.1407767,682312913.4611651,9224710.870314185,0.18564590075512408,3.2135922330097086,0.015599962296163635,0.06799896761336036,0.5580339127134004,0.014998730583131904,7.17779184990418,0.0011112609575185434,76638029.57265057,224.8785011767477,0.00036837364807182875,0.23234053951484074,0.0025388482853057623,0.001971527691914415
0,1297,23,0.8653216954020629,99.88309642466439,111.35905890406943,6614.640000000016,86.43101034019833,1722.5840112821288,0.26041991873815123,6616.000000000001,0.16737000401932833,0.22059978533741778,1.7246783369207892,165740759458.49207,1.388859660069411,0.8298980858784988,2.9892134030409183,2.5144943213233444,0.4823933290026541,1.0293990448012589,1.1155702596425252,-0.8933948233817076,3.407889144705052,0.34096656466562,1001.0295771755409,-0.5600331441660628,6629630378.339684,0.43682442512307557,0.35662824610841604,6.819322045872755,7.82489785461246,-1.1636593097895807,1.6469560789137458,0.03177140543290431,0.9621410844747688,0.03177140543290431,0.20208690047457684,0.030716965579848307,0.9841142972835478,0.9841142972835478,0.9981310937980645,0.9936457189134191,-0.842514787255256,0.9499461901614483,0.03177140543290431,2.532888829794951,0.4145335132912377,1.600382641726427,0.9654722982852323,0.5339372504439318,5.065777659589902,1.5686112362935238,0.41968187108666255,2.2880514264871232,120592.30954050786,0.7290949790840862,1.0977594222499705,72250.75991535671,0.42157494970238135,6.83456469165659,75.03925030229746,513.7141293833132,16.09127275628107,0.2157542321644498,0.014761008424037806,0.10095477702820346,0.0032158531089614187,3122.7581828629936,0.3756535962833924,0.5472802353080531,6.711092749631048,1899.0209281199168,14772.908529944647,314.82868403432076,0.23256816883781906,6.7015195408533295,491.2329920338258,0.058630964459745596,0.05013452237001209,1429.4247645635448,0.10167822185850578,0.7511424791778717,0.022035558593674478,50.18343195266272,0.2969433843352824,0.818738839676482,8.195266272189349,61038822.75739645,460129104.9408284,9607860.258464826,0.22764628533859302,3.1301775147928996,0.018521760442561534,0.06242988252661343,0.5103848286592404,0.010879869586159973,6.88597085634928,0.0010217654171704958,60080972.542067856,192.01827155321462,0.0004868827238488296,0.19164822807639542,0.002232474659331245,0.002546184085391089
0,1299,17,0.8692463938978755,89.42157865373153,95.0843835758533,5332.459999999984,77.72938478141137,1474.065425459571,0.2764325331009657,5333.000000000001,0.1756111048979091,1.5209230663036124,2.202354575345533,133811793211.17804,0.8502663821716843,0.3428742807011167,3.1469041862145968,2.5924148446348205,0.20597405249345388,1.8238916335320867,1.7979218145927491,0.6496948016304925,1.942720043004328,0.14531799106083448,1001.823925289477,-0.09169760094958172,5352471728.447123,0.61760517424051,0.06743466034218883,5.239275198944228,1.4100731015925871,0.682821007869344,0.7557874045892238,0.020953799947843507,0.9460438642778439,0.020953799947843507,0.14630418883941013,0.02050186753739195,0.9895231000260782,0.9895231000260782,0.9979046200052156,0.9947615500130391,-0.8293268471842637,0.8689261111356368,0.020953799947843507,2.248458704453041,0.5971169858713123,0.9934337516813668,0.947751678726136,0.7336058189200919,4.496917408906082,0.972479951733524,0.19418530113426682,1.6181515233986663,103555.51528220513,0.7767149092983697,0.9158340599550177,82342.20985561598,0.194323421831153,5.2436602287642975,76.15826739171199,397.59075192199515,16.598012792466196,0.2182190553576265,0.014315714240359977,0.07588848061389136,0.00314149777367169,2813.7623431705324,0.5173389451842774,0.268879750610015,5.618320505198954,2881.7317368073773,13652.250894311393,661.7836705686624,0.2230809241597761,6.250997568788382,347.53972364050344,0.0643569853347557,0.040720045002812684,2178.1869618244446,0.10562311315260184,0.5990716435411959,0.0256743000916634,40.92079207920792,0.4051563572198804,0.5885697480639154,6.188118811881188,102032632.04950495,435813496.3069307,24739359.857535757,0.308030803080308,2.762376237623762,0.027350259778453092,0.08928840174793835,0.5834279644284508,0.01885324156771074,6.0738595024680695,0.0007575473467091693,100290101.35398489,232.04701456092707,0.0007254439201517422,0.0806419862082412,0.001365324774896307,0.001968588975386821
0,1299,17,0.9332940698647406,86.90166853179831,91.63099912147636,5416.279999999997,81.10481190207871,1285.1953677744496,0.23728377553864466,5417.000000000001,0.20299546430734,1.1833943375046403,1.893810249136635,135835838819.44313,0.4358442498070153,0.36167509975262235,3.8890911993374093,2.3581867523963265,0.22032337950887723,1.5156613329021182,1.5086741743248657,0.11942559262045478,2.238761159775872,0.15155461278269844,1001.515701313478,-0.40703663782942195,5433433552.777726,0.8673509708546129,0.08008234744599119,4.0445229830708955,0.9797870229128421,-0.031538793284224896,0.259087140512514,0.018573461273225067,0.866139340878278,0.018573461273225067,0.1328261848398375,0.01821558840621809,0.9907132693633874,0.9907132693633874,0.9981426538726774,0.9953566346816938,-0.7162820818799659,0.6794516211279644,0.018573461273225067,1.996094806062247,0.8506784206984489,0.55589129561079,0.8840021126069314,0.921282779904867,3.992189612124494,0.5373178343375655,0.06941515044643479,1.0854065307713028,108948.62968432711,0.8044942195630579,0.8165874021129237,117461.00522798597,0.06999329551716885,4.058305335056304,76.77555104301274,309.65623776998336,20.744454905339158,0.27268906528828996,0.014111184812023662,0.05817843756274688,0.003966077519894416,2553.9348706824358,0.528205995059818,0.304769969548482,4.532296046400514,4193.522326784421,16755.071674443585,1062.903970685716,0.3192572345625413,6.244063077241398,311.57174062569067,0.06486062147796735,0.035569503415174446,3258.9570004456864,0.109515533397682,0.5339453540748148,0.037154511971420084,56.608695652173914,0.4102079395085066,0.8393194706994329,5.565217391304348,114688933.61594203,458672319.8695652,28701771.287640903,0.4384057971014493,3.652173913043478,0.026465028355387523,0.08811674154523909,0.3502435650321118,0.054224082807338245,6.308498166967211,0.0010190142145098764,113725904.28255619,167.81798982721176,0.0008169355408727283,0.055462051726703133,0.000437455482009109,0.0017407076478530357
0,1359,11,0.8535189346963361,19.091610366918708,21.54158768521949,179.51999999999987,16.295050942009983,257.1126983722038,1.4322231415563946,180.00000000000003,0.18473016814517862,1.375238964512961,2.563137535497931,4518480074.906231,1.0978147546469101,0.6290842047788303,2.8795037721064207,2.8649848032200107,0.3703665754325074,2.051135027314779,2.1558091216037516,0.6532881311651845,2.2116966720548263,0.2657463356601657,1002.0512378678526,-0.7467098935579978,180739202.99624926,0.5088406913580247,0.20610296589281188,6.918486128086217,3.5195591104691357,-1.0294461590511226,1.1522654157595236,0.057935608872094646,0.9044107112759365,0.057935608872094646,0.31731279354291003,0.05443968386780334,0.9710321955639527,0.9710321955639527,0.9942064391127905,0.9855160977819764,-0.7064653374885475,0.8903066390575937,0.057935608872094646,2.577767454445934,0.4539190866382723,1.445176912235433,0.9049280531279171,0.5831003036296207,5.155534908891868,1.3872413033633388,0.30255025615790454,2.888934888239085,1796.744888888889,0.39927664197530865,2.67271387654321,2289.783111111111,0.2941432098765432,7.008,62.78,440.3226666666667,11.505444444444445,0.18392592592592594,0.020685700498306314,0.14176661078217295,0.0038853357764573595,352.79711151679845,0.5013922540515889,0.30227786087783104,6.942811874739264,86.87607288807823,596.9914391603174,15.66795516787137,0.187706617105085,4.627085416067754,88.29895369730923,0.12881505062582904,0.1558888888888889,37.359553656540285,0.16336772847362513,1.0497882821065316,0.03109594836798464,18.0,0.6428571428571429,0.20918367346938774,4.5,282091.64285714284,2313248.285714286,37830.33928571428,0.2837301587301587,1.7857142857142858,0.06377551020408163,0.03800944047902423,0.1535048738279017,0.009502455113545414,4.3248629576173485,0.006222222222222222,256262.56122448976,15.18897440244356,0.009014956628685917,0.1940694915677167,0.005524497126309144,0.031004770311384874
0,1359,14,0.8630352684534178,37.60282061272066,41.96474710992549,866.3399999999967,32.45256038210509,610.0077343934995,0.7041204774032156,867.0000000000001,0.17104633533203725,1.6362186061698387,2.1370617748161322,21757553281.589714,0.9381907754068513,0.2834667737566825,2.6590185499686227,2.361989233935922,0.15955541773469084,1.9025149131098826,1.9331102496110095,1.2301714851992396,1.1318177487366825,0.11726423777361798,1001.9025334724598,-0.41594187987520603,870302131.2635888,0.5422274648159012,0.03718931928710492,2.052881428380233,1.0637256603918976,0.4744398578489948,0.86976538848088,0.051271671068755825,0.888694936391621,0.051271671068755825,0.2900691572906685,0.048532931874937985,0.974364164465622,0.974364164465622,0.9897456657862488,0.9829094429770814,-0.6956089839803336,0.853936582140436,0.051271671068755825,1.3595057546382037,0.49094853835024405,1.2291237751633122,0.8886949363916211,0.6148584098274186,2.7190115092764073,1.1778521040945564,0.230259264887409,2.3757353077064405,11632.24835063437,0.5366665905713666,1.9505386935288396,11752.78029988466,0.22888626759204939,2.064083044982699,69.22080738177624,142.00973471741636,51.02357554786621,0.7339792387543252,0.017353386953910106,0.03635515007746017,0.012602946173022586,1144.3183141845739,0.5289053126771808,0.23554734366140961,2.141143729677121,352.0860942616566,620.507089588468,284.9808454299537,0.7147140675807198,5.156163319884799,201.49091678811095,0.09327773579734219,0.09976931949250288,231.42546461379447,0.1363290565212576,0.29271578751871624,0.09723237377189296,21.511627906976745,0.5002704164413196,0.24986479177934018,2.4651162790697674,3847276.2093023257,6804051.0930232555,3108082.488372093,0.6337209302325582,1.4186046511627908,0.03299080584099513,0.07046958477124704,0.16490210138909972,0.04686145561678383,5.24021824307418,0.0019838523644752017,3593189.8788534338,4289.407074291206,0.0018189870242671007,0.05072724641124065,0.011600876766024806,0.0018205382724825628
0,1359,14,0.7769949498717889,65.26724223719597,69.01622997527467,2508.440000000002,50.71231761035998,907.59738802793,0.36181745946800775,2509.0000000000005,0.19562013460084376,1.2455187002399626,1.8294209522730018,62920854139.27852,0.28077448743627986,0.2790423954465229,3.510211547094578,2.3479749517048605,0.17921453926969422,1.5599690970036715,1.5850659622274084,0.6966009243780134,1.6513740273268471,0.11849484778403561,1001.5599959546449,-0.4740661327472336,2516834165.5711412,0.9229097090887314,0.0537990773330193,4.032330363913381,0.54681208013286,0.0008113675059153516,0.14599107789807286,0.012385026627436593,0.8435970803710731,0.012385026627436593,0.0957729011531217,0.012224151531880494,0.9938074866862817,0.9938074866862817,0.9987614973372564,0.9969037433431409,-0.6986413674276652,0.5685112691918703,0.012385026627436593,1.9997321937068255,0.9111243906117367,0.36440684393418943,0.852166088086985,0.9542133842864842,3.999464387413651,0.35202181730675347,0.039594026131377365,0.9561121062251576,49790.51483459546,0.7937905912251169,0.8604690307241478,57889.51150259067,0.03972882928750242,4.038198485452371,76.41280191311279,308.1555360701475,19.816226473583985,0.2623094637084274,0.014096734707936287,0.05706823185838113,0.0038141360670606844,1638.6671037161493,0.6754126798858389,0.1892015528098078,4.132034246185816,3393.740258422413,13587.242229619409,851.5445864925123,0.31426649025619646,5.42432392519643,218.6519128166762,0.09584870275525731,0.03848943802311678,2573.938854501052,0.09809018689293797,0.40356681341749134,0.035741985896750365,17.974358974358974,0.4608809993425378,0.9322813938198553,4.435897435897436,92964701.92307693,371881324.35897434,23245292.069088317,0.5968660968660969,1.6153846153846154,0.04142011834319527,0.01306540407567963,0.048878741251334734,0.00906905036945447,4.958353821370867,0.000621761658031088,90377965.8119658,49.57870160569678,0.002653261943848702,0.036618431882145544,0.00016286615741122954,0.0054942985545468155
0,1359,14,0.7377181359686735,66.4582846906294,71.97388415251744,2460.44000000001,49.02748190164656,974.3253100893003,0.3959963706041587,2461.0000000000005,0.18047096353978181,1.126926005239132,1.7379188783890067,61705904077.466,0.3185419777704276,0.3023951656334305,3.5559026897308335,2.1124778200655503,0.1903429540717159,1.4690587703788245,1.5110728633100603,0.4098907600004165,1.7025870600651338,0.12888169086500267,1001.4690881185425,-0.6664450717685202,2468236163.0986404,0.9007550120605543,0.05878255652590479,3.8744110883037237,0.6416166522164669,-0.2603003612537911,0.1884203236200992,0.014667765219377595,0.855579790043405,0.014667765219377595,0.10974848612180463,0.01444138715493642,0.9926661173903113,0.9926661173903113,0.9985332234780622,0.9963330586951556,-0.7009939787211337,0.6013806872897891,0.014667765219377595,1.9572871333278008,0.8855439507868424,0.4169549439655854,0.8596520341738376,0.9400696797881014,3.9145742666556016,0.40228717874620845,0.05077202220986919,1.065928821484552,47408.39354733848,0.7705549540404466,0.9529903272192073,55418.9521170256,0.05030929142324447,3.8824217797643232,75.86598943518895,295.8926290125965,21.170819901575694,0.28477628786852677,0.014383202084542034,0.05518803642952508,0.004332863511816219,1820.8652446612946,0.6849322131898787,0.16921173885528235,3.6145107627250503,2600.759450368231,10364.557228267486,660.7912487809789,0.3721429949160873,5.342867905037373,239.89426769530334,0.09586957410412646,0.04309630231613166,1943.23958625462,0.10288540366356572,0.36138736067906907,0.04344609167675427,22.906976744186046,0.5327203893996755,0.5743645213628988,2.7209302325581395,78945575.27906977,315701419.1627907,19757458.33914729,0.7506459948320413,1.7906976744186047,0.04164413196322336,0.10627544673173447,0.36388103696431345,0.07603639308642283,5.129639463954098,0.000698902885006095,76898346.70957275,58.72220486128252,0.002263032495531498,0.05220234418871897,0.0002438470520035069,0.00482061412913457
0,1359,14,0.8544422827704399,64.65375441636479,71.16066329089409,2695.4799999999987,55.24290151319815,997.7395236516777,0.3701528201476836,2696.0000000000005,0.1844615325561229,1.256815098126389,1.8042028875657683,67607296021.58726,0.16597737064018186,0.2784616621552023,3.1754501248239895,2.20364924624449,0.16865161260340536,1.5366008682188845,1.5499034459169987,0.7079490164816936,1.4957002297627966,0.1157782035579961,1001.5366237082352,-0.2734367327892991,2704291840.863491,0.9592487434951438,0.04575022513339028,4.010246876096007,0.26466561732669197,-0.011016679024968794,0.07218195671694047,0.007988229157695769,0.8004516168091614,0.007988229157695769,0.06694831876104207,0.007922330010767387,0.9960058854211521,0.9960058854211521,0.9992011770842304,0.9980029427105761,-0.6562309268267671,0.4368726190401646,0.007988229157695769,1.9985490834306114,0.9526479272813047,0.21718483985055764,0.8217131535317859,0.9759612284687427,3.997098166861223,0.2091966106928625,0.02004254646865906,0.782234491120433,54883.80462908012,0.8142997719448088,0.7936984705333321,64653.3653115727,0.020695663209150384,4.01553412462908,76.86522255192878,308.0911127596439,19.60157888229476,0.25689787339268055,0.013984253460423623,0.0564678193873439,0.003678258926806182,1734.7528414993217,0.7360315016898396,0.14858874152731746,4.1618005844615595,4487.1041028243135,17949.522645347704,1123.223075101346,0.2940049313703023,5.076852404424989,243.01069784206229,0.11005889937004731,0.034762611275964396,3485.2477689691586,0.11202160965294276,0.49074919230524006,0.03605658482994175,17.36842105263158,0.45706371191135736,0.9362880886426592,5.368421052631579,114478544.63157895,457911551.9736842,28621245.661549706,0.4926900584795321,1.6842105263157894,0.0443213296398892,0.06815037070700175,0.2144244463011432,0.05189330967355314,5.07016731601822,0.0005637982195845697,111332588.95290859,34.79022180553271,0.003689610578432703,0.02425167720054121,5.5935729878807985e-05,0.007546523316202746
0,1359,16,0.779203424898791,74.25430914172017,79.04327928419976,3253.7999999999965,57.85921199672196,967.37139956496,0.2973051200334873,3254.0000000000005,0.20902927591039672,0.9893189104117857,1.6622444262925054,81570150766.97745,0.49042469625526103,0.3525647202745952,3.0894332871115995,2.0708049674504454,0.20892962073916227,1.352160329793896,1.3850830471552167,0.3371012887261293,1.733703678724316,0.14623513348615572,1001.3521943714076,-0.5289831884116865,3262806030.6790986,0.8107307810084057,0.06817528794281306,3.6647742521604947,0.9545263875686509,-0.5275396035859816,0.3535311944481724,0.03083310243258077,0.8396948320247976,0.03083310243258077,0.19673588420351262,0.02981500096222932,0.9845834487837095,0.9845834487837095,0.9969166897567419,0.9922917243918548,-0.6465734351474743,0.6863800326360576,0.03083310243258077,1.8931718025529354,0.7782475564528802,0.6708829682344247,0.8405428370750934,0.8770798556186656,3.7863436051058708,0.6400498658018446,0.0960910742201883,1.3758132582093274,58468.854824830974,0.7187320814361522,1.091383914270895,65952.9490350338,0.09474349002258672,3.6853841425937306,74.79070682237247,279.10242163491085,23.72487946459059,0.3290363996448815,0.014692408982304934,0.05261902882519304,0.005231553840166002,2437.650777351758,0.5781624594032259,0.21365822496873724,3.119575484001592,1581.5380410961673,6244.845526036837,415.73511161547583,0.4734950671885346,5.785673006067343,264.3013413025047,0.0629417992342108,0.05189612784265519,1105.8224295767006,0.07555667315807633,0.21814677344270816,0.04126059933928795,58.55882352941177,0.861159169550173,0.1920415224913495,1.4411764705882353,77863540.11764705,311230629.1764706,19521773.506535947,0.9387254901960784,1.4705882352941178,0.02162629757785467,0.04446879042827904,0.05967776754598167,0.04274764157570724,5.752832142689094,0.0008358942839582053,76432350.13062285,172.10468071881178,0.0008126967631819405,0.12038937880056345,0.0009569373484866377,0.0018802358264421724
0,1359,16,0.8468454428855898,78.34481634130185,83.57655173551971,3979.2,66.34595069233997,1160.4757718251349,0.2916354472821509,3980.000000000001,0.19269335493856513,0.7775720988485564,1.6279467103560454,99746797427.79417,0.7902062258167111,0.4609950330573618,2.9554359792917637,2.3086265386977907,0.26515009917632537,1.239366565404623,1.2863246740444105,-0.08036130693964721,2.388987845637438,0.1902622326170137,1001.2394199984014,-0.5657686784166981,3989871897.111768,0.6448347251837074,0.10699844247188112,7.822961220718313,1.2779147386429317,-0.6958929030913866,0.6830978954889146,0.03938031512052202,0.8910483175529165,0.03938031512052202,0.23722972858924943,0.03772514653327286,0.980309842439739,0.980309842439739,0.9976835108752634,0.9921239369758955,-0.7123159974403606,0.8227312112475579,0.03938031512052202,2.768037355543426,0.603473180516736,1.025878478072628,0.8914422187450338,0.7464192084512692,5.536074711086852,0.9864981629521069,0.18061955265235918,1.8172886197462126,67787.82472361809,0.6812846705891266,1.2479582782252974,64161.05515577889,0.17865751026489227,7.860301507537688,73.86850251256281,584.56416080402,10.448791945840313,0.14302379955332215,0.015152977828484827,0.1172194006692571,0.0022234268206320932,3240.9276468399767,0.5455514421856226,0.233098257949292,7.306675861455827,1322.21833157679,11337.283203113344,162.5679904029814,0.15947151807846044,5.842123968531874,381.9803187503734,0.06403005888613245,0.0597788944723618,968.5088578534371,0.08837515733824516,0.6364800795796317,0.014585203121592071,52.8235294117647,0.5178777393310265,0.3006535947712418,5.745098039215686,56974100.98039216,499637828.2352941,6695164.397126906,0.21745642701525056,2.4313725490196076,0.023836985774702037,0.07561179849416287,0.42520089625380375,0.015759971043231628,6.120811003672546,0.0010251256281407035,56022519.85774702,130.2785678101324,0.0005200276942872753,0.2710843745955804,0.0011580738850052827,0.0031059161448386825
0,1359,16,0.7787570364301305,86.35136777729922,91.89581056827348,4457.079999999995,67.2467352619378,1174.718412512257,0.2635623350965785,4458.000000000001,0.2014634981937935,0.900617519343845,1.692327914861174,111742470428.92593,0.6533388228141713,0.4191929080944683,3.252435213655092,2.2186288796269915,0.24804641990619458,1.3112068960552472,1.3395812713589108,-0.11052874001914675,2.3291576196461383,0.1733433214969666,1001.311255284269,-0.48729426754438,4469698817.157039,0.7325671577060088,0.0969033239158949,8.224133425584789,1.2507817313597487,-0.6383324899002696,0.5105535847062079,0.03406014471404001,0.874952978412504,0.03406014471404001,0.21258886409736397,0.03282693063405026,0.9829699276429801,0.9829699276429801,0.9979964620756447,0.993187971057192,-0.6937819720174773,0.7720415140246554,0.03406014471404001,2.846929924457145,0.6986400842543423,0.8571528089006389,0.8773186612760024,0.8237039319569995,5.693859848914289,0.8230926641866,0.136153432355062,1.5663143644969133,79806.2795154778,0.7160724945309807,1.1277534421763284,81644.60972633467,0.135393619447227,8.245751458052938,74.73168236877524,621.4695468820099,9.748466489706395,0.13257632969443198,0.014813506290225244,0.11974252852496031,0.0020379532117553085,3112.4206075007996,0.5313713014261647,0.2516723429560975,7.402853147569934,1657.9518603039596,14618.974555525285,192.67810472852022,0.15826722605289056,6.040688477576542,353.5910001605322,0.060125956956328976,0.05259084791386272,1207.2808193201859,0.09383747402074141,0.6758821023111664,0.015776355733251472,71.096,0.568768,0.4176639999999999,5.912,69436854.384,622545820.44,7781501.667500001,0.21505555555555556,2.92,0.02336,0.05887623501116427,0.31304891652165023,0.012953446853552247,6.129421585110187,0.0011215791834903544,68641903.82399999,118.08071836818435,0.0005378376330721484,0.23445290804975039,0.0007624020139275038,0.003200479109317721
0,1359,16,0.7902103767663223,85.24846506300158,91.37636455889456,4399.54000000001,67.36422169618513,1137.9988165629607,0.258663136728603,4400.000000000001,0.20661733560684808,1.2255992150415478,1.7781132577710554,110328627821.23157,0.1400753988722648,0.2684533614083524,3.1113695293098838,2.115091470870127,0.166476603852442,1.492626496353628,1.4906627403556572,0.5281528153621441,1.586938655507983,0.11402384654886027,1001.4926488235246,-0.12319881651257791,4413145112.849263,0.9655456061157025,0.044720994906870204,3.975053574037648,0.21587452223610265,-0.061608213962372205,0.06029061625026669,0.007299908966910897,0.7836769469553522,0.007299908966910897,0.06207772045683524,0.007244401043144924,0.9963500455165446,0.9963500455165446,0.9992700091033089,0.9981750227582722,-0.634360182800052,0.3990056681046098,0.007299908966910897,1.9904285653805098,0.9592845348846061,0.1871103762262491,0.7924109323516206,0.9793607785174796,3.980857130761019,0.17981046725933889,0.016897631304294395,0.6301565320597513,94351.60167272728,0.8577418333884298,0.6127556069421487,106210.01667272727,0.017380175123966942,3.9771545454545456,77.89827272727273,310.40471818181817,19.987651262626265,0.2598224747474748,0.013615969121486979,0.05366524525870954,0.003708478482624811,2041.6806209259703,0.7078244076094395,0.16048755574893023,3.7729844080024515,7941.080394957387,31758.151742953945,1987.7471109116234,0.3463188375833808,5.457239845593807,258.8554509049912,0.0944775884235145,0.026097727272727272,6148.020472501619,0.10787490009605466,0.36747685324150015,0.04958712821614742,36.09375,0.56396484375,0.656005859375,2.859375,182404176.0625,729612561.640625,45602445.6922743,0.7608506944444444,2.09375,0.03271484375,0.0965585828587144,0.17337252234415465,0.07946836215144111,5.601409765557375,0.0005818181818181818,179450074.5,51.82947593247769,0.0024686116587304715,0.024561108176117515,4.309079609090194e-05,0.005017152598763159
0,1360,11,0.8413098711576356,14.040645690675888,14.506550244630873,78.85999999999997,11.812533816992541,145.6735064736299,1.8472420298456755,79.00000000000001,0.21609899355052545,1.5306321873139954,2.294140430595404,1982919367.0907319,0.9480592660803133,0.3081654452039766,3.9463970028713438,2.4816206038125674,0.22644389833031037,2.0028539729458434,2.087151151274604,0.9410240502196962,1.5405965535928714,0.14315315562691852,1002.0028972622232,-1.2069399904181637,79316774.68362929,0.5483544303797467,0.08675196090097272,7.337606628837767,1.2662852346976181,-0.5959128418215142,0.8326729694695436,0.06258876598367587,0.8599193089902255,0.06258876598367587,0.3357428591697066,0.05851952796817304,0.968705617008162,0.968705617008162,0.9937411234016325,0.984352808504081,-0.6408954943055287,0.832536847848117,0.06258876598367587,2.6730217485255414,0.5024890605108909,1.2588424704478594,0.8610032273264207,0.6443563084457934,5.346043497051083,1.1962537044641843,0.22381543386330482,2.9156176455527243,665.9144303797468,0.3371718634834161,2.98702131068739,1083.0,0.2308219836564653,7.283544303797468,59.02835443037975,442.90177215189874,9.043684950773558,0.16047819971870605,0.02350284953643905,0.16004744164426202,0.004148082015011558,185.08402732208754,0.49487167082344224,0.2661322531819248,6.65077187211289,56.329195069148724,440.44797626395996,8.125052305898375,0.18199093300288421,4.250811847997772,51.00474225312925,0.13124870106725997,0.18924050632911393,21.056385217265387,0.19348990641293395,1.1348721425519015,0.041275908377373764,10.333333333333334,0.5740740740740741,0.25,4.944444444444445,85528.61111111111,747918.0555555555,10110.756172839507,0.26080246913580246,1.3333333333333333,0.07407407407407407,0.07870815308354628,0.3196028933118391,0.021026011947433216,3.9477027792200845,0.009113924050632912,73489.6450617284,7.6124572100984205,0.01665232131251207,0.24284656991251702,0.00481544653104972,0.06443381887973017
0,1360,14,0.9441274298435499,37.04479880876491,41.1052308106888,942.4399999999989,34.97501068839062,481.85727265768367,0.5112869494691272,943.0000000000002,0.22584650237699405,1.7037998974827757,2.049519298508221,23663767393.501488,0.7177251531756038,0.1781572423286395,7.7390358652126405,2.321152506227261,0.1124793400630035,1.8808791068697877,1.896843308378217,0.98044994539165,1.3407025608356111,0.07481006416955639,1001.880890584509,-1.3001577896972187,946550695.7400597,0.6840982069139241,0.022998454617155762,4.953994367893057,1.16449062257459,0.6698437340196752,0.5791349479682966,0.052933878022972065,0.8325069379650696,0.052933878022972065,0.29742344383995767,0.05004177357846502,0.973533060988514,0.973533060988514,0.9947066121977027,0.986766530494257,-0.6100990277800814,0.7626872377133529,0.052933878022972065,2.1960063943607278,0.6342247766163643,0.9967797737536639,0.8332089211384905,0.7770973315268812,4.3920127887214555,0.9438458957306923,0.1580172064978172,2.0293001499150485,13418.982269353128,0.5692039138643957,1.755109354522749,16127.615227995759,0.15810075063339965,4.980572640509013,70.55817603393426,342.6213785790032,15.963325085424767,0.22293154235890186,0.016703548845012257,0.08749760063209919,0.00362805568992584,1103.4903690432325,0.5298828175679805,0.23766798037737263,5.854473700258794,438.46406276602124,1872.4575430947789,106.32468488132025,0.20004247901213656,5.396421588167569,152.67918664669241,0.07241054379253177,0.08815482502651113,289.53710084164055,0.11978865363909663,0.7412008200774065,0.023933817182436156,42.377049180327866,0.69470572426767,0.23327062617575922,8.0,5775423.655737705,23253206.278688524,1439647.4535519127,0.16074681238615665,1.459016393442623,0.02391830153184628,0.045788200282567,0.28955511852500126,0.01092008830937335,5.602868485103853,0.0025874867444326617,5626060.41332975,96.03675913459007,0.001620194578049598,0.20860236354862366,0.002761641607450887,0.004192282181656929
0,1360,16,0.8865546821735323,46.05644066734999,49.63909749381026,1389.4999999999986,40.831553117886614,699.6729147550753,0.5035429397301735,1390.0000000000002,0.18885963474841425,1.6417365198357985,1.996524892938487,34876771927.359474,0.4546947418577556,0.19039559160035835,3.324421973478172,2.530984494648481,0.11116129247792758,1.8223861688741558,1.819485039637423,1.4002621640103903,1.1307223306380907,0.07822757404832927,1001.8223959452787,0.2687828017221462,1395070877.0943792,0.827176481548574,0.019588441901929377,1.267119848842013,0.8847135844445954,0.48890693921907796,0.3130341906371872,0.02508803712803292,0.8514230215488394,0.02508803712803292,0.16857496429504068,0.02444003131701884,0.9874559814359836,0.9874559814359836,0.9949823925743935,0.9916373209573224,-0.6688806370154413,0.6704336406843027,0.02508803712803292,1.0932212891353432,0.8064988548003712,0.5950774487109909,0.8514230215488319,0.8942346923006405,2.1864425782706864,0.5699894115829582,0.08453055694130503,1.4168012593612964,24087.80961151079,0.693174377309663,1.343068970757207,28744.38273381295,0.08641175922571297,1.2866187050359712,73.81387050359712,90.8385035971223,69.55771223021583,0.9283453237410072,0.015454490888015211,0.022170769919212022,0.01377542113021601,1240.7020401568939,0.5844989791839938,0.20775051040800313,1.8843213117893145,1308.1425015606962,1352.08130658994,1297.1578003033856,0.7789196720526714,5.328057032294803,182.57454628883985,0.08664467566903206,0.06087769784172662,989.4082167445324,0.13624071964998258,0.2966351003463802,0.09614212447588318,38.96551724137931,0.6718192627824019,0.16409036860879905,3.3793103448275863,16486075.379310345,16522408.068965517,16476992.206896551,0.4051724137931034,1.7241379310344827,0.029726516052318668,0.07476666058608608,0.23712570603474753,0.03417689922392072,5.4741075036363425,0.0016690647482014388,16127109.118906064,312.02918659597714,0.0022462240223903277,0.02562253642594656,0.0022032334313988673,0.002257290847894877
0,1360,16,0.9533941244521394,42.527486102980816,46.280017286081474,1262.440000000001,40.54545537830193,716.032712729724,0.5671815791084911,1263.0000000000002,0.17590469910288445,1.5158653792766632,1.9272336002104493,31683317357.002308,0.30546584428909407,0.19470866466330472,4.27688154956351,2.40961665706826,0.128644291592893,1.7137560873955215,1.709445675074593,0.8840884327307406,1.5255282243375194,0.08302355342369039,1001.7137707190675,0.03629685119128686,1267332694.2800925,0.8997695827840184,0.029313494324595353,4.249105519961258,0.6052431706078256,0.3080057154474564,0.1857507086618761,0.014044518273252447,0.8593346784695615,0.014044518273252447,0.10618876462313419,0.013840530356768733,0.9929777408633738,0.9929777408633738,0.9985955481726748,0.9964888704316869,-0.7040929400975806,0.589132724975262,0.014044518273252447,2.050897108995455,0.8865317723206243,0.39286329280254745,0.9245387318141637,0.9404383977473074,4.10179421799091,0.37881877452929563,0.049948806733782145,1.1771668740272598,22862.359619952495,0.7240652294521772,1.1991015372038953,28410.224576405384,0.050268003954439935,4.256437054631829,74.50144101346001,313.62283452098177,18.225060262162398,0.24353127474267616,0.014977379117096533,0.06539695489908229,0.0036088178329045793,1244.2446753136612,0.7160381682627012,0.14426200748966164,4.8155330055597645,1658.8574222076272,6692.269296598106,413.1969978704686,0.23042902196297804,4.820155590744836,187.2285144934227,0.11417218284434073,0.0547901821060966,1255.2779643434255,0.12078061296884526,0.6025503484390726,0.02735103944469193,13.615384615384615,0.5236686390532544,0.31360946745562135,7.153846153846154,34221209.57692308,136995362.80769232,8552256.91025641,0.18803418803418806,1.2307692307692308,0.047337278106508875,0.10025944913135744,0.4919165284600548,0.022567134670800463,4.469670487371855,0.0008234362628661916,32746386.167159762,29.83423201032976,0.004425938037943459,0.05585052767813566,0.00023737763297084388,0.00965126708799765
0,1360,18,0.9132052335653983,57.38534623266621,62.354149821804164,2285.6399999999967,52.404598509633196,853.2292639412075,0.37329993522217353,2286.0000000000005,0.19862920461394232,1.643625960318635,2.0443664279195732,57360830508.19743,0.6385207337284343,0.21792756898012589,3.305531103769303,2.332906341774964,0.12533664380007298,1.84282622368486,1.8439596082818865,1.0075808389336036,1.3253255028413602,0.08956461096706855,1001.8428383530824,-0.15559956279691323,2294433220.3278975,0.7288027469882101,0.02430349973411902,1.4704941926164163,1.1734064202827623,0.6723163826077875,0.5123380080289461,0.030418714046923822,0.887916574034434,0.030418714046923822,0.19565316330758326,0.029460052703441538,0.9847906429765381,0.9847906429765381,0.9939162571906153,0.9898604286510255,-0.7156937020156361,0.7736401341645519,0.030418714046923822,1.1619011832132928,0.6991615862586236,0.8204700372059328,0.8879165740344325,0.8228894597632455,2.3238023664265857,0.7900513231590093,0.13568918051896747,1.6008395294224467,40179.99566054243,0.7030620413043295,1.2486760934410757,41651.076990376205,0.135598626505895,1.4853018372703413,74.26547681539807,106.87497812773404,66.11310148731408,0.8786745406824147,0.015209680524943201,0.024367945323523273,0.012920114325298184,1802.5830000729802,0.5531892951878412,0.2234053524060794,2.01183818500426,1476.6672070922427,1647.6741165316848,1433.9154797323822,0.747040453748935,5.674185524454315,233.3814075973075,0.0712804090055312,0.056876640419947506,1113.109881591264,0.11884560469820199,0.26149967854516787,0.08318208623646049,51.63013698630137,0.707262150497279,0.14636892475136046,3.4657534246575343,31513672.82191781,32862215.10958904,31176537.25,0.3835616438356164,1.9863013698630136,0.027209607806342653,0.07318926649441915,0.23969746195593936,0.0315622176290391,5.648594764300177,0.0012773403324584428,30900776.875211105,852.4437109953627,0.0011395979918957329,0.030708746238303795,0.004158004802225585,0.0011412586044445218
0,1360,18,0.8711070288539634,58.242089811256115,62.86048043087167,2236.639999999994,50.73509380972901,836.1665222414073,0.37384940010078044,2237.0000000000005,0.2004980717102341,1.454291443008461,1.8301708582239529,56108863472.86711,0.10568660583503263,0.20091377189932902,3.4704777625425605,2.289598704753842,0.11942524371517325,1.6424794383680121,1.640467294174203,0.8696190015026347,1.4199797032512076,0.08272949556558293,1001.6424908335858,0.1476699268268104,2244354538.914685,0.9733198561439472,0.022827868569912688,4.056571271358095,0.15670168306738513,0.07728675921637082,0.04397221475670966,0.004665857928371039,0.806824270719873,0.004665857928371039,0.042677427485628805,0.004643079614716576,0.9976670710358144,0.9976670710358144,0.9995334142071629,0.9988335355179073,-0.6642731705019739,0.34872005452105626,0.004665857928371039,2.0116521930006837,0.9710634218992478,0.13047591176621826,0.8096492335438691,0.9853716427162676,4.023304386001367,0.12581005383784785,0.012159518171270174,0.6662205367160376,46634.26676799285,0.8338715559766267,0.7478412339791083,54432.912954850246,0.013354191355247994,4.064729548502458,77.22626732230665,312.1269915064819,19.225866487855757,0.24844037152932996,0.013937288632070654,0.05799142097342919,0.0034306036669732825,1404.0352375822447,0.7860245248331722,0.10857328885861214,4.571715329345685,5254.209041698066,21034.230698928317,1313.098073817507,0.2371014169827843,4.700344136279033,189.61058595274937,0.11360449073831169,0.031850692892266434,4032.1610711464295,0.1243836615446777,0.6648700868145073,0.02740058043799975,25.235294117647058,0.7422145328719724,0.2041522491349481,8.176470588235293,89502678.14705883,358030393.4705882,22375130.688725494,0.15359477124183007,1.9411764705882353,0.05709342560553633,0.15143756505133366,1.0590410265901458,0.02531700069332068,4.550266885177084,0.0006079570853822084,86797136.94896193,17.961760929874597,0.0070558722657118,0.019655185584471272,2.260711251275494e-05,0.014368896165672225
0,1360,18,0.8785375020799796,56.00420370919407,58.89006707416795,2087.6799999999985,49.201793232653685,726.7273303428102,0.3481028368058375,2088.0000000000005,0.22287707738432486,1.2612303985856543,1.7871978432843896,52361656778.766396,0.11603463516774151,0.26039175333014897,3.4707518917791993,2.1758747988091076,0.1604833487284713,1.5472187634901622,1.571504728005064,0.6230721837108923,1.5528026150982153,0.10995322875794174,1001.5472396030276,-0.5718296717751827,2094466271.1506562,0.9728694881167336,0.04174356202280995,3.9863360748385013,0.16943379438262,-0.04402140161984282,0.04648111650185298,0.004969592778755685,0.8062686482569896,0.004969592778755685,0.04506692777115278,0.00494408426881345,0.9975152036106222,0.9975152036106222,0.9995030407221244,0.998757601805311,-0.6714034272020565,0.37069026228349716,0.004969592778755685,1.9939804852186025,0.9695461424211438,0.14639484502623407,0.8451209956428152,0.9846162732571528,3.9879609704372045,0.141425252247479,0.012862677320152163,0.658475600519065,43801.69264367816,0.8391128858942176,0.7020238634195035,50783.78727969349,0.013676023546336666,3.9882758620689653,77.3939846743295,308.6632567049808,19.74490847169008,0.25701787994891445,0.013778452885340317,0.05509221940887182,0.003626336346719403,1244.7297175991,0.7822780513857163,0.11906340724572823,4.003345272779372,5203.570568632838,20809.45612063918,1302.7307228150332,0.29960697596625285,4.953153917702855,162.61967750147346,0.10924396922034829,0.03032567049808429,3853.2954672990927,0.10750874154387678,0.47295530876535985,0.036017538947591264,8.80952380952381,0.41950113378684806,0.9024943310657595,5.095238095238095,125655610.95238096,502613345.8095238,31416559.46031746,0.5052910052910052,1.1904761904761905,0.05668934240362812,0.08332982292743726,0.26032434998156406,0.06366228982878212,4.392317422778754,0.00040229885057471265,119476835.44217688,16.692709419873534,0.007631275821447179,0.01560318471462332,2.3291678701852173e-05,0.015306365733989004
0,1360,20,0.9160701192371704,71.70990839851737,75.27575971054694,3609.2200000000003,65.69130433711638,1111.764501987905,0.308034562034984,3610.000000000001,0.1915573438757288,1.431777333871226,1.8202946896360224,90543877705.33897,0.03864240740149862,0.1951008271697039,3.762053710999322,2.1946825432517487,0.12143889638599453,1.6267957369603212,1.632112529166478,0.8308776151777973,1.3638049280739515,0.08150616490970823,1001.6268080792545,-0.44610979092034786,3621755108.2135596,0.9924234489299499,0.024724745061789066,4.012393291912188,0.04738240091264689,0.01535115617261544,0.013321922156198427,0.001900548507364976,0.7503583503978976,0.001900548507364976,0.019871003386741356,0.001896813332006961,0.9990497257463175,0.9990497257463175,0.9998099451492635,0.9995248628731587,-0.6233571456976257,0.21697588568999546,0.001900548507364976,2.00238306733724,0.9905065760899974,0.05337001564896216,0.7596939674864435,0.9952384289294066,4.00476613467448,0.051469467141597836,0.003805617665890851,0.5010995494078802,78466.69453739612,0.8694370585861066,0.563017623989994,89566.21626592797,0.003794772722738469,4.013418282548477,78.10211634349031,313.09962326869805,19.53027116035703,0.2500926438904278,0.01345175235324457,0.054350799899009566,0.0033594871859519778,2018.2405326312514,0.9181330813234057,0.04173753729184412,4.15261011965812,9142.86347394931,36574.881442078506,2285.728015359962,0.2507543939665833,4.3690852573527605,282.97901710104645,0.14367887099408277,0.02429639889196676,7026.444639072204,0.09905967564387917,0.44285273243058865,0.02412969990897339,12.777777777777779,0.7098765432098766,0.42283950617283955,7.833333333333333,449071519.3333333,1796290227.5,112267851.55092593,0.21759259259259262,1.7777777777777777,0.09876543209876543,0.12823247881968564,1.1525010884923264,0.014424855519861874,3.614369445886752,0.0001994459833795014,423932437.54320985,10.816186832923114,0.011604908582847745,0.006494906074374018,2.418606562366923e-06,0.0233120721354078
0,1360,20,0.9319840173795855,69.71772667962775,73.45774295470831,3487.3999999999965,64.97580699345137,1027.8650070512767,0.2947367686675683,3488.0000000000005,0.20366656210638082,1.2680812261740197,1.661660834004489,87457703754.21811,0.07146130632670254,0.19881623322779451,3.945235311832134,2.208240806441118,0.12490710828600358,1.4765557593024081,1.4845832097726337,0.7507626180100769,1.457478188431041,0.08295665443258186,1001.4765690131336,-0.20566469087640038,3498308150.168725,0.9849055435148557,0.02654680262704179,3.9944356257807896,0.09393055925784116,-0.017133163992404825,0.0258629178104699,0.0030857617105272492,0.7860760269326766,0.0030857617105272492,0.030036471057116244,0.003075684171695431,0.9984571191447363,0.9984571191447363,0.9996914238289474,0.9992285595723682,-0.6621367026539127,0.29379886601096566,0.0030857617105272492,1.99718334412183,0.9825228807282821,0.09137550144755463,0.8355647241601274,0.9912119889960033,3.9943666882436606,0.08828973973702803,0.0072371698802492865,0.5367508100746922,75692.811146789,0.8680368250778554,0.5727460856619813,85883.76339449541,0.007586587303257302,3.9985091743119265,78.08178899082569,312.1449311926606,19.702573267074413,0.25332887359836903,0.013497978865667063,0.054155803342085224,0.003462432739694822,1808.9667598630117,0.844507848998252,0.08290741985372102,4.027812050202843,8954.81546295309,35817.802747939386,2239.7739141164993,0.2815411458970469,4.679436342498642,251.7436436130335,0.13048698563647657,0.02450974770642202,6877.799458922486,0.10576883408788956,0.4585999140478644,0.03158219924247966,11.758620689655173,0.4054696789536266,0.8323424494649228,4.172413793103448,258111976.41379312,1032447898.137931,64528796.059386976,0.5900383141762452,2.0344827586206895,0.07015457788347206,0.11424564743812539,0.5552202054227537,0.06000397201198791,4.556088322639169,0.0003325688073394495,249070549.54102254,17.340120659781117,0.007281952768538557,0.009936707528529997,8.031644719734156e-06,0.014607700411894605
0,1360,20,0.923569418555066,63.56589558286626,67.50437022889703,2848.519999999996,58.70751722339983,945.8400287150569,0.3320461252562939,2849.0000000000005,0.2000308031862662,1.1736905276252223,1.631242631111003,71427961406.3633,0.23855246966760052,0.2148694824806121,4.569060573987238,2.066994592329134,0.14413675047182747,1.4237585415045808,1.453385047349422,0.5238246645326714,1.5431699277964626,0.09169119038008007,1001.4237769270917,-0.9449504267123949,2857118456.2545323,0.9259636235507067,0.036823528128752496,3.8851528485286746,0.47323264202451715,-0.24269804325378533,0.13812573991448474,0.008194123546012125,0.8879098234565359,0.008194123546012125,0.06836028071964449,0.008124635631204077,0.9959029382269939,0.9959029382269939,0.9991805876453987,0.9979514691134971,-0.7572536889715945,0.5480205507649731,0.008194123546012125,1.962821926953442,0.9188114924331777,0.29328150139795495,0.8891010468566054,0.9579407357390808,3.925643853906884,0.2850873778519435,0.036579965865124214,0.8220546246882041,58956.01124605125,0.8277432256377851,0.7390405543267601,65951.75908739908,0.037064697976456486,3.887806247806248,77.16407160407161,301.3708248508249,21.134613314613315,0.2785008385008385,0.013836924706312462,0.0531174794416291,0.004028976494802269,1650.0350382503505,0.7157035269758968,0.14393659749307475,3.5157860321879615,5244.745187840226,20929.4849367013,1323.63050816875,0.37498877512173145,5.2437510919674155,211.67822964522313,0.09799003025204177,0.03223236223236223,4070.0397503871354,0.10333060144035315,0.34512037578095706,0.04356363688752941,18.583333333333332,0.7743055555555556,0.2222222222222222,1.5833333333333333,195342563.29166666,781172256.875,48885178.831018515,0.9004629629629629,1.0833333333333333,0.04513888888888889,0.05436707485223063,0.05496342842626647,0.054273035562522255,4.501629167387816,0.00033696033696033694,186535270.53993052,38.57187463145777,0.0033725511933350057,0.03273701706368382,0.00010280550778552821,0.007138769239769769
0,1360,20,0.712400549177739,50.57579544479662,54.560425218284365,1331.5799999999977,36.0302244499741,730.618499167353,0.5486853956708229,1332.0000000000002,0.17705080246073007,1.4035798355055658,1.821621039964254,33407523879.451256,0.10823725526734515,0.2134344795257359,5.072662633562642,2.1149520341739296,0.13301390216438158,1.6131561942787185,1.626659941719722,0.6158474690025951,1.4991045651713346,0.08862011717744436,1001.6131715032838,-0.8028669293308568,1336300955.1780505,0.9753730505280055,0.03066740196071613,3.9992608828621807,0.15678155427828372,-0.023617819191919,0.041814633695141525,0.0033620711438357483,0.8502716071372005,0.0033620711438357483,0.032387727374390635,0.003350402887503509,0.9983189644280821,0.9983189644280821,0.9996637928856165,0.999159482214041,-0.7434584655444746,0.3718742123894998,0.0033620711438357483,1.9974102394477173,0.9742595194523851,0.12575513717517642,0.9203822038754599,0.9870180037848537,3.9948204788954347,0.12239306603134131,0.011294176209744319,0.8148125229908108,25997.702702702703,0.7807117928739551,0.9683833527220914,32479.92258258258,0.01242029777525273,3.9984984984984986,75.85687687687688,303.1428828828829,19.262836169502833,0.255347013680347,0.014348210493184039,0.057481014896226534,0.0037182074695632896,1240.3886439159055,0.8588060508333156,0.07470954659980078,4.035670164646977,2711.3012802361427,10843.886484816883,678.7128721527456,0.27722232578305134,4.252651546043577,188.046627213301,0.1444422061538112,0.04327327327327327,2039.6032707755576,0.11244827200669404,0.46251683159438717,0.03346501842004601,4.5,0.375,0.6875,5.75,89679042.66666667,358710287.0,22421792.60185185,0.3680555555555556,1.0,0.08333333333333333,0.02592894147389492,0.11862718083556191,0.0069431561653319354,3.5849625007211516,0.00036036036036036037,81978417.66666666,8.032873540595808,0.0158206965821032,0.010805497933063504,1.5106803625372046e-05,0.03353345801737544
0,1360,22,0.9057134169461523,90.38346685442214,93.97574155067893,5694.739999999994,81.86151860015798,1345.3208511740554,0.2362392051566984,5696.000000000001,0.19884561074200247,1.0942995428224547,1.8869485529552028,142844798620.46252,0.5617958536598457,0.36429225055537184,4.030402344647209,2.266349938867915,0.24296378732133914,1.5605260388611895,1.6342273435052914,0.08521000502285261,2.181139933845062,0.1599229717530208,1001.5605752114321,-1.0389335677085574,5713791944.818502,0.8131968127643291,0.0984986144559206,3.9151105616492985,1.405857724974445,-0.23201526124338195,0.3833673367740629,0.01949285225842406,0.9032645037157572,0.01949285225842406,0.13784026710510267,0.019094516540456366,0.9902535738707879,0.9902535738707879,0.9980507147741576,0.9951267869353939,-0.7666605489302588,0.7611971075670719,0.01949285225842406,1.9555413165985196,0.793046653136862,0.6978585995845366,0.9050951619353924,0.8875618524863551,3.911082633197039,0.6783657473261132,0.10071504725812173,1.2408914076133246,113651.8444241573,0.7981168850011047,0.8102187507890418,115799.22613764045,0.0997210105554065,3.9272120786516855,76.65768258426966,301.1112148876405,22.70008134363296,0.3004301264044944,0.013996379368564947,0.05505654035594679,0.004332423430720517,2897.547454877807,0.5581395007647094,0.27524437118979556,3.922324817093687,3756.7745495913587,14957.475212057187,973.4804747493694,0.3767867243000058,6.291686554040256,313.9442935489782,0.06230611570450206,0.036369382022471905,2827.9028812498264,0.08293831922207467,0.3441895389747692,0.029987907783113665,28.77777777777778,0.39969135802469136,0.841820987654321,5.416666666666667,226648711.80555555,905328825.7083334,57025404.7341821,0.4513888888888889,1.5833333333333333,0.02199074074074074,0.030092324185297305,0.21262323115667373,0.00794439529797515,5.937218230578909,0.0005056179775280899,222737106.8672839,191.05252898487902,0.0007589512305233739,0.05998696033258064,0.0006420637728147993,0.0016759190811501121
0,1360,22,0.9530168244082441,91.40223467107587,96.71938792196734,6167.179999999989,87.10786743004584,1362.509076273448,0.2209290269253452,6168.000000000001,0.2043190403665338,1.1560313280770946,1.726809745237713,154650615403.11984,0.29154964187242927,0.26479021720052653,5.553283263121273,2.0854889158818164,0.17916313640661977,1.4600443984277849,1.493073783729053,0.03989935754399222,2.045589558337824,0.11357866901580016,1001.4600735320693,-1.0768311845694316,6186024616.124795,0.9076137363506219,0.058352356708555785,3.8620835112971124,0.5971706065256049,-0.2883234847616337,0.1772933663923659,0.01046830500346805,0.8885507257236963,0.01046830500346805,0.08349755385444013,0.010353551920741139,0.9947658474982659,0.9947658474982659,0.9989531694996533,0.997382923749133,-0.7531505759849679,0.597220964329749,0.01046830500346805,1.9545785180283,0.8963194309140731,0.3656346990508553,0.8937755792776785,0.9457622558126203,3.9091570360566,0.3551663940473879,0.046940417848958485,0.8074789288001226,131422.08604409857,0.8522833076789791,0.6063503316561273,139954.0381452659,0.04646455909837983,3.870214007782101,77.84217898832685,302.18697146562903,21.852406866983717,0.2846081928231734,0.013552609061831006,0.052127978705713444,0.003985539382632219,2724.47552118769,0.6653792779637208,0.1804321610243786,3.57734440042982,7518.903977029069,29937.766581237775,1914.5710538216779,0.3826355604450434,5.885462544194834,304.23306681554106,0.07816504072793527,0.02645103761348898,5778.10275920637,0.08661141280041722,0.3242139354869287,0.034474154835740185,31.597014925373134,0.47159723769213635,0.7413677879260414,3.388059701492537,320786287.9402985,1282309220.1940298,80405739.02280267,0.6849087893864013,1.9850746268656716,0.029627979505457785,0.05010093159660057,0.28595878898022675,0.01705838846340855,5.797432474039843,0.0004345006485084306,315489420.04098904,105.21861514782258,0.0012523329936133957,0.038991714201631666,0.00016119692748186275,0.0026735457619379735
0,1360,22,0.8753175582363231,93.76209434265762,98.81619300499288,5903.420000000023,82.07160747513883,1366.1576044108715,0.23141799235203767,5904.000000000001,0.1993682373857731,1.1481177488547356,1.6371712721622265,148018248198.1513,0.2596002624588189,0.23226443849908573,4.1899718657872995,2.2066453324268793,0.15182681407259158,1.415807522323723,1.4365552979474143,0.3286884056648468,1.8779569267620326,0.09848504528455788,1001.4158276555618,-0.46489734325975696,5920729927.926053,0.9239865667298273,0.040323486073533685,3.911261039527173,0.4951881104831502,-0.1917483257042318,0.14092973890317256,0.011148717740248889,0.8533004442312612,0.011148717740248889,0.08787293350325101,0.011018122006269688,0.9944256411298756,0.9944256411298756,0.9988851282259751,0.9972128205649378,-0.7088705577316704,0.5518508240378356,0.011148717740248889,1.9694709400347326,0.9138845780452706,0.33141961833448214,0.8656069604963841,0.955474002871508,3.938941880069465,0.3202709005942339,0.038019614160855364,0.7860479323853578,124868.57745257452,0.8459930721719141,0.6455114531694097,136380.4172493225,0.03847346138027776,3.91739837398374,77.68323848238482,305.5350135501355,21.00782106293285,0.27559620596205964,0.013640549201902481,0.052934634047335685,0.003940901646910604,2576.568610504219,0.6245567515791172,0.2075548323144576,3.54126977071513,8155.692698550491,32586.24736048859,2049.899964519274,0.4001958665835039,5.765548935382904,315.21650175107595,0.07913582359712891,0.027860772357723575,6576.368537290952,0.1011421992302141,0.3547167269031132,0.0455289876672431,44.436619718309856,0.6258678833564769,0.48165046617734575,2.3098591549295775,281885897.5492958,1127385842.8450704,70514465.26291078,0.8133802816901409,1.4788732394366197,0.02082920055544535,0.015168481406523663,0.06517084954359521,0.00857651454725132,5.913762788488276,0.000481029810298103,277564183.6036501,107.85786974445256,0.0012149167059720683,0.040386390028336806,0.00014413594416224962,0.002553763316173223
0,1360,22,0.8977005560928895,83.24141666495221,87.7692429043341,4790.260000000011,74.72586603008752,1306.2581094742484,0.2726904404926341,4791.000000000001,0.18782589867874158,0.928273732570797,1.5555802485138777,120084455720.95854,0.5617783278709924,0.2940300616049252,4.539307323009937,1.9766459409229493,0.19792865001508844,1.290953990283992,1.3492197311270573,0.011687823974137791,1.9649581169488115,0.1277262482483962,1001.2909876771142,-1.1373570620795816,4803378228.838343,0.7714542215342279,0.06746063818461409,3.598081439586875,1.1126741870434878,-0.6269422456940342,0.43433821798622047,0.019968379074722008,0.9120625964472466,0.019968379074722008,0.14041326823902778,0.019548215505499508,0.990015810462639,0.990015810462639,0.9960063241850556,0.9933438736417595,-0.7698680743239352,0.7593508830613671,0.019968379074722008,1.8693552097080788,0.7532984859640293,0.687867544047485,0.9120625964472431,0.8593710201707178,3.738710419416157,0.6678991649727632,0.11357664926523559,1.2788025972274686,93874.5706449593,0.7837576342722546,0.8730756452352894,92400.92938426216,0.114272889232886,3.6052348152786475,76.28651221039449,277.9070507201002,25.881377582968064,0.3486912961803381,0.014144047407377958,0.049776481990014554,0.0052359387617188086,2616.322077155876,0.5525175058186453,0.22374124709067736,2.984933876680869,4245.414297451045,16728.16800654101,1124.7258701785538,0.5037665308297827,5.832445920522517,333.70694365935486,0.07203502544934196,0.039488624504278855,3451.3071572632425,0.08504978716108183,0.2354480011353227,0.0474502336675216,40.87692307692308,0.6288757396449705,0.18556213017751483,1.7384615384615385,164131839.30769232,650982151.0,42419261.384615384,0.8153846153846154,1.6153846153846154,0.02485207100591716,0.036023054782140365,0.09585416552069924,0.02106527709750065,5.629909736038793,0.0005426841995408056,160736324.3668639,368.70236794963,0.0008448031161084742,0.019765522939125,0.002262253610889169,0.0008434624132062108
0,1361,11,0.8830003456744938,16.818780332514873,17.089177862027185,110.58000000000007,14.850988847434012,236.2842712474584,2.1367722124024078,111.00000000000003,0.1577641827041868,1.5847281696708952,2.251468138028621,2785908196.2293205,1.0133885803987654,0.28670417653716296,4.433704317098609,2.494346384757228,0.200630013069776,1.9634770884775272,2.0153460351706847,0.8894482470223242,1.6048981377349039,0.1242959356963318,1001.9635130702512,-1.1581818964957244,111436327.84917285,0.5008524632740848,0.0721048474195152,6.690266289848188,0.9916627122849302,-0.179601994524283,0.9170706119534662,0.08328508844250623,0.833400325635859,0.08328508844250623,0.4117982006109118,0.07615371286341088,0.9583574557787469,0.9583574557787469,0.9916714911557494,0.9791787278893734,-0.5874173420281509,0.8312532354101644,0.08328508844250623,2.5459382972753506,0.4279792883402215,1.419139111166123,0.8347728278815677,0.5060965265160475,5.091876594550701,1.3358540227236175,0.25008892509899305,3.215747796867938,777.2904504504504,0.28010466682899116,3.1993449882314744,1389.8655855855857,0.25246833860887913,6.672072072072072,55.075675675675676,374.4443243243243,9.496576576576576,0.17697697697697698,0.025672883484391423,0.16320219312282805,0.005106071262431491,308.21794680527586,0.4941902158574776,0.26236101130028494,6.376451566953557,36.39491252275557,255.54447113710393,6.052997032183563,0.18836553146778706,4.1122820746657816,96.50164564534984,0.1534298125191082,0.22468468468468467,13.260933169714317,0.22902093462326903,1.3688608595644245,0.04832709807498143,9.105263157894736,0.4792243767313019,0.3434903047091412,5.0,109502.68421052632,914877.0,14129.98245614035,0.29239766081871343,1.0,0.05263157894736842,0.05743239304990827,0.06335044457402056,0.05626044245090784,4.247927513443579,0.006846846846846847,88171.3130193906,17.37238739533542,0.008967900801397925,0.31889437812187227,0.006888417923385609,0.03180298837194311
0,1361,14,0.8545781496091024,37.52088505412305,38.92351474366106,853.6600000000005,32.0645285212483,582.2337228564766,0.682044048984931,854.0000000000001,0.1778893884105711,1.756569340242452,2.118219924190195,21433092331.028526,0.9721218173740618,0.18095046900097866,7.966198010791504,2.463134446829021,0.11812335510055898,1.9440533190017966,1.966108174092886,0.9124401399163158,1.5506943069127053,0.07482584362961081,1001.9440665328342,-1.420593421720683,857323693.2411412,0.5251938506765244,0.02647904180299453,5.911206770662041,1.0272054762929987,0.36069976872063364,0.8816459524711988,0.07508496036651587,0.8430618468642379,0.07508496036651587,0.38260257067405057,0.06925387241031418,0.9624575198167421,0.9624575198167421,0.9924915039633484,0.9812287599083711,-0.6077485336630317,0.8316080639478118,0.07508496036651587,2.3894693803318354,0.4542086881576445,1.3543244954810345,0.8434012708007599,0.571585790298784,4.778938760663671,1.2792395351145192,0.23918272820942868,2.6543083139945773,9729.152505854801,0.45569800964191104,2.243013673085466,11212.888711943793,0.2385394512118204,5.922576112412178,66.7536299765808,393.771850117096,13.18195290137913,0.19725084569346865,0.01880647662829552,0.11323290101624829,0.0036911486054556175,1319.1500249014014,0.5100942542150426,0.2506111834057029,6.048248465290784,161.7739237793004,902.3832481093841,33.365298071233,0.1961530764535721,5.238621776138595,205.45102588825196,0.07709436708443829,0.12101873536299765,83.01974899355561,0.1435821900514156,0.8901546431694213,0.02873241459567208,37.346666666666664,0.49795555555555554,0.32462222222222226,6.946666666666666,1643690.9066666667,7507002.573333333,385028.5603703704,0.1948148148148148,2.8133333333333335,0.03751111111111111,0.0927217822288222,0.7392558833385481,0.013551546686051914,5.505289857075992,0.00351288056206089,1562655.7955555557,161.79391246161745,0.0012594776581286657,0.2971435635008796,0.005943326455667059,0.003958132525320839
0,1361,16,0.9263901072174803,48.873872247157806,51.92340512716785,1647.239999999996,45.27627175117795,787.3380951166523,0.47797412345296025,1648.0000000000002,0.18273515532753024,1.6917203798724754,2.0635329207063853,41354098186.939926,0.7095251064316151,0.20260211252241045,3.3976357974226397,2.6116469779501714,0.11845021703497635,1.8683671171785257,1.8605472275794022,1.2408677377701767,1.3707792401799948,0.08307599007805286,1001.8683782093451,0.1669640125335316,1654163927.4775975,0.6874146290885097,0.022225781934064225,1.551231668985766,1.2113286409165667,0.6990662372343828,0.5799660254544668,0.03428030269879364,0.888284208791055,0.03428030269879364,0.21470932186687738,0.03307275466022239,0.9828598486506032,0.9828598486506032,0.9931439394602413,0.9885732324337355,-0.7113407164932175,0.7937919776988221,0.03428030269879364,1.1894572734450541,0.6598040812631473,0.902384097881944,0.888284208791054,0.7934025752055489,2.3789145468901083,0.8681037951831507,0.1535615820383151,1.7852774311499786,27117.630291262136,0.6581949099820906,1.4647047883872184,28321.4827184466,0.15629268545574512,1.5816504854368931,72.9952427184466,110.40509708737864,63.64277912621359,0.8545873786407767,0.01579419400918404,0.027333414984791114,0.012909388765282274,1446.5442545529208,0.5173585959129561,0.24132070204352193,2.2213643662852856,1054.771198923097,1176.6522504830682,1024.3009360331043,0.6946589084286785,5.5118323481248845,217.96009675485993,0.07709959667750549,0.06780339805825242,803.1978983465722,0.13757879781418655,0.3189047460226142,0.09224731076207963,31.406779661016948,0.5323182993392703,0.23384085033036484,2.8813559322033897,17958389.08474576,18622456.474576272,17792372.237288136,0.5296610169491526,1.7457627118644068,0.029589198506176386,0.061133259264020634,0.16452305260418676,0.03528581092897911,5.450273981491877,0.0014320388349514563,17470759.093363978,854.9009244217532,0.0013980250340135188,0.03472304725547492,0.005416285801924693,0.0014007797674038542
0,1361,16,0.9337260613761593,45.188630851991725,49.57459026557859,1415.6600000000033,42.19380230441143,674.3758584802233,0.4763685196164487,1416.0000000000002,0.19778001143680274,1.6272245735742814,2.00451241613084,35527452598.50256,0.48917680461559476,0.18441656680192597,5.35751285882605,2.4816161194991913,0.12286309198254561,1.798546690184928,1.7812170512829812,0.9456084155606033,1.536007703938588,0.07842683171757904,1001.7985605349525,0.35698241557472327,1421098103.9401028,0.8124118037600945,0.02773933615488025,4.490242614307714,0.9716269899067159,0.5274152292596554,0.34394832798464225,0.01951030613371429,0.8924587295340715,0.01951030613371429,0.13828665650514277,0.01911918636216574,0.9902448469331429,0.9902448469331429,0.9980489693866286,0.9951224234665715,-0.7386000762702316,0.7104493075157525,0.01951030613371429,2.099793327682466,0.7994899926254715,0.6006251392546725,0.8931537908461026,0.8894203902884354,4.199586655364932,0.5811148331209589,0.09086465852958914,1.3626313105353898,25743.370282485877,0.7272138497877366,1.2154730888314342,28759.377853107344,0.09398812282549715,4.518474576271187,74.67683615819209,331.21129943502825,17.781198995605777,0.23601224105461396,0.015115684549609758,0.07168968495066995,0.003481542219038809,1077.5297614896429,0.5658211994860317,0.2214893894333757,5.5366380203470325,1778.8203958431495,7272.655955334534,440.35876839641384,0.2104570937709252,5.31692572438163,177.2756012674053,0.09485505954316982,0.053629943502824864,1366.5075172659206,0.14133131744039135,0.8619422945243753,0.02797668890031479,29.26923076923077,0.5628698224852071,0.25850591715976334,7.403846153846154,18378362.307692308,74077655.73076923,4578924.379273504,0.16826923076923078,1.9230769230769231,0.03698224852071006,0.0875627422682208,0.6256398178655386,0.014267483985667066,5.325251737288637,0.0014689265536723163,17914915.562130176,49.8008660476626,0.002804465374871305,0.07971953546047458,0.0006311052537603731,0.006490120162510496
0,1361,16,0.8169579836460515,42.7019935621489,47.37129932775752,1072.539999999997,34.88573455819984,675.7817459305297,0.6300760306660186,1073.0000000000002,0.17179290534354447,1.54426975261801,1.9300926156350544,26917475118.082443,0.31962634947513496,0.20615303772805493,3.94394710128778,2.394177647596222,0.12471916730386441,1.7221785083980947,1.6961248528310637,1.1580247883854013,1.2361528592108206,0.08522329788394141,1001.7221911775614,0.7290630658829914,1076699004.7232978,0.890652208708371,0.02538196372067638,1.1587943353583177,0.6288622093267389,0.33621419468176567,0.19532591314400635,0.012803775331038294,0.8766629930474735,0.012803775331038294,0.09860329416536912,0.012635439308692297,0.9935981123344808,0.9935981123344808,0.9974392449337923,0.9957320748896539,-0.7277675936366181,0.6004538071789779,0.012803775331038294,1.0550654076746124,0.8832997164537854,0.39112227469488026,0.8766629930474467,0.9385327046598686,2.110130815349225,0.37831849936384226,0.05203242211876116,1.2124887187316467,19124.47213420317,0.7129346555154956,1.2834389530707555,23891.74549860205,0.054673895645814534,1.1741286113699907,74.12178937558248,84.21174277726001,71.5993010251631,0.9564678471575023,0.015254807076605106,0.019694214393844934,0.014144955247295149,1063.1048671675428,0.6781113185129479,0.160944340743526,1.6055174656449287,1490.3132352544303,1517.081732121539,1483.621111037653,0.8486206335887678,4.741374083149916,189.22214946439016,0.12788693183945213,0.05818266542404474,1131.0812334219756,0.13086150994623147,0.2570710772644811,0.09930911811666912,17.5,0.625,0.1875,3.25,21706484.89285714,21755060.57142857,21694340.973214287,0.4375,1.3571428571428572,0.04846938775510204,0.088366122896974,0.3479156365025396,0.023478744495582595,4.52164063634331,0.0010438024231127678,20788652.463010203,108.10757954599187,0.00560017295226897,0.013313395241912766,0.000733673065025351,0.00555607000648208
0,1361,18,0.9490467612756005,64.15044269799621,68.88279901397738,2976.500000000001,60.8817698769293,1004.5596246643572,0.33749693420606647,2977.0000000000005,0.19252279430943328,1.489310245378856,1.945902492274079,74681317709.7226,0.3662341617932781,0.21661972250468642,4.329956852044426,2.5383890203843262,0.14249012891104354,1.7204885370501313,1.7224410004557125,0.7546282331390163,1.7837607872453098,0.09149130676018918,1001.7205065575654,-0.20540672848453698,2987252708.3889046,0.8750490395687281,0.036103039352026946,4.296665218353262,0.7350903422126032,0.3633870995357411,0.22705495029944844,0.012220475174747012,0.8975862774006094,0.012220475174747012,0.09488507123356407,0.012066375727451274,0.9938897624126265,0.9938897624126265,0.9987779524825253,0.9969448812063132,-0.7621437923738348,0.6444778276936303,0.012220475174747012,2.0598436198581167,0.8690073239193328,0.4361975617281297,0.9006703918869913,0.930488785904458,4.119687239716233,0.4239770865533833,0.05981885636854886,1.008490269216154,59883.07156197514,0.8046096279741369,0.8428740854444595,65125.524769902586,0.06283939945358712,4.319153510245213,76.66280147799799,326.5784212294256,18.674681446646513,0.2423797260478483,0.01412344809619191,0.06319310589001273,0.0033806996252457307,1560.070631042686,0.5714459903426499,0.22629997227253462,5.392774455340872,4430.9519764050365,17838.658578687813,1104.7315154519454,0.220615447197297,5.479193987155552,247.94958178864425,0.09382914820783436,0.03656701377225395,3530.302961705839,0.11915996601228597,0.6991543396791887,0.025675191560069636,28.77777777777778,0.5329218106995884,0.38580246913580246,7.203703703703703,88699611.6111111,355413740.7962963,22157875.899176955,0.2103909465020576,1.7777777777777777,0.03292181069958848,0.06082731677582111,0.42399690626797154,0.010239247553178467,5.444611807678945,0.0007255626469600269,86800064.07167351,61.71743386815317,0.0021725563598891133,0.04750656741255977,0.000260637207132702,0.004752239984630856
0,1361,18,0.8699953943627524,64.45223021681328,69.88018317091047,2744.619999999991,56.07314344503538,772.0410388418021,0.2812925063731244,2745.0000000000005,0.240550164057707,1.3632558989433063,1.7441810076815192,68839324068.3941,0.02832883377672387,0.1975623103732993,3.8153378992565186,2.026724704562966,0.1194748789909682,1.5603308111187608,1.5714367175230348,0.6794839747706809,1.347240729792285,0.08238733009142188,1001.560342362716,-0.48799499953645525,2753572962.7357645,0.9945060713667174,0.023139243467311943,3.9924337519978685,0.03683101494365217,-0.017300609799665412,0.010106783953185868,0.0011171185487622967,0.8011606764978393,0.0011171185487622967,0.012529999268156174,0.0011158161620982302,0.9994414407256188,0.9994414407256188,0.9998882881451238,0.9997207203628093,-0.6844537992236874,0.19658081156904336,0.0011171185487622967,1.997545077197285,0.9932754547497251,0.03794725985964799,0.8243958166272665,0.996629438242509,3.99509015439457,0.036830141310886334,0.002805975625487041,0.4495202723369459,60581.228255009104,0.8827865683790034,0.498875319776643,68247.97914754099,0.0027483173579384277,3.993136612021858,78.41123497267759,313.19823679417124,19.718920866221413,0.25191013964784453,0.01328926018400344,0.05304460542795004,0.00336065333348478,1412.397625519132,0.9493462243418079,0.025618520951349165,3.95860197807124,9458.618574581948,37831.50415211738,2365.4183291196464,0.26539584093076174,4.415127713903232,172.0120227224067,0.13068342753708265,0.021650273224043715,6760.726347997639,0.0851934677646016,0.3450801320068776,0.02239268654062338,2.4285714285714284,0.3469387755102041,0.5714285714285714,4.571428571428571,668095909.8571428,2672372957.0,167026659.81746033,0.4246031746031746,1.2857142857142858,0.1836734693877551,0.00944981901089693,0.07985914854860186,0.0014360839701700848,2.521640636343317,0.00010200364298724955,571985897.1020408,4.698900508638078,0.026682452569388955,0.0039013970461742984,1.0012085092671867e-06,0.05355366120218579
0,1361,18,0.7240676454861128,62.30258682977393,65.68439692956007,2072.4999999999973,45.11128735352851,886.5346463281307,0.4277609873718369,2073.0000000000005,0.18203566675686214,1.3191938127894074,1.8933547832227724,51991773289.35865,0.35700527599639786,0.2841829327714587,4.13246642266563,2.500646674213125,0.18163989613438455,1.6076834537225986,1.612607159084713,0.5732129504970659,1.9274337237160593,0.11984892861652104,1001.6077118701392,-0.31318895281236636,2079670931.5743463,0.8937930950132047,0.056924203150712435,4.13582535259504,0.7246093325928642,0.1395377163594551,0.19786660758083158,0.015810088931511097,0.851786439670386,0.015810088931511097,0.11680969134625893,0.01555150902707498,0.9920949555342444,0.9920949555342444,0.998418991106849,0.9960474777671222,-0.6990776035204129,0.6214993292487518,0.015810088931511097,2.022451668118723,0.8815020177608993,0.45496988169936736,0.8621517500315823,0.938171230948341,4.044903336237446,0.439159792767857,0.05341917412808567,1.1325644390446632,39390.41518572118,0.7600658984220198,1.0651909533573065,46320.82714905933,0.05496352399362488,4.1542112879884225,75.50188133140377,310.93487698986974,19.23176555716353,0.2560202604920405,0.014732441247210503,0.06298667888266239,0.003812472445339465,1490.440665174709,0.6150456161331559,0.22600366381197468,4.6759568735827735,2563.7715885807847,10299.354632152208,641.611888967276,0.27411778162323214,5.334340026968746,238.20028181051333,0.10185346449829993,0.04654124457308249,2008.5279193947963,0.13431589876633213,0.6873820962419724,0.03507071619872095,33.108108108108105,0.44740686632578525,0.670745069393718,6.391891891891892,31436961.824324325,125801064.8108108,7858886.002627627,0.3277027027027027,2.27027027027027,0.030679327976625273,0.10044316394749757,0.687631653379099,0.02910655390246126,5.756618568273162,0.0014278822961890979,30946488.737216946,55.58762343240296,0.002400662920855616,0.0508020137796578,0.00029810575081282625,0.0051389621249532886
0,1361,20,0.9602747600364591,78.03195956485983,83.62798574639953,4485.259999999995,74.93212124632046,1286.4924240492976,0.2868267222076979,4486.000000000001,0.18454042247397068,1.2538875166620038,1.7476203816873999,112491304400.60686,0.20854702027067956,0.23272334159409902,7.261482503934354,2.3554715971697178,0.15803852408364313,1.5204632634608521,1.550370935537702,0.010224692564758248,2.3452469046049593,0.10014816171370296,1001.5204865062542,-1.1228906214376748,4499652176.024275,0.9450240716001772,0.04655626680595933,3.9723494244515996,0.36655172016344084,-0.08342481218397374,0.09843107820687602,0.006968065237268605,0.8673228905169262,0.006968065237268605,0.0597380915858159,0.006917628574885848,0.9965159673813656,0.9965159673813656,0.9993031934762732,0.9982579836906829,-0.7436807722621787,0.5054052404504425,0.006968065237268605,1.987330788779097,0.9412524554283579,0.2493005635448686,0.8786851182531401,0.9700056654275203,3.974661577558194,0.24233249830760067,0.02634978586103616,0.7126845240683664,95631.20841729826,0.8527080554373452,0.6613706286700846,105984.44962995987,0.02795542607515848,3.976335265269728,77.71110120374499,309.3379045920642,20.275465893892108,0.2643473522564026,0.013714151530974503,0.05457237431629907,0.003751275476739574,2063.7591967929197,0.6598702078070834,0.1958698396136828,3.8750576983637828,8417.080779320419,33659.61832065998,2109.375324721899,0.3483070299417843,5.282357603209936,319.82682317708935,0.10744270731362975,0.027775300936246097,6820.940367406032,0.12346812092007886,0.49077001327526015,0.04653305593984586,25.838709677419356,0.4167533818938606,0.7286680541103019,3.596774193548387,190487700.22580644,761919287.8387097,47632453.80645162,0.6375448028673836,1.903225806451613,0.030697190426638918,0.09626601848035791,0.6883016173619201,0.02900850690141415,5.490407802287448,0.0005528310298707088,187215686.0478668,52.97260036441351,0.0024539177226397244,0.02345951351821792,6.803715547638189e-05,0.005091011371179951
0,1361,20,0.8011902688258262,80.59502459994303,85.32901030716343,3966.1600000000035,64.57194942525243,1286.9777054235335,0.32448960844331354,3967.000000000001,0.17346786108315818,1.2348388130504904,1.6378335184814725,99460325979.7459,0.09811267638583669,0.2067192660127566,4.082775931266092,2.079622885482568,0.12743921366076366,1.4374508271767428,1.4436617634269497,0.3536664068162816,1.7259564786662862,0.08605634927000963,1001.4374643512498,-0.47626677767511855,3978413039.1898365,0.9751667154198596,0.027087026643296,3.9604664128459994,0.16005586019070647,-0.0826094845526027,0.04495687382463619,0.004619505672231118,0.8136457568827828,0.004619505672231118,0.042319875782976184,0.004597148696635051,0.9976902471638844,0.9976902471638844,0.9995380494327769,0.9988451235819422,-0.6711430345522997,0.3503059698565299,0.004619505672231118,1.9875568092837415,0.9706191511565907,0.12988668035942924,0.8148417005512146,0.9851413186167363,3.9751136185674834,0.12526717468719878,0.012394094874216829,0.6194751947983013,84150.07226619612,0.8485008547133462,0.6437331173509917,96712.15900176455,0.012419665568390697,3.9629241240231914,77.64159314343333,308.41571968742124,19.949540374758424,0.2593585973167521,0.013611148364152914,0.05365107262307588,0.003619024497852432,2327.0667198123415,0.8310512586182148,0.085005379530012,3.7363830091950327,6732.172285161501,26917.134581236885,1685.938863264667,0.31807312066185167,4.80563933816211,321.83412051426524,0.12722448781117618,0.028144693723216537,5169.651377294573,0.09669922814394336,0.3487718149010171,0.035212790546288036,20.53846153846154,0.7899408284023669,0.30917159763313606,1.7307692307692308,368848187.88461536,1475374339.8846154,92216652.02136752,0.9027777777777778,1.2307692307692308,0.047337278106508875,0.047906780318221376,0.3618785228734244,0.013021031143749945,4.546593564294931,0.0002621628434585329,354298364.4748521,28.844111804894958,0.0043893618857770485,0.018208071762163103,1.9054509415176465e-05,0.008928190029654658
0,1361,20,0.7145888417057611,84.79759772346506,86.98183718455252,3901.9799999999964,60.59541713664197,1324.157604410862,0.33935530279777526,3903.000000000001,0.16722752900998894,1.16906767429797,1.691972726050499,97850914445.594,0.25629390974364435,0.2585211604086042,5.52998422972358,2.306572499553273,0.1666925139021991,1.41283534626422,1.4040010733940698,-0.14821680119571315,2.454789300748986,0.10864569202765421,1001.412860204561,-0.2980328132085621,3914036577.8237605,0.9289472391636041,0.04978683566566508,8.897170264253145,0.5527095884944048,-0.1605530754075846,0.13579884803070422,0.008759189597727009,0.8786275469682974,0.008759189597727009,0.07225523899600331,0.008680135624706308,0.9956204052011364,0.9956204052011364,0.9994847535530749,0.9982481620804545,-0.7494371537758999,0.558234499461939,0.008759189597727009,2.9774838872025753,0.9224794270458764,0.3117546453210328,0.8847576769015558,0.9601010619940604,5.954967774405151,0.30299545572330666,0.03613950940710781,0.8510845616500483,80337.37472713298,0.8233397358660822,0.7728084054199555,90642.02686138867,0.037178354391981465,8.906922879836024,77.0517960543172,687.1044529848834,8.809384732541918,0.11502953568480087,0.013961714156155245,0.12413018155146403,0.0016325113352571986,2206.049175049546,0.6759714588453347,0.1914579196068162,8.697954082271067,5378.150158443861,48356.57315867652,599.1579054277074,0.12925232644412665,5.358038393715195,335.4548648874216,0.1089297302278923,0.03327696643607482,4284.029736376162,0.11778420786621333,1.056275755196212,0.01554001682201064,23.360655737704917,0.3829615694705724,0.7653856490190809,8.081967213114755,144343389.4262295,1298954453.4262295,16042471.284266846,0.18579234972677597,2.1147540983606556,0.034668099973125505,0.09902918114239939,0.8391074678310487,0.016517446744260006,5.532955984997454,0.000625160133230848,141784700.73367378,24.338202255372373,0.002362371858803855,0.05934466138063659,5.54886436561167e-05,0.013878632485825212
0,1361,20,0.8527325209431281,61.651745345044354,65.26744977398766,2484.5199999999904,52.572448228623436,752.5096679919002,0.3028792957963321,2485.0000000000005,0.23480865268084264,1.3529195393532725,1.8095236552147436,62318655499.717865,0.19109385949540658,0.2196041973535996,4.120994803536139,2.3696074682436237,0.14255293362932672,1.5573654140494446,1.535170176119583,0.6261523083081463,1.7434551599354773,0.09373663792545653,1001.5573828504984,0.4919941117887984,2492746219.988715,0.9483164242922322,0.034927208088094984,4.0943376453900475,0.33469654696779766,0.12195368026953932,0.09237324508692683,0.00720012136507612,0.8550592425749928,0.00720012136507612,0.06147871199670828,0.0071470961880317815,0.996399939317462,0.996399939317462,0.9992799878634924,0.9981999696587309,-0.7205176195969573,0.4830773968317279,0.00720012136507612,2.018178436059909,0.9435628737388901,0.23606438496175886,0.8624801371629667,0.9711759774845126,4.036356872119818,0.22886426359668335,0.02489334161300074,0.7225271980161752,52495.356507042256,0.8449956781817667,0.6923862276111397,58914.157859154926,0.02607965708132092,4.104756539235413,77.54734808853118,316.2286680080483,19.353110216856695,0.24938654147104852,0.01375549201735989,0.05755523399910676,0.0034219721400123256,1259.1823013582612,0.6911313281043001,0.1658813017685532,4.736643107159077,5843.49840430006,23406.27408897976,1460.5908348596465,0.2452424186181234,5.195293125827435,171.00333818730815,0.09902862640617523,0.02916297786720322,4425.952506850371,0.1256393008780709,0.6489714173748211,0.02992104540462615,16.783783783783782,0.45361577794010227,0.46603360116873627,6.648648648648648,97904673.27027027,391661102.7567568,24475303.316066064,0.2484984984984985,1.4324324324324325,0.03871439006574142,0.03495282229761685,0.29374109445660873,0.004865681280425201,5.047291203466777,0.0005955734406438632,95085450.75383492,30.111381564833174,0.0042716511884025015,0.026154457316976784,6.55167363044363e-05,0.00888234347426149
1,1276,11,0.875257166102692,23.0394502797424,25.452701231892853,298.67999999999944,20.16544396041121,321.94945160901415,1.0779076322787422,299.00000000000006,0.1902919049258408,1.5187097466786532,1.9763959704209335,7501125265.916017,0.44841928305686723,0.1910784196333919,5.4316210993301866,2.5360853124563976,0.1403311906174882,1.74596584743602,1.7528352203218593,0.7671549892026444,1.7689303232537532,0.0843542842585851,1001.7459851936723,-0.8018171484100948,300045010.6366407,0.8426453753313722,0.038760028516964654,4.3764806018831255,0.8802883657522718,0.40459444609758766,0.28806607835100595,0.025805424477435685,0.8353929105988115,0.025805424477435685,0.17236866052774558,0.02512114291224884,0.9870972877612822,0.9870972877612822,0.9974194575522564,0.9935486438806411,-0.6528759044430574,0.6607334758651981,0.025805424477435685,2.076274362823475,0.8200220572634211,0.5930599766874343,0.8588938360607965,0.9028114249333392,4.15254872564695,0.5672545522099992,0.07846787570711042,1.798249195895639,4088.2484280936455,0.5469228666346014,2.041946269057393,6298.774180602007,0.07984476236283711,4.389565217391304,68.96200668896321,297.54060200668897,16.77135265700483,0.24238944630248976,0.017686780723685482,0.08082187359645951,0.004247300684728796,522.6612563666841,0.6794410450520754,0.16919149402413763,4.846186727976743,331.0548126500855,1349.9837384433956,82.16900629446354,0.23752225106673197,4.41656034116938,95.06396716027503,0.13086789431430054,0.10244147157190636,215.85944918121157,0.1441930159444844,0.7262292309810658,0.0346223408961351,10.727272727272727,0.48760330578512395,0.42975206611570244,6.909090909090909,2083605.5909090908,8344278.7272727275,520647.3068181818,0.22979797979797978,1.2727272727272727,0.05785123966942149,0.07788304970046743,0.42958844773766863,0.016380218865232037,4.3685225277282,0.00294314381270903,1968160.084710744,13.610272768708485,0.010070733114823281,0.10006055281652824,0.0007031145796031778,0.022857133179298335
1,1276,15,0.8245982608553163,45.73566245169823,48.29120002650586,1280.4799999999984,37.71354771673616,569.1793072687451,0.4445046445619969,1281.0000000000002,0.22286518437735522,1.4118494059761466,1.980589166944125,32134204242.185722,0.4993966162352489,0.2570751532406481,4.312549300870402,2.300888091994058,0.17376550329819618,1.7035070361010898,1.7300460770836843,0.572069240136388,1.7288188518576701,0.11312091702493327,1001.7035332524237,-0.7542862402150493,1285368169.6874292,0.8275478976039041,0.0525219653015867,4.374465778581599,1.0741924422839293,0.3998823837098191,0.33062610036115986,0.019221805096959182,0.8900107760192401,0.019221805096959182,0.13668607644493053,0.018842833303150786,0.9903890974515204,0.9903890974515204,0.9980778194903042,0.9951945487257602,-0.7408948262997677,0.718839373683781,0.019221805096959182,2.07282769763221,0.8115610284089623,0.618499067112677,0.8982276194866966,0.8976232068502821,4.14565539526442,0.5992772620157185,0.08746197636452978,1.3439666278790898,23636.109195940673,0.7380518093970545,1.1544466385246208,26502.22142076503,0.0889825276773793,4.382451209992194,74.97701795472287,325.82432474629195,18.378956544366382,0.24674559805707347,0.014886497507321081,0.06652657042115426,0.0037580276319254167,949.5393572215085,0.5786127897683696,0.2504224230272968,4.845090561343917,1897.5475337035732,7717.388730506416,471.6686922833659,0.269053288867391,5.419456244073979,144.44007198591996,0.09035475201576791,0.0509992193598751,1445.301836838171,0.13482642640955733,0.6295695967714432,0.04400230823985296,12.058823529411764,0.3546712802768166,0.7508650519031141,5.235294117647059,24160089.970588237,97390284.76470588,6019578.85375817,0.4313725490196078,1.2941176470588236,0.03806228373702422,0.03098711604188087,0.20853229493175193,0.008135833808994047,5.028639311838565,0.0010616705698672912,23272892.19809689,42.562999765059295,0.003262061566620415,0.06739115657257333,0.000584293569563592,0.007236183814615729
1,1276,17,0.8057881307765593,49.60342536753297,52.50561874694936,1477.5599999999943,39.96985140701896,632.59352083113,0.42813389698633725,1478.0000000000002,0.21540349981483223,1.8057767728995882,2.291609903394948,37102613109.3625,0.9226266413958667,0.2576970106738794,3.9834184810830666,2.5541541322955985,0.15523096358788052,2.0629825736103156,2.0873437348421273,1.1429390465530025,1.411215085742596,0.1070350055023397,1002.0630020432537,-0.7790119763748994,1484104524.3745005,0.552665275277823,0.03901961818467797,3.0005979747504274,1.1246488206992415,-0.567030174146881,0.8365243323662452,0.042414980151094274,0.9033909750106455,0.042414980151094274,0.2522259923925592,0.0405583692942056,0.978792509924453,0.978792509924453,0.9915170039697813,0.9858616732829686,-0.7275149004316893,0.8564391102354777,0.042414980151094274,1.6739351549419916,0.5199719744471247,1.1588678214830699,0.9033909750106458,0.6527276648664444,3.3478703098839833,1.1164528413319759,0.21973482812933487,2.069093310105355,23272.57304465494,0.6298395952545315,1.4911059754157046,20420.981921515562,0.22366736236108847,2.9868200270635996,72.41439783491204,222.60527740189445,34.866677943166444,0.5032949932341001,0.015891241266465992,0.044647606377538236,0.00870214998869793,1375.1292320694076,0.5143111913295031,0.24284440433524845,2.2469389890691485,695.4787341048122,2523.481555539924,238.4780287460341,0.6882652527327129,5.63993461686219,184.1875304302761,0.06815324434812386,0.07230040595399188,473.61898236298094,0.1107632688808434,0.22391781664651056,0.08247463193942652,38.16417910447761,0.5696146134996658,0.2151926932501671,1.9402985074626866,8844111.373134328,32596763.3880597,2905948.369402985,0.7649253731343284,2.014925373134328,0.030073513031855646,0.08404811707430708,0.1462557017357732,0.06849622090894057,5.685346279945412,0.0018132611637347766,8539967.354421921,393.98736937182275,0.001286026004250866,0.042088728173880215,0.00942326494598765,0.0012847445002611537
1,1276,17,0.827005969963833,48.50037201284104,54.430138710093324,1448.6599999999967,40.11009720008635,597.6479364188514,0.41255224581258043,1449.0000000000002,0.22575778845958738,1.4648835789884371,2.035669823162937,36351744138.93774,0.6152523666873815,0.257316041843884,4.22101869889707,2.5611839435636594,0.17555206973533738,1.747845470156782,1.7504660971177883,0.7837067039602327,1.7774772396034266,0.10973927903982475,1001.7478739719156,-0.36442892777582725,1454069765.5575097,0.7608285475192668,0.057103151899434615,4.610678192899243,1.2267468645714361,0.5690470478283929,0.44775400477841926,0.02711398394871952,0.8856232142307608,0.02711398394871952,0.17901942589651018,0.026353839475006784,0.9864430080256403,0.9864430080256403,0.997288601605128,0.9932215040128201,-0.7193563731609518,0.7603164756015448,0.02711398394871952,2.122620454520107,0.7408358890880686,0.7695216936211029,0.8888381647107795,0.8526896412324636,4.245240909040214,0.7424077096723841,0.1187169971817847,1.5212306220295975,25872.567204968946,0.7142185563828556,1.2781633462738873,27561.014133885437,0.12207771971912759,4.638040027605245,74.35293305728088,338.5625672877847,17.634287247910436,0.23649106663599417,0.015268970159696933,0.07361353878514316,0.0036065208659854073,1038.1015778717888,0.5067075740022692,0.28336297142169253,5.591071806447404,1663.8101946284482,6805.8533869872645,412.12925867007107,0.22977015553517546,5.589653919679256,165.49443069618852,0.08034413169542516,0.056452726017943405,1292.747968084787,0.1472846571511894,0.8035958904594578,0.0380527681028414,18.625,0.3880208333333333,0.4791666666666667,5.541666666666667,19232594.8125,78036440.6875,4777684.871527778,0.30439814814814814,2.0,0.041666666666666664,0.05660233100143947,0.35547901962657286,0.011631522124505548,5.37662916738781,0.0013250517598343684,18663041.58984375,72.56328249380499,0.0020051227558048057,0.10372248752537766,0.0011320663444380026,0.004789083178148115
1,1276,19,0.7612079113385362,46.716288014900805,48.141873665240745,1203.2399999999975,35.560808025312134,700.3758584802289,0.5820749463783038,1204.0000000000002,0.17556983245700084,1.6686993654605007,2.1848448690387063,30215662037.861843,0.9556955771506888,0.2840146187784707,4.223929403313451,2.5742118351060475,0.16882078124397024,1.9194306182682874,1.932331652304683,0.9899740711441636,1.5842377639618839,0.11598832884061056,1001.9194541578653,-0.6762648697104388,1208626481.514474,0.5325491263893334,0.047169559780137614,5.850740568209478,1.0733690187515033,0.43913371125540845,0.8996257080682553,0.03898929589043375,0.9169335562699364,0.03898929589043375,0.2367222823613065,0.03742163935565753,0.9805053520547832,0.9805053520547832,0.9961010704109566,0.9902526760273915,-0.7539711838456135,0.873713830284419,0.03898929589043375,2.3739377969279407,0.49396325114119216,1.1928277699697762,0.9172341710096247,0.6060213236118515,4.747875593855881,1.1538384740793433,0.23465375098967226,2.1917377155236597,18252.913953488372,0.6064091014447964,1.6094923720488734,16029.728704318937,0.23405885034381518,5.8575747508305644,71.53242524916944,417.71292358803987,14.233664636397195,0.19860003691399042,0.016149616201223935,0.0951457368107819,0.003197091119834587,1243.2463336116818,0.5172606040930801,0.24360057506677196,6.003023319929946,466.92158430110874,2606.8393889669383,96.20486597152077,0.1955910688667257,5.551755306512171,189.1708395121175,0.08047096439922748,0.07975083056478405,282.98246367013894,0.10949473503833294,0.6469656266849474,0.022067036463759862,21.045454545454547,0.47830578512396693,0.2949380165289256,6.431818181818182,9403564.0,46782791.61363637,2096210.682449495,0.1976010101010101,1.6818181818181819,0.038223140495867766,0.04372931223630388,0.23304400980943418,0.009504751555458971,5.124093266315389,0.0014617940199335548,8935583.628099173,114.5902047135891,0.0017374074455613847,0.1524336566308669,0.0029879809903842207,0.005406100978422367
1,1276,19,0.8917878134945343,41.04912175109004,44.697203491941195,1093.5399999999977,36.607106532275516,606.9449926937015,0.5550277014957868,1094.0000000000002,0.193140315240575,1.3665558988403186,1.9457456353857185,27441190996.048946,0.5279172281539041,0.260251139450852,5.337682018241738,2.759197101403557,0.19261891478809817,1.665685817948282,1.6662721688713527,0.516441853446904,2.2427552479566533,0.10988264748393968,1001.665724126703,-0.1748408720593583,1097647639.841958,0.8250687833587893,0.07674513169886125,4.266134013736185,1.1960205270313664,0.2601628090398743,0.32824593560678655,0.01263921868695385,0.9254827239654582,0.01263921868695385,0.09746663848036602,0.012473128205912377,0.993680390656523,0.993680390656523,0.9987360781313046,0.9968401953282615,-0.8142369720558889,0.744261172193237,0.01263921868695385,2.0462725966370128,0.8256898476333527,0.5882344386548581,0.9279608109498904,0.9063171541249125,4.0925451932740256,0.575595219967905,0.0852212885734351,1.3424619282878514,20209.230054844607,0.7389115193727461,1.1943852704965428,22565.63122486289,0.0924039972059664,4.2909323583180985,74.79510054844607,317.2964168190128,19.060976030875484,0.25717753402396915,0.015125232376788485,0.06725703361817338,0.00394868537249275,749.3880297203009,0.519309798771953,0.3038352382349079,4.901499884117193,1820.8083905708954,7351.46087010757,456.1837920088891,0.2852702058605825,5.316456163955306,146.6761225638077,0.10529836636526044,0.05261425959780622,1380.2994621842035,0.14069173746318847,0.7210240022296185,0.04246779616102223,12.466666666666667,0.41555555555555557,0.43222222222222223,6.033333333333333,20020318.733333334,80313584.5,5005771.217592593,0.2601851851851852,1.8666666666666667,0.06222222222222222,0.19295814233171346,1.4444742153498886,0.02965289452111579,4.50689059560851,0.0010968921389396709,19189182.62222222,24.819120465339623,0.005635191531420628,0.0428852260965352,0.0004117784464445561,0.012495547708941497
1,1276,23,0.6463706111800581,36.584641791683566,37.40374312819507,562.4199999999989,23.647237274694003,525.2798123321255,0.9339636078591205,563.0000000000001,0.16004591724710415,1.6663227552571722,2.2606103692184254,14130491242.437847,0.9931248896860665,0.2632365492078448,3.9967132979313185,2.722881490849186,0.1817102358690793,1.9693008459477934,1.9767051367915172,1.0050550584059497,1.7178264324432362,0.11448227151074544,1001.9693305821294,-0.25890846107640136,565219649.6975139,0.5047578886263325,0.05958948303010573,2.327083307507416,0.9556072641166506,0.17241981808608187,0.9316981084384659,0.05917050953394895,0.8805708089658371,0.05917050953394895,0.322441141491341,0.055542074375724095,0.9704147452330255,0.9704147452330255,0.9881658980932103,0.980276496822017,-0.6758401097935822,0.8588441943788999,0.05917050953394895,1.4522228540914635,0.44902361663806856,1.3154278515089814,0.8805708089658377,0.518191891141562,2.904445708182927,1.2562573419750327,0.2477171544931037,2.6347125688135837,6512.773357015986,0.46271924383772545,2.248923088377728,7104.4672824156305,0.2476210556868337,2.353676731793961,66.49811722912966,155.90408525754884,44.146625222024866,0.6615808170515097,0.018534669890586327,0.04397554189954385,0.012174451888346944,870.1687038443347,0.5023507663220863,0.24882461683895687,2.3977879504399153,162.3044802353004,374.6641812401667,109.21455498408379,0.6505530123900212,5.0566488903628155,163.04643767203794,0.09486856167827773,0.12305506216696271,84.53586133204013,0.14031471564819573,0.3368813020993526,0.09117306903540649,18.0,0.5,0.25,2.5,1879194.5277777778,3479031.277777778,1479235.3402777778,0.625,1.4444444444444444,0.040123456790123455,0.014110992835820188,0.04548048209403429,0.006268620521266666,4.926733681937762,0.0025577264653641207,1726335.2492283948,576.0649755352116,0.0024540988077133034,0.05790146439737454,0.014335799326620585,0.0024544107807071645
1,1276,23,0.7784100864331523,28.353504181957966,31.670806746908106,395.53999999999985,22.070653640960646,434.2087445202627,1.0977619065587876,396.00000000000006,0.16236842245158153,1.6634670812437853,2.0842533200886484,9936967999.04504,0.7182767933364731,0.19813545904991758,3.4624782622341774,2.319051398905278,0.12695782436030714,1.8653171958979142,1.8620865258518684,1.091747868223228,1.2273035306820501,0.08321321396612352,1001.8653309291029,-0.1863893415575134,397478719.9618017,0.682188429752066,0.027517643753914453,1.5781689947969468,1.2070532584004003,0.6972666116922759,0.599097266576475,0.03905868495593187,0.8776032225421281,0.03905868495593187,0.23698177766205608,0.03748276984889631,0.9804706575220341,0.9804706575220341,0.9921882630088136,0.9869804383480226,-0.6895687605679902,0.7930028791908067,0.03905868495593187,1.1992327790916375,0.6434392543849002,0.9440367315296502,0.8776032225421274,0.7812378784303965,2.398465558183275,0.9049780465737188,0.15953898788310175,2.2337278319328053,4934.576565656565,0.49844207733904705,2.2120996224875014,6753.665454545455,0.15890578512396694,1.5945454545454545,67.42343434343434,104.20949494949495,58.226919191919194,0.8513636363636363,0.01833216614367408,0.03157678638234194,0.015021011084007116,679.8584361101869,0.5923728228821117,0.20381358855894416,1.8563589178084978,236.14714640800074,298.47232579725573,220.56585156068695,0.7859102705478755,4.680628105786099,129.881440844326,0.11553412008045053,0.11558080808080808,147.4466180527729,0.15601127964864045,0.32309779221695234,0.11423965150656241,15.785714285714286,0.5637755102040817,0.21811224489795922,3.0357142857142856,1894913.142857143,1991999.142857143,1870641.642857143,0.49107142857142855,1.2142857142857142,0.04336734693877551,0.024292447957327813,0.09543525002893972,0.006506747439424832,4.735926350629024,0.0028282828282828283,1769900.3877551022,240.59441330343793,0.005125571452679367,0.03941418120599938,0.006267166967192586,0.005122279170312735
1,1276,25,0.6219529577513678,32.63936028853288,34.517242068276545,411.4199999999996,20.30014667056556,469.5058007951078,1.141183707148676,412.00000000000006,0.15314635669933338,1.5514754130514186,2.3578791510978148,10340392672.046354,1.066206526897103,0.45339783724570193,3.89899988319325,2.762018862644385,0.26769488705446404,1.9588342110063883,1.9886635316304853,0.2263347681390222,2.535684094505363,0.18802982502878712,1001.9588906962587,-0.5632882571329735,413615706.88185424,0.49102047318314646,0.1131917980208443,6.44793065284599,1.5558381865336295,-0.14730735603401213,1.0220091713751156,0.043577829537110965,0.9181834363736042,0.043577829537110965,0.2573010611961861,0.04161346093437846,0.9782110852314445,0.9782110852314445,0.9956422170462889,0.9891055426157223,-0.752517285060084,0.892576178258358,0.043577829537110965,2.4906441517288425,0.45147664426089545,1.323060086135991,0.9185980029575317,0.4782165476610232,4.981288303457685,1.2794822565988806,0.26639675022805664,2.6303759497857016,4985.304466019417,0.48401014233198225,2.3476280139504198,5057.5108737864075,0.26798622867376753,6.4111650485436895,66.64,433.83893203883497,12.323330636461705,0.1891720604099245,0.018883537326293335,0.11790405860834086,0.0037701615840760767,626.2107964373697,0.4951410175700043,0.2776038128225871,5.947927848535817,192.006471589042,1379.6840887762241,31.298684229881985,0.2098632761082625,4.926587445031302,144.30479694479274,0.11571058203499482,0.12271844660194176,112.36595352313353,0.1673163304045776,0.9796716241042499,0.03774315286643977,12.290322580645162,0.3964620187304891,0.47658688865764826,5.870967741935484,1005496.9032258064,6962263.129032258,169787.28225806452,0.2840501792114695,1.4516129032258065,0.046826222684703434,0.03251105397196624,0.14618819430083949,0.015466389872532925,4.696131794257834,0.003009708737864078,895101.4817898024,37.628885561034814,0.004569104042085884,0.16797764464767637,0.0039325709127757975,0.015397622076497197
1,1276,25,0.7625410924883204,22.30244807141185,24.08817137102773,221.64000000000024,17.006533117538424,313.5979797464386,1.4148979414656122,222.00000000000006,0.16828900648961503,1.669773904411527,2.177211299255748,5571535928.856231,0.9607936011212774,0.24448921438420257,3.282847750064624,2.4852282361337323,0.15208683329954534,1.9382760715133662,1.9485851325182386,1.1725405597610832,1.3126876763726492,0.10219168970682177,1001.938295276542,-0.29841636475287,222861437.15424928,0.5269287233179125,0.03848450705380029,2.122254869791541,1.0166557834486847,0.3948073605454875,0.8846755712045481,0.06186579923875438,0.8692885439548832,0.06186579923875438,0.33300748835746086,0.05789160998418197,0.9690671003806228,0.9690671003806228,0.9876268401522491,0.9793780669204152,-0.6562489600728025,0.845734450335905,0.06186579923875438,1.3843959231369727,0.46883770479416675,1.2914715489532584,0.8692885439548836,0.58467117724365,2.7687918462739454,1.2296057497145043,0.23663534261082564,2.821937621532319,2134.871351351351,0.3846615047479912,2.675262592322052,2924.4544144144143,0.23653563834104377,2.151891891891892,62.513153153153155,132.46828828828828,45.02436936936937,0.712027027027027,0.02108242346655045,0.046715366443541045,0.014674187722302801,449.32331294670195,0.5119112926993161,0.24404435365034194,2.2689658382674893,87.1690952171096,174.42410904635267,65.35534175979885,0.6827585404331277,4.599758365741392,103.39706303639429,0.1183047433869512,0.1580630630630631,39.90449498161439,0.16895632400720167,0.40684568094179896,0.10948398477355237,11.695652173913043,0.5085066162570888,0.24574669187145556,2.3043478260869565,524608.3478260869,903000.5652173914,430010.29347826086,0.6739130434782609,1.434782608695652,0.062381852551984876,0.1272935163925397,0.2966095579016074,0.08496450601527276,4.349648912578746,0.004144144144144144,466380.5595463138,553.7535502457207,0.005944548698890541,0.06062030586571124,0.014358149585029735,0.005936563577768986
1,1276,27,0.7580452208157459,30.485957924000314,31.509363687640537,462.58000000000027,23.109734706278353,418.7945309578908,0.9053450883261069,463.0000000000001,0.18205279726665544,0.9186188807008916,2.2057538648326425,11612828573.697294,1.2946941967070975,0.6674241125299818,2.966100376246675,2.8280968458822944,0.39772737069402264,1.6326069644783539,1.6987217095452958,0.11305411038715914,2.7150427354951354,0.27707510411085945,1001.6327307537732,-0.6205732593015136,464513142.94789183,0.4690393181849987,0.2479828036697953,4.857596832661845,5.145954066432731,-0.11179579171372772,1.3716872148659447,0.057560979087374425,0.9194553839644676,0.057560979087374425,0.31563453219250326,0.054087523400283874,0.9712195104563128,0.9712195104563128,0.9942439020912626,0.9856097552281564,-0.7390917191353178,0.9227733272780663,0.057560979087374425,2.1281578272942965,0.4244249278858588,1.6327325550930418,0.9275083729789013,0.5974734974279667,4.256315654588593,1.5751715760056682,0.3573120484883298,2.9017480951665706,5534.012872570194,0.47810046415293256,2.2925344616059222,5429.130107991361,0.3574854647826878,4.932095032397408,67.00639308855291,323.6869978401728,20.638593712503,0.3034173266138709,0.018716346569825435,0.09657464421893867,0.0054823792116283,595.2550067344804,0.4300614656793284,0.39582417149793214,5.431528975958417,191.26101020431685,845.5901189220442,58.15725682874502,0.2810232236159521,5.371654132202776,126.67912739773875,0.09007133421088004,0.11943844492440604,109.25511263644118,0.164312757536676,0.9531740832588779,0.042297826767896805,13.242424242424242,0.40128558310376494,0.45362718089990817,5.757575757575758,1469179.7272727273,6438135.848484849,387084.19865319866,0.281986531986532,1.3636363636363635,0.04132231404958678,0.05646597614764635,0.4037519490590482,0.009478201313215157,4.801969876934201,0.0028509719222462203,1346148.8503213958,62.14254914784853,0.003568027181669231,0.17046722630373173,0.0068907716255269535,0.00935322899031662
1,1276,27,0.7220316555639814,20.814779563491076,21.378493866500513,178.8200000000001,15.028929748426789,227.22152954766182,1.2706717903347595,179.00000000000003,0.2086236302661754,1.4691862519165022,2.0336121503590245,4490628988.409802,0.6281063887097291,0.2956547548570938,4.150758736023906,2.460885892940827,0.18307420582925552,1.7447054122629535,1.7658431378909318,0.6905847974422358,1.7703010954985912,0.12219203752139943,1001.744733640508,-0.649984229862761,179625159.53639212,0.7598540869510939,0.05655499058027037,4.588029648188186,1.25303241904005,0.5347216125928063,0.4460266182103846,0.03257795516063514,0.8636359210229336,0.03257795516063514,0.20610291427523258,0.031472126044765736,0.9837110224196826,0.9837110224196826,0.9967422044839365,0.9918555112098412,-0.6819029285715313,0.7508095559904062,0.03257795516063514,2.1177030698433215,0.7356650814450071,0.8041294701442031,0.8711547669553832,0.850204676024465,4.235406139686643,0.7715515149835687,0.11965114334275494,2.129419963603754,2161.2520670391064,0.48296135576292876,2.2518586061608565,3400.347039106145,0.12369082113542025,4.614301675977654,66.58480446927375,301.3097206703911,15.909286157666047,0.23919304779639974,0.01852281343118667,0.08879616173388453,0.004450476900705796,331.39649001794857,0.6024846354201899,0.2194364900426108,5.054307500930459,173.70828088806365,736.748206772522,42.44261491933139,0.2408722037932809,4.539275515055405,64.61237790831457,0.12246904738256315,0.12240223463687153,91.6808318648825,0.1353133576176847,0.7628274385782029,0.03360441400064042,5.875,0.3671875,0.5625,5.625,705878.4375,2849115.1875,175784.04166666666,0.3298611111111111,1.0,0.0625,0.06483057505951924,0.26044091562177196,0.01689607287892929,3.9999999999999947,0.003575418994413408,627653.33984375,10.2717092036189,0.014192814860858079,0.11937136076763534,0.0013423475891652158,0.03313287432616636
1,1276,29,0.7591827700174792,27.789997520505413,29.917219122104246,385.65999999999985,21.09768729639618,352.54356415870757,0.914130488406129,386.00000000000006,0.19746695970839898,0.8610974102594904,1.8206974521197172,9676421795.046509,0.7786244104178845,0.48916409383379955,3.3237991223957533,2.481364488217024,0.2986950454795827,1.3679975466902552,1.4015275529802453,0.013663104162490482,2.4677013840545334,0.2053506279790005,1001.3680691181336,-0.4687612827591354,387056871.80186045,0.6980989341995758,0.14333871087551386,3.633160063913511,1.85094470154821,-0.5040659698799973,0.6165135189297373,0.03217607127735917,0.9008741895316839,0.03217607127735917,0.20362503279460079,0.031072390420696726,0.9839119643613204,0.9839119643613204,0.9967823928722641,0.9919559821806603,-0.7408123594903676,0.8271017562664952,0.03217607127735917,1.8673713130115424,0.6681996507190127,0.98264157156507,0.9093639431872704,0.8041491168552994,3.7347426260230847,0.9504655002877115,0.1621723975517741,2.113876166641077,5395.197512953368,0.5590878251765148,1.9093634298907352,6736.654715025907,0.16179850197320733,3.6461139896373056,69.60559585492229,254.61378238341968,24.814113413932066,0.36414795624640184,0.017108387444403975,0.061947679424869166,0.006552795143036426,537.0837272720468,0.5741743731288422,0.2479000555031114,3.5696826378911473,306.72471741569643,1159.6333686321723,95.82673070877004,0.41429999659534933,5.11479225621619,88.3896961335264,0.09830554047906982,0.09652849740932642,175.47055133630977,0.13223238073713084,0.47002594087992133,0.06174661284464259,5.615384615384615,0.4319526627218935,0.9230769230769231,4.923076923076923,4975614.615384615,19454354.53846154,1357926.985042735,0.532051282051282,1.1538461538461537,0.08875739644970414,0.016305784914793946,0.08592672036561241,0.008570124908901666,3.5465935642949344,0.0013471502590673575,4424593.905325444,23.037755031950137,0.006905334983350037,0.10563621126281418,0.0017221247579048114,0.016478298204352686
1,1276,31,0.7064119438053832,29.82224335759377,33.53863443850987,387.36,21.066788898874993,444.56021638283823,1.1476668122233535,388.00000000000006,0.15693930423252664,0.6267455999736848,2.2415099172213413,9730264962.102139,1.4349521217440215,0.7388951658782537,2.920671251800181,2.8115492171950653,0.47071816760184576,1.5586578546733019,1.6696511863470942,-0.18630106505450983,2.9978502822495754,0.3203563313009843,1001.5588346102227,-0.6436751799085834,389210598.4840856,0.4281094058879795,0.35406213294677674,9.503650770948536,8.170478786075401,-0.45376824801910703,1.7202174425483014,0.06767153350576377,0.924382556410912,0.06767153350576377,0.3546056050640469,0.06285824396874709,0.9661642332471182,0.9661642332471182,0.9960193215584845,0.9864656932988474,-0.7323750287653772,0.9381105146020818,0.06767153350576377,3.01504285177249,0.3720362832147233,1.8428123320021645,0.9326266385589917,0.5462302129304518,6.030085703544979,1.7751407984964018,0.44697224401351626,3.2193170598391934,3956.8742268041237,0.40792517802104367,2.5733903709214583,4152.661237113402,0.4354065256669146,9.63443298969072,64.0098969072165,605.7758762886598,8.556975945017182,0.1318556701030928,0.020250498158408077,0.2026425509035229,0.002584212554766508,628.8505265948302,0.4450976061430897,0.42464412487929487,10.30540656943143,104.80115219455632,949.928598596222,14.366691161423422,0.12471508094986235,5.105024238327667,151.1552907041791,0.10735896328310603,0.14523195876288658,49.031695672881604,0.168903794355592,1.852053121595749,0.019587506509862466,17.76923076923077,0.4556213017751479,0.6074950690335307,12.58974358974359,399936.8205128205,3430378.4102564105,53133.78062678063,0.11823361823361822,1.4102564102564104,0.03616042077580539,0.04993568915222077,0.6803540409098289,0.004913614653953714,5.11219997521702,0.004020618556701031,338076.20249835635,21.426070415220515,0.004014182526611675,0.4506585000487116,0.004874392442257389,0.024182100376709488
1,1276,33,0.7539654064469763,26.59878128400217,28.594405047141652,316.5000000000002,20.05456094178692,403.8406204335517,1.275957726488314,317.00000000000006,0.1561643107543937,0.7177544178973833,2.337575310122924,7951576344.461613,1.4398565893071231,0.6378943197411815,3.268925529849872,3.0336391133538516,0.45345536901704775,1.675162850239968,1.7728968496156432,-0.2354189051075496,3.269058018461401,0.29362098758704747,1001.6753375974633,-0.6895861504813803,318063053.77846456,0.4163639005264258,0.35007993732908993,10.236036028792816,8.076892469798018,-0.6485012436658051,1.7421033799595538,0.06908142441290907,0.9238218302225525,0.06908142441290907,0.3596125779073588,0.0640460369769767,0.9654592877935455,0.9654592877935455,0.9973430221379651,0.9884864292645151,-0.7299202698017815,0.937860152463851,0.06908142441290907,3.13333283554348,0.3604516751226569,1.850092708300539,0.9366458605406145,0.5162613507246293,6.26666567108696,1.781011283887631,0.4527962010931158,3.3153018638051623,3039.5746372239746,0.383542540974634,2.6732229159410483,3299.6839116719243,0.4418569196628487,10.309779179810725,62.861451104100944,642.3665615141956,7.69443424465475,0.12135432877672625,0.021033701506072693,0.221646561601624,0.0024929610077745446,528.9507378970754,0.42904548460269887,0.42949545962110613,10.65288649616805,85.12690615851203,853.2246626564099,10.61587519997592,0.11753643301406459,5.086914938272357,133.03218570817222,0.10725988418121732,0.1552365930599369,35.33148610530617,0.17080911385633135,1.9186745809578962,0.018562256482844125,12.272727272727273,0.371900826446281,0.6556473829201103,11.969696969696969,227464.0303030303,2161826.3333333335,28536.851506734005,0.12642255892255894,1.2424242424242424,0.03764921946740129,0.11038588673089225,1.2421989986755415,0.011401758082375922,4.923181998146322,0.00416403785488959,169791.28007346188,11.775944954456163,0.00471817834203121,0.7324483688147979,0.003025661221927464,0.04536491369911593
1,1276,33,0.7040462663894147,17.689852794679062,19.14262259984248,93.76000000000009,12.454474813072148,190.9788888605443,2.0368908794853255,94.00000000000001,0.17973322585989585,1.2135903088920053,2.0538397563207678,2357651539.725524,0.909867601571623,0.3455419731706897,5.739607682122662,2.2409391207977314,0.25784227330243104,1.626594763684549,1.6595575596391217,0.19164510402275994,2.0492940167749714,0.14952865319769004,1001.6266641575028,-1.3938828846352056,94306061.58902098,0.6603904028972386,0.13901339250254435,4.491466259826375,2.76766735831344,0.18743066199584102,0.7540894709596029,0.04020189812131031,0.8988869977776384,0.04020189812131031,0.24214955140894723,0.03853050790299192,0.9798990509393448,0.9798990509393448,0.995979810187869,0.9899495254696724,-0.7357893419682671,0.859498066077651,0.04020189812131031,2.0767727457473306,0.6209503133801224,1.1555056928290932,0.9380879654151562,0.7754228250416383,4.153545491494661,1.1153037947077835,0.1985728422702283,2.7431402493023045,859.0391489361702,0.3655485740153916,2.7452465368945225,1551.9174468085107,0.19692621095518334,4.465106382978723,59.62893617021277,265.60297872340425,16.542044917257684,0.2821867612293144,0.021852449971320288,0.09783408329446831,0.006285372656855405,259.39292993593745,0.6023649264865565,0.2408312570324152,4.500826031110044,58.702954759101125,256.5398504022408,15.591745715008738,0.296442837526925,3.8687362322430037,80.38915565786837,0.1969754745069241,0.18223404255319148,21.51678758251495,0.1524663956435418,0.6715800966813414,0.04745219696396697,4.2,0.42,0.41,5.7,179145.4,727244.3,46175.563888888886,0.2694444444444445,1.0,0.1,0.1114959664077668,0.5017626632382023,0.026327217583787994,3.3219280948873595,0.00425531914893617,123920.40000000001,7.101941767666734,0.023010808027321545,0.1224862443401829,0.002567456234657,0.05665704830464314
1,1276,35,0.616884554651688,29.654692053842304,32.93690938749415,362.87999999999965,18.29352150096746,309.1210244842689,0.8518546750558564,363.00000000000006,0.21845294525108203,0.5559829498110912,2.01822291923235,9100669620.491049,1.1995213772404256,0.6020790755717147,3.1663165580866295,2.6929152048565306,0.4093324491913316,1.4131646162486389,1.489424570895963,-0.19568033326875364,2.8885955381252844,0.2694077228294054,1001.4133054431486,-0.6941216909650136,364026784.819642,0.5389818728228946,0.2820518430899161,8.712033682095273,5.400643827563254,-0.36660700926430473,1.2125789654270673,0.058582928338646464,0.9079853401099116,0.058582928338646464,0.3187543497266544,0.05491484623954786,0.9707085358306766,0.9707085358306766,0.9965539453918444,0.9882834143322706,-0.7201897415115579,0.9087127544738252,0.058582928338646464,2.9023306717275776,0.4841273429657174,1.5610362004405893,0.9216291562674002,0.6655903033305451,5.804661343455155,1.5024532721019437,0.3177904734414284,2.7857777942523922,4303.9683746556475,0.4742664875653606,2.157994842489508,4891.260495867768,0.3088811480697281,8.797355371900826,67.18644628099173,582.6135537190082,9.229175849403122,0.13682966023875112,0.018241597449101057,0.1657770845609951,0.0024717329108036785,532.3918460409233,0.49938463150036516,0.37330952495232367,9.438585048478956,167.04503741104506,1392.9529150840349,23.059190992790057,0.1343914351817238,5.301764185535573,92.61045050577964,0.08604397905114529,0.11699724517906336,78.5055273642153,0.13403654655395505,1.3549914761420712,0.017124566875201246,11.714285714285714,0.41836734693877553,1.1224489795918369,11.0,1540990.107142857,13490564.5,182714.9575892857,0.1865079365079365,1.7142857142857142,0.061224489795918366,0.030688620559690443,0.29735423782179937,0.005102654075009164,4.6644977792004525,0.003085399449035813,1435944.6670918365,16.59623060795351,0.0047252930550601355,0.37575866056274315,0.002965949205852893,0.026468621293811737
1,1276,37,0.6015660156995741,27.663344729556464,27.44886154287642,240.6400000000003,16.641328069883095,368.3092495836555,1.5305404321129283,241.00000000000006,0.14930564079524078,0.35316966578840236,2.02057452948214,6041104647.02631,1.3764007771140532,0.6713715851775681,3.1200666847846046,2.706999100358981,0.4680221702833062,1.3354115112821383,1.4390471097582194,-0.34733790977828555,3.0543370101372664,0.30844627661365187,1001.3355933256335,-0.7499079690889794,241644185.88105243,0.48798082677639854,0.3641143296246839,8.361902195120699,10.53922774771692,-1.3205236284524458,1.6594107567146015,0.06821154809455376,0.921108767214202,0.06821154809455376,0.35506464422096873,0.0631714164474851,0.9658942259527232,0.9658942259527232,0.995987555994438,0.9863576903810892,-0.7226897851863133,0.9297589445474441,0.06821154809455376,2.8220674648589688,0.43463920144004414,1.7781626480302948,0.928607665294267,0.62495899933911,5.6441349297179375,1.7099510999357417,0.43190557620228875,3.313356716273942,2133.8152697095434,0.35416021074017323,2.81078675642637,2940.084481327801,0.42483428315628174,8.498921161825725,60.98273858921162,512.7452282157676,9.940122176118027,0.16564545873674505,0.021750131700136642,0.18949753577779657,0.003699768634316251,454.64776998426476,0.43801633483246927,0.5243073063618877,8.794131693348854,75.4187218479013,619.2093660567843,11.675124318823944,0.17443376045227643,4.924604374544444,127.71064026766022,0.12171168393753799,0.17161825726141078,34.812111187670695,0.18556069136375627,1.6889500317322965,0.0338254723604863,9.666666666666666,0.32222222222222224,1.0988888888888888,10.3,531184.7666666667,4654822.0,63441.62268518518,0.20972222222222223,1.7333333333333334,0.057777777777777775,0.025166983043242906,0.31497386236907055,0.0023979577529613318,4.6150610122030615,0.004979253112033195,490850.73888888885,12.071281254359986,0.0070306304536918865,0.38236720289083415,0.0047722855274793955,0.035292308452110996
1,1276,39,0.6634932792705105,25.954928261996212,28.104092228712886,277.78000000000003,17.22092046578272,303.35533905932004,1.0920704840496795,278.00000000000006,0.1947617982927212,0.45737531695653066,2.1406197025957714,6970303660.524609,1.3508227923853968,0.6086533587051932,3.7663103212063986,2.851419577837208,0.4666379939105854,1.459431335842682,1.5777686919385325,-0.4489112912618922,3.3003308690991,0.2782821355110925,1001.4596297422781,-0.8629066493811737,278812146.4209844,0.5074256197919362,0.3973920313385871,8.979961961109098,12.762972285454614,-1.758114556830781,1.690742863045458,0.07422209627701562,0.9160068311594124,0.07422209627701562,0.376576716593339,0.06823726835020583,0.9628889518614923,0.9628889518614923,0.9956339943366461,0.9851555807445969,-0.7035796682728973,0.9224399576318721,0.07422209627701562,2.9284516270529926,0.4528113081080632,1.767827071189733,0.9294612181915068,0.6487560758266666,5.856903254105984,1.6936049749127184,0.4412412398306185,3.171999418245913,2708.5893525179854,0.38972508669323536,2.5177144868278036,3526.6080575539568,0.43518503183065055,9.02978417266187,63.64086330935252,576.3693525179856,9.760989208633093,0.15888089528377297,0.0200131897656478,0.17988568211190684,0.0034868574641420654,423.1261661774215,0.41089819282813494,0.5875655401551957,8.933380173309251,124.52765345740636,1130.736279440362,16.57709144072473,0.18142107012257133,5.240119339408967,112.2114570456404,0.10751005755074075,0.14773381294964028,68.28551152395198,0.15847471298960827,1.3977572268939444,0.03569209423584495,8.066666666666666,0.2688888888888889,1.3122222222222222,8.966666666666667,680474.2,6129017.3,78242.21666666666,0.2988425925925926,1.2666666666666666,0.042222222222222223,0.014715357252156813,0.07538535877530764,0.005572367395138532,4.8402239289418425,0.004316546762589928,626804.7555555555,13.919417486466157,0.005657049507437173,0.4176741766651161,0.005254410755882197,0.029736934548954336
1,1276,41,0.6154496577831394,27.33503150605157,27.44886154287642,247.58000000000007,16.823335785890773,373.37199128345213,1.5080862399363923,248.00000000000006,0.14938981014386765,0.4565466174612886,2.1276691783639996,6217655290.435682,1.3854548173732373,0.6551252100218141,3.5127546070715434,2.79889105455223,0.4685361931528188,1.4226087206326024,1.5114391644026506,-0.40940272260386545,3.2082937771560953,0.29338629299588237,1001.4228015626697,-0.8003652940583078,248706211.61742735,0.4900918314255983,0.3862327890218058,8.935325701721586,13.046352773378498,-1.699710765489593,1.7810097090473649,0.07069515800101817,0.923817861013989,0.07069515800101817,0.36457406837754747,0.06531825051605068,0.964652420999491,0.964652420999491,0.9958414612940578,0.9858609683997963,-0.7209050786254313,0.9317745327723034,0.07069515800101817,2.916804079832948,0.43192325019585237,1.808722047439509,0.9339030419377757,0.6277971812998496,5.833608159665896,1.7380268894384918,0.4629262167620957,3.360118004100892,2156.246129032258,0.34778163371488036,2.8267446409989594,3038.56935483871,0.44465866285119665,8.956935483870968,60.920645161290324,550.026935483871,9.537060931899642,0.15988127240143368,0.022239669688066385,0.19637491555015077,0.0037293280032708685,482.8640295225258,0.4505649455196471,0.49605136954978096,8.736836959742847,63.84048817199782,592.2315848239366,9.403837265766807,0.17095803411507268,4.921980465170608,128.3193026929113,0.11855543058177709,0.17225806451612904,23.94351355566373,0.18348512611258938,1.596002838553134,0.0327387024353224,10.64102564102564,0.27284681130834976,1.0335305719921104,8.282051282051283,246727.7435897436,2240814.0256410255,28939.150284900283,0.25765669515669515,1.8205128205128205,0.04667981591058514,0.08957355534516426,0.7550296500792144,0.016448515195646614,5.009635872652919,0.006290322580645161,221454.89677843524,12.304681992208444,0.0065829641427636925,0.4029281130417841,0.005191754176478742,0.03442520069890734
1,1276,45,0.5947473678669019,25.816053923442812,27.423347716863454,206.3600000000004,15.354030119677619,339.36366517138606,1.6445225100377272,207.00000000000003,0.1500556491534565,0.8298916326574969,2.3611984367244014,5192212734.411554,1.3133915381614094,0.6449412693568437,3.2202981738551197,2.9220148150549727,0.43573488181500314,1.6615219854422665,1.719720135916952,-0.006439955175248173,2.928454770230221,0.27903760297240154,1001.6616855273244,-0.5250515679274413,207688509.37646222,0.46158403696702377,0.32762724778691904,10.182884088355966,5.308959326548575,-0.16632146146439614,1.4159461622150862,0.06718452241758668,0.9094612489338717,0.06718452241758668,0.35139012085774923,0.0623172667342084,0.9664077387912067,0.9664077387912067,0.9960479692695536,0.9865630955164826,-0.712881442461627,0.9194837014021974,0.06718452241758668,3.1377845270020837,0.40572110444866255,1.6979278752234177,0.9166666058432318,0.5770779139341321,6.275569054004167,1.6307433528058317,0.3707826711581682,3.2932088546264344,1814.8836714975846,0.3507021587434946,2.979722990034773,2388.697391304348,0.36722570888468814,10.192270531400967,60.332173913043476,615.3002898550725,6.967479871175523,0.11599570585077833,0.023086370701438565,0.23753517821693,0.002806334801992008,414.09851853665316,0.44808812260670394,0.3866676671645345,10.201141160013695,65.72487481536162,680.2796291908176,7.3774577282817875,0.11751884545424239,4.768862587390366,119.61033720774519,0.12984658739814248,0.1783574879227053,28.30961429618882,0.1970643946449941,2.0828669450315855,0.022986266225650646,14.513513513513514,0.3922571219868517,0.5975164353542732,11.64864864864865,155805.64864864864,1447818.027027027,17679.066816816816,0.1265015015015015,1.4864864864864864,0.04017531044558072,0.09667049668038072,1.0431011893557713,0.03223951200163825,5.101345257520831,0.00714975845410628,136243.46822498174,11.451897408931496,0.006901826398549539,0.48908854408643987,0.004108247860310849,0.046517315598676306
1,1281,10,0.9109933802210188,11.861442343172605,12.92439553712281,58.7,10.805695454503534,133.204877323529,2.2692483360056044,59.000000000000014,0.203893722897382,1.7909498403708548,2.222572816285469,1480913759.361489,1.0007689777549118,0.20630366090330865,8.134008268005386,2.4440018133437182,0.15369278491980687,2.0026330992112857,2.040624626454524,0.8709125281817862,1.573089285161932,0.08555193897663145,1002.0026588690623,-1.9013502092400247,59236550.37445957,0.5235833381212296,0.05164291797631114,7.0724074134059824,1.403099688919821,-0.5144346664922902,0.8818329998512666,0.09636713450653403,0.8027766810723115,0.09636713450653403,0.45461319071438433,0.0867477146066957,0.9518164327467329,0.9518164327467329,0.9903632865493466,0.9759082163733663,-0.5387221748565523,0.8077433857466934,0.09636713450653403,2.622218049004075,0.4437378719864059,1.4459038925967214,0.80863547461258,0.5801120177376422,5.24443609800815,1.349536758090188,0.2445500335894502,3.2950100817779235,383.3254237288136,0.2598816432059753,3.4551101407641482,772.2854237288136,0.24825785693766161,7.071864406779661,53.16,385.4894915254237,8.594387947269304,0.16828625235404898,0.029306915138936934,0.19190962523113456,0.0054053057232867335,177.78280106016388,0.4944017926717703,0.2698607315909011,6.681856755484804,29.646821788475748,222.76878649100448,4.556253333465817,0.1824936892814603,3.973094677972642,59.45730118176764,0.16514460637428865,0.24372881355932205,9.998906433034872,0.25346872981436414,1.5618994339553347,0.05035122867059826,13.695652173913043,0.5954631379962193,0.23062381852551983,4.956521739130435,31337.521739130436,273440.2173913043,3722.62077294686,0.2524154589371981,1.5217391304347827,0.0661625708884688,0.14418498608651173,0.578602180785378,0.03644741628237116,4.055958151615117,0.015593220338983051,27224.809073724005,9.361268239405858,0.014455423929399096,0.37322291723614415,0.007988599879634071,0.05434566476478529
1,1281,13,0.9666448716280069,14.858471551818164,17.3908021666627,132.72000000000008,14.362865325795664,153.32203461105348,1.1552293144292751,133.00000000000003,0.26635971696193506,2.2363022071587877,2.8556891494667194,3341703385.8473372,0.4898244963725087,0.2985911809485442,5.989523574473333,3.1590656340730985,0.2074289965849686,2.5085980966935746,2.5307851756791178,1.1921887109289913,1.9668769231441072,0.12466943277625937,1002.5086407063674,-1.1736124095153073,133668135.43389352,0.844202023856634,0.08543313059293475,3.974309067722383,0.9229685118125787,-0.14695640827511908,0.2564440238458769,0.027444286130237028,0.8047265313707848,0.027444286130237028,0.18080803108617627,0.02666823556104315,0.9862778569348813,0.9862778569348813,0.9972555713869763,0.9931389284674407,-0.6245433587002225,0.6479457497644084,0.027444286130237028,1.9791545883128487,0.8391289416963937,0.6015111432947902,0.8661646756377104,0.9148649993987743,3.9583091766256975,0.5740668571645539,0.07097207749402848,1.7927530680243717,1827.5317293233084,0.5496336028040025,2.384261405393182,2806.9717293233084,0.0824919441460795,3.9690225563909776,68.34796992481203,270.84721804511275,18.79015873015873,0.28815371762740183,0.019140505458657982,0.07538164671883792,0.006501288719562827,205.94231002049918,0.5608845220765244,0.2749115596538794,4.013789075463704,287.5931720144046,1147.1805788334154,73.69792301365773,0.36490912595351277,4.441454161238905,48.28832300712035,0.13269602046048837,0.10977443609022555,187.28875126934201,0.21035441508495548,0.8618437695346839,0.09380875435230183,8.043478260869565,0.3497164461247637,0.722117202268431,4.217391304347826,350671.0869565217,1401805.347826087,88001.57971014493,0.533816425120773,1.6956521739130435,0.07372400756143667,0.09647086638679638,0.2648888622201926,0.07557717879117337,4.349648912578746,0.0069172932330827065,329771.9848771266,6.624183284989123,0.021233023331192695,0.0887215377457957,0.000840287614848076,0.044286226104093995
1,1281,15,0.8412302822375054,18.270238794099743,19.303885619221845,168.79999999999995,15.369478137307146,204.27594513539134,1.210165551749949,169.00000000000003,0.22546229562099265,2.2572672058891077,2.6259566314554452,4245609499.0468416,0.04518862952783091,0.1962228730033284,4.130877489894761,2.994642242576764,0.11908426207989418,2.436014947369738,2.4246704564804196,1.7570890451239718,1.237553197452792,0.08104364359668371,1002.4360268566173,0.4186450769509497,169824379.9618737,0.9901085816322959,0.023876517627788262,3.9877691857111968,0.04200013422996479,-0.02222329922330601,0.012362220986087793,0.002334204791092558,0.6878059280106827,0.002334204791092558,0.022998281490823058,0.0023267421818019348,0.9988328976044537,0.9988328976044537,0.9995331590417815,0.9992219317363025,-0.5671718597372332,0.19177912160407257,0.002334204791092558,1.9963120960355811,0.9903250449296079,0.05056035758892327,0.6878059280047155,0.9951449936400347,3.9926241920711623,0.04822615279783103,0.0036741064442950885,1.2058944149633049,2517.024142011834,0.5957453590560554,1.7490067714715871,4183.20875739645,0.004945709183852107,3.9850887573964497,70.25254437869822,280.6459171597633,17.65420118343195,0.25372781065088756,0.016442800677141337,0.06486396022577341,0.004337510789983318,360.190564464529,0.9409911622836417,0.029504418858179185,3.908600437956585,358.25181761147996,1432.5581932325308,89.6752237062173,0.2728498905108537,3.3236191433040965,61.40195759387149,0.1787588702870983,0.09041420118343195,204.26122706230038,0.1058469403222483,0.3757304242072548,0.03837606935099667,2.5,0.625,0.1875,1.75,4418451.25,17673663.25,1104648.25,0.8125,1.0,0.25,0.03645834747871253,0.0364583899148501,0.036458336869678136,1.9999999999999987,0.0009467455621301775,3302787.1875,1.2485587814474786,0.2017349203147064,0.002346508875739646,1.3237332075911854e-05,0.1768607221812822
1,1281,17,0.6885513766665534,25.381897316312628,26.51490147068248,236.54000000000022,17.476740339556155,363.2465078838589,1.5356663054192041,237.00000000000006,0.15009139026603907,1.9075186689358434,2.476003836454924,5951167393.512362,0.6145715612236261,0.2306466327501151,5.977178214677361,2.676084289594989,0.17748333787702117,2.2057547673190303,2.243879239165144,1.1162089984425934,1.5598752911523954,0.1050908332171186,1002.2057861156087,-1.447438699393244,238046695.74049452,0.7423489825348502,0.06283487374122,3.559758305986616,1.1783664643918077,-0.6680508122550204,0.47732316137673825,0.015953992783615256,0.9351171171103456,0.015953992783615256,0.11765152450252082,0.015690444842654378,0.9920230036081924,0.9920230036081924,0.996809201443277,0.9946820024054617,-0.8159410256229375,0.7879036813319104,0.015953992783615256,1.8559117674594745,0.737670978077169,0.7040839506287279,0.935117117110343,0.847934771067667,3.711823534918949,0.6881299578451128,0.12331928854008839,2.068504468680315,2892.149029535865,0.48812641848706584,2.2195301750075664,4398.4177215189875,0.12882550873257492,3.5443037974683542,66.10886075949367,238.3372151898734,23.051772151898735,0.3639240506329114,0.01861341113566852,0.06316114994052005,0.007476476434455638,469.9071733291725,0.6290666113206741,0.18546669433966295,3.260341693684924,166.20248034649944,633.3218924146029,49.4226273294736,0.4349145765787691,4.042153779510827,121.78724516631256,0.1771992071611193,0.1258649789029536,87.97990621362112,0.12429070511739444,0.3713410497204001,0.06252811896664301,9.181818181818182,0.8347107438016529,0.08264462809917354,1.2727272727272727,2346085.0,9232619.090909092,624451.4772727273,0.9318181818181818,1.3636363636363635,0.12396694214876033,0.18865637103398347,0.18865638183479624,0.1886563683337803,3.095795255000931,0.0018565400843881857,2055955.8677685948,15.275278103044496,0.02119571831158664,0.01592551559960629,0.002052045143922257,0.02119125104064179
1,1281,17,0.6885513766665534,25.381897316312628,26.51490147068248,236.54000000000022,17.476740339556155,363.2465078838589,1.5356663054192041,237.00000000000006,0.15009139026603907,1.3164049380729288,2.2853817336429874,5948260472.77196,0.9835514760499674,0.31306218727722324,3.2943861090061723,2.4561326833296055,0.24938142292148424,1.960932922381158,2.040317811714364,1.1305805216030185,1.325552161726587,0.16164622801715137,1001.9609863609263,-1.1403846965656963,237930418.91087845,0.5113578521960512,0.1070866720574359,2.7212507634087313,1.0063590092475692,-0.2937114570516106,0.9372970316944162,0.0371183452155567,0.9238059387224067,0.0371183452155567,0.2273814658270526,0.035663270640133235,0.9814408273922217,0.9814408273922217,0.9925763309568888,0.9876272182614811,-0.7690510242163321,0.8821246888639744,0.0371183452155567,1.5799366453388366,0.4771290409048802,1.2081204050113348,0.9238059387224071,0.5613774727310582,3.159873290677673,1.1710020597957784,0.2436038442274933,2.6415285181854387,2553.334852320675,0.4309425911089747,2.4085385176876923,3029.7952742616035,0.24432107390197438,2.7260759493670887,63.935021097046416,176.39527426160336,35.81995780590717,0.5684810126582278,0.019459512062365188,0.05138535092111542,0.011478052347677624,430.0166569989981,0.5023054511808642,0.2488472744095679,2.5909857531073803,102.77928958491198,307.4600457838444,51.60910053517887,0.6022535617231549,4.460630548084377,119.4665613778259,0.14837621315801056,0.14451476793248944,44.37337723186323,0.12596638183323683,0.2983160694388119,0.08287895993184308,10.571428571428571,0.7551020408163265,0.12244897959183673,1.4285714285714286,974887.5,3413121.4285714286,365329.01785714284,0.8928571428571429,1.1428571428571428,0.08163265306122448,0.10121721445337518,0.10138257720349843,0.10117587376584436,3.6644977792004574,0.002362869198312236,795777.1683673467,72.16775696796623,0.009542117183564253,0.03537503639102744,0.008662917402347087,0.009520031733439106
1,1281,19,0.8663558335360363,16.033278077629028,16.906803364326446,103.66000000000001,13.890523993259356,210.04163056034034,2.0262553594476205,104.00000000000001,0.17183243846628599,2.3277238588905784,2.819805004156943,2613489559.833115,0.10447566252237125,0.23610186013272427,3.760851860260634,3.0820337982363113,0.15039484816587653,2.5907706833176976,2.6112911739094127,1.8275417924052384,1.254492005831073,0.09845565941529073,1002.5907900252754,-0.7049308497328551,104539582.39332463,0.9763730769230768,0.03878413701694769,3.9992811425805623,0.1083618175687252,-0.006491083882035322,0.03185134933617657,0.0063302853522683835,0.6706281797836859,0.0063302853522683835,0.054236300414771774,0.006280918221111067,0.9968348573238659,0.9968348573238659,0.9993669714647733,0.998417428661933,-0.5365212860959265,0.2931985386367981,0.0063302853522683835,1.9982243438757121,0.9747740657909838,0.127628888528361,0.7761222330653265,0.9872859475700173,3.9964486877514243,0.12129860317609326,0.009545408672111238,1.6511942126200738,1133.9476923076923,0.4361337278106509,2.459040828402367,2538.57,0.011911094674556214,3.998076923076923,62.95153846153846,252.12576923076924,15.823365384615384,0.2551816239316239,0.019592183896350566,0.07721504672025506,0.005360221092136601,364.92361983676244,0.9160935218930288,0.04308363075581138,3.96158253170361,89.46676647877564,357.96328294490223,22.439135655682158,0.2724054667901691,2.9516560887515078,81.96460124338685,0.23087732212653972,0.15278846153846154,35.638549485834744,0.1261478885635864,0.46159098773968904,0.04559362217953673,3.25,0.40625,0.484375,3.125,777924.25,3111730.625,194489.46180555556,0.6076388888888888,1.75,0.21875,0.04294974461425305,0.05196426771321053,0.04184395589644664,2.4056390622295645,0.003076923076923077,672299.25,1.0250480330858411,0.12389930163682092,0.021167828591614736,2.755076919916047e-05,0.225674187244626
1,1281,19,0.6396067883743577,25.07485217706759,25.362176562747923,217.6399999999996,16.038045669935972,314.30092347159086,1.4441321607773914,218.00000000000003,0.16639054091211988,1.4995111855541978,2.295976374873401,5470694907.0352955,0.962696077118304,0.4736321616701491,2.281673502059376,2.6320094270876178,0.25205253357466045,1.8967711661982618,1.8937412084236134,1.112486724855625,1.5195227022319928,0.18903478465805768,1001.8968163681717,0.039200540263173586,218827796.28141186,0.5256334651965323,0.09057542454092568,2.1613686971829495,1.0208772766850194,0.3703262304378738,0.9075170388544026,0.04852973838051966,0.898518013618661,0.04852973838051966,0.27862881790062977,0.04607422591557074,0.9757351308097402,0.9757351308097402,0.9902940523238961,0.9838234205398267,-0.7139352920363665,0.8648605024214464,0.04852973838051966,1.3952111887910699,0.47590238546696817,1.2450419166723106,0.8985180136186613,0.5805239420186703,2.7904223775821397,1.1965121782917911,0.23901169430873057,2.749045554873093,2243.4411009174314,0.41164056897567547,2.6201038969783688,2864.702385321101,0.23718326740173384,2.1603669724770644,63.695045871559635,138.66422018348624,44.95275229357798,0.7099082568807339,0.020435168022356752,0.04434975087894485,0.014456522308209726,431.2399966907642,0.5334071300806424,0.23329643495967878,2.1130437849661203,99.80692546477194,243.9377611892022,63.77421653366437,0.7217390537584699,4.542164419567282,96.37028485967537,0.11945531874750727,0.14811926605504586,45.81555932316659,0.17783849188694542,0.40746521171031824,0.12043181193110222,9.736842105263158,0.5124653739612188,0.24376731301939056,2.736842105263158,433214.94736842107,848750.947368421,329330.94736842107,0.5657894736842105,1.105263157894737,0.05817174515235457,0.04147542082328443,0.13335725391574682,0.01850496255016883,4.142664355548844,0.0034862385321100917,350936.55401662044,415.8074997275802,0.007498299026098379,0.048940763203353936,0.011603484159814192,0.007501172058134077
1,1281,21,0.6619296742166625,15.52105463508244,15.698407562552326,71.8,10.273846638099139,139.7906637611556,1.9469451777319722,72.00000000000001,0.21487653250375732,1.8087767577661833,2.8062383905822066,1808440154.1055355,0.7473687899936278,0.4018866830757739,2.7715130830070933,3.095967467988513,0.2698650281911125,2.3416839899122293,2.355648289318504,1.412384666133271,1.6835828018552421,0.18009946551665273,1002.3417453658584,-0.32772709231358155,72337606.16422144,0.7010820987654323,0.12303934214736642,3.5703807924703206,1.4853487537697285,-0.5876327435989152,0.562601076399584,0.04255020896108,0.8591103608020202,0.04255020896108,0.25301474442405936,0.0406926587963526,0.9787248955194601,0.9787248955194601,0.9957449791038921,0.98936244775973,-0.6632565742195698,0.7874887966832071,0.04255020896108,1.8548203472258535,0.6713681924964019,0.9778542844896507,0.8834411863820284,0.8063503874720144,3.709640694451707,0.9353040755285713,0.151287821340166,2.5959593802243632,655.1822222222222,0.3639901234567901,2.840177777777778,1261.9477777777777,0.15610339506172838,3.5683333333333334,60.19555555555556,216.97722222222222,21.448287037037037,0.37273148148148144,0.02286976900842642,0.081857769239383,0.009608331831532337,186.53188671818108,0.5790245829977501,0.23728538413826167,3.4550249298057985,58.578956977472046,216.70436849309158,19.308253008363042,0.42726558057330455,4.065084161629157,47.76741114355994,0.15173900267743037,0.17833333333333334,20.438442950320415,0.1727095469030851,0.5779186748765549,0.09208599060730777,7.0,0.5,0.8010204081632653,3.5,157525.14285714287,625159.0714285715,40639.35912698413,0.6924603174603174,1.1428571428571428,0.08163265306122448,0.1767494060662495,0.9161245042935544,0.09459660373164543,3.8073549220575997,0.0077777777777777776,140994.5306122449,5.475959361884932,0.028514011525016474,0.1427594904964481,0.0021978366892024294,0.06677314292872355
1,1281,21,0.5505917058802221,15.750075567158635,16.469365500832147,82.96,8.67186097426428,99.78233764908718,1.2027764904663354,83.00000000000001,0.3235829496584561,1.5280912076645257,2.3947675393915993,2083126086.895496,1.119876874575366,0.4737624533037068,4.0213532117055895,2.8682181386372285,0.2756670574471041,1.9561170686271112,1.9654732099208954,0.6753491933757528,2.1928689452614756,0.19270805896015,1001.9561799079142,-0.6047536757237405,83325043.47581986,0.4821880679343882,0.12592442034479068,6.271840314766099,2.156447216503662,-0.20757384848304836,1.0687297902968211,0.06853106123918061,0.8793765515888405,0.06853106123918061,0.35784774634547006,0.06361912199234877,0.9657344693804097,0.9657344693804097,0.9931468938760819,0.9828672346902049,-0.6682852017319709,0.8786045901063959,0.06853106123918061,2.4539295572826,0.4221386398917332,1.4807471086212005,0.8962581306278534,0.47534685312512065,4.907859114565199,1.4122160473820207,0.2843152128840004,2.9549141993477868,813.9628915662651,0.3922712730439832,2.595243663811874,1000.5402409638555,0.2868238641312237,6.2380722891566265,63.34506024096385,402.11277108433734,12.373078982597056,0.20132530120481928,0.020849457618835127,0.1274415254365914,0.004350817967005336,151.02227342990471,0.48276459091242835,0.3018287475377165,5.837982915608028,82.1757812884324,541.3994748740902,15.098996791689654,0.22352798379577804,4.747761635276501,32.79265863547465,0.1023827933577216,0.15072289156626506,29.916321230253438,0.1554934521461689,0.8501034988104156,0.03739125125088149,3.25,0.40625,0.484375,6.125,186315.375,1019968.75,39095.08680555556,0.2743055555555556,1.0,0.125,0.125784816212085,1.1296638755189248,0.014089983764174713,2.9999999999999973,0.0038554216867469878,119039.984375,12.335422893448163,0.014912654580081331,0.25235558408134284,0.006491028645215623,0.048837209302325574
1,1281,23,0.8968494954666573,11.890210683633763,12.92439553712281,53.780000000000065,10.663729452609198,122.49360748630832,2.2776795739365596,54.00000000000001,0.21222762108517135,1.8027764552196979,2.5408134765430987,1355895258.0839577,0.8430544963339173,0.40688550133417745,2.7212688110984447,2.8710825139111336,0.23275367360106133,2.1810090024626527,2.1987164639256136,1.3490671256067364,1.5220153883043972,0.16600872311392437,1002.1810504294963,-0.18257551728737337,54235810.32335832,0.6047802469135803,0.08303477461167554,3.1775792989228155,1.1465867743710896,-0.642908503282623,0.7121264267584773,0.06396398609075334,0.8348261230934375,0.06396398609075334,0.34041262205717715,0.05965163867568929,0.9680180069546234,0.9680180069546234,0.9872072027818495,0.9786786713030823,-0.6057208175623484,0.7949447287063126,0.06396398609075334,1.7365204306560642,0.5523031548996954,1.1594476554066724,0.8348261230934374,0.7045384376106874,3.4730408613121284,1.0954836693159191,0.1940226032123077,2.8722060052824006,429.1333333333333,0.3178765432098765,3.1602545953360766,816.4533333333334,0.1976098765432099,3.1866666666666665,55.79259259259259,183.72148148148148,23.81037037037037,0.4533333333333333,0.025010897068017884,0.07534155690396872,0.012428232109030168,159.91924536070886,0.5436350896360433,0.2281824551819784,2.9375104771981957,38.171439585359536,129.6249211919203,15.30806918371935,0.5156223807004511,3.8211300429144694,48.9015702601522,0.1685639683646534,0.21814814814814815,12.250495016413941,0.21061936910434548,0.5796851819401168,0.11835291589540264,9.615384615384615,0.7396449704142012,0.13017751479289943,1.4615384615384615,68862.92307692308,270752.76923076925,18390.46153846154,0.8846153846153846,1.0,0.07692307692307693,0.015481055152119862,0.015573627380042337,0.015457912095139241,3.700439718141088,0.00962962962962963,58078.89940828403,18.405263509898337,0.022892816197939286,0.06471381540270428,0.012693559291919785,0.02306330052304271
1,1281,23,0.562709209018987,12.056717816611792,12.682271089990154,42.85999999999998,6.78442614595075,77.89949493661216,1.8175337129400886,43.00000000000001,0.2979177459544194,1.288758883915359,2.290881383052133,1078865641.8940396,1.1762871148882967,0.5127502663604449,3.6341931349999728,2.4853989084505193,0.3088475187885679,1.796278988751597,1.8192653238630607,0.5197548691426682,1.965644039307851,0.20822535141545206,1001.796359520209,-0.79688211258724,43154625.675761595,0.4972452136289887,0.16135223526582862,5.41825041814064,3.492702738343955,-0.002872059634434432,1.1615728225993616,0.07339152411290434,0.8812652252924019,0.07339152411290434,0.3766723904048402,0.06783875786379889,0.9633042379435478,0.9633042379435478,0.9926608475887095,0.981652118971774,-0.6640221256005672,0.890249138312358,0.07339152411290434,2.2685240816423526,0.4311004184738363,1.5878977661460967,0.8862779423392574,0.5824543843158667,4.537048163284705,1.514506242033193,0.30874108667806643,3.247611386808355,339.0948837209302,0.3154371011357491,3.0051270957274205,534.5386046511628,0.303172742022715,5.438139534883721,58.31720930232558,317.57023255813954,14.22953488372093,0.24602067183462534,0.0229171874176027,0.12502185000615232,0.0057978705852137005,102.28189273569419,0.48598384745041967,0.31743793139486187,5.430797446646341,47.172726972912756,257.58496130393996,11.076634006687122,0.25185315814245884,4.385289947498261,27.90595391651032,0.13284064597078155,0.19534883720930232,16.463599401429235,0.20025374239427596,1.1164715626261212,0.050679744572738564,3.888888888888889,0.43209876543209874,0.3950617283950617,5.333333333333333,46148.77777777778,216561.55555555556,10898.422839506173,0.28703703703703703,1.0,0.1111111111111111,0.0023870925133135574,0.011049244455677393,0.0005771018142257598,3.169925001442309,0.008372093023255815,31881.802469135797,7.043514538967759,0.029623965584759864,0.23206737195324992,0.007187510588286026,0.08166301665102377
1,1281,27,0.7140710424921225,11.370663752419247,11.637869220780926,42.77999999999999,8.119461719517401,98.96223663640946,2.313282763824439,43.00000000000001,0.23429111540291686,1.6248093092872748,2.27736006015758,1079203493.8002641,0.9911424834443696,0.3408470207622947,3.172895832325813,2.5846895875804137,0.20000729275709345,1.9531746443491333,1.9642083785103692,1.0802551143435721,1.5044344732368415,0.14218534957077364,1001.9532058888495,-0.35724141899344813,43168139.75201058,0.5061269875608436,0.06261105361566861,2.324580551960171,0.9248323752349944,0.15218007631960667,0.9053703214706961,0.08677080537637394,0.8251419363322348,0.08677080537637394,0.42326012196983287,0.07899335862823018,0.956614597311813,0.956614597311813,0.9826458389247251,0.9710763982078753,-0.5749176627733652,0.8240110006591108,0.08677080537637394,1.4559886515494527,0.42493607794823474,1.417065277074914,0.8251419363322352,0.5006259457623603,2.9119773030989053,1.33029447169854,0.24803528171176753,3.1983457487463762,296.87348837209305,0.27616138453217953,3.1001838831800974,544.0865116279069,0.24693650621957813,2.333953488372093,53.411162790697674,126.56651162790698,35.12232558139535,0.6665116279069767,0.02727834818681995,0.06135074135597391,0.018760249894531456,131.29689194899368,0.5119434258291976,0.24402828708540117,2.2724949191810904,30.71591454595545,78.15199353040737,18.856894799842465,0.6818762702047274,3.8603133889709254,43.49464602345543,0.1701509105876847,0.23837209302325582,9.98527722777121,0.21565867760917243,0.5166501355680335,0.14041081311945716,6.666666666666667,0.5555555555555556,0.2222222222222222,2.0,21193.916666666668,55771.416666666664,12549.541666666666,0.75,1.1666666666666667,0.09722222222222222,0.17439640918212715,0.17967877641996466,0.17307581737266778,3.4182958340544856,0.011162790697674419,13168.743055555557,67.70836981031965,0.022112694322341673,0.08413561410286124,0.020793530520403405,0.02209421604986981
1,1284,10,0.8282536897594207,14.5966466760748,14.506550244630873,71.63999999999996,12.089726467573536,158.3847763108502,2.210842773741629,72.00000000000001,0.18943895311094977,1.885084327124926,2.5494435933247757,1807969109.7965777,0.6056537069706571,0.3133545180444064,4.787603447932571,2.877500143081164,0.2078891983053274,2.211155491609866,2.2092949851417556,1.0528766945648553,1.8246234485163089,0.12729701722128534,1002.2111969142636,-0.7710683308434756,72318764.39186312,0.747338888888889,0.08302849322870022,3.5593249723176537,0.998739532517628,-0.5709795761711427,0.4214679217082026,0.05399100706096603,0.7718156442822407,0.05399100706096603,0.30159537571986944,0.05096991538001305,0.9730044964695169,0.9730044964695169,0.9892017985878068,0.9820029976463447,-0.5326753540612413,0.6763126827818452,0.05399100706096603,1.8621068252827122,0.7113006202354026,0.8483483504950321,0.7718156442822381,0.8351113217522294,3.7242136505654244,0.7943573434340664,0.11886473219229211,2.5206457000033504,609.25,0.33847222222222223,3.180246913580247,1345.21,0.12633055555555556,3.555,57.284444444444446,211.29944444444445,18.780694444444446,0.36125,0.02599519041670166,0.08121370184905238,0.012190562558613982,225.25755569314745,0.6072140307359764,0.19639298463201177,3.1941381149985477,47.22296776536725,178.80947262723998,14.32634154989907,0.45146547125036307,3.6945050382959295,59.89484115947632,0.1641172734763481,0.20555555555555557,18.606941071718364,0.2144162603205968,0.5758847727453442,0.12404913221440997,14.9,0.745,0.1275,1.45,116978.1,466740.45,29537.5125,0.8875,1.6,0.08,0.22597462691320058,0.27284969124314623,0.21425586083071413,3.9219280948873565,0.011111111111111112,108878.10000000002,15.542691267289335,0.02068775624700459,0.05370863315696648,0.006851093184156377,0.02048830459279495
1,1284,13,0.8935557828113473,15.276025070521865,16.70449041425688,122.63999999999987,13.649980540135932,160.15046173579927,1.30585829856327,123.00000000000003,0.24512793564321778,-3.0391889714410847,-2.956494916274324,3056563475.1372952,0.999422501629182,0.00439404439140878,33.75317953343307,-2.030309774483389,0.03337162383105324,-3.002319209172531,-2.9999999999999996,-3.4090758392916816,1.3787660648082927,0.005800417470347216,996.9976841289401,2.1231306976497533,122262539.00549184,0.500400237953599,0.006656181268355696,2.4596654910959312,0.8107417197767172,-0.05183941804566464,0.8082789728180415,0.19036850190035579,0.6187325260152483,0.19036850190035579,0.6940335155232054,0.15239388261625292,0.9048157490498221,0.9048157490498221,0.9619262996199287,0.9365438326998814,-0.30551894440778093,0.6658680488376317,0.19036850190035579,1.5182832473487031,0.3482823800245485,1.6928165795474945,0.6187325260152486,0.4230989963985251,3.0365664946974062,1.5024480776471392,0.2496618686795993,3.410149646068738,678.8308943089431,0.2207580144094124,2.924047432084077,1538.730731707317,0.24979988102320044,2.542439024390244,50.11089430894309,129.59479674796748,30.23991869918699,0.614390243902439,0.027717081466733035,0.0713706289290784,0.016803694601146692,409.6784282860366,0.5002302361161113,0.24988488194194436,2.4736957945834313,32.18103591269759,81.34338902738867,19.890447634024817,0.6315760513541422,3.734797784972786,147.32734933364557,0.17850947395583822,0.26634146341463416,15.768709153720916,0.22156484240835547,0.5451145584363477,0.14067741340135742,25.16,0.5032,0.24839999999999998,2.38,16962.78,42522.96,10572.735,0.655,2.2,0.044,0.08958646135105373,0.3328110093342266,0.028780324355260536,4.973660689688174,0.016260162601626018,13180.530000000002,260.1266133521752,0.003543515129227164,0.1835483920191117,0.04584374223793836,0.0035440271539985304
1,1284,15,0.8287077370333932,25.74693055438403,27.684652788142387,344.68000000000006,21.336680555279514,377.1376767084011,1.0941675661726848,345.00000000000006,0.17450708048460414,2.014263722564515,2.5950000456442335,8664147568.192446,0.45700524743806054,0.30962572824195034,3.4817662404852703,3.028925001477251,0.1904023755493713,2.266825519048004,2.2382209602739525,1.3760703617091004,1.6528546397681505,0.12927566379254646,1002.2668549274093,0.08625549771010588,346565902.7276979,0.8315926502835539,0.05895005083620326,3.756881541256766,0.843036676116788,-0.43811218460854906,0.28199248286977385,0.021742936570380088,0.8558055570625122,0.021742936570380088,0.15043482970655758,0.021251455861814192,0.98912853171481,0.98912853171481,0.9978257063429621,0.994564265857405,-0.6811521805986136,0.6603287921765415,0.021742936570380088,1.9214079073035326,0.8278618717325978,0.5557584659364945,0.8651639617903291,0.9070071513869848,3.8428158146070652,0.5340155293661148,0.07593385486003848,1.7384148616868285,4841.245565217391,0.5613038336483932,2.026190800252048,7172.486608695652,0.08464687586641463,3.735072463768116,69.3232463768116,264.159884057971,20.653764895330113,0.31803542673107893,0.01769421047538715,0.062014377750026474,0.00671776500670048,516.0334353833815,0.5995562842593216,0.20756105229124988,3.2569173022405398,404.8146043459651,1603.5629663392572,105.17177531882953,0.44599785693987315,4.478982902019311,108.49259393883248,0.1342818102670063,0.09956521739130433,282.84972620529567,0.16890447988904525,0.47073637734883245,0.0984545984776324,20.53846153846154,0.7899408284023669,0.30917159763313606,1.7307692307692308,2358026.269230769,9424935.038461538,591303.3504273505,0.9027777777777778,1.2307692307692308,0.047337278106508875,0.10136441933271285,0.11471912207135869,0.09988056321120428,4.469670487371855,0.0030144927536231883,2247980.9659763314,13.444262472926404,0.010274465228656285,0.08789676042020131,0.0006512065059753822,0.022886478919237112
1,1284,17,0.7446086170980871,24.454529077221974,25.40944706206729,275.6599999999993,18.209053077975213,314.8867099092176,1.1423010589465952,276.00000000000006,0.18691212573354024,1.704908654495338,2.423449315553316,6929773064.397046,0.7802781542270918,0.31873027154968625,3.478765103411328,2.61458825301826,0.21469033556495126,2.155109060019581,2.2380398706862143,1.280092557952964,1.334495695065296,0.14295591111017739,1002.1551461071969,-1.1106302835557555,277190922.5758819,0.6443947069943288,0.0742540374591272,3.2785364049599854,1.2501325877403306,-0.7176127693621572,0.6930825023039533,0.027813578851090773,0.9228596465733133,0.027813578851090773,0.18262858876158258,0.027016043252160983,0.9860932105744546,0.9860932105744546,0.994437284229782,0.9907288070496364,-0.7769127334288337,0.840057287194619,0.027813578851090773,1.7641477314618437,0.612535916170317,0.9639048175851113,0.922859646573313,0.7502409420362982,3.5282954629236873,0.9360912387340208,0.18022402028876106,2.214416066002351,3604.0008695652173,0.5223189666036547,2.060943835328713,4446.32347826087,0.17780264650283553,3.3060869565217392,68.18376811594203,226.1768115942029,28.68550724637681,0.4234782608695652,0.01786226457034773,0.057557995479458564,0.007938331843070025,463.9876241882159,0.6184851097218366,0.19075744513908172,3.228727812365685,225.2692469254622,765.1961002092314,90.28753360451994,0.4428180469085787,4.64958991735515,82.22134757095642,0.11442161892433284,0.10855072463768115,121.02421988666367,0.1362660136307139,0.39529714907375135,0.07150822976995448,13.133333333333333,0.8755555555555555,0.06222222222222222,1.2,1949046.5333333334,7575529.733333333,542425.7333333333,0.95,1.2666666666666666,0.08444444444444445,0.10613497638634574,0.10613498349558227,0.10613497460903659,3.640223928941848,0.002173913043478261,1737446.5333333332,36.733992771542724,0.010421489032709749,0.027813210910072925,0.004961632547053507,0.010387105150891246
1,1284,19,0.7298557951494572,21.119599275359096,22.517548712060112,190.6999999999999,15.414261922355113,270.6440692221012,1.4192137872160533,191.00000000000003,0.18087634099517585,1.5602758237328131,2.250551721945217,4793646239.730356,1.1645238137158958,0.28022672445719565,8.351549178344822,2.463113303050939,0.23735457834663098,1.9505215948160401,2.041958319709068,0.3487607007522166,2.1143526022987222,0.12594439140997563,1001.9505834477461,-2.1562704604520064,191745849.5892143,0.4848535073051726,0.12394715475459579,6.786851654439303,4.4089446498394995,-1.201220955177282,1.2507808197967454,0.06996551305881407,0.8941775769634844,0.06996551305881407,0.3634767397316242,0.06487194404427792,0.9650172434705929,0.9650172434705929,0.9930034486941187,0.9825086217352965,-0.6776186620736676,0.890954008564199,0.06996551305881407,2.547870966866018,0.4274260614703312,1.5474111010838867,0.9068653871913326,0.5585354737392609,5.095741933732035,1.4774455880250734,0.3301865832138899,3.0766024871317734,1757.1604188481676,0.3679917107535429,2.797027099037855,2315.175497382199,0.32463127655491897,6.801256544502618,61.71832460732984,427.32523560209427,12.07413030831879,0.1977370564281559,0.021716969372585174,0.14272571628418673,0.004372718214577753,371.5737186768275,0.4700639808317267,0.31304952420421606,6.3881334411196,75.84280029215277,557.3106065792484,13.633056063526219,0.20513654705064022,4.749540799096789,89.04298475201415,0.11173490537163099,0.16549738219895288,32.60518317973976,0.18832742163345767,1.1429919470552568,0.039245177823696686,14.851851851851851,0.5500685871056241,0.27434842249657065,4.888888888888889,292872.55555555556,2399105.777777778,39843.26234567901,0.27469135802469136,1.3703703703703705,0.05075445816186557,0.06230040268077824,0.4915197837483013,0.009016352481254522,4.430632409490739,0.005654450261780105,261595.97805212621,21.85339264591055,0.006684457366891715,0.24531210517797597,0.007571465397977352,0.02313464943885954
1,1284,21,0.6774175040383936,19.360690312177,21.378493866500513,162.88000000000005,13.115270507735252,182.51025971044302,1.120519767377474,163.00000000000003,0.24788573155260207,1.7730065279496088,2.429537251903547,4092366970.47674,0.8368310036605985,0.29812434559721,6.708446424293979,2.8251143805149566,0.22038440830460834,2.1286018087623493,2.1897308720742346,0.7148860329872628,2.110228347527694,0.1271680301532584,1002.1286510452766,-1.5854145710615957,163694678.81906962,0.6456415220745981,0.09868264082165384,7.871199871488573,2.5817788309833984,-1.0585428560251957,0.7372825766120515,0.04918078655013307,0.8746965467025646,0.04918078655013307,0.2809643670628999,0.0466465784038692,0.9754096067249334,0.9754096067249334,0.9950819213449866,0.9877048033624667,-0.6660465599849904,0.8119016562305137,0.04918078655013307,2.774735976098644,0.6172980432444888,1.083138703987736,0.876404039140233,0.7643899633313902,5.549471952197288,1.0339579174376037,0.19661584079054617,2.4305261162029934,1890.9921472392639,0.46404715269675184,2.4520458579547593,2630.9892024539877,0.2045473145395009,7.837055214723926,66.21276073619632,534.1639263803681,9.374935241990457,0.15126789366053173,0.019328481158425653,0.14150602989889433,0.0033664452152013823,249.5746792203853,0.48231410611934816,0.32047706055603675,6.752915482577781,181.652577065145,1565.1370185915853,22.37927471317609,0.19748892125559173,4.8665997447851765,53.20987033720784,0.10106622333892115,0.12687116564417178,106.87301562825105,0.18934730324593613,1.1061921057136868,0.04744366211913911,14.142857142857142,0.673469387755102,0.19047619047619047,4.190476190476191,482814.71428571426,4293554.571428572,55131.65476190476,0.3082010582010582,1.1904761904761905,0.05668934240362812,0.006448521925772691,0.031122879312359505,0.0017496616034027553,4.297079327540659,0.0051533742331288344,445160.2358276643,9.828412666818327,0.011003563042435991,0.17946822920200128,0.0034496568963407817,0.04228275341575046
1,1284,23,0.6565198509834517,18.993875877849646,20.18018830437417,152.85999999999999,12.469856560924027,160.15046173579933,1.047693718015173,153.00000000000003,0.2736677770421439,1.6294006109023242,2.461894912254756,3841016508.1275806,0.9889180702283147,0.38227861244842387,5.427104150443994,2.7888965226085882,0.26723780237008704,2.0914086885211876,2.1717040884942107,0.6326537286954642,2.156242793913124,0.16495165133686016,1002.0914740612733,-1.3659614599315888,153640660.32510325,0.5709237301892434,0.1310189507448121,7.492841817159463,3.755521964734338,-1.3177364812923262,0.9768698391139525,0.052012398100533645,0.8988539124277296,0.052012398100533645,0.29295712021777315,0.04917542551894172,0.9739938009497332,0.9739938009497332,0.9947987601899466,0.9869969004748667,-0.6987128660614322,0.8611720674038323,0.052012398100533645,2.694737565316224,0.5383785383646205,1.2654130642362817,0.9025874490399367,0.6942250006187247,5.389475130632448,1.2134006661357488,0.2572205593036216,2.5632823761266232,1803.6928104575163,0.4715536759366056,2.382970378914093,2183.7832679738563,0.2603365201418258,7.452549019607843,66.47921568627451,509.8933333333333,10.737668845315904,0.16856209150326798,0.019151160381848213,0.13339431616267908,0.0035036371544502577,224.95963174929057,0.4731365210017171,0.3064610067375282,6.420239892346855,184.58562242971917,1554.0408603482874,24.449811190064906,0.20184574681713735,4.888743093754834,47.43482564504835,0.0977620739773627,0.1242483660130719,107.1429352268582,0.17060208812867303,0.9967572044921537,0.03561984219427831,12.777777777777779,0.7098765432098766,0.16358024691358025,4.388888888888889,412785.6111111111,3639216.777777778,48227.26388888889,0.2762345679012346,1.0,0.05555555555555555,0.06235298020425376,0.25062233435056613,0.01555999871028144,4.169925001442307,0.004705882352941176,367629.36111111107,10.876052282615182,0.011004070958277165,0.18902816341497714,0.004594443971503891,0.04123892152828444
1,1284,27,0.601340718413914,14.436437940304764,14.086873322352268,55.76000000000002,8.681217962360751,116.37645019878289,2.0870955918002663,56.000000000000014,0.2274579960835378,1.583480977838344,2.604694978511936,1406010748.2877543,0.9282855770001996,0.49336371498335807,3.257440225573496,2.9398521288522304,0.3178202969130275,2.1443156313243787,2.217220732416904,0.9032578372916752,2.0365942915605553,0.21347461374253335,1002.1443965986689,-0.6765341567427726,56240429.93151018,0.5679418367346939,0.16228193477514147,7.423056624755804,1.3149182194830045,-0.6419846576969981,0.8079439926375529,0.07026674262432225,0.8396921985097794,0.07026674262432225,0.3652515315697214,0.06517897641438038,0.9648666286878389,0.9648666286878389,0.9929733257375678,0.9824333143439195,-0.6054549963729986,0.816773608613761,0.07026674262432225,2.6904695978594257,0.5105558766786896,1.272779526285973,0.8448856827149889,0.6603774301052484,5.3809391957188515,1.2025127836616512,0.2195526838154688,2.9641879314819914,439.7314285714286,0.3140938775510204,3.1274673469387757,795.1185714285714,0.2248729591836735,7.426428571428572,56.64714285714286,430.4692857142857,8.514623015873017,0.15767857142857142,0.025254500391426415,0.17365145885073605,0.004878039644171895,150.1070248278408,0.5086686860651326,0.27650890398328476,6.9664605223553275,38.82691539474673,303.02478774883707,5.628360225782921,0.17898757732965448,4.109090253448758,44.2512951471939,0.14947950240074953,0.21053571428571427,12.070981584960139,0.2108727569453676,1.2962091369986044,0.05027907960567905,7.166666666666667,0.5972222222222222,0.24305555555555552,3.9166666666666665,82078.16666666667,714711.4166666666,9787.354166666666,0.3634259259259259,1.1666666666666667,0.09722222222222222,0.133930686336987,0.4575981946477053,0.05301390910369794,3.5849625007211516,0.008571428571428572,68467.05555555555,5.511862539847712,0.022025461845934853,0.2593225767144498,0.0051973826430827446,0.08398719662501074
1,1285,15,0.6128840917411881,65.43225611839503,70.3423059047683,1824.300000000001,40.102388861699346,775.0954544295325,0.4248728029543014,1825.0000000000005,0.19534300807745078,1.4734972507801796,1.8946408572892397,45779994835.84493,0.07473804966045838,0.21244289726074617,3.584420024503817,2.1207910704871527,0.13113082255241937,1.697119466008193,1.7114369873179434,1.03674803962219,1.0840430308649627,0.09012396785858154,1001.697133412596,-0.6792660004341089,1831199793.4337976,0.9819736896228184,0.027940513952702993,1.0260788532244378,0.11734233066909436,0.06110081761992392,0.03310623249607205,0.003947379756391885,0.7872019937144455,0.003947379756391885,0.03711890360925853,0.003931339614611004,0.998026310121804,0.998026310121804,0.9992105240487216,0.9986842067478693,-0.6417501153149374,0.30548500474019324,0.003947379756391885,1.009350847700878,0.977541854259157,0.10387115574156777,0.7872019937134709,0.9886754624209262,2.018701695401756,0.0999237759851762,0.009263403063115981,0.6819942795393878,37307.42380273973,0.8176969600600488,0.7865711210358417,44802.5495890411,0.00901315518859073,1.0272876712328767,76.84981917808219,78.39640547945206,76.46317260273973,0.9931780821917808,0.013918506773384137,0.01466530633643615,0.013731806882621137,1421.3029863772074,0.8914831412049788,0.054258429397510605,1.172875372767114,3798.662625047069,3805.8417260082424,3796.867849806775,0.9567811568082215,4.49260228464912,194.6963537063471,0.1373167127421601,0.03482191780821918,2769.7609976699027,0.097351278236577,0.13569031885030136,0.08776651808314591,12.5,0.78125,0.109375,3.625,127608871.0625,127619574.875,127606195.109375,0.34375,1.875,0.1171875,0.06923886365830124,0.27665545454136903,0.0173847159375343,3.374999999999996,0.00035068493150684934,119477462.37109375,45.587730222215086,0.011275546864206792,0.0038876709898220886,3.4824291738054786e-05,0.011345448651714985
1,1285,15,0.6018875556993222,69.3104892433783,72.98109344206895,2069.0800000000036,41.71712095502113,1028.6684558398217,0.4971622440117443,2070.0000000000005,0.15675382645489414,1.2382459486601705,1.848098213267958,51911666059.77101,0.25633848480031785,0.30731009651851027,3.9130324951829936,2.2697089710573057,0.18875836869056772,1.5607436585698342,1.583524433376366,0.24868971752188368,2.021019253535422,0.12875235679722755,1001.5607729096242,-0.7016169240414858,2076466642.3908408,0.9298553286191044,0.05859341665418843,3.974376854873854,0.47164249163986816,-0.09366621876965125,0.12746025343695613,0.010107922284695389,0.852689401279229,0.010107922284695389,0.08119973357516552,0.010001300988338464,0.9949460388576523,0.9949460388576523,0.9989892077715306,0.9974730194288262,-0.7140278576438474,0.5451411253785625,0.010107922284695389,1.9862121555670837,0.9228461097453451,0.3180061675790905,0.8713166462562871,0.9603638451097858,3.9724243111341675,0.3078982452943958,0.03439204393041288,1.0029771652626496,39656.51408695652,0.7663094509556816,1.0450450293822493,48120.01325603865,0.03590838525986604,3.981217391304348,75.54979710144927,300.4730048309179,19.929730542136337,0.26712721417069246,0.014577149578922642,0.05831566079446629,0.004018326349863616,1693.6020702843466,0.7072686303376929,0.16690191362835427,4.045408435658021,2820.055983417742,11270.753092333416,708.8751478265324,0.31493164234902765,4.818133406565547,303.39540051583793,0.13451667851513827,0.04604830917874396,2242.874722175237,0.12471757863496233,0.5233560826195234,0.041940738303862656,13.974358974358974,0.35831689677843526,0.794214332675871,4.897435897435898,62812106.256410256,251228021.84615386,15709295.592592593,0.4814814814814815,1.2564102564102564,0.032215647600262985,0.0341271557685539,0.25782962470305676,0.007620031642994449,5.285402218862237,0.0007536231884057971,61051381.40433924,35.27553721938127,0.003724352138156771,0.032092855591925394,0.0001252993654967283,0.00778351398517045
1,1285,17,0.7057312030709508,65.41789411260413,70.3423059047683,2297.220000000003,46.16744911445618,816.1665222414046,0.3552844404286065,2298.0000000000005,0.20817446133287887,1.7141157546938786,2.1443018539197882,57673263060.01676,0.9585811462723467,0.21103612834249796,3.350026189782048,2.409243486659345,0.13159093177745065,1.9412092597672281,1.954699464587216,1.196347330453085,1.21289615620626,0.08928178456966282,1001.9412233978073,-0.49037469171742276,2306930522.400671,0.5284335491338061,0.028330970102566702,2.139118933933271,1.0301774252872113,0.39374853319534586,0.9011799102036687,0.048428254166036515,0.898037455276281,0.048428254166036515,0.2785577125866452,0.04601155095276436,0.9757858729169817,0.9757858729169817,0.9903143491667927,0.9838572486113212,-0.7128556057778851,0.8637270495286677,0.048428254166036515,1.3877776870054297,0.4791843668623831,1.240004573151599,0.8980374552762813,0.5880081859115521,2.7755553740108594,1.1915763189855628,0.2374020410924263,2.1772136317661035,35438.09813751088,0.61685114251542,1.4532095412743968,30358.50739773716,0.23578322543309693,2.142297650130548,72.27488250652742,155.26845953002612,51.52648825065274,0.714425587467363,0.015666588268611767,0.03344358012521322,0.011222340304461401,2253.8136717226275,0.5358417285457909,0.23207913572710454,2.099650645133106,494.12685977575745,1085.723421656274,346.2277193056284,0.7250873387167235,5.834018390104021,237.5595439146611,0.05640847505512026,0.07305483028720626,280.6687762724351,0.08296497014162527,0.16491464043264162,0.0624775525688712,30.689655172413794,0.5291319857312723,0.23543400713436385,2.8620689655172415,25301873.655172415,44004317.60344828,20626262.66810345,0.5344827586206896,1.6896551724137931,0.029131985731272295,0.01449758841281992,0.034576244533670565,0.009477924382607257,5.616601684782728,0.001009573542210618,24320749.249702733,4802.890800203878,0.0007315930372059995,0.04758503566249891,0.011216232170143484,0.0007318227002689442
1,1285,17,0.6127928800137065,77.20716006747905,79.38286968861733,2720.5200000000027,47.31199797542971,922.5429724402063,0.3391053814859679,2721.0000000000005,0.2004214909620356,1.472458575839551,1.8607340875449503,68252827589.22007,0.13489464822536001,0.18946666246023747,4.599406884442711,2.289319952321509,0.12172723564640602,1.6731746207825033,1.6816634862349031,0.673954780635206,1.6153651716863031,0.08054919465595595,1001.6731874267691,-0.4746631673002951,2730113103.5688033,0.9654353057014595,0.02565482670067956,4.066929307174454,0.20794919817217974,0.08806828852444704,0.057986605189830835,0.005719909350986755,0.8194599884217153,0.005719909350986755,0.05070586017968741,0.005686131589556424,0.9971400453245065,0.9971400453245065,0.9994280090649013,0.9985700226622533,-0.6807094988533218,0.39627597334456255,0.005719909350986755,2.0134206002523474,0.9625895952997416,0.16561806898942627,0.8533702119366934,0.9810331844839494,4.026841200504695,0.15989815963844015,0.015926628635204398,0.676669391904105,57142.21281881661,0.8400178290160472,0.7134414440288493,65673.73667034178,0.01735398175082366,4.07595736861448,77.40520396912899,313.4843807423741,19.295598023602434,0.24887990526358772,0.013826442780686668,0.057670998548193554,0.0034244290937140635,1521.2059170889308,0.734589679600938,0.13821279196212727,4.672663237658173,5759.361914741519,23053.736802005547,1439.6322192499472,0.23984894094306364,5.020864098083708,212.89963744158732,0.10991111115691155,0.030327085630282982,4423.795674081994,0.12350424412901048,0.6684578690948504,0.028502936092698244,25.05,0.62625,0.41937500000000005,7.575,111498547.175,446005701.275,27874455.650000006,0.21736111111111112,1.9,0.0475,0.08649575599676532,0.6636028662726241,0.0194883634269306,4.834183719779179,0.0005880191106210951,108606421.78437501,25.80750250959178,0.004933889539082672,0.022272494654651774,3.489504550508628e-05,0.010004636104737015
1,1285,19,0.5689254483412947,81.4775983909125,84.25580098723174,2769.1600000000008,46.35467919432185,1133.998816562959,0.4095100379042593,2770.0000000000005,0.16450017167504993,1.35523632813188,1.996996991733152,69485387179.43164,0.4671113889860899,0.38968334111966874,2.286489050325141,2.26681522167508,0.20574824038557973,1.6980749504092443,1.733094423341139,0.8539611424767594,1.4128540791983206,0.1561213041459931,1001.6981046422012,-0.3348348821913412,2779415487.177266,0.8236073520051088,0.059484422597815036,4.469493011958169,0.9497115487473718,0.5138089524868701,0.331331730902061,0.01834506732090182,0.8950173115047309,0.01834506732090182,0.13164309694509993,0.017998542942375538,0.990827466339549,0.990827466339549,0.9981654932679098,0.9954137331697746,-0.7445973333153756,0.7052802083362399,0.01834506732090182,2.0955300723495283,0.8074816796057123,0.5806016121197303,0.8957376649028106,0.8942822101190432,4.1910601446990565,0.562256544798829,0.08741919955574069,1.2800436648335742,51862.11471480144,0.7489114038238476,1.0526866151780945,57034.80912635379,0.0883812949992832,4.483292418772563,75.34538628158845,333.1836823104693,17.967914159647012,0.2369987966305656,0.01464248850750355,0.06790195304676223,0.003419278354360716,1984.657358397053,0.5999606046691393,0.20450993857561295,5.32261319526424,2256.8653097253637,9189.865617466192,559.7347217394971,0.2169744334476788,5.5133859342972364,269.6761746160556,0.08419331753464608,0.04758483754512635,1734.7132586455812,0.11014728238416953,0.609073019938635,0.02415866244385144,30.403508771929825,0.533394890735611,0.37734687596183436,7.2105263157894735,67610569.22807017,272557091.8947368,16843904.487329435,0.20760233918128654,2.263157894736842,0.03970452446906741,0.10165709732520248,0.7914222205690595,0.015476934555385641,5.266843303524546,0.0008231046931407942,66134557.37827023,88.25522427108484,0.0015702166429467912,0.07269617240779544,0.0005415690337978251,0.0036025029152451263
1,1285,19,0.5949772678171982,82.13069497565908,82.96890983977072,2983.4800000000114,48.865896500545325,977.2459161653694,0.32755236038631586,2984.0000000000005,0.1981356542161027,1.0609116918617818,1.9463482234309473,74829745993.079,0.722393982627926,0.5032370832601734,2.5149387872192017,2.5140694743797827,0.28051607839125675,1.5386113355821933,1.5689667224031218,0.4876106077369272,2.0264588666428556,0.20599768562052667,1001.5386687497687,-0.29373252566926433,2993189839.7231603,0.7501061992826801,0.11500505253197489,4.087082991577262,2.0046494875524594,-0.048524713933667585,0.5190899987796023,0.022802017024911005,0.9156951275827427,0.022802017024911005,0.15629188832576535,0.022263170206594914,0.9885989914875446,0.9885989914875446,0.997719798297509,0.9942994957437722,-0.7814007588907678,0.8176366291206407,0.022802017024911005,1.990731208460098,0.7355754448300065,0.8621061484412884,0.9210678187179497,0.8530398252382194,3.981462416920196,0.839304131416378,0.13547300395112832,1.5169245972723389,56247.51310991957,0.7539881113930237,1.0393561593916438,55957.92246648794,0.13951469499529215,4.109544235924933,75.5227345844504,307.8809919571046,22.04544310396187,0.2959830205540661,0.014618989093254221,0.06136508052183241,0.004436464487789567,1528.3827137454564,0.44282274981503467,0.39594902481230987,4.580989465128471,2768.6247230752674,11071.06012534658,713.136906942537,0.35146420528148836,6.069373214999863,250.69695660685775,0.07248940477252189,0.04620308310991957,2217.648414827831,0.11567162426593823,0.5765921802837494,0.03746930688057865,27.605263157894736,0.36322714681440443,0.5365304709141274,5.25,52452170.94736842,209402167.18421054,13333325.250730995,0.3468567251461988,1.9473684210526316,0.025623268698060944,0.06611695399091498,0.3432523804498633,0.015111744116104206,5.895889519994046,0.0010187667560321715,51488673.71745153,121.98087420418568,0.0012441437162170482,0.06754050780605297,0.001073968970726823,0.002807905561240774
1,1285,21,0.7275229652563255,46.53985339843583,49.88025661521801,1146.6999999999975,33.858812147024715,624.242048968553,0.5443813106902889,1147.0000000000002,0.19229890836408237,1.7911603466786343,2.078535179707286,28786562313.17642,0.9172343677297776,0.1507523063090348,3.6316727800464466,2.3122906641622585,0.08963251240609751,1.9433940247791277,1.955551638859051,1.3714129722802282,0.9408776918820303,0.06271575866271072,1001.9434004060868,-0.5603319499437329,1151462492.527057,0.5562630149231268,0.0127874180509532,1.9747537672773752,1.079457941397251,0.5262048564226407,0.8294161357692573,0.062011712156808035,0.8609098863911644,0.062011712156808035,0.33379040137717064,0.05803975954042907,0.9689941439215959,0.9689941439215959,0.9875976575686384,0.979329429281064,-0.643295511585599,0.8322012191470158,0.062011712156808035,1.33525320778526,0.4962463164965383,1.2484867168899876,0.8609098863911645,0.6337409361363362,2.67050641557052,1.1864750047331796,0.22285696198151633,2.3933568070245186,15001.796024411507,0.5231663827170535,1.8978097668836258,15950.841952920662,0.22186849253843655,1.9968265039232782,69.23965126416739,135.8198779424586,52.5945945945946,0.7507933740191804,0.017245600356775474,0.035942310299107535,0.012571422871192455,1475.7387626261225,0.5179759030253519,0.24101204848732408,2.2178914923508475,270.24799760724204,452.2944731184957,224.73637872942868,0.6955271269122881,5.442530974031517,201.08358723478756,0.06945221706549509,0.09922406277244986,152.71864842376712,0.11931045374939446,0.2816909950034391,0.07871531843588332,38.121212121212125,0.5775941230486685,0.21120293847566574,3.090909090909091,5673027.833333333,6774408.742424242,5397682.606060606,0.4772727272727273,1.9393939393939394,0.02938475665748393,0.05468794528955912,0.21071878161773372,0.01568023620751546,5.574400937409134,0.0023016564952048823,5484263.915748394,138843.1927132384,0.001134768957527159,0.0614637597007854,0.013641379822691539,0.0011343939466578244
1,1285,21,0.5901777531628198,73.5743788191462,74.38978424488137,2328.6199999999953,43.42196158183387,1025.7395236516834,0.4404924477380103,2329.0000000000005,0.166769702336903,1.391041598461886,1.884736423359549,58420272902.14266,0.2664963775521196,0.20908148985316855,4.999445296356089,2.271347045088937,0.1532700687253594,1.675456868948864,1.716647915871386,0.630156265010607,1.64119078007833,0.09402916028412077,1001.6754783281581,-1.0858268305625798,2336810916.0857067,0.9251019290625175,0.04299032693293122,4.103663122376087,0.4926243953237279,0.11660287838873458,0.1339261506346757,0.010116213972268627,0.8590989182408226,0.010116213972268627,0.08133732858462255,0.010010707031418216,0.9949418930138656,0.9949418930138656,0.998988378602773,0.9974709465069328,-0.7220176485930873,0.5545289544195342,0.010116213972268627,2.0180956604565377,0.9195686506719747,0.3254652072266394,0.8691694950277785,0.9586033054777959,4.036191320913075,0.3153489932543714,0.036010591151736084,0.9695149922677648,45556.849343065696,0.7824276400698272,0.9565393997796189,53864.05981966509,0.03825136707605728,4.121253756977244,76.03024474023186,310.5488020609704,19.195348027288777,0.25264300367348885,0.014389582329282077,0.06100407183149009,0.0036280420636759696,1631.5104564674743,0.6647387660751207,0.18630975737910416,4.712068447271505,3296.6996742545907,13208.588138283827,825.004934717133,0.25530040630811174,5.141197266553814,240.82931814709085,0.10191575851764409,0.04193645341348218,2608.767525397657,0.12641617315441625,0.6735790102247016,0.030385766685996202,20.78723404255319,0.4422815753734722,0.5450430058850158,6.531914893617022,65442639.212765954,261796372.08510637,16361172.259456264,0.2789598108747045,1.6382978723404256,0.03485740153915799,0.07856252938962954,0.5660557002624429,0.014413691159081745,5.240655075035849,0.000807213396307428,63907939.97102761,39.54593026833872,0.0033035482762186433,0.03428218302393581,0.00013485466319471673,0.006872307710681055
1,1285,23,0.5978775453615583,64.25244586875046,68.33476421266118,1774.979999999999,38.415094619484925,1048.810591463552,0.5908858643272333,1776.0000000000005,0.14239823276447391,1.7733654980277198,2.2628419201195333,44580926034.31717,0.9588019789962302,0.2556096463247479,3.4098933650906202,2.625957705827917,0.15384702797405014,2.03536497303827,2.0584518318707383,1.15960849156959,1.4663492142583272,0.10575330518265903,1002.0353839475026,-0.5653176173051724,1783237041.372687,0.5282834185536889,0.03802616910792027,2.868643295321225,1.0565685368923552,-0.4501010062054822,0.8849251973020886,0.04673033651540793,0.8996139568093403,0.04673033651540793,0.27118592753347437,0.04447518585938779,0.976634831742296,0.976634831742296,0.9906539326969184,0.9844232211615307,-0.71714318424475,0.862086256520942,0.04673033651540793,1.630669487859643,0.4896970472318639,1.218768872796265,0.8996139568093405,0.6073043196019391,3.261338975719286,1.1720385362808572,0.23291388345437414,2.265806826845573,25353.004414414416,0.5710136129372616,1.7127469361253147,23455.783783783783,0.2358582907231556,2.8567567567567567,70.5877927927928,207.4654954954955,36.36836711711712,0.5358108108108108,0.016533682836038986,0.044639793847135116,0.009507155083264954,1982.761553557803,0.5094555183259843,0.24527224083700785,2.294144149182344,404.1081179085355,1421.802133654435,149.6846139720606,0.676463962704414,5.460796986258801,293.3189197702987,0.07641493309284907,0.0876126126126126,253.0980272633796,0.10778134324371957,0.22617416303181065,0.07818313829669687,30.347826086956523,0.6597353497164461,0.17013232514177695,1.6521739130434783,17162909.217391305,64537492.04347826,5319263.510869565,0.8369565217391305,1.4782608695652173,0.03213610586011342,0.09027469688954662,0.0979527858248128,0.08835517465573008,5.262692390839609,0.001036036036036036,16231264.604914933,592.9922018176358,0.0009841549563758272,0.04577027708210142,0.010805131464619689,0.0009832594230491222
1,1285,23,0.43270309825355135,76.54108022607308,74.9402428605619,1812.2000000000007,33.119562557495456,983.2708945015727,0.5425840936439533,1813.0000000000005,0.15347399957870142,1.5841901529445372,2.038902478398474,45491804585.77568,0.7175720650092798,0.20966233351308117,8.01210494869627,2.4122618960449955,0.14906328865174578,1.8383831557228463,1.8792523190588217,0.306853208577424,2.1054086874675715,0.09038594144002057,1001.8384048472747,-1.6458981379356326,1819672183.4310277,0.7024298147016295,0.043462858740017846,4.828767304440944,1.2898996052547083,0.6137186438364218,0.5503865338150186,0.04982554312798614,0.8338664884468452,0.04982554312798614,0.28441226318285784,0.04726276414788909,0.9750872284360069,0.9750872284360069,0.9950174456872014,0.9875436142180035,-0.6211909654379608,0.7643176295576499,0.04982554312798614,2.1687846944210434,0.6580938902779475,0.9776419736860684,0.8585411032676992,0.7965459301152437,4.337569388842087,0.9278164305580829,0.15005301923575118,2.0156986210422465,25991.84191947049,0.5734548686038718,1.7570590943814803,31837.631351351352,0.15181108966954054,4.855135135135135,70.67691119691119,334.5172642029785,16.40522154807869,0.23009989581418153,0.016659600222185256,0.08493214784616632,0.0037726927508477826,2046.1006088380423,0.5163789279117007,0.2637123362807192,5.714948364809757,449.2388432633835,1894.2263524949255,109.81462454535125,0.21606331012154203,5.493707026892986,304.3241406943332,0.07573704149076721,0.08727523441809155,297.3467637902598,0.1301803167821424,0.7740290727302142,0.02895089883386157,61.267857142857146,0.5470344387755102,0.35706313775510207,7.294642857142857,11845885.401785715,47474982.16964286,2959058.0252976194,0.2001488095238095,2.3392857142857144,0.020886479591836735,0.016606425453888518,0.09852010670784193,0.003550893652744715,6.269277578249627,0.002471042471042471,11682113.429129465,170.62367190826046,0.0008968853595195682,0.19164185728610117,0.0025105762775328644,0.0022598320402806293
1,1285,25,0.4623500895331089,61.41728833431311,61.676900051802214,1136.7600000000002,28.39628876025043,618.4680374315343,0.5440621040778477,1137.0000000000002,0.19325113957849074,1.623255519106911,2.1974740015853325,28533673398.040844,0.9690650494620864,0.30211338209646965,4.082238005329344,2.5435848445756375,0.18166809255120336,1.909730537562587,1.9186696181739933,0.7591505904611523,1.784434254114485,0.12460109982479498,1001.9097577326809,-0.6306013015405301,1141346935.921634,0.5349901663792991,0.054494108056090625,5.772237800980312,1.2060737322216784,0.4377037318541634,0.8923960464591888,0.049870877843929094,0.8941511972950331,0.049870877843929094,0.28457018247202553,0.04730028442085217,0.9750645610780355,0.9750645610780355,0.9950129122156071,0.9875322805390178,-0.7057858404693195,0.8629625159827162,0.049870877843929094,2.3583058455426844,0.4881698006110353,1.2550775145788138,0.8947475850404931,0.6111147033464954,4.716611691085368,1.2052066367348853,0.2355667310757795,2.306569137569864,16190.418117854002,0.569583750847986,1.7185913907279646,15207.095479331574,0.23544166049773782,5.798733509234829,70.57910290237467,405.68861917326296,14.31850288283006,0.20184110231603633,0.016548142569513553,0.09735016750861393,0.0033143312645173457,1250.637134219558,0.5012286986669163,0.25824877180036887,6.148555381516433,318.5062309515832,1731.581451595941,67.04607864126586,0.1948522633857512,5.632105224783577,164.7086870337115,0.06543977394921464,0.08772207563764292,167.2198157133539,0.10102545698884441,0.6228087025658887,0.01989416411697402,21.72340425531915,0.4622000905387053,0.3340878225441376,6.425531914893617,6961732.489361702,30966104.40425532,1653845.7990543735,0.21099290780141844,1.2553191489361701,0.026708918062471707,0.03152886443472107,0.13472064596173117,0.007702402889171381,5.426929277209538,0.0016534740545294635,6595964.89090086,136.3822216447217,0.001444363089337244,0.19314688188685475,0.003863792527187151,0.0044192783899149515
1,1285,25,0.4439460641180414,53.98000335930589,53.136051791603784,840.4599999999982,23.9642100324425,682.2587011926989,0.8117681997866649,841.0000000000001,0.1506310048668012,1.5863294878201788,2.058167114627696,21102217597.584705,0.7106068111028565,0.23924796253335767,4.297796357626107,2.3198126470135816,0.1473281996639561,1.8346268624892401,1.8487188100779082,0.8052684801563863,1.5145441668571953,0.09878858617991305,1001.8346451618636,-0.7189554926421591,844088703.9033884,0.6934244805105749,0.036665894067853255,4.937911788089133,1.2301973631473082,0.6814092871483046,0.5867388254235734,0.041086575417077324,0.8692285462949897,0.041086575417077324,0.2460886387497474,0.03933643768713789,0.9794567122914613,0.9794567122914613,0.9958913424582923,0.9897283561457306,-0.6752840927371174,0.7875429158789524,0.041086575417077324,2.191231647843599,0.648206898994741,0.9524579059129888,0.8700667350390568,0.7859282278681847,4.382463295687198,0.9113713304959121,0.15695635021016266,2.10127418863164,11427.938596908441,0.5435404802334575,1.8923725082392995,14579.24970273484,0.15408891232763217,4.931510107015458,69.42910820451843,338.65279429250893,15.695230545646718,0.22507596776324484,0.017270635205242534,0.087727803250159,0.003855077274336872,1249.9098135119189,0.6060849180669752,0.2021950540792004,5.277676033928305,326.12933716599133,1465.0469865952912,77.11068961341316,0.2189739687718951,5.01137088091538,193.78539441702188,0.09607205646222282,0.09774078478002378,200.94021420232315,0.12532100658666193,0.6797367210594416,0.028745882684648623,27.57777777777778,0.6128395061728396,0.294320987654321,7.644444444444445,6370709.533333333,26160158.777777776,1573870.061728395,0.1783950617283951,1.8,0.04,0.11261959752481597,0.8952208922889159,0.01596441574130492,4.997082818407654,0.002140309155766944,6152412.928395062,65.05215824009274,0.0023702125981656516,0.15853589937038476,0.0020680102993228073,0.006061870045231241
1,1285,27,0.6760751448214966,22.10401470776101,24.084019598065435,190.82000000000014,14.943974944686016,247.46417023478023,1.2968460865463791,191.00000000000003,0.1978812068675186,1.1727630207363444,2.1291450527264995,4791548590.968887,1.0796067968025114,0.44103739084507865,3.584973838395157,2.540097536467086,0.28845281658454947,1.7312705860994495,1.809875779755578,0.34830694757070907,2.191790588896377,0.1974854477312457,1001.7313379850596,-0.9315283939650503,191661943.63875553,0.5526204215893206,0.13503129652019716,5.071744918551398,2.9423904319336853,0.27705022679713076,0.9662691431053391,0.053809279458493536,0.8943215371368101,0.053809279458493536,0.3003337101453361,0.050773530840410155,0.9730953602707533,0.9730953602707533,0.9946190720541507,0.9865476801353765,-0.7068371922598405,0.8808609526303122,0.053809279458493536,2.200824585160098,0.5134239012378522,1.3742105140463077,0.8987916110988332,0.6777441426304998,4.401649170320196,1.3204012345878149,0.2550196056409581,2.796033342503496,2027.1549738219894,0.42453507305172555,2.560263852416326,2638.762513089005,0.2613904662701132,5.117068062827225,64.24607329842932,323.2841884816754,16.016852821407795,0.2520593368237347,0.020398382886216343,0.10725821688768583,0.005206736893149951,314.962452928265,0.4601884741755411,0.35054799429358363,5.447029924708151,127.71841305172984,588.4917303986543,31.34589012737863,0.2629312835536237,4.8204508207754975,83.13869956526888,0.12336119446695978,0.1432460732984293,69.08077828487168,0.1675668336579583,0.8994212152759686,0.04538677872532599,8.80952380952381,0.41950113378684806,0.4126984126984127,5.857142857142857,481977.28571428574,2022395.7142857143,118855.37698412698,0.2619047619047619,1.2857142857142858,0.061224489795918366,0.103752587998997,0.6639096780543123,0.019030525072641635,4.201841232302564,0.004397905759162304,430275.1882086168,22.03968878160205,0.008435391759320041,0.17844792319295807,0.004707591683398056,0.022547201883881294
1,1285,27,0.4461718379778242,47.0947209372736,48.48133661523783,613.3999999999999,21.012338199636083,618.7190042307212,1.0086713469688968,614.0000000000001,0.14190031582509377,1.2946760207613985,2.134280850181674,15402668347.795753,0.8701965653704955,0.5146083841782758,2.539459660986127,2.497307005827104,0.26906780021120197,1.7140598241521465,1.7225806643397648,0.36658418917250607,2.1307228166545977,0.20183796703851095,1001.7141122709864,-0.21352717104251387,616106733.9118303,0.6238737047607933,0.10507346529796198,5.127377124997258,1.6219787648821458,0.6284337296995877,0.7450847719374687,0.031162421599741977,0.9196745602924441,0.031162421599741977,0.19944163192398454,0.030160361393567432,0.984418789200129,0.984418789200129,0.9968837578400258,0.9922093946000645,-0.7692296573778457,0.8568456788956031,0.031162421599741977,2.2246115260718073,0.5966271517357742,1.061443280140538,0.9226171015375245,0.7399065576902305,4.449223052143616,1.0302808585407965,0.19406179838430265,2.2745035297295946,8217.852117263843,0.5353649587794035,1.9665961442561724,9576.461368078177,0.19590981761079695,5.1405211726384366,68.91843648208469,351.228990228013,15.482166123778502,0.22574556641331886,0.017497184029239637,0.09068940932085223,0.004104127942513583,843.7047002569398,0.5364004535220745,0.2621002379058593,5.388885058620636,297.53779334755484,1354.220048295207,70.22419343405626,0.23399339247425516,5.011598964682267,173.30265585240664,0.1153210378232856,0.10219869706840391,182.54047557678368,0.12955102456548356,0.6617936904204285,0.03668964794774569,10.655172413793103,0.36741973840665876,0.5160523186682522,4.379310344827586,4545965.379310345,19178571.20689655,1109093.9224137932,0.42337164750957856,1.896551724137931,0.06539833531510107,0.12092556802227261,0.5987300398202594,0.04617455197036526,4.48712280539779,0.0018892508143322476,4265795.938168846,37.733504853810594,0.004425783008309603,0.11172414951787372,0.001999974763097698,0.011647464306255566
1,1285,29,0.31543197211062685,63.24758026813878,62.9971427923521,831.6200000000002,19.950308975204187,658.1415439051694,0.7913969648459264,832.0000000000001,0.15532740582682295,0.6671996493160917,1.5748694866663822,20848998399.39188,0.9148824343380615,0.5154982152762861,3.7630077637326527,1.9893268766000312,0.2971005906124264,1.177085378305932,1.2601391552098535,-0.43330051250995366,2.422627389109985,0.21256884806524387,1001.1771532942888,-0.9162012331878948,833959935.9756753,0.5884311945266273,0.1359918560927304,7.490334213065404,2.1716445154687323,-0.9021396855901882,0.8793265884847594,0.033348454211695806,0.9269966345140367,0.033348454211695806,0.20958650604155116,0.032177294749618765,0.983325772894152,0.983325772894152,0.9966651545788305,0.9916628864470761,-0.7752366582506401,0.8732852787107432,0.033348454211695806,2.6979310554963294,0.5503534188054786,1.1384692484514864,0.9275694715382049,0.6913155304908671,5.395862110992659,1.1051207942397914,0.22816876067411382,2.2260979122146476,11898.33173076923,0.5720351793639054,1.7224951830621298,12239.368846153846,0.22332979844674555,7.553365384615384,70.40355769230769,531.7329807692307,10.991607905982905,0.15674412393162393,0.016578354460106692,0.12482818461162955,0.0026254213760998025,1091.958292950347,0.5879931776935936,0.237685556534474,7.546258809930208,328.2851562065536,2526.197438540479,48.881479420454546,0.1613296496345716,5.217776135744767,159.62250212835633,0.08975158192255117,0.08907451923076923,176.22453448096667,0.10466550400278532,0.7903838589739006,0.016306637149659867,9.636363636363637,0.4380165289256198,0.4297520661157025,6.454545454545454,5262490.181818182,40390211.81818182,778853.1060606062,0.2424242424242424,1.1818181818181819,0.05371900826446281,0.0999075250294894,0.6382337519076445,0.018358760345013016,4.3685225277282,0.0010576923076923077,4368605.88429752,36.735076574580184,0.003182277794713661,0.1207486255719982,0.0024075102249835295,0.012401955232121877
1,1285,31,0.4577196514005392,48.2882807434065,56.28001421463928,711.4999999999998,22.102495028603393,566.1165655689477,0.7956662903288094,712.0000000000001,0.1670269385344889,0.7314043270171613,1.7701063918289173,17845916101.314518,0.9126972130942794,0.5790558771330969,2.6602111125737453,2.273706893535835,0.32744161649558384,1.2888674721591002,1.3091777239214304,0.04754444386526025,2.2261624496705745,0.23910721814005664,1001.2889474340684,-0.3523669242052599,713836644.0525808,0.6154607940916551,0.16012994553006418,3.3515159294351435,1.9324045503133958,-0.5272133928543464,0.799667408495639,0.04570649014997068,0.8920275689889604,0.04570649014997068,0.2657384229000371,0.04348801705263364,0.9771467549250146,0.9771467549250146,0.9954293509850028,0.9885733774625073,-0.709594833798732,0.8545290497852204,0.04570649014997068,1.7784864376894565,0.5639618805748902,1.1965908145719335,0.89529042781335,0.7167233311727126,3.556972875378913,1.1508843244219635,0.21134347466140235,2.3441198930277274,9372.001235955056,0.5265169233682616,1.8896961368514078,10955.202134831461,0.2061573002146194,3.410056179775281,69.00629213483145,232.9388202247191,29.186955368289638,0.41983302122347066,0.01719207881446378,0.059595777590582634,0.007207071312552508,1064.0559787473112,0.5899557844984551,0.23761741823266463,3.613036440725957,233.36315307081378,777.0355230426092,98.79150822631794,0.40311096061123464,5.2074164099061395,154.86997331692223,0.08837479461250819,0.10094101123595506,114.53315606965211,0.10724102977787242,0.4107737043760695,0.04357273088781743,9.615384615384615,0.3698224852071006,0.7943786982248521,4.346153846153846,7154945.384615385,27571588.192307692,2051640.751068376,0.5480769230769231,1.2307692307692308,0.047337278106508875,0.08652294087113815,0.11885655776033685,0.08002762003311302,4.546593564294931,0.0014606741573033708,6686247.159763314,64.57855426807276,0.0026900501606143914,0.15505679909641096,0.003036881422898025,0.006993995980951104
1,1285,9,0.4024192250803029,36.437839656567995,36.661151100313255,338.71999999999997,14.663287198196425,339.71513703396226,1.0029379340870404,339.00000000000006,0.1920482940636472,1.7014005077557288,2.18629227148005,8508287991.048731,1.0550076730917652,0.22050727586250352,8.105627427147384,2.4669707293215515,0.1575379139101759,1.9619434955629984,1.9972917069936074,0.7220147430794552,1.7449559862420962,0.09493074366431599,1001.9619686167846,-1.7518388325212333,340331519.6419493,0.49283014244568,0.05034101686862524,6.45401617728846,1.394652066195284,-0.12383733140506151,0.985035734237885,0.06825948279787698,0.8703379521758551,0.06825948279787698,0.3573485820776278,0.06342210600515956,0.9658702586010615,0.9658702586010615,0.9931740517202123,0.9829351293005308,-0.6530363974410767,0.8631074164623537,0.06825948279787698,2.4949566438098776,0.4315715784997628,1.4156807964127838,0.8704526437999349,0.4688808880320836,4.989913287619755,1.3474213136149076,0.2633238042589405,2.77160366898386,3658.881533923304,0.4317264346812158,2.4471697392121543,4176.735457227139,0.2643525065044683,6.431150442477876,64.98867256637168,424.7957522123894,11.883313667649952,0.18734513274336284,0.01948208548031908,0.12201692272560724,0.0038674742157323973,573.3785272915184,0.495442668081382,0.2740747958214146,6.007991797263031,124.6200585351082,861.4405613624322,21.232107860273008,0.20595833652361892,4.968562365765022,113.24361838626258,0.09734250729435984,0.13646017699115046,61.35780606025277,0.15476100838475176,0.9347050849973413,0.03311934733758063,13.969696969696969,0.4233241505968779,0.4040404040404041,5.848484848484849,535760.0303030303,3301588.9696969697,101795.7920875421,0.25925925925925924,1.303030303030303,0.03948576675849403,0.04762969820108078,0.16586697821042393,0.03283796734236523,4.9231819981463225,0.0038938053097345134,469804.45179063355,47.40896928663504,0.0036006212077572377,0.26010980196073996,0.005944806003837898,0.012221189556829312
1,1382,11,0.8050395243504904,14.711669656705867,15.160474926597784,80.71999999999998,11.843475542836034,164.1504617357992,2.033578564615947,81.00000000000001,0.19402308244413857,1.4198334196368299,1.9200039252649137,2031860813.6216583,0.24668655877030238,0.2445055870672903,3.666559528020553,2.2142359341437126,0.15719288244217533,1.6925746535287818,1.725286682994216,0.990269435215771,1.2239664989279415,0.10184866028952252,1001.6925956147728,-0.6492966794672294,81274432.54486635,0.9240330437433318,0.041993445539822725,4.1814899347536,0.43662719543028666,0.2305903357169771,0.13326005665729923,0.015018786010454125,0.7969337559429387,0.015018786010454125,0.11215119549096336,0.014786569904471969,0.992490606994773,0.992490606994773,0.9984981213989546,0.9962453034973865,-0.6154282801735921,0.5039941874332875,0.015018786010454125,2.0376283364226584,0.9111929843097594,0.3302992749454547,0.8061725382121814,0.9540046249265796,4.075256672845317,0.31528048893500127,0.03706971066693834,1.8875526924780843,849.7585185185185,0.41963383630544127,2.717453071178174,1871.166913580247,0.03809760707209267,4.189629629629629,62.163456790123455,257.82617283950617,15.286735253772292,0.24539094650205762,0.022162796549804194,0.09693215498819555,0.005969108440637852,277.5806117773477,0.8463757397367068,0.07836684625513916,4.364194294437068,75.59169188409933,309.19064362828215,18.712771012561646,0.24428364702146657,3.128148740822021,61.50011872676305,0.20446774246080557,0.16123456790123455,27.717884152631246,0.15136864070172354,0.7519877679052751,0.03817250412297209,4.666666666666667,0.3888888888888889,0.5555555555555556,6.0,281353.9166666667,1127091.8333333333,70292.0300925926,0.3055555555555555,1.6666666666666667,0.1388888888888889,0.2889663107190226,1.265808186102764,0.18029871814568135,3.2516291673878195,0.005925925925925926,252877.35416666663,2.104147988928082,0.06188173741508814,0.06318454845269027,0.00021540863351971186,0.12335324268225528
1,1382,17,0.9008291801374503,54.95873495159641,60.64189970639112,2036.099999999999,49.50843214783803,843.8233764909007,0.4144312049952857,2037.0000000000005,0.1895627199061643,1.6042211916794422,1.9390420391677339,51105749987.86331,0.2772129677766191,0.16300113962939156,5.271345450579383,2.48803453845157,0.10691514699552668,1.7730861519714816,1.7774577597396681,1.0094907930729833,1.4785437453785866,0.0687841295807962,1001.7730965754434,-0.19337741375603473,2044229999.5145328,0.9088707658441562,0.020883907422075177,1.1333422166195248,0.53939665160401,0.2871374164249771,0.16479288585432386,0.012927589413276416,0.8543200005174811,0.012927589413276416,0.09927356493907916,0.012754323518901786,0.9935362052933617,0.9935362052933617,0.9974144821173447,0.9956908035289078,-0.6960661965720947,0.5608678803542608,0.012927589413276416,1.0466020037753876,0.8983854388472983,0.35431656950287105,0.8543200005174434,0.946934201517974,2.093204007550775,0.341388980089595,0.044430118816900066,1.0051978065154954,39557.958075601375,0.7767885729131345,0.9695608422389042,46284.24375061365,0.04556461707792197,1.1435640648011782,75.93812469317623,84.48852233676976,73.80052528227786,0.9641089837997054,0.014453968411670565,0.018009017037786585,0.013565206255141559,1456.4733962587393,0.6673079017431446,0.16634604912842768,1.633134833196887,2631.3388857332525,2667.379107871191,2622.3288301987677,0.8417162917007782,5.215371294487827,217.70596727855795,0.10649906631878203,0.042695139911634754,1969.4460017212875,0.1180425406535066,0.24355339209093518,0.08666482779414944,38.46938775510204,0.7850895460224906,0.10745522698875468,3.63265306122449,47803524.346938774,47857051.75510204,47790142.49489796,0.34183673469387754,2.183673469387755,0.044564764681382756,0.1152718843765062,0.43027639051035893,0.03652075784304304,4.839199640033565,0.0009621993127147767,46723409.5510204,191.8259184878381,0.0030434616693230682,0.012904201071811847,0.0005912056199467354,0.0030268306920632174
1,1382,19,0.8322453719651176,58.370522792416764,64.00031249923707,2113.900000000003,48.578597453173266,898.5346463281318,0.4250601477497188,2115.0000000000005,0.1813895752287256,1.6171735926019883,2.0463171728522176,53068907986.179016,0.5979168258032128,0.21388406966273688,5.036610139355355,2.684713578151322,0.13637635898521555,1.8319507705181175,1.8195378125802977,1.1710817165986331,1.5136318615526887,0.08966811031204179,1001.8319672074515,0.8787376097627515,2122756319.447161,0.7516439697980764,0.032934090248997246,1.4092022998059435,1.1198776622304463,0.6358144288866212,0.4567597954549719,0.027814444749604744,0.8850382661407458,0.027814444749604744,0.18263375866324646,0.027015966463411433,0.9860927776251976,0.9860927776251976,0.994437111050079,0.9907285184167984,-0.7145255611249194,0.7530363227832041,0.027814444749604744,1.141036507393582,0.7306969134343002,0.7543580882640112,0.8850382661407432,0.8450562702316157,2.282073014787164,0.7265436435144068,0.12114356005114416,1.5314682509805815,37403.30025531915,0.7073910213771943,1.3113426108456425,39743.17490307328,0.12417801510096185,1.4358581560283687,74.19659574468085,101.75926241134752,67.30592907801419,0.8910354609929078,0.015366543975264565,0.02423003737893021,0.013150670624348154,1615.8483832781685,0.527853567886313,0.23607321605684345,2.147420108029393,1785.599456812056,1911.3935135583297,1754.1509426254875,0.7131449729926518,5.405092311641273,272.9833684755997,0.08922255190337688,0.057839243498817965,1434.5419978661712,0.15107847876177496,0.3267648862399586,0.10715687689222901,48.90588235294118,0.5753633217993079,0.21231833910034603,3.0823529411764707,22582033.776470587,23219474.270588234,22422673.652941175,0.47941176470588237,2.1294117647058823,0.02505190311418685,0.044489808834226964,0.086091676429746,0.034089341935347205,5.888630200767206,0.001607565011820331,22195076.596539788,674.781061155732,0.001313465910604244,0.028797899356408793,0.0035347049028845614,0.0013288353312003395
1,1382,21,0.8532517193945909,55.08426165025796,60.12021290714131,1930.4399999999998,47.000740964664125,833.706219203374,0.4318736760548756,1931.0000000000005,0.18681857054601594,1.5949993080945286,2.086386373330014,48452322418.04745,0.6540071947653562,0.23768431522215439,4.000734550247795,2.630300377880512,0.1547489391112343,1.8348821001911513,1.8304305813772461,1.0681589337094277,1.5621414441710841,0.1003760765409241,1001.8349029772095,0.41768706092559954,1938092896.7218983,0.7199311329420148,0.04183065087693459,1.4740431118765267,1.1855465226490363,0.679137380916536,0.51708087830353,0.02758507544384938,0.8985597069441823,0.02758507544384938,0.18150248154593884,0.026801028901960133,0.9862074622780753,0.9862074622780753,0.9944829849112302,0.9908049748520502,-0.7361068387317963,0.7809815240925785,0.02758507544384938,1.1626118831994838,0.7008659942243501,0.8093922682180232,0.8985597069441805,0.8235955790785915,2.3252237663989677,0.7818071927741742,0.13616648843684484,1.600448933647812,33902.309953392025,0.7022746753680378,1.295506944424703,34754.67544277576,0.14003443352899259,1.5051683065769033,74.13673744174002,106.56190574831693,66.0304453650958,0.8737079233557742,0.015430837488725086,0.02586314913195076,0.012822759577918667,1443.2486051170692,0.5136840529885476,0.2431579735057262,2.2524084071356274,1481.64562877556,1622.0640318798926,1446.5410279994767,0.6868978982160932,5.591184654668243,217.54554881222901,0.07726199235017334,0.058161574313827034,1135.9113823538291,0.13797990253242698,0.3372579180307869,0.088160398657837,41.935064935064936,0.5446112329229212,0.22769438353853938,2.948051948051948,20012764.376623377,20343226.64935065,19930148.808441557,0.512987012987013,2.792207792207792,0.036262438859841456,0.14949263717005684,0.460852795576588,0.07165259756842408,5.742028463336872,0.001595028482651476,19619700.516781926,686.9108671817687,0.0014709980915390978,0.028164082248640716,0.003942633544508188,0.001471486016941358
1,1382,23,0.9289712328137272,43.264671074470435,47.24447057593089,1270.0599999999959,40.19163482533121,733.5640835796252,0.5775822272803076,1271.0000000000002,0.1722181785771872,1.4287416706521352,1.9813576795776007,31883474388.40788,0.4537312701968137,0.26345101834799767,3.5116670766713285,2.3770336747985565,0.17029406643838146,1.7054348183790446,1.698455774710048,0.9147090007418218,1.4623246740567346,0.11073040452091217,1001.7054597618462,-0.01096161666880956,1275338975.5363154,0.8336501044606396,0.049972013841909704,4.399573255531903,0.8993693890299073,0.4593875429033736,0.2963238716508332,0.015413432086037028,0.90067625432413,0.015413432086037028,0.11438505772441532,0.015166648608293514,0.9922932839569816,0.9922932839569816,0.9984586567913963,0.9961466419784908,-0.7593233107758268,0.6924358363283,0.015413432086037028,2.080706911257115,0.8299975138318825,0.5339680566783374,0.9064229476991364,0.9078409574105195,4.16141382251423,0.518554624592301,0.07793432593421755,1.3137017051122886,23019.09630212431,0.7244404815774763,1.3076706172494075,26489.232069236823,0.08365696203080149,4.442454760031471,74.34923682140047,323.48553894571205,17.91287525133316,0.23890549873240668,0.015303812181106963,0.07130882096872318,0.0036035785807476688,1014.230424546393,0.5621952343070042,0.22918205169035827,5.483833977840101,1773.5794505641006,7177.27198445978,441.1749513120023,0.21630206439494296,5.0118822768958395,203.01966075020556,0.11657939760715091,0.056695515342250195,1395.190101171965,0.1608473578559336,0.9408087329595811,0.033997488292135364,16.243243243243242,0.4390065741417093,0.464572680788897,6.513513513513513,22165692.513513513,88822991.75675675,5536993.408408408,0.2522522522522523,1.3243243243243243,0.03579254930606282,0.04608403673929798,0.14322737056838894,0.030906412177965217,5.209453365628939,0.0011644374508261212,21428182.92622352,35.7314037597808,0.003853874210800787,0.06250573094108176,0.0004579459392813447,0.008716004512953778
1,1382,25,0.7346066947869399,42.39116741949893,46.05475002646307,941.5200000000021,31.140835386197917,626.8278354061807,0.6657615721452325,942.0000000000002,0.17352874788154776,1.473216518529601,2.1840776676678226,23636402237.574303,0.8149920637292645,0.32195990220763937,3.0896780142606404,2.588425642954061,0.2082626537017662,1.8327267120395798,1.8370053122805772,1.014392522180734,1.5740331207733271,0.13876903465056542,1001.8327629014176,-0.21217402111997677,945456089.5029722,0.6226544200576087,0.07251140785766282,1.7046192779579348,1.2603702851243668,0.7227687343629725,0.7035970478294324,0.023364420208749258,0.9355896876661971,0.023364420208749258,0.15948785337085164,0.022804550024978127,0.9883177898956254,0.9883177898956254,0.9953271159582502,0.9922118599304168,-0.805655311502331,0.8490907032662672,0.023364420208749258,1.2387671626874366,0.6137147159559309,0.9468381557457894,0.9355896876661968,0.7495506272081889,2.477534325374873,0.9234737355370406,0.18174036700954543,1.852939658589877,15580.753460721868,0.661603119351247,1.564225008001226,14663.511592356688,0.18867278997119558,1.7570700636942675,72.68891719745223,121.22356687898089,60.55525477707006,0.8107324840764332,0.016108701132021574,0.031018512761320616,0.012381248224696814,834.2464988144691,0.5002878703430862,0.24985606482845688,2.5339703271188263,988.6873846980577,1148.7019308718986,948.6837481545974,0.6165074182202934,5.127012075250056,173.53355003467533,0.10594424150097387,0.0708067940552017,748.3909372769874,0.15229932754836195,0.3749113412298029,0.09664632412800171,19.16216216216216,0.5178962746530315,0.24105186267348433,2.2162162162162162,8029366.702702703,9072834.243243244,7768499.817567567,0.6959459459459459,1.5945945945945945,0.04309715120525932,0.06848684645913589,0.08753685346049435,0.06372434470879626,4.939183095358669,0.0015711252653927814,7624251.655222791,597.1488931755182,0.0034467226361106808,0.024639548634253463,0.004631324708874375,0.0034597373070887586
1,1382,27,0.7346066947869399,42.39116741949893,46.05475002646307,941.5200000000021,31.140835386197917,626.8278354061807,0.6657615721452325,942.0000000000002,0.17352874788154776,1.2745818931107755,2.197647810002557,23631844088.224895,0.9305592842212347,0.4444522127668544,2.9089094085853078,2.7515944355721587,0.27486465648342256,1.7360987609010632,1.7435086618038698,0.6507080577425262,2.1008863778296325,0.1885107930293707,1001.7361592921206,-0.18530098226247899,945273763.528996,0.6144995776254164,0.12127261910122107,4.987698714227256,2.226988776683265,0.4943879608814026,0.8036922814767841,0.03265989277072996,0.9218611536936548,0.03265989277072996,0.20655895809378277,0.03154976808333641,0.983670053614635,0.983670053614635,0.9967340107229269,0.9918350268073175,-0.7732549827656594,0.8725383563046816,0.03265989277072996,2.18973426558656,0.5883853441356381,1.1384592908619875,0.926300146137955,0.7385784553482538,4.37946853117312,1.1057993980912582,0.2090880435618785,2.125210353140379,14455.505732484076,0.6138218994685383,1.6325205890705505,14471.465053078557,0.2103205250607417,5.033333333333333,71.5732484076433,354.9464543524416,17.134523472517103,0.2388476055673508,0.01627373366386737,0.08456221904071842,0.003859601048771408,925.6866064884389,0.49328101123083096,0.29943239782060216,5.601084110617873,580.219738020778,2554.172736562432,141.7290429956507,0.23500388224959848,5.492410328939083,170.21222734241707,0.09236430544204136,0.07961783439490445,389.2204634330657,0.12039124250489515,0.7093204797202479,0.027016854662476258,9.16,0.3664,0.6624,5.68,12598784.4,52886349.88,3088054.852222222,0.36333333333333334,1.96,0.0784,0.0931082522545288,0.7182694437918997,0.01527675186991554,4.37366068968818,0.0010615711252653928,11711420.4,59.93355151766703,0.002825895847167861,0.1091712171630776,0.002268715801636747,0.007207395373269077
1,1382,29,0.7328733074319574,35.010689247895634,36.636593728129256,592.5399999999986,25.658399624577743,550.2253967444018,0.9285877691706941,593.0000000000001,0.15682783112212756,0.5861051220534519,1.8846957915989089,14865213115.266481,1.0193146104772475,0.674194885713554,2.8173982869155214,2.4266851312245135,0.39979801672174703,1.3552211142611548,1.468222053322695,-0.13194672994421666,2.55863186116873,0.28511358749148197,1001.3553417357381,-0.7259470578369399,594608524.6106594,0.5909286726252598,0.24156990603177272,8.051183870788908,3.0163751971671653,-0.5118966512274634,0.935806396943504,0.03327705430662724,0.9313848659582882,0.03327705430662724,0.2093675360939131,0.03211847873846048,0.9833614728466864,0.9833614728466864,0.9980425262172573,0.9933445891386746,-0.7886438446567404,0.8954866776540178,0.03327705430662724,2.7974148547309086,0.5549782823175288,1.2456772097786049,0.9416515927207838,0.7100741331176028,5.594829709461817,1.2124001554719785,0.2422708628125328,2.369297514667064,8171.202765598651,0.551177252316941,1.9437052105935182,8760.517571669478,0.23852049742783285,8.14893760539629,69.36303541315345,556.8817537942664,9.973694491287239,0.14251311598276184,0.01723101653752501,0.14533521182503356,0.0024135942442820753,845.1443764445759,0.5751853462885702,0.28676422339476726,8.897606482006623,350.63571129646937,2774.9599402278145,50.00188525998791,0.13511160086304863,5.095504586705905,147.24455322425646,0.10342920868763815,0.09863406408094436,225.76810799763143,0.1368782180858804,1.307922214304545,0.01811299355692493,12.11111111111111,0.448559670781893,1.0233196159122084,11.88888888888889,4725274.925925926,40744593.925925925,574854.7245370371,0.17206790123456792,1.3703703703703705,0.05075445816186557,0.06344260846062248,0.8837207749279167,0.006006959951683353,4.532665279941239,0.001821247892074199,4423792.587105623,15.340955302466474,0.00473171422388777,0.21611569951395243,0.001317516257105586,0.02582695902672747
0,1263,11,0.8936430482159802,18.318735702541062,20.14050644844861,164.62000000000026,16.3704108126817,207.56467529817024,1.2608715544780094,165.00000000000003,0.21912543248910432,1.4437357362790026,2.1758367065138753,4140475432.864785,1.111915953487683,0.2909606330460319,5.234299577183375,2.444470783809832,0.2194887141855902,1.8740070949548122,1.9285179210481609,0.6353117617304999,1.8091590220793323,0.12833529822081607,1001.8740540050095,-1.449269802882477,165619017.31459144,0.49944806611570247,0.09399593127054442,5.7785162742687906,2.168984686052855,0.1345423425601618,1.0191872262629196,0.07163573069119318,0.8684527852767863,0.07163573069119318,0.37045924208700987,0.06636229917890102,0.9641821346544035,0.9641821346544035,0.9928364269308807,0.9820910673272017,-0.6495702928051263,0.8698842107209733,0.07163573069119318,2.3540656532298883,0.4410007055827832,1.4750437470203177,0.8781565887817095,0.5661106079595677,4.708131306459776,1.4034080163291254,0.27270573923852814,2.9421921275150327,1619.5517575757576,0.39261860789715336,2.759498049586777,2060.2232727272726,0.27980905785123966,5.801454545454545,62.67272727272727,362.06521212121214,13.329521885521887,0.21741414141414142,0.02106841792833856,0.12136359189017919,0.0049274135280749035,296.0882755778959,0.45614080482301306,0.3414871367178532,5.875374986533084,94.18434369385095,498.1813788252887,20.742762107549446,0.23566500443636026,4.792743190760933,74.26808646628062,0.11220025277688872,0.15745454545454546,46.70847201753216,0.17567664178908593,0.9888127301859936,0.04982059694524717,13.057142857142857,0.3730612244897959,0.5191836734693878,5.485714285714286,66613.97142857143,319677.17142857146,15243.695238095239,0.32301587301587303,1.2857142857142858,0.036734693877551024,0.03335126730022473,0.12641329265468254,0.011016116338718622,5.129283016944955,0.008484848484848486,52723.66530612245,29.239709007048102,0.007311115017265085,0.25650402686019824,0.006608904214604129,0.021940903148122023
0,1263,11,0.8876818678214717,16.488723649774446,19.085072700935672,137.60000000000022,14.636741007423854,194.74457428549323,1.4152948712608497,138.00000000000003,0.21352502539158352,1.6966907539769178,2.4663319194749227,3464763576.1216745,0.8022021490639061,0.32245788332589553,5.068253254903272,2.7400109685284297,0.23565680338727737,2.1373122482028344,2.2043093564738614,0.8579011666391002,1.8821098018893294,0.13997030530982038,1002.137364549677,-1.3797283128576707,138590543.044867,0.6498058391094309,0.10482652033232184,7.935355523232747,1.6920627531764214,-0.8235403930613713,0.6499619375529204,0.0444965338746969,0.871252492965525,0.0444965338746969,0.26078933942765503,0.04241988121732952,0.9777517330626515,0.9777517330626515,0.9955503466125303,0.9888758665313258,-0.6721449315862533,0.7992460404878882,0.0444965338746969,2.7899733685312413,0.6307026192415601,1.010728890499918,0.8736340237532219,0.7728099790893634,5.579946737062483,0.966232356625222,0.17361461785690435,2.3981534562305407,1535.2173913043478,0.4449905482041588,2.6777890359168244,2241.8301449275364,0.18656324301617308,7.863478260869565,64.36173913043478,522.3098550724637,8.820281803542674,0.14596618357487923,0.020729114587327145,0.15091837451298284,0.0034959620723550348,246.3085672430427,0.4975163516923712,0.28249546688224947,6.833534315706637,137.85127400074066,1191.5947813689709,16.742020745274576,0.18333735177791746,4.433511675882222,65.57104549793807,0.13541670571074965,0.14326086956521739,78.38745449367629,0.18178179717170068,1.0895664164157957,0.041524575805247314,17.46153846153846,0.6715976331360947,0.19082840236686394,4.346153846153846,225707.38461538462,2019733.5,25405.556623931625,0.29166666666666663,1.6923076923076923,0.0650887573964497,0.08283666096765978,0.3355328572177949,0.02137257803180949,4.209867121904029,0.007536231884057971,208100.13609467458,7.851662966397398,0.013712313152817648,0.16958535890190882,0.002789028210036237,0.05612114809557849
0,1263,11,0.7891012303131675,16.293843672778593,17.962182495454165,119.52000000000002,12.857492088720006,173.7989898732227,1.4541414815363343,120.00000000000003,0.22298619469609895,1.5510979468661032,2.5476899133012636,3012940323.642476,0.8982709847299521,0.4005014756194898,4.312822635788486,2.8926772100601985,0.3012556804633145,2.154320027854754,2.264820250556114,0.7413572993096014,2.151319910750597,0.183912002813683,1002.1543998876414,-1.2495151378083689,120517612.94569907,0.6199148888888889,0.1600636668741496,7.863941575995306,3.065242197258709,-1.1946103353846982,0.7843396222323111,0.038886589761552,0.9047535064813572,0.038886589761552,0.2363155641309817,0.03733141955993398,0.980556705119224,0.980556705119224,0.9961113410238447,0.990278352559612,-0.7242859753304236,0.834716434238024,0.038886589761552,2.7708219223805584,0.6261818230129989,1.053660443208221,0.9097961682028111,0.7699074650527115,5.541643844761117,1.0147738534466697,0.20580655299846579,2.3699851414215103,1411.5106666666666,0.47050355555555556,2.8477826666666664,1859.7446666666667,0.22995155555555558,7.712,64.91066666666667,525.116,9.241185185185184,0.15866666666666668,0.02071594193541614,0.14344369147350297,0.004195396542533337,188.89272858916908,0.44955272750185593,0.3539162413279509,6.126628959662507,179.94943604132962,1571.3594598096458,21.672807026278587,0.22876830388097508,4.3237909484909745,65.15217772881216,0.1561693613743847,0.14024999999999999,118.19567173700177,0.2344561061900749,1.2210047037277745,0.07014384197413612,10.304347826086957,0.44801512287334594,0.38941398865784493,4.565217391304348,158771.21739130435,1416718.956521739,18009.644927536232,0.3502415458937198,1.3478260869565217,0.05860113421550094,0.0165078349823112,0.048940099297188774,0.01227840509841237,4.349648912578746,0.007666666666666666,141757.98487712664,5.724836849522679,0.019483655602017196,0.13817499732009147,0.0032172534304526763,0.06848844684793705
0,1263,14,0.9585491776339922,33.39538548995104,37.084228453616234,777.8600000000031,32.011119298162725,520.9283404695486,0.6696942129297644,779.0000000000001,0.1897918968483866,1.756016024123414,2.380474184750279,19556231099.265186,0.9305118682298348,0.30528185492437454,6.192062702866899,2.9222644036708054,0.2058718327725365,2.0833125552099245,2.120514672024796,0.4424474620151769,2.4798169416556286,0.12854328029375064,1002.0833522674975,-1.2496189767616348,782249243.9706076,0.5731810184216294,0.07959004289285168,7.462753529614801,1.7532496529907027,-0.7590063296126561,0.8132924569514601,0.07641114931775635,0.8280652186503109,0.07641114931775635,0.3871882828225585,0.07036120775558877,0.9617944253411219,0.9617944253411219,0.9923588850682243,0.9808972126705608,-0.5844220166541503,0.8096653891675376,0.07641114931775635,2.6978746238759204,0.5108107171552796,1.299174370752141,0.8453927380418265,0.666429125714387,5.395749247751841,1.2227632214343853,0.22242590156730413,2.562967583857199,9028.829935815147,0.4636112932382618,2.3299910823428216,11162.700333761233,0.226707408365618,7.461771501925545,66.82305519897304,511.55481386392813,10.131286549707603,0.15808443873912423,0.018897775879238684,0.13383985509004154,0.0032388535042061645,1147.9276856699132,0.48641427858648967,0.2793328281413376,6.516003572902963,199.15381012715375,1661.5351018326214,25.95320960925459,0.1898984317064101,5.209817870796377,212.66616883058302,0.08750243751651426,0.12115532734274712,119.98946815075432,0.1678866981557616,1.0209673458903301,0.034840283194430076,62.294117647058826,0.610726643598616,0.2234717416378316,4.833333333333333,1695430.8921568627,14924894.921568627,197690.57107843139,0.25953159041394336,2.6862745098039214,0.0263360246059208,0.0342835809802935,0.2034222814898866,0.007024889875162089,5.900571852234213,0.0052374839537869065,1658976.1031334102,87.37005687422946,0.0013742444700715634,0.29808197805213993,0.005788062745554657,0.005507500709966266
0,1263,14,0.8103435398259539,35.970879534844734,38.54400083022,759.5800000000004,29.14876985291904,410.8950360212795,0.5409503094095148,760.0000000000001,0.23777204768517457,1.8269448170704239,2.476418558939722,19081428184.361984,0.8865098401130486,0.33202889174374994,6.163333486162889,3.083605576762798,0.21170222157265017,2.1405151612703937,2.1444940644093773,0.5299878721034927,2.553617704659305,0.138574197911233,1002.1405559669705,-0.767069375694429,763257127.3744795,0.6023306094182825,0.08178609222961133,7.623404502891725,1.7211801760213747,-0.7710591781182901,0.7518081821542626,0.07969093837293596,0.8081530628294245,0.07969093837293596,0.3990823442434249,0.07313921724312043,0.960154530813532,0.960154530813532,0.9953122977427685,0.9840618123254128,-0.5551849283356404,0.7875167404292418,0.07969093837293596,2.730452948479251,0.5347610366445337,1.2677999709181171,0.860441223251057,0.6946759403197555,5.460905896958502,1.188109032545182,0.2078747801317996,2.491818919919891,8820.547894736843,0.4642393628808864,2.1557636675900276,11444.281578947368,0.21104287811634348,7.640684210526316,67.30105263157894,526.6337368421052,9.855792763157895,0.15251352339181287,0.018388708792483853,0.13388034723879805,0.0030398806519440135,1078.0195954910023,0.4884975728019224,0.2809370696741847,6.6991610007231515,187.56681647073418,1587.7731981489528,23.788525327405065,0.18367393368402868,5.276009382544517,172.4351789252222,0.07615841837775082,0.11609210526315791,102.94210357098194,0.13797219451526202,0.83553575021413,0.028811932898643686,53.048780487804876,0.6469363474122546,0.32019631171921475,5.085365853658536,2200074.8780487804,19672641.109756097,248038.3264735772,0.2513550135501355,2.341463414634146,0.028554431885782272,0.055761685801292205,0.4371224820568977,0.010475228623837804,5.7585347426819204,0.00431578947368421,2146386.5972635336,51.748504099513696,0.0013642694191499027,0.5464517665391149,0.002783579749123503,0.008044590828477319
0,1263,14,0.917953486295712,32.04001883067952,34.67333269243094,678.2800000000004,29.411246986602528,431.84894654561805,0.6366824121979385,679.0000000000001,0.2137851689028714,1.861717090203852,2.591148660319825,17050758287.578604,0.7219873014851729,0.36660389028102847,4.050093125216431,3.0522303882610116,0.23124018283440503,2.228936653111237,2.2447525328884366,0.8808689414400753,2.1713614468209363,0.1532781014659049,1002.228982316078,-0.5638215680722972,682030331.5031443,0.6900514860934276,0.09152949516493374,8.07127125638587,1.2035559958489248,-0.6529037701224002,0.5465957842040929,0.06071389885134791,0.7996564312083843,0.06071389885134791,0.32863849285303365,0.05690145023812371,0.9696430505743261,0.9696430505743261,0.9964285941852149,0.9878572202297305,-0.5592936222077975,0.7366555894218338,0.06071389885134791,2.8195380352989043,0.643745594308036,1.0139754821022937,0.8039665106629758,0.7866774639969105,5.639076070597809,0.9532615832509468,0.15182742076386024,2.146668214353074,8839.078114874816,0.5207115237039656,2.103457002739453,11713.623976435934,0.1572460028500719,8.060382916053019,68.78427098674521,567.9403240058911,9.075340778923254,0.1378190967108493,0.018158649582125982,0.1387567835834492,0.002827331266361099,880.703299579477,0.49706595301923956,0.26927300907336005,6.916131888437251,293.81540341704016,2582.866006345481,34.366293903475764,0.172578115884846,5.1733752695977895,158.1683998485693,0.08829844294959419,0.10427098674521355,186.8998179673259,0.16081167305991476,1.0266652181929539,0.031634714151504845,56.61797752808989,0.6361570508774145,0.3989395278373942,5.348314606741573,2044133.3370786516,18372726.820224717,227806.43047752808,0.24648876404494383,2.932584269662921,0.032950385052392374,0.08111129875757948,0.5902858306858887,0.03194541248084214,5.72709084126873,0.0052430044182621505,2007755.2755965155,33.188986112898625,0.0019691871526600875,0.4212428214933478,0.0015951020266435287,0.0116467206541687
0,1263,17,0.9805969416653925,37.83454094582756,41.77128200091541,998.2200000000014,37.10043514079257,716.9616449178586,0.7182401123177833,999.0000000000002,0.15621478755735332,1.7818713410633547,2.0998546311341495,25072075495.8059,0.9387257073069977,0.17078531758428905,7.050078344554254,2.4347529907419783,0.10753942171701455,1.9415579251553274,1.9524566843360651,1.04074547671825,1.3940075140237282,0.07054520277702564,1001.9415685253182,-1.1116149312153405,1002883019.8322362,0.5418673159646132,0.021241487528748697,2.0336236978102824,1.0564191397658216,0.4795446090533745,0.8549665725632405,0.06049446468230895,0.8678234070824324,0.06049446468230895,0.327523791344791,0.05669259663065875,0.9697527676588455,0.9697527676588455,0.9879011070635382,0.9798351784392303,-0.655258259593674,0.8402237670315542,0.06049446468230895,1.3546236433838124,0.4855768847465665,1.2615201336115769,0.8678234070824328,0.6151291242750332,2.7092472867676247,1.2010256689292684,0.22886525931138738,2.4763701131134854,12484.600640640641,0.49988390953516076,2.0882641199758316,13533.136216216217,0.22906634201769338,2.065945945945946,68.07339339339339,137.53477477477477,50.70804804804805,0.7335135135135135,0.01801019829353163,0.03896186842549276,0.012772280760541344,1391.1987153522466,0.5081562984109753,0.24592185079451237,2.3110833521690286,236.68904297633185,389.06442716649667,198.59519692879059,0.6722291619577428,5.272875524512591,219.87157012513887,0.07874245693097585,0.10960960960960961,138.37941320734083,0.1308531629648218,0.3206570496985831,0.08340219128138153,35.50704225352113,0.5000991866693116,0.24995040666534418,2.4788732394366195,2952515.563380282,3685434.4929577466,2769285.8309859154,0.6302816901408451,1.5352112676056338,0.021622693909938505,0.07544855184162778,0.2421470246058817,0.0337739336505643,5.920667365892121,0.0028428428428428428,2828780.0694306684,5673.0271337496815,0.001336494085848542,0.059918020534477055,0.013739394608308508,0.0013351134846461936
0,1263,17,0.8269292387203174,45.64415434399139,50.32136723102821,1254.4999999999984,37.74448580370947,715.9155554421984,0.5706780035410118,1255.0000000000002,0.1753793539609154,1.531624101111386,1.8645838873258767,31480774198.10602,0.1679233467490194,0.1738382448846112,3.3706623722691997,2.2875825208131118,0.10495246794840246,1.684217493947215,1.6640403646942064,1.3432474213973238,0.944335099415788,0.0724654268216457,1001.6842262822461,0.6717788277263548,1259230967.924241,0.9515149791273154,0.01760620071242428,1.0630686509132503,0.27736268036602507,0.14507046544216323,0.07963334622426209,0.007420828367035409,0.8284044520815338,0.007420828367035409,0.06302529916562541,0.007364346380425013,0.9962895858164823,0.9962895858164823,0.998515834326593,0.9975263905443215,-0.6773721378583073,0.4336066171066217,0.007420828367035409,1.0222596883655894,0.9491085663239262,0.20338796735588158,0.8284044520813596,0.974029897450893,2.044519376731179,0.19596713898884652,0.02176354364782438,0.9379621761049941,23795.974597609562,0.7584374373740099,1.1183098335581974,29853.78247011952,0.024242510436342277,1.074581673306773,75.25823107569721,78.88921115537849,74.3504860557769,0.9813545816733068,0.014792923835020212,0.01703865786037006,0.01423149032868275,1149.0523695112088,0.7493242588857547,0.1253378705571226,1.4414801836231954,2319.426096767331,2328.310075746292,2317.205102022591,0.8896299540942011,4.415842054671128,191.9158335305541,0.1330946601548586,0.04869322709163346,1802.7033153793143,0.1453862229405687,0.263822280280432,0.11577720860560287,15.88,0.6352,0.1824,3.28,37209154.2,37220625.72,37206286.32,0.43,1.48,0.0592,0.109677822583661,0.168493338648536,0.09497394356744221,4.323856189774718,0.0007968127490039841,35634129.2,70.98324179766622,0.0076116021269978795,0.008374717813247109,0.00020024102056108344,0.007717396297487249
0,1263,17,0.8715629378015501,39.1221839176992,42.15495225949141,950.7400000000014,34.09744554852248,624.2420489685518,0.6565854481441308,951.0000000000002,0.17509864917898305,1.3836533301413276,1.6957787101674728,23848164235.60446,0.000672127125993364,0.16522744876981776,3.285381094866758,2.0010425753449583,0.09932405954518012,1.5374901517270367,1.5335074300482874,1.0580617810448536,0.9429807943001047,0.06833448400477946,1001.5374980835642,0.2717458185714259,953926569.4241786,0.9999158815613871,0.015888064444495482,1.0000883859050511,8.835465442670619e-05,8.83624653556958e-05,8.837809135875239e-05,8.838590505118801e-05,-4.419490603484808e-05,8.838590505118801e-05,0.0013176840672283914,8.83780913587524e-05,0.9999558070474744,0.9999558070474744,0.9999823228189897,0.9999705380316497,-4.007953718999544e-06,7.50697300457026e-05,8.838590505118801e-05,1.0000441929525254,0.9998232399104362,0.0014060699722792593,4.419490603482962e-05,0.9999116140949489,2.0000883859050513,0.0013176840672283914,4.41909991024851e-05,0.76718190523246,17985.48075709779,0.7564870980903382,1.0266864083520475,23773.000084121977,4.205921930648021e-05,1.0001261829652996,75.24445846477393,75.24458464773922,75.24442691903259,0.9999684542586751,0.014472923066488737,0.014599106031788421,0.014441377325163818,1142.2519051076956,0.9980968598279825,0.0009515700860087465,1.0028576615434348,1937.8888118954947,1937.8916695570383,1937.888097480109,0.9992855846141413,3.6275916948878137,169.16022139575557,0.16706936755084584,0.04812828601472134,1381.8168379748904,0.08476483971821422,0.08762250126164906,0.0840504243323555,1.6666666666666667,0.5555555555555556,0.2222222222222222,2.0,188005209.0,188005210.0,188005208.75,0.75,1.0,0.3333333333333333,0.3338666672576675,1.3338666672576673,0.0838666672576675,1.5849625007211552,0.00012618296529968455,125199584.0,0.5000630994447248,1.0,8.412197686645637e-05,3.5381046735209426e-09,1.0
0,1263,19,0.8251384814406777,42.000651073387296,46.05475002646307,1056.5399999999995,34.65635344621456,575.170981156678,0.5443911079151553,1057.0000000000002,0.20033228160044558,1.5492743347673108,2.00014672329869,26519353262.015553,0.46989464337691617,0.24625900478374074,2.9782930441381272,2.289340252875992,0.14249802094941177,1.7836965135371534,1.80126544219539,1.1771848574520816,1.1121553954239103,0.10107193632883733,1001.7837121564374,-0.3618748110380186,1060774130.4806223,0.8195460456890094,0.031341605377938585,1.2883206642457474,0.9342577530960109,0.518127970349686,0.3361619219884292,0.024385705303945612,0.8647238653661875,0.024385705303945612,0.16484019989324686,0.023772582323195172,0.9878071473480271,0.9878071473480271,0.9951228589392109,0.9918714315653514,-0.6889150677397912,0.689739470869072,0.024385705303945612,1.1001711722992402,0.7959536040306174,0.6156005647393806,0.8647238653661808,0.8876359750487871,2.2003423445984804,0.5912148594354353,0.0901369068230937,1.460698302623185,18001.055326395457,0.6812130681701214,1.3405318900263057,21656.50425733207,0.09022697715549532,1.3008514664143804,73.50338694418164,92.33759697256386,68.7948344370861,0.924787133396405,0.015355224125811367,0.021738013842139397,0.01375952669672936,1043.5146175767634,0.6224735053976342,0.1887632473011829,1.7588070674198961,993.1850033512922,1047.6770570138374,979.5619899356557,0.8102982331450259,5.196514789490646,154.17121491321075,0.09528190930193538,0.06314096499526962,694.1010663173411,0.10820054371912091,0.2217040562459414,0.07982466558741579,20.692307692307693,0.7958579881656804,0.10207100591715976,3.6538461538461537,21724104.115384616,21823170.346153848,21699337.557692308,0.33653846153846156,1.1538461538461537,0.04437869822485207,0.059284986911085996,0.20810917820898034,0.022078939086612417,4.5465935642949304,0.0009839167455061495,20691144.610946745,227.5092781429215,0.0031434129699432585,0.024077620161323962,0.002178946744029648,0.0031340418506517137
0,1263,19,0.9001414785217406,47.69971322795758,52.1444148495311,1510.160000000002,42.93649039007677,773.5640835796335,0.5122398180190394,1511.0000000000002,0.17808203755778332,1.5343353503912167,2.112369605306952,37910672754.56921,0.6744763501135245,0.28698017164242606,4.186644862854852,2.6766313432612088,0.18835304283401763,1.7941602036362874,1.7748217667710846,0.9033932779154028,1.773238065345806,0.12124840008771595,1001.7941912934565,0.2953787779711574,1516426910.1827686,0.720407918108589,0.06229120178823379,4.744818708415704,1.2818111799104304,0.6516355983325077,0.51418383941666,0.022430213126309842,0.9161713610411153,0.022430213126309842,0.15438683018548527,0.021912045691224534,0.9887848934368451,0.9887848934368451,0.997756978687369,0.9943924467184225,-0.7732440004633048,0.7958249967752763,0.022430213126309842,2.1498536420072076,0.7131534612173573,0.7967433658572772,0.9195202871201984,0.8321656464868172,4.299707284014415,0.774313152730968,0.13415351313574247,1.5837397966001054,26599.436267372603,0.7041545007908034,1.3090194932287864,27213.409106551953,0.1413977684056167,4.810086035737922,74.05106551952349,346.6067769688948,17.228734465769545,0.22966835796749763,0.015327263075733025,0.07816796011244657,0.0034158137303939343,1092.80704064823,0.4909744627464386,0.27230394828682786,6.207242309895691,1497.2512459561722,6164.122788552044,369.6766675860081,0.1975080162658369,5.4305488508184325,213.43335252037969,0.09778920259526416,0.058888153540701524,1156.2870494656875,0.13580356727310866,0.8992514693628398,0.025296777317987604,26.655172413793103,0.4595719381688466,0.35315101070154575,6.517241379310345,16012500.77586207,65245354.948275864,3969998.688697318,0.21455938697318008,1.8275862068965518,0.03151010701545779,0.05791252846535115,0.39496570833852307,0.010128410907346886,5.534620865779909,0.0015354070152217075,15588318.069262782,63.958205248082656,0.002351456672340367,0.08729450777309833,0.0010776817341637875,0.005792795971483612
0,1263,19,0.9642080704919426,40.523630977493355,46.42240838215958,1160.419999999999,39.07321203413638,631.6562625309266,0.5443341742911422,1161.0000000000002,0.1911752771118819,1.6112279770235793,2.2217155728397335,29135815401.43651,0.9293119103675429,0.3288491767824715,2.5297798199733745,2.57422565145228,0.18897273534828332,1.9071194642596674,1.8964340495311574,1.300330026516951,1.2738956249353288,0.13642642447621864,1001.9071461072248,0.18469161877709295,1165432616.0574605,0.5481916201320403,0.05338755354350424,2.000008037961309,1.1086996143176777,0.5359907821211043,0.8575996317422698,0.03999344486928479,0.9108560787646433,0.03999344486928479,0.24139696858117624,0.038348143925746696,0.9800032775653575,0.9800032775653575,0.992001311026143,0.9866688517102383,-0.742463600044343,0.863798531683084,0.03999344486928479,1.3400015867986506,0.512855317768476,1.1629402850454003,0.9108560787646434,0.6400016907667072,2.680003173597301,1.1229468401761156,0.22439826915288866,2.1567237723635038,17743.40826873385,0.611314669034758,1.6080234660636639,15911.261774332472,0.22590418993397982,2.034315245478036,71.75824289405685,142.2722480620155,54.129741602067185,0.741421188630491,0.016256340352199833,0.03466180419243973,0.011654974392139857,1134.7390263502596,0.5008724993321473,0.24956375033392636,2.438819788531731,533.6428618382085,852.7252037473075,453.8722763609337,0.6402950528670672,5.5869672623182,174.18497110409328,0.07700263865337878,0.07805340223944876,343.29712853472853,0.12265066348116968,0.29991231384546535,0.07833525089009571,28.571428571428573,0.5102040816326531,0.24489795918367346,2.7142857142857144,6623134.946428572,8457033.714285715,6164660.254464285,0.5714285714285714,2.3214285714285716,0.04145408163265306,0.0908891882120572,0.23985902850362203,0.05364672813916601,5.289148671903056,0.001929371231696813,6354496.354272958,8419.43243689041,0.0017306134637635503,0.03981600563068184,0.008977757359331885,0.001733860647142845
0,1263,21,0.8726569786747659,35.29966065525085,39.50493640040444,753.3599999999999,30.80449521565571,530.4513852073798,0.7041140825201495,754.0000000000001,0.18342588487811,1.85647377084832,2.270133328367127,18927626132.542248,0.9584531260460536,0.22240892943742452,3.106891392431551,2.5720778802510393,0.12977542591734048,2.05691999163361,2.0496212077730025,1.3828793704649915,1.1891985097860478,0.09163127632130676,1002.0569331216143,0.12447063074015692,757105045.3016901,0.5285205749706253,0.02631397627238738,2.8434046353988385,1.0354854231277864,-0.4233395157745153,0.8835173122041368,0.05528670063162883,0.8821882618042604,0.05528670063162883,0.3067721850721769,0.05211147340363158,0.9723566496841856,0.9723566496841856,0.9889426598736742,0.9815710997894571,-0.6816758130501119,0.8525639790790669,0.05528670063162883,1.6236826619048843,0.4784865201784857,1.2594775205549964,0.8821882618042607,0.5960393115890699,3.2473653238097686,1.204190819923368,0.23470100320894138,2.424795869693082,9800.786525198939,0.5199356246789888,1.9637416712986089,9962.612838196286,0.23573971251468734,2.8582493368700264,68.73474801061008,200.07872679045093,35.89875331564987,0.5354376657824934,0.01741664023503104,0.04812084975703613,0.009740587854529768,977.8587623637794,0.5007992462833875,0.24960037685830633,2.5597723788595417,271.0457306239882,885.7355879821531,117.37326628444694,0.6100569052851146,5.267787377419817,171.79981581897806,0.08763978224989057,0.10358090185676393,160.35645776235154,0.11928050630562001,0.2968947015095272,0.07487695750464327,20.2,0.505,0.2475,2.35,3729610.65,12369738.9,1569578.5875,0.6625,1.25,0.03125,0.06371312364747295,0.1603045597075976,0.03956526463244179,5.2719280948873495,0.002122015915119363,3507534.0875000004,297.4344419817622,0.001958688036740055,0.054169318322154644,0.01276969596198827,0.0019587131254765635
0,1263,21,0.8325234150320239,44.32210435743786,46.83417555589081,1195.8400000000006,36.899189681059916,597.8822509939021,0.4999684330628694,1196.0000000000002,0.20503396446775618,1.4239993339338102,2.0996002852734312,30003171788.63069,0.7280661971810191,0.31060462589184024,4.294329143086022,2.6527544081242955,0.21551087102451333,1.7237521779599447,1.696860605926937,0.5497992189953202,2.1029551891289753,0.13247988527077914,1001.7237950117114,-0.013131239830053128,1200126871.545228,0.7188753392020223,0.08581517429210095,4.634156347066996,1.62546179938723,0.5219524622732393,0.5413596328133151,0.02331661802945614,0.9171841969547389,0.02331661802945614,0.15919022618632142,0.022757976005851492,0.9883416909852719,0.9883416909852719,0.9976683381970544,0.994170845492636,-0.7782320980451265,0.8150197577426824,0.02331661802945614,2.122413720178765,0.7097890518766533,0.8576134753419665,0.9203515506880514,0.8321819156186081,4.24482744035753,0.8342968573125109,0.1411690627106928,1.66492889933585,20844.119799331103,0.6971277524859901,1.2838001856802497,21494.372642140468,0.1484203297502265,4.684180602006689,74.00989966555184,339.45943143812707,17.982633779264216,0.24283444816053512,0.01522568377437684,0.07435219752306967,0.003712483539925597,815.0173803771005,0.46142346362256015,0.3379491405966206,5.719556157547357,1418.3504438640118,5855.33186570235,351.19478117038716,0.24249065666405256,5.617253917254128,153.59813179941207,0.08741853227200885,0.05900501672240803,1076.307439101783,0.12649842840376033,0.7563799787353026,0.03155618701624052,14.473684210526315,0.3808864265927978,0.5214681440443213,5.7631578947368425,16284920.52631579,66985044.55263158,4022915.13377193,0.30628654970760233,1.5789473684210527,0.04155124653739612,0.044037958336803684,0.19187887640192655,0.015369578930291096,4.964904158123484,0.0012709030100334449,15665800.027700832,51.20633117376171,0.002955798949672239,0.0818253528324257,0.0011711098357938016,0.00705236583006633
0,1263,21,0.8972681055337299,36.16166374912091,39.26627051299881,849.7000000000012,32.446707525121475,522.1082394568713,0.614461856486843,850.0000000000001,0.1979143089235911,1.6091156755266438,2.201238834425193,21330754319.55667,0.9319704703929272,0.3494820674350916,2.5346944322134033,2.561689379961679,0.19203031150165023,1.8982732362441856,1.8808973852379935,1.1202155984230562,1.4414737815386227,0.14326348127722446,1001.898299865438,0.09380277991291455,853230172.782267,0.5464084993771627,0.053359487266478926,2.0292626760795853,1.1030581925967753,0.517143471925438,0.8735340355155705,0.035207654353639484,0.9225182246272228,0.035207654353639484,0.21911420266284265,0.033932539086376924,0.9823961728231803,0.9823961728231803,0.9929584691292721,0.9882641152154534,-0.7678977439482679,0.872353651641063,0.035207654353639484,1.3489555010854684,0.5116966159790179,1.149720716243871,0.922518224627223,0.6334406717377118,2.6979110021709367,1.1145130618902317,0.22718542246730256,2.1564662716704666,13081.12771764706,0.6155824808304499,1.6342428257439445,11611.180611764707,0.2267957503114187,2.0430117647058825,71.7348705882353,145.15764705882353,53.379176470588234,0.7392470588235294,0.016337407622308182,0.03391039717368429,0.011944160234464157,868.5466581454687,0.5207534592702285,0.23962327036488573,2.194864051591138,525.2190468100564,956.0879947108904,417.5018098348478,0.7012839871022155,5.416045944906516,138.33779461036568,0.08315253366102533,0.07842352941176471,334.24910900508945,0.1345416151915235,0.2785792250487618,0.0985322127272139,17.941176470588236,0.527681660899654,0.236159169550173,2.1470588235294117,5969800.882352941,7797454.0,5512887.602941177,0.7132352941176471,1.7058823529411764,0.050173010380622836,0.08000987379555702,0.19662795283299428,0.050855354036197675,4.675698135367978,0.0016,5579175.882352942,4397.09853600084,0.002643726626057548,0.035600370375350146,0.008043676572067374,0.0026536972478948128
0,1263,23,0.9706497926252828,32.13364485704596,37.105794695707566,710.5200000000019,31.190515716786148,508.92834046954687,0.7162758831131362,711.0000000000001,0.18566773938978742,1.6846234290592335,2.1289108457807306,17842279039.84789,0.7820833797721523,0.20755403136858663,3.491701835931373,2.5271395506581626,0.1363323644911891,1.890715492365074,1.8796038990185178,1.1688906116300377,1.358248939028125,0.08946377543321772,1001.8907312694024,0.1479036176554495,713691161.5939157,0.6432743249044055,0.031613734914643685,1.6541438462079543,1.2245549938838949,0.7052990391566644,0.6584304779196596,0.037500026428315306,0.8920801591748679,0.037500026428315306,0.22973028114757738,0.036044444675698305,0.9812499867858424,0.9812499867858424,0.9924999947143369,0.9874999911905615,-0.7140735499607587,0.8155568345645938,0.037500026428315306,1.2242979531407039,0.6159903031503143,0.9873132697109832,0.8920801591748675,0.7569520336451384,2.4485959062814078,0.9498132432826683,0.17398262608699375,2.0321190051621816,10519.610407876231,0.5918205574051325,1.840028884260001,11434.201125175809,0.17836283754779725,1.6970464135021097,70.70621659634318,114.0226722925457,59.877102672292544,0.8257383966244726,0.016885816041267786,0.03141475468814394,0.013253581379548745,795.9491924373666,0.5104932360219424,0.2447533819890288,2.2840717437212827,568.617201362983,678.97486225992,541.0277861387488,0.6789820640696793,5.127475155070626,153.59379399685122,0.09800324630462935,0.08767932489451477,415.05149116007306,0.15975058824211955,0.37311638981952855,0.10640913784776726,23.46511627906977,0.5457003785830179,0.22714981070849108,2.953488372093023,3833593.2325581396,4311797.139534884,3714042.2558139535,0.5116279069767442,1.6511627906976745,0.03839913466738778,0.025299412548214238,0.07376303113648701,0.013183507901146047,5.0366162081401455,0.002419127988748242,3662716.745267712,562.8123397223324,0.002932447835298523,0.03836984907885223,0.006812741256771739,0.0029457973291437583
0,1263,23,0.9358104662315517,38.88519925598727,42.078973371507054,1028.7,36.38917644525223,584.2337228564764,0.5679340165806128,1029.0000000000002,0.19460889218691615,1.3744180046419867,1.9412712424600713,25811078878.679745,0.436602816229935,0.2593129899620914,3.7914198519930187,2.438476940017525,0.17549179428238684,1.6716343398939268,1.6845427453529183,0.8518789908184449,1.58659794919908,0.11103451173099532,1001.6716616401477,-0.22346568920578574,1032443155.14719,0.8526152334486481,0.05469178051579658,4.314722632622068,0.9137414436466132,0.3525570397706711,0.27577019623259236,0.01699345485585916,0.8837464532323525,0.01699345485585916,0.12390205282664668,0.016697665647005155,0.9915032725720704,0.9915032725720704,0.9983006545144141,0.9957516362860352,-0.7360181399309427,0.6831939269146461,0.01699345485585916,2.0615595776832847,0.8403529540054437,0.5403759994961104,0.8874332955258332,0.9145222232552107,4.123119155366569,0.5233825446402518,0.07319091277211288,1.349836635338454,18211.78188532556,0.7079409867959401,1.2583161460502568,21933.526880466474,0.07534185019280515,4.336015549076774,74.15506316812439,317.1818075801749,18.266490659755966,0.24577151495518845,0.015177935713392005,0.06835915989834727,0.0036899786406482116,930.1846508259679,0.6229184916519219,0.2051596195009333,5.003266501545711,1365.4999947959968,5532.336947736013,340.1212604735818,0.23916057242587577,5.207357989109034,131.44335321940036,0.09015938778328521,0.057755102040816325,1007.0602397647209,0.12233999303417102,0.6855279308252751,0.02679495027891755,14.0,0.5384615384615384,0.3905325443786983,7.230769230769231,21024571.653846152,84349333.07692307,5249724.503205129,0.21153846153846154,1.2307692307692308,0.047337278106508875,0.07265297553371892,0.6011109394778997,0.009545811098090502,4.546593564294931,0.001010689990281827,20045613.628698226,29.886843300873828,0.004562422567714446,0.06191053034172446,0.0004358732963118766,0.010026762716861426
0,1263,23,0.8578421612419026,32.55821357234622,35.120364462801355,627.8599999999997,27.929808297076928,469.6229580826335,0.7479740038904115,628.0000000000001,0.18914158326135755,1.506246825089663,2.033385395631074,15754621521.430664,0.5452474550887336,0.23199486570048045,4.059207899090964,2.513965501142649,0.15788997799323953,1.7380066355567503,1.7189915504907396,0.6765583094507632,1.8374071916918857,0.10177316869567817,1001.7380285274846,0.22384420027801516,630184860.8572267,0.7864857884701204,0.043859952633900454,4.552197759195483,1.0610178659104932,0.5645841348262728,0.3872650856251333,0.02113427654785963,0.8962114311781925,0.02113427654785963,0.1473557546918121,0.020675889167521902,0.9894328617260701,0.9894328617260701,0.9978865723452139,0.9947164308630351,-0.7423507172114054,0.7350217600107858,0.02113427654785963,2.112027801168807,0.7760918287455976,0.6589228170025205,0.8974407473232846,0.8747791689318842,4.224055602337614,0.6377885404546615,0.10209984054324821,1.6388655940918966,10097.83592356688,0.6431742626475719,1.6203049373199727,12347.826878980892,0.10732883281269018,4.593630573248408,72.19528662420382,324.15222929936306,17.10590941259731,0.23457183297947629,0.01631053466916373,0.07873353921835308,0.0037420362910865115,671.5565078292084,0.5696332845906398,0.22275780324188466,5.4673903203678655,831.6031403743242,3401.331126192507,205.8679819069833,0.21486383971109038,4.896733812242578,130.01910826797757,0.11311253603043613,0.07488853503184713,616.5993457184841,0.1456683614517942,0.8292647297979564,0.03119595907205555,15.705882352941176,0.4619377162629758,0.36764705882352944,6.617647058823529,5402818.176470588,21690791.411764707,1348502.612745098,0.2165032679738562,1.3529411764705883,0.039792387543252594,0.08631493908089272,0.4466861420907291,0.019135554922686898,4.910992253015038,0.0021656050955414013,5189591.532871973,24.928409928105882,0.005711570964687817,0.0868439096279652,0.000794036414242928,0.013567498512699332
0,1263,23,0.8322820584591031,25.75871484151799,26.893121797217965,330.39999999999975,21.43851621155964,432.208744520263,1.3081378466109665,331.00000000000006,0.14908412543356153,1.5663344739016332,2.1646900087794934,8306130139.665081,0.8582349693001085,0.26635214137807983,3.3701883772952277,2.486628603724876,0.17696575485378616,1.8791827592215407,1.8950910157436462,1.1230117784076699,1.363616825317206,0.11561169842244275,1001.8792094921915,-0.40293344063447706,332245205.5866033,0.5950005859749363,0.05356641288825387,1.8307462102183745,1.1407445901751128,0.6220469019273855,0.7589233784189255,0.059223050457545896,0.855283883364542,0.059223050457545896,0.3226052836458939,0.055580718821503214,0.970388474771227,0.970388474771227,0.9881553899084908,0.980258983180818,-0.6375410680219266,0.8162761354353041,0.059223050457545896,1.2867859118157159,0.535346066740261,1.1779424634777635,0.855283883364542,0.6836025629555111,2.5735718236314318,1.118719413020218,0.20453660721911787,2.649147870282151,3346.7024773413896,0.40443534469382353,2.5459235457872786,4923.629848942598,0.2024997070125318,1.8461631419939577,63.60858006042296,115.0041087613293,50.759697885196374,0.7884592145015106,0.019966695058912007,0.038567853736548884,0.015316405389502784,683.0353210714861,0.5557876664039911,0.22210616679800446,2.000498880593795,98.84931895474855,158.21165927144506,84.00873387557445,0.7498752798515511,4.590665383044961,142.40498085437085,0.11787712465535943,0.14821752265861027,44.94104134920501,0.15798094129471993,0.33559838662941743,0.11357657996104556,18.379310344827587,0.633769322235434,0.18311533888228299,3.2758620689655173,1184852.8620689656,1263506.8620689656,1165189.3620689656,0.43103448275862066,1.5517241379310345,0.0535077288941736,0.009858740418531872,0.03435885162481739,0.0037337126169604924,4.556088322639168,0.0035045317220543807,1103431.1914387634,778.776285396326,0.004173466048512965,0.057911539255583164,0.011688466040591847,0.004187249824285055
0,1263,25,0.7946849238206709,32.084436827489256,34.38371707654657,561.8199999999996,25.49701823608243,438.5518902707702,0.7805914532604223,562.0000000000001,0.19159428144128057,1.7256029273023368,2.4105041909462455,14107704650.585938,0.9879152054139566,0.3328288726032089,3.0625029584643104,2.9673329072909884,0.20652007083813398,2.0514077455822823,2.040328495582075,1.284462212986749,1.6828706943042395,0.14057066091491804,1002.0514420768997,0.2234579411963442,564308186.0234376,0.5083531262268716,0.068803490995215,2.661670925279261,0.9800992721705132,-0.22541140572379328,0.9395401760689361,0.04534985137320598,0.9079179296100709,0.04534985137320598,0.26517430926622293,0.04322611404712688,0.977325074313397,0.977325074313397,0.9909300297253587,0.984883382875598,-0.7324355169893341,0.8743379883028198,0.04534985137320598,1.5614486169886213,0.464328872231802,1.253727898109891,0.9079179296100713,0.5387736913020185,3.1228972339772425,1.2083780467366854,0.24622250686053554,2.4307686575591236,7554.33409252669,0.5376750243791238,1.9792165752713367,7142.361423487545,0.24582343688656424,2.693879003558719,69.2308896797153,186.3071174377224,39.961832740213524,0.5765302491103202,0.01754056831906349,0.046744513977991356,0.010239581904331524,714.6159366188708,0.5087770320564093,0.24561148397179536,2.696891711858703,286.28554991903474,740.9366944596645,172.62276378387725,0.5757770720353242,5.260260671436507,119.1469128596222,0.0836521967440116,0.09991103202846975,166.4451982616211,0.14080500320598463,0.3495193835320748,0.08862640812446208,22.5,0.625,0.1875,1.75,1983575.2777777778,5743541.027777778,1043583.8402777778,0.8125,1.5555555555555556,0.043209876543209874,0.06060028784942314,0.06494958399350925,0.05951296381340159,4.8711781263822065,0.002562277580071174,1831258.5339506175,230.42222926405134,0.0031272448372072015,0.045518903014809584,0.011194776820532668,0.00312580238230796
0,1263,25,0.8786958730230994,39.61582874526425,43.384789961459994,989.5800000000005,34.81026522485357,648.0160605055739,0.6548394879702233,990.0000000000002,0.1720856343485751,1.4022304642271204,1.9400628635947488,24833071548.951126,0.4199674173899268,0.25140386768761025,3.90550765842425,2.438476940017525,0.16778492374861595,1.6767823030934657,1.6829806829215421,0.8518789908184449,1.58659794919908,0.1067934239976192,1001.6768072688154,-0.10127427276157942,993322861.9580452,0.8568700075502499,0.050015168528671994,4.315078016038487,0.8583189381114863,0.36203026105557734,0.26258903832154284,0.016243015577945857,0.8832831488904475,0.016243015577945857,0.11944547155124058,0.015971743522293656,0.9918784922110271,0.9918784922110271,0.9983756984422055,0.9959392461055135,-0.7354822202991345,0.6713523913061699,0.016243015577945857,2.0623991334137557,0.8470683464295572,0.5155631700150757,0.8873296797241962,0.91827550203859,4.124798266827511,0.4993201544371305,0.06970801347487217,1.3809144284475605,17032.76622222222,0.6881925746352413,1.3618885517804307,21207.532686868686,0.07271376390164268,4.342989898989899,73.51781818181819,314.1808888888889,18.03402581369248,0.2440280583613917,0.015458797956893195,0.07018091043974642,0.003705030054753747,994.5471427425995,0.6328564097347514,0.19372144235193361,5.057915441706727,1235.0845527140345,5000.006162298378,307.60364020269503,0.23079637665662558,4.917767755788295,168.86121718046192,0.11214993699280065,0.0631919191919192,933.8310223352426,0.1265431946915499,0.7209053993734916,0.026562889921906828,16.870967741935484,0.5442247658688866,0.2934443288241415,7.290322580645161,15672357.741935484,62802276.87096774,3915329.5367383515,0.18010752688172044,1.3225806451612903,0.04266389177939646,0.07622473295969465,0.6661755992169445,0.009021954495967722,4.82516405232235,0.0012525252525252524,15034935.785639958,27.556103438137036,0.004929569844959974,0.06079485379374819,0.0004032810038882299,0.010837238895854797
0,1263,25,0.9519469700565333,30.862536010988087,33.02483913662563,626.6000000000013,29.379497643920757,480.451385207379,0.7667593124918258,627.0000000000001,0.18469310281310117,1.5036726239776723,2.0349272617028067,15729534860.467218,0.5784759911644666,0.23614783616027823,4.954047596155629,2.513965501142647,0.16139065227631014,1.7380150157358198,1.7218727004437189,0.6305596370948836,1.8834058640477636,0.10334046874444539,1001.738038589152,-0.09321730035175375,629181394.4186889,0.7774155475683554,0.04722877483963949,4.54664817730837,1.1464572489148441,0.5383773668899009,0.4042045940866203,0.023526254599725994,0.8896635590573184,0.023526254599725994,0.16032292261336686,0.022957337282215433,0.9882368727001369,0.9882368727001369,0.9976473745400273,0.9941184363500685,-0.7320871987133644,0.7452264821899817,0.023526254599725994,2.109851697393968,0.766520337420843,0.7027275294620503,0.8956141435261599,0.8692323576677753,4.219703394787936,0.6792012748623248,0.10693271217158658,1.6906202350397175,9966.146283891547,0.6357988059898914,1.708519640118129,12185.988708133971,0.11308791160153536,4.5945135566188195,71.85435406698565,321.94902711323766,17.18041112883218,0.2367605883395357,0.016660140711728014,0.0812438846535129,0.0038440892709857943,674.9976516414982,0.5501436518030528,0.23904666246067702,5.51808653455742,786.9390789632541,3219.4643851155806,195.01175992572317,0.21787238973025203,4.947643513971443,129.52156514977784,0.10603156352370358,0.07808612440191387,591.2466824099677,0.17147508400883826,1.006539521728513,0.03607539983582779,16.419354838709676,0.5296566077003122,0.36628511966701355,7.193548387096774,5934999.774193549,23920831.83870968,1478827.994623656,0.20430107526881722,1.4516129032258065,0.046826222684703434,0.13020328075684837,0.7987911840727007,0.025099356672465194,4.760647923290092,0.001977671451355662,5679322.745057233,27.95727781542666,0.005134591972961075,0.09518667230175168,0.0009390296151864603,0.012191788659231827
0,1263,25,0.8018169368108263,26.77953522013171,29.05580836941213,332.3199999999997,21.472284899423645,471.38864350758246,1.4184781039587833,333.00000000000006,0.13708945696845684,1.574081688199172,2.1618563561920086,8356330954.092747,0.8503272259641566,0.26076626932942015,3.3902333060503826,2.566660022774647,0.17240310905485792,1.8799464475680576,1.8930087428517506,1.1287300463227934,1.4379299764518538,0.11301189517258417,1001.8799718374945,-0.3095772842941914,334253238.16370994,0.6001046091136182,0.05087531687646583,1.8096639215458648,1.145008073295388,0.6304563582609116,0.7461094753600009,0.06012236824230603,0.850930243321514,0.06012236824230603,0.3262816529963487,0.056380249168202334,0.969938815878847,0.969938815878847,0.9879755263515387,0.979959210585898,-0.6303367157530033,0.8113525116362115,0.06012236824230603,1.2799083685556725,0.5405038290306441,1.1715845260134332,0.850930243321514,0.6900304473231744,2.559816737111345,1.1114621577711272,0.20155796090057673,2.674136273800366,3241.567927927928,0.3893775288802316,2.611741110479849,4995.870870870871,0.1999476954431909,1.8288288288288288,62.63003003003003,111.66858858858859,50.37039039039039,0.7927927927927928,0.02062340223821705,0.039778501271490685,0.015834627479898642,725.4134558011899,0.5550647466726428,0.22246762666367853,2.0029907581364506,87.23028263340973,139.03615931799663,74.27881346226302,0.7492523104658874,4.501547209259304,161.02818111107797,0.12473851088664606,0.1566066066066066,39.04499843174129,0.16156696835663537,0.3511993302252781,0.11415887788947464,19.88235294117647,0.5847750865051903,0.20761245674740486,3.1176470588235294,958137.6176470588,1022447.7352941176,942060.0882352941,0.47058823529411764,1.4705882352941178,0.04325259515570934,0.08899040623740273,0.22234307705157144,0.05565223853386057,4.829966150010228,0.004084084084084084,898184.6548442908,711.4787280701751,0.0041056078226007564,0.05851514577640701,0.011666960895757254,0.00411722322702075
0,1263,27,0.7842590579752073,28.685753403065306,30.94575899860916,452.8200000000005,22.497061941197096,325.2381817717934,0.7182504787151474,453.0000000000001,0.23193495577656648,1.107345701484207,1.7159951239248823,11356520081.28323,0.3706558273214744,0.2865547679089051,3.315173807314425,2.1230758154722795,0.18622868164650436,1.3906195340470509,1.3671722582955923,0.8279535133023249,1.2951223021699545,0.12398300198805488,1001.3906481166001,0.5370119170895017,454260803.2513293,0.8900101574492346,0.05724460185555779,3.9683162929194653,0.7639362611310392,-0.1095335254145064,0.20665560819024364,0.016540187075379166,0.8515613435719465,0.016540187075379166,0.12109820526553877,0.016256398215650298,0.9917299064623104,0.9917299064623104,0.9983459812924622,0.9958649532311552,-0.7015927032317453,0.6313900413893236,0.016540187075379166,1.9800978155781401,0.8765902963482528,0.4714049725756844,0.8843287641108268,0.9355347823177154,3.9601956311562803,0.45486478550030596,0.0557989488164057,1.3756235418944636,7576.693774834437,0.669023732877213,1.442967121325088,10079.365033112583,0.05720797041065451,3.981280353200883,72.91823399558498,290.6583664459161,19.70233259749816,0.2760681873926907,0.015669330036814005,0.06196435416697953,0.004624303942999996,536.0043622863336,0.6896520591033947,0.1770183898976354,3.9314710441701672,764.7455002111361,3058.437503423846,194.20817094721292,0.33302191989029245,4.786243055609838,79.53355258199785,0.1086040180262995,0.06821192052980132,502.18300118852403,0.11764697409909222,0.45518763115761657,0.04688067043084829,6.2727272727272725,0.5702479338842975,0.6115702479338843,2.727272727272727,10366065.0,41465054.36363637,2595738.0631313133,0.7702020202020201,1.0,0.09090909090909091,0.0952971931627215,0.104292520837714,0.09429771197742053,3.4594316186372938,0.0009713024282560706,9306101.157024793,12.343903890338654,0.010968067574060249,0.052121414953750056,0.00031773586200923703,0.02302839363185205
0,1263,27,0.8467413716463088,37.1818648245607,41.96474710992549,809.5999999999997,31.48342322191617,584.1165655689504,0.7214878527284468,810.0000000000001,0.17267945080215824,0.5740744618243635,1.4239438231722144,20290726991.309093,1.0272337002614362,0.45859236703516215,2.996580764745626,1.8282290421033232,0.2657172996971642,1.0050443545756775,1.0206165633245516,-0.11422974897183427,1.9424587910751574,0.18662162768711624,1001.0050996110673,-0.37207189881814656,811629079.6523639,0.4983228215211096,0.1106240566171461,6.589594127459684,1.206056852238783,-0.1579817496282332,0.9765151074701702,0.05082381242959584,0.9010678056274253,0.05082381242959584,0.28856511175163957,0.048152847398434326,0.9745880937852021,0.9745880937852021,0.9949176187570405,0.987294046892601,-0.7151857723405091,0.8773024908697509,0.05082381242959584,2.521541316900537,0.4508196218827928,1.3221512866145337,0.9025966120102767,0.5008511979936847,5.043082633801074,1.2713274741849383,0.2568347299749415,2.479084555817835,10669.573530864198,0.5268925200426764,1.8969415247675658,10091.03713580247,0.25631363267794544,6.629382716049383,69.05274074074075,457.9139259259259,12.325181069958846,0.17926611796982167,0.017089548608194994,0.11338091573895219,0.0030873390417107756,1003.9534287532359,0.49248145144204913,0.2698684505316479,6.619269986513444,231.0033702462885,1569.4793612009385,39.929531214688836,0.1839985119130413,5.4452109013903165,160.45480386369456,0.0790841629450539,0.10064197530864197,115.56891888735791,0.11506443239985108,0.7780206156186361,0.021311091309625437,9.583333333333334,0.3993055555555556,0.4722222222222222,5.916666666666667,6583602.25,46459925.708333336,1086915.5983796297,0.2800925925925926,1.0833333333333333,0.04513888888888889,0.006825206988081475,0.052921020037417964,0.0014933925277100244,4.584962500721149,0.0011851851851851852,5871688.1875,77.40379391515374,0.0020436762443551064,0.19233151840814022,0.004233409162042213,0.007164239549395419
0,1263,29,0.8812359891555751,23.084049078891624,25.156311335328954,296.84000000000003,20.342494823752904,303.2381817717946,1.021554311318537,297.00000000000006,0.2014105704677799,1.7658086736756498,2.491887188918635,7456998235.027105,0.906709436866564,0.4414204184010311,2.17896438097564,2.8602599528978176,0.23674189671666984,2.1524081007456215,2.179058470326516,1.447139316818269,1.4131206360795487,0.1806125853628983,1002.1524467879012,-0.17257999006502392,298279929.40108424,0.5632577718826877,0.077540853746045,3.006553517919948,1.131246368373167,-0.5733969298759194,0.8366791238670682,0.040072313206957776,0.908603415630571,0.040072313206957776,0.24156798990476944,0.03840986018775077,0.9799638433965211,0.9799638433965211,0.9919855373586085,0.9866425622643473,-0.7386932216298168,0.8592462304149169,0.040072313206957776,1.6755298915078092,0.5232144212752362,1.1467658541492454,0.9086034156305711,0.6554937349043303,3.3510597830156184,1.106693540942288,0.2191878592685065,2.425008162480636,3731.4245117845117,0.5025487557958939,2.1067079504358963,4182.188956228956,0.2183711140586561,3.0335353535353535,67.82693602693602,207.12350168350167,33.00279461279461,0.4916161616161616,0.018004486495932705,0.053060941764160464,0.009240372678875767,446.29515642665586,0.5378195062873794,0.23109024685631027,2.911311877947395,187.7303713888126,600.337255644799,84.57865032481604,0.5221720305131512,4.9999676699806015,75.90378261555966,0.09255834668761179,0.11164983164983165,92.31523350107491,0.13074084699254723,0.3386906316842835,0.07875340081961316,15.454545454545455,0.7024793388429752,0.1487603305785124,1.5454545454545454,1214651.9545454546,4577859.363636363,373850.1022727273,0.8636363636363636,1.0909090909090908,0.049586776859504134,0.05293087374317755,0.061941822033611184,0.05067813667056917,4.3685225277282,0.002962962962962963,1100745.7045454546,71.29223925561882,0.006785821189714458,0.03969457223077873,0.008702843408225731,0.0067587682949397775
0,1263,29,0.8065228665744498,32.89528033167277,34.72232711095268,613.8599999999997,26.53079578987084,440.20874452026254,0.7171158643994767,614.0000000000001,0.19951747236082848,0.8818243368527605,1.8020749086695098,15391888142.55481,0.7680915357724563,0.43413775640410024,3.237386192479178,2.297961687108221,0.2738852012807729,1.3634423274423209,1.3788079358548662,0.13303795347756558,2.1649237336306553,0.18232847695215978,1001.3635050379116,-0.4013291965006583,615675525.7021925,0.7073288247090156,0.12559194673178173,3.6835671464457835,1.8847989778075096,-0.47157377456275207,0.5990227066164607,0.02819826998214329,0.9100534936818284,0.02819826998214329,0.18462500376483032,0.02737859008678703,0.9859008650089283,0.9859008650089283,0.9971801730017856,0.9929504325044641,-0.7602981705701944,0.8289494026906754,0.02819826998214329,1.881717473300402,0.6832236295858478,0.9486649177266845,0.9189066393410077,0.8151044767736817,3.763434946600804,0.9204666477445419,0.156805244149651,1.9504120111141539,9470.477785016286,0.6169692368088786,1.6241120606054174,10857.497459283388,0.15773546668930175,3.691400651465798,71.6314006514658,265.24944625407164,24.92743213897937,0.35603148751357216,0.016226931069206547,0.05921954544092942,0.006114674404851952,669.7254679967947,0.5492317805352711,0.2703892576828747,3.6013846859480156,568.0883736091578,2195.519144812364,164.36815447044847,0.4197725138774928,5.33804221099042,109.74494265505946,0.09225726383352845,0.07912052117263843,377.0604356103195,0.12438544732227828,0.4403079051942537,0.05710190929293714,9.08695652173913,0.3950850661625709,0.5746691871455576,3.3043478260869565,6880999.391304348,27315815.86956522,1775105.368357488,0.6171497584541062,1.2608695652173914,0.054820415879017016,0.054143680355767235,0.07058048270541128,0.050533911243788567,4.523561956057006,0.0014983713355048859,6435588.238185256,32.27171660453008,0.004910276855716484,0.09146286219763013,0.0014820658404208701,0.011632345807793609
0,1263,29,0.8405650472122127,26.920849113191032,28.97999309868793,354.5200000000003,22.628724805822277,457.84894654561634,1.2914615439061716,355.00000000000006,0.14578172440814693,1.0455166286999953,1.8413056540606019,8901500834.250704,0.5864318160378369,0.3708985466225099,4.920240111955826,2.2061061657162835,0.25279008995415947,1.4918352274421078,1.5571712593685747,-0.02470239348725589,2.230808559203539,0.16024308535562803,1001.491891875834,-1.1972918889167803,356060033.3700282,0.799382205118032,0.11346580700487786,8.730721739669761,1.3519290832123705,-0.33697684229866876,0.38570158751599853,0.026349950997499323,0.8717285696761158,0.026349950997499323,0.17510288621994297,0.02563399008332042,0.9868250245012503,0.9868250245012503,0.9984500028825001,0.9947300098005001,-0.7077639271720013,0.7434228372278686,0.026349950997499323,2.939537655327029,0.7824988677630227,0.7357398975992182,0.9007236818502842,0.8811204197975429,5.879075310654058,0.7093899466017198,0.10301288462837446,2.012786226413612,4493.643154929578,0.5063259892878397,2.2403316675262843,7094.517070422536,0.10711715929379093,8.732507042253522,67.14309859154929,587.2226478873239,8.085906885758998,0.12215884194053207,0.018410496027310246,0.1608716868583636,0.002342428854554921,659.8117098001687,0.6277552322104281,0.2227008934453561,8.668814562296362,251.03555577601975,2237.8312105282266,28.65325841885202,0.13124967198097154,4.400416766744142,150.88809906499893,0.14942635060086246,0.11797183098591549,160.31028617836756,0.15481210698848835,1.3766709668890535,0.021664556415494283,7.5,0.3125,0.8333333333333334,9.833333333333334,2569910.4583333335,23082439.125,286890.7149884259,0.17042824074074073,1.6666666666666667,0.06944444444444445,0.04569695557794396,0.2700984100662786,0.0163309912253124,4.386842188131005,0.002704225352112676,2433164.581597222,6.964308382436606,0.00888188312106136,0.1836185588765546,0.0004816272936026973,0.051723664714247324
0,1263,31,0.7959433633064118,20.430924761907924,21.341040274550817,219.78000000000026,16.261858970453243,206.15878784786602,0.9380234227312121,220.00000000000006,0.2549160407076742,1.7249707637337448,2.610528446475815,5524306252.689212,0.8481664865714289,0.501846692343711,2.515914731845205,2.92853428162884,0.27870955821737425,2.207166874661477,2.2491698636573556,1.2090659478733794,1.7194683337554608,0.2064884090951478,1002.2072234177749,-0.40316473606530606,220972250.1075685,0.6014956033057852,0.11333583027437054,3.141727899980918,1.2035954041877943,-0.6656165038970228,0.7749218760828078,0.032609382970559736,0.9192898182803141,0.032609382970559736,0.20646625678661212,0.031508112095656855,0.9836953085147202,0.9836953085147202,0.993478123405888,0.9891302056764801,-0.76506236438606,0.8542575492686209,0.032609382970559736,1.7193441971553993,0.5647262583776593,1.0575812550920625,0.9192898182803142,0.7030395056701194,3.4386883943107986,1.0249718721215033,0.2018828147633419,2.2214057548772814,3021.301090909091,0.5493274710743802,1.9230963305785123,3308.2258181818183,0.19925219834710745,3.175818181818182,69.33018181818181,220.48163636363637,31.54231818181818,0.45604545454545453,0.017361461525687714,0.05384206123021599,0.008241311599555646,320.5826934909953,0.5885421830626882,0.2057289084686559,3.128240246671248,235.56567741237706,766.2867182492491,102.885417203159,0.46793993833218805,4.859340674277717,52.66694388046045,0.10222190873320205,0.09872727272727272,113.03224768725079,0.12030907923088217,0.333607515499439,0.06698447016374291,7.222222222222222,0.8024691358024691,0.09876543209876544,1.3333333333333333,1920403.111111111,7224443.444444444,594393.0277777778,0.9166666666666666,1.2222222222222223,0.13580246913580246,0.17402828449581134,0.17402830544420242,0.1740282792587136,2.947702779220087,0.0016363636363636363,1546946.3209876542,37.39016287820216,0.011372932874675584,0.031973842424242435,0.0064153169922364145,0.01129411764705882
0,1263,31,0.6799021376360153,32.280450938116154,35.338930374305335,419.66000000000025,21.947547596679684,461.0371716450071,1.0985968918767737,420.00000000000006,0.15751349858557795,0.6632754065143794,1.8522142461348177,10527641480.142601,0.981799517611192,0.6676120249971544,2.401185896434942,2.379502724102195,0.3697244602755945,1.315296636576106,1.3799447815170987,0.1693662685745159,2.210136455527679,0.2733877805488203,1001.3153958260818,-0.3935055778935295,421105659.2057041,0.5853248616780046,0.19863994841014992,3.3886540919763437,2.3390504482106227,-0.4525791957436226,0.8758866146714779,0.035202104742283455,0.9227147431627181,0.035202104742283455,0.2186629562818717,0.03390954060690483,0.9823989476288583,0.9823989476288583,0.9964797895257717,0.9911994738144291,-0.7715413486885125,0.8828978529408014,0.035202104742283455,1.7828295114265853,0.5554841706758384,1.2060280087624617,0.92596937319037,0.7074618489877145,3.5656590228531706,1.170825904020179,0.22777217985344028,2.471404078435465,5296.639238095238,0.5044418321995465,2.1064568163265305,6145.911047619047,0.22809160997732428,3.3897142857142857,67.72571428571429,231.57257142857142,28.66907936507937,0.43336507936507934,0.01788978557031278,0.059894125724363825,0.008019473246529654,605.8636640562969,0.5120373122438557,0.28344260738439025,3.243012998012265,236.65534129459772,854.8435530912316,84.67411247863592,0.48487268187319144,4.976216954958676,133.26994451288607,0.11742559078621531,0.11242857142857142,140.8485611124027,0.13415385600243285,0.42774884705256294,0.06572596868683138,7.6,0.38,0.49,4.1,2402418.7,9004713.0,754158.7361111111,0.44722222222222224,1.1,0.055,0.06318329249531275,0.25633830563852467,0.01718175901045439,4.3219280948873555,0.0019047619047619048,2126793.7,31.26825982228169,0.005869464186569875,0.117678132217352,0.0026382079006175394,0.015545796737766631
0,1263,31,0.7039731300891748,25.74157707147789,27.78560778532656,314.80000000000064,18.121378584440027,260.9872149726093,0.829057226723662,315.00000000000006,0.24099224134778674,0.787298541836142,1.71682127440539,7895653492.296092,0.7116543771001542,0.44198805505730343,4.296334226707738,2.0208912873012506,0.2911253386885411,1.3104026146598577,1.3948894896677573,-0.12705115775188006,2.147942445053131,0.19077182539289644,1001.3104741729173,-1.136508114411224,315826139.69184375,0.7056876875787353,0.14330406036943522,8.105168674735786,1.650917911176309,-0.7906115883269038,0.5931072098273055,0.027769858893075525,0.9105932028802892,0.027769858893075525,0.1820838745894636,0.026960426880898242,0.9861150705534623,0.9861150705534623,0.9983664788886426,0.994446028221385,-0.7535033705688988,0.8107451414871377,0.027769858893075525,2.8220264982057963,0.6790720671824886,0.8876461781394682,0.9148705883734816,0.8079080621449352,5.644052996411593,0.8598763192463936,0.15521926718009527,1.9309338576532862,4701.542730158731,0.5970212990677752,1.758584292265054,5557.29053968254,0.1550780791131267,8.12431746031746,70.75085714285714,578.8440634920635,9.55897971781305,0.1375758377425044,0.016554139801717275,0.13282725105680132,0.0023594543504987728,405.0273119033872,0.5902284202635142,0.23704692269849825,7.714450805344739,388.62165896724827,3354.8900954555593,47.245062321682596,0.15552344241047475,5.031003069920181,63.75346265814863,0.09661214076165323,0.08673015873015873,227.83075231160598,0.1197129722777046,0.9383541150992556,0.01965507982324741,4.5,0.375,0.5763888888888888,6.416666666666667,3227554.5833333335,28764116.916666668,366532.1973379629,0.2505787037037037,1.0,0.08333333333333333,0.010234724895852781,0.09130742468179019,0.0013283520781583076,3.584962500721152,0.0015238095238095239,2796890.520833333,6.772675176690681,0.00955259215133295,0.1879404739132242,0.0007180244001627885,0.055195391290467695
0,1263,33,0.9545760971813325,21.901696686938894,24.084019598065435,278.7800000000003,20.90683614506745,313.3553390593194,1.1240237429489888,279.00000000000006,0.18888550870322895,1.4135357354298266,2.2086782422200284,7000393638.828894,1.0703529427787095,0.4220436274666737,3.8317872586470982,2.4884915962419245,0.25517151899507307,1.8186254851964192,1.836232599455199,0.6321185978826317,1.856372998359293,0.17589579257874044,1001.8186787363641,-0.7771074591086317,280015745.5531558,0.5285715651135007,0.10669602601578362,5.56331606413764,2.2555309676389252,0.2893796322735198,0.9977214237185223,0.043097961946041104,0.9171433654754382,0.043097961946041104,0.2551690047234618,0.04117587410998641,0.9784510190269795,0.9784510190269795,0.9956902038053959,0.9892255095134896,-0.7524898938234688,0.8930407586307468,0.043097961946041104,2.307518672328206,0.48769665027963904,1.3266540803943645,0.9177721533617231,0.6236606632291428,4.615037344656412,1.283556118448324,0.26020484641614083,2.6345546408258502,3328.2702508960574,0.47717136213563544,2.241942421089143,3686.786666666667,0.2619467684125333,5.523297491039426,66.69003584229391,372.43082437275984,14.6073675826364,0.2258462763839108,0.01847046909697106,0.09945477725671445,0.004452919190708276,431.4757803201942,0.5080094435093999,0.301907706553878,5.225752677558218,173.46707387835153,951.6841643846487,37.00433134256144,0.2596012608792032,4.947736815008318,93.34902849020229,0.11246589375876664,0.12150537634408601,92.51899239022677,0.14364978013328009,0.6849334233239431,0.044658032072655535,5.375,0.3359375,0.625,4.625,1203207.0625,6080753.0625,266072.71527777775,0.4409722222222222,1.125,0.0703125,0.00743285383238072,0.021742600284146422,0.004440828981165888,3.8749999999999947,0.0022939068100358423,1013165.55859375,27.445434613409518,0.007137177837093055,0.15117167554646377,0.003742320233823366,0.020369744487970746
0,1263,33,0.7306896913231007,33.01230255279084,35.338930374305335,549.6999999999991,24.121749162163553,462.45138520738027,0.8412795801480462,550.0000000000001,0.17972219571295595,0.46706231642354495,1.7883355032843304,13783064733.630238,1.028028391141119,0.7271874436095375,2.427391270260417,2.0861025386172782,0.4078072882328786,1.2015118069595383,1.2996272775923963,-0.1985490129969714,2.2846515516142496,0.3014108695838813,1001.2016319904702,-0.5193462686131133,551322589.3452096,0.545594403966942,0.240655839456262,7.429598740242678,2.234430173575033,-0.6451903576590128,0.9633503108735378,0.03300573165085348,0.9337356601084594,0.03300573165085348,0.2084685000934681,0.031882704921569575,0.9834971341745733,0.9834971341745733,0.9980584863734793,0.9933988536698293,-0.7904577294546274,0.8956499840021213,0.03300573165085348,2.6827248079744526,0.517229930384657,1.2412719111149286,0.9424707434754918,0.6521563872849955,5.365449615948905,1.2082661794640759,0.24908901063109784,2.3507976790670737,7771.348218181818,0.565188961322314,1.8024806823140498,7501.923054545455,0.2501188178512397,7.439927272727273,70.07694545454545,522.7600727272727,11.0495398989899,0.1601873737373737,0.01686088327721661,0.12415403817082389,0.0028441555630155163,610.9132969075356,0.48076237571352887,0.3382615387258696,7.3007290847625805,337.8728840774942,2564.5554420492304,51.10450233550553,0.17785615504153246,5.4003798468562785,117.21212383733626,0.0951690629024328,0.09214545454545456,197.9001819932553,0.12141817493320448,0.8391777155358288,0.026594172145399376,5.909090909090909,0.26859504132231404,1.0165289256198347,8.454545454545455,3766395.5454545454,30251419.863636363,519984.1518308081,0.2569444444444444,1.1818181818181819,0.05371900826446281,0.10300415674615283,0.677362766469418,0.022381716753935507,4.459431618637291,0.0016,3375770.545454546,15.050659426891475,0.005048581622367712,0.21161842208442483,0.0013611408319974046,0.02731660037233462
0,1263,33,0.7698415096757403,25.726613645829122,27.68104044287353,315.4200000000002,19.80541508794959,371.3719912834523,1.1773888506862344,316.00000000000006,0.16952759438566814,0.5347648537546082,1.5398462274315718,7917238173.555958,0.9796847376054176,0.4911194055227117,3.1812641665984804,1.970932894846205,0.3050146326561469,1.0903533549931794,1.1380512622837071,-0.12185960043103324,2.092792495277238,0.2063310380058243,1001.0904291249439,-0.5962972395204016,316689526.9422384,0.5414934786091973,0.15170513922245463,7.210715952328166,1.6632673760853713,-0.660960664918078,0.9225424719627372,0.04395867477530385,0.909036123465006,0.04395867477530385,0.25905937055764594,0.04196406375260294,0.9780206626123481,0.9780206626123481,0.9956041325224696,0.989010331306174,-0.7334742083141799,0.8725602525557808,0.04395867477530385,2.6440631192673663,0.5012256840646098,1.2395700399333918,0.9114658020307246,0.6300094389488881,5.2881262385347325,1.1956113651580886,0.24162528668451028,2.574742300241222,3733.014430379747,0.47253347219996794,2.335944175612883,4277.798481012658,0.24212119852587727,7.2384810126582275,66.29949367088608,483.9686075949367,10.672088607594937,0.16443037974683544,0.018728586757018793,0.13255179944809617,0.0032780541028856196,500.01504037318875,0.5042902731425678,0.28435835951956,6.935018932980966,174.90613743434906,1330.367495621238,26.350003970892615,0.1820194639469982,4.879912661679517,112.79069803693329,0.11524381418491282,0.12528481012658227,99.00901710061156,0.16464935617646173,1.0734743784443215,0.034939037967317274,7.857142857142857,0.3741496598639456,0.5034013605442177,5.095238095238095,906442.6666666666,6783465.142857143,138945.24867724866,0.34656084656084657,1.0952380952380953,0.05215419501133787,0.024344548428851816,0.08414078706802007,0.016330055039193686,4.297079327540659,0.002658227848101266,764923.3922902495,20.769484843703584,0.006177977476524107,0.16330628927041344,0.003514345170144465,0.023108545286147208
0,1263,35,0.7995234387578932,27.941927520371298,29.066131493544166,426.8200000000007,22.340225976611073,316.8867099092175,0.7424364132637107,427.00000000000006,0.23111242115412514,1.4022674332658618,2.1680628451228583,10713820757.162289,0.8327770241472169,0.3703051811943867,2.916140856485285,2.5519181588631863,0.23294193841224073,1.8166087877680244,1.850163227034403,0.923897450027165,1.6280207088360212,0.1571814313011561,1001.8166523303538,-0.35796852833925874,428552830.28649163,0.6165691689199195,0.08724337323561007,5.271920709430974,1.2543753496339876,0.6915164579949362,0.7392971526668413,0.03153801750463073,0.9181897378141719,0.03153801750463073,0.20128590733522805,0.030510927950722112,0.9842309912476845,0.9842309912476845,0.9968461982495369,0.9921154956238423,-0.7636525343071857,0.8481443080207284,0.03153801750463073,2.2572062426158372,0.5855746211112828,1.0300080950638018,0.9200574407179867,0.725366243527744,4.5144124852316745,0.9984700775591717,0.192708792542868,2.089260869424012,6363.247868852459,0.596088793335125,1.7144192399453733,6581.87587822014,0.1924380652556642,5.282903981264637,71.06313817330211,372.0862763466042,15.337200104085351,0.21498829039812647,0.01674450927651831,0.0906785059031853,0.003589156625029904,493.80827592541686,0.5488156780922564,0.2325833507227994,5.630146762136886,394.57671468327277,1922.5056840673155,89.09974677156006,0.209413654445108,5.309854523445653,73.60410862907555,0.08348234235096273,0.08405152224824355,226.12524123726587,0.1281262446489595,0.715397070914575,0.029309400065714898,9.235294117647058,0.5432525951557093,0.47750865051903113,7.176470588235294,3991064.411764706,17656243.588235293,950768.7679738562,0.24019607843137253,1.4705882352941178,0.08650519031141868,0.2070795401128971,1.800046655265714,0.029935045441939766,3.8077635764171895,0.0015925058548009368,3596754.2906574393,28.099733778539832,0.005999634200957921,0.12253256228115622,0.002007168865976358,0.01661084709863182
0,1263,35,0.807152929151732,37.74688222286679,40.90036674652197,821.8199999999999,30.467506552532367,499.8655987697508,0.6082421926574565,822.0000000000001,0.20330124389323656,0.6329893313787621,1.9730119668040778,20607641832.756508,1.1144626359021803,0.7211480971576634,2.6297897841057045,2.2960330089698004,0.4076295613623413,1.4013723186561236,1.4674822945269794,-0.08050032618790963,2.3765333351577103,0.30002107035639974,1001.401495587699,-0.6411254917095579,824305673.3102605,0.5613854428993434,0.24688359235825003,8.454315091921693,3.9923669326700315,-0.3204619962610928,1.0624269078961852,0.040869229427598894,0.9259655999186474,0.040869229427598894,0.2453594950576591,0.03915065470668637,0.9795653852862006,0.9795653852862006,0.9975959276807296,0.9918261541144803,-0.7734432889190245,0.9077268955480581,0.040869229427598894,2.863376613508054,0.5242091600857304,1.3792105605252423,0.9489057623506699,0.6926408661176576,5.726753227016109,1.3383413310976442,0.2758240343309461,2.393095842322137,12034.14686131387,0.5856032535919158,1.6496014491981459,11536.47085158151,0.2718487340235968,8.472895377128953,71.07620437956204,596.7723600973236,9.84197012706137,0.1381596377399297,0.016332826209694475,0.14051000445055015,0.0022572119156698905,831.8045305125221,0.4826818093240241,0.3654369087195767,9.036224710774446,381.88466595006867,3104.910897340805,53.06333695359483,0.13613976295866323,5.757013403798558,126.20164505149916,0.07392200567522308,0.08346715328467154,214.69392284547249,0.104830043730277,0.9612083605554005,0.014594656337489874,12.294117647058824,0.3615916955017301,0.8105536332179931,11.088235294117647,5920138.647058823,51002120.5882353,722386.2030228758,0.14562908496732027,1.1764705882352942,0.03460207612456748,0.04082308220843858,0.3223841490756351,0.0059257597684296,4.9698157824268,0.0016545012165450122,5554825.065743944,26.284855481448005,0.0029024629192278433,0.27124040110348807,0.0018255640412759054,0.015982135949424596
0,1263,37,0.787241368390821,42.014283766846404,45.810915729769036,1037.7399999999989,33.075382244572424,467.740115370159,0.45072958098382976,1038.0000000000002,0.24414317723764148,1.3112369183928916,1.995231995730356,26036112535.59086,0.6506930886901328,0.3611741163561635,3.9611699764572164,2.3211618262732343,0.21981755856391422,1.6577870572078832,1.6753139210539638,0.3166020496330586,2.0045597766401757,0.15022979996786284,1001.6578268761392,-0.7751998575218895,1041444501.4236345,0.7729127913840533,0.07976988689674297,4.380450898139554,1.6534979620003967,0.2954294486032357,0.46883477060304124,0.028469635290293466,0.8855833624538758,0.028469635290293466,0.18604442331631235,0.0276358246951473,0.9857651823548532,0.9857651823548532,0.9971530364709706,0.9928825911774267,-0.726447693626372,0.783796440808247,0.028469635290293466,2.066484601803581,0.7430383164248817,0.8364427302873642,0.8961839211307759,0.857017873784478,4.132969203607162,0.8079730949970713,0.12432610147333369,1.6536574069781944,17689.556608863197,0.6816784820371175,1.2618369905071634,20057.086936416184,0.1225667501976901,4.379036608863198,73.78789980732178,320.9412716763006,19.07294583600942,0.2606144294583601,0.015152072456043005,0.06747499598890438,0.0040102693819525324,919.37270007043,0.5821623915097776,0.25264221737324144,4.698348897501986,906.0945210216527,3728.0437781386186,227.64542187172458,0.2826361014951867,5.721624376832763,110.75496865660745,0.07134406794661735,0.060472061657032755,585.5291804910289,0.08940581452102087,0.4199753783153628,0.026160696291011462,11.173913043478262,0.48582230623818523,0.5973534971644612,6.739130434782608,22344096.173913043,89898223.30434783,5580226.178743961,0.2898550724637681,1.0869565217391304,0.04725897920604915,0.06679233441858635,0.5432542206292774,0.009134117054573477,4.523561956057006,0.0008863198458574181,21071123.584120985,50.662431019836546,0.002877024157119039,0.09021676974207622,0.0011436770672673257,0.006551704522391141
0,1263,37,0.8500789292895564,44.4890644580135,48.47927392195555,1254.5800000000013,37.819216279562184,554.9366665816236,0.4423286411242193,1255.0000000000002,0.22626151506482778,0.9844022437143904,1.8103704593490577,31465019023.146873,0.5468180864082334,0.4119578425009067,3.941657920101279,2.188360407650934,0.2574276756892493,1.4334835600529687,1.47838589745658,-0.0015829654989890649,2.1899433731499234,0.17422651076584314,1001.4335385894825,-0.9132791915381117,1258600760.9258752,0.7987109030015396,0.1102166297648633,8.528591159899115,1.165061680251768,-0.4965202623147026,0.3851488703731948,0.020049091117190176,0.9009646708693957,0.020049091117190176,0.1412464154731875,0.01963457465286994,0.9899754544414049,0.9899754544414049,0.9988206416989888,0.995990181776562,-0.7541713812388702,0.746462692087488,0.020049091117190176,2.904705741890132,0.783018499640306,0.673644630924376,0.9099554591564358,0.8797259644817541,5.809411483780264,0.6535955398071869,0.10129949037259624,1.407733881842702,22958.674454183267,0.7317505802130125,1.1441737633370899,25059.554581673307,0.10302563984698655,8.524398406374502,74.86753784860558,642.1076972111554,9.257520141655599,0.1254032757857459,0.014906321506616516,0.1246446618665173,0.0019677901675749904,912.8263827384899,0.5603304860714019,0.24735227130901888,7.8689784845171635,1627.6692966069186,14482.070218185909,185.61868287270107,0.14763555267088688,5.55951532576717,135.85817709415636,0.08589202851339861,0.051721115537848604,1184.7382605426794,0.11524266676819449,0.8685374032065363,0.018704436773171792,15.833333333333334,0.4398148148148148,0.6388888888888888,6.888888888888889,21386034.972222224,192116668.0277778,2386208.6315586423,0.21257716049382716,1.4444444444444444,0.040123456790123455,0.11672949918409459,0.41000702101671,0.04957455921532657,4.982289237493316,0.001147410358565737,20626474.304783948,18.770108686664845,0.0032610973473513817,0.1384143516629262,0.0003459792925311151,0.019166706092414717
0,1263,37,0.7873030375655906,23.09751277455796,24.08817137102773,235.87999999999982,18.184741967619512,281.6984848098288,1.19424489066402,236.00000000000006,0.19327068261239744,0.5110364895305808,1.6916059941622972,5914459627.8201885,0.8893243368109132,0.6233268703703441,2.6476053055401603,2.0878717250559298,0.3615298995521947,1.2245448444629532,1.3388262763782635,0.011668146480592044,2.076203578575338,0.2588849886087719,1001.2246423137532,-0.7228540338200082,236578385.1128076,0.5936192473427176,0.1951773011431345,3.1639239830957973,1.4000132523437319,-0.632272915670004,0.8098755771322501,0.02628945814367269,0.9371500029720442,0.02628945814367269,0.1743184347659583,0.02555690830911951,0.9868552709281637,0.9868552709281637,0.9973710541856327,0.9934276354640819,-0.8057619764817525,0.8736927508318186,0.02628945814367269,1.7227956136906317,0.5642416659240843,1.0698029890892204,0.9395922312242195,0.7009690135230574,3.445591227381264,1.0435135309455483,0.2090412588189807,2.319502525253437,3035.997966101695,0.5145759264579144,2.042278195920712,3502.353559322034,0.20684501580005746,3.1927118644067796,67.7786440677966,215.89508474576272,30.981925612052727,0.4567184557438794,0.017653519810309562,0.05647492756361805,0.00807885086290218,384.7804124073622,0.5836851042410207,0.21774676252864913,3.2278013316913055,178.49926106322073,574.4942759796536,79.71191716568069,0.45582091924841195,4.703357393300985,69.4499549179123,0.11051126417688366,0.11152542372881356,78.74840925179795,0.10967750775217246,0.3537314645788323,0.05036632084898533,3.25,0.40625,0.4375,3.5,1577664.75,5338929.625,637442.4201388889,0.5138888888888888,1.0,0.125,0.03979485462179877,0.13536875217519706,0.01610683716967537,2.9999999999999973,0.0013559322033898306,1033758.5,13.037635500203889,0.0134555198794229,0.09783408127277837,0.0017707313432224457,0.037519415355442155
0,1263,39,0.6519448122914094,44.749388969753646,48.45864216009359,944.5000000000008,29.17413199204131,539.4052957317219,0.5711014248085987,945.0000000000002,0.20197178662251475,1.4030377029161327,2.091104250831388,23708325040.74242,0.745568831862371,0.4134687964116164,2.1072411661996,2.2886888568527985,0.21709760882159554,1.7619079082740463,1.7833904646750975,1.08423894951786,1.2044499073349386,0.1670613596912114,1001.7619407082359,-0.22291167238156234,948333001.629697,0.6657173772290809,0.06571550560673113,1.6420048159364258,1.256483858348151,0.7248160103305321,0.6565093588706499,0.026218928295412183,0.9232655792846922,0.026218928295412183,0.17442140030151002,0.025509067863340118,0.9868905358522938,0.9868905358522938,0.9947562143409175,0.9912603572348626,-0.7795920667621974,0.8321802747829011,0.026218928295412183,1.2183714266947105,0.6331267885536287,0.9241444026888411,0.9232655792846918,0.7685191091575833,2.436742853389421,0.8979254743934293,0.17068207179151554,1.8216838126430122,15615.77925925926,0.6609853654712914,1.3761126956132248,15727.573037037037,0.16714131138545954,1.6364444444444444,73.06772486772486,119.1489947089947,61.547407407407405,0.8408888888888889,0.01546561654408971,0.025805253892268256,0.012880707207045077,1014.9541070466153,0.6418575608573704,0.1790712195713148,1.702706994548905,729.9313925842246,1041.3593854875257,652.0743943583993,0.8243232513627737,5.316585265678561,126.77530235967365,0.08416063656000607,0.06661375661375661,463.8299842494284,0.10409746133418134,0.1811002346666278,0.08484676800106973,14.130434782608695,0.6143667296786389,0.1928166351606805,3.217391304347826,15870929.173913043,18909357.608695652,15111322.06521739,0.44565217391304346,1.434782608695652,0.062381852551984876,0.08150465206882798,0.32282802587437204,0.021173808617441957,4.262692390839615,0.0009735449735449735,14815842.92627599,416.5099036558388,0.0033019758027369615,0.02563800879034741,0.004278042716307901,0.0033074772610938302
0,1263,39,0.7071586400318991,59.2771431804816,63.91901125643293,1833.1799999999953,41.91834395648553,968.5512985522812,0.5283448971471889,1834.0000000000005,0.15670572372760533,1.1530115130509957,1.9035538112686927,45995446367.92033,0.5280868077901647,0.3151085954711357,3.920758569871397,2.480830642311036,0.22087085665326472,1.5848128381990108,1.640952613301292,0.3079676461855163,2.1728629961255197,0.14077840672925998,1001.5848549997612,-0.9330395128928608,1839817854.7168133,0.8306025056814871,0.08445676250056441,4.020228899861764,1.2472726666474354,-0.09362863198524116,0.3307679877775044,0.022236483038136898,0.8738449707185936,0.022236483038136898,0.1533569885577397,0.021728062277126557,0.9888817584809315,0.9888817584809315,0.9977763516961863,0.9944408792404658,-0.720620494511468,0.7249253906970597,0.022236483038136898,1.9857226998545223,0.8140122417421022,0.6626991397170175,0.8992708742628934,0.9004254165181875,3.9714453997090446,0.6404626566788811,0.08825111770391031,1.4771629410577722,31918.278473282444,0.6961456591773706,1.301668716798531,38083.12488549618,0.09065672163626828,4.017709923664122,73.91585605234461,296.6878080697928,20.633918575063614,0.2859457167090755,0.015331578089655023,0.06171939361774033,0.004664723692442005,1542.2801459989344,0.559272265072394,0.27698191719960197,4.060544223344279,1310.9532819333788,5244.342698711378,333.88619131120646,0.3599645405313908,5.551594265340548,247.7451685871044,0.09350543727799183,0.05982551799345692,980.5435569303031,0.12241939532559105,0.4661027254294722,0.053980787145957686,23.90625,0.37353515625,0.825927734375,5.015625,27003472.3125,107996413.09375,6760296.422743055,0.4822048611111111,2.0,0.03125,0.10037347080959379,0.5433057112289367,0.035003803546070654,5.8124999999999805,0.001395856052344602,26490234.397460938,69.25022964337246,0.0020472840668545023,0.06570497397811813,0.0006768975584284365,0.004426306907240195
0,1263,39,0.8931211597074977,31.684197063584406,35.384177254812634,584.5999999999995,28.2978268258294,523.0454977570744,0.8947066331800801,585.0000000000001,0.16386827022472067,1.1292579745837432,1.8257915388288766,14668416949.005592,0.36542302932328596,0.3709826490665198,2.6484449468572304,2.147602370862332,0.21086597110547103,1.4832056433368719,1.4894105680422514,0.7373825940279582,1.4102197768343738,0.14872557005416728,1001.4832401362924,-0.1585289476644374,586736677.9602238,0.8911000236686392,0.06908823244023149,3.9552272951563516,0.7699610597415231,-0.14120845814772276,0.2132661318642858,0.02088212008441687,0.8219054485036739,0.02088212008441687,0.14574311918489505,0.020428774849770872,0.9895589399577917,0.9895589399577917,0.9979117879915583,0.9947794699788958,-0.6503404361946008,0.6212554340911758,0.02088212008441687,1.9766464707169396,0.8673136385668556,0.5076308509514077,0.835465025026364,0.9304764676269894,3.953292941433879,0.48674873086699144,0.058537062987175675,1.5498537040695188,8769.311931623932,0.5996110722477902,1.6600876920154868,13032.337846153847,0.05647880078895463,3.9634871794871795,70.91548717948717,281.2110769230769,19.36768660968661,0.2778176638176638,0.01623039841894339,0.06408752452231288,0.004712069524091865,938.280481757597,0.7528876221292182,0.13643062183928964,3.9491105834271947,496.6543286043801,1981.4502683296787,126.92321006331545,0.313474825332099,4.56566565747325,141.58833104529958,0.12146915620464654,0.08475213675213676,327.4150593021868,0.10643056346801522,0.40834502413081264,0.037998068715114665,7.315789473684211,0.3850415512465374,0.8310249307479225,4.421052631578948,9999384.368421054,39992507.2631579,2501989.960526316,0.5540935672514621,1.105263157894737,0.05817174515235457,0.03008753355129213,0.09256683933279843,0.017320278699864085,4.247927513443579,0.001299145299145299,9406889.562326869,19.46063804522698,0.006960037262560816,0.0622151458523894,0.00037986610065299345,0.014714415163664802
0,1263,41,0.8936829624961012,56.07755887517309,59.808360619565555,2081.9600000000028,50.11555894511422,957.722871427533,0.460010217020275,2083.0000000000005,0.1688889609111402,1.5109109287468365,2.2287777738258643,52267889662.08301,0.912332259777501,0.35459805431156033,3.4055768397597244,2.6009529636623796,0.21614893376829095,1.850287311429454,1.847951855089036,0.6578772458531643,1.9430757178092153,0.14896770414780378,1001.8503252302012,-0.22889273815778816,2090715586.4833207,0.5859290733641724,0.07597786613239951,5.394987664058987,1.5060162428226178,0.589717609884413,0.8296988847915829,0.030845213531677164,0.9283565310340304,0.030845213531677164,0.1977632073827342,0.02985986297415089,0.9845773932341614,0.9845773932341614,0.9969154786468323,0.9922886966170807,-0.7845947753374497,0.8737910299629775,0.030845213531677164,2.279314008752506,0.5524586408350503,1.1182662112875095,0.9298446796977389,0.6914231574193616,4.558628017505012,1.087420997755833,0.21513602458081502,1.965446519372576,35120.35224195871,0.6744186700328125,1.3429602005490344,30512.25649543927,0.21269553712943565,5.387479596735478,73.48510801728277,395.6302448391743,15.82744972528938,0.2159268149570598,0.015399514062839624,0.08354468651189784,0.0033267084755060766,1848.4966504350255,0.5587046324011932,0.23545878454958302,5.443812831533859,865.971966024875,4640.521817427845,184.49263986791124,0.22089116352552146,5.6843749582842,258.97790552724354,0.08035816350713014,0.06329332693230917,571.0658063891946,0.10897142841510166,0.6302244105422101,0.022697149179368076,37.45070422535211,0.5274747073993256,0.3201745685379885,7.183098591549296,20416131.478873238,91457715.53521127,4832618.6885759,0.18974960876369326,2.0422535211267605,0.02876413410037691,0.05720517112836362,0.42792201551813597,0.008800954469182267,5.66714623913156,0.0013634181469035045,19878181.543344572,136.63441951398022,0.001291376448460335,0.11606281926317248,0.002164830149823803,0.0036031853451505376
0,1263,41,0.9055449702113034,58.69056816333398,64.13298683205079,2362.4600000000055,53.14694879915074,823.3380951166594,0.3485087980819389,2363.0000000000005,0.20927095380007424,1.2950889364937126,1.872444972928994,59264858755.5175,0.4037791775820701,0.25746490274093836,7.068549571353587,2.2551432981401205,0.18706397139094627,1.6056058710910022,1.6468880709040254,0.1826861330390519,2.072457165101069,0.11107576141035701,1001.605640755898,-1.4983444135170758,2370594350.2207007,0.8793112491580508,0.0698816377578917,4.036289264388567,0.9127399394045799,-0.039573742772646255,0.23913553685236505,0.0141581095433819,0.888204607227872,0.0141581095433819,0.1068836080639089,0.01395068109005675,0.992920945228309,0.992920945228309,0.9985841890456617,0.9964604726141544,-0.7565176898413861,0.6757879441994443,0.0141581095433819,1.995004982421063,0.8657629274819486,0.5019413859513623,0.9100673235528447,0.9295725557523031,3.990009964842126,0.4877832764079809,0.06332341159893674,1.0909379829753807,46870.1720694033,0.793401135326336,0.9009972858117877,51945.31204401185,0.0633406157024046,4.045687685146,76.34804909013965,307.3894033008887,20.591020830394505,0.2713236469647811,0.014259348508921289,0.05835276465768829,0.0039463100246611964,1478.6464886216243,0.6340521800345211,0.21798023327732985,4.382319642714677,3073.9137705076837,12282.315062162594,780.6699578889156,0.2990854856511093,5.674923031787718,187.33879556309398,0.08368600452641341,0.03924672027084215,2294.827729030951,0.11593774750750141,0.5286777479752682,0.03599007403471234,17.85,0.44625,0.8374999999999999,5.9,76168300.075,304615718.325,19065722.04027778,0.4138888888888889,1.4,0.035,0.08015046398629623,0.2412049697106607,0.041421710009037646,5.103055907333264,0.0006771053745239103,73987140.309375,56.28106617582615,0.002414925451644767,0.042667135772228956,0.0003042693091398141,0.005145045296497964
0,1263,41,0.7268888982996025,36.967977929006565,39.29172940963531,661.5600000000009,26.871612749179604,499.51412690717456,0.7550549109788589,662.0000000000001,0.18253316159332653,1.399328430145779,1.8320455351277742,16604299512.025545,0.07112525841759523,0.20735874138164134,4.157140258801958,2.089385522146376,0.132940158664911,1.639110349267149,1.6647237555311007,0.895049947051664,1.194335575094712,0.08845227758197584,1001.639125275421,-0.8539094565626039,664171980.4810219,0.9850994934328822,0.029901238857548678,4.009499036579678,0.08596541307957542,0.004919791366187103,0.025080577088011834,0.004777252132071354,0.6798245451672482,0.004777252132071354,0.0435907849920734,0.00475369180332108,0.9976113739339643,0.9976113739339643,0.9995222747867928,0.9988056869669821,-0.5333138627042534,0.26920109252851027,0.004777252132071354,2.001105488826171,0.9804080929996574,0.10386061449262757,0.720210241819137,0.9901456665929351,4.002210977652342,0.09908336236055687,0.0074644573050207975,0.9668101087751573,11715.00084592145,0.7078550360073383,1.265778647511432,16303.3966163142,0.0074920820364910885,4.009909365558912,73.90972809667674,296.07093655589125,18.55868412218865,0.2520208123531386,0.015067090380966083,0.060617421192489536,0.0038557369578567577,900.5658938197428,0.9104887976733962,0.04638006153281629,4.056385011184554,1201.019096228105,4804.68876945764,300.4144588322446,0.2630681750514997,3.9381417842189292,132.5991629100217,0.1503484994187318,0.059607250755287,847.0791650204785,0.10659023135255034,0.4333802317117422,0.03271345173225476,3.6666666666666665,0.4074074074074074,0.6666666666666666,6.111111111111111,29830357.111111112,119321587.1111111,7457724.796296297,0.3395061728395061,1.0,0.1111111111111111,0.01887980099171523,0.16595642009077774,0.0025104133268908776,3.169925001442309,0.0005438066465256798,26448844.765432097,4.861797530111299,0.02594976939984376,0.01419374044653223,1.1819080070657896e-05,0.05164321331349449
0,1263,43,0.8367886230254079,66.1358346008073,73.32148389114886,2769.4599999999937,55.34171396824567,914.0660171780341,0.33005207411482246,2770.0000000000005,0.20409149984256017,1.152145734558722,2.1394193849950747,69476779222.69353,0.938237600439082,0.5181398282278824,2.979633204110852,2.560416637090116,0.30510878058759705,1.6359839967686176,1.6390457323321592,0.04370836290903167,2.516708274181084,0.21499595817688932,1001.6360567688251,-0.17782287662192467,2779071168.9077415,0.6328511089157947,0.14578222611705874,4.761266166167319,2.7369948293943365,0.3878818864415493,0.8269325133333552,0.024635642380446774,0.9421976775364453,0.024635642380446774,0.1659252768402485,0.02400314409490596,0.9876821788097767,0.9876821788097767,0.9975364357619554,0.9938410894048884,-0.822654323722002,0.8889824397957617,0.024635642380446774,2.1355775144379026,0.605396938575317,1.118941111730921,0.9568751585039662,0.7564082492038434,4.271155028875805,1.0943054693504748,0.2128920389284505,1.794936753665697,51154.199797833935,0.7386888057448944,1.0256828882951687,43824.93929241877,0.20880229191049016,4.757675090252707,75.24620938628159,360.26421660649817,19.23629643000401,0.2601640593662254,0.01448283926058724,0.06807490768255423,0.003907572828510407,1918.8064437427056,0.5734380590634431,0.26655773718058695,4.36841961187147,1443.435489368484,7120.78950497257,333.12195924905086,0.3204273830035936,6.12518679340635,200.86344938986693,0.0618534504026076,0.04810830324909747,927.196682251159,0.07955700928892462,0.3417493194688604,0.026851499573114678,16.6,0.415,0.7875000000000001,3.85,73871799.0,310289702.575,18082106.911805555,0.6208333333333333,1.5,0.0375,0.00896999968204486,0.04602155977175139,0.0041653690850464225,5.12192809488735,0.0005776173285198556,70874572.4375,124.479152604413,0.0013386416572301737,0.07059578326859099,0.0016840585056339275,0.003198098575747792
0,1263,43,0.8626511680211644,73.90349938050187,79.04327928419976,3619.4199999999882,63.75294006144133,1001.011601590325,0.2765668536921187,3620.000000000001,0.21305185114980277,1.0339855615180154,1.8178278929826819,90765368638.78094,0.5901440013641166,0.3852861517430044,3.688957847519599,2.3335576590678713,0.2450578533452569,1.4650017545919525,1.512326678681224,0.1788952128573124,2.154662446210559,0.16254588512955448,1001.4650518876211,-0.6944247030311493,3630614745.5512385,0.7976190839107474,0.1004129509705456,3.856486950173933,1.4491772265163034,-0.31330873795894326,0.4094227670630681,0.01934009187725039,0.9097561740704282,0.01934009187725039,0.13718687996231285,0.01895254364610624,0.9903299540613748,0.9903299540613748,0.9980659908122749,0.9951649770306874,-0.7754504546013552,0.7731456158295515,0.01934009187725039,1.9388053591577064,0.7802157024461659,0.7198870352653004,0.9136078407762258,0.8793943945796417,3.8776107183154127,0.7005469433880507,0.10719071473507963,1.3047702943171344,71239.37124861879,0.7871753729129147,0.8924593212661396,72184.52709392265,0.10770669649888587,3.8671491712707184,76.3496132596685,295.57439779005523,23.345442909760585,0.31119306322897483,0.014274711470735215,0.055082134291101335,0.0046569881689176125,1882.3814426207814,0.5288658863325073,0.2970002720192087,3.8004790707375378,3283.1323045637882,12972.112501896709,872.0677179371395,0.4028464237156868,6.17391031921065,243.5094073908666,0.06920425141971828,0.03917403314917127,2503.4757627427066,0.11064123650020727,0.42302970184013594,0.0495354091489133,36.49367088607595,0.461945201089569,0.7165518346418843,3.3417721518987342,79840729.11392406,318586820.26582277,20180995.76336146,0.6817862165963432,2.037974683544304,0.02579714789296587,0.07709959997350938,0.2878924567032983,0.04824399840172961,5.96511128612438,0.0008729281767955802,78528399.35907707,123.95947933664593,0.0011852442708414816,0.06193143984905751,0.0006995050744503461,0.002647709999166537
0,1263,43,0.9009610975568018,63.00616455933484,68.10462539358103,2662.540000000002,56.766103174222785,1062.442467376841,0.399033429498464,2663.0000000000005,0.17216607584047497,1.1798027937761966,1.7891037653148325,66774815145.006996,0.26194766978224276,0.3323654977032813,5.252640734279519,2.3643831429755493,0.19754786241739244,1.4995201303945331,1.5240942085530083,0.044986438342597586,2.3193967046329518,0.13656565194481418,1001.4995526893189,-0.8519692837627517,2670992605.8002806,0.9261255950551986,0.0652154952288532,3.9459519285059823,0.5073991355942715,-0.14283695334978536,0.1382092356339708,0.00886335331575258,0.8793018994205375,0.00886335331575258,0.072956811041874,0.008782347016587,0.9955683233421238,0.9955683233421238,0.9991136646684248,0.9977841616710619,-0.751773044403949,0.5659183859578736,0.00886335331575258,1.9782859630590974,0.9191497348910522,0.3207246638529744,0.8857472078532694,0.9583285704146547,3.9565719261181944,0.3118613105372225,0.03676814723743085,0.9191125309919075,53283.80603830267,0.800357582250134,0.8519921501151578,61656.81149079985,0.03765826152153353,3.949230191513331,76.50083364626362,302.6722944048066,20.476848583468936,0.27153794801184966,0.014093185423986705,0.05548115205081212,0.003958092875047188,1792.6646736926236,0.7089052726802638,0.16129126401361002,3.8267328169836046,3993.702133160403,15958.053988270753,1005.8686475165201,0.3396412262323812,5.124877876111575,270.5903056321235,0.11588126644467373,0.03779571911378145,3130.364669162768,0.10359808650762674,0.39610813439735904,0.03808791500996292,17.055555555555557,0.4737654320987654,0.8233024691358026,3.6944444444444446,113898551.02777778,455518344.3333333,28497825.417438272,0.6658950617283951,1.3888888888888888,0.038580246913580245,0.05123965191093239,0.2729026579744287,0.014920614197349965,5.058813890331191,0.000540743522343222,110478619.98996912,38.98684148726693,0.00337529141312013,0.02927055324223912,0.00011232742762602367,0.0070985714016846765
0,1263,45,0.7966750739978743,78.37238995856877,83.13867932557025,3758.4199999999973,62.43732956963304,967.7311975396058,0.25748351635517225,3759.000000000001,0.22457057204933015,1.3830208387591836,2.202795947455775,94303427579.52864,0.8781100767228516,0.39680459114718314,3.411857000855621,2.5047812592860406,0.24833129616779143,1.7458445524843378,1.7286646837180861,0.40501756289133956,2.099763696394701,0.16779195909377734,1001.7458958734067,-0.17991568217828122,3772137103.181146,0.6357322291924583,0.10282104377826222,5.003584916510604,2.0082374510924397,0.5673289500831438,0.7670993211212075,0.020601274491623287,0.9477216824072479,0.020601274491623287,0.1442725003397507,0.020162354866624398,0.9896993627541883,0.9896993627541883,0.9979398725508377,0.9948496813770942,-0.8354195871794388,0.8785896937940613,0.020601274491623287,2.1947573548090222,0.6129932548932571,1.0309434643927484,0.9522708849402759,0.7548432282338619,4.3895147096180445,1.0103421899011256,0.19692514890320773,1.6231493885730648,73600.4133546156,0.7831914163832465,0.8643174859648716,59742.93623836127,0.1946788122162923,5.0,76.34274009044958,381.82739026336793,17.85212497413615,0.23538175046554935,0.014161821942279322,0.07098544407338571,0.0033868349796793134,2066.1696914612826,0.5608464719781737,0.2601514848111449,4.990690093562963,2581.17213909039,12398.856007381353,592.465013462609,0.2611054374785246,6.285164193140569,206.57505391758846,0.05726605020866683,0.03902101622772014,1811.399507433176,0.0827940404406654,0.42515902623777163,0.021546151005089026,27.842105263157894,0.4884579870729455,0.6999076638965835,6.56140350877193,94892817.56140351,400414801.94736844,23151995.305068225,0.330896686159844,1.9473684210526316,0.034164358264081256,0.09210791453030982,0.6266311762127847,0.03262240434296449,5.4773696193140164,0.0006065442936951317,92174657.93536471,148.72038213368032,0.0011080433381074272,0.06981549846587723,0.0013292106381346906,0.0027998807939742677
0,1263,45,0.7975913513340676,88.7354199763277,91.20877150800796,4818.560000000012,70.77460353011523,1316.3835928738467,0.2731902462299615,4819.000000000001,0.18693090427505887,1.2036802728906524,1.8029516826800853,120841248244.02301,0.29894395859976064,0.31003675967557487,3.618677862827703,2.1863658577537826,0.19009607746206725,1.5188347396787107,1.5403482519269982,0.27199013663122473,1.9143757211225578,0.12945645293931826,1001.5188641395711,-0.5487882941309971,4833649929.7609215,0.9147789240736707,0.058889092833945535,3.958755923303293,0.6125866260829205,-0.12606068527282532,0.16537937696028532,0.011182684842088758,0.8733802160604689,0.011182684842088758,0.0882684544688459,0.011053602525481078,0.9944086575789556,0.9944086575789556,0.9988817315157912,0.9972043287894778,-0.7395540745947692,0.5988122896053071,0.011182684842088758,1.9799511885872805,0.9032003433773557,0.3788289181113663,0.8797010539406097,0.9498661462037403,3.959902377174561,0.36764623326927826,0.04414051545059351,0.8821998981888636,99786.277443453,0.8282737285200498,0.6958776070425047,110207.99087777548,0.04379376223180353,3.966905997094833,77.3043951027184,306.7895829010168,20.79359018699131,0.2720799612644394,0.013748435005030426,0.05454980617057564,0.0038447971131396175,2501.252244776109,0.6670359076255703,0.19228023689142562,3.934577565836253,5244.952894615862,20951.211254049325,1323.661378773628,0.33928323956671463,5.839803716144807,290.6912093814552,0.0814377095171834,0.03092135297779622,3990.255085852802,0.08823712264239815,0.3654192057089256,0.03048342083969812,27.88135593220339,0.4725653547831083,0.8221775351910372,3.694915254237288,224359616.3559322,897342231.5084746,56125103.82956686,0.6652542372881356,1.4745762711864407,0.024992818155702385,0.051482064543644755,0.3053499124389167,0.016120115177887626,5.768153430681086,0.0004897281593691637,220190060.0143637,87.56156530767232,0.0015187486339816594,0.03513945043029734,0.0001619088409898094,0.0031918512497094357
0,1263,45,0.9025073852284358,80.2338992476431,87.54450296849026,4476.2,72.41168661667213,1122.818917575636,0.25084199043287525,4477.000000000001,0.2112272535935126,1.1487753146488475,1.6873817177191044,112248270946.98741,0.3198650076258034,0.2693611755283063,5.938248533859573,2.174289765503604,0.17834858104472065,1.443070858097261,1.487771730315213,0.07011369822256529,2.104176067281039,0.11385751759184219,1001.4430996608219,-1.2679310762659572,4489930837.879498,0.8964217963014398,0.05768857900033417,3.8505233197421944,0.6675649964670587,-0.31539164856887153,0.19865829471864255,0.009725289928738504,0.9066521494085937,0.009725289928738504,0.07856942869835953,0.009625719413635166,0.9951373550356307,0.9951373550356307,0.9990274710071262,0.9975686775178154,-0.7830562410273656,0.6273016092806161,0.009725289928738504,1.9502025705075918,0.8869931369691129,0.38902916534663257,0.9126928880858508,0.9405616723594337,3.9004051410151837,0.37930387541789473,0.05209589616184526,0.8508788796008412,94844.24363636364,0.8473910532621276,0.6427499098387315,100332.00955103865,0.05215914255418794,3.8549117712754075,77.68118829573375,300.53470627652445,22.110662397935126,0.2888928598019507,0.013629439299028044,0.05212094188133149,0.00408276921065822,2062.304712616438,0.6595504997540373,0.18170558198710074,3.5236566817199857,6987.865051850025,27812.073520100083,1782.5148950737191,0.39104806080192184,5.726318928113464,244.1886939885941,0.08304069817816949,0.027855706946616036,5410.310843870924,0.0942350198159248,0.338524762519513,0.03785115600125909,22.6,0.5022222222222222,0.6488888888888888,3.0,248368110.46666667,992866413.0,62244025.2037037,0.7222222222222222,1.2666666666666666,0.028148148148148148,0.05089785349462345,0.24590893822824608,0.028599624488034926,5.447408651885217,0.00040205494750949295,242181836.08395067,72.03602784561438,0.0018424567646232878,0.03606856400561644,0.00016934934486010692,0.003969880091419944
0,1263,45,0.9025073852284358,80.2338992476431,87.54450296849026,4476.2,72.41168661667213,1122.818917575636,0.25084199043287525,4477.000000000001,0.2112272535935126,0.9733905563021659,1.684715167387738,112224334486.4727,0.6829407129027564,0.40719422327686283,4.960614534788617,2.5480550672153055,0.2420744888830052,1.3362676930768715,1.34712968113793,-0.3080112175141556,2.856066284729461,0.16576349384864256,1001.3363172530613,-0.3336040675920765,4488973379.458909,0.7554688935665971,0.09925242252974795,8.548642727169282,1.994041693342635,-0.5348779813304636,0.5098174866720289,0.018970268632016837,0.9281514759025837,0.018970268632016837,0.13516989507663124,0.018599038016123903,0.9905148656839915,0.9905148656839915,0.9988841018451755,0.9962059462735966,-0.804092786908944,0.8113818363178427,0.018970268632016837,2.902745394627373,0.7439283212810803,0.7992777831653001,0.933668971285348,0.8558561351098778,5.805490789254748,0.7803075145332843,0.1321969388260114,1.3533158284149287,89168.77870895689,0.7966833031847835,0.8397380007083584,84555.85591244137,0.13583863512258743,8.555505919142282,76.60989948626312,658.6979405852134,9.657404387858932,0.12807063261608714,0.0141346821916086,0.1192966247872092,0.0018894714084837039,1841.3491218665617,0.44503586277467855,0.38671313904648286,7.798460041950347,4491.287909894689,40161.90211507087,507.81355296618,0.16383776012717796,6.317798661455916,268.4867773439331,0.06545622977697568,0.03692427965155238,3634.5510304339277,0.10061968250424194,0.7744037763298234,0.01733634619497086,28.973333333333333,0.3863111111111111,0.5930666666666666,6.546666666666667,122966260.52,1104810791.9866667,13722593.51537037,0.23925925925925923,2.1466666666666665,0.028622222222222223,0.10301298304309761,0.42857445048130804,0.03696686544308643,5.85062498414119,0.0006700915791824883,120739201.74222223,63.17142054506027,0.0010032345524369256,0.12520440546241254,0.0004329880274035509,0.005782269628528282
0,1263,47,0.7428803875474371,111.51928870617267,119.40284753723424,7074.599999999972,82.84549241305609,1806.7261469058744,0.2553820918364122,7076.000000000002,0.1650302460518886,0.6531639505946332,1.8429955792231774,177357232692.35703,0.9497786094445229,0.6444969436039876,2.9837888098351475,2.263334251483661,0.3742761167796192,1.2914090472175106,1.3623699708003334,-0.5591171380450396,2.8224513895287004,0.27174092133065764,1001.2915139109937,-0.6522246704819588,7094289307.694283,0.603125785168282,0.20999840763231067,7.7946745254364,2.789750098214443,-0.883752980817485,0.8767757102542483,0.02218771891058601,0.9506334463791826,0.02218771891058601,0.15297180258695867,0.021678207766018462,0.9889061405447069,0.9889061405447069,0.9986948400640832,0.9955624562178829,-0.8352450745807366,0.8913973807487231,0.02218771891058601,2.7533665770714086,0.5845177702042259,1.1044353728667708,0.9552322013947157,0.7280020650390009,5.506733154142817,1.0822476539561858,0.22474085729120857,1.7044594437733729,137312.345732052,0.7762145038555794,0.8891001677339241,106692.95139626908,0.22500898461379176,7.8043697003957035,76.18028264556247,596.3832843414358,11.409938995666103,0.15124528924062558,0.01419912270652247,0.11025352722915058,0.00219108819116077,3264.3817374708915,0.45617601352237047,0.36874146130275354,7.432886758970713,2811.9573743894034,23570.58026359527,363.42184263608885,0.17469635459542665,6.561961360501526,424.33978124800444,0.06047829442328686,0.04036885245901639,2094.0721760134393,0.08513740309839181,0.6825005417159117,0.014106829356121156,34.733333333333334,0.3307936507936508,0.9028571428571428,8.742857142857142,149226744.8952381,1273078930.2380953,18529082.672619045,0.19722222222222222,2.3523809523809525,0.022403628117913833,0.054850874790468386,0.4029293120938855,0.01057893649505402,6.309204327066277,0.0005935556811758055,146388322.21950114,123.28861415878235,0.0005750018160045465,0.1424231286468636,0.0008244108461440071,0.0031660654148783123
0,1263,47,0.7701368195808922,107.06624005229781,110.99117082002515,6839.359999999997,82.45565359836098,1286.6095813368247,0.1881184177082103,6840.000000000001,0.22785884035976287,0.8209358911524703,1.8009186296176587,171463709191.13443,0.793624909688811,0.5192108948298213,3.192714092587894,2.283416414820085,0.30706554375483575,1.3548842044442897,1.4161259659976972,-0.5648385269304884,2.8482549417505734,0.21779419372680675,1001.3549568738135,-0.6446456103781516,6858548367.645378,0.6787525756985054,0.14553566093642115,8.17207683241307,1.8057031468401328,-0.6505310117636012,0.6536501637292876,0.01818422424242735,0.9458284657717966,0.01818422424242735,0.13058302132748734,0.017840766464049994,0.9909078878787863,0.9909078878787863,0.9989303397504454,0.9963631551515145,-0.8346282347088417,0.8546664356777076,0.01818422424242735,2.8307614056965167,0.6650292899260428,0.9159871408029729,0.9507074469633772,0.7967416322037005,5.661522811393033,0.8978029165605464,0.1679585969929287,1.4066480251112916,140712.15742690058,0.8228781136076058,0.7295464941691461,116066.69044444445,0.16995235333948908,8.17766081871345,77.23147368421053,633.4775204678363,10.44045276965562,0.13643741877842755,0.013861305021629619,0.11266823221431739,0.0019321368628439815,2415.617961951711,0.44558068023222336,0.3727188979142991,7.688158422280718,5294.75455700379,45612.14263409453,645.7656209927874,0.16214075292838218,6.60851202397661,321.67536683147466,0.05900956848756852,0.031682748538011694,4115.526220726358,0.09749231009437713,0.7791669859897008,0.016094156071077222,40.21153846153846,0.38664940828402367,0.7840236686390533,7.826923076923077,184084580.51923078,1624528953.0,21350206.21080395,0.19938568376068375,2.1538461538461537,0.020710059171597635,0.060740693853271285,0.42369650885389587,0.011749058334375066,6.327796569081801,0.0006081871345029239,181381085.69674554,97.68261214327217,0.0006790545958311901,0.12398094745473394,0.0005189076183690541,0.003903964400142318
0,1263,47,0.8685419060153976,76.6839574729176,82.2,3862.799999999993,66.60323058433154,1280.9527270873305,0.33161249018518507,3864.000000000001,0.17199781933183828,1.1240254963081753,1.892405615396825,96888769160.64717,0.47764208266980723,0.443086596302287,2.3682225811310236,2.344324629233972,0.24225385312737793,1.4935065101386158,1.4706235795341827,0.6661905305125532,1.6781340987214186,0.17928220969753994,1001.493549048204,0.13846240420978118,3875550766.4258876,0.8507724382632701,0.08520319425604972,4.131999937875825,1.10606255937699,0.09238810504964734,0.2915061834744961,0.01684612928149806,0.8905700679292018,0.01684612928149806,0.12296994885257964,0.016553724032274203,0.991576935359251,0.991576935359251,0.9983153870718502,0.9957884676796255,-0.7529702232857709,0.7107468079071262,0.01684612928149806,2.015771465300534,0.8383948841810758,0.5831522534870195,0.89452423318452,0.9142397940448128,4.031542930601068,0.5663061242055221,0.07708807818899854,1.1811261166490725,75775.56732919255,0.7844261628280802,0.9289107056054936,82184.61753623189,0.07919537301372975,4.1350828157349895,76.18291925465839,314.4455175983437,20.056342592592593,0.2680696457326892,0.014314202015347203,0.059399331908209944,0.004033172773074821,2107.6117516210024,0.5344136087762749,0.30062647032988093,4.257637467275597,3327.7667091663134,13396.717403149034,834.607032030946,0.3466898227417582,5.884036103596497,342.7525562841612,0.08959284260529714,0.04063664596273292,2609.077580516414,0.11592691558052723,0.48266769865361325,0.046411796678022726,34.369565217391305,0.3735822306238185,0.8009215500945179,4.336956521739131,84887684.95652173,339862901.1195652,21222490.831219807,0.5522342995169083,2.0217391304347827,0.021975425330812856,0.05448712108928313,0.21886975868769032,0.034699440445259806,6.246281792966476,0.0009523809523809524,83785184.95652173,109.14891928850831,0.0012664988217668063,0.05070151291876664,0.0004495844990904801,0.002720900863373542
0,1263,47,0.5121954039295352,45.68988965406317,46.499892472993956,726.5800000000011,23.402151486858777,591.2964645562743,0.8138077906855039,727.0000000000001,0.16160000479106737,1.3931474959909373,1.8498486540137908,18234188646.687214,0.12490462425327395,0.24752446404029405,3.215902070077278,2.1432369467432215,0.14487021267174288,1.6269583488448984,1.6362229369047048,0.8850375129494862,1.2581994337937354,0.10151126736778805,1001.6269748721794,-0.32376625643063084,729367545.8674887,0.9688688143886145,0.03310043493467638,4.0647023351157365,0.1963672119178075,0.0841504513202152,0.05674258605456195,0.00810032603176345,0.7506125986816183,0.00810032603176345,0.06766516883594764,0.008031975562218583,0.9959498369841182,0.9959498369841182,0.9991899673968238,0.9979749184920591,-0.5850405331355926,0.37270350168063143,0.00810032603176345,2.013092575418692,0.9597088298861386,0.18161585297122895,0.768611183675942,0.9795676405272695,4.026185150837384,0.17351552693946615,0.016210728021581352,1.1082622650946807,12256.380247592848,0.6743537962912158,1.3813420538891903,17609.190701513067,0.015637666050491078,4.065309491059147,73.01672627235213,295.67356258596976,18.18785266697234,0.24932294054714962,0.015456115994209594,0.06359962693162241,0.0038703401345141332,1074.3536212475788,0.879304193163028,0.06225292947798132,4.221938605477736,864.2377868566925,3463.6921900843095,215.92640336632314,0.2519371414207656,4.12237976006704,160.71243830321157,0.14638661536324216,0.06702888583218708,585.2342971862786,0.1022349322693598,0.4392220259282472,0.028048028476935653,6.714285714285714,0.47959183673469385,0.6734693877551021,6.571428571428571,22854389.214285713,91423307.35714285,5713454.757936507,0.32142857142857145,1.1428571428571428,0.08163265306122448,0.15409414991009904,1.0055775068047859,0.029722983177984826,3.8073549220575997,0.0007702888583218707,21169028.88265306,9.18715134983914,0.013836245390360637,0.02771572456039384,4.111967666188278e-05,0.02855968983137639
0,1264,11,0.7780790616392828,14.630524232973677,15.749285698088027,102.82,11.383704566482946,114.6107647738336,1.114673845300852,103.00000000000001,0.3136305222856911,1.7975121511844983,2.418543050407092,2585924236.228382,0.872330538430022,0.3106490062147369,2.8431293584019492,2.643915208280485,0.18805290574824843,2.118938441217504,2.130903034041513,1.353308893895666,1.290606314384819,0.13144673773043924,1002.1189659098688,-0.3595530481977799,103436969.4491353,0.5858508059195022,0.055053712130101636,3.1069200541163724,1.0978614415280115,-0.5979588639607469,0.7334794823131162,0.08036989849932005,0.8023564701009955,0.08036989849932005,0.3994571217278773,0.07347199191521943,0.9598150507503399,0.9598150507503399,0.983926020300136,0.9732100338335601,-0.5514260867682391,0.7798779636759914,0.08036989849932005,1.7157016677886774,0.5196033176785624,1.2473947787247286,0.8023564701009958,0.6755167185390175,3.4314033355773548,1.167024880225409,0.20346234520310907,2.7538156581050424,972.9743689320388,0.3778541238571025,2.736415647092092,1508.5658252427183,0.20707459704024883,3.1215533980582526,62.92388349514563,203.88893203883495,27.6826213592233,0.4696116504854369,0.021803086358599538,0.0604491388356853,0.012141573239328095,202.83855747525322,0.5072276902460948,0.24638615487695262,2.673651967443458,87.43249534093536,309.5240044891922,31.909618053871164,0.5815870081391356,4.585699315327165,42.260873650612545,0.10371243098270014,0.15524271844660195,38.9197990163193,0.17845850944768182,0.3685981273978759,0.13092360496013325,14.444444444444445,0.8024691358024691,0.09876543209876544,1.3333333333333333,185661.72222222222,728708.5555555555,49900.01388888889,0.9166666666666666,1.4444444444444444,0.08024691358024691,0.1861026217015075,0.18675371452391012,0.18593984849590683,3.794653473544337,0.006990291262135922,165196.83024691354,45.45375610077828,0.009807995808290218,0.07919039162615751,0.016608091120916494,0.009684113442471753
0,1264,11,0.8702086931548004,20.499821846037563,22.36604569431083,228.54000000000008,17.839123178546576,253.46417023478,1.1090582402852014,229.00000000000006,0.21143139124447777,1.3728289259587627,2.037168643475907,5745164529.614787,0.710417011109129,0.28588003050356603,4.830797962607215,2.2650773687494437,0.2025147964583276,1.7595098966840386,1.8189564736938766,0.48340089238121825,1.7816764763682253,0.1273274973908013,1001.7595462879314,-1.2303988971336695,229806581.18459153,0.7271272172536756,0.0729105574337042,4.681302899036936,1.487107557432535,0.5057324132793091,0.5329099173075911,0.0499796208560938,0.8286030882152123,0.0499796208560938,0.28528968787369235,0.047414519013482356,0.9750101895719531,0.9750101895719531,0.9950020379143906,0.9875050947859766,-0.6199161136306589,0.76564335673505,0.0499796208560938,2.135547111345552,0.6749467590631439,0.9853335838180609,0.8741976400037952,0.8109059254891776,4.271094222691104,0.9353539629619678,0.1457223845409212,2.2982957248668328,2627.8,0.45900436681222706,2.270780069029957,4162.803318777293,0.14361538490875458,4.663231441048035,66.08366812227074,304.9566812227074,15.877884522076663,0.24275594371664241,0.018670027071155164,0.09017597298825726,0.004584280299626814,440.37906624554205,0.60488687900817,0.22485769709177977,4.912519986424807,155.21423444733247,670.9340699606918,37.7967955742292,0.25377430430076847,4.717223808321874,81.60994224750524,0.11680648933020946,0.12646288209606985,81.94644351386566,0.13702752905929078,0.7075366874808912,0.037700541559715826,12.368421052631579,0.6509695290858726,0.5484764542936288,7.473684210526316,1224981.5263157894,4929952.052631579,305525.50292397663,0.25877192982456143,1.105263157894737,0.05817174515235457,0.03641353304562285,0.32616786829342775,0.004218605959903843,4.142664355548843,0.003318777292576419,1134190.3213296398,19.98200554256127,0.007517521452573857,0.1739840001776762,0.0023018080995668767,0.018007001478895755
0,1264,11,0.9131406062317683,18.690744121895982,21.54158768521949,210.78000000000014,17.067277418390955,204.04163056034054,0.9680312674842984,211.00000000000003,0.2522323851366954,1.2008508619835767,1.8549123228148614,5291477057.527843,0.3593917163891297,0.30646073631904924,3.3134322223493577,2.242530790471339,0.19416674333830694,1.5605573294113115,1.5862581679120826,0.7523523168876481,1.4901784735836907,0.1283104292091996,1001.5605886822259,-0.584043491446447,211659082.30111378,0.8946847734776846,0.06280348579348752,3.9992883545684865,0.6264523143841447,-0.0698173928779873,0.17563897830563766,0.02390731055455563,0.7590534351116787,0.02390731055455563,0.16223371775548523,0.023316685841321294,0.9880463447227221,0.9880463447227221,0.9976092689445445,0.994023172361361,-0.5724251434313152,0.5631861657714993,0.02390731055455563,1.9903147773483805,0.8808940549985997,0.47763471476901576,0.799396170902442,0.9380634442704794,3.9806295546967605,0.4537274042144608,0.04988657221504832,1.5940535437371715,3073.9535545023696,0.5827400103322028,1.9647419959120416,4719.462180094787,0.054768724871409005,3.997345971563981,70.12189573459716,280.2309004739337,18.51112690889942,0.2732016850974197,0.017468677272559012,0.06875287434966965,0.005435662137224363,317.63893004192585,0.643788816166198,0.2100697051366089,3.999227177721994,408.45289575261313,1633.2644877986347,103.18756151083011,0.3388092169461847,4.445768796045495,58.891370165435525,0.12149080466370071,0.09303317535545022,267.6390324336171,0.1642838074067255,0.6366824125277099,0.07194065754158116,9.0,0.42857142857142855,0.7755102040816326,3.7142857142857144,1160095.6666666667,4640302.19047619,290162.50132275134,0.6388888888888888,1.7619047619047619,0.08390022675736962,0.05770193407153981,0.0715733793067437,0.056097169500552144,4.106603137064469,0.003981042654028436,1096999.0113378684,8.596854792800947,0.015673763630815355,0.07425896769580974,0.00045460554915079565,0.03296308224474232
0,1264,15,0.8757883068029265,33.99479266097916,37.11387880564358,718.2399999999982,29.77224190467549,488.56854249490374,0.6802302050775576,719.0000000000001,0.1944528109063152,1.8563177112213152,2.678411636728386,18057028597.330173,0.7331850998069569,0.37227449389116973,5.494677267238625,3.054760122866174,0.26028447340786154,2.279080228466552,2.3142791506636304,0.5008781826495804,2.5538819402165935,0.16102707797285773,1002.2791439844555,-1.0813315808967037,722281143.8932071,0.717908586527804,0.12780259195986787,8.252045003557171,2.2771555499507783,-0.8438069415370744,0.5697869544406594,0.04299132016495051,0.8591234185464817,0.04299132016495051,0.2549496535144429,0.04109259713082576,0.9785043399175247,0.9785043399175247,0.9974710988138265,0.99140173596701,-0.6505788833694597,0.7735110086248097,0.04299132016495051,2.849619776719468,0.693061527909364,0.9487550853936322,0.8689944095708872,0.8226275134897195,5.699239553438936,0.9057637652286825,0.15319456865140246,1.9904088837500755,10455.066759388039,0.5816448823025334,1.9591040531103894,12904.406842837274,0.16398478337824324,8.216634214186369,70.44934631432545,591.1633936022254,9.27027816411683,0.13903028898161027,0.017555599524618996,0.13568307743846522,0.002874666409090265,762.6416247178004,0.46796621673979344,0.3512379000383941,6.999469536204093,494.6780237234094,4375.771901268878,57.39119302427173,0.19165440045329046,5.321649102540437,166.54892326059795,0.10194475984895046,0.09051460361613352,351.86052330383393,0.18078344397165044,1.118805063891561,0.04394028221460599,44.07142857142857,0.5246598639455783,0.4800170068027211,5.226190476190476,2518487.226190476,22613263.64285714,281361.3272156085,0.2898478835978836,3.0,0.03571428571428571,0.06363352629488914,0.30811004425083416,0.027464586681885367,5.841547631034805,0.004673157162726009,2472696.3212868473,23.471804526780573,0.0027460285586522726,0.29019279860879066,0.0012062476952571658,0.015408888553954588
0,1264,15,0.8757312622786603,34.038886754106905,37.310052264771755,728.3999999999976,29.808917263734408,477.8572726576839,0.6560368927206006,729.0000000000001,0.20021273600296288,1.8299647045377287,2.539317856640255,18305609685.068897,0.7230504013847028,0.32022456670432,6.454619787176939,3.0109681615264954,0.23299495579173382,2.20902078137597,2.264065578398478,0.3060821636286602,2.704885997897835,0.13842431644332667,1002.2090739897137,-1.4122092825585122,732224387.402756,0.7037537412431483,0.10665175497318079,8.14379515456059,2.033431365261931,-0.893610805515496,0.5779034018517499,0.03464070923564712,0.886403792877624,0.03464070923564712,0.21653482051572812,0.033412535051607434,0.9826796453821764,0.9826796453821764,0.9979623112214325,0.9930718581528706,-0.7004101459197236,0.7841585834595256,0.03464070923564712,2.829833604045336,0.6921144237514664,0.8869346433894639,0.8872370674206002,0.8194828588253912,5.659667208090672,0.8522939341538176,0.15313602777184926,1.8664427414302216,11262.640274348423,0.6179775184827667,1.7984183049482445,12825.911934156378,0.16629926257100974,8.085157750342935,71.55780521262002,593.6838408779149,9.525625666819083,0.14144109129705837,0.017058566864738074,0.1283811062137602,0.002888890263904734,686.0875970144762,0.46462660953155455,0.3270735419044876,6.433573275608197,688.2222547477717,6094.239974821057,79.48424248440091,0.2077611394873013,5.276398444247769,150.33638626958444,0.10137434214847532,0.08097393689986282,510.72246199141574,0.18316931742485038,1.03357905048223,0.04851259439578162,31.0,0.47692307692307695,0.3914792899408284,4.769230769230769,3361667.953846154,30137580.584615383,376818.5504273504,0.32318376068376065,2.4461538461538463,0.03763313609467456,0.1144681801969536,0.5154532664066179,0.0491286023309349,5.545143966741456,0.0035665294924554186,3283052.4213017756,19.45580832590881,0.003326910606616762,0.24630266739828194,0.0009964594457444174,0.01849664236393228
0,1264,15,0.9604878925007485,29.578092732753603,32.71452276894774,605.340000000001,28.40939995307421,402.434732983247,0.6648077658559591,606.0000000000001,0.21672507496625593,2.281378573863491,2.8187393585956126,15227369064.176468,0.2280472005794302,0.2747052543535742,6.344670349338473,3.1208034138660503,0.17311628803135948,2.5501562033916874,2.5673149941958746,0.8833272276318682,2.237476186234182,0.11484247792372215,1002.5501827452525,-1.0511457855162945,609094762.5670588,0.9397098672243461,0.0532190941014742,8.976794504787094,0.35272728408884446,-0.05946993529173218,0.09512205399977476,0.01299989046818654,0.7570120648060773,0.01299989046818654,0.0998130073729842,0.012826060150893355,0.9935000547659067,0.9935000547659067,0.999235300560695,0.9974000219063627,-0.5903628219392465,0.4620121726196562,0.01299989046818654,2.9927014586438485,0.9350344859344455,0.2871562622518399,0.8120533088812565,0.966829668775546,5.985402917287696,0.2741563717836543,0.027030486116990327,1.1084153127067404,10790.048712871287,0.7122144364931543,1.4091459617248856,14236.604488448846,0.03134241305318651,8.95980198019802,73.89610561056105,663.7240264026402,8.306747799779979,0.113755500550055,0.015669574671941872,0.1388169079029974,0.0018901397735554923,620.3735642862315,0.6707390687175172,0.19558700050431133,8.706334869198658,1178.1717771764806,10600.141635759444,131.10111139082005,0.12944413076071365,4.647930474776684,116.14667686232808,0.1330065713386457,0.06075907590759076,849.3646786768791,0.17188033630240215,1.4026054697144952,0.0275312524535828,14.771428571428572,0.4220408163265306,0.8538775510204082,7.914285714285715,6135041.371428572,55214277.68571428,681715.6212301587,0.201984126984127,2.0285714285714285,0.05795918367346939,0.07743751855027117,0.708091553552479,0.01512197005077163,4.593429088311715,0.0023102310231023103,5947676.065306122,5.792653961553604,0.009892583720280719,0.0957051893080407,7.347627719297097e-05,0.05704570367652288
0,1264,17,0.9745888367388482,40.89139964185326,44.589684905816505,1203.4999999999982,39.852301609577125,624.8361615182474,0.5191825189183618,1204.0000000000002,0.19681664460325862,1.5438515875315542,2.061054205430121,30209317207.287106,0.6972387912380551,0.27090037479103657,3.2207520852684817,2.350190629718426,0.16098069772966495,1.8142341737449097,1.8223520276285097,0.967803736526819,1.3823868931916068,0.11247155866795064,1001.8142546932282,-0.4667370916094088,1208372688.2914844,0.6957802474586373,0.04111342139604682,4.93596638690356,1.198870234259204,0.6891194825804352,0.5795637923545226,0.040257846078275226,0.8702137759521129,0.040257846078275226,0.24234350521903278,0.038577246655595046,0.9798710769608624,0.9798710769608624,0.9959742153921725,0.9899355384804313,-0.6768910183123317,0.784071326320158,0.040257846078275226,2.1911499921721105,0.6517438608373186,0.9349909471017023,0.8706850544394281,0.7883757357066066,4.382299984344222,0.8947331010234276,0.15495540960819948,1.9021151333678872,18408.092093023257,0.6115645213628988,1.5213106919349677,20942.985448504984,0.15220302093795873,4.934053156146179,71.87495016611295,350.13923588039864,16.23076873385013,0.22416482096714654,0.015925424165605703,0.08089594863200601,0.0035107392846482075,1354.696053402291,0.5860060222658879,0.20815081358254078,5.4504295985431686,587.370543140024,2551.840938134586,141.22458175988766,0.21058638465997068,5.390498985091492,174.28649385863326,0.07647916016395473,0.07653654485049835,387.3053291475951,0.09479284267242118,0.5284705373687839,0.019998790955784083,27.045454545454547,0.6146694214876033,0.243801652892562,7.681818181818182,13264025.772727273,55219104.79545455,3255923.4412878784,0.16287878787878787,1.8181818181818181,0.04132231404958678,0.06865647966046953,0.553559740426143,0.01002201880494841,5.033184175406298,0.0014617940199335548,12796045.400826447,90.75983970550602,0.0016943804882116708,0.15642937770664525,0.0019907429559763287,0.004337093457848407
0,1264,17,0.8029168633612148,52.29981457646646,54.712338644952844,1572.6599999999967,41.99240307410959,712.4930157677563,0.4530496202407118,1573.0000000000002,0.19730665817402307,1.1167838079577332,1.6219978718269379,39432827264.56775,0.3863946755920199,0.22985196785181716,9.300473125286526,2.2186385906427186,0.17299197485774956,1.3700047138114528,1.4006097239921589,-0.4708455090501167,2.6894840996928355,0.09881249740472349,1001.3700375261504,-1.7558506234037066,1577313090.5827103,0.870760856781778,0.06571458518831251,8.677114551283019,1.0202034248377445,-0.44514862545690936,0.25855261480356917,0.010184194103962027,0.924128469335485,0.010184194103962027,0.08160335995108549,0.010074921008362754,0.994907902948019,0.994907902948019,0.9994009297585904,0.9979631611792076,-0.806471018575895,0.6767384929984153,0.010184194103962027,2.935135835254961,0.8632312478574702,0.4536077582576824,0.930830715080334,0.9271319017157158,5.870271670509922,0.4434235641537214,0.0671842022268828,1.1088277387962078,30555.812256834077,0.7770073046874526,0.9605320553572302,34242.67069294342,0.06864383839012515,8.677813095994914,75.88589955499046,661.026090273363,9.101563537472629,0.12124214169668716,0.014346743199881728,0.12363178621122345,0.0017823441181733929,1138.3540461124007,0.6706899487490858,0.19185998606054677,8.182620640579612,2454.133340992722,21951.126246159896,276.61999712972977,0.1410756953973662,5.223043685903667,162.96375412796425,0.10291284319959768,0.043006993006993004,1787.2483634855478,0.1028532327043186,0.8329730288153789,0.01556300640540316,5.235294117647059,0.3079584775086505,0.8235294117647058,9.823529411764707,76786309.0,689856843.9411764,8565817.364379084,0.17892156862745098,1.1176470588235294,0.0657439446366782,0.06680393796965788,1.0639421209784234,0.0042437964394596035,4.087462841250334,0.0004322949777495232,71435251.47404842,11.39160566320244,0.005166349906007794,0.06894238928162684,0.00011750509872696238,0.02985126438073306
0,1264,17,0.7787605588887578,41.14275985211896,44.38062640387132,951.8199999999986,32.0403586566621,549.1626550446044,0.5769606176006022,952.0000000000002,0.19915047611358302,1.3448887980965507,1.728585368621494,23872816004.712833,0.03991391144455173,0.20413294131900694,3.6063596751871123,2.1118129851087164,0.1229568600655202,1.5285672631040323,1.5249834131484743,0.8967919384712502,1.2150210466374662,0.08372791399325517,1001.5285797201883,-0.21655951454759176,954912640.1885135,0.9921274168490926,0.02495225165246812,3.9937712971196695,0.04636066535073201,-0.01673236716629204,0.012453264212887422,0.0010760398692951326,0.8401496831366009,0.0010760398692951326,0.01214884303602005,0.0010748630563102847,0.9994619800653525,0.9994619800653525,0.9998923960130705,0.9997309900326763,-0.7365117320727697,0.22357251899698183,0.0010760398692951326,1.9977304520372432,0.9921709998699003,0.04400260608732083,0.8671126957927668,0.9960744711600081,3.9954609040744864,0.04292656621802634,0.003382326020545639,0.7448972755120562,18560.88487394958,0.7798691123508227,0.9632847680248571,23612.632521008403,0.003943224348562955,3.9938655462184873,75.82504201680672,302.92806722689073,19.07435574229692,0.25232726423902896,0.014363317119175713,0.05754771114795124,0.00365380623056836,977.8477671554357,0.9436878563994622,0.028679213417770032,3.978357498642021,2296.4171207076124,9184.667568401605,574.4140082700485,0.2644254716988629,3.921487885191546,138.1384737244205,0.1473823716028666,0.043466386554621844,1619.439655530368,0.09284321440139474,0.376136123476857,0.026409208683005215,5.181818181818182,0.47107438016528924,0.36363636363636365,4.363636363636363,50624684.36363637,202498045.63636363,12656370.005050505,0.3611111111111111,1.0,0.09090909090909091,0.09855328845808341,0.850165999385548,0.012054782443388952,3.4594316186372938,0.00046218487394957984,45943362.04958677,2.048933533317046,0.06131521165810481,0.0043087135397228485,1.7582641182076015e-06,0.1263846944005138
0,1264,17,0.7936401618664927,30.422939663556402,32.357997465850694,550.840000000001,24.144866759039445,249.46417023478034,0.4528795480262506,551.0000000000001,0.3335104825482416,1.3682052657010468,1.7292813665125348,13817648023.820705,-3.203426503814917e-16,0.2015386641817387,2.710030969858443,1.9684238233309734,0.11529656916643816,1.5468163895072478,1.5485191659463227,1.0332525812728717,0.9351712420581018,0.08378634203736782,1001.5468263074072,-0.028895398272545246,552705920.9528283,1.0,0.019866482173956913,1.0,0.0,0.0,0.0,0.0,1.0,0.0,-3.203426503814917e-16,0.0,1.0,1.0,1.0,1.0,0.0,0.0,0.0,1.0,1.0,-3.203426503814917e-16,1,1.0,2.0,-3.203426503814917e-16,0.0,0.5812953578538431,11397.60166969147,0.8274120994331375,0.7517635317406728,13775.0,0.0,1.0,77.03978221415608,77.03978221415608,77.03978221415608,1.0,0.013818338390676565,0.013818338390676565,0.013818338390676565,457.5,1.0,0.0,1.0,2804.259748030978,2804.259748030978,2804.259748030978,1.0,3.829215970151721,53.18802727956238,0.1343173180126478,0.03321234119782214,1637.1739704748281,0.0865161277352465,0.0865161277352465,0.0865161277352465,1.0,1.0,0.0,1.0,189750625.0,189750625.0,189750625.0,1.0,1.0,1.0,5.270074868001094e-09,5.270074868001094e-09,5.270074868001094e-09,-3.203426503814917e-16,7.259528130671507e-05,0.0,0.0,1000000.0,0.0,0.0,0.0
0,1264,19,0.8973944017195251,43.65749130737872,47.848092960953004,1248.2000000000028,39.17798829236049,698.6101730552788,0.5596940979452629,1249.0000000000002,0.17927185637252402,1.651465726999008,2.1166502851277413,31342428829.74247,0.8230267994749674,0.25129603606659967,2.754645173119314,2.4802640455770866,0.14558983447742463,1.8785848680906834,1.872527704916339,1.266903515910069,1.2133605296670176,0.10388599091741445,1001.8786009974804,0.03498140951858723,1253697153.189699,0.6175639661769448,0.03231938041977581,1.7525299349619248,1.2181914570901382,0.690123587784865,0.7275193668756736,0.035969469787867484,0.9057736043400701,0.035969469787867484,0.22266540098152737,0.03463645518805643,0.9820152651060663,0.9820152651060663,0.9928061060424265,0.9880101767373776,-0.7379929170858455,0.8379480500554598,0.035969469787867484,1.2568382232852862,0.5836191264801729,1.0372876579618937,0.9057736043400699,0.7251770418207801,2.5136764465705723,1.0013181881740265,0.1908722091658853,2.0062087111243656,19586.467542033628,0.627268776366169,1.58114782336678,19283.4348438751,0.19121801691152762,1.772650120096077,72.11801441152922,124.72240192153723,58.966917534027225,0.8068374699759808,0.016113034317602734,0.03032411848349932,0.012560263276128587,1244.2198074263833,0.5291567516031044,0.2354216241984478,2.1387652536795074,668.528135993096,917.0520186392772,606.3971653315507,0.7153086865801231,5.473167639957138,187.37137963056932,0.08101508615516481,0.07517213771016813,461.9265454982033,0.1301175460818959,0.3101464181412783,0.08511032806705018,28.09433962264151,0.5300818796724813,0.23495906016375934,2.8679245283018866,9686120.58490566,11652319.452830188,9194570.867924528,0.5330188679245284,2.169811320754717,0.04093983624065504,0.036867927362148334,0.11861782455181574,0.016430453064731485,5.246603945047582,0.0016973578863090472,9339021.750800997,1232.4853668189367,0.0017844052961459393,0.03589500722237026,0.0068830029307501974,0.0017794197396963107
0,1264,19,0.8929408529703079,48.34687376566118,52.73935911631843,1552.3200000000002,43.17089869875729,705.6729147550762,0.45459242601723626,1553.0000000000002,0.1979211063282831,1.3835345239763353,1.807126445373779,38948198555.45105,0.14057655179500633,0.2080098203973424,4.039912067246303,2.3889910867358086,0.13253465831762354,1.5853163122047453,1.573654935039056,0.895095730619731,1.4938953561160777,0.08736799332029489,1001.5853313268902,0.460662880070082,1557927942.2180424,0.9622407167400072,0.03007697709070102,4.082215353800468,0.2259719311828528,0.11097577030638195,0.06401140579389082,0.0063964237677902195,0.8175514184730436,0.0063964237677902195,0.05565040260570144,0.006354067096134026,0.9968017881161049,0.9968017881161049,0.9993603576232211,0.9984008940580525,-0.6696315179234573,0.40321616155746476,0.0063964237677902195,2.016881607735268,0.9584996501815044,0.1764323463889338,0.8200358095975515,0.9789146533728142,4.033763215470536,0.17003592262114423,0.01760195739042026,0.7957385050992319,31050.853547971667,0.7997644184925091,0.9104734220661752,37358.99582743078,0.018908579244873866,4.0920798454603995,76.35216999356085,310.14426271732134,18.97198683551549,0.24778564785003934,0.014272149755420998,0.05981185265978753,0.0035023602491418026,1183.4903316601774,0.773328757682226,0.11491302529964176,4.61564378634661,3236.345786052649,12960.672275271143,808.6983394019533,0.2356641679705213,4.619856796578256,179.17450459950544,0.12602360073131524,0.03928525434642627,2435.8138128356313,0.12871292698732187,0.6592962417233847,0.02861820766185684,17.96551724137931,0.619500594530321,0.26872770511296074,7.689655172413793,49926009.4137931,199712814.72413793,12481267.74137931,0.17049808429118773,1.3448275862068966,0.04637336504161712,0.08699678342860692,0.5799346522709427,0.015363680494949681,4.789015477886184,0.000746941403734707,48133642.43995243,17.00561021051928,0.007496683855240466,0.026275768968076166,4.2809507338914054e-05,0.015606385755464094
0,1264,19,0.915099946825805,42.158035792099106,46.05475002646307,1180.3199999999968,38.57881631163027,643.5474313554719,0.5452313197738525,1181.0000000000002,0.18924493024913788,1.5095492004580364,1.986643532404015,29627212094.398342,0.4422933728101177,0.23991162651701092,3.722909188874316,2.478097427353704,0.15022732652375392,1.7294272114933018,1.7039823527788245,1.0765669656277947,1.4015304617259092,0.10027650905405609,1001.7294459883602,0.6003220082360735,1185088483.775934,0.8333316311540113,0.03761868052707333,1.2523683929483926,0.8687723728134189,0.4769589241866343,0.2991563005741373,0.020149593443630417,0.8734926010372956,0.020149593443630417,0.1418348353342767,0.019731319030449244,0.9899252032781848,0.9899252032781848,0.9959700813112738,0.9932834688521232,-0.7086504885023927,0.673979892117988,0.020149593443630417,1.0874810632234024,0.8206157339606669,0.5525156696104835,0.8734926010372865,0.9024441400547821,2.1749621264468053,0.5323660761668534,0.07982647350444193,1.353163829675785,20939.96467400508,0.7092282700763787,1.330589789648549,24604.116409822185,0.08333418442299434,1.2752582557154954,74.06187976291278,90.30313293818797,70.00156646909399,0.9311854360711261,0.015350281990677539,0.021712442998650203,0.013759741738684371,1017.4482175788879,0.5828938166578506,0.20855309167107478,1.8900109476757243,1602.4102698629713,1647.2389648683388,1591.2030961116293,0.7774972630810689,5.036083764846291,185.25748994974447,0.10880422828723736,0.05896697713801862,1261.132889617083,0.1530316928675471,0.31575772838789473,0.11235018398746024,22.45,0.56125,0.21937500000000001,3.025,17556799.325,17632814.3,17537795.58125,0.49375,1.3,0.0325,0.03948989405756693,0.0703843619196142,0.03176627709205511,5.12192809488735,0.001354784081287045,17011970.809375,213.01321657787324,0.0032387705157623865,0.020915098409930676,0.0017347999171048176,0.00325397255816476
0,1264,21,0.8890676259227103,44.11865498641386,47.894049734805265,1283.4200000000014,39.22446784767411,663.1959594929,0.5167411755254704,1284.0000000000002,0.1914906008142305,1.6787495259637157,2.2036862387500724,32224101726.182697,0.9400668627081409,0.27539153074003253,3.6098309852499635,2.8308701906244,0.16927366478595476,1.9311605453500957,1.9200354689785866,1.1141626049189655,1.7167075857054344,0.11534656623356479,1001.9311839586934,0.20521814571351832,1288964069.0473082,0.5409639580361215,0.04691711709426735,2.049645221905913,1.0867254570348819,0.4938066233279092,0.8787021542335265,0.03874384266031045,0.9155388565890374,0.03874384266031045,0.23559729119583722,0.03719648817968428,0.9806280786698447,0.9806280786698447,0.9922512314679378,0.9870853857798965,-0.7519318974849653,0.8695095678784496,0.03874384266031045,1.3563390477453563,0.5040805133733972,1.1726861204600352,0.9155388565890377,0.6242890309244886,2.7126780954907126,1.133942277799725,0.22936149922345925,2.138313737720424,20034.344361370717,0.6241228773012685,1.548547816888423,17364.9430529595,0.22951802098193924,2.0706542056074766,72.12006230529595,147.30679127725855,53.3233800623053,0.7323364485981309,0.01599746483455503,0.034201821466442815,0.011446375676583083,1222.8427807744367,0.5082099267742977,0.24589503661285114,2.308462986220815,673.4798459149937,1130.726191016519,559.1682596396125,0.6728842534447963,5.575119076756755,182.90914955873646,0.07619094600644938,0.07491433021806854,465.75793957714893,0.11877182600828025,0.29092429671663306,0.0757337083311919,26.686274509803923,0.5232602845059593,0.23836985774702035,2.823529411764706,8807939.80392157,14816252.156862745,7305861.715686275,0.5441176470588235,1.4313725490196079,0.028066128412149175,0.035346362064957955,0.1287805461238813,0.011987816050227121,5.437131224324422,0.001588785046728972,8411780.634371398,4370.98444192492,0.00161902190930771,0.03848329388994949,0.008839516645869282,0.0016177568068562074
0,1264,21,0.9095936164849767,49.37741706871128,53.7776905417107,1646.3199999999993,44.91338336421611,808.2753534168592,0.4909588375387893,1647.0000000000002,0.1779519383538039,1.258955150393894,1.7800747410054774,41298558461.225845,0.21989620587444544,0.2204093976926409,4.252351214776894,2.402916768459215,0.15429284598162507,1.499260658094654,1.4837945532618197,0.8263276673172978,1.5765891011419173,0.09591581411465516,1001.4992824055313,0.695991065690082,1651942338.4490342,0.9391880604982141,0.043560083774900414,4.107615329401204,0.40500784603013323,0.13681582664961028,0.1111948538186533,0.007670658423730056,0.8707213636911277,0.007670658423730056,0.06477156371212722,0.007610256864636058,0.996164670788135,0.996164670788135,0.9992329341576269,0.9980823353940675,-0.7411377902404745,0.5215373530350182,0.007670658423730056,2.0203301794364146,0.9337565462457411,0.26976792039577446,0.8805093132657353,0.9660347299207249,4.040660358872829,0.2620972619720451,0.029716378060595836,0.9351799267929066,32073.863485124468,0.7789645047996228,0.9759580884675969,38671.06839101396,0.0307843555779694,4.118202792956891,75.8679052823315,310.48376442015785,18.9587155096809,0.24989003575524524,0.01437271751107513,0.06027815884274959,0.0035850899398702967,1353.0677877672124,0.7563087625928195,0.12946265288981004,4.520715774461099,2819.6422794262467,11305.34980262148,704.7354002559293,0.24989602724685778,4.673386956662034,216.70525895444996,0.1316451203793569,0.04324833029751063,2162.0370101290646,0.11121172927295611,0.5472418246174396,0.026449622483989205,11.88,0.4752,0.5696,6.72,63496225.88,254015756.36,15873615.66,0.2811111111111111,1.16,0.0464,0.01947344128200824,0.16189551809843333,0.0026523337189646667,4.643856189774716,0.0006071645415907711,60783616.88,20.899437310014473,0.006189208142834173,0.026637756356488546,8.090072038349526e-05,0.012899767590928295
0,1264,21,0.8901971553578731,40.925470448576,44.589684905816505,1088.6800000000035,36.431737375005056,567.0538238691511,0.5208636365774602,1089.0000000000002,0.20626748386528093,1.127904665575472,1.8550823938028789,27308182164.382973,0.528382852667358,0.38846938716132406,3.405170673699308,2.4744955713400216,0.2344245452673562,1.5264705932548006,1.5697990482337811,0.44561114580562555,2.028884425534396,0.16012431878501082,1001.5265146631394,-0.46607100001597584,1092327286.575319,0.8304913949580116,0.08827431403154636,3.99874842228376,1.229821532778789,-0.10366218749599064,0.3281601225356929,0.023250054472267575,0.8674328452492488,0.023250054472267575,0.15884372852078235,0.022694724863516442,0.9883749727638662,0.9883749727638662,0.9976749945527732,0.9941874863819331,-0.7084490158082303,0.7195718788732592,0.023250054472267575,1.9805354646096716,0.8134895177028931,0.6658109360395151,0.8687768989604984,0.9001433816826584,3.961070929219343,0.6425608815672483,0.08785254425199013,1.4836255242207395,18869.83269054178,0.6931068022237569,1.3161675841814084,22610.128227731864,0.09072275944181779,4.0180348943985305,73.8502479338843,295.6644628099174,20.665809611264155,0.285936128966432,0.01537152905749587,0.06224681345278989,0.004649776133363328,904.9162233350867,0.5476365271491723,0.28830401754707247,4.171217676915644,1261.7561781554182,5046.238229434797,321.2528672333041,0.3514952665969338,5.57532328094558,141.4193293280224,0.08738217682405648,0.06041322314049586,936.2416086370489,0.12661540275978042,0.5656707179719942,0.04598531539351786,15.512820512820513,0.3977646285338593,0.8139381985535832,4.128205128205129,15445246.025641026,61812868.538461536,3865406.750712251,0.5883190883190883,1.6666666666666667,0.042735042735042736,0.08151784234054658,0.21519875570875022,0.05525181274806247,5.060917923934969,0.0014325068870523416,14957934.635108482,43.30234591065823,0.0032743043499514003,0.0702085574571266,0.0007101584598276162,0.007111044248110642
0,1264,23,0.9560350674254202,42.15459636538842,45.68851059073823,1283.9799999999998,40.301272378475495,522.4597113194471,0.40690642480369416,1284.0000000000002,0.24312591625547159,1.3898134676675884,2.0023467676546254,32210036485.90931,0.5072601269389629,0.3082457373338927,3.3987041345062106,2.5076019127774773,0.18939860687231694,1.7124676783182893,1.7256763141573852,0.8029423318292671,1.7046595809482104,0.1266612739075439,1001.7124976309058,-0.1681635965252028,1288401459.4363725,0.8109338049902465,0.06000776134693703,4.47788216330641,1.0330380357604398,0.5034383050627798,0.3544214382152124,0.021577628513039716,0.8851174486782696,0.021577628513039716,0.1495564520209777,0.021093915150373024,0.9892111857434801,0.9892111857434801,0.9978422371486961,0.9946055928717401,-0.726149189999998,0.7186226911390263,0.021577628513039716,2.096347021146788,0.7931607740112819,0.6383964336860917,0.8886307293493886,0.8859282927677018,4.192694042293576,0.6168188051730527,0.09399976668206303,1.3635428594883918,23572.94965732087,0.7343598024087499,1.1328034471715143,26030.975140186914,0.09558003027920925,4.498909657320873,74.99638629283488,332.06345794392524,17.979081862236068,0.23842592592592593,0.01483798385109207,0.06923483388884571,0.003491482018183541,921.713612194416,0.5648835036904925,0.23189902543910215,5.407118764059264,1910.9505159119635,7785.0386261773065,474.0736939731977,0.22182498619533603,5.501027726778734,128.25802033331453,0.07908521485016272,0.05070093457943926,1443.0269410478763,0.1260471720669046,0.6998388818046949,0.027558207153882994,17.78787878787879,0.5390266299357208,0.42056932966023874,7.212121212121212,24198611.818181816,97347174.75757575,6034387.211279461,0.22138047138047137,1.2424242424242424,0.03764921946740129,0.02029050757966947,0.180958573147717,0.0023550574818461518,4.862575937540261,0.00102803738317757,23252413.47107438,49.46398019430685,0.0028298205056754367,0.08340591188325158,0.0007009627587766305,0.006558068146393816
0,1264,23,0.7100351075359326,61.22070954751604,66.41114364321699,1895.2599999999977,43.468853086996646,997.9655121146615,0.526558631593904,1896.0000000000005,0.15464069657548749,0.8247633036060334,1.5957175084373987,47517396692.61744,0.821797958928473,0.4404567086337028,2.796830297206528,2.4220328173804497,0.2479211543838318,1.237549794194887,1.277749601398214,0.09199806511832938,2.3300347522621205,0.1796542455124962,1001.2375959146469,-0.2735972412621664,1900695867.7046978,0.6325280572913884,0.09235505885900305,3.2899250900711783,1.3710519707914453,-0.6820108091474686,0.7119193036142455,0.03149204524956573,0.9152754429106735,0.03149204524956573,0.20081079045271283,0.030458570176532467,0.9842539773752172,0.9842539773752172,0.9968507954750434,0.9921269886876085,-0.7605800279687304,0.844216919236627,0.03149204524956573,1.7663007129708863,0.602981283802082,1.0181649327229647,0.9163918290173181,0.7437857165628012,3.5326014259417726,0.9866728874733997,0.1858528372159528,1.9116611659513132,31104.732658227847,0.6562179885702077,1.4441527105698873,29981.829915611816,0.18606887740568642,3.302932489451477,72.86590717299578,243.25508438818565,30.48513888888889,0.4279002578527895,0.015631376580949614,0.050319156373285365,0.0070364332794464165,1727.3079839459904,0.5303892541564363,0.24403051261688655,2.9736620792144417,890.9584130497205,3275.6424606887335,295.3556535133984,0.5161567958319796,5.532220239264924,269.6552835038907,0.08431147886133272,0.06860759493670886,638.4810468339447,0.11544837119749968,0.3172376947108836,0.06611175623601981,20.857142857142858,0.4965986394557823,0.3401360544217687,2.380952380952381,27331972.76190476,105966126.78571428,7674037.880291005,0.7076719576719577,1.2380952380952381,0.02947845804988662,0.018717384338152027,0.04069016179282013,0.014878789385213522,5.249460279921604,0.0008860759493670886,26058299.292517003,121.39511434856811,0.001365609477808604,0.12198697766504504,0.0019452537826607959,0.003663632034486919
0,1264,23,0.7544366880138427,36.64683599818453,40.09788024322483,722.6399999999987,27.647717576656802,459.9744299452102,0.6365194701998381,723.0000000000001,0.20717256390357378,1.266995004711192,1.7844697100317275,18130846839.79755,0.22723783611090392,0.2463990152085933,5.70414543928978,2.111042719042779,0.16354730833739362,1.5436484197908937,1.5643798951946521,0.21075164167089924,1.9002910773718797,0.10480333272570465,1001.543672708724,-0.9904077731854429,725233873.5919021,0.9390463264903994,0.04865285386924603,3.9768490890708024,0.37836735704376045,-0.07916608537892092,0.10263687727728787,0.008866876149127668,0.8399961726769585,0.008866876149127668,0.07301868485623128,0.008786273407308507,0.9955665619254361,0.9955665619254361,0.9991133123850873,0.9977832809627182,-0.699929654219698,0.503052309572528,0.008866876149127668,1.9883174099978458,0.9365167312969594,0.271080301732258,0.8547260787379635,0.9675536747714527,3.9766348199956916,0.262213425583131,0.027875938356603885,1.0657677032700699,13209.604370677731,0.7308218185713821,1.2363528971991222,16973.26235131397,0.0310627219840491,3.9752697095435683,74.5146887966805,296.8501798063624,19.408578453972645,0.26577224527432,0.01512848123266519,0.05968403006251423,0.0043276416935414215,717.5282692170708,0.7188908580532993,0.15624181462099979,3.87149452222277,1419.804085034813,5676.359450341744,356.7086366264265,0.3315709084108134,4.742808969275095,111.01667582636372,0.1183933562293849,0.05496542185338866,1012.7600612278266,0.13505557938018406,0.4927751514355517,0.05910043137344501,9.08695652173913,0.3950850661625709,0.77882797731569,3.9565217391304346,13228859.0,52913220.82608695,3308145.644927536,0.5990338164251208,1.3478260869565217,0.05860113421550094,0.09960618787195709,0.48587092280380634,0.056184820510121095,4.523561956057006,0.0012724757952973721,12611268.026465027,10.885093792435942,0.011994219482968835,0.029796108294094653,9.938447963514961e-05,0.024136904945789413
0,1264,25,0.8363279069190495,41.31415668747979,43.149044021855225,1057.7200000000012,34.552182188565624,500.2170706323266,0.47292012123466143,1058.0000000000002,0.23047922323070535,1.2741830712925442,1.8996448184298584,26536055296.707638,0.3190926970280698,0.30486852407399256,3.7721639080203615,2.511995618653533,0.1929218128436476,1.6254023956758843,1.6663199927242918,0.6133790402429921,1.8986165784105409,0.12958147352492835,1001.6254331745682,-0.7829599032277598,1061442211.8683057,0.9094327964808587,0.061657841665722427,4.069493838284627,0.6142005562670882,0.042915858056507314,0.1659021625806602,0.01580855997031142,0.8257068844137194,0.01580855997031142,0.11675790415522457,0.01554937747591537,0.9920957200148444,0.9920957200148444,0.9984191440029688,0.9960478600074221,-0.6682043867962116,0.5829005427753754,0.01580855997031142,2.00797668424088,0.8968560647564241,0.4146154207765349,0.8441297497625115,0.9466043387085823,4.01595336848176,0.3988068608062241,0.045427680637742905,1.1326744870624006,19683.55372400756,0.7441797249152197,1.1248216751655404,24054.497466918714,0.046879586622403435,4.082041587901701,75.11213610586012,304.4860491493384,19.409699642932157,0.2604494854022264,0.014831892113072915,0.0620459940007649,0.003947453178967761,847.4238120090383,0.6398408099641864,0.21244586031192877,4.471455851090781,1645.9219760198189,6592.616001627106,413.31207542803367,0.28783660398064187,5.353393424218623,114.05254795155568,0.0897234323353311,0.0498015122873346,1156.9850745862877,0.12680067764663785,0.6401702473668363,0.038596544776512504,13.266666666666667,0.44222222222222224,0.6988888888888889,6.3,20804810.8,83222722.26666667,5202255.637037037,0.3416666666666667,1.2666666666666666,0.042222222222222223,0.019019247758874293,0.0960278368927757,0.009841248635318786,4.7068905956085105,0.0011342155009451795,20027474.688888885,27.5528194412244,0.004808430768789582,0.049065140255270805,0.00025380836356788007,0.009966693831443128
0,1264,25,0.681313269017051,51.46271493264071,55.034898019347686,1310.619999999998,35.062230543250045,611.4136218438034,0.4665071659548949,1311.0000000000002,0.20989795978435175,0.6503177015821774,1.6197868629677887,32849293064.65751,1.0029148471245417,0.5932091001153952,2.4848060351730745,2.095641270089142,0.3258665768854579,1.1326637357001899,1.1292216818726384,-0.09839387637620799,2.1940351464653496,0.24442972951853312,1001.1327385380106,-0.18978186260202715,1313971722.5863006,0.5131475146926116,0.1497740780202553,6.942794223009503,1.1824175117282765,-0.32548592316130287,0.9520079989944089,0.035993390443804875,0.9271372739981122,0.035993390443804875,0.22283756556945064,0.03466089236062862,0.9820033047780976,0.9820033047780976,0.9978827417385997,0.992801321911239,-0.7747086032708146,0.8877754916760263,0.035993390443804875,2.591098310804273,0.47961668026983895,1.2287662463655438,0.9290889248324543,0.5707724029961927,5.182196621608546,1.1927728559217399,0.24700034735955345,2.1331498987253643,21379.402623951184,0.652308241768152,1.4839854482490176,16818.40979405034,0.24708276072730828,6.955301296720061,72.87527078565981,509.09626239511823,12.20924972455293,0.1687314602932452,0.015934307425261262,0.11078347152291432,0.002703194227150246,1105.0110599036423,0.4896016614248858,0.2734918287035361,6.69931668361164,758.016345378176,5710.287606413452,115.15382515816304,0.17916946668260303,5.805426103781372,158.08879294616358,0.06933345620751075,0.06883295194508009,513.232686167423,0.13467217697010592,0.9597662107186917,0.022932693285717166,30.677419354838708,0.4947970863683663,0.3673257023933402,7.709677419354839,6717714.5,47957995.32258064,1093682.8175403227,0.1755152329749104,2.161290322580645,0.03485952133194589,0.10677417336454895,0.9424909171228942,0.01261028099896097,5.3755785203719055,0.0018916857360793287,6438265.846253903,47.78820130040188,0.0017160383344040169,0.2509878016674716,0.00149715525853362,0.010105599106458757
0,1264,25,0.8017794806283763,33.34273316380113,36.31859028101174,598.6999999999996,26.73351927880301,535.2881384441957,0.8940840795794156,599.0000000000001,0.16203989056648804,0.9276595066103762,1.8375023154227648,15018988376.164898,0.6445864797667218,0.37710970604216776,4.588665430626382,2.3452005551312265,0.2749993818292257,1.4675807068011035,1.545497309007293,0.0771200335864524,2.268080521544774,0.16681960841098592,1001.467650085583,-1.2692991562859322,600759535.046596,0.7634472233912392,0.1389612065732033,3.7499131573599103,1.4590731447513932,-0.4650267333545405,0.45198672280138374,0.016425341785767895,0.9296287318598745,0.016425341785767895,0.12059316709734685,0.01614940484436302,0.991787329107116,0.991787329107116,0.998357465821423,0.995893664553558,-0.8112101679979966,0.7948865080078796,0.016425341785767895,1.9081451227885273,0.7613499092941267,0.7326030272418751,0.9451573755667403,0.866241992008431,3.8162902455770547,0.7161776854561077,0.11710301614678789,1.7804590652189451,9280.732888146911,0.6197484399430325,1.6501429862235613,11432.622170283807,0.12448244458627485,3.739432387312187,71.46383973288815,269.0421368948247,23.06870895937674,0.3348785012057132,0.01628572445425335,0.0604772049640978,0.00580156090755105,661.5749216511194,0.5473060834991887,0.26996569326889536,3.5609830392882116,638.5103951137037,2513.883240509726,171.10908010849965,0.42571318570195227,4.885857151058429,148.64720286130017,0.12886891602048708,0.08056761268781303,451.53589732547925,0.13219713308685663,0.5024728530985806,0.0551779456744374,7.285714285714286,0.3469387755102041,0.7619047619047619,4.761904761904762,8007757.0,31944587.04761905,2024271.4986772488,0.48280423280423285,1.0952380952380953,0.05215419501133787,0.06887043502808987,0.3335470990084741,0.016926153413102846,4.297079327540659,0.0014023372287145241,7499252.181405894,18.04047353781557,0.008257181972027055,0.05316066699224354,0.0006973187431016351,0.01909470738923184
0,1264,27,0.6496160849748804,60.28753295135351,62.97173969329416,1764.7399999999993,39.16375112865237,696.9699710299232,0.39494201470467233,1765.0000000000005,0.21366393867780192,0.6550372320504149,1.6339998502513633,44225933029.28708,0.9722465307736732,0.5919785783961037,2.4392591197246114,2.0629675750707093,0.30920735749763006,1.142994959700926,1.1294440455950645,-0.36944708400949966,2.4324146590802087,0.23383050423104312,1001.1430637483795,-0.20668001991345958,1769037321.1714835,0.5296548439358314,0.13773461205977253,7.108424208941576,1.2188875129060293,-0.47931572595178307,0.916911687630767,0.03491558302635352,0.926629859035546,0.03491558302635352,0.21763711505391398,0.03365784494775605,0.9825422084868233,0.9825422084868233,0.9979461421749204,0.9930168833947294,-0.7754220598360408,0.8818664215022286,0.03491558302635352,2.624485684705216,0.496980490791307,1.1889584782230007,0.9270833607704404,0.6083240525155033,5.248971369410432,1.1540428951966482,0.23795681766428012,2.040847431167728,29681.65645325779,0.6726721009236893,1.3372260502531919,23371.019988668555,0.23824920562720187,7.1217223796033995,73.55583002832861,526.9911388101983,11.982160214038402,0.16429870947434688,0.015431473319786419,0.10888987520136584,0.002571413917041245,1374.125388162035,0.49631782703255645,0.26235693249345415,6.700580834680039,736.97288310215,5703.775103237553,107.80381349960471,0.17816279359365603,6.041587116999457,158.16678380937554,0.05665379831062306,0.06273087818696885,442.32732440798884,0.10713687254565825,0.7352366314506884,0.018665163050615108,24.28301886792453,0.45817016731933075,0.352438590245639,7.132075471698113,16145487.943396226,131394349.5471698,2180523.9274109015,0.1810796645702306,1.7547169811320755,0.03310786756852972,0.06215076822243574,0.5473903437328445,0.007569587120284515,5.4260336621103535,0.0012011331444759207,15452353.153435383,59.9219946010035,0.0013114875314399646,0.24354544237668235,0.0013904748155044793,0.007784594824121989
0,1264,27,0.8840097884949178,32.797177498056556,36.08933360426596,680.7000000000014,28.993025943287254,467.27148622005757,0.6864573030998334,681.0000000000001,0.19793086696757567,0.4859793349253144,1.6338910242442397,17060770849.406166,1.1071167633622385,0.6099245374053994,2.67087223586515,2.3712709914541423,0.3503405021279657,1.0498946714070192,1.047371915407204,-0.44910081411798425,2.8203718055721265,0.25288255659903774,1001.0499876588808,-0.08577794268528828,682430833.9762468,0.4888622579302701,0.1861702101456128,6.769087685105825,1.930068885609736,-0.18930737877593135,1.0476788250559597,0.05005108910145969,0.9087483648771228,0.05005108910145969,0.2855596232843887,0.04747681221103439,0.9749744554492702,0.9749744554492702,0.9970558182881495,0.9899897821797081,-0.7291503215489364,0.892840029569283,0.05005108910145969,2.5533653946675723,0.44700812632002956,1.393153908275706,0.9103083752943864,0.5202431638204579,5.106730789335145,1.3431028191742473,0.2744324785393548,2.521497619740539,9222.406872246696,0.5416979073272655,1.9365315289556473,8322.879941262849,0.2780675390988031,6.754008810572687,69.50831130690162,474.76046989721,12.17146475770925,0.17927190406265295,0.01747875426071881,0.11543903180078799,0.003348229898573855,767.7760047965855,0.46232666470245887,0.3381216033467813,6.29257926271961,291.41008300274956,2143.4426930704085,46.008743884000125,0.20580286501971,5.620745104590148,122.48561371806758,0.07279795162353607,0.09747430249632892,169.91721959475555,0.14010103770439336,0.8502340563832679,0.03446918910858124,12.485714285714286,0.356734693877551,0.6906122448979591,7.6,2061244.142857143,13549284.2,368171.67916666664,0.24285714285714285,1.6285714285714286,0.04653061224489796,0.12609078127624293,0.7428414241816127,0.044355714268654145,5.014997302659241,0.0020558002936857563,1824631.387755102,35.23408858923587,0.002505453921711815,0.3373436464312505,0.0023348165206079786,0.014271230576507636
0,1264,27,0.7336873260513912,24.424074718499103,26.51490147068248,299.81999999999954,17.919634071494993,220.2759451353905,0.7346939668314016,300.00000000000006,0.2786558459413603,1.919456934903409,2.460818398192765,7533307452.629581,0.6409661617256239,0.29353422760741354,2.7201786570270063,2.719589496932407,0.1682569961785529,2.2180155130856245,2.2468931146853057,1.5729012437391625,1.1466882531932443,0.11973862325679757,1002.2180369979101,-0.4922016137906817,301332298.1051833,0.72740768,0.0430649566838312,3.514301930430852,1.1269978851144118,-0.6452703205322955,0.4874655792958861,0.03797832136459276,0.8551327846145629,0.03797832136459276,0.23216531339124807,0.036496625725970455,0.9810108393177037,0.9810108393177037,0.9924043357270814,0.9873405595451358,-0.6573165626975292,0.7473124568854812,0.03797832136459276,1.8444303637043826,0.7007814239437902,0.8370056841891146,0.8551327846145609,0.8254412030220865,3.6888607274087652,0.7990273628245221,0.1313609751651197,1.9097233897456487,4366.655733333333,0.5822207644444445,1.892817848888889,5455.5576,0.13629616,3.5116,70.48213333333334,253.96413333333334,24.611633333333334,0.3721,0.017254382863021753,0.05669703012933569,0.007393721046443268,358.48903953297634,0.5318909416340214,0.23405452918298933,2.8765128068395898,420.42669277841463,1629.537379448825,118.14902111081204,0.5308717982901026,4.972333755924022,64.57192206940472,0.09500935611386521,0.08976666666666666,274.15760622036356,0.16517716345800154,0.40657558601408106,0.10482755781898168,15.173913043478262,0.6597353497164461,0.17013232514177695,1.6521739130434783,1644785.652173913,6519256.217391305,426168.01086956525,0.8369565217391305,1.5217391304347827,0.0661625708884688,0.07351730755135151,0.07519074077960633,0.07309894924428781,4.229871195093378,0.0030666666666666668,1538452.9489603024,47.75264494260258,0.006926848508358592,0.03849754565079363,0.005267435532088887,0.006900064072023529
0,1264,29,0.8210438378000503,32.62142210939932,34.46505476566083,613.5399999999986,26.783617603196628,464.2170706323293,0.7566207103568314,614.0000000000001,0.1891495299190377,1.3421035298331734,2.311603711084652,15406561789.66235,1.0902167360723023,0.4658364883274899,3.485239553919559,2.8483248013567284,0.29348594597748695,1.840637761902952,1.8555197402064398,0.5146207793266061,2.333704022030122,0.1969601274698689,1001.8407094663936,-0.4264046067122606,616262471.5864941,0.5145927150420694,0.1436729505237961,5.601406367151282,2.4703802088056257,0.21173072404179918,1.042256575878161,0.0428111879653092,0.9211019407806309,0.0428111879653092,0.2538235976462791,0.04091030276811796,0.9785944060173455,0.9785944060173455,0.9957188812034692,0.9892972030086729,-0.7590024400047043,0.8995598166384857,0.0428111879653092,2.313340254386513,0.4768976978354944,1.357030756700449,0.921780518817941,0.6091434624294616,4.626680508773026,1.3142195687351403,0.27126694096086756,2.4696403736060857,8526.716872964169,0.5554864412354508,1.901038160617089,7898.998175895766,0.2702772612972021,5.644820846905538,69.7557003257329,390.11114006514657,15.537633007600435,0.22207383279044518,0.017101978987396623,0.09815965133489758,0.003765762037144183,699.2363839281386,0.4775946109006317,0.3031928001735824,5.968495217212178,340.7114162442528,1706.53558993332,78.16057445059013,0.21784744329312958,5.429382163457567,125.99481653732035,0.08731168372886591,0.0953257328990228,211.26189315525136,0.1404733859662409,0.8420080391005837,0.028517150207117467,13.466666666666667,0.4488888888888889,0.35555555555555557,5.8,3118150.1333333333,14355129.266666668,730321.0907407408,0.24444444444444444,1.3333333333333333,0.044444444444444446,0.02838019176640703,0.19988220509663243,0.004710891702914371,4.70689059560851,0.001954397394136808,2856347.355555556,61.86156518649926,0.0032851597355149677,0.1502212907567362,0.0038453826264131905,0.009508211682882297
0,1264,29,0.8246493961933862,39.694385243588236,45.32593076815963,869.6599999999987,32.733950823392696,561.5224530192515,0.6456804418039835,870.0000000000001,0.18617122352624332,0.23553853589095294,1.517445288947167,21790850306.41928,1.2276905186411429,0.6448914209780126,2.7688880832207245,2.419831003373643,0.38577533764309074,0.9385319165634585,1.0042732972761756,-0.45110743496492295,2.870938438338566,0.27190702972853925,1000.9386469748198,-0.4567945586085653,871634012.2567714,0.45998270841590694,0.2303324977313462,6.404157631503531,4.025463282140938,-0.7088468980647098,1.2951935595100226,0.05301407949052067,0.9213629909634853,0.05301407949052067,0.29781422262469004,0.05011766471298778,0.9734929602547396,0.9734929602547396,0.9968815247358517,0.9893971841018959,-0.7429346344010612,0.9154856421653248,0.05301407949052067,2.46852428637722,0.41619747558272324,1.543691703055781,0.9225080403904649,0.48292400043663,4.93704857275444,1.4906776235652615,0.3370519097501359,2.679071734052582,11657.265747126437,0.5359662412471925,1.92330527150218,10004.623908045976,0.33654141049015723,6.415770114942529,69.48036781609196,450.1672183908046,14.382293422733078,0.21086749680715197,0.01738098186230644,0.10945302443071736,0.0038575166754713326,937.2658423041237,0.44123683649335393,0.37057478225288343,6.032668578590758,250.144017128014,1758.4091007696256,45.40527467244416,0.23561669998786844,5.751392322567529,148.63614681466984,0.06900478266973675,0.09758620689655172,128.46444034480902,0.12989439715514156,0.7927960223590528,0.033697120015098635,16.291666666666668,0.3394097222222222,0.6805555555555557,6.125,2549257.375,17461814.270833332,439948.47294560185,0.3220486111111111,1.5,0.03125,0.09646266429209448,0.5095306643120646,0.03660396817742968,5.459962500721142,0.002206896551724138,2343935.109375,46.78385517121299,0.001995141877359618,0.35136669829763123,0.0029688558358666947,0.011033261815698315
0,1264,29,0.9183240099976694,32.229759307741205,36.74833329553873,679.8199999999995,29.59736180874461,380.5435641587051,0.5597710631618743,680.0000000000001,0.24288322407349114,0.3595191654934397,1.566934242003466,17032942185.193909,1.1213776811674299,0.6934788219858421,2.399458218726148,2.020698899450911,0.37744577755015724,0.9683156859122671,0.9612407505643986,-0.32756308454767785,2.3482619839985888,0.2819455536938576,1000.9684188822552,-0.20351264996880816,681317687.4077564,0.4814818062283737,0.20659254965369997,6.2926883095460004,2.232110361276537,-0.21113418215543084,1.1078411589074078,0.03924710831361021,0.9315641375956125,0.03924710831361021,0.23793350391525947,0.037660229552659956,0.9803764458431948,0.9803764458431948,0.9976913465697876,0.9921505783372779,-0.7789113905421596,0.9081661564486939,0.03924710831361021,2.4546974676066764,0.4473567984703723,1.3670814196490935,0.9346980453535713,0.4876814936449154,4.909394935213353,1.3278343113354842,0.2867720668052545,2.3491529138846188,10385.46,0.6109094117647059,1.6109372871972318,8185.190705882353,0.2872740622837371,6.308235294117647,71.69541176470588,454.39588235294116,14.02422181372549,0.19886642156862744,0.016311193597809494,0.10308591980310643,0.003377830021411857,606.4438842420375,0.4537764704161179,0.3443062529604515,6.087897365487347,425.5792444778761,2878.1845906288127,75.17713603891042,0.22522626882675745,5.872876837239964,84.85816448450595,0.062490410001041635,0.07854411764705883,236.1768419876584,0.11782972634929283,0.743159041041528,0.029753723465018228,9.5,0.3392857142857143,0.8201530612244898,7.25,3314881.285714286,23272047.714285713,551972.6088789683,0.2943948412698413,1.7142857142857142,0.061224489795918366,0.1268692799601985,1.4296068671374387,0.021895971140259745,4.52164063634331,0.0016470588235294118,2946258.836734694,28.665180253457763,0.0033251138544655614,0.26557824889348547,0.0018732025765762356,0.018516388559626576
0,1264,31,0.7696234781785342,30.446969550223905,33.18794962030646,470.6399999999989,23.432702605239243,444.208744520262,0.9438397597319884,471.0000000000001,0.17312598050293648,1.200658114229978,2.268890169134257,11816951542.252312,1.224270185994203,0.4915865538373976,3.186949926754752,2.764806529292511,0.32361901811552063,1.7797108041363687,1.8252016200566985,0.5725792777589692,2.1922272515335415,0.21220238223918325,1001.7797979961626,-0.5718040182168637,472678061.69009256,0.48334429794312145,0.1746944132987539,5.281258967764438,4.240203136563924,-0.08499757787828804,1.258205708935483,0.04804226800081373,0.9264746319935736,0.04804226800081373,0.27607759863230297,0.04562027784694175,0.975978865999593,0.975978865999593,0.9951957731999186,0.9879894329997965,-0.7638051890368707,0.9198915409162731,0.04804226800081373,2.231302321305672,0.44277332951920473,1.519550794879144,0.9397451426630082,0.5959080494574361,4.4626046426113435,1.471508526878331,0.32656199423407417,2.7589425421951,5855.828195329087,0.49731025013410507,2.15208489684053,5691.3791082802545,0.32454699717365143,5.347855626326964,67.65138004246285,355.1131210191083,17.93928284972871,0.25972163246048596,0.01814887462494631,0.10014448727906668,0.004553666178274408,620.4470943958906,0.4650011912741025,0.3270815335421633,5.861878611826505,218.95154621052546,1048.8101746369136,59.444367934180406,0.23128414396413877,5.278761987440391,124.29540169091587,0.09420145793867668,0.11335456475583863,124.36297307211473,0.14275480185459152,0.8835223600343545,0.030539408493017464,12.84,0.5136,0.2816,5.48,2037105.48,9212132.44,498232.5622222222,0.23555555555555557,1.08,0.0432,0.05434702882249805,0.27222988442851337,0.012063413160292923,4.643856189774716,0.0021231422505307855,1815264.48,53.324417424234525,0.00402864637123906,0.15526136323112819,0.005160858346320955,0.01120925804706874
0,1264,31,0.8902932551516939,35.83781810380573,42.32540608192673,771.5799999999995,31.906167737171508,534.9283404695509,0.6932895363663538,772.0000000000001,0.18407711772135502,0.09233284173962865,1.4798968490130666,19332854367.74873,1.3259003374165568,0.7967460639538422,2.494149696510583,2.0631704469266343,0.4415553492047766,0.8506453719391296,0.930359867821128,-0.5912888297872413,2.6544592767138755,0.3243461963345094,1000.8507875038539,-0.44209090579773336,773314174.7099494,0.43032587183548554,0.2845056573436629,6.023599736205318,5.490214002327946,-0.8994091488260492,1.5158753847562392,0.050992424820136883,0.93490452268787,0.050992424820136883,0.28958463976212556,0.04832501077582309,0.9745037875899316,0.9745037875899316,0.9970004455988154,0.9898015150359727,-0.7657895756301885,0.9315897535099711,0.050992424820136883,2.378524385071289,0.390643252332844,1.633453600663691,0.9368027698211423,0.4420296660650447,4.757048770142578,1.5824611758435552,0.39171695239409404,2.777233411743727,10319.404352331607,0.5346841633332439,1.9577982657252544,8305.28932642487,0.3926196246879111,6.035336787564767,69.3321243523316,422.20652849740935,16.73206642199194,0.2457696459412781,0.017533215434513857,0.10487518610879393,0.004437957230183861,789.029438711253,0.41279278911090134,0.42808729388194444,5.711944121754926,259.38320398877886,1726.704279145173,54.402819344981125,0.2730555096102971,5.784825943032116,145.18209374719567,0.07503049919870905,0.09897668393782383,141.2769450014248,0.13799842045886554,0.7853802619472395,0.03998395353770858,17.24,0.3448,0.7236,6.58,2549996.08,15126743.8,519439.79791666666,0.3070833333333333,2.04,0.0408,0.09748008739066696,0.8659898096105708,0.015616316963270753,5.3336606896881715,0.0025906735751295338,2401000.08,41.38073875074852,0.00245613594363026,0.33468418248578036,0.0033397208843168776,0.013466758460001085
0,1264,31,0.7895787647471548,28.865025354742897,30.955451862313364,469.76000000000045,22.7912110639932,299.9411254969471,0.6384986493037866,470.0000000000001,0.256157415142945,0.346185802924612,1.6495431669359923,11775520080.269997,1.1653035311247597,0.7080067871816068,3.43778730764276,2.0387686243166945,0.4162127959281384,1.085237223872805,1.1837396800915296,-0.73828339106138,2.7770520153780742,0.2925590376650778,1001.0853718465304,-0.8691762036899982,471020803.21079993,0.5013748266183794,0.2695375283928619,7.0280912281654935,4.8932631563195645,-1.3899232884284318,1.2663197315590327,0.03836768791361751,0.9411465476533806,0.03836768791361751,0.2339189626331279,0.036852797258505474,0.9808161560431912,0.9808161560431912,0.9977430771815519,0.9923264624172766,-0.7889523408484604,0.9155491877160978,0.03836768791361751,2.592508682666468,0.47388007360807616,1.3998991001543406,0.9434324896538824,0.6123847664358596,5.185017365332936,1.3615314122407238,0.3261718548681625,2.405734966290372,7066.077617021277,0.601368307831598,1.7339183340878226,5891.154212765958,0.33064129651425983,7.027063829787234,71.19727659574468,507.13225531914895,13.332042553191489,0.194031914893617,0.016642843432881426,0.11375216551947807,0.0035150413441687864,406.8946293800148,0.41542300790757253,0.44354257038906447,6.315968389776842,468.62218222879045,3735.092341279887,68.85322970932324,0.24553259639239716,5.656621428073738,79.34193584343612,0.08101208964639742,0.08319148936170212,299.04476940468555,0.13806976476730373,0.853970791551684,0.039881653561844775,6.2631578947368425,0.3296398891966759,0.7423822714681441,6.105263157894737,2838301.263157895,23382560.842105262,383449.6798245614,0.3121345029239766,1.105263157894737,0.05817174515235457,0.08106082412479533,0.5740457983593621,0.017850273587541144,4.24792751344358,0.0016170212765957447,2455856.6648199446,14.971918791503004,0.005378454363674678,0.25154445675466836,0.00212949856432986,0.027984928592224234
0,1264,33,0.8431805099684474,38.9345506280743,40.95656235574465,909.54,32.828854253972025,583.8822509939006,0.6419533511378286,910.0000000000002,0.18310093415983,0.7991441134311942,1.887127772572531,22813667477.17453,1.0356402350671405,0.6065993600018171,2.5247134319891176,2.5863172820873745,0.3430258037521652,1.398220177418811,1.4621578873872982,0.2815672762364333,2.3047500058509414,0.24839951575440355,1001.3983075805821,-0.2750539776291421,912546699.0869814,0.5875458867286559,0.17505075201270193,3.6476088698316205,3.1408263928099127,-0.296779327784648,0.9380857712908682,0.03310687862263262,0.9318261085656918,0.03310687862263262,0.20859327899120927,0.0319629530313982,0.9834465606886837,0.9834465606886837,0.9966893121377367,0.9917232803443419,-0.7906546911931474,0.8971049664273681,0.03310687862263262,1.8496920102284073,0.5573937468952834,1.25162363465027,0.9351263811932977,0.7180522924593765,3.6993840204568147,1.218516756027638,0.2427981624783752,2.2229848069717475,14115.538637362637,0.6204632368071489,1.6281189305639416,13366.668923076923,0.24280634899166767,3.6890109890109892,71.75604395604395,261.4666813186813,28.385380952380956,0.3943162393162393,0.01623862807638318,0.06195550673627203,0.006326720487509885,891.9328587882161,0.49984270925620944,0.3311317946872051,4.054022627135656,566.0488809801654,2078.322693178533,197.42623783783716,0.38408016192306477,5.66522988347488,142.93905325272635,0.08078007414474239,0.07821978021978021,369.6056144164711,0.12607617334636165,0.5620629792803142,0.04368794250169988,9.296296296296296,0.3443072702331962,0.7352537722908092,5.037037037037037,10573420.962962963,41510176.40740741,2857836.6697530863,0.44341563786008226,1.4444444444444444,0.053497942386831275,0.05616331269727364,0.4431279656115379,0.011017912321592016,4.680813428089387,0.0011868131868131868,9863458.685871055,65.31994855767283,0.002959096335174923,0.10119429440793089,0.0026926686227607788,0.007373151277885172
0,1264,33,0.7821014338329094,39.94093389671309,44.589684905816505,903.5600000000022,31.23786166924476,509.6312841946991,0.5640259464725064,904.0000000000002,0.20908715372368009,-0.047532552862263044,1.443333028563059,22633684799.14756,1.3637515945257976,0.751275861097108,2.885674957226547,1.9236527586315142,0.44658662105161195,0.7448052033327902,0.8099018338777544,-1.0063451374231074,2.929997896054622,0.31244271808091556,1000.7449614354236,-0.48462702580940314,905347391.9659026,0.42645561907745316,0.3126969310050268,10.758817483774807,5.843304732078176,-0.46866276312786204,1.5656004959403746,0.05320107367041881,0.9342811435594268,0.05320107367041881,0.2986322905315233,0.05028715154461362,0.9733994631647906,0.9733994631647906,0.9968705250782107,0.9893597852659162,-0.7649352967085783,0.9359318049668468,0.05320107367041881,3.2219113640677692,0.384450791244313,1.6879979639569187,0.9380115032575269,0.5198074588008856,6.4438227281355385,1.6347968902865009,0.4047003924026983,2.759383387948863,12561.181238938054,0.5558044795990289,1.8348878064061398,9637.896991150443,0.4032990523925132,10.829911504424778,70.11805309734514,754.8161061946903,7.7701468780727625,0.11025811209439526,0.0169210785621197,0.18531377248621506,0.0018630950212734454,870.3482429256048,0.4178374591697206,0.4171431023840957,11.251076234865504,301.0195225138086,3182.17338067233,33.61238314345609,0.10689892136288301,5.89034840906173,141.40353080524613,0.06690708227170541,0.09207964601769912,165.54459956753072,0.12769571251180553,1.4737149060118595,0.013687231357966189,15.590909090909092,0.3543388429752066,0.7536157024793388,11.022727272727273,3676226.5,37686748.5,387438.3658459596,0.1396780303030303,1.4090909090909092,0.03202479338842975,0.013900749374835618,0.09600480524316436,0.006700613946983448,5.186704345910012,0.0019469026548672567,3412404.1859504133,40.76250004358167,0.0020296937893334085,0.3936927767840368,0.003569301418175347,0.014564035864550712
0,1264,33,0.7801746764876476,23.77376328040633,25.00079998720041,282.6599999999999,18.547688076184926,306.18376618406614,1.083222833736879,283.00000000000006,0.1946502422608772,0.7862919779013305,1.8432114155801254,7094456619.592674,0.8789960087149538,0.5742213856592142,3.7406155178970506,2.1737253500391205,0.35179155831593295,1.37398380762051,1.4688418150591032,-0.19208534444972952,2.36581069448885,0.2413112804398277,1001.3740820688577,-0.9729874675701875,283778264.783707,0.6653654409469464,0.19679250256362543,8.32819310581839,2.7290509000075756,-0.7237967300694639,0.695786826175439,0.03515387269625122,0.9034197817164138,0.03515387269625122,0.21893782753578545,0.03388631739191668,0.9824230636518744,0.9824230636518744,0.9979321251355147,0.9929692254607497,-0.7362593866118047,0.8407168997985925,0.03515387269625122,2.857099962467925,0.6559171301632531,1.0549006536446544,0.9216985501100239,0.7963082520279072,5.71419992493585,1.019746780948404,0.18273517471792255,2.2844757278936476,3661.048621908127,0.5174627027431982,2.1998446728015084,4707.460494699647,0.1967016494150258,8.28720848056537,67.98742049469965,570.273074204947,9.0373851590106,0.13883784844915587,0.018395015811585723,0.14876790590860084,0.0028143104225160083,348.2400696326597,0.44161956170407757,0.4066217150300963,7.761971063443044,301.19431833908163,2655.694627842667,35.288632000945064,0.17106277423027963,4.931776857643631,97.99528810637618,0.12647678732347273,0.11113074204946996,205.28971554363125,0.16764712602585685,1.3051554038910502,0.03233033501172458,6.090909090909091,0.2768595041322314,1.049586776859504,8.0,1434797.0454545454,12776786.545454545,163283.10164141413,0.26957070707070707,1.3636363636363635,0.06198347107438017,0.10757892760033147,0.6324451250221235,0.029126297470090778,4.3685225277282,0.003109540636042403,1331376.3326446281,7.398279894625082,0.00914352861339042,0.22932521405865058,0.0011807063670843377,0.04914463027386864
0,1264,35,0.8643330693867184,37.312610532782166,41.04680255513211,848.7800000000021,32.25052318863081,513.3969696196485,0.6048645934395807,849.0000000000001,0.20116350775564987,0.30777818575739996,1.5314677330334303,21266517842.8181,1.1027681439500563,0.6987799898247169,2.368540114141345,2.130209649174083,0.38187498367698625,0.9774570356785589,1.0413247861841324,-0.3470944029371756,2.4773040521112586,0.28328185693205565,1000.9775632408407,-0.34062066810745617,850660713.7127242,0.48810158476472704,0.21261795755243476,6.6137570884296215,2.138524974979359,-0.40453317811215816,1.0854453326811477,0.03755893629966808,0.9330965486848722,0.03755893629966808,0.23007538587498458,0.036103388163478856,0.981220531850166,0.981220531850166,0.9977906508059019,0.9924882127400665,-0.7832678880917192,0.9060339805833338,0.03755893629966808,2.5202747463225075,0.45510327379497684,1.3376694915337075,0.9357845037748206,0.5173249575896001,5.040549492645015,1.3001105552340404,0.28075106724520393,2.3477226471044763,12868.529234393403,0.6062911300067564,1.652473401119033,10359.95613663133,0.2818892293434665,6.647020023557126,71.52946996466432,476.4027797408716,13.167947912576887,0.18678576102604372,0.016381920914769085,0.10900321099385966,0.003148182161063201,781.6607451388204,0.45942087690605793,0.34527368685256205,6.5463568202506845,425.68535786344574,3008.6551529377857,71.23076932219884,0.2082053001989145,5.801933166904508,120.14998428086369,0.07027108909095299,0.0800942285041225,243.05842978356003,0.12414022220013579,0.8384072020973117,0.027799658758744614,12.157894736842104,0.31994459833795014,0.7846260387811634,6.026315789473684,3537889.8684210526,28253218.92105263,493488.5774853801,0.35928362573099415,1.5263157894736843,0.04016620498614958,0.07991080434959899,0.69521943614313,0.012615877542046692,5.09003277660147,0.001790341578327444,3225908.8261772855,32.04744108531984,0.0027395137646868367,0.25614722607263846,0.001773134742797386,0.015303968500473938
0,1264,35,0.9218050362643218,39.156898565641086,48.29120002650586,980.3800000000023,36.095026302299146,637.6562625309275,0.6504174529579613,981.0000000000002,0.17406663115405607,0.036853589940426125,1.3700178856247092,24561816595.44798,1.314323993236819,0.6887474236517364,2.994821362476915,1.9871361342741665,0.40854795721131376,0.7501813584533231,0.7988758162323355,-1.0304615879468633,3.01759772222103,0.2863803538826092,1000.7503116955473,-0.5190688016256364,982472663.8179194,0.44544111824980437,0.26086975784177097,10.853434162591748,5.166400680048991,-0.3494186069062744,1.4370425081797065,0.05320607312776472,0.9285921822310215,0.05320607312776472,0.2986975689655558,0.05029433214655428,0.9733969634361177,0.9733969634361177,0.9968702309924845,0.9893587853744471,-0.7564916021754778,0.9287931508435914,0.05320607312776472,3.241522805482067,0.40384707413430787,1.6346656328326643,0.9319761570270895,0.5434068742854131,6.483045610964134,1.5814595597049006,0.3725621453268679,2.7595817487153083,13169.320815494393,0.5369753645461527,1.9383403940932766,10924.443425076453,0.37291651843746787,10.927665647298674,69.4393883792049,753.7777370030581,7.48734029901461,0.10754020840412279,0.017529666799705877,0.19438646936669485,0.0018704262461424833,1008.614844384617,0.41932774162916225,0.41591184732201253,11.369017768323646,277.0693461243365,2945.589365828546,29.84198660560734,0.10589116533088122,5.766682402765774,184.47429438473517,0.07546699560392318,0.09801223241590212,156.7708416570428,0.13214721355646986,1.5390693982168413,0.013871811798873883,25.166666666666668,0.41944444444444445,0.6066666666666667,12.166666666666666,3161437.0166666666,30473003.416666668,343199.4253472222,0.11689814814814815,2.1666666666666665,0.03611111111111111,0.13241079126512784,1.6126311359701384,0.012216400657943216,5.527642470572444,0.0024464831804281344,2994360.4541666666,43.76679412401841,0.0018208166596337344,0.40173715637550966,0.0033113711259168447,0.013369412629380217
0,1264,35,0.6963273199358733,25.83909358234441,27.233068134163656,293.6600000000003,17.992466783766105,321.5979797464382,1.0951371645659533,294.00000000000006,0.1888921967634927,0.8474202386519035,1.9075170820799745,7371280304.339191,0.8444923519122715,0.7161696630128884,1.9691602208495171,2.1926527714257347,0.35779012510836705,1.4465105343525513,1.5551964638790412,0.294283854939978,1.8983689164857567,0.2889631352478025,1001.4465934346828,-0.43987824399858827,294851212.1735677,0.6558632791892268,0.16604049965976997,3.477468126482856,1.8239370917247502,-0.571096300597464,0.7006367461251046,0.03728424003056634,0.8989649232902149,0.03728424003056634,0.22878234050891633,0.035847346781955294,0.9813578799847169,0.9813578799847169,0.9962715759969434,0.9906789399923583,-0.7289482072942945,0.8412497458606641,0.03728424003056634,1.8197872858043367,0.618790535953518,1.0744934415542078,0.9072334663412307,0.7643967767039241,3.6395745716086734,1.037209201523642,0.18448024653891776,2.350513380990547,3656.1360544217687,0.4974334767920774,2.122004720255449,4820.5951020408165,0.18363809523809524,3.51687074829932,67.56680272108844,236.38816326530613,26.358590325018895,0.39285336356764927,0.018028037636067275,0.06470460991904951,0.007163050360222754,481.5256848893621,0.5738382457154828,0.2504933929181188,3.6224094571992675,210.38817662781224,771.058341050649,71.31016872294472,0.4078321024588346,4.787520191778713,93.29348878102616,0.11547355463805378,0.11377551020408164,118.7693093411867,0.13808102754629853,0.5639153615382582,0.054155292751473884,5.5,0.34375,0.75,4.75,2113494.375,8324699.0625,561152.7864583334,0.4791666666666667,1.0,0.0625,0.07607434457516835,0.30781765828270813,0.023743653355406055,3.9999999999999947,0.0021768707482993197,1902468.984375,20.911141570923085,0.007904985313301664,0.12400628738792618,0.0022321021107460375,0.019715583994476912
0,1264,37,0.8973149474181169,37.357145662206364,40.87101662547679,886.6600000000024,33.52112519557364,544.4680374315199,0.6140663133912869,887.0000000000002,0.19387021875825383,1.102262172351495,1.9899095157995634,22244364922.07277,0.7917910577303755,0.4687275741199779,3.269678199259817,2.3031162836766224,0.27675747873767115,1.5627528104240669,1.594715422674412,0.3034356604672738,1.9996806232093485,0.1943600112209536,1001.5628131271312,-0.6376679640672761,889774596.882911,0.7187299204722098,0.12082193809386796,4.2506302084512875,2.3745030085875984,0.08848267537161092,0.6207580115833308,0.030370195019028122,0.9068040927867629,0.030370195019028122,0.19541743058842492,0.029414332969041335,0.984814902490486,0.984814902490486,0.9969629804980971,0.9924074512452429,-0.7559541248291375,0.8381172649561213,0.030370195019028122,2.0255943654826063,0.6861632609203346,0.9990643671719065,0.9124523530858457,0.82137705846011,4.051188730965213,0.968694172152879,0.16278205165058973,1.9401230940464314,14036.132356257047,0.6329710194478938,1.5149742524171645,15937.835986471251,0.1594321606468989,4.25140924464487,72.23643742953777,306.33691093573844,20.630572466491294,0.2887135162219717,0.015884918220492924,0.0680562673927561,0.004723427664905649,976.1684533081983,0.5934996648975178,0.24988648479240483,4.353194555789253,618.4537771399138,2531.754042031696,164.58343918795805,0.31529101147108357,5.452342345050291,139.43471099345902,0.0875804434187526,0.07379932356257046,400.12871698472344,0.11083473047055825,0.4829027335908277,0.037770422611967114,11.666666666666666,0.43209876543209874,0.8395061728395061,5.777777777777778,12849919.518518519,51528141.222222224,3239184.5452674897,0.4228395061728395,1.2962962962962963,0.04801097393689986,0.09800722730698491,0.5138467006947322,0.05148435781666057,4.606739354015312,0.001217587373167982,12175391.912208507,47.54867227392407,0.0032625659798139585,0.0883138731732285,0.0015924243178229334,0.007464319696537062
0,1264,37,0.6788816026066055,60.524118765993876,65.12173216369479,1866.4399999999941,41.088710744210445,810.869465966556,0.4344471110598565,1867.0000000000005,0.18886913952384707,0.45375871581942395,1.6381996677874324,46781173214.204796,1.0693707594818678,0.5564038724069245,4.092397604509284,2.1113810895530754,0.3712300764829985,1.1366050989921055,1.2408328760496736,-0.6771048023191149,2.78848589187219,0.24260904519170887,1001.1367209836378,-1.0774765113884635,1871246928.5681922,0.5516095431348007,0.23203273507740813,7.33586774692647,5.068599938148674,-1.5891135295312393,1.1652178744913928,0.03592175489225623,0.9401787356186029,0.03592175489225623,0.22243317719313183,0.03459150441759739,0.9820391225538718,0.9820391225538718,0.9978869555945732,0.9928156490215487,-0.7870290727749256,0.9022961750336468,0.03592175489225623,2.655850805182946,0.5207142049787897,1.2983627470886234,0.9418337775216697,0.6730385690068468,5.311701610365892,1.2624409921963682,0.3002849073459123,2.1655417936443833,30549.48407070166,0.6545149238500624,1.3664632758688455,25746.37542581682,0.3012908086751285,7.362935190144617,73.08912694161756,542.748901981789,12.908644289710171,0.18104505147890257,0.015451711145685436,0.11183190719641228,0.002941359172098838,1416.0177381410228,0.45570448007592357,0.41185673457556204,6.763867780012261,685.6323695056211,5596.315312598955,97.1271829198468,0.2232190810768172,6.118142646120284,184.78783266864772,0.06020638159401043,0.06638457418318157,422.75313006520537,0.09204822958803428,0.610446656804917,0.02272574309267844,12.055555555555555,0.33487654320987653,0.8233024691358024,6.138888888888889,30421599.083333332,263607083.41666666,3689480.494212963,0.3219521604938272,1.6666666666666667,0.046296296296296294,0.09358645384540921,0.8795400776755855,0.013805639034179714,5.003258334775635,0.000771290840921264,28740614.804783948,51.940692706284466,0.0014370073551986124,0.2336131435443092,0.001779587131793663,0.0076224255276187355
0,1264,37,0.8143336055829236,30.18163192495909,34.082840257232085,502.65999999999974,24.57791714782861,394.9033621333494,0.7856271876285155,503.0000000000001,0.20125712490591466,0.22354845356913058,1.6135183417068353,12599381068.956347,1.2577721749919308,0.8012000379123925,2.6698575175378942,1.9948235871044604,0.4567607319452257,0.9688060390121835,1.0788950674803421,-0.6237820341498909,2.618605621254351,0.33428880341273426,1000.9689567624438,-0.5756799353437713,503975242.75825393,0.4553686485460991,0.30173892948483433,6.477857394143456,5.673851315193913,-1.334504621929892,1.4862016925570738,0.03933045025112501,0.9484728916108476,0.03933045025112501,0.23814572737146628,0.03772765192826545,0.9803347748744375,0.9803347748744375,0.9960669549748874,0.9901673874372187,-0.8027376590962219,0.9323310169862898,0.03933045025112501,2.473080513301877,0.42040150772351126,1.5191839768069175,0.9487283876004557,0.5248580081617007,4.946161026603754,1.479853526555793,0.3813830357020497,2.6191037330299585,7016.757296222664,0.5579926279302317,1.853531850645629,5726.260755467197,0.37668657794782,6.550775347912525,69.8389662027833,456.6007157057654,15.468652529268832,0.22145129224652088,0.01697548712512028,0.11160407097600841,0.0037646693381882773,545.8639572867268,0.4584744372115802,0.38501434951195557,6.615403388974933,291.74258560349693,1993.8227575917795,57.694457061360595,0.22244545590954384,5.475914641680059,100.02756266799898,0.08531052026895919,0.09433399602385686,157.67842095381718,0.12064406312379027,0.8188834410720844,0.024888212411970256,9.583333333333334,0.3993055555555556,0.4722222222222222,5.916666666666667,2666438.125,19096722.5,447952.30902777775,0.2800925925925926,1.3333333333333333,0.05555555555555555,0.025915151592549025,0.21927629029368614,0.003352826734335288,4.418295834054483,0.0019085487077534792,2391905.7899305555,31.191323276192367,0.005068861770807396,0.12101695653610911,0.004880973183251097,0.015690895117344356
0,1264,39,0.8371262485903102,42.86956244987119,47.489367230991824,1115.400000000001,35.887235992368694,589.7650937063755,0.5287476185282186,1116.0000000000002,0.20074335935193482,1.2353398054276963,2.054855950418046,27993330522.888958,0.8667714539813859,0.436109123539961,3.440567161726013,2.3674816848459233,0.25556160698326585,1.6711413364671661,1.7037815999972308,0.4137180234401675,1.9537636614057559,0.17861966128384454,1001.6711935719537,-0.7198065406492592,1119733220.9155586,0.6653554707673334,0.1046455614214853,4.7213136874361545,2.311917072642223,0.41214961530603633,0.7204616393241663,0.03449834169806908,0.9086754643265874,0.03449834169806908,0.21546589100367491,0.03326322239954915,0.9827508291509656,0.9827508291509656,0.9965501658301932,0.9913754145754827,-0.7513669270355258,0.8546621477294812,0.03449834169806908,2.1330301802880136,0.628587674410991,1.091385729127447,0.9089821397950344,0.7763086920178287,4.266060360576026,1.0568873874293785,0.18873999525555885,1.9949117624035109,17780.825448028674,0.637305571613931,1.4511560283141274,18563.4176344086,0.18607288703896405,4.703297491039427,72.46107526881721,341.1131899641577,18.248504579848664,0.25593588211867785,0.015647145795461424,0.07330769978873004,0.004174560585477313,1130.6175909719402,0.5629269405316373,0.2702476032683966,4.667125209790807,628.1534887971334,2791.979118348796,153.34521335004143,0.2924377964880718,5.622558568026948,152.97138053233388,0.07825304269472058,0.07165770609318996,397.6094639454305,0.09468661655293857,0.3905229786024546,0.03425234194957943,10.0,0.38461538461538464,0.8402366863905326,4.538461538461538,19189243.46153846,78386652.46153846,4759736.168803419,0.5427350427350427,1.3846153846153846,0.05325443786982249,0.04274449090476728,0.35619795919430247,0.007812712252403695,4.623516641218008,0.0009318996415770609,18037749.37869823,70.2166912434799,0.002284937104691197,0.10970348431625172,0.0020874473084205873,0.005549355886514186
0,1264,39,0.8170514590478474,58.4691136656753,61.1493254255515,2124.880000000004,47.77227462977444,737.0954544295242,0.34688803811486896,2125.0000000000005,0.22169117409611327,0.7070987462391392,1.6492311242633029,53257294342.030815,0.8566883643762668,0.45210427049536306,5.518627088801206,2.300464422981188,0.3069031383580935,1.2442635297021498,1.336202765309345,-0.6616662790856191,2.9621307020668075,0.19225096884980897,1001.2443490168756,-1.4077519066870656,2130291773.681233,0.6606726888083044,0.1711870913438098,7.925747400889662,4.010692926406817,-1.3659914007527207,0.8370020581979893,0.027253335764923933,0.9369193374864702,0.027253335764923933,0.17978904064439688,0.026487311124682854,0.9863733321175381,0.9863733321175381,0.9983968626020633,0.9945493328470152,-0.7919256977228452,0.8612426192672324,0.027253335764923933,2.7790844189064985,0.6371921261509919,1.0336749284451996,0.9404878681886897,0.7785783773859893,5.558168837812997,1.0064215926802766,0.2160638484907283,1.7618226327978355,38378.91070117647,0.7224265543750865,1.1300643056941175,35098.236592941175,0.21685175150726643,7.940385882352941,74.82610823529411,599.1124141176471,11.238436993464052,0.1536126797385621,0.014865442642242084,0.11587376686081842,0.0024028302207302673,1342.781786755943,0.4853200455766192,0.3619041058669383,7.119307132234107,1568.5459891054102,13619.287257272867,191.65545947875796,0.1960413535047991,6.0973822607327275,179.6196206506751,0.06521265387421074,0.05192000000000001,1136.3667848383147,0.10215808911828808,0.7266982168350706,0.02120365290897352,20.23404255319149,0.4305115436849253,0.6772295156179267,5.957446808510638,37427279.17021277,334366002.31914896,4236742.720301419,0.2851654846335698,1.5957446808510638,0.033952014486192846,0.09543072403329723,0.7817931132828057,0.016915833943226554,5.426929277209538,0.0008847058823529412,36149657.79176097,42.905232085474076,0.0015685453048111403,0.1795366528513093,0.0009879255559255746,0.008510208190289855
0,1264,39,0.8757755837354176,48.52583329474228,52.347301745171166,1541.7199999999998,42.49773997995048,625.1876333808233,0.40551308498354005,1542.0000000000002,0.222636982089785,0.642119422005915,1.6145627746446758,38638236832.27089,0.9542507158426226,0.5694710884437443,2.647117479981032,1.897111210924298,0.30870308709020045,1.1437226740329638,1.1720117389007692,-0.3154159223960508,2.2125271333203487,0.228030858991981,1001.1437924617613,-0.38587823157870826,1545529473.2908359,0.5444701075464176,0.13973509706657297,7.209093009826732,1.3532603198946258,-0.5745908091107509,0.9055597416903474,0.032835327315548744,0.9300432326028469,0.032835327315548744,0.20761681011842872,0.03172239910388437,0.9835823363422256,0.9835823363422256,0.9967164672684451,0.9917911681711128,-0.7834353569847884,0.8816323514475108,0.032835327315548744,2.644032765312914,0.5103372086860543,1.1675154331756572,0.9312280976902356,0.6309580019048537,5.288065530625828,1.1346801058601093,0.23459876725147402,2.0041541473825957,26045.660492866406,0.675633216416768,1.278566179654499,20989.322645914395,0.2328395625469979,7.252658884565499,73.67284046692608,534.6646952010376,11.842487390113849,0.16137772013258395,0.015189908643478528,0.10989614937702996,0.0024773669535373788,1271.1743425091913,0.5354249774026133,0.2526762631643544,7.195333964576168,791.1594313543255,6063.719545818853,117.42149417486806,0.16828204214069303,5.942358224405162,140.81634115204562,0.05993261080161108,0.06143968871595331,483.40666755536364,0.09006934249177509,0.6585214211150133,0.015490196288760812,13.0,0.41935483870967744,0.41207075962539025,5.806451612903226,22413114.129032258,179178459.3548387,3116540.2598566306,0.26433691756272404,1.1935483870967742,0.03850156087408949,0.03919335862090176,0.16652010293974623,0.009885888247653348,4.954196310386865,0.0008041504539559014,20866701.53798127,77.84773748035211,0.001643776177128641,0.12604630743893852,0.0025205135508144824,0.0063327283377009914
0,1270,10,0.816643425422746,29.241534548195865,30.790258199631907,493.5400000000001,23.87990693805624,353.8322943214864,0.7169272892196912,494.0000000000001,0.2225710332199768,1.081120157424887,1.5095638620962788,12382915127.420628,0.3095066537428881,0.20337839163349525,3.6694969597332108,1.7610421905700486,0.13385810358274158,1.3316946912577372,1.372534246364991,0.6601219592594697,1.100920231310579,0.08814348154809638,1001.3317095267155,-0.8824088340893189,495316605.0968252,0.8950777229589078,0.029710428351025414,3.8512629285340276,0.5760678158011027,-0.3053287497197916,0.17358344019469055,0.009290342227211687,0.8976481782886124,0.009290342227211687,0.07586843692672864,0.009201599724766089,0.9953548288863941,0.9953548288863941,0.9981419315545577,0.9969032192575962,-0.7681937316064407,0.5892094167841926,0.009290342227211687,1.9519693665492113,0.8993615090642828,0.3420261396535694,0.8976481782885752,0.9473241954356054,3.9039387330984225,0.33273579742635806,0.04571844560547555,1.1838935259724874,8808.61894736842,0.7132484977626252,1.407788988509892,11054.20987854251,0.05246113852054615,3.8333603238866396,73.83271255060728,286.69910931174087,20.616113360323887,0.2916599190283401,0.01568690161249685,0.057480758851748824,0.005238437302683857,484.1632820164502,0.6385770914165492,0.1807114542917254,3.289347763395738,1124.02856156803,4477.925031753576,285.5544440216435,0.4276630591510655,4.490134698969417,99.18285529706536,0.1389023384203582,0.06121457489878542,795.5024678850465,0.14928445254288447,0.4039161714897366,0.08562652280617143,18.571428571428573,0.6632653061224489,0.1683673469387755,1.6428571428571428,4772987.714285715,19086308.07142857,1194657.625,0.8392857142857143,1.3571428571428572,0.04846938775510204,0.10168927565037199,0.21038570502384393,0.07451516830700403,4.664497779200452,0.0022672064777327933,4578443.7091836715,17.29053460488515,0.01577298006654446,0.010267135262634943,0.0005566423136216113,0.015262459799771066
0,1270,10,0.9649246792517683,31.58981097990636,34.880366970546625,683.4400000000013,30.481788227410135,482.21707063232793,0.7055733797148646,684.0000000000001,0.19218192898927478,1.1478734172437168,1.5067296195757227,17145473850.30601,0.2648938939687243,0.17640268334859432,8.478798883355903,1.7837202798321803,0.12285759091368849,1.3287465798350442,1.3502197974019188,0.15907837732749297,1.6246419025046874,0.07460768019351922,1001.328761941641,-1.6676947040220689,685818954.0122405,0.9139967853356588,0.03076443591211732,3.876958551050545,0.4913509908565067,-0.25859492973130516,0.14445874427806427,0.007971523783955162,0.8946226434707147,0.007971523783955162,0.06681532808831472,0.007905756320273415,0.9960142381080225,0.9960142381080225,0.998405695243209,0.9973428254053482,-0.767698267168217,0.5556808030948225,0.007971523783955162,1.960314770980841,0.9158791096487169,0.2964760003721365,0.894622643470659,0.9563290090888634,3.920629541961682,0.2885044765881816,0.03810756701550486,1.1388916850765467,12228.259415204679,0.7151028897780514,1.3174760233918128,15629.345029239767,0.04300160733217058,3.864912280701754,74.02152046783625,288.9730994152047,20.283625730994153,0.2837719298245614,0.015409876543209878,0.05753985813298679,0.004877381145765649,702.6862092054305,0.6928840866789697,0.15355795666051517,3.4311328597112487,1342.9872803726234,5354.938753434077,339.99941210725996,0.3922167850721878,4.379534548082267,139.52932438205698,0.14972940653565822,0.05916666666666667,986.5927063523245,0.1324391801659543,0.39969637423565396,0.06562488164852934,14.92,0.5968,0.2016,1.84,10512048.16,42036435.28,2630951.38,0.79,1.64,0.0656,0.16470543039867436,0.28764100908676304,0.13397153572665227,4.453660689688178,0.0014619883040935672,10044192.16,19.25177507503473,0.013926462576703881,0.00839833257607958,0.0003680882503425024,0.013663646567008794
0,1270,10,0.91165586439695,25.933566687465067,28.196453677723373,386.5200000000003,23.642488155356915,418.90336213334774,1.0837818538066526,387.00000000000006,0.16637078715485923,1.2098431070810196,1.8956948003889627,9704773832.289879,0.38047902869403105,0.3821854861264171,2.861243504197267,2.2011191182956127,0.21152578478220355,1.537481723369763,1.5318203774283097,0.6739140548778273,1.5272050634177854,0.1492170184953309,1001.5375173633249,-0.18111538167129276,388190953.2915952,0.8879427171176947,0.07138950316205557,4.054842105738699,0.7751258447698179,0.00463845665011884,0.20573090432742142,0.01591976832059113,0.8556814760350309,0.01591976832059113,0.11741319632309144,0.015656017020330888,0.9920401158397044,0.9920401158397044,0.998408023167941,0.9960200579198523,-0.7074599731232869,0.6340874567757311,0.01591976832059113,2.0018464176834,0.8784638263127651,0.4705892946339647,0.8719812150534121,0.936623796674309,4.0036928353668,0.4546695263133741,0.05541266816200314,1.6002142063292044,5651.999069767442,0.5841859503635599,1.9016199720903526,8590.845788113695,0.058604127689975895,4.061498708010336,69.94408268733851,282.9940051679587,18.404599483204134,0.2675854148722366,0.017208854442341586,0.07112513554661025,0.004800940783662387,655.536343691703,0.7191788194329105,0.15982301720644718,4.171674046966343,422.18425153000635,1693.7689529246993,106.91252623861371,0.2975294124099258,4.351313765858208,127.44272263723508,0.1505443633608568,0.09390180878552973,281.7920349700535,0.1390267760682918,0.6010589812631928,0.04798594724189811,6.333333333333333,0.35185185185185186,0.6944444444444444,5.388888888888889,4513940.055555556,18056740.944444444,1129523.475308642,0.396604938271605,1.2222222222222223,0.06790123456790123,0.1136476622846559,0.7361922604654695,0.021250207709433946,4.058813890331196,0.0018604651162790699,4225033.805555555,10.269591799281045,0.013131435527384645,0.0485894823151336,0.0003206966126192074,0.02739765282201534
0,1270,15,0.8812583899252551,69.12388018197788,75.03625790243008,3208.319999999996,60.91599935455608,1039.3797256770429,0.3239638582426454,3209.0000000000005,0.19318327760540258,1.6384318208206379,2.151425671426905,80530117917.98242,0.899606425215878,0.26173723075000876,3.5355060821389657,2.5498183162477943,0.16062293087008414,1.8998126977546224,1.9135399247199298,0.9636757521382132,1.586142564109581,0.10856714110716978,1001.8998339442389,-0.39258769994537945,3221204716.7192974,0.5693407365017424,0.04257369783185858,5.561330002720913,1.1606724675840652,0.5963108024409665,0.8306654790452417,0.03498008909858221,0.9191989000913454,0.03498008909858221,0.21787853075593044,0.03371464853408025,0.9825099554507088,0.9825099554507088,0.9965019910901418,0.9912549777253545,-0.7622257196309303,0.8641681884878364,0.03498008909858221,2.315687401668332,0.5338673835994462,1.1169668370387615,0.9193945450312442,0.6664395148538336,4.631374803336664,1.0819867479401801,0.21641139203595597,1.9161057835304,55418.94041757557,0.6907938973833041,1.227555969387671,45675.36058585229,0.21550545618960226,5.566718603926457,74.11860392645684,410.32897475849177,15.372101727779508,0.20660468820331704,0.015100037421914507,0.08528170260937032,0.0030876833325403385,2442.7518547308455,0.5260217376633812,0.23831088789986538,5.912869011134033,1189.0354898539167,5959.4511117446555,263.84114112212364,0.1976292183821612,5.975970314121531,279.36336670598905,0.05994257193564831,0.05779682143970084,842.0862392266446,0.09668353761491222,0.5792054618447128,0.018960097870539143,49.141176470588235,0.5781314878892734,0.23584775086505191,7.4941176470588236,35793052.74117647,158773035.67058823,8514908.708169933,0.1607843137254902,2.623529411764706,0.030865051903114185,0.06314817850388044,0.5010293913013396,0.008920884200274736,5.757813548075868,0.0010595200997195388,34902249.886505194,253.7349423211902,0.0007178583374210146,0.13861087400884006,0.002496363474748326,0.002109764362844345
0,1270,15,0.9256641065019341,69.21907323382129,73.75120338001273,3396.3800000000024,64.07361157787712,1078.8105914635605,0.3176354210846724,3397.0000000000005,0.19149959853393914,1.2688132258232663,1.9397555578108434,85201740066.64359,0.32888299817291533,0.3619747919683678,2.698304141699592,2.3001984815203245,0.20581395052976623,1.627963197321763,1.653064945233193,0.7118235657222935,1.588374915798031,0.14784004207616072,1001.6279951964124,-0.44791011561530036,3408069602.6657443,0.9010066637786428,0.0641023692601292,4.176643543410226,0.6498099593167393,0.2038849842958385,0.18430708390177847,0.015300697111606535,0.8465709874947974,0.015300697111606535,0.11369597987729915,0.015057010407654926,0.9923496514441967,0.9923496514441967,0.9984699302888393,0.9961748257220984,-0.6902021812420742,0.6004517006900834,0.015300697111606535,2.033320422558138,0.8875620577282546,0.4251414151662141,0.8527242895094578,0.9413374497107196,4.066640845116276,0.4098407180546082,0.04990194525334625,0.9987398271885256,67641.99796290846,0.7964909975026017,0.8754970583838673,76517.99092140123,0.05067170008966508,4.185363556078893,76.47977627318222,317.5057756844274,19.125431917050992,0.25098191214470283,0.014209091616563545,0.06084366051166484,0.003609094464659248,1962.5506417866675,0.6036826229619238,0.23171725784400377,4.780361502274797,4442.64008299257,17832.194103107486,1110.0008125522816,0.26721204781363844,5.563639469704626,281.9444582111385,0.08922444654825573,0.03811598469237563,3614.6093213076247,0.11551440366046935,0.5843522300969697,0.03288802145888509,34.70666666666666,0.46275555555555553,0.8206222222222221,6.08,85018161.64,340241446.6666667,21250273.375925925,0.39666666666666667,1.8266666666666667,0.024355555555555554,0.05864132394826123,0.37822123021243254,0.023113792914295807,5.925420190467014,0.0008831321754489255,83735982.86222224,85.81869290805305,0.0015435947844295581,0.05185038020988661,0.0002621458001919262,0.003270511637504296
0,1270,15,0.9382895377880094,54.576218500467135,60.96425182022658,2061.8799999999924,51.208294831020716,1003.0199277023901,0.4864589247203493,2063.0000000000005,0.16048227174994883,1.375920290185041,1.8682620333138644,51743115306.43249,0.21172243780133537,0.2593351148562486,4.391445845125991,2.184942054396263,0.1577707179837474,1.6284673229692654,1.6482894655838456,0.5869444979839648,1.5979975564122983,0.10775202796783788,1001.6284879391824,-0.7022565484194234,2069724612.2573,0.9448063769261477,0.04129957225278927,4.0550590347227375,0.35624470322697877,0.047861210228127296,0.09549669964767889,0.007837331807761668,0.8475568829365262,0.007837331807761668,0.06593464681345364,0.007774266046061489,0.9960813340961192,0.9960813340961192,0.9992162668192238,0.9980406670480596,-0.7195889724686049,0.49703126817299303,0.007837331807761668,2.008268953499226,0.9415299064986958,0.2525175755866838,0.9043817867768895,0.9701794474664056,4.016537906998452,0.24468024377892278,0.025833507863860135,0.9063819764900409,40429.804847309744,0.7839031477907852,0.9958566574145629,48728.38888996607,0.02814085760493086,4.061793504604944,75.92145419292292,306.704585555017,19.26308181181666,0.2548887811708946,0.014444109248517993,0.05966627643624909,0.003726925439895632,1588.9466777241605,0.7132891397702749,0.16092741812581812,4.411032256336305,3395.438160412048,13589.3666151674,849.8527734244888,0.27298028810849523,4.705256284258223,280.4916099664424,0.13510154385418963,0.0430053320407174,2730.3599886750835,0.1326988895772594,0.6233593311619864,0.038812010889070186,17.16216216216216,0.46384222059897734,0.5200876552227903,6.702702702702703,66750352.51351351,267010656.35135135,16690125.322822822,0.265015015015015,1.864864864864865,0.050401753104455806,0.04386266193641288,0.3032581798211083,0.012112674264615462,4.831074987250561,0.0007174018419777024,64807342.560993426,27.352281381949847,0.004726767333322546,0.02613318225948166,7.776718821492366e-05,0.009750800228394392
0,1270,17,0.8163593090408074,84.02040441570071,89.75878787060351,4415.560000000002,68.59083929413065,1218.1242999625726,0.27587085215976503,4416.000000000001,0.19337762424265428,1.3191573114484578,2.091406658749862,110782663644.36278,0.8985318344138834,0.42474461595085633,4.001138536782607,2.488264951307207,0.24914003116488886,1.7315293173611463,1.7800184008703333,0.13752325997177747,2.3507416913354295,0.17319317763924294,1001.7315789166968,-0.8508465461195825,4431306545.774512,0.6342959250616993,0.0993704391155468,4.923981649267084,2.2027221219878186,0.4888298289025824,0.7704214881391013,0.0310936091407125,0.9224384717805024,0.0310936091407125,0.19893497936244287,0.030089975616708717,0.9844531954296437,0.9844531954296437,0.9968906390859287,0.9922265977148219,-0.7778389597673229,0.8682185695495057,0.0310936091407125,2.1769588121017183,0.6042068395598706,1.102844055342319,0.9230819169354619,0.7527599899990766,4.3539176242034365,1.071750446201607,0.20037877431995346,1.8078249567713862,79931.33139492753,0.7240156829250682,1.0850407579158792,70026.27012681159,0.19924324582217495,4.938106884057971,74.96,366.91796195652176,18.138081974637682,0.24182191022544286,0.014716685055329163,0.0741068251606198,0.0035480439929557735,2815.319859417568,0.5026526032822871,0.2940978586038762,5.487929742253394,2063.9087844692617,8966.208591869865,504.63063431189516,0.23967958387078528,6.136519800152424,350.57080879349667,0.06221702363469476,0.05061820652173913,1603.523616372323,0.0908943836807909,0.5156958383395647,0.0208434725298374,44.28712871287129,0.43848642289971573,0.4054504460347025,6.3861386138613865,68947369.24752475,292838346.2079208,16795424.215346534,0.23652365236523654,2.227722772277228,0.02205666111165572,0.07153657917156298,0.478553051752017,0.012909112069218593,6.219947497538993,0.0009148550724637681,67752568.73777083,266.7851580914328,0.0006197190014303878,0.10719041734507714,0.0020498210272688953,0.001579859178286476
0,1270,17,0.9721576845028904,64.18519107630196,69.05678822534395,3048.0400000000063,62.39812673611329,996.5596246643556,0.32695096674070995,3049.0000000000005,0.19638665598461555,1.20184407425795,1.8612584095085833,76460665004.63048,0.3259305640713982,0.3548362511079619,2.815769183703319,2.361924671833065,0.20553885031082714,1.5446256620725536,1.5634286597641425,0.6037277304688025,1.7581969413642624,0.14565194089508804,1001.5446581447027,-0.23883587597725658,3058426600.18522,0.90731638568517,0.06506560817107897,4.056817848563622,0.6355011728234519,0.03267251635402024,0.17013314492883536,0.014699397979619075,0.8406069852781173,0.014699397979619075,0.1101882410781472,0.014476185901322932,0.9926503010101905,0.9926503010101905,0.9985300602020382,0.9963251505050952,-0.6890133631871967,0.5937801386895469,0.014699397979619075,2.00448482216607,0.8965400681606321,0.41422885037967905,0.8559843560204344,0.9464220421210405,4.00896964433214,0.39952945240006066,0.04620813572711361,0.9848781298804392,60848.77639881928,0.7982784703026472,0.8908525982904567,69160.19149885209,0.04805865943175214,4.067130206625123,76.48717612331912,310.1283174811414,19.7926008527386,0.2625749790459531,0.01424397018637636,0.05838403158051482,0.0039006247435518196,1675.021680646066,0.5726028653062161,0.2674778511475191,4.285034616551191,3821.4533773168387,15307.739737280288,957.3504742694294,0.32983806003530725,5.656722083308134,277.8101636306169,0.09860409949549398,0.038173171531649716,3008.449268039408,0.12948080029040226,0.5670578287244468,0.047931508787585786,29.19178082191781,0.399887408519422,0.8759617188966035,4.767123287671233,70997131.32876712,284018824.91780823,17749943.852359205,0.5300608828006088,1.7123287671232876,0.023456558453743667,0.06163218880083732,0.30807030295110915,0.028131013215738222,6.052838257510132,0.0009576910462446704,69906823.46143742,74.3470531463741,0.0017865517932273511,0.04473350743667118,0.00024107814993191764,0.0037385166279676196
0,1270,19,0.8747756856506442,86.3148853761414,92.37229021735904,4964.480000000004,75.50616303677086,1283.5551657490935,0.2585477564113648,4965.000000000001,0.19459302790706506,1.3605889885245603,1.9190459184558255,124533983714.46536,0.3067342424679665,0.2930158962522693,3.1958085459962535,2.366014170255481,0.1742990716482795,1.6460883997696611,1.65851533791763,0.6179572065060372,1.7480569637494439,0.12199345499095307,1001.6461122849284,-0.21716276828831999,4981359348.578615,0.9043417419783397,0.04784895237746642,4.207521937131721,0.609678549779237,0.2562908110356519,0.1771700673881288,0.011502654408563462,0.8779240994638624,0.011502654408563462,0.09035629238710825,0.01136658165801114,0.9942486727957183,0.9942486727957183,0.9988497345591437,0.9971243363978591,-0.7393262807038081,0.599176719037769,0.011502654408563462,2.041103854761558,0.8954139866386056,0.3794863187018902,0.880830115336162,0.9453908275059493,4.082207709523116,0.3679836642933273,0.047168180449173064,0.8704923022670918,103561.80897482377,0.8343348155071401,0.703975099006236,112251.41872306143,0.04836524036432266,4.219963746223565,77.41475931520644,323.4300181268882,19.135722501958153,0.24646257133266197,0.013817135557367178,0.060035313229390826,0.003374269222834244,2270.3800649592263,0.6027799579552091,0.21267803658815793,5.16458318348467,5848.165026224524,23486.61538848171,1460.3894417500037,0.2304111356345551,5.8363802478844935,285.1550242962991,0.07775058245451782,0.030191339375629404,4546.130359923802,0.11347821301502789,0.661172873518205,0.024634367971895443,49.758620689655174,0.5719381688466112,0.3638525564803805,7.413793103448276,157100629.20689654,628611735.9425287,39270186.41826309,0.20114942528735633,2.3333333333333335,0.02681992337164751,0.05977508141444514,0.4560538494766909,0.00942790611705629,5.841052369680889,0.0007009063444108762,155065087.4411415,94.8350185309806,0.0013905199807661122,0.04315574175479961,0.0001885935901712134,0.0029620722929343756
0,1270,19,0.933883807834019,82.23736194048035,88.48073236586598,4846.40000000001,76.80014071520023,1134.936074863166,0.23418126338378253,4847.000000000001,0.21744186250715306,1.2781276327810691,1.8308633066561633,121552690363.67213,0.25423985996802134,0.2946500663246474,4.054693020097488,2.1726926615984414,0.1782797165492315,1.557211206426051,1.5698784567200368,0.4685111325945267,1.7041815290039146,0.12159833103577089,1001.5572375311037,-0.6646995598280061,4862107614.546886,0.9307590714995853,0.05273134218688455,3.9842308105548323,0.5083148736524687,-0.08956817461929592,0.13356734650302834,0.006409411383992799,0.9083633387275035,0.006409411383992799,0.05578320297197269,0.006367182101519994,0.9967952943080036,0.9967952943080036,0.9993590588616007,0.9983976471540017,-0.8066186414280325,0.5775770897606384,0.006409411383992799,1.9880747754561177,0.9253878085080451,0.30034005863532837,0.9437790939222837,0.9616588798856456,3.9761495509122353,0.2939306472513362,0.03499418947175529,0.7134701539711701,105517.62544254177,0.8707870884468065,0.5464765917964481,112784.73048896225,0.03545703331517363,3.9861935217660407,78.21104188157624,311.2588487724366,20.725038626412672,0.2663714095775164,0.013446589941709898,0.05397388619730495,0.003627677836003596,1952.5128773221854,0.6842891012597467,0.18292187778386282,4.181133270543111,9320.890975517328,37227.410589701474,2349.9174128532673,0.30621126411209093,5.635454789742771,252.88728717902288,0.09521968653526003,0.023406230658139054,7114.530723058501,0.09498566268714445,0.4235908489275248,0.029484575019005553,19.24390243902439,0.4693634741225461,0.6365258774538964,6.585365853658536,331236343.29268295,1324460770.6585367,82938742.38617887,0.30826558265582654,1.8780487804878048,0.04580606781677573,0.13526820749481983,0.8969006409081721,0.040374399178545226,5.046457187492134,0.0003383536207963689,322501435.1279,50.51219357670801,0.0025983321128422126,0.0188657420992577,7.646367332624295e-05,0.005374922801425021
0,1270,19,0.8504536577020696,70.05834029009186,73.32148389114886,3154.219999999997,59.581371752244905,1072.8022653514909,0.34011649959466744,3155.0000000000005,0.18558003003501483,1.4195941667310759,1.9997502120718011,79145664356.07181,0.5805867184183001,0.2852217298486557,4.821036352920955,2.545282317302717,0.18559469389026922,1.7142799674269489,1.7296229887466792,0.3884116225852267,2.1568706947174903,0.11902600257978957,1001.7143109561159,-0.6771283658051864,3165826574.2428727,0.7931217386333669,0.06208362525060222,4.443469798749175,1.3131487619189872,0.4054152314427141,0.4078262487517864,0.028592356180867685,0.8690261309338867,0.028592356180867685,0.18663513399367607,0.02774994778544119,0.9857038219095662,0.9857038219095662,0.9971407643819132,0.992851910954783,-0.7004102883778274,0.7473838723743269,0.028592356180867685,2.0853443953652278,0.7640527132851507,0.7600870928480612,0.8845007389248568,0.8693154265308698,4.1706887907304555,0.7314947366671942,0.10910465123316353,1.4894385629413534,56605.11669096672,0.7176559960819869,1.1402572366454775,62557.477134706816,0.1080398974284272,4.452919175911252,74.73218383518225,328.4150618066561,18.534088043669662,0.24766296883254096,0.014876845636887143,0.06858498420005438,0.003666393747317818,2341.836893746426,0.5609822858054594,0.24991596704126054,5.182956838268202,1424.195639568203,5837.983827646116,354.69346381940034,0.24311049181326952,5.958813656419969,269.89922778463887,0.06528206083534076,0.0526782884310618,1006.5138278143911,0.10236904868074351,0.576568364732003,0.023989232827494947,75.13333333333334,0.7155555555555555,0.3577324263038549,7.933333333333334,45921233.114285715,183898962.34285715,11478676.680158729,0.19788359788359788,2.7904761904761903,0.02657596371882086,0.06871091308185412,0.5141327413061446,0.014233175844644053,5.91876182780581,0.0013312202852614897,45356945.98276645,155.60636728603788,0.0009158198996646127,0.09979303458759749,0.0010223211086618916,0.002095092754805203
0,1270,21,0.9174440308113527,84.84992297577527,95.00757864507443,5047.120000000015,77.84505534892807,1264.60958133682,0.25056063286325986,5048.000000000001,0.19914540007597137,1.2325555709283211,2.1381238576094934,126635470713.61496,0.9318996559712063,0.42846044115681603,3.2613736898173395,2.842025490474681,0.2705786110505013,1.7237733890662361,1.752172126827057,0.4815080306564721,2.360517459818209,0.18095188500963583,1001.7238339827284,-0.40366130494225927,5065418828.5446,0.6243261488443117,0.1213962274635501,4.899061836049152,2.4084513544353623,0.45705063028246035,0.8005973720125705,0.023623431440613796,0.9426356006192349,0.023623431440613796,0.16072880332350276,0.02304633348584477,0.988188284279693,0.988188284279693,0.9976376568559385,0.9940941421398465,-0.8234059782560199,0.8837115557938963,0.023623431440613796,2.1690592872328476,0.60593377293791,1.0858383822514033,0.9428340932387357,0.7535518814416254,4.338118574465695,1.06221495081079,0.2060552008632961,1.7018829630024526,97274.76339144216,0.7707984420874973,0.9212672589731289,78789.95998415214,0.20878468603152994,4.909469096671949,76.05884310618066,371.18293977812993,18.6716646856841,0.24771636731818983,0.01430075961372986,0.07087028557218802,0.0036403672805580298,2281.4918375068646,0.43575572067135887,0.38881041552865986,5.359358142749604,2830.8324274305305,12262.28035415518,691.5021588911933,0.28295442947771415,6.555948548471222,296.12978628842365,0.056529040751587926,0.041475832012678286,2153.044346118731,0.09366828248892525,0.46217127583262296,0.03237055119560874,31.886363636363637,0.36234504132231404,0.5907799586776861,5.6022727272727275,106224830.93181819,450967137.10227275,25875576.3967803,0.3418560606060606,1.7727272727272727,0.020144628099173553,0.060468886377971716,0.2136119370427873,0.02810432664897762,6.192275084497195,0.0006973058637083993,104168214.19628099,233.21627390503016,0.0007187448438377483,0.07937065359818733,0.0016437769642781098,0.0018190975111720719
0,1270,21,0.901112020829136,86.67673371177304,92.41991127457331,5183.3,78.1054466738847,1391.9316159478944,0.2685415885532179,5184.000000000001,0.18335392258808517,0.98559994887402,1.8901624390647227,129989149474.88516,0.7362715065832086,0.482161838079904,3.092671019464773,2.5618151836265532,0.28395879452813133,1.5001609143672066,1.5623352824296384,0.11997548318720314,2.44183970043935,0.2018520150767906,1001.5002229482886,-0.5274972661759387,5199565978.995407,0.7369879745132222,0.12425396862615845,3.8808207136329287,1.9900355602029232,-0.29094669959602837,0.5443785968178666,0.016898051293767258,0.939683247790897,0.016898051293767258,0.12327277065902228,0.016603830852685728,0.9915509743531163,0.9915509743531163,0.9983101948706233,0.9957754871765582,-0.8299266890480185,0.83457582151284,0.016898051293767258,1.936220663054152,0.7289471380399708,0.8411021320093883,0.9470656659499767,0.8471638872899112,3.8724413261083033,0.8242040807156217,0.14031916202790845,1.3926281898583845,104027.13222222222,0.8026784893689987,0.830606194749276,95513.64149691358,0.14506501480100215,3.889976851851852,76.70814814814815,297.87207561728394,24.424659422153635,0.3244193672839506,0.01412160409016716,0.05543617429124713,0.004748151393409951,1941.9443746007128,0.4138734911339248,0.4321304217096383,4.031159790157441,4415.132752417608,17523.81269804985,1164.5129471859032,0.431010196929674,6.3658123298491525,342.9177782850401,0.0735915270557916,0.036153549382716046,3518.4406921150967,0.11430720064392688,0.5261459154615695,0.045048105374309866,34.376344086021504,0.36963810845184414,0.5836512891663775,5.731182795698925,129573064.75268817,515395552.1182796,33230609.386798084,0.3309438470728793,2.806451612903226,0.030176899063475548,0.09180589934512016,0.45949654769571546,0.022681260794876795,5.989487676927754,0.0007175925925925926,127631087.64550816,162.03636755489333,0.0009676636413665949,0.05131824506829004,0.0008279644173605469,0.002206128717163637
0,1270,21,0.9003863495596554,72.78390274658565,78.0502402302517,3650.9400000000187,65.53363250070322,1168.6012552247294,0.3200822953060646,3652.000000000001,0.18329091169951556,1.190910703649502,1.9285500025148146,91585356890.6686,0.5105660485368324,0.3809432741505818,3.208398802665534,2.5066521685453154,0.22713581370636804,1.5614827368445552,1.5694876220088805,0.4742752544124707,2.0323769141328447,0.15802449772255905,1001.561523924849,-0.35433277188650025,3663414275.6267443,0.8374262989626533,0.08250463948121006,4.161182539242494,1.1806514581040102,0.10104114251678831,0.3141403995505686,0.020766980730800202,0.8757664913840286,0.020766980730800202,0.14520210965602737,0.020321222595149926,0.9896165096345999,0.9896165096345999,0.99792330192692,0.9948082548173,-0.7293314346310141,0.7176162535579703,0.020766980730800202,2.021840417702668,0.8227776570948451,0.631228168638641,0.9175138248727432,0.90541215083738,4.043680835405337,0.6104611879078413,0.0837268450703422,1.2616651655881996,70010.68282584885,0.7668201842918823,0.9905724209993414,76457.02109529026,0.08669428097733961,4.164041621029573,75.83789704271632,313.38829134720703,20.05525161251065,0.26805007910429596,0.014489455107932588,0.061446283671068525,0.0040247407806267245,1962.3067199531542,0.491607174876936,0.339207203252997,4.646405901400803,3008.7290946767,12072.012907566144,757.1032222207324,0.3219164164255493,5.991941558393769,309.8048847286668,0.07846740079110728,0.043570646221248635,2391.1364681899213,0.12408671259725002,0.5780884551999095,0.045320870397520044,42.46534653465346,0.4204489755906284,0.6479756886579746,6.247524752475248,67647523.28712872,270538691.1782178,16944917.8160066,0.32618261826182615,2.386138613861386,0.023625134790706794,0.04421976317973263,0.25734376770213413,0.01880654561882053,6.160541556944933,0.0011062431544359254,66830378.88952064,128.5500911288474,0.001085273430087534,0.06440434624659669,0.0006062894808219764,0.0023609466740019745
0,1270,23,0.8934030371846601,87.50544717921171,91.31615410210836,5265.58,78.17763228010959,1211.06988437484,0.22999743321245525,5266.000000000001,0.21240211406891316,1.2751834045140804,1.7865089123496187,132052024763.83798,0.23759081320145053,0.2652976693420084,10.84020290112319,2.249267526419703,0.16977388020340237,1.5256776880964598,1.5412035275785028,-0.5864036692838145,2.8356711957035174,0.10962872471538762,1001.5257057040565,-1.6162395035345214,5282080990.55352,0.9369091024853416,0.0561174072369294,8.91030906579726,0.7312759918901017,-0.1995768356540597,0.13639992551807917,0.006446639950540854,0.9097352063615229,0.006446639950540854,0.056054695463974076,0.006403936398528848,0.9967766800247296,0.9967766800247296,0.9996207858852624,0.9987106720098918,-0.7937151155950221,0.5594367655681356,0.006446639950540854,2.979567204006087,0.9310685646745727,0.28537575865577713,0.9261733948133162,0.9646400703352274,5.959134408012174,0.2789291187052373,0.035711641367154996,0.6924721839263747,114784.80217242689,0.8718936739265241,0.5404836383688927,123344.08334219521,0.03577379132397256,8.916490695024686,78.23978731484998,697.7915685529814,8.983801219563658,0.11527060387390808,0.013415403666776807,0.11952858028829964,0.001562134658747771,2140.9762265104623,0.6973630055334077,0.1897147514630086,8.851570954071448,9880.298971291832,88811.90033684428,1101.6158421066393,0.12847658760630845,5.689561425227511,254.53873624027443,0.08857484437923964,0.02315989365742499,7621.764585904009,0.09858666679042145,0.8868042358567284,0.012402353846853082,15.64864864864865,0.422936449963477,0.9408327246165085,8.54054054054054,438399194.2162162,3945059078.4864864,48726904.06456456,0.19313063063063063,1.3783783783783783,0.03725346968590212,0.0427846836602635,0.23514141778168932,0.00967879216919976,5.047291203466777,0.00028104823395366503,425739060.90723157,23.48111326664444,0.002440298086353734,0.0425820429402189,3.903098791795846e-05,0.014074627367194488
0,1270,23,0.862021908942068,71.49848914336363,74.52140632060026,3346.2799999999916,61.633264097836026,910.0660171780341,0.27196349892359173,3347.0000000000005,0.22532696818242606,1.274775129256622,1.8589377803785114,83941553841.95427,0.2664628145981275,0.30606383876212595,3.6482479686616824,2.482257039528977,0.1862510896749537,1.5914980430200718,1.6200062574568033,0.38910128127229826,2.093155758256679,0.12748851896890423,1001.5915261243549,-0.4982718880329428,3357662153.6781716,0.9272752905915147,0.0562520531095772,4.06503866998996,0.5156104355886062,0.05458528925154837,0.13663071232145116,0.00938830803328456,0.8712737605171132,0.00938830803328456,0.07650503428551038,0.009297506670406972,0.9953058459833577,0.9953058459833577,0.9990611691966715,0.9976529229916788,-0.7422006638609266,0.5670247387959242,0.00938830803328456,2.0082898290697013,0.9197280588505712,0.32894355659726765,0.8745662558582167,0.958732338255561,4.016579658139403,0.31955524856398376,0.03650475508868392,0.8081650462975536,70502.53713773529,0.8425758845262658,0.6837626079890494,77589.759940245,0.03736094920297947,4.07079772930983,77.55416791156259,314.7523394084254,19.850070378116392,0.25772964180194535,0.013758924575152681,0.056475288083784686,0.0036276951777777463,1564.1144680087941,0.6394836632821647,0.21419226800743887,4.360017706560801,5494.84310732401,22014.217956670804,1376.1626527713668,0.2998307200784044,5.8249809493631695,202.70155491878893,0.0870238550696526,0.02905288317896624,4076.294027206962,0.11303398655856627,0.5087894453034606,0.03780774349749828,20.925925925925927,0.38751714677640603,0.8463648834019204,5.148148148148148,119888331.05555555,479595357.5555556,29973587.825617284,0.4773662551440329,1.7777777777777777,0.03292181069958848,0.06012207762113749,0.28027410798518254,0.032644999888670825,5.532665279941232,0.0006453540484015536,117487266.02640603,51.648576552186015,0.0025334545328437293,0.028956908124026483,0.00011943416332133478,0.005264489002569074
0,1270,23,0.804717584828893,63.63886431539674,66.09568821035151,2474.899999999987,51.21131319313969,872.0410388418231,0.3523540502007466,2476.0000000000005,0.20223058410434672,1.303695357994352,1.9675924014380424,62105229723.66377,0.5200284455797042,0.33608995610898806,3.6117132744436478,2.4683925870342383,0.20794730266278036,1.6563448226491317,1.6785451215115061,0.4999811920916069,1.9684113949426314,0.14048826955400265,1001.6563804124958,-0.5020941188017616,2484209188.9465513,0.8246239794759905,0.07129759284417936,4.330665506814434,1.1614793977709452,0.3233849732644169,0.3416820662648795,0.024921744891612554,0.8640266009142374,0.024921744891612554,0.16767575979077787,0.024281575296959054,0.9875391275541937,0.9875391275541937,0.9975078255108387,0.9937695637770969,-0.6975481600785354,0.7171353586220744,0.024921744891612554,2.0619105627984378,0.800927355290178,0.6753840073914625,0.8656975966103928,0.8920549994877047,4.123821125596875,0.6504622624998507,0.09165095278912302,1.3662508793568984,45491.76219709208,0.7349234603730547,1.0988367292078265,51044.22432956381,0.09178728393547361,4.336785137318255,75.06439418416801,322.5143295638126,18.805949111470113,0.2523411416262789,0.014755564647626538,0.06533076991117755,0.0038128804025856873,1717.8310383701203,0.5523394043597736,0.27350381496471965,4.861568936130636,1686.4174782851799,6851.7527832653395,420.86150643225875,0.27665450846597744,5.867348104780106,241.41477398326464,0.07895563925155086,0.04995961227786753,1213.510605605224,0.10706369400135346,0.5249839812192902,0.03426243638528691,31.32,0.4176,0.7616,5.96,41153051.12,164889881.16,10282470.232222222,0.38222222222222224,1.9066666666666667,0.02542222222222222,0.05875681513862007,0.265218755696776,0.028747134610723143,5.888688357104835,0.0012116316639741518,40471876.008888885,103.65650268367045,0.0013461782196693601,0.08233166653694997,0.0007571162273294296,0.0029851646900067035
0,1270,23,0.7543248331291177,42.40603097343314,44.88028520408488,987.6999999999989,31.98792223770315,545.5224530192484,0.5523159390698076,988.0000000000002,0.20422308322079394,1.5970913276512597,1.978231062739,24788158558.601227,0.3869049573745057,0.21555133574024898,7.069579763210854,2.1945357492701274,0.1262986386573139,1.7829831067775903,1.7880774487093187,0.4541341222596782,1.7404016270104492,0.08772407263025596,1001.7829966679436,-1.0591134982794232,991526342.3440492,0.8664967070432232,0.027170690921342878,4.336058433052356,0.7720400288472974,0.3834236560518899,0.2496563168854975,0.021005951129945567,0.8448055457199783,0.021005951129945567,0.14634754293595387,0.02054553292389569,0.9894970244350272,0.9894970244350272,0.9978994048870055,0.9947485122175136,-0.6714805071355687,0.6362059344269487,0.021005951129945567,2.0685491725377805,0.8449888859352213,0.5146610092676326,0.8616214698923979,0.91713230596882,4.137098345075561,0.4936550581376877,0.06766556700386075,1.3389912996932047,17153.901943319837,0.6944899572194266,1.2967142552738122,21402.46866396761,0.06722418003901064,4.340566801619433,73.81538461538462,316.28226720647774,17.93973459289249,0.24205128205128207,0.015225808167396514,0.0680223879359061,0.0036773403706378506,1003.199336932267,0.6686365985435483,0.17237754378963802,4.940404466545376,1143.1932807000019,4636.498749296551,284.15582806147637,0.23146150557974748,5.098522744850461,136.81011106032398,0.09490912744834795,0.06052631578947368,811.0895792728362,0.109627975462666,0.5692752519827695,0.02559134855163452,16.076923076923077,0.6183431952662722,0.4571005917159764,7.5,20157478.307692308,80797292.53846154,5034759.27991453,0.22970085470085472,1.1538461538461537,0.04437869822485207,0.046170335847379576,0.10602539063999528,0.03943801284876184,4.5465935642949304,0.0010526315789473684,19254978.307692304,34.83241674464544,0.0038706854163842314,0.08119797177994983,0.0004694071688631076,0.008562586484816644
0,1270,25,0.9121267169983718,79.63114743730361,83.88229849020593,4433.560000000007,72.63369708280105,1188.0071426750376,0.2679578358418598,4434.000000000001,0.19868367084510302,1.3518911293995803,2.028508304557921,111230839318.8818,0.704498172394082,0.30859839927754895,4.559769943167945,2.7206362793282626,0.2138521161524363,1.7162985405746645,1.7430734265392873,0.4107686891250392,2.3098675902032233,0.13178924343750467,1001.7163408843763,-0.6274227130623228,4449233572.755273,0.7407970482731849,0.08483295428969027,4.52289002438024,1.7002502977790308,0.4114813655699211,0.5175676147816899,0.027055061751175124,0.9005377610019983,0.027055061751175124,0.17878822583886347,0.026300948744589703,0.9864724691244126,0.9864724691244126,0.9972944938248824,0.9932362345622063,-0.7512820655540152,0.8040321691342874,0.027055061751175124,2.0976801143388624,0.7197913080285213,0.8652784876485453,0.9221749786527251,0.8407753712240338,4.195360228677725,0.8382234258973706,0.13615566913321625,1.5245168155233597,82860.5551646369,0.7475016253011899,1.0174318995240983,82117.35280108254,0.1390288835868486,4.538123590437528,75.51745602165089,338.13296346414074,18.958211547135768,0.252090161880419,0.014568315660850617,0.06815744847045886,0.0037128992347656947,2359.5596941141575,0.46137610265927914,0.35076724508586304,5.399031788207118,2021.7271841634813,8385.62515569452,501.50476287988994,0.2661229269371189,6.3507827917233755,302.0985424173263,0.05858905479412128,0.04608254397834912,1478.497186976953,0.10352400355331824,0.5937351082049203,0.027937524147768865,77.77862595419847,0.5937299691160188,0.40871744070858346,7.465648854961832,67793309.55725192,272184150.54198474,16931600.786895674,0.21480067854113655,2.6946564885496183,0.020569896859157392,0.0646508096164622,0.30609352335413886,0.026431274227584716,6.296557925102452,0.0011817771763644564,67077283.5389546,215.89996773810242,0.0006903160427681777,0.09313869797448263,0.0012572627279649974,0.0016264032595409766
0,1270,25,0.9121267169983718,79.63114743730361,83.88229849020593,4433.560000000007,72.63369708280105,1188.0071426750376,0.2679578358418598,4434.000000000001,0.19868367084510302,1.2688762313661108,1.9420185744543175,111207082195.05951,0.5018374904613645,0.33731406768348937,6.711023001558909,2.4512300907003057,0.21253690810592296,1.609319475869505,1.6223798152607034,-0.3347675794002086,2.7859976701005142,0.1400883858965447,1001.609359897183,-0.8646025724499085,4448283287.8023815,0.8379358711917526,0.08097273028344136,9.366739874276204,1.5655449429547097,0.18111051936425854,0.3394168479611851,0.01572409628649336,0.911382898002585,0.01572409628649336,0.11633192420692925,0.015469009112220045,0.9921379518567534,0.9921379518567534,0.9990750531596181,0.9968551807427013,-0.7797423110419891,0.7333676635501593,0.01572409628649336,3.0472638020730014,0.825745670931166,0.6044414240262538,0.9164022257490985,0.9064421940405375,6.094527604146003,0.5887173277397614,0.08878523606191963,1.1488645871111478,89446.56819124943,0.8069153648285922,0.7961136511668456,92885.19132160577,0.0900811903100839,9.376986919260261,76.83671628326567,717.8044113667117,8.555591013882625,0.11170037087154815,0.014045591581827272,0.13283502857565618,0.0015848309609837782,2039.467349689993,0.5234658897227115,0.3218645625545383,10.035399693919604,4892.168852022698,44316.25315910976,542.5449136153779,0.11856129317218182,6.097344465404151,281.02541830053485,0.07367799196962149,0.03498421290031574,3926.626253577736,0.10581497866286961,1.0702521045852529,0.012797588435332952,38.97701149425287,0.44801162637072267,0.9063284449729158,11.264367816091953,117396618.68965517,1057475648.0344827,13038911.288793104,0.13968710089399747,2.632183908045977,0.030254987448804335,0.10956209617303968,1.0453223556422455,0.01701675143410361,5.818063863933763,0.0007848443843031123,115773191.22235435,48.88822080324778,0.0012107654178771827,0.11789010815338573,0.00023703721309720023,0.0074955713658949145
0,1270,25,0.8936102828761825,59.65009267839855,66.78353090395865,2381.2400000000007,53.303936191934234,962.3169839772304,0.40412431505317825,2382.0000000000005,0.17975805729395952,1.279874477890408,1.9748104000823756,59746393528.32467,0.5837701178527189,0.36086902912048635,5.004042481658839,2.4127535011978765,0.2239994837486496,1.647580160127015,1.6873065629026587,0.0657642594487189,2.3469892417491574,0.15029340367622357,1001.6476227563155,-0.9868023781968669,2389855741.132987,0.8034803297330032,0.08533274008728475,4.281169813295236,1.396183705510997,0.2214462071149227,0.38886406580459776,0.030096377678366048,0.8562917936884913,0.030096377678366048,0.19411184971186374,0.029160173011627915,0.984951811160817,0.984951811160817,0.9969903622321634,0.9924759055804085,-0.6837648781080772,0.7402959819623884,0.030096377678366048,2.0473098958668086,0.7761580759762066,0.7661359002912957,0.8738353889554331,0.877973392493633,4.094619791733617,0.7360395226129305,0.10474011087074095,1.540742505719588,41335.38451721243,0.6941290431102003,1.2589539666728,47847.25363560033,0.10519326067814797,4.299882451721243,74.03489504617968,313.79748110831235,19.287848679914173,0.26147401809870324,0.015172288645376987,0.06731296963198627,0.004033545922407309,1872.280080607186,0.5337924447717171,0.2868771308765013,4.967851204997322,1263.1214896207732,5095.991883000919,318.9098996409141,0.27317746791215086,5.762416300973161,268.90386229999876,0.0774978758684344,0.05863979848866498,922.3523474078215,0.11192392872258815,0.5834820038794479,0.03320226145200775,43.3855421686747,0.5227173755262012,0.8500508056321672,6.313253012048193,34042227.4939759,136224716.48192772,8514215.648594378,0.39457831325301207,1.963855421686747,0.02366090869502105,0.048919752527059435,0.2807353172666798,0.01809218642971457,6.043596359005614,0.0013937867338371117,33527464.465960227,121.54407211146635,0.001171816222348095,0.09516589324524745,0.001049798823742655,0.002605361947278384
0,1270,25,0.7917174919064415,55.00028761812547,57.80864987179687,1779.3600000000029,43.54468976715521,821.1037805416089,0.4614601769971268,1780.0000000000005,0.18211209563377728,1.4297134894298655,2.0199588002843836,44656001159.350105,0.6148429278218259,0.2770226351046541,6.962920146810057,2.3346994792962157,0.18394988703643983,1.7512578716968772,1.7881717038243778,0.04009070852113789,2.2946087707750777,0.11900228163792922,1001.751288509448,-1.3026745523932537,1786240046.3740046,0.7688870758742583,0.061382812532584353,4.5683499568988415,1.2893242452853824,0.503230460039404,0.44526329023930283,0.03387286431874847,0.8586246691752849,0.03387286431874847,0.21268267174429523,0.032690711957598866,0.9830635678406258,0.9830635678406258,0.9966127135681251,0.9915317839203128,-0.676913209333397,0.7510143626953216,0.03387286431874847,2.113173366135787,0.7353701125334124,0.8131583582034128,0.88395615271705,0.850470643325558,4.226346732271574,0.7792854938846648,0.11978403863951281,1.6829955758934703,29291.196988764044,0.6582291458149223,1.3904625173589193,34215.47487640449,0.11939146269410428,4.5734831460674155,73.11042696629214,329.39060674157304,17.648372034956303,0.24111111111111114,0.015546613915853482,0.07366848108656696,0.0037412310719994748,1665.6056978184952,0.5613951171034766,0.24635009749927333,5.23541669398779,909.8223081603529,3766.1629013569873,224.78570400096356,0.23819181066111653,5.632557035472402,225.86568509352247,0.07738287925715001,0.06640449438202248,644.9438768553223,0.1082120242044084,0.598620756331407,0.02649976762286957,45.361111111111114,0.6300154320987654,0.47665895061728397,7.513888888888889,20685892.861111112,83029625.16666667,5164018.05632716,0.2357253086419753,1.7222222222222223,0.023919753086419752,0.046223746327002026,0.3771666411874151,0.008720097181058435,5.8261071194678005,0.0016179775280898876,20303900.191358026,106.30977148832929,0.0013622720278250572,0.12411387151003285,0.0013329565999521179,0.0032134592561440696
0,1270,27,0.8008528386481377,77.7486955560886,81.54532482000427,3671.1600000000026,62.26526353728341,1265.3125250619698,0.3446628654327158,3672.000000000001,0.16974960850521317,1.2278863292092748,2.2501351784855954,92114407925.78476,0.8476722459546177,0.49140829351165793,3.6197185682379667,3.0350285948782187,0.31447917608698384,1.7109136754913634,1.6919848833774123,0.2499299373756044,2.785098657502614,0.2085641790262932,1001.7109977128292,0.5305869102393538,3684576317.031391,0.6557395068848163,0.16836224421624435,4.914201408490033,2.0027882593225192,0.6089740710854759,0.7131450676027568,0.020968366514415148,0.9428529685156435,0.020968366514415148,0.14630143738703671,0.020513575737918722,0.9895158167427924,0.9895158167427924,0.9987665666756227,0.995806326697117,-0.8255445111378441,0.8666325949416488,0.020968366514415148,2.1774198394090694,0.6385727775724481,0.9898970652120537,0.9463207203478945,0.7770829290296527,4.354839678818139,0.9689286986976395,0.18352835852929297,1.6549902065079345,69329.18649237473,0.7552198964310972,1.0012161988978598,60196.88673202614,0.18486752910798793,4.928627450980392,75.56952069716776,369.5110021786492,17.822316781650933,0.2366544117647059,0.014462872942386832,0.07229890746422024,0.0034813177005841773,2038.1807215634979,0.48587916709978496,0.32534780436688326,5.472932752078544,2200.4396014381177,9743.098315026618,528.0285061412728,0.24947782383232794,6.166467070374301,302.4136142502304,0.07409725234015668,0.04558823529411765,1630.8388471543542,0.09606252850204762,0.5035186610149875,0.02880485539005971,21.857142857142858,0.3469387755102041,0.8707482993197279,6.095238095238095,84199463.26984127,348786841.52380955,20728794.092151675,0.3892195767195767,2.0476190476190474,0.03250188964474679,0.02274302311108218,0.07193015370086914,0.015181559266854182,5.679583296481431,0.0006862745098039216,82076197.96371882,84.71563248807621,0.0011195771292626176,0.14046032233962316,0.00064297836992612,0.006424941927318487
0,1270,27,0.7871778565982992,79.81981823158995,84.23324759262225,3809.2799999999856,62.832393429608814,1191.8816592754463,0.31288896045327486,3810.000000000001,0.18356642220068198,1.25937216385955,1.936709239072673,95551621124.74681,0.47041130199393577,0.351041383956193,3.02479456776357,2.5484094922353164,0.21206766596773227,1.5820259722127203,1.5657947000414443,0.6154822717051303,1.9329272205301862,0.14662583380301994,1001.5820615314523,0.1616949850767065,3822064844.9898734,0.8430868075033928,0.07123099164892752,4.312978208900617,1.0497467837777972,0.340163424843697,0.3066906413280426,0.015354430840444352,0.9046109384737877,0.015354430840444352,0.11410120969953051,0.015110437816696937,0.9923227845797777,0.9923227845797777,0.9984645569159556,0.9961613922898889,-0.7720983108352716,0.7165211133159808,0.015354430840444352,2.0591610319366636,0.8295568688056312,0.5733393773794616,0.9139947091757266,0.9083114880055922,4.118322063873327,0.5579849465390179,0.08051126804212173,1.155675216758497,75802.47092913385,0.7958264664475996,0.8642074827260766,80304.01841469816,0.08121399273909659,4.321354330708662,76.50580577427822,328.49722834645667,18.997690580344123,0.249591426071741,0.014161874041538458,0.06218851986590301,0.003596288620108186,2097.5893987468735,0.5787251123625146,0.2518563936813085,4.806541150894654,3561.338569755687,14483.00490162208,885.9527997460959,0.2728970859449591,5.952000061363272,269.8832340962823,0.07673527251085616,0.03784776902887139,2733.3794212966477,0.1094776149108272,0.5480026748529636,0.03329032853707631,33.6578947368421,0.44286703601108035,0.8961218836565097,5.552631578947368,100059637.63157895,401313220.9605263,24987207.44261696,0.4612573099415205,2.236842105263158,0.02943213296398892,0.04684599050369505,0.23730519993662627,0.020088908733367297,5.823392480463428,0.0007979002624671916,98488903.12673129,98.51896081800429,0.001395967206288174,0.05126859099009637,0.00041941141662926355,0.003055030780752705
0,1270,27,0.8339362074713511,63.0939823850614,67.45250180682702,2493.1600000000035,52.616356384462335,945.6057141400056,0.37927999572430343,2494.0000000000005,0.18718451536306474,1.0590120338364408,2.0221662886358627,62546248633.48917,0.8811575294203102,0.5247945226597639,3.079481219035965,2.6776440664167183,0.3045695311141414,1.5724580586593928,1.6130716380199792,0.10853628832851563,2.5691077780882026,0.2156320140743849,1001.5725296817691,-0.36122857974342454,2501849945.339567,0.6771487501358514,0.14347147315323938,4.311085025224067,2.672401920231585,0.12058661691474251,0.7041387442508905,0.036174870683480964,0.9022279159854738,0.036174870683480964,0.22363500888135596,0.0348263694652274,0.9819125646582595,0.9819125646582595,0.9963825129316519,0.9909562823291297,-0.7397452632670801,0.8517082156188771,0.036174870683480964,2.035704757951741,0.6479858343057266,1.1028815196163309,0.9027581909335167,0.7955591358994161,4.071409515903482,1.066706648932851,0.18507840373359283,1.9177661926352432,42084.627842822774,0.6749739830444711,1.3563933368874392,42220.22457097033,0.18700836946924426,4.336968724939855,73.56468323977546,316.451259021652,21.07497371469304,0.29105408536042054,0.015425038371254527,0.06804700511512336,0.004662902999336365,1753.2750718061016,0.44619612853819685,0.39039923449884484,4.695223612276716,1014.6751076834902,4183.662629093389,261.67375384910014,0.33777619855563135,6.0911725903461225,276.16398109907897,0.06997106380103267,0.06280673616680033,721.0060680223319,0.1209731028798138,0.5811408761402095,0.042790471849033576,38.03157894736842,0.4003324099722992,0.8682548476454293,5.168421052631579,26207998.021052632,105265903.1368421,6564783.788888888,0.4842105263157895,1.9684210526315788,0.0207202216066482,0.02762711469380782,0.18290188212530067,0.009011760363189769,6.196068503022218,0.0015236567762630313,25777247.605540168,166.60479241524078,0.0009696012522244318,0.1063107234118885,0.002265681343721285,0.0022638607051279846
0,1270,29,0.8502141784984762,75.70979699363828,80.8655674561182,3674.2800000000125,64.36954285523258,1178.9444009752417,0.3208640607071964,3675.000000000001,0.1822626717320599,1.1957729282738807,2.132214972064072,92181210900.02809,0.8792447628221868,0.4227306723700206,4.101495529490437,3.030196754597293,0.2939605817041267,1.6649893889226215,1.6567794293059064,0.0861403962161958,2.9440563583810975,0.18359140718758585,1001.6650676525601,0.3658952544854951,3687248436.0011244,0.6690683434198712,0.15678789744149185,4.601956059845708,2.6495858995512567,0.3755656613574907,0.7299568836175534,0.023461477878627214,0.9377174462585645,0.023461477878627214,0.1598986560322911,0.022893477812964705,0.9882692610606864,0.9882692610606864,0.9986199130659631,0.9953077044242745,-0.814706322674863,0.8721886987267755,0.023461477878627214,2.1036473529492254,0.6485945677737373,1.0411967343235546,0.9401989151104836,0.7916102736941483,4.207294705898451,1.0177352564449285,0.1883545903740452,1.710556247611196,68812.48114285714,0.7489793865889213,1.013100213992318,61470.65405170068,0.18860614820861676,4.614780952380952,75.48093605442178,346.375412244898,19.7997425547997,0.26438488284202566,0.014518296258589101,0.06779305113267277,0.003919121273212541,2068.470041100898,0.4841043553303937,0.3470493875733997,4.979085104385481,1783.003598133062,7660.233637885161,444.76054663524883,0.29365393092741043,6.348488550578206,272.1957965260618,0.06483040401020457,0.0463156462585034,1236.1887433622826,0.09334134996047908,0.4842205421177683,0.028042885408594696,28.27777777777778,0.39274691358024694,0.7222222222222222,6.166666666666667,75593789.70833333,307505094.5138889,18821025.088734567,0.3492476851851852,1.8888888888888888,0.026234567901234566,0.06036251092202375,0.2080540377365056,0.03127418339366012,5.864369445886737,0.0007836734693877551,73965507.37326388,93.4383555093263,0.0010272320672257197,0.15572304335422668,0.0007338703717847937,0.0059509506659406975
0,1270,29,0.7573786860724003,71.55969085045807,73.84741024572223,2909.259999999994,54.19778463206709,1066.099321626337,0.3664503418829322,2910.0000000000005,0.17934882382525882,1.1783410371142093,1.88445201966889,72974163563.43542,0.47534883902609204,0.35910981510325635,3.686172440362795,2.7450545336473042,0.22463851435427673,1.53941609003187,1.5310184095750787,0.6269371717210562,2.118117361926248,0.15141805865990207,1001.539458082073,0.3579513728330319,2918966542.5374174,0.8498879561649013,0.0841133705285489,4.186619757712811,1.0960898313115066,0.1770031263937153,0.2945336643996297,0.016145229739889265,0.895959664732952,0.016145229739889265,0.11867369587607347,0.015873425293228795,0.9919273851300553,0.9919273851300553,0.998385477026011,0.9959636925650277,-0.7621123736043474,0.7135077469027015,0.016145229739889265,2.029044725197286,0.83728170764459,0.5786274652076364,0.9145371950645453,0.9134139133364444,4.058089450394572,0.5624822354677478,0.07766972353487975,1.2076011647388123,56566.99112027491,0.7775531425467342,0.9765197036407223,61829.34881099656,0.07928554003849742,4.191010309278351,75.97902405498282,317.9530721649485,19.582663612065673,0.26213287514318445,0.014450408864576759,0.06062008473530687,0.003995529396169396,1756.9641073049097,0.5665061907527161,0.2725465820024803,4.281566194562698,3119.4877406955156,12640.320350903126,778.8171507522948,0.3322924530165063,5.6858151899968945,271.35855370870496,0.08971280414633301,0.042450171821305845,2442.8411952652564,0.12830874389057145,0.5185175665630911,0.052085174701053644,30.257142857142856,0.4322448979591837,0.8655102040816327,4.1571428571428575,63767800.6,255584583.57142857,15931983.190476188,0.6075396825396826,1.8285714285714285,0.026122448979591838,0.0479875999293361,0.20333178936874086,0.03058449582539102,5.80421319548547,0.0009621993127147767,62687685.80408163,79.56026946197466,0.001732489685863775,0.04916525645228404,0.00043591867168147057,0.0037337415953368003
0,1270,29,0.9004210605584659,58.24075268326225,62.66769502702329,2298.400000000005,52.44120029878633,889.5890619158604,0.38704710316561886,2299.0000000000005,0.19104175722888728,1.0227411147690306,2.005750539198311,57653797620.03924,0.9113196292423014,0.526142655229979,3.2250036316586668,2.740897393339827,0.3111858464505597,1.5541549309351033,1.6095275872548018,-0.04982699115799632,2.7907243844978233,0.21780870021938498,1001.55423037483,-0.561826383902418,2306151904.80157,0.665695577686537,0.15112229832736046,9.241700569681292,2.879576458392248,0.010705108043732148,0.7427126112472706,0.040063736980007786,0.8976195282395248,0.040063736980007786,0.2416760673283766,0.03841051449378324,0.9799681315099962,0.9799681315099962,0.9976433095894114,0.9919872526039984,-0.7280080990875191,0.856238421321521,0.040063736980007786,3.0109862663052884,0.6317339099936503,1.1563010429876162,0.9043597283434929,0.784824827264783,6.021972532610577,1.1162373060076092,0.19569408705681957,2.0117793175977563,37298.89045672031,0.6489585116436766,1.3879141885355528,38260.85332753371,0.19643081431285914,9.258547194432362,73.01148325358852,673.0198347107438,8.64837973031753,0.11911338263012905,0.015512284696392695,0.14457105907012494,0.0018777485818638256,1750.707930088084,0.4522737117275408,0.387704419454581,9.634570566055746,710.0311310394964,6433.761394625226,80.80403686788458,0.12547977321637088,6.167293873659229,234.5465325411594,0.06038082232659892,0.06711613745106568,454.62046921516435,0.10233366753692871,0.9755690406878517,0.013661178508767009,32.875,0.4109375,0.9024999999999999,10.825,25584786.5125,230425030.3125,2847633.5121527775,0.1453125,2.075,0.0259375,0.02258961927726084,0.17925023051753713,0.0041503793970167685,5.903055907333255,0.0013919095258808178,25068634.07109375,68.86838390515602,0.0009727407497862434,0.2798097039196156,0.0013023697839623356,0.005972224942605453
0,1270,31,0.9051384675351455,70.3769566383338,78.38902984474295,3300.080000000008,63.70089068140884,1300.3835928738397,0.39404608157191234,3301.0000000000005,0.15660141603630418,0.9216789177040514,1.9407456257982818,82770523120.81165,0.9068186150221074,0.461801768097724,4.062287284799284,2.8514591486147447,0.32327688242563685,1.4863692912453945,1.5464684669370068,-0.292601935808318,3.1440610844230625,0.2008011252507433,1001.4864633491428,-0.5883110967340873,3310820924.8324666,0.6668687336904416,0.1883954130337114,8.89953691462108,2.8906016898501217,-0.19217558391266473,0.7319581872254317,0.022743301686727675,0.9396101986207799,0.022743301686727675,0.1559310318014381,0.022206892256121217,0.9886283491566362,0.9886283491566362,0.9986621587243101,0.9954513396626544,-0.8203623105561936,0.8750918736651445,0.022743301686727675,2.9533426186044314,0.6563794128043643,1.0447096842946317,0.9450231627753036,0.799724386281817,5.906685237208863,1.0219663826079053,0.18867537222803982,1.7593916130292622,60540.07451075432,0.7335967829234089,1.1271201159334,55033.342247803695,0.19551607419598094,8.902538624659194,74.9733656467737,667.4138988185398,9.26418240263893,0.12502760106365074,0.014878903281330036,0.1330201814058957,0.001905655518726278,1673.869411734094,0.39874171679437026,0.46517989513717234,8.93129182376591,2095.0213840958704,18774.194922691902,239.55278714728362,0.14326460691992762,6.1832235662697395,335.07630012545087,0.08152246733959331,0.050827022114510755,1635.1760179341286,0.11668148703597933,1.0795266802330128,0.01710803591593912,32.520833333333336,0.3387586805555556,0.7629123263888888,10.59375,46184070.739583336,412811165.875,5232870.409866898,0.14453125,2.8333333333333335,0.029513888888888888,0.11015203660011853,1.274399569155505,0.011466252827118939,6.0900690110927265,0.0011632838533777643,45445097.68999566,58.08683259263629,0.0011812461765877491,0.15571631036950817,0.0007456062833813187,0.006985048892980617
0,1270,31,0.8481891569736999,66.79972310089212,70.93687334524972,2870.0000000000055,56.65880082302227,1061.7478497637576,0.36994698598040265,2871.0000000000005,0.17886463895801266,0.8778198846062013,1.8076465865038882,71973125980.65218,0.849751259339633,0.5318339805440944,2.5256212296654685,2.4255614319397956,0.29810855079967824,1.3791715169733916,1.419129352516668,0.2824160691717279,2.1431453627680677,0.21868340273746623,1001.3792368059098,-0.24054347688248817,2878925039.2260876,0.6646748202184227,0.13075796650028668,3.6088014549528262,2.1116557086435597,-0.48350744412940894,0.6931857763537213,0.027034699299839298,0.9248713345115163,0.027034699299839298,0.17862464717293036,0.026279820686682342,0.9864826503500803,0.9864826503500803,0.9972965300700161,0.9932413251750402,-0.7869345368596633,0.8564696631223168,0.027034699299839298,1.8553336730712309,0.6441871452415748,1.0205613654563013,0.9260981202498928,0.7854985380322588,3.710667346142462,0.9935266661564627,0.18005511891339016,1.7524961353214656,51765.664465343085,0.7212213788274899,1.1763481969431886,47707.03522117729,0.18268491256625152,3.614225008707767,74.69033786137234,271.78534308603275,27.487409729478696,0.37805487828476336,0.014971833117317517,0.0533154810127671,0.005990109505189758,1783.943044333701,0.46584786413840074,0.3402171520160343,3.322739126739201,1807.905608450668,7006.257747523179,516.718371054359,0.49810131956510456,6.046682595733319,275.9644394276154,0.07263372077253337,0.053246255660048765,1393.9504728045404,0.11496782155507546,0.370079517971951,0.06070129410007205,26.86111111111111,0.373070987654321,0.5617283950617283,3.5277777777777777,44162934.73611111,174742223.3472222,11552091.811728396,0.5686728395061729,2.0555555555555554,0.02854938271604938,0.08556394126000791,0.30863858512953063,0.0386206767362366,5.881662675023355,0.0010031347962382445,43169174.970486104,152.69374226169566,0.0010873534708038288,0.09159496953244656,0.0016579842838566558,0.0026746044686305126
0,1270,31,0.9243221881946565,49.517284768618836,54.88205535509763,1684.5999999999885,45.7699250107877,758.852813742409,0.4504646882004121,1685.0000000000002,0.19173252045593905,0.7856362648247662,1.7368719790206606,42228870188.4025,0.9103942792804017,0.5146438126403392,2.925247892188151,2.2982642532202306,0.2980188240799207,1.2320524229035426,1.1997110527520665,-0.2387549520114891,2.5370192052317195,0.21081198164655834,1001.2321215127992,-0.09400048133223632,1689154807.5361001,0.602525692046245,0.13835004075407417,7.779493869960084,1.7121720203365465,-0.6188062947620714,0.7865259636874944,0.041481746575072496,0.8997590746953597,0.041481746575072496,0.2479249914743499,0.03970089791799691,0.9792591267124638,0.9792591267124638,0.9975598972602899,0.9917036506849856,-0.7239721589290956,0.853866703844202,0.041481746575072496,2.755582030781792,0.5672199227233333,1.1535912073310741,0.9023519059054053,0.7151857590875171,5.511164061563585,1.1121094607560025,0.20700192756564167,2.0693133120952774,26585.653103857567,0.6311134267978057,1.520225799082496,25381.394777448073,0.2089350979932904,7.788842729970327,72.3480830860534,568.5435489614243,10.439059182327728,0.14690323112429937,0.015893087253364913,0.1217770758354996,0.0024251568942761314,1468.8121776028001,0.4770380663732342,0.311465191730533,7.200020730791012,728.6610425009761,6177.588655253368,91.69637278072044,0.1694413571219693,5.855116612289725,214.8166207169965,0.06916984571739224,0.07300890207715133,509.9287409159886,0.11459670512492479,0.8147158196405124,0.021031987683960706,26.52112676056338,0.3735369966276532,0.6685181511604841,7.23943661971831,13168137.14084507,117168075.84507042,1500559.2248630673,0.21283255086071987,1.8450704225352113,0.02598690735965086,0.01561799935404715,0.15115291401281702,0.0027229368637147664,5.885593774403769,0.001685459940652819,12816120.551874628,59.2857477779246,0.0011942882045031622,0.28349620126104297,0.0014461957838379173,0.006964511366613697
0,1270,31,0.7878754481237656,28.504775149110273,29.880428377116683,419.50000000000057,22.458212494272434,370.07493500860465,0.8821810131313568,420.00000000000006,0.19619197678213343,1.3278188457065492,1.8567406959655786,10534401534.272747,0.32792727183533277,0.2261703894688163,5.867335806550063,2.182743742079235,0.17224462617330352,1.6367996985322517,1.6985805477195868,0.6668824685281597,1.5158612735510753,0.09767796941702948,1001.6368286946145,-1.6159117820549387,421376061.37091,0.9019557006802721,0.05808708679996475,3.928008580153168,0.6431940440714871,-0.18944355167009774,0.1783000736280737,0.012069277871635552,0.8728214802233331,0.012069277871635552,0.09396414705334011,0.01191953260385663,0.9939653610641822,0.9939653610641822,0.9987930722128364,0.996982680532091,-0.7342759690497859,0.608282955037331,0.012069277871635552,1.971408144376477,0.8953834284607616,0.3985415566104831,0.8990565593140368,0.945554719481105,3.942816288752954,0.3864722787388482,0.04759233787492731,1.37822032097257,6827.2127619047615,0.650210739229025,1.5970561814058957,9470.534857142857,0.05025034013605442,3.9255238095238094,72.10266666666666,283.8352380952381,19.706666666666667,0.2796243386243386,0.015981407170451954,0.06226350247153535,0.004716156703789688,579.6884866079796,0.7293602930177351,0.14861921701517466,3.837114538464733,650.9291720619201,2592.373922906851,166.3050721044981,0.33267490760957746,4.377186278201527,98.91273342981896,0.13346201313038097,0.0754047619047619,435.26912396545106,0.13565863252198818,0.5037060908625247,0.05143818988035607,4.384615384615385,0.33727810650887574,0.6863905325443787,5.0,7256480.923076923,28992290.923076924,1822823.2948717948,0.42735042735042733,1.0,0.07692307692307693,0.009167347899634167,0.03683053914698339,0.005769011039609903,3.700439718141088,0.001238095238095238,6604114.059171597,8.804106208055323,0.01520274987063873,0.03984123289553243,0.00021130400964618654,0.03251912101739091
0,1270,33,0.6822393941722527,83.37282157695219,89.18878853308864,3591.44000000001,56.880223283091176,1037.9738382267367,0.2890132755181024,3592.000000000001,0.20466936034984598,0.8894797010686479,1.7768683551107975,90043731151.2414,0.8661046144926142,0.43665018322242277,3.175080965751746,2.4028426170642505,0.2734761796948688,1.356096869319056,1.3723483131237448,-0.07384918603194636,2.476691803096197,0.18364884668430412,1001.3561580971256,-0.032289186160860336,3601749246.0496564,0.6711742593042693,0.12262167857703013,8.548717333449114,2.4604024937723037,-0.355304343844681,0.707562989801021,0.024131409343140876,0.9340036296658502,0.024131409343140876,0.16346813726638043,0.023530480639217498,0.9879342953284296,0.9879342953284296,0.9985805053327564,0.9951737181313718,-0.8082550328196972,0.8665090747007667,0.024131409343140876,2.8944530638334314,0.6523447397928275,1.0254550250707992,0.9349671385384318,0.7941766648678952,5.788906127666863,1.0013236157276593,0.18292359978604045,1.671642352314337,67941.17398663698,0.7565832292498549,0.9877130168005119,60271.44848552338,0.18477591269388544,8.544665924276169,75.67772828507795,649.9980289532294,9.731029370824054,0.13023454899777284,0.014434456032371706,0.12207573189539365,0.0019311066157351256,1856.3244824327007,0.46157194139653657,0.35214025304656227,7.911565166043566,2070.620773213707,18373.260428142283,241.69611055519036,0.15398605997330395,6.419285472481748,230.0731166962462,0.057102665567827414,0.04470768374164811,1487.2426482777707,0.09745418741476117,0.7648514139635691,0.01561601375266742,27.235294117647058,0.4005190311418685,0.5951557093425606,7.294117647058823,76809337.11764705,687721937.0147059,8659442.428819446,0.19189133986928103,1.6764705882352942,0.024653979238754325,0.024553390087728402,0.2560325617163636,0.003416418924382617,5.910992253015025,0.0007572383073496659,75065383.83044983,68.24928110368269,0.0009950080197682657,0.1614899967898076,0.0007435553347470091,0.005859026586387046
0,1270,33,0.7740674719457831,78.3608382818452,84.42416715609342,3604.520000000013,60.656575988380254,1324.40024509798,0.367427631168082,3606.000000000001,0.1606976032113368,1.1179432494566799,1.8484553898818439,90417910805.66864,0.6108191735586617,0.3623737387757455,4.365261519978147,2.6694924834348774,0.23911174082769676,1.4847630947298636,1.4698339138649203,0.15106770201591813,2.5184247814189593,0.15226350212503525,1001.4848144997152,0.6081325053411282,3616716432.226746,0.7971062250658221,0.10296262160887507,4.179356580703023,1.6003754235582148,0.11989806791915594,0.41688780804018605,0.01684967898742403,0.9222360673569493,0.01684967898742403,0.12289950878508255,0.01655547099787996,0.9915751605062879,0.9915751605062879,0.9983150321012575,0.995787580253144,-0.8040294664295189,0.7875171808103583,0.01684967898742403,2.019739241419583,0.7846043151816899,0.7206071002599717,0.9459102353438913,0.8827507059878844,4.039478482839166,0.7037574212725484,0.10843437175690251,1.3548755696612165,69551.35323349973,0.7715069687576231,0.9678482465134064,71859.12618968386,0.11041487592780752,4.180066555740432,75.88066555740433,318.30372712146425,20.427571639859494,0.2761240525050841,0.014382814991097814,0.059650553162145285,0.004202129076799563,2088.3878432025294,0.5355149524575024,0.29563229212246595,3.956636065610501,3139.6512947301208,12806.903368509611,785.3406412514414,0.38112920243879933,5.773382537682787,355.59190604179275,0.09557016187924625,0.043097615085967836,2499.538713259553,0.11114836921951105,0.41895454129471094,0.04694110983892416,22.310344827586206,0.38466111771700356,0.6554696789536267,3.5689655172413794,110428055.4137931,443339140.6034483,27592940.24664751,0.6068007662835249,1.5517241379310345,0.0267538644470868,0.049769362955802254,0.2636837378096834,0.015806488508003168,5.651084443403416,0.0006433721575152524,108012174.76575507,103.86304780707911,0.0013898281349419206,0.04909920921426608,0.0006219710427707225,0.003061654971248492
0,1270,33,0.8926397627602535,67.25586425250884,75.63755680877061,3052.100000000012,60.03525871059531,1107.053232150683,0.362718532207555,3053.0000000000005,0.1769032481836311,0.9785538017071598,1.902689911304436,76549873864.47626,0.7069037097263883,0.5541788022217979,2.877148835880726,2.836123501903732,0.30298239564131535,1.4719820927997571,1.509908495195814,0.10581273183004555,2.7303107700736864,0.22264435217700612,1001.472050267881,-0.41519261007176256,3061994954.579051,0.7459731149088025,0.1365508719535855,3.8235013109302196,1.7482436621518693,-0.33609238260871627,0.5055275042437474,0.030989285358357915,0.8843068442769907,0.030989285358357915,0.1986120467739095,0.029999558132693158,0.9845053573208211,0.9845053573208211,0.9969010714641642,0.9922526786604104,-0.7185082514524374,0.7935175870143432,0.030989285358357915,1.9248028518545164,0.7239882681990469,0.8874912402106166,0.890681415477125,0.8447208111294877,3.8496057037090328,0.8565019548522596,0.13412919740052634,1.6377660174927684,53878.64601375696,0.7059108550770646,1.2627540144208511,56936.39799541434,0.1380323229882728,3.8323354077956107,74.32095643629218,285.8178447428759,23.596037413109144,0.32867416384612586,0.015234876246115385,0.05798733551384184,0.0054000777230477455,1944.6152005546937,0.4493609090363722,0.3763406774001562,3.6874955839928885,1450.304170866987,5742.838927001382,383.1072625161278,0.45517786213233236,6.045197962459784,319.3173364094382,0.07294066679156579,0.05657386177530298,1088.5811131905866,0.13448572545929752,0.5017200616198008,0.06519786708113617,47.79032258064516,0.38540582726326744,0.8071670135275755,4.217741935483871,33426703.137096774,133581182.58870968,8402191.204301074,0.5719086021505376,2.596774193548387,0.0209417273673257,0.03911056946376493,0.1748294322768544,0.019069046954750864,6.472144394977027,0.0016246315099901737,33047833.104253385,176.14460808409916,0.0008801578489366384,0.09893720495090437,0.001447699917105569,0.0020256541492657365
0,1270,35,0.7141328959781695,95.27183922108563,102.07075976987731,4871.04000000001,68.03675444812045,1424.7600430726457,0.29249606717921484,4872.000000000001,0.17364970625373066,1.1457197691344743,2.0889675054542574,122198040957.82814,0.9122585404451649,0.46461936349673816,3.2008705487109403,2.775224363879055,0.28925897574725856,1.6325928435122887,1.66590081334469,0.22361478728374926,2.5516095765953057,0.19481759814289015,1001.6326612883131,-0.3586584259485152,4887921638.313127,0.6553064512606469,0.1371130911720884,4.54721470963961,2.764045874298159,0.2689032739818801,0.7625058839294439,0.025310101046755316,0.9357235227142756,0.025310101046755316,0.1696799650086135,0.02464875646439703,0.9873449494766222,0.9873449494766222,0.9974689898953244,0.9936724747383111,-0.8095799758898764,0.8772950631045549,0.025310101046755316,2.08875936701644,0.6345045713548583,1.0804322380968596,0.9361934044703686,0.7825126573793938,4.17751873403288,1.0551221370501047,0.1969539962440498,1.7428570409808835,91560.8705090312,0.7517312849674154,1.0310705687268962,79816.3257635468,0.19841710306001115,4.55807881773399,75.52922824302135,342.3905747126437,20.479527458492978,0.27389025725232624,0.014578656357863344,0.0673165652818477,0.0040954548028447665,2553.960954309134,0.45374474655214836,0.3766832744379172,4.912130772994646,2289.3992600772376,9620.617602082748,585.3462835618062,0.31262853134687046,6.393138700220548,359.842879981509,0.06379102011035301,0.046096059113300496,1741.6768177866459,0.10999900876174498,0.548849389330967,0.0369673564575247,41.91228070175438,0.36765158510310864,0.7224530624807632,5.5701754385964914,81303995.12280701,329968704.84210527,20320160.19785575,0.39351851851851855,2.2982456140350878,0.02016004924592182,0.041328123172027276,0.17942591629025625,0.019868614401980685,6.492934860636961,0.000935960591133005,80162471.57710066,232.01880132718915,0.0007048944551071794,0.07826177509819233,0.0016881886380451085,0.0016844870196180961
0,1270,35,0.7957653622403346,88.57907190695418,98.59330606080721,4743.32,70.48815724295005,1496.6678641213398,0.3155317086178752,4744.000000000001,0.16312506981187447,1.1675154622557387,1.8155798016356617,118957899669.77098,0.347838402823366,0.35291451513388084,3.500756165021389,2.3445565436866747,0.20782081187094884,1.5076811191402015,1.5308730144157259,0.34060775617440175,2.003948787512273,0.14548229079174102,1001.5077152934647,-0.4275379278037868,4758315986.79084,0.899086941239702,0.06845169782019139,3.996907207720833,0.7297450397805367,-0.07367657015411477,0.19309838294372583,0.012392497556491144,0.8792451967102387,0.012392497556491144,0.09591331478479653,0.012233193524588416,0.9938037512217545,0.9938037512217545,0.9987607502443508,0.9969018756108772,-0.7465274210695377,0.6322403721667023,0.012392497556491144,1.987896052459785,0.8890277799160036,0.4289528112793837,0.8854264646096566,0.9422845045618164,3.97579210491957,0.4165603137228931,0.051372720125054255,0.9831092463080492,95969.35345699832,0.8091851050337125,0.7989708419475103,106631.71123102866,0.05242508609437251,4.005548060708263,76.8185497470489,307.4247048903879,20.557960933108486,0.27128489788270566,0.013995510224263336,0.05622789227176724,0.003924499894588957,2556.1001691352017,0.6106749831360517,0.23585191761580143,4.075809414198573,5160.621345348321,20638.734267935535,1298.8318768105044,0.34062119384716366,5.659525326750908,376.54879211373816,0.09407605688821209,0.03513490725126475,4186.832944216253,0.10767838080019075,0.46071766120654756,0.03886236097166194,25.75,0.3576388888888889,0.7222222222222223,4.083333333333333,172717200.5277778,690906918.0277778,43212614.949074075,0.5532407407407408,1.9166666666666667,0.02662037037037037,0.03068171791118697,0.11588537146111316,0.013157551714919426,5.843400348604418,0.0006070826306913997,170003859.47839507,96.57131035260237,0.001389778121605935,0.03769332338517056,0.00021765447843499766,0.00292135669910811
0,1270,35,0.8711009024161913,76.54106288681088,79.0306269746103,3903.5000000000073,66.6749889525954,1102.3419623134644,0.28239835079120335,3904.000000000001,0.20091653700474246,1.1363793620867795,1.9499045633423049,97902143039.21097,0.6395176757857877,0.45267691971024315,3.313543845099569,2.4219832254623404,0.2618197591119024,1.5466145228615285,1.5552498693421146,-0.1263146922648844,2.5482979177272247,0.18531345918202832,1001.5466678396809,-0.2912138497449192,3916085721.5684395,0.7847116549230717,0.10679856294529085,9.287973534015268,1.6968655976551892,0.1541042310646782,0.44580725067854454,0.021453313259351407,0.9081222187727003,0.021453313259351407,0.14900701887802537,0.020978219387346595,0.9892733433703242,0.9892733433703242,0.9987380403965087,0.9957093373481297,-0.7710389846395321,0.789818831618577,0.021453313259351407,3.030162378530381,0.7663146743635043,0.7800297520560823,0.918343530399807,0.871811399439621,6.060324757060762,0.7585764387967319,0.11681514098447399,1.3880952300723384,75514.01336065574,0.7737091532854071,0.9408856339021768,76587.8575204918,0.11793992027932682,9.279415983606558,76.05649590163934,707.0050922131147,8.58459293886612,0.11401404542349727,0.014370644701224448,0.1323179304779175,0.001693959998667023,2045.4904191634562,0.5012946387500962,0.33575408536299056,9.013083265596421,2706.2039209196046,24685.48047942404,299.68374928062235,0.13250034190035134,6.264175423444373,265.13874687550805,0.06513020187161342,0.041634221311475414,2030.321503030419,0.11267728367637901,0.9319431784699405,0.017687329385444202,38.381443298969074,0.3956849824635987,0.869380380486768,8.164948453608247,76079277.58762887,686083640.5463917,8445503.441938719,0.19852520045819014,2.5463917525773194,0.02625146136677649,0.06074217297781044,0.37239194854152424,0.014408163046362122,6.066155754446719,0.0009938524590163934,75066868.192369,60.91042714072722,0.0010091870635049248,0.15035952601474964,0.00042528779829435715,0.006233783748027089
0,1270,35,0.8060667878071885,65.70726317700112,68.46342089028272,2642.4399999999905,52.964442564686856,920.8777920786451,0.3484952513883564,2643.0000000000005,0.19788163943908121,1.2170938441418626,1.9336834193461832,66288814737.053406,0.531968831461196,0.3623009041206835,4.992588230560665,2.3609559073774893,0.22958219165650995,1.6166186568871375,1.6743975136329445,-0.11887573734778796,2.479831644725277,0.1529665599412121,1001.6166632117847,-1.1274925108622567,2651552589.4821367,0.8306190473368282,0.08925385371780498,9.154440780497726,1.3779863423132093,0.03053549623817267,0.34977385865515054,0.024063514618780018,0.8713851829985388,0.024063514618780018,0.16303704487921233,0.02346379139996849,0.98796824269061,0.98796824269061,0.9985844991400719,0.9951872970762439,-0.7155560974866753,0.7329450814774741,0.024063514618780018,3.0121442773266836,0.8052502008622568,0.6928181301966259,0.9048326246559542,0.8954408837187162,6.024288554653367,0.6687546155778468,0.09345934331848263,1.3748156187563527,48669.65483163072,0.7365819876145399,1.050173493844132,54883.15355278093,0.09173230949077146,9.161059402194477,75.15966704502459,685.2902156640182,8.581482427376297,0.11434218270483879,0.014584040683438914,0.1348390351296136,0.0016790387690882563,1910.9339720036096,0.587383454859516,0.25760472172164284,9.741209690066519,1617.953700343443,14566.500315223693,181.48836950312005,0.11666460415012148,5.944358391546901,218.8283603296777,0.0693038001446332,0.048914112750662125,1117.0803604360935,0.08740501703175363,0.8673625258768284,0.010728368145325353,35.56666666666667,0.5927777777777777,0.8155555555555556,12.833333333333334,60270231.21666667,542317219.95,6706643.95636574,0.12268518518518517,2.066666666666667,0.034444444444444444,0.04527622868222999,0.25430844525251256,0.010201825135097384,5.321567004295775,0.0009080590238365494,59057479.65416666,44.71449734673841,0.001345948389339617,0.17324192761513046,0.0003619891829558265,0.008199163433441042
0,1270,37,0.9079180821615559,94.8848377458783,100.90510393434023,6295.780000000009,86.14765991244823,1485.5801440853363,0.2359644307909956,6297.000000000001,0.18933618308340358,1.2767161551391017,1.8579576868120629,157920660779.3079,0.2555497351856794,0.31805368303542925,3.0978110510991126,2.5270409896472223,0.18450134425987816,1.5730122670049522,1.5852660398053215,0.4684543685715277,2.0585866210756945,0.13036718047189497,1001.5730387133292,-0.22013718763255383,6316826431.172317,0.9302249518961226,0.05297585017006856,4.084167077862558,0.4946438205727461,0.08532711140241758,0.13141538262363053,0.008071649973529944,0.8841246658107533,0.008071649973529944,0.06755136125670913,0.008004636391311791,0.995964175013235,0.995964175013235,0.999192835002647,0.9979820875066174,-0.7641899941793054,0.5637686430903612,0.008071649973529944,2.0132886375568155,0.9239274134911275,0.3094340481569522,0.8947239517512076,0.9609158223911733,4.026577275113631,0.3013623981834229,0.03487175814929012,0.7338155686091856,135851.68545656663,0.8629613178120795,0.5938927323216721,146440.6630522471,0.035726387541233834,4.088060981419724,78.01231697633794,317.7551786565031,19.818538633917385,0.2551723042718755,0.013563630941527825,0.05600791460862337,0.003521285370229863,2540.5110131951587,0.6377522528319657,0.21330032304588775,4.491232011122136,9388.549129675695,37611.67671715271,2349.2632316561103,0.2863011200406526,5.827958653872259,334.5450144839347,0.0886567946308569,0.025153247578211847,7485.855304489029,0.10793370170844706,0.501501923752043,0.03447950121272978,35.62162162162162,0.4813732651570489,0.8137326515704894,6.216216216216216,310927677.1216216,1243833292.2837837,77735396.90465465,0.3866366366366366,2.4594594594594597,0.03323593864134405,0.10869502360993592,0.5216832906937736,0.062393772008850705,5.702564514219107,0.00047006511037001747,306401995.85336024,82.91288418677841,0.0015730620304461164,0.025751671912788498,9.78560678010063e-05,0.0032586895656029724
0,1270,37,0.8136380238076699,107.83086698820007,119.64965524396635,7238.399999999995,87.73529352174683,1796.3746750432974,0.24817289387755562,7240.000000000002,0.16789172745608694,0.9053796009473511,1.6712935417351136,181483857733.8462,0.6190072180838674,0.3478789082221865,4.1975197675316736,2.153924165202892,0.2361610349330526,1.335682807931871,1.3892100522954327,-0.17131588339373896,2.325240048596631,0.15077447691223803,1001.335731484861,-0.8980088982484082,7259354309.353849,0.7561859931626019,0.0974838942455214,8.367735612992226,1.320803018791385,-0.6209362029515416,0.4689114826952159,0.013484265455770025,0.9440049589118055,0.013484265455770025,0.10278815273572989,0.013296813176260216,0.993257867272115,0.993257867272115,0.9992068079143664,0.997303146908846,-0.8378164496715033,0.7981391495808655,0.013484265455770025,2.872956056204675,0.7508354355252969,0.703224307887268,0.9465952990925761,0.8573970266982135,5.74591211240935,0.6897400424314988,0.12059893703774649,1.1961876493304053,149838.89300552485,0.827839187875828,0.7226269619364488,136869.66476243094,0.12448348695094777,8.34718232044199,77.27932596685083,650.3968839779005,9.891781921424187,0.13008862799263352,0.013830865613894421,0.11339018856253366,0.0018657866650204776,2745.052251080689,0.4842670255901007,0.2873511157348482,6.9101033737977495,6587.586744831209,58725.79875411793,747.925863812267,0.17381301706243396,6.119940447706192,434.0759393082215,0.07918674569418722,0.0312914364640884,5387.077934291357,0.10516649911594655,0.7073483330485687,0.019291287082925036,34.175,0.4271875,0.575,6.825,302172237.3,2708115382.275,33892956.78541666,0.20824652777777777,2.025,0.0253125,0.07214209847301609,0.798662074320181,0.008520177024661624,5.978055907333254,0.0004419889502762431,297053331.0500001,75.26165231661801,0.0008321741031766538,0.09350907443155283,0.00028231717862910687,0.004903254197448242
0,1270,37,0.9553826372514308,90.81679608718204,98.4440958107697,6044.559999999971,86.7647901524974,1580.4335495463067,0.26146378719812763,6046.000000000001,0.17438576791015495,0.9347970230954847,1.6300491704946465,151550043418.1706,0.5828163386271106,0.3482081413845832,4.588774533557572,2.1019330692376617,0.2227181584523958,1.322416005236107,1.3755583861538434,-0.39191409978208475,2.4938471690197463,0.14748929957203563,1001.3224580636502,-0.9815480216847001,6062001736.726825,0.7675993447960826,0.08422806725084958,8.355643836721109,1.2520091092018037,-0.6497806141749267,0.442707654428039,0.01668578733432178,0.9272478051487623,0.01668578733432178,0.12203710398541248,0.016399154163913555,0.9916571063328392,0.9916571063328392,0.999018483097981,0.9966628425331356,-0.7995332631230847,0.7730838856848159,0.01668578733432178,2.872131012612826,0.7583757155072772,0.6839757712313254,0.9293500660216236,0.8625218114546851,5.744262025225652,0.6672899838970046,0.1148483604405902,1.2204144788998783,122138.55505127356,0.8080618924993289,0.8219013096746753,116022.64096592789,0.11840708284670322,8.34037049288786,76.8046973205425,646.5256169368178,9.807102629837908,0.13004295769471091,0.014110676559495536,0.11494181074869271,0.0019276881804319115,2658.64808426505,0.49635824411283075,0.2720313809194666,6.907584389181993,5368.079379441768,47947.665854502586,606.6980448697932,0.1739715826952044,5.943800660413707,414.7451014300249,0.07879410157057484,0.03539861065167053,4432.3259886242,0.117227942647879,0.7832256313871984,0.02208248977570912,45.450980392156865,0.44559784698193,0.4690503652441369,6.098039215686274,167186462.80392158,1501288291.264706,18670490.16755174,0.2344090413943355,3.4313725490196076,0.03364090734332949,0.11505906127073406,0.6180330076009201,0.03200902878547422,6.047185758532086,0.0006748263314588157,164990545.60861206,77.8712474687544,0.0007973062440897746,0.11671588123752923,0.00033455787618346007,0.004693619762368067
0,1270,37,0.756289686004366,72.08893576026192,76.18556293681895,2996.6000000000085,54.520118590517384,970.3169839772315,0.32380597476380857,2997.0000000000005,0.19998880551408038,1.0138008338872382,1.737921273591259,75134310624.35774,0.47535723456235,0.4325202415951406,4.153547064983783,2.1788162178350445,0.24940972139877488,1.3957788841920251,1.4417288173802276,-0.17995848505220374,2.3587747028872483,0.178926571194257,1001.3958267971245,-0.8774076124829159,3005372424.9743104,0.8256846009395004,0.0959596190355138,8.52740867725206,1.1159181519356591,-0.5425020218811889,0.3464382273706527,0.014490403951207004,0.9197344511083377,0.014490403951207004,0.10895144211213421,0.01427413579690916,0.9927547980243965,0.9927547980243965,0.9991476232969878,0.9971019192097587,-0.7910685232837367,0.7283803004604376,0.014490403951207004,2.905928711681672,0.8105451971066704,0.5782194896172157,0.9226921393765969,0.8959768664509704,5.811857423363345,0.5637290856660095,0.09023215783046491,1.1682520637648486,59541.38067400734,0.7946797554088401,0.8480643943242541,61864.41872539206,0.08954465558874412,8.538178178178178,76.49661661661662,655.7827027027027,9.444467245022802,0.12465910354799242,0.014106355036484372,0.11913499850736771,0.0018076505150064822,1806.2363880771015,0.6342732440120016,0.20243603394787346,7.925187701644042,3574.7744198920172,31863.39995923256,405.90561397638976,0.14609114127596465,5.777486818285524,202.2585610917858,0.07407975595085259,0.037797797797797794,2742.662245478822,0.09653049095901234,0.745943594792155,0.015473570266088622,20.473684210526315,0.538781163434903,0.4134349030470914,5.184210526315789,120680723.39473684,1084527181.5,13453470.953581871,0.2774122807017544,1.4210526315789473,0.037396121883656507,0.0471240440352271,0.23489634192516154,0.012731607075601122,5.070167316018221,0.0005071738405071738,116793080.99515237,31.832868431366123,0.0018895168155402997,0.09926310605367887,0.00021688462915413884,0.011056912294568531
0,1380,11,0.868785057917863,22.493537678331972,25.00079998720041,267.58,19.542049434647275,325.1210244842676,1.2150423218636206,268.00000000000006,0.1783555803277306,1.542259989972977,2.0100599477340415,6723883276.785735,0.5035070407891477,0.26261075258990796,3.686206891269112,2.462164155244007,0.1539317832602086,1.7807296221567679,1.7929580895091044,1.0321606574436755,1.4300034978003315,0.10680555182410595,1001.7807485557782,-0.4982133406405553,268955331.07142943,0.8023401648474049,0.03793467462094206,1.3122804463102953,0.9434255953668288,0.5288755942498187,0.3564152015711367,0.0349061046785578,0.8214518109048692,0.0349061046785578,0.2171437648297511,0.0336283784644675,0.9825469476607211,0.9825469476607211,0.9930187790642886,0.9883646317738142,-0.6156699946803482,0.6765931090345658,0.0349061046785578,1.1099111662165249,0.7707109684106852,0.6915833625097294,0.8214518109048643,0.8726357814441964,2.2198223324330497,0.6566772578311719,0.09783032656242364,1.9658779981958394,3337.5758208955226,0.4981456449097795,2.2627191802183115,5375.679104477612,0.09882991757629761,1.3335820895522388,66.87552238805971,84.6879104477612,62.42242537313433,0.9166044776119403,0.018433595768323915,0.027538505601245468,0.016157368310093522,526.4767660609767,0.6516660327478033,0.17416698362609834,1.6748371362684478,203.65166944892604,222.99597410176978,198.81559328571512,0.8312907159328881,4.3821991345176405,99.60901411041691,0.128204750417442,0.12022388059701493,119.06310373595599,0.1458022232650239,0.2996888699615475,0.10733056159089298,13.6,0.68,0.16000000000000003,3.4,1684625.1,1694097.45,1682257.0125,0.4,1.2,0.06,0.031055273039764898,0.1210848632072095,0.008547875497903744,4.121928094887356,0.0029850746268656717,1572400.1000000003,86.6745180771077,0.008656292205048086,0.034484448493141986,0.003429001274912237,0.00860351617512252
0,1380,11,0.8976394468068736,30.87659956017742,33.90634158973805,603.4599999999996,27.716053748475016,401.95777772107687,0.6660885190751287,604.0000000000001,0.21664503462878087,1.5792473862003809,1.9685613544859049,15153395119.41949,0.3609275917212315,0.19812371795964223,4.872706274366861,2.3245998060916166,0.12452970852867366,1.7664762258396072,1.7684104640290794,0.9627664581482839,1.3618333479433327,0.08136633830646263,1001.7664900683229,-0.5627321919834796,606135804.7767798,0.8740701986754967,0.02773387161342766,4.306462660370624,0.6568812269029927,0.353103244286711,0.21664847580262436,0.024459436492003127,0.7967150290334521,0.024459436492003127,0.16532786488565596,0.02384596978458987,0.9877702817539984,0.9877702817539984,0.9975540563507996,0.9938851408769992,-0.5969170941290255,0.5821143285730463,0.024459436492003127,2.0635925345670243,0.8557605531649566,0.4875423039707303,0.7988349165424298,0.9234480414054692,4.127185069134049,0.46308286747872773,0.060276978073656874,1.3984121345324618,9994.712450331126,0.6619014867768958,1.6356420157010658,13198.46,0.06307131704749791,4.33317880794702,72.58781456953642,307.566821192053,17.673158572479764,0.241098233995585,0.016417485815150196,0.0755255684994135,0.003910785592052072,679.849951779217,0.6212479609517865,0.19341205144761645,5.214310348695048,879.8983531299389,3548.8989122168896,219.1693025086538,0.21988878945943763,4.801691083757943,114.26381075601459,0.10610036203081832,0.07208609271523178,650.541941827251,0.16813080820561163,0.9884762787065785,0.03581069306530794,27.791666666666668,0.5789930555555556,0.3472222222222222,7.458333333333333,3899454.6666666665,15604593.770833334,974675.8859953703,0.19560185185185186,1.9166666666666667,0.03993055555555555,0.0923784364413275,0.40481479121124025,0.040030691181278256,5.220175521464332,0.0031788079470198675,3800491.993055555,25.989258990518124,0.005159206994058545,0.10171809623752669,0.0005435334673648336,0.011283492027980329
0,1380,11,0.8263055504538729,33.69052318824434,35.114669299311366,635.6799999999994,27.83866630814121,534.8111831820255,0.8413213931255129,636.0000000000001,0.16711819098280264,1.7268546022759708,2.329071948224873,15965057894.033144,0.9657618994096309,0.2923239800514237,4.533253203575644,3.118537738167181,0.192555278458471,2.0437240846000972,2.0629361192326874,1.0009796380492533,2.117558100117928,0.12370802167825438,1002.0437572524592,-0.42441415401474275,638602315.7613258,0.5272913492346031,0.06647129124718786,2.8335580408196175,1.049990804086558,-0.4056848760749877,0.8876735626280764,0.05777227522339061,0.8777680068969791,0.05777227522339061,0.3171261058236777,0.054328422683014035,0.9711138623883048,0.9711138623883048,0.9942227724776609,0.9855569311941523,-0.6724635678942368,0.8515411178298136,0.05777227522339061,1.620519150141855,0.47405866388509754,1.2787226188753846,0.8926311577950525,0.5907462845244118,3.2410383002837095,1.2209503436519946,0.2363614594628668,2.5508581975634956,7737.094465408805,0.48660971480558524,2.20659303033899,8383.93245283019,0.237002491990032,2.8577358490566036,67.42389937106918,195.2777358490566,35.47881900768694,0.5361949685534592,0.01850245139809942,0.0513133223520016,0.010328739211297143,922.9540733253236,0.5022916415495925,0.2520392557340895,2.6594907066935995,206.90322679460252,646.7842776890506,96.94773942256317,0.5877465859788866,5.167983564516419,163.42277453090554,0.08713025351901166,0.11553459119496855,119.13731449242539,0.1524783931588532,0.39552670490871616,0.092748882632562,32.714285714285715,0.6676384839650146,0.21491045397750938,1.7142857142857142,2026262.4897959183,7332971.673469388,699587.0306122449,0.8441043083900227,2.061224489795918,0.04206580591420241,0.08037836294625458,0.14615155671878877,0.06421501187301548,5.035841926225395,0.003081761006289308,1920968.8621407747,93.01228203125558,0.0021785334924732174,0.23038641423778317,0.0045709516257392635,0.0068411010243056465
0,1380,17,0.9176929280455374,64.46306935405694,67.98852844414269,2906.1200000000144,59.157302866327065,1014.4424673768342,0.34907108700839234,2907.0000000000005,0.18837977852440374,1.6384546590867877,2.032286273385493,72942667697.00235,0.6063081867263754,0.21579829247923166,3.6390369042523067,2.446086350643608,0.12672444941566582,1.8398336710568544,1.8525119776875782,1.0308143128769407,1.4152720377666674,0.08814489856737927,1001.8398465054821,-0.4217042243605064,2917706707.8800945,0.7469736872517128,0.025716077062890884,1.42696227586132,1.1229613549988708,0.6402794429484734,0.4709386818412814,0.032887263024135575,0.8694166818813533,0.032887263024135575,0.20778496106969851,0.031767362067102484,0.9835563684879323,0.9835563684879323,0.9934225473951729,0.9890375789919548,-0.684438622175116,0.7495617022544026,0.032887263024135575,1.1478019691244625,0.7163196655001889,0.7949819957833884,0.8694166818813511,0.8357543993634695,2.295603938248925,0.7620947327592529,0.12595648621635425,1.5654907596274041,50865.132480220156,0.6998986237388395,1.2598361192850394,54286.31272101823,0.12651315637414356,1.44577915376677,74.19108359133126,103.09176470588235,66.9659133126935,0.8885552115583075,0.015225299541519011,0.024252958870357756,0.012968384709309324,2259.963061668045,0.5397719474511495,0.23011402627442523,2.078129046480955,1581.4149046691587,1707.1876267018224,1549.9717241609928,0.7304677383797613,5.678243011833782,306.9458525574745,0.07303391569390742,0.057502579979360174,1226.977184572389,0.11992583856502903,0.28472418669473337,0.07872625153260299,69.22,0.6922,0.1539,3.43,36924289.19,37471420.94,36787506.2525,0.3925,1.98,0.0198,0.0653855438626809,0.2593312162830377,0.016899125757591723,6.040210910008698,0.0013759889920880633,36396123.6275,1081.22184757897,0.0008343962326859108,0.03298166837735526,0.0041826517385133545,0.0008323939998265841
0,1380,18,0.9465746084521535,62.38980819246354,66.09568821035151,2807.299999999991,59.05660826118613,915.8317026029833,0.3262322169354847,2808.0000000000005,0.20508489361582424,1.430231495987191,1.8928549009075502,70434458719.42499,0.26193191132569965,0.239139354435439,4.971524602843966,2.723320647727416,0.15154560634035738,1.6685215759730634,1.6708680396542266,0.9062663047235361,1.8170543430038797,0.09959833159956967,1001.6685418830307,0.3365013697751139,2817378348.777,0.9172389136451815,0.04068188122151806,4.196478769222365,0.5063360853053971,0.2588115235299836,0.14927510425222987,0.009258548641738217,0.8829615760144138,0.009258548641738217,0.07562771720717634,0.009170139829010186,0.995370725679131,0.995370725679131,0.9990741451358262,0.9976853628395654,-0.7458907815063072,0.5601157556938814,0.009258548641738217,2.0399691946254195,0.9117365801375233,0.31672112006610725,0.8876770135497245,0.9541394606375757,4.079938389250839,0.30746257142436967,0.03963341322349202,0.8465697832794256,58006.35250712251,0.8263013177652779,0.7795204835999708,64390.17173789174,0.04146779571594386,4.2106267806267805,77.11185185185185,321.44042735042734,18.9306259892371,0.244605096549541,0.013989883067688402,0.06051714177638451,0.0033962469109582324,1488.3861680579585,0.641518246742752,0.18592521610705676,5.0700416695736426,5535.53820465425,22218.404467356962,1381.8072820437824,0.22698888631972974,5.2049601171177065,227.9450500181231,0.10262904130268433,0.032895299145299144,4422.492850520981,0.12857895634756714,0.6828462801411036,0.030362142830956604,22.5,0.4326923076923077,0.4389792899408284,6.403846153846154,85996160.11538461,344196133.7307692,21493171.497863248,0.2473290598290598,1.7692307692307692,0.034023668639053255,0.06046997302763662,0.4680454930804157,0.009799332211861871,5.354285871987232,0.0007407407407407407,84173660.11538462,44.53118688305949,0.002934868053892162,0.037154541424987496,0.000133428816411449,0.006285543495912166
0,1380,19,0.8907025586186007,68.95933508288027,71.61592001782846,3241.58,61.4222561989589,961.0199277023826,0.2964665156196616,3242.0000000000005,0.2100152882818936,1.7214567410520503,2.1162403110799093,81362113689.38669,0.9095896984400771,0.20965602385339066,3.9981172399737788,2.501769851248022,0.12602748416771145,1.9235760942772016,1.9318223595427602,1.0504779107367817,1.4512919405112406,0.08656124294359022,1001.9235890721071,-0.3812582346942372,3254484547.575468,0.5613472007781884,0.02600558750194668,1.9500421003242685,1.1109607351017872,0.560085063957197,0.8266341186046781,0.05115464671638937,0.8834508372857506,0.05115464671638937,0.29000528945864185,0.048452727033336286,0.9744226766418054,0.9744226766418054,0.9897690706567221,0.982948451094537,-0.6869039981643905,0.8441165718681019,0.05115464671638937,1.325206474560821,0.5126528903061299,1.1948619409841805,0.8834508372857507,0.6492162020809843,2.650412949121642,1.1437072942677915,0.21944719133026686,2.115294757207953,50514.61687847008,0.6232525216344242,1.466673023293517,45497.19062307218,0.21932639961090572,1.974583590376311,72.47427513880321,140.12103639728562,55.5625848241826,0.7563541024059223,0.015814318372149735,0.03243404766217955,0.011659386049642284,2943.6359778360957,0.5064963209551975,0.24675183952240126,2.3298381396967542,702.5711548026995,1020.7552022353158,623.0251429445455,0.6675404650758114,5.868576783714568,338.1301873880118,0.056672933356806954,0.07167489204194942,480.8958456609936,0.102106918269849,0.2325965571079274,0.06948450856032941,65.0,0.52,0.24,2.8,22993101.792,30961858.944,21000912.504,0.55,2.152,0.017216,0.05205710174308768,0.11733149375492936,0.03573850374012724,6.451666984610133,0.0015422578655151142,22572679.231999997,40759.077135344436,0.0004826490558597173,0.05112643555116366,0.011198194136192803,0.0004833034481111896
0,1380,19,0.859886742644385,68.60063064928976,71.28141412738667,3069.540000000014,58.98877283236833,1005.4885568524951,0.327569784675388,3070.0000000000005,0.19532797523278303,1.4067309078612995,1.9071292033115017,77004134290.1092,0.30227054929641695,0.24851288270248384,4.246666329825045,2.6016829184144243,0.15978086811965875,1.6542075309324662,1.6480527572063342,0.7454972936241788,1.8561856247902455,0.10481732908472165,1001.654229743146,0.1835561490730772,3080165371.6043687,0.9038704982758438,0.0444979144369421,4.218758985192398,0.5869102106215784,0.27420460490575405,0.17458325500497837,0.012529178585748535,0.8658439949392982,0.012529178585748535,0.09685758725564855,0.012367503948414094,0.9937354107071257,0.9937354107071257,0.9987470821414252,0.9968677053535628,-0.7161264753807829,0.5862629592081029,0.012529178585748535,2.044075639352337,0.8947785686695366,0.377889034791603,0.8695986128900386,0.9450143936312032,4.088151278704674,0.3653598562058551,0.046778108397681734,0.9375072734732642,62049.4097980456,0.8084613654468482,0.8452186364205456,69372.060742671,0.048405360948126766,4.233641693811075,76.71919218241042,321.0822410423453,18.868458921462178,0.2450821570756424,0.0141496370568978,0.06188206571408875,0.003434131825130557,1714.7817588481944,0.6144949373058791,0.2044855089632474,5.133416411352352,4428.502054608413,17790.421941184322,1105.282354407407,0.22949796468002281,5.523017265653026,224.97098993229463,0.08232285563144943,0.03617915309446254,3514.0173121261996,0.12655285791149665,0.7073244667297978,0.028884025142937423,31.54237288135593,0.5346164895145074,0.4446997989083597,7.169491525423729,88563869.96610169,354420182.30508476,22136519.508474577,0.22975517890772126,1.7796610169491525,0.030163746049985635,0.06716943960708006,0.4682347921404459,0.01328759769062917,5.543659998514368,0.000768729641693811,86871665.85808674,65.45909697489971,0.002013656792088549,0.04876399488051482,0.00020939942409472885,0.004320068901207576
0,1380,19,0.898220099409884,42.78116913297132,47.09819529451208,1206.6399999999985,38.42690599148856,618.7106781186536,0.512754987501371,1207.0000000000002,0.19902433413789225,1.4563261981470095,1.9951416278617922,30279614639.868484,0.5824931268124101,0.25326714763862634,6.275411101742216,2.6113073981917183,0.17956202630320442,1.7319338764303105,1.754373025067671,0.22985931933609816,2.38144807885562,0.10850340067827983,1001.7319655969391,-0.9223293614698894,1211184585.5947397,0.7946959818073114,0.06355089400631005,4.4045137357776865,1.312807640112339,0.3709297277977981,0.3961385330178089,0.02730032035219003,0.8709293956594124,0.02730032035219003,0.17994458411607958,0.02652872495927114,0.9863498398239049,0.9863498398239049,0.997269967964781,0.9931749199119524,-0.7054269670341604,0.7450119361102658,0.02730032035219003,2.076608717507332,0.7723272309587291,0.7445691226852709,0.8795296324449235,0.8746208138994523,4.153217435014664,0.7172688023330815,0.10585971334249974,1.5817430766757883,20534.4166031483,0.680510906483788,1.3850126743403057,23979.951251035625,0.10774571585661931,4.428632974316487,73.46581607290804,319.8321789560895,18.382924606462304,0.24984718770137163,0.015553364266937868,0.07143254833493126,0.003910361878188939,1062.9005458049653,0.5504642680488797,0.2597101153170114,5.1882609029748785,1018.263502858367,4162.625072947302,254.38825243161597,0.24639456356888811,5.523035218920748,162.860300289376,0.0858913775077482,0.06374482187241094,724.4153359709402,0.1282836494254296,0.71115895736185,0.032404421031540974,28.163636363636364,0.5120661157024793,0.46413223140495863,7.036363636363636,12789487.763636364,51302778.58181818,3195224.251010101,0.23838383838383836,1.8363636363636364,0.033388429752066115,0.059872205141071354,0.25911710866333515,0.026662870262312146,5.454086986251917,0.0018227009113504556,12488485.904132228,57.714787526916204,0.002468879209941473,0.09469431127945087,0.0009892156546316463,0.005635356965736022
0,1380,20,0.9644362303511382,64.41516357633394,68.40643244607924,3057.34000000001,62.124317537011436,973.1370849899115,0.3182953433343718,3058.0000000000005,0.20142008639316367,1.36918757779863,1.754336003203203,76687599456.97754,0.11727261063288089,0.1827637449420263,4.497467715921251,2.350821244557633,0.12229805262164696,1.5527341768185845,1.5431857472415644,0.9002770645800782,1.450544179977555,0.07711641755159865,1001.5527477702258,0.4049618577091592,3067503978.2791023,0.9707166874051743,0.027229028368199057,4.057539800029948,0.17575105509632788,0.07735121323246212,0.04940222477914573,0.0055537253972221,0.7971135063906446,0.0055537253972221,0.04946008098602854,0.00552178099951869,0.9972231373013889,0.9972231373013889,0.9994446274602777,0.9986115686506944,-0.6493893128660564,0.3663136772145737,0.0055537253972221,2.011610695625051,0.9670962046108247,0.1500290489245023,0.8088285030510236,0.9833492570730324,4.023221391250102,0.14447532352728085,0.013738987544091958,0.6310953135567018,64949.671942446046,0.8495705944074041,0.6828126436314532,74211.29075212557,0.014688949162924254,4.065022890778287,77.60431654676259,313.7741922825376,19.339189375772108,0.2489611946806191,0.013742986081141273,0.056807760307935884,0.003423652045918638,1659.0749601071732,0.7530250592834401,0.1292471883762341,4.588819861281235,6989.499219609292,27978.467228076286,1746.9163959277428,0.243653369782142,4.823002406094645,251.6189977321065,0.12174629714752382,0.02868868541530412,5497.635792707121,0.12697125514894245,0.6456834864322405,0.03128608982454015,20.58974358974359,0.5279421433267587,0.6088099934253781,6.923076923076923,145097759.4871795,580411033.5641025,36273921.395299144,0.28846153846153844,1.3076923076923077,0.03353057199211045,0.06983004843442257,0.3582860076442849,0.03750222650818659,5.131556065016084,0.0005101373446697188,141255154.29322815,28.366403273157097,0.00447564409701391,0.021192050333814313,2.8719444491663817e-05,0.009118876306342887
0,1380,21,0.9374942823205691,66.40946202471005,70.63172091914511,3148.0400000000063,62.25849094015063,1060.9277487510813,0.3370121563738323,3149.0000000000005,0.18747322242022307,1.6808249899539165,2.1432723158167133,79027195063.38889,0.9486582958577057,0.2314295726176936,5.507805643890961,2.6652262879083115,0.14868269096382847,1.9174500092064295,1.9306446186883828,0.7918137410059777,1.8734125469023337,0.09663047631291932,1001.917469774165,-0.7945763735070058,3161087802.535556,0.547213329459538,0.039605714287874225,5.659172057799949,1.2135793198912115,0.49819675458520807,0.8593776030810105,0.052462909174827835,0.8849079637085828,0.052462909174827835,0.29550621366214413,0.049624612692902595,0.973768545412586,0.973768545412586,0.9947537090825171,0.9868842727062931,-0.6898206085851363,0.8532578509703399,0.052462909174827835,2.3361170062391126,0.499629120010085,1.239908413324612,0.8887188002205448,0.6328330579816744,4.672234012478225,1.187445504149785,0.2279601280639596,2.1853999953450662,48016.220273102575,0.6099234077243896,1.5428279093576258,43079.36936170213,0.22880027155560884,5.700031756113051,72.01258812321372,404.2603112099079,14.878634487138774,0.20434353057407997,0.016048613880469798,0.09410185138779174,0.0032094093225843506,2959.0330617626987,0.4966157442717003,0.25740309254950444,6.3979573078838525,575.2437843305307,2784.7014136641383,130.59237835269622,0.18602445495251785,5.877758226487796,345.8558040485447,0.0567407193748162,0.07567164179104477,376.4239093612773,0.10640737736370667,0.6941266289390801,0.019284443362766617,67.65671641791045,0.5049008687903764,0.26041434617955,6.850746268656716,18713729.8880597,79648761.8283582,4545440.460199005,0.175787728026534,2.343283582089552,0.01748719091111606,0.062193185080027684,0.3875885039618691,0.011692448200725562,6.50426670900144,0.001702127659574468,18368573.6380597,391.16913337364014,0.00048782626991035173,0.20720733540335562,0.003994622057746,0.0014702990024763
0,1380,21,0.9410046682572678,66.6715456844437,70.82824295434698,3194.519999999997,62.73823572898921,1008.7856131273415,0.31578628812070125,3195.0000000000005,0.19861354261262062,1.4841316826455784,1.9670543572662367,80151881306.88113,0.42505585972247945,0.21309034158115203,4.467881570036343,2.560163550090725,0.1484845896528338,1.7316964390911231,1.7377642804534932,0.7791564616379931,1.781007088452732,0.09178562585504228,1001.7317168967994,-0.2313240609839291,3206075252.275246,0.8495448180034825,0.040986270082885995,4.360710240890408,0.8399645701758849,0.40832067212557066,0.27245292353227246,0.020360972711726207,0.8606779189730482,0.020360972711726207,0.14306988768515,0.019935601495206692,0.989819513644137,0.989819513644137,0.9979639027288274,0.9949097568220684,-0.6924706397443673,0.6602754702135342,0.020360972711726207,2.073086172259466,0.8350080661539294,0.5413547783947694,0.8632354165319137,0.9112734754357297,4.146172344518932,0.5209938056830439,0.07320347406099967,1.1604175707171154,61706.28157746479,0.7725356066036281,1.0012469482000679,67857.39233802816,0.07585977879168596,4.387117370892018,75.92779968701096,326.96527073552426,18.433547556946618,0.2410245174752217,0.014616234924735558,0.06734629560825663,0.003449319319415524,1848.4265737506144,0.5366722153664205,0.24583927709385875,5.629374758745045,2819.6189491009704,11369.055170322066,702.6460003463923,0.21414716861333785,5.770379198691444,256.87339263260355,0.07346567199625982,0.04299843505477308,2188.675275582308,0.13918463554026736,0.8425106508125584,0.027988660353618675,60.77391304347826,0.528468809073724,0.3405671077504726,7.191304347826087,45580971.069565214,182396144.86086956,11393312.46231884,0.19613526570048312,3.0869565217391304,0.026843100189035917,0.10278135969185569,0.7079024196783875,0.017536577609041055,6.125238560306867,0.0014397496087636933,45098550.22835538,114.23816575873639,0.0011932750870428804,0.08027208003224327,0.0005313014865114848,0.002675459486928249
0,1380,21,0.9264031489598186,65.82162455898835,69.21878357786996,3047.100000000003,60.97736026109773,1050.2081528017902,0.344658249746247,3048.0000000000005,0.18632575950654354,1.361056869610782,1.8621673406764931,76448887132.47133,0.33576708005820777,0.23570609217670824,5.944272909792609,2.6450542358265547,0.16409087627048433,1.6317599676012795,1.6548085256292477,0.2401152301652423,2.4049390056613125,0.09982790889545479,1001.6317863038639,-0.5447232690544865,3057955485.298854,0.9027644505066789,0.05275847488619172,4.096912847201354,0.6754928142432284,0.08953710509638522,0.17942360815380382,0.011520696156589526,0.8789749696627878,0.011520696156589526,0.09045393768203007,0.011383862407287256,0.9942396519217053,0.9942396519217053,0.998847930384341,0.9971198259608526,-0.7472272736002835,0.6181911226553793,0.011520696156589526,2.0136873190372646,0.8965215969594762,0.4039562028706976,0.8887879600886042,0.9463157327911146,4.027374638074529,0.3924355067141087,0.04773607607759835,0.9637153401234827,61670.139895013126,0.8093194211943979,0.8539862463058259,68790.65112860892,0.050342270995653096,4.115275590551181,76.70162729658793,313.3609973753281,19.697939632545932,0.2582764654418198,0.014189151380878976,0.05973776318634774,0.003719057146488744,1622.815399913341,0.5827573028626561,0.25309421202628096,4.666251035584736,4461.9311756759935,17886.469585348637,1117.9155973290362,0.2856628212912028,5.544563798072563,265.8476948896684,0.0996797682626021,0.03636811023622047,3553.6537502499696,0.12999359350672765,0.6655390066205825,0.03764153319854317,21.9,0.365,0.7608333333333333,5.383333333333334,86428835.1,345779858.0,21611918.708333332,0.42268518518518516,2.433333333333333,0.04055555555555555,0.1029053520742548,0.67526661131928,0.024877632561074902,5.346729921034558,0.0007874015748031496,84815935.10000001,58.867288773840045,0.002257067180739441,0.03611183395145104,0.00019990619459297486,0.004740939888061418
0,1380,22,0.9609067722465436,64.97046675215334,69.2,3109.3399999999983,62.430561498163044,944.5346463281426,0.3037733558659211,3110.0000000000005,0.2092768289591747,1.2518692938655787,1.7858532093357802,77987909202.18167,0.2925765202628365,0.2295338880070974,4.409569281314526,2.380161906954471,0.16234787277098411,1.5287696285479417,1.53366612479529,0.4398445885514896,1.9403173184029812,0.10036343423266818,1001.5287941092804,-0.14859216544418893,3119516368.0872674,0.9184600420591185,0.04903631638596884,4.063754305576371,0.5556925403629509,0.04901157624480494,0.1491512257849567,0.012891660354712346,0.8405717612363462,0.012891660354712346,0.09911149964879212,0.012720281846421079,0.9935541698226439,0.9935541698226439,0.9987108339645288,0.996777084911322,-0.6924198466631115,0.5702395561007207,0.012891660354712346,2.0074085604062457,0.9088372859058865,0.3718489244011883,0.8506690483711665,0.9529882756938989,4.014817120812491,0.3589572640464766,0.04051072153491727,0.9007076003402285,63452.34207073955,0.8161072935143351,0.8196083332471749,71410.26827009647,0.042036192181635845,4.0792154340836015,76.88941479099678,311.7565916398714,19.75558592354412,0.2587491961414791,0.014092432920649503,0.05841119342306412,0.0037293645733669596,1608.6085560663819,0.5913607794434985,0.2485500972885425,4.55776999319925,4480.092434312273,17942.749323260086,1121.8958939362694,0.2941033836768303,5.693821003326778,221.9937016041501,0.08361028701800122,0.03477491961414791,3487.816409401403,0.12834124158502938,0.6385584855501459,0.03723205789304669,25.985915492957748,0.36599880975996824,0.7930966078159095,5.197183098591549,76777585.07042253,307136048.52112675,19194673.746087637,0.4514866979655712,1.676056338028169,0.023606427296171396,0.059561095715950856,0.21875643767512448,0.03505490072754563,5.913762788488275,0.0009131832797427652,75578405.84011109,67.27176091770329,0.0019566201090065152,0.04007271965351412,0.00018630145158239736,0.004113898828506189
0,1380,23,0.9142620033949875,63.8587253539097,67.88991088519707,2811.0399999999827,58.383606176315766,1096.450793488919,0.3900516511643114,2812.0000000000005,0.1714151876966133,1.3386330474980062,1.9504700164317383,70530651917.17336,0.4606368256985356,0.3426147687412082,5.1588238608115065,2.4734056378183378,0.20266132376613588,1.63910547535948,1.6525419747605068,0.16760391416274006,2.305801723655598,0.14076746797801093,1001.6391396630246,-0.8102853054799691,2821226076.686935,0.8527172609159284,0.06848740571965348,4.219008929256846,1.018871778706521,0.2015517982240587,0.282955533381087,0.02160930783599719,0.8579942808148454,0.02160930783599719,0.14988394519470447,0.021127806451605582,0.9891953460820013,0.9891953460820013,0.9978390692164003,0.9945976730410008,-0.6995776853097483,0.6869678428923002,0.02160930783599719,2.038055897306463,0.8339270708856795,0.5944409771246777,0.8844804829550273,0.9116053521330076,4.076111794612926,0.5728316692886812,0.07614121030427104,1.2859392745738658,52053.06711237553,0.740441921939908,1.093229474979209,59946.02344238976,0.0770684823627251,4.239829302987197,75.13448079658606,314.0092745376956,19.273882566777303,0.256140350877193,0.014740667697324966,0.06491644085456742,0.0037458236375298984,2004.6683477751792,0.5743254881105788,0.2448860564747797,5.0461210596097255,1941.3208344723776,7811.095240573488,487.70585672640016,0.2510812273453128,5.674568601650089,292.25432339831855,0.08608189093649865,0.04940967283072546,1454.3633273642436,0.11390581097778556,0.6603250074622145,0.0249335607528555,45.98765432098765,0.5677488187776254,0.4859015393994818,7.271604938271605,51236356.14814815,204998113.28395063,12811435.190672154,0.2414266117969822,1.8148148148148149,0.02240512117055327,0.06355201972279821,0.37951748334906665,0.012606540671824222,5.8488075644794515,0.0011522048364153627,50483103.59518366,101.33526232899675,0.0013529886140613754,0.07083841085858335,0.0005554028432007912,0.0029424445677513566
0,1380,23,0.9540739055447199,63.0480287090134,67.34864512371426,2901.5200000000013,60.15247898730404,894.1748483534874,0.30817462859242295,2902.0000000000005,0.21354788108454076,1.2478117653020917,1.8490670290454791,72776860181.25798,0.3553551954396747,0.2874933522886609,4.345821606249156,2.318991845505958,0.187964848408382,1.5622238133863993,1.5823853252543463,0.2557346879448282,2.06325715756113,0.12280128669973941,1001.5622543963689,-0.6452147355866064,2911074407.25032,0.8970017128328522,0.061261520642395845,4.044533503221301,0.7161290331955392,-0.003340422930715077,0.19232443902993962,0.017720806269139255,0.8310834501625739,0.017720806269139255,0.12808184758499072,0.017398041848807628,0.9911395968654303,0.9911395968654303,0.9982279193730861,0.9955697984327152,-0.6702702744875564,0.6111673845886528,0.017720806269139255,2.000220572832027,0.882059964952533,0.4646360677657791,0.8425462041651882,0.9386279818376674,4.000441145664053,0.44691526149664046,0.052511311324769716,1.0481927609596884,56960.5383321847,0.7851211348336967,0.9054567683780904,65077.47426602343,0.05365597926475764,4.0612129565816675,76.2650861474845,307.64781529979325,20.058840263419864,0.26555670418868216,0.014247188922279993,0.05906491130043154,0.003858555589490251,1634.8587169001821,0.5616229906662343,0.27459955403809355,4.524251054048369,3135.0190603867677,12545.906309354828,787.897700543198,0.3077457027713064,5.848328090246757,229.19424149843996,0.08053229593735092,0.03987594762232943,2395.8630500275094,0.11339914211889074,0.588572637488824,0.03383725476984256,34.86842105263158,0.4587950138504155,0.8315443213296398,6.0131578947368425,61594405.473684214,246378592.32894737,15402150.499634504,0.40460526315789475,1.894736842105263,0.024930747922437674,0.021302895596968262,0.11364161372299088,0.005254511630113989,5.780693631807685,0.001047553411440386,60683134.26523546,84.39458350957196,0.001586823898026979,0.05317092083251088,0.0003196305813901022,0.0033334319842806682
0,1380,23,0.9096585755520843,60.67687622007971,64.40683193575042,2551.580000000007,55.195240791307846,772.9782971420058,0.30294103933327726,2552.0000000000005,0.23165529224649606,1.202902831283245,1.743633005581408,63989499232.699936,0.22742823099856707,0.2762780499363062,3.981340152107817,2.310457622450423,0.17122907328034362,1.4839779905341075,1.497472808913473,0.3174783944635635,1.9929792279868597,0.11525982602009292,1001.484002572727,-0.24419005378231148,2559579969.3079977,0.9398890837354192,0.0492373453449598,3.991179552208738,0.41567986096881154,-0.05392143120221971,0.11118001486563964,0.00877039318020544,0.853565912378403,0.00877039318020544,0.07229886241065236,0.008690739688599777,0.9956148034098973,0.9956148034098973,0.9991229606819795,0.9978074017049485,-0.7209953787632567,0.5240586183191782,0.00877039318020544,1.9913756896674015,0.932670335686933,0.2851011335439737,0.8682075322097299,0.9655528132806619,3.982751379334803,0.2763307403637689,0.029987602011461265,0.7856751917416893,53256.09501567398,0.834735031593636,0.711950731616238,59964.923542319746,0.030713643733846958,3.99730407523511,77.34523510971786,309.1724764890282,20.1238653779171,0.26312608847091606,0.013801723602334235,0.05515893461108465,0.003752825186733233,1340.8321538633531,0.6799295377515906,0.18448500125179268,3.9932848365387885,4905.497048399212,19621.99492531785,1230.347801589941,0.3286712681429882,5.542499991974269,168.97333641727147,0.0914246012783001,0.030744514106583073,3617.613576310988,0.10561358091477685,0.42467002727184744,0.03889126980063304,15.823529411764707,0.46539792387543255,0.7577854671280277,3.4705882352941178,112160696.52941176,448658658.2352941,28043269.730392158,0.6764705882352942,1.411764705882353,0.04152249134948097,0.0550957706956869,0.31621004925472157,0.025787580065327984,4.829966150010229,0.0005329153605015674,108639554.66089964,36.61502499822045,0.0035582653755073974,0.027349354871903094,9.074199097997196e-05,0.007400237562257638
0,1380,25,0.9874351686167192,57.348930926491335,62.328484659904895,2453.0999999999967,56.62835127938855,997.2625683895081,0.4065315594103418,2454.0000000000005,0.17605689566668192,1.4125998386970673,2.0948299146193405,61565172104.836334,0.8162089305045759,0.3371234304895556,5.551976138603376,2.5693770542715177,0.21865947344861336,1.752066136467816,1.7698622832954105,0.08608832800198678,2.483288726269531,0.14284004765136843,1001.7521089433221,-0.9109780678726569,2462606884.193454,0.6722017114250207,0.08576371114976813,4.808754713944344,1.8530308083386282,0.5272277351297447,0.6570354285823479,0.035965397581988176,0.8961673268505729,0.035965397581988176,0.2226746480358664,0.03463377665513474,0.9820173012090059,0.9820173012090059,0.9964034602418012,0.991008650604503,-0.7288513658140559,0.8327257210828319,0.035965397581988176,2.15719402623708,0.6418317857789079,1.0327989369946482,0.8964698865890508,0.784055993421989,4.31438805247416,0.9968335394126607,0.17325020654108403,1.8745329046807824,40963.61770171149,0.6677036300197472,1.389272656720661,41239.57499592502,0.17462922999158437,4.84438467807661,73.3682477587612,348.8871230643847,17.689669926650367,0.239736937426424,0.015586601551182216,0.07880182688246296,0.0036775240985746026,1953.0400259892385,0.4926055392788,0.29341016103408274,5.724300352827681,1045.4279306637302,4422.517114391581,257.26147811685183,0.22616428268629687,5.879983102244194,280.3998753236041,0.07051863162275478,0.06449470252648737,767.950232107841,0.12405214221699785,0.7630523033092711,0.025485804415596055,53.05714285714286,0.5053061224489795,0.4163265306122449,7.0285714285714285,22077984.438095238,89546612.73333333,5487257.004497354,0.22301587301587303,2.5619047619047617,0.024399092970521542,0.07709915308413585,0.5371162381781548,0.014627711368033446,6.136824655922377,0.0017114914425427872,21736594.64217687,168.74735672628896,0.0009381741595849058,0.12842128514648812,0.00210383932854417,0.002346612355693385
0,1380,25,0.8975759606872047,59.58571888224925,63.13192536268793,2411.099999999996,53.48270886897259,909.4719046283373,0.3772020673669026,2412.0000000000005,0.19139176881293157,1.3251187883136264,2.024436875203643,60503253636.38498,0.6868971084615456,0.3218985306336708,6.648272814550259,2.5237820152229045,0.21772038206737035,1.683891106738375,1.7089790084347296,-0.19696653699984307,2.7207485522227475,0.13742603865937378,1001.683935715783,-1.1157563667206865,2420130145.4553995,0.7521076629016333,0.08936832501655685,9.63804033777065,1.866568596024487,0.33084208482194566,0.500479194989538,0.030462768899119648,0.885136178183107,0.030462768899119648,0.19610183319058905,0.029510063137900038,0.98476861555044,0.98476861555044,0.9982080724176988,0.993907446220176,-0.7190374615398685,0.7885942259822525,0.030462768899119648,3.085536262660635,0.7296809424305599,0.8676306539839579,0.8860290388236868,0.8478827000028,6.17107252532127,0.8371678850848391,0.1327354909721644,1.621348649931468,42528.65416252073,0.7052844803071431,1.2838016341729714,45352.09207296849,0.13551878418851018,9.685771144278608,74.26752902155887,711.1023880597015,8.147880504882993,0.10961028192371476,0.015337858225564042,0.1529974879006329,0.0016739995645821692,1644.1366908047971,0.4759179424955974,0.34745403278924836,10.939944488300686,1450.2257390942573,13236.767454936013,160.3877480891345,0.10858272413677335,5.942753894025237,254.49624602349454,0.07283875003979882,0.057118573797678276,1096.0647460802895,0.13694915540785554,1.5753775005329549,0.01462245465479767,51.78632478632478,0.4426181605668785,0.6549784498502447,12.401709401709402,21730289.316239316,195902774.82051283,2412657.2018043683,0.12221035137701804,2.8290598290598292,0.0241799985389729,0.06517556009806107,0.8550085951758278,0.005866018626794868,6.321094099869782,0.0019402985074626865,21464668.014464166,54.15115150362376,0.0011335270074672025,0.24158978347309545,0.000702382756960292,0.007397818112050788
0,1380,25,0.9155502212309852,59.36739883644824,63.64935192128824,2435.5599999999995,54.35383513861832,933.9488598905122,0.38346370440084104,2436.0000000000005,0.1873187504967822,1.277068309841873,1.8901292041652669,61096446044.70385,0.3625373743066568,0.3170092836776208,4.103452972901417,2.4165782462259258,0.1965856711845815,1.6115267150948103,1.6448463490442333,0.3830805102214879,2.033497736004438,0.13188155161190063,1001.6115589487612,-0.6869751561028749,2443857841.7881546,0.8934096710265557,0.06457122461019696,4.101754828023548,0.7514783892399959,0.08154793337446428,0.20201311667620964,0.01655753505144242,0.8483796324236655,0.01655753505144242,0.12129370197690001,0.01627537964475178,0.9917212324742788,0.9917212324742788,0.9983442464948558,0.9958606162371394,-0.6945768301940437,0.6261914629472224,0.01655753505144242,2.013800051322675,0.8789898699351415,0.4684474186162679,0.8506986056419052,0.9368878422157091,4.02760010264535,0.45188988356482607,0.054642662931913014,1.1191312155221953,46591.80298850575,0.7650542362644622,0.9845906379674343,54408.64896551724,0.055437592920640315,4.118144499178982,75.75852216748768,309.45509031198685,19.60059067688378,0.26007343550447,0.014480730784681447,0.06078870432013953,0.003832523708531301,1654.2039381768086,0.6121316053523138,0.23027951013787917,4.6168399641363,2575.227045755312,10321.929654959209,646.2675839772821,0.2811340945297152,5.625004494154016,225.11320255863052,0.08569182146275782,0.04410098522167488,1963.496566851181,0.11293485101114716,0.5561218561103328,0.03232533493024115,28.03030303030303,0.4247015610651974,0.7972910927456383,5.893939393939394,49248061.15151515,197027306.74242425,12313191.824494949,0.3994107744107744,2.212121212121212,0.03351698806244261,0.08112162701383169,0.326703669830812,0.034874176647104536,5.457198854174143,0.001083743842364532,48396635.53168045,66.36901170275404,0.0020158458609181853,0.05061544997949132,0.0003063556636699588,0.004292770751467861
0,1380,27,0.8508674545303999,55.09884413698723,59.390571642306995,1945.4199999999973,46.88181325840558,808.9866232540809,0.4158416297015976,1946.0000000000005,0.19327259582380862,1.2413695713931823,2.167471592071971,48822297589.29255,1.1301938527308706,0.448582974873156,4.6414040303345665,2.715703575591527,0.2942209267887879,1.7691478482744931,1.8531061420132693,0.04662590190778335,2.6690776736837436,0.19233581786801973,1001.7692220724929,-1.160314780391519,1952891903.5717022,0.520117152004428,0.14871106960639421,5.250831463315279,3.2157207682384463,0.1712797098139668,1.0685299807679165,0.050850038067967916,0.9090942058699922,0.050850038067967916,0.2884852677846087,0.04816689166752966,0.974574980966016,0.974574980966016,0.9949149961932032,0.9872874904830081,-0.7320587401889793,0.8978651558609031,0.050850038067967916,2.23526286122479,0.4817440945570619,1.4248051315863877,0.9144935130959052,0.6393699435159113,4.47052572244958,1.3739550935184204,0.2798450047089711,2.375874498988437,29188.50417266187,0.5999692532921248,1.633275514323529,25303.699445015416,0.2828814767478338,5.331839671120247,71.57237410071943,372.7179856115108,17.759009934909216,0.24530318602261048,0.016337377826925372,0.09090248101810097,0.003917783547250671,1743.6602542558078,0.4497225062355328,0.3567742004995041,6.281769858882534,495.83674166772016,2268.72819813466,123.72262260524042,0.22370169063226153,5.902840587678211,254.39519921825578,0.06432642073616364,0.0796300102774923,312.6684893772675,0.11981829610075324,0.7898066053397985,0.023334724680917726,41.770833333333336,0.4351128472222222,0.43478732638888884,6.427083333333333,10390138.791666666,43385070.833333336,2561047.853009259,0.24508101851851852,1.875,0.01953125,0.06189060225976405,0.2944553455549755,0.02126956426470696,6.1942356777593925,0.00197327852004111,10133322.114149306,223.2636580582092,0.000886032733730557,0.1711179868547547,0.004805113303232056,0.0024457187057572976
0,1380,27,0.9150825744174567,54.80197390698776,57.83632076818165,2053.379999999999,50.148331365964644,978.785613127335,0.4766704716746707,2054.0000000000005,0.1641164139104547,1.2087031464237832,2.092388074080044,51525613902.30017,0.9770609243689384,0.4119495925278245,5.618358953137853,2.567934292672169,0.27803666646433317,1.7084417496512978,1.7863937492361417,-0.3955967699109773,2.9635310625831464,0.17810223222845276,1001.708510333612,-1.2816094405691123,2061024556.0920072,0.619917849608762,0.1374022698315838,9.983444567059816,3.2817255063696633,0.19705244273544031,0.8449889510275084,0.04840559210656804,0.8916176909485621,0.04840559210656804,0.27834200415824617,0.04598392152729446,0.975797203946716,0.975797203946716,0.9971526122290255,0.9903188815786864,-0.7073763655849945,0.8646600524326378,0.04840559210656804,3.127985841816837,0.5802128090641467,1.261349011960741,0.8999257095533704,0.7420786894571527,6.255971683633674,1.2129434198541738,0.22334863578351918,2.235341808642813,30439.388315481985,0.5927826351603113,1.6467162260637567,31832.781577409933,0.22397904333719848,10.04667964946446,71.34629016553068,707.3674975657254,7.900366358325219,0.11040287244401169,0.016388889913136445,0.16979699535445467,0.0017892775416650344,1927.995194479225,0.4601470608278612,0.36310121206316287,11.051761457162259,478.22184871758293,4456.443434571837,53.14126975881659,0.10791680353008133,5.868269345220949,294.716020055012,0.06957189896816268,0.08142161635832522,303.3326248911481,0.11644640773093765,1.3816364384244693,0.011543733888645524,46.10204081632653,0.4704289879216993,0.6952311536859641,12.520408163265307,15148057.489795918,136712754.1122449,1681975.2570153065,0.12067743764172335,1.8775510204081634,0.019158683881715953,0.06461650945674828,0.8598343386259322,0.00530583758620701,6.196143007292184,0.0019084712755598832,14873502.877134524,74.59884061949978,0.0008920383115767429,0.36938527137277527,0.0017984815135959357,0.006066697855050227
0,1380,27,0.8809491549872318,55.11824681213617,59.5788553095811,2018.5799999999995,48.55637295352904,852.4091629285301,0.4222815855346483,2019.0000000000005,0.18684427934854106,0.9721652805575655,1.971677770072835,50630921117.59511,0.8703012182560235,0.5243476709225317,4.130595156984608,2.624457460460593,0.32289771177371285,1.5432622066282358,1.6370081089110822,-0.2901659693221711,2.914623429782764,0.2193972373702856,1001.5433471041978,-1.0478366010240343,2025236844.7038047,0.6882193725236799,0.17005718482826182,8.923586064935854,2.9284530841876792,-0.24832460448086283,0.7006163469073432,0.04160909836626146,0.8879065394179837,0.04160909836626146,0.248563568663561,0.03982047483780829,0.9791954508168692,0.9791954508168692,0.9975524059784552,0.9916781803267477,-0.7105742991503744,0.8424544469242753,0.04160909836626146,2.9595326194757936,0.6512363836331092,1.1249450036672175,0.906131786518384,0.7984514387600887,5.919065238951588,1.083335905300957,0.1855563613184012,2.0108570386393403,32013.821198613176,0.6342510391008058,1.4766954020019325,34737.87282813274,0.1847944069722971,8.963526498266468,72.55788013868252,645.6661713719664,8.955177893346542,0.12399441417643497,0.01581389952106537,0.14480486421762218,0.0019738890010792876,1709.7205238954966,0.4740704565034606,0.37901330935150424,9.55697390921461,704.3235890579367,6267.304837533513,81.7128496016246,0.1291238016361433,6.0103931574672735,233.49534316537105,0.0643567743134836,0.07112927191679048,475.69270083910146,0.1140299409876754,1.2147703359612412,0.014114081849533666,37.80434782608695,0.41091682419659736,0.9266304347826088,11.48913043478261,18431540.097826086,165206782.54347825,2068103.6202445652,0.15496678743961353,2.4130434782608696,0.02622873345935728,0.04327151767404356,0.5627571070764258,0.004615684590721749,6.114761516117458,0.001822684497275879,18130532.816989604,62.46148618827002,0.0010745926443573727,0.2821465054467401,0.0012757405527619736,0.006309956327414488
0,1380,29,0.978315945614185,50.98370066484241,56.93540199208222,1901.5999999999985,49.87816732683585,924.3086578651544,0.48606891978605127,1902.0000000000005,0.16724282518105774,0.9390438937072717,1.9827757815655367,47696757514.54196,0.9672455867436007,0.5002455386921336,5.151452838614383,2.476839290097317,0.33343695430053594,1.5419064651665233,1.652457578123888,-0.5254887891540158,3.0023280792513325,0.21648401458130132,1001.5420026443321,-1.345269706279811,1907870300.5816789,0.656771359607077,0.19265493879419215,8.926790532452854,4.766222042952811,-0.5647266685554837,0.8691816167647424,0.041055182387163325,0.9098227435811069,0.041055182387163325,0.2461243036445463,0.03931673840835789,0.9794724088064184,0.9794724088064184,0.9975849892713433,0.9917889635225674,-0.7394641325730553,0.8725806895859749,0.041055182387163325,2.9529230121723087,0.6213668180686673,1.2236323748647595,0.9298910152015667,0.7781144835661774,5.905846024344617,1.1825771924775972,0.22755919978797642,2.141444857471573,29523.421871713985,0.6208921529277389,1.5486266220404445,31229.47814931651,0.22604151255914134,8.98975814931651,72.10368033648791,641.0876340694007,9.340882112396308,0.12966935389648324,0.01599980907501062,0.14831240397783135,0.002059497211671945,1700.915601088284,0.4743735723708686,0.3996944373644708,9.832069270890845,692.9651806608041,6142.473622366957,81.99099582501773,0.13043160705776904,5.848980123832974,270.3334610377623,0.07521849195839064,0.07503680336487908,486.92960373452445,0.11964853539876188,1.3475958361622589,0.012686089577287745,33.45,0.418125,0.7775000000000001,12.0,17183197.325,154165237.5375,1925714.8326388889,0.1384548611111111,1.55,0.019375,0.02008606446373329,0.27542807830961075,0.0019145400633066253,6.078055907333253,0.0016824395373291271,16829915.684375,56.778609104042765,0.001208275900409239,0.27085028971766767,0.0015441614333682179,0.006928649396972651
0,1380,29,0.9490670610839737,54.02398822083857,58.186252671915554,2087.6199999999985,51.27238772878647,831.6978930913068,0.3983952506161597,2088.0000000000005,0.19474443454352527,0.8440242305476887,1.7277508726163548,52338919142.643585,0.6749177411994888,0.46564640982487115,3.316870758548711,2.104189649084238,0.27487248994717106,1.3296996661443599,1.3719233514172844,0.02662652552916731,2.0775631235550707,0.19403874230436918,1001.3297589992719,-0.7228244621145421,2093556765.7057438,0.7149069427929713,0.11882404902340016,3.477413924989065,1.2625308813380045,-0.68743452835872,0.5536128707286642,0.025844184938368146,0.9108448127105156,0.025844184938368146,0.17237116006367487,0.025150939181915306,0.9870779075308159,0.9870779075308159,0.9974155815061632,0.993538953765408,-0.7588625869178839,0.801961226184575,0.025844184938368146,1.8290629536028882,0.6869049972490104,0.8439016817624345,0.9125832012669997,0.8129937044841195,3.6581259072057764,0.8180574968240669,0.14486426391675805,1.6040886452252299,37231.20505747126,0.7132414761967675,1.155696004169052,37318.1424137931,0.1433680506011362,3.497528735632184,74.54019157088122,262.4406704980843,27.646595891868884,0.37740581098339715,0.014829227675886588,0.051125294653656846,0.005813026458676631,1669.0596174523432,0.5878066524855325,0.21391599066258385,3.221062226265725,1386.7145911228943,5327.480609388584,401.6654122946912,0.4552189205520094,5.784159079652264,188.4959733362177,0.06832555072165121,0.05419061302681993,983.6923023164503,0.0904362391930384,0.29566857679647573,0.04159136876829659,20.3125,0.634765625,0.4755859375,2.28125,58447241.25,232301791.21875,14983676.8828125,0.8185763888888888,1.125,0.03515625,0.011136690419195105,0.01938203797815254,0.010203286731073239,4.93749999999999,0.0006130268199233716,55786264.6875,100.50511803684523,0.0015060678527859422,0.09995297147673791,0.0012230435609631005,0.003765704377966739
0,1380,29,0.9058189817887495,31.465361504526598,34.027048064738146,636.6199999999997,28.501921719645196,456.33422791985527,0.7168078727024843,637.0000000000001,0.19600268754430228,1.057051217374993,1.9638117430671553,15975642489.408924,0.751922563712261,0.4320246237244909,2.8983197279102093,2.434106599243765,0.27073641163972584,1.5887111612528166,1.6528121073755293,0.5703358246150338,1.8637707746287313,0.1868511275467548,1001.5887689712224,-0.6147432790176333,639025699.5763571,0.7372398502596306,0.11580362918691658,4.127569557933905,2.1007334650245344,0.0029418825650745356,0.5522120138317024,0.036031055311963295,0.8774632337818151,0.036031055311963295,0.22274513494411374,0.03468332657185198,0.9819844723440183,0.9819844723440183,0.9963968944688038,0.9909922361720092,-0.704102137328387,0.8068299507304524,0.036031055311963295,1.999630826675011,0.7057785209521058,0.9712362631565082,0.8789014597182505,0.8349226934541752,3.999261653350022,0.9352052078445457,0.14706076728591644,2.013725795788793,9341.386436420722,0.5865862754424316,1.7413757443274376,11740.544615384615,0.1477497038955662,4.157048665620094,70.78938775510204,292.1074411302983,20.46311878597593,0.2941147741147741,0.016577960354442374,0.07039807231515201,0.005056128395938487,744.6085889232245,0.5395508312044582,0.2957524144158805,4.379705399817459,487.72531097959745,1976.3311968759576,127.11521103106105,0.3312396431133016,5.345490098193251,124.70535203713045,0.09208829690449918,0.08631083202511775,327.70902100350264,0.1308402112889219,0.6333668393147428,0.044129823953334014,11.266666666666667,0.37555555555555553,0.8322222222222222,4.7,6135478.3,24609609.566666666,1537269.5203703705,0.5194444444444445,1.6,0.05333333333333334,0.036428688342338804,0.23147676124610014,0.011255761892494661,4.7068905956085105,0.0018838304552590266,5853694.272222221,39.91476359294197,0.0038383666231027514,0.10355944165376815,0.0017499748699493318,0.008635644092253234
0,1380,31,0.9324129337056448,51.79080297543974,56.72424525720902,1859.3399999999995,48.290414541300805,794.3925107043822,0.42724435052458526,1860.0000000000005,0.1924195510795957,1.096994369102801,2.0207701228479156,46647590850.33561,0.8844402027279474,0.4511322566979461,3.680570373149459,2.596097674215554,0.2861431236471743,1.5856726379518116,1.6268905504879907,0.1263418909772196,2.4697557832383343,0.1904320776835217,1001.5857411032822,-0.7086067036335885,1865903634.0134246,0.6755974480286739,0.1371477924982251,4.2986320003193885,2.7265522379969007,0.09842456120784851,0.7133136201838473,0.03342890669934946,0.9104303891034943,0.03342890669934946,0.21032157398573786,0.03226856472981217,0.9832855466503252,0.9832855466503252,0.9966571093300651,0.9916427733251626,-0.7568414128246286,0.8576359854970328,0.03342890669934946,2.031909928306548,0.6482922601511542,1.0944497977233547,0.9123768971760187,0.7955788062074542,4.063819856613096,1.0610208910240058,0.18668563172079922,1.9171379960663961,31308.57023655914,0.6733025857324546,1.3574621916984622,31415.281333333332,0.18806590311018617,4.34010752688172,73.47079569892473,314.0235053763441,21.359213261648744,0.29116188769414575,0.015489481160445061,0.06975022222628598,0.004511869278575628,1398.6645091852138,0.47235084541748396,0.3516312050445905,5.0004184044187,1098.2896000066548,4448.986716987665,289.0723371098358,0.2955184335287292,5.934593370141285,209.23582794715327,0.07149074572671213,0.06350537634408603,804.8686063966652,0.11447977026284632,0.6373139981570936,0.029360600539885973,26.09375,0.40771484375,0.578125,6.21875,21635797.0,87068160.046875,5433607.609809028,0.3029513888888889,2.125,0.033203125,0.07770017926912745,0.4515581401511939,0.027174250210562478,5.644454882778679,0.0013763440860215053,21107903.93359375,114.3126139102855,0.0014154160716685486,0.09824285662450781,0.0020923607641753837,0.0033097917781199455
0,1380,31,0.8816427928648827,53.777964890802,59.69288064752781,1888.4000000000003,47.412955160916276,853.463578516259,0.4519506346728759,1889.0000000000005,0.18049573136944377,0.9014200709278057,1.7748736175770319,47356396403.774765,0.6346969239441811,0.451943468314312,3.2638799686935682,2.165783249554527,0.270896478526508,1.3901505511755847,1.4456775088314529,0.08656207888879171,2.0792211706657353,0.19002477745320792,1001.3902078672342,-0.741723940309115,1894255856.150991,0.7486102300773949,0.11479147641649669,3.587866974443773,1.298562891760144,-0.6181682604495672,0.49291465400833995,0.022576380644647776,0.9124353920791837,0.022576380644647776,0.15514715602625948,0.022050766515809027,0.9887118096776761,0.9887118096776761,0.9977423619355352,0.9943559048388381,-0.767214836177532,0.7894424530098301,0.022576380644647776,1.8628693010672115,0.7250942525722706,0.7850780901141072,0.9179070237198999,0.8410338491804255,3.725738602134423,0.7625017094694599,0.12887275866324696,1.5503132611812867,33722.83360508205,0.7140885887788683,1.1723056458205416,35353.11811540498,0.1280464594973378,3.605590259396506,74.4759978824775,269.544012705135,25.998553614493265,0.3547903064525616,0.014887783371686421,0.05334969310528752,0.005465577571456269,1547.5066973368557,0.5953497675931962,0.2241623667050911,3.449945664156572,1383.9225108233513,5356.664253974526,391.2917842908912,0.42189197104028503,5.639371717209795,202.91227544480728,0.08052115710527574,0.05478030704076231,988.5562024622052,0.09706874472871214,0.3639441010682675,0.0387412698699956,12.866666666666667,0.4288888888888889,0.8722222222222222,4.233333333333333,54704735.166666664,216657384.6,14216885.882407406,0.5990740740740741,1.1333333333333333,0.03777777777777778,0.04726393751535627,0.10842274580448694,0.03699345767420106,4.8402239289418425,0.0006352567496029645,52226734.47222223,76.51213030690162,0.0019326611355335052,0.08241708791854808,0.0009541783686548701,0.00462040334711191
0,1380,31,0.701042345348496,58.90374362353199,61.72066104636274,1822.6599999999994,41.29401857964737,732.6184991673533,0.40195017127020594,1823.0000000000005,0.20657600896170294,0.9652498235673593,1.6525739841021672,45697164036.337296,0.502246902895372,0.29855717084962907,4.566225748020084,2.0198415582446265,0.20381562498357983,1.3393171999866866,1.3701871333914597,0.03852735210250196,1.9813142061421245,0.12602269715627432,1001.3393557930057,-1.0327095596618676,1827886561.4534922,0.8039303881138462,0.07728941604382307,3.6574251940735123,1.0628663098648277,-0.5881136784369541,0.38684010455499585,0.012921160992821996,0.9354102834564775,0.012921160992821996,0.09922608422628035,0.012747602079774824,0.9935394195035889,0.9935394195035889,0.9987078839007179,0.9967697097517946,-0.8214729877153648,0.7528144133806606,0.012921160992821996,1.8878413490200316,0.7875148553114102,0.600396748162769,0.9362875147822605,0.8810190410137922,3.7756826980400633,0.5874755871699476,0.09994031638695447,1.2530073257097272,35280.2660449808,0.7741144496978782,0.911853205505684,36639.12743828854,0.09809271799451694,3.670959956116292,75.98861217772902,279.7715414152496,25.047316998841957,0.33245504967391964,0.014252380910918641,0.05194318071471899,0.004861506599348461,1366.227897567579,0.7110770236979385,0.1457443842095186,3.4944421283158476,1985.1617549905004,7652.5444288009985,568.3265738120322,0.379096672201303,5.4841903297040275,152.8479269380728,0.08561575718831263,0.041914426769061985,1297.3593827874831,0.0801113323691487,0.27967042001844405,0.031547399000878946,11.666666666666666,0.5555555555555556,0.42630385487528344,2.3333333333333335,78598317.0,312688661.04761904,20075733.633597884,0.7724867724867724,1.6666666666666667,0.07936507936507936,0.13377127371227418,0.5231839074243336,0.09040796519247661,3.9394709940012813,0.00046077893582007677,73888383.60997733,40.45595693593397,0.003473268284060025,0.050225067200637234,0.0004142794328647742,0.008071684727203817
0,1380,33,0.8452714246894105,60.15084778946223,63.76237134862536,2333.499999999999,50.84379280727462,848.2920056410037,0.3635277504353992,2334.0000000000005,0.2018661315013789,0.9764363541576182,1.8783049644537366,58519061752.37764,0.7687694619830283,0.44412537482102343,3.4566271630371133,2.3152385954148995,0.27647252414313217,1.4475766493269004,1.4775976117973593,0.034554821042364556,2.2806837743725348,0.18788236980444267,1001.4476389948146,-0.5464450756250793,2340762470.095106,0.7239042465281679,0.12487147921303089,3.8823542588073825,2.145389529795943,-0.264651705014301,0.5887622224234754,0.026139654253648725,0.9149714272899272,0.026139654253648725,0.17384612219273743,0.02542856592465835,0.9869301728731756,0.9869301728731756,0.9973860345746351,0.9934650864365878,-0.7740527544258067,0.8334134629881427,0.026139654253648725,1.9343465677658995,0.6996554774992637,0.9406996692856642,0.9156930441295744,0.8288923580025667,3.868693135531799,0.9145600150320162,0.15372546916928104,1.6550534261984726,42337.12839760069,0.725572037662394,1.1261952772949926,42239.81278491859,0.15390337861602524,3.9143787489288773,74.8152527849186,290.9751842330763,24.13084452061316,0.3251804246405789,0.014759295052401613,0.058702421724664354,0.0048682113664623335,1568.9955780609826,0.5154321289959196,0.31800360884694207,4.22485251904652,1731.5526986902828,6816.694316434514,472.6202141650779,0.3578183187944993,5.994517562177566,212.53663779445998,0.07130997421817246,0.05197086546700942,1290.3015897694484,0.0976998791518409,0.46419991178960596,0.029977065463465662,14.15,0.35375,0.694375,4.025,60176142.6,240149682.1,15266309.780555556,0.5493055555555555,1.45,0.03625,0.033824926481990446,0.2684326063832752,0.005865687293711456,5.12192809488735,0.0006855184233076263,58048191.0375,112.26910858278221,0.0014133020548099094,0.0792109034697033,0.001332117987803452,0.003264094284810713
0,1380,33,0.8255745625200509,66.20959829389919,73.75120338001273,2728.5200000000023,54.660960146114135,879.0032754782303,0.3221538693057883,2729.0000000000005,0.21065802556225574,1.0014569479939552,1.8440033195174854,68418763964.69824,0.730698768866367,0.42268279383201324,3.6955219754291346,2.396521446023971,0.2638586839451664,1.4189717589790607,1.4307950843472685,-0.12379889070735582,2.5203203367313267,0.17648153610467054,1001.4190295622941,-0.3891911459191229,2736750558.58793,0.7429542742533979,0.115770675901298,8.786994631886698,2.018366047045787,-0.2550126769188592,0.5363519264960054,0.0265701917961335,0.9055230633042878,0.0265701917961335,0.1763166719097683,0.02584381025013202,0.9867149041019332,0.9867149041019332,0.9984370475414039,0.9946859616407733,-0.7587028145651679,0.8153927249197975,0.0265701917961335,2.9427110546024315,0.7220138047342001,0.8954060723784812,0.9094094000877927,0.8438838173212186,5.885422109204864,0.8688358805823487,0.14073052957303472,1.5902261486635212,50081.1948845731,0.7340592874250363,1.091746931274783,50688.05536093807,0.1430951363830878,8.820901429094906,75.12285818981312,662.1933895199707,9.158123753104514,0.12296618623020235,0.014746288298715928,0.13042173396128534,0.0018496641826966796,1569.0989172316504,0.4631493156104406,0.37462978562600713,8.89727167001362,1843.0336119622966,16490.59156121551,209.1482744896654,0.13692915677046424,6.228781307576612,221.82493720516334,0.06534316838360683,0.04948332722609014,1370.3780505492637,0.10783603354018972,1.003703775244554,0.014795199279056485,27.328767123287673,0.3743666729217489,0.8207918934133983,8.63013698630137,46179693.32876712,415180389.53424656,5148152.272545663,0.17646499238964994,1.9863013698630136,0.027209607806342653,0.05186251912270697,0.4751571891801899,0.008481423481572768,5.987702812275016,0.0010699890069622573,45306236.65303059,54.78100079651152,0.001183821664144562,0.17693078271683998,0.0006356542024081377,0.007003246613488346
0,1380,33,0.688984938418643,45.65624268538721,49.57459026557859,1046.5600000000004,31.45646355501813,553.6479364188439,0.529016909129762,1047.0000000000002,0.2071349159158672,1.4320097570905665,2.2259301449032414,26271256864.970203,0.9405552512791118,0.40277120255532317,3.17145185493538,2.6010636839672614,0.2437848166185251,1.8369830343770124,1.8564800153702377,0.4075460712141829,2.1935176127530784,0.1693377866371132,1001.8370302334125,-0.4264810613036091,1050850274.5988083,0.5656171346887318,0.09457148100383064,5.484203820127965,1.42114965094949,0.5467356274197844,0.8418698224400981,0.045105307195544016,0.8982694782296583,0.045105307195544016,0.2640966375117898,0.04300439811009334,0.977447346402228,0.977447346402228,0.9954894692804456,0.988723673201114,-0.7175483704577938,0.8595456113166217,0.045105307195544016,2.2989153773246933,0.5254832721958029,1.2025066980728547,0.8994988033487906,0.6663523819752657,4.597830754649387,1.157401390877311,0.22174378240891052,2.216008887772606,15583.887335243553,0.5953729640971749,1.6752460948596481,14805.028500477554,0.22276488662289767,5.520764087870105,71.31977077363896,388.30288443170963,15.192659450281226,0.21178074923060597,0.01644908981208954,0.09296891991612166,0.0034792420412259537,1054.713316271645,0.49210475561423184,0.2750188163080773,6.092357004280736,525.7922667172743,2556.8042691024916,119.16256503824931,0.20280761538432907,5.596994687434561,168.36905918001736,0.07813686591362679,0.08183381088825215,353.2790171270483,0.1298612552576703,0.8035632595848908,0.026611172396526755,26.586206896551722,0.4583828775267539,0.4224137931034483,6.672413793103448,5916024.293103448,26713685.862068966,1394395.1843869733,0.23323754789272033,1.7586206896551724,0.03032104637336504,0.06972894149247152,0.25126894602466665,0.03043442297846265,5.53462086577991,0.0022158548233046802,5712358.827883472,105.48997341533921,0.0017344805331837173,0.1723901850527997,0.0033382885797654505,0.00499923809353308
0,1380,35,0.7718775921399138,61.95314530390819,66.5555407160065,2213.2600000000043,47.82024462267486,922.8944443027812,0.4169841972035727,2214.0000000000005,0.18070456251623826,1.342439114294198,2.0997510919717817,55544176957.921776,0.910589742606978,0.406414314320096,3.8826182041816453,2.4778318094395275,0.24517653727191097,1.752498453757462,1.7991060932073732,0.33773524278225114,2.1400965666572764,0.1684527636594396,1001.7525470168641,-0.831137258509054,2221767078.3168716,0.6222222633500049,0.09729642919273673,4.987183184590231,2.0721170060972507,0.4987518361112606,0.7694493372794258,0.04205588100055843,0.8963121430394387,0.04205588100055843,0.25047806329587485,0.040223948312608615,0.9789720594997209,0.9789720594997209,0.9957944118999441,0.9894860297498603,-0.7223473615347015,0.8539785218706886,0.04205588100055843,2.1921071420807343,0.5866247198910228,1.1583862880423832,0.8983067278630088,0.7391895027321486,4.384214284161469,1.1163304070418254,0.20287630456999606,2.0574859331450934,35203.20397470641,0.6360109119188151,1.4791327795771183,34440.00227642276,0.20431724208841004,5.025257452574526,72.56093947606142,358.1223848238482,17.293573220917395,0.23716651610960554,0.0157954453530216,0.08248574454791119,0.003702988064926269,1884.0283993058674,0.4781448417632307,0.3089106756511457,5.815498700876998,695.9789923039637,3036.6181726281593,170.3352137103275,0.2270552738539423,5.949926146967319,252.60432801693076,0.06364376368133226,0.07112466124661246,466.3871523919337,0.1111603613973526,0.6834075110354749,0.0242464965902943,48.1219512195122,0.5868530636525877,0.5331647828673408,7.280487804878049,21481292.63414634,86806391.29268293,5350624.568428184,0.2564363143631436,1.5609756097560976,0.01903628792385485,0.030034400058657807,0.18571525788691443,0.0062754024296424234,6.061641486246227,0.0014814814814814814,21025667.634146344,185.1707349562579,0.0009053041509971395,0.14888563762864024,0.002853984424158911,0.00235211112799714
0,1380,35,0.7661852813278034,66.32720254729287,69.58764258113649,2523.9799999999987,50.81892634338378,1029.8566809392091,0.4080288595548339,2525.0000000000005,0.1729303004066011,1.1083694133767967,1.8584885340613466,63317762490.35156,0.512011977766091,0.36966854049776865,4.467907477009906,2.432915849933817,0.24054104418317127,1.5256186118001653,1.5880038674462866,0.07180862539094152,2.3611072245428755,0.15818625761152727,1001.5256677756641,-1.0216016560405088,2532710499.614063,0.8312784340986177,0.09847774109510395,3.8926053374604814,1.192806367222123,-0.27185833896313527,0.3324410008284375,0.017412791537087306,0.9003803992976546,0.017412791537087306,0.12627433243589908,0.017100439776045428,0.9912936042314564,0.9912936042314564,0.9982587208462912,0.9956468021157281,-0.7644535968564319,0.733838945139391,0.017412791537087306,1.9529076129695744,0.8172988828424033,0.6255304648213985,0.9185087744960293,0.9016123228807282,3.9058152259391488,0.6081176732843119,0.08746344809138121,1.3034350431315367,47751.66151287129,0.7564619645603372,1.0489531755082835,52474.451152475245,0.08883430879325557,3.897283168316832,75.47616633663367,294.21541386138614,22.18777249724973,0.2994063806380638,0.014636816136942494,0.05729181711731264,0.004565911933823767,1687.8368663253204,0.5706418865965392,0.26388102995951473,3.893437349018928,2358.0097295786745,9353.961210696512,613.4907156822006,0.37556388746080044,5.697654002013663,261.71394972786544,0.09235206526938247,0.046609900990099006,1813.3638551323988,0.11862283961525062,0.47116845528700524,0.04738248542518916,24.26984126984127,0.3852355757117662,0.8289241622574955,5.285714285714286,52207758.17460317,208483099.36507937,13141823.511904761,0.4576719576719577,2.015873015873016,0.03199798437893676,0.09355333840167825,0.6104567844816942,0.026700090665472395,5.667600955177248,0.0009980198019801981,51203785.98387503,76.12627466634751,0.001872762657272422,0.053907976176258234,0.0005205944586817079,0.004097259951638114
0,1380,35,0.6859827972953363,75.99106373648051,81.63357152544535,3037.9600000000005,52.12856247139909,721.9072293301313,0.23762894486106834,3038.0000000000005,0.2706540727922039,0.9268096802554782,1.7687859546153415,76165543610.39981,0.637156272062334,0.4032036977766904,3.7548779147965936,2.3074396266739416,0.2615928821005368,1.4179228631723482,1.5041729752911461,-0.1222996641258214,2.429739290799763,0.17548140338591026,1001.4179782790687,-0.9212597653793085,3046621744.415993,0.7568452295067828,0.11098894668610597,8.401347032328328,1.4266409529002977,-0.5703823279541009,0.48326110758117613,0.021234958062924983,0.9158193097807944,0.021234958062924983,0.1477891280612766,0.020768913248534488,0.9893825209685375,0.9893825209685375,0.998750884819828,0.9957530083874151,-0.7772473948285723,0.7925090578676786,0.021234958062924983,2.878513588370279,0.7365520200857254,0.7788256091633246,0.9186490395164755,0.8495180926600643,5.757027176740559,0.7575906511004006,0.1261240164110253,1.3542696384997701,59737.10496379197,0.7865319942566421,0.8509394835051819,57482.395181040156,0.1261001882236893,8.414206714944042,76.43078341013825,645.9295984200131,9.75334851144759,0.12897520298441958,0.014113865609394465,0.11765030478348412,0.0018641819457613626,1538.5703472981122,0.5271157101305265,0.27807223549434507,7.790465928380754,2649.6367036410284,23469.203939017985,305.30441076746075,0.15224472663283484,6.407664250120586,142.91094373981292,0.04885820085395465,0.03829163923633969,1853.999461047581,0.08212660663406621,0.6567799048719699,0.012746822518506392,13.842105263157896,0.36426592797783935,0.7846260387811634,8.131578947368421,111156769.26315789,998225102.4473684,12412007.913377192,0.19115497076023394,1.263157894736842,0.0332409972299169,0.03663773861464321,0.22367813035670206,0.007975275687033207,5.090032776601469,0.000500329163923634,107162030.6897507,49.03477756013105,0.0012806399093726745,0.14479327679727846,0.00044583941277921355,0.007545669239796816
0,1380,35,0.8596541832109811,62.66921033271246,66.34485662053991,2524.5799999999954,53.87384882104511,1049.7478497637558,0.41581088726194365,2525.0000000000005,0.16967369083799563,1.094856663174828,1.74696095853655,63303872929.517746,0.37036657975505227,0.3378158430291258,3.6548383358976615,2.2409377903954106,0.20378043811333937,1.4157793647760193,1.4166322797940911,0.05892602423745874,2.182011766157952,0.14062444428444137,1001.415813020055,-0.32598202925457215,2532154917.1807103,0.8817634816351339,0.06740585599954245,3.8586324246709465,0.7798549058722883,-0.2959765283060081,0.2282357795315624,0.013928470398931206,0.8849879120046488,0.013928470398931206,0.10552027817247128,0.013728489518004264,0.9930357648005343,0.9930357648005343,0.9986071529601068,0.9965178824002672,-0.7448222160252645,0.650879733535817,0.013928470398931206,1.9506551356593942,0.8676397730929961,0.4647780715086093,0.887132513255227,0.9300596475676991,3.9013102713187884,0.4508496011096787,0.06054106248262341,1.1324279685018752,48349.121948514854,0.7659266843329086,0.961542584076071,55661.319778217825,0.06033058117439467,3.870510891089109,75.7708198019802,294.05411485148517,21.65463190319032,0.2904866886688669,0.014365748127193672,0.055441304857696654,0.0043347669893406575,1886.289387752889,0.6776882983157474,0.17863791245231314,3.7219493817157234,2462.9015065487692,9797.895483412789,630.6819113402586,0.36112397872842106,5.441458603463007,250.21702738652547,0.09545931842515028,0.04384554455445545,1838.6663031711942,0.09494856385292856,0.3826327240104052,0.034804245243208146,15.117647058823529,0.444636678200692,0.8693771626297577,4.088235294117647,103006024.5,411728593.7647059,25827012.87009804,0.6200980392156863,1.2352941176470589,0.03633217993079585,0.056769474904376706,0.1715775793572398,0.04378918964945396,5.087462841250329,0.0005386138613861386,99558995.41262977,57.8130726238417,0.0023338970856865487,0.04872364651597458,0.00027897930244635626,0.004996925769568113
0,1380,37,0.8398885464606806,64.8172369058946,69.324166060617,2643.9400000000087,54.439254890489394,1002.6767819518823,0.379235830598228,2645.0000000000005,0.18178990854428867,1.066166412930396,1.7478841464998052,66314161920.23594,0.4279040860976355,0.35610397115803627,3.7329981852902607,2.2843589588802993,0.21619270180927916,1.4292763417583967,1.4575981530953652,0.3042723080209137,1.9800866508593855,0.1478544335271935,1001.4293144109583,-0.721576038460791,2652566476.809438,0.8507716166251551,0.07624722443610765,3.776900154203286,0.9206969670508213,-0.43477276043991797,0.29184319950774784,0.01222854671411686,0.9195911641292644,0.01222854671411686,0.09496547161239315,0.012074693137926265,0.9938857266429416,0.9938857266429416,0.9987771453285883,0.9969428633214709,-0.7975787910369548,0.7035146451139295,0.01222854671411686,1.925356136045837,0.8376398934217325,0.5152047155660442,0.9248082826403355,0.9122958432659449,3.850712272091674,0.502976168851928,0.07601793655546615,1.1279853728706717,52273.276506616254,0.7905221399866352,0.8953404057875722,56257.273149338376,0.07552477848492536,3.7890359168241967,76.30443856332703,289.63602268431003,23.171382902751525,0.3071266540642722,0.014222275772873038,0.053730460909001285,0.004494278718247471,1788.6133646701987,0.680528192529424,0.1750479968195785,3.6807023027253294,3321.606048805691,13118.717794041539,872.8558500329505,0.3652669919399183,5.410695391894035,247.2688945731942,0.10092332147222312,0.03951984877126654,2553.5693258042234,0.10706134248508584,0.4241911614829657,0.037528011228846476,14.15,0.35375,0.7693749999999999,4.475,92244936.625,368028836.4,23299204.70902778,0.5201388888888889,1.5,0.0375,0.08098860061037741,0.2977751268990218,0.04404065336763814,5.171928094887351,0.0006049149338374291,89512114.359375,54.99984156144345,0.0024886694073090166,0.04510193927235052,0.0003094845747697303,0.0055173918732536525
0,1380,37,0.7687263189332553,83.22349005678088,86.46294003791452,4026.46000000001,63.97608716012754,1324.5007501613711,0.32894918865737344,4027.000000000001,0.16983000325479353,0.9064409815121298,1.6738683939778431,100937698582.19266,0.6881532503953657,0.4270333849483283,2.723023109430202,2.216020916500352,0.24247854207390296,1.3037920424248612,1.3210515140958625,0.1399768733607315,2.0760440431396203,0.17498785282351678,1001.303836284055,-0.18565714212033543,4037507943.287707,0.7167729303733201,0.08859862612844753,3.52212160336089,1.330673234904873,-0.6487302859137893,0.5412091616610082,0.02663803196449325,0.9061121778462434,0.02663803196449325,0.1765042159258715,0.02590254626637027,0.9866809840177533,0.9866809840177533,0.9973361968035506,0.9933404920088766,-0.7517349651963756,0.7999241535932813,0.02663803196449325,1.8421396277899666,0.6948846266424114,0.8492914317314004,0.9081446804452937,0.8197988758344835,3.6842792555799333,0.8226533997669079,0.14196179840637535,1.5538856529775904,73647.19416935684,0.7315340866089579,1.0931372457170616,72161.114765334,0.14397576270775692,3.529466103799354,75.0483536131115,267.9865805810777,27.094292415087054,0.37294208536820905,0.014741224155694338,0.050761159305576745,0.005881790904400114,2545.3229901249883,0.5044486915768885,0.2742746110963269,3.0049122582189076,2185.578634692305,8558.034127713647,593.1487324160707,0.5251935470748016,5.974555013999982,341.441719989768,0.06799905857868574,0.05003476533399553,1714.114091766493,0.10156485256698225,0.30725377624488925,0.05587861272700859,35.73809523809524,0.42545351473922904,0.5525793650793651,3.0595238095238093,82822339.60714285,329585645.29761904,21131919.75859788,0.6570767195767195,2.0714285714285716,0.02465986394557823,0.07816561943799652,0.2516291194701618,0.03747060630264375,6.049997333467267,0.0008343680158927241,81385908.82128684,200.48553202387532,0.0007573493404062448,0.10152340378139901,0.0012793322585036686,0.001869612255262525
0,1380,37,0.7245986705671036,92.71131106457419,100.83372451714754,4777.4200000000255,67.17849274392366,1143.521861300795,0.2393597090690768,4778.000000000001,0.2142679290255314,0.8491771967971418,1.7617549043081782,119762284159.76611,0.9044036730594813,0.47242551770220453,3.1811594902474525,2.3735951140859926,0.2882028834637359,1.3062558884411957,1.29604289106361,-0.1290515973466848,2.5026467114326776,0.1982981586808043,1001.3063219802202,-0.021595211637019288,4790491366.390645,0.6447361551242692,0.13235622801152547,8.295277034848171,2.414878824135826,-0.46045938877626713,0.7504637734817434,0.0313308046676814,0.9197727421144171,0.0313308046676814,0.20012964744567016,0.030312735266728695,0.9843345976661594,0.9843345976661594,0.9981570114901364,0.9937338390664637,-0.7761869167919602,0.8656200183689905,0.0313308046676814,2.848770495745282,0.6201200280188848,1.092397710743355,0.9437115197794194,0.7682755114735046,5.697540991490564,1.0610669060756743,0.1954486445373562,1.767438598179911,87914.87559648388,0.7359972841899027,1.0558554905883164,77013.73372959397,0.1988279562337566,8.32717455002093,75.25190456257849,629.0226454583508,10.06018295660667,0.135411666899214,0.014612763398074297,0.12060500738060909,0.0020360692867770367,2480.424401031169,0.4300626999468243,0.3990397513605191,7.897103613634419,1840.47519419748,16152.52856737117,217.687817087563,0.15853879667680112,6.544010934629712,305.02062186096,0.05210929952762004,0.04828589367936375,1340.388150858383,0.09439563115326206,0.7533260287890864,0.01548800560771516,58.260504201680675,0.4895840689216863,0.4957277028458443,6.352941176470588,72067705.74789916,646802805.0168067,8077711.937616715,0.21177637721755369,2.5294117647058822,0.021255561047948592,0.02394786181883666,0.15712110265839835,0.00485164075662204,6.398855158193175,0.000996232733361239,71060128.4228515,120.90771823287263,0.0005702554098926654,0.2080854401186819,0.0010383703386156243,0.003360030738534803
0,1380,37,0.7065128408556683,86.54221926800041,94.85694492234083,4034.1399999999912,61.143189188989126,1149.7645019879121,0.2850085772898101,4035.000000000001,0.19582652571110803,0.9329689849464603,1.837468198365247,101158749164.96959,0.7567273375934276,0.48825042177686684,3.6713515947003943,2.389843155710748,0.2909424493100176,1.4053843277322318,1.4432845165706953,-0.1949623987092193,2.584805554419967,0.2020658372732809,1001.4054518319772,-0.5995500909516696,4046349966.5987844,0.7236445573106447,0.13519823318948787,8.536513057763408,2.11493157612806,-0.49337051299083057,0.5749873687442467,0.026051716911397647,0.913195596658903,0.026051716911397647,0.17357264759700103,0.025351822754486088,0.9869741415443012,0.9869741415443012,0.9984675460640353,0.9947896566177206,-0.7674833436273496,0.8242031669710612,0.026051716911397647,2.898150983529317,0.7059872954017438,0.9143724678440651,0.9200787748824807,0.8315727704225748,5.796301967058634,0.8883207509326684,0.1502597714139111,1.5648048203052596,75581.9474101611,0.749263419183753,1.032398745327824,72997.64471871128,0.154140059215446,8.55462701363073,75.50583395291201,646.926175960347,9.599560925237505,0.12891587498278947,0.014615411254134037,0.12475123891072791,0.0019442784547335334,1974.942740778401,0.42242766100953566,0.43125398516778224,8.382551778019131,2425.0476672139816,21580.879526823104,277.10875442486963,0.15376939853629285,6.338726803770007,302.55566325655684,0.06478058880074877,0.04627509293680297,1884.074417635381,0.11041535749174575,0.9799741051198559,0.016944016543799706,40.6,0.3383333333333333,0.9608333333333334,9.083333333333334,59685458.84166667,535958459.98333335,6666250.848495371,0.19560185185185183,2.5166666666666666,0.020972222222222222,0.06555327275888277,0.47044939543108827,0.012463956730492136,6.556890595608486,0.0011895910780669145,58978808.45104166,78.51411208292076,0.0008274581416614749,0.17297564770033103,0.000672139611373369,0.004737214223505118
0,1380,39,0.8275903281575894,85.99023184806036,91.99043428531036,4635.879999999989,71.16468419348347,1234.7184125122694,0.26633959733907525,4637.000000000001,0.19548034657340585,1.2154666782009145,2.0250066266494815,116310454975.03584,0.8444790215732192,0.3856941565207568,4.623258251649282,2.491619267370005,0.25871505905397674,1.6610795649928134,1.7272676724294787,0.17407392359299026,2.3175453437770144,0.16260525870226333,1001.6611390707791,-1.138157426801017,4652418199.001434,0.6903548963250419,0.11920926395077829,4.424452508958184,2.4882849724150775,0.20227052149526395,0.6724583553302024,0.03183395880428145,0.9096001024745577,0.03183395880428145,0.20252168998098205,0.030780352045492176,0.9840830205978593,0.9840830205978593,0.9968166041195718,0.9920415102989296,-0.7612871282580659,0.8500566916346706,0.03183395880428145,2.065017177992502,0.6615129367817849,1.045141646081799,0.9359845084255597,0.8037822442075452,4.130034355985005,1.0133076872775182,0.17607307853362097,1.7438798505089617,83862.35856803968,0.7234190948288952,1.086864929559982,80029.39135648048,0.1762169879882906,4.430752641794263,74.96261375889584,328.9042656890231,20.659871564469363,0.2771979009417008,0.014708449571411564,0.06674843395301075,0.0041281794158076765,2776.3996600661358,0.4721592917178517,0.3523570856078791,4.985221047696564,1578.963512522584,6483.250029418503,410.93286587134867,0.2970664858565115,6.36413201091437,344.05928295281706,0.05842921264611127,0.05061246495579039,1119.1303264448134,0.08890712765514495,0.4613301920905297,0.027412740122978497,60.779661016949156,0.5150818730249929,0.6561332950301638,6.779661016949152,76149225.61864407,305190216.90677965,19120694.510357816,0.3083804143126177,2.169491525423729,0.018385521401896008,0.0590573045553584,0.4686569766503965,0.012960833919908364,6.38909363446751,0.0010178995039896485,75184085.88688596,267.9862855712525,0.0005900702044114415,0.0981211313530361,0.001852003862422056,0.001390094233916319
0,1380,39,0.8472044104173143,94.59706405441058,100.57454946456386,5827.020000000002,80.14304987942583,1560.4335495463015,0.2677927224458301,5828.000000000001,0.1734135014201382,1.0345268216465773,1.6773770689914154,146096827736.65964,0.4376260098355287,0.3208892333058353,3.329595383967066,2.1602154212987936,0.1983347445226708,1.3608389587188867,1.3652190238593511,0.2877652497710568,1.8724501715277369,0.13407866151936548,1001.3608713264204,-0.2883760387874833,5843873109.466387,0.8433563533722841,0.06482349851363689,3.759120126157223,0.8955444052744869,-0.44403871739800094,0.2938471952626673,0.0181233161922284,0.883730427014278,0.0181233161922284,0.13024236133939604,0.017782343234466112,0.9909383419038857,0.9909383419038857,0.9981876683807772,0.995469170951943,-0.7287790754621587,0.6841170670094527,0.0181233161922284,1.9209864704829938,0.8276437269196366,0.5513128478568623,0.8896771432973127,0.9067024395825227,3.8419729409659875,0.5331895316646345,0.07799262786372392,1.1125836256064021,116060.89218943033,0.7965744144779021,0.8499016321933401,122877.0206863418,0.07896301710578565,3.7644406314344545,76.56617707618393,290.5588812628689,23.199839662929918,0.3117572256539312,0.014143428097871755,0.052206739752384344,0.004731734990565083,3031.028788779769,0.5559174797716844,0.2412849540939206,3.2301686422926434,4369.990095399211,17349.747153595003,1125.3993934131233,0.46680769024251356,5.965017663152095,394.7051613933044,0.0733338449858042,0.037311256005490734,3513.8008685815703,0.10718973874559144,0.33289306256193585,0.05682938458350596,70.85074626865672,0.5287369124526621,0.5774671419024282,2.7388059701492535,131054992.19402985,523651785.75373137,32905879.49233002,0.7477197346600332,2.8507462686567164,0.021274225885497884,0.06009747773977899,0.23033902639472112,0.03729409179038945,6.411994112161139,0.0009196980096087852,129872741.6928046,180.18301273338434,0.0007617416592393986,0.0686276343698674,0.0004796344554329395,0.0016995776685915294
0,1380,39,0.9280692860666837,98.69335411246117,104.46071031732458,6988.299999999988,91.59427069067823,1423.697301372851,0.20372584196054166,6989.000000000001,0.20814838252383752,0.8254532085354365,1.674243125360276,175154839670.78015,0.8216357436672754,0.40990595537053354,4.843979377078924,2.408962465659299,0.27126962174852776,1.2292231356164436,1.229097738084353,-0.4234028161158625,2.8323652817751617,0.17350634201457804,1001.2292906971377,-0.798466880184255,7006193586.831207,0.6761276140310098,0.1352891435481118,8.052529955260534,3.043175429822896,-1.0439979810585613,0.7389320512496456,0.028298847845647516,0.926237108911534,0.028298847845647516,0.1850801610245055,0.027471327102951124,0.9858505760771763,0.9858505760771763,0.9983353618914326,0.9943402304308705,-0.7771140038317255,0.8490354846403627,0.028298847845647516,2.806220160913938,0.650738629536799,1.0052747635141206,0.9280383505739997,0.788882595324561,5.612440321827875,0.9769759156684741,0.19180772477382324,1.6162930406834393,133052.67610816998,0.7614976454895979,0.9407261321733205,118136.39736156818,0.19152095556574494,8.071088853913292,75.90327085419946,617.0591100300472,10.79302999952306,0.1449084275289741,0.014362425105016011,0.11406647207480523,0.002170987458249679,3522.63262895764,0.4704896366271808,0.35689858327028845,7.186404920531011,2632.4235393914005,23092.214031848718,311.5787284237745,0.18620019638210764,6.588688658761649,363.73866738619756,0.048254387149286676,0.04273858921161826,2003.657814121595,0.08720442220377546,0.6341731138210831,0.016573997709144656,72.22292993630573,0.4600186620146862,0.6352387520791919,6.159235668789809,124308751.38216561,1109274458.375796,14079047.631369427,0.2562367303609342,3.1146496815286624,0.019838533003367277,0.06596206065283224,0.39098185482121095,0.01845697085481105,6.623918679170904,0.0008985548719416225,123070209.225283,148.53502716926684,0.00044770884653058657,0.18517311923942625,0.0009031976842234117,0.00248515340801597
0,1380,39,0.9040998453620986,51.96571225735997,55.841203425427715,1805.5999999999947,46.98219241601046,771.6895669792262,0.42738677834472116,1806.0000000000005,0.19519697196330293,1.362525023750957,1.8978766585291518,45297341010.58111,0.338371380793848,0.259592700054728,9.729507784738841,2.54005935832208,0.17296116124625052,1.630325389322509,1.6524738979946614,-0.37921012113558084,2.9192694794576606,0.10921988378212834,1001.6303543674579,-1.390940882489351,1811893640.4232447,0.9047669917795855,0.0580507590663041,9.098506562929469,0.8691988829456075,0.0034691435437753104,0.18633530231332301,0.013959565250447448,0.8602366874171236,0.013959565250447448,0.10576180909605182,0.013759679418970005,0.9930202173747762,0.9930202173747762,0.9991788491029149,0.9972080869499105,-0.7129574760422537,0.609795491129795,0.013959565250447448,3.0092212658929838,0.895191517585455,0.42007826598816705,0.9127053791093789,0.9456829410463385,6.0184425317859676,0.4061187007377206,0.050073716890942616,1.0880796840988352,34620.003588039865,0.7667774881071953,1.0125754589414635,40850.229678848285,0.052956798367445046,9.10952380952381,75.7065780730897,686.8137984496124,8.534444136827856,0.11324597022271442,0.014529218274406272,0.13424743401031303,0.0016706981325156221,1249.7826456372218,0.6157952421047485,0.2570219367511437,9.690555687312132,2329.4738422502887,20977.074126158437,259.3056979764874,0.12105870239093969,5.509991929432224,180.53298123976967,0.09241767304846206,0.044678848283499446,1731.5099023671178,0.12631002336758523,1.3330310523341224,0.016590265680409486,23.88372093023256,0.5554353704705246,0.7149810708491076,13.046511627906977,42782523.44186047,385035439.46511626,4754395.624677002,0.11934754521963825,1.6046511627906976,0.03731746890210925,0.04651914204373591,0.733879668255413,0.0030313970075021863,5.112083940647972,0.0009523809523809524,41680023.44186047,17.80325567843361,0.003252442489032579,0.1044572972549402,0.00012575436033424533,0.019430685995900133
0,1380,41,0.8544783611144486,90.71473311560638,96.51238262523624,5398.560000000009,77.51377648155794,1239.8899853875264,0.22967050202045072,5399.000000000001,0.21006840891897188,1.503726731941923,2.234190146770771,135480609249.05913,0.9559454445564177,0.43215579973673424,2.639644034518151,2.698844159263838,0.2379198191004623,1.8711815271579808,1.8740644257804366,0.8494644903591082,1.8493796689047297,0.17529514552143466,1001.8712229576691,-0.1942064845266198,5419224369.962366,0.5359761378845341,0.08301607190247189,5.827734269563656,1.1272857520310076,0.4566485218489039,0.9095863090506952,0.028021508236324648,0.9402452722742667,0.028021508236324648,0.18351602804493417,0.027205244190982115,0.9859892458818377,0.9859892458818377,0.9971978491763676,0.9929946229409188,-0.8087908979656864,0.8876381503979809,0.028021508236324648,2.367982415517776,0.5062481460026979,1.143324482044893,0.9411838182954799,0.6161738842711248,4.735964831035553,1.1153029738085687,0.23440195432175495,1.7938532303232435,101601.8301092795,0.7527455462810113,0.9594861414417499,72343.379210965,0.23304651206048496,5.815417669938878,75.69783293202445,441.33100203741435,15.101106583523697,0.2002039472330267,0.0143920683208834,0.0832835896411208,0.002912106914213149,3298.184829310609,0.5495221569832414,0.23318404159711176,5.611158177089588,1850.0587541496182,11039.009090409707,361.4916611995078,0.2106243956094126,6.293202590471946,310.83232227632186,0.05159414704036422,0.04435821448416374,1252.8442954416196,0.07891857827988391,0.42151265936005083,0.01847972643515553,41.82,0.4182,0.4379,6.15,87456673.45,448614220.96,19120086.3725,0.2569444444444444,2.24,0.0224,0.0678365959006056,0.4103748822625141,0.020478945708328856,6.111014064623257,0.0007408779403593258,85634848.3875,365.99703733103246,0.0005379105039667129,0.10946875721446009,0.0021596039470436223,0.0016489841967112057
0,1380,41,0.7965759915041895,109.8083632071202,119.81085092761842,7297.219999999999,87.47070579716392,1656.5756851700478,0.2270146281967719,7298.000000000002,0.18279839123627792,1.1918855757027171,1.7917368470140331,182992227773.6707,0.3249703958987708,0.31607946206409454,8.737481974200493,2.2530037872085242,0.20619669722702244,1.484818104775416,1.5181354557575317,-0.16450433406618648,2.417508121274711,0.13077138540298422,1001.4848602523755,-1.683738539572377,7319689110.946829,0.9063770603838426,0.08442036490953177,8.837919724986328,1.1748972436675893,-0.349771068973375,0.20935066193592888,0.007383523416532865,0.9318172747273243,0.007383523416532865,0.06274646237303896,0.007327461995149403,0.9963082382917334,0.9963082382917334,0.9995656750931452,0.9985232953166935,-0.8259566143418797,0.6418872164102813,0.007383523416532865,2.9643596090519235,0.9009071404041151,0.3775555529152857,0.9516998310253615,0.948450942528105,5.928719218103845,0.37017202949875383,0.05418354633811544,0.7953506244820074,158290.98359002467,0.867585549959028,0.5586655552552305,165368.49466703206,0.05500795477289454,8.83790627569197,78.16081118114552,691.4280405590573,9.188804733412502,0.1183771429006425,0.013466058033446521,0.11877836593337333,0.0016261160905783351,2729.4928718731394,0.6232425368194093,0.2608944100643316,8.609551143987307,10157.327228754235,91143.7371494203,1137.5180136652018,0.1417758028769561,5.940035908981045,371.3575707511846,0.08988689555074247,0.023848999725952315,8049.0200598052625,0.10228073943659036,0.8861713730340665,0.016273082602190438,30.605263157894736,0.40270083102493076,1.091932132963989,10.171052631578947,396335699.5,3565069067.2105265,44093072.40469664,0.18658625730994152,2.236842105263158,0.02943213296398892,0.05409246289956814,0.5941252941635399,0.007471913644485611,5.849708269937112,0.0004165524801315429,390572541.1724376,36.07010218638204,0.001611618281094134,0.047376493930191735,6.840430972962495e-05,0.008932234810873727
0,1380,41,0.8081289206991124,110.42552243098896,120.04432514700561,7495.839999999973,89.23805825979073,1647.1531454956064,0.21974230313021786,7497.000000000002,0.18632928008648217,1.0371428144656951,1.6378017196922974,187934317353.04623,0.44453871777884174,0.2865697996252301,4.911153914237696,2.3417218043364034,0.19141101606960836,1.3577684685358553,1.3868689139220403,-0.09962666050132386,2.4413484648377275,0.12213109956684175,1001.3578012851972,-0.8007597974522058,7517372694.121851,0.8406680012167599,0.06572243875828472,8.599786094308687,0.9502100721234854,-0.4603539556715255,0.30303183018193913,0.012930707535169146,0.91805958983291,0.012930707535169146,0.09934142807371935,0.012758189812725744,0.9935346462324155,0.9935346462324155,0.9992393701449901,0.9974138584929662,-0.7934176358748196,0.7075650761890568,0.012930707535169146,2.9201473364289754,0.8312655376488591,0.5283821026540113,0.9206384111370715,0.9084953005935541,5.840294672857951,0.5154513951188431,0.07899063442927706,0.9922796165420581,157587.51247165533,0.8408030544039233,0.6699002767102128,157562.20012805122,0.08061081103999111,8.59623315993064,77.58053087901827,670.6086968120582,9.413551902242379,0.12277803714078223,0.013711027759554312,0.11624993230600378,0.0017330003408413844,2927.1161983480297,0.5416248215768397,0.24683445655561626,7.492238939234515,7377.1777407197405,65986.07280044632,831.1705672659743,0.15607170641163223,6.098682454303632,402.8236132388586,0.0762998857697713,0.028766173135921037,5948.096386990894,0.10470887664292645,0.7437140225612673,0.017633024894394098,58.55339805825243,0.5684795927985673,0.4185125836553869,5.893203883495145,282470792.88349515,2539367858.300971,31465445.15473301,0.216626213592233,2.0679611650485437,0.020077292864548967,0.04257993554330089,0.37545665916034715,0.00658456962031183,6.164418609602442,0.0005495531545951715,279159629.661231,72.11150689832013,0.0008279375863563674,0.0903356268616525,0.00017563027695997372,0.00491558666604718
0,1380,41,0.8071491486683815,110.69792558697029,114.45890092081089,7616.660000000002,89.34973639687891,1598.5673590579702,0.20987773631197532,7618.000000000002,0.1935335557431266,0.8167652606773367,1.5074499459281965,190907929960.01566,0.7740391055226861,0.3360765081287338,5.357030408758446,2.1204884572336895,0.2198540116828335,1.20146732558014,1.253177614493322,-0.6773095657557733,2.797798022989463,0.14332690737601264,1001.2015096391592,-1.0425415184367877,7636317198.400628,0.6652484247248214,0.0847288369433319,7.948159037479471,1.654768329176214,-0.8112574695706295,0.6697054903660014,0.021295999625855138,0.938334882329857,0.021295999625855138,0.14813856660895733,0.02082764517726591,0.9893520001870725,0.9893520001870725,0.9987472941396555,0.995740800074829,-0.8130337743126367,0.8446779130121205,0.021295999625855138,2.7903505784065503,0.6472074612529577,0.9131576889913582,0.9386742992350181,0.780263726691337,5.580701156813102,0.891861689365504,0.1727503724979641,1.465290116245501,151886.7709425046,0.7975152057889451,0.8171547646924583,126696.56248884222,0.17432177618042854,7.949004988185876,76.68093462851142,614.4067104226831,10.732513710218488,0.14222389953618622,0.014063421281603468,0.10973129733165692,0.0020795858279248976,3398.5681862794195,0.491783260473098,0.28563736070918294,6.808025768404245,3942.905199288712,34271.33396004408,472.2924150317609,0.1830893794845001,6.451125186167974,382.90200659016267,0.0558048841317033,0.036252297190863744,3063.085218426231,0.09281628605862816,0.6093185921361911,0.01873099699858733,51.20338983050848,0.4339270324619362,0.39076414823326633,5.822033898305085,188608577.22033897,1676952635.7118645,21527426.525188323,0.2514712806026365,2.847457627118644,0.024130996839988508,0.08414869347421629,0.5227652291644833,0.021766567883954726,6.325232561982005,0.0006195851929640325,186003635.93191612,131.3750152679529,0.0005073292026135253,0.14714190472111902,0.0006204215147036234,0.0029652695560523183
0,1383,11,0.9562171480752266,16.371511293365554,17.664653973401233,116.54000000000003,15.654719838623373,247.69848480983094,2.125437487642276,117.00000000000003,0.15449665782220193,1.3855074346177243,2.268645077258935,2936269029.4927864,1.0794347673340643,0.36628320329707353,3.9503256169301038,2.6281484155229795,0.25804048077014446,1.9244206897805016,2.0029510060761813,0.6199022958493896,2.00824611967359,0.164216785281588,1001.924478020002,-1.031487483711093,117450761.17971148,0.4887962013295346,0.11488110115925405,6.483666003052662,1.6391754503122817,-0.21626355237180678,1.0112836540349637,0.0696545859713006,0.8710288502494946,0.0696545859713006,0.36287637272091144,0.06464615803614451,0.9651727070143497,0.9651727070143497,0.99303454140287,0.9825863535071748,-0.6523913491404583,0.8667694764924,0.0696545859713006,2.499650755456751,0.4282018760044275,1.442871756559802,0.8783898151206876,0.4770245085734534,4.999301510913502,1.373217170588502,0.2702345600015661,3.2046237066394343,885.6023931623931,0.3027700489444079,3.1502264299802762,1429.7288888888888,0.2731987435166922,6.488205128205128,56.492649572649576,370.7391452991453,10.38306742640076,0.18863247863247865,0.02510263376639038,0.16094799191598136,0.004957003918306094,296.8736072287087,0.47852851062352286,0.29303362183001336,6.304179505928864,39.18431618612293,266.9230472204721,6.858526486506735,0.20113554251321647,4.215826020022216,97.6987611130235,0.15918301673562543,0.21205128205128204,12.87148304776497,0.21268183994476744,1.3265622306270282,0.04574742945073619,11.296296296296296,0.41838134430727025,0.4142661179698216,5.518518518518518,76041.74074074074,589153.1851851852,11106.101851851852,0.28189300411522633,1.2962962962962963,0.04801097393689986,0.05560788923204834,0.44437912305768207,0.009527647673490014,4.680813428089385,0.009230769230769232,64305.62962962963,16.15491410093852,0.010301516758515422,0.26319099499293297,0.00632300719681416,0.03494695776506122
0,1383,11,0.9218929103612801,17.480927933086903,18.911372240004162,141.78000000000003,16.115543528049283,229.10437226013636,1.6159146019194266,142.00000000000003,0.18423792793535348,1.5729258375706594,2.051812313155451,3563010694.1758027,0.77686013365063,0.21612915577910985,6.8351698273307395,2.28837951479737,0.1576952501902819,1.830791498721612,1.8665243154852367,0.7713154658173195,1.5170640489800507,0.09441484182842723,1001.8308161934699,-1.5274759580531008,142520427.76703215,0.6790568537988494,0.04947991894548536,4.892362307397988,1.4129121028384621,0.5590483533202529,0.5997733048571593,0.06994037518713567,0.791340381785897,0.06994037518713567,0.36242203470818396,0.06476158453057719,0.9650298124064322,0.9650298124064322,0.9930059624812864,0.982514906203216,-0.5550784379039502,0.7577437230904012,0.06994037518713567,2.181718807853918,0.6119867833546542,1.1233836936552308,0.8523475611560765,0.764572548830548,4.363437615707836,1.0534433184680958,0.16742842001107372,2.705867275262173,1244.7425352112675,0.350631700059512,2.880205038682801,2410.6518309859157,0.16646895457250543,4.90169014084507,60.10197183098592,287.5805633802817,14.02387323943662,0.23208920187793425,0.022652379710360937,0.11716853524143095,0.005335160008404336,369.9907399750948,0.5789729978032645,0.22697613636835745,5.276677786426891,62.7926558633507,287.36354313539175,14.856601015966824,0.22820924580529078,4.283163548382211,82.75495999285395,0.13012373781638575,0.17943661971830985,25.23076647599229,0.18070051992340228,1.05354020003183,0.04020972974262152,12.454545454545455,0.5661157024793388,0.5144628099173554,7.2272727272727275,359049.63636363635,1451597.4090909092,89357.99621212122,0.25126262626262624,1.6363636363636365,0.0743801652892562,0.10573845883782905,0.5842028275437862,0.052517428899397076,4.277613436819109,0.006197183098591549,333011.41322314047,18.62979345448427,0.008416739591044678,0.2592550556901575,0.0037978591272557656,0.021339088150729397
0,1383,11,0.8259788269586686,23.095118944554635,25.156311335328954,267.6400000000001,19.07607925429416,314.8867099092174,1.1765308246495938,268.00000000000006,0.18417306318930518,1.556094290470238,2.2646127380100403,6725919919.129963,0.9930621339835695,0.3283841158355596,4.099292448436366,2.9684211118157475,0.21412224658769324,1.932413346874048,1.9384717451807802,0.8645461832644127,2.1038749285513347,0.13582446612636426,1001.9324551317135,-0.3375236530961638,269036796.7651986,0.5233177990643797,0.08373117198946418,5.883809432039162,1.1520297130716557,0.37170773418213815,0.910213800988251,0.05597184102412704,0.8840806886227779,0.05597184102412704,0.30991458015774115,0.052743996133276766,0.9720140794879365,0.9720140794879365,0.9944028158975873,0.9860070397439683,-0.6829899695569539,0.8597440279906525,0.05597184102412704,2.381228177493379,0.47157812133725974,1.2995251396956973,0.887057740925167,0.5851314369102254,4.762456354986757,1.243553298671571,0.24154641050309447,2.7049435670980655,2927.582089552239,0.4369525506794386,2.52669636890176,3506.2292537313433,0.24278235687235467,5.895820895522388,65.00746268656717,382.3289552238806,12.901633499170812,0.19992537313432837,0.02019151307427338,0.11862678898120883,0.00431077017073029,458.22321028117847,0.49935548821629877,0.27160226151205985,5.951101163158496,132.28869805383442,736.1851864278708,27.374685588009662,0.20755786767675816,4.834297185402228,103.74236842167096,0.11434329335550242,0.13694029850746267,69.21409174224124,0.17396521073160914,1.0119867415636314,0.04274864781788095,12.066666666666666,0.4022222222222222,0.4988888888888889,6.1,475841.0,2384407.533333333,105602.9962962963,0.28055555555555556,1.4666666666666666,0.04888888888888889,0.10728423104206807,0.5127082428542132,0.048068746504180054,4.773557262275176,0.004477611940298508,425963.22222222213,37.32938105388317,0.005465386316859985,0.21577302500558745,0.004550544315360048,0.01675487292949842
0,1383,17,0.2853856407821514,9.926471376876028,8.85663593019381,15.96,2.83287239459545,23.531370849898426,1.4743966697931343,16.000000000000004,0.6018304359471971,2.3210339075919912,2.583774585966387,401973995.4700154,-3.203426503814917e-16,0.116280852745835,2.8965403453745333,2.6200919145455717,0.07458284620930358,2.4644530793161947,2.484921315456642,2.217110349328587,0.4029815652169848,0.05017586152316136,1002.4644575619819,-0.6547090104287625,16078959.818800619,1.0,0.008987425957379017,1.0,0.0,0.0,0.0,0.0,1.0,0.0,-3.203426503814917e-16,0.0,1.0,1.0,1.0,1.0,0.0,0.0,0.0,1.0,1.0,-3.203426503814917e-16,1,1.0,2.0,-3.203426503814917e-16,0.0,0.9756214245087571,234.5,0.58625,2.029375,400.0,0.0,1.0,68.045,68.045,68.045,1.0,0.01724861111111111,0.01724861111111111,0.01724861111111111,43.75,1.0,0.0,1.0,154.9228675136116,154.9228675136116,154.9228675136116,1.0,1.4945898152510477,20.09724742891712,0.5886066105037715,0.109375,5.72078063715937,0.058522622227511256,0.058522622227511256,0.058522622227511256,1.0,1.0,0.0,1.0,160000.0,160000.0,160000.0,1.0,1.0,1.0,6.25e-06,6.25e-06,6.25e-06,-3.203426503814917e-16,0.0025,0.0,0.0,1000000.0,0.0,0.0,0.0
0,1383,17,0.7453085530274753,29.320077569109436,33.90634158973805,327.9400000000001,21.85250458768629,141.89116882454377,0.432674174618966,328.00000000000006,0.45242517386973585,1.9524989430441555,2.407737951441576,8236220681.905143,0.5240797311209792,0.174074909523509,5.052366642360319,2.6117286787737513,0.13408416340667392,2.206127546521514,2.2328770806935454,1.4123514906892058,1.1993771880845454,0.08055833775938145,1002.2061446278882,-1.112060609409535,329448827.2762058,0.7915871802498513,0.03423810084798525,3.656763446301769,1.091743889283514,-0.6058007654950179,0.3950404832149976,0.006758051634812902,0.9662786345626369,0.006758051634812902,0.058070040875211434,0.006708891973948706,0.9966209741825935,0.9966209741825935,0.9986483896730374,0.997747316121729,-0.8947686184260748,0.773404009135227,0.006758051634812902,1.8867141573730586,0.7923918406011461,0.5632895010588409,0.9662786345626316,0.8833351315556521,3.773428314746117,0.5565314494240283,0.10044963371245261,1.10928197431453,6610.564390243902,0.8061663890541344,0.8680204640095182,6491.014878048781,0.10420640987507435,3.645487804878049,76.36292682926829,280.9369512195122,25.219420731707316,0.3386280487804878,0.014057794323691536,0.05024555777934481,0.005010853459778221,184.30145396685754,0.5756794091560719,0.21216029542196407,3.081688801709,1585.981103809596,6182.662462538563,436.8107641273542,0.4795777995727501,4.986558156544401,22.273934725481844,0.0776277377482087,0.038902439024390244,685.5237521438064,0.04217473805524851,0.11606216231922788,0.02370288198925368,2.6,0.52,0.24,2.2,8184848.4,32486721.0,2109380.25,0.7,1.0,0.2,2.301203324264165e-05,2.3712030878788336e-05,2.2837033833604977e-05,2.321928094887361,0.0006097560975609756,5495248.4,8.370895093752317,0.036299733540035226,0.006719124776918501,0.0006979923246815196,0.03641329085116067
0,1383,17,0.7288074301620361,30.437398533148414,40.38861225642693,279.77999999999986,22.183002205761625,168.1338095116619,0.6009500661650653,280.00000000000006,0.3526616310370255,2.319911793962222,2.577206747417289,7034242849.367921,0.1018622236709009,0.14377302148832705,11.077540838016981,2.637688414436298,0.08757966482158638,2.4429264881136734,2.4578730486504172,1.6458176480800215,0.9918707663562765,0.058696073057125576,1002.4429338490988,-1.9600804491303265,281369713.9747169,0.9737815918367347,0.014757935060426672,3.963451808027707,0.16399472822589567,-0.08407775821468785,0.044237418391953054,0.0023619910676309346,0.8978028005380495,0.0023619910676309346,0.023768896325020925,0.0023557084327515015,0.9988190044661845,0.9988190044661845,0.9995276017864738,0.999212669644123,-0.7994028510205368,0.37033924892800657,0.0023619910676309346,1.9882109345205077,0.9743445868374565,0.11085290529264019,0.8978028005373546,0.9870299389866921,3.9764218690410154,0.10849091422500957,0.011649852364895994,0.7351719822612892,5463.819428571429,0.7805456326530612,1.066694775510204,6816.471142857143,0.013109204081632653,3.960142857142857,75.43514285714286,299.5947142857143,19.39525,0.2599642857142857,0.014512226338948277,0.056978014185833065,0.0038957793772270814,288.2213118161843,0.8739307614810161,0.06303461925949191,3.7969905808388638,1307.9873193898898,5226.123971106672,328.45315646069423,0.30075235479028395,3.688324424853327,49.79560544494108,0.19426025714458928,0.047035714285714285,693.5870113399058,0.06787865929473329,0.22950676617624974,0.027471632574354175,6.8,0.68,0.16000000000000003,3.4,3501077.8,14002904.5,875621.125,0.4,1.4,0.14,0.0002304958025011383,0.0005631677830073079,0.00014732780737459588,2.9219280948873596,0.0014285714285714286,3011077.8,2.1451297281539246,0.11891283094927263,0.0024027204081632655,3.280422259475219e-05,0.11417697431018078
0,1383,19,0.8071491486683815,110.69792558697029,114.45890092081089,7616.660000000002,89.34973639687891,1598.5673590579702,0.20987773631197532,7618.000000000002,0.1935335557431266,1.2020002460636534,1.990583742775226,191037105172.75183,0.6083508674424678,0.4789085887009401,3.175778800527332,2.416623888598429,0.25810934298063615,1.540127879710512,1.4743330352028308,-0.029981246275744056,2.446605134874173,0.19192377263505275,1001.5401769433798,0.034745528699465004,7641484206.910075,0.7881166667137657,0.09827846947107159,9.533883901398838,1.5248897527152157,0.3391263149573155,0.4361732071308701,0.021011711479844288,0.9081434085007029,0.021011711479844288,0.14651913209645995,0.020554206922274196,0.9894941442600778,0.9894941442600778,0.9987640169717737,0.9957976577040312,-0.7713750506484259,0.7821841709015527,0.021011711479844288,3.070845715356284,0.7656855197349359,0.7545361264624193,0.9173774757212283,0.8703613312857785,6.141691430712568,0.7335244149825759,0.1142962296526786,1.2928026943482052,151808.91523234444,0.7971064071007847,0.7915695396092809,150096.81917563666,0.11281963579784816,9.535479128380151,76.69450249409294,728.1098135993699,8.433285055861848,0.10992160380385636,0.01395635952026737,0.13433943009839117,0.001534153441935963,3815.615430309141,0.5543748125908895,0.26898783406469984,10.292675674452102,3530.0471217499044,32136.335954206726,391.6479806428953,0.10931844019557785,6.363393813463912,397.0832151448007,0.05928906750414496,0.03597138356524022,2628.743814976922,0.07542717199994746,0.7768285795788998,0.00836072794867408,36.2967032967033,0.39886487139234394,0.6235961840357445,11.857142857142858,308554716.46153843,2785903928.4615383,34238074.08730159,0.1175976800976801,2.208791208791209,0.02427243086583746,0.046969761942437675,0.4850829293580922,0.006426662447868417,6.0559329316408315,0.0004778156996587031,304174665.4411304,114.44190787247224,0.0005283674722860071,0.16326007884849816,0.00038940197978100903,0.0034224536137704106
0,1383,19,0.8345274009721236,37.37018038412916,40.21243588742169,847.8400000000019,31.186439509826748,511.6396103067676,0.6034624579009795,848.0000000000001,0.20174265111030706,1.7155653369475459,2.132292634221101,21281110962.167328,0.835583247441956,0.20818310775503934,4.757463118768061,2.64507128990427,0.13513687426150595,1.9111516918810971,1.8985065142913218,1.0338776782164858,1.6111936116877843,0.08685422015088476,1001.9111681089685,0.2206467007713784,851244438.4866933,0.60956498754005,0.03289692624596081,1.76333486916098,1.160778800466659,0.6512684204813338,0.7193603805745367,0.05809484121698254,0.8505169868211979,0.05809484121698254,0.3184529734866044,0.05461483459744084,0.9709525793915088,0.9709525793915088,0.9883810317566035,0.9806350529276725,-0.6312277894772773,0.805736955138801,0.05809484121698254,1.264127429923157,0.5566575545067995,1.1400266624850917,0.8505169868211978,0.7068251494683516,2.528254859846314,1.0819318212681093,0.19436380544787982,2.2990959306422982,11229.125660377358,0.5296757386970452,1.9984763260946956,12922.777735849057,0.19521750622997508,1.7978301886792454,69.30037735849056,119.53283018867924,56.7422641509434,0.8005424528301887,0.017651403551462514,0.03444882365157803,0.013452048526433634,1086.6737447484652,0.514612581191067,0.24269370940446655,2.24440185802364,301.84809657739567,406.3721425998733,275.7170850717763,0.68889953549409,5.340794398578667,161.71304242728314,0.0747927646577253,0.09952830188679246,186.19042982115565,0.1492498603509207,0.35281340008922585,0.09835897541634439,41.42253521126761,0.583415988891093,0.20829200555445349,3.112676056338028,3195076.647887324,3335004.76056338,3160094.61971831,0.47183098591549294,1.4788732394366197,0.02082920055544535,0.039853867128360435,0.10164441920917201,0.02440622910815755,5.952564020913113,0.003349056603773585,3105919.7345764735,1541.4513879630242,0.001604441421084652,0.05879904457822644,0.011454766475309935,0.0016077801245838197
0,1383,21,0.8501464472142882,51.33299123249202,54.646500345401805,1681.5200000000004,43.6405601211853,711.790072042603,0.42330157954862435,1682.0000000000002,0.2042227050475614,1.7569844090890985,2.1551326677929983,42213627599.5738,0.9222239218569663,0.21115792666676292,3.2911328492628025,2.603215951176503,0.12516466054864517,1.943730032563637,1.928317023234922,1.4284613938780326,1.1747545572984703,0.08772306777635223,1001.9437423190318,0.4567007226922019,1688545103.9829524,0.552934300228622,0.024620699661353065,1.9690064952559163,1.1104477719764916,0.5515492141013416,0.8386107834975163,0.04688300922878001,0.8940578098335485,0.04688300922878001,0.2719460612307293,0.04461965986516715,0.9765584953856101,0.9765584953856101,0.990623398154244,0.9843723302570733,-0.7077121713137522,0.8518283844999233,0.04688300922878001,1.3308159999567688,0.5126334437716847,1.183339226589239,0.8940578098335485,0.6457424954288413,2.6616319999135376,1.1364562173604593,0.22137344818157406,2.140138834081072,25951.305541022593,0.6171535205950676,1.6169969242776208,23250.887324613555,0.223532849885689,2.011938168846611,72.00370986920333,140.0542687277051,54.99107015457788,0.7470154577883472,0.016411998131925516,0.035221541141228586,0.011709612379599747,1605.8055799360409,0.5005653069839174,0.24971734650804125,2.549016117520788,659.6508565243992,970.0925372109704,582.0404363527564,0.612745970619803,5.646545437154155,226.01830957895342,0.06888951210714982,0.07629013079667063,462.88036615649844,0.13555901583778043,0.35036052670085677,0.08185863812201136,55.018181818181816,0.5001652892561983,0.2499173553719008,2.5272727272727273,7024747.0,9710748.727272727,6353246.568181818,0.6181818181818182,2.8363636363636364,0.025785123966942148,0.08453484844409205,0.2173166429208017,0.05133939982491465,6.091593322788931,0.002615933412604043,6878614.561983471,41833.013249383584,0.0010011822449854048,0.0475062616441058,0.01060959606576095,0.0010020894758535198
0,1383,21,0.8545994166112497,35.90185600807454,40.33162530818712,780.6400000000012,30.681705199761588,524.1082394568713,0.671382762165493,781.0000000000001,0.188977171804577,1.6993846587289188,2.1065077461228836,19598260199.9243,0.7177084187730227,0.20086701239044746,4.456639562028121,2.596629262856272,0.13112578475371509,1.874290281837391,1.837644088104312,1.4251278789390602,1.1715013839172117,0.08534400404970077,1001.8743049482091,1.0215026474694153,783930407.9969722,0.6825286652753209,0.0293877218322696,1.5579071400887758,1.2036228988553566,0.6949903276780283,0.5834728921565764,0.03767066282287106,0.8785740719639261,0.03767066282287106,0.23053483799722996,0.03620344264686642,0.9811646685885644,0.9811646685885644,0.9924658674354259,0.9874431123923764,-0.692684624984312,0.78935553145198,0.03767066282287106,1.1922474905000704,0.6532247798634099,0.9230155025820317,0.878574071963925,0.788917178088494,2.384494981000141,0.885344839759161,0.15528588874486185,1.9565433722079006,11650.784583866838,0.5967111182518227,1.7660083946350666,13326.37218950064,0.15873566736233957,1.5937003841229194,71.02335467349552,107.61398207426376,61.875697823303454,0.8515749039692702,0.016661194011915004,0.029438474360674233,0.0134668739247252,868.5804734889717,0.5242889209933099,0.23785553950334504,2.1701758414943173,599.102378615143,686.6112890186319,577.2251510142709,0.7074560396264207,5.209338497191714,151.3015319622283,0.09069171438238247,0.08473751600512164,435.05005855410377,0.1495336440106509,0.36168812152792973,0.09649502463133125,22.906976744186046,0.5327203893996755,0.2336398053001622,2.883720930232558,5183633.279069767,5449815.046511628,5117087.837209302,0.5290697674418605,1.372093023255814,0.0319091400757166,0.01353545480675464,0.04423738912569019,0.005859971227020751,5.286729870981155,0.0022023047375160053,4977453.9253650615,458.0645228190857,0.0026865624213702204,0.03812782374766971,0.006063332777828087,0.0026816498531477473
0,1383,23,0.8454888039837917,46.71423212119162,50.33527590070407,1331.5199999999995,39.49636024516753,775.9238815542778,0.5827354313523477,1332.0000000000002,0.1667092356051772,1.9796980484162325,2.3392297549924663,33443862085.291283,0.5401403098965738,0.1802945900157611,4.895657700357803,2.7273450980435774,0.11827065188240302,2.157750588892988,2.154369881211415,1.3072065972393132,1.4201385008042642,0.07467165025977487,1002.1577633992963,-0.04738223952561215,1337754483.4116516,0.7830772826880936,0.025676090077128583,3.6091888069171727,1.0509918169467438,-0.5922992399377042,0.40981828965477385,0.02899415827763438,0.8679166013644425,0.02899415827763438,0.18866530682629856,0.0281281536660834,0.9855029208611829,0.9855029208611829,0.9942011683444731,0.9903352805741219,-0.6869354129380287,0.7254315885502773,0.02899415827763438,1.8745619620186633,0.7524656223677125,0.7153938109752649,0.8679166013644387,0.8600648828798462,3.7491239240373266,0.6863996526976308,0.10970311198310204,1.6446789261607835,21469.28978978979,0.6447234171108045,1.4422091460830198,26076.473513513512,0.10846135865595324,3.6286486486486487,72.64438438438438,266.6218618618619,24.150015015015015,0.34283783783783783,0.01565185820741376,0.05502569103967914,0.00580839999934742,1463.3634046280706,0.6228770240272575,0.18856148798637123,3.242209587090802,660.835011973284,2565.1321960367495,184.7607159574176,0.4394476032272996,5.2962267892669015,191.71249535948905,0.08398776561177576,0.07023273273273273,421.8779266686447,0.1053785284723568,0.30180346260176194,0.05627229494000549,46.16,0.9232,0.038400000000000004,1.12,17033161.16,67897879.16,4316981.66,0.97,1.8,0.036,0.037139824530713475,0.03715543334238467,0.03713592232779568,4.973660689688174,0.0015015015015015015,16589605.16,145.61068050353222,0.002108382338400259,0.02848632288659314,0.0030996520736013052,0.002101589326928491
0,1383,23,0.8536446581639395,45.84648941365633,48.32225160316932,1303.5400000000022,39.13661078353733,717.2042856049771,0.5501973745377786,1304.0000000000002,0.17845315772000975,1.7146809326442982,2.1836671490117316,32725589049.441437,0.811812489868698,0.19793728817449496,4.398573863108359,2.7063502963020025,0.14041769162408574,1.924342921616934,1.895571820374737,1.420845236973085,1.2855050593289175,0.0871316527818443,1001.9243608324392,1.0403867876848716,1309023561.9776578,0.6246628043961007,0.035890578162996324,1.7045027766155607,1.2354535302683363,0.7075132116604721,0.6975014625431402,0.032629943722768215,0.9104765980707641,0.032629943722768215,0.20657119450945027,0.03152885219394805,0.9836850281386159,0.9836850281386159,0.9934740112554464,0.9891233520924106,-0.7498334098705892,0.8342551815795907,0.032629943722768215,1.2402725828256482,0.6034054446730978,0.9942792555829175,0.9104765980707639,0.7434124453129677,2.4805451656512965,0.9616493118601497,0.18253285156647708,1.906870212032581,20980.629693251532,0.643577597952501,1.497845078851293,20364.007423312883,0.18766859780194964,1.7510122699386503,72.53171779141104,120.86438650306748,60.448550613496934,0.8122469325153374,0.01587630125613072,0.03031924383875341,0.012265565610475046,1165.2853828941331,0.5000673729330949,0.24996631353345258,2.482649484582069,745.9286452855711,905.6594344498833,705.995947994493,0.6293376288544827,5.546585124618026,179.03856189054977,0.07733720098627497,0.07148006134969326,513.8232803277654,0.11892145009992086,0.3085739014629765,0.07150833725915694,23.4,0.52,0.24,2.8,13117593.688888889,14458556.955555556,12782352.872222222,0.55,1.488888888888889,0.03308641975308642,0.07340305168100304,0.08172186450979253,0.07132334847380564,5.252855596281585,0.0013803680981595093,12592773.935802469,1069.535266665493,0.0018775735083268346,0.03267498874449097,0.006121379038119886,0.0018808524739927373
0,1383,25,0.8620528663855141,44.25668590335619,47.642837866777,1219.5000000000016,38.15160293971158,704.6101730552821,0.5777861197665282,1220.0000000000002,0.17568995239810883,1.7091022780227403,2.153874667987411,30615867878.2417,0.755349068194382,0.19144325241946136,4.036185180657804,2.5645743351965637,0.13368204265134997,1.8976569879001186,1.8679480835813314,1.2364097910583323,1.3281645441382315,0.08406341295745584,1001.8976728327084,0.851137396755704,1224634715.1296682,0.6597514646600376,0.03174975267089316,1.619112313359779,1.258180852525332,0.7264480147812756,0.63989487649407,0.024893514775142202,0.9250176177761554,0.024893514775142202,0.16757478165975084,0.024256511652846806,0.9875532426124289,0.9875532426124289,0.9950212970449716,0.9917021617416193,-0.7843773663681853,0.8292190146213709,0.024893514775142202,1.2105196902491167,0.6433492927125473,0.9024374068786915,0.9250176177761548,0.7770335523633123,2.4210393804982333,0.8775438921035498,0.16619709781730302,1.789305449562032,20484.393573770492,0.6716194614350981,1.4187604880408493,20122.41967213115,0.17012426766998118,1.6521311475409837,73.20465573770491,116.30649180327869,62.42919672131148,0.8369672131147541,0.015562018827263754,0.02781166868538551,0.012499606362733316,1031.9232079611609,0.5129206196294547,0.2435396901852727,2.2592678640884967,1046.2236994333607,1248.37545027673,995.6857617225182,0.6851830339778758,5.468360550284606,174.82666960186884,0.0879989904579017,0.06591803278688524,770.2243032037748,0.1304978909250708,0.32071719432900714,0.08294306507408664,21.975609756097562,0.535990481856038,0.23200475907198098,2.902439024390244,12539095.512195121,13464944.68292683,12307633.219512194,0.524390243902439,1.4390243902439024,0.03509815585960738,0.011102658585604235,0.04262398170544406,0.003222327805644278,5.113649565593683,0.0013442622950819673,11985704.673408685,552.4669140747717,0.0026016458964456105,0.025204725432231453,0.004285026572884951,0.002603412019395422
0,1383,25,0.8900690791386368,33.75209694154999,37.33148804963445,727.7199999999998,30.041697843763405,431.26316010799115,0.5926223823833222,728.0000000000001,0.22174034890028713,1.6512099242632985,2.12194553150923,18267665832.027515,0.7068425270825653,0.20982462231972954,3.5940785619774824,2.594549514305145,0.14058479502191457,1.857210164897491,1.8320649406636897,1.198617603675667,1.3959319106294779,0.0929916636832634,1001.8572267836644,0.6734355628313521,730706633.2811007,0.6890111399589423,0.03329926305476341,1.5336707182151261,1.226508870106711,0.7065354675855001,0.5695901332997408,0.026779685000857083,0.9099852714821695,0.026779685000857083,0.17733760173649168,0.026039937887133893,0.9866101574995715,0.9866101574995715,0.9946440629998285,0.9910734383330476,-0.7560492053679855,0.8028349026809246,0.026779685000857083,1.1823535202385183,0.6757751529625671,0.852087556969001,0.9099852714821683,0.8042566372610532,2.3647070404770365,0.8253078719681441,0.14909245457514947,1.7472858516368122,12042.52054945055,0.6616769532665137,1.4952358290061585,12540.002747252747,0.15549443002052896,1.5777472527472527,72.8865934065934,108.84291208791208,63.89751373626374,0.8555631868131868,0.015919515799298962,0.028133748146694577,0.01286595771245006,633.1042177213004,0.5051399212903201,0.24743003935483993,2.348671622758441,956.7381477402007,1054.896031748831,932.1986767380431,0.6628320943103897,5.213777838917394,111.86818026156712,0.08974717150526731,0.06883241758241758,703.629274643793,0.1407053238977345,0.37053091199726185,0.08324892687285258,11.521739130434783,0.500945179584121,0.2495274102079395,2.4347826086956523,8429353.56521739,9633869.347826088,8128224.619565218,0.6413043478260869,1.2608695652173914,0.054820415879017016,0.11419296477404366,0.32256982694427455,0.06209874923148592,4.349648912578746,0.0012637362637362638,7803190.994328922,292.712204510952,0.004045355473479871,0.02716451263937527,0.004241352648893291,0.004028738333445243
0,1383,27,0.8198484438867051,42.427572741290334,44.68601570961546,1073.5600000000027,34.78417948983686,592.7106781186479,0.5520983253089221,1074.0000000000002,0.19596356941543294,1.608221717157145,2.1303683097651125,26949498586.88898,0.7579853209911972,0.2606462138412522,3.299978469407482,2.5545151519547065,0.16251544815854224,1.8511250798279908,1.8314313283886001,1.1932120682107856,1.3613030837439208,0.10972217990035762,1001.851146718955,0.2994882018009073,1077979943.4755595,0.6581376638959111,0.04335836773980276,1.6137181309507953,1.2649150092225026,0.7303806831192244,0.6372622401588413,0.02233125877445681,0.9321492984188979,0.02233125877445681,0.15379428051755947,0.021816335788551022,0.9888343706127716,0.9888343706127716,0.9955337482451087,0.9925562470751811,-0.8008172864266163,0.8324677949932544,0.02233125877445681,1.208294586779341,0.6483869147447999,0.8850270183510622,0.9321492984188972,0.7805397838334304,2.416589173558682,0.8626957595766057,0.16489837473332453,1.7095884122702354,18700.224655493483,0.6964701920109304,1.3841827436374923,17670.996275605215,0.17093116805204442,1.6564245810055866,73.74756052141527,116.4819739292365,63.06395716945996,0.8358938547486033,0.015521988649932697,0.028143931788868388,0.012366502865198775,829.3894209580466,0.5009209735531563,0.2495395132234218,2.438436572115542,1279.7540140480337,1463.514476886854,1233.8138983383285,0.6403908569711145,5.325021417765363,152.39749457746592,0.09262134995491446,0.06166666666666667,965.6464385625663,0.14902858137309702,0.3554667976704098,0.0974190272987688,20.45,0.51125,0.244375,2.275,10922983.25,12413620.025,10550324.05625,0.68125,1.9,0.0475,0.03711516493009416,0.11763997726695422,0.016983961845879143,4.903055907333265,0.0014897579143389199,10472406.6875,456.16433410762636,0.003190263780031018,0.023348506848616064,0.0039671279436691844,0.0032094510692439095
0,1383,27,0.9264650243370778,35.47513599120923,39.56816902511411,816.3800000000031,32.8664727294568,556.4680374315217,0.6816286991738156,817.0000000000001,0.18201655323919477,1.4362172319165558,2.061381421823205,20495299635.157417,0.5756482019937219,0.26209760504431334,3.0044345946737594,2.422206905913169,0.1770929674580852,1.719416779151881,1.6933624763528257,1.0644258204442283,1.3577810854689407,0.11699331138948103,1001.7194430590665,0.41837703760097084,819811985.4062968,0.7639095727420226,0.05265020219295179,1.3833134252397596,1.1293844555420032,0.6354798462945749,0.4377877671097781,0.015787154712016097,0.930250153400888,0.015787154712016097,0.1168020414423715,0.015531854848551362,0.992106422643992,0.992106422643992,0.9968425690575968,0.9947376150959946,-0.8072203087551486,0.7706243127582357,0.015787154712016097,1.1304023341985894,0.7576806842405516,0.6660629619055443,0.9302501534008846,0.8617040884454027,2.2608046683971788,0.6502758071935286,0.11339373045544858,1.5495901238648409,14057.359069767443,0.688242794113461,1.4344216632783462,15602.853023255813,0.11804521362898865,1.410232558139535,73.38883720930232,99.48230110159119,66.8654712362301,0.8974418604651163,0.015694422001540087,0.02396573978473932,0.01362659255574028,752.5002801076777,0.568536326745752,0.21573183662712397,1.9452915075698323,1179.2806055328751,1267.4029485634546,1157.2500197752302,0.7636771231075419,4.869034099492285,157.7381959742112,0.12611555399597585,0.06467564259485924,890.6312430135458,0.1439915814110715,0.2915216588581285,0.1071090620493073,11.090909090909092,0.5041322314049587,0.24793388429752064,2.3636363636363638,13869222.136363637,14288596.909090908,13764378.443181818,0.6590909090909091,1.2727272727272727,0.05785123966942149,0.12583255662041973,0.16576422389153972,0.11584963980263975,4.277613436819109,0.0010771113831089352,13007278.69628099,144.6491165314705,0.0058610229943769215,0.01670684737804488,0.001951973965880526,0.0059216439611568415
0,1383,29,0.8139407362082792,41.57012671300533,44.589684905816505,1020.3200000000015,33.83561954105501,595.7567675943092,0.5838920805181789,1021.0000000000002,0.19006587413526055,1.4546576602943373,2.010723524025399,25612028908.631184,0.4926706955484405,0.25956774157356177,3.304071630819686,2.4285855085384593,0.16649234032462926,1.7033041827071667,1.6732035868451987,0.9723773812315447,1.4562081273069145,0.11102638654420147,1001.7033271762904,0.4037463983111332,1024481156.3452475,0.8102193724153215,0.0460654970772416,4.493589566008472,0.9877934816444682,0.5364444852489147,0.34815661174855966,0.016629679215479608,0.908645210069602,0.016629679215479608,0.12168958964148768,0.016344655142718885,0.9916851603922602,0.9916851603922602,0.9983370320784521,0.9958425801961301,-0.7689240895263212,0.7210509939050898,0.016629679215479608,2.100168056445395,0.8016216677288343,0.5879205363218591,0.9101554739117668,0.8904529805576279,4.20033611289079,0.5712908571063802,0.09119657274100981,1.3869430758409078,18252.627580803135,0.715088249982493,1.3250198470704815,20680.849480901077,0.09505163515249304,4.526385896180216,74.11984329089128,329.3581978452498,17.630006529546197,0.2357177059527696,0.015355925606358189,0.07291778531414743,0.0035305998191487897,873.0791756618825,0.5823781544731469,0.21168569893003314,5.449334852651144,1504.8288299722692,6137.89171475149,372.932773729072,0.21191988432338935,4.998943315539971,155.4879006532632,0.10794646945618397,0.058501469147894225,1147.3909692205123,0.14474064074053275,0.8522127381223875,0.0289909647330647,15.606060606060606,0.472910927456382,0.310376492194674,6.484848484848484,15166216.272727273,61062425.333333336,3780514.1422558925,0.20117845117845118,1.8484848484848484,0.05601469237832874,0.0766733581934324,0.6304998965208054,0.010293254136460811,4.68075775572208,0.0012928501469147895,14567937.461891646,30.92371554949109,0.004523236430393712,0.06849968401129133,0.0005501462681440088,0.010461394696303482
0,1383,29,0.949570762297547,28.235986128626354,31.113341189914014,520.7,26.81206687238269,402.7862048458234,0.7735475414745984,521.0000000000001,0.2008279397745436,1.161503954969503,1.9831150357000564,13066619129.248491,0.7168583789617345,0.4274307105118669,3.0087855559760843,2.511065510330323,0.26162716055951335,1.596335397117372,1.627947853412281,0.4797785642648344,2.0312869460654888,0.18139763564261038,1001.5963890818323,-0.3102853345288057,522664765.16993976,0.7492093176786117,0.107540830364472,4.272951225307572,1.866245315804639,0.17759820865119758,0.4974316499725825,0.02492643142147098,0.9041986168936704,0.02492643142147098,0.16765690869370253,0.024285128388594018,0.9875367842892644,0.9875367842892644,0.9975073568578529,0.9937683921446322,-0.7594088597005941,0.8043816374141453,0.02492643142147098,2.038337968027167,0.7398185904868667,0.8518638290422362,0.9077374925190093,0.8554742153796274,4.076675936054335,0.8269373976207659,0.13058952034851337,1.8507451358117497,8133.293896353167,0.6244371513514907,1.6949433578567716,9758.451362763915,0.138807528707896,4.316084452975048,71.59224568138195,304.173896353167,19.321177223288547,0.27351674130944764,0.0164304352856519,0.07335032950906957,0.004617699763135509,514.1420610580603,0.49284062544089213,0.3335634854455757,4.8378658130546395,677.5821233588925,2745.104479922974,172.18216050987104,0.30226064694570176,5.249614690629404,110.70261841745076,0.10937718667838704,0.07994241842610365,489.66095371498324,0.14966932862966803,0.7778340437958651,0.0442178700211656,8.391304347826088,0.3648393194706994,0.5217391304347826,4.521739130434782,5252685.0,21137268.13043478,1313774.2898550725,0.40942028985507245,1.0869565217391304,0.04725897920604915,0.06411145115698216,0.22974626387171976,0.0243902000395021,4.523561956057006,0.0017658349328214971,4931984.385633269,23.401951591789196,0.006396560385961567,0.0770426641490277,0.0011887088877286164,0.01447692709971483
0,1383,31,0.76214630658606,39.41581556764876,44.10260763265592,842.5399999999993,30.040618255960826,553.8739248818267,0.6573859103209666,843.0000000000001,0.18577585817326828,2.2115887705301227,2.7138706110252406,21179542007.74559,0.16054573799186622,0.24047115179475664,4.588919895965903,3.0147878382935445,0.15555825894011827,2.4771483272456827,2.4976862794480446,1.437432582870126,1.5773552554234185,0.10218464049625293,1002.4771692479451,-0.7517535810440628,847181680.3098238,0.9550180367523208,0.04194504660898345,3.930451324109545,0.2908204620407409,-0.14824289256238324,0.08262848359883689,0.006746303120139027,0.8490012364541386,0.006746303120139027,0.058182354119669405,0.006699222994908868,0.9966268484399305,0.9966268484399305,0.9993253696879861,0.9983134242199653,-0.7066925806385681,0.448822541325277,0.006746303120139027,1.9777463864269063,0.9486581644639442,0.20608357253657142,0.8528707694159385,0.973787918477941,3.9554927728538125,0.199337269416433,0.02234369667974398,1.001515499255425,15377.731198102018,0.729666960764034,1.1698930842089414,20127.00512455516,0.022513581810429617,3.93361803084223,74.53043890865955,294.1206642941874,19.641687096349017,0.26696454461579017,0.014863498280116932,0.057733320608679306,0.0041664353196794734,972.3045056747859,0.8452739757358874,0.07818460660966109,3.773980273635678,1488.530378322562,5941.400973028854,375.3297600443253,0.31022651806367135,4.315299580795601,145.50779237909407,0.1416354076516273,0.054365361803084225,1061.1216639853096,0.09949570393557453,0.35258593915230113,0.037969968028778826,7.545454545454546,0.6859504132231405,0.3801652892561983,2.0,38554526.27272727,154176771.0,9648970.04040404,0.851010101010101,1.1818181818181819,0.10743801652892562,0.11834726688203552,0.1331895680819252,0.11669812221492225,3.277613436819112,0.0005219454329774614,34883818.628099166,8.963994501867905,0.014280427078617292,0.026522501989127596,5.120357227057886e-05,0.02877757529824615
0,1383,31,0.7853024381523123,40.74028734048553,43.5894482644596,922.139999999999,31.99344697950907,639.5474313554704,0.6935470008409472,923.0000000000002,0.16831801604654154,1.6582150813665957,2.3094172617611717,23165914053.612373,0.9753311774871922,0.2798651730192514,3.0852077513916174,2.7408591188298983,0.18655240001286064,1.9680028138829018,1.9551774513005953,1.2730505150835907,1.4678086037463076,0.12313296371558992,1001.9680320838481,0.31061124079486835,926636562.1444951,0.5170014402608667,0.058655138043851966,2.172227185662603,1.0173784592273507,0.3593214053944444,0.9111341473780084,0.047798230125515366,0.9002700618875181,0.047798230125515366,0.275709500158723,0.04543530615268671,0.9761008849372423,0.9761008849372423,0.9904403539748969,0.9840672566248282,-0.7173378537227015,0.8663244031962327,0.047798230125515366,1.3987087669084537,0.4750985050955515,1.2443408003910896,0.9002700618875183,0.5773921180287886,2.7974175338169074,1.1965425702655745,0.23973309437588086,2.361691440293809,12688.947042253521,0.5499001968473899,1.890409658081835,11929.808234019501,0.2414992798695666,2.2234019501625135,69.69876489707475,150.4362730227519,49.51438786565547,0.6941495124593716,0.01715758857172338,0.040066645579623444,0.011430324319748364,1111.5712675862558,0.5034745552519619,0.24826272237401903,2.623298700328607,340.97497136807476,565.757262547025,284.7793985733372,0.5941753249178483,5.284369028558612,196.44946063902347,0.09008541472817866,0.09567713976164681,212.59304714345214,0.12693604038410639,0.32898232267408095,0.07642446981161267,26.03846153846154,0.5007396449704142,0.24963017751479294,2.5576923076923075,3550017.596153846,6343923.134615385,2851541.2115384615,0.6105769230769231,1.9615384615384615,0.03772189349112426,0.08092951055002653,0.23799073329633746,0.04166420486344881,5.315824333525693,0.0022535211267605635,3353103.5336538465,1222.608270980555,0.0018306095131531922,0.047347011401408415,0.01143213709126554,0.0018309509174371922
0,1383,33,0.8023798151401091,41.97762031647521,45.967814827333264,980.4399999999986,33.68199522955507,694.3758584802275,0.7082288140837059,981.0000000000002,0.15985301407693828,1.350622692726427,1.9798410738479537,24605861314.50551,0.45515315836767845,0.2959486635357462,3.415867490829028,2.607174783210897,0.19273727860159282,1.6471610323531662,1.629940280647123,0.9428169931873975,1.6643577900234996,0.12752650988983227,1001.6471920948101,0.4140334154156518,984234452.5802206,0.8320824921209401,0.06222724445880199,4.431674200172458,0.9450814578581349,0.49009743086551216,0.31647501629969005,0.014020143781503019,0.9150577284031182,0.014020143781503019,0.1060692532966459,0.013817295649878027,0.9929899281092485,0.9929899281092485,0.9985979856218496,0.9964949640546241,-0.784709486385353,0.7106489808266271,0.014020143781503019,2.087117628406447,0.8218465132735762,0.5449605870535138,0.919285563398057,0.9027761696718262,4.174235256812894,0.5309404432720115,0.08262379002029827,1.4355084328744256,16799.01484199796,0.6849751209785101,1.3931382506148942,20406.823119266053,0.08435898960992808,4.450030581039756,73.32636085626912,322.36065239551476,17.56804847661117,0.23847774379884473,0.015472490727706496,0.07091810979535847,0.003646711981755992,1063.7412855518892,0.6667133968426684,0.17113091813940864,4.9849653311727,1145.2939306725343,4693.923198202927,283.2541431502626,0.22756842511372277,4.799107289223516,176.55039470510042,0.11679814410646748,0.06483180428134556,855.1246308055731,0.1285324402169727,0.6781093922859838,0.02857033380655319,8.473684210526315,0.44598337950138506,0.4598337950138504,6.578947368421052,25833844.263157893,103729064.26315789,6447552.538011696,0.24853801169590645,1.3157894736842106,0.06925207756232687,0.03884142011491717,0.3068404576179713,0.005905504433074514,4.142664355548843,0.0007747196738022426,24167706.797783934,24.35867966572251,0.005658371380785836,0.055131968521418724,0.0004044803551787128,0.0129094856744449
0,1383,33,0.8989618506984709,26.183674374225117,29.066131493544166,393.4999999999996,23.53812437353954,418.56021638283994,1.063685429181297,394.00000000000006,0.16800389616575354,0.8795209422035354,1.8715183893531528,9878984580.534132,0.7991085104992605,0.4830940227833571,2.7967289580166907,2.401250739993326,0.3012335791082196,1.4701485275906592,1.556869527654145,0.3069541705127086,2.0942965694806173,0.21324573592600746,1001.4702177341777,-0.6477603998983341,395159383.22136533,0.6964724471127832,0.13861666684594023,3.7005850967359066,1.9835903739087966,-0.44441050347092437,0.6174452636996055,0.030211754691642684,0.9065832566030892,0.030211754691642684,0.19485160037681712,0.029274629908376357,0.9848941226541787,0.9848941226541787,0.9969788245308357,0.9924470613270895,-0.7521906483015264,0.8322135804320221,0.030211754691642684,1.8851462374555439,0.674749433449064,0.9796674991054228,0.9148397004773171,0.8097880983946268,3.7702924749110878,0.9494557444137808,0.16191425459781206,2.201851809501003,5271.234111675127,0.5351506712360535,2.0847648741271354,6860.253604060914,0.16581647555979284,3.7166497461928936,68.6438578680203,255.2794923857868,23.837741116751268,0.35614495205865765,0.017873957897691885,0.06720408703620571,0.006704107239577538,566.1750536345652,0.5444459538187298,0.27987404892083023,3.7169414253645154,319.7433404065512,1230.3027079008561,94.2705080883608,0.40696676172963997,4.948571971364919,118.97523789818626,0.11939062359835498,0.10520304568527918,211.78396932425704,0.16127582764499637,0.6411982013231642,0.06752624007976596,7.285714285714286,0.3469387755102041,0.7619047619047619,4.761904761904762,3058641.0476190476,12116407.476190476,795874.5198412698,0.48280423280423285,1.2857142857142858,0.061224489795918366,0.1068016855461722,0.5315621665243848,0.059293462764579884,4.201841232302564,0.002131979695431472,2838635.3786848066,22.582143951402383,0.007159499276423307,0.09677243926964993,0.001685132812637446,0.016899854509427964
0,1383,35,0.7753032421950921,37.77723474399442,41.23396658096332,770.3600000000004,29.288812578183954,563.5307791313198,0.7315161471666748,771.0000000000001,0.17459594491845631,1.31845940312261,1.8643915767733619,19336506688.25745,0.3382040051866776,0.2686325010080062,4.445883747545196,2.2579731654188153,0.17331111629694002,1.594207185842484,1.609199361639172,0.5317432168524044,1.7262299485664108,0.1128625530258863,1001.594233444815,-0.5665518065745148,773460267.5302981,0.9016771561853911,0.052601670300298574,4.109109280212743,0.6487423009732618,0.10568171729032307,0.17377328997817554,0.011784839989525325,0.8722298141455842,0.011784839989525325,0.09205380579222458,0.011640555524299745,0.9941075800052375,0.9941075800052375,0.9988215160010475,0.9970537900026187,-0.7376934139679718,0.6086331658613503,0.011784839989525325,2.017080087987421,0.8986038218755062,0.3962674565295983,0.8758334996686385,0.9474262317474157,4.034160175974842,0.38448261654007365,0.04638953249192522,1.2812439138758565,13378.625732814526,0.6940921262160584,1.434623697894324,17379.827185473412,0.050893243231876675,4.121971465629053,73.42863813229572,300.49955901426716,18.73740308401787,0.25778354229716094,0.015626952763619736,0.06545593746313436,0.0042014482360973725,829.9573411953907,0.6665521453139199,0.19346550563567788,4.421927020326686,1153.056863205265,4626.598932064475,289.0418895377036,0.2850549873853019,4.700038706853043,155.2832578124481,0.1338602242615976,0.06438391699092089,857.9175738216983,0.14815782298604044,0.6704333329728852,0.04942682217133269,12.0,0.42857142857142855,0.7755102040816326,6.0,11665723.25,46676152.75,2916862.2242063493,0.38492063492063494,1.2142857142857142,0.04336734693877551,0.05232818497980407,0.14690544761823962,0.04178954936596863,4.735926350629024,0.0014526588845654993,11191838.524234692,15.766556839959398,0.008430504868836548,0.039252176062084386,0.00021596597482046454,0.01755326691942512
0,1383,37,0.8779179611776241,42.43692470559169,45.48450285536823,1161.459999999998,37.25613841618141,647.6645886429975,0.5576296976589797,1162.0000000000002,0.18653352971796744,1.4165506390597398,1.9946741744702556,29149641183.339455,0.5104699730550439,0.26519636148574666,3.894846794875626,2.475856291479018,0.1815252417644383,1.7134970195119905,1.7209231622794292,0.7622636748898152,1.713592616589203,0.1142609962295127,1001.7135264632623,-0.2615170436829568,1165985647.3335783,0.8147067202668554,0.05898840506785093,4.457929280838789,1.067894439584057,0.48316853556752176,0.35590938824376184,0.021159242028774547,0.8877587075453142,0.021159242028774547,0.14740625747123245,0.020697145294876908,0.9894203789856127,0.9894203789856127,0.9978840757971225,0.9947101894928063,-0.7312108629264402,0.7239916116837909,0.021159242028774547,2.091468777257729,0.7943082767678016,0.6452407215705748,0.8948836798141314,0.8867865861633542,4.182937554515458,0.6240814795418008,0.0942671575681341,1.4809595540004736,20149.61886402754,0.6936185495362319,1.3277078809459624,23667.23022375215,0.09441034242699836,4.464165232358003,73.7914629948365,326.32833046471603,17.759751386498372,0.24116848345764008,0.01535031969471667,0.07028232227582179,0.0037435977849417323,1112.4185460453346,0.6253772472759578,0.2079071728454912,4.912145923015295,1174.9357336530702,4858.267013064418,289.6735257989328,0.24721950296696787,5.269320662447835,169.49901736462581,0.0985873574860189,0.060929432013769366,854.2720836531078,0.13073271346120086,0.6592872507781968,0.03694638030824392,14.818181818181818,0.4490358126721763,0.7162534435261708,6.303030303030303,20437835.939393938,82227821.33333333,5096368.042087541,0.34764309764309764,1.4242424242424243,0.04315886134067952,0.06338533273329038,0.5050056358954427,0.0110125586709541,4.862575937540262,0.001135972461273666,19662902.51423324,42.18636994340293,0.003312987308712842,0.07693329106779943,0.0006693596038232929,0.007469827056205162
0,1383,37,0.8195994632331767,34.59539210682926,36.58742953529258,674.4399999999982,28.354364801098537,489.6312841947007,0.7259819764466846,675.0000000000001,0.18802146546329987,1.0371550430818628,1.861378426714928,16925375287.735468,0.5398700091656263,0.42048304333908826,3.077553974455357,2.178635738584532,0.25372956174036115,1.4914388251234443,1.5452193048256986,0.27379503971374364,1.9048406988707884,0.17779764943356507,1001.4914888485952,-0.6802939289595978,677015011.5094188,0.8131942083950617,0.10019615984238421,3.8088574188777247,1.2358325352133854,-0.3809673170588005,0.37116226109145317,0.022711706750074452,0.8847303529316637,0.022711706750074452,0.15583733085533996,0.02217863288588336,0.9886441466249628,0.9886441466249628,0.9977288293249926,0.9943220733124815,-0.729214462801193,0.7401592268944659,0.022711706750074452,1.9291823903576524,0.790132619304426,0.6926809918128198,0.9025387425675249,0.8851604358028101,3.8583647807153048,0.669969285062746,0.0984684919603819,1.647486052644292,10752.479466666666,0.6371839683950618,1.5174648414814818,13722.652266666666,0.09744485135802468,3.816,72.17605925925926,276.0878814814815,22.158696296296295,0.3131851851851852,0.01581878168770938,0.06030986812612562,0.005141154805711341,825.3692710351756,0.6554226392570639,0.19485182713853816,3.7463795858355855,659.489183417419,2600.843454408603,175.81363374306994,0.36494806101385086,5.011957272922731,133.4375789691888,0.11305638772321522,0.07426666666666668,440.98523249321954,0.10763015151737339,0.42495214251916896,0.037540582342212594,6.5,0.40625,0.859375,5.375,14373160.5625,57372470.5625,3624621.7430555555,0.4618055555555556,1.375,0.0859375,0.047613860645049175,0.22035713480329427,0.021909746736108494,3.749999999999995,0.0009481481481481482,13260794.83984375,25.842217965477996,0.00553297089864106,0.07125488055267198,0.0007163577186759393,0.01240165185097515
0,1383,39,0.970725149517777,49.594589914331635,53.48121165418749,1799.6599999999994,48.142715709862415,638.3592062560804,0.35471100444310627,1800.0000000000005,0.23557816681635663,1.5296546264445812,2.0273845921996037,45159700259.53063,0.5395401803014499,0.2550592020610811,3.7202914547578034,2.507809569255232,0.15799805529607616,1.772854886071869,1.7624517178796495,0.847101557050654,1.6607080122045779,0.10597037312681701,1001.7728757838456,0.32367531991368437,1806388010.3812256,0.784986827654321,0.04186964548040825,4.593423073610474,1.0636155050109344,0.5919490426170242,0.40404657150801015,0.022924800860364768,0.8925671456851408,0.022924800860364768,0.15704423898047706,0.022383339429453964,0.9885375995698176,0.9885375995698176,0.9977075199139634,0.9942687997849087,-0.7330990203978726,0.7372884790728252,0.022924800860364768,2.1208824911843718,0.7643203569376786,0.6786471218401724,0.894724602974127,0.86718209026665,4.241764982368744,0.6557223209798082,0.10674284309209374,1.3748652210892385,33428.90537777778,0.7428645639506173,1.0658101728395062,35324.40724444445,0.10762059802469136,4.609844444444445,75.26297777777778,341.5206888888889,17.69738950617284,0.23326728395061727,0.014646850557095265,0.06994631938845498,0.003357146010341723,1224.4769993366522,0.5620095465716862,0.2219052803715756,5.58323749544901,1693.2898072507999,7022.602736736688,416.40950556170947,0.2080503734350046,5.772470240224219,156.97656797063465,0.07280546501573487,0.04827777777777778,1188.0019568693592,0.10776640049364988,0.6296576624926218,0.022307258678412344,31.53061224489796,0.6434818825489379,0.2257392753019575,7.816326530612245,31466923.387755103,126672288.3877551,7844383.657029478,0.15759637188208617,1.3673469387755102,0.02790503956684715,0.05272590051164444,0.3597637547231679,0.009115886408205287,5.410628211462133,0.0010888888888888888,30623524.803831737,73.69504280959256,0.0019332370386293692,0.09121021679641605,0.0008225734609885993,0.00458868851002657
0,1383,39,0.9353017929051997,43.024466472847585,47.032329306552526,1260.74,40.240860630844004,652.4930157677446,0.5175476432632776,1261.0000000000002,0.19290426541128114,0.9502695337943929,1.7352524729133498,31610922164.94905,0.5406520511678492,0.4297612119811949,2.646930468886448,1.9941185997201536,0.24404818317326651,1.3617905374484751,1.3825752577830595,0.3222758742814207,1.671842725438733,0.17647504169390593,1001.3618350333459,-0.37816795258467545,1264436886.5979624,0.7828044814199675,0.08911298495026619,3.63036449072733,1.083932660937408,-0.6064106763626014,0.40763631536152806,0.01627569050460879,0.9231216667379989,0.01627569050460879,0.11950086897536605,0.016000433226253583,0.9918621547476956,0.9918621547476956,0.9967448618990783,0.994574769831797,-0.7942554641699948,0.7544998951035529,0.01627569050460879,1.879500778659878,0.772043563840678,0.6399174209399409,0.9231216667379945,0.8713629334075738,3.759001557319756,0.6236417304353323,0.10597800146653422,1.4176798373408748,22846.22645519429,0.7247018701092558,1.159078730738101,24677.911276764473,0.10859775929001628,3.6281046788263285,74.65278350515464,274.07137192704204,24.798136399682793,0.34297383029341794,0.014849608834046735,0.05242080577788726,0.0054568095980865984,981.4693314719541,0.581694286005468,0.209152856997266,3.1059382348551687,1694.2485290791874,6652.287802313124,454.7387107707033,0.4735154412862079,5.19623901602245,166.70536751754815,0.10429466399558612,0.05339413164155432,1270.006149728827,0.11060232355629768,0.3205020291707673,0.05812739715268033,11.095238095238095,0.528344671201814,0.23582766439909297,2.142857142857143,35889541.47619048,142332784.19047618,9278730.797619049,0.7142857142857143,1.0952380952380953,0.05215419501133787,0.010770630795486402,0.03639473816962023,0.004364603951952945,4.297079327540659,0.0006661379857256145,33635968.63038548,79.29970421331059,0.0038727201265282103,0.01638169319070387,0.0017810754294101353,0.003868240365088211
0,1383,41,0.9328375268018496,63.145211218980975,68.38011406834592,2846.480000000014,58.90422266289462,847.4635785162593,0.2977233560454509,2847.0000000000005,0.22317110191872527,1.5193260609125727,2.0249386605224085,71427962082.20148,0.5345483089915242,0.2582337862090516,4.019188170257175,2.5985467100112216,0.16253381515660623,1.775444308631866,1.7715229831267636,1.0550862153751632,1.5434604946360584,0.10745747359794972,1001.7754669369164,0.3286881338083839,2857118483.2880597,0.7860516699404065,0.04533692011847653,1.3560764957201796,1.0651194828735315,0.5979208754802083,0.4072408586143306,0.022619451968302173,0.8947874616123634,0.022619451968302173,0.15517737044225813,0.02208639550020919,0.9886902740158489,0.9886902740158489,0.9954761096063396,0.9924601826772327,-0.7374160685405631,0.7389305009652039,0.022619451968302173,1.1224620739014437,0.7629834492084743,0.6772681712665858,0.8947874616123594,0.8662282001144053,2.2449241478028874,0.6546487192982839,0.10746507764565821,1.3233470603228776,54186.837161924836,0.7613184005890388,0.9641177685666449,55947.22760800843,0.10697416502979677,1.3654373024236037,75.77136635054443,100.77368458025992,69.52078679311556,0.908640674394099,0.014395182428042835,0.020970109317972982,0.012751450705560293,1816.6588547811234,0.5802800635394174,0.2098599682302913,1.899945713743436,2023.0896631451374,2224.7905274395785,1972.664447071527,0.775013571564141,5.92103407802087,205.25690195045223,0.06698063360116593,0.043860203723217424,1399.243238061461,0.09237053406401145,0.20467255347773408,0.06429502921058071,57.05882352941177,0.8391003460207612,0.08044982698961939,3.735294117647059,57563286.691176474,58117032.51470588,57424850.23529412,0.3161764705882353,1.7941176470588236,0.026384083044982697,0.05492813036366352,0.15937468003996508,0.02881649294458812,5.624083797069044,0.0009553916403231471,56467724.27227509,627.593607961285,0.0012555006848186407,0.022381313261657397,0.0023931978142370317,0.001256038141691569
0,1383,41,0.8763946734626983,61.77062631552269,66.99880595950945,2516.3399999999983,54.13544787937887,962.8944443027892,0.38265673331218747,2517.0000000000005,0.18467619235619198,1.1925017076948283,1.7752015466918607,63112935333.08502,0.13245810460588406,0.3254438153593393,2.5538326637340028,2.130702175385098,0.1826140942331514,1.4921900223036493,1.5018787612207778,0.6261204876647684,1.5045816877203295,0.13325790709936158,1001.4922146817205,-0.1446351096147005,2524517413.3234015,0.9684879628380016,0.04939242722904408,3.991408775546284,0.2013606048444147,-0.03362818587116062,0.05562388592885412,0.006709249989527589,0.7845112087690396,0.006709249989527589,0.05790325686169022,0.006662598797534421,0.9966453750052362,0.9966453750052362,0.9993290750010473,0.998322687502618,-0.639653311121216,0.39151654103827144,0.006709249989527589,1.9947882272760815,0.9625266608568102,0.17730362972672728,0.7865003000459343,0.9810348835685142,3.989576454552163,0.17059437973720032,0.015583283979595425,0.7323641451526547,51560.49501787843,0.819396027300412,0.7916084861164187,60942.10506158125,0.015921300764653357,3.9925625744934448,76.90347238776322,307.3522447357966,19.60223149251755,0.25747450668785593,0.013965783833950304,0.055399244905366615,0.0037425093243773308,1709.0585985541543,0.7842356918491076,0.11648566415924066,3.906775361736663,4812.996927460624,19250.42684110348,1204.8266548664378,0.3100766978132989,4.798268271531651,257.3023677251326,0.12799603126131157,0.0344735796583234,3764.7898899157626,0.11026643581564546,0.39834834281361076,0.04438837897336248,19.5625,0.611328125,0.6865234375,2.84375,119822473.65625,479288300.75,29957213.688368056,0.7821180555555556,1.5,0.046875,0.0723395049042908,0.07951763390383441,0.07154193501205668,4.601409765557383,0.0005085419149781486,115955720.11621094,27.06830380342238,0.004718963473520897,0.02131717446988696,3.632075917102119e-05,0.009510662909898725
0,1383,41,0.6825185101047384,35.39865783647529,37.88456149937597,566.5600000000011,24.160239206258538,475.9827560572776,0.8401277111996552,567.0000000000001,0.17727058070522536,1.441371746903836,1.9113190224848977,14222710604.847507,0.22820310098865237,0.2522293879627935,3.139869922325708,2.3023727653518224,0.14966116893964318,1.681482635634675,1.6933093895221174,0.9640476659716719,1.3383250993801505,0.10541483549532087,1001.6815000300593,-0.2322362251239627,568908424.1939005,0.9300773388825122,0.03484734640028836,4.177045904740343,0.4329423488509988,0.22531734055686636,0.13053249928772995,0.013474153099267548,0.8130664479531527,0.013474153099267548,0.10270644648926609,0.013286550949128693,0.9932629234503662,0.9932629234503662,0.9986525846900731,0.9966314617251831,-0.6396268519730707,0.5071401547547947,0.013474153099267548,2.0366102120676106,0.9148014391503476,0.3169203634767581,0.8155216699676409,0.9559207904308314,4.073220424135221,0.3034462103774912,0.036001663096749376,1.3030296635257508,9123.549135802468,0.6436366233370349,1.497455870651873,13183.846278659612,0.03500683880319389,4.177918871252205,72.22229276895943,299.1841975308642,17.775996472663138,0.2453399960807368,0.01576981165318698,0.06770350580757484,0.0038283719006505777,854.0435781562237,0.8130509450898127,0.09443629157999767,4.495549448263832,735.2194634297919,2961.0476931173844,183.25354892371814,0.23832654350225446,4.197104183402896,137.45257147714725,0.14248217678765324,0.07377425044091711,510.1408504634538,0.10803632570865483,0.5302375112825252,0.025128782833502117,8.5,0.7083333333333334,0.35416666666666663,7.916666666666667,15556774.25,62251393.833333336,3888520.6504629627,0.19675925925925927,1.0,0.08333333333333333,0.10888136793155812,0.9614137906328385,0.014155543000915908,3.5849625007211516,0.0008465608465608466,14161422.687499998,11.8731176652093,0.010926503279002615,0.05125998095598364,0.00015240876674771443,0.022780356971897495
0,1383,43,0.8437701496663413,72.19003266053616,76.30360410884929,3373.2400000000075,60.91179466239867,932.6601297277327,0.27648792547453804,3374.0000000000005,0.22075225126912595,1.0814112636071895,1.8824323889262413,84607583080.81102,0.5632217786160888,0.3974232013240524,3.7106173461982177,2.4522067755323738,0.24945941653308976,1.5256556370607508,1.5740412764024418,0.19147429033700758,2.260732485195366,0.16852487459010854,1001.5257067722029,-0.7495320672094363,3384303323.2324414,0.8129491285393481,0.10242631585296992,3.914463444286664,1.370189372410866,-0.2295340808117614,0.377738181402281,0.024468450643217097,0.8783689383828184,0.024468450643217097,0.1648857522607967,0.023840221291704846,0.9877657746783914,0.9877657746783914,0.9975531549356783,0.9938828873391958,-0.7211533531280236,0.7460235994659066,0.024468450643217097,1.9560536117204987,0.7887934130222733,0.7228994940036145,0.884143949464514,0.885282551952114,3.9121072234409975,0.6984310433603982,0.1005516580113745,1.3474853057741705,63918.25918197985,0.757774264160994,0.9596090892065233,68572.25899229401,0.09995661105233401,3.9332424422050978,75.7272554831061,297.2253823355068,22.344108871764476,0.29980537443193045,0.014349074391441794,0.05682030661679588,0.0044519487513733315,1996.1102381961282,0.5346523838368527,0.29875464444972727,4.065709651166565,2208.864412051762,8789.31784694887,572.0761115762051,0.36871035093625937,6.220125239711704,228.3539857583745,0.062133982821972994,0.044146413752222884,1587.2122872957516,0.08350531028416305,0.38297967600830346,0.029319335620802585,32.45205479452055,0.44454869581534995,0.9194970913867516,5.36986301369863,78447339.12328768,313626073.1369863,19667661.251522068,0.4859208523592085,1.6849315068493151,0.02308125351848377,0.025568417934353754,0.10623509397017039,0.016571733538394542,5.905511031453099,0.0008654416123295792,77112206.35916683,140.98991818366025,0.0010281597843941497,0.07415675877743119,0.0008034228574197474,0.0022667217934263786
0,1383,43,0.960884442711693,72.2776261613054,77.30485107675973,3867.560000000012,69.45044653453003,948.4174890406211,0.24522372995910036,3868.000000000001,0.23244697999367359,1.0043708669769422,1.7650859719067822,96973014576.90839,0.5638895264050503,0.397794773670477,4.060938682560734,2.255662909418753,0.24648621360812475,1.4106120056296245,1.4583916304330922,0.04706962907702032,2.2085932803417325,0.16454694308309475,1001.4106626003556,-0.7951136480600703,3878920583.0763364,0.798824563437277,0.10133219386451978,3.7613571156208847,1.2765215080530563,-0.4326141014182503,0.3972566749514994,0.021437996029534907,0.8976106997433348,0.021437996029534907,0.14867122153363818,0.020957400225440757,0.9892810019852325,0.9892810019852325,0.9978562003970465,0.9946405009926162,-0.7503670278211374,0.7556406694253633,0.021437996029534907,1.9150463280278465,0.7781762024058043,0.7059870219276335,0.9026458624772957,0.8773902004609656,3.830092656055693,0.6845490258980992,0.10467366774525858,1.2803312962403535,75918.09195449845,0.7850888516494152,0.8714898243910474,77246.3352843847,0.10449821343209041,3.77047569803516,76.35578076525336,289.3035263702172,24.045984430656095,0.32207715730207975,0.014186863449945453,0.052734787037493,0.004845924602427329,2030.1752235156468,0.5366724838229808,0.27397918863514975,3.459671816313379,3115.7340077174485,12302.76106114639,823.6659682934171,0.4435270839412814,6.270765574653328,217.82660306258506,0.05783378782078723,0.03897880041365046,2310.7993533697204,0.09252934156768079,0.29309549950576463,0.04967224760276463,37.44736842105263,0.49272853185595566,0.6431786703601108,3.013157894736842,96778310.0263158,386264522.30263156,24414896.6502193,0.7160087719298245,1.7105263157894737,0.022506925207756233,0.05295293124289144,0.10509179528230153,0.04134555532568728,5.974836888415098,0.0007859358841778697,95159388.62742384,143.9822010022415,0.0009997481194134253,0.07368605410010413,0.0007451966558293088,0.002257717639972222
0,1383,43,0.7594620191566154,74.60569637061194,75.77361018190965,3209.319999999999,56.660192806210304,960.0743432901115,0.299151952217327,3210.0000000000005,0.20917345958510722,1.369267739003872,2.0467896783415562,80527532875.9508,0.7661665329091287,0.3381609039509086,5.682025014769292,2.501178944980003,0.21719407621624004,1.7276428108619648,1.7696957465523,0.026353529096811996,2.474825415883191,0.1427671984944741,1001.7276843505937,-1.1796827409788728,3221101315.038033,0.7056096306518764,0.08322299665394362,4.669068883658066,1.8509229664334936,0.47168589773946346,0.6039202087374912,0.03451244154032004,0.8919480702457718,0.03451244154032004,0.21528566898119558,0.03326678895021907,0.98274377922984,0.98274377922984,0.9965487558459679,0.99137188961492,-0.725721269093388,0.8204653503736092,0.03451244154032004,2.1276082471870312,0.6707912440063571,0.9844469666354998,0.8933440673054304,0.8068516635497385,4.2552164943740625,0.9499345250951805,0.1596081625694528,1.7294880372667172,56248.8393271028,0.7009201162255801,1.17489327161033,56625.17285981309,0.15784033213963375,4.680498442367601,74.37171339563864,344.14741433021806,18.357694704049845,0.2468397369331949,0.014946663666389599,0.07205301421295413,0.003675726599528572,2344.632436481723,0.5246360023201484,0.2804528145237973,5.293979749387271,1246.5174012371576,5328.961890353372,306.2584203322896,0.24698976631992858,6.099866658236417,271.09213266136754,0.060667401090126916,0.05556074766355141,860.4544689347549,0.08853186887912179,0.5122623171538007,0.020341531063541075,43.975,0.5496875,0.5725,7.075,54879609.15,221731236.525,13664546.347916668,0.27291666666666664,1.85,0.023125,0.08040906551482926,0.646597740084655,0.011600665113250166,5.887492001110298,0.0009968847352024922,53873349.384375006,200.5580332845474,0.0007653839812201462,0.1176510835494762,0.0017948973800847592,0.0018421542156474796
0,1383,45,0.8865601649540632,81.70662468303284,88.34500551813896,4508.479999999994,72.43783865682931,1462.6512118971953,0.3244222469429158,4510.000000000001,0.16273434880827364,0.8550145307789195,1.850221513073659,113069726340.23111,0.7836452100215534,0.4699675455821368,4.596502023698302,2.424590716752133,0.31114901750500085,1.4167679044796282,1.4967443558974631,-0.4274858866680005,2.8520766034201337,0.2027700582083682,1001.41685143333,-1.1414084825918396,4522789053.609245,0.7142023199492629,0.167294389561937,8.383975643060127,3.0085612640178816,-0.7994458032696152,0.6663087406181434,0.02299134509456304,0.9333377068069924,0.02299134509456304,0.15703114504757376,0.022436647822858563,0.9885043274527184,0.9885043274527184,0.998647567935614,0.9954017309810874,-0.801404147215679,0.8471431843904087,0.02299134509456304,2.867602626302653,0.6899456245205597,0.9470762805201375,0.942827909629069,0.8197316835438684,5.735205252605306,0.9240849354255753,0.17232502142817663,1.6009870209372374,84673.69571618625,0.7509862147777051,0.997260037541605,80526.31157427937,0.17008735642400974,8.41760532150776,75.50164079822616,634.6423325942351,10.153777531411677,0.1350271002710027,0.01444629199047608,0.12223290468285532,0.001965208230651695,2909.209163108542,0.5583136946744953,0.3011715750023443,8.590067947836433,1928.7962477853407,16818.315964567842,232.10986825791062,0.14272792795323225,6.126903556920206,361.6967835725002,0.07258596746713769,0.046050997782705105,1359.7312323254685,0.08367635609299715,0.7935585882678076,0.010539457698216511,26.64179104477612,0.3976386723100913,0.999777233236801,9.91044776119403,133343220.41791044,1188469566.5820897,15147431.732379768,0.17319651741293532,1.7462686567164178,0.026063711294274892,0.05827169092136641,0.5131742644035229,0.010200318792170399,5.756314750126956,0.0005942350332594235,130511284.01782134,75.09559967348487,0.0008684799949338437,0.14561071000841905,0.0006410826107006746,0.004889312433606543
0,1383,45,0.9691676469775405,84.87758351427576,91.42450437382749,5346.899999999992,82.26060789567033,1321.9232898358123,0.24723172115353087,5348.000000000001,0.196087409358205,0.5166775233987281,1.6627288158320617,134019138080.61697,1.0246925836535736,0.5183777257862732,3.926951098701727,2.4426191737465293,0.35336901834491885,1.1926677853847187,1.2974486467604498,-0.5902760761554711,3.0328952499020003,0.22494177750856403,1001.1927743612546,-0.9938383756316699,5360765523.22468,0.585775375384111,0.21340597035293238,7.652440448048495,4.592558123094876,-1.3450196465072073,1.0490420230610589,0.02619985530078376,0.9512805752763127,0.02619985530078376,0.1739592662759798,0.025480187557860433,0.9869000723496082,0.9869000723496082,0.9984588320411304,0.9947600289398433,-0.826224537772359,0.9035977966796694,0.02619985530078376,2.7196926502051926,0.5622312658407654,1.2059018373392854,0.9543078183035028,0.7127860770923472,5.439385300410385,1.1797019820385026,0.2688104695904607,1.8247620352743332,101614.2925355273,0.7600171468625826,0.9560721155938594,78318.16768885565,0.26730604882944375,7.68981301421092,75.78284218399402,584.006163051608,12.301060157483587,0.16452760118008808,0.014352836827409433,0.11001662703877639,0.002427603101560951,2670.2550160176493,0.455731334688931,0.4341228612675623,7.451302586057084,2397.3251309154193,19990.627582449688,316.93927187026964,0.19711275220268104,6.54446654544596,329.53474605450566,0.057004564466317215,0.0437191473448018,1769.8725215888303,0.08660271073598048,0.6928331500126964,0.015943088873410092,29.266666666666666,0.3251851851851852,0.7550617283950618,7.4,107635239.37777779,924255288.2888889,13213357.381867284,0.23333333333333334,2.088888888888889,0.023209876543209877,0.0314108406794246,0.3170646301455978,0.006909021487796091,6.097300040726019,0.0006731488406881077,105428364.06913579,102.75712803322051,0.0007046995717603327,0.16329476871653442,0.0011586050818325404,0.0036069192009710762
0,1383,45,0.9777554829432645,83.31871849090818,87.79658307701959,5204.940000000008,81.46533383629183,1313.203693886522,0.25229948738823504,5206.000000000001,0.1947514501149649,0.8271827064376032,1.5334448324674057,130464919532.95573,0.7613497567751714,0.39903932558834376,3.139873511485986,2.052177227047098,0.22906993630028255,1.2090620365917553,1.2365431986825484,0.07394396839381293,1.978233258653285,0.16408203601115737,1001.2091020478582,-0.5085808608734247,5218596781.318231,0.6584415077080156,0.08011928665630093,3.334424820501103,1.268348205907096,-0.7213287678765126,0.6575683897877025,0.026768731959799417,0.9217687366143499,0.026768731959799417,0.17702780994675418,0.02602154119034759,0.9866156340201003,0.9866156340201003,0.99732312680402,0.9933078170100502,-0.7764019441257604,0.8324264221930027,0.026768731959799417,1.7823369224308934,0.6323899816953724,0.9318391523856295,0.9222892039817421,0.7681541372626723,3.564673844861787,0.9050704204258306,0.17108428043687546,1.5759549126951857,98478.0685977718,0.7566505462756189,0.9840945688572054,85696.16222819823,0.17103551335385497,3.347975412985017,75.68282750672302,255.86496350364965,30.655998420625775,0.4134415418107312,0.014454171710800967,0.04728501847830095,0.006259957244989536,3054.3568174894826,0.5250918727718474,0.24086696326546916,2.873550160326423,2534.7730050844734,9566.458677731207,776.8896959576888,0.5349336921771151,6.165262089190707,335.74819102379877,0.05767258716572324,0.044644640799077984,1938.3864570893752,0.09322908472180572,0.25927496973107633,0.05246716171693608,56.19565217391305,0.6108223062381852,0.2679584120982987,1.9130434782608696,112819090.26086956,443622209.1195652,30118322.200785026,0.8079710144927535,1.891304347826087,0.02055765595463138,0.06825558108484747,0.11860413676184808,0.055872690894037236,6.129380841856006,0.0007068766807529774,110817787.98062383,277.9536534263884,0.0005758008206001279,0.10626244900010962,0.0015245073683833484,0.0015258503442892352
0,1383,47,0.9244550121229299,90.93136962188841,95.48947585990825,5869.880000000037,84.06196040615747,1483.6973013728575,0.2527645030857271,5871.000000000001,0.18305189817181308,1.2329408418999024,1.890104127978998,147236366258.79004,0.46509742998717646,0.35424109085947864,4.36158505486971,2.5999181833861575,0.21879774772407942,1.570404210689625,1.5751511091678658,0.20923342086375604,2.3906847625224015,0.14547340338997117,1001.5704454701347,-0.2511671238767195,5889454650.351603,0.855528711747005,0.08264847977104264,4.132641897896527,1.1403259876854668,0.0957464803286441,0.2951050154055596,0.010154750590484523,0.9334639583562845,0.010154750590484523,0.08154202683676123,0.010047932722360604,0.9949226247047578,0.9949226247047578,0.9989845249409516,0.997461312352379,-0.8342133262094468,0.7340941853925766,0.010154750590484523,2.0152926102138213,0.8461109261677418,0.5411900745413238,0.9432131371924701,0.9183737923682733,4.030585220427643,0.53103532395084,0.07631494149901102,1.0093079009575285,123982.01777550673,0.844708007327588,0.6591615874382748,125570.22666666667,0.07648506033063501,4.1356770567194685,77.61774825413048,320.8786237438256,20.517595904540208,0.2668841196843241,0.01367636360189527,0.056792455375824204,0.0037327773782889232,2583.576572477692,0.6156400542393327,0.23287776951681016,4.183167734088508,6941.150878458926,28117.083982370088,1740.8720777076633,0.3267606911951314,5.924714710185644,349.24225397515653,0.08736741791020794,0.028424459206268095,5427.449401735437,0.10032981023935082,0.44893587366078647,0.033520808222407515,29.84375,0.46630859375,0.933349609375,5.515625,287071625.453125,1150335389.09375,71759855.8797743,0.4787326388888889,1.78125,0.02783203125,0.06927056438191924,0.5445725435484038,0.01644752520330929,5.675704882778678,0.00043604156021120763,281812128.2302246,99.25075835357465,0.0013873378535511414,0.03022248057505292,0.0002605828819367441,0.0029731248256615306
0,1383,47,0.8897892167810804,99.77764150604168,109.53373909439959,6800.8999999999705,88.78106948792423,1775.4290906310225,0.26105796153906546,6802.000000000001,0.16465874272276323,1.0677395727708197,1.7349839663016078,170520867264.37906,0.44190041442605255,0.3343095730710086,3.2015397073244074,2.3732853603465474,0.20720681407096264,1.383504543505965,1.3763388743074554,0.4627907162225812,1.910494644123966,0.14096807757821841,1001.383539423237,0.1863780311618072,6820834690.575164,0.8579244807963756,0.0698559759128227,3.8829826341512588,1.0043495732818877,-0.26822965326516435,0.28216685135632663,0.014803769680569193,0.9003329133131448,0.014803769680569193,0.1106589350875707,0.014574788207038197,0.9925981151597154,0.9925981151597154,0.9985196230319431,0.9962990575798577,-0.7693573160744931,0.7031655777365946,0.014803769680569193,1.953494773657949,0.8427696859424418,0.5462710629395094,0.9014401716860051,0.9161926907999693,3.9069895473158986,0.531467293258941,0.07424265525922397,1.074042037345958,138433.3654101735,0.8140744805067538,0.7532534675404202,145890.0579594237,0.07377529313420365,3.8922199353131433,76.99464863275507,300.2840458688621,22.264461759613184,0.2935937142670456,0.013875049524694061,0.05369555074782371,0.004240036971851115,3478.7135169347794,0.6076210831127533,0.22940465499017776,3.733466055393092,4335.102260898567,17226.150673381147,1120.2903774987365,0.3821018877811628,6.110215029640451,415.07015151006516,0.07599354688264548,0.03354601587768303,3267.687817577477,0.08805082116866259,0.3167310158199906,0.03838616794235437,60.12244897959184,0.6134943773427738,0.6555601832569763,2.7551020408163267,252058294.0612245,1007818651.244898,63139178.71088435,0.7879818594104309,2.061224489795918,0.021032902957101206,0.03774211104726083,0.12937951094840122,0.027028473685099093,6.0037475687996,0.000576301087915319,249047360.85630983,168.37705472328452,0.0008233672713998287,0.04849379772564792,0.00036110909589570525,0.0017842335951362618
0,1383,47,0.8764812395894264,101.76568846356159,109.63685511724606,6969.840000000015,89.19571677221386,1807.7888886056712,0.25937308296971917,6971.000000000001,0.16370751778254838,0.8767375527892178,1.5206999191640427,174701341155.77988,0.6953914251424329,0.3495046560511934,3.308292521372713,1.98649211821505,0.2033003485501186,1.2224058486787646,1.2544033174171216,0.10964990080488982,1.87684221741016,0.14422986424283993,1001.2224378917429,-0.6249498264138769,6988053646.231196,0.6957973974891696,0.0641644684971657,3.4243394491982144,1.2329975640966326,-0.710959897323729,0.5820639016850467,0.02701986597397843,0.9112829470168129,0.02701986597397843,0.17827253734345164,0.026257124985002395,0.9864900670130108,0.9864900670130108,0.9945960268052043,0.9909933780086739,-0.7582706268143529,0.807025617586682,0.02701986597397843,1.8126164607284014,0.669200991185485,0.864207700626259,0.9112829470168118,0.799106527741412,3.625232921456803,0.837187834652281,0.15227094191475632,1.5199654785894272,131155.16525606083,0.7525759016270883,0.9987373435299438,121260.09144742505,0.15210130125541516,3.4386630325634773,75.5939119208148,262.76740209439106,28.800539377420744,0.3903342418591307,0.014472308653613345,0.04849127430311929,0.005967567241236858,4251.222189584722,0.5367903245802682,0.2316048377098659,2.905192503041688,2726.939555383476,10523.963709526386,777.6835168477487,0.523701874239578,6.063838265224492,484.81363046793206,0.06143904926240672,0.045393774207430786,2150.29067783174,0.09350301611265245,0.2566315700074868,0.05272087763894395,84.67213114754098,0.6940338618650901,0.15298306906745496,1.5655737704918034,163883829.86065573,650036038.795082,42345777.62704918,0.8586065573770492,2.5081967213114753,0.02055898951894652,0.042539757968955025,0.07782195860890843,0.033719207808966666,6.2920803952604505,0.0007000430354325061,161843264.44645256,816.5097530085842,0.0004256469673119948,0.026961581348580933,0.004102585339187419,0.00042547124105655673
0,1383,47,0.9633074873215176,94.40699597842905,99.3229077302915,6616.240000000015,90.94296608155311,1479.4796390219444,0.2236133572878162,6617.000000000001,0.1948953891386191,0.8736619380902749,1.5650398156797487,165832869432.15222,0.7551581682661694,0.40480672214423663,3.012149723515446,2.074665740191656,0.22614749084344615,1.2319956713951037,1.2481666244762366,-0.120511284443189,2.195177024634845,0.16529140464806832,1001.2320336478818,-0.2865983315314283,6633314777.28609,0.6656874683476685,0.07604654858522376,7.942273992498264,1.304529925934204,-0.7217195883597226,0.6389023454825051,0.029921101760891584,0.9104940819301766,0.029921101760891584,0.19315972506309317,0.028993241803758,0.9850394491195542,0.9850394491195542,0.9982399351905358,0.9940157796478216,-0.7532411596449213,0.8227588292221539,0.029921101760891584,2.7910622395782307,0.6388713453964066,0.9366294331897363,0.9129102257959301,0.7750185193006024,5.5821244791564615,0.9067083314288455,0.16720586181084918,1.587316049753297,123800.4133776636,0.748377895588113,1.0071760646375723,110121.34945141303,0.16835905851929198,7.948453982167146,75.55538159286685,606.4292881970681,10.453798297314997,0.1406365758232163,0.01452946483615863,0.1129280618917816,0.0021242518159240212,3809.0466474236628,0.5031564764555595,0.25695623519572364,6.854408275227397,2799.662061674716,24548.800378972483,329.11300014878793,0.1727683547717347,6.151262278074302,432.7314398279941,0.0564463675218963,0.04573371618558259,2242.255213646771,0.09602068537029824,0.6341462672987318,0.01763503800926149,78.16455696202532,0.4947123858356033,0.3225845217112642,5.955696202531645,98528019.19620253,866550519.4746835,11508727.668688469,0.2120253164556962,2.607594936708861,0.01650376542220798,0.04943281509850511,0.32978224392456545,0.013854793204888348,6.661066349305962,0.0009551156113042164,97431823.44932702,164.22470661816266,0.0004053214206351379,0.20921080916536122,0.0008424745913157991,0.0024193555655691633
0,1383,49,0.8723477065084929,104.85722142990899,111.95731329395147,7208.76,91.4719566252343,1633.02766209601,0.22653378141261604,7210.000000000002,0.18430693379051497,0.909438561364915,1.9351091256795798,180764794345.35416,0.9518264787237252,0.48740846984942743,3.3318360858893907,2.752871890584258,0.3106550768810604,1.4269018721463804,1.4302670394016843,-0.014679028618398175,2.767550919202656,0.20649834838602,1001.4269828180052,-0.06758123257937697,7230591773.814168,0.6419169290917799,0.1621227277876563,8.809150386892743,3.029367817790914,-0.1757797159310453,0.8063506869162144,0.03224363061486941,0.9230762202002551,0.03224363061486941,0.2042293122575782,0.03115196398062561,0.9838781846925653,0.9838781846925653,0.9981033158461842,0.9935512738770261,-0.7787656146732884,0.8780565079531557,0.03224363061486941,2.9352381792897067,0.6148226774309515,1.1582343127756582,0.924433865005913,0.7701972689038685,5.870476358579413,1.12599068216079,0.20964857938277098,1.821825725093038,132836.84424965325,0.7369589140063981,1.0586615872468697,115705.52646879334,0.21074882576787904,8.839284327323162,75.26142579750346,664.551117891817,9.47432408691632,0.12668916628139928,0.014647434616369791,0.12987761550944926,0.001884118906683165,3719.5846264415686,0.4276548761923828,0.4153535093846098,8.959328346533967,1929.3201333001648,17142.14945713696,227.04440250828398,0.13763486195394095,6.605169809835666,467.13489264678253,0.05281892165096774,0.0482371705963939,1408.1201054163512,0.09853367626643834,0.9188504894099532,0.013948992243378418,72.3717277486911,0.37890956936487485,0.8389024423672596,9.13089005235602,95478004.58638744,858215893.2198952,10677568.667466551,0.16364892379290283,3.2408376963350785,0.01696773663002659,0.04358196345274388,0.36201525255840117,0.006955214811337823,6.961989691796779,0.001059639389736477,94587402.28656012,183.92859060851345,0.00038308690593429057,0.21489243439431874,0.0011309734612699992,0.0022772594205663823
0,1383,49,0.8409390374454822,119.41538810676539,128.73864998515404,9233.13999999997,100.42106153068198,1743.4124384068823,0.18882118525300037,9234.000000000002,0.19537972870555131,0.8746764973815258,1.6484653784131988,231444877197.07907,0.765319676656686,0.38034302599456793,4.468547695108476,2.442632984537162,0.24934919522606844,1.2875655782206894,1.3189415519085241,-0.29793585697526886,2.740568841512431,0.16023680887041353,1001.2876206528258,-0.6332432736373019,9257795087.883165,0.7025811008454456,0.1102910376818579,8.284573082238394,1.98473041878046,-0.6206919119432216,0.616014613685862,0.029089831700474397,0.9098267265043687,0.029089831700474397,0.1888337753210899,0.02820751901368831,0.9854550841497628,0.9854550841497628,0.9982888334293838,0.9941820336599052,-0.7590744422237032,0.8289122182819111,0.029089831700474397,2.8526902886217704,0.6750730900142766,0.951474111739278,0.9156317649616478,0.8080782783937652,5.705380577243541,0.9223842800388045,0.1612761113465841,1.5594121696248056,175565.5642365172,0.7605179304159291,0.9210804980079224,162190.8471301711,0.16089672267583394,8.298947368421052,75.92260775395279,634.4800173272688,10.031951152744687,0.13407795466031333,0.014278868867194877,0.11666641060827543,0.001976152841986196,4850.408972198558,0.49415079977292903,0.30043499590302064,7.4174547870310095,2523.311274121249,22231.82644422188,295.3785642062626,0.16365488822910992,6.528192088673411,475.0939671909102,0.04791349798423186,0.042457223305176525,1866.8176142668085,0.07481818911578861,0.5332056955669388,0.012997655181396553,100.6413043478261,0.5469636105860114,0.4567284971644613,5.994565217391305,193158225.92391303,1734551903.5869565,21575668.378057066,0.21973128019323673,2.369565217391304,0.012878071833648393,0.0315097972343434,0.23322864898662565,0.005352964062881769,6.9962817929664585,0.0007970543643058263,191584155.6704868,208.27435285544027,0.00031361978601610567,0.1942951132404438,0.0007751036199118148,0.0018407432237565122
0,1383,49,0.765297574427482,118.13771588913565,123.17808246599719,8286.800000000017,90.41050741835852,1518.7683691847333,0.1832756153382162,8288.000000000002,0.21247450053896058,0.7141002418773044,1.4592802364588675,207660202484.51004,0.9302300870356978,0.3937218902122652,3.508248507308019,2.0399568232767007,0.23652904304473377,1.1098664416560817,1.137102335853609,-0.5625010541279301,2.602457877404631,0.16287996624063983,1001.1099112794365,-0.4314824512786927,8306408099.3804035,0.5556238915918814,0.08977509077097634,7.32684320018175,1.262899637287415,-0.5967965920669496,0.8627346969343921,0.03484301193218911,0.9223548452554985,0.03484301193218911,0.21695159748306247,0.03357698486255853,0.9825784940339054,0.9825784940339054,0.9979504110628123,0.9930313976135622,-0.7679508628748442,0.8713447280207646,0.03484301193218911,2.668308485377794,0.5232747959210057,1.1445026691021054,0.9228140839477716,0.6521737843152837,5.336616970755588,1.1096596571699175,0.2243944272166453,1.8170474783399375,152522.04014478764,0.7361102323590137,1.0437254281204813,115125.27033783784,0.2247804327743698,7.338508687258687,75.31401544401544,556.996027992278,11.770242720398972,0.1581006006006006,0.014631986441616542,0.10559969132762498,0.0023726947129231093,4886.442581544926,0.4939476792824694,0.26367852233336225,6.579209892414673,2078.84900350707,17003.251726083683,278.5000753662266,0.18236711633942843,6.3845513707324315,484.54149058241495,0.04765384422267173,0.047747345559845555,1561.3555645900155,0.09245794629427578,0.5978007373387197,0.017486186394847142,106.22270742358079,0.4638546175702218,0.32512728590225204,6.283842794759825,82661470.97816594,711566840.6419214,10084272.452632217,0.2082120329936924,3.663755458515284,0.015998932133254515,0.05631744667427328,0.37443194845805033,0.010245841434880356,7.041019646605577,0.0011052123552123551,81842801.616407,267.2225223123905,0.0002804733583173973,0.24300746369655163,0.0013062906680472595,0.0016639731379243425
