group_name,m_id,day_of_study,10Percentile,90Percentile,Energy,Entropy,InterquartileRange,Kurtosis,Maximum,MeanAbsoluteDeviation,Mean,Median,Minimum,Range,RobustMeanAbsoluteDeviation,RootMeanSquared,Skewness,TotalEnergy,Uniformity,Variance,Elongation,MajorAxisLength,MaximumDiameter,MeshSurface,MinorAxisLength,Perimeter,PerimeterSurfaceRatio,PixelSurface,Sphericity,Autocorrelation,ClusterProminence,ClusterShade,ClusterTendency,Contrast,Correlation,DifferenceAverage,DifferenceEntropy,DifferenceVariance,Id,Idm,Idmn,Idn,Imc1,Imc2,InverseVariance,JointAverage,JointEnergy,JointEntropy,MCC,MaximumProbability,SumAverage,SumEntropy,SumSquares,GrayLevelNonUniformity,GrayLevelNonUniformityNormalized,GrayLevelVariance,HighGrayLevelRunEmphasis,LongRunEmphasis,LongRunHighGrayLevelEmphasis,LongRunLowGrayLevelEmphasis,LowGrayLevelRunEmphasis,RunEntropy,RunLengthNonUniformity,RunLengthNonUniformityNormalized,RunPercentage,RunVariance,ShortRunEmphasis,ShortRunHighGrayLevelEmphasis,ShortRunLowGrayLevelEmphasis,HighGrayLevelZoneEmphasis,LargeAreaEmphasis,LargeAreaHighGrayLevelEmphasis,LargeAreaLowGrayLevelEmphasis,LowGrayLevelZoneEmphasis,SizeZoneNonUniformity,SizeZoneNonUniformityNormalized,SmallAreaEmphasis,SmallAreaHighGrayLevelEmphasis,SmallAreaLowGrayLevelEmphasis,ZoneEntropy,ZonePercentage,ZoneVariance,Busyness,Coarseness,Complexity,Strength,DependenceEntropy,DependenceNonUniformity,DependenceNonUniformityNormalized,DependenceVariance,HighGrayLevelEmphasis,LargeDependenceEmphasis,LargeDependenceHighGrayLevelEmphasis,LargeDependenceLowGrayLevelEmphasis,LowGrayLevelEmphasis,SmallDependenceEmphasis,SmallDependenceHighGrayLevelEmphasis,SmallDependenceLowGrayLevelEmphasis
2,1258,24,0.510588264465332,0.7098039388656616,214.24581165870558,-3.203426503814917e-16,0.11372548341751099,4.178399619431712,0.772549033164978,0.06689906741628267,0.6168209258568007,0.6352941393852234,0.2235294133424759,0.5490196198225021,0.047287413611956534,0.6224344256313599,-0.8960318574537371,214.24581165870558,1.0,0.006956559636200081,0.7500361188486085,131.03903356356366,103.24727599312246,465.0,98.28400815168784,1075.474313554694,2.312847986139127,553.0,0.07107737270505923,1.0,0.0,0.0,0.0,0.0,1.0,0.0,-3.203426503814917e-16,0.0,1.0,1.0,1.0,1.0,0.0,0.0,0.0,1.0,1.0,-3.203426503814917e-16,1,1.0,2.0,-3.203426503814917e-16,0.0,553.0,1.0,0.0,1.0,3.9127859477124183,3.9127859477124183,3.9127859477124183,1.0,1.5895593360307856,143.25531045751634,0.428649391946321,0.6012658227848102,1.1205373133730616,0.6677369192438801,0.6677369192438801,0.6677369192438801,1.0,3205.15,3205.15,3205.15,1.0,3.8,0.19,0.4103615904418634,0.4103615904418634,0.4103615904418634,3.121928094887357,0.03616636528028933,2440.6274999999996,0.0,1000000.0,0.0,0.0,2.497123503685893,110.6998191681736,0.20018050482490704,1.904273582530272,1.0,19.459312839059674,19.459312839059674,19.459312839059674,1.0,0.09315861636999585,0.09315861636999585,0.09315861636999585
0,1284,15,0.4054902017116547,0.5356863021850585,34.69004364552201,-3.203426503814917e-16,0.047058820724487305,3.871227762769403,0.6117647290229797,0.03960431912275933,0.4555199131821141,0.43921568989753723,0.3294117748737335,0.2823529541492462,0.023918806092943754,0.4585222881831803,0.9684889270519659,34.69004364552201,1.0,0.0027442974552987125,0.6332915279064256,49.807076247494685,39.408120990476064,142.0,31.542399417327747,302.4751801064731,2.130106902158261,165.0,0.13965592324160053,1.0,0.0,0.0,0.0,0.0,1.0,0.0,-3.203426503814917e-16,0.0,1.0,1.0,1.0,1.0,0.0,0.0,0.0,1.0,1.0,-3.203426503814917e-16,1,1.0,2.0,-3.203426503814917e-16,0.0,165.0,1.0,0.0,1.0,4.5046273692890235,4.5046273692890235,4.5046273692890235,1.0,1.5971857905821745,39.57903687790906,0.41270396031394935,0.5787878787878787,1.507060934533012,0.6447267432434889,0.6447267432434889,0.6447267432434889,1.0,1617.625,1617.625,1617.625,1.0,3.5,0.4375,0.6562946642508276,0.6562946642508276,0.6562946642508276,1.5487949406953971,0.048484848484848485,1192.234375,0.0,1000000.0,0.0,0.0,2.5396979416242793,31.666666666666668,0.1919191919191919,2.172415059687787,1.0,21.266666666666666,21.266666666666666,21.266666666666666,1.0,0.10070576513433656,0.10070576513433656,0.10070576513433656
1,1263,29,0.5568627715110779,0.7058823704719543,67.16634060602203,-3.203426503814917e-16,0.06372548639774323,2.5402919722662207,0.7490196228027344,0.042555353129092525,0.6300420386805421,0.6313725709915161,0.49803921580314636,0.250980406999588,0.03118227571530694,0.6322971188171087,-0.030814621432165387,67.16634060602203,1.0,0.0028466759596832,0.8598783669007617,45.878468500901526,39.408120990476064,138.0,39.449902570463244,346.07315985292007,2.507776520673334,168.0,0.1203307315156376,1.0,0.0,0.0,0.0,0.0,1.0,0.0,-3.203426503814917e-16,0.0,1.0,1.0,1.0,1.0,0.0,0.0,0.0,1.0,1.0,-3.203426503814917e-16,1,1.0,2.0,-3.203426503814917e-16,0.0,168.0,1.0,0.0,1.0,3.530029652684226,3.530029652684226,3.530029652684226,1.0,1.433254010791662,51.30914905312708,0.47871078729034977,0.6354166666666666,1.0332571952430376,0.713129398452965,0.713129398452965,0.713129398452965,1.0,1712.888888888889,1712.888888888889,1712.888888888889,1.0,3.2222222222222223,0.35802469135802467,0.5684943883954601,0.5684943883954601,0.5684943883954601,1.8799649487271095,0.05357142857142857,1364.4444444444446,0.0,1000000.0,0.0,0.0,2.3325695352469284,38.45238095238095,0.22888321995464853,1.588293650793651,1.0,16.928571428571427,16.928571428571427,16.928571428571427,1.0,0.10930049400712669,0.10930049400712669,0.10930049400712669
1,1264,31,0.6784313917160034,0.8839215755462648,122.32251133141821,-3.203426503814917e-16,0.09803920984268188,2.840068697684085,0.9686274528503418,0.06310645814378851,0.7520432619847984,0.7254902124404907,0.6235294342041016,0.34509801864624023,0.04354696442827245,0.7560426709123447,0.9036901259492578,122.32251133141821,1.0,0.006031452343535919,0.7434877274629017,53.846915231573774,45.65084884205331,177.0,40.034520636410285,429.3696244092023,2.42581708705764,214.0,0.10983993013812864,1.0,0.0,0.0,0.0,0.0,1.0,0.0,-3.203426503814917e-16,0.0,1.0,1.0,1.0,1.0,0.0,0.0,0.0,1.0,1.0,-3.203426503814917e-16,1,1.0,2.0,-3.203426503814917e-16,0.0,214.0,1.0,0.0,1.0,3.572549869774904,3.572549869774904,3.572549869774904,1.0,1.5350119004188205,57.19999455848214,0.43168491562121125,0.6156542056074766,0.9027452120252638,0.6691201790227523,0.6691201790227523,0.6691201790227523,1.0,1173.6,1173.6,1173.6,1.0,3.0,0.3,0.5024023117481072,0.5024023117481072,0.5024023117481072,2.160964047443679,0.04672897196261682,715.64,0.0,1000000.0,0.0,0.0,2.3739421466670825,48.046728971962615,0.22451742510262904,1.6112324220455934,1.0,18.214953271028037,18.214953271028037,18.214953271028037,1.0,0.09852970627503337,0.09852970627503337,0.09852970627503337
1,1383,47,0.30980393290519714,0.41960784792900085,94.81210753103424,-3.203426503814917e-16,0.0627450942993164,5.586600128344144,0.5333333611488342,0.03986220068525819,0.3630180569492619,0.3607843220233917,0.11764705926179886,0.41568630188703537,0.026086302607631864,0.366982682297929,0.20311956174469753,94.81210753103424,1.0,0.0028941794353651742,0.8289247058207989,158.9870561460971,121.82364302548172,587.0,131.78829874521838,1394.133259845203,2.3750140712865466,704.0,0.06160552945134325,1.0,0.0,0.0,0.0,0.0,1.0,0.0,-3.203426503814917e-16,0.0,1.0,1.0,1.0,1.0,0.0,0.0,0.0,1.0,1.0,-3.203426503814917e-16,1,1.0,2.0,-3.203426503814917e-16,0.0,704.0,1.0,0.0,1.0,3.6658257240668424,3.6658257240668424,3.6658257240668424,1.0,1.5651875185865052,187.68160050229068,0.4339204730253589,0.6111505681818181,0.958762286472395,0.6753449437165325,0.6753449437165325,0.6753449437165325,1.0,1015.025641025641,1015.025641025641,1015.025641025641,1.0,8.487179487179487,0.2176199868507561,0.4610315882371969,0.4610315882371969,0.4610315882371969,3.12535719826175,0.05539772727272727,689.1768573307036,0.0,1000000.0,0.0,0.0,2.4685562575864646,144.01704545454547,0.20456966683884298,1.8172698217975207,1.0,18.71590909090909,18.71590909090909,18.71590909090909,1.0,0.10191547369421251,0.10191547369421251,0.10191547369421251
0,1281,13,0.007843137718737125,0.26274511218070984,1402.3488779211598,-3.203426503814917e-16,0.17254902329295874,3.329783943942233,0.7882353067398071,0.09453974556329123,0.09634273736619714,0.027450980618596077,0.0,0.7882353067398071,0.0749104306320074,0.14677121080508324,1.0992617637977609,1402.3488779211598,1.0,0.012259865277978144,0.9989417158527167,296.58431640849483,361.33225707096784,65084.5,296.2704459281069,1320.7178207935926,0.020292355642181972,65099.0,0.6847525850894983,1.0,0.0,0.0,0.0,0.0,1.0,0.0,-3.203426503814917e-16,0.0,1.0,1.0,1.0,1.0,0.0,0.0,0.0,1.0,1.0,-3.203426503814917e-16,1,1.0,2.0,-3.203426503814917e-16,0.0,65099.0,1.0,0.0,1.0,30882.516721346397,30882.516721346397,30882.516721346397,1.0,4.72818900003378,84.10085090358112,0.2354780875596724,0.0073541836280127185,7994.817978597139,0.11457093805763119,0.11457093805763119,0.11457093805763119,1.0,706183109.5,706183109.5,706183109.5,1.0,3.0,0.5,0.7083333333726684,0.7083333333726684,0.7083333333726684,1.251629167387822,9.216731439807063e-05,588464226.1388888,0.0,1000000.0,0.0,0.0,0.1557715852801232,62653.776786125745,0.9624383905455651,0.1904586524161306,1.0,80.1349175870597,80.1349175870597,80.1349175870597,1.0,0.012776929081551473,0.012776929081551473,0.012776929081551473
1,1263,17,0.3607843220233917,0.43921568989753723,64.55117452646027,-3.203426503814917e-16,0.04313725233078003,2.992588113262462,0.4941176474094391,0.025688368121194738,0.3984857369767557,0.39411765336990356,0.3294117748737335,0.16470587253570557,0.019039830435992722,0.39972507422788206,0.4618018493268618,64.55117452646027,1.0,0.0009892523925776843,0.8443765253560361,75.1270298189249,63.52952069707436,343.5,63.43550039882312,751.9869401394068,2.189190509867269,404.0,0.08736912866550534,1.0,0.0,0.0,0.0,0.0,1.0,0.0,-3.203426503814917e-16,0.0,1.0,1.0,1.0,1.0,0.0,0.0,0.0,1.0,1.0,-3.203426503814917e-16,1,1.0,2.0,-3.203426503814917e-16,0.0,404.0,1.0,0.0,1.0,4.25916392500141,4.25916392500141,4.25916392500141,1.0,1.6561704072930725,94.40048049439528,0.4029034176769013,0.5767326732673268,1.2313146013398928,0.6435876219038219,0.6435876219038219,0.6435876219038219,1.0,1914.923076923077,1914.923076923077,1914.923076923077,1.0,1.4615384615384615,0.11242603550295859,0.23788248585688573,0.23788248585688573,0.23788248585688573,3.334679141051591,0.03217821782178218,949.1479289940828,0.0,1000000.0,0.0,0.0,2.638705282928398,75.46534653465346,0.18679541221448878,2.4548573669248115,1.0,21.693069306930692,21.693069306930692,21.693069306930692,1.0,0.08321728427803098,0.08321728427803098,0.08321728427803098
1,1263,29,0.5615686535835266,0.6823529601097107,76.19722214439577,-3.203426503814917e-16,0.05882352590560913,4.092807802738108,0.7803921699523926,0.040006678052156706,0.6104511002014423,0.5960784554481506,0.5058823823928833,0.2745097875595093,0.026353585131374407,0.6126628551742989,1.0706716108432988,76.19722214439577,1.0,0.0027052283731725793,0.8978554706598472,42.33323584318678,37.44329045369811,177.0,38.00912739253878,378.94321753800915,2.1409221329831025,203.0,0.12445645512526114,1.0,0.0,0.0,0.0,0.0,1.0,0.0,-3.203426503814917e-16,0.0,1.0,1.0,1.0,1.0,0.0,0.0,0.0,1.0,1.0,-3.203426503814917e-16,1,1.0,2.0,-3.203426503814917e-16,0.0,203.0,1.0,0.0,1.0,4.0380871983777045,4.0380871983777045,4.0380871983777045,1.0,1.6380237211155309,48.73623746534948,0.4090711018444497,0.5849753694581281,1.104443589888465,0.6477906319894022,0.6477906319894022,0.6477906319894022,1.0,1520.142857142857,1520.142857142857,1520.142857142857,1.0,1.0,0.14285714285714285,0.15186750867664786,0.15186750867664786,0.15186750867664786,2.807354922057602,0.034482758620689655,679.1428571428571,0.0,1000000.0,0.0,0.0,2.440353503084977,41.07881773399015,0.20235870804921255,1.8038777936858452,1.0,20.467980295566502,20.467980295566502,20.467980295566502,1.0,0.07926331780659719,0.07926331780659719,0.07926331780659719
1,1380,19,0.572549045085907,0.6823529601097107,149.1875224782404,-3.203426503814917e-16,0.05686274170875549,5.482026034675298,0.7568627595901489,0.03708396691281247,0.6321653403201193,0.6392157077789307,0.3843137323856354,0.37254902720451355,0.024039456249223053,0.6341314549032266,-0.9077173933191961,149.1875224782404,1.0,0.002489684595630722,0.9449194303577657,69.65227183538295,59.80802621722272,320.0,65.81578502581431,672.4478348960054,2.1013994840500168,371.0,0.09430209076590021,1.0,0.0,0.0,0.0,0.0,1.0,0.0,-3.203426503814917e-16,0.0,1.0,1.0,1.0,1.0,0.0,0.0,0.0,1.0,1.0,-3.203426503814917e-16,1,1.0,2.0,-3.203426503814917e-16,0.0,371.0,1.0,0.0,1.0,4.761871859757889,4.761871859757889,4.761871859757889,1.0,1.6795198213866396,88.65605313481667,0.41899992211590065,0.5694070080862534,1.6661117181790261,0.6666046172095568,0.6666046172095568,0.6666046172095568,1.0,2961.25,2961.25,2961.25,1.0,2.0,0.16666666666666666,0.35790801938447325,0.35790801938447325,0.35790801938447325,2.9182958340544864,0.03234501347708895,2005.4097222222224,0.0,1000000.0,0.0,0.0,2.620967845170471,72.8544474393531,0.1963731736909787,2.985491241708502,1.0,22.741239892183287,22.741239892183287,22.741239892183287,1.0,0.0842741667396718,0.0842741667396718,0.0842741667396718
2,1359,16,0.2823529541492462,0.3729411840438844,56.529845660168846,-3.203426503814917e-16,0.054901957511901855,9.939729795827247,0.4117647111415863,0.032306907793765986,0.32690046228325137,0.3333333432674408,0.04313725605607033,0.368627455085516,0.02234512847106297,0.3297138784676357,-1.5765722505999034,56.529845660168846,1.0,0.0018473294131674083,0.8406050325193948,126.81568386143398,100.88111815399351,454.0,106.60190205631,964.337228564852,2.1240908118168544,520.0,0.07832563514387357,1.0,0.0,0.0,0.0,0.0,1.0,0.0,-3.203426503814917e-16,0.0,1.0,1.0,1.0,1.0,0.0,0.0,0.0,1.0,1.0,-3.203426503814917e-16,1,1.0,2.0,-3.203426503814917e-16,0.0,520.0,1.0,0.0,1.0,4.022764322664951,4.022764322664951,4.022764322664951,1.0,1.6082164682292164,126.92107699830655,0.4123015378110206,0.5918269230769231,1.154835229461802,0.6523975936446995,0.6523975936446995,0.6523975936446995,1.0,1115.4074074074074,1115.4074074074074,1115.4074074074074,1.0,3.3703703703703702,0.12482853223593965,0.3129408201705945,0.3129408201705945,0.3129408201705945,3.522993986280499,0.051923076923076926,744.4883401920438,0.0,1000000.0,0.0,0.0,2.472719146181509,105.12307692307692,0.20215976331360946,1.8334171597633135,1.0,20.026923076923076,20.026923076923076,20.026923076923076,1.0,0.08826892006802721,0.08826892006802721,0.08826892006802721
1,1263,45,0.2862745225429535,0.4117647111415863,75.0368359124212,-3.203426503814917e-16,0.06862744688987732,2.9546932561759944,0.46666666865348816,0.04209336068359541,0.3377428203821182,0.32156863808631897,0.20392157137393951,0.26274509727954865,0.030580308523632232,0.341610939635158,0.6098035585029432,75.0368359124212,1.0,0.0026278213587477735,0.9537480331146633,120.79373043991116,100.60318086422517,555.5,115.2067828196481,1141.047906683494,2.0540916411944083,643.0,0.07322225255698184,1.0,0.0,0.0,0.0,0.0,1.0,0.0,-3.203426503814917e-16,0.0,1.0,1.0,1.0,1.0,0.0,0.0,0.0,1.0,1.0,-3.203426503814917e-16,1,1.0,2.0,-3.203426503814917e-16,0.0,643.0,1.0,0.0,1.0,6.529814127265946,6.529814127265946,6.529814127265946,1.0,1.6350369881720583,151.78419587351522,0.42150826349981796,0.5602643856920685,3.301442943184432,0.6628189606545724,0.6628189606545724,0.6628189606545724,1.0,2789.7619047619046,2789.7619047619046,2789.7619047619046,1.0,3.9523809523809526,0.18820861678004536,0.4066502054944197,0.4066502054944197,0.4066502054944197,2.9637459942073288,0.03265940902021773,1852.235827664399,0.0,1000000.0,0.0,0.0,2.616276115850529,121.14307931570762,0.18840292273049397,3.1610331624940438,1.0,23.57231726283048,23.57231726283048,23.57231726283048,1.0,0.08386575004692275,0.08386575004692275,0.08386575004692275
1,1383,21,0.6549019813537598,0.843137264251709,150.63373193703455,-3.203426503814917e-16,0.11372548341751099,2.6238286618553874,0.9450980424880981,0.061801466438974745,0.7285186122320725,0.7019608020782471,0.6117647290229797,0.3333333134651184,0.04768652737727112,0.7321633034909429,0.7904332389978976,150.63373193703455,1.0,0.005323734610225781,0.8055424853370303,63.09071412176897,52.392747589718944,240.5,50.822250655337854,534.5655839020963,2.222725920590837,281.0,0.10283986018880664,1.0,0.0,0.0,0.0,0.0,1.0,0.0,-3.203426503814917e-16,0.0,1.0,1.0,1.0,1.0,0.0,0.0,0.0,1.0,1.0,-3.203426503814917e-16,1,1.0,2.0,-3.203426503814917e-16,0.0,281.0,1.0,0.0,1.0,4.1141244372338885,4.1141244372338885,4.1141244372338885,1.0,1.5848708027229645,69.37490008759202,0.4134527792660171,0.5934163701067615,1.2321963311444066,0.6540497086693158,0.6540497086693158,0.6540497086693158,1.0,870.4666666666667,870.4666666666667,870.4666666666667,1.0,2.3333333333333335,0.15555555555555556,0.35294705242264984,0.35294705242264984,0.35294705242264984,3.1329145639793947,0.05338078291814947,519.5288888888889,0.0,1000000.0,0.0,0.0,2.5088234918566465,57.77580071174377,0.20560783171439065,1.9325996377958738,1.0,20.01779359430605,20.01779359430605,20.01779359430605,1.0,0.09204559255493419,0.09204559255493419,0.09204559255493419
1,1380,25,0.49803921580314636,0.6431372761726379,157.767717434901,-3.203426503814917e-16,0.07843136787414551,3.3305861137015595,0.7333333492279053,0.04615784384414532,0.5649865901055755,0.5607843399047852,0.3843137323856354,0.3490196168422699,0.03234416533783078,0.5680082472883009,0.5104806033166491,157.767717434901,1.0,0.0034235219884019966,0.7884038840834765,101.06218007198028,75.0,415.0,79.67781530269298,968.2367235014639,2.333100538557744,489.0,0.07458430200141947,1.0,0.0,0.0,0.0,0.0,1.0,0.0,-3.203426503814917e-16,0.0,1.0,1.0,1.0,1.0,0.0,0.0,0.0,1.0,1.0,-3.203426503814917e-16,1,1.0,2.0,-3.203426503814917e-16,0.0,489.0,1.0,0.0,1.0,3.6610033959333936,3.6610033959333936,3.6610033959333936,1.0,1.5364180587482748,132.5114437885027,0.4388943177833278,0.6155419222903886,1.0071021880346223,0.6779672469230831,0.6779672469230831,0.6779672469230831,1.0,4240.944444444444,4240.944444444444,4240.944444444444,1.0,5.333333333333333,0.2962962962962963,0.5327760542011537,0.5327760542011537,0.5327760542011537,2.320802083934294,0.03680981595092025,3502.9166666666665,0.0,1000000.0,0.0,0.0,2.3950604051586173,102.77505112474438,0.21017392868045884,1.6854814089937726,1.0,18.296523517382415,18.296523517382415,18.296523517382415,1.0,0.09773533612490669,0.09773533612490669,0.09773533612490669
2,1360,22,0.7019608020782471,0.8823529481887817,403.4935300813361,-3.203426503814917e-16,0.09803920984268188,3.4556559643115143,0.9529411792755127,0.05713660050139879,0.7907965810503811,0.7921568751335144,0.4901960790157318,0.4627451002597809,0.042466814641876044,0.7940142572725553,-0.42710537770664225,403.4935300813361,1.0,0.005099408151115645,0.8879023799171643,141.88349517961274,110.72488428533127,535.0,125.97869304094365,1261.7829714197758,2.358472843775282,640.0,0.06498261155287727,1.0,0.0,0.0,0.0,0.0,1.0,0.0,-3.203426503814917e-16,0.0,1.0,1.0,1.0,1.0,0.0,0.0,0.0,1.0,1.0,-3.203426503814917e-16,1,1.0,2.0,-3.203426503814917e-16,0.0,640.0,1.0,0.0,1.0,3.599004919393477,3.599004919393477,3.599004919393477,1.0,1.5187778988814524,174.07955529762668,0.4381909142442236,0.61953125,0.9795921169876385,0.6739810833485992,0.6739810833485992,0.6739810833485992,1.0,796.4864864864865,796.4864864864865,796.4864864864865,1.0,4.297297297297297,0.11614317019722425,0.31470562656564643,0.31470562656564643,0.31470562656564643,3.7071882595350543,0.0578125,497.28999269539815,0.0,1000000.0,0.0,0.0,2.463805524902815,130.78125,0.204345703125,1.8293359374999998,1.0,18.18125,18.18125,18.18125,1.0,0.09928608655557129,0.09928608655557129,0.09928608655557129
1,1380,41,0.49803921580314636,0.8235294222831726,365.3022375555446,-3.203426503814917e-16,0.1294117569923401,6.658338503444695,0.9647058844566345,0.1044375505909723,0.6874488699767325,0.7215686440467834,0.07058823853731155,0.894117645919323,0.05787956577169751,0.7035548889621767,-1.66167192548788,365.3022375555446,1.0,0.02240353295029428,0.8843142784463993,135.41518238541596,108.24047302187847,644.0,119.7495793018467,1298.854039231636,2.01685409818577,738.0,0.06926080204481597,1.0,0.0,0.0,0.0,0.0,1.0,0.0,-3.203426503814917e-16,0.0,1.0,1.0,1.0,1.0,0.0,0.0,0.0,1.0,1.0,-3.203426503814917e-16,1,1.0,2.0,-3.203426503814917e-16,0.0,738.0,1.0,0.0,1.0,5.273958809197502,5.273958809197502,5.273958809197502,1.0,1.7303731522397294,166.43381554235825,0.40770933982755664,0.5521680216802168,1.9744970447030759,0.6570274182761069,0.6570274182761069,0.6570274182761069,1.0,4949.68,4949.68,4949.68,1.0,4.12,0.1648,0.3862442430997271,0.3862442430997271,0.3862442430997271,3.262683189255488,0.03387533875338753,4078.2496,0.0,1000000.0,0.0,0.0,2.6532549519379547,134.59078590785907,0.18237233862853533,3.0615961986178126,1.0,24.062330623306234,24.062330623306234,24.062330623306234,1.0,0.08175806798931556,0.08175806798931556,0.08175806798931556
1,1264,37,0.686274528503418,0.8352941274642944,181.3395533445807,-3.203426503814917e-16,0.06372548639774323,3.7105525816301355,0.9803921580314636,0.04414215423166752,0.750612759962678,0.7411764860153198,0.6509804129600525,0.32941174507141113,0.030760466213667008,0.7527855632262184,0.8965456135634885,181.3395533445807,1.0,0.0032665887830259153,0.8603618949211924,64.28183571170216,56.60388679233962,277.0,55.30564198193285,578.5655839020963,2.08868441841912,320.0,0.1019746493351112,1.0,0.0,0.0,0.0,0.0,1.0,0.0,-3.203426503814917e-16,0.0,1.0,1.0,1.0,1.0,0.0,0.0,0.0,1.0,1.0,-3.203426503814917e-16,1,1.0,2.0,-3.203426503814917e-16,0.0,320.0,1.0,0.0,1.0,4.512815364295874,4.512815364295874,4.512815364295874,1.0,1.6794948491283221,72.61387243649237,0.39770188166902554,0.5695312499999999,1.4215986755859387,0.6395610796557163,0.6395610796557163,0.6395610796557163,1.0,1401.6,1401.6,1401.6,1.0,2.3333333333333335,0.15555555555555556,0.33263225830627074,0.33263225830627074,0.33263225830627074,2.9232314287976178,0.046875,946.4888888888888,0.0,1000000.0,0.0,0.0,2.6140150589822113,59.4875,0.1858984375,2.4030859375,1.0,22.15,22.15,22.15,1.0,0.08632168396872639,0.08632168396872639,0.08632168396872639
1,1263,17,0.29019609093666077,0.35686275362968445,26.469405750270468,-3.203426503814917e-16,0.03431372344493866,3.642700553001501,0.4156862795352936,0.021787606544494627,0.32415687322616576,0.32156863808631897,0.2549019753932953,0.1607843041419983,0.015262971882923292,0.3253884186646505,0.6748043011903622,26.469405750270468,1.0,0.0007999445413173719,0.8020742714364306,66.18957718326631,52.80151512977634,217.0,53.08895689595372,466.58282784479894,2.1501512803907787,250.0,0.11191957388809268,1.0,0.0,0.0,0.0,0.0,1.0,0.0,-3.203426503814917e-16,0.0,1.0,1.0,1.0,1.0,0.0,0.0,0.0,1.0,1.0,-3.203426503814917e-16,1,1.0,2.0,-3.203426503814917e-16,0.0,250.0,1.0,0.0,1.0,3.9613550215295685,3.9613550215295685,3.9613550215295685,1.0,1.6213116407671682,61.436872149598614,0.41495225633762806,0.592,1.1005372928611334,0.6561280505642465,0.6561280505642465,0.6561280505642465,1.0,1395.6666666666667,1395.6666666666667,1395.6666666666667,1.0,2.1666666666666665,0.18055555555555555,0.3854638539053061,0.3854638539053061,0.3854638539053061,2.7516291673878204,0.048,961.638888888889,0.0,1000000.0,0.0,0.0,2.4608255072085172,50.336,0.201344,1.834304,1.0,20.016,20.016,20.016,1.0,0.0909124716553288,0.0909124716553288,0.0909124716553288
0,1284,27,0.38823530077934265,0.576862770318985,19.021854383905158,-3.203426503814917e-16,0.13431374728679657,1.747709870181154,0.6274510025978088,0.06696079410612583,0.48186275996267797,0.48235294222831726,0.3490196168422699,0.27843138575553894,0.05638741318023566,0.4876199132508992,0.10884151589983078,19.021854383905158,1.0,0.005581460359965111,0.8811798260007395,20.6342496254212,21.2602916254693,65.0,18.18248449458448,165.27922061357916,2.54275724020891,80.0,0.17291925433717284,1.0,0.0,0.0,0.0,0.0,1.0,0.0,-3.203426503814917e-16,0.0,1.0,1.0,1.0,1.0,0.0,0.0,0.0,1.0,1.0,-3.203426503814917e-16,1,1.0,2.0,-3.203426503814917e-16,0.0,80.0,1.0,0.0,1.0,3.4218088178667694,3.4218088178667694,3.4218088178667694,1.0,1.4483556009246448,23.242707932229496,0.4549772479095783,0.63125,0.8491717290518427,0.6852823227096728,0.6852823227096728,0.6852823227096728,1.0,515.4285714285714,515.4285714285714,515.4285714285714,1.0,1.5714285714285714,0.22448979591836735,0.24750135657058955,0.24750135657058955,0.24750135657058955,2.2359263506290312,0.0875,384.81632653061223,0.0,1000000.0,0.0,0.0,2.4155754128611555,16.175,0.2021875,1.8224999999999998,1.0,17.425,17.425,17.425,1.0,0.10360926870748302,0.10360926870748302,0.10360926870748302
0,1285,21,0.2823529541492462,0.4388235330581666,63.00275532937475,-3.203426503814917e-16,0.06372548639774323,3.3356400242871196,0.5254902243614197,0.04534348750409917,0.36041875148855024,0.364705890417099,0.18039216101169586,0.3450980633497238,0.029840039501064702,0.36534971442909475,-0.35367162849164435,63.00275532937475,1.0,0.003578737408855747,0.6661743998972496,109.14271502086787,89.80534505250787,405.0,72.70808268218319,903.2245301926437,2.2301840251670213,472.0,0.07898356274900165,1.0,0.0,0.0,0.0,0.0,1.0,0.0,-3.203426503814917e-16,0.0,1.0,1.0,1.0,1.0,0.0,0.0,0.0,1.0,1.0,-3.203426503814917e-16,1,1.0,2.0,-3.203426503814917e-16,0.0,472.0,1.0,0.0,1.0,3.7797954407350036,3.7797954407350036,3.7797954407350036,1.0,1.595467964390176,119.08109724748874,0.418833517263207,0.6011652542372882,0.9976408304997835,0.6586819802932818,0.6586819802932818,0.6586819802932818,1.0,1318.7619047619048,1318.7619047619048,1318.7619047619048,1.0,1.9523809523809523,0.09297052154195011,0.23513623690688662,0.23513623690688662,0.23513623690688662,3.689703732199544,0.04449152542372881,813.5827664399092,0.0,1000000.0,0.0,0.0,2.441635926484995,96.35593220338983,0.2041439241597242,1.789913099683999,1.0,19.35169491525424,19.35169491525424,19.35169491525424,1.0,0.08707705186594411,0.08707705186594411,0.08707705186594411
0,1276,23,0.3294117748737335,0.3960784375667572,28.810889374794584,-3.203426503814917e-16,0.0313725471496582,3.6309842091573006,0.4470588266849518,0.02043727520132752,0.3642338497771157,0.364705890417099,0.2823529541492462,0.16470587253570557,0.013746758214821499,0.3652173970466501,-0.1969091534108785,28.810889374794584,1.0,0.0007174497820719843,0.8965798484234697,48.2675925411412,44.721359549995796,181.0,43.27575080430218,434.541197284456,2.400780095494232,216.0,0.10975220715499162,1.0,0.0,0.0,0.0,0.0,1.0,0.0,-3.203426503814917e-16,0.0,1.0,1.0,1.0,1.0,0.0,0.0,0.0,1.0,1.0,-3.203426503814917e-16,1,1.0,2.0,-3.203426503814917e-16,0.0,216.0,1.0,0.0,1.0,3.5044726917873166,3.5044726917873166,3.5044726917873166,1.0,1.5104522015316513,60.45551434298032,0.44766188565855536,0.6226851851851852,0.9042059192755851,0.6871711877034431,0.6871711877034431,0.6871711877034431,1.0,2966.6666666666665,2966.6666666666665,2966.6666666666665,1.0,4.333333333333333,0.48148148148148145,0.6671160276439962,0.6671160276439962,0.6671160276439962,1.446616667628207,0.041666666666666664,2390.6666666666665,0.0,1000000.0,0.0,0.0,2.337141835999647,49.50925925925926,0.22920953360768176,1.5366941015089164,1.0,17.685185185185187,17.685185185185187,17.685185185185187,1.0,0.1034004485281767,0.1034004485281767,0.1034004485281767
0,1281,19,0.2862745225429535,0.3843137323856354,15.983299727243278,-3.203426503814917e-16,0.03529411554336548,3.565204549095094,0.4274509847164154,0.028577348351096914,0.323178818387701,0.3137255012989044,0.24705882370471954,0.18039216101169586,0.018683559719655313,0.3253454580408896,0.8678213921875483,15.983299727243278,1.0,0.001405118413365638,0.7730081988054782,39.70018064496366,35.34119409414458,129.5,30.688565132615466,289.74725804511513,2.237430564054943,151.0,0.13922604343409775,1.0,0.0,0.0,0.0,0.0,1.0,0.0,-3.203426503814917e-16,0.0,1.0,1.0,1.0,1.0,0.0,0.0,0.0,1.0,1.0,-3.203426503814917e-16,1,1.0,2.0,-3.203426503814917e-16,0.0,151.0,1.0,0.0,1.0,3.625743250823568,3.625743250823568,3.625743250823568,1.0,1.55252691444486,39.79792119246499,0.43022901149260917,0.6109271523178808,0.9321697622469836,0.6702821619235734,0.6702821619235734,0.6702821619235734,1.0,821.0,821.0,821.0,1.0,1.0,0.14285714285714285,0.04374238843510643,0.04374238843510643,0.04374238843510643,2.807354922057602,0.046357615894039736,355.67346938775506,0.0,1000000.0,0.0,0.0,2.4216967338180595,32.6953642384106,0.21652559098285162,1.940967501425376,1.0,18.85430463576159,18.85430463576159,18.85430463576159,1.0,0.08453374058723317,0.08453374058723317,0.08453374058723317
1,1383,33,0.5882353186607361,0.707843154668808,127.47945463090359,-3.203426503814917e-16,0.0627450942993164,4.970041044750218,0.8509804010391235,0.04071686614801772,0.6431500917556239,0.6352941393852234,0.5215686559677124,0.32941174507141113,0.026302554618974253,0.6454452145128922,1.1770580517264018,127.47945463090359,1.0,0.0029574844123259622,0.9884601376257158,62.93151214030028,55.758407437802596,249.5,62.20529115119562,636.3056992722742,2.550323443977051,306.0,0.08799832260317304,1.0,0.0,0.0,0.0,0.0,1.0,0.0,-3.203426503814917e-16,0.0,1.0,1.0,1.0,1.0,0.0,0.0,0.0,1.0,1.0,-3.203426503814917e-16,1,1.0,2.0,-3.203426503814917e-16,0.0,306.0,1.0,0.0,1.0,3.477177178324123,3.477177178324123,3.477177178324123,1.0,1.4461249447777158,93.25659892550883,0.4752816611056457,0.6388888888888888,1.0079082861622966,0.7099745055888828,0.7099745055888828,0.7099745055888828,1.0,1153.4285714285713,1153.4285714285713,1153.4285714285713,1.0,2.4285714285714284,0.17346938775510204,0.36305490308795746,0.36305490308795746,0.36305490308795746,2.9780948881692573,0.0457516339869281,675.6938775510203,0.0,1000000.0,0.0,0.0,2.4059186772122727,64.85620915032679,0.21194839591610065,1.713144517066086,1.0,16.836601307189543,16.836601307189543,16.836601307189543,1.0,0.10552585849154476,0.10552585849154476,0.10552585849154476
1,1263,14,0.019607843831181526,0.5058823823928833,5481.675717989055,-3.203426503814917e-16,0.3137254975736141,3.842852739591608,1.0,0.17782335865499016,0.200229826660181,0.08627451211214066,0.0,1.0,0.13228759533754939,0.29222194957613495,1.2369298585437571,5481.675717989055,1.0,0.04530168432971103,0.9978854706043788,298.6124327784421,361.33225707096784,64170.0,297.9810080114341,1481.026478658695,0.023079733187762116,64193.0,0.6063287039813412,1.0,0.0,0.0,0.0,0.0,1.0,0.0,-3.203426503814917e-16,0.0,1.0,1.0,1.0,1.0,0.0,0.0,0.0,1.0,1.0,-3.203426503814917e-16,1,1.0,2.0,-3.203426503814917e-16,0.0,64193.0,1.0,0.0,1.0,25593.525867687917,25593.525867687917,25593.525867687917,1.0,4.9194069612344125,68.56485857312802,0.16606189846047803,0.008260246444316359,8164.496422352173,0.13915826334573514,0.13915826334573514,0.13915826334573514,1.0,514980325.375,514980325.375,514980325.375,1.0,6.25,0.78125,0.875000000030341,0.875000000030341,0.875000000030341,0.5435644431995957,0.0001246241802065646,450593743.359375,0.0,1000000.0,0.0,0.0,0.177575923682015,61482.981399841105,0.9577832692013319,0.21733958962294458,1.0,80.03223092860593,80.03223092860593,80.03223092860593,1.0,0.012869627470607553,0.012869627470607553,0.012869627470607553
1,1264,19,0.5215686559677124,0.658823549747467,154.6303078789981,-3.203426503814917e-16,0.0627450942993164,5.108549093679809,0.7411764860153198,0.04256826214461533,0.5899732847782698,0.594117671251297,0.32549020648002625,0.4156862795352936,0.027047003272102625,0.5928174406230082,-0.5819529309518291,154.6303078789981,1.0,0.0033640411547523797,0.8806274047638634,80.26892455190989,65.11528238439882,374.5,70.68701471133475,852.5554826343313,2.2765166425482812,440.0,0.08046521784850316,1.0,0.0,0.0,0.0,0.0,1.0,0.0,-3.203426503814917e-16,0.0,1.0,1.0,1.0,1.0,0.0,0.0,0.0,1.0,1.0,-3.203426503814917e-16,1,1.0,2.0,-3.203426503814917e-16,0.0,440.0,1.0,0.0,1.0,3.86423818052336,3.86423818052336,3.86423818052336,1.0,1.5620489605881132,118.87573848062459,0.4428241157752635,0.6085227272727273,1.1517986066025103,0.6855352931186116,0.6855352931186116,0.6855352931186116,1.0,2195.0666666666666,2195.0666666666666,2195.0666666666666,1.0,1.8,0.12,0.2884167153336701,0.2884167153336701,0.2884167153336701,3.373557262275182,0.03409090909090909,1334.6222222222223,0.0,1000000.0,0.0,0.0,2.453308198262633,93.86363636363636,0.21332644628099173,1.8553512396694218,1.0,18.927272727272726,18.927272727272726,18.927272727272726,1.0,0.08850949546485261,0.08850949546485261,0.08850949546485261
0,1276,15,0.3333333432674408,0.4470588266849518,51.37882569453298,-3.203426503814917e-16,0.039215683937072754,5.325416249357046,0.545098066329956,0.034095292369893594,0.37824807786738907,0.37254902720451355,0.16862745583057404,0.376470610499382,0.018166037401647416,0.3815089530897392,0.820999839524025,51.37882569453298,1.0,0.0024774728772544333,0.851539242682719,74.34356379810222,61.07372593840988,298.0,63.306462014970364,679.7026688919448,2.280881439234714,353.0,0.09003141768483508,1.0,0.0,0.0,0.0,0.0,1.0,0.0,-3.203426503814917e-16,0.0,1.0,1.0,1.0,1.0,0.0,0.0,0.0,1.0,1.0,-3.203426503814917e-16,1,1.0,2.0,-3.203426503814917e-16,0.0,353.0,1.0,0.0,1.0,4.418085365427043,4.418085365427043,4.418085365427043,1.0,1.5953366064865526,86.24288082105159,0.41332457899966896,0.5842776203966006,1.4269637614150652,0.6421739661760554,0.6421739661760554,0.6421739661760554,1.0,6230.714285714285,6230.714285714285,6230.714285714285,1.0,2.7142857142857144,0.3877551020408163,0.57146651690588,0.57146651690588,0.57146651690588,1.6644977792004598,0.019830028328611898,3687.673469387755,0.0,1000000.0,0.0,0.0,2.403982303574007,75.75920679886686,0.21461531671067097,1.6814034299288174,1.0,20.393767705382437,20.393767705382437,20.393767705382437,1.0,0.08163455608872444,0.08163455608872444,0.08163455608872444
1,1263,45,0.5215686559677124,0.769803935289383,244.6142543891761,-3.203426503814917e-16,0.14901959896087646,3.359123116020415,0.8588235378265381,0.08634858075887751,0.6479494803598229,0.6529411971569061,0.27450981736183167,0.5843137204647064,0.06448015857303369,0.6562460655672483,-0.5889940008572601,244.6142543891761,1.0,0.010820369473928549,0.8112362028591175,121.66235209403207,97.01546268507923,477.5,98.69690454367158,1096.5870119269,2.296517302464712,568.0,0.07063964730803397,1.0,0.0,0.0,0.0,0.0,1.0,0.0,-3.203426503814917e-16,0.0,1.0,1.0,1.0,1.0,0.0,0.0,0.0,1.0,1.0,-3.203426503814917e-16,1,1.0,2.0,-3.203426503814917e-16,0.0,568.0,1.0,0.0,1.0,3.995455169874899,3.995455169874899,3.995455169874899,1.0,1.605950290440382,141.74130249061068,0.4167856711077699,0.5950704225352113,1.1374057260814598,0.6550423630541942,0.6550423630541942,0.6550423630541942,1.0,1995.7,1995.7,1995.7,1.0,2.2,0.11,0.27689786378627146,0.27689786378627146,0.27689786378627146,3.5414460711655167,0.035211267605633804,1189.1399999999999,0.0,1000000.0,0.0,0.0,2.463354365062381,114.66901408450704,0.20188206705018846,1.8299940487998412,1.0,19.802816901408452,19.802816901408452,19.802816901408452,1.0,0.08550141623550829,0.08550141623550829,0.08550141623550829
1,1263,39,0.4882352948188782,0.6274510025978088,91.8833137584101,-3.203426503814917e-16,0.07843136787414551,2.95763255050787,0.7058823704719543,0.04434860296482104,0.5543985381923817,0.5529412031173706,0.3686274588108063,0.33725491166114807,0.03154011042474751,0.5571504290002559,0.1027982570116746,91.8833137584101,1.0,0.0030588613853194933,0.9589877250296169,51.8208180726534,45.65084884205331,253.0,49.695528432667544,516.9676041556493,2.04335021405395,296.0,0.10906913372068036,1.0,0.0,0.0,0.0,0.0,1.0,0.0,-3.203426503814917e-16,0.0,1.0,1.0,1.0,1.0,0.0,0.0,0.0,1.0,1.0,-3.203426503814917e-16,1,1.0,2.0,-3.203426503814917e-16,0.0,296.0,1.0,0.0,1.0,5.253207112654787,5.253207112654787,5.253207112654787,1.0,1.7322746330393968,63.96895575354877,0.3941325864790434,0.5456081081081081,1.8779610116867884,0.6365410575591444,0.6365410575591444,0.6365410575591444,1.0,1290.4615384615386,1290.4615384615386,1290.4615384615386,1.0,1.9230769230769231,0.14792899408284024,0.25987169088690965,0.25987169088690965,0.25987169088690965,2.968918563962094,0.04391891891891892,772.0236686390533,0.0,1000000.0,0.0,0.0,2.763590829615796,48.78378378378378,0.1648100803506209,3.691197954711469,1.0,25.175675675675677,25.175675675675677,25.175675675675677,1.0,0.08635523757175544,0.08635523757175544,0.08635523757175544
2,1261,10,0.01568627543747425,0.5686274766921997,6544.334037536191,-3.203426503814917e-16,0.34901961497962475,3.468586054541469,1.0,0.19761273703427984,0.21171121036310683,0.08235294371843338,0.0,1.0,0.1514329718531189,0.3165528386164507,1.149677895847516,6544.334037536191,1.0,0.05538406304272105,0.9999592642121778,296.1126296513722,361.33225707096784,65307.0,296.10056727011926,1120.568542494924,0.01715847523994249,65309.0,0.8084373552115417,1.0,0.0,0.0,0.0,0.0,1.0,0.0,-3.203426503814917e-16,0.0,1.0,1.0,1.0,1.0,0.0,0.0,0.0,1.0,1.0,-3.203426503814917e-16,1,1.0,2.0,-3.203426503814917e-16,0.0,65309.0,1.0,0.0,1.0,37647.34104019718,37647.34104019718,37647.34104019718,1.0,4.3904055393713435,103.42107571035386,0.35834520818611054,0.006385031159564532,4472.154449295366,0.026789373547610365,0.026789373547610365,0.026789373547610365,1.0,4265265481.0,4265265481.0,4265265481.0,1.0,1.0,1.0,2.3445199471277647e-10,2.3445199471277647e-10,2.3445199471277647e-10,-3.203426503814917e-16,1.531182532269672e-05,0.0,0.0,1000000.0,0.0,0.0,0.1329342615954952,63114.714618199636,0.9664014855257259,0.15329581356954697,1.0,80.2364605184584,80.2364605184584,80.2364605184584,1.0,0.012621583198874558,0.012621583198874558,0.012621583198874558
2,1258,18,0.43529412150382996,0.6549019813537598,132.9306660609346,-3.203426503814917e-16,0.14215688407421112,1.9061650177695342,0.686274528503418,0.07223465103994717,0.5432263985276222,0.5352941453456879,0.35686275362968445,0.3294117748737335,0.05756691482954148,0.5496500251418968,-0.03517951921031137,132.9306660609346,1.0,0.007020230081196701,0.8116016078896807,83.97261535169592,70.26378868236469,386.0,68.15230963813809,774.7148622007649,2.0070333217636396,440.0,0.08989938003450373,1.0,0.0,0.0,0.0,0.0,1.0,0.0,-3.203426503814917e-16,0.0,1.0,1.0,1.0,1.0,0.0,0.0,0.0,1.0,1.0,-3.203426503814917e-16,1,1.0,2.0,-3.203426503814917e-16,0.0,440.0,1.0,0.0,1.0,5.245065465054208,5.245065465054208,5.245065465054208,1.0,1.74327908355585,91.51521195396224,0.37860528907078683,0.5471590909090909,1.8870040047818515,0.6186615750051194,0.6186615750051194,0.6186615750051194,1.0,2410.285714285714,2410.285714285714,2410.285714285714,1.0,1.8571428571428572,0.1326530612244898,0.2927551657700783,0.2927551657700783,0.2927551657700783,3.2359263506290294,0.031818181818181815,1422.5306122448978,0.0,1000000.0,0.0,0.0,2.6109119620213783,83.6,0.19,2.4440289256198344,1.0,23.813636363636363,23.813636363636363,23.813636363636363,1.0,0.07500177011040107,0.07500177011040107,0.07500177011040107
1,1380,41,0.35686275362968445,0.49803921580314636,155.58468781836038,-3.203426503814917e-16,0.07843136787414551,2.7092154750351285,0.5764706134796143,0.04247874497966988,0.42950379391224375,0.43529412150382996,0.239215686917305,0.33725492656230927,0.031635190869825594,0.4326960339358649,-0.1985762598759209,155.58468781836038,1.0,0.002752348798816021,0.8098176152562149,169.00920705564687,129.40247292845683,716.5,136.8666330141478,1484.5596667163873,2.071960455989375,831.0,0.06391685125734035,1.0,0.0,0.0,0.0,0.0,1.0,0.0,-3.203426503814917e-16,0.0,1.0,1.0,1.0,1.0,0.0,0.0,0.0,1.0,1.0,-3.203426503814917e-16,1,1.0,2.0,-3.203426503814917e-16,0.0,831.0,1.0,0.0,1.0,4.8763204524018375,4.8763204524018375,4.8763204524018375,1.0,1.7444979060207462,179.83516326855028,0.388307115498003,0.5550541516245487,1.6076075058806034,0.6308011683741737,0.6308011683741737,0.6308011683741737,1.0,2409.9032258064517,2409.9032258064517,2409.9032258064517,1.0,4.741935483870968,0.1529656607700312,0.3825789382330767,0.3825789382330767,0.3825789382330767,3.573272590800619,0.03730445246690734,1691.3173777315296,0.0,1000000.0,0.0,0.0,2.6827399972040813,151.81347773766547,0.18268769884195604,2.735019788259111,1.0,23.524669073405537,23.524669073405537,23.524669073405537,1.0,0.08151943885813005,0.08151943885813005,0.08151943885813005
1,1383,45,0.3960784375667572,0.5960784554481506,156.7828304982375,-3.203426503814917e-16,0.09803923964500427,3.866978600015477,0.7137255072593689,0.06679445093620733,0.4918633821378848,0.48235294222831726,0.1882352977991104,0.5254902094602585,0.04296536407521187,0.4996540690232203,-0.040055055903026014,156.7828304982375,1.0,0.007724602003342144,0.8889504474592522,127.15227718032376,100.0,546.5,113.03207369491167,1181.4154390516367,2.1617848839005247,628.0,0.07014510555984918,1.0,0.0,0.0,0.0,0.0,1.0,0.0,-3.203426503814917e-16,0.0,1.0,1.0,1.0,1.0,0.0,0.0,0.0,1.0,1.0,-3.203426503814917e-16,1,1.0,2.0,-3.203426503814917e-16,0.0,628.0,1.0,0.0,1.0,4.175656852282369,4.175656852282369,4.175656852282369,1.0,1.6036931590171681,154.77671998581945,0.41497645350723283,0.5935509554140128,1.3290868670210936,0.652190085798445,0.652190085798445,0.652190085798445,1.0,3242.3529411764707,3242.3529411764707,3242.3529411764707,1.0,1.4705882352941178,0.08650519031141868,0.2148253143326387,0.2148253143326387,0.2148253143326387,3.69011651759366,0.027070063694267517,1877.702422145329,0.0,1000000.0,0.0,0.0,2.3867524028344898,133.42675159235668,0.21246298024260618,1.6500770822345734,1.0,19.726114649681527,19.726114649681527,19.726114649681527,1.0,0.0801447812405217,0.0801447812405217,0.0801447812405217
2,1361,16,0.3803921639919281,0.5576470851898193,86.714037621938,-3.203426503814917e-16,0.11568629741668701,2.188624921359903,0.6313725709915161,0.06013650276760043,0.44960457833399353,0.42352941632270813,0.34117648005485535,0.29019609093666077,0.04751145075955644,0.454922788754065,0.6757280963883352,86.714037621938,1.0,0.004810466868887553,0.8884531315820963,82.65807465953313,65.79513659838392,358.5,73.43782528180891,792.4722215136455,2.2105222357423866,419.0,0.08469650004888163,1.0,0.0,0.0,0.0,0.0,1.0,0.0,-3.203426503814917e-16,0.0,1.0,1.0,1.0,1.0,0.0,0.0,0.0,1.0,1.0,-3.203426503814917e-16,1,1.0,2.0,-3.203426503814917e-16,0.0,419.0,1.0,0.0,1.0,4.132859358256973,4.132859358256973,4.132859358256973,1.0,1.6103527706814436,108.15236271768761,0.43337694448941644,0.5948687350835322,1.2994303464444434,0.6767881951583475,0.6767881951583475,0.6767881951583475,1.0,1273.4705882352941,1273.4705882352941,1273.4705882352941,1.0,3.4705882352941178,0.2041522491349481,0.41529290993596,0.41529290993596,0.41529290993596,2.9314931674619107,0.0405727923627685,665.993079584775,0.0,1000000.0,0.0,0.0,2.5334257493218124,83.80190930787589,0.2000045568207062,2.321369780304282,1.0,20.307875894988065,20.307875894988065,20.307875894988065,1.0,0.09298327100662593,0.09298327100662593,0.09298327100662593
1,1270,33,0.545098066329956,0.7529411911964417,292.88497014123755,-3.203426503814917e-16,0.11372548341751099,2.401456069303765,0.843137264251709,0.0629135591718118,0.6446043373011857,0.6431372761726379,0.4627451002597809,0.3803921639919281,0.04720141700156814,0.6491665604641095,0.21571048188000166,292.88497014123755,1.0,0.0059024715573014665,0.8355942025603449,120.5091616940107,98.41239759298622,596.5,100.69675686692253,1313.1383104790964,2.201405382194629,695.0,0.06593252134802813,1.0,0.0,0.0,0.0,0.0,1.0,0.0,-3.203426503814917e-16,0.0,1.0,1.0,1.0,1.0,0.0,0.0,0.0,1.0,1.0,-3.203426503814917e-16,1,1.0,2.0,-3.203426503814917e-16,0.0,695.0,1.0,0.0,1.0,4.216689394700499,4.216689394700499,4.216689394700499,1.0,1.6418790281959301,170.02472800631648,0.4166129678585759,0.5852517985611511,1.2763116794087117,0.6619641850797472,0.6619641850797472,0.6619641850797472,1.0,5396.944444444444,5396.944444444444,5396.944444444444,1.0,5.0,0.2777777777777778,0.5035933587388915,0.5035933587388915,0.5035933587388915,2.5849625007211525,0.025899280575539568,3906.1265432098758,0.0,1000000.0,0.0,0.0,2.471515865077201,145.36546762589927,0.20915894622431552,2.0269427048289423,1.0,20.671942446043165,20.671942446043165,20.671942446043165,1.0,0.08383815464635093,0.08383815464635093,0.08383815464635093
2,1261,20,0.5258823812007904,0.7019608020782471,170.82091153361552,-3.203426503814917e-16,0.07450979948043823,3.824446666897148,0.8392156958580017,0.054575340665817935,0.6102811253044458,0.6039215922355652,0.3960784375667572,0.4431372582912445,0.032963370076904995,0.6147539106419673,0.5246400440604866,170.82091153361552,1.0,0.005479318746731272,0.782886160115106,106.30177403566748,83.09632964216891,391.5,83.2221876882074,853.2417741353463,2.1794170475998627,452.0,0.0822050892422596,1.0,0.0,0.0,0.0,0.0,1.0,0.0,-3.203426503814917e-16,0.0,1.0,1.0,1.0,1.0,0.0,0.0,0.0,1.0,1.0,-3.203426503814917e-16,1,1.0,2.0,-3.203426503814917e-16,0.0,452.0,1.0,0.0,1.0,4.1360396001126585,4.1360396001126585,4.1360396001126585,1.0,1.6006639536958436,114.23791991143119,0.42358618283284827,0.5951327433628318,1.2887319952855747,0.665945240557337,0.665945240557337,0.665945240557337,1.0,2022.8235294117646,2022.8235294117646,2022.8235294117646,1.0,2.5294117647058822,0.14878892733564014,0.3438041631129839,0.3438041631129839,0.3438041631129839,3.124843548509143,0.03761061946902655,1315.8892733564012,0.0,1000000.0,0.0,0.0,2.515348297838596,92.07522123893806,0.20370624167906648,1.960607721826298,1.0,19.92920353982301,19.92920353982301,19.92920353982301,1.0,0.08789555274338513,0.08789555274338513,0.08789555274338513
1,1264,21,0.5372549295425415,0.6921568810939789,124.2719502579127,-3.203426503814917e-16,0.10196077823638916,3.381395994707522,0.7607843279838562,0.05503428154566636,0.6137255120313972,0.6117647290229797,0.37254902720451355,0.38823530077934265,0.04065008081413707,0.6174158253597329,-0.5504780196023866,124.2719502579127,1.0,0.004543297286439542,0.7581230094676873,72.73704212962843,55.758407437802596,284.0,55.14362527909188,610.5067093990508,2.1496715119684886,326.0,0.09785289094348681,1.0,0.0,0.0,0.0,0.0,1.0,0.0,-3.203426503814917e-16,0.0,1.0,1.0,1.0,1.0,0.0,0.0,0.0,1.0,1.0,-3.203426503814917e-16,1,1.0,2.0,-3.203426503814917e-16,0.0,326.0,1.0,0.0,1.0,4.136288447969179,4.136288447969179,4.136288447969179,1.0,1.6376453610356403,80.08633090319064,0.4182408687390756,0.5866564417177914,1.2174428929352614,0.6641799234691073,0.6641799234691073,0.6641799234691073,1.0,3364.8888888888887,3364.8888888888887,3364.8888888888887,1.0,1.6666666666666667,0.18518518518518517,0.36180707343451374,0.36180707343451374,0.36180707343451374,2.641604167868591,0.027607361963190184,2052.8395061728393,0.0,1000000.0,0.0,0.0,2.499115738470514,66.38650306748467,0.2036395799616094,1.924310286424028,1.0,20.47239263803681,20.47239263803681,20.47239263803681,1.0,0.08254365166311924,0.08254365166311924,0.08254365166311924
1,1264,29,0.48627451062202454,0.6941176652908325,107.37272514501213,-3.203426503814917e-16,0.13921567797660828,2.1910540548218487,0.8235294222831726,0.07170129208189455,0.5964096643634744,0.5921568870544434,0.4274509847164154,0.3960784375667572,0.05605522353836359,0.6022837313571349,-0.02781439110455156,107.37272514501213,1.0,0.007041205311321136,0.930015272968871,54.72320852969308,50.0,251.0,50.89341971847496,570.465078838708,2.272769238401227,296.0,0.09844932178224133,1.0,0.0,0.0,0.0,0.0,1.0,0.0,-3.203426503814917e-16,0.0,1.0,1.0,1.0,1.0,0.0,0.0,0.0,1.0,1.0,-3.203426503814917e-16,1,1.0,2.0,-3.203426503814917e-16,0.0,296.0,1.0,0.0,1.0,4.009259347253656,4.009259347253656,4.009259347253656,1.0,1.5962500921568665,71.32338431533124,0.406706717614827,0.5895270270270271,1.100703404342286,0.6357484583441221,0.6357484583441221,0.6357484583441221,1.0,6342.75,6342.75,6342.75,1.0,2.5,0.3125,0.5143669120314399,0.5143669120314399,0.5143669120314399,1.9999999999999982,0.02702702702702703,4973.75,0.0,1000000.0,0.0,0.0,2.369045970520212,64.4054054054054,0.21758582907231555,1.5951424397370344,1.0,19.945945945945947,19.945945945945947,19.945945945945947,1.0,0.08404443984801127,0.08404443984801127,0.08404443984801127
1,1380,21,0.3490196168422699,0.4627451002597809,79.94709979762992,-3.203426503814917e-16,0.05098038911819458,4.473053403703565,0.5843137502670288,0.03541731038146164,0.40914200727220806,0.4156862795352936,0.22745098173618317,0.35686276853084564,0.021985273320644583,0.41199401134937547,-0.11383688494933893,79.94709979762992,1.0,0.0023418832730177433,0.9608610191832432,100.4819186402696,81.41252974819048,402.0,96.54915875417716,856.3544725075545,2.130235006237698,471.0,0.08299738098947078,1.0,0.0,0.0,0.0,0.0,1.0,0.0,-3.203426503814917e-16,0.0,1.0,1.0,1.0,1.0,0.0,0.0,0.0,1.0,1.0,-3.203426503814917e-16,1,1.0,2.0,-3.203426503814917e-16,0.0,471.0,1.0,0.0,1.0,4.838982843566494,4.838982843566494,4.838982843566494,1.0,1.70956768051698,107.81715850590231,0.4054904601131737,0.5610403397027601,1.632146908633012,0.651369910840097,0.651369910840097,0.651369910840097,1.0,1493.375,1493.375,1493.375,1.0,5.0,0.20833333333333334,0.44558215910331894,0.44558215910331894,0.44558215910331894,3.00270548192794,0.050955414012738856,1108.234375,0.0,1000000.0,0.0,0.0,2.6873550028830895,84.31210191082802,0.17900658579793635,2.967485721755672,1.0,23.32271762208068,23.32271762208068,23.32271762208068,1.0,0.09135215114590303,0.09135215114590303,0.09135215114590303
1,1264,15,0.019607843831181526,0.48235294222831726,4653.404235711305,-3.203426503814917e-16,0.29411765560507774,3.4150411588399336,1.0,0.16568575777361205,0.1842766281948146,0.07058823853731155,0.0,1.0,0.12921101051421857,0.269092450381321,1.1148272438945528,4653.404235711305,1.0,0.03845287115337377,0.9968016932155072,298.4574830687906,361.33225707096784,64246.0,297.50292447580904,1457.0853531617404,0.022679783226375812,64264.0,0.616656034898151,1.0,0.0,0.0,0.0,0.0,1.0,0.0,-3.203426503814917e-16,0.0,1.0,1.0,1.0,1.0,0.0,0.0,0.0,1.0,1.0,-3.203426503814917e-16,1,1.0,2.0,-3.203426503814917e-16,0.0,64264.0,1.0,0.0,1.0,26414.178896015568,26414.178896015568,26414.178896015568,1.0,4.87569539936463,70.63384741292629,0.175098874623741,0.00814219469687539,8261.317802891574,0.1295143388314091,0.1295143388314091,0.1295143388314091,1.0,1376534882.0,1376534882.0,1376534882.0,1.0,1.6666666666666667,0.5555555555555556,0.6666666667473846,0.6666666667473846,0.6666666667473846,0.9182958340544889,4.66824349558073e-05,917661360.2222223,0.0,1000000.0,0.0,0.0,0.17579124040936203,61564.002583094734,0.9579858487348241,0.21080751562291544,1.0,80.0425743806797,80.0425743806797,80.0425743806797,1.0,0.01279735191104096,0.01279735191104096,0.01279735191104096
1,1383,27,0.3490196168422699,0.4627451002597809,42.34805227687479,-3.203426503814917e-16,0.0627450942993164,3.658228661235835,0.572549045085907,0.03683036549225885,0.3955350002545989,0.3843137323856354,0.3294117748737335,0.24313727021217346,0.02631949685597378,0.39825486483729516,1.0335487636110146,42.34805227687479,1.0,0.0021590009401667005,0.6722765163933805,69.02543619652558,52.80151512977634,227.5,46.404179788733764,517.4528855298879,2.2745181781533534,267.0,0.1033296169455954,1.0,0.0,0.0,0.0,0.0,1.0,0.0,-3.203426503814917e-16,0.0,1.0,1.0,1.0,1.0,0.0,0.0,0.0,1.0,1.0,-3.203426503814917e-16,1,1.0,2.0,-3.203426503814917e-16,0.0,267.0,1.0,0.0,1.0,3.5888538720174954,3.5888538720174954,3.5888538720174954,1.0,1.5241295861499302,72.20957462481338,0.4372782810970081,0.6170411985018727,0.943203155887581,0.6741229561435805,0.6741229561435805,0.6741229561435805,1.0,1024.8823529411766,1024.8823529411766,1024.8823529411766,1.0,2.411764705882353,0.14186851211072665,0.29445381407419674,0.29445381407419674,0.29445381407419674,3.057476076289928,0.06367041198501873,778.2076124567475,0.0,1000000.0,0.0,0.0,2.454652531988782,55.666666666666664,0.20848938826466917,1.7974442059784819,1.0,18.310861423220974,18.310861423220974,18.310861423220974,1.0,0.09665340730549397,0.09665340730549397,0.09665340730549397
1,1270,19,0.3764705955982208,0.5027451276779177,136.45504476099973,-3.203426503814917e-16,0.07058823108673096,4.223910392654298,0.5490196347236633,0.04110851812895915,0.4386827188926364,0.43921568989753723,0.1764705926179886,0.37254904210567474,0.028607088902507873,0.4418310268761612,-0.5964439637581338,136.45504476099973,1.0,0.002772128455407274,0.9243288610943408,128.48530749455227,100.88111815399351,608.0,118.76267794379567,1237.782971419778,2.035827255624635,699.0,0.07061748038498611,1.0,0.0,0.0,0.0,0.0,1.0,0.0,-3.203426503814917e-16,0.0,1.0,1.0,1.0,1.0,0.0,0.0,0.0,1.0,1.0,-3.203426503814917e-16,1,1.0,2.0,-3.203426503814917e-16,0.0,699.0,1.0,0.0,1.0,4.948314193380006,4.948314193380006,4.948314193380006,1.0,1.7635499235667007,151.3700999599434,0.3903345299714764,0.5522174535050072,1.6494562293342903,0.6364642037861352,0.6364642037861352,0.6364642037861352,1.0,2334.76,2334.76,2334.76,1.0,5.64,0.2256,0.46050090278296113,0.46050090278296113,0.46050090278296113,2.8817062775743105,0.0357653791130186,1552.9984000000002,0.0,1000000.0,0.0,0.0,2.685927982626361,126.69098712446352,0.18124604738835984,2.7010300838516503,1.0,23.698140200286122,23.698140200286122,23.698140200286122,1.0,0.08342971264964419,0.08342971264964419,0.08342971264964419
0,1284,13,1.0,1.0,65145.0,-3.203426503814917e-16,0.0,0.0,1.0,0.0,1.0,1.0,1.0,0.0,0.0,1.0,0.0,65145.0,1.0,0.0,0.9996855478085702,296.4815356552723,361.33225707096784,65138.0,296.388306386667,1284.1492782986684,0.019714287793586974,65145.0,0.7045415814564551,1.0,0.0,0.0,0.0,0.0,1.0,0.0,-3.203426503814917e-16,0.0,1.0,1.0,1.0,1.0,0.0,0.0,0.0,1.0,1.0,-3.203426503814917e-16,1,1.0,2.0,-3.203426503814917e-16,0.0,65145.0,1.0,0.0,1.0,31767.81506982088,31767.81506982088,31767.81506982088,1.0,4.704520816692067,85.63324325197169,0.2502547768639865,0.0072338629211758385,7295.075851531169,0.09103311015789223,0.09103311015789223,0.09103311015789223,1.0,1413972357.6666667,1413972357.6666667,1413972357.6666667,1.0,1.0,0.3333333333333333,0.08530571999968535,0.08530571999968535,0.08530571999968535,1.5849625007211552,4.605111673958094e-05,942431132.6666665,0.0,1000000.0,0.0,0.0,0.1526097122059186,62712.21326272162,0.962655817986363,0.18278957240459495,1.0,80.14446235321206,80.14446235321206,80.14446235321206,1.0,0.012699542675707566,0.012699542675707566,0.012699542675707566
1,1383,43,0.5568627715110779,0.8654902040958404,279.0313533268743,-3.203426503814917e-16,0.15294116735458374,2.3439539576843824,0.9843137264251709,0.0891486405842208,0.7212618032598314,0.7333333492279053,0.4431372582912445,0.5411764681339264,0.06502987474203109,0.7297277455906926,-0.2636704580961749,279.0313533268743,1.0,0.012283993843250908,0.842730574973099,110.74562596638968,90.0,457.0,93.32872504641135,893.6681810065395,1.9555102429027122,524.0,0.08479822015362617,1.0,0.0,0.0,0.0,0.0,1.0,0.0,-3.203426503814917e-16,0.0,1.0,1.0,1.0,1.0,0.0,0.0,0.0,1.0,1.0,-3.203426503814917e-16,1,1.0,2.0,-3.203426503814917e-16,0.0,524.0,1.0,0.0,1.0,5.799474928605048,5.799474928605048,5.799474928605048,1.0,1.773063430010837,107.17919143759384,0.38267517322732214,0.5338740458015266,2.2642273982474004,0.6311861156864843,0.6311861156864843,0.6311861156864843,1.0,1858.6363636363637,1858.6363636363637,1858.6363636363637,1.0,6.0,0.2727272727272727,0.5170928325102406,0.5170928325102406,0.5170928325102406,2.729715809318645,0.04198473282442748,1291.3305785123966,0.0,1000000.0,0.0,0.0,2.7844557751406565,87.09160305343511,0.16620534933861664,3.365494435056232,1.0,25.729007633587788,25.729007633587788,25.729007633587788,1.0,0.08633357560935033,0.08633357560935033,0.08633357560935033
2,1261,24,0.6709804117679596,0.8627451062202454,338.0441951498644,-3.203426503814917e-16,0.09411764144897461,4.347161826207452,0.9450980424880981,0.06032644440265505,0.7578667347476244,0.7568627595901489,0.42352941632270813,0.52156862616539,0.0404790511683847,0.7621233170749471,-0.7348829412564871,338.0441951498644,1.0,0.0064699627922940334,0.8651119994772517,124.34444069491678,97.082439194738,494.5,107.57186771346001,1117.9595949289287,2.2607878562769033,582.0,0.07051182776262677,1.0,0.0,0.0,0.0,0.0,1.0,0.0,-3.203426503814917e-16,0.0,1.0,1.0,1.0,1.0,0.0,0.0,0.0,1.0,1.0,-3.203426503814917e-16,1,1.0,2.0,-3.203426503814917e-16,0.0,582.0,1.0,0.0,1.0,3.801274585201627,3.801274585201627,3.801274585201627,1.0,1.5630492943521934,155.8962455423807,0.43973740836508485,0.6086769759450171,1.0965488519403253,0.6816480325135333,0.6816480325135333,0.6816480325135333,1.0,1006.5806451612904,1006.5806451612904,1006.5806451612904,1.0,4.806451612903226,0.1550468262226847,0.37877917810228534,0.37877917810228534,0.37877917810228534,3.468591542483312,0.05326460481099656,654.1103017689907,0.0,1000000.0,0.0,0.0,2.557935669479458,112.34707903780068,0.19303621827800804,2.096349830540499,1.0,19.15807560137457,19.15807560137457,19.15807560137457,1.0,0.09994322813445093,0.09994322813445093,0.09994322813445093
1,1263,19,0.6121568858623505,0.7839215815067293,176.3592088613801,-3.203426503814917e-16,0.08039215207099915,2.9986999143153765,0.9058823585510254,0.05052589433082988,0.7048685559156266,0.7098039388656616,0.5568627715110779,0.3490195870399475,0.03399119445255825,0.7078280015087208,0.04410943313880786,176.3592088613801,1.0,0.004180798601248969,0.8692414302684006,70.81284199676487,57.14017850864661,300.5,61.55345605863816,650.205194208886,2.163744406685145,352.0,0.09450977638743077,1.0,0.0,0.0,0.0,0.0,1.0,0.0,-3.203426503814917e-16,0.0,1.0,1.0,1.0,1.0,0.0,0.0,0.0,1.0,1.0,-3.203426503814917e-16,1,1.0,2.0,-3.203426503814917e-16,0.0,352.0,1.0,0.0,1.0,4.516366592173552,4.516366592173552,4.516366592173552,1.0,1.6300108959026574,86.03041694712194,0.4197555280479931,0.5809659090909091,1.529718824186805,0.663577594099555,0.663577594099555,0.663577594099555,1.0,1514.1176470588234,1514.1176470588234,1514.1176470588234,1.0,3.4705882352941178,0.2041522491349481,0.4298983131141649,0.4298983131141649,0.4298983131141649,2.9314931674619107,0.048295454545454544,1085.3840830449826,0.0,1000000.0,0.0,0.0,2.6734986294007146,63.46590909090909,0.18030087809917356,2.8190857438016526,1.0,21.761363636363637,21.761363636363637,21.761363636363637,1.0,0.09607388278333219,0.09607388278333219,0.09607388278333219
2,1258,24,0.35686275362968445,0.545098066329956,110.40588044594374,-3.203426503814917e-16,0.1098039448261261,2.19360062895096,0.6078431606292725,0.059152466027504604,0.4540321786476595,0.46666666865348816,0.2666666805744171,0.34117648005485535,0.04565524537960751,0.45945740807966146,-0.2226780586601935,110.40588044594374,1.0,0.004955890591740413,0.8498608947976629,124.4580031229571,98.00510190801293,440.0,105.77198989880664,1027.6336931211335,2.335531120729849,523.0,0.0723590631271307,1.0,0.0,0.0,0.0,0.0,1.0,0.0,-3.203426503814917e-16,0.0,1.0,1.0,1.0,1.0,0.0,0.0,0.0,1.0,1.0,-3.203426503814917e-16,1,1.0,2.0,-3.203426503814917e-16,0.0,523.0,1.0,0.0,1.0,3.6668890635062734,3.6668890635062734,3.6668890635062734,1.0,1.5510723980116456,139.89125891411723,0.43491686323601186,0.6132887189292543,0.9901713676335426,0.6752462694986597,0.6752462694986597,0.6752462694986597,1.0,2138.391304347826,2138.391304347826,2138.391304347826,1.0,3.782608695652174,0.16446124763705103,0.3819041815900304,0.3819041815900304,0.3819041815900304,3.1863929342238144,0.04397705544933078,1621.3232514177694,0.0,1000000.0,0.0,0.0,2.4218642833843083,111.65774378585085,0.21349472999206665,1.7254477587385615,1.0,18.48374760994264,18.48374760994264,18.48374760994264,1.0,0.09517340411130815,0.09517340411130815,0.09517340411130815
1,1270,17,0.4156862795352936,0.5411764979362488,142.81471233023194,-3.203426503814917e-16,0.05882355570793152,7.704668693426139,0.6196078658103943,0.04341106912010024,0.4899016431828408,0.5058823823928833,0.16078431904315948,0.4588235467672348,0.025476836235979624,0.4936710576806403,-1.7538273427940152,142.81471233023194,1.0,0.0037074931982746975,0.9195065447309593,121.53363930552318,101.82828683622247,495.5,111.75097674640033,1125.574818618078,2.2715939830839114,586.0,0.07010554872435072,1.0,0.0,0.0,0.0,0.0,1.0,0.0,-3.203426503814917e-16,0.0,1.0,1.0,1.0,1.0,0.0,0.0,0.0,1.0,1.0,-3.203426503814917e-16,1,1.0,2.0,-3.203426503814917e-16,0.0,586.0,1.0,0.0,1.0,4.010300857896005,4.010300857896005,4.010300857896005,1.0,1.5841491814990711,149.6951472160836,0.4249461727035563,0.5994027303754267,1.2100802683261844,0.6608222218089862,0.6608222218089862,0.6608222218089862,1.0,2432.0,2432.0,2432.0,1.0,5.75,0.23958333333333334,0.47760792638788646,0.47760792638788646,0.47760792638788646,2.8327230088457243,0.040955631399317405,1835.826388888889,0.0,1000000.0,0.0,0.0,2.52508418844405,120.77133105802048,0.20609442160071753,2.080932800615033,1.0,19.761092150170647,19.761092150170647,19.761092150170647,1.0,0.0934945075078445,0.0934945075078445,0.0934945075078445
1,1263,37,0.37921569347381595,0.48627451062202454,57.85132036814825,-3.203426503814917e-16,0.047058820724487305,3.204211505688852,0.572549045085907,0.030995298924832205,0.42461463171731,0.42352941632270813,0.34117648005485535,0.23137256503105164,0.02117120882306417,0.42652361141536566,0.5274216612847956,57.85132036814825,1.0,0.001624805626379024,0.8957016098887282,63.92511634938078,55.758407437802596,285.5,57.25782962646461,536.72496346853,1.8799473326393343,318.0,0.11159794390898235,1.0,0.0,0.0,0.0,0.0,1.0,0.0,-3.203426503814917e-16,0.0,1.0,1.0,1.0,1.0,0.0,0.0,0.0,1.0,1.0,-3.203426503814917e-16,1,1.0,2.0,-3.203426503814917e-16,0.0,318.0,1.0,0.0,1.0,5.218893046120482,5.218893046120482,5.218893046120482,1.0,1.7305480127861967,66.14704586226188,0.37971256229957134,0.5479559748427673,1.8560662886324466,0.6186994985322045,0.6186994985322045,0.6186994985322045,1.0,2515.6363636363635,2515.6363636363635,2515.6363636363635,1.0,1.0,0.09090909090909091,0.13497309273636635,0.13497309273636635,0.13497309273636635,3.4594316186372938,0.03459119496855346,1679.900826446281,0.0,1000000.0,0.0,0.0,2.6495015671845668,57.9874213836478,0.18235038170958429,2.745896127526601,1.0,24.056603773584907,24.056603773584907,24.056603773584907,1.0,0.07279763489369659,0.07279763489369659,0.07279763489369659
1,1270,21,0.4117647111415863,0.6549019813537598,190.14795610420273,-3.203426503814917e-16,0.13333335518836975,2.4890088882393187,0.772549033164978,0.07553899546474224,0.538467712735456,0.545098066329956,0.2666666805744171,0.5058823525905609,0.055725073229950794,0.5463565004603631,-0.26982790864823847,190.14795610420273,1.0,0.008557947936741125,0.9401796724545012,130.39691452184368,103.24727599312246,543.0,122.59652838422457,1216.2854967367205,2.2399364580786747,637.0,0.06791556510200722,1.0,0.0,0.0,0.0,0.0,1.0,0.0,-3.203426503814917e-16,0.0,1.0,1.0,1.0,1.0,0.0,0.0,0.0,1.0,1.0,-3.203426503814917e-16,1,1.0,2.0,-3.203426503814917e-16,0.0,637.0,1.0,0.0,1.0,4.750615088026364,4.750615088026364,4.750615088026364,1.0,1.5814646630222589,159.96580583548825,0.4220066912648127,0.5930141287284144,1.8744713600662164,0.6562535701475962,0.6562535701475962,0.6562535701475962,1.0,3351.1739130434785,3351.1739130434785,3351.1739130434785,1.0,4.217391304347826,0.1833648393194707,0.4136319198253793,0.4136319198253793,0.4136319198253793,3.196199998970886,0.03610675039246468,2584.1247637051038,0.0,1000000.0,0.0,0.0,2.4519481638900906,131.21664050235478,0.20599158634592588,1.8262016073184497,1.0,19.93877551020408,19.93877551020408,19.93877551020408,1.0,0.08783060254452382,0.08783060254452382,0.08783060254452382
1,1263,43,0.5137255191802979,0.8117647171020508,230.37671255526402,-3.203426503814917e-16,0.2078431248664856,2.006470395321561,0.8901960849761963,0.10424333135742898,0.6662066987684185,0.658823549747467,0.34117648005485535,0.5490196049213409,0.08375106975423556,0.6767609568776881,-0.19103037515862362,230.37671255526402,1.0,0.014174027270089633,0.8948023007125578,99.92962302526863,81.00617260431454,433.5,89.41725659234895,929.5088014401057,2.144195620392401,503.0,0.0794046574390605,1.0,0.0,0.0,0.0,0.0,1.0,0.0,-3.203426503814917e-16,0.0,1.0,1.0,1.0,1.0,0.0,0.0,0.0,1.0,1.0,-3.203426503814917e-16,1,1.0,2.0,-3.203426503814917e-16,0.0,503.0,1.0,0.0,1.0,4.44876920608797,4.44876920608797,4.44876920608797,1.0,1.6812325804333668,116.74531250526685,0.40341002253593594,0.5725646123260437,1.3694124533288834,0.6454534519027788,0.6454534519027788,0.6454534519027788,1.0,3163.0625,3163.0625,3163.0625,1.0,3.75,0.234375,0.4758610858156885,0.4758610858156885,0.4758610858156885,2.646782221599795,0.03180914512922465,2174.74609375,0.0,1000000.0,0.0,0.0,2.5418907873244647,99.45328031809144,0.19772023920097703,2.263397744744258,1.0,21.795228628230618,21.795228628230618,21.795228628230618,1.0,0.08403157710326602,0.08403157710326602,0.08403157710326602
2,1260,16,0.4745098054409027,0.7019608020782471,181.59685860633962,-3.203426503814917e-16,0.13333332538604736,2.1438591190487912,0.800000011920929,0.0724654353866381,0.6021245343500631,0.6235294342041016,0.4000000059604645,0.4000000059604645,0.056972102744018566,0.6081537929324502,-0.40736221226013225,181.59685860633962,1.0,0.0072970809918452215,0.8109515833330384,88.80055562825832,71.7007670809734,429.5,72.01295118758965,880.0113267570471,2.048920434824324,491.0,0.08348303975128189,1.0,0.0,0.0,0.0,0.0,1.0,0.0,-3.203426503814917e-16,0.0,1.0,1.0,1.0,1.0,0.0,0.0,0.0,1.0,1.0,-3.203426503814917e-16,1,1.0,2.0,-3.203426503814917e-16,0.0,491.0,1.0,0.0,1.0,5.057768160815117,5.057768160815117,5.057768160815117,1.0,1.730343769474,106.30126620480524,0.3881256729824808,0.5554989816700611,1.7995737546389807,0.6325291923253348,0.6325291923253348,0.6325291923253348,1.0,3565.785714285714,3565.785714285714,3565.785714285714,1.0,3.142857142857143,0.22448979591836735,0.45481270941679586,0.45481270941679586,0.45481270941679586,2.699513850319963,0.028513238289205704,2335.7806122448974,0.0,1000000.0,0.0,0.0,2.6103366098786758,94.04684317718942,0.19154143213276864,2.3894292789560354,1.0,23.14663951120163,23.14663951120163,23.14663951120163,1.0,0.07818455107018292,0.07818455107018292,0.07818455107018292
2,1258,7,0.0117647061124444,0.5568627715110779,6234.153823678131,-3.203426503814917e-16,0.32941177301108837,3.7236383808548914,1.0,0.19665415047261775,0.19952930681535508,0.054901961237192154,0.0,1.0,0.14682652915757055,0.30882052593535203,1.2433273392978796,6234.153823678131,1.0,0.055558172960771354,0.9996984916653766,295.9793930764021,361.33225707096784,65360.0,295.89015282251285,1219.4213562373104,0.018656997494450895,65368.0,0.7432024917218141,1.0,0.0,0.0,0.0,0.0,1.0,0.0,-3.203426503814917e-16,0.0,1.0,1.0,1.0,1.0,0.0,0.0,0.0,1.0,1.0,-3.203426503814917e-16,1,1.0,2.0,-3.203426503814917e-16,0.0,65368.0,1.0,0.0,1.0,34476.4199451482,34476.4199451482,34476.4199451482,1.0,4.621759938979031,94.26529354415533,0.2924616769830416,0.006826734793782891,7027.254378858032,0.08001815121396694,0.08001815121396694,0.08001815121396694,1.0,2136422345.0,2136422345.0,2136422345.0,1.0,1.0,0.5,0.5000000001170181,0.5000000001170181,0.5000000001170181,0.9999999999999993,3.0596010280259455e-05,1068178489.0,0.0,1000000.0,0.0,0.0,0.1432426041915448,63063.66925712887,0.9647483364509986,0.17129219884790053,1.0,80.19122506425163,80.19122506425163,80.19122506425163,1.0,0.012680090280258065,0.012680090280258065,0.012680090280258065
1,1383,19,0.5686274766921997,0.6901960968971252,333.0030370198589,-3.203426503814917e-16,0.05882352590560913,2.851312722608503,0.7529411911964417,0.035798093440728755,0.6314197618751893,0.6352941393852234,0.4901960790157318,0.26274511218070984,0.025413612021427022,0.633028969572104,-0.3004046525996133,333.0030370198589,1.0,0.00203476063099896,0.8098176152562149,169.00920705564687,129.40247292845683,716.5,136.8666330141478,1484.5596667163873,2.071960455989375,831.0,0.06391685125734035,1.0,0.0,0.0,0.0,0.0,1.0,0.0,-3.203426503814917e-16,0.0,1.0,1.0,1.0,1.0,0.0,0.0,0.0,1.0,1.0,-3.203426503814917e-16,1,1.0,2.0,-3.203426503814917e-16,0.0,831.0,1.0,0.0,1.0,4.8763204524018375,4.8763204524018375,4.8763204524018375,1.0,1.7444979060207462,179.83516326855028,0.388307115498003,0.5550541516245487,1.6076075058806034,0.6308011683741737,0.6308011683741737,0.6308011683741737,1.0,2409.9032258064517,2409.9032258064517,2409.9032258064517,1.0,4.741935483870968,0.1529656607700312,0.3825789382330767,0.3825789382330767,0.3825789382330767,3.573272590800619,0.03730445246690734,1691.3173777315296,0.0,1000000.0,0.0,0.0,2.6827399972040813,151.81347773766547,0.18268769884195604,2.735019788259111,1.0,23.524669073405537,23.524669073405537,23.524669073405537,1.0,0.08151943885813005,0.08151943885813005,0.08151943885813005
0,1276,25,0.3490196168422699,0.5623529672622681,37.98640760579924,-3.203426503814917e-16,0.10784316062927246,3.0445737490899303,0.6901960968971252,0.06839776598431346,0.46903840787039547,0.48627451062202454,0.24705882370471954,0.4431372731924057,0.04807145046682505,0.47693135627425487,-0.1639546624681836,37.98640760579924,1.0,0.007466490540004856,0.9148512605731629,46.0645615180347,44.553338819890925,135.0,42.14222217252406,347.97265478953176,2.5775752206631983,167.0,0.11836592591961535,1.0,0.0,0.0,0.0,0.0,1.0,0.0,-3.203426503814917e-16,0.0,1.0,1.0,1.0,1.0,0.0,0.0,0.0,1.0,1.0,-3.203426503814917e-16,1,1.0,2.0,-3.203426503814917e-16,0.0,167.0,1.0,0.0,1.0,3.150720183047769,3.150720183047769,3.150720183047769,1.0,1.4138571832452465,52.221479436996674,0.4790912100773254,0.6511976047904192,0.7774375669221325,0.7141312165530915,0.7141312165530915,0.7141312165530915,1.0,793.8888888888889,793.8888888888889,793.8888888888889,1.0,1.8888888888888888,0.20987654320987653,0.3893345374437076,0.3893345374437076,0.3893345374437076,2.419381945646369,0.05389221556886228,449.5802469135802,0.0,1000000.0,0.0,0.0,2.379192362058942,35.56287425149701,0.21295134282333536,1.6387106027466027,1.0,16.005988023952096,16.005988023952096,16.005988023952096,1.0,0.11228366396458786,0.11228366396458786,0.11228366396458786
2,1261,24,0.44941176772117614,0.6196078658103943,187.0060731942645,-3.203426503814917e-16,0.09803923964500427,4.596335497537204,0.6627451181411743,0.05528024808535695,0.5415580146002807,0.5529412031173706,0.23529411852359772,0.4274509996175766,0.039057933884991076,0.5461275493420398,-1.0541821113460967,187.0060731942645,1.0,0.0049702169725441775,0.9713427733100092,129.35788410969485,106.88779163215975,539.0,125.65084590062577,1154.3027406794301,2.1415635263069204,627.0,0.07129836778780889,1.0,0.0,0.0,0.0,0.0,1.0,0.0,-3.203426503814917e-16,0.0,1.0,1.0,1.0,1.0,0.0,0.0,0.0,1.0,1.0,-3.203426503814917e-16,1,1.0,2.0,-3.203426503814917e-16,0.0,627.0,1.0,0.0,1.0,4.562081518723463,4.562081518723463,4.562081518723463,1.0,1.6275651987442434,156.61516969781226,0.4238384415877377,0.5873205741626795,1.6166226068220821,0.6687575399505842,0.6687575399505842,0.6687575399505842,1.0,1617.1290322580646,1617.1290322580646,1617.1290322580646,1.0,3.2580645161290325,0.10509885535900104,0.29904355825311135,0.29904355825311135,0.29904355825311135,3.8087196973440642,0.049441786283891544,1208.0457856399585,0.0,1000000.0,0.0,0.0,2.6211519835107433,116.99681020733652,0.18659778342477915,2.4912738566730006,1.0,20.993620414673046,20.993620414673046,20.993620414673046,1.0,0.09049611663437895,0.09049611663437895,0.09049611663437895
2,1360,20,0.3176470696926117,0.40392157435417175,60.33999497991031,-3.203426503814917e-16,0.04313725233078003,4.131309958074339,0.48235294222831726,0.027345928146304006,0.3599846962346431,0.3607843220233917,0.24313725531101227,0.239215686917305,0.01862703818282543,0.3617863458495765,-0.08647004384866819,60.33999497991031,1.0,0.0013003785200411551,0.8622909194060646,101.10381142423066,81.88406438373708,389.5,87.18089850845723,901.3666658163746,2.314163455241013,461.0,0.07761705671047524,1.0,0.0,0.0,0.0,0.0,1.0,0.0,-3.203426503814917e-16,0.0,1.0,1.0,1.0,1.0,0.0,0.0,0.0,1.0,1.0,-3.203426503814917e-16,1,1.0,2.0,-3.203426503814917e-16,0.0,461.0,1.0,0.0,1.0,3.6823104140152814,3.6823104140152814,3.6823104140152814,1.0,1.5671032272169825,121.92435129537733,0.4328037081858764,0.6090021691973969,0.9658809700593614,0.6764990077034496,0.6764990077034496,0.6764990077034496,1.0,1400.5652173913043,1400.5652173913043,1400.5652173913043,1.0,5.782608695652174,0.2514177693761815,0.4920487573406352,0.4920487573406352,0.4920487573406352,2.8690511819261273,0.049891540130151846,998.8241965973534,0.0,1000000.0,0.0,0.0,2.509482109805969,94.44902386117137,0.2048785767053609,1.9380672968788968,1.0,18.97830802603037,18.97830802603037,18.97830802603037,1.0,0.10066370185095007,0.10066370185095007,0.10066370185095007
1,1383,25,0.3094117760658264,0.4160784363746644,39.16267774467789,-3.203426503814917e-16,0.0627450942993164,2.5412310565943224,0.47058823704719543,0.03601770816310759,0.3528273332503534,0.33725491166114807,0.26274511218070984,0.2078431248664856,0.02679079536709094,0.3554310320318402,0.6945025778850122,39.16267774467789,1.0,0.001844091442663084,0.8852088656082703,59.28884983154205,50.0,256.5,52.483015502598434,638.063058585155,2.487575277135107,310.0,0.0889784867323115,1.0,0.0,0.0,0.0,0.0,1.0,0.0,-3.203426503814917e-16,0.0,1.0,1.0,1.0,1.0,0.0,0.0,0.0,1.0,1.0,-3.203426503814917e-16,1,1.0,2.0,-3.203426503814917e-16,0.0,310.0,1.0,0.0,1.0,3.3706979928118557,3.3706979928118557,3.3706979928118557,1.0,1.450765800550235,91.69965376727141,0.46250131616322243,0.6379032258064516,0.8954401978445863,0.6958786022656723,0.6958786022656723,0.6958786022656723,1.0,1432.2857142857142,1432.2857142857142,1432.2857142857142,1.0,2.0,0.14285714285714285,0.33243922265281806,0.33243922265281806,0.33243922265281806,3.0930692077718867,0.04516129032258064,941.9795918367348,0.0,1000000.0,0.0,0.0,2.2713693394788144,74.07741935483871,0.23895941727367326,1.39579604578564,1.0,16.580645161290324,16.580645161290324,16.580645161290324,1.0,0.09795287469826641,0.09795287469826641,0.09795287469826641
1,1383,35,0.29019609093666077,0.3764705955982208,33.972873959451974,-3.203426503814917e-16,0.04313725233078003,3.7419226321552332,0.45490196347236633,0.027831301787765418,0.3290322679665781,0.32549020648002625,0.2235294133424759,0.23137255012989044,0.018994215579810358,0.331043676873962,0.4473161085251156,33.972873959451974,1.0,0.0013276826350021487,0.7611186521630756,65.51273415236912,52.80151512977634,259.0,49.862963917569076,591.4356415871852,2.2835352957034174,310.0,0.09646001414187276,1.0,0.0,0.0,0.0,0.0,1.0,0.0,-3.203426503814917e-16,0.0,1.0,1.0,1.0,1.0,0.0,0.0,0.0,1.0,1.0,-3.203426503814917e-16,1,1.0,2.0,-3.203426503814917e-16,0.0,310.0,1.0,0.0,1.0,4.285752835844635,4.285752835844635,4.285752835844635,1.0,1.6320848064573863,77.45783159926367,0.42382358665743713,0.5854838709677419,1.3372457699757792,0.6627039357417556,0.6627039357417556,0.6627039357417556,1.0,1459.5,1459.5,1459.5,1.0,1.3333333333333333,0.1111111111111111,0.18396338169436258,0.18396338169436258,0.18396338169436258,3.2516291673878195,0.03870967741935484,792.1388888888889,0.0,1000000.0,0.0,0.0,2.5813539996233077,58.116129032258065,0.18747138397502602,2.6742559833506765,1.0,21.303225806451614,21.303225806451614,21.303225806451614,1.0,0.08652463852924681,0.08652463852924681,0.08652463852924681
1,1263,33,0.3529411852359772,0.3960784375667572,25.831573509924333,-3.203426503814917e-16,0.023529410362243652,18.74475841007449,0.5529412031173706,0.01659253426952488,0.3736146707897601,0.37254902720451355,0.2235294133424759,0.3294117897748947,0.009510278614067634,0.37468518314310223,0.07576522090052006,25.831573509924333,1.0,0.0008010642376392631,0.7963200328768828,53.52527614166338,45.65084884205331,160.0,42.62324965687362,346.07315985292007,2.1629572490807503,184.0,0.12956777621887883,1.0,0.0,0.0,0.0,0.0,1.0,0.0,-3.203426503814917e-16,0.0,1.0,1.0,1.0,1.0,0.0,0.0,0.0,1.0,1.0,-3.203426503814917e-16,1,1.0,2.0,-3.203426503814917e-16,0.0,184.0,1.0,0.0,1.0,3.968794385422826,3.968794385422826,3.968794385422826,1.0,1.5624138185526473,47.313055672115304,0.42527009491798534,0.6032608695652173,1.1991170551482389,0.6636362217893264,0.6636362217893264,0.6636362217893264,1.0,942.3636363636364,942.3636363636364,942.3636363636364,1.0,2.8181818181818183,0.256198347107438,0.47875684756923303,0.47875684756923303,0.47875684756923303,2.4040097573248573,0.059782608695652176,662.5619834710745,0.0,1000000.0,0.0,0.0,2.4567453001018333,38.47826086956522,0.20912098298676748,1.8175803402646502,1.0,19.23913043478261,19.23913043478261,19.23913043478261,1.0,0.1000486480824214,0.1000486480824214,0.1000486480824214
2,1361,18,0.572549045085907,0.772549033164978,225.21276052331217,-3.203426503814917e-16,0.11372548341751099,5.2168322606896655,0.8588235378265381,0.0671140446304283,0.6817528030969812,0.6941176652908325,0.239215686917305,0.6196078509092331,0.046714934430128,0.6871274641873127,-0.9884943843679721,225.21276052331217,1.0,0.007357267509895559,0.7647845156717016,97.60983021739725,78.2368199762746,412.5,74.65048672760918,855.3422791987346,2.0735570404817807,477.0,0.08417380682205038,1.0,0.0,0.0,0.0,0.0,1.0,0.0,-3.203426503814917e-16,0.0,1.0,1.0,1.0,1.0,0.0,0.0,0.0,1.0,1.0,-3.203426503814917e-16,1,1.0,2.0,-3.203426503814917e-16,0.0,477.0,1.0,0.0,1.0,5.817695935179701,5.817695935179701,5.817695935179701,1.0,1.6721955924981007,106.40961783425993,0.3992511294028012,0.5566037735849056,2.5762291803428026,0.6406505695438691,0.6406505695438691,0.6406505695438691,1.0,4208.9,4208.9,4208.9,1.0,1.6,0.16,0.30224542296864093,0.30224542296864093,0.30224542296864093,2.846439344671013,0.020964360587002098,1933.6100000000001,0.0,1000000.0,0.0,0.0,2.540452426748165,92.11111111111111,0.19310505474027487,2.620940627348602,1.0,23.29769392033543,23.29769392033543,23.29769392033543,1.0,0.07586412754402173,0.07586412754402173,0.07586412754402173
2,1360,18,0.48627451062202454,0.615686297416687,113.79408798837443,-3.203426503814917e-16,0.07450979948043823,3.046150358238991,0.7215686440467834,0.04379579237916431,0.5526329984025258,0.5568627715110779,0.3686274588108063,0.3529411852359772,0.03137325738084289,0.5553242857098163,0.06794383819747314,113.79408798837443,1.0,0.002981831375751689,0.8981532001010306,87.59784652185547,71.58910531638176,327.0,78.67628617556343,658.1635636485433,2.012732610546004,369.0,0.09739686375668945,1.0,0.0,0.0,0.0,0.0,1.0,0.0,-3.203426503814917e-16,0.0,1.0,1.0,1.0,1.0,0.0,0.0,0.0,1.0,1.0,-3.203426503814917e-16,1,1.0,2.0,-3.203426503814917e-16,0.0,369.0,1.0,0.0,1.0,4.51188980772514,4.51188980772514,4.51188980772514,1.0,1.663246762773825,85.3475241126981,0.4041761936258263,0.5724932249322494,1.456533623825679,0.6434809880562481,0.6434809880562481,0.6434809880562481,1.0,1792.388888888889,1792.388888888889,1792.388888888889,1.0,2.7777777777777777,0.15432098765432098,0.3211637231223354,0.3211637231223354,0.3211637231223354,3.080500530640263,0.04878048780487805,1372.138888888889,0.0,1000000.0,0.0,0.0,2.564757096913503,69.09756097560975,0.18725626280653052,2.146047693539266,1.0,21.682926829268293,21.682926829268293,21.682926829268293,1.0,0.08504581236288554,0.08504581236288554,0.08504581236288554
2,1360,20,0.250980406999588,0.3333333432674408,27.731782144985072,-3.203426503814917e-16,0.039215683937072754,2.879306339410955,0.3686274588108063,0.02400367535250888,0.2951385108724473,0.2980392277240753,0.19607843458652496,0.1725490242242813,0.018109120438824677,0.2967109765999115,-0.4104492075610665,27.731782144985072,1.0,0.0009306630348675508,0.7896676742664259,78.99055197207933,63.52952069707436,278.5,62.37628546481313,567.8376618407383,2.0389144051732075,315.0,0.10418215535868174,1.0,0.0,0.0,0.0,0.0,1.0,0.0,-3.203426503814917e-16,0.0,1.0,1.0,1.0,1.0,0.0,0.0,0.0,1.0,1.0,-3.203426503814917e-16,1,1.0,2.0,-3.203426503814917e-16,0.0,315.0,1.0,0.0,1.0,5.345502366839249,5.345502366839249,5.345502366839249,1.0,1.6319067370470446,73.59686713045267,0.4082002464961257,0.5714285714285714,2.2428006425617792,0.6429720203566656,0.6429720203566656,0.6429720203566656,1.0,3007.875,3007.875,3007.875,1.0,1.75,0.21875,0.37555768579974136,0.37555768579974136,0.37555768579974136,2.405639062229564,0.025396825396825397,1457.484375,0.0,1000000.0,0.0,0.0,2.431720870331187,66.46666666666667,0.211005291005291,1.7687074829931975,1.0,21.38095238095238,21.38095238095238,21.38095238095238,1.0,0.07864663643235072,0.07864663643235072,0.07864663643235072
0,1276,19,0.17333333790302277,0.2345098048448563,16.954248838253275,-3.203426503814917e-16,0.023529410362243652,3.418120292259523,0.26274511218070984,0.017666647041045952,0.20641620813586936,0.2078431397676468,0.12941177189350128,0.13333334028720856,0.011512884842394142,0.20770311091948465,-0.4919147983633711,16.954248838253275,1.0,0.0005329313044412042,0.7354193723929349,80.89436947164806,63.13477647065839,330.5,59.491286426961615,779.4427842621227,2.3583745363453033,393.0,0.08268113372064131,1.0,0.0,0.0,0.0,0.0,1.0,0.0,-3.203426503814917e-16,0.0,1.0,1.0,1.0,1.0,0.0,0.0,0.0,1.0,1.0,-3.203426503814917e-16,1,1.0,2.0,-3.203426503814917e-16,0.0,393.0,1.0,0.0,1.0,3.6818017281832356,3.6818017281832356,3.6818017281832356,1.0,1.5274261903246449,107.19754944430794,0.44070973657304013,0.616412213740458,1.0305682059719579,0.6758576653248427,0.6758576653248427,0.6758576653248427,1.0,2329.277777777778,2329.277777777778,2329.277777777778,1.0,4.222222222222222,0.2345679012345679,0.4613190078026974,0.4613190078026974,0.4613190078026974,2.7254805569978644,0.04580152671755725,1852.583333333333,0.0,1000000.0,0.0,0.0,2.4588888930766446,81.45801526717557,0.20727230347881825,1.7891731251092595,1.0,18.34351145038168,18.34351145038168,18.34351145038168,1.0,0.10043069836076923,0.10043069836076923,0.10043069836076923
1,1263,33,0.2419607847929001,0.2913725614547729,8.726336782652812,-3.203426503814917e-16,0.0156862735748291,8.964364885242302,0.3176470696926117,0.016248431177668037,0.27085411599126913,0.27450981736183167,0.14901961386203766,0.16862745583057404,0.008972208375248668,0.2719411823035469,-1.8592498348248696,8.726336782652812,1.0,0.0005900544832391065,0.7613140008157034,42.9444358809143,34.539832078341085,101.0,32.69420029327231,230.97770542341442,2.2869079744892518,118.0,0.15423948136573248,1.0,0.0,0.0,0.0,0.0,1.0,0.0,-3.203426503814917e-16,0.0,1.0,1.0,1.0,1.0,0.0,0.0,0.0,1.0,1.0,-3.203426503814917e-16,1,1.0,2.0,-3.203426503814917e-16,0.0,118.0,1.0,0.0,1.0,3.4746017069701285,3.4746017069701285,3.4746017069701285,1.0,1.4256704197685262,34.7573138928402,0.46510174164956297,0.6334745762711864,0.9817250969843841,0.6959266925659549,0.6959266925659549,0.6959266925659549,1.0,407.5,407.5,407.5,1.0,1.25,0.15625,0.2848258687090881,0.2848258687090881,0.2848258687090881,2.7499999999999973,0.06779661016949153,189.9375,0.0,1000000.0,0.0,0.0,2.3900890343599683,25.271186440677965,0.214162596954898,1.6903188738868142,1.0,17.152542372881356,17.152542372881356,17.152542372881356,1.0,0.10328846227756638,0.10328846227756638,0.10328846227756638
1,1264,23,0.4274509847164154,0.545098066329956,102.08895593585179,-3.203426503814917e-16,0.05882355570793152,5.410830661774904,0.6117647290229797,0.03704201061349534,0.48819831073424724,0.48627451062202454,0.22745098173618317,0.38431374728679657,0.025399192429243083,0.49068914749701625,-0.7105161162833725,102.08895593585179,1.0,0.0024382488675759027,0.7987590877469211,94.24147517349157,79.40403012442127,356.0,75.27623473750222,821.8275605729732,2.308504383631947,424.0,0.08138591105523751,1.0,0.0,0.0,0.0,0.0,1.0,0.0,-3.203426503814917e-16,0.0,1.0,1.0,1.0,1.0,0.0,0.0,0.0,1.0,1.0,-3.203426503814917e-16,1,1.0,2.0,-3.203426503814917e-16,0.0,424.0,1.0,0.0,1.0,4.090562730315182,4.090562730315182,4.090562730315182,1.0,1.5816860094709262,106.75528417998441,0.41940506384270027,0.5972877358490567,1.2589165264823758,0.6539462952678048,0.6539462952678048,0.6539462952678048,1.0,3545.0,3545.0,3545.0,1.0,5.0,0.35714285714285715,0.5727415734125699,0.5727415734125699,0.5727415734125699,2.093069207771888,0.0330188679245283,2627.775510204082,0.0,1000000.0,0.0,0.0,2.451175864586533,88.76415094339623,0.2093494126023496,1.7857556069775722,1.0,19.608490566037737,19.608490566037737,19.608490566037737,1.0,0.0913302408227442,0.0913302408227442,0.0913302408227442
1,1270,33,0.3921568691730499,0.5568627715110779,129.31880780989204,-3.203426503814917e-16,0.10588237643241882,2.6089588675474387,0.6470588445663452,0.05558782047874002,0.4737740886422385,0.4745098054409027,0.25882354378700256,0.38823530077934265,0.042352040122677376,0.47841702068511827,0.08966668807663188,129.31880780989204,1.0,0.004420958612441144,0.8988545937277619,106.19677927372175,85.09406559801923,479.0,95.45546288927797,1098.6875169902887,2.293710891420227,565.0,0.07061524959812211,1.0,0.0,0.0,0.0,0.0,1.0,0.0,-3.203426503814917e-16,0.0,1.0,1.0,1.0,1.0,0.0,0.0,0.0,1.0,1.0,-3.203426503814917e-16,1,1.0,2.0,-3.203426503814917e-16,0.0,565.0,1.0,0.0,1.0,3.8998741851375773,3.8998741851375773,3.8998741851375773,1.0,1.6149534552902574,141.67470211659239,0.41769948278288194,0.5973451327433629,1.0659752080595144,0.6593999581963477,0.6593999581963477,0.6593999581963477,1.0,3626.176470588235,3626.176470588235,3626.176470588235,1.0,3.4705882352941178,0.2041522491349481,0.41441037179384765,0.41441037179384765,0.41441037179384765,2.9314931674619107,0.03008849557522124,2521.59169550173,0.0,1000000.0,0.0,0.0,2.3714735074108892,121.7362831858407,0.21546244811653223,1.6271595269794032,1.0,19.446017699115043,19.446017699115043,19.446017699115043,1.0,0.08557542441755463,0.08557542441755463,0.08557542441755463
1,1270,21,0.4313725531101227,0.7176470756530762,198.48756176412695,-3.203426503814917e-16,0.19215688109397888,1.9055325062581256,0.843137264251709,0.0993169724114389,0.578750745271008,0.5686274766921997,0.34117648005485535,0.5019607841968536,0.0805709277506061,0.5895879438598459,0.10829219871249035,198.48756176412695,1.0,0.012661518393133696,0.9550714051581646,126.89461869439388,103.61949623502326,498.0,121.19342178346426,1038.278354061805,2.084896293296797,571.0,0.07619137363288804,1.0,0.0,0.0,0.0,0.0,1.0,0.0,-3.203426503814917e-16,0.0,1.0,1.0,1.0,1.0,0.0,0.0,0.0,1.0,1.0,-3.203426503814917e-16,1,1.0,2.0,-3.203426503814917e-16,0.0,571.0,1.0,0.0,1.0,4.3728695603815195,4.3728695603815195,4.3728695603815195,1.0,1.674707621971181,132.15377457127508,0.40221627367375384,0.5753064798598949,1.3428489087334796,0.6452622840411985,0.6452622840411985,0.6452622840411985,1.0,2022.904761904762,2022.904761904762,2022.904761904762,1.0,1.380952380952381,0.06575963718820861,0.11015081159251991,0.11015081159251991,0.11015081159251991,4.011365041826374,0.03677758318739054,1283.582766439909,0.0,1000000.0,0.0,0.0,2.52606158710889,112.6322241681261,0.19725433304400367,2.200974724037774,1.0,21.53940455341506,21.53940455341506,21.53940455341506,1.0,0.07709165416831583,0.07709165416831583,0.07709165416831583
1,1380,29,0.5254902243614197,0.6549019813537598,132.5590722970963,-3.203426503814917e-16,0.07843136787414551,4.099426080920231,0.7254902124404907,0.043746400222058446,0.588245637322727,0.5882353186607361,0.3176470696926117,0.40784314274787903,0.0337209177835923,0.5906265012169087,-0.4743960478945835,132.5590722970963,1.0,0.0028067341105057955,0.8760417646518802,86.14934298290245,67.67569726275453,325.0,75.47042245034194,716.0458146424523,2.2032178912075455,380.0,0.0892495020870213,1.0,0.0,0.0,0.0,0.0,1.0,0.0,-3.203426503814917e-16,0.0,1.0,1.0,1.0,1.0,0.0,0.0,0.0,1.0,1.0,-3.203426503814917e-16,1,1.0,2.0,-3.203426503814917e-16,0.0,380.0,1.0,0.0,1.0,4.3742530553800885,4.3742530553800885,4.3742530553800885,1.0,1.5921279066999483,94.93314259054257,0.4199739876609629,0.594078947368421,1.5294920481211363,0.6577184479479864,0.6577184479479864,0.6577184479479864,1.0,1422.9473684210527,1422.9473684210527,1422.9473684210527,1.0,4.052631578947368,0.21329639889196675,0.4307930838875343,0.4307930838875343,0.4307930838875343,2.8795064608120033,0.05,1022.9473684210525,0.0,1000000.0,0.0,0.0,2.539199394162397,74.26315789473684,0.19542936288088641,2.0282825484764544,1.0,20.068421052631578,20.068421052631578,20.068421052631578,1.0,0.09583235618808926,0.09583235618808926,0.09583235618808926
1,1264,29,0.6078431606292725,0.7525490343570711,155.6741034346717,-3.203426503814917e-16,0.05882352590560913,3.2032955768532747,0.8235294222831726,0.042698169709768516,0.6723999736601847,0.6627451181411743,0.5137255191802979,0.30980390310287476,0.027889234242421804,0.6746758013620204,0.4769244537178729,155.6741034346717,1.0,0.0030657123652675653,0.8806064191880764,55.68527702136417,50.0,292.0,49.036812399279576,633.1341263970205,2.1682675561541798,342.0,0.09567547670645021,1.0,0.0,0.0,0.0,0.0,1.0,0.0,-3.203426503814917e-16,0.0,1.0,1.0,1.0,1.0,0.0,0.0,0.0,1.0,1.0,-3.203426503814917e-16,1,1.0,2.0,-3.203426503814917e-16,0.0,342.0,1.0,0.0,1.0,4.543325338576665,4.543325338576665,4.543325338576665,1.0,1.6463683100382962,82.85092777379747,0.41899765334954875,0.5760233918128654,1.5095222094279093,0.6637238482898875,0.6637238482898875,0.6637238482898875,1.0,2444.1666666666665,2444.1666666666665,2444.1666666666665,1.0,1.5,0.125,0.2842380715707711,0.2842380715707711,0.2842380715707711,3.1887218755408635,0.03508771929824561,1631.9166666666665,0.0,1000000.0,0.0,0.0,2.602561002563822,66.09356725146199,0.1932560445949181,2.8757224445128413,1.0,22.16374269005848,22.16374269005848,22.16374269005848,1.0,0.0848213664120619,0.0848213664120619,0.0848213664120619
1,1380,19,0.6431372761726379,0.8078431487083435,337.54526618835075,-3.203426503814917e-16,0.08627450466156006,2.644410093464757,0.9058823585510254,0.05041374332022461,0.7316669958848923,0.7372549176216125,0.5647059082984924,0.34117645025253296,0.03688594103471462,0.7343089883671086,-0.21207308437080907,337.54526618835075,1.0,0.003873097529503433,0.8727984312798382,110.67034654656726,85.09406559801923,536.5,96.59290485503996,1152.2438661763852,2.147705249163812,626.0,0.07125992981480969,1.0,0.0,0.0,0.0,0.0,1.0,0.0,-3.203426503814917e-16,0.0,1.0,1.0,1.0,1.0,0.0,0.0,0.0,1.0,1.0,-3.203426503814917e-16,1,1.0,2.0,-3.203426503814917e-16,0.0,626.0,1.0,0.0,1.0,4.700655966723539,4.700655966723539,4.700655966723539,1.0,1.6690965860170492,148.35359123498412,0.4124136194496032,0.5730830670926518,1.6370687815180398,0.6563582525685503,0.6563582525685503,0.6563582525685503,1.0,3752.1666666666665,3752.1666666666665,3752.1666666666665,1.0,4.916666666666667,0.2048611111111111,0.45063797480038753,0.45063797480038753,0.45063797480038753,3.0341591278514173,0.038338658146964855,3071.8263888888882,0.0,1000000.0,0.0,0.0,2.6327353465698136,115.24920127795527,0.18410415539609468,2.7348446957711112,1.0,22.230031948881788,22.230031948881788,22.230031948881788,1.0,0.08994863496812758,0.08994863496812758,0.08994863496812758
1,1263,23,0.2549019753932953,0.3333333432674408,24.583070106440395,-3.203426503814917e-16,0.03529411554336548,3.3529672048413466,0.3803921639919281,0.023621438208324116,0.2861556865851887,0.27450981736183167,0.22745098173618317,0.15294118225574493,0.01640833652191967,0.2876999823073763,0.9962334772044082,24.583070106440395,1.0,0.0008862028546238803,0.8325238208648849,58.85494460266477,49.4064773081425,263.5,48.99814335740161,506.72496346852995,1.923054889823643,297.0,0.11355936143369948,1.0,0.0,0.0,0.0,0.0,1.0,0.0,-3.203426503814917e-16,0.0,1.0,1.0,1.0,1.0,0.0,0.0,0.0,1.0,1.0,-3.203426503814917e-16,1,1.0,2.0,-3.203426503814917e-16,0.0,297.0,1.0,0.0,1.0,5.396268201068197,5.396268201068197,5.396268201068197,1.0,1.7412459420445596,65.52060103930071,0.40295999399528193,0.5462962962962963,2.016544140246505,0.6511749380232068,0.6511749380232068,0.6511749380232068,1.0,3192.090909090909,3192.090909090909,3192.090909090909,1.0,2.090909090909091,0.19008264462809918,0.39784979213975064,0.39784979213975064,0.39784979213975064,2.7321588913645676,0.037037037037037035,2463.090909090909,0.0,1000000.0,0.0,0.0,2.659753355076448,53.63973063973064,0.18060515366912674,3.081681007606934,1.0,24.515151515151516,24.515151515151516,24.515151515151516,1.0,0.08149720943371737,0.08149720943371737,0.08149720943371737
0,1276,23,0.5568627715110779,0.7082353115081786,105.82459809843934,-3.203426503814917e-16,0.06078431010246277,4.73912573831805,0.8392156958580017,0.04665279271307069,0.6170410208268599,0.6039215922355652,0.47058823704719543,0.3686274588108063,0.027438663086615314,0.6203359737738585,1.1921501721046208,105.82459809843934,1.0,0.004077098974907861,0.7286424956906765,59.80727412964969,49.4064773081425,231.0,43.57812148228439,516.6244584051417,2.2364695169053754,275.0,0.10428838905481003,1.0,0.0,0.0,0.0,0.0,1.0,0.0,-3.203426503814917e-16,0.0,1.0,1.0,1.0,1.0,0.0,0.0,0.0,1.0,1.0,-3.203426503814917e-16,1,1.0,2.0,-3.203426503814917e-16,0.0,275.0,1.0,0.0,1.0,4.334094304791048,4.334094304791048,4.334094304791048,1.0,1.5801506154318261,72.42701458223576,0.44198883582844917,0.5945454545454545,1.4785891450438504,0.6856356379728238,0.6856356379728238,0.6856356379728238,1.0,803.5,803.5,803.5,1.0,2.888888888888889,0.16049382716049382,0.36557971499279546,0.36557971499279546,0.36557971499279546,3.0860486123130344,0.06545454545454546,570.0895061728395,0.0,1000000.0,0.0,0.0,2.690795532989783,48.97818181818182,0.17810247933884296,3.093368595041322,1.0,21.10181818181818,21.10181818181818,21.10181818181818,1.0,0.10396063927254404,0.10396063927254404,0.10396063927254404
1,1263,41,0.545098066329956,0.7098039388656616,126.12791319837407,-3.203426503814917e-16,0.09803920984268188,2.213756363740668,0.7568627595901489,0.052831892379028765,0.6266494235902462,0.6235294342041016,0.46666666865348816,0.29019609093666077,0.040805426163137856,0.6297846122735313,-0.12578183959372122,126.12791319837407,1.0,0.003939157770534349,0.8096885253098627,60.907923712913714,54.48853090330111,279.5,49.31644693079472,592.6072144624391,2.120240481082072,318.0,0.10000665556724515,1.0,0.0,0.0,0.0,0.0,1.0,0.0,-3.203426503814917e-16,0.0,1.0,1.0,1.0,1.0,0.0,0.0,0.0,1.0,1.0,-3.203426503814917e-16,1,1.0,2.0,-3.203426503814917e-16,0.0,318.0,1.0,0.0,1.0,4.170851303495379,4.170851303495379,4.170851303495379,1.0,1.6028544254500667,77.71398909793966,0.4139131052517024,0.5896226415094339,1.2888370211854159,0.6541214094527895,0.6541214094527895,0.6541214094527895,1.0,6704.571428571428,6704.571428571428,6704.571428571428,1.0,1.2857142857142858,0.1836734693877551,0.3300719192116262,0.3300719192116262,0.3300719192116262,2.5216406363433164,0.0220125786163522,4640.816326530612,0.0,1000000.0,0.0,0.0,2.3805889459919727,69.54088050314465,0.21868201416083224,1.6180135279458883,1.0,19.962264150943398,19.962264150943398,19.962264150943398,1.0,0.07880277189492149,0.07880277189492149,0.07880277189492149
1,1383,29,0.5411764979362488,0.7498039364814758,126.93083375800818,-3.203426503814917e-16,0.09019607305526733,3.6895923595122566,0.9490196108818054,0.06357156393981038,0.6573173404771151,0.6666666865348816,0.4274509847164154,0.52156862616539,0.0412388355266325,0.6627269703467197,-0.08474538875106218,126.93083375800818,1.0,0.007140951133034078,0.8588427706074667,53.914011576338126,45.65084884205331,253.5,46.30365907678527,518.9259735953065,2.047045260730992,289.0,0.10876483492337445,1.0,0.0,0.0,0.0,0.0,1.0,0.0,-3.203426503814917e-16,0.0,1.0,1.0,1.0,1.0,0.0,0.0,0.0,1.0,1.0,-3.203426503814917e-16,1,1.0,2.0,-3.203426503814917e-16,0.0,289.0,1.0,0.0,1.0,4.782525890117713,4.782525890117713,4.782525890117713,1.0,1.6601062453406608,71.78807673276765,0.4332007786384974,0.5717993079584776,1.7100820085102157,0.6799146781827798,0.6799146781827798,0.6799146781827798,1.0,2058.5,2058.5,2058.5,1.0,1.2,0.12,0.13580611431143044,0.13580611431143044,0.13580611431143044,3.1219280948873593,0.03460207612456748,1223.29,0.0,1000000.0,0.0,0.0,2.5866047027374215,53.43598615916955,0.18489960608709186,2.742735359969349,1.0,22.32871972318339,22.32871972318339,22.32871972318339,1.0,0.08070065934870681,0.08070065934870681,0.08070065934870681
0,1276,31,0.4176470637321472,0.5901961028575897,61.51289762029741,-3.203426503814917e-16,0.05490198731422424,3.389498062530785,0.6745098233222961,0.04686878437860287,0.4862438819836825,0.4745098054409027,0.3529411852359772,0.32156863808631897,0.02909741249051474,0.49018849061283226,0.8195096383421601,61.51289762029741,1.0,0.003851643562725393,0.758382916495506,52.932134134169395,45.27692569068709,210.5,40.14282626100271,525.9381669041265,2.4985186076205537,256.0,0.09779041602792937,1.0,0.0,0.0,0.0,0.0,1.0,0.0,-3.203426503814917e-16,0.0,1.0,1.0,1.0,1.0,0.0,0.0,0.0,1.0,1.0,-3.203426503814917e-16,1,1.0,2.0,-3.203426503814917e-16,0.0,256.0,1.0,0.0,1.0,3.4456383132282666,3.4456383132282666,3.4456383132282666,1.0,1.4832383510251195,73.71709474051733,0.45432035750866523,0.630859375,0.9072354928551576,0.6902921385660742,0.6902921385660742,0.6902921385660742,1.0,3567.3333333333335,3567.3333333333335,3567.3333333333335,1.0,1.0,0.16666666666666666,0.2092010550432802,0.2092010550432802,0.2092010550432802,2.5849625007211543,0.0234375,1746.8888888888887,0.0,1000000.0,0.0,0.0,2.305774210706658,57.359375,0.22406005859375,1.482177734375,1.0,17.109375,17.109375,17.109375,1.0,0.09129001470379819,0.09129001470379819,0.09129001470379819
1,1264,27,0.43529412150382996,0.637254923582077,120.0932791296679,-3.203426503814917e-16,0.14411766827106476,1.8414567557132655,0.6901960968971252,0.0704936036547321,0.5380372994492206,0.5411764979362488,0.30588236451148987,0.3843137323856354,0.05852764719397615,0.5438715418313045,-0.1170872537496854,120.0932791296679,1.0,0.006312118415350034,0.8734809043463562,83.03622079113443,74.94664769020693,348.0,72.53055323014381,748.6143571373766,2.151190681429243,406.0,0.08833572994630078,1.0,0.0,0.0,0.0,0.0,1.0,0.0,-3.203426503814917e-16,0.0,1.0,1.0,1.0,1.0,0.0,0.0,0.0,1.0,1.0,-3.203426503814917e-16,1,1.0,2.0,-3.203426503814917e-16,0.0,406.0,1.0,0.0,1.0,4.389914958455561,4.389914958455561,4.389914958455561,1.0,1.7032318187014102,90.48950444783124,0.38922729481136836,0.5677339901477833,1.2345507893134928,0.6276876323880479,0.6276876323880479,0.6276876323880479,1.0,1017.9,1017.9,1017.9,1.0,5.5,0.275,0.5012587587394768,0.5012587587394768,0.5012587587394768,2.660964047443677,0.04926108374384237,605.8100000000002,0.0,1000000.0,0.0,0.0,2.613221095349678,77.99014778325123,0.19209396005726903,2.2285423087189695,1.0,22.103448275862068,22.103448275862068,22.103448275862068,1.0,0.09090206993671396,0.09090206993671396,0.09090206993671396
1,1263,47,0.32156863808631897,0.6313725709915161,211.86097560430417,-3.203426503814917e-16,0.17352943122386932,2.4090363365515897,0.800000011920929,0.09947672503886326,0.5057973358780146,0.5333333611488342,0.23137255012989044,0.5686274617910385,0.07397081549769109,0.5198373170810073,-0.31051316366420384,211.86097560430417,1.0,0.01439989124868275,0.8744050593009852,153.69872269793174,125.2836781069266,690.0,134.39494073517068,1390.3515139146882,2.0150021940792584,784.0,0.06697378802931137,1.0,0.0,0.0,0.0,0.0,1.0,0.0,-3.203426503814917e-16,0.0,1.0,1.0,1.0,1.0,0.0,0.0,0.0,1.0,1.0,-3.203426503814917e-16,1,1.0,2.0,-3.203426503814917e-16,0.0,784.0,1.0,0.0,1.0,5.006011929257505,5.006011929257505,5.006011929257505,1.0,1.710665319012063,174.73022510470292,0.39803885023376256,0.5596301020408163,1.8050903588983618,0.6354738368684446,0.6354738368684446,0.6354738368684446,1.0,5094.727272727273,5094.727272727273,5094.727272727273,1.0,3.4545454545454546,0.15702479338842976,0.3651782632744213,0.3651782632744213,0.3651782632744213,3.2025459616189655,0.02806122448979592,3824.7768595041325,0.0,1000000.0,0.0,0.0,2.6063551032774503,146.18367346938774,0.18645876718034152,2.303044304456477,1.0,22.760204081632654,22.760204081632654,22.760204081632654,1.0,0.07871339918006129,0.07871339918006129,0.07871339918006129
1,1270,35,0.3909803986549378,0.5541176736354828,100.37952146745758,-3.203426503814917e-16,0.10196080803871155,2.365286798382052,0.6549019813537598,0.05484097128176802,0.4742770298430909,0.47843137383461,0.30980393290519714,0.3450980484485626,0.04103786281176976,0.47872433576300427,0.02314002303934767,100.37952146745758,1.0,0.004238288614945543,0.8679512993295119,98.64356786308035,81.41252974819048,365.0,85.61781289725947,893.4255403194202,2.447741206354576,438.0,0.07580415322033054,1.0,0.0,0.0,0.0,0.0,1.0,0.0,-3.203426503814917e-16,0.0,1.0,1.0,1.0,1.0,0.0,0.0,0.0,1.0,1.0,-3.203426503814917e-16,1,1.0,2.0,-3.203426503814917e-16,0.0,438.0,1.0,0.0,1.0,3.61814377962319,3.61814377962319,3.61814377962319,1.0,1.4587313505371977,131.98600938123053,0.4743578668344135,0.6335616438356164,1.1121923981112418,0.7107131329841602,0.7107131329841602,0.7107131329841602,1.0,3300.9473684210525,3300.9473684210525,3300.9473684210525,1.0,2.263157894736842,0.11911357340720222,0.2613199239218397,0.2613199239218397,0.2613199239218397,3.260828171224452,0.04337899543378995,2769.5235457063704,0.0,1000000.0,0.0,0.0,2.2967298217795724,100.25570776255708,0.22889430996017598,1.4701945330581097,1.0,16.926940639269407,16.926940639269407,16.926940639269407,1.0,0.0947263056668634,0.0947263056668634,0.0947263056668634
1,1380,20,0.2705882489681244,0.37254902720451355,59.16474040793261,-3.203426503814917e-16,0.04313725233078003,4.038454651920428,0.4313725531101227,0.029419777237139726,0.31803514117685455,0.3176470696926117,0.14509804546833038,0.2862745076417923,0.01880166384790193,0.3204942483231428,0.06735829237379595,59.16474040793261,1.0,0.001570212184834518,0.9422481281400551,103.714601309557,83.09632964216891,497.0,97.72488894472218,1067.6336931211297,2.148156324187384,576.0,0.07402200684548145,1.0,0.0,0.0,0.0,0.0,1.0,0.0,-3.203426503814917e-16,0.0,1.0,1.0,1.0,1.0,0.0,0.0,0.0,1.0,1.0,-3.203426503814917e-16,1,1.0,2.0,-3.203426503814917e-16,0.0,576.0,1.0,0.0,1.0,4.174117426783941,4.174117426783941,4.174117426783941,1.0,1.6472864104191742,135.32870918655618,0.40372523011703065,0.5807291666666666,1.198547787879904,0.6428185728631216,0.6428185728631216,0.6428185728631216,1.0,2237.4166666666665,2237.4166666666665,2237.4166666666665,1.0,3.6666666666666665,0.1527777777777778,0.3687758323140899,0.3687758323140899,0.3687758323140899,3.3035088547976734,0.041666666666666664,1661.4166666666665,0.0,1000000.0,0.0,0.0,2.5507610897915467,113.21875,0.1965603298611111,2.0933159722222223,1.0,21.052083333333332,21.052083333333332,21.052083333333332,1.0,0.08662493373120854,0.08662493373120854,0.08662493373120854
0,1285,23,0.5215686559677124,0.7098039388656616,211.52793469905424,-3.203426503814917e-16,0.08235293626785278,4.737946392245047,0.8666666746139526,0.06043757368237383,0.6049106277170635,0.6000000238418579,0.2862745225429535,0.5803921520709991,0.03587468383076427,0.6107905865046594,0.039470247036373016,211.52793469905424,1.0,0.007148273037654038,0.5992780502289251,107.44935726286097,89.20201791439474,486.0,64.39204131883851,1101.1311678041848,2.2657019913666354,567.0,0.07097150437411849,1.0,0.0,0.0,0.0,0.0,1.0,0.0,-3.203426503814917e-16,0.0,1.0,1.0,1.0,1.0,0.0,0.0,0.0,1.0,1.0,-3.203426503814917e-16,1,1.0,2.0,-3.203426503814917e-16,0.0,567.0,1.0,0.0,1.0,3.8287071425152313,3.8287071425152313,3.8287071425152313,1.0,1.6021818875630822,144.38618152475692,0.42153397138849075,0.6014109347442681,1.0310684874104172,0.6638861788648254,0.6638861788648254,0.6638861788648254,1.0,4667.7692307692305,4667.7692307692305,4667.7692307692305,1.0,2.5384615384615383,0.1952662721893491,0.39341333142670665,0.39341333142670665,0.39341333142670665,2.8073904508767193,0.02292768959435626,2765.467455621302,0.0,1000000.0,0.0,0.0,2.34984122768139,125.44091710758377,0.22123618537492729,1.5428708291730044,1.0,19.088183421516757,19.088183421516757,19.088183421516757,1.0,0.08393617000003997,0.08393617000003997,0.08393617000003997
1,1380,31,0.615686297416687,0.742352956533432,177.02086355982644,-3.203426503814917e-16,0.054901957511901855,4.588560832383455,0.8784313797950745,0.038836457978711145,0.6733475027932334,0.6705882549285889,0.501960813999176,0.37647056579589844,0.023690455736669114,0.6754549126860486,0.5859245618227504,177.02086355982644,1.0,0.002842479553834164,0.791463985183025,89.87396863300263,67.11929677819934,317.5,71.13200937849045,768.5138520739883,2.4205160695243726,388.0,0.08219115755869619,1.0,0.0,0.0,0.0,0.0,1.0,0.0,-3.203426503814917e-16,0.0,1.0,1.0,1.0,1.0,0.0,0.0,0.0,1.0,1.0,-3.203426503814917e-16,1,1.0,2.0,-3.203426503814917e-16,0.0,388.0,1.0,0.0,1.0,4.008382583630976,4.008382583630976,4.008382583630976,1.0,1.5743916560500681,101.07583511270528,0.4287024711817968,0.601159793814433,1.1818312403837952,0.6663801141255312,0.6663801141255312,0.6663801141255312,1.0,952.2857142857143,952.2857142857143,952.2857142857143,1.0,4.428571428571429,0.2108843537414966,0.4476036266280883,0.4476036266280883,0.4476036266280883,3.0337781364463376,0.05412371134020619,610.9160997732426,0.0,1000000.0,0.0,0.0,2.5451409156853937,77.55154639175258,0.19987511956637263,2.437852056541609,1.0,20.0,20.0,20.0,1.0,0.10067475049871034,0.10067475049871034,0.10067475049871034
1,1270,21,0.5058823823928833,0.7372549176216125,189.24944021383857,-3.203426503814917e-16,0.11372548341751099,2.4896652151632477,0.8117647171020508,0.06805024479201102,0.5992490825616184,0.5843137502670288,0.3686274588108063,0.4431372582912445,0.05069922882990964,0.6050232027359094,0.4668254064825899,189.24944021383857,1.0,0.006953612897876038,0.9255245379446121,109.54975745574932,89.40357934669059,441.5,101.39098865117671,968.7220048757023,2.1941608264455317,517.0,0.07689022308801065,1.0,0.0,0.0,0.0,0.0,1.0,0.0,-3.203426503814917e-16,0.0,1.0,1.0,1.0,1.0,0.0,0.0,0.0,1.0,1.0,-3.203426503814917e-16,1,1.0,2.0,-3.203426503814917e-16,0.0,517.0,1.0,0.0,1.0,4.195238647010477,4.195238647010477,4.195238647010477,1.0,1.6044403579860222,129.8869861851262,0.4246802997071376,0.5904255319148937,1.3192995312814229,0.6662181234857572,0.6662181234857572,0.6662181234857572,1.0,1704.75,1704.75,1704.75,1.0,7.642857142857143,0.2729591836734694,0.5078487067497061,0.5078487067497061,0.5078487067497061,2.760820318171654,0.05415860735009671,1363.8201530612241,0.0,1000000.0,0.0,0.0,2.6198839034042534,98.05222437137331,0.18965613998331393,2.4670151035022014,1.0,20.756286266924565,20.756286266924565,20.756286266924565,1.0,0.10079814494391495,0.10079814494391495,0.10079814494391495
1,1383,49,0.21960784494876862,0.3070588350296023,51.70676213953466,-3.203426503814917e-16,0.03529413044452667,4.955335756306712,0.3960784375667572,0.02801192278426849,0.2563521318952553,0.250980406999588,0.12941177189350128,0.2666666656732559,0.015489507078883177,0.2594735308321816,0.6737545729008172,51.70676213953466,1.0,0.0016100976752767293,0.9057050479960533,163.08723440038762,133.52153384379613,660.5,147.70893146014666,1437.5647173502825,2.1764795115068623,768.0,0.06337441125615303,1.0,0.0,0.0,0.0,0.0,1.0,0.0,-3.203426503814917e-16,0.0,1.0,1.0,1.0,1.0,0.0,0.0,0.0,1.0,1.0,-3.203426503814917e-16,1,1.0,2.0,-3.203426503814917e-16,0.0,768.0,1.0,0.0,1.0,4.584331419595706,4.584331419595706,4.584331419595706,1.0,1.613950200476739,193.40385199884722,0.42784973144842753,0.5878906250000001,1.684922917431132,0.6715390170008009,0.6715390170008009,0.6715390170008009,1.0,1919.235294117647,1919.235294117647,1919.235294117647,1.0,4.470588235294118,0.1314878892733564,0.3233141732316356,0.3233141732316356,0.3233141732316356,3.439254017211871,0.044270833333333336,1409.0069204152248,0.0,1000000.0,0.0,0.0,2.5953979903980438,147.11458333333334,0.1915554470486111,2.2920735677083335,1.0,20.755208333333332,20.755208333333332,20.755208333333332,1.0,0.08824583084825366,0.08824583084825366,0.08824583084825366
2,1260,8,0.545098066329956,0.6890196263790132,80.83213244765608,-3.203426503814917e-16,0.06372548639774323,2.6192772392623485,0.729411780834198,0.043742650704059215,0.5983718726783991,0.5784313976764679,0.5058823823928833,0.2235293984413147,0.03174290619273169,0.6007143532006887,0.8848177730857762,80.83213244765608,1.0,0.0028088361286675812,0.8988654773116505,57.98096936505278,48.093658625644196,193.0,52.11709170331035,423.9137802864865,2.196444457442935,224.0,0.11617322669222248,1.0,0.0,0.0,0.0,0.0,1.0,0.0,-3.203426503814917e-16,0.0,1.0,1.0,1.0,1.0,0.0,0.0,0.0,1.0,1.0,-3.203426503814917e-16,1,1.0,2.0,-3.203426503814917e-16,0.0,224.0,1.0,0.0,1.0,3.9079769679524885,3.9079769679524885,3.9079769679524885,1.0,1.5858942315804292,57.02716836407167,0.42389687608205084,0.5993303571428571,1.1116797727793553,0.6653467550283935,0.6653467550283935,0.6653467550283935,1.0,1060.2222222222222,1060.2222222222222,1060.2222222222222,1.0,1.0,0.1111111111111111,0.1429667771333266,0.1429667771333266,0.1429667771333266,3.169925001442309,0.04017857142857143,440.7654320987654,0.0,1000000.0,0.0,0.0,2.451399373815425,44.776785714285715,0.19989636479591838,1.9042570153061225,1.0,19.589285714285715,19.589285714285715,19.589285714285715,1.0,0.0841903547133139,0.0841903547133139,0.0841903547133139
1,1383,23,0.4156862795352936,0.5647059082984924,76.35016080625152,-3.203426503814917e-16,0.06568627059459686,3.88134856453567,0.658823549747467,0.0464488530470157,0.4714816194137878,0.4529411792755127,0.38823530077934265,0.2705882489681244,0.030053841558117148,0.47527681378606895,1.2525678856695777,76.35016080625152,1.0,0.003593132277589798,0.782698936175531,78.68472186531089,60.53924347066124,280.0,61.58644809724637,675.3178925810944,2.411849616361051,338.0,0.08783663529252378,1.0,0.0,0.0,0.0,0.0,1.0,0.0,-3.203426503814917e-16,0.0,1.0,1.0,1.0,1.0,0.0,0.0,0.0,1.0,1.0,-3.203426503814917e-16,1,1.0,2.0,-3.203426503814917e-16,0.0,338.0,1.0,0.0,1.0,3.5298277727199467,3.5298277727199467,3.5298277727199467,1.0,1.538265251245513,91.34764367422672,0.43577745716040617,0.6176035502958581,0.8845031687645969,0.674675915693838,0.674675915693838,0.674675915693838,1.0,1441.7142857142858,1441.7142857142858,1441.7142857142858,1.0,2.0,0.14285714285714285,0.2923686896585091,0.2923686896585091,0.2923686896585091,3.0930692077718867,0.04142011834319527,858.8367346938775,0.0,1000000.0,0.0,0.0,2.4455376652738527,69.90532544378698,0.20682048947865972,1.7834809705542525,1.0,18.2603550295858,18.2603550295858,18.2603550295858,1.0,0.09530017677682513,0.09530017677682513,0.09530017677682513
1,1263,47,0.3772549092769623,0.5568627715110779,152.26926004134958,-3.203426503814917e-16,0.10588237643241882,3.8360284435317435,0.6235294342041016,0.0607988853447528,0.47326177756441123,0.48627451062202454,0.1921568661928177,0.4313725680112839,0.04362449213549437,0.4792359115152962,-0.7822578342674623,152.26926004134958,1.0,0.005690348782470529,0.7526627574750427,128.85714898691884,96.51942809610924,562.0,96.98597707686673,1247.7413408594332,2.220180321813938,663.0,0.06735169428031619,1.0,0.0,0.0,0.0,0.0,1.0,0.0,-3.203426503814917e-16,0.0,1.0,1.0,1.0,1.0,0.0,0.0,0.0,1.0,1.0,-3.203426503814917e-16,1,1.0,2.0,-3.203426503814917e-16,0.0,663.0,1.0,0.0,1.0,4.757670594539801,4.757670594539801,4.757670594539801,1.0,1.6164024645627246,162.01511559803558,0.41813605787708935,0.5822021116138762,1.7815096669239294,0.6607653505572332,0.6607653505572332,0.6607653505572332,1.0,3731.2105263157896,3731.2105263157896,3731.2105263157896,1.0,2.1578947368421053,0.11357340720221606,0.2984978973993627,0.2984978973993627,0.2984978973993627,3.53163064636796,0.02865761689291101,2513.567867036011,0.0,1000000.0,0.0,0.0,2.5142412316610057,133.07541478129713,0.20071706603513897,2.475533988975565,1.0,21.33182503770739,21.33182503770739,21.33182503770739,1.0,0.08333369268885142,0.08333369268885142,0.08333369268885142
1,1383,43,0.6117647290229797,0.7960784435272217,199.23315087312565,-3.203426503814917e-16,0.09803920984268188,2.7406520953898674,0.9058823585510254,0.056937063259491015,0.7012957979616085,0.6980392336845398,0.545098066329956,0.36078429222106934,0.03977840426577899,0.7048693320358763,0.2893712859633655,199.23315087312565,1.0,0.005024979006093316,0.8139145265097549,120.01061521432165,90.0,346.0,97.678383058309,786.3889603929599,2.2728004635634678,401.0,0.08385048391228052,1.0,0.0,0.0,0.0,0.0,1.0,0.0,-3.203426503814917e-16,0.0,1.0,1.0,1.0,1.0,0.0,0.0,0.0,1.0,1.0,-3.203426503814917e-16,1,1.0,2.0,-3.203426503814917e-16,0.0,401.0,1.0,0.0,1.0,3.9834471514130882,3.9834471514130882,3.9834471514130882,1.0,1.4379758025761513,124.17041318540309,0.48693577487649287,0.6346633416458853,1.477321896776302,0.7220186729108542,0.7220186729108542,0.7220186729108542,1.0,802.5238095238095,802.5238095238095,802.5238095238095,1.0,2.238095238095238,0.10657596371882086,0.26394250402112457,0.26394250402112457,0.26394250402112457,3.5537631144722424,0.05236907730673317,437.89569160997735,0.0,1000000.0,0.0,0.0,2.3326371777008386,92.54114713216957,0.23077592801039795,1.6025024719995524,1.0,16.99002493765586,16.99002493765586,16.99002493765586,1.0,0.09767839825040574,0.09767839825040574,0.09767839825040574
0,1285,21,0.48235294222831726,0.5803921818733215,97.2315803485641,-3.203426503814917e-16,0.05882352590560913,2.151059755440594,0.6196078658103943,0.029793822971719657,0.5327928450799757,0.5333333611488342,0.4627451002597809,0.1568627655506134,0.023913436260362794,0.533981834206606,-0.03609401597235398,97.2315803485641,1.0,0.0012683834942362698,0.6815381712916894,79.3778698938984,63.52952069707436,288.0,54.09904828851716,658.0041840821094,2.284736750285102,341.0,0.09142658974891416,1.0,0.0,0.0,0.0,0.0,1.0,0.0,-3.203426503814917e-16,0.0,1.0,1.0,1.0,1.0,0.0,0.0,0.0,1.0,1.0,-3.203426503814917e-16,1,1.0,2.0,-3.203426503814917e-16,0.0,341.0,1.0,0.0,1.0,4.091108658151485,4.091108658151485,4.091108658151485,1.0,1.577798185232302,90.91372731945106,0.4412643397803902,0.5997067448680351,1.2782767010887954,0.6813219666782611,0.6813219666782611,0.6813219666782611,1.0,1440.0625,1440.0625,1440.0625,1.0,3.75,0.234375,0.47633006233047404,0.47633006233047404,0.47633006233047404,2.646782221599795,0.0469208211143695,985.83984375,0.0,1000000.0,0.0,0.0,2.6512438670331635,61.868035190615835,0.18143118824227517,2.4253317394931244,1.0,20.085043988269796,20.085043988269796,20.085043988269796,1.0,0.10136118518222971,0.10136118518222971,0.10136118518222971
0,1276,33,0.5054902255535125,0.6509804129600525,62.308532153233806,-3.203426503814917e-16,0.08235293626785278,3.110820054093507,0.7058823704719543,0.04730718988143368,0.5854902179704772,0.5960784554481506,0.4117647111415863,0.29411765933036804,0.03447009335712862,0.5883523705760095,-0.7193700754582396,62.308532153233806,1.0,0.003359716623293103,0.7969961765464205,33.70686698735237,32.55764119219941,152.5,26.864244112278605,349.73001410241255,2.2933115678846723,180.0,0.1251719299634157,1.0,0.0,0.0,0.0,0.0,1.0,0.0,-3.203426503814917e-16,0.0,1.0,1.0,1.0,1.0,0.0,0.0,0.0,1.0,1.0,-3.203426503814917e-16,1,1.0,2.0,-3.203426503814917e-16,0.0,180.0,1.0,0.0,1.0,4.045695850706093,4.045695850706093,4.045695850706093,1.0,1.6080831068069366,44.79498087701766,0.41754601646586254,0.5916666666666667,1.1488813457759846,0.6562105443662734,0.6562105443662734,0.6562105443662734,1.0,6196.0,6196.0,6196.0,1.0,3.4,0.68,0.8000064566115702,0.8000064566115702,0.8000064566115702,0.7219280948873616,0.027777777777777776,4900.0,0.0,1000000.0,0.0,0.0,2.3511649425706764,40.58888888888889,0.22549382716049382,1.5733333333333335,1.0,19.77777777777778,19.77777777777778,19.77777777777778,1.0,0.08943417737465356,0.08943417737465356,0.08943417737465356
1,1383,21,0.5568627715110779,0.7490196228027344,158.578386842156,-3.203426503814917e-16,0.07843136787414551,3.966733147225357,0.9019607901573181,0.055630146034150674,0.6538840869411093,0.6509804129600525,0.4274509847164154,0.4745098054409027,0.03487412374416866,0.6582357336011904,-0.029854782517001778,158.578386842156,1.0,0.005709881834689072,0.9477426691677524,77.70753376256721,67.11929677819934,304.0,73.64674546257868,711.0163773909296,2.338869662470163,366.0,0.08692848675623444,1.0,0.0,0.0,0.0,0.0,1.0,0.0,-3.203426503814917e-16,0.0,1.0,1.0,1.0,1.0,0.0,0.0,0.0,1.0,1.0,-3.203426503814917e-16,1,1.0,2.0,-3.203426503814917e-16,0.0,366.0,1.0,0.0,1.0,3.9219528754248385,3.9219528754248385,3.9219528754248385,1.0,1.5735053328284543,93.31081433222806,0.4225815558302826,0.5997267759562842,1.116405127018935,0.6604409634310086,0.6604409634310086,0.6604409634310086,1.0,1068.1052631578948,1068.1052631578948,1068.1052631578948,1.0,4.052631578947368,0.21329639889196675,0.4305152801172748,0.4305152801172748,0.4305152801172748,2.8795064608120033,0.05191256830601093,697.0360110803323,0.0,1000000.0,0.0,0.0,2.5972079493202287,70.86338797814207,0.19361581414792917,2.352563528322733,1.0,20.010928961748633,20.010928961748633,20.010928961748633,1.0,0.09926039296005792,0.09926039296005792,0.09926039296005792
1,1263,19,0.5698039472103119,0.7949019730091095,150.8506958346916,-3.203426503814917e-16,0.09705881774425507,3.261978409524372,0.8980392217636108,0.06243151572249841,0.6882478012970299,0.6941176652908325,0.45098039507865906,0.4470588266849518,0.0402022877998352,0.6931206451786753,-0.0013466700400258714,150.8506958346916,1.0,0.006731192782707317,0.9444849643617625,76.63836854980069,62.64982043070834,265.5,72.38378678850212,615.7787873376928,2.319317466431988,314.0,0.09380208043417239,1.0,0.0,0.0,0.0,0.0,1.0,0.0,-3.203426503814917e-16,0.0,1.0,1.0,1.0,1.0,0.0,0.0,0.0,1.0,1.0,-3.203426503814917e-16,1,1.0,2.0,-3.203426503814917e-16,0.0,314.0,1.0,0.0,1.0,3.673247528230013,3.673247528230013,3.673247528230013,1.0,1.5124789696372967,88.04296809931793,0.45189636036952885,0.6202229299363057,1.0725923647958684,0.6891010086230009,0.6891010086230009,0.6891010086230009,1.0,606.9473684210526,606.9473684210526,606.9473684210526,1.0,2.263157894736842,0.11911357340720222,0.27852128663581954,0.27852128663581954,0.27852128663581954,3.426367488473223,0.06050955414012739,333.8282548476454,0.0,1000000.0,0.0,0.0,2.4742081855198705,64.98089171974522,0.20694551503103575,1.8775203862225647,1.0,18.18471337579618,18.18471337579618,18.18471337579618,1.0,0.09887125922555859,0.09887125922555859,0.09887125922555859
1,1383,47,0.2235294133424759,0.37254902720451355,73.72006579441992,-3.203426503814917e-16,0.07450979948043823,3.1774956338097704,0.4431372582912445,0.045223158507656215,0.2972441800216685,0.3019607961177826,0.06666667014360428,0.37647058814764023,0.031146891184860956,0.30280624848640897,-0.12436586769106883,73.72006579441992,1.0,0.0033375215656587425,0.9408057331740585,149.20417101527687,118.81077392223317,676.5,140.37213950465517,1556.7018023401092,2.3011113116631328,804.0,0.05922886416587527,1.0,0.0,0.0,0.0,0.0,1.0,0.0,-3.203426503814917e-16,0.0,1.0,1.0,1.0,1.0,0.0,0.0,0.0,1.0,1.0,-3.203426503814917e-16,1,1.0,2.0,-3.203426503814917e-16,0.0,804.0,1.0,0.0,1.0,3.955402495676174,3.955402495676174,3.955402495676174,1.0,1.5851885585324266,208.15353959301194,0.42962625546658983,0.6007462686567164,1.1670092116443862,0.671648196649397,0.671648196649397,0.671648196649397,1.0,1974.344827586207,1974.344827586207,1974.344827586207,1.0,3.9655172413793105,0.1367419738406659,0.34827538932894747,0.34827538932894747,0.34827538932894747,3.5293835808868486,0.036069651741293535,1205.717003567182,0.0,1000000.0,0.0,0.0,2.5472564305714993,161.78358208955223,0.2012233608079008,2.19369570060147,1.0,19.78358208955224,19.78358208955224,19.78358208955224,1.0,0.09065479265457795,0.09065479265457795,0.09065479265457795
2,1260,18,0.2576470732688904,0.40392157435417175,58.18333251213354,-3.203426503814917e-16,0.09705881774425507,2.1378973982774223,0.43529412150382996,0.04780749228944598,0.33041866302029965,0.3333333432674408,0.18039216101169586,0.2549019604921341,0.038130476050063394,0.33514629005511837,-0.2536830470398875,58.18333251213354,1.0,0.003146542865587189,0.9562938829312573,93.6147127283302,77.62087348130012,445.5,89.52317713446908,938.4793641885831,2.1065754527240923,518.0,0.07972674960979485,1.0,0.0,0.0,0.0,0.0,1.0,0.0,-3.203426503814917e-16,0.0,1.0,1.0,1.0,1.0,0.0,0.0,0.0,1.0,1.0,-3.203426503814917e-16,1,1.0,2.0,-3.203426503814917e-16,0.0,518.0,1.0,0.0,1.0,4.764517206625069,4.764517206625069,4.764517206625069,1.0,1.6902214661730974,116.33933601701243,0.3962323014368846,0.5641891891891891,1.5992864218132448,0.631364542025971,0.631364542025971,0.631364542025971,1.0,2162.9523809523807,2162.9523809523807,2162.9523809523807,1.0,2.238095238095238,0.10657596371882086,0.26309258685226783,0.26309258685226783,0.26309258685226783,3.613054185797791,0.04054054054054054,1554.5079365079364,0.0,1000000.0,0.0,0.0,2.5817154794073778,99.45173745173746,0.1919917711423503,2.411979547114682,1.0,22.54054054054054,22.54054054054054,22.54054054054054,1.0,0.07966257134199312,0.07966257134199312,0.07966257134199312
1,1263,27,0.3960784375667572,0.48117647171020517,36.223483927579906,-3.203426503814917e-16,0.04313725233078003,3.779857171628459,0.5058823823928833,0.027436152945619453,0.442242118327514,0.4470588266849518,0.3333333432674408,0.1725490391254425,0.018025894455442993,0.44369669874360995,-0.9544946315398828,36.223483927579906,1.0,0.0012886692531708696,0.7652455707657471,48.21312252182586,43.86342439892262,152.0,36.894878462613526,369.52900397563593,2.431111868260763,184.0,0.1182709797670836,1.0,0.0,0.0,0.0,0.0,1.0,0.0,-3.203426503814917e-16,0.0,1.0,1.0,1.0,1.0,0.0,0.0,0.0,1.0,1.0,-3.203426503814917e-16,1,1.0,2.0,-3.203426503814917e-16,0.0,184.0,1.0,0.0,1.0,3.628254191458894,3.628254191458894,3.628254191458894,1.0,1.4874598921947682,52.500225147511856,0.4564673746590216,0.6222826086956522,1.0206965878014753,0.6953920270848307,0.6953920270848307,0.6953920270848307,1.0,987.6,987.6,987.6,1.0,2.4,0.24,0.425958463459696,0.425958463459696,0.425958463459696,2.3219280948873604,0.05434782608695652,649.04,0.0,1000000.0,0.0,0.0,2.3867520124539765,38.380434782608695,0.20858931947069942,1.695179584120983,1.0,17.869565217391305,17.869565217391305,17.869565217391305,1.0,0.10469122794045153,0.10469122794045153,0.10469122794045153
1,1264,19,0.6901960968971252,0.8823529481887817,208.01653913441464,-3.203426503814917e-16,0.12058822810649872,2.221433326424947,0.9686274528503418,0.06451431402720682,0.7716763141871876,0.7568627595901489,0.5882353186607361,0.3803921341896057,0.05078962729653288,0.775373374788352,0.452448703097524,208.01653913441464,1.0,0.005719536453155036,0.8361566628636222,74.19072759525147,61.07372593840988,294.5,62.03507120146952,621.4772721475281,2.1102793621308256,346.0,0.09788639417172501,1.0,0.0,0.0,0.0,0.0,1.0,0.0,-3.203426503814917e-16,0.0,1.0,1.0,1.0,1.0,0.0,0.0,0.0,1.0,1.0,-3.203426503814917e-16,1,1.0,2.0,-3.203426503814917e-16,0.0,346.0,1.0,0.0,1.0,5.7133959709975075,5.7133959709975075,5.7133959709975075,1.0,1.6968336188986015,75.58574042275197,0.39505711600436416,0.5491329479768786,2.350581606380815,0.6353085828525534,0.6353085828525534,0.6353085828525534,1.0,1866.7142857142858,1866.7142857142858,1866.7142857142858,1.0,2.857142857142857,0.20408163265306123,0.41879318950459615,0.41879318950459615,0.41879318950459615,2.638460066586153,0.04046242774566474,1255.9183673469386,0.0,1000000.0,0.0,0.0,2.70078973784226,61.32947976878613,0.177252831701694,2.8801831000033413,1.0,24.104046242774565,24.104046242774565,24.104046242774565,1.0,0.08274132429143782,0.08274132429143782,0.08274132429143782
1,1263,29,0.5200000286102295,0.6839215874671937,76.72638796515864,-3.203426503814917e-16,0.07450979948043823,4.2443248514375815,0.8352941274642944,0.05168951901721394,0.5904581414939072,0.5803921818733215,0.3843137323856354,0.45098039507865906,0.03140949734134605,0.5946241037195124,0.546526391829302,76.72638796515864,1.0,0.004937007867794444,0.6924648180459929,60.23533846146008,46.14108798023731,181.5,41.71085268765375,417.2274887854712,2.2987740428951584,217.0,0.11446437275709215,1.0,0.0,0.0,0.0,0.0,1.0,0.0,-3.203426503814917e-16,0.0,1.0,1.0,1.0,1.0,0.0,0.0,0.0,1.0,1.0,-3.203426503814917e-16,1,1.0,2.0,-3.203426503814917e-16,0.0,217.0,1.0,0.0,1.0,3.8298641712978094,3.8298641712978094,3.8298641712978094,1.0,1.6063445541370809,54.965449335119004,0.42178793529849923,0.599078341013825,1.0271421304145016,0.6649146516170628,0.6649146516170628,0.6649146516170628,1.0,623.9375,623.9375,623.9375,1.0,4.625,0.2890625,0.5388559091351985,0.5388559091351985,0.5388559091351985,2.3749999999999973,0.07373271889400922,439.99609375,0.0,1000000.0,0.0,0.0,2.649947900273104,38.68663594470046,0.178279428316592,2.3947843445390644,1.0,20.096774193548388,20.096774193548388,20.096774193548388,1.0,0.11324233648912714,0.11324233648912714,0.11324233648912714
2,1261,22,0.6533333539962769,0.8235294222831726,313.05589891409164,-3.203426503814917e-16,0.10196077823638916,2.4377193409297924,0.8745098114013672,0.05364003535137442,0.7402635282940335,0.7490196228027344,0.5647059082984924,0.30980390310287476,0.04041329789752802,0.7430523574048862,-0.2676696644934846,313.05589891409164,1.0,0.004136714522627507,0.8976259814868143,117.80734777776591,92.78469701410896,479.0,105.7469361753756,1092.6875169902894,2.2811847953868254,567.0,0.0710030013487376,1.0,0.0,0.0,0.0,0.0,1.0,0.0,-3.203426503814917e-16,0.0,1.0,1.0,1.0,1.0,0.0,0.0,0.0,1.0,1.0,-3.203426503814917e-16,1,1.0,2.0,-3.203426503814917e-16,0.0,567.0,1.0,0.0,1.0,4.088020729894792,4.088020729894792,4.088020729894792,1.0,1.5921106684382176,145.82842992317302,0.42873320116891156,0.5970017636684304,1.256993354874983,0.6657462399181576,0.6657462399181576,0.6657462399181576,1.0,1467.7407407407406,1467.7407407407406,1467.7407407407406,1.0,5.222222222222222,0.1934156378600823,0.41921936890239236,0.41921936890239236,0.41921936890239236,3.1973412871630837,0.047619047619047616,1026.7407407407406,0.0,1000000.0,0.0,0.0,2.501811948654963,113.41269841269842,0.20002239578959155,1.9092659468908733,1.0,19.75132275132275,19.75132275132275,19.75132275132275,1.0,0.09450579790999292,0.09450579790999292,0.09450579790999292
1,1264,23,0.37960785031318667,0.49803921580314636,65.49556560718113,-3.203426503814917e-16,0.054901957511901855,3.0593283085676823,0.5607843399047852,0.03601017726629334,0.4246545488787893,0.4156862795352936,0.3019607961177826,0.25882354378700256,0.024335151206253576,0.42712867079225764,0.7328941317685598,65.49556560718113,1.0,0.002107415529312807,0.854085580390102,73.93261069894997,61.220911460055866,311.0,63.144776718568146,682.4478348960054,2.194366028604519,359.0,0.09160425905247181,1.0,0.0,0.0,0.0,0.0,1.0,0.0,-3.203426503814917e-16,0.0,1.0,1.0,1.0,1.0,0.0,0.0,0.0,1.0,1.0,-3.203426503814917e-16,1,1.0,2.0,-3.203426503814917e-16,0.0,359.0,1.0,0.0,1.0,3.984795792620281,3.984795792620281,3.984795792620281,1.0,1.6020488407415976,89.27905017451053,0.4181476273848907,0.5933147632311977,1.1378227316950411,0.6543611658555408,0.6543611658555408,0.6543611658555408,1.0,3406.5,3406.5,3406.5,1.0,2.2,0.22,0.40211349432832416,0.40211349432832416,0.40211349432832416,2.52192809488736,0.027855153203342618,2117.69,0.0,1000000.0,0.0,0.0,2.4560477061721393,74.19777158774373,0.20667902949232236,1.7881146173602005,1.0,19.880222841225628,19.880222841225628,19.880222841225628,1.0,0.08557222285385835,0.08557222285385835,0.08557222285385835
2,1299,17,0.5058823823928833,0.8313725590705872,301.46016028761017,-3.203426503814917e-16,0.15980391204357147,2.4766103158538675,0.9529411792755127,0.09589158108179198,0.6747297218005606,0.6882353127002716,0.3764705955982208,0.5764705836772919,0.06855855237416245,0.6852474827370938,-0.10414926938459172,301.46016028761017,1.0,0.014303915116461797,0.9138351356069625,134.55253344117594,103.77379245262264,552.5,122.95883264347736,1175.5159441150279,2.1276306680814985,642.0,0.0708830749325289,1.0,0.0,0.0,0.0,0.0,1.0,0.0,-3.203426503814917e-16,0.0,1.0,1.0,1.0,1.0,0.0,0.0,0.0,1.0,1.0,-3.203426503814917e-16,1,1.0,2.0,-3.203426503814917e-16,0.0,642.0,1.0,0.0,1.0,4.9412769626193445,4.9412769626193445,4.9412769626193445,1.0,1.6467226708342408,149.51808350516183,0.4047797780700414,0.5728193146417445,1.8768974290043416,0.6449999753890028,0.6449999753890028,0.6449999753890028,1.0,2843.304347826087,2843.304347826087,2843.304347826087,1.0,3.1739130434782608,0.13799621928166353,0.34502624713644137,0.34502624713644137,0.34502624713644137,3.37545882751063,0.03582554517133956,2064.1663516068047,0.0,1000000.0,0.0,0.0,2.544172796542316,124.92523364485982,0.19458759134713366,2.2681068700808416,1.0,21.781931464174455,21.781931464174455,21.781931464174455,1.0,0.0828604821125404,0.0828604821125404,0.0828604821125404
0,1284,19,0.550980418920517,0.7019608020782471,47.07434414766429,-3.203426503814917e-16,0.054901957511901855,5.901590524205067,0.8627451062202454,0.0504468423979623,0.6072518130143484,0.5843137502670288,0.5254902243614197,0.3372548818588257,0.02831709909621391,0.611233102779818,1.797686942815968,47.07434414766429,1.0,0.00485114152463052,0.7598377595521152,36.468074627571134,33.24154027718932,104.0,27.70982012019299,252.0904037956227,2.423946190342526,126.0,0.14340532819388238,1.0,0.0,0.0,0.0,0.0,1.0,0.0,-3.203426503814917e-16,0.0,1.0,1.0,1.0,1.0,0.0,0.0,0.0,1.0,1.0,-3.203426503814917e-16,1,1.0,2.0,-3.203426503814917e-16,0.0,126.0,1.0,0.0,1.0,3.391918704413024,3.391918704413024,3.391918704413024,1.0,1.4841524737530984,34.36552947683254,0.4360022716014249,0.623015873015873,0.793562805362351,0.6673251030378688,0.6673251030378688,0.6673251030378688,1.0,498.44444444444446,498.44444444444446,498.44444444444446,1.0,2.3333333333333335,0.25925925925925924,0.47341490161082844,0.47341490161082844,0.47341490161082844,2.2810361125534215,0.07142857142857142,302.4444444444444,0.0,1000000.0,0.0,0.0,2.3799468972473186,27.0,0.21428571428571427,1.7140337616528092,1.0,17.841269841269842,17.841269841269842,17.841269841269842,1.0,0.10962405067847246,0.10962405067847246,0.10962405067847246
1,1380,11,0.007843137718737125,0.2705882489681244,1759.7577460452758,-3.203426503814917e-16,0.19607843272387981,4.437712953429189,0.9921568632125854,0.09884086209332188,0.1156111244804768,0.06666667014360428,0.0,0.9921568632125854,0.07657208356760906,0.16541582622633716,1.2096092550693687,1759.7577460452758,1.0,0.013996463462501472,0.9988420380154109,298.34937069683116,361.33225707096784,64300.0,298.00389346743816,1514.298556597337,0.02355052187554179,64313.0,0.5936068584618225,1.0,0.0,0.0,0.0,0.0,1.0,0.0,-3.203426503814917e-16,0.0,1.0,1.0,1.0,1.0,0.0,0.0,0.0,1.0,1.0,-3.203426503814917e-16,1,1.0,2.0,-3.203426503814917e-16,0.0,64313.0,1.0,0.0,1.0,24958.587664113526,24958.587664113526,24958.587664113526,1.0,4.9378684801550845,69.64620907689768,0.163678618735252,0.008544151260242874,8294.117783147502,0.15808114539476809,0.15808114539476809,0.15808114539476809,1.0,459316341.8888889,459316341.8888889,459316341.8888889,1.0,2.111111111111111,0.2345679012345679,0.41512345681700186,0.41512345681700186,0.41512345681700186,2.1971597234241473,0.00013994060298850932,408252613.8765432,0.0,1000000.0,0.0,0.0,0.18381304127334464,61524.63394648049,0.9566438192353101,0.22853107907390074,1.0,80.00284545892744,80.00284545892744,80.00284545892744,1.0,0.012860495826018146,0.012860495826018146,0.012860495826018146
1,1380,39,0.3607843220233917,0.5333333611488342,145.1256826487134,-3.203426503814917e-16,0.1098039448261261,1.9797597796699125,0.5843137502670288,0.05605692744402339,0.4436098098589773,0.4313725531101227,0.2823529541492462,0.3019607961177826,0.04531444146407922,0.4483359238578665,0.1322962867192885,145.1256826487134,1.0,0.004215437218368671,0.8871525467529497,154.2884595768983,118.6001686339442,623.5,136.8773998482349,1315.5403307326533,2.109928357229596,722.0,0.06728511423127645,1.0,0.0,0.0,0.0,0.0,1.0,0.0,-3.203426503814917e-16,0.0,1.0,1.0,1.0,1.0,0.0,0.0,0.0,1.0,1.0,-3.203426503814917e-16,1,1.0,2.0,-3.203426503814917e-16,0.0,722.0,1.0,0.0,1.0,5.036374724448793,5.036374724448793,5.036374724448793,1.0,1.6410953970331996,166.79860417478903,0.4018227555681251,0.5734072022160664,1.9842745611646095,0.638827548425198,0.638827548425198,0.638827548425198,1.0,3063.8518518518517,3063.8518518518517,3063.8518518518517,1.0,4.555555555555555,0.16872427983539096,0.4056349885415402,0.4056349885415402,0.4056349885415402,3.3484368187917193,0.037396121883656507,2348.7846364883403,0.0,1000000.0,0.0,0.0,2.5547365825576915,140.98614958448752,0.195271675324775,2.239616025045848,1.0,21.71191135734072,21.71191135734072,21.71191135734072,1.0,0.08477392681962495,0.08477392681962495,0.08477392681962495
1,1270,25,0.364705890417099,0.5490196347236633,127.26415025384838,-3.203426503814917e-16,0.08627450466156006,2.942805504736978,0.6352941393852234,0.053644753450012204,0.44601098980903625,0.43921568989753723,0.2549019753932953,0.3803921639919281,0.03682613101553374,0.4512456541687215,0.24015021914382162,127.26415025384838,1.0,0.004696837375721161,0.9170227035927949,123.09274593356277,98.41239759298622,549.0,112.87884266865674,1150.2022356160435,2.0950860393734856,625.0,0.0722132509532807,1.0,0.0,0.0,0.0,0.0,1.0,0.0,-3.203426503814917e-16,0.0,1.0,1.0,1.0,1.0,0.0,0.0,0.0,1.0,1.0,-3.203426503814917e-16,1,1.0,2.0,-3.203426503814917e-16,0.0,625.0,1.0,0.0,1.0,4.384341249152067,4.384341249152067,4.384341249152067,1.0,1.6365522843739813,152.6278408236189,0.4175093556140156,0.5848,1.4571146006422788,0.6599100137632717,0.6599100137632717,0.6599100137632717,1.0,2561.8695652173915,2561.8695652173915,2561.8695652173915,1.0,3.347826086956522,0.14555765595463138,0.35422419731716975,0.35422419731716975,0.35422419731716975,3.2556811100252623,0.0368,1823.4480151228736,0.0,1000000.0,0.0,0.0,2.48393333682891,126.5808,0.20252928,1.85657344,1.0,20.5328,20.5328,20.5328,1.0,0.08384218820861679,0.08384218820861679,0.08384218820861679
0,1382,19,0.5882353186607361,0.772549033164978,225.80079635821153,-3.203426503814917e-16,0.08627450466156006,3.75692461786896,0.9254902005195618,0.05644924582983004,0.6782292484622641,0.6784313917160034,0.4156862795352936,0.5098039209842682,0.0364674425040986,0.6823259135376379,-0.11652732968248326,225.80079635821153,1.0,0.005573738815284732,0.7913748155465749,97.43957565572859,78.81624198095213,410.0,77.11122621148874,932.0945878777327,2.2734014338481283,485.0,0.07700818259235208,1.0,0.0,0.0,0.0,0.0,1.0,0.0,-3.203426503814917e-16,0.0,1.0,1.0,1.0,1.0,0.0,0.0,0.0,1.0,1.0,-3.203426503814917e-16,1,1.0,2.0,-3.203426503814917e-16,0.0,485.0,1.0,0.0,1.0,4.16838950372439,4.16838950372439,4.16838950372439,1.0,1.6110914298047991,122.61793918402864,0.4248256484572098,0.5917525773195876,1.2813967937063153,0.664660504663255,0.664660504663255,0.664660504663255,1.0,3924.0714285714284,3924.0714285714284,3924.0714285714284,1.0,2.142857142857143,0.15306122448979592,0.3296954002826737,0.3296954002826737,0.3296954002826737,2.9502120649147443,0.0288659793814433,2723.9438775510203,0.0,1000000.0,0.0,0.0,2.4375541579374294,102.34020618556701,0.21101073440323095,2.0426570305027103,1.0,20.24123711340206,20.24123711340206,20.24123711340206,1.0,0.08380676921398571,0.08380676921398571,0.08380676921398571
0,1285,23,0.545098066329956,0.6705882549285889,132.68410095854313,-3.203426503814917e-16,0.07843136787414551,2.57907878831511,0.7490196228027344,0.04067515472979203,0.6034557705755392,0.5921568870544434,0.5098039507865906,0.2392156720161438,0.030977405106654598,0.6054177612453525,0.471689298088881,132.68410095854313,1.0,0.002371798590416851,0.8114761865120491,87.54212447466209,79.40403012442127,308.0,71.03834932786192,697.3595231414373,2.2641542959137575,362.0,0.08921205721793779,1.0,0.0,0.0,0.0,0.0,1.0,0.0,-3.203426503814917e-16,0.0,1.0,1.0,1.0,1.0,0.0,0.0,0.0,1.0,1.0,-3.203426503814917e-16,1,1.0,2.0,-3.203426503814917e-16,0.0,362.0,1.0,0.0,1.0,3.6801041048641117,3.6801041048641117,3.6801041048641117,1.0,1.565611045505841,94.4067032496989,0.42790935621952925,0.6077348066298343,0.9559766045172804,0.6672587761728778,0.6672587761728778,0.6672587761728778,1.0,1094.7,1094.7,1094.7,1.0,3.3,0.165,0.38331789398843885,0.38331789398843885,0.38331789398843885,3.1393538721671965,0.055248618784530384,767.09,0.0,1000000.0,0.0,0.0,2.45596265061907,74.62983425414365,0.2061597631329935,1.787552272519154,1.0,18.91160220994475,18.91160220994475,18.91160220994475,1.0,0.09765035595269415,0.09765035595269415,0.09765035595269415
0,1285,17,0.3843137323856354,0.46549019813537595,83.32289312976548,-3.203426503814917e-16,0.05098038911819458,2.5051089145635346,0.5176470875740051,0.027180307581312024,0.42254057295363523,0.41960784792900085,0.3333333432674408,0.18431374430656433,0.020866378221814526,0.42376314222770894,0.28719852638479115,83.32289312976548,1.0,0.0010346649187151077,0.6846741105648908,107.63749116705912,82.3286098510111,407.0,73.69660352824249,842.4133470106001,2.069811663416708,464.0,0.08489398056116784,1.0,0.0,0.0,0.0,0.0,1.0,0.0,-3.203426503814917e-16,0.0,1.0,1.0,1.0,1.0,0.0,0.0,0.0,1.0,1.0,-3.203426503814917e-16,1,1.0,2.0,-3.203426503814917e-16,0.0,464.0,1.0,0.0,1.0,4.381284360789063,4.381284360789063,4.381284360789063,1.0,1.6587706586923425,111.31709391819167,0.4138488226113053,0.5792025862068966,1.395854051803999,0.6595006247918158,0.6595006247918158,0.6595006247918158,1.0,1568.0,1568.0,1568.0,1.0,5.380952380952381,0.2562358276643991,0.4924285381093463,0.4924285381093463,0.4924285381093463,2.7152088061657276,0.04525862068965517,1079.800453514739,0.0,1000000.0,0.0,0.0,2.6034654056847244,88.70689655172414,0.19117865636147444,2.4131799940546967,1.0,21.478448275862068,21.478448275862068,21.478448275862068,1.0,0.09256063356856152,0.09256063356856152,0.09256063356856152
2,1360,14,0.43921568989753723,0.5490196347236633,93.3862259015182,-3.203426503814917e-16,0.04705885052680969,6.2674903516722615,0.7215686440467834,0.035641914968842184,0.49565082677501315,0.4941176474094391,0.3294117748737335,0.3921568691730499,0.020847874006831624,0.49836494868570547,0.8462312320192495,93.3862259015182,1.0,0.0026978799957518094,0.9661936764695643,61.63766803470171,52.80151512977634,320.5,59.55392508745899,686.3889603929599,2.141619221194883,376.0,0.09245888654663631,1.0,0.0,0.0,0.0,0.0,1.0,0.0,-3.203426503814917e-16,0.0,1.0,1.0,1.0,1.0,0.0,0.0,0.0,1.0,1.0,-3.203426503814917e-16,1,1.0,2.0,-3.203426503814917e-16,0.0,376.0,1.0,0.0,1.0,4.827153735797312,4.827153735797312,4.827153735797312,1.0,1.6802310340811224,86.21937075317453,0.4046648562019782,0.5631648936170213,1.6457000122628989,0.6438075243998066,0.6438075243998066,0.6438075243998066,1.0,6421.384615384615,6421.384615384615,6421.384615384615,1.0,4.230769230769231,0.3254437869822485,0.5599048306704529,0.5599048306704529,0.5599048306704529,2.1887870678023797,0.034574468085106384,5584.84023668639,0.0,1000000.0,0.0,0.0,2.6788054325483275,69.37234042553192,0.18450090538705297,2.909546174739701,1.0,23.111702127659573,23.111702127659573,23.111702127659573,1.0,0.0882988938039755,0.0882988938039755,0.0882988938039755
1,1263,39,0.5137255191802979,0.6705882549285889,129.37275894598633,-3.203426503814917e-16,0.09803920984268188,2.169795619538123,0.7254902124404907,0.049845306214212744,0.5899936292806397,0.5882353186607361,0.4313725531101227,0.29411765933036804,0.03951280545834657,0.5929219258716198,0.016598722455646402,129.37275894598633,1.0,0.0034639275875696933,0.8235636017089797,67.28565065077974,60.166435825965294,322.0,55.414012793288315,670.3473298326171,2.0818240056913573,368.0,0.09489273936745703,1.0,0.0,0.0,0.0,0.0,1.0,0.0,-3.203426503814917e-16,0.0,1.0,1.0,1.0,1.0,0.0,0.0,0.0,1.0,1.0,-3.203426503814917e-16,1,1.0,2.0,-3.203426503814917e-16,0.0,368.0,1.0,0.0,1.0,4.404872044939228,4.404872044939228,4.404872044939228,1.0,1.6674033613739567,84.35460125044885,0.397745024033565,0.5754076086956522,1.3637188359421524,0.6364300874309421,0.6364300874309421,0.6364300874309421,1.0,3222.5454545454545,3222.5454545454545,3222.5454545454545,1.0,1.1818181818181819,0.10743801652892562,0.2215370310588782,0.2215370310588782,0.2215370310588782,3.277613436819112,0.029891304347826088,2103.3388429752067,0.0,1000000.0,0.0,0.0,2.5123465675461985,70.8913043478261,0.19263941398865783,2.0219458884688093,1.0,21.35326086956522,21.35326086956522,21.35326086956522,1.0,0.0800332433698117,0.0800332433698117,0.0800332433698117
1,1264,27,0.5137255191802979,0.6235294342041016,63.16180455141013,-3.203426503814917e-16,0.0627450942993164,2.6107358025452827,0.6745098233222961,0.03545240993844346,0.5719362983169655,0.5764706134796143,0.4431372582912445,0.23137256503105164,0.026231978831916098,0.5735570869918656,-0.322471449743106,63.16180455141013,1.0,0.0018566027060814777,0.7945787125385355,39.646830284780975,38.01315561749642,166.5,31.50252736391509,325.58787847868143,1.9554827536257142,192.0,0.14048948582687978,1.0,0.0,0.0,0.0,0.0,1.0,0.0,-3.203426503814917e-16,0.0,1.0,1.0,1.0,1.0,0.0,0.0,0.0,1.0,1.0,-3.203426503814917e-16,1,1.0,2.0,-3.203426503814917e-16,0.0,192.0,1.0,0.0,1.0,5.867635835554751,5.867635835554751,5.867635835554751,1.0,1.7244965045001415,41.02795101830179,0.3997851187379029,0.5325520833333334,2.3221594393835443,0.6446731211145221,0.6446731211145221,0.6446731211145221,1.0,2398.6666666666665,2398.6666666666665,2398.6666666666665,1.0,1.8888888888888888,0.20987654320987653,0.308248312317163,0.308248312317163,0.308248312317163,2.419381945646369,0.046875,1943.5555555555557,0.0,1000000.0,0.0,0.0,2.7749109766623423,31.302083333333332,0.1630316840277778,3.859266493055556,1.0,26.322916666666668,26.322916666666668,26.322916666666668,1.0,0.08299240008503402,0.08299240008503402,0.08299240008503402
1,1380,23,0.3843137323856354,0.49803921580314636,87.29295154968855,-3.203426503814917e-16,0.0627450942993164,4.988399799973299,0.5647059082984924,0.03639610373772095,0.4363242934147517,0.43529412150382996,0.21568627655506134,0.3490196317434311,0.024980460654263834,0.43897570809227954,-0.5203628115679251,87.29295154968855,1.0,0.0023207832712359142,0.7603391794507629,111.25341203778187,84.90583018850944,385.5,84.59032801990469,880.9818895055244,2.285296730234823,453.0,0.0790041932356771,1.0,0.0,0.0,0.0,0.0,1.0,0.0,-3.203426503814917e-16,0.0,1.0,1.0,1.0,1.0,0.0,0.0,0.0,1.0,1.0,-3.203426503814917e-16,1,1.0,2.0,-3.203426503814917e-16,0.0,453.0,1.0,0.0,1.0,3.647295739341819,3.647295739341819,3.647295739341819,1.0,1.5597700572423903,119.22526003766419,0.4301571732185791,0.6103752759381897,0.9485924009324812,0.6732110921584266,0.6732110921584266,0.6732110921584266,1.0,1916.6818181818182,1916.6818181818182,1916.6818181818182,1.0,3.909090909090909,0.17768595041322313,0.4127273705345077,0.4127273705345077,0.4127273705345077,3.061482186720773,0.04856512141280353,1492.6962809917354,0.0,1000000.0,0.0,0.0,2.4703282349035973,92.45695364238411,0.20409923541365144,1.8339936357567164,1.0,18.783664459161148,18.783664459161148,18.783664459161148,1.0,0.09668652357926247,0.09668652357926247,0.09668652357926247
1,1263,33,0.4713725507259369,0.6705882549285889,77.79056350142542,-3.203426503814917e-16,0.08431372046470642,3.233920831152454,0.772549033164978,0.058409897676033426,0.5560530501338634,0.5411764979362488,0.35686275362968445,0.4156862795352936,0.038453458663262025,0.5611965365514562,0.3313034863377233,77.79056350142542,1.0,0.005746558074177148,0.8646551382195212,43.178521365573154,38.01315561749642,219.5,37.3345303594642,449.5706345359788,2.04815778831881,247.0,0.11682189814299734,1.0,0.0,0.0,0.0,0.0,1.0,0.0,-3.203426503814917e-16,0.0,1.0,1.0,1.0,1.0,0.0,0.0,0.0,1.0,1.0,-3.203426503814917e-16,1,1.0,2.0,-3.203426503814917e-16,0.0,247.0,1.0,0.0,1.0,4.38653340117431,4.38653340117431,4.38653340117431,1.0,1.6919638121120966,56.96876919659474,0.4015193926817292,0.5728744939271254,1.3267261467066116,0.6445115452540733,0.6445115452540733,0.6445115452540733,1.0,5706.75,5706.75,5706.75,1.0,1.0,0.25,0.25015106570630125,0.25015106570630125,0.25015106570630125,1.9999999999999987,0.016194331983805668,1893.6875,0.0,1000000.0,0.0,0.0,2.4026231536649005,52.53846153846154,0.21270632201806292,1.7329902145585079,1.0,21.242914979757085,21.242914979757085,21.242914979757085,1.0,0.0719657609632547,0.0719657609632547,0.0719657609632547
0,1284,17,0.5058823823928833,0.686274528503418,56.769231650139176,-3.203426503814917e-16,0.11372548341751099,2.3865725981155506,0.7372549176216125,0.06266902931046826,0.5748927018346166,0.5490196347236633,0.4117647111415863,0.32549020648002625,0.049369828318853594,0.5795796867682933,0.3912138328580742,56.769231650139176,1.0,0.005410994691727668,0.6451509541741525,46.604404366167756,38.27531841800928,141.0,30.066875945551168,337.73001410241244,2.3952483269674643,169.0,0.12463638101621397,1.0,0.0,0.0,0.0,0.0,1.0,0.0,-3.203426503814917e-16,0.0,1.0,1.0,1.0,1.0,0.0,0.0,0.0,1.0,1.0,-3.203426503814917e-16,1,1.0,2.0,-3.203426503814917e-16,0.0,169.0,1.0,0.0,1.0,3.6853260275989137,3.6853260275989137,3.6853260275989137,1.0,1.5082672933379293,46.32808030372101,0.44108054228537286,0.6183431952662721,1.0238850729424005,0.6733530883642643,0.6733530883642643,0.6733530883642643,1.0,1027.3,1027.3,1027.3,1.0,1.8,0.18,0.2826458158226338,0.2826458158226338,0.2826458158226338,2.6464393446710135,0.05917159763313609,741.69,0.0,1000000.0,0.0,0.0,2.368046199354078,35.17751479289941,0.20815097510591365,1.6717201778649209,1.0,18.100591715976332,18.100591715976332,18.100591715976332,1.0,0.09584889774450213,0.09584889774450213,0.09584889774450213
2,1359,16,0.4588235318660736,0.5568627715110779,140.63779560920437,-3.203426503814917e-16,0.0627451241016388,2.6223666850430822,0.6274510025978088,0.0326915601408898,0.5121730671702809,0.5176470875740051,0.4000000059604645,0.22745099663734436,0.02522416037017161,0.5136738067632073,0.022968748819386438,140.63779560920437,1.0,0.0015395290199917942,0.9413386114307485,103.57656243107704,89.0,451.5,97.50061745564028,969.9940828143444,2.1483811358014275,533.0,0.07765415966763513,1.0,0.0,0.0,0.0,0.0,1.0,0.0,-3.203426503814917e-16,0.0,1.0,1.0,1.0,1.0,0.0,0.0,0.0,1.0,1.0,-3.203426503814917e-16,1,1.0,2.0,-3.203426503814917e-16,0.0,533.0,1.0,0.0,1.0,5.181775519114997,5.181775519114997,5.181775519114997,1.0,1.6719610464875447,124.31306162537886,0.41211559433099315,0.5637898686679175,2.0112490225672284,0.6574576152804786,0.6574576152804786,0.6574576152804786,1.0,2382.0384615384614,2382.0384615384614,2382.0384615384614,1.0,4.846153846153846,0.1863905325443787,0.4264952692416172,0.4264952692416172,0.4264952692416172,3.0860486238704317,0.04878048780487805,1961.7884615384617,0.0,1000000.0,0.0,0.0,2.7857481481907223,89.61913696060037,0.16814096990731778,3.364340048365125,1.0,23.52157598499062,23.52157598499062,23.52157598499062,1.0,0.09328938875251301,0.09328938875251301,0.09328938875251301
2,1260,10,0.647451001405716,0.7647058963775635,156.051541672468,-3.203426503814917e-16,0.06666666269302368,2.5720237757007283,0.8078431487083435,0.036911907534186654,0.7057692483067513,0.7019608020782471,0.5803921818733215,0.22745096683502197,0.02662879092753202,0.7072235839309706,-0.014531508234444513,156.051541672468,1.0,0.0020549658126899906,0.9269014205667397,67.02380992992701,56.60388679233962,261.5,62.124464635844504,618.4478348960052,2.3650012806730603,312.0,0.09269102936264592,1.0,0.0,0.0,0.0,0.0,1.0,0.0,-3.203426503814917e-16,0.0,1.0,1.0,1.0,1.0,0.0,0.0,0.0,1.0,1.0,-3.203426503814917e-16,1,1.0,2.0,-3.203426503814917e-16,0.0,312.0,1.0,0.0,1.0,3.528227701280069,3.528227701280069,3.528227701280069,1.0,1.543285977303276,81.915264212115,0.425158604654086,0.6145833333333334,0.8501682432164981,0.6616601509820484,0.6616601509820484,0.6616601509820484,1.0,910.8888888888889,910.8888888888889,910.8888888888889,1.0,2.7777777777777777,0.15432098765432098,0.3647455536646284,0.3647455536646284,0.3647455536646284,3.1971597234241447,0.057692307692307696,610.4444444444443,0.0,1000000.0,0.0,0.0,2.4115542543904365,65.62820512820512,0.21034681130834976,1.6917735042735043,1.0,18.365384615384617,18.365384615384617,18.365384615384617,1.0,0.09833180708180708,0.09833180708180708,0.09833180708180708
1,1263,45,0.3921568691730499,0.5568627715110779,130.62285827028353,-3.203426503814917e-16,0.07450979948043823,3.4436314162014705,0.658823549747467,0.050543113717147405,0.4608005814093658,0.45098039507865906,0.2666666805744171,0.3921568691730499,0.03371324697046183,0.4654263158720986,0.4700488580379352,130.62285827028353,1.0,0.004284479679064992,0.8193378847350967,134.99336499116384,106.30145812734649,518.0,110.60517812513304,1160.888527117061,2.241097542697029,603.0,0.06949911794490861,1.0,0.0,0.0,0.0,0.0,1.0,0.0,-3.203426503814917e-16,0.0,1.0,1.0,1.0,1.0,0.0,0.0,0.0,1.0,1.0,-3.203426503814917e-16,1,1.0,2.0,-3.203426503814917e-16,0.0,603.0,1.0,0.0,1.0,3.9545597825428938,3.9545597825428938,3.9545597825428938,1.0,1.5587045682514038,164.78542359080348,0.4485927991030884,0.6082089552238806,1.2460734366158928,0.689485807081034,0.689485807081034,0.689485807081034,1.0,1287.8076923076924,1287.8076923076924,1287.8076923076924,1.0,2.769230769230769,0.10650887573964497,0.29025384221349376,0.29025384221349376,0.29025384221349376,3.790767239125578,0.04311774461028192,749.9245562130178,0.0,1000000.0,0.0,0.0,2.518228497612697,122.59203980099502,0.20330354859203156,2.0665330066087475,1.0,19.1592039800995,19.1592039800995,19.1592039800995,1.0,0.09261433656442739,0.09261433656442739,0.09261433656442739
0,1382,11,0.0117647061124444,0.2235294133424759,1473.4913864918014,-3.203426503814917e-16,0.16078431718051434,9.36715429965974,0.9960784316062927,0.08121132471112379,0.11196189739296555,0.09019608050584793,0.0,0.9960784316062927,0.06412593028423509,0.15037648544821935,1.6496797491990312,1473.4913864918014,1.0,0.010077620907925586,0.9992383612734438,296.4434638173171,361.33225707096784,65148.5,296.2176809950393,1282.776695296638,0.019690041908818134,65161.0,0.705352290698167,1.0,0.0,0.0,0.0,0.0,1.0,0.0,-3.203426503814917e-16,0.0,1.0,1.0,1.0,1.0,0.0,0.0,0.0,1.0,1.0,-3.203426503814917e-16,1,1.0,2.0,-3.203426503814917e-16,0.0,65161.0,1.0,0.0,1.0,31950.405881475646,31950.405881475646,31950.405881475646,1.0,4.75041763599685,84.78700888793071,0.24687152074643037,0.007166863614738877,7467.474557792794,0.08923806042127096,0.08923806042127096,0.08923806042127096,1.0,1061358663.75,1061358663.75,1061358663.75,1.0,1.5,0.375,0.5625000000588868,0.5625000000588868,0.5625000000588868,1.4999999999999991,6.138641211767775e-05,795986418.6875,0.0,1000000.0,0.0,0.0,0.15326561923796594,62737.44001780206,0.9628065870352214,0.18166996792993792,1.0,80.15292889918817,80.15292889918817,80.15292889918817,1.0,0.012727205179450297,0.012727205179450297,0.012727205179450297
1,1270,23,0.3960784375667572,0.5686274766921997,144.995795137409,-3.203426503814917e-16,0.08431375026702881,3.461086939501211,0.615686297416687,0.053440965534829264,0.48403270459155473,0.48627451062202454,0.23137255012989044,0.38431374728679657,0.03793902948259385,0.48874616021262496,-0.6190190596116553,144.995795137409,1.0,0.004585150008369567,0.9069748929683835,109.23368223028466,88.41379982785493,527.0,99.07220724935485,1082.989032180454,2.0550076511963074,607.0,0.07514259364456263,1.0,0.0,0.0,0.0,0.0,1.0,0.0,-3.203426503814917e-16,0.0,1.0,1.0,1.0,1.0,0.0,0.0,0.0,1.0,1.0,-3.203426503814917e-16,1,1.0,2.0,-3.203426503814917e-16,0.0,607.0,1.0,0.0,1.0,4.911996384731855,4.911996384731855,4.911996384731855,1.0,1.721973226358461,133.56319850373984,0.39238917920689415,0.5593080724876441,1.6956541253499635,0.6372511453918517,0.6372511453918517,0.6372511453918517,1.0,3272.8846153846152,3272.8846153846152,3272.8846153846152,1.0,4.615384615384615,0.17751479289940827,0.4112302878993017,0.4112302878993017,0.4112302878993017,3.2689289124151806,0.042833607907743,2727.8417159763317,0.0,1000000.0,0.0,0.0,2.7241326530711363,107.8171334431631,0.17762295460158664,2.812774630952995,1.0,23.29324546952224,23.29324546952224,23.29324546952224,1.0,0.08648291453990835,0.08648291453990835,0.08648291453990835
1,1380,21,0.6313725709915161,0.8196078538894653,306.7426659225539,-3.203426503814917e-16,0.09803920984268188,3.934725511881798,1.0,0.061750240831542194,0.7266311564511954,0.7176470756530762,0.4745098054409027,0.5254901945590973,0.04229222008815178,0.7310231790899784,0.559661120126942,306.7426659225539,1.0,0.006402050841217107,0.9645549259245402,103.2337157465742,85.44003745317531,496.5,99.57458904485192,1034.562625309267,2.0837112292230957,574.0,0.07634977708897403,1.0,0.0,0.0,0.0,0.0,1.0,0.0,-3.203426503814917e-16,0.0,1.0,1.0,1.0,1.0,0.0,0.0,0.0,1.0,1.0,-3.203426503814917e-16,1,1.0,2.0,-3.203426503814917e-16,0.0,574.0,1.0,0.0,1.0,4.773388842902499,4.773388842902499,4.773388842902499,1.0,1.7228478913001175,126.73931307259085,0.3924871432570973,0.5605400696864111,1.5721009083200783,0.6391154850800433,0.6391154850800433,0.6391154850800433,1.0,3100.4210526315787,3100.4210526315787,3100.4210526315787,1.0,2.6842105263157894,0.14127423822714683,0.351133355322563,0.351133355322563,0.351133355322563,3.3263604079526905,0.033101045296167246,2187.74515235457,0.0,1000000.0,0.0,0.0,2.6366646669719827,107.22996515679442,0.18681178598744674,2.5807646080442885,1.0,22.972125435540068,22.972125435540068,22.972125435540068,1.0,0.08126593304117363,0.08126593304117363,0.08126593304117363
1,1380,35,0.7325490355491638,0.9027451038360595,287.43743921832834,-3.203426503814917e-16,0.09411764144897461,2.407924553666561,0.9882352948188782,0.05417820578233801,0.815914815122431,0.8196078538894653,0.6666666865348816,0.3215686082839966,0.03987153974302592,0.8185458697197514,0.2338987268449159,287.43743921832834,1.0,0.00430035529899342,0.7269655510967321,102.39370075602082,80.1311425102625,374.0,74.43669309893455,805.5432893255111,2.1538590623676765,429.0,0.08510436763490098,1.0,0.0,0.0,0.0,0.0,1.0,0.0,-3.203426503814917e-16,0.0,1.0,1.0,1.0,1.0,0.0,0.0,0.0,1.0,1.0,-3.203426503814917e-16,1,1.0,2.0,-3.203426503814917e-16,0.0,429.0,1.0,0.0,1.0,4.231252287523315,4.231252287523315,4.231252287523315,1.0,1.593352020097093,111.81708882708688,0.4367112336409018,0.5967365967365967,1.4214316180311872,0.6813604740147562,0.6813604740147562,0.6813604740147562,1.0,1742.55,1742.55,1742.55,1.0,2.7,0.135,0.32475600117301456,0.32475600117301456,0.32475600117301456,3.3464393446710106,0.046620046620046623,1282.4475,0.0,1000000.0,0.0,0.0,2.545252423995318,85.41958041958041,0.19911324107128303,2.091066664493238,1.0,19.95104895104895,19.95104895104895,19.95104895104895,1.0,0.09026611652603717,0.09026611652603717,0.09026611652603717
0,1281,17,0.3803921639919281,0.5529412031173706,39.007999702753054,-3.203426503814917e-16,0.13823531568050385,1.4377518412586445,0.572549045085907,0.06657918775529717,0.4707934494281924,0.48627451062202454,0.34117648005485535,0.23137256503105164,0.05864616927587898,0.47622546755317346,-0.20453857193225422,39.007999702753054,1.0,0.00514422392174272,0.6719015913641394,45.61062679707034,38.600518131237564,147.5,30.64585272806742,325.2447327281738,2.205049035445246,172.0,0.13237033567783424,1.0,0.0,0.0,0.0,0.0,1.0,0.0,-3.203426503814917e-16,0.0,1.0,1.0,1.0,1.0,0.0,0.0,0.0,1.0,1.0,-3.203426503814917e-16,1,1.0,2.0,-3.203426503814917e-16,0.0,172.0,1.0,0.0,1.0,3.8893126460771854,3.8893126460771854,3.8893126460771854,1.0,1.6083941393751349,41.009014373769546,0.4021909925636716,0.5901162790697674,0.9934287893165148,0.6365641540774538,0.6365641540774538,0.6365641540774538,1.0,1041.8,1041.8,1041.8,1.0,4.0,0.4,0.6014438551808474,0.6014438551808474,0.6014438551808474,1.7709505944546668,0.05813953488372093,745.96,0.0,1000000.0,0.0,0.0,2.437943226544953,34.906976744186046,0.202947539210384,1.9337479718766901,1.0,20.24418604651163,20.24418604651163,20.24418604651163,1.0,0.10312565917840005,0.10312565917840005,0.10312565917840005
2,1360,22,0.686274528503418,0.8823529481887817,443.944097075336,-3.203426503814917e-16,0.11764705181121826,2.88225492639896,0.9843137264251709,0.06388008260661536,0.782544116912446,0.7843137383460999,0.45490196347236633,0.5294117629528046,0.04836411148327656,0.7863247051235606,-0.14327679210068892,443.944097075336,1.0,0.005931246973374642,0.8089644487464142,150.57508639607724,109.77249200050075,624.0,121.80989176134632,1290.327127297056,2.067831934770923,718.0,0.06862737683796806,1.0,0.0,0.0,0.0,0.0,1.0,0.0,-3.203426503814917e-16,0.0,1.0,1.0,1.0,1.0,0.0,0.0,0.0,1.0,1.0,-3.203426503814917e-16,1,1.0,2.0,-3.203426503814917e-16,0.0,718.0,1.0,0.0,1.0,4.970170524281912,4.970170524281912,4.970170524281912,1.0,1.673673732318459,163.8007031938477,0.4025140686836611,0.5665041782729805,1.8463670686545341,0.6470979596026998,0.6470979596026998,0.6470979596026998,1.0,2395.4615384615386,2395.4615384615386,2395.4615384615386,1.0,3.923076923076923,0.15088757396449703,0.3713911028651783,0.3713911028651783,0.3713911028651783,3.4493118330264405,0.036211699164345405,1632.8520710059174,0.0,1000000.0,0.0,0.0,2.6559517210929737,132.28969359331475,0.18424748411325176,2.764294193868763,1.0,22.72701949860724,22.72701949860724,22.72701949860724,1.0,0.08453825293658163,0.08453825293658163,0.08453825293658163
1,1264,37,0.5411764979362488,0.7254902124404907,182.93163778090855,-3.203426503814917e-16,0.10196077823638916,5.611755365941209,0.8549019694328308,0.06213286400368719,0.6341624102603136,0.6352941393852234,0.250980406999588,0.6039215624332428,0.04098538579521598,0.6397210622929203,-0.6003361505322303,182.93163778090855,1.0,0.007081074954012158,0.6604498622468665,99.5955225962681,77.62087348130012,392.0,65.77784917910995,834.4133470106001,2.1286054770678575,447.0,0.08411369729537224,1.0,0.0,0.0,0.0,0.0,1.0,0.0,-3.203426503814917e-16,0.0,1.0,1.0,1.0,1.0,0.0,0.0,0.0,1.0,1.0,-3.203426503814917e-16,1,1.0,2.0,-3.203426503814917e-16,0.0,447.0,1.0,0.0,1.0,4.47274046640087,4.47274046640087,4.47274046640087,1.0,1.6047118750033977,113.47934997002213,0.4295119629766651,0.5906040268456376,1.5910432756136503,0.673874505168453,0.673874505168453,0.673874505168453,1.0,4692.928571428572,4692.928571428572,4692.928571428572,1.0,2.0,0.14285714285714285,0.33268743293738606,0.33268743293738606,0.33268743293738606,3.0930692077718867,0.03131991051454139,3673.4948979591836,0.0,1000000.0,0.0,0.0,2.472081838715928,92.48545861297539,0.20690259197533645,1.8549314595438644,1.0,20.13199105145414,20.13199105145414,20.13199105145414,1.0,0.08346209550188456,0.08346209550188456,0.08346209550188456
0,1281,21,0.5215686559677124,0.6509804129600525,54.80866266951668,-3.203426503814917e-16,0.07843136787414551,3.2777231658551367,0.7333333492279053,0.046242892564929125,0.5769517860529613,0.572549045085907,0.42352941632270813,0.30980393290519714,0.032984272076010845,0.5798702132634196,0.2150959941430934,54.80866266951668,1.0,0.0033761008004616526,0.7894318223459561,27.838570188901432,27.459060435491963,147.5,21.976653195730265,256.0487732352799,1.7359238863408806,163.0,0.168142787425563,1.0,0.0,0.0,0.0,0.0,1.0,0.0,-3.203426503814917e-16,0.0,1.0,1.0,1.0,1.0,0.0,0.0,0.0,1.0,1.0,-3.203426503814917e-16,1,1.0,2.0,-3.203426503814917e-16,0.0,163.0,1.0,0.0,1.0,6.675441875623036,6.675441875623036,6.675441875623036,1.0,1.85799388808276,29.308597319765266,0.35562915987289956,0.5030674846625767,2.603389421041241,0.6021406876295395,0.6021406876295395,0.6021406876295395,1.0,13122.5,13122.5,13122.5,1.0,1.0,0.5,0.5000190519737845,0.5000190519737845,0.5000190519737845,0.9999999999999993,0.012269938650306749,6480.25,0.0,1000000.0,0.0,0.0,2.7483525174242063,27.588957055214724,0.1692574052467161,3.2877413527042796,1.0,28.042944785276074,28.042944785276074,28.042944785276074,1.0,0.06830568713511308,0.06830568713511308,0.06830568713511308
1,1380,31,0.21960784494876862,0.30588236451148987,35.934920176594005,-3.203426503814917e-16,0.027450978755950928,3.709275011976156,0.3960784375667572,0.023686811120302718,0.27672893127535125,0.2823529541492462,0.1764705926179886,0.21960784494876862,0.016481035879526946,0.2785914904011986,-0.5598996280555494,35.934920176594005,1.0,0.0010343171191630651,0.8493792636064832,87.35602023004836,74.43117626371358,393.0,74.19839213459153,906.739248818405,2.3072245517007763,463.0,0.0775030497454923,1.0,0.0,0.0,0.0,0.0,1.0,0.0,-3.203426503814917e-16,0.0,1.0,1.0,1.0,1.0,0.0,0.0,0.0,1.0,1.0,-3.203426503814917e-16,1,1.0,2.0,-3.203426503814917e-16,0.0,463.0,1.0,0.0,1.0,3.790782788026708,3.790782788026708,3.790782788026708,1.0,1.557588839760443,124.61656955224757,0.4396432371208514,0.6106911447084233,1.0983579859875618,0.6810361429032504,0.6810361429032504,0.6810361429032504,1.0,2171.470588235294,2171.470588235294,2171.470588235294,1.0,2.411764705882353,0.14186851211072665,0.30274150467833244,0.30274150467833244,0.30274150467833244,3.1462863706621005,0.0367170626349892,1429.7093425605535,0.0,1000000.0,0.0,0.0,2.449085376839366,95.34557235421167,0.20592996188814613,1.7946718042254246,1.0,18.723542116630668,18.723542116630668,18.723542116630668,1.0,0.09088777013485179,0.09088777013485179,0.09088777013485179
2,1261,18,0.5607843399047852,0.7019608020782471,176.35724338594764,-3.203426503814917e-16,0.07058823108673096,6.129350207835183,0.8196078538894653,0.048551134470443506,0.6302827490760959,0.6313725709915161,0.3176470696926117,0.5019607841968536,0.03166288944691501,0.633817740353024,-0.8164286575765908,176.35724338594764,1.0,0.004468584203292326,0.9030133842983823,85.06345026390719,69.46221994724903,377.5,76.81343410290795,850.129075763138,2.251997551690432,439.0,0.08101744444605626,1.0,0.0,0.0,0.0,0.0,1.0,0.0,-3.203426503814917e-16,0.0,1.0,1.0,1.0,1.0,0.0,0.0,0.0,1.0,1.0,-3.203426503814917e-16,1,1.0,2.0,-3.203426503814917e-16,0.0,439.0,1.0,0.0,1.0,4.073231316652303,4.073231316652303,4.073231316652303,1.0,1.532782603403286,122.35816140284517,0.4556168828039361,0.6116173120728929,1.3988302638018306,0.6943191171868096,0.6943191171868096,0.6943191171868096,1.0,4649.642857142857,4649.642857142857,4649.642857142857,1.0,1.2857142857142858,0.09183673469387756,0.17371970128771105,0.17371970128771105,0.17371970128771105,3.521640636343315,0.03189066059225513,3666.372448979592,0.0,1000000.0,0.0,0.0,2.4129797855191035,97.41002277904327,0.2218907124807364,1.872364713757193,1.0,18.74031890660592,18.74031890660592,18.74031890660592,1.0,0.08553212582594837,0.08553212582594837,0.08553212582594837
1,1383,47,0.25882354378700256,0.3490196168422699,64.86584063948652,-3.203426503814917e-16,0.054901957511901855,3.748688891472111,0.42352941632270813,0.032064153420257806,0.30490482967813926,0.30588236451148987,0.1411764770746231,0.282352939248085,0.023438724093139168,0.30750060001241925,-0.32154263919796855,64.86584063948652,1.0,0.0015896638469427462,0.8447317574639255,150.90124531940347,112.16059914247963,588.5,127.47107416215464,1312.8956697919846,2.230918725220025,686.0,0.06550100290713272,1.0,0.0,0.0,0.0,0.0,1.0,0.0,-3.203426503814917e-16,0.0,1.0,1.0,1.0,1.0,0.0,0.0,0.0,1.0,1.0,-3.203426503814917e-16,1,1.0,2.0,-3.203426503814917e-16,0.0,686.0,1.0,0.0,1.0,4.040828201044266,4.040828201044266,4.040828201044266,1.0,1.5701029853982789,178.30714425969452,0.42991879931565596,0.6038629737609329,1.2888587066302173,0.6726882620812561,0.6726882620812561,0.6726882620812561,1.0,1582.111111111111,1582.111111111111,1582.111111111111,1.0,4.277777777777778,0.11882716049382716,0.32457923843940983,0.32457923843940983,0.32457923843940983,3.691611641751373,0.052478134110787174,1218.9969135802469,0.0,1000000.0,0.0,0.0,2.465464032048744,138.0408163265306,0.2012256797762837,1.8372956846212036,1.0,19.21865889212828,19.21865889212828,19.21865889212828,1.0,0.09269740658654131,0.09269740658654131,0.09269740658654131
0,1382,23,0.47058823704719543,0.6039215922355652,94.1053497457359,-3.203426503814917e-16,0.05588237941265106,3.885889256343307,0.6901960968971252,0.03954310941053055,0.5205198509055514,0.5058823823928833,0.4000000059604645,0.29019609093666077,0.02638186074961663,0.5230316082363938,1.12675044255404,94.1053497457359,1.0,0.0026211480276110083,0.7540414499725117,79.6495946480668,60.166435825965294,287.5,60.05909583815109,681.2173875177061,2.369451782670282,344.0,0.08823443967356064,1.0,0.0,0.0,0.0,0.0,1.0,0.0,-3.203426503814917e-16,0.0,1.0,1.0,1.0,1.0,0.0,0.0,0.0,1.0,1.0,-3.203426503814917e-16,1,1.0,2.0,-3.203426503814917e-16,0.0,344.0,1.0,0.0,1.0,3.578663482954039,3.578663482954039,3.578663482954039,1.0,1.5481551425292075,92.80900991765101,0.43667307651912973,0.6148255813953489,0.9107857372015894,0.6772016913172254,0.6772016913172254,0.6772016913172254,1.0,1388.1176470588234,1388.1176470588234,1388.1176470588234,1.0,2.5294117647058822,0.14878892733564014,0.3326727279357408,0.3326727279357408,0.3326727279357408,3.0516016368717,0.04941860465116279,978.6505190311418,0.0,1000000.0,0.0,0.0,2.4534453069021134,71.90697674418605,0.20903190914007572,1.7840724716062737,1.0,18.441860465116278,18.441860465116278,18.441860465116278,1.0,0.09585605026894478,0.09585605026894478,0.09585605026894478
1,1380,23,0.3686274588108063,0.4470588266849518,93.14342435503181,-3.203426503814917e-16,0.039215683937072754,4.919427620797313,0.5254902243614197,0.026306462204452912,0.4084872996387499,0.40784314274787903,0.24705882370471954,0.27843140065670013,0.016731913747333512,0.4100352726639225,-0.16493555327923784,93.14342435503181,1.0,0.001267050862419467,0.8594518228694369,99.87594130469401,78.2368199762746,486.5,85.83855981512015,973.5676759431514,2.001166857026005,554.0,0.08031195689815342,1.0,0.0,0.0,0.0,0.0,1.0,0.0,-3.203426503814917e-16,0.0,1.0,1.0,1.0,1.0,0.0,0.0,0.0,1.0,1.0,-3.203426503814917e-16,1,1.0,2.0,-3.203426503814917e-16,0.0,554.0,1.0,0.0,1.0,5.586916205068656,5.586916205068656,5.586916205068656,1.0,1.690057087413964,125.41877719709328,0.40686390876343315,0.5564079422382672,2.3536708076900736,0.6521435139337433,0.6521435139337433,0.6521435139337433,1.0,3727.714285714286,3727.714285714286,3727.714285714286,1.0,1.8571428571428572,0.1326530612244898,0.3086428296897555,0.3086428296897555,0.3086428296897555,3.2359263506290294,0.02527075812274368,2161.816326530612,0.0,1000000.0,0.0,0.0,2.6520719340690975,100.26714801444044,0.18098763179501884,2.883003818634415,1.0,23.574007220216608,23.574007220216608,23.574007220216608,1.0,0.0784623632679439,0.0784623632679439,0.0784623632679439
1,1263,41,0.529411792755127,0.7764706015586853,249.6617584180027,-3.203426503814917e-16,0.13333332538604736,2.495963113970906,0.8549019694328308,0.07686999826665479,0.6690540380735066,0.686274528503418,0.41960784792900085,0.43529412150382996,0.05643454422329286,0.6755886571508859,-0.4780785044967431,249.6617584180027,1.0,0.00878672780847211,0.9554718040341785,92.26710120202439,78.0,484.0,88.15861363850237,926.9818895055245,1.9152518378213315,547.0,0.08413106051235095,1.0,0.0,0.0,0.0,0.0,1.0,0.0,-3.203426503814917e-16,0.0,1.0,1.0,1.0,1.0,0.0,0.0,0.0,1.0,1.0,-3.203426503814917e-16,1,1.0,2.0,-3.203426503814917e-16,0.0,547.0,1.0,0.0,1.0,5.658033777369824,5.658033777369824,5.658033777369824,1.0,1.8054575168518263,110.17314445033992,0.3788283489936395,0.5310786106032906,2.100280852396219,0.6283810134827601,0.6283810134827601,0.6283810134827601,1.0,3322.8125,3322.8125,3322.8125,1.0,3.75,0.234375,0.4603353043339545,0.4603353043339545,0.4603353043339545,2.646782221599795,0.029250457038391225,2154.02734375,0.0,1000000.0,0.0,0.0,2.708360970808372,96.23217550274224,0.17592719470336787,3.0058253595312974,1.0,25.581352833638025,25.581352833638025,25.581352833638025,1.0,0.07699073728617997,0.07699073728617997,0.07699073728617997
1,1383,11,0.0117647061124444,0.250980406999588,1725.9114201050445,-3.203426503814917e-16,0.18823529593646526,8.200748362776327,1.0,0.09496638936955194,0.1155434318736522,0.06666667014360428,0.0,1.0,0.073979503169189,0.16311000742981763,1.6295906531422701,1725.9114201050445,1.0,0.013254589874613849,0.9986040799786674,297.09361626750854,361.33225707096784,64862.5,296.6788973403506,1344.1320343559657,0.0207227910480781,64872.0,0.671676018001554,1.0,0.0,0.0,0.0,0.0,1.0,0.0,-3.203426503814917e-16,0.0,1.0,1.0,1.0,1.0,0.0,0.0,0.0,1.0,1.0,-3.203426503814917e-16,1,1.0,2.0,-3.203426503814917e-16,0.0,64872.0,1.0,0.0,1.0,29613.318808093638,29613.318808093638,29613.318808093638,1.0,4.836247228447192,77.13420712804775,0.21168981918325536,0.007549482056973733,7733.883804331134,0.09641706751017748,0.09641706751017748,0.09641706751017748,1.0,1051964357.5,1051964357.5,1051964357.5,1.0,1.5,0.375,0.5625000000594127,0.5625000000594127,0.5625000000594127,1.4999999999999991,6.165988407941794e-05,788940833.5,0.0,1000000.0,0.0,0.0,0.1623287201921499,62322.129177457144,0.9606938151661294,0.1908584448514955,1.0,80.10738068812431,80.10738068812431,80.10738068812431,1.0,0.012744240994110976,0.012744240994110976,0.012744240994110976
2,1260,16,0.5411764979362488,0.7843137383460999,284.3709183794425,-3.203426503814917e-16,0.1254901885986328,3.0895830523215784,0.9137254953384399,0.07681379121582031,0.6675200181484222,0.6823529601097107,0.2980392277240753,0.6156862676143646,0.053436910919834144,0.6745320373467134,-0.351312151421387,284.3709183794425,1.0,0.009410494778238047,0.8643088353639155,133.45768081630723,100.41912168506553,534.0,115.34865267671165,1171.3565645485921,2.1935516190048543,625.0,0.06993369010843495,1.0,0.0,0.0,0.0,0.0,1.0,0.0,-3.203426503814917e-16,0.0,1.0,1.0,1.0,1.0,0.0,0.0,0.0,1.0,1.0,-3.203426503814917e-16,1,1.0,2.0,-3.203426503814917e-16,0.0,625.0,1.0,0.0,1.0,4.0937364101727844,4.0937364101727844,4.0937364101727844,1.0,1.6395974793066588,151.47819714801628,0.41137602732608197,0.5872,1.1739681381603355,0.6530187029643928,0.6530187029643928,0.6530187029643928,1.0,1653.5454545454545,1653.5454545454545,1653.5454545454545,1.0,4.393939393939394,0.13314967860422405,0.34926872709483087,0.34926872709483087,0.34926872709483087,3.5300253784179296,0.0528,1294.8448117539028,0.0,1000000.0,0.0,0.0,2.603164051192075,117.2272,0.18756352,2.21415424,1.0,20.7248,20.7248,20.7248,1.0,0.09133498664651046,0.09133498664651046,0.09133498664651046
1,1270,35,0.5411764979362488,0.7764706015586853,269.1226288741089,-3.203426503814917e-16,0.14901959896087646,2.367597100713704,0.8784313797950745,0.07722404842083794,0.6685246198411319,0.6745098233222961,0.4274509847164154,0.45098039507865906,0.05909539934466867,0.6748097793939166,-0.23444225778595942,269.1226288741089,1.0,0.008443071031936636,0.831015955738604,123.29497519778356,94.36630754670864,510.5,102.46009165175357,1105.190042307231,2.1649168311600997,591.0,0.07247126497454259,1.0,0.0,0.0,0.0,0.0,1.0,0.0,-3.203426503814917e-16,0.0,1.0,1.0,1.0,1.0,0.0,0.0,0.0,1.0,1.0,-3.203426503814917e-16,1,1.0,2.0,-3.203426503814917e-16,0.0,591.0,1.0,0.0,1.0,4.1081201922074,4.1081201922074,4.1081201922074,1.0,1.6045007419681252,150.25529446364104,0.4275106857821185,0.5943316412859561,1.275797175502106,0.6707713836771472,0.6707713836771472,0.6707713836771472,1.0,1055.96875,1055.96875,1055.96875,1.0,5.25,0.1640625,0.398108409601703,0.398108409601703,0.398108409601703,3.5306390622295596,0.05414551607445008,714.8740234375,0.0,1000000.0,0.0,0.0,2.6130394294220927,112.5160744500846,0.1903825286803462,2.4085020370418087,1.0,20.431472081218274,20.431472081218274,20.431472081218274,1.0,0.09680799754569998,0.09680799754569998,0.09680799754569998
0,1285,27,0.47764706015586855,0.658823549747467,106.35610190003452,-3.203426503814917e-16,0.09019607305526733,3.7891755092067685,0.7529411911964417,0.05571351312368305,0.5637880898898858,0.5607843399047852,0.29411765933036804,0.4588235318660736,0.03638029093208447,0.5685691043697977,-0.13126179260858006,106.35610190003452,1.0,0.0054138161421879594,0.6529909038194996,67.70026927983346,61.220911460055866,269.5,44.20766002586196,676.4894654563482,2.5101649924168763,329.0,0.0860247221908644,1.0,0.0,0.0,0.0,0.0,1.0,0.0,-3.203426503814917e-16,0.0,1.0,1.0,1.0,1.0,0.0,0.0,0.0,1.0,1.0,-3.203426503814917e-16,1,1.0,2.0,-3.203426503814917e-16,0.0,329.0,1.0,0.0,1.0,3.334155111066041,3.334155111066041,3.334155111066041,1.0,1.4647041050190102,96.58551680860006,0.460039526252069,0.6360182370820668,0.8432684902984435,0.696905467322349,0.696905467322349,0.696905467322349,1.0,1379.0,1379.0,1379.0,1.0,1.5333333333333334,0.10222222222222223,0.24435433974809642,0.24435433974809642,0.24435433974809642,3.456564762130951,0.04559270516717325,897.9288888888889,0.0,1000000.0,0.0,0.0,2.3271351803655147,73.2370820668693,0.22260511266525623,1.508947626130579,1.0,16.811550151975684,16.811550151975684,16.811550151975684,1.0,0.0975897897152782,0.0975897897152782,0.0975897897152782
1,1264,11,0.0117647061124444,0.239215686917305,1704.4036464322767,-3.203426503814917e-16,0.1686274539679289,8.41754979032099,1.0,0.09251914549878702,0.11093194901065107,0.062745101749897,0.0,1.0,0.06679968657309701,0.16203057446511546,1.8841772575269555,1704.4036464322767,1.0,0.013948009750193635,0.9998660673199061,296.98329553349413,361.33225707096784,64909.5,296.9435197647802,1406.4163056034279,0.02166734153865656,64920.0,0.6421628405579621,1.0,0.0,0.0,0.0,0.0,1.0,0.0,-3.203426503814917e-16,0.0,1.0,1.0,1.0,1.0,0.0,0.0,0.0,1.0,1.0,-3.203426503814917e-16,1,1.0,2.0,-3.203426503814917e-16,0.0,64920.0,1.0,0.0,1.0,27970.068767939218,27970.068767939218,27970.068767939218,1.0,4.799756887682918,76.51158809967137,0.1978858964696106,0.007894331484904498,8072.232006207777,0.12145181807298408,0.12145181807298408,0.12145181807298408,1.0,842583740.0,842583740.0,842583740.0,1.0,1.0,0.2,0.24272222226969528,0.24272222226969528,0.24272222226969528,2.321928094887361,7.701786814540974e-05,673999484.0000001,0.0,1000000.0,0.0,0.0,0.1686115102868086,62290.00033887862,0.9594886065754562,0.20460668403104024,1.0,80.07181146025879,80.07181146025879,80.07181146025879,1.0,0.012767192332536493,0.012767192332536493,0.012767192332536493
1,1263,27,0.2078431397676468,0.33725491166114807,28.473727111886557,-3.203426503814917e-16,0.0941176563501358,2.0855222974631933,0.4274509847164154,0.04767070950308383,0.27561784471666384,0.2823529541492462,0.14509804546833038,0.282352939248085,0.039381338982980546,0.28084620406485095,0.04468118571716302,28.473727111886557,1.0,0.0029093940113768765,0.8161807854473884,65.47775982397786,56.60388679233962,313.5,53.4416894424697,635.3767670841398,2.026720150188644,361.0,0.09878531158887487,1.0,0.0,0.0,0.0,0.0,1.0,0.0,-3.203426503814917e-16,0.0,1.0,1.0,1.0,1.0,0.0,0.0,0.0,1.0,1.0,-3.203426503814917e-16,1,1.0,2.0,-3.203426503814917e-16,0.0,361.0,1.0,0.0,1.0,5.142696520922327,5.142696520922327,5.142696520922327,1.0,1.7167424619893772,78.27386305450821,0.390639620215977,0.5533240997229918,1.8508790164603994,0.6351068727709632,0.6351068727709632,0.6351068727709632,1.0,1939.6666666666667,1939.6666666666667,1939.6666666666667,1.0,3.1333333333333333,0.2088888888888889,0.42622901454801326,0.42622901454801326,0.42622901454801326,2.73957226198672,0.04155124653739612,1360.4622222222224,0.0,1000000.0,0.0,0.0,2.7162890874832937,63.56509695290859,0.17608060097758613,3.036855149975829,1.0,23.952908587257618,23.952908587257618,23.952908587257618,1.0,0.08709844002236167,0.08709844002236167,0.08709844002236167
2,1361,20,0.4627451002597809,0.5921568870544434,175.2183596826822,-3.203426503814917e-16,0.07647061347961426,2.7847933369709446,0.6549019813537598,0.041459435027202514,0.5249362154612466,0.5215686559677124,0.3607843220233917,0.29411765933036804,0.031048583058526234,0.5273749903519335,-0.07728936716133238,175.2183596826822,1.0,0.002566350145925625,0.8506062915735036,128.9678924143344,96.51942809610924,545.0,109.70090069860755,1175.214428924865,2.156356750320853,630.0,0.07041838623440581,1.0,0.0,0.0,0.0,0.0,1.0,0.0,-3.203426503814917e-16,0.0,1.0,1.0,1.0,1.0,0.0,0.0,0.0,1.0,1.0,-3.203426503814917e-16,1,1.0,2.0,-3.203426503814917e-16,0.0,630.0,1.0,0.0,1.0,4.418476586607431,4.418476586607431,4.418476586607431,1.0,1.6492947554464328,152.67580488911904,0.4150675891520032,0.5821428571428571,1.454810665448976,0.6572328499131354,0.6572328499131354,0.6572328499131354,1.0,3492.1111111111113,3492.1111111111113,3492.1111111111113,1.0,2.6666666666666665,0.14814814814814814,0.35719443074167095,0.35719443074167095,0.35719443074167095,3.3082708345352554,0.02857142857142857,2267.1111111111113,0.0,1000000.0,0.0,0.0,2.5090927465150776,128.9079365079365,0.20461577223481986,2.08562358276644,1.0,20.946031746031746,20.946031746031746,20.946031746031746,1.0,0.08211762888576947,0.08211762888576947,0.08211762888576947
2,1261,26,0.5239215970039368,0.6823529601097107,239.37438168304544,-3.203426503814917e-16,0.06666666269302368,3.8839266168862143,0.7647058963775635,0.04959547092320997,0.5908883127715422,0.5843137502670288,0.3607843220233917,0.40392157435417175,0.031356043621362156,0.59462682919756,0.009395228014488936,239.37438168304544,1.0,0.004432067831544372,0.9144937797306684,137.62288681373698,113.718951806636,589.0,125.8552739397403,1228.327127297062,2.0854450378557927,677.0,0.07004038685554849,1.0,0.0,0.0,0.0,0.0,1.0,0.0,-3.203426503814917e-16,0.0,1.0,1.0,1.0,1.0,0.0,0.0,0.0,1.0,1.0,-3.203426503814917e-16,1,1.0,2.0,-3.203426503814917e-16,0.0,677.0,1.0,0.0,1.0,4.77734346157556,4.77734346157556,4.77734346157556,1.0,1.6928622993460198,157.43139925980086,0.40691722440095335,0.5690546528803544,1.6526687797415724,0.6516834507838085,0.6516834507838085,0.6516834507838085,1.0,2878.0416666666665,2878.0416666666665,2878.0416666666665,1.0,3.75,0.15625,0.3752973763375613,0.3752973763375613,0.3752973763375613,3.2201755214643404,0.03545051698670606,2082.331597222222,0.0,1000000.0,0.0,0.0,2.600889298910595,130.37961595273265,0.19258436625219003,2.418594503075302,1.0,22.199409158050223,22.199409158050223,22.199409158050223,1.0,0.08312246930885708,0.08312246930885708,0.08312246930885708
1,1270,29,0.43921568989753723,0.6352941393852234,150.96886893065354,-3.203426503814917e-16,0.08627453446388245,3.6156377048316393,0.7568627595901489,0.059712977234935585,0.5308935974390452,0.5254902243614197,0.27843138575553894,0.47843137383461,0.039542032646678896,0.5367574205296222,0.14195694682251797,150.96886893065354,1.0,0.006260516691842649,0.8165821426303724,119.5423076668821,93.60555539069249,444.5,97.61611372960179,1013.3494218736721,2.279751230311973,524.0,0.07375332267966263,1.0,0.0,0.0,0.0,0.0,1.0,0.0,-3.203426503814917e-16,0.0,1.0,1.0,1.0,1.0,0.0,0.0,0.0,1.0,1.0,-3.203426503814917e-16,1,1.0,2.0,-3.203426503814917e-16,0.0,524.0,1.0,0.0,1.0,3.7012983459092994,3.7012983459092994,3.7012983459092994,1.0,1.5567871484587497,139.56419731267786,0.4354759658153262,0.6106870229007633,1.0097677161366627,0.6741178365792061,0.6741178365792061,0.6741178365792061,1.0,1174.24,1174.24,1174.24,1.0,3.32,0.1328,0.34456451130707927,0.34456451130707927,0.34456451130707927,3.603856189774719,0.04770992366412214,734.9184000000001,0.0,1000000.0,0.0,0.0,2.501242385853458,106.58015267175573,0.20339723792319794,1.9220033797564244,1.0,18.85114503816794,18.85114503816794,18.85114503816794,1.0,0.09603532968530923,0.09603532968530923,0.09603532968530923
1,1263,23,0.3019607961177826,0.364705890417099,32.80793730931576,-3.203426503814917e-16,0.03529411554336548,4.518458762615107,0.4470588266849518,0.02270668312182993,0.3338705444172637,0.3333333432674408,0.25882354378700256,0.18823528289794922,0.01551410024096857,0.3351953903165101,0.6267652994437188,32.80793730931576,1.0,0.0008864092599574909,0.9626077036366287,54.43766086441135,49.20365840057018,245.5,52.40211171604059,575.5361466505735,2.344342756214149,292.0,0.09650683557120623,1.0,0.0,0.0,0.0,0.0,1.0,0.0,-3.203426503814917e-16,0.0,1.0,1.0,1.0,1.0,0.0,0.0,0.0,1.0,1.0,-3.203426503814917e-16,1,1.0,2.0,-3.203426503814917e-16,0.0,292.0,1.0,0.0,1.0,3.5717521866382445,3.5717521866382445,3.5717521866382445,1.0,1.5506147527756098,75.90315039446897,0.4240887614271933,0.6113013698630136,0.8782194707165569,0.6574807771709008,0.6574807771709008,0.6574807771709008,1.0,1861.3333333333333,1861.3333333333333,1861.3333333333333,1.0,1.0,0.1111111111111111,0.14288807529392536,0.14288807529392536,0.14288807529392536,3.169925001442309,0.030821917808219176,808.6913580246912,0.0,1000000.0,0.0,0.0,2.342119778355332,66.06849315068493,0.2262619628448114,1.5496340776881214,1.0,18.438356164383563,18.438356164383563,18.438356164383563,1.0,0.08334499153542696,0.08334499153542696,0.08334499153542696
1,1264,15,0.01568627543747425,0.5058823823928833,4923.692491404328,-3.203426503814917e-16,0.309803931042552,3.4384865396089386,1.0,0.17728711416852427,0.18088438061102158,0.05098039284348488,0.0,1.0,0.13575919750340748,0.27690271705907465,1.184804727877101,4923.692491404328,1.0,0.04395595556566503,0.996786365183123,298.569306731915,361.33225707096784,64195.5,297.60981401255054,1479.0853531617404,0.02304032764230733,64215.0,0.6072450572310613,1.0,0.0,0.0,0.0,0.0,1.0,0.0,-3.203426503814917e-16,0.0,1.0,1.0,1.0,1.0,0.0,0.0,0.0,1.0,1.0,-3.203426503814917e-16,1,1.0,2.0,-3.203426503814917e-16,0.0,64215.0,1.0,0.0,1.0,25830.681812166804,25830.681812166804,25830.681812166804,1.0,4.800578264637129,71.87681500748127,0.17433271237469472,0.008343066261776843,8324.626253867502,0.14301179298436573,0.14301179298436573,0.14301179298436573,1.0,515301306.125,515301306.125,515301306.125,1.0,3.75,0.46875,0.6875000000303221,0.6875000000303221,0.6875000000303221,1.2987949406953976,0.00012458148407692906,450870583.859375,0.0,1000000.0,0.0,0.0,0.17539030129240607,61517.414420306784,0.957991348132162,0.2226572131747441,1.0,80.02571050377638,80.02571050377638,80.02571050377638,1.0,0.012873681518021773,0.012873681518021773,0.012873681518021773
0,1276,37,0.36784314513206484,0.47058823704719543,24.517001749993476,-3.203426503814917e-16,0.054901957511901855,3.829929029163123,0.5215686559677124,0.036493867014106104,0.4173790432995172,0.42352941632270813,0.26274511218070984,0.25882354378700256,0.024582331467952048,0.41997774649844233,-0.7394630428047205,24.517001749993476,1.0,0.0021760417682896624,0.6969046557045468,43.69742895333796,35.34119409414458,114.0,30.45294167989989,285.54624791833857,2.5047916484064787,139.0,0.13255035639371848,1.0,0.0,0.0,0.0,0.0,1.0,0.0,-3.203426503814917e-16,0.0,1.0,1.0,1.0,1.0,0.0,0.0,0.0,1.0,1.0,-3.203426503814917e-16,1,1.0,2.0,-3.203426503814917e-16,0.0,139.0,1.0,0.0,1.0,3.207606441140332,3.207606441140332,3.207606441140332,1.0,1.3999493893504682,42.45535033235262,0.4724790053047732,0.6438848920863309,0.778995493051065,0.7058499345741447,0.7058499345741447,0.7058499345741447,1.0,480.8181818181818,480.8181818181818,480.8181818181818,1.0,3.0,0.2727272727272727,0.502694718499243,0.502694718499243,0.502694718499243,2.222191575506676,0.07913669064748201,321.14049586776855,0.0,1000000.0,0.0,0.0,2.459279762216643,28.179856115107913,0.20273277780653176,1.854872936183427,1.0,16.66906474820144,16.66906474820144,16.66906474820144,1.0,0.12526966182156316,0.12526966182156316,0.12526966182156316
1,1383,49,0.21137255132198335,0.40392157435417175,89.0123077556463,-3.203426503814917e-16,0.06666666269302368,3.041234977929454,0.45098039507865906,0.050669063027986246,0.30908571028809867,0.3137255012989044,0.09803921729326248,0.3529411777853966,0.03324242993119666,0.3162496307332681,-0.4861615117118202,89.0123077556463,1.0,0.004479852634629955,0.8614999935609559,178.8214666026574,141.4814475470194,784.5,154.05469232675003,1548.0916292848503,1.9733481571508609,890.0,0.06413642428479335,1.0,0.0,0.0,0.0,0.0,1.0,0.0,-3.203426503814917e-16,0.0,1.0,1.0,1.0,1.0,0.0,0.0,0.0,1.0,1.0,-3.203426503814917e-16,1,1.0,2.0,-3.203426503814917e-16,0.0,890.0,1.0,0.0,1.0,5.549556696483543,5.549556696483543,5.549556696483543,1.0,1.7173970968777663,195.30585103974317,0.39481132605494373,0.5550561797752809,2.2928068695116446,0.6416028496379258,0.6416028496379258,0.6416028496379258,1.0,1407.3157894736842,1407.3157894736842,1407.3157894736842,1.0,4.157894736842105,0.10941828254847645,0.31098006804087847,0.31098006804087847,0.31098006804087847,3.9833552027854124,0.04269662921348315,858.770083102493,0.0,1000000.0,0.0,0.0,2.6566315565124077,160.39775280898877,0.1802221941674031,2.9678020451963136,1.0,23.757303370786516,23.757303370786516,23.757303370786516,1.0,0.08294501965372084,0.08294501965372084,0.08294501965372084
1,1380,35,0.3176470696926117,0.45098039507865906,73.15929483067299,-3.203426503814917e-16,0.09019607305526733,1.8602562412695496,0.48235294222831726,0.04429637603263757,0.3908330276133908,0.4000000059604645,0.26274511218070984,0.21960783004760742,0.03641136545350106,0.394116213665513,-0.27229018498003427,73.15929483067299,1.0,0.0025771344005908513,0.8935510056144816,97.57049248597559,78.81624198095213,409.5,87.1842116791437,864.0702012600925,2.1100615415386876,471.0,0.0830200244516083,1.0,0.0,0.0,0.0,0.0,1.0,0.0,-3.203426503814917e-16,0.0,1.0,1.0,1.0,1.0,0.0,0.0,0.0,1.0,1.0,-3.203426503814917e-16,1,1.0,2.0,-3.203426503814917e-16,0.0,471.0,1.0,0.0,1.0,4.264225984511452,4.264225984511452,4.264225984511452,1.0,1.626285849640018,118.01582081100285,0.4254882686465685,0.5886411889596603,1.368998022223191,0.6710139553215706,0.6710139553215706,0.6710139553215706,1.0,1863.9473684210527,1863.9473684210527,1863.9473684210527,1.0,2.789473684210526,0.14681440443213298,0.3430035752559518,0.3430035752559518,0.3430035752559518,3.2210972500579538,0.040339702760084924,1249.4293628808864,0.0,1000000.0,0.0,0.0,2.598403193097089,88.00212314225053,0.1868410257797251,2.461041917409316,1.0,20.872611464968152,20.872611464968152,20.872611464968152,1.0,0.09121347188320952,0.09121347188320952,0.09121347188320952
0,1281,17,0.2705882489681244,0.3607843220233917,17.367598244083354,-3.203426503814917e-16,0.06666666269302368,1.493801911097915,0.3843137323856354,0.03337893097899681,0.31568628549575806,0.32549020648002625,0.25882354378700256,0.1254901885986328,0.02950707885126273,0.31776470602606804,-0.07964362736870502,17.367598244083354,1.0,0.0013165775457242086,0.6719015913641394,45.61062679707034,38.600518131237564,147.5,30.64585272806742,325.2447327281738,2.205049035445246,172.0,0.13237033567783424,1.0,0.0,0.0,0.0,0.0,1.0,0.0,-3.203426503814917e-16,0.0,1.0,1.0,1.0,1.0,0.0,0.0,0.0,1.0,1.0,-3.203426503814917e-16,1,1.0,2.0,-3.203426503814917e-16,0.0,172.0,1.0,0.0,1.0,3.8893126460771854,3.8893126460771854,3.8893126460771854,1.0,1.6083941393751349,41.009014373769546,0.4021909925636716,0.5901162790697674,0.9934287893165148,0.6365641540774538,0.6365641540774538,0.6365641540774538,1.0,1041.8,1041.8,1041.8,1.0,4.0,0.4,0.6014438551808474,0.6014438551808474,0.6014438551808474,1.7709505944546668,0.05813953488372093,745.96,0.0,1000000.0,0.0,0.0,2.437943226544953,34.906976744186046,0.202947539210384,1.9337479718766901,1.0,20.24418604651163,20.24418604651163,20.24418604651163,1.0,0.10312565917840005,0.10312565917840005,0.10312565917840005
2,1258,22,0.658823549747467,0.8705882430076599,283.1735731425803,-3.203426503814917e-16,0.10588234663009644,3.299912726901985,0.9333333373069763,0.06592513402468406,0.777529340261517,0.7921568751335144,0.4901960790157318,0.4431372582912445,0.04523406040532036,0.782052421202577,-0.8523578463317795,283.1735731425803,1.0,0.007054114541302879,0.694680171373316,108.05346335647614,81.41252974819048,393.5,75.06259844195716,828.4133470106,2.1052435756304955,463.0,0.08488485535156187,1.0,0.0,0.0,0.0,0.0,1.0,0.0,-3.203426503814917e-16,0.0,1.0,1.0,1.0,1.0,0.0,0.0,0.0,1.0,1.0,-3.203426503814917e-16,1,1.0,2.0,-3.203426503814917e-16,0.0,463.0,1.0,0.0,1.0,5.9612712459137285,5.9612712459137285,5.9612712459137285,1.0,1.6764467943675379,105.18583039223839,0.4070898780802603,0.5556155507559395,2.689489670532179,0.6525039109416844,0.6525039109416844,0.6525039109416844,1.0,2471.9473684210525,2471.9473684210525,2471.9473684210525,1.0,3.526315789473684,0.18559556786703602,0.3898040915384521,0.3898040915384521,0.3898040915384521,2.9633816209927035,0.04103671706263499,1878.1274238227147,0.0,1000000.0,0.0,0.0,2.7444434602639673,78.43844492440604,0.16941348795768044,3.473748536402185,1.0,24.22246220302376,24.22246220302376,24.22246220302376,1.0,0.0895235510410868,0.0895235510410868,0.0895235510410868
0,1285,15,0.45098039507865906,0.6784313917160034,154.8435630709272,-3.203426503814917e-16,0.10196077823638916,3.6982383109069707,0.8666666746139526,0.07009599907297849,0.5602941368396084,0.5529412031173706,0.30588236451148987,0.5607843101024628,0.04462317687021319,0.5679707355117559,0.4704274035695398,154.8435630709272,1.0,0.008661236620923227,0.7246770036220558,101.79874924530736,84.38601779915912,407.0,73.77121257556236,902.2539674441664,2.2168402148505315,480.0,0.0792635165774561,1.0,0.0,0.0,0.0,0.0,1.0,0.0,-3.203426503814917e-16,0.0,1.0,1.0,1.0,1.0,0.0,0.0,0.0,1.0,1.0,-3.203426503814917e-16,1,1.0,2.0,-3.203426503814917e-16,0.0,480.0,1.0,0.0,1.0,4.1236685806203175,4.1236685806203175,4.1236685806203175,1.0,1.611967697517239,121.5317952518881,0.42742930914004285,0.5916666666666667,1.2587833662629382,0.6712762623757778,0.6712762623757778,0.6712762623757778,1.0,1155.904761904762,1155.904761904762,1155.904761904762,1.0,2.142857142857143,0.10204081632653061,0.27112012471229296,0.27112012471229296,0.27112012471229296,3.6490012097103373,0.04375,633.4557823129252,0.0,1000000.0,0.0,0.0,2.6190168582661286,90.725,0.18901041666666665,2.503888888888889,1.0,20.708333333333332,20.708333333333332,20.708333333333332,1.0,0.09018053882432603,0.09018053882432603,0.09018053882432603
2,1360,20,0.45098039507865906,0.5921568870544434,142.89278965425075,-3.203426503814917e-16,0.07450982928276062,2.618124610435822,0.658823549747467,0.04102151827620795,0.514805040388518,0.5176470875740051,0.3843137323856354,0.27450981736183167,0.03085269717594263,0.5172905312631887,0.3414465492588791,142.89278965425075,1.0,0.0025652641251282617,0.9408589045602352,110.8655225013414,89.26925562588724,461.5,104.30881405411019,962.2367235014638,2.085019985918665,534.0,0.07914233456635711,1.0,0.0,0.0,0.0,0.0,1.0,0.0,-3.203426503814917e-16,0.0,1.0,1.0,1.0,1.0,0.0,0.0,0.0,1.0,1.0,-3.203426503814917e-16,1,1.0,2.0,-3.203426503814917e-16,0.0,534.0,1.0,0.0,1.0,4.612469674751905,4.612469674751905,4.612469674751905,1.0,1.6878493087693038,123.15507664832577,0.404801101379235,0.5683520599250936,1.497767935414035,0.651053144893066,0.651053144893066,0.651053144893066,1.0,1386.0714285714287,1386.0714285714287,1386.0714285714287,1.0,4.5,0.16071428571428573,0.39534851394170806,0.39534851394170806,0.39534851394170806,3.3797060488062742,0.052434456928838954,1022.3520408163265,0.0,1000000.0,0.0,0.0,2.7102861008663903,95.78277153558052,0.17936848602168637,2.72346364796813,1.0,22.55430711610487,22.55430711610487,22.55430711610487,1.0,0.09010304019305045,0.09010304019305045,0.09010304019305045
2,1360,18,0.6039215922355652,0.791372561454773,179.80059365801986,-3.203426503814917e-16,0.09019607305526733,3.132401152994355,0.9137254953384399,0.05649314539481314,0.6904589366017974,0.6823529601097107,0.501960813999176,0.4117646813392639,0.037914299264591375,0.6942903751950801,0.32881337356857204,179.80059365801986,1.0,0.005305581955240379,0.9542963980114556,88.45707174007886,74.09453421137081,317.5,84.41426494019818,723.4600282048254,2.2786142620624426,373.0,0.08730965172822301,1.0,0.0,0.0,0.0,0.0,1.0,0.0,-3.203426503814917e-16,0.0,1.0,1.0,1.0,1.0,0.0,0.0,0.0,1.0,1.0,-3.203426503814917e-16,1,1.0,2.0,-3.203426503814917e-16,0.0,373.0,1.0,0.0,1.0,3.903760472470984,3.903760472470984,3.903760472470984,1.0,1.5361260955374867,102.52400507752114,0.4481872235421892,0.6119302949061662,1.2114754732926867,0.6895315030921108,0.6895315030921108,0.6895315030921108,1.0,1658.3684210526317,1658.3684210526317,1658.3684210526317,1.0,3.210526315789474,0.16897506925207756,0.37071151908924727,0.37071151908924727,0.37071151908924727,3.0105709342684803,0.05093833780160858,1272.9695290858726,0.0,1000000.0,0.0,0.0,2.4929893317124057,75.9544235924933,0.20363116244636273,1.8952339195997958,1.0,18.742627345844504,18.742627345844504,18.742627345844504,1.0,0.09657588772774527,0.09657588772774527,0.09657588772774527
1,1380,37,0.5227451264858246,0.7882353067398071,198.04096593145243,-3.203426503814917e-16,0.14215685427188873,2.069000095725483,0.8313725590705872,0.07952405617672044,0.6325798297593416,0.615686297416687,0.4627451002597809,0.3686274588108063,0.06466993698556651,0.6396683120533248,0.5015040338398886,198.04096593145243,1.0,0.009018308426792071,0.9381389555720641,96.46523094043852,80.49844718999243,412.0,90.49779100348094,935.9940828143444,2.271830298093069,484.0,0.07687416947287792,1.0,0.0,0.0,0.0,0.0,1.0,0.0,-3.203426503814917e-16,0.0,1.0,1.0,1.0,1.0,0.0,0.0,0.0,1.0,1.0,-3.203426503814917e-16,1,1.0,2.0,-3.203426503814917e-16,0.0,484.0,1.0,0.0,1.0,4.059312117259876,4.059312117259876,4.059312117259876,1.0,1.5790084823919586,125.95146925019276,0.432614713288436,0.5991735537190083,1.2490314379792034,0.6689404603034411,0.6689404603034411,0.6689404603034411,1.0,4548.625,4548.625,4548.625,1.0,3.0,0.1875,0.4114608027631442,0.4114608027631442,0.4114608027631442,2.9056390622295627,0.03305785123966942,3633.5625,0.0,1000000.0,0.0,0.0,2.4233819719146616,102.28099173553719,0.21132436308995287,1.71764223755208,1.0,19.41322314049587,19.41322314049587,19.41322314049587,1.0,0.08716933657071643,0.08716933657071643,0.08716933657071643
2,1360,11,0.0117647061124444,0.33725491166114807,2806.0897932630105,-3.203426503814917e-16,0.2627451103180647,2.5073541870235063,0.9921568632125854,0.12421035860966395,0.15395352282030236,0.11372549086809158,0.0,0.9921568632125854,0.10578293346175643,0.2074453345944825,0.6082232138700784,2806.0897932630105,1.0,0.019331879656235448,0.9995857155922651,296.3411528664585,361.33225707096784,65196.5,296.21838334745576,1292.6761902332498,0.01982738628965128,65207.0,0.7002084109964424,1.0,0.0,0.0,0.0,0.0,1.0,0.0,-3.203426503814917e-16,0.0,1.0,1.0,1.0,1.0,0.0,0.0,0.0,1.0,1.0,-3.203426503814917e-16,1,1.0,2.0,-3.203426503814917e-16,0.0,65207.0,1.0,0.0,1.0,31660.0231716424,31660.0231716424,31660.0231716424,1.0,4.714591943273562,84.73187435009137,0.2437982475730214,0.007223150888708268,7619.729979962722,0.09328899439248153,0.09328899439248153,0.09328899439248153,1.0,2125911218.5,2125911218.5,2125911218.5,1.0,1.0,0.5,0.5000000001175966,0.5000000001175966,0.5000000001175966,0.9999999999999993,3.067155366755103e-05,1062923006.25,0.0,1000000.0,0.0,0.0,0.15263748876074482,62779.80273590259,0.9627770444262516,0.18234645574264696,1.0,80.14555185792936,80.14555185792936,80.14555185792936,1.0,0.01270428919837406,0.01270428919837406,0.01270428919837406
1,1264,39,0.6549019813537598,0.8078431487083435,217.3602864268083,-3.203426503814917e-16,0.06862744688987732,2.9083418283743407,0.8980392217636108,0.04436978107256059,0.7250035944646293,0.7176470756530762,0.5803921818733215,0.3176470398902893,0.03092124829492682,0.7272256490187722,0.43075008805070364,217.3602864268083,1.0,0.003226932604141878,0.8708448571555353,71.72343651549183,60.53924347066124,355.5,62.459985827037585,745.3595231414371,2.0966512605947596,411.0,0.0896724281845648,1.0,0.0,0.0,0.0,0.0,1.0,0.0,-3.203426503814917e-16,0.0,1.0,1.0,1.0,1.0,0.0,0.0,0.0,1.0,1.0,-3.203426503814917e-16,1,1.0,2.0,-3.203426503814917e-16,0.0,411.0,1.0,0.0,1.0,4.763341124709642,4.763341124709642,4.763341124709642,1.0,1.704484459226197,92.76876589361397,0.40065473411755786,0.562043795620438,1.5772120391629303,0.6459388407561522,0.6459388407561522,0.6459388407561522,1.0,5083.545454545455,5083.545454545455,5083.545454545455,1.0,3.727272727272727,0.33884297520661155,0.5682991326152353,0.5682991326152353,0.5682991326152353,2.049452072789392,0.0267639902676399,3687.5041322314046,0.0,1000000.0,0.0,0.0,2.6563100001319127,74.90754257907543,0.18225679459629057,2.6636119843003536,1.0,22.94647201946472,22.94647201946472,22.94647201946472,1.0,0.08520413872046069,0.08520413872046069,0.08520413872046069
1,1263,23,0.5458823800086975,0.6384313941001892,49.25307600532491,-3.203426503814917e-16,0.03529411554336548,5.521067989936782,0.7333333492279053,0.028507840383302917,0.5855203866958618,0.5803921818733215,0.5176470875740051,0.21568626165390015,0.01642888085621247,0.58687912293107,1.4687156453340398,49.25307600532491,1.0,0.0015929816958704505,0.7438564734163119,46.63563203122576,39.408120990476064,112.0,34.69021677828839,313.10259710444274,2.7955589027182386,143.0,0.11981943664990981,1.0,0.0,0.0,0.0,0.0,1.0,0.0,-3.203426503814917e-16,0.0,1.0,1.0,1.0,1.0,0.0,0.0,0.0,1.0,1.0,-3.203426503814917e-16,1,1.0,2.0,-3.203426503814917e-16,0.0,143.0,1.0,0.0,1.0,2.8839401763198422,2.8839401763198422,2.8839401763198422,1.0,1.287164792961756,48.819835426787876,0.5030201295741777,0.6748251748251748,0.6621828646247543,0.7249564238306447,0.7249564238306447,0.7249564238306447,1.0,793.9090909090909,793.9090909090909,793.9090909090909,1.0,1.5454545454545454,0.14049586776859505,0.2519477894185194,0.2519477894185194,0.2519477894185194,2.9139770731827497,0.07692307692307693,624.9090909090909,0.0,1000000.0,0.0,0.0,2.0973240060173377,36.62237762237762,0.25610054281382955,1.1208372047532886,1.0,14.090909090909092,14.090909090909092,14.090909090909092,1.0,0.113006993006993,0.113006993006993,0.113006993006993
0,1285,25,0.3803921639919281,0.545098066329956,68.03821954148779,-3.203426503814917e-16,0.08627453446388245,3.088941342631253,0.5803921818733215,0.050930648896385586,0.46343863422464326,0.46666666865348816,0.2705882489681244,0.30980393290519714,0.03699896941025354,0.46773113013915046,-0.513090121342521,68.03821954148779,1.0,0.003997042409244227,0.6398324305505656,73.58459470804412,65.11528238439882,259.0,47.08181008312615,625.8204178980357,2.4162950497993654,311.0,0.0911601614775096,1.0,0.0,0.0,0.0,0.0,1.0,0.0,-3.203426503814917e-16,0.0,1.0,1.0,1.0,1.0,0.0,0.0,0.0,1.0,1.0,-3.203426503814917e-16,1,1.0,2.0,-3.203426503814917e-16,0.0,311.0,1.0,0.0,1.0,3.438169951711691,3.438169951711691,3.438169951711691,1.0,1.5224797520361106,85.47113969714054,0.4399737613877059,0.6221864951768489,0.8338760146028454,0.6797996349140647,0.6797996349140647,0.6797996349140647,1.0,1856.0833333333333,1856.0833333333333,1856.0833333333333,1.0,2.0,0.16666666666666666,0.35600430771570685,0.35600430771570685,0.35600430771570685,2.9182958340544864,0.03858520900321544,1184.4097222222224,0.0,1000000.0,0.0,0.0,2.3455718696376096,67.9967845659164,0.21863917866854146,1.5654097869128731,1.0,17.7459807073955,17.7459807073955,17.7459807073955,1.0,0.09453097316096856,0.09453097316096856,0.09453097316096856
0,1276,45,0.4901960790157318,0.6235294342041016,55.18331859608617,-3.203426503814917e-16,0.05882352590560913,3.390019960217351,0.7058823704719543,0.04006940526136428,0.5496479477013013,0.5490196347236633,0.42352941632270813,0.2823529541492462,0.025981768257694493,0.5521595903704336,0.5631441222145416,55.18331859608617,1.0,0.0027673468257925823,0.7642174022639119,41.49341642196833,38.8329756778952,145.0,31.709990909051378,386.0142853498747,2.6621674851715493,181.0,0.11058228408763897,1.0,0.0,0.0,0.0,0.0,1.0,0.0,-3.203426503814917e-16,0.0,1.0,1.0,1.0,1.0,0.0,0.0,0.0,1.0,1.0,-3.203426503814917e-16,1,1.0,2.0,-3.203426503814917e-16,0.0,181.0,1.0,0.0,1.0,3.0905077389410693,3.0905077389410693,3.0905077389410693,1.0,1.3979952952455088,56.06745593014179,0.47163432125898697,0.6533149171270718,0.718260807480184,0.7047592021155242,0.7047592021155242,0.7047592021155242,1.0,1624.5,1624.5,1624.5,1.0,2.8,0.28,0.4757705266565605,0.4757705266565605,0.4757705266565605,2.046439344671014,0.055248618784530384,1296.89,0.0,1000000.0,0.0,0.0,2.2413380718964597,43.64088397790055,0.24110985623149475,1.3685784927200024,1.0,15.607734806629834,15.607734806629834,15.607734806629834,1.0,0.11019183548189072,0.11019183548189072,0.11019183548189072
1,1270,23,0.49058823585510253,0.6627451181411743,164.36980814763214,-3.203426503814917e-16,0.07843136787414551,3.781160425890883,0.7372549176216125,0.05381912242244482,0.5859588115018303,0.5980392396450043,0.3450980484485626,0.3921568691730499,0.035342103474524836,0.5901195802181519,-0.7903500748570593,164.36980814763214,1.0,0.004893390180210236,0.7575797820461138,105.40024239510115,78.81624198095213,406.5,79.84909266128828,845.8275605729732,2.08075660657558,472.0,0.08449935128562203,1.0,0.0,0.0,0.0,0.0,1.0,0.0,-3.203426503814917e-16,0.0,1.0,1.0,1.0,1.0,0.0,0.0,0.0,1.0,1.0,-3.203426503814917e-16,1,1.0,2.0,-3.203426503814917e-16,0.0,472.0,1.0,0.0,1.0,5.0301357469810615,5.0301357469810615,5.0301357469810615,1.0,1.6574984381957614,110.77169376165324,0.41451430953434526,0.566207627118644,1.9048108335180558,0.6581577185031846,0.6581577185031846,0.6581577185031846,1.0,1556.1739130434783,1556.1739130434783,1556.1739130434783,1.0,5.956521739130435,0.2589792060491493,0.5026769677046433,0.5026769677046433,0.5026769677046433,2.6951381384478674,0.048728813559322036,1135.03213610586,0.0,1000000.0,0.0,0.0,2.739305778120876,81.88559322033899,0.17348642631427752,3.261832088480322,1.0,23.24576271186441,23.24576271186441,23.24576271186441,1.0,0.09583885180327624,0.09583885180327624,0.09583885180327624
0,1276,29,0.34117648005485535,0.43921568989753723,34.31797129802089,-3.203426503814917e-16,0.03529411554336548,4.320357894552604,0.5137255191802979,0.03041896766647431,0.38231914195007294,0.37254902720451355,0.26274511218070984,0.250980406999588,0.018732127151452005,0.38460666930992793,1.0100913756099565,34.31797129802089,1.0,0.0017543637762362661,0.9135864830875218,45.5566629743103,43.86342439892262,194.0,41.619951507903664,468.5411972844561,2.4151608107446187,232.0,0.10537995626375732,1.0,0.0,0.0,0.0,0.0,1.0,0.0,-3.203426503814917e-16,0.0,1.0,1.0,1.0,1.0,0.0,0.0,0.0,1.0,1.0,-3.203426503814917e-16,1,1.0,2.0,-3.203426503814917e-16,0.0,232.0,1.0,0.0,1.0,3.7590945691909075,3.7590945691909075,3.7590945691909075,1.0,1.487792247614164,67.7665499127897,0.46718106295086653,0.6228448275862069,1.1696086478114485,0.7030292076066185,0.7030292076066185,0.7030292076066185,1.0,6446.571428571428,6446.571428571428,6446.571428571428,1.0,2.7142857142857144,0.3877551020408163,0.5881500743979179,0.5881500743979179,0.5881500743979179,1.6644977792004598,0.03017241379310345,5348.122448979591,0.0,1000000.0,0.0,0.0,2.335239977493563,55.0,0.23706896551724138,1.6117717003567182,1.0,17.75,17.75,17.75,1.0,0.09473539882907185,0.09473539882907185,0.09473539882907185
0,1285,19,0.3686274588108063,0.6219608068466191,165.60965333348213,-3.203426503814917e-16,0.12450982630252838,3.2268670402907085,0.8352941274642944,0.07844468911803475,0.5080208297107598,0.5176470875740051,0.27843138575553894,0.5568627417087555,0.05346096593401235,0.5176647422118481,0.10711135774522726,165.60965333348213,1.0,0.009891621909250324,0.6999380207900655,120.63040689151714,95.96353474106714,525.0,84.43380824674878,1164.0012254892654,2.2171451914081244,618.0,0.06978002909040242,1.0,0.0,0.0,0.0,0.0,1.0,0.0,-3.203426503814917e-16,0.0,1.0,1.0,1.0,1.0,0.0,0.0,0.0,1.0,1.0,-3.203426503814917e-16,1,1.0,2.0,-3.203426503814917e-16,0.0,618.0,1.0,0.0,1.0,4.3845606792366345,4.3845606792366345,4.3845606792366345,1.0,1.6537674971157026,149.91768745726856,0.4162579284965301,0.5796925566343043,1.3852325666653673,0.6589704712770625,0.6589704712770625,0.6589704712770625,1.0,2745.8947368421054,2745.8947368421054,2745.8947368421054,1.0,3.3157894736842106,0.1745152354570637,0.38564020228533574,0.38564020228533574,0.38564020228533574,3.1083757000539385,0.030744336569579287,1687.9335180055402,0.0,1000000.0,0.0,0.0,2.54866674758741,123.92880258899676,0.2005320430242666,2.3572962160010893,1.0,21.388349514563107,21.388349514563107,21.388349514563107,1.0,0.08342531362598976,0.08342531362598976,0.08342531362598976
1,1380,21,0.5843137502670288,0.8156862854957581,270.44565790315744,-3.203426503814917e-16,0.08431372046470642,3.7245584509507697,1.0,0.0667194773565034,0.682229337466786,0.6666666865348816,0.4274509847164154,0.5725490152835846,0.04097394097244656,0.688211542824067,0.5197430415555796,270.44565790315744,1.0,0.008198258775912818,0.8171701870459908,113.14520385153104,85.44003745317531,492.0,92.45888739471236,1075.5748186180824,2.186127680118054,571.0,0.07310496229225535,1.0,0.0,0.0,0.0,0.0,1.0,0.0,-3.203426503814917e-16,0.0,1.0,1.0,1.0,1.0,0.0,0.0,0.0,1.0,1.0,-3.203426503814917e-16,1,1.0,2.0,-3.203426503814917e-16,0.0,571.0,1.0,0.0,1.0,4.005323895880984,4.005323895880984,4.005323895880984,1.0,1.633304849055894,138.95875999458508,0.4117793981585605,0.5893169877408057,1.1127442590475871,0.6522692916498678,0.6522692916498678,0.6522692916498678,1.0,2080.7391304347825,2080.7391304347825,2080.7391304347825,1.0,5.260869565217392,0.22873345935727787,0.46926339491205166,0.46926339491205166,0.46926339491205166,2.785554632098875,0.040280210157618214,1464.4045368620036,0.0,1000000.0,0.0,0.0,2.487416833388108,118.39754816112084,0.2073512226989857,1.8817326655236613,1.0,20.24693520140105,20.24693520140105,20.24693520140105,1.0,0.08866887268626072,0.08866887268626072,0.08866887268626072
1,1270,31,0.21568627655506134,0.27843138575553894,13.441877157856826,-3.203426503814917e-16,0.0313725620508194,6.0587013277514155,0.3019607961177826,0.0214661621819353,0.24947068885738302,0.2549019753932953,0.13725490868091583,0.16470588743686676,0.014072834757396154,0.2512118717277916,-1.5081193467719887,13.441877157856826,1.0,0.000871779898003203,0.7803421651582775,49.810752884954105,42.37924020083418,172.0,38.869430754409,441.2691193458141,2.565518135731477,213.0,0.10535753946894014,1.0,0.0,0.0,0.0,0.0,1.0,0.0,-3.203426503814917e-16,0.0,1.0,1.0,1.0,1.0,0.0,0.0,0.0,1.0,1.0,-3.203426503814917e-16,1,1.0,2.0,-3.203426503814917e-16,0.0,213.0,1.0,0.0,1.0,3.4452622018028327,3.4452622018028327,3.4452622018028327,1.0,1.462221503242035,65.7176547653978,0.481262932749467,0.6373239436619718,0.9502874032720522,0.7184537325173419,0.7184537325173419,0.7184537325173419,1.0,450.46666666666664,450.46666666666664,450.46666666666664,1.0,2.2,0.14666666666666667,0.2958424636209474,0.2958424636209474,0.2958424636209474,3.056564762130951,0.07042253521126761,248.82666666666665,0.0,1000000.0,0.0,0.0,2.4609409454569913,43.82629107981221,0.20575723511648925,1.83535012894267,1.0,17.056338028169016,17.056338028169016,17.056338028169016,1.0,0.10856294513110408,0.10856294513110408,0.10856294513110408
0,1276,27,0.3137255012989044,0.4117647111415863,22.13625635405497,-3.203426503814917e-16,0.04313725233078003,4.673539985812647,0.5137255191802979,0.030066912199660584,0.35442867686693696,0.3490196168422699,0.27843138575553894,0.2352941334247589,0.02026364084889647,0.3566789370060478,1.076301618476569,22.13625635405497,1.0,0.0016001771181166167,0.7645713799495492,50.974803426182646,42.720018726587654,152.0,38.97387579821347,326.5168106668159,2.1481369122816836,174.0,0.1338508644112354,1.0,0.0,0.0,0.0,0.0,1.0,0.0,-3.203426503814917e-16,0.0,1.0,1.0,1.0,1.0,0.0,0.0,0.0,1.0,1.0,-3.203426503814917e-16,1,1.0,2.0,-3.203426503814917e-16,0.0,174.0,1.0,0.0,1.0,3.9626652844033394,3.9626652844033394,3.9626652844033394,1.0,1.5855978116081013,45.21732229036696,0.4313728026473135,0.5991379310344829,1.1485075089514718,0.6733424916037887,0.6733424916037887,0.6733424916037887,1.0,902.6666666666666,902.6666666666666,902.6666666666666,1.0,2.3333333333333335,0.25925925925925924,0.44595485570263654,0.44595485570263654,0.44595485570263654,2.2810361125534215,0.05172413793103448,528.8888888888889,0.0,1000000.0,0.0,0.0,2.4210156985079223,38.747126436781606,0.22268463469414718,1.7388030122869598,1.0,19.436781609195403,19.436781609195403,19.436781609195403,1.0,0.09330620227018009,0.09330620227018009,0.09330620227018009
2,1359,14,0.6000000238418579,0.7882353067398071,286.00456629286566,-3.203426503814917e-16,0.09803920984268188,3.2464900464038826,0.8745098114013672,0.05917151531668653,0.6945325748505445,0.6960784494876862,0.43529412150382996,0.43921568989753723,0.04140067545055341,0.698614628974499,-0.3473156636112264,286.00456629286566,1.0,0.005686902288649503,0.9130727437193356,100.06372765054729,82.71033792700887,497.0,91.36546235266957,1126.3860018001205,2.2663702249499407,586.0,0.0701610179941695,1.0,0.0,0.0,0.0,0.0,1.0,0.0,-3.203426503814917e-16,0.0,1.0,1.0,1.0,1.0,0.0,0.0,0.0,1.0,1.0,-3.203426503814917e-16,1,1.0,2.0,-3.203426503814917e-16,0.0,586.0,1.0,0.0,1.0,4.132046805054207,4.132046805054207,4.132046805054207,1.0,1.6386425898919015,142.64529762625466,0.41135735151673913,0.587457337883959,1.1916572816591793,0.6512480751751675,0.6512480751751675,0.6512480751751675,1.0,2227.391304347826,2227.391304347826,2227.391304347826,1.0,6.043478260869565,0.2627599243856333,0.5031718542515905,0.5031718542515905,0.5031718542515905,2.608181616708737,0.03924914675767918,1578.249527410208,0.0,1000000.0,0.0,0.0,2.4697268313734115,122.44368600682594,0.20894826963622173,1.8210579039942225,1.0,20.313993174061434,20.313993174061434,20.313993174061434,1.0,0.08867232544326036,0.08867232544326036,0.08867232544326036
1,1270,31,0.24313725531101227,0.30980393290519714,34.37736545889351,-3.203426503814917e-16,0.03529411554336548,2.7241537964524287,0.3490196168422699,0.019974925995357398,0.27257893411422346,0.2666666805744171,0.2078431397676468,0.1411764770746231,0.015586292228625242,0.27367173957743784,0.31921839030103877,34.37736545889351,1.0,0.0005969457204947923,0.8892186206462145,83.78871666836132,68.24221567329127,382.5,74.50648706155674,920.5382386916285,2.4066359181480483,459.0,0.07531453831417477,1.0,0.0,0.0,0.0,0.0,1.0,0.0,-3.203426503814917e-16,0.0,1.0,1.0,1.0,1.0,0.0,0.0,0.0,1.0,1.0,-3.203426503814917e-16,1,1.0,2.0,-3.203426503814917e-16,0.0,459.0,1.0,0.0,1.0,3.6743988292991614,3.6743988292991614,3.6743988292991614,1.0,1.5294333922384078,125.60906834420464,0.44174404270970746,0.6171023965141612,1.0279369675104375,0.6813970368505973,0.6813970368505973,0.6813970368505973,1.0,2643.1176470588234,2643.1176470588234,2643.1176470588234,1.0,3.823529411764706,0.22491349480968859,0.4599456811874445,0.4599456811874445,0.4599456811874445,2.651793902628766,0.037037037037037035,1914.1176470588232,0.0,1000000.0,0.0,0.0,2.3918826787361107,101.64488017429194,0.22144854068473188,1.640888357279489,1.0,18.15032679738562,18.15032679738562,18.15032679738562,1.0,0.093873197427119,0.093873197427119,0.093873197427119
1,1263,41,0.6470588445663452,0.800000011920929,238.8841475532442,-3.203426503814917e-16,0.09411764144897461,2.930851864744781,0.9607843160629272,0.05042546895834116,0.7219737291336059,0.7176470756530762,0.5254902243614197,0.43529409170150757,0.03764157117628761,0.7245827106084057,0.1688981736904326,238.8841475532442,1.0,0.0037740389535392176,0.9037559653989498,90.87951016466714,73.10950690573696,383.5,82.13289944385242,847.7686860699278,2.2106093508994205,455.0,0.08188611087973145,1.0,0.0,0.0,0.0,0.0,1.0,0.0,-3.203426503814917e-16,0.0,1.0,1.0,1.0,1.0,0.0,0.0,0.0,1.0,1.0,-3.203426503814917e-16,1,1.0,2.0,-3.203426503814917e-16,0.0,455.0,1.0,0.0,1.0,4.538564725281529,4.538564725281529,4.538564725281529,1.0,1.6301801388983166,108.67413132985155,0.410782224515466,0.578021978021978,1.508001164687024,0.6472312702525314,0.6472312702525314,0.6472312702525314,1.0,1326.45,1326.45,1326.45,1.0,2.2,0.11,0.2791923413365388,0.2791923413365388,0.2791923413365388,3.5414460711655162,0.04395604395604396,808.8875,0.0,1000000.0,0.0,0.0,2.61003440322094,86.01538461538462,0.18904480135249366,2.4939210240309144,1.0,21.641758241758243,21.641758241758243,21.641758241758243,1.0,0.08700461405563446,0.08700461405563446,0.08700461405563446
2,1261,26,0.30980393290519714,0.40392157435417175,86.03243755469828,-3.203426503814917e-16,0.05882352590560913,6.185453366791437,0.48627451062202454,0.03326658042927272,0.35696285355601226,0.35686275362968445,0.10980392247438431,0.37647058814764023,0.02526754197425713,0.3594131802900578,-0.7467362219463795,86.03243755469828,1.0,0.001755355347362583,0.8310837108647333,132.76179188802107,102.39628899525607,580.0,110.33616266334799,1108.3616151824824,1.9109683020387627,666.0,0.07702601890885373,1.0,0.0,0.0,0.0,0.0,1.0,0.0,-3.203426503814917e-16,0.0,1.0,1.0,1.0,1.0,0.0,0.0,0.0,1.0,1.0,-3.203426503814917e-16,1,1.0,2.0,-3.203426503814917e-16,0.0,666.0,1.0,0.0,1.0,6.992131834967314,6.992131834967314,6.992131834967314,1.0,1.77923091856659,130.2323790342741,0.37450875662692934,0.5213963963963965,3.2898269381606777,0.6179370906325722,0.6179370906325722,0.6179370906325722,1.0,2158.4285714285716,2158.4285714285716,2158.4285714285716,1.0,5.928571428571429,0.21173469387755103,0.4514336156711426,0.4514336156711426,0.4514336156711426,3.056656707462818,0.042042042042042045,1592.6683673469388,0.0,1000000.0,0.0,0.0,2.7789328590116176,109.16216216216216,0.16390715039363687,3.7514812109406708,1.0,27.06906906906907,27.06906906906907,27.06906906906907,1.0,0.08347007485565687,0.08347007485565687,0.08347007485565687
0,1382,21,0.5843137502670288,0.7686274647712708,202.77259027303265,-3.203426503814917e-16,0.07843136787414551,3.910421067333458,0.8823529481887817,0.055915543075197055,0.6833127838470441,0.6901960968971252,0.45098039507865906,0.4313725531101227,0.03465740637127228,0.6875051858639466,-0.38294987780048884,202.77259027303265,1.0,0.005747020021022473,0.8765009428142464,89.50471272718048,73.92563831310488,353.5,78.45096509169197,873.9108216936587,2.4721663980018636,429.0,0.07626627301906468,1.0,0.0,0.0,0.0,0.0,1.0,0.0,-3.203426503814917e-16,0.0,1.0,1.0,1.0,1.0,0.0,0.0,0.0,1.0,1.0,-3.203426503814917e-16,1,1.0,2.0,-3.203426503814917e-16,0.0,429.0,1.0,0.0,1.0,3.312437904763082,3.312437904763082,3.312437904763082,1.0,1.4809881354016539,124.5762494049,0.45665118503928137,0.634032634032634,0.8098793129317683,0.6964471808434469,0.6964471808434469,0.6964471808434469,1.0,755.7407407407408,755.7407407407408,755.7407407407408,1.0,4.555555555555555,0.16872427983539096,0.39756389208711007,0.39756389208711007,0.39756389208711007,3.3023215410940705,0.06293706293706294,503.28395061728395,0.0,1000000.0,0.0,0.0,2.4439158181513885,90.0909090909091,0.21000211909302818,1.7873191299764726,1.0,17.214452214452216,17.214452214452216,17.214452214452216,1.0,0.10939157403443117,0.10939157403443117,0.10939157403443117
1,1383,19,0.6549019813537598,0.8470588326454163,168.0866199684877,-3.203426503814917e-16,0.09803920984268188,2.670739631670569,0.9254902005195618,0.060011469782927096,0.7303670346736908,0.7058823704719543,0.5686274766921997,0.35686272382736206,0.0436308219159512,0.7339885329933061,0.7479051158627484,168.0866199684877,1.0,0.00530316122762553,0.8689163589112749,62.85431689330567,52.80151512977634,265.5,54.6151441767866,596.8498551495584,2.2480220532940054,312.0,0.09677698811710961,1.0,0.0,0.0,0.0,0.0,1.0,0.0,-3.203426503814917e-16,0.0,1.0,1.0,1.0,1.0,0.0,0.0,0.0,1.0,1.0,-3.203426503814917e-16,1,1.0,2.0,-3.203426503814917e-16,0.0,312.0,1.0,0.0,1.0,3.97647642953256,3.97647642953256,3.97647642953256,1.0,1.6150983388391291,78.08833627916789,0.4201359804974352,0.592948717948718,1.1120887607047836,0.6597186554765155,0.6597186554765155,0.6597186554765155,1.0,2094.6,2094.6,2094.6,1.0,1.6,0.16,0.3077294085116193,0.3077294085116193,0.3077294085116193,2.846439344671013,0.03205128205128205,1121.16,0.0,1000000.0,0.0,0.0,2.494999206998995,62.743589743589745,0.20110124917817226,1.8957922419460882,1.0,20.012820512820515,20.012820512820515,20.012820512820515,1.0,0.08580601979039479,0.08580601979039479,0.08580601979039479
1,1383,17,0.011029412038624287,0.6759803891181946,6847.702544112501,-3.203426503814917e-16,0.3049632292240858,3.173191461961327,1.0,0.22023657656808848,0.19850502858110622,0.03235294297337532,0.0,1.0,0.16017053167634462,0.3321211930267057,1.2629392203680057,6847.702544112501,1.0,0.0709002404854965,0.9981772774939673,303.32269834430895,361.33225707096784,62078.0,302.7698252354462,1332.0832611206854,0.021458218066314722,62080.0,0.6630441066847512,1.0,0.0,0.0,0.0,0.0,1.0,0.0,-3.203426503814917e-16,0.0,1.0,1.0,1.0,1.0,0.0,0.0,0.0,1.0,1.0,-3.203426503814917e-16,1,1.0,2.0,-3.203426503814917e-16,0.0,62080.0,1.0,0.0,1.0,26348.626211430754,26348.626211430754,26348.626211430754,1.0,4.501519228364592,68.20530982312283,0.19061446582360148,0.008029961340206187,5028.453650708625,0.024083828063175123,0.024083828063175123,0.024083828063175123,1.0,770189459.2,770189459.2,770189459.2,1.0,1.8,0.36,0.031250000051935276,0.031250000051935276,0.031250000051935276,1.5219280948873615,8.054123711340206e-05,616032403.2,0.0,1000000.0,0.0,0.0,0.1622348312449714,59460.65296391753,0.9578069098569189,0.1928449116205229,1.0,80.04065721649485,80.04065721649485,80.04065721649485,1.0,0.012690015756982921,0.012690015756982921,0.012690015756982921
1,1380,37,0.46666666865348816,0.7843137383460999,247.4335384789523,-3.203426503814917e-16,0.21960783004760742,1.9181833079657609,0.8470588326454163,0.10525385788902564,0.6236317859534144,0.6196078658103943,0.2235294133424759,0.6235294193029404,0.085527720648045,0.6353295357939251,-0.034678271405864464,247.4335384789523,1.0,0.01472701460067918,0.9087063260342126,120.45442649895413,100.42410069301094,524.0,109.45769935842273,1173.0722933011286,2.2386875826357415,613.0,0.06917446327894344,1.0,0.0,0.0,0.0,0.0,1.0,0.0,-3.203426503814917e-16,0.0,1.0,1.0,1.0,1.0,0.0,0.0,0.0,1.0,1.0,-3.203426503814917e-16,1,1.0,2.0,-3.203426503814917e-16,0.0,613.0,1.0,0.0,1.0,3.864946440607971,3.864946440607971,3.864946440607971,1.0,1.6023199304649693,152.93005591170498,0.4167623148649336,0.5974714518760196,1.0531188852057776,0.6562611443030797,0.6562611443030797,0.6562611443030797,1.0,3330.7894736842104,3330.7894736842104,3330.7894736842104,1.0,4.052631578947368,0.21329639889196675,0.4332759869474156,0.4332759869474156,0.4332759869474156,2.8795064608120033,0.03099510603588907,2289.8781163434896,0.0,1000000.0,0.0,0.0,2.404337313104147,132.74877650897227,0.21655591600158608,1.6497050049365434,1.0,19.460032626427406,19.460032626427406,19.460032626427406,1.0,0.08659094061768263,0.08659094061768263,0.08659094061768263
2,1299,17,0.43529412150382996,0.7764706015586853,297.5987998781977,-3.203426503814917e-16,0.12156862020492554,4.341925618385064,0.9686274528503418,0.10066505454819459,0.640955473732397,0.6627451181411743,0.1411764770746231,0.8274509757757187,0.06040445958629831,0.6557866033917946,-0.9356726117807516,297.5987998781977,1.0,0.01923214988062549,0.9003092621261889,134.06077873952347,106.88779163215975,606.5,120.69616078704264,1224.0844866099442,2.0182761526957034,692.0,0.07131960688279115,1.0,0.0,0.0,0.0,0.0,1.0,0.0,-3.203426503814917e-16,0.0,1.0,1.0,1.0,1.0,0.0,0.0,0.0,1.0,1.0,-3.203426503814917e-16,1,1.0,2.0,-3.203426503814917e-16,0.0,692.0,1.0,0.0,1.0,4.840461174635412,4.840461174635412,4.840461174635412,1.0,1.7261706568626591,150.73998710315396,0.3892786298454141,0.5588872832369942,1.6261042090775972,0.6356017569917505,0.6356017569917505,0.6356017569917505,1.0,3761.7272727272725,3761.7272727272725,3761.7272727272725,1.0,2.727272727272727,0.12396694214876033,0.32137711003670655,0.32137711003670655,0.32137711003670655,3.4474015047059114,0.031791907514450865,2772.3388429752067,0.0,1000000.0,0.0,0.0,2.682398771056201,126.30635838150289,0.18252363927962845,2.6508987938120216,1.0,23.161849710982658,23.161849710982658,23.161849710982658,1.0,0.07921064391556237,0.07921064391556237,0.07921064391556237
1,1380,11,0.0117647061124444,0.2666666805744171,1964.8183466752478,-3.203426503814917e-16,0.18823529593646526,5.30391521213593,0.9882352948188782,0.10154187986101346,0.12257783870765604,0.0784313753247261,0.0,0.9882352948188782,0.07704405767966929,0.1747554784033994,1.3777922902018425,1964.8183466752478,1.0,0.015514150689760853,0.9984663356696799,298.2915604431929,361.33225707096784,64321.0,297.83408131690567,1547.9970414071702,0.02406674400906656,64337.0,0.5807793944770431,1.0,0.0,0.0,0.0,0.0,1.0,0.0,-3.203426503814917e-16,0.0,1.0,1.0,1.0,1.0,0.0,0.0,0.0,1.0,1.0,-3.203426503814917e-16,1,1.0,2.0,-3.203426503814917e-16,0.0,64337.0,1.0,0.0,1.0,24540.44737462037,24540.44737462037,24540.44737462037,1.0,4.858864545783752,71.77124458345206,0.16352079582438614,0.008673080808865816,8619.884547998414,0.16530552525181938,0.16530552525181938,0.16530552525181938,1.0,376131668.45454544,376131668.45454544,376131668.45454544,1.0,5.0,0.45454545454545453,0.6919191919411641,0.6919191919411641,0.6919191919411641,1.4911148500551843,0.00017097471128588526,341922994.33057845,0.0,1000000.0,0.0,0.0,0.18479428973984563,61531.30647994156,0.9563906691319389,0.2337421225446288,1.0,79.98963271523385,79.98963271523385,79.98963271523385,1.0,0.012917504047319834,0.012917504047319834,0.012917504047319834
1,1383,11,0.0117647061124444,0.23137255012989044,1571.4869872517181,-3.203426503814917e-16,0.17254902236163616,9.209337434942404,1.0,0.08815680118495832,0.11118112119352892,0.07058823853731155,0.0,1.0,0.06915802964741728,0.15537993045722223,1.7348359364434958,1571.4869872517181,1.0,0.011781681079041052,0.9988747592972002,296.60043106487495,361.33225707096784,65083.5,296.2666841873728,1283.9482681718919,0.019727707762672443,65091.0,0.7043570342609233,1.0,0.0,0.0,0.0,0.0,1.0,0.0,-3.203426503814917e-16,0.0,1.0,1.0,1.0,1.0,0.0,0.0,0.0,1.0,1.0,-3.203426503814917e-16,1,1.0,2.0,-3.203426503814917e-16,0.0,65091.0,1.0,0.0,1.0,31649.726743735824,31649.726743735824,31649.726743735824,1.0,4.801338148639717,81.95859408484004,0.2386517005581968,0.0072206603063403535,7338.623009772897,0.08237310122833752,0.08237310122833752,0.08237310122833752,1.0,847185414.2,847185414.2,847185414.2,1.0,1.4,0.28,0.47222222226943744,0.47222222226943744,0.47222222226943744,1.9219280948873612,7.681553517383356e-05,677711882.96,0.0,1000000.0,0.0,0.0,0.15651806427637213,62624.43356224363,0.9621058758083856,0.18080537306210204,1.0,80.1443671168057,80.1443671168057,80.1443671168057,1.0,0.012722118455930404,0.012722118455930404,0.012722118455930404
2,1297,23,0.3686274588108063,0.5960784554481506,214.0336305365676,-3.203426503814917e-16,0.09803923964500427,3.990463167034003,0.7058823704719543,0.06580212503867747,0.48430486683358703,0.4882352948188782,0.10196078568696976,0.6039215847849846,0.04392352686971142,0.49205639062733775,-0.5966121837198016,214.0336305365676,1.0,0.007568287518504713,0.8613957643024988,155.2019157714138,125.57467897629681,763.5,133.69027285712903,1639.9566363360407,2.1479458236228433,884.0,0.05972787835889984,1.0,0.0,0.0,0.0,0.0,1.0,0.0,-3.203426503814917e-16,0.0,1.0,1.0,1.0,1.0,0.0,0.0,0.0,1.0,1.0,-3.203426503814917e-16,1,1.0,2.0,-3.203426503814917e-16,0.0,884.0,1.0,0.0,1.0,4.591490835972273,4.591490835972273,4.591490835972273,1.0,1.6478334512174055,207.0889762538346,0.405003850858608,0.5772058823529411,1.5706116353608672,0.6419708484455275,0.6419708484455275,0.6419708484455275,1.0,13216.5,13216.5,13216.5,1.0,4.5,0.28125,0.5160193059932757,0.5160193059932757,0.5160193059932757,2.499999999999997,0.01809954751131222,10163.9375,0.0,1000000.0,0.0,0.0,2.4641891272165535,184.87782805429865,0.2091378145410618,1.9216795315411235,1.0,21.126696832579185,21.126696832579185,21.126696832579185,1.0,0.07918261428503025,0.07918261428503025,0.07918261428503025
1,1264,15,0.01568627543747425,0.5686274766921997,5837.079194635188,-3.203426503814917e-16,0.3264705967158079,3.3111096000603277,1.0,0.19808654120512498,0.18941127036678154,0.04313725605607033,0.0,1.0,0.14857944135212758,0.30123905129592654,1.2193105806803795,5837.079194635188,1.0,0.05486833668371186,0.9969349128153452,298.3205699641585,361.33225707096784,64294.0,297.4061914082424,1582.5655839020949,0.024614514323297584,64324.0,0.5679739771077299,1.0,0.0,0.0,0.0,0.0,1.0,0.0,-3.203426503814917e-16,0.0,1.0,1.0,1.0,1.0,0.0,0.0,0.0,1.0,1.0,-3.203426503814917e-16,1,1.0,2.0,-3.203426503814917e-16,0.0,64324.0,1.0,0.0,1.0,24208.85320884955,24208.85320884955,24208.85320884955,1.0,4.819127966254966,72.35085631634152,0.16035682548067814,0.008729245693675766,8960.13202962549,0.17553020738151318,0.17553020738151318,0.17553020738151318,1.0,413539029.0,413539029.0,413539029.0,1.0,2.8,0.28,0.49236111113529263,0.49236111113529263,0.49236111113529263,2.046439344671014,0.0001554629687208507,372163259.24,0.0,1000000.0,0.0,0.0,0.18506176563481136,61523.80243765935,0.9564672973953633,0.2375832632726831,1.0,79.98544866612772,79.98544866612772,79.98544866612772,1.0,0.012899134224122434,0.012899134224122434,0.012899134224122434
1,1270,37,0.24313725531101227,0.2862745225429535,35.365031932245984,-3.203426503814917e-16,0.023529410362243652,2.9574181790823886,0.3176470696926117,0.013686373390551962,0.2638068780479695,0.26274511218070984,0.21960784494876862,0.09803922474384308,0.009832101198001198,0.2643697551820775,0.31764333146879237,35.365031932245984,1.0,0.0002972985496153291,0.8578440824580377,105.44558609768367,88.56635930193812,435.0,90.45587205521747,930.9818895055244,2.140188251736838,506.0,0.07941605832066198,1.0,0.0,0.0,0.0,0.0,1.0,0.0,-3.203426503814917e-16,0.0,1.0,1.0,1.0,1.0,0.0,0.0,0.0,1.0,1.0,-3.203426503814917e-16,1,1.0,2.0,-3.203426503814917e-16,0.0,506.0,1.0,0.0,1.0,4.483883013690054,4.483883013690054,4.483883013690054,1.0,1.634354777427891,122.72178687201747,0.4172698703050495,0.5810276679841897,1.510685518015837,0.654717584417368,0.654717584417368,0.654717584417368,1.0,1836.7,1836.7,1836.7,1.0,2.6,0.13,0.27029878221183873,0.27029878221183873,0.27029878221183873,3.341446071165517,0.039525691699604744,1196.6100000000001,0.0,1000000.0,0.0,0.0,2.594274102216838,94.81027667984189,0.1873720883000828,2.49285256760768,1.0,21.43083003952569,21.43083003952569,21.43083003952569,1.0,0.0855106204756826,0.0855106204756826,0.0855106204756826
1,1263,17,0.007843137718737125,0.4431372582912445,4078.721522828575,-3.203426503814917e-16,0.3490196159109473,1.7776140291141271,0.9843137264251709,0.15311557910628837,0.18444780474711017,0.1411764770746231,0.0,0.9843137264251709,0.13178352135844326,0.25285929232434684,0.4940065769271211,4078.721522828575,1.0,0.029916829038741405,0.9973491641780938,299.505359469893,361.33225707096784,63770.0,298.71141993415733,1644.5655839020867,0.02578901652661262,63792.0,0.5443295895466793,1.0,0.0,0.0,0.0,0.0,1.0,0.0,-3.203426503814917e-16,0.0,1.0,1.0,1.0,1.0,0.0,0.0,0.0,1.0,1.0,-3.203426503814917e-16,1,1.0,2.0,-3.203426503814917e-16,0.0,63792.0,1.0,0.0,1.0,22369.89333651567,22369.89333651567,22369.89333651567,1.0,4.94234206756812,65.59182504514172,0.13860340808154717,0.009197861800852771,8496.448647374757,0.17245758227714833,0.17245758227714833,0.17245758227714833,1.0,508422278.25,508422278.25,508422278.25,1.0,2.0,0.25,0.4390277778085101,0.4390277778085101,0.4390277778085101,2.1556390622295645,0.00012540757461750688,444837602.25,0.0,1000000.0,0.0,0.0,0.1970917683061401,60827.41365688488,0.9535273021207186,0.24781480269711528,1.0,79.9287371457236,79.9287371457236,79.9287371457236,1.0,0.012900261157857742,0.012900261157857742,0.012900261157857742
1,1383,31,0.6749019801616669,0.7843137383460999,157.37949155621243,-3.203426503814917e-16,0.05098038911819458,4.94694626163994,0.843137264251709,0.03369198670321724,0.7326752778193723,0.7352941334247589,0.529411792755127,0.31372547149658203,0.020512819290161133,0.7341463488255446,-0.7386441483529123,157.37949155621243,1.0,0.0021577987661838783,0.9109354956995767,60.11359777468231,52.392747589718944,243.0,54.7596099871652,591.7787873376927,2.435303651595443,292.0,0.09337888314265819,1.0,0.0,0.0,0.0,0.0,1.0,0.0,-3.203426503814917e-16,0.0,1.0,1.0,1.0,1.0,0.0,0.0,0.0,1.0,1.0,-3.203426503814917e-16,1,1.0,2.0,-3.203426503814917e-16,0.0,292.0,1.0,0.0,1.0,3.4683403179768018,3.4683403179768018,3.4683403179768018,1.0,1.445129116239424,89.18450202034143,0.47591296005813677,0.6386986301369864,0.996322256928594,0.7101821891604536,0.7101821891604536,0.7101821891604536,1.0,1007.625,1007.625,1007.625,1.0,2.0,0.125,0.284680315178793,0.284680315178793,0.284680315178793,3.249999999999996,0.0547945205479452,674.5625,0.0,1000000.0,0.0,0.0,2.440374747546458,62.773972602739725,0.2149793582285607,1.8578532557703131,1.0,16.993150684931507,16.993150684931507,16.993150684931507,1.0,0.10414230243721029,0.10414230243721029,0.10414230243721029
1,1264,17,0.45098039507865906,0.6431372761726379,83.72601706768181,-3.203426503814917e-16,0.09019610285758972,2.929971307400132,0.7254902124404907,0.06039549469339115,0.5185728177672527,0.4901960790157318,0.3686274588108063,0.35686275362968445,0.04306383077445465,0.5239384805198494,0.8549689792263094,83.72601706768181,1.0,0.0055937640423803,0.9319012629123683,70.77661552956748,60.60528029800704,261.5,65.95681739666708,581.335136523797,2.2230789159609827,305.0,0.09860846665211648,1.0,0.0,0.0,0.0,0.0,1.0,0.0,-3.203426503814917e-16,0.0,1.0,1.0,1.0,1.0,0.0,0.0,0.0,1.0,1.0,-3.203426503814917e-16,1,1.0,2.0,-3.203426503814917e-16,0.0,305.0,1.0,0.0,1.0,3.9378582887314213,3.9378582887314213,3.9378582887314213,1.0,1.6224632787999647,77.2249672011516,0.42346887542369416,0.5950819672131147,1.0825464559152158,0.6692647082190399,0.6692647082190399,0.6692647082190399,1.0,1743.0714285714287,1743.0714285714287,1743.0714285714287,1.0,2.142857142857143,0.15306122448979592,0.32666408756311727,0.32666408756311727,0.32666408756311727,2.9502120649147443,0.04590163934426229,1268.454081632653,0.0,1000000.0,0.0,0.0,2.4932426342001506,61.87213114754098,0.20285944638538028,1.9066487503359313,1.0,19.878688524590164,19.878688524590164,19.878688524590164,1.0,0.08975009293334821,0.08975009293334821,0.08975009293334821
1,1270,33,0.18039216101169586,0.23529411852359772,25.076863560115598,-3.203426503814917e-16,0.027450978755950928,3.488820008691405,0.27450981736183167,0.0179075793927263,0.20663286339620063,0.20392157137393951,0.12941177189350128,0.14509804546833038,0.012173636089527531,0.20793261325576542,0.24714732665083958,25.076863560115598,1.0,0.0005388314200588112,0.6669729672495401,131.52237194209422,99.72462083156798,499.5,87.72186667391622,1085.7169542418126,2.173607515999625,580.0,0.07297196792988749,1.0,0.0,0.0,0.0,0.0,1.0,0.0,-3.203426503814917e-16,0.0,1.0,1.0,1.0,1.0,0.0,0.0,0.0,1.0,1.0,-3.203426503814917e-16,1,1.0,2.0,-3.203426503814917e-16,0.0,580.0,1.0,0.0,1.0,4.080508753220278,4.080508753220278,4.080508753220278,1.0,1.6722383434123012,135.10332571122711,0.3996543471366314,0.5806034482758621,1.0883221489189967,0.6443240570865103,0.6443240570865103,0.6443240570865103,1.0,2025.6363636363637,2025.6363636363637,2025.6363636363637,1.0,6.0,0.2727272727272727,0.5067878299575077,0.5067878299575077,0.5067878299575077,2.729715809318645,0.03793103448275862,1330.595041322314,0.0,1000000.0,0.0,0.0,2.5106298679240364,115.4448275862069,0.19904280618311535,1.9290249702734839,1.0,20.896551724137932,20.896551724137932,20.896551724137932,1.0,0.0885823681484088,0.0885823681484088,0.0885823681484088
1,1270,10,0.0117647061124444,0.2980392277240753,2924.574929684408,-3.203426503814917e-16,0.21470588259398937,9.481215053109205,1.0,0.12245707164962345,0.13738506963079902,0.06666667014360428,0.0,1.0,0.08653154975448511,0.21288108940175976,2.1559992234188607,2924.574929684408,1.0,0.02644370086742054,0.9995047034562459,297.84546892315495,361.33225707096784,64518.0,297.6979470918245,1482.114790413263,0.022972113060126833,64534.0,0.607524139361911,1.0,0.0,0.0,0.0,0.0,1.0,0.0,-3.203426503814917e-16,0.0,1.0,1.0,1.0,1.0,0.0,0.0,0.0,1.0,1.0,-3.203426503814917e-16,1,1.0,2.0,-3.203426503814917e-16,0.0,64534.0,1.0,0.0,1.0,26049.267888786646,26049.267888786646,26049.267888786646,1.0,4.74077613379089,74.04563730594762,0.17963035229919344,0.008282455759754549,8303.017424552938,0.13750584073741165,0.13750584073741165,0.13750584073741165,1.0,4164637156.0,4164637156.0,4164637156.0,1.0,1.0,1.0,2.4011695678200876e-10,2.4011695678200876e-10,2.4011695678200876e-10,-3.203426503814917e-16,1.5495707688970156e-05,0.0,0.0,1000000.0,0.0,0.0,0.1731663893454623,61840.28115412031,0.9582589201679782,0.21617556254641457,1.0,80.02789227384015,80.02789227384015,80.02789227384015,1.0,0.012771890201893414,0.012771890201893414,0.012771890201893414
1,1263,47,0.29019609093666077,0.3764705955982208,31.52689154420256,-3.203426503814917e-16,0.05098038911819458,2.3175406258381477,0.40784314274787903,0.027214958481950522,0.3292483761389222,0.32156863808631897,0.24313725531101227,0.16470588743686676,0.02131073751884872,0.330860051105252,0.26276086638786433,31.52689154420256,1.0,0.0010638802272527755,0.6684026180286684,68.91937128900372,61.220911460055866,246.5,46.06588820245993,550.2224381515887,2.2321397085257146,288.0,0.10115214502238644,1.0,0.0,0.0,0.0,0.0,1.0,0.0,-3.203426503814917e-16,0.0,1.0,1.0,1.0,1.0,0.0,0.0,0.0,1.0,1.0,-3.203426503814917e-16,1,1.0,2.0,-3.203426503814917e-16,0.0,288.0,1.0,0.0,1.0,4.007649171707303,4.007649171707303,4.007649171707303,1.0,1.5903274722697636,73.778961928229,0.42799228089476987,0.5980902777777778,1.1962145973913803,0.669350688506211,0.669350688506211,0.669350688506211,1.0,1133.2857142857142,1133.2857142857142,1133.2857142857142,1.0,2.5714285714285716,0.1836734693877551,0.3986075223699005,0.3986075223699005,0.3986075223699005,2.835237745312115,0.04861111111111111,710.1020408163265,0.0,1000000.0,0.0,0.0,2.507142153100788,56.3125,0.1955295138888889,1.9675443672839505,1.0,19.73611111111111,19.73611111111111,19.73611111111111,1.0,0.09420564551051902,0.09420564551051902,0.09420564551051902
1,1383,49,0.29411765933036804,0.47843137383461,106.80833955088661,-3.203426503814917e-16,0.09803920984268188,2.8177885632916224,0.5921568870544434,0.05688197839579918,0.38542935220075064,0.3843137323856354,0.16078431904315948,0.4313725680112839,0.04160092870818081,0.39174003876986047,0.07422465092335488,106.80833955088661,1.0,0.004904472437521526,0.8796249950233538,158.59442798103697,123.97580409095961,584.5,139.5036229235513,1343.8662325404516,2.2991723396757084,696.0,0.06377363153870613,1.0,0.0,0.0,0.0,0.0,1.0,0.0,-3.203426503814917e-16,0.0,1.0,1.0,1.0,1.0,0.0,0.0,0.0,1.0,1.0,-3.203426503814917e-16,1,1.0,2.0,-3.203426503814917e-16,0.0,696.0,1.0,0.0,1.0,4.202815727465759,4.202815727465759,4.202815727465759,1.0,1.5621518252808235,183.95120967322396,0.43949566046174443,0.5994971264367817,1.4025992139591505,0.6803419452711182,0.6803419452711182,0.6803419452711182,1.0,1684.2222222222222,1684.2222222222222,1684.2222222222222,1.0,6.5,0.18055555555555555,0.415178427360568,0.415178427360568,0.415178427360568,3.2877805350468225,0.05172413793103448,1310.4444444444443,0.0,1000000.0,0.0,0.0,2.6170245762014868,133.73850574712642,0.19215302549874488,2.4238918615404943,1.0,20.097701149425287,20.097701149425287,20.097701149425287,1.0,0.09788952248098048,0.09788952248098048,0.09788952248098048
1,1383,39,0.686274528503418,0.8352941274642944,220.5163784642607,-3.203426503814917e-16,0.09019607305526733,2.892515995959222,0.9372549057006836,0.049456238126205226,0.7654084233357945,0.7686274647712708,0.6000000238418579,0.3372548818588257,0.035505471030241695,0.7678645617545832,0.021754446887980384,220.5163784642607,1.0,0.0037659306851713166,0.8588788349582921,82.53954291753429,66.48308055437865,322.5,70.8914664590018,664.1635636485432,2.0594219027861804,374.0,0.09585058000496725,1.0,0.0,0.0,0.0,0.0,1.0,0.0,-3.203426503814917e-16,0.0,1.0,1.0,1.0,1.0,0.0,0.0,0.0,1.0,1.0,-3.203426503814917e-16,1,1.0,2.0,-3.203426503814917e-16,0.0,374.0,1.0,0.0,1.0,5.218269299611181,5.218269299611181,5.218269299611181,1.0,1.6926443241644868,83.71065258064363,0.40064506732947747,0.5581550802139037,2.0002091987240127,0.6444089292745679,0.6444089292745679,0.6444089292745679,1.0,1996.1333333333334,1996.1333333333334,1996.1333333333334,1.0,3.8,0.25333333333333335,0.4887054441262228,0.4887054441262228,0.4887054441262228,2.596791631981634,0.040106951871657755,1374.462222222222,0.0,1000000.0,0.0,0.0,2.675580442523512,68.0427807486631,0.1819325688466928,2.938631359203866,1.0,23.502673796791445,23.502673796791445,23.502673796791445,1.0,0.08954360953135462,0.08954360953135462,0.08954360953135462
0,1276,39,0.47843137383461,0.620000022649765,61.06622532398424,-3.203426503814917e-16,0.06666666269302368,3.901276213970842,0.7411764860153198,0.04446961176395416,0.5494313931465149,0.5529412031173706,0.3843137323856354,0.35686275362968445,0.029474779681233014,0.552567757492166,0.38353976231435244,61.06622532398424,1.0,0.003456270845001004,0.6244562820618007,50.239524012389325,42.05948168962618,161.5,31.372386377331193,407.57063453597874,2.523657179789342,200.0,0.1105320716313369,1.0,0.0,0.0,0.0,0.0,1.0,0.0,-3.203426503814917e-16,0.0,1.0,1.0,1.0,1.0,0.0,0.0,0.0,1.0,1.0,-3.203426503814917e-16,1,1.0,2.0,-3.203426503814917e-16,0.0,200.0,1.0,0.0,1.0,3.445427068154607,3.445427068154607,3.445427068154607,1.0,1.4929272687632151,54.96826499283414,0.43822458283332066,0.62375,0.8418815623372283,0.674489018840166,0.674489018840166,0.674489018840166,1.0,862.5,862.5,862.5,1.0,2.5,0.20833333333333334,0.3975092801108133,0.3975092801108133,0.3975092801108133,2.5220552088741974,0.06,584.7222222222222,0.0,1000000.0,0.0,0.0,2.47649441539667,41.85,0.20925,1.9598999999999998,1.0,18.04,18.04,18.04,1.0,0.10540903486394558,0.10540903486394558,0.10540903486394558
1,1380,27,0.6313725709915161,0.8117647171020508,261.3922762606595,-3.203426503814917e-16,0.09803920984268188,4.127051501630607,0.8745098114013672,0.05600153882295754,0.7173274247120199,0.7215686440467834,0.3803921639919281,0.4941176474094391,0.03955512122693852,0.7208790142611355,-0.5319138152309634,261.3922762606595,1.0,0.005107918958127834,0.8891853684882572,88.48464639976049,73.348483283569,429.0,78.67925291452417,937.8519471906134,2.1861350750363946,503.0,0.07828873823204763,1.0,0.0,0.0,0.0,0.0,1.0,0.0,-3.203426503814917e-16,0.0,1.0,1.0,1.0,1.0,0.0,0.0,0.0,1.0,1.0,-3.203426503814917e-16,1,1.0,2.0,-3.203426503814917e-16,0.0,503.0,1.0,0.0,1.0,4.441067596188564,4.441067596188564,4.441067596188564,1.0,1.6636780058690905,120.0835884564917,0.4126627385691197,0.5765407554671969,1.4119737298023818,0.6576410518084695,0.6576410518084695,0.6576410518084695,1.0,2818.95,2818.95,2818.95,1.0,5.8,0.29,0.5451563458121838,0.5451563458121838,0.5451563458121838,2.4232196723355046,0.039761431411530816,2186.4275,0.0,1000000.0,0.0,0.0,2.6593028252135316,93.08349900596421,0.18505665806354715,2.698615464272022,1.0,21.950298210735586,21.950298210735586,21.950298210735586,1.0,0.0927970273596516,0.0927970273596516,0.0927970273596516
0,1276,19,0.14509804546833038,0.21568627655506134,10.959539169790157,-3.203426503814917e-16,0.03529411554336548,3.4667546346133644,0.2666666805744171,0.021535385642040154,0.18046367936130714,0.18039216101169586,0.12156862765550613,0.14509805291891098,0.016461489532191207,0.18251484654429792,0.6765106659108098,10.959539169790157,1.0,0.000744529640467945,0.92432500339673,67.6850003007298,56.60388679233962,276.0,62.56293813287974,655.2762620207516,2.3741893551476507,329.0,0.08987419998062764,1.0,0.0,0.0,0.0,0.0,1.0,0.0,-3.203426503814917e-16,0.0,1.0,1.0,1.0,1.0,0.0,0.0,0.0,1.0,1.0,-3.203426503814917e-16,1,1.0,2.0,-3.203426503814917e-16,0.0,329.0,1.0,0.0,1.0,3.6684181527250637,3.6684181527250637,3.6684181527250637,1.0,1.5049965743119351,89.01823559801949,0.43509279967943854,0.6185410334346504,1.0256708427390167,0.6667589437683603,0.6667589437683603,0.6667589437683603,1.0,2045.5454545454545,2045.5454545454545,2045.5454545454545,1.0,1.5454545454545454,0.14049586776859505,0.2784392396272342,0.2784392396272342,0.2784392396272342,3.0271691184406153,0.03343465045592705,1150.9917355371902,0.0,1000000.0,0.0,0.0,2.334829617833648,74.91489361702128,0.22770484382073336,1.5322844393529254,1.0,17.948328267477205,17.948328267477205,17.948328267477205,1.0,0.08906464308114329,0.08906464308114329,0.08906464308114329
1,1383,43,0.6196078658103943,0.7803921699523926,311.20725837669045,-3.203426503814917e-16,0.07058823108673096,4.002350731682267,0.9411764740943909,0.04756802148010629,0.706154789601081,0.7098039388656616,0.5215686559677124,0.41960781812667847,0.030518078642971506,0.7090543639785629,-0.08252908975423567,311.20725837669045,1.0,0.004103504200497267,0.9275330540568149,107.90252170033374,89.10667763978185,535.5,100.08315549314229,1101.1311678041836,2.056267353509213,619.0,0.07449817158717897,1.0,0.0,0.0,0.0,0.0,1.0,0.0,-3.203426503814917e-16,0.0,1.0,1.0,1.0,1.0,0.0,0.0,0.0,1.0,1.0,-3.203426503814917e-16,1,1.0,2.0,-3.203426503814917e-16,0.0,619.0,1.0,0.0,1.0,5.002960859776249,5.002960859776249,5.002960859776249,1.0,1.7389004445504601,134.0677434213132,0.3890632967393553,0.5545234248788368,1.7246216885085786,0.6309310304626025,0.6309310304626025,0.6309310304626025,1.0,3457.0454545454545,3457.0454545454545,3457.0454545454545,1.0,3.0,0.13636363636363635,0.34087285818134677,0.34087285818134677,0.34087285818134677,3.4752732343462376,0.035541195476575124,2665.3904958677685,0.0,1000000.0,0.0,0.0,2.697251809528014,110.96445880452343,0.17926406915108792,2.7822769018767564,1.0,23.610662358642973,23.610662358642973,23.610662358642973,1.0,0.08090963168310464,0.08090963168310464,0.08090963168310464
0,1285,19,0.4588235318660736,0.6431372761726379,143.79149045083415,-3.203426503814917e-16,0.08627450466156006,2.917662926888935,0.7764706015586853,0.053928564611022564,0.5629600583173552,0.572549045085907,0.3803921639919281,0.3960784375667572,0.03831735496547479,0.5671694514789245,-0.103858545147135,143.79149045083415,1.0,0.004757159430224289,0.7807516835994144,107.29498521848198,96.51942809610924,380.0,83.77074035110408,870.9818895055244,2.292057603961906,447.0,0.07933916136992734,1.0,0.0,0.0,0.0,0.0,1.0,0.0,-3.203426503814917e-16,0.0,1.0,1.0,1.0,1.0,0.0,0.0,0.0,1.0,1.0,-3.203426503814917e-16,1,1.0,2.0,-3.203426503814917e-16,0.0,447.0,1.0,0.0,1.0,3.9360143498189,3.9360143498189,3.9360143498189,1.0,1.5637514529663976,122.60692475644683,0.4490907006020368,0.6079418344519015,1.203321657969421,0.6922517844283108,0.6922517844283108,0.6922517844283108,1.0,1346.904761904762,1346.904761904762,1346.904761904762,1.0,4.428571428571429,0.2108843537414966,0.44790538303541716,0.44790538303541716,0.44790538303541716,3.0337781364463376,0.04697986577181208,893.8231292517007,0.0,1000000.0,0.0,0.0,2.454087315357293,92.26174496644295,0.20640211401888803,1.8001691615492794,1.0,18.910514541387023,18.910514541387023,18.910514541387023,1.0,0.09655188343047882,0.09655188343047882,0.09655188343047882
1,1380,22,0.3176470696926117,0.4000000059604645,63.33382847574988,-3.203426503814917e-16,0.0313725471496582,6.962775991696589,0.47058823704719543,0.0254944618660239,0.3522422917113446,0.3490196168422699,0.1568627506494522,0.3137254863977432,0.015839204583391372,0.3541377157747508,-0.08383233946631626,63.33382847574988,1.0,0.00133888966409822,0.8565143281003958,107.18940843546932,84.59905436823747,440.0,91.80926414558489,916.2123368838236,2.0823007656450536,505.0,0.08115870991764138,1.0,0.0,0.0,0.0,0.0,1.0,0.0,-3.203426503814917e-16,0.0,1.0,1.0,1.0,1.0,0.0,0.0,0.0,1.0,1.0,-3.203426503814917e-16,1,1.0,2.0,-3.203426503814917e-16,0.0,505.0,1.0,0.0,1.0,4.690785495274056,4.690785495274056,4.690785495274056,1.0,1.6634543367081993,122.15231757812558,0.42105306805833354,0.5747524752475248,1.6609143880313066,0.6662502850597435,0.6662502850597435,0.6662502850597435,1.0,2602.529411764706,2602.529411764706,2602.529411764706,1.0,1.8235294117647058,0.10726643598615918,0.24927294944167913,0.24927294944167913,0.24927294944167913,3.499227547132688,0.033663366336633666,1720.0899653979238,0.0,1000000.0,0.0,0.0,2.6302202089371005,95.33267326732673,0.18877757082638957,2.6562337025781786,1.0,22.033663366336633,22.033663366336633,22.033663366336633,1.0,0.08324705327675624,0.08324705327675624,0.08324705327675624
1,1380,25,0.45098039507865906,0.5647059082984924,106.105905001303,-3.203426503814917e-16,0.05490198731422424,4.2223249036204145,0.7137255072593689,0.038217564932866446,0.5112477000524749,0.5098039507865906,0.35686275362968445,0.35686275362968445,0.024921411015587307,0.513755814873831,0.26840232272372555,106.105905001303,1.0,0.002570826507728801,0.8226438079356181,97.6019531155235,77.79460135510689,334.0,80.29164237290792,794.7737367038103,2.379562085939552,402.0,0.0815144603999923,1.0,0.0,0.0,0.0,0.0,1.0,0.0,-3.203426503814917e-16,0.0,1.0,1.0,1.0,1.0,0.0,0.0,0.0,1.0,1.0,-3.203426503814917e-16,1,1.0,2.0,-3.203426503814917e-16,0.0,402.0,1.0,0.0,1.0,3.86621536013599,3.86621536013599,3.86621536013599,1.0,1.4621612612097719,122.36256646307717,0.48490696858214494,0.6274875621890547,1.3251300392303385,0.7207596096569288,0.7207596096569288,0.7207596096569288,1.0,637.6,637.6,637.6,1.0,4.6,0.184,0.4141840621958279,0.4141840621958279,0.4141840621958279,3.3150849518197747,0.06218905472636816,379.0336,0.0,1000000.0,0.0,0.0,2.5452323853490233,83.11442786069652,0.20675230811118536,2.497116408009703,1.0,18.33830845771144,18.33830845771144,18.33830845771144,1.0,0.11177417664135857,0.11177417664135857,0.11177417664135857
1,1263,45,0.2862745225429535,0.38823530077934265,73.16621709410255,-3.203426503814917e-16,0.047058820724487305,5.049519834186269,0.4941176474094391,0.031141985516407112,0.3347238838255498,0.3294117748737335,0.24705882370471954,0.24705882370471954,0.020676755754591884,0.33732599821723547,1.1581409375750895,73.16621709410255,1.0,0.0017487506699941922,0.9537480331146633,120.79373043991116,100.60318086422517,555.5,115.2067828196481,1141.047906683494,2.0540916411944083,643.0,0.07322225255698184,1.0,0.0,0.0,0.0,0.0,1.0,0.0,-3.203426503814917e-16,0.0,1.0,1.0,1.0,1.0,0.0,0.0,0.0,1.0,1.0,-3.203426503814917e-16,1,1.0,2.0,-3.203426503814917e-16,0.0,643.0,1.0,0.0,1.0,6.529814127265946,6.529814127265946,6.529814127265946,1.0,1.6350369881720583,151.78419587351522,0.42150826349981796,0.5602643856920685,3.301442943184432,0.6628189606545724,0.6628189606545724,0.6628189606545724,1.0,2789.7619047619046,2789.7619047619046,2789.7619047619046,1.0,3.9523809523809526,0.18820861678004536,0.4066502054944197,0.4066502054944197,0.4066502054944197,2.9637459942073288,0.03265940902021773,1852.235827664399,0.0,1000000.0,0.0,0.0,2.616276115850529,121.14307931570762,0.18840292273049397,3.1610331624940438,1.0,23.57231726283048,23.57231726283048,23.57231726283048,1.0,0.08386575004692275,0.08386575004692275,0.08386575004692275
0,1285,15,0.37843137979507446,0.5176470875740051,90.2097228822806,-3.203426503814917e-16,0.07058823108673096,2.5565988052163755,0.572549045085907,0.040822184322388246,0.4520327481654806,0.45098039507865906,0.3176470696926117,0.2549019753932953,0.02931011527044487,0.4548659518294056,-0.2286399618845329,90.2097228822806,1.0,0.0025694287196343156,0.6414035370449338,104.2805189151741,85.44003745317531,375.0,66.8858936770738,831.9280656363615,2.2184748416969637,436.0,0.08251535835886614,1.0,0.0,0.0,0.0,0.0,1.0,0.0,-3.203426503814917e-16,0.0,1.0,1.0,1.0,1.0,0.0,0.0,0.0,1.0,1.0,-3.203426503814917e-16,1,1.0,2.0,-3.203426503814917e-16,0.0,436.0,1.0,0.0,1.0,3.938200958704752,3.938200958704752,3.938200958704752,1.0,1.566935804920015,111.45963457402436,0.42372606150372005,0.6020642201834863,1.1581080705101074,0.6641361186273212,0.6641361186273212,0.6641361186273212,1.0,1422.842105263158,1422.842105263158,1422.842105263158,1.0,3.210526315789474,0.16897506925207756,0.37262380169510506,0.37262380169510506,0.37262380169510506,3.213638857948675,0.04357798165137615,896.2603878116345,0.0,1000000.0,0.0,0.0,2.490385339391984,89.47247706422019,0.20521210335830317,1.9112869287097047,1.0,19.412844036697248,19.412844036697248,19.412844036697248,1.0,0.09241937371278787,0.09241937371278787,0.09241937371278787
1,1380,39,0.6745098233222961,0.8882353007793427,434.54775725189984,-3.203426503814917e-16,0.1294117569923401,4.703081402727503,1.0,0.07216020615240715,0.7738580480217934,0.7705882489681244,0.32549020648002625,0.6745097935199738,0.053856023160415004,0.7790444631030249,-0.6099571098454943,434.54775725189984,1.0,0.008053997003380024,0.9074785543793303,127.28011051184323,106.02358228243375,612.0,115.50397068852891,1347.623591853333,2.2019993330936813,716.0,0.0650746794994807,1.0,0.0,0.0,0.0,0.0,1.0,0.0,-3.203426503814917e-16,0.0,1.0,1.0,1.0,1.0,0.0,0.0,0.0,1.0,1.0,-3.203426503814917e-16,1,1.0,2.0,-3.203426503814917e-16,0.0,716.0,1.0,0.0,1.0,4.320737268699735,4.320737268699735,4.320737268699735,1.0,1.6340497697031806,178.85375583571425,0.4252181634081883,0.5862430167597765,1.4002103652526467,0.6682068805448633,0.6682068805448633,0.6682068805448633,1.0,2865.809523809524,2865.809523809524,2865.809523809524,1.0,2.619047619047619,0.12471655328798185,0.30026855194269697,0.30026855194269697,0.30026855194269697,3.4632805178108077,0.029329608938547486,1703.3242630385485,0.0,1000000.0,0.0,0.0,2.5506519781272727,142.15921787709496,0.19854639368309354,2.3340329577728536,1.0,20.910614525139664,20.910614525139664,20.910614525139664,1.0,0.08462319027807688,0.08462319027807688,0.08462319027807688
0,1285,17,0.3439215779304505,0.5215686559677124,100.83991233515363,-3.203426503814917e-16,0.08921568095684052,3.26298264778272,0.5647059082984924,0.05366414559975421,0.4195024337766418,0.4117647111415863,0.2078431397676468,0.35686276853084564,0.03854341813870464,0.4251078554586786,-0.1734839521505381,100.83991233515363,1.0,0.004734396828150996,0.672241916939847,118.93578548516763,94.26027795418386,496.0,79.95362042729552,950.739248818405,1.9168130016500102,558.0,0.08303942767144569,1.0,0.0,0.0,0.0,0.0,1.0,0.0,-3.203426503814917e-16,0.0,1.0,1.0,1.0,1.0,0.0,0.0,0.0,1.0,1.0,-3.203426503814917e-16,1,1.0,2.0,-3.203426503814917e-16,0.0,558.0,1.0,0.0,1.0,5.4148323360219415,5.4148323360219415,5.4148323360219415,1.0,1.7653531609054522,114.57521454050779,0.37807751512562726,0.543010752688172,2.0225133038951975,0.6229825976462797,0.6229825976462797,0.6229825976462797,1.0,3225.4736842105262,3225.4736842105262,3225.4736842105262,1.0,4.7894736842105265,0.2520775623268698,0.4896176266309266,0.4896176266309266,0.4896176266309266,2.74638409170775,0.034050179211469536,2362.9695290858726,0.0,1000000.0,0.0,0.0,2.6625738403348254,101.05017921146954,0.18109351113166583,2.7812463868655337,1.0,24.45878136200717,24.45878136200717,24.45878136200717,1.0,0.0807260296757758,0.0807260296757758,0.0807260296757758
2,1360,18,0.6784313917160034,0.8392156958580017,265.0627700506464,-3.203426503814917e-16,0.07058823108673096,5.263242399529416,1.0,0.05176419002672147,0.758943942620566,0.7607843279838562,0.41960784792900085,0.5803921520709991,0.031010522178002337,0.7624158999503038,-0.4647131642986382,265.0627700506464,1.0,0.005282096456582564,0.9495454891959684,91.04175402984954,77.79460135510689,392.0,86.44828686753252,842.8986283848387,2.150251603022548,456.0,0.08326694257903534,1.0,0.0,0.0,0.0,0.0,1.0,0.0,-3.203426503814917e-16,0.0,1.0,1.0,1.0,1.0,0.0,0.0,0.0,1.0,1.0,-3.203426503814917e-16,1,1.0,2.0,-3.203426503814917e-16,0.0,456.0,1.0,0.0,1.0,4.356857445856778,4.356857445856778,4.356857445856778,1.0,1.6567299884064384,109.60787727964421,0.41394321785914673,0.5794956140350878,1.3640377678337612,0.6561856013616416,0.6561856013616416,0.6561856013616416,1.0,2238.6666666666665,2238.6666666666665,2238.6666666666665,1.0,4.111111111111111,0.22839506172839505,0.4709459911343965,0.4709459911343965,0.4709459911343965,2.836591668108975,0.039473684210526314,1596.8888888888887,0.0,1000000.0,0.0,0.0,2.5685708632439015,88.41666666666667,0.19389619883040934,2.367478454909203,1.0,21.412280701754387,21.412280701754387,21.412280701754387,1.0,0.08898884840242138,0.08898884840242138,0.08898884840242138
0,1276,35,0.364705890417099,0.4627451002597809,42.977256090454034,-3.203426503814917e-16,0.039215683937072754,3.6804769919182645,0.5137255191802979,0.027126576401400714,0.4105401902566314,0.40784314274787903,0.27450981736183167,0.2392157018184662,0.017722974152055218,0.41215358476255504,0.3263539493368166,42.977256090454034,1.0,0.0013273296166735336,0.7490244430792415,50.925801942084945,45.27692569068709,215.0,38.144670438033934,498.58282784479894,2.3189898969525533,253.0,0.10425258815303383,1.0,0.0,0.0,0.0,0.0,1.0,0.0,-3.203426503814917e-16,0.0,1.0,1.0,1.0,1.0,0.0,0.0,0.0,1.0,1.0,-3.203426503814917e-16,1,1.0,2.0,-3.203426503814917e-16,0.0,253.0,1.0,0.0,1.0,3.7229734784914106,3.7229734784914106,3.7229734784914106,1.0,1.4880794920709968,73.30041497976211,0.46508575031150023,0.6225296442687747,1.1319647708764273,0.7044312377577742,0.7044312377577742,0.7044312377577742,1.0,1279.909090909091,1279.909090909091,1279.909090909091,1.0,1.5454545454545454,0.14049586776859505,0.23512947448098662,0.23512947448098662,0.23512947448098662,2.9139770731827492,0.043478260869565216,750.9090909090909,0.0,1000000.0,0.0,0.0,2.3754675041248574,55.71146245059288,0.22020340889562406,1.6557359121373558,1.0,17.81422924901186,17.81422924901186,17.81422924901186,1.0,0.09174208813960366,0.09174208813960366,0.09174208813960366
0,1276,33,0.529411792755127,0.7372549176216125,55.941718307865145,-3.203426503814917e-16,0.07450979948043823,3.493932468268071,0.886274516582489,0.058701033989408555,0.6249478719335921,0.615686297416687,0.41960784792900085,0.46666666865348816,0.038029195254088974,0.6298807627107579,0.31611949866934347,55.941718307865145,1.0,0.006189932598760622,0.6084680782403356,50.90298408562734,39.408120990476064,117.0,30.972840903280048,283.88939366884625,2.426405074092703,141.0,0.1350668264194771,1.0,0.0,0.0,0.0,0.0,1.0,0.0,-3.203426503814917e-16,0.0,1.0,1.0,1.0,1.0,0.0,0.0,0.0,1.0,1.0,-3.203426503814917e-16,1,1.0,2.0,-3.203426503814917e-16,0.0,141.0,1.0,0.0,1.0,3.2176152596335648,3.2176152596335648,3.2176152596335648,1.0,1.4334192934092316,43.39814291719791,0.4778625133445092,0.6436170212765958,0.7988731046285851,0.7131826660471411,0.7131826660471411,0.7131826660471411,1.0,486.8181818181818,486.8181818181818,486.8181818181818,1.0,3.0,0.2727272727272727,0.5007092274317273,0.5007092274317273,0.5007092274317273,2.222191575506676,0.07801418439716312,322.5123966942149,0.0,1000000.0,0.0,0.0,2.473325384194292,29.170212765957448,0.2068809416025351,1.8856194356420706,1.0,16.71631205673759,16.71631205673759,16.71631205673759,1.0,0.12398807513549157,0.12398807513549157,0.12398807513549157
2,1361,16,0.3188235402107239,0.3921568691730499,29.80278494096042,-3.203426503814917e-16,0.0313725471496582,4.4272830094996785,0.45490196347236633,0.024349304414516527,0.355354458029963,0.35686275362968445,0.24705882370471954,0.2078431397676468,0.015443977169593054,0.3568785911308258,-0.4893626715311119,29.80278494096042,1.0,0.0010855379657544373,0.9096799406104296,65.13601271153992,57.14017850864661,201.5,59.252924175033826,431.91378028648637,2.1434927061364086,234.0,0.11650522333631022,1.0,0.0,0.0,0.0,0.0,1.0,0.0,-3.203426503814917e-16,0.0,1.0,1.0,1.0,1.0,0.0,0.0,0.0,1.0,1.0,-3.203426503814917e-16,1,1.0,2.0,-3.203426503814917e-16,0.0,234.0,1.0,0.0,1.0,4.201835105274854,4.201835105274854,4.201835105274854,1.0,1.5883519945640125,58.51416635996222,0.42157101943472053,0.592948717948718,1.3344484371469216,0.6627715513079866,0.6627715513079866,0.6627715513079866,1.0,735.3333333333334,735.3333333333334,735.3333333333334,1.0,3.0,0.2,0.42903730069861923,0.42903730069861923,0.42903730069861923,2.872905595320053,0.0641025641025641,491.97333333333336,0.0,1000000.0,0.0,0.0,2.6446137616754064,42.46153846153846,0.1814595660749507,2.4556213017751474,1.0,20.572649572649574,20.572649572649574,20.572649572649574,1.0,0.10290144183662701,0.10290144183662701,0.10290144183662701
2,1260,12,0.5333333611488342,0.6352941393852234,158.1144460464975,-3.203426503814917e-16,0.054901957511901855,3.518847417245455,0.729411780834198,0.03387424262559808,0.5802830154558831,0.572549045085907,0.47058823704719543,0.25882354378700256,0.02365221737246764,0.5818718337698467,0.4946385175225998,158.1144460464975,1.0,0.001846452908111473,0.8409908721808814,99.66468950742826,80.49844718999243,390.5,83.81709415448883,930.337228564852,2.3824256813440514,467.0,0.07529654535448495,1.0,0.0,0.0,0.0,0.0,1.0,0.0,-3.203426503814917e-16,0.0,1.0,1.0,1.0,1.0,0.0,0.0,0.0,1.0,1.0,-3.203426503814917e-16,1,1.0,2.0,-3.203426503814917e-16,0.0,467.0,1.0,0.0,1.0,3.516211204816532,3.516211204816532,3.516211204816532,1.0,1.5221327260206334,128.4212599461435,0.44217902305291124,0.6204496788008566,0.9025289907710934,0.682639837382703,0.682639837382703,0.682639837382703,1.0,986.0416666666666,986.0416666666666,986.0416666666666,1.0,3.0833333333333335,0.1284722222222222,0.3291171739150773,0.3291171739150773,0.3291171739150773,3.484697002530872,0.05139186295503212,607.4149305555555,0.0,1000000.0,0.0,0.0,2.4380875323091926,97.69379014989293,0.20919441145587353,1.7481395210212343,1.0,18.0406852248394,18.0406852248394,18.0406852248394,1.0,0.09786657793024418,0.09786657793024418,0.09786657793024418
0,1382,25,0.42352941632270813,0.5058823823928833,64.17342752797384,-3.203426503814917e-16,0.0362745076417923,3.2891224187097072,0.5686274766921997,0.025286516644205087,0.4582688403560927,0.45098039507865906,0.3803921639919281,0.1882353127002716,0.017248679243924744,0.4594527190896375,0.5788307726072262,64.17342752797384,1.0,0.0010864710375433524,0.8038087185942692,69.7534123303442,56.60388679233962,252.0,56.06840098283166,618.1635636485431,2.4530300144783457,304.0,0.09103361716416436,1.0,0.0,0.0,0.0,0.0,1.0,0.0,-3.203426503814917e-16,0.0,1.0,1.0,1.0,1.0,0.0,0.0,0.0,1.0,1.0,-3.203426503814917e-16,1,1.0,2.0,-3.203426503814917e-16,0.0,304.0,1.0,0.0,1.0,3.5775474363140916,3.5775474363140916,3.5775474363140916,1.0,1.4396752952158385,91.30885082039616,0.4706977788101893,0.6373355263157895,1.101947044180949,0.7057926047645826,0.7057926047645826,0.7057926047645826,1.0,1401.8823529411766,1401.8823529411766,1401.8823529411766,1.0,4.411764705882353,0.25951557093425603,0.504437190961661,0.504437190961661,0.504437190961661,2.558051076544454,0.05592105263157895,1082.1038062283737,0.0,1000000.0,0.0,0.0,2.4200973565225166,63.776315789473685,0.20979051246537397,1.7402614265927978,1.0,16.960526315789473,16.960526315789473,16.960526315789473,1.0,0.11184790473206827,0.11184790473206827,0.11184790473206827
1,1380,18,0.5568627715110779,0.7098039388656616,228.24201383807878,-3.203426503814917e-16,0.08039215207099915,5.1343108727160764,0.9019607901573181,0.051351342691576776,0.6376117502246891,0.6392157077789307,0.364705890417099,0.5372548997402191,0.03452594306874402,0.6412853279003988,-0.046449279234470786,228.24201383807878,1.0,0.004698127755730764,0.8694860474148379,103.45796388930728,80.95060222135473,470.5,89.95525609570082,1062.9890321804571,2.2592753075036285,555.0,0.07233624528721909,1.0,0.0,0.0,0.0,0.0,1.0,0.0,-3.203426503814917e-16,0.0,1.0,1.0,1.0,1.0,0.0,0.0,0.0,1.0,1.0,-3.203426503814917e-16,1,1.0,2.0,-3.203426503814917e-16,0.0,555.0,1.0,0.0,1.0,4.01836720656839,4.01836720656839,4.01836720656839,1.0,1.6350312464917796,135.03676079230837,0.41030869477726617,0.5900900900900901,1.1141654558908611,0.6521056887763124,0.6521056887763124,0.6521056887763124,1.0,2179.5416666666665,2179.5416666666665,2179.5416666666665,1.0,3.75,0.15625,0.3557385088750411,0.3557385088750411,0.3557385088750411,3.1157489620194836,0.043243243243243246,1644.7760416666665,0.0,1000000.0,0.0,0.0,2.5388085836913286,108.65765765765765,0.19577956334713092,2.017498579660742,1.0,20.32972972972973,20.32972972972973,20.32972972972973,1.0,0.08812346019488876,0.08812346019488876,0.08812346019488876
1,1264,25,0.6196078658103943,0.9098039269447327,183.47766970190264,-3.203426503814917e-16,0.12352940440177917,2.833763230143944,1.0,0.08310377405225688,0.7324202672759099,0.7098039388656616,0.45490196347236633,0.5450980365276337,0.0601680592597941,0.7400638732052728,0.46651601003120124,183.47766970190264,1.0,0.011255088507074743,0.9485349868419338,65.13572222437148,55.758407437802596,283.0,61.78351142303405,629.1341263970205,2.223088785855196,335.0,0.09478833752497488,1.0,0.0,0.0,0.0,0.0,1.0,0.0,-3.203426503814917e-16,0.0,1.0,1.0,1.0,1.0,0.0,0.0,0.0,1.0,1.0,-3.203426503814917e-16,1,1.0,2.0,-3.203426503814917e-16,0.0,335.0,1.0,0.0,1.0,4.426198161592827,4.426198161592827,4.426198161592827,1.0,1.640705180629447,80.40159812171713,0.41107245579653656,0.5805970149253731,1.4381969650826023,0.6507170421194024,0.6507170421194024,0.6507170421194024,1.0,1082.5294117647059,1082.5294117647059,1082.5294117647059,1.0,4.294117647058823,0.25259515570934254,0.48835191116394205,0.48835191116394205,0.48835191116394205,2.675698135367983,0.050746268656716415,694.2076124567475,0.0,1000000.0,0.0,0.0,2.5898711763295554,62.51044776119403,0.18659835152595233,2.384263755847628,1.0,21.35223880597015,21.35223880597015,21.35223880597015,1.0,0.09611589445064926,0.09611589445064926,0.09611589445064926
2,1260,12,0.5529412031173706,0.7450980544090271,213.31764342410997,-3.203426503814917e-16,0.09803920984268188,3.5585237924694346,0.8549019694328308,0.061210537335498215,0.6649942517030139,0.6823529601097107,0.364705890417099,0.4901960790157318,0.04193050013682269,0.669437308278017,-0.7798028239420909,213.31764342410997,1.0,0.005928954916465438,0.8547923178128066,97.12336849070019,75.58438992278762,407.5,83.02030926595293,860.7981233214504,2.1123880326906757,476.0,0.08313184650534815,1.0,0.0,0.0,0.0,0.0,1.0,0.0,-3.203426503814917e-16,0.0,1.0,1.0,1.0,1.0,0.0,0.0,0.0,1.0,1.0,-3.203426503814917e-16,1,1.0,2.0,-3.203426503814917e-16,0.0,476.0,1.0,0.0,1.0,5.173371776208344,5.173371776208344,5.173371776208344,1.0,1.6406320642608208,112.18029119468615,0.41563034075650823,0.5661764705882353,2.038193725539341,0.6609459949470121,0.6609459949470121,0.6609459949470121,1.0,1717.4444444444443,1717.4444444444443,1717.4444444444443,1.0,3.5555555555555554,0.19753086419753085,0.41723705919833814,0.41723705919833814,0.41723705919833814,2.8559536428643515,0.037815126050420166,1018.1358024691357,0.0,1000000.0,0.0,0.0,2.6484141744062906,86.32773109243698,0.18136077960596003,3.055857637172516,1.0,23.04201680672269,23.04201680672269,23.04201680672269,1.0,0.08823796515960881,0.08823796515960881,0.08823796515960881
0,1284,21,0.6541176676750183,0.8745098114013672,82.03119132473122,-3.203426503814917e-16,0.08627450466156006,3.219934790020581,0.9921568632125854,0.06380598974423358,0.7374654716293284,0.7176470756530762,0.6117647290229797,0.3803921341896057,0.04356045491993427,0.7419871348073851,0.9749877256446561,82.03119132473122,1.0,0.0066895863742049855,0.8894007830449,33.08547869439822,31.240998703626616,122.0,29.42625065821313,308.03152929257726,2.52484860075883,149.0,0.12711291415210976,1.0,0.0,0.0,0.0,0.0,1.0,0.0,-3.203426503814917e-16,0.0,1.0,1.0,1.0,1.0,0.0,0.0,0.0,1.0,1.0,-3.203426503814917e-16,1,1.0,2.0,-3.203426503814917e-16,0.0,149.0,1.0,0.0,1.0,3.2917113245702727,3.2917113245702727,3.2917113245702727,1.0,1.4380408260403374,42.62870070778564,0.4484228420103443,0.6342281879194631,0.7754740245071928,0.6744063035403326,0.6744063035403326,0.6744063035403326,1.0,1237.5,1237.5,1237.5,1.0,2.0,0.3333333333333333,0.500240549899664,0.500240549899664,0.500240549899664,1.7924812503605767,0.040268456375838924,620.8055555555557,0.0,1000000.0,0.0,0.0,2.1819899930870306,39.06711409395973,0.26219539660375657,1.2227377145173641,1.0,16.63758389261745,16.63758389261745,16.63758389261745,1.0,0.09894755665129587,0.09894755665129587,0.09894755665129587
2,1258,24,0.5172549307346345,0.7137255072593689,241.67801637582008,-3.203426503814917e-16,0.11372548341751099,3.5287580458755694,0.8196078538894653,0.06460614835527512,0.6190259532582375,0.6235294342041016,0.2823529541492462,0.5372548997402191,0.04615363751181939,0.6243422556731721,-0.598394738912731,241.67801637582008,1.0,0.006610121411794964,0.9547448751587267,120.91155256591945,100.57832768544127,543.5,115.4396851597966,1068.3199846221444,1.9656301464988857,620.0,0.07735766522435054,1.0,0.0,0.0,0.0,0.0,1.0,0.0,-3.203426503814917e-16,0.0,1.0,1.0,1.0,1.0,0.0,0.0,0.0,1.0,1.0,-3.203426503814917e-16,1,1.0,2.0,-3.203426503814917e-16,0.0,620.0,1.0,0.0,1.0,6.241346929879882,6.241346929879882,6.241346929879882,1.0,1.7140185671000605,130.650510434703,0.38580197864097526,0.5467741935483871,2.867585812928621,0.625428997221707,0.625428997221707,0.625428997221707,1.0,1738.551724137931,1738.551724137931,1738.551724137931,1.0,5.827586206896552,0.20095124851367419,0.43670016252684135,0.43670016252684135,0.43670016252684135,3.1416210809614515,0.0467741935483871,1281.4768133174791,0.0,1000000.0,0.0,0.0,2.6817509355672176,111.3258064516129,0.17955775234131113,2.8535275754422478,1.0,24.251612903225805,24.251612903225805,24.251612903225805,1.0,0.08494040786864328,0.08494040786864328,0.08494040786864328
1,1270,35,0.5843137502670288,0.8235294222831726,326.9005930422226,-3.203426503814917e-16,0.11764705181121826,2.686847128462266,0.9176470637321472,0.07117576305038807,0.6901263797724688,0.6823529601097107,0.4156862795352936,0.5019607841968536,0.051278884011180886,0.6959146318891182,0.10789838758193425,326.9005930422226,1.0,0.008022754819512992,0.8621934637215916,133.66492576471921,112.8716084761797,582.5,115.24502532317267,1234.0844866099435,2.1185999770127784,675.0,0.06932789340268279,1.0,0.0,0.0,0.0,0.0,1.0,0.0,-3.203426503814917e-16,0.0,1.0,1.0,1.0,1.0,0.0,0.0,0.0,1.0,1.0,-3.203426503814917e-16,1,1.0,2.0,-3.203426503814917e-16,0.0,675.0,1.0,0.0,1.0,4.509593770573284,4.509593770573284,4.509593770573284,1.0,1.6735156115677927,158.33899223143797,0.4065274680652646,0.5755555555555555,1.4680263242792,0.6500786993442673,0.6500786993442673,0.6500786993442673,1.0,2080.4193548387098,2080.4193548387098,2080.4193548387098,1.0,2.806451612903226,0.09053069719042664,0.24871997205029578,0.24871997205029578,0.24871997205029578,3.8858280691364246,0.045925925925925926,1606.3038501560873,0.0,1000000.0,0.0,0.0,2.6540559423523398,121.93037037037037,0.18063758573388203,2.5087209876543213,1.0,21.82962962962963,21.82962962962963,21.82962962962963,1.0,0.08463633646874387,0.08463633646874387,0.08463633646874387
0,1281,10,0.0117647061124444,0.40392157435417175,3810.2189824630786,-3.203426503814917e-16,0.27058824710547924,3.892333021338932,1.0,0.14812803864991608,0.16436495639499654,0.0784313753247261,0.0,1.0,0.1150954081518876,0.2416414309499666,1.1606144232420044,3810.2189824630786,1.0,0.03137474226081836,0.9999736925719721,296.235059083026,361.33225707096784,65243.5,296.2272659005298,1249.806132548161,0.0191560252369686,65254.0,0.7244875155828213,1.0,0.0,0.0,0.0,0.0,1.0,0.0,-3.203426503814917e-16,0.0,1.0,1.0,1.0,1.0,0.0,0.0,0.0,1.0,1.0,-3.203426503814917e-16,1,1.0,2.0,-3.203426503814917e-16,0.0,65254.0,1.0,0.0,1.0,32972.017654111834,32972.017654111834,32972.017654111834,1.0,4.622941439757662,90.00007701541783,0.27029427371324855,0.00699573972476783,7052.4565839780735,0.08548446504308237,0.08548446504308237,0.08548446504308237,1.0,851512500.8,851512500.8,851512500.8,1.0,3.4,0.68,0.8000000000469752,0.8000000000469752,0.8000000000469752,0.7219280948873616,7.662365525485027e-05,681189120.1600001,0.0,1000000.0,0.0,0.0,0.14720988640302599,62902.813130229566,0.9639686935701959,0.1766269112728903,1.0,80.17237257486131,80.17237257486131,80.17237257486131,1.0,0.01273058135624032,0.01273058135624032,0.01273058135624032
1,1264,39,0.43490196466445924,0.6000000238418579,119.13700218389255,-3.203426503814917e-16,0.09901963174343109,2.5518827315025545,0.6666666865348816,0.055368822037227566,0.528431391219298,0.545098066329956,0.3333333432674408,0.3333333432674408,0.04087361102389968,0.5325969667668677,-0.48724175319052176,119.13700218389255,1.0,0.004419793783305185,0.8861596589338409,79.39796721215961,64.6297145282261,362.0,70.35927554476764,744.6732316404222,2.057108374697299,420.0,0.09057189918956114,1.0,0.0,0.0,0.0,0.0,1.0,0.0,-3.203426503814917e-16,0.0,1.0,1.0,1.0,1.0,0.0,0.0,0.0,1.0,1.0,-3.203426503814917e-16,1,1.0,2.0,-3.203426503814917e-16,0.0,420.0,1.0,0.0,1.0,5.107655777420807,5.107655777420807,5.107655777420807,1.0,1.7222972943915174,92.57813946784653,0.39780663792909776,0.5517857142857143,1.8072622875415263,0.6412563977300417,0.6412563977300417,0.6412563977300417,1.0,1370.3333333333333,1370.3333333333333,1370.3333333333333,1.0,2.7777777777777777,0.15432098765432098,0.3508168622167938,0.3508168622167938,0.3508168622167938,3.1971597234241447,0.04285714285714286,825.8888888888889,0.0,1000000.0,0.0,0.0,2.7224907428821608,74.27619047619048,0.17684807256235827,3.1617006802721086,1.0,24.19047619047619,24.19047619047619,24.19047619047619,1.0,0.08420140126156284,0.08420140126156284,0.08420140126156284
2,1260,10,0.6392157077789307,0.7176470756530762,178.84610009175836,-3.203426503814917e-16,0.039215683937072754,3.7739826614959093,0.7568627595901489,0.025400109352209634,0.6763901650905609,0.6784313917160034,0.5372549295425415,0.21960783004760742,0.01764318479850473,0.677185162141804,-0.2588317457250763,178.84610009175836,1.0,0.0010760883937851774,0.7028167304476962,83.29466431500175,64.00781202322104,335.5,58.540883637607934,707.1168824543179,2.1076509164063126,390.0,0.09182479936414713,1.0,0.0,0.0,0.0,0.0,1.0,0.0,-3.203426503814917e-16,0.0,1.0,1.0,1.0,1.0,0.0,0.0,0.0,1.0,1.0,-3.203426503814917e-16,1,1.0,2.0,-3.203426503814917e-16,0.0,390.0,1.0,0.0,1.0,4.848762738671633,4.848762738671633,4.848762738671633,1.0,1.6896773970411436,89.29241594560571,0.40471799688829596,0.5641025641025641,1.6869572795965562,0.6501809227413383,0.6501809227413383,0.6501809227413383,1.0,2417.6,2417.6,2417.6,1.0,2.466666666666667,0.16444444444444445,0.36660579418279887,0.36660579418279887,0.36660579418279887,2.9995812306460614,0.038461538461538464,1741.6,0.0,1000000.0,0.0,0.0,2.707407254516558,68.13333333333334,0.1747008547008547,2.8652202498356343,1.0,23.0,23.0,23.0,1.0,0.08741206812734591,0.08741206812734591,0.08741206812734591
0,1281,15,0.6274510025978088,0.877647066116333,86.57258305596191,-3.203426503814917e-16,0.18823528289794922,1.430793961214786,0.9098039269447327,0.09242263401561435,0.745610677728466,0.7647058963775635,0.5843137502670288,0.32549017667770386,0.08066989419102409,0.7522193005917607,0.05458015304169709,86.57258305596191,1.0,0.009898593440055262,0.7569372630855183,35.22840605818031,31.89043743820395,128.5,26.6656932645443,290.6173157302041,2.261613351986024,153.0,0.13827224327473392,1.0,0.0,0.0,0.0,0.0,1.0,0.0,-3.203426503814917e-16,0.0,1.0,1.0,1.0,1.0,0.0,0.0,0.0,1.0,1.0,-3.203426503814917e-16,1,1.0,2.0,-3.203426503814917e-16,0.0,153.0,1.0,0.0,1.0,4.330874037799566,4.330874037799566,4.330874037799566,1.0,1.6609975444301037,37.034804714392635,0.413172068218276,0.5800653594771241,1.300856428921326,0.6556829193012622,0.6556829193012622,0.6556829193012622,1.0,1629.5714285714287,1629.5714285714287,1629.5714285714287,1.0,3.857142857142857,0.5510204081632653,0.714344788636847,0.714344788636847,0.714344788636847,1.1488348542809157,0.0457516339869281,1151.8367346938774,0.0,1000000.0,0.0,0.0,2.612638440845423,29.274509803921568,0.1913366653851083,2.321756589345978,1.0,21.326797385620914,21.326797385620914,21.326797385620914,1.0,0.09949881907495509,0.09949881907495509,0.09949881907495509
1,1264,31,0.5576470851898193,0.6823529601097107,146.09012861158809,-3.203426503814917e-16,0.05686274170875549,11.273351581199105,0.7960784435272217,0.043579710047898707,0.6309296375053316,0.6431372761726379,0.21176470816135406,0.5843137353658676,0.02364719730353384,0.6343911608270597,-2.022475450145158,146.09012861158809,1.0,0.004379937452895161,0.8831981455693965,63.7138190889616,56.60388679233962,310.5,56.271926866514896,669.4183976444826,2.155936868420234,363.0,0.0933121272799544,1.0,0.0,0.0,0.0,0.0,1.0,0.0,-3.203426503814917e-16,0.0,1.0,1.0,1.0,1.0,0.0,0.0,0.0,1.0,1.0,-3.203426503814917e-16,1,1.0,2.0,-3.203426503814917e-16,0.0,363.0,1.0,0.0,1.0,4.661064036814854,4.661064036814854,4.661064036814854,1.0,1.6666945719768,85.45572790939957,0.41116201661758395,0.5695592286501377,1.5533412140302276,0.6532041912134554,0.6532041912134554,0.6532041912134554,1.0,1654.3846153846155,1654.3846153846155,1654.3846153846155,1.0,2.5384615384615383,0.1952662721893491,0.3864458366937696,0.3864458366937696,0.3864458366937696,2.8073904508767193,0.03581267217630854,874.6863905325445,0.0,1000000.0,0.0,0.0,2.5999090563764025,72.12396694214875,0.19868861416569905,2.753697758956963,1.0,22.49862258953168,22.49862258953168,22.49862258953168,1.0,0.08564219810973057,0.08564219810973057,0.08564219810973057
1,1270,27,0.4431372582912445,0.7568627595901489,197.580941848162,-3.203426503814917e-16,0.17254900932312012,2.495442152617004,0.8078431487083435,0.09450486846744448,0.6028738389829643,0.6039215922355652,0.29019609093666077,0.5176470577716827,0.06995751238342394,0.6140544488255473,-0.4010886491125123,197.580941848162,1.0,0.013606000392389439,0.7951412918389132,103.77591438811521,81.04936767180853,440.5,82.51651462833038,1021.3910524340149,2.3187084050715434,524.0,0.0728426671743076,1.0,0.0,0.0,0.0,0.0,1.0,0.0,-3.203426503814917e-16,0.0,1.0,1.0,1.0,1.0,0.0,0.0,0.0,1.0,1.0,-3.203426503814917e-16,1,1.0,2.0,-3.203426503814917e-16,0.0,524.0,1.0,0.0,1.0,3.853872554091651,3.853872554091651,3.853872554091651,1.0,1.577897148479832,136.76270653698467,0.4299208956239363,0.6044847328244275,1.0984023175938635,0.6714211511440717,0.6714211511440717,0.6714211511440717,1.0,1829.6666666666667,1829.6666666666667,1829.6666666666667,1.0,4.25,0.17708333333333334,0.40049145457698315,0.40049145457698315,0.40049145457698315,3.1462406251802846,0.04580152671755725,1352.9722222222224,0.0,1000000.0,0.0,0.0,2.5116804898427403,105.57251908396947,0.20147427306101043,2.0264990385175685,1.0,19.366412213740457,19.366412213740457,19.366412213740457,1.0,0.09613151404539765,0.09613151404539765,0.09613151404539765
1,1380,39,0.5098039507865906,0.6392157077789307,132.75970343100778,-3.203426503814917e-16,0.05784313380718231,9.669079340572184,0.6901960968971252,0.041535360537456094,0.5659206356580665,0.5686274766921997,0.21176470816135406,0.4784313887357712,0.027323730224001724,0.569037920274014,-1.6047431244800916,132.75970343100778,1.0,0.0035379888461450964,0.8136201800783921,84.69532530824809,67.67569726275453,353.5,68.9098258290948,760.673231640422,2.151833752872481,410.0,0.08761964868655957,1.0,0.0,0.0,0.0,0.0,1.0,0.0,-3.203426503814917e-16,0.0,1.0,1.0,1.0,1.0,0.0,0.0,0.0,1.0,1.0,-3.203426503814917e-16,1,1.0,2.0,-3.203426503814917e-16,0.0,410.0,1.0,0.0,1.0,4.1992543649973175,4.1992543649973175,4.1992543649973175,1.0,1.6505917989030308,95.85060928638343,0.40306234045842143,0.5786585365853658,1.2000891797921627,0.6465157557144646,0.6465157557144646,0.6465157557144646,1.0,6820.0,6820.0,6820.0,1.0,1.9230769230769231,0.14792899408284024,0.2994522025997365,0.2994522025997365,0.2994522025997365,2.968918563962094,0.03170731707317073,5825.325443786982,0.0,1000000.0,0.0,0.0,2.5134899500784513,81.34146341463415,0.19839381320642474,2.316216537775134,1.0,21.41951219512195,21.41951219512195,21.41951219512195,1.0,0.08219367821654407,0.08219367821654407,0.08219367821654407
1,1263,11,0.007843137718737125,0.1764705926179886,702.3551176769452,-3.203426503814917e-16,0.1176470648497343,5.0821540996076235,0.6745098233222961,0.05972225096555167,0.0757064404351877,0.05098039284348488,0.0,0.6745098233222961,0.04741515484134025,0.10385829484301916,1.1539060248316433,702.3551176769452,1.0,0.005055080284332874,0.9996721415735641,296.5505902913088,361.33225707096784,65097.5,296.4533636814173,1333.9310242291892,0.02049127883911347,65114.0,0.6780374997684551,1.0,0.0,0.0,0.0,0.0,1.0,0.0,-3.203426503814917e-16,0.0,1.0,1.0,1.0,1.0,0.0,0.0,0.0,1.0,1.0,-3.203426503814917e-16,1,1.0,2.0,-3.203426503814917e-16,0.0,65114.0,1.0,0.0,1.0,30470.98928723846,30470.98928723846,30470.98928723846,1.0,4.750446473275068,82.97598300261964,0.22913968670301355,0.007344810639800964,7975.404519659997,0.11360547174989905,0.11360547174989905,0.11360547174989905,1.0,2119786274.0,2119786274.0,2119786274.0,1.0,1.0,0.5,0.1250000001179364,0.1250000001179364,0.1250000001179364,0.9999999999999993,3.071536075191203e-05,1059828025.0,0.0,1000000.0,0.0,0.0,0.15666178719689555,62645.53054642627,0.9620900351142039,0.18778127646799414,1.0,80.13358110391006,80.13358110391006,80.13358110391006,1.0,0.012713698105502241,0.012713698105502241,0.012713698105502241
1,1380,29,0.501960813999176,0.7176470756530762,164.8441314886013,-3.203426503814917e-16,0.10980391502380371,3.980560188045646,0.9607843160629272,0.06959647285994086,0.6270216308951088,0.6470588445663452,0.30588236451148987,0.6549019515514374,0.047728211033865306,0.6333092545466291,-0.4868852418305622,164.8441314886013,1.0,0.007924486284045042,0.9752461794502022,86.066836594715,71.7007670809734,356.0,83.93635356636065,765.0580079512724,2.1490393481777317,411.0,0.08742498484088128,1.0,0.0,0.0,0.0,0.0,1.0,0.0,-3.203426503814917e-16,0.0,1.0,1.0,1.0,1.0,0.0,0.0,0.0,1.0,1.0,-3.203426503814917e-16,1,1.0,2.0,-3.203426503814917e-16,0.0,411.0,1.0,0.0,1.0,3.960413055092184,3.960413055092184,3.960413055092184,1.0,1.6142209178128062,102.25478878119281,0.4187115822603493,0.593065693430657,1.1071239829373463,0.6631893229584318,0.6631893229584318,0.6631893229584318,1.0,1090.2916666666667,1090.2916666666667,1090.2916666666667,1.0,5.833333333333333,0.24305555555555555,0.49817032959432667,0.49817032959432667,0.49817032959432667,2.8012693629222465,0.058394160583941604,797.0260416666666,0.0,1000000.0,0.0,0.0,2.619083097699726,77.47201946472019,0.18849639772438004,2.2534675972792013,1.0,20.362530413625304,20.362530413625304,20.362530413625304,1.0,0.10158061580043391,0.10158061580043391,0.10158061580043391
2,1260,14,0.40901961326599123,0.5372549295425415,139.38821243679024,-3.203426503814917e-16,0.0627451241016388,4.469823314872347,0.5882353186607361,0.04069197938204972,0.47743151529340555,0.48235294222831726,0.2666666805744171,0.32156863808631897,0.02719316418435219,0.48039065993587576,-1.0025010573826134,139.38821243679024,1.0,0.002834334358268907,0.8517012900656985,118.89332734040913,90.95603333479313,513.5,101.26160027602984,1130.7291475506274,2.202004182182332,604.0,0.0710422272479254,1.0,0.0,0.0,0.0,0.0,1.0,0.0,-3.203426503814917e-16,0.0,1.0,1.0,1.0,1.0,0.0,0.0,0.0,1.0,1.0,-3.203426503814917e-16,1,1.0,2.0,-3.203426503814917e-16,0.0,604.0,1.0,0.0,1.0,4.225867839582963,4.225867839582963,4.225867839582963,1.0,1.6451262365880286,144.79488111829244,0.4095012869222077,0.5827814569536424,1.2572380157606353,0.6527684314673362,0.6527684314673362,0.6527684314673362,1.0,1118.5333333333333,1118.5333333333333,1118.5333333333333,1.0,5.133333333333334,0.1711111111111111,0.40155649690700196,0.40155649690700196,0.40155649690700196,3.305099002108171,0.04966887417218543,713.1822222222222,0.0,1000000.0,0.0,0.0,2.619787647451046,115.1887417218543,0.19070983728783825,2.51837638700057,1.0,21.334437086092716,21.334437086092716,21.334437086092716,1.0,0.09276869950518839,0.09276869950518839,0.09276869950518839
2,1360,22,0.552549046278,0.8745098114013672,388.5504946824682,-3.203426503814917e-16,0.18823528289794922,2.363987064013781,0.9607843160629272,0.10482234020038526,0.7345826475109373,0.7529411911964417,0.40784314274787903,0.5529411733150482,0.0793733944450548,0.7450316337315274,-0.5219743518116672,388.5504946824682,1.0,0.015460469236490932,0.844451084081888,132.72278367880452,103.77379245262264,612.0,112.0778985599324,1198.5697679841853,1.9584473333074923,700.0,0.07316734967651191,1.0,0.0,0.0,0.0,0.0,1.0,0.0,-3.203426503814917e-16,0.0,1.0,1.0,1.0,1.0,0.0,0.0,0.0,1.0,1.0,-3.203426503814917e-16,1,1.0,2.0,-3.203426503814917e-16,0.0,700.0,1.0,0.0,1.0,5.606428623934137,5.606428623934137,5.606428623934137,1.0,1.7864595782347696,139.44530910026464,0.3716067167082865,0.5342857142857143,2.080852428266467,0.6136387832244616,0.6136387832244616,0.6136387832244616,1.0,2633.3793103448274,2633.3793103448274,2633.3793103448274,1.0,6.586206896551724,0.22711058263971462,0.47886852691288684,0.47886852691288684,0.47886852691288684,3.0352015524379925,0.041428571428571426,2050.7395957193817,0.0,1000000.0,0.0,0.0,2.7942490014309707,117.23142857142857,0.1674734693877551,3.1704816326530616,1.0,25.502857142857142,25.502857142857142,25.502857142857142,1.0,0.08428774835330957,0.08428774835330957,0.08428774835330957
2,1261,20,0.5254902243614197,0.6627451181411743,150.27596633262078,-3.203426503814917e-16,0.0627450942993164,3.1049402702875057,0.7215686440467834,0.04042879537990264,0.6069813826937734,0.615686297416687,0.45098039507865906,0.2705882489681244,0.028628189300033757,0.6091401880704641,-0.6619038871619332,150.27596633262078,1.0,0.0026253697856754464,0.9471833811692236,79.14478625339989,68.24221567329127,340.0,74.9646262454108,791.3422791987346,2.327477291760984,405.0,0.08259999500327224,1.0,0.0,0.0,0.0,0.0,1.0,0.0,-3.203426503814917e-16,0.0,1.0,1.0,1.0,1.0,0.0,0.0,0.0,1.0,1.0,-3.203426503814917e-16,1,1.0,2.0,-3.203426503814917e-16,0.0,405.0,1.0,0.0,1.0,3.708532290551836,3.708532290551836,3.708532290551836,1.0,1.5840868732955802,100.95275210876041,0.4127121235036748,0.6012345679012345,0.9145945633228003,0.6490149408594241,0.6490149408594241,0.6490149408594241,1.0,2902.733333333333,2902.733333333333,2902.733333333333,1.0,3.1333333333333333,0.2088888888888889,0.4349096482148317,0.4349096482148317,0.4349096482148317,2.7395722619867198,0.037037037037037035,2173.733333333333,0.0,1000000.0,0.0,0.0,2.4090963983065126,86.25432098765432,0.21297363206828226,1.6799024538942235,1.0,19.237037037037037,19.237037037037037,19.237037037037037,1.0,0.08955009658184261,0.08955009658184261,0.08955009658184261
1,1270,23,0.27450981736183167,0.3490196168422699,37.56132488539707,-3.203426503814917e-16,0.0362745076417923,5.445297857066542,0.4470588266849518,0.026622660288040854,0.3192092321076236,0.3294117748737335,0.18039216101169586,0.2666666656732559,0.016866912378794976,0.32123270845581725,-1.1268833552469768,37.56132488539707,1.0,0.0012959191191213876,0.8516171858725785,68.74393420089162,60.60528029800704,309.0,58.543515789973014,705.2173875177061,2.2822569175330294,364.0,0.08836110945450236,1.0,0.0,0.0,0.0,0.0,1.0,0.0,-3.203426503814917e-16,0.0,1.0,1.0,1.0,1.0,0.0,0.0,0.0,1.0,1.0,-3.203426503814917e-16,1,1.0,2.0,-3.203426503814917e-16,0.0,364.0,1.0,0.0,1.0,3.8901424438512597,3.8901424438512597,3.8901424438512597,1.0,1.590850673169471,95.16404269431172,0.4336914075300903,0.6016483516483516,1.113131686388568,0.6763897148237918,0.6763897148237918,0.6763897148237918,1.0,2575.090909090909,2575.090909090909,2575.090909090909,1.0,1.7272727272727273,0.15702479338842976,0.3284012206079402,0.3284012206079402,0.3284012206079402,2.8453509366224337,0.03021978021978022,1480.0826446280992,0.0,1000000.0,0.0,0.0,2.4939173312338916,73.53296703296704,0.20201364569496438,1.9211447892766575,1.0,19.45054945054945,19.45054945054945,19.45054945054945,1.0,0.08770016087937006,0.08770016087937006,0.08770016087937006
1,1380,17,0.523529440164566,0.6470588445663452,194.7076353845779,-3.203426503814917e-16,0.0627450942993164,3.4975806270345142,0.7450980544090271,0.03925569544596292,0.5895401558858885,0.5921568870544434,0.43921568989753723,0.30588236451148987,0.02584609137206288,0.5917715681081538,0.0993569387909413,194.7076353845779,1.0,0.002635993419225564,0.8879220146599862,104.25367758781539,81.41252974819048,475.0,92.56913543948569,1066.6042558696056,2.2454826439360116,556.0,0.07243499335081563,1.0,0.0,0.0,0.0,0.0,1.0,0.0,-3.203426503814917e-16,0.0,1.0,1.0,1.0,1.0,0.0,0.0,0.0,1.0,1.0,-3.203426503814917e-16,1,1.0,2.0,-3.203426503814917e-16,0.0,556.0,1.0,0.0,1.0,3.7373395821062902,3.7373395821062902,3.7373395821062902,1.0,1.5865122582803584,142.49389353944292,0.4239162712129536,0.6038669064748201,0.9858477698341941,0.6670008729086306,0.6670008729086306,0.6670008729086306,1.0,2101.304347826087,2101.304347826087,2101.304347826087,1.0,2.9130434782608696,0.1266540642722117,0.3329072847547664,0.3329072847547664,0.3329072847547664,3.5821930667351287,0.04136690647482014,1516.9262759924386,0.0,1000000.0,0.0,0.0,2.5193733936397695,109.57194244604317,0.1970718389317323,1.9786113555199005,1.0,19.359712230215827,19.359712230215827,19.359712230215827,1.0,0.0928583641023689,0.0928583641023689,0.0928583641023689
2,1260,18,0.2705882489681244,0.545098066329956,146.82539859367967,-3.203426503814917e-16,0.1607843041419983,2.081413920295243,0.6431372761726379,0.08356809000577507,0.41364088090442114,0.41960784792900085,0.16862745583057404,0.4745098203420639,0.06500554923369388,0.42549079312643573,-0.11692485951664877,146.82539859367967,1.0,0.009943636679977835,0.858730875618828,151.31213122038605,115.69356075426151,707.0,129.93639893463313,1405.1799410394312,1.9875246690798178,811.0,0.06707840036087359,1.0,0.0,0.0,0.0,0.0,1.0,0.0,-3.203426503814917e-16,0.0,1.0,1.0,1.0,1.0,0.0,0.0,0.0,1.0,1.0,-3.203426503814917e-16,1,1.0,2.0,-3.203426503814917e-16,0.0,811.0,1.0,0.0,1.0,5.77100022398868,5.77100022398868,5.77100022398868,1.0,1.753537816597689,174.96545023705252,0.3977248874816214,0.5416152897657214,2.3529374518935144,0.6456902195946176,0.6456902195946176,0.6456902195946176,1.0,5170.125,5170.125,5170.125,1.0,3.25,0.13541666666666666,0.3418585007734088,0.3418585007734088,0.3418585007734088,3.4328173151210164,0.029593094944512947,4028.248263888889,0.0,1000000.0,0.0,0.0,2.7004371367213826,142.0209617755857,0.1751183252473313,3.309631287430385,1.0,25.091245376078916,25.091245376078916,25.091245376078916,1.0,0.07807065019002075,0.07807065019002075,0.07807065019002075
0,1276,27,0.2890196204185486,0.364705890417099,23.625883667702787,-3.203426503814917e-16,0.0362745076417923,4.426800794674691,0.4431372582912445,0.02493872436193319,0.3354638104255383,0.3450980484485626,0.2235294133424759,0.21960784494876862,0.016469219311379263,0.33702519070782827,-0.732406654523584,23.625883667702787,1.0,0.0010500110664265322,0.7542825065764609,39.70721965580573,34.92849839314596,180.5,29.950461171163266,392.3574311003822,2.173725380057519,208.0,0.12138405811359339,1.0,0.0,0.0,0.0,0.0,1.0,0.0,-3.203426503814917e-16,0.0,1.0,1.0,1.0,1.0,0.0,0.0,0.0,1.0,1.0,-3.203426503814917e-16,1,1.0,2.0,-3.203426503814917e-16,0.0,208.0,1.0,0.0,1.0,4.073719214301753,4.073719214301753,4.073719214301753,1.0,1.6183065304867077,52.15673372686821,0.42291832636782156,0.5913461538461539,1.1935145816276571,0.66716998931341,0.66716998931341,0.66716998931341,1.0,1611.7142857142858,1611.7142857142858,1611.7142857142858,1.0,1.8571428571428572,0.2653061224489796,0.42884134004352287,0.42884134004352287,0.42884134004352287,2.1280852788913927,0.03365384615384615,728.7755102040817,0.0,1000000.0,0.0,0.0,2.50377548535975,41.91346153846154,0.20150702662721892,1.9082840236686391,1.0,20.134615384615383,20.134615384615383,20.134615384615383,1.0,0.08839635934502005,0.08839635934502005,0.08839635934502005
1,1263,47,0.18039216101169586,0.3921568691730499,67.30376346597282,-3.203426503814917e-16,0.12941177189350128,2.365217844199424,0.4588235318660736,0.06438048950661225,0.29792323324462056,0.3137255012989044,0.0313725508749485,0.4274509809911251,0.04947945489764291,0.30788639633908144,-0.46071588016681797,67.30376346597282,1.0,0.006035780143737365,0.892175725189267,155.5798425992208,125.2836781069266,619.5,138.80455889579184,1275.7413408594284,2.0593080562702637,710.0,0.06916126977234016,1.0,0.0,0.0,0.0,0.0,1.0,0.0,-3.203426503814917e-16,0.0,1.0,1.0,1.0,1.0,0.0,0.0,0.0,1.0,1.0,-3.203426503814917e-16,1,1.0,2.0,-3.203426503814917e-16,0.0,710.0,1.0,0.0,1.0,4.966311362050838,4.966311362050838,4.966311362050838,1.0,1.6873607383273113,163.15137447687908,0.4046746473893531,0.5676056338028169,1.8425989582621867,0.6442948653059682,0.6442948653059682,0.6442948653059682,1.0,2119.076923076923,2119.076923076923,2119.076923076923,1.0,2.3846153846153846,0.09171597633136094,0.26269641639470154,0.26269641639470154,0.26269641639470154,3.873140679513128,0.036619718309859155,1373.3668639053253,0.0,1000000.0,0.0,0.0,2.618223781223622,132.08732394366197,0.1860384844276929,2.4314302717714735,1.0,22.31549295774648,22.31549295774648,22.31549295774648,1.0,0.08125037438032073,0.08125037438032073,0.08125037438032073
1,1264,21,0.5686274766921997,0.6941176652908325,150.57643449914514,-3.203426503814917e-16,0.0627450942993164,3.9043527211544387,0.7490196228027344,0.04012842565939402,0.6323372343166627,0.6352941393852234,0.4470588266849518,0.3019607961177826,0.02658465066464894,0.634516183742282,-0.6259074029320143,150.57643449914514,1.0,0.0027604095276234147,0.8873628425309258,81.32236836012545,65.11528238439882,317.5,72.16244794938794,697.0336213336323,2.195381484515377,374.0,0.09061979389315573,1.0,0.0,0.0,0.0,0.0,1.0,0.0,-3.203426503814917e-16,0.0,1.0,1.0,1.0,1.0,0.0,0.0,0.0,1.0,1.0,-3.203426503814917e-16,1,1.0,2.0,-3.203426503814917e-16,0.0,374.0,1.0,0.0,1.0,4.835527293967715,4.835527293967715,4.835527293967715,1.0,1.5548259097422563,98.76655920014565,0.4476927974367544,0.589572192513369,1.9555916865389844,0.6838248439802503,0.6838248439802503,0.6838248439802503,1.0,1003.2631578947369,1003.2631578947369,1003.2631578947369,1.0,2.473684210526316,0.13019390581717452,0.27385895390809106,0.27385895390809106,0.27385895390809106,3.281373409411988,0.05080213903743316,615.7950138504154,0.0,1000000.0,0.0,0.0,2.5801280067888896,72.10695187165776,0.19279933655523462,2.844805399067746,1.0,21.192513368983956,21.192513368983956,21.192513368983956,1.0,0.09257531800599027,0.09257531800599027,0.09257531800599027
0,1276,17,0.5176470875740051,0.6431372761726379,121.5613323311861,-3.203426503814917e-16,0.06666666269302368,2.8994501209078276,0.6784313917160034,0.037910435950783854,0.5841697366897669,0.5882353186607361,0.41960784792900085,0.25882354378700256,0.02928715504548078,0.5859979472283952,-0.5304334530214561,121.5613323311861,1.0,0.0021393128917013083,0.7153257149189179,83.10154833650556,63.52952069707436,307.5,59.44467447467986,632.063058585155,2.055489621415138,354.0,0.09834835125899151,1.0,0.0,0.0,0.0,0.0,1.0,0.0,-3.203426503814917e-16,0.0,1.0,1.0,1.0,1.0,0.0,0.0,0.0,1.0,1.0,-3.203426503814917e-16,1,1.0,2.0,-3.203426503814917e-16,0.0,354.0,1.0,0.0,1.0,4.98862111264981,4.98862111264981,4.98862111264981,1.0,1.7050021146189547,79.36445002129648,0.4019702998495282,0.5550847457627118,1.7242396557493398,0.6471102554442341,0.6471102554442341,0.6471102554442341,1.0,2640.0,2640.0,2640.0,1.0,2.8333333333333335,0.2361111111111111,0.4383482569495499,0.4383482569495499,0.4383482569495499,2.450825794518086,0.03389830508474576,1769.75,0.0,1000000.0,0.0,0.0,2.6930430063322417,63.728813559322035,0.18002489706023173,2.907497845446711,1.0,23.694915254237287,23.694915254237287,23.694915254237287,1.0,0.08315642601987437,0.08315642601987437,0.08315642601987437
0,1285,31,0.4984313756227493,0.6392157077789307,144.02953830594447,-3.203426503814917e-16,0.0627450942993164,3.5891499816494385,0.729411780834198,0.042765574089017676,0.5746913803396402,0.5803921818733215,0.38823530077934265,0.34117648005485535,0.02784619104511733,0.5774094812535885,-0.2447778947463678,144.02953830594447,1.0,0.0031315264048571677,0.5182712550941689,81.11003992995602,73.10950690573696,368.5,42.03700219523646,833.9696961967044,2.263147072446959,432.0,0.08159685275753847,1.0,0.0,0.0,0.0,0.0,1.0,0.0,-3.203426503814917e-16,0.0,1.0,1.0,1.0,1.0,0.0,0.0,0.0,1.0,1.0,-3.203426503814917e-16,1,1.0,2.0,-3.203426503814917e-16,0.0,432.0,1.0,0.0,1.0,3.8559138143691913,3.8559138143691913,3.8559138143691913,1.0,1.5969299102042112,110.36177963784623,0.42305869314544836,0.6001157407407407,1.0445077473985984,0.6607178332611547,0.6607178332611547,0.6607178332611547,1.0,3044.0,3044.0,3044.0,1.0,2.4285714285714284,0.17346938775510204,0.3855656290266891,0.3855656290266891,0.3855656290266891,2.9780948881692573,0.032407407407407406,2091.836734693877,0.0,1000000.0,0.0,0.0,2.3983058177368752,90.88425925925925,0.21038022976680384,1.6872213648834018,1.0,19.319444444444443,19.319444444444443,19.319444444444443,1.0,0.08869826113315697,0.08869826113315697,0.08869826113315697
1,1270,29,0.4690196096897125,0.7192157030105593,175.89700447724553,-3.203426503814917e-16,0.14901959896087646,2.7917695768805824,0.8156862854957581,0.08223020796176882,0.598807927822417,0.6117647290229797,0.3176470696926117,0.49803921580314636,0.059732620454174684,0.6072535078560269,-0.5584887672109741,175.89700447724553,1.0,0.010185888380472916,0.7769381893673625,99.44956073319513,77.79460135510689,405.5,77.26616164942818,893.4255403194202,2.203268903377115,477.0,0.07989912032074464,1.0,0.0,0.0,0.0,0.0,1.0,0.0,-3.203426503814917e-16,0.0,1.0,1.0,1.0,1.0,0.0,0.0,0.0,1.0,1.0,-3.203426503814917e-16,1,1.0,2.0,-3.203426503814917e-16,0.0,477.0,1.0,0.0,1.0,4.32778780754438,4.32778780754438,4.32778780754438,1.0,1.6289297386536556,116.54814545526874,0.41593273191068203,0.5849056603773585,1.384161831405228,0.6543350656332716,0.6543350656332716,0.6543350656332716,1.0,2469.9444444444443,2469.9444444444443,2469.9444444444443,1.0,4.111111111111111,0.22839506172839505,0.46705324975411155,0.46705324975411155,0.46705324975411155,2.836591668108975,0.03773584905660377,1767.6944444444443,0.0,1000000.0,0.0,0.0,2.537605793509392,96.02306079664571,0.20130620712085054,2.507179304616115,1.0,21.17610062893082,21.17610062893082,21.17610062893082,1.0,0.09048187426612853,0.09048187426612853,0.09048187426612853
1,1264,35,0.23137255012989044,0.3945098102092743,19.22108514907864,-3.203426503814917e-16,0.05882352590560913,3.8863131728442895,0.4588235318660736,0.04688134449258143,0.32517647887979234,0.33725491166114807,0.125490203499794,0.3333333283662796,0.028219287006222477,0.3314132952680827,-0.918241616334017,19.22108514907864,1.0,0.004095029863789372,0.7811164921550412,41.7821038592771,38.8329756778952,148.0,32.63669040141614,339.83051916580075,2.2961521565256806,175.0,0.12690344466337575,1.0,0.0,0.0,0.0,0.0,1.0,0.0,-3.203426503814917e-16,0.0,1.0,1.0,1.0,1.0,0.0,0.0,0.0,1.0,1.0,-3.203426503814917e-16,1,1.0,2.0,-3.203426503814917e-16,0.0,175.0,1.0,0.0,1.0,3.679242223900009,3.679242223900009,3.679242223900009,1.0,1.5241401224839588,48.78587595825334,0.45241647839207255,0.6157142857142857,1.036842676676926,0.6934787664672121,0.6934787664672121,0.6934787664672121,1.0,772.0714285714286,772.0714285714286,772.0714285714286,1.0,3.5714285714285716,0.25510204081632654,0.4947022584843122,0.4947022584843122,0.4947022584843122,2.359879028736859,0.08,615.8214285714286,0.0,1000000.0,0.0,0.0,2.6287981897313357,31.72,0.18125714285714287,2.320195918367347,1.0,18.92,18.92,18.92,1.0,0.1164908811143505,0.1164908811143505,0.1164908811143505
1,1264,25,0.5254902243614197,0.6596078634262085,123.70802892153301,-3.203426503814917e-16,0.0627450942993164,5.070335644262782,0.7607843279838562,0.04389368213732035,0.6010989864139782,0.6078431606292725,0.3607843220233917,0.4000000059604645,0.02703488457490364,0.604086450184539,-0.9724713652560089,123.70802892153301,1.0,0.0036004478286456197,0.9148957949073827,56.23260659018305,50.28916384272063,287.0,51.44697530603965,637.2762620207515,2.2204747805601097,339.0,0.09423628103768673,1.0,0.0,0.0,0.0,0.0,1.0,0.0,-3.203426503814917e-16,0.0,1.0,1.0,1.0,1.0,0.0,0.0,0.0,1.0,1.0,-3.203426503814917e-16,1,1.0,2.0,-3.203426503814917e-16,0.0,339.0,1.0,0.0,1.0,4.33550380705795,4.33550380705795,4.33550380705795,1.0,1.6735788764860242,80.03691411248253,0.40634064764239913,0.5766961651917405,1.2874760773992464,0.6492908474625108,0.6492908474625108,0.6492908474625108,1.0,5700.333333333333,5700.333333333333,5700.333333333333,1.0,3.4444444444444446,0.38271604938271603,0.555963606812266,0.555963606812266,0.555963606812266,1.6577427265048876,0.02654867256637168,4281.555555555556,0.0,1000000.0,0.0,0.0,2.5893915951522377,67.023598820059,0.1977097310326224,2.2489014192358225,1.0,21.48967551622419,21.48967551622419,21.48967551622419,1.0,0.08592357408931015,0.08592357408931015,0.08592357408931015
0,1382,27,0.3450980484485626,0.4066666722297668,43.911005088557026,-3.203426503814917e-16,0.027450978755950928,5.731240372267623,0.49803921580314636,0.02168404628778099,0.3787538771958728,0.37254902720451355,0.32549020648002625,0.17254900932312012,0.01214029858468332,0.38005801621073965,1.4485496477886026,43.911005088557026,1.0,0.000989596195136586,0.8038087185942692,69.7534123303442,56.60388679233962,252.0,56.06840098283166,618.1635636485431,2.4530300144783457,304.0,0.09103361716416436,1.0,0.0,0.0,0.0,0.0,1.0,0.0,-3.203426503814917e-16,0.0,1.0,1.0,1.0,1.0,0.0,0.0,0.0,1.0,1.0,-3.203426503814917e-16,1,1.0,2.0,-3.203426503814917e-16,0.0,304.0,1.0,0.0,1.0,3.5775474363140916,3.5775474363140916,3.5775474363140916,1.0,1.4396752952158385,91.30885082039616,0.4706977788101893,0.6373355263157895,1.101947044180949,0.7057926047645826,0.7057926047645826,0.7057926047645826,1.0,1401.8823529411766,1401.8823529411766,1401.8823529411766,1.0,4.411764705882353,0.25951557093425603,0.504437190961661,0.504437190961661,0.504437190961661,2.558051076544454,0.05592105263157895,1082.1038062283737,0.0,1000000.0,0.0,0.0,2.4200973565225166,63.776315789473685,0.20979051246537397,1.7402614265927978,1.0,16.960526315789473,16.960526315789473,16.960526315789473,1.0,0.11184790473206827,0.11184790473206827,0.11184790473206827
2,1258,7,0.01568627543747425,0.4941176474094391,5209.416718358161,-3.203426503814917e-16,0.3058823626488447,3.8927514113899826,1.0,0.17295696355194531,0.19157605889866602,0.0941176488995552,0.0,1.0,0.1340699392508446,0.2822920604894496,1.1775207345994783,5209.416718358161,1.0,0.04298742107223393,0.9997101469895356,295.97031476927475,361.33225707096784,65363.5,295.8845268825308,1216.9360748630718,0.018617976008981647,65372.0,0.7447402326073643,1.0,0.0,0.0,0.0,0.0,1.0,0.0,-3.203426503814917e-16,0.0,1.0,1.0,1.0,1.0,0.0,0.0,0.0,1.0,1.0,-3.203426503814917e-16,1,1.0,2.0,-3.203426503814917e-16,0.0,65372.0,1.0,0.0,1.0,34634.4245767261,34634.4245767261,34634.4245767261,1.0,4.623698994303591,94.38484876234048,0.2940659530010935,0.00681484427583675,6994.903932134412,0.07409694543923617,0.07409694543923617,0.07409694543923617,1.0,4273498384.0,4273498384.0,4273498384.0,1.0,1.0,1.0,2.3400032248614044e-10,2.3400032248614044e-10,2.3400032248614044e-10,-3.203426503814917e-16,1.5297069081563972e-05,0.0,0.0,1000000.0,0.0,0.0,0.14309045831415107,63069.598727283854,0.9647800086777802,0.1702823098575436,1.0,80.1919170286973,80.1919170286973,80.1919170286973,1.0,0.012664444393531296,0.012664444393531296,0.012664444393531296
1,1380,23,0.43529412150382996,0.572549045085907,145.8959702298992,-3.203426503814917e-16,0.0627451241016388,3.3126751141126056,0.6705882549285889,0.04100997619303028,0.4919528998184524,0.48235294222831726,0.3294117748737335,0.34117648005485535,0.02808679471623294,0.4947644857494233,0.7451691831935229,145.8959702298992,1.0,0.002774240719107008,0.9018733523450279,103.94831446633185,81.41252974819048,516.0,93.74821483836585,1066.4621202458757,2.066787054740069,596.0,0.07550650154649668,1.0,0.0,0.0,0.0,0.0,1.0,0.0,-3.203426503814917e-16,0.0,1.0,1.0,1.0,1.0,0.0,0.0,0.0,1.0,1.0,-3.203426503814917e-16,1,1.0,2.0,-3.203426503814917e-16,0.0,596.0,1.0,0.0,1.0,4.950313229767253,4.950313229767253,4.950313229767253,1.0,1.7195308110015395,133.53049443638525,0.40068676941577464,0.5578859060402684,1.7242893536627713,0.6449214865930051,0.6449214865930051,0.6449214865930051,1.0,7392.285714285715,7392.285714285715,7392.285714285715,1.0,1.4285714285714286,0.10204081632653061,0.2431754016739715,0.2431754016739715,0.2431754016739715,3.4677201004744957,0.02348993288590604,5579.95918367347,0.0,1000000.0,0.0,0.0,2.6375641644027796,110.38926174496645,0.18521688212242693,2.7083689923877303,1.0,23.29194630872483,23.29194630872483,23.29194630872483,1.0,0.0766927660636713,0.0766927660636713,0.0766927660636713
1,1383,27,0.2862745225429535,0.3490196168422699,29.20607659079307,-3.203426503814917e-16,0.027450978755950928,3.776695519674975,0.40784314274787903,0.019493042818711205,0.3151893744321719,0.3137255012989044,0.2549019753932953,0.15294116735458374,0.012270391481818566,0.31626066818756016,0.392264388275202,29.20607659079307,1.0,0.0006764684874981905,0.7993293919630411,70.7421784590884,57.14017850864661,248.5,56.546302493844074,527.595021153619,2.123118797398869,292.0,0.10591743136842145,1.0,0.0,0.0,0.0,0.0,1.0,0.0,-3.203426503814917e-16,0.0,1.0,1.0,1.0,1.0,0.0,0.0,0.0,1.0,1.0,-3.203426503814917e-16,1,1.0,2.0,-3.203426503814917e-16,0.0,292.0,1.0,0.0,1.0,4.965772173192771,4.965772173192771,4.965772173192771,1.0,1.6643281364121854,67.81113018819963,0.4108218983340147,0.5633561643835617,1.7848312844499088,0.6522155810119875,0.6522155810119875,0.6522155810119875,1.0,1239.2941176470588,1239.2941176470588,1239.2941176470588,1.0,3.588235294117647,0.21107266435986158,0.4504355387796339,0.4504355387796339,0.4504355387796339,2.8138461086383817,0.05821917808219178,944.2629757785467,0.0,1000000.0,0.0,0.0,2.7541086194673357,51.31506849315068,0.17573653593544755,3.0581722649652843,1.0,23.246575342465754,23.246575342465754,23.246575342465754,1.0,0.09564018834322162,0.09564018834322162,0.09564018834322162
2,1360,20,0.529411792755127,0.6941176652908325,206.73018044041862,-3.203426503814917e-16,0.09999999403953552,2.2190412210889088,0.7647058963775635,0.05443522758892571,0.606966989641791,0.5960784554481506,0.42352941632270813,0.34117648005485535,0.04281841920544271,0.6103169763363607,0.076557427971715,206.73018044041862,1.0,0.004077885089539924,0.9140257896873515,109.91994963413902,88.14193099768123,476.0,100.46966876673781,1020.0773439350301,2.1430196301156093,555.0,0.07581852066792774,1.0,0.0,0.0,0.0,0.0,1.0,0.0,-3.203426503814917e-16,0.0,1.0,1.0,1.0,1.0,0.0,0.0,0.0,1.0,1.0,-3.203426503814917e-16,1,1.0,2.0,-3.203426503814917e-16,0.0,555.0,1.0,0.0,1.0,4.651010765358687,4.651010765358687,4.651010765358687,1.0,1.6512296466130216,130.8202587627344,0.40848977773964334,0.5756756756756757,1.6197665039752533,0.6501909407566924,0.6501909407566924,0.6501909407566924,1.0,1618.8846153846155,1618.8846153846155,1618.8846153846155,1.0,3.6923076923076925,0.14201183431952663,0.3550504608881262,0.3550504608881262,0.3550504608881262,3.3927474104487807,0.04684684684684685,1163.226331360947,0.0,1000000.0,0.0,0.0,2.6713639236509845,101.09009009009009,0.1821443064686308,2.6316824933041145,1.0,21.944144144144143,21.944144144144143,21.944144144144143,1.0,0.08929704364228173,0.08929704364228173,0.08929704364228173
2,1260,14,0.3333333432674408,0.3843137323856354,60.29754991581057,-3.203426503814917e-16,0.027450978755950928,3.445468302398492,0.41960784792900085,0.01622743899516539,0.35795811708293745,0.3607843220233917,0.29411765933036804,0.1254901885986328,0.011716285114130134,0.358561298122543,-0.27123341832730385,60.29754991581057,1.0,0.00043219092576123915,0.7152701027799756,116.1769436852457,83.24061508662703,398.5,83.09789445040914,914.9230150024789,2.295917227107852,469.0,0.07734540937012868,1.0,0.0,0.0,0.0,0.0,1.0,0.0,-3.203426503814917e-16,0.0,1.0,1.0,1.0,1.0,0.0,0.0,0.0,1.0,1.0,-3.203426503814917e-16,1,1.0,2.0,-3.203426503814917e-16,0.0,469.0,1.0,0.0,1.0,3.744898773696174,3.744898773696174,3.744898773696174,1.0,1.559612492627356,127.17956609166379,0.44255506604964306,0.6108742004264393,1.0501779920425423,0.6838553409237493,0.6838553409237493,0.6838553409237493,1.0,1638.35,1638.35,1638.35,1.0,1.9,0.095,0.24831024019886727,0.24831024019886727,0.24831024019886727,3.684183719779183,0.042643923240938165,1088.4475,0.0,1000000.0,0.0,0.0,2.417987907551395,98.16417910447761,0.20930528593705247,1.7462913880187854,1.0,18.66311300639659,18.66311300639659,18.66311300639659,1.0,0.08955327831203555,0.08955327831203555,0.08955327831203555
2,1261,16,0.5172549307346344,0.6709804117679596,106.31450231514833,-3.203426503814917e-16,0.06666666269302368,4.097515975483735,0.7450980544090271,0.047324966830015185,0.5919215906659762,0.5921568870544434,0.3803921639919281,0.364705890417099,0.03006208971142769,0.5952996509186175,-0.7426018963909907,106.31450231514833,1.0,0.004010504887288254,0.8613688285127131,71.03175152898821,56.60388679233962,256.0,61.18453660173069,586.9503602129466,2.292774844581823,300.0,0.09663257248602578,1.0,0.0,0.0,0.0,0.0,1.0,0.0,-3.203426503814917e-16,0.0,1.0,1.0,1.0,1.0,0.0,0.0,0.0,1.0,1.0,-3.203426503814917e-16,1,1.0,2.0,-3.203426503814917e-16,0.0,300.0,1.0,0.0,1.0,3.764419246473815,3.764419246473815,3.764419246473815,1.0,1.5077315802866171,84.96000168278483,0.45669103883418183,0.62,1.1578015948916445,0.6965433343040935,0.6965433343040935,0.6965433343040935,1.0,1542.375,1542.375,1542.375,1.0,1.875,0.1171875,0.2986968835197045,0.2986968835197045,0.2986968835197045,3.3749999999999956,0.05333333333333334,1190.8125,0.0,1000000.0,0.0,0.0,2.475379705094445,59.49333333333333,0.1983111111111111,1.9184,1.0,18.24,18.24,18.24,1.0,0.09912743764172335,0.09912743764172335,0.09912743764172335
1,1270,10,0.007843137718737125,0.34117648005485535,3044.1452813192445,-3.203426503814917e-16,0.21176470629870892,7.744651578187188,1.0,0.13189503643639813,0.1312949318900907,0.04313725605607033,0.0,1.0,0.08861758922904724,0.21700609700724377,2.0193005894573015,3044.1452813192445,1.0,0.029853286998293725,0.9997436878915096,297.6112478138955,361.33225707096784,64622.5,297.53496644745786,1440.6417023478446,0.022293190488573554,64643.0,0.6255194632312281,1.0,0.0,0.0,0.0,0.0,1.0,0.0,-3.203426503814917e-16,0.0,1.0,1.0,1.0,1.0,0.0,0.0,0.0,1.0,1.0,-3.203426503814917e-16,1,1.0,2.0,-3.203426503814917e-16,0.0,64643.0,1.0,0.0,1.0,26816.701064743967,26816.701064743967,26816.701064743967,1.0,4.823856586557374,73.94190203922733,0.18437686850466115,0.008020976749222654,8159.313189532502,0.13989528133360113,0.13989528133360113,0.13989528133360113,1.0,417613218.9,417613218.9,417613218.9,1.0,2.8,0.28,0.46233333335727894,0.46233333335727894,0.46233333335727894,2.046439344671014,0.0001546957907275343,375826044.41,0.0,1000000.0,0.0,0.0,0.1721510412670434,62002.57901087512,0.9591537987233748,0.21366322583348227,1.0,80.06276008229815,80.06276008229815,80.06276008229815,1.0,0.01284280386255161,0.01284280386255161,0.01284280386255161
0,1281,21,0.5098039507865906,0.7607843279838562,50.18400960601515,-3.203426503814917e-16,0.15882351994514465,2.314554255055828,0.8705882430076599,0.0842232443802777,0.6088829693017583,0.5686274766921997,0.4627451002597809,0.40784314274787903,0.06688005574999631,0.6165889156923439,0.7491015362043196,50.18400960601515,1.0,0.0094434206489342,0.7857931636675305,29.912630714104147,27.294688127912362,107.0,23.505140722454442,277.40411229460756,2.592561797145865,132.0,0.13218553283522433,1.0,0.0,0.0,0.0,0.0,1.0,0.0,-3.203426503814917e-16,0.0,1.0,1.0,1.0,1.0,0.0,0.0,0.0,1.0,1.0,-3.203426503814917e-16,1,1.0,2.0,-3.203426503814917e-16,0.0,132.0,1.0,0.0,1.0,3.118721941638608,3.118721941638608,3.118721941638608,1.0,1.406504760016945,40.13289141414141,0.46365669443452484,0.6458333333333334,0.665806132310762,0.6934453232167352,0.6934453232167352,0.6934453232167352,1.0,758.3333333333334,758.3333333333334,758.3333333333334,1.0,1.0,0.16666666666666666,0.047337396965714006,0.047337396965714006,0.047337396965714006,2.5849625007211543,0.045454545454545456,274.3333333333333,0.0,1000000.0,0.0,0.0,2.2239831953907223,30.636363636363637,0.23209366391184574,1.366161616161616,1.0,16.060606060606062,16.060606060606062,16.060606060606062,1.0,0.09389408541194255,0.09389408541194255,0.09389408541194255
1,1264,17,0.3090196192264557,0.40392157435417175,62.58605461414118,-3.203426503814917e-16,0.05098038911819458,3.4874743602838074,0.47843137383461,0.029734540402459726,0.3486420983825545,0.34117648005485535,0.23529411852359772,0.24313725531101227,0.020895948375228547,0.3506548872175468,0.6317679465012406,62.58605461414118,1.0,0.0014075371649596555,0.911807939895298,80.7440389085091,71.11258679024411,444.0,73.62305577599346,936.3961030678976,2.1090002321349046,509.0,0.07976949073098374,1.0,0.0,0.0,0.0,0.0,1.0,0.0,-3.203426503814917e-16,0.0,1.0,1.0,1.0,1.0,0.0,0.0,0.0,1.0,1.0,-3.203426503814917e-16,1,1.0,2.0,-3.203426503814917e-16,0.0,509.0,1.0,0.0,1.0,4.542647515752752,4.542647515752752,4.542647515752752,1.0,1.6477172493174963,122.08212405167183,0.4147669652812589,0.5776031434184676,1.5398540033566361,0.6561757354126445,0.6561757354126445,0.6561757354126445,1.0,2987.277777777778,2987.277777777778,2987.277777777778,1.0,4.111111111111111,0.22839506172839505,0.461058078165643,0.461058078165643,0.461058078165643,2.836591668108975,0.03536345776031434,2187.6450617283954,0.0,1000000.0,0.0,0.0,2.579100899622616,99.46365422396856,0.1954099297131013,2.3257745647114225,1.0,21.50294695481336,21.50294695481336,21.50294695481336,1.0,0.08680205934152749,0.08680205934152749,0.08680205934152749
1,1380,41,0.615686297416687,0.873725497722626,521.008909055704,-3.203426503814917e-16,0.13725489377975464,7.088419812608341,0.9960784316062927,0.0810628200285443,0.7351880882444968,0.7490196228027344,0.13725490868091583,0.8588235229253769,0.055185901853715844,0.743304442490842,-0.9768978214545451,521.008909055704,1.0,0.01199996913002321,0.8500686853708149,163.78586219823657,133.24038426843418,805.0,139.22923256118042,1694.4246737675699,2.1048753711398382,943.0,0.05935818394574728,1.0,0.0,0.0,0.0,0.0,1.0,0.0,-3.203426503814917e-16,0.0,1.0,1.0,1.0,1.0,0.0,0.0,0.0,1.0,1.0,-3.203426503814917e-16,1,1.0,2.0,-3.203426503814917e-16,0.0,943.0,1.0,0.0,1.0,5.974847991201221,5.974847991201221,5.974847991201221,1.0,1.7021489248677317,214.76872275137706,0.40978892662360183,0.5530222693531283,2.674277239701255,0.6500785323995772,0.6500785323995772,0.6500785323995772,1.0,4466.708333333333,4466.708333333333,4466.708333333333,1.0,4.0,0.16666666666666666,0.3853769595675904,0.3853769595675904,0.3853769595675904,3.396240625180284,0.02545068928950159,2922.8732638888887,0.0,1000000.0,0.0,0.0,2.641720886967954,171.82290562036056,0.18220880765679803,3.0141343988016858,1.0,23.952279957582185,23.952279957582185,23.952279957582185,1.0,0.08003716100948843,0.08003716100948843,0.08003716100948843
0,1276,25,0.4156862795352936,0.5372549295425415,34.76643067401088,-3.203426503814917e-16,0.05882355570793152,3.1772646394237283,0.572549045085907,0.03786156636781273,0.4873833831014304,0.501960813999176,0.3450980484485626,0.22745099663734436,0.027088594203779882,0.48966160499570677,-0.9167886582083191,34.76643067401088,1.0,0.002225925283575856,0.8322822682771871,36.99925812883857,33.24154027718932,126.5,30.79382648004292,261.36248173426475,2.066106574974425,145.0,0.1525481515135677,1.0,0.0,0.0,0.0,0.0,1.0,0.0,-3.203426503814917e-16,0.0,1.0,1.0,1.0,1.0,0.0,0.0,0.0,1.0,1.0,-3.203426503814917e-16,1,1.0,2.0,-3.203426503814917e-16,0.0,145.0,1.0,0.0,1.0,4.471375143843498,4.471375143843498,4.471375143843498,1.0,1.6581794459398782,34.69634637514384,0.41467057604272467,0.5758620689655172,1.4294469883740024,0.6615449843404843,0.6615449843404843,0.6615449843404843,1.0,864.1111111111111,864.1111111111111,864.1111111111111,1.0,2.5555555555555554,0.2839506172839506,0.5006257523585567,0.5006257523585567,0.5006257523585567,2.0588138903311997,0.06206896551724138,604.5432098765432,0.0,1000000.0,0.0,0.0,2.6411721174655916,25.813793103448276,0.17802615933412605,2.3627110582639714,1.0,21.662068965517243,21.662068965517243,21.662068965517243,1.0,0.0985761005551646,0.0985761005551646,0.0985761005551646
2,1297,23,0.16470588743686676,0.40784314274787903,91.6848484577478,-3.203426503814917e-16,0.10588234663009644,3.233332125636267,0.46666666865348816,0.07090436443747697,0.3169471174170292,0.3450980484485626,0.05882352963089943,0.40784313902258873,0.04882563968176777,0.329202863541264,-0.9850947861058729,91.6848484577478,1.0,0.007919050124804015,0.940985807442526,155.04641047674178,129.71121771072848,718.0,145.8964717535222,1654.7261889577399,2.3046325751500554,846.0,0.05740384904473103,1.0,0.0,0.0,0.0,0.0,1.0,0.0,-3.203426503814917e-16,0.0,1.0,1.0,1.0,1.0,0.0,0.0,0.0,1.0,1.0,-3.203426503814917e-16,1,1.0,2.0,-3.203426503814917e-16,0.0,846.0,1.0,0.0,1.0,3.7347438080407307,3.7347438080407307,3.7347438080407307,1.0,1.57152888366842,217.52402577092678,0.42297133478289395,0.6060874704491725,0.994507917977484,0.6626954532980782,0.6626954532980782,0.6626954532980782,1.0,2557.92,2557.92,2557.92,1.0,2.68,0.1072,0.2585750277096947,0.2585750277096947,0.2585750277096947,3.7034651896016415,0.02955082742316785,1412.7744,0.0,1000000.0,0.0,0.0,2.3823291806642075,185.4775413711584,0.21924059263730306,1.6272264417729938,1.0,18.86052009456265,18.86052009456265,18.86052009456265,1.0,0.08506480427956141,0.08506480427956141,0.08506480427956141
1,1264,29,0.5254902243614197,0.6811764895915985,157.79891897165993,-3.203426503814917e-16,0.0627450942993164,4.477386393979193,0.8509804010391235,0.046904976293070784,0.6140002107994568,0.6196078658103943,0.40392157435417175,0.4470588266849518,0.028786884446076123,0.6173789833726847,-0.23706391111708242,157.79891897165993,1.0,0.004160550248512295,0.8229103149721053,67.80810945107143,61.220911460055866,343.0,55.79999270604418,810.4133470106001,2.3627211283107874,414.0,0.08101126374566951,1.0,0.0,0.0,0.0,0.0,1.0,0.0,-3.203426503814917e-16,0.0,1.0,1.0,1.0,1.0,0.0,0.0,0.0,1.0,1.0,-3.203426503814917e-16,1,1.0,2.0,-3.203426503814917e-16,0.0,414.0,1.0,0.0,1.0,4.123628648699907,4.123628648699907,4.123628648699907,1.0,1.6056529511033637,106.43639717104296,0.42868144145305553,0.5948067632850241,1.259098238329391,0.6675856283150381,0.6675856283150381,0.6675856283150381,1.0,4982.307692307692,4982.307692307692,4982.307692307692,1.0,2.8461538461538463,0.21893491124260356,0.38971873856333433,0.38971873856333433,0.38971873856333433,2.4696704873718587,0.03140096618357488,3968.1301775147936,0.0,1000000.0,0.0,0.0,2.5480177082396533,83.3913043478261,0.2014282713715606,2.3716072720483554,1.0,20.36231884057971,20.36231884057971,20.36231884057971,1.0,0.08872714397084651,0.08872714397084651,0.08872714397084651
1,1383,41,0.5803921818733215,0.7937255024909975,218.66203427108715,-3.203426503814917e-16,0.08235293626785278,3.4744878277995306,0.8980392217636108,0.06012533828797227,0.6723393950947176,0.6666666865348816,0.42352941632270813,0.4745098054409027,0.03870025443226547,0.6770605388845581,0.4170190743952623,218.66203427108715,1.0,0.006370711118317392,0.7656359035330319,104.23837271831569,80.95060222135473,399.5,79.80864067900058,950.3788591251947,2.3789207988115013,477.0,0.07455324595415615,1.0,0.0,0.0,0.0,0.0,1.0,0.0,-3.203426503814917e-16,0.0,1.0,1.0,1.0,1.0,0.0,0.0,0.0,1.0,1.0,-3.203426503814917e-16,1,1.0,2.0,-3.203426503814917e-16,0.0,477.0,1.0,0.0,1.0,3.6922833874152126,3.6922833874152126,3.6922833874152126,1.0,1.5442674158177223,131.90244175104482,0.44668961276428565,0.6158280922431866,1.031171314161971,0.6860653533542589,0.6860653533542589,0.6860653533542589,1.0,4181.166666666667,4181.166666666667,4181.166666666667,1.0,2.888888888888889,0.16049382716049382,0.36844135121664007,0.36844135121664007,0.36844135121664007,3.0860486123130344,0.03773584905660377,3478.9166666666665,0.0,1000000.0,0.0,0.0,2.40700632250992,105.13836477987421,0.22041585907730443,1.7115972029939042,1.0,18.30398322851153,18.30398322851153,18.30398322851153,1.0,0.09348012545339589,0.09348012545339589,0.09348012545339589
1,1264,27,0.3392156958580017,0.5803921818733215,43.80306302945282,-3.203426503814917e-16,0.15294119715690613,1.8833336607154039,0.6392157077789307,0.0796937184314025,0.45193224219442574,0.4313725531101227,0.2705882489681244,0.3686274588108063,0.06352005558784564,0.4611249595264983,0.17090409926397612,43.80306302945282,1.0,0.008393476763433645,0.7471985050632366,60.247549184144475,49.20365840057018,174.5,45.01687868411658,401.81327522309806,2.3026548723386706,206.0,0.11654089973393814,1.0,0.0,0.0,0.0,0.0,1.0,0.0,-3.203426503814917e-16,0.0,1.0,1.0,1.0,1.0,0.0,0.0,0.0,1.0,1.0,-3.203426503814917e-16,1,1.0,2.0,-3.203426503814917e-16,0.0,206.0,1.0,0.0,1.0,3.8398262012012014,3.8398262012012014,3.8398262012012014,1.0,1.5674136524329367,53.75752192817818,0.4285421879422258,0.6055825242718447,1.07016550626311,0.6672271917548926,0.6672271917548926,0.6672271917548926,1.0,945.5555555555555,945.5555555555555,945.5555555555555,1.0,1.6666666666666667,0.18518518518518517,0.3347691153067576,0.3347691153067576,0.3347691153067576,2.641604167868591,0.043689320388349516,421.6543209876543,0.0,1000000.0,0.0,0.0,2.3092197387173643,47.029126213592235,0.22829672919219532,1.4613064379300595,1.0,18.728155339805824,18.728155339805824,18.728155339805824,1.0,0.08811543711335666,0.08811543711335666,0.08811543711335666
1,1264,33,0.49725490212440493,0.6549019813537601,90.92829625940485,-3.203426503814917e-16,0.0627450942993164,4.704099565305841,0.772549033164978,0.045689818812881304,0.5671797259093185,0.5607843399047852,0.43529412150382996,0.33725491166114807,0.025640302668647818,0.570883413577158,1.1966205094822906,90.92829625940485,1.0,0.004215030414938728,0.816806517505395,63.24219510229303,53.81449618829484,240.0,51.65663714090071,491.997041407172,2.049987672529883,279.0,0.11162155328161204,1.0,0.0,0.0,0.0,0.0,1.0,0.0,-3.203426503814917e-16,0.0,1.0,1.0,1.0,1.0,0.0,0.0,0.0,1.0,1.0,-3.203426503814917e-16,1,1.0,2.0,-3.203426503814917e-16,0.0,279.0,1.0,0.0,1.0,5.298914934225747,5.298914934225747,5.298914934225747,1.0,1.6908297696887256,63.0921732530058,0.4089219654106547,0.5519713261648745,1.9987620977729006,0.654649010014898,0.654649010014898,0.654649010014898,1.0,2208.3571428571427,2208.3571428571427,2208.3571428571427,1.0,3.2857142857142856,0.23469387755102042,0.4670405152044754,0.4670405152044754,0.4670405152044754,2.55665670746282,0.05017921146953405,1811.2091836734694,0.0,1000000.0,0.0,0.0,2.715758593028357,49.681003584229394,0.17806811320512325,3.4687118613584103,1.0,24.483870967741936,24.483870967741936,24.483870967741936,1.0,0.09025253849050571,0.09025253849050571,0.09025253849050571
1,1263,14,0.019607843831181526,0.4000000059604645,3348.7207898598094,-3.203426503814917e-16,0.2352941296994686,3.936314669763726,1.0,0.13110028930218073,0.16668140079625643,0.09803921729326248,0.0,1.0,0.1013687158572002,0.22821851171010063,1.106989589317575,3348.7207898598094,1.0,0.024300999715771064,0.9979615352305495,298.38472204624804,361.33225707096784,64270.0,297.7764753026145,1489.4112549695453,0.023174284346811038,64295.0,0.6033849181829711,1.0,0.0,0.0,0.0,0.0,1.0,0.0,-3.203426503814917e-16,0.0,1.0,1.0,1.0,1.0,0.0,0.0,0.0,1.0,1.0,-3.203426503814917e-16,1,1.0,2.0,-3.203426503814917e-16,0.0,64295.0,1.0,0.0,1.0,25614.987422606966,25614.987422606966,25614.987422606966,1.0,4.842351801773143,72.18167761259055,0.17264448557004808,0.008286025351893616,8387.294313920844,0.1531180716840188,0.1531180716840188,0.1531180716840188,1.0,413230410.9,413230410.9,413230410.9,1.0,5.2,0.52,0.7361111111353107,0.7361111111353107,0.7361111111353107,1.356779649447038,0.0001555330896648262,371891940.65000004,0.0,1000000.0,0.0,0.0,0.1772150853655845,61592.594151955826,0.9579686468925396,0.22168877330432904,1.0,80.03289524846411,80.03289524846411,80.03289524846411,1.0,0.012899637978022026,0.012899637978022026,0.012899637978022026
0,1285,27,0.5176470875740051,0.6039215922355652,53.374445423780266,-3.203426503814917e-16,0.05098038911819458,2.5469379257342455,0.6392157077789307,0.02726273422986494,0.5610163846664881,0.5568627715110779,0.4745098054409027,0.16470590233802795,0.02129168144248587,0.5619832033528857,0.00877721136791291,53.374445423780266,1.0,0.0010857369865139538,0.7646617945729242,38.643229274775365,35.34119409414458,146.0,29.54900104534269,324.7594513539352,2.224379803794077,169.0,0.1318923361723839,1.0,0.0,0.0,0.0,0.0,1.0,0.0,-3.203426503814917e-16,0.0,1.0,1.0,1.0,1.0,0.0,0.0,0.0,1.0,1.0,-3.203426503814917e-16,1,1.0,2.0,-3.203426503814917e-16,0.0,169.0,1.0,0.0,1.0,3.878518413606865,3.878518413606865,3.878518413606865,1.0,1.566601738917965,44.834941491900764,0.4386167273832053,0.6035502958579881,1.122716211860221,0.6811467617240246,0.6811467617240246,0.6811467617240246,1.0,1040.625,1040.625,1040.625,1.0,2.5,0.3125,0.5006390290540905,0.5006390290540905,0.5006390290540905,1.9999999999999982,0.047337278106508875,594.359375,0.0,1000000.0,0.0,0.0,2.3915672101126426,35.63905325443787,0.21088197191975072,1.6924477434263505,1.0,19.09467455621302,19.09467455621302,19.09467455621302,1.0,0.09754263441076629,0.09754263441076629,0.09754263441076629
1,1383,41,0.364705890417099,0.4470588266849518,41.237309747580525,-3.203426503814917e-16,0.04313725233078003,5.324321603575888,0.48235294222831726,0.02774697758507091,0.41032841648339247,0.41960784792900085,0.239215686917305,0.24313725531101227,0.018083354713444116,0.41194764613815626,-1.22546580479384,41.237309747580525,1.0,0.0013314537849992293,0.7926559392612903,55.266858655126995,49.20365840057018,212.5,43.80760375730066,444.4406922210678,2.091485610452084,243.0,0.11627077944657037,1.0,0.0,0.0,0.0,0.0,1.0,0.0,-3.203426503814917e-16,0.0,1.0,1.0,1.0,1.0,0.0,0.0,0.0,1.0,1.0,-3.203426503814917e-16,1,1.0,2.0,-3.203426503814917e-16,0.0,243.0,1.0,0.0,1.0,4.263841807775595,4.263841807775595,4.263841807775595,1.0,1.6859416655653077,54.50085467296984,0.39050093826654586,0.5720164609053497,1.1800181383447432,0.6273262887919907,0.6273262887919907,0.6273262887919907,1.0,1785.888888888889,1785.888888888889,1785.888888888889,1.0,1.6666666666666667,0.18518518518518517,0.3424072278916767,0.3424072278916767,0.3424072278916767,2.641604167868591,0.037037037037037035,1056.888888888889,0.0,1000000.0,0.0,0.0,2.5255235884590634,48.74485596707819,0.20059611509085676,1.980829480600857,1.0,21.551440329218106,21.551440329218106,21.551440329218106,1.0,0.0806993908293389,0.0806993908293389,0.0806993908293389
2,1359,14,0.5176470875740051,0.6549019813537598,169.87358494207916,-3.203426503814917e-16,0.07843136787414551,2.976379163933402,0.7254902124404907,0.04323094048186274,0.5863385584281415,0.5882353186607361,0.40784314274787903,0.3176470696926117,0.03153369516216362,0.588796047537753,-0.3126344950233566,169.87358494207916,1.0,0.0028878804964887544,0.859727787990164,99.02924332634312,82.96987405076617,412.5,85.13819231129669,956.2783540618066,2.3182505553013493,490.0,0.0752891827679634,1.0,0.0,0.0,0.0,0.0,1.0,0.0,-3.203426503814917e-16,0.0,1.0,1.0,1.0,1.0,0.0,0.0,0.0,1.0,1.0,-3.203426503814917e-16,1,1.0,2.0,-3.203426503814917e-16,0.0,490.0,1.0,0.0,1.0,3.701323232462416,3.701323232462416,3.701323232462416,1.0,1.5707791408852305,128.3189138508268,0.42936574669895217,0.6076530612244897,0.9706451583142559,0.6709775472219075,0.6709775472219075,0.6709775472219075,1.0,1086.8148148148148,1086.8148148148148,1086.8148148148148,1.0,4.555555555555555,0.16872427983539096,0.4071613207529684,0.4071613207529684,0.4071613207529684,3.3484368187917193,0.05510204081632653,757.4595336076817,0.0,1000000.0,0.0,0.0,2.5147990137964547,95.95918367346938,0.1958350687213661,1.952169929196168,1.0,19.081632653061224,19.081632653061224,19.081632653061224,1.0,0.10012447649127677,0.10012447649127677,0.10012447649127677
2,1258,20,0.41960784792900085,0.5372549295425415,87.62831605737834,-3.203426503814917e-16,0.0627451241016388,2.417153618054219,0.5882353186607361,0.03592117836270692,0.4751005955330737,0.4745098054409027,0.3529411852359772,0.2352941334247589,0.027636042712119637,0.4770807224500381,0.19896479191328462,87.62831605737834,1.0,0.0018854398575689488,0.8769728896106933,85.95568645929217,71.84010022264724,321.5,75.3808067326762,779.0580079512723,2.4231975363958704,385.0,0.08158787551631645,1.0,0.0,0.0,0.0,0.0,1.0,0.0,-3.203426503814917e-16,0.0,1.0,1.0,1.0,1.0,0.0,0.0,0.0,1.0,1.0,-3.203426503814917e-16,1,1.0,2.0,-3.203426503814917e-16,0.0,385.0,1.0,0.0,1.0,3.4346219236475877,3.4346219236475877,3.4346219236475877,1.0,1.4793403799492784,112.00936516699166,0.4589386651995463,0.6324675324675324,0.9247705596921423,0.6962155623031995,0.6962155623031995,0.6962155623031995,1.0,1221.25,1221.25,1221.25,1.0,3.9,0.195,0.41562973154914473,0.41562973154914473,0.41562973154914473,3.021928094887358,0.05194805194805195,850.6875,0.0,1000000.0,0.0,0.0,2.3772042723483113,88.03896103896103,0.22867262607522348,1.6146129195479846,1.0,17.14025974025974,17.14025974025974,17.14025974025974,1.0,0.10324905763171069,0.10324905763171069,0.10324905763171069
1,1383,37,0.6078431606292725,0.772549033164978,183.35897859836638,-3.203426503814917e-16,0.07843136787414551,5.238313475019126,1.0,0.0543071023507057,0.7008555361895057,0.6980392336845398,0.5254902243614197,0.4745097756385803,0.034146247140242704,0.7049168752977784,0.900685113687375,183.35897859836638,1.0,0.005709318472104071,0.8261799377767766,72.00909625071523,55.758407437802596,320.0,59.492470659777815,678.2468247692289,2.1195213274038402,369.0,0.09349581073714913,1.0,0.0,0.0,0.0,0.0,1.0,0.0,-3.203426503814917e-16,0.0,1.0,1.0,1.0,1.0,0.0,0.0,0.0,1.0,1.0,-3.203426503814917e-16,1,1.0,2.0,-3.203426503814917e-16,0.0,369.0,1.0,0.0,1.0,4.734985188119776,4.734985188119776,4.734985188119776,1.0,1.6820345979513485,87.48659303964945,0.4154103046164539,0.5684281842818428,1.6060384535883403,0.6609508956370306,0.6609508956370306,0.6609508956370306,1.0,3284.25,3284.25,3284.25,1.0,2.1666666666666665,0.18055555555555555,0.3774050905875809,0.3774050905875809,0.3774050905875809,2.7516291673878204,0.032520325203252036,2338.6875,0.0,1000000.0,0.0,0.0,2.6311700190857943,68.6260162601626,0.18597836384867913,2.3453118000014688,1.0,22.170731707317074,22.170731707317074,22.170731707317074,1.0,0.08193125277813625,0.08193125277813625,0.08193125277813625
1,1380,11,0.0117647061124444,0.23529411852359772,1531.3075994243682,-3.203426503814917e-16,0.1647058855742216,6.039179468548514,0.9450980424880981,0.08698551249710604,0.10988004650572893,0.07450980693101883,0.0,0.9450980424880981,0.06650332283609826,0.15371523357001177,1.4455491159185363,1531.3075994243682,1.0,0.011554748411382121,0.9987691235973624,297.2373489519847,361.33225707096784,64792.0,296.87148651317716,1358.5168106668161,0.02096735415895197,64808.0,0.6642026563177984,1.0,0.0,0.0,0.0,0.0,1.0,0.0,-3.203426503814917e-16,0.0,1.0,1.0,1.0,1.0,0.0,0.0,0.0,1.0,1.0,-3.203426503814917e-16,1,1.0,2.0,-3.203426503814917e-16,0.0,64808.0,1.0,0.0,1.0,29189.656627131662,29189.656627131662,29189.656627131662,1.0,4.84599185562498,77.28779834805422,0.2087131585385384,0.007626373287248488,7918.522914692143,0.11703433826828125,0.11703433826828125,0.11703433826828125,1.0,466502404.4444444,466502404.4444444,466502404.4444444,1.0,4.555555555555555,0.5061728395061729,0.6913580247178224,0.6913580247178224,0.6913580247178224,1.224394445405985,0.0001388717442291075,414649603.65432096,0.0,1000000.0,0.0,0.0,0.16253891173417584,62280.994259967905,0.9610078116894196,0.19940073077672135,1.0,80.104925317862,80.104925317862,80.104925317862,1.0,0.012825701849693413,0.012825701849693413,0.012825701849693413
0,1281,23,0.47843137383461,0.7176470756530762,30.441262759526232,-3.203426503814917e-16,0.17254900932312012,1.5892941209711755,0.7686274647712708,0.08441683245293888,0.60580974817276,0.6392157077789307,0.45490196347236633,0.3137255012989044,0.0743775039679245,0.6130400139954839,-0.13570219704585215,30.441262759526232,1.0,0.008812607778440236,0.9145958855909992,20.646152584849638,21.2602916254693,70.5,18.882886207387454,156.65180361560942,2.2220113988029704,81.0,0.19000458935695436,1.0,0.0,0.0,0.0,0.0,1.0,0.0,-3.203426503814917e-16,0.0,1.0,1.0,1.0,1.0,0.0,0.0,0.0,1.0,1.0,-3.203426503814917e-16,1,1.0,2.0,-3.203426503814917e-16,0.0,81.0,1.0,0.0,1.0,3.435146280734516,3.435146280734516,3.435146280734516,1.0,1.4306601116284137,24.148459383753504,0.47039505188941433,0.6327160493827161,0.9282477530161057,0.7038438971267519,0.7038438971267519,0.7038438971267519,1.0,611.5714285714286,611.5714285714286,611.5714285714286,1.0,1.2857142857142858,0.1836734693877551,0.35197825678594913,0.35197825678594913,0.35197825678594913,2.5216406363433164,0.08641975308641975,477.6734693877551,0.0,1000000.0,0.0,0.0,2.4588970771284675,15.962962962962964,0.19707361682670324,1.9097698521566833,1.0,17.419753086419753,17.419753086419753,17.419753086419753,1.0,0.11478556031466086,0.11478556031466086,0.11478556031466086
1,1380,41,0.4898039221763611,0.7023529589176178,315.240667097098,-3.203426503814917e-16,0.09803920984268188,4.337324650815464,0.8235294222831726,0.06291958707827355,0.5964525782256976,0.6000000238418579,0.09019608050584793,0.7333333417773247,0.04267989255833427,0.6019514883813151,-0.2772320649199882,315.240667097098,1.0,0.006589916292398546,0.9242392837976846,158.08687968143838,131.24404748406687,752.5,146.11010445458334,1587.6723650885856,2.1098636080911435,870.0,0.061248759702927855,1.0,0.0,0.0,0.0,0.0,1.0,0.0,-3.203426503814917e-16,0.0,1.0,1.0,1.0,1.0,0.0,0.0,0.0,1.0,1.0,-3.203426503814917e-16,1,1.0,2.0,-3.203426503814917e-16,0.0,870.0,1.0,0.0,1.0,4.6422112584560695,4.6422112584560695,4.6422112584560695,1.0,1.682122313525272,201.89123129919102,0.40571590224531545,0.5706896551724138,1.5585353844759573,0.6510517938792273,0.6510517938792273,0.6510517938792273,1.0,2650.4,2650.4,2650.4,1.0,2.2666666666666666,0.07555555555555556,0.23477687571972342,0.23477687571972342,0.23477687571972342,4.164735178725498,0.034482758620689655,1809.4,0.0,1000000.0,0.0,0.0,2.6230684978553978,164.367816091954,0.1889285242436253,2.530764962346413,1.0,22.195402298850574,22.195402298850574,22.195402298850574,1.0,0.08118937335470587,0.08118937335470587,0.08118937335470587
2,1261,26,0.5713725745677948,0.7843137383460999,335.04143106345805,-3.203426503814917e-16,0.10196077823638916,9.89771403683251,0.8980392217636108,0.07650209009636848,0.6837125852341126,0.7098039388656616,0.0784313753247261,0.8196078464388847,0.04552301920251071,0.692821802655041,-2.1455521998251528,335.04143106345805,1.0,0.012539151026666945,0.8559886132184378,150.6730867163906,114.82595525402782,602.5,128.9744465477046,1278.6113985445184,2.1221765950946363,698.0,0.06805262561667584,1.0,0.0,0.0,0.0,0.0,1.0,0.0,-3.203426503814917e-16,0.0,1.0,1.0,1.0,1.0,0.0,0.0,0.0,1.0,1.0,-3.203426503814917e-16,1,1.0,2.0,-3.203426503814917e-16,0.0,698.0,1.0,0.0,1.0,4.67867010488115,4.67867010488115,4.67867010488115,1.0,1.6747049142907036,159.97166931229728,0.40021514314083817,0.5712750716332378,1.5952864530653919,0.6354398722558948,0.6354398722558948,0.6354398722558948,1.0,3087.230769230769,3087.230769230769,3087.230769230769,1.0,4.076923076923077,0.15680473372781065,0.3791938066363168,0.3791938066363168,0.3791938066363168,3.34335462140477,0.03724928366762178,2366.5147928994083,0.0,1000000.0,0.0,0.0,2.5831812473711904,133.27793696275072,0.19094260309849673,2.1505160056157173,1.0,21.773638968481375,21.773638968481375,21.773638968481375,1.0,0.08315516031839881,0.08315516031839881,0.08315516031839881
2,1260,14,0.43529412150382996,0.5921568870544434,123.77847807021492,-3.203426503814917e-16,0.09803923964500427,2.094766062658339,0.6392157077789307,0.05163895699134356,0.5141074774843274,0.5137255191802979,0.3333333432674408,0.30588236451148987,0.04147224835188872,0.5176087167946111,-0.19362085234432322,123.77847807021492,1.0,0.0036122852964657103,0.9264510469288244,93.80002452672575,78.60025445251433,392.5,86.90113092473447,897.4844148224656,2.28658449636297,462.0,0.0782524325600663,1.0,0.0,0.0,0.0,0.0,1.0,0.0,-3.203426503814917e-16,0.0,1.0,1.0,1.0,1.0,0.0,0.0,0.0,1.0,1.0,-3.203426503814917e-16,1,1.0,2.0,-3.203426503814917e-16,0.0,462.0,1.0,0.0,1.0,4.112650439722186,4.112650439722186,4.112650439722186,1.0,1.4805767363471707,136.15371287963058,0.47468502014517655,0.6201298701298701,1.507079742846664,0.7122778576490458,0.7122778576490458,0.7122778576490458,1.0,761.9333333333333,761.9333333333333,761.9333333333333,1.0,5.066666666666666,0.1688888888888889,0.4000403161690567,0.4000403161690567,0.4000403161690567,3.2799360853693886,0.06493506493506493,524.7733333333333,0.0,1000000.0,0.0,0.0,2.546192532279958,92.17748917748918,0.19951837484305016,2.414066453027492,1.0,18.727272727272727,18.727272727272727,18.727272727272727,1.0,0.10842798837909383,0.10842798837909383,0.10842798837909383
1,1270,37,0.32549020648002625,0.5372549295425415,159.1811539981432,-3.203426503814917e-16,0.1254901885986328,2.205165002768693,0.5921568870544434,0.06380836218981542,0.4191691393551489,0.4117647111415863,0.239215686917305,0.35294120013713837,0.048869591220839316,0.4262788361115314,0.12581373485294745,159.1811539981432,1.0,0.006010878728865582,0.8320364036299279,163.48937322401704,133.24038426843418,749.0,136.02911012902217,1691.655121145874,2.258551563612649,876.0,0.05735007801726245,1.0,0.0,0.0,0.0,0.0,1.0,0.0,-3.203426503814917e-16,0.0,1.0,1.0,1.0,1.0,0.0,0.0,0.0,1.0,1.0,-3.203426503814917e-16,1,1.0,2.0,-3.203426503814917e-16,0.0,876.0,1.0,0.0,1.0,3.8458016838931997,3.8458016838931997,3.8458016838931997,1.0,1.5683254434175298,231.62392663408968,0.4346408066977041,0.6075913242009132,1.1285801295400884,0.677056774413309,0.677056774413309,0.677056774413309,1.0,2023.8823529411766,2023.8823529411766,2023.8823529411766,1.0,5.117647058823529,0.15051903114186851,0.37817506911047777,0.37817506911047777,0.37817506911047777,3.6235087968145283,0.03881278538812785,1360.0622837370242,0.0,1000000.0,0.0,0.0,2.4480992133254422,188.5799086757991,0.21527386835136883,1.905261566689602,1.0,19.038812785388128,19.038812785388128,19.038812785388128,1.0,0.09151202372755292,0.09151202372755292,0.09151202372755292
1,1383,41,0.6192157089710236,0.8039215803146362,251.96813115585786,-3.203426503814917e-16,0.08627450466156006,2.799093434809904,0.8980392217636108,0.055329857883043586,0.7212173368160923,0.729411780834198,0.4941176474094391,0.40392157435417175,0.039167336404532634,0.7245230200447077,-0.3864767592201958,251.96813115585786,1.0,0.004779159650607092,0.9724068865387472,95.78472262221126,80.52949770115296,417.0,93.14172390304195,837.6265504461967,2.008696763659944,480.0,0.08642164420522772,1.0,0.0,0.0,0.0,0.0,1.0,0.0,-3.203426503814917e-16,0.0,1.0,1.0,1.0,1.0,0.0,0.0,0.0,1.0,1.0,-3.203426503814917e-16,1,1.0,2.0,-3.203426503814917e-16,0.0,480.0,1.0,0.0,1.0,5.65172328277167,5.65172328277167,5.65172328277167,1.0,1.718227051509405,101.52927432564529,0.38580688755641923,0.546875,2.290119202438671,0.6291892248272506,0.6291892248272506,0.6291892248272506,1.0,1798.0833333333333,1798.0833333333333,1798.0833333333333,1.0,3.5833333333333335,0.14930555555555555,0.37689126517944543,0.37689126517944543,0.37689126517944543,3.3868421881310065,0.05,1398.0833333333333,0.0,1000000.0,0.0,0.0,2.7174597701294756,83.02916666666667,0.17297743055555556,3.205208333333333,1.0,24.595833333333335,24.595833333333335,24.595833333333335,1.0,0.08602473433432015,0.08602473433432015,0.08602473433432015
1,1264,19,0.5333333611488342,0.6784313917160034,149.65912655660367,-3.203426503814917e-16,0.08627450466156006,2.4038023356217297,0.7529411911964417,0.04649933315465379,0.6114091201302987,0.615686297416687,0.48235294222831726,0.2705882489681244,0.03515828618542157,0.6139830045412499,-0.07736733864841971,149.65912655660367,1.0,0.00315401768699438,0.9458663740440748,69.97658621976456,59.80802621722272,348.0,66.18849987567127,704.2468247692289,2.02369777232537,397.0,0.0939008787262626,1.0,0.0,0.0,0.0,0.0,1.0,0.0,-3.203426503814917e-16,0.0,1.0,1.0,1.0,1.0,0.0,0.0,0.0,1.0,1.0,-3.203426503814917e-16,1,1.0,2.0,-3.203426503814917e-16,0.0,397.0,1.0,0.0,1.0,4.5672900290498974,4.5672900290498974,4.5672900290498974,1.0,1.7205473301581895,86.52863693324218,0.3872413949246796,0.5617128463476071,1.383585769876446,0.6283497213089504,0.6283497213089504,0.6283497213089504,1.0,2068.5625,2068.5625,2068.5625,1.0,3.75,0.234375,0.4490235246469576,0.4490235246469576,0.4490235246469576,2.646782221599795,0.04030226700251889,1452.90234375,0.0,1000000.0,0.0,0.0,2.63542101865877,73.38287153652394,0.1848435051297832,2.4061316295389226,1.0,22.71284634760705,22.71284634760705,22.71284634760705,1.0,0.08656148675535147,0.08656148675535147,0.08656148675535147
1,1383,31,0.6517647266387939,0.8109804034233096,162.39757731910314,-3.203426503814917e-16,0.05294117331504822,4.295912399275752,0.9372549057006836,0.04498255187446244,0.7244555315287959,0.7176470756530762,0.572549045085907,0.3647058606147766,0.02481279710986524,0.7273117189653346,0.687457015508442,162.39757731910314,1.0,0.004146519381639561,0.6428281639382328,73.19914979219168,56.60388679233962,261.0,47.05447506275426,598.063058585155,2.291429343238142,307.0,0.09575869263097804,1.0,0.0,0.0,0.0,0.0,1.0,0.0,-3.203426503814917e-16,0.0,1.0,1.0,1.0,1.0,0.0,0.0,0.0,1.0,1.0,-3.203426503814917e-16,1,1.0,2.0,-3.203426503814917e-16,0.0,307.0,1.0,0.0,1.0,3.766038949034223,3.766038949034223,3.766038949034223,1.0,1.5680751063255578,83.24229338598514,0.4438576527769818,0.6091205211726385,1.0517847400944114,0.6880684046480968,0.6880684046480968,0.6880684046480968,1.0,1906.0714285714287,1906.0714285714287,1906.0714285714287,1.0,3.5714285714285716,0.25510204081632654,0.4823724298119373,0.4823724298119373,0.4823724298119373,2.359879028736859,0.04560260586319218,1425.2091836734694,0.0,1000000.0,0.0,0.0,2.5004156267379183,61.95114006514658,0.2017952445118781,1.9024286729832678,1.0,18.93485342019544,18.93485342019544,18.93485342019544,1.0,0.09862194579243207,0.09862194579243207,0.09862194579243207
1,1264,37,0.5443137526512146,0.7141176640987396,94.00884879190443,-3.203426503814917e-16,0.11764705181121826,2.3590957377607453,0.8392156958580017,0.061333478772572635,0.6352429877156797,0.6470588445663452,0.47058823704719543,0.3686274588108063,0.047101909791195086,0.6393231774167062,-0.2045945211492939,94.00884879190443,1.0,0.005200471740250066,0.8109920927326761,53.593621480665796,45.65084884205331,189.0,43.46400324172806,474.13917703090306,2.5086728943434022,230.0,0.10278505971753232,1.0,0.0,0.0,0.0,0.0,1.0,0.0,-3.203426503814917e-16,0.0,1.0,1.0,1.0,1.0,0.0,0.0,0.0,1.0,1.0,-3.203426503814917e-16,1,1.0,2.0,-3.203426503814917e-16,0.0,230.0,1.0,0.0,1.0,3.2304141403322957,3.2304141403322957,3.2304141403322957,1.0,1.4599818471809196,65.8285606191329,0.4473081615366663,0.6358695652173914,0.7268791148832535,0.6786537516533703,0.6786537516533703,0.6786537516533703,1.0,1487.3333333333333,1487.3333333333333,1487.3333333333333,1.0,1.8888888888888888,0.20987654320987653,0.36577633849737645,0.36577633849737645,0.36577633849737645,2.419381945646369,0.0391304347826087,834.2469135802469,0.0,1000000.0,0.0,0.0,2.2871792082320734,52.6,0.22869565217391305,1.4272211720226844,1.0,16.73913043478261,16.73913043478261,16.73913043478261,1.0,0.09885805481612935,0.09885805481612935,0.09885805481612935
1,1383,45,0.25882354378700256,0.3913725554943087,73.89767461806991,-3.203426503814917e-16,0.054901957511901855,3.1431228486827183,0.45098039507865906,0.03615968319035963,0.3184885836583869,0.3176470696926117,0.14901961386203766,0.3019607812166214,0.024595251617406128,0.32193679878143044,0.35386240661573093,73.89767461806991,1.0,0.002208324488909891,0.7913885240011591,143.48758818123224,103.24727599312246,613.5,113.55443062323153,1241.9839815465537,2.0244237678020434,713.0,0.07069622447583827,1.0,0.0,0.0,0.0,0.0,1.0,0.0,-3.203426503814917e-16,0.0,1.0,1.0,1.0,1.0,0.0,0.0,0.0,1.0,1.0,-3.203426503814917e-16,1,1.0,2.0,-3.203426503814917e-16,0.0,713.0,1.0,0.0,1.0,5.827174431884048,5.827174431884048,5.827174431884048,1.0,1.734189342942191,156.0168710015182,0.4006148930592011,0.5445301542776999,2.4420255847147283,0.646756072665045,0.646756072665045,0.646756072665045,1.0,2360.837837837838,2360.837837837838,2360.837837837838,1.0,8.513513513513514,0.23009495982468955,0.477276325056471,0.477276325056471,0.477276325056471,3.1692677358652745,0.051893408134642355,1989.494521548576,0.0,1000000.0,0.0,0.0,2.7429022233011735,121.22440392706872,0.17002020186124644,3.5505115378789815,1.0,25.11500701262272,25.11500701262272,25.11500701262272,1.0,0.09269483151683612,0.09269483151683612,0.09269483151683612
1,1263,43,0.4470588266849518,0.5882353186607361,147.11562619057793,-3.203426503814917e-16,0.07058826088905334,3.300275433747061,0.686274528503418,0.04379470937514206,0.5123026979959399,0.5058823823928833,0.3960784375667572,0.29019609093666077,0.030375938740309524,0.5153170595120522,0.7239715157486835,147.11562619057793,1.0,0.0030976174502286933,0.9092374079020284,100.30643784931995,85.44003745317531,464.5,91.20236554600159,1092.0184694319778,2.3509547242884343,554.0,0.06996290073341745,1.0,0.0,0.0,0.0,0.0,1.0,0.0,-3.203426503814917e-16,0.0,1.0,1.0,1.0,1.0,0.0,0.0,0.0,1.0,1.0,-3.203426503814917e-16,1,1.0,2.0,-3.203426503814917e-16,0.0,554.0,1.0,0.0,1.0,3.9613279896399844,3.9613279896399844,3.9613279896399844,1.0,1.5516711175093123,150.66531554248002,0.4447685454086571,0.6083032490974729,1.2428011232291265,0.6810292426690225,0.6810292426690225,0.6810292426690225,1.0,4864.375,4864.375,4864.375,1.0,3.625,0.2265625,0.46539685499096023,0.46539685499096023,0.46539685499096023,2.7717822215997945,0.02888086642599278,3665.484375,0.0,1000000.0,0.0,0.0,2.46480073413571,115.31046931407943,0.20814164136115418,1.8377536524651696,1.0,18.924187725631768,18.924187725631768,18.924187725631768,1.0,0.09183857658586901,0.09183857658586901,0.09183857658586901
1,1380,33,0.43529412150382996,0.6807843327522278,182.20819318315904,-3.203426503814917e-16,0.1568627655506134,2.4126986592042297,0.7803921699523926,0.08045280768849031,0.5702392696787458,0.5843137502670288,0.2823529541492462,0.49803921580314636,0.062311028439066544,0.5782101347858745,-0.46578429405491495,182.20819318315904,1.0,0.0091541352853498,0.8446510837240137,103.05712389602657,84.59905436823747,480.0,87.04731138425879,936.7808793787478,1.951626832039058,545.0,0.0829062998742392,1.0,0.0,0.0,0.0,0.0,1.0,0.0,-3.203426503814917e-16,0.0,1.0,1.0,1.0,1.0,0.0,0.0,0.0,1.0,1.0,-3.203426503814917e-16,1,1.0,2.0,-3.203426503814917e-16,0.0,545.0,1.0,0.0,1.0,5.068640875347215,5.068640875347215,5.068640875347215,1.0,1.7742745583833284,109.27199159627051,0.37077660899139087,0.539908256880734,1.6279322990925076,0.6145172641182974,0.6145172641182974,0.6145172641182974,1.0,4512.4375,4512.4375,4512.4375,1.0,3.625,0.2265625,0.43922730594691245,0.43922730594691245,0.43922730594691245,2.7717822215997945,0.029357798165137616,3352.18359375,0.0,1000000.0,0.0,0.0,2.7000111116259533,98.8348623853211,0.18134837134921303,2.8815554246275568,1.0,24.790825688073394,24.790825688073394,24.790825688073394,1.0,0.07753862907718302,0.07753862907718302,0.07753862907718302
1,1270,25,0.6117647290229797,0.8392156958580017,330.0654503820724,-3.203426503814917e-16,0.13333332538604736,2.9203235180368843,0.9411764740943909,0.07594746583007814,0.7206588396072388,0.7137255072593689,0.42352941632270813,0.5176470577716827,0.055255768030323636,0.7267081399099062,-0.09006863471115734,330.0654503820724,1.0,0.008755557507264,0.9170227035927949,123.09274593356277,98.41239759298622,549.0,112.87884266865674,1150.2022356160435,2.0950860393734856,625.0,0.0722132509532807,1.0,0.0,0.0,0.0,0.0,1.0,0.0,-3.203426503814917e-16,0.0,1.0,1.0,1.0,1.0,0.0,0.0,0.0,1.0,1.0,-3.203426503814917e-16,1,1.0,2.0,-3.203426503814917e-16,0.0,625.0,1.0,0.0,1.0,4.384341249152067,4.384341249152067,4.384341249152067,1.0,1.6365522843739813,152.6278408236189,0.4175093556140156,0.5848,1.4571146006422788,0.6599100137632717,0.6599100137632717,0.6599100137632717,1.0,2561.8695652173915,2561.8695652173915,2561.8695652173915,1.0,3.347826086956522,0.14555765595463138,0.35422419731716975,0.35422419731716975,0.35422419731716975,3.2556811100252623,0.0368,1823.4480151228736,0.0,1000000.0,0.0,0.0,2.48393333682891,126.5808,0.20252928,1.85657344,1.0,20.5328,20.5328,20.5328,1.0,0.08384218820861679,0.08384218820861679,0.08384218820861679
1,1380,31,0.3450980484485626,0.4274509847164154,71.1496834883109,-3.203426503814917e-16,0.04313725233078003,5.962840904314349,0.5490196347236633,0.02787381227878385,0.38595531950163287,0.3843137323856354,0.22745098173618317,0.32156865298748016,0.018573450196551836,0.3878429628381408,0.43194118600127696,71.1496834883109,1.0,0.0014606551714599382,0.8858769022757847,88.93547791574962,71.84010022264724,409.0,78.78588567842074,839.8275605729732,2.053368118760326,473.0,0.0853643353535707,1.0,0.0,0.0,0.0,0.0,1.0,0.0,-3.203426503814917e-16,0.0,1.0,1.0,1.0,1.0,0.0,0.0,0.0,1.0,1.0,-3.203426503814917e-16,1,1.0,2.0,-3.203426503814917e-16,0.0,473.0,1.0,0.0,1.0,5.265023494432194,5.265023494432194,5.265023494432194,1.0,1.7290956822916115,103.42053575246321,0.3957614130142719,0.5507399577167019,1.9455562538538418,0.6401111187766575,0.6401111187766575,0.6401111187766575,1.0,4538.928571428572,4538.928571428572,4538.928571428572,1.0,2.7142857142857144,0.19387755102040816,0.3961934469327016,0.3961934469327016,0.3961934469327016,2.692380602454972,0.02959830866807611,3397.4540816326535,0.0,1000000.0,0.0,0.0,2.692049640447227,83.5200845665962,0.17657523164185243,2.998019925892486,1.0,24.103594080338265,24.103594080338265,24.103594080338265,1.0,0.08080987790151688,0.08080987790151688,0.08080987790151688
1,1264,31,0.40392157435417175,0.6078431606292725,58.32135717589604,-3.203426503814917e-16,0.08627453446388245,3.5609973032397515,0.7176470756530762,0.06259884883370063,0.5156679658271442,0.5215686559677124,0.24313725531101227,0.4745098203420639,0.04079789719496501,0.5220437782690459,-0.3128260440343431,58.32135717589604,1.0,0.006616255449116011,0.8685277760081245,48.054055267110144,44.553338819890925,183.5,41.73628174931467,402.60007178750146,2.1940058408038228,214.0,0.11927491570797086,1.0,0.0,0.0,0.0,0.0,1.0,0.0,-3.203426503814917e-16,0.0,1.0,1.0,1.0,1.0,0.0,0.0,0.0,1.0,1.0,-3.203426503814917e-16,1,1.0,2.0,-3.203426503814917e-16,0.0,214.0,1.0,0.0,1.0,3.833984525655266,3.833984525655266,3.833984525655266,1.0,1.561700936938161,52.624153016094326,0.4114822413994758,0.5969626168224299,1.0148337990245027,0.6383172839311251,0.6383172839311251,0.6383172839311251,1.0,2096.0,2096.0,2096.0,1.0,1.2857142857142858,0.1836734693877551,0.3004705958512048,0.3004705958512048,0.3004705958512048,2.5216406363433164,0.03271028037383177,1161.3877551020407,0.0,1000000.0,0.0,0.0,2.4750624617067865,42.7196261682243,0.19962442134684252,1.8936151628963227,1.0,19.738317757009344,19.738317757009344,19.738317757009344,1.0,0.08820592800983323,0.08820592800983323,0.08820592800983323
1,1270,31,0.3615686357021332,0.5913725733757019,115.7430742316429,-3.203426503814917e-16,0.1254902184009552,2.800156023774902,0.6980392336845398,0.07406213864037403,0.46165786791827895,0.4470588266849518,0.24313725531101227,0.4549019783735275,0.05214239649169938,0.4704317902486649,0.41862890882065473,115.7430742316429,1.0,0.008178082265712743,0.8697844614685728,113.70593423484371,90.70832376358854,424.5,98.89965477423449,1089.4743135546917,2.566488371153573,523.0,0.06703888522946023,1.0,0.0,0.0,0.0,0.0,1.0,0.0,-3.203426503814917e-16,0.0,1.0,1.0,1.0,1.0,0.0,0.0,0.0,1.0,1.0,-3.203426503814917e-16,1,1.0,2.0,-3.203426503814917e-16,0.0,523.0,1.0,0.0,1.0,3.293592511872012,3.293592511872012,3.293592511872012,1.0,1.4435466905791046,159.45520992318257,0.472502299693464,0.6434034416826004,0.8588826463145147,0.7076170142718518,0.7076170142718518,0.7076170142718518,1.0,915.8888888888889,915.8888888888889,915.8888888888889,1.0,4.037037037037037,0.149519890260631,0.37005404582801976,0.37005404582801976,0.37005404582801976,3.3739907423433055,0.05162523900573614,540.6776406035665,0.0,1000000.0,0.0,0.0,2.3157564146828418,119.1491395793499,0.22781862252265755,1.4792800763355989,1.0,16.323135755258125,16.323135755258125,16.323135755258125,1.0,0.10538501602042984,0.10538501602042984,0.10538501602042984
1,1383,45,0.2549019753932953,0.40392157435417175,66.2317450506795,-3.203426503814917e-16,0.06470587849617004,3.2621070897987323,0.45490196347236633,0.041922617243740586,0.32912836603256834,0.3333333432674408,0.14901961386203766,0.3058823496103287,0.02807214531783556,0.3336373139024363,-0.3863045658785257,66.2317450506795,1.0,0.0029883759007644736,0.7588083051082429,143.3325512904198,101.21264743103995,514.0,108.76193031152374,1049.4915574974,2.0418123686719842,595.0,0.07657862113025429,1.0,0.0,0.0,0.0,0.0,1.0,0.0,-3.203426503814917e-16,0.0,1.0,1.0,1.0,1.0,0.0,0.0,0.0,1.0,1.0,-3.203426503814917e-16,1,1.0,2.0,-3.203426503814917e-16,0.0,595.0,1.0,0.0,1.0,5.837788351998861,5.837788351998861,5.837788351998861,1.0,1.657214200068172,138.6787069158939,0.4172194815219391,0.5579831932773109,2.5986481113187683,0.6621686383353689,0.6621686383353689,0.6621686383353689,1.0,1310.9310344827586,1310.9310344827586,1310.9310344827586,1.0,4.172413793103448,0.14387633769322236,0.3616954809823966,0.3616954809823966,0.3616954809823966,3.643523031373303,0.04873949579831933,889.9738406658739,0.0,1000000.0,0.0,0.0,2.724712137459811,102.84201680672268,0.17284372572558435,3.347853965115458,1.0,23.92436974789916,23.92436974789916,23.92436974789916,1.0,0.08954847044637962,0.08954847044637962,0.08954847044637962
2,1360,16,0.30588236451148987,0.38823530077934265,34.55102060717468,-3.203426503814917e-16,0.04117646813392639,5.004460700969035,0.501960813999176,0.02831604584221162,0.34723204690239035,0.3450980484485626,0.2666666805744171,0.2352941334247589,0.017777867243725837,0.34941152247670154,1.0890412359705381,34.55102060717468,1.0,0.0015183176434627119,0.8284992445152471,73.7566415939678,61.84658438426491,241.0,61.10732183858417,550.2224381515887,2.2830806562306583,283.0,0.10001730687302615,1.0,0.0,0.0,0.0,0.0,1.0,0.0,-3.203426503814917e-16,0.0,1.0,1.0,1.0,1.0,0.0,0.0,0.0,1.0,1.0,-3.203426503814917e-16,1,1.0,2.0,-3.203426503814917e-16,0.0,283.0,1.0,0.0,1.0,3.616427980545942,3.616427980545942,3.616427980545942,1.0,1.5345490579751355,76.83253643919053,0.44060196562198206,0.6157243816254417,0.9709278188347463,0.681034590518794,0.681034590518794,0.681034590518794,1.0,1331.4375,1331.4375,1331.4375,1.0,2.625,0.1640625,0.31871644177834674,0.31871644177834674,0.31871644177834674,2.874999999999997,0.05653710247349823,1018.58984375,0.0,1000000.0,0.0,0.0,2.4292064101517394,58.06713780918728,0.2051842325412978,1.7648116470426651,1.0,18.363957597173144,18.363957597173144,18.363957597173144,1.0,0.09783695103483088,0.09783695103483088,0.09783695103483088
0,1285,29,0.4431372582912445,0.5215686559677124,82.86416460898337,-3.203426503814917e-16,0.037254929542541504,5.2832547957322955,0.5686274766921997,0.026502621418991644,0.4873594526598708,0.4901960790157318,0.3450980484485626,0.22352942824363708,0.017087846098809825,0.4886733337468148,-1.22288903613491,82.86416460898337,1.0,0.0012823910182970307,0.5211691566288735,82.49844147146379,73.10950690573696,291.5,42.99564316487927,685.518902707871,2.351694348912079,347.0,0.08828862981694967,1.0,0.0,0.0,0.0,0.0,1.0,0.0,-3.203426503814917e-16,0.0,1.0,1.0,1.0,1.0,0.0,0.0,0.0,1.0,1.0,-3.203426503814917e-16,1,1.0,2.0,-3.203426503814917e-16,0.0,347.0,1.0,0.0,1.0,3.6260388649911985,3.6260388649911985,3.6260388649911985,1.0,1.5284500776250411,97.32380404463323,0.45060771639521746,0.6195965417867435,0.9985711588956597,0.6890448624882403,0.6890448624882403,0.6890448624882403,1.0,1141.1176470588234,1141.1176470588234,1141.1176470588234,1.0,1.7058823529411764,0.10034602076124567,0.2253198285207509,0.2253198285207509,0.2253198285207509,3.454822399946602,0.04899135446685879,724.477508650519,0.0,1000000.0,0.0,0.0,2.4816608119909476,70.21037463976946,0.20233537360164108,1.9376126369291333,1.0,18.285302593659942,18.285302593659942,18.285302593659942,1.0,0.09518668319606635,0.09518668319606635,0.09518668319606635
1,1263,35,0.5843137502670288,0.7435294270515442,114.9960242206013,-3.203426503814917e-16,0.08235293626785278,4.619128219755134,0.929411768913269,0.05106747194087549,0.6456654667854309,0.6235294342041016,0.5215686559677124,0.40784311294555664,0.03326133658054241,0.6490230026362089,1.3026462844028839,114.9960242206013,1.0,0.004346962951672141,0.7731623812360776,53.13628194868929,45.65084884205331,230.0,41.08297428148021,554.5239533417536,2.4109737101815374,273.0,0.09695016203177632,1.0,0.0,0.0,0.0,0.0,1.0,0.0,-3.203426503814917e-16,0.0,1.0,1.0,1.0,1.0,0.0,0.0,0.0,1.0,1.0,-3.203426503814917e-16,1,1.0,2.0,-3.203426503814917e-16,0.0,273.0,1.0,0.0,1.0,3.5544553728864523,3.5544553728864523,3.5544553728864523,1.0,1.4801633411122077,79.20768740266399,0.4593937614248958,0.6291208791208791,1.011487084765256,0.6959541686048909,0.6959541686048909,0.6959541686048909,1.0,3508.3,3508.3,3508.3,1.0,2.6,0.26,0.47223589086974904,0.47223589086974904,0.47223589086974904,2.1219280948873607,0.03663003663003663,2763.01,0.0,1000000.0,0.0,0.0,2.3259122001908343,61.0,0.22344322344322345,1.5117336875578635,1.0,17.249084249084248,17.249084249084248,17.249084249084248,1.0,0.09754518535130781,0.09754518535130781,0.09754518535130781
2,1261,18,0.1411764770746231,0.1725490242242813,11.158063062837119,-3.203426503814917e-16,0.0156862735748291,3.1557114641183315,0.18431372940540314,0.00878283599205884,0.15671525801639113,0.1568627506494522,0.12156862765550613,0.062745101749897,0.0069742008635397075,0.15711772728599324,-0.24420270856430387,11.158063062837119,1.0,0.00012630813237170257,0.8805402940075491,85.05540308528795,70.26378868236469,389.5,74.89470963965005,830.999133448227,2.133502268159761,452.0,0.08418953137447559,1.0,0.0,0.0,0.0,0.0,1.0,0.0,-3.203426503814917e-16,0.0,1.0,1.0,1.0,1.0,0.0,0.0,0.0,1.0,1.0,-3.203426503814917e-16,1,1.0,2.0,-3.203426503814917e-16,0.0,452.0,1.0,0.0,1.0,4.53637550840546,4.53637550840546,4.53637550840546,1.0,1.646504613057071,109.07674861406298,0.41675561253271803,0.5785398230088495,1.5405644538693612,0.6607052854849385,0.6607052854849385,0.6607052854849385,1.0,1560.0,1560.0,1560.0,1.0,3.3157894736842106,0.1745152354570637,0.37322886619007556,0.37322886619007556,0.37322886619007556,3.1083757000539385,0.0420353982300885,994.060941828255,0.0,1000000.0,0.0,0.0,2.5944062947103377,88.17256637168141,0.1950720494948704,2.4503485002741012,1.0,21.561946902654867,21.561946902654867,21.561946902654867,1.0,0.08727204313796971,0.08727204313796971,0.08727204313796971
1,1380,29,0.5568627715110779,0.7647058963775635,98.84615698824484,-3.203426503814917e-16,0.10196077823638916,2.7320855665394674,0.8588235378265381,0.06145358953202745,0.6705159676789139,0.6745098233222961,0.45098039507865906,0.40784314274787903,0.04574437001305026,0.6749164720063218,-0.2571761939489709,98.84615698824484,1.0,0.0059205812730698075,0.7477269663070849,59.392614401051155,48.82622246293481,182.0,44.40945938714446,428.399061660725,2.3538409981358517,217.0,0.11163287637844291,1.0,0.0,0.0,0.0,0.0,1.0,0.0,-3.203426503814917e-16,0.0,1.0,1.0,1.0,1.0,0.0,0.0,0.0,1.0,1.0,-3.203426503814917e-16,1,1.0,2.0,-3.203426503814917e-16,0.0,217.0,1.0,0.0,1.0,3.5473661385321837,3.5473661385321837,3.5473661385321837,1.0,1.4930992713737354,61.235791901758404,0.45237554785013134,0.6232718894009216,0.9683277292987462,0.6915144481706406,0.6915144481706406,0.6915144481706406,1.0,1251.1818181818182,1251.1818181818182,1251.1818181818182,1.0,1.3636363636363635,0.12396694214876033,0.1553120571246782,0.1553120571246782,0.1553120571246782,3.095795255000931,0.05069124423963134,862.0165289256199,0.0,1000000.0,0.0,0.0,2.4415484923385007,45.59907834101382,0.21013400157149228,1.87538490942683,1.0,17.986175115207374,17.986175115207374,17.986175115207374,1.0,0.09255292746899066,0.09255292746899066,0.09255292746899066
2,1261,26,0.27450981736183167,0.33725491166114807,50.47549771894411,-3.203426503814917e-16,0.0313725471496582,3.045345666045785,0.37254902720451355,0.01813934541571423,0.3074554228793879,0.30980393290519714,0.22745098173618317,0.14509804546833038,0.01398916612130981,0.3083138571309326,-0.29403417317062785,50.47549771894411,1.0,0.0005285974410098979,0.8182817446699622,95.46420582719362,82.96987405076617,462.0,78.11661689780837,908.1534623807781,1.9657001350233294,531.0,0.08390091105670981,1.0,0.0,0.0,0.0,0.0,1.0,0.0,-3.203426503814917e-16,0.0,1.0,1.0,1.0,1.0,0.0,0.0,0.0,1.0,1.0,-3.203426503814917e-16,1,1.0,2.0,-3.203426503814917e-16,0.0,531.0,1.0,0.0,1.0,6.368673881389969,6.368673881389969,6.368673881389969,1.0,1.7697763881436694,108.20447491108922,0.38168802215080355,0.5329566854990584,2.8139580524492884,0.6239091649076539,0.6239091649076539,0.6239091649076539,1.0,3349.7727272727275,3349.7727272727275,3349.7727272727275,1.0,8.181818181818182,0.371900826446281,0.592864623291046,0.592864623291046,0.592864623291046,2.1818990579175583,0.04143126177024482,2767.208677685951,0.0,1000000.0,0.0,0.0,2.690773672207164,95.12806026365348,0.17914888938541146,3.015232603090498,1.0,25.448210922787194,25.448210922787194,25.448210922787194,1.0,0.08646564191694674,0.08646564191694674,0.08646564191694674
1,1264,17,0.30588236451148987,0.4070588290691376,35.64186252316437,-3.203426503814917e-16,0.06666666269302368,1.939941206293701,0.43921568989753723,0.0340493729428032,0.3526917568575788,0.3450980484485626,0.27450981736183167,0.16470587253570557,0.02699533330546632,0.3548844560045636,0.1317285185596738,35.64186252316437,1.0,0.0015515017583695237,0.7354558427475464,71.58871093472894,57.97413216254298,241.0,52.65033573171156,554.5239533417533,2.3009292669782297,283.0,0.09924145947779464,1.0,0.0,0.0,0.0,0.0,1.0,0.0,-3.203426503814917e-16,0.0,1.0,1.0,1.0,1.0,0.0,0.0,0.0,1.0,1.0,-3.203426503814917e-16,1,1.0,2.0,-3.203426503814917e-16,0.0,283.0,1.0,0.0,1.0,3.857613999115756,3.857613999115756,3.857613999115756,1.0,1.5100424306698481,78.62810516823446,0.4480835861487908,0.6192579505300353,1.2391484657135465,0.6875650462991078,0.6875650462991078,0.6875650462991078,1.0,974.5384615384615,974.5384615384615,974.5384615384615,1.0,1.6153846153846154,0.1242603550295858,0.21285342681455494,0.21285342681455494,0.21285342681455494,3.1808329872054375,0.045936395759717315,500.63905325443795,0.0,1000000.0,0.0,0.0,2.3773867095661156,61.24734982332156,0.2164217308244578,1.6904693528449601,1.0,18.060070671378092,18.060070671378092,18.060070671378092,1.0,0.0901474523849587,0.0901474523849587,0.0901474523849587
1,1380,33,0.45490196347236633,0.6196078658103943,93.4400838012277,-3.203426503814917e-16,0.09215688705444336,2.8619120407384653,0.658823549747467,0.052144517344111734,0.5408652544967711,0.545098066329956,0.3450980484485626,0.3137255012989044,0.03882821801158217,0.5446422556784997,-0.48549876814146986,93.4400838012277,1.0,0.004099963148707069,0.7964371997731216,68.67294453345224,63.13477647065839,275.0,54.6936876443976,573.8376618407382,2.086682406693593,315.0,0.10244298645050687,1.0,0.0,0.0,0.0,0.0,1.0,0.0,-3.203426503814917e-16,0.0,1.0,1.0,1.0,1.0,0.0,0.0,0.0,1.0,1.0,-3.203426503814917e-16,1,1.0,2.0,-3.203426503814917e-16,0.0,315.0,1.0,0.0,1.0,4.495635053447629,4.495635053447629,4.495635053447629,1.0,1.6503994826255877,77.2482582562071,0.4228373613598885,0.5785714285714285,1.49900474073533,0.667584035130851,0.667584035130851,0.667584035130851,1.0,2429.9333333333334,2429.9333333333334,2429.9333333333334,1.0,3.8,0.25333333333333335,0.4897825539260742,0.4897825539260742,0.4897825539260742,2.596791631981634,0.047619047619047616,1988.9333333333334,0.0,1000000.0,0.0,0.0,2.663512397367549,58.58095238095238,0.18597127739984884,2.5699773242630384,1.0,21.67936507936508,21.67936507936508,21.67936507936508,1.0,0.09381141895323679,0.09381141895323679,0.09381141895323679
1,1270,17,0.5568627715110779,0.7882353067398071,205.37603556154158,-3.203426503814917e-16,0.1254901885986328,2.448751745275225,0.886274516582489,0.0723423083462019,0.6706319238932468,0.6784313917160034,0.43529412150382996,0.45098039507865906,0.05348331335287175,0.6763191935652315,-0.19090434311784807,205.37603556154158,1.0,0.007660474239967674,0.9786502440591232,100.6425081738255,81.39410298049853,386.0,98.49381518703663,815.9280656363615,2.1138032788506775,449.0,0.08535848777434307,1.0,0.0,0.0,0.0,0.0,1.0,0.0,-3.203426503814917e-16,0.0,1.0,1.0,1.0,1.0,0.0,0.0,0.0,1.0,1.0,-3.203426503814917e-16,1,1.0,2.0,-3.203426503814917e-16,0.0,449.0,1.0,0.0,1.0,4.502377201186667,4.502377201186667,4.502377201186667,1.0,1.6401573692008986,109.02069570280335,0.41669591060542366,0.581291759465479,1.511381929764028,0.660254051396559,0.660254051396559,0.660254051396559,1.0,622.8518518518518,622.8518518518518,622.8518518518518,1.0,2.7037037037037037,0.10013717421124829,0.23680609276424197,0.23680609276424197,0.23680609276424197,3.6726919114644403,0.060133630289532294,346.3072702331961,0.0,1000000.0,0.0,0.0,2.6699089257192097,80.94654788418708,0.18028184384006032,2.779738195743076,1.0,21.699331848552337,21.699331848552337,21.699331848552337,1.0,0.0908444874279003,0.0908444874279003,0.0908444874279003
1,1264,33,0.32549020648002625,0.4470588266849518,55.7839465044513,-3.203426503814917e-16,0.054901957511901855,5.1307342106369696,0.529411792755127,0.0416323997431725,0.3908936190171068,0.4000000059604645,0.18039216101169586,0.3490196317434311,0.02428352072611665,0.3952942615745353,-1.0536698809020877,55.7839465044513,1.0,0.0034597318454660884,0.904123508156605,63.460574084660735,56.08029957123981,307.0,57.37619687105559,640.5483399593936,2.0864766773921617,357.0,0.0969666093317048,1.0,0.0,0.0,0.0,0.0,1.0,0.0,-3.203426503814917e-16,0.0,1.0,1.0,1.0,1.0,0.0,0.0,0.0,1.0,1.0,-3.203426503814917e-16,1,1.0,2.0,-3.203426503814917e-16,0.0,357.0,1.0,0.0,1.0,5.36440371472967,5.36440371472967,5.36440371472967,1.0,1.6934953301826385,79.91881593520466,0.4027622035400057,0.5532212885154062,2.056370729531311,0.6432023323088312,0.6432023323088312,0.6432023323088312,1.0,9208.42857142857,9208.42857142857,9208.42857142857,1.0,1.5714285714285714,0.22448979591836735,0.36112345236579524,0.36112345236579524,0.36112345236579524,2.2359263506290312,0.0196078431372549,6607.428571428571,0.0,1000000.0,0.0,0.0,2.567237719783765,69.06162464985995,0.19344992899120433,2.703873706345283,1.0,23.627450980392158,23.627450980392158,23.627450980392158,1.0,0.07563484917776633,0.07563484917776633,0.07563484917776633
2,1361,20,0.43529412150382996,0.5921568870544434,169.1232100685637,-3.203426503814917e-16,0.07058826088905334,6.198950886285749,0.6549019813537598,0.04878889970088133,0.5085109790459762,0.5058823823928833,0.12941177189350128,0.5254902094602585,0.032032380052924865,0.5128568022753213,-0.9060579953640838,169.1232100685637,1.0,0.004438683829770768,0.8643508239959876,123.18593366120358,101.21264743103995,555.5,106.4758632647764,1197.9423509862165,2.156511882963486,643.0,0.06974467338433346,1.0,0.0,0.0,0.0,0.0,1.0,0.0,-3.203426503814917e-16,0.0,1.0,1.0,1.0,1.0,0.0,0.0,0.0,1.0,1.0,-3.203426503814917e-16,1,1.0,2.0,-3.203426503814917e-16,0.0,643.0,1.0,0.0,1.0,4.266123397395169,4.266123397395169,4.266123397395169,1.0,1.6468683872658019,154.71795040664338,0.4108281981077076,0.5839813374805598,1.3158541752639392,0.6515582049958046,0.6515582049958046,0.6515582049958046,1.0,2663.9565217391305,2663.9565217391305,2663.9565217391305,1.0,2.739130434782609,0.11909262759924386,0.30738682648153764,0.30738682648153764,0.30738682648153764,3.46857662968786,0.03576982892690513,1882.3894139886577,0.0,1000000.0,0.0,0.0,2.520020176393,128.72006220839813,0.2001867219415212,2.036952562468406,1.0,20.76982892690513,20.76982892690513,20.76982892690513,1.0,0.08491943099456244,0.08491943099456244,0.08491943099456244
2,1359,14,0.6737255096435547,0.772549033164978,134.61536949500913,-3.203426503814917e-16,0.04509803652763367,3.8248987649450807,0.8470588326454163,0.031708693275443706,0.719691136398831,0.7137255072593689,0.5803921818733215,0.2666666507720947,0.01990660050740609,0.7209372104217479,0.2885638705097989,134.61536949500913,1.0,0.0017951295596509561,0.9216137932515741,63.14779597938429,55.17245689653489,221.0,58.19787978803686,511.89653634378374,2.316273920107619,259.0,0.10294822851200096,1.0,0.0,0.0,0.0,0.0,1.0,0.0,-3.203426503814917e-16,0.0,1.0,1.0,1.0,1.0,0.0,0.0,0.0,1.0,1.0,-3.203426503814917e-16,1,1.0,2.0,-3.203426503814917e-16,0.0,259.0,1.0,0.0,1.0,3.61789133616361,3.61789133616361,3.61789133616361,1.0,1.4824965871601195,74.75888967360123,0.4606408957015995,0.6264478764478765,1.0682273271661853,0.6967449418513816,0.6967449418513816,0.6967449418513816,1.0,1785.9166666666667,1785.9166666666667,1785.9166666666667,1.0,2.6666666666666665,0.2222222222222222,0.4518553275558159,0.4518553275558159,0.4518553275558159,2.6174924611847525,0.04633204633204633,1320.0763888888891,0.0,1000000.0,0.0,0.0,2.3751110690055923,56.884169884169886,0.21962999955277948,1.609904443881278,1.0,17.517374517374517,17.517374517374517,17.517374517374517,1.0,0.10033764084784494,0.10033764084784494,0.10033764084784494
1,1270,15,0.6745098233222961,0.772549033164978,287.9388977622483,-3.203426503814917e-16,0.054901957511901855,9.051896074232973,0.8666666746139526,0.03360202876358218,0.7253678881247109,0.7254902124404907,0.4313725531101227,0.43529412150382996,0.02234883238128523,0.7268619213955065,-1.2182365928626049,287.9388977622483,1.0,0.0021696796522644108,0.9332443969905087,107.50789724106998,90.0,457.0,100.33114273245992,1030.4621202458793,2.254840525702143,545.0,0.07354124879350335,1.0,0.0,0.0,0.0,0.0,1.0,0.0,-3.203426503814917e-16,0.0,1.0,1.0,1.0,1.0,0.0,0.0,0.0,1.0,1.0,-3.203426503814917e-16,1,1.0,2.0,-3.203426503814917e-16,0.0,545.0,1.0,0.0,1.0,4.47728310997821,4.47728310997821,4.47728310997821,1.0,1.620169865974577,132.64958618699603,0.41547829862996377,0.5821100917431193,1.4976155955946475,0.6548202794669534,0.6548202794669534,0.6548202794669534,1.0,1823.72,1823.72,1823.72,1.0,4.76,0.1904,0.4288475914136086,0.4288475914136086,0.4288475914136086,3.155084951819776,0.045871559633027525,1348.48,0.0,1000000.0,0.0,0.0,2.6270800487649932,100.82385321100918,0.18499789580001683,2.449241646326067,1.0,21.31192660550459,21.31192660550459,21.31192660550459,1.0,0.09282844539446766,0.09282844539446766,0.09282844539446766
2,1361,14,0.5576470851898193,0.7215686440467834,121.10668984716935,-3.203426503814917e-16,0.06666666269302368,3.900418019784331,0.8156862854957581,0.04776631046029401,0.6397644592633427,0.6431372761726379,0.38823530077934265,0.4274509847164154,0.030733132973695412,0.6429101122611752,-0.06496858380722764,121.10668984716935,1.0,0.004034849111159779,0.7489510340676329,69.24929291876191,53.81449618829484,239.5,51.86432953995913,600.9919907732894,2.509361130577409,293.0,0.09128281122926626,1.0,0.0,0.0,0.0,0.0,1.0,0.0,-3.203426503814917e-16,0.0,1.0,1.0,1.0,1.0,0.0,0.0,0.0,1.0,1.0,-3.203426503814917e-16,1,1.0,2.0,-3.203426503814917e-16,0.0,293.0,1.0,0.0,1.0,3.424432080524517,3.424432080524517,3.424432080524517,1.0,1.4714666548949424,85.0036429956598,0.4565476441335615,0.6322525597269625,0.8962738510917845,0.6916061585862225,0.6916061585862225,0.6916061585862225,1.0,844.2,844.2,844.2,1.0,1.8,0.12,0.28834427363953335,0.28834427363953335,0.28834427363953335,3.373557262275182,0.051194539249146756,462.6488888888889,0.0,1000000.0,0.0,0.0,2.4044064913432663,63.9419795221843,0.2182320120211068,1.692879357942434,1.0,17.2320819112628,17.2320819112628,17.2320819112628,1.0,0.10002874130311964,0.10002874130311964,0.10002874130311964
2,1359,11,0.007843137718737125,0.27450981736183167,1553.9632858324849,-3.203426503814917e-16,0.20392156951129436,2.2126230775398925,0.6941176652908325,0.09531684918296604,0.1103112845161446,0.07058823853731155,0.0,0.6941176652908325,0.07939115685775677,0.154614541221166,0.7100357977128586,1553.9632858324849,1.0,0.011737076865429843,0.9996279358749969,296.7984613952068,361.33225707096784,64989.0,296.6880333353655,1300.776695296638,0.020015336369179987,65004.0,0.6947396919141791,1.0,0.0,0.0,0.0,0.0,1.0,0.0,-3.203426503814917e-16,0.0,1.0,1.0,1.0,1.0,0.0,0.0,0.0,1.0,1.0,-3.203426503814917e-16,1,1.0,2.0,-3.203426503814917e-16,0.0,65004.0,1.0,0.0,1.0,31008.633609635417,31008.633609635417,31008.633609635417,1.0,4.730621230766648,82.50633134960141,0.2364889867119752,0.007288013045351055,7308.669603064431,0.10088069019206453,0.10088069019206453,0.10088069019206453,1.0,844974001.6,844974001.6,844974001.6,1.0,2.2,0.44,0.6500000000473387,0.6500000000473387,0.6500000000473387,1.3709505944546678,7.691834348655467e-05,675953200.96,0.0,1000000.0,0.0,0.0,0.15444509766409495,62570.76370684881,0.9625678990038892,0.1878504006594203,1.0,80.14177589071441,80.14177589071441,80.14177589071441,1.0,0.012763019555115773,0.012763019555115773,0.012763019555115773
1,1263,25,0.5882353186607361,0.8196078538894653,95.66983966574773,-3.203426503814917e-16,0.1450980305671692,2.1614782851491134,0.8941176533699036,0.07626038699016598,0.6840893759656308,0.6509804129600525,0.5215686559677124,0.37254899740219116,0.05951172499909137,0.6899053207295072,0.49999757723367955,95.66983966574773,1.0,0.007991077261838057,0.9134304920659981,52.24591351804239,45.65084884205331,170.5,47.72301049322305,392.0142853498746,2.2992040196473584,201.0,0.11807697820979997,1.0,0.0,0.0,0.0,0.0,1.0,0.0,-3.203426503814917e-16,0.0,1.0,1.0,1.0,1.0,0.0,0.0,0.0,1.0,1.0,-3.203426503814917e-16,1,1.0,2.0,-3.203426503814917e-16,0.0,201.0,1.0,0.0,1.0,3.733701547256571,3.733701547256571,3.733701547256571,1.0,1.569143724636789,53.40119691791462,0.43433007261572476,0.6082089552238805,0.991703031002876,0.6784208768502327,0.6784208768502327,0.6784208768502327,1.0,1496.142857142857,1496.142857142857,1496.142857142857,1.0,1.0,0.14285714285714285,0.15020444453335285,0.15020444453335285,0.15020444453335285,2.807354922057602,0.03482587064676617,671.6326530612245,0.0,1000000.0,0.0,0.0,2.3478628402352153,44.024875621890544,0.21902923194970422,1.5690205687978023,1.0,18.66169154228856,18.66169154228856,18.66169154228856,1.0,0.08370897778680296,0.08370897778680296,0.08370897778680296
1,1270,37,0.24705882370471954,0.3843137323856354,76.86680954273191,-3.203426503814917e-16,0.08039215207099915,3.7453576436625,0.43921568989753723,0.04591408963557953,0.3131468228907453,0.3137255012989044,0.0784313753247261,0.3607843145728111,0.033641518978305265,0.3182354377877202,-0.30599445212734666,76.86680954273191,1.0,0.0032128611773741093,0.9705941771365856,139.1564895221939,110.05453193758083,659.0,135.06447844100967,1420.594154601805,2.1556815699572156,759.0,0.06405862552549749,1.0,0.0,0.0,0.0,0.0,1.0,0.0,-3.203426503814917e-16,0.0,1.0,1.0,1.0,1.0,0.0,0.0,0.0,1.0,1.0,-3.203426503814917e-16,1,1.0,2.0,-3.203426503814917e-16,0.0,759.0,1.0,0.0,1.0,4.748361317858264,4.748361317858264,4.748361317858264,1.0,1.5977485126620625,188.06031535664812,0.4206785197425335,0.5886034255599473,1.8576522846929588,0.6572656863342412,0.6572656863342412,0.6572656863342412,1.0,2944.28,2944.28,2944.28,1.0,3.56,0.1424,0.3575307623011492,0.3575307623011492,0.3575307623011492,3.4136606896881823,0.03293807641633729,2022.5504,0.0,1000000.0,0.0,0.0,2.4428365928847735,156.34387351778656,0.205986658126201,1.7663384142160563,1.0,20.180500658761527,20.180500658761527,20.180500658761527,1.0,0.08388405647722418,0.08388405647722418,0.08388405647722418
1,1380,37,0.5137255191802979,0.8196078538894653,315.42491334960783,-3.203426503814917e-16,0.15294116735458374,4.230773427851055,0.9176470637321472,0.09458691772857361,0.6711435186893715,0.6705882549285889,0.10196078568696976,0.8156862780451775,0.06493090080378103,0.6820765981664987,-0.684320072661677,315.42491334960783,1.0,0.014794863087632547,0.7975308820047609,136.34988070685657,113.3181362359971,585.5,108.74324062138325,1235.942350986216,2.1109177642804715,678.0,0.0694017094221642,1.0,0.0,0.0,0.0,0.0,1.0,0.0,-3.203426503814917e-16,0.0,1.0,1.0,1.0,1.0,0.0,0.0,0.0,1.0,1.0,-3.203426503814917e-16,1,1.0,2.0,-3.203426503814917e-16,0.0,678.0,1.0,0.0,1.0,4.8266487964804705,4.8266487964804705,4.8266487964804705,1.0,1.6782322769977438,158.7919051940223,0.41033669944847556,0.5693215339233038,1.72987363153984,0.6527850168874894,0.6527850168874894,0.6527850168874894,1.0,2648.6153846153848,2648.6153846153848,2648.6153846153848,1.0,6.153846153846154,0.23668639053254437,0.47219145514803834,0.47219145514803834,0.47219145514803834,2.968918563962094,0.038348082595870206,1968.6094674556211,0.0,1000000.0,0.0,0.0,2.603333359033898,131.6165191740413,0.19412465954873348,2.6953994483166697,1.0,22.457227138643066,22.457227138643066,22.457227138643066,1.0,0.08679714482482603,0.08679714482482603,0.08679714482482603
1,1263,11,0.0117647061124444,0.21568627655506134,1168.1732783342918,-3.203426503814917e-16,0.15294118039309978,5.515815722178093,1.0,0.0776505620005262,0.0979615160751389,0.06666667014360428,0.0,1.0,0.06340595670632145,0.1340026210822392,1.1580278387349612,1168.1732783342918,1.0,0.008360243825170487,0.9996394863991875,296.6838585937835,361.33225707096784,65042.0,296.5769000276189,1262.6345596729072,0.019412603543447423,65055.0,0.7160184337612119,1.0,0.0,0.0,0.0,0.0,1.0,0.0,-3.203426503814917e-16,0.0,1.0,1.0,1.0,1.0,0.0,0.0,0.0,1.0,1.0,-3.203426503814917e-16,1,1.0,2.0,-3.203426503814917e-16,0.0,65055.0,1.0,0.0,1.0,32281.50007787624,32281.50007787624,32281.50007787624,1.0,4.66702686543622,86.51969015103708,0.25727617955501,0.007055568365229421,6968.244272885571,0.08617887302129215,0.08617887302129215,0.08617887302129215,1.0,1057940676.75,1057940676.75,1057940676.75,1.0,2.5,0.625,0.7500000000590771,0.7500000000590771,0.7500000000590771,0.8112781244591322,6.148643455537622e-05,793431112.6875,0.0,1000000.0,0.0,0.0,0.14835250068515493,62680.92151256629,0.9635065946132702,0.17822973827842628,1.0,80.1654138805626,80.1654138805626,80.1654138805626,1.0,0.012730118889942903,0.012730118889942903,0.012730118889942903
2,1361,18,0.5298039495944977,0.6941176652908325,187.82157369980695,-3.203426503814917e-16,0.09019607305526733,3.481535770702317,0.8470588326454163,0.053550262888429276,0.6205435086088061,0.6196078658103943,0.4117647111415863,0.43529412150382996,0.037145201399538225,0.624236585542605,0.03514328522421101,187.82157369980695,1.0,0.004597068653362415,0.7259423328829332,113.13912685383522,85.44003745317531,409.0,82.13248168861125,933.1656556895982,2.2815786202679664,482.0,0.07682593233346492,1.0,0.0,0.0,0.0,0.0,1.0,0.0,-3.203426503814917e-16,0.0,1.0,1.0,1.0,1.0,0.0,0.0,0.0,1.0,1.0,-3.203426503814917e-16,1,1.0,2.0,-3.203426503814917e-16,0.0,482.0,1.0,0.0,1.0,3.7108660603486205,3.7108660603486205,3.7108660603486205,1.0,1.5666002039435116,127.97530528983677,0.4349114961908065,0.6089211618257261,1.0032983050418864,0.6758891150185644,0.6758891150185644,0.6758891150185644,1.0,2279.3333333333335,2279.3333333333335,2279.3333333333335,1.0,2.3333333333333335,0.1111111111111111,0.24707772069431005,0.24707772069431005,0.24707772069431005,3.4399364703978046,0.043568464730290454,1752.5215419501133,0.0,1000000.0,0.0,0.0,2.5226090204291474,93.82572614107883,0.19465918286530878,2.0332466727501246,1.0,19.07883817427386,19.07883817427386,19.07883817427386,1.0,0.0928305185990179,0.0928305185990179,0.0928305185990179
1,1263,31,0.39803922176361084,0.5039215981960297,39.71803267467303,-3.203426503814917e-16,0.055882349610328674,2.6654376671234234,0.545098066329956,0.033470736528711485,0.4482793180005891,0.4470588266849518,0.33725491166114807,0.20784315466880798,0.023707312085395733,0.45015888733909565,-0.18037546518641367,39.71803267467303,1.0,0.0016886769032993458,0.8077939854529861,43.78316110168005,38.8329756778952,172.5,35.36777420205628,361.20310216783105,2.0939310270598903,196.0,0.1288985435345017,1.0,0.0,0.0,0.0,0.0,1.0,0.0,-3.203426503814917e-16,0.0,1.0,1.0,1.0,1.0,0.0,0.0,0.0,1.0,1.0,-3.203426503814917e-16,1,1.0,2.0,-3.203426503814917e-16,0.0,196.0,1.0,0.0,1.0,4.666534090587871,4.666534090587871,4.666534090587871,1.0,1.5236343445186225,51.25255555280794,0.437925517360916,0.596938775510204,1.8121035479521876,0.66780160891144,0.66780160891144,0.66780160891144,1.0,2979.6666666666665,2979.6666666666665,2979.6666666666665,1.0,1.3333333333333333,0.2222222222222222,0.10530385984632244,0.10530385984632244,0.10530385984632244,2.2516291673878213,0.030612244897959183,1912.5555555555557,0.0,1000000.0,0.0,0.0,2.47103491386661,39.183673469387756,0.19991670137442732,1.9904206580591421,1.0,19.836734693877553,19.836734693877553,19.836734693877553,1.0,0.0814274289647832,0.0814274289647832,0.0814274289647832
1,1263,21,0.30980393290519714,0.40392157435417175,39.5580025562375,-3.203426503814917e-16,0.054901957511901855,2.4277766175126816,0.47058823704719543,0.030593036984833902,0.35888803730669777,0.364705890417099,0.2666666805744171,0.20392155647277832,0.023445500632695675,0.36072844136368837,-0.0642130871601627,39.5580025562375,1.0,0.0013243850868223047,0.7767510476264182,65.14448597005696,53.225933528685054,258.0,50.60104772432625,582.7077195258273,2.258557052425687,304.0,0.0977156248433053,1.0,0.0,0.0,0.0,0.0,1.0,0.0,-3.203426503814917e-16,0.0,1.0,1.0,1.0,1.0,0.0,0.0,0.0,1.0,1.0,-3.203426503814917e-16,1,1.0,2.0,-3.203426503814917e-16,0.0,304.0,1.0,0.0,1.0,3.96514790113178,3.96514790113178,3.96514790113178,1.0,1.5905873454472683,78.3661548987632,0.4294460373932147,0.5986842105263157,1.1629557030079618,0.6733442306589735,0.6733442306589735,0.6733442306589735,1.0,2012.125,2012.125,2012.125,1.0,4.5,0.28125,0.5254044149432737,0.5254044149432737,0.5254044149432737,2.499999999999997,0.05263157894736842,1651.125,0.0,1000000.0,0.0,0.0,2.585513633275698,58.0,0.19078947368421054,2.343836565096953,1.0,20.07236842105263,20.07236842105263,20.07236842105263,1.0,0.10364693200013923,0.10364693200013923,0.10364693200013923
1,1380,27,0.35686275362968445,0.5176470875740051,84.6108917961457,-3.203426503814917e-16,0.08725489675998688,3.1665517427173864,0.5843137502670288,0.050652930457271685,0.4444537908193611,0.45098039507865906,0.19607843458652496,0.38823531568050385,0.03701979097944574,0.4488368348036259,-0.5590655947864673,84.6108917961457,1.0,0.003915332102836964,0.879520867601823,89.85157764244576,74.43117626371358,358.0,79.02633752347646,813.3422791987344,2.271905807817694,420.0,0.08246565198682686,1.0,0.0,0.0,0.0,0.0,1.0,0.0,-3.203426503814917e-16,0.0,1.0,1.0,1.0,1.0,0.0,0.0,0.0,1.0,1.0,-3.203426503814917e-16,1,1.0,2.0,-3.203426503814917e-16,0.0,420.0,1.0,0.0,1.0,4.104845848595849,4.104845848595849,4.104845848595849,1.0,1.5434063026009874,110.03602716727717,0.4317665300354746,0.6053571428571428,1.3586159833755986,0.6692708339164236,0.6692708339164236,0.6692708339164236,1.0,1450.3529411764705,1450.3529411764705,1450.3529411764705,1.0,1.8235294117647058,0.10726643598615918,0.2727644141129942,0.2727644141129942,0.2727644141129942,3.499227547132688,0.04047619047619048,839.9723183391004,0.0,1000000.0,0.0,0.0,2.3542230166573033,90.45714285714286,0.21537414965986396,1.5991156462585034,1.0,18.88095238095238,18.88095238095238,18.88095238095238,1.0,0.08702852351257963,0.08702852351257963,0.08702852351257963
1,1380,35,0.40392157435417175,0.5176470875740051,121.44466474210802,-3.203426503814917e-16,0.0627450942993164,2.496135329969843,0.5921568870544434,0.03567812633515288,0.4599262641477669,0.45490196347236633,0.3450980484485626,0.24705883860588074,0.02655328771901634,0.46199054445643084,0.020679829090586955,121.44466474210802,1.0,0.0019030947142279768,0.845752361293516,101.50187226425565,81.00617260431454,492.0,85.84544814320707,1001.3494218736721,2.0352630525887645,569.0,0.07852389469646498,1.0,0.0,0.0,0.0,0.0,1.0,0.0,-3.203426503814917e-16,0.0,1.0,1.0,1.0,1.0,0.0,0.0,0.0,1.0,1.0,-3.203426503814917e-16,1,1.0,2.0,-3.203426503814917e-16,0.0,569.0,1.0,0.0,1.0,5.341663235343851,5.341663235343851,5.341663235343851,1.0,1.762257646639724,122.38205118544786,0.39396716829799344,0.5434973637961336,1.9315056022403196,0.6396715769839655,0.6396715769839655,0.6396715769839655,1.0,3994.764705882353,3994.764705882353,3994.764705882353,1.0,2.8823529411764706,0.1695501730103806,0.3867692172078808,0.3867692172078808,0.3867692172078808,3.0574760762899276,0.029876977152899824,2874.484429065744,0.0,1000000.0,0.0,0.0,2.667461222967847,103.24604569420035,0.18145174990193383,3.098594333474384,1.0,24.739894551845342,24.739894551845342,24.739894551845342,1.0,0.07887300347464378,0.07887300347464378,0.07887300347464378
0,1276,11,0.007843137718737125,0.21568627655506134,1185.3791717299025,-3.203426503814917e-16,0.13725490774959326,7.192291020819184,0.8627451062202454,0.08181753422416321,0.08734879417908868,0.0313725508749485,0.0,0.8627451062202454,0.059402795911290156,0.1352376401713538,1.7449524793871758,1185.3791717299025,1.0,0.010659407474575777,0.9986309256732515,297.2265384941219,361.33225707096784,64794.5,296.81961327104125,1407.1442276647858,0.021717031965132624,64813.0,0.6412618298852394,1.0,0.0,0.0,0.0,0.0,1.0,0.0,-3.203426503814917e-16,0.0,1.0,1.0,1.0,1.0,0.0,0.0,0.0,1.0,1.0,-3.203426503814917e-16,1,1.0,2.0,-3.203426503814917e-16,0.0,64813.0,1.0,0.0,1.0,28196.62027770559,28196.62027770559,28196.62027770559,1.0,4.8035462873405175,76.90938693966132,0.19907996420085172,0.007841790998719393,8344.341242398825,0.13373146309718797,0.13373146309718797,0.13373146309718797,1.0,839937609.4,839937609.4,839937609.4,1.0,1.4,0.28,0.4625000000476226,0.4625000000476226,0.4625000000476226,1.9219280948873612,7.714501720333883e-05,671908610.6400001,0.0,1000000.0,0.0,0.0,0.16562736886167975,62246.790165553204,0.960405939634845,0.20787376332516094,1.0,80.0825914554179,80.0825914554179,80.0825914554179,1.0,0.012792436149825412,0.012792436149825412,0.012792436149825412
1,1263,21,0.5372549295425415,0.8352941274642944,175.1175015830619,-3.203426503814917e-16,0.09509803354740143,3.176889816231623,0.9450980424880981,0.07735868719302945,0.6896841131150723,0.6980392336845398,0.38823530077934265,0.5568627417087555,0.05013116976628274,0.6974507182571354,-0.15473220319502481,175.1175015830619,1.0,0.010773328514070403,0.8753288730337392,71.58415826068004,59.23681287847955,300.5,62.65968057738989,714.531096016691,2.3778073078758437,360.0,0.08600150203846743,1.0,0.0,0.0,0.0,0.0,1.0,0.0,-3.203426503814917e-16,0.0,1.0,1.0,1.0,1.0,0.0,0.0,0.0,1.0,1.0,-3.203426503814917e-16,1,1.0,2.0,-3.203426503814917e-16,0.0,360.0,1.0,0.0,1.0,3.9098277622126867,3.9098277622126867,3.9098277622126867,1.0,1.538359177217353,99.8092224631644,0.4514958512535133,0.6118055555555555,1.2154361023581073,0.6915861749951835,0.6915861749951835,0.6915861749951835,1.0,2141.529411764706,2141.529411764706,2141.529411764706,1.0,6.294117647058823,0.370242214532872,0.6062871722796854,0.6062871722796854,0.6062871722796854,2.133387491316594,0.04722222222222222,1693.0865051903115,0.0,1000000.0,0.0,0.0,2.452633436112551,75.71111111111111,0.21030864197530863,1.8277469135802469,1.0,18.683333333333334,18.683333333333334,18.683333333333334,1.0,0.10321282123960694,0.10321282123960694,0.10321282123960694
1,1383,17,0.01274509821087122,0.5997549295425415,7655.841500368459,-3.203426503814917e-16,0.4249999988824129,2.9055128558847154,1.0,0.21943991042183664,0.23664244466447656,0.12622548639774323,0.0,1.0,0.17504147866498226,0.3483889682161551,0.9507094765373253,7655.841500368459,1.0,0.0653752265579373,0.9977205677362211,301.0995915511039,361.33225707096784,63076.0,300.4132554275117,1234.0416305603428,0.019564360938555757,63076.0,0.7214515874207459,1.0,0.0,0.0,0.0,0.0,1.0,0.0,-3.203426503814917e-16,0.0,1.0,1.0,1.0,1.0,0.0,0.0,0.0,1.0,1.0,-3.203426503814917e-16,1,1.0,2.0,-3.203426503814917e-16,0.0,63076.0,1.0,0.0,1.0,30178.433122427,30178.433122427,30178.433122427,1.0,4.3346418084766425,79.96357385604745,0.2484085405809971,0.007328460904305916,4325.179527155512,0.010018071730480816,0.010018071730480816,0.010018071730480816,1.0,3978581776.0,3978581776.0,3978581776.0,1.0,1.0,1.0,2.513458454045862e-10,2.513458454045862e-10,2.513458454045862e-10,-3.203426503814917e-16,1.585389054473968e-05,0.0,0.0,1000000.0,0.0,0.0,0.14752791419226258,60634.487507134254,0.9612925281744918,0.1735239205499241,1.0,80.12166275604034,80.12166275604034,80.12166275604034,1.0,0.01265214493482537,0.01265214493482537,0.01265214493482537
2,1359,16,0.250980406999588,0.3137255012989044,55.72454115169739,-3.203426503814917e-16,0.0313725471496582,3.698305913804639,0.35686275362968445,0.01987657052789033,0.2855225979270837,0.29019609093666077,0.19607843458652496,0.16078431904315948,0.013243665770657716,0.28668726640595266,-0.7369533178583535,55.72454115169739,1.0,0.0006664347922866045,0.9764863791376556,113.63889337731125,96.25487000666512,591.0,110.96683152322076,1184.3443712397725,2.003966787207737,678.0,0.07276468809806529,1.0,0.0,0.0,0.0,0.0,1.0,0.0,-3.203426503814917e-16,0.0,1.0,1.0,1.0,1.0,0.0,0.0,0.0,1.0,1.0,-3.203426503814917e-16,1,1.0,2.0,-3.203426503814917e-16,0.0,678.0,1.0,0.0,1.0,5.497618207764948,5.497618207764948,5.497618207764948,1.0,1.7475144396463458,145.41340987344165,0.3906336692802294,0.5483038348082596,2.1516834328760934,0.6373295835006685,0.6373295835006685,0.6373295835006685,1.0,5558.272727272727,5558.272727272727,5558.272727272727,1.0,3.8181818181818183,0.17355371900826447,0.4014057314347584,0.4014057314347584,0.4014057314347584,3.1523912776298637,0.032448377581120944,4608.512396694215,0.0,1000000.0,0.0,0.0,2.724853012158733,117.929203539823,0.17393687837732008,3.0099633661384777,1.0,24.29498525073746,24.29498525073746,24.29498525073746,1.0,0.08082272010738087,0.08082272010738087,0.08082272010738087
1,1263,23,0.19607843458652496,0.24705882370471954,13.927459148916093,-3.203426503814917e-16,0.019607841968536377,4.4095437630060035,0.2823529541492462,0.0159801733804193,0.214044691171757,0.2078431397676468,0.15294118225574493,0.12941177189350128,0.010099594791730246,0.21510608638928513,1.1002969775320373,13.927459148916093,1.0,0.0004554985829017605,0.8355437306731658,69.43089998798054,56.60388679233962,250.5,58.01255319995272,610.8498551495584,2.4385223758465404,301.0,0.0918489766449079,1.0,0.0,0.0,0.0,0.0,1.0,0.0,-3.203426503814917e-16,0.0,1.0,1.0,1.0,1.0,0.0,0.0,0.0,1.0,1.0,-3.203426503814917e-16,1,1.0,2.0,-3.203426503814917e-16,0.0,301.0,1.0,0.0,1.0,3.47476938523667,3.47476938523667,3.47476938523667,1.0,1.462217264626098,89.81764455667476,0.4691781036542209,0.6345514950166113,0.9830942005263265,0.7028081891779747,0.7028081891779747,0.7028081891779747,1.0,1163.3076923076924,1163.3076923076924,1163.3076923076924,1.0,2.5384615384615383,0.1952662721893491,0.40462675409477716,0.40462675409477716,0.40462675409477716,2.8073904508767193,0.04318936877076412,627.2071005917161,0.0,1000000.0,0.0,0.0,2.381737621380152,65.58471760797342,0.2178894272690147,1.6320349665014733,1.0,17.026578073089702,17.026578073089702,17.026578073089702,1.0,0.10254960788302031,0.10254960788302031,0.10254960788302031
1,1270,29,0.364705890417099,0.5176470875740051,123.98092031616022,-3.203426503814917e-16,0.08235293626785278,2.4410417064161734,0.5882353186607361,0.047344276085339324,0.43959480089544306,0.4313725531101227,0.2666666805744171,0.32156863808631897,0.036167739208259914,0.44326429301782955,0.03775844961713648,123.98092031616022,1.0,0.0032396444902920095,0.7509059351268531,114.81020573073374,89.40357934669059,546.0,86.21166489634302,1163.6997102990997,2.131318150730952,631.0,0.07118038409481396,1.0,0.0,0.0,0.0,0.0,1.0,0.0,-3.203426503814917e-16,0.0,1.0,1.0,1.0,1.0,0.0,0.0,0.0,1.0,1.0,-3.203426503814917e-16,1,1.0,2.0,-3.203426503814917e-16,0.0,631.0,1.0,0.0,1.0,4.524448248167013,4.524448248167013,4.524448248167013,1.0,1.6955719426939377,146.4868299507122,0.40425204960304073,0.5721077654516641,1.4459430290619646,0.650129018904586,0.650129018904586,0.650129018904586,1.0,5404.722222222223,5404.722222222223,5404.722222222223,1.0,3.0,0.16666666666666666,0.37841942923387273,0.37841942923387273,0.37841942923387273,3.044110417748397,0.028526148969889066,4175.830246913581,0.0,1000000.0,0.0,0.0,2.552699159753816,125.05388272583201,0.19818364932778448,2.2187356370915285,1.0,21.782884310618066,21.782884310618066,21.782884310618066,1.0,0.08096730470376799,0.08096730470376799,0.08096730470376799
0,1281,27,0.5098039507865906,0.6756862938404085,29.16423161476776,-3.203426503814917e-16,0.047058820724487305,4.751302774569256,0.7764706015586853,0.047407405317565515,0.5654902206526862,0.5431372821331024,0.4941176474094391,0.2823529541492462,0.027248608459784756,0.5692512783840402,1.5925650852179885,29.16423161476776,1.0,0.004267828288040259,0.9121659083440193,21.31266369783623,20.615528128088304,73.0,19.440685241167387,185.27922061357916,2.538071515254509,90.0,0.16347059632902314,1.0,0.0,0.0,0.0,0.0,1.0,0.0,-3.203426503814917e-16,0.0,1.0,1.0,1.0,1.0,0.0,0.0,0.0,1.0,1.0,-3.203426503814917e-16,1,1.0,2.0,-3.203426503814917e-16,0.0,90.0,1.0,0.0,1.0,3.4424622349919463,3.4424622349919463,3.4424622349919463,1.0,1.3991492311577163,27.541286839928603,0.47480597269992186,0.6416666666666666,0.9810079991837122,0.7074038280486238,0.7074038280486238,0.7074038280486238,1.0,700.3333333333334,700.3333333333334,700.3333333333334,1.0,1.6666666666666667,0.2777777777777778,0.35472442757244466,0.35472442757244466,0.35472442757244466,1.9182958340544882,0.06666666666666667,475.33333333333326,0.0,1000000.0,0.0,0.0,2.4232478721082686,19.266666666666666,0.21407407407407408,1.7822222222222222,1.0,16.733333333333334,16.733333333333334,16.733333333333334,1.0,0.1105506424792139,0.1105506424792139,0.1105506424792139
1,1380,27,0.43647059202194216,0.5960784554481506,120.03863857380308,-3.203426503814917e-16,0.094117671251297,3.194807553092682,0.6627451181411743,0.05185909995283576,0.5102358270715511,0.501960813999176,0.2862745225429535,0.3764705955982208,0.0394142802901521,0.514200629722967,-0.30336999285632416,120.03863857380308,1.0,0.004061688380105905,0.9608115154942054,87.46056193389961,72.47068372797375,374.0,84.03311505768491,925.7514421272251,2.475271235634292,454.0,0.07405362727068182,1.0,0.0,0.0,0.0,0.0,1.0,0.0,-3.203426503814917e-16,0.0,1.0,1.0,1.0,1.0,0.0,0.0,0.0,1.0,1.0,-3.203426503814917e-16,1,1.0,2.0,-3.203426503814917e-16,0.0,454.0,1.0,0.0,1.0,3.5837020844373786,3.5837020844373786,3.5837020844373786,1.0,1.5388907196636716,123.25273587258883,0.43599661571032633,0.6172907488986784,0.9148428709771478,0.672849981306639,0.672849981306639,0.672849981306639,1.0,3761.6666666666665,3761.6666666666665,3761.6666666666665,1.0,2.6666666666666665,0.2222222222222222,0.4192393085418913,0.4192393085418913,0.4192393085418913,2.6174924611847525,0.02643171806167401,2330.3055555555557,0.0,1000000.0,0.0,0.0,2.292013173770159,104.28193832599119,0.22969589939645638,1.449940810029304,1.0,17.94713656387665,17.94713656387665,17.94713656387665,1.0,0.08909468119112551,0.08909468119112551,0.08909468119112551
1,1263,19,0.3137255012989044,0.38823530077934265,39.73018271731489,-3.203426503814917e-16,0.04313725233078003,3.1166451756618256,0.4156862795352936,0.022688462840929288,0.34794900456637695,0.3490196168422699,0.24313725531101227,0.1725490242242813,0.017468856518327698,0.34910131212404916,-0.07648170869755815,39.73018271731489,1.0,0.0008032163480002236,0.9390248687907756,65.60717885775851,56.302753041036986,264.5,61.60677251863964,680.7321061434675,2.5736563559299337,326.0,0.08469183368348794,1.0,0.0,0.0,0.0,0.0,1.0,0.0,-3.203426503814917e-16,0.0,1.0,1.0,1.0,1.0,0.0,0.0,0.0,1.0,1.0,-3.203426503814917e-16,1,1.0,2.0,-3.203426503814917e-16,0.0,326.0,1.0,0.0,1.0,3.5965164637712155,3.5965164637712155,3.5965164637712155,1.0,1.431292343414501,99.55929863334154,0.47430646985424885,0.6395705521472392,1.1249359908899348,0.7067383989586247,0.7067383989586247,0.7067383989586247,1.0,2314.769230769231,2314.769230769231,2314.769230769231,1.0,2.5384615384615383,0.1952662721893491,0.4115630132024635,0.4115630132024635,0.4115630132024635,2.8073904508767193,0.03987730061349693,1685.9171597633135,0.0,1000000.0,0.0,0.0,2.316753073771312,76.84049079754601,0.23570702698633747,1.4833452519853965,1.0,16.56441717791411,16.56441717791411,16.56441717791411,1.0,0.10114421177468942,0.10114421177468942,0.10114421177468942
2,1261,16,0.5184314012527466,0.6627451181411743,112.77969294346572,-3.203426503814917e-16,0.08627450466156006,4.0813709694993365,0.7529411911964417,0.05037639896755936,0.5969178944159621,0.6117647290229797,0.3490196168422699,0.40392157435417175,0.03530696018663033,0.6002653644902393,-0.8416118054393426,112.77969294346572,1.0,0.004007535132614155,0.6406452325403577,79.18880672635383,60.166435825965294,265.5,50.731931499798385,598.6488450227818,2.2547979096903266,313.0,0.09648616516968186,1.0,0.0,0.0,0.0,0.0,1.0,0.0,-3.203426503814917e-16,0.0,1.0,1.0,1.0,1.0,0.0,0.0,0.0,1.0,1.0,-3.203426503814917e-16,1,1.0,2.0,-3.203426503814917e-16,0.0,313.0,1.0,0.0,1.0,3.7663855657608303,3.7663855657608303,3.7663855657608303,1.0,1.5783447960458261,77.6124544694359,0.4126606577090981,0.5990415335463259,0.9598698636369801,0.653481491910221,0.653481491910221,0.653481491910221,1.0,1218.6470588235295,1218.6470588235295,1218.6470588235295,1.0,3.0,0.17647058823529413,0.36071928741612,0.36071928741612,0.36071928741612,2.8163075192246416,0.054313099041533544,879.6539792387543,0.0,1000000.0,0.0,0.0,2.5517759977991488,61.945686900958464,0.1979095428145638,2.100644081291021,1.0,19.80511182108626,19.80511182108626,19.80511182108626,1.0,0.09450918490103413,0.09450918490103413,0.09450918490103413
2,1261,22,0.5411764979362488,0.7333333492279053,270.00350791475614,-3.203426503814917e-16,0.12058822810649872,2.5091814724590473,0.8588235378265381,0.06238764723501527,0.63802244671441,0.6431372761726379,0.45490196347236633,0.40392157435417175,0.04619525758948237,0.6425335792635888,0.023799891692476507,270.00350791475614,1.0,0.005776757969836317,0.901564621628328,116.45133605003103,92.28217596047462,553.5,104.98840472405949,1230.6286424872285,2.2233579810067363,654.0,0.06776988141184517,1.0,0.0,0.0,0.0,0.0,1.0,0.0,-3.203426503814917e-16,0.0,1.0,1.0,1.0,1.0,0.0,0.0,0.0,1.0,1.0,-3.203426503814917e-16,1,1.0,2.0,-3.203426503814917e-16,0.0,654.0,1.0,0.0,1.0,4.488939351118189,4.488939351118189,4.488939351118189,1.0,1.623436141521986,162.32652155863065,0.42468693489591575,0.5833333333333333,1.5356826362215774,0.6673093541479294,0.6673093541479294,0.6673093541479294,1.0,2981.36,2981.36,2981.36,1.0,7.24,0.2896,0.5344572736789714,0.5344572736789714,0.5344572736789714,2.7196275363413527,0.0382262996941896,2297.0144000000005,0.0,1000000.0,0.0,0.0,2.6041380459973094,127.65749235474006,0.19519494243844046,2.726809378185525,1.0,21.504587155963304,21.504587155963304,21.504587155963304,1.0,0.09319257045042505,0.09319257045042505,0.09319257045042505
0,1284,10,0.0117647061124444,0.26274511218070984,1799.2689018103738,-3.203426503814917e-16,0.20392156951129436,2.9534541082619734,0.8392156958580017,0.09335421182751934,0.12791846754241862,0.10196078568696976,0.0,0.8392156958580017,0.07811823372871445,0.16614637063305898,0.6140447192065895,1799.2689018103738,1.0,0.011241482136136993,0.9988846498861897,296.4008222800621,361.33225707096784,65169.5,296.07023158919856,1327.646752981727,0.02037221020541399,65180.0,0.6816235531547186,1.0,0.0,0.0,0.0,0.0,1.0,0.0,-3.203426503814917e-16,0.0,1.0,1.0,1.0,1.0,0.0,0.0,0.0,1.0,1.0,-3.203426503814917e-16,1,1.0,2.0,-3.203426503814917e-16,0.0,65180.0,1.0,0.0,1.0,30821.018123212692,30821.018123212692,30821.018123212692,1.0,4.751922958712116,83.31694453422665,0.232096659246114,0.007414084074869591,8115.866537469016,0.10526864199132958,0.10526864199132958,0.10526864199132958,1.0,849556126.4,849556126.4,849556126.4,1.0,2.2,0.44,0.6500000000470834,0.6500000000470834,0.6500000000470834,1.3709505944546678,7.671064743786438e-05,679618830.4000001,0.0,1000000.0,0.0,0.0,0.1576099929566594,62699.78576250384,0.961948232011412,0.19034515507413985,1.0,80.12623504142375,80.12623504142375,80.12623504142375,1.0,0.012754953601171582,0.012754953601171582,0.012754953601171582
1,1380,37,0.47843137383461,0.843137264251709,291.2574220674556,-3.203426503814917e-16,0.18823528289794922,2.278147720152015,0.9215686321258545,0.10643514027320729,0.6568718246759729,0.658823549747467,0.30588236451148987,0.6156862676143646,0.07935429030662372,0.6699095241299099,-0.03874359275581614,291.2574220674556,1.0,0.01729817646682032,0.8568068789607871,122.42909480073665,106.45186705737011,554.5,104.8980906102135,1207.6580797387523,2.177922596463034,649.0,0.06912127109465695,1.0,0.0,0.0,0.0,0.0,1.0,0.0,-3.203426503814917e-16,0.0,1.0,1.0,1.0,1.0,0.0,0.0,0.0,1.0,1.0,-3.203426503814917e-16,1,1.0,2.0,-3.203426503814917e-16,0.0,649.0,1.0,0.0,1.0,4.30450528763388,4.30450528763388,4.30450528763388,1.0,1.6457989397493304,160.2150396572541,0.4216392685558624,0.5847457627118644,1.3699952082709468,0.6666348861214504,0.6666348861214504,0.6666348861214504,1.0,1328.65625,1328.65625,1328.65625,1.0,8.5625,0.267578125,0.5122935129420749,0.5122935129420749,0.5122935129420749,2.9374999999999947,0.04930662557781202,917.3271484375,0.0,1000000.0,0.0,0.0,2.664779372110226,119.82588597842835,0.1846315654521238,2.646679376354757,1.0,21.326656394453003,21.326656394453003,21.326656394453003,1.0,0.09848100271324646,0.09848100271324646,0.09848100271324646
2,1360,16,0.3686274588108063,0.4627451002597809,56.9653534641068,-3.203426503814917e-16,0.04313725233078003,4.481079493953426,0.5490196347236633,0.029300249462552636,0.4130561046549921,0.40784314274787903,0.3137255012989044,0.2352941334247589,0.019798929301175206,0.4148502931812734,0.9551346045849056,56.9653534641068,1.0,0.0014854201598327546,0.7910210799069904,78.83889782948265,63.13477647065839,290.5,62.363230099754254,617.6782822743046,2.1262591472437333,331.0,0.09781729946539092,1.0,0.0,0.0,0.0,0.0,1.0,0.0,-3.203426503814917e-16,0.0,1.0,1.0,1.0,1.0,0.0,0.0,0.0,1.0,1.0,-3.203426503814917e-16,1,1.0,2.0,-3.203426503814917e-16,0.0,331.0,1.0,0.0,1.0,3.835186548547046,3.835186548547046,3.835186548547046,1.0,1.5957565130400089,85.26375181310799,0.4288774906708236,0.600453172205438,1.0584980246084534,0.670446586209624,0.670446586209624,0.670446586209624,1.0,1443.0,1443.0,1443.0,1.0,2.411764705882353,0.14186851211072665,0.3415578525642098,0.3415578525642098,0.3415578525642098,3.169248695695229,0.0513595166163142,1063.8961937716263,0.0,1000000.0,0.0,0.0,2.4966150594360244,65.44108761329305,0.19770721333321165,1.9040351950055223,1.0,19.513595166163142,19.513595166163142,19.513595166163142,1.0,0.09357615981941618,0.09357615981941618,0.09357615981941618
1,1264,11,0.0117647061124444,0.23137255012989044,1383.0451858821705,-3.203426503814917e-16,0.15294118039309978,6.849230640500685,1.0,0.08306457202376172,0.10487664238118768,0.06666667014360428,0.0,1.0,0.06335016686694352,0.14594598061247493,1.501981004478673,1383.0451858821705,1.0,0.010301119139785384,0.9998099515672618,296.9605698522431,361.33225707096784,64919.0,296.9041329613577,1478.6417023478446,0.022776717175986144,64931.0,0.6108405959866139,1.0,0.0,0.0,0.0,0.0,1.0,0.0,-3.203426503814917e-16,0.0,1.0,1.0,1.0,1.0,0.0,0.0,0.0,1.0,1.0,-3.203426503814917e-16,1,1.0,2.0,-3.203426503814917e-16,0.0,64931.0,1.0,0.0,1.0,26644.320693584155,26644.320693584155,26644.320693584155,1.0,4.8321243319921106,75.00600288907518,0.18232142745695384,0.008158660732161835,8666.775451966882,0.14250707143359628,0.14250707143359628,0.14250707143359628,1.0,2107952450.5,2107952450.5,2107952450.5,1.0,1.0,0.5,0.5000000001185985,0.5000000001185985,0.5000000001185985,0.9999999999999993,3.080192820070536e-05,1053943760.25,0.0,1000000.0,0.0,0.0,0.1742027695013528,62234.254069704766,0.9584675127397508,0.2122774755746375,1.0,80.04169040981965,80.04169040981965,80.04169040981965,1.0,0.012771438611545618,0.012771438611545618,0.012771438611545618
1,1270,19,0.47058823704719543,0.6235294342041016,167.44761058836917,-3.203426503814917e-16,0.0627450942993164,5.457900329245743,0.729411780834198,0.047024193793155464,0.5577489976716805,0.5647059082984924,0.27843138575553894,0.45098039507865906,0.029088263786814502,0.5615548943897868,-1.08254423303117,167.44761058836917,1.0,0.004259955009360401,0.7151339376682635,120.3383400552042,88.56635930193812,451.0,86.0580309761407,964.3372285648519,2.1382200189908023,531.0,0.07806642107891136,1.0,0.0,0.0,0.0,0.0,1.0,0.0,-3.203426503814917e-16,0.0,1.0,1.0,1.0,1.0,0.0,0.0,0.0,1.0,1.0,-3.203426503814917e-16,1,1.0,2.0,-3.203426503814917e-16,0.0,531.0,1.0,0.0,1.0,5.338441235463349,5.338441235463349,5.338441235463349,1.0,1.6221692918944994,128.72858344995902,0.4250454963845025,0.5696798493408662,2.2398971066585465,0.6685956349464991,0.6685956349464991,0.6685956349464991,1.0,1352.7666666666667,1352.7666666666667,1352.7666666666667,1.0,5.733333333333333,0.19111111111111112,0.43075889500145326,0.43075889500145326,0.43075889500145326,3.181076011914602,0.05649717514124294,1039.4766666666667,0.0,1000000.0,0.0,0.0,2.7559986159712184,91.17325800376648,0.1717010508545508,3.3088476775156845,1.0,23.045197740112993,23.045197740112993,23.045197740112993,1.0,0.09724144784509327,0.09724144784509327,0.09724144784509327
2,1258,14,0.007843137718737125,0.24705882370471954,1397.8240016026673,-3.203426503814917e-16,0.15686274878680706,5.146080881855456,1.0,0.08739843891314011,0.10167695503780728,0.05882352963089943,0.0,1.0,0.0675988658379855,0.14691953087699305,1.3209801882941627,1397.8240016026673,1.0,0.011247145367355429,0.9978724069906068,297.34961620878653,361.33225707096784,64744.0,296.71697724399496,1490.6000717875017,0.02302298393345332,64758.0,0.605122857369304,1.0,0.0,0.0,0.0,0.0,1.0,0.0,-3.203426503814917e-16,0.0,1.0,1.0,1.0,1.0,0.0,0.0,0.0,1.0,1.0,-3.203426503814917e-16,1,1.0,2.0,-3.203426503814917e-16,0.0,64758.0,1.0,0.0,1.0,26422.578607351657,26422.578607351657,26422.578607351657,1.0,4.880644153742067,73.45944125627699,0.17672827527704651,0.00832329596343309,8832.524438457533,0.15069668894522326,0.15069668894522326,0.15069668894522326,1.0,698609350.6666666,698609350.6666666,698609350.6666666,1.0,1.0,0.16666666666666666,0.24393518522494673,0.24393518522494673,0.24393518522494673,2.5849625007211543,9.26526452330214e-05,582120501.6666666,0.0,1000000.0,0.0,0.0,0.17775953747373788,62020.520121066125,0.9577275413241009,0.21969300445420506,1.0,80.02557213008431,80.02557213008431,80.02557213008431,1.0,0.012802840838205378,0.012802840838205378,0.012802840838205378
1,1270,15,0.33725491166114807,0.45098039507865906,99.26845360247415,-3.203426503814917e-16,0.06666666269302368,2.6260828726752514,0.49803921580314636,0.03699398156532922,0.39352601072140403,0.4000000059604645,0.24705882370471954,0.2509803920984268,0.02862472632247664,0.3960078302050194,-0.16753627689138995,99.26845360247415,1.0,0.0019594804693848617,0.9449814714741259,109.33438598117908,90.0,540.0,103.31896894721466,1234.386001800111,2.285900003333539,633.0,0.06673456344904234,1.0,0.0,0.0,0.0,0.0,1.0,0.0,-3.203426503814917e-16,0.0,1.0,1.0,1.0,1.0,0.0,0.0,0.0,1.0,1.0,-3.203426503814917e-16,1,1.0,2.0,-3.203426503814917e-16,0.0,633.0,1.0,0.0,1.0,3.862951568392578,3.862951568392578,3.862951568392578,1.0,1.5621850942837718,166.79304433492052,0.43263125264693614,0.608214849921011,1.1541706478535245,0.6722397523351984,0.6722397523351984,0.6722397523351984,1.0,5796.928571428572,5796.928571428572,5796.928571428572,1.0,4.0,0.2857142857142857,0.502938274300149,0.502938274300149,0.502938274300149,2.403677461028799,0.022116903633491312,3752.5969387755094,0.0,1000000.0,0.0,0.0,2.3962373918857995,139.66034755134282,0.22063246058663952,1.6549543411473735,1.0,18.747235387045812,18.747235387045812,18.747235387045812,1.0,0.0886834527123119,0.0886834527123119,0.0886834527123119
2,1360,22,0.6705882549285889,0.8627451062202454,352.02220428675804,-3.203426503814917e-16,0.11372548341751099,2.5430186450241674,0.9411764740943909,0.06248453632350124,0.7583834998088308,0.750980406999588,0.5607843399047852,0.3803921341896057,0.04708872472384749,0.7621645009745635,0.3635765144779543,352.02220428675804,1.0,0.0057491937635145126,0.790829890953591,145.50641218714281,107.64757312638311,517.0,115.07082008300641,1169.9007204258755,2.262864062719295,606.0,0.06889714014759672,1.0,0.0,0.0,0.0,0.0,1.0,0.0,-3.203426503814917e-16,0.0,1.0,1.0,1.0,1.0,0.0,0.0,0.0,1.0,1.0,-3.203426503814917e-16,1,1.0,2.0,-3.203426503814917e-16,0.0,606.0,1.0,0.0,1.0,3.817376406060884,3.817376406060884,3.817376406060884,1.0,1.5818116166879466,155.72546380643996,0.4241838408815928,0.6039603960396039,1.0550566470922484,0.6627526769886541,0.6627526769886541,0.6627526769886541,1.0,2153.92,2153.92,2153.92,1.0,4.44,0.1776,0.4084970369492875,0.4084970369492875,0.4084970369492875,3.102683189255489,0.041254125412541254,1566.3424,0.0,1000000.0,0.0,0.0,2.4207723200053373,124.93729372937294,0.2061671513686022,1.763748652092932,1.0,19.138613861386137,19.138613861386137,19.138613861386137,1.0,0.09170907141734581,0.09170907141734581,0.09170907141734581
1,1383,29,0.501960813999176,0.6627451181411743,93.19542446257304,-3.203426503814917e-16,0.09019607305526733,2.856412911814346,0.7490196228027344,0.050301624955900424,0.5725769538472132,0.5607843399047852,0.4588235318660736,0.29019609093666077,0.03649735145979421,0.5758960972375374,0.6692562765551334,93.19542446257304,1.0,0.003811946736473541,0.7587760210765336,71.73155423465167,56.60388679233962,230.0,54.428183307804574,579.7787873376928,2.5207773362508386,281.0,0.0927270681527555,1.0,0.0,0.0,0.0,0.0,1.0,0.0,-3.203426503814917e-16,0.0,1.0,1.0,1.0,1.0,0.0,0.0,0.0,1.0,1.0,-3.203426503814917e-16,1,1.0,2.0,-3.203426503814917e-16,0.0,281.0,1.0,0.0,1.0,3.4587404994232016,3.4587404994232016,3.4587404994232016,1.0,1.4556160942152692,82.2576398180376,0.45853451367974324,0.6352313167259787,0.9564289584370842,0.691872928068479,0.691872928068479,0.691872928068479,1.0,709.421052631579,709.421052631579,709.421052631579,1.0,3.6315789473684212,0.19113573407202217,0.38468480953998996,0.38468480953998996,0.38468480953998996,2.820589856666543,0.06761565836298933,490.69252077562334,0.0,1000000.0,0.0,0.0,2.3593905291176505,64.02491103202847,0.22784665847696964,1.5698129456313876,1.0,16.92170818505338,16.92170818505338,16.92170818505338,1.0,0.10498554522639424,0.10498554522639424,0.10498554522639424
0,1276,17,0.3274509906768799,0.43529412150382996,66.22416252852406,-3.203426503814917e-16,0.047058820724487305,6.381591416431785,0.6313725709915161,0.03447469222138091,0.3910706143284068,0.3921568691730499,0.2823529541492462,0.3490196168422699,0.02010786702165203,0.3942788107207764,1.0176668054867752,66.22416252852406,1.0,0.002519555192192335,0.8614131931179002,78.64721022102133,63.52952069707436,365.5,67.74774448630474,764.6732316404219,2.0921292247343963,426.0,0.0886283645187055,1.0,0.0,0.0,0.0,0.0,1.0,0.0,-3.203426503814917e-16,0.0,1.0,1.0,1.0,1.0,0.0,0.0,0.0,1.0,1.0,-3.203426503814917e-16,1,1.0,2.0,-3.203426503814917e-16,0.0,426.0,1.0,0.0,1.0,5.612576824186149,5.612576824186149,5.612576824186149,1.0,1.646931202611513,101.85605436159166,0.4229389010583976,0.5645539906103286,2.44666675332265,0.6671041690433485,0.6671041690433485,0.6671041690433485,1.0,1387.7894736842106,1387.7894736842106,1387.7894736842106,1.0,2.1578947368421053,0.11357340720221606,0.19124121673772762,0.19124121673772762,0.19124121673772762,3.3660913291191887,0.04460093896713615,885.0858725761773,0.0,1000000.0,0.0,0.0,2.664582542640217,77.15962441314554,0.1811258789040975,3.263814498886905,1.0,23.366197183098592,23.366197183098592,23.366197183098592,1.0,0.08346897226983298,0.08346897226983298,0.08346897226983298
1,1383,47,0.5470588505268097,0.7980392277240753,258.5001308124373,-3.203426503814917e-16,0.10490195453166962,3.0552925818889967,0.9215686321258545,0.0751426141689166,0.6461399285116605,0.6235294342041016,0.3960784375667572,0.5254901945590973,0.050648926725788815,0.653121636931272,0.7524993958275749,258.5001308124373,1.0,0.009071065410730666,0.8383789211689131,145.66096601303823,106.88779163215975,512.0,122.11908354243272,1160.8296526140125,2.267245415261743,606.0,0.06909894540302834,1.0,0.0,0.0,0.0,0.0,1.0,0.0,-3.203426503814917e-16,0.0,1.0,1.0,1.0,1.0,0.0,0.0,0.0,1.0,1.0,-3.203426503814917e-16,1,1.0,2.0,-3.203426503814917e-16,0.0,606.0,1.0,0.0,1.0,4.267304099932995,4.267304099932995,4.267304099932995,1.0,1.6066165303625453,148.90487681864363,0.4129852397592789,0.5924092409240924,1.39011291552807,0.6495822450368067,0.6495822450368067,0.6495822450368067,1.0,2199.0,2199.0,2199.0,1.0,3.1818181818181817,0.1446280991735537,0.21777353055832827,0.21777353055832827,0.21777353055832827,3.350051075156989,0.036303630363036306,1440.2479338842975,0.0,1000000.0,0.0,0.0,2.426353735218591,125.12871287128714,0.20648302454007778,1.7538040932806154,1.0,19.90759075907591,19.90759075907591,19.90759075907591,1.0,0.08131807398426917,0.08131807398426917,0.08131807398426917
0,1285,9,0.007843137718737125,0.27843138575553894,1790.372493362688,-3.203426503814917e-16,0.21176470629870892,3.725391399483033,1.0,0.10101729426739209,0.11946980621390196,0.08235294371843338,0.0,1.0,0.08444466508302718,0.1664388170746929,0.8646018176895579,1790.372493362688,1.0,0.013428845232435793,0.9987137345147336,297.64291935937484,361.33225707096784,64605.5,297.26007154526894,1633.435641587169,0.025283228851834115,64630.0,0.5516170105609884,1.0,0.0,0.0,0.0,0.0,1.0,0.0,-3.203426503814917e-16,0.0,1.0,1.0,1.0,1.0,0.0,0.0,0.0,1.0,1.0,-3.203426503814917e-16,1,1.0,2.0,-3.203426503814917e-16,0.0,64630.0,1.0,0.0,1.0,23513.67912562172,23513.67912562172,23513.67912562172,1.0,4.936344890738158,71.94491599212195,0.15340945111294746,0.008950951570478104,9073.913658605295,0.18664709138312147,0.18664709138312147,0.18664709138312147,1.0,347860245.1666667,347860245.1666667,347860245.1666667,1.0,4.5,0.375,0.6219675926125559,0.6219675926125559,0.6219675926125559,1.9473387961875512,0.00018567228841095466,318853044.4722222,0.0,1000000.0,0.0,0.0,0.19041375054406678,61734.563732013,0.9551998101812316,0.24265201870732817,1.0,79.95884264273558,79.95884264273558,79.95884264273558,1.0,0.012932433446671084,0.012932433446671084,0.012932433446671084
1,1383,33,0.48235294222831726,0.6705882549285889,66.08412592190139,-3.203426503814917e-16,0.10294117033481598,3.0272257969146814,0.7372549176216125,0.062099226898318316,0.594458672825409,0.6137255132198334,0.3764705955982208,0.3607843220233917,0.04452864197287321,0.5992936327637757,-0.7868607673347395,66.08412592190139,1.0,0.005771744573856514,0.8165216784180539,45.67349529675385,39.408120990476064,151.0,37.29339903892455,372.0142853498746,2.4636707639064546,184.0,0.11709376989028346,1.0,0.0,0.0,0.0,0.0,1.0,0.0,-3.203426503814917e-16,0.0,1.0,1.0,1.0,1.0,0.0,0.0,0.0,1.0,1.0,-3.203426503814917e-16,1,1.0,2.0,-3.203426503814917e-16,0.0,184.0,1.0,0.0,1.0,3.5509769958406388,3.5509769958406388,3.5509769958406388,1.0,1.4914697984002088,51.527372764981926,0.44745885133661817,0.623641304347826,0.9487182036394213,0.6802012519143337,0.6802012519143337,0.6802012519143337,1.0,1034.1666666666667,1034.1666666666667,1034.1666666666667,1.0,4.5,0.375,0.6055266711531787,0.6055266711531787,0.6055266711531787,1.9473387961875512,0.06521739130434782,799.0555555555557,0.0,1000000.0,0.0,0.0,2.465121604964179,38.42391304347826,0.20882561436672967,1.8803166351606808,1.0,17.967391304347824,17.967391304347824,17.967391304347824,1.0,0.11837079759440008,0.11837079759440008,0.11837079759440008
1,1380,33,0.4901960790157318,0.6666666865348816,128.26878260829017,-3.203426503814917e-16,0.11862744390964508,1.7971060357360713,0.7058823704719543,0.058630858599842815,0.5802774505412325,0.5843137502670288,0.43921568989753723,0.2666666805744171,0.04882367246876005,0.5840722380642376,-0.15865022257511616,128.26878260829017,1.0,0.004418459670734953,0.8233002114243202,97.65888237576901,78.00640999302557,314.0,80.40257850743345,752.5727265770338,2.3967284285892796,376.0,0.08346824472709283,1.0,0.0,0.0,0.0,0.0,1.0,0.0,-3.203426503814917e-16,0.0,1.0,1.0,1.0,1.0,0.0,0.0,0.0,1.0,1.0,-3.203426503814917e-16,1,1.0,2.0,-3.203426503814917e-16,0.0,376.0,1.0,0.0,1.0,3.5431525012281315,3.5431525012281315,3.5431525012281315,1.0,1.5077242785668588,108.74274706656067,0.4603452693529898,0.6269946808510638,0.9873634977307614,0.7004647895323884,0.7004647895323884,0.7004647895323884,1.0,1089.6521739130435,1089.6521739130435,1089.6521739130435,1.0,3.4347826086956523,0.14933837429111532,0.33293746009328246,0.33293746009328246,0.33293746009328246,3.083587370023803,0.061170212765957445,822.4007561436674,0.0,1000000.0,0.0,0.0,2.4811297273636037,76.99468085106383,0.20477308736985061,1.9093198279764598,1.0,17.78191489361702,17.78191489361702,17.78191489361702,1.0,0.10364101666572854,0.10364101666572854,0.10364101666572854
2,1260,8,0.38823530077934265,0.4274509847164154,39.33722519290397,-3.203426503814917e-16,0.023529410362243652,5.292453042601979,0.48235294222831726,0.013051381797514508,0.40789299319356176,0.40784314274787903,0.3490196168422699,0.13333332538604736,0.009220747233239889,0.4082684871466946,0.46772953261495587,39.33722519290397,1.0,0.00030646370064773355,0.8039807158143906,57.87664063610788,46.14108798023731,199.0,46.53170296755026,458.92597359530646,2.306160671333198,236.0,0.10896545390527405,1.0,0.0,0.0,0.0,0.0,1.0,0.0,-3.203426503814917e-16,0.0,1.0,1.0,1.0,1.0,0.0,0.0,0.0,1.0,1.0,-3.203426503814917e-16,1,1.0,2.0,-3.203426503814917e-16,0.0,236.0,1.0,0.0,1.0,3.720748384387935,3.720748384387935,3.720748384387935,1.0,1.5487232107509068,63.30008467455873,0.43864140594221257,0.6101694915254238,1.0187148554709076,0.6799059507334277,0.6799059507334277,0.6799059507334277,1.0,1244.5454545454545,1244.5454545454545,1244.5454545454545,1.0,2.272727272727273,0.2066115702479339,0.38449120376788276,0.38449120376788276,0.38449120376788276,2.550340709546386,0.046610169491525424,784.2479338842976,0.0,1000000.0,0.0,0.0,2.5443824013675087,45.97457627118644,0.1948075265728239,2.146940534329216,1.0,19.110169491525422,19.110169491525422,19.110169491525422,1.0,0.0997983745051693,0.0997983745051693,0.0997983745051693
0,1281,19,0.4345098078250885,0.6133333563804627,10.569812205421709,-3.203426503814917e-16,0.12352943420410156,1.8272258074171743,0.6470588445663452,0.06170863787019668,0.5158371176475134,0.4941176474094391,0.4274509847164154,0.2196078598499298,0.04996430464515328,0.5205966056170975,0.3757390776129655,10.569812205421709,1.0,0.004932893837149361,0.8326727060137522,25.67661674455626,21.93171219946131,29.5,21.38021794596768,89.05382386916244,3.018773690480083,39.0,0.21620382232498758,1.0,0.0,0.0,0.0,0.0,1.0,0.0,-3.203426503814917e-16,0.0,1.0,1.0,1.0,1.0,0.0,0.0,0.0,1.0,1.0,-3.203426503814917e-16,1,1.0,2.0,-3.203426503814917e-16,0.0,39.0,1.0,0.0,1.0,2.3782042510490786,2.3782042510490786,2.3782042510490786,1.0,1.143747826940665,15.824188104360518,0.5597252432654433,0.7243589743589745,0.46730593936389897,0.7754131539003426,0.7754131539003426,0.7754131539003426,1.0,68.16666666666667,68.16666666666667,68.16666666666667,1.0,1.3333333333333333,0.2222222222222222,0.3561372156249502,0.3561372156249502,0.3561372156249502,2.2516291673878213,0.15384615384615385,25.916666666666664,0.0,1000000.0,0.0,0.0,2.0732382856010956,10.948717948717949,0.2807363576594346,1.0861275476660093,1.0,11.35897435897436,11.35897435897436,11.35897435897436,1.0,0.1608831908831909,0.1608831908831909,0.1608831908831909
1,1263,37,0.29019609093666077,0.36666667461395264,10.920508117598793,-3.203426503814917e-16,0.028431370854377747,3.91338103987525,0.3764705955982208,0.022903048743804295,0.335947722196579,0.3450980484485626,0.2549019753932953,0.12156862020492554,0.014149149121339962,0.33727628569416807,-1.23187469418362,10.920508117598793,1.0,0.0008944208425842871,0.6499037626757235,38.308821992094224,32.55764119219941,78.5,24.89704755633654,196.49242404917572,2.5030882044480984,96.0,0.1598431207229307,1.0,0.0,0.0,0.0,0.0,1.0,0.0,-3.203426503814917e-16,0.0,1.0,1.0,1.0,1.0,0.0,0.0,0.0,1.0,1.0,-3.203426503814917e-16,1,1.0,2.0,-3.203426503814917e-16,0.0,96.0,1.0,0.0,1.0,3.2627127077740754,3.2627127077740754,3.2627127077740754,1.0,1.422241162537719,29.07947176532799,0.4705429203933106,0.640625,0.8065105214125343,0.7054998417749245,0.7054998417749245,0.7054998417749245,1.0,253.2,253.2,253.2,1.0,2.4,0.24,0.4338715487360691,0.4338715487360691,0.4338715487360691,2.3219280948873604,0.10416666666666667,161.04,0.0,1000000.0,0.0,0.0,2.367622823397808,22.291666666666668,0.2322048611111111,1.734375,1.0,16.75,16.75,16.75,1.0,0.12600251558956918,0.12600251558956918,0.12600251558956918
1,1263,11,0.007843137718737125,0.1882352977991104,836.224294421027,-3.203426503814917e-16,0.1333333384245634,5.3225425959717985,0.729411780834198,0.06633180346540282,0.08273313419853147,0.054901961237192154,0.0,0.729411780834198,0.05511025883752238,0.1133489755820963,1.1058400125997236,836.224294421027,1.0,0.006003218771198448,0.9996574985002862,296.6134533259706,361.33225707096784,65072.5,296.5118627733712,1307.4041122946078,0.020091499670284802,65086.0,0.6916618650326221,1.0,0.0,0.0,0.0,0.0,1.0,0.0,-3.203426503814917e-16,0.0,1.0,1.0,1.0,1.0,0.0,0.0,0.0,1.0,1.0,-3.203426503814917e-16,1,1.0,2.0,-3.203426503814917e-16,0.0,65086.0,1.0,0.0,1.0,31086.654975268553,31086.654975268553,31086.654975268553,1.0,4.704011794475446,84.28728781500593,0.23927946868475608,0.007267307869587931,7628.732204176721,0.10357855456932749,0.10357855456932749,0.10357855456932749,1.0,4236187396.0,4236187396.0,4236187396.0,1.0,1.0,1.0,2.3606132272246625e-10,2.3606132272246625e-10,2.3606132272246625e-10,-3.203426503814917e-16,1.536428725071444e-05,0.0,0.0,1000000.0,0.0,0.0,0.15422121434538055,62650.75180530375,0.962584147209903,0.18553919515981676,1.0,80.14242694281413,80.14242694281413,80.14242694281413,1.0,0.012709793010785342,0.012709793010785342,0.012709793010785342
0,1281,23,0.501960813999176,0.6298039436340332,42.74933073238343,-3.203426503814917e-16,0.06666666269302368,3.013465657892161,0.7176470756530762,0.0414466229191533,0.5603195585586407,0.5529412031173706,0.4313725531101227,0.2862745225429535,0.02851878578770799,0.5627270289658798,0.4215832020178947,42.74933073238343,1.0,0.0027037014254161994,0.7069249443751158,27.18026524648773,27.294688127912362,112.0,19.21440749747423,269.4041122946076,2.4053938597732825,135.0,0.13925465531740855,1.0,0.0,0.0,0.0,0.0,1.0,0.0,-3.203426503814917e-16,0.0,1.0,1.0,1.0,1.0,0.0,0.0,0.0,1.0,1.0,-3.203426503814917e-16,1,1.0,2.0,-3.203426503814917e-16,0.0,135.0,1.0,0.0,1.0,3.771938978334327,3.771938978334327,3.771938978334327,1.0,1.5348445448459143,35.89632081097197,0.4334107188265195,0.6092592592592593,1.034505990408661,0.6692143936068597,0.6692143936068597,0.6692143936068597,1.0,1801.4,1801.4,1801.4,1.0,1.4,0.28,0.45010814350249906,0.45010814350249906,0.45010814350249906,1.9219280948873612,0.037037037037037035,1072.4,0.0,1000000.0,0.0,0.0,2.4712761892655473,26.985185185185184,0.19989026063100138,1.8730315500685872,1.0,18.896296296296295,18.896296296296295,18.896296296296295,1.0,0.09508398421096832,0.09508398421096832,0.09508398421096832
2,1361,18,0.5627451241016388,0.729411780834198,185.98773905158748,-3.203426503814917e-16,0.08627450466156006,5.0208763585633385,0.8470588326454163,0.05468856781287162,0.6492175052472211,0.658823549747467,0.27843138575553894,0.5686274468898773,0.03649588188214859,0.6531289177075555,-0.7475469974404642,185.98773905158748,1.0,0.005094014026417333,0.9492977990253101,96.03099884054822,79.40403012442127,383.0,91.16201583753453,767.0163773909296,2.002653726869268,436.0,0.09044814864727932,1.0,0.0,0.0,0.0,0.0,1.0,0.0,-3.203426503814917e-16,0.0,1.0,1.0,1.0,1.0,0.0,0.0,0.0,1.0,1.0,-3.203426503814917e-16,1,1.0,2.0,-3.203426503814917e-16,0.0,436.0,1.0,0.0,1.0,4.920861674673591,4.920861674673591,4.920861674673591,1.0,1.6834853985179956,101.99181888138716,0.41328946117022763,0.5659403669724771,1.7967388225563898,0.659999693944515,0.659999693944515,0.659999693944515,1.0,1312.3333333333333,1312.3333333333333,1312.3333333333333,1.0,5.75,0.23958333333333334,0.48720317916194583,0.48720317916194583,0.48720317916194583,2.8327230088457243,0.05504587155963303,982.3055555555557,0.0,1000000.0,0.0,0.0,2.768533938000455,75.14220183486239,0.172344499621244,2.9648388182812893,1.0,22.96788990825688,22.96788990825688,22.96788990825688,1.0,0.09607812937016466,0.09607812937016466,0.09607812937016466
2,1260,16,0.48627451062202454,0.6509804129600525,220.36750595249185,-3.203426503814917e-16,0.09411764144897461,2.4431066226818112,0.7333333492279053,0.051255784739655606,0.5710344231146538,0.5686274766921997,0.3960784375667572,0.33725491166114807,0.038895122753612746,0.5743617988487607,-0.10548783832677484,220.36750595249185,1.0,0.003811163594898749,0.8850638907401666,119.0091473446954,95.69221493935649,575.5,105.33069898256589,1230.954544295032,2.138930572189456,668.0,0.06908528921619322,1.0,0.0,0.0,0.0,0.0,1.0,0.0,-3.203426503814917e-16,0.0,1.0,1.0,1.0,1.0,0.0,0.0,0.0,1.0,1.0,-3.203426503814917e-16,1,1.0,2.0,-3.203426503814917e-16,0.0,668.0,1.0,0.0,1.0,4.507615952094494,4.507615952094494,4.507615952094494,1.0,1.7031448996105383,152.62277147929592,0.39941378837797215,0.5688622754491017,1.3914783030603899,0.641685598739271,0.641685598739271,0.641685598739271,1.0,2638.4545454545455,2638.4545454545455,2638.4545454545455,1.0,2.272727272727273,0.10330578512396695,0.27544651862365876,0.27544651862365876,0.27544651862365876,3.624680346973644,0.03293413173652695,1716.5041322314048,0.0,1000000.0,0.0,0.0,2.621333919343137,126.26646706586827,0.18902165728423392,2.4060920076015635,1.0,22.20059880239521,22.20059880239521,22.20059880239521,1.0,0.08076966932537043,0.08076966932537043,0.08076966932537043
0,1284,23,0.4156862795352936,0.5803921818733215,36.939532453036705,-3.203426503814917e-16,0.06666666269302368,3.4021043949151792,0.6470588445663452,0.04868242354678184,0.4721039423913312,0.4470588266849518,0.38823530077934265,0.25882354378700256,0.03356155648458102,0.47604926056542485,1.1874702081632316,36.939532453036705,1.0,0.003740766063450425,0.8383747252855788,33.36843445145116,33.24154027718932,133.0,27.975252066445208,339.58787847868143,2.553292319388582,163.0,0.12038671741350979,1.0,0.0,0.0,0.0,0.0,1.0,0.0,-3.203426503814917e-16,0.0,1.0,1.0,1.0,1.0,0.0,0.0,0.0,1.0,1.0,-3.203426503814917e-16,1,1.0,2.0,-3.203426503814917e-16,0.0,163.0,1.0,0.0,1.0,3.4840467884121233,3.4840467884121233,3.4840467884121233,1.0,1.456553001546216,48.11577476316523,0.46430630169612797,0.6319018404907976,0.9488043137744626,0.6970275780047637,0.6970275780047637,0.6970275780047637,1.0,2542.4285714285716,2542.4285714285716,2542.4285714285716,1.0,2.142857142857143,0.30612244897959184,0.5002368959517843,0.5002368959517843,0.5002368959517843,1.8423709931771073,0.04294478527607362,2000.2040816326532,0.0,1000000.0,0.0,0.0,2.264699137997425,38.80368098159509,0.23805939252512326,1.4018593097218564,1.0,16.96319018404908,16.96319018404908,16.96319018404908,1.0,0.10031516492077405,0.10031516492077405,0.10031516492077405
1,1270,25,0.43921568989753723,0.5960784554481506,123.99056572549685,-3.203426503814917e-16,0.09019610285758972,4.040643887045544,0.6549019813537598,0.052090527812846725,0.5098875533543161,0.5137255191802979,0.2666666805744171,0.38823530077934265,0.037236586542546704,0.5141713803489352,-0.5743124682328846,123.99056572549685,1.0,0.0043868913042787085,0.7903668064317573,89.7346518240837,70.26378868236469,407.5,70.92329018846671,821.7859300126304,2.01665258898805,469.0,0.08707831911766939,1.0,0.0,0.0,0.0,0.0,1.0,0.0,-3.203426503814917e-16,0.0,1.0,1.0,1.0,1.0,0.0,0.0,0.0,1.0,1.0,-3.203426503814917e-16,1,1.0,2.0,-3.203426503814917e-16,0.0,469.0,1.0,0.0,1.0,5.49921316459548,5.49921316459548,5.49921316459548,1.0,1.7111249059507954,101.56382600434543,0.39338674148483954,0.5501066098081024,2.1906271870790155,0.63897081925387,0.63897081925387,0.63897081925387,1.0,3160.4375,3160.4375,3160.4375,1.0,3.0,0.1875,0.41753018700510447,0.41753018700510447,0.41753018700510447,2.9056390622295627,0.03411513859275053,2301.21484375,0.0,1000000.0,0.0,0.0,2.6600554357536046,84.11727078891258,0.1793545219379799,3.1101058824064265,1.0,24.26226012793177,24.26226012793177,24.26226012793177,1.0,0.08302744490752156,0.08302744490752156,0.08302744490752156
1,1383,39,0.3686274588108063,0.4941176474094391,75.51934091146524,-3.203426503814917e-16,0.0627450942993164,2.786762636572958,0.5607843399047852,0.03950739979040243,0.44002037806944416,0.4470588266849518,0.3019607961177826,0.25882354378700256,0.027610026586514253,0.44289291283285626,-0.2554649194544193,75.51934091146524,1.0,0.0025361991211955174,0.9326803033746133,71.57668477043599,60.440052945046304,332.5,66.7581640662393,722.6316010800792,2.1733281235491106,385.0,0.08945071312834266,1.0,0.0,0.0,0.0,0.0,1.0,0.0,-3.203426503814917e-16,0.0,1.0,1.0,1.0,1.0,0.0,0.0,0.0,1.0,1.0,-3.203426503814917e-16,1,1.0,2.0,-3.203426503814917e-16,0.0,385.0,1.0,0.0,1.0,4.038725085942211,4.038725085942211,4.038725085942211,1.0,1.6266209818560067,92.91982364627624,0.40864067466308546,0.5896103896103896,1.1475692286394918,0.6468009699061366,0.6468009699061366,0.6468009699061366,1.0,2761.25,2761.25,2761.25,1.0,2.0,0.16666666666666666,0.3638895141333694,0.3638895141333694,0.3638895141333694,2.9182958340544864,0.03116883116883117,1731.9097222222222,0.0,1000000.0,0.0,0.0,2.498127943998047,77.15584415584415,0.20040479001517963,1.9172474278967786,1.0,20.26233766233766,20.26233766233766,20.26233766233766,1.0,0.08563650720028271,0.08563650720028271,0.08563650720028271
2,1261,20,0.6117647290229797,0.7450980544090271,190.70918430420966,-3.203426503814917e-16,0.07058823108673096,4.124125630585615,0.8235294222831726,0.04221879545779958,0.6708397568687974,0.6666666865348816,0.4000000059604645,0.42352941632270813,0.029601243148420588,0.673046013723855,0.12924411646717673,190.70918430420966,1.0,0.002964957193784501,0.9101383280234141,98.1636489037383,83.73768566183328,351.0,89.34249928592583,834.6559876977194,2.3779372868880895,421.0,0.0795702966082398,1.0,0.0,0.0,0.0,0.0,1.0,0.0,-3.203426503814917e-16,0.0,1.0,1.0,1.0,1.0,0.0,0.0,0.0,1.0,1.0,-3.203426503814917e-16,1,1.0,2.0,-3.203426503814917e-16,0.0,421.0,1.0,0.0,1.0,3.702571745209263,3.702571745209263,3.702571745209263,1.0,1.5336412162465503,112.44295542325338,0.4338218313742226,0.6140142517814726,1.0368608921834237,0.6690416113313121,0.6690416113313121,0.6690416113313121,1.0,1458.9130434782608,1458.9130434782608,1458.9130434782608,1.0,4.739130434782608,0.2060491493383743,0.4213721994095702,0.4213721994095702,0.4213721994095702,2.8057456515210557,0.05463182897862233,1123.8638941398867,0.0,1000000.0,0.0,0.0,2.46023319984511,86.27315914489311,0.20492436851518553,1.8046275974520567,1.0,18.51543942992874,18.51543942992874,18.51543942992874,1.0,0.09955840887423853,0.09955840887423853,0.09955840887423853
1,1270,37,0.3843137323856354,0.5921568870544434,165.23185746047523,-3.203426503814917e-16,0.11372551321983337,2.865686577869563,0.6431372761726379,0.0645701326031005,0.4686194147033013,0.45098039507865906,0.16470588743686676,0.4784313887357712,0.04760761013711721,0.47543177504553513,0.11689049341678986,165.23185746047523,1.0,0.006431216886083643,0.8362114695061021,151.42811045383627,112.44554237496477,620.0,126.6259227671348,1377.8073580374003,2.2222699323183877,731.0,0.06406373824937336,1.0,0.0,0.0,0.0,0.0,1.0,0.0,-3.203426503814917e-16,0.0,1.0,1.0,1.0,1.0,0.0,0.0,0.0,1.0,1.0,-3.203426503814917e-16,1,1.0,2.0,-3.203426503814917e-16,0.0,731.0,1.0,0.0,1.0,4.346785215337058,4.346785215337058,4.346785215337058,1.0,1.6313846856760126,184.0248326604139,0.42777437699508875,0.5872093023255814,1.4316853413914201,0.6722917750478947,0.6722917750478947,0.6722917750478947,1.0,1175.9736842105262,1175.9736842105262,1175.9736842105262,1.0,8.31578947368421,0.2188365650969529,0.4641193195876455,0.4641193195876455,0.4641193195876455,3.2614309792000062,0.05198358413132695,805.917590027701,0.0,1000000.0,0.0,0.0,2.6576217637598596,136.88508891928865,0.1872573035831582,2.6240575191677538,1.0,21.13406292749658,21.13406292749658,21.13406292749658,1.0,0.09855178570136063,0.09855178570136063,0.09855178570136063
1,1263,31,0.5043137550354004,0.6800000190734864,85.89180212689212,-3.203426503814917e-16,0.0627450942993164,4.827558862095424,0.8392156958580017,0.053659269736770404,0.5732509572682214,0.5607843399047852,0.3686274588108063,0.47058823704719543,0.03058963319788655,0.5781084213166641,0.9950600359893603,85.89180212689212,1.0,0.0055926867883134565,0.6704450890954914,57.47939037515835,49.4064773081425,213.5,38.53677500122757,504.52395334175344,2.3631098517178146,257.0,0.10266492201137566,1.0,0.0,0.0,0.0,0.0,1.0,0.0,-3.203426503814917e-16,0.0,1.0,1.0,1.0,1.0,0.0,0.0,0.0,1.0,1.0,-3.203426503814917e-16,1,1.0,2.0,-3.203426503814917e-16,0.0,257.0,1.0,0.0,1.0,3.670689458022191,3.670689458022191,3.670689458022191,1.0,1.5603319648451832,68.28962140673659,0.4345989387437505,0.6099221789883268,0.9601038237231778,0.6775256759663868,0.6775256759663868,0.6775256759663868,1.0,1486.5,1486.5,1486.5,1.0,2.7142857142857144,0.19387755102040816,0.39602753489473913,0.39602753489473913,0.39602753489473913,2.692380602454972,0.054474708171206226,1149.5153061224487,0.0,1000000.0,0.0,0.0,2.5672159438819433,50.57976653696498,0.1968084301049221,2.1761116746657785,1.0,19.155642023346303,19.155642023346303,19.155642023346303,1.0,0.1014932678648632,0.1014932678648632,0.1014932678648632
1,1270,10,0.0117647061124444,0.30588236451148987,3161.061850801135,-3.203426503814917e-16,0.2156862746924162,8.977648916567835,1.0,0.12976931865740765,0.13883644636350476,0.05882352963089943,0.0,1.0,0.0888308002858904,0.22179040654493434,2.1757767518348277,3161.061850801135,1.0,0.029915425596520922,0.9995536041950854,298.46171419804716,361.33225707096784,64243.0,298.3284821409016,1464.0142853498749,0.022788697373252724,64261.0,0.6137231765409065,1.0,0.0,0.0,0.0,0.0,1.0,0.0,-3.203426503814917e-16,0.0,1.0,1.0,1.0,1.0,0.0,0.0,0.0,1.0,1.0,-3.203426503814917e-16,1,1.0,2.0,-3.203426503814917e-16,0.0,64261.0,1.0,0.0,1.0,25971.757526081106,25971.757526081106,25971.757526081106,1.0,4.760950187634281,72.84171612372629,0.17843621654498715,0.008216492118080952,7975.993232172307,0.13660351788092767,0.13660351788092767,0.13660351788092767,1.0,1032240513.75,1032240513.75,1032240513.75,1.0,1.5,0.375,0.5625000000605479,0.5625000000605479,0.5625000000605479,1.4999999999999991,6.224615240970417e-05,774148256.1875,0.0,1000000.0,0.0,0.0,0.17329939115502654,61581.148239211965,0.9582973847156434,0.21562609200519456,1.0,80.03677191453603,80.03677191453603,80.03677191453603,1.0,0.012811040754158792,0.012811040754158792,0.012811040754158792
2,1361,20,0.2666666805744171,0.364705890417099,64.74731659537099,-3.203426503814917e-16,0.05882352590560913,2.923540566827304,0.4117647111415863,0.03245708769228055,0.3170656375939538,0.3176470696926117,0.1725490242242813,0.239215686917305,0.024180275322683648,0.3195701879713083,-0.35047503591796314,64.74731659537099,1.0,0.0015944864971569243,0.7504134231564578,131.44710236491488,100.60318086422517,549.5,98.63967004965309,1177.2144289248602,2.142337450272721,634.0,0.07058837819292658,1.0,0.0,0.0,0.0,0.0,1.0,0.0,-3.203426503814917e-16,0.0,1.0,1.0,1.0,1.0,0.0,0.0,0.0,1.0,1.0,-3.203426503814917e-16,1,1.0,2.0,-3.203426503814917e-16,0.0,634.0,1.0,0.0,1.0,4.091866055835491,4.091866055835491,4.091866055835491,1.0,1.662040369330021,148.63460776749375,0.4018028460645754,0.5824132492113565,1.1332523475732152,0.6415957479280053,0.6415957479280053,0.6415957479280053,1.0,1239.6666666666667,1239.6666666666667,1239.6666666666667,1.0,3.8,0.12666666666666668,0.3278631250666954,0.3278631250666954,0.3278631250666954,3.5974168451037034,0.0473186119873817,793.048888888889,0.0,1000000.0,0.0,0.0,2.5183197845068777,126.89589905362776,0.2001512603369523,1.9470190767148643,1.0,20.78864353312303,20.78864353312303,20.78864353312303,1.0,0.08660552667439217,0.08660552667439217,0.08660552667439217
1,1380,25,0.4941176474094391,0.6337255120277405,163.41728319224126,-3.203426503814917e-16,0.07450979948043823,3.7205026017611393,0.7686274647712708,0.04391615814443065,0.5604112157543886,0.5529412031173706,0.4431372582912445,0.32549020648002625,0.029359043640697226,0.5633072989005585,0.7642989049194219,163.41728319224126,1.0,0.003254382251331346,0.8186841215972581,101.68908368254682,78.60025445251433,434.5,83.25123815067593,1010.663130372657,2.326037123987703,515.0,0.07311279719808936,1.0,0.0,0.0,0.0,0.0,1.0,0.0,-3.203426503814917e-16,0.0,1.0,1.0,1.0,1.0,0.0,0.0,0.0,1.0,1.0,-3.203426503814917e-16,1,1.0,2.0,-3.203426503814917e-16,0.0,515.0,1.0,0.0,1.0,3.7077909837858942,3.7077909837858942,3.7077909837858942,1.0,1.5752362815458643,133.87946361005856,0.42700654200265153,0.6067961165048544,0.9723422304483604,0.6671028678662023,0.6671028678662023,0.6671028678662023,1.0,2232.0454545454545,2232.0454545454545,2232.0454545454545,1.0,4.090909090909091,0.1859504132231405,0.4146398560443641,0.4146398560443641,0.4146398560443641,3.0048861640918396,0.04271844660194175,1684.059917355372,0.0,1000000.0,0.0,0.0,2.443643841981129,108.26990291262136,0.21023282118955602,1.755490621170704,1.0,18.941747572815533,18.941747572815533,18.941747572815533,1.0,0.09352030083878211,0.09352030083878211,0.09352030083878211
1,1270,19,0.6274510025978088,0.8121568739414216,360.6433071489338,-3.203426503814917e-16,0.10588234663009644,6.370230733813943,0.8823529481887817,0.06253886854891873,0.7129748063428062,0.7176470756530762,0.2705882489681244,0.6117646992206573,0.042700427128378175,0.7177776288645926,-1.126067140496609,360.6433071489338,1.0,0.006871650018914942,0.9060752446772191,131.1717082445678,106.30145812734649,598.5,118.85143764242557,1338.16774773062,2.23586925268274,700.0,0.06480767645411739,1.0,0.0,0.0,0.0,0.0,1.0,0.0,-3.203426503814917e-16,0.0,1.0,1.0,1.0,1.0,0.0,0.0,0.0,1.0,1.0,-3.203426503814917e-16,1,1.0,2.0,-3.203426503814917e-16,0.0,700.0,1.0,0.0,1.0,4.180626095610091,4.180626095610091,4.180626095610091,1.0,1.582548170349183,186.793963171528,0.4436204788560761,0.6010714285714286,1.40660832774366,0.6856085872905717,0.6856085872905717,0.6856085872905717,1.0,1375.875,1375.875,1375.875,1.0,4.3125,0.134765625,0.35274367148340885,0.35274367148340885,0.35274367148340885,3.5868974703476932,0.045714285714285714,897.359375,0.0,1000000.0,0.0,0.0,2.5204373226545824,140.82285714285715,0.20117551020408164,2.126212244897959,1.0,19.694285714285716,19.694285714285716,19.694285714285716,1.0,0.09271174346722819,0.09271174346722819,0.09271174346722819
1,1383,23,0.3490196168422699,0.4741176486015321,51.05004402989016,-3.203426503814917e-16,0.04999999701976776,3.9521889734068405,0.5921568870544434,0.03551452379585656,0.4083755425862129,0.40392157435417175,0.3137255012989044,0.27843138575553894,0.02248721224600057,0.4111445985218291,0.6969101046134476,51.05004402989016,1.0,0.002269297111092235,0.8726227051062325,74.00690534683531,60.53924347066124,248.5,64.58010594029633,611.1341263970205,2.4592922591429396,302.0,0.09143902627858837,1.0,0.0,0.0,0.0,0.0,1.0,0.0,-3.203426503814917e-16,0.0,1.0,1.0,1.0,1.0,0.0,0.0,0.0,1.0,1.0,-3.203426503814917e-16,1,1.0,2.0,-3.203426503814917e-16,0.0,302.0,1.0,0.0,1.0,3.2494215059253486,3.2494215059253486,3.2494215059253486,1.0,1.4657869220540907,88.39988471770617,0.4578026504384036,0.6382450331125828,0.785384646361814,0.6959332905597768,0.6959332905597768,0.6959332905597768,1.0,383.7037037037037,383.7037037037037,383.7037037037037,1.0,6.111111111111111,0.22633744855967078,0.47911961727374774,0.47911961727374774,0.47911961727374774,2.985463890651711,0.08940397350993377,258.59533607681755,0.0,1000000.0,0.0,0.0,2.517341175142639,59.48344370860927,0.19696504539274592,1.995394938818473,1.0,17.158940397350992,17.158940397350992,17.158940397350992,1.0,0.12459578340166089,0.12459578340166089,0.12459578340166089
1,1270,27,0.5082353234291077,0.6705882549285889,182.42177397818006,-3.203426503814917e-16,0.09803920984268188,2.7989240925969314,0.7372549176216125,0.05240636522423248,0.5964574605755552,0.6000000238418579,0.3529411852359772,0.3843137323856354,0.03854654088719493,0.5998385285324644,-0.3525904784884805,182.42177397818006,1.0,0.004044758035752249,0.8038310761896695,122.62692814520719,96.51942809610924,424.0,98.57133562079517,1019.6925676241797,2.4049353010004237,507.0,0.07158443582033455,1.0,0.0,0.0,0.0,0.0,1.0,0.0,-3.203426503814917e-16,0.0,1.0,1.0,1.0,1.0,0.0,0.0,0.0,1.0,1.0,-3.203426503814917e-16,1,1.0,2.0,-3.203426503814917e-16,0.0,507.0,1.0,0.0,1.0,3.565633933832895,3.565633933832895,3.565633933832895,1.0,1.4899568070479032,148.23877027417473,0.46357727723063213,0.6291913214990138,1.0282246591845767,0.7022987144201662,0.7022987144201662,0.7022987144201662,1.0,917.0,917.0,917.0,1.0,5.068965517241379,0.17479191438763378,0.41339603339114467,0.41339603339114467,0.41339603339114467,3.3128556397077826,0.05719921104536489,611.3531510107016,0.0,1000000.0,0.0,0.0,2.3667291630279306,110.04930966469428,0.21705978237612283,1.5905916770732427,1.0,17.323471400394478,17.323471400394478,17.323471400394478,1.0,0.10425999722703018,0.10425999722703018,0.10425999722703018
0,1382,29,0.6423529624938965,0.8078431487083435,107.09260015286382,-3.203426503814917e-16,0.08627450466156006,2.983523023435537,0.8980392217636108,0.0512183891138842,0.7129749678538747,0.7019608020782471,0.5882353186607361,0.30980390310287476,0.03616696463099548,0.715824549327837,0.7132923301915098,107.09260015286382,1.0,0.004071480634167452,0.8006389648010342,55.793383345344004,45.65084884205331,177.5,44.67035668436349,407.57063453597874,2.2961725889350917,209.0,0.11587806251173315,1.0,0.0,0.0,0.0,0.0,1.0,0.0,-3.203426503814917e-16,0.0,1.0,1.0,1.0,1.0,0.0,0.0,0.0,1.0,1.0,-3.203426503814917e-16,1,1.0,2.0,-3.203426503814917e-16,0.0,209.0,1.0,0.0,1.0,3.78724785451325,3.78724785451325,3.78724785451325,1.0,1.532223514455912,56.876058255310454,0.4440110848688434,0.6100478468899522,1.0858068048882186,0.6825307260234457,0.6825307260234457,0.6825307260234457,1.0,800.5,800.5,800.5,1.0,1.6,0.16,0.3035346665472358,0.3035346665472358,0.3035346665472358,2.846439344671013,0.04784688995215311,363.69,0.0,1000000.0,0.0,0.0,2.4393684457289124,43.10526315789474,0.20624527826743894,1.8756438726219637,1.0,18.84688995215311,18.84688995215311,18.84688995215311,1.0,0.09400552246416907,0.09400552246416907,0.09400552246416907
2,1359,16,0.239215686917305,0.33725491166114807,62.13739795868072,-3.203426503814917e-16,0.054901957511901855,8.675826558118116,0.3686274588108063,0.03272934714306425,0.2822600725155912,0.2823529541492462,0.0313725508749485,0.3372549079358578,0.022617969122000016,0.2859365911459372,-1.581053405007369,62.13739795868072,1.0,0.002088985619652049,0.9767542669204932,119.2379435205283,103.24727599312246,658.5,116.4661701125008,1359.0794359760466,2.0639019528869347,760.0,0.06693264390219299,1.0,0.0,0.0,0.0,0.0,1.0,0.0,-3.203426503814917e-16,0.0,1.0,1.0,1.0,1.0,0.0,0.0,0.0,1.0,1.0,-3.203426503814917e-16,1,1.0,2.0,-3.203426503814917e-16,0.0,760.0,1.0,0.0,1.0,4.937172871910642,4.937172871910642,4.937172871910642,1.0,1.7388402173831938,162.10923134109692,0.38437261539943135,0.5526315789473684,1.6341951644614063,0.624279105242842,0.624279105242842,0.624279105242842,1.0,5862.421052631579,5862.421052631579,5862.421052631579,1.0,2.263157894736842,0.11911357340720222,0.26608211121941233,0.26608211121941233,0.26608211121941233,3.260828171224452,0.025,4262.421052631578,0.0,1000000.0,0.0,0.0,2.613355515181938,142.9157894736842,0.1880470914127424,2.659556786703601,1.0,23.626315789473683,23.626315789473683,23.626315789473683,1.0,0.07468786694746124,0.07468786694746124,0.07468786694746124
1,1263,25,0.3019607961177826,0.3843137323856354,24.82090100977249,-3.203426503814917e-16,0.04313725233078003,2.9583356326345904,0.42352941632270813,0.025304138530367212,0.33985087947106696,0.34117648005485535,0.26274511218070984,0.1607843041419983,0.017960207012721472,0.3413649831032362,0.11492198955602244,24.82090100977249,1.0,0.0010314314118150603,0.7477094524376294,58.08086968670492,45.27692569068709,188.5,43.42761527054745,391.6295090390243,2.0776101275279806,213.0,0.12427540899704079,1.0,0.0,0.0,0.0,0.0,1.0,0.0,-3.203426503814917e-16,0.0,1.0,1.0,1.0,1.0,0.0,0.0,0.0,1.0,1.0,-3.203426503814917e-16,1,1.0,2.0,-3.203426503814917e-16,0.0,213.0,1.0,0.0,1.0,4.372430437883146,4.372430437883146,4.372430437883146,1.0,1.624458746769849,52.34014516425475,0.4209352514294624,0.5833333333333334,1.4282077275593204,0.6643225251884938,0.6643225251884938,0.6643225251884938,1.0,3339.1666666666665,3339.1666666666665,3339.1666666666665,1.0,1.3333333333333333,0.2222222222222222,0.3761944250243902,0.3761944250243902,0.3761944250243902,2.2516291673878213,0.028169014084507043,2078.9166666666665,0.0,1000000.0,0.0,0.0,2.4464963034985625,45.075117370892016,0.2116202693469109,1.7996870109546166,1.0,20.577464788732396,20.577464788732396,20.577464788732396,1.0,0.08061489971575483,0.08061489971575483,0.08061489971575483
1,1270,35,0.615686297416687,0.7882353067398071,369.8686067570684,-3.203426503814917e-16,0.09411764144897461,2.9662319472964103,0.8666666746139526,0.054563841377217516,0.7061544792587254,0.7137255072593689,0.46666666865348816,0.4000000059604645,0.040014268125799536,0.7093818395105023,-0.5418846345664211,369.8686067570684,1.0,0.0045684456501422,0.8674326240079453,132.62244498608294,110.05453193758083,632.0,115.0410354566273,1385.2632021601146,2.191872155316637,735.0,0.06433261029996094,1.0,0.0,0.0,0.0,0.0,1.0,0.0,-3.203426503814917e-16,0.0,1.0,1.0,1.0,1.0,0.0,0.0,0.0,1.0,1.0,-3.203426503814917e-16,1,1.0,2.0,-3.203426503814917e-16,0.0,735.0,1.0,0.0,1.0,4.089676188944679,4.089676188944679,4.089676188944679,1.0,1.6633653996860773,176.01720668303113,0.4078520617195307,0.5853741496598639,1.1474240657882566,0.652211548191981,0.652211548191981,0.652211548191981,1.0,2616.8518518518517,2616.8518518518517,2616.8518518518517,1.0,4.185185185185185,0.1550068587105624,0.37366951607482135,0.37366951607482135,0.37366951607482135,3.2719578718928073,0.036734693877551024,1875.802469135802,0.0,1000000.0,0.0,0.0,2.5097636542257367,146.95374149659864,0.19993706326067842,1.9335202924707298,1.0,20.570068027210883,20.570068027210883,20.570068027210883,1.0,0.08544138266291651,0.08544138266291651,0.08544138266291651
1,1380,35,0.3176470696926117,0.46666666865348816,99.2390342976643,-3.203426503814917e-16,0.08627450466156006,3.418232966942031,0.5098039507865906,0.0475633492248153,0.38725945447935756,0.38823530077934265,0.13333334028720856,0.376470610499382,0.03547873618704231,0.3916418779749123,-0.3592765239890431,99.2390342976643,1.0,0.0034134755000664804,0.7929768804239914,110.86213502617005,94.70480452437458,578.5,87.91110999019563,1015.3077913133292,1.7550696479054955,647.0,0.08397671748307532,1.0,0.0,0.0,0.0,0.0,1.0,0.0,-3.203426503814917e-16,0.0,1.0,1.0,1.0,1.0,0.0,0.0,0.0,1.0,1.0,-3.203426503814917e-16,1,1.0,2.0,-3.203426503814917e-16,0.0,647.0,1.0,0.0,1.0,7.615576306960496,7.615576306960496,7.615576306960496,1.0,1.88326430936415,110.34463520369268,0.34732115416880194,0.49034003091190104,3.4392495111476333,0.5873948821475689,0.5873948821475689,0.5873948821475689,1.0,4515.35294117647,4515.35294117647,4515.35294117647,1.0,2.176470588235294,0.12802768166089964,0.31872127406975514,0.31872127406975514,0.31872127406975514,3.404542813342287,0.02627511591962906,3066.8788927335636,0.0,1000000.0,0.0,0.0,2.746148664066547,109.05873261205564,0.16856063773115246,3.592173125756972,1.0,29.370942812983,29.370942812983,29.370942812983,1.0,0.0674613759437028,0.0674613759437028,0.0674613759437028
2,1359,14,0.545098066329956,0.7125490367412567,191.16308866795762,-3.203426503814917e-16,0.08627450466156006,3.1676285697221473,0.7803921699523926,0.052049071575025745,0.6250769944846137,0.6274510025978088,0.4117647111415863,0.3686274588108063,0.03682429975974289,0.6284624565010367,-0.277923509987566,191.16308866795762,1.0,0.004243810197399543,0.8417955223477599,95.8859922601597,78.0,417.5,80.71639894047439,862.4966081312856,2.0658601392366123,484.0,0.08397998178136534,1.0,0.0,0.0,0.0,0.0,1.0,0.0,-3.203426503814917e-16,0.0,1.0,1.0,1.0,1.0,0.0,0.0,0.0,1.0,1.0,-3.203426503814917e-16,1,1.0,2.0,-3.203426503814917e-16,0.0,484.0,1.0,0.0,1.0,4.713814943843704,4.713814943843704,4.713814943843704,1.0,1.7071485972325673,108.07562160839606,0.39612818319851356,0.5619834710743802,1.5278392332583008,0.64111994167467,0.64111994167467,0.64111994167467,1.0,2268.4,2268.4,2268.4,1.0,6.76,0.2704,0.5098962478672486,0.5098962478672486,0.5098962478672486,2.6030741894285665,0.05165289256198347,1893.5904,0.0,1000000.0,0.0,0.0,2.7121424615815197,85.6900826446281,0.1770456252988184,2.9483300321016324,1.0,23.235537190082646,23.235537190082646,23.235537190082646,1.0,0.09380398469075418,0.09380398469075418,0.09380398469075418
1,1270,25,0.3843137323856354,0.5333333611488342,110.01439953980022,-3.203426503814917e-16,0.07843136787414551,3.0816743037386956,0.5803921818733215,0.04757716554844607,0.45557940103499767,0.45490196347236633,0.2705882489681244,0.30980393290519714,0.03389656567802184,0.45952157282561934,-0.4532518095405679,110.01439953980022,1.0,0.003607485244723723,0.8822065225146665,96.99271990753816,80.95060222135473,446.5,85.5676101388683,984.5209947489259,2.2049742323604162,521.0,0.07608353485365024,1.0,0.0,0.0,0.0,0.0,1.0,0.0,-3.203426503814917e-16,0.0,1.0,1.0,1.0,1.0,0.0,0.0,0.0,1.0,1.0,-3.203426503814917e-16,1,1.0,2.0,-3.203426503814917e-16,0.0,521.0,1.0,0.0,1.0,4.138091378896197,4.138091378896197,4.138091378896197,1.0,1.647966229750074,126.03873054538774,0.4112788125422084,0.5854126679462572,1.1934747318096943,0.6526632656564533,0.6526632656564533,0.6526632656564533,1.0,3403.6111111111113,3403.6111111111113,3403.6111111111113,1.0,2.888888888888889,0.16049382716049382,0.3653487057192597,0.3653487057192597,0.3653487057192597,3.0860486123130344,0.0345489443378119,2565.8302469135797,0.0,1000000.0,0.0,0.0,2.5487475503697543,103.33397312859884,0.19833776032360623,2.066688525314894,1.0,20.700575815738965,20.700575815738965,20.700575815738965,1.0,0.08553034487769659,0.08553034487769659,0.08553034487769659
0,1276,41,0.3800000071525574,0.49803921580314636,35.383238272170125,-3.203426503814917e-16,0.054901957511901855,3.990356370260724,0.5882353186607361,0.037114501161339845,0.44041394972138936,0.43529412150382996,0.2823529541492462,0.30588236451148987,0.02248676744567653,0.4433661533726957,0.13222491319620674,35.383238272170125,1.0,0.002609098847306246,0.7057008455358449,43.102177781338675,38.8329756778952,151.0,30.41724330472701,345.1442276647856,2.2857233620184476,180.0,0.12620971649847143,1.0,0.0,0.0,0.0,0.0,1.0,0.0,-3.203426503814917e-16,0.0,1.0,1.0,1.0,1.0,0.0,0.0,0.0,1.0,1.0,-3.203426503814917e-16,1,1.0,2.0,-3.203426503814917e-16,0.0,180.0,1.0,0.0,1.0,3.958474241466498,3.958474241466498,3.958474241466498,1.0,1.5939006344427207,44.093844816687735,0.41091400938703854,0.5916666666666667,1.0647982595663765,0.6437727320858811,0.6437727320858811,0.6437727320858811,1.0,3132.3333333333335,3132.3333333333335,3132.3333333333335,1.0,1.0,0.16666666666666666,0.21459620370322052,0.21459620370322052,0.21459620370322052,2.5849625007211543,0.03333333333333333,2232.333333333333,0.0,1000000.0,0.0,0.0,2.526997316976388,36.72222222222222,0.20401234567901236,2.128888888888889,1.0,20.333333333333332,20.333333333333332,20.333333333333332,1.0,0.08392199004087231,0.08392199004087231,0.08392199004087231
1,1270,27,0.21568627655506134,0.3333333432674408,50.21275229208594,-3.203426503814917e-16,0.0627451092004776,3.1745589281855726,0.3843137323856354,0.03701869605626581,0.2775112025263741,0.2823529541492462,0.10196078568696976,0.2823529466986656,0.027452635960708533,0.281203130245696,-0.370505320347152,50.21275229208594,1.0,0.002062732932343613,0.9642496277168018,111.06282773468425,95.0789145920377,553.5,107.09229029634459,1115.0895372438397,2.0146152434396383,635.0,0.07479180314929479,1.0,0.0,0.0,0.0,0.0,1.0,0.0,-3.203426503814917e-16,0.0,1.0,1.0,1.0,1.0,0.0,0.0,0.0,1.0,1.0,-3.203426503814917e-16,1,1.0,2.0,-3.203426503814917e-16,0.0,635.0,1.0,0.0,1.0,5.536184529743394,5.536184529743394,5.536184529743394,1.0,1.714874095211567,139.99367860165938,0.40019706248504955,0.5503937007874016,2.2234124504104322,0.6437474502421425,0.6437474502421425,0.6437474502421425,1.0,3906.0476190476193,3906.0476190476193,3906.0476190476193,1.0,4.523809523809524,0.21541950113378686,0.4523131728014813,0.4523131728014813,0.4523131728014813,2.9385400412082423,0.03307086614173228,2991.7052154195007,0.0,1000000.0,0.0,0.0,2.712861256762507,112.41102362204724,0.1770252340504681,2.9618798437596876,1.0,24.092913385826773,24.092913385826773,24.092913385826773,1.0,0.08179965277157816,0.08179965277157816,0.08179965277157816
1,1264,23,0.3019607961177826,0.4211764752864838,31.884168834554753,-3.203426503814917e-16,0.05686274170875549,3.1396188635787152,0.48235294222831726,0.03845281663958708,0.37163341852799386,0.3843137323856354,0.22745098173618317,0.2549019604921341,0.02646644298846905,0.3747784592853411,-0.6623310247732834,31.884168834554753,1.0,0.0023474957774910258,0.7095144845082558,62.70645294682908,50.28916384272063,191.5,44.491136637910635,435.71277015970986,2.275262507361409,227.0,0.11258720360807178,1.0,0.0,0.0,0.0,0.0,1.0,0.0,-3.203426503814917e-16,0.0,1.0,1.0,1.0,1.0,0.0,0.0,0.0,1.0,1.0,-3.203426503814917e-16,1,1.0,2.0,-3.203426503814917e-16,0.0,227.0,1.0,0.0,1.0,3.719861190623857,3.719861190623857,3.719861190623857,1.0,1.5260266918042915,59.86015277562768,0.43104304684186767,0.6112334801762115,1.0340178772114799,0.6703089878045427,0.6703089878045427,0.6703089878045427,1.0,706.6,706.6,706.6,1.0,4.866666666666666,0.3244444444444444,0.5669212625372018,0.5669212625372018,0.5669212625372018,2.1735572622751826,0.06607929515418502,477.5822222222222,0.0,1000000.0,0.0,0.0,2.5244285418483488,44.82378854625551,0.19746162355178637,2.053950202798424,1.0,18.94713656387665,18.94713656387665,18.94713656387665,1.0,0.11110821421079445,0.11110821421079445,0.11110821421079445
1,1263,14,0.019607843831181526,0.4745098054409027,4843.99255784404,-3.203426503814917e-16,0.29411765560507774,3.4431150160902337,1.0,0.1632146271843254,0.19606750283121402,0.10196078568696976,0.0,1.0,0.12570212173046585,0.2746781241077845,1.0682124776727229,4843.99255784404,1.0,0.037005606196903365,0.9977712938315683,298.595865385636,361.33225707096784,64187.5,297.9303829385828,1461.7716446627555,0.022773462818504467,64203.0,0.6143991826394635,1.0,0.0,0.0,0.0,0.0,1.0,0.0,-3.203426503814917e-16,0.0,1.0,1.0,1.0,1.0,0.0,0.0,0.0,1.0,1.0,-3.203426503814917e-16,1,1.0,2.0,-3.203426503814917e-16,0.0,64203.0,1.0,0.0,1.0,25958.21083945759,25958.21083945759,25958.21083945759,1.0,4.928936567767657,68.40874775821078,0.16856212212328175,0.008251172063610734,8024.755491356635,0.13064541989085243,0.13064541989085243,0.13064541989085243,1.0,515044516.125,515044516.125,515044516.125,1.0,2.25,0.28125,0.46527777780811497,0.46527777780811497,0.46527777780811497,1.905639062229565,0.00012460476924754294,450637872.234375,0.0,1000000.0,0.0,0.0,0.17722159576860438,61500.664937775495,0.9579095203927463,0.21731464670428707,1.0,80.03350310733143,80.03350310733143,80.03350310733143,1.0,0.01283198188743787,0.01283198188743787,0.01283198188743787
2,1261,26,0.3501960873603821,0.47843137383461,154.3047327855742,-3.203426503814917e-16,0.0627450942993164,5.755768748860733,0.5764706134796143,0.04251630299035357,0.42640241294456044,0.43921568989753723,0.13725490868091583,0.4392157047986984,0.027345159031956202,0.4301367982520452,-1.1932995462157412,154.3047327855742,1.0,0.003198647445577195,0.8281816889440482,156.74376290773034,125.0,737.0,129.81231429636958,1439.6063479106208,1.953332900828522,834.0,0.06684900122315164,1.0,0.0,0.0,0.0,0.0,1.0,0.0,-3.203426503814917e-16,0.0,1.0,1.0,1.0,1.0,0.0,0.0,0.0,1.0,1.0,-3.203426503814917e-16,1,1.0,2.0,-3.203426503814917e-16,0.0,834.0,1.0,0.0,1.0,5.688386602062608,5.688386602062608,5.688386602062608,1.0,1.7751356181828082,170.83207696955708,0.37823539575670184,0.5404676258992805,2.25495655040041,0.6214312187903794,0.6214312187903794,0.6214312187903794,1.0,6824.9473684210525,6824.9473684210525,6824.9473684210525,1.0,5.7368421052631575,0.30193905817174516,0.5284885378593064,0.5284885378593064,0.5284885378593064,2.499544305608129,0.022781774580335732,4898.1994459833795,0.0,1000000.0,0.0,0.0,2.6743392663036216,152.70263788968825,0.1830966881171322,2.696150992874765,1.0,24.563549160671464,24.563549160671464,24.563549160671464,1.0,0.07571248197964682,0.07571248197964682,0.07571248197964682
1,1383,17,0.014705882407724857,0.505955910682679,5408.813017373102,-3.203426503814917e-16,0.3622549157589674,2.3276020998299196,0.9686274528503418,0.1752811824634782,0.2130145952423397,0.14730392396450043,0.0,0.9686274528503418,0.1461935613576003,0.29151345408570095,0.6561184326552022,5408.813017373102,1.0,0.039604876126718286,0.9979747560022602,299.8291793832082,361.33225707096784,63645.5,299.2219521373151,1281.840620433566,0.020140318175417997,63648.0,0.6976775581283008,1.0,0.0,0.0,0.0,0.0,1.0,0.0,-3.203426503814917e-16,0.0,1.0,1.0,1.0,1.0,0.0,0.0,0.0,1.0,1.0,-3.203426503814917e-16,1,1.0,2.0,-3.203426503814917e-16,0.0,63648.0,1.0,0.0,1.0,29506.68852230352,29506.68852230352,29506.68852230352,1.0,4.575413682827085,74.85655887144526,0.2227946988108273,0.007533622423328305,5285.93984000246,0.027054407669203553,0.027054407669203553,0.027054407669203553,1.0,809806297.6,809806297.6,809806297.6,1.0,3.4,0.68,0.05000000004939453,0.05000000004939453,0.05000000004939453,0.7219280948873616,7.85570638511815e-05,647763581.4399999,0.0,1000000.0,0.0,0.0,0.15290838992841377,61135.52868903972,0.9605255261601263,0.18144809255707797,1.0,80.1002388134741,80.1002388134741,80.1002388134741,1.0,0.012668815094987821,0.012668815094987821,0.012668815094987821
1,1264,35,0.4274509847164154,0.6274510025978088,87.22430259405499,-3.203426503814917e-16,0.09803923964500427,3.7279048240156287,0.7921568751335144,0.06293080428773849,0.5071737571785457,0.48627451062202454,0.32156863808631897,0.47058823704719543,0.04400800354769126,0.5133395859425166,1.0453216941903238,87.22430259405499,1.0,0.006292310525031928,0.8805792687178327,61.837427887523766,52.80151512977634,289.5,54.45275702858739,603.8792924010811,2.0859388338552023,331.0,0.09988012531123196,1.0,0.0,0.0,0.0,0.0,1.0,0.0,-3.203426503814917e-16,0.0,1.0,1.0,1.0,1.0,0.0,0.0,0.0,1.0,1.0,-3.203426503814917e-16,1,1.0,2.0,-3.203426503814917e-16,0.0,331.0,1.0,0.0,1.0,4.428517880558815,4.428517880558815,4.428517880558815,1.0,1.6777747507345353,77.23036004621342,0.406757495162618,0.573262839879154,1.3790916216973692,0.6532139766586247,0.6532139766586247,0.6532139766586247,1.0,2269.4444444444443,2269.4444444444443,2269.4444444444443,1.0,1.2222222222222223,0.13580246913580246,0.23492827297840652,0.23492827297840652,0.23492827297840652,2.947702779220087,0.027190332326283987,916.8395061728395,0.0,1000000.0,0.0,0.0,2.5650379187623877,65.06042296072508,0.19655716906563467,2.206332545340039,1.0,21.68882175226586,21.68882175226586,21.68882175226586,1.0,0.07785271370492922,0.07785271370492922,0.07785271370492922
1,1264,25,0.615686297416687,0.7529411911964417,192.7996254671084,-3.203426503814917e-16,0.05784313380718231,3.8367057511819325,0.8901960849761963,0.04106179486305158,0.6938122164963478,0.6980392336845398,0.529411792755127,0.36078429222106934,0.02588411304051988,0.6960037137223822,-0.1890931567004612,192.7996254671084,1.0,0.0030457777557728323,0.7263690393830158,82.24113532429459,68.24221567329127,341.0,59.737414463276465,717.6021638285565,2.104405172517761,398.0,0.0912217463065142,1.0,0.0,0.0,0.0,0.0,1.0,0.0,-3.203426503814917e-16,0.0,1.0,1.0,1.0,1.0,0.0,0.0,0.0,1.0,1.0,-3.203426503814917e-16,1,1.0,2.0,-3.203426503814917e-16,0.0,398.0,1.0,0.0,1.0,4.660383125552293,4.660383125552293,4.660383125552293,1.0,1.696602301380154,89.45679724583512,0.39756140865642114,0.5634422110552764,1.4944885424483918,0.6342158020825146,0.6342158020825146,0.6342158020825146,1.0,978.6,978.6,978.6,1.0,3.2,0.16,0.3704890378377698,0.3704890378377698,0.3704890378377698,3.2393538721671957,0.05025125628140704,582.59,0.0,1000000.0,0.0,0.0,2.6932740908408155,70.73366834170854,0.17772278477816217,2.90320951491124,1.0,23.08542713567839,23.08542713567839,23.08542713567839,1.0,0.08986918720587063,0.08986918720587063,0.08986918720587063
1,1263,43,0.5376470863819123,0.8309804022312166,247.48673243800496,-3.203426503814917e-16,0.14803920686244965,2.773771391595298,0.9725490212440491,0.08839760263136148,0.6794531013088665,0.6784313917160034,0.35686275362968445,0.6156862676143646,0.06063887379311312,0.6885582867477898,0.11981924880168981,247.48673243800496,1.0,0.012455997370814884,0.8181003657788022,115.17304117897025,89.20201791439474,461.5,94.2231071163726,841.3422791987346,1.8230601932800314,522.0,0.09051448213908164,1.0,0.0,0.0,0.0,0.0,1.0,0.0,-3.203426503814917e-16,0.0,1.0,1.0,1.0,1.0,0.0,0.0,0.0,1.0,1.0,-3.203426503814917e-16,1,1.0,2.0,-3.203426503814917e-16,0.0,522.0,1.0,0.0,1.0,7.89684784213324,7.89684784213324,7.89684784213324,1.0,1.7863081311241404,106.07154536605731,0.3932963722262393,0.5167624521072797,4.108099499405578,0.6437583500354667,0.6437583500354667,0.6437583500354667,1.0,2564.086956521739,2564.086956521739,2564.086956521739,1.0,4.478260869565218,0.1947069943289225,0.43572160132454807,0.43572160132454807,0.43572160132454807,2.989465759746388,0.044061302681992334,2048.994328922495,0.0,1000000.0,0.0,0.0,2.793965331919281,83.77011494252874,0.16047914739948033,4.242553691225907,1.0,27.919540229885058,27.919540229885058,27.919540229885058,1.0,0.08478007298421,0.08478007298421,0.08478007298421
1,1383,25,0.4996078491210938,0.6847059011459351,72.38521081390871,-3.203426503814917e-16,0.07843136787414551,2.9060513101448544,0.7686274647712708,0.05054768646069166,0.5937216477147464,0.5960784554481506,0.48235294222831726,0.2862745225429535,0.03396988082440711,0.5971410161527712,0.3977739487145161,72.38521081390871,1.0,0.004071998206850671,0.7127726654114687,79.76570984748359,60.60528029800704,173.0,56.85481761642871,394.4995667241132,2.2803443163243537,203.0,0.11819019604161043,1.0,0.0,0.0,0.0,0.0,1.0,0.0,-3.203426503814917e-16,0.0,1.0,1.0,1.0,1.0,0.0,0.0,0.0,1.0,1.0,-3.203426503814917e-16,1,1.0,2.0,-3.203426503814917e-16,0.0,203.0,1.0,0.0,1.0,3.8043977746285202,3.8043977746285202,3.8043977746285202,1.0,1.5202206850506554,58.93811925842331,0.4688289425522153,0.6182266009852218,1.1782873412384103,0.7082008371719783,0.7082008371719783,0.7082008371719783,1.0,509.1333333333333,509.1333333333333,509.1333333333333,1.0,3.1333333333333333,0.2088888888888889,0.4382096904909512,0.4382096904909512,0.4382096904909512,2.7395722619867198,0.07389162561576355,325.9822222222223,0.0,1000000.0,0.0,0.0,2.5512661083813892,37.47290640394089,0.18459559804896988,2.130068674318717,1.0,18.56650246305419,18.56650246305419,18.56650246305419,1.0,0.11379623113613262,0.11379623113613262,0.11379623113613262
2,1361,11,0.0117647061124444,0.29411765933036804,2143.58161657927,-3.203426503814917e-16,0.22352941147983074,3.135059528261598,1.0,0.10583609105853622,0.1355907575985615,0.10196078568696976,0.0,1.0,0.08905039762744808,0.18146499473092922,0.7307925931748608,2143.58161657927,1.0,0.014544690766544304,0.999316754362121,296.59178552016857,361.33225707096784,65087.5,296.38914047648115,1305.0193359837574,0.02005022985955456,65096.0,0.6930056587282136,1.0,0.0,0.0,0.0,0.0,1.0,0.0,-3.203426503814917e-16,0.0,1.0,1.0,1.0,1.0,0.0,0.0,0.0,1.0,1.0,-3.203426503814917e-16,1,1.0,2.0,-3.203426503814917e-16,0.0,65096.0,1.0,0.0,1.0,30991.20550746478,30991.20550746478,30991.20550746478,1.0,4.7966250373015935,81.22692376656443,0.231529370417671,0.007362203514808898,7560.4032762341785,0.08987317379132988,0.08987317379132988,0.08987317379132988,1.0,847289552.4,847289552.4,847289552.4,1.0,1.4,0.28,0.3222222222694316,0.3222222222694316,0.3222222222694316,1.9219280948873612,7.680963500061447e-05,677789983.7600001,0.0,1000000.0,0.0,0.0,0.15790681552153932,62611.92497234853,0.9618398207623898,0.18695751649554168,1.0,80.13026914096105,80.13026914096105,80.13026914096105,1.0,0.012720741715539967,0.012720741715539967,0.012720741715539967
1,1264,17,0.3490196168422699,0.38941177129745486,35.088382874391314,-3.203426503814917e-16,0.019607841968536377,3.248261668047893,0.4156862795352936,0.012950295625731002,0.3684146605258764,0.36666667461395264,0.32549020648002625,0.09019607305526733,0.00917254060709799,0.3687837903287896,0.4019645927934188,35.088382874391314,1.0,0.0002721219188718997,0.8526801388734597,50.8680346236112,45.27692569068709,227.5,43.37416282708076,441.8132752230981,1.9420363746070246,258.0,0.12101992277664593,1.0,0.0,0.0,0.0,0.0,1.0,0.0,-3.203426503814917e-16,0.0,1.0,1.0,1.0,1.0,0.0,0.0,0.0,1.0,1.0,-3.203426503814917e-16,1,1.0,2.0,-3.203426503814917e-16,0.0,258.0,1.0,0.0,1.0,5.054351683997012,5.054351683997012,5.054351683997012,1.0,1.7450935139552284,53.13295486659598,0.37440589135671587,0.5474806201550388,1.6559756284565035,0.6196872001143048,0.6196872001143048,0.6196872001143048,1.0,1430.3076923076924,1430.3076923076924,1430.3076923076924,1.0,1.9230769230769231,0.14792899408284024,0.3343569218165917,0.3343569218165917,0.3343569218165917,3.0850551027564737,0.050387596899224806,1036.4378698224855,0.0,1000000.0,0.0,0.0,2.7128572588020226,45.31782945736434,0.17565050177273,2.9952526891412776,1.0,24.34108527131783,24.34108527131783,24.34108527131783,1.0,0.08276819466661199,0.08276819466661199,0.08276819466661199
1,1263,35,0.45098039507865906,0.5529412031173706,66.32684813823312,-3.203426503814917e-16,0.05098041892051697,4.639503799558302,0.7098039388656616,0.03678405217508407,0.5073587252813228,0.5058823823928833,0.37254902720451355,0.33725491166114807,0.02149328758573333,0.5100051831271918,0.5792221172608367,66.32684813823312,1.0,0.002692410697511783,0.825128361589258,59.011014240259435,52.392747589718944,218.0,48.69166149578564,473.5117600329334,2.172072293729052,255.0,0.11053566014592371,1.0,0.0,0.0,0.0,0.0,1.0,0.0,-3.203426503814917e-16,0.0,1.0,1.0,1.0,1.0,0.0,0.0,0.0,1.0,1.0,-3.203426503814917e-16,1,1.0,2.0,-3.203426503814917e-16,0.0,255.0,1.0,0.0,1.0,4.2279454597145,4.2279454597145,4.2279454597145,1.0,1.6311059030793331,62.30698575404979,0.41579123891654945,0.5862745098039215,1.2937003328101921,0.6615056473350907,0.6615056473350907,0.6615056473350907,1.0,961.5625,961.5625,961.5625,1.0,6.625,0.4140625,0.6266833985576687,0.6266833985576687,0.6266833985576687,1.9237949406953958,0.06274509803921569,707.55859375,0.0,1000000.0,0.0,0.0,2.69274804216199,45.19607843137255,0.1772395232602845,2.684413687043445,1.0,21.258823529411764,21.258823529411764,21.258823529411764,1.0,0.11104903998636492,0.11104903998636492,0.11104903998636492
0,1285,25,0.6117647290229797,0.7372549176216125,174.47347419875916,-3.203426503814917e-16,0.06666666269302368,2.5847015703719514,0.8078431487083435,0.03712095415168392,0.6690418632681837,0.6627451181411743,0.5647059082984924,0.24313724040985107,0.02894022992985508,0.6705772905296761,0.2715495877091191,174.47347419875916,1.0,0.002056887768758524,0.604844084938061,85.77087006747473,74.94664769020693,333.0,51.87800342030308,716.8326112068556,2.1526504841046714,388.0,0.09024212098402715,1.0,0.0,0.0,0.0,0.0,1.0,0.0,-3.203426503814917e-16,0.0,1.0,1.0,1.0,1.0,0.0,0.0,0.0,1.0,1.0,-3.203426503814917e-16,1,1.0,2.0,-3.203426503814917e-16,0.0,388.0,1.0,0.0,1.0,4.655579722335338,4.655579722335338,4.655579722335338,1.0,1.6254975650321086,97.09263044192676,0.4305653626845792,0.5792525773195877,1.6537946159728059,0.673185328668227,0.673185328668227,0.673185328668227,1.0,3113.2727272727275,3113.2727272727275,3113.2727272727275,1.0,1.5454545454545454,0.14049586776859505,0.29743739025242877,0.29743739025242877,0.29743739025242877,3.0271691184406153,0.028350515463917526,1869.1074380165287,0.0,1000000.0,0.0,0.0,2.5579454568021234,76.9020618556701,0.1982011903496652,2.52585290679137,1.0,21.587628865979383,21.587628865979383,21.587628865979383,1.0,0.08265509819334377,0.08265509819334377,0.08265509819334377
1,1380,19,0.6039215922355652,0.7529411911964417,211.89392897546333,-3.203426503814917e-16,0.07843136787414551,4.769538221834794,0.9098039269447327,0.05367759973952755,0.6777089967539436,0.6745098233222961,0.4117647111415863,0.49803921580314636,0.03342912343835955,0.6816741661569995,-0.33028609830676636,211.89392897546333,1.0,0.005390184524603856,0.8084164099711304,109.9258245041063,85.44003745317531,389.5,88.86584040872613,887.2834046956891,2.2780061738015123,456.0,0.07884902078338335,1.0,0.0,0.0,0.0,0.0,1.0,0.0,-3.203426503814917e-16,0.0,1.0,1.0,1.0,1.0,0.0,0.0,0.0,1.0,1.0,-3.203426503814917e-16,1,1.0,2.0,-3.203426503814917e-16,0.0,456.0,1.0,0.0,1.0,3.6485445158455536,3.6485445158455536,3.6485445158455536,1.0,1.5386266592157465,121.97120452756266,0.4357140120988183,0.6134868421052633,0.986929306192628,0.6741688573071618,0.6741688573071618,0.6741688573071618,1.0,1276.3478260869565,1276.3478260869565,1276.3478260869565,1.0,3.1739130434782608,0.13799621928166353,0.33727099598681876,0.33727099598681876,0.33727099598681876,3.37545882751063,0.05043859649122807,883.2741020793952,0.0,1000000.0,0.0,0.0,2.4265650943390726,94.03070175438596,0.20620767928593414,1.7371306555863342,1.0,18.482456140350877,18.482456140350877,18.482456140350877,1.0,0.09635974857779367,0.09635974857779367,0.09635974857779367
2,1260,18,0.33725491166114807,0.7215686440467834,250.72265926920352,-3.203426503814917e-16,0.27450981736183167,1.6157124127374924,0.800000011920929,0.13083793694787652,0.535289315026281,0.545098066329956,0.25882354378700256,0.5411764681339264,0.10991807461282431,0.5549892746038534,-0.0686347681223384,250.72265926920352,1.0,0.021478444144006417,0.9624959434071125,139.6530057913003,117.64352935882194,695.0,134.41545155873652,1524.0743853421432,2.192912784664954,814.0,0.061318450273734275,1.0,0.0,0.0,0.0,0.0,1.0,0.0,-3.203426503814917e-16,0.0,1.0,1.0,1.0,1.0,0.0,0.0,0.0,1.0,1.0,-3.203426503814917e-16,1,1.0,2.0,-3.203426503814917e-16,0.0,814.0,1.0,0.0,1.0,4.616087216531068,4.616087216531068,4.616087216531068,1.0,1.6112397087220731,206.64764764914386,0.4310177163618097,0.5881449631449631,1.7155302430369606,0.6758816081831127,0.6758816081831127,0.6758816081831127,1.0,2037.2432432432433,2037.2432432432433,2037.2432432432433,1.0,6.945945945945946,0.1877282688093499,0.4364237393436945,0.4364237393436945,0.4364237393436945,3.3889602187021532,0.045454545454545456,1553.2432432432433,0.0,1000000.0,0.0,0.0,2.6180981037575797,153.85012285012286,0.18900506492644084,2.6427989302682175,1.0,21.088452088452087,21.088452088452087,21.088452088452087,1.0,0.0951930629609201,0.0951930629609201,0.0951930629609201
2,1361,16,0.4588235318660736,0.6078431606292725,111.38516603516246,-3.203426503814917e-16,0.07058826088905334,4.397737267626833,0.7647058963775635,0.050338018301035556,0.520733852640237,0.5058823823928833,0.38823530077934265,0.3764705955982208,0.03097271316900113,0.525077000565326,1.1750980998609155,111.38516603516246,1.0,0.004542111237135321,0.8851657756609937,78.0022144962763,63.52952069707436,344.0,69.04489069787162,778.1290757631378,2.262003127218424,404.0,0.08449529172547415,1.0,0.0,0.0,0.0,0.0,1.0,0.0,-3.203426503814917e-16,0.0,1.0,1.0,1.0,1.0,0.0,0.0,0.0,1.0,1.0,-3.203426503814917e-16,1,1.0,2.0,-3.203426503814917e-16,0.0,404.0,1.0,0.0,1.0,3.911194984777384,3.911194984777384,3.911194984777384,1.0,1.5610048945900803,104.66484186302705,0.4264659849813542,0.6064356435643564,1.1790735921938487,0.6652298270358459,0.6652298270358459,0.6652298270358459,1.0,2113.5555555555557,2113.5555555555557,2113.5555555555557,1.0,5.0,0.2777777777777778,0.5179187219707668,0.5179187219707668,0.5179187219707668,2.5849625007211525,0.04455445544554455,1609.802469135802,0.0,1000000.0,0.0,0.0,2.4864633642692855,82.18811881188118,0.20343593765317125,1.8591314577002254,1.0,19.06930693069307,19.06930693069307,19.06930693069307,1.0,0.09904606850991224,0.09904606850991224,0.09904606850991224
1,1383,11,0.01568627543747425,0.21176470816135406,1186.5949978640842,-3.203426503814917e-16,0.14509804360568523,9.162832128283489,1.0,0.0762693876062029,0.09859464437826368,0.05882352963089943,0.0,1.0,0.06012842383786764,0.134952431813289,1.6598549928507513,1186.5949978640842,1.0,0.008491254952244134,0.9990538589178836,296.45973884268307,361.33225707096784,65147.0,296.1792461045705,1279.4629867976535,0.019639630171729372,65154.0,0.7071709564449641,1.0,0.0,0.0,0.0,0.0,1.0,0.0,-3.203426503814917e-16,0.0,1.0,1.0,1.0,1.0,0.0,0.0,0.0,1.0,1.0,-3.203426503814917e-16,1,1.0,2.0,-3.203426503814917e-16,0.0,65154.0,1.0,0.0,1.0,32043.902090425465,32043.902090425465,32043.902090425465,1.0,4.668253174012227,86.54570969564293,0.25271152314752376,0.007202167173158977,7426.791634283756,0.09556159931080406,0.09556159931080406,0.09556159931080406,1.0,1414884268.6666667,1414884268.6666667,1414884268.6666667,1.0,1.0,0.3333333333333333,0.4166666667451968,0.4166666667451968,0.4166666667451968,1.5849625007211552,4.6044755502348285e-05,943212744.6666665,0.0,1000000.0,0.0,0.0,0.15298027151657045,62738.13006108604,0.962920619779078,0.18325359172814698,1.0,80.14946127636063,80.14946127636063,80.14946127636063,1.0,0.012713146125922194,0.012713146125922194,0.012713146125922194
2,1361,20,0.3960784375667572,0.4901960790157318,98.40747614914162,-3.203426503814917e-16,0.05098038911819458,4.107516646647056,0.5372549295425415,0.03019091340808266,0.44325561686540754,0.4470588266849518,0.2980392277240753,0.2392157018184662,0.021326471702403784,0.44497524663625637,-0.7314983571021207,98.40747614914162,1.0,0.0015274282362642483,0.879682916031583,96.8675032435666,78.81624198095213,420.5,85.21268772199949,972.9230150024789,2.313728929851317,497.0,0.07471528460462394,1.0,0.0,0.0,0.0,0.0,1.0,0.0,-3.203426503814917e-16,0.0,1.0,1.0,1.0,1.0,0.0,0.0,0.0,1.0,1.0,-3.203426503814917e-16,1,1.0,2.0,-3.203426503814917e-16,0.0,497.0,1.0,0.0,1.0,3.707686541526812,3.707686541526812,3.707686541526812,1.0,1.5503981752075875,133.2279311918255,0.4373643485532494,0.6116700201207244,1.02583202830689,0.6779000985172567,0.6779000985172567,0.6779000985172567,1.0,1605.5217391304348,1605.5217391304348,1605.5217391304348,1.0,4.217391304347826,0.1833648393194707,0.42140378838330994,0.42140378838330994,0.42140378838330994,3.196199998970886,0.04627766599597585,1138.586011342155,0.0,1000000.0,0.0,0.0,2.509841145583559,103.36217303822937,0.20797217915136695,1.9745434376885052,1.0,18.83903420523139,18.83903420523139,18.83903420523139,1.0,0.09748439965821638,0.09748439965821638,0.09748439965821638
1,1263,25,0.1921568661928177,0.24705882370471954,12.559969670330279,-3.203426503814917e-16,0.027450978755950928,3.6991222429148594,0.2823529541492462,0.017325045659396937,0.21410896813297622,0.2078431397676468,0.15294118225574493,0.12941177189350128,0.011511703358706816,0.21528295694511965,0.8215964673707092,12.559969670330279,1.0,0.000504101316066408,0.912537412386063,65.75841396546772,55.226805085936306,229.0,60.00701292265946,526.5239533417533,2.299231237300233,271.0,0.10188366042746777,1.0,0.0,0.0,0.0,0.0,1.0,0.0,-3.203426503814917e-16,0.0,1.0,1.0,1.0,1.0,0.0,0.0,0.0,1.0,1.0,-3.203426503814917e-16,1,1.0,2.0,-3.203426503814917e-16,0.0,271.0,1.0,0.0,1.0,4.002549264923038,4.002549264923038,4.002549264923038,1.0,1.5408579710173151,69.37217245179602,0.4237559780107824,0.6014760147601476,1.2138305613932425,0.6521500272295949,0.6521500272295949,0.6521500272295949,1.0,1937.1818181818182,1937.1818181818182,1937.1818181818182,1.0,3.727272727272727,0.33884297520661155,0.5465794627821666,0.5465794627821666,0.5465794627821666,2.049452072789392,0.04059040590405904,1330.2314049586776,0.0,1000000.0,0.0,0.0,2.385151026042181,58.04059040590406,0.21417192031698915,1.75425171225882,1.0,19.29520295202952,19.29520295202952,19.29520295202952,1.0,0.09702583862573319,0.09702583862573319,0.09702583862573319
1,1264,39,0.5556863009929657,0.7686274647712708,188.7664388569106,-3.203426503814917e-16,0.09803920984268188,3.9302636551274195,0.8941176533699036,0.0650521727516845,0.6583012834052059,0.6627451181411743,0.3529411852359772,0.5411764681339264,0.04016286825207404,0.6641107448621653,-0.28457245177491103,188.7664388569106,1.0,0.007682501708438688,0.8611173123087561,88.86258064144818,73.92563831310488,371.0,76.52110660678396,777.685424949242,2.09618712924324,428.0,0.08779866798131208,1.0,0.0,0.0,0.0,0.0,1.0,0.0,-3.203426503814917e-16,0.0,1.0,1.0,1.0,1.0,0.0,0.0,0.0,1.0,1.0,-3.203426503814917e-16,1,1.0,2.0,-3.203426503814917e-16,0.0,428.0,1.0,0.0,1.0,4.643769250868919,4.643769250868919,4.643769250868919,1.0,1.6754372473715502,100.22145661103822,0.4080534720737611,0.5718457943925234,1.5606503387210542,0.6535782698765891,0.6535782698765891,0.6535782698765891,1.0,4510.933333333333,4510.933333333333,4510.933333333333,1.0,3.8,0.25333333333333335,0.47988497724052587,0.47988497724052587,0.47988497724052587,2.596791631981634,0.035046728971962614,3696.782222222222,0.0,1000000.0,0.0,0.0,2.654289802043497,79.77102803738318,0.18638090662939993,2.6229146650362476,1.0,22.205607476635514,22.205607476635514,22.205607476635514,1.0,0.08840833891102304,0.08840833891102304,0.08840833891102304
2,1261,24,0.529411792755127,0.8156862854957581,318.7246602122028,-3.203426503814917e-16,0.15294116735458374,3.2153158902386467,0.9176470637321472,0.09108731329573061,0.6741308705829422,0.6784313917160034,0.1568627506494522,0.760784313082695,0.06909588632346757,0.683120756601538,-0.4449562074567152,318.7246602122028,1.0,0.012201537426942112,0.913911024077671,137.2277512167666,106.51291001564083,575.5,125.41395464639102,1313.339320605872,2.282083962825147,683.0,0.064751621588074,1.0,0.0,0.0,0.0,0.0,1.0,0.0,-3.203426503814917e-16,0.0,1.0,1.0,1.0,1.0,0.0,0.0,0.0,1.0,1.0,-3.203426503814917e-16,1,1.0,2.0,-3.203426503814917e-16,0.0,683.0,1.0,0.0,1.0,4.693089092420191,4.693089092420191,4.693089092420191,1.0,1.5699760000264436,170.52057032347835,0.4190866375209973,0.5937042459736457,1.8333522708490222,0.6532906742290155,0.6532906742290155,0.6532906742290155,1.0,3151.0416666666665,3151.0416666666665,3151.0416666666665,1.0,4.75,0.19791666666666666,0.42457687223046886,0.42457687223046886,0.42457687223046886,3.200825794518084,0.03513909224011713,2341.1649305555557,0.0,1000000.0,0.0,0.0,2.481886470635251,136.48755490483163,0.19983536589287207,1.886072340398166,1.0,19.951683748169838,19.951683748169838,19.951683748169838,1.0,0.08954503275199782,0.08954503275199782,0.08954503275199782
1,1263,37,0.3019607961177826,0.3843137323856354,49.017934076675616,-3.203426503814917e-16,0.04313725233078003,5.8987711902587865,0.5333333611488342,0.02989140049190143,0.34853681087044613,0.3529411852359772,0.2078431397676468,0.32549022138118744,0.01947873683623326,0.35094250011021333,0.6636286135537159,49.017934076675616,1.0,0.0016827298518659415,0.9781974093530033,69.23706107276,60.166435825965294,343.0,67.72751377258949,718.673231640422,2.095257235103271,398.0,0.091352518094809,1.0,0.0,0.0,0.0,0.0,1.0,0.0,-3.203426503814917e-16,0.0,1.0,1.0,1.0,1.0,0.0,0.0,0.0,1.0,1.0,-3.203426503814917e-16,1,1.0,2.0,-3.203426503814917e-16,0.0,398.0,1.0,0.0,1.0,4.721301012073057,4.721301012073057,4.721301012073057,1.0,1.711965808647692,88.28920173077333,0.39376014035006945,0.5609296482412061,1.5129151113867523,0.6376519809648403,0.6376519809648403,0.6376519809648403,1.0,2363.25,2363.25,2363.25,1.0,3.625,0.2265625,0.454982583459686,0.454982583459686,0.454982583459686,2.7717822215997945,0.04020100502512563,1744.484375,0.0,1000000.0,0.0,0.0,2.62278293934118,74.32663316582915,0.18675033458751042,2.631751723441327,1.0,22.99497487437186,22.99497487437186,22.99497487437186,1.0,0.08612826628417977,0.08612826628417977,0.08612826628417977
1,1380,39,0.5803921818733215,0.8313725590705872,366.6374007859574,-3.203426503814917e-16,0.15294116735458374,5.796830566775195,0.9137254953384399,0.08952828464363242,0.7193698446142536,0.7607843279838562,0.18039216101169586,0.7333333343267441,0.06621949225146971,0.727889300309957,-1.3060507267302124,366.6374007859574,1.0,0.012329860165383582,0.8605533561305825,143.7423548094886,113.44161493913951,595.0,123.69796584941841,1248.71190360791,2.0986754682485884,692.0,0.06924703189061078,1.0,0.0,0.0,0.0,0.0,1.0,0.0,-3.203426503814917e-16,0.0,1.0,1.0,1.0,1.0,0.0,0.0,0.0,1.0,1.0,-3.203426503814917e-16,1,1.0,2.0,-3.203426503814917e-16,0.0,692.0,1.0,0.0,1.0,4.7987189482130965,4.7987189482130965,4.7987189482130965,1.0,1.7190890373009702,157.6863561213446,0.40323073752756666,0.5639450867052023,1.6355045788787264,0.6506944805438805,0.6506944805438805,0.6506944805438805,1.0,1575.2903225806451,1575.2903225806451,1575.2903225806451,1.0,5.451612903225806,0.17585848074921956,0.4171512204881052,0.4171512204881052,0.4171512204881052,3.4130854229411485,0.044797687861271675,1076.9927159209155,0.0,1000000.0,0.0,0.0,2.733482111006415,120.05780346820809,0.17349393564769955,2.871253633599519,1.0,23.017341040462426,23.017341040462426,23.017341040462426,1.0,0.0894386555869404,0.0894386555869404,0.0894386555869404
1,1263,21,0.4156862795352936,0.4941176474094391,65.17860961742377,-3.203426503814917e-16,0.039215683937072754,3.0626031488226557,0.5529412031173706,0.023709153871167104,0.45903998439188126,0.4627451002597809,0.3764705955982208,0.17647060751914978,0.016809536252975463,0.4600205021455381,-0.1860606872512105,65.17860961742377,1.0,0.0009011551237344409,0.8086926537083555,61.55286823062639,50.0,273.5,49.77735235278598,503.4112549695451,1.8406261607661611,308.0,0.11645568018650604,1.0,0.0,0.0,0.0,0.0,1.0,0.0,-3.203426503814917e-16,0.0,1.0,1.0,1.0,1.0,0.0,0.0,0.0,1.0,1.0,-3.203426503814917e-16,1,1.0,2.0,-3.203426503814917e-16,0.0,308.0,1.0,0.0,1.0,6.013035091705574,6.013035091705574,6.013035091705574,1.0,1.809027117720748,57.766621373466485,0.3633856781473669,0.5162337662337662,2.2552440632851543,0.6032561848569021,0.6032561848569021,0.6032561848569021,1.0,3798.8888888888887,3798.8888888888887,3798.8888888888887,1.0,1.6666666666666667,0.18518518518518517,0.36226075943568664,0.36226075943568664,0.36226075943568664,2.641604167868591,0.02922077922077922,2627.728395061728,0.0,1000000.0,0.0,0.0,2.734520090279392,53.26623376623377,0.17294231742283692,3.4052116714454375,1.0,27.123376623376622,27.123376623376622,27.123376623376622,1.0,0.07284406003262295,0.07284406003262295,0.07284406003262295
1,1383,37,0.5568627715110779,0.7109804093837738,141.12151590165348,-3.203426503814917e-16,0.08235293626785278,4.673098272425424,0.9372549057006836,0.05252685644355233,0.6424875479830793,0.6509804129600525,0.3960784375667572,0.5411764681339264,0.03530025625993082,0.6461573166153447,-0.08909392673784057,141.12151590165348,1.0,0.0047290285022333605,0.961655575452269,55.506982972498534,49.72926703662542,289.0,53.37859965203737,645.7199128346475,2.2343249579053546,338.0,0.09332750892912214,1.0,0.0,0.0,0.0,0.0,1.0,0.0,-3.203426503814917e-16,0.0,1.0,1.0,1.0,1.0,0.0,0.0,0.0,1.0,1.0,-3.203426503814917e-16,1,1.0,2.0,-3.203426503814917e-16,0.0,338.0,1.0,0.0,1.0,3.982400410225696,3.982400410225696,3.982400410225696,1.0,1.6043027698883559,83.30810571378719,0.4131256828520693,0.5939349112426036,1.117160524804207,0.6495872118149374,0.6495872118149374,0.6495872118149374,1.0,4019.5,4019.5,4019.5,1.0,1.25,0.15625,0.2823441674654329,0.2823441674654329,0.2823441674654329,2.7499999999999973,0.023668639053254437,2234.4375,0.0,1000000.0,0.0,0.0,2.4302319971094324,73.02958579881657,0.21606386331010818,1.7607226637722766,1.0,19.810650887573964,19.810650887573964,19.810650887573964,1.0,0.08222883038817105,0.08222883038817105,0.08222883038817105
1,1263,39,0.45647059082984925,0.7019608020782471,168.98886058981367,-3.203426503814917e-16,0.1509803831577301,2.210239804895242,0.8549019694328308,0.08356948633036196,0.6017841162917378,0.6392157077789307,0.364705890417099,0.4901960790157318,0.06448828069635557,0.6094293143658104,-0.394693081992478,168.98886058981367,1.0,0.009259966587353927,0.7420034673654589,94.63627390941953,75.28612089887484,406.0,70.2204433793366,799.1585130146607,1.968370721710987,455.0,0.08937890272581123,1.0,0.0,0.0,0.0,0.0,1.0,0.0,-3.203426503814917e-16,0.0,1.0,1.0,1.0,1.0,0.0,0.0,0.0,1.0,1.0,-3.203426503814917e-16,1,1.0,2.0,-3.203426503814917e-16,0.0,455.0,1.0,0.0,1.0,4.729025636868536,4.729025636868536,4.729025636868536,1.0,1.699386252218365,102.0255470057756,0.3974327995935539,0.5642857142857143,1.5712885132585348,0.6427160124543899,0.6427160124543899,0.6427160124543899,1.0,1683.2666666666667,1683.2666666666667,1683.2666666666667,1.0,1.4,0.09333333333333334,0.20959996786220522,0.20959996786220522,0.20959996786220522,3.589898095464284,0.03296703296703297,763.1555555555556,0.0,1000000.0,0.0,0.0,2.632068579164903,85.07472527472528,0.1869774181862094,2.5003453689167974,1.0,22.621978021978023,22.621978021978023,22.621978021978023,1.0,0.07819961604910584,0.07819961604910584,0.07819961604910584
0,1382,17,0.30980393290519714,0.40823529958724986,59.33049125162425,-3.203426503814917e-16,0.03529411554336548,5.2213289128132745,0.4941176474094391,0.030274736772150552,0.3452661155133831,0.33725491166114807,0.21176470816135406,0.282352939248085,0.016646733972731333,0.3479693021049363,1.1229665298499645,59.33049125162425,1.0,0.001873944685695621,0.8869560597238821,91.46463895999084,73.54590403278758,418.0,81.12511577602095,954.9646455628217,2.2846044152220615,490.0,0.07589370928049247,1.0,0.0,0.0,0.0,0.0,1.0,0.0,-3.203426503814917e-16,0.0,1.0,1.0,1.0,1.0,0.0,0.0,0.0,1.0,1.0,-3.203426503814917e-16,1,1.0,2.0,-3.203426503814917e-16,0.0,490.0,1.0,0.0,1.0,3.783992470596993,3.783992470596993,3.783992470596993,1.0,1.5854492550285333,127.36304295083524,0.4282529563407407,0.6045918367346939,1.0288866124780625,0.6697022299766713,0.6697022299766713,0.6697022299766713,1.0,2574.5333333333333,2574.5333333333333,2574.5333333333333,1.0,3.1333333333333333,0.2088888888888889,0.40274419246575655,0.40274419246575655,0.40274419246575655,2.73957226198672,0.030612244897959183,1507.4222222222224,0.0,1000000.0,0.0,0.0,2.3861389005794296,106.4734693877551,0.21729279466888796,1.6304872969596003,1.0,18.963265306122448,18.963265306122448,18.963265306122448,1.0,0.08803809176731917,0.08803809176731917,0.08803809176731917
1,1270,31,0.27843138575553894,0.35686275362968445,52.85913457798533,-3.203426503814917e-16,0.03529411554336548,3.996123125982379,0.40784314274787903,0.024325135468844843,0.31477273777691706,0.3137255012989044,0.20000000298023224,0.2078431397676468,0.01679897809447336,0.3164047997530859,-0.2129118320392803,52.85913457798533,1.0,0.0010301208592146257,0.9414844509009872,102.39765616385992,83.73768566183328,451.5,96.40580108697974,1025.6925676241797,2.271744335823211,528.0,0.07343728302331388,1.0,0.0,0.0,0.0,0.0,1.0,0.0,-3.203426503814917e-16,0.0,1.0,1.0,1.0,1.0,0.0,0.0,0.0,1.0,1.0,-3.203426503814917e-16,1,1.0,2.0,-3.203426503814917e-16,0.0,528.0,1.0,0.0,1.0,3.8649898961509743,3.8649898961509743,3.8649898961509743,1.0,1.5792264194476562,136.27786521923625,0.42677991294291673,0.6032196969696969,1.1020487668243901,0.6647478136412064,0.6647478136412064,0.6647478136412064,1.0,2567.7,2567.7,2567.7,1.0,5.6,0.28,0.5276987273757993,0.5276987273757993,0.5276987273757993,2.5609640474436777,0.03787878787878788,1870.7400000000002,0.0,1000000.0,0.0,0.0,2.351273246771777,116.70454545454545,0.22103133608815426,1.5681244260789715,1.0,18.992424242424242,18.992424242424242,18.992424242424242,1.0,0.09199182782330102,0.09199182782330102,0.09199182782330102
1,1270,15,0.38823530077934265,0.501960813999176,98.2473690128611,-3.203426503814917e-16,0.04313725233078003,3.5339993951934967,0.5764706134796143,0.031673532087893,0.4532886631000897,0.4588235318660736,0.32156863808631897,0.2549019753932953,0.02000814790032261,0.4552723694744498,-0.5127577252549984,98.2473690128611,1.0,0.0018023183118133404,0.866570079461129,91.74206870820059,72.47068372797375,416.5,79.50093177039373,810.999133448227,1.9471767909921416,474.0,0.0892055848144282,1.0,0.0,0.0,0.0,0.0,1.0,0.0,-3.203426503814917e-16,0.0,1.0,1.0,1.0,1.0,0.0,0.0,0.0,1.0,1.0,-3.203426503814917e-16,1,1.0,2.0,-3.203426503814917e-16,0.0,474.0,1.0,0.0,1.0,5.685895548883073,5.685895548883073,5.685895548883073,1.0,1.786862360747116,97.54444328478834,0.38295462164073285,0.5358649789029536,2.1722136237939305,0.6287348850588703,0.6287348850588703,0.6287348850588703,1.0,3776.4285714285716,3776.4285714285716,3776.4285714285716,1.0,3.142857142857143,0.22448979591836735,0.4369109910041074,0.4369109910041074,0.4369109910041074,2.699513850319963,0.029535864978902954,2630.122448979592,0.0,1000000.0,0.0,0.0,2.7239857520568016,82.64135021097046,0.17434884010753263,3.0062846053873136,1.0,25.219409282700422,25.219409282700422,25.219409282700422,1.0,0.07848044058223384,0.07848044058223384,0.07848044058223384
2,1261,14,0.019607843831181526,0.4156862795352936,3930.808289282978,-3.203426503814917e-16,0.26274510845541954,4.425988654305792,1.0,0.1432885093700088,0.17500622832397184,0.10980392247438431,0.0,1.0,0.1109927454967864,0.2464116815752722,1.2205263438354301,3930.808289282978,1.0,0.03009153686457117,0.9988153602235323,297.3923003559497,361.33225707096784,64724.5,297.03999760773286,1383.68838354207,0.02137812394907755,64738.0,0.6517799388415155,1.0,0.0,0.0,0.0,0.0,1.0,0.0,-3.203426503814917e-16,0.0,1.0,1.0,1.0,1.0,0.0,0.0,0.0,1.0,1.0,-3.203426503814917e-16,1,1.0,2.0,-3.203426503814917e-16,0.0,64738.0,1.0,0.0,1.0,28591.12138806422,28591.12138806422,28591.12138806422,1.0,4.728792427516854,77.66006333391172,0.20502846585338963,0.007738885971145232,8000.598212770889,0.11522401612291638,0.11522401612291638,0.11522401612291638,1.0,1396873410.0,1396873410.0,1396873410.0,1.0,1.0,0.3333333333333333,0.4166666667462094,0.4166666667462094,0.4166666667462094,1.5849625007211552,4.6340634557755876e-05,931205782.888889,0.0,1000000.0,0.0,0.0,0.1637322194007228,62180.21752293861,0.9604902456507556,0.19957150916341565,1.0,80.08900491210726,80.08900491210726,80.08900491210726,1.0,0.012748850598922832,0.012748850598922832,0.012748850598922832
1,1264,11,0.0117647061124444,0.20000000298023224,955.459717593581,-3.203426503814917e-16,0.14117647521197796,5.802110501487255,0.7882353067398071,0.06989980506483916,0.08792412484533818,0.05882352963089943,0.0,0.7882353067398071,0.055892705480835025,0.1210846231710494,1.2731275185743212,955.459717593581,1.0,0.00693083423865642,0.9998043266981298,296.42938333734236,361.33225707096784,65160.0,296.37138002113335,1315.7472580451154,0.020192560743479363,65168.0,0.6877379601727353,1.0,0.0,0.0,0.0,0.0,1.0,0.0,-3.203426503814917e-16,0.0,1.0,1.0,1.0,1.0,0.0,0.0,0.0,1.0,1.0,-3.203426503814917e-16,1,1.0,2.0,-3.203426503814917e-16,0.0,65168.0,1.0,0.0,1.0,30886.784596704634,30886.784596704634,30886.784596704634,1.0,4.758409126370077,84.37494036405442,0.23764015036282915,0.007373250675178001,7777.674557045765,0.1139832624207942,0.1139832624207942,0.1139832624207942,1.0,1061391254.5,1061391254.5,1061391254.5,1.0,1.0,0.25,0.3176020408752115,0.3176020408752115,0.3176020408752115,1.9999999999999987,6.137981831573779e-05,795961990.5,0.0,1000000.0,0.0,0.0,0.1575899639847897,62697.251657255096,0.9620864789046019,0.18998983849798867,1.0,80.13172109010557,80.13172109010557,80.13172109010557,1.0,0.012738999240627725,0.012738999240627725,0.012738999240627725
1,1263,31,0.6313725709915161,0.834509813785553,91.31862010225436,-3.203426503814917e-16,0.08235293626785278,3.4781581660587073,0.9686274528503418,0.05895182899870338,0.714279401100288,0.6941176652908325,0.5647059082984924,0.40392154455184937,0.0389017873199609,0.7182787810852895,0.8201481222361944,91.31862010225436,1.0,0.005729344521183139,0.7274280380963986,41.13049730957012,35.34119409414458,145.5,29.919476963829787,360.21529547665114,2.4757064981213137,177.0,0.11870643946835267,1.0,0.0,0.0,0.0,0.0,1.0,0.0,-3.203426503814917e-16,0.0,1.0,1.0,1.0,1.0,0.0,0.0,0.0,1.0,1.0,-3.203426503814917e-16,1,1.0,2.0,-3.203426503814917e-16,0.0,177.0,1.0,0.0,1.0,3.6169274587088562,3.6169274587088562,3.6169274587088562,1.0,1.444488607064646,51.37130711221665,0.459796364079868,0.6285310734463276,1.0648880703364652,0.692731690153068,0.692731690153068,0.692731690153068,1.0,1366.375,1366.375,1366.375,1.0,1.25,0.15625,0.13926949802103025,0.13926949802103025,0.13926949802103025,2.7499999999999973,0.04519774011299435,876.859375,0.0,1000000.0,0.0,0.0,2.369493374715737,38.6045197740113,0.21810463149158926,1.6771681189951804,1.0,17.451977401129945,17.451977401129945,17.451977401129945,1.0,0.09404323122846127,0.09404323122846127,0.09404323122846127
1,1263,25,0.49764705896377565,0.615686297416687,54.80998518477592,-3.203426503814917e-16,0.039215683937072754,5.069941307350084,0.6823529601097107,0.03246081998603979,0.5659746476832558,0.572549045085907,0.3921568691730499,0.29019609093666077,0.01992206495896257,0.5678130656805155,-1.1065451990379718,54.80998518477592,1.0,0.0020843757373198734,0.6236873146910018,52.83048796379735,42.05948168962618,141.0,32.94970517195606,343.73001410241244,2.437801518456826,170.0,0.12246078314749112,1.0,0.0,0.0,0.0,0.0,1.0,0.0,-3.203426503814917e-16,0.0,1.0,1.0,1.0,1.0,0.0,0.0,0.0,1.0,1.0,-3.203426503814917e-16,1,1.0,2.0,-3.203426503814917e-16,0.0,170.0,1.0,0.0,1.0,3.506231546476145,3.506231546476145,3.506231546476145,1.0,1.4659065585156847,48.062522920381944,0.4497668175778379,0.625,0.9140597681298094,0.680445769655648,0.680445769655648,0.680445769655648,1.0,1572.75,1572.75,1572.75,1.0,1.75,0.21875,0.39003762796343827,0.39003762796343827,0.39003762796343827,2.405639062229564,0.047058823529411764,1121.1875,0.0,1000000.0,0.0,0.0,2.2933078873650192,39.38823529411765,0.2316955017301038,1.4352941176470588,1.0,17.435294117647057,17.435294117647057,17.435294117647057,1.0,0.09750076697345604,0.09750076697345604,0.09750076697345604
2,1260,16,0.43921568989753723,0.6196078658103943,181.27395291530533,-3.203426503814917e-16,0.11372551321983337,3.2282340759585644,0.6745098233222961,0.05674588272998197,0.5238708286605006,0.5176470875740051,0.22745098173618317,0.447058841586113,0.04409788816268532,0.5285004412073869,-0.281600061771758,181.27395291530533,1.0,0.004872071234963039,0.9222170076520334,125.96106068598519,100.42410069301094,553.5,116.16343246650544,1242.5281374238368,2.2448566168452335,649.0,0.06712086000426017,1.0,0.0,0.0,0.0,0.0,1.0,0.0,-3.203426503814917e-16,0.0,1.0,1.0,1.0,1.0,0.0,0.0,0.0,1.0,1.0,-3.203426503814917e-16,1,1.0,2.0,-3.203426503814917e-16,0.0,649.0,1.0,0.0,1.0,3.9978714812215626,3.9978714812215626,3.9978714812215626,1.0,1.5733663384197436,169.44438628967583,0.4318846394641287,0.603235747303544,1.2305093482609235,0.6696760350562654,0.6696760350562654,0.6696760350562654,1.0,2372.7391304347825,2372.7391304347825,2372.7391304347825,1.0,3.4347826086956523,0.14933837429111532,0.365761537757037,0.365761537757037,0.365761537757037,3.480083695187443,0.03543913713405239,1576.5179584120983,0.0,1000000.0,0.0,0.0,2.4881215057489205,136.75963020030818,0.2107236212639571,2.0760017188943047,1.0,19.499229583975346,19.499229583975346,19.499229583975346,1.0,0.0905313213712124,0.0905313213712124,0.0905313213712124
1,1264,21,0.5498039484024048,0.6941176652908325,127.3268677226823,-3.203426503814917e-16,0.07843136787414551,2.655003948719643,0.7568627595901489,0.043053693435726605,0.6255691351351723,0.6274510025978088,0.4588235318660736,0.2980392277240753,0.03092774015249305,0.6278541461699473,-0.2151178129642082,127.3268677226823,1.0,0.002864086029026055,0.8306123373645592,74.01162645061255,61.220911460055866,270.0,61.47497003829592,644.7909806465128,2.3881147431352328,323.0,0.0903374568271204,1.0,0.0,0.0,0.0,0.0,1.0,0.0,-3.203426503814917e-16,0.0,1.0,1.0,1.0,1.0,0.0,0.0,0.0,1.0,1.0,-3.203426503814917e-16,1,1.0,2.0,-3.203426503814917e-16,0.0,323.0,1.0,0.0,1.0,3.3893116579853486,3.3893116579853486,3.3893116579853486,1.0,1.4931599345175048,92.34461223187714,0.45327307756304036,0.630030959752322,0.8652182664905714,0.692306061553623,0.692306061553623,0.692306061553623,1.0,1723.3529411764705,1723.3529411764705,1723.3529411764705,1.0,3.823529411764706,0.22491349480968859,0.4604882129608562,0.4604882129608562,0.4604882129608562,2.651793902628766,0.05263157894736842,1362.3529411764705,0.0,1000000.0,0.0,0.0,2.447028539217338,68.49226006191951,0.2120503407489768,1.7785658829280449,1.0,17.458204334365327,17.458204334365327,17.458204334365327,1.0,0.10721529401234178,0.10721529401234178,0.10721529401234178
1,1264,33,0.3294117748737335,0.43529412150382996,31.613211207911405,-3.203426503814917e-16,0.04509803652763367,7.079805854058273,0.48627451062202454,0.03729034878367601,0.390785285478155,0.40392157435417175,0.16078431904315948,0.32549019157886505,0.019597344016262924,0.3946265379728915,-1.8550481623330668,31.613211207911405,1.0,0.0030169651262268826,0.7462018269482714,44.16439569460859,38.8329756778952,178.0,32.9555527533833,370.3574311003822,2.080659725283046,203.0,0.12770087414035988,1.0,0.0,0.0,0.0,0.0,1.0,0.0,-3.203426503814917e-16,0.0,1.0,1.0,1.0,1.0,0.0,0.0,0.0,1.0,1.0,-3.203426503814917e-16,1,1.0,2.0,-3.203426503814917e-16,0.0,203.0,1.0,0.0,1.0,4.103176733174293,4.103176733174293,4.103176733174293,1.0,1.6566092165730728,45.64322105007693,0.38787421743671413,0.5763546798029556,1.0563013698964252,0.6222368528138351,0.6222368528138351,0.6222368528138351,1.0,2628.3333333333335,2628.3333333333335,2628.3333333333335,1.0,4.333333333333333,0.48148148148148145,0.6684739486399434,0.6684739486399434,0.6684739486399434,1.446616667628207,0.04433497536945813,2119.58024691358,0.0,1000000.0,0.0,0.0,2.4129260604682083,43.354679802955665,0.21356985124608702,1.7549564415540293,1.0,21.019704433497537,21.019704433497537,21.019704433497537,1.0,0.09292595198999139,0.09292595198999139,0.09292595198999139
1,1264,35,0.4274509847164154,0.529411792755127,75.45459838324408,-3.203426503814917e-16,0.04705885052680969,9.241156072780042,0.6274510025978088,0.034007639382953384,0.4823773868637293,0.4901960790157318,0.1921568661928177,0.43529413640499115,0.021238109717602382,0.48483095420301736,-1.5514795014057603,75.45459838324408,1.0,0.002373110795928395,0.7489362646845569,74.07179168958821,61.220911460055866,274.0,55.475050986492796,620.2640687119315,2.263737477050845,321.0,0.09460271269044537,1.0,0.0,0.0,0.0,0.0,1.0,0.0,-3.203426503814917e-16,0.0,1.0,1.0,1.0,1.0,0.0,0.0,0.0,1.0,1.0,-3.203426503814917e-16,1,1.0,2.0,-3.203426503814917e-16,0.0,321.0,1.0,0.0,1.0,3.5990932511852356,3.5990932511852356,3.5990932511852356,1.0,1.5323628490516663,83.33420325773317,0.4243492883485234,0.6113707165109035,0.9198371061809867,0.6570456171810953,0.6570456171810953,0.6570456171810953,1.0,1419.5,1419.5,1419.5,1.0,2.4285714285714284,0.17346938775510204,0.37904454302124213,0.37904454302124213,0.37904454302124213,2.9780948881692573,0.04361370716510903,893.780612244898,0.0,1000000.0,0.0,0.0,2.370506116202126,70.82554517133957,0.22064032763657185,1.5987034287322524,1.0,18.482866043613708,18.482866043613708,18.482866043613708,1.0,0.09178408954443668,0.09178408954443668,0.09178408954443668
1,1270,23,0.21960784494876862,0.2980392277240753,43.07991081233675,-3.203426503814917e-16,0.04313726723194122,4.571377998061568,0.3294117748737335,0.025821235352267904,0.26131793397108327,0.26274511218070984,0.11764705926179886,0.21176471561193466,0.019366621929957997,0.26338533948741905,-0.7241885106431536,43.07991081233675,1.0,0.0010847744419875314,0.8938640047022506,133.30944795248814,106.30145812734649,529.0,119.1605170114573,1173.6580797387558,2.2186353114154174,621.0,0.06946902044912613,1.0,0.0,0.0,0.0,0.0,1.0,0.0,-3.203426503814917e-16,0.0,1.0,1.0,1.0,1.0,0.0,0.0,0.0,1.0,1.0,-3.203426503814917e-16,1,1.0,2.0,-3.203426503814917e-16,0.0,621.0,1.0,0.0,1.0,4.035966334109144,4.035966334109144,4.035966334109144,1.0,1.620255328305555,154.3069654755727,0.41848423966047443,0.5929951690821256,1.1815649818193814,0.6600717420321424,0.6600717420321424,0.6600717420321424,1.0,2453.4333333333334,2453.4333333333334,2453.4333333333334,1.0,5.133333333333334,0.1711111111111111,0.40079530207240244,0.40079530207240244,0.40079530207240244,3.2132694187027226,0.04830917874396135,2024.9433333333336,0.0,1000000.0,0.0,0.0,2.6139397350495157,118.8840579710145,0.1914397068776401,2.2871012158976867,1.0,20.40096618357488,20.40096618357488,20.40096618357488,1.0,0.09486190429532582,0.09486190429532582,0.09486190429532582
