group_name,m_id,day_of_study,original_firstorder_10Percentile,original_firstorder_90Percentile,original_firstorder_Energy,original_firstorder_Entropy,original_firstorder_InterquartileRange,original_firstorder_Kurtosis,original_firstorder_Maximum,original_firstorder_MeanAbsoluteDeviation,original_firstorder_Mean,original_firstorder_Median,original_firstorder_Minimum,original_firstorder_Range,original_firstorder_RobustMeanAbsoluteDeviation,original_firstorder_RootMeanSquared,original_firstorder_Skewness,original_firstorder_TotalEnergy,original_firstorder_Uniformity,original_firstorder_Variance,original_glcm_Autocorrelation,original_glcm_ClusterProminence,original_glcm_ClusterShade,original_glcm_ClusterTendency,original_glcm_Contrast,original_glcm_Correlation,original_glcm_DifferenceAverage,original_glcm_DifferenceEntropy,original_glcm_DifferenceVariance,original_glcm_Id,original_glcm_Idm,original_glcm_Idmn,original_glcm_Idn,original_glcm_Imc1,original_glcm_Imc2,original_glcm_InverseVariance,original_glcm_JointAverage,original_glcm_JointEnergy,original_glcm_JointEntropy,original_glcm_MCC,original_glcm_MaximumProbability,original_glcm_SumAverage,original_glcm_SumEntropy,original_glcm_SumSquares,original_glrlm_GrayLevelNonUniformity,original_glrlm_GrayLevelNonUniformityNormalized,original_glrlm_GrayLevelVariance,original_glrlm_HighGrayLevelRunEmphasis,original_glrlm_LongRunEmphasis,original_glrlm_LongRunHighGrayLevelEmphasis,original_glrlm_LongRunLowGrayLevelEmphasis,original_glrlm_LowGrayLevelRunEmphasis,original_glrlm_RunEntropy,original_glrlm_RunLengthNonUniformity,original_glrlm_RunLengthNonUniformityNormalized,original_glrlm_RunPercentage,original_glrlm_RunVariance,original_glrlm_ShortRunEmphasis,original_glrlm_ShortRunHighGrayLevelEmphasis,original_glrlm_ShortRunLowGrayLevelEmphasis,original_glszm_GrayLevelNonUniformity,original_glszm_GrayLevelNonUniformityNormalized,original_glszm_GrayLevelVariance,original_glszm_HighGrayLevelZoneEmphasis,original_glszm_LargeAreaEmphasis,original_glszm_LargeAreaHighGrayLevelEmphasis,original_glszm_LargeAreaLowGrayLevelEmphasis,original_glszm_LowGrayLevelZoneEmphasis,original_glszm_SizeZoneNonUniformity,original_glszm_SizeZoneNonUniformityNormalized,original_glszm_SmallAreaEmphasis,original_glszm_SmallAreaHighGrayLevelEmphasis,original_glszm_SmallAreaLowGrayLevelEmphasis,original_glszm_ZoneEntropy,original_glszm_ZonePercentage,original_glszm_ZoneVariance,original_gldm_DependenceEntropy,original_gldm_DependenceNonUniformity,original_gldm_DependenceNonUniformityNormalized,original_gldm_DependenceVariance,original_gldm_GrayLevelNonUniformity,original_gldm_GrayLevelVariance,original_gldm_HighGrayLevelEmphasis,original_gldm_LargeDependenceEmphasis,original_gldm_LargeDependenceHighGrayLevelEmphasis,original_gldm_LargeDependenceLowGrayLevelEmphasis,original_gldm_LowGrayLevelEmphasis,original_gldm_SmallDependenceEmphasis,original_gldm_SmallDependenceHighGrayLevelEmphasis,original_gldm_SmallDependenceLowGrayLevelEmphasis,original_ngtdm_Busyness,original_ngtdm_Coarseness,original_ngtdm_Complexity,original_ngtdm_Contrast,original_ngtdm_Strength
1,1258,14,1.8076518883263017,2.339577555050131,2595.269220521207,0.9440579566330294,0.30865909572160843,3.8947643791704536,2.462624210652881,0.17966346438401404,2.067536169455579,2.100163780328698,1.2429558469844428,1.219668363668438,0.12556895199509227,2.0797713097522714,-0.7711474975725551,103.8107688208483,0.5382722222222223,0.05074288886163236,2.885329903504073,1.0565596672537652,-0.46392300440720047,0.8713118199725765,0.05320608327546336,0.8849169008325489,0.05320608327546336,0.29865379804089887,0.050289368359861114,0.9733969583622684,0.9733969583622684,0.9893587833449072,0.9822646389081789,-0.6873094777623903,0.8521908419040554,0.05320608327546336,1.6373109817139349,0.48745168001611894,1.2403079521394693,0.8849169008325494,0.6107079400762032,3.2746219634278697,1.1871018688640065,0.23112947581201,92.66013607497969,0.5299667902276195,0.23501660488619022,2.864651972744922,17.318776648807738,51.32232990175753,8.817888335570292,0.5338370068137696,3.030511156143668,49.59210735148316,0.3101045978666896,0.29125,2.8523926716150783,0.23901523887452636,0.6827221317012038,0.128088515667857,12.333333333333334,0.5138888888888888,0.24305555555555558,2.75,812.3333333333334,2490.2083333333335,392.8645833333333,0.5625,3.75,0.15625,0.007997511102223678,0.02302369429401578,0.0042409653042756535,3.688721875540862,0.04,187.33333333333331,2.9371719141722052,185.40666666666667,0.3090111111111111,3.507766666666667,322.9633333333333,0.2308638888888889,2.915,47.99666666666667,141.49166666666667,24.622916666666665,0.52125,0.030066447782816835,0.08681165202191987,0.01588014672304107,8.285101700060716,0.0659555075138896,0.050539120370370366,0.011565639544753085,0.06653728860548934
1,1258,18,0.9897879715590063,1.7144690817099248,2434.381134018,0.4921791427968217,0.4588629908242461,2.8234409405315835,1.8780046633568124,0.26343276827097356,1.3473459779065837,1.4353370774183607,0.44174164743820643,1.4362630159186058,0.20056404212389864,1.381780929266541,-0.580510703884255,97.37524536072002,0.8081894655901576,0.09397735230365746,3.66507539139758,0.9951732819436454,-0.5537149728629487,0.3639567114558005,0.021545255651161877,0.8881976217133855,0.021545255651161877,0.14823202928650117,0.021027879841406222,0.9892273721744191,0.9892273721744191,0.9956909488697676,0.9928182481162794,-0.7311683310625392,0.7160254913836476,0.021545255651161877,1.8919493397410536,0.7862211366051125,0.6267908495571524,0.88819762171338,0.8811767119154728,3.7838986794821072,0.6052455939059908,0.09637549177674058,229.85373524833514,0.768254871264088,0.11587256436795601,3.598543220877729,41.55850200505736,157.99528501824523,12.449306251760403,0.35036419478056785,2.4423248016284695,101.03023789006329,0.39110089574507423,0.2343137254901961,15.026437399666811,0.1656470113694766,0.5770271467367966,0.06280197752764662,20.724137931034484,0.7146254458977408,0.1426872770511296,3.4827586206896552,3620.2413793103447,13958.862068965518,1035.5862068965516,0.3793103448275862,14.241379310344827,0.49108204518430437,0.0021155344691807,0.005059035601329884,0.0013796591861434042,2.15998941569932,0.022745098039215685,1687.2746730083236,2.148994577441659,483.1678431372549,0.37895517108804305,3.1717031910803533,1030.441568627451,0.09590526720492118,3.6776470588235295,53.9443137254902,200.33490196078432,17.346666666666668,0.3305882352941176,0.025042290990470263,0.09056051124153365,0.008662735927704415,3.7890622565061554,0.0786570516560908,0.01994261694220172,0.0018604368174131116,0.08086253369272238
1,1258,20,1.4192372369180517,2.12899833825046,5277.648508533091,0.8139493672212861,0.4027625806009907,2.1909259780933015,2.2870598717773856,0.220558477744658,1.783225465730999,1.7729963912358153,1.117373605705769,1.1696862660716165,0.16716364035238176,1.802160841201147,-0.14669739102120893,211.1059403413237,0.6233134201183432,0.06789063592728693,1.7202007804755874,1.2395666041750781,0.7081489738859781,0.7098217874999432,0.030211901154285858,0.918306133449486,0.030211901154285858,0.19422391055412502,0.029246875909885714,0.9848940494228571,0.9848940494228571,0.9939576197691429,0.9899293662819049,-0.7666741924448174,0.8410523679898048,0.030211901154285858,1.2451022436842436,0.6007362797629998,0.9907460837695639,0.9183061334494858,0.7397918057386136,2.490204487368487,0.9605341826152785,0.18500842216355728,251.9006322991107,0.5849197797638713,0.20754011011806434,1.8850135062813673,32.48529548931721,46.61117608733883,28.953825339811804,0.7787466234296581,2.7806190266611313,141.58820792150794,0.372736145663704,0.26384615384615384,13.64625103103337,0.2155062035429678,0.4441129826642364,0.15835450876265067,31.20689655172414,0.5380499405469679,0.23097502972651604,2.086206896551724,2070.5,2641.5862068965516,1927.728448275862,0.728448275862069,14.448275862068966,0.24910820451843044,0.0691171502865247,0.14363546206205907,0.0504875723426411,3.6446679241532376,0.03569230769230769,1285.5341854934602,2.6376554703149733,564.7895384615384,0.3475627928994083,3.5126532544378692,1012.8843076923077,0.1883432899408284,1.755076923076923,50.97415384615385,86.2116923076923,42.16476923076923,0.8112307692307692,0.02980204730895207,0.05614870380060857,0.023215383186037948,52.17290619765493,0.039128686423910965,0.03145439684418145,0.005868583741951146,0.03949967083607637
1,1258,22,1.2054310860881439,1.8970259334126875,5779.896385655734,0.3405123234253148,0.3804275334900069,2.7244600652225186,2.0783565042599417,0.21325612939047509,1.5902993761053263,1.6232677439878243,0.8564773168730989,1.2218791873868429,0.15224256859595162,1.6117401281671155,-0.5718998305526988,231.1958554262294,0.9022959727307158,0.06865413510316054,4.039236019570664,0.6348134217392714,-0.006468847551336969,0.17598750984511133,0.022976102732194238,0.768399355928318,0.022976102732194238,0.15623916678794647,0.022404688163414965,0.9885119486339029,0.9885119486339029,0.9977023897267806,0.9942559743169515,-0.5884600771012956,0.5684891043011423,0.022976102732194238,2.0002448058278084,0.8821811208030222,0.47262455666227277,0.7968833279408473,0.9387671010083758,4.000489611655617,0.44964845393007913,0.049740903144326394,422.6265638412113,0.8318637117780041,0.09004138810132707,4.085397399382569,72.65211768674436,292.5497220888125,18.40459256130365,0.2781225682426527,2.330856800954787,172.33656193582055,0.38927844575843457,0.2278651685393258,44.592717253568786,0.16126902868425075,0.6879719901751579,0.04939646697158269,27.837209302325583,0.6473769605191996,0.2087614926987561,4.116279069767442,17471.18604651163,69988.81395348837,4378.93669250646,0.3242894056847545,8.069767441860465,0.18766901027582478,0.027941443324519057,0.2246606921240197,0.005758305592424615,3.1445995403769715,0.019325842696629212,14793.725256895617,1.938220853469451,864.518202247191,0.388547506627951,3.104822926398182,2007.6085393258427,0.050786314859234946,4.048988764044944,54.61528089887641,220.0903370786517,14.25725343320849,0.2657178526841448,0.024802963486684728,0.10422019280038275,0.0067263792047544515,2.9988240940724737,0.044513888333159946,0.06271607625029656,0.0003602594769415393,0.09091275820746772
1,1258,24,1.2677963696627619,1.9241552711670522,5488.9467154697995,0.3778787629311763,0.2770349877047589,3.0569893511844457,2.1984391824198948,0.18867808872276973,1.560587563145544,1.5368777726194507,0.7861856372543783,1.4122535451655165,0.12812028876582404,1.5795492330912004,0.33371367569688476,219.557868618792,0.8813603305785124,0.05954223751445338,4.221505541045016,0.7873529668165103,0.26505769205279855,0.22376891329032178,0.012515126273793718,0.8934557143406814,0.012515126273793718,0.0965306561127171,0.012349997257764157,0.9937424368631033,0.9937424368631033,0.9987484873726207,0.9968712184315516,-0.7628488655269278,0.6554975422421717,0.012515126273793718,2.041736786041946,0.8726832958182976,0.4558919973157102,0.9144054121367297,0.9329264768489738,4.083473572083892,0.4433768710419171,0.05907100989102888,460.03258505857036,0.8386480958349055,0.0844780950258309,4.293373721888056,42.60175913727667,175.48095188570878,10.597153975610555,0.2537537632923387,2.1584309322247264,205.208562132689,0.4430766476845133,0.24829545454545454,21.720709938196343,0.17884517803569167,0.8116918847017176,0.046310081413905246,46.704918032786885,0.7656543939801129,0.12684762160709487,4.39344262295082,3925.5737704918033,16029.803278688525,975.2905282331511,0.2609289617486339,23.065573770491802,0.3781241601719968,0.02379867209541173,0.11756405200623529,0.005599910011072479,2.7033244268401466,0.02772727272727273,2624.848159097017,1.9899410783634375,833.4854545454546,0.37885702479338845,3.2952685950413225,1938.9927272727273,0.06090165289256198,4.233636363636363,52.486363636363635,221.03,13.037323232323232,0.25017676767676766,0.026500648062255206,0.11496901727020774,0.006661707251877555,1.7963483260198285,0.07464083339883253,0.04164377288124024,0.0002613695936639119,0.1545053357939501
1,1258,24,0.7978491910488932,1.739492067083272,3789.258246850208,0.8372677723151221,0.4939714365585306,2.4903936233105086,1.9488547168579493,0.27635773956258997,1.2290065882657835,1.2138930614965513,0.22858924027731323,1.720265476580636,0.19771054651921505,1.2766316983644526,-0.02945554069212574,151.57032987400834,0.608487825182102,0.11933129926820522,3.1570224318842888,1.2062425458666866,-0.6712213145846325,0.7639316610287328,0.03405701808924284,0.9147298775273954,0.03405701808924284,0.21306961222118828,0.032838270088820745,0.9829714909553786,0.9829714909553786,0.9931885963821515,0.988647660636919,-0.7559206956110704,0.8497806914753125,0.03405701808924284,1.7246836469763034,0.5681673903521915,1.0562390662479444,0.9147298775273953,0.707655137931682,3.4493672939526068,1.0221820481587018,0.19949716977949386,355.2582154592591,0.6116522102240892,0.1941738948879554,3.2067745110394927,37.39993017043196,111.59481278161577,18.851209517636,0.4483063722401269,2.7960599474295766,191.68799229833428,0.3749501915672101,0.25053763440860216,15.571424808197627,0.1891497916761436,0.5859812283218709,0.08994193251471172,36.53333333333333,0.6088888888888889,0.19555555555555554,3.2,3143.7166666666667,9144.116666666667,1643.6166666666666,0.45,14.433333333333334,0.24055555555555555,0.008662287439588927,0.017767791453968677,0.006385911435993988,3.5073788001869217,0.025806451612903226,1642.1541666666667,2.6158369896629776,833.0696774193549,0.3583095386749913,3.2748202104289517,1414.734193548387,0.195756087408949,3.198709677419355,52.214623655913975,166.83913978494624,23.558494623655914,0.4503225806451613,0.026428098814197123,0.08376057550857859,0.01209497964060176,15.203112665949046,0.02743616960391022,0.03135332177130304,0.006128779295760463,0.027475672581568408
1,1258,24,0.6406996644499028,1.6929433113560797,3327.077267481357,1.0442750934227645,0.6596037967823183,2.1330799428939833,2.2178264175278164,0.3431160344568544,1.1474484972579122,1.0787368587228863,0.21290446708667057,2.0049219504411457,0.2648247609956018,1.2160185063433417,0.14006802950344457,133.0830906992543,0.5036922469135803,0.1620629539100513,2.74709973558684,1.4497922708837188,-0.16606422474977725,0.9960275448315599,0.04541811848955357,0.9128160916363286,0.04541811848955357,0.26517498847639054,0.04327071588077056,0.9772909407552233,0.9772909407552233,0.9954581881510447,0.9886454703776115,-0.7409084670961457,0.8875776044609869,0.04541811848955357,1.584121637958461,0.4607622428014378,1.3204864250572819,0.9195406970588623,0.54396869775745,3.168243275916922,1.275068306567729,0.2603614158302784,317.4883031502627,0.5015999298149716,0.26727752206173333,2.8668193182399095,20.696736452400707,52.27942824843791,12.902241393822177,0.5499639122765045,3.05349971516468,198.70400029162107,0.35392325637176536,0.2812222222222222,4.87046089727629,0.22821379950745954,0.661998641344669,0.12826488042979733,39.24691358024691,0.4845297972869989,0.300259106843469,3.037037037037037,1180.716049382716,2771.9753086419755,785.8230452674898,0.5318930041152263,21.469135802469136,0.26505105928974243,0.020233649352973945,0.13856307344479904,0.005296040117621598,3.7013399573642487,0.036,409.1111111111111,2.9384608886123598,748.6604444444445,0.33273797530864196,3.4753888395061727,1133.3075555555556,0.25874883950617283,2.7875555555555556,49.04088888888889,134.4711111111111,27.971234567901234,0.5624938271604938,0.0298349535287366,0.08702887398169144,0.016536145332733003,9.944607114546178,0.022419072752132983,0.15615451947936862,0.003672636305928975,0.0684700356614769
1,1258,7,2.0530084205645696,2.3576269086091686,241.83857299648918,-3.203426503814917e-16,0.17158468671202565,2.4313355265247996,2.447640219444993,0.09844171450209274,2.1960157678021126,2.183121898064389,2.000799947560639,0.44684027188435405,0.07211557718468262,2.199266118488116,0.5366824904336894,9.67354291985957,1.0,0.014286207494280468,1.0,0.0,0.0,0.0,0.0,1.0,0.0,-3.203426503814917e-16,0.0,1.0,1.0,1.0,1.0,0.0,0.0,0.0,1.0,1.0,-3.203426503814917e-16,1,1.0,2.0,-3.203426503814917e-16,0.0,14.0,1.0,0.0,1.0,17.22222222222222,17.22222222222222,17.22222222222222,1.0,1.1405180562767105,6.888888888888889,0.6049382716049383,0.28,0.8641975308641975,0.18040123456790125,0.18040123456790125,0.18040123456790125,2.0,1.0,0.0,1.0,625.0,625.0,625.0,1.0,2.0,1.0,0.0016,0.0016,0.0016,-3.203426503814917e-16,0.04,0.0,1.4619011889093363,19.28,0.3856,3.3023999999999996,50.0,0.0,1.0,49.0,49.0,49.0,1.0,0.027777777777777776,0.027777777777777776,0.027777777777777776,0.0,1000000.0,0.0,0.0,0.0
1,1258,7,2.056680164252459,2.57355637803543,275.96945633982233,0.14144054254182004,0.4404492888753615,1.1918646882064903,2.637838835476995,0.21882022066599505,2.3386097768600296,2.3735014391995994,1.9973859958671423,0.6404528396098528,0.20237165111708882,2.349338018846255,-0.09171566173542856,11.038778253592895,0.9607999999999999,0.05029343837112755,3.9593749999999996,0.0181772876739502,-0.018673461914062505,0.019755859375000004,0.0203125,0.23970263210769557,0.0203125,0.13448604682651322,0.019755859374999997,0.9898437499999999,0.9898437499999999,0.9959375,0.9932291666666667,-0.0019477897278426456,0.01736915233057773,0.0203125,1.98984375,0.9602099609375001,0.15479854682651298,0.010297367892301793,0.9796875,3.9796875,0.13448604682651322,0.01001708984375,12.895002658160552,0.8661900560771542,0.0669049719614229,3.7824960127591707,15.492690058479532,61.75325624667731,3.9275485114300905,0.3043759968102073,1.641692321162827,5.809276980329613,0.4529235667907707,0.295,1.501797261345654,0.23429318772520524,0.7196687636599918,0.11294929374150865,1.6666666666666667,0.5555555555555556,0.2222222222222222,3.0,400.6666666666667,1601.6666666666667,100.41666666666667,0.5,1.0,0.3333333333333333,0.3344453703703704,0.33778148148148146,0.33361134259259256,1.5849625007211552,0.06,122.88888888888889,1.8589392224611319,16.56,0.3312,3.830400000000001,48.04,0.0196,3.94,47.92,191.62,11.995,0.265,0.04708225308641976,0.12832901234567903,0.026770563271604937,0.1377577319587629,1.8709073900841908,0.02138,0.0005977999999999999,1.3114754098360657
1,1260,10,1.7717025261977235,2.0212784497771565,3867.2355097891837,0.6162051976293486,0.1489741949672272,2.4724249053174137,2.0856984450269693,0.08159170457105876,1.894172810893903,1.891844501421738,1.6045488261078154,0.481149618919154,0.061066365806683266,1.8966887939773462,-0.2687284018453802,154.68942039156738,0.7414316928069227,0.009537743669531031,1.4551150620979945,1.1294150661420197,0.6473606893708959,0.49338601750631444,0.03953203298563304,0.8518856826227259,0.03953203298563304,0.23904905154417594,0.03791205553085719,0.9802339835071834,0.9802339835071834,0.9920935934028734,0.9868226556714557,-0.6511157027192452,0.7475036388085555,0.03953203298563304,1.1582936928636038,0.695628919223169,0.8502332488949758,0.8518856826227241,0.82194029064358,2.3165873857272072,0.8107012159093432,0.13322951262298688,192.50090064427226,0.7071029146219356,0.14644854268903212,1.534863764185378,35.17979109998011,47.273631513841636,32.156330996514725,0.8662840589536556,2.66594350685574,85.69073825026854,0.3454956909222969,0.2525581395348837,13.241533536567227,0.20351671773122618,0.3634918486686427,0.16352293499687207,20.161290322580644,0.6503642039542143,0.1748178980228928,1.6774193548387097,2403.2580645161293,3087.6451612903224,2232.1612903225805,0.8306451612903226,7.903225806451613,0.25494276795005205,0.019915705734853514,0.05257032947097663,0.01175204980082273,3.2347457004253704,0.02883720930232558,1200.7346514047865,2.432990000099929,374.0623255813953,0.34796495402920496,3.433999783666847,797.0390697674419,0.1292841535965387,1.457674418604651,52.14790697674419,74.27813953488372,46.615348837209304,0.8855813953488372,0.02774379390860565,0.04380017387661352,0.02372969891660368,19.2906089193825,0.04779296532009062,0.03892759329367224,0.0049999894751405535,0.04810583283223091
1,1260,10,1.6651371261878731,1.9986516783622996,3211.7080903588803,0.4622863198630892,0.17077121008317153,3.1530908968210025,2.2139552419652038,0.10316277491059775,1.834024187893631,1.8303818198017496,1.5346913763529704,0.6792638656122334,0.07174764645180769,1.838680330637304,0.3008684076785147,128.46832361435523,0.8233772853185595,0.017100636493613465,1.2757709169718585,0.9404961128459196,0.517254530841739,0.3267462891331856,0.015605763865995059,0.908648254708724,0.015605763865995059,0.11560073912309018,0.015353916431815006,0.9921971180670025,0.9921971180670025,0.9968788472268011,0.994798078711335,-0.771213790498229,0.7079184575710493,0.015605763865995059,1.094524599634952,0.8134700570685947,0.5545275939967116,0.9086482547087161,0.8976725184320505,2.1890491992699044,0.5389218301307168,0.08558801324979518,203.39859836960682,0.7822642506006343,0.10886787469968283,1.3730278672606673,19.2939803875517,23.96689183797595,18.125752524945636,0.9067430331848333,2.1444205005826125,100.7007224115809,0.4587464474177128,0.27315789473684216,2.2726944629512555,0.20217517332060828,0.32886480482804714,0.17050276544374854,21.96969696969697,0.6657483930211203,0.16712580348943987,1.6363636363636365,1252.969696969697,1434.6969696969697,1207.5378787878788,0.8409090909090909,13.969696969696969,0.4233241505968779,0.018599190667655426,0.07108100884947362,0.005478736122200882,2.3833778306273867,0.034736842105263156,424.2277318640955,2.1518119956362924,344.6042105263158,0.36274127423822716,3.4288354570637116,782.2084210526316,0.08831135734072021,1.2936842105263158,49.869473684210526,62.65578947368421,46.6728947368421,0.9265789473684211,0.028703755586055084,0.04189542225272175,0.025405838919388416,5.243231495280676,0.1350119023650769,0.015593167128347185,0.0014331229042134424,0.1297297297297297
1,1260,12,1.411522102551109,2.0892860281323142,6695.702792472503,0.6514277449472112,0.48748388535281073,1.9026645872162375,2.266137979029604,0.23389727759251824,1.7240870109379076,1.6986372019132365,1.0888220477804167,1.1773159312491874,0.18896742668510358,1.7445633463149692,0.14433603211493318,267.82811169890016,0.7214148760330579,0.07102524802087495,1.470380623870259,1.22607786759096,0.6998628700719041,0.5208506875859444,0.01457423730843619,0.9454671320219087,0.01457423730843619,0.10947525745947183,0.014355804504920692,0.992712881345782,0.992712881345782,0.9970851525383129,0.995141920897188,-0.837359718462024,0.8080565049334352,0.01457423730843619,1.1592225808414922,0.7179317330478889,0.7351193442830585,0.9454671320219067,0.8334903005042896,2.3184451616829844,0.7205451069746225,0.1338562312235952,372.1246869353305,0.6709782228376436,0.16451088858117818,1.624326133608312,34.16276024691866,43.43802062861469,31.843945151494655,0.843918466597922,2.4735949820002086,206.63526258823288,0.44062244868681544,0.25102272727272723,13.362054621261903,0.18050129421320915,0.3316513677056145,0.14271377584010775,36.47540983606557,0.5979575382961569,0.20102123085192153,1.8360655737704918,3352.065573770492,3890.3934426229507,3217.4836065573772,0.7909836065573771,24.508196721311474,0.4017737167428111,0.010795303997863397,0.033024892454760674,0.005237906883639076,2.9473527870946854,0.02772727272727273,2051.3399623757055,2.3161199860717723,816.2872727272727,0.3710396694214876,3.295387603305785,1587.1127272727272,0.13929256198347106,1.5018181818181817,52.18090909090909,75.38727272727273,46.379318181818185,0.8745454545454545,0.026321381044000093,0.0427840156811883,0.02220572238470304,15.427433090024328,0.06505616515591794,0.013973939393939393,0.0019812256448785374,0.06391478029294274
1,1260,12,1.3397791636173524,1.9713310537496638,3148.963265367909,0.3957400874795052,0.3884255218470556,2.575829339890835,2.123690293770993,0.20912113509852748,1.672883641978538,1.6883350639343764,1.0386345955873184,1.0850556981836748,0.15276153194909206,1.691949726678423,-0.49177903909978843,125.9585306147164,0.8558611570247935,0.06415419800781297,1.2289346144398283,0.8141051467282016,0.44435431646079565,0.2736573142666038,0.018960665473300012,0.8703567941996462,0.018960665473300012,0.1336973007162915,0.018552318746727612,0.9905196672633501,0.9905196672633501,0.99620786690534,0.9936797781755666,-0.7098776301445714,0.6568460409165375,0.018960665473300012,1.079471649058826,0.8351386913833205,0.5164238468631135,0.8703567941996347,0.9110480182045239,2.158943298117652,0.4974631813898137,0.07315449493497596,258.7038053226901,0.8258202440033098,0.08708987799834511,1.2893547400022238,17.213498053831827,20.72302528180036,16.336116246839694,0.927661314999444,2.0050226300709504,125.65007944782795,0.4754843790246408,0.2840909090909091,1.6486452515518113,0.20144984311111602,0.29083117176180123,0.1791045109484447,34.16279069767442,0.7944835045970795,0.10275824770146025,1.3488372093023255,757.4883720930233,885.5813953488372,725.4651162790698,0.9127906976744186,20.162790697674417,0.46890210924824227,0.02580183437725807,0.028532477747721722,0.025119173534642148,1.9639054789183827,0.03909090909090909,103.08058409951326,2.1017727653405984,387.83272727272725,0.35257520661157027,3.352892561983471,941.4472727272728,0.0720694214876033,1.2345454545454546,48.60909090909091,58.558181818181815,46.121818181818185,0.9413636363636364,0.029191583779976635,0.037703528052635195,0.027063597711811996,6.238390736342043,0.10470755655397912,0.017364380165289257,0.001269404583020286,0.10322580645161289
1,1260,14,1.5570326668833823,1.997799962519957,5449.481248352551,0.45269982097423533,0.2764960709791011,2.1856527428058734,2.1248708626484136,0.14683019541494782,1.7955853635959322,1.8234871082634991,1.4011844005809497,0.7236864620674639,0.11318796498926378,1.8037243804992749,-0.38545936934660424,217.97924993410209,0.8281709066607261,0.029294842847557068,1.2760512677368947,0.9107644124129768,0.503589285243297,0.32337387465296064,0.02356577834189415,0.8645286816403068,0.02356577834189415,0.15991327392690952,0.022977138716817693,0.9882171108290531,0.9882171108290531,0.9952868443316212,0.992144740552702,-0.6910380743424629,0.6829044151002088,0.02356577834189415,1.0959447189692808,0.8035530347857549,0.5970943990688766,0.8645286816402994,0.8922723918597723,2.1918894379385616,0.5735286207269827,0.0867349132487137,343.98057400186997,0.7864256452319558,0.10678717738402209,1.3651022557888386,34.564403144182386,39.71141855357963,33.27764929183308,0.9087244360527902,2.2197066540528922,159.21761878777093,0.4256525896707546,0.26,14.754886363925879,0.19292435936609548,0.3021007106191707,0.16563027155282667,40.172413793103445,0.692627824019025,0.1536860879904875,1.5689655172413792,2169.5,2376.655172413793,2117.7112068965516,0.8577586206896551,16.551724137931036,0.2853745541022592,0.06297156066468289,0.1408063552923826,0.04351286200775796,2.9965740059824095,0.03462686567164179,1335.4854340071345,2.1144994443106673,617.6650746268657,0.3687552684339497,3.410913432835821,1387.1862686567165,0.0859145466696369,1.284776119402985,51.29731343283582,64.11582089552239,48.09268656716418,0.9288059701492537,0.028884649785840263,0.041574101055568725,0.02571228696840815,13.747388007790757,0.050851972942702495,0.023480501967773067,0.002038440164514916,0.05032501572656744
1,1260,14,1.3550587739914706,1.89948720702516,5233.719243306952,0.04064968367206265,0.2774314014643775,2.816847843860975,2.015400628200242,0.16551872358298586,1.6812506059737802,1.7302882371900605,1.0405378409373385,0.9748627872629037,0.11923818757397482,1.6934554514942488,-0.7755483362153339,209.34876973227813,0.9912713079376994,0.04118776610838673,1.0144869674196855,0.04823846008919354,0.027362248907788045,0.017042820308817583,0.006398352806477248,0.4655312877450268,0.006398352806477248,0.055148016842045115,0.006352325375351605,0.9968008235967614,0.9968008235967614,0.9987203294387045,0.9978672157311743,-0.31527737931795863,0.1730265644121503,0.006398352806477248,1.0058953812743079,0.981927088067001,0.08829615866135009,0.4655312877434326,0.9909054423224534,2.0117907625486158,0.08189780585487316,0.005860293278823708,454.8322517512503,0.981620803972404,0.009189598013797996,1.0278445394596032,32.873907884017086,33.02687259450397,32.83566670639536,0.9930388651350992,1.437324515034143,206.11350702096652,0.5419347016575217,0.25383561643835617,11.956731424538749,0.1682547622286089,0.1810633903867898,0.16505260518906367,51.0377358490566,0.9629761480954077,0.01851192595229619,1.0566037735849056,2611.377358490566,2615.0,2610.4716981132074,0.9858490566037735,38.735849056603776,0.7308650765396938,0.001691811122048862,0.002576245084313013,0.001470702631482824,0.8459764958976848,0.02904109589041096,1425.6796012815948,1.5351849582716985,714.9309589041096,0.391742991180334,3.2144009007318446,1809.0701369863013,0.00436434603115031,1.0131506849315068,51.785753424657536,52.09808219178082,51.70767123287671,0.9967123287671232,0.02586764669338054,0.02658728139657689,0.02568773801758146,2.4938159355913383,0.20316774698101076,0.005394017639331957,2.1941301279892655e-05,0.217983651226158
1,1260,14,1.2471064738174706,1.694489674475282,5446.154960896956,-3.203426503814917e-16,0.2101377032208882,2.7679293859467333,1.9112339564196008,0.13419116175375587,1.513030932789986,1.5478017361160852,1.0655738857026194,0.8456600707169815,0.09278411055558845,1.5223379221834599,-0.5191881552457425,217.84619843587828,1.0,0.028250145738518077,1.0,0.0,0.0,0.0,0.0,1.0,0.0,-3.203426503814917e-16,0.0,1.0,1.0,1.0,1.0,0.0,0.0,0.0,1.0,1.0,-3.203426503814917e-16,1,1.0,2.0,-3.203426503814917e-16,0.0,512.25,1.0,0.0,1.0,67.62283695320562,67.62283695320562,67.62283695320562,1.0,1.4994073428411059,218.4399355654404,0.5016512235842885,0.21797872340425534,37.075686903705,0.1347049941375369,0.1347049941375369,0.1347049941375369,43.0,1.0,0.0,1.0,7558.139534883721,7558.139534883721,7558.139534883721,1.0,17.88372093023256,0.4159004867495944,0.0010660439994257824,0.0010660439994257824,0.0010660439994257824,1.7560072396763937,0.01829787234042553,4571.389940508383,1.4143100067862853,985.9795744680852,0.4195657763693979,3.0126746944318694,2350.0,0.0,1.0,55.66468085106383,55.66468085106383,55.66468085106383,1.0,0.023322941895434296,0.023322941895434296,0.023322941895434296,0.0,1000000.0,0.0,0.0,0.0
1,1260,16,1.0152974975480673,1.9937067338853285,5772.344127010448,0.8972154896805078,0.5738734207709293,4.260952901001055,2.403694672352059,0.3122955322660831,1.4866579183059174,1.4463188709888026,-0.19045263350195343,2.5941473058540128,0.23639345385311672,1.5349458711469937,-0.484156577604204,230.89376508041795,0.6874412328196584,0.14590706128951994,9.159911700278789,4.543176559719274,-0.35531457872123384,0.8074504235351629,0.03595127445547679,0.9148963962167931,0.03595127445547679,0.22209172095066812,0.034596174859492235,0.9820243627722617,0.9820243627722617,0.9978852191496779,0.9928097451089047,-0.7562908961405381,0.8665421989493282,0.03595127445547679,2.994498907920871,0.6471604787894988,1.1457071240671757,0.9318055577827118,0.7960075053872887,5.988997815841742,1.1097558496117,0.2108504244976599,440.48891155025206,0.6661235372322684,0.22226347506225738,9.22808035882964,21.64721454602787,198.53833610201312,2.6757333636476153,0.1258150694554851,2.8483630883253133,215.95832650716082,0.3739699634814634,0.27,3.950562916007863,0.2077070158635604,1.9058388254304948,0.026510327145557296,52.71084337349398,0.6350704020902889,0.25286688924372186,9.325301204819278,1234.289156626506,11259.56626506024,150.86144578313255,0.12767737617135205,26.253012048192772,0.3163013499782262,0.018945820238686645,0.19082975652641812,0.002051714994866759,3.342582655096426,0.03387755102040816,362.97256495862973,2.685593255831917,855.084081632653,0.3490139108704706,3.4111346938775515,1684.2310204081632,0.20326264056643067,9.213061224489795,50.19673469387755,461.9926530612245,6.185765306122449,0.12417233560090703,0.02841109266457906,0.2616910319645621,0.0035611985942178587,2.4396371778304253,0.027036605909098517,0.21198437762805103,0.001139837891430347,0.1654571412066646
1,1260,16,1.0537289799296823,1.895853008788881,4231.729689667618,0.40822118125151174,0.5252030230303966,1.7969452684164209,2.052736997996702,0.27615388333207147,1.4903853041301742,1.4592871979002144,0.8638234407938061,1.188913557202896,0.22416602914570372,1.5227462015511386,-0.11757871951129939,169.26918758670476,0.8674795271157816,0.09750763957122857,3.8556683464297,0.8647525530167404,-0.3111959559251102,0.2533022144790842,0.015421244496039418,0.8852980755583153,0.015421244496039418,0.11442670418498674,0.015174377112028126,0.9922893777519802,0.9922893777519802,0.998457875550396,0.9961446888759901,-0.7418693301130465,0.6713444789358639,0.015421244496039418,1.948383361379997,0.8540614427577478,0.5087842080659695,0.900128557390433,0.9224438545942495,3.8967667227599945,0.49336296356993065,0.0671808647437809,430.6871902587519,0.8323518228190034,0.08722967062590206,3.845799086757991,17.524036529680366,67.88203957382039,5.052594283781499,0.30504946727549465,2.020569776702605,210.79025875190257,0.4842477809516529,0.2827397260273973,1.8237896161001181,0.20090631128786143,0.7605967784255875,0.06728416897587294,52.94202898550725,0.7672757823986558,0.12518378491913465,3.8405797101449277,957.5507246376811,3716.014492753623,271.23590982286635,0.322061191626409,32.710144927536234,0.4740600714135686,0.011236866689484518,0.032521766850441704,0.007787028958865796,2.1433994570252723,0.03780821917808219,257.98655744591474,2.1043235273099086,650.4356164383562,0.3564030775004691,3.356056595984237,1583.1501369863013,0.06797522987427285,3.8624657534246576,48.75780821917808,188.72712328767122,14.11068493150685,0.2947336377473364,0.028432576440012843,0.10888225580440193,0.008811977821457238,1.723040132694802,0.07925579173459806,0.04839072098706094,0.0003302540848686133,0.16631990936244723
1,1260,16,0.9795289229459644,1.917516609131671,2652.902969992279,0.7349678441595329,0.5792088828318009,2.3601158591905063,2.122916710710865,0.2919424408282921,1.3960603834189445,1.3931705514877062,0.5524727943957558,1.5704439163151092,0.21200102472089205,1.4424660175403268,-0.046376183457330813,106.11611879969118,0.7327255670895809,0.1317236176068007,3.8041211712264342,1.936004378446527,-0.34860100234991304,0.5619831996393276,0.03142278043593833,0.8941961308515072,0.03142278043593833,0.20061553328209286,0.03039925220863324,0.9842886097820308,0.9842886097820308,0.9968577219564061,0.9921443048910155,-0.7343846359758559,0.8149203170498929,0.03142278043593833,1.916107174988754,0.7002031125550023,0.9417913883609766,0.9100118433511458,0.8288847482926429,3.832214349977508,0.9103686079250389,0.14835149501881648,248.96172436419326,0.6984799064274351,0.16754385979875125,3.807859332116135,18.966709043008425,72.17398051057687,6.240324879459845,0.344852903507598,2.6347534311900023,119.40104850441989,0.38565442829347196,0.2788235294117647,2.8692138414712733,0.21947759799345995,0.8225777181601638,0.08136081086022157,27.31111111111111,0.6069135802469136,0.23209876543209879,3.8,1199.7111111111112,4609.977777777778,369.81111111111113,0.37407407407407406,13.755555555555556,0.305679012345679,0.009079074559656194,0.058940907329780697,0.0029113992711363415,3.219882743477358,0.03529411764705882,396.9333333333333,2.5613346659367773,432.3694117647059,0.3391132641291811,3.455848673587082,934.2250980392157,0.14589834678969626,3.8172549019607844,49.28078431372549,188.37725490196078,16.179869281045754,0.33403050108932464,0.029008008759059182,0.11074641659132788,0.010077380132437063,2.9346143573307026,0.05355884524329194,0.09533197684684849,0.0014586656065749808,0.12859395229000298
1,1260,16,1.2264509664202587,1.938072394205351,2521.704945290786,0.3491145537537865,0.37171972353570704,2.3169869031911094,2.1741755511411225,0.21114262575127238,1.6540674862992493,1.6873643883080396,1.0915600495960471,1.0826155015450754,0.15469902258161222,1.6738860127429314,-0.4675035195237134,100.86819781163146,0.8774839506172838,0.06595513442411147,1.195448111902743,0.704275107965977,0.38349451692200365,0.23390061107069882,0.022971702430923332,0.8221092575856928,0.022971702430923332,0.15607347906763758,0.02239280170942957,0.9885141487845384,0.9885141487845384,0.9954056595138153,0.9923427658563589,-0.6356626801074217,0.605556340933049,0.022971702430923332,1.0689779877060681,0.8491710415397594,0.49442387389972176,0.8221092575856774,0.9195361610784701,2.1379559754121367,0.47145217146879875,0.06421807837540552,220.49812977885387,0.847820494337267,0.07608975283136649,1.2490649358334758,16.728496697346802,19.54999930225172,16.023121046120572,0.937733766041631,1.8991941796111644,104.88174501589927,0.47743465859427725,0.28833333333333333,1.6024939640327867,0.2078948871230258,0.2816944435022342,0.1894449980282237,27.914285714285715,0.7975510204081633,0.10122448979591837,1.3428571428571427,801.7714285714286,906.9428571428572,775.4785714285714,0.9142857142857143,18.2,0.52,0.002766164307290024,0.0059612264114548615,0.0019673987812488143,1.7551000242487311,0.03888888888888889,140.5469387755102,2.0656268740387453,316.56,0.35173333333333334,3.3503999999999996,789.7355555555556,0.06125802469135803,1.1966666666666668,48.15111111111111,56.16111111111111,46.14861111111111,0.9508333333333333,0.028911483091178858,0.0358689109697377,0.02717212612153915,5.846121484555095,0.10646488285412636,0.02087281893004115,0.0012495502629172384,0.10894235133908306
1,1260,18,0.5303230011228853,1.9337494978331458,3848.9864266796867,1.2851521643875783,1.0982200288174333,1.5186566543917401,2.245460347252614,0.5026838540959606,1.2176513365363009,1.1175052436682917,0.3166435359619448,1.928816811290669,0.4283856932851344,1.3379933650684879,0.1433114850054793,153.9594570671875,0.44130968090859923,0.3075514675986559,2.9398591970279244,4.7576123924268146,0.732238873897499,1.4339356248322574,0.024791372945250856,0.9659900221266364,0.024791372945250856,0.16693074791903273,0.024156194538518617,0.9876043135273744,0.9876043135273744,0.9975208627054749,0.9938021567636872,-0.8634087376329949,0.9431060199686687,0.024791372945250856,1.6085613574295679,0.4242680773208512,1.4505386818644521,0.970815714525856,0.46959485974509657,3.217122714859136,1.4257473089192019,0.36468174944437703,249.32724929934386,0.4378974998493022,0.38040300305420793,3.295753534196034,28.504023332498697,65.6421708683342,20.449736218237252,0.5231852047604449,3.0924199885372836,201.38487155555106,0.41142070372655803,0.2653488372093023,10.35534554860046,0.21137093764136877,0.7971863609713981,0.09821841816996202,27.55072463768116,0.3992858643142197,0.45158580130224746,3.681159420289855,2060.8695652173915,4220.159420289855,1571.3530595813204,0.4907407407407408,18.507246376811594,0.26822096198277673,0.03804060644506975,0.29791448070302323,0.006638953967019137,3.853559462037726,0.03209302325581395,1089.9600924175593,3.059538567204662,758.9088372093023,0.35298085451595457,3.4537596538669555,948.8158139534884,0.3674740941049216,3.0190697674418603,50.74976744186046,146.18093023255813,30.124018087855298,0.5696511627906977,0.028804194864853777,0.098625469627989,0.015024386573463723,6.592127853207398,0.048132613184865995,0.0712232795673897,0.0030736786630946532,0.1303704980925491
1,1260,18,0.477516918912272,1.830633087931231,3506.90437531273,1.1847331570118846,1.0499412488520694,1.6274775776406334,2.140416688301409,0.5091458058240134,1.1256100882222757,1.0634935548708562,-0.27099987546815846,2.4114165637695675,0.4365202259549197,1.255442869227175,-0.004799438066929038,140.2761750125092,0.4737121070571897,0.3091387271856028,6.746647985568369,2.8203170361468914,-0.15602019967803094,1.1788087326106291,0.02117568984573092,0.9646328980413028,0.02117568984573092,0.1470704124975139,0.02070237406086999,0.9894121550771345,0.9894121550771345,0.9987543711855451,0.9957648620308538,-0.8773453242258,0.9333414973871563,0.02117568984573092,2.5411089120868398,0.46108550301279416,1.31213411262528,0.9935917074173906,0.5108994024946003,5.08221782417368,1.2909584227795496,0.29999610561409,255.0994106271292,0.4528101397007221,0.34935540735742,6.875472052559002,35.264677530004036,244.00232168700614,6.132428426975386,0.18410426157017268,3.027694160575966,199.24602483468323,0.40708515545797147,0.25258426966292136,14.840330147481934,0.20757918999665953,1.5531389579249577,0.03701538349065775,28.507246376811594,0.41314849821466076,0.4465448435202688,7.101449275362318,2735.057971014493,18907.521739130436,469.48077697262477,0.1861916264090177,16.91304347826087,0.24511657214870824,0.059633270037634536,0.4844781111783252,0.010798588730035632,4.045827151044981,0.031011235955056178,1695.2291535391723,2.869705476474331,822.6629213483146,0.36973614442620883,3.5096849387703575,1054.009438202247,0.30608579724782226,6.747415730337079,52.22067415730337,349.77033707865166,9.578467540574282,0.18372971285892634,0.02893072817141838,0.20388572277849965,0.005275434575532946,1.8220651844505047,0.0504645765133703,0.1461997977660968,0.0012264449017064735,0.232937679746399
1,1260,18,0.9287958836565954,1.8539990958302845,4072.7804973794323,0.614278928102866,0.6890736920366491,1.6476068825060062,1.9704402351925856,0.3176412059532392,1.4506192040918542,1.5108026744203964,0.7583019290528802,1.2121383061397055,0.2655484381552054,1.493874340936773,-0.3602001375137257,162.9112198951773,0.7425131919684744,0.12736447122919295,3.537315644170959,1.1776393088222488,-0.670540226167762,0.4905510182996332,0.021329962761913724,0.9166499281922247,0.021329962761913724,0.14839189533135697,0.02086121202923177,0.9893350186190432,0.9893350186190432,0.9957340074476172,0.9928900124126954,-0.7747233074812245,0.7822713310750156,0.021329962761913724,1.849326875183972,0.7231982974399948,0.7492707584101765,0.9166499281922225,0.838661893803015,3.698653750367944,0.7279407956482631,0.12797024526538675,347.84922792103544,0.7088840124169259,0.14555799379153703,3.4693098774290316,20.342490738198222,73.19312917590223,7.129831128772218,0.3826725306427421,2.5092699253760653,165.9430374389644,0.39258302002618767,0.26808219178082193,2.871294666407339,0.19860027145156955,0.647382873078856,0.08640462104474794,40.0,0.625,0.1875,3.25,1162.859375,4281.828125,383.1171875,0.4375,22.4375,0.3505859375,0.06676948176636556,0.07388192248307374,0.06499137158718854,2.994304250365614,0.03506849315068493,349.718505859375,2.357017547642284,652.092602739726,0.35731101519984987,3.3840057046350163,1355.0865753424657,0.1287434040157628,3.5446575342465754,50.37972602739726,180.39068493150685,17.876986301369865,0.36383561643835616,0.029480726659004548,0.09739669674566935,0.012501734137338343,5.991184183854457,0.05402877566247897,0.020283458166903464,0.002684295774661335,0.05256077339423709
1,1260,8,1.7934984699253376,2.1474568547931545,3913.573617004019,0.9830873787288785,0.1978295078609711,2.555675657805067,2.275946418270153,0.11175268533573726,1.9988143734989114,2.019847463173473,1.6538756001456958,0.6220708181244572,0.08176820882057327,2.003477391553411,-0.6283815283621836,156.5429446801608,0.5116770545693623,0.01866275875981363,2.75181298890687,0.9991742348936462,-0.32835090398658345,0.9099547684419689,0.05515922865808255,0.8856311877079333,0.05515922865808255,0.30385948154650594,0.05185001232667998,0.9724203856709588,0.9724203856709588,0.9889681542683835,0.9816135904473059,-0.6897289631790775,0.8581441068473985,0.05515922865808255,1.5931308677453038,0.4655929891232944,1.2770137007412716,0.8856311877079337,0.5655512534162623,3.1862617354906075,1.2218544720831894,0.24127849927501288,129.0687694886858,0.5021034451346853,0.24894827743265735,2.528722906568095,38.973043421014125,123.94057906064182,17.73115951110721,0.6178192733579763,3.0933555413543723,71.07668099295715,0.2974086628657522,0.26384615384615384,17.34000945823853,0.21475930049261674,0.4740073239020303,0.14994729464026335,12.333333333333334,0.5138888888888888,0.24305555555555558,2.25,3905.9583333333335,13441.458333333334,1522.0833333333333,0.6875,2.5,0.10416666666666667,0.055237514472035336,0.18283430978141768,0.02333831564468973,4.084962500721151,0.024615384615384615,2255.567708333333,2.832743891226633,338.9179487179487,0.34760815253122945,3.2800378698224852,498.8851282051282,0.2441614727153189,2.729230769230769,50.74153846153846,143.43076923076924,27.56923076923077,0.5676923076923077,0.028448563385468147,0.0738652959474388,0.017094380244975484,16.736708860759492,0.04096707507689205,0.05007147928994083,0.012314502995667494,0.040671072699542454
1,1260,8,1.386591200171035,1.7817392398770435,1524.7557202229996,-3.203426503814917e-16,0.1363286068511207,3.1484977189260226,1.912327615309554,0.10120760434556617,1.6224658822500906,1.6356776779642686,1.290124689938496,0.6222029253710581,0.06271447673575356,1.628419196229489,-0.7282797504826458,60.990228808919994,1.0,0.01935353958312967,1.0,0.0,0.0,0.0,0.0,1.0,0.0,-3.203426503814917e-16,0.0,1.0,1.0,1.0,1.0,0.0,0.0,0.0,1.0,1.0,-3.203426503814917e-16,1,1.0,2.0,-3.203426503814917e-16,0.0,147.5,1.0,0.0,1.0,22.48799151449675,22.48799151449675,22.48799151449675,1.0,1.3847119301288642,64.30555649992823,0.531087050582592,0.25652173913043474,2.8115972760785297,0.16512489290114363,0.16512489290114363,0.16512489290114363,17.0,1.0,0.0,1.0,1360.2941176470588,1360.2941176470588,1360.2941176470588,1.0,9.470588235294118,0.5570934256055363,0.001233986928104575,0.001233986928104575,0.001233986928104575,1.086312840741287,0.029565217391304348,216.26297577854672,1.467069395025408,226.75652173913045,0.394359168241966,3.2251039697542536,575.0,0.0,1.0,51.49739130434783,51.49739130434783,51.49739130434783,1.0,0.026010950080515297,0.026010950080515297,0.026010950080515297,0.0,1000000.0,0.0,0.0,0.0
1,1261,10,1.938597628813256,2.447544247371322,1199.0812779307353,0.6531091121418661,0.26093282441389576,6.0280525039051085,2.559974114885231,0.17810418997253422,2.176240797148421,2.2246645461457923,1.2032956344851757,1.3566784804000553,0.10903067762024353,2.1900513947674702,-1.4210620562142606,47.96325111722942,0.720448,0.060301104549747596,3.4456249999999997,0.969428743181763,-0.5627227587890627,0.471549609375,0.0915625,0.6747992967635534,0.0915625,0.4362311250775418,0.08256679687500001,0.95421875,0.95421875,0.9816875,0.9694791666666667,-0.4025235419134856,0.6330470040049859,0.0915625,1.83046875,0.6358771484375001,1.0488700765713932,0.6747992967635523,0.7846875,3.6609375,0.9573075765713934,0.14077802734375,55.86592248165938,0.6476287169223081,0.176185641538846,3.3142892058288624,12.385986324954956,44.58037935834621,4.33738806660714,0.4214276985427844,2.539792110683646,26.880878734837008,0.3342014345696431,0.344,1.9682683019695726,0.3387899577134661,1.0033099273980186,0.17265996529232797,8.333333333333334,0.5555555555555556,0.2222222222222222,3.0,354.8,1302.0,118.0,0.5,2.3333333333333335,0.15555555555555556,0.08898818958240956,0.10098362252716904,0.08598933134621967,3.1329145639793947,0.06,77.02222222222223,2.753935731599186,71.816,0.287264,4.138496,180.112,0.139776,3.496,43.176,156.288,14.898,0.376,0.04324585474930713,0.13106971529352485,0.021289889613252712,3.969273618538323,0.08420296282158518,0.0950085333333333,0.0131901952,0.08477569763334511
1,1261,14,1.847692306999327,2.2612375981859447,2976.2213851077686,0.9539060282492912,0.2472746442686209,2.350312161619417,2.3882296645986196,0.13034588346855733,2.0560240317478233,2.047802179212832,1.5680222317052008,0.8202074328934188,0.09829200806024116,2.0619759542410385,-0.1804845429490768,119.04885540431077,0.531608163265306,0.024510016743667155,2.8400849710172884,0.99608593012225,-0.4111506121650174,0.8466089116597638,0.08781230149226564,0.8121351062165854,0.08781230149226564,0.42527975406486707,0.0796957975507192,0.9560938492538672,0.9560938492538672,0.982437539701547,0.9707292328359115,-0.5584177930531351,0.8066930041578981,0.08781230149226564,1.627997040587807,0.45309359587326603,1.3727231158249777,0.8121351062165857,0.5840908898416742,3.255994081175614,1.2849108143327124,0.23360530328800733,111.01164318240777,0.516947068928605,0.24152646553569754,2.774543881996461,17.335441440888367,52.44255141750919,8.558663946733162,0.5563640295008847,3.238322184015052,51.202461889174245,0.2460236809412606,0.30642857142857144,4.4356395164119995,0.2896694348819595,0.7529835871365029,0.17384089681832363,17.0,0.5,0.25,2.5,841.6470588235294,2596.1176470588234,403.02941176470586,0.625,2.1176470588235294,0.06228373702422145,0.14755484212333445,0.2703900246253676,0.11684604649782623,4.7123190911867,0.04857142857142857,417.7716262975778,3.2502289094606933,184.49428571428572,0.26356326530612245,3.879069387755102,372.1257142857143,0.23419591836734693,2.8771428571428572,46.76285714285714,137.32,24.123571428571427,0.5307142857142857,0.038866701535111396,0.10219216382320125,0.02303533596308894,17.804399333023106,0.032016388906343035,0.08924000971817295,0.02097845785089545,0.03189610981374951
1,1261,16,1.6149829710843477,2.134009262336158,5200.69565540854,0.9095542234335802,0.34756349404235576,2.413439067547491,2.443525482667895,0.17757078242450314,1.8820025754621703,1.8660439565865543,1.4041428012936386,1.0393826813742566,0.13383183612274463,1.8938549730384429,0.3322995415614238,208.02782621634165,0.5613707491082045,0.04475296485619914,1.9565907192663008,1.1189320531251115,0.5631117750053798,0.8339558579707849,0.045571259666170705,0.8963939818849628,0.045571259666170705,0.26596268311073873,0.04341272270453655,0.9772143701669147,0.9772143701669147,0.9908857480667659,0.9848095801112764,-0.7130393389718188,0.8522897770856627,0.045571259666170705,1.3264587830331287,0.5168237184769857,1.1727866098500257,0.8963939818849631,0.6507555871337859,2.6529175660662574,1.1272153501838553,0.2198817794092389,217.56467180589178,0.548898536452779,0.2255507317736105,2.031251421855388,27.332746249477015,49.91809903071021,21.68640805416872,0.742187144536153,2.9737416460194153,118.4514673407522,0.3318939104598051,0.27293103448275857,10.145981031019701,0.22467490481070604,0.4635321325118452,0.16496059788542128,27.448979591836736,0.5601832569762599,0.21990837151187004,1.9795918367346939,1914.9795918367347,3397.8979591836733,1544.25,0.7551020408163265,9.244897959183673,0.1886713869221158,0.03029199682258102,0.04760059866467445,0.025964846362057658,3.8850182624383947,0.03379310344827586,1039.3027905039564,2.8007500706171853,483.44965517241377,0.33341355529131983,3.418760523186682,813.9875862068966,0.21931462544589775,1.9744827586206897,49.88413793103448,96.80206896551724,38.15465517241379,0.7563793103448276,0.029039457519917287,0.05750822788246845,0.021922264929279504,613.1334459459463,0.031958123837729877,0.043159928656361465,0.00936624702119808,0.0322971336293904
1,1261,16,1.4536142519225237,1.8375790913504402,3063.9126536147623,0.1389377927823405,0.20437929323921256,3.7452351528279175,2.130853021719192,0.12817826489254242,1.6416615297861787,1.6393727832527045,1.13680193462033,0.9940510870988619,0.08284858748858952,1.6502963110678739,-0.11113489185528433,122.55650614459051,0.9616537283950617,0.02842533594433553,1.0552281668640606,0.26205395162601536,0.13470212551614194,0.07132568784146315,0.0026584339025516085,0.9287030982083322,0.0026584339025516085,0.02622922272927512,0.0026502658777677966,0.9986707830487243,0.9986707830487243,0.9994683132194897,0.9991138553658161,-0.8439786031895726,0.45083280440556045,0.0026584339025516085,1.0188524612717789,0.9603576732502248,0.15608709878855753,0.9287030982080555,0.9798183217769454,2.0377049225435577,0.15342866488600623,0.018496030436003688,245.11148616701834,0.9471736800269677,0.026413159986516152,1.0815319167781263,56.163599925778755,57.36024965627816,55.864437493153915,0.9796170208054684,1.5575712603300473,115.37519145697543,0.5327112759785124,0.22955555555555554,28.230291234575503,0.14902843768995575,0.16527896687963006,0.14496580539253714,24.076923076923077,0.9260355029585798,0.03698224852071006,1.1153846153846154,4778.576923076923,4834.423076923077,4764.615384615385,0.9711538461538461,13.23076923076923,0.5088757396449705,0.005523777954368861,0.005762175920039556,0.0054641784629511905,1.5058762556041048,0.02311111111111111,2906.3505917159764,1.557317342046045,463.95466666666664,0.41240414814814813,3.141249580246914,1081.8604444444445,0.019173135802469134,1.0586666666666666,54.45777777777778,57.156444444444446,53.78311111111111,0.9853333333333333,0.024497873099857227,0.02623149239942891,0.024064468274964307,1.0902895813660687,0.487174675577753,0.003649158847736626,5.82295235482396e-05,0.5853658536585366
1,1261,18,1.528607780038023,1.846502288054774,3947.768898157805,-3.203426503814917e-16,0.21160578287955945,2.3073649114148087,1.9869857373207347,0.10703560632327888,1.6745676096505753,1.6532431926020057,1.37425875731077,0.6127269800099646,0.08274299402249027,1.6792364119609766,0.2534153494369606,157.91075592631222,1.0,0.015658247964733432,1.0,0.0,0.0,0.0,0.0,1.0,0.0,-3.203426503814917e-16,0.0,1.0,1.0,1.0,1.0,0.0,0.0,0.0,1.0,1.0,-3.203426503814917e-16,1,1.0,2.0,-3.203426503814917e-16,0.0,332.75,1.0,0.0,1.0,40.306170824415304,40.306170824415304,40.306170824415304,1.0,1.3767847360317662,147.66225311806167,0.5386489960396204,0.23767857142857143,16.04675531751391,0.15102707454146283,0.15102707454146283,0.15102707454146283,36.0,1.0,0.0,1.0,3159.722222222222,3159.722222222222,3159.722222222222,1.0,23.944444444444443,0.6651234567901234,0.0013396604938271603,0.0013396604938271603,0.0013396604938271603,0.9787736442562113,0.025714285714285714,1647.3765432098764,1.428949038886117,568.7071428571429,0.406219387755102,3.1602836734693875,1400.0,0.0,1.0,53.55,53.55,53.55,1.0,0.02474289459831552,0.02474289459831552,0.02474289459831552,0.0,1000000.0,0.0,0.0,0.0
1,1261,18,1.481561771151741,1.982436203592769,3434.836917420915,0.3753984157454205,0.23755810345831851,2.5768234295258945,2.1321907726622285,0.14504510200991647,1.7789216002096988,1.8157628312994785,1.3462374353878988,0.7859533372743297,0.10483139192186068,1.78751143562344,-0.5650610688510624,137.39347669683664,0.8654130881557598,0.03063507279193669,1.2135961815684793,0.6675154355174093,0.37328456124137155,0.24454262444877833,0.046012369740470155,0.6857924455300615,0.046012369740470155,0.2665922347205738,0.043733118739382924,0.976993815129765,0.976993815129765,0.990797526051906,0.9846625434198433,-0.4464968757333918,0.5426848339641329,0.046012369740470155,1.0788674554795714,0.8109893841659928,0.6193683789610267,0.6857924455300517,0.8981263596501934,2.157734910959143,0.5733560092205569,0.07263874854731212,223.8269715750118,0.7957479729884664,0.10212601350576682,1.3471471235830663,35.70726916918671,38.8987723145863,34.90939338283682,0.9132132191042334,2.3780908651436783,90.51462913538758,0.36423713777828215,0.25976744186046513,14.916718992397112,0.22312134864289074,0.34404576187897035,0.19289024533387086,19.482758620689655,0.6718192627824019,0.16409036860879905,1.6206896551724137,3169.137931034483,3301.137931034483,3136.137931034483,0.8448275862068966,8.448275862068966,0.291319857312723,0.008221754913455677,0.02357943362543634,0.0043823352354605116,2.673213876634766,0.026976744186046512,1795.029726516052,2.182351024864121,367.15441860465114,0.3415389940508383,3.4618011898323418,930.3190697674419,0.06729345592212006,1.217674418604651,51.373953488372095,59.45023255813953,49.35488372093023,0.9455813953488372,0.02769926479635782,0.03752684438116332,0.025242369900156447,16.080885850178348,0.03974408506343344,0.04681111952406703,0.002936915944508029,0.04262877442273536
1,1261,20,1.4029437682659167,2.0174574761324484,6337.840402107612,0.5253830411926274,0.33226722181282753,2.934417748320012,2.159664381316081,0.19189557455612757,1.6898992363256446,1.6883141795505086,1.0415591914940014,1.1181051898220797,0.13455971868052316,1.7070294696238901,-0.3545468024709292,253.51361608430454,0.7909003567181927,0.05819018123042158,1.345822379599328,1.0738438632018101,0.5996775841839352,0.4002409632793402,0.01574789989032488,0.9242781924199365,0.01574789989032488,0.11591863391547974,0.01547907968242171,0.9921260500548376,0.9921260500548376,0.996850420021935,0.9947507000365583,-0.7980554198580243,0.752009000160123,0.01574789989032488,1.11789877651483,0.7765264887327457,0.6289521592777965,0.9242781924199319,0.8742272735400074,2.23579755302966,0.6132042593874719,0.10399721579241629,401.16660347210933,0.7571935963911594,0.12140320180442032,1.4244844838003774,35.78957394403786,44.01513923099937,33.73318262229748,0.8938788790499057,2.430235496782671,179.56616275994983,0.39138562035140606,0.24275862068965515,13.390262363075983,0.18481308638210797,0.2894174587376626,0.15866199329321934,40.172413793103445,0.692627824019025,0.1536860879904875,1.5689655172413792,3031.5,3535.189655172414,2905.5775862068967,0.8577586206896551,12.206896551724139,0.21046373365041618,0.043990343347396765,0.0978819925802353,0.03051743103918711,3.553692365959554,0.02666666666666667,1625.25,2.1850166734193572,818.9117241379311,0.37651113753468096,3.331816409036861,1720.208275862069,0.10454982164090369,1.3558620689655172,53.146206896551725,70.47310344827586,48.81448275862069,0.9110344827586206,0.026745892810082737,0.03845622156482858,0.023818310621396284,14.613356531049245,0.05311793096500629,0.017311296076099877,0.001738090713026364,0.055312283936390885
1,1261,20,1.020750831421938,2.123315978675693,3938.5189926967573,1.0587712023388327,0.7405625449004709,1.6578202924075853,2.3634329650948627,0.3669644338587875,1.6103183141305144,1.6867433977603914,0.9015262672879705,1.4619066978068922,0.30552492037894935,1.6624899931521566,-0.16621742977205597,157.54075970787034,0.5760526931363497,0.17074790450691646,4.7336513502088815,3.2025749952705627,0.2552040726046119,0.9407833865701589,0.06523255271657123,0.8703325338601083,0.06523255271657123,0.34575885123033867,0.06079343501990565,0.9673837236417144,0.9673837236417144,0.9934767447283429,0.9836918618208572,-0.6596599281055258,0.8669086176756055,0.06523255271657123,2.124767716437124,0.5263968330547578,1.421531397301816,0.8871617790479722,0.7001869628230417,4.249535432874247,1.3562988445852453,0.2515039848216825,209.59113156184918,0.520975052160514,0.29133440479076095,5.14433136878655,23.686580898800454,107.03495467198906,6.389512254605204,0.2623273931146782,3.247661003486393,108.61961461752975,0.28949651114134,0.2810526315789474,7.459463627336593,0.24890608183365243,1.4127220790808277,0.06059026570974809,24.423076923076923,0.46967455621301774,0.32840236686390534,5.653846153846154,1618.9807692307693,6954.192307692308,427.67788461538464,0.24252136752136752,8.615384615384615,0.16568047337278108,0.03494219039058253,0.2997235331599432,0.004345796470791763,4.247216037077681,0.036491228070175435,868.0099852071006,3.1047398917415387,433.91087719298247,0.30449886118805786,3.5705676823638046,820.8750877192982,0.25155112342259156,4.868771929824561,49.15438596491228,232.6442105263158,13.224230019493177,0.26750487329434697,0.030902098942240965,0.16328749563503114,0.007896064474089397,7.013784073700153,0.025639999118343883,0.18794395758504362,0.005253152407848388,0.06319916284691005
1,1261,20,1.1701529931518946,1.8832329193410746,2270.5016526346762,0.2925013856264359,0.44939724344428633,2.1794338708113847,2.0198677016693583,0.22487078229260052,1.4823521817810457,1.4375686614124916,0.8864533103886698,1.1334143912806884,0.16856810813920986,1.506818387409271,0.16985207487245044,90.82006610538707,0.915242,0.07313366180364989,3.921938061559732,0.6313507719560942,-0.19642735641637069,0.17972427722917347,0.016954245793481284,0.8292529950563332,0.016954245793481284,0.1223589460668067,0.016627625782216465,0.9915228771032594,0.9915228771032594,0.9983045754206518,0.9957614385516296,-0.6695485178825418,0.5902237153058555,0.016954245793481284,1.970086017105683,0.8877234841225746,0.43013717703114274,0.869738475951927,0.9414517610695197,3.940172034211366,0.41318293123766214,0.0491696307556637,241.28487642260194,0.9045288891932097,0.04937936839639057,3.97608208109402,24.068745767366273,94.56176573496566,6.552622921102924,0.273386611771886,1.8010769465205834,109.14454848053735,0.4904730055664007,0.26625,6.0294482843710355,0.18710106366157048,0.7514211550580004,0.05099909592645075,31.17142857142857,0.8906122448979592,0.05714285714285714,4.057142857142857,1341.7142857142858,5273.428571428572,361.35714285714283,0.26746031746031745,21.114285714285714,0.603265306122449,0.030531246086981323,0.12381868193277934,0.007601313443384063,1.4040840867045739,0.035,525.3877551020408,1.9168996396390507,367.5,0.3675,3.3291,915.242,0.043324,3.94,50.526,198.112,13.941722222222223,0.275,0.02798328152557319,0.11086466238347191,0.007650504023368607,1.1270490716180372,0.11767543937067174,0.05082119762269279,0.00023106133333333334,0.26649999999999996
1,1261,22,1.297202866431875,2.1759986786931584,5742.181334955709,0.9785227766506095,0.47185728978436603,2.240933972950716,2.3830928406053196,0.27355491785011,1.8371891351882539,1.9492927780939957,1.1458004383136386,1.237292402291681,0.20862061378755073,1.865505266669906,-0.6587775353201425,229.6872533982284,0.5148128558310376,0.1048459815193927,2.2090911525045467,1.0067481042580737,0.3217610304819183,0.9226374796522243,0.04538081222601141,0.9062201426896235,0.04538081222601141,0.2623962238718878,0.04310253274452973,0.9773095938869942,0.9773095938869942,0.9909238375547977,0.9848730625913296,-0.7324974104466242,0.8708967355505077,0.04538081222601141,1.4105938528725173,0.4728883213163525,1.2380726378416802,0.9062201426896237,0.5667157410144769,2.8211877057450345,1.192691825615669,0.24200457296955888,237.75056213357627,0.509050533099744,0.245474733450128,2.2982162055548865,21.999116590498353,44.98105216530446,16.253632696796828,0.6754459486112784,2.9658696574461976,143.8875196272839,0.3510432126955595,0.2830303030303031,5.944251763563088,0.2304663966656839,0.5424052749046185,0.15248167710595023,30.704918032786885,0.5033593120128997,0.24832034399355013,2.377049180327869,1233.2459016393443,2213.9508196721313,988.0696721311475,0.6557377049180327,16.770491803278688,0.2749260951357162,0.013769779196787868,0.030085719593564115,0.009690794097593807,3.8101103468040036,0.03696969696969697,501.58774522977706,2.834427306837523,563.7527272727273,0.34166831955922866,3.521691092745638,849.4412121212122,0.24259357208448118,2.2418181818181817,48.89212121212121,107.91575757575758,34.13621212121212,0.6895454545454546,0.029892186509845244,0.06819618597158279,0.02031618664441085,73.12323517126147,0.02827650018615363,0.042866734006734,0.01036903737652002,0.0283587380361574
1,1261,22,1.0181783282008396,2.055133625869478,5314.8964106433305,1.0975378628560153,0.7547983790173478,1.7320528823083294,2.3304952080494843,0.359724522115843,1.5684190348990954,1.6031451958740284,0.7861773636604714,1.5443178443890129,0.29510190528126323,1.6200741349663077,-0.09109999201188623,212.59585642573325,0.5675322664228013,0.16470193375301911,4.654703627136732,3.6183380384750934,0.1412464268104195,0.9930855293857963,0.05155733170205269,0.901185671366932,0.05155733170205269,0.2904448737323229,0.04873793064587323,0.9742213341489736,0.9742213341489736,0.9948442668297948,0.9871106670744868,-0.7204259384578975,0.8885486929127272,0.05155733170205269,2.1022177474741497,0.5290367570298218,1.3906481910555366,0.9090567649716468,0.7026100310578134,4.204435494948299,1.3390908593534845,0.2611607152719623,312.46645267746754,0.5238075439327154,0.30327691539574186,4.778699255223029,17.313196566795718,80.47536017255977,4.831293919163564,0.29545902993938794,3.227371729390825,176.46839746487933,0.32868525566606827,0.2938271604938272,2.8784222801257506,0.23739855653084158,1.2039296919774145,0.07013597281823644,38.275,0.4784375,0.34984375,4.8125,893.3875,4031.8875,246.0402777777778,0.3107638888888889,17.475,0.2184375,0.019476593908340736,0.05368375055372256,0.014456106292139842,4.254769443257368,0.03950617283950617,252.66484375000002,3.025422397178727,654.4933333333333,0.3232065843621399,3.4750922115531173,1149.252839506173,0.26539710409998474,4.688888888888889,47.68938271604938,221.1037037037037,13.55281207133059,0.28847736625514403,0.030772555437355558,0.14789826424854347,0.009214923259859245,7.786888677306252,0.023581113255623048,0.1449546827250261,0.004261644033737204,0.05798356018755814
1,1261,24,1.5384039399334035,2.096149409989287,5651.304553219365,0.6286507392102998,0.21427924483722238,3.110368710317435,2.3907810725316434,0.15400161231145182,1.8123147068410805,1.7842375818198168,1.389055836151885,1.0017252363797584,0.1004181660189572,1.8232654211637402,0.49061192170316137,226.05218212877463,0.73441107266436,0.03981219937891948,1.4444976153389635,1.1966473964086803,0.6807810893533637,0.4959744066314068,0.01657137954636015,0.9351802874923039,0.01657137954636015,0.12146774696796359,0.016290815999035296,0.9917143102268198,0.9917143102268198,0.996685724090728,0.99447620681788,-0.8147181050537058,0.7942771444570946,0.01657137954636015,1.1509277683707144,0.7274362909120811,0.7253406104110705,0.9351802874923016,0.8407865418561055,2.301855536741429,0.7087692308647107,0.12813644654444176,300.85409044985187,0.6856225377413161,0.15718873112934192,1.5874343898162353,32.09931956692553,40.39120285243222,30.02634874554886,0.8531414025459412,2.384972974226542,165.16363966740937,0.4449910301709087,0.2570588235294118,12.53654753390955,0.1928902996225893,0.34539992350003107,0.15476289365322884,30.76,0.6152,0.19240000000000002,1.78,2434.6,2815.0,2339.5,0.805,17.4,0.348,0.003686662263398703,0.009904695571496688,0.0021321539363742064,2.7660531831195767,0.029411764705882353,1278.6,2.287134106454549,631.4188235294117,0.37142283737024223,3.3544581314878896,1248.4988235294118,0.13279446366782008,1.4729411764705882,51.567058823529415,73.11764705882354,46.17941176470588,0.8817647058823529,0.02681436176322381,0.042258284610140355,0.022953381051494675,13.527715773809522,0.07012719147473359,0.016776239907727798,0.0021943634167853996,0.07119549095223969
1,1261,24,1.0368654635181744,2.0335895941114615,7200.413133424596,0.886484984921758,0.786115006169932,1.594303236085813,2.2558793094857656,0.35819513467162356,1.5118095219551277,1.536360507170381,0.38460225613918164,1.8712770533465841,0.30685359621113184,1.5623117522858143,0.0451114013657249,288.0165253369839,0.6667376041367424,0.15524998065617973,4.523618365902971,2.6795192333132967,0.2511633928013437,0.7422623306540721,0.034385774257561466,0.9115446532583185,0.034385774257561466,0.2147711211985077,0.033146985709712334,0.9828071128712192,0.9828071128712192,0.9965614225742438,0.9914035564356096,-0.7579206107344754,0.8622575247384247,0.034385774257561466,2.084845215669792,0.6309739152260788,1.1171733287046857,0.9195777307040722,0.7813767225186354,4.169690431339584,1.0827875544471248,0.1941620262279084,466.88351436183814,0.6373500865049639,0.20754222830770597,4.683348891743223,33.41823632445811,146.23064495468196,9.020220779756677,0.26676054149748046,2.9243011401047703,234.81614824053358,0.36184779047812815,0.2472033898305085,12.535069654002942,0.1981166797095834,1.0009079452701115,0.0502314377087793,44.11392405063291,0.5584041019067457,0.2640602467553277,4.949367088607595,3030.9620253164558,12947.468354430379,802.9465541490858,0.26582278481012656,12.468354430379748,0.1578272712706297,0.04670470423674777,0.25397594140857016,0.011972771090982447,4.24831286769084,0.026779661016949154,1636.5540778721356,2.691605630748435,1050.0901694915253,0.35596276931916115,3.364245216891698,1966.8759322033898,0.19019821890261418,4.550508474576271,52.67796610169491,236.89627118644069,14.390621468926554,0.27131826741996234,0.027634595925626997,0.13064965255091365,0.007352120734776439,7.532725200583522,0.021423661623310768,0.10637487776444282,0.002156117097333873,0.05170990889777711
1,1261,24,0.9559533075803083,2.0126809896682127,6860.026354646681,1.0718846987131654,0.6512533874242643,5.250236055364267,2.3456992782531993,0.3500506983958343,1.4565396424299888,1.4231499528748324,-0.8111884162661356,3.1568876945193347,0.2634127017021072,1.5185161216285927,-0.6888893043275975,274.4010541858673,0.6076701927829955,0.18438348167586413,9.109091221539712,5.291115203995219,-0.40811738658880536,0.992842155382151,0.025126382641372534,0.9505654336046788,0.025126382641372534,0.1687759000814769,0.024476324773179584,0.9874368086793137,0.9874368086793137,0.998521977491684,0.9949747234717254,-0.8346237760454982,0.9097245809542258,0.025126382641372534,2.977769911267333,0.5933771210097848,1.2283603955399078,0.9999999999981036,0.7554280660921109,5.955539822534666,1.203234012898536,0.2544921345058809,386.07350035749647,0.5525404379179251,0.3085101140691544,8.84374621799952,82.60952141675409,775.2762274775525,9.385574355635473,0.1382177918941857,2.949613305076403,259.7814855231976,0.42315600000414555,0.23218487394957982,55.27472993401773,0.18487915701634214,1.5956009404884082,0.026715722873295426,34.12676056338028,0.48065859948422934,0.3816703035112081,8.71830985915493,7775.760563380281,72985.92957746479,867.1580594679186,0.1468114241001565,17.112676056338028,0.24102360642729617,0.03951423454638902,0.3645946891687991,0.004486836619432059,4.160791905094362,0.023865546218487396,6020.032533227535,2.7194948271642034,1144.183193277311,0.38459939269825577,3.3013684344325966,1807.8188235294117,0.2617272791469529,9.061176470588235,54.31697478991597,496.6678991596639,6.924995331465919,0.13050420168067228,0.026215229160447245,0.2337829035317831,0.003524715644635279,2.5178258820898614,0.028309333309649718,0.17336676932854694,0.0011347624843313499,0.1787524442317037
1,1261,26,1.4583495783201226,1.8042049206639075,8658.865194611773,0.02156294129478495,0.18242630845013008,4.318889950558122,2.008407455876852,0.11011370861781668,1.6385819779136626,1.6457374376844163,0.9252641171498655,1.0831433387269864,0.07336248222276905,1.6449605993202936,-0.7318251938761883,346.354607784471,0.9962552734375001,0.020944474972728076,4.000389171807412,0.007676562389394065,7.740656901518645e-05,0.003280449881640554,0.0018129251612885955,0.2499554815921764,0.0018129251612885955,0.01907604736507963,0.0018095184269433916,0.9990935374193557,0.9990935374193557,0.9998187074838712,0.999546768709678,-0.21285202197717074,0.061417285121457596,0.0018129251612885955,2.000005549986882,0.995646172554046,0.026881182479557262,0.4004482587827135,0.9978201029788267,4.000011099973764,0.025068257318269303,0.0012733437607322872,672.3085307743111,0.9846861968968611,0.007695716210713334,4.009203682810695,119.70948906906145,478.849820620317,29.932870389260206,0.2521879344974316,1.3608245233794019,324.6248663451916,0.5622945796451471,0.21320312500000002,88.53299137502628,0.13275315689426107,0.5399206813587847,0.03500842511017304,58.096774193548384,0.937044745057232,0.03225806451612903,4.032258064516129,13723.161290322581,54892.93548387097,3430.8790322580644,0.25985663082437277,37.806451612903224,0.6097814776274714,0.004899586528782539,0.023182575505811164,0.002320077834903719,1.378585979595706,0.019375,11059.269510926117,1.365742622708676,1372.836875,0.4290115234375,3.013968359375,3188.016875,0.001875,4.001875,56.221875,224.898125,14.058715277777779,0.2505729166666667,0.023273752391581633,0.09347695401077097,0.005935143344808988,0.3381440877055599,0.3705333364211111,0.005957590449379627,1.334635416666667e-06,0.5870121951219512
1,1261,26,1.2195418731439986,1.5970666529834903,4087.69468904454,0.2889504593808739,0.2172515015163361,7.227249374225332,1.7636285702643335,0.1395469531018732,1.3900952062063001,1.4112732473796883,0.3361629353397085,1.427465634924625,0.08810465463474977,1.4035573889648583,-1.5818930904020625,163.50778756178164,0.9039163884453476,0.037608661800114504,3.8458064261295406,0.610481647450877,-0.32317428693474476,0.18328318777240638,0.00734301125195644,0.9229203678821556,0.00734301125195644,0.061987573614228825,0.007283395795000263,0.9963284943740218,0.9963284943740218,0.9985313977496088,0.9975523295826811,-0.8153003671147829,0.6110659528277079,0.00734301125195644,1.9498259772518396,0.8974035046928184,0.3401517350140027,0.922920367882121,0.9461544716258614,3.899651954503679,0.3328087237620466,0.0476565497560907,473.2810351699255,0.8836227920454434,0.058188603977278305,3.8138041713436577,25.816322597994287,100.11289951303388,7.242178369234386,0.2965489571640856,1.8779912343158531,217.98260085458264,0.48712480956186094,0.257710843373494,6.334866996625964,0.17624248054088032,0.6497793910366719,0.057858252916932404,52.806451612903224,0.8517169614984391,0.07414151925078043,3.7580645161290325,1801.4032258064517,7039.596774193548,491.85483870967744,0.31048387096774194,31.258064516129032,0.5041623309053069,0.0018404797960589168,0.005709309880050115,0.0008732722750611168,1.8230863714979821,0.029879518072289158,681.313475546306,1.857175312151599,793.6197590361446,0.38246735375235885,3.2627007693424304,1875.6265060240964,0.048041805777326176,3.8481927710843373,51.40289156626506,198.6298795180723,14.596144578313252,0.28795180722891567,0.026323933830560337,0.10026385337267439,0.007838953945031828,1.8717622772707518,0.14453467381020102,0.006668679537426816,0.0003349420675881054,0.1382488479262673
1,1261,26,1.0351326722056955,1.626971915512152,3187.7652274604193,0.4687487288655955,0.265362825199716,4.3211633361574515,2.0848166457977277,0.17999166651405454,1.3082974318571081,1.3016405008785272,0.2686897024095829,1.8161269433881448,0.11367554446559903,1.33078198136376,-0.08471958627126883,127.5106090984168,0.8385302469135804,0.05933851171855073,3.794800573392232,1.0512596325342523,-0.40383517294001325,0.32273581933765816,0.01668352864720057,0.9019242457263508,0.01668352864720057,0.1216229922449889,0.01638797881526566,0.9916582356763997,0.9916582356763997,0.9983316471352799,0.9958291178381998,-0.7647377879080552,0.7202668904245131,0.01668352864720057,1.9282858794416653,0.8186826810835743,0.591987648605862,0.9127297214409111,0.9016594157272292,3.8565717588833306,0.575304119958662,0.08485483699621471,401.94332682473384,0.8163140278201223,0.09477241738980718,3.783221428013194,19.31168465904353,73.76395164546135,5.823327071555372,0.31621205108823314,2.140917588034182,188.84597615691322,0.45463427143554047,0.27305555555555555,2.3065879107358067,0.20062366702341317,0.7458978380638116,0.06681540783407706,50.753846153846155,0.7808284023668639,0.11455621301775148,3.753846153846154,1032.7384615384615,3945.6,308.3692307692308,0.32863247863247863,28.015384615384615,0.43100591715976333,0.029175423092716014,0.09352445195240204,0.013164139287101247,2.3413020797395534,0.03611111111111111,265.87455621301774,2.1476527050110503,655.2466666666667,0.3640259259259259,3.4293135802469137,1509.3544444444444,0.082720987654321,3.8033333333333332,49.88111111111111,190.17777777777778,15.190277777777778,0.3084259259259259,0.028914137429663225,0.1087428820756698,0.009257462813657698,2.2342576155191924,0.0621825200905677,0.058782282005891064,0.0004626247828074987,0.14988962472406184
1,1261,26,1.0666902210647426,1.6681995635422002,3615.239243641562,0.28062854217498645,0.29772631407829886,2.6574302971072763,1.907262554801119,0.18011813168973248,1.379771782079516,1.396284741558723,0.6451769434912443,1.2620856113098746,0.12722186353317602,1.3979210903843553,-0.09817577019521583,144.60956974566253,0.9074360847333822,0.05041320431850215,3.841752449305081,0.5379189066802351,-0.28923268759429444,0.16991706627868786,0.018736249715197086,0.801680239208285,0.018736249715197086,0.13368871657942807,0.01837046434068975,0.9906318751424015,0.9906318751424015,0.9962527500569606,0.9937545834282676,-0.6143481826470413,0.5425775333147868,0.018736249715197086,1.9503735247208933,0.8873028776623678,0.3947424810975477,0.8016802392082538,0.9410053998632946,3.9007470494417866,0.376006231382351,0.047163328998471234,426.24250124301875,0.8685823970413458,0.06570880147932712,3.78779647416192,24.72746165795529,96.7377355154027,6.724893193593433,0.30305088145951997,1.9959375237784824,186.125844838942,0.4489413335491177,0.2645945945945946,6.531635017129455,0.18794618070433214,0.6770763608602106,0.06566363566536251,45.689655172413794,0.7877526753864447,0.10612366230677764,3.6379310344827585,1704.3103448275863,6731.896551724138,447.41379310344826,0.34051724137931033,19.0,0.3275862068965517,0.007373860621698053,0.011812806417847118,0.006264124172660785,2.5539493843171623,0.03135135135135135,686.9203329369797,1.9217394025016317,681.1178378378378,0.3681718042366691,3.3182597516435353,1678.7567567567567,0.04628195763330899,3.854054054054054,50.6972972972973,196.99675675675675,14.122432432432433,0.2864864864864865,0.027200116698330987,0.1022866568098711,0.008428481670445956,4.280027419130917,0.06300877865551269,0.017157626352220946,0.0008114829469979216,0.06165816420156347
1,1261,26,1.3430472576091947,1.8005340126525369,3460.1166096248726,-3.203426503814917e-16,0.22931010285183562,2.340702783514037,1.9623549411730894,0.1357784349962413,1.5777975611102335,1.5899805641235711,1.2147889297377847,0.7475660114353047,0.09946129343888271,1.5863317570305222,-0.0543833900889139,138.40466438499493,1.0,0.027003299518142367,1.0,0.0,0.0,0.0,0.0,1.0,0.0,-3.203426503814917e-16,0.0,1.0,1.0,1.0,1.0,0.0,0.0,0.0,1.0,1.0,-3.203426503814917e-16,1,1.0,2.0,-3.203426503814917e-16,0.0,338.5,1.0,0.0,1.0,30.109273774232577,30.109273774232577,30.109273774232577,1.0,1.4164034493081794,144.84307924292418,0.5217894235473535,0.24618181818181817,8.553853828321873,0.15785528191473677,0.15785528191473677,0.15785528191473677,38.0,1.0,0.0,1.0,2187.5,2187.5,2187.5,1.0,22.36842105263158,0.5886426592797784,0.0012684941520467836,0.0012684941520467836,0.0012684941520467836,1.0740870445590338,0.027636363636363636,878.2029085872576,1.4572116067944738,549.0523636363637,0.39931080991735535,3.1990669752066117,1375.0,0.0,1.0,52.62763636363636,52.62763636363636,52.62763636363636,1.0,0.025328388304816877,0.025328388304816877,0.025328388304816877,0.0,1000000.0,0.0,0.0,0.0
1,1297,23,0.500200753470269,1.9046783974920733,5272.654060848765,1.1186214034489668,0.808242553813976,2.108647979411169,2.154749243014693,0.43557523405625515,1.2411316968743056,1.2815672323363685,0.041918960745233616,2.1128302822694596,0.3352518496118732,1.342615646020762,-0.2614917516426036,210.90616243395064,0.5090857769011615,0.2622088839536557,3.1268341289653026,2.7157257495086315,-0.1715895183923836,1.078770557747136,0.03397043886359645,0.9389089466593068,0.03397043886359645,0.212882656628708,0.03276849828008512,0.9830147805682018,0.9830147805682018,0.9966029561136402,0.991507390284101,-0.8007639263873656,0.9116565415975013,0.03397043886359645,1.6928150843945486,0.4802257094420065,1.3339022742761302,0.9396812880797761,0.6104557697492957,3.3856301687890973,1.2999318354125342,0.2781852491526831,383.9064437412032,0.4956120730047241,0.29850241843937636,3.203887584680825,26.711533973735364,82.71886074338306,13.320380980024545,0.49929853438190175,3.1762050301961966,240.67226585861948,0.3531624739780465,0.26452991452991453,8.688585474821883,0.2115254249827409,0.7063617526750509,0.10299289168465568,46.083333333333336,0.4800347222222222,0.3224826388888889,3.3125,2025.34375,5844.041666666667,1094.4076967592594,0.4913194444444444,22.520833333333332,0.2345920138888889,0.06029381055044306,0.20766637287824127,0.023968847155349072,4.15584190736537,0.03282051282051282,1096.9990234375,2.920975124432361,1029.7678632478633,0.35205738914456863,3.4517875666593616,1489.0758974358973,0.2804828402366864,3.1582905982905984,50.83794871794872,159.42495726495727,25.331842355175688,0.49879392212725543,0.029346231262368825,0.09453204455254718,0.014403212571036647,9.715730496980498,0.022353591142628332,0.11233556198241179,0.003106620480228369,0.06416082417111313
1,1297,23,0.23146049614146955,2.030350316606056,5400.51687200603,1.6489666689925455,1.385575017929383,1.58756664689711,2.2461263144313044,0.6559328710537835,1.1382326119124906,0.9751886722077614,-0.3230798731689682,2.5692061876002725,0.561088193569909,1.3473306160366096,-0.06480190391168052,216.02067488024124,0.3593302167925994,0.5197263100884595,7.278966936849049,13.915552873954907,0.8472541858219389,2.413875213230539,0.057038560571515934,0.9538935222883864,0.057038560571515934,0.3139544924805489,0.053667799407426456,0.9714807197142421,0.9714807197142421,0.9966447905546167,0.9885922878856968,-0.801339542433205,0.9642098734980924,0.057038560571515934,2.586437129663006,0.3242105848388662,1.988557995157318,0.9730722716960395,0.4396112378202666,5.172874259326012,1.9315194345858029,0.6177284434505137,311.14903330810694,0.3494701717066257,0.6324746380149766,7.342719066458153,16.603386516937185,120.64312870604324,3.460483455785304,0.21445256909703178,3.648956073240358,275.3514307228817,0.34321768037321654,0.29865546218487393,2.8429815618614214,0.2503573859906008,1.947557067797692,0.05155941973198994,44.664,0.357312,0.6026239999999999,7.488,824.536,6116.712,175.57477777777777,0.20077777777777778,28.2,0.2256,0.03330644343611765,0.3184291337041247,0.004068809088255165,4.701690093507431,0.04201680672268908,258.096,3.6634898579576713,916.846050420168,0.30818354635972034,3.579581780947673,1069.0073949579833,0.6086433443965822,7.219159663865546,47.281680672268905,338.14420168067227,10.050597572362278,0.21353408029878618,0.03217114300746753,0.2418753805225794,0.006623051304222454,6.849340663766714,0.02099315499657965,0.3076649069780998,0.0055397341934434,0.09177008513705032
1,1299,17,1.245750523836847,2.1479693798129973,7257.445105871786,1.0798099980551743,0.5090252164804625,3.0453677313350913,2.5318925799512537,0.28984545998956984,1.7006515301119192,1.6856952177864413,0.5788870098031526,1.9530055701481013,0.20534671972292717,1.738946652654966,-0.4957531693762674,290.2978042348715,0.5549302083333333,0.131719833907899,5.125339795077064,3.1117797041672786,0.26407365599253263,1.0148645838729535,0.03576481618514255,0.9318156700643068,0.03576481618514255,0.22052536807229867,0.03439941703932026,0.9821175919074286,0.9821175919074286,0.9964235183814858,0.9910587959537143,-0.7889344091092505,0.9043039487533546,0.03576481618514255,2.2091807674959627,0.5185190587785672,1.3106207522073992,0.9408273237543483,0.675618458721644,4.418361534991925,1.2748559360222576,0.26265735001452406,361.76852966756405,0.5542239871026212,0.2686906895926992,4.936959101319714,24.953223852434014,147.2868432641369,5.4651938661096,0.2694040698705455,2.9566905419621516,217.8051681218219,0.3831758668491218,0.273125,7.502785556192416,0.2278673210283488,1.1412185661052054,0.06561727735340911,45.626506024096386,0.549716940049354,0.2839309043402526,4.578313253012048,1621.1566265060242,10268.626506024097,321.31057563587683,0.3062248995983936,24.44578313253012,0.29452750762084484,0.0533351979128307,0.24853850374424458,0.02187912060468596,3.7142399614056627,0.034583333333333334,785.0410799825811,2.91832406998381,826.7016666666667,0.34445902777777776,3.587441666666667,1331.8325,0.26114166666666666,5.079166666666667,50.031666666666666,257.76416666666665,12.38048611111111,0.25474537037037037,0.0303125805723524,0.15185143547388089,0.008263059132903847,7.07007049500875,0.02620092103515471,0.11536695843851415,0.0031089157214506183,0.06760645537623952
1,1299,17,1.2370190903832492,1.9816826180229243,8391.486260390773,0.42196456273844607,0.4965812167935151,1.9364177902833597,2.2400622616852424,0.24294453922870704,1.5877250734912958,1.5513364604071491,0.9805130901757018,1.2595491715095406,0.1906988689995341,1.6130750892416703,0.1519045071913608,335.659450415631,0.8483939186346974,0.08114033453908197,4.38483955015802,0.819873410083672,0.43801973534060024,0.276256394213263,0.022085259378008742,0.8518570059094022,0.022085259378008742,0.1523620864070711,0.021579042023777036,0.9889573703109956,0.9889573703109956,0.9977914740621991,0.9944786851554979,-0.675057478501556,0.6528293787561261,0.022085259378008742,2.0787696662758135,0.82983335591868,0.5467411447033865,0.8598105839215286,0.908153855567226,4.157539332551627,0.5246558853253784,0.07458541339781793,574.2431181329885,0.7841894942485527,0.11019142968887244,4.564370283632579,64.24484052082622,265.7638110884187,15.82462173776977,0.23840772262561152,2.313792524212108,268.54679205178525,0.42033516489809436,0.22596899224806202,38.87797475621273,0.16839060961324107,0.8245978140311299,0.041489362642185265,43.608695652173914,0.632010081915564,0.20163831127914306,4.927536231884058,7903.840579710145,32150.666666666668,1961.216183574879,0.24355877616747185,14.304347826086957,0.20730938878386893,0.018555602148188865,0.10763171234645359,0.007199860564286144,3.726042951516905,0.021395348837209303,5719.294265910523,2.009732457019035,1267.9736434108527,0.39317012198786133,3.18846703924043,2736.0703875968993,0.07617946036896822,4.4,54.9168992248062,237.98387596899224,13.22560723514212,0.23992248062015503,0.024968530823181987,0.11338030907166197,0.006096647929995363,4.839885985681269,0.028172586282731334,0.08381578358884516,0.0005654733759343397,0.06258830894774052
1,1359,11,1.6900036040324993,2.544438923908043,2013.2882547302324,0.8586370819183622,0.41698996993395165,2.494505505924679,2.6805032703177623,0.24722864897060423,2.155017066853189,2.231443940607116,1.3625299888582303,1.317973281459532,0.17437547879807974,2.1764992154051814,-0.4452269856865518,80.53153018920932,0.5947404844290658,0.09305027623084745,3.136338294539288,1.206032516659853,-0.6653230407546042,0.7810792134931538,0.030266087756716246,0.9254303371596292,0.030266087756716246,0.1948349403606207,0.029316232701666247,0.9848669561216419,0.9848669561216419,0.9939467824486568,0.9899113040810946,-0.7788111239213065,0.8586355517428171,0.030266087756716246,1.7171571128058818,0.5650111166733987,1.0493898835561715,0.9254303371596291,0.702024068927524,3.4343142256117636,1.0191237957994554,0.2028363253124675,72.49759844949122,0.5817436611752578,0.20912816941237106,3.106334934533933,16.438149285950615,52.873431969686294,7.329328615016696,0.4734162663665168,2.522503104602752,46.296625304960855,0.42849038303289855,0.29294117647058826,2.00923315725685,0.2396423453543159,0.7377711006380152,0.11511015653339104,10.157894736842104,0.5346260387811634,0.23268698060941828,2.8947368421052633,788.0526315789474,2722.1052631578946,304.5394736842105,0.5263157894736842,4.368421052631579,0.2299168975069252,0.09470928925702218,0.29837454333621827,0.04379297573722315,3.2210972500579538,0.04470588235294118,287.70637119113576,2.7675264405786675,140.36470588235295,0.3302698961937716,3.717281660899654,252.76470588235293,0.2026297577854671,3.152941176470588,48.025882352941174,152.6870588235294,21.860588235294117,0.46176470588235297,0.03413285388229365,0.10633316400634328,0.01608277635128125,3.2259778911564623,0.13443163097199343,0.03500576701268742,0.006833787909627518,0.13953488372093023
1,1359,14,1.7234264085222952,2.251443270503573,4053.4369234360183,0.9488263756012586,0.3282778862124647,2.33656838852101,2.452654766308415,0.16894514983024556,1.9538771099330279,1.9377817437473364,1.4786584360244899,0.973996330283925,0.12338119908244055,1.9647941667152091,0.19181050620247644,162.13747693744077,0.5350494331065759,0.04278035683787108,2.1317934988424256,1.05397070718365,0.41651705576588705,0.9097728934903375,0.035081674403351304,0.9256757052243745,0.035081674403351304,0.21644951506583915,0.03373204276975703,0.9824591627983243,0.9824591627983243,0.9929836651193297,0.9883061085322162,-0.7759472532373185,0.879204873052243,0.035081674403351304,1.3831114453480338,0.4938406732833984,1.1747647179665446,0.9256757052243746,0.5993477174502907,2.7662228906960675,1.1396830435631937,0.23621364197342226,148.82383050039638,0.5681188918057573,0.21594055409712137,1.976188980018548,35.45298246650813,96.59646783662143,20.1671111239798,0.755952754995363,2.7520910999037875,87.08686232802293,0.3805190663401756,0.25333333333333335,13.45763539632866,0.20006380380670066,0.40715034859065274,0.14829216761071265,16.62962962962963,0.6159122085048011,0.19204389574759945,1.7777777777777777,2752.5185185185187,8197.62962962963,1391.2407407407406,0.8055555555555556,12.407407407407407,0.45953360768175583,0.0034708150768004184,0.011145305169759066,0.0015521925535607573,2.410333098133597,0.025714285714285714,1240.1728395061727,2.6948168263819428,383.7104761904762,0.3654385487528345,3.3478603174603174,561.8019047619048,0.23247528344671203,2.1028571428571428,51.9752380952381,112.10095238095238,36.94380952380953,0.7242857142857143,0.027022407287429967,0.0556593736877467,0.01986316568735078,82.71689814814812,0.05876805368601629,0.03241151927437641,0.007548066544289672,0.05866536299193352
1,1359,14,1.3852391062939773,1.8396767915627945,3904.1114750483503,0.2519522090743706,0.1827549716789767,4.710060271901814,2.164373797458456,0.14210042172946027,1.6432219522031626,1.673712802942412,0.928652478053269,1.235721319405187,0.08203963080301375,1.6552121770066588,-0.9033226949392167,156.16445900193403,0.9304962757771622,0.03954896670875011,4.111661126607634,0.43878351009093325,0.15196413742569487,0.12466093542054699,0.013331553048873216,0.8066859916581067,0.013331553048873216,0.0997816708051268,0.013115511980829987,0.9933342234755634,0.9933342234755634,0.9986668446951126,0.9966671117377817,-0.6621810407881861,0.5223370346985827,0.013331553048873216,2.0208477286213777,0.919218110666735,0.3259751286805449,0.8808878310389433,0.958398234829002,4.0416954572427555,0.31264357563167233,0.03449812211735505,344.2706933085954,0.8942413654008005,0.05512919135255735,4.086107537899228,19.71324587688098,81.01457969155987,4.92448310055125,0.2634525403757515,1.9042195546483536,151.69672036669357,0.47091212568735275,0.26982456140350874,2.2830315148579285,0.19312084616763425,0.7669431241925154,0.06029472666691185,39.51063829787234,0.840651878678135,0.0851063829787234,4.085106382978723,1290.7446808510638,5270.31914893617,320.9101654846336,0.2760047281323877,23.72340425531915,0.504753282028067,0.002988745140742294,0.011938254568493373,0.001431139421577049,1.8265060125075823,0.03298245614035088,371.4938886373925,1.8866532667514755,517.9066666666666,0.3634432748538012,3.364320837180671,1325.957192982456,0.03548168667282241,4.105964912280702,50.169122807017544,206.4442105263158,12.460194931773879,0.2531384015594542,0.027607352596659196,0.11225909140134287,0.007499226801940182,1.0436989640463132,0.12480221403506722,0.03602627972244892,0.00015313148985112826,0.2284410212523178
1,1359,14,1.2488021888489378,1.7464998404386218,3603.507770986941,0.20496936779217434,0.2562180381180821,4.155753537016733,1.893038772733871,0.1597714565410135,1.523612839665678,1.5761482533288682,0.7704451370393424,1.1225936356945285,0.10808242510442367,1.5371909170305662,-1.1038041057592614,144.14031083947768,0.9378025262026337,0.04155983020716186,3.901319422218143,0.4040914481868808,-0.21130070431121414,0.11621465382963567,0.006794605223013609,0.8894400661203076,0.006794605223013609,0.05797624857149382,0.006742155064867892,0.9966026973884933,0.9966026973884933,0.9986410789553973,0.9977351315923288,-0.7664658890094727,0.5166032444024611,0.006794605223013609,1.9682389082765501,0.9317532154088075,0.25056562392234055,0.8894400661202189,0.9648416056650433,3.9364778165531003,0.24377101869932727,0.03075231476316232,374.67956301312915,0.9191390922138236,0.040430453893088227,3.87331579901418,20.131246462728388,79.04668726217014,5.4023862628679495,0.28167105024645506,1.7279761173914638,167.8689765000598,0.49462299577891555,0.26704918032786884,2.077696977643799,0.17902649290614323,0.6852427072126145,0.052472439329525375,45.35294117647059,0.889273356401384,0.05536332179930796,3.823529411764706,1092.2549019607843,4315.196078431372,286.51960784313724,0.29411764705882354,30.568627450980394,0.5993848519800077,0.0017003306381751463,0.005872991813098765,0.000657165344444242,1.4413317441782276,0.03344262295081967,198.1276432141484,1.7818792196484836,573.5455737704918,0.37609545821015855,3.2771345337274926,1430.1488524590163,0.031098736898683147,3.9036065573770493,50.38622950819672,197.51803278688524,13.60327868852459,0.2740983606557377,0.026885930407378498,0.10437723866109894,0.0075131033439483855,1.256826271672982,0.20898617722027826,0.006275417002597869,0.00018625254448610234,0.21897810218978103
1,1359,14,1.152874355230541,1.846614774260443,3515.862327729127,0.15976788116214072,0.31953737027167906,2.6450172418034494,1.953370158345682,0.19482434615163421,1.5112537236317438,1.542730042166211,0.7821824791725481,1.171187679173134,0.13577171989757808,1.5309827623086043,-0.4135708947173871,140.6344931091651,0.9544222222222223,0.060020401295272904,3.9292523111118314,0.23452105319830444,-0.12534140510802555,0.07172023389305823,0.012454356932566017,0.7036227746255662,0.012454356932566017,0.09583074432224808,0.01228481599919394,0.9937728215337169,0.9937728215337169,0.9975091286134867,0.9958485476891445,-0.5185732192893348,0.376874506058692,0.012454356932566017,1.978493163192705,0.945627888587994,0.22184998990017624,0.7036227746254063,0.9722659847264219,3.95698632638541,0.20939563296761055,0.021043647706406057,378.5885398043804,0.9147766025716941,0.0426116987141529,3.8661128578417694,18.802579965777753,74.4776886357541,4.883802798283664,0.2834717855395577,1.7811413599827635,164.99151902486656,0.4756080965487778,0.2753333333333333,2.0707318761824043,0.19243459601370255,0.7032892294836488,0.06472093764621598,47.87719298245614,0.8399507540781779,0.08002462296091105,3.736842105263158,945.9649122807018,3766.2280701754385,240.89912280701753,0.3157894736842105,32.75438596491228,0.5746383502616189,0.005547924365839357,0.010284250273955357,0.004363842888810358,1.6692166027228037,0.038,253.44413665743298,1.7687759230847564,550.88,0.3672533333333333,3.357592888888889,1431.6333333333334,0.02278888888888889,3.93,49.56133333333333,196.35933333333332,12.861833333333333,0.2675,0.027823371336188795,0.10701052238179223,0.00802658357478794,2.0655944156591826,0.12542024491786716,0.010630925925925927,0.00026700981481481487,0.11379800853485063
1,1359,16,1.238200800195898,1.695988547794563,3066.1969267207633,0.06119152331234055,0.22132286773052678,3.1038577145819604,1.9228377470057452,0.14027056806329613,1.469027132479351,1.4843777005783219,0.95775526851476,0.9650824784909852,0.09465224422731466,1.4799123831982088,-0.28863913148780296,122.64787706883055,0.9858163265306124,0.03209994598289837,3.9767535686859103,0.07498734784573813,-0.04008771064602923,0.022744731035544866,0.0048338290289689535,0.6502271022544643,0.0048338290289689535,0.044029498855424835,0.00480966949966747,0.9975830854855156,0.9975830854855156,0.9990332341942062,0.9983887236570104,-0.48468017954591347,0.23652125342828662,0.0048338290289689535,1.993056827733465,0.9814010504680757,0.09055955486157594,0.6502271022529583,0.9906399132189805,3.98611365546693,0.0857257258326073,0.006894640016128454,349.91017214393486,0.9696565910073077,0.015171704496346108,3.9537308007821106,28.308189845183353,113.01075602407272,7.132548300461014,0.2615672998044723,1.5218132102049102,156.4446966686684,0.5236075777805941,0.2573214285714286,8.441183998468999,0.1727587207066347,0.6675278249448509,0.04906644464708068,39.18604651162791,0.9113034072471606,0.04434829637641968,3.86046511627907,1910.7906976744187,7637.441860465116,479.1279069767442,0.28488372093023256,24.3953488372093,0.5673336938885885,0.024910897573930522,0.029014821992535172,0.023884916469279358,1.472776382609072,0.030714285714285715,850.7582477014603,1.5915237290154354,539.4971428571429,0.3853551020408163,3.262283673469388,1380.142857142857,0.007091836734693878,3.9785714285714286,51.44571428571429,205.21285714285713,13.003928571428572,0.25535714285714284,0.026811610404743905,0.10420375150721664,0.007463575129125724,0.8175691937424789,0.30909626140712393,0.004621768707482993,3.4108357628765793e-05,0.297029702970297
1,1359,16,0.9102866796484396,1.5999907585204072,2752.5469098681174,0.6031265402864958,0.33302003061713625,2.4738447709809086,1.7160843761994868,0.20708983927769642,1.3316613506097572,1.3975334540477038,0.674556012190449,1.0415283640090378,0.15366843494029847,1.3546332615307404,-0.7209457027294319,110.10187639472471,0.7487475555555556,0.06170932053760854,3.5340492527047016,1.1364458817211665,-0.6483204492996899,0.47889207429466274,0.03135037607284165,0.87720751774287,0.03135037607284165,0.19890222300023547,0.030268246477381997,0.9843248119635791,0.9843248119635791,0.9937299247854317,0.9895498746423861,-0.7003172885574686,0.7565156314649826,0.03135037607284165,1.8499081469137075,0.7146105283388657,0.7929550363224909,0.8772075177428676,0.8342329588772865,3.699816293827415,0.7616046602496495,0.1275606125918761,314.1825342837652,0.7185002579224641,0.14074987103876802,3.491250261791083,17.050304962346683,61.08783801544478,6.040921699072159,0.3771874345522292,2.4027093159720265,154.682713568557,0.4086344304745789,0.29066666666666663,2.2813188338720023,0.2328973081228437,0.7733486614986869,0.09778446977888292,42.967213114754095,0.7043805428648213,0.14780972856758937,3.459016393442623,818.6229508196722,2827.1967213114754,316.4795081967213,0.38524590163934425,19.098360655737704,0.3130878796022575,0.029004775768984983,0.09799038309014212,0.011758373938695698,2.8803332980011453,0.04066666666666666,213.9467884977157,2.4378668513834376,504.4626666666667,0.33630844444444447,3.551491555555555,1123.1213333333333,0.12562622222222225,3.558,48.102666666666664,172.91266666666667,16.900166666666667,0.3605,0.031044826467624083,0.10787166257243638,0.011838117441421013,7.719629867351302,0.04157249342115293,0.03207248888888888,0.0039139547456790115,0.04279600570613411
1,1359,16,1.0489047122871409,1.7498644306334459,3722.6707106474164,0.42622865699814416,0.3501519954283352,4.901611153573719,1.8692354878204214,0.2301002928803668,1.4375975315805782,1.514618224030271,0.09891914249662062,1.7703163453238007,0.1502674073288584,1.4690370918349571,-1.3297302194112888,148.9068284258967,0.8412098298676747,0.09138331438033653,3.7403279353710595,0.8901328910987103,-0.48509336682159,0.2978713026047644,0.011837131389473532,0.9235865876491672,0.011837131389473532,0.09148280882532517,0.01167952578959702,0.9940814343052633,0.9940814343052633,0.9976325737221052,0.996054289536842,-0.8058272152415943,0.6995195741220779,0.011837131389473532,1.9154155003552653,0.833466257213284,0.4993200069422555,0.9235865876491567,0.9094969346605286,3.8308310007105306,0.4874828755527823,0.0774271084985595,369.66201732853204,0.8085740551397192,0.09571297243014035,3.6783501260140317,21.11242955788431,80.09186966655139,6.367569530717548,0.33041246849649203,2.1046919694653035,175.8665486550203,0.45974260147823043,0.2647826086956522,2.7849956235065685,0.18843837472120667,0.6677881086263034,0.06860094124493246,42.285714285714285,0.7551020408163265,0.12244897959183672,3.5714285714285716,1665.9107142857142,6491.25,459.57589285714283,0.35714285714285715,25.607142857142858,0.4572704081632653,0.007594161142157938,0.0271154673199545,0.0027138345977087966,2.3052747364641677,0.03246376811594203,717.0507015306123,2.0192983075535116,651.7153623188406,0.37780600714135687,3.3587679899180847,1451.0869565217392,0.07939508506616258,3.739130434782609,50.71710144927536,191.2336231884058,15.587971014492753,0.31521739130434784,0.027427980344043146,0.10074643833915746,0.009098365845264569,3.0064583333333337,0.09562746864389161,0.012124343625288806,0.0009439193446754882,0.09752133279154815
1,1359,16,1.0322838471300595,1.831682513788264,3396.1400608620465,0.41477362434556375,0.35657377529270495,2.6696371678496553,2.00129057452901,0.22222797641245146,1.478385377586838,1.5101259471637882,0.6474117547941284,1.3538788197348817,0.15705586457963655,1.5046904578377678,-0.5615924193794354,135.8456024344819,0.8493395555555556,0.07847004924545355,3.7340349400276174,0.8044368179035886,-0.44073622966443504,0.28177399218350085,0.030307472386287088,0.8059863833435155,0.030307472386287088,0.19208868330013165,0.02922240670507121,0.9848462638068565,0.9848462638068565,0.9969692527613713,0.9924231319034282,-0.6079131080394661,0.630509714001527,0.030307472386287088,1.9160288435621586,0.8150768506660939,0.591145264939525,0.8114698198391059,0.8997729618347308,3.8320576871243173,0.5608377925532385,0.07802036614244698,330.48886717060003,0.8043624176414955,0.09867903271502304,3.691946068859811,19.65085107616058,74.98195411573795,5.8210090547115065,0.32994722123031445,2.3524182477313285,135.36462006343353,0.379318371649156,0.273,2.7729824309871476,0.20547469857301087,0.739407524457478,0.07492523054716128,39.15094339622642,0.7386970452118191,0.13812744749021005,3.69811320754717,1063.6603773584907,4120.471698113208,299.47851153039835,0.34643605870020966,17.0,0.32075471698113206,0.021527982989381127,0.17857707960957178,0.0032300694213355787,2.73940679677024,0.035333333333333335,262.66358134567463,2.1771430690114726,514.6826666666667,0.3431217777777778,3.404810666666666,1274.0093333333334,0.07549288888888889,3.759333333333333,49.86266666666667,189.382,14.983574074074072,0.3109074074074074,0.02871708931720836,0.10938918934240362,0.00928980505165029,2.8786789652247657,0.04735299394565667,0.10791186546768623,0.0006995674370370368,0.10772182254196645
1,1360,11,1.8732775088185731,2.3013187663474657,1560.404282014103,0.7219280948873616,0.19548584611047737,4.860340004376195,2.404956363699362,0.12416026131420706,2.104740310532373,2.1138653140678336,1.4082338823875749,0.9967224813117872,0.08031372102088831,2.111468197395292,-0.9991247741256208,62.416171280564136,0.6800000000000002,0.02836617383181225,3.4146514929374376,1.2372145144317195,-0.7137522273522822,0.5904569296537263,0.026716948335765867,0.9130735618874631,0.026716948335765867,0.17664340555411548,0.025964649291943736,0.9866415258321171,0.9866415258321171,0.9946566103328469,0.9910943505547447,-0.7619822565145675,0.8101617268325859,0.026716948335765867,1.8093366557017734,0.6654484117133104,0.869684576292929,0.913073561887462,0.7959781815338907,3.6186733114035468,0.8429676279571634,0.154293469497373,57.11192533342248,0.6244804205708311,0.18775978971458446,3.247916119003372,22.122205600271894,78.31337605233661,8.074412987255718,0.43802097024915704,2.6756245660284894,29.686238418029305,0.37128251700715054,0.26071428571428573,3.527172875379871,0.1993174330502141,0.5824190780889821,0.10354202179052208,6.666666666666667,0.5555555555555556,0.2222222222222222,3.0,1269.3333333333333,4685.833333333333,415.2083333333333,0.5,2.0,0.16666666666666666,0.1053077673925537,0.35720452101681377,0.04233357898648868,3.188721875540864,0.03428571428571429,418.63888888888886,2.5143258333641008,121.44571428571429,0.34698775510204083,3.4726530612244897,238.0,0.16000000000000003,3.4,51.28,178.2057142857143,19.548571428571428,0.4,0.030487885577511423,0.09889949879422667,0.013384982273332614,1.7119047619047616,0.20862308762169682,0.027390476190476187,0.0045104761904761915,0.2027027027027027
1,1360,14,1.7034049063066612,2.0882445121852116,1794.759012831383,0.7097645542842419,0.14918780200112725,6.383631740178988,2.207917883357675,0.1137027644089556,1.8876126924372543,1.9019794181390481,1.1407695848895574,1.0671482984681178,0.0679588815229745,1.8946023397174316,-1.2184551637728527,71.79036051325534,0.6872720000000001,0.026436349012545886,1.5445201475488324,1.200823285780333,0.6929025743131134,0.5729570640702841,0.036652311027931206,0.8797358850755596,0.036652311027931206,0.2253620485312341,0.03524436276034527,0.9816738444860343,0.9816738444860343,0.9926695377944138,0.9877825629906896,-0.6961679883332514,0.7870907129550138,0.036652311027931206,1.187615434354266,0.6599509496905471,0.9079775474656557,0.8797358850755586,0.7940584101317685,2.375230868708532,0.8713252364377247,0.15240234377455386,88.61004760070439,0.6334551951651046,0.1832724024174477,1.7255391536429672,19.480755099420353,30.67375490681635,16.682505147571355,0.8186152115892582,2.615301491061381,43.179013317191284,0.34636543108409695,0.279,3.549172994017388,0.2514676171889508,0.5941899435090525,0.1657870356089253,9.235294117647058,0.5432525951557093,0.22837370242214533,2.0588235294117645,1732.1176470588234,2750.529411764706,1477.514705882353,0.7352941176470589,2.2941176470588234,0.13494809688581316,0.08119560918031124,0.32166815819991906,0.021077471925409284,3.286895754518758,0.034,867.0657439446368,2.5183778355369517,170.756,0.341512,3.702176,343.636,0.156364,1.582,49.508,75.29,43.0625,0.8545,0.03236146447467876,0.0653909089191232,0.024104103363567646,10.763337320574164,0.11113395531303653,0.035992600000000013,0.006324923800000001,0.09888751545117429
1,1360,16,1.7332832193606689,2.0533971370079884,3520.1240450355626,0.6698754960694369,0.16632619452485886,6.126742733838559,2.5621096750124877,0.11508101849979803,1.8931395749139497,1.8769477795548302,1.4470787791279693,1.1150308958845183,0.0684660125571807,1.9001009541426768,1.1735276832065706,140.80496180142254,0.7107502958579881,0.026406185828540422,1.5108704259855599,1.177911614285391,0.678483249186175,0.5436296290797407,0.038124342832361276,0.8689814214832017,0.038124342832361276,0.23280505000363214,0.03662900468884852,0.9809378285838193,0.9809378285838193,0.9923751314335278,0.9872918857225461,-0.6773238821651089,0.7727822007911316,0.038124342832361276,1.1766441991339134,0.6724940093551004,0.8897632958120942,0.8689814214832006,0.8042936294499058,2.3532883982678268,0.8516389529797335,0.14543849297802552,186.86011910786635,0.6730337360773708,0.16348313196131461,1.618003691738413,18.356435166882186,26.26772278194503,16.378613263116478,0.8454990770653968,2.66422149148417,86.15074194985161,0.3496084014392127,0.28384615384615386,2.9219174014088725,0.22996338565984756,0.39006856764468717,0.1899370901636376,25.0,0.625,0.1875,1.75,911.575,1184.5,843.34375,0.8125,9.0,0.225,0.06140285773647437,0.14025743772862076,0.04168921273843777,3.5030559073332688,0.041025641025641026,317.434375,2.5644253539510684,317.1948717948718,0.32532807363576594,3.5595045364891513,692.9815384615384,0.14462485207100592,1.5261538461538462,48.84205128205128,71.89128205128205,43.07974358974359,0.8684615384615385,0.03150006864094166,0.05148775590958131,0.026503146823781742,20.41663961038961,0.05168307935738054,0.03968962524654832,0.005464841632529206,0.05428636055191134
1,1360,16,1.5045567954242998,1.936740318938762,3139.533748443853,0.3776463213736996,0.22690974362554295,3.2393079299933665,2.2419097079010744,0.1417754395510069,1.7405256232613442,1.752231218703571,1.2881404587679108,0.9537692491331635,0.09262479279245503,1.7501313535216059,0.020412081320494213,125.58134993775414,0.8643664485425342,0.03353030935007793,1.2079441026348507,0.7809790125472686,0.4219926380679144,0.25258028187572423,0.01277312503084414,0.903297929769871,0.01277312503084414,0.09706703087019054,0.012581422823922456,0.993613437484578,0.993613437484578,0.9974453749938312,0.9957422916563853,-0.7720991962585958,0.6594140195972815,0.01277312503084414,1.071443555050091,0.8547418737227934,0.4556718264387745,0.9032979297698556,0.922169882434487,2.142887110100182,0.44289870140793075,0.06633835172664208,235.5647350879802,0.8311506154454142,0.08442469227729284,1.279473688944262,18.588314504807972,21.920290754757527,17.75532044232058,0.9301315777639345,2.006684208008659,112.49731157088762,0.47263583145613525,0.2758536585365854,1.9890847948116515,0.19462530680271706,0.27967570279713944,0.17336270780411145,29.31578947368421,0.7714681440443213,0.11426592797783933,1.394736842105263,884.921052631579,1003.421052631579,855.296052631579,0.9013157894736842,15.421052631578947,0.40581717451523547,0.034764142588158985,0.1149904004636277,0.014707578119291803,2.1490069854324303,0.037073170731707315,157.34141274238226,2.0046953693844785,378.88878048780487,0.3696475907198096,3.3542948245092203,885.9756097560976,0.0678167757287329,1.2195121951219512,49.501463414634145,58.79414634146342,47.17829268292683,0.9451219512195121,0.0288021965967959,0.03892190743506074,0.02627226888722969,4.134895833333333,0.15493135155561152,0.01259409081895697,0.0008639746956660524,0.15315890236119975
1,1360,18,1.5860017126623007,2.073859419430079,4519.978933098375,0.7458707155536819,0.254933282566441,2.469065067522158,2.2391963238312416,0.15172088158052754,1.8555592252268176,1.8941186281148903,1.3596169712666215,0.87957935256462,0.10995924389741694,1.8646465808871489,-0.360659699568036,180.79915732393502,0.6655337278106508,0.03380683328978792,1.6101799505958785,1.2315242364990495,0.7111384624041024,0.6276925122018171,0.03352211651129821,0.8986050633423021,0.03352211651129821,0.21016192048723292,0.03232078349880896,0.9832389417443509,0.9832389417443509,0.9932955766977404,0.9888259611629007,-0.7299697860299792,0.8117735971758604,0.03352211651129821,1.2089803362838425,0.6370719021446335,0.9392033220485309,0.8986050633423015,0.7742586054605084,2.417960672567685,0.905681205537233,0.16530365717827883,223.54838602811014,0.6264049158114591,0.18679754209427046,1.7461981977309393,20.192213584830952,31.059273224159103,17.475448674998916,0.8134504505672652,2.7968262496113745,108.85213555638367,0.3443514722006941,0.27384615384615385,3.5286276901706755,0.22880937852441235,0.4402370728180877,0.1759524549509935,29.846153846153847,0.5739644970414202,0.21301775147928992,1.9230769230769231,973.3461538461538,1399.1153846153845,866.9038461538462,0.7692307692307693,9.923076923076923,0.1908284023668639,0.09062000294261421,0.23825622589808318,0.05371094720374695,3.7107183670335546,0.04,348.3461538461539,2.5824714737750543,443.06615384615384,0.34082011834319526,3.6543763313609468,865.1938461538462,0.16723313609467455,1.636923076923077,50.02,78.99538461538461,42.776153846153846,0.8407692307692308,0.03219889407329884,0.05857604681473729,0.025604605887939218,32.645692090395464,0.04218377849838731,0.036470453648915165,0.005993592717341826,0.0429261312824182
1,1360,18,1.5659672771834978,1.9047744316292503,5099.6000954312385,0.1447306988167202,0.1746739749334687,3.6319187750688355,2.054599507371142,0.10822937423814655,1.7264402635520408,1.7297353948813243,1.2289776222403848,0.8256218851307573,0.07361277618963018,1.7319828988816186,-0.31332800421312856,203.98400381724957,0.9596712802768166,0.019168778404734653,1.0583362327937538,0.20206714733002462,0.11228856039541191,0.06894716623898636,0.020244140546578776,0.5487056257312608,0.020244140546578776,0.1417702029732809,0.01980663373534739,0.9898779297267106,0.9898779297267106,0.9959511718906842,0.9932519531511405,-0.34819287578579206,0.31723523415299776,0.020244140546578776,1.0228194343556811,0.9355977128718701,0.25960180525575555,0.5487056257311481,0.9670584953710295,2.0456388687113622,0.23935766470917708,0.022297826696391285,388.59375932365805,0.9158366497390967,0.04208167513045161,1.1321538024602664,35.86119521288136,36.63636713455416,35.66740223246317,0.9669615493849334,1.828082713939112,164.15322056213722,0.4614530900084207,0.24911764705882353,14.94742117594115,0.18077096920255983,0.24362489524462522,0.16505748769204348,39.680851063829785,0.8442734268899955,0.07786328655500227,1.2553191489361701,3063.2340425531916,3085.0,3057.7925531914893,0.9361702127659575,25.170212765957448,0.5355364418288818,0.0032775640175413054,0.009136508067974718,0.0018128280049329528,1.6615306260922824,0.027647058823529413,1754.9497510185606,1.713984314898929,651.3788235294118,0.38316401384083043,3.2375972318339095,1631.4411764705883,0.020164359861591697,1.061764705882353,52.336470588235294,53.862941176470585,51.95485294117647,0.9845588235294118,0.02581358469313651,0.029258192536273767,0.0249524327323522,8.242724660397075,0.06465281596290703,0.018196741637831602,0.0003488236566252798,0.06800793425899689
1,1360,18,1.2129198644272436,1.7574391162281209,3394.8923130752664,0.1525273285087813,0.34992967014935195,2.678243434989786,2.1421497135956753,0.1879464831920421,1.4871493908465605,1.4906192019736486,1.0446217732656484,1.0975279403300269,0.1391010778071256,1.504414019494028,0.2795032973765049,135.79569252301067,0.956968,0.05164823135488145,1.0705631342454598,0.3165139550874865,0.16477882712932862,0.08966169993105619,0.006037542844194641,0.874626446159825,0.006037542844194641,0.05290421571071004,0.005998540312851635,0.9969812285779026,0.9969812285779026,0.998792491431161,0.9979874857186017,-0.7455757369426745,0.4679862863161194,0.006037542844194641,1.0245273018891856,0.9461518382995231,0.2085687767904627,0.874626446159674,0.9724539266887169,2.0490546037783712,0.2025312339462684,0.023924810693812706,350.39690166168094,0.9543349486316419,0.022832525684179074,1.0701525702058725,38.99423802359469,40.53700137047954,38.60854718687347,0.982461857448532,1.5615923251566703,157.97639119212852,0.5219455629521406,0.2446666666666667,16.532165747885188,0.16382983989880964,0.17389666367454473,0.16131313395487587,37.05128205128205,0.9500328731097962,0.024983563445101907,1.0769230769230769,3238.923076923077,3322.6923076923076,3217.980769230769,0.9807692307692307,20.076923076923077,0.514792899408284,0.007728396696831041,0.007799033131103838,0.007710737588262841,1.4896728082771982,0.026,1759.6331360946747,1.650750619236521,592.7266666666667,0.3951511111111111,3.212846222222222,1435.452,0.021515999999999997,1.066,52.812,56.19,51.9675,0.9835,0.025546783404719914,0.0272443265516083,0.02512239761799782,2.6584582441113493,0.2013693113169553,0.006621333333333333,0.00012646626666666663,0.22684310018903592
1,1360,20,1.5132758136586724,1.8971023975145975,3815.7470917492747,0.17472064990136116,0.16177350167343274,3.9478766552542552,2.0303213745365305,0.11421669669195482,1.706430920821766,1.7163285270673072,1.1408604092589665,0.889460965277564,0.07129085272951644,1.7132396418996279,-0.5252087022812659,152.629883669971,0.9490603550295857,0.023283583039744572,1.08714592793894,0.3447980097734157,0.1846705467668465,0.10672875099617161,0.016241368371864715,0.7387206001107082,0.016241368371864715,0.11902845350045382,0.015961175828711142,0.9918793158140676,0.9918793158140676,0.996751726325627,0.9945862105427117,-0.5446507599655216,0.4438657512607062,0.016241368371864715,1.0317555373749574,0.9225537644872708,0.29607547497494224,0.7387206001106323,0.9601237784391102,2.063511074749915,0.27983410660307784,0.030742529842009085,330.7275314805925,0.9367488935092366,0.03162555324538169,1.0981345160888236,19.447328711385342,20.805671408498792,19.10774303710698,0.9754663709777941,1.7519967323833696,138.93453192237735,0.4700065990825346,0.2711538461538462,2.109387246219119,0.18971822815343078,0.21844312672928187,0.182537003509468,42.17391304347826,0.9168241965973535,0.04158790170132325,1.1304347826086956,908.0869565217391,975.1304347826087,891.3260869565217,0.967391304347826,26.347826086956523,0.5727788279773157,0.009158800409509518,0.025526837094292126,0.005066791238313866,1.336057150471907,0.03538461538461538,109.4102079395085,1.7685145911865707,481.3030769230769,0.37023313609467456,3.345207100591716,1233.7784615384614,0.0254698224852071,1.0784615384615384,50.004615384615384,53.466153846153844,49.13923076923077,0.9803846153846154,0.02783161848072562,0.031059351561137278,0.02702468521062271,5.485072342793545,0.09891773848686296,0.01555293885601578,0.0003732308602639964,0.10498687664041995
1,1360,20,1.2450069395592744,1.8362460824918896,3160.4615219161574,0.18546323760180505,0.26324444040084316,3.083077729332312,2.186114760827761,0.17378963264890074,1.5582484854534,1.5545381310792625,1.0031118296474195,1.1830029311803416,0.11346173672590251,1.5744184165978485,0.023318049388569576,126.41846087664632,0.945123875432526,0.05065500810466168,1.0824995259221353,0.3671939379200669,0.19149430234985187,0.10466131893917228,0.006238826727322619,0.8878702944793087,0.006238826727322619,0.05374959714186206,0.006193571579627827,0.9968805866363387,0.9968805866363387,0.9987522346545354,0.9979203910908925,-0.7674392761771256,0.49864247531746975,0.006238826727322619,1.028539646428599,0.9383563555871247,0.23060659203107126,0.8878702944791976,0.9683409402077398,2.057079292857198,0.22436776530374897,0.02772503641662373,315.6068828022814,0.9309106220958653,0.034544688952067346,1.1075285142974785,20.105616781886543,21.415275939871776,19.77820199239023,0.9731178714256303,1.6681676876748006,141.76525380524825,0.5046872200511154,0.265686274509804,1.973907503287987,0.17797017154020603,0.20108787404246203,0.17219074591464203,37.19512195121951,0.9071980963712076,0.0464009518143962,1.146341463414634,1206.9512195121952,1256.7073170731708,1194.5121951219512,0.9634146341463414,21.4390243902439,0.5229030339083879,0.004097175753695656,0.004621675011169256,0.003966050939327256,1.5222842769278409,0.03215686274509804,239.8929208804283,1.7269193760241734,488.12,0.3828392156862745,3.2862129950019225,1205.0329411764706,0.027438062283737023,1.0847058823529412,50.54509803921569,54.19686274509804,49.6321568627451,0.9788235294117648,0.02699295446573691,0.029639049199926885,0.02633143078218942,2.3162382176520997,0.2358446939568265,0.006651103421760863,0.00016337303751950608,0.26344676180021953
1,1360,20,1.1696564214563292,1.7117019802362634,2575.8254528435564,0.2497284092762609,0.3167728402755958,2.7233206485056956,1.8885640115095967,0.17539651091768166,1.433968456096812,1.4451556245509878,0.8559638445778632,1.0326001669317335,0.1259424693061347,1.450074017208258,-0.3498878092472281,103.03301811374227,0.9202012494793834,0.046449122301820474,3.857408476558452,0.5365378167580089,-0.28486512345244547,0.16251127013799008,0.011570464220684053,0.8682208697375077,0.011570464220684053,0.08988706174251054,0.011419312587045611,0.994214767889658,0.994214767889658,0.9976859071558632,0.9961431785931054,-0.7216558686053683,0.5646798402069548,0.011570464220684053,1.9543979028895981,0.9015398202336175,0.342210682548349,0.8682208697374674,0.9486126707792562,3.9087958057791963,0.3306402183276653,0.04352043358966853,309.3784354370034,0.9138657375871497,0.04306713120642517,3.8646689035770576,18.556707605862368,71.6808339113951,5.275676029479183,0.2838327741057356,1.6471956498538451,143.0259509872662,0.5085844442777725,0.2763265306122449,1.8217223462766563,0.1954838176529493,0.7497523514807815,0.056916684195991295,37.19512195121951,0.9071980963712076,0.0464009518143962,3.8536585365853657,1057.0,4097.682926829269,296.8292682926829,0.2865853658536585,21.829268292682926,0.5324211778703153,0.0018722630544436188,0.00671381680331444,0.0006618746172259131,1.4421146067375248,0.03346938775510204,164.30220107079123,1.8236356221506278,463.7722448979592,0.3785895876718034,3.345030237401083,1127.246530612245,0.0398993752603082,3.8751020408163264,49.440816326530616,191.90775510204082,13.824081632653062,0.28122448979591835,0.02797390336331055,0.1082197083519727,0.007912452116145021,2.0037041068059787,0.13307960695345475,0.012268243787310841,0.0004340074900764137,0.150093808630394
1,1360,20,1.254922187899396,1.814457276836599,3415.7429740309635,0.09145581769728571,0.2522918405771528,3.437529026292219,1.9858820969484956,0.16291361520439598,1.5623106875708663,1.6037794981862028,0.7841535155308449,1.2017285814176506,0.10920311005584855,1.5761271231681013,-0.740367359597054,136.62971896123858,0.9769980826446281,0.04336202388800241,3.96319890618587,0.13398302596683354,-0.07047150919016625,0.03893722905186154,0.005771555784918966,0.7420162480144401,0.005771555784918966,0.05020225773075341,0.005729731124732146,0.9971142221075405,0.9971142221075405,0.9988456888430162,0.9980761480716936,-0.5913250284412964,0.31320514581040393,0.005771555784918966,1.9886948946927765,0.9719158764568776,0.1258388247952567,0.742016248013813,0.985809116800317,3.977389789385553,0.12006726901033805,0.011177196209195125,307.81317158625137,0.9568506371051145,0.02157468144744271,3.93377876060001,42.60365607606605,169.82377062673808,10.798627438398045,0.2665553098499975,1.70345780911538,129.18212926815366,0.47784444262428727,0.23381818181818181,17.25194254411239,0.15376229978307415,0.5865438715189885,0.04556690684909556,30.0625,0.939453125,0.0302734375,3.90625,4282.40625,17105.625,1076.6015625,0.2734375,17.0625,0.533203125,0.0013489955455834293,0.005029771244833717,0.00042880162077085733,1.5375996096414113,0.02327272727272727,2436.0927734375,1.603247157195641,545.3301818181818,0.3966037685950413,3.141059702479339,1343.3723636363636,0.011500958677685951,3.965090909090909,53.97018181818182,214.72,13.782727272727273,0.25872727272727275,0.024613434801530044,0.09665153725463249,0.006603909188254427,0.8558799037749816,0.29728604863599756,0.004892747107438017,6.008379624342599e-05,0.27842227378190254
1,1360,22,1.466890440446293,2.030060166763272,8024.996367432752,0.6577454817080304,0.3290156182663795,6.926439231465639,2.195612739048729,0.19172250397839033,1.7054379571712461,1.724236644577139,0.4492362033724612,1.746376535676268,0.13504210370254846,1.7240130152719106,-1.0470460889360862,320.9998546973101,0.7583958847736625,0.06370225106651228,4.58868563509982,1.643660174052157,0.4873811695167516,0.5233517592909858,0.016630022103331837,0.9384112223718305,0.016630022103331837,0.12131340863822,0.01633472861127365,0.9916849889483341,0.9916849889483341,0.9983369977896669,0.9958424944741671,-0.8319434425236899,0.8231565366410065,0.016630022103331837,2.112325522008848,0.7278083081952106,0.7961641271834292,0.9791235970611114,0.8439864308322416,4.224651044017697,0.779534105080098,0.1349954453485794,505.0478847791108,0.7837746136128727,0.1152137147806512,4.415954760785003,36.281030522526095,188.44606622890876,8.118761356032032,0.25475635855402057,2.2973292062935977,242.51664380123873,0.4437258072211912,0.23972222222222223,13.760424884870615,0.16901423728693138,0.7431762640278686,0.044562288698549744,49.53125,0.77392578125,0.1240234375,4.25,3836.3125,20938.578125,816.7703993055557,0.2743055555555556,25.0625,0.3916015625,0.008762696582307127,0.037210199154374304,0.004768190455989399,2.550784772995757,0.023703703703703703,2056.52734375,2.283238751143741,1026.128888888889,0.3800477366255144,3.2162024691358027,2047.668888888889,0.1276283950617284,4.532962962962963,53.37407407407407,244.79666666666665,13.080977366255143,0.24803497942386832,0.02549791369222586,0.11423084500947156,0.0065008932346181875,3.05692529671443,0.047939667041256975,0.057139771879385216,0.000676614320733628,0.11234879358302607
1,1360,22,1.3895798301308713,1.8261143551722838,6118.188859921882,0.11367082443274913,0.22296050204097062,2.95373605011505,2.076092387438169,0.131503044702142,1.6223541007509614,1.62611932567522,1.144081964518743,0.9320104229194262,0.08931224005201226,1.6309758161939476,-0.07417948917505095,244.72755439687532,0.9700283553875235,0.028049284786052897,1.0436751451221624,0.19009659046398952,0.09972657337674354,0.05493970866909218,0.006918510003533839,0.7769269288531231,0.006918510003533839,0.059080436447094604,0.006865519136409107,0.9965407449982331,0.9965407449982331,0.9986162979992933,0.9976938299988221,-0.6185410062949039,0.36526102203949184,0.006918510003533839,1.0157114667079765,0.9622053715272778,0.16119550699806362,0.7769269288527879,0.9808292782902566,2.031422933415953,0.15427699699453007,0.015464554668156506,595.41174960072,0.9541983009403001,0.02290084952984993,1.0703770568015156,19.3054081739957,19.87367459052185,19.163341569864162,0.9824057357996211,1.6095853411766918,263.46955649274764,0.5089920178668786,0.2709782608695652,1.9979335771231064,0.18566192735007955,0.20861992001871552,0.17992242918292056,69.24,0.9232,0.038400000000000004,1.12,1289.52,1307.8,1284.95,0.97,45.85333333333333,0.6113777777777778,0.002027161601441743,0.003520132122983693,0.001653918971056256,1.3519800542638887,0.03260869565217391,349.0755555555555,1.6963304730509448,861.9939130434783,0.3747799621928166,3.2918344045368624,2231.0652173913045,0.014985822306238185,1.0456521739130435,49.9704347826087,51.61,49.56054347826087,0.9885869565217391,0.027242842833590762,0.02906929108197224,0.026786230771495396,4.264664009111618,0.12285094308128859,0.007078213610586012,9.843947768554285e-05,0.1323772752344181
1,1360,22,1.2221001834995096,1.7163414410517568,5017.571773226827,0.40672614778205174,0.2127600872284896,4.969725253198248,2.1496894967629983,0.1623381329149845,1.5014116742770158,1.5341198056045187,0.5848059032748147,1.5648835934881835,0.09322053613161688,1.5188579758848046,-0.6764369922515867,200.7028709290731,0.8768441802087462,0.052692535253573876,3.9681759306417366,0.9366119806927872,-0.13415084689240045,0.2484229131268471,0.012538754803527098,0.9043649886586203,0.012538754803527098,0.096545432005546,0.012371027699017195,0.9937306225982363,0.9937306225982363,0.9987461245196472,0.9968653112991182,-0.783612713630989,0.6879103384929366,0.012538754803527098,1.9771697495336005,0.8631608679944729,0.4987110086910437,0.9154169909234229,0.9279643126891385,3.954339499067202,0.4861722538875172,0.06524041698259356,468.9415782477115,0.8505114906930318,0.07924541405566514,4.0066500047243805,30.94977845133594,122.86052126480875,8.407380759155458,0.28245696276700705,2.105570809846154,210.28279916152857,0.4555066386074441,0.25275862068965516,10.571598583588855,0.1848305549296338,0.7510394612373186,0.05500906401311109,52.13846153846154,0.8021301775147929,0.10745562130177516,4.046153846153846,2227.8615384615387,8826.2,596.0717948717949,0.2897435897435897,28.384615384615383,0.4366863905325444,0.005250288058552398,0.019990575147605723,0.0027036778247506057,2.309889095432377,0.029885057471264367,1108.186982248521,2.009311268850607,824.456551724138,0.37906048355132776,3.3530761791518033,1907.136091954023,0.06443672876205575,3.9857471264367814,52.04459770114943,206.8648275862069,14.431238825031928,0.27859514687100895,0.026634748394887966,0.10719802723984444,0.00754883738380173,1.899801936619718,0.07198542419272898,0.039772039105907916,0.00027683927912586914,0.15656238468161876
1,1360,22,1.0961121167420427,1.6085512159498376,4256.521031654779,0.41022798411380923,0.23678499772333805,7.840805244521848,1.8064346683101429,0.17128879228411945,1.3784016216676789,1.4329687914172369,0.16664878238883668,1.6397858859213061,0.10294524637135985,1.3989357254639,-1.8135212489771793,170.2608412661912,0.8489485004624124,0.05703013336312179,3.7604046090224577,0.851010964325194,-0.4610707493025668,0.27830531393095,0.01001081481330568,0.9304560630093894,0.01001081481330568,0.0805102097074771,0.009906083796846578,0.9949945925933472,0.9949945925933472,0.9979978370373388,0.9966630617288981,-0.8196244315714103,0.6906562853185643,0.01001081481330568,1.9218033388097036,0.8459358518310255,0.4670913471674837,0.9304560630093764,0.9167979314030508,3.843606677619407,0.45708053235417834,0.07207903218606393,435.9083936299258,0.8065293464201777,0.09673532678991112,3.674306172184923,33.868111628902334,131.02288311581844,9.579418757173308,0.3314234569537693,2.160767209408092,205.28934015511732,0.45186945319178407,0.247816091954023,12.375536880778581,0.17517132226843748,0.6158223115127892,0.06500857495734959,46.61290322580645,0.7518210197710719,0.1240894901144641,3.564516129032258,2591.7258064516127,10179.112903225807,694.8790322580645,0.3588709677419355,26.93548387096774,0.4344432882414152,0.0036415977498345845,0.012315208371269192,0.0014731950944759334,2.4095384957687016,0.028505747126436783,1361.074141519251,1.9866301477250035,834.3931034482758,0.38362901307966707,3.2861315365305854,1846.462988505747,0.07552574976879377,3.753103448275862,52.53103448275862,199.08,15.893793103448276,0.3117241379310345,0.02594559343533071,0.09558844449657257,0.008534880670020244,3.1526204213655036,0.09046712230669673,0.010164358127449683,0.0007601767993970162,0.09135896459840122
1,1361,11,1.462354891951607,2.1869090961693645,1993.7762183326263,0.9942110041229733,0.3558985944375279,3.2451236020845418,2.33496888277341,0.21772276437375387,1.9296873562385324,2.020184389392161,1.1300695546915698,1.20489932808184,0.14763409253679827,1.948760885101156,-1.098821056070271,79.75104873330507,0.5040072562358276,0.07397569447338462,2.6227657929641746,0.9396515347645777,-0.1868848929908554,0.9104220891625637,0.07773145671503032,0.8425578785362284,0.07773145671503032,0.3890736213675031,0.07123416534691628,0.9611342716424849,0.9611342716424849,0.9844537086569939,0.9740895144283233,-0.6081886054214614,0.8342884582203045,0.07773145671503032,1.5538771737738966,0.4346890617142867,1.3797333398414544,0.8425578785362289,0.5150114454163814,3.107754347547793,1.3020018831264242,0.2470383864693985,83.1299728692143,0.5018816542584013,0.24905917287079937,2.548318093646742,14.718241198394413,39.85247666889745,8.434682330768652,0.6129204765883145,3.0599246748431237,47.17587626391109,0.3083040938422529,0.3157142857142857,2.5824854680190192,0.26982014036064234,0.6414701602825329,0.17690763538016974,12.083333333333334,0.5034722222222222,0.24826388888888884,2.375,793.4583333333334,2168.2083333333335,449.7708333333333,0.65625,2.25,0.09375,0.06334190507563942,0.07461617089799133,0.060523338620051444,4.188721875540861,0.045714285714285714,314.94270833333326,3.167482747206281,147.71238095238095,0.28135691609977326,3.5560054421768705,264.6038095238095,0.24799637188208618,2.6342857142857143,45.47238095238095,122.37523809523809,26.246666666666666,0.5914285714285714,0.0346340370010438,0.08408342781557067,0.022271689297412082,15.306243743743739,0.05150109337638717,0.07396976568405138,0.018414714724831725,0.051303976058144525
1,1361,14,1.7204723866134821,2.0949887344308546,5873.026615171209,0.9582659260099676,0.21167594880083884,4.214827245237556,2.303470953378756,0.12788416258415877,1.9240483633318466,1.9561682769349673,1.2452116493842693,1.0582593039944865,0.08591496084912949,1.931037489902848,-1.049908335898176,234.92106460684843,0.5286478206097254,0.026943682970334053,2.1169302617826125,0.9964186261945304,0.3825774070518736,0.870379137942471,0.0767683799744198,0.8379827176004425,0.0767683799744198,0.38793217944471947,0.0706164215252244,0.9616158100127901,0.9616158100127901,0.9846463240051161,0.9744105400085268,-0.6000374710452964,0.8258769820258711,0.0767683799744198,1.3851048172566074,0.45580981951633015,1.3462194724526788,0.8379827176004429,0.5765109927561827,2.770209634513215,1.2694510924782592,0.2367868794792227,236.19271677580693,0.5226682622848103,0.23866586885759483,2.1825000294713695,22.667117548932044,44.29978566064618,17.258950521003506,0.7043749926321576,3.21578676247107,118.67439867353679,0.28197728828346313,0.2865079365079365,7.390095709950453,0.25479341369298664,0.5811918041153896,0.1731938160873859,27.945454545454545,0.508099173553719,0.24595041322314048,2.309090909090909,1799.2181818181818,3252.690909090909,1435.85,0.6727272727272727,4.418181818181818,0.0803305785123967,0.07153792871019671,0.16510592682459937,0.048145929181596034,4.798564298888098,0.03492063492063492,979.1768595041324,3.1204730037525783,454.0628571428571,0.2882938775510204,3.5794608213655836,832.6203174603174,0.23567608969513731,2.140952380952381,48.575873015873015,103.09206349206349,34.946825396825396,0.7147619047619047,0.03241968259967126,0.07145310051710278,0.022661328120313382,206.74246031746043,0.017158049158601942,0.07400848768431538,0.01743593347185968,0.017164049489676023
1,1361,16,1.7295919903878023,2.1156841599540046,3325.2655338450572,0.9043814577244933,0.2409333817087278,2.9643315011369595,2.394851326262245,0.13328994176983341,1.9153797471748342,1.913919670517813,1.398881324055081,0.9959700022071638,0.09815800351315951,1.9221705132610019,-0.023650161246038758,133.01062135380232,0.5648000000000001,0.026059906162531492,1.92377747698065,1.0905671640064265,0.555976825211417,0.8020128781890045,0.06706593974241352,0.845631623837804,0.06706593974241352,0.3523416896941117,0.062351276697603195,0.9664670301287932,0.9664670301287932,0.9865868120515173,0.9776446867525289,-0.6180745611973687,0.8186598672222317,0.06706593974241352,1.3191034822839525,0.5031093143366878,1.2483669290640989,0.8456316238378041,0.647363547844841,2.638206964567905,1.1813009893216857,0.21726970448285451,156.78294423218802,0.5451677495772244,0.22741612521138782,2.0504215368638317,14.09678950293816,27.25705116368013,10.806724087752668,0.7373946157840421,2.8827115226901148,88.21239245036766,0.33421451591956997,0.31916666666666665,2.0610356621109234,0.2682809346309434,0.6142831407921582,0.1817803830906397,22.19047619047619,0.528344671201814,0.23582766439909297,2.142857142857143,572.9047619047619,1117.3333333333333,436.79761904761904,0.7142857142857143,8.238095238095237,0.1961451247165533,0.036156184596768046,0.12203745936688645,0.014685865904238446,3.7539187581803386,0.04666666666666667,113.72108843537416,2.9746341116590487,272.0511111111111,0.302279012345679,3.5116,508.32,0.21760000000000002,1.96,45.07111111111111,85.72444444444444,34.90777777777778,0.76,0.0341421147574256,0.0732845320329778,0.024356510438537555,346.8541666666663,0.03603820049252208,0.06166296296296295,0.01355567407407407,0.035671819262782414
1,1361,16,1.5735561705093009,2.0786429376386195,3407.2663735718897,0.7967364209188974,0.23596218260992097,5.217299389096264,2.3575012887117266,0.16604402991212183,1.8081281415415074,1.8222893087675038,0.9489115254165212,1.4085897632952054,0.10040453674926278,1.8232285418125431,-1.1084258058270329,136.29065494287562,0.6607695419393218,0.05483493944554616,4.983841037895392,1.4609304663273706,0.6900453623272994,0.6603669829006629,0.025645607380963397,0.9254118788166152,0.025645607380963397,0.17018576641004857,0.02492122726133714,0.9871771963095184,0.9871771963095184,0.9974354392619036,0.9935885981547592,-0.7886493260362453,0.8420182196327449,0.025645607380963397,2.196624520759125,0.6414358359291823,0.9510315390070225,0.9383186299020962,0.777011437760146,4.393249041518251,0.92538593162606,0.17150314757040658,180.72577571434346,0.623833334258501,0.2003547455649945,5.071024282358906,18.15362510289001,88.74811654513066,4.128132601419113,0.23232526574152987,2.6682273118766475,100.56320634333176,0.4001696929225911,0.2817073170731707,2.571479257550446,0.22028697020270707,1.11638227651024,0.05552768578615679,23.476190476190474,0.5589569160997733,0.24092970521541945,5.357142857142857,847.2142857142857,3956.5476190476193,197.05026455026456,0.2281746031746032,9.238095238095237,0.2199546485260771,0.10631650611121737,0.6683935387655654,0.020073600336356426,3.551246058857139,0.04097560975609756,251.62188208616777,2.6107988337839654,349.96390243902437,0.34142819750148723,3.5239500297442,677.2887804878048,0.1744352171326591,5.005853658536585,49.03707317073171,243.55609756097562,11.029539295392954,0.2272628726287263,0.03238983954918914,0.1677662122301495,0.0074123101478873205,2.1660679031587704,0.07375431657631261,0.09397640467078598,0.0015874077483237657,0.18875346823748163
1,1361,16,1.5808356765633118,2.00909810581043,4598.894788770724,0.48111233298966716,0.19483325897329795,4.0811065677203535,2.3981313299033817,0.131422549536387,1.7878123748907322,1.7843729854533272,1.3128195168929353,1.0853118130104464,0.08248430821652615,1.7964672523068808,0.5316757124565279,183.955791550829,0.8138543551862112,0.03102150079859423,1.268654928190624,0.8758749104319958,0.48534387603419604,0.3132671549359496,0.02810738531569374,0.8338625835918898,0.02810738531569374,0.1830465866626862,0.027251394332179005,0.9859463073421532,0.9859463073421532,0.9943785229368612,0.9906308715614355,-0.6434917602767589,0.6612431543223738,0.02810738531569374,1.0942362069494904,0.8020613355419992,0.6101143625496012,0.8338625835918824,0.8917101003926629,2.188472413898981,0.5820069772339077,0.08534363506291082,260.30110714058617,0.7207710415667928,0.13961447921660358,1.5042381657433201,37.2081040609785,42.38378377672288,35.9141841320424,0.8739404585641699,2.457387926354662,117.25951066609551,0.3723359244871059,0.25228070175438594,16.216761613495024,0.21630039468586004,0.44868530089315667,0.15820416813403593,26.951219512195124,0.6573468173706127,0.17132659131469363,1.6585365853658536,3364.560975609756,3599.878048780488,3305.731707317073,0.8353658536585366,12.463414634146341,0.3039857227840571,0.011135017849523362,0.019306202721151695,0.00909222163161628,3.1517334217461936,0.028771929824561403,2156.574657941702,2.090763851201884,533.3171929824562,0.3742576792859341,3.533702185287781,1159.742456140351,0.09307282240689443,1.311578947368421,52.27859649122807,64.12280701754386,49.31754385964912,0.9221052631578948,0.02786662865276065,0.04360013735838715,0.02393325147635402,14.143471797485558,0.051352292038983297,0.02733098594439315,0.002767147538693868,0.04720692368214004
1,1361,18,1.4821061911445648,2.072050009750709,4551.620900535674,0.729013700910615,0.2891965276106201,3.1889559262706024,2.2145166188191587,0.17770360745503985,1.7884973174386707,1.8019084459314558,1.1073507546145969,1.1071658642045619,0.12088969959557999,1.8030967212262656,-0.6006076368419306,182.064836021427,0.6757397959183673,0.05243513161158825,1.6087484736799111,1.2365882124570027,0.7140644139363412,0.6276743409045988,0.03170797127782935,0.9038527009665589,0.03170797127782935,0.2017935292523882,0.030659155094555298,0.9841460143610853,0.9841460143610853,0.9936584057444341,0.9894306762407235,-0.7400566707230265,0.8147170580773522,0.03170797127782935,1.208200819772942,0.6396496888142306,0.9298633366430016,0.9038527009665582,0.7759451945881435,2.416401639545884,0.8981553653651726,0.16484557804560704,262.62663433715574,0.6603312032287493,0.16983439838562533,1.651276658450327,17.86957602495862,28.44594333107086,15.225484198430559,0.8371808353874183,2.560454153637943,137.48191735433858,0.3984695394020523,0.2835714285714286,2.3083393479474075,0.22151029461253108,0.37929813830830633,0.18206333368858726,36.035714285714285,0.6434948979591837,0.17825255102040816,1.6964285714285714,792.3214285714286,1221.0535714285713,685.1383928571429,0.8258928571428571,15.821428571428571,0.2825255102040816,0.042584079222704845,0.04679474588253897,0.0415314125577463,3.070610918430843,0.04,167.32142857142858,2.563872679093927,472.3885714285714,0.3374204081632653,3.5235836734693877,946.0357142857143,0.16213010204081635,1.6107142857142858,48.83571428571429,77.535,41.660892857142855,0.8473214285714286,0.030783077443940536,0.04981605174477199,0.02602483386873268,29.029636304062905,0.0442445663552805,0.03228806486880465,0.005033064315649728,0.046018571780754386
1,1361,18,1.3682067943001233,1.7555436169696568,2433.3445371758235,0.08917731332344085,0.21310526001874663,3.180857612764531,2.0385102559587467,0.12683740299358445,1.5716224275268342,1.5670834128732718,1.2255796546691313,0.8129306012896154,0.08715104632880243,1.5797904882758975,0.4435334084057115,97.33378148703295,0.9776904667981592,0.02574093214165898,1.0283426304386367,0.10419605389057028,0.057233165611026246,0.03408801764825483,0.009626241531741962,0.5534667225157939,0.009626241531741962,0.07806201484912322,0.009530260450191955,0.9951868792341291,0.9951868792341291,0.9980747516936517,0.9967912528227527,-0.37427455348149424,0.25011755135438174,0.009626241531741962,1.0110519170681693,0.9686126099598096,0.14198110305686104,0.553466722515298,0.9841349621659599,2.0221038341363387,0.1323548615251194,0.010928564794999197,257.079750340874,0.9513804046545636,0.02430979767271814,1.0749149842423915,18.336731510189125,18.63661718863733,18.261760090577077,0.9812712539394022,1.5736350527798122,114.02404617424567,0.5079654746241438,0.27666666666666667,1.7166107754026556,0.1932928730257642,0.23838061275515757,0.1820209380934159,33.21621621621622,0.8977355734112491,0.051132213294375464,1.162162162162162,783.0,788.918918918919,781.5202702702703,0.9594594594594594,23.27027027027027,0.6289262235208181,0.004871957687190464,0.015147858588091366,0.00230298246196524,1.185630423501932,0.03794871794871795,88.60628195763331,1.6514933330973474,365.0471794871795,0.3744073635765943,3.3657709401709406,953.2482051282051,0.011154766600920449,1.0338461538461539,49.424615384615386,50.129230769230766,49.24846153846154,0.9915384615384616,0.028182793573269763,0.03126951954571002,0.027411112080159696,2.3516012031139417,0.22006959465813977,0.00932106070567609,0.0001063039723079171,0.21524663677130043
1,1361,18,1.355118463485608,1.9918323147450454,5387.334277652657,0.5227098520737734,0.36003228100650286,2.92984790402161,2.319010979068093,0.20709031736196268,1.664192444419449,1.6460063447466706,0.9075420366823536,1.4114689423857394,0.14703444191157297,1.6838762108603464,-0.1217047059015921,215.4933711061063,0.8125279778393351,0.06590260143861801,4.422512603025817,1.0570483969804942,0.4416699901095458,0.34839241735989857,0.030876866552066402,0.8371633125243818,0.030876866552066402,0.1979616345705236,0.02989063980061084,0.9845615667239669,0.9845615667239669,0.9969123133447935,0.9922807833619836,-0.6460539993362305,0.6980240902662451,0.030876866552066402,2.0840181468401817,0.7860688762625277,0.7021080645692414,0.8589205917043793,0.882683117782844,4.168036293680363,0.6712311980171757,0.09481732097799123,351.1691193281357,0.7402188389996098,0.13694440842299377,4.611854890959512,79.78452110544134,327.08327516009484,19.788215886073967,0.24468509442857744,2.4775533819398015,161.30062319874625,0.3930991408658753,0.24802631578947368,58.29615746405813,0.19852462299532622,0.9585513314404197,0.05021473278557395,31.653846153846153,0.6087278106508875,0.22004437869822485,4.9423076923076925,7752.346153846154,31364.134615384617,1929.9759615384614,0.24946581196581194,12.26923076923077,0.2359467455621302,0.02510910532526294,0.11242770444284877,0.006428515617262969,3.5369141722786925,0.02736842105263158,6417.286982248521,2.2412262112592716,686.2926315789474,0.361206648199446,3.370277008310249,1543.8031578947368,0.09614265927977839,4.451052631578947,52.59157894736842,230.27736842105264,12.748494152046785,0.2430847953216374,0.026957431608120835,0.12348204630292664,0.006598227557890169,4.065384095378564,0.03446611459408668,0.10394136879751223,0.0009607237955808265,0.08114888538097256
1,1361,20,1.0954635029126254,1.9087735333021814,5212.235619652722,0.642009620251229,0.38444870448105894,3.3055205088999413,2.2550213419728196,0.246682873620753,1.534107297934944,1.5637711632539921,0.4517609958468464,1.803260346125973,0.16739000370786927,1.5661471074549531,-0.582305885111845,208.4894247861089,0.7846951418685121,0.09933156061226082,4.090838259434032,1.6260221909557864,-0.020762681047890974,0.43098243197940433,0.03243436062980281,0.8598153510734194,0.03243436062980281,0.20536760994367953,0.031336099072347606,0.9837828196850986,0.9837828196850986,0.9967565639370197,0.9918914098425494,-0.6851821766984633,0.7607905986690512,0.03243436062980281,1.9977971951224849,0.7585465380883464,0.8323114568393977,0.8691946073811467,0.8679161604261052,3.9955943902449698,0.7998770962095956,0.11585419815230176,425.76259173308256,0.7208717682851686,0.15835841972641218,4.163624170526742,19.528300685107354,79.50615928399984,5.438612450046561,0.2978509899447065,2.651648811904381,190.2235412762319,0.3689363750424694,0.27694117647058825,3.1774126271349528,0.2261943352143782,0.9598354543711383,0.07335960732563045,48.407407407407405,0.5976223136716964,0.24691358024691357,4.246913580246914,961.5185185185185,3888.283950617284,259.8820301783265,0.32544581618655694,15.395061728395062,0.1900624904740131,0.05888528944045294,0.22084687038944412,0.03405160818174853,3.8432294118116572,0.03811764705882353,273.26596555403137,2.4492413104168076,729.5995294117647,0.34334095501730105,3.5864882491349483,1667.4771764705883,0.1181121107266436,4.108705882352941,49.615529411764705,202.31388235294116,13.98473202614379,0.2871372549019608,0.031046244942421416,0.12836599469417398,0.00982168068256109,4.978947974217311,0.029474930127077408,0.09833698694523847,0.0013103496519438224,0.06657767242634063
1,1361,20,1.274428542701319,1.6855910491700232,4078.528161840769,0.17738945318599675,0.21950180184705537,4.475386591107876,1.8606282305031716,0.13551448434767752,1.4950375850549416,1.5167178388772689,0.8258409261032865,1.034787304399885,0.09226035836609815,1.505273722218131,-0.950133268436652,163.14112647363078,0.948088888888889,0.030711598073515263,3.921647025795708,0.36628766172191957,-0.1883738789192189,0.09990364255025358,0.0011258564275613665,0.9777322851592694,0.0011258564275613665,0.012547478549862968,0.001124429995988967,0.9994370717862193,0.9994370717862193,0.9997748287144876,0.9996247145241461,-0.9385188689853482,0.5272127922557951,0.0011258564275613665,1.9740699846698293,0.9483608205151035,0.1842208041831751,0.9777322851591204,0.9735070564560487,3.9481399693396586,0.18309494775561402,0.025257374744453737,426.0877901325294,0.9406189459100922,0.029690527044953875,3.9081017664380453,27.67979337785765,109.21384068605603,7.296281550808051,0.2729745583904887,1.631045487528474,192.57926355878072,0.5162981314071835,0.25152777777777774,6.957839833898704,0.16412848930025695,0.6397572277120789,0.045221304697301505,52.142857142857146,0.9311224489795918,0.034438775510204085,3.892857142857143,1694.7857142857142,6717.321428571428,439.1517857142857,0.2767857142857143,36.92857142857143,0.6594387755102041,0.005833409191496385,0.023146653239115432,0.0015050981795916225,1.2051269537653158,0.03111111111111111,661.6224489795918,1.6559163001335009,708.2377777777778,0.39346543209876544,3.260961728395062,1706.56,0.025955555555555558,3.92,52.09,204.49666666666667,13.988333333333333,0.27,0.025963869555023653,0.10159398261876766,0.007056341289087651,0.3785300925925926,0.6879682005809509,0.0016150617283950618,3.52082304526749e-05,0.8191126279863482
1,1361,20,1.1934598086183663,1.951490237768554,4802.26538538089,0.45289216512036895,0.404598762668434,2.432540391257037,2.2621050501452515,0.23044953025179452,1.5647525353913119,1.5675189492323243,0.9057923300951105,1.356312720050141,0.1663029266810778,1.5898138562639619,0.12687786347967614,192.09061541523562,0.8446293628808863,0.07905760055534991,4.363006719779656,0.970586062505155,0.42326666850729633,0.3022895518305904,0.013596380841814295,0.9138423424686316,0.013596380841814295,0.10355149094459846,0.013407295140588115,0.9932018095790928,0.9932018095790928,0.9986403619158186,0.9966009047895463,-0.7888518519184622,0.7121392313939239,0.013596380841814295,2.0714322657886513,0.8319233020690813,0.5433901451558896,0.9343022086136018,0.9091259625331339,4.1428645315773025,0.5297937643140758,0.07897148316810118,427.54111151375236,0.8162397725304886,0.09589953107016183,4.378062380539686,18.866199197958945,82.38624327666933,4.57572739743392,0.2499660631134311,2.1303211495487617,204.8673783975987,0.46416762651256827,0.275,2.1623398269155807,0.19755962521825693,0.8748279134092397,0.05366836719375225,53.91428571428571,0.7702040816326531,0.12346938775510205,4.414285714285715,971.7142857142857,4241.942857142857,234.47460317460317,0.25753968253968257,27.97142857142857,0.3995918367346939,0.03027026202555963,0.20057647258902078,0.007806449217735901,2.400984889707912,0.03684210526315789,234.9795918367347,2.1218892496679946,688.2042105263158,0.36221274238227147,3.3968421052631586,1604.7957894736842,0.07938393351800554,4.362105263157895,49.636842105263156,216.1863157894737,12.032222222222222,0.24485380116959066,0.028903565129755605,0.12851612239925211,0.007356711883231742,1.6844044527793807,0.08136144823377855,0.0451731554947921,0.0003744043414167922,0.1675857343296244
1,1361,20,1.4015374603019075,1.9831485610234962,3048.9807394557747,0.4252446124863712,0.30625594266847544,3.005958939032543,2.4089633730358444,0.1840949937444333,1.689427211023356,1.7204202545033969,1.1887230687574257,1.2202403042784187,0.13537677334810858,1.7040514019342465,0.2988444208933642,121.95922957823102,0.8416888888888889,0.049626879087916756,1.2439508973449378,0.8252318707650848,0.45443894021811654,0.28723399117217363,0.02604679710931505,0.8334715525184121,0.02604679710931505,0.17332830010573705,0.02534044994050767,0.9869766014453425,0.9869766014453425,0.994790640578137,0.991317734296895,-0.643391601218426,0.6463543246968201,0.02604679710931505,1.0856580986331985,0.818019155918748,0.5720909794297865,0.8334715525184028,0.901318502812144,2.171316197266397,0.5460441823204717,0.07832019707037216,224.59878689674088,0.7872296185571734,0.10638519072141334,1.3638120396277111,27.371773893617757,31.1088017753139,26.43751692319372,0.9090469900930722,2.2390723223616393,102.37042562920004,0.4165691730388471,0.2704761904761905,10.122785785053917,0.21935527456400958,0.34133037582903586,0.18886149924775297,25.64864864864865,0.6932067202337473,0.15339663988312635,1.5675675675675675,1923.3513513513512,2056.2432432432433,1890.1283783783783,0.8581081081081081,9.64864864864865,0.26077428780131484,0.027106737894437925,0.05838337984250845,0.0192875774074203,3.0948113168878835,0.035238095238095235,1118.0189919649379,2.1778864161609603,368.4209523809524,0.3508770975056689,3.5293569160997738,883.7733333333333,0.07915555555555555,1.26,50.26285714285714,60.705714285714286,47.652142857142856,0.935,0.02907637479153919,0.03978374440605166,0.026399532387911075,10.304917417417418,0.06556827661070293,0.02905005291005291,0.0021805470899470903,0.06914433880726015
0,1276,11,1.276024438772985,2.007593687905506,2012.1589383680985,0.5753575533207174,0.30614000020430243,3.3951791640336055,2.151982718997968,0.2111992114989741,1.7390077202000471,1.8270875099933117,0.9579210150190588,1.1940617039789094,0.14133255867566455,1.7594400063517144,-1.0925088959492724,80.48635753472395,0.7784,0.07148128503555638,4.626738113520968,1.0058070203169556,0.5457003785173273,0.4148821227801095,0.060828478214941584,0.7446566118702901,0.060828478214941584,0.32805306487685415,0.056921166596755134,0.9695857608925291,0.9695857608925291,0.9939171521785058,0.9847928804462647,-0.4970062708656487,0.664101402867338,0.060828478214941584,2.130301921326768,0.7078524935043031,0.8910715360931997,0.7574085572384002,0.8336410935711616,4.260603842653536,0.8302430578782587,0.11892765024876278,145.88834009284466,0.7301503649404075,0.14105137659069145,4.675229987769756,15.0009999473968,68.42496796465065,3.52928608104692,0.24092751443300325,2.3979594465604177,66.91731337041858,0.3760391530246534,0.30653846153846154,1.8972694759574695,0.2412828551840663,1.1434143275733613,0.06423532034643031,15.0,0.5769230769230769,0.25591715976331364,4.730769230769231,877.2307692307693,3857.3846153846152,209.75641025641028,0.280982905982906,3.923076923076923,0.15088757396449703,0.05140829042756035,0.07043809533108371,0.048658773168704296,3.526234909949517,0.04,252.23076923076923,2.497024043558433,204.19692307692307,0.3141491124260355,3.380033136094675,505.96,0.1124828402366864,4.593846153846154,46.252307692307696,209.60615384615386,10.889059829059828,0.23658119658119658,0.031967043868829585,0.14234156055584626,0.009128184031209822,2.4945748224267636,0.05749458197806004,0.19972297325401564,0.0020523654738423967,0.13369743984392493
0,1276,15,1.287746657749197,2.020692415004641,2751.9280008594496,0.7502072225597172,0.5019997462748675,2.369589016522439,2.1890781465608997,0.261799669363748,1.6105234342866486,1.549563233016479,0.7778079442672258,1.4112702022936738,0.20849317455419167,1.6385383137774157,-0.11601576308513295,110.07712003437801,0.7229706127305174,0.09102207333007513,4.531407491142094,1.9224788484398787,0.38593899501040574,0.5687880519656856,0.025062469981803184,0.9155952282800854,0.025062469981803184,0.16824036842275192,0.024410067949227187,0.9874687650090984,0.9874687650090984,0.9974937530018196,0.9937343825045493,-0.7788492895926405,0.8271797589231353,0.025062469981803184,2.0965389451322483,0.7030793774157993,0.9048404237344567,0.9385924155411502,0.8296858194050956,4.1930778902644965,0.8797779537526542,0.1484626304868722,180.42554833410423,0.6762277403615768,0.1805414628927859,4.638200888371425,32.361387940796504,139.09572369575272,8.177458214157234,0.25949416280784204,2.588783137837427,94.7934073111214,0.4170599888340442,0.25926829268292684,13.34261643797725,0.18780032856867732,0.8854050369120814,0.049388697647153805,17.466666666666665,0.5822222222222222,0.24888888888888888,4.8,2730.3,11361.133333333333,685.6657407407407,0.2722222222222222,6.4,0.21333333333333335,0.036111889395513,0.14548242460242408,0.009382003820534581,3.479936085369388,0.02926829268292683,1562.938888888889,2.480428251123718,366.3560975609756,0.3574205829863177,3.2647462224866155,741.0448780487804,0.1508587745389649,4.5424390243902435,51.23219512195122,230.1560975609756,13.056233062330623,0.25639566395663954,0.027366788494982454,0.1254355330027223,0.0070700822592913515,1.8032144266824557,0.08413696677342256,0.07892982526876355,0.0011815226515382348,0.20595155709342558
0,1276,17,1.8080479149117508,2.1868315315220195,3088.4814677334025,0.9998546747457433,0.1950799513343351,3.1415191088832928,2.282444257962737,0.11918131329842925,1.9906038794159262,2.003606953332242,1.555008867296153,0.7274353906665838,0.08074931364269591,1.996280886478784,-0.40525438014600046,123.53925870933612,0.5001007284079084,0.022633572974783925,2.5710469872642525,0.9671965504347552,-0.1132989429947604,0.9562307107194036,0.03976267836115351,0.9201413581790605,0.03976267836115351,0.24015261094427792,0.03812768127710869,0.9801186608194232,0.9801186608194232,0.9920474643277692,0.9867457738796155,-0.7592547603533522,0.8828391190743003,0.03976267836115351,1.5303094421482766,0.46387562418261274,1.2371347873159515,0.920141358179061,0.5104281029676996,3.060618884296553,1.1973721089547984,0.24899834727013928,106.67604333570313,0.5095021645001401,0.24524891774992993,2.3170260776294462,30.87739186352026,97.23529824112128,14.287915269120006,0.6707434805926384,2.86109923996735,68.24808399272017,0.36696252985220223,0.2709677419354839,13.30939656462445,0.2386901459332426,0.493770795807301,0.17491998346472803,15.344827586206897,0.5291319857312723,0.23543400713436385,2.1379310344827585,1902.3793103448277,6457.310344827586,763.6465517241379,0.7155172413793104,5.275862068965517,0.18192627824019025,0.019862983349012684,0.03464921482785973,0.016166425479300927,3.633505994978362,0.03741935483870968,1188.1997621878716,2.8696331332427754,261.4516129032258,0.33735691987513006,3.698314255983351,387.578064516129,0.2499496357960458,2.5212903225806453,50.37806451612903,132.35354838709677,29.884193548387096,0.6196774193548387,0.030019249181153944,0.07020810210583636,0.01997203594998334,15.856146864686467,0.060491267142444585,0.04266144987859868,0.010675268315934341,0.06042296072507554
0,1276,17,1.147015825547443,2.2716653349973615,2532.159239547807,1.0056986629156857,0.6354563217817506,2.1005486508676494,2.44000064579038,0.340243678297991,1.7321653233435992,1.8368713700624049,0.8435963846450529,1.5964042611453269,0.25760658720565066,1.7791006293728184,-0.31396067477564693,101.2863695819123,0.580840625,0.1648023420407226,5.074024150978455,2.4574916406946423,0.4206437523624033,0.8836998147262358,0.04557539621350964,0.9018533403887694,0.04557539621350964,0.26414206220006764,0.04329036453984421,0.9772123018932451,0.9772123018932451,0.995442460378649,0.9886061509466225,-0.7271161557841513,0.8736900888210417,0.04557539621350964,2.2055592165305775,0.5451920650102708,1.2698841664959883,0.9094080108907009,0.702637318930344,4.411118433061155,1.2243087702824793,0.23231880273493635,130.71662228296515,0.5436423825470209,0.26645322929237836,5.187707190650877,15.926653201912455,80.348247015494,3.805457180294326,0.2489506729981592,2.9091833770171887,78.90506214809838,0.3689014116271351,0.2996875,2.1422702577107824,0.24056041021411145,1.3017919404798495,0.06346162017979098,18.085714285714285,0.516734693877551,0.29061224489795917,5.257142857142857,661.2571428571429,3257.114285714286,157.15,0.25317460317460316,8.257142857142858,0.23591836734693877,0.020865363567734895,0.12565359064930046,0.004389575198884016,3.574475137470373,0.04375,138.80816326530612,2.915561911662324,258.59,0.3232375,3.54949375,464.6725,0.2351734375,5.11375,47.1425,239.05125,11.250034722222221,0.2423958333333333,0.031060841836734694,0.16336102351820359,0.007640972555753268,2.741185612788633,0.06479674072394158,0.14209863982596477,0.0034296126302083333,0.16207142857142853
0,1276,19,1.509909159855707,2.176447219867487,5622.6245531079385,0.9371972045203301,0.35058768615458913,2.844643703475879,2.3841408750869544,0.19922330785794426,1.888186643848603,1.9180774894618065,1.1943291376782628,1.1898117374086916,0.13691386995825772,1.9045996197843107,-0.5203966615586473,224.90498212431757,0.5428961498439127,0.06225090967428962,2.0275554599078065,1.1129362803796372,0.5246497852492378,0.8762716680098643,0.03037711707427264,0.9330709822063636,0.03037711707427264,0.19512991054840534,0.029410738858789986,0.9848114414628637,0.9848114414628637,0.9939245765851455,0.9898742943085759,-0.7930410036492841,0.8782111891238684,0.03037711707427264,1.3475813394816476,0.5172648685991416,1.124489679497341,0.933070982206364,0.6372301019812161,2.695162678963295,1.0941125624230685,0.22666219627103423,209.71249340621472,0.5287019024272986,0.23564904878635068,2.1719837000460567,35.05065961065972,57.62864626295091,29.406162947586925,0.7070040749884858,2.870207272498112,130.05195858178598,0.3767758694532173,0.2553225806451613,14.846711749265753,0.19475890568246895,0.44499397033248306,0.1322001395199654,21.047619047619047,0.5011337868480725,0.24943310657596374,2.4285714285714284,3475.1428571428573,5022.857142857143,3088.214285714286,0.6428571428571429,8.761904761904763,0.20861678004535147,0.006312794166527295,0.019478426069909644,0.0030213861906817083,3.773884840611203,0.027096774193548386,2113.1814058956916,2.720228121180801,550.4903225806452,0.3551550468262227,3.284638501560874,841.4890322580645,0.22855192507804373,2.0606451612903225,51.69032258064516,104.01806451612903,38.608387096774194,0.7348387096774194,0.026502375872690772,0.05688501156137485,0.018906716950519754,180.8342831813576,0.0455924656874675,0.028301223923492397,0.006451589018735285,0.045710554240470165
0,1276,19,0.9206917098420768,2.1482779763357756,2923.033298509773,1.2955389522372296,0.6916089839068174,2.1926327575922673,2.5956222901527757,0.3778097813230972,1.5274764912721754,1.4995958532352267,0.5675245777728821,2.0280977123798936,0.2848954397944573,1.5942923463595602,0.1434637417709779,116.92133194039094,0.47780113421550086,0.20858365427151604,4.171187319353285,5.36959789523371,0.031194301953190284,1.3844140739182997,0.04864403266287076,0.9321391492946625,0.04864403266287076,0.27819103840109816,0.04612725899022775,0.9756779836685646,0.9756779836685646,0.995135596733713,0.9878389918342823,-0.7704602096653766,0.9294767309857616,0.04864403266287076,1.9588520675152616,0.4368546471381519,1.5974348110646281,0.9365657124739798,0.6155769180448899,3.917704135030523,1.5487907784017583,0.3582645266452926,140.7420675362536,0.47211378135259086,0.3589139280140067,4.574383820314052,39.01884046186372,143.75324531196625,16.250942863362116,0.3390936923398164,3.3590066488270343,83.07542502716922,0.3030848041034194,0.2597826086956522,18.407631980656927,0.2116788035343165,1.0491971539049918,0.061770409495195334,16.09090909090909,0.48760330578512395,0.3305785123966942,5.090909090909091,3109.090909090909,10962.90909090909,1332.909090909091,0.2803030303030303,5.787878787878788,0.1753902662993572,0.03812470103828967,0.16848390168420382,0.009134321325894349,4.035781618899528,0.028695652173913042,1894.6740128558313,3.1165647563848387,402.3530434782609,0.34987221172022687,3.3730056710775047,549.471304347826,0.35615576559546314,4.28,51.283478260869565,213.03478260869565,19.42342995169082,0.36743961352657006,0.028108866541785793,0.12652081457381664,0.00954229703511392,5.046838739451477,0.045068317691143556,0.1278376170124806,0.005415460252230532,0.11702869772421177
0,1276,23,1.4928339460671134,2.2889762749170854,2845.1512224403064,1.1936876124815865,0.3483543178321451,4.348417167367931,2.5335585115621635,0.2609062845600862,1.949441479164821,2.0238454175130935,0.8869253629071084,1.646633148655055,0.1566812573697134,1.9809963436893991,-1.1718137713819117,113.80604889761227,0.4701393579072533,0.12402443302244254,6.568130559398481,4.038019690689128,-0.9668516864776431,1.2695723435812614,0.0768216393305171,0.8860456431559889,0.0768216393305171,0.38693036057117247,0.07056326299535974,0.9615891803347414,0.9615891803347414,0.9923178360669482,0.9807945901673708,-0.6628239635808267,0.8909486541658682,0.0768216393305171,2.503985134658588,0.40834957164270735,1.6041672064681198,0.9006115276671133,0.5167924659746934,5.007970269317176,1.5273455671376033,0.33659849572794465,108.32857902331587,0.4586271911083779,0.34598237232365425,6.440929976456292,14.049704859792579,94.98084436680927,2.7395778917726146,0.21459351993499864,3.1971410235494604,67.85499089233426,0.30843649697897313,0.32517241379310347,2.3925586798176828,0.2973445139909391,1.8507511378722046,0.06557472808386212,17.210526315789473,0.45290858725761773,0.34418282548476453,6.078947368421052,522.7105263157895,3723.6315789473683,93.53289473684211,0.22733918128654973,4.684210526315789,0.12326869806094183,0.11123256520881955,0.5869744047903243,0.02403845071042784,4.106241250673731,0.05241379310344828,158.70429362880887,3.331594999852318,207.59586206896552,0.28633912009512485,3.8093774078478004,340.8510344827586,0.33273531510107024,6.606896551724138,44.751724137931035,300.64,8.886934865900383,0.20517241379310344,0.03941485716892121,0.24822594503957393,0.008353287034623697,3.736100316637881,0.0418939130552027,0.2546815640775796,0.008480288567250261,0.13575797789619926
0,1276,23,1.625143473261832,2.12299563604797,2539.763365417264,0.7786119313245674,0.22256891409463897,4.207137169162553,2.315135838573031,0.15717162676764093,1.859683225036532,1.853990579381703,1.0379685577537752,1.277167280819256,0.09834093710736173,1.8716628658319205,-0.49765196982993365,101.59053461669059,0.645427824019025,0.044700185851880826,1.6635773025681815,1.1986501508843654,0.689011601112861,0.6592757583678368,0.04695786823906247,0.8669345325344073,0.04695786823906247,0.2715777967135124,0.04464728612463939,0.9765210658804688,0.9765210658804688,0.9906084263521876,0.9843473772536458,-0.6661799296942591,0.8017741997836761,0.04695786823906247,1.229018745562571,0.602235900571911,1.0352852008697124,0.866934532534407,0.7475023203178979,2.458037491125142,0.9883273326306501,0.17655840665172481,132.58336203533915,0.6101458174014709,0.19492709129926458,1.797698586715244,16.057453046333382,25.91684561437372,13.592604904323299,0.800575353321189,2.6901047501577526,71.15150512112146,0.3699872487541005,0.29896551724137926,2.225391020625961,0.24960971156305015,0.4990740803881255,0.1872436193567813,19.0625,0.595703125,0.2021484375,1.84375,712.59375,1351.3125,552.9140625,0.7890625,8.6875,0.271484375,0.019249550013017414,0.06106943259161803,0.008794579368367259,3.1686450333085006,0.044137931034482755,199.2880859375,2.7362331952932486,230.62758620689655,0.31810701545778836,3.63965564803805,467.9351724137931,0.1772860879904875,1.6910344827586208,47.30896551724138,76.99862068965517,39.88655172413793,0.8272413793103448,0.03218059573765649,0.05938549643356703,0.02537937056367886,27.352808779761897,0.05916407285477534,0.04662661910424097,0.008195915470088973,0.05967180507210344
0,1276,25,1.6594278077910385,2.5399038376251193,2872.425860849441,0.9873354752920616,0.4604830020116655,2.4273270129830933,2.6823046065073295,0.2698380289348815,2.0762963975309883,2.0575681794364336,1.234785932280942,1.4475186742263875,0.19647363184865255,2.102169524324606,-0.1471284523709755,114.89703443397767,0.5087526627218935,0.1081099785989805,2.6992733665044866,0.9751636726668094,-0.27092299326521213,0.9149894739102852,0.06145227760944341,0.8740820337336017,0.06145227760944341,0.3293603079525627,0.057374342520615615,0.9692738611952783,0.9692738611952783,0.9877095444781113,0.9795159074635189,-0.6660276751418557,0.852621204181901,0.06145227760944341,1.576666501769736,0.4544047817195201,1.3111461699030835,0.8740820337336019,0.5459403629650144,3.153333003539472,1.2496938922936403,0.2441104378799321,97.62253024453022,0.5018409489158215,0.24907952554208923,2.5906988416988415,16.84466795366795,48.55108011583012,8.918064913127413,0.6023252895752896,3.0739894567974506,53.27637162162162,0.29600914367891057,0.29923076923076924,3.1096913827955093,0.2707032069384131,0.7076383104174389,0.16146943106865674,15.066666666666666,0.5022222222222222,0.24888888888888888,2.6,709.2,2155.0,347.75,0.6,3.6666666666666665,0.12222222222222222,0.05336623725521582,0.19718386604973917,0.017411830056584993,4.186569246460619,0.046153846153846156,239.75555555555556,3.020536673714089,200.5876923076923,0.308596449704142,3.801808284023668,330.6892307692308,0.24562366863905327,2.6984615384615385,47.44307692307692,131.69230769230768,26.380769230769232,0.5753846153846154,0.03444902755974185,0.0937293476364905,0.01962894754055468,14.620025697503669,0.04896427993004386,0.06284015779092701,0.015326287118798358,0.049311690980069864
0,1276,25,1.6729999344502948,2.1175473962898246,1745.0756575049963,0.9587820717573594,0.2719498377282634,2.884723670725857,2.228385927352682,0.1480595200579289,1.908341995243066,1.942841146533734,1.3575460537709483,0.8708398735817338,0.10801317774158907,1.9167272861531979,-0.6115278683623357,69.80302630019986,0.5282969529085872,0.032074318675917056,2.0867753554462416,1.0116214607763054,0.4138315368494383,0.8626527514443395,0.0743482256140484,0.8413341861930952,0.0743482256140484,0.3788617289369215,0.06850805737422545,0.9628258871929758,0.9628258871929758,0.9851303548771904,0.9752172581286506,-0.6069046277803848,0.8263844407921497,0.0743482256140484,1.3746498227510888,0.46299145409658066,1.3291353261033438,0.8413341861930956,0.5881760644418872,2.7492996455021776,1.2547871004892959,0.23425024426459695,76.66496048850576,0.5142860183562383,0.24285699082188084,2.251840876436782,15.24397848818646,32.0595166826309,11.040093939575351,0.6870397808908045,3.055117230550792,38.91268558429119,0.2745238886876156,0.3136842105263158,2.945097363988797,0.281084688625144,0.7153237206763425,0.17252493061234445,12.68,0.5072,0.2464,2.32,531.32,1116.8,384.95,0.67,2.76,0.1104,0.1284322242656253,0.2694412459579757,0.0931799688425377,3.9238561897747197,0.05263157894736842,170.32,3.0885607600193676,137.70736842105262,0.2899102493074792,3.727804986149584,250.94105263157894,0.23585152354570638,2.143157894736842,45.85473684210526,95.25052631578947,33.50578947368421,0.7142105263157895,0.03818075512856215,0.086632845672382,0.026067732492607177,60.02977941176468,0.058181907264164244,0.07236831024930747,0.01727095191718909,0.057498802108289414
0,1276,27,0.8354730994018519,2.1211354391846027,1813.7971763492721,1.4330135323159057,0.5424238002633781,2.7019900597354733,2.414610509845065,0.4004785029030362,1.6291723712733548,1.7763068273837244,0.42288372569156635,1.9917267841534987,0.2810139425543943,1.7035479101448352,-0.9402633129969535,72.5518870539709,0.40767744,0.2478728668383893,4.620564601465532,6.779548674277483,-0.1968994976740941,1.745724877324618,0.07229925219907175,0.9205647196299802,0.07229925219907175,0.3722492824475284,0.06686027301358019,0.963850373900464,0.963850373900464,0.9927700747800927,0.981925186950232,-0.721717250317476,0.9356042728989241,0.07229925219907175,2.0499268413605347,0.34782439376159235,1.8506671934904029,0.933107589625333,0.5068435117775352,4.099853682721069,1.7783679412913314,0.45450603238092246,81.69222419383233,0.420116665066779,0.4237389659221141,4.790101540273762,15.423894749753597,69.46686372785156,5.99457172227672,0.3421505227571504,3.5131910625821394,52.24913502299749,0.2843556300210718,0.31079999999999997,2.923144488191555,0.28366716260948954,1.3778608199118434,0.09230092934311007,13.689655172413794,0.47205707491082044,0.3495838287752675,5.068965517241379,748.3793103448276,3172.0344827586205,335.83716475095787,0.289272030651341,2.310344827586207,0.07966706302021404,0.06090321943434878,0.33352601345789923,0.013028011676334234,4.116264615668015,0.0464,283.9024970273484,3.6432443773101273,170.6992,0.27311872,3.7730150399999998,254.7984,0.443264,4.6704,46.2,212.0752,17.294755555555557,0.3615111111111111,0.03528411186696902,0.1695872847064752,0.011726123589765125,4.852744883040936,0.056488196603025814,0.19656320438914163,0.010494521457777775,0.1504426506476441
0,1276,27,1.5158848291643174,2.008093737702613,998.1224740752225,0.5098891423431202,0.25141333387058284,2.5017724981973295,2.090514252809559,0.14586470556885847,1.815414957663517,1.8691787706489311,1.3717009022129816,0.7188133505965772,0.10609376059064572,1.8240271142677882,-0.7170660935499279,39.92489896300891,0.7990222222222223,0.03134344507564657,1.3023557213930348,0.8296990838771305,0.4724017039186389,0.33396084099248774,0.06002176616915423,0.6913347328368211,0.06002176616915423,0.3189660643752078,0.05587046542010099,0.9699891169154229,0.9699891169154229,0.9879956467661691,0.9799927446102819,-0.45311789107502365,0.5915946362270866,0.06002176616915423,1.110788868159204,0.747138230999078,0.774634149893941,0.691334732836817,0.8592002487562189,2.221577736318408,0.7146123837247871,0.09849565179041049,64.15855348960389,0.7166762844732102,0.14166185776339488,1.5175799383379223,17.85739670102887,22.49269299380881,16.698572627833883,0.8706050154155194,2.3443729863577203,28.311822729021653,0.35873020439136705,0.3,3.1610704907854474,0.22809679976130154,0.4462394515245148,0.17356113682049826,6.636363636363637,0.6033057851239669,0.1983471074380165,1.8181818181818181,1167.090909090909,1301.8181818181818,1133.409090909091,0.7954545454545454,2.8181818181818183,0.256198347107438,0.01241233407503123,0.04505052304045697,0.004252786833674794,2.4040097573248573,0.03666666666666667,423.2892561983471,2.341160760935754,100.26,0.3342,3.2866666666666666,239.70666666666668,0.10048888888888888,1.34,46.846666666666664,57.22666666666667,44.251666666666665,0.915,0.0300064736079617,0.047148526077097505,0.025720960490677753,5.631523569023568,0.1345241209222376,0.049557407407407404,0.005228213580246913,0.12813667912439938
0,1276,29,1.1497012370086426,1.7127471688259066,667.4325548430751,0.391243563629255,0.35099653859462476,6.165517047963658,1.8652262685586865,0.23777341377579392,1.3928384532146734,1.4800118227876522,0.16514715574866257,1.7000791128100239,0.13587515235231376,1.433052207802069,-1.7609531582158973,26.697302193723008,0.8579881656804735,0.11363967353294126,3.7697828487302174,0.8926533941295186,-0.47980906594661854,0.2834005387905781,0.0,0.9999999999999971,0.0,-3.203426503814917e-16,0.0,1.0,1.0,1.0,1.0,-0.9999999999999917,0.7362932463651559,0.0,1.923260949576739,0.8582997306047111,0.3905831464370314,0.9999999999999811,0.9232609495767392,3.846521899153478,0.3905831464370314,0.07085013469764453,77.58289124668435,0.8574274954442795,0.07128625227786026,3.7682360742705567,17.47844827586207,65.9300397877984,5.365550397877984,0.30794098143236076,1.5497171025762366,44.68103448275862,0.6050089179548157,0.2784615384615384,1.0536192033293696,0.18148227969348657,0.6839789640436191,0.05585810860595343,9.181818181818182,0.8347107438016529,0.08264462809917356,3.727272727272727,1079.5454545454545,4147.727272727273,312.5,0.3181818181818182,9.181818181818182,0.8347107438016529,0.0014707070707070705,0.005446464646464646,0.00047676767676767674,0.8658566174572225,0.033846153846153845,206.6115702479339,1.9142623181218965,124.13846153846154,0.3819644970414201,3.24661775147929,278.84615384615387,0.07100591715976332,3.769230769230769,49.11076923076923,185.13538461538462,15.104615384615384,0.3076923076923077,0.0275008547008547,0.10359316239316238,0.008477777777777777,0.0,1000000.0,0.0,0.0,0.0
0,1276,31,1.4057190852589168,2.172421591321661,2656.1209977621297,0.9850380762501838,0.4510139004190017,6.924159785441068,2.721703857028468,0.2820684946162782,1.7514911851299741,1.730729654452077,-0.053408674281214534,2.7751125313096825,0.18441388907735645,1.7943078340541334,-0.9617434255255299,106.24483991048521,0.5944286501377409,0.15181923176003473,10.432103561401942,2.683222909828042,0.3689426817540899,0.8471654599001454,0.034061614800549755,0.9224282363627005,0.034061614800549755,0.2131309798416014,0.03284473648883989,0.9829691925997253,0.9829691925997253,0.9979963755999677,0.9931876770398902,-0.7904301673114131,0.8819284224447368,0.034061614800549755,3.198252064529677,0.5775210058398442,1.1533751722751946,0.99999999999926,0.7290499213039546,6.396504129059354,1.1193135574746456,0.22030676867517376,104.52573832469487,0.5240809908082983,0.31099201326139453,10.84120940023138,47.26632399663636,459.5686055755649,5.0866880894007735,0.10970930426103861,3.0479406349865905,63.18578142309936,0.35047546681027275,0.2384848484848485,20.650228939033827,0.17877485779465552,1.9706800669858477,0.02415757142875528,8.3,0.415,0.5875,11.15,3808.55,36585.75,410.06076388888886,0.14305555555555555,3.3,0.165,0.02807526188270392,0.256518937628005,0.013519308186220654,3.684183719779184,0.024242424242424242,2106.9875,2.6690403388408455,307.11636363636364,0.37226225895316806,3.2181803489439855,490.40363636363634,0.2324716253443526,10.495757575757576,53.516363636363636,553.7781818181818,5.591439393939394,0.10564814814814816,0.025880199958771388,0.27467462226192385,0.003174321166067749,0.7966500620983856,0.08388032057533426,0.2621446416369032,0.0012660702154696642,0.5868540115217086
0,1276,33,1.1522011256581024,2.279459979074411,3354.1918274676987,1.2142927710115994,0.5167826032935139,3.604333619850091,2.6392786693288626,0.33815346610227714,1.70891793302361,1.693438892619185,0.42921722135798385,2.2100614479708787,0.22143446678132842,1.7664026845982765,-0.7121405721766358,134.16767309870798,0.4977644131963223,0.19977794234631127,5.06805846864977,4.280316203960033,0.012404299795654494,1.2278179516722316,0.044855584475482116,0.9294965113317101,0.044855584475482116,0.26203844621017497,0.04271227766907852,0.977572207762259,0.977572207762259,0.9955144415524517,0.9887861038811294,-0.7712588229455644,0.9194927926829531,0.044855584475482116,2.1845565429893585,0.46150632044953693,1.4927261453038427,0.9328708133447394,0.6253121188321822,4.369113085978717,1.4478705608283613,0.3181683840369285,131.62073075641536,0.47958987003218373,0.3331756705918484,5.246960325718101,33.831973009613115,159.87350909015674,9.685464578675065,0.27031295404407196,3.371240854827661,79.53924664066079,0.3097112229055377,0.25558139534883717,13.09225809642884,0.21329917254927924,1.11056635593148,0.06544717867678174,13.8,0.46,0.36,5.2,2874.8333333333335,13513.9,799.1037037037037,0.2833333333333333,4.066666666666666,0.13555555555555557,0.015840245208486498,0.07020465442165051,0.005779784665280025,4.0402239289418445,0.027906976744186046,1590.8055555555557,3.109894659944875,362.5311627906977,0.3372382909680909,3.426843482963764,535.0967441860465,0.3180530016224986,5.117209302325581,51.80372093023256,261.8595348837209,14.263410852713179,0.27354005167958656,0.02759900420116367,0.14124062809447638,0.007923863067813019,4.1248669871794865,0.050118166203494526,0.13252476278751385,0.00468614525904777,0.1289339521832405
0,1276,33,1.4522214757860958,2.012436430192821,1916.4408827711377,0.7443387527081728,0.3030154950877839,5.548144901486562,2.2159342461820266,0.2067035621692924,1.6935499511817824,1.6895653663280115,0.4782391077900993,1.7376951383919272,0.12970505004748,1.7170819982978895,-1.215997799155802,76.65763531084552,0.7325775147928996,0.08025915173085535,4.445400847181986,1.8168371628050597,0.328802677362766,0.5383588041740688,0.0488930265635035,0.8334383017584999,0.0488930265635035,0.28056200247077423,0.04643097961311269,0.9755534867182483,0.9755534867182483,0.9951106973436497,0.9877767433591241,-0.6257357964571828,0.7760454179136819,0.0488930265635035,2.0791854676659565,0.6879791794989762,1.0161715942187401,0.8471009123366231,0.8224479969183359,4.158370935331913,0.9672785676552373,0.14681295768439306,105.80302439843192,0.6478482538229099,0.20777416227851492,4.410099470600062,47.689232771151055,203.14735096278795,11.98999117579373,0.29209557338821923,2.9279809876311953,49.25175426466115,0.31111100615977294,0.24769230769230768,22.733628392099863,0.22701653991568604,0.9541340043348403,0.07993890979490666,9.235294117647058,0.5432525951557093,0.2906574394463668,4.529411764705882,3574.3529411764707,15039.70588235294,887.7532679738562,0.3137254901960784,2.176470588235294,0.12802768166089964,0.006028118636497615,0.034759676073931454,0.0016885569164169193,3.404542813342287,0.026153846153846153,2112.4152249134945,2.586207954810695,219.16923076923078,0.3371834319526627,3.519659171597633,476.1753846153846,0.14751479289940828,4.429230769230769,52.778461538461535,234.14307692307693,13.444145299145298,0.26576923076923076,0.02780308375486947,0.12089980037599082,0.00820940335813021,2.3395426356589137,0.0646121119545661,0.15156382862630674,0.0024396677287209833,0.15236732259988076
0,1276,35,1.0381676032217968,1.7541940572590786,748.9777307613318,0.5205516587095755,0.24693048775983928,4.939417539857667,2.0874729341841,0.2025362594655941,1.433910782496273,1.4610028836518696,0.3983432330443675,1.6891297011397324,0.11308906194872297,1.4628521366166183,-1.1102081250358937,29.95910923045328,0.8138285714285715,0.08383624144473176,3.7320756953223766,0.9867597275145312,-0.4783643322244997,0.34033701564712593,0.03211322692793932,0.8277924176860432,0.03211322692793932,0.19893539930446047,0.03081897562853015,0.9839433865360303,0.9839433865360303,0.9967886773072061,0.9919716932680152,-0.6574921803583246,0.69071407317705,0.03211322692793932,1.9118096159924145,0.7872346641646137,0.6794589238721803,0.8654789685942712,0.8830495417193426,3.823619231984829,0.6473456969442417,0.09311256064376629,79.96102863318067,0.7551948463345165,0.13061743536004208,3.775323472294242,15.229759741570765,57.48992798492884,4.720009607093248,0.33297102979841037,2.2229652692049204,39.69218277709752,0.4312065871155204,0.30142857142857143,1.6785531840371437,0.23826863468845355,0.94578452274522,0.08502600182511863,9.933333333333334,0.6622222222222223,0.19555555555555554,3.933333333333333,711.8666666666667,2729.4666666666667,208.13333333333333,0.34074074074074073,4.2,0.28,0.01678139715022832,0.10209650993547097,0.003683071628814774,2.463458298648301,0.04285714285714286,167.42222222222222,2.3141207000420514,116.99428571428571,0.33426938775510207,3.510726530612245,284.84,0.09551020408163266,3.76,46.92,176.44571428571427,14.592539682539682,0.3195238095238095,0.03138710092502609,0.12300137989058056,0.010423566457006083,0.729617662897146,0.1937412355155362,0.10337632420034988,0.0010324198250728864,0.4067967275015733
0,1276,37,0.8469812250695701,2.15936447408491,1569.4519272368136,1.2907056033161757,0.5583077962033964,4.563594416564837,2.5832764383675997,0.4042618221214153,1.565045323865436,1.6606606277548577,-0.4254064696404627,3.0086829080080624,0.2618320354580656,1.6521142855703908,-1.0397524098267528,62.77807708947255,0.5151425330812854,0.280114746832695,9.42314320919499,9.150918952380145,-0.9080044096670999,1.4436334855988746,0.05010046452408661,0.9329149978026547,0.05010046452408661,0.2821672874917656,0.047314322594409444,0.9749497677379566,0.9749497677379566,0.9970529138515243,0.9899799070951826,-0.7704429506818108,0.9279531222009572,0.05010046452408661,3.0124334173853358,0.4834434553608555,1.5858169354077305,0.9400493808375191,0.6673278923338605,6.0248668347706715,1.5357164708836448,0.3734334875307403,84.12347229416862,0.4734632258411483,0.4304141857143958,9.413366711181025,15.145461285973859,144.54392924751724,1.9527273190963959,0.14413759520686503,3.1011108864190433,59.26573394565658,0.3782436992340251,0.30826086956521737,2.0325205538573923,0.25972913860272245,2.5042534708947635,0.03766473849407354,11.444444444444445,0.42386831275720166,0.5185185185185185,9.518518518518519,632.925925925926,6068.481481481482,76.54861111111111,0.15380658436213993,5.444444444444445,0.20164609053497942,0.11695297337234954,1.5670969286529879,0.009747325058768984,3.7178504651264257,0.04695652173913043,179.39368998628257,3.2140762999312895,184.01565217391305,0.3200272211720227,3.6992846880907377,296.20695652173913,0.37187145557655954,9.476521739130435,46.391304347826086,442.79478260869564,6.049915458937198,0.13624396135265698,0.0367950266741157,0.3691768636278988,0.004867102718927972,0.7960494398870953,0.0955698525592637,0.30517624819152034,0.0031168936010885547,0.522761558701917
0,1276,39,0.45781876386986303,1.8996151111955744,782.1127603421028,1.1147061526656543,0.4211045430965339,4.5262375597758755,2.2558494824156634,0.4227430243880527,1.4414137388841382,1.6307333665103376,-0.19481640317956372,2.4506658855952272,0.2278441303142684,1.551290044141528,-1.5333019663587577,31.284510413684117,0.6191053254437869,0.32882723440867356,8.362819064848695,12.987399952618244,-2.8458111082819997,1.4558276928064715,0.08429495696968459,0.8903858151778649,0.08429495696968459,0.40944490219319285,0.07632170434606282,0.9578525215151577,0.9578525215151577,0.9950414731194304,0.983141008606063,-0.6230984887676754,0.8597043848729784,0.08429495696968459,2.8319482205278117,0.5685427449002439,1.5100734567071425,0.9310498587575284,0.7459645025450234,5.663896441055623,1.4257784997374592,0.38503066244403905,55.87922191390288,0.5164016469242788,0.4567744247613362,8.513205624990587,13.63735532418969,115.0496173944154,2.3013522544626475,0.1786241446778679,3.1808997120930833,28.62189156014742,0.2766643878079065,0.33,2.6492907056002384,0.31731232142817656,2.748773422310073,0.05232753107245501,7.105263157894737,0.3739612188365651,0.5872576177285318,8.368421052631579,460.7894736842105,3917.684210526316,72.89619883040936,0.18676900584795322,2.263157894736842,0.11911357340720222,0.1273748152451979,0.6980751363474903,0.028808747112516925,3.5316306463679594,0.05846153846153846,168.19944598337946,3.2423750487584826,86.84615384615384,0.2672189349112426,3.9904,201.20923076923077,0.3826366863905325,8.430769230769231,44.44,371.59384615384613,7.794059829059829,0.17692307692307693,0.04199158090586662,0.3364073570168808,0.00763830599270414,0.7498424842484247,0.09753023437265554,0.4759905492622532,0.005530244758003338,0.4956557339762544
0,1276,41,0.6131534622078398,1.7277887776908356,849.8990645215565,1.0963559920096988,0.5898231345737819,4.081461924779855,2.1169202461204635,0.37479891814425986,1.2471646166190513,1.3584753210790461,-0.29100838221947045,2.407928628339934,0.24603601333708913,1.3376326806961747,-1.090801174752494,33.99596258086227,0.5852498614958448,0.23384160751988936,7.744974679970553,7.462208547382947,-2.0402838524520215,1.217491547955931,0.05374127111193704,0.9155091889366546,0.05374127111193704,0.2991911394006928,0.05063989756123692,0.9731293644440315,0.9731293644440315,0.9968387487581214,0.9892517457776127,-0.7153420697286685,0.8847811244677748,0.05374127111193704,2.73019910486459,0.5525392768126561,1.3788101852736243,0.9402663851071571,0.720511412775447,5.46039820972918,1.3250689141616883,0.31780820476696703,71.90620238101697,0.5171296799567702,0.38055474186249516,7.713940203909767,17.745813101199552,140.10909599058638,2.971980222898753,0.18437295344829235,3.1511645805457458,39.07008923538961,0.3066099763072002,0.29105263157894734,3.0389240101091,0.25962654078202396,1.9719207338150062,0.04849309881491218,9.0,0.4090909090909091,0.4896694214876033,7.681818181818182,718.8636363636364,5794.863636363636,112.4157196969697,0.19128787878787878,1.9090909090909092,0.08677685950413223,0.0807370890728448,0.9374929743609898,0.009914665476766822,4.06148218672077,0.04631578947368421,252.69628099173556,3.028622256979951,149.41263157894736,0.3145529085872576,3.866876454293629,277.99368421052634,0.3231734072022161,7.778947368421052,48.37684210526316,377.5684210526316,8.37828947368421,0.17726608187134502,0.034888601132460784,0.27871258768614654,0.006203223308491688,0.7462498714388563,0.09819747339623713,0.33315525198607765,0.003087156495115907,0.47788893721908066
0,1276,45,0.9104419158140556,2.2675786328009844,1272.5829841890595,1.4134089177719904,0.7580471476657138,2.486721498397346,2.7606826440118617,0.4692113220997972,1.6373551849831267,1.6924697667786683,0.3126390025692724,2.4480436414425895,0.3459722848732094,1.7304083055667114,-0.40262741777247535,50.90331936756239,0.4088083044982698,0.3133809021831287,5.164936900026914,6.08809977678732,-0.45747797332101287,1.6456686707242774,0.11329506713717516,0.8712697550170052,0.11329506713717516,0.5044222432585067,0.0996982774181434,0.9433524664314124,0.9433524664314124,0.9886704932862825,0.9716762332157062,-0.6085727902077431,0.9048201143631538,0.11329506713717516,2.1867381089446454,0.3266555169692328,1.9735338497180714,0.8766365977995668,0.46872046861449207,4.373476217889291,1.8602387825808968,0.43974093446536305,59.77330499341882,0.4065679594088502,0.44114935015108575,5.046472958894498,12.713155701514781,67.59311234125352,3.785171384188451,0.3264729653260649,3.5518855179465065,38.72710590368768,0.2667078067790062,0.3458823529411765,2.637110205402945,0.35445504250023596,1.705138089029843,0.12127728529018184,9.615384615384615,0.3698224852071006,0.514792899408284,5.153846153846154,417.96153846153845,2230.269230769231,117.36324786324786,0.34615384615384615,2.0,0.07692307692307693,0.1311854971874492,0.637032180802803,0.05636255256053817,4.546593564294931,0.0611764705882353,150.7647928994083,3.787634017230809,104.17176470588235,0.24511003460207612,4.19279723183391,173.7435294117647,0.4354103806228374,5.192941176470589,43.04235294117647,228.51529411764704,12.993071895424837,0.31254901960784315,0.04549230914588058,0.22894045655299158,0.015510585736352157,5.3332587382779195,0.05095179959758069,0.32579999397347253,0.016972467385847068,0.13701029707657714
0,1281,10,1.6518865062584767,2.310878059584756,1320.6794466206334,0.9848609910707042,0.299187181133135,3.1125911320254964,2.4553408638713154,0.18771755486778605,2.000851850356601,2.0208224447310554,1.2843368637551853,1.1710040001161302,0.12279703443820643,2.0158445045501465,-0.5570714668755992,52.827177864825344,0.5104568047337278,0.060220939449590415,2.6759761955811485,0.9398354828496924,-0.2479469005333353,0.8878472289552377,0.09030287715429225,0.8152673402543283,0.09030287715429225,0.43461705291878805,0.08182269624067703,0.9548485614228539,0.9548485614228539,0.9819394245691416,0.9698990409485693,-0.5599433538834506,0.8153407525845406,0.09030287715429225,1.573709211386098,0.429102250704558,1.4171663941054398,0.8152673402543287,0.5285577728089521,3.147418422772196,1.3268635169511478,0.24453752652738248,51.635132571759634,0.5064608610089698,0.2467695694955151,2.6640452362849905,14.56729707149453,40.08796518836415,8.187130042277126,0.5839886909287524,3.1682544807660635,26.135974347593454,0.2683815403523441,0.31384615384615383,2.384463380056281,0.2618368201920073,0.6597706444200215,0.16235336413500376,6.538461538461538,0.5029585798816568,0.2485207100591716,2.3846153846153846,765.4615384615385,2283.0,386.0769230769231,0.6538461538461539,1.3076923076923077,0.10059171597633136,0.003940973780467294,0.006971337184065255,0.0031833829295678027,3.5465935642949344,0.04,140.46153846153845,3.2066149017355303,88.92615384615385,0.2736189349112426,3.3575763313609466,165.89846153846153,0.24477159763313608,2.7169230769230768,45.46769230769231,125.05538461538461,25.57076923076923,0.5707692307692308,0.031917786886834505,0.08402352704614609,0.018891351847006608,9.343383404864092,0.07464371978364806,0.08244291913214989,0.02025955685025034,0.07434944237918216
0,1281,13,2.3541754669098456,2.9753029094101096,2360.6533899681417,0.4319154409330696,0.18704122647006782,3.533605489556862,3.1306745880918094,0.16032156709823536,2.686257104990594,2.711266638197975,1.9346765135699455,1.195998074521864,0.09611328261870554,2.695097195317762,-0.5445596492863309,94.4261355987257,0.8471573964497041,0.047571658097221706,4.371560309115803,0.6731639667895473,0.36996116208779245,0.2504642812294767,0.052378619859197,0.6550649957387049,0.052378619859197,0.2924131332271153,0.04939393249859027,0.9738106900704014,0.9738106900704014,0.9947621380140803,0.9869053450352008,-0.4140836667168115,0.53400982143449,0.052378619859197,2.0789498150347208,0.8000073086831654,0.6649541249518108,0.6678207880997526,0.8918603311638827,4.1578996300694415,0.6125755050926144,0.07571072527216843,70.5091678267808,0.7508768019588643,0.12919153268143369,4.626329758803466,19.01386049225595,80.11309201427974,4.648476005674732,0.24032533501220185,2.5134783520942605,26.189886944389563,0.30583840147578345,0.2876923076923077,3.6887719088807662,0.23501100741186964,1.140949920313082,0.06089541653566545,7.857142857142857,0.5612244897959183,0.26530612244897955,4.857142857142857,876.9285714285714,3596.785714285714,216.80555555555557,0.27380952380952384,1.8571428571428572,0.1326530612244898,0.07716624443635663,0.11555430755142294,0.07227479401130353,3.235926350629029,0.043076923076923075,338.0255102040816,2.2831445968999935,103.81846153846153,0.3194414201183432,3.5213822485207102,275.32615384615383,0.07715976331360946,4.390769230769231,48.39076923076923,205.27692307692308,11.774358974358975,0.2411965811965812,0.03210356803690138,0.1369448868151249,0.009840212541965187,1.0782002801120447,0.12665051601966656,0.1786612216939233,0.001249724371617863,0.2848629997970368
0,1281,15,2.276751873957354,2.683777472014459,2280.131897593852,0.2290353187062696,0.11766212022443234,6.67885505332631,2.957185364237895,0.12798352501105514,2.5444426766146107,2.5787608326609517,1.7214485721048791,1.2357367921330158,0.05514458130347869,2.55238370245421,-1.6582695112000965,91.2052759037541,0.928473469387755,0.04047402997614065,3.8912362283588493,0.3302509803019283,-0.17909420213017868,0.10616422949941101,0.020718271569609384,0.6830280502758994,0.020718271569609384,0.13492264023795195,0.020073807293725536,0.9896408642151953,0.9896408642151953,0.9958563456860781,0.993093909476797,-0.5293780863865524,0.42061394065556384,0.020718271569609384,1.9671984547145516,0.9164849421717642,0.3086721578674766,0.6830280502758308,0.9568393189297467,3.934396909429103,0.28795388629786745,0.0317206252672551,77.13076022736033,0.8528614774805443,0.07356926125972786,3.759326749882605,23.69006443277895,93.60422959842819,6.211523141366638,0.3101683125293487,2.2131585803696194,28.344005742413728,0.35829659274499326,0.2571428571428572,4.888724498185809,0.20067678661055174,0.6747023130103634,0.08217040501059884,7.7272727272727275,0.7024793388429752,0.1487603305785124,3.4545454545454546,1665.2727272727273,6631.363636363636,423.75,0.38636363636363635,2.272727272727273,0.2066115702479339,0.012265606478003167,0.01603212288170966,0.01132397737707655,2.550340709546386,0.03142857142857143,652.8760330578514,1.911822915352535,125.35428571428571,0.35815510204081635,3.3738775510204078,324.9657142857143,0.03576326530612245,3.888571428571429,51.57714285714286,203.5742857142857,13.577857142857143,0.27785714285714286,0.02691604488356189,0.10059453667710469,0.008496421935176187,0.9231278366111951,0.2867970910580764,0.01992448979591837,0.000763801166180758,0.26755852842809363
0,1281,17,1.4648223363405755,2.4629069542601005,2155.014272764801,0.6126138900733051,0.17945247611994564,5.927132651066068,2.5604487195049885,0.2322349107004499,2.160059251446191,2.242286297611118,1.0143190436881206,1.5461296758168679,0.10386982933977076,2.1883602551097483,-1.9147398122152037,86.20057091059205,0.7434469135802471,0.12306463638572314,3.541492133383034,1.2199304383295917,-0.6932707466169377,0.502100154115213,0.010790777498213897,0.957821789418691,0.010790777498213897,0.08337986615400675,0.010635969226823772,0.9946046112508931,0.9946046112508931,0.9978418445003573,0.996403074167262,-0.8723613783560771,0.8094565623357186,0.010790777498213897,1.8489625073773803,0.7329185649664627,0.6904712230748601,0.9578217894186887,0.8435671186282732,3.6979250147547607,0.6796804455766466,0.12822273290335676,91.78653835626437,0.7287206865700846,0.13563965671495773,3.5142706926754497,17.8379014057791,63.93474997645846,6.313689263109258,0.3714323268311376,2.1102148014573907,53.13236286996825,0.5049011130841043,0.27944444444444444,1.6396754106469704,0.197290910987528,0.6873774424523482,0.07476927812132296,11.125,0.6953125,0.15234375,3.4375,865.5,3166.875,290.15625,0.390625,9.375,0.5859375,0.001503936390817901,0.004837041859567901,0.0006706600236304012,1.673794940695397,0.035555555555555556,74.484375,2.253841153134071,164.69333333333333,0.3659851851851852,3.340069135802469,334.5511111111111,0.12827654320987653,3.546666666666667,49.09777777777778,175.04444444444445,17.61111111111111,0.36333333333333334,0.028198746535651294,0.09945924036281177,0.010383623078861173,0.8096384099616859,0.39928424601824875,0.011131028806584363,0.0013350262459990857,0.4270462633451957
0,1281,17,1.246674792081939,2.246832103245516,1702.0569039621355,0.9997720065510218,0.4439809843668483,2.5950844916912423,2.3847050525242,0.2795352852141041,1.9134283818711058,2.0046897356746505,1.1902056825824745,1.1944993699417255,0.2029973093772393,1.944826129881901,-0.9210064076649761,68.08227615848543,0.500158024691358,0.1211405029215343,2.5084073012766748,0.939777992099161,-0.04708598676384457,0.9379541461795585,0.06134505171931787,0.8772175151954259,0.06134505171931787,0.32970558677858,0.05733436379989769,0.969327474140341,0.969327474140341,0.9877309896561364,0.9795516494268941,-0.6701544366809389,0.8577274830429621,0.06134505171931787,1.5130266090454447,0.4430160372506642,1.3291641980256126,0.8772175151954263,0.48235408318578565,3.0260532180908895,1.2678191463062949,0.24982479947471906,71.01311009834396,0.5001175088454858,0.2499412455772571,2.4931758596097744,14.501651224026931,37.598093152283525,8.727540741962784,0.6267060350975564,2.9530873966046203,43.48161941476577,0.334499691992047,0.3155555555555556,2.284837297347525,0.2738222484892098,0.6801936763767542,0.17222939151732372,11.0,0.5,0.25,2.5,565.1818181818181,1420.8636363636363,351.2613636363636,0.625,3.3636363636363638,0.15289256198347106,0.05232262926491033,0.06629257648181253,0.04883014246068478,3.788754913993498,0.04888888888888889,146.7933884297521,3.0993192666069906,132.76444444444445,0.29503209876543207,3.6849580246913582,225.07111111111112,0.24992098765432097,2.526666666666667,45.617777777777775,116.34444444444445,27.93611111111111,0.6183333333333333,0.03505648813023152,0.08587117906833515,0.02235281539570561,12.868934599156114,0.07377200352466241,0.060245679012345656,0.015055425422953813,0.07377805102981864
0,1281,19,2.3420289699919263,2.868307292133573,2958.5819516452984,0.40381492844033035,0.23638062925853287,6.31605543695911,3.0383041718153896,0.17440652610199875,2.6265754672866044,2.6704371984692528,1.6645782817493067,1.373725890066083,0.10152605850122753,2.638440694423306,-1.6530157946276403,118.34327806581196,0.8752885813148787,0.06247061263709303,3.925439812789782,0.8418884335733536,-0.23652159519822288,0.24113914446984785,0.02399097483451433,0.8184615663153055,0.02399097483451433,0.1593240476864463,0.023283206772254678,0.9880045125827428,0.9880045125827428,0.9976009025165486,0.9940022562913714,-0.6698122636780193,0.6473913911744847,0.02399097483451433,1.9675243125419182,0.8500720918182016,0.5470577456738732,0.9153434025553681,0.9206664625433761,3.9350486250838363,0.5230667708393595,0.06628252982609055,97.22888452050256,0.8294845906292398,0.09136216301634438,4.008853110209602,19.47062043814202,76.28119161907944,5.42575571070436,0.2872785583963078,2.198024224535818,39.949675561610874,0.39327370542512574,0.27470588235294113,2.843153581706517,0.214761194845587,0.9244177906361001,0.05882020491354007,13.352941176470589,0.7854671280276817,0.11764705882352941,4.117647058823529,817.1176470588235,3205.0588235294117,223.33496732026143,0.28594771241830064,5.588235294117647,0.328719723183391,0.020863646291850075,0.08905682606375884,0.00514921822895825,2.1295679874183207,0.04,192.11764705882354,2.0648230942958685,152.2564705882353,0.35825051903114186,3.5327003460207616,371.99764705882353,0.06479723183391004,3.9341176470588235,49.80470588235294,194.19294117647058,14.091960784313725,0.28477124183006536,0.02920497087723978,0.11768552087501666,0.008242422339306091,0.7592523717119448,0.1810353089846759,0.07053532922951737,0.000526424569735622,0.42432445222658643
0,1281,19,1.7074386083124928,2.2210409761843084,1700.2384932258901,0.9998043037963253,0.27703196784463646,2.33052630143578,2.447368047615242,0.15874949257755833,1.9908177832329645,2.0039321719296455,1.5815065878118644,0.8658614598033776,0.11632965199742791,2.0001402852128916,-0.07140308393136872,68.00953972903562,0.5001356401384083,0.03720571449489111,2.524590213695969,0.9105372831524696,-0.08047277215042362,0.9047336229547982,0.09281669684523935,0.8138574227722476,0.09281669684523935,0.43936760136564346,0.08339234995740029,0.9535916515773804,0.9535916515773804,0.9814366606309521,0.9690611010515868,-0.5600045505422272,0.8161677231566269,0.09281669684523935,1.523666187372863,0.41783249014258084,1.43739224575342,0.8138574227722479,0.4772578389502432,3.047332374745726,1.344575548908181,0.24938757995000937,67.6293342100937,0.50186992385277,0.24906503807361502,2.4158016192668095,14.92514100087676,38.434343080442765,9.04784048098526,0.6460495951832976,3.231158100159643,32.935173502657676,0.2498264971711154,0.3170588235294118,3.0470744302783763,0.28637396369178364,0.6125117216916759,0.2048395241918106,11.695652173913043,0.5085066162570888,0.24574669187145556,2.3043478260869565,527.0,1370.391304347826,316.1521739130435,0.6739130434782609,1.6956521739130435,0.07372400756143667,0.06453960719920306,0.08515488698597744,0.05938578725250947,4.175735869100485,0.05411764705882353,185.55387523629486,3.2430194011990094,113.19764705882353,0.26634740484429065,3.7780816608996544,212.55764705882353,0.2499321799307958,2.5247058823529414,45.55529411764706,118.28941176470589,27.371764705882352,0.6188235294117647,0.03602177167163162,0.08244396610496049,0.024416223063299394,18.413677130044842,0.051750380517503816,0.0909342560553633,0.02275362963566049,0.051690717208701276
0,1281,21,1.6786947492263773,2.848935016581761,1090.722947839826,0.8191071798276823,0.63855769810733,2.0814971326586895,2.9437977636118324,0.34238201206226854,2.2985887082669096,2.3731426082567215,1.4816096856427645,1.462188077969068,0.2586332725232216,2.3352975697326306,-0.3393949830403977,43.62891791359305,0.62005,0.17010468942698856,3.202013221153846,1.1855851950201357,-0.6699337326070642,0.7160388978134244,0.04927884615384615,0.8712929389266274,0.04927884615384615,0.2749737915704381,0.04629749907544378,0.9753605769230769,0.9753605769230769,0.9901442307692307,0.9835737179487181,-0.6785469591465458,0.8157866492086442,0.04927884615384615,1.742217548076923,0.5710436289409209,1.0881450548818496,0.8712929389266273,0.717578125,3.484435096153846,1.0388662087280038,0.19132943599181768,37.533374682497495,0.6001713892531965,0.19991430537340177,3.170837447153237,14.56172327162302,48.01672621910717,6.197972534751984,0.4572906382116908,2.5715394385711137,21.843741146999292,0.3938798855692288,0.3125,1.9760428949738735,0.27187010636085374,0.8416806371971463,0.12941747365178072,4.25,0.53125,0.234375,2.875,946.25,3396.875,333.59375,0.53125,2.5,0.3125,0.00719653589016944,0.01949430117275306,0.004122094569523535,2.405639062229564,0.04,321.25,2.8286015927913057,61.84,0.3092,3.65,124.01,0.18997500000000003,3.235,45.9,150.435,19.76625,0.44125,0.033030242976820355,0.10428983764802217,0.015215344309019906,2.0708333333333337,0.19550501388900202,0.05114958333333334,0.009364184375000001,0.20287404902789516
0,1281,21,1.0637775728852101,2.306341965474755,376.1578791844038,1.2614210366375564,0.4583903288594633,2.837761103020858,2.425218946845536,0.3629735734539964,1.886375698385695,2.0501327320309173,0.8059284255312194,1.6192905213143165,0.25082783438483924,1.9394790001039037,-1.0593931822856473,15.046315167376154,0.4593999999999999,0.2031655163839186,6.609074519230769,5.232057739035881,-1.3718910786173373,1.432925050272744,0.10498798076923077,0.8630048208437151,0.10498798076923077,0.4833085736438779,0.09379621336446006,0.9475060096153847,0.9475060096153847,0.9895012019230769,0.9737530048076923,-0.6137203549247828,0.884991977465398,0.10498798076923077,2.5053786057692307,0.39507262822438977,1.736011852847096,0.8907805790235934,0.5432091346153847,5.010757211538461,1.6310238720778658,0.3844782577604937,14.739248800295313,0.4177724100443481,0.4499789603710803,6.187899901562692,11.224590869939707,78.39399532422789,2.2004386954322355,0.26026392648647173,3.2318673341043764,9.29189737910668,0.2671730564843101,0.3525,1.9022956653321699,0.3144349827930023,1.7569956790855876,0.09657770787977521,2.3333333333333335,0.3888888888888889,0.4722222222222222,5.166666666666667,388.0,2915.0,64.58333333333333,0.3287037037037037,1.0,0.16666666666666666,0.17160152923125116,0.678414022589566,0.045389958624386745,2.5849625007211543,0.06,110.2222222222222,3.5441842886833106,23.94,0.2394,3.4875999999999996,45.94,0.39,6.64,41.68,292.18,8.021666666666667,0.22333333333333333,0.04366718316956412,0.25161977355757115,0.011257044656854509,0.5554878048780487,0.274423710208562,0.2800093773443361,0.013151666666666666,0.7749588138385501
0,1281,23,1.942750894211546,2.6577668798127965,761.2703141937053,0.6652735227649408,0.4108060861689862,2.4194946213031643,2.857949538783481,0.22096654728987275,2.2375478242614713,2.1531668203010828,1.871971167074325,0.9859783717091559,0.16430396468407069,2.25280612302924,0.6843501335139436,30.45081256774822,0.7134222222222222,0.06851516210079035,3.457619201030928,0.9674144503443975,-0.5613455805893305,0.46486595834661865,0.08882087628865978,0.678388777178599,0.08882087628865978,0.429386988735614,0.08060531352590901,0.9555895618556702,0.9555895618556702,0.982235824742268,0.9703930412371135,-0.4043773174151131,0.634189181872516,0.08882087628865978,1.834009879725086,0.6425512691564519,1.0340634551402244,0.6783887771785977,0.789599441580756,3.6680197594501722,0.9452425788515647,0.1384217086588196,32.13120893791257,0.6244981672985493,0.18775091635072533,3.246048990378627,12.065204064952049,43.74981609633828,4.144051057105493,0.4384877524053431,2.675733760404598,14.378067980134514,0.2939618863149378,0.3416666666666667,1.9309795119279571,0.30278114306823145,0.8441068558417769,0.16744971487484506,4.25,0.53125,0.234375,2.875,465.75,1755.75,143.25,0.53125,1.75,0.21875,0.017789476815665492,0.022948345660243227,0.01649975960452106,2.4056390622295645,0.05333333333333334,114.1875,2.839770612985494,38.6,0.25733333333333336,3.5422222222222217,107.01333333333334,0.1432888888888889,3.48,42.81333333333333,156.29333333333332,14.443333333333333,0.38,0.03593831254724112,0.11347317334341143,0.01655459734819854,2.0915165165165166,0.16152769302559317,0.08254518518518518,0.012275081481481482,0.1556420233463035
0,1281,23,1.7336249805981279,2.3596306350265555,599.4151754521279,0.981453895033653,0.41251945390237044,1.9299279241126235,2.497794197285212,0.21565288280735567,1.9841719943738296,1.9003883854196606,1.6582445293052244,0.8395496679799876,0.17479673643694424,1.9990250547906727,0.5531308983897626,23.97660701808512,0.5127999999999999,0.059162666423432,2.2638853092783506,0.9888954782468372,0.25989125695059556,0.9345237825218689,0.0451514175257732,0.9078777658739371,0.0451514175257732,0.25965947748846263,0.04282227369757531,0.9774242912371135,0.9774242912371135,0.9909697164948454,0.984949527491409,-0.737248987127248,0.8733842408688447,0.0451514175257732,1.4288203393470793,0.46734012627860366,1.2442627492733873,0.9078777658739374,0.5486039518900343,2.857640678694158,1.1991113317476145,0.24491880001191052,24.028336864406782,0.516556785072337,0.24172160746383145,2.227356991525424,14.612199858757062,33.13696151129943,9.981009445621469,0.693160752118644,2.4318420520137796,17.35699152542373,0.43140160424446994,0.31,1.546928084552252,0.23464861732318476,0.48470146081816273,0.17213540644944023,4.142857142857143,0.5918367346938775,0.20408163265306123,1.8571428571428572,644.0,1727.857142857143,373.0357142857143,0.7857142857142857,1.8571428571428572,0.2653061224489796,0.038525496031746036,0.040616269841269835,0.03800280257936508,2.1280852788913927,0.04666666666666667,184.81632653061223,2.692648461293968,52.32,0.3488,3.4495999999999998,76.92,0.24359999999999998,2.26,45.96,104.58,31.305,0.685,0.03214104413370286,0.06856417653481146,0.02303526103342572,6.125320512820513,0.3139553136936843,0.04246888888888889,0.010217666666666665,0.31788079470198677
0,1281,27,1.541796790823915,2.3326441545523773,379.9716042731716,0.970950594454668,0.5591899865103296,1.5911774674372916,2.3672774939914887,0.264462462442586,1.926508470017604,1.8668720985186589,1.445820705432835,0.9214567885586538,0.22350432274562584,1.949286034098566,0.10776271296637054,15.198864170926866,0.52,0.08828115768214566,2.1515625,0.9920213153123857,0.3548223724365236,0.8853393554687501,0.07109375,0.8514392682943692,0.07109375,0.3625848632423653,0.06536865234375,0.964453125,0.964453125,0.98578125,0.9763020833333333,-0.6282245355928567,0.8350354283014212,0.07109375,1.3957031249999998,0.45641479492187503,1.3284753722374927,0.8514392682943694,0.56875,2.7914062499999996,1.257381622237493,0.2391082763671875,16.880777980866455,0.5112103353520945,0.24439483232395276,2.276098137201524,12.894365909621218,27.928724624718054,9.135776230847009,0.680975465699619,2.675739783963201,10.914423076923077,0.36280776223368294,0.33,1.555660930347136,0.25824791374996753,0.6528168896321069,0.15960566977943272,3.0,0.5,0.25,2.5,349.3333333333333,748.3333333333334,249.58333333333334,0.625,1.3333333333333333,0.2222222222222222,0.04465866056266666,0.17341724044432347,0.012469015592252468,2.5849625007211543,0.06,71.55555555555554,3.0044848704702036,29.56,0.2956,3.5103999999999997,52.0,0.24,2.2,43.96,94.84,31.24,0.7,0.03493531588561351,0.08508668115394306,0.02239747456853111,8.054166666666664,0.3103983445421624,0.06443333333333333,0.0157,0.30573248407643316
0,1284,10,1.8887431936457237,2.4124450440849974,1029.340289657521,0.8233744598367435,0.2817119854372314,5.819874938298328,2.6968369658018827,0.2001817109413166,2.1194641789760524,2.1598490589922728,1.061517161809354,1.6353198039925287,0.11075568812968627,2.1388889012314793,-1.2464456918596651,41.17361158630085,0.6173432098765432,0.0827173258485722,3.166554054054054,1.0741761881427343,-0.6001439961235887,0.6775705604252901,0.09560810810810812,0.7530459610941193,0.09560810810810812,0.44802225992154365,0.08572635135135134,0.9521959459459459,0.9521959459459459,0.9808783783783783,0.9681306306306305,-0.4844601267945244,0.7372046387205934,0.09560810810810812,1.7381193693693693,0.5276843143819495,1.257556456998318,0.7530459610941191,0.6903153153153153,3.4762387387387386,1.1619483488902103,0.19329466713334958,43.72536303245204,0.5796323582156578,0.21018382089217108,3.0974577869861455,12.734385501296526,42.107609373351366,5.391079533282815,0.4756355532534635,2.799141310697827,22.43671549020172,0.31905739445655823,0.33444444444444443,1.8926250183167348,0.3095130071752087,0.8791492645339986,0.16710394283551128,7.571428571428571,0.5408163265306123,0.22959183673469388,2.9285714285714284,344.64285714285717,1157.857142857143,141.33928571428572,0.5178571428571429,1.5714285714285714,0.11224489795918367,0.09744721792393796,0.323332187221408,0.040975975599570426,3.4677201004744957,0.06222222222222222,86.35204081632652,3.0032320071053236,60.111111111111114,0.2671604938271605,3.9969580246913576,138.90222222222224,0.19132839506172838,3.2266666666666666,43.995555555555555,145.60888888888888,18.592222222222222,0.44333333333333336,0.04135883023991489,0.12616568125192465,0.020157117486912464,4.411458333333333,0.09239772085621889,0.09620246913580247,0.018509250663008688,0.09188361408882083
0,1284,13,-3.02421394354942,-2.9553119789802675,2703.9023943239386,0.9994869809508892,0.01730617211199359,16.12713459281121,-2.9085718806604324,0.02398121757154879,-3.0018045290822553,-3.0,-3.274810124848008,0.36623824418757556,0.00940957881200692,3.002167214043847,-2.6066405399769974,108.15609577295756,0.5003555555555556,0.002177550261053947,2.4638878457474362,0.7790182358365965,-0.06533387997268908,0.7748601678028755,0.22248200041437893,0.5537684254480085,0.22248200041437893,0.7506662109695139,0.16985001715026546,0.8887589997928106,0.8887589997928106,0.9555035999171243,0.9258393331952071,-0.24844893287007402,0.6053171644198917,0.22248200041437893,1.5250429486515418,0.33147889874110736,1.7481373711008783,0.5537684254480089,0.41380194844435236,3.0500858973030835,1.5256553706864997,0.24933554205431357,64.16509355759761,0.5003222387940209,0.24983888060298953,2.467868225841877,8.07239948013406,20.88268865307811,4.869827186898046,0.6330329435395308,2.8028852293105007,41.93220717672049,0.31565967766879205,0.4275,1.519105546412193,0.34458664378842746,0.8257080731179288,0.22430628645605216,12.083333333333334,0.5034722222222222,0.24826388888888884,2.375,191.08333333333334,516.8333333333334,109.64583333333333,0.65625,5.083333333333333,0.21180555555555555,0.06223455111992201,0.1938199640128898,0.029338197896680043,3.371653522439329,0.08,34.833333333333336,3.3557230892040226,74.06666666666666,0.24688888888888888,2.216933333333333,150.10666666666665,0.24982222222222222,2.54,33.35333333333333,87.99333333333334,19.69333333333333,0.615,0.04403249874023684,0.1124900431468884,0.026918112638573948,27.08209876543209,0.03418959268798579,0.19499111111111103,0.048715333333333305,0.034188034188034205
0,1284,15,1.826234881695294,2.4296448265630235,3386.928328500165,0.9043814577244933,0.2944309874509201,3.586847178477632,2.7469351628648373,0.19263130144550977,2.110369187632025,2.077601015015115,1.3831179790627728,1.3638171838020645,0.12690870063197426,2.1250657491005356,0.13910834999237365,135.47713314000663,0.5648000000000001,0.062246329893567764,2.895647704210063,1.0079774614897343,-0.45540787403039107,0.8167682905509583,0.09538852075532551,0.7914546356452203,0.09538852075532551,0.4499939063374068,0.08580308627188608,0.9523057396223372,0.9523057396223372,0.9809222958489348,0.9682038264148916,-0.5270395889322013,0.7891223972662865,0.09538852075532551,1.647780654862575,0.45811850807497206,1.378823485401555,0.7914546356452206,0.6000863944849124,3.29556130972515,1.28343496464623,0.22803920282657092,136.76475630749727,0.5926862703247286,0.20365686483763568,3.145137857399384,19.848957861693364,50.876537848374845,12.092062865022998,0.463715535650154,2.9662904149893055,61.91952444146963,0.2848569561492682,0.30733333333333335,6.5109431253611465,0.29193181228719245,0.9349894549518606,0.13116740162102541,19.266666666666666,0.6422222222222222,0.1788888888888889,3.3,1236.8,2568.8,903.8,0.425,7.133333333333334,0.23777777777777778,0.011875467424658536,0.029611849452392685,0.007441371917725,3.2367000510807067,0.04,611.8,3.094871827973687,207.43466666666666,0.2765795555555556,3.725624888888889,423.6,0.21760000000000002,3.04,46.51466666666666,138.00266666666667,23.642666666666667,0.49,0.03363461892164273,0.10539866780045354,0.015693606701940036,16.4823489010989,0.029168732785238956,0.09142209523809523,0.01940888380952381,0.029896962255085154
0,1284,17,2.039516746911176,2.4141395103296115,2145.115604602849,0.39383370200861506,0.15884378492931361,5.084517659634195,2.4957082864864946,0.11847061439869147,2.2409118940554205,2.268610147478283,1.6483810638077336,0.8473272226787609,0.0743744862029109,2.246626545369667,-1.2979782474104087,85.80462418411398,0.8567640138408306,0.02564471744059305,3.7457784504737965,0.8748607347294237,-0.4761821904187964,0.29142095034789844,0.012050645822844229,0.9216474509881523,0.012050645822844229,0.0918202447705804,0.011867413278701007,0.9939746770885778,0.9939746770885778,0.9975898708354312,0.9959831180590519,-0.8042576944152093,0.6944742087610013,0.012050645822844229,1.9172679244617394,0.8363967886359277,0.492815587246997,0.9216474509881409,0.9112426015503174,3.834535848923479,0.4807649414241531,0.07586789904268566,96.39089974988438,0.8562512987965933,0.0718743506017033,3.7655382891350624,20.188147606603614,75.95821269932466,6.245631333423353,0.3086154277162344,1.9238135889822934,44.001402906777656,0.4654749521628097,0.2647058823529412,2.0557775969041447,0.17549166468904237,0.6508347912662388,0.0566558830447433,11.153846153846153,0.8579881656804734,0.07100591715976332,3.769230769230769,1211.7692307692307,4595.7692307692305,365.7692307692308,0.3076923076923077,5.153846153846154,0.39644970414201186,0.001321421635231009,0.0050737772381056435,0.00038333273451235074,1.5734024524177657,0.03058823529411765,142.98224852071004,1.9840796243312746,160.06823529411764,0.3766311418685121,3.2285121107266432,364.12470588235294,0.07161799307958477,3.767058823529412,50.59529411764706,190.58588235294118,15.59764705882353,0.30823529411764705,0.026601450580232094,0.09997040482859809,0.008259212018140588,0.5991511318242343,0.4722615773536684,0.009964567474048442,0.0007456696926521474,0.4519774011299435
0,1284,19,1.6955448502841786,2.2738280508036026,1178.3749788515793,0.9997114417528092,0.30884739306050557,2.439879581007505,2.423487483480933,0.18230554508675706,1.9697495465100132,1.994189023294714,1.4710169443948984,0.9524705390860344,0.13260377628614217,1.9818972213946744,6.963848954047292e-05,47.13499915406318,0.5002,0.04800332019552779,2.4423885470639033,0.9482320270223941,0.03882653519472587,0.9466704889810147,0.052763385146804835,0.8944281265882725,0.052763385146804835,0.29390310995537045,0.04969077749290808,0.9736183074265976,0.9736183074265976,0.989447322970639,0.9824122049510651,-0.7060158989104007,0.8679804991911299,0.052763385146804835,1.489590079879102,0.4505922854431821,1.2934776880261813,0.894428126588273,0.48402822754749564,2.979180159758204,1.2407143028793768,0.24985846853195492,47.550773410826444,0.500607734063365,0.24969613296831744,2.478464059527223,13.958089819277596,34.57817407821149,8.803068754544123,0.6303839851181943,2.787081576945043,31.88278623367823,0.3742707779405252,0.31666666666666665,1.7995273622144508,0.26914249756273745,0.6817626838537986,0.1659874509899722,7.533333333333333,0.5022222222222222,0.24888888888888888,2.4,530.0,1435.0,303.75,0.65,3.0,0.2,0.015838524600164213,0.045481858639662365,0.008427691090289673,3.2402239289418486,0.05,130.0,3.017962609265501,91.44,0.3048,3.6355555555555554,150.06,0.2499,2.47,45.45333333333333,112.08333333333333,28.795833333333334,0.6325,0.03315894274376417,0.08129340986394558,0.02112532596371882,8.281826241134754,0.12845352658452774,0.05189944444444445,0.012973975000000004,0.12841091492776885
0,1284,21,1.6420281656017517,2.3439309996972564,967.6234262816413,0.85545081056013,0.25214018335090405,3.282357119234669,2.471641171564364,0.2027803169171549,2.0571921258990242,2.1270210867033206,1.2803120174060154,1.1913291541583486,0.13067178770882903,2.0737764009776316,-0.9557123313212209,38.70493705126566,0.5968,0.06850911839079152,3.179111997903944,1.1800048036462356,-0.6619452545495831,0.7306272992853903,0.04915855452768205,0.8736304604830891,0.04915855452768205,0.2816685427459291,0.04666779665122762,0.975420722736159,0.975420722736159,0.9901682890944635,0.9836138151574393,-0.6734824452049083,0.8209244236861475,0.04915855452768205,1.7345637583892617,0.5634392764422362,1.1069350625418348,0.873630460483089,0.7099844811254208,3.4691275167785234,1.057776508014153,0.19494646345326808,37.21004770423375,0.5499296051644385,0.22503519741778077,2.9706507155635062,16.363828637447824,53.65331240948973,7.041457694437346,0.5073373211091234,2.7621896070474232,20.60617652696141,0.33542786659081936,0.3,2.6851834793298632,0.2672601662845122,0.6545707569172321,0.1704325186263322,5.2,0.52,0.24,2.8,660.5,2172.5,282.5,0.55,1.6,0.16,0.02912493311596239,0.0323530657971829,0.028317899945657265,3.12192809488736,0.044444444444444446,154.25,2.840066138499907,68.74222222222222,0.305520987654321,3.8222222222222224,134.28,0.2016,3.16,47.382222222222225,154.55555555555554,20.58888888888889,0.46,0.033285685591108866,0.09339459421628733,0.018258458434814252,2.3313218390804598,0.1848884506347837,0.04807703703703703,0.010244266666666666,0.17492711370262393
0,1284,23,1.7945643283479245,2.4802710052564323,600.4036071393654,0.9209394481940649,0.48840841691705084,1.6570962492576482,2.546198916693853,0.23587563718728244,2.17567618985642,2.2483563733322356,1.703789008272201,0.8424099084216519,0.1950397778522907,2.191626988589738,-0.3029131907803229,24.01614428557462,0.5537920000000001,0.06966197400677315,2.908125,1.054869874970703,-0.4807632890624999,0.8507796875,0.06312499999999999,0.862178214009321,0.06312499999999999,0.3335544875854633,0.0586796875,0.9684375,0.9684375,0.9873749999999999,0.9789583333333334,-0.6490636402304388,0.8359413631331398,0.06312499999999999,1.6465625000000002,0.48436796875,1.2662128651577853,0.8621782140093212,0.615,3.293125,1.2030878651577859,0.228476171875,22.847981872649807,0.5640095984389456,0.2179952007805272,3.036506662218237,13.803498446525012,41.670347915841276,6.836786079195947,0.49087333444544073,2.4367497592801355,14.001136434722774,0.38767125475172093,0.32399999999999995,1.809815133592706,0.3061243474333489,1.0271334002480232,0.12587208422968027,4.142857142857143,0.5918367346938775,0.20408163265306123,3.142857142857143,399.0,1217.142857142857,194.46428571428572,0.4642857142857143,1.8571428571428572,0.2653061224489796,0.022925318116227205,0.08974436573527482,0.006220556211465303,2.1280852788913927,0.056,80.12244897959184,2.7957924015975015,39.848,0.318784,4.129536,69.224,0.22310400000000002,2.992,45.192,134.64,22.83,0.502,0.03823789493575208,0.12290456160241875,0.017071228269085414,2.2949596774193552,0.21962575770886408,0.0728512,0.015126451200000002,0.2359882005899705
0,1284,27,1.005943128487188,2.775910720860723,1099.5223753011821,0.9067221796265801,0.5457843583820616,4.287535350697604,2.8788333197058242,0.44286815878634783,2.270414513375801,2.5186997337935524,0.7202297034749154,2.158603616230909,0.27068672248812997,2.3446986749912897,-1.524685209460769,43.98089501204729,0.66705,0.3428298139584349,7.739393939393939,13.693542199574582,-3.999790369199564,1.5754031705549818,0.06557765151515152,0.9199733304298522,0.06557765151515152,0.3467797422065117,0.061058444889233246,0.9672111742424242,0.9672111742424242,0.9934422348484848,0.983605587121212,-0.6569862113997756,0.8243986477627524,0.06557765151515152,2.7132812499999996,0.6436097435649104,1.1677623196829712,0.9270978605655676,0.7946496212121212,5.426562499999999,1.1021846681678205,0.4102452055175333,34.04076811346548,0.5429117415816669,0.44971928415229045,7.200460465286593,15.467146152719462,124.87838071233278,3.0055336443788043,0.23114539426217057,2.8750719006928787,17.05118335611757,0.2897457159141468,0.31125,2.8431236788290395,0.2754571489431099,1.663613499302233,0.0710079594315575,4.6,0.46,0.44999999999999996,6.7,556.2,4620.3,99.175,0.24166666666666664,2.0,0.2,0.010645192901234567,0.047633896604938275,0.002687600308641975,2.646439344671013,0.05,156.2,2.8138880140954785,56.05,0.28025,3.7399,133.41,0.407975,7.725,46.12,371.065,9.300416666666667,0.21319444444444444,0.033206504314688835,0.23251981686192993,0.0076934109137482155,0.4065829733621311,0.26560718910125164,0.1531031242621712,0.008709132986111113,0.7362394274560833
0,1285,15,1.1412795915157206,1.843941585486299,3550.267349743026,0.11014042907173002,0.3145380499589172,2.4735123084073254,2.002690717395294,0.19642750451328259,1.518958138227741,1.543199641846876,0.9532546286907231,1.049436088704571,0.13819817176517327,1.538455361662692,-0.26976320383845337,142.01069398972106,0.9723742222222223,0.059611074140398755,3.9573303788828746,0.14270157488294385,-0.07535467862843982,0.04404066099218358,0.009304846988151635,0.6339432713848328,0.009304846988151635,0.07524144251415321,0.009208375035952353,0.9953475765059242,0.9953475765059242,0.9990695153011849,0.9976737882529622,-0.4632747786362781,0.30108994899724956,0.009304846988151635,1.9871192804125681,0.9641470559611446,0.15962913100043008,0.649176615394828,0.9818418957792453,3.9742385608251363,0.150324284012279,0.013336376995083806,314.98557030597067,0.9368862209322744,0.031864900824946474,3.9277546738016933,47.42771459643576,188.8672121501202,12.071483831344548,0.2717049548794759,1.7319149138029934,133.54979511166087,0.4616605361099255,0.22349999999999998,20.96824304442508,0.1451171261951666,0.5554187899254204,0.046185333592502396,24.214285714285715,0.8647959183673469,0.07142857142857142,4.071428571428571,6535.785714285715,26100.464285714286,1644.655753968254,0.2718253968253968,9.214285714285714,0.32908163265306123,0.03680638158031406,0.3255290977498277,0.0043082422204753406,2.299747800323151,0.018666666666666668,3665.887755102041,1.5429028903557054,621.116,0.41407733333333335,3.036389333333333,1458.5613333333333,0.013839555555555555,3.9633333333333334,55.04933333333334,219.06066666666666,14.04724074074074,0.25990740740740736,0.024335163034349544,0.0986178743596204,0.006505225943772571,0.7204166666666667,0.17615299474770488,0.030627856227761166,3.9135187654320994e-05,0.320943025540275
0,1285,15,1.0672120529660556,1.8673634766602443,5030.543370571037,0.4753118244286382,0.526522865117877,2.066422045417783,2.424696535848912,0.266732186243676,1.4714772124489253,1.4398267328579346,0.5731246036882057,1.8515719321607063,0.2113145728528707,1.5036350517316266,0.05375800910099632,201.2217348228415,0.8506540083322813,0.09567318203951203,3.963542144604107,1.0444194834839267,-0.09380707431805227,0.2868907795134619,0.029715309523267674,0.8115998234292369,0.029715309523267674,0.19076657052754598,0.02875043330697111,0.9851423452383662,0.9851423452383662,0.9970284690476733,0.992571172619183,-0.6456865933709237,0.6752254020865327,0.029715309523267674,1.97464756458481,0.8222579542676027,0.6433202588176486,0.9247285294963371,0.9053328042118649,3.94929512916962,0.6136049492943816,0.07915152225918241,436.30637807299235,0.7886451734628994,0.11419659743361801,3.9404415605423653,36.437751418494415,144.95225879548065,9.88844498395957,0.3051861786911875,2.475085136832818,182.96696166220462,0.38206400213309333,0.24865168539325844,13.476355140395384,0.1926774588338927,0.7021080313472975,0.07399030048739731,36.925925925925924,0.6838134430727023,0.17969821673525377,3.888888888888889,3524.0555555555557,14017.722222222223,928.3549382716051,0.3395061728395061,13.88888888888889,0.257201646090535,0.008295842146255155,0.016609493848840466,0.006364346220711425,3.0675550067371296,0.024269662921348314,1826.3103566529494,2.2120041845880407,796.9101123595506,0.3581618482514834,3.3374117409418003,1892.7051685393258,0.07902517358919328,3.987865168539326,52.488539325842694,210.52719101123594,14.421573033707865,0.2844943820224719,0.026759970317715105,0.10336658789608227,0.00856343296786047,4.213602879624978,0.03315241468778621,0.09011014476487997,0.0007482233664175302,0.07084340776560946
0,1285,17,1.6059353604254747,2.0584212183090016,5281.249821010444,0.7166510734618883,0.23692740394956435,2.6477933704942322,2.214549455853211,0.14028427508316763,1.8529124933395802,1.8728930643839898,1.368154725371951,0.84639473048126,0.09978742985982651,1.860944554984957,-0.3219408306363442,211.2499928404178,0.6831613007256114,0.029829928754260007,1.6030052932823462,1.2093841632829911,0.6981733304403559,0.6178606519956928,0.03990073911444084,0.8783012510017926,0.03990073911444084,0.2384512152467605,0.03814533618773362,0.9800496304427796,0.9800496304427796,0.9920198521771119,0.9866997536285198,-0.6931066799703115,0.7978722842889956,0.03990073911444084,1.207651887613189,0.6329739682571998,0.9621744133097079,0.878301251001792,0.7723977428295907,2.415303775226378,0.9222736741952673,0.16444034777753339,282.2130688278603,0.689213970925824,0.155393014537088,1.5883830582415122,27.588128115425015,50.8639894873113,21.769162772453445,0.8529042354396219,2.451620998766833,140.41134048139398,0.3958312605384625,0.2716393442622951,9.363285267719608,0.195147853827094,0.3470389416035843,0.15717508188297138,29.390243902439025,0.7168352171326592,0.14158239143367046,1.5121951219512195,2690.951219512195,5188.048780487805,2066.6768292682927,0.8719512195121951,12.804878048780488,0.3123140987507436,0.027645615832666223,0.10286932926456621,0.008839687474691214,2.7758859960134257,0.026885245901639345,1307.4741225461037,2.4479984974578706,555.3055737704918,0.36413480247245367,3.1739657081429726,1041.8209836065573,0.15841934963719428,1.5921311475409836,49.78032786885246,78.88918032786886,42.50311475409836,0.8519672131147541,0.02781519160791214,0.04620828635036286,0.02321691792229946,30.856812700964625,0.03972815521334345,0.03301123353937114,0.005323928963217185,0.03902439024390244
0,1285,17,1.3721487851557754,1.8475067295798675,5127.37707151444,0.11652751048772371,0.2317120480178989,6.2106702574346055,2.084911310922318,0.14576666441699318,1.5791796779408802,1.5779493992053675,0.6175248103548687,1.4673865005674493,0.09693914515642514,1.591237901763005,-0.8058768866483945,205.09508286057763,0.9717194330132601,0.0382296047856685,3.970732808057374,0.1878749200983542,-0.08442541450979837,0.04951885908963074,0.0016001493990478732,0.9384010248714295,0.0016001493990478732,0.016441878100382577,0.0015965459461486364,0.999199925300476,0.999199925300476,0.9998399850600953,0.9995999626502381,-0.9094572098129138,0.41700403954819,0.0016001493990478732,1.9896615301121097,0.9729517523074703,0.11501984882030075,0.9999999999991742,0.986313162992016,3.9793230602242193,0.11341969942125313,0.012779752122169653,459.35018310579056,0.9563954103873584,0.022137163642344436,3.992311834703139,54.44694516998253,217.08038140909017,13.803157852951394,0.26010252711828463,1.6269189544477118,204.5751212751777,0.5075805202823824,0.23679012345679012,29.814984881050542,0.15416763762934574,0.6383833826055243,0.039696372941445436,42.291666666666664,0.8810763888888888,0.062065972222222224,4.145833333333333,5370.729166666667,21444.895833333332,1352.4189814814815,0.25983796296296297,23.583333333333332,0.4913194444444444,0.02434918765909251,0.2130374913771108,0.002897276338641439,1.8690348345419807,0.023703703703703703,3590.944010416666,1.577304059208807,816.3362962962963,0.40312903520804755,3.1572270080780367,1967.7318518518518,0.014213443072702331,3.9728395061728397,53.647901234567904,212.84592592592594,13.863758573388202,0.25898491083676267,0.025123341700649168,0.10275674128819338,0.006446587597087303,0.19497068676716925,0.6523980326037928,0.0037349566073891253,9.553617428839704e-06,1.0006349206349205
0,1285,19,1.2681830487538621,2.002689642418598,5759.526516865495,0.5208410113255036,0.4013446754768695,2.5494370437938816,2.154760932529241,0.21156442260129604,1.6762684073786323,1.7120109890768989,0.9002740344888055,1.2544868980404353,0.149769087434178,1.6969865227610819,-0.46793897548869523,230.38106067461985,0.8063965000000001,0.0698874848570514,4.466703311791791,1.0242003998368092,0.4970145122989591,0.34954742562889196,0.022001649257661272,0.8812116106880038,0.022001649257661272,0.15157974648513067,0.02148711054633797,0.9889991753711693,0.9889991753711693,0.9977998350742339,0.9944995876855847,-0.7202965172068273,0.7147218409796622,0.022001649257661272,2.093994030929363,0.7952531971764101,0.6371554043244532,0.8894002765588278,0.8872711626679981,4.187988061858726,0.6151537550667927,0.09288726872163831,385.79051822430205,0.7378543789154665,0.13552113158853557,4.686034735558615,32.264819127330995,137.31314831082875,7.868422851272356,0.23766574454634365,2.4123284107554115,184.65502048614997,0.4097222167249197,0.26,12.879723562639754,0.20022679799702334,1.0157292211716142,0.047893267097957055,42.19402985074627,0.6297616395633772,0.1951436845622633,5.074626865671642,2132.268656716418,8837.313432835821,525.3109452736318,0.23009950248756217,17.865671641791046,0.2666518155491201,0.06682665009434594,0.5148107276294454,0.009954390454933149,3.3325651402310483,0.0335,1241.201603920695,2.19564777873822,730.25,0.365125,3.4316,1612.793,0.09819900000000001,4.504,51.318,226.702,12.302555555555555,0.239,0.029048143817712268,0.14153866811539434,0.0067760768372420975,2.999986536480284,0.04682984395710621,0.0824916249593005,0.00073485585,0.10351893095768373
0,1285,19,0.8356754442194215,2.0057977964188614,4417.999633990185,1.2625091720242114,0.8773152501698382,1.6079233730338274,2.435815947390249,0.426483511591661,1.4603862507409637,1.51716726116697,0.6266183731452369,1.8091975742450122,0.3586605897245439,1.535013508559919,-0.07282713914799152,176.71998535960745,0.4829488355555555,0.223538470108183,3.680090801516439,4.814770918691922,0.0381605067980651,1.339705032008361,0.041598153373906474,0.939770197802987,0.041598153373906474,0.2484358721083148,0.039805109744181624,0.9792009233130468,0.9792009233130468,0.9958401846626094,0.9896004616565234,-0.793414049025516,0.9307732209334096,0.041598153373906474,1.83179910446621,0.4438605639950478,1.532704234027326,0.951924095969162,0.6055074629744948,3.66359820893242,1.4911060806534204,0.3453257963455668,241.16656734291368,0.49382176660247756,0.3386194913788195,4.089412913330097,30.169543989805337,93.45901601847928,16.56998136950774,0.38339494909992167,3.214899721561911,152.68594250964128,0.3511276875314653,0.2622666666666667,10.905615611128919,0.2060714896487703,0.9608217029878192,0.06952731296331509,30.389830508474578,0.5150818730249929,0.31485205400746913,4.661016949152542,2363.0,6596.576271186441,1413.0616760828625,0.3107344632768361,15.88135593220339,0.2691755242746337,0.06186673871461397,0.44294557476844554,0.010606345633788199,3.709567919333553,0.031466666666666664,1353.0531456478025,3.114652861441094,639.9962666666667,0.3413313422222222,3.400503182222222,905.5290666666667,0.34068366222222224,3.7696,51.03626666666667,184.46826666666666,22.864044444444442,0.42671111111111115,0.02898899319727891,0.12286852548920803,0.011025135244907289,7.268669326705041,0.03374626260141689,0.10758289347646802,0.004508632821675722,0.08296428971230269
0,1285,21,1.7685175926814996,2.0569807894089447,3406.6856418866055,0.730269635749432,0.16950977198586847,3.2463081761392507,2.1335827300294508,0.09290512499200829,1.8900342940067265,1.8827251130813556,1.5249958499108784,0.6085868801185723,0.06625894407634009,1.8936696877218124,-0.3742464745308029,136.26742567546424,0.6749828254847645,0.013755253674921392,1.572825596595758,1.2278600246176552,0.7089175578801322,0.5992317506952567,0.0315402246349827,0.8999845811222291,0.0315402246349827,0.20047174960478337,0.03048361451329728,0.9842298876825086,0.9842298876825086,0.9936919550730035,0.9894865917883391,-0.7346406229247165,0.8053604073658622,0.0315402246349827,1.1961985696377497,0.6541303978215831,0.9037245719040448,0.8999845811222282,0.7880313180447589,2.3923971392754995,0.8721843472690625,0.15769299383255986,158.92260146846766,0.6208370130606242,0.1895814934696879,1.7633108610777208,31.334259578085124,41.23128466185405,28.860003307142897,0.8091722847305698,2.600752135819201,87.46423308642719,0.39932125488313647,0.268421052631579,13.482531700433189,0.21133366944963336,0.4234614574894553,0.15830172243967783,18.470588235294116,0.5432525951557093,0.22837370242214533,2.0588235294117645,2052.9411764705883,2412.5882352941176,1963.0294117647059,0.7352941176470589,10.352941176470589,0.3044982698961938,0.041752489880883877,0.1442942091482307,0.01611706006404717,3.15465822918354,0.035789473684210524,1272.2318339100348,2.5240354590365683,330.5157894736842,0.3479113573407202,3.4688088642659283,641.2336842105263,0.16250858725761774,1.6126315789473684,50.427368421052634,77.42736842105263,43.677368421052634,0.8468421052631578,0.02902781092944,0.053303244553181896,0.02295895252350453,19.080004528985505,0.06764992469495226,0.03111996306555863,0.005064850969529084,0.06754855052068676
0,1285,21,1.4166255871346323,1.9997599520649674,4195.032818441944,0.48763180409791673,0.2224129898761289,3.8810862380049045,2.2453851497229156,0.1682281064039825,1.7317199640313579,1.7610610775843183,0.9044473167731945,1.340937832949721,0.10184358066871133,1.7466920045809073,-0.8045055405125778,167.8013127376778,0.8178253223140495,0.05207892504210004,4.472091636019799,0.9376946329672554,0.4979909465006096,0.3334948938882047,0.02820478081941393,0.8439325753986618,0.02820478081941393,0.1846016660703183,0.0273819836098203,0.985897609590293,0.985897609590293,0.9971795219180587,0.9929488047951466,-0.6555489468249172,0.6826944079531112,0.02820478081941393,2.096608727597073,0.7928351183003635,0.645078857848376,0.8917224091716717,0.8861384935490799,4.193217455194146,0.6168740770289627,0.09042491867690465,295.23461276900065,0.7641523654497072,0.12031574169541963,4.6289088060426735,18.66634783607252,81.52316659924426,4.484754497046163,0.2366021164366893,2.4115495055841176,130.80187107387908,0.38983346347016745,0.28,2.7549648415077495,0.21577461093446715,1.040625720133593,0.051936772589666544,33.64,0.6728,0.1744,4.84,1156.5,4872.86,282.3877777777777,0.24,14.56,0.2912,0.02620268798246184,0.1059109394827916,0.00800159271173738,3.123074189428563,0.03636363636363636,400.25,2.27861582684279,470.2567272727273,0.34200489256198346,3.440581818181818,1124.5098181818182,0.09173474380165289,4.488,49.13818181818182,216.59563636363637,11.74088888888889,0.2378989898989899,0.029376608717561096,0.13491809855928902,0.0070221110163107515,2.6710240313217235,0.05212473037298561,0.10371349286839336,0.00083784399338843,0.12227061591361521
0,1285,23,1.6041600863368528,2.2183422715365833,5589.594949710074,0.9235370781938823,0.35199458749227786,2.345576612186631,2.461315389801229,0.1871854924306758,1.9164480947626543,1.9161445714129106,1.4071741233656392,1.0541412664355898,0.1359667158984076,1.9303876898540482,0.01452098191218508,223.58379798840298,0.5520568888888889,0.05362333322064175,1.995046001663388,1.1531738786245431,0.5712424969016195,0.8727672359156553,0.017870801260257183,0.9598461028366899,0.017870801260257183,0.1286501566882245,0.017536540693313292,0.9910645993698715,0.9910645993698715,0.9964258397479485,0.994043066246581,-0.8617194829579264,0.8915024616825566,0.017870801260257183,1.3346604674311722,0.5371444407187305,1.0467255756461322,0.9598461028366903,0.6564041319386991,2.6693209348623443,1.0288547743858754,0.2226595092939781,228.51213977594796,0.5413016601444957,0.22934916992775217,2.0692369364294487,17.73110586885044,35.19728414050516,13.364561300936762,0.7326907658926378,2.512562208242338,169.684578232025,0.4773912241397873,0.2813333333333333,1.7462153111037277,0.20145401834434093,0.46187222651777504,0.1363494663009824,30.24137931034483,0.5214030915576694,0.2392984542211653,2.189655172413793,788.2758620689655,1533.6206896551723,601.9396551724138,0.7025862068965517,25.75862068965517,0.4441141498216409,0.024782012289553297,0.09621551044822092,0.006923637749886394,2.8535857468883266,0.03866666666666667,119.42925089179548,2.6291068234982746,537.82,0.3585466666666667,3.4024995555555555,828.0853333333333,0.22397155555555553,2.016,48.956,97.416,36.841,0.746,0.029241678424456203,0.06298817061392457,0.020805055377089106,388.5784722222219,0.08042133631666705,0.01657934814814815,0.003899593639506173,0.07657945118059988
0,1285,23,1.4812431023125903,2.078772218670389,4520.591262310871,0.8748548942489334,0.27229041642650476,8.997850365511152,2.462161052959744,0.20215692631370494,1.7879834349453885,1.808679489486353,0.3418162062218785,2.120344846737866,0.1175446882677622,1.8132023428801562,-1.8367590016850943,180.82365049243487,0.6519521322314049,0.09081797258697688,4.795646201982186,2.1515889505023065,0.4335855495478226,0.7094066274600063,0.042763545033774664,0.8862078604881019,0.042763545033774664,0.2536710990687021,0.040870581813497606,0.9786182274831127,0.9786182274831127,0.9957236454966225,0.9893091137415564,-0.7133650332076331,0.841959451435903,0.042763545033774664,2.151507396239321,0.617011664283341,1.115672666937713,0.935704591494041,0.7676198379413236,4.303014792478642,1.072909121903939,0.18804254312344523,246.2645820480986,0.6063567131777143,0.21792707698107514,5.021182810257179,16.76848176739233,78.61761068736521,4.163533528998082,0.24265851024622206,2.8404296084287832,131.24577439143894,0.3641715241709079,0.29454545454545455,2.5711905433226327,0.2353766505192007,1.2678512517598175,0.054054158242097826,28.814814814814813,0.53360768175583,0.26611796982167346,5.37037037037037,1039.9444444444443,4720.833333333333,255.27777777777777,0.2366255144032922,9.962962962962964,0.18449931412894377,0.03174622467417637,0.2529672089219668,0.004505025946237453,3.9870076825784295,0.03927272727272727,391.5819615912209,2.7853790464865513,446.19272727272727,0.32450380165289255,3.48464132231405,896.4341818181819,0.19054862809917356,4.834181818181818,47.62254545454545,225.03490909090908,11.851272727272727,0.2467070707070707,0.03099757839162601,0.15872702947845804,0.0073746350854221225,4.410677206229352,0.03677955538198579,0.14592949081537407,0.002600315116787711,0.0939263844963327
0,1285,25,1.7195999199119674,2.2096045764147014,4845.467335215634,0.9393797675896289,0.24738797196478668,3.192195189543214,2.4516099832734057,0.15145232369498682,1.939848895528287,1.9258455218982533,1.2898278198524058,1.161782163421,0.10437322064449654,1.9494528815603693,-0.004099509512334156,193.8186934086254,0.5414268358323722,0.037352799941710944,2.016042082691081,1.0913077383909027,0.5150033849888654,0.8601698041310666,0.04518077033860016,0.9000975355529358,0.04518077033860016,0.26245220513165773,0.04293824948064058,0.9774096148307,0.9774096148307,0.99096384593228,0.9849397432204667,-0.7215513493096782,0.8582658864401211,0.04518077033860016,1.3462108226201268,0.5043864632845261,1.189600252681239,0.900097535552936,0.6311987922105728,2.6924216452402536,1.1444194823426392,0.22633764361741665,168.95055501492504,0.5177964173914352,0.24110179130428236,2.2184394347676353,29.462021728019145,51.14511293416139,24.04124892648359,0.6953901413080912,2.942456899690998,103.29720318608567,0.35841839470794384,0.2556862745098039,10.078112141211752,0.205758341720782,0.47944124614631706,0.13733761561439825,18.513513513513512,0.5003652300949598,0.2498173849525201,2.4594594594594597,2226.6216216216217,3472.837837837838,1915.0675675675675,0.6351351351351351,7.594594594594595,0.20525931336742148,0.031297300341550593,0.11809978245656763,0.00959667981279634,3.858102014277592,0.029019607843137254,1039.1672753834916,2.811441784239696,435.38117647058823,0.3414754325259516,3.383028681276432,690.3192156862746,0.22928658208381392,2.068235294117647,51.74823529411765,102.98117647058824,38.94,0.7329411764705882,0.027934164653515725,0.06182846904193777,0.01946058855641022,202.72284482758616,0.03614583355481517,0.043397185697808524,0.009910275603400399,0.03629215182216847
0,1285,25,1.4851938609875925,2.0061373471497137,2658.4432939240937,0.4909802386739808,0.2618195104010834,3.068610740966025,2.2429882234191205,0.1616923903996069,1.7565796550967163,1.7642919146808635,1.0744399011658032,1.1685483222533173,0.11192174364700522,1.7684966343742505,-0.22439503931203786,106.33773175696376,0.80880553633218,0.042008261093352144,1.3240822504089769,0.9881896699687649,0.5531121729424372,0.3715539653657183,0.02881932443952904,0.8565874866001794,0.02881932443952904,0.18710463835510946,0.027940949129334675,0.9855903377802355,0.9855903377802355,0.9942361351120942,0.9903935585201571,-0.6719378542933416,0.7026010953271442,0.02881932443952904,1.1128306375429138,0.7718724059680416,0.6755039645420184,0.8565874866001743,0.8727597002373217,2.2256612750858276,0.6466846401024897,0.10009332245131183,195.51543755119704,0.7855592759533079,0.10722036202334609,1.3665327815644273,16.607906369298775,22.101624781688074,15.23447676620145,0.9083668046088932,2.155394718677674,94.01560910959645,0.44084855419914243,0.29205882352941176,1.9508533593160804,0.22571209997135921,0.3424584012800287,0.19652552464419187,25.057142857142857,0.7159183673469388,0.1420408163265306,1.5142857142857142,732.3428571428572,971.5714285714286,672.5357142857143,0.8714285714285714,13.17142857142857,0.3763265306122449,0.016257695055871272,0.04942083781454537,0.007966909366202746,2.4367497061348486,0.041176470588235294,142.5469387755102,2.301986558558396,289.89176470588234,0.3410491349480969,3.5032581314878897,687.484705882353,0.09559723183391004,1.3211764705882354,47.90588235294118,62.231764705882355,44.324411764705886,0.9197058823529412,0.03035548552754435,0.04281087212662843,0.02724163887777333,9.151935297515886,0.08048226234061356,0.02923552479815455,0.0026917181355587214,0.08356545961002787
0,1285,27,1.0179905726066885,2.161599992287589,1168.2804156475531,1.1796217054949936,0.731984476551303,1.7065179422920773,2.32781090541154,0.36014802447917604,1.6599060685402063,1.7351403799446496,0.9141404183866011,1.4136704870249388,0.2972575763153124,1.7090058628099796,-0.2802635413550836,46.731216625902135,0.5037375,0.1654128827422789,5.246564164948848,3.4041027254605485,0.173826852478984,1.1546549143790883,0.07475074560322643,0.8786436137593338,0.07475074560322643,0.37804076935714703,0.06862714535969272,0.9626246271983868,0.9626246271983868,0.9925249254396773,0.9813123135991935,-0.6742008519057682,0.8917018177592683,0.07475074560322643,2.230808097089082,0.44398806176431294,1.5759008316104042,0.9210457817944065,0.6019174778042526,4.461616194178163,1.5011500860071783,0.3073514149955787,58.92678196615978,0.4769927488241621,0.34256216411001733,5.096888163061327,16.628307988862712,89.66482383808096,3.909317290759382,0.2846756929075145,3.355765633914833,31.441443920896692,0.26508651494225555,0.30812500000000004,3.8979466552356516,0.29325422817455593,1.3851108215969488,0.09556362619171485,7.421052631578948,0.39058171745152354,0.47091412742382266,4.684210526315789,968.6315789473684,4838.368421052632,225.17397660818713,0.3713450292397661,1.736842105263158,0.09141274238227147,0.08194570196713195,0.13236675889130323,0.07064631952043983,4.037401197654106,0.0475,525.4182825484763,3.283840903727224,113.755,0.2843875,3.833775,201.495,0.30344374999999996,5.2875,46.54,250.8025,11.141041666666665,0.2559027777777778,0.03619030257936508,0.17104833593159488,0.01217392086850172,2.6110046012269943,0.07832195217465794,0.20892394885847018,0.007758888107638889,0.20027159152634433
0,1285,27,1.2377184440975577,2.246845892581725,1802.6851018506277,0.9469249146830672,0.5853732620490355,2.398776563206309,2.491942591534641,0.29542718280587515,1.7310971964065949,1.709861207994937,0.8793282230931146,1.6126143684415264,0.20815879726627373,1.7706226376497092,0.09709049811481331,72.10740407402513,0.5892627599243857,0.13840702155083992,5.259765103572761,1.9201184483885458,0.5952709099311676,0.8673639056741356,0.00887137306189506,0.9797649502494924,0.00887137306189506,0.06858246093209197,0.008750377014700722,0.9955643134690524,0.9955643134690524,0.9991128626938105,0.9977821567345262,-0.9495015135843891,0.9131810310626471,0.00887137306189506,2.2461367603586275,0.5818872109158812,0.9942511936187327,0.9999999999999951,0.7159105647998529,4.492273520717255,0.9853798205568378,0.21905881968400764,89.88892108647403,0.5810952771757396,0.2330933678834815,5.146889493479502,19.746119089945545,105.38295655657706,4.332010058882499,0.23934685757320234,2.491148251234783,61.48494656298818,0.47377907806928676,0.268695652173913,2.1868799395083225,0.1865720914886618,0.9116794836366304,0.05146857708533249,11.210526315789474,0.590027700831025,0.2382271468144044,4.894736842105263,1069.7368421052631,5907.894736842105,225.69444444444443,0.260233918128655,9.0,0.47368421052631576,0.0018760233918128655,0.006977777777777779,0.0008345029239766082,2.038760752862684,0.03304347826086956,153.8781163434903,2.504493711136713,217.41739130434783,0.378117202268431,3.2854563327032134,338.82608695652175,0.21897920604914933,5.252173913043478,50.213913043478264,266.44521739130437,11.070096618357487,0.22681159420289854,0.02710878958668814,0.1396987251744498,0.00647857174807658,0.3164761178861788,0.553927668285634,0.01580960889935043,0.0006241436307681067,1.1531319086219605
0,1285,29,0.839671328922363,1.6154521517375455,1440.034331188541,0.7795025061612837,0.48361779833348684,2.5841743303882625,1.7329426447612146,0.24955094361163044,1.2469167505686394,1.2890070196653516,0.364921933396291,1.3680207113649236,0.18532056025105167,1.2828692534153012,-0.5455421461590501,57.60137324754165,0.6448757551020408,0.09095213850967813,3.294671476559031,1.2656726392845716,-0.7279408911452527,0.6886508722896963,0.02261852276631831,0.936509105490652,0.02261852276631831,0.15400955932477242,0.02205008802472213,0.9886907386168408,0.9886907386168408,0.9954762954467364,0.9924604924112272,-0.8101323821069146,0.8465185860795001,0.02261852276631831,1.7686602459807301,0.6223152144472707,0.9286304955690972,0.9365091054906516,0.7573509845975709,3.5373204919614603,0.9060119728027791,0.17781734876400362,156.89268404097305,0.6292846655137855,0.18535766724310732,3.2626746676059954,17.455997172206857,57.790306118475954,7.372419935639584,0.43433133309850125,2.455542304258562,94.4680775113674,0.44479426586651616,0.2845714285714286,1.9553929418565303,0.2117522175860558,0.6617161385468061,0.09926123734586823,21.555555555555557,0.5987654320987654,0.2006172839506173,3.1666666666666665,740.1944444444445,2480.4444444444443,305.13194444444446,0.4583333333333333,14.11111111111111,0.39197530864197533,0.04420531342015694,0.15152552930549648,0.017375259448822053,2.7403274942869853,0.04114285714285714,149.4344135802469,2.5105727941376568,310.1817142857143,0.35449338775510203,3.457222530612245,564.2662857142857,0.17756212244897956,3.3074285714285714,48.66171428571428,162.096,20.303142857142856,0.42314285714285715,0.03028274592376633,0.09867762930569052,0.013184025078285281,3.7578634906759905,0.1017679516243619,0.022460059863945576,0.003980773678522837,0.10195412064570943
0,1285,31,1.0305156159650932,1.8034170841493782,2419.648167792523,0.5877403502502339,0.4962719875612316,2.241817465367306,2.126008539768572,0.26287305666531974,1.4680967494591173,1.527026559708063,0.7048270824755914,1.4211814572929806,0.20120040314075216,1.5002784757915035,-0.3269159184712879,96.78592671170094,0.802648783126014,0.09552743915085027,3.904420504411809,1.3476242893355697,-0.21351419866130533,0.38056482313071793,0.03687884062944102,0.8227281171333704,0.03687884062944102,0.2256498616128605,0.03542272833610281,0.9815605796852794,0.9815605796852794,0.9963121159370559,0.9907802898426398,-0.6316049753800277,0.7189795583970027,0.03687884062944102,1.9540976635081178,0.7708435417234989,0.7943842812013815,0.8368874276314929,0.8750913089912212,3.9081953270162355,0.7575054405719411,0.10436091594003977,238.05496806618504,0.7403491378049217,0.14365115918994847,3.9168602514161095,16.101905932882442,63.52855211677556,4.693960602973187,0.3204815439721531,2.4311727166164623,115.93460649815256,0.4153708558610665,0.29837209302325585,2.146275694298975,0.24253743741522177,0.961111946127676,0.08657829674207371,27.59090909090909,0.6270661157024794,0.2190082644628099,3.8636363636363638,918.4318181818181,3645.0454545454545,251.67739898989896,0.35984848484848486,10.772727272727273,0.24483471074380164,0.05461833690398412,0.21120580528614055,0.01723076619597076,3.358555211870308,0.04093023255813953,321.51807851239664,2.4668746541637767,347.98604651162793,0.3237079502433748,3.548853650621958,862.8474418604651,0.10591325040562466,3.9293023255813955,47.28093023255814,186.2679069767442,13.828242894056848,0.30281653746770026,0.032503714250558105,0.12855171899078321,0.010533806407767432,2.6938907044299203,0.05433702094965948,0.11144262193870552,0.0012750641696119003,0.11970230162176733
0,1285,9,1.4336618716035152,2.2065049911110957,1944.9989291125182,1.1501390444190305,0.30325999565859885,5.189872385207928,2.3057470512765956,0.23055848545313423,1.8979823389650319,1.9735445102627442,0.749326138619596,1.5564209126569997,0.1352978894495095,1.9247752764871604,-1.5623691915725069,77.79995716450074,0.4783419501133786,0.10242290595305238,6.009315857207246,2.4644366723935396,-0.09422790131605505,1.1255457001601108,0.06836981963103833,0.8853800421543221,0.06836981963103833,0.3572378945072203,0.06347066860019035,0.9658150901844809,0.9658150901844809,0.9931630180368962,0.9829075450922404,-0.6764302986471156,0.887618735226007,0.06836981963103833,2.3968761416382653,0.4234084229636509,1.5249472376762077,0.9008147534214784,0.5098188897147783,4.793752283276532,1.4565774180451698,0.2984788799477873,76.74899210516209,0.4629396610610323,0.32563916947404986,6.041042001480781,14.303510822365958,86.99631937948651,2.9286721333694334,0.22253792219176238,3.086735997500215,51.435761429185845,0.3400811705384282,0.3157142857142857,2.0156278281401185,0.27045598436615637,1.608171656369956,0.06714668118093804,11.538461538461538,0.4437869822485207,0.3668639053254438,5.6923076923076925,545.7307692307693,3465.846153846154,104.7190170940171,0.25427350427350426,5.615384615384615,0.21597633136094674,0.12219261866946053,0.6730076831318603,0.02845751995959682,3.483074931433271,0.049523809523809526,138.00147928994085,3.1683082923198707,161.61714285714285,0.3078421768707483,3.6741006802721086,251.12952380952382,0.29789024943310655,6.076190476190476,45.59047619047619,277.8247619047619,9.328730158730158,0.21137566137566138,0.037821710518422536,0.22398413748215334,0.00877252705658003,2.903504397254397,0.06787386726826615,0.2116071148085022,0.006489639281300827,0.19718270765387552
0,1382,11,1.3266452101521202,1.9304882997933486,1049.1678027200758,0.2802972131580823,0.2790791118363254,2.987616774604679,2.111289757733321,0.18178576712082978,1.7162863940323632,1.792849392784492,1.1620563780518276,0.9492333796814936,0.12313069959749952,1.7313642867651888,-0.9194214678372672,41.96671210880304,0.9075755102040817,0.05198330714531939,1.130533689573278,0.4872182537057618,0.2639377226315063,0.1573700784808859,0.023089382845760686,0.741591857495957,0.023089382845760686,0.15491772795548675,0.022467772440838446,0.9884553085771196,0.9884553085771196,0.9953821234308479,0.992303539051413,-0.5467672534102554,0.5038983227134312,0.023089382845760686,1.0473594603320526,0.8873024968958382,0.3989303262082309,0.7415918574959252,0.9410958482450669,2.0947189206641053,0.37584094336247054,0.045114865331661654,85.73918203312631,0.8569762260906417,0.07151188695467918,1.2334425526252746,17.523694039267625,19.21210090216505,17.101592323543265,0.9416393618436814,1.8908649966657154,38.41218439808076,0.4533430052053023,0.2857142857142857,1.8998115210954334,0.2089155641434761,0.3108147954351866,0.18344075632054846,9.615384615384615,0.7396449704142012,0.13017751479289943,1.4615384615384615,916.1538461538462,963.4615384615385,904.3269230769231,0.8846153846153846,5.3076923076923075,0.40828402366863903,0.010134462506996076,0.036952882182558607,0.0034298575881054408,1.8542858719872441,0.037142857142857144,191.301775147929,1.9649547371031835,124.88,0.3568,3.3926530612244896,317.6514285714286,0.046212244897959186,1.1457142857142857,48.47428571428571,53.24857142857143,47.28071428571429,0.9635714285714285,0.02927274682359716,0.03857783941618976,0.02694647367544901,2.0917363433667777,0.27980786526585083,0.020422176870748297,0.0010023655976676383,0.26344676180021953
0,1382,17,1.625792034003527,1.983763903793965,3423.6447095201656,0.43805728476014044,0.12476220418906903,4.451226901022905,2.166928207712233,0.10313862569336217,1.7996034887101922,1.803859383835948,1.3013417537092178,0.8655864540030154,0.05689752904614768,1.805717034606149,-0.6353884962497757,136.94578838080665,0.8354195011337868,0.02204129248892939,1.265066705947141,0.8913417069125351,0.49130017525346814,0.31214491917537684,0.022151215403674724,0.8676730314004009,0.022151215403674724,0.1521775790912799,0.021623943327283752,0.9889243922981626,0.9889243922981626,0.9955697569192651,0.9926162615321084,-0.6982082807986103,0.6784087958513028,0.022151215403674724,1.0920474378829927,0.8112279893831905,0.5771523077135372,0.8676730314003926,0.8968769544151699,2.1840948757659855,0.5550010923098628,0.0835740336447629,238.40092791826234,0.8026743644126937,0.09866281779365316,1.3330670797835458,18.061768758096143,22.046134032558705,17.065677439480503,0.9167332300541134,2.1397806642245074,112.24035438344109,0.44375345972159774,0.28214285714285714,2.268629118037158,0.2146200608197541,0.3084894905439449,0.19115270338870632,26.57894736842105,0.6994459833795014,0.1502770083102493,1.5526315789473684,1062.6842105263158,1212.1315789473683,1025.3223684210527,0.8618421052631579,11.894736842105264,0.31301939058171746,0.056751898090780115,0.14454661402441651,0.034803219107371,2.715811782923711,0.03619047619047619,299.180055401662,2.1931732943190116,366.88761904761907,0.3494167800453515,3.4176870748299315,877.1904761904761,0.08229024943310657,1.2714285714285714,48.883809523809525,60.54380952380952,45.968809523809526,0.9321428571428572,0.030186030876195275,0.04190476535411342,0.027256347256715736,8.375789760348585,0.08193549855474884,0.02324708994708995,0.001774465140553576,0.08833271991166729
0,1382,19,1.7577380802268963,2.1627258062609025,4008.8928630716287,0.9201888300252312,0.1981285625226783,3.3270572876829863,2.4273206037529844,0.12578743498107472,1.94725396867681,1.9417171789562615,1.4810331016089706,0.9462875021440138,0.08398419801178557,1.9539685777732867,0.45184548172114736,160.35571452286518,0.5542929705215419,0.02619518439777294,1.9846815633859944,1.0705192935417034,0.5149226175041732,0.8316524675405816,0.06462786352534286,0.8558849764814922,0.06462786352534286,0.342959267045046,0.06022792515272593,0.9676860682373285,0.9676860682373285,0.9870744272949313,0.9784573788248856,-0.634809858552073,0.8296074975250545,0.06462786352534286,1.3389984983828886,0.4916319093143118,1.2613237578742988,0.8558849764814925,0.62868756985444,2.6779969967657773,1.1966958943489563,0.22407008276648113,176.86616176491438,0.5434395098671847,0.22828024506640762,2.0586305662376434,15.338823689958843,30.019051784612813,11.668766666295353,0.7353423584405893,2.9478475017551635,96.70467110246696,0.32422905682314124,0.30952380952380953,2.580138601642014,0.2664742132669356,0.5612654096460961,0.19277641417214547,25.041666666666668,0.5217013888888888,0.23914930555555555,2.1875,747.1666666666666,1389.5416666666667,586.5729166666666,0.703125,5.958333333333333,0.12413194444444445,0.05611172583032556,0.09281071942674653,0.04693697743122031,4.417176088116766,0.045714285714285714,268.65104166666663,3.0166722020377836,310.7885714285714,0.2959891156462585,3.6322902494331064,582.0076190476191,0.22285351473922904,2.005714285714286,46.19238095238095,91.14095238095238,34.955238095238094,0.7485714285714286,0.03433883189960287,0.06935764556263423,0.025584128483845035,2880.6111111111322,0.03037549902605543,0.06270718065003779,0.013735558694165494,0.030903940252382186
0,1382,21,1.4598968860799375,2.303840625174866,3474.72044853042,0.9971480614795865,0.3121255968054637,3.3916037605835605,2.50828623585994,0.2188014897207297,1.9710602569741655,1.9789956326977995,1.1022863340441151,1.405999901815825,0.14107619258661253,1.9927641817422266,-0.8261242192117619,138.98881794121684,0.5019755102040817,0.08603054741170102,2.392210645474064,0.9577807550773879,0.1036736414574477,0.9492812837057383,0.04757817766820946,0.9045452448003576,0.04757817766820946,0.2732234612020357,0.04515400107268752,0.9762109111658953,0.9762109111658953,0.9904843644663581,0.9841406074439302,-0.7262715205463761,0.8738114754359226,0.04757817766820946,1.4719999114360562,0.45641626824033854,1.270843621943293,0.9045452448003581,0.5042109997298392,2.9439998228721125,1.2232654442750839,0.24921486534348694,132.9353410956859,0.5025988948406667,0.24870055257966667,2.392164875354531,15.620778754291685,38.79898165771011,9.82622802843708,0.6519587811613673,2.892191278843951,87.21674876847291,0.37145262851674576,0.3022857142857143,2.164588837607699,0.2450081524025462,0.6156300886597112,0.15235266833825495,20.2,0.505,0.2475,2.35,648.225,1704.375,384.1875,0.6625,9.75,0.24375,0.0333657549017571,0.0511863959118376,0.028910594649236964,3.655152233310927,0.045714285714285714,169.709375,2.930950628049612,282.584,0.3229531428571429,3.5164656326530617,439.22857142857146,0.2490122448979592,2.4057142857142857,46.83542857142857,113.34285714285714,30.208571428571428,0.6485714285714286,0.03183105280207321,0.0764913065543678,0.020665989363999566,24.157335680751167,0.05101532646164985,0.044804462585034004,0.011196064839650141,0.05083668714255456
0,1382,23,1.6074777280362682,2.1047210916882113,3670.319830598476,0.7821388036402597,0.27000793726920946,2.547987161898332,2.345221855920239,0.15305619878438634,1.8602655379829256,1.867013059724155,1.4409645031346598,0.9042573527855793,0.11121390202726461,1.8696370492178616,0.22517661979676498,146.81279322393908,0.6432399092970522,0.03495482400116844,1.6678251049596575,1.176796431590755,0.675409530978065,0.6571390378171098,0.055114709245831596,0.8452338217224313,0.055114709245831596,0.3046658164593268,0.05184093116328794,0.9724426453770842,0.9724426453770842,0.9889770581508337,0.9816284302513895,-0.628552058866111,0.7887725493861539,0.055114709245831596,1.231794153194191,0.5920321953052413,1.0712523297163872,0.845233821722431,0.7406484921828932,2.463588306388382,1.016137620470556,0.17806343676573533,193.47016216835058,0.6052991435594347,0.19735042822028265,1.812577002906514,15.783291487395793,25.197992437752063,13.429616249806724,0.7968557492733714,2.863600358878136,93.54376498246137,0.3204645346604975,0.30357142857142855,2.5603686535165333,0.2519091557186627,0.5045774775265766,0.18874207526668418,26.574468085106382,0.5654142145767316,0.2172928927116342,1.9574468085106382,675.8723404255319,1015.3191489361702,591.0106382978723,0.7606382978723404,8.574468085106384,0.18243549117247623,0.010344162670960977,0.026263700731799292,0.006364278155751397,3.964059330355002,0.04476190476190476,176.77772747849707,2.821688275917369,314.7542857142857,0.2997659863945578,3.5191836734693878,675.4019047619048,0.17838004535147392,1.697142857142857,46.70285714285714,75.88571428571429,39.40714285714286,0.8257142857142857,0.031330928535435336,0.0567815894611813,0.024968263303998848,44.85267295597482,0.03680813845468919,0.051748390022675714,0.009192235194183489,0.0369628831048822
0,1382,25,1.807078715779837,2.385059670528052,4496.830469996334,0.9991518824216158,0.3604616916334207,2.3177315473164777,2.588761981204365,0.18899123719355615,2.0570664642585537,2.009625304967174,1.5681754166306767,1.0205865645736885,0.14099688669632127,2.0694674884401527,0.29274225897025175,179.8732187998534,0.5005877551020408,0.051173247333606044,2.5255975631501744,0.9513030662174464,-0.06272298527555377,0.9481454152252629,0.05068441566743375,0.8985148577166477,0.05068441566743375,0.2881514127407084,0.04804135673402243,0.9746577921662831,0.9746577921662831,0.9898631168665133,0.9831051947775221,-0.7116532854253573,0.8706563914378986,0.05068441566743375,1.5169799236612973,0.45254372781962926,1.2872629369910702,0.8985148577166481,0.4916377158275802,3.0339598473225937,1.2365785213236367,0.24970745772317418,135.15614034537853,0.5005498025418922,0.24972509872905385,2.539244990867222,38.66902642293719,98.58362716101848,23.690376238416867,0.6151887522831945,3.2109564910809576,74.2125344094288,0.2880600664019543,0.2571428571428571,17.76265269276755,0.20750163371309224,0.5297991358499766,0.12692725817887113,16.0,0.5,0.25,2.5,2788.1875,7114.84375,1706.5234375,0.625,4.1875,0.130859375,0.006570087428858747,0.014484257851689768,0.004591544823150991,4.086897470347692,0.030476190476190476,1711.52734375,2.9510334789881023,344.32190476190476,0.32792562358276645,3.33578231292517,525.6171428571429,0.2497061224489796,2.5514285714285716,51.53904761904762,131.6847619047619,31.50261904761905,0.6121428571428571,0.027203490293824757,0.06925266964810617,0.016691195455254413,22.512305699481864,0.04027733824333266,0.047291156462585034,0.011807532361516033,0.040281973816717026
0,1382,27,1.5432368276839172,2.3565895619423824,4031.694584895624,0.9875037037775063,0.41892249301487183,2.008303319884368,2.42106559351556,0.22884014992211058,1.9403960967572929,1.9481627887678157,1.414089924869732,1.0069756686458278,0.17556988271327226,1.9595175754435128,-0.0012777898717031097,161.26778339582498,0.5086367346938776,0.07457211616108478,2.3285784818388575,0.9660812567508036,0.1778728884885037,0.9395899581435209,0.050427870187196355,0.898102323630103,0.050427870187196355,0.2861938023851596,0.04775304112084178,0.9747860649064019,0.9747860649064019,0.9899144259625607,0.9831907099376012,-0.7120824034622355,0.8691594379981147,0.050427870187196355,1.4512641389774852,0.45723804471379964,1.2785836515596984,0.8981023236301034,0.5235219259289166,2.9025282779549704,1.2281557813725024,0.24750445708267926,142.217552332832,0.533385593484908,0.233307203257546,2.1511653528196764,36.215345819528025,104.52759083947,19.137284564542533,0.7122086617950809,3.109589434838929,71.8478370918447,0.279909590586767,0.25690476190476186,14.947088087437809,0.22171583201469214,0.4542921438866726,0.16357175404669694,19.060606060606062,0.5775941230486685,0.21120293847566574,1.9090909090909092,2324.181818181818,7233.636363636364,1096.8181818181818,0.7727272727272727,4.757575757575758,0.14416896235078053,0.06635333179618662,0.07110240253349082,0.0651660641118606,3.7556266947226646,0.03142857142857143,1311.7851239669424,2.932401620816118,348.37714285714287,0.33178775510204084,3.478853514739229,534.0685714285714,0.24568163265306123,2.302857142857143,51.70857142857143,122.33714285714285,34.05142857142857,0.6742857142857143,0.029743159635988434,0.06334196870988255,0.021343457367514907,43.47020440251572,0.037978735525128364,0.050153378684807244,0.012248984256559764,0.03820439350525311
0,1382,29,1.053557890008455,2.0626523693910896,2196.4666581198017,0.9905931832043882,0.41949327539039816,2.6564327008249053,2.253520930402531,0.28354960156046827,1.6457840824112933,1.745473353400942,0.7981951270936657,1.4553258033088654,0.19344263543873103,1.6834935481332252,-0.6954146486043193,87.85866632479208,0.6246343392299688,0.12554528068781323,4.397929033557917,3.2209786585599653,0.0974319525139099,0.8494861853235102,0.042818925605628964,0.9040124756130283,0.042818925605628964,0.25422194961694106,0.040937285795332276,0.9785905371971856,0.9785905371971856,0.9957181074394371,0.9892952685985927,-0.7349218527124102,0.8748250955280577,0.042818925605628964,2.0484755684331843,0.5894652635846671,1.2496169569864968,0.9147873825477636,0.7531543145691912,4.096951136866369,1.2067980313808684,0.2230762777322848,127.25246999414233,0.5800053552401819,0.25723611349022213,4.592424167828036,19.298226766125786,83.1052628593136,5.600883561600832,0.2942033564998068,3.0555217368944265,64.4732871694712,0.32709310018481186,0.28193548387096773,3.6542749223702424,0.22522732540028623,1.0743987717843158,0.06290388753256257,16.096774193548388,0.5192507804370448,0.3059313215400624,4.838709677419355,898.6774193548387,3771.483870967742,254.92025089605733,0.29121863799283154,7.32258064516129,0.23621227887617066,0.007055805849280712,0.049599901272721514,0.0013573854010174842,3.3797242037038457,0.04,273.67741935483866,2.8318182648528185,258.37548387096774,0.33338772112382936,3.477953798126951,484.0916129032258,0.22415983350676383,4.443870967741936,48.96645161290323,213.3832258064516,14.475878136200718,0.2953046594982079,0.029035775445184046,0.13237876953648844,0.008445156063885796,2.528383804892425,0.0677541819993895,0.12108637865212495,0.0030088837866768113,0.17183168956458075
1,1263,11,1.2636152318497922,2.1677240961100748,2168.9399191266607,1.0466265420050695,0.41931280916935676,2.939239431028885,2.3791184312685503,0.27501704705944696,1.8312327860584687,1.9354874507237079,0.816709129925057,1.5624093013434934,0.18781457427281445,1.8628751623774087,-0.9142259293660685,86.75759676506644,0.5099596799999999,0.1168903538671962,5.891719457013575,1.39908877334596,0.2636058380155408,0.9380905450503807,0.08239946328181622,0.838425485440302,0.08239946328181622,0.4065147246242822,0.07519973581018938,0.9588002683590919,0.9588002683590919,0.9917600536718184,0.979400134179546,-0.5986213359419443,0.8407502864500758,0.08239946328181622,2.3828103758986114,0.43985277370214804,1.452140689054818,0.847251890331312,0.5571225832990538,4.765620751797223,1.3697412257730024,0.2551225020830492,93.47690282329924,0.49170614660550416,0.2827500817251339,5.943412738653521,16.74573504903916,97.57804596172073,3.397971029551576,0.21192911464835767,3.2833603262685256,46.896674563419175,0.25778878083173756,0.304,3.4992809526276925,0.2738756627927475,1.5877418452111023,0.06533627796029179,12.23076923076923,0.47041420118343197,0.31360946745562124,6.0,778.8076923076923,4487.076923076923,157.85149572649573,0.22008547008547008,2.3076923076923075,0.08875739644970414,0.014509112137886675,0.0697082358448795,0.0038263479583399316,4.180832987205435,0.0416,200.96005917159763,3.15059708815132,182.0368,0.29125888,3.6373759999999997,318.7248,0.25819136,5.9264,46.776,276.2912,9.334977777777778,0.20395555555555556,0.032792425547996974,0.19263372562358277,0.0071612909213067955,4.888593820478123,0.043250549858657214,0.2845435737996555,0.006722155497244444,0.1314960737453056
1,1263,11,1.5151564502873387,2.5273653552857955,2523.5998090544017,0.8579163978157112,0.3943486647381309,3.232963883711701,2.721413675919048,0.28417602070762704,2.1103830305244022,2.1964274789027307,1.042855887223575,1.678557788695473,0.18669115676010375,2.142046518913588,-0.871464594710336,100.94399236217609,0.5952066115702479,0.13464675366446263,3.1708958006122643,1.2003192312306814,-0.6714577361341172,0.7491762236342039,0.038927606007102565,0.9011164676023186,0.038927606007102565,0.23568914585883022,0.03732225843933538,0.9805361969964487,0.9805361969964487,0.9922144787985796,0.9870241313309658,-0.7280559025375604,0.8395867356361063,0.038927606007102565,1.7301198678719387,0.5686258267400114,1.069868879764257,0.9011164676023184,0.7106560648683874,3.4602397357438774,1.0309412737571548,0.19702595741032664,78.74958485404647,0.5497551355329394,0.22512243223353032,2.9727610337156696,23.94389132402592,79.54389420577107,10.043890603589633,0.5068097415710826,3.098170966404341,37.23593389002163,0.2858421922454091,0.26,5.5678878461758945,0.2231380169238892,0.6062532076232879,0.12735921924903953,10.4,0.52,0.24,2.8,1568.2,5221.75,654.8125,0.55,1.7,0.085,0.08127823177085829,0.2707609537867092,0.033907551266895555,3.921928094887357,0.03636363636363636,811.95,2.7176771892166784,183.82909090909092,0.3342347107438017,3.611781818181818,327.3636363636364,0.20239669421487605,3.1545454545454548,51.49818181818182,167.29272727272726,22.549545454545456,0.46136363636363636,0.03002658357955977,0.09135980267527886,0.014693278805629997,4.746128608923884,0.0912471830888554,0.039851790633608816,0.008028402203856751,0.09167303284950343
1,1263,11,1.622972635264426,2.4609438952388665,1154.2347119051085,0.9481452681505367,0.41523707186001335,4.511899050216721,2.558874537388537,0.3081508207640759,2.1100164329122175,2.229905589450957,0.8776895577459207,1.6811849796426164,0.18355357182003165,2.1487063195375105,-1.504718063197704,46.16938847620435,0.6063040000000001,0.16476950046083505,7.666902006172839,4.108291691992803,-1.4664169938225615,0.940364546122447,0.06508101851851851,0.8700300121815133,0.06508101851851851,0.34419711596460123,0.06060263578103567,0.9674594907407407,0.9674594907407407,0.9934918981481481,0.9837297453703704,-0.6431963946115473,0.8318906329758414,0.06508101851851851,2.7291107253086424,0.572784517621885,1.2524834845054738,0.8820859144489035,0.7326851851851851,5.458221450617284,1.187402465986956,0.25136139116024137,42.698799055164976,0.5254852202722217,0.3305626587530589,7.167548995382106,13.616016069635084,107.26797682816013,2.078948971778943,0.19337555074045143,2.76960046664868,26.112172110893237,0.3533953244782052,0.324,1.9991819392979608,0.29385870812394566,1.785754115323515,0.07115472362691462,5.166666666666667,0.4305555555555556,0.4097222222222222,6.25,644.0,5330.416666666667,87.21064814814815,0.24305555555555555,1.5,0.125,0.09083414407520451,0.3621054296028505,0.023876521386261684,3.4182958340544856,0.048,209.97222222222223,2.998979848288644,71.632,0.286528,3.7855359999999996,151.576,0.259344,7.636,44.848,355.868,6.755222222222223,0.16766666666666669,0.038385323759133276,0.2547608100277148,0.00781613655132835,0.6773593466424682,0.16745930738830464,0.1962265785251285,0.005662344000000001,0.527145038167939
1,1263,14,1.485799841748452,2.3532958942391176,4237.053065370585,0.999984394805379,0.4080219633360511,3.0973286577598027,2.7146045997903245,0.25849737843084136,1.9576865573051927,2.000803723460848,1.0223722401154953,1.6922323596748292,0.17264372739403566,1.985307208462367,-0.5920393022973122,169.48212261482342,0.5000108166576529,0.10890805531917971,2.4735347366894835,0.9341655639410634,-0.007826172581694518,0.9339842162244012,0.06594705554665263,0.8680976186992388,0.06594705554665263,0.3490837615813621,0.06146802207848557,0.9670264722266737,0.9670264722266737,0.9868105888906695,0.9780176481511158,-0.6509032085304933,0.8524724364132984,0.06594705554665263,1.5021694214876034,0.43856634203598743,1.3490310041215352,0.8680976186992393,0.47033225735064066,3.0043388429752067,1.2830839485748826,0.24998281794276347,162.57482165675592,0.5002946383971515,0.24985268080142425,2.5067448459054003,16.23243683781581,41.57372996468351,9.897113556098885,0.6233137885236499,3.134740514195294,91.64786139032267,0.30514022013532105,0.3023255813953488,2.9587049227337037,0.26117100595190657,0.6723875673358604,0.15836686560591814,22.511111111111113,0.5002469135802469,0.2498765432098765,2.466666666666667,817.8888888888889,2088.4222222222224,500.25555555555553,0.6333333333333333,6.644444444444445,0.14765432098765433,0.0379050577849003,0.05656929905297004,0.033238997467882864,4.376723997054465,0.04186046511627907,247.2098765432099,3.122515767707708,313.9972093023256,0.2920904272579773,3.5903515413737157,537.5116279069767,0.2499945916711736,2.5069767441860464,46.905116279069766,117.68279069767442,29.210697674418604,0.6232558139534884,0.032523375344970025,0.08060226801314842,0.020503652177925432,33.31269659239841,0.029605484784895504,0.06284190682222049,0.015708685632352223,0.02960821980578419
1,1263,14,1.7355044450970103,2.508681805228927,3901.080364050673,0.8276595497921041,0.377253245665889,4.03393253559668,2.998050586641184,0.2521896367483774,2.1486247009804917,2.183872264221715,1.0664618110509343,1.9315887755902499,0.16050208794439164,2.174530353767305,-0.7029238446254095,156.04321456202695,0.6146189164370983,0.11199415379185391,3.2128721169318792,1.1908239318629896,-0.6748275511492192,0.711012300315745,0.04771589486858574,0.874110339758742,0.04771589486858574,0.27578575959794394,0.045386188990148825,0.9761420525657071,0.9761420525657071,0.9904568210262827,0.9840947017104714,-0.6751289982295555,0.8172461059890772,0.04771589486858574,1.7455766881220574,0.5752497134176858,1.0838552670229065,0.8741103397587418,0.7217187406877644,3.4911533762441147,1.0361393721543208,0.18968204879608264,134.13001060686858,0.5737152584736273,0.21314237076318637,3.0750775951578206,18.73179242473269,61.95097090135966,7.926997805575946,0.4812306012105448,2.9758007916288127,62.98839777282012,0.2933656185924445,0.28272727272727277,3.409370092757526,0.23166653541486262,0.6211113036924512,0.13430534334546546,15.6,0.52,0.24,2.8,1040.1,3533.3,416.8,0.55,3.3333333333333335,0.1111111111111111,0.07707273813632626,0.07996467176078569,0.0763497547302114,4.053235913127285,0.03636363636363636,283.84999999999997,2.7782891562232273,265.5212121212121,0.3218438934802571,3.4635724517906334,507.06060606060606,0.19269054178145087,3.2181818181818183,48.86666666666667,160.93939393939394,20.848484848484848,0.44545454545454544,0.03162128675263596,0.09088274258075847,0.016805922795605336,7.4601575456053055,0.055018645207542564,0.044062197734925,0.00882678390887757,0.05292171995589858
1,1263,14,1.716961553537338,2.605261776169906,4369.620011547281,0.8726179238654882,0.4283873323158587,3.037774077564439,3.0278891338851586,0.26442882085523556,2.177632640189478,2.1930212014286408,1.140088283762265,1.8878008501228936,0.18144414248113144,2.203436712538766,-0.10832226631976043,174.78480046189128,0.5965506172839506,0.11304943054504976,3.1176671861895886,1.1910138652292193,-0.6123217496742446,0.7747315290356095,0.06454228033779148,0.8464473292669071,0.06454228033779148,0.3429561289974838,0.06019523338330779,0.9677288598311042,0.9677288598311042,0.9935457719662208,0.9838644299155522,-0.6223297151151017,0.8181398764978014,0.06454228033779148,1.7146742454656474,0.5266442909481187,1.2320830885934073,0.8573477822144826,0.6764875153352097,3.429348490931295,1.1675408082556165,0.20981845234335025,153.87718251908962,0.5875926742528917,0.21304515408820604,3.2091013047668473,17.705926310326934,56.382498517310395,8.045898504748724,0.45683991997594753,3.026853715746402,72.24113536956037,0.30066947143627176,0.29027777777777775,3.160948429046183,0.26184867659980793,0.8883423718801878,0.11434049894737215,16.11764705882353,0.4740484429065744,0.32525951557093424,3.235294117647059,1198.2941176470588,4120.323529411765,467.85212418300654,0.5065359477124183,2.411764705882353,0.07093425605536333,0.10362600576865838,0.5857204072444562,0.048461882523892,4.5358485029514055,0.03777777777777778,497.6020761245675,2.9673238464935103,267.4244444444444,0.2971382716049383,3.698395061728395,536.8955555555556,0.20356913580246913,3.181111111111111,48.291111111111114,153.07888888888888,22.096635802469137,0.45719135802469135,0.03427444675401025,0.11885269484336945,0.015599020534139581,4.990533318590593,0.03489579082909076,0.236341025644703,0.004248742774402856,0.10067601825249285
1,1263,17,1.7215325863978042,2.131287213308531,5842.517656336636,0.9432174186898876,0.20308259726595668,6.958510017264955,2.3543717468889085,0.13448779451583495,1.9321935793324747,1.957036614254922,1.0532773187492879,1.3010944281396206,0.08306815362935577,1.9414855729298128,-1.429391640942304,233.70070625346548,0.5388395421436005,0.03599420188096368,2.0261543076414616,1.0752085536678986,0.4976589325824257,0.859144810663166,0.051584952937047804,0.886650903959368,0.051584952937047804,0.29183436763635173,0.048836305036201844,0.9742075235314761,0.9742075235314761,0.9896830094125905,0.9828050156876507,-0.6916229239385413,0.8511625848603043,0.051584952937047804,1.3506489280366618,0.49579881316369123,1.2227329044615005,0.8866509039593682,0.6235585954948142,2.7012978560733236,1.1711479515244534,0.22768244090005346,237.306757445636,0.5183962629303811,0.24080186853480945,2.213758653141614,16.875429291552386,32.81961016181181,12.88938407398753,0.6965603367145965,3.0239196074478287,134.9919922488393,0.3243726233007016,0.295,2.7848864945645007,0.24570202908355546,0.600113141986369,0.1570992508578521,30.704918032786885,0.5033593120128997,0.24832034399355013,2.377049180327869,974.5245901639345,1803.2622950819673,767.3401639344262,0.6557377049180327,8.836065573770492,0.14485353399623757,0.02947297413911422,0.10927228790018832,0.009523145698845699,4.436335444184654,0.03935483870967742,328.8648212846009,2.9772475651608223,475.6864516129032,0.30689448491155047,3.540077419354839,835.2012903225807,0.2305802289281998,2.081935483870968,47.62967741935484,95.41096774193548,35.68435483870968,0.729516129032258,0.031518609851347947,0.0710591217012492,0.02163348188887263,232.26555118110244,0.026273212595208612,0.04911171696149844,0.011447192655499984,0.025990903183885646
1,1263,17,1.6302932735612485,2.021395368453087,3975.577627534086,0.5786394250839682,0.2258900573866478,2.390726173230072,2.136159593622656,0.12472846653158261,1.8332320953916066,1.8496033942187322,1.4514063812780604,0.6847532123445956,0.09115770962590573,1.839421191925766,-0.25392137810599735,159.02310510136346,0.7622728836577637,0.02273040573170334,1.4084047261882253,1.1067085048471645,0.6290033554726239,0.4541761312577677,0.031228403712501348,0.8711122664310335,0.031228403712501348,0.1977037076698049,0.030133132939013346,0.9843857981437494,0.9843857981437494,0.9937543192574997,0.9895905320958329,-0.6925363672520838,0.7442909101494521,0.031228403712501348,1.141339642681492,0.7271645995758521,0.7681556005891426,0.8711122664310308,0.8430461554622574,2.282679285362984,0.7369271968766415,0.12135113374256724,226.75423312675673,0.7332715142162842,0.13336424289185786,1.4771292627586439,23.240217996621027,32.60036339041469,20.900181648172605,0.880717684310339,2.5164992135870268,99.39876110490252,0.36837439804721744,0.26361702127659575,4.245137455175768,0.2003861400830212,0.34493342194095405,0.16424931961853795,27.2,0.68,0.16,1.6,1333.625,1801.775,1216.5875,0.85,9.95,0.24875,0.03716558336078707,0.0667480929271136,0.029769955969205435,3.1041625260016525,0.03404255319148936,470.73437500000006,2.3276822877124803,418.81617021276594,0.3564392937980987,3.4349414214576734,895.6706382978723,0.11886355817111817,1.4136170212765957,50.92170212765957,70.3463829787234,46.06553191489362,0.896595744680851,0.028749138268388524,0.04388798172539307,0.024964427404137384,15.05304184808902,0.056645365063308216,0.03004884261355063,0.0036223880103637925,0.055852920642308596
1,1263,17,1.4165632280002962,1.7709281264706938,2778.444010518192,-3.203426503814917e-16,0.14607073771429469,3.9738326904486643,1.9711159542265149,0.10211590094468692,1.565442759798343,1.5463789557754026,1.1357019351406428,0.8354140190858721,0.06283942589266102,1.57153683041458,0.4380219695006964,111.1377604207277,1.0,0.019116975144451716,1.0,0.0,0.0,0.0,0.0,1.0,0.0,-3.203426503814917e-16,0.0,1.0,1.0,1.0,1.0,0.0,0.0,0.0,1.0,1.0,-3.203426503814917e-16,1,1.0,2.0,-3.203426503814917e-16,0.0,287.0,1.0,0.0,1.0,22.161566109455165,22.161566109455165,22.161566109455165,1.0,1.4606339118170806,120.08495188587315,0.5085251361237224,0.2551111111111111,2.4559312891735887,0.16669357535932705,0.16669357535932705,0.16669357535932705,31.0,1.0,0.0,1.0,1754.032258064516,1754.032258064516,1754.032258064516,1.0,17.903225806451612,0.5775234131113424,0.0012519713261648748,0.0012519713261648748,0.0012519713261648748,1.1865571977586558,0.027555555555555555,437.04474505723203,1.5305763540302775,436.1537777777778,0.38769224691358023,3.2161058765432102,1125.0,0.0,1.0,51.64533333333333,51.64533333333333,51.64533333333333,1.0,0.025905607625766353,0.025905607625766353,0.025905607625766353,0.0,1000000.0,0.0,0.0,0.0
1,1263,19,1.5259475436566523,1.9616182096783712,3626.069682884502,0.42240693856906847,0.18899658039859357,3.206541809171397,2.1742946916489427,0.13369025908572507,1.729608572324596,1.7155741233036497,1.2337260510137968,0.9405686406351459,0.08725326484509978,1.7383108858133187,0.196490297891785,145.0427873153801,0.8430680555555556,0.030178922278356543,1.2426285332707252,0.875261783105895,0.47660238225205775,0.2918816088989944,0.012306074981230144,0.9186883532321701,0.012306074981230144,0.0950888552437897,0.01214491574387587,0.9938469625093849,0.9938469625093849,0.9975387850037539,0.9958979750062567,-0.795176874084314,0.693120927387785,0.012306074981230144,1.08292719025378,0.8357612423160119,0.49658163288614976,0.918688353232159,0.9109197722556048,2.16585438050756,0.48427555790491994,0.07604692097005614,228.43999249408313,0.7978486990772309,0.10107565046138459,1.343415405689058,44.268998633496096,50.31128978382303,42.75842584591437,0.9141461485777355,2.093447346284099,113.42207109105152,0.45692022329827237,0.2372916666666667,19.759019179789597,0.18108917361421598,0.30277252505764957,0.15066833575335753,21.322580645161292,0.6878251821019771,0.15608740894901144,1.5806451612903225,3656.516129032258,3980.8064516129034,3575.4435483870966,0.8548387096774194,11.0,0.3548387096774194,0.02217910295376962,0.0748357619114111,0.009014938214359251,2.5836521716366847,0.025833333333333333,2158.077003121748,1.9724177854794192,474.10333333333335,0.39508611111111114,3.3413305555555555,1011.6816666666666,0.07846597222222222,1.2575,53.775,65.9625,50.728125,0.935625,0.02630249800537499,0.03702988604392374,0.0236206509957378,5.5777356902356905,0.1207301153727165,0.013804895833333336,0.0011197748119212963,0.11678832116788321
1,1263,19,1.4675421114341454,2.330499097748281,4978.619615223784,0.9650381456272222,0.4936277689912507,2.3961997796074717,2.6212357810386946,0.281617010822533,1.8908622690554704,1.8310947943747773,1.036390557922056,1.5848452231166386,0.20972980765117705,1.920381832252963,-8.940808379813806e-05,199.14478460895143,0.5240373113854595,0.11250626110964625,2.135211863362474,1.074410901118533,0.4311985422987844,0.923251805240741,0.020892698974394427,0.955737615103051,0.020892698974394427,0.14597312096286785,0.020442784658627516,0.9895536505128029,0.9895536505128029,0.9958214602051212,0.9930357670085352,-0.8487533403025718,0.8964304162749707,0.020892698974394427,1.3818860709498904,0.5074849632338048,1.104409157780908,0.9557376151030513,0.6076675795629125,2.7637721418997807,1.083516458806514,0.23603612605378385,181.67495105543497,0.5123891388465391,0.24380543057673043,2.2670753391452676,27.56940400922749,50.543152803100355,21.825966810759272,0.6832311652136831,2.791821327735371,126.67432775819056,0.41371811856213503,0.2624074074074074,8.896028909554024,0.1954221831147165,0.463732124314438,0.1283446978147861,19.82051282051282,0.5082182774490467,0.24589086127547666,2.3076923076923075,2274.3076923076924,3893.6153846153848,1869.4807692307693,0.6730769230769231,10.128205128205128,0.2596975673898751,0.030127471490342634,0.04060848084417218,0.027507219151885243,3.5565324248822274,0.028888888888888888,1076.0828402366865,2.711800304302881,485.2874074074074,0.3594721536351166,3.321999451303155,707.4503703703704,0.23798134430727025,2.171111111111111,50.94222222222222,108.03333333333333,36.669444444444444,0.7072222222222222,0.027629619248247993,0.061126011426518474,0.019255521203680376,40.39056637806637,0.07234555452197677,0.020477850937357104,0.004869803434435806,0.07239819004524889
1,1263,19,1.5235280334568702,2.388074661401116,3939.286826866991,0.9950156789034272,0.5856166897969328,1.8609496296687258,2.531731261701847,0.29011897304015916,1.9822850733278436,2.0425360043591416,1.2716535657636352,1.2600776959382118,0.23194913678622248,2.010048303250955,-0.27580749481901107,157.57147307467966,0.5034508875739645,0.11084006946366773,2.62450195540732,0.9862125822817001,-0.1757864307999501,0.9618384596752456,0.029445913226458356,0.9405917606507116,0.029445913226458356,0.1908970955061627,0.028551361428516803,0.9852770433867708,0.9852770433867708,0.9941108173547084,0.9901846955911806,-0.8080888534750736,0.8938643199362581,0.029445913226458356,1.5464083040068495,0.4758064521206313,1.1844092861137625,0.940591760650712,0.5316853473936205,3.092816608013699,1.1549633728873043,0.247821093225426,135.64162161923508,0.5019971552765327,0.24900142236173367,2.5715637499162165,19.751381042195725,53.380541343255096,11.344090966930885,0.6071090625209459,2.9036237529045126,88.8969179398227,0.3739450279174245,0.27717948717948715,3.2881965530721704,0.21631406788545512,0.5355384123929557,0.13650798175858003,18.0,0.5,0.25,2.5,1128.0277777777778,2910.6944444444443,682.3611111111111,0.625,8.777777777777779,0.24382716049382716,0.03600634387439384,0.04910192040795865,0.03273244974100264,3.59966597330395,0.036923076923076927,394.5208333333333,2.8200918048954744,335.5825641025641,0.34418724523339905,3.4788754766600922,490.8646153846154,0.24827455621301775,2.624615384615385,49.48205128205128,131.19897435897437,29.052820512820514,0.5938461538461538,0.029667648635902606,0.07513838433759068,0.018299964710480583,11.2125,0.0713928749910759,0.028732307692307692,0.007142668001820665,0.07130124777183601
1,1263,21,1.8795190458754634,2.4645190635552288,4504.964146602103,0.740965810511204,0.2580961411729681,2.372660724068545,2.5877322675594026,0.16621010772108263,2.197013189949477,2.224902996300558,1.7510452786382136,0.836686988921189,0.117446159730602,2.2068601020092125,-0.31633501553540483,180.19856586408415,0.6685136596055515,0.04336455302813526,3.4020183654420375,1.2938368874642625,-0.746316470906292,0.6226149707236577,0.011124309150344338,0.9649197485231263,0.011124309150344338,0.08793936568335116,0.010997217440296941,0.9944378454248278,0.9944378454248278,0.9977751381699311,0.9962918969498853,-0.8825263970865985,0.8471048657771101,0.011124309150344338,1.8025268400057364,0.6721331426227021,0.8008872454427093,0.9649197485231253,0.7969646854305642,3.6050536800114727,0.7897629362923653,0.15843481996850045,129.5649086919209,0.6071455182052756,0.1964272408973622,3.1799018989020995,57.72161049980018,215.25850224324813,18.337387563938186,0.4550245252744751,2.515686171108718,83.09784566504246,0.4293295224391322,0.22756756756756757,27.830317255183324,0.16623860406373334,0.47594918282330834,0.0888109593738396,10.1,0.505,0.2475,2.65,6976.35,26904.3,1994.3625,0.5875,3.5,0.175,0.12661515286149358,0.16781202355713268,0.1163159351875838,3.4841837197791845,0.021621621621621623,4837.2875,2.3247721273309225,366.6627027027027,0.39639211102994887,3.211037545653762,618.3751351351351,0.16574317019722423,3.370810810810811,54.755675675675676,188.23783783783784,21.385135135135137,0.4072972972972973,0.02676574567765044,0.08224644627620817,0.012895570528011005,2.1849204784437437,0.16693863125361888,0.0129518383248113,0.0022203612079574097,0.16139878950907868
1,1263,21,1.4557887112019068,2.417154849107848,4930.060854039057,1.063902710846339,0.6470950592581464,2.635431078506684,2.64801644156561,0.3199814352006542,1.9910346056566246,2.075653304485532,0.7766722293004781,1.8713442122651318,0.2476446964265797,2.026914908187452,-0.6170853878728356,197.2024341615623,0.5059680555555556,0.144165244110317,6.980240444152536,2.2766401190623955,-0.7096830077414453,1.0204769839078853,0.052968808598124535,0.9013160510431242,0.052968808598124535,0.2955460917782132,0.049938230178912406,0.9735155957009377,0.9735155957009377,0.9947031191401876,0.9867577978504689,-0.7134757852892064,0.8801000331992449,0.052968808598124535,2.5958172040629046,0.466590260448908,1.3520857585617796,0.9077338933588938,0.5851061518270484,5.191634408125809,1.2991169499636557,0.26836144812650253,157.91824170883092,0.48618637562065936,0.2860011586112621,6.544702865137178,35.08829541980514,276.20152434462346,5.139155161404123,0.19179511465895993,3.1656182127063963,90.69885767656811,0.3076585671210632,0.270625,16.58248900252929,0.22791261519149822,1.3695304009457119,0.04719629611180062,19.0,0.48717948717948717,0.2879684418145957,5.9743589743589745,2428.871794871795,19917.23076923077,328.7763532763533,0.21225071225071226,9.051282051282051,0.23208415516107825,0.030466297368218775,0.12582849194682885,0.007565631454743274,3.6519347250311265,0.0325,1482.126232741617,2.958844414623847,401.965,0.33497083333333333,3.4644416666666666,607.1616666666666,0.2721972222222222,6.92,50.181666666666665,356.7966666666667,8.59736111111111,0.17833333333333334,0.029419026885445537,0.19174026452401946,0.005607149385603006,3.9506901780088204,0.035886625179401985,0.1829999805827289,0.00450259571759259,0.1282955499580185
1,1263,21,1.5361688802375608,2.1878751233856084,2823.8116674919916,0.8384043355842634,0.35778402863716585,2.385995037801138,2.4384106555993683,0.2047352361622754,1.833074059601218,1.7897476604709397,1.300996540003118,1.1374141155962503,0.14892788888701686,1.8500816255512658,0.3712667532750392,112.95246669967969,0.6077605142332416,0.06264151321952378,1.7629447310597375,1.2185748853138125,0.6885610937960973,0.7350581644292145,0.034678397002410495,0.9097907338903781,0.034678397002410495,0.21633484856985144,0.03343012086619501,0.9826608014987948,0.9826608014987948,0.9930643205995178,0.9884405343325299,-0.7464971219139639,0.8415753313046386,0.034678397002410495,1.2600946431869808,0.5817015984179925,1.0363221370042832,0.909790733890378,0.7225661583118138,2.5201892863739617,1.0016437400018732,0.19243414035790626,130.85641207328908,0.571233576266625,0.21438321186668752,1.9348828076209874,27.214386191203644,40.28407218096162,23.94696469376415,0.766279298094753,2.6385576946631994,80.25642176125646,0.40500494740508336,0.276969696969697,10.44177828888907,0.2338294526573274,0.49326321074664664,0.16897101313499757,16.066666666666666,0.5355555555555556,0.23222222222222222,2.1,1826.1666666666667,2419.6666666666665,1677.7916666666667,0.725,8.4,0.28,0.018356164783599475,0.034041101654938365,0.014434930565764753,3.2384323354415048,0.03636363636363636,1069.9166666666665,2.708629394289984,277.9890909090909,0.3369564738292011,3.638297153351699,501.4024242424242,0.19611974288337924,1.8036363636363637,49.664242424242424,86.06060606060606,40.56515151515151,0.7990909090909091,0.03023743061758935,0.05858234060178505,0.023151203121540422,37.64498456790122,0.0676397221442202,0.0358405142332415,0.006957298353600282,0.06833712984054671
1,1263,23,1.666522846022902,2.1097172677890375,1958.9608777796668,0.8980587934501653,0.21863397271196972,3.3550270638289357,2.4232494174915025,0.13634015270555103,1.9232388023590095,1.9282133740347138,1.486726639093931,0.9365227783975714,0.08998804965409167,1.9316713107859864,0.09904187281510342,78.3584351111867,0.5689795918367347,0.032506562014332885,1.95143733194962,1.126202756516516,0.5700989998944874,0.8333791612224497,0.04285933298740507,0.9020371089222728,0.04285933298740507,0.25138958362265074,0.0408213297432578,0.9785703335062974,0.9785703335062974,0.991428133402519,0.985713555670865,-0.7279222258366815,0.8549899458562724,0.04285933298740507,1.3242889994811076,0.5210594231518149,1.1558085065925203,0.9020371089222728,0.6542813340251898,2.648577998962215,1.1129491736051156,0.21905962355246367,88.17054317210568,0.5759118428605403,0.21204407856972984,1.9249908945221446,17.167059416278164,35.398289384226885,12.609251924290987,0.7687522763694639,2.725485058624428,48.86134785353536,0.3601174679839748,0.2923809523809524,2.384298201117868,0.22973589409722223,0.47072415814798635,0.16948882808453122,13.333333333333334,0.5555555555555556,0.2222222222222222,2.0,629.2916666666666,1377.9166666666667,442.1354166666667,0.75,5.833333333333333,0.24305555555555555,0.08844712465957706,0.22440029970735523,0.05445883089763253,3.200825794518084,0.045714285714285714,150.77604166666666,2.7524368722943784,177.75047619047618,0.33857233560090705,3.5383800453514738,298.7142857142857,0.21551020408163266,1.9428571428571428,47.906666666666666,93.82095238095238,36.42809523809524,0.7642857142857142,0.03329321557547181,0.06801137686115011,0.02461367525405224,94.15833333333327,0.09292857775024341,0.04099410430839001,0.008880388726919338,0.09244992295839755
1,1263,23,1.263247348608595,2.090744198553573,2896.3924994078466,0.7736369118034656,0.5585917441594992,2.218309414021262,2.390808796028484,0.2821736074921476,1.627427349456159,1.5509768605038443,0.8995307220141467,1.4912780740143372,0.21548450605770514,1.6608639459796495,0.23318672022395504,115.85569997631389,0.6939555555555557,0.10994926929719252,4.702958338970651,1.6683218299484392,0.5214554141859897,0.5826461489633703,0.0401207889237985,0.8708296888345679,0.0401207889237985,0.24129602019256594,0.038423025040973266,0.9799396055381009,0.9799396055381009,0.9959879211076201,0.9899698027690504,-0.6859771646634281,0.801574846701469,0.0401207889237985,2.1371207964402217,0.6690918783223576,0.9898806672847562,0.8820251390139121,0.8054040578664381,4.274241592880443,0.9497598783609584,0.1556917344717922,173.2834069921144,0.6143251715866576,0.20975216496823068,5.059536945932498,36.54867209648156,158.33821457452532,8.99024011789953,0.23733954538527954,2.7824462623549433,89.31625981714862,0.3517362084614672,0.2661904761904762,17.935265899674803,0.22778279015005656,1.2699499279196487,0.051579665845280565,18.166666666666668,0.5046296296296297,0.2777777777777778,5.722222222222222,2797.1666666666665,11635.527777777777,693.5640432098766,0.22067901234567902,6.611111111111111,0.18364197530864199,0.08995048657762278,0.6586013302139904,0.014238936593428737,3.8696851317985903,0.03428571428571429,1946.4722222222226,2.6086277276123275,357.2190476190476,0.3402086167800453,3.531795011337868,728.6533333333333,0.16201814058956915,4.774285714285714,50.735238095238095,235.60285714285715,12.249550264550264,0.24055555555555558,0.030920273188640535,0.16198845667014602,0.007084727529557778,3.1592010816125864,0.04902101912364423,0.14301717665254832,0.002206104152419345,0.11897082905437288
1,1263,23,1.411481074648971,2.084799307235323,2308.0619171311646,0.6291620147584676,0.279277867493261,3.1795996724557924,2.3584322728566143,0.19401544827086237,1.7354969347945255,1.7297416661613694,0.9266723212439334,1.4317599516126809,0.12526169427332268,1.754256506189508,-0.09521862666238255,92.3224766852466,0.7399502222222223,0.06546627882702562,4.705619143637556,1.0969492542537143,0.6209349185063662,0.46051443095940414,0.04037909310831274,0.8379123176062284,0.04037909310831274,0.24125108214284358,0.03859632657791464,0.9798104534458436,0.9798104534458436,0.9959620906891687,0.9899052267229218,-0.6338175141114174,0.7297398439593257,0.04037909310831274,2.1448946044980044,0.711692124799236,0.8272586500445003,0.8423150072507333,0.8335801812461487,4.289789208996009,0.7868795569361882,0.1252233810169292,150.90740443236118,0.6734684538111173,0.1661571271095117,4.981873914724261,16.481417544393324,76.60382690406479,3.826959629062787,0.22594643218021246,2.407617678926269,78.9734495608198,0.402558632195292,0.29833333333333334,2.3596297445919565,0.2572930660960896,1.4780818260487047,0.05507426406701025,17.96551724137931,0.619500594530321,0.2116527942925089,4.931034482758621,1120.6206896551723,4947.551724137931,267.2595785440613,0.2471264367816092,8.379310344827585,0.28894173602853745,0.03998137368636077,0.06468213417531163,0.0356294980734425,2.8820165499963104,0.03866666666666667,451.77407847800237,2.4256289083071745,252.664,0.3368853333333333,3.703822222222222,554.9626666666667,0.13063288888888888,4.756,47.44,219.60933333333332,11.031740740740739,0.22988888888888886,0.03286250818846057,0.16452116948013773,0.00818587324916249,2.0641384292093505,0.07158150588399981,0.1607053613992336,0.0018027338666666657,0.1584541062801933
1,1263,23,1.5138476170958315,2.009670692689134,1645.4135876843904,0.5118645037875597,0.2642084824609827,2.57572203027877,2.24579005262428,0.1570255440877919,1.8038318631221937,1.8362144024603433,1.3719352366401116,0.8738548159841684,0.1115418320799773,1.8140637186628206,-0.3752185465379646,65.81654350737563,0.797992,0.03701778495389598,1.304465513497865,0.8468526192060619,0.4807649685704558,0.3375806746567741,0.05703119345733517,0.7113806335886946,0.05703119345733517,0.31374179209891584,0.053644169017706606,0.9714844032713323,0.9714844032713323,0.9885937613085329,0.9809896021808882,-0.4608792803608135,0.6063852280606361,0.05703119345733517,1.1109937034088444,0.7490498969252387,0.7740494488519496,0.7113806335886905,0.8604906998624882,2.2219874068176884,0.7170182553946147,0.09865296702852734,104.72752547526206,0.7060483805869462,0.14697580970652693,1.5382349184029527,16.933920768054474,20.637449898678685,16.00803848539842,0.8654412703992619,2.629533072178452,41.88788837346715,0.3095681173591937,0.295,2.925078443116191,0.2554490426625744,0.4869210045320861,0.19758105219519645,11.6,0.58,0.21000000000000002,1.9,932.7,1041.75,905.4375,0.775,2.6,0.13,0.01246896187821598,0.04111351970134523,0.005307822422433667,3.5464393446710103,0.04,307.70000000000005,2.479625138673781,152.948,0.305896,3.5944000000000003,398.996,0.101004,1.342,47.684,58.55,44.9675,0.9145,0.03096649817334341,0.047696215671453775,0.026784068798815824,10.615197568389053,0.07158401099530412,0.05587839999999998,0.005602355199999999,0.07211538461538464
1,1263,25,1.7790916693528658,2.375144640589866,4555.978009963016,0.863304740763893,0.2790668663833349,2.477393466868489,2.622841160855532,0.16983383975171518,2.097448945632691,2.1204041008214713,1.6088403820642332,1.014000778791299,0.1189795765070902,2.108282854620288,-0.18891646615029964,182.23912039852067,0.5917173111243307,0.045564515550185085,3.1352069799340065,1.177857156364847,-0.6497361606971033,0.7635568639946416,0.04435603710980415,0.89013984265455,0.04435603710980415,0.26119933925677463,0.04234641237790647,0.9778219814450979,0.9778219814450979,0.9911287925780391,0.9852146542967319,-0.7034125168627503,0.8365051562120058,0.04435603710980415,1.719128332829636,0.5536971370698707,1.110611926535342,0.89013984265455,0.6969503142747341,3.438256665659272,1.066255889425538,0.20197822527611145,142.9366671712339,0.555306481141503,0.22234675942924848,2.99556525946469,36.56550358963547,124.57364038502084,14.563469390789127,0.5011086851338274,3.155498994168995,69.46600538625523,0.2836448794039764,0.25,15.26635294952132,0.22128703087447696,0.6094086046080017,0.12425663744109577,15.903225806451612,0.5130072840790842,0.24349635796045788,2.7419354838709675,2609.7741935483873,9075.838709677419,993.258064516129,0.5645161290322581,1.967741935483871,0.06347554630593132,0.023612086710853825,0.05009261705291654,0.01699195412533815,4.50258340716106,0.03024390243902439,1516.5119667013528,2.7312576893901674,352.57073170731707,0.3439714455681142,3.5102439024390244,606.510243902439,0.20414134443783463,3.142439024390244,52.51024390243902,168.42439024390245,23.53170731707317,0.46439024390243905,0.027728391835505656,0.08332193247669438,0.013830006675208477,10.290716623968114,0.04252960561916365,0.04587908784453696,0.009327433786509187,0.04270462633451959
1,1263,25,1.2141737990985129,1.9996613759290658,3137.090865324847,0.4647547214055108,0.4252257510302875,2.3191549551054407,2.3588786653216443,0.24168017537547914,1.643938204070139,1.6736221982006576,1.0333871703784607,1.3254914949431835,0.17779960778343248,1.6698877847394675,-0.08353927288372325,125.48363461299391,0.8221368888888889,0.08599239482073283,1.2813577486220262,0.9194654448402486,0.5092021074404423,0.3287344454348124,0.024256838158221685,0.8626141575666378,0.024256838158221685,0.16407204282874968,0.023647796781531633,0.9878715809208891,0.9878715809208891,0.9951486323683556,0.9919143872805928,-0.6862211199102326,0.6846815656113749,0.024256838158221685,1.0978287225670458,0.7998565614219514,0.6069999739962042,0.8626141575666308,0.8900428583538436,2.1956574451340916,0.5827431358379827,0.08824782089825853,229.37553479788124,0.7728932790708596,0.11355336046457025,1.3928190773433125,28.48138703421202,33.44177230660994,27.241290716112537,0.9017952306641719,2.3033311723899694,104.49335928528922,0.41202693892954645,0.26266666666666666,9.906645278074917,0.1996375375331811,0.325156190689341,0.16825787424414118,24.263157894736842,0.6385041551246537,0.18074792243767313,1.7105263157894737,1854.3947368421052,2054.842105263158,1804.282894736842,0.8223684210526315,8.789473684210526,0.23130193905817176,0.06339188002323158,0.2451638277496906,0.017948893091616833,3.1529369746426115,0.033777777777777775,977.9231301939058,2.1647758694644668,410.02577777777776,0.3644673580246914,3.4208426666666667,924.904,0.08893155555555556,1.296,51.01244444444445,63.86311111111111,47.79977777777778,0.926,0.029018567789255625,0.04472317264354302,0.025092416575683774,9.687515782828283,0.07331366354893525,0.024248928395061726,0.002155437405761317,0.07334963325183375
1,1263,25,1.4330208694320177,2.069204357736105,2261.7287746730512,0.7988588158434009,0.26390217404915806,5.451756805658334,2.3701619703460794,0.19854878781693405,1.743347987082479,1.7672269395549458,0.6987306292648998,1.6714313410811796,0.11575664962023134,1.766246272777599,-1.112497718687977,90.46915098692207,0.6978682520808562,0.0803636920362278,4.612029419230779,2.0821229953298115,0.3727570349819806,0.6276103525676013,0.03368318640815942,0.8979829308236643,0.03368318640815942,0.21180379455396506,0.03251440602395796,0.9831584067959203,0.9831584067959203,0.996631681359184,0.9915792033979601,-0.7505933568144444,0.8353689596656814,0.03368318640815942,2.11270957192042,0.6665204704181148,0.9970759286629636,0.9784552892031134,0.8051256820427422,4.22541914384084,0.9633927422548049,0.1653233847439402,134.79265247069506,0.6588366797833596,0.18800289572349124,4.776274475665956,18.240397188698406,82.4168944145871,4.658444131669284,0.2505561849882337,2.704293626683932,66.39898607733294,0.36789696604813277,0.2810344827586207,2.610955652959163,0.2223030693063272,1.1440940733765368,0.052105386179781915,17.96551724137931,0.619500594530321,0.2116527942925089,4.931034482758621,877.6896551724138,4010.655172413793,218.77777777777777,0.2471264367816092,4.172413793103448,0.14387633769322236,0.14197862215591636,0.7513465432901669,0.03043923128738726,3.466100720072385,0.04,252.6896551724138,2.6637809278353233,239.83310344827586,0.3308042806183115,3.5604280618311535,505.9544827586207,0.16544875148632582,4.624827586206896,49.146206896551725,223.46068965517242,12.615862068965518,0.25471264367816093,0.03385580338137809,0.16522211166714448,0.008242795132101374,1.9242133989726025,0.08064583408649127,0.12411628686600054,0.0019372083698935315,0.19898898718180175
1,1263,25,1.6590509843094519,2.3069387278447797,2269.6533724196424,0.8912402011913021,0.217514647949695,4.151113256270118,2.465523586666582,0.17245839902202845,1.9299127180678037,1.9292376597769587,1.0666532926401449,1.3988702940264373,0.10030295911255079,1.944930749589662,-0.23784106313917894,90.78613489678571,0.5734722222222222,0.05819252133954584,1.9155852064759675,1.0951628010788201,0.5624553225962383,0.7984495987834588,0.06651958050784253,0.8463002062032277,0.06651958050784253,0.35091358672152106,0.061933339751281694,0.9667402097460787,0.9667402097460787,0.9866960838984314,0.9778268064973858,-0.6186653210512618,0.8185452466915557,0.06651958050784253,1.3162816655766296,0.5055820706030676,1.243706688402607,0.8463002062032279,0.6504585441694491,2.6325633311532592,1.1771871078947647,0.21624229482282536,96.58558162606128,0.5631904865269992,0.2184047567365004,1.9669340047065338,18.800079884182356,38.47396914797896,13.881607568233203,0.7582664988233665,3.089958348282044,40.48198751076658,0.2485693427617287,0.28541666666666665,3.761970858139179,0.23919143941264262,0.5739997567188837,0.15548936008608233,11.818181818181818,0.5371900826446281,0.23140495867768596,2.090909090909091,1057.8181818181818,2334.318181818182,738.6931818181819,0.7272727272727273,2.6363636363636362,0.11983471074380166,0.005132633677284205,0.017307403811990498,0.0020889411436076305,3.4817145729860686,0.03666666666666667,314.0165289256198,2.9731493516121783,175.18666666666667,0.2919777777777778,3.466388888888889,344.0833333333333,0.21326388888888886,1.925,48.58,92.995,37.47625,0.76875,0.02980601930587049,0.061958572688334594,0.021767880960254473,118.55879629629636,0.05623089028338026,0.059279398148148144,0.013017983217592594,0.05460750853242321
1,1263,27,1.2063460363399037,1.7458071516750395,1289.6068941005676,0.04706807254582006,0.2835403626157742,2.690277908292417,2.015894551453958,0.1670086760136856,1.4829163586140834,1.4675128767657513,1.0645652397950887,0.9513293116588692,0.11578404095632526,1.4975962735115795,0.3421795415934597,51.58427576402271,0.9896196597353497,0.04375367179051685,1.008429347826087,0.022045428685789716,0.013617717423157927,0.009457454985822306,0.0051684782608695645,0.19740692391170678,0.0051684782608695645,0.04610330470267214,0.005137984286389414,0.9974157608695652,0.9974157608695652,0.9989663043478262,0.9982771739130436,-0.16727774435950654,0.06667302810489019,0.0051684782608695645,1.0036711956521738,0.9875490490902648,0.061360802183867386,0.2020466280001057,0.9937445652173913,2.007342391304348,0.05619232392299814,0.0036564833116729677,132.36270728020986,0.9606198109015328,0.019690094549233622,1.060663984932515,44.92000470080138,45.03239282366493,44.89190767008549,0.9848340037668714,1.4971286219449715,59.595162013685744,0.5095305904030878,0.23869565217391306,19.944359225295372,0.1640333091681352,0.21895016766386866,0.15030409454420182,14.125,0.8828125,0.05859375,1.1875,3155.8125,3157.5,3155.390625,0.953125,9.25,0.578125,0.008300139175849403,0.029133472509182735,0.0030918058425160695,1.3112781244591312,0.02782608695652174,1864.30859375,1.4732729534816187,231.58434782608697,0.4027553875236295,3.2544302457466916,569.0313043478261,0.005190170132325142,1.0156521739130435,53.528695652173916,53.61739130434783,53.506521739130434,0.9960869565217392,0.025542859607611164,0.02873126540471261,0.0247457581583358,0.6876325088339222,0.7386947584789312,0.004708657844990548,3.084014136598998e-05,0.5853658536585366
1,1263,27,0.6742021213932099,1.4901207291818626,985.347431860737,0.997453847387278,0.5334731040413345,1.9751849095316405,1.6199508160273364,0.2748613682846567,1.0453080400265047,0.9768497069130682,0.32024177696966005,1.2997090390576762,0.21623841817253595,1.092868026555613,0.13600618651534724,39.41389727442949,0.5017638200183654,0.10169162492350713,2.3797328947147562,0.9751281224125172,0.1304602816670653,0.9618273521200587,0.033391563793536486,0.9328908881448733,0.033391563793536486,0.20819208255080573,0.03213581837412412,0.9833042181032317,0.9833042181032317,0.9933216872412927,0.9888694787354877,-0.7912010788195085,0.8898835149165236,0.033391563793536486,1.465476225537175,0.4702547236690783,1.2046184683716026,0.9328908881448736,0.5178279925660569,2.9309524510743494,1.1712269045780663,0.24880472897839878,118.73802388989009,0.5004687192288664,0.2497656403855668,2.4546472899955996,17.423603248354247,40.95544711060734,11.540642282790976,0.6363381775011001,2.8702421615262503,80.78883840337755,0.38809609996027294,0.2875757575757576,2.4048369289036318,0.22206535420011186,0.5539638307506249,0.13909073506248357,17.514285714285716,0.5004081632653061,0.24979591836734694,2.5428571428571427,844.0857142857143,1821.7428571428572,599.6714285714286,0.6142857142857143,8.942857142857143,0.25551020408163266,0.0676825087855008,0.18058703814735358,0.03945637644503763,3.571302302288365,0.04242424242424243,288.47346938775513,2.855927500306029,278.76,0.3378909090909091,3.490242056932966,413.9551515151515,0.24911808999081725,2.410909090909091,48.372121212121215,115.32484848484849,31.633939393939393,0.6472727272727272,0.031531886323552985,0.07747458542339493,0.020046211548592503,16.42699115044248,0.07407407407407407,0.03272727272727273,0.008152955672426746,0.07407407407407407
1,1263,29,1.8832411515811003,2.5907763166630993,1930.2691276896903,0.6712478853829501,0.24019417304421964,3.6665078879371618,2.6827168254276983,0.2011941754313188,2.252612225235886,2.299175461398928,1.5180784501974447,1.1646383752302536,0.12781640724287174,2.268784771745844,-0.9845553702249499,77.21076510758763,0.7099519999999999,0.07312250322367116,3.470372755659641,1.2619431380316313,-0.7243142183593354,0.5626384855727707,0.013149604103936657,0.9544385747963937,0.013149604103936657,0.09828268530901678,0.012935864546408339,0.9934251979480316,0.9934251979480316,0.9973700791792126,0.9956167986320212,-0.8609842427073169,0.8258610548091305,0.013149604103936657,1.8256491859038697,0.699170090615238,0.7604884876517863,0.9544385747963923,0.8190743838519013,3.6512983718077394,0.74733888354785,0.14394702241917687,72.38985945399493,0.6906082038646846,0.15469589806765766,3.426065788002871,18.127795562360518,63.8739478047623,6.691257501760074,0.3934835529992822,2.1412552319497373,43.730173511831225,0.5001452148837894,0.2793333333333333,1.7440925075529874,0.19309731406973898,0.6461877934306348,0.07982469422951505,8.384615384615385,0.6449704142011834,0.1775147928994083,3.3076923076923075,1083.6153846153845,3986.923076923077,357.78846153846155,0.4230769230769231,6.538461538461538,0.5029585798816568,0.0024022851377018045,0.007969236704653371,0.0010105472459639125,2.034940913956227,0.034666666666666665,251.5147928994083,2.2720175766428254,139.77866666666668,0.37274311111111114,3.288931555555555,266.232,0.145024,3.472,49.05866666666667,171.62666666666667,18.416666666666668,0.382,0.027782569916855637,0.09529516250944821,0.010904421768707484,0.7426177536231884,0.45740074403854364,0.011660088888888889,0.0016951694222222219,0.4562737642585552
1,1263,29,0.8272831128469239,1.6582669616029104,842.7292253465196,0.7527960664084539,0.39084301903374774,2.4132180413158335,1.8861735585594448,0.23596499745327498,1.2644913006460075,1.2963281696277025,0.6086206935782668,1.277552864981178,0.16738043223927768,1.2982520751737852,-0.18861983055169984,33.70916901386079,0.6613120000000001,0.0865202012836078,3.32421875,1.2083360020127103,-0.6968205673828125,0.6393638671874999,0.0428125,0.8746330157999348,0.0428125,0.25047423528959345,0.0407607421875,0.97859375,0.97859375,0.9914375,0.9857291666666667,-0.685759103104655,0.8012782712873271,0.0428125,1.7818749999999999,0.61815107421875,0.9946845271295846,0.8746330157999342,0.7604687499999999,3.5637499999999998,0.9518720271295849,0.170544091796875,98.67923071311165,0.6358805288624937,0.18205973556875316,3.281629811182502,14.523402956704292,49.40333383697423,5.803420236636805,0.42959254720437445,2.440971528143018,57.02936631742692,0.4249078869384434,0.31,1.4299784190597724,0.23473868063758546,0.7447365649139299,0.10723920956849935,15.76923076923077,0.606508875739645,0.1967455621301775,3.1923076923076925,436.61538461538464,1501.1538461538462,170.48076923076923,0.4519230769230769,8.153846153846153,0.3136094674556213,0.05523661536777228,0.18844790502963493,0.021933792952306606,2.850219859070542,0.052,66.79289940828403,2.543036415894821,172.084,0.344168,3.5016,330.656,0.169344,3.352,46.012,156.388,18.418,0.412,0.03342766187956664,0.11040158289241625,0.014184181626354247,3.7638313609467455,0.098256922200169,0.0407096,0.006762470400000001,0.10016694490818029
1,1263,29,1.3263934422367132,1.9752828831963385,3918.7366940624247,0.7210601288332261,0.3376433738894191,7.003330177714151,2.2709294328388605,0.23967976828581888,1.6076058184792594,1.635308824633198,0.03331860989348394,2.2376108229453764,0.1431286275602341,1.6439516508668615,-1.4781928714023063,156.749467762497,0.7488589774078478,0.11818056277950996,4.3109974040571615,1.9900240064013792,0.14539360707394,0.5331542527292007,0.03160974039776735,0.8881689516227761,0.03160974039776735,0.20146741191136297,0.03057292706774143,0.9841951298011163,0.9841951298011163,0.9968390259602232,0.9920975649005581,-0.7400808398224509,0.8109276749516121,0.03160974039776735,2.045866654594829,0.7161953410320994,0.9138379457780588,0.9629122459195162,0.8408594739243873,4.091733309189658,0.8822282053802919,0.14119099828174203,229.91519162152258,0.6969695424053183,0.17339302807425339,4.257907002280715,56.510671384197664,242.49281518732613,14.465570709684219,0.2942553484340992,2.8274234458382814,107.84244063286934,0.35255099645302784,0.2256896551724138,24.31121302896663,0.17028315481099357,0.7364328831702724,0.053257240177968034,16.310344827586206,0.5624256837098692,0.27586206896551724,4.275862068965517,6146.137931034483,25943.655172413793,1541.1264367816093,0.3342911877394636,7.413793103448276,0.2556480380499406,0.07246858667907442,0.45773723821771073,0.015004544000348764,3.40785176047204,0.02,3646.1379310344823,2.414182020567735,548.008275862069,0.37793674197384064,3.155279904875149,1085.8455172413794,0.1395938168846611,4.273103448275862,54.91586206896552,234.46344827586208,15.005210727969349,0.27827586206896554,0.025662574825587963,0.1127853273429423,0.007235622883501351,3.1925607566970444,0.04703612915364163,0.09343004769362688,0.0013836367980100313,0.112349546139184
1,1263,31,1.8194506072248846,2.5441228337530135,1351.5243666010733,0.6246538232507114,0.18526188449347503,3.586307407933519,2.6206998156903323,0.18898519248393797,2.3118377570369275,2.403663632988506,1.6675598052527187,0.9531400104376135,0.11605147341172214,2.325101603458286,-1.29751236553008,54.060974664042945,0.736672,0.06150365154276325,3.5250789744343227,1.1970391145862598,-0.6827086783105879,0.5046188921193326,0.019450852189244784,0.9254746648738998,0.019450852189244784,0.1343953709312052,0.0189854147697849,0.9902745739053777,0.9902745739053777,0.9961098295621511,0.9935163826035851,-0.7987172929729336,0.7920800416849321,0.019450852189244784,1.844934800176315,0.7189797130759262,0.7473102950343121,0.9254746648738978,0.8352093740816926,3.68986960035263,0.7278594428450678,0.1310174360771444,49.57969817140339,0.7100766124689304,0.1449616937655348,3.4711169861202906,17.807336417713152,63.93990416391276,6.274194481163251,0.38222075346992734,2.0669707093453384,29.235928618638468,0.4987117441307304,0.279,1.6048225967103733,0.18912721504800423,0.6488981254486814,0.07418448744783494,5.0,0.625,0.1875,3.25,1280.25,4813.125,397.03125,0.4375,3.5,0.4375,0.001756427941546989,0.004512446460065508,0.0010674233119173594,1.9999999999999984,0.032,303.6875,2.280491629552634,91.272,0.365088,3.2421759999999997,184.168,0.131664,3.532,49.048,175.012,17.557,0.367,0.02760363882590073,0.09638742567397329,0.010407692113882592,0.706560052219321,0.46191510000461916,0.0173192,0.0021987888,0.47904191616766467
1,1263,31,0.5958858943215581,1.8056098635761395,1183.9896639092838,0.9541880057141869,0.6264656332659414,2.074617129038085,1.9473182498489165,0.35551099958763616,1.183909771671418,1.1393810667010578,0.30641671761517547,1.640901532233741,0.2720054614611136,1.2564445412402325,0.03171306057201694,47.35958655637136,0.5314168888888888,0.17701053775330944,2.8062279570020174,1.0195177087453513,-0.3859842320262845,0.8940934617914089,0.05604020042148157,0.8821010666669561,0.05604020042148157,0.3097266831545457,0.05276064227422884,0.9719798997892592,0.9719798997892592,0.9887919599157037,0.9813199331928394,-0.6809609948519144,0.8541099445250997,0.05604020042148157,1.6114160190709192,0.4721725266193259,1.2712703731973838,0.8821010666669564,0.5833959188601787,3.2228320381418385,1.2152301727759027,0.23753341555322263,120.72798624729634,0.5405493891656539,0.22972530541717306,2.922794338726976,16.109993139448015,44.961436875316586,8.897132205480872,0.519301415318256,2.9517332881712983,67.087118781582,0.33076068524893276,0.2976666666666667,2.3616785462826066,0.2375371831282003,0.7080795037282563,0.11990160297818626,17.451612903225808,0.562955254942768,0.218522372528616,3.032258064516129,846.3870967741935,2186.8064516129034,511.28225806451616,0.49193548387096775,7.838709677419355,0.25286160249739853,0.018528764932244587,0.060629072103902774,0.008003688139330042,3.3378828801986695,0.04133333333333333,261.0593132154006,3.0059944850998153,226.89066666666668,0.3025208888888889,3.4412515555555556,398.56266666666664,0.23429155555555553,2.876,47.248,134.452,25.447,0.531,0.030601351515915014,0.08963318447131939,0.01584339327706391,11.178583206494165,0.05105980294320051,0.052226340740740736,0.012118079901234563,0.051557465091299694
1,1263,31,0.8776044231893008,1.7337176216127266,1663.007538158156,0.6042511394432497,0.42085785724916924,4.087479309103797,1.8861732373522384,0.26409336474106276,1.3157598671370265,1.3595082781135508,0.020144623841179377,1.866028613511059,0.177447354217268,1.3593329811010482,-0.9183761690124932,66.52030152632625,0.7481209876543209,0.11656212554061685,3.525581853423073,1.1224607597137246,-0.6415594955904054,0.4792859638974843,0.03642719273161186,0.8588224326002748,0.03642719273161186,0.22511115798825604,0.035072420495415695,0.9817864036341941,0.9817864036341941,0.9927145614536775,0.9878576024227961,-0.6638896546381733,0.746601942293341,0.03642719273161186,1.847931816596293,0.7070710011900361,0.821664330256529,0.8588224326002727,0.8297182202304871,3.695863633192586,0.7852371375249173,0.12892828915727403,146.22736644598467,0.7075064571327502,0.1462467714336249,3.4656926453125125,45.268746609784344,167.1510089691416,14.798181019945032,0.383576838671872,2.663576054153842,67.50708629451694,0.3400349599899205,0.22916666666666666,14.760638937693141,0.16454698076312646,0.5175926876313489,0.07628555404607086,11.631578947368421,0.6121883656509696,0.19390581717451522,3.210526315789474,4131.473684210527,15641.21052631579,1254.0394736842106,0.4473684210526316,3.210526315789474,0.16897506925207756,0.015495751793176745,0.017772584179008,0.014926543696718933,3.2136388579486748,0.021111111111111112,1887.706371191136,2.3083783212339686,335.3355555555556,0.37259506172839507,3.127777777777778,673.3088888888889,0.1259395061728395,3.5566666666666666,54.48888888888889,195.7788888888889,19.16638888888889,0.36083333333333334,0.024863866493099296,0.08512617595392066,0.009798289127893958,4.942984177968118,0.06498081561753737,0.03419812757201646,0.0043997199702789196,0.06360985952822688
1,1263,33,1.397800015768609,2.0866381064300223,2473.354783597115,0.8453133875972241,0.33128933365400903,3.366942140889049,2.410557199177705,0.21363905528685553,1.794955437364007,1.832862545196909,0.9581089279322227,1.452448271245482,0.1416201861840869,1.8159863375393237,-0.6403613132596904,98.93419134388462,0.6437333333333334,0.07594135600687389,5.006214170506045,1.6193495555696154,0.6144249913163207,0.6957021354734183,0.0412205306515008,0.8879924466008235,0.0412205306515008,0.2467253895930795,0.039459014588602175,0.9793897346742495,0.9793897346742495,0.9958779469348499,0.9896948673371246,-0.7087211181538593,0.8323533770531215,0.0412205306515008,2.2005882548465348,0.608654894513798,1.0786707326366294,0.9186048098978508,0.7549183182285942,4.4011765096930695,1.0374502019851288,0.18423066653122977,119.62689002575861,0.5990829703067002,0.21740268341737035,5.139048462310411,24.902929537068673,122.12264180316521,5.710363733949217,0.2339309802750806,2.8927840473723716,61.89195332559494,0.3490753390460929,0.266,6.5472382993388205,0.220404427022531,1.2312807065331113,0.050701902060148824,11.181818181818182,0.5082644628099173,0.2892561983471075,5.454545454545454,2135.909090909091,9867.727272727272,500.22727272727275,0.2398989898989899,4.363636363636363,0.19834710743801653,0.009337047412261828,0.07236775921089801,0.0016645263349332402,3.447401504705911,0.029333333333333333,973.7190082644629,2.6859131588546212,254.79733333333334,0.3397297777777778,3.450282666666667,482.8,0.18666666666666668,5.026666666666666,50.67466666666667,252.33866666666665,11.538666666666666,0.23037037037037036,0.02815939489375997,0.14816436423952298,0.0064233639642413895,2.2784239130434787,0.0715597643298428,0.14374724355462143,0.0024681481481481486,0.18016806722689077
1,1263,33,0.1147633864120918,1.7830769219051799,1263.5438627807857,1.1610069392382565,1.0852976666259617,1.8096348510480509,1.9875658572688848,0.5568607834665472,1.062789550131524,1.2376926427346584,-0.226793484153586,2.2143593414224707,0.4549508042422086,1.2375654804987752,-0.4060978763082556,50.54175451123144,0.48419173553718997,0.4020466906533977,6.733799483418025,3.8975890764521544,-1.0189656861428875,1.270398926913723,0.03150018266870029,0.9516415737072901,0.03150018266870029,0.20085401923033802,0.030465332003457975,0.9842499086656498,0.9842499086656498,0.99684998173313,0.9921249543328249,-0.831594301927344,0.9257586274153189,0.03150018266870029,2.5345745735388423,0.4597253928296096,1.3678699616686418,0.9685755667014186,0.5651497755602053,5.069149147077684,1.3363697789999418,0.3254747773956058,111.25790875224952,0.47012539486277,0.3486728231244633,6.673137021453773,17.560269462142173,118.51487870788546,3.378306372075845,0.20873382722591285,2.876510767258184,86.7760863587987,0.42687809030681884,0.2863636363636364,2.2459691923416236,0.21466073945927755,1.3360034958042248,0.052253331894241216,14.764705882352942,0.4342560553633218,0.42301038062283736,6.382352941176471,761.0882352941177,5068.264705882353,144.91503267973857,0.2426470588235294,11.235294117647058,0.3304498269896194,0.021487075197808608,0.07541842331347816,0.009105470695651652,3.0987719194808894,0.041212121212121214,172.31228373702425,2.9462328547553094,283.2957575757576,0.3433887970615243,3.430523415977962,399.4581818181818,0.32097851239669417,6.781818181818182,48.442424242424245,331.1551515151515,9.251111111111111,0.19696969696969696,0.029544405888056683,0.19466563137039325,0.006268130547517673,1.235113311920057,0.11919252482274628,0.07741333432261815,0.0030919849291816226,0.32243017381080996
1,1263,33,0.22362549098126108,1.4278311818128955,358.9051203586507,1.0054389322105186,0.9972330186891668,1.6113514686759127,1.4695074241934436,0.43545715886959935,0.9345383943728295,1.1562652225973478,-0.04369186982720892,1.5131992940206525,0.37420815963611204,1.0508679494862267,-0.5384961316159211,14.356204814346032,0.5117822485207101,0.23096143670044064,6.840018193340011,1.069932191086601,-0.2870368574342345,0.9660431074106939,0.026493795866636687,0.9465426634947564,0.026493795866636687,0.17558845289196456,0.02576034241382151,0.9867531020666817,0.9867531020666817,0.9973506204133363,0.9933765510333408,-0.8273819407142513,0.8989139871742688,0.026493795866636687,2.5700372895330377,0.48496741193824844,1.1713541923739643,0.95217876172492,0.5598690352078606,5.140074579066075,1.1448603965073283,0.24813422581933264,48.18266650530954,0.5147613966223884,0.2635646979705466,6.998468140329543,17.19138303723316,115.97074378750446,2.9942621496945963,0.17438148755970406,2.6547833253310174,33.88779618626516,0.41719381231565866,0.2876923076923077,2.192456243375572,0.21681841974193575,1.5398833690210267,0.0431932716695285,6.230769230769231,0.47928994082840237,0.4023668639053255,6.846153846153846,971.7692307692307,6109.153846153846,181.26923076923077,0.2222222222222222,2.5384615384615383,0.1952662721893491,0.08741174768540289,0.16751451210913287,0.07819422372097087,2.8073904508767193,0.04,346.76923076923083,2.8061450861104307,108.80307692307693,0.33477869822485207,3.429074556213018,166.32923076923078,0.249505325443787,6.913846153846154,48.29846153846154,331.0615384615385,8.247008547008548,0.17111111111111113,0.031561984708413274,0.2051493865922437,0.007750071346202299,0.5455330990041009,0.2617519933421031,0.09458588890049043,0.002196499873564963,0.8768334578043314
1,1263,35,1.4306081113009563,2.2392702649356515,1323.973040870871,0.9182958340544889,0.4681075099047578,2.2839570600265175,2.379833005868689,0.24596755619854604,1.8552284727528419,1.8817689881837252,1.1145777860638648,1.2652552198048244,0.18347831061668618,1.878987699708451,-0.3725987269816786,52.95892163483485,0.5555555555555556,0.08872208954281333,2.025604642588176,1.170040546702201,0.5691783175449343,0.8999341876694537,0.0,0.9999999999999991,0.0,-3.203426503814917e-16,0.0,1.0,1.0,1.0,1.0,-0.9999999999999997,0.9182862148267579,0.0,1.3418682141960587,0.5500329061652731,0.9265606610592505,0.999999999999999,0.6581317858039412,2.6837364283921175,0.9265606610592505,0.22498354691736341,52.6474724179111,0.5738530236655179,0.213073488167241,1.9235452981714198,24.557241736329473,51.84122084296561,17.73624695967044,0.769113675457145,2.383722448984124,35.552562093937965,0.466966184939896,0.24466666666666667,2.907752074794095,0.15742757854656908,0.2941878705282393,0.12323750555115148,6.636363636363637,0.6033057851239669,0.1983471074380165,1.8181818181818181,1420.4545454545455,3295.4545454545455,951.7045454545455,0.7954545454545454,6.2727272727272725,0.5702479338842975,0.0012525252525252527,0.0021737373737373733,0.0010222222222222221,1.685815709153029,0.029333333333333333,258.26446280991735,2.3771028045767015,148.09333333333333,0.3949155555555556,3.224846222222222,208.33333333333334,0.2222222222222222,2.0,52.824,107.696,39.106,0.75,0.025329522549760643,0.04946623834719073,0.019295343600403123,0.0,1000000.0,0.0,0.0,0.0
1,1263,35,0.7359270650005264,1.7677616886432521,1831.3348114280327,0.8217895401643709,0.304993076827647,4.0620748036812975,2.1338276226038873,0.27609117284893,1.297303512731,1.363122609121408,0.053025833113163424,2.080801789490724,0.15708028170468047,1.3532681964148987,-0.876222752082628,73.25339245712132,0.676282,0.1483384072838411,3.5875529672357676,2.035037103429528,-0.496597281727709,0.677259775345794,0.021922115357454582,0.9373300132499641,0.021922115357454582,0.15132311467435133,0.021419009079786347,0.9890389423212727,0.9890389423212727,0.9978077884642546,0.9945194711606363,-0.8273177246501211,0.8617289144892931,0.021922115357454582,1.8503287730289106,0.6542392894795054,0.9627497730429064,0.999999999999803,0.7918400095224198,3.7006575460578213,0.9408276576854522,0.1747954726758121,170.47378735852263,0.6542869462276724,0.1880455775763672,3.576842395744817,28.469310085193058,105.01023860444047,9.853682629909313,0.38593050361961156,2.4871881055686456,97.75860074744313,0.44149188505830983,0.25975000000000004,8.921659539418187,0.19338626078662202,0.6521059252594587,0.08413466822989865,18.5625,0.580078125,0.2333984375,3.40625,1854.5,6972.375,596.7326388888889,0.4331597222222222,15.4375,0.482421875,0.04160344707649284,0.0451780779130867,0.04076534492289993,2.5058269522460868,0.032,877.9375,2.483471627897936,372.566,0.372566,3.3879159999999997,676.282,0.174684,3.612,51.302,185.932,19.005611111111108,0.37477777777777777,0.02815397833207357,0.09718195735701689,0.011668588514109348,1.6803280216196068,0.09705184232125823,0.08004916361689894,0.0012535656571428576,0.2404246848042468
1,1263,37,1.3939656497087287,1.8521637939651887,1226.4759864874509,0.18101786433398795,0.2758588882926243,4.124194163749457,1.98001951660831,0.16304308396742254,1.5927539734021674,1.5777651972564974,0.9233124466078075,1.0567070700005026,0.11199772698891973,1.6068773159126473,-0.7666073425313942,49.059039459498045,0.946761218836565,0.045189488606240634,3.9114969801553063,0.33001678882505764,-0.1740982101494482,0.09741576315752254,0.01050474547023296,0.8055219185068692,0.01050474547023296,0.08194904563243627,0.010368358333066575,0.9947476272648835,0.9947476272648835,0.9978990509059534,0.996498418176589,-0.6494508093338351,0.4566535558381573,0.01050474547023296,1.9722497842968074,0.9356713873530558,0.2471690115380044,0.805521918506762,0.9669974115616912,3.944499568593615,0.23666426606777174,0.026980127156938868,125.91592124277457,0.9251736641562114,0.037413167921894315,3.8830509393063584,16.63967597371318,65.57648852532343,4.405472835810625,0.2792372651734104,1.4941675480042336,61.927008154417834,0.5500249570939275,0.2863157894736842,1.1520756879887548,0.1901430956012784,0.7282965715509068,0.05560472661387131,16.11111111111111,0.8950617283950617,0.05246913580246913,3.8333333333333335,850.7222222222222,3374.722222222222,219.72222222222223,0.2916666666666667,12.666666666666666,0.7037037037037037,0.0020577434436408796,0.007244780480677917,0.0007609841843816202,0.9141828384352122,0.037894736842105266,154.3487654320988,1.7641288671224422,175.7157894736842,0.3699279778393352,3.258752354570637,449.7115789473684,0.02661939058171745,3.917894736842105,48.27578947368421,190.17894736842106,12.8,0.27052631578947367,0.028109873228043654,0.10942517039954386,0.0077810489351686106,0.5344401756311745,0.48780487804878053,0.00863157894736842,0.00022976737133692955,0.48780487804878053
1,1263,37,0.718746570162116,1.558371523517189,888.6541969476264,0.868721246339404,0.4816593949044292,2.517422742605352,1.7853830718933097,0.26857579793255065,1.1726349255645174,1.1866556689379122,0.2564001956681374,1.5289828762251723,0.19977141561488032,1.217000545704908,-0.3952800250055842,35.54616787790506,0.5882,0.10601765959234229,3.1133308504695947,1.192243867037236,-0.6505331001093498,0.7913336329087254,0.03248941130391883,0.9210595439792475,0.03248941130391883,0.2003738641914738,0.03115184053028226,0.9837552943480405,0.9837552943480405,0.9935021177392163,0.9891701962320271,-0.774787098100826,0.8578515793005823,0.03248941130391883,1.7098585187071849,0.5569366373633955,1.0644835127792165,0.9210595439792475,0.6936138130552254,3.4197170374143697,1.0319941014752982,0.20595576105316107,102.41663767349203,0.5745989085474222,0.21270054572628888,3.0783865970830475,15.75851412968916,50.166701637815464,7.156467252657583,0.4804033507292381,2.6103611757994614,65.56064893898431,0.4221614925636318,0.2966666666666667,1.754508736123229,0.2328434875799818,0.709585951669704,0.11365787155755126,13.48,0.5392,0.2304,2.92,762.32,2586.8,306.2,0.52,7.48,0.2992,0.017348659466250967,0.03687871647422534,0.012466145214257374,2.9426831892554888,0.041666666666666664,186.32,2.794415118528466,194.24666666666667,0.32374444444444445,3.5139555555555555,352.92,0.2059,3.13,47.42666666666667,150.00666666666666,21.781666666666666,0.4675,0.030944385130595446,0.09541864423238432,0.014825820355148232,4.351327433628318,0.10168802115110842,0.03277999999999999,0.006571641666666666,0.10443864229765014
1,1263,37,0.672094644784772,1.6051086822513267,909.1408464034615,0.7534718024101184,0.38013212660161777,3.094604872795395,1.9763262902167318,0.27828381282809067,1.2355950506143223,1.3221614022864583,0.35235365826535336,1.6239726319513785,0.18478541508243707,1.2856840035938857,-0.6478008571004567,36.365633856138466,0.6608991735537191,0.12628822799459258,3.358106431517918,1.2835600751992764,-0.7410218369686223,0.6498805066684261,0.01648546747123555,0.950453068472555,0.01648546747123555,0.1201811367048502,0.016189847129259617,0.9917572662643822,0.9917572662643822,0.9967029065057529,0.9945048441762548,-0.8449424338709914,0.8455094102715918,0.01648546747123555,1.788783055084512,0.6506271658009095,0.8589750777592998,0.9504530684725542,0.7805403213488943,3.577566110169024,0.8424896102880645,0.1665914935349154,86.43123990112429,0.6265757062781309,0.1867121468609346,3.2520063300791198,35.725386081407905,129.8647633220724,12.19054177124178,0.4369984174802201,2.254026627888596,56.52484545284578,0.4924263299985606,0.24954545454545451,13.624366295110502,0.16759093303239989,0.5336136155640687,0.07608526239948264,8.285714285714286,0.5918367346938775,0.20408163265306123,3.142857142857143,3017.285714285714,11111.07142857143,993.8392857142857,0.4642857142857143,5.142857142857143,0.3673469387755102,0.00195226315819751,0.005959205633777922,0.0009505275393024076,2.413799564605678,0.025454545454545455,1473.9183673469388,2.2796326245943495,214.93454545454546,0.3907900826446281,3.185441322314049,363.49454545454546,0.1695504132231405,3.350909090909091,52.236363636363635,177.45636363636365,20.931363636363635,0.4122727272727273,0.02551242842254747,0.08405051335348955,0.010877907189811952,1.5087314939434724,0.24531941703185803,0.014822975206611572,0.002473894665664914,0.24922118380062305
1,1263,39,1.3577898681231717,2.036433911804595,2585.3229275497642,0.526327520210358,0.3653005812098684,2.36247083703223,2.1961003496466835,0.2146264104086955,1.6298947782613815,1.5534193810366967,1.075565093782947,1.1205352558637365,0.15902219640576915,1.64966437656741,0.41491179986681226,103.41291710199059,0.7904022160664821,0.0648355671118229,1.3300483123888927,1.0267877081818093,0.5731021265426284,0.38140526324078244,0.02113255354849907,0.8949237550250844,0.02113255354849907,0.1470901413704949,0.02066628099229444,0.9894337232257504,0.9894337232257504,0.9957734892903001,0.9929558154838336,-0.7399552879649679,0.72762865739022,0.02113255354849907,1.113538196387714,0.7780648106130648,0.6430935745028047,0.8949237550250795,0.8758955268380364,2.227076392775428,0.6219610209543059,0.1006344541973204,190.2573304194729,0.7346021767140468,0.13269891164297665,1.4736045183531987,28.108579272743157,33.65832303810831,26.72114333140187,0.8815988704117005,2.216852147110101,99.63189405238145,0.45512759310332085,0.27131578947368423,10.615301211668154,0.20293301579952383,0.35990786312511547,0.16368930396812595,22.88235294117647,0.6730103806228374,0.1634948096885813,1.6176470588235294,1734.1176470588234,1937.5,1683.2720588235295,0.8455882352941176,17.235294117647058,0.5069204152249135,0.005720066578233473,0.01809976734743004,0.0026251413859343306,2.2347112712351165,0.035789473684210524,953.4083044982698,2.248061249133171,337.97473684210524,0.3557628808864266,3.3730260387811635,750.8821052631579,0.104798891966759,1.3568421052631578,50.014736842105265,64.9042105263158,46.29236842105263,0.9107894736842105,0.027787754107490948,0.04119422564347377,0.024436136223495244,7.0674509001636645,0.10999921842660594,0.019138891966759,0.002087704242600962,0.10568031704095114
1,1263,39,0.9905740545561049,1.8440544397852487,3423.764460515027,0.5073420341350932,0.4266733764845716,2.621682893105577,2.006148790822795,0.25287099613957426,1.5050137882451164,1.5774392498434762,0.6389763515842366,1.3671724392385582,0.17998786758112822,1.5366251557620383,-0.7406087329785938,136.95057842060112,0.8075405469678952,0.09615036651279242,3.680568976814936,1.0733936549450893,-0.5651811557975691,0.38221894718367183,0.01757328747120223,0.912443451873448,0.01757328747120223,0.1265767117948212,0.01724043785733359,0.9912133562643989,0.9912133562643989,0.9982426712528798,0.9956066781321995,-0.7800207595857563,0.7459207830536623,0.01757328747120223,1.8945726117677004,0.7851077276014726,0.6371754690572953,0.9313748643694196,0.8801481827846639,3.789145223535401,0.6196021815860938,0.0999480586637185,311.76237183272326,0.7906724668163012,0.10668676794395897,3.6943270606358034,19.646261920707403,72.78626393670399,6.375471373534946,0.3330903598642144,2.1949959839853115,151.92745900202286,0.4584738113434242,0.27137931034482754,2.43961425300111,0.20136581944458853,0.7509769822113987,0.0687506958251706,37.23529411764706,0.7301038062283737,0.14302191464821223,3.6862745098039214,1060.9803921568628,3984.9803921568628,330.1764705882353,0.3502178649237473,26.137254901960784,0.5124951941560938,0.010901283405326584,0.03846509552145609,0.006431051751263947,2.150667685609985,0.03517241379310345,252.63744713571703,2.2148247880437686,521.0786206896552,0.35936456599286565,3.402471343638525,1170.9337931034484,0.09688466111771701,3.693793103448276,50.037241379310345,184.83862068965516,16.357586206896553,0.3288505747126437,0.028095102562097636,0.10372840201214588,0.009442205541220319,1.7820052992115802,0.07887650839989485,0.05943597526067697,0.0005382481173206498,0.19222829964328184
1,1263,39,1.197939636113625,1.7398325668801893,2134.362947560341,0.011407757737460498,0.2985615684525009,2.3035869517659036,1.8997832765231077,0.17190121755059096,1.4464240480172048,1.4381069471207086,0.9693539539751843,0.9304293225479234,0.12728265132007185,1.4609459084991276,0.13193581048833739,85.37451790241366,0.9980020000000001,0.04222042087786395,3.998056483802098,0.0009666893316028737,-0.0009679523448666461,0.0009704883986350427,0.0009717580989510814,0.24951380331612746,0.0009717580989510814,0.01071640662548801,0.0009704883986350424,0.9995141209505245,0.9995141209505245,0.9998056483802098,0.999676080633683,-5.832227847903571e-05,0.0008256048402587112,0.0009717580989510814,1.9995141209505243,0.9980583883525719,0.01168816472443885,0.0004861966838955801,0.9990282419010489,3.9990282419010486,0.01071640662548801,0.0004855616243965309,244.7588730052195,0.9911699100180544,0.004415044990972805,3.986690492170745,32.49857915307658,129.98100710447704,8.127972165226458,0.2533273769573138,1.4414621421047318,107.60993952142047,0.5324822988651678,0.24675000000000002,11.040960374164252,0.16285668443370263,0.6381172299055554,0.04404154806573945,24.076923076923077,0.9260355029585798,0.036982248520710054,3.8846153846153846,2834.6923076923076,11338.653846153846,708.7019230769231,0.27884615384615385,12.23076923076923,0.47041420118343197,0.039656196581196575,0.043240170940170936,0.03876020299145298,1.5813432267682985,0.026,1355.4023668639056,1.5157342572156147,393.93,0.39393,3.205324,998.002,0.000999,3.997,52.57,210.277,13.14325,0.25075,0.026211016943814565,0.10184406777525826,0.007302754235953641,0.13156609914872305,1.9030401065702462,0.00105095,1.523475e-06,1.3114754098360657
1,1263,41,1.487000042400851,2.059040482999852,5426.715087008808,0.6839223830011185,0.318170508800099,2.5016108832532926,2.2377007592382827,0.18390665968774222,1.7726977676166773,1.766663415404453,1.2181225420403468,1.019578217197936,0.13381177637614083,1.7866687844419566,-0.2202967773056441,217.06860348035235,0.7025474048442906,0.049727969986148084,1.5464714680043286,1.2145487817134621,0.7006079821711995,0.5769659931832536,0.03262878639373232,0.8930601314549175,0.03262878639373232,0.20667269248758435,0.031532653383284766,0.9836856068031339,0.9836856068031339,0.9934742427212536,0.9891237378687558,-0.7208398731846593,0.795625567770576,0.03262878639373232,1.187595287067065,0.6636699568282223,0.8909105358732153,0.8930601314549163,0.7960903197360689,2.37519057413413,0.8582817494794833,0.15239869489424648,309.00671442370765,0.6844240764460348,0.15778796177698265,1.5893571799812163,23.97495112291402,37.35897114505194,20.62894611737954,0.8526607050046959,2.6373611414291047,146.7967860185219,0.3736132983252185,0.26485294117647057,6.1633650147213945,0.21189404861666544,0.38140647630467045,0.16951594169466416,31.627450980392158,0.6201460976547482,0.1899269511726259,1.7647058823529411,1960.6666666666667,2987.3137254901962,1704.0049019607843,0.8088235294117647,11.588235294117647,0.22722029988465975,0.03398371055469776,0.11660248251954873,0.013329017563485026,3.510882873768469,0.03,849.5555555555555,2.5000749906455764,592.1458823529412,0.348321107266436,3.416469204152249,1194.330588235294,0.14872629757785466,1.545294117647059,50.76705882352941,77.6029411764706,44.058088235294115,0.8636764705882353,0.02849776447616084,0.04791446226638803,0.023643590028604028,29.523711729193618,0.037245042620926344,0.031587306805074974,0.004730808553836759,0.03698566805362922
1,1263,41,1.2020030017683212,1.9847339600829008,5186.597373556468,0.4844847488988303,0.5316134046318486,2.039613588834301,2.2631362095951872,0.25789663037654476,1.635639666831991,1.6969603054830917,0.8797495684275058,1.3833866411676814,0.19957936548152116,1.6631852770803326,-0.3368939187704384,207.46389494225875,0.82711296,0.09086814618251614,4.43486929353468,0.9984585198565595,0.46851590842504115,0.33475922030886884,0.02430185403418917,0.8648514594342861,0.02430185403418917,0.16360638170341316,0.023666592621614135,0.9878490729829055,0.9878490729829055,0.9975698145965812,0.9939245364914527,-0.692930477044675,0.7005958708250979,0.02430185403418917,2.087403382599195,0.799907605551506,0.63947211210113,0.8783036866085264,0.8904423828279102,4.17480676519839,0.6151702580669414,0.0897652685857645,368.31130789615816,0.7877743656276176,0.11068219591078807,4.477059048883992,37.029049300270955,161.09829835813818,8.9340616270404,0.24647210783249374,2.393196652562606,159.8966144435044,0.39247091728718786,0.24866666666666665,15.001048474161664,0.19318902893955509,0.9311186803831394,0.0492864005011907,35.25454545454546,0.6409917355371901,0.2062809917355372,4.654545454545454,2994.1272727272726,12805.745454545455,726.3338383838384,0.2681818181818182,15.072727272727272,0.2740495867768595,0.06064759949710381,0.25546501334030597,0.030145180760965846,3.1747992531650815,0.029333333333333333,1831.937190082644,2.20803865030854,678.7386666666666,0.3619939555555556,3.4132195555555556,1550.8368,0.08801109333333335,4.427733333333333,52.562666666666665,231.86453333333333,12.626681481481482,0.24202962962962962,0.028054731502477535,0.12709006769127404,0.007254348693112362,3.09636848457976,0.04474934104109244,0.08980960395479154,0.0007454213638320986,0.09591603988105654
1,1263,41,1.2433241725873592,1.7457161209652776,1937.5966489635068,0.07877748116345214,0.31205661492927694,2.625971587918491,1.8350082279264488,0.16743920703001502,1.5195549708557687,1.5513996504915561,0.9274461151570604,0.9075621127693884,0.12686445908969304,1.5325149261079465,-0.6292526730884256,77.50386595854029,0.9807941230486685,0.03955468929116838,3.9735531285179935,0.05033771563200756,-0.029800504882592095,0.019730492111205953,0.009189212090399584,0.333468002125322,0.009189212090399584,0.07490579924188434,0.009098944092416125,0.9954053939548002,0.9954053939548002,0.9981621575819201,0.9969369293032002,-0.2187237814828924,0.14349210616034627,0.009189212090399584,1.9927159115210644,0.976441203806781,0.10933670647161495,0.33668195988412,0.9881213054758647,3.985431823042129,0.10014749438121567,0.007229926050401384,208.11525456975556,0.9434556777777897,0.028272161111105126,3.9125421397855686,20.200862306180184,80.58464544226315,5.104916522159442,0.27186446505360795,1.6493906970981143,86.98034313923769,0.4720067884881181,0.26696969696969697,2.2289696588530306,0.1894277495141371,0.6844812286270621,0.06566437973590585,26.266666666666666,0.8755555555555555,0.06222222222222222,3.8,884.6333333333333,3535.3333333333335,221.95833333333334,0.3,15.8,0.5266666666666666,0.0055045049130763414,0.009518019652305367,0.004501126228269086,1.3119470505154913,0.03636363636363636,128.38333333333333,1.6030999058490567,312.3187878787879,0.3785682277318641,3.4118729109274564,809.1551515151515,0.009602938475665748,3.9709090909090907,50.52969696969697,201.8860606060606,12.690606060606061,0.25727272727272726,0.027788774746711254,0.10658439191613794,0.008089870454354582,0.8492414924149242,0.29872543813064256,0.008115286195286196,9.467139345706839e-05,0.24590163934426232
1,1263,43,1.2953259617031792,1.9415213577796762,3289.2558485545496,0.30363737257037965,0.40846309501025013,2.2051679220354843,2.181684887972926,0.2036525509688045,1.5876920552532736,1.5625829455168672,1.1642689628812501,1.0174159250916759,0.1546660434608119,1.606178230667517,0.35390373989011376,131.570233942182,0.8976221453287199,0.05904244635587105,1.1533636985109044,0.6009259998795319,0.32196931046331245,0.18791664929187454,0.01516254249563818,0.8507389336640361,0.01516254249563818,0.11259197514771657,0.014916185914239665,0.992418728752181,0.992418728752181,0.9969674915008724,0.9949458191681206,-0.6871320992881245,0.5817559684607685,0.01516254249563818,1.0536483232529077,0.8835442181920041,0.3961080914501735,0.8507389336640085,0.9387704054992732,2.1072966465058154,0.38094554895453564,0.05076979794687817,285.9620782177303,0.8596254333778602,0.0701872833110699,1.227990633172653,28.496301206906935,31.032920202524235,27.86214645800261,0.9430023417068368,1.9880570768593857,127.46426920971004,0.4521446091203326,0.26019607843137255,9.13277560649866,0.18736485740994005,0.2586793442265268,0.16953623570579335,32.21951219512195,0.7858417608566329,0.10707911957168352,1.3658536585365855,1790.7560975609756,1883.9024390243903,1767.469512195122,0.9085365853658537,19.73170731707317,0.4812611540749554,0.008324800149349288,0.02838950769225805,0.003308623263622097,2.031162673925064,0.03215686274509804,823.697798929209,1.9366323107749497,472.5670588235294,0.370640830449827,3.3219740099961554,1144.4682352941177,0.05118892733564014,1.1623529411764706,51.18666666666667,57.9043137254902,49.507254901960785,0.9594117647058824,0.02687825574674314,0.03338852244601545,0.025250689071925066,5.491537921348313,0.10869634716334506,0.014431280276816606,0.0007056042336657846,0.11379800853485064
1,1263,43,0.9841101242500946,1.8889592757811957,3859.383534775227,0.8237969647215193,0.5287172068123109,2.2542681904079664,2.1583826103738533,0.2902420151103177,1.3922439410969252,1.348649310458865,0.6498387336350857,1.5085438767387676,0.2176056407366627,1.4346908674740544,0.2975603886831447,154.3753413910091,0.7007280355555556,0.1199946936923562,3.913162517903261,2.2684062160729264,-0.15748664230520226,0.6243570748185696,0.05261573052838591,0.8449707663205762,0.05261573052838591,0.2933019518510839,0.04959767346836431,0.9736921347358071,0.9736921347358071,0.9947384269471615,0.9868460673679036,-0.6493646847413166,0.8078336395182846,0.05261573052838591,1.9417032433534767,0.6544592654373917,1.1104053584000093,0.8949945198521507,0.8010347249822594,3.8834064867069533,1.0577896278716241,0.1692432013367389,308.4425895174403,0.6270491122947075,0.2201383409464555,3.917840219305513,49.944008918954,197.8623414117572,14.14146124991272,0.3536303881956808,2.944060233407832,145.33037233666434,0.340549520556638,0.26053333333333334,28.29423329733442,0.20888095262879824,0.7797419807934061,0.08449297974120916,28.73076923076923,0.5525147928994083,0.27921597633136097,3.9038461538461537,5317.4807692307695,21241.30769230769,1402.036858974359,0.3808760683760684,13.0,0.25,0.014646787108248398,0.057028448043651966,0.0045714257374227085,3.582987879486843,0.027733333333333332,4017.323594674556,2.6469693913260355,650.7685333333334,0.34707655111111113,3.3390324622222223,1313.8650666666667,0.16972344888888888,3.9509333333333334,51.1664,203.4592,16.02297777777778,0.3274518518518518,0.02775485983035189,0.10723699118165786,0.00985871927344326,7.037867901662049,0.02306231930672823,0.15224704164444144,0.002763600632204115,0.05499190246565372
1,1263,43,1.0619262280996224,1.6456713667227454,4397.781447216311,0.35332939558053306,0.31954829592372525,2.7515559615448897,2.004263467832423,0.1840294718938312,1.379390974953479,1.4059281754366233,0.7965988943992195,1.2076645734332034,0.13131165330141462,1.398059201928208,-0.25438410452765337,175.91125788865247,0.8785295802469135,0.05185007031302901,3.7929183906470474,0.7251161738117916,-0.3872033475840274,0.23481731488300528,0.01775709035409052,0.8591089231312458,0.01775709035409052,0.1277485678892565,0.01741816121708675,0.9911214548229548,0.9911214548229548,0.9982242909645909,0.9955607274114774,-0.693629345101235,0.6268745068308924,0.01775709035409052,1.933556661223777,0.8565648034212054,0.4718495682949226,0.8645092201266645,0.9235511638939693,3.867113322447554,0.45409247794083274,0.06314360130927396,443.8523810350265,0.8515390625401118,0.07501712682891343,3.787537741753101,45.19887500003048,174.84667146144045,12.792924176364696,0.30723697937155414,2.2011243858521934,187.47148600914556,0.41701796292594817,0.23199999999999998,19.276931994319128,0.16130926717633468,0.5971234058558317,0.05600792809707055,40.21568627450981,0.7885428681276432,0.1114955786236063,3.803921568627451,4167.725490196079,16237.529411764706,1150.3616557734206,0.32080610021786493,16.294117647058822,0.31949250288350634,0.008604896815512316,0.051362904436973646,0.0033620180038289016,2.727021846048946,0.02266666666666667,2221.358708189158,1.9657131105799006,865.0648888888888,0.3844732839506173,3.157930666666666,1976.6915555555556,0.06090587654320987,3.8124444444444445,54.19466666666667,207.3831111111111,15.901506172839508,0.2978765432098765,0.024834847218722884,0.09420969457741946,0.0077380489592956524,2.4227034745359357,0.055254317203984195,0.06388967570607833,0.0003396442522786161,0.11660836838609696
1,1263,45,1.3138985644763046,1.9279593964661448,4135.230932517166,0.3128903908249221,0.3373957626525912,2.763317254114155,2.2153602035344133,0.18952032932574195,1.6163989773276715,1.6235517046600747,0.8990452030843276,1.3163150004500856,0.14065465473881827,1.6333679696273657,-0.07869138787194796,165.4092373006867,0.9093885535900103,0.05514527029868113,4.116190166702401,0.6061011745450765,0.11629344253605443,0.16456117357092004,0.012834007825900514,0.854759088443086,0.012834007825900514,0.09828851806494342,0.012657465209513797,0.9935829960870498,0.9935829960870498,0.99871659921741,0.996791498043525,-0.7144281627223666,0.5911484808850893,0.012834007825900514,2.019469440126501,0.901248349876008,0.3879969121684525,0.8796454519654398,0.9488535859777015,4.038938880253002,0.37516290434255256,0.04434879534920513,343.0694667694454,0.8650294152397404,0.07009976342723832,4.236621926612152,27.942119091590293,113.82856199638246,7.061653029050015,0.25363209823383176,2.0224971134999388,151.12245130273473,0.4544231663601098,0.2553225806451613,8.329831035271988,0.18723695606475144,0.8677612354639757,0.045383666981881975,36.91304347826087,0.8024574669187146,0.1044423440453686,4.369565217391305,2259.8260869565215,9117.934782608696,568.0042270531401,0.25422705314009664,20.391304347826086,0.44328922495274103,0.0032484558416146256,0.018876385617734057,0.0006888555853439694,2.165060014032304,0.02967741935483871,1124.4291115311908,1.8789063114624291,592.9432258064517,0.38254401664932364,3.3427030176899066,1409.552258064516,0.04658688865764828,4.13741935483871,51.748387096774195,211.82258064516128,13.170698924731182,0.2543548387096774,0.026766824949812664,0.11495307981615586,0.006716560283844057,1.3189366837024419,0.10010128527897581,0.04382576101474096,0.00020813819609949308,0.2061410659524087
1,1263,45,1.2783522884644347,1.7771398578766564,4911.594104093565,0.10359930319609709,0.28720114390405316,3.0091074177194503,2.183600580746322,0.1560337666239221,1.5262902273950385,1.5169410416901974,0.9902416451112932,1.1933589356350287,0.11253175625403829,1.5385165917784642,0.1641200786039057,196.46376416374264,0.9752217157787778,0.037471444936023064,4.050753466345954,0.1693273341668936,0.07864838671184829,0.045384709070194505,0.0024702787289137833,0.8960650339057492,0.0024702787289137833,0.024767265486853852,0.0024636270178778597,0.9987648606355432,0.9987648606355432,0.9997529721271086,0.9993824303177714,-0.8186501637380408,0.3871378389676957,0.0024702787289137833,2.0099812871238987,0.9736929132848653,0.11711079337307298,0.9548579571240311,0.986701403420726,4.019962574247797,0.11464051464415984,0.011963746949777072,518.7598665152395,0.9655236256648502,0.0174228366564328,4.048959110165707,21.516522662577284,87.012093863677,5.359460895309439,0.25184676087651564,1.6102875891378732,221.45474769901585,0.4986994430424917,0.2587951807228916,2.3418606089867056,0.1731857447625414,0.6918253721012223,0.046150732482089306,61.09230769230769,0.9398816568047337,0.03076923076923077,4.030769230769231,1525.4,6141.876923076923,380.3235042735043,0.25940170940170937,38.13846153846154,0.5867455621301775,0.0068805164980983114,0.022539273107899035,0.0029981411775838896,1.3473575074313955,0.03132530120481928,506.3171597633136,1.6350536934960849,798.2491566265061,0.38469838873566553,3.288543242850922,2023.585060240964,0.012437218754536216,4.051084337349398,51.30843373493976,207.84289156626505,12.760093708165996,0.24954484605087013,0.026595865624250592,0.1070962004480507,0.006825509048877125,0.35408882783882784,0.35776016275932226,0.00753129321249169,1.1704638265647871e-05,0.69562117602701
1,1263,45,1.0490258054957584,1.5996849111459939,2816.0548554831016,0.3620512517339973,0.22785762969942303,3.106083457718497,1.9626213058874407,0.16194160771741653,1.3775022070382372,1.4007824206016486,0.7631565434929409,1.1994647623944998,0.10674604082991188,1.3935949185056962,-0.3679346196674878,112.64219421932408,0.8715814506539834,0.04459446648968281,3.78239481124169,0.7549276207537723,-0.40837359302750337,0.2450661699065072,0.015285923099519256,0.8827157477837132,0.015285923099519256,0.11366825701596692,0.015043403202945824,0.9923570384502404,0.9923570384502404,0.9969428153800962,0.9949046923001603,-0.7314534539577416,0.6434521495144448,0.015285923099519256,1.930012590930483,0.854780550294041,0.46418743664537654,0.8827157477836973,0.9223696293807235,3.860025181860966,0.44890151354585767,0.06508802325150662,339.85755632277295,0.8454453350517049,0.07727733247414754,3.7467252141053033,18.674449354838764,71.4657233682377,5.4766308514890305,0.3133186964736741,1.9838006490262423,161.5959990207898,0.4791945062991367,0.2767241379310345,2.164830333633722,0.1964243268547551,0.713586106631888,0.06713388191047186,43.333333333333336,0.8024691358024691,0.09876543209876544,3.6666666666666665,932.925925925926,3611.4814814814813,263.287037037037,0.3333333333333333,24.555555555555557,0.4547325102880658,0.025838381947723612,0.09934418675582796,0.00746193074569752,2.1321638900106827,0.037241379310344824,211.9039780521262,2.037452675589996,524.5255172413794,0.36174173602853743,3.376361474435196,1263.7931034482758,0.06420927467300833,3.793103448275862,49.42896551724138,188.68275862068967,14.61551724137931,0.3017241379310345,0.028712372720480276,0.10753699413992927,0.009006217365618022,3.064102564102563,0.09100418410041844,0.015156559651208873,0.0009483783672967319,0.09338521400778213
1,1263,45,0.8778272380311114,2.1177749150563048,2801.3528732771338,1.1927766882233746,0.4911785329460092,3.663665398633484,2.3627258505008735,0.3360820977305577,1.3150662125651367,1.2750959427362965,0.012662182766504979,2.3500636677343687,0.21424989798170457,1.3899523368849078,0.2655611398967034,112.05411493108537,0.5228604042806183,0.20256835538140328,3.8967463671060076,4.459699903331723,-0.035652427551053745,1.1727533032308968,0.026626887015337882,0.9555302438057006,0.026626887015337882,0.17548903196995128,0.025860220758409283,0.9866865564923311,0.9866865564923311,0.9973373112984663,0.9933432782461655,-0.8475357983068893,0.9294880267003627,0.026626887015337882,1.900056442509273,0.5065503106020971,1.3587712617270284,0.9762333818606542,0.6768525159157458,3.800112885018546,1.3321443747116912,0.29984504756155866,205.138574336592,0.4961181148476868,0.330908736380884,3.888854576778495,18.083736250827172,71.35100969184614,6.731219943958335,0.40563966444240857,2.9834810493402566,149.9722981102881,0.4232204439020524,0.2848275862068965,2.546734321089704,0.22334800366029262,0.8707294333394934,0.09442619527059298,26.103448275862068,0.45005945303210465,0.38198573127229485,3.913793103448276,866.3448275862069,3396.9310344827586,306.0162835249042,0.424808429118774,19.724137931034484,0.3400713436385256,0.026232259591579665,0.06331976621819865,0.020470174335520917,3.5522883612640825,0.04,241.34482758620686,2.98270797044051,502.9172413793103,0.3468394768133175,3.5485774078478,758.1475862068966,0.3059995243757432,3.9186206896551723,48.72551724137931,191.93655172413793,18.597088122605363,0.3906513409961686,0.030554459235801596,0.11855800785831574,0.012624453306226706,3.671623093681916,0.05866320711078987,0.08132402904311829,0.002744616423615381,0.15109369706432565
1,1263,47,0.5046808238457826,1.9584370198649588,6134.928687715764,1.0195827426439823,0.6898391879644097,2.6746922399303417,2.0979750734302596,0.41958127080397256,1.447401281007365,1.630499694963131,0.14244239540360992,1.9555326780266498,0.30201342091313216,1.536095035085315,-0.9455863151163804,245.3971475086306,0.5862955621301775,0.2646174885519939,3.56891643069399,3.014017468984725,-0.38892192819991006,0.9535504043977401,0.011404301019489589,0.9763821633638465,0.011404301019489589,0.08947876731039309,0.01126712857752616,0.9942978494902552,0.9942978494902552,0.9988595698980509,0.9971489247451276,-0.929040025935288,0.9229750532219654,0.011404301019489589,1.825753288473929,0.5739021522903807,1.1009704360109742,0.9999999999999971,0.7226924221822351,3.651506576947857,1.0895661349914851,0.24123867635430735,411.6387480800853,0.5838345603572815,0.24462256562533558,3.663827022460743,19.418426599240554,68.43517906512093,8.120587427394598,0.39878418102497565,2.562925468230099,285.2600167339121,0.4832707905991184,0.2709615384615385,2.1121719364757605,0.18730071045622484,0.7349232034762277,0.0703515894901247,48.09090909090909,0.5464876033057852,0.2825413223140496,3.840909090909091,1092.2727272727273,3869.659090909091,443.1912878787878,0.39078282828282823,38.77272727272727,0.440599173553719,0.0076497124129735325,0.06098182339753711,0.001241183883036128,2.7293584780465046,0.033846153846153845,219.33884297520663,2.6463642682371944,959.9946153846154,0.36922869822485205,3.3111100591715976,1524.3684615384616,0.23823905325443784,3.5730769230769233,49.99153846153846,176.36461538461538,20.74143162393162,0.40929487179487184,0.027490873015873014,0.10191538540273659,0.010942763002142135,1.9929512372634643,0.09494890105776727,0.02216646962615606,0.0008396908511606738,0.20408981742719237
1,1263,47,0.41093487360739306,1.875939015855757,4533.188345336697,1.2841280431858042,0.9805845381074925,1.7889806766063245,2.2167544585390173,0.4878645371857508,1.1077109986681342,1.0834236540047324,0.10154207134379653,2.115212387195221,0.39452241584670783,1.2396265628681777,0.2085846764742563,181.32753381346794,0.44073565067509335,0.30965035879801717,2.8737328426862336,5.038436048157509,0.9038046577471335,1.4635450610358216,0.01530646281598066,0.9792974499275732,0.01530646281598066,0.11352213859869482,0.015056856714675635,0.9923467685920095,0.9923467685920095,0.998469353718402,0.9961733842960048,-0.9089056784871421,0.9495675084222086,0.01530646281598066,1.5847166463016111,0.43200511384760326,1.3931175603140646,0.9841341197939109,0.4817527775348357,3.1694332926032223,1.3778110974980848,0.3697128809629506,307.4213298247321,0.4473523753691917,0.37403400726642105,3.2004795424560015,63.03474349767632,124.6406996584488,49.204382379312676,0.5411943228783727,2.9351570185815055,267.9451041354149,0.4510186200587971,0.23508474576271188,39.67901781219323,0.17774235169920372,0.6441233641768389,0.08249694013793997,34.078947368421055,0.4484072022160665,0.37863573407202217,3.723684210526316,6337.184210526316,11369.828947368422,5161.976242690058,0.4506578947368421,21.157894736842106,0.278393351800554,0.0602511458717821,0.26840539803079916,0.023591602044821088,3.874820526477118,0.02576271186440678,4830.5186980609415,2.8833362667967717,1149.9538983050847,0.38981488078138465,3.2915249640907787,1300.1701694915255,0.37132099971272625,2.9345762711864407,53.97627118644068,152.4464406779661,32.88641242937853,0.5894256120527307,0.026625373978844524,0.08552213985719838,0.014450834911892496,6.330153107861062,0.05324765574939306,0.04589327939493307,0.002079677312891993,0.1449169639702278
1,1263,47,0.9818857301445524,1.9560947811020568,3948.8694737954,0.9284937233967625,0.6350753566776222,2.1304212761098045,2.2249325338568307,0.30829102144937487,1.3948704309425775,1.3070819828088678,0.7604779823518263,1.4644545515050043,0.23533398314631127,1.4416491787633903,0.5005734400057463,157.95477895181602,0.6554842105263158,0.13268883551122598,4.0326336199202855,2.905353118399992,-0.0779629736419262,0.7586286942926105,0.03422035388069479,0.9135423252716386,0.03422035388069479,0.21404450914550371,0.03299731043630092,0.9828898230596526,0.9828898230596526,0.9965779646119306,0.9914449115298264,-0.7659830586488041,0.8678842781263352,0.03422035388069479,1.9625302865258463,0.6309953056087666,1.1297468858753832,0.94310896046573,0.7832671723024051,3.9250605730516925,1.0955265319946892,0.19821226204332631,306.3605778350515,0.5998281981157856,0.24402036680085673,4.049317240286284,26.661484721895576,107.24633275851019,8.110670003994542,0.3472207349558706,2.946660472872439,165.03932475303543,0.36582902989940885,0.26710526315789473,8.37362723045927,0.2158606856384203,0.8287333493293071,0.08741807546878569,34.84126984126984,0.5530360292265054,0.2816830435878055,4.031746031746032,1693.4603174603174,6777.730158730159,498.86552028218694,0.3655202821869489,14.396825396825397,0.22852103804484758,0.039599599514646734,0.11202910449137099,0.022775489563322347,3.7107086930321103,0.03315789473684211,783.9113126732175,2.7424275755798373,656.3968421052632,0.3454720221606648,3.4844321329639887,1245.42,0.20244072022160664,4.062631578947369,50.58736842105263,205.66473684210527,16.122119883040934,0.3279093567251462,0.029331915851135777,0.11535713879606424,0.010638055506748942,4.96211667857568,0.03419981361101583,0.1011819346898832,0.0022821935579368543,0.08126736241459571
1,1263,47,1.3668012223762562,1.8639360131531235,1986.2616804077716,-3.203426503814917e-16,0.25322719058324705,2.2981733328262073,1.9951495764274296,0.1449745348335507,1.6177673286682475,1.6144879527685063,1.194108581481282,0.8010409949461477,0.10746598554972514,1.627374851474104,-0.09822641672334022,79.45046721631088,1.0,0.031177777503964145,1.0,0.0,0.0,0.0,0.0,1.0,0.0,-3.203426503814917e-16,0.0,1.0,1.0,1.0,1.0,0.0,0.0,0.0,1.0,1.0,-3.203426503814917e-16,1,1.0,2.0,-3.203426503814917e-16,0.0,196.25,1.0,0.0,1.0,21.207819160405364,21.207819160405364,21.207819160405364,1.0,1.345979070384338,87.94989031458297,0.5477233153902086,0.26166666666666666,2.3919195503087334,0.1691601369929914,0.1691601369929914,0.1691601369929914,23.0,1.0,0.0,1.0,1250.0,1250.0,1250.0,1.0,13.695652173913043,0.5954631379962193,0.0012772946859903379,0.0012772946859903379,0.0012772946859903379,0.997626791896465,0.030666666666666665,186.67296786389414,1.481180200223459,293.3066666666667,0.39107555555555557,3.2366222222222225,750.0,0.0,1.0,50.93866666666667,50.93866666666667,50.93866666666667,1.0,0.026363209876543215,0.026363209876543215,0.026363209876543215,0.0,1000000.0,0.0,0.0,0.0
1,1264,11,1.865651601380748,2.2367823641362143,748.0189848136673,0.9104876225061136,0.20834903041844388,2.66543033265442,2.38066851135452,0.11885852373216278,2.0623755564761703,2.0792970712815917,1.6802112233176063,0.7004572880369138,0.0853074412582051,2.0674608095282583,-0.2682831883399048,29.9207593925467,0.5607510204081633,0.021001262984848897,2.949981053429329,1.009243057598282,-0.48847044040149207,0.7812779419394659,0.10618921308576482,0.7607360431228636,0.10618921308576482,0.4789537000660143,0.09383839778573612,0.9469053934571177,0.9469053934571177,0.9787621573828471,0.9646035956380784,-0.4892366488388079,0.7622406576797582,0.10618921308576482,1.667691886657404,0.4624280247016486,1.385753254157198,0.7607360431228637,0.6145972801145215,3.335383773314808,1.2795640410714333,0.22186678875630764,32.12853132934742,0.5441926082715028,0.22790369586424858,2.9424031288648016,12.648710916854316,39.100872898963836,6.035670421326936,0.5143992177837996,2.9158973525499423,16.80214615248133,0.3020533493291724,0.3371428571428572,2.007637664384472,0.29700974321437174,0.847087727510566,0.15949024714032312,4.555555555555555,0.5061728395061729,0.24691358024691357,2.6666666666666665,551.6666666666666,1841.6666666666667,229.16666666666666,0.5833333333333334,1.2222222222222223,0.13580246913580246,0.01797439245981175,0.030070505101378937,0.014950364299419951,3.1699250014423095,0.05142857142857143,173.58024691358023,3.1814807300502377,44.74857142857143,0.2557061224489796,3.6054204081632655,98.13142857142857,0.2196244897959184,3.0228571428571427,43.331428571428575,133.50285714285715,20.78857142857143,0.4942857142857143,0.03646805060648598,0.1055517402728287,0.019197128189900298,4.257611731843576,0.11481244566911053,0.09954122448979591,0.021774199416909622,0.11527377521613832
1,1264,11,1.1533496710861737,1.9734281200612007,1528.5928372824314,0.641363736489521,0.2920843138328453,3.7261834780318472,2.2193679418720946,0.24202192763277255,1.676177809525026,1.762588630475057,0.6279941384558659,1.5913738034162286,0.15540145521502632,1.7063426983895962,-1.127811286273346,61.14371349129727,0.7822548752834467,0.10203335520337428,4.304809905336997,1.781200619321182,0.20354317428481497,0.48620735174641877,0.03183984577156288,0.8774829097396152,0.03183984577156288,0.19989091029108175,0.030667959965827184,0.9840800771142186,0.9840800771142186,0.9968160154228437,0.9920400385571092,-0.714996462936267,0.7868164293367863,0.03183984577156288,2.0472388169487075,0.7344217244913034,0.8758183309156935,0.8934930083655593,0.8523055166862701,4.094477633897415,0.8439784851441313,0.12951179937949542,105.58060744662819,0.7752953530968305,0.12365745474331033,4.202714722571682,22.667325095905717,97.36669267917718,5.948681893547374,0.2792156539771131,2.6263917813812907,42.001528308597976,0.35112911741861236,0.2580952380952381,4.246915553341243,0.2005966323520522,0.8103957951430796,0.05856369899216175,11.4,0.76,0.13333333333333333,4.133333333333334,1850.6,7865.933333333333,471.2851851851852,0.2907407407407407,3.0,0.2,0.07503446655174037,0.2999229377323391,0.01885641423789591,2.872905595320053,0.02857142857142857,625.6,2.513032699882766,171.8761904761905,0.32738321995464853,3.3519963718820867,410.68380952380954,0.11869024943310656,4.2647619047619045,51.44952380952381,221.24,13.685502645502645,0.27058201058201053,0.028439683739456982,0.11936930647038357,0.00783244619178261,1.2132575757575759,0.11993329424396335,0.0967864837817503,0.0012289778737597334,0.289422585590189
1,1264,11,1.0002152360588699,1.6678166220024997,493.7815630988855,0.602995147639288,0.3633680187752213,3.220508813755683,2.0852303409542583,0.22563589000567164,1.307398371543295,1.300983559476784,0.6731936415349898,1.4120366994192683,0.14449714163810523,1.33998855232408,0.2981403327165096,19.751262523955425,0.785097520661157,0.08627881844552372,3.787878787878788,1.298323233714751,-0.44501531084026685,0.40938407815529027,0.03262626262626263,0.8524428176398302,0.03262626262626263,0.20650932687618268,0.03152521681461075,0.9836868686868687,0.9836868686868687,0.9967373737373737,0.9918434343434344,-0.6877045917405153,0.7469452579068219,0.03262626262626263,1.9218939393939394,0.7604269870421386,0.7806909756162276,0.922248069180076,0.867070707070707,3.843787878787879,0.7480647129899656,0.11050258519538822,58.0877226718615,0.7204882837793152,0.15380504698247607,3.8234592881194813,16.689360535952176,62.84158842608399,5.299046422559768,0.3367466821901933,2.332112578072185,29.060183995072933,0.41631184248661146,0.2918181818181818,2.1468730382615404,0.23755153186042066,0.9011217765623755,0.09330904954226549,7.0,0.5384615384615384,0.28402366863905326,3.6923076923076925,595.0,2244.230769230769,184.82905982905984,0.41239316239316237,4.230769230769231,0.3254437869822485,0.10046206556123888,0.12840210839880165,0.0968958582706516,2.507380102423633,0.04727272727272727,147.5147928994083,2.4335309132033878,90.0909090909091,0.327603305785124,3.669897520661157,215.9018181818182,0.11300495867768595,3.7854545454545456,48.09818181818182,180.58545454545455,15.344040404040404,0.32383838383838387,0.03425498579903342,0.11882802400421448,0.014388942858288097,0.6299529140014214,0.23269752847019007,0.09984955761351297,0.0012795814007847065,0.5052631578947369
1,1264,15,1.5838829863470831,2.7015728091246483,5315.763015133407,0.8055945990559745,0.45778311650905623,3.122811742543188,3.0,0.3133952879363447,2.213238656577647,2.2758569746903725,1.0809146600803061,1.9190853399196939,0.20631620982024196,2.250029209362447,-0.64099322169818,212.63052060533633,0.6337541950113379,0.16420609201456943,3.31177364954706,1.2538428810175404,-0.7088915110688351,0.6698682623873499,0.03611177023284804,0.8974737836724485,0.03611177023284804,0.22325231983826954,0.03476239341749457,0.981944114883576,0.981944114883576,0.9963888229767153,0.990972057441788,-0.7248054962214796,0.823425522759144,0.03611177023284804,1.7757558591098366,0.6144669237051112,0.9991368599166919,0.9037136175805454,0.7551380166594384,3.551511718219673,0.9630250896838446,0.17649500815504948,167.0510164974972,0.5740105091571611,0.2163598510934479,3.1147479622907444,19.854218948774975,68.2373334078463,7.762556551409692,0.4754292268298611,2.8611761574666215,88.56103290416286,0.34265370398895695,0.2764285714285714,3.6646840011163926,0.2307569054149373,0.6285386483176787,0.13542768709179906,18.743589743589745,0.4806048652202498,0.29322813938198555,2.8205128205128207,1427.179487179487,5251.7692307692305,471.0605413105413,0.5733618233618234,6.17948717948718,0.15844838921762,0.12149226630883551,0.34831926092709625,0.09327554614429884,4.033793400576769,0.037142857142857144,702.32741617357,2.6898571354473106,349.65714285714284,0.33300680272108846,3.580059863945578,665.4419047619048,0.18380861678004534,3.2847619047619045,49.6647619047619,167.56666666666666,20.190343915343913,0.42986772486772484,0.03284101248965194,0.10008268545513445,0.017088795306482378,3.0395414309658495,0.05428140254528082,0.14857399810654362,0.0023151132923010472,0.13725807903501666
1,1264,15,1.7559403302276348,2.400492221045198,4080.441276048813,0.9927759453275439,0.3429217373582465,6.509453198232054,3.0300690131137222,0.22764794590097095,2.1053794893176323,2.1435550504599092,0.752998464592939,2.277070548520783,0.14140539232336538,2.129277727318406,-0.9543603772630747,163.21765104195256,0.5711481481481481,0.1012008460148639,7.438891243599886,2.8735213668171697,-1.0205979852443026,0.9185037795000878,0.08168135270616012,0.8367042611636781,0.08168135270616012,0.4041730497518163,0.07461332828684204,0.95915932364692,0.95915932364692,0.9951952145466965,0.983663729458768,-0.588189449111004,0.8269462065202906,0.08168135270616012,2.688805881375753,0.4998796595330118,1.3969271831471832,0.8711458493795943,0.6613608479886056,5.377611762751506,1.3152458304410242,0.25004628305156196,147.8676097159643,0.5339623445530767,0.28060530034175407,7.3576890074211505,16.185224180581322,122.1590936699355,2.5734356699818273,0.1707914726022985,3.236407320355682,70.71604663618695,0.2699779304085005,0.30694444444444446,3.175336042324835,0.27266090139897453,1.9217596752469626,0.049256615390811734,18.641025641025642,0.4779750164365549,0.33925049309664695,7.17948717948718,769.6923076923077,5827.74358974359,119.44675925925927,0.182514245014245,4.282051282051282,0.10979618671926364,0.039293729694332896,0.19943762804625365,0.009152162232299187,4.226832667191875,0.043333333333333335,237.14792899408286,3.091152564820421,257.4266666666667,0.28602962962962963,3.5924691358024683,514.0333333333333,0.2504,7.504444444444444,46.422222222222224,352.6044444444444,7.371766975308642,0.1635108024691358,0.033281904551944234,0.240962022164833,0.005775567568991474,2.266342194043741,0.03233840965091073,0.5038005795281388,0.0031715125220458554,0.17986957228062847
1,1264,15,2.1026387930982016,2.7643212863016453,5956.111970687958,0.4083215058355558,0.28272587313022735,10.305666036545539,2.927648659910041,0.2154383292784243,2.4507379802401443,2.4983042374171758,0.7063323376469572,2.2213163222630836,0.12607579268400723,2.471605306364507,-2.1915380669175235,238.24447882751838,0.8673420118343194,0.10271614265764721,8.640925535063197,2.1833948495123874,-0.7469688796411752,0.31350321089702515,0.024179819015697296,0.8562429901277347,0.024179819015697296,0.162998548044892,0.023551595875695358,0.9879100904921514,0.9879100904921514,0.9975820180984303,0.9939550452460757,-0.6520795666908674,0.6236109064264765,0.024179819015697296,2.9272151787788463,0.8597368730899284,0.5123997530775994,0.8851860910989007,0.9260213082774426,5.854430357557693,0.4882199340619029,0.0844207574781806,199.31685170098348,0.7746209770786245,0.1598911623513481,8.311266026515112,23.97703783947269,210.8994812033522,2.867522620410004,0.14226369913052506,2.3938719229010563,86.4670544859539,0.39355540080317775,0.26282051282051283,5.701325538101184,0.21203987154369555,1.582875870046644,0.037506982570537625,21.352941176470587,0.6280276816608996,0.25346020761245674,7.735294117647059,2019.1470588235295,18025.617647058825,230.01307189542484,0.1658496732026144,11.529411764705882,0.3391003460207612,0.020280570654220162,0.10159964274727551,0.00474339924187438,2.5371504072671547,0.03487179487179487,1196.8070934256054,2.143145351387514,340.9876923076923,0.34973096646942803,3.532044707429322,845.6584615384616,0.09206153846153846,8.618461538461538,51.10666666666667,447.92923076923074,6.173390313390313,0.12786324786324788,0.028372487903043458,0.23303759230187804,0.004064471937609063,0.8466177556293836,0.10627919271415259,0.0814531902246799,0.0007805559500328732,0.3883374689826303
1,1264,17,1.5182868792392095,1.9518428222095265,2443.872424778144,0.32018473019086696,0.20113234101220323,2.927148494959543,2.085582204937426,0.12487900353720734,1.7136069184905904,1.7203292952870224,1.2684350726543272,0.817147132283099,0.08284179151527128,1.7211245178056378,-0.049412265079255,97.75489699112578,0.8904066115702478,0.025820934692871965,1.1570913280712822,0.5753674484101883,0.31258222732331825,0.18849602560756334,0.024611820978527592,0.7690634328906456,0.024611820978527592,0.165880262652156,0.023980945683800235,0.9876940895107361,0.9876940895107361,0.9950776358042945,0.9917960596738241,-0.5640357826447704,0.5444624730684491,0.024611820978527592,1.0564657461868485,0.8694651310231543,0.44982725520195255,0.7690634328906233,0.9312283433238875,2.112931492373697,0.4252154342234252,0.053276961646522736,193.09218312934644,0.8316225169329509,0.0841887415335246,1.2786383876745497,18.298070152718623,20.41806710901217,17.768070913645236,0.9303404030813626,2.123621842913528,82.52767523424508,0.4136084053994952,0.28030303030303033,2.4306348159448308,0.21222069594771284,0.3286816125970906,0.18310546678536838,21.142857142857142,0.7551020408163265,0.12244897959183673,1.4285714285714286,1173.5357142857142,1261.607142857143,1151.517857142857,0.8928571428571429,8.357142857142858,0.29846938775510207,0.03839224255044754,0.14749774734132165,0.011115866352729006,2.489047444084626,0.03393939393939394,305.3915816326531,2.0448651705357332,287.070303030303,0.3479640036730946,3.390927456382002,734.5854545454546,0.054796694214876034,1.1745454545454546,49.055757575757575,54.903030303030306,47.593939393939394,0.9563636363636364,0.029487236117791672,0.04039140822434473,0.026761193091153407,5.826082966226138,0.10396811644429042,0.023317171717171715,0.0013046041238834625,0.10182435299109037
1,1264,17,1.103796243200343,1.7619041875602521,2732.863026751609,0.41136475743867645,0.24624761812372187,11.63360247232439,1.9939084996903655,0.19762974017952883,1.40359801911513,1.4282728027459823,-0.3656605698123179,2.3595690695026836,0.11051157901439693,1.4361539379180217,-2.0241697637632745,109.31452107006439,0.8681426842292631,0.09245073413352418,8.582146180058587,2.9636154520834985,-0.9619655316072583,0.3855402794731549,0.026121623166812512,0.8735928587246282,0.026121623166812512,0.17330206104139317,0.025392033305854347,0.9869391884165938,0.9869391884165938,0.9973878376833187,0.993469594208297,-0.6585592489076975,0.6548666800513423,0.026121623166812512,2.914152903316092,0.8413281746904254,0.5730288514805578,0.8762854781053339,0.9157599493255792,5.828305806632184,0.5469072283137459,0.10291547565999186,292.063746408383,0.81787960200712,0.13137109230966293,8.455960006322467,22.73331795847335,197.9641712559744,2.813538534445601,0.1361777487606005,2.198780792915402,126.63110567187893,0.4154008359225251,0.2686792452830189,5.1509578649009296,0.2074148806586516,1.6492009853831906,0.03116707751007838,31.476190476190474,0.7494331065759637,0.18650793650793648,8.214285714285714,1636.357142857143,14400.309523809523,194.46957671957674,0.1488095238095238,16.666666666666668,0.3968253968253968,0.003330564423678855,0.019790034585071916,0.000723527373956548,2.369309799592282,0.03169811320754717,641.1048752834467,2.1159853985933426,469.83622641509436,0.3545933784264863,3.4101223211107157,1150.2890566037736,0.09750715557137771,8.615094339622642,50.340377358490564,437.5554716981132,6.336603773584906,0.12935010482180292,0.02808417178891123,0.2354935875678014,0.003844963195504151,1.2122345603549765,0.07423409324455743,0.0830434160602014,0.0008182833202352724,0.2891868834223389
1,1264,17,1.2976281219394807,1.7655114975871204,2806.771219131476,-3.203426503814917e-16,0.21054507816360335,3.262615902208547,1.8656768029605144,0.1386477501219205,1.5877035708799165,1.6351963329249855,1.0867548502945923,0.7789219526659221,0.09394919499290873,1.5973760356316957,-1.0110942194749555,112.27084876525906,1.0,0.030807570225594414,1.0,0.0,0.0,0.0,0.0,1.0,0.0,-3.203426503814917e-16,0.0,1.0,1.0,1.0,1.0,0.0,0.0,0.0,1.0,1.0,-3.203426503814917e-16,1,1.0,2.0,-3.203426503814917e-16,0.0,252.0,1.0,0.0,1.0,51.09551152147073,51.09551152147073,51.09551152147073,1.0,1.317374374812325,115.30831420920855,0.555073057687448,0.2290909090909091,24.17312504201051,0.1433887841628072,0.1433887841628072,0.1433887841628072,24.0,1.0,0.0,1.0,5104.166666666667,5104.166666666667,5104.166666666667,1.0,14.333333333333334,0.5972222222222222,0.001268312757201646,0.001268312757201646,0.001268312757201646,1.0408520829727541,0.02181818181818182,3003.4722222222226,1.3954045952682441,456.8,0.4152727272727273,3.08838347107438,1100.0,0.0,1.0,54.45818181818182,54.45818181818182,54.45818181818182,1.0,0.02407760942760943,0.02407760942760943,0.02407760942760943,0.0,1000000.0,0.0,0.0,0.0
1,1264,17,1.2968336964430267,1.5573024606598818,763.6802475519189,-3.203426503814917e-16,0.11423094927468136,3.106611487411013,1.6596039580096364,0.07598161672192945,1.4236467105978852,1.423048022174213,1.1330857715239944,0.5265181864856421,0.05035927494044735,1.427053138512526,-0.1040595481092648,30.547209902076762,1.0,0.009710703542271997,1.0,0.0,0.0,0.0,0.0,1.0,0.0,-3.203426503814917e-16,0.0,1.0,1.0,1.0,1.0,0.0,0.0,0.0,1.0,1.0,-3.203426503814917e-16,1,1.0,2.0,-3.203426503814917e-16,0.0,103.25,1.0,0.0,1.0,18.203865949572055,18.203865949572055,18.203865949572055,1.0,1.1680028431185605,51.5132720333102,0.6065660736040124,0.2753333333333333,1.6375616994368518,0.1838337172616753,0.1838337172616753,0.1838337172616753,8.0,1.0,0.0,1.0,2890.625,2890.625,2890.625,1.0,2.75,0.34375,0.0009347222222222223,0.0009347222222222223,0.0009347222222222223,1.7499999999999987,0.021333333333333333,693.359375,1.5873055005068881,141.16533333333334,0.3764408888888889,3.1322595555555557,375.0,0.0,1.0,49.336,49.336,49.336,1.0,0.02693777777777778,0.02693777777777778,0.02693777777777778,0.0,1000000.0,0.0,0.0,0.0
1,1264,19,1.6349058624937918,2.1438371941297936,4938.53081996161,0.8745207479830854,0.2757817574618393,2.7869310332878663,2.4428271539881425,0.16247553022302066,1.8845123503574175,1.8786525062779909,1.327126973295566,1.1157001806925766,0.11466165272707635,1.8951672164096494,-0.17560143107065004,197.54123279846445,0.5844231404958677,0.040271979504260785,1.8486159798440216,1.1739812574094963,0.6394725314524148,0.781619604783443,0.04147927410317685,0.8991299215942357,0.04147927410317685,0.24823073722355093,0.03971379499607968,0.9792603629484116,0.9792603629484116,0.9917041451793646,0.986173575298941,-0.7210679125502283,0.8446751168711616,0.04147927410317685,1.28978520563187,0.5487367655606105,1.1104142160748864,0.8991299215942359,0.6894751573165416,2.57957041126374,1.06893494197171,0.20577471972165495,210.07812064314476,0.5568518986334849,0.22157405068325753,2.0012434683354705,26.94701826184891,43.458923518683434,22.819041947640276,0.7496891329161325,2.9551508364151915,111.92845669742582,0.32883684052033846,0.2736363636363637,10.43212466883208,0.22866243185198046,0.5257313613787323,0.1543951994702925,24.361702127659573,0.5183340878225441,0.2408329560887279,2.2127659574468086,2365.6382978723404,3481.191489361702,2086.75,0.6968085106382979,7.170212765957447,0.15255771842462654,0.08226506839282532,0.21989649071815054,0.047857212811494035,4.179499692462933,0.03418181818181818,1509.764599366229,2.7934667115267375,455.1250909090909,0.3310000661157025,3.50460826446281,803.5818181818182,0.20778842975206613,1.8836363636363636,49.89309090909091,91.12290909090909,39.58563636363636,0.7790909090909091,0.030906000939096182,0.06442871103323485,0.022525323415561512,121.79856770833332,0.03527853472209603,0.04123032506887051,0.008747263230653642,0.03455226029369422
1,1264,19,1.385351012868179,1.9545368000969436,2809.323749218378,0.3431229071320197,0.39166113400867264,2.090230286660122,2.2678379282449797,0.1923938370785357,1.6610396079636216,1.650064843439508,1.1859689529810495,1.08186897526393,0.15013001052426544,1.676103740589579,0.12785594700097858,112.37294996873514,0.8801920000000001,0.050271169994435906,1.182315913193562,0.626495968983142,0.34452352036218936,0.2147644044777709,0.032399911626454385,0.7373814641900549,0.032399911626454385,0.20453890790506965,0.031280179215999376,0.9838000441867729,0.9838000441867729,0.9935200176747091,0.9892000294578486,-0.5184820044154238,0.5498628740669147,0.032399911626454385,1.0661719563355965,0.8451376627318881,0.5205012449213626,0.7373814641900396,0.9176280878511764,2.132343912671193,0.48810133329490857,0.06179107902605631,226.09438900428862,0.8257030580557747,0.08714847097211263,1.2897999097966308,23.79116963323714,26.729146997365618,23.056675292205014,0.9275500225508423,2.13063444445811,96.38191998716886,0.4103147737539279,0.27349999999999997,6.229993960037926,0.2029733677871929,0.3113780087046127,0.17587220755783797,23.5625,0.736328125,0.1318359375,1.46875,2175.125,2282.375,2148.3125,0.8828125,16.8125,0.525390625,0.01059335522995107,0.03863443835949914,0.0035830844475640525,1.7486898440840184,0.032,1198.5625,2.0986392167044174,350.846,0.350846,3.324656,880.192,0.059904000000000006,1.192,49.728,56.61,48.0075,0.952,0.028031672650541697,0.036950438712522043,0.02580198113504661,8.99789603960396,0.06877295297305476,0.029081199999999998,0.0017412096,0.06880733944954129
1,1264,19,1.4253883053821979,2.0553945190705076,3503.7159087724563,0.5417307502298744,0.3513129510791053,3.2012328148557208,2.441641477544595,0.2055385972497866,1.7256440512805027,1.7235711968838734,1.0678190508513279,1.3738224266932673,0.14091049111077583,1.7454825939805565,0.42202143796303127,140.14863635089827,0.782229111531191,0.06886209416930587,1.350478105382558,1.0241141375739902,0.5766870031522823,0.397242358559381,0.031253115764207785,0.8538064029880503,0.031253115764207785,0.19964825229843056,0.03023430121955234,0.9843734421178961,0.9843734421178961,0.9937493768471584,0.989582294745264,-0.6642215784351715,0.7123585632380112,0.031253115764207785,1.1220348877548871,0.7555179616186534,0.7145046122161324,0.8538064029880466,0.8623385543630088,2.2440697755097743,0.6832514964519248,0.10712386858089717,221.86345863949018,0.7233527595679535,0.13832362021602324,1.4998604240761133,28.53130463167195,35.19915983359096,26.8643408311922,0.8750348939809717,2.5431695592563557,98.08758988999365,0.36545155223167225,0.26543478260869563,10.456440873400513,0.2169699011828021,0.3977607766248214,0.17177218232229724,23.205128205128204,0.5950032873109796,0.2024983563445102,1.8461538461538463,2074.25641025641,2383.7179487179487,1996.8910256410256,0.7884615384615384,6.897435897435898,0.17685733070348456,0.06390788483369698,0.1751408349643744,0.03609964730102764,3.6109671186364354,0.03391304347826087,1204.7626561472716,2.347150248062051,395.44347826086954,0.3438638941398866,3.46649224952741,899.5634782608696,0.10888544423440454,1.3730434782608696,50.75304347826087,66.77826086956522,46.74673913043478,0.9067391304347826,0.02956982798755573,0.047482267601082304,0.02509171808417409,13.83155339805825,0.05765827195652066,0.030162722117202265,0.003304436525026711,0.057306590257879673
1,1264,21,1.7609991210090106,2.234538556210468,3157.637028849784,0.9985387778753929,0.28181091884131626,2.62890540156116,2.4848670959248027,0.15971751623881614,1.977518833031354,1.978080219865499,1.5709366256570334,0.9139304702677693,0.11860945170790486,1.9867174650820962,0.33100358289786236,126.3054811539914,0.5010125,0.03646555106854105,2.4203270012910845,0.9570951842191237,0.07068892685272375,0.9531190277372494,0.045422428076019754,0.9090240187219163,0.045422428076019754,0.26523629733841575,0.043274860520179856,0.9772887859619901,0.9772887859619901,0.9909155143847961,0.9848591906413267,-0.7345363873485126,0.8767254443739535,0.045422428076019754,1.4810127384430314,0.45745441157318556,1.2641343302078414,0.9090240187219167,0.4962760475189587,2.9620254768860628,1.218711902131822,0.2496353639533173,118.8989761317587,0.5017127594900372,0.24914362025498143,2.4143022528682714,16.30870166502308,39.51816955365921,10.506334692864044,0.6464244367829322,2.823814710028853,79.03857057928147,0.3774251252805461,0.29625,2.1821967053419646,0.24634742378884086,0.5595534119220626,0.16804592675553537,18.055555555555557,0.5015432098765432,0.2492283950617284,2.4166666666666665,633.9444444444445,1478.611111111111,422.77777777777777,0.6458333333333334,9.722222222222221,0.2700617283950617,0.0636801033106215,0.07719436068023601,0.06030153896821788,3.4138338639735952,0.045,140.11728395061726,2.931731671258781,261.7475,0.327184375,3.6506000000000003,400.81,0.24949374999999996,2.4325,47.6075,116.1275,30.4775,0.641875,0.0336224149266188,0.0767575564137692,0.022838629554831194,20.769102669969726,0.05566294232987847,0.044913184523809525,0.011166330394345239,0.05585849182072083
1,1264,21,1.3648141943580279,1.9332906274929282,3969.765324568865,0.3463177531294822,0.32981491221495807,2.6213550222130517,2.3150910247768843,0.18854569277660027,1.6389299827744837,1.5952330062076574,1.1389657864410836,1.1761252383358007,0.13788981685216276,1.654620557516991,0.37422925183225697,158.79061298275462,0.8787500594530322,0.05167770092066844,1.2096541770276696,0.7620367760942566,0.41423037177996674,0.25194422645678105,0.018674218898528175,0.8623572250859912,0.018674218898528175,0.1328593917005897,0.018299022947938774,0.9906628905507359,0.9906628905507359,0.9962651562202943,0.9937752603671574,-0.6965673935914063,0.6380946777189596,0.018674218898528175,1.0729970954923111,0.8463917543744066,0.4913984229363155,0.8623572250859771,0.9176657950584247,2.1459941909846223,0.4727242040377877,0.0676546113388273,318.4268999054065,0.8790009111980891,0.06049954440095546,1.1948713946586687,27.994993499588464,33.33031426541348,26.66116330813221,0.9512821513353328,2.0797359230661305,129.13453627527684,0.42205342432212756,0.24982758620689657,7.262590730214752,0.18003203619449842,0.21902805686670018,0.17028303102644796,31.486486486486488,0.8509861212563915,0.07450693937180425,1.2432432432432432,3108.810810810811,3460.5405405405404,3020.8783783783783,0.9391891891891891,17.54054054054054,0.47406866325785246,0.028217564064026812,0.1093742955818768,0.007928381184564313,1.8554964806460248,0.025517241379310347,1573.018261504748,2.0131497691085416,538.8289655172414,0.3716061831153389,3.252411890606421,1274.1875862068966,0.060624970273483944,1.1944827586206896,52.27172413793104,62.44275862068965,49.72896551724138,0.9513793103448276,0.026494281978436333,0.0333437949062128,0.024781903746492213,8.056019651011088,0.07705035550705082,0.017901414415944734,0.001017085913438728,0.08221591465205051
1,1264,21,1.1635885348641157,2.0441762975676836,3583.4052849067493,0.7501031896946837,0.47201479448215844,2.8400569698903886,2.5783205750773543,0.2751107176631341,1.5623333964041406,1.5453124137547527,0.7434562319498264,1.834864343127528,0.19473492188822739,1.5998672455878398,0.3920063787713821,143.33621139627,0.7229806122448978,0.11868956198512357,4.551885437107201,1.8582204940334397,0.39247702496047493,0.5650126948423783,0.03469270084307883,0.8841862833083179,0.03469270084307883,0.2165134409995487,0.03344540062219696,0.9826536495784606,0.9826536495784606,0.996530729915692,0.9913268247892302,-0.7163220607531582,0.809351293709595,0.03469270084307883,2.1022090985389474,0.6909378774865527,0.9558228816044763,0.9039232726806415,0.8222582562055102,4.204418197077895,0.9211301807613981,0.14992634892136428,231.09644406674295,0.6700439806082809,0.18645575022435135,4.589156001623341,39.61362694007808,181.88263996285662,9.624934574189028,0.2664489176546901,2.9053311116035796,105.37905065461037,0.33697375811265623,0.24571428571428572,16.999561131650015,0.19284080538578346,0.9320720058619467,0.05615281590207355,22.55,0.56375,0.27437500000000004,4.375,3211.95,14896.4,761.3652777777777,0.32291666666666663,6.65,0.16625,0.10492201174436219,0.21076487127462232,0.08211826127693224,3.8704816846131056,0.02857142857142857,1986.9500000000003,2.5384285399217634,497.5057142857143,0.3553612244897959,3.3388244897959183,1012.1728571428572,0.15083877551020408,4.542857142857143,52.82,238.44285714285715,13.354761904761903,0.2563492063492064,0.02872020097721628,0.1265270822085448,0.008901100486858469,3.3157961277272063,0.04575437526213446,0.11182634173985649,0.0017139953717201161,0.10392875851231012
1,1264,23,1.5699310653292664,2.1132729379598603,2021.131641508155,0.6873150928309266,0.3275942132105092,3.251478314249783,2.499508919321287,0.19031606412417498,1.820073795195207,1.7888708682046672,1.3828332249840105,1.1166756943372766,0.13250793997396695,1.8353617452281512,0.7372842140008342,80.84526566032622,0.7005555555555556,0.0558841158906411,1.5126594387755103,1.1649017912483695,0.6715944796571072,0.5427446675683454,0.04231505102040817,0.8547778369583103,0.04231505102040817,0.24966858902380884,0.040340674295866304,0.9788424744897959,0.9788424744897959,0.9915369897959184,0.9858949829931972,-0.655698970635105,0.7641876860354748,0.04231505102040817,1.1779389880952382,0.667129466409757,0.9075650604019693,0.8547778369583091,0.8009034863945579,2.3558779761904765,0.8652500093815615,0.1462649296471884,116.54050909605814,0.6470249632900378,0.17648751835498105,1.6881178182477403,16.083545865525195,23.535761205520963,14.220492030526254,0.827970545438065,2.5498263414588993,59.3166347137792,0.37170629935817967,0.2995833333333333,2.202824255313968,0.2455425583386573,0.5049341343356888,0.1806946643393994,16.571428571428573,0.5918367346938775,0.20408163265306123,1.8571428571428572,575.5,803.9285714285714,518.3928571428571,0.7857142857142857,8.714285714285714,0.3112244897959184,0.013462868716153268,0.03734575445940832,0.007492147280339501,3.0178650529206634,0.04666666666666667,116.31632653061224,2.6162712131118506,191.19666666666666,0.3186611111111111,3.6059888888888887,420.3333333333333,0.14972222222222223,1.55,47.21,69.43,41.655,0.8625,0.031616373246829595,0.0565094980893592,0.025393092036197197,13.242592592592592,0.08390434904209201,0.03972777777777778,0.006200995370370371,0.08048289738430583
1,1264,23,0.8327410622044398,1.5810799946643042,2585.7766309575813,0.897096416473047,0.5231148299308501,2.0672008940164526,1.7987273828471468,0.2585503758531989,1.2067158428054472,1.2722012771748052,0.4201199238841791,1.3786074589629678,0.2051542656466683,1.2424762542450198,-0.26205341644061186,103.43106523830328,0.5696146134996658,0.087584117085074,3.051896711764795,1.148392646158637,-0.6038769730222333,0.8116305830882167,0.042377004323023444,0.9007051467476919,0.042377004323023444,0.25230914871278715,0.040537638450844245,0.9788114978384883,0.9788114978384883,0.9915245991353954,0.9858743318923255,-0.72274606636043,0.850854536381573,0.042377004323023444,1.6910284046421022,0.5324585678435357,1.1391905416832644,0.9007051467476921,0.6698399024805904,3.3820568092842045,1.096813537360241,0.21350189685281,239.0473245983311,0.5442240515021431,0.22788797424892843,2.943472279132266,37.679515377891676,121.79292853608558,16.6511620883432,0.5141319302169335,2.9632256474982306,133.69820441270255,0.33323848391993394,0.2614925373134328,18.58300271859699,0.21865038378525756,0.5912475191261218,0.12550109995004147,29.285714285714285,0.5229591836734694,0.2385204081632653,2.8214285714285716,2613.589285714286,8554.982142857143,1128.2410714285713,0.5446428571428571,8.5,0.15178571428571427,0.03638533405526552,0.06909435141203037,0.028208079716074308,4.244680368408898,0.03343283582089552,1718.938456632653,2.758766036602718,572.0197014925374,0.3415042993985297,3.470949966584985,954.1044776119403,0.2151926932501671,3.0597014925373136,51.19223880597015,159.4931343283582,24.117014925373134,0.48507462686567165,0.02866176919634631,0.08359482867220963,0.014928504327380483,16.316666666666663,0.028917118646506215,0.04129145318185193,0.00895672672502934,0.028687544824288792
1,1264,23,1.1482988089644919,1.8733154799385325,1609.540165204689,0.3808569472548534,0.2651314055470695,7.622613428838083,2.060500842164355,0.21354978317251502,1.5424722965304274,1.6033826898617096,0.19601837130618918,1.8644824708581658,0.11663685823129007,1.573599580190731,-1.7923375079878348,64.38160660818757,0.8831763313609468,0.09699485321259343,3.9125543923058683,0.722865792172655,-0.23709981171869648,0.20575867510170986,0.016192797197193333,0.8537225481365391,0.016192797197193333,0.11863981713861058,0.015911081212603755,0.9919036014014033,0.9919036014014033,0.9983807202802806,0.9959518007007017,-0.725424591062383,0.633643094725111,0.016192797197193333,1.9660011937908486,0.8766197235882005,0.452094027442864,0.9539314048661481,0.9352575856603328,3.9320023875816976,0.4359012302456712,0.055487868074725805,145.4224115452434,0.8231390868219564,0.09472060576909061,3.9854140518663757,19.60097812407244,76.67352434121257,5.452729403356708,0.29144317971729183,2.1566648836195386,64.92466786056761,0.4311377987287287,0.27076923076923076,2.4570189907197766,0.19692560531841533,0.8321790606041655,0.061609963954145294,15.090909090909092,0.6859504132231405,0.18181818181818182,4.181818181818182,1239.1818181818182,4876.818181818182,332.04545454545456,0.3055555555555556,7.636363636363637,0.34710743801652894,0.008746183584239077,0.06254433029655226,0.0023112372540844608,2.3660794456822822,0.033846153846153845,366.2479338842976,2.033354284540789,233.88,0.3598153846153846,3.3662390532544375,574.0646153846154,0.06039289940828402,3.9261538461538463,50.067692307692305,195.27692307692308,14.016666666666667,0.28384615384615386,0.027695676589724213,0.11077244994864043,0.008167223990735894,0.6106367001955854,0.2230642739686852,0.04379319281010336,0.00032261164213826936,0.41944615384615386
1,1264,25,1.1400684281950106,1.9849566184639846,1942.5333805420587,0.7170259905981389,0.4821138424628473,2.734393480705226,2.114698814138227,0.26258334828237895,1.5757819863118756,1.6116285228988154,0.6468088534852728,1.467889960652954,0.18935346423731153,1.6093615216567754,-0.5401558514149272,77.70133522168236,0.7517368888888888,0.10695563900441164,4.231530923344947,2.1014417576680184,0.08183840651269081,0.5539244145980241,0.032833881057966426,0.888400616513931,0.032833881057966426,0.20791232002413576,0.03173439070023947,0.9835830594710169,0.9835830594710169,0.9967166118942035,0.9917915297355084,-0.7270641225507325,0.8138319472788156,0.032833881057966426,2.0251502035819873,0.7084249411314488,0.9514401512452626,0.9125951840735441,0.8362360099250343,4.0503004071639745,0.9186062701872968,0.14668957391399762,141.2371359170532,0.7332496119540822,0.14952507519016076,4.264393139356375,28.457941941843355,118.6914191036409,7.913548067230793,0.28347521672659104,2.570253966476229,61.02526773938648,0.3608941343286112,0.25566666666666665,9.20620793276465,0.19935149714947362,0.8669661703431895,0.060226426751176405,15.090909090909092,0.6859504132231405,0.18181818181818182,4.181818181818182,2504.2727272727275,10530.272727272728,667.8737373737374,0.3055555555555556,4.454545454545454,0.2024793388429752,0.10469637622698688,0.3392338606877065,0.05870328113001522,3.071735027138166,0.029333333333333333,1342.0826446280994,2.5252575800025503,257.56,0.34341333333333335,3.379278222222222,563.8026666666667,0.13821155555555556,4.224,51.74666666666667,217.808,14.643185185185185,0.28288888888888886,0.029417745653817082,0.12221945746199714,0.009240071357418137,1.7086505074786322,0.08792926579063066,0.09722013756202698,0.001511113007407407,0.19642276422764227
1,1264,25,0.5655931978136305,1.5274691113861403,943.023593063964,0.998691721118963,0.4646997673417643,2.397616417725968,1.7592534158091684,0.2799532837715807,1.0478219243887932,1.0149642991918497,0.2542226582561734,1.505030757552995,0.20057557767407616,1.1030886801212159,-0.006477402996834243,37.720943722558566,0.5009065556711758,0.11887385098173257,2.514531708462478,0.9404329774917507,-0.05471300918081129,0.9379382919484549,0.06112139569831877,0.8776493868935626,0.06112139569831877,0.3303036636222576,0.05726316879348546,0.9694393021508407,0.9694393021508407,0.9877757208603363,0.9796262014338937,-0.6695241083717334,0.8581842618372061,0.06112139569831877,1.5150308021038787,0.4432069873831277,1.329583898854926,0.8776493868935631,0.48447010425471965,3.0300616042077584,1.2684625031566075,0.24976492191169347,122.39952002333266,0.5021378212747877,0.2489310893626062,2.596155189612872,14.478738927507553,36.21658603417026,9.044277150841877,0.600961202596782,2.9672836068380324,75.03612527540939,0.3367691371190177,0.31451612903225806,2.2156097849595744,0.27432580888091873,0.708943501443603,0.1656713857402477,20.128205128205128,0.5161078238001315,0.24194608809993423,2.769230769230769,536.5384615384615,1322.076923076923,340.15384615384613,0.5576923076923077,5.717948717948718,0.14661406969099278,0.10838082395082221,0.3513408300556956,0.047640822424603865,4.072986513345721,0.05032258064516129,141.65023011176856,3.0666169947717608,233.24,0.30095483870967743,3.6949011446409985,388.2025806451613,0.24954672216441204,2.5638709677419356,45.73548387096774,116.18709677419355,28.12258064516129,0.6090322580645161,0.03709697717796796,0.09817048070124108,0.021828601297149683,20.96961289092296,0.042286316557184525,0.0610279014915019,0.015233083244380288,0.04227584992073279
1,1264,25,0.3977438233937492,1.8862272994575968,1353.735134793848,1.1531896952214407,1.1263061012628213,1.5801745601198767,2.267933245924512,0.534078589960578,1.2086769089097325,1.4518833051551125,0.06632377546659955,2.2016094704579126,0.45443369203706996,1.3434955078916828,-0.25953681070914153,54.14940539175393,0.4845333333333333,0.3440803095935448,2.939688280874104,2.8028706123752984,0.056235076998169084,1.1676728654777517,0.026128779643682466,0.956206183307628,0.026128779643682466,0.1725989414705998,0.02538407352643341,0.9869356101781589,0.9869356101781589,0.9973871220356318,0.9934678050890794,-0.8470065199995772,0.9263292852889576,0.026128779643682466,1.6291917594864895,0.4609999970034266,1.331904981869915,0.967364612233485,0.5509499774281715,3.258383518972979,1.3057762022262334,0.29845041128035854,97.28962301824865,0.4837846237388229,0.30991944252801695,3.1651859229186337,21.021247142198412,57.850650075482285,12.360823524231755,0.5121625835260208,3.0039656553037797,63.23413643037221,0.3600428977613272,0.268,3.516905725268852,0.21776166853785328,0.7256646734922152,0.1120438242133559,12.62962962962963,0.46776406035665297,0.3401920438957476,3.3703703703703702,1120.2222222222222,2810.962962962963,716.343621399177,0.4897119341563786,5.7407407407407405,0.21262002743484226,0.011340084972887073,0.0403866786588683,0.0067437688022619355,3.439710650151355,0.036,348.61728395061726,2.909721637728082,263.392,0.35118933333333335,3.5472639999999998,363.4,0.2970666666666667,2.986666666666667,50.552,146.06666666666666,28.14148148148148,0.5403703703703704,0.028551464894599813,0.0887333186360964,0.015032394897259316,1.9684846072186832,0.1213387711078904,0.08232601179950318,0.002669199012345679,0.32448474855729603
1,1264,27,0.7521979826065106,1.649455965263815,1145.5497846552068,0.9908510896321003,0.5988386689777829,2.017723404854698,1.8068299945210493,0.3124261258366207,1.1413197647446336,1.044664771712248,0.25920787296940195,1.5476221215516475,0.2481244200984502,1.1966357970656771,0.19277162823759403,45.82199138620828,0.506328125,0.12932642542226266,2.647727503996369,0.9714064220802701,-0.21012724273293334,0.9360241942444459,0.05065405426852554,0.8973240167321306,0.05065405426852554,0.2878839144815975,0.048002117819682714,0.9746729728657373,0.9746729728657373,0.989869189146295,0.9831153152438248,-0.7098389241513757,0.868335936022412,0.05065405426852554,1.5576848437102107,0.4586587579238316,1.277735403623613,0.897324016732131,0.5323578165759477,3.1153696874204213,1.2270813493550878,0.24666956212824284,123.94130103981051,0.5042633706768077,0.24786831466159615,2.6373492729633887,14.810036527179058,39.14789764460791,8.725571247821845,0.5906626817591528,2.8164066025319077,83.07684235978662,0.3792595968127149,0.3071875,1.8072062929954638,0.24142134643950144,0.581500952327889,0.15640144496740457,19.05263157894737,0.5013850415512465,0.2493074792243767,2.5789473684210527,566.578947368421,1461.2894736842106,342.9013157894737,0.6052631578947368,10.263157894736842,0.27008310249307477,0.05938045386538911,0.06449322587477764,0.05810226086304198,3.404407834364362,0.0475,123.36565096952906,2.9877965332460095,249.825,0.31228125,3.4756937500000005,405.0625,0.2468359375,2.66875,46.28,124.10375,26.8240625,0.5828125,0.03336192779195011,0.08236776384164778,0.0211104687795257,13.978549176680014,0.05348649147718229,0.0467407738095238,0.011655651739211308,0.0529434009832346
1,1264,27,0.24675353416259801,1.364021319854221,654.3377070327349,1.2726225000405404,0.6340757430802026,3.245689000110185,2.330799958949466,0.3859718224190017,0.8532295854136515,0.8302636779674953,-0.17149389865651632,2.502293857605982,0.26378043489764363,0.9845756423983135,0.3919932043393988,26.173508281309402,0.47441426611796983,0.2413884701789003,5.889153305910759,5.159751301582795,0.6089614170553213,1.3158718337759436,0.06836271887877393,0.901160353957638,0.06836271887877393,0.35568318166155166,0.0632961369560809,0.9658186405606131,0.9658186405606131,0.9959786635953661,0.9863274562242452,-0.6997160140005256,0.9100551927529945,0.06836271887877393,2.3616241620470406,0.4225266304304598,1.651108019720175,0.9277369656380074,0.5632109040150899,4.723248324094081,1.5827453008414023,0.34605863816367943,95.04478878449508,0.45325929886150446,0.3772812329421014,6.058657893598867,15.54204797985391,90.7943876355912,3.416291942413091,0.22495808225004885,3.3301541440359594,58.67153649690361,0.2991915657340509,0.3103703703703704,2.844134281056621,0.2825950553674005,1.7491168370817574,0.06611856442745727,14.030303030303031,0.4251606978879706,0.42056932966023874,6.151515151515151,582.7575757575758,3344.3636363636365,126.93518518518519,0.23505892255892258,4.393939393939394,0.13314967860422405,0.04722085160540955,0.23277823756885463,0.012898348466426901,4.08955245256066,0.04888888888888889,164.36914600550963,3.372759794538233,196.93777777777777,0.291759670781893,3.7785986282578876,320.22962962962964,0.34718024691358024,5.937777777777778,46.25037037037037,270.68444444444447,10.233312757201647,0.2223456790123457,0.03493744366059181,0.2084541553521271,0.008151471330797218,2.152213716913414,0.052764226636033015,0.42014206501159246,0.0039054205964537936,0.2836900189012865
1,1264,27,1.963149199864102,2.538072892286061,1731.395745110082,0.6274303352684101,0.3816747623949803,1.9669849743131769,2.669580912773465,0.18513593779036724,2.2136573960776507,2.1456105489471446,1.8363312789371578,0.8332496338363073,0.14532559958385893,2.2241503964500255,0.47813933235844225,69.25582980440329,0.7351020408163265,0.04656591881952147,3.464619928642567,1.0823573787687792,-0.6241396669560961,0.5006082667809407,0.05968387125017785,0.7878882536995658,0.05968387125017785,0.32182257480860177,0.055757551439328104,0.9701580643749111,0.9701580643749111,0.9880632257499644,0.9801053762499408,-0.5505749505005286,0.7125054484213617,0.05968387125017785,1.8314872880892186,0.6640963795451127,0.9487071924051674,0.7878882536995645,0.8016453524641298,3.662974576178437,0.88902332115499,0.14007303450777964,77.27280790075649,0.7046713976605407,0.14766430116972967,3.458240440012168,14.489125384922936,51.569942212884214,5.218921177932614,0.385439889996958,2.468992349772077,36.571495230174946,0.37205557583099336,0.3121428571428571,1.9903821774294983,0.26477085182230375,0.8726483787334949,0.112801470094506,10.0,0.625,0.1875,3.25,670.375,2442.4375,227.359375,0.4375,2.375,0.1484375,0.08455501245958044,0.13838965584818588,0.07109635161242908,3.1493974703476955,0.045714285714285714,191.859375,2.6910237798020664,102.72571428571429,0.2935020408163265,3.6042775510204086,257.2857142857143,0.13244897959183674,3.5285714285714285,45.89142857142857,163.79142857142858,16.416428571428572,0.3678571428571429,0.035462878828780194,0.11642766664867008,0.015221681873807723,3.400895638629284,0.09618137058453081,0.059411564625850344,0.0076851943634596714,0.09848173984407056
1,1264,29,1.6846822036597267,2.3570677240289206,2266.7158814413588,0.9990459417133878,0.4016522562042293,1.9246027685448377,2.5139566621756884,0.218879074537048,2.01425438721063,2.0204017231547438,1.5254731236258718,0.9884835385498165,0.17242016088124174,2.0300989144917674,-0.05670393541157555,90.66863525765437,0.5006611570247934,0.06408086622338284,2.561823977389886,0.9787386812969966,-0.09553228633428826,0.9716335694859365,0.025860748750581582,0.9481473548291528,0.025860748750581582,0.17263013603349084,0.02517228581658779,0.9870696256247092,0.9870696256247092,0.9948278502498837,0.9913797504164729,-0.827103420021206,0.898861522254949,0.025860748750581582,1.524918117255059,0.4760805550651532,1.1707733410475538,0.9481473548291532,0.511987742879768,3.049836234510118,1.1449125922969727,0.24937357955912953,75.37747726835423,0.5000177731210136,0.2499911134394932,2.496454205300024,19.364793680136508,51.08184997335612,11.435529606831604,0.625886448674994,2.8891002026905186,50.969209832726705,0.38768419087504635,0.27409090909090905,2.792957282892342,0.2086158302647147,0.5207079122127009,0.1305928097777182,10.1,0.505,0.2475,2.35,1027.3,2798.65,584.4625,0.6625,5.2,0.26,0.055638928607867996,0.06659468446576672,0.05289998964339333,3.141446071165518,0.03636363636363636,271.05,2.863086507716437,184.98545454545456,0.3363371900826446,3.428310743801653,275.3636363636364,0.2496694214876033,2.5545454545454547,49.767272727272726,128.86363636363637,29.993181818181817,0.6113636363636363,0.029684514361300075,0.07302889524496667,0.018848419140383425,6.2595628415300535,0.14404190309908338,0.02524517906336088,0.006294695717505633,0.14423076923076925
1,1264,29,0.11456883963370156,1.3408611885540822,843.1249853402509,1.2200370700066092,0.7332103882510372,2.2848454207885984,1.6382010599453847,0.3912461365843206,0.7556963160920795,0.7955164376168823,-0.4247998375123808,2.0630008974577656,0.29962641113749183,0.8856084416628036,-0.32765437244784973,33.72499941361004,0.4744610059491617,0.21322538978927935,5.548732710250913,4.106181350633777,-0.19764258067373489,1.2897915248620513,0.05019601878703821,0.9252518125179722,0.05019601878703821,0.28551435199729785,0.04757100198421189,0.9749019906064809,0.9749019906064809,0.9949803981212961,0.9874509953032404,-0.756226497822064,0.9199282172072426,0.05019601878703821,2.2888468903669144,0.4259041846818728,1.543611722586747,0.928942390764086,0.5564588324297062,4.57769378073383,1.4934157037997091,0.33499688591227234,152.10012708967403,0.48178601831869944,0.3136605334972389,5.614846472365577,17.069109903621367,93.52254752767853,4.342630119885169,0.23938541237827082,3.1686425760858903,94.96622557452253,0.3339739064672552,0.2932558139534883,2.8595562373486456,0.2530753988285279,1.3818055009419112,0.05948232107766307,21.046511627906977,0.48945375878853437,0.3039480800432666,5.604651162790698,989.5581395348837,5310.6511627906975,250.08591731266148,0.23643410852713176,5.0,0.11627906976744186,0.06083229233488599,0.28825050083928905,0.014045816985641085,4.357098046538436,0.04,364.5581395348837,3.2170453598867175,336.6874418604651,0.3131976203353164,3.63467041644132,510.04558139534885,0.32475413737155223,5.586976744186047,47.90976744186047,266.44837209302324,11.92421188630491,0.24498708010335915,0.03298376736568873,0.18133777560981326,0.007905783838801096,5.504417775006926,0.04058555198395707,0.16373521681110786,0.0054848564219862036,0.11873014808026314
1,1264,29,0.2426327401425188,1.4957179462198338,470.7658405371932,0.880123598448787,0.7548607755017664,1.9364302458276175,1.6363009968634927,0.36505861706413084,0.8364501931944431,0.8030148165643642,0.05544464383703388,1.5808563530264588,0.284147441110592,0.9469407790978606,0.2273292764472704,18.83063362148773,0.5807637188208618,0.1970479134234421,1.89049033980221,1.1748811435913968,0.6272126642313957,0.8103736293385709,0.03311350781400053,0.9214803761672339,0.03311350781400053,0.2094147404165739,0.03200044441399955,0.9834432460929996,0.9834432460929996,0.9933772984371999,0.9889621640619998,-0.7678581723722384,0.8616483267038682,0.03311350781400053,1.3023490312364032,0.5462559870097146,1.0891255459859677,0.9214803761672341,0.6810942148565964,2.6046980624728064,1.0560120381719675,0.21087178428814285,86.01296189056607,0.5754626560401386,0.2122686719799307,1.9244326086421075,18.526757751907414,38.01977278469785,13.653503993709805,0.7688918478394732,2.6840702972036015,49.080106585642355,0.37210896755128686,0.28476190476190477,3.343531644497789,0.22596245033562792,0.5131164246652216,0.15417395675322956,11.095238095238095,0.528344671201814,0.23582766439909297,2.142857142857143,921.952380952381,1949.5238095238096,665.0595238095239,0.7142857142857143,3.761904761904762,0.17913832199546487,0.06311033273329134,0.24862508635960962,0.016731644326711773,3.463280517810807,0.04,296.95238095238096,2.77418965605728,172.25333333333333,0.3281015873015873,3.4959963718820863,304.9009523809524,0.20961814058956918,1.8971428571428572,48.68,92.16,37.81,0.7757142857142857,0.03099614332505489,0.06578974102868661,0.022297743899146957,39.85408950617284,0.12197270521907652,0.031232592592592593,0.006930707727747185,0.11521843494959193
1,1264,31,1.504769034692669,2.386116129355706,2307.149556844919,1.169798995058871,0.4040420771005149,4.7708189939614165,2.575491256059009,0.2697430141503207,1.9687446445143426,2.0193856827000127,0.7110481402976533,1.8644431157613557,0.16591867057541904,2.003106091025687,-1.2393931821950084,92.28598227379678,0.4730041587901702,0.13647853660030068,6.555611648270157,3.553838758049822,-0.821943423418841,1.1915508505204595,0.08907190325432818,0.861062821919217,0.08907190325432818,0.4290473119863126,0.08065152032970206,0.9554640483728358,0.9554640483728358,0.9910928096745671,0.9777320241864179,-0.6206130137084798,0.8739999870081919,0.08907190325432818,2.505985995835829,0.39941524957158014,1.619367033753336,0.8979624381880552,0.500824277687459,5.011971991671658,1.5302951304990084,0.3201556884436969,89.69758340312185,0.47025600129845335,0.3113273345572867,6.367770216346882,13.362616044890416,89.45286031274713,2.6105215736860696,0.20518091134099153,3.1951057206111106,52.31781828169423,0.2869993985570047,0.3317391304347826,2.375234337358508,0.3095143417409752,1.8393835259974858,0.06464152291432129,13.620689655172415,0.469678953626635,0.31153388822829964,6.137931034482759,551.0,3940.9655172413795,97.79980842911878,0.2136015325670498,3.206896551724138,0.11058263971462545,0.009880959692056329,0.05665043401706584,0.002058181237423525,4.293686926968935,0.050434782608695654,157.8668252080856,3.3561547285725943,159.83478260869566,0.2779735349716446,3.7463107750472586,271.9773913043478,0.31608015122873345,6.55304347826087,44.01913043478261,293.9895652173913,8.720724637681158,0.2011111111111111,0.03585024264133995,0.22329138869718582,0.0074008613554564775,3.6736281622023816,0.043672157543827216,0.30690457759396356,0.009128150454325456,0.14816064701005133
1,1264,31,0.2292072423363433,1.4609118231917864,1188.6788654022098,1.2964987226325624,0.7708183405356676,2.5919370731861067,2.101604224165694,0.40584816488626985,0.9015159472046077,0.9677171288515382,-0.3774269051415795,2.4790311293072733,0.297236277380785,1.0279121732488021,-0.19607133109198582,47.5471546160884,0.449886024691358,0.24387243284885457,6.412229426165864,4.801665996818395,-0.14883302675615767,1.342420977978176,0.06770662627738666,0.9039436218213872,0.06770662627738666,0.3548158729794055,0.06289612826158467,0.9661466868613067,0.9661466868613067,0.9960172572778008,0.9864586747445228,-0.7088216918516599,0.9156261025914181,0.06770662627738666,2.4685115476090305,0.39477382013698603,1.6661628535951256,0.9357955753805332,0.450929206148692,4.937023095218061,1.5984562273177398,0.35253190106389065,140.71652573336354,0.4441490086408898,0.36833910426427563,6.3956557878921245,23.583984333465523,151.12386072701935,4.7162708225519685,0.2130220757515771,3.526266657421375,82.39970758097066,0.27785358788175263,0.28111111111111114,7.5619156589414915,0.24351763872548537,1.53035031429146,0.05273741452145721,17.73170731707317,0.4324806662700773,0.3950029744199881,6.463414634146342,1485.6829268292684,9245.878048780487,294.5848577235773,0.2176490514905149,4.463414634146342,0.10886377156454491,0.09620955415416182,0.5819088302990504,0.018695246655422628,4.540240419146686,0.036444444444444446,732.7828673408686,3.3665671662649603,347.2613333333333,0.30867674074074075,3.532720987654321,506.12177777777777,0.3554338765432099,6.431111111111111,49.11022222222222,317.04977777777776,10.09091975308642,0.20830246913580247,0.03257075207860922,0.20745622742924327,0.006811396497041889,3.3315062548632297,0.030318288126145645,0.4258559804842818,0.003879933748635878,0.17444017190680844
1,1264,31,0.5958862109649822,1.5102084731785979,756.8500384006853,1.0014444484855187,0.4035744158221213,3.7782487943311787,1.814891007325164,0.2800621009571276,1.0600181667498425,1.0871863179871193,-0.019027356151930207,1.8339183634770944,0.17846741302215996,1.1231281007382055,-0.6012440739804695,30.27400153602742,0.5272000000000001,0.13777821682811212,7.191580681993304,1.4237748033399777,-0.5902148709652151,0.9090714570966174,0.048021251748713606,0.899409867458265,0.048021251748713606,0.2739580357578134,0.04544829928808228,0.9759893741256431,0.9759893741256431,0.9951978748251287,0.9879946870628216,-0.7214281541283315,0.8666382416344063,0.048021251748713606,2.641255618899516,0.4973542581414636,1.243844883061603,0.9068042682428351,0.6245350022915903,5.282511237799032,1.1958236313128898,0.23927317721133268,70.49945181509015,0.4857577351234482,0.29138828920208965,6.601240330440939,36.65521106378331,292.31824778551095,5.1507397466372575,0.19194066758351203,3.0124783889493014,45.728394843780606,0.3455760088401875,0.24166666666666664,15.502767963029955,0.1981323443926974,1.1317892299697143,0.051097779336648566,7.375,0.4609375,0.33984375,5.6875,3431.375,28577.5,445.9548611111111,0.24479166666666666,2.5,0.15625,0.022566208369800927,0.1144588041812617,0.007573664017393068,3.5778195311147787,0.02666666666666667,2025.125,2.8252522000901594,207.67666666666668,0.34612777777777776,3.355555555555556,316.32,0.24893333333333334,7.113333333333333,53.29333333333334,391.3666666666667,8.415740740740741,0.16796296296296295,0.026650863987570335,0.17800723628957754,0.005273413456603492,1.7260750296559906,0.07731527019539286,0.1715699062743548,0.003935682098765433,0.27408491947291364
1,1264,33,0.8408608678339148,2.01464207730645,1955.6686267053142,1.1623541036034437,0.6286625895927123,2.065854720347741,2.233346811451892,0.34556551410415903,1.4156893963479484,1.395729629003747,0.5148869580398497,1.718459853412042,0.26407143049365084,1.4740980770571823,0.008333893988279535,78.22674506821258,0.5403061728395062,0.16878867385166374,3.964894888082275,4.232443782854579,-0.12830484740617237,1.1289324515841739,0.044744211356653976,0.9237561357412428,0.044744211356653976,0.2624379305338889,0.042671569804223694,0.9776278943216731,0.9776278943216731,0.9955255788643346,0.9888139471608365,-0.766407716278923,0.91202943259722,0.044744211356653976,1.9219332867750851,0.5024114994566437,1.437488453661239,0.947847363177104,0.6780940476614119,3.84386657355017,1.3927442423045857,0.29341916573520693,130.93415631521495,0.5187075159211855,0.31439457155816897,4.156736683216106,21.7923099317004,81.7258875449111,8.64370913569184,0.3645743241081568,3.0376455740943764,82.01714045363977,0.3690434696519834,0.28055555555555556,5.625857733161334,0.2396014449535563,1.0123111614239362,0.09195914424193169,17.864864864864863,0.4828341855368882,0.3506208911614317,4.243243243243243,1026.918918918919,3689.7297297297296,421.45645645645646,0.36936936936936937,10.405405405405405,0.28122717311906503,0.04149467872647917,0.08616397323523363,0.031919217795319914,3.532214003170297,0.04111111111111111,435.24616508400294,3.039109219950894,298.3088888888889,0.3314543209876543,3.691358024691358,486.27555555555557,0.2920691358024691,3.9955555555555557,49.32888888888889,192.4911111111111,18.787716049382716,0.37456790123456785,0.03145380728423057,0.12498230102740686,0.012500196954639196,3.533934002433089,0.05809162555429095,0.1263893755116343,0.00443692680993751,0.14108086143843968
1,1264,33,0.12507459147090014,1.3227232427957691,813.7806032127644,1.2868142801713331,0.6916516469663836,2.922224666129484,1.726406614400996,0.39901828243945425,0.7329111017891775,0.7542312857150058,-0.6557885380425581,2.382195152443554,0.2886145267779174,0.8803573966957502,-0.5283886417891192,32.55122412851058,0.45195102040816326,0.23787046279109234,5.46185947941589,4.570150262884088,-0.2817098909425941,1.3510028841658874,0.061358489398564475,0.9130119454876702,0.061358489398564475,0.3298704570306307,0.05735006516393333,0.9693207553007177,0.9693207553007177,0.9938641510601435,0.9846603776503589,-0.7253902257144537,0.9173183473820441,0.061358489398564475,2.267023055715975,0.4072962239438881,1.6273696581472987,0.9252064461761149,0.5448742540494458,4.53404611143195,1.566011168748735,0.353090343391113,123.6237732837551,0.4329702406344368,0.39078321616716183,5.668393996620128,29.48883143891562,148.7898840492336,7.410890885124648,0.26438571191877214,3.4559831160589867,77.54405886239212,0.2928866147392565,0.27095238095238094,11.279156626146813,0.22356008054609583,1.3019583204724816,0.05687098369341333,14.314285714285715,0.4089795918367347,0.4326530612244898,5.6571428571428575,1846.9142857142858,8890.685714285713,455.74920634920636,0.28015873015873016,5.571428571428571,0.15918367346938775,0.00757091975793045,0.034803589484312024,0.0019997589693917495,4.297299717551709,0.03333333333333333,946.9142857142857,3.238619781470973,340.3885714285714,0.32417959183673467,3.4366657596371883,474.54857142857145,0.35905306122448977,5.531428571428571,50.118095238095236,273.7371428571429,12.973121693121692,0.2607936507936508,0.02882781782024979,0.16276470083624275,0.00746363166641338,6.159476902173912,0.03860258637328702,0.18150495419001522,0.006848604686318971,0.10994254012284525
1,1264,33,0.08904107996252099,1.912356618550913,847.4444875695947,1.402041423371938,1.1896050741831918,1.8542002559337596,2.0398143527191968,0.5981032360241931,1.1044289562174998,1.2945664558641097,-0.22132429272538617,2.261138645444583,0.48665482981831704,1.3018790170899865,-0.4117760663496614,33.89777950278379,0.43839199999999995,0.47512565580751365,6.793092355175688,8.055273144263543,-1.5150495573150455,1.7074844602956303,0.05937381291547958,0.9327737480051309,0.05937381291547958,0.3237902209800706,0.05575659957976306,0.9703130935422601,0.9703130935422601,0.9965074227696776,0.9881252374169041,-0.7595218016046028,0.9380834110160599,0.05937381291547958,2.526074014719848,0.39913850720612726,1.7344889659059988,0.9561367789197457,0.5358469848053181,5.052148029439696,1.6751151529905202,0.44171456830277755,65.46635407741138,0.41350404357671633,0.5085274696983949,7.105872824474603,14.179548656218618,96.20302368086459,3.104090952438902,0.22544966944516107,3.263730660038786,50.8769147617863,0.3554631387214174,0.3155,1.9786611497726738,0.2712104248272144,2.1094780612408117,0.060624493808270924,9.461538461538462,0.363905325443787,0.6331360946745562,7.076923076923077,473.7692307692308,3215.1153846153848,100.6655982905983,0.25267094017094016,5.538461538461538,0.21301775147928995,0.0866351090652552,0.2889106046865393,0.049434819596374184,3.4493118330264405,0.052,103.94674556213018,3.3640109069567314,150.992,0.301984,3.685424,219.196,0.444556,6.886,45.624,307.822,10.098805555555554,0.22266666666666665,0.03649131771227009,0.249886818468128,0.009429673248929201,0.8752162311372838,0.10513201953352924,0.3191625751532881,0.004362823188888889,0.4608434757996036
1,1264,35,0.3842825707713179,1.6900019246894706,868.0728112278994,1.3238001372052803,0.9046836619695835,2.472536379703807,2.0210028125788497,0.46385401442887003,0.9898443212747984,1.011601654881893,-0.3713609117504097,2.3923637243292593,0.3458140683161687,1.1340343003682485,-0.3425096677663277,34.72291244911598,0.4357772290809328,0.3062420140517365,6.260701431768847,5.893835694512013,-1.1427434811246637,1.5348290972957905,0.03719042075783649,0.9526498787945112,0.03719042075783649,0.22857072247009846,0.03577480423094019,0.9814047896210818,0.9814047896210818,0.9978123281907155,0.9925619158484328,-0.8249730042780995,0.9415603602027101,0.03719042075783649,2.42616274982848,0.4046514473938184,1.5509893887914676,0.9891792787634995,0.4750842134269101,4.85232549965696,1.5137989680336317,0.39300487951340674,86.24082387890616,0.43801761793597627,0.4064163608655064,6.516775530398878,16.729398958221353,102.71715117160474,3.9640123075712443,0.22782547232129924,3.1334003146681093,68.63333435319865,0.3964374344377999,0.29185185185185186,2.248314874605769,0.22867617538584595,1.600599527475458,0.047311655852401685,12.733333333333333,0.42444444444444446,0.4488888888888889,6.866666666666666,699.6333333333333,4201.866666666667,162.63518518518518,0.2196759259259259,6.0,0.2,0.11849887015517736,0.7879854740985508,0.022192186855767883,3.8817276788697295,0.044444444444444446,193.38333333333333,3.2759602503093115,215.50962962962964,0.3192735253772291,3.532343484224966,294.14962962962966,0.39695802469135805,6.328888888888889,47.95703703703704,298.56296296296296,11.39156378600823,0.2341358024691358,0.033999218946837995,0.22359761228222425,0.007511870850687477,1.0144341882750845,0.09377051229956553,0.22867330211850134,0.002449541391048113,0.5285317327998221
1,1264,35,0.187783577842816,1.3752715138952458,762.5161404817715,1.200711267097292,0.6659596162022802,2.763987536829327,1.6575814875354378,0.3760414150028635,0.8458266537361774,0.9327910683098314,-0.4025538266335315,2.0601353141689693,0.27512388307518854,0.9613854525957595,-0.603296803446,30.500645619270863,0.46525032139577605,0.2088392602922141,6.030784595810237,3.3292040737695183,-0.3413059723687654,1.2173967794693108,0.05278373346596408,0.9168281978731158,0.05278373346596408,0.295500107138711,0.04980835589889407,0.973608133267018,0.973608133267018,0.9947216266534036,0.986804066633509,-0.7413843761732891,0.9099729714485231,0.05278373346596408,2.3957501361542626,0.42150255044515694,1.5017091162656202,0.9300405693277588,0.499432215340848,4.791500272308524,1.4489253827996569,0.31754512823381875,114.07094244587094,0.4586969372810562,0.33376573007238053,6.03376467560535,15.78760848308188,96.6062960328192,3.4024723398352785,0.2256783282568704,3.192433367272975,76.4482093119822,0.33888039039772,0.3015151515151515,2.145929265932118,0.23910187035265784,1.4721229790360155,0.0564888141354326,16.675675675675677,0.45069393718042366,0.34915997078159244,6.135135135135135,626.2972972972973,3887.810810810811,130.88888888888889,0.22672672672672672,7.648648648648648,0.20672023374726078,0.06131687249876782,0.5386635475894994,0.007430601131675777,3.9651533651611652,0.044848484848484846,129.12783053323597,3.192903735650238,258.1830303030303,0.31294912764003674,3.498034894398531,383.83151515151513,0.3211753902662994,6.052121212121212,46.89818181818182,284.67757575757577,10.183299663299664,0.22047138047138046,0.032881910564450244,0.20648215736350656,0.0072282998955287316,3.644944471077021,0.05425237217127309,0.17593080349395374,0.005326969604214784,0.16706898460857053
1,1264,35,0.9439153333511804,1.957484872498067,1265.2372447424577,0.8417564545539612,0.39866737614845693,2.9097458329719283,2.079729107610865,0.2654595371855372,1.595628327298057,1.6388226334814013,0.7278251785275259,1.3519039290833392,0.18702581961433895,1.6320714927209967,-0.9237794132637935,50.60948978969832,0.685247645429363,0.11762759847654819,3.791992284260084,2.240462884419622,-0.38368863894837757,0.6587659161799311,0.03633357734254192,0.8953531950936799,0.03633357734254192,0.22301521285361803,0.034914932841334935,0.981833211328729,0.981833211328729,0.9963666422657459,0.9909166056643646,-0.7359302796299371,0.8392800329603572,0.03633357734254192,1.9069262117077377,0.6574495015419923,1.0514073325201054,0.933269142670423,0.7993789852283244,3.8138524234154754,1.015073755177564,0.17377487338061826,85.88652352199877,0.6319838795275177,0.2165975285449196,3.911863533079802,18.399566435767454,69.97418790419037,6.148620656685681,0.3526413929191873,2.723345366359865,43.48762052257173,0.36416269408079205,0.28526315789473683,2.871467944730701,0.23975716392747148,1.0359793859568516,0.08002474278874827,11.0,0.5789473684210527,0.260387811634349,4.052631578947368,909.7368421052631,3490.1052631578946,283.0073099415205,0.3538011695906433,4.2631578947368425,0.22437673130193905,0.009612134688756824,0.04888002912207195,0.0023366936893436424,3.1083757000539385,0.04,284.7368421052632,2.6023992145709935,161.30315789473684,0.33958559556786705,3.667785041551247,325.4926315789474,0.17668254847645432,3.814736842105263,48.7978947368421,183.94526315789474,16.78415204678363,0.3477777777777778,0.030598744215034942,0.1242258914481972,0.010392933833702421,1.3670403719397366,0.12269278372706235,0.10499765528882359,0.002202849083928658,0.28770613212205004
1,1264,37,1.139199460168245,1.7614613977819709,2280.5583856491116,0.26755629993320273,0.2799236780619767,3.109526323521086,2.1848036797906683,0.1815177585206764,1.4548670205546763,1.4525006475528752,0.8084606460280969,1.3763430337625713,0.12031198489305824,1.473757228068744,-0.026204667808353715,91.22233542596449,0.9244317460317462,0.055322319787226654,3.9358358814769083,0.3007507640036854,-0.09013366445006421,0.1030215233199729,0.03354003714101768,0.4704867684376901,0.03354003714101768,0.20606110148969348,0.032210796146496495,0.9832299814294911,0.9832299814294911,0.9966459962858982,0.9916149907147456,-0.31374633021915305,0.34837065200913586,0.03354003714101768,1.9795071891485003,0.9007452017107307,0.39925220188867705,0.5290115988837398,0.9486528379760764,3.9590143782970006,0.36571216474766,0.034140390115247644,234.77657458905827,0.8365124495581224,0.08656145369977201,3.9032200152697882,27.118098595409066,105.87600685602692,7.517030693024127,0.29808568661410534,2.1009072547462706,95.7528635129243,0.402098668721376,0.2692857142857143,8.636203356635598,0.21912850189088773,0.7884674952400192,0.09264731144979708,24.75,0.7734375,0.125,4.125,2011.375,7969.03125,523.8012152777778,0.2881944444444444,13.0625,0.408203125,0.01754683725999656,0.08889695788352367,0.009098479439715694,2.173794940695395,0.030476190476190476,934.71484375,1.9243487578947887,371.3485714285714,0.35366530612244895,3.498100680272109,970.6533333333333,0.03856780045351474,3.9514285714285715,50.36190476190476,200.49428571428572,12.973783068783069,0.27166666666666667,0.028795464252720487,0.1115911162701412,0.00924322967282151,1.8563870751716056,0.07102144622210999,0.10239841640578416,0.00041098174663163324,0.12614555256064694
1,1264,37,0.26234532763417556,1.5081513987187707,1885.532326685616,1.1045548684067166,0.6110879178426118,3.1723224092808833,1.8606688470676385,0.391431832581763,1.0535014126861357,1.2110794954295963,-0.3434705580334848,2.2041394051011234,0.26922590497556453,1.1605209195768251,-1.0008464068419316,75.42129306742466,0.5268295918367347,0.23694357824375636,7.054717316013056,5.119923066272634,-1.533147380835778,1.2532657006813863,0.04641287263634772,0.9285471182222514,0.04641287263634772,0.268416096386887,0.04411091789248952,0.9767935636818261,0.9767935636818261,0.9953587127363652,0.9883967818409132,-0.7575764665727251,0.9044939706630681,0.04641287263634772,2.5986224470174917,0.47415731648221426,1.40329012704162,0.9470217240275157,0.6207632927415859,5.197244894034983,1.356877254405273,0.3249196433294335,207.6987700736813,0.5546423925086924,0.3025842194586323,7.329368780618408,28.811596510141833,181.0952422547432,6.086730984343923,0.18343010474183513,3.006715708727312,112.26893544539637,0.33248930688352035,0.27017857142857143,10.442710208805817,0.23207722029405164,1.6194910612953093,0.0466185676987024,26.511111111111113,0.5891358024691358,0.30320987654320986,7.533333333333333,1865.0666666666666,11060.6,408.1092592592592,0.18148148148148147,10.733333333333333,0.23851851851851852,0.009328988221266673,0.05824396275604492,0.0026821134266932834,3.2475519100959476,0.03214285714285714,897.1654320987655,2.960759659167782,477.27142857142854,0.3409081632653061,3.555369387755102,737.5614285714286,0.3171994897959184,7.1778571428571425,50.32142857142857,356.98071428571427,9.669305555555555,0.18886904761904763,0.0291723730563654,0.208593916356225,0.005605323024271438,3.5238413136893785,0.03658321483710671,0.1538321042561723,0.004748551885932943,0.13048565748366944
1,1264,37,0.4555955969453259,1.631972966635764,1055.9692336409025,0.7382848661434499,0.3655678685832606,2.95709870256523,1.9724102908164145,0.35023715265196603,1.245863687093624,1.3696452428075359,0.04946127319251245,1.9229490176239021,0.22772613813967013,1.3266305901549373,-0.9501113597300656,42.23876934563611,0.6701388888888888,0.20777239591631794,3.385765629799954,1.3325886046273845,-0.7691659597771949,0.6512890072095741,0.0,0.9999999999999987,0.0,-3.203426503814917e-16,0.0,1.0,1.0,1.0,1.0,-0.9999999999999988,0.8765648206254495,0.0,1.795255209933318,0.674355496395213,0.7313074260454042,0.9999999999999973,0.795255209933318,3.590510419866636,0.7313074260454042,0.16282225180239351,105.99113550021106,0.659437670266409,0.1702811648667955,3.3470346137610805,19.57852586651658,67.0747443834717,7.704471237277801,0.4132413465597299,2.069548985209625,73.51048262276629,0.5591061725566109,0.26791666666666664,1.7466999837990709,0.17531608076386784,0.5833574374340967,0.07330574159631068,12.5,0.625,0.1875,3.25,1125.0,4031.25,398.4375,0.4375,16.4,0.82,0.0014577777777777779,0.004631111111111112,0.0006644444444444444,1.2361602543738108,0.03333333333333333,225.0,2.267632853500298,229.38333333333333,0.38230555555555557,3.269455555555556,402.0833333333333,0.16493055555555552,3.375,50.28333333333333,170.50833333333333,20.227083333333333,0.40625,0.026869223198538676,0.09011578168304359,0.011057583577412447,0.0,1000000.0,0.0,0.0,0.0
1,1264,39,0.9922703604699544,1.7445790167899056,1609.5660800740925,0.7246035794647824,0.4248635984466431,3.10469009987672,2.304528193571284,0.250691294779974,1.4055602082159055,1.3967754760781161,0.574043429125982,1.7304847644453019,0.17394316808308413,1.441131311907461,-0.016490816774304674,64.3826432029637,0.7422751300728408,0.10125995924017953,3.8935250271798214,1.9349494509240637,-0.1909120343455619,0.5356570839423055,0.04296412263535551,0.8517508406635185,0.04296412263535551,0.2544880271682316,0.04104897696044703,0.9785179386823222,0.9785179386823222,0.9957035877364644,0.9892589693411611,-0.6721237758297582,0.7919738662731202,0.04296412263535551,1.9417353772559252,0.6994055219644872,0.9773676392885926,0.9187712260904155,0.8304523592085236,3.8834707545118503,0.9344035166532376,0.14465530164441526,160.35282297610502,0.6955012693691955,0.16803678278706602,3.7607978614384523,16.2740928344454,64.94923195795376,4.918833105313976,0.35121579818122217,2.613825067237018,75.96005512241103,0.3723905437739643,0.2964516129032258,2.249962021128568,0.22770055180740614,0.8074744357782079,0.09123171142851874,18.866666666666667,0.6288888888888889,0.20555555555555555,3.566666666666667,956.1,3848.366666666667,270.9592592592592,0.39537037037037037,7.333333333333333,0.24444444444444444,0.006770306887189051,0.011702327085510241,0.0055734708190902345,3.2367000510807067,0.03870967741935484,288.7388888888889,2.6457339826750763,245.52387096774194,0.31680499479708635,3.379323204994797,575.2632258064516,0.14180894901144642,3.8929032258064518,47.31483870967742,188.0916129032258,14.437491039426524,0.3226523297491039,0.029754406326449337,0.11201406505254431,0.01044670322463248,2.2432823813354785,0.06948429206713527,0.126016016890487,0.0018364004759080857,0.16190994884065604
1,1264,39,0.41562937829575297,1.6127867077010734,1999.1066150813372,1.0726508152764191,0.5785616486474057,4.543118588304641,1.918742323960469,0.4009549554728322,1.1482479077946806,1.3094763365213544,-0.5416673628119366,2.4604096867724055,0.2438564118069666,1.2646285193941618,-1.4437210141539767,79.9642646032535,0.5760742400000001,0.28081203431020807,7.418365440385322,9.291222502908685,-2.8083386737725378,1.464357408400222,0.027866401810394334,0.9626327294728256,0.027866401810394334,0.18305846180558705,0.02707025299177761,0.9860667990948028,0.9860667990948028,0.9972133598189605,0.9930333995474014,-0.8308380130769301,0.9112696438728889,0.027866401810394334,2.6569234206122423,0.5588960430810889,1.2492690913904179,0.96354040023161,0.7217994626170336,5.313846841224485,1.221402689580024,0.37305595255265406,191.9275975063751,0.5391338905211107,0.41108559150232443,7.219623639702704,18.24520890040128,138.64186874872544,3.508802510912085,0.21827182506632464,2.8968457553613156,125.33811977736033,0.40807102398652556,0.2838,2.7356490494198376,0.2232391395745314,1.5105927627805358,0.05479728773512432,25.50980392156863,0.5001922337562476,0.4021530180699731,7.0,866.2352941176471,6797.529411764706,154.3921568627451,0.21895424836601307,15.117647058823529,0.2964244521337947,0.034477373681300966,0.2534187363832506,0.00552334093542925,3.4607231362562962,0.0408,265.5048058439061,2.860713752831022,431.0176,0.34481408,3.5476838400000004,720.0928,0.37656064,7.4224,48.8352,367.7728,9.659022222222221,0.20506666666666665,0.030372057319223985,0.2182771259763165,0.0066219190427199695,1.475354844814535,0.08017163142856223,0.07981223889819022,0.003573978874311112,0.24805806602669161
1,1264,39,0.7939552336715883,1.7267889781132773,1547.4076634899295,0.8376630889542621,0.5252428316572555,2.8077413693246633,1.8428426304062455,0.2858015522653355,1.2231874728659387,1.2215761345420941,0.27352577011609297,1.5693168602901526,0.2022701409279927,1.2762641466775844,-0.33620174732278574,61.89630653959719,0.6082349030470915,0.13266257831850164,3.1773969327254505,1.2265971094864319,-0.6877003672466783,0.7600569466702294,0.02759418086222039,0.9299143339193685,0.02759418086222039,0.18016618415753227,0.02676479487432371,0.9862029095688898,0.9862029095688898,0.9944811638275559,0.9908019397125932,-0.791559110100952,0.8571649415056398,0.02759418086222039,1.7303980077188537,0.5794096413594513,1.0161204172717202,0.9299143339193685,0.7166009172877434,3.4607960154377073,0.9885262364095002,0.19691278188311248,163.79169432084382,0.5983790512154272,0.2008104743922864,3.1644614345401507,16.8581553147693,54.17720318911513,7.528393346182844,0.4588846413649624,2.538584209434543,103.36807514562574,0.4418428272845568,0.2878947368421053,1.7285019834288247,0.21159668079044516,0.6558845456965786,0.10052471456391177,21.555555555555557,0.5987654320987654,0.2006172839506173,3.1666666666666665,823.2777777777778,2556.1111111111113,390.06944444444446,0.4583333333333333,13.88888888888889,0.38580246913580246,0.03248138164896602,0.11894610452742202,0.010865200929352024,2.807184722943373,0.037894736842105266,126.90432098765433,2.607027006153001,331.2294736842105,0.3486626038781163,3.4028321329639892,577.8231578947368,0.19588254847645428,3.1978947368421053,48.25052631578947,155.22736842105263,21.506315789473685,0.45052631578947366,0.030121469182214797,0.09548705377862647,0.013780073033111878,5.17681186710185,0.0806285714516659,0.026110634480939192,0.005072817978464167,0.08129294493370753
1,1270,10,0.9474685767295979,1.493271390897138,1108.5916808393833,0.5164490482843496,0.24701796851342817,2.478949474974879,1.672989300157339,0.14946113918185136,1.2680751132023835,1.2890452747261785,0.8917015001606671,0.781287799996672,0.10508653420678404,1.281545178949215,-0.2521359600150892,44.343667233575346,0.7955950617283951,0.03434355296473766,3.6523469717150445,1.0960028422350796,-0.6088479163358974,0.3987114817562251,0.007324495816468136,0.9640630305105732,0.007324495816468136,0.06179443698743591,0.007264024787922133,0.996337752091766,0.996337752091766,0.9985351008367063,0.9975585013945105,-0.8893561434363821,0.7737662723172464,0.007324495816468136,1.885336406541093,0.7897179864257313,0.5707657193611488,0.964063030510568,0.8816741586328587,3.770672813082186,0.5634412235446811,0.1015089943931733,128.8540377754143,0.7774508243772575,0.1112745878113712,3.616965841460931,25.978049970582248,95.56672851938177,8.580880333382364,0.3457585396347672,2.300407888261637,59.132176989281376,0.42422639093669734,0.2451851851851852,4.817162783504875,0.17950528062859855,0.6132116752743202,0.07107868196716813,13.6,0.68,0.16000000000000003,3.4,2347.35,8926.5,702.5625,0.4,6.9,0.345,0.10660487587026253,0.2594324201477167,0.06839798980089896,2.319240704636846,0.02962962962962963,1208.2875000000001,2.1690169877926158,253.06814814814814,0.3749157750342936,3.3614792866941015,537.0266666666666,0.10220246913580247,3.6533333333333333,52.90222222222222,193.88444444444445,17.656666666666666,0.33666666666666667,0.02863534848781762,0.0993050084917369,0.010967933486837809,0.8945004480286738,0.33808742690424615,0.00876389574759945,0.0009791248894985521,0.30927835051546393
1,1270,10,1.0863609015187166,1.5068674143076755,1934.7187772397763,0.29642624484137736,0.18513770930299667,3.3907072792663864,1.6111328643991818,0.12683471744680494,1.3479088740397236,1.397713688535696,0.8612287209278783,0.7499041434713035,0.08573258203669895,1.3574200940228232,-1.0531976023162337,77.38875108959107,0.9007256235827663,0.02573097894189436,3.8464245828406254,0.42494072304529795,-0.23420756501731796,0.1445625590470514,0.031027460254894234,0.643483407271682,0.031027460254894234,0.1980098438586702,0.02999685804561892,0.9844862698725529,0.9844862698725529,0.9937945079490212,0.9896575132483685,-0.4230313583100831,0.44632297228327344,0.031027460254894234,1.9539794376560242,0.8822081323034083,0.423788815416552,0.6434834072716524,0.938465707528577,3.9079588753120484,0.3927613551616581,0.043897504825486405,235.08946725152924,0.8070485656379305,0.09647571718103473,3.6750089405522233,19.538107825273176,76.52597351566533,5.291141402675137,0.3312477648619442,2.307195359921856,90.71000442620527,0.3534690313732172,0.2761904761904762,3.2897059618478917,0.22979948563898137,0.7175702274970196,0.10785680017447176,22.65714285714286,0.6473469387755102,0.1763265306122449,3.3142857142857145,1562.3428571428572,6203.0,402.17857142857144,0.42142857142857143,5.857142857142857,0.1673469387755102,0.01272643937023835,0.016444630172887317,0.011796891669576108,3.390408621573599,0.03333333333333333,662.3428571428572,2.065979626097679,357.48,0.34045714285714285,3.5389569160997736,945.7619047619048,0.04963718820861678,3.842857142857143,49.64952380952381,194.7952380952381,13.363095238095237,0.2892857142857143,0.02932175401024607,0.10440758482405309,0.010550296306794323,4.055103359173127,0.06690774696127316,0.028468480725623583,0.0015781474282834831,0.059910134797803286
1,1270,10,1.216500457491448,1.985678384791111,2107.369604523707,0.5856369698565915,0.5237042384096104,2.4631093960501036,2.147904938463201,0.26825396749996033,1.6184180491411555,1.5789370838925947,0.7443543566184747,1.4035505818447263,0.2112084188000861,1.6489956296128265,-0.46709288497505774,84.2947841809483,0.803917585848075,0.09990960469633832,4.303060568184995,1.4624491871172005,0.1765766311342536,0.4075794682492895,0.03672803735704499,0.8344783787227986,0.03672803735704499,0.22582699253178687,0.03532066131330617,0.9816359813214776,0.9816359813214776,0.9963271962642956,0.9908179906607388,-0.6857513933076897,0.7510078663652258,0.03672803735704499,2.051906940133658,0.759028644412839,0.7978436339028152,0.9999999999998839,0.8678391549925901,4.103813880267316,0.7611155965457705,0.11107687640158363,165.8408699862405,0.7695875714306202,0.12449088532438957,4.385172537307533,19.357373391533336,82.19010839626394,5.078574272246115,0.26101030137795445,2.489747518832223,68.18755335205812,0.3593024859941054,0.27741935483870966,2.7997481194858373,0.21186273134672895,0.9943095663282113,0.052846321233954864,18.555555555555557,0.6872427983539094,0.1728395061728395,4.62962962962963,997.4444444444445,4184.777777777777,259.37654320987656,0.257201646090535,8.481481481481481,0.31412894375857336,0.03981693652459989,0.35229518247293123,0.004631867071363592,2.543207620301576,0.03483870967741935,173.5418381344307,2.398780235903096,261.6658064516129,0.33763329864724245,3.363496357960458,623.036129032258,0.10528366285119667,4.27741935483871,49.340645161290325,208.25935483870967,13.086236559139783,0.2637992831541219,0.029253307284682093,0.13395591093068052,0.007440068336507575,1.8140789796418937,0.07858977825851811,0.11201202390160817,0.00116529014653941,0.1804111649674076
1,1270,15,1.4591352982434276,2.0914838798236253,4925.917616183075,0.6976838619060155,0.30386574113096754,2.4422242614270613,2.3670569879794803,0.18376171345787373,1.7828440724417944,1.7937142301712599,1.2545064633618404,1.11255052461764,0.1324957120671092,1.7972506537072663,-0.10802751589515246,197.03670464732303,0.6944425692018276,0.05157692561035504,1.5420720291524233,1.2540375442073763,0.7221546612126379,0.5809658264318159,0.01937648534120786,0.9353409633546567,0.01937648534120786,0.1374235854364733,0.01898810303174875,0.990311757329396,0.990311757329396,0.9961247029317585,0.9935411715529306,-0.8109002994143478,0.81991812855014,0.01937648534120786,1.1839200906076757,0.6808407410817392,0.8186156579222917,0.9353409633546556,0.8063916667217202,2.3678401812153513,0.7992391725810841,0.15008557794325594,267.63246207579425,0.6593607395557592,0.17031963022212038,1.6541254239907495,25.423872828338368,35.6290008681543,22.87259081838438,0.8364686440023126,2.4720736693241685,148.955332147163,0.43308005786469395,0.26557377049180325,7.476142358577405,0.19423411757075365,0.35980466122942995,0.1528414816560846,31.53846153846154,0.606508875739645,0.19674556213017752,1.8076923076923077,1588.9807692307693,2035.576923076923,1477.3317307692307,0.7980769230769231,19.53846153846154,0.3757396449704142,0.04097444372786753,0.10221570740154687,0.025664127809447695,2.9078277907731667,0.03409836065573771,728.9123520710059,2.3763354991393846,558.6275409836065,0.36631314162859446,3.3693953238376784,1059.024918032787,0.15277871539908627,1.5645901639344262,50.64065573770492,76.96393442622951,44.05983606557377,0.8588524590163934,0.02837829479697161,0.04803786971983694,0.02346340106625528,16.266472138554214,0.07059572375083183,0.018577264176296692,0.0028902727470581234,0.06932409012131717
1,1270,15,1.1488961046695927,1.8960861065931476,5943.865473417298,0.23989343095578447,0.40021704216454257,2.278228973986499,2.125229273572603,0.2219749291632494,1.4950883821094998,1.4688683467139414,0.9627749435227971,1.1624543300498056,0.16257070899067794,1.5193081554543233,0.2750289490870942,237.75461893669197,0.9336062588368367,0.0730080009112167,4.094671519871672,0.38993001542632205,0.12080009577996687,0.10897794314347603,0.011048426197977211,0.8154220014687447,0.011048426197977211,0.08706251675918569,0.010917564936547792,0.9944757869010113,0.9944757869010113,0.9988951573802023,0.9972378934505055,-0.6630511335203546,0.5005410157369905,0.011048426197977211,2.017470705741828,0.9300909056904079,0.2920217774464868,0.8546627435987817,0.9641628768976631,4.034941411483656,0.2809733512485102,0.03000659233536331,502.51860290995404,0.8734281112503132,0.06582056423060037,4.201188393213051,72.89542707358271,293.86680006497085,18.221730291850456,0.2555431268643319,1.9470047899982244,233.99212641186975,0.4756976646014861,0.22271844660194176,46.034978764409,0.15738502518940206,0.7290772831267347,0.04151200420004365,34.659574468085104,0.7374377546401086,0.1448619284744228,4.404255319148936,10154.021276595744,40812.68085106383,2535.455673758865,0.26713947990543735,12.27659574468085,0.2612041647804436,0.010672835035034332,0.08617848273633398,0.0018669364914915144,3.1350753179657724,0.01825242718446602,7152.380262562246,1.7305360898450477,1047.3518446601943,0.4067385804505608,3.1150843246300313,2404.0361165048544,0.03376695258742577,4.1149514563106795,55.21825242718447,225.59223300970874,13.791531823085222,0.25146709816612733,0.02434115089761183,0.10440387004136427,0.006152751466462169,1.7056778820285177,0.07615333486297204,0.03603995745842548,0.00013036884931002892,0.14099073071883728
1,1270,15,1.4897163815258532,1.9838634249818663,5124.001301842041,0.5385625937969077,0.2501095269238405,7.186924578017453,2.1277584420131004,0.1652623790886731,1.7478460246209995,1.7859259119732098,0.6974417357192009,1.4303167062938995,0.10665773376125669,1.762230216075562,-1.5576315439063952,204.96005207368168,0.8134883379247015,0.05048960866629042,4.3803903313006725,1.2000164416064942,0.3474167864077733,0.3597158213369414,0.02501433643491895,0.8700677644457593,0.02501433643491895,0.16741184055378247,0.024345013308131276,0.9874928317825404,0.9874928317825404,0.9974985663565081,0.9937464158912702,-0.7275113922379675,0.7338835042037188,0.02501433643491895,2.0728515003715153,0.7911399090330488,0.6786433827669253,0.9999999999994573,0.8860013337504695,4.145703000743031,0.6536290463320067,0.09618253944296509,325.1897641204436,0.7608009881687932,0.12558335789004743,4.548650360609542,32.25692043352708,135.2402667329459,8.082333960807743,0.24582192195275512,2.4097308872341756,151.46393079191895,0.41402584043837487,0.2578787878787879,12.268634702175383,0.192973526034602,0.9265006161422865,0.04594150740447037,32.1063829787234,0.6831145314622001,0.16930737890448166,4.787234042553192,3288.0,13470.829787234043,822.008865248227,0.24231678486997638,13.936170212765957,0.2965142598460842,0.029964416558987357,0.12872499043888472,0.007267484614015185,3.197209862497316,0.028484848484848484,2055.5418741512,2.24804895864177,595.4751515151515,0.3608940312213039,3.3148150596877866,1342.2557575757576,0.09722277318640957,4.390909090909091,51.43636363636364,221.86363636363637,12.906313131313132,0.24924242424242424,0.027346693598876138,0.1232361076753934,0.006732553311416847,2.7977669958007043,0.05020054865650147,0.086261417078285,0.0007568318235925215,0.119754639823844
1,1270,17,1.388099686783839,1.9266345085105017,6458.284408593501,0.2926902837424831,0.33209656816330746,2.9084589249058914,2.3418511859021995,0.1835073687366973,1.6423344828634432,1.609055875467336,1.0792388369094386,1.262612348992761,0.13187642299471672,1.6577714351853163,0.16734150697199135,258.3313763437401,0.9023235853327296,0.050943577714050794,1.1426784364591123,0.5992170770584163,0.3165373400802229,0.17859586633624172,0.0065089920176787715,0.929569141694447,0.0065089920176787715,0.056166483239996685,0.006462339731235358,0.9967455039911606,0.9967455039911606,0.9986982015964643,0.9978303359941071,-0.8284793631071299,0.609426571131522,0.0065089920176787715,1.0486443108226506,0.9009852310918045,0.3286692273116731,0.9295691416944097,0.9481011931685102,2.0972886216453013,0.3221602352939946,0.04627621458848012,482.6955196904152,0.8678967485916536,0.0660516257041732,1.213475441946005,44.21153584786105,47.18445317558363,43.46830651593041,0.9466311395134988,1.8682417724859448,230.81293009651955,0.4968297624063187,0.23606382978723406,19.396469095362143,0.16036646358422588,0.21221164505316084,0.14740516821699212,47.63333333333333,0.7938888888888889,0.10305555555555557,1.35,3522.233333333333,3653.0833333333335,3489.5208333333335,0.9125,27.9,0.465,0.006691705678440365,0.020750124222328508,0.0031771010424683287,2.1542881541945507,0.02553191489361702,1988.2055555555557,1.7705422764761676,946.783829787234,0.40288673607967407,3.211399909461295,2120.460425531915,0.04883820733363512,1.1544680851063829,53.78468085106383,60.74595744680851,52.04436170212766,0.9613829787234043,0.025108407176897555,0.03036078993851284,0.02379531148649373,5.1133345915114905,0.11564737720360543,0.007359127810472309,0.0003371914527609489,0.12326656394453006
1,1270,17,1.076822771850815,1.9227965294966622,3660.341847011149,0.6503756776025362,0.4984602202506234,2.3878924012391276,2.1764400725229973,0.2771806789289347,1.5681152542213,1.660221118431569,0.7255761854921464,1.450863887030851,0.20450163540125943,1.6027042600776296,-0.5996312070449564,146.413673880446,0.7805916897506926,0.10967549474944999,4.046688089258215,1.7498884914487753,-0.10166255242600138,0.45977596764803796,0.02589560364468421,0.8935043152459492,0.02589560364468421,0.17158813446154214,0.025157140577710072,0.9870521981776579,0.9870521981776579,0.9974104396355316,0.9935260990888289,-0.7492466748522557,0.7894692965501884,0.02589560364468421,1.9844941805235556,0.7552343053989441,0.8185371526663497,0.928836438021118,0.8653930291913232,3.9689883610471113,0.7926415490216661,0.12141789282318055,308.92906425402373,0.7440017443860638,0.14326991492915478,4.099668396111845,16.635377125446034,67.04555031077969,4.824862231145089,0.298742585190752,2.3258561576463985,161.18372495783998,0.4558307195436627,0.2907017543859649,1.7761978032875017,0.2200664234156409,0.9394429026653939,0.06606500568438552,38.19298245614035,0.670052323791936,0.19267466912896275,4.12280701754386,780.6140350877193,3130.7719298245615,219.15643274853804,0.31676413255360625,22.403508771929825,0.3930440135426285,0.023001641107982397,0.04332920145473606,0.019050138718933136,2.7520191286483,0.04,155.6140350877193,2.4067745439492865,498.3235087719298,0.3497007079101262,3.456080763311788,1112.3431578947368,0.12041809787626961,4.053333333333334,48.00350877192982,193.3740350877193,14.004736842105263,0.2943664717348928,0.030398668408233992,0.12415001414470922,0.009382099968714653,2.585212486157254,0.05722715364854897,0.07401313448478554,0.001013577673742168,0.13128885205138835
1,1270,19,1.4373019439597186,2.0882723055059076,5665.930742192048,0.7207999023535627,0.3811222694010161,2.5344689340476694,2.31917907540113,0.2012844606026632,1.769143069600814,1.7956405394560468,1.0639515456543034,1.2552275297468265,0.14422234442626225,1.7866375283120481,-0.2507842525324925,226.63722968768195,0.6806766911327118,0.062206456856394345,1.6003724618258017,1.2429956637498174,0.7178012110761796,0.6227495580640185,0.029043672555567585,0.9109903548444643,0.029043672555567585,0.18871268424263318,0.028165569492813854,0.9854781637222162,0.9854781637222162,0.9941912654888865,0.9903187758148108,-0.7549673447783158,0.8174124256374773,0.029043672555567585,1.2049647660345286,0.6459378151973931,0.9111418759840536,0.9109903548444634,0.7805133976876877,2.4099295320690572,0.8820982034284863,0.16294830765489654,333.6137434438699,0.6689441521443559,0.1655279239278221,1.6283980749116145,18.67679501281385,29.99633502236171,15.846910010426885,0.8429004812720964,2.543085201658193,168.6742588268769,0.38910381511678727,0.2802816901408451,2.6832753874423263,0.21392925288109488,0.36069243431373543,0.17723845752293474,43.93939393939394,0.6657483930211203,0.16712580348943987,1.6363636363636365,936.8030303030303,1566.2575757575758,779.439393939394,0.8409090909090909,22.515151515151516,0.3411386593204775,0.011569128381647177,0.025725327472802106,0.00803007860885844,2.9022712624027163,0.03718309859154929,213.5190541781451,2.5133078606264845,612.6450704225352,0.34515215235072405,3.424130132910136,1208.2011267605633,0.1596616544336441,1.5983098591549296,49.0912676056338,77.6850704225352,41.94281690140845,0.8504225352112676,0.028864594267545302,0.046976890531903945,0.024336520201455644,30.929213417484796,0.04024481696827292,0.02799765654962639,0.004349843101776698,0.041357918318111336
1,1270,19,1.1397413895517137,1.8792569577535543,4898.8846576742835,0.3089482213647497,0.42382892214755374,3.2078685923443793,2.069431535295819,0.23527297604685743,1.5383480474053048,1.5996957353484946,0.5457897595969561,1.523641775698863,0.17144487702650146,1.5650694325930534,-0.737116357616756,195.95538630697138,0.9088195,0.08292761388142685,3.925312003514863,0.573627599572339,-0.19367180114887303,0.1614075833366585,0.012619312125983596,0.8537337897982131,0.012619312125983596,0.09681770075809575,0.012446164591677461,0.9936903439370082,0.9936903439370082,0.9987380687874016,0.9968451719685041,-0.7141399260859509,0.5828165326335225,0.012619312125983596,1.9718301372141749,0.9024951426548685,0.3749372284682303,0.898346528479298,0.9493892332158539,3.9436602744283498,0.3623179163422473,0.043506723865660527,449.72058416421254,0.8619553573619003,0.0721576263420928,3.937020778897132,25.29944716022736,99.8369781407765,6.778193897373971,0.28759799207266035,2.0175644620436883,201.87509763780912,0.46253176973975235,0.260375,6.463322697407387,0.1873718956200416,0.7541710266115893,0.05944590724310505,45.63333333333333,0.7605555555555555,0.1322222222222222,4.0,1859.3333333333333,7374.75,483.62731481481484,0.3055555555555555,21.366666666666667,0.3561111111111111,0.019774178350973292,0.16314573173344724,0.003319150087659339,2.540654454757895,0.03,748.2222222222222,1.8870172307869706,757.241,0.3786205,3.3311110000000004,1817.639,0.04662975,3.9295,51.176,201.0355,13.962236111111109,0.277625,0.027377548185941045,0.11039631157092468,0.007909692902109402,1.4670527156549522,0.09073998457420261,0.03705964923535069,0.00019655734895833332,0.16942339373970347
1,1270,19,1.252528406909775,1.9375547954586252,4187.609848258992,0.3493224486965568,0.3555127150029316,2.905103891450331,2.37722072421182,0.2139335285133979,1.63574618577782,1.6845543559759288,0.8784931655991408,1.4987275586126794,0.15056989016120942,1.6570979666240326,-0.5322158713795794,167.50439393035973,0.8959522708949206,0.07030808670281624,4.13127297572993,0.654551082783584,0.1380304553456899,0.18739396452585771,0.025292068441211,0.7622570189511348,0.025292068441211,0.16922477047012857,0.024619056042154547,0.9873539657793945,0.9873539657793945,0.9974707931558789,0.9936769828896972,-0.5713362960246815,0.5715829325549129,0.025292068441211,2.022559039205497,0.8729698553631365,0.49786173641629194,0.7888275529442068,0.9336711126508458,4.045118078410994,0.4725696679750815,0.053171508241767175,342.13642682686327,0.834450033823961,0.08722904338072154,4.271781428723131,20.73079650783537,85.0627569441284,5.23522395330296,0.25702135280504185,2.33100101284103,132.79432333621565,0.37396882800264547,0.26786885245901637,3.2016382980550233,0.20684154258951926,0.9526296302693149,0.053145128926355374,37.528301886792455,0.7080811676753292,0.16091135635457457,4.547169811320755,1176.3207547169811,4777.679245283019,295.3522012578616,0.25995807127882603,14.09433962264151,0.2659309362762549,0.030334060688071665,0.1677967034215299,0.006698257791443201,3.0135257918071243,0.03475409836065574,348.4015663937344,2.0861170773649675,535.2386885245902,0.35097618919645257,3.4444830959419512,1366.3272131147542,0.05370341306100511,4.161967213114754,50.46360655737705,207.43672131147542,12.783897996357013,0.2546812386156649,0.02855291118876209,0.12386101466694752,0.0072501027171645825,2.486431045523343,0.05355648731486797,0.07788120310759913,0.0004409744737322606,0.11517011651417516
1,1270,21,0.9899823849267365,2.092149617410821,4216.496702364646,1.0386074003390695,0.5608342169132352,2.659252804132015,2.411712430178293,0.34197984159322103,1.383522880585943,1.2018831591770176,0.7955512819938667,1.6161611481844265,0.24927822023357432,1.4429901571945385,0.9319819485571822,168.65986809458587,0.6041583904892547,0.16808503265549296,4.303451265164144,3.4559414942597746,0.12577265677396157,0.8920020299169564,0.028906391921021173,0.9370272464474214,0.028906391921021173,0.18721676149962316,0.028010554548278027,0.9855468040394894,0.9855468040394894,0.9971093608078979,0.9927734020197447,-0.8241790339202488,0.8997758219677989,0.028906391921021173,2.0217949486823583,0.5941211475972691,1.1854180844214794,0.9860315145673122,0.7548221376442676,4.043589897364717,1.1565116925004588,0.2302271054594944,282.5584667805869,0.538344616299284,0.2966610721825985,4.282259498494279,31.343948872456345,131.74416995166325,8.97862102116494,0.34252710060712754,3.0190901236561896,175.9754627151844,0.3918918108713726,0.25839506172839505,11.533352217916303,0.2032891133367726,0.7713075191303939,0.09029753139719573,27.233333333333334,0.4538888888888889,0.3830555555555556,4.316666666666666,2581.2833333333333,10538.633333333333,713.8902777777778,0.374537037037037,15.966666666666667,0.26611111111111113,0.043544699747693136,0.16358735925102919,0.01387575599331663,3.732647690129331,0.02962962962962963,1442.2208333333333,2.7997897077047953,718.5427160493828,0.354835909160189,3.4424030483158052,1223.4207407407407,0.24141344307270235,4.33679012345679,51.50666666666667,224.57185185185185,15.428847736625515,0.3134019204389575,0.028602007533694775,0.1188652173169222,0.01015436879903615,4.326855183105182,0.04106768546073804,0.07903696560984187,0.0023230662594718884,0.09326047358834244
1,1270,21,0.8069548223105167,2.02850601821352,4811.252978165517,1.289687640761671,0.8039586238938985,2.086644279486704,2.5066638786499875,0.42154754022626195,1.4427884398779605,1.546933992667377,0.3413591234974191,2.1653047551525684,0.32829155613064215,1.5227199788719101,-0.12874539703645232,192.4501191266207,0.474139991290463,0.2370376518101915,3.8792831410699318,5.257921120642934,0.030920324496586882,1.3932112895829905,0.031655465579393,0.9555828976132641,0.031655465579393,0.2019143467982757,0.030621883549596624,0.9841722672103035,0.9841722672103035,0.9968344534420607,0.9920861336051517,-0.8368857664606053,0.9407520681913545,0.031655465579393,1.8811942393685888,0.4475074891763085,1.5042291027801469,0.969301724899817,0.61383835082503,3.7623884787371775,1.4725736372007545,0.35621668879059587,270.6919680996268,0.4672334569272956,0.3647335123037717,4.023579536199173,18.897563576209844,71.34786111604927,8.067780908890382,0.4025426206991415,3.218144154840531,189.81609115985356,0.37327696693435847,0.2789156626506024,2.9005705271739703,0.21535066896079116,0.8953297010087149,0.0840947619187683,36.829268292682926,0.4491374182034503,0.38786436644854255,4.195121951219512,938.329268292683,3462.987804878049,408.0453929539295,0.3909214092140922,16.51219512195122,0.20136823319452707,0.06700900170913186,0.23584466893036587,0.03425112980862297,4.3152037411972355,0.039518072289156624,297.99241522903037,3.144256921246825,703.2650602409639,0.33892292059805484,3.4848018580345475,983.8404819277108,0.3542212803019306,3.903132530120482,49.29975903614458,189.095421686747,20.72995983935743,0.41397590361445785,0.030699648784100874,0.12136696369757184,0.012694613277161723,6.458201775054977,0.03785307110022917,0.08464800169245668,0.003687315496155037,0.09577569537408898
1,1270,21,0.8869508628286645,1.910637852775519,3672.7683175178213,0.9456220079780969,0.5064449764758501,2.3368352315387484,2.257196355535859,0.2948998095085029,1.4246871899620142,1.443089821171117,0.6439065440599513,1.6132898114759078,0.2134935286979882,1.4698475946441085,-0.08692271659823679,146.91073270071288,0.63821384083045,0.1307183622392116,3.8019678367881866,2.8684373335404088,-0.3117951603499336,0.8116802470553306,0.029810308696978573,0.9291666374065339,0.029810308696978573,0.19261597027610897,0.028888298079420817,0.9850948456515107,0.9850948456515107,0.9970189691303021,0.9925474228257554,-0.7936722734501354,0.8816114304975143,0.029810308696978573,1.899078201352193,0.6110747394203365,1.1426072572833177,0.9478038336942448,0.7645346599236066,3.798156402704386,1.1127969485863396,0.21037263893807728,288.3705583818922,0.6096703919749589,0.23347987676701096,3.9163869815352017,18.889155458823545,70.87614362011007,6.888177140972523,0.3593162260486805,2.907189888823111,157.06477068717288,0.38127204781104423,0.2773529411764706,2.762919153478048,0.2133681690494701,0.877407564462553,0.07633281988858924,33.3,0.555,0.2808333333333333,4.083333333333333,1170.6666666666667,4250.916666666667,453.1041666666667,0.35879629629629634,11.833333333333334,0.19722222222222222,0.03142763479508966,0.21539032207439499,0.00684306603529544,3.8420547567292225,0.03529411764705882,367.8888888888889,2.7690587957825388,579.58,0.34092941176470587,3.4168221453287204,1084.9635294117647,0.20976159169550174,3.8264705882352943,49.40117647058823,186.66411764705882,17.86125816993464,0.36070261437908496,0.02915217077571769,0.11659609427104174,0.010324806640763299,3.88898385067114,0.04584020374622325,0.08164037562758192,0.002005759533663523,0.10901853564392264
1,1270,23,1.2426761328099214,1.719611648401925,4037.7031078623477,0.1591330125827023,0.27998863138779284,3.2179940882832607,2.0348009946701784,0.16316854694697328,1.47288816402278,1.4622482530544658,0.8364130073754585,1.1983879872947198,0.11026282430136992,1.4874273290156586,-0.0076050005473080285,161.50812431449393,0.9591079752298742,0.04304051538426061,3.95753061614174,0.2226987225178123,-0.09634717484241886,0.06528340544309619,0.010148545225088715,0.7293844127447271,0.010148545225088715,0.08149138881694198,0.010041460893287339,0.9949257273874557,0.9949257273874557,0.9989851454774912,0.9974628636937278,-0.5631251616508348,0.3893263084720032,0.010148545225088715,1.9858869019012075,0.9525273513190191,0.21050326999957888,0.7880240200493116,0.9758684462380018,3.971773803802415,0.20035472477449082,0.01885798766704623,404.23500014735896,0.917771146781065,0.04217878981251777,3.9622912519772275,36.08128891076329,143.68423735873415,9.206905427073462,0.27193505961499326,1.905239464967785,165.91474896189493,0.44620172003240466,0.24082191780821918,13.841609302242894,0.16913627100035528,0.6851975839996842,0.05012589188769686,40.76,0.8152,0.0996,4.02,2940.5,11738.2,741.5194444444444,0.28944444444444445,18.84,0.3768,0.010133801700003539,0.06454575101770123,0.003475258815023561,2.427529022920872,0.0273972602739726,1608.25,1.6828847181686095,714.4553424657535,0.39148237943328956,3.2614581347344713,1750.3720547945206,0.020618952899230623,3.9638356164383564,53.294794520547946,211.4509589041096,13.783759512937594,0.26269406392694067,0.02568317767492588,0.10286058994881564,0.0070187924738642285,1.1174095425571804,0.11482296291480451,0.03230169343368557,7.127190568364194e-05,0.2179620347080219
1,1270,23,1.0933743506805076,1.8343522536037151,2930.7420678029594,0.29096563946998893,0.36411119897479005,2.518223847815254,2.1392214047131373,0.22081623526504046,1.4213859052519364,1.4103226709138914,0.801575327842699,1.3376460768704383,0.16086629736201857,1.4468542398209392,0.3162991133370826,117.2296827121184,0.9184704081632653,0.07304929963896123,3.9825052712621245,0.5296463588955624,-0.08480525922652374,0.14425557472954834,0.013605710659062279,0.8275349386802896,0.013605710659062279,0.10314630537484448,0.01340759136837378,0.9931971446704688,0.9931971446704688,0.9986394289340936,0.9965985723352344,-0.6762400779449329,0.5582016041744053,0.013605710659062279,1.9874209449083318,0.9099701279604601,0.36697154316815617,0.8608836533989537,0.9535727977121404,3.9748418898166635,0.35336583250909454,0.03946532134715265,307.29255311904586,0.8675466573734837,0.06966082032410073,3.9931210596111955,36.58819082371715,145.9623663055025,9.454304225132523,0.27995620719255343,1.984111613964131,138.8877885908719,0.4661311125207035,0.25196428571428575,15.531087852835787,0.18298764176557997,0.7237942408300625,0.05807023934250927,29.4,0.735,0.14750000000000002,3.95,3049.45,12173.775,774.8131944444444,0.31805555555555554,13.85,0.34625,0.05509823092686759,0.1404195246543229,0.03468123578928443,2.6708799701545742,0.02857142857142857,1824.45,1.8929654303714105,530.88,0.3792,3.2968959183673467,1285.8585714285714,0.04195867346938775,3.987857142857143,52.07714285714286,207.41071428571428,13.767559523809526,0.2689087301587302,0.027417749613072747,0.10695442334341144,0.00822166294611613,1.2360977109345441,0.10713172036325307,0.041751449409114495,0.0001927268434159378,0.2204504782474545
1,1270,23,1.0418127280012162,1.8182907538907551,4072.577065072839,0.686212331631007,0.3652854037314026,3.193407829462501,2.2621793186969525,0.2339856320926566,1.4723938847710054,1.4786578591066508,0.6350958508674995,1.627083467829453,0.1524067133751851,1.5041751274134787,-0.026621858380453906,162.9030826029136,0.764046913580247,0.09459906201830198,3.9785737222204403,1.852104746230995,-0.10027880912831713,0.4916713171937882,0.030512538915221564,0.8829563601597697,0.030512538915221564,0.19506437945561053,0.029501096778872214,0.9847437305423893,0.9847437305423893,0.9969487461084778,0.9923718652711946,-0.7396935131042416,0.7979869370376123,0.030512538915221564,1.9655224546480397,0.7351098321427812,0.8660935996519425,0.9672798870230417,0.8530035574564963,3.9310449092960793,0.8355810607367217,0.13054596402725244,307.67835442213385,0.7103949003705536,0.16318926874342293,3.9474982005510357,57.815491428667094,231.49110061945154,15.86947518916416,0.32519526198116594,2.6407649399811426,147.86940580280603,0.38595095345666464,0.23986111111111114,31.126530852406997,0.1711191735394755,0.6410899260440768,0.06463725459594825,27.930232558139537,0.6495402920497566,0.20443482963764195,3.9302325581395348,6371.813953488372,25524.04651162791,1669.8540051679586,0.3449612403100775,16.441860465116278,0.38236884802596,0.025547896855767995,0.10105297165376685,0.0068277615183125,2.633325109484229,0.02388888888888889,4619.5154137371555,2.386024908363436,664.8155555555555,0.369341975308642,3.165643209876543,1375.2844444444445,0.1301432098765432,4.006666666666667,53.30777777777778,215.27777777777777,15.652314814814813,0.3038888888888889,0.025815572947285908,0.10162258125472412,0.008349979125452192,3.5598465794768606,0.04239099332695114,0.08654379061819374,0.0012002096021947871,0.09611780455153952
1,1270,23,1.586123553521684,1.9470048776532582,1958.5329433748511,0.2981741421235811,0.19644011822629515,4.054754852733949,2.1849648648157234,0.12055613368909733,1.7629038474713634,1.7619215238266983,1.1814824599867264,1.003482404828997,0.07742262551261542,1.7702126170038903,-0.4773759461368693,78.34131773499406,0.8999756800000001,0.025822733970425883,1.1508329503017345,0.5713734029958146,0.3082862950936714,0.18282316466925017,0.02030509563640953,0.8003818545469916,0.02030509563640953,0.14132855067968667,0.01984193495817571,0.9898474521817953,0.9898474521817953,0.9959389808727181,0.9932316347878636,-0.6140778134658864,0.55400283932509,0.02030509563640953,1.0536618327066463,0.8785939348889945,0.4183130200549076,0.8003818545469656,0.936185619475149,2.1073236654132925,0.3980079244184984,0.05078206507641492,146.92750160926693,0.8596472106902764,0.07017639465486183,1.2280530692000036,19.29529121630073,21.634048961374543,18.710601780032277,0.942986732699999,2.0182599122204907,63.61831338147405,0.43871593962769473,0.2728,2.3437310509565403,0.19861417440962836,0.28975686471497725,0.17582850183329113,16.818181818181817,0.7644628099173554,0.11776859504132231,1.4090909090909092,1036.0454545454545,1125.909090909091,1013.5795454545455,0.8977272727272727,9.545454545454545,0.43388429752066116,0.00815704566324401,0.028981288087486436,0.002950985057183404,2.05667689872831,0.0352,228.9690082644628,2.0223334331932383,218.92,0.350272,3.3971302399999996,562.4848,0.05001216,1.1584,49.8768,56.1312,48.3132,0.9604,0.02824496523053666,0.03610703174603175,0.026279448601662887,3.431535171102661,0.17313139287668197,0.018483072,0.0009595666432,0.16678248783877692
1,1270,25,0.9673927586730062,2.1357607792705218,4728.626312295806,1.2857156992525822,0.4025981768779905,2.8227995618218786,2.358128846364918,0.31253409659418596,1.6993490279674999,1.7890076629778047,0.6731837173323971,1.6849451290325208,0.21274582879939619,1.7466329474431852,-0.8611098826465983,189.14505249183227,0.47711383975026006,0.1629395342399822,4.742524956803149,5.057200579134069,-0.08138933563515915,1.3278239059669334,0.050256988207878814,0.9269864718645797,0.050256988207878814,0.2863125436204807,0.04765419453056428,0.9748715058960605,0.9748715058960605,0.994974301179212,0.9874357529480302,-0.7630110391964683,0.9251415436299124,0.050256988207878814,2.103123940368018,0.44347456778539396,1.57308879838421,0.9468054585148037,0.619713816461044,4.206247880736036,1.5228318101763316,0.34452022354370304,200.92260455361395,0.4470328469036388,0.38467029604164216,4.93994010301874,22.455536584524076,102.12001246073882,6.697690711694756,0.3133730510757957,3.3331493378311166,133.85913304261143,0.3301101952250576,0.28919354838709677,7.525380680917072,0.2495389090782653,1.2950594960514492,0.07870864282887555,28.575757575757574,0.4329660238751148,0.4012855831037649,5.03030303030303,1179.8181818181818,5117.742424242424,354.56271043771045,0.3122895622895623,11.484848484848484,0.17401285583103765,0.05312757361814873,0.2971478157548742,0.01482107708511835,4.57323489548431,0.04258064516129032,628.2800734618916,3.2796077020908103,488.9703225806452,0.31546472424557753,3.659106763787721,739.5264516129032,0.3518938605619147,4.789032258064516,48.36774193548387,227.28193548387097,15.200483870967743,0.31367383512544805,0.032362765566202586,0.16002742626321736,0.010199348730100033,7.045863849765259,0.0309841154767989,0.1472886889853391,0.005884447334952018,0.07946871510504352
1,1270,25,1.1370605958697655,2.0315900347467246,4094.6287962459382,0.676065343320882,0.5562400563646084,2.1231893611624457,2.256587282188681,0.2880610154922737,1.5899263350790285,1.6243280734802759,0.6413522199392524,1.6152350622494285,0.22177835294489598,1.6253295043092106,-0.11141987675752807,163.78515184983758,0.7544990634755463,0.11383024660019425,4.491562221369849,1.610305712366565,0.4822590320459861,0.49226192353839326,0.013780795367431172,0.9454244656665046,0.013780795367431172,0.10426452927888528,0.013577410046883391,0.9931096023162844,0.9931096023162844,0.9986219204632568,0.9965548011581422,-0.8665605772176681,0.824178378910933,0.013780795367431172,2.0909184580512545,0.749589672941066,0.7442246785966814,0.99005480460131,0.858330815467738,4.181836916102509,0.7304438832292508,0.1265106797264561,289.6407071247476,0.7098595594850517,0.16239561948277548,4.444758919515408,26.36621145768831,116.35909174477425,6.487447512069216,0.27032027383916035,2.3620952670308024,156.6680420006,0.45479613194697627,0.26241935483870965,7.669421047830976,0.1924007569781083,0.8075899742444766,0.06557259918580464,32.19230769230769,0.6190828402366864,0.22928994082840237,4.384615384615385,1635.5384615384614,7055.615384615385,400.90384615384613,0.30341880341880345,20.807692307692307,0.40014792899408286,0.013076299662248943,0.03597435819315531,0.009905441249845236,2.708108112231717,0.03354838709677419,747.0399408284025,2.2611291254009847,581.5329032258064,0.3751825182101977,3.395289906347555,1169.4735483870968,0.13119667013527575,4.500645161290323,51.0141935483871,230.78451612903226,12.481648745519713,0.25243727598566307,0.027640165211843398,0.12166234994595208,0.007891422426696684,1.2887230671736378,0.11432898719269471,0.03286584799477054,0.000629649968857112,0.21670481100484232
1,1270,25,1.177064410705584,1.9649887418336185,2803.6349356716128,0.5234276162931609,0.37575575016933116,3.2348612700340245,2.3936916167173403,0.2377337754683873,1.5150497778693306,1.4613434066572353,0.9570414764775366,1.4366501402398038,0.1597738867040856,1.5446916474422876,0.7799170996798538,112.14539742686453,0.8159645088275238,0.0906964562560605,4.434222538439696,1.1531068585607196,0.46973600404078125,0.37084380095962804,0.02044877973733807,0.8957389368809594,0.02044877973733807,0.14238177515829026,0.019983044331205787,0.989775610131331,0.989775610131331,0.9979551220262661,0.9948878050656655,-0.7535067342001549,0.7419658441900121,0.02044877973733807,2.0848537619479584,0.790805685162034,0.6640306925020293,0.9257658240018987,0.8847437296147984,4.169707523895917,0.6435819127646919,0.09782314517424151,261.51879260387733,0.7950038563201878,0.10868657766082923,4.379446215167365,18.315920411027683,81.1401322206064,4.428950285666714,0.2550426141652118,2.1637018170362277,127.49852536338733,0.45813083676794586,0.27957446808510633,2.1522039464550184,0.21310954037446667,0.8889162849164866,0.061711720476151706,31.333333333333332,0.746031746031746,0.1405895691609977,4.333333333333333,1067.404761904762,4632.452380952381,258.3121693121693,0.2724867724867725,18.047619047619047,0.42970521541950113,0.0052458685117584575,0.016493887926821098,0.002624204504490693,2.2740717043541876,0.03574468085106383,284.73752834467115,2.230750424212422,420.26978723404255,0.35767641466727024,3.4674267089180626,958.7582978723404,0.09501204164780443,4.417872340425532,49.211063829787236,218.24255319148935,11.872340425531913,0.24576832151300235,0.029174896806634397,0.12616783637016665,0.007675989148614528,1.761852866444338,0.07943205517204084,0.06447866488168234,0.000655650471796551,0.18942074304082573
1,1270,25,1.351578651576367,1.9470110455508947,3499.273002121859,0.5031785840373504,0.21547505530941802,14.330953180517184,2.1525194541363093,0.19863425944648294,1.7164142076574262,1.799998772510715,-0.02989347861865278,2.182412932754962,0.10400361093792809,1.7443755584167122,-2.9082352811362453,139.9709200848744,0.8453277882797732,0.09676835655334531,9.24593020333782,2.296096506063508,-0.09917591766212275,0.3680289235581424,0.02088534386291093,0.892354410853102,0.02088534386291093,0.14552713432796877,0.020425253081987685,0.9895573280685446,0.9895573280685446,0.9987714503610052,0.9958229312274178,-0.7517712713061276,0.7237269725847693,0.02088534386291093,3.0264077818944477,0.8337688301561046,0.6170282309180493,0.9187238159830955,0.911537597277531,6.052815563788895,0.5961428870551393,0.09722856685526332,252.71718712286724,0.784775336865283,0.14827355272621212,9.247782777322069,18.546878612313073,171.40761281586686,2.0931664837495365,0.12158997801761941,2.2329443971004985,122.31975476249261,0.44801753813387585,0.2793478260869565,2.331351140829106,0.21389621419263533,1.9511857551119218,0.029186666330634825,28.238095238095237,0.6723356009070295,0.2613378684807256,9.404761904761905,955.7142857142857,8777.690476190477,106.61574074074075,0.13310185185185186,16.047619047619047,0.3820861678004535,0.00897806400594815,0.10697835981117305,0.0015288129421374035,2.4506102800730836,0.036521739130434785,205.99773242630386,2.1940876293302987,409.27130434782606,0.3558880907372401,3.471833648393195,972.1269565217391,0.09753421550094518,9.26,49.24,456.3504347826087,5.541920289855073,0.11573671497584542,0.029232012772903045,0.26961665105655785,0.003586829824634273,0.5189990544954447,0.11427558800172567,0.1257838074701494,0.0003441968329634805,0.5339523256852066
1,1270,27,1.2064714142303412,2.225509613535317,5043.43251769138,1.0116682274220254,0.6994095068564916,2.1942774800331106,2.50815014159285,0.33266401496843084,1.6022516364123351,1.4691160585797873,0.7754395208054898,1.7327106207873602,0.2555211811041137,1.6511146959834855,0.5140919767697198,201.73730070765524,0.5752181154127101,0.15896943290663262,5.149128777063341,2.6995420969458594,0.41656622552429545,0.9486151864000107,0.006577126973932252,0.9862341830248962,0.006577126973932252,0.056533209716783106,0.0065285103822364625,0.9967114365130338,0.9967114365130338,0.9993422873026068,0.9983557182565169,-0.944062467970659,0.9234828691650275,0.006577126973932252,2.2166659080224718,0.5687727055607857,1.071912567235314,0.9904824522178969,0.7109577280526138,4.4333318160449435,1.0653354402613824,0.2387980783434857,272.228367127154,0.5718383738191466,0.24007433020544866,5.1705517562029435,22.149110797425852,113.16291490903387,5.393839029471298,0.24031292205483626,2.6463866956040087,180.9260887505593,0.4537630537630703,0.25716216216216214,2.833271190959797,0.17917650192679593,0.9079659415399678,0.044669795565429986,33.86206896551724,0.5838287752675386,0.2330558858501784,5.103448275862069,1367.9655172413793,6971.137931034483,330.735632183908,0.24233716475095785,25.448275862068964,0.43876337693222356,0.03623892512940524,0.14622707034800364,0.009108834355389846,2.616586782412682,0.03135135135135135,350.57550535077286,2.6343639412368023,693.7481081081081,0.3749989773557341,3.314554857560263,1064.1535135135134,0.2377162892622352,5.158918918918919,51.51567567567567,265.3556756756757,12.372792792792792,0.24015015015015015,0.027344284590713166,0.1396423526417574,0.006611325311044227,1.0961915827523885,0.16340639022034834,0.02103509597653602,0.0005582406552644683,0.43829404852422743
1,1270,27,1.1610677580554005,2.0201866961193606,5992.2052851543285,0.6287842777730465,0.4997667068313236,2.0103997209585263,2.2235434332951916,0.2629114772843007,1.584464206123408,1.5835928119513,0.882777442595668,1.3407659906995235,0.20379574171864487,1.6140962318645296,0.004717633059818115,239.6882114061732,0.7666499054820417,0.09477982523299157,4.532016259262412,1.4076601932955286,0.49262134895562937,0.4613084061092998,0.027144514966952117,0.8889072740384858,0.027144514966952117,0.1789061917197033,0.026373997682749555,0.9864277425165238,0.9864277425165238,0.9972855485033049,0.993213871258262,-0.7283997812915424,0.7751381667704133,0.027144514966952117,2.103205842077662,0.7407875022619805,0.803547230811819,0.9041117981830471,0.8536625940812828,4.206411684155324,0.7764027158448675,0.12211323026906298,422.4209115491917,0.7206415925079678,0.14895181508514913,4.641500438555066,31.591192843235426,137.35679810238366,7.740663426459077,0.246764300333374,2.5590838664209006,200.83060249891756,0.39991283018230994,0.2540217391304348,11.881377404301206,0.19663220086728972,0.9305114247221167,0.05126906752197666,41.8,0.6430769230769231,0.2068639053254438,4.584615384615384,2814.8,12121.123076923077,686.8346153846154,0.27478632478632475,17.584615384615386,0.2705325443786982,0.032989966542635,0.08980809923004662,0.023393660215307734,3.296110615055284,0.02826086956521739,1562.7289940828405,2.3469472682433667,833.4147826086956,0.36235425330812854,3.3589648393194707,1763.2947826086956,0.12162930056710776,4.5517391304347825,51.909565217391304,233.69,12.631123188405796,0.24394927536231886,0.027402302217183167,0.12448801328502417,0.007170677641136074,4.331264738083207,0.03354110182519496,0.08725049397154672,0.0010689570292594724,0.07908180031188199
1,1270,27,1.1624576104870037,2.1137493369854585,4407.775778039223,0.8285304249230983,0.5511683792942246,2.5670452518922815,2.4209070668613166,0.308928082014531,1.604860246647729,1.6048319444111505,0.4742024813038551,1.9467045855574616,0.23082194180986704,1.6469600486563998,-0.0659274468335714,176.31103112156896,0.6835544615384616,0.1369009906000802,4.640657790545304,2.157235805420158,0.4333899641913072,0.6597036758255049,0.024970905488573787,0.9269656028248351,0.024970905488573787,0.1675552599534776,0.02431758269682519,0.9875145472557131,0.9875145472557131,0.9975029094511426,0.9937572736278565,-0.7947131202884093,0.8524926529321595,0.024970905488573787,2.117067297289215,0.6656358311604763,0.9854455081622626,0.9346012376702121,0.8026404931229827,4.23413459457843,0.9604746026736894,0.1711686453285197,274.7678326363216,0.6383858873244088,0.2059014055097459,4.72344016015196,22.30997860136814,101.21370279905614,5.608130283324844,0.26200157127228396,2.750179311664574,149.12457839046695,0.402153153961451,0.26384615384615384,4.067411199001846,0.19114607379754658,0.9060573942092317,0.05450900041083896,30.178571428571427,0.5389030612244898,0.2879464285714286,4.803571428571429,1263.732142857143,5540.607142857143,315.76339285714283,0.28720238095238093,19.25,0.34375,0.07344195028051956,0.27911124175665675,0.0427438485621129,3.1860337163527546,0.03446153846153846,421.6961096938775,2.575159932412879,575.864,0.35437784615384615,3.3514224852071006,1110.776,0.17434736094674558,4.660923076923077,50.81292307692308,235.04615384615386,12.805897435897437,0.255025641025641,0.02914299843014129,0.13462555390817296,0.008380757228025747,2.768560312540359,0.05685273741557369,0.07220387368125546,0.0013697443947200728,0.1339385418758787
1,1270,29,1.221131685350217,2.0223645547258595,5184.600197331225,0.6929352419057443,0.41134068729631923,4.3685749171791,2.756659407359559,0.2637214129298316,1.6368814049068021,1.6323308376226746,0.49459242823754224,2.2620669791220167,0.17079419820684072,1.6740628999986868,0.36489197777207094,207.38400789324905,0.7495918188458729,0.12310585942234697,4.460962240443637,1.7501792988168856,0.4061038391999478,0.5095478849747392,0.014861703408867211,0.9432507034114274,0.014861703408867211,0.11131154702802179,0.014636439037936277,0.9925691482955664,0.9925691482955664,0.9985138296591133,0.9962845741477832,-0.8439176989413427,0.8256251443962168,0.014861703408867211,2.0826161676469255,0.742443020949157,0.7843285600795162,0.9641645248848716,0.8546407267351978,4.165232335293851,0.7694668566706495,0.1311023970959016,360.1875600898478,0.7092377890434125,0.1611122797196172,4.513333125140749,19.023495896631406,84.43003239744948,4.793282943170831,0.26320467424387056,2.4176437567991798,195.65714167325592,0.4564883964418777,0.27378378378378376,2.199300354023613,0.19497667669793356,0.8858025556221066,0.05630666540030102,40.38461538461539,0.621301775147929,0.2248520710059172,4.538461538461538,1062.9846153846154,4680.415384615385,263.3106837606838,0.2863247863247863,25.83076923076923,0.397396449704142,0.022709646501854114,0.05772380917930628,0.018152138332227275,2.8209347040857518,0.03513513513513514,252.92544378698227,2.3615137944439684,674.7275675675676,0.3647176040905771,3.350824251278305,1386.744864864865,0.13496011687363038,4.481621621621621,49.723243243243246,221.9064864864865,12.539294294294296,0.2557207207207207,0.028230644334811004,0.12524788802407852,0.00789420914915293,1.7315997810530812,0.08557963821400692,0.04103723515460969,0.0006537257312827804,0.18051976340879006
1,1270,29,1.0144573687346221,1.9896155830479674,3295.1946031031557,0.878692185637839,0.5903479744804689,2.2028396518292928,2.349637671623727,0.3223049257454222,1.5150396452561168,1.4988173560334621,0.7007697140972646,1.6488679575264622,0.24347956817102503,1.5623331562722218,0.09005605382625145,131.80778412412624,0.6800142661179698,0.14553976448974232,4.207614789390648,2.731415758334122,0.018277921111328976,0.7138906677516312,0.040787417306610896,0.8920906619990957,0.040787417306610896,0.24383457926428434,0.039014005040698144,0.9796062913466945,0.9796062913466945,0.995921258269339,0.9898031456733474,-0.7201957683188266,0.8484924955054322,0.040787417306610896,2.0098085482988495,0.6401234605171422,1.1357413481935301,0.8977685818492497,0.7908319864981391,4.019617096597699,1.0949539308869198,0.18866952126456055,243.3290951264068,0.6412705134568792,0.21353690776867396,4.217650255296238,19.544945379429134,83.38858357080862,5.790688143522768,0.31484670269372794,2.915604112000871,114.06299462533984,0.33722694600944275,0.2801851851851852,3.630385544980758,0.23157374682098392,1.016769963240753,0.07742439582459487,27.88,0.5576,0.28,4.28,1246.84,5402.74,347.3983333333333,0.33555555555555555,8.44,0.1688,0.015584374709412423,0.08688390549901326,0.005573896222498149,3.9104903797667463,0.037037037037037035,517.84,2.7488765562109556,450.2237037037037,0.33349903978052126,3.523908916323731,918.0192592592592,0.18589903978052127,4.206666666666667,49.20148148148148,207.00518518518518,14.704465020576132,0.30450617283950615,0.02979487346378881,0.12776883065983594,0.00943193139967464,3.8667810693641593,0.04204330460374188,0.11360373979964668,0.0024346654078251386,0.09644409531290918
1,1270,29,0.9726252495691873,1.7926549641012135,3225.6602304254066,0.7458966855811784,0.5021174528927084,3.2588978168752814,2.2782998529864047,0.28138344784353364,1.3634013121773247,1.3264022053933502,0.22566149338793226,2.0526383595984723,0.19743966069421065,1.4089079743765343,-0.05937348425801781,129.0264092170163,0.7284264142011835,0.12615854221493777,3.7862782849610666,1.842093022307787,-0.3278324374682471,0.538963626461557,0.036172420928596634,0.8738813788336472,0.036172420928596634,0.222641738751947,0.034775880954840716,0.9819137895357016,0.9819137895357016,0.9963827579071404,0.9909568947678509,-0.7064726324399568,0.7998922392943901,0.036172420928596634,1.9132635141107661,0.7020493881162151,0.9390623968341744,0.9254154139298331,0.8306033505534018,3.8265270282215322,0.9028899759055784,0.14378401184753842,267.60134211168474,0.6535653533025426,0.19763357840980886,3.789113705629615,53.62440097812595,210.54363745518827,15.12494346709831,0.36038901642303006,2.8412994125980284,128.71620828514563,0.35842846030794906,0.2509230769230769,31.810686996437475,0.2046406963439633,0.7877618735080085,0.08157376652775786,25.541666666666668,0.5321180555555556,0.2912326388888889,3.7291666666666665,4483.354166666667,17738.145833333332,1199.5405092592594,0.4103009259259259,9.958333333333334,0.2074652777777778,0.04825887510089948,0.13207164404563448,0.029752442123974984,3.8962406251802797,0.029538461538461538,3337.249565972222,2.5034422772736975,580.1150769230769,0.35699389349112426,3.452253159763314,1183.692923076923,0.14879053254437868,3.8233846153846156,52.34892307692308,201.18953846153846,16.86389743589744,0.3344957264957265,0.02841735023354071,0.10805103068007829,0.010394020340329862,4.411725749902608,0.03587228143294865,0.11921167036757915,0.0017992209012289474,0.08370065896783457
1,1270,31,0.48240501613754877,2.029531249576144,5619.6517428089,1.293841926100174,0.8665093403326708,2.1864127986203017,2.4650750922438047,0.4829191667018665,1.4076273382546742,1.5463803030900354,0.14484244351978048,2.320232648724024,0.36508096026170456,1.5222950311891095,-0.5431777057985744,224.78606971235604,0.47074469125305557,0.33596743858111183,3.8500365909247094,5.250965629719995,0.02525709184484315,1.401808871119264,0.030749869733425222,0.9570714009227581,0.030749869733425222,0.19724372628408576,0.029767065867876665,0.9846250651332874,0.9846250651332874,0.9969250130266576,0.9923125325666438,-0.8459959249410188,0.9424869385635706,0.030749869733425222,1.8727704833540175,0.44626193993854346,1.4960996800355044,0.9787564715605219,0.6102954727579357,3.7455409667080355,1.46534981030208,0.3581396852131723,315.4716552749914,0.46086809210196733,0.37094300351918424,3.9831688381650396,18.428481613714126,69.70455682672312,7.798924827688841,0.4105996261264586,3.1824814375637804,229.75517384995425,0.3849713639384139,0.2818556701030928,2.7550924482131816,0.22564054409664028,0.958258036975378,0.08444378465196341,39.298850574712645,0.45171092614612235,0.38234905535737884,4.022988505747127,1136.448275862069,4491.482758620689,446.08045977011494,0.4102809706257982,23.20689655172414,0.2667459373761395,0.023739934944642268,0.11269337603830136,0.005983167140459033,3.904206643576274,0.035876288659793816,359.5127493724402,3.1122500092062397,829.0362886597939,0.34187063449888405,3.491342501859921,1141.5558762886599,0.35674847486449146,3.8602061855670105,48.988453608247426,185.82309278350516,20.88151202749141,0.4210309278350515,0.02973488816679784,0.11902956066733682,0.011976109388857575,7.508088336074563,0.03320158427463437,0.07939639678263716,0.003598950536233192,0.08501203939228284
1,1270,31,0.652905587110696,1.9141085941371587,2479.242704975022,1.1489898655630864,0.6202999094714696,2.26610381057182,2.222941808369876,0.3558885432324515,1.2787638796981227,1.263257277917517,0.32529436604415257,1.8976474423257235,0.2555881875760484,1.3551664391355314,0.002993275516893435,99.16970819900091,0.5235731138545953,0.20123901773868064,3.510068256920519,3.653246523678578,-0.18273485167327588,1.1315696956112165,0.033475915818563955,0.9425399114568284,0.033475915818563955,0.21040303448888126,0.03230253737118775,0.983262042090718,0.983262042090718,0.9966524084181436,0.9916310210453592,-0.8123370486340192,0.919908640820104,0.033475915818563955,1.7987588154630072,0.4947991069153026,1.3705974232105929,0.9595744605432528,0.6514910891129464,3.5975176309260144,1.3371215073920295,0.29126140285744506,200.5741030152754,0.5094870963544568,0.3064686612497994,3.5958081557338084,16.946400057131754,58.19364810731035,7.591227958088127,0.43722358832540487,2.955461420418667,136.32884572372075,0.39684951736814345,0.2911111111111111,2.2245651942473113,0.22724004043332413,0.8141498192330637,0.10253368530424883,27.0,0.47368421052631576,0.3416435826408125,3.543859649122807,746.4912280701755,2608.842105263158,320.396686159844,0.4615009746588694,13.526315789473685,0.23730378578024008,0.06708333250162697,0.28063347699700847,0.033422749207496084,3.749924120248934,0.042222222222222223,185.54939981532777,2.9762993589942512,454.85185185185185,0.3369272976680384,3.5303506172839505,706.8237037037037,0.2891764060356653,3.5185185185185186,48.03407407407408,166.60296296296298,21.344938271604935,0.4411522633744856,0.03217776961264616,0.11486979799464365,0.01455454273254036,4.083083333333333,0.0533278205973111,0.09427045697784105,0.0031886756377471816,0.13395533992660322
1,1270,31,0.6891890853352443,1.5206463238303416,1744.1685677049813,1.0083544521502525,0.3521476155032993,3.7233019732823927,2.086893818068553,0.2553930069605695,1.1143693847767218,1.12928146741599,0.15419543364633884,1.9326983844222139,0.14960136244028516,1.1696047824883384,0.29257994609862487,69.76674270819927,0.5427875432525952,0.12615622149194367,3.0879987263400297,1.6918692271677522,-0.46484543617084084,0.9087530727151889,0.04088926410105003,0.91360155500232,0.04088926410105003,0.244570693396149,0.03912515594404972,0.979555367949475,0.979555367949475,0.995911073589895,0.9897776839747375,-0.7481058225271897,0.878818369096655,0.04088926410105003,1.6943960579325852,0.5123096668241727,1.242596989239691,0.9206300676690247,0.6486962412892616,3.388792115865171,1.2017077251386414,0.23741058420405975,173.08708075944915,0.5109255402311789,0.27367141194146105,3.061236309190147,30.266144690172304,102.64762361996321,12.352826837782308,0.51434659038247,3.0799050950687206,102.23352015052038,0.33473629005673455,0.2649019607843137,12.249398964707568,0.22504401831424728,0.7072485631431884,0.11896133401823925,23.122448979591837,0.47188671386922115,0.31403581840899625,2.979591836734694,1777.0408163265306,6258.938775510204,661.3735827664399,0.550453514739229,7.122448979591836,0.1453561016243232,0.08274266633250335,0.23915074123209137,0.04517357370321467,4.276678766373624,0.038431372549019606,1099.9791753436068,2.8646453243665504,435.96156862745096,0.34193064206074586,3.6061797770088426,692.0541176470588,0.24235847750865053,3.0964705882352943,50.95137254901961,158.7764705882353,24.45871459694989,0.4915686274509804,0.030979130788117717,0.09610690992446361,0.01564989314998976,5.014839920343136,0.03894690620286758,0.15133496214326772,0.0034579644209240777,0.11054404354504058
1,1270,31,0.9770933417081112,1.7358827848850686,438.88570729046313,0.5665095065529047,0.5146342052199135,1.8656108060216476,1.815626453477834,0.2344629757131038,1.3687653643072393,1.4221299064355273,0.8239511409318131,0.9916753125460208,0.18391231568597102,1.3966399477006124,-0.2667721972498617,17.55542829161853,0.768888888888889,0.07708452098604024,3.5145645645645645,0.9697013157560121,-0.5589257642243062,0.43531177573970364,0.07334834834834836,0.7137096227755401,0.07334834834834836,0.37258298616266733,0.06741969446924402,0.9633258258258259,0.9633258258258259,0.9853303303303304,0.9755505505505505,-0.4555336282317333,0.6456694340087521,0.07334834834834836,1.8504129129129128,0.67825024348673,0.9411021199871904,0.7137096227755382,0.8137387387387388,3.7008258258258255,0.8677537716388423,0.12716503102201301,52.56820653069293,0.7343916048074881,0.1328041975962559,3.52597520276027,14.105468492052658,51.731496381214185,4.698961519762276,0.36850619930993256,2.2748435867733727,23.689455098656154,0.36902664068788266,0.31777777777777777,1.5892139661165068,0.24146568591246398,0.8420881878100785,0.09131006043806036,6.8,0.68,0.16000000000000003,3.4,541.1,2024.0,170.375,0.4,4.0,0.4,0.002652458646084447,0.007600575325078529,0.0014154294763359266,1.770950594454667,0.044444444444444446,34.85,2.4687022027147756,71.09777777777778,0.3159901234567901,3.2971061728395066,173.0,0.11555555555555555,3.6,45.0,164.53333333333333,15.116666666666667,0.35,0.03090100781053162,0.10980693289661544,0.011174526539010665,2.2671875,0.13783597518952448,0.06448888888888889,0.0071130864197530876,0.1444043321299639
1,1270,33,0.6689301342457148,1.687513423013846,2090.283138895501,1.0593046269052577,0.6311980898761083,2.2895265882800673,2.2201377118201444,0.3273573209651184,1.1934698070839582,1.2406379436949562,0.3273426143473196,1.892795097472825,0.24880435275202825,1.2560144029024871,0.07124153267584205,83.61132555582006,0.5198165895336418,0.1532019998774704,3.0083529014411248,2.1593642235020862,-0.2613195660878506,1.039178530060515,0.007555235353774286,0.9855746936288009,0.007555235353774286,0.06275402526792988,0.0074848428815116495,0.9962223823231129,0.9962223823231129,0.9992444764646226,0.9981111911615564,-0.941550020979119,0.92989835099875,0.007555235353774286,1.658444303892109,0.5090192614556396,1.125140327757046,0.9999999999996718,0.6178690787735358,3.316888607784218,1.1175850924032722,0.26168344135357235,187.5736523770991,0.5289589842624247,0.25535312869788274,3.0932812316684304,20.02264087640289,58.40599578776431,10.804223465640554,0.4986068517495927,2.545485918853997,145.6599815326484,0.49197991254837925,0.26773584905660375,2.133958193875063,0.1862386164368798,0.5662281303898475,0.09520077140557387,24.47826086956522,0.5321361058601134,0.2551984877126654,3.130434782608696,980.7173913043479,2756.9565217391305,551.7542270531401,0.4915458937198068,26.304347826086957,0.5718336483931947,0.0024508561301203437,0.005886757853814711,0.0016305280421919218,2.233924727090661,0.03471698113207547,151.02693761814746,2.6377769500628108,501.7562264150943,0.37868394446422216,3.345905873976504,688.7569811320755,0.26004186543253827,3.036981132075472,50.379622641509435,151.26943396226415,26.184423480083858,0.5117190775681342,0.0273701059389514,0.08326559681874149,0.013978576568642829,1.0096048082966687,0.20622166883912765,0.030447919636736934,0.0006689127230308688,0.6090879734280574
1,1270,33,0.9431003235747332,1.8289021919793789,3999.949366982146,0.8433549630007628,0.43656445787052345,2.8123194910489815,2.340887555390108,0.26374386919277226,1.384473731962361,1.356737732877842,0.724350407329895,1.616537148060213,0.18391608073078244,1.4231271266914762,0.3379949263580965,159.99797467928587,0.6855375741067136,0.10852330423135013,3.8164118705786194,2.4448187312168783,-0.3071846652874354,0.6874897698379968,0.02707018265250505,0.9243683277070828,0.02707018265250505,0.17794613388999825,0.026284937063845704,0.9864649086737474,0.9864649086737474,0.9972929817347495,0.9932324543368737,-0.7897686691683908,0.8587701524447304,0.02707018265250505,1.910838014601465,0.6585407346952666,1.0274603262621314,0.9345460538517206,0.7998700051747358,3.82167602920293,1.000390143609627,0.17863998812262544,367.31528457555675,0.6602494487186121,0.1940184669026636,3.821879857745864,18.541961614312054,70.55752053046605,6.367691140910196,0.3544205462348852,2.6083842512909254,200.00755292418805,0.4193889887239255,0.2811392405063291,2.572253157509646,0.21905525059297043,0.8079259682278438,0.0840963787570932,41.484848484848484,0.6285583103764922,0.2160238751147842,3.803030303030303,1241.6818181818182,4679.651515151515,430.0513468013468,0.36658249158249157,19.272727272727273,0.29201101928374656,0.023857588573534757,0.034066559825188865,0.021533118854418,3.2187739620342053,0.033417721518987344,346.2215335169881,2.5949225700457745,698.9959493670887,0.3539219996795385,3.4346511136035893,1353.9367088607594,0.17695882070181063,3.830379746835443,49.00911392405063,187.81721518987342,16.72902953586498,0.3458509142053446,0.02940232410357486,0.11006191608382689,0.010827752722045217,4.088001412429378,0.04094247150870417,0.0816189418099717,0.0015214476384671847,0.10028844939297246
1,1270,33,0.8509173290849184,1.9514859610111002,3092.9012684364607,1.0007958304973033,0.4708871641060792,3.2022936342591852,2.4760078170342004,0.3323706202566261,1.3336572182203223,1.2561712086085701,0.23443521332026235,2.241572603713938,0.21587331767246254,1.4013375171965228,0.5087892722269535,123.71605073745845,0.615683950617284,0.18510526139134603,3.9066880351638016,3.26867549623985,-0.15498013426920165,0.8684674728327532,0.026361090646096322,0.9409760409011327,0.026361090646096322,0.1746257452225591,0.02562752715223771,0.9868194546769518,0.9868194546769518,0.9973638909353902,0.9934097273384759,-0.8251681436793882,0.8964957751239753,0.026361090646096322,1.9225377530047894,0.5992735513337616,1.160550628186015,0.9744246499996072,0.7571018862092593,3.8450755060095787,1.134189537539919,0.22370714086971236,248.8242793644942,0.5758678326631884,0.2557727958886168,3.7774280051341913,19.96071297148428,79.61011065033006,6.693654336780883,0.38767296611902036,2.9262264206024544,142.88232582183815,0.38158296932657704,0.27365079365079364,3.1855344965825854,0.21408659458380597,0.7537712311872843,0.09606631963508422,29.586206896551722,0.5101070154577884,0.30202140309155767,3.5172413793103448,1060.844827586207,4330.775862068966,338.668582375479,0.44731800766283525,11.862068965517242,0.20451843043995244,0.04974123812918229,0.19400196330296507,0.032881819917779505,3.794397538074938,0.036825396825396824,323.44143876337694,2.780308185754563,551.6742857142857,0.350269387755102,3.4943596875787355,969.7022222222222,0.2284246913580247,3.897777777777778,49.88126984126984,197.58412698412698,17.203174603174602,0.35950617283950614,0.030037349478298083,0.11315460763376486,0.012159459471619335,3.464887716450216,0.05270874125669352,0.08502016756698799,0.0020586422801402234,0.12712328767123288
1,1270,35,0.9853520381909834,2.135932807259677,7048.056443917865,1.1386593919509371,0.6267130514045698,2.596333210393217,2.685969227560855,0.3756544566802959,1.575239945327046,1.5608653797051726,0.37769425061047557,2.3082749769503796,0.2732587374984189,1.6385889916013967,-0.18405937194972277,281.92225775671466,0.55172252154195,0.20359299804332692,4.603098853471001,4.143494898353321,0.0639917505681199,1.0866240929050526,0.030034282515976396,0.9461796455244615,0.030034282515976396,0.19405968996469353,0.02911141394296405,0.9849828587420117,0.9849828587420117,0.9969965717484024,0.992491429371006,-0.8246156810059497,0.9193286466025292,0.030034282515976396,2.083012994156281,0.5283018180500217,1.3304586817448145,0.9680083294775348,0.6989188406381459,4.166025988312562,1.300424399228839,0.2791645938552572,353.2900624192009,0.5235667712498906,0.3076846189935686,4.626002502508871,29.694012338203542,132.2258958077719,8.45749598604366,0.31129289203835325,3.1850103954248716,212.69423803075264,0.35505261883361955,0.2558095238095238,10.018601042572978,0.20394192308817619,0.9426227718099637,0.06485494934664952,41.3855421686747,0.49862098998403254,0.3321236754245899,4.626506024096385,2387.4578313253014,10442.397590361446,644.3922356091031,0.32095046854083,19.240963855421686,0.2318188416315866,0.09209526418763261,0.4879144164367602,0.02044990299895287,3.962201758528195,0.031619047619047616,1387.2219480330964,2.9142035808263898,934.7462857142857,0.3560938231292517,3.4370780589569163,1448.271619047619,0.28187196371882084,4.590857142857143,51.78857142857143,237.01066666666668,15.557544973544973,0.3041904761904762,0.029493870232396305,0.13673039526569003,0.008973058170064028,6.9642185737668845,0.0272188554850234,0.09282052018997312,0.0028869825073133105,0.07098831030818278
1,1270,35,1.0664002263400512,1.7955122988490209,4250.889436959131,0.6150856027330889,0.34068507401766346,3.3225917195247745,2.2310811457338287,0.22436694268235793,1.4189610345191266,1.4000491274706397,0.5298597464805622,1.7012213992532663,0.14704209873454324,1.4488632303384372,0.1451650801128549,170.03557747836527,0.792894497789971,0.08575424274314163,3.947700116077568,1.5386033864174578,-0.1894049079855077,0.41458184491804384,0.02360281420412668,0.8920615745514704,0.02360281420412668,0.16022984291147344,0.023013372727708557,0.9881985928979367,0.9881985928979367,0.9976397185795873,0.9940992964489683,-0.7452221348099081,0.7698428414270875,0.02360281420412668,1.9621296716306196,0.7752087027055464,0.7581041717782419,0.9093429630848211,0.877215756240783,3.924259343261239,0.7345013575741159,0.10954616478054263,430.28056733662976,0.7436921203092501,0.14226692742808789,3.9720366432250884,17.62666144915175,69.90432616825025,5.169083949262676,0.31323494153473475,2.3685869935578467,216.445033941397,0.4387737987969821,0.2849382716049383,2.106657396664212,0.21889259053955948,0.8859948181672244,0.07448443150680663,55.775,0.6971875,0.17250000000000001,3.975,807.4875,3179.95,237.88576388888887,0.32569444444444445,29.025,0.3628125,0.02164243737938587,0.0830427859430401,0.008239926554886529,2.8261441655396515,0.03950617283950617,166.76484375,2.325045232791959,721.3486419753086,0.356221551592745,3.5031108672458466,1605.6113580246913,0.11217168114616674,3.9634567901234568,48.66814814814815,192.7595061728395,14.347914951989026,0.3013854595336077,0.030015985694689395,0.12035697971003674,0.009422041023262936,3.2894421006691887,0.04477785210041294,0.07119293609617475,0.0008850637996608383,0.09766651213104621
1,1270,35,0.9281765949310263,1.674027951775382,2456.526595841611,0.7150447715503903,0.386161982954649,5.451201007811464,2.0881558845908033,0.24469007519642047,1.269338429826395,1.2630674131470367,-0.15805161646183327,2.2462075010526363,0.15331336731576875,1.3129654652241642,-0.6108359078858534,98.26106383366447,0.7411269929208986,0.11265826343716774,8.36452437668666,2.9274207863466364,-0.9030418919723503,0.5940471309271667,0.038917230270714476,0.877020963457924,0.038917230270714476,0.23663132701672396,0.037368497779728845,0.9805413848646427,0.9805413848646427,0.9977107511605462,0.9922165539458571,-0.6816389757541548,0.7884228908329085,0.038917230270714476,2.8680553015413217,0.7101607099025904,0.941484376035663,0.8934233942497154,0.8353102983202392,5.736110603082643,0.9025671457649496,0.1582410902994703,292.3659178289411,0.6794732965552344,0.2014689504888466,8.185756924698897,15.638715110296692,132.65508308983584,2.0474467130505047,0.144781609240009,2.575414694290109,148.66488903325794,0.3946154859535117,0.3003508771929825,1.9780417858901078,0.23748034983921346,1.8320548671752626,0.03846090513664828,36.56923076923077,0.562603550295858,0.27786982248520714,7.861538461538461,601.1846153846154,5160.7692307692305,76.04967948717949,0.15747863247863247,21.861538461538462,0.33633136094674554,0.06910191485535132,0.4686439985196922,0.014248622989662996,3.142061760090102,0.0456140350877193,120.56331360946747,2.5721698066483025,465.62877192982455,0.32675703293321023,3.502307910126193,1056.1059649122808,0.158174946137273,8.371929824561404,47.025263157894734,398.72,6.179429824561404,0.13637914230019493,0.0329202272656951,0.264372700379697,0.004942238673274161,1.4453418650438512,0.04411696413368216,0.23564360196339845,0.0009834288317832984,0.23207729309164116
1,1270,35,1.2530461146048955,1.7692952437060596,5436.000631591576,0.06494474572281841,0.23902960435159892,2.9457492081240293,2.0570802571556337,0.15308060018804276,1.5000098534318251,1.49327361773308,0.9473388217792947,1.109741435376339,0.10231440050907044,1.512892055368278,-0.010325326068538136,217.4400252636631,0.9865947479224377,0.038812810803887376,4.000805913195768,0.05215321418779314,0.0024125885076806963,0.017545099644067856,0.006013382959249274,0.47996369394153665,0.006013382959249274,0.05263742418513822,0.005974280607869554,0.9969933085203753,0.9969933085203753,0.9993986617040751,0.9984966542601876,-0.35614994465571115,0.19683290621959357,0.006013382959249274,1.9994806550386872,0.9823025827089256,0.09477524507558577,0.6448755140801175,0.9911033239997319,3.9989613100773744,0.08876186211633712,0.005889620650829283,506.833693517298,0.9598911824192289,0.020352649688875433,3.9968253123746362,48.70361237573461,194.86986097501463,12.20090730016804,0.25884799497057914,1.6620046872636578,221.32762424399158,0.4954689840227262,0.22210526315789475,22.03501598138078,0.14840690276035687,0.576953255176988,0.04476484898742514,40.30434782608695,0.8761814744801513,0.06474480151228733,3.9782608695652173,6103.369565217391,24416.130434782608,1526.3629227053138,0.2795893719806763,16.869565217391305,0.3667296786389414,0.003785511237625428,0.010675540957600203,0.0025559546111415437,2.3063531944733033,0.01936842105263158,3437.667769376182,1.4993781955477032,982.968,0.41388126315789475,3.081990027700831,2343.1625263157894,0.006736132963988919,4.003368421052632,55.256,221.2597894736842,13.831309941520468,0.25243274853801173,0.023899491519804805,0.09488919414939466,0.006325945004707536,0.8520452856232746,0.14798314549858638,0.01843786403578914,1.3921341458910435e-05,0.27439192208024304
1,1270,37,1.2316132255842533,1.8305473514916808,6093.681740820247,0.45773329450808664,0.3395461070404786,3.093128133744624,2.3625659552213687,0.20056673019990826,1.5482331162960412,1.5498930220069997,0.8142059701118368,1.5483599851095318,0.13718012147933561,1.569105997902833,-0.11947853422748583,243.74726963280992,0.8582864605652484,0.06506785025889449,4.133517018060581,1.0412962154986063,0.10863553936806884,0.2765009677244796,0.01752351710981284,0.8806616670891464,0.01752351710981284,0.12680686946799732,0.017204347172221926,0.9912382414450935,0.9912382414450935,0.9982476482890187,0.9956191207225467,-0.7392357063963733,0.6971547559683422,0.01752351710981284,2.0171196903456416,0.8440441939770201,0.5683263688607745,0.9042224599006992,0.917438226212173,4.034239380691283,0.5508028517509622,0.07350612120857311,490.87229151624354,0.8072761415559785,0.10457471089017743,4.140287301049068,36.54020064809668,149.36511564075786,9.363374961303126,0.2780265907527455,2.4115353091894134,209.53695985210675,0.39592171571732365,0.24454545454545454,14.550557543565947,0.18923439046903978,0.7694874283264137,0.05832431457941103,44.323076923076925,0.6818934911242603,0.18461538461538463,4.184615384615385,4029.276923076923,16300.83076923077,1015.4055555555556,0.30641025641025643,15.861538461538462,0.24402366863905325,0.053548020586614516,0.18651583933643703,0.0250047036733438,3.4443486461845096,0.026262626262626262,2579.4248520710057,2.1109649072768684,925.6610101010101,0.37400444852566067,3.34355041322314,2124.25898989899,0.0749157841036629,4.136565656565657,52.95636363636363,218.9268686868687,13.825129068462402,0.2661391694725028,0.027176195820640268,0.11129528619528618,0.007778439195855422,3.2339767428952033,0.04247955296063177,0.05600685242000146,0.0004645451258953282,0.09667132867132867
1,1270,37,0.6692048269872328,1.508144398711448,3146.4473145434476,0.9915697693063801,0.49711917865153143,2.7986264364357716,1.758243848015294,0.2780372186387454,1.069760455608657,1.0399242274441,0.10956907363577659,1.6486747743795174,0.20399046144352218,1.1218640407007343,-0.31536023917404593,125.85789258173793,0.5058320000000001,0.1141914934333371,2.607685933781305,0.9692649907113885,-0.16024579221418755,0.9485276359905113,0.04384938464089806,0.911649064270471,0.04384938464089806,0.2584579533802196,0.04185609386461077,0.978075307679551,0.978075307679551,0.9912301230718205,0.9853835384530341,-0.7403917842641369,0.8774750691574071,0.04384938464089806,1.5432035420339179,0.46195539581968464,1.252706348754483,0.9116490642704713,0.521278849713469,3.086407084067836,1.208856964113585,0.24809425515785227,348.04213344858033,0.5131161010671387,0.2434419494664307,2.7333888008079783,22.640945922975156,55.62938829577563,14.393835329775042,0.5666527997980054,3.0493972393483832,204.07488367275016,0.3383024333212584,0.2716,5.588896947137155,0.22005043231693913,0.6390189354679895,0.11530830652917662,44.51219512195122,0.5428316478286734,0.22858417608566328,2.9390243902439024,1465.5853658536585,3459.012195121951,967.2286585365854,0.5152439024390244,18.414634146341463,0.22456870910172516,0.03325210807594282,0.13013697590581702,0.009030891118474266,3.8369198271865863,0.0328,536.0791195716836,2.873354090770083,847.3776,0.33895104,3.4405401600000003,1264.58,0.24708400000000003,2.662,50.0512,131.5084,29.6869,0.5845,0.029290891786344166,0.08161017485512724,0.0162110710191484,39.75545065458207,0.018998325930846726,0.042108973333333334,0.010328934813333333,0.019137229885974008
1,1270,37,0.777514514100259,1.5764838498108893,4811.330562266297,0.9060857834903676,0.49880436224581737,2.9396611820692855,1.796615520806447,0.2705251811900795,1.1876029322332617,1.2461259889093175,0.0678277971823104,1.7287877236241365,0.2008975243909527,1.2310075973164432,-0.5788736368136422,192.45322249065194,0.5636711017422035,0.10497898000176116,3.0477651211990375,1.1805049845041868,-0.6170707223052314,0.8398757739404172,0.021281162036288184,0.9506002923524013,0.021281162036288184,0.1477799834108086,0.020804637922340004,0.989359418981856,0.989359418981856,0.9957437675927424,0.9929062793212373,-0.8379839631847591,0.881701561501328,0.021281162036288184,1.6861352340723936,0.5486168940893072,1.0428071166481607,0.9506002923524015,0.6754946530542496,3.3722704681447873,1.0215259546118727,0.21528923399417632,433.04170957164405,0.5424902296754097,0.22875488516229514,2.923477773392309,39.60568774453221,135.3153121744025,15.678281637064638,0.5191305566519228,2.7788540956567784,282.428605436745,0.4139097323907345,0.2510236220472441,19.33682271126731,0.1890990750027684,0.5150521776243472,0.10761079934737368,48.630434782608695,0.5285916824196597,0.23570415879017015,2.858695652173913,3429.554347826087,12043.402173913044,1276.0923913043478,0.5353260869565217,24.565217391304348,0.2670132325141777,0.03197541726240259,0.11286608193584413,0.0117527510940422,3.8097848159982335,0.028976377952755906,2238.554229678639,2.629869844533518,1159.4422047244095,0.3651786471572943,3.340405381610763,1789.6557480314962,0.21816444912889826,3.0352755905511812,52.225826771653544,161.24062992125985,24.972125984251967,0.49118110236220475,0.02713246439433166,0.0802799437272722,0.013845594561096528,15.845510814608767,0.03047949630455251,0.020667049532194295,0.004567956193571778,0.030084882346620836
1,1270,37,1.1093184444724848,1.6425511332632483,2825.166350348997,0.17242125808883207,0.34138384923327236,2.8066414017563623,1.7667261259801077,0.17878083374473244,1.4048832358623238,1.459763968695365,0.6060530568166203,1.1606730691634874,0.1375616765052432,1.4205548087050348,-0.6353997539600599,113.0066540139599,0.9498938775510204,0.04427905812800406,3.926755518076156,0.2967863173833489,-0.15478280768579872,0.08449130697423957,0.00659337637977669,0.8524789571741034,0.00659337637977669,0.05611587627222643,0.006541952990099306,0.9967033118101116,0.9967033118101116,0.9986813247240447,0.9978022078734077,-0.7192659166709001,0.4517116529842504,0.00659337637977669,1.9766840687553482,0.9479157053328925,0.2038652429613402,0.8524789571739411,0.9733873805654597,3.9533681375106964,0.19727186658156384,0.022771170838504065,325.75610505333674,0.9199053390096686,0.04004733049516564,3.8744482014781374,23.145697724031198,91.33182167085351,6.0991667373256195,0.28138794963046565,1.8510952845674713,132.75302464232996,0.4479561276474423,0.2528571428571429,3.014453889425252,0.17686827956275944,0.6467637802365422,0.05939440439431377,33.46153846153846,0.8579881656804734,0.07100591715976332,3.769230769230769,1912.3076923076924,7596.153846153846,491.34615384615387,0.3076923076923077,15.564102564102564,0.3990795529257068,0.0033035880639055246,0.006713724312137011,0.0024510540018476525,2.032520600601117,0.027857142857142858,623.681788297173,1.7410488375220496,534.9557142857143,0.3821112244897959,3.295191836734693,1329.8514285714286,0.025053061224489796,3.922857142857143,51.97571428571428,204.9842857142857,13.723571428571429,0.2692857142857143,0.026320013137530143,0.10089731445488248,0.007675687808192061,1.1104878652798416,0.2341580901620151,0.006100884353741496,0.00017745918367346935,0.20168067226890762
1,1380,11,1.4598334539161075,2.0411514049954875,1830.842847856086,0.5490319599508173,0.3107080632088708,3.2104594331759926,2.4717969334602903,0.19000851882892247,1.76763627600252,1.7582821190134166,1.2471605521627422,1.224636381297548,0.12625556845464522,1.7843975224177444,0.40754442312656985,73.23371391424345,0.7783228733459358,0.05953651377052731,1.3673621778460487,1.1072770270566885,0.6210570439408345,0.4219953165766335,0.015710872162485068,0.9282119286420375,0.015710872162485068,0.11598743250864842,0.015450346032136386,0.9921445639187575,0.9921445639187575,0.9968578255675029,0.994763042612505,-0.8043754870680577,0.7632666547540058,0.015710872162485068,1.1250725379757638,0.7656965595983043,0.6501242503756922,0.9282119286420336,0.8670720259429936,2.2501450759515276,0.6344133782132075,0.10942654718477962,119.91028890986475,0.7482076964616818,0.12589615176915908,1.443264618026018,18.338241019756357,24.414181647673438,16.81925586277709,0.8891838454934955,2.1626012521298863,63.392169045469224,0.46928437062390893,0.27826086956521734,2.0774732283809687,0.2098420803533034,0.3410212413349199,0.1770472901078993,12.5,0.625,0.1875,1.75,1088.35,1331.5,1027.5625,0.8125,5.8,0.29,0.056805089076564966,0.22436726820860559,0.014914544293554802,2.784183719779185,0.034782608695652174,261.7875,2.2473893009525643,208.34608695652173,0.36234102079395086,3.4723629489603027,447.53565217391304,0.11083856332703214,1.3808695652173912,49.358260869565214,66.69565217391305,45.02391304347826,0.9047826086956522,0.030373428582383028,0.04898425788995147,0.025720721255490925,4.036317883895131,0.200079451840296,0.017384398235664775,0.0019340526122571986,0.19933554817275748
1,1380,11,1.59177445393312,1.995451797276512,4605.7174387208925,0.48034850288501774,0.20523961647134836,6.353215120030752,2.363307781186539,0.14630155299133196,1.785380873380423,1.804571043023079,0.9327219395555414,1.4305858416309976,0.08550597507036845,1.7977993250464492,-1.3507127886836656,184.22869754883573,0.8212786703601107,0.044497550104826124,4.452635195531418,0.8675356062609967,0.4716547404731385,0.31354539812178844,0.03547785291775973,0.7965931580958683,0.03547785291775973,0.22040441161060573,0.03418296160889516,0.9822610735411201,0.9822610735411201,0.9964522147082241,0.9911305367705601,-0.5813930121006015,0.64563663329503,0.03547785291775973,2.0935887685235763,0.7921284406115185,0.6603455389612516,0.8050644147528023,0.8862420256451271,4.187177537047153,0.6248676860434925,0.08725581275988703,258.8857437082834,0.7350856501237975,0.1361748158357574,4.711880568073551,27.565482594160546,118.26363339646488,6.676554396060968,0.2357332903331455,2.876514751869653,87.10244655546119,0.27246043868577413,0.24578947368421053,6.9320190745279815,0.20870037694833238,1.066654246153732,0.05075610962819216,23.904761904761905,0.5691609977324263,0.24943310657596374,5.0476190476190474,3100.309523809524,12723.261904761905,766.2116402116402,0.2526455026455026,4.095238095238095,0.09750566893424037,0.11547172103590164,0.6432084377757179,0.04367249027713104,4.13293997064587,0.029473684210526315,1949.1615646258501,2.266774283439118,503.13894736842104,0.3530799630655586,3.479567128347184,1170.322105263158,0.08997229916897508,4.477894736842106,52.95228070175438,231.4182456140351,12.697582846003899,0.23812865497076022,0.029574914247700375,0.14134954858486604,0.007455208181388216,3.547816764132553,0.03914770635648864,0.1372207484499148,0.0010929968195342156,0.08845348287277889
1,1380,11,1.4071592799359272,2.3345545554740563,4169.154733552298,0.8908512966034433,0.2554935747436522,3.9822981652213207,2.8667027905192546,0.23905579906185623,2.014849394532744,2.0890072191767914,1.0008779123780231,1.8658248781412314,0.13525514766586558,2.041850810796983,-1.1829327338157098,166.76618934209196,0.573728,0.10953665090333223,3.043829167724731,1.12932641025677,-0.5909126538464171,0.8039010911852222,0.05181253581007304,0.8788604540944777,0.05181253581007304,0.2916583746809218,0.048962613643709824,0.9740937320949634,0.9740937320949634,0.9896374928379854,0.9827291547299757,-0.6803799570011828,0.8375284572241284,0.05181253581007304,1.689911811876589,0.5231805728586426,1.1787077173572709,0.878860454094478,0.6640055439715526,3.379823623753178,1.126895181547198,0.2139284067488238,166.26347871337825,0.5589671586823215,0.22051642065883928,3.01379539978683,16.898238390793423,52.17573581134978,8.078864035654336,0.4965511500532926,2.95851710346197,87.2957521136617,0.32280886997959657,0.297,2.9905076601543055,0.2619975105193212,0.7449931256226243,0.1412486067434954,22.727272727272727,0.5165289256198347,0.24173553719008267,2.772727272727273,760.2727272727273,2342.3636363636365,364.75,0.5568181818181818,4.7727272727272725,0.10847107438016529,0.04472977837405633,0.060078823854098906,0.0408925170040457,4.305911448133574,0.044,243.74380165289259,2.9160097067356876,312.266,0.312266,3.7206240000000004,573.728,0.213136,3.076,47.598,147.876,22.5285,0.481,0.0331801702254976,0.09667188035399345,0.017307242693373647,12.193463444857496,0.03810927198587417,0.052480666666666655,0.011171878666666664,0.03815580286168522
1,1380,17,1.5593465632481711,2.0425934567549104,6321.5488624804775,0.5932461887396507,0.21284752486517622,3.5757115427809287,2.368054975426944,0.1441404925694887,1.8262290354169217,1.8549569306026352,1.1963536769270522,1.1717012984998918,0.09146666107119177,1.8361625000680781,-0.4498485547561497,252.86195449921914,0.7542320355555556,0.03638023685643444,1.4145518605516474,1.1339692484798365,0.6438645421003479,0.4630228838878897,0.025616476847831075,0.8950698339545092,0.025616476847831075,0.16973259138708574,0.02487970258266071,0.9871917615760843,0.9871917615760843,0.9948767046304339,0.9914611743840562,-0.7359436197755718,0.7607715196519804,0.025616476847831075,1.1424533663251877,0.7308006170494787,0.7465192098428637,0.8950698339545065,0.8447383952508968,2.2849067326503754,0.7209027329950328,0.1221598401839302,350.45858222604585,0.7126833394317191,0.14365833028414043,1.522053655780093,29.297092917003916,37.28875592686761,27.299177164537998,0.8694865860549769,2.4713784563251067,172.76914080078814,0.4122144464899993,0.2614666666666667,10.406272359848598,0.20421327114095092,0.361271226492234,0.16494878230313015,39.63333333333333,0.6605555555555556,0.16972222222222222,1.65,2086.3166666666666,2515.866666666667,1978.9291666666666,0.8375,17.0,0.2833333333333333,0.04568354259525008,0.10964869683225925,0.02969225403599779,3.384210173612237,0.032,1109.7541666666666,2.3464469925784552,666.7845333333333,0.35561841777777775,3.439051662222222,1414.1850666666667,0.12288398222222222,1.4304,51.1632,70.9824,46.2084,0.8924,0.028751180482069368,0.045401917191567984,0.02458849630469472,21.153409800249683,0.04149728091372218,0.025704495407407407,0.003185152819199999,0.041152263374485604
1,1380,18,1.4459895221567456,1.998421218524188,4387.77938586738,0.4601894734163995,0.2850942550298605,4.697356960152788,2.7031435787275955,0.18540431172048266,1.7217228783259886,1.7055885776836281,1.070149055576615,1.6329945231509804,0.11978534669558029,1.7395559056477763,0.6270678506595595,175.51117543469525,0.824429013079667,0.06172507912292892,1.2791320521763414,0.9323680762836862,0.5145409872266069,0.3285046375939384,0.01967459914043154,0.8868832112942302,0.01967459914043154,0.13767588639416095,0.01923461400881707,0.9901627004297844,0.9901627004297844,0.9960650801719138,0.9934418002865228,-0.7329008378295796,0.6974786081550988,0.01967459914043154,1.0963231172488523,0.806675767623998,0.5792873798924012,0.8868832112942227,0.8938395831809319,2.1926462344977047,0.55961278075197,0.08704480918359249,311.34141600577027,0.7859439809785149,0.10702800951074251,1.3659734528614793,19.75527837254641,24.284760052011976,18.62290795268002,0.9085066367846303,2.1999408406518923,148.61579017430716,0.44194799572815213,0.2725862068965517,2.747003491590483,0.19954591795806847,0.3072820484191858,0.17261188534278918,31.52173913043478,0.6852551984877127,0.15737240075614367,1.5869565217391304,1565.5652173913043,1753.5869565217392,1518.5597826086957,0.8532608695652174,14.434782608695652,0.31379962192816635,0.010789894225696373,0.036137379585284936,0.004453022885799229,3.0101430296581486,0.031724137931034485,571.945179584121,2.1509890027379894,524.168275862069,0.36149536266349586,3.3452822829964326,1195.4220689655172,0.08778549346016645,1.2917241379310345,49.84827586206897,62.51241379310345,46.68224137931035,0.9270689655172414,0.027986015217070226,0.03912987843285462,0.025200049413124127,9.392429406037001,0.07516049357118605,0.0183515338882283,0.001613436828078232,0.07504690431519699
1,1380,19,1.6208377721032874,2.1473176751211143,4880.640400210639,0.9294359031882282,0.25163664039060385,4.157731935419597,2.267915608688364,0.1621074105956814,1.9075062139293526,1.947482065606574,1.1242781340032282,1.1436374746851359,0.10414634711142368,1.9192452133164792,-0.9794424087909738,195.22561600842562,0.5481085083659666,0.04492223265912573,2.0243600970354607,1.044045879532421,0.47506478657630496,0.8436273083028676,0.0700241512891108,0.8467447890175884,0.0700241512891108,0.3637361734079745,0.06492331769940485,0.9649879243554447,0.9649879243554447,0.9859951697421778,0.9766586162369632,-0.6170116817473037,0.8265533531471689,0.0700241512891108,1.3531240575600054,0.478250952504606,1.29558994740515,0.8467447890175887,0.6118638667954392,2.706248115120011,1.2255657961160396,0.2284128648979946,214.06522497624326,0.5445915568425715,0.22770422157871423,2.0538005622426354,20.14395941558442,45.65269008024496,13.766776749419279,0.7365498594393411,3.0912278432606186,105.01282617991765,0.28104240073053893,0.2967924528301887,5.629301275828951,0.2628730363389762,0.5675788694378726,0.18669657806425202,29.862068965517242,0.5148632580261593,0.2425683709869203,2.2413793103448274,957.0862068965517,2296.5862068965516,622.2112068965517,0.6896551724137931,5.137931034482759,0.08858501783590964,0.07929043159780458,0.266245873157163,0.032551571207964966,4.570344128091338,0.04377358490566038,435.20005945303217,3.019865596237255,400.4943396226415,0.3022598789604842,3.672700035599858,726.2437735849056,0.22594574581701674,2.0347169811320756,47.57207547169811,96.36679245283018,35.373396226415096,0.7413207547169811,0.034129521004768085,0.07407123616043201,0.024144092215852102,649.4497282608703,0.022175964183725767,0.06806621573513708,0.015313153188202346,0.02227171492204899
1,1380,19,1.459000040006724,2.054451993364384,5489.280936013636,0.5864477034453901,0.2868178054723114,3.6345252671717816,2.5171114304266804,0.184936499044939,1.7418034713441959,1.7244068686225147,1.1140364447235882,1.4030749857030922,0.12176085649865742,1.7585655063169192,0.48827220536931415,219.5712374405455,0.7579845268795873,0.058673307220991205,1.4084954996580192,1.106411235886535,0.6288610168497688,0.4541753663457082,0.03145474813215674,0.8704855030531906,0.03145474813215674,0.19914895318886502,0.03034980738709988,0.9842726259339216,0.9842726259339216,0.9937090503735686,0.9895150839559478,-0.690691719054806,0.7439488073134928,0.03145474813215674,1.1414076245746994,0.7268351353739677,0.7697508184808146,0.8704855030531878,0.8428650013592225,2.2828152491493987,0.7382960703486583,0.12140752861946622,312.38170010897375,0.7107296540799133,0.14463517296004333,1.5266771284977505,54.6303713682838,70.12232299769789,50.75738346093027,0.8683307178755624,2.6295093790098667,138.00910619479154,0.34189119827357095,0.2469014084507042,32.0309357921935,0.19914205283847308,0.3767509644161477,0.15473982494405444,32.5,0.625,0.1875,1.75,4268.25,5321.826923076923,4004.855769230769,0.8125,8.884615384615385,0.17085798816568049,0.02998077952742622,0.11395050908857005,0.008988347137140255,3.701433239255043,0.029295774647887324,3103.0780325443793,2.3182699569907363,643.0822535211267,0.36229986113866297,3.389808053957548,1345.4225352112676,0.12100773656020632,1.4225352112676057,52.737464788732396,72.72507042253521,47.74056338028169,0.8943661971830986,0.027248447474973295,0.04409702970911891,0.023036301916436894,23.40142276422764,0.03700004342728103,0.030452952456523165,0.0038103234230483733,0.03578350976591622
1,1380,19,1.437533022076794,1.9266561338296697,4294.712057384435,0.6113394196407578,0.23566987520207805,6.4534304006502845,2.5208448835428725,0.18981989402533675,1.6969299755643104,1.7276169321419719,0.440000447243253,2.0808444362996195,0.10040303092357797,1.721008536993079,-0.7670156818674221,171.78848229537743,0.7956946492271104,0.08229904243436609,4.203621410640538,1.568102253586885,0.13828790673018,0.40757439119622274,0.012497263362471285,0.9399794522153846,0.012497263362471285,0.09636773555186831,0.012331523496640413,0.9937513683187643,0.9937513683187643,0.9987502736637529,0.9968756841593822,-0.8402612535734486,0.7917547917922916,0.012497263362471285,2.0260429154715274,0.7939628913176171,0.6811086039888902,0.941571767065038,0.8880529878831016,4.052085830943056,0.6686113406264196,0.1050179136396735,264.8243703233131,0.7365767943030568,0.1476607834100569,4.3151940668219595,38.048147964028075,156.6100879941245,9.883311337598913,0.2772490970163328,2.3998620224705793,135.7884015262416,0.4389936158086111,0.24586206896551727,15.811651769345346,0.1826254981102673,0.8540096123164161,0.04948439625479663,27.0,0.6428571428571429,0.20918367346938774,4.5,3486.3809523809523,14264.047619047618,882.9695767195766,0.2837301587301587,9.761904761904763,0.23242630385487528,0.08829250195630713,0.5958335751412591,0.015483957032562702,3.2718733745415722,0.028965517241379312,2294.4875283446713,2.2174361509948595,554.3172413793103,0.38228775267538645,3.35752485136742,1153.7572413793102,0.11088513674197384,4.227586206896552,52.82206896551724,221.62758620689655,14.171647509578545,0.2712643678160919,0.028099549743268955,0.1275115296565625,0.007432377916399994,1.43619501854796,0.10031917641415446,0.04419346745144445,0.0005397684529911025,0.2205593779261491
1,1380,20,1.3999437617930204,1.9534989299633128,5121.315520918933,0.4353626072559913,0.25563401512641093,3.990677202842393,2.264873814067256,0.17022868320529141,1.6716311971014632,1.6863366491609872,0.8608107869875384,1.4040630270797174,0.1099786529834155,1.686764740383023,-0.4573100208344111,204.85262083675735,0.8578598765432098,0.05082443027653527,4.300710855385443,0.9478290235754847,0.2893711357355247,0.28527787137945293,0.029611222126055832,0.8119819483922582,0.029611222126055832,0.1902002601782711,0.028653729475845883,0.9851943889369721,0.9851943889369721,0.9970388777873944,0.992597194468486,-0.634668359875449,0.6623448915320996,0.029611222126055832,2.0583450126222207,0.819303256562191,0.6261292719919583,0.9073336134297371,0.9030579729773842,4.116690025244441,0.5965180498659031,0.0787222733763772,391.42099322280427,0.8269990787489289,0.08976025254527009,4.3648103927769055,24.876394241813728,107.80508211903691,6.116567420892681,0.24891716675046693,2.3408320101914946,153.32593260119245,0.3762063814611348,0.2629166666666667,6.240786131631456,0.20117118733189035,0.9070012955075215,0.04883342574665593,46.08771929824562,0.8085564789165898,0.10033856571252693,4.385964912280702,1596.4912280701753,6792.0526315789475,393.0004873294347,0.2509746588693957,19.17543859649123,0.33641120344721454,0.05068628244682362,0.2256386253325675,0.01206216150967224,2.576580532157073,0.03166666666666667,599.2613111726685,2.1511519228168474,649.5055555555556,0.36083641975308645,3.3748777777777774,1544.1477777777777,0.07332561728395061,4.287222222222222,50.93888888888889,216.10055555555556,12.75587962962963,0.2497993827160494,0.02865988922832508,0.12505977628705803,0.007095114527149452,3.592216338880483,0.03790343468290619,0.09975869355895502,0.0006815435075636336,0.08879296031877804
1,1380,21,1.8700836420198326,2.260045565715899,6094.564338672038,0.980146757456606,0.17503782633529075,3.6441890345158994,2.585701605168507,0.11694814266027054,2.044495366095281,2.032060067173438,1.6463634021794482,0.9393382029890589,0.07648205959900893,2.0501579987342,0.6396147527522977,243.78257354688157,0.5136979785969085,0.023186517788741395,2.706276089829208,0.9754348739819148,-0.27900476579534267,0.9111710248829821,0.06353564589300842,0.8696227334504987,0.06353564589300842,0.3398726285643493,0.05938209991733369,0.9682321770534957,0.9682321770534957,0.9872928708213982,0.9788214513689972,-0.6550534453332315,0.849990427756613,0.06353564589300842,1.5793479709252372,0.45326456469467113,1.3202877113646097,0.869622733450499,0.547580147978733,3.1586959418504743,1.2567520654716016,0.24367666769399757,212.39749097642948,0.5125313347385191,0.24373433263074046,2.728372988297953,19.715226523763796,54.692682897432846,10.970862430346532,0.5679067529255117,3.2359811759836314,107.29762243007471,0.27696934119797006,0.2856896551724138,4.783948551268836,0.24646305125121118,0.6554581180552941,0.14421428455019045,27.59259259259259,0.5109739368998628,0.2445130315500686,2.7222222222222223,1106.7407407407406,3094.3518518518517,609.8379629629629,0.5694444444444444,5.481481481481482,0.10150891632373114,0.02981623269705316,0.05383681862510638,0.02381108621503985,4.7395371054354865,0.037241379310344824,385.71879286694104,3.0820783037568082,430.1544827586207,0.29665826397146255,3.5460661117717,744.8620689655172,0.24315101070154577,2.7482758620689656,48.63034482758621,134.09724137931033,27.263620689655173,0.5629310344827586,0.03095343513522906,0.08343387047028263,0.01783332630146567,29.444066820276504,0.022693969860060368,0.060778715814506556,0.014777712288326706,0.02269503546099291
1,1380,21,1.5547739107891871,2.108490785426331,5350.531778817054,0.7607467526656013,0.26447454007957694,4.027950177484567,2.3673846547304995,0.17317196565590068,1.8288253456179473,1.83549359554503,1.0130745346703627,1.3543101200601368,0.11272045084552,1.8431394505488612,-0.6094835102203225,214.0212711526822,0.6564446460065507,0.0525608893949537,1.6482090175488564,1.2029190368886356,0.6926653685076879,0.6491625031362236,0.04518113310434682,0.8699629494749301,0.04518113310434682,0.26409537852006004,0.04304807056950111,0.9774094334478267,0.9774094334478267,0.9909637733791307,0.984939622298551,-0.672069087567521,0.8011317307858101,0.04518113310434682,1.2235998613670098,0.6097801113102137,1.0181298249040136,0.8699629494749298,0.7538095720808167,2.4471997227340196,0.9729486917996673,0.1735859090601426,283.7138877654196,0.6292228827293607,0.18538855863531967,1.738630561172902,18.142320165247206,29.650316721111718,15.265321026281079,0.8153423597067745,2.777852225799348,141.6362738926266,0.3532524058216855,0.28555555555555556,3.015474779249519,0.23590753600600967,0.4765263917457338,0.17575282207107862,36.5,0.5703125,0.21484375,1.9375,898.453125,1402.125,772.53515625,0.765625,13.375,0.208984375,0.08911714385106895,0.29125794343496086,0.038581943955095975,3.893843945008252,0.040634920634920635,292.831787109375,2.7182206437804193,505.3250793650794,0.3208413202317964,3.5825834215167545,1033.9003174603174,0.17177767699672464,1.660952380952381,48.68126984126984,79.06793650793651,41.084603174603174,0.8347619047619048,0.032747470375569396,0.06278466878226895,0.025238170773894505,51.21529115391477,0.028794507810015097,0.04410012069730891,0.007714934081230824,0.028273784479711874
1,1380,21,1.1794969529910537,1.889969596421119,4172.968062908525,0.39681379639771397,0.34869479698365047,3.1408905567516845,2.266053977436003,0.2175466317070985,1.5787526346232772,1.636528835065322,0.7306215801333201,1.5354323973026829,0.14797274345825953,1.6024919177347654,-0.6936956967629272,166.91872251634103,0.8815416804733729,0.0755204650753067,4.005256661213144,0.7170832521933457,-0.06555467735027036,0.20093705432308398,0.027493194077331827,0.7578429430089131,0.027493194077331827,0.1808718017001263,0.026708204919696284,0.9862534029613341,0.9862534029613341,0.997250680592267,0.9931267014806671,-0.5686849268227082,0.5860129940752439,0.027493194077331827,1.9904506249667524,0.8643563173312516,0.5321952936394977,0.804997587181765,0.9290526445765339,3.980901249933505,0.5047020995621665,0.05710756210010396,355.8335787055523,0.7986842587485752,0.10949617273182558,4.060455212172394,25.957549994252,103.80353847744396,6.812817972976358,0.28906787017694896,2.3117388470655538,155.49437314059526,0.40597508683984795,0.27292307692307693,8.90767215369792,0.21437052542812726,0.8807306833657578,0.07363141701303653,38.67857142857143,0.6906887755102041,0.17857142857142858,4.178571428571429,1718.767857142857,6833.267857142857,448.7936507936508,0.3045634920634921,17.392857142857142,0.31058673469387754,0.006716133182101347,0.027740819224502944,0.0037746460420892774,2.7945604064757674,0.03446153846153846,876.7318239795918,2.099392591296881,571.0529230769231,0.35141718343195266,3.451908544378698,1432.5052307692308,0.062044402366863906,4.020307692307692,49.91815384615385,199.48738461538463,13.299863247863248,0.27364102564102566,0.02846833556214509,0.11437633030990173,0.008588122756383338,2.6633099141295857,0.05103237179621387,0.07802968278275269,0.0005553239158852982,0.10021978021978022
1,1380,22,1.4703482593998407,2.002289817211005,5448.548571999943,0.4777395988452049,0.2346282855226871,3.383042733873003,2.243181261662699,0.1555668844720116,1.7276639474386484,1.726316902507686,1.0309339976131664,1.2122472640495325,0.10056144755718624,1.7398193667415183,-0.23078954005924518,217.94194287999778,0.8155709876543211,0.042148713609564445,1.2791769967195932,0.883223134431802,0.49172528174969565,0.32253011310039126,0.03261859828950925,0.8163546895769642,0.03261859828950925,0.2064305190090224,0.031516506368603765,0.9836907008552453,0.9836907008552453,0.9934762803420981,0.9891271339034969,-0.6111621367637594,0.6570580109577215,0.03261859828950925,1.0984954319547826,0.790909137936446,0.6446726874579873,0.8163546895769578,0.8851952689004627,2.196990863909565,0.6120540891684785,0.08878717784747514,345.22392991809863,0.7356079521904431,0.1321960239047785,1.4715085460511024,52.47957203802403,57.24138693670302,51.28911831335429,0.8821228634872244,2.4380719079769144,156.4762276600367,0.38200304729786666,0.25875000000000004,32.18359652823832,0.21154893543456044,0.3800113900451217,0.16943332178192008,35.333333333333336,0.654320987654321,0.1728395061728395,1.6666666666666667,4302.851851851852,4512.685185185185,4250.393518518518,0.8333333333333334,14.185185185185185,0.2626886145404664,0.02740245817081255,0.04609125244407126,0.022730259602497877,3.3404067140446885,0.03,3191.740740740741,2.230751750454356,634.1344444444444,0.3522969135802469,3.419544444444445,1468.0277777777778,0.0922145061728395,1.3083333333333333,51.44444444444444,63.342777777777776,48.46986111111111,0.9229166666666667,0.02794162537442961,0.04097267328742196,0.02468386339618151,20.940227576974557,0.034521667140806865,0.03218590534979422,0.0029286644090077718,0.034985422740524796
1,1380,23,1.416294941133254,2.018010956137312,6454.846822335585,0.5399628188424964,0.38915284424941343,1.881651770063115,2.2010931932421256,0.19959710578338313,1.717494155549665,1.6997063443412221,1.1549932521828685,1.046099941059257,0.16008359046843698,1.7327014560997054,-0.031834340894843376,258.1938728934234,0.7831718766901028,0.05246816162278266,1.3524752786337348,0.9758570570269517,0.5534700649622859,0.39203032445347524,0.04588429956853714,0.7907043844351019,0.04588429956853714,0.26646100791807303,0.043654081748980986,0.9770578502157314,0.9770578502157314,0.9908231400862926,0.9847052334771542,-0.564794244018948,0.6753599823379985,0.04588429956853714,1.1251391428060011,0.7373886062400128,0.7808482653500839,0.7907043844350985,0.8519187074097303,2.2502782856120023,0.7349639657815472,0.1094786560055031,401.136153228245,0.7141425389817492,0.14292873050912547,1.5187874212776489,49.97477565244263,57.71415565926996,48.0399306507358,0.8703031446805877,2.585600739391599,171.64076023627084,0.3459437300119066,0.25988372093023254,29.003654764629893,0.22049426090611904,0.3965230613568717,0.17648706079343082,40.142857142857146,0.63718820861678,0.18140589569160995,1.7142857142857142,4963.555555555556,5338.6984126984125,4869.769841269841,0.8214285714285714,16.238095238095237,0.25774754346182915,0.03076160686016958,0.09908160170396148,0.013681608149221602,3.32505991355832,0.02930232558139535,3798.904509952129,2.3748666749072345,742.3404651162791,0.3452746349378042,3.472817739318551,1683.819534883721,0.10841406165494863,1.3711627906976744,51.372093023255815,66.79069767441861,47.51744186046512,0.9072093023255814,0.02862387397680864,0.044857487021509726,0.024565470715633368,38.564244329388586,0.020618019541726942,0.04511745447989907,0.004792069608965249,0.021045247281655553
1,1380,23,1.2869102834199486,2.049388095170568,6883.470522670331,0.7591065443116805,0.30061843429236057,3.593566846582541,2.294964524113912,0.21665731578187652,1.7152129706306816,1.7522322228746385,0.7412850318676669,1.5536794922462451,0.1372360079227444,1.7394543192180412,-0.7789153100615703,275.3388209068133,0.7140167612607173,0.08374579402657228,4.59590017030475,1.791434732937494,0.41194114169199675,0.569848234970507,0.047455371638281466,0.8465383330763854,0.047455371638281466,0.27206608173339275,0.045013414204133746,0.9762723141808592,0.9762723141808592,0.9952544628361719,0.9881361570904297,-0.6499350795163483,0.7895132761532603,0.047455371638281466,2.113125979718828,0.6707369034289906,1.023212490038678,0.8665230681412343,0.8091483769322814,4.226251959437656,0.9757571184003972,0.15432590165219712,393.00527436237377,0.6497677622312934,0.1955749250832413,4.759856512171215,36.861576322067165,166.8958345472849,8.948280777040782,0.254857871880833,2.924326027047356,172.70226539130317,0.32107372561362324,0.2645054945054945,17.107863396658868,0.23689673894023017,1.2212960022187556,0.05800809927565352,39.0,0.582089552238806,0.2463800400980174,4.865671641791045,2991.0298507462685,13112.029850746268,726.4680762852404,0.26575456053068,11.895522388059701,0.17754511026954778,0.04440332534641512,0.21125757107609364,0.010369420629417687,4.154202552482117,0.02945054945054945,1838.0726219648031,2.6192977437538763,769.4263736263737,0.3382093950006038,3.590050283782152,1624.388131868132,0.15456761260717305,4.613626373626373,50.9789010989011,231.43736263736264,12.73070818070818,0.25141636141636137,0.02978333208741372,0.14298306075380904,0.007403268985430741,8.121914408371346,0.01878899749342385,0.16290981905796326,0.002454963986317592,0.04614573618263654
1,1380,23,1.2288587221599436,1.8315025297129586,2641.3210574557197,0.45801607878435197,0.28525959301954096,3.822458922664989,2.3065718163960804,0.20446991339995682,1.4920198290285969,1.4204648243928555,0.9872888071698361,1.3192830092262442,0.12974943430686875,1.5155200162078735,0.9952925455076108,105.6528422982288,0.8428778827977316,0.07067774931218887,4.352951184127103,0.9850846566660968,0.4035367445522884,0.3031112089285475,0.015206306637043537,0.9042862946266068,0.015206306637043537,0.11333627640696632,0.014969589609481946,0.9923968466814782,0.9923968466814782,0.9984793693362957,0.996198423340739,-0.7729805998682707,0.7101473675463562,0.015206306637043537,2.0690516614652927,0.8297374840844831,0.5573158278488204,0.9295258733079759,0.9080491550970233,4.1381033229305855,0.5421095212117775,0.07957937889139777,254.58494991189716,0.8087171442453187,0.09948168380306331,4.416029623541477,19.13937465888248,82.43645731682943,4.675369273486498,0.24775113674183113,2.164451501119867,120.64387673033727,0.45366901194940396,0.27304347826086955,2.2310827018098456,0.19681389954880651,0.8797184761478638,0.050215312010816485,30.51219512195122,0.7441998810232004,0.1368233194527067,4.536585365853658,1028.0975609756097,4337.5609756097565,252.08672086720864,0.2513550135501355,16.073170731707318,0.3920285544318858,0.015488193422446585,0.06994976780507939,0.0038506523783550612,2.3322081017569154,0.035652173913043476,241.36347412254617,2.127002549513599,417.1478260869565,0.36273724007561436,3.3781897920604917,969.3095652173913,0.0803780718336484,4.363478260869565,49.831304347826084,215.9913043478261,12.147342995169083,0.24512077294685994,0.02814809638831378,0.12366491628052186,0.006970073766892694,1.2545594669848847,0.10938620861852352,0.051429809480373366,0.00040752070719523664,0.25791163494003355
1,1380,25,1.514000350646224,2.1372804108446566,5174.010333379346,0.8595384821856429,0.3205738334806405,3.6937027588035383,2.3768941409069466,0.1987853235901633,1.823892164665007,1.8303787162684562,0.9617547033621233,1.4151394375448234,0.13420142812387548,1.8419537619691646,-0.6044804068007048,206.96041333517388,0.6131732330018812,0.06621103290595282,5.232995398116444,1.3816539737008935,0.6548521727510976,0.745203395944287,0.03944942716547957,0.8993994274549943,0.03944942716547957,0.23846304721102282,0.03782473799228451,0.9802752864172601,0.9802752864172601,0.996055057283452,0.9901376432086301,-0.7242674200305246,0.8427171324014499,0.03944942716547957,2.2486774759204504,0.577731922672703,1.0937320606545786,0.9040435044404481,0.7222650783998793,4.497354951840901,1.0542826334890998,0.19616320577744162,259.51397502452335,0.5849048813853396,0.21445536024650574,5.378010980174031,17.18162065871761,88.84865360678236,3.7627074943739514,0.21718341627462043,2.815006057595677,145.26151084827424,0.3719430845480617,0.29032786885245904,2.4113753339245743,0.23491329828982657,1.3406289984945405,0.04957609712606767,35.095238095238095,0.5570672713529856,0.23582766439909297,5.4603174603174605,790.7777777777778,4038.9523809523807,173.88403880070544,0.22001763668430335,15.317460317460318,0.24313429075333837,0.03239944031693567,0.17978996112915216,0.006921591704938743,3.759723650185543,0.04131147540983607,204.83043587805497,2.737617923946933,506.767868852459,0.3323067992475141,3.570668529965063,935.0891803278688,0.19692598763773178,5.261639344262295,48.158032786885244,250.38688524590165,10.51520947176685,0.21801457194899818,0.031221770669409236,0.16975184803125865,0.006697203968276916,4.840045693977282,0.03499329964360921,0.1478624658651927,0.002539284515066397,0.09421535175734767
1,1380,25,1.4260422625727065,2.1180943602592537,5715.927792601275,0.9135248962577931,0.3211931314372758,3.7271736859919717,2.332559947432018,0.2131011155130732,1.8275419349951438,1.9015113082125314,0.8725283334776411,1.460031613954377,0.14474785391309974,1.8472937515560632,-0.8965583854512632,228.63711170405102,0.6000506126085988,0.07258468037228051,5.208815344084144,1.6271505225316734,0.507777002664437,0.7599352208155958,0.0760399228426488,0.8181476509530121,0.0760399228426488,0.3827249210265127,0.06975639919815524,0.9619800385786756,0.9619800385786756,0.9923960077157352,0.9809900192893378,-0.5897754320093089,0.8084848481421741,0.0760399228426488,2.2445131332055155,0.5321342246135403,1.2848411973891745,0.9191129314047876,0.6931972658952683,4.489026266411031,1.2088012745465264,0.2089937859145612,264.25664805111677,0.5571809007140525,0.23437735392777354,5.479607601009607,29.208669572160403,147.376458741321,6.584045444614187,0.21838978606303075,3.2389798799903646,119.2913629840818,0.2683864839261013,0.28253731343283583,12.024992109006481,0.26637890102898276,1.6050877568231032,0.05337925129558447,29.96551724137931,0.5166468489892985,0.26040428061831156,5.758620689655173,1952.8793103448277,9523.189655172413,445.74233716475095,0.21264367816091956,6.103448275862069,0.10523186682520809,0.044443504188764124,0.20716153202168444,0.010320620244146518,4.519782868573059,0.03462686567164179,1118.8647443519621,3.002588234952157,501.4883582089552,0.2993960347516151,3.7161252840276227,1005.0847761194029,0.20963029627979504,5.245970149253731,49.13970149253731,251.53731343283582,11.138640132669984,0.22374792703150911,0.03220057685871474,0.1784908447182079,0.006914814929718586,10.492871858261232,0.01644336414541627,0.2862168020192469,0.005196258770305303,0.04508347404610718
1,1380,25,1.4275130874125248,1.9264575974200626,3505.9624766762718,0.4009361853294209,0.2597092030161683,3.78879891339184,2.1700377842813077,0.16147201378993872,1.6615475022880695,1.6485788146577782,0.829067969176218,1.3409698151050897,0.10767693867561402,1.6747447511011992,-0.15003049460366058,140.2384990670509,0.86820224,0.044029878981295185,4.289922473515716,0.844543675395016,0.34182657095571545,0.2538663672438974,0.015563978787014645,0.8836332137739629,0.015563978787014645,0.11468052266375617,0.015300502462136465,0.9922180106064927,0.9922180106064927,0.9984436021212986,0.9961090053032464,-0.7424198868449913,0.6686403786946922,0.015563978787014645,2.0567776526077552,0.8528761218850637,0.5033619652191409,0.9115468921801977,0.9216241581282907,4.1135553052155105,0.48779798643212685,0.067357586507728,271.84803736795027,0.8379848877858312,0.08391311352907621,4.331059339194119,24.967701393542413,107.65255905486227,6.0781851425237905,0.2499102375629047,2.0221280135840067,125.20637827342205,0.461247979208036,0.25980000000000003,5.705953171089592,0.18602091056077494,0.8780587387651658,0.04629632856977445,32.36842105263158,0.8518005540166205,0.07825484764542935,4.184210526315789,1584.0526315789473,6795.736842105263,384.6695906432749,0.2624269005847953,21.42105263157895,0.5637119113573407,0.0016741988272408331,0.005977785851162452,0.0006551130516148354,1.5639379599475183,0.0304,501.98891966759,1.9628156408316257,473.9856,0.37918848,3.3234534400000006,1085.2528,0.067264,4.2944,51.232,219.1488,12.553244444444443,0.24662222222222221,0.026777028344671203,0.11784166893424038,0.006617473135550516,1.0458081353491722,0.1290764493994503,0.04811570671492928,0.00031987768888888895,0.2479850467289719
1,1380,27,1.6847335343766132,2.3151134814337744,4285.266645451868,0.9450858887518253,0.27199141683564076,3.6312624077517417,2.5911169840778565,0.18631341982042654,2.029598958776028,2.056774642691627,1.3254135075123479,1.2657034765655086,0.1166628821209599,2.044687738209018,-0.8049250151038254,171.41066581807473,0.5375781082688875,0.06147601331757166,2.904122100573394,1.0690647238926996,-0.4823016192983732,0.8682965042933594,0.04986183210666173,0.8913258281920015,0.04986183210666173,0.2838631017724608,0.047252435537423865,0.9750690839466692,0.9750690839466692,0.9900276335786677,0.9833793892977795,-0.7014463443661357,0.8550590997132357,0.04986183210666173,1.6430176722089083,0.49366839626256553,1.2207212555820863,0.8913258281920017,0.6180867561555774,3.286035344417817,1.1708594234754246,0.22953958410000533,161.56653934026968,0.5225745156038232,0.2387127421980884,2.818243553455774,16.08286091410892,48.2384754727468,8.043957274449447,0.5454391116360565,2.8953519844132884,97.83354000155298,0.3527090465903844,0.30146341463414633,2.508175821620224,0.25427443446421455,0.6601444717267086,0.152806925148591,21.790697674418606,0.5067604110329909,0.24661979448350463,2.6744186046511627,898.1627906976744,2867.2093023255816,405.9011627906977,0.5813953488372093,6.116279069767442,0.14223904813412655,0.036939045978840235,0.06004918773781645,0.03116151053909618,4.309076382206561,0.041951219512195125,329.9502433747972,2.8923190325348167,331.3921951219512,0.32330945865556215,3.598301963117192,551.0175609756097,0.2312109458655562,2.911219512195122,47.00390243902439,139.40682926829268,23.903170731707316,0.5221951219512195,0.03253230186383497,0.08851410827203511,0.01853685026178493,13.493526945039257,0.04066506893721016,0.047982692841562556,0.011272943433786509,0.0400200100050025
1,1380,27,1.5006654429808006,2.196025992526283,5264.073838524091,1.0397110180406273,0.2998605155423868,4.656669693643816,2.4070732737887743,0.2059049425499132,1.885159061708409,1.9189036958690946,0.8391621115987392,1.5679111621900352,0.13291575818213966,1.9053597431210385,-1.131517826897248,210.5629535409637,0.5229365041617122,0.0765710627649407,5.666998121839709,1.8593236607817003,0.30889895063330486,0.959261909548095,0.059934543438864334,0.8824110162276876,0.059934543438864334,0.32567234131908507,0.05622308227894324,0.9700327282805679,0.9700327282805679,0.9940065456561136,0.9850163641402839,-0.679011767777147,0.8697803024322278,0.059934543438864334,2.3328382178035563,0.4710399793777954,1.3787063348503068,0.8835292261668606,0.6044202059356515,4.6656764356071125,1.318771791411443,0.25479911324673976,205.1456040076891,0.5052690233400189,0.26572512049279984,5.922345050627495,24.62835447808926,129.59878135565873,5.444646513956353,0.20699601436293447,3.2390611019601345,111.77763437131424,0.2969105246733988,0.27948275862068966,8.45269037521776,0.23530942202760485,1.4662716650688132,0.04561157583419024,24.529411764705884,0.4809688581314879,0.28835063437139563,6.392156862745098,1624.6666666666667,7998.509803921569,370.2690631808279,0.19662309368191722,7.431372549019608,0.14571318723567858,0.013368847244542084,0.11416544174566341,0.001686018498262555,4.357549851266357,0.03517241379310345,816.3237216455209,3.041547208599047,454.9806896551724,0.3137797859690844,3.489196670630202,758.2579310344828,0.254023305588585,5.739310344827587,49.242758620689656,277.99724137931037,10.51007662835249,0.21134099616858237,0.029508784350266288,0.1757044644486147,0.006040911743936967,7.936544911919289,0.025332660679783854,0.21182885079853647,0.004826720883145992,0.07532786681698758
1,1380,27,1.1433112960074672,1.9376429007576446,4013.7639446807393,0.6161932083843147,0.40663531364257,4.298619564734954,2.537189665213192,0.26935860166285963,1.5704952348843293,1.6189844470531054,0.34196023405172005,2.1952294311614717,0.18077322734019496,1.609200150882567,-0.8887959956878646,160.5505577872296,0.7945997918834546,0.12306984280609286,4.0042265677390025,1.5199939157433255,-0.15010268801036966,0.4064049946138675,0.027150150350642378,0.8744758086563316,0.027150150350642378,0.1789755513939919,0.026380095550152853,0.9864249248246789,0.9864249248246789,0.9972849849649358,0.9932124624123394,-0.719136652042366,0.760528772675383,0.027150150350642378,1.9772233165052415,0.7751639913651829,0.7709250964772058,0.9216997301457464,0.8775165479313207,3.9544466330104826,0.7437749461265641,0.10838878624112747,294.29098881993787,0.7270457571315104,0.1544231575550424,4.14989161422611,31.94726208895531,126.99489177188701,8.908069149619358,0.29771910655086553,2.574692527188458,138.22155465517997,0.39180488747710795,0.25983870967741934,12.663423113660254,0.1986681453655144,0.8830515219694759,0.060683285952072494,31.235294117647058,0.6124567474048442,0.23529411764705882,4.235294117647059,2429.6862745098038,9635.333333333334,652.0,0.32189542483660133,16.019607843137255,0.31410995770857364,0.03154349030546263,0.07083922472632244,0.02359732981219837,3.1976913680172054,0.032903225806451615,1506.0030757401,2.3172637584466407,559.1716129032258,0.36075587929240377,3.404127367325702,1231.629677419355,0.11183184183142561,4.029677419354838,51.30838709677419,203.68645161290323,14.965125448028674,0.2934767025089606,0.027963220706442672,0.11444059241378751,0.008657729598045245,2.8099440040266765,0.052058551876626835,0.07645390168800703,0.0009898520910491236,0.11355047711107774
1,1380,29,1.3285361497668802,2.0715365878154235,4161.661996947362,0.8194090444182979,0.3433569491386248,4.24771948776026,2.218367626014949,0.219255696050269,1.7495194952745257,1.7825197393276226,0.5589560293303799,1.659411596684569,0.15108313622644867,1.772251951283507,-0.9979272351607295,166.46647987789453,0.6625406906372374,0.0800585144825664,4.893210136442293,1.7712415671052402,0.577241372304542,0.6740998304462711,0.0313966811522744,0.9109699248159548,0.0313966811522744,0.20064637627783355,0.03038231543061646,0.9843016594238628,0.9843016594238628,0.9968603318847725,0.9921508297119315,-0.7584460309064787,0.8424460324283884,0.0313966811522744,2.1754382187411716,0.6360208127497964,1.0140533136276555,0.9289623448684556,0.7771460573701199,4.350876437482343,0.9826566324753818,0.17637412789963633,241.58316003320374,0.627653832948178,0.19707573812281284,5.071896617006713,17.140420369838708,82.35788427171296,4.049750132324253,0.2310368306695691,2.660808557216099,133.68336175725915,0.3993579068221705,0.289811320754717,2.3217482442362276,0.23201370582551217,1.239563996689239,0.05157914202948511,32.607142857142854,0.5822704081632653,0.2232142857142857,5.285714285714286,772.7321428571429,3562.714285714286,184.83978174603175,0.2261904761904762,18.892857142857142,0.33737244897959184,0.028842506849783324,0.23261342096991267,0.0039836276846860865,3.1917103653047607,0.04226415094339623,212.9027423469388,2.6822240159941697,442.96830188679246,0.33431569953720186,3.5664882876468496,877.8664150943396,0.17754702741189035,4.928301886792453,48.20905660377358,233.6135849056604,11.377421383647798,0.23427672955974843,0.031135061585780364,0.16063332204300307,0.00708399850214952,3.31278025554484,0.04821192872275686,0.11508372467983227,0.0018651743278008017,0.12593577149139817
1,1380,29,1.1137804554756585,1.725338772639381,3238.8111741057182,0.1343634381489311,0.38640239065881454,3.07616921533408,1.9042038310110554,0.20422208117475318,1.4015358844938914,1.3760617142112008,0.49654592638144185,1.4076579046296136,0.15710072608090217,1.4227638538478808,-0.24888683901846667,129.55244696422875,0.9632031249999999,0.059954148291999375,3.94818596673182,0.23303132099080404,-0.11974525645729528,0.06334350235359115,0.002765937441233624,0.9152603280105791,0.002765937441233624,0.026337466956067878,0.002755723633271882,0.9986170312793833,0.9986170312793833,0.9994468125117533,0.9990780208529222,-0.8294581770765562,0.42903618804388205,0.002765937441233624,1.9831896451508124,0.9641895564693157,0.14390219287185668,0.915260328010235,0.9818066764301956,3.966379290301625,0.1411362554306233,0.016527359948706195,359.137915494779,0.9439528780835478,0.028023560958226154,3.9134206187566676,39.2889632431384,156.0713800795267,10.093359034041315,0.2716448453108331,1.6644625968751374,159.1428894707917,0.5013687792764456,0.2378125,14.88758170609034,0.15901388067861977,0.598779186762583,0.04907255415762895,32.22222222222222,0.8950617283950617,0.05246913580246913,3.8333333333333335,7181.944444444444,28673.61111111111,1809.0277777777778,0.2916666666666667,20.666666666666668,0.5740740740740741,0.002423519890260631,0.006227412894375856,0.0014725466392318245,1.6430827743914245,0.0225,5206.635802469134,1.6152055585492917,641.56875,0.40098046875,3.17674375,1541.125,0.0183984375,3.94375,53.55125,211.8425,13.9784375,0.2640625,0.024987334065570674,0.09708475292894937,0.006962979349726002,0.5010048231511254,0.5134376253509828,0.0024345703125,5.816589355468751e-05,0.39538714991762763
1,1380,29,0.9850781601674898,1.95438334312549,1930.1407777802738,0.8680687677461225,0.4619487265854867,2.75120522880144,2.413712459069667,0.3019918359033894,1.5326745024579416,1.5951548240433964,0.5939308925306198,1.819781566539047,0.21054934358418567,1.578133146915653,-0.3915875387420323,77.20563111121096,0.6828370447450571,0.14141309890920334,3.988888458821839,2.7102484411118315,-0.14070187689606808,0.7178523724134185,0.03562037930901886,0.9056591590231156,0.03562037930901886,0.22026769851318562,0.03428094623752589,0.9821898103454905,0.9821898103454905,0.996437962069098,0.9910949051727453,-0.747588189257922,0.8559840239687115,0.03562037930901886,1.9540521423410624,0.6429567908581517,1.1084635763202861,0.9140316448506977,0.7916997312333918,3.908104284682125,1.0728431970112682,0.18836818793060936,152.28411899557608,0.6628021833424724,0.1972636915513724,4.061583241793145,16.13004461431317,64.15159051935422,5.251882000992925,0.3258400584195345,2.6156696500211436,83.0492699490035,0.416065725436787,0.29580645161290325,1.9296890000093094,0.22412149650559648,0.9189632534016228,0.0740701990277662,19.0625,0.595703125,0.24609375,4.0,773.46875,3044.96875,243.99652777777777,0.3541666666666667,7.375,0.23046875,0.04264696277266783,0.14551984567073442,0.017274252271916618,3.2928377974034104,0.04129032258064516,186.9208984375,2.7117323653910663,259.45935483870966,0.3347862643080125,3.414100312174818,529.1987096774194,0.1829161290322581,4.024516129032258,47.418064516129036,189.53935483870967,15.360143369175628,0.32415770609318995,0.030981830760978227,0.12447845093832037,0.010246628722509844,2.001585952987822,0.08224149640613505,0.09940447319927863,0.002025845300034686,0.19833385530848732
1,1380,31,1.43200393184855,2.2274715768845703,4540.413651800498,0.8367529085903864,0.41927214654218026,2.4755291968722517,2.3999428873377933,0.23705532045560668,1.7940375795460324,1.7705502245493747,0.9307190904377701,1.4692237969000232,0.17463304076176825,1.8171733597792123,0.05517657936470556,181.61654607201996,0.6219218512396695,0.08354818266788448,5.193234888754795,1.3178188063328036,0.7085924998230446,0.7217052172123883,0.02539553603887408,0.9320090629937405,0.02539553603887408,0.16935268940723758,0.024702732678443994,0.9873022319805629,0.9873022319805629,0.9974604463961125,0.9936511159902814,-0.7986249137347192,0.8539299048064403,0.02539553603887408,2.240339650467653,0.6053810497593141,0.9849910507667677,0.9374410376630598,0.7427281770769427,4.480679300935306,0.9595955147278943,0.18677518831281556,205.3000311855408,0.5819307362410318,0.21644884872835693,5.3944025408200815,28.648807014581685,138.60151806496623,6.509740262066369,0.2171169400739641,2.819906203294079,112.2397134551762,0.36577332447573974,0.25581818181818183,9.198993203502006,0.1928148672998392,1.0774904454741538,0.04419008983661801,22.813953488372093,0.5305570578691184,0.2574364521362899,5.558139534883721,1956.2558139534883,9062.976744186046,454.9244186046512,0.2222222222222222,8.953488372093023,0.20822065981611682,0.009748775605079925,0.06946570632887378,0.002559780485205495,3.7021027666226116,0.03127272727272727,933.743645213629,2.5590544132557183,496.74254545454545,0.36126730578512395,3.3505607933884294,855.1425454545455,0.19120978512396694,5.234909090909091,51.70109090909091,266.53236363636364,11.284585858585858,0.21763636363636363,0.0268997837788314,0.14424426956641243,0.00596628480254803,2.656077572216814,0.063008844150488,0.09054906554138828,0.0015547866366140753,0.16426787125917552
1,1380,31,1.1026252414093163,1.9070260612126457,3523.8269563128165,0.5159923620999494,0.3864826776594017,4.70270048695672,2.0372564630468055,0.25579173466858063,1.5809203406310675,1.6708545893097155,0.3840405556870609,1.6532159073597446,0.16785869309950655,1.6156243962819283,-1.3507750608139462,140.95307825251268,0.8246617283950618,0.11093306644029469,3.8360643867795012,1.1413165588291636,-0.37422804752245975,0.34043990825742887,0.021609292984677855,0.8804059395450237,0.021609292984677855,0.14957190328788147,0.02111851011562281,0.9891953535076611,0.9891953535076611,0.9978390707015322,0.9945976767538305,-0.7355600040915913,0.7274528908255873,0.021609292984677855,1.938131226972213,0.8063753214331236,0.6487775275470897,0.9336290671885094,0.8948512281246732,3.876262453944426,0.6271682345624123,0.0905123003105267,258.6354227529217,0.7727584963625145,0.1224321444223718,3.8652728486225003,34.7817166630824,135.33094799723494,9.880369652472261,0.31779584223780927,2.4039915349596908,117.89462705595903,0.4113593335330795,0.24740740740740738,12.779511633384663,0.1749441329220018,0.7007776707777597,0.058479347759121614,24.166666666666668,0.6712962962962963,0.1875,3.861111111111111,3032.3333333333335,11919.527777777777,817.3557098765432,0.3464506172839506,13.0,0.3611111111111111,0.004054471581749524,0.012958115215206786,0.0023922786613456218,2.6501854804581937,0.02666666666666667,1626.0833333333335,2.1799125835305952,499.31851851851854,0.3698655692729767,3.2514216735253765,1113.2933333333333,0.09140246913580247,3.8377777777777777,52.54222222222222,200.90296296296296,15.945041152263373,0.3078395061728395,0.02601003926261863,0.10113345044464975,0.008255636957381641,1.7643941782261454,0.08040512269970622,0.05695140425565703,0.0006054003048315805,0.17048772910841875
1,1380,31,1.1894366480642582,1.686061193435036,3109.2440375087613,0.21728031215669708,0.23606354767190818,4.2621790929871475,1.9325976035765737,0.15573406413867918,1.4247563589793226,1.4126678970307498,0.6275358431689101,1.3050617604076638,0.10127784690360757,1.4397323912238602,-0.5613717997483433,124.36976150035048,0.9330702222222222,0.04289867588715775,3.8953917109930263,0.4301602863176696,-0.22505685204625991,0.1239709350303064,0.006565546901651034,0.8986446078309607,0.006565546901651034,0.055888801176183264,0.006512531266536508,0.9967172265491745,0.9967172265491745,0.9986868906196698,0.9978114843661163,-0.7832410653280325,0.5316108948930562,0.006565546901651034,1.9662248281479509,0.9282192277674848,0.2589160606079021,0.8986446078308818,0.9629420546971252,3.9324496562959017,0.25235051370625144,0.03263412048298936,352.41595876145044,0.9106364074860963,0.04468179625695188,3.8591720598764088,27.589587459036004,108.65816041994594,7.322444218808517,0.28520698503089786,1.7436275294655446,163.71618137776608,0.5095655425957017,0.2575,8.031797924013162,0.17361694595373908,0.6561517867067834,0.052983235765478025,38.19047619047619,0.909297052154195,0.045351473922902494,3.857142857142857,2142.5714285714284,8456.42857142857,564.1071428571429,0.2857142857142857,19.095238095238095,0.4546485260770975,0.0016160147607912681,0.0060944229978533515,0.0004964127015257473,1.7165564094831944,0.028,867.0612244897958,1.7456623045443291,581.3986666666667,0.3875991111111111,3.223066666666667,1399.6053333333334,0.033464888888888884,3.896,51.38666666666666,201.14266666666666,13.947666666666667,0.276,0.02610392899134963,0.10104679778701603,0.007368211792433024,1.1881446319737459,0.22195368566425805,0.006007259259259259,0.00019930200493827163,0.22388059701492538
1,1380,33,1.2647560450680366,1.9645850139996004,3253.1127233340058,0.5908180040076474,0.45450021065741253,2.525303505351209,2.1212726527535537,0.24102787249807187,1.6392613719335447,1.6862488769965476,0.8890244500799893,1.2322482026735644,0.18208481704173576,1.6639130304947485,-0.5495471692303447,130.12450893336026,0.8033600724309642,0.08142872753677044,4.231410185451088,1.5346213854363615,0.1649250486696784,0.40367872763078905,0.014379886340750207,0.9313110254843708,0.014379886340750207,0.10784945553692926,0.014159798888206414,0.9928100568296248,0.9928100568296248,0.998562011365925,0.9964050284148124,-0.8238661430373062,0.7859936113842109,0.014379886340750207,2.0332448903598475,0.792477182612492,0.687516186048397,0.9468938584226338,0.8871894896475533,4.066489780719695,0.6731362997076475,0.10451465349288482,247.0124729836714,0.7698669255670072,0.12588636080655968,4.304318875701096,19.28330775435433,80.835628291582,5.137481511727508,0.26945425823770286,2.2365113796593827,125.11104716353893,0.4622600632994446,0.2723404255319149,2.13338212538091,0.19079772390136618,0.8454983131271577,0.05214439699870194,27.63157894736842,0.7271468144044322,0.14681440443213295,4.578947368421052,1241.921052631579,5050.0,340.6323099415205,0.25146198830409355,14.789473684210526,0.389196675900277,0.008671897463331977,0.06905945757896749,0.0012226885585296591,2.432307687640491,0.03234042553191489,285.8095567867036,2.2578353761893117,428.3259574468085,0.3645327297419647,3.297419646899049,943.948085106383,0.1060751471253961,4.243404255319149,49.827234042553194,209.90808510638297,13.278416075650117,0.2676359338061466,0.027533597883597882,0.11955145408833354,0.00733514028192487,1.0687195863746959,0.13375261457903498,0.04136061213705752,0.0004701912549884579,0.29717787234042553
1,1380,33,1.0684924724138132,2.0260886047976396,3175.9288379836407,0.9984702076607244,0.7067764099765308,2.3711786254809035,2.2503830393235393,0.3495755538476829,1.5575627331873214,1.6125144172125951,0.37437252366364093,1.8760105156598983,0.27030695394227083,1.6101537099862744,-0.4693128654075727,127.03715351934565,0.6213924198250729,0.1665933019686044,4.420444987369537,3.176199198237869,0.04576105902805663,0.840546554936125,0.05111819697123626,0.8852505047248989,0.05111819697123626,0.289018589081182,0.04836106015212022,0.9744409015143819,0.9744409015143819,0.9948881803028763,0.9872204507571909,-0.7147607988824302,0.8687918967718138,0.05111819697123626,2.0550149202744077,0.5821156939641958,1.2684978469529749,0.96004067947604,0.7484964967568579,4.110029840548816,1.2173796499817393,0.22291618797684032,203.7285108061402,0.5674873764250258,0.26806842490833704,4.588377902154999,17.551412628717042,76.73989486752988,5.132596725958729,0.29889115340055156,3.056864451315536,108.32070338756954,0.3367818591202194,0.2920408163265306,3.050094538013204,0.23945948344638743,1.1873209840448713,0.07292995615996964,24.166666666666668,0.5034722222222222,0.3263888888888889,4.666666666666667,998.1458333333334,4358.604166666667,276.06365740740745,0.3148148148148148,9.166666666666666,0.1909722222222222,0.012674741091547129,0.057937453351049606,0.006911176657466121,3.970652744444985,0.03918367346938775,346.83289930555554,2.9251807879295533,393.0669387755102,0.32087097042898793,3.52280283215327,761.2057142857143,0.22690812161599333,4.428571428571429,47.92734693877551,207.58122448979591,14.291428571428568,0.2979591836734694,0.030786042209778847,0.1417208624492881,0.009425540416258888,4.470383389576302,0.0385300497692915,0.14635796692969164,0.003671177886009325,0.0904217496388885
1,1380,33,1.4853527888771505,2.2128889628541075,1791.4121275322232,0.8281801303931078,0.40039306892877957,2.119552026885126,2.3395303484559804,0.20815326911310944,1.8292310094309314,1.8095720149041443,1.2926510569801868,1.0468792914757936,0.15417967065325666,1.8472177933995368,0.2137794435221578,71.65648510128894,0.6142875283446712,0.06612749038814882,1.76328431372549,1.2743477760222799,0.7241143153915159,0.7501121299500193,0.012843137254901962,0.966312712788667,0.012843137254901962,0.09620617072219922,0.012640388312187618,0.9935784313725491,0.9935784313725491,0.9974313725490196,0.995718954248366,-0.8859584137733342,0.8751389039636276,0.012843137254901962,1.2565686274509804,0.6058819780853518,0.9151628328101913,0.966312712788667,0.7370098039215687,2.513137254901961,0.9023196955552897,0.1907388168012303,88.6981250947596,0.5969610977773969,0.20151945111130154,1.839532215926785,17.466728165000003,30.34535780495638,14.247070755010908,0.7901169460183037,2.253852462251275,63.31450718136511,0.5137569651233622,0.28285714285714286,1.4211255591585534,0.19268043605113622,0.3840577943594634,0.14483609647405438,12.454545454545455,0.5661157024793388,0.21694214876033058,1.9545454545454546,635.5909090909091,1075.909090909091,525.5113636363636,0.7613636363636364,13.363636363636363,0.6074380165289256,0.013360672891485747,0.0499061274369403,0.00422430925512211,1.9762865966786274,0.0419047619047619,66.11776859504133,2.3635010442830877,198.15809523809523,0.3774439909297052,3.3747156462585037,322.50095238095236,0.19285623582766442,1.782857142857143,48.76380952380952,85.4095238095238,39.602380952380955,0.8042857142857143,0.028669222486172603,0.053748587565537666,0.02239938121633133,6.9730628654970745,0.3302181011935026,0.011536386999244141,0.00231121361983947,0.31788079470198677
1,1380,35,1.2256305910598344,2.145074531005275,5188.018365864185,0.9957228033007521,0.41107178370013764,3.1651103391302855,2.461724267553364,0.2811697889898194,1.7232901380044887,1.7941029045029626,0.7063864126934273,1.755337854859937,0.18564231493646094,1.759921702102357,-0.5682583709470667,207.52073463456745,0.6062310536867899,0.12759549778732726,4.7788511789819355,3.1817069131832705,0.29791453603314894,0.9242558771413589,0.02641006305316953,0.9444488972815457,0.02641006305316953,0.17428343727079706,0.025649387064438256,0.9867949684734152,0.9867949684734152,0.9973589936946831,0.9933974842367077,-0.8237880422222753,0.9020058370131117,0.02641006305316953,2.134099861350587,0.5729225758749458,1.2024015560066208,0.9521744922035755,0.7311382033672416,4.2681997227011745,1.1759914929534516,0.2376664850486321,258.600098318803,0.6147757870021467,0.21990829588555452,4.84648286145676,28.694596289668436,134.42799180672054,8.127485328204239,0.25713045548628705,2.8229339973282155,140.43980043774252,0.38872454879321683,0.2519402985074627,7.847281786217701,0.1934165755764673,0.9760267700581173,0.046081173559609556,27.680851063829788,0.5889542779538253,0.2218198279764599,5.212765957446808,2208.2340425531916,10102.021276595744,634.2671394799055,0.23049645390070922,12.148936170212766,0.2584880036215482,0.029533522759073855,0.2500001985547373,0.0037221461432753377,3.454362835604692,0.028059701492537312,938.1457673155275,2.7331467104911926,609.5050746268656,0.36388362664290486,3.3716993539763873,1015.4370149253731,0.22841113833815993,4.804179104477612,52.154626865671645,249.93731343283582,13.883747927031509,0.2638805970149254,0.027465944183090594,0.13687668291197075,0.006929678894621541,3.4574053108275002,0.0498628399789832,0.07945517689037798,0.001976532868737178,0.1261763242049622
1,1380,35,1.0048736739385982,1.851911209912997,3800.2864852875673,0.5714633677150672,0.5508695857865931,2.562967299881819,2.3029106199309872,0.28820266268667144,1.4550287084963796,1.540740239059594,0.3660857975910809,1.9368248223399063,0.2149489757844024,1.4951463601950317,-0.5063726573029705,152.01145941150273,0.7975716262975779,0.11835409585580964,3.7596332038520353,1.1934921419779256,-0.4147455802089955,0.3845884928681444,0.03811670288595123,0.8197729814150644,0.03811670288595123,0.23254827294427619,0.03661169698251509,0.9809416485570244,0.9809416485570244,0.9961883297114049,0.9904708242785122,-0.6166166967955643,0.7097251677813575,0.03811670288595123,1.9165104265988469,0.7615693647684947,0.7891803834574236,0.8403438757951581,0.8682917996574012,3.8330208531976937,0.751063680571473,0.10567629893852387,348.50220784641067,0.7342080283201794,0.14379807614240647,3.7755834755921525,19.436549505371666,73.84757651467288,6.002583527515458,0.33855948693729315,2.66107425694831,146.71140581001754,0.35061847811828556,0.27808823529411764,3.340880530438781,0.22697418603567235,0.8440598309545528,0.08882700381603544,39.03225806451613,0.6295525494276795,0.21644120707596254,3.838709677419355,1388.1290322580646,5382.048387096775,393.84274193548384,0.36200716845878134,17.387096774193548,0.2804370447450572,0.01050558200736935,0.05775667277180687,0.00449379386000712,3.315807832612784,0.036470588235294116,636.3080124869925,2.3893695520899456,572.7294117647059,0.33689965397923877,3.5083307958477508,1355.8717647058822,0.10566747404844291,3.7852941176470587,49.41294117647059,187.26529411764704,15.402140522875818,0.3206699346405229,0.029460870366665188,0.11079591845997658,0.01030629215678041,4.260240119857464,0.0339318486898077,0.12234961604944103,0.001305945397051554,0.07415591023928933
1,1380,35,1.0042618397017415,1.8074609098679524,2616.355322679622,0.5751793980337243,0.4107603854045858,2.6452811401272083,2.0434948609694668,0.2459052666026621,1.4148540955975935,1.4081120399585405,0.5489464354587653,1.4945484255107013,0.17468230027821868,1.4467495492115066,-0.17607428225718647,104.6542129071849,0.7956185599999999,0.09127214631441256,3.774109328559764,1.2526154811048613,-0.4280737536578951,0.39687974370698353,0.03314759457882879,0.845980933269776,0.03314759457882879,0.20880886638207713,0.031996318670649934,0.9834262027105856,0.9834262027105856,0.9966852405421172,0.9917131013552928,-0.6617923179913097,0.7312403276067884,0.03314759457882879,1.9191589631557364,0.7638823801478134,0.7766178123222949,0.8850690008893134,0.869378929484353,3.8383179263114724,0.7434702177434668,0.10750683457145307,255.85747006034558,0.7397300884672829,0.14060054838516045,3.7848137714401284,25.49445196500388,98.12950993023522,7.504792559831682,0.3359691369601203,2.4144637782914815,121.60433991112897,0.4087136835229624,0.27540000000000003,8.807162144510142,0.21252056723579615,0.8171663746332001,0.07596597731476237,29.434782608695652,0.6398865784499055,0.20982986767485823,3.869565217391304,1573.2173913043478,6144.608695652174,434.451690821256,0.3550724637681159,17.565217391304348,0.3818525519848771,0.03142083068890111,0.13983179150229602,0.008679335788826658,2.779835158846824,0.0368,834.79584120983,2.301731096498651,437.2304,0.34978432,3.4291097600000002,994.5232,0.10667776,3.7808,49.6256,187.744,15.569777777777778,0.32168888888888886,0.02906669249181154,0.1100998644494835,0.00975333777399849,2.7680320750347387,0.05229091738139636,0.09816105796960332,0.0011141899377777775,0.11953021276595745
1,1380,35,1.1600845323445452,1.8184046450811469,3308.851894393717,0.08714248326859174,0.4490213901312021,2.037599560530449,2.0889095556382555,0.22552911259258787,1.4380720893647418,1.3504539733478298,1.0064792969161092,1.0824302587221464,0.17853162971936196,1.4610760273419607,0.4900535786139724,132.3540757757487,0.978305098855359,0.06669182346349167,1.0294569463096637,0.13276094902095437,0.06909285746670035,0.03741532555870668,0.004251151568882548,0.7960720778082708,0.004251151568882548,0.03865869671150568,0.004228934200776638,0.9978744242155587,0.9978744242155587,0.9991497696862235,0.9985829494770392,-0.6617786556331673,0.3228594110500592,0.004251151568882548,1.0105275073647018,0.9749378272354288,0.11277676901966462,0.796072077807495,0.9873469168508571,2.021055014729403,0.10852561745078239,0.010416619281897306,390.2650946623046,0.9645799586406121,0.017710020679694044,1.0541327223733044,21.27166649204684,21.717622441351075,21.160177504720778,0.9864668194066739,1.5816901321794075,166.44734318637205,0.49537240888505607,0.2609677419354839,2.2780443113863345,0.17294184031235316,0.1941513987044298,0.16763945071433406,44.166666666666664,0.9201388888888888,0.03993055555555555,1.125,1291.8333333333333,1306.1458333333333,1288.2552083333333,0.96875,23.125,0.4817708333333333,0.006653718171296296,0.02255649594907407,0.0026780237268518524,1.4891367584160078,0.03096774193548387,249.08159722222223,1.602558964387616,599.7729032258064,0.38695026014568157,3.2645594172736736,1516.3729032258063,0.0108474505723205,1.0329032258064517,51.04387096774194,52.210967741935484,50.75209677419355,0.9917741935483871,0.026566490909386453,0.028519895927307602,0.026078139654906168,1.5021208583500112,0.3441875785293568,0.003748893513701006,4.403131818334395e-05,0.31788079470198677
1,1380,37,1.161877236885594,1.7413670984681449,3911.9712751238067,0.09942445302720165,0.4191227413690233,1.9049278250165043,2.0048306072532234,0.2077923005967164,1.4448619188575509,1.4118604881023151,0.9258545493400746,1.0789760579131489,0.16752055898692647,1.464085347299613,0.15193052934369308,156.4788510049523,0.9761570275849129,0.05591993961270448,3.969500360491786,0.1325538451972087,-0.06421142271353307,0.03892561570679994,0.006529810380320482,0.7119096659969826,0.006529810380320482,0.05657048893739468,0.0064851950389652226,0.9967350948098398,0.9967350948098398,0.9993470189619679,0.9983675474049198,-0.5496387690565585,0.3137858987052672,0.006529810380320482,1.990326914795629,0.9708518924082513,0.13733562814499056,0.7572604089504473,0.98527748831041,3.980653829591258,0.13080581776467068,0.011363856521780106,419.192114577374,0.9512864885162238,0.02463626893256355,3.9596478759727933,37.55759140797396,149.82029897794246,9.499054401506196,0.26486049278874046,1.7403209895273553,175.2498539390761,0.47192851877315467,0.24095890410958903,14.628575199614838,0.16460872933768078,0.6558830473835393,0.04597075554754895,38.31818181818182,0.8708677685950413,0.06766528925619836,3.977272727272727,3948.7954545454545,15779.818181818182,991.1407828282828,0.2809343434343434,15.954545454545455,0.36260330578512395,0.007715875053882002,0.05703078531138453,0.0017002788026376824,2.2299678744471088,0.02410958904109589,2228.4313016528927,1.6178470121326751,718.9342465753425,0.3939365734659411,3.1903849878025894,1781.4865753424658,0.01195751548132858,3.9726027397260273,53.20821917808219,211.7731506849315,13.57185692541857,0.2580669710806697,0.02520794133990481,0.10079334577565172,0.0066160042340122245,0.7438917824074075,0.1703690161772771,0.02179227376850908,2.5771448891265248e-05,0.3451126073833295
1,1380,37,0.7934988336244129,1.7185389802353879,4409.387523042463,0.8938971369806454,0.5286591316328061,2.372916166668799,2.176060688733478,0.2862338222025998,1.2488206038385528,1.2452176627164113,0.4109931536426453,1.7650675350908327,0.21023492612610511,1.2960581296549734,0.0710768364898038,176.37550092169855,0.6002928616780044,0.12021377487305969,3.243785378167558,1.4894485076819783,-0.6205339107736609,0.766387986221251,0.040812877381928396,0.8988210866783117,0.040812877381928396,0.244633652150107,0.03907683174002344,0.9795935613090359,0.9795935613090359,0.9959187122618072,0.9897967806545179,-0.7235543937732151,0.8481032681722005,0.040812877381928396,1.7499675259886,0.5691992286084696,1.1239035360275762,0.9029686973606547,0.7152718484049139,3.4999350519772,1.0830906586456481,0.20180021590079483,389.191722501883,0.5564231146233388,0.23313715215216213,3.133039007382969,31.403004902859255,111.04136212652472,11.610202814188954,0.48034493005175527,3.00519873930409,212.99452500415188,0.3396522981673362,0.26542857142857146,12.739788001636397,0.22419796162795463,0.6650620726587715,0.11964311226571409,42.45238095238095,0.5053854875283447,0.27366780045351474,3.011904761904762,2252.5833333333335,8219.82142857143,764.7156084656084,0.5234788359788359,15.333333333333334,0.18253968253968253,0.03551075313119428,0.0940686352660691,0.022386776231385196,4.339219794553488,0.032,1276.020833333333,2.746470243579827,897.5180952380953,0.3419116553287982,3.4918130068027207,1575.768761904762,0.20588785487528344,3.246095238095238,50.77904761904762,167.68190476190478,21.855555555555558,0.4469417989417989,0.02904026203073822,0.09092395979555845,0.014063993994129104,8.81953998722231,0.01976850232078182,0.14982142350550454,0.0027291112119250728,0.05393184617490077
1,1380,37,0.8995753339939682,2.063506610922503,3444.0349328057027,1.2763023864083636,0.6725104138906182,2.303359446073007,2.3281777512765482,0.3646343606080652,1.3347256327077823,1.1658395495143803,0.4962864481799551,1.831891303096593,0.2770748392042797,1.4028613479611087,0.7153308196559508,137.76139731222813,0.4811343673469388,0.18652744699606988,3.8374442992652877,5.153238705943036,0.10447661012929427,1.3594833926697847,0.03936826935250893,0.9437431420662047,0.03936826935250893,0.2382650476655912,0.03775748302659639,0.9803158653237456,0.9803158653237456,0.9960631730647491,0.9901579326618728,-0.8059525515271421,0.9342423537141433,0.03936826935250893,1.8727978823436626,0.4447351071695137,1.5293434193863944,0.9629213009138389,0.6143789607568547,3.7455957646873252,1.4899751500338863,0.3497129155055734,238.7459842432611,0.48061790675221205,0.3495932209457589,4.000548843463119,20.08926186907203,71.49025137975596,9.441793124411191,0.39899552013380823,3.180392207923296,162.87583399998675,0.3726816813983408,0.2835714285714286,4.590841573962457,0.22996676392184304,0.8995645448768536,0.09872026177365041,31.816901408450704,0.4481253719500099,0.3872247569926601,4.056338028169014,1191.0422535211267,3432.549295774648,709.4917840375587,0.40805946791862285,18.098591549295776,0.2549097401309264,0.03118920086625759,0.06027708617032486,0.025728087379964792,4.030796810013482,0.04057142857142857,583.523903987304,3.1728819985318477,577.5634285714285,0.3300362448979592,3.543869387755102,841.9851428571428,0.34701224489795923,3.9137142857142857,48.856,188.26228571428572,20.399984126984126,0.40934920634920635,0.030353005075045895,0.11655876705179426,0.013049506467784055,6.781045081967211,0.03525578068889797,0.11563216028853718,0.004472602267573696,0.09098381421534132
1,1380,37,0.7412546316212852,2.0989455499732226,4315.536652130998,1.3544250971877299,0.8052074402065745,2.4220188381631313,2.40725239385341,0.43257853614798275,1.415501229939752,1.4940362258585704,-0.03158613128158547,2.4388385251349955,0.3229170210544799,1.5070949140876782,-0.325740585663827,172.62146608523994,0.4469058171745153,0.267691348107995,8.531566376231272,6.033284219081102,0.2117775459278579,1.5444986772058913,0.027045026269669807,0.9656146314868947,0.027045026269669807,0.1785261272600983,0.02628379459926702,0.9864774868651651,0.9864774868651651,0.9984091161017842,0.9945909947460662,-0.8634345628953198,0.9510213477784242,0.027045026269669807,2.855196830385162,0.42036913814369703,1.5465695267945443,0.978180386051914,0.5768079331635528,5.710393660770324,1.5195245005248754,0.39288592586889026,242.1913740308691,0.4553100681992552,0.38535204903673337,8.632029131452171,20.79952339050111,164.94364016275188,3.2906069514193694,0.14379776101769645,3.0375020067498237,197.4474808621556,0.4346613737138384,0.2798684210526316,4.72313502045777,0.21509240980900968,1.8191262673405013,0.03364526252615531,34.12676056338028,0.48065859948422934,0.3816703035112081,8.71830985915493,1243.6901408450703,8971.014084507042,220.22769953051642,0.1468114241001565,29.253521126760564,0.4120214243205713,0.03552148924856919,0.2255553577365125,0.00765545318356412,3.30863372359748,0.03736842105263158,527.562388414997,3.1185544496599378,671.58,0.35346315789473687,3.467114681440443,849.1210526315789,0.3878770083102493,8.59157894736842,49.17894736842105,421.0357894736842,7.032244152046784,0.14300438596491227,0.03003415234514858,0.2539466593898768,0.004546130532229678,1.8886838417416245,0.049178312364247356,0.16245993250012433,0.0017128399175454796,0.28136157311006366
1,1380,39,1.0532951032221949,1.8667589281234411,4999.177384124322,0.5978373839167612,0.29444815742032016,5.353101353840538,2.1386562933000364,0.25294119308711605,1.5391787647041786,1.6269677442564356,0.29111523244214194,1.8475410608578944,0.1384031752016788,1.5810087577436631,-1.608261298921134,199.96709536497292,0.7922180000000001,0.1305174223458801,3.8302914458951247,1.4119694904694344,-0.37254113824038515,0.4076269172532656,0.014630727717921888,0.9305127574430474,0.014630727717921888,0.10950526525799473,0.014404856421572474,0.9926846361410391,0.9926846361410391,0.9985369272282077,0.9963423180705195,-0.8195337105794462,0.7821508162218412,0.014630727717921888,1.9318492889155305,0.7864047277427213,0.6821370912531395,0.9514094919603834,0.8824749820490755,3.8636985778310606,0.6675063635352182,0.10556441124279689,375.3192965207513,0.7413814427312683,0.14163456939309418,3.862648285055756,33.56214017045393,130.28890808508845,9.770671870294322,0.3264096507791778,2.375775570552698,189.5527101375837,0.4425600298589898,0.2525,12.936671453742454,0.18175402900289178,0.7172891392936049,0.06428149262746624,36.38181818181818,0.6614876033057852,0.19702479338842974,3.981818181818182,2804.6545454545453,10926.036363636364,789.9454545454546,0.33535353535353535,17.945454545454545,0.3262809917355372,0.003047194340529218,0.016407690988173355,0.001028503331003717,3.0196917578384608,0.0275,1482.3404958677684,2.1868316758218502,761.406,0.380703,3.2816,1584.436,0.110239,3.839,52.002,199.025,16.170694444444447,0.31580555555555556,0.02621162918871252,0.10164380842151675,0.008551732528659614,1.8364209778561638,0.08003195942913201,0.04136824873898491,0.0005173577513888889,0.16655815329979284
1,1380,39,0.9720450546067932,1.5020368773345534,3876.666157263575,0.5442716453007717,0.2508310971732379,4.7972434893191265,2.0368657249418627,0.18415609976905353,1.2724076933156496,1.305387155383972,0.2847576981563962,1.7521080267854665,0.10735581077893623,1.298270782578583,-0.5707488506064892,155.06664629054302,0.784636672967864,0.06648568688835413,3.63189834029779,1.0546138172144286,-0.5849549253732653,0.39939169444415673,0.024548993467638062,0.8840484820081984,0.024548993467638062,0.16568560733419488,0.023926966541484018,0.9877255032661809,0.9877255032661809,0.9975451006532362,0.9938627516330905,-0.7172006205420198,0.7315432583448027,0.024548993467638062,1.881006941283444,0.764603892651545,0.6861720357206744,0.887502956750755,0.8675804313683483,3.762013882566888,0.6616230422530373,0.1059851719779487,466.32603716396454,0.7369783006226973,0.13283424515952033,3.557520109923191,19.674841161011006,73.17670592725361,6.304393329627958,0.36382279166557685,2.4533910588180854,216.27868105728118,0.39678855086067555,0.2743478260869565,2.9734408813936177,0.20809510746607246,0.7188087416335893,0.08316563281276101,55.30952380952381,0.6584467120181405,0.17800453514739228,3.4523809523809526,1085.047619047619,4141.5,320.9874338624339,0.4001322751322752,28.428571428571427,0.33843537414965985,0.01922104133880968,0.05261349596111654,0.014179805990111271,3.127415407689165,0.036521739130434785,335.33106575963717,2.307927194209781,799.4608695652174,0.3475916824196597,3.438581474480151,1804.664347826087,0.10799924385633272,3.639130434782609,49.74956521739131,183.33739130434782,16.35647342995169,0.341183574879227,0.02872730358649096,0.10219146688466045,0.010602808655668386,3.9215519023986753,0.03638352986151849,0.09146777068171837,0.0008516027332584494,0.08703909647259386
1,1380,39,0.9692786913611451,1.5986938872144143,4093.5773719009376,0.6611853377718674,0.3037255265447705,6.058983456940715,2.0139472039056026,0.21413293118179952,1.2180236967389562,1.1688560651089244,-0.1441529970816811,2.158100200987284,0.1318156802043089,1.2547720252486163,-0.4793473575167222,163.74309487603753,0.7437659763313609,0.09087110952888187,8.216902203593737,1.8448768800690014,-0.7853891775274143,0.5388247061862912,0.044051578163692,0.8485065063489361,0.044051578163692,0.2583055451028608,0.04198839225876878,0.977974210918154,0.977974210918154,0.9974087306962535,0.9911896843672616,-0.6381804169688365,0.7588544356860051,0.044051578163692,2.844851490166162,0.6930397181878486,0.921406100429805,0.8622528813447741,0.8218564247899511,5.689702980332325,0.8773545222661139,0.1457190710874958,496.1647215034518,0.7083655481363521,0.16864711910899247,8.196571660082121,36.15317963806594,304.8491988700441,4.629077478110366,0.13959870445911482,2.6139861738784003,223.17012483811152,0.36480171980134024,0.26884615384615385,18.804013022197136,0.2236290508574475,1.816996054014088,0.03249716849059558,54.06976744186046,0.628718226068145,0.2283666846944294,8.081395348837209,3037.953488372093,25822.95348837209,380.9609980620155,0.14777131782945735,21.790697674418606,0.2533802055164954,0.03220968070160883,0.28619898823630596,0.005457366909800717,3.5887745202143915,0.03307692307692308,2123.9459167117357,2.5231936840302818,875.4392307692308,0.33670739644970415,3.4803455621301778,1933.7915384615385,0.1414905325443787,8.281538461538462,50.39230769230769,419.77076923076925,6.645809294871795,0.13465010683760684,0.029238340225691415,0.2413903456717445,0.0040537061751140776,3.4123063522929864,0.018520855611290916,0.2823587946230419,0.0009837068809108386,0.11183309199444423
1,1380,39,1.223406653567534,1.9170138822433571,2552.1740501262766,0.6339509324654561,0.3558207240137914,7.357363898455943,2.4778298252649837,0.2507860311440869,1.5559135948535525,1.5825391925843464,-0.13241946796009008,2.610249293225074,0.15007828975154325,1.5975525187380466,-1.3653886084519837,102.08696200505108,0.796122,0.1313069354761721,8.987741593246922,2.1792577457209608,-0.19830841498220675,0.4625823128142431,0.017749896212924953,0.9262297958949282,0.017749896212924953,0.1272249167550508,0.017401466632636496,0.9911250518935375,0.9911250518935375,0.9989558884580633,0.9964500207574151,-0.8203907740033864,0.8028696260575865,0.017749896212924953,2.9793509848240234,0.7818574398086828,0.7448579956241703,0.9632219025171113,0.881329858388302,5.958701969648047,0.7271080994112463,0.12008305225679203,207.440485570749,0.7569145708366997,0.16689803595161248,8.937175264030538,20.167175173598036,181.7671273883487,2.3679877156071143,0.12822416968221861,2.3017259124353378,105.3689493237564,0.4565270950488799,0.273,3.2674290445172467,0.20191961816981707,1.7280789309284428,0.0325614114172343,25.789473684210527,0.6786703601108033,0.260387811634349,8.947368421052632,974.9473684210526,8771.026315789473,112.96527777777779,0.14163011695906433,13.526315789473685,0.3559556786703601,0.05957645882279981,0.702233749752801,0.006955508242174481,2.6100678850658445,0.038,282.4265927977839,2.278621391135964,361.974,0.361974,3.456144,796.122,0.122639,9.009,49.914,451.241,5.845236111111111,0.12052777777777778,0.029978462931468882,0.2704227675422021,0.004008228989512472,0.442991649096697,0.1399838085394789,0.10460944384360227,0.00038580185416666667,0.6798410596026491
1,1380,41,1.3740143827233908,1.856607219209119,6145.501705060162,0.06722154475830622,0.2159404231072135,3.123721348963234,2.108670530778084,0.14347494739610112,1.6424386743557846,1.675326318058806,1.1006581141441545,1.0080124166339297,0.09549130038090187,1.6526748292201492,-0.6047654230438922,245.82006820240653,0.9841279999999999,0.03372929211826191,1.019808312629263,0.08260295060781311,0.04387466434983578,0.02462213056910916,0.004708981313931228,0.6797707336149925,0.004708981313931228,0.04270144715319241,0.004683495699265086,0.9976455093430344,0.9976455093430344,0.9990582037372138,0.9984303395620229,-0.5234738241436622,0.24995636730753912,0.004708981313931228,1.0073876010954095,0.9806509483592147,0.09292249707078953,0.6797707336136113,0.9902579082476248,2.014775202190819,0.08821351575685862,0.007332777970760096,518.0809817848238,0.9649808547159904,0.017509572642004815,1.05352536493549,36.865090315456,37.137845936831425,36.79690141011214,0.9866186587661274,1.6232119134789165,220.99409224945384,0.4954108503411019,0.2383333333333333,14.044018503518398,0.15753512061609157,0.18179910656175252,0.15146912412967634,53.30508474576271,0.903476012640046,0.04826199367997702,1.152542372881356,3041.0169491525426,3048.64406779661,3039.1101694915255,0.961864406779661,28.796610169491526,0.48807813846595804,0.006347177609065861,0.02151316724346844,0.0025556802004652176,1.6765187051137236,0.026222222222222223,1586.6934788853778,1.5311710904062843,901.4764444444445,0.4006561975308642,3.192177777777778,2214.288,0.007936,1.024,53.507555555555555,54.15555555555556,53.345555555555556,0.994,0.025046524313429075,0.026676781515075167,0.024638960013017554,2.6862021857923493,0.1907135228601943,0.004660859259259258,3.776948148148148e-05,0.18677042801556423
1,1380,41,0.9757985307269614,1.7264189220773938,5700.026606950259,0.5664774631356477,0.39127149896664304,6.496470985569127,2.0469382390626127,0.26957584561889114,1.3709928913952387,1.4611677697040875,-0.07694614859402804,2.123884387656641,0.166651718650173,1.4204606764827106,-1.6502526892178102,228.00106427801038,0.7945394001096406,0.13808702517744292,8.438491040138334,1.9393009085297006,-0.78707122454829,0.4529852332954071,0.012482390579399457,0.9462695542569857,0.012482390579399457,0.09656183900358456,0.012321961717161357,0.9937588047103003,0.9937588047103003,0.9992657417306234,0.9975035218841201,-0.8450038730071319,0.7820930614752706,0.012482390579399457,2.8858894604495555,0.7866480285767989,0.646725598391271,0.9615098753664697,0.8811052835773743,5.771778920899111,0.6342432078118725,0.11636690596870163,558.1560503282902,0.7596445152242461,0.1534148405078926,8.351992779336593,35.27371525511614,306.5643022684537,4.269889117702253,0.13786005180294444,2.2189685722166215,289.74585382069415,0.4728850898748913,0.2593805309734513,16.18750643155193,0.18351301210326817,1.491084118945951,0.029527875190781518,59.0,0.686046511627907,0.22120064899945918,8.13953488372093,2997.0813953488373,26427.837209302324,349.52164082687335,0.1522125322997416,35.27906976744186,0.4102217414818821,0.015835686892060073,0.13110612722370737,0.0026414305299583313,2.7088221454333343,0.030442477876106194,1918.0352893455922,2.165156389991097,1063.3150442477877,0.3763947059284204,3.304102874148328,2244.5738053097343,0.11880021928107135,8.441769911504425,51.259115044247785,434.88920353982303,6.536278269419862,0.1308062930186824,0.02694706592240305,0.22477980616369786,0.003790533667944762,0.797136072742015,0.07696848605939513,0.0741141177543375,0.00023888539668612683,0.35606638249994593
1,1380,41,0.7070099016511425,1.5100469353511563,3561.4135867550167,0.900383123851166,0.5710832447197267,2.640673037200671,1.7550966646788746,0.2791296641035118,1.1534720443386466,1.249866501034846,0.1260920245823937,1.6290046400964808,0.21440602370538578,1.1995644978689064,-0.6901818330861789,142.4565434702007,0.5674446280991735,0.10845722747670483,2.99128157812645,1.1597580174407602,-0.5759238914335458,0.8743026199707242,0.01480005966960303,0.9667140604252993,0.01480005966960303,0.11074927498336129,0.014573197259051004,0.9925999701651985,0.9925999701651985,0.9970399880660793,0.995066646776799,-0.8808139018539216,0.8952865379600328,0.01480005966960303,1.6662272026537506,0.5408754629207854,1.0279086794288534,0.9667140604252996,0.6588271728189492,3.332454405307501,1.0131086197592507,0.22227566991008177,389.3660232222903,0.6074002737977886,0.19629986310110573,3.184740825261134,28.383817577548008,68.84572516840713,18.26834067983323,0.45381479368471656,2.4720919191560276,249.51831186418426,0.4576174794352639,0.26070707070707066,9.263320985872808,0.19078191544591327,0.610390562365648,0.08587975371597958,45.87671232876713,0.6284481140927003,0.18577594295364985,3.26027397260274,2150.178082191781,4753.273972602739,1499.4041095890411,0.4349315068493151,28.041095890410958,0.3841246012385063,0.005380895870514098,0.013209881469137246,0.0034236494708583115,2.8346110794874737,0.029494949494949494,1000.6894351660724,2.5489014653999025,922.9806060606061,0.3729214569941843,3.3227639628609325,1404.4254545454546,0.2162776859504132,3.050909090909091,51.13090909090909,152.3890909090909,25.816363636363636,0.48727272727272725,0.026997152617126163,0.08399623031779116,0.012747383191959913,8.459890426758937,0.05623932730947651,0.014368607284970917,0.003132749511645378,0.055788005578800565
1,1380,41,0.5893573609714242,1.550181747374393,3648.770884051522,1.089244034443319,0.48200869684598113,4.612747140277476,1.7766789827717027,0.318801407223477,1.1135736685763717,1.2516363335480452,-0.45168541317144645,2.228364395943149,0.21345168578728904,1.184640627761387,-1.195759782415863,145.9508353620609,0.5269872781065089,0.1633271015962538,7.16494656045683,4.709847467419218,-1.4707180268597357,1.2023296251065123,0.022462098366179024,0.9633492804130812,0.022462098366179024,0.15416438074802524,0.021930004651933205,0.9887689508169106,0.9887689508169106,0.9977537901633823,0.9943844754084554,-0.8565053669434699,0.9197007111711558,0.022462098366179024,2.6210640757132695,0.5084896686377809,1.2494334302964196,0.9661817947398811,0.6473398343191322,5.242128151426539,1.226971331930241,0.3061979308681728,356.6326880709992,0.5138943000435858,0.30678253602224526,7.070898693528818,23.685872989240096,176.40581629015196,4.109232126058003,0.1870670819187285,2.9150405040611993,241.3253556619636,0.4053867493350036,0.2664423076923077,5.807670089194925,0.20150578658826815,1.3714203980286013,0.038248193844750214,43.65909090909091,0.49612603305785125,0.31353305785123964,6.909090909090909,1615.590909090909,12229.329545454546,266.08301767676767,0.19191919191919193,25.363636363636363,0.2882231404958678,0.04125759633407253,0.311566317180008,0.006280957943885076,3.681612220198523,0.033846153846153845,742.6570247933882,2.8215338125282843,936.2738461538462,0.360105325443787,3.4365437869822486,1370.166923076923,0.3030140532544379,7.173461538461538,50.612307692307695,365.5142307692308,9.272724358974358,0.18441239316239316,0.028765601137178517,0.20346547170862647,0.005330144216300797,3.260171268766418,0.039708430305204934,0.0764970153471617,0.002306689855642796,0.13697264501442782
1,1383,11,1.5765785577858105,2.3236212335565485,1644.3898613491347,0.9614969508235545,0.3190373561428088,3.3124121627094385,2.479564596943035,0.2210561134099848,2.007838405256652,2.065155507028484,1.144606494671242,1.334958102271793,0.14686464483247316,2.027553859549195,-0.8757070460538477,65.7755944539654,0.52645,0.07955959174926241,2.8018225022104333,0.993147414716,-0.37774757864313124,0.8702591136558726,0.07803658267020336,0.8354328260580587,0.07803658267020336,0.392613595156479,0.07168799848958615,0.9609817086648984,0.9609817086648984,0.9843926834659594,0.9739878057765989,-0.5954375469353289,0.8243785725683604,0.07803658267020336,1.6136135978485115,0.4541641533473759,1.3517315178539617,0.835432826058059,0.57459530651341,3.227227195697023,1.2736949351837588,0.237073924081519,67.9402566511091,0.5194537058855151,0.24027314705724243,2.7937592097924675,13.518615033121007,38.23846297981429,7.338653046447687,0.551560197551883,2.930389764798485,38.79979770256651,0.3176861574240952,0.32687499999999997,2.1117302914349763,0.30457662360612425,0.7724467903200833,0.18760908192763442,10.523809523809524,0.5011337868480725,0.24943310657596374,2.5714285714285716,492.6666666666667,1442.3809523809523,255.23809523809524,0.6071428571428571,2.7142857142857144,0.1292517006802721,0.05923176221572083,0.06449802379019919,0.057915196822101236,3.748994803525092,0.0525,129.85487528344672,3.1197330713027283,112.655,0.2816375,3.896775,210.58,0.236775,2.845,44.665,128.02,23.82625,0.53875,0.037888066893424034,0.09795512684240365,0.02287130190617914,9.183407297830374,0.06443316267494276,0.07759979166666665,0.0186312328125,0.06354249404289118
1,1383,11,1.737195028513126,2.1241123911919657,2127.0852683619514,0.8408400584625573,0.20505169155583514,4.4709553330555565,2.292137958422964,0.1295550759731425,1.9159671055880774,1.937539761018785,1.2587906905479247,1.0333472678750393,0.08710637816413846,1.9233509111927554,-0.6892726556762359,85.08341073447808,0.6062003780718337,0.028348777890447218,1.8185451995909334,1.1375104872265125,0.6230344890618317,0.7496791241535457,0.06228186433001086,0.8466943209834121,0.06228186433001086,0.3326946157573982,0.05813353101811806,0.9688590678349945,0.9688590678349945,0.9875436271339979,0.9792393785566631,-0.6248978316659937,0.8093911562779375,0.06228186433001086,1.2832287105853128,0.5358859747401038,1.1823626325952712,0.8466943209834121,0.6856303572496816,2.5664574211706257,1.1200807682652607,0.2029902471208891,104.60569957588795,0.6041965125690621,0.1979017437154689,1.8168405666931422,16.27304962561322,29.416428305262293,12.987204955700946,0.7957898583267144,2.82200445654862,51.59095705373437,0.32997634453539837,0.3008695652173913,2.7603087454607267,0.26802470686669,0.45771062306907595,0.22060322781609354,12.565217391304348,0.5463137996219282,0.22684310018903592,2.0434782608695654,943.0869565217391,1525.2173913043478,797.554347826087,0.7391304347826086,3.1739130434782608,0.13799621928166353,0.05278374172648949,0.06692238094869732,0.04924908192093752,3.7622673906514885,0.04,318.0869565217391,2.902496940876455,173.41391304347826,0.30158941398865785,3.6778646502835537,348.5652173913044,0.19689981096408318,1.808695652173913,47.14608695652174,84.88347826086957,37.71173913043478,0.7978260869565217,0.03327908327582241,0.05773789148509646,0.027164381223503894,48.60625,0.05377161092732649,0.06468582230623819,0.01200803484836032,0.05703422053231939
1,1383,11,1.3453158973653192,2.2154255952744446,2439.1144570116194,1.1734306993672512,0.39832232242780563,4.127448648262868,3.051224509827222,0.3039792176784538,1.8895775322239277,1.904807670305114,0.8280637592002184,2.2231607506270037,0.17544281496758068,1.9371328761904476,0.4319897468072107,97.5645782804648,0.5002745562130179,0.1819805297324079,5.836699729071956,3.318985841401015,0.6110200344324889,1.115301912088905,0.09018964963034394,0.8502718887977512,0.09018964963034394,0.43360973607810055,0.08166636142271169,0.954905175184828,0.954905175184828,0.9946947264923327,0.9819620700739311,-0.6022849196090749,0.8665993212055281,0.09018964963034394,2.3622914083666253,0.43214208524349607,1.627708106824837,0.860044512696525,0.5780644716903154,4.72458281673325,1.5375184571944938,0.30137289042981225,101.11139296372225,0.4656623864841123,0.3578446841305657,6.0720891277556355,13.120054232759205,75.29786846858205,2.7742264782864634,0.2176586899659197,3.2947911370677962,59.9979143205885,0.2909939851685931,0.3330769230769231,2.2468651588734234,0.29080217915239714,1.8319184396397812,0.06625585684286095,13.363636363636363,0.4049586776859504,0.48668503213957764,6.363636363636363,521.939393939394,2874.5757575757575,111.44128787878788,0.23358585858585856,3.303030303030303,0.10009182736455463,0.014509604912219913,0.07465402894896025,0.008749707505561892,4.248495255525404,0.05076923076923077,133.96877869605143,3.3518502771766565,174.0430769230769,0.2677585798816568,3.539824852071006,325.17846153846153,0.30467455621301776,5.881538461538462,43.676923076923075,250.69076923076923,9.217852564102564,0.21353632478632478,0.03458555269686222,0.20716361392135202,0.007862089103210134,2.475076516416249,0.04384276186916309,0.5266585072727883,0.004248517422748191,0.23151889483486177
1,1383,17,1.9778517252230674,2.5912169958410387,13474.22486884828,0.5085163382546081,0.2520426472140973,3.6942985845663543,2.868198025121895,0.18193769400306756,2.297141502121187,2.318369453301125,1.5314474782912106,1.3367505468306842,0.11240537315168003,2.3100490645724374,-0.4639415303392839,538.9689947539313,0.799737280658759,0.05946759996440852,3.650093466583691,1.0453490723308847,-0.5826162352680047,0.3857815882230364,0.01741123107790836,0.9136982173168698,0.01741123107790836,0.12500310712395932,0.017071384697078057,0.9912943844610458,0.9912943844610458,0.9965177537844183,0.9941962563073639,-0.7785550206834737,0.7399518466311577,0.01741123107790836,1.886266360707548,0.7813322056524495,0.6243016163870037,0.9136982173168648,0.8775607451685941,3.772532721415096,0.6068903853090956,0.10079820482523617,358.1745139544681,0.7597593395280453,0.12012033023597732,3.5807346218140443,53.924302917076375,202.11996579347567,16.87538719797655,0.3548163445464889,3.174868665151932,96.49784943119644,0.22765526252997614,0.18633663366336634,17.291379673997298,0.16133689940160126,0.5589448010302924,0.06193492399442844,14.923076923076923,0.5739644970414202,0.21301775147928992,3.076923076923077,43630.653846153844,172278.5,11468.692307692309,0.4807692307692308,1.9230769230769231,0.07396449704142012,0.013862865058824583,0.02178312427035536,0.011882800255941886,4.100068930662747,0.010297029702970298,34199.25591715976,2.1481967693154043,1028.2934653465347,0.4072449367709048,2.9556559552985,2019.3366336633662,0.10013135967062053,3.6613861386138615,59.345346534653466,218.82653465346536,19.475049504950494,0.3346534653465347,0.022225076022341465,0.08002566087674527,0.007774929808740512,7.102696662693684,0.042371725892690455,0.018693579060876386,0.0017884376701565853,0.04434706860597102
1,1383,17,1.7660986322079202,2.332033194014733,22097.211103358888,0.8787216284767605,0.29005555413102924,2.7768927800395975,2.646558111643333,0.1695665025022515,2.086144166526484,2.120765033883096,1.429937790194764,1.216620321448569,0.11676441276220641,2.097010955131629,-0.3130095170280131,883.8884441343557,0.5816803742481622,0.04545746240958871,3.088437927680577,1.2117662564170866,-0.6512917418352966,0.8271643858717492,0.014989754041570161,0.9644111693866375,0.014989754041570161,0.11176044395048891,0.01475327230668587,0.9925051229792148,0.9925051229792148,0.997002049191686,0.9950034153194767,-0.8755785185839122,0.8869888599760327,0.014989754041570161,1.6986442682337874,0.5641696577366544,0.9928086728387643,0.9644111693866376,0.6911493912130025,3.397288536467575,0.9778189187971944,0.21053853497832986,550.5734218182079,0.5825382483910753,0.2087308758044623,3.1091389507389273,52.202726886924566,161.0608317556975,24.98820066973134,0.4727152623152682,3.4173706073925567,226.33034796092494,0.2676283993686781,0.18791044776119403,16.313172328440345,0.14551330491626444,0.4431094877498989,0.07111425920785577,22.441860465116278,0.5219037317468902,0.2390481341265549,2.813953488372093,52371.27906976744,175670.02325581395,21546.593023255813,0.5465116279069767,2.255813953488372,0.052460789616008655,0.08260502686080248,0.16231447938048038,0.062677663730883,4.914636847725343,0.00855721393034826,38714.91076257436,2.534627098684706,2027.3554228855721,0.40345381549961634,2.8760588698299547,2922.943880597015,0.20915981287591892,3.1062686567164177,59.07681592039801,183.32875621890548,28.013830845771146,0.4734328358208955,0.022466240634820354,0.0690128581707236,0.010829586250844542,17.27591421889857,0.02616184434643473,0.01521337505790168,0.0031587541889571973,0.026354594798104976
1,1383,17,2.0349007353941393,2.5455153295561876,40070.617924366175,0.3898031437499167,0.23206037252847533,2.8424340660611653,2.642563669938251,0.14324366352582618,2.3080792530577448,2.325054466924607,1.7203922171759773,0.9221714527622737,0.09738619826344358,2.315300797417887,-0.4990937138828713,1602.8247169746473,0.8586676748582229,0.0333879441283058,3.7641020962114515,0.8204744770537292,-0.4449778500471403,0.26922457330443117,0.013160039440883361,0.9067422438163674,0.013160039440883361,0.10072287937910518,0.012980357143348038,0.9934199802795582,0.9934199802795582,0.9973679921118233,0.9956133201863722,-0.7730480743439223,0.6723660033480894,0.013160039440883361,1.923560705310631,0.8458273364839948,0.4778759459682552,0.9067422438163542,0.9169806855901894,3.847121410621262,0.46471590652737216,0.07059615318632864,1123.4961572274583,0.8154573786182053,0.09227131069089733,3.6913432356822673,54.9684849674928,210.99166069621424,15.962691035312421,0.3271641910794332,3.038549079172102,310.6358484532119,0.2545559434182422,0.18387959866220735,17.373521950848442,0.13754083954994337,0.47529256186901647,0.0531029089701751,29.0,0.58,0.20999999999999996,3.1,102092.06,404925.2,26383.775,0.475,2.52,0.0504,0.027665719473778796,0.029540904894790766,0.02719692311852581,4.900631000600109,0.006688963210702341,79741.81,1.979246224082475,3087.0433444816053,0.41298238722161945,2.7939102963054103,6418.540869565218,0.07066616257088848,3.7704347826086955,59.47919732441471,225.71772575250836,17.919565217391305,0.3073913043478261,0.021553381811042268,0.0795005027887533,0.007066601566614507,13.026536041725143,0.021680092239590776,0.012341208029525614,0.0008960500926212771,0.021100756110427287
1,1383,19,1.1654035506527494,1.6086560938352634,5054.452489894506,0.11003146887498742,0.21473898114889867,2.880641146933084,1.8268267296233454,0.1361812495530584,1.3840853588872086,1.379275266283103,0.7564926759743835,1.0703340536489618,0.09745739183883532,1.3942812443768164,-0.2392412519354416,202.17809959578025,0.9711964497041421,0.02832790773503061,3.9515659184979572,0.20574131836208417,-0.10632529795951975,0.05688183227231239,0.004043428065472733,0.8678996108863697,0.004043428065472733,0.03776122982178897,0.004026026208027029,0.9979782859672637,0.9979782859672637,0.9991913143869054,0.9986521906448425,-0.7454949426436056,0.3968907060605855,0.004043428065472733,1.9845292108435644,0.9655113436230803,0.14459836747630891,0.8678996108859837,0.982507496810828,3.9690584216871287,0.1405549394108365,0.01523131508444628,634.4217889744655,0.9643093957884048,0.017845302105797628,3.9454681515566152,24.355254715198043,96.68050499531223,6.273942145169494,0.26363296211084625,1.635186409400941,269.56486095403625,0.4952640102230875,0.2528846153846154,4.205450549441686,0.16641995012443195,0.656199273817287,0.04397511920121819,68.11111111111111,0.9459876543209876,0.027006172839506175,3.9166666666666665,2097.1388888888887,8356.388888888889,532.3263888888889,0.2708333333333333,40.22222222222222,0.558641975308642,0.015218949865784755,0.06059087646616246,0.003875968215690331,1.4881255695509692,0.027692307692307693,793.1265432098764,1.6393285387976948,1008.0669230769231,0.3877180473372781,3.21792899408284,2525.110769230769,0.014401775147928994,3.956153846153846,51.895384615384614,205.57846153846154,13.474615384615385,0.26096153846153847,0.02609888171792934,0.10311277224208773,0.006845409086889742,1.3384634290208415,0.19096795043647194,0.004028062130177514,5.303730655439235e-05,0.20887728459530028
1,1383,19,1.6242863368588933,2.1770363119297973,2512.9303928949694,0.924108102547591,0.2627915132733516,3.493162887755452,2.5091786331688275,0.17393508387959145,1.9163755615599385,1.938946893730724,1.22974875082162,1.2794298823472074,0.11510976421317677,1.9294713890923287,0.00621088489781369,100.5172157157988,0.551675171467764,0.050364548381711,1.9707731592470557,1.0266006101424274,0.4889550405285939,0.8045078626617299,0.09160391507122902,0.7955224952416011,0.09160391507122902,0.4397387934177691,0.08297387788823529,0.9541980424643854,0.9541980424643854,0.9816792169857542,0.9694653616429237,-0.532638945805475,0.7897871656427176,0.09160391507122902,1.33885837226089,0.46897023324528536,1.3553773925150732,0.7955224952416013,0.6153396702034954,2.67771674452178,1.2637734774438443,0.2240279444332397,118.80482660225637,0.5322650255710826,0.23386748721445869,2.1196009729409466,13.800394748890515,26.600102345082547,10.600467849842506,0.7200997567647633,3.1121567485491477,58.131416810214844,0.2683789620339975,0.33037037037037037,2.888639364069318,0.3029319555763692,0.6925124259456853,0.20553683798404024,19.16216216216216,0.5178962746530315,0.24105186267348433,2.2162162162162162,623.6486486486486,1085.2432432432433,508.25,0.6959459459459459,2.675675675675676,0.0723155588020453,0.07618616056537397,0.12508863810060833,0.06396054118156536,4.35400783983426,0.054814814814814816,290.8327246165085,3.228106255247043,174.15555555555557,0.2580082304526749,3.7199319615912207,372.38074074074075,0.22416241426611797,2.017777777777778,44.13185185185185,85.8962962962963,33.69074074074074,0.7455555555555555,0.03802565111092448,0.07966906604891613,0.027614797376426563,843.1680555555552,0.03335633959883443,0.0888275811614083,0.01993938512083184,0.03331020124913256
1,1383,21,1.8522048576704468,2.2284559719896793,5497.176679516481,0.9668383261077638,0.17335204638614932,3.923541910802408,2.5740568060522153,0.11768110047477662,2.0307689444801915,2.03603292755355,1.5864881668885218,0.9875686391636935,0.0738695485272673,2.03686341916053,0.11775613182813648,219.8870671806593,0.5228092559629761,0.024790082449135335,2.8030430917597475,1.0003789697587575,-0.379860738393771,0.8771946194154104,0.07171502766392454,0.8487553526229834,0.07171502766392454,0.3692148132601898,0.06630564652092509,0.9641424861680378,0.9641424861680378,0.9856569944672151,0.9760949907786918,-0.6194982803501932,0.8329844485378679,0.07171502766392454,1.61296686853057,0.4592395299394074,1.3290615508724664,0.8487553526229837,0.5771093546986076,3.22593373706114,1.2573465232085421,0.23722741176983372,195.14738894337773,0.5101781771160943,0.24491091144195287,2.713622484461828,22.97301161497451,69.94992265421047,11.22878385516552,0.571594378884543,3.2178742463533183,96.05107138733348,0.26575725726872146,0.28867924528301886,7.536659033520092,0.2584621581759354,0.6534526881844948,0.15971452567379552,25.58823529411765,0.5017301038062284,0.2491349480968858,2.588235294117647,1498.4117647058824,5088.64705882353,600.8529411764706,0.6029411764705882,4.764705882352941,0.09342560553633218,0.08156620359916975,0.2724188549154066,0.03385304077011052,4.624858244614219,0.038490566037735846,823.4309880815072,3.053605494333584,403.1132075471698,0.30423638305446776,3.6597223211107157,692.7222641509434,0.23859537201851194,2.8203773584905663,48.42339622641509,139.60981132075472,25.626792452830188,0.5449056603773584,0.033233849004311714,0.09140454204043601,0.01869117574528064,28.090891816708286,0.021696556483573395,0.0695702086829748,0.01666909158797435,0.021605493968466262
1,1383,21,1.728189527027406,2.131101800394544,2833.762810646984,0.7219280948873616,0.17235315007297247,4.159903512530946,2.4568498154322453,0.11930919263388977,1.9054791934554165,1.8809363036886666,1.5837367333002146,0.8731130821320308,0.07358489955727043,1.912189358502526,0.9159844474379335,113.35051242587937,0.6800000000000002,0.02561718607879673,1.5631105584458191,1.160397121531239,0.6707016628402734,0.5788104686593745,0.05269093316460442,0.8331371752481154,0.05269093316460442,0.29546739196386534,0.049753792246115966,0.9736545334176978,0.9736545334176978,0.9894618133670792,0.9824363556117985,-0.6129835126423,0.7623285186689437,0.05269093316460442,1.1964853416760404,0.6344955068418947,0.9914811945460328,0.8331371752481145,0.7771691917416572,2.3929706833520807,0.9387902613814287,0.1578753504559947,140.05787180897673,0.6238464334049597,0.1880767832975201,1.7538533119595312,18.170353406132705,27.052109226164646,15.949914451124716,0.8115366720101173,2.879915900156325,62.00445535205219,0.30280138055454503,0.2887096774193549,3.2540992789556453,0.2488985406720719,0.508878594238857,0.18390352728037562,18.225806451612904,0.5879292403746098,0.20603537981269512,1.8709677419354838,836.483870967742,1180.3225806451612,750.5241935483871,0.782258064516129,6.225806451612903,0.2008324661810614,0.03715000902667478,0.1390258201054834,0.011681056256972631,3.5664688907528728,0.04,211.48387096774192,2.6631481746971715,249.32774193548386,0.32171321540062436,3.6228095733610823,527.0,0.16,1.6,48.38322580645161,73.13032258064516,42.196451612903225,0.85,0.03191505152837718,0.0586616879607279,0.025228392420289503,24.96041666666667,0.05007929221267005,0.05153118279569893,0.008246021505376346,0.050073023158773204
1,1383,23,2.0026703040494027,2.3958219942263104,6283.3400123214105,0.45916539401413103,0.18555133901092047,3.98930204788882,2.657588663314123,0.12359602683010669,2.192444625675305,2.1945130189167044,1.5668050624979493,1.0907836008161735,0.08154240345791015,2.1984854948387698,-0.5195522114082601,251.33360049285648,0.8249420118343196,0.026525034363941824,3.7009392893595434,0.9192191115633381,-0.5078370814684486,0.32525883169610764,0.02196038290265006,0.8735690947235171,0.02196038290265006,0.15013892147733446,0.02141079740094614,0.989019808548675,0.989019808548675,0.9956079234194699,0.9926798723657833,-0.7094915173656003,0.6886896307792807,0.02196038290265006,1.9039731602702896,0.804979595299675,0.5888600669638971,0.87356909472351,0.8929929688189645,3.8079463205405792,0.5668996840612475,0.08680480364968941,288.47083618873535,0.7834070144892323,0.1082964927553838,3.629003012505595,17.68137089565191,66.44458572281573,5.490567188860959,0.34274924687360114,2.20030301042713,138.48151652841705,0.4401738177850184,0.2823076923076923,2.0469174264615635,0.20854934115824775,0.7068642474127752,0.0839706145946159,33.08163265306123,0.6751353602665556,0.16243231986672219,3.3877551020408165,884.9387755102041,3381.795918367347,260.7244897959184,0.4030612244897959,15.653061224489797,0.31945022907122034,0.06373173201175374,0.068243224752735,0.06260385882650842,2.70054683351375,0.03769230769230769,181.06538942107454,2.2396754662182192,447.6353846153846,0.34433491124260357,3.396274556213018,1072.4246153846154,0.08752899408284023,3.709230769230769,48.84461538461539,183.15692307692308,15.266538461538461,0.32269230769230767,0.03039327565071613,0.10469558319766653,0.011817698763978526,3.933243324332432,0.07437354590182695,0.020685601577909263,0.001887484205735093,0.07134363852556481
1,1383,23,1.7625466504370966,2.4241842303170893,3821.618993998686,0.9870639490982804,0.3644628953331064,2.288028773888123,2.6484304980124715,0.213200955275092,2.074343375923566,2.039060525689639,1.5270151980273505,1.121415299985121,0.15709577681568065,2.0898719014738507,0.07557674512292098,152.86475975994748,0.5089397551020408,0.06466412333195194,2.6865933764598835,0.9873604119063041,-0.2545861699190618,0.9353841854784373,0.04515636490545813,0.9078981236758931,0.04515636490545813,0.26392622868876486,0.04302113711945181,0.977421817547271,0.977421817547271,0.9909687270189083,0.9849478783648473,-0.7329887055205685,0.8737013246184839,0.04515636490545813,1.5697238529708708,0.4667085876886004,1.2491721885986802,0.9078981236758933,0.5471456705181418,3.1394477059417416,1.2040158236932224,0.24513513759597388,134.637213716605,0.5055383765241401,0.2472308117379299,2.6569933738517486,14.945750534701101,40.49108781237867,8.559416215281708,0.5857516565370628,2.7157973530499975,96.87339801088376,0.41535527807474,0.30428571428571427,1.6381865713897605,0.23983287580627757,0.5958222934314896,0.15083552139997458,20.804878048780488,0.5074360499702558,0.24628197501487212,2.682926829268293,543.9268292682926,1406.4634146341464,328.2926829268293,0.5792682926829268,14.658536585365853,0.35752528256989885,0.06570057134235488,0.0954176134202509,0.05827131082288086,3.162430053398566,0.046857142857142854,88.46876859012492,2.953339719265334,280.21828571428574,0.3202494693877551,3.5302530612244905,445.3222857142857,0.2455301224489796,2.7005714285714286,46.63885714285714,127.10057142857143,26.52342857142857,0.5748571428571428,0.0335199812835187,0.08542547043155885,0.020543608996508655,13.29180940728657,0.053694954361845695,0.04256851156462585,0.010539088208357628,0.053250499223430225
1,1383,25,1.6986276145822998,2.2841136637558086,5352.688171230759,0.9705156393872231,0.29084156332209155,2.7916949996723037,2.6026141220759724,0.17781479553778753,1.9786064888000119,1.95420652170311,1.3982885597316919,1.2043255623442806,0.12454965179965025,1.9912192749447946,0.3200125465220545,214.1075268492304,0.5202973936899862,0.0500705633901601,2.1672387257913344,1.0400352999782518,0.3811224310655786,0.921879817954201,0.033761809599867305,0.9293329353451674,0.033761809599867305,0.2118532027560021,0.03257311855114444,0.9831190952000664,0.9831190952000664,0.9932476380800266,0.9887460634667109,-0.7822610898459847,0.8828477409800284,0.033761809599867305,1.3947065435304227,0.48960606767182135,1.1784645677997752,0.9293329353451676,0.5884125516696437,2.789413087060845,1.1447027581999079,0.23891040688851709,169.48465593104189,0.5110362842968492,0.2444818578515754,2.279414074844734,48.15152722695855,99.16517760141842,35.398114633343575,0.6801464812888165,2.9160116364967967,110.48397511243913,0.3604626887666361,0.24537037037037038,24.934381277494413,0.19585065869343804,0.47826100958926787,0.12524807096948057,19.0,0.5,0.25,2.5,3678.2105263157896,7456.078947368421,2733.7434210526317,0.625,5.052631578947368,0.1329639889196676,0.025456137782123512,0.09256248492076243,0.008679550997463783,3.9446173177769883,0.028148148148148148,2416.0914127423816,2.768378997331173,483.0,0.35777777777777775,3.3704801097393693,702.4014814814815,0.23985130315500683,2.1977777777777776,52.89037037037037,114.41259259259259,37.50981481481482,0.7005555555555556,0.02680024787006709,0.06156146851058668,0.018109942709937196,57.38206928838948,0.04405714047945593,0.03362636488340191,0.008091280072482174,0.043915827996340355
1,1383,25,1.5118681948710933,2.2637706592420614,2194.5750253149163,0.9810467306704254,0.43138915804977396,2.319642279364216,2.5559024237605548,0.22641548637576978,1.9332249751873876,1.959908694462157,1.244322421649078,1.3115800021114767,0.16485270670276583,1.953625403688994,-0.22132001078895458,87.78300101259667,0.5130797731568998,0.0792934132507092,2.222632989827322,1.0032647797518655,0.3077006937004402,0.9266461410800547,0.04440343331008293,0.9085450597370249,0.04440343331008293,0.26108825524640455,0.04237331273255866,0.9777982833449584,0.9777982833449584,0.9911193133379834,0.9851988555633057,-0.7343232546113896,0.8728784709411077,0.04440343331008293,1.4149449021607876,0.4721019000723724,1.2391158067465273,0.9085450597370253,0.5628533811841707,2.829889804321575,1.1947123734364444,0.24276239359753443,89.13939767039767,0.507647022479275,0.24617648876036255,2.315344116844117,14.93311497861498,33.354772226772226,10.327700666575666,0.6711639707889707,2.7445300406225748,62.39725844025844,0.4040643528001401,0.30521739130434783,1.722877190192244,0.24439624702521523,0.6061745627651978,0.15395166809021968,14.655172413793103,0.5053507728894173,0.2473246135552913,2.3448275862068964,552.2413793103449,1367.103448275862,348.5258620689655,0.6637931034482759,5.413793103448276,0.18668252080856124,0.13143116697422103,0.4705839695735252,0.04664296632439501,3.434387460122592,0.050434782608695654,159.10820451843045,2.936278910837673,183.36869565217393,0.3189020793950851,3.637910018903592,295.02086956521737,0.2434601134215501,2.257391304347826,46.64869565217391,103.74260869565218,32.375217391304346,0.6856521739130435,0.036383617601630024,0.0912717654211443,0.022661580646751455,24.558868243243243,0.07909841562434443,0.04397383742911153,0.010786341546806938,0.07850834151128556
1,1383,27,1.6753485960757486,2.1993093503335306,3126.105986828377,0.9549905442830409,0.2904957939938373,2.2396306831666917,2.396224095705414,0.1600242124883217,1.9370541552306486,1.9373777014594649,1.5624182298894207,0.8338058658159933,0.11942268652855763,1.9465917337679697,0.18131440369157167,125.04423947313511,0.5308723599632691,0.03704057767746766,2.0989564478663043,1.060105576612585,0.44398768672843236,0.8950038748647711,0.04054677460424135,0.9132826404449993,0.04054677460424135,0.2428404268583706,0.0387958522828218,0.9797266126978793,0.9797266126978793,0.9918906450791518,0.986484408465253,-0.747277282707363,0.8706817137410982,0.04054677460424135,1.3730766117228084,0.49342882298267204,1.1937833026060052,0.9132826404449996,0.606650000975071,2.7461532234456167,1.1532365280017642,0.23388766236725306,124.26118335274586,0.5220487882729554,0.2389756058635223,2.1853326060879996,17.822947351159872,36.545101332376746,13.14240885585565,0.7036668484780002,2.8636629383977024,77.82610388954785,0.37062764977280427,0.28848484848484846,2.7381759272841153,0.22310899417035926,0.48962263313646937,0.15648058442883175,15.066666666666666,0.5022222222222222,0.24888888888888888,2.4,1114.4333333333334,1909.8333333333333,915.5833333333334,0.65,8.133333333333333,0.27111111111111114,0.06870106650275114,0.17197437009525693,0.04288274060462468,3.451841113795072,0.03636363636363636,358.1833333333333,2.833136479522072,277.81454545454545,0.33674490358126724,3.3839985307621676,437.969696969697,0.23456382001836548,2.1272727272727274,48.16848484848485,100.6339393939394,35.052121212121214,0.7181818181818181,0.031203227475052872,0.06828191400016798,0.021933555843774096,61.42539682539686,0.06395679363274588,0.03790437710437711,0.00880680524250772,0.06456820016142051
1,1383,27,1.4517449287913797,2.0455639579476537,2420.1994683274734,0.5877200684638926,0.29716142577709004,2.3859458514545624,2.2848221698075024,0.17152133969034428,1.784191067755308,1.8302686248242241,1.3356511947621592,0.9491709750453432,0.12373786365850449,1.7963665061553087,-0.3685008101805308,96.80797873309895,0.7572835555555556,0.04359485817880511,1.3944750129173804,1.0777937173812822,0.6120304074372513,0.4391091311375284,0.03450459784243829,0.8540355016011313,0.03450459784243829,0.2139388196106891,0.033190796280003876,0.9827477010787808,0.9827477010787808,0.9930990804315123,0.9884984673858539,-0.6631768181901945,0.729240826270916,0.03450459784243829,1.1372424372795333,0.7300023392300128,0.7710987826744751,0.8540355016011285,0.8455052637992476,2.2744848745590667,0.736594184832037,0.1184034322449917,148.64555635640443,0.6979509299434962,0.1510245350282519,1.556920931615534,18.44538064935959,24.48662787620962,16.935068842647077,0.8607697670961165,2.5873962201845204,66.24194241625108,0.35007625160451117,0.28300000000000003,2.882067471086617,0.22763163732035874,0.4207815196330157,0.1793441667421945,19.129032258064516,0.6170655567117586,0.1914672216441207,1.7741935483870968,827.9354838709677,1022.258064516129,779.3548387096774,0.8064516129032258,6.354838709677419,0.20499479708636836,0.054099993796677646,0.1780450307765244,0.023113734551715948,3.4130854229411485,0.04133333333333333,242.6077003121748,2.4745795065408966,248.45866666666666,0.3312782222222222,3.5329706666666665,567.9626666666667,0.12135822222222223,1.424,48.906666666666666,66.08266666666667,44.61266666666667,0.894,0.030981780675233057,0.0518528546233308,0.02576401218820862,11.142573302469135,0.07790440610008811,0.034229985185185184,0.004204388187654321,0.07697241821680566
1,1383,29,1.5172284724146177,2.126732784062005,5326.487503989145,0.7303322254782401,0.33831271474040503,2.2098396754702097,2.2817804574106098,0.18781488103349667,1.7825934541840571,1.7527530949743455,1.2715304273211083,1.0102500300895014,0.14082962553620407,1.7967120650905382,0.2978353836682357,213.05950015956583,0.6749450872359963,0.05053482194205824,1.5860944232344636,1.2531947120332791,0.7233151679812586,0.6140885074363391,0.024308121392576813,0.9239336113667205,0.024308121392576813,0.16423753380359293,0.023692414076341255,0.9878459393037117,0.9878459393037117,0.9951383757214847,0.9918972928691411,-0.7834783804116662,0.8222656150137122,0.024308121392576813,1.1994161613102508,0.6571092715092008,0.8766673492226557,0.9239336113667197,0.7884297779934608,2.3988323226205015,0.8523592278300791,0.159599157207229,241.00858370819626,0.6300736976396806,0.1849631511801597,1.7418318991346302,43.11555121380964,59.33929795156244,39.05961452937144,0.8145420252163424,2.674442229799519,132.9788704811011,0.3948688402626228,0.23106060606060608,19.26814667357974,0.1737442097711498,0.3384136670255499,0.13257684545754977,18.470588235294116,0.5432525951557093,0.22837370242214533,2.0588235294117645,9304.529411764706,11234.85294117647,8821.948529411764,0.7352941176470589,6.882352941176471,0.20242214532871972,0.012222554089496407,0.02927514079218878,0.007959407413823316,3.671610915149815,0.020606060606060607,6949.425605536333,2.385815824404753,631.5224242424242,0.38274086317722683,3.1928007346189164,1113.659393939394,0.16252745638200183,1.6127272727272728,54.336969696969696,84.67333333333333,46.752878787878785,0.8468181818181818,0.024988515636333097,0.042830852840575064,0.0205279313352726,25.85998304642671,0.0499257795292705,0.024278463422099786,0.0038735710437710438,0.0508582326764145
1,1383,29,1.1051242785189876,2.159355222011947,1501.8953893227313,1.0467874947922566,0.4622486298206059,2.632423151711557,2.4456025609096277,0.29193196041134273,1.7379810154451985,1.8038352865899276,0.754544373870434,1.6910581870391936,0.20163228594896218,1.778169010570457,-0.665691532370019,60.07581557290926,0.5565562326869806,0.14130702010519527,5.238928187235107,2.6121842887040803,0.3644328931543971,0.9745050829348745,0.0422171758654439,0.9169933948109041,0.0422171758654439,0.24865387709296405,0.04021057575329709,0.978891412067278,0.978891412067278,0.9957782824134556,0.989445706033639,-0.7585201375540257,0.8924904611320613,0.0422171758654439,2.2373767558950215,0.5158723103854114,1.3112429045891205,0.9357506221517277,0.6683616604795349,4.474753511790043,1.2690257287236775,0.25418056470007955,76.71318063179783,0.5442196098270673,0.2665211491474408,5.175879852322317,15.845003374590249,83.65368860757673,3.702434339169179,0.24983690545114484,2.855465373666086,48.59269091347794,0.391894584629794,0.2963157894736842,1.7150499794053835,0.2316274686235388,1.167855944126317,0.0627555384549832,11.095238095238095,0.528344671201814,0.2766439909297052,5.285714285714286,620.2380952380952,3223.4761904761904,143.60846560846562,0.24603174603174605,6.428571428571429,0.30612244897959184,0.062357691391195826,0.31055661528648776,0.014001330438464521,3.0230370655328773,0.04421052631578947,108.61678004535148,2.959989341382949,154.70105263157896,0.3256864265927978,3.517447091412742,264.3642105263158,0.25065484764542934,5.24,47.46736842105263,250.73894736842107,11.044795321637427,0.23941520467836258,0.03252109473418997,0.16828871285356248,0.00799980781244705,1.6357892690513223,0.11290035058529915,0.12929059962913947,0.003434411158089129,0.2986724172787923
1,1383,31,2.1952995714511823,2.828806452583085,4670.8031077140295,0.2108423003185315,0.34270307797281996,3.5939654228305216,2.8855527131889738,0.19280816535354336,2.483357576225823,2.4863875955842767,1.6776499291027265,1.2079027840862473,0.1382208537750273,2.4955435233535876,-0.5145996436627504,186.83212430856122,0.9355555555555555,0.06067262555384584,3.904778874269006,0.4463435754523897,-0.2302367870317554,0.1229283094644031,0.0,0.9999999999999929,0.0,-3.203426503814917e-16,0.0,1.0,1.0,1.0,1.0,-0.9999999999999549,0.5776429392750244,0.0,1.9682596247563353,0.9385358452677985,0.2030263787211273,0.9999999999998895,0.9682596247563353,3.9365192495126706,0.2030263787211273,0.030732077366100775,170.03874184886845,0.925662067058842,0.037168966470578976,3.883947065592635,37.41033755274262,147.62610280015343,9.85639624088991,0.2790132336018412,1.534467466176941,84.27550824702723,0.5586344979562121,0.2446666666666667,14.531226343344885,0.1564455905308358,0.6051451673912117,0.044270696315741806,18.1,0.905,0.0475,3.85,2875.0,11406.25,742.1875,0.2875,13.3,0.665,0.00134125,0.005125,0.0003953125,1.1540157730727987,0.02666666666666667,1468.75,1.6444823994602351,302.04266666666666,0.40272355555555556,3.1821795555555554,701.6666666666666,0.03222222222222222,3.9,52.781333333333336,206.22533333333334,14.420333333333334,0.275,0.02518864197530864,0.0979767901234568,0.006991604938271605,0.0,1000000.0,0.0,0.0,0.0
1,1383,31,1.8466443686477463,2.432438116987786,3602.2854680120404,0.7774485490556542,0.29474204386984715,2.7820172158313548,2.724710168605445,0.17264703454319685,2.1449634006273604,2.13019291368194,1.5430206895656464,1.1816894790397987,0.11946863671813343,2.1559476527285764,-0.06435346315191338,144.09141872048164,0.6461485952133195,0.047242291274968304,3.3104994785869115,1.2184144561428973,-0.701883900058099,0.6539086972640102,0.03964611869470971,0.885595286659718,0.03964611869470971,0.24047745496973855,0.03806434885590568,0.9801769406526452,0.9801769406526452,0.992070776261058,0.9867846271017634,-0.7003278398313167,0.8110255968787141,0.03964611869470971,1.7767741793114222,0.6151582431647344,0.9954436030419723,0.8855952866597177,0.7569511199640675,3.5535483586228445,0.9557974843472629,0.17338870398967998,140.265602401286,0.6035103728641381,0.19824481356793094,3.181939935933456,15.976355607505191,54.35658514659638,6.3812982227323936,0.45451501601663585,2.6782877055995837,77.65705626068015,0.37645995437138513,0.2990322580645161,2.3822848432649253,0.25020777926194876,0.7134370697253828,0.13440045664609027,18.88888888888889,0.5246913580246914,0.23765432098765432,2.8333333333333335,912.75,3343.6666666666665,305.0208333333333,0.5416666666666666,6.611111111111111,0.18364197530864199,0.12797865402656794,0.2376424277084,0.10056271060610995,3.7817536555801645,0.04645161290322581,449.30478395061743,2.758800145405151,243.0851612903226,0.3136582726326743,3.657746514047867,500.76516129032257,0.17692570239334027,3.310967741935484,47.32,160.0,19.15,0.422258064516129,0.035569843504904955,0.10577906070432952,0.018017539205048807,5.886917650918635,0.0647873234197118,0.03983256330211585,0.007352879997314625,0.06209573091849936
1,1383,33,1.470485022782403,1.9526864947846663,2894.1941891903425,0.38755594855026415,0.20137075627419043,3.607399520324841,2.2634992926771798,0.14213797627988484,1.7119955281654933,1.7143260246741068,1.2144466379600343,1.0490526547171455,0.08643115269557447,1.7229057712496871,0.17504584464737302,115.76776756761372,0.859725969756739,0.03747560814683388,1.215719022384608,0.8056593069661724,0.43580851772344514,0.26174622370425,0.012063586679012408,0.9118242058577695,0.012063586679012408,0.0934712896337273,0.01190635627961852,0.9939682066604938,0.9939682066604938,0.9975872826641976,0.9959788044403292,-0.7846410283774409,0.669976078281132,0.012063586679012408,1.0739169385747047,0.8511887385287502,0.4622461117538383,0.9118242058577551,0.9200512680857891,2.1478338771494094,0.45018252507482615,0.0684524525958156,221.52997549739078,0.8275693706745191,0.08621531466274046,1.2859609619736374,18.90859885654306,22.46998634548857,18.018251984306684,0.9285097595065905,1.9994081061856757,107.70362032053424,0.4804678417501895,0.2741025641025641,2.068392583778272,0.19391496906258146,0.2838314380487088,0.17143585181604967,24.515151515151516,0.7428833792470156,0.1285583103764922,1.4545454545454546,1061.121212121212,1201.6666666666667,1025.9848484848485,0.8863636363636364,12.454545454545455,0.3774104683195592,0.010033034820026016,0.035931582799824,0.0035583978250765197,2.1798691189650925,0.033846153846153845,188.18732782369148,2.025756330519837,356.3066666666667,0.36544273504273506,3.345384352399737,838.2328205128205,0.07013701512163052,1.2276923076923076,49.683076923076925,59.56,47.213846153846156,0.943076923076923,0.02787669664256966,0.03697220219521807,0.025602820254407552,3.5425741478530326,0.18275139250313177,0.011224440061363139,0.0008182651764190225,0.17582417582417584
1,1383,33,0.7575833092298214,1.9732786278513879,1450.083411033008,1.1325776278100035,0.6013059411006307,2.597319652673729,2.4084672463284784,0.3623107977873062,1.3932623070466097,1.4313006674938036,0.34284408519847187,2.0656231611300067,0.25493309690310073,1.4656983728069364,-0.11525566259825425,58.00333644132033,0.5490765432098765,0.20709186381205938,3.8140502195048214,4.0662754727834445,-0.15384728833834596,1.1086675332274085,0.024288218979665887,0.9571192415291021,0.024288218979665887,0.1629498653549511,0.023630008249960706,0.987855890510167,0.987855890510167,0.9975711781020334,0.9939279452550835,-0.8529238529713847,0.9253742049852536,0.024288218979665887,1.8822702739260726,0.5250611772941283,1.3078763542942164,0.9681271912160943,0.6907426572198037,3.764540547852145,1.2835881353145515,0.2832389380517686,103.6427763868309,0.5437420501499808,0.28665751116221916,3.89589130784349,17.63774395049645,66.42498255602939,6.967682547152913,0.3853198668182857,2.708604461828934,73.76487780051652,0.4562777628201117,0.2822222222222222,1.7404421723553463,0.20180534980859488,0.8064675759490489,0.07331111993902269,14.62962962962963,0.541838134430727,0.2908093278463649,4.0,752.5555555555555,2800.3703703703704,292.0421810699588,0.37345679012345684,12.333333333333334,0.4567901234567901,0.04032617639675968,0.1620877241907838,0.010237412676420081,2.6045965239793936,0.04,127.55555555555554,2.8164939396638107,243.85925925925926,0.3612729766803841,3.406143209876544,370.62666666666667,0.27998024691358026,3.831111111111111,48.863703703703706,185.26814814814816,19.25641975308642,0.3909876543209877,0.029949024849994867,0.1165579033808311,0.011268913127665333,1.447979035364146,0.14282076296514037,0.06478244295739263,0.0021308784694551506,0.3737370616406612
1,1383,35,1.169819677436281,1.9868379031382941,2134.0428627756096,0.6142527701056657,0.3725667129699104,2.57284918795998,2.180987349512253,0.2368528312294259,1.6061193973123387,1.624723443895825,0.8081916030589855,1.3727957464532674,0.1687045251694485,1.633264699450004,-0.3533987501196214,85.3617145110244,0.7893531250000001,0.08793406004656197,4.335552310817674,1.4421529878025916,0.3066288614120412,0.4212286170434145,0.039344002262996676,0.8298155122890427,0.039344002262996676,0.23711849887905906,0.03768663277187275,0.9803279988685016,0.9803279988685016,0.9960655997737003,0.9901639994342509,-0.6361712605043169,0.7376703216947742,0.039344002262996676,2.0591455071413174,0.7494960196376046,0.8484844570491373,0.863458915765284,0.8616857154845983,4.118291014282635,0.8091404547861412,0.1151431548266028,166.6171817819769,0.7334929144586874,0.14849656685163418,4.350508674534353,18.503413617888214,80.029890141577,4.685740593841463,0.274010622944105,2.551068103637274,72.68466680408767,0.36442214618255253,0.2828125,2.818779114439957,0.22472681661909474,0.9774528882636822,0.06973839879779103,17.2,0.5733333333333334,0.26666666666666666,4.266666666666667,1153.6666666666667,4877.766666666666,287.64166666666665,0.3314814814814815,4.933333333333334,0.16444444444444445,0.07454307760988411,0.11545255773703209,0.06885985203926898,3.4132694187027215,0.0375,442.5555555555556,2.4449915762195547,271.9125,0.339890625,3.4885937500000006,631.4825,0.1130859375,4.34125,48.8825,211.90875,12.40232638888889,0.2605208333333333,0.03135158454585538,0.12929105351631395,0.010143367636728044,2.0777256766015757,0.0692511498061071,0.11406017792492013,0.0014416213262648805,0.15353696498054478
1,1383,37,1.251781625995795,1.964539450842916,2238.463166187981,0.3500755779825193,0.32585373636450665,2.576459442277428,2.3180116525121934,0.20809784973305281,1.6790306868166898,1.712243945715555,1.0143579828051192,1.3036536697070742,0.14678329614413027,1.6995115678555455,-0.41745988384606386,89.53852664751926,0.8770480749219562,0.06919552200268966,1.1851633965980117,0.720460379461954,0.38659349224756845,0.22701518453376252,0.01109906084362266,0.9066218362541157,0.01109906084362266,0.08703149906933001,0.010960294383171901,0.9944504695781887,0.9944504695781887,0.9977801878312755,0.9963003130521257,-0.779561984364271,0.6417682043172073,0.01109906084362266,1.0635709756732743,0.8699825829281355,0.4166398149202025,0.9066218362540956,0.9308794939049143,2.1271419513465486,0.4055407540765802,0.059528561344346295,177.2685845599509,0.843641429752041,0.07817928512397948,1.256602669406488,19.651969427172034,22.803799084697097,18.86401201279077,0.935849332648378,1.9797938079383772,82.6122191776715,0.46848400948580804,0.27064516129032257,2.25233564220364,0.19792209555562218,0.2907857438742018,0.1747061834759773,22.103448275862068,0.7621878715814506,0.11890606420927467,1.4137931034482758,911.7586206896551,1023.7931034482758,883.75,0.896551724137931,14.310344827586206,0.4934601664684899,0.040101014424066606,0.15041490135815058,0.012522542690545606,2.0058905552852195,0.03741935483870968,197.57907253269917,1.9951463434414336,284.74967741935484,0.36741893860561914,3.4591733610822057,679.7122580645162,0.06147596253902185,1.1974193548387098,50.174193548387095,58.72516129032258,48.03645161290323,0.9506451612903226,0.02928565901868513,0.04102242419070377,0.02635146772568047,2.880037513397641,0.2163132774485268,0.011930128338536244,0.0007661359202443691,0.2070750647109577
1,1383,37,0.9784048698117463,1.804715934395373,1551.4116784891094,0.48685204435181195,0.5125339447795996,2.4159270345196564,1.9102884938902702,0.26504191358594786,1.4543603660458229,1.5292360326488563,0.6549291384510407,1.2553593554392295,0.19833104789429593,1.4887250914260781,-0.6778257910622075,62.05646713956439,0.8109224489795918,0.1011383235166451,3.6685668189641025,1.036747181184066,-0.5747243080596279,0.37331955845994497,0.012991686437395284,0.9330231444035448,0.012991686437395284,0.09804149634625736,0.012789348956354113,0.9935041567813024,0.9935041567813024,0.997401662712521,0.9956694378542016,-0.8207616810241801,0.7448818255454037,0.012991686437395284,1.8916875540609335,0.7940550285949757,0.5837118153396644,0.933023144403539,0.8851917108422359,3.783375108121867,0.5707201289022694,0.09657781122433508,143.08977960923804,0.7981626124939436,0.10091869375302819,3.658252295199472,23.301708971094193,86.44112340320785,7.516855363065785,0.335436926200132,2.2043939970604587,66.14864300105272,0.43152812703818055,0.2557142857142857,3.563888679183055,0.17629589848547658,0.6337647217058001,0.06192869268039573,16.4,0.82,0.09000000000000001,3.7,1608.1,5786.5,563.5,0.325,6.2,0.31,0.0022222085479216887,0.007001479381255021,0.0010273908395883556,2.160964047443679,0.02857142857142857,383.1,2.070311954010569,266.7,0.381,3.2350530612244897,567.6457142857142,0.09453877551020409,3.682857142857143,51.597142857142856,190.6342857142857,16.837857142857143,0.3292857142857143,0.02606581452686895,0.09553438905985676,0.008698670893621998,1.2211658177702318,0.24330336453795537,0.011743129251700677,0.0011119560738581146,0.24291497975708504
1,1383,39,1.561365531122138,2.0913059341906513,4644.005061928916,0.9375095251832244,0.33888361751389895,5.032611365385089,2.4379794671290824,0.18987271171970466,1.8386201656141237,1.8734965292952959,0.8178448086429886,1.6201346584860938,0.13363408719443104,1.854724709917074,-0.7651635045956521,185.76020247715667,0.5929909465020576,0.05947963617406744,5.1906730249458395,1.8744351938447918,0.5126147352842091,0.805884869420399,0.04760108779819365,0.8883508212762362,0.04760108779819365,0.27305330636998365,0.04515662156519043,0.9761994561009031,0.9761994561009031,0.9952398912201806,0.9880997280504515,-0.7088432771197164,0.8545079642162524,0.04760108779819365,2.23631339282911,0.554210459819285,1.2002330298064572,0.932196197076481,0.7069794585724077,4.472626785658221,1.1526319420082642,0.2133714893046482,215.45813598844106,0.5566819740453071,0.23702654633505693,5.448973036249017,20.494201276445303,103.81762948897995,4.683298229024556,0.22113785924433726,2.9321177076414155,121.82171716551723,0.3575080120958276,0.2862962962962963,5.0026996875059035,0.2355140712893026,1.436713853020105,0.04705708501684619,23.347826086956523,0.5075614366729678,0.27032136105860116,5.782608695652174,1828.3478260869565,8600.41304347826,428.350845410628,0.21497584541062803,6.913043478260869,0.1502835538752363,0.08011768165935962,0.5744478651149862,0.013004443607407731,4.087521599296789,0.034074074074074076,967.0529300567108,2.8574400349574534,443.5466666666667,0.32855308641975306,3.5082776406035663,800.5377777777778,0.2161432098765432,5.243703703703703,48.52740740740741,249.1548148148148,11.115411522633744,0.22631687242798354,0.032059345926299186,0.1827815752638504,0.006809683842863467,5.011505681818182,0.03478565594151887,0.17256270053760017,0.0032768377991159886,0.09200144770177343
1,1383,39,0.8042048513924228,1.8376592363340214,1582.441238537866,0.860080522442178,0.6647314853558712,1.7271891795323417,1.9298937270687453,0.3269208037448265,1.291239445653865,1.2523590905564885,0.6554645683654592,1.274429158703286,0.26716968242346617,1.34480640711394,0.1210583490350243,63.29764954151465,0.5938063673469387,0.14120496660220347,3.1360491528396977,1.2168020100419676,-0.6710749957780312,0.7885980064616855,0.02457835792061966,0.9395513944171536,0.02457835792061966,0.16571166921716485,0.023950639114828417,0.9877108210396901,0.9877108210396901,0.995084328415876,0.9918072140264601,-0.8118534012720958,0.8674246274816282,0.02457835792061966,1.7161127772666689,0.569461178694019,1.0226276552014948,0.939551394417154,0.7038235983063592,3.4322255545333378,0.9980492972808754,0.20329409109557628,143.95177041691068,0.5829309237074851,0.20853453814625741,3.1107364117815726,18.328280941701472,58.24333870417685,8.349516501082627,0.4723158970546069,2.6297594975054714,89.60538306821232,0.42225778564740013,0.282,2.482129688716231,0.22200340580160433,0.671812459504582,0.1095511423758599,19.11764705882353,0.5622837370242214,0.2188581314878893,3.0294117647058822,945.2058823529412,3056.764705882353,417.31617647058823,0.49264705882352944,12.470588235294118,0.36678200692041524,0.009191080280061211,0.016715730433970344,0.00730991774158393,2.91099225301504,0.038857142857142854,282.9005190311419,2.665913062899464,302.97485714285716,0.3462569795918367,3.5390354285714287,519.5805714285714,0.20309681632653062,3.149714285714286,49.02057142857143,155.39885714285714,22.426,0.4625714285714286,0.02970411096713818,0.09184864233524097,0.014167978125112479,4.800480450629555,0.09059315219304453,0.025230541496598636,0.005007787213994168,0.09269988412514485
1,1383,41,1.5190189900642266,2.0000711183414515,4062.591771753922,0.4714292656166529,0.2195078434930131,3.7678971734986932,2.3835795560565587,0.14714376027179057,1.7564487714867336,1.7567153537613114,1.2721515018958522,1.1114280541607064,0.08992040899757202,1.7677869197549978,0.2185248106525125,162.5036708701569,0.8187704142011836,0.03995830679960801,1.293510890013223,0.9956309572400648,0.5482163580463557,0.34790662117370025,0.011076560713659844,0.9382867801758994,0.011076560713659844,0.08736270766321161,0.010946797179346993,0.9944617196431701,0.9944617196431701,0.997784687857268,0.9963078130954467,-0.8311805994476552,0.7350805846863844,0.011076560713659844,1.0996830567900178,0.809561611876973,0.5469907427079064,0.9382867801758922,0.8947786628531524,2.1993661135800355,0.5359141819942468,0.08974579547184,252.82832481493938,0.7906266470194219,0.1046866764902891,1.3565049464214545,38.45940126918078,44.841643887771234,36.86384061453317,0.9108737633946364,2.055671336488039,131.95630129442137,0.49723134661830726,0.24538461538461537,15.5318105678786,0.16105954615792772,0.22784866291203343,0.1443622669694013,25.470588235294116,0.7491349480968859,0.1254325259515571,1.4411764705882353,3147.705882352941,3453.0882352941176,3071.360294117647,0.8897058823529411,22.0,0.6470588235294118,0.0013498631938944432,0.0020063851991585675,0.001185732692578412,1.5568179886235347,0.026153846153846153,1685.768166089965,2.029076566565428,503.89230769230767,0.3876094674556213,3.169405917159763,1064.4015384615384,0.09061479289940828,1.3023076923076924,52.68769230769231,67.26076923076923,49.044423076923074,0.9244230769230769,0.025255218932302266,0.033769369464309945,0.023126681299300345,4.464470782800441,0.16052256268097376,0.009584082840236686,0.0008434146108329541,0.1652892561983471
1,1383,41,1.0603096786076716,1.7443246111976265,3045.867970124899,0.27727407529297343,0.43235505763387927,2.0967502542489775,1.922976743214091,0.22097045898230255,1.389317008462384,1.3643211291187662,0.7015376385435456,1.2214391046705453,0.1720255096699468,1.413255274963815,0.01395105044302436,121.83471880499597,0.9088451491534533,0.0670887222101798,3.8532539954402614,0.5632235825546803,-0.29865915746515614,0.16994755119497515,0.010071731894002697,0.8882193366322569,0.010071731894002697,0.08112108718465133,0.009968350728844503,0.9949641340529987,0.9949641340529987,0.9979856536211995,0.9966427560353325,-0.7513132108287081,0.5812559158284576,0.010071731894002697,1.9527632871290874,0.9000220077266667,0.34284926162306606,0.8882193366322189,0.9477274211820861,3.905526574258175,0.33277752972906366,0.04500482077224446,337.3423401213531,0.8787231833567513,0.06063840832162436,3.805363949029392,34.697998909367996,136.35312921749855,9.284216332335355,0.298659012742652,1.8430776311020525,155.20355708015776,0.4863652552292069,0.25098360655737706,13.865616581915265,0.1787122559635485,0.663318233579991,0.05756076155943794,40.666666666666664,0.8472222222222222,0.07638888888888888,3.75,2337.3541666666665,9227.479166666666,614.8229166666666,0.3125,24.833333333333332,0.5173611111111112,0.08480866547355774,0.2762107736650793,0.03695813842567738,1.8771545644054046,0.031475409836065574,1327.9683159722222,1.823663097477164,587.3016393442623,0.3851158290782048,3.3297741467347484,1385.9888524590165,0.04557742542327332,3.856393442622951,52.21967213114754,202.59344262295082,14.62622950819672,0.28590163934426227,0.02837436547175033,0.10710405272005587,0.008691943659673948,2.5035691157423754,0.10758219308946078,0.012190450595717996,0.0005105667875284715,0.11707317073170732
1,1383,41,1.5488018716203256,1.8807272691976185,1346.1783803981873,0.15882174628314388,0.11365541964821291,4.658413522679283,2.14843022112464,0.09086195688880719,1.678734611535005,1.6565924564423702,1.453120842710321,0.6953093784143192,0.051678216714962595,1.6834665866023923,1.272714100565549,53.8471352159275,0.9547567867036011,0.01590985224112551,1.0621696195178623,0.25847408046163417,0.13700825016436077,0.07721353146565973,0.010935230903282023,0.7502427735667107,0.010935230903282023,0.08485481255998902,0.010784245671690191,0.994532384548359,0.994532384548359,0.9978129538193435,0.9963549230322393,-0.5845459041142171,0.4028457689491444,0.010935230903282023,1.0225457449898343,0.945141373143839,0.219821771249106,0.7502427735665572,0.9719866395585246,2.0450914899796686,0.20888654034582432,0.022037190592235432,120.15254483637516,0.9245521406738823,0.037723929663058875,1.1180460596081934,19.101416900549356,19.889719659700685,18.90434121076153,0.9704884850979517,1.7382684734200953,52.54032908357851,0.484120364237199,0.27315789473684216,2.0914431803009728,0.1886484887467745,0.23085178039649795,0.17809766583434364,15.117647058823529,0.889273356401384,0.05536332179930796,1.1764705882352942,974.5294117647059,995.8823529411765,969.1911764705883,0.9558823529411765,10.176470588235293,0.5986159169550173,0.0020437812590600977,0.0035022158725749254,0.001679172605681391,1.257714821495385,0.035789473684210524,193.82006920415228,1.7955292446497995,171.70736842105262,0.3614891966759003,3.313045983379501,453.50947368421055,0.022621606648199448,1.0694736842105264,49.753684210526316,51.8821052631579,49.22157894736842,0.9826315789473684,0.02743969281669783,0.030442709286443617,0.026688938699261384,1.2490855957767724,0.43017893934476953,0.009787848568790397,0.00022065988239296298,0.43165467625899284
1,1383,43,1.2740594938342067,2.0107113856410375,3129.4898333470837,0.6041783532702434,0.3382941612374726,3.221015629331992,2.357024058686874,0.2311643920414382,1.6597512094234794,1.6714250284187075,0.8349481569162764,1.5220759017705976,0.1486415018986043,1.686710039570601,0.08283982806110067,125.17959333388337,0.7813537190082644,0.09021668040555483,4.518158932278466,1.3745557385260927,0.5219644082207253,0.45145585175421804,0.02087668812229609,0.9117010898521112,0.02087668812229609,0.1453318844912496,0.020411970411117614,0.9895616559388519,0.9895616559388519,0.9979123311877702,0.9947808279694259,-0.7844858753642187,0.7866659415429362,0.02087668812229609,2.1001194534087126,0.754180872856663,0.748695588716496,0.9486791664712577,0.8614421932340891,4.200238906817425,0.7278189005942006,0.11808313496912853,236.42340336339078,0.7677341165449022,0.1253101654826737,4.393889001177708,18.422259526712722,85.44890588660886,4.389789226110892,0.2604010723992254,2.248020682721444,115.26737133578085,0.4403578964524073,0.27954545454545454,2.2166722962717205,0.20621073304659085,0.8632284648105543,0.0639808540342362,31.333333333333332,0.746031746031746,0.1405895691609977,4.333333333333333,858.3809523809524,4183.5,196.25462962962965,0.2724867724867725,18.0,0.42857142857142855,0.026779306820111454,0.10802688826211512,0.007241657401373479,2.1451278380546213,0.038181818181818185,172.43990929705214,2.2827293312810792,391.9309090909091,0.35630082644628097,3.4223140495867765,859.4890909090909,0.11429669421487602,4.49,49.16909090909091,223.47363636363636,11.778813131313132,0.24669191919191916,0.029347194020705927,0.12771834100643625,0.007910424965674637,1.4518971075100193,0.09901064364419174,0.05669776888007439,0.0007611120773854246,0.21553418140448855
1,1383,43,0.982563723421763,1.7359298036616113,3360.3917002860317,0.5008881926820719,0.3927526645437296,3.0149028489759275,1.9846010387933901,0.23503605942631295,1.4435362245527212,1.5207230389232194,0.5406261648964987,1.4439748738968914,0.1639731073086572,1.4724111672171694,-0.7795007185953815,134.41566801144128,0.8036969823100937,0.08419781374990315,3.6738393614570457,1.0268379106951697,-0.568587436901315,0.36784011260135907,0.012948715381166757,0.9319855712825343,0.012948715381166757,0.09906088746568839,0.012768410881261606,0.9935256423094166,0.9935256423094166,0.9974102569237667,0.995683761539611,-0.8164764404865994,0.7414363341132117,0.012948715381166757,1.8934379063825433,0.7968371751274754,0.5792138394105357,0.9319855712825282,0.8869635486919597,3.7868758127650866,0.5662651240293692,0.09519720699563147,280.0920311013238,0.7552852563599883,0.12235737182000583,3.5700410743616287,71.76988586071396,279.54150973456785,19.82697989225048,0.35748973140959295,2.165017693539286,150.50155524226562,0.4741157454791744,0.23725806451612905,45.3170674625107,0.17636882570213544,0.5985596369898128,0.07082112288021608,28.767441860465116,0.6690102758247701,0.16549486208761494,3.372093023255814,5462.976744186047,21508.023255813954,1451.7151162790697,0.4069767441860465,16.302325581395348,0.3791238507301244,0.0412400300614201,0.1362332830524832,0.017491716813654325,2.774192661276331,0.027741935483870966,4163.625743645214,2.0628764043269427,609.1535483870967,0.39300228928199793,3.321222060353798,1245.7303225806452,0.09815150884495318,3.669032258064516,53.758709677419354,199.28967741935483,17.375967741935483,0.332741935483871,0.02647424028153675,0.09471628762018548,0.00941372844687457,3.5400367220718967,0.08462477103539776,0.015247575442247653,0.001425835359672384,0.08882309400444117
1,1383,43,1.5242643079318603,1.9404577359943866,4519.081251261515,0.36720916427178735,0.15971102214797628,3.2824853524136373,2.219007703569195,0.12099069416548991,1.7579047637132872,1.7679961520967504,1.3314093159625544,0.8875983876066404,0.07563907054890791,1.7653916731112957,-0.1599094840961576,180.76325005046064,0.8692071343638526,0.026378601204831903,1.2028400353776831,0.7864071913102623,0.42238701117299243,0.24885759066509588,0.007796596571434023,0.9391593783982091,0.007796596571434023,0.0651723766468301,0.00772932243607127,0.996101701714283,0.996101701714283,0.9984406806857132,0.9974011344761886,-0.8413137136296219,0.6749860994671384,0.007796596571434023,1.0689127778878,0.863943583945664,0.4192210152110585,0.9391593783981919,0.927188923826483,2.1378255557756,0.4114244186396248,0.06416354680913247,321.5667533083901,0.8458946815263955,0.0770526592368023,1.2524317220786263,21.487491144417938,25.084615086590986,20.58821015887468,0.9368920694803434,2.0310199765392545,149.53927229254415,0.47239538540136217,0.26189655172413795,2.8657272883153193,0.1824699531434334,0.24041341100147104,0.16798408867892398,37.08695652173913,0.8062381852551985,0.09688090737240075,1.326086956521739,1399.5652173913043,1545.6521739130435,1363.0434782608695,0.9184782608695652,25.956521739130434,0.5642722117202268,0.0018027849529130852,0.002834471947237442,0.0015448632043319965,1.7257467147362084,0.031724137931034485,405.945179584121,1.9741511827962555,543.9062068965517,0.3751077288941736,3.304045659928656,1260.3503448275862,0.06539643281807372,1.2110344827586208,50.98068965517241,60.63034482758621,48.568275862068965,0.9472413793103448,0.026804491164281803,0.03328512491203378,0.02518433272734381,3.6052957459207464,0.1757806580662107,0.007846769718588982,0.0004840839394809136,0.18633540372670807
1,1383,45,1.3698428413079373,1.8851907637043979,6987.135011547209,0.19390473554816196,0.33190358694468536,2.549580840579929,2.247690046264035,0.17061263752535674,1.634388563566022,1.6370524918889737,1.1629909865454835,1.0846990597185513,0.12919836885346966,1.6472554416122736,0.14802484102922725,279.4854004618884,0.9419825431237627,0.04222451320583987,1.0842751954949406,0.3977406690444046,0.20480500815808753,0.10892045507150694,0.0007762247281639248,0.9857904185138544,0.0007762247281639248,0.009072311791537484,0.0007755510840534202,0.999611887635918,0.999611887635918,0.9998447550543672,0.9997412584239455,-0.9576510480498495,0.5466423060600512,0.0007762247281639248,1.0282211026196741,0.9443761090161111,0.19320635155681634,0.9857904185137286,0.9713907850162438,2.0564422052393483,0.19243012682865274,0.027424169949917712,587.1470816524725,0.9299703530371017,0.03501482348144909,1.1090294233742524,30.95459674731601,32.69778325348696,30.51880012077327,0.9727426441564369,1.6751212452909783,267.0135621373249,0.5140917730687992,0.24504854368932039,9.24102359551125,0.15987004983702757,0.1855427634088679,0.15345187144406747,56.5,0.8828125,0.05859375,1.1875,2957.546875,3045.625,2935.52734375,0.953125,33.21875,0.51904296875,0.005129713945337114,0.017073463945337115,0.0021437764453371144,1.804430753531002,0.024854368932038837,1338.741943359375,1.6847887210796377,1022.1269902912621,0.396942520501461,3.1828969365632958,2425.6050485436895,0.02900872843811858,1.0897087378640777,52.739029126213595,57.02990291262136,51.66631067961165,0.9775728155339806,0.025311241429329733,0.028320950167193805,0.02455881424486371,0.5436184584755404,1.0104048813346502,0.0007687007886385772,2.75066583571804e-05,0.8191126279863482
1,1383,45,1.051723516185742,1.64628226091626,3692.9015590513955,0.6514171270529041,0.407310485666579,3.581296084654566,2.386940380423338,0.2186862136849336,1.3943224711564586,1.4169932334991837,0.882081781317293,1.5048585991060448,0.15232860998447653,1.4225005109277837,0.6742641960859883,147.71606236205585,0.7807072246200039,0.07937255001795185,4.117531135633224,1.7369496682352772,0.060431894105540895,0.45157255164830756,0.022716161085297865,0.904108082497631,0.022716161085297865,0.1555702715883846,0.022174124071533997,0.988641919457351,0.988641919457351,0.9977283838914702,0.9943209597286755,-0.7784460178837327,0.795253123545881,0.022716161085297865,2.002577568437344,0.7630270812783817,0.7863505199192458,0.9687782435329585,0.8700629770308524,4.005155136874688,0.7636343588339485,0.11857217818340135,378.3754758598071,0.7356301445404141,0.14861227884288497,4.0847820553457295,17.98432560905076,74.55587200377408,4.957482467640119,0.30263274322703787,2.425240135156361,193.61245104637072,0.44242237779774096,0.2810958904109589,2.1064732919307545,0.20653983496284847,0.809808107045926,0.07196638522966603,45.794117647058826,0.6734429065743944,0.18923010380622837,4.014705882352941,1004.25,4129.705882352941,266.1376633986928,0.32802287581699346,34.294117647058826,0.504325259515571,0.031899559138634015,0.08186024362275855,0.019599553898770165,2.4261410953355598,0.03726027397260274,283.9591262975778,2.416702896927256,634.4553424657535,0.34764676299493336,3.3759231375492584,1424.7906849315068,0.12053713642334397,4.133698630136986,48.955068493150684,203.62301369863013,13.506955859969558,0.28537290715372904,0.029352609780594126,0.1179776406706772,0.00924539557761771,2.6475594854441935,0.05553609960589657,0.06169400644459489,0.0008525663210947935,0.12196998505443195
1,1383,45,0.840416984380693,1.4989360446624973,2840.7942934873795,0.7514233563668422,0.3480269211251714,3.150420310688697,1.5892839190115535,0.20791041976614313,1.1948890404526264,1.2522022131550945,0.4151461569998777,1.1741377620116757,0.14303554568264462,1.2227652641897981,-0.8116712805566804,113.6317717394952,0.6621501385041552,0.06739507231534897,3.3419845856701818,1.2510990415604506,-0.722089442032863,0.6466962809063015,0.02774518921604336,0.9176599706833237,0.02774518921604336,0.18163908663643094,0.02692371003921031,0.9861274053919783,0.9861274053919783,0.9944509621567913,0.9907516035946522,-0.7687643779800293,0.8267987092557614,0.02774518921604336,1.7852857267594011,0.6358555548996173,0.923831396443246,0.9176599706833233,0.7714131321513794,3.570571453518802,0.8960862072272029,0.16861036753058622,325.1447244817363,0.6357772749337175,0.18211136253314125,3.2812202301771727,24.36589405895844,85.33062836336538,9.124710482856699,0.4296949424557068,2.6698361088290667,170.22502760425846,0.3849286272581446,0.2686842105263158,6.895217933984254,0.2056152112833856,0.6433339128829427,0.09618553588349629,39.89230769230769,0.6137278106508876,0.19313609467455622,3.2153846153846155,1607.7230769230769,5797.984615384616,560.1576923076923,0.4461538461538462,19.246153846153845,0.296094674556213,0.04090965914086109,0.13840635324077963,0.016535485615881442,3.2896680003166505,0.034210526315789476,753.2852071005917,2.551915522746394,659.1621052631579,0.3469274238227147,3.4197628808864264,1258.0852631578948,0.16892493074792242,3.3542105263157893,50.34947368421053,170.79,20.23934210526316,0.4114473684210526,0.02893806755645728,0.09510111182387185,0.012397306489603637,9.511337053282249,0.03881881260840873,0.027116532119773107,0.004553775827380083,0.03904797322424695
1,1383,47,1.1963791657214016,1.7390074057855043,7609.889537180814,0.3723412172989246,0.1768694720241144,5.492709239049177,2.20318544836163,0.16249825462527087,1.4648145740489007,1.4706317314564905,0.3726888589263811,1.830496589435249,0.08471705131554061,1.4851818350763706,-0.6705534187001138,304.3955814872326,0.8841035076664566,0.06008334689475345,3.902179295046878,0.7896421907989611,-0.25142588848522407,0.2184933322160065,0.007796872071275911,0.9311260750604616,0.007796872071275911,0.06547534550102066,0.007732632139987028,0.996101563964362,0.996101563964362,0.9992203127928724,0.998050781982181,-0.8348810800710326,0.6705777872491395,0.007796872071275911,1.9620154249217605,0.8821976881032452,0.41713752798313036,0.9533290964627538,0.9380855325688873,3.924030849843521,0.40934065591185514,0.056572551071820604,632.7391348644205,0.8395721652897432,0.08404948578614692,3.890360463549621,115.01954271952908,457.25407715594054,29.667927913014033,0.2982087167925881,1.978335717561099,326.2493606316138,0.5097010095929082,0.2176086956521739,85.89936624897402,0.14905883300021072,0.5839331598675986,0.047372691678086214,49.69565217391305,0.720226843100189,0.15752993068683052,3.9855072463768115,13844.782608695652,55193.086956521736,3517.078502415459,0.3180354267310789,26.420289855072465,0.38290275152278935,0.061461144630352675,0.390501776659183,0.01151970916345243,2.8093873330107044,0.02,11344.782608695652,1.8449394459399566,1424.2991304347827,0.4128403276622558,3.0940108380592313,3050.157101449275,0.05953614786809494,3.9,55.78898550724638,217.87217391304347,15.735177133655394,0.2865942028985507,0.024692500620752865,0.09865729512416882,0.007192315582895053,2.093648940345369,0.06467192821228514,0.026597692117444227,0.00017256854454520277,0.14556521739130432
1,1383,47,1.1015755463001047,1.6584541398711756,5371.640257037033,0.3767802800660408,0.2913937883477842,4.808572177003256,2.352969661557605,0.18739493800372872,1.3945731431268575,1.3817207875191153,0.598864800702638,1.754104860854967,0.11963365582645576,1.4170708576901787,0.7126540578262304,214.86561028148137,0.8891641191370425,0.06325556418405591,4.035546372303282,0.8465041764371295,-0.01609636160934045,0.22024285162965274,0.01136944422471065,0.9019717782181351,0.01136944422471065,0.08935819044647275,0.011234427008291404,0.9943152778876447,0.9943152778876447,0.998863055577529,0.9971576389438224,-0.7848870075184557,0.6679381836294929,0.01136944422471065,1.9958275527944327,0.8782427455199076,0.4579765634219988,0.929495040574682,0.9363943946497384,3.9916551055888654,0.4466071191972888,0.057903073963590845,613.0914426603429,0.8623784645342762,0.0726208016320634,4.011195647054146,20.45144675425251,82.6434653818045,5.410193410113429,0.27911577935596243,2.0535112415291117,277.0646039745027,0.46528186074953937,0.2652336448598131,2.3973699402766,0.18338086513589816,0.716795997739362,0.0556453954498748,70.44827586206897,0.8097502972651606,0.10225921521997622,3.9655172413793105,1303.367816091954,5249.436781609195,338.07662835249045,0.29693486590038315,39.0,0.4482758620689655,0.017199227607013774,0.02567746946268198,0.015154371779665318,2.30468450678129,0.03252336448598131,357.98203197251945,2.010138177851752,991.4403738317757,0.3706319154511311,3.3100077211983576,2378.5140186915887,0.057912481439427024,4.035514018691589,50.61869158878505,204.8340186915888,13.45717549325026,0.2701973001038422,0.02733940397896784,0.10835985658714854,0.007902335959671358,1.9400731584258322,0.06956680038229233,0.03276117374158119,0.0002084368231246667,0.15052499312412704
1,1383,47,0.9520851847313192,1.4891004825075598,4139.440192632356,0.556638856110127,0.2833270662030012,3.1020189230842914,1.7170944754413835,0.16876476056342438,1.2503682641279081,1.277185643678259,0.5293826832932136,1.18771179214817,0.11924542379294507,1.2678917892989878,-0.680021044863474,165.57760770529427,0.7742312376284286,0.04412879343355025,3.6023327912109315,1.114467880491648,-0.6272384693396138,0.4324384081397794,0.018429312614976455,0.918280758554932,0.018429312614976455,0.13195737071589805,0.018075940281117794,0.9907853436925118,0.9907853436925118,0.9963141374770047,0.9938568957950079,-0.7823424695293938,0.761987945511751,0.018429312614976455,1.8705158158394732,0.7564901993415043,0.6770660678174356,0.9182807585549284,0.861301159531985,3.7410316316789465,0.6586367552024595,0.11271693018868897,525.8169005969504,0.7454219707556534,0.1272890146221733,3.550797067112648,19.22976130223122,70.17737631657353,6.492857548645646,0.36230073322183803,2.2909341367930205,266.18766138167456,0.44518785775759684,0.2733009708737864,2.3017746611111694,0.1993519878033207,0.6700806739818822,0.08166981625868036,63.04347826086956,0.6852551984877127,0.15737240075614367,3.4130434782608696,1081.3804347826087,4041.6304347826085,341.3179347826087,0.3967391304347826,34.69565217391305,0.3771266540642722,0.027897788180751996,0.042265756414422026,0.024305796122334484,2.8340055139575937,0.03572815533980583,297.9890122873346,2.2500253405689317,932.0089320388349,0.36194521632576115,3.3998152512018094,1993.6454368932039,0.11288438118578566,3.610873786407767,49.82485436893204,181.36466019417475,16.93990291262136,0.3472815533980583,0.02878703636434797,0.09990681690871243,0.011007091228256856,7.132288940166228,0.043519065515488474,0.01784732783036864,0.0020670941146586214,0.04241567360129267
1,1383,47,0.8086781686306821,1.4569224427279481,2353.2343239200177,1.045316877263999,0.4075724812712953,5.795967411401356,1.6463829460127575,0.22048404573909158,1.0809894555227735,1.075952069282243,-0.10310502356055651,1.7494879695733139,0.15284692020681834,1.1202938480999867,-0.983037417132895,94.12937295680072,0.5177051022222222,0.08652010313925403,7.030821449300676,2.359211303571406,-0.7562865580694031,1.0248470478051788,0.03884469750483163,0.9269680499664381,0.03884469750483163,0.2353462766820434,0.037250409595442506,0.9805776512475841,0.9805776512475841,0.9961155302495168,0.9902888256237921,-0.7720574179197471,0.894146300522055,0.03884469750483163,2.6046726788645542,0.4821616989061679,1.2811176596053855,0.9435718667779647,0.5995031757939278,5.2093453577291084,1.2422729621005544,0.2659229363275026,277.3385316006504,0.5095398471260754,0.27377870254827685,6.971061407621763,17.44357970051655,123.48800109264072,3.0082462825786385,0.17798341550744198,2.970246623475271,180.18133211670335,0.37614001877683967,0.29000000000000004,2.61256552885492,0.2355505755471206,1.5650785239863383,0.044815793064338943,39.96296296296296,0.49336991312299955,0.2962962962962963,6.827160493827161,739.1234567901234,5145.320987654321,128.7537722908093,0.18792866941015088,19.987654320987655,0.2467611644566377,0.03387797355489275,0.15692631488034248,0.009946550519431068,4.030318687950464,0.0432,203.28669410150889,2.9561546119444237,616.6032,0.32885504,3.618133333333333,970.6970666666666,0.26686179555555556,7.049066666666667,48.24053333333333,341.72,8.346814814814815,0.17454814814814815,0.031472409674981106,0.21421438918283367,0.005826963602176124,4.664275537801327,0.0291213915313958,0.14497833243101801,0.003455874372116167,0.1069682459265554
1,1383,49,1.1079501568855417,2.1451961382027824,7593.735092546165,0.9104628243643378,0.5585914658240383,2.7773835534593,2.6454450886175893,0.3319389456863582,1.5321477796883163,1.4195992280427956,0.4773768678176832,2.1680682207999062,0.23630975803862728,1.5844007228060975,0.6245580539411208,303.7494037018467,0.6522418960453521,0.16284883162464667,4.624626975491843,2.7207556308798084,0.33258577228441877,0.7744658789169132,0.020985120793861473,0.9472082053327869,0.020985120793861473,0.1458457394627224,0.020516194882066453,0.9895074396030693,0.9895074396030693,0.9979014879206138,0.9947537198015346,-0.8368778137125822,0.8842830237454313,0.020985120793861473,2.106239473379399,0.6328545124849673,1.0599411809512038,0.9527677482552445,0.7793457972318905,4.212478946758798,1.0389560601573429,0.1988627499276937,483.9688241301161,0.6290422047490432,0.2162493570925484,4.634991983185691,31.244865894601837,140.79867526591397,8.025060915719749,0.2739478590779093,2.724546984828378,278.08065382050097,0.4257209117541661,0.25388429752066116,11.506640731723394,0.19156823540783274,0.8821901846644514,0.05460225573325686,50.81395348837209,0.5908599242833964,0.2471606273661439,4.627906976744186,3011.5232558139537,13268.162790697674,757.8801679586563,0.2868217054263566,24.441860465116278,0.28420767982693346,0.03469431325441889,0.18887139072405432,0.009493117651099085,3.5253481211966027,0.028429752066115702,1774.2835316387236,2.5887286260945315,1121.6961983471074,0.370808660610614,3.3471335564510625,1973.0317355371901,0.19853572843385014,4.630082644628099,51.91305785123967,240.15272727272728,13.715583103764923,0.2673186409550046,0.027389572388490137,0.1272371841482231,0.007490067230170645,4.93126531862745,0.03316570187670363,0.06328604291543359,0.001372612947087656,0.08379631814833882
1,1383,49,0.963496864266561,1.6509496929317102,6145.756797323153,0.5431389349363182,0.41962893018025493,3.1639322490970456,1.9844364124877316,0.23053532158333143,1.3355011220081834,1.3690866309589464,0.2539661676971322,1.7304702447905993,0.1693902519673715,1.3646796490910895,-0.6018441386715581,245.83027189292616,0.7814773186409549,0.07878729775826229,3.614901427021417,1.1025155943303206,-0.6187851489895588,0.42174536216907915,0.017188160941609847,0.9221354855593497,0.017188160941609847,0.1237011850581985,0.016856443239962472,0.991405919529195,0.991405919529195,0.9965623678116781,0.9942706130194634,-0.7929234466582183,0.759878449927813,0.017188160941609847,1.8744985024974072,0.763676795204693,0.6581102011644306,0.9221354855593458,0.8659044220266024,3.7489970049948145,0.6409220402228212,0.10973338077767225,587.9912544191784,0.7515451958036967,0.12422740209815165,3.562764432650738,60.05805749679624,231.12241575834003,17.291967931410277,0.3593088918373156,2.3654544043411136,282.85973048613357,0.4229340931908563,0.2362121212121212,36.56134181870101,0.16535212597602442,0.571443418447426,0.06382930285817406,56.55555555555556,0.6982167352537723,0.15089163237311384,3.4444444444444446,6548.617283950617,25621.20987654321,1780.469135802469,0.3888888888888889,25.0,0.30864197530864196,0.027266864014300233,0.07048392371356255,0.016462599089484643,3.076133123244388,0.024545454545454544,4888.809327846365,2.1427943555335283,1279.88,0.38784242424242427,3.204196877869605,2578.8751515151516,0.10926134067952249,3.6254545454545455,53.76060606060606,196.32787878787877,18.118787878787877,0.34363636363636363,0.02555597352016003,0.09096156887277919,0.009204574682005239,8.645420084514042,0.035580256479739746,0.0170336210590756,0.001817435482464683,0.036435403066646437
1,1383,49,0.7138728670558977,1.2846855563654784,2266.5066476814845,0.991177964819864,0.3099277383025987,3.8157677834310078,1.5942663548512137,0.1852257959637392,1.0120840243366,1.0354323181517169,0.119635311191054,1.4746310436601597,0.12848435537857386,1.0388882903605787,-0.6116706780025656,90.6602659072594,0.5061024943310657,0.05497480753095882,2.660094157368973,0.988772886265915,-0.2211737881776999,0.9501627994114357,0.035753543963496566,0.9274633599462374,0.035753543963496566,0.22137259742732218,0.034421610708613895,0.9821232280182518,0.9821232280182518,0.9928492912073006,0.9880821520121679,-0.7767233026066892,0.8857309625401925,0.035753543963496566,1.559323643116907,0.4726202176039199,1.210806171556761,0.9274633599462377,0.5414468711351587,3.118647286233814,1.1750526275932647,0.2464790858437331,306.22714951964866,0.503178623106759,0.24841068844662048,2.6194444386492792,17.108040181832074,46.95303956131631,9.646790336961011,0.5951388903376802,2.826159471529718,212.31659022429338,0.4003978022006822,0.2897619047619048,2.264378981006143,0.2249372628921722,0.5835209377939984,0.13529134416671565,43.372093023255815,0.5043266630611141,0.2478366684694429,2.63953488372093,785.0232558139535,2218.953488372093,426.5406976744186,0.5901162790697675,23.74418604651163,0.2760951865873445,0.02353472746805858,0.0788436512166247,0.009707496530917042,3.849963417469997,0.040952380952380955,188.75500270416444,2.8357414761273345,715.8438095238096,0.3408780045351474,3.475958276643991,1062.815238095238,0.2469487528344671,2.665714285714286,48.12380952380953,129.7552380952381,27.71595238095238,0.5835714285714285,0.03027068328654213,0.0803679979663823,0.017746354616582083,26.934757987601326,0.0278848973404226,0.03415400604686318,0.008420756480581649,0.027929710229256378
