group_name,m_id,day_of_study,10Percentile,90Percentile,Energy,Entropy,InterquartileRange,Kurtosis,Maximum,MeanAbsoluteDeviation,Mean,Median,Minimum,Range,RobustMeanAbsoluteDeviation,RootMeanSquared,Skewness,TotalEnergy,Uniformity,Variance,Elongation,MajorAxisLength,MaximumDiameter,MeshSurface,MinorAxisLength,Perimeter,PerimeterSurfaceRatio,PixelSurface,Sphericity,Autocorrelation,ClusterProminence,ClusterShade,ClusterTendency,Contrast,Correlation,DifferenceAverage,DifferenceEntropy,DifferenceVariance,Id,Idm,Idmn,Idn,Imc1,Imc2,InverseVariance,JointAverage,JointEnergy,JointEntropy,MCC,MaximumProbability,SumAverage,SumEntropy,SumSquares,GrayLevelNonUniformity,GrayLevelNonUniformityNormalized,GrayLevelVariance,HighGrayLevelRunEmphasis,LongRunEmphasis,LongRunHighGrayLevelEmphasis,LongRunLowGrayLevelEmphasis,LowGrayLevelRunEmphasis,RunEntropy,RunLengthNonUniformity,RunLengthNonUniformityNormalized,RunPercentage,RunVariance,ShortRunEmphasis,ShortRunHighGrayLevelEmphasis,ShortRunLowGrayLevelEmphasis,HighGrayLevelZoneEmphasis,LargeAreaEmphasis,LargeAreaHighGrayLevelEmphasis,LargeAreaLowGrayLevelEmphasis,LowGrayLevelZoneEmphasis,SizeZoneNonUniformity,SizeZoneNonUniformityNormalized,SmallAreaEmphasis,SmallAreaHighGrayLevelEmphasis,SmallAreaLowGrayLevelEmphasis,ZoneEntropy,ZonePercentage,ZoneVariance,Busyness,Coarseness,Complexity,Strength,DependenceEntropy,DependenceNonUniformity,DependenceNonUniformityNormalized,DependenceVariance,HighGrayLevelEmphasis,LargeDependenceEmphasis,LargeDependenceHighGrayLevelEmphasis,LargeDependenceLowGrayLevelEmphasis,LowGrayLevelEmphasis,SmallDependenceEmphasis,SmallDependenceHighGrayLevelEmphasis,SmallDependenceLowGrayLevelEmphasis
2,1263,25,179.0,214.0,1622577.0,1.369815128430061,17.0,2.394254842430326,225.0,10.793575252825699,198.46341463414635,199.0,170.0,55.0,7.7134986225895315,198.93478524503402,-0.15143757143821437,1622577.0,0.43367043426531826,187.32183224271273,0.9395290780662398,31.516064358143296,30.066592756745816,30.5,29.610258890682648,98.22539674441637,3.22050481129234,41.0,0.1993109044954619,5.495098039215685,1.9734373745879832,-0.6802059539694382,0.8952326028450596,0.019152362850219817,0.5147427392009433,0.4068627450980392,0.4480692205454614,0.10745866974240677,0.7965686274509803,0.7965686274509803,0.9760668973471741,0.9186274509803922,-0.451690369672609,0.5875948698416243,0.4068627450980392,2.3063725490196076,0.5192714340638216,1.2574239400367377,0.6008771929824549,0.6029411764705882,4.612745098039215,0.8505611949386988,0.3255238369857747,17.78048780487805,0.4171597633136095,0.39262343842950626,6.262509973906106,1.7296253315649868,11.57159485454271,0.3436511098815951,0.2276498757230333,1.6587401272397244,34.00343722369584,0.9010607150409525,0.9085365853658536,0.44096785888856055,0.9560454616196611,5.9640635250347795,0.22006758266544774,5.961538461538462,4.346153846153846,30.307692307692307,0.7844551282051283,0.25240384615384615,14.923076923076923,0.5739644970414202,0.7811695447409732,4.465141287284144,0.21494832548403975,2.453582957309915,0.6341463414634146,1.859467455621302,0.5546875,0.19248826291079812,1.8778898465676388,1.0975609756097562,2.734681486072367,15.146341463414634,0.36942296252230816,0.5865556216537775,6.341463414634147,3.5853658536585367,24.48780487804878,0.6505758807588076,0.22103658536585366,0.5704607046070461,3.3495934959349594,0.14903267088226438
1,1297,23,68.8,163.2,1800459.0,2.225654947076667,72.5,1.5862011347096223,175.0,34.325683214462245,117.08403361344538,108.0,43.0,132.0,29.31346260387811,123.00368922526353,-0.06272220620157395,1800459.0,0.2527363886731163,1421.2366358308032,0.8511655422856323,136.50888406431417,108.18964830333815,69.5,116.19165833140848,319.4284989122476,4.5960935095287425,119.0,0.09251745417959602,19.572222222222223,127.4096184727938,-1.648400548696845,5.718395061728395,0.005186623763268459,0.9746809100998888,0.08333333333333333,0.31686571032106603,0.06790123456790123,0.9583333333333333,0.9583333333333333,0.9983333333333333,0.9895833333333333,-0.6687834636149841,0.6972293267472103,0.08333333333333333,4.122222222222222,0.5892901234567901,1.176555635554107,0.7499999999999808,0.6833333333333333,8.244444444444445,1.0932223022207737,1.450432098765432,30.07563025210084,0.25034717838656734,2.3566132335287056,19.93615698444518,1.46035203884431,34.328559995333116,0.12420293845470934,0.09941508610891195,2.4147914398450894,104.24961935349327,0.9348664009890046,0.9369747899159664,0.3133921579444242,0.9731752578003948,19.314641004993348,0.09706496973905111,18.168539325842698,3.606741573033708,98.76404494382022,0.2540027134449286,0.10580670845117074,68.95505617977528,0.7747759121323066,0.8980163684283535,15.996791510611734,0.09661147024584096,2.875447011970484,0.7478991596638656,1.8189622522408784,0.035266064257028114,0.8469750889679717,0.8912346155479285,16.342245989304814,3.24746371486195,58.00840336134454,0.48746557446508015,0.5861167996610408,20.436974789915965,2.8487394957983194,71.47899159663865,0.2323960536595591,0.09755945235236951,0.7201797385620915,13.186507936507935,0.0762429905824764
0,1276,35,93.0,117.2,154379.0,0.5916727785823268,7.5,3.958266977461975,119.0,7.428571428571429,104.5,106.0,78.0,41.0,3.3,105.0098634823007,-0.9642446405956105,154379.0,0.7551020408163265,106.82142857142857,0.3004598691710274,40.85525834725776,27.51363298439521,7.0,12.275365577965593,39.597979746446626,5.656854249492375,14.0,0.23685410871273385,4.0,0.0,0.0,0.0,0.0,1.0,0.0,-3.203426503814917e-16,0.0,1.0,1.0,1.0,1.0,0.0,0.0,0.0,2.0,1.0,-3.203426503814917e-16,0.0,1.0,4.0,-3.203426503814917e-16,0.0,10.571428571428571,0.7222222222222222,0.12244897959183672,3.5476190476190474,1.1666666666666667,4.214285714285714,0.4047619047619048,0.36309523809523814,0.8116582415174918,12.222222222222221,0.9074074074074074,0.9523809523809524,0.0462962962962963,0.9583333333333334,3.380952380952381,0.35267857142857145,3.5,1.5,5.5,0.5,0.375,8.666666666666666,0.7222222222222222,0.875,3.0,0.34375,1.251629167387822,0.8571428571428571,0.1388888888888889,0.0,1000000.0,0.0,0.0,1.3787834934861745,8.285714285714286,0.5918367346938775,0.20408163265306123,3.5714285714285716,1.8571428571428572,7.0,0.5714285714285714,0.35714285714285715,0.7857142857142857,2.7142857142857144,0.30357142857142855
0,1276,23,104.6,121.6,368010.0,0.7167256591148775,8.0,3.2975737425083094,127.0,5.57193816884661,112.41379310344827,113.0,94.0,33.0,3.497164461247637,112.64990013311153,-0.2634114678259278,368010.0,0.7526753864447087,53.13912009512485,0.8238183316118561,31.92534472491703,29.732137494637012,16.0,26.300684227414518,78.95331880577406,4.934582425360879,29.0,0.1795951205309831,4.666666666666666,0.01851851851851854,0.018518518518518566,0.05555555555555555,0.004756242568370987,0.2000000000000003,0.3333333333333333,0.22957395851362197,0.05555555555555556,0.8333333333333333,0.8333333333333333,0.9666666666666666,0.9166666666666666,-0.26862077149050917,0.3084169267762128,0.3333333333333333,2.1666666666666665,0.75,0.5629072918469551,0.2999999999999998,0.7916666666666666,4.333333333333333,0.22957395851362197,0.09722222222222221,21.82758620689655,0.7184,0.13793103448275862,4.1442711184090495,1.156415343915344,4.769932494070424,0.3331866777149344,0.29408284173609844,0.938746801009149,25.860449735449734,0.9306544119705495,0.9568965517241379,0.06142176520814086,0.9711842298647854,4.029008037868191,0.2868788992022948,4.16,1.72,7.04,0.47888888888888886,0.29888888888888887,21.24,0.8496,0.9325,3.89,0.2820138888888889,1.2554312795575981,0.8620689655172413,0.3744,0.15104166666666666,1.0,0.27586206896551724,1.6091954022988506,1.7039978827968256,18.724137931034484,0.6456599286563615,0.5707491082045184,4.137931034482759,2.3793103448275863,9.655172413793103,0.6369731800766283,0.29214559386973177,0.8287835249042146,3.453065134099617,0.24934147509578544
2,1380,41,108.8,160.0,1900631.0,1.773399275168706,34.0,2.6147183445972786,169.0,17.84695439240894,136.95959595959596,143.0,79.0,90.0,13.775133848899465,138.55790460775933,-0.7222162719188358,1900631.0,0.3114988266503418,440.3620038771554,0.6363357107168602,165.31253985666237,119.26860441876563,60.5,105.19427254009854,261.20310216783116,4.317406647402168,99.0,0.10556119277337123,9.045833333333334,10.553125,0.6745370370370377,2.2402777777777776,0.016996479092183613,0.7524509803921564,0.23055555555555554,0.6215331503489951,0.14570987654320988,0.8847222222222222,0.8847222222222222,0.986437908496732,0.9538888888888889,-0.634487901653229,0.8776175077603541,0.23055555555555554,2.895833333333333,0.3633719135802469,1.7864720239141472,0.9167246256524244,0.44861111111111107,5.791666666666666,1.5559164683585922,0.6177083333333333,30.838383838383837,0.34171514355413773,0.8076726864605652,10.114652581639874,1.3711255825633326,12.422059709028854,0.2523956716976977,0.16911895068320495,2.0155259131772936,83.34067399134862,0.8998761666132227,0.9318181818181818,0.20512796401520603,0.9583868188839326,9.74247365789169,0.16109182406077321,10.684931506849315,2.780821917808219,22.34246575342466,0.5473744292237444,0.16076864535768645,47.54794520547945,0.6513417151435541,0.8331668569254186,9.142789193302892,0.12874241607475054,2.555583611038786,0.7373737373737373,0.9416400825670858,0.39702760084925687,0.2647058823529412,0.7471180409784279,1.4901010101010104,2.9268638281873782,43.60606060606061,0.4404652586470768,0.5105601469237833,9.929292929292929,2.898989898989899,23.86868686868687,0.5669191919191919,0.17199775533108866,0.6711560044893378,7.21885521885522,0.10608009103379473
2,1270,31,55.0,74.0,224922.0,0.8471905923412055,10.0,3.6557066763905413,90.0,6.821991541714724,65.72549019607843,66.0,43.0,47.0,4.019036287923855,66.40960242402936,0.29562280818036696,224922.0,0.6939638600538254,90.39523260284506,0.9007384719273894,64.6542071415715,54.08326913195984,34.5,58.23653174437604,128.75230867899765,3.7319509762028305,51.0,0.16171840687864494,3.7777777777777772,0.024691358024691346,-0.02469135802469131,0.07407407407407411,0.002301779355853581,0.6000000000000001,0.1111111111111111,0.3060986113514961,0.07407407407407408,0.9444444444444443,0.9444444444444443,0.9888888888888889,0.9722222222222222,-0.024827695320678914,0.1012647373575525,0.1111111111111111,1.9444444444444444,0.8333333333333334,0.41720972246260707,0.06666666666666661,0.8888888888888888,3.888888888888889,0.3060986113514961,0.0462962962962963,35.3921568627451,0.5761245674740484,0.17608612072279892,4.285329798586101,1.9414455782312923,8.051112111511271,0.5359647562728795,0.30060336171505636,1.1145506190769203,43.64803854875283,0.9316587736077047,0.911764705882353,0.658784810727012,0.9697167304421768,4.164196720354808,0.29303254432560055,4.382352941176471,5.029411764705882,20.5,1.3251633986928104,0.31781045751633985,26.647058823529413,0.7837370242214533,0.8938929738562091,3.9579248366013076,0.2912837009803922,1.7389832426388439,0.6666666666666666,2.7794117647058822,0.14375000000000002,1.108695652173913,0.10911787883001901,2.5294117647058822,2.0261225911627587,22.764705882352942,0.4463667820069204,0.7958477508650519,4.254901960784314,3.7058823529411766,15.07843137254902,0.9716775599128541,0.2952069716775599,0.6503267973856208,2.856209150326797,0.20778867102396512
2,1264,31,88.8,162.8,801004.0,2.320826279519766,49.0,2.768871078199497,207.0,25.782716049382714,129.55555555555554,134.0,54.0,153.0,18.146938775510204,133.41697376604256,-0.18385469985235894,801004.0,0.2316049382716049,1015.446913580247,0.755267863874572,43.74055418208434,37.8021163428716,31.0,33.03583492179282,113.19595949289362,3.651482564286891,45.0,0.1743632092531026,19.410714285714285,16.524863772039424,-0.7510932944606401,2.250850340136054,0.03652126200274349,0.014921208874603797,1.0773809523809523,0.9624640295844505,0.30938208616780044,0.5773809523809524,0.530952380952381,0.9661006289308175,0.8750000000000001,-0.4953662732059277,0.8254528554948732,0.46800595238095233,4.267857142857142,0.24831703514739228,2.3494801741084355,0.7785229638285761,0.32440476190476186,8.535714285714285,1.6203135074417698,1.0061649659863945,10.422222222222222,0.22067901234567902,1.7698765432098766,15.390497076023392,1.2248803827751198,19.198511430090377,0.1647885687191765,0.14235660101582723,2.4934019921634176,39.91746411483253,0.9289665415169066,0.9500000000000001,0.10130620292575719,0.9695931353003722,15.018034788676236,0.1379456120139665,15.472222222222221,2.0277777777777777,32.0,0.2589542391030486,0.14680146132527086,26.944444444444443,0.7484567901234568,0.8829089506172839,13.910686728395062,0.13153332860922146,2.992687767897759,0.8,0.4652777777777778,0.16563604240282687,0.24000000000000005,7.9197617796147215,4.211965811965812,3.305618865049586,23.933333333333334,0.5318518518518518,0.4177777777777778,15.377777777777778,2.3777777777777778,36.48888888888889,0.2993856135046611,0.1409411690602167,0.754320987654321,11.828395061728397,0.11102141597379692
2,1263,39,128.1,178.60000000000002,1494452.0,1.6954196666110635,25.0,2.557432595193146,191.0,15.790725326991677,159.3448275862069,164.0,116.0,75.0,11.00945179584121,160.51920069917944,-0.6730196816732762,1494452.0,0.3656361474435196,375.63971462544583,0.6946870000342354,75.30518529496979,61.98386886924694,33.5,52.31353325958478,154.83556979968319,4.621957307453229,58.0,0.1325124241306386,9.0875,30.025,-3.1500000000000004,3.325,0.010468631122409465,0.8875,0.225,0.49273764861366665,0.1225,0.8875,0.8875,0.986764705882353,0.9550000000000001,-0.6555974301867513,0.7255583903713758,0.225,2.875,0.46625,1.4554820237218395,0.7499999999999963,0.5375,5.75,1.23048202372184,0.8875,21.20689655172414,0.3567708333333333,0.7051129607609987,8.800045093795093,1.1732503607503608,10.63183621933622,0.2322857794211961,0.20335428942199774,1.953242726181554,49.79295334295334,0.9050159850526613,0.9482758620689655,0.060632503341437924,0.9617379148629148,8.38755185786436,0.19668258415003204,8.604166666666666,1.7916666666666667,16.833333333333332,0.33738425925925924,0.20500578703703706,35.583333333333336,0.7413194444444444,0.8838252314814815,7.44458912037037,0.17986834490740744,2.3637290364303665,0.8275862068965517,0.33159722222222227,0.11786529680365296,0.8426150121065376,0.4161576100056287,3.2302558398220245,2.7498656375351382,31.517241379310345,0.5434007134363853,0.5184304399524375,8.89655172413793,2.5172413793103448,25.344827586206897,0.43702107279693486,0.20162835249042146,0.7649664750957854,6.485272988505747,0.1560171881651767
2,1264,35,79.0,139.20000000000002,324964.0,1.907822116856917,43.0,2.552180271353366,149.0,23.10562414266118,106.14814814814815,107.0,41.0,108.0,16.68480725623583,109.70735482958152,-0.35578663281308515,324964.0,0.2949245541838134,768.2743484224966,0.7924845800432306,43.511495426741135,34.17601498127012,15.0,34.482189180313895,73.88225099390857,4.9254833995939045,27.0,0.18582769620931677,15.0,0.02469135802469129,-0.02469135802469122,0.07407407407407407,0.014012091652695216,0.5000000000000001,0.2222222222222222,0.3060986113514961,0.07407407407407407,0.8888888888888888,0.8888888888888888,0.9914529914529915,0.9629629629629629,-0.09133918070709351,0.20961403791828412,0.2222222222222222,3.7777777777777772,0.7777777777777778,0.5283208335737182,0.16666666666666655,0.7777777777777778,7.5555555555555545,0.3060986113514961,0.07407407407407407,7.962962962962963,0.2847222222222222,1.0809327846364882,15.095441595441596,1.0865384615384617,16.335826210826212,0.12387869974675528,0.11631459718265273,2.0437900359314867,24.80769230769231,0.9445266272189349,0.9722222222222221,0.027736686390532547,0.9783653846153847,14.785345441595442,0.1144235715416271,15.166666666666666,1.375,20.541666666666668,0.1517939814814815,0.1190162037037037,18.75,0.78125,0.90625,13.822916666666666,0.11082175925925926,2.390336064760441,0.8888888888888888,0.109375,0.06839622641509432,0.9310344827586208,1.2701326995444644,10.370370370370368,2.5078121516798695,17.666666666666668,0.654320987654321,0.1728395061728395,15.074074074074074,1.6666666666666667,24.62962962962963,0.17377572016460907,0.11550411522633744,0.8333333333333334,12.685185185185185,0.10093621399176955
2,1270,27,132.0,181.9,2258813.0,1.681651704175249,31.5,2.0224153265988463,189.0,16.23842155009452,155.5326086956522,156.0,113.0,76.0,12.476261962844815,156.6917841413241,0.005443910653540085,2258813.0,0.33719281663516065,361.92284971644614,0.8435974453643545,101.13399541520148,81.93289937503738,62.0,85.31638017175432,232.53405460951842,3.7505492678954586,92.0,0.1200367456008855,9.35357624831309,6.538678886213228,0.710146498197022,1.5025120337436553,0.01302821754883428,0.6443336295711132,0.298110661268556,0.7485223459834582,0.17164564062497153,0.8509446693657221,0.8509446693657221,0.9824640787489085,0.9403778677462888,-0.38965046916403456,0.7558454245389907,0.298110661268556,2.980870445344129,0.2948724004290806,2.167096156278216,0.6983082837371395,0.4258434547908232,5.961740890688258,1.8689854950096603,0.4501556737530529,31.02173913043478,0.35420856075840274,0.6440217391304348,8.090512065095398,1.5443378226711562,12.86628928170595,0.2694181787005861,0.18629478621087417,2.0027994972075076,73.67856341189675,0.8781753172074908,0.907608695652174,0.31116986311550476,0.948250892411772,7.587410310668412,0.17785854542726648,7.627118644067797,4.203389830508475,37.779661016949156,0.6633709981167608,0.19656308851224105,34.25423728813559,0.5805802930192473,0.7884004237288136,5.787694209039548,0.15631865976145637,2.7290195190899875,0.6413043478260869,1.771904625107728,0.5141955835962145,0.2822085889570552,0.7307883725948698,1.4016872160934457,3.1106071835355245,33.91304347826087,0.3686200378071834,0.6275992438563327,8.206521739130435,3.652173913043478,32.92391304347826,0.589975845410628,0.18342391304347827,0.5785024154589372,4.382246376811595,0.11239851717659688
0,1285,21,131.0,144.3,708458.0,0.17556502585750214,7.75,3.6431098616313995,146.0,4.443213296398892,136.42105263157896,136.0,119.0,27.0,3.105098855359,136.5416844005792,-0.45812373613219576,708458.0,0.9487534626038783,32.92797783933518,0.6554181926789975,62.38727441838501,47.16990566028302,24.0,40.88975464546656,99.19595949289338,4.133164978870558,38.0,0.17507195049252577,4.0,0.0,0.0,0.0,0.0,1.0,0.0,-3.203426503814917e-16,0.0,1.0,1.0,1.0,1.0,0.0,0.0,0.0,2.0,1.0,-3.203426503814917e-16,0.0,1.0,4.0,-3.203426503814917e-16,0.0,36.05263157894737,0.9232,0.02562326869806094,3.913001253132832,1.7726190476190475,7.003477443609022,0.4649044486215539,0.271749686716792,0.42283979316403963,31.95079365079365,0.9184706475182666,0.9144736842105263,0.5482646762408667,0.9652814520870077,3.774127061480862,0.2630700497385439,3.88,4.8,19.08,1.23,0.28,15.48,0.6192,0.8104938271604938,3.121975308641975,0.23262345679012345,1.177124569758786,0.6578947368421053,2.4896000000000003,0.0,1000000.0,0.0,0.0,1.6234621321536178,14.578947368421053,0.38365650969529086,0.5844875346260388,3.9210526315789473,3.4210526315789473,13.605263157894736,0.875,0.26973684210526316,0.5994152046783626,2.318713450292398,0.16959064327485382
2,1264,37,86.5,166.0,1105593.0,2.1464654238426135,38.0,3.182880119058209,186.0,24.90561224489796,137.01785714285714,146.0,50.0,136.0,16.613333333333333,140.50883297094578,-0.9938920967878065,1105593.0,0.27295918367346933,968.8389668367346,0.8615905751183154,68.90099461029749,63.34824385884742,37.5,59.36444757251016,142.6518036156094,3.8040480964162504,56.0,0.15217499594497008,16.019607843137255,31.65031199738188,-1.0128231223285136,3.871395617070357,0.011883503401360547,0.48393608345646716,0.39215686274509803,0.890764939025212,0.21510957324106114,0.8039215686274509,0.8039215686274509,0.9894011658717541,0.9439775910364144,-0.6014128275974985,0.8032648848770066,0.39215686274509803,3.823529411764706,0.3094002306805075,1.9583770162121346,0.7777777777777665,0.43137254901960786,7.647058823529412,1.566220153467037,1.065888119953864,15.285714285714286,0.33125,1.5357142857142856,18.03035714285714,1.3963203463203464,22.825270562770566,0.1995336925805676,0.11757803481240982,2.279436492920663,47.93484848484848,0.9087360619178801,0.9285714285714286,0.18352879443788533,0.9573749398749398,17.46374518999519,0.10870103982951204,19.525,2.7,40.55,0.4375069444444444,0.091875,24.85,0.62125,0.812111111111111,16.92363888888889,0.05423707561728395,2.6658841998018774,0.7142857142857143,0.74,0.0453601108033241,0.8549618320610687,1.383471784022017,8.681318681318679,3.276077586204989,23.821428571428573,0.42538265306122447,0.49489795918367346,17.535714285714285,2.9642857142857144,41.607142857142854,0.5470188492063492,0.12592757936507937,0.6478174603174603,12.926587301587302,0.05358575837742504
2,1263,11,55.0,75.0,117793.0,0.6343095546405655,9.0,2.4809198370706307,81.0,6.4,68.2,71.0,52.0,29.0,5.006802721088436,68.64196966870925,-0.7079380546871911,117793.0,0.7311999999999999,60.48000000000001,0.8045409473580186,22.441308439268653,18.439088914585774,16.0,18.0549515516827,64.32590180780444,4.020368862987778,25.0,0.2204342326923081,1.425,0.036424999999999985,0.02399999999999998,0.10250000000000001,0.021504,-0.11111111111111073,0.425,0.4304820237218401,0.10250000000000001,0.7875,0.7875,0.9149999999999999,0.8583333333333334,-0.2963289063282301,0.3934813399435473,0.425,1.2125,0.63375,0.8554820237218399,0.3611111111111109,0.7,2.425,0.4304820237218401,0.131875,18.28,0.667590027700831,0.1344,1.512857142857143,1.2053571428571428,1.7182142857142857,1.0771428571428572,0.8717857142857143,0.9378367309316776,20.922619047619047,0.8829719387755102,0.94,0.058514030612244895,0.9486607142857143,1.4615178571428573,0.8204464285714286,1.631578947368421,1.9473684210526316,2.5789473684210527,1.7894736842105263,0.8421052631578947,10.789473684210526,0.5678670360110804,0.7631578947368421,1.394736842105263,0.6052631578947368,1.5090275125326504,0.76,0.21606648199445982,1.923076923076923,0.5,0.16,0.5,1.4619011889093363,12.52,0.5008,0.24960000000000002,1.48,2.44,2.92,2.32,0.88,0.64,1.12,0.52
1,1261,20,139.9,183.1,1018564.0,1.5223368071545607,25.0,2.1580317123365087,189.0,13.020000000000001,158.8,155.0,128.0,61.0,9.779296875,159.57474737564212,0.1992319264308331,1018564.0,0.36375,246.65999999999997,0.8747468463583179,62.645301131779206,50.32891812864648,24.0,54.79877960419102,106.50966799187823,4.437902832994927,40.0,0.16305026986585555,2.4285714285714284,0.02637789809801473,0.02915451895043734,0.06802721088435375,0.017479166666666667,-0.055555555555555136,0.42857142857142855,0.28770685618887654,0.06802721088435375,0.7857142857142857,0.7857142857142857,0.9571428571428572,0.8928571428571429,-0.3527757820048365,0.3960413171770137,0.42857142857142855,1.5476190476190474,0.6836734693877551,0.716278284760305,0.3888888888888887,0.7380952380952381,3.095238095238095,0.28770685618887654,0.12414965986394559,14.55,0.39792387543252594,0.524375,4.550045787545788,1.1835164835164835,4.791254578754579,0.5710609991859992,0.40196759259259257,1.5916047965221867,37.055677655677655,0.9601612795019389,0.9625,0.0940009929020918,0.9821466727716728,4.517769383394383,0.38772003459503457,4.9411764705882355,1.7647058823529411,5.970588235294118,1.0400326797385622,0.3415032679738562,28.352941176470587,0.8339100346020761,0.9242238562091503,4.79922385620915,0.28227124183006536,1.8313996280112377,0.85,0.38062283737024216,0.5555555555555556,0.6666666666666666,0.2702791461412151,1.7875,2.185402176080039,25.15,0.62875,0.36,4.425,2.05,5.925,1.359027777777778,0.4215277777777778,0.8208333333333334,4.133333333333334,0.2704861111111111
2,1383,27,82.2,99.6,271810.0,0.5328350630342227,8.0,2.415727156243684,105.0,5.107438016528926,90.54545454545455,90.0,81.0,24.0,3.4912,90.756083359005,0.2884822992029851,271810.0,0.7869605142332414,38.18732782369145,0.9651656944818036,50.065797199526365,41.23105625617661,19.0,48.321789923866,89.19595949289345,4.6945241838364975,33.0,0.173235363173647,1.0,0.0,0.0,0.0,0.0,1.0,0.0,-3.203426503814917e-16,0.0,1.0,1.0,1.0,1.0,0.0,0.0,0.0,1.0,1.0,-3.203426503814917e-16,0.0,1.0,2.0,-3.203426503814917e-16,0.0,25.96969696969697,0.7222222222222222,0.10651974288337925,1.390948275862069,1.2425646551724139,1.6335129310344827,1.1448275862068966,0.9022629310344827,0.9049817928946176,27.051939655172415,0.8771641368162901,0.9318181818181819,0.0846046141126635,0.9489373802681993,1.339885656130268,0.851200311302682,1.5,2.5416666666666665,3.0416666666666665,2.4166666666666665,0.875,15.416666666666666,0.6423611111111112,0.8243634259259259,1.3243634259259258,0.6993634259259259,1.6431558784658307,0.7272727272727273,0.6510416666666666,0.0,1000000.0,0.0,0.0,1.777041395631137,14.454545454545455,0.4380165289256198,0.4903581267217631,1.3636363636363635,2.878787878787879,3.242424242424242,2.787878787878788,0.9090909090909091,0.6649831649831649,1.0286195286195285,0.5740740740740741
2,1263,23,52.0,68.0,148262.0,0.530980922468766,12.0,2.2688867942313125,75.0,5.9523809523809526,59.0,57.5,45.0,30.0,4.57439446366782,59.41420384931215,0.23788721054177958,148262.0,0.8242630385487528,49.04761904761906,0.7876006895920671,47.32012429547228,38.27531841800928,28.0,37.2693625266963,107.19595949289346,3.828427124746195,42.0,0.1749868977158841,3.75,0.3296543107038735,-0.19679300291545193,0.17346938775510204,0.0018446532051974223,0.7083333333333329,0.07142857142857142,0.29583638929116324,0.06122448979591837,0.9642857142857142,0.9642857142857142,0.9928571428571429,0.9821428571428571,-0.07953338545299832,0.20710905626114684,0.07142857142857142,1.9285714285714286,0.8163265306122449,0.5446150394212916,0.20833333333333218,0.8928571428571428,3.857142857142857,0.4731864679927204,0.061224489795918366,34.61904761904762,0.7969821673525377,0.09297052154195011,3.9184065934065937,1.8205128205128205,7.125457875457875,0.5238858363858364,0.3000076312576312,0.7485302058221317,35.88846153846154,0.9286785009861933,0.9107142857142858,0.5405719921104536,0.967041176994302,3.8053213013838016,0.2870804255062067,3.962962962962963,5.2592592592592595,20.666666666666668,1.448559670781893,0.3004115226337448,19.74074074074074,0.7311385459533608,0.8671650663008686,3.514956561499771,0.24636945587562867,1.3386406177799863,0.6428571428571429,2.839506172839506,0.14554794520547945,0.9882352941176471,0.20290211143869682,1.8285714285714285,1.8732176921194448,17.0,0.40476190476190477,0.7278911564625851,3.9047619047619047,3.6666666666666665,14.142857142857142,1.0740740740740742,0.30026455026455023,0.6243386243386243,2.509259259259259,0.17956349206349206
2,1383,19,144.6,174.0,2651672.0,1.1379972813983739,14.0,2.8351202800962727,187.0,9.23594674556213,159.26923076923077,159.0,127.0,60.0,6.690476190476191,159.6773188459969,-0.2550182865665182,2651672.0,0.5449334319526626,130.15828402366864,0.6839164941679737,158.63523959080962,112.76967677527502,63.5,108.49325691244307,273.345237791562,4.304649414040346,104.0,0.10334281388516593,3.755208333333333,2.382156291335979,0.3492476851851851,0.7259424603174602,0.008147651627218934,0.6226190476190469,0.14434523809523808,0.5141768583536448,0.11308638038548753,0.9278273809523809,0.9278273809523809,0.9855654761904762,0.9639136904761905,-0.565513809341796,0.7008135920738188,0.14434523809523808,1.8854166666666667,0.5393370890022675,1.2927017218992456,0.7916666666666566,0.6889880952380952,3.770833333333333,1.148356483804008,0.2175719246031746,56.67307692307692,0.5765333333333333,0.2824519230769231,3.828251262626263,1.4026830808080808,4.94698547979798,0.6328918525533109,0.39128174102132435,1.4361925895615293,86.06587752525252,0.8953215611767932,0.923076923076923,0.22367271196816654,0.9562619467241864,3.653251701038159,0.3758741111198794,3.9466666666666668,3.1466666666666665,10.173333333333334,1.5825925925925926,0.36703703703703705,52.06666666666667,0.6942222222222222,0.8547231481481483,3.3649342592592593,0.3086518518518519,1.9700937244093932,0.7211538461538461,1.2238222222222221,0.873991935483871,0.23990772779700115,0.2587742524774079,0.6431623931623931,2.5562663311441227,44.59615384615385,0.42880917159763315,0.7174556213017752,3.798076923076923,3.326923076923077,11.778846153846153,1.438301282051282,0.39663461538461536,0.6703392094017093,2.6188568376068373,0.24731236645299146
2,1383,49,57.3,73.0,364870.0,0.485743564350852,9.0,3.9650266937614047,78.0,5.2108843537414975,65.57142857142857,66.0,42.0,36.0,3.5388728001782135,65.90668005741509,-0.7128389442426233,364870.0,0.8443877551020407,44.078231292517,0.649625619248784,167.4676958338191,121.2023102090055,47.0,108.79130561021175,229.3036072312192,4.878800153855727,84.0,0.10598465103696433,4.083333333333333,0.03414351851851847,-0.018518518518518417,0.11805555555555555,0.001465318270165209,0.29166666666666685,0.29166666666666663,0.4795739585136219,0.11805555555555555,0.8541666666666666,0.8541666666666666,0.9708333333333333,0.9270833333333333,-0.10627079547757835,0.2737715396551171,0.29166666666666663,2.020833333333333,0.6770833333333333,0.7712406251802885,0.2083333333333332,0.7083333333333333,4.041666666666666,0.4795739585136219,0.10243055555555555,70.92857142857143,0.8206018518518519,0.0820578231292517,4.234788118322255,1.1140318851162225,4.690915658787144,0.2884624382839466,0.25995446700489094,0.7080412374376398,75.38578556650846,0.928942004666101,0.9642857142857143,0.035528997666949495,0.9714920287209443,4.120756233206032,0.252827474185127,4.263888888888889,1.5,6.263888888888889,0.3861882716049383,0.2611882716049383,52.0,0.7222222222222222,0.875,3.763888888888889,0.2299382716049383,1.1670225767903633,0.8571428571428571,0.1388888888888889,0.328125,0.42105263157894746,0.16358480718622737,1.0,1.3062635586883529,49.714285714285715,0.5918367346938775,0.20408163265306123,4.226190476190476,1.8571428571428572,7.654761904761905,0.4738756613756614,0.2595899470899471,0.7857142857142857,3.369047619047619,0.20601851851851855
2,1263,11,49.8,65.0,34551.0,0.46899559358928056,4.5,4.63215723333481,65.0,5.380000000000001,58.3,60.5,39.0,26.0,3.0617283950617287,58.78009867293521,-1.6128987861488993,34551.0,0.8200000000000001,56.21,0.7458455782481511,19.799250060987426,15.297058540778355,5.0,14.767183110616909,28.284271247461884,5.656854249492377,10.0,0.2802495608198966,4.0,0.0,0.0,0.0,0.0,1.0,0.0,-3.203426503814917e-16,0.0,1.0,1.0,1.0,1.0,0.0,0.0,0.0,2.0,1.0,-3.203426503814917e-16,0.0,1.0,4.0,-3.203426503814917e-16,0.0,8.2,0.78125,0.09000000000000001,3.6812500000000004,1.1875,4.4312499999999995,0.37656249999999997,0.32968749999999997,0.6764454303658097,8.75,0.90625,0.95,0.046875,0.953125,3.4937500000000004,0.31796874999999997,3.625,1.75,6.625,0.53125,0.34375,5.0,0.625,0.8125,2.875,0.296875,1.2987949406953976,0.8,0.1875,0.0,1000000.0,0.0,0.0,1.3609640474436802,5.2,0.52,0.24,3.7,2.2,8.5,0.625,0.325,0.7,2.5,0.25
2,1383,11,64.5,79.0,86331.0,0.9886994082884969,8.0,2.657169921473665,82.0,5.1640625,73.1875,75.5,59.0,23.0,3.430555555555555,73.4553435768971,-0.7852190437091295,86331.0,0.5078125,39.27734375,0.7216971341446665,17.601681280762932,16.278820596099706,8.5,12.703082936454432,44.4264068711928,5.226636102493271,16.0,0.23263400910247597,2.5,0.0,0.0,0.0,0.0,1.0,0.0,-3.203426503814917e-16,0.0,1.0,1.0,1.0,1.0,0.0,0.0,0.0,1.5,1.0,-3.203426503814917e-16,0.0,1.0,3.0,-3.203426503814917e-16,0.0,8.125,0.5102040816326531,0.24609375,2.6937499999999996,1.1,2.94375,0.6390625,0.5765625000000001,1.1237627620114392,14.566666666666666,0.9377777777777778,0.96875,0.03111111111111111,0.9750000000000001,2.63125,0.5609375,2.7142857142857144,1.4285714285714286,3.7857142857142856,0.8392857142857143,0.5714285714285714,10.571428571428571,0.7551020408163265,0.8928571428571429,2.4464285714285716,0.5044642857142857,1.5744174271404572,0.875,0.12244897959183673,0.0,1000000.0,0.0,0.0,1.7961796919474962,10.0,0.625,0.1875,2.6875,1.75,4.5625,1.046875,0.578125,0.8125,2.21875,0.4609375
1,1361,18,164.0,203.5,2589900.0,1.5254561075797328,22.25,3.1110123125583993,223.0,13.180747922437673,183.8684210526316,182.0,141.0,82.0,9.289438323031442,184.6012772950051,-0.20772121218368644,2589900.0,0.42139889196675895,270.0353185595568,0.6734203545815215,82.98181473342979,63.953107821277925,53.5,55.88164310160442,187.279220613579,3.5005461796930657,76.0,0.13844976716015428,10.254285714285714,3.318255226189087,-0.7979592769679303,0.8295836734693876,0.021952604850075316,0.49584474885844737,0.3585714285714286,0.6846131551864478,0.1654204081632653,0.8207142857142857,0.8207142857142857,0.9789075630252102,0.9282857142857143,-0.17995203780015714,0.4729720562559078,0.3585714285714286,3.1421428571428573,0.4672693877551021,1.6511342400853124,0.39791294953439493,0.5814285714285714,6.284285714285715,1.2925628115138843,0.2970387755102041,32.026315789473685,0.38127447490210037,0.5090027700831025,8.816312163103433,1.5399057474005233,13.194616432081023,0.24443338973986756,0.1696286550946117,1.7688574046960954,64.97245617337794,0.9203521016358763,0.9243421052631579,0.33370501784049333,0.9655711737901705,8.543537237572783,0.16440852133913575,9.056603773584905,3.4716981132075473,29.245283018867923,0.5175576519916142,0.177541928721174,34.283018867924525,0.6468494126023496,0.8297969077568135,7.668774895178197,0.15256682389937107,2.5705093415462583,0.6973684210526315,1.4154503381986472,0.6274271844660194,0.14700193423597682,1.4515715788608707,0.7707404103479037,2.829110343131233,31.473684210526315,0.41412742382271467,0.5547091412742382,8.736842105263158,3.1315789473684212,25.710526315789473,0.4775219298245614,0.16776315789473684,0.6425438596491229,5.853070175438596,0.11590826023391813
2,1263,31,96.5,137.0,503017.0,1.4627598117971004,17.25,3.9987232250497438,144.0,12.171296296296296,117.13888888888889,119.5,68.0,76.0,7.612244897959182,118.20615231215525,-0.838707756981371,503017.0,0.43055555555555564,251.17515432098764,0.6141082742607117,32.04023427073011,25.0,29.0,19.67617297490698,83.59797974644675,2.882688956774026,36.0,0.22835375039244563,10.142857142857142,2.501128644957605,-0.2538962675017095,0.5547996976568405,0.028220736168267032,0.17374784110535435,0.5079365079365079,0.33278789086460386,0.08314436885865456,0.746031746031746,0.746031746031746,0.9701213818860879,0.8984126984126984,-0.39929385747122,0.5371828195392614,0.5079365079365079,3.1746031746031744,0.5540438397581254,1.2818209908411087,0.507320057794694,0.5952380952380952,6.349206349206349,0.7738844829046013,0.2656840513983371,15.5,0.408,0.48765432098765427,10.133333333333333,1.406043956043956,14.65311355311355,0.1826592389092389,0.1405480514855515,1.745156525208897,30.245054945054946,0.8892289578553314,0.9236111111111112,0.16226421929718635,0.9468998015873016,9.628388278388279,0.13408462799738843,10.04,2.72,29.12,0.3283333333333333,0.1497222222222222,13.8,0.552,0.7713888888888889,7.87,0.121977237654321,2.532096688995874,0.6944444444444444,0.6464000000000001,0.38990825688073394,0.21176470588235294,2.2144467718661267,1.351111111111111,2.7460810857150486,14.88888888888889,0.41358024691358025,0.45987654320987653,10.166666666666666,3.0555555555555554,32.111111111111114,0.3595679012345679,0.1377314814814815,0.6095679012345678,6.223765432098765,0.09298911179698216
0,1276,15,97.0,126.0,498088.0,1.2626315762585563,20.0,2.3807872066675073,130.0,10.400951814396192,109.5609756097561,110.0,79.0,51.0,8.515570934256054,110.22017875542595,-0.16535936357164246,498088.0,0.4931588340273647,144.8804283164783,0.7758789830484414,61.054843209688244,45.880278987817846,26.5,47.37116965971496,106.02438661763976,4.000920249722255,41.0,0.17211633920318495,3.916666666666667,0.6166895290352081,-0.11659807956104257,0.4209876543209876,0.030324574512848045,0.36764705882352927,0.3222222222222222,0.6633627337544441,0.15876543209876542,0.8388888888888889,0.8388888888888889,0.9677777777777778,0.9194444444444443,-0.12829934833608014,0.3984911336824899,0.3222222222222222,1.9722222222222223,0.5228395061728395,1.4228546629232293,0.3382013158528346,0.65,3.9444444444444446,1.1006324407010073,0.18580246913580245,20.21951219512195,0.4054696789536266,0.3390838786436645,4.180650154798762,1.4848684210526317,6.053947368421052,0.5188112745098039,0.3810500515995872,1.5306950213538566,35.10859133126935,0.9222338048385397,0.9268292682926829,0.3049860028132159,0.967125249222496,4.065695269335804,0.3686953344934465,4.310344827586207,3.4827586206896552,13.931034482758621,1.1005747126436782,0.4022988505747126,20.24137931034483,0.6979785969084423,0.8563071780436312,3.8131597466572833,0.3469790933614825,2.235943063496268,0.7073170731707317,1.483947681331748,1.013586956521739,0.21983914209115282,0.7457713018688628,0.549889135254989,2.4382694565275704,17.682926829268293,0.4312908982748364,0.5841760856632957,4.146341463414634,3.097560975609756,12.097560975609756,1.0101626016260161,0.3760162601626016,0.6653116531165312,2.9173441734417347,0.2649051490514905
1,1360,22,178.2,216.4,3533349.0,1.527730586546678,15.0,5.009412357396924,249.0,12.885982296208223,200.70114942528735,203.0,136.0,113.0,7.368620037807183,201.52718649490376,-0.6282145387203145,3533349.0,0.42634429911481037,332.2555159202008,0.8410668497715744,127.78826229196711,95.75489543621255,55.5,107.47847120368846,225.0193359837573,4.054402450157789,87.0,0.11736310336694435,12.888888888888888,15.228587962962964,1.2870370370370374,1.590277777777778,0.003394365705243559,0.5778409090909084,0.18055555555555555,0.5365337743148255,0.1242283950617284,0.9097222222222222,0.9097222222222222,0.9930555555555556,0.9699074074074074,-0.5493618256293029,0.6791911764472168,0.18055555555555555,3.520833333333333,0.5111882716049383,1.356203125901444,0.7090909090909054,0.6388888888888888,7.041666666666666,1.1756475703458888,0.44270833333333326,37.0919540229885,0.3844953173777315,0.5369269388294358,13.467692619216361,1.525815446660592,21.485458641287842,0.13599080964380397,0.09907962557512964,1.792773734260382,73.83062923964766,0.9137827790897938,0.9252873563218391,0.3348858213394569,0.9639459922248207,12.966500627789841,0.0959750714548907,13.080645161290322,3.467741935483871,50.38709677419355,0.2818458781362007,0.1055152329749104,41.67741935483871,0.6722164412070759,0.8443311800526663,10.816758558262014,0.0924668793088472,2.4783892636818323,0.7126436781609196,1.4986992715920917,0.0713519313304721,0.6541353383458647,0.5218507843514875,5.287356321839081,2.8475538728767793,36.770114942528735,0.42264499933941074,0.6082705773550007,13.563218390804598,3.160919540229885,44.71264367816092,0.2660727969348659,0.09728607918263091,0.6581257982120051,8.544460408684547,0.07029977295302967
2,1383,23,128.4,156.6,712067.0,1.2412354723433188,17.0,2.3373087423288177,168.0,10.032653061224488,142.14285714285714,141.0,119.0,49.0,7.226337448559671,142.63509886620272,0.04579517515930915,712067.0,0.48408163265306114,140.1795918367347,0.9354824591365576,54.10322835875299,45.65084884205331,18.5,50.61262111227299,97.33809511662444,5.261518654952672,35.0,0.15664190395387592,4.0,0.0,0.0,0.0,0.0,1.0,0.0,-3.203426503814917e-16,0.0,1.0,1.0,1.0,1.0,0.0,0.0,0.0,2.0,1.0,-3.203426503814917e-16,0.0,1.0,4.0,-3.203426503814917e-16,0.0,16.942857142857143,0.4505723204994797,0.3314285714285714,5.205882352941177,1.088235294117647,5.5588235294117645,0.2973856209150327,0.2753267973856209,1.4282648898155046,32.05882352941177,0.9429065743944637,0.9714285714285714,0.028546712802768166,0.9779411764705882,5.117647058823529,0.26981209150326796,5.32258064516129,1.3870967741935485,6.870967741935484,0.37455197132616486,0.2777777777777778,24.032258064516128,0.7752341311134235,0.9032258064516129,4.935483870967742,0.253584229390681,1.7517080084564367,0.8857142857142857,0.11238293444328824,0.0,1000000.0,0.0,0.0,1.8356505209494351,22.65714285714286,0.6473469387755102,0.1763265306122449,5.171428571428572,1.6857142857142857,7.914285714285715,0.446031746031746,0.27460317460317457,0.8285714285714286,4.485714285714286,0.23174603174603173
0,1281,17,118.3,144.3,324705.0,0.8030717273241015,6.5,5.964518199342167,148.0,9.160493827160492,133.61111111111111,136.5,92.0,56.0,3.642857142857143,134.30996488223303,-1.925617366103219,324705.0,0.7098765432098766,187.23765432098764,0.8303054884834788,24.275956472808634,23.769728648009426,9.5,20.156459897559042,50.08326112068517,5.2719222232300185,18.0,0.2181595026691579,8.25,0.03125,0.0,0.125,0.010516689529035207,0.3333333333333335,0.25,0.4999999999999995,0.125,0.875,0.875,0.975,0.9375,-0.07553281989451643,0.23312202243280802,0.25,2.875,0.6875,0.7499999999999994,0.16666666666666655,0.75,5.75,0.4999999999999995,0.09375,12.777777777777779,0.6796875,0.2839506172839506,7.970588235294118,1.0882352941176472,8.764705882352942,0.18763616557734203,0.1778322440087146,0.9715697449979785,16.558823529411764,0.9446366782006921,0.9722222222222223,0.02768166089965398,0.9779411764705883,7.772058823529411,0.17538126361655776,7.875,1.375,11.25,0.22569444444444445,0.1840277777777778,12.5,0.78125,0.90625,7.03125,0.1736111111111111,1.371640762186857,0.8888888888888888,0.109375,0.09659090909090907,1.0588235294117647,0.3935185185185185,4.666666666666667,1.500272345608407,11.777777777777779,0.654320987654321,0.1728395061728395,8.0,1.6666666666666667,14.0,0.25,0.17592592592592593,0.8333333333333334,6.5,0.1574074074074074
1,1260,8,145.4,165.8,579581.0,0.6665783579949198,6.0,3.1497298686765918,172.0,5.398865784499056,158.56521739130434,159.0,141.0,31.0,2.788927335640138,158.7424767132083,-0.771873670034217,579581.0,0.7126654064272211,56.24574669187146,0.695051615059876,47.704577392011764,33.54101966249684,13.5,33.15714356206663,61.74011537017754,4.5733418792724105,23.0,0.21096207067245332,4.0,0.0,0.0,0.0,0.0,1.0,0.0,-3.203426503814917e-16,0.0,1.0,1.0,1.0,1.0,0.0,0.0,0.0,2.0,1.0,-3.203426503814917e-16,0.0,1.0,4.0,-3.203426503814917e-16,0.0,16.391304347826086,0.6401384083044983,0.14366729678638943,3.4403444381705253,1.2430194805194805,4.412422360248447,0.4506687605872389,0.3899138904573687,0.99653751390434,19.192965367965368,0.8889718848972096,0.9347826086956521,0.08926405755139522,0.9531340187590188,3.2528805132066,0.37819739514712347,3.2941176470588234,2.176470588235294,8.0,0.7205882352941176,0.4264705882352941,9.470588235294118,0.5570934256055363,0.7712418300653594,2.3790849673202614,0.369281045751634,1.73452166477975,0.7391304347826086,0.3460207612456747,0.0,1000000.0,0.0,0.0,1.6879410452364192,10.652173913043478,0.46313799621928164,0.33648393194706994,3.4782608695652173,2.652173913043478,10.08695652173913,0.7934782608695652,0.3804347826086957,0.6352657004830917,2.0193236714975846,0.2892512077294686
2,1383,23,112.0,126.0,731582.0,0.6646953053493412,6.0,3.88012685493792,129.0,4.5798816568047345,118.46153846153847,119.0,100.0,29.0,3.143320713899404,118.61232910361643,-0.688199797413581,731582.0,0.713757396449704,35.74852071005917,0.7881505248173841,61.63728325281231,49.47726750741192,28.5,48.57945714402178,142.93607486307147,5.015300872388472,52.0,0.13239924548342094,1.6875,0.3168041087962961,-0.17158564814814797,0.2690972222222222,0.016513996358670915,0.6,0.1875,0.2028195311147828,0.046875,0.90625,0.90625,0.9625,0.9375,-0.3410460755603766,0.40617218111853093,0.1875,1.2604166666666665,0.7248263888888888,0.6198934896284051,0.3999999999999997,0.7604166666666666,2.520833333333333,0.43239348962840507,0.11414930555555555,37.11538461538461,0.7324380165289256,0.14312130177514792,1.5094957983193278,1.12062424969988,1.7219567827130853,0.9702911164465786,0.872626050420168,0.8703498902920518,46.1816406562625,0.9232502863650462,0.9615384615384615,0.03837485681747689,0.9698439375750301,1.4563805522208884,0.8482097839135654,1.4772727272727273,1.5454545454545454,2.4318181818181817,1.3238636363636365,0.8806818181818182,30.90909090909091,0.7024793388429752,0.8636363636363636,1.2386363636363635,0.7698863636363636,1.3071702299837304,0.8461538461538461,0.1487603305785124,3.12,0.3333333333333333,0.11538461538461539,0.3333333333333333,1.5425690238125558,29.846153846153847,0.5739644970414202,0.21301775147928992,1.5192307692307692,1.9230769230769231,3.1346153846153846,1.6201923076923077,0.8701923076923077,0.7692307692307693,1.1153846153846154,0.6826923076923077
0,1276,33,129.2,187.20000000000002,1077678.0,1.87923568824442,27.0,3.6878464664502673,198.0,19.375878853434287,156.2325581395349,153.0,85.0,113.0,12.216712580348943,158.3107042172684,-0.6751109799529221,1077678.0,0.3012439156300703,653.6668469442943,0.7556126402203845,27.993932024930245,28.653097563788805,31.0,21.152568887507517,105.2964645562819,3.396660146976836,43.0,0.18744419249817662,15.819852941176471,19.473375766367887,-1.9945727534093205,2.049686418685121,0.02652722401801099,0.2771608423782337,0.5551470588235294,0.7021951677070615,0.17165873702422146,0.7224264705882353,0.7224264705882353,0.9786481900452488,0.9074754901960784,-0.7766244316197914,0.932148349678572,0.5551470588235294,3.9136029411764706,0.3366944204152249,1.8620213650366457,0.967760366129429,0.41911764705882354,7.827205882352941,1.3068743062131167,0.6512083693771626,12.953488372093023,0.3048907388137357,0.991887506760411,14.831658768158427,1.3020483193277312,19.496417171519774,0.160338581815155,0.11867614600749861,2.1790741489334122,34.947934173669466,0.8676185204473946,0.9244186046511628,0.10122534185242725,0.940827789449113,14.000436487579528,0.1090979553562381,14.67741935483871,2.4838709677419355,37.67741935483871,0.30369175627240147,0.11095878136200718,18.032258064516128,0.5816857440166493,0.7914426523297491,11.597670250896057,0.07386206939466347,2.8206812946637223,0.7209302325581395,0.5598335067637876,0.2151162790697675,0.29054054054054057,3.093211075290419,3.053589484327604,3.137808289727489,17.697674418604652,0.4115738236884803,0.5181179015684153,14.837209302325581,3.0930232558139537,45.53488372093023,0.4061369509043928,0.1210594315245478,0.6317829457364341,9.333333333333332,0.06266688199827734
2,1263,29,166.8,204.2,523384.0,1.5546097612655654,10.5,3.8818749265018626,207.0,11.324444444444445,186.13333333333333,189.0,145.0,62.0,6.082644628099174,186.79471798385165,-1.0645629049085024,523384.0,0.42222222222222217,246.64888888888888,0.9365721535211463,26.45152275430498,22.561028345356956,8.0,24.77375962991302,41.59797974644662,5.199747468305827,15.0,0.241033654990913,9.0,0.0,0.0,0.0,0.0,1.0,0.0,-3.203426503814917e-16,0.0,1.0,1.0,1.0,1.0,0.0,0.0,0.0,3.0,1.0,-3.203426503814917e-16,0.0,1.0,6.0,-3.203426503814917e-16,0.0,6.333333333333333,0.3472222222222222,0.5955555555555555,9.210714285714285,1.1607142857142858,10.657142857142857,0.20066964285714287,0.1828125,1.8295415627578056,12.857142857142858,0.9005102040816326,0.95,0.049744897959183666,0.9598214285714286,8.849107142857143,0.17834821428571423,9.25,1.9166666666666667,17.5,0.29803240740740744,0.19618055555555555,8.5,0.7083333333333334,0.8634259259259259,8.020833333333334,0.181005658436214,2.3553885422075314,0.8,0.35416666666666663,0.0,1000000.0,0.0,0.0,2.3898980954642854,7.8,0.52,0.3733333333333333,9.2,2.3333333333333335,21.2,0.32731481481481484,0.17916666666666667,0.7407407407407407,6.866666666666666,0.15036008230452674
2,1264,21,149.0,183.3,1596469.0,1.3760521289192136,21.0,2.3699889940956376,195.0,11.579667063020212,165.32758620689654,162.5,140.0,55.0,8.598460842009958,165.9075874883572,0.32961921187751464,1596469.0,0.4286563614744352,192.11682520808563,0.8871178000634103,65.46913155150578,51.10772935672255,38.5,58.07883195403382,145.96551211459428,3.7913120029764746,58.0,0.15069021115788608,5.833333333333333,2.7316510948950072,-0.440590283045904,1.1752547666009203,0.022608666930902365,0.5476818364476588,0.28525641025641024,0.8442764324942056,0.19908777120315582,0.8573717948717948,0.8573717948717948,0.9714743589743589,0.9286858974358974,-0.4501256917515848,0.6736759040660371,0.28525641025641024,2.3669871794871793,0.4038256081525312,1.636489376934958,0.6636844985410741,0.5737179487179487,4.733974358974359,1.3512329666785483,0.3651277942143327,24.862068965517242,0.44,0.4069560047562425,4.909252039390179,1.4021511644490081,7.761372185142401,0.3916076920227676,0.3256119977981875,1.7243678572133756,46.05066387141859,0.8668360493741595,0.9137931034482758,0.19590084193742344,0.9442887814920984,4.573940991782225,0.3148082535483329,4.4,3.15,19.375,0.732638888888889,0.37222222222222223,24.7,0.6175,0.8105902777777778,3.2986111111111116,0.3344184027777778,2.3052208323773984,0.6896551724137931,1.0474999999999999,0.9482758620689654,0.26363636363636367,0.4353069806560134,0.681331747919144,2.660102963962532,22.551724137931036,0.38882282996432815,0.6967895362663495,5.051724137931035,3.5517241379310347,21.810344827586206,0.7686781609195402,0.3127394636015326,0.6212883141762452,2.6652298850574714,0.24227397296722006
1,1359,14,147.0,176.0,1628206.0,1.1316501862018706,15.0,3.7454700611013,180.0,9.372749260951354,162.95081967213116,166.0,128.0,52.0,6.841983852364474,163.376563923178,-1.0137748766341497,1628206.0,0.5592582639075518,138.9320075248589,0.772359406140121,86.19659331479286,68.73136110975832,34.5,66.57474962391494,165.32085117392182,4.791908729678894,61.0,0.12594671569655874,3.8660714285714284,1.1555426937994588,0.32464012390670616,0.49075255102040816,0.012171356486519432,0.6718362282878411,0.2589285714285714,0.41859967325644054,0.09789540816326531,0.8705357142857142,0.8705357142857142,0.9741071428571428,0.9352678571428571,-0.15453740755176998,0.359588686731411,0.2589285714285714,1.9419642857142856,0.6465242346938775,1.0500530162286856,0.32751427604379624,0.7053571428571428,3.883928571428571,0.7911244448001146,0.1874202806122449,34.114754098360656,0.5603566529492455,0.278419779629132,4.3464285714285715,1.1044642857142857,4.79375,0.3617063492063492,0.3280753968253968,1.3110913693430906,55.24821428571428,0.9347597789115646,0.9672131147540983,0.032620110544217686,0.9738839285714287,4.234598214285715,0.31966765873015873,4.351851851851852,1.4259259259259258,6.166666666666667,0.4670781893004115,0.32664609053497945,43.148148148148145,0.799039780521262,0.9140946502057614,3.9804526748971196,0.29668209876543206,1.6911643067196245,0.8852459016393442,0.1498628257887517,0.7656249999999999,0.2489795918367347,0.38689812216494773,0.709016393442623,2.013510656279369,39.557377049180324,0.6484815909701693,0.29185702768073096,4.344262295081967,1.8852459016393444,8.081967213114755,0.6092896174863389,0.32786885245901637,0.8333333333333334,3.628415300546448,0.27117486338797814
1,1261,20,127.6,193.4,1553780.0,1.828464443242134,43.0,1.6720957646333805,204.0,21.989535241612806,163.2280701754386,169.0,122.0,82.0,18.062222222222225,165.10390136400179,-0.1934582762629838,1553780.0,0.3087103724222837,615.895352416128,0.7210599642107005,89.74251455637454,63.25345840347388,39.0,64.70973433419769,143.23759005323623,3.6727587193137494,57.0,0.15455399308302442,13.140350877192981,5.719868791931719,1.4669776935413328,0.6927516158818099,0.00955111694286501,0.5025569502556949,0.2192982456140351,0.5430830746186776,0.1276546629732225,0.8903508771929824,0.8903508771929824,0.9915654520917679,0.9634502923976608,-0.23580727832153545,0.4387573295585164,0.2192982456140351,3.495614035087719,0.6213065558633426,1.0544720424490153,0.44444444444444103,0.7280701754385964,6.991228070175438,0.8351737968349803,0.22801246537396122,17.596491228070175,0.32807363576594345,0.9073561095721759,10.697577473339669,1.7723729014887553,14.805543897159751,0.3235175589584487,0.14744953716824705,2.0237945700536284,48.51480440291416,0.9180885524124006,0.9166666666666666,0.5116576869109919,0.9641386841599167,10.299513505513069,0.14274050910372302,11.897435897435898,4.282051282051282,29.71794871794872,0.8729558404558403,0.13043447293447294,28.23076923076923,0.7238658777120316,0.8691575454968313,10.54286949822664,0.11187984221466363,2.5079017337991596,0.6842105263157895,2.1459566074950684,0.09595959595959594,0.7500000000000002,0.8838611680716943,4.853801169590643,2.90076450145186,24.29824561403509,0.4262850107725454,0.7134502923976608,10.333333333333334,3.491228070175439,28.403508771929825,0.6423635477582846,0.15259746588693957,0.6500974658869396,7.60916179337232,0.08741715399610137
2,1263,17,105.2,119.4,599050.0,-3.203426503814917e-16,8.5,2.237830758864781,123.0,4.576731552738797,112.76595744680851,114.0,101.0,22.0,3.3235938641344056,112.8970534639902,-0.22057696015646513,599050.0,1.0,29.583521955636023,0.5185857972489086,70.24997682563321,46.69047011971501,30.5,36.43064023883836,120.16652224137067,3.939885975126907,47.0,0.16291885880021886,1.0,0.0,0.0,0.0,0.0,1.0,0.0,-3.203426503814917e-16,0.0,1.0,1.0,1.0,1.0,0.0,0.0,0.0,1.0,1.0,-3.203426503814917e-16,1,1.0,2.0,-3.203426503814917e-16,0.0,47.0,1.0,0.0,1.0,1.6692805383022775,1.6692805383022775,1.6692805383022775,1.0,0.37450561841823626,37.532262061609885,0.8731184579487655,0.9042553191489362,0.3995073505499889,0.944461746737562,0.944461746737562,0.944461746737562,1.0,4.161290322580645,4.161290322580645,4.161290322580645,1.0,19.193548387096776,0.619146722164412,0.8125560035842294,0.8125560035842294,0.8125560035842294,1.146483406602753,0.6595744680851063,1.86264308012487,0.0,1000000.0,0.0,0.0,1.5940229872663958,17.425531914893618,0.3707559981892259,0.7750113173381621,1.0,3.893617021276596,3.893617021276596,3.893617021276596,1.0,0.5964834515366431,0.5964834515366431,0.5964834515366431
0,1281,15,210.8,237.5,718543.0,0.9463729359854411,7.5,4.605769070898073,242.0,8.326530612244897,226.21428571428572,228.5,193.0,49.0,3.1,226.54911167338528,-1.4439878026231998,718543.0,0.6428571428571428,151.5969387755102,0.6504981333328187,19.113603558906007,17.029386365926403,9.0,12.433363436331877,35.698484809834966,3.966498312203885,14.0,0.2979040472469358,7.875,0.015625,0.0,0.0625,0.015144152899254937,0.16666666666666696,0.375,0.24999999999999958,0.0625,0.8125,0.8125,0.9624999999999999,0.90625,-0.2877664099472582,0.3490293849744524,0.375,2.8125,0.71875,0.6249999999999994,0.33333333333333315,0.75,5.625,0.24999999999999958,0.109375,9.0,0.54,0.3469387755102041,7.611263736263736,1.2820512820512822,10.149725274725274,0.2324608262108262,0.20112179487179488,1.2671822433889581,11.618589743589743,0.8907996383957923,0.9285714285714286,0.11189184746877054,0.9526353276353277,7.184981684981684,0.1958590534979424,7.2,2.4,19.8,0.3833333333333333,0.22777777777777777,5.4,0.54,0.7611111111111111,5.05,0.20123456790123456,2.1219280948873607,0.7142857142857143,0.44,0.08723958333333334,1.253731343283582,0.43620268620268626,4.987012987012986,1.9852281360342503,6.142857142857143,0.4387755102040816,0.3877551020408163,7.714285714285714,2.857142857142857,24.428571428571427,0.40079365079365076,0.19444444444444445,0.615079365079365,4.25,0.15167548500881836
0,1276,27,96.6,111.9,136064.0,0.6500224216483536,5.25,2.6307227233546575,113.0,4.4444444444444455,106.33333333333333,107.5,95.0,18.0,2.25,106.48317550987417,-0.9056807886831184,136064.0,0.7222222222222223,31.888888888888886,0.6249729086945532,21.715939317021864,17.72004514666935,7.0,13.571873759993563,32.28427124746189,4.612038749637413,12.0,0.2905112563259997,4.0,0.0,0.0,0.0,0.0,1.0,0.0,-3.203426503814917e-16,0.0,1.0,1.0,1.0,1.0,0.0,0.0,0.0,2.0,1.0,-3.203426503814917e-16,0.0,1.0,4.0,-3.203426503814917e-16,0.0,8.666666666666666,0.625,0.13888888888888887,3.4522727272727276,1.3363636363636362,4.797727272727274,0.4710227272727273,0.3869318181818182,0.9995981452743143,9.64090909090909,0.8723553719008265,0.9166666666666666,0.13132231404958677,0.9436868686868686,3.227020202020202,0.3728535353535354,3.25,3.25,12.25,1.0,0.4375,4.75,0.59375,0.7890625,2.40625,0.384765625,1.7499999999999987,0.6666666666666666,1.0,0.0,1000000.0,0.0,0.0,1.9182958340544882,4.666666666666667,0.3888888888888889,0.5555555555555556,3.5,3.3333333333333335,12.833333333333334,0.9583333333333334,0.375,0.6018518518518519,1.9074074074074074,0.27546296296296297
0,1285,27,130.6,184.0,582837.0,1.8643767621991783,24.5,2.393872786852789,198.0,16.81663516068053,157.7826086956522,155.0,117.0,81.0,11.561728395061728,159.18774805378328,0.1278509337122198,582837.0,0.2892249527410208,445.3875236294896,0.3168295948125547,59.68102951106015,42.80186911806539,13.0,18.908716397985305,62.568542494923726,4.812964807301825,23.0,0.20427751672022493,10.5,1.265625,0.0,0.5625,0.025095202871154215,0.4090909090909093,0.375,0.24999999999999958,0.0625,0.8125,0.8125,0.9779411764705883,0.925,-0.49999999999999967,0.476165538753886,0.375,3.1875,0.71875,0.6249999999999996,0.49999999999999944,0.75,6.375,0.24999999999999958,0.234375,6.6521739130434785,0.295,0.8657844990548205,8.436264822134389,1.1022727272727273,9.83399209486166,0.23079298418972333,0.2227437417654809,1.9927815025747715,20.818181818181817,0.9349173553719008,0.9673913043478262,0.03254132231404959,0.9744318181818182,8.086833003952568,0.2207314311594203,7.85,1.45,14.0,0.2743055555555556,0.23888888888888887,14.9,0.745,0.8875,6.3125,0.23003472222222224,2.263865121950852,0.8695652173913043,0.1275,0.19736842105263158,0.7666666666666666,0.8741094654138132,4.391304347826087,2.3861158926339603,14.130434782608695,0.6143667296786389,0.1928166351606805,8.608695652173912,1.7826086956521738,19.304347826086957,0.2795893719806763,0.21799516908212563,0.8043478260869565,5.934782608695652,0.20259661835748793
2,1270,33,35.0,58.800000000000004,123856.0,0.9976875760352544,15.0,2.2487771862507215,70.0,7.672481310074761,47.471698113207545,48.0,31.0,39.0,6.280991735537191,48.341552109726045,0.07832867396257748,123856.0,0.5016019935920256,83.34353862584548,0.6036403432946327,119.53334008322578,86.09297300012354,30.0,72.1551464429925,143.52186130069836,4.784062043356612,53.0,0.1352843319449238,1.7083333333333333,0.26851851851851855,0.018518518518518528,0.3055555555555556,0.02821120790988534,0.20000000000000007,0.3333333333333333,0.22957395851362197,0.05555555555555556,0.8333333333333333,0.8333333333333333,0.9333333333333333,0.8888888888888888,-0.5186207714905092,0.5408853005342612,0.3333333333333333,1.2916666666666667,0.625,0.8129072918469551,0.5499999999999997,0.6666666666666666,2.583333333333333,0.4795739585136219,0.1597222222222222,26.58490566037736,0.5002263467632413,0.2491990032039872,2.4499447456776617,1.1050593314248776,2.5991217241613627,0.7315437332407564,0.6375138135805846,1.167361783612447,47.962096377012344,0.9342462370072493,0.9669811320754718,0.03287688149637535,0.9737351671437806,2.4126505010567363,0.6140063336655417,2.5319148936170213,1.425531914893617,3.148936170212766,0.9946808510638298,0.6170212765957447,37.8936170212766,0.8062471706654595,0.9172576832151301,2.4013002364066196,0.5462470449172577,1.522515761318,0.8867924528301887,0.15391579900407423,3.6136363636363633,0.3333333333333333,0.11320754716981132,0.3333333333333333,1.8219353554833897,34.660377358490564,0.6539693841224635,0.30758276966892134,2.4150943396226414,1.9056603773584906,3.660377358490566,1.4669811320754718,0.6462264150943396,0.8364779874213837,2.1666666666666665,0.5039308176100629
2,1380,39,150.0,186.0,2714138.0,1.7328411538556048,18.25,4.721742572166627,218.0,13.5741965973535,170.7173913043478,173.0,110.0,108.0,8.174933333333332,171.76000698649264,-0.6077932083656941,2714138.0,0.35987712665406424,357.07230623818526,0.681281712662219,142.60712434790346,99.32270636667126,54.0,97.1556259135737,244.617315730204,4.529950291300074,92.0,0.10649141940887207,13.214285714285715,2.2809130737355527,0.3180632744169099,0.915656887755102,0.007756294348100054,0.5351445123503943,0.2589285714285714,0.6929971436041398,0.1682079081632653,0.8705357142857142,0.8705357142857142,0.9900412087912087,0.9568452380952381,-0.3837652375741949,0.5937610384780823,0.2589285714285714,3.611607142857143,0.33824936224489793,1.7259122794090591,0.6359848484848465,0.41964285714285715,7.223214285714286,1.466983707980488,0.2936463647959184,33.108695652173914,0.34729916897506924,0.7381852551984877,12.150287356321838,1.1517241379310346,14.255172413793103,0.14785496487867178,0.13578639846743293,1.989419170467131,80.13429118773946,0.9128377446015178,0.9538043478260869,0.051805463807049215,0.9652618135376756,11.652801724137932,0.1331240177557826,11.881578947368421,1.763157894736842,22.42105263157895,0.20532529239766084,0.14444444444444446,56.39473684210526,0.7420360110803325,0.8823099415204678,10.211622807017545,0.1352143234243015,2.4790639745351633,0.8260869565217391,0.29778393351800553,0.23377303182579565,0.24720107478728168,1.1322491112428568,2.9910044977511236,2.7653796150132774,50.80434782608695,0.5522211720226843,0.3851606805293005,12.23913043478261,2.260869565217391,29.956521739130434,0.23159118357487923,0.13311896135265702,0.7693236714975845,8.993357487922706,0.11495890365002683
0,1276,33,158.5,191.5,780836.0,1.5725552071907896,19.5,4.309443610998372,200.0,12.887573964497042,172.46153846153845,175.5,123.0,77.0,7.575,173.29787605782664,-0.9169268360509073,780836.0,0.40236686390532544,289.1715976331361,0.8873740973053552,13.191251205389268,14.317821063276353,20.0,11.70557463071048,61.94112549695422,3.097056274847711,26.0,0.2559415745715435,12.25,0.5,0.0,0.5,0.00487027765134274,0.0,0.5,-3.203426503814917e-16,0.0,0.75,0.75,0.9807692307692307,0.9166666666666667,-1.0,0.9298734950321936,0.5,3.5,0.5,0.9999999999999993,0.9999999999999996,0.5,7.0,0.4999999999999995,0.25,10.461538461538462,0.3333333333333333,0.6331360946745562,12.649038461538462,3.625,45.46153846153846,0.3621968482905983,0.13433226495726497,1.7921228540226137,21.666666666666668,0.9305555555555556,0.8653846153846154,1.7013888888888893,0.958984375,12.136343149038462,0.13077188084268163,12.75,11.5,144.0,1.077986111111111,0.16652777777777777,8.666666666666666,0.7222222222222222,0.8359375,10.69921875,0.15228624131944443,2.450825794518086,0.46153846153846156,6.805555555555557,0.044230769230769226,1.1304347826086958,0.855144855144855,14.230769230769232,2.8300862380222167,10.0,0.38461538461538464,0.8402366863905326,12.615384615384615,5.153846153846154,64.53846153846153,0.48417735042735044,0.12360042735042735,0.4743589743589744,6.044871794871795,0.07797186609686609
1,1360,18,190.1,224.9,2285138.0,1.2758147704682048,18.5,2.356777812708749,235.0,11.193786982248522,209.19230769230768,212.0,181.0,54.0,7.6999999999999975,209.63053579681932,-0.3475212346740602,2285138.0,0.47855029585798814,183.5399408284024,0.8905298943425216,76.37144280547722,60.207972893961475,32.0,68.01105289234756,135.37972567696733,4.230616427405229,52.0,0.14812429332954175,3.489583333333333,1.7623697916666665,-0.046875,0.7604166666666666,0.007791164087391899,0.3666666666666664,0.2708333333333333,0.6823934896284051,0.16493055555555555,0.8645833333333333,0.8645833333333333,0.9729166666666667,0.9322916666666666,-0.34980559738271666,0.5845757826167235,0.2708333333333333,1.8125,0.3663194444444444,1.6167726936874711,0.5333333333333328,0.4895833333333333,3.625,1.3459393603541376,0.2578125,24.884615384615383,0.46875,0.34726331360946744,3.849815562588672,1.2383515224271526,4.66116692131398,0.533179400548098,0.41913844325609034,1.60362161471628,42.63027701989887,0.8740102037204182,0.9326923076923077,0.07732857582574135,0.9467252507063432,3.653290854220476,0.39694133524621966,3.875,2.1,7.525,0.9659722222222221,0.42013888888888895,25.3,0.6325,0.8230902777777779,3.143923611111111,0.3609375,2.144484343805626,0.7692307692307693,0.41000000000000003,0.3231132075471698,0.7591240875912408,0.18391432981733985,1.7692307692307694,2.55885486141494,23.307692307692307,0.44822485207100593,0.5562130177514794,3.826923076923077,2.923076923076923,10.134615384615385,1.376602564102564,0.421474358974359,0.6801549145299146,2.6032318376068373,0.29553952991452986
2,1264,35,76.2,132.8,381984.0,1.9342413512125423,34.0,2.829253048076895,144.0,18.42240587695133,105.21212121212122,109.0,45.0,99.0,12.687999999999999,107.58844142040876,-0.5372100623030762,381984.0,0.29292929292929293,505.682277318641,0.9063757223490436,47.620827982529015,39.6232255123179,18.5,43.16236236152429,90.0243866176396,4.8661830604129515,33.0,0.1693677137848329,15.791666666666666,16.989583333333332,-2.625,2.7083333333333335,0.005888081921139773,0.9333333333333327,0.16666666666666666,0.4591479170272443,0.11111111111111112,0.9166666666666666,0.9166666666666666,0.9935897435897436,0.9722222222222222,-0.8426657394807928,0.9128782987331484,0.16666666666666666,3.875,0.4513888888888889,1.3647869792568101,0.9999999999999987,0.5416666666666666,7.75,1.1981203125901436,0.71875,9.666666666666666,0.29218106995884774,0.9715335169880623,15.06408635858024,1.1518353726362625,17.435888360804935,0.12460962517275088,0.11116552061212796,2.0823677987279714,28.840378197997772,0.9103700688318871,0.9545454545454546,0.04481496558405644,0.9620411568409344,14.471135858024066,0.10780449447197223,15.0,1.6666666666666667,25.333333333333332,0.17453703703703705,0.11453703703703705,17.666666666666668,0.654320987654321,0.8333333333333334,12.416666666666666,0.09953703703703703,2.3975267432099643,0.8181818181818182,0.1728395061728395,0.03804347826086957,1.5714285714285714,0.7882841658242727,17.727272727272727,2.509583801426798,17.727272727272727,0.5371900826446281,0.23140495867768596,15.090909090909092,2.090909090909091,32.0,0.20825757575757578,0.11007575757575758,0.7272727272727273,10.863636363636363,0.08553030303030304
2,1263,33,43.4,77.0,55329.0,1.5766212201074903,29.0,1.5615194681797677,79.0,12.437869822485208,63.76923076923077,72.0,43.0,36.0,9.719999999999999,65.23861527559366,-0.5128590457177055,55329.0,0.3372781065088758,189.5621301775148,0.42341741892932344,32.72054587472511,24.698178070456937,7.0,13.854449080234629,35.94112549695425,5.134446499564893,13.0,0.26095299103708647,2.0,0.0,0.0,0.0,0.0,1.0,0.0,-3.203426503814917e-16,0.0,1.0,1.0,1.0,1.0,0.0,0.0,0.0,1.3333333333333333,1.0,-3.203426503814917e-16,0.0,1.0,2.6666666666666665,-3.203426503814917e-16,0.0,4.384615384615385,0.36,0.6153846153846154,4.778846153846153,1.1875,5.153846153846153,0.5591613247863247,0.4185363247863248,1.750082004504466,10.875,0.8854166666666666,0.9423076923076923,0.05729166666666666,0.953125,4.685096153846153,0.3833800747863248,5.4,2.1,7.4,1.2194444444444446,0.34444444444444444,6.6,0.66,0.836111111111111,5.011111111111111,0.23680555555555555,2.046439344671014,0.7692307692307693,0.41000000000000003,0.0,1000000.0,0.0,0.0,2.4116022179746697,6.230769230769231,0.47928994082840237,0.4023668639053255,4.615384615384615,2.5384615384615383,7.538461538461538,1.6303418803418803,0.43803418803418803,0.7008547008547008,3.97008547008547,0.2254273504273504
2,1380,37,121.0,207.0,2092768.0,2.398793704406959,50.0,2.3926926561639617,222.0,27.730609418282544,162.60526315789474,168.5,78.0,144.0,20.710561676968553,165.9410167879888,-0.31586518862406715,2092768.0,0.20429362880886429,1095.9494459833795,0.6228280461844251,122.8554317552261,93.47726996441435,43.5,76.51780852325146,205.84776310850327,4.732132485252949,76.0,0.11358040383635115,18.354166666666664,93.5041788736979,0.23144531249999734,6.881510416666666,0.012922194683384364,0.9172580187340333,0.24375000000000002,0.5813461493449079,0.21859375,0.8947916666666667,0.888125,0.9911148648648649,0.9669642857142857,-0.8134285732443557,0.9407766515582168,0.15625,4.015625,0.32450520833333335,1.8579726489021282,0.9999999999999919,0.3833333333333333,8.03125,1.6642226489021286,1.8063151041666665,15.526315789473685,0.21189216427311666,1.8414127423822715,18.162974980575793,1.1558577678585396,20.45433485772093,0.14016460043634218,0.11640831907297998,2.571711926253869,67.44961047290779,0.9270122445009581,0.9572368421052632,0.06377021181022315,0.9709387270494496,17.679263532416268,0.11156960084481549,18.53968253968254,1.746031746031746,30.253968253968253,0.21968694885361553,0.109836860670194,45.63492063492063,0.7243638196019149,0.8757716049382717,16.64781746031746,0.0878245639819714,3.0074011990329774,0.8289473684210527,0.290753338372386,0.07821637426900584,0.7102803738317757,1.3422115944042585,7.552631578947368,3.3451362681048464,42.3421052631579,0.5571329639889196,0.30401662049861494,18.05263157894737,2.1052631578947367,35.578947368421055,0.28792763157894735,0.11823464912280703,0.7675438596491229,14.460526315789474,0.07946637426900585
2,1380,37,114.8,176.0,2270524.0,1.9736735287494307,33.0,2.281531673730181,199.0,18.78766439909297,145.2952380952381,146.0,98.0,101.0,13.939909297052157,147.05114108784772,0.05124504821092702,2270524.0,0.28181405895691614,513.3318820861678,0.6992621160234699,113.9238574616745,83.72574275573791,70.5,79.66263763420667,266.5756851698614,3.7812153924803034,105.0,0.11165520065734509,11.962096774193547,16.897090618648626,1.7143996509012789,2.273446930280957,0.01199533527696793,0.4501715928277459,0.4491935483870968,0.9878911263856421,0.28435223725286163,0.7920698924731183,0.7854032258064517,0.9796729271840507,0.9275153609831029,-0.46123793418153813,0.8072137105169102,0.3616935483870968,3.368951612903226,0.2472983870967742,2.2574537959253096,0.8190078623539929,0.32983870967741935,6.737903225806452,1.858260247538213,0.7056601196670135,29.590476190476192,0.2858559809561595,0.9329705215419501,11.88814372496911,1.5957815207351187,21.188397315610338,0.17830725664896319,0.13229800412646822,2.2495273171064105,88.22418697093882,0.9020403390666503,0.9190476190476191,0.351349538680539,0.956715018445369,11.304151755880234,0.1280588374028711,10.873239436619718,3.704225352112676,53.15492957746479,0.35732003129890455,0.14843114241001565,44.04225352112676,0.6203134298750248,0.813600352112676,8.387715179968701,0.130081460017823,2.962830663774753,0.6761904761904762,1.5171592937909144,0.27382697947214074,0.28112449799196787,1.0708717383060786,2.264550264550264,3.2973449288961905,41.647619047619045,0.3966439909297052,0.5710657596371882,12.17142857142857,3.2857142857142856,46.76190476190476,0.31609788359788354,0.12776984126984126,0.6190476190476191,6.677248677248677,0.09397413286302174
0,1281,17,72.4,99.3,147689.0,1.1221136771091078,12.25,2.6335350311520256,101.0,7.814814814814816,90.05555555555556,92.5,70.0,31.0,5.3061224489795915,90.58114839437864,-0.9556942488713444,147689.0,0.5617283950617284,94.94135802469135,0.8303054884834788,24.275956472808634,23.769728648009426,9.5,20.156459897559042,50.08326112068517,5.2719222232300185,18.0,0.2181595026691579,3.25,0.5,0.0,0.5,0.0,0.9999999999999996,0.0,-3.203426503814917e-16,0.0,1.0,1.0,1.0,1.0,-0.5,0.4649367475160968,0.0,1.75,0.75,0.4999999999999995,0.4999999999999998,0.75,3.5,0.4999999999999995,0.125,10.11111111111111,0.5733333333333334,0.27469135802469136,4.104983660130719,1.1378676470588236,4.515829248366013,0.4225076025780682,0.3528844408133624,1.2981322201907093,15.904411764705882,0.917630839100346,0.9583333333333333,0.041184580449826994,0.9655330882352942,4.002272263071895,0.33547865037218594,4.266666666666667,1.6,6.066666666666666,0.6314814814814814,0.3314814814814815,10.2,0.68,0.85,3.816666666666667,0.2564814814814815,1.7382689280764625,0.8333333333333334,0.16,0.0,1000000.0,0.0,0.0,1.9182958340544878,10.0,0.5555555555555556,0.2222222222222222,4.055555555555555,2.0,7.055555555555555,0.8595679012345678,0.3595679012345679,0.75,3.3055555555555554,0.23456790123456792
2,1263,21,97.4,117.6,363607.0,0.8849636363831522,14.0,2.56519466016235,123.0,6.831955922865015,104.63636363636364,102.0,87.0,36.0,4.5824,104.96853785489222,0.46693874392210405,363607.0,0.5775941230486685,69.62534435261709,0.8772844497791829,44.919694144467485,38.3275357934736,20.0,39.407349161778335,87.53910524340094,4.376955262170047,33.0,0.18109973989732014,2.9047619047619047,0.2426853394418993,0.11078717201166192,0.260204081632653,0.02880040070122715,0.3222222222222222,0.2619047619047619,0.6210401895222099,0.15136054421768708,0.869047619047619,0.869047619047619,0.9476190476190475,0.9126984126984127,-0.07420022409980795,0.2690254292905245,0.2619047619047619,1.6785714285714286,0.5875850340136054,1.0548325930668196,0.2111111111111109,0.6904761904761904,3.357142857142857,0.7929278311620579,0.13052721088435373,19.060606060606062,0.6449704142011834,0.21120293847566574,3.143262987012987,1.2879464285714286,3.652191558441558,0.6968851461038961,0.4641842532467533,1.0355821994276968,29.33482142857143,0.9359255420918368,0.946969696969697,0.15895049426020408,0.9730133928571428,3.061030844155844,0.4510090300324675,3.3076923076923075,2.269230769230769,5.615384615384615,1.4326923076923077,0.4230769230769231,19.0,0.7307692307692307,0.8765384615384615,2.924615384615385,0.36451923076923076,1.3984629382235505,0.7878787878787878,0.658284023668639,1.0763888888888888,0.4258064516129032,0.1423324150596878,0.4444444444444444,1.9122374138377551,16.87878787878788,0.5114784205693297,0.4260789715335169,3.090909090909091,2.4545454545454546,6.181818181818182,1.5227272727272727,0.4772727272727273,0.7373737373737373,2.419191919191919,0.3169191919191919
2,1383,17,204.21875,228.0,279414.5859375,0.9182958340544889,18.296875,1.3826514709031898,231.0,10.0,215.54166666666666,214.40625,203.6875,27.3125,8.171875,215.79874340748603,0.19284946291666274,279414.5859375,0.5555555555555556,110.88758680555553,0.43025773279991986,49.35717231223239,30.870698080866262,3.5,21.236305056476088,16.142135623730955,4.612038749637415,6.0,0.4108449587182751,4.0,0.0,0.0,0.0,0.0,1.0,0.0,-3.203426503814917e-16,0.0,1.0,1.0,1.0,1.0,0.0,0.0,0.0,2.0,1.0,-3.203426503814917e-16,0.0,1.0,4.0,-3.203426503814917e-16,0.0,3.3333333333333335,0.68,0.2222222222222222,1.6,1.6,4.0,1.0,0.85,0.7219280948873616,3.4,0.68,0.8333333333333334,0.16,0.85,1.0,0.8125,1.6,1.6,4.0,1.0,0.85,3.4,0.68,0.85,1.0,0.8125,0.7219280948873616,0.8333333333333334,0.16,0.0,1000000.0,0.0,0.0,0.9182958340544889,3.3333333333333335,0.5555555555555556,0.2222222222222222,2.0,2.0,6.0,1.0,0.75,0.75,1.0,0.6875
2,1263,41,158.4,213.0,2731433.0,1.795066915059273,37.5,2.0176964019547388,234.0,18.56035555555555,189.61333333333334,193.0,144.0,90.0,14.31888888888889,190.83790678653617,-0.2644682591926368,2731433.0,0.31057777777777773,465.89048888888897,0.5726741730081588,91.4411077978172,62.39390995922599,51.5,52.36596078706487,187.17871555019096,3.6345381660231255,75.0,0.13591021008156645,11.010000000000002,14.70510125037037,-0.936109037037036,2.525377777777778,0.013767980246913577,0.5472974866504002,0.32,0.9025845781808991,0.21706666666666669,0.84,0.84,0.9876923076923076,0.9466666666666665,-0.4858405633267832,0.7457620485622412,0.32,3.2116666666666664,0.3004555555555556,2.0735895182401785,0.7166666666666652,0.41333333333333333,6.423333333333332,1.753589518240179,0.7113444444444444,23.293333333333333,0.31795463283352554,0.8046222222222221,10.300598955424448,1.5726548669570897,15.669142710142133,0.23909413468984486,0.14517626413236556,2.0878031937114585,61.55043140361032,0.8902428212535103,0.9133333333333333,0.3330943095443141,0.9523815289615473,9.710048790063407,0.13981115806640224,10.07843137254902,3.7058823529411766,36.15686274509804,0.5792538126361656,0.14729847494553377,33.509803921568626,0.6570549788542868,0.8323815359477125,8.073687363834422,0.12645734991527474,2.627376695236411,0.68,1.5432525951557095,0.257020757020757,0.2672209026128266,1.6304944732471256,2.1922077922077916,3.1571535251210383,29.69333333333333,0.3959111111111111,0.7192888888888889,10.373333333333333,3.5866666666666664,39.12,0.48861851851851856,0.1443074074074074,0.6278703703703704,6.201481481481481,0.0942153549382716
2,1383,47,139.0,175.0,3415362.0,1.4634552981717446,11.0,5.376768921815277,201.0,11.054400336063852,156.44927536231884,157.0,94.0,107.0,6.109327276998982,157.31814898478814,-0.6295649094500194,3415362.0,0.48697752572988867,272.62423860533505,0.9075350354950805,115.76634829653544,94.17536832951598,105.0,105.06201701043213,328.9188309203692,3.1325602944797066,138.0,0.11043604462744411,13.419230769230769,5.175890414505924,-0.29218113926397693,1.0997846811308352,0.0036539164663508283,0.4723925504355096,0.2512820512820513,0.7658862995272977,0.19785667324128864,0.878525641025641,0.8768589743589743,0.9926342688842689,0.9645489926739927,-0.41663909573307517,0.6900050849090581,0.22940705128205127,3.624679487179487,0.4441529010519395,1.680839425375378,0.7455242668152259,0.5913461538461539,7.249358974358974,1.3816265383916195,0.34401668310322153,67.20289855072464,0.33963453056080656,0.5157004830917875,15.271848863482251,4.262611310864485,66.74219311198021,0.295495739946558,0.08539144662589658,1.7857741408067291,111.20071166600803,0.9161119838831425,0.8713768115942029,2.8105639755863097,0.9639079513602723,14.822922637056704,0.08196509302636246,15.478260869565217,18.115942028985508,284.7391304347826,1.2027133655394524,0.09479468599033815,44.53623188405797,0.6454526360008401,0.824910177200197,13.142000838423764,0.07905414631834742,2.917874995339792,0.5,14.115942028985508,0.1539933046389287,0.2142857142857143,1.607284574494164,2.8992094861660083,2.811759528186884,50.0,0.36231884057971014,0.8397395505145978,15.210144927536232,4.956521739130435,73.71739130434783,0.37022946859903383,0.08336553945249597,0.49018719806763283,7.715227455716587,0.04533738146358919
2,1380,33,120.0,151.0,373551.0,1.3223057888533079,13.0,2.119145321896382,152.0,8.938775510204081,132.9047619047619,131.0,116.0,36.0,6.761245674740486,133.37219671709263,0.38067454526683864,373551.0,0.46031746031746035,124.46712018140587,0.9262316412764453,40.77708386177044,37.013511046643494,11.0,37.769025311754895,58.56854249492373,5.324412954083976,21.0,0.20074135811672747,4.0,0.0,0.0,0.0,0.0,1.0,0.0,-3.203426503814917e-16,0.0,1.0,1.0,1.0,1.0,0.0,0.0,0.0,2.0,1.0,-3.203426503814917e-16,0.0,1.0,4.0,-3.203426503814917e-16,0.0,9.666666666666666,0.445,0.3718820861678004,4.0,1.0375,4.15,0.4200892857142857,0.41071428571428575,1.3919829180916892,20.275,0.9762500000000001,0.9880952380952381,0.011875,0.990625,3.9625,0.4083705357142857,4.0,1.15,4.6,0.4541666666666667,0.4166666666666667,18.1,0.905,0.9625,3.85,0.4072916666666667,1.6010143058068336,0.9523809523809523,0.0475,0.0,1000000.0,0.0,0.0,1.7057328617496852,17.38095238095238,0.8276643990929705,0.08616780045351473,4.0,1.2857142857142858,5.142857142857143,0.4801587301587302,0.4087301587301588,0.9285714285714286,3.7142857142857144,0.3908730158730159
2,1270,23,130.3,176.8,1783222.0,1.7030894786582116,24.25,3.01174905464693,203.0,14.0,156.33333333333334,156.5,117.0,86.0,9.035714285714286,157.37525924433683,0.06708529190518209,1783222.0,0.37229938271604934,326.8611111111111,0.588177329743271,86.72846370146951,61.84658438426491,53.5,51.01171619266653,174.06601717798242,3.2535704145417275,72.0,0.14895937132503603,7.686274509803922,7.688363019443179,0.827561294926789,0.7629437395873383,0.011198988340192045,0.4097599227892388,0.3300653594771242,0.6088247271180643,0.14702678457003715,0.8349673202614379,0.8349673202614379,0.9873051784816491,0.9449891067538125,-0.22003850030610325,0.4892268778874753,0.3300653594771242,2.7467320261437904,0.5175413302575932,1.3756233980921178,0.4999999999999571,0.5620915032679739,5.493464052287581,1.0455580386149939,0.2732522747661156,26.805555555555557,0.35264825712992304,0.6450617283950617,8.409191258663089,1.6180655360735843,13.385046389447798,0.2857075743703846,0.18258492977263935,1.9926194033545142,59.855921241736134,0.8859472690452244,0.9131944444444444,0.3141067486510654,0.9448671193829645,7.9595868863977515,0.17062721678394885,8.553191489361701,3.617021276595745,29.659574468085108,0.6159929078014185,0.1815543735224586,25.425531914893618,0.5409687641466727,0.760195035460993,6.589243498817967,0.13058937483582875,2.825208940598336,0.6527777777777778,1.270258035310095,0.35350000000000004,0.20367751060820366,1.7948603026498509,2.1555555555555554,3.0515960184109963,27.694444444444443,0.3846450617283951,0.5177469135802469,8.36111111111111,3.388888888888889,27.36111111111111,0.6169058641975309,0.18320987654320986,0.5725308641975309,4.907407407407407,0.10007737482853224
1,1261,24,113.7,170.0,2373904.0,1.722946765527465,44.0,1.556890504708906,177.0,20.201953461648955,140.08474576271186,141.0,97.0,80.0,17.352243767313023,141.83733820286736,0.04993694222895108,2373904.0,0.3240448147084172,494.09451307095657,0.8756848331471111,113.89707624173288,89.69392398596462,85.5,99.73794220468565,289.2619766708764,3.3831810136944607,118.0,0.11331741002278424,11.136437908496731,5.828811234712791,0.6129761268744186,1.0297862734418386,0.010626208132282268,0.6143332759170859,0.1994281045751634,0.6492392867507824,0.1437405218078517,0.9002859477124183,0.9002859477124183,0.9923296882855707,0.9667619825708063,-0.4332807303578857,0.6502391401623235,0.1994281045751634,3.2475081699346404,0.46567576840104236,1.5756588984012616,0.7552574318979581,0.6011437908496732,6.495016339869281,1.3762307938260987,0.3073035945042505,38.23728813559322,0.3315976331360947,0.8089629416834243,10.456841819028567,2.0210331366824326,18.628644888082274,0.32885665844408374,0.1412061370845365,1.9816208084181888,94.5251273743933,0.8987649695135389,0.8855932203389831,0.6954827938953176,0.9561383703963909,10.017890410129175,0.13529247132239886,11.246153846153845,7.2,65.13846153846154,1.191508547008547,0.12879487179487178,39.46153846153846,0.6071005917159763,0.8000912504602982,9.191112719731768,0.1008629220206601,2.7883614505265713,0.5508474576271186,3.9043786982248525,0.29223356009070306,0.22890397672162946,1.2735801519652168,1.8151995626025152,3.138069243946781,40.559322033898304,0.3437230680838839,0.772479172651537,10.220338983050848,4.440677966101695,40.644067796610166,0.7127189265536723,0.14480461393596983,0.5214806967984934,5.804437382297553,0.06851054090813978
2,1263,45,77.7,96.60000000000001,463643.0,0.5832802994781965,7.0,2.8495777450866617,104.0,5.461355529131985,89.12068965517241,90.0,73.0,31.0,3.546313799621928,89.40830401918049,-0.4202033715151625,463643.0,0.8091557669441142,51.347502972651604,0.749204660431135,119.61374013412086,85.14693182963201,32.0,89.61517156008205,158.4924240491756,4.952888251536738,58.0,0.1265235629863679,4.3125,0.640625,0.0,0.3125,0.0020808561236623064,0.8571428571428571,0.125,0.24999999999999958,0.0625,0.9375,0.9375,0.9875,0.96875,-0.05536238512847598,0.1701890357467055,0.125,2.0625,0.796875,0.6249999999999992,0.12499999999999985,0.8125,4.125,0.49999999999999944,0.109375,46.93103448275862,0.8152,0.10344827586206896,4.085308441558442,1.1212662337662338,4.6373376623376625,0.3119633838383839,0.28350694444444446,0.8037524439544415,51.43896103896104,0.9225567127677518,0.9612068965517242,0.03872164361612413,0.9696834415584416,3.9473011363636363,0.2763928345959596,4.02,1.56,6.56,0.42111111111111116,0.28944444444444445,39.12,0.7824,0.9044444444444444,3.562777777777778,0.26763888888888887,1.156118213778294,0.8620689655172413,0.21439999999999998,0.2685643564356436,0.5345622119815668,0.18495297805642633,1.3201970443349753,1.5194980417196742,35.37931034482759,0.6099881093935791,0.351961950059453,4.103448275862069,2.0689655172413794,8.89655172413793,0.5344827586206896,0.28160919540229884,0.8093869731800766,3.211685823754789,0.23754789272030652
2,1380,41,145.0,203.8,3562095.0,1.983735456661788,30.0,6.318543572816456,221.0,20.661915576787536,175.24778761061947,181.0,71.0,150.0,12.77283950617284,177.54707714228897,-1.598007163899775,3562095.0,0.31897564413814705,811.177539353121,0.5728702447357104,169.1749923505518,119.70797801316336,69.0,96.91531927102254,298.3158005400393,4.323417399131004,113.0,0.09870819733450016,32.55098684210527,59.28994012142766,-6.2220605507244375,3.512954707217605,0.008060547414361303,0.7212689239025839,0.23739035087719298,0.5584264121073379,0.12655696945213912,0.8813048245614035,0.8813048245614035,0.9952521929824562,0.9703262061403508,-0.6193413585985268,0.8342783619965711,0.23739035087719298,5.618146929824562,0.34830368478762697,1.9425924585618062,0.8043918318614204,0.4682017543859649,11.236293859649123,1.7052021076846138,0.9375862645236996,36.04424778761062,0.2794463667820069,1.3827237841647742,31.500064661877772,1.752193611610286,57.919556527951734,0.08076577476658423,0.05770697240098302,2.1840703668523567,99.71823551731572,0.9411314468495181,0.9380530973451328,0.6067257919082832,0.9762137214010315,30.80862817028899,0.05650510859579391,31.235294117647058,4.552941176470588,155.56470588235294,0.17219274376417235,0.062246965452847816,65.21176470588236,0.7671972318339101,0.8962060866013072,28.24904003267974,0.05671032683906895,2.746340073654818,0.7522123893805309,2.78560553633218,0.09348013816925735,0.2236885516331244,3.2424819252208543,7.711269858193838,3.0803166986197734,55.30088495575221,0.48938836244028505,0.5508653770851281,31.58407079646018,2.7876106194690267,90.75221238938053,0.12282413260289367,0.056455360905424114,0.7202556538839724,22.7015732546706,0.04462663351148392
2,1264,25,128.0,192.0,800346.0,2.0347287792895217,34.0,2.297444530329776,206.0,19.577523413111336,158.90322580645162,156.0,116.0,90.0,14.339199999999996,160.67860126110696,0.04764068094492732,800346.0,0.26534859521331944,567.3777315296567,0.9073427941732402,57.46376914879437,53.41348144429457,16.5,52.139336863193115,86.02438661763959,5.213599188947854,31.0,0.16738838510065762,4.444444444444444,2.0,0.6666666666666666,0.6666666666666666,0.027337115236145144,-0.4999999999999995,0.8888888888888888,0.3060986113514961,0.07407407407407407,0.5555555555555555,0.5555555555555555,0.9658119658119656,0.851851851851852,-0.9999999999999997,0.9461727623442551,0.8888888888888888,2.0,0.4444444444444444,1.1949875002403845,0.9999999999999994,0.4444444444444444,4.0,0.3060986113514961,0.38888888888888884,8.225806451612904,0.26666666666666666,1.0593132154006244,8.876612903225807,1.025,9.276612903225807,0.23003091397849462,0.2284684139784946,2.0693253294663965,30.266666666666666,0.9838888888888889,0.9919354838709677,0.008055555555555555,0.99375,8.776612903225807,0.22807778897849462,8.7,1.1,10.3,0.23883333333333334,0.23258333333333334,28.066666666666666,0.9355555555555556,0.975,8.3,0.23102083333333334,2.1731149799970217,0.967741935483871,0.03222222222222222,0.19999999999999996,0.484375,2.4670848797883647,3.870967741935484,2.2440908759241367,27.258064516129032,0.8792924037460979,0.06035379812695109,8.935483870967742,1.1935483870967742,12.03225806451613,0.23919354838709678,0.2270967741935484,0.9516129032258065,8.161290322580646,0.22407258064516128
2,1383,33,122.8,195.20000000000002,729063.0,2.1921671540186254,37.5,2.6373156265266213,222.0,22.35390946502057,161.8148148148148,165.0,100.0,122.0,14.748299319727888,164.323867205386,-0.1271259723074255,729063.0,0.24005486968449927,818.2990397805214,0.7791909421208263,33.410801031428065,26.90724809414742,15.0,26.033393532689907,73.29646455628166,4.886430970418777,27.0,0.18731283392822112,5.666666666666667,1.7083333333333333,0.0,0.8333333333333334,0.01644227675320496,-0.46198830409356684,1.0,0.6666666666666662,0.16666666666666666,0.5555555555555555,0.5333333333333333,0.9513704686118478,0.8412698412698414,-0.6059107688185663,0.7753303449766676,0.7083333333333334,2.3333333333333335,0.375,1.4999999999999991,0.7777777777777772,0.4166666666666667,4.666666666666667,0.6666666666666662,0.5416666666666666,6.481481481481482,0.23076923076923078,1.4019204389574758,9.972222222222221,1.0288461538461537,10.231837606837606,0.2561713556505223,0.2529662274453941,2.242560598404654,26.26923076923077,0.981508875739645,0.9907407407407407,0.009245562130177515,0.9927884615384616,9.907318376068377,0.25216494539411205,10.0,1.1153846153846154,11.038461538461538,0.2698397435897436,0.2570192307692308,24.076923076923077,0.9260355029585798,0.9711538461538461,9.740384615384615,0.25381410256410253,2.3937409315627405,0.9629629629629629,0.03698224852071006,0.07123655913978492,1.528301886792453,0.9958734680956902,10.760233918128655,2.4595479299028336,23.296296296296298,0.8628257887517147,0.06858710562414266,9.962962962962964,1.2222222222222223,11.962962962962964,0.2763065843621399,0.25161522633744854,0.9444444444444444,9.462962962962964,0.24544238683127573
2,1383,11,70.5,96.0,197809.0,0.8929953573519591,9.75,4.251032044657831,119.0,8.98224852071006,86.26923076923077,86.0,60.0,59.0,4.5200000000000005,87.22407042518975,0.5747453034361429,197809.0,0.6715976331360948,165.6582840236686,0.7713034914821506,28.22152190344215,23.345235059857504,14.0,21.767358379064916,71.88225099390854,5.134446499564896,26.0,0.1845216295332361,3.333333333333333,0.01851851851851851,-0.018518518518518483,0.05555555555555558,0.00978607191624943,0.2000000000000003,0.3333333333333333,0.22957395851362197,0.05555555555555556,0.8333333333333333,0.8333333333333333,0.9666666666666667,0.9166666666666666,-0.26862077149050917,0.3084169267762128,0.3333333333333333,1.8333333333333333,0.75,0.5629072918469551,0.2999999999999998,0.7916666666666666,3.6666666666666665,0.22957395851362197,0.09722222222222222,17.46153846153846,0.6239669421487604,0.19082840236686394,4.040032051282051,1.1225,4.530032051282051,0.3595771011396011,0.3289521011396011,1.127089064634858,23.12333333333333,0.9234055555555556,0.9615384615384616,0.03829722222222222,0.969375,3.917532051282051,0.32129585113960113,4.045454545454546,1.6363636363636365,6.590909090909091,0.4987373737373737,0.33964646464646464,16.636363636363637,0.756198347107438,0.8914141414141414,3.611111111111111,0.3125,1.6386199635932082,0.8461538461538461,0.23966942148760328,0.3076923076923077,0.5416666666666666,0.4789297658862876,1.2884615384615385,1.793992356014288,15.307692307692308,0.5887573964497042,0.2899408284023669,4.038461538461538,2.0,8.038461538461538,0.5758547008547008,0.3258547008547008,0.7927350427350427,3.2094017094017095,0.27403846153846156
2,1263,35,150.4,197.0,462141.0,1.6894822670191811,26.5,2.134844661552953,200.0,14.96,174.6,176.0,139.0,61.0,11.166666666666666,175.52606644028688,-0.32927193463408994,462141.0,0.3511111111111111,324.2399999999999,0.5914496725672937,31.002163806793938,26.419689627245813,9.5,18.336219632405882,38.52691193458116,4.055464414166438,15.0,0.28359758904868565,7.0,2.0208333333333335,0.0,1.0833333333333333,0.014419753086419752,0.8787878787878785,0.16666666666666666,0.33333333333333287,0.08333333333333333,0.9166666666666666,0.9166666666666666,0.9901960784313726,0.9666666666666667,-0.6666666666666662,0.6348873850051814,0.16666666666666666,2.5833333333333335,0.625,0.8333333333333327,0.666666666666666,0.6666666666666666,5.166666666666667,0.6666666666666661,0.3125,5.266666666666667,0.3194444444444444,0.648888888888889,6.661355311355311,1.2225274725274726,8.375641025641027,0.31473723036223034,0.2819991351241351,1.9973053524519486,12.225274725274724,0.8685847119913054,0.9333333333333333,0.06570764400434731,0.9443681318681318,6.232783882783883,0.27381461131461127,6.583333333333333,1.9166666666666667,13.583333333333334,0.4380787037037037,0.3015046296296296,8.5,0.7083333333333334,0.8634259259259259,5.666666666666667,0.2776491769547325,2.355388542207532,0.8,0.35416666666666663,0.055555555555555566,2.142857142857143,0.737037037037037,7.6,2.4729055953200545,7.533333333333333,0.5022222222222222,0.6488888888888888,6.733333333333333,3.0,22.733333333333334,0.5504629629629629,0.2726851851851852,0.7222222222222222,4.733333333333333,0.22793209876543213
2,1270,17,121.3,149.7,1735005.0,1.138268372839337,17.0,2.9791062119351537,170.0,9.76210955183341,135.32978723404256,133.0,106.0,64.0,6.98137326515705,135.85838214847107,0.14294939142894186,1735005.0,0.5520597555454957,143.34868718877317,0.6981543881736229,114.30755302740681,86.6083136886985,64.5,79.80431974747314,236.2914139223991,3.663432773990684,94.0,0.12048607261959879,3.325,1.0235212962962967,-0.21414814814814837,0.6347222222222224,0.008490612227862163,0.7776231704803128,0.125,0.359986547010987,0.08250000000000002,0.9375,0.9375,0.9875,0.9687500000000001,-0.39683363986925746,0.5531474470480874,0.125,1.7791666666666668,0.5876388888888889,1.1088979018616794,0.5513482250983595,0.6666666666666666,3.5583333333333336,0.9838979018616797,0.18993055555555557,51.8936170212766,0.48938457403923674,0.28168854685378,4.049256672918256,1.8371847166461055,7.080157026620362,0.6588125129251021,0.3700567055429969,1.4308245212271586,79.25710791479773,0.9204676704972893,0.9095744680851063,0.5563622886096757,0.9649678852951021,3.9321699318714827,0.35553824742356804,4.278688524590164,4.754098360655738,17.81967213114754,1.6698542805100183,0.36247723132969034,41.557377049180324,0.6812684762160709,0.845309514516189,3.780910189212297,0.2935587083193933,2.193455887545882,0.648936170212766,2.3794678849771564,0.7211538461538461,0.27851851851851855,0.2693052613265379,0.6733416770963705,2.4798486576082257,36.97872340425532,0.39339067451335447,0.7107288365776369,3.9893617021276597,3.6808510638297873,13.372340425531915,1.3761820330969268,0.3708628841607565,0.6134751773049645,2.6719858156028367,0.21705082742316786
2,1263,37,103.6,119.2,230038.0,0.5907239186406493,11.5,4.700195478603299,125.0,6.581717451523547,109.6842105263158,109.0,84.0,41.0,4.533333333333334,110.0330094012462,-0.872191230576908,230038.0,0.8060941828254847,76.63711911357342,0.7249776630046648,57.295759451976,42.638011210655684,9.5,41.538145787571,53.74011537017755,5.6568542494923735,19.0,0.20331440047859634,6.0,0.0,0.0,0.0,0.005540166204986149,-0.9999999999999991,1.0,-3.203426503814917e-16,0.0,0.5,0.5,0.8999999999999999,0.75,-1.0,0.9298734950321936,1.0,2.5,0.5,0.9999999999999993,0.9999999999999996,0.5,5.0,-3.203426503814917e-16,0.25,15.31578947368421,0.8060941828254847,0.10526315789473684,4.105263157894737,1.0,4.105263157894737,0.28216374269005845,0.28216374269005845,0.5907239186406493,19.0,1.0,1.0,0.0,1.0,4.105263157894737,0.28216374269005845,4.105263157894737,1.0,4.105263157894737,0.28216374269005845,0.28216374269005845,19.0,1.0,1.0,4.105263157894737,0.28216374269005845,0.5907239186406493,1.0,0.0,0.26515151515151514,0.5428571428571428,0.5087719298245613,1.5438596491228072,0.5907239186406493,19.0,1.0,0.0,4.105263157894737,1.0,4.105263157894737,0.28216374269005845,0.28216374269005845,1.0,4.105263157894737,0.28216374269005845
1,1260,16,104.7,159.3,1739977.0,1.747622393194646,33.0,4.552306954405233,179.0,17.22823823406914,131.5612244897959,128.5,43.0,136.0,13.003944773175544,133.2473915202049,-0.5607174670960645,1739977.0,0.3281965847563515,446.51155768429817,0.8545374128789857,110.35162934664463,80.0,62.5,94.29959584886245,253.0609665440999,4.048975464705598,98.0,0.11074389094734548,23.716666666666665,9.87991347876989,1.8969593026751213,2.128419843520269,0.006148125639260287,0.6356049192074107,0.3701086956521739,0.5852145230914996,0.13523038752362948,0.8149456521739131,0.8149456521739131,0.9925978260869565,0.9537364130434783,-0.5975472324700543,0.8323256845072253,0.3701086956521739,4.813677536231884,0.3314402830287755,1.9027877338801749,0.806001787368644,0.4204710144927536,9.627355072463768,1.5326790382280016,0.6246321347931107,32.16326530612245,0.325952336273222,0.8093502707205331,24.10325517029091,1.424099198978811,32.5809918984863,0.07967300059460339,0.05642269429877858,1.9901608107283157,84.90075180516716,0.9212486655328529,0.9336734693877551,0.24771235162075866,0.9658149977324303,23.313546209414653,0.05478710426586114,24.63013698630137,2.8767123287671232,62.26027397260274,0.1604736278072873,0.05779097940546081,51.794520547945204,0.7095139801088385,0.8638936453576865,21.322298325722983,0.05159954342753083,2.5434863111968173,0.7448979591836735,1.0744980296490898,0.11271477663230241,0.29878048780487804,1.9431872006720643,5.289064879683216,2.9513696418799946,45.10204081632653,0.4602249062890462,0.5755935027072053,23.908163265306122,2.9183673469387754,64.29591836734694,0.1570364778564487,0.056072759035587026,0.6964994331065759,17.082199546485263,0.0410501817176228
2,1263,27,57.2,84.0,163411.0,1.1214210312856912,19.0,1.9735749238455353,89.0,9.649219467401286,69.48484848484848,67.0,46.0,43.0,7.769230769230769,70.36937178097077,0.0901783742383026,163411.0,0.5004591368227732,123.70431588613405,0.6519490286172352,48.400992344194506,39.05124837953327,18.5,31.554979942907845,89.43860018001271,4.834518928649336,33.0,0.17047700339253408,5.111111111111111,0.7901234567901243,0.39506172839506276,0.5925925925925926,0.0,0.9999999999999994,0.0,-3.203426503814917e-16,0.0,1.0,1.0,1.0,1.0,-0.6666666666666664,0.6112429405642333,0.0,2.222222222222222,0.7037037037037037,0.6121972227029925,0.666666666666666,0.7777777777777777,4.444444444444444,0.6121972227029925,0.14814814814814814,16.515151515151516,0.4897119341563786,0.2828282828282828,5.743797348484849,1.1901041666666667,6.754214015151515,0.26351273148148147,0.22293113425925926,1.378602699530222,28.465625000000003,0.9081966145833332,0.946969696969697,0.06923502604166668,0.9617332175925926,5.528230218855219,0.2151005497685185,5.7407407407407405,1.8888888888888888,10.407407407407407,0.41769547325102885,0.22633744855967078,19.962962962962962,0.7393689986282579,0.8819444444444444,4.9907407407407405,0.20453960905349794,1.8177405055410054,0.8181818181818182,0.39506172839506165,0.0,1000000.0,0.0,0.0,2.254762106904817,17.666666666666668,0.5353535353535354,0.5472910927456383,5.7272727272727275,2.5757575757575757,13.848484848484848,0.5656565656565657,0.2222222222222222,0.7586279461279462,4.307239057239057,0.17450547138047137
1,1261,26,147.0,169.0,3200392.0,0.7607415746774153,11.0,4.013863595145673,180.0,7.119140625,157.84375,158.0,125.0,55.0,4.945176219295123,158.12356718718434,-0.6903893334735137,3200392.0,0.7083740234375,88.4130859375,0.6459742594313994,136.35375613559287,101.9803902718557,97.5,88.08101664037925,305.9482681718915,3.1379309556091437,128.0,0.11440875000403589,4.0194117647058825,0.20084247697800564,-0.05700981396295547,0.09285259515570934,0.00244140625,0.6636321350255825,0.05411764705882353,0.22864675153951267,0.04593217993079585,0.9729411764705882,0.9729411764705882,0.9945882352941177,0.9864705882352942,-0.16477402444809972,0.1941121535507267,0.05411764705882353,2.0023529411764707,0.8839128027681662,0.3832492003807043,0.27419354838707927,0.9358823529411764,4.004705882352941,0.329131553321881,0.036742560553633216,90.671875,0.5498224852071006,0.15625,3.6300404061334444,3.8823154095869596,15.10305204448128,1.107981218630566,0.3733398662338261,1.0718180862218099,105.29932138416908,0.9298569305901886,0.875,2.4192364941154936,0.9691379060507144,3.5206545303363015,0.36210871774650466,3.4461538461538463,15.63076923076923,61.69230769230769,4.166666666666667,0.43974358974358974,43.86153846153846,0.674792899408284,0.8411838511235171,2.8801200198786843,0.38273186021677674,2.13185778180745,0.5078125,11.752899408284023,0.4224137931034483,0.37317784256559766,0.124081317764804,0.8385416666666666,2.0818626082251837,47.671875,0.3724365234375,0.828125,3.671875,4.828125,18.703125,1.3854166666666665,0.3580729166666667,0.5030381944444444,1.7543402777777777,0.2162543402777778
0,1284,13,1.0,1.0,12.0,-3.203426503814917e-16,0.0,0.0,1.0,0.0,1.0,1.0,1.0,0.0,0.0,1.0,0.0,12.0,1.0,0.0,0.5203699249596271,19.73412322901567,14.560219778561036,6.5,10.269044223826917,33.11269837220807,5.094261288032011,12.0,0.2729399057461118,1.0,0.0,0.0,0.0,0.0,1.0,0.0,-3.203426503814917e-16,0.0,1.0,1.0,1.0,1.0,0.0,0.0,0.0,1.0,1.0,-3.203426503814917e-16,1,1.0,2.0,-3.203426503814917e-16,0.0,12.0,1.0,0.0,1.0,1.1363636363636362,1.1363636363636362,1.1363636363636362,1.0,0.2197484934607562,10.59090909090909,0.9173553719008265,0.9583333333333333,0.04132231404958677,0.9659090909090908,0.9659090909090908,0.9659090909090908,1.0,1.6,1.6,1.6,1.0,6.8,0.68,0.85,0.85,0.85,0.7219280948873616,0.8333333333333334,0.16,0.0,1000000.0,0.0,0.0,0.9182958340544889,6.666666666666667,0.5555555555555556,0.2222222222222222,1.0,2.0,2.0,2.0,1.0,0.75,0.75,0.75
1,1258,24,151.0,193.6,2547030.0,1.4495291103776613,17.75,3.1853335143656647,213.0,12.851756198347106,169.29545454545453,167.5,125.0,88.0,8.565364015076373,170.12795986337088,0.3564192902588788,2547030.0,0.44938016528925623,282.57179752066116,0.8614451224541183,109.91374183390529,88.84255736976509,57.5,94.68465679349889,225.36248173426463,3.9193475084219935,88.0,0.11927714567497641,6.077380952380952,6.622082252162492,1.4366181905301816,1.3623795351473924,0.007408961776859503,0.7328806142568483,0.18988095238095237,0.6247606879503259,0.13720946712018142,0.9050595238095238,0.9050595238095238,0.9888305322128852,0.9620238095238096,-0.6116496719469968,0.8197726319539512,0.18988095238095237,2.387202380952381,0.45810303287981863,1.611290882706006,0.8848361657291444,0.6220238095238095,4.774404761904762,1.4214099303250538,0.3880651218820862,39.54545454545455,0.3838104032009849,0.46022727272727276,5.588228285858799,2.0999447606407164,10.29865028074371,0.5526589742727381,0.27772153673538474,1.7967618897244784,71.25294053764807,0.8918880732806421,0.90625,0.8563974418448878,0.9557297555974893,5.333486570168245,0.26666616379046354,5.754385964912281,6.666666666666667,30.736842105263158,1.6859161793372321,0.2908138401559454,39.3859649122807,0.690981840566328,0.8517985501949318,4.829343323586745,0.2523014894005848,2.4836067043840098,0.6477272727272727,4.28316405047707,0.3028571428571429,0.4150943396226415,0.5085690912720946,1.6684491978609626,2.8195557777897298,34.40909090909091,0.3910123966942149,0.7784090909090909,5.5227272727272725,3.840909090909091,19.431818181818183,0.969854797979798,0.2749368686868687,0.6121369949494949,3.461174242424242,0.17829115810886645
2,1263,43,117.0,151.0,915391.0,1.3928680425201978,20.5,2.253795720541117,164.0,10.71280276816609,133.35294117647058,133.0,113.0,51.0,8.10232004759072,133.9732926267579,0.32062137634431026,915391.0,0.4186851211072665,165.8362168396771,0.6692961469188359,94.84750226349973,69.28924880528002,31.5,63.48106780983593,134.30865786510174,4.263766916352436,51.0,0.148134494440803,4.0606060606060606,1.7643148236686923,0.6806912096168292,0.4903581267217631,0.02195234110560795,0.2600000000000002,0.393939393939394,0.22801281187968012,0.04958677685950413,0.8030303030303031,0.8030303030303031,0.9606060606060606,0.9015151515151515,-0.611358833994942,0.615327901084676,0.393939393939394,1.9545454545454544,0.684573002754821,0.7592044789397043,0.6666666666666646,0.7424242424242425,3.9090909090909087,0.3652650850003107,0.22107438016528924,21.352941176470587,0.4693634741225461,0.41983852364475205,3.873025210084034,1.4257142857142857,4.397310924369748,0.8442530345471522,0.4431816059757236,1.489420623706215,46.593333333333334,0.9564698412698412,0.9509803921568627,0.29699183673469387,0.9814620535714286,3.8298444065126054,0.4308043738328665,4.2682926829268295,2.7560975609756095,6.463414634146342,2.018970189701897,0.3726287262872629,33.63414634146341,0.8203450327186199,0.9211128048780488,4.079649390243903,0.3211805555555556,1.7672993344708154,0.803921568627451,1.208804283164783,0.8749999999999999,0.36428571428571427,0.35216616290785085,0.8382352941176472,2.2075207443172813,28.80392156862745,0.5647827758554402,0.4736639753940792,3.7450980392156863,2.411764705882353,5.862745098039215,1.7015250544662308,0.4662309368191721,0.7777777777777777,3.3464052287581696,0.28812636165577343
1,1360,11,105.1,121.7,183326.0,-3.203426503814917e-16,5.25,2.7012099680602324,122.0,4.326530612244899,114.28571428571429,114.0,103.0,19.0,2.4,114.43213834283743,-0.5978726716638667,183326.0,1.0,33.48979591836735,0.7588614514160984,11.547180011924333,10.770329614269007,9.0,8.762709783611859,35.698484809834966,3.966498312203885,14.0,0.2979040472469358,1.0,0.0,0.0,0.0,0.0,1.0,0.0,-3.203426503814917e-16,0.0,1.0,1.0,1.0,1.0,0.0,0.0,0.0,1.0,1.0,-3.203426503814917e-16,1,1.0,2.0,-3.203426503814917e-16,0.0,14.0,1.0,0.0,1.0,1.4903846153846154,1.4903846153846154,1.4903846153846154,1.0,0.5745915415910215,9.62995337995338,0.7810372417015774,0.875,0.16526650311615348,0.9026563714063713,0.9026563714063713,0.9026563714063713,1.0,3.75,3.75,3.75,1.0,3.0,0.375,0.5902777777777778,0.5902777777777778,0.5902777777777778,1.4999999999999991,0.5714285714285714,0.6875,0.0,1000000.0,0.0,0.0,1.556656707462822,4.857142857142857,0.3469387755102041,0.5714285714285714,1.0,4.571428571428571,4.571428571428571,4.571428571428571,1.0,0.4246031746031746,0.4246031746031746,0.4246031746031746
2,1270,37,81.0,117.20000000000002,978910.0,1.3525378456210908,23.25,2.8477583370608333,127.0,12.653999999999998,97.74,96.0,57.0,70.0,9.417466849565615,98.9398807357276,-0.34462789489777435,978910.0,0.4378,235.99239999999998,0.7247695530236333,149.5339751848247,116.49892703368559,65.5,108.37767235655248,256.57568516986123,3.9171860331276522,100.0,0.11181757892349732,6.117424242424241,3.0931081333621724,-0.37710785541364067,1.0969352617079888,0.0009590000000000002,0.9703504043126676,0.011363636363636364,0.06669124695075614,0.010847107438016531,0.9943181818181818,0.9943181818181818,0.999331550802139,0.9977272727272727,-0.9315236834859119,0.9143497741429838,0.011363636363636364,2.403409090909091,0.5297004132231404,1.1065001213590697,0.9999999999999859,0.6515151515151515,4.806818181818182,1.0951364849954335,0.2770747245179063,43.78,0.4292403746097815,0.3836,6.332527160243445,1.616763028231788,9.29392672251491,0.3738460220687527,0.22173887574348236,1.7437584370868242,77.85065757832174,0.858902328296179,0.9025000000000001,0.36565378698153717,0.9408496032024254,5.972338710717069,0.20747217922725789,6.741935483870968,4.483870967741935,23.93548387096774,1.055779569892473,0.21079749103942652,31.774193548387096,0.5124869927159209,0.7399996139435464,5.203838061508952,0.14350435888214305,2.6823335871591882,0.62,1.882414151925078,0.0732758620689655,1.4705882352941178,0.09788977868010125,8.746666666666668,2.7751960563166964,36.08,0.3608,0.5716000000000001,6.24,3.74,21.24,0.8768055555555556,0.2240277777777778,0.5372222222222223,3.6566666666666667,0.10867283950617285
2,1264,31,178.2,226.6,928167.0,1.8468870513032196,25.0,5.088266524019096,232.0,18.268431001890352,199.2608695652174,202.0,121.0,111.0,9.70242214532872,200.88575598215454,-1.3820729466233062,928167.0,0.33081285444234404,650.1928166351605,0.5893540804226086,37.52533335557634,30.805843601498726,12.5,22.11570833232754,63.3969696196699,5.071757569573593,23.0,0.19769306716620094,25.0,0.0,0.0,0.0,0.02380208761403797,4.440892098500626e-16,0.5,-3.203426503814917e-16,0.0,0.75,0.75,0.9864864864864865,0.9285714285714286,-0.5,0.4649367475160968,0.5,5.0,0.75,0.4999999999999995,0.4999999999999998,0.75,10.0,-3.203426503814917e-16,0.125,7.608695652173913,0.30612244897959184,1.3686200378071833,22.554347826086957,1.0681818181818183,24.258893280632414,0.09858201581027667,0.09585474308300396,1.9704525163950815,21.545454545454547,0.9566115702479339,0.9782608695652173,0.02169421487603306,0.9829545454545454,22.128211462450594,0.09517292490118576,22.38095238095238,1.380952380952381,31.904761904761905,0.11505291005291005,0.09981481481481481,19.095238095238095,0.909297052154195,0.9576719576719577,21.322751322751323,0.09812169312169312,2.1299471844774756,0.9130434782608695,0.18140589569160998,0.061538461538461535,0.71875,2.582559980513945,14.565217391304348,2.3709630428254047,17.608695652173914,0.7655954631379962,0.23062381852551983,22.608695652173914,1.608695652173913,37.82608695652174,0.11896135265700482,0.0946135265700483,0.8961352657004831,20.01207729468599,0.09045893719806763
1,1360,16,94.0,107.0,417316.0,0.9474351361840301,9.0,2.9616549065733606,115.0,5.071980963712075,100.6829268292683,101.0,87.0,28.0,3.454545454545454,100.88825018003952,0.009930867971712203,417316.0,0.535990481856038,41.38726948245093,0.8905758270004327,57.251263549260905,44.384682042344295,22.5,50.986591382202754,112.65180361560934,5.006746827360415,41.0,0.1492650193739451,3.125,0.03125,0.0,0.125,0.022634610641168874,0.3333333333333335,0.25,0.4999999999999995,0.125,0.875,0.875,0.95,0.9166666666666666,-0.07553281989451643,0.23312202243280816,0.25,1.75,0.6875,0.7499999999999994,0.16666666666666655,0.75,3.5,0.4999999999999995,0.09375,21.975609756097562,0.5246913580246914,0.23200475907198098,2.8865384615384615,1.0947115384615382,3.2091346153846154,0.5661057692307693,0.5283653846153846,1.122906434972348,37.33878205128205,0.939111398750822,0.9695121951219512,0.030444300624589086,0.9763221153846153,2.8058894230769234,0.5189302884615385,2.8333333333333335,1.4166666666666667,4.25,0.7083333333333334,0.5416666666666666,27.38888888888889,0.7608024691358025,0.8958333333333334,2.4791666666666665,0.5,1.526470380281316,0.8780487804878049,0.11959876543209877,1.1081081081081081,0.5,0.0975609756097561,0.5,1.719396727501111,25.878048780487806,0.6311719214753123,0.18441403926234387,2.902439024390244,1.7317073170731707,5.390243902439025,0.8170731707317073,0.524390243902439,0.8170731707317073,2.2804878048780486,0.45121951219512196
0,1285,27,107.5,161.0,298464.0,1.561278124459132,35.75,1.7095456990561886,161.0,18.375,135.0,137.5,100.0,61.0,15.357142857142858,136.57964709282274,-0.2597184613765504,298464.0,0.34375,429.00000000000006,0.9524084891983707,13.129500532762878,13.92838827718412,9.5,12.504647766337897,42.18376618407353,4.440396440428792,16.0,0.2590128935017521,3.5416666666666665,1.2841435185185186,-0.018518518518518497,0.6180555555555556,0.08333333333333333,0.034090909090909366,0.5416666666666666,0.4795739585136219,0.11805555555555555,0.7291666666666666,0.7291666666666666,0.9458333333333333,0.8645833333333333,-0.5685043855303198,0.6333760671925991,0.5416666666666666,1.7708333333333333,0.5520833333333333,1.0212406251802884,0.6249999999999993,0.5833333333333333,3.5416666666666665,0.4795739585136219,0.2899305555555556,5.5,0.33727810650887574,0.75,4.804166666666667,1.15,5.354166666666667,0.5734953703703705,0.46793981481481484,1.7449987276048242,13.85,0.9066666666666667,0.953125,0.04666666666666666,0.9624999999999999,4.666666666666667,0.441550925925926,5.0,1.8461538461538463,7.6923076923076925,1.0683760683760684,0.42735042735042733,9.461538461538462,0.727810650887574,0.8739316239316239,4.412393162393163,0.35256410256410253,2.103909910282362,0.8125,0.33136094674556216,0.5416666666666666,0.6153846153846154,0.7666666666666666,1.59375,2.4528195311147813,8.625,0.5390625,0.359375,4.75,2.25,9.0,1.3958333333333335,0.4791666666666667,0.7569444444444444,3.7569444444444446,0.3194444444444444
2,1383,49,87.0,135.0,1423253.0,1.7018360838077975,26.0,2.7662111615314338,156.0,15.335018099856567,106.83471074380165,102.0,70.0,86.0,11.194571982450773,108.45469785861425,0.6322298410218407,1423253.0,0.34963458780137974,348.76606789153743,0.956013151401205,134.78706411978004,110.20889256316842,79.5,128.8582059372672,310.1736649163083,3.9015555335384695,121.0,0.10190220341163062,8.276315789473685,12.154234686033092,2.2096124043565375,2.212065250846414,0.007037033064813085,0.7582931613631118,0.20175438596491227,0.5883021525470873,0.13727300707910126,0.8991228070175438,0.8991228070175438,0.9922402159244263,0.966374269005848,-0.6673774503383076,0.8854437272188522,0.20175438596491227,2.780701754385965,0.3346414281317328,1.8273537784049043,0.9999999999999578,0.48684210526315785,5.56140350877193,1.6255993924399925,0.6034549092028315,42.30578512396694,0.33759666864961335,0.6903900006830135,8.230484110303117,1.4272670496967466,11.163483379017384,0.25916417745294185,0.17719840117779434,2.0321906533394927,99.79913034102802,0.8960493872905678,0.9194214876033058,0.23662673395479755,0.956295111068815,7.877357781225389,0.16992432261382873,8.463414634146341,3.3048780487804876,24.426829268292682,0.6177405149051491,0.17727642276422761,46.609756097560975,0.5684116597263533,0.7816946138211384,6.717649051490515,0.14102157670882265,2.943182030652152,0.6776859504132231,1.1274538964901848,0.36158594491927837,0.23834537097833222,1.0290928386022928,2.2381058744695106,3.0596824722858584,48.14049586776859,0.3978553377501537,0.5100744484666349,8.173553719008265,3.2148760330578514,24.768595041322314,0.57393709825528,0.17724288337924704,0.6023875114784205,5.117539026629936,0.1081045301499847
2,1264,27,96.1,144.9,456027.0,1.7052412388300544,30.75,2.0580019178070477,152.0,17.4453125,117.65625,113.0,75.0,77.0,12.972222222222223,119.3768978906723,0.11451598183044207,456027.0,0.345703125,407.85058593750006,0.6981649598198928,71.52506666899143,59.07622195096772,17.0,49.93629529707155,88.26702730475891,5.192178076750524,32.0,0.16558877458473575,3.875,0.25,0.0,0.25,0.0,0.9999999999999998,0.0,-3.203426503814917e-16,0.0,1.0,1.0,1.0,1.0,-0.25,0.2324683737580484,0.0,1.875,0.875,0.24999999999999958,0.2499999999999999,0.875,3.75,0.24999999999999958,0.0625,11.0625,0.34438775510204084,0.6396484375,5.901612903225806,1.1225806451612903,6.444354838709677,0.35502912186379926,0.3097110215053763,1.901891347223998,28.36505376344086,0.9220626662041854,0.9609375,0.038968666897907275,0.9693548387096773,5.765927419354838,0.2983814964157706,6.035714285714286,1.5,8.25,0.48958333333333337,0.29910714285714285,22.5,0.8035714285714286,0.9146825396825397,5.640873015873017,0.2614087301587302,2.1725535823855537,0.875,0.19387755102040816,0.0,1000000.0,0.0,0.0,2.420958593344347,20.3125,0.634765625,0.40234375,5.84375,2.125,10.71875,0.7078993055555556,0.3120659722222222,0.8229166666666666,5.041666666666667,0.23914930555555555
1,1360,22,175.0,213.0,3348453.0,1.4434439612689518,19.0,8.220319489873713,220.0,13.079138591623728,195.32183908045977,199.0,107.0,113.0,8.24074074074074,196.1834996049397,-1.8669649690704047,3348453.0,0.4205311137534681,337.3446954683579,0.7942691272926744,111.71222500028631,86.6083136886985,56.5,88.7295714589003,222.776695296638,3.942950359232531,87.0,0.11960777145998507,22.291666666666664,0.4553148253958612,-0.19498931675844905,0.4200836167800453,0.006968077594179526,0.0731060606060605,0.36488095238095236,0.8230493328876539,0.19304280045351474,0.8175595238095239,0.8175595238095239,0.9859661172161172,0.9391865079365079,-0.20456788418304872,0.5254307557842348,0.36488095238095236,4.719345238095238,0.4144749149659864,1.49940127307847,0.4481060606060601,0.5369047619047619,9.438690476190477,1.134520320697518,0.19624114229024944,36.58620689655172,0.39990234375,0.5773550006605892,19.32022786364293,1.4450563339592661,30.072800808897874,0.08846663998427143,0.06972979811658402,1.7315397668578516,73.80550339448216,0.9070560116419802,0.92816091954023,0.2554085224765293,0.9601521641686671,18.417490818791286,0.0679022375560015,18.296875,2.984375,66.21875,0.15979166666666667,0.07619791666666667,44.71875,0.69873046875,0.8589343289399094,15.192108223497733,0.06950060232426304,2.3694145527287604,0.735632183908046,1.136474609375,0.17960526315789474,0.21245421245421245,1.7976469133013375,4.236453201970444,2.5928366241589282,38.701149425287355,0.4448407979918087,0.6352226185757696,19.655172413793103,3.1149425287356323,70.04597701149426,0.15846743295019156,0.06766283524904214,0.6823914431673053,12.335648148148149,0.05340676883780333
0,1281,19,88.6,102.4,159910.0,0.8739810481273572,9.0,2.261772642410504,107.0,4.678200692041521,96.82352941176471,98.0,86.0,21.0,3.3017751479289936,96.98696091864768,-0.28504388527706775,159910.0,0.5847750865051904,31.674740484429062,0.5248338307202389,24.401956945703255,21.2602916254693,10.5,12.80697254088378,44.18376618407353,4.207977731816526,17.0,0.2599781503405124,1.7777777777777777,0.024691358024691367,0.02469135802469137,0.07407407407407407,0.07327498473437818,-0.7333333333333326,0.7777777777777777,0.3060986113514961,0.07407407407407408,0.611111111111111,0.611111111111111,0.8444444444444444,0.7407407407407406,-0.6914943619873455,0.7211804007123482,0.7777777777777777,1.3888888888888886,0.5,1.0838763891292735,0.733333333333333,0.5555555555555555,2.7777777777777772,0.3060986113514961,0.21296296296296294,9.941176470588236,0.5555555555555556,0.20761245674740486,1.9117647058823528,1.1,2.011764705882353,0.8720588235294117,0.7720588235294117,1.0053810937570338,15.633333333333333,0.9422222222222222,0.9705882352941176,0.028888888888888888,0.975,1.886764705882353,0.7470588235294118,2.0,1.4,2.4,1.15,0.75,11.533333333333333,0.7688888888888888,0.9,1.9,0.65,1.3995812306460635,0.8823529411764706,0.11555555555555555,12.749999999999996,0.3333333333333333,0.35294117647058826,0.3333333333333333,1.52218987216582,10.882352941176471,0.6401384083044983,0.17993079584775087,1.8823529411764706,1.7058823529411764,2.588235294117647,1.4852941176470589,0.7794117647058824,0.8235294117647058,1.7058823529411764,0.6029411764705882
1,1359,16,78.6,101.2,579751.0,1.149229761516281,12.0,4.224978560285119,105.0,7.957151858853183,91.08695652173913,94.0,58.0,47.0,5.27404958677686,91.6634518540356,-1.1923551004976938,579751.0,0.5387523629489602,105.35475740390673,0.8722400910801413,107.15656155658444,89.49860334105779,40.5,93.46624901194998,184.04877323527984,4.5444141539575265,69.0,0.122574326767393,5.0125,0.45704658203125,0.20828906249999996,0.41546875,0.00601505590410004,0.4814393939393937,0.19375,0.5814482905283489,0.13421875,0.903125,0.903125,0.9806250000000001,0.9515625,-0.16961271730220848,0.40301279401829826,0.19375,2.221875,0.561171875,1.136186383787516,0.3564393939393937,0.68125,4.44375,0.942436383787516,0.1523046875,37.17391304347826,0.5061728395061729,0.2873345935727788,4.818304007820137,1.1950146627565983,5.776148582600196,0.33266807863582054,0.28885291082871734,1.4757819772871454,57.95454545454545,0.8905625166622234,0.9420289855072465,0.0656448602953191,0.9557266210492017,4.596764011078528,0.2790191905615293,4.777777777777778,2.0925925925925926,9.981481481481481,0.5524691358024691,0.3024691358024691,35.77777777777778,0.6625514403292181,0.840761316872428,3.932489711934156,0.26844650205761317,2.0713745328780764,0.782608695652174,0.4598765432098765,0.34861111111111115,0.549800796812749,0.20849628096004907,1.3444816053511703,2.3294205180335963,33.43478260869565,0.4845620667926906,0.4515858013022474,4.826086956521739,2.5942028985507246,12.507246376811594,0.6473429951690822,0.285024154589372,0.706622383252818,3.326489533011272,0.22073772141706924
1,1261,24,177.7,220.60000000000002,2691142.0,1.5951778205291474,14.5,3.1418189402610324,241.0,11.66955017301038,198.35294117647058,196.0,170.0,71.0,7.3943758573388205,198.93621502144558,0.4787263602168409,2691142.0,0.38884083044982704,231.72837370242218,0.6856771183749444,113.4874608065918,82.92767933567175,43.0,77.8157550975533,177.42135623731005,4.126078052030466,68.0,0.1310186937014419,5.516666666666666,2.2516148148148147,-0.5136296296296293,0.8844444444444445,0.011786332179930796,0.3766774891774889,0.2833333333333333,0.830349252179093,0.19555555555555557,0.8583333333333332,0.8583333333333332,0.9833333333333333,0.9433333333333334,-0.41084635311579726,0.603982420016257,0.2833333333333333,2.308333333333333,0.45833333333333337,1.4478820610261578,0.6333333333333261,0.6,4.616666666666666,1.1645487276928248,0.29194444444444445,26.441176470588236,0.34360683048729695,0.5657439446366782,6.511363636363636,1.490909090909091,8.672727272727272,0.3704861111111111,0.24416035353535354,1.8388397136301557,58.440909090909095,0.9213774104683197,0.9301470588235294,0.3126170798898071,0.9672982954545455,6.331125,0.2350853061868687,6.959183673469388,3.2653061224489797,17.06122448979592,0.8183106575963719,0.2400793650793651,32.38775510204081,0.6609745939192003,0.8378698979591837,6.0504591836734685,0.1965706490929705,2.5409928105285964,0.7205882352941176,1.339441899208663,0.47916666666666674,0.29565217391304344,0.7253695233760173,1.7162629757785466,2.7697297073468836,29.441176470588236,0.4329584775086505,0.5112456747404844,6.382352941176471,2.9411764705882355,15.647058823529411,0.7481617647058824,0.24571078431372548,0.6617647058823529,4.654411764705882,0.1568627450980392
1,1299,17,160.0,224.5,3545950.0,2.1652372706454472,35.75,3.053871459569452,240.0,21.3671875,190.3125,189.0,111.0,129.0,15.096980941136785,192.18995594636746,-0.5031102890400668,3545950.0,0.26150173611111105,718.1315104166665,0.6596796958996747,134.78936302666455,92.57429448826494,60.0,88.91780601194094,251.06096654409987,4.184349442401665,96.0,0.10937079293483015,17.277380952380952,6.180950338593485,-0.6425068567109358,1.2394331065759636,0.016078744896154833,0.5284272497897389,0.2523809523809524,0.7102835521128443,0.1817233560090703,0.8777777777777778,0.8761904761904762,0.9926319176319176,0.9643707482993198,-0.5458712763286607,0.7526823482869303,0.23154761904761906,4.072619047619048,0.41253968253968254,1.6276053971139874,0.7564313563400056,0.5488095238095237,8.145238095238096,1.3871292066377974,0.37890589569161,25.104166666666668,0.2731994459833795,1.2629123263888888,18.113376062728513,1.308053609973129,25.407779392978284,0.10864785233396473,0.09387824860260685,2.3341281205291704,85.1877395268931,0.9347988714659445,0.9479166666666666,0.18780833499346575,0.9732581119850936,17.53462957475717,0.09237099830845817,17.289473684210527,2.3947368421052633,50.01315789473684,0.1695796783625731,0.1017141812865497,55.026315789473685,0.7240304709141274,0.8748400950292399,14.623560855263158,0.09454972790773229,2.8401040555862878,0.7916666666666666,0.7991689750692519,0.19699727024567787,0.22170900692840645,2.5557484786137876,2.9999999999999996,3.191738851769925,49.333333333333336,0.5138888888888888,0.4097222222222222,18.364583333333332,2.4166666666666665,50.489583333333336,0.16619502314814816,0.09163483796296297,0.7384259259259259,12.590277777777779,0.07738007973251028
0,1276,17,170.0,192.0,1001332.0,0.8238116333123167,10.5,3.2031646344434788,196.0,7.436004162330906,179.48387096774192,181.0,155.0,41.0,5.0464,179.72487935192643,-0.3970363797251131,1001332.0,0.6170655567117587,86.57232049947973,0.6753065251927636,62.5772875237446,44.04543109109048,20.0,42.25885059364844,80.22539674441623,4.011269837220811,31.0,0.19760960785186082,3.7777777777777772,0.024691358024691346,-0.02469135802469131,0.07407407407407411,0.012352723977040046,0.6000000000000001,0.1111111111111111,0.3060986113514961,0.07407407407407408,0.9444444444444443,0.9444444444444443,0.9777777777777779,0.9629629629629629,-0.024827695320678914,0.1012647373575525,0.1111111111111111,1.9444444444444444,0.8333333333333334,0.4172097224626072,0.06666666666666661,0.8888888888888888,3.888888888888889,0.3060986113514961,0.0462962962962963,19.129032258064516,0.52,0.1914672216441207,3.1386854959616963,1.7941154422788606,6.3151472650771385,0.663857486579291,0.46532862600957586,1.1057287980962784,25.900849575212394,0.9111415294351826,0.9112903225806452,0.5373403884015014,0.9619670633433284,2.9865537493350103,0.45582039184540796,2.8,4.85,18.2,1.5125,0.55,13.1,0.655,0.8313368055555556,2.125347222222222,0.5078342013888889,1.8219280948873606,0.6451612903225806,2.4475000000000002,0.40789473684210525,1.0,0.06451612903225806,1.0,1.9976968118577374,11.903225806451612,0.3839750260145682,0.6576482830385015,3.225806451612903,3.5806451612903225,13.548387096774194,1.0887096774193548,0.4435483870967742,0.6057347670250897,1.6487455197132617,0.3449820788530466
0,1284,27,110.7,152.8,148777.0,1.2987949406953976,22.0,4.281457798885432,157.0,18.84375,134.125,145.5,75.0,82.0,9.444444444444448,136.37127630113315,-1.5514185367859699,148777.0,0.46875,607.6093749999999,0.6922505875778588,12.167658486841354,10.04987562112089,4.5,8.423068736962648,21.798989873223324,4.844219971827405,8.0,0.34496482945432316,9.0,0.0,0.0,0.0,0.0,1.0,0.0,-3.203426503814917e-16,0.0,1.0,1.0,1.0,1.0,0.0,0.0,0.0,3.0,1.0,-3.203426503814917e-16,0.0,1.0,6.0,-3.203426503814917e-16,0.0,3.75,0.42857142857142855,0.75,9.776785714285715,1.1071428571428572,10.741071428571429,0.22550843253968253,0.21360367063492064,1.434688953815825,7.321428571428571,0.9387755102040816,0.96875,0.030612244897959183,0.9732142857142857,9.535714285714285,0.21062748015873015,9.857142857142858,1.4285714285714286,13.714285714285714,0.2718253968253968,0.22420634920634921,5.285714285714286,0.7551020408163265,0.8928571428571429,8.892857142857142,0.21230158730158727,1.8423709931771075,0.875,0.12244897959183673,0.0,1000000.0,0.0,0.0,1.905639062229565,5.0,0.625,0.1875,9.75,1.75,16.5,0.2934027777777778,0.21006944444444445,0.8125,8.0625,0.1892361111111111
1,1258,14,78.0,89.4,167504.0,0.24988229283318483,9.25,3.5491804941376914,94.0,4.722222222222222,83.33333333333333,84.5,67.0,27.0,3.3074792243767313,83.54240440239515,-0.5512128125363571,167504.0,0.9201388888888891,34.88888888888888,0.7785722114725183,29.620565984972774,23.53720459187964,14.5,23.061749563987906,63.74011537017754,4.395870025529486,24.0,0.21177568146396575,4.0,0.0,0.0,0.0,0.0,1.0,0.0,-3.203426503814917e-16,0.0,1.0,1.0,1.0,1.0,0.0,0.0,0.0,2.0,1.0,-3.203426503814917e-16,0.0,1.0,4.0,-3.203426503814917e-16,0.0,22.083333333333332,0.889273356401384,0.03993055555555555,3.864853896103896,1.2435064935064934,4.83887987012987,0.34466314935064934,0.283786525974026,0.6266484311852681,19.146103896103895,0.8561308821049081,0.9270833333333333,0.07193455894754595,0.9391233766233766,3.6213474025974026,0.26856737012987014,3.823529411764706,2.3529411764705883,9.235294117647058,0.6323529411764706,0.29411764705882354,8.647058823529411,0.5086505190311419,0.7271241830065359,2.7320261437908497,0.22589869281045752,1.4504674634085477,0.7083333333333334,0.35986159169550175,0.0,1000000.0,0.0,0.0,1.4083445441575093,11.083333333333334,0.4618055555555556,0.32638888888888884,3.875,2.8333333333333335,11.208333333333334,0.7395833333333334,0.28125,0.5879629629629629,2.2268518518518516,0.17824074074074073
2,1383,37,143.7,193.0,844314.0,1.6479181946455803,32.75,2.1774973768171546,200.0,16.75,172.5,177.0,128.0,72.0,13.081285444234405,173.64927707471583,-0.5981028416392677,844314.0,0.3596938775510204,397.8214285714286,0.69037567971348,43.641245023851816,33.61547262794322,17.5,30.128854196884227,72.81118318204307,4.16063903897389,28.0,0.20366943938012552,5.0,5.927662037037038,0.33796296296296513,1.4236111111111112,0.015199829931972789,0.42023847889139554,0.375,0.3920795639257105,0.09027777777777779,0.8124999999999999,0.8124999999999999,0.9779411764705882,0.925,-0.586040448674576,0.698263366356254,0.375,2.1041666666666665,0.5104166666666666,1.2508145836939102,0.7499999999999994,0.5416666666666666,4.208333333333333,0.8758145836939107,0.4496527777777778,10.071428571428571,0.365,0.7295918367346939,6.366052626922192,1.248513563730955,7.687122861035904,0.4394578522937521,0.32370420846039805,1.9507880049248012,22.638919856311162,0.8615982313869528,0.9285714285714286,0.0692008843065236,0.9378716090672612,6.035785068393763,0.29476579750205956,6.65,2.3,13.2,0.9378472222222222,0.28368055555555555,10.3,0.515,0.7305555555555555,5.0680555555555555,0.17569444444444443,2.565957320949172,0.7142857142857143,0.33999999999999997,0.125,0.9180327868852458,0.7546899529042387,4.571428571428571,2.624518654958896,13.071428571428571,0.46683673469387754,0.31632653061224486,6.285714285714286,2.7857142857142856,15.571428571428571,1.197668650793651,0.3345734126984127,0.5932539682539683,4.003968253968254,0.15848214285714285
2,1383,25,154.2,190.0,1611080.0,1.3278754646456594,15.5,2.780403823158841,207.0,10.374485596707823,172.22222222222223,171.0,148.0,59.0,7.2125473228772305,172.727573985206,0.34362871728686223,1611080.0,0.46502057613168724,174.32098765432093,0.8342520813023799,50.61543605551172,46.2709412050371,39.5,42.226032875338184,132.0243866176396,3.3423895346237873,54.0,0.1687521525957534,4.888888888888888,1.8086419753086425,0.33333333333333437,0.8703703703703702,0.008238920218801333,0.7914438502673793,0.16666666666666666,0.5227727519009474,0.12037037037037039,0.9166666666666666,0.9166666666666666,0.9901960784313726,0.9666666666666667,-0.3867278723415371,0.5833051408882327,0.16666666666666666,2.1666666666666665,0.548611111111111,1.2369256948050213,0.607721173677113,0.611111111111111,4.333333333333333,1.070259028138355,0.25925925925925924,25.11111111111111,0.4297606659729448,0.38134430727023316,6.004626269956459,2.1900559207717922,13.263435925894306,0.4573740231256186,0.22926520884518942,1.6421722582945435,44.54789550072569,0.9060764421752616,0.8935185185185186,0.7803095297774212,0.9566863874541108,5.7495791868543495,0.220708823289788,6.032258064516129,6.32258064516129,38.45161290322581,1.2674731182795698,0.24596774193548387,18.032258064516128,0.5816857440166493,0.7845564516129032,4.769778225806451,0.20323756720430106,2.555151831602208,0.5740740740740741,3.2882414151925077,0.3232758620689655,0.36,0.7567320261437909,1.8835978835978833,2.7848199593732907,18.703703703703702,0.34636488340192045,0.6817558299039781,6.0,4.111111111111111,24.555555555555557,0.8325617283950616,0.22453703703703703,0.5308641975308642,3.212962962962963,0.1325445816186557
1,1261,22,163.0,227.5,2748031.0,1.8372284611113137,33.75,2.3345638999083613,241.0,20.460055096418728,202.5909090909091,210.5,151.0,90.0,14.892011834319524,204.05105570257004,-0.7033068069224592,2748031.0,0.3145087235996327,593.7568870523415,0.8244709647724464,106.11970325164009,77.00649323271382,40.5,87.49261412124542,173.6639969244294,4.287999924059985,66.0,0.129904038091994,5.589015151515151,19.59439336863501,-0.3322081002866131,2.7168847566574836,0.01325438730741761,0.8366336633663365,0.06818181818181819,0.21133773415560872,0.04958677685950414,0.9659090909090909,0.9659090909090909,0.9959893048128342,0.9863636363636363,-0.5295423592094078,0.5843529040238968,0.06818181818181819,2.1117424242424243,0.5911099632690542,1.0455344892092362,0.5993794836098569,0.7007575757575757,4.223484848484849,0.9773526710274181,0.6962666437098255,20.757575757575758,0.29565551710880433,0.954315886134068,8.037837591897658,1.336334972653104,10.703780418074079,0.36511700120455215,0.2841947121279481,2.057977388558895,57.22087891715256,0.9219324086121387,0.9393939393939394,0.19718666907739693,0.9678271872369812,7.838550258955869,0.2697320210143812,8.27450980392157,2.627450980392157,20.84313725490196,0.6974400871459695,0.2672930283224401,38.333333333333336,0.7516339869281046,0.8861572406740476,7.595240874127429,0.2116798108132142,2.499938904049169,0.7727272727272727,0.9527104959630911,0.20724907063197026,0.5919282511210762,0.4081253820889817,3.2396694214876036,2.957834190647357,32.878787878787875,0.4981634527089073,0.5831037649219467,7.984848484848484,2.787878787878788,21.106060606060606,0.8440656565656565,0.28703703703703703,0.7303240740740741,6.165509259259259,0.18244364945753833
0,1285,17,112.0,130.0,911826.0,0.9764143081154864,9.0,2.590010648495816,135.0,5.633969363074441,122.06557377049181,123.0,106.0,29.0,4.057600000000001,122.26187964003643,-0.35630613150588825,911826.0,0.5162590701424348,47.962913195377595,0.6529422948263568,86.17628488244621,67.35725647619564,39.0,56.26814121075431,158.4507934888328,4.062840858688021,61.0,0.13971492988375084,1.771875,0.1762734191894531,-0.049157226562500024,0.1918359375,0.03965089588996436,0.22400793650793654,0.209375,0.6196102447597363,0.1449609375,0.8953125,0.8953125,0.958125,0.9302083333333333,-0.056698947798964214,0.22453411585374777,0.209375,1.2921875,0.65443359375,0.9084565936219285,0.1704365079365075,0.775,2.584375,0.6990815936219288,0.10030273437500001,31.491803278688526,0.5669244497323022,0.24187046492878256,2.162176724137931,1.6161278735632183,4.309554597701149,0.9427711925287356,0.7094558189655172,1.1875484532957146,51.226005747126436,0.9128088874025632,0.9180327868852458,0.400908924354274,0.9633815877434546,2.0949864802841636,0.6804803646082775,1.951219512195122,4.073170731707317,12.195121951219512,2.042682926829268,0.7621951219512195,27.097560975609756,0.6609161213563355,0.8357469512195121,1.6438008130081299,0.6337334857723577,1.7926436286417204,0.6721311475409836,1.8596073765615704,10.89285714285714,0.2,0.16393442622950818,0.2,2.2848344789963546,24.40983606557377,0.4001612469766192,0.6191883902176835,2.2295081967213113,3.360655737704918,9.114754098360656,1.9221311475409837,0.6926229508196722,0.6284153005464481,1.273224043715847,0.4672131147540984
0,1276,11,59.0,75.5,124575.0,0.7062740891876,7.75,2.8299995329789516,78.0,5.603550295857987,68.88461538461539,71.5,53.0,25.0,3.8400000000000007,69.2195503730424,-0.9214132359950468,124575.0,0.6893491124260356,46.25591715976331,0.9056767778122067,26.614828884492816,23.323807579381203,14.5,24.1044324661307,70.46803743153545,4.859864650450721,26.0,0.1915564397862786,2.0,0.015625,0.0,0.0625,0.032857305416477016,-0.3333333333333328,0.625,0.24999999999999958,0.0625,0.6875,0.6875,0.875,0.7916666666666666,-0.5377664099472582,0.5814977587325008,0.625,1.4375,0.59375,0.8749999999999993,0.583333333333333,0.625,2.875,0.24999999999999958,0.171875,17.923076923076923,0.691609977324263,0.15532544378698226,1.5789160839160838,1.1890909090909092,1.858006993006993,1.0218618881118882,0.855270979020979,0.8986529017184116,22.92909090909091,0.9198495867768595,0.9519230769230769,0.06951735537190082,0.9653535353535354,1.5217696192696193,0.8262495143745144,1.5714285714285714,1.8095238095238095,2.8095238095238093,1.5595238095238095,0.8571428571428571,14.238095238095237,0.6780045351473923,0.8505291005291005,1.3148148148148149,0.734457671957672,1.5324194984468573,0.8076923076923077,0.2766439909297052,3.0681818181818183,0.3851851851851852,0.19970414201183434,0.36363636363636365,1.7939923560142883,13.615384615384615,0.5236686390532544,0.31360946745562135,1.5769230769230769,2.230769230769231,3.5,1.9134615384615385,0.8557692307692307,0.735042735042735,1.1388888888888888,0.6340811965811965
0,1285,15,131.8,179.0,2184602.0,1.6464252899076013,32.0,1.9216956970642534,193.0,16.13331650044186,155.57303370786516,153.0,119.0,74.0,13.240758115969225,156.67191799311212,0.08040190384013214,2184602.0,0.34351723267264234,343.1210705718975,0.6278447655608879,84.74687483432571,70.60453243241541,62.5,53.20788176237513,220.73506473629496,3.531761035780719,89.0,0.12696195828909262,9.058712121212121,2.388671866189528,0.5055487278525019,0.6461703655291318,0.014006132026924427,0.16481525720656154,0.3308982683982684,0.7813823975286187,0.18008089943966568,0.8345508658008658,0.8345508658008658,0.9805353959765724,0.9338203463203463,-0.2723300524341974,0.5842984937636093,0.3308982683982684,2.9684794372294365,0.43425954231554875,1.6090871502218487,0.5212654423413202,0.5727813852813852,5.936958874458874,1.278188881823581,0.24426715848185004,30.573033707865168,0.32322485207100593,0.6410806716323697,8.454027609986912,1.9001617084465923,13.126316319339576,0.38021435457845343,0.17348342401031355,1.9662296943933082,70.44015025672002,0.8701145172055014,0.8932584269662921,0.545984408063916,0.9421326052957594,8.013241312278376,0.16196634530346377,9.461538461538462,5.365384615384615,33.03846153846154,1.1327457264957266,0.15598290598290598,26.76923076923077,0.514792899408284,0.7443242521367522,7.500934829059829,0.10429464921652422,2.8511060254297336,0.5842696629213483,2.4360207100591715,0.5542840375586854,0.28268925357331925,0.8113233464875753,1.3367576243980739,2.997259286798863,30.617977528089888,0.3440222194167403,0.6415856583764676,8.157303370786517,4.078651685393258,27.39325842696629,0.8210049937578028,0.17899500624219725,0.517478152309613,4.933832709113608,0.07814017200721321
0,1276,31,110.4,145.4,551952.0,1.4910212159622973,21.0,5.7631479924040905,166.0,13.217630853994491,128.06060606060606,127.0,65.0,101.0,8.1792,129.32833479875237,-0.7912246301831478,551952.0,0.4067952249770431,326.2993572084481,0.8738075889150243,25.474813267286976,29.274562336608895,25.0,22.260085159148506,78.66904755831212,3.1467619023324844,33.0,0.22530511121184152,12.609375,0.234375,0.0,0.28125,0.01803155522163787,-0.395833333333333,0.65625,0.3858911107998986,0.08984375,0.671875,0.671875,0.9747596153846154,0.890625,-0.6518752991473592,0.7749256864059412,0.65625,3.5625,0.44140625,1.2608911107998981,0.7708333333333329,0.484375,7.125,0.6046411107998986,0.234375,13.424242424242424,0.35802469135802467,0.5950413223140496,14.043959330143542,1.9444901315789473,25.932117224880386,0.19193716565324295,0.110519836523126,1.8789636890295063,26.39720394736842,0.8602095416378116,0.8863636363636364,0.4244658663002077,0.9257488121345029,13.095311669324829,0.10421683627438494,14.722222222222221,5.611111111111111,74.88888888888889,0.5070524691358025,0.12433641975308642,10.0,0.5555555555555556,0.7489506172839505,11.716111111111111,0.10162722908093277,2.591793226077493,0.5454545454545454,2.25,0.19594594594594594,0.37931034482758624,1.478088578088578,3.9090909090909087,2.8193661810184336,11.181818181818182,0.33884297520661155,0.6887052341597796,13.818181818181818,4.333333333333333,56.54545454545455,0.388526936026936,0.10654040404040403,0.5033670033670034,7.58080808080808,0.06363449307893752
0,1276,29,89.2,110.8,127186.0,1.2957378005380114,12.0,5.76778834398398,112.0,9.538461538461538,98.0,103.0,59.0,53.0,4.962962962962964,98.91177109696531,-1.7082711259997918,127186.0,0.4437869822485207,179.53846153846155,0.6588663647068546,29.066800786134113,24.08318915758459,6.5,19.151137367618528,36.76955262170044,5.656854249492375,13.0,0.24579512472436338,7.5,0.0,0.0,0.0,0.01547564861174329,4.440892098500626e-16,0.5,-3.203426503814917e-16,0.0,0.75,0.75,0.95,0.875,-0.5,0.4649367475160968,0.5,2.75,0.75,0.4999999999999995,0.4999999999999998,0.75,5.5,-3.203426503814917e-16,0.125,5.769230769230769,0.4305555555555556,0.4023668639053255,6.408653846153847,1.0625,6.971153846153847,0.24238782051282054,0.23544337606837606,1.3843089558155968,12.291666666666666,0.9618055555555556,0.9807692307692308,0.01909722222222222,0.984375,6.268028846153847,0.23370726495726496,6.25,1.25,8.5,0.2708333333333333,0.24305555555555555,10.166666666666666,0.8472222222222222,0.9375,5.6875,0.23611111111111108,1.650022421648353,0.9230769230769231,0.07638888888888888,0.10625,1.5294117647058822,0.3717948717948717,5.128205128205129,1.7604950297661968,9.615384615384615,0.7396449704142012,0.13017751479289943,6.461538461538462,1.4615384615384615,10.615384615384615,0.2841880341880342,0.2329059829059829,0.8846153846153846,5.423076923076923,0.22008547008547005
2,1264,23,107.3,127.4,331380.0,0.8886865525783167,13.25,3.3771629269502577,143.0,7.9305555555555545,117.08333333333333,116.0,99.0,44.0,5.166666666666667,117.5053190285444,0.7064783500609388,331380.0,0.65625,98.99305555555556,0.49619763324804356,67.65915312568544,44.01136216933077,13.0,33.57231164853208,66.22539674441613,5.09426128803201,24.0,0.19299765820949286,4.0,0.0,0.0,0.0,0.0,1.0,0.0,-3.203426503814917e-16,0.0,1.0,1.0,1.0,1.0,0.0,0.0,0.0,2.0,1.0,-3.203426503814917e-16,0.0,1.0,4.0,-3.203426503814917e-16,0.0,15.75,0.6322314049586777,0.19270833333333331,4.7244318181818175,1.0681818181818181,4.99715909090909,0.2753314393939394,0.25828598484848486,1.0017891948416096,22.59090909090909,0.9586776859504132,0.9791666666666666,0.020661157024793386,0.9829545454545454,4.656249999999999,0.2540246212121212,4.7727272727272725,1.2727272727272727,5.863636363636363,0.32702020202020204,0.25883838383838387,18.363636363636363,0.8347107438016529,0.9318181818181818,4.5,0.2417929292929293,1.341097121631488,0.9166666666666666,0.08264462809917354,0.0,1000000.0,0.0,0.0,1.4764892117991641,17.333333333333332,0.7222222222222222,0.1388888888888889,4.708333333333333,1.5,6.708333333333333,0.38310185185185186,0.25810185185185186,0.875,4.208333333333333,0.22685185185185186
2,1270,10,88.0,122.0,355707.0,1.2455547971375818,24.0,2.587463312024192,125.0,12.037460978147758,106.16129032258064,105.0,69.0,56.0,9.881656804733726,107.11871617433954,-0.5448759984866364,355707.0,0.5026014568158169,204.19979188345476,0.7487995249860003,32.27198486328594,27.65863337187866,19.0,24.165246935983905,81.88225099390863,4.309592157574138,31.0,0.18870871585495125,7.611111111111111,0.8541666666666666,-0.16666666666666666,0.4166666666666667,0.0074742931310351,0.2549019607843138,0.3888888888888889,0.216674140549451,0.0462962962962963,0.8055555555555555,0.8055555555555555,0.9771241830065359,0.9222222222222222,-0.5768329909956095,0.6165591875385626,0.3888888888888889,2.75,0.625,0.8752715278979696,0.6666666666666662,0.6666666666666666,5.5,0.486382639009081,0.20138888888888887,15.580645161290322,0.4912,0.3475546305931322,7.5285773366418525,1.1884615384615385,8.93626964433416,0.20862512636706187,0.17967213491407039,1.4670210881377819,27.266666666666666,0.9165811965811966,0.9516129032258065,0.06611768573307035,0.9635683760683761,7.272808105872622,0.17362097157124037,7.56,1.8,13.56,0.30583333333333335,0.1836111111111111,16.68,0.6672,0.8444444444444444,6.46,0.15799382716049382,2.0952419173638823,0.8064516129032258,0.2624,0.13089005235602091,0.62,0.7646167699560358,3.2580645161290325,2.2695146389482295,16.161290322580644,0.5213319458896982,0.30176899063475543,7.516129032258065,2.225806451612903,16.612903225806452,0.36850358422939067,0.1785394265232975,0.7293906810035842,5.564516129032258,0.13503086419753085
2,1264,25,160.6,217.0,1078427.0,1.970555717203501,33.25,2.794589029162015,226.0,19.16,188.1,191.5,127.0,99.0,14.527999999999999,189.5984352959345,-0.556794153649253,1078427.0,0.2822222222222222,565.9566666666667,0.9865985788050554,47.392791668740415,39.05124837953327,20.5,46.757660905983364,75.15432893255071,3.6660648259780837,30.0,0.21356390892571173,13.447916666666666,14.485891836660882,-0.11650028935185064,2.0151909722222223,0.02896666666666666,0.21175458715596335,0.6354166666666666,0.6710019903596464,0.16102430555555555,0.6822916666666666,0.6822916666666666,0.9755608974358974,0.8940972222222223,-0.5969271374140693,0.8357785302786624,0.6354166666666666,3.567708333333333,0.2996961805555556,2.0316572918469538,0.8202546959947181,0.3958333333333333,7.135416666666666,1.396240625180288,0.6626519097222222,8.466666666666667,0.28544423440453687,0.9655555555555555,10.185983397190295,1.1925287356321839,12.085408684546614,0.22494708741308356,0.18156426493543354,2.1681593908464425,25.10057471264368,0.8845877189119361,0.9416666666666667,0.05770614054403195,0.9518678160919539,9.711127075351213,0.170718559316021,10.26086956521739,2.0,20.043478260869566,0.38640096618357483,0.17202898550724638,13.695652173913043,0.5954631379962193,0.7983091787439613,8.25,0.12380367686527106,2.6141642621051133,0.7666666666666667,0.2986767485822306,0.18316831683168316,0.4054054054054055,2.666597346009111,3.296296296296296,2.7260265301011635,14.466666666666667,0.4822222222222222,0.3155555555555556,10.166666666666666,2.466666666666667,24.566666666666666,0.5055,0.1842037037037037,0.6703703703703704,6.9,0.1079948559670782
2,1380,35,90.1,127.30000000000001,839779.0,1.5063724722987273,24.5,2.3047143054356787,138.0,12.942906574394462,110.07352941176471,114.0,74.0,64.0,9.699588477366255,111.12916438303037,-0.4406486174607172,839779.0,0.4005190311418685,233.5092993079585,0.708956848431822,86.72781688467467,68.11754546370561,41.5,61.486279729931105,176.97770542341422,4.264523022250945,68.0,0.12903585990673339,7.856944444444444,2.1018735532407407,-0.4163773148148144,0.9482638888888889,0.00762114967094104,0.49296218487394927,0.20972222222222223,0.7368582868758669,0.1648070987654321,0.8951388888888888,0.8951388888888888,0.9876633986928105,0.9580555555555557,-0.430905385092678,0.6795613070616383,0.20972222222222223,2.7604166666666665,0.41978009259259264,1.5722464379418781,0.6857142857142845,0.5513888888888889,5.520833333333333,1.3625242157196562,0.2894965277777778,27.235294117647058,0.364186543253827,0.4783737024221454,8.708434166016133,1.2352764892211614,10.466736630286835,0.19125173582007388,0.15513251649772952,1.8780906405576272,54.896741828299206,0.8671433779363895,0.9301470588235294,0.0775140406743744,0.9457346117566404,8.309842156505834,0.14660868211846909,8.88679245283019,2.5283018867924527,21.132075471698112,0.36884171907756813,0.15710167714884696,40.283018867924525,0.7600569597721609,0.888749839558465,8.05325589355239,0.14008180141378704,2.2344672937827834,0.7794117647058824,0.8821644713421146,0.19122023809523805,0.529182879377432,0.5443103776598359,2.2805429864253393,2.625438134958391,34.23529411764706,0.5034602076124568,0.7759515570934256,8.617647058823529,3.2058823529411766,24.941176470588236,0.49826388888888884,0.1551266339869281,0.7273284313725491,6.5557598039215685,0.11393654684095861
0,1276,39,101.2,161.8,257323.0,1.6143308351592642,24.0,5.228687757042143,165.0,22.18934911242603,137.30769230769232,149.0,51.0,114.0,8.66666666666667,140.69142448307545,-1.7551002465032568,257323.0,0.3727810650887574,940.6745562130177,0.6687522561570768,24.668122210548848,21.400934559032695,7.0,16.49686238346304,35.94112549695425,5.134446499564893,13.0,0.26095299103708647,22.5,0.0,0.0,0.0,0.03732362312243969,4.440892098500626e-16,0.5,-3.203426503814917e-16,0.0,0.75,0.75,0.9807692307692307,0.9166666666666667,-0.5,0.4649367475160968,0.5,4.75,0.75,0.4999999999999995,0.4999999999999998,0.75,9.5,-3.203426503814917e-16,0.125,4.846153846153846,0.3611111111111111,1.4556213017751483,17.93269230769231,1.0625,19.49519230769231,0.1432091346153846,0.14070913461538462,1.69845457499897,12.291666666666666,0.9618055555555556,0.9807692307692308,0.01909722222222222,0.984375,17.54206730769231,0.1400841346153846,17.5,1.25,23.75,0.15687500000000001,0.146875,10.166666666666666,0.8472222222222222,0.9375,15.9375,0.144375,1.950825794518087,0.9230769230769231,0.07638888888888888,0.05238095238095239,1.1818181818181817,1.7179487179487178,20.461538461538463,2.038159681645951,9.615384615384615,0.7396449704142012,0.13017751479289943,18.076923076923077,1.4615384615384615,29.615384615384617,0.1571153846153846,0.13865384615384616,0.8846153846153846,15.192307692307692,0.13403846153846152
2,1263,33,132.5,164.8,693652.0,1.4716022614097966,15.75,3.235814767080066,176.0,11.511111111111104,151.33333333333334,153.5,112.0,64.0,7.361111111111114,152.058322144279,-0.7177681811402491,693652.0,0.43999999999999995,219.95555555555563,0.9628462302866252,23.52614757577442,21.93171219946131,20.0,22.652062506501228,75.98275605729684,3.799137802864842,30.0,0.20864351351600657,5.625,0.9438371627800644,0.16117969821673547,0.4945987654320987,0.018559670781893006,-0.3732040229885054,0.6805555555555556,0.8372917518074434,0.27237654320987653,0.6875,0.6763888888888889,0.9531045751633986,0.8694444444444445,-0.4119682575826291,0.6131772931055331,0.5347222222222222,2.326388888888889,0.431712962962963,1.4345139740296653,0.5564813031443323,0.5277777777777778,4.652777777777778,0.8372917518074434,0.3354552469135802,13.2,0.3469387755102041,0.4888888888888888,7.469340329835083,1.7365067466266866,14.097901049475261,0.29468546976511745,0.2128513868065967,1.67614768854318,26.30622188905547,0.9459123511707415,0.925,0.5260986448305082,0.9763692372563717,7.256663465142428,0.2102257465017491,7.0,4.380952380952381,37.42857142857143,0.6197089947089948,0.24404761904761904,17.285714285714285,0.8231292517006803,0.9107969576719577,6.197172619047619,0.23413616990005875,2.1231991154262237,0.7,2.3401360544217686,0.21849593495934957,0.4186046511627907,1.2758119658119658,2.068292682926829,2.396791631981635,14.2,0.47333333333333333,0.7066666666666667,7.6,3.2666666666666666,28.0,0.4560185185185185,0.20416666666666666,0.6925925925925926,4.833333333333333,0.17001028806584365
2,1264,15,144.5,178.0,992798.0,1.65388257407662,18.25,6.892637155590855,209.0,12.543209876543212,165.11111111111111,166.5,99.0,110.0,7.674197384066588,166.06541549107155,-1.0177533275886155,992798.0,0.39197530864197533,316.0432098765433,0.6523186667212552,49.20270550152496,36.013886210738214,22.5,32.09584325183333,93.19595949289345,4.142042644128598,36.0,0.1804259942243096,16.85,1.1278000000000004,-0.14400000000000068,0.715,0.024768518518518523,-0.15306122448979576,0.775,0.49273764861366665,0.1225,0.6125,0.6125,0.9790540540540541,0.8892857142857142,-0.5211054580153838,0.7739546887772204,0.775,4.1,0.31062500000000004,1.8804820237218391,0.7210347891354995,0.3625,8.2,1.10548202372184,0.3725,14.11111111111111,0.37890625,0.7430555555555556,17.50980392156863,1.0882352941176472,18.7671568627451,0.09570397603485836,0.0891169662309368,1.7936004427478647,33.11764705882353,0.9446366782006921,0.9722222222222223,0.02768166089965398,0.9779411764705883,17.195465686274513,0.08747021377995641,17.8125,1.375,23.15625,0.11845486111111111,0.09046006944444444,25.0,0.78125,0.90625,16.4765625,0.08346137152777777,2.1455603460589288,0.8888888888888888,0.109375,0.21065989847715733,0.2168674698795181,4.003083378945448,3.152777777777778,2.278342878434597,23.555555555555557,0.654320987654321,0.1728395061728395,17.416666666666668,1.6666666666666667,26.916666666666668,0.13847222222222222,0.08870370370370369,0.8333333333333334,15.041666666666666,0.07626157407407406
1,1258,20,115.0,149.6,1161648.0,1.27162958310537,20.0,2.262474591232062,156.0,10.728994082840236,133.07692307692307,132.0,103.0,53.0,8.09837278106509,133.68435844296704,-0.153955920644779,1161648.0,0.4778698224852071,162.04023668639053,0.8063970783163209,70.34042299645047,55.57877292636101,42.0,56.72231159187181,167.52186130069833,3.988615745254722,65.0,0.13713808715382547,3.6666666666666665,1.3270461819844541,0.3340192043895749,0.33024691358024694,0.014176907904718558,0.8992537313432835,0.08333333333333334,0.22957395851362195,0.055555555555555566,0.9583333333333334,0.9583333333333334,0.9916666666666667,0.9791666666666667,-0.05862126748440995,0.16962037147995115,0.08333333333333334,1.8888888888888888,0.8109567901234568,0.5805211819044656,0.17003643505134713,0.8472222222222222,3.7777777777777777,0.4971878485711325,0.10339506172839506,31.06153846153846,0.5034722222222222,0.3455621301775148,3.8094918074756783,1.3831393511071501,4.691105815677863,0.6959256954289939,0.4216817381553509,1.5415036326951397,54.51779955426581,0.8955338004203809,0.9307692307692308,0.20833847536830727,0.9561982195971055,3.6410713627990248,0.4051038062108332,4.0,2.8541666666666665,8.541666666666666,1.640625,0.3888888888888889,32.5,0.6770833333333334,0.8477920682161755,3.42114276266062,0.32598217238284205,2.1303568101772945,0.7384615384615385,1.0203993055555556,0.8076923076923078,0.3095238095238095,0.3746794871794872,0.7769230769230769,2.6033009064482093,28.846153846153847,0.4437869822485207,0.5855621301775148,3.753846153846154,3.0,9.815384615384616,1.5183760683760683,0.4311965811965812,0.6800213675213674,2.7021367521367523,0.26850961538461543
2,1380,35,156.8,217.4,2377034.0,2.057685452677126,28.0,3.1413777391046644,234.0,19.95188237914903,186.65671641791045,193.0,120.0,114.0,13.144179423282306,188.35636278869126,-0.5988682514393587,2377034.0,0.28447315660503447,637.3896190688351,0.9570690139548085,68.1551496628359,64.62197768561404,45.5,65.22918188375274,167.8650070512059,3.6893408143122177,67.0,0.14244606523748127,15.421052631578947,37.84593048875469,2.448674442338534,3.663608033240998,0.0180667908692965,0.701720952579076,0.4802631578947368,0.8564492441597049,0.20344182825484766,0.7598684210526315,0.7598684210526315,0.9870199146514936,0.9313909774436091,-0.6717323603147217,0.9365361019314321,0.4802631578947368,3.8203947368421054,0.2629033933518006,2.3461946036358716,0.9303966947395889,0.3907894736842105,7.640789473684211,1.8659314457411358,1.0359677977839337,19.059701492537314,0.29279466888796335,1.057696591668523,16.832017982017984,1.2829524642024641,21.101804445554446,0.11868905053280052,0.0926727549071299,2.2898852918538974,56.3885434010434,0.8983119141599203,0.9328358208955223,0.11908383883840719,0.956698639901765,16.18867850899101,0.08870193062868845,17.387755102040817,2.3877551020408165,37.89795918367347,0.221156462585034,0.0927437641723356,29.285714285714285,0.597667638483965,0.8011621315192743,14.403061224489797,0.07474068562610228,2.932748561518037,0.7313432835820896,0.5181174510620574,0.1830004161464836,0.22853894258101193,3.5608906741056265,2.9230546297638025,3.232051932338793,29.567164179104477,0.44130095789708174,0.427712185341947,16.70149253731343,2.791044776119403,43.17910447761194,0.25917910447761194,0.09265339966832503,0.6517412935323382,11.508291873963516,0.06078335175971992
2,1264,35,77.8,112.2,193561.0,0.981940786864097,13.0,2.790292879013559,115.0,8.986149584487533,100.26315789473684,101.0,77.0,38.0,6.435555555555555,100.93275510274937,-0.8726402459274578,193561.0,0.5124653739612188,134.72022160664818,0.669542167512428,29.45061469821769,22.360679774997898,11.0,19.718428399618045,51.25483399593899,4.659530363267181,19.0,0.22938575441059458,2.5,0.3333333333333333,0.0,0.3333333333333333,0.0,0.9999999999999997,0.0,-3.203426503814917e-16,0.0,1.0,1.0,1.0,1.0,-0.3333333333333333,0.3099578316773979,0.0,1.5,0.8333333333333334,0.33333333333333287,0.3333333333333332,0.8333333333333334,3.0,0.33333333333333287,0.08333333333333333,9.736842105263158,0.52,0.24376731301939056,2.7503869969040244,1.1715686274509804,3.1793085655314757,0.6696336429308566,0.5624032507739939,1.2311678086558546,16.173202614379086,0.8956277500106796,0.9473684210526315,0.052186124994660174,0.9571078431372549,2.643156604747162,0.535595652734778,2.8,1.9333333333333333,4.933333333333334,1.1833333333333333,0.55,9.933333333333334,0.6622222222222223,0.8407407407407407,2.340740740740741,0.46574074074074073,1.6894822670191811,0.7894736842105263,0.3288888888888889,0.0,1000000.0,0.0,0.0,2.076289359294108,9.526315789473685,0.5013850415512465,0.3490304709141274,2.736842105263158,2.3684210526315788,6.0,1.4605263157894737,0.5657894736842105,0.7163742690058479,1.9795321637426901,0.40058479532163743
2,1264,19,156.5,192.0,1410511.0,1.4924290152251705,21.5,2.990014698144901,214.0,12.456521739130435,174.41304347826087,174.5,146.0,68.0,8.498456790123457,175.1093447212217,0.47370158441668897,1410511.0,0.4035916824196597,243.37287334593563,0.5760542973996604,63.675803421155415,45.17742799230607,29.5,36.68072020113257,118.16652224137067,4.005644821741378,46.0,0.16293766413672361,5.866666666666667,6.773128703703705,0.5340370370370389,1.1836111111111112,0.012406052802206335,0.30258089368258867,0.4083333333333333,0.6794706418349173,0.1636111111111111,0.7958333333333333,0.7958333333333333,0.9759803921568627,0.9183333333333333,-0.2879009634422298,0.4698674477317266,0.4083333333333333,2.320833333333333,0.5176388888888889,1.3233428293890035,0.4191176470588229,0.5916666666666666,4.641666666666666,0.9150094960556706,0.39798611111111104,18.565217391304348,0.4089795918367347,0.46691871455576556,6.892929292929293,1.3416083916083916,8.686635586635587,0.2858836090606924,0.2099196424717258,1.6508150735860616,40.37332944832945,0.9310058122616397,0.9402173913043479,0.1980979525093744,0.9707685832685833,6.7007511007511,0.20409449732366397,7.085714285714285,2.5714285714285716,15.542857142857143,0.5557539682539683,0.21071428571428572,24.542857142857144,0.7012244897959183,0.8611111111111112,6.146031746031746,0.18353725749559083,2.1358235650478195,0.7608695652173914,0.8440816326530614,0.2822712418300653,0.3994211287988423,0.8640181030182875,1.8735177865612644,2.5666881883562147,21.956521739130434,0.4773156899810964,0.4669187145557656,6.826086956521739,2.652173913043478,16.52173913043478,0.55631038647343,0.209993961352657,0.7077294685990339,5.006038647342995,0.15025328770799784
1,1261,16,150.0,178.20000000000002,1596352.0,1.184820720664279,18.0,2.301886709057162,192.0,10.394768133174791,165.44827586206895,165.0,144.0,48.0,7.947487550928021,165.90150796429666,0.3148955207460186,1596352.0,0.5178359096313913,150.17835909631387,0.9236656550859932,48.9615578640033,41.048751503547585,38.0,45.22410941848537,148.55129855222108,3.90924469874266,58.0,0.14710257594008605,4.526041666666666,0.5021678783275466,0.23896846064814853,0.4370659722222222,0.011337932401219131,0.521212121212121,0.1875,0.4528195311147828,0.109375,0.90625,0.90625,0.98125,0.953125,-0.3218999275873421,0.4622472175135659,0.1875,2.098958333333333,0.5783420138888888,1.0220081379644923,0.4378787878787874,0.6822916666666666,4.197916666666666,0.8345081379644924,0.15614149305555555,30.03448275862069,0.4765020820939917,0.3035077288941736,4.931427816081706,1.5247262177182086,7.397427548614619,0.40787977265022457,0.28689529771123023,1.484979594960922,48.76741111672462,0.9063821075543954,0.9224137931034484,0.3222367766841437,0.9601555599204699,4.710469577063542,0.2786447565441267,4.853658536585366,3.4634146341463414,16.414634146341463,0.8760162601626017,0.3075880758807588,27.24390243902439,0.6644854253420583,0.8399813685636857,3.9222560975609757,0.2756758600572117,2.180608631219118,0.7068965517241379,1.4622248661511004,0.5804794520547946,0.3421828908554572,0.33770230642555404,0.9177718832891245,2.5555863257396085,24.06896551724138,0.4149821640903686,0.6492271105826397,4.948275862068965,3.2758620689655173,16.29310344827586,0.7878352490421455,0.28113026819923376,0.6519396551724138,3.0914750957854404,0.2070196094082588
2,1383,21,186.0,210.0,2079736.0,1.291691874618791,11.0,3.6806797645298355,228.0,7.911712353150588,197.81132075471697,199.0,173.0,55.0,5.19199567333694,198.0916502197719,0.24896791837809554,2079736.0,0.45817016731933075,110.98326806692775,0.8278915132382663,69.07263781304609,53.31041174104736,35.5,57.18465064240142,134.40916292849005,3.7861736036194378,53.0,0.15714126036895726,6.554166666666666,0.9185546296296296,-0.2153518518518522,0.6163888888888889,0.006649784721615831,0.25326215895610893,0.3833333333333333,0.41005598223546247,0.09555555555555556,0.8083333333333332,0.8083333333333332,0.9774509803921568,0.9233333333333333,-0.6155606999849031,0.7457985450330319,0.3833333333333333,2.5458333333333334,0.4334722222222222,1.4087903050529693,0.767058066571389,0.49583333333333335,5.091666666666667,1.0254569717196365,0.24993055555555554,24.28301886792453,0.46285714285714286,0.352438590245639,6.026891106189369,1.334538693526191,8.27792322635451,0.28276853449873074,0.22449156517441562,1.6908693532155263,41.726871236299395,0.8467106187678947,0.9150943396226415,0.1043067965054042,0.9299154621198074,5.552208956906892,0.21236887508663707,5.742857142857143,2.942857142857143,19.514285714285716,0.5628968253968253,0.24384920634920632,16.82857142857143,0.48081632653061224,0.7067460317460318,3.873412698412699,0.18988095238095237,2.4886434630143865,0.660377358490566,0.649795918367347,0.27637130801687765,0.40458015267175573,0.716458324813137,2.150943396226415,2.4970689771914305,22.358490566037737,0.4218583125667497,0.40655037379850484,6.09433962264151,3.2264150943396226,21.41509433962264,0.5981394129979035,0.21973270440251574,0.5482180293501049,3.1027253668763106,0.13968961099464244
1,1261,14,127.7,145.3,532984.0,0.22228483068568733,12.25,1.998317499336268,149.0,5.959183673469389,137.78571428571428,138.0,124.0,25.0,4.561983471074381,137.96790517052457,-0.38767297613284457,532984.0,0.931122448979592,50.239795918367356,0.8492314779189234,31.298182402598744,24.698178070456937,18.0,26.579401697934976,71.98275605729688,3.99904200318316,28.0,0.2089357294935281,3.833333333333333,0.01851851851851851,-0.018518518518518483,0.05555555555555558,0.0024599125364431484,0.7000000000000001,0.08333333333333333,0.22957395851362197,0.05555555555555556,0.9583333333333333,0.9583333333333333,0.9833333333333334,0.9722222222222222,-0.018620771490509187,0.07594855301816437,0.08333333333333333,1.9583333333333333,0.875,0.3129072918469553,0.049999999999999954,0.9166666666666666,3.9166666666666665,0.22957395851362197,0.034722222222222224,26.071428571428573,0.8828125,0.034438775510204085,3.8781586770717205,1.5202526941657375,5.95916945373467,0.4105235042735043,0.28046033073206983,0.7329551619583007,20.649789421528553,0.8294621255268394,0.8839285714285714,0.22042961776588088,0.9246620680044593,3.5768069490895575,0.26162584773318465,3.8125,4.5,17.8125,1.171875,0.296875,8.25,0.515625,0.7217881944444444,2.6996527777777777,0.2273220486111111,1.6266144718101803,0.5714285714285714,1.4375,0.2641509433962264,1.0,0.07142857142857142,1.0,1.900208835762686,9.0,0.32142857142857145,0.7806122448979591,3.892857142857143,4.5,17.892857142857142,1.1517857142857142,0.2767857142857143,0.5032242063492064,1.9057539682539684,0.15259176587301587
2,1270,19,137.0,172.0,1490600.0,1.3320449436720803,18.0,2.958224480752023,187.0,11.734479978500401,155.63934426229508,159.0,118.0,69.0,8.303206997084548,156.32039397906624,-0.5619659560747502,1490600.0,0.5038968019349637,212.46009137328676,0.8172070969277749,93.48824568944089,68.76772498781678,37.5,76.39925785673856,159.1787155501908,4.244765748005087,61.0,0.13637525319711005,7.476190476190476,2.398429666651241,-0.38586545729402816,0.9160997732426305,0.015683153117563926,0.24829895998589796,0.41666666666666663,0.9517619850443699,0.2335600907029478,0.7916666666666665,0.7916666666666665,0.9754901960784312,0.9166666666666666,-0.14975170356068523,0.4970381904967523,0.41666666666666663,2.708333333333333,0.29903628117913833,2.0620555863121117,0.394897060352253,0.4285714285714285,5.416666666666666,1.6453889196454456,0.3331916099773242,30.737704918032787,0.4925028835063437,0.4149422198333781,8.017243942703047,1.142272140022763,9.10368923477601,0.2039650273485519,0.1827680126756921,1.6026874934455493,53.03573369425902,0.9101009910525691,0.9549180327868851,0.044949504473715415,0.9644319649943093,7.745632619684805,0.17746875900747716,8.098039215686274,1.6666666666666667,13.019607843137255,0.29084967320261434,0.18681917211328977,37.03921568627451,0.7262591311034218,0.8769063180827886,7.150871459694989,0.16867889130961025,2.0847691499280967,0.8360655737704918,0.23606305267204922,0.43220720720720723,0.19072433559145388,1.3063594900343534,1.0001975113569028,2.3678685872216794,33.78688524590164,0.5538833646869121,0.36173071754904595,8.0,2.2131147540983607,17.278688524590162,0.3615664845173042,0.18123861566484517,0.7695810564663024,6.2449908925318764,0.1467820279295689
2,1383,43,154.5,205.7,1479121.0,1.871837136398316,24.0,2.968836373342291,229.0,16.482438016528928,182.11363636363637,182.0,139.0,90.0,10.190311418685122,183.34771982120847,0.15386389201229844,1479121.0,0.33264462809917367,451.00981404958685,0.7265629847332613,101.56395657488865,74.43117626371358,24.5,73.79261143037044,119.72287142747486,4.886647813366321,44.0,0.1465584454599903,13.875,33.432291666666664,3.0,3.7291666666666665,0.012136081893313298,0.8733766233766233,0.29166666666666663,0.4795739585136219,0.11805555555555555,0.8541666666666666,0.8541666666666666,0.9887820512820513,0.951388888888889,-0.7065586642821394,0.7208583629959804,0.29166666666666663,3.5625,0.5243055555555556,1.1879072918469549,0.7499999999999989,0.5833333333333334,7.125,0.8962406251802884,1.0052083333333333,14.636363636363637,0.3475,0.8899793388429753,8.414590254706535,1.0880398671096345,10.050802879291252,0.21347760551248923,0.20744585948074318,1.9441347611861572,40.332502768549276,0.9432517914322751,0.9715909090909092,0.02837410428386245,0.9779900332225914,8.005537098560355,0.20593792297280666,7.875,1.35,14.225,0.24094444444444446,0.21627777777777774,34.35,0.85875,0.9402777777777779,6.981944444444444,0.21122222222222226,2.0132412914060245,0.9090909090909091,0.14,0.1431297709923664,0.5866666666666667,1.2217427425515661,4.886363636363637,2.2071052631505474,31.681818181818183,0.7200413223140496,0.3119834710743802,8.704545454545455,1.8181818181818181,24.795454545454547,0.2556060606060606,0.2034848484848485,0.8712121212121212,6.575757575757575,0.19348484848484848
2,1264,15,131.2,189.9,1153092.0,1.754984306318407,19.5,3.0762004894357644,205.0,16.022675736961453,164.38095238095238,168.0,110.0,95.0,9.765625,165.69421060668182,-0.6219194329062214,1153092.0,0.354875283446712,433.4739229024943,0.8915133927987331,44.67372889753133,35.510561809129406,25.5,39.82722761840897,110.75230867899764,4.34322779133324,42.0,0.1616300972300522,12.2375,1.8677583333333334,-0.346,1.0108333333333333,0.019869164597055754,0.3308823529411762,0.5,0.5629072918469551,0.20833333333333331,0.7638888888888888,0.7583333333333333,0.9782272325375774,0.9186507936507937,-0.6683530790802007,0.8869533419516381,0.4270833333333333,3.4625,0.33138888888888884,1.7741912945371436,0.9186825356200863,0.4,6.925,1.180644940460622,0.3985416666666667,14.904761904761905,0.322265625,0.7052154195011338,10.147362070717335,1.217798719772404,12.802634119081489,0.18206250917270655,0.16268962065919304,2.07324890401725,34.348364153627315,0.8707217720640459,0.9345238095238095,0.06463911396797711,0.945550320056899,9.483544058626297,0.15784639853081467,9.8125,2.0625,22.4375,0.27512152777777776,0.17833333333333334,19.25,0.6015625,0.8038194444444444,7.524305555555555,0.16016444830246915,2.7394157366363285,0.7619047619047619,0.33984375,0.21439393939393941,0.2968197879858657,2.575451884975694,2.2937625754527162,2.8134396875722225,18.761904761904763,0.4467120181405896,0.4399092970521541,10.285714285714286,2.761904761904762,32.142857142857146,0.3117989417989418,0.15769841269841273,0.6653439153439153,6.329365079365079,0.12707304526748972
2,1270,33,124.4,180.0,1850632.0,1.9074839421539524,26.5,2.7002952051707,201.0,16.710142605351706,151.62025316455697,151.0,114.0,87.0,12.46372819100092,153.0546357317783,0.31393407699094167,1850632.0,0.30588046787373824,437.0203493029962,0.863930981861021,98.18521968153492,81.74350127074322,44.5,84.8252532437085,214.57568516986126,4.821925509435085,79.0,0.11020579442274069,8.184523809523808,27.702190128319867,-0.16184565080220592,3.7405229826090216,0.012889852526879214,0.852041935590172,0.2378246753246753,0.6604642992789547,0.15768626665542249,0.8810876623376623,0.8810876623376623,0.9908528971028971,0.9603625541125541,-0.7176244374888805,0.9325011544257823,0.2378246753246753,2.6881764069264067,0.2540237427615674,2.2427475686972316,0.9457822463192116,0.3479437229437229,5.376352813852813,2.004922893372557,0.9945869144834242,24.164556962025316,0.3028095733610822,0.8485819580195482,7.581533234494687,1.1907598220904374,9.040147022485792,0.29218635855091557,0.24575874498942973,2.2029885811572028,66.52790462070669,0.891809295222695,0.9430379746835442,0.06361727264257039,0.9562224075446834,7.252091055102545,0.23458654860653522,7.709677419354839,1.9838709677419355,14.983870967741936,0.5003942652329749,0.24232974910394264,40.41935483870968,0.6519250780437045,0.8352374551971326,6.604054659498208,0.2018951612903226,2.707157306187124,0.7848101265822784,0.3603017689906347,0.2944711538461538,0.3224489795918367,1.3825657740013633,2.5105485232067513,2.9771938910157276,38.139240506329116,0.48277519628264703,0.3999359077070982,7.582278481012659,2.518987341772152,19.68354430379747,0.6207383966244725,0.24591420534458505,0.7046413502109704,5.499296765119549,0.17203547429285826
1,1260,12,170.6,211.7,1619231.0,1.5667259871437351,26.5,2.7040208659412506,219.0,14.477272727272725,191.02272727272728,191.5,147.0,72.0,10.256055363321801,191.8350972722524,-0.5512921948417766,1619231.0,0.3729338842975207,311.0222107438016,0.7699967887004202,81.67528305868105,61.587336360651285,23.5,62.88970567138224,121.96551211459416,5.1900217921103895,44.0,0.14089702379409824,11.75,0.0,0.0,0.0,0.0044296268469822195,0.5000000000000002,0.25,-3.203426503814917e-16,0.0,0.875,0.875,0.9852941176470589,0.95,-0.25,0.2324683737580484,0.25,3.375,0.875,0.24999999999999958,0.2499999999999999,0.875,6.75,-3.203426503814917e-16,0.0625,16.40909090909091,0.36620644312952005,0.5847107438016529,10.892580287929125,1.0888704318936877,12.192414174972313,0.13849624078548498,0.13209397057507521,1.7100027626563254,40.356866002214836,0.943291035541673,0.9715909090909091,0.028354482229163522,0.9777823920265781,10.567621816168327,0.13049340302247278,10.538461538461538,1.3846153846153846,16.153846153846153,0.16559829059829062,0.13782051282051283,30.28205128205128,0.7764628533859304,0.9038461538461539,9.134615384615385,0.13087606837606836,2.0490964687479813,0.8863636363636364,0.11176857330703484,0.048449612403100764,1.7600000000000002,0.21684801684801683,9.454545454545453,2.1817969764905607,28.545454545454547,0.6487603305785123,0.1756198347107438,11.0,1.6818181818181819,20.954545454545453,0.17960858585858588,0.1303661616161616,0.8295454545454546,8.511363636363637,0.11805555555555557
2,1270,27,58.3,88.0,374669.0,1.008623267776462,19.25,2.1847271545175633,93.0,9.678962746530315,70.20270270270271,66.0,47.0,46.0,7.8338888888888905,71.15542561600341,0.5025655342620201,374669.0,0.5675675675675675,134.67512783053326,0.7561305232686161,104.47406321298175,80.60397012554654,44.5,78.99602808523036,193.94826817189156,4.358388048806551,74.0,0.12192675949542522,6.0,1.518061271147691,0.34019204389574786,0.6172839506172839,0.0,0.9999999999999991,0.0,-3.203426503814917e-16,0.0,1.0,1.0,1.0,1.0,-0.7499999999999988,0.6824184086787579,0.0,2.388888888888889,0.7098765432098766,0.6672317673234874,0.749999999999997,0.8055555555555556,4.777777777777778,0.6672317673234874,0.15432098765432098,42.0,0.5727023319615913,0.23813002191380572,5.290541126882786,1.2918350585755904,6.758006880307445,0.3036263662472365,0.23131211388665054,1.4086285600971653,57.083093658959896,0.838581727848027,0.9155405405405406,0.09082747927125281,0.9313147396296066,4.9407687056206395,0.21430192686488014,5.333333333333333,2.3703703703703702,12.222222222222221,0.5658436213991769,0.22530864197530864,31.444444444444443,0.5823045267489712,0.7917952674897119,4.2515432098765435,0.17091406607224507,2.0501724624880286,0.7297297297297297,0.4924554183813443,0.0,1000000.0,0.0,0.0,2.4620566794097476,29.16216216216216,0.3940832724616508,0.6785975164353544,5.27027027027027,3.4864864864864864,17.81081081081081,0.8363363363363363,0.23273273273273273,0.6265953453453453,3.353228228228228,0.1376298173173173
0,1281,13,95.0,111.8,138893.0,0.7793498372920844,6.0,2.7388942156423437,113.0,5.065088757396449,103.15384615384616,104.0,89.0,24.0,2.592592592592592,103.36380857474691,-0.41709907663357887,138893.0,0.6449704142011835,43.36094674556212,0.7454538467865147,19.664237810436635,15.0,8.0,14.658781719914824,33.69848480983497,4.212310601229372,13.0,0.2975360214295968,3.6666666666666665,0.020833333333333332,0.0,0.08333333333333333,0.027309968138370506,0.5555555555555557,0.16666666666666666,0.33333333333333287,0.08333333333333333,0.9166666666666666,0.9166666666666666,0.9666666666666667,0.9444444444444443,-0.050355213263010956,0.15541468162187203,0.16666666666666666,1.9166666666666667,0.7916666666666666,0.4999999999999995,0.11111111111111104,0.8333333333333334,3.8333333333333335,0.33333333333333287,0.0625,8.384615384615385,0.6033057851239669,0.1775147928994083,3.2644230769230766,1.1875,4.014423076923077,0.4807692307692308,0.4338942307692308,1.0863788659786708,10.874999999999998,0.8854166666666667,0.9423076923076923,0.05729166666666666,0.953125,3.0769230769230766,0.4221754807692308,3.1818181818181817,1.7272727272727273,6.090909090909091,0.6363636363636364,0.45454545454545453,9.181818181818182,0.8347107438016529,0.9191919191919191,2.8585858585858586,0.4343434343434343,1.2406705316766875,0.8461538461538461,0.33057851239669417,0.38235294117647056,1.0,0.15384615384615385,1.0,1.457265913623386,8.384615384615385,0.6449704142011834,0.7100591715976332,3.3076923076923075,2.8461538461538463,10.692307692307692,0.8846153846153846,0.4230769230769231,0.7948717948717949,2.4871794871794872,0.37179487179487175
2,1264,21,164.0,191.9,997694.0,1.1686450333085059,16.5,2.547418170664249,205.0,9.8125,176.1875,177.0,155.0,50.0,7.225599999999999,176.572754127017,0.2628813767140689,997694.0,0.470703125,135.90234375000003,0.9437388209194005,55.42416967553858,44.94441010848846,18.0,52.305940540029574,86.6101730552665,4.811676280848139,32.0,0.17364899661600988,1.8333333333333333,0.041666666666666664,0.0,0.16666666666666666,0.006429036458333333,0.11111111111111133,0.3333333333333333,0.6666666666666661,0.16666666666666666,0.8333333333333334,0.8333333333333334,0.9666666666666667,0.9166666666666666,-0.10071042652602191,0.3108293632437442,0.3333333333333333,1.3333333333333333,0.5833333333333334,0.9999999999999994,0.22222222222222207,0.6666666666666666,2.6666666666666665,0.6666666666666661,0.125,15.0625,0.469678953626635,0.30859375,2.7681451612903225,1.0725806451612903,2.913306451612903,0.6479614695340502,0.5935259856630823,1.2971813901930673,29.798387096774192,0.9531737773152965,0.9765625,0.023413111342351717,0.9818548387096775,2.7318548387096775,0.5799171146953405,2.8275862068965516,1.3103448275862069,3.4482758620689653,0.814176245210728,0.5814176245210728,23.620689655172413,0.8145065398335315,0.9224137931034483,2.6724137931034484,0.523227969348659,1.6387838670649244,0.90625,0.09274673008323425,0.2672413793103448,1.032258064516129,0.23851102941176472,3.5,1.8326026026932252,22.25,0.6953125,0.15234375,2.75,1.5625,3.875,1.0190972222222223,0.5972222222222222,0.859375,2.46875,0.4917534722222222
1,1260,14,121.6,145.0,1747693.0,0.8762403333657338,10.0,2.720301194445287,154.0,6.979855138071523,136.0744680851064,138.0,114.0,40.0,4.7708444444444424,136.35423984388697,-0.5161419697900818,1747693.0,0.6638750565866909,76.21785875961974,0.806920141975518,81.34938483393817,60.207972893961475,69.0,65.64245715982244,227.07821048680273,3.2909885577797495,94.0,0.1296743304634107,3.591924066924067,0.9229957955746708,-0.3233199401519644,0.45490836534272827,0.006347943133987652,0.3666458541458537,0.1908944658944659,0.6290051576929404,0.1381175204437753,0.9045527670527671,0.9045527670527671,0.9809105534105534,0.9522763835263837,-0.2870663869574232,0.447381802963718,0.1908944658944659,1.8699967824967827,0.5667588417154055,1.2078431046636244,0.49082167832167556,0.6971685971685971,3.739993564993565,1.0169486387691589,0.16145070780929854,62.40425531914894,0.5585172844648063,0.1884336803983703,3.738943349309232,2.500733091418199,9.552039032905773,0.7940596671031945,0.37141722372958086,1.3698487786744704,70.81431784745439,0.8499181306637884,0.8696808510638298,1.035258077880047,0.9336572415058622,3.5069071920664334,0.3464978149226081,3.795918367346939,8.53061224489796,32.87755102040816,2.5345804988662133,0.39172335600907027,24.918367346938776,0.5085381091211995,0.7378923787264597,2.939664753001077,0.27815223300361036,2.5318802517486407,0.5212765957446809,4.850478967097042,0.6530797101449276,0.260748959778086,0.30178344460666884,0.5487122060470325,2.345257579881504,31.72340425531915,0.3374830239927569,0.7854232684472612,3.734042553191489,4.957446808510638,18.54255319148936,1.608451536643026,0.3637706855791962,0.4660904255319149,1.8182624113475176,0.1753287529550827
1,1359,16,67.9,91.0,398982.0,0.7540340561971319,9.5,2.6060921463134457,95.0,6.4911111111111115,81.13333333333334,82.0,61.0,34.0,4.702207413577675,81.54569271273621,-0.5860670536914591,398982.0,0.6605555555555556,67.08222222222221,0.680152119963141,121.51941895174589,87.69264507357501,36.0,82.65169041671905,157.17871555019082,4.366075431949745,60.0,0.13532014265681133,2.4937500000000004,0.44317939453125,-0.1438359375,0.38109375,0.011079089506172838,0.48493589743589716,0.18125000000000002,0.5591107831354063,0.12734375,0.909375,0.909375,0.96375,0.9395833333333333,-0.16878907264162302,0.40068649440368526,0.18125000000000002,1.528125,0.5914843750000001,1.06978920345029,0.35993589743589693,0.6875,3.05625,0.8885392034502901,0.1405859375,39.63333333333333,0.6852551984877127,0.16972222222222222,3.369573239784562,1.2265844751762296,4.049652891581589,0.5208173710748896,0.4076066900538594,1.0564598036674613,49.192689351876766,0.876118158959612,0.9333333333333333,0.07464900613256023,0.948143153236594,3.204342598865957,0.3840932918292532,3.4130434782608696,2.260869565217391,6.891304347826087,1.1032608695652173,0.3967391304347826,30.652173913043477,0.666351606805293,0.8426570048309179,2.8462801932367148,0.3417512077294686,1.5585353503390433,0.7666666666666667,0.5595463137996219,0.7340534979423867,0.5045550105115627,0.06606481481481481,0.5106382978723405,2.0579021744473573,27.4,0.45666666666666667,0.5822222222222223,3.35,2.933333333333333,8.983333333333333,1.4208333333333334,0.4125,0.6931712962962963,2.3403935185185185,0.2813657407407407
1,1360,16,112.8,124.60000000000001,550566.0,0.477071306219329,6.5,5.842416246123463,143.0,4.899408284023669,118.61538461538461,118.0,105.0,38.0,2.8491155046826218,118.81530592931587,1.2291686366649206,550566.0,0.8159105851413544,47.467455621301774,0.9395726373925323,58.72925168178327,48.104053883222775,23.0,55.18039789474292,103.9238815542514,4.518429632793539,39.0,0.1635887714096252,1.0666666666666667,0.027733333333333315,0.03199999999999997,0.05333333333333334,0.004720241406631939,0.6296296296296297,0.06666666666666667,0.240642698295787,0.053333333333333344,0.9666666666666667,0.9666666666666667,0.9866666666666667,0.9777777777777779,-0.011416661841295883,0.05926927329212638,0.06666666666666667,1.0333333333333334,0.8866666666666667,0.3073093649624536,0.03703703703703697,0.9333333333333332,2.066666666666667,0.240642698295787,0.03,31.82051282051282,0.7752341311134235,0.0920447074293228,1.327051777051777,1.1887548262548262,1.5158066033066033,1.106991881991882,0.9182370557370557,0.7929435886955469,32.657625482625484,0.8856272040104087,0.9423076923076923,0.057186397994795676,0.9528112934362934,1.2798630704880705,0.8710483491733493,1.3870967741935485,1.967741935483871,2.3548387096774195,1.8709677419354838,0.9032258064516129,22.225806451612904,0.7169614984391259,0.8655913978494624,1.2526881720430108,0.7688172043010753,1.3134742745099703,0.7948717948717948,0.38501560874089485,0.7222222222222222,1.0,0.05128205128205128,1.0,1.6516294987479558,19.615384615384617,0.5029585798816568,0.5049309664694279,1.3076923076923077,2.641025641025641,2.948717948717949,2.5641025641025643,0.9230769230769231,0.7321937321937322,1.03988603988604,0.6552706552706553
2,1270,29,127.0,178.0,1507044.0,1.9229274034981252,29.0,3.229152476092153,205.0,17.08828402366864,150.73846153846154,150.0,92.0,113.0,12.744855967078188,152.2671740976771,-0.08270650095326756,1507044.0,0.3140828402366864,463.2085207100592,0.7093454750560604,82.17624551326993,60.41522986797286,46.5,58.291347911933926,159.48023074035564,3.4296823815130244,65.0,0.15157394465729754,14.208333333333334,7.367655436197916,-0.6259765625,1.4127604166666665,0.013678531330602338,0.3572874493927124,0.4895833333333333,0.498746207046492,0.12456597222222222,0.7552083333333334,0.7552083333333334,0.9867680180180181,0.9300595238095237,-0.5568122754934294,0.8049188460565542,0.4895833333333333,3.734375,0.3153211805555556,1.9031292040590648,0.795658175451688,0.3645833333333333,7.46875,1.413545870725732,0.4755859375,20.415384615384614,0.2986111111111111,0.9197633136094674,13.680362350252206,1.3060913855611602,18.242231833228246,0.14297677376698892,0.11940017279012541,2.2271757108320465,54.57165234867591,0.8930705737489371,0.9307692307692308,0.12373098531488058,0.9530244292507355,12.985941988055206,0.11575188444346413,13.4375,2.3541666666666665,33.520833333333336,0.2343287037037037,0.12953125000000001,29.625,0.6171875,0.8126446759259259,10.719907407407407,0.11451071405606995,3.0062849545148644,0.7384615384615385,0.5203993055555556,0.19062947067238914,0.2439024390243902,3.1975892997303608,3.180901856763926,3.170670410822671,28.2,0.4338461538461538,0.4932544378698225,13.76923076923077,2.9076923076923076,42.10769230769231,0.2629059829059829,0.1161965811965812,0.6598290598290598,8.787179487179488,0.08934354226020894
2,1264,39,132.0,186.0,807439.0,1.8540119124567382,31.0,3.035974987460084,216.0,17.50676378772112,159.90322580645162,158.0,111.0,105.0,12.780800000000005,161.38903108587866,0.10715589511944959,807439.0,0.31113423517169614,477.37773152965667,0.46953401728024763,65.83896757561396,44.721359549995796,17.0,30.913634939361987,84.61017305526649,4.9770690032509695,31.0,0.17274552645206623,10.375,4.8396990740740735,-0.1851851851851845,1.6180555555555554,0.008324661810613945,0.8208556149732619,0.20833333333333331,0.4795739585136219,0.11805555555555555,0.8958333333333333,0.8958333333333333,0.9919871794871795,0.9652777777777778,-0.671332869740396,0.7208583629959804,0.20833333333333331,3.145833333333333,0.4965277777777778,1.2508145836939106,0.7499999999999991,0.5416666666666666,6.291666666666666,1.0424812503605774,0.4565972222222222,9.64516129032258,0.2992,0.7741935483870968,9.846428571428572,1.1820812807881773,11.409421182266009,0.18804163245758074,0.16180027025177887,2.1501732149795765,26.013013136288997,0.8878415077882125,0.9435483870967742,0.05607924610589381,0.9544796798029557,9.455680418719211,0.1552399297003284,10.08,1.88,17.24,0.29993333333333333,0.16354444444444444,17.96,0.7184,0.8688888888888888,8.867777777777778,0.14549660493827163,2.599079570624172,0.8064516129032258,0.3424,0.051779935275080916,1.4531249999999998,0.910394265232975,8.32258064516129,2.958251052937606,15.903225806451612,0.5130072840790842,0.5057232049947971,9.774193548387096,2.6129032258064515,23.387096774193548,0.39331541218637994,0.16078853046594982,0.7401433691756272,7.482078853046596,0.12356481481481482
2,1263,14,136.0,187.20000000000002,1153239.0,1.5635746897178744,21.5,2.907689938873349,196.0,15.281773931855058,162.62790697674419,165.0,111.0,85.0,9.970615243342515,163.76663771326253,-0.5561714378724999,1153239.0,0.38669551108707406,371.6755002704165,0.8439392371319778,43.510486121856474,35.35533905932738,25.5,36.720206464921056,113.82337649086313,4.463661823171103,43.0,0.15726915658380675,10.25,5.158817997685183,-0.9482060185185173,1.1024305555555556,0.022436878374091456,0.19922118380062295,0.5625,0.7028195311147826,0.171875,0.71875,0.71875,0.9669117647058824,0.8875,-0.37418711600977944,0.7046186954147333,0.5625,3.177083333333333,0.29427083333333337,1.9170739585136207,0.6999999999999956,0.3958333333333333,6.354166666666666,1.3545739585136216,0.41623263888888895,16.627906976744185,0.3551020408163265,0.5343428880475933,9.620433919455474,1.1490853658536586,11.2247022121384,0.16223052364971324,0.1474883996659734,1.8180367973345188,37.27378048780488,0.9074245240928019,0.9534883720930232,0.04628773795359904,0.9627286585365854,9.219366846284743,0.14380286867003844,9.428571428571429,1.7428571428571429,17.314285714285713,0.22996031746031745,0.15575396825396826,23.457142857142856,0.6702040816326531,0.846031746031746,7.742857142857143,0.14072971781305116,2.3672534608576186,0.813953488372093,0.23346938775510206,0.3214798850574713,0.28826815642458103,1.587567622039669,1.5198568872987477,2.452071373029288,22.813953488372093,0.5305570578691184,0.280151433207139,9.674418604651162,2.1627906976744184,22.093023255813954,0.26082041343669254,0.14518733850129198,0.735142118863049,6.8023255813953485,0.11915015790984783
2,1380,31,86.6,117.0,599382.0,1.009768930469729,15.75,4.522141094091889,122.0,10.311385459533609,104.51851851851852,109.0,61.0,61.0,6.550567874526772,105.35495558665794,-1.3199925982353502,599382.0,0.5809327846364883,175.54595336076818,0.6591057053637331,74.11105666337521,56.4003546088143,37.0,48.84702027736551,135.5807358037438,3.664344210911995,54.0,0.15904052750646236,7.872549019607843,1.160206428086912,-0.46922626541325235,0.390394719979495,0.012819508656652384,0.059510357815442526,0.31699346405228757,0.8136184028638095,0.19200948353197486,0.8415032679738562,0.8415032679738562,0.9683006535947712,0.920751633986928,-0.23867612307041855,0.4926120149377269,0.31699346405228757,2.802287581699346,0.5200403690888119,1.2737567693733773,0.43658082404705495,0.6633986928104575,5.604575163398692,0.9567633053210901,0.17684704600794565,31.37037037037037,0.48081632653061224,0.2897805212620027,7.3589743589743595,1.8076923076923077,14.532051282051281,0.2766500474833808,0.1842355175688509,1.3111461316061492,45.46794871794872,0.9153517422748192,0.912037037037037,0.5392011834319527,0.9633720074568289,7.0533608876242795,0.17949800557687462,6.828571428571428,4.685714285714286,39.57142857142857,0.630952380952381,0.20952380952380953,21.914285714285715,0.6261224489795918,0.8153152332361516,5.273551384839649,0.18602708940719145,2.13024424013772,0.6481481481481481,2.3053061224489797,0.3010869565217391,0.3898916967509025,0.38683378500451665,1.1937984496124032,2.297231327577662,20.48148148148148,0.3792866941015089,0.615912208504801,7.5,3.5185185185185186,29.61111111111111,0.4727366255144033,0.17746913580246912,0.5967078189300411,4.0092592592592595,0.12880086877000457
2,1380,25,131.2,169.8,1594231.0,1.3213457653461478,18.0,3.802417547519226,180.0,11.99064379594565,153.50746268656715,158.0,102.0,78.0,7.985048059807761,154.25463538355478,-0.92456281572299,1594231.0,0.4880819781688571,229.9514368456226,0.6985938940873776,82.18874160550489,58.59180830116101,47.5,57.416553048330925,165.13708498984835,3.476570210312597,67.0,0.1479473268721777,7.035,2.502325925925926,0.04666666666666708,0.9744444444444444,0.00833712923464655,0.5360071301247769,0.21666666666666665,0.6396299407490849,0.1511111111111111,0.8916666666666666,0.8916666666666666,0.9872549019607844,0.9566666666666667,-0.5402114555006019,0.7378778925960926,0.21666666666666665,2.5999999999999996,0.4272444444444444,1.525896422782623,0.7460835350521557,0.535,5.199999999999999,1.3092297561159567,0.2977777777777778,32.701492537313435,0.4433106575963719,0.3942971708621074,7.449427168576105,1.7926350245499183,14.552864157119476,0.2888388797963266,0.19372158574286236,1.6234432312449991,54.87954173486088,0.8975478475628212,0.9029850746268657,0.4877358091294087,0.9534199147319714,7.049596290234588,0.18731789337679805,6.928571428571429,4.690476190476191,39.80952380952381,0.6668320105820106,0.2197420634920635,25.047619047619047,0.5963718820861678,0.7963852145796592,5.232281746031747,0.1902472401855118,2.490715391037438,0.6268656716417911,2.145691609977324,0.2555970149253731,0.3260340632603406,0.7370924625421917,1.5803336259877085,2.7595738997367727,24.044776119402986,0.3588772555134774,0.7110715081309869,7.611940298507463,3.8656716417910446,32.92537313432836,0.5481965174129354,0.18604892205638476,0.5743159203980099,3.933354063018242,0.12931292611018977
1,1260,12,137.7,177.0,2146416.0,1.545161423255721,27.5,1.9392710764790186,186.0,13.799070247933884,155.38636363636363,153.5,121.0,65.0,11.227137472723667,156.17647360947458,0.133314644174227,2146416.0,0.3809400826446281,246.1689049586777,0.8820678466034902,78.26668858526521,64.00781202322104,57.0,69.03652946119087,225.01933598375706,3.9477076488378433,88.0,0.11893851752776186,6.553409090909091,6.783075575952431,-0.3864279735631112,1.6787951962809915,0.006954879372234744,0.7889193973521165,0.21761363636363634,0.6886013025186208,0.15631585743801654,0.8911931818181817,0.8911931818181817,0.9871991978609627,0.9564772727272728,-0.7565330814178465,0.9181571836559281,0.21761363636363634,2.4741477272727277,0.4196300361570248,1.6600912776777648,0.9999999999999841,0.5318181818181817,4.948295454545455,1.4424776413141287,0.474102208161157,33.52272727272727,0.39981532779316714,0.512396694214876,7.887685219745154,1.7723271488059351,11.756042280246032,0.35737342630937363,0.17583364551863823,1.7974438787315383,71.71396587226872,0.8945669609744826,0.90625,0.517688075151326,0.955454988028632,7.5480110481457405,0.16665878322277936,8.56140350877193,5.684210526315789,31.82456140350877,1.2537768031189083,0.15801656920077972,39.49122807017544,0.6928285626346569,0.8533906046107003,7.336808032477889,0.12648117941778228,2.2553325836903255,0.6477272727272727,3.300707910126193,0.2925438596491228,0.39580209895052476,0.42942865027264004,2.004228329809725,2.9437624658708996,33.40909090909091,0.37964876033057854,0.8238636363636364,7.704545454545454,3.8863636363636362,25.568181818181817,0.7919034090909091,0.1804766414141414,0.6141887626262627,5.153882575757576,0.09567243616722786
2,1380,19,158.7,186.3,1776398.0,1.5650681594599818,13.0,6.2669229847318615,217.0,11.429250891795482,174.13793103448276,176.0,116.0,101.0,5.815689981096408,175.00729048853344,-0.7627611581533448,1776398.0,0.40011890606420925,303.53269916765754,0.6434597076032853,61.980605867843664,45.12205669071391,38.5,39.88202252879715,147.72287142747481,3.8369576994149304,58.0,0.14889755140669608,14.73611111111111,1.4045496113397353,0.1056241426611813,0.7932098765432098,0.008103038254951001,0.7948815889992356,0.1388888888888889,0.42062508514077696,0.09876543209876543,0.9305555555555555,0.9305555555555555,0.9946581196581197,0.9768518518518519,-0.47589202122138985,0.6082013339981496,0.1388888888888889,3.8055555555555554,0.5462962962962963,1.138587980062577,0.6331168831168825,0.625,7.611111111111111,0.9996990911736885,0.23302469135802467,23.20689655172414,0.3938198553583169,0.6266349583828775,13.297190419229894,1.5808526999316475,19.792051150603783,0.17420145494734313,0.1179264575580365,1.8877176099217663,47.41039530644794,0.8866522453475182,0.9137931034482758,0.3414104475741747,0.9513086842342598,12.586363888532885,0.1142754709071184,13.461538461538462,4.153846153846154,48.82051282051282,0.43368233618233615,0.1286111111111111,25.205128205128204,0.646285338593031,0.8281299461855018,10.875356125356126,0.11596292888924062,2.5681158483228326,0.6724137931034483,1.9421433267587112,0.16224315068493153,0.30606860158311344,1.4244600765924547,3.9080459770114944,2.912654763691182,22.862068965517242,0.39417360285374553,0.6623067776456599,13.241379310344827,3.5172413793103448,45.275862068965516,0.3336446360153257,0.11494731800766284,0.6197318007662835,8.144636015325672,0.08328810131971051
1,1360,20,136.0,170.0,1208507.0,1.374254403378248,15.5,3.1121565441999284,186.0,10.110726643598618,153.35294117647058,154.0,123.0,63.0,6.450922070196312,153.9357518131331,-0.06755376954453839,1208507.0,0.4509803921568628,179.09111880046137,0.9107946013548798,95.18685347176329,72.3394774656273,29.0,86.69567226204,138.4507934888328,4.774165292718372,51.0,0.13788228813490033,7.35,1.0288000000000002,0.07200000000000009,0.76,0.007103853972705319,0.8170731707317068,0.15,0.24273764861366676,0.06,0.925,0.925,0.9911764705882353,0.97,-0.5367386633716853,0.608481155706637,0.15,2.675,0.545,1.1304820237218398,0.5925390529679102,0.55,5.35,0.9804820237218399,0.2275,23.0,0.43197278911564624,0.39523260284505957,7.845663265306122,1.1387117346938773,8.864477040816325,0.190609056122449,0.1688190901360544,1.6357819414024841,44.46619897959183,0.911977593971262,0.9558823529411765,0.044011203014369005,0.9653220663265305,7.590959821428571,0.16337159863945577,7.928571428571429,1.7380952380952381,13.261904761904763,0.289021164021164,0.1706349206349206,29.857142857142858,0.7108843537414966,0.8683862433862434,6.939153439153439,0.15059156378600824,2.1836419332445103,0.8235294117647058,0.26360544217687076,0.19611307420494703,0.45945945945945943,0.6812030975247948,2.467023172905526,2.3786282535536105,27.941176470588236,0.5478662053056517,0.30680507497116494,7.823529411764706,2.1372549019607843,16.098039215686274,0.34912854030501095,0.16830065359477125,0.7592592592592592,6.038126361655774,0.130961026385863
0,1382,29,147.0,217.0,1117760.0,1.944423119780214,25.5,2.7269644525400265,226.0,19.79604578563996,188.25806451612902,196.0,132.0,94.0,13.561600000000004,189.88621380592215,-0.7324590440062727,1117760.0,0.30489073881373563,615.6753381893861,0.783688244928601,39.103226365933004,36.124783736376884,19.0,30.644738841763832,81.29646455628172,4.27876129243588,31.0,0.19006846756141435,8.799999999999999,6.227233333333333,-1.1519999999999995,1.6033333333333335,0.00663287570071498,0.21212121212121215,0.5,0.33333333333333287,0.08333333333333333,0.75,0.75,0.9807692307692307,0.9166666666666666,-0.999999999999999,0.9573005596933881,0.5,2.8833333333333333,0.4383333333333333,1.290316864818222,0.9999999999999983,0.5333333333333333,5.766666666666667,0.7903168648182223,0.5258333333333334,9.451612903225806,0.3184,1.0280957336108218,9.848221670802316,1.1884615384615385,11.044375516956162,0.2785527065527066,0.2244928774928775,2.102968195372896,27.266666666666666,0.9165811965811966,0.9516129032258065,0.06611768573307035,0.9635683760683761,9.6453370554177,0.2121650047483381,10.52,1.8,15.56,0.4393777777777778,0.2104888888888889,16.68,0.6672,0.8444444444444444,9.66,0.15820493827160495,2.38268318925549,0.8064516129032258,0.2624,0.05339805825242719,1.409090909090909,0.6078853046594981,15.161290322580644,2.6145406648068463,16.161290322580644,0.5213319458896982,0.30176899063475543,9.64516129032258,2.225806451612903,17.193548387096776,0.5908960573476703,0.2288888888888889,0.7293906810035842,8.080645161290322,0.14236957387495025
2,1264,19,198.0,230.2,2488233.0,1.2987332480387004,19.0,2.8710223382731144,241.0,11.694545454545455,212.2,211.0,175.0,66.0,7.984504132231404,212.69837799099457,-0.1846518189714444,2488233.0,0.4737190082644628,211.76000000000005,0.8054844189221727,55.22639755826208,46.14108798023731,35.0,44.48400274638163,142.5512985522212,4.072894244349177,55.0,0.1471186653550943,4.708333333333334,1.6867583333333331,0.017000000000000043,0.8058333333333333,0.009773102930127722,0.6554621848739488,0.175,0.5725615876475509,0.1302777777777778,0.9125,0.9125,0.9824999999999999,0.95625,-0.5074117239456621,0.6923460341630798,0.175,2.1125,0.4452777777777778,1.4829375251295214,0.7142857142857099,0.5666666666666667,4.225,1.3079375251295215,0.24520833333333333,26.054545454545455,0.4049586776859504,0.3583471074380165,4.665077304287227,1.71700913713445,7.794634643677568,0.5267767761631492,0.3333571297467356,1.6976810563393254,42.75878464066627,0.8646433368331526,0.8954545454545454,0.44552679020970815,0.9423957203101285,4.397057765592383,0.3146426143527959,4.818181818181818,6.2727272727272725,27.636363636363637,1.73989898989899,0.3484848484848485,19.78787878787879,0.5996326905417815,0.7988110443275733,4.007744177310293,0.2680424075465398,2.412254609116097,0.6,3.4949494949494953,0.43346774193548393,0.5116279069767442,0.23047096396923214,1.3737373737373737,2.7569133990998984,19.036363636363635,0.3461157024793388,0.7550413223140495,4.654545454545454,4.127272727272727,19.6,1.188383838383838,0.32878787878787874,0.5521464646464647,2.7117424242424244,0.18466610549943885
0,1276,23,160.6,206.0,1032040.0,1.6415279827191727,19.0,4.649446185481829,221.0,15.942925089179546,187.3793103448276,192.0,126.0,95.0,9.756944444444445,188.64672328693268,-1.293621736849846,1032040.0,0.36741973840665876,476.5802615933412,0.8601731049613317,34.537951835725096,32.31098884280702,15.5,29.70861726954058,80.36753236814718,5.18500208826756,29.0,0.17365614156748735,13.25,0.53125,0.0,0.625,0.00820041822132929,0.33333333333333304,0.25,0.4999999999999995,0.125,0.875,0.875,0.9852941176470589,0.95,-0.5755328198945164,0.6980587699489051,0.25,3.625,0.4375,1.2499999999999991,0.6666666666666663,0.5,7.25,0.9999999999999993,0.21875,10.655172413793103,0.363905325443787,0.713436385255648,10.25442437511403,1.0823412698412698,11.377440248129904,0.17901678019015183,0.17252014218309716,1.7777113786982288,26.841931216931215,0.9484870594328266,0.9741379310344828,0.025756470283586685,0.9794146825396826,9.973670406860062,0.1708959826813335,9.961538461538462,1.3461538461538463,14.692307692307692,0.20779914529914528,0.18055555555555555,20.692307692307693,0.7958579881656804,0.9134615384615384,8.778846153846153,0.1737446581196581,2.112585390635541,0.896551724137931,0.10207100591715976,0.07792207792207792,1.2083333333333333,0.5249648931190514,9.310344827586208,2.261973667019147,19.482758620689655,0.6718192627824019,0.16409036860879905,10.344827586206897,1.6206896551724137,18.82758620689655,0.21886973180076624,0.1700191570881226,0.8448275862068966,8.224137931034482,0.1578065134099617
1,1361,16,122.5,138.0,611795.0,0.6500224216483536,9.25,2.6013272111938774,145.0,5.57253086419753,130.19444444444446,131.5,115.0,30.0,3.989795918367347,130.36220907746062,0.034099807640404975,611795.0,0.7222222222222223,43.71219135802469,0.8275300731969699,68.25668465103647,49.73932046178355,19.0,56.484459245454694,100.16652224137069,5.271922223230036,36.0,0.15426206371764573,3.6666666666666665,0.020833333333333332,0.0,0.08333333333333333,0.00771604938271605,0.5555555555555557,0.16666666666666666,0.33333333333333287,0.08333333333333333,0.9166666666666666,0.9166666666666666,0.9666666666666667,0.9444444444444443,-0.050355213263010956,0.15541468162187203,0.16666666666666666,1.9166666666666667,0.7916666666666666,0.49999999999999956,0.11111111111111104,0.8333333333333334,3.8333333333333335,0.33333333333333287,0.0625,26.0,0.68,0.13888888888888887,3.4777119938884646,1.133728036669213,4.012624140565317,0.41400401069518716,0.38057200152788384,0.8910239709788383,31.709472880061114,0.9171184740303511,0.9583333333333333,0.04144076298482446,0.9665679908326967,3.343983957219251,0.3722139992360581,3.4,1.6666666666666667,6.066666666666666,0.5666666666666667,0.4,21.4,0.7133333333333334,0.8703703703703703,2.8814814814814813,0.36759259259259264,1.4328773369500152,0.8333333333333334,0.22666666666666666,0.3333333333333333,1.0,0.05555555555555555,1.0,1.57437837064707,20.166666666666668,0.5601851851851852,0.2777777777777778,3.5,2.0555555555555554,7.722222222222222,0.6388888888888888,0.375,0.7669753086419753,2.567901234567901,0.3167438271604939
2,1270,35,125.6,202.60000000000002,2979532.0,2.3540138260132526,41.0,2.63680294100756,235.0,25.710113378684806,165.56190476190477,165.0,86.0,149.0,18.276382638989695,168.45324347751585,-0.17924511065169274,2979532.0,0.21741496598639456,965.7509297052152,0.6214695457632062,134.15028790695735,97.41663102366043,71.0,83.37031848954011,263.40411229460756,3.7099170745719374,105.0,0.11339960856092396,20.905952380952378,69.45949488947504,-7.48321325990713,5.637596371882085,0.013926707493276978,0.8475279007540722,0.41666666666666663,1.029881885171912,0.28235827664399094,0.8035714285714285,0.7988095238095237,0.9903998203054807,0.9489087301587302,-0.5722810737270363,0.9353957300771193,0.35416666666666663,4.420238095238095,0.18867913832199548,2.644801508588438,0.9999999999999729,0.28214285714285714,8.84047619047619,2.2638491276360577,1.5314229024943309,22.82857142857143,0.21475529583637692,1.6021768707482993,18.270285849279468,1.352701984408221,24.505482518308526,0.13005268586015398,0.09691720176691829,2.671391320852337,85.08974131821404,0.8709142031502004,0.9214285714285714,0.14713834043389967,0.9439479978738483,17.166162886841484,0.09105285258095877,18.445945945945947,2.9324324324324325,52.067567567567565,0.2683613715756573,0.09512563583992155,44.2972972972973,0.5986121256391527,0.8018899001041858,14.799926840105412,0.07100949429446453,3.381302431726229,0.7047619047619048,0.9191015339663988,0.15733284529038558,0.24428072896471498,3.545414311684732,4.097391304347826,3.688876855605121,42.371428571428574,0.4035374149659864,0.557278911564626,18.295238095238094,3.2095238095238097,60.161904761904765,0.30056473383003995,0.09708854335384949,0.6275132275132275,11.5005291005291,0.05695141813339092
2,1383,45,70.5,92.0,509774.0,0.7424875695421227,12.0,3.2481317520282413,95.0,7.253462603878117,81.39473684210526,83.5,56.0,39.0,4.8970706799247505,81.89964976469037,-0.8395606559603934,509774.0,0.6675900277008311,82.44944598337949,0.7834855869253332,122.91009592838587,86.97700845625813,47.0,96.29828864750041,198.8772003600261,4.231429794894172,76.0,0.1221993408491418,3.443452380952381,0.5116136023570428,-0.2782906813519059,0.2973356009070295,0.018953200174952622,0.49999999999999967,0.1845238095238095,0.40881263942065094,0.09594671201814059,0.9077380952380953,0.9077380952380953,0.9630952380952381,0.9384920634920635,-0.3347052972085312,0.45006635790788013,0.1845238095238095,1.8452380952380951,0.66312358276644,0.853549469687649,0.44999999999999857,0.7529761904761905,3.6904761904761902,0.6690256601638396,0.12046485260770973,50.73684210526316,0.6294244382887042,0.16620498614958448,3.3444476071873335,1.3846842198896994,4.816950720512365,0.526617594734033,0.4138880982031667,1.0294800674449274,64.88284231749985,0.9120105616882757,0.9342105263157894,0.23081228192768038,0.9635645177928998,3.2152641199173733,0.4006396172617812,3.263157894736842,2.8421052631578947,10.31578947368421,0.9736842105263158,0.4342105263157895,38.578947368421055,0.6768236380424746,0.8478618421052632,2.7335526315789473,0.3764391447368421,1.6636835042424827,0.75,1.064327485380117,1.6185897435897434,0.22574257425742575,0.11657433056325023,0.23076923076923073,2.0705570540696208,34.5,0.45394736842105265,0.538781163434903,3.3684210526315788,2.8684210526315788,10.368421052631579,0.993421052631579,0.40789473684210525,0.686860380116959,2.234283625730994,0.30000456871345027
1,1360,20,88.8,107.2,467331.0,0.9924760039430812,11.0,2.6510978603248923,112.0,6.6189087880049975,97.3265306122449,97.0,77.0,35.0,4.837606837606838,97.65944576403645,-0.36919993157889935,467331.0,0.5052061640982923,64.91378592253227,0.9004210258319286,85.71250986747262,66.85057965343307,26.5,77.17734606149901,135.279220613579,5.10487624956902,49.0,0.1348952870080297,2.925,0.28442500000000004,0.09600000000000014,0.3025,0.010097833385749135,0.6666666666666665,0.125,0.24999999999999958,0.0625,0.9375,0.9375,0.975,0.9583333333333333,-0.28776640994725816,0.34793854348671804,0.125,1.6625,0.72375,0.6177376486136666,0.3333333333333331,0.775,3.325,0.49273764861366665,0.106875,24.755102040816325,0.51125,0.2473969179508538,2.3319330270793035,1.148392166344294,2.7252176015473886,0.7541858075435204,0.6670167432301741,1.2297819656095794,42.597477433913596,0.9088679155047948,0.9540816326530612,0.04556604224760257,0.9629019584139265,2.2336118834622822,0.6452244771518375,2.275,1.725,4.275,1.0875,0.68125,26.85,0.67125,0.8465277777777779,1.886111111111111,0.5866319444444444,1.7826474300517157,0.8163265306122449,0.224375,1.441176470588235,1.0,0.04081632653061224,1.0,2.006213127966996,26.142857142857142,0.5335276967930029,0.27321949187838396,2.3469387755102042,2.142857142857143,5.448979591836735,1.316326530612245,0.6632653061224489,0.7369614512471656,1.6621315192743764,0.5056689342403629
1,1261,16,161.4,183.0,1322855.0,1.1983131685132136,13.0,3.9914778907350095,200.0,7.952592592592593,171.13333333333333,172.0,141.0,59.0,5.330898466033602,171.45488554654187,-0.10788115958797104,1322855.0,0.4992592592592593,110.16,0.8792337878247639,46.192167425742696,41.78516483155236,31.5,40.61371433357142,112.36753236814718,3.56722324978245,45.0,0.1770595537035169,5.931372549019607,0.267062824519183,0.13026663952778353,0.1571510957324106,0.004711476909007774,-0.11111111111111209,0.5,0.33333333333333287,0.08333333333333333,0.75,0.75,0.9705882352941176,0.9,-0.7170218799296729,0.6952534056561647,0.5,2.4362745098039214,0.5880911188004614,0.940918986299132,0.7777777777777669,0.6470588235294118,4.872549019607843,0.44091898629913223,0.16428777393310265,22.466666666666665,0.43209876543209874,0.31802469135802464,6.087554112554113,2.4902597402597406,12.267748917748918,0.5793883778258778,0.21291110509860509,1.4016027736463084,38.618506493506494,0.9391497301399898,0.9,1.083039930848372,0.971413859577922,5.918420589826839,0.2072864855775012,6.7407407407407405,7.222222222222222,32.74074074074074,1.7286522633744856,0.20396090534979425,19.814814814814813,0.7338820301783264,0.8713194444444445,5.94824074074074,0.1795068158436214,2.041071622389989,0.6,4.444444444444445,0.2087378640776699,0.5232558139534884,0.596360153256705,3.1777777777777776,2.367942037158776,17.533333333333335,0.3896296296296296,0.7822222222222223,5.866666666666666,4.022222222222222,19.288888888888888,0.9347222222222222,0.2162037037037037,0.5901234567901235,3.8938271604938275,0.12299382716049383
0,1281,23,151.5,178.0,160890.0,0.6500224216483536,16.75,2.029661853169202,184.0,10.0,163.33333333333334,160.5,151.0,33.0,6.75,163.75286257039906,0.610952679625103,160890.0,0.7222222222222223,137.22222222222223,0.2756769087834504,14.948640245934957,10.63014581273465,3.0,4.120994933515227,16.970562748477146,5.656854249492382,6.0,0.3618006272791337,2.0,0.0,0.0,0.0,0.0462962962962963,-0.9999999999999991,1.0,-3.203426503814917e-16,0.0,0.5,0.5,0.8,0.6666666666666666,-1.0,0.9298734950321936,1.0,1.5,0.5,0.9999999999999993,0.9999999999999996,0.5,3.0,-3.203426503814917e-16,0.25,4.333333333333333,0.7222222222222222,0.1388888888888889,1.5,1.0,1.5,0.875,0.875,0.6500224216483536,6.0,1.0,1.0,0.0,1.0,1.5,0.875,1.5,1.0,1.5,0.875,0.875,6.0,1.0,1.0,1.5,0.875,0.6500224216483536,1.0,0.0,1.0,1.0,0.3333333333333333,1.0,0.6500224216483536,6.0,1.0,0.0,1.5,1.0,1.5,0.875,0.875,1.0,1.5,0.875
1,1359,14,168.3,212.1,2174358.0,1.4634582986483022,21.5,2.501499572938108,218.0,13.055555555555559,189.66666666666666,193.0,151.0,67.0,9.079861111111107,190.36622599610467,-0.3963141410185375,2174358.0,0.39333333333333337,265.85555555555555,0.7262425645367128,90.48785619799236,69.42621983083913,33.0,65.71613274465925,163.56349186104114,4.9564694503345805,60.0,0.12450177076525884,5.0,0.0361328125,0.0234375,0.109375,0.004320987654320987,0.38095238095238115,0.1875,0.4528195311147828,0.109375,0.90625,0.90625,0.98125,0.953125,-0.04965587506196197,0.17267904467565343,0.1875,2.21875,0.7421875,0.6403195311147825,0.1190476190476189,0.8125,4.4375,0.4528195311147828,0.07421875,23.6,0.3705945176219295,0.4666666666666667,4.461643955007331,1.1125303762035128,4.9753247818552815,0.42448707936149876,0.3981200220337844,1.632238639913548,54.6305253929681,0.9416194066281188,0.9666666666666667,0.04189838229830677,0.9766566779797731,4.352380836417949,0.39272557570951866,4.433962264150943,1.509433962264151,6.754716981132075,0.5335429769392034,0.41404612159329135,43.79245283018868,0.8262726949092204,0.9257075471698113,4.066037735849057,0.39743841719077566,1.9697147558906625,0.8833333333333333,0.22783908864364544,0.2066666666666667,1.4516129032258065,0.0753623188405797,4.08,2.272198945910448,39.833333333333336,0.6638888888888889,0.3622222222222222,4.466666666666667,1.9666666666666666,8.833333333333334,0.6203703703703703,0.3925925925925926,0.8422453703703704,3.710648148148148,0.35662615740740744
2,1380,11,71.0,84.4,139226.0,0.932111567616674,9.5,3.4864382162566674,96.0,5.53875236294896,77.47826086956522,76.0,66.0,30.0,3.382716049382716,77.80298418329522,0.766523648716322,139226.0,0.5463137996219282,50.4234404536862,0.7358318962483225,29.317337020127177,23.853720883753127,12.5,21.572631692471322,63.3969696196699,5.071757569573593,23.0,0.19769306716620094,2.25,0.03125,0.0,0.125,0.04931371743239911,-0.1666666666666663,0.5,0.4999999999999995,0.125,0.75,0.75,0.8999999999999999,0.8333333333333333,-0.32553281989451643,0.4655903961908564,0.5,1.5,0.5625,0.9999999999999993,0.4166666666666664,0.625,3.0,0.4999999999999995,0.15625,12.565217391304348,0.545,0.22684310018903592,2.9550395256916993,1.1022727272727273,3.261857707509882,0.5623764822134387,0.5112401185770751,1.0966406216761964,20.818181818181817,0.9349173553719008,0.9673913043478262,0.03254132231404959,0.9744318181818182,2.8783349802371543,0.4984560276679842,2.95,1.45,4.3,0.7375,0.5125,14.9,0.745,0.8875,2.6125,0.45625,1.5437519544205007,0.8695652173913043,0.1275,1.227272727272727,0.425925925925926,0.2041587901701323,0.4,1.7599305295640897,14.130434782608695,0.6143667296786389,0.1928166351606805,2.9565217391304346,1.7826086956521738,5.304347826086956,0.9021739130434783,0.5108695652173914,0.8043478260869565,2.369565217391304,0.41304347826086957
1,1260,14,85.6,101.0,591456.0,0.7394809367166373,10.0,2.1992083491352687,105.0,5.182000445533527,93.76119402985074,95.0,80.0,25.0,4.057397959183675,93.95584863401167,-0.3447007781478537,591456.0,0.6694141234127867,36.53998663399421,0.9005615257095461,82.39874345473974,68.8839603971781,43.0,74.2051381221499,173.76450198781765,4.041034929949248,67.0,0.13377596726044907,2.222222222222222,0.25662056089010826,0.12437128486511206,0.15329218106995887,0.008634705731755567,0.5555555555555542,0.16666666666666666,0.33333333333333287,0.08333333333333333,0.9166666666666666,0.9166666666666666,0.9666666666666667,0.9444444444444443,-0.38368854659633905,0.38187638271615326,0.16666666666666666,1.4351851851851851,0.7566872427983539,0.6031811430501078,0.4444444444444324,0.8148148148148149,2.8703703703703702,0.43651447638344115,0.07998971193415638,44.850746268656714,0.6143667296786389,0.16529293829360658,1.6649617440129167,1.809950763522192,2.554921783972957,1.6237080084095008,0.8337595639967708,0.9754832186739976,57.972018457732744,0.9303558140138906,0.9216417910447762,0.5692868993237502,0.9698488942164537,1.6148083191199083,0.80860903799059,1.7826086956521738,4.5,5.673913043478261,4.206521739130435,0.8043478260869565,32.21739130434783,0.7003780718336484,0.8593037104133119,1.544086319108964,0.6881080582393988,1.6577963306986079,0.6865671641791045,2.378544423440453,2.54,0.5275590551181103,0.0565827578525284,0.5714285714285714,2.081753591786508,27.895522388059703,0.41635108041880153,0.6219648028514145,1.626865671641791,3.2686567164179103,4.432835820895522,2.9776119402985075,0.8432835820895522,0.6484245439469319,1.1409618573797677,0.525290215588723
2,1264,17,89.6,106.0,442812.0,0.8756633923230391,7.0,3.3365170411044676,108.0,4.696280991735537,100.13636363636364,102.0,85.0,23.0,2.9135802469135808,100.31903653299851,-1.1341119023576567,442812.0,0.5836776859504132,36.617768595041326,0.7575805926431695,46.2613253751201,43.56604182158393,30.5,35.04668229414198,110.36753236814747,3.618607618627786,44.0,0.17738362224364948,2.9333333333333336,0.03449907407407408,-0.021185185185185192,0.09138888888888888,0.02365467693463561,0.39880952380952395,0.15833333333333333,0.39162737663822583,0.0913888888888889,0.9208333333333334,0.9208333333333334,0.9683333333333334,0.9472222222222222,-0.04263102612910258,0.14577737881631683,0.15833333333333333,1.6708333333333334,0.78375,0.549960709971559,0.10119047619047604,0.8416666666666667,3.341666666666667,0.39162737663822583,0.06243055555555556,25.681818181818183,0.5061728395061729,0.2081611570247934,3.0172945021969775,1.9657592969670992,6.828006108670025,0.7501975940413675,0.4956763744507556,1.1203430103272425,36.869261958346726,0.9239120915410608,0.9034090909090909,0.6642146097965872,0.966512056107139,2.896424121974371,0.484034039640331,2.6666666666666665,6.0,22.333333333333332,1.9166666666666667,0.5833333333333334,18.40740740740741,0.6817558299039781,0.84375,2.125,0.5234375,1.7879432203108543,0.6136363636363636,3.3443072702331955,1.0306122448979593,0.4356435643564356,0.10433884297520662,0.4,2.1610896727583317,16.545454545454547,0.3760330578512397,0.7210743801652892,3.1136363636363638,3.8636363636363638,14.159090909090908,1.2897727272727273,0.4715909090909091,0.587121212121212,1.5643939393939392,0.34280303030303033
1,1260,10,177.2,194.8,1488145.0,0.15935006268563384,8.5,2.0583534768149607,197.0,5.22769064359113,185.93023255813952,185.0,174.0,23.0,3.79247015610652,186.0323177725149,-0.06949663690532075,1488145.0,0.9545700378583017,37.97187669010276,0.8470583535225086,58.87993442112008,48.33218389437829,31.0,49.87474030626726,105.8822509939088,3.4155564836744774,43.0,0.18640717010068647,3.925925925925926,0.023167200121932626,-0.025605852766346585,0.03292181069958846,0.0013206384343516923,0.6470588235294118,0.037037037037037035,0.16775277825854815,0.03292181069958847,0.9814814814814815,0.9814814814814815,0.9925925925925926,0.9876543209876543,-0.0050799682905479145,0.032301455958615916,0.037037037037037035,1.9814814814814816,0.9320987654320988,0.20478981529558507,0.01960784313725505,0.9629629629629629,3.9629629629629632,0.16775277825854815,0.01748971193415638,41.04651162790697,0.9232,0.022714981070849107,3.9190660760428204,2.072751322751323,8.210071367048112,0.5384213116771256,0.2702334809892949,0.5178863892313794,35.32010582010582,0.8951387139217827,0.8953488372093024,0.664570560734582,0.9508354460611406,3.7224078602873822,0.25794234250458004,3.88,5.8,23.08,1.48,0.28,14.84,0.5936,0.790625,3.0425,0.22765625,1.4815101887362578,0.5813953488372093,2.8415999999999997,0.3855421686746988,0.671875,0.06922660897782586,0.8,1.679805451370251,15.093023255813954,0.3510005408328826,0.6944294213088156,3.9302325581395348,4.069767441860465,16.209302325581394,1.0348837209302326,0.26744186046511625,0.5426356589147286,2.1007751937984493,0.15310077519379844
2,1383,31,197.0,232.0,1412721.0,1.2203756367520064,18.5,2.6341064219201504,241.0,11.161290322580646,213.0,212.0,185.0,56.0,7.628800000000001,213.4751628674641,-0.015230391124812555,1412721.0,0.5130072840790842,202.6451612903226,0.8288698691427383,46.28938588902052,40.01249804748511,16.5,38.367877224530154,86.0243866176396,5.213599188947855,31.0,0.1673883851006576,5.333333333333333,0.2962962962962961,-0.14814814814814797,0.2222222222222222,0.003423852841462186,0.5,0.25,-3.203426503814917e-16,0.0,0.875,0.875,0.975,0.9375,-0.4999999999999999,0.4616844764696359,0.25,2.2916666666666665,0.7638888888888888,0.4795739585136219,0.49999999999999967,0.7916666666666666,4.583333333333333,0.22957395851362197,0.11805555555555555,15.903225806451612,0.5266272189349113,0.3184183142559833,4.516589861751152,1.1482142857142859,5.466589861751152,0.3525425627240144,0.32540962621607783,1.3888578237346276,27.836904761904762,0.9339767573696146,0.9596774193548387,0.05788407029478458,0.9728670634920635,4.3683755760368665,0.31972868485805317,4.3076923076923075,1.6538461538461537,8.461538461538462,0.46474358974358976,0.344017094017094,19.0,0.7307692307692307,0.8792735042735043,3.6538461538461537,0.3185838081671415,1.7730114897389864,0.8387096774193549,0.23224852071005916,0.08881578947368421,2.2962962962962967,0.09806451612903226,5.935483870967742,2.087485941334674,17.70967741935484,0.5712799167533819,0.28303850156087407,4.580645161290323,2.032258064516129,10.96774193548387,0.5152329749103943,0.31989247311827956,0.7777777777777778,3.306451612903226,0.2750398247710076
2,1264,11,63.2,69.2,30939.0,-3.203426503814917e-16,2.5,2.442826000792708,71.0,2.081632653061224,66.42857142857143,67.0,62.0,9.0,1.1199999999999988,66.4820061584873,-0.011090819325910587,30939.0,1.0,7.102040816326529,0.39378909076897073,13.450790693431221,11.180339887498949,4.0,5.296774637290015,18.97056274847714,4.742640687119285,7.0,0.3737272055459292,1.0,0.0,0.0,0.0,0.0,1.0,0.0,-3.203426503814917e-16,0.0,1.0,1.0,1.0,1.0,0.0,0.0,0.0,1.0,1.0,-3.203426503814917e-16,1,1.0,2.0,-3.203426503814917e-16,0.0,7.0,1.0,0.0,1.0,1.3333333333333333,1.3333333333333333,1.3333333333333333,1.0,0.4333482810989023,5.222222222222221,0.8148148148148149,0.9047619047619048,0.0925925925925926,0.9166666666666666,0.9166666666666666,0.9166666666666666,1.0,2.6,2.6,2.6,1.0,3.4,0.68,0.8222222222222222,0.8222222222222222,0.8222222222222222,0.7219280948873616,0.7142857142857143,0.64,0.0,1000000.0,0.0,0.0,1.3787834934861747,3.0,0.42857142857142855,0.5306122448979591,1.0,3.0,3.0,3.0,1.0,0.6587301587301587,0.6587301587301587,0.6587301587301587
1,1260,8,109.0,122.2,533491.0,-3.203426503814917e-16,8.0,2.6341116626151795,123.0,4.102564102564105,116.84615384615384,118.0,104.0,19.0,3.15625,116.95835331542767,-0.748030359922365,533491.0,1.0,26.232741617357,0.6831932517455788,40.636715129616995,33.83784863137726,28.0,27.762729549661792,96.2253967444162,3.4366213123005784,39.0,0.19493698164905196,1.0,0.0,0.0,0.0,0.0,1.0,0.0,-3.203426503814917e-16,0.0,1.0,1.0,1.0,1.0,0.0,0.0,0.0,1.0,1.0,-3.203426503814917e-16,1,1.0,2.0,-3.203426503814917e-16,0.0,39.0,1.0,0.0,1.0,2.662269309637731,2.662269309637731,2.662269309637731,1.0,0.4112599690636728,29.49172932330827,0.8570306662075557,0.858974358974359,1.0528896255739082,0.9326413215804663,0.9326413215804663,0.9326413215804663,1.0,11.705882352941176,11.705882352941176,11.705882352941176,1.0,7.0,0.4117647058823529,0.6551021241830065,0.6551021241830065,0.6551021241830065,1.6627992560224776,0.4358974358974359,6.442906574394463,0.0,1000000.0,0.0,0.0,1.564232762662046,13.35897435897436,0.3425378040762656,0.6245890861275476,1.0,5.153846153846154,5.153846153846154,5.153846153846154,1.0,0.3888888888888889,0.3888888888888889,0.3888888888888889
2,1264,33,57.300000000000004,104.9,297164.0,1.862821447599533,27.5,3.027304725789763,117.0,16.3968253968254,81.66666666666667,82.0,26.0,91.0,11.26171875,84.11500064395966,-0.580488314081353,297164.0,0.2925170068027211,405.8888888888888,0.6152094672686454,50.646488868271625,41.97618372363071,30.0,31.158199435676767,103.88225099390881,3.4627416997969602,42.0,0.18690641509775788,9.5625,2.7277603149414062,-0.103271484375,1.216796875,0.03533635676492819,0.718199608610567,0.28125,0.4943497041442483,0.123046875,0.859375,0.859375,0.9834558823529411,0.94375,-0.5944484757008676,0.7970444419307763,0.28125,3.015625,0.3310546875,1.8948585007312393,0.7274148748500715,0.375,6.03125,1.6136085007312402,0.37451171875,12.285714285714286,0.2745638200183655,0.8480725623582765,8.506845238095238,1.244642857142857,10.44702380952381,0.2654348544973545,0.22825107473544973,2.070125998865503,36.957142857142856,0.9235969387755103,0.9464285714285714,0.10901785714285712,0.9668650793650794,8.234350198412699,0.22317139963624338,8.575757575757576,2.0606060606060606,17.09090909090909,0.40319865319865317,0.24347643097643096,22.636363636363637,0.6859504132231405,0.8537457912457912,7.348695286195286,0.22143308080808083,2.691318832861383,0.7857142857142857,0.44077134986225897,0.43918918918918926,0.32307692307692304,1.308128775985919,1.650793650793651,2.936096959475658,21.0,0.5,0.3877551020408163,8.476190476190476,2.4285714285714284,19.952380952380953,0.44179894179894186,0.2238756613756614,0.7222222222222222,6.189153439153439,0.18188749265138154
2,1380,37,132.0,167.8,1653297.0,1.3051354357190268,28.0,1.8962419911310586,184.0,13.48132857947082,149.7123287671233,148.0,119.0,65.0,10.979603562194773,150.49220614234162,0.11905653958097796,1653297.0,0.44905235503846874,234.12272471382997,0.5734534214558868,99.87376371786598,68.59300255857006,48.5,57.27295151768707,186.007142674937,3.835198818039938,73.0,0.13272299699773127,6.9375,0.8709828125000003,0.0553125,0.666875,0.006150116832940464,0.587662337662337,0.1875,0.502081263000829,0.114375,0.90625,0.90625,0.9889705882352942,0.9625000000000001,-0.48414211175559696,0.676186590139928,0.1875,2.59375,0.4740625,1.376283578558463,0.6709956709956699,0.6000000000000001,5.1875,1.1887835785584635,0.21359375,32.78082191780822,0.4311111111111111,0.359166823043723,6.622439953732054,1.8329222517066976,10.576067111201834,0.3931292903691608,0.2021747871825694,1.6429027581599436,58.69483568075117,0.8870771349651058,0.9006849315068494,0.5521121802335872,0.9521746958529722,6.295783023959847,0.1939783420675929,7.066666666666666,5.622222222222222,29.444444444444443,1.248456790123457,0.20092592592592592,27.933333333333334,0.6207407407407407,0.8124521604938271,5.780209876543211,0.1689352280521262,2.4882005105119864,0.6164383561643836,2.9906172839506175,0.31549295774647884,0.32589285714285715,0.6383382518237225,1.7168949771689497,2.7298744136321056,26.17808219178082,0.3586038656408332,0.7386001125914805,6.506849315068493,3.958904109589041,23.273972602739725,0.805365296803653,0.2026255707762557,0.5727739726027398,3.98601598173516,0.1183726534753932
2,1380,21,199.1,223.3,2562419.0,0.8892725208583867,12.0,2.9627967689719314,236.0,7.979191438763376,209.94827586206895,209.0,188.0,48.0,5.353497164461247,210.1895285951098,0.357297311197113,2562419.0,0.6747919143876338,101.35939357907253,0.8786196587843021,91.53957639869598,67.35725647619564,38.0,80.42847138068181,147.3797256769673,3.8784138336044025,58.0,0.1482719456553555,3.830769230769231,0.7013445187493439,-0.28690213928083774,0.33159763313609475,0.005985451091338991,0.8204419889502759,0.09615384615384617,0.24030915118071855,0.059171597633136105,0.9519230769230769,0.9519230769230769,0.9903846153846154,0.9759615384615385,-0.2855977102652839,0.348445156517991,0.09615384615384617,1.9403846153846154,0.7535798816568048,0.6939309540923686,0.3558330935937914,0.8346153846153845,3.8807692307692307,0.5977771079385226,0.10693786982248522,39.13793103448276,0.610803324099723,0.1893579072532699,4.163231064882009,1.3518980809546848,5.4833705585120684,0.4254427563953246,0.31560502860948353,1.3915389931665874,42.86271273450519,0.8188908018931134,0.9008620689655171,0.11667378932520292,0.9226084502499596,3.875528073429017,0.290791339285181,4.342105263157895,3.0526315789473686,12.078947368421053,0.9422514619883041,0.31067251461988304,19.42105263157895,0.5110803324099723,0.7362938596491229,3.4057017543859645,0.21514071637426904,2.1799031519605476,0.6551724137931034,0.7229916897506925,0.3792613636363636,0.4344569288389514,0.2652138850089403,0.9341692789968653,2.341719405944008,20.379310344827587,0.3513674197384067,0.6813317479191437,4.120689655172414,3.896551724137931,15.086206896551724,1.1949233716475096,0.3156130268199234,0.5542385057471265,2.492816091954023,0.1653795498084291
2,1380,41,74.6,114.7,1011590.0,1.4882770239976835,20.25,4.457434201933666,125.0,13.769970414201186,97.09615384615384,103.0,41.0,84.0,9.133848899464605,98.62467704929088,-1.159859091932937,1011590.0,0.4336168639053254,299.16383136094674,0.6839164941679737,158.63523959080962,112.76967677527502,63.5,108.49325691244307,273.345237791562,4.304649414040346,104.0,0.10334281388516593,11.898809523809524,21.670515959182715,-3.8787666356225015,2.693416950113379,0.006383838401797906,0.7447222522885395,0.26488095238095233,0.8379420663463025,0.23720946712018143,0.8779761904761905,0.8738095238095238,0.987905772388531,0.9573412698412699,-0.5699031385964567,0.8698463744715752,0.21019345238095238,3.355654761904762,0.32246935232426305,2.0554378564259292,0.8698677935330027,0.47619047619047616,6.711309523809524,1.8218069040449776,0.7551994756235827,45.09615384615385,0.41412742382271467,0.6323039940828402,12.50331117295403,1.3487839799951602,17.364488384286524,0.16174050005377644,0.12646397270297374,1.7751931382633688,87.95316183126742,0.9061513326665585,0.9326923076923076,0.1959834955583067,0.9613454943969792,12.011369813808995,0.12134117304092365,12.342105263157896,2.8421052631578947,37.93421052631579,0.31412280701754386,0.12817616959064326,48.921052631578945,0.6436980609418282,0.8292443347953217,10.200292397660819,0.10396278148351203,2.4934661228328325,0.7307692307692307,0.9695290858725762,0.12292776791000591,0.37567730282962075,0.9066421205157761,2.701465201465201,2.790290985999341,45.84615384615385,0.4408284023668639,0.47928994082840237,12.548076923076923,2.8461538461538463,36.91346153846154,0.3393269230769231,0.1259188034188034,0.6666666666666666,8.230235042735043,0.08362149810066476
2,1383,27,97.7,118.30000000000001,361894.0,0.5665095065529047,12.75,2.2621302545624973,122.0,6.760000000000001,109.53333333333333,111.5,93.0,29.0,4.916666666666667,109.83229640380526,-0.4762723441120413,361894.0,0.768888888888889,65.58222222222223,0.5918570368273314,51.88849840702147,37.8021163428716,17.5,30.71057291259944,80.12489168102789,4.578565238915879,30.0,0.18507872582624244,3.8125,0.328125,-0.1875,0.1875,0.0,0.9999999999999998,0.0,-3.203426503814917e-16,0.0,1.0,1.0,1.0,1.0,-0.24999999999999994,0.2239707756085258,0.0,1.9375,0.90625,0.2028195311147828,0.24999999999999956,0.9375,3.875,0.2028195311147828,0.046875,23.066666666666666,0.78125,0.11555555555555555,3.6031167108753315,1.192970822281167,4.288461538461538,0.4190981432360742,0.34922082228116713,0.8697694709912247,25.109416445623342,0.884970695635655,0.9416666666666667,0.05751465218217254,0.9517572944297082,3.43178050397878,0.3317514920424403,3.625,1.8333333333333333,6.583333333333333,0.6458333333333334,0.34375,15.75,0.65625,0.8379629629629629,3.0706018518518516,0.27980324074074076,1.4082226755786862,0.8,0.2708333333333333,0.0,1000000.0,0.0,0.0,1.7818395686836443,14.466666666666667,0.4822222222222222,0.4488888888888889,3.6,2.6,9.4,0.9,0.35,0.711111111111111,2.594444444444444,0.24027777777777776
2,1380,35,87.0,111.0,590552.0,0.9629004147713262,16.75,2.026603674304614,119.0,8.351716961498438,97.12903225806451,93.0,82.0,37.0,6.672799999999999,97.59627174264659,0.4979375442256109,590552.0,0.5254942767950052,90.98335067637875,0.8954110735189659,80.61001169831577,63.788713735268246,36.0,72.17909711116532,166.4924240491756,4.624789556921545,62.0,0.127750234476639,1.84375,0.8478710033275465,0.28584346064814836,0.6245659722222223,0.007653318116209593,0.9365079365079358,0.03125,0.13589111079989868,0.02734375,0.984375,0.984375,0.99375,0.9895833333333334,-0.6129665271876713,0.6453435548462091,0.03125,1.2864583333333333,0.6447482638888888,0.8150532551857964,0.6865079365079357,0.7291666666666666,2.5729166666666665,0.7838032551857965,0.16395399305555555,32.58064516129032,0.5273879583521955,0.23725286160249742,2.1625139471866532,1.2189349662610915,2.622013973752723,0.8681652143881834,0.7093715132033367,1.295983944054478,51.11540389281476,0.8793990610625697,0.935483870967742,0.07256265734029661,0.9500555304653786,2.052428212575787,0.6744623599377764,2.148936170212766,2.0851063829787235,4.382978723404255,1.5106382978723405,0.7127659574468085,27.680851063829788,0.5889542779538253,0.788563829787234,1.6502659574468086,0.5731382978723404,1.8918953276919273,0.7580645161290323,0.34495246717971934,3.1000000000000005,1.0,0.03225806451612903,1.0,2.1759332142068333,28.806451612903224,0.46462018730489074,0.4110301768990634,2.161290322580645,2.7096774193548385,5.612903225806452,1.9838709677419355,0.7096774193548387,0.6537858422939068,1.3795922939068102,0.472334229390681
2,1263,19,176.6,230.60000000000002,1655624.0,1.7748178530551615,37.5,1.9869693803632063,240.0,18.91387245233399,204.87179487179486,209.0,159.0,81.0,14.869927159209157,206.03858239634982,-0.3340579811619307,1655624.0,0.3228139381985536,479.44510190664033,0.7796154130609231,56.34018376617631,42.20189569201838,23.0,43.92367563879586,103.9238815542514,4.518429632793539,39.0,0.1635887714096252,6.166666666666666,2.353587962962963,-0.22685185185185147,0.7013888888888888,0.004585377366442456,0.9599999999999997,0.041666666666666664,0.16250560541208817,0.034722222222222224,0.9791666666666666,0.9791666666666666,0.9975490196078431,0.9916666666666667,-0.3986071372765704,0.45677871784957735,0.041666666666666664,2.395833333333333,0.704861111111111,0.7508145836939106,0.4999999999999988,0.75,4.791666666666666,0.7091479170272441,0.18576388888888887,12.58974358974359,0.32666666666666666,0.715318869165023,8.108122635018919,1.226156690746474,9.866916064671482,0.2559248449623514,0.21667870059817299,2.0438862643885254,32.43562951496388,0.8850400979557902,0.9358974358974359,0.07715587694803086,0.9511768766960975,7.699288475136644,0.2087961768528074,8.033333333333333,2.1666666666666665,16.933333333333334,0.43217592592592596,0.22893518518518519,19.8,0.66,0.8391203703703703,6.516666666666667,0.20567772633744855,2.572253928364924,0.7692307692307693,0.4766666666666667,0.05236486486486487,2.5161290322580645,0.23721943009601815,10.735042735042734,2.9573512568245217,18.128205128205128,0.4648257725180802,0.5575279421433268,8.102564102564102,2.8461538461538463,21.743589743589745,0.5461182336182336,0.213497150997151,0.6960470085470085,5.465099715099715,0.165781299461855
0,1382,25,128.1,153.0,809927.0,0.9133533657970405,16.25,2.3578976683862423,161.0,8.428571428571429,138.5,136.0,118.0,43.0,6.315886134067954,138.8667569667996,0.34621131063567556,809927.0,0.6473922902494331,101.72619047619048,0.8849256836209101,45.591957499808586,45.39823785126467,31.0,40.34549415813358,102.22539674441624,3.297593443368266,42.0,0.19307541374490408,3.6944444444444446,0.8941901005944212,0.23010973936899834,0.7299382716049383,0.0047646042544001715,0.7339901477832504,0.08333333333333333,0.32501121082417667,0.06944444444444445,0.9583333333333333,0.9583333333333333,0.9916666666666667,0.9791666666666666,-0.5932726056977438,0.7062387430854874,0.08333333333333333,1.8472222222222223,0.5239197530864197,1.1443901718878866,0.7339901477832504,0.6111111111111112,3.6944444444444446,1.0610568385545536,0.2033179012345679,27.19047619047619,0.6192,0.20011337868480722,4.721164021164021,1.8986111111111112,8.537136243386243,0.49335225602586713,0.2623530276308054,1.22546906604991,34.00370370370371,0.8726834705075446,0.8988095238095238,0.5180478395061728,0.9381076388888889,4.418212632275132,0.24529332469870663,4.88,4.96,21.56,1.2988888888888888,0.25222222222222224,12.28,0.4912,0.713125,3.5225,0.16633680555555552,2.129432036254816,0.5952380952380952,2.1376000000000004,0.23437500000000003,0.7,0.2498866213151928,1.7619047619047619,2.299932807382293,15.333333333333334,0.36507936507936506,0.5351473922902494,4.690476190476191,3.8095238095238093,16.928571428571427,1.0324074074074074,0.26256613756613756,0.5092592592592593,2.4775132275132274,0.123015873015873
2,1383,33,160.6,189.4,1217220.0,1.3328985951405676,11.0,3.6588212584590574,207.0,8.78895463510848,176.25641025641025,176.0,146.0,61.0,5.2965660770031215,176.66569907814372,0.14908452643990625,1217220.0,0.4621959237343853,144.44707429322813,0.672745298274315,55.77925796129424,42.20189569201838,21.5,37.525233534690855,106.9949493661169,4.976509272842646,39.0,0.15362464220554375,6.8125,0.4423828125,0.0703125,0.421875,0.006428519249032069,0.36666666666666653,0.3125,0.2028195311147828,0.046875,0.84375,0.84375,0.9816176470588236,0.9375,-0.5416131459490814,0.5953699458415778,0.3125,2.59375,0.5859375,0.9374999999999992,0.6166666666666664,0.625,5.1875,0.6249999999999993,0.18359375,18.025641025641026,0.455078125,0.37606837606837606,7.51800358050358,1.1435810810810811,8.500548625548625,0.20258218956135624,0.1780263837555504,1.5727128441850544,33.98310810810811,0.9106733422611801,0.9551282051282051,0.04466332886940995,0.9641047297297298,7.272367319242319,0.17188743230409897,7.625,1.65625,12.125,0.2912326388888889,0.1792534722222222,21.0625,0.658203125,0.8359375,6.5,0.15125868055555555,2.093445909665796,0.8205128205128205,0.1708984375,0.16216216216216217,0.5416666666666666,0.6665201465201465,3.3076923076923075,2.2145145677633247,21.05128205128205,0.539776462853386,0.23011176857330704,7.487179487179487,2.076923076923077,14.871794871794872,0.36146723646723644,0.1777065527065527,0.7307692307692307,5.641025641025641,0.13176638176638178
2,1383,21,195.0,220.0,1326851.0,1.0910034050828816,11.5,3.8523104289132153,236.0,7.962539021852239,206.61290322580646,206.0,185.0,51.0,5.0016,206.88558471118844,0.6457916190044577,1326851.0,0.5587929240374611,112.75338189386056,0.7043995566248807,50.201167361764725,38.48376280978771,19.0,35.3616800316785,81.29646455628172,4.27876129243588,31.0,0.19006846756141435,3.708333333333333,0.03902633101851851,-0.04195601851851848,0.10243055555555558,0.017052129837870498,-0.5857142857142851,0.6458333333333334,0.43239348962840507,0.10243055555555555,0.6770833333333333,0.6770833333333333,0.9354166666666666,0.8385416666666666,-0.5305102366052129,0.5970033339935104,0.6458333333333334,1.9270833333333333,0.5234375,1.0782268229617382,0.5857142857142853,0.6041666666666666,3.8541666666666665,0.43239348962840507,0.1870659722222222,17.322580645161292,0.5059171597633136,0.2643080124869927,3.6295387732401077,1.1320812807881773,4.157863896392818,0.4504762787577025,0.4174559585606582,1.3036864970499726,27.479679802955665,0.9200637300104346,0.9596774193548387,0.03996813499478269,0.9669796798029557,3.4974574924519306,0.40920087851139714,3.576923076923077,1.5769230769230769,5.884615384615385,0.5854700854700854,0.4412393162393162,17.923076923076923,0.6893491124260355,0.8557692307692307,3.0,0.4051816239316239,1.7665676051605557,0.8387096774193549,0.15532544378698226,0.5394736842105263,0.3780487804878049,0.5901619082931652,0.956989247311828,1.7964442003245926,17.451612903225808,0.562955254942768,0.218522372528616,3.6451612903225805,1.967741935483871,7.516129032258065,0.6523297491039426,0.4103942652329749,0.7580645161290323,2.6774193548387095,0.34991039426523296
2,1264,21,142.5,189.0,1540093.0,1.9090362215061274,30.0,2.9442034180105177,222.0,16.253188775510203,164.58928571428572,162.5,122.0,100.0,11.71358024691358,165.83624668414836,0.43080058389124376,1540093.0,0.3022959183673469,412.02774234693874,0.6204458214585682,60.3172102537853,42.44997055358225,41.0,37.423561063998996,135.68124086713226,3.309298557734933,56.0,0.1672927243284604,7.721014492753622,6.273331866892138,0.30117135299185177,1.3806973324931737,0.021137026239067054,0.6868996586488845,0.2753623188405797,0.706071044251195,0.17254778407897503,0.8623188405797101,0.8623188405797101,0.9894091415830546,0.9541062801932367,-0.28452940432963075,0.5463338941941039,0.2753623188405797,2.681159420289855,0.42622348246166775,1.7242614011023307,0.544393477754334,0.49275362318840576,5.36231884057971,1.4488990822617516,0.41401491283343833,16.928571428571427,0.2938856015779093,0.8877551020408163,10.31150262313053,1.3424477331454077,13.942275467856863,0.19507432746935333,0.14981589691053515,2.2440863375124787,45.29246730874638,0.867253325370535,0.9196428571428571,0.12153829134393748,0.9402278599953019,9.707426983008377,0.1418102183549535,10.35897435897436,2.5641025641025643,26.615384615384617,0.3650925925925926,0.15282763532763532,20.58974358974359,0.5279421433267587,0.7514245014245015,7.89031339031339,0.1175201804368471,3.010407801732312,0.6964285714285714,0.502301117685733,0.3051242236024844,0.2849872773536896,2.2515109946498493,2.169642857142857,3.2212004981615783,22.535714285714285,0.4024234693877551,0.47959183673469385,10.321428571428571,3.1785714285714284,32.57142857142857,0.44152281746031746,0.14828869047619045,0.5942460317460317,6.2271825396825395,0.09175705467372133
2,1270,23,107.5,143.0,868158.0,1.3328256541556285,18.0,2.5422792327231596,155.0,11.028061224489798,123.78571428571429,122.0,95.0,60.0,7.820247933884298,124.51032659410797,0.34760791734972857,868158.0,0.45025510204081637,179.91836734693882,0.7053205180338503,103.2036645332803,71.58910531638176,36.0,72.79166213160497,145.13708498984795,4.031585694162443,56.0,0.1465472881197383,6.8,1.4507907407407408,0.08918518518518523,0.7538888888888888,0.011654215257531584,0.4053030303030303,0.31666666666666665,0.7091601854852911,0.1738888888888889,0.8416666666666667,0.8416666666666667,0.9813725490196079,0.9366666666666665,-0.3081891211878759,0.44961734343939946,0.31666666666666665,2.5666666666666664,0.5408333333333333,1.151233898685782,0.41287878787878723,0.65,5.133333333333333,0.8345672320191154,0.26763888888888887,25.214285714285715,0.4134443783462225,0.39158163265306123,6.581818181818182,1.4161616161616162,8.481313131313131,0.29708368406285074,0.19956684904601568,1.578100137418148,48.427441077441074,0.922587717806573,0.9330357142857142,0.2417925608497999,0.9671694725028058,6.391783950617284,0.19299010942760947,7.0,2.926829268292683,15.804878048780488,0.6448170731707317,0.19359756097560976,28.658536585365855,0.6989886972040452,0.8580216802168023,6.1576964769647695,0.1657249322493225,2.2669058369941175,0.7321428571428571,1.0612730517549078,0.5021186440677966,0.2362869198312236,1.1480406082887702,1.3142857142857143,2.495365986794281,25.285714285714285,0.45153061224489793,0.534438775510204,6.464285714285714,2.892857142857143,15.642857142857142,0.6298363095238094,0.20126488095238096,0.6855158730158729,4.804563492063492,0.1338045634920635
0,1285,31,117.6,158.8,872222.0,1.5493775628386226,27.5,2.091500835815726,174.0,14.767982693347752,141.3953488372093,147.0,107.0,67.0,11.07070707070707,142.42272486558994,-0.36621931583846584,872222.0,0.34883720930232553,291.5878853434289,0.4588866244322643,57.96816330002898,48.82622246293481,22.5,26.600814781288566,119.37972567696725,5.305765585642989,43.0,0.1408528420872223,2.9166666666666665,1.423032407407408,0.31481481481481566,0.701388888888889,0.04040454858621813,0.14156626506024117,0.625,0.24999999999999958,0.0625,0.6875,0.6875,0.9374999999999999,0.84375,-0.601607068185199,0.7020740563839587,0.625,1.6458333333333333,0.5034722222222222,1.2397869792568104,0.7499999999999994,0.5208333333333333,3.2916666666666665,0.6147869792568106,0.3315972222222222,15.0,0.34911242603550297,0.6014061654948621,5.266022978959025,1.074107142857143,5.696380121816168,0.3964443367786391,0.3697330272548296,1.6619035369998545,40.12440476190476,0.9536911848072562,0.9767441860465116,0.02315440759637188,0.9814732142857143,5.15843369324474,0.36305519987387724,5.230769230769231,1.3076923076923077,7.0,0.48290598290598286,0.3696581196581196,31.82051282051282,0.8159105851413544,0.9230769230769231,4.788461538461538,0.34134615384615385,2.01851285361505,0.9069767441860465,0.0920447074293228,0.7327235772357724,0.3578363384188627,0.4628836566821063,0.8962432915921288,2.23071393505929,29.976744186046513,0.6971335857220119,0.15143320713899405,5.27906976744186,1.558139534883721,8.488372093023257,0.5749354005167958,0.3695090439276486,0.8604651162790697,4.476744186046512,0.31815245478036175
2,1270,29,116.2,159.4,1458947.0,1.7620021026149046,22.0,4.244319709048919,198.0,14.47808619430241,139.09459459459458,138.5,86.0,112.0,9.155172413793103,140.41189408308685,0.37413546121448277,1458947.0,0.34806428049671295,368.1937545653761,0.9613919676456535,94.45565506742156,79.30952023559341,41.5,90.80890808052756,201.26197667087635,4.849686184840394,74.0,0.11346639231798503,9.791666666666666,2.7471064814814814,0.3796296296296294,0.8402777777777777,0.01618610941109115,-0.02727272727272713,0.5416666666666666,0.7091479170272441,0.1736111111111111,0.7291666666666665,0.7291666666666665,0.9791666666666666,0.9097222222222221,-0.4719900823695416,0.699518790602164,0.5416666666666666,3.1041666666666665,0.3784722222222222,1.6989348962840545,0.6910833723470563,0.49999999999999994,6.208333333333332,1.1572682296173884,0.3454861111111111,25.756756756756758,0.32966023875114786,0.6844411979547115,10.554842719983565,1.1024228705566734,11.497020788394028,0.14648045557713987,0.13412553904088528,1.928282106777129,67.91319025262688,0.9457711910357243,0.9695945945945946,0.03738022475589308,0.9783066454281243,10.354509470486583,0.13147151691429862,10.666666666666666,1.4545454545454546,14.848484848484848,0.18971380471380472,0.13510521885521887,54.93939393939394,0.832415059687787,0.9289772727272727,10.004734848484848,0.12618792087542088,2.2844486637640413,0.8918918918918919,0.19742883379247017,0.39292279411764713,0.17309941520467834,2.327015980132721,1.5444015444015444,2.5736020545279907,50.351351351351354,0.6804236669101534,0.3192111029948868,10.513513513513514,1.864864864864865,18.45945945945946,0.23714714714714716,0.13373123123123123,0.8518205705705706,9.139358108108109,0.1154368952285619
1,1258,7,183.3,201.7,74377.0,0.9999999999999993,11.5,1.0,204.0,11.5,192.5,192.5,181.0,23.0,nan,192.84320055423265,0.0,74377.0,0.5,132.25,0.0,5.65685424949238,3.605551275463989,1.0,0.0,5.6568542494923815,5.6568542494923815,2.0,0.62665706865775,nan,nan,nan,nan,0.0,nan,nan,nan,nan,nan,nan,nan,nan,nan,nan,nan,nan,nan,nan,nan,nan,nan,nan,nan,1.0,0.5,0.25,2.5,1.0,2.5,0.625,0.625,0.9999999999999993,2.0,1.0,1.0,0.0,1.0,2.5,0.625,2.5,1.0,2.5,0.625,0.625,2.0,1.0,1.0,2.5,0.625,0.9999999999999993,1.0,0.0,0.0,1000000.0,0.0,0.0,0.9999999999999993,2.0,1.0,0.0,2.5,1.0,2.5,0.625,0.625,1.0,2.5,0.625
2,1263,45,70.0,106.40000000000003,426507.0,1.3867250063989118,14.75,3.7328367583336703,116.0,10.879310344827585,84.5,83.5,43.0,73.0,7.083333333333333,85.75295310085386,0.23947759036521157,426507.0,0.46730083234244957,213.31896551724137,0.749204660431135,119.61374013412086,85.14693182963201,32.0,89.61517156008205,158.4924240491756,4.952888251536738,58.0,0.1265235629863679,8.583333333333332,0.2962962962962961,-0.14814814814814797,0.2222222222222222,0.0,0.9999999999999998,0.0,-3.203426503814917e-16,0.0,1.0,1.0,1.0,1.0,-0.2499999999999999,0.2292161027115875,0.0,2.9166666666666665,0.8888888888888888,0.22957395851362197,0.24999999999999975,0.9166666666666666,5.833333333333333,0.22957395851362197,0.05555555555555555,27.103448275862068,0.4192708333333333,0.4090368608799049,9.022727272727273,1.1592953342953343,10.388203463203464,0.16590337067767622,0.14630994969536637,1.6649613687767741,50.46806156806157,0.9131985970934985,0.9525862068965517,0.056517985403868036,0.9653201993479772,8.72765452140452,0.14198315366332342,9.104166666666666,1.75,15.541666666666666,0.24146412037037038,0.14945023148148148,35.541666666666664,0.7404513888888888,0.8819444444444445,8.119791666666666,0.13416280864197533,2.1542141540480477,0.8275862068965517,0.2899305555555556,0.0,1000000.0,0.0,0.0,2.3753074251397663,31.896551724137932,0.5499405469678954,0.40784780023781214,9.0,2.310344827586207,20.275862068965516,0.3051963601532567,0.1452346743295019,0.7681992337164751,7.043103448275862,0.11588707960834398
1,1261,24,145.6,219.4,3950029.0,2.2403106679693434,45.5,5.275533353522607,240.0,24.489089753548466,179.6890756302521,178.0,40.0,200.0,18.349030470914126,182.1908916724526,-0.6868841060439497,3950029.0,0.23141021114328084,905.3571075489017,0.659352991763188,135.29663833483056,88.54377448471462,90.0,89.20824326157255,285.4629867976529,3.1718109644183654,119.0,0.11780843350534186,45.034090909090914,27.77142540253525,0.47693502518296715,3.945307621671258,0.020940536372730013,0.8389263829348987,0.35909090909090907,0.8368651050732399,0.19623507805325988,0.8204545454545453,0.8204545454545453,0.9956208425720621,0.9640909090909091,-0.6703414939606458,0.9465902212295246,0.35909090909090907,6.621969696969697,0.25358815426997244,2.3396869877382604,0.9829942497387099,0.39848484848484844,13.243939393939394,1.9805960786473524,1.0760996326905419,27.537815126050422,0.22663306028145347,1.6251677141444814,46.57170922298042,2.1689194556364786,101.3483928930318,0.060962452747593515,0.03344853781808291,2.527884693438995,96.85440668395717,0.8967847898038781,0.8928571428571429,0.7821692512441227,0.9534120186555947,44.26829680150667,0.032384095776920946,45.44927536231884,6.333333333333333,295.05797101449275,0.16451830034214437,0.03860384921547793,39.11594202898551,0.5668977105650074,0.7792581295803346,34.68185595977521,0.03340638190998353,3.3062310301652467,0.5798319327731093,3.3589582020583912,0.21173939766441305,0.17271407837445574,3.7435931994356118,4.605042016806723,3.638210099938051,41.285714285714285,0.3469387755102041,0.693877551020408,46.9327731092437,4.142857142857143,201.08403361344537,0.10326847670285046,0.03198535498855627,0.5317460317460317,24.062558356676004,0.021189283326499324
2,1380,19,189.6,229.8,2362421.0,1.4527681372426113,18.0,4.144501617376181,235.0,12.422926308294766,210.50943396226415,214.0,156.0,79.0,7.7560975609756095,211.12551037730015,-0.9649872617909208,2362421.0,0.43681025275898894,259.7593449626201,0.9616589378098198,86.98039081842437,69.63476143421474,33.5,83.64547024472898,138.30865786510185,4.128616652689607,53.0,0.14834672689699885,9.053571428571427,4.139229910714285,0.020089285714286143,1.5401785714285712,0.00984257698189333,0.7376344086021503,0.23214285714285715,0.7804366908593057,0.17793367346938777,0.8839285714285714,0.8839285714285714,0.9863445378151261,0.9535714285714285,-0.5677655289304164,0.8704490801751957,0.23214285714285715,2.9375,0.31345663265306123,1.974756925159981,0.8666666666666643,0.4642857142857143,5.875,1.7426140680171245,0.4430803571428571,23.150943396226417,0.4700854700854701,0.44713421146315413,8.913095238095238,1.3247619047619046,12.596666666666668,0.18618791803933316,0.1504008810022961,1.6843946512044852,45.04238095238095,0.8992376417233561,0.9339622641509435,0.1457609977324263,0.9554232804232805,8.53172619047619,0.1440639835890098,8.666666666666666,2.4358974358974357,24.743589743589745,0.3178418803418804,0.15616096866096865,23.256410256410255,0.5963182117028271,0.7987464387464387,6.9715384615384615,0.1269832225387781,2.293484495619548,0.7358490566037735,0.5890861275476661,0.24331103678929766,0.3642611683848797,0.9036037122906632,2.1455525606469004,2.603307704657362,23.71698113207547,0.44749021003915984,0.4001423994304023,9.0,2.7358490566037736,26.88679245283019,0.3609800838574423,0.1484538784067086,0.649895178197065,5.723270440251572,0.10158251805264384
2,1383,39,91.4,137.2,451092.0,1.5699687980109553,29.0,1.7296342167205425,140.0,14.991020408163266,112.22857142857143,109.0,84.0,56.0,11.901234567901234,113.52683760742593,0.1697962526173688,451092.0,0.3404081632653061,293.090612244898,0.7878844349278837,56.78632326646018,42.15447781671598,19.5,44.74106021842711,95.09545442950512,4.876689970743852,35.0,0.16461237450002153,3.888888888888889,3.950617283950617,-0.19753086419753063,1.1851851851851851,0.0,0.9999999999999996,0.0,-3.203426503814917e-16,0.0,1.0,1.0,1.0,1.0,-0.6666666666666662,0.6318785692715759,0.0,1.8888888888888886,0.6296296296296297,0.8344194449252146,0.666666666666666,0.6666666666666666,3.7777777777777772,0.8344194449252146,0.2962962962962963,11.914285714285715,0.3388822829964328,0.5991836734693878,4.760832457983193,1.1783088235294117,5.45063025210084,0.4957326680672269,0.41925442051820727,1.795405905707444,30.452205882352942,0.913461018598616,0.95,0.06524214695069204,0.9641033496732027,4.6231052316760035,0.4023049975198413,4.896551724137931,1.8275862068965518,8.10344827586207,0.7567049808429118,0.40900383141762453,21.896551724137932,0.7550535077288941,0.8900862068965517,4.482758620689655,0.34632423371647514,2.1249333756040745,0.8285714285714286,0.37098692033293695,0.0,1000000.0,0.0,0.0,2.5790435607683535,19.4,0.5542857142857143,0.5257142857142857,4.714285714285714,2.4857142857142858,10.485714285714286,1.0253968253968253,0.42063492063492064,0.772420634920635,3.846825396825397,0.305406746031746
2,1380,25,141.0,175.0,1509010.0,1.4327750609388532,18.0,3.9141568733496843,188.0,11.550120935232464,156.55737704918033,156.0,110.0,78.0,8.180699730872739,157.2827671821011,-0.6394327720480024,1509010.0,0.4549852190271433,227.6565439398011,0.9084670940256533,78.87143890558195,60.60528029800704,34.5,71.6521069041759,164.73506473629493,4.77492941264623,61.0,0.12639457346161195,7.833333333333334,1.6162666666666667,-4.3021142204224816e-16,0.8866666666666666,0.014521039205924723,0.06743969079035056,0.5333333333333333,0.7527936308491294,0.25555555555555554,0.75,0.7433333333333333,0.9645098039215687,0.8966666666666667,-0.5846093140627653,0.7864499939200857,0.4458333333333333,2.75,0.3394444444444445,1.7405380059573021,0.8333333333333323,0.4083333333333333,5.5,1.1572046726239695,0.38,27.75409836065574,0.4561042524005487,0.4428916957807042,8.456415348284384,1.1168484112092036,9.248257607351103,0.18650639510798778,0.1663067538120731,1.6390963951896056,54.501835389174275,0.9264755960511327,0.9631147540983607,0.03676220197443359,0.970787897197699,8.258454783517704,0.16125684348809446,8.592592592592593,1.462962962962963,11.74074074074074,0.24575617283950618,0.16602366255144035,44.7037037037037,0.8278463648834019,0.9254115226337448,8.073045267489713,0.15352080475537266,1.9445005560638888,0.8852459016393442,0.18689986282578874,0.38839285714285715,0.23371647509578544,1.143376068376068,1.19672131147541,2.2705624179939643,40.540983606557376,0.6646062886320881,0.40472991131416286,8.39344262295082,2.081967213114754,15.672131147540984,0.3550774134790528,0.1665528233151184,0.8387978142076502,7.28415300546448,0.13915452337583484
1,1361,18,155.5,194.0,1741882.0,1.2181843259769347,17.25,3.126876979545661,198.0,11.482142857142858,175.75,177.0,136.0,62.0,7.644628099173554,176.36619776557444,-0.656778544342284,1741882.0,0.4700255102040816,216.97321428571425,0.8739039275733104,86.52288967028338,67.11929677819934,32.0,75.61269310785285,151.17871555019076,4.724334860943461,56.0,0.13264450702645686,7.391666666666666,0.8210175925925924,-0.4042962962962961,0.6669444444444445,0.007433832908163265,0.547619047619047,0.175,0.4304820237218401,0.10250000000000001,0.9125,0.9125,0.9825,0.95625,-0.5921273491598376,0.7160530422478942,0.175,2.695833333333333,0.4765277777777778,1.226885565640911,0.7142857142857136,0.6083333333333333,5.391666666666666,1.0518855656409114,0.2104861111111111,26.321428571428573,0.45274102079395084,0.35682397959183676,6.647671196727799,1.1562343317060297,7.84015536350442,0.2373211890310947,0.2140277961032678,1.5080883140880816,48.08274838369178,0.9021716351845532,0.9508928571428572,0.0489141824077234,0.9609414170734925,6.349550155033645,0.2082044478713111,6.521739130434782,1.6956521739130435,11.804347826086957,0.32789855072463764,0.22342995169082128,31.17391304347826,0.6776937618147448,0.8502415458937199,5.418478260869565,0.19999664519592053,2.035879408919627,0.8214285714285714,0.21361058601134217,0.24193548387096778,0.6222222222222222,0.22110608394301118,2.214285714285714,2.2796261247882557,29.178571428571427,0.5210459183673469,0.34566326530612246,6.696428571428571,2.2857142857142856,16.660714285714285,0.3983134920634921,0.21081349206349206,0.7380952380952381,4.741071428571429,0.17055224867724866
0,1276,17,92.2,137.9,445879.0,1.5164336144561044,25.25,2.2345048883361422,145.0,14.2109375,116.78125,122.5,80.0,65.0,9.614583333333334,118.04117396061427,-0.3507842068484529,445879.0,0.365234375,295.85839843749994,0.7387902111702253,64.90878643882311,48.16637831516918,17.5,47.95397603994118,88.02438661763962,5.029964949579407,32.0,0.16846936887735833,4.388888888888888,2.8973765432098766,-0.2469135802469131,1.2685185185185186,0.03265380859375,0.09447415329768287,0.611111111111111,0.6394319446848292,0.1574074074074074,0.6944444444444443,0.6944444444444443,0.9388888888888888,0.8472222222222222,-0.8951104929871949,0.9448452166825793,0.611111111111111,2.0277777777777777,0.38425925925925924,1.4727652780181621,0.999999999999999,0.4444444444444444,4.055555555555555,0.8616541669070514,0.46990740740740744,11.6875,0.3816884661117717,0.5224609375,4.977856182795699,1.0741935483870968,5.127049731182796,0.4167889411589008,0.361345392771804,1.6149019258622141,29.83279569892473,0.9532801479939877,0.9765625,0.023359926003006126,0.9814516129032258,4.940557795698925,0.34748450567502986,5.206896551724138,1.3103448275862069,5.827586206896552,0.564176245210728,0.33141762452107276,23.620689655172413,0.8145065398335315,0.9224137931034483,5.051724137931035,0.273227969348659,1.8207435886837326,0.90625,0.09274673008323425,0.8152173913043478,0.4266666666666667,0.5359291443850267,1.1979166666666667,1.9975036004102704,22.25,0.6953125,0.15234375,4.90625,1.5625,6.03125,0.7925347222222222,0.3706597222222222,0.859375,4.625,0.2651909722222222
2,1263,37,67.2,92.0,153932.0,1.0226297788901686,13.75,2.980803335805647,106.0,9.487603305785125,82.81818181818181,85.5,55.0,51.0,5.861591695501731,83.6475288990003,-0.5533941719274926,153932.0,0.5826446280991736,138.05785123966942,0.7743799388594096,22.022680492465554,20.808652046684813,14.5,17.053921973275788,56.4264068711928,3.8914763359443314,22.0,0.2392249855626116,2.9047619047619047,0.025822573927530148,-0.02915451895043727,0.04081632653061224,0.0036313548710242925,0.6410256410256411,0.047619047619047616,0.19722425952744205,0.04081632653061225,0.9761904761904762,0.9761904761904762,0.9952380952380953,0.9880952380952381,-0.007124677524789891,0.04182530760388418,0.047619047619047616,1.642857142857143,0.9149659863945577,0.24484330714648958,0.025641025641025467,0.9523809523809524,3.285714285714286,0.19722425952744205,0.022108843537414966,12.818181818181818,0.47928994082840237,0.23966942148760328,3.5217803030303028,1.8607142857142858,6.857494588744589,0.6686229858104857,0.4266587000962001,1.2806720418575919,17.905059523809523,0.9030273880385487,0.8977272727272727,0.5611816184807257,0.957015306122449,3.3766272418058136,0.4092160980553837,3.4615384615384617,5.384615384615385,20.307692307692307,1.7393162393162394,0.4700854700854701,7.0,0.5384615384615384,0.7515698587127159,2.640894819466248,0.3647087039944183,2.2877837199410687,0.5909090909090909,2.520710059171597,0.09051724137931033,2.0952380952380953,0.16399286987522285,5.636363636363637,2.3919796433934755,7.7272727272727275,0.3512396694214876,0.6033057851239669,3.5454545454545454,3.909090909090909,14.363636363636363,1.345959595959596,0.41414141414141414,0.5252525252525252,1.851010101010101,0.24431818181818182
1,1360,14,139.5,154.4,428082.0,1.076297625725198,5.5,5.114483715418893,159.0,5.390000000000001,146.1,147.5,123.0,36.0,2.9765625,146.30140122363832,-1.0545387575747545,428082.0,0.5549999999999999,58.89000000000001,0.7035720311195609,46.8414400287917,35.805027579936315,12.0,32.95632710162208,53.25483399593898,4.437902832994915,20.0,0.2305879029928867,4.833333333333333,0.5925925925925932,0.29629629629629706,0.4444444444444444,0.0,0.9999999999999996,0.0,-3.203426503814917e-16,0.0,1.0,1.0,1.0,1.0,-0.4999999999999998,0.458432205423175,0.0,2.1666666666666665,0.7777777777777778,0.45914791702724433,0.4999999999999995,0.8333333333333333,4.333333333333333,0.45914791702724433,0.1111111111111111,11.1,0.5138888888888888,0.26,5.078947368421053,1.3436532507739938,6.894736842105264,0.33083935328517367,0.2571809425524596,1.5543740646809447,14.58204334365325,0.8048097844319413,0.8999999999999999,0.09759510778402936,0.9140866873065014,4.625,0.23876633986928106,5.0,4.166666666666667,21.0,0.9768518518518517,0.2777777777777778,5.833333333333333,0.4861111111111111,0.7209259259259259,3.513333333333333,0.21829732510288066,2.28415912785142,0.6,1.3888888888888888,0.0,1000000.0,0.0,0.0,2.5282129458409988,7.2,0.36,0.56,5.1,3.8,19.8,0.8555555555555555,0.25277777777777777,0.5222222222222223,2.591666666666667,0.14992283950617286
2,1270,25,126.5,152.0,927348.0,1.234161212489843,10.75,15.339868709988114,157.0,9.555765595463141,141.17391304347825,144.5,64.0,93.0,4.953981008035063,141.9849961454899,-3.0769207337242976,927348.0,0.5075614366729679,229.66540642722114,0.8616247365276266,66.15496427918349,52.55473337388365,25.5,57.00075366704603,125.37972567696727,4.916851987332049,46.0,0.14277353314968694,16.895833333333332,8.707754629629626,-1.9606481481481461,1.659722222222222,0.030273143201556118,-0.017857142857142877,0.9583333333333333,0.5990601562950717,0.5763888888888888,0.6302083333333334,0.6083333333333333,0.9413650075414781,0.8585069444444444,-0.7281153734370176,0.8461180515633354,0.537037037037037,4.104166666666666,0.4149305555555556,1.4685463540765211,0.8749999999999991,0.4895833333333333,8.208333333333332,0.8018796874098548,0.8732638888888888,23.347826086956523,0.4907792980368828,0.4914933837429111,17.91564872325742,1.088095238095238,19.485886818495516,0.08434717429644965,0.079243007629783,1.3902346693492191,42.4515873015873,0.9460519022423785,0.9728260869565217,0.02697404887881078,0.9779761904761906,17.523089199447895,0.07796696596311634,17.926829268292682,1.3658536585365855,24.4390243902439,0.10237127371273712,0.08115176151761518,32.21951219512195,0.7858417608566329,0.9085365853658537,16.298780487804876,0.0758468834688347,1.7926436286417204,0.8913043478260869,0.10707911957168352,0.42668269230769235,0.1295774647887324,3.1100541828003587,1.6624040920716112,1.9548392731215587,30.347826086956523,0.6597353497164461,0.17013232514177695,17.91304347826087,1.6521739130434783,29.52173913043478,0.11646135265700483,0.0786352657004831,0.8369565217391305,15.01086956521739,0.06917874396135267
2,1264,23,102.0,137.8,975066.0,1.2650186858744203,23.5,2.112444276061801,142.0,12.52929382936066,119.7910447761194,123.0,86.0,56.0,10.08641975308642,120.63674349300472,-0.2600354729177928,975066.0,0.4466473602138561,203.32947204277124,0.6057124335820306,78.11327869551438,62.00806399170998,46.5,47.31418413373141,167.96551211459416,3.6121615508514875,67.0,0.14391673245207437,4.794685990338164,0.6994352304379549,-0.13294815870087806,0.6808793670797452,0.008877421757330523,0.5361111111111106,0.1400966183574879,0.4481748303508775,0.10053910242946161,0.9299516908212561,0.9299516908212561,0.9859903381642511,0.964975845410628,-0.5414702489616031,0.6781538824446663,0.1400966183574879,2.106280193236715,0.48897290485192185,1.2010861228408911,0.6694444444444442,0.5917874396135265,4.21256038647343,1.060989504483403,0.20524399635930826,29.925373134328357,0.4501133786848073,0.35687235464468703,5.957567513602556,2.029849498327759,13.248871861428642,0.4150610173768837,0.23801484495027647,1.4613903964114212,56.920234113712375,0.9290622028836367,0.9067164179104478,0.7182430006375766,0.9683840844223544,5.7661197479020725,0.22999290311584095,5.690476190476191,5.595238095238095,37.904761904761905,1.0628306878306877,0.2506613756613757,28.19047619047619,0.671201814058957,0.840613058495003,4.783895502645502,0.2063830150973284,2.1644310753162386,0.6268656716417911,3.050453514739229,0.46220930232558133,0.42138364779874216,0.2605640884833159,1.4089552238805971,2.694602072473793,25.388059701492537,0.37892626420138115,0.6968144352862553,6.059701492537314,3.746268656716418,24.686567164179106,0.7665837479270314,0.2325870646766169,0.5953565505804311,3.442786069651741,0.14423254099871016
2,1380,17,154.4,185.0,2225128.0,1.3706931571264405,14.0,3.390350639771262,206.0,9.18897777777778,171.81333333333333,173.0,140.0,66.0,5.794444444444443,172.2450966887979,-0.25611237053123687,2225128.0,0.4300444444444445,148.55182222222223,0.7990153268518202,91.3444642406375,66.48308055437865,48.0,72.98562695133738,193.56349186104114,4.032572747105024,75.0,0.12688260970383394,5.438025210084033,2.946520908129179,-0.1342938559506847,1.0402558082056352,0.008678584362139918,0.4368964368964366,0.2762605042016807,0.6643807382774718,0.1600566697267142,0.8618697478991596,0.8618697478991596,0.9837493821057836,0.9447478991596638,-0.415715647459422,0.6858278218964258,0.2762605042016807,2.2830882352941178,0.34686374549819926,1.7235152423735252,0.6073000764146109,0.48949579831932777,4.5661764705882355,1.447254738171845,0.32912907810182895,32.25333333333333,0.4176954732510288,0.3971555555555556,6.117163659850107,1.363979512876996,8.17721470604754,0.32061213509457276,0.23935647542890387,1.704401259793874,62.18102366970989,0.8932429397094475,0.9233333333333333,0.17132948602914622,0.9542073300210856,5.848058887217857,0.22853480268491,6.222222222222222,2.7222222222222223,16.09259259259259,0.6251286008230452,0.24035493827160492,34.96296296296296,0.6474622770919067,0.8286728395061729,5.257721193415638,0.19601923296753543,2.4463882492467555,0.72,0.7932098765432097,0.44830917874396137,0.2424568965517241,0.8454246097266692,1.350508474576271,2.7784875230476684,31.4,0.4186666666666667,0.6371555555555556,6.093333333333334,3.24,19.346666666666668,0.7323148148148149,0.23824074074074075,0.6552777777777778,4.124907407407407,0.15510288065843622
1,1260,14,122.0,148.0,1387671.0,0.9865222832866394,14.0,2.793521028027762,154.0,8.364045787202103,137.4931506849315,140.0,109.0,45.0,6.159149669635163,137.87382558274766,-0.7581137422421429,1387671.0,0.6201914055169825,104.82529555263652,0.91269543313536,92.51145610928727,74.33034373659252,45.0,84.43478350364879,192.39191898578758,4.275375977461946,73.0,0.12360167678036803,4.2745098039215685,1.0478801738484933,0.056177488296356715,0.30449826989619383,0.0010213778146799066,0.9596678529062869,0.0196078431372549,0.10758565296579892,0.01845444059976932,0.9901960784313726,0.9901960784313726,0.9980392156862745,0.9950980392156863,-0.2368226276173374,0.2926074628730066,0.0196078431372549,2.049019607843137,0.8448673587081892,0.44534178020467424,0.33333333333332266,0.9019607843137255,4.098039215686274,0.4257339370674194,0.08102652825836217,45.273972602739725,0.6140975436098256,0.2236817414148996,3.783971415410673,1.5513314536340852,6.2787709141575405,0.5104748608901757,0.37191100332960764,1.181893487782473,63.72035296574771,0.9313983425651988,0.9315068493150684,0.36240178285713587,0.9702256702713574,3.6541833070224183,0.36257140481557565,3.5660377358490565,3.5283018867924527,14.924528301886792,1.0356394129979034,0.40041928721174,38.735849056603776,0.7308650765396938,0.8748084090379689,3.019280805963196,0.3609649429303517,1.6865427649144198,0.726027397260274,1.631185475258099,0.07625,2.3934426229508197,0.03303787268331991,5.397260273972602,2.2387033464291566,33.21917808219178,0.45505723400262715,0.5764683805592044,3.8493150684931505,2.9726027397260273,13.0,0.8767123287671232,0.36377473363774737,0.6894977168949772,2.4444444444444446,0.2769744630475224
2,1380,23,117.0,155.0,1767385.0,1.334101094303853,15.5,3.6445677424100853,165.0,10.917763555126196,138.6043956043956,141.0,94.0,71.0,6.95777819478326,139.36216555009895,-0.7915470268189048,1767385.0,0.48146359135370126,210.63470595338728,0.6723271938431158,97.49758858876842,65.79513659838392,63.0,65.55028014235725,227.2203461105338,3.6066721604846634,91.0,0.12383060355572667,10.096102150537634,3.981001715327692,-0.4984968761538713,1.2493654613250087,0.00920211160520302,0.5961933181760763,0.3114247311827957,0.7515700541855639,0.17052628916637763,0.8442876344086021,0.8442876344086021,0.9816808981657179,0.9377150537634409,-0.41469416014775595,0.7745172997624559,0.3114247311827957,3.138508064516129,0.3303069357729217,1.9518102709643412,0.77528994824978,0.4443548387096774,6.277016129032258,1.6403855397815454,0.39019754812695107,43.81318681318681,0.4272959183673469,0.38159642555246953,9.725866902877085,1.8912457494599226,18.32139659868738,0.22980925274626918,0.13056326702293095,1.6447097442466432,74.86383815880619,0.9049919619733171,0.9010989010989011,0.5835984396017406,0.9584738253557086,9.346364343410716,0.12493754631106187,9.678571428571429,5.446428571428571,52.464285714285715,0.6333085317460317,0.13802083333333331,35.357142857142854,0.6313775510204082,0.8180464475803549,7.879818821873987,0.11587448403450153,2.5602641081806583,0.6153846153846154,2.805803571428571,0.45402298850574707,0.17278481012658228,1.1052342986254144,1.1784671025177356,2.814219478134587,33.46153846153846,0.36770921386306,0.7146479893732641,9.714285714285714,3.923076923076923,37.604395604395606,0.4771825396825397,0.12904456654456653,0.5744810744810744,5.562271062271062,0.07923365215031881
2,1270,21,121.8,185.3,1673414.0,1.9822414475690182,34.5,2.34082473382239,206.0,18.61245674740485,155.1764705882353,156.5,108.0,98.0,13.29903978052126,156.87265348608312,-0.08043661645451662,1673414.0,0.27465397923875434,529.2923875432527,0.8107333267270543,102.92446142919923,76.10519036176179,40.0,83.44429101608509,181.2203461105336,4.53050865276334,68.0,0.12371659886311483,8.610714285714286,32.56955880167118,-3.518260386297379,3.655752551020408,0.019337726440056994,0.7735732009925556,0.36607142857142855,0.5970447597689273,0.13871173469387754,0.8169642857142856,0.8169642857142856,0.9859203296703296,0.9389880952380951,-0.7104582212204054,0.9458539881604956,0.36607142857142855,2.779464285714286,0.2292793367346939,2.312556359673374,0.9634627344007333,0.3053571428571429,5.558928571428572,1.946484931101946,1.0054559948979591,18.676470588235293,0.2784636488340192,0.9740484429065744,8.677574478429076,1.185978385280263,10.039055666956486,0.3046580289387022,0.23300098119610435,2.241093934608461,57.694460992920305,0.8965126797351282,0.9448529411764706,0.06286488802005302,0.9579856904182855,8.341684468035576,0.2195670059988062,8.75925925925926,1.9259259259259258,15.481481481481481,0.5786728395061729,0.221548353909465,35.77777777777778,0.6625514403292181,0.8411779835390947,7.315972222222222,0.18663680269775948,2.7441447934847614,0.7941176470588235,0.3401920438957476,0.33163265306122447,0.26153846153846155,1.7098339797042197,2.2440087145969496,3.0498999777255253,33.8235294117647,0.49740484429065746,0.42301038062283736,8.617647058823529,2.5,19.08823529411765,0.8627205882352941,0.2399673202614379,0.7153799019607844,6.22109885620915,0.16013457697893974
0,1382,27,97.1,127.9,538897.0,1.251629167387822,14.5,2.00790084949611,131.0,8.806122448979592,112.78571428571429,113.0,96.0,35.0,6.38671875,113.27347859221483,0.012924949668278228,538897.0,0.5,110.26360544217685,0.8849256836209101,45.591957499808586,45.39823785126467,31.0,40.34549415813358,102.22539674441624,3.297593443368266,42.0,0.19307541374490408,3.638888888888889,0.558842021033379,0.2331961591220849,0.558641975308642,0.009259259259259257,0.273132664437012,0.2777777777777778,0.6547717145751619,0.15123456790123457,0.8611111111111112,0.8611111111111112,0.9722222222222222,0.9305555555555556,-0.4133204792420666,0.6575494266437503,0.2777777777777778,1.8055555555555556,0.4305555555555556,1.3748646449062327,0.6064659977703452,0.5555555555555556,3.611111111111111,1.0970868671284553,0.20910493827160492,21.0,0.5659722222222222,0.3333333333333333,4.1103252032520325,2.248292682926829,11.448617886178862,0.6326738934056008,0.37354787714543813,1.408071758719755,34.55219512195122,0.8897023200475906,0.8928571428571429,0.7803488399762049,0.9457871609009456,3.8582137672142025,0.35792533353958117,3.4583333333333335,6.25,34.083333333333336,1.5601851851851851,0.43171296296296297,13.166666666666666,0.5486111111111112,0.7619180484693877,2.3956738945578233,0.3544239093206727,1.9754128972590421,0.5714285714285714,3.1874999999999996,0.3392857142857143,0.6315789473684211,0.23809523809523808,1.7142857142857142,2.5597486868090424,14.428571428571429,0.3435374149659864,0.6462585034013606,4.333333333333333,4.095238095238095,21.761904761904763,1.0806878306878307,0.35185185185185186,0.5171957671957672,1.8015873015873016,0.22402263374485593
1,1360,18,137.0,167.0,1391213.0,1.231117165678101,19.25,2.8247836016285297,187.0,10.4,151.75,152.5,128.0,59.0,8.193771626297577,152.27239846187928,0.34143013768240704,1391213.0,0.45722222222222225,158.82083333333333,0.8225879614593681,77.35049543166956,56.79788728465171,39.0,63.62758635500922,154.79393923934043,3.9690753651112933,60.0,0.14301555739910174,2.765625,1.9111328125,0.4453125,0.765625,0.009344135802469136,0.8249999999999996,0.09375,0.33871064191468186,0.07421875,0.953125,0.953125,0.990625,0.9765625,-0.436038503145149,0.5813350314722749,0.09375,1.59375,0.55078125,1.1310993675869239,0.6166666666666594,0.625,3.1875,1.037349367586924,0.21484375,27.433333333333334,0.47375,0.3363888888888889,2.985299723019846,1.7193519654089102,4.522141025829637,1.0919599299369047,0.5588643568492293,1.4508429658307633,50.68712209461728,0.9189005374270373,0.9166666666666667,0.4909278031201297,0.9657605056955448,2.8734994885680694,0.5394860620743581,3.125,4.4,10.425,3.032638888888889,0.5243055555555556,25.3,0.6325,0.8197530864197532,2.5530864197530865,0.421141975308642,2.115074455768226,0.6666666666666666,2.15,0.660377358490566,0.42857142857142855,0.3219660035823162,1.3800000000000001,2.6332930120278224,23.433333333333334,0.39055555555555554,0.5888888888888888,2.95,3.3666666666666667,8.916666666666666,2.1458333333333335,0.5680555555555556,0.612037037037037,1.8842592592592593,0.3217592592592593
2,1263,45,112.0,135.8,1281888.0,1.075242276369737,13.5,3.0485597912659776,153.0,7.494846857308752,123.92771084337349,124.0,101.0,52.0,5.453775896636222,124.27563612768095,0.23682934447062182,1281888.0,0.4928146320220641,86.35622006096675,0.9216460868449895,107.96642008569621,88.60022573334675,48.5,99.50682858264419,221.40411229460744,4.5650332431877825,83.0,0.11150391554585198,2.311111111111111,0.5907021490626428,-0.13235116598079555,0.5980246913580247,0.011702881589745057,0.23333333333333311,0.3611111111111111,0.7069169319867997,0.1728395061728395,0.8194444444444444,0.8194444444444444,0.9638888888888888,0.9097222222222222,-0.3407503222716832,0.5155786604579304,0.3611111111111111,1.4972222222222222,0.3475925925925926,1.612286607608059,0.48333333333333306,0.39999999999999997,2.9944444444444445,1.2511754964969484,0.23978395061728394,40.903614457831324,0.4942857142857143,0.2731891421106111,2.425528019885846,1.1432748711615646,2.7988418394407897,0.7434093444918546,0.6576442104286346,1.3385779772501618,72.17787620427325,0.9099487643078851,0.9548192771084337,0.04502561784605746,0.9641812822096087,2.3321995649971106,0.6362029269128298,2.4,1.6142857142857143,4.0,1.0337301587301588,0.665873015873016,50.94285714285714,0.7277551020408163,0.8781746031746032,2.079365079365079,0.59375,1.8061047727413055,0.8433734939759037,0.2083673469387755,1.5352112676056338,0.19036697247706424,0.5007477585735026,0.6867469879518071,2.1612816895033102,46.27710843373494,0.5575555232980113,0.3753810422412541,2.433734939759036,2.2289156626506026,5.614457831325301,1.3959170013386881,0.6549531459170014,0.7730923694779117,1.8393574297188753,0.5199129852744311
0,1276,19,56.1,70.0,254052.0,0.11911602665564773,8.0,2.978036894716513,74.0,4.398543184183142,63.774193548387096,65.0,49.0,25.0,2.9679999999999995,64.01259956622451,-0.5541946114277367,254052.0,0.9682622268470344,30.46514047866807,0.6359340913382321,62.64165140711862,46.75467891024384,42.0,39.835961667512265,155.9655121145942,3.7134645741570047,62.0,0.14729940807905387,3.9285714285714284,0.01936693044564761,-0.021865889212827953,0.030612244897959183,0.0003839246752374878,0.7307692307692308,0.03571428571428571,0.14791819464558145,0.030612244897959186,0.9821428571428571,0.9821428571428571,0.9928571428571429,0.9880952380952381,-0.005343508143592418,0.031368980702913135,0.03571428571428571,1.9821428571428572,0.9362244897959183,0.1836324803598671,0.0192307692307691,0.9642857142857143,3.9642857142857144,0.14791819464558145,0.016581632653061226,60.03225806451613,0.9429065743944637,0.01586888657648283,3.9441306538289296,2.0296462158531123,8.06271551724138,0.5213788905060457,0.2639673365427676,0.5656582317838524,47.063309822361546,0.8583201872076386,0.8790322580645162,0.6742043280946122,0.9394690514459731,3.7020068596128226,0.24883459940426086,3.911764705882353,7.470588235294118,29.794117647058822,1.8897058823529411,0.27205882352941174,18.11764705882353,0.532871972318339,0.7557634350036311,2.934818445896877,0.21099968228031954,1.5712363708492127,0.5483870967741935,4.145328719723183,0.13016528925619833,1.9682539682539684,0.016389177939646202,1.3333333333333333,1.7611744525108362,20.419354838709676,0.32934443288241416,0.7731529656607701,3.9516129032258065,4.645161290322581,18.532258064516128,1.1733870967741935,0.2620967741935484,0.4924955197132616,1.921594982078853,0.1352206541218638
0,1382,19,192.4,217.8,1783936.0,1.1981174211304024,12.0,3.290943948849824,233.0,8.419501133786847,205.8095238095238,205.0,185.0,48.0,5.166015625,206.09382976369443,0.556213623319793,1783936.0,0.5,117.10657596371884,0.7604515158591012,78.98097494560646,60.21627686929839,23.5,60.06120212141613,114.06601717798243,4.853873071403508,42.0,0.1506546654965209,3.25,0.9571759259259257,-0.2037037037037033,0.5694444444444445,0.016466904222006265,-0.0549019607843135,0.41666666666666663,0.9591479170272441,0.2361111111111111,0.7916666666666666,0.7916666666666666,0.9583333333333333,0.8958333333333333,-0.26548646112542207,0.5415389492090208,0.41666666666666663,1.7916666666666665,0.3819444444444444,1.5424812503605771,0.46666666666666623,0.5,3.583333333333333,1.1258145836939106,0.2465277777777778,21.0,0.4661224489795918,0.3112244897959183,3.4969512195121952,1.1307926829268293,3.963871951219512,0.505348069105691,0.4585873983739837,1.4459760058216296,36.91219512195122,0.9168523200475907,0.9583333333333333,0.041573839976204646,0.9673018292682927,3.3802210365853655,0.4468972306910569,3.4857142857142858,1.6571428571428573,5.857142857142857,0.7023809523809523,0.4738095238095238,24.771428571428572,0.7077551020408164,0.8674603174603175,3.0198412698412698,0.4246031746031746,1.987163918343905,0.8333333333333334,0.21714285714285714,0.6861111111111112,0.340080971659919,0.486019536019536,0.9214285714285713,2.1258067227808843,23.476190476190474,0.5589569160997733,0.2698412698412698,3.5,2.0476190476190474,7.261904761904762,0.8234126984126985,0.45436507936507936,0.7645502645502646,2.6653439153439153,0.3687169312169312
0,1285,19,104.4,172.60000000000002,1565061.0,1.941950870827687,50.0,1.6293730700349076,192.0,24.783999999999995,141.8,145.0,95.0,97.0,20.50043091065785,144.4558063907436,-0.07366814320569068,1565061.0,0.29244444444444445,760.24,0.5512996728430851,108.37522792107643,79.98124780221924,51.5,59.747227697184215,188.35028842544463,3.6572871538921286,75.0,0.1350648239824386,8.238333333333333,12.051795188796289,1.5704153518518502,1.8144972222222222,0.0066709333333333344,0.927083333333333,0.0825,0.3033643286653509,0.065275,0.95875,0.95875,0.9968269230769231,0.9862500000000001,-0.645019401213271,0.7053611152686947,0.0825,2.7329166666666667,0.5640263888888889,1.1504659980549279,0.7499999999999989,0.6716666666666666,5.465833333333333,1.0679659980549283,0.47424930555555567,21.933333333333334,0.29584120982986767,1.1118222222222223,11.333116770616769,2.0170795795795797,19.7358367983368,0.34629702218243885,0.15173740447177947,2.164284280422726,61.82085932085931,0.9065152980823459,0.9,0.6976795770162455,0.9590382499887709,10.956822447447447,0.1425783404278232,12.521739130434783,5.804347826086956,52.08695652173913,1.0446980676328501,0.13176328502415457,30.217391304347824,0.6568998109640832,0.8312877415458937,10.917542270531401,0.09294544459541063,2.768993815179512,0.6133333333333333,3.146030245746692,0.07656249999999999,1.0204081632653064,0.49660116329947934,6.962962962962964,3.302097063831396,27.453333333333333,0.36604444444444445,0.7733333333333333,11.013333333333334,4.013333333333334,36.77333333333333,0.7297333333333333,0.15727407407407407,0.580462962962963,7.310833333333333,0.07161810699588478
2,1380,18,167.0,205.0,1999154.0,1.529122708667079,19.0,4.385237674713936,242.0,12.448275862068966,184.89655172413794,184.5,147.0,95.0,8.395833333333334,185.6560594588636,0.601052946864567,1999154.0,0.431629013079667,281.43757431629007,0.8600097928470917,86.16671475122081,63.788713735268246,33.5,74.10421850351185,156.5929291125639,4.674415794404893,58.0,0.13102530754154293,7.892857142857142,3.112700301957517,-0.7610291545189491,1.1244387755102043,0.011146930993480667,0.28219696969696956,0.4928571428571428,0.9890446826222294,0.24622448979591838,0.7535714285714286,0.7535714285714286,0.9810439560439561,0.9178571428571428,-0.3349402168322081,0.7105213947618649,0.4928571428571428,2.7660714285714283,0.31779336734693875,1.9481478076994951,0.5687544347757123,0.4714285714285714,5.532142857142857,1.455290664842353,0.4043239795918367,25.03448275862069,0.40274885464389837,0.49732461355529134,9.242807302346776,1.1217617908407382,10.202299783549783,0.1638900087181337,0.1465730420590618,1.751126793558984,51.45812257917521,0.9225923279921464,0.9612068965517242,0.038703836003926836,0.9695595522898154,9.002934182046024,0.1422438003942938,9.428571428571429,1.6734693877551021,14.877551020408163,0.23905328798185937,0.14721655328798186,38.10204081632653,0.7775926697209496,0.8996598639455783,8.678571428571429,0.1318159486016629,2.1591320373304708,0.8448275862068966,0.2723865056226572,0.286610878661088,0.2116788321167883,2.215970387320351,1.9230769230769231,2.421372158361155,34.51724137931034,0.5951248513674198,0.31747919143876335,9.189655172413794,2.0344827586206895,17.46551724137931,0.29008141762452105,0.14640325670498083,0.7988505747126438,7.637931034482759,0.11686941251596425
2,1270,35,110.0,132.60000000000002,1385778.0,0.861124705557929,11.5,2.8172391458502983,141.0,6.7904709141274235,120.46315789473684,120.0,100.0,41.0,4.541551246537395,120.77721988067644,0.07201357019576239,1385778.0,0.5931301939058171,75.764432132964,0.9052482989046562,80.86641980955834,65.96969000988257,70.0,73.20418897111247,230.83556979968344,3.297650997138335,95.0,0.12848464274512922,1.5999999999999999,0.48878957976108833,0.24760742455418389,0.4479243827160494,0.02890917043300773,0.20368589743589727,0.24583333333333335,0.7624228900495162,0.17477623456790123,0.8770833333333334,0.8770833333333334,0.9508333333333333,0.9180555555555555,-0.18515248991881939,0.45279529245649686,0.24583333333333335,1.2409722222222221,0.4783449074074074,1.360720719925651,0.39118589743589705,0.6361111111111111,2.4819444444444443,1.114887386592318,0.17343942901234569,56.34736842105263,0.5266272189349113,0.2034349030470914,1.9038962033067972,1.867336871470368,3.0280839627134783,1.5771500986595903,0.7740259491733007,1.2557092369526375,74.61216574811186,0.8805313462289877,0.8842105263157894,0.5427285402233928,0.9468839217152467,1.8100415814417214,0.731094506783628,2.1538461538461537,6.403846153846154,9.0,5.7548076923076925,0.7115384615384616,26.26923076923077,0.5051775147928994,0.7369079264540576,1.6583822854284163,0.5065393367104677,2.4244435678178458,0.5473684210526316,3.066198224852071,22.53571428571428,0.15055467511885895,0.1398337950138504,0.14814814814814814,2.418314804288025,31.442105263157895,0.33096952908587257,0.6998337950138505,1.8526315789473684,4.410526315789474,6.71578947368421,3.8342105263157893,0.7868421052631579,0.49276315789473685,1.0524122807017544,0.35285087719298247
2,1270,15,177.0,223.0,2486483.0,1.655906267976548,21.0,2.4615537825434854,240.0,13.485084654662723,201.19672131147541,201.0,165.0,75.0,10.0,201.8960534370165,-0.11861262728724009,2486483.0,0.3657618919645257,281.8957269551196,0.7558327878529676,94.95477125911133,72.67048919609665,37.0,71.76992948071496,161.17871555019076,4.356181501356507,61.0,0.1337821291622534,6.78125,3.1451950195312497,0.7270078124999994,0.8517187500000001,0.011616243944059928,0.5691532876572246,0.19375,0.5814482905283489,0.13421875,0.903125,0.903125,0.9886029411764706,0.9612499999999999,-0.242290621529388,0.4680321244021537,0.19375,2.5093750000000004,0.542421875,1.3145515548366227,0.4411390498649912,0.6625,5.01875,1.120801554836623,0.2613671875,22.311475409836067,0.3897691263014939,0.6073636119322762,7.261448254215642,1.2736676624023204,8.521072796934867,0.36766928332888377,0.22976034624061686,1.8607888205104757,52.44290213650237,0.9155565664952978,0.9385245901639343,0.1343536299003606,0.9648497226852153,7.033555031832274,0.2204345948690752,7.702127659574468,2.3191489361702127,14.0,0.8328900709219857,0.19104609929078012,32.95744680851064,0.7012222725215029,0.8609278959810875,6.868020094562649,0.15037825059101656,2.301209996141853,0.7704918032786885,0.6346763241285649,0.27205882352941174,0.4121621621621622,0.63282728200761,2.126463700234192,2.8148346216790814,29.229508196721312,0.4791722655200215,0.5450147809728567,7.147540983606557,2.7704918032786887,17.016393442622952,0.9331739526411658,0.24009562841530055,0.7127732240437158,5.55066029143898,0.13519530459421172
0,1284,21,180.8,222.0,388331.0,1.4466166676282068,11.0,2.6809654371830125,230.0,13.333333333333334,207.0,212.0,172.0,58.0,8.326530612244897,207.7206992306951,-0.8751165600141967,388331.0,0.48148148148148145,298.88888888888897,0.5759335645554494,25.249197178936228,19.72308292331602,5.0,14.54186013342814,24.627416997969515,4.925483399593903,9.0,0.32186301128801126,9.0,0.0,0.0,0.0,0.04572473708276178,-0.9999999999999991,1.0,-3.203426503814917e-16,0.0,0.5,0.5,0.9411764705882353,0.8,-1.0,0.9298734950321936,1.0,3.0,0.5,0.9999999999999993,0.9999999999999996,0.5,6.0,-3.203426503814917e-16,0.25,4.333333333333333,0.48148148148148145,0.6172839506172839,8.333333333333334,1.0,8.333333333333334,0.21990740740740736,0.21990740740740736,1.4466166676282068,9.0,1.0,1.0,0.0,1.0,8.333333333333334,0.21990740740740736,8.333333333333334,1.0,8.333333333333334,0.21990740740740738,0.21990740740740738,9.0,1.0,1.0,8.333333333333334,0.21990740740740738,1.4466166676282068,1.0,0.0,0.1320754716981132,0.6428571428571428,2.4761904761904763,3.888888888888889,1.4466166676282068,9.0,1.0,0.0,8.333333333333334,1.0,8.333333333333334,0.21990740740740738,0.21990740740740738,1.0,8.333333333333334,0.21990740740740738
0,1281,21,129.6,174.9,99199.0,1.4999999999999991,23.25,2.1299664446966116,177.0,19.375,155.75,164.5,117.0,60.0,5.5,157.4793637274421,-0.9054626251963019,99199.0,0.375,541.6874999999999,0.2741065668078935,12.199123006853444,8.54400374531753,2.0,3.343859725475784,11.313708498984765,5.656854249492382,4.0,0.4431134627263788,12.0,0.0,0.0,0.0,0.19791666666666666,-0.9999999999999991,1.0,-3.203426503814917e-16,0.0,0.5,0.5,0.9411764705882353,0.8,-1.0,0.9298734950321936,1.0,3.5,0.5,0.9999999999999993,0.9999999999999996,0.5,7.0,-3.203426503814917e-16,0.25,1.5,0.375,1.1875,8.75,1.0,8.75,0.3211805555555556,0.3211805555555556,1.4999999999999991,4.0,1.0,1.0,0.0,1.0,8.75,0.3211805555555556,8.75,1.0,8.75,0.3211805555555556,0.3211805555555556,4.0,1.0,1.0,8.75,0.3211805555555556,1.4999999999999991,1.0,0.0,0.15,1.3333333333333333,1.9166666666666665,8.25,1.4999999999999991,4.0,1.0,0.0,8.75,1.0,8.75,0.3211805555555556,0.3211805555555556,1.0,8.75,0.3211805555555556
2,1264,11,58.0,77.0,107478.0,0.9983636725938123,6.0,3.2530024171350553,84.0,6.421768707482992,71.04761904761905,74.0,50.0,34.0,4.3944636678200695,71.54019849007969,-0.9964892427398476,107478.0,0.5011337868480725,70.2358276643991,0.7494338849106821,23.83838944793961,20.12461179749811,14.0,17.86529681398319,51.840620433565896,3.702901459540421,21.0,0.2558578577374623,2.0708333333333333,0.45904947916666666,-0.0703125,0.43854166666666666,0.06928697404887882,0.39999999999999986,0.29583333333333334,0.6751311382420723,0.16243055555555555,0.8520833333333333,0.8520833333333333,0.9408333333333334,0.9013888888888889,-0.06930153882179171,0.28689585458447386,0.29583333333333334,1.40625,0.4703819444444445,1.4098116071272884,0.24999999999999994,0.5333333333333333,2.8125,1.1139782737939554,0.18359375,10.523809523809524,0.5,0.24943310657596374,2.418859649122807,1.3203947368421054,3.2260964912280703,0.843969298245614,0.6452850877192983,1.453286853359863,15.485526315789475,0.8126227300707911,0.9047619047619048,0.0936886349646045,0.9199013157894737,2.2170504385964915,0.5956140350877193,2.5,2.7857142857142856,6.642857142857143,1.8214285714285714,0.625,6.714285714285714,0.47959183673469385,0.7123015873015872,1.861111111111111,0.42509920634920634,2.2638091738835446,0.6666666666666666,0.5357142857142857,3.3888888888888897,0.34426229508196715,0.27664399092970526,0.3428571428571428,2.3983029951155577,7.666666666666667,0.36507936507936506,0.562358276643991,2.4285714285714284,3.6666666666666665,9.380952380952381,2.238095238095238,0.6428571428571429,0.544973544973545,1.3783068783068781,0.33664021164021163
2,1270,35,141.0,187.4,1507511.0,1.98773543234032,29.0,5.739985077358638,214.0,17.023699599876885,160.9298245614035,163.0,70.0,144.0,10.675803402646503,162.62706233437524,-0.7382028128964515,1507511.0,0.3013234841489688,549.1529701446599,0.9285288334649694,98.46634790980997,76.48529270389177,30.0,91.42884316025167,158.7350647362949,5.291168824543163,57.0,0.1223186518858517,24.125,4.03125,0.0,1.125,0.01013141245439442,0.23333333333333345,0.5,0.4999999999999995,0.125,0.75,0.75,0.99,0.9375,-0.3255328198945161,0.4808219872480137,0.5,4.875,0.5,1.2499999999999991,0.4166666666666661,0.5625,9.75,0.7499999999999994,0.40625,17.17543859649123,0.2935528120713306,1.082794706063404,25.4313126566416,1.0401785714285716,26.315241228070178,0.06335205751055645,0.061443575367699295,2.0706239108706495,54.77678571428571,0.9736926020408163,0.9868421052631579,0.013153698979591837,0.9899553571428571,25.210330513784463,0.06096645483198501,25.574074074074073,1.1666666666666667,29.24074074074074,0.06994037121021247,0.06202370454354581,48.333333333333336,0.8950617283950617,0.9583333333333334,24.65740740740741,0.06004453787687915,2.291319846648185,0.9473684210526315,0.05246913580246913,0.07737397420867527,0.4318181818181819,2.323636239580512,7.9912280701754375,2.4112645159572796,46.26315789473684,0.8116343490304709,0.09418282548476455,25.385964912280702,1.3157894736842106,32.333333333333336,0.07625929904125392,0.06125929904125393,0.9210526315789473,23.649122807017545,0.05750929904125393
2,1383,45,70.0,89.0,487861.0,1.191002882419198,13.0,3.622992204392528,109.0,7.2178645149183716,81.21917808219177,82.0,66.0,43.0,5.104854926745188,81.74978530406226,0.7216076772073251,487861.0,0.5019703509101145,86.4725089134922,0.8029232944092213,121.19307113889876,90.0499861188218,40.5,97.3087399384157,198.6761902332495,4.905584944030852,73.0,0.11354986445629722,2.6375,1.0872212962962962,-0.22764814814814785,0.8197222222222222,0.0021104476153998406,0.8809523809523802,0.05,0.18048202372184016,0.04000000000000001,0.975,0.975,0.995,0.9875,-0.8043609392125793,0.8267150776864769,0.05,1.5541666666666665,0.5251388888888889,1.075131138242072,0.88095238095238,0.6291666666666667,3.108333333333333,1.025131138242072,0.21743055555555557,36.64383561643836,0.5138888888888888,0.3081253518483768,3.5271739130434785,1.169824016563147,3.9786749482401653,0.5478390269151139,0.448434265010352,1.4677224196840937,62.59689440993789,0.9038754291886886,0.9486301369863013,0.05845926083098646,0.9615697607545433,3.430401713825627,0.42458951575799403,3.6666666666666665,1.9166666666666667,6.033333333333333,0.9800925925925926,0.42592592592592593,47.1,0.785,0.9016203703703703,3.4019675925925923,0.36912615740740745,1.8611157533582836,0.821917808219178,0.4363888888888888,0.14082278481012658,1.6404494382022472,0.0745676563565363,4.091324200913242,2.333421949726851,41.0,0.5616438356164384,0.5708388065303058,3.4794520547945207,2.5616438356164384,7.506849315068493,1.4014459665144596,0.4562404870624049,0.7779680365296804,2.8935502283105023,0.32517598934550995
2,1383,41,180.3,212.5,2010097.0,1.4625874650650263,14.5,3.7552897782481587,235.0,10.334319526627219,196.09615384615384,196.0,162.0,73.0,5.792500000000001,196.61055805439733,0.14981018248702535,2010097.0,0.42529585798816566,202.00998520710058,0.5935601486236508,96.77710042753526,64.28063471995279,34.5,57.44303011313381,132.99494936611688,3.854926068583098,52.0,0.1565594659102126,5.4375,1.0718269348144531,-0.1607666015625,0.3037109375,0.010114407904718556,-0.06685236768802194,0.546875,0.17405306503128606,0.0380859375,0.7265625,0.7265625,0.9678308823529411,0.890625,-0.6166051788920313,0.6729157226885348,0.546875,2.3359375,0.57763671875,0.9841248057655694,0.7499999999999927,0.609375,4.671875,0.43724980576556965,0.212646484375,22.115384615384617,0.41412742382271467,0.4508136094674557,5.88895173453997,1.405731523378582,8.319570135746606,0.34698393246187365,0.2551664362326127,1.6830043315837713,45.30467571644042,0.9210260505176662,0.9326923076923077,0.2013870404873865,0.9631486718619071,5.7011618066029826,0.24387027086475616,5.973684210526316,2.6842105263157894,16.026315789473685,0.6370614035087719,0.25548245614035087,25.68421052631579,0.6759002770083102,0.8440716374269005,5.184181286549708,0.20794773391812862,2.3872393752822827,0.7307692307692307,0.8116343490304709,0.3926829268292683,0.32298136645962733,0.8431688571756484,1.9780219780219779,2.7492659344431494,23.192307692307693,0.4460059171597633,0.5177514792899408,5.865384615384615,2.8846153846153846,16.51923076923077,0.7166132478632478,0.2550747863247863,0.6784188034188035,4.120726495726496,0.16818019943019943
2,1263,25,89.8,110.0,278719.0,1.1783577099564686,8.0,5.6872396679584005,111.0,6.349583828775268,97.62068965517241,98.0,67.0,44.0,4.236111111111111,98.0357077803797,-1.2127296933495701,278719.0,0.46967895362663503,81.20095124851368,0.7437301123908591,40.489036937229,30.479501308256342,17.0,30.112915991922968,77.8822509939086,4.581308881994623,29.0,0.18766829028574947,7.145833333333333,0.3466435185185185,0.1689814814814816,0.24305555555555555,0.012532972514931594,0.6249999999999999,0.16666666666666666,0.22957395851362197,0.05555555555555555,0.9166666666666666,0.9166666666666666,0.9833333333333334,0.9583333333333333,-0.31850438553032007,0.38118130404723893,0.16666666666666666,2.645833333333333,0.7395833333333334,0.5990601562950717,0.3749999999999995,0.7708333333333334,5.291666666666666,0.43239348962840507,0.10243055555555555,13.620689655172415,0.45867768595041325,0.31153388822829964,6.1414285714285715,1.200357142857143,7.360714285714286,0.25352182539682544,0.21503968253968253,1.4680502237322612,24.12357142857143,0.8811418367346938,0.9396551724137931,0.05942908163265306,0.9499107142857143,5.836607142857142,0.20541914682539683,6.136363636363637,1.9545454545454546,12.0,0.40277777777777773,0.22095959595959594,12.454545454545455,0.5661157024793388,0.7613636363636364,4.670454545454546,0.1755050505050505,2.093165418138663,0.7586206896551724,0.21694214876033058,0.3256578947368421,0.5858585858585859,0.4433497536945813,1.9704433497536944,2.140300170536764,14.517241379310345,0.5005945303210464,0.24970273483947686,6.137931034482759,2.4482758620689653,15.03448275862069,0.48946360153256707,0.2136015325670498,0.6379310344827587,3.913793103448276,0.1446360153256705
2,1264,23,91.5,118.0,291980.0,0.8451064151274771,10.0,7.496194027730698,121.0,8.136094674556213,105.3076923076923,107.5,62.0,59.0,4.498866213151928,105.97169433391164,-1.8455629316611417,291980.0,0.6775147928994083,140.28994082840234,0.5963658289440623,47.099197655623094,40.0,15.0,28.088352052495907,70.22539674441614,4.68169311629441,26.0,0.19550432079329194,8.625,0.015625,0.0,0.0625,0.006524047944166288,0.6666666666666667,0.125,0.24999999999999958,0.0625,0.9375,0.9375,0.9875,0.96875,-0.03776640994725822,0.11656101121640401,0.125,2.9375,0.84375,0.37499999999999956,0.08333333333333327,0.875,5.875,0.24999999999999958,0.046875,17.615384615384617,0.605,0.25443786982248523,7.855652173913043,1.1878260869565218,9.54608695652174,0.19101449275362317,0.1701449275362319,1.1768308352445034,21.75565217391304,0.885689224952741,0.9423076923076923,0.05715538752362949,0.9530434782608697,7.4330434782608705,0.16492753623188405,7.6,2.2,18.4,0.31666666666666665,0.18333333333333335,13.3,0.665,0.840625,6.165625,0.165625,1.7814963295286739,0.7692307692307693,0.51,0.1008064516129032,1.04,0.2853146853146853,4.538461538461538,1.9291417256406955,12.461538461538462,0.47928994082840237,0.4023668639053255,7.923076923076923,2.5384615384615383,21.76923076923077,0.33760683760683763,0.16666666666666669,0.7008547008547008,5.230769230769231,0.13342830009496678
2,1380,31,65.9,80.1,322736.0,0.970950594454668,7.0,3.762307065402239,85.0,4.516666666666667,73.1,73.0,54.0,31.0,3.0026041666666665,73.34121169801692,-0.44488222798871685,322736.0,0.52,35.323333333333345,0.7887437278461868,72.99122731064021,60.8276253029822,36.0,57.571372729062766,159.76450198781777,4.437902832994938,60.0,0.13312998786481375,2.713636363636364,0.8026841659773294,0.05870261847121365,0.4855280073461893,0.014,0.8472222222222215,0.045454545454545456,0.17100960890976,0.03719008264462809,0.9772727272727273,0.9772727272727273,0.990909090909091,0.9848484848484849,-0.5330622629320725,0.549436904674109,0.045454545454545456,1.5787878787878786,0.6973186409550047,0.729459341440241,0.597222222222221,0.7984848484848486,3.1575757575757573,0.6840047959856957,0.13274563820018365,31.2,0.518140589569161,0.24,2.2059670271482203,1.418673962164543,2.937277004711543,1.039023201527793,0.6985082432129449,1.2559855118659005,50.264427292285816,0.9042650744908736,0.9249999999999999,0.23957783479837344,0.9598502462465086,2.1028097846965492,0.6741103616339984,2.2142857142857144,3.0952380952380953,5.9523809523809526,2.380952380952381,0.6964285714285714,24.523809523809526,0.5839002267573696,0.791491199654465,1.6744277075909728,0.5707570726703379,2.038583192317858,0.7,1.0544217687074828,4.249999999999998,0.5882352941176471,0.056666666666666664,0.5714285714285714,2.3028753345316506,24.9,0.415,0.47333333333333333,2.2,3.033333333333333,6.433333333333334,2.183333333333333,0.7,0.6212962962962963,1.326851851851852,0.4449074074074074
2,1383,29,149.5,185.5,1802757.0,1.262338293413499,19.5,2.289191535936459,193.0,11.491735537190083,164.6818181818182,162.0,136.0,57.0,8.284023668639053,165.27098958982486,0.24259845145853176,1802757.0,0.4825528007346189,194.3987603305785,0.8421134103045192,46.487527916089775,41.400483088968905,50.0,39.1477706700449,158.50966799187827,3.1701933598375653,66.0,0.15813724843329022,4.199305555555555,1.630824912253939,0.19871764215749327,0.697557388117284,0.028389960208142023,0.5739348370927316,0.26493055555555556,0.680963627312946,0.16473331404320987,0.8675347222222222,0.8675347222222222,0.9735069444444444,0.9337673611111111,-0.22428732185249822,0.4799212030258313,0.26493055555555556,2.0147569444444446,0.49261646412037036,1.445815440994512,0.46262619274905403,0.5947916666666666,4.029513888888889,1.1808848854389569,0.24062198591820988,31.848484848484848,0.42932281393819854,0.3406795224977043,5.009801747959643,1.6580827067669173,8.141433712486343,0.4647926350777228,0.29491066519575293,1.6219562723826573,52.29099672257567,0.876074342717139,0.8977272727272727,0.3880380684512218,0.9462505748546044,4.780505078802776,0.2770628101732474,5.153846153846154,7.128205128205129,33.69230769230769,1.8262108262108263,0.30341880341880345,22.897435897435898,0.5871137409598948,0.7909280753215665,4.30829919587316,0.22576699825425992,2.336129533843314,0.5909090909090909,4.264299802761341,1.4788961038961042,0.14489571899012074,0.6670916183628048,0.3746556473829201,2.770619862079063,22.848484848484848,0.34618916437098257,0.6942148760330579,4.96969696969697,4.0,19.303030303030305,1.1001683501683501,0.2937710437710438,0.5451388888888888,2.9036195286195285,0.1566036522633745
2,1270,21,100.2,172.0,1645234.0,2.1179248229516388,46.0,2.086457612295837,199.0,24.708956307156335,137.87951807228916,145.0,83.0,116.0,19.220316328803737,140.7909669884477,-0.10828654791295364,1645234.0,0.25301204819277107,811.3348816954567,0.8216658753173075,121.76788192864542,90.6697303403953,49.0,100.05251329043499,221.74725804511507,4.525454245818675,83.0,0.11190376887378999,10.225,25.488225000000003,-2.4929999999999994,3.5625,0.010751206305844658,0.9222848040052338,0.175,0.5812867722513537,0.1325,0.9125,0.9125,0.9932692307692308,0.9708333333333334,-0.7795169851383347,0.9428641592589103,0.175,3.0374999999999996,0.33375,1.8787016960573468,0.9999999999999978,0.42500000000000004,6.074999999999999,1.703701696057347,0.9343750000000001,21.0,0.24793388429752067,1.2747858905501523,10.536461803242283,1.1635468329755472,12.353950761220915,0.245619741588598,0.209050215237167,2.3708643445265123,70.79959142464693,0.8980789910636173,0.9487951807228915,0.05096050446819135,0.9591132917561132,10.082089563747624,0.19990783364930922,10.424242424242424,1.803030303030303,19.136363636363637,0.3854250841750842,0.20683922558922557,41.303030303030305,0.6258034894398531,0.8160774410774412,8.313552188552189,0.16640151515151516,2.9229995105892312,0.7951807228915663,0.22153351698806242,0.1502057613168724,0.5684931506849316,0.7260824216702904,4.681583476764199,3.079595826731315,42.46987951807229,0.5116852953984613,0.26593119465815074,10.566265060240964,2.253012048192771,24.325301204819276,0.48779451137884877,0.20980254350736277,0.7001338688085676,7.1800535475234275,0.1436512717536814
0,1285,19,135.7,179.0,2041679.0,1.5981993690411687,23.75,2.5610727208951656,187.0,13.0821875,158.9125,161.0,119.0,68.0,9.253491124260353,159.7528951224359,-0.46517084378497037,2041679.0,0.3721875,267.80484375,0.6243477050614576,99.25139253762595,80.65977932030313,51.0,61.967379155020645,207.46298679765312,4.067901701914767,80.0,0.122025162314689,9.158333333333333,0.6743462962962973,0.010148148148148017,0.4072222222222222,0.004582031249999999,0.5819209039548018,0.15,0.3672488983973198,0.085,0.925,0.925,0.9911764705882353,0.97,-0.44602315247200874,0.5413366047341962,0.15,3.0083333333333333,0.6463888888888889,0.8600559822354622,0.5833333333333303,0.7416666666666667,6.016666666666667,0.7100559822354624,0.13930555555555554,29.775,0.31732840874115115,0.5498437500000001,8.894757039612083,1.507903862844655,13.41310588146031,0.22292675499341486,0.16360626224984126,1.892790742785159,67.94214867071135,0.9101686112483737,0.925,0.30245671221759945,0.9609269657174734,8.556296212007759,0.15854313144490753,8.894736842105264,3.263157894736842,29.105263157894736,0.43932748538011696,0.17580409356725146,37.94736842105263,0.6657433056325023,0.8401571637426901,7.495625,0.15502842755035734,2.597708811529241,0.7125,1.293321021852878,0.15454545454545457,0.6722689075630253,0.31935630503735773,3.9,2.703159452843493,33.9,0.42375,0.59,8.8875,3.15,28.0125,0.4161458333333333,0.16006944444444443,0.6569444444444444,5.85625,0.11765528549382716
1,1361,14,182.2,205.8,2402983.0,1.2163266413357345,13.5,3.4631691747882467,211.0,8.248425296044346,195.03174603174602,197.0,167.0,44.0,5.588504789670969,195.30127316939667,-0.9109876712575198,2402983.0,0.46384479717813043,105.20534139581756,0.6563011969892285,51.12754667955441,36.6742416417845,43.5,33.55507008491421,155.96551211459422,3.585414071599867,63.0,0.14990667966066057,5.881944444444444,0.8381339841963876,-0.08025763031550047,0.6201774691358025,0.032011315206074586,0.06585968379446638,0.5138888888888888,0.9001990436543993,0.21682098765432098,0.7430555555555555,0.7430555555555555,0.9486111111111111,0.8715277777777777,-0.20641280217252245,0.5888277524036158,0.5138888888888888,2.413194444444444,0.27994791666666663,1.9672828564060834,0.463837807457774,0.34027777777777773,4.826388888888888,1.4533939675171947,0.2835165895061728,29.22222222222222,0.4433106575963719,0.327034517510708,5.885444369467709,1.4857755272156097,8.588820023702729,0.3330238180295736,0.23269864581935396,1.5695870161049312,50.69698499016167,0.8734695052579369,0.9126984126984127,0.25413844575283095,0.945005358759949,5.503742089366173,0.2234423109299337,5.809523809523809,3.4523809523809526,19.30952380952381,0.7579365079365079,0.24735449735449735,23.095238095238095,0.5498866213151927,0.7691697710830364,4.228134110787172,0.20792662854383379,2.396470643519397,0.6666666666666666,1.2023809523809526,1.6588888888888886,0.12659075686537175,1.000280247406684,0.3655083655083655,2.622496555813826,23.88888888888889,0.37918871252204583,0.5598387503149407,5.920634920634921,3.4444444444444446,21.095238095238095,0.689594356261023,0.22839506172839508,0.5828924162257495,3.255731922398589,0.15179796198314718
0,1382,11,66.0,77.0,74760.0,0.9852281360342509,6.5,3.304521696252469,81.0,4.612244897959182,72.85714285714286,75.0,59.0,22.0,3.3888888888888906,73.07530362578044,-0.9936531251655536,74760.0,0.510204081632653,31.836734693877553,0.8136449883480966,13.708393272852655,13.038404810405298,7.5,11.153765484761323,38.76955262170044,5.169273682893392,14.0,0.25040602499355574,3.0,0.0,0.0,0.0,0.0,1.0,0.0,-3.203426503814917e-16,0.0,1.0,1.0,1.0,1.0,0.0,0.0,0.0,1.6666666666666667,1.0,-3.203426503814917e-16,0.0,1.0,3.3333333333333335,-3.203426503814917e-16,0.0,7.142857142857143,0.5041322314049587,0.24489795918367346,2.697802197802198,1.1730769230769231,3.217032967032967,0.6620879120879122,0.5755494505494505,1.2131925915123092,11.865384615384615,0.893491124260355,0.9464285714285714,0.05325443786982249,0.9567307692307692,2.5679945054945055,0.5539148351648351,2.6363636363636362,2.0,5.818181818181818,1.0454545454545454,0.5909090909090909,7.545454545454546,0.6859504132231405,0.851010101010101,2.244949494949495,0.5025252525252525,1.6767370300521311,0.7857142857142857,0.3801652892561983,0.0,1000000.0,0.0,0.0,2.120952031026402,7.0,0.5,0.3877551020408163,2.7142857142857144,2.4285714285714284,7.142857142857143,1.25,0.5714285714285714,0.7222222222222222,1.9246031746031744,0.42162698412698413
1,1258,7,165.1,165.9,54781.0,-3.203426503814917e-16,0.5,1.0,166.0,0.5,165.5,165.5,165.0,1.0,nan,165.50075528528563,0.0,54781.0,1.0,0.25,0.0,4.472135954999579,3.1622776601683795,1.0,0.0,5.6568542494923815,5.6568542494923815,2.0,0.62665706865775,nan,nan,nan,nan,0.0,nan,nan,nan,nan,nan,nan,nan,nan,nan,nan,nan,nan,nan,nan,1,nan,nan,nan,nan,2.0,1.0,0.0,nan,nan,nan,nan,nan,nan,nan,nan,nan,nan,nan,nan,nan,1.0,1.0,1.0,1.0,1.0,2.0,1.0,1.0,1.0,1.0,-3.203426503814917e-16,1.0,0.0,0.0,1000000.0,0.0,0.0,-3.203426503814917e-16,2.0,1.0,0.0,1.0,1.0,1.0,1.0,1.0,1.0,1.0,1.0
1,1361,16,137.0,160.0,888433.0,1.210187980488539,12.0,4.8213673571456575,168.0,8.090422367638311,146.7560975609756,147.0,111.0,57.0,4.84297520661157,147.20427154459753,-1.0173826628363203,888433.0,0.4693634741225462,131.74538964901842,0.9504333167929128,58.070223206897865,47.853944456021594,23.0,55.191874849436715,111.23759005323619,4.836416958836356,41.0,0.1528330494704456,4.208333333333333,0.3026620370370371,0.03703703703703713,0.42361111111111116,0.010485435014968831,0.06666666666666667,0.29166666666666663,0.7091479170272441,0.1736111111111111,0.8541666666666666,0.8541666666666666,0.9708333333333332,0.9270833333333333,-0.32500795292827656,0.5009264910107813,0.29166666666666663,2.020833333333333,0.46875,1.2508145836939106,0.433333333333333,0.5833333333333333,4.041666666666666,0.9591479170272441,0.17881944444444442,19.24390243902439,0.47231833910034604,0.3224271267102915,5.904807692307692,1.1341346153846152,6.383653846153846,0.27474626068376073,0.22678952991452994,1.3974656710697733,35.91634615384615,0.9148341962524655,0.9573170731707317,0.042582901873767266,0.9664663461538461,5.785096153846155,0.21480034722222222,6.264705882352941,1.6176470588235294,8.470588235294118,0.42728758169934644,0.20669934640522875,22.88235294117647,0.6730103806228374,0.8455882352941176,5.713235294117647,0.15155228758169934,1.629712170387479,0.8292682926829268,0.1634948096885813,0.42391304347826086,0.5256410256410255,0.3607588075880759,1.6585365853658538,1.770398399406762,22.5609756097561,0.5502676977989293,0.2248661511005354,5.804878048780488,2.024390243902439,9.463414634146341,0.5982384823848239,0.2323848238482385,0.7439024390243902,4.890243902439025,0.14092140921409213
2,1270,15,120.5,142.5,1151208.0,0.7928890572296128,11.0,7.607811324329187,147.0,7.515151515151516,131.66666666666666,133.5,86.0,61.0,4.816568047337278,132.0702292515064,-1.6350850001981028,1151208.0,0.6781450872359962,106.4343434343434,0.6216211963935093,78.1940212005636,57.271284253105414,43.0,48.60706100951377,169.5218613006986,3.9423688674581068,66.0,0.13712399185918292,8.517857142857142,0.03499193044564761,-0.021865889212827953,0.09311224489795919,0.0034899036276446744,0.3974358974358976,0.1607142857142857,0.39791819464558137,0.09311224489795919,0.9196428571428571,0.9196428571428571,0.9839285714285714,0.9598214285714286,-0.04310991809085064,0.14792999191931716,0.1607142857142857,2.919642857142857,0.7799744897959183,0.5586324803598669,0.10256410256410246,0.8392857142857143,5.839285714285714,0.39791819464558137,0.06345663265306123,44.75757575757576,0.54625,0.19742883379247014,7.835336538461538,1.8370592948717948,15.368870192307693,0.2478877314814815,0.15488114316239318,1.1837411553210633,52.75560897435897,0.8821157056418474,0.8977272727272727,0.538282424956854,0.9491733996616809,7.377897135416666,0.14923374312480214,7.3,6.3,55.0,0.7638888888888888,0.175,25.0,0.625,0.8146211419753087,5.631590277777778,0.15440234910836764,1.982228718913799,0.6060606060606061,3.5774999999999997,0.16376582278481014,0.6376811594202898,0.19342139342139344,2.5454545454545454,2.149667806674709,23.333333333333332,0.35353535353535354,0.7548209366391185,7.96969696969697,4.0606060606060606,35.515151515151516,0.48989898989898994,0.14983164983164984,0.5636574074074073,4.042613636363637,0.10134913954358399
1,1260,18,69.8,133.0,949154.0,2.059018617848851,50.0,1.646072005543584,146.0,23.886630475950007,99.91011235955057,97.0,40.0,106.0,20.60763888888889,103.26980045198722,-0.0249322590839388,949154.0,0.2470647645499306,682.6211336952404,0.6488398313087699,156.49320539858311,102.95630140987001,59.0,101.53902499178535,226.53405460951862,3.8395602476189596,89.0,0.12019805484560629,13.242142857142857,26.149070463478754,-0.9591477769679251,3.57718112244898,0.019126798483337565,0.9042205110048973,0.22964285714285715,0.6478866349694761,0.15369948979591835,0.8851785714285714,0.8851785714285714,0.9911675824175825,0.9617261904761905,-0.8305194451112975,0.9613711442633479,0.22964285714285715,3.5205357142857143,0.28706301020408165,2.0610395285707783,0.9999999999999976,0.36464285714285716,7.041071428571429,1.8313966714279222,0.9517059948979592,21.98876404494382,0.2565036420395421,1.2609519000126248,13.554691090550092,1.4524377834533975,20.169490137674956,0.16948711632474428,0.12270000185318716,2.3385075871855903,74.42363341487356,0.9020188275539307,0.9213483146067416,0.24484963572518842,0.9579045597388915,12.955437640626954,0.11860449982000583,13.258064516129032,3.1774193548387095,45.306451612903224,0.349655017921147,0.12947132616487456,39.67741935483871,0.6399583766909469,0.8248790322580645,10.784390681003584,0.1117865902528873,3.009241771290891,0.6966292134831461,1.1168054110301768,0.2477189781021898,0.3278084714548803,1.3207009852222358,2.613399916770703,3.3645992293062936,36.325842696629216,0.4081555359171822,0.5928544375710137,13.629213483146067,3.247191011235955,46.46067415730337,0.3440543071161049,0.12090199750312111,0.6379525593008739,8.417602996254683,0.08438497017616868
0,1382,23,140.0,162.0,973502.0,0.9587118829771312,13.75,2.496112095575828,174.0,7.859410430839001,151.95238095238096,153.0,134.0,40.0,5.906574394463668,152.24525952429207,0.2194415010809572,973502.0,0.528344671201814,89.09297052154194,0.8860022472348426,54.00334706717569,46.2709412050371,23.5,47.847086859720804,114.06601717798242,4.853873071403507,42.0,0.15065466549652093,2.208333333333333,0.3304398148148146,-0.16666666666666646,0.3402777777777778,0.011229888780909188,0.3666666666666666,0.20833333333333331,0.4795739585136219,0.11805555555555555,0.8958333333333333,0.8958333333333333,0.9583333333333333,0.9305555555555555,-0.3063871814377673,0.421725666946156,0.20833333333333331,1.4375,0.6076388888888888,0.9174812503605774,0.38333333333333297,0.7083333333333333,2.875,0.7091479170272442,0.1371527777777778,22.19047619047619,0.5330612244897959,0.23582766439909297,2.8627579737335838,1.1317776735459661,3.222420262664165,0.6091170262664165,0.5343105065666041,1.1811167881323852,36.939774859287056,0.9169516815152998,0.9583333333333333,0.0415241592423501,0.9670555816135084,2.772842401500938,0.515608876641651,2.8857142857142857,1.6,4.514285714285714,0.8714285714285714,0.5285714285714286,23.8,0.68,0.85,2.4785714285714286,0.44285714285714284,1.6712024890307162,0.8333333333333334,0.16,0.5833333333333333,1.0,0.047619047619047616,1.0,1.8735625185129927,23.333333333333332,0.5555555555555556,0.2222222222222222,2.857142857142857,2.0,5.571428571428571,1.1071428571428572,0.5357142857142857,0.75,2.1785714285714284,0.39285714285714285
2,1263,47,105.0,153.5,1222960.0,1.588138631812367,32.25,2.144694405663065,165.0,15.411357340720224,125.52631578947368,121.5,97.0,68.0,11.539999999999997,126.85258746816488,0.5001500576172435,1222960.0,0.38192520775623273,334.7229916897507,0.6529135885650309,111.42935123112336,78.56844150166147,49.0,72.75373758378599,196.14927829866804,4.003046495891184,76.0,0.12650749535205263,7.726190476190476,4.33449025868851,0.5824425008098499,1.2653061224489797,0.012303064404432134,0.7420630398614305,0.21428571428571427,0.6347645548498417,0.14965986394557823,0.8928571428571428,0.8928571428571428,0.9873949579831933,0.9571428571428572,-0.40224837855121076,0.6128238840136737,0.21428571428571427,2.714285714285714,0.5079365079365079,1.3570755594703456,0.6444318742846671,0.5833333333333333,5.428571428571428,1.1427898451846317,0.36989795918367346,29.026315789473685,0.3368595041322314,0.5905470914127424,7.171965948999848,1.4276591846083373,9.295577950832188,0.3078673058651872,0.21094600426697885,1.8996445413258942,64.06919529699191,0.8994726821015756,0.9276315789473684,0.22873248974496052,0.9564073194173073,6.894351410819329,0.20254620775977467,7.618181818181818,2.8727272727272726,17.036363636363635,0.6323232323232323,0.2097222222222222,34.89090909090909,0.6343801652892562,0.8237296433725005,6.532292310863739,0.1742439989463799,2.6821823460340415,0.7236842105263158,0.963305785123967,0.4776264591439689,0.3095723014256619,0.6958546576525346,1.551246537396122,2.8321380102894973,32.28947368421053,0.42486149584487537,0.5332409972299169,7.0394736842105265,3.026315789473684,18.460526315789473,0.6370614035087719,0.21107456140350875,0.6542397660818713,5.046783625730994,0.13869091130604286
2,1383,17,204.3125,242.4125,449759.5078125,1.3516441151533913,33.125,1.4154661784581528,247.3125,16.475308641975307,222.84722222222223,226.1875,196.5625,50.75,13.895408163265305,223.54703900037086,-0.06603101107827566,449759.5078125,0.4320987654320988,312.3941936728395,0.8293052939772402,52.21386119282465,38.47076812334269,5.0,43.301231506202264,24.627416997969508,4.925483399593902,9.0,0.3218630112880113,2.0,0.0,0.0,0.0,0.034750800182898944,-0.9999999999999991,1.0,-3.203426503814917e-16,0.0,0.5,0.5,0.8999999999999999,0.75,-1.0,0.9298734950321936,1.0,1.5,0.5,0.9999999999999993,0.9999999999999996,0.5,3.0,-3.203426503814917e-16,0.25,3.888888888888889,0.43209876543209874,0.4691358024691357,6.4444444444444455,1.0,6.4444444444444455,0.2561728395061728,0.2561728395061728,1.3516441151533913,9.0,1.0,1.0,0.0,1.0,6.4444444444444455,0.2561728395061728,6.444444444444445,1.0,6.444444444444445,0.2561728395061728,0.2561728395061728,9.0,1.0,1.0,6.444444444444445,0.2561728395061728,1.3516441151533913,1.0,0.0,0.07142857142857142,2.25,0.37962962962962954,4.0,1.3516441151533913,9.0,1.0,0.0,6.444444444444445,1.0,6.444444444444445,0.2561728395061728,0.2561728395061728,1.0,6.444444444444445,0.2561728395061728
2,1263,17,88.0,98.0,383952.0,0.4327501587887534,4.0,4.54289365991349,104.0,3.0548148148148155,92.26666666666667,92.0,79.0,25.0,1.8203067932797679,92.37026938721499,0.27106204817561497,383952.0,0.8380246913580247,19.128888888888884,0.660492651632246,53.422266897409386,39.20459156782532,26.5,35.28501471927549,119.48023074035558,4.508687952466248,45.0,0.15273262511977803,1.3333333333333333,0.36715133101851855,0.22945601851851855,0.2899305555555556,0.003599451303155007,0.41428571428571415,0.14583333333333331,0.4323934896284051,0.10243055555555555,0.9270833333333333,0.9270833333333333,0.9708333333333333,0.9513888888888888,-0.2805102366052129,0.3560373620859396,0.14583333333333331,1.1354166666666667,0.6796875,0.7810463540765215,0.3357142857142852,0.7916666666666666,2.270833333333333,0.6352130207431882,0.10894097222222221,37.71111111111111,0.830078125,0.08098765432098766,1.2710740620695244,1.2678758812089783,1.5938279920589904,1.1863878534964751,0.9322314844826189,0.8356447886027363,35.51127643626934,0.8547036706817535,0.9222222222222222,0.0895231646591233,0.9399754741421998,1.1973300240166023,0.8756368366735994,1.28125,2.59375,3.15625,2.453125,0.9296875,18.8125,0.587890625,0.7936197916666666,1.0045572916666667,0.7408854166666666,1.5744602933016394,0.7111111111111111,0.6162109375,0.6818181818181819,1.0,0.044444444444444446,1.0,1.8957897092120828,18.377777777777776,0.40839506172839507,0.5906172839506173,1.2666666666666666,3.2222222222222223,3.888888888888889,3.0555555555555554,0.9333333333333333,0.6304012345679013,0.7970679012345679,0.5887345679012346
1,1361,20,109.1,131.6,611730.0,0.9402859586706304,12.0,2.959948818758885,146.0,7.730158730158729,120.33333333333333,123.0,102.0,44.0,5.421875,120.6855418018248,0.24034366657469444,611730.0,0.5408163265306123,84.88888888888887,0.6567902146999933,91.94210139641348,62.0966987850401,25.5,60.38667251611896,111.33809511662444,4.366199808495076,42.0,0.16077970798304297,1.1979166666666665,0.036890100549768504,0.0019892939814815033,0.08289930555555555,0.02459912536443149,0.3583333333333335,0.19791666666666666,0.36546506931352096,0.08289930555555555,0.9010416666666666,0.9010416666666666,0.9604166666666667,0.9340277777777778,-0.07296322573184759,0.18455016588371154,0.19791666666666666,1.0989583333333333,0.7766927083333333,0.5633817359801876,0.14166666666666652,0.8020833333333333,2.1979166666666665,0.36546506931352096,0.07020399305555555,22.714285714285715,0.501953125,0.22959183673469388,2.1445993031358883,1.5048780487804878,2.649477351916376,1.2187282229965157,0.7138501742160279,1.10965750412596,37.55087108013937,0.950429409122364,0.9404761904761905,0.3578465199286139,0.979249237804878,2.1238485409407666,0.693099412020906,2.40625,3.25,4.65625,2.8984375,0.6484375,24.8125,0.775390625,0.89892578125,2.30517578125,0.54736328125,1.5167511633710786,0.7619047619047619,1.52734375,16.250000000000007,0.43076923076923074,0.11054421768707484,0.4444444444444444,1.9109162257718801,21.047619047619047,0.5011337868480725,0.5351473922902494,2.0714285714285716,2.7142857142857144,3.7857142857142856,2.4464285714285716,0.7321428571428571,0.7301587301587302,1.8015873015873016,0.46230158730158727
2,1264,37,106.8,179.2,611759.0,1.8647869792568095,22.0,2.9847856663322982,201.0,22.392361111111104,156.95833333333334,165.5,92.0,109.0,12.160493827160495,159.655749452794,-0.9905986267546943,611759.0,0.3368055555555555,854.0399305555555,0.6605352456043994,38.599391484462515,32.64965543462902,13.0,25.496258534369808,65.63961030678921,5.049200792829939,24.0,0.1947200238686501,23.75,0.0,0.0,0.0,0.020486111111111108,0.5000000000000002,0.25,-3.203426503814917e-16,0.0,0.875,0.875,0.9932432432432432,0.9642857142857143,-0.25,0.2324683737580484,0.25,4.875,0.875,0.24999999999999958,0.2499999999999999,0.875,9.75,-3.203426503814917e-16,0.0625,8.083333333333334,0.359504132231405,1.6388888888888888,16.05072463768116,1.0978260869565217,18.496376811594203,0.1647186996779388,0.16080565619967793,1.9749191625911775,21.815217391304344,0.9376181474480152,0.9687500000000001,0.031190926275992438,0.9755434782608696,15.439311594202898,0.15982739533011273,15.545454545454545,1.3636363636363635,24.636363636363637,0.18217171717171718,0.16762626262626262,20.09090909090909,0.9132231404958677,0.9595959595959596,14.535353535353535,0.166010101010101,1.9808259362290768,0.9166666666666666,0.17355371900826447,0.0646551724137931,0.8,1.6299145299145301,17.11111111111111,2.114786979256809,18.75,0.78125,0.4375,16.333333333333332,2.0,41.333333333333336,0.19699074074074074,0.15699074074074074,0.8888888888888888,13.555555555555555,0.1525462962962963
2,1263,23,155.4,179.4,579203.0,1.2192407046368479,14.75,2.4586147773816833,188.0,8.580000000000002,169.85,170.5,148.0,40.0,6.125,170.1768198081043,-0.4767836797236652,579203.0,0.4650000000000001,111.12750000000003,0.6215849186144379,32.32295233067138,26.0,12.0,20.091459693838722,53.25483399593898,4.437902832994915,20.0,0.2305879029928867,5.0,0.0,0.0,0.0,0.043666666666666666,4.440892098500626e-16,0.5,-3.203426503814917e-16,0.0,0.75,0.75,0.95,0.875,-0.5,0.4649367475160968,0.5,2.25,0.75,0.4999999999999995,0.4999999999999998,0.75,4.5,-3.203426503814917e-16,0.125,9.3,0.4506172839506173,0.3275,5.898684210526316,1.0789473684210527,6.214473684210526,0.2512061403508772,0.23146929824561407,1.3512334508038788,18.55263157894737,0.9501385041551247,0.975,0.02493074792243767,0.9802631578947368,5.819736842105263,0.22653508771929826,6.055555555555555,1.4444444444444444,7.833333333333333,0.3410493827160494,0.2299382716049383,16.11111111111111,0.8950617283950617,0.9506172839506173,5.8580246913580245,0.2175925925925926,1.5032583347756443,0.9,0.20987654320987653,0.8260869565217391,0.2631578947368421,1.4777777777777779,0.8375000000000001,1.8219280948873608,14.7,0.735,0.26,5.85,1.7,8.65,0.40694444444444444,0.23194444444444445,0.8805555555555555,5.372222222222222,0.2020833333333333
1,1360,22,193.1,227.0,4141633.0,1.1897676596443818,18.25,3.051133964329744,244.0,10.41304347826087,211.75,212.5,179.0,65.0,6.819665978607619,212.17386738238994,-0.07462689670519096,4141633.0,0.5304820415879017,179.68749999999997,0.8168339215604881,132.315365145838,95.29428104561154,50.5,108.07967859478276,252.17366491630818,4.993537919134815,92.0,0.0998966422476627,3.94375,1.8453122070312502,-0.34727343750000006,0.89046875,0.008624478324794753,0.552004517221908,0.28125,0.6914280318460239,0.16796875,0.859375,0.859375,0.971875,0.9296875,-0.47170277699160534,0.6521921556297949,0.28125,1.934375,0.38679687500000004,1.6881417892792308,0.6568181818181804,0.5125,3.86875,1.4068917892792312,0.29292968750000004,48.80434782608695,0.5131492439184747,0.303875236294896,4.2376910327607735,1.1281544620947952,4.717269361573895,0.40097322073461805,0.3510961812581017,1.4300205899483331,81.1101403418141,0.9186816618321957,0.9592391304347826,0.04065916908390216,0.9679613844763012,4.117796450557493,0.33862692138897255,4.269230769230769,1.641025641025641,6.717948717948718,0.5854700854700854,0.3536324786324786,58.61538461538461,0.7514792899408284,0.8900462962962964,3.815527065527065,0.31893251424501423,1.858629282532692,0.8478260869565217,0.24983563445101903,0.6780973451327433,0.300163132137031,0.23535923350177618,0.7437557816836263,2.120281232558855,53.41304347826087,0.5805765595463138,0.32844990548204156,4.217391304347826,2.0869565217391304,8.108695652173912,0.8109903381642513,0.35265700483091783,0.7886473429951691,3.377415458937198,0.2803442028985507
2,1380,23,101.0,126.5,578020.0,0.8325668802427395,9.75,3.822352369340407,145.0,8.701323251417767,111.52173913043478,109.0,91.0,54.0,5.252008765522279,112.09661981484118,1.029585155538125,578020.0,0.6984877126654063,128.55387523629489,0.9772904964303681,78.13756321325423,62.369864518050704,26.0,76.3630979425405,124.55129855222106,4.79043455970081,46.0,0.14512537207985193,3.9375,0.7392578125,-0.2109375,0.296875,0.0024930823813046218,0.9130434782608695,0.0625,0.2028195311147828,0.046875,0.96875,0.96875,0.99375,0.984375,-0.16314928839670825,0.22589181209072387,0.0625,1.96875,0.8359375,0.43749999999999944,0.24999999999999956,0.875,3.9375,0.37499999999999956,0.08984375,32.130434782608695,0.6785975164353543,0.17202268431001888,4.385501191315145,1.1745117285814959,5.03122252424578,0.338132408432796,0.2814230809385848,1.1243739561739534,38.851693009832545,0.8919077144079895,0.9456521739130435,0.05404614279600524,0.956372067854626,4.224070858082485,0.267245749065032,4.513513513513513,1.837837837837838,7.621621621621622,0.5420420420420421,0.27177177177177175,25.10810810810811,0.6785975164353543,0.8506006006006006,3.9767267267267266,0.21921921921921922,1.6513792982845004,0.8043478260869565,0.2921840759678598,0.14726027397260272,1.069767441860465,0.13812301166489926,2.5217391304347827,1.9394745334348764,23.043478260869566,0.500945179584121,0.41965973534971646,4.3478260869565215,2.4782608695652173,9.869565217391305,0.751207729468599,0.28381642512077293,0.7270531400966184,3.353864734299517,0.1911231884057971
2,1270,10,77.0,97.2,213834.0,0.8710955350455414,8.5,2.5579116571982214,103.0,6.148148148148148,88.66666666666667,90.0,74.0,29.0,4.045351473922902,88.99313331812617,-0.34025638859818463,213834.0,0.6817558299039781,58.00000000000001,0.7925266989209865,31.39082182749924,28.178005607210743,17.5,24.878064399364824,67.98275605729687,3.884728917559821,27.0,0.21813491713680874,3.8125,0.328125,-0.1875,0.1875,0.0,0.9999999999999998,0.0,-3.203426503814917e-16,0.0,1.0,1.0,1.0,1.0,-0.24999999999999994,0.2239707756085258,0.0,1.9375,0.90625,0.2028195311147828,0.24999999999999956,0.9375,3.875,0.2028195311147828,0.046875,18.40740740740741,0.6124567474048442,0.1838134430727023,4.074764492753624,1.4780978260869566,5.889329710144928,0.46896940418679545,0.3249884259259259,1.398584362025541,19.261847826086957,0.8089102315689981,0.8796296296296295,0.1810556592627599,0.9157412439613526,3.7621859903381645,0.2978096064814815,4.235294117647059,4.529411764705882,17.823529411764707,1.3366013071895424,0.32189542483660133,9.470588235294118,0.5570934256055363,0.7659063625450181,3.431272509003602,0.23028378017873816,2.011920928594791,0.6296296296296297,2.0069204152249136,0.0,1000000.0,0.0,0.0,2.572083910698743,8.851851851851851,0.3278463648834019,1.4430727023319614,4.037037037037037,5.296296296296297,20.555555555555557,1.5637860082304527,0.3230452674897119,0.5457818930041153,2.3868312757201653,0.1678240740740741
2,1263,11,54.2,71.9,89873.0,0.43949698692151273,7.25,2.9356530805851753,74.0,5.545454545454546,63.5,64.0,47.0,27.0,3.15625,63.915071490504985,-0.6981178296169711,89873.0,0.8347107438016528,52.886363636363626,0.8109195414978835,19.916139496718277,17.0,14.5,16.15038670908667,53.84062043356589,3.7131462367976473,22.0,0.2507141682322758,3.65,0.03642500000000003,-0.024000000000000042,0.10249999999999998,0.011269722013523666,0.38888888888888906,0.175,0.43048202372184013,0.10250000000000001,0.9125,0.9125,0.965,0.9416666666666667,-0.04632890632823013,0.1610129661854988,0.175,1.9125,0.75875,0.6054820237218399,0.11111111111111086,0.825,3.825,0.43048202372184013,0.069375,18.363636363636363,0.7688888888888888,0.08264462809917356,3.68734335839599,1.4655388471177946,5.549498746867168,0.44454887218045114,0.3281641604010025,1.0231292721762975,15.034043441938179,0.7759460611986665,0.8750000000000001,0.1473455289574535,0.8982351712614871,3.280284043441938,0.30272295321637427,3.6,3.2,12.4,0.9,0.35,8.733333333333333,0.5822222222222222,0.7859999999999999,2.7439999999999998,0.2965,1.5546097612655652,0.6818181818181818,1.0488888888888888,0.3157894736842105,0.9166666666666667,0.09917355371900825,0.6666666666666666,2.184927072396034,7.545454545454546,0.34297520661157027,1.7272727272727273,3.727272727272727,5.7272727272727275,22.636363636363637,1.5,0.3181818181818182,0.582550505050505,2.0574747474747475,0.21381944444444442
2,1380,29,136.0,196.0,920970.0,2.006134089387568,29.0,2.7980799379619405,221.0,19.065556711758582,170.70967741935485,176.0,116.0,105.0,13.408000000000001,172.3621468809766,-0.43745073701172604,920970.0,0.2903225806451613,566.9157127991674,0.9112945684055815,39.61740155387896,33.24154027718932,16.5,36.103122850392744,86.02438661763959,5.213599188947854,31.0,0.16738838510065762,10.666666666666666,13.041666666666666,0.0,2.1666666666666665,0.013775972609177267,0.5061728395061729,0.3333333333333333,0.6666666666666661,0.16666666666666666,0.8333333333333334,0.8333333333333334,0.9871794871794872,0.9444444444444445,-0.3836885465963438,0.48034423494965545,0.3333333333333333,3.1666666666666665,0.5833333333333334,0.9999999999999994,0.44444444444444375,0.6666666666666666,6.333333333333333,0.6666666666666661,0.625,9.0,0.2729766803840878,1.0676378772112383,12.31857619577308,1.1017241379310345,13.584093437152394,0.1704228618217773,0.16155073538499568,2.154615152857756,28.102298850574712,0.9356731404412737,0.967741935483871,0.03216342977936319,0.9745689655172415,12.002196885428255,0.15933270377580028,12.296296296296296,1.4444444444444444,17.85185185185185,0.20840534979423866,0.16982510288065844,20.185185185185187,0.747599451303155,0.8888888888888888,10.907407407407407,0.16018004115226336,2.5736336877345365,0.8709677419354839,0.1262002743484225,0.05882352941176471,1.107142857142857,1.0081797235023042,7.983870967741936,2.667297826851999,19.129032258064516,0.6170655567117586,0.1914672216441207,12.32258064516129,1.7741935483870968,22.0,0.22631720430107527,0.15911290322580646,0.8064516129032258,9.903225806451612,0.14231182795698927
2,1383,31,201.8,243.0,1454669.0,1.3395722619867214,20.0,3.8881048654611443,246.0,12.804444444444444,219.56666666666666,219.0,169.0,77.0,9.856000000000002,220.20210413769135,-0.5583936777059403,1454669.0,0.4466666666666667,279.4455555555555,0.9291741493552769,44.34607127482434,39.56008088970496,19.0,41.20522305403338,78.22539674441614,4.117126144442955,30.0,0.1975304067406508,11.166666666666666,0.024495442708333332,-0.02734375,0.036458333333333336,0.0039722222222222225,0.6444444444444445,0.041666666666666664,0.18118814773319836,0.036458333333333336,0.9791666666666666,0.9791666666666666,0.9975490196078431,0.9916666666666667,-0.0059451202687033885,0.036452849926664616,0.041666666666666664,3.3125,0.9244791666666666,0.2228548143998649,0.02222222222222202,0.9583333333333334,6.625,0.18118814773319836,0.01953125,13.4,0.5056689342403629,0.4766666666666666,11.05493503248376,1.606071964017991,20.390017491254373,0.17140110500305403,0.13100723943583764,1.4867052335717514,25.849700149925038,0.9260635799042007,0.925,0.39566386222181255,0.9682690542483859,10.637757141837245,0.12839546337233876,10.047619047619047,3.7142857142857144,51.476190476190474,0.332010582010582,0.14847883597883596,14.238095238095237,0.6780045351473923,0.8462099125364431,8.086977648202138,0.13539473329014146,2.022106112739837,0.7,1.6734693877551017,0.058823529411764705,1.3636363636363635,0.39446240034475333,12.622222222222222,2.3940879961000445,12.6,0.42,0.5733333333333333,11.366666666666667,3.1333333333333333,42.7,0.2787037037037037,0.1259259259259259,0.6518518518518519,6.496296296296296,0.09930555555555556
2,1383,45,115.0,140.8,1699045.0,1.1201286411928681,16.5,2.528419982240555,155.0,8.476576491658026,128.02912621359224,128.0,105.0,50.0,6.485411525620553,128.43512963465972,0.1366411615458171,1699045.0,0.4992930530681497,104.12536525591474,0.859669837475522,110.21252247874402,86.02325267042627,65.0,94.74638128706917,267.7888886054579,4.119829055468583,103.0,0.10672571119273355,2.3890873015873018,1.0231840224704425,0.14243758573388227,0.744347442680776,0.005334767461995946,0.7812156593406584,0.08849206349206348,0.39098167673681306,0.07780360292265055,0.9557539682539682,0.9557539682539682,0.9911507936507936,0.9778769841269841,-0.5607646318895361,0.7624591321320405,0.08849206349206348,1.4777777777777776,0.5057766439909297,1.2498724855566774,0.7812156593406584,0.6279761904761904,2.9555555555555553,1.1613804220646142,0.20820987654320988,51.42718446601942,0.49431944753842727,0.2825902535582996,3.0659506558999072,1.4788516166097476,4.581679486770291,0.7389026310469929,0.5192703180024044,1.5254188772778914,80.48568510420989,0.8591369176036506,0.9077669902912622,0.2541113425956768,0.9414629106910445,2.9229497777316746,0.48184917590826803,3.1940298507462686,3.8656716417910446,11.477611940298507,2.0124378109452734,0.5012437810945274,38.791044776119406,0.5789708175540209,0.7881187810945274,2.6139925373134325,0.38140158582089556,2.3854976138809483,0.6504854368932039,1.5023390510135886,0.6644927536231884,0.3369683751363141,0.20816177586719856,1.0951456310679613,2.632082509495967,37.89320388349515,0.36789518333490434,0.6594400980299745,3.0388349514563107,3.679611650485437,10.320388349514563,2.051779935275081,0.522653721682848,0.5839401294498382,1.8930016181229772,0.28903721682847894
2,1263,47,53.5,105.0,818379.0,1.7381493331928648,25.25,2.666921011942986,110.0,15.389607988165682,86.6826923076923,94.0,43.0,67.0,10.886904761904763,88.7075467260472,-0.9503044770230366,818379.0,0.3372781065088758,355.139700443787,0.737369697924877,145.79383040795904,114.42464769445436,58.5,107.5039526872275,282.8010819142779,4.8342065284491955,104.0,0.09587421000867404,9.816666666666666,18.358516666666663,0.04500000000000132,2.7216666666666667,0.007396449704142014,0.9185797402997722,0.15,0.5093284623230306,0.1127777777777778,0.925,0.925,0.9911764705882353,0.97,-0.7962292423357495,0.9388843054223593,0.15,3.0,0.35305555555555557,1.6987084225518534,0.9999999999999979,0.45833333333333337,6.0,1.5487084225518537,0.7179166666666666,35.07692307692308,0.33503401360544216,0.7692307692307693,9.72629077149201,1.1718297526347063,11.598017324952309,0.2131589480112442,0.18760169527229636,2.002682784692064,89.76152703505645,0.9079249760081756,0.9495192307692306,0.06053709525399462,0.96277237458868,9.350036137084642,0.18157049538426925,9.642857142857142,1.8333333333333333,18.738095238095237,0.31464947089947093,0.19221230158730157,57.11904761904762,0.6799886621315193,0.851603835978836,8.235449735449736,0.16599208645649619,2.5714343345631097,0.8076923076923077,0.30045351473922904,0.16666666666666666,0.6190476190476191,0.2816849816849817,3.0256410256410255,2.8498247718483842,53.86538461538461,0.5179363905325444,0.3753698224852071,9.76923076923077,2.3461538461538463,24.596153846153847,0.3827457264957265,0.18589743589743588,0.7332398504273504,7.104166666666666,0.14156585722340928
2,1264,29,76.4,151.20000000000002,599087.0,2.218027829869573,49.0,2.2503045694884003,159.0,25.646295294753916,114.20930232558139,117.0,42.0,117.0,19.364554637281913,118.0349770786333,-0.3946083859658921,599087.0,0.23958896700919413,888.4910762574366,0.7799066577243968,42.53286548006215,43.829214001622255,25.0,33.17166495999664,114.65180361560934,4.5860721446243735,43.0,0.1545945022241416,16.766666666666666,52.590649479166665,-6.829687499999998,4.258541666666666,0.037774451725424596,0.5538916210970722,0.8875000000000001,0.6260392034502904,0.146875,0.5729166666666666,0.5662499999999999,0.9737162162162163,0.8749999999999999,-0.6218318952424812,0.9356801351646562,0.8,3.96875,0.1907291666666667,2.5569602975157943,0.9357815448929666,0.2791666666666667,7.9375,1.7194602975157958,1.3115104166666667,10.30232558139535,0.235,1.4332071389940508,18.115961699484107,1.0544425087108014,19.316310131539854,0.09920662306013978,0.09662713699742201,2.296191110595899,40.810685249709636,0.9651782089000581,0.9825581395348837,0.017410895549970933,0.9863893728222997,17.815874591470166,0.09598226548174256,17.9,1.225,22.85,0.11005555555555555,0.09936805555555554,34.45,0.86125,0.94375,16.6625,0.09669618055555554,2.542965207485572,0.9302325581395349,0.06937499999999999,0.18951612903225806,0.2613981762917933,5.330847371995294,3.318741450068399,2.6551364873515952,32.674418604651166,0.7598702001081665,0.12006489994591671,18.186046511627907,1.4186046511627908,27.3953488372093,0.1156330749354005,0.09574935400516794,0.8953488372093024,15.883720930232558,0.0907784237726098
2,1264,17,82.6,105.80000000000001,465851.0,0.7871900872958204,8.0,11.21462676847053,112.0,6.897116411534354,93.15094339622641,94.0,42.0,70.0,3.5978584176085673,93.75308799945718,-1.943591162563348,465851.0,0.687433250266999,112.54325382698467,0.7207427081773558,66.40613038242985,53.36665625650534,32.5,47.86173425141107,139.37972567696735,4.288606943906688,53.0,0.1449929904158764,10.020833333333332,0.6244212962962966,0.33564814814814853,0.4097222222222222,0.0,0.9999999999999996,0.0,-3.203426503814917e-16,0.0,1.0,1.0,1.0,1.0,-0.49999999999999983,0.4531868783201133,0.0,3.145833333333333,0.7951388888888888,0.4323934896284052,0.49999999999999933,0.8541666666666666,6.291666666666666,0.4323934896284052,0.10243055555555555,36.43396226415094,0.6435185185185185,0.2278390886436454,10.067005802320928,1.5378857906799084,15.120120775582958,0.17923140531465112,0.12093953174704225,1.1348025910315545,43.280189712248536,0.8915235150860585,0.9150943396226414,0.33177874297156346,0.9550930831612948,9.609807836486869,0.11631817789194802,10.13888888888889,3.9166666666666665,37.94444444444444,0.43962191358024694,0.1263503086419753,25.333333333333332,0.7037037037037037,0.8517071759259259,8.631413966049383,0.11107360253772292,1.7934888905079143,0.6792452830188679,1.7492283950617282,0.0,1000000.0,0.0,0.0,2.2694241157803168,21.566037735849058,0.4069063723745105,0.7461730153079388,10.037735849056604,3.5660377358490565,34.9811320754717,0.3919025157232705,0.11962788259958071,0.6421645702306079,6.501703354297693,0.08205945725599813
2,1380,27,182.0,218.0,1663237.0,1.5594303716868219,16.0,3.845874843609783,229.0,12.50327186198691,200.70731707317074,202.0,153.0,76.0,7.794306703397614,201.4119065436822,-0.9060108484464396,1663237.0,0.3991671624033314,283.32897085068413,0.8149583238292161,73.32969225030966,55.10898293381942,22.5,59.760643083224615,112.06601717798242,4.980711874576996,41.0,0.15004525076043676,8.375,0.8645833333333333,-0.25,0.4583333333333333,0.01581843302073711,-0.26666666666666633,0.5833333333333333,0.7295739585136218,0.18055555555555555,0.7083333333333333,0.7083333333333333,0.9656862745098039,0.8833333333333334,-0.4105525656413842,0.6562294583560839,0.5833333333333333,2.875,0.3888888888888889,1.5314536459234767,0.5853492022867537,0.5,5.75,0.9481203125901438,0.26041666666666663,16.365853658536587,0.3681632653061224,0.5306365258774539,7.309690177982861,1.118581081081081,8.27556855636124,0.2358563021863327,0.2198653111953417,1.7665741114913311,36.741216216216216,0.9274146274653031,0.9634146341463414,0.03629268626734843,0.9703547297297297,7.068220583388266,0.21586756344759392,7.2,1.5714285714285714,11.914285714285715,0.3061507936507937,0.23075396825396827,26.2,0.7485714285714286,0.8888888888888888,6.307142857142857,0.2154320987654321,2.2600222555925393,0.8536585365853658,0.19918367346938776,0.23727422003284074,0.4256055363321799,0.9744367015098723,1.9556541019955653,2.3900095864431687,24.414634146341463,0.5954788816180845,0.25580011897679955,7.341463414634147,1.9268292682926829,14.951219512195122,0.3399390243902439,0.21663279132791327,0.7953929539295393,5.682926829268292,0.18881737428485396
2,1383,37,158.0,208.0,1108339.0,1.5095457167897188,21.0,2.4492104392098635,219.0,14.13943808532778,188.2258064516129,191.0,152.0,67.0,10.343195266272188,189.08429593105276,-0.4669130268255792,1108339.0,0.36940686784599375,323.91675338189384,0.8634129943191213,53.760507265680936,44.10215414239989,17.5,46.41752055437645,83.7817459305203,4.787528338886874,31.0,0.17700052314006773,4.555555555555555,0.04552469135802472,0.024691358024691423,0.1574074074074074,0.022020073176462693,0.15555555555555575,0.27777777777777773,0.6394319446848292,0.1574074074074074,0.861111111111111,0.861111111111111,0.9722222222222222,0.9305555555555555,-0.07518290858368987,0.25667941897942465,0.27777777777777773,2.138888888888889,0.625,0.9172097224626069,0.17777777777777762,0.7222222222222222,4.277777777777778,0.6394319446848292,0.10879629629629628,11.451612903225806,0.3494897959183674,0.5119667013527576,4.800444938820912,1.1017241379310345,5.20734149054505,0.408838524286244,0.3834074898034854,1.679908810623096,28.102298850574712,0.9356731404412737,0.967741935483871,0.03216342977936319,0.9745689655172414,4.698720800889878,0.3770497311827957,4.857142857142857,1.3928571428571428,6.428571428571429,0.49107142857142855,0.39285714285714285,24.214285714285715,0.8647959183673469,0.941468253968254,4.6230158730158735,0.3782242063492064,1.9002088357626858,0.9032258064516129,0.16709183673469388,0.5217391304347826,0.6458333333333334,0.36217008797653955,1.774193548387097,2.1104873452765145,22.225806451612904,0.7169614984391259,0.38501560874089485,4.774193548387097,1.967741935483871,8.64516129032258,0.6209677419354839,0.3790322580645161,0.8655913978494624,4.236559139784947,0.34543010752688175
2,1263,29,109.8,162.0,379689.0,1.4854752972273333,24.25,2.3554163809365916,173.0,14.739999999999998,136.55,138.5,103.0,70.0,11.114186851211073,137.78407019681194,-0.05098918647567648,379689.0,0.38,338.54750000000007,0.7772698459014422,39.29848368160931,29.546573405388315,10.0,30.54552635536481,56.56854249492373,5.6568542494923735,20.0,0.1981663648803008,nan,nan,nan,nan,0.0,nan,nan,nan,nan,nan,nan,nan,nan,nan,nan,nan,nan,nan,nan,nan,nan,nan,nan,nan,7.6,0.38,0.49,4.1,1.0,4.1,0.44722222222222224,0.44722222222222224,1.4854752972273333,20.0,1.0,1.0,0.0,1.0,4.1,0.44722222222222224,4.1,1.0,4.1,0.44722222222222224,0.44722222222222224,20.0,1.0,1.0,4.1,0.44722222222222224,1.4854752972273333,1.0,0.0,0.0,1000000.0,0.0,0.0,1.4854752972273333,20.0,1.0,0.0,4.1,1.0,4.1,0.44722222222222224,0.44722222222222224,1.0,4.1,0.44722222222222224
0,1281,10,119.4,147.8,235220.0,1.1401156785146083,17.0,2.1551264548788267,153.0,9.23076923076923,134.0,134.0,112.0,41.0,5.60493827160494,134.51336793733978,-0.1368854083665898,235220.0,0.5384615384615384,137.84615384615384,0.5021310865108235,13.386440916483226,12.36931687685298,8.0,6.721748121906667,34.28427124746188,4.285533905932735,13.0,0.29245227428499826,3.5833333333333335,0.020833333333333332,0.0,0.08333333333333333,0.04005461993627674,-0.1111111111111107,0.3333333333333333,0.6037593748197104,0.3333333333333333,0.8611111111111112,0.85,0.9576923076923077,0.9249999999999999,-0.38368854659634316,0.46815788660626323,0.1875,1.9166666666666667,0.65625,0.8537593748197102,0.444444444444442,0.75,3.8333333333333335,0.33333333333333287,0.14583333333333334,7.0,0.40625,0.28402366863905326,3.6564102564102563,1.4,5.256410256410256,0.5313390313390314,0.4313390313390313,1.5721878413000372,9.983333333333333,0.8386111111111112,0.903846153846154,0.14069444444444446,0.9277777777777778,3.3675213675213675,0.41328347578347574,3.5,4.375,17.0,1.3576388888888888,0.5138888888888888,4.75,0.59375,0.78625,2.645,0.46045138888888887,2.1556390622295645,0.6153846153846154,1.734375,0.2583333333333333,0.838709677419355,1.1192307692307693,1.0629370629370631,2.199687794731326,4.6923076923076925,0.3609467455621302,0.6390532544378698,3.6923076923076925,3.769230769230769,14.76923076923077,1.1047008547008548,0.41239316239316237,0.5641025641025641,1.9487179487179487,0.30341880341880345
1,1361,20,112.0,154.0,1559636.0,1.6130634007370852,19.0,3.0110985222456166,168.0,13.245674740484427,134.42352941176472,136.0,88.0,80.0,9.250157529930686,135.45722137829867,-0.5201090940732851,1559636.0,0.39321799307958477,278.97356401384087,0.8499654259175724,110.37560329005393,81.27115109311545,51.0,93.8154466613397,225.16147160748818,4.4149308158331015,85.0,0.11243355471759087,8.251190476190475,1.9149619367701733,-0.1043776050102567,0.9418990929705218,0.023447995115001022,0.212212084182941,0.49404761904761907,1.0763576142187838,0.32366780045351473,0.7821428571428571,0.7704761904761904,0.9637324929971989,0.9070238095238096,-0.43856782704514874,0.7287341102066224,0.34092261904761906,2.8494047619047618,0.3262237811791383,1.9152217662131177,0.712499999999999,0.4386904761904762,5.6988095238095235,1.5086741471654992,0.4027366780045351,33.423529411764704,0.3600476096012696,0.5979238754325259,8.872217622751403,1.1472540251421601,10.329538316012695,0.19992187455871305,0.1835359571700505,1.8480734201429203,74.64080826016543,0.9173069285573324,0.9558823529411764,0.05023934136145557,0.9667026681167105,8.564146239872086,0.17965923872302553,8.76056338028169,1.647887323943662,15.169014084507042,0.2658450704225352,0.19346635367762127,50.49295774647887,0.7111684189644911,0.8693270735524257,7.549687010954617,0.1780885932881238,2.347921580202258,0.8352941176470589,0.21463995239039874,0.6636971046770601,0.14261744966442952,1.2422704931029016,0.7976470588235294,2.583345926659861,46.83529411764706,0.5510034602076125,0.32249134948096886,8.905882352941177,2.152941176470588,20.08235294117647,0.31029411764705883,0.1803921568627451,0.7640522875816993,6.673856209150327,0.1530909586056645
1,1361,20,76.5,100.0,600885.0,0.8624125564514281,14.0,2.3891309287820253,109.0,7.474722991689751,88.46052631578948,89.0,72.0,37.0,5.48562214458479,88.917836112601,0.16728470059769796,600885.0,0.6838642659279778,81.11686288088644,0.6743996014172465,114.14887022075905,85.47514258543241,42.0,76.9819525791089,207.16147160748812,4.932415990654479,76.0,0.11089720224982134,4.625,0.6203703703703702,0.3333333333333335,0.3611111111111111,0.0,0.9999999999999993,0.0,-3.203426503814917e-16,0.0,1.0,1.0,1.0,1.0,-0.49999999999999944,0.4424472607179909,0.0,2.125,0.8194444444444444,0.3920795639257104,0.4999999999999988,0.875,4.25,0.3920795639257104,0.09027777777777778,51.973684210526315,0.6882558452029024,0.1814404432132964,4.364805363093034,1.1868064737927753,5.27274554397842,0.32859016061070856,0.2863528278768005,1.1621677062143057,64.24581371978633,0.8943931054394852,0.944078947368421,0.06275242687209408,0.9572666355200603,4.1536933337447035,0.27678555818538697,4.245901639344262,1.8688524590163935,8.459016393442623,0.49453551912568305,0.2978142076502732,41.032786885245905,0.6726686374630476,0.847108378870674,3.449908925318762,0.2647142531876138,1.661384351947992,0.8026315789473685,0.3165815640956732,0.0,1000000.0,0.0,0.0,2.014415216353672,37.73684210526316,0.49653739612188363,0.45775623268698057,4.394736842105263,2.5526315789473686,11.789473684210526,0.6381578947368421,0.28289473684210525,0.7219480994152047,2.9864766081871346,0.22160544590643275
0,1276,25,132.5,171.5,589667.0,1.6143308351592642,23.0,2.344952912064634,176.0,13.402366863905325,149.73076923076923,148.0,116.0,60.0,9.485,150.59714472724906,-0.15094881628373794,589667.0,0.3727810650887574,260.1967455621302,0.578743711638055,38.37107561436372,32.69556544854363,15.5,22.207018720601322,68.81118318204304,4.439431173035035,26.0,0.2028204563992242,8.61111111111111,1.5432098765432112,0.24691358024691443,0.8518518518518521,0.0053482020937642245,0.8823529411764701,0.1111111111111111,0.3060986113514961,0.07407407407407408,0.9444444444444443,0.9444444444444443,0.9934640522875817,0.9777777777777779,-0.561777159653862,0.6199156633547958,0.1111111111111111,2.888888888888889,0.5925925925925926,0.9727652780181623,0.6666666666666662,0.611111111111111,5.777777777777778,0.8616541669070513,0.24074074074074073,9.692307692307692,0.3968253968253968,0.5562130177514794,6.44551282051282,1.1875,8.19551282051282,0.270610754985755,0.2469562410968661,1.8134696263045536,21.749999999999996,0.8854166666666667,0.9423076923076923,0.05729166666666666,0.953125,6.00801282051282,0.24104261262464388,5.9523809523809526,1.8095238095238095,13.523809523809524,0.36904761904761907,0.2662037037037037,14.238095238095237,0.6780045351473923,0.8505291005291005,4.535714285714286,0.24637161963550852,2.1623687835734997,0.8076923076923077,0.2766439909297052,0.07999999999999999,1.625,0.34715284715284717,9.641025641025642,2.4856778363920937,12.846153846153847,0.4940828402366864,0.4792899408284024,6.615384615384615,2.6153846153846154,21.615384615384617,0.44017094017094016,0.23985042735042733,0.7243589743589743,4.019230769230769,0.20401531339031337
0,1284,15,117.9,141.3,511792.0,1.158938532350276,12.25,3.4353652305547593,156.0,8.013333333333332,130.2,130.0,105.0,51.0,5.295138888888888,130.61291411393182,0.17428187094188385,511792.0,0.52,107.69333333333336,0.6750478233450714,32.838047478822325,26.68332812825267,20.0,22.16725247348112,75.39696961967003,3.7698484809835016,30.0,0.21026454074207426,2.375,0.2080078125,0.0703125,0.234375,0.010864197530864199,0.033333333333333506,0.4375,0.4528195311147827,0.109375,0.78125,0.78125,0.95625,0.890625,-0.32937955589633955,0.4794625832999335,0.4375,1.53125,0.5546875,1.0624999999999991,0.44999999999999973,0.625,3.0625,0.6249999999999996,0.16796875,15.6,0.6239669421487604,0.29333333333333333,3.6469827586206893,1.3850574712643677,4.3596264367816095,0.7213960727969349,0.41823515325670496,1.3034791880974415,26.09698275862069,0.9276438020214031,0.9333333333333333,0.20935518232263178,0.9678097062579821,3.567618135376756,0.397838441890166,4.045454545454546,2.727272727272727,7.2727272727272725,1.6919191919191918,0.33964646464646464,15.0,0.6818181818181818,0.8477777777777777,3.6697474747474748,0.24329545454545454,1.7047334852678506,0.7333333333333333,0.8677685950413223,0.3431372549019608,0.6428571428571428,0.38989898989898997,1.7999999999999998,2.194949047732141,13.466666666666667,0.4488888888888889,0.5155555555555555,3.533333333333333,2.8666666666666667,7.4,1.8074074074074074,0.4407407407407407,0.6814814814814815,2.8259259259259255,0.21944444444444444
2,1263,25,50.4,66.0,160126.0,0.3533593350214207,7.0,2.3826636284048175,73.0,5.0814814814814815,59.333333333333336,60.0,47.0,26.0,3.6759259259259256,59.65195349320553,-0.07888920621955252,160126.0,0.8755555555555556,37.911111111111104,0.8929999936560813,50.99635620152688,39.293765408777,28.5,45.53974576444677,117.33809511662452,4.117126144442966,45.0,0.16128290173300405,3.75,0.13740283493369915,-0.06721536351165987,0.11728395061728393,0.004839506172839506,0.7923076923076923,0.08333333333333333,0.22957395851362195,0.055555555555555566,0.9583333333333334,0.9583333333333334,0.9833333333333334,0.9722222222222222,-0.005816749272820494,0.04930100676905532,0.08333333333333333,1.9305555555555556,0.8441358024691358,0.4212443621216809,0.0423076923076922,0.8888888888888888,3.861111111111111,0.33791102878834767,0.05015432098765431,39.4,0.8861340679522498,0.06222222222222222,3.80450508793532,1.233705732252244,4.681635709251988,0.3717232380023078,0.29887372801616985,0.6935997424299286,36.93424889064424,0.8763580035594764,0.9333333333333333,0.07858628421631704,0.9486960740594461,3.6137124610961817,0.2824419773002622,3.8181818181818183,2.1515151515151514,8.151515151515152,0.6515151515151515,0.29545454545454547,17.727272727272727,0.5371900826446281,0.7457912457912458,2.8695286195286194,0.21485690235690236,1.3847580317422465,0.7333333333333333,0.29201101928374656,0.4259259259259259,0.6521739130434783,0.06814814814814814,0.5714285714285714,1.4768035901940906,21.533333333333335,0.4785185185185185,0.29333333333333333,3.8,2.6444444444444444,9.977777777777778,0.8111111111111111,0.3,0.6135802469135803,2.354320987654321,0.1783950617283951
2,1270,29,92.3,136.7,734304.0,1.6885964628380266,26.75,2.1939101446070297,152.0,15.009602194787378,115.25925925925925,113.5,81.0,71.0,11.099773242630382,116.61141548845988,0.0885148568430997,734304.0,0.3395061728395062,313.52537722908096,0.8813115359488581,86.72173298618841,70.45565981523414,33.0,76.42886369820445,142.2081528017135,4.3093379636882885,54.0,0.14319814981102302,6.75,9.2548828125,0.3984375,1.734375,0.01659003539433352,0.3109821620459919,0.5,0.6556390622295659,0.15625,0.75,0.75,0.9705882352941178,0.9000000000000001,-0.7369701290179279,0.9239122344386889,0.5,2.53125,0.36328125,1.7499999999999984,0.9999999999999959,0.5,5.0625,1.2499999999999991,0.55859375,18.333333333333332,0.3358572201189832,0.6323731138545954,5.36830170102229,1.177130467571644,6.428774928774929,0.4039225651383535,0.35685510033191814,1.9018704959258046,46.595446832579185,0.9063011731733244,0.9490740740740741,0.06084680924667117,0.961504420144126,5.126331542232277,0.34653499338956856,5.209302325581396,2.046511627906977,11.069767441860465,0.646640826873385,0.3748385012919897,29.651162790697676,0.6895619253650622,0.8555813953488371,4.213023255813954,0.33619024547803616,2.357861981346692,0.7962962962962963,0.46944294213088156,0.4352409638554217,0.3737024221453287,0.8349485084401644,1.8649237472766884,2.7000565898868696,27.59259259259259,0.5109739368998628,0.35253772290809327,5.407407407407407,2.3333333333333335,13.407407407407407,0.7016460905349794,0.3521090534979424,0.7283950617283951,3.6543209876543212,0.2801568930041152
2,1264,27,144.9,171.0,344333.0,0.9402859586706304,17.25,1.7615318619356428,174.0,8.857142857142858,156.5,153.5,144.0,30.0,7.50413223140496,156.82861437159445,0.45429403351469405,344333.0,0.5408163265306123,102.96428571428571,0.5258458750562145,33.22113121350346,23.430749027719962,7.5,17.469194813322048,38.76955262170044,5.169273682893392,14.0,0.25040602499355574,3.0,0.0,0.0,0.0,0.0,1.0,0.0,-3.203426503814917e-16,0.0,1.0,1.0,1.0,1.0,0.0,0.0,0.0,1.6666666666666667,1.0,-3.203426503814917e-16,0.0,1.0,3.3333333333333335,-3.203426503814917e-16,0.0,7.571428571428571,0.5371900826446281,0.22959183673469388,2.9244505494505497,1.1730769230769231,3.443681318681319,0.6054258241758241,0.5188873626373626,1.1679693095653154,11.865384615384615,0.893491124260355,0.9464285714285714,0.05325443786982249,0.9567307692307692,2.794642857142857,0.49725274725274726,2.909090909090909,1.8181818181818181,5.363636363636363,0.9318181818181818,0.5227272727272727,6.636363636363637,0.6033057851239669,0.7954545454545454,2.2954545454545454,0.42045454545454547,1.789929075309998,0.7857142857142857,0.1983471074380165,0.0,1000000.0,0.0,0.0,1.9241743523004398,7.142857142857143,0.5102040816326531,0.24489795918367346,2.9285714285714284,2.2857142857142856,6.785714285714286,1.1607142857142858,0.5178571428571429,0.6785714285714286,1.9642857142857142,0.35714285714285715
2,1270,37,64.0,78.5,294984.0,0.9963165195589614,9.0,2.657771882985986,81.0,4.841836734693877,72.35714285714286,74.0,56.0,25.0,3.7955555555555565,72.57803681949126,-0.6336004859857892,294984.0,0.5025510204081632,32.01530612244899,0.7801008161252293,87.98046505842018,73.68174807915459,34.5,68.6336325951508,145.86500705120596,4.227971218875536,56.0,0.14274580766451814,2.9291666666666667,1.059487843605324,-0.4696617476851853,0.8124826388888888,0.008142766034985423,0.8415584415584407,0.07291666666666666,0.29839671621198716,0.062065972222222224,0.9635416666666666,0.9635416666666666,0.9854166666666667,0.9756944444444445,-0.6879485676682642,0.8103384108427597,0.07291666666666666,1.6552083333333334,0.495234375,1.207959560825777,0.8415584415584407,0.61875,3.310416666666667,1.1350428941591102,0.2213498263888889,28.142857142857142,0.5295836376917458,0.24872448979591838,2.3296299288946347,1.321697909933204,3.3048450149290485,0.825911133684243,0.6675925177763413,1.442994633871244,41.77639517345399,0.8223421402439617,0.90625,0.10238140969347478,0.9250221456103809,2.107612649760759,0.6293745195727863,2.135135135135135,3.2432432432432434,9.243243243243244,1.7432432432432432,0.7162162162162162,18.89189189189189,0.5105916727538349,0.7394894894894894,1.4692192192192193,0.557057057057057,2.186442655416622,0.6607142857142857,0.9525200876552227,1.159090909090909,1.0980392156862746,0.032525510204081634,1.090909090909091,2.4317166484345583,20.5,0.36607142857142855,0.6160714285714286,2.392857142857143,3.6785714285714284,10.75,1.9107142857142858,0.6517857142857143,0.5591517857142857,1.1592261904761905,0.4091331845238095
1,1299,17,161.8,213.0,4492275.0,1.706647563934583,34.0,1.8932239280091192,223.0,16.851992067784387,185.5581395348837,184.0,149.0,74.0,13.560090702947846,186.61146055187052,0.12232971994607318,4492275.0,0.3189111231296196,392.0140616549486,0.9408932548520141,115.62718046248416,89.56003573022959,99.5,108.79283417470795,305.7056274847724,3.0724183666811293,129.0,0.11566795011369656,9.935416666666667,5.63730804036458,-0.10919531249999959,1.4081770833333331,0.01165717685856374,0.9353061588122435,0.07291666666666666,0.2806380410086083,0.05914930555555556,0.9635416666666667,0.9635416666666667,0.9957107843137255,0.9854166666666667,-0.5425792784373901,0.6756959137578339,0.07291666666666666,3.0843749999999996,0.5378038194444444,1.25853304114474,0.6964785161704903,0.6395833333333333,6.168749999999999,1.1856163744780737,0.37027343749999997,41.13953488372093,0.3090530697190427,0.7315666125833784,9.279469430122735,2.6780388641563304,25.59076415567824,0.42376334915420444,0.16595644670622428,2.0346763700334027,100.56242940574506,0.8926775408539924,0.8682170542635659,1.3002085484533463,0.9533837671070637,8.81480334510574,0.16032271561855677,9.0,12.82258064516129,127.51612903225806,1.9202508960573477,0.18335573476702507,34.935483870967744,0.5634755463059313,0.7722722945123653,6.779791812044236,0.15433619016734884,3.0038985644357803,0.4806201550387597,8.493496357960458,0.5085927367055773,0.2467325470194453,0.5785963238284813,1.4054054054054053,3.2266488722925875,42.98449612403101,0.3332131482483024,0.7955050778198426,9.317829457364342,5.015503875968992,47.798449612403104,0.7431093884582257,0.16300602928509905,0.4617786391042205,4.129737295434969,0.08688630490956072
1,1359,14,170.6,196.0,1955420.0,1.0571884138131424,10.0,4.417164409312724,215.0,8.861803631886735,184.80701754385964,187.0,148.0,67.0,5.1001890359168245,185.2177476244858,-0.8551918375580646,1955420.0,0.6208064019698368,151.98030163127115,0.6759883877763132,91.34009938454487,66.61080993352356,32.5,61.7448465222867,152.83556979968319,4.702632916913329,57.0,0.13222761727348825,9.3875,0.25010781250000014,0.11943750000000022,0.266875,0.004336017020081752,0.28273809523809523,0.21250000000000002,0.6260392034502904,0.146875,0.8937499999999999,0.8937499999999999,0.9875,0.9575,-0.09149723840825588,0.28926447602017835,0.21250000000000002,3.0562500000000004,0.6134375,1.0007948283421166,0.22916666666666646,0.7375,6.112500000000001,0.788294828342117,0.11984375000000001,35.3859649122807,0.5812854442344045,0.2696214219759926,8.594863731656185,1.190863032844165,10.411687631027252,0.16545345135491885,0.1449343407873282,1.3731363352606547,48.09538784067086,0.8946388885226352,0.9429824561403508,0.06605504133539021,0.9574282747107694,8.186954053109714,0.14037612235896507,8.41304347826087,1.9782608695652173,17.67391304347826,0.2569444444444445,0.15141908212560387,33.69565217391305,0.7325141776937618,0.8777173913043478,7.198369565217392,0.13862469806763286,1.8147372208915125,0.8070175438596491,0.4428166351606805,0.1653944020356234,0.43846153846153846,0.6034412955465587,2.4370015948963317,2.2219212638755015,29.56140350877193,0.5186211141889813,0.5989535241612804,8.649122807017545,2.719298245614035,24.859649122807017,0.3287037037037037,0.14278752436647174,0.746832358674464,6.18640350877193,0.11593702620749403
1,1260,16,137.5,179.5,953395.0,1.3951986033101669,20.75,2.2465513363492553,189.0,12.523148148148149,162.02777777777777,164.5,133.0,56.0,8.844387755102042,162.73657992118567,-0.4449463970072036,953395.0,0.4274691358024692,230.19367283950615,0.9307634294116783,63.94362530181232,53.2634959423431,19.0,59.5163879749302,100.16652224137067,5.271922223230035,36.0,0.15426206371764575,4.125,0.25,0.0,0.25,0.0,0.9999999999999998,0.0,-3.203426503814917e-16,0.0,1.0,1.0,1.0,1.0,-0.25,0.2324683737580484,0.0,1.875,0.875,0.24999999999999958,0.2499999999999999,0.875,3.75,0.24999999999999958,0.0625,15.38888888888889,0.45265348595213317,0.415895061728395,4.554621848739496,1.1084033613445377,4.964915966386555,0.41598389355742293,0.3592436974789916,1.5520294991483492,32.351680672268905,0.9306856860391215,0.9652777777777778,0.03465715698043924,0.9728991596638655,4.452048319327731,0.3450586484593838,4.645161290322581,1.5483870967741935,6.548387096774194,0.6568100358422939,0.3396057347670251,23.838709677419356,0.768990634755463,0.8987455197132617,4.205197132616488,0.2961469534050179,1.8897884618196892,0.8611111111111112,0.19979188345473464,0.0,1000000.0,0.0,0.0,2.2533515762872347,22.055555555555557,0.6126543209876543,0.2561728395061728,4.527777777777778,1.8888888888888888,7.75,0.8557098765432098,0.36496913580246915,0.808641975308642,3.7530864197530867,0.27314814814814814
2,1270,21,128.0,201.0,1935669.0,1.936750421788435,37.0,2.6823524605920865,217.0,23.16720012193263,152.06172839506172,139.0,116.0,101.0,17.62442607897153,154.58702451418148,0.9571256664003497,1935669.0,0.33119951226947114,774.3789056546258,0.8077202649734978,112.80240195333353,93.17188417113823,53.5,91.11278599539357,205.80613254816043,3.846843599031036,81.0,0.1259863550558564,6.674188311688311,20.29587380184049,1.942362180828109,2.247752993759487,0.018986303277315826,0.6456960151714883,0.22987012987012986,0.5989189293526078,0.14188564682071172,0.885064935064935,0.885064935064935,0.9911588411588412,0.9616883116883117,-0.6016907902262855,0.721417275436434,0.22987012987012986,2.440422077922078,0.4876701383032551,1.4836386797314078,0.7619047619047594,0.6219155844155844,4.880844155844155,1.2537685498612785,0.6194057809074043,26.82716049382716,0.22890708437166252,1.337296143880506,8.85297830584716,1.7788993793092154,12.103440957949156,0.44342872708651393,0.2445543859222138,2.311338588004072,65.21220582695993,0.8863040355563218,0.904320987654321,0.5151925132618822,0.9523715456414519,8.628748204696683,0.2316098982483277,10.433962264150944,4.962264150943396,27.07547169811321,1.2509958071278826,0.2364517819706499,36.9622641509434,0.6974012103951585,0.8543473238351945,9.653238351944552,0.1940441160741026,3.022033770765053,0.654320987654321,2.6265574937700253,0.30886627906976744,0.38117647058823534,1.1253733275519768,3.005904455179817,3.0602122236296148,31.814814814814813,0.3927754915409236,0.8462124676116446,8.382716049382717,3.962962962962963,21.271604938271604,1.0184842249657067,0.24636488340192045,0.6167695473251029,6.590534979423867,0.14271262002743484
2,1264,37,151.1,192.8,1246119.0,1.4661339976524395,22.5,2.3499344626481147,206.0,12.456916099773242,171.54761904761904,170.5,144.0,62.0,8.41015625,172.24836719109996,0.2507004881697916,1246119.0,0.4297052154195011,240.9143990929705,0.6399737271768169,53.867621225653764,41.43669871020132,26.5,34.473862329930654,108.50966799187825,4.0947044525237075,42.0,0.1681742247359671,4.506944444444445,0.8628472222222219,0.12962962962962943,0.4236111111111111,0.008237201406135647,0.7571428571428569,0.1527777777777778,0.37581458369391096,0.08719135802469136,0.9236111111111112,0.9236111111111112,0.9910130718954249,0.9694444444444444,-0.13324700753166505,0.31446146280744286,0.1527777777777778,2.104166666666667,0.7027391975308642,0.8993844599604872,0.2749999999999993,0.7569444444444444,4.208333333333334,0.74660668218271,0.1440972222222222,18.047619047619047,0.37356919875130074,0.4790249433106576,6.39728299856528,1.416822094691535,8.26861549497848,0.3279004513390722,0.22936281982305115,1.8145251042402797,34.553371592539456,0.8874016280060681,0.9226190476190477,0.22174036246755413,0.9529840188107763,6.158208044396621,0.21902579756496096,6.741935483870968,2.838709677419355,15.064516129032258,0.6637544802867383,0.23095878136200718,22.096774193548388,0.7127991675338189,0.8629032258064516,5.951612903225806,0.20340501792114696,2.2992362289740296,0.7380952380952381,1.00312174817898,0.1984848484848485,0.6412213740458016,0.5728629957796624,3.208791208791209,2.4989116258103827,19.333333333333332,0.4603174603174603,0.7120181405895691,6.261904761904762,3.3333333333333335,17.023809523809526,0.7729828042328043,0.22933201058201058,0.6812169312169312,4.62962962962963,0.1595568783068783
2,1270,37,106.0,136.0,1487111.0,1.33305157718502,17.5,3.033251570814812,154.0,9.873278236914603,121.9090909090909,122.0,90.0,64.0,7.269841269841268,122.56150795548834,-0.0978375517119583,1487111.0,0.45128048158351197,159.4967860422406,0.6611439791506274,147.75724164683302,100.17983829094555,67.0,97.688810690708,248.43354954613037,3.707963426061647,99.0,0.11679710786269241,5.55625,0.8915222823582383,0.052189619101609006,0.6700666099773243,0.008891589087487465,0.31080917874396113,0.3130952380952381,0.8369814772935058,0.19796485260770974,0.8434523809523808,0.8434523809523808,0.9815826330532212,0.9373809523809524,-0.1933757913920296,0.5228122500784813,0.3130952380952381,2.3300595238095236,0.35732922335600903,1.7581384466934724,0.42726127519013246,0.5008928571428571,4.660119047619047,1.4450432085982348,0.2457904620181406,44.676767676767675,0.4431604407417361,0.3728191000918274,5.887667397873875,1.6905064504747733,10.823748638573992,0.35093526664348623,0.2386990828803769,1.7127034148169975,78.64786697142155,0.8727282557785789,0.9015151515151515,0.4104162235978174,0.9452419220067646,5.56666288995522,0.2278421243805601,5.622950819672131,5.229508196721311,34.42622950819672,0.9915755919854281,0.26434426229508196,36.14754098360656,0.5925826390755173,0.7960754272868832,4.3887168692613665,0.22498910966008878,2.5655600334973947,0.6161616161616161,2.5955388336468697,0.7174603174603176,0.16426991150442477,0.9176862455847964,0.9269162210338681,2.8026640075935276,35.22222222222222,0.3557800224466891,0.6923783287419651,5.959595959595959,3.888888888888889,24.585858585858585,0.757996632996633,0.23218294051627383,0.5643237934904601,3.1787317620650954,0.15210164920813068
2,1264,39,113.4,182.3,1209779.0,2.185878938923577,41.25,4.419236757398308,195.0,27.628,151.3,163.0,46.0,149.0,16.945,155.54928479424134,-1.4175749678500844,1209779.0,0.26,1303.8900000000003,0.8184232478042163,74.34569856294051,58.855755878248644,28.0,60.84624807815503,135.86500705120588,4.85232168040021,50.0,0.13806269036050897,36.75,120.08984375,-15.21875,5.3125,0.012,0.43564213564213566,0.5833333333333334,1.10375937481971,0.3125,0.7361111111111112,0.725,0.985377358490566,0.9293981481481483,-0.5103601060495876,0.7875174891054768,0.4375,5.958333333333333,0.2916666666666667,1.9999999999999982,0.7777777777777747,0.4166666666666667,11.916666666666666,1.4999999999999991,1.515625,13.0,0.254320987654321,2.16,33.309005644811116,1.0891228831958317,37.09406860616588,0.06733433441838162,0.06509006415274171,2.3011648954294412,46.80232305688232,0.9594107744076003,0.975,0.035573019314986645,0.9836294446856757,32.65233801321948,0.06464961220846713,32.62222222222222,1.3777777777777778,48.666666666666664,0.07785059208868733,0.06834341143864954,37.577777777777776,0.8350617283950618,0.930246913580247,29.820987654320984,0.06647052154195011,2.667256376370878,0.9,0.14320987654320988,0.02571556350626118,0.8695652173913044,2.3795267854780233,20.928000000000004,2.8617191418118075,34.92,0.6984,0.2,33.52,1.64,60.44,0.08038571428571428,0.06408911564625851,0.8622222222222223,27.878888888888888,0.06046848072562358
0,1281,23,148.5,179.0,156636.0,1.251629167387822,17.25,2.024806428049671,185.0,12.0,161.0,155.5,146.0,39.0,7.125,161.5735126807609,0.7133568900856135,156636.0,0.5,185.00000000000003,0.6941958611880749,12.440074638401269,8.94427190999916,3.0,8.635848326848897,16.970562748477146,5.656854249492382,6.0,0.3618006272791337,4.0,0.0,0.0,0.0,0.0,1.0,0.0,-3.203426503814917e-16,0.0,1.0,1.0,1.0,1.0,0.0,0.0,0.0,2.0,1.0,-3.203426503814917e-16,0.0,1.0,4.0,-3.203426503814917e-16,0.0,3.0,0.44,0.3333333333333333,4.355555555555555,1.2,5.155555555555555,0.40864197530864194,0.358641975308642,1.4750621432210016,5.133333333333334,0.8933333333333334,0.9444444444444445,0.05333333333333334,0.9500000000000001,4.155555555555555,0.34614197530864194,4.4,1.6,6.8,0.5222222222222223,0.37222222222222223,3.4,0.68,0.85,3.8,0.33472222222222225,1.9219280948873612,0.8333333333333334,0.16,0.0,1000000.0,0.0,0.0,1.9182958340544882,3.3333333333333335,0.5555555555555556,0.2222222222222222,4.333333333333333,2.0,8.333333333333334,0.6018518518518519,0.35185185185185186,0.75,3.3333333333333335,0.28935185185185186
2,1383,25,87.0,111.6,235177.0,0.932111567616674,13.5,2.2003508003221524,119.0,7.814744801512288,100.65217391304348,102.0,83.0,36.0,5.820987654320987,101.1191720521966,-0.19401680847699854,235177.0,0.5463137996219282,94.22684310018904,0.6957007348076664,46.82317514743921,35.84689665786984,12.0,32.57491735610152,64.2253967444161,5.352116395368008,23.0,0.19120038361499894,4.0,0.0,0.0,0.0,0.0,1.0,0.0,-3.203426503814917e-16,0.0,1.0,1.0,1.0,1.0,0.0,0.0,0.0,2.0,1.0,-3.203426503814917e-16,0.0,1.0,4.0,-3.203426503814917e-16,0.0,12.565217391304348,0.52,0.22684310018903592,2.919819311123659,1.1055194805194806,3.341897233201581,0.5464250423489554,0.5200451722190853,1.0970652872561042,20.86796536796537,0.9352218848972096,0.967391304347826,0.03238905755139521,0.9736201298701299,2.8142998306041784,0.5134502046866177,2.8,1.45,4.6,0.6625,0.55,14.9,0.745,0.8875,2.35,0.521875,1.4577174691301473,0.8695652173913043,0.1275,0.0,1000000.0,0.0,0.0,1.5653402161740662,14.130434782608695,0.6143667296786389,0.1928166351606805,2.9565217391304346,1.7826086956521738,6.086956521739131,0.7065217391304348,0.5108695652173914,0.8043478260869565,2.1739130434782608,0.46195652173913043
2,1383,43,147.5,205.6,2113803.0,1.7894395517340431,28.0,2.949811276671551,221.0,17.266909469302814,183.40322580645162,188.5,126.0,95.0,11.171875,184.644514606293,-0.7621364336674931,2113803.0,0.3293444328824142,456.8535379812695,0.774820938230888,107.37657116760727,75.59100475585703,43.5,83.19761561610117,154.65180361560942,3.5552138762209062,62.0,0.15118008012881343,13.0,8.190399999999997,-1.463999999999998,1.0,0.025453366788627436,0.8196721311475409,0.22000000000000003,0.4947937606110273,0.12320000000000002,0.89,0.89,0.9870588235294118,0.9560000000000001,-0.14612342780367724,0.3903603688698396,0.22000000000000003,3.55,0.5851999999999999,1.373800655756027,0.4999999999999653,0.64,7.1,1.1538006557560274,0.305,20.419354838709676,0.32910819375282935,0.8233610822060353,8.693402410541161,1.30396174863388,11.744290388683236,0.27691194094345534,0.22905148443161566,2.0263959901652826,53.622780054644814,0.9057831372801517,0.939516129032258,0.12859714663770191,0.9560465998785671,8.259523008598233,0.22036472678513722,8.361702127659575,2.25531914893617,21.04255319148936,0.4382387706855792,0.24187352245862884,29.340425531914892,0.6242643730194658,0.8170449172576832,6.5348463356974,0.2061746453900709,2.6803087843790827,0.7580645161290323,0.5151652331371661,0.4319787985865724,0.25357873210633947,1.1227171946998855,1.5147265077138852,2.9487725094051225,28.967741935483872,0.4672216441207076,0.3787721123829344,8.790322580645162,2.5806451612903225,24.887096774193548,0.4885752688172043,0.22513440860215056,0.6765232974910395,5.53673835125448,0.16636798088410992
2,1263,31,187.4,223.8,450516.0,1.356779649447038,11.25,3.469218050245116,231.0,12.560000000000002,211.6,217.5,173.0,58.0,7.5,212.253621877225,-1.2555714818532726,450516.0,0.5199999999999999,277.0400000000001,0.7446127757077126,24.16452473716256,19.697715603592208,5.5,17.993213838196297,27.455844122715693,4.99197165867558,10.0,0.3027969360071038,7.5,0.0,0.0,0.0,0.018666666666666668,4.440892098500626e-16,0.5,-3.203426503814917e-16,0.0,0.75,0.75,0.9705882352941176,0.9,-0.5,0.4649367475160968,0.5,2.75,0.75,0.4999999999999995,0.4999999999999998,0.75,5.5,-3.203426503814917e-16,0.125,5.2,0.4375,0.56,8.3625,1.25,10.612499999999999,0.2429253472222222,0.2151475694444444,1.517584737085278,9.0625,0.9453125,0.95,0.109375,0.9722222222222222,8.1125,0.21206114969135803,8.25,2.0,17.25,0.3446180555555556,0.23350694444444445,6.25,0.78125,0.8888888888888888,7.25,0.22116126543209877,1.9999999999999984,0.8,0.4375,0.06451612903225806,1.25,1.025,7.6,2.3219280948873604,5.4,0.54,0.44,8.4,2.4,21.0,0.3645833333333333,0.20902777777777776,0.7611111111111111,6.25,0.18248456790123457
2,1380,27,123.0,157.0,1172280.0,1.4102158242983598,13.75,4.97448021608843,164.0,10.489892984542212,141.44827586206895,143.0,90.0,74.0,7.044270833333333,142.16794342583364,-1.1898120260397123,1172280.0,0.4405469678953626,204.10939357907253,0.8938462975367448,70.46315273159308,54.037024344425184,39.0,62.98322818190065,146.89444430272866,3.7665242128904786,58.0,0.15070645869147914,10.487745098039214,2.8092907757840466,-0.4235286579068384,0.8443146866589774,0.013953524129730615,0.08384353741496606,0.5024509803921569,0.8772216212961537,0.20994329104190695,0.7487745098039216,0.7487745098039216,0.970444059976932,0.8995098039215687,-0.3461923807933187,0.7007844059380786,0.5024509803921569,3.221813725490196,0.3429330065359477,1.8111055713837947,0.6014513124980555,0.45343137254901955,6.443627450980392,1.3086545909916383,0.3366914167627835,25.551724137931036,0.39440809042236763,0.4414387633769322,10.444178628389153,1.4599282296650717,14.829047049441787,0.17913856215665425,0.1279648181375155,1.706624872729475,49.208133971291865,0.9044144860847203,0.9267241379310345,0.24898077348656544,0.9578462254120148,10.003416068580542,0.12326341355809556,10.585365853658537,3.024390243902439,29.975609756097562,0.3575542005420054,0.13313008130081302,25.048780487804876,0.6109458655562165,0.8065311653116531,8.551463414634147,0.11176057663354412,2.4938448280009706,0.7068965517241379,1.0232004759071982,0.314066852367688,0.2572062084257207,1.2155011779824374,1.5423197492163008,2.6711203708771887,24.310344827586206,0.41914387633769323,0.4839476813317479,10.39655172413793,3.0,30.051724137931036,0.3480603448275862,0.12655651340996169,0.6340996168582376,6.689655172413793,0.08608051298424862
2,1270,19,183.0,230.0,3064437.0,1.6667417003571896,27.5,2.589478073721559,245.0,14.82523308867288,206.91549295774647,208.0,161.0,84.0,10.522622345337028,207.75245968951185,-0.2591258180323357,3064437.0,0.3552866494743106,347.06328109502095,0.8697317851822031,116.93096445629513,91.3892772703669,41.0,101.6985764596503,191.7056274847722,4.675747011823712,71.0,0.118402807067996,10.447916666666666,1.7855541087962963,-0.07783564814814786,0.7065972222222223,0.009304454645614876,0.6021505376344084,0.1875,0.4528195311147828,0.109375,0.90625,0.90625,0.9889705882352942,0.9625,-0.3806429034062552,0.5498490512996672,0.1875,3.1979166666666665,0.5412326388888888,1.205983724071013,0.5208333333333327,0.6354166666666666,6.395833333333333,1.018483724071013,0.22352430555555555,25.225352112676056,0.345590347601264,0.6097996429279904,8.651005803659256,1.1347724206739551,9.98375396981535,0.19520101727982161,0.17865437702394224,1.8976344176437414,62.37922791190054,0.9159073786027772,0.9577464788732395,0.042046310698611394,0.9663068948315112,8.317818762120233,0.17451771695997242,8.457627118644067,1.6440677966101696,14.813559322033898,0.2655367231638418,0.18726459510357815,40.76271186440678,0.6908934214306234,0.8578154425612053,7.038135593220339,0.1697890510567064,2.4278927099904477,0.8309859154929577,0.19592071243895431,0.24537037037037038,0.4465408805031447,0.5913405399299089,2.4355362946912242,2.6005208228949246,39.28169014084507,0.5532632414203531,0.2519341400515771,8.704225352112676,2.0422535211267605,19.014084507042252,0.30320813771517996,0.17625195618153366,0.7550860719874805,6.267605633802817,0.14625173882802991
1,1359,14,190.0,226.0,1790996.0,1.4180260055608085,20.5,2.2040095127747548,232.0,11.666666666666666,206.0,205.0,179.0,53.0,8.6159169550173,206.50123947512253,0.11642589563799786,1790996.0,0.40589569160997735,206.7619047619048,0.9284754909179732,42.157516281526135,38.897300677553446,29.5,39.142220625372424,104.71067811865483,3.5495145124967737,42.0,0.1838759662252532,3.1,1.0229435185185185,-0.0774814814814814,0.35805555555555557,0.019202389950689267,-0.3840090090090087,0.6583333333333333,0.39162737663822583,0.0913888888888889,0.6708333333333334,0.6708333333333334,0.9341666666666667,0.8354166666666667,-0.677568293896121,0.797656822770803,0.6583333333333333,1.7541666666666667,0.4359722222222222,1.3183893155687954,0.8333333333333268,0.5083333333333333,3.5083333333333333,0.6600559822354622,0.2540972222222222,17.047619047619047,0.4362244897959184,0.43990929705215415,3.5339721254355405,1.8200168208578638,7.7709359605911335,0.7013446673875606,0.5056795426328647,1.5745255695323856,36.20185029436501,0.9256766363377215,0.9166666666666667,0.5332972347443378,0.9657339413372581,3.3749251321638836,0.4934133153235012,2.9642857142857144,4.428571428571429,20.642857142857142,1.4067460317460316,0.5882936507936508,19.285714285714285,0.6887755102040817,0.8502008928571428,2.2740178571428573,0.5355164930555556,2.0131109592887624,0.6666666666666666,2.1785714285714284,0.7416666666666666,0.47191011235955055,0.37543461829176117,1.246753246753247,2.6300967449610235,16.904761904761905,0.40249433106575966,0.6507936507936507,3.7142857142857144,3.4285714285714284,16.571428571428573,1.0952380952380953,0.4801587301587302,0.6309523809523809,1.8492063492063493,0.37488977072310403
2,1263,19,175.2,230.0,2246415.0,1.8691707746446546,34.0,2.373539752281414,249.0,18.876543209876537,202.72222222222223,199.0,151.0,98.0,14.085451595457004,203.96146150137722,-0.011985783063122833,2246415.0,0.294238683127572,503.9783950617286,0.7816683251200692,67.14877766547558,49.47726750741192,33.5,52.48807257163221,141.37972567696727,4.220290318715441,54.0,0.1451243210266557,5.809523809523809,14.134520290542524,1.2936103012633642,1.9746315192743762,0.03777053802773967,0.2277039848197345,0.6011904761904762,0.6383865979342733,0.15150226757369614,0.6994047619047619,0.6994047619047619,0.9646358543417366,0.8797619047619047,-0.6842339293830038,0.9193928775609048,0.6011904761904762,2.2767857142857144,0.2871315192743764,2.0052043185502573,0.9418979698109968,0.3630952380952381,4.553571428571429,1.4040138423597819,0.6439554988662131,15.88888888888889,0.30375,0.941358024691358,7.883213143271412,1.251450408636868,9.342891783166477,0.34351155615481904,0.24661839101283314,2.1282946979802397,45.18857834729089,0.8855830372812228,0.9351851851851851,0.08510104334285971,0.9497636604670456,7.549859139863302,0.23028651386875082,8.325,2.3,15.625,0.6918402777777779,0.21996527777777777,23.85,0.59625,0.8008680555555555,6.920138888888888,0.154296875,2.745892762252816,0.7407407407407407,0.47750000000000004,0.6363636363636364,0.29670329670329676,1.2497076023391813,1.3561253561253561,3.0130178111628063,24.37037037037037,0.4513031550068587,0.39780521262002744,7.7592592592592595,2.7037037037037037,17.796296296296298,0.8704989711934156,0.2547582304526749,0.6563786008230452,5.5174897119341555,0.1368312757201646
0,1281,27,147.9,184.3,110726.0,1.4999999999999991,22.0,1.709695150030393,190.0,15.0,165.5,164.0,144.0,46.0,7.0,166.37758262458317,0.21728255249228204,110726.0,0.375,291.25,0.6564944050055648,10.672748514145624,8.06225774829855,2.0,7.006599685568057,11.313708498984765,5.656854249492382,4.0,0.4431134627263788,nan,nan,nan,nan,0.0,nan,nan,nan,nan,nan,nan,nan,nan,nan,nan,nan,nan,nan,nan,nan,nan,nan,nan,nan,1.5,0.375,0.5,4.5,1.0,4.5,0.4027777777777778,0.4027777777777778,1.4999999999999991,4.0,1.0,1.0,0.0,1.0,4.5,0.4027777777777778,4.5,1.0,4.5,0.4027777777777778,0.4027777777777778,4.0,1.0,1.0,4.5,0.4027777777777778,1.4999999999999991,1.0,0.0,0.0,1000000.0,0.0,0.0,1.4999999999999991,4.0,1.0,0.0,4.5,1.0,4.5,0.4027777777777778,0.4027777777777778,1.0,4.5,0.4027777777777778
2,1383,29,144.8,215.2,681423.0,1.6798229071556254,25.0,2.606218565964917,223.0,18.963988919667592,187.73684210526315,193.0,135.0,88.0,12.666666666666668,189.37890173156205,-0.6890854457475968,681423.0,0.35180055401662047,619.246537396122,0.9214725268926132,31.330143569222674,30.01666203960727,10.5,28.86986656263997,52.08326112068517,4.960310582922397,19.0,0.22054713089098524,8.75,40.5,0.0,4.5,0.0,1.0,0.0,-3.203426503814917e-16,0.0,1.0,1.0,1.0,1.0,-0.5,0.4649367475160968,0.0,2.75,0.75,0.4999999999999995,0.4999999999999998,0.75,5.5,0.4999999999999995,1.125,6.684210526315789,0.3671875,0.9972299168975068,9.728543171654625,1.1299019607843137,10.853543171654625,0.28829776306233995,0.23679313343271033,1.8126715281653158,16.895424836601308,0.9218623179119142,0.9605263157894737,0.03906884104404289,0.9675245098039216,9.447293171654625,0.22391697602530292,9.875,1.5625,14.75,0.4357638888888889,0.21571180555555555,11.125,0.6953125,0.859375,8.65625,0.1606987847222222,2.271782221599796,0.8421052631578947,0.15234375,0.0,1000000.0,0.0,0.0,2.4767967526855186,10.789473684210526,0.5678670360110804,0.21606648199445982,9.68421052631579,1.9473684210526316,17.894736842105264,0.6140350877192983,0.24342105263157895,0.7631578947368421,7.631578947368421,0.15076754385964913
0,1276,27,68.4,108.80000000000001,224644.0,1.516147658077608,17.0,2.6428380469153274,117.0,13.619200000000001,93.28,97.0,56.0,61.0,8.759002770083104,94.7932487047469,-0.9148597231486684,224644.0,0.36319999999999997,284.6016,0.8893822536917608,31.8006001112088,28.160255680657446,14.5,28.282889395657346,67.39696961966993,4.648066870322064,25.0,0.20028506393218534,4.541666666666666,3.9322916666666665,0.0,1.2291666666666665,0.015530666666666667,0.909090909090909,0.125,0.24999999999999958,0.0625,0.9375,0.9375,0.9875,0.96875,-0.49999999999999944,0.48838998923793203,0.125,1.9375,0.6770833333333334,0.7712406251802885,0.49999999999999933,0.7083333333333334,3.875,0.6462406251802885,0.33854166666666663,9.08,0.41274238227146814,0.5824,5.692234848484849,1.1960227272727273,6.513257575757576,0.4359480218855219,0.3235742845117845,1.7505355698002345,20.767045454545453,0.8812198691460055,0.94,0.05939006542699724,0.9509943181818181,5.486979166666667,0.2954808501683502,6.052631578947368,2.0526315789473686,10.105263157894736,0.9166666666666667,0.2631578947368421,11.210526315789474,0.590027700831025,0.7953216374269005,5.097953216374269,0.15826023391812866,2.0740870445590334,0.76,0.32132963988919666,0.17857142857142858,1.25,0.24142857142857144,3.92,2.3517374334224646,11.88,0.4752,0.3296,5.6,2.52,11.68,1.2522222222222223,0.33888888888888885,0.6644444444444444,4.124444444444444,0.155
2,1380,21,177.2,213.60000000000002,2397931.0,1.4901232141829484,16.5,4.138777395593546,228.0,11.800957420005039,194.46031746031747,194.0,144.0,84.0,7.321116201582674,195.09586573117542,-0.6158820700836138,2397931.0,0.42000503905265807,247.5817586293777,0.6813703140075951,96.50635292844585,68.18357573492314,38.0,65.75656399858293,166.8355697996832,4.390409731570611,63.0,0.13098093351743983,12.725,0.7241185185185182,-0.27651851851851833,0.3555555555555556,0.00842881538270805,0.12079831932773125,0.41666666666666663,0.7150492557409561,0.17555555555555555,0.7916666666666665,0.7916666666666665,0.9839743589743589,0.9305555555555556,-0.16598655114287914,0.44088412375083974,0.41666666666666663,3.558333333333333,0.49583333333333335,1.3103470981007888,0.3353911647048172,0.5583333333333333,7.116666666666666,0.8936804314341223,0.19305555555555554,26.46031746031746,0.42114631541473835,0.48274124464600654,11.085456734114503,1.1452749403916984,13.060941950327962,0.13120331262891938,0.11970061614573185,1.6812114181383446,56.6541790753987,0.9350341634927134,0.9603174603174602,0.05695198565899878,0.9734278535960326,10.747530849164454,0.1174341038183073,10.79245283018868,1.679245283018868,19.81132075471698,0.1802620545073375,0.1249685534591195,40.39622641509434,0.7621929512281951,0.8930817610062893,9.39727463312369,0.11609509666899605,2.1616722839687745,0.8412698412698413,0.2662869348522606,0.25,0.22105263157894736,1.9015250015940148,2.3232323232323235,2.4134556688041795,36.84126984126984,0.5847820609725372,0.31191735953640715,11.174603174603174,2.0476190476190474,25.047619047619047,0.20367724867724868,0.11813932980599647,0.791005291005291,8.429453262786597,0.1009190672153635
2,1270,23,65.2,78.0,371404.0,0.8989377852081326,8.0,3.0758650055926924,85.0,4.7637455432538935,71.06849315068493,71.0,56.0,29.0,3.1676575505350772,71.32829752207226,0.05381860900266922,371404.0,0.5683993244511165,36.99530868830925,0.9099592413869354,120.12735472083722,89.69392398596462,49.5,109.31099657159233,183.7645019878178,3.712414181572077,73.0,0.13572064331115624,1.737878787878788,0.5313778689674522,0.17900308641975307,0.4767760942760943,0.026605521095479114,0.25089403350272893,0.24090909090909088,0.7928523853229766,0.1819490358126722,0.8795454545454545,0.8795454545454545,0.9518181818181818,0.9196969696969696,-0.12082220977103941,0.40386133611213726,0.24090909090909088,1.2861111111111112,0.4592083715947352,1.4495250310958705,0.34613212874082405,0.5934343434343434,2.5722222222222224,1.20861594018678,0.1794212962962963,41.49315068493151,0.5555555555555556,0.21580033777444171,1.9601574318338297,1.3903575932264456,2.701208593786631,1.0626448430863993,0.7599606420415426,1.2166602004941836,60.7740767429292,0.8978321785564758,0.9212328767123288,0.1951089200025664,0.9552464470866111,1.8858843328926982,0.7225869756350893,2.0,2.9607843137254903,5.7254901960784315,2.269607843137255,0.75,30.96078431372549,0.6070742022299116,0.8061710239651415,1.6614651416122006,0.5923474945533769,2.044797613979113,0.6986301369863014,0.9119569396386005,41.0625,0.2222222222222222,0.1232876712328767,0.2222222222222222,2.370613751820782,29.465753424657535,0.403640457872021,0.589228748358041,1.9452054794520548,3.2465753424657535,5.917808219178082,2.578767123287671,0.7636986301369864,0.6290905631659057,1.279775494672755,0.46641933028919336
2,1270,31,69.0,140.0,1278001.0,1.9789439673104683,40.0,2.17366665915931,159.0,22.166436390689764,111.65979381443299,117.0,56.0,103.0,17.194359878224642,114.78357043251928,-0.5442462325812969,1278001.0,0.28132638962695294,707.3584865554255,0.8155671573432812,98.04137468881135,77.41446893184762,55.5,79.95932525698139,261.0020920410544,4.7027403971361155,97.0,0.10118297283406019,10.847222222222223,50.98350733515874,-8.353719242969817,4.474054783950617,0.012311090609670715,0.8910097122066302,0.20833333333333331,0.6040735700447621,0.14149305555555555,0.8958333333333333,0.8958333333333333,0.9919871794871795,0.9652777777777778,-0.6332496318783718,0.9107052857934007,0.20833333333333331,3.1215277777777777,0.2933063271604938,2.1267335507303344,0.9584075404344623,0.4548611111111111,6.243055555555555,1.9184002173970014,1.1705970293209875,27.288659793814432,0.2714666666666667,1.1941757891380593,9.843334925943623,1.2035508573552052,12.217326936348677,0.2961712271725858,0.24892056745589353,2.311054407759088,80.203696183044,0.8812964120868227,0.9381443298969072,0.06712957173436636,0.9521987054142851,9.29921963939174,0.23730080376128834,9.6,2.0933333333333333,22.813333333333333,0.4824555555555555,0.24689999999999998,48.44,0.6458666666666667,0.8312962962962963,7.970740740740741,0.19455046296296297,2.8566955352275225,0.7731958762886598,0.42062222222222223,0.18365102639296185,0.3872255489021956,0.9232051604507433,3.195876288659794,3.1045705521608946,45.22680412371134,0.46625571261558085,0.4767775534063131,9.948453608247423,2.711340206185567,30.711340206185568,0.6137256586483391,0.2481758304696449,0.6927978235967927,6.687857961053837,0.16432792812142039
1,1360,18,176.0,199.60000000000002,2394080.0,0.7320324048684874,12.0,3.8840970277948266,206.0,7.04152249134948,187.41176470588235,187.0,156.0,50.0,4.892857142857143,187.6354412778391,-0.31403093459908266,2394080.0,0.7400519031141868,83.88927335640139,0.9063620961579499,69.7135949958311,58.0,46.0,63.18576009112785,172.45079348883291,3.748930293235498,68.0,0.13941793660092114,4.466666666666667,0.28373333333333356,0.1440000000000002,0.21333333333333335,0.0031676165275798906,0.8412698412698411,0.06666666666666667,0.240642698295787,0.053333333333333344,0.9666666666666667,0.9666666666666667,0.9933333333333333,0.9833333333333334,-0.07248125228343935,0.18807976747775365,0.06666666666666667,2.1,0.8066666666666666,0.5236501981515557,0.17460317460317443,0.8666666666666667,4.2,0.4569835314848891,0.07,50.3235294117647,0.7306238185255198,0.14359861591695502,4.351879795049818,1.6874954826352497,7.436683154162248,0.43501761211272605,0.27244433669200874,0.9210401814773422,59.120356149036894,0.9424013445698891,0.9191176470588235,0.4792661750759475,0.9741264267500522,4.227459162764313,0.26655723058190284,4.239130434782608,4.434782608695652,19.608695652173914,1.1002415458937198,0.28683574879227053,33.391304347826086,0.725897920604915,0.8685839371980677,3.611564009661836,0.25681234903381644,1.5511778594196328,0.6764705882352942,2.2495274102079397,0.3517699115044248,0.42767295597484273,0.22421185372005042,1.084967320261438,2.100697439961455,28.558823529411764,0.41998269896193774,0.6695501730103807,4.382352941176471,3.3823529411764706,15.529411764705882,0.8194444444444444,0.2687908496732026,0.6495098039215685,2.7393790849673203,0.18786310820624547
0,1281,19,150.0,167.8,428357.0,0.5225593745369401,9.0,6.528248026050332,172.0,6.740484429065744,158.41176470588235,160.0,126.0,46.0,3.467455621301774,158.73711156574348,-1.7180777579809827,428357.0,0.7923875432525951,103.18339100346019,0.8878236278479731,15.65496777704206,15.0,10.0,13.8988502856566,45.59797974644662,4.5597979746446615,17.0,0.24584383990541675,3.5,0.03125,0.0,0.125,0.012212497455729696,0.3333333333333335,0.25,0.4999999999999995,0.125,0.875,0.875,0.95,0.9166666666666666,-0.07553281989451643,0.23312202243280802,0.25,1.875,0.6875,0.7499999999999994,0.16666666666666655,0.75,3.75,0.4999999999999995,0.09375,13.470588235294118,0.7688888888888888,0.10380622837370242,3.6360294117647056,1.09375,4.011029411764706,0.36443014705882354,0.34099264705882354,0.6954760517736509,15.5625,0.94140625,0.9705882352941178,0.029296875,0.9765625,3.5422794117647056,0.33513327205882354,3.6,1.4,5.2,0.45,0.35,11.533333333333333,0.7688888888888888,0.9,3.2,0.325,1.103307408607833,0.8823529411764706,0.11555555555555555,0.3035714285714286,1.0,0.11764705882352941,1.0,1.2607717938967933,10.882352941176471,0.6401384083044983,0.17993079584775087,3.6470588235294117,1.7058823529411764,6.470588235294118,0.5147058823529411,0.3382352941176471,0.8235294117647058,2.9411764705882355,0.29411764705882354
2,1263,37,66.6,96.7,169480.0,1.1887218755408662,17.75,2.299496243496348,103.0,9.930555555555555,83.16666666666667,83.0,57.0,46.0,6.913580246913581,84.03372338928382,-0.2904987126633295,169480.0,0.5138888888888888,144.9722222222222,0.581822673262963,66.34091247873634,47.16990566028302,12.5,38.59864704508264,67.05382386916231,5.364305909532985,24.0,0.18691165767980797,4.666666666666667,0.0,0.0,0.0,0.008487654320987654,0.33333333333333365,0.3333333333333333,-3.203426503814917e-16,0.0,0.8333333333333334,0.8333333333333334,0.9666666666666667,0.9166666666666666,-0.3333333333333333,0.3099578316773979,0.3333333333333333,2.1666666666666665,0.8333333333333334,0.33333333333333287,0.3333333333333332,0.8333333333333334,4.333333333333333,-3.203426503814917e-16,0.08333333333333333,12.333333333333334,0.47392290249433106,0.3055555555555556,3.655467720685112,1.100790513833992,4.05862977602108,0.45703410920802223,0.4318364807495242,1.3598450817466319,21.86264822134387,0.9378837350997516,0.96875,0.031058132450124197,0.974802371541502,3.55467720685112,0.4255370736348997,3.619047619047619,1.5238095238095237,5.714285714285714,0.582010582010582,0.45105820105820105,17.285714285714285,0.8231292517006803,0.921957671957672,3.306878306878307,0.43154761904761907,1.7464353842388916,0.875,0.21768707482993194,0.1730769230769231,1.3333333333333333,0.18560606060606064,3.0,1.9364823836654375,15.75,0.65625,0.2708333333333333,3.6666666666666665,1.8333333333333333,7.0,0.6342592592592592,0.4259259259259259,0.8379629629629629,3.0185185185185186,0.3854166666666667
1,1258,24,84.0,130.0,1029456.0,1.698283701764604,30.0,2.177679294811334,149.0,15.814814814814811,105.33333333333333,101.5,69.0,80.0,12.677333333333333,106.9504558195055,0.1645066714021602,1029456.0,0.3382716049382716,343.2888888888889,0.659831842560654,121.99224154336316,85.58621384311844,56.0,80.49436551566168,236.3330444827419,4.2202329371918195,90.0,0.11224693624155184,7.89656862745098,1.56475728109187,0.021125419333439865,0.9476778162245292,0.011728395061728394,0.6510504201680667,0.19215686274509802,0.6068376287857796,0.14053825451749327,0.903921568627451,0.903921568627451,0.9886966551326413,0.9615686274509805,-0.5127563939186176,0.7254437158097122,0.19215686274509802,2.731862745098039,0.4006555171088043,1.5269101343363867,0.7392857142857137,0.5053921568627451,5.463725490196078,1.3347532715912889,0.2849586697424068,30.444444444444443,0.3135895820205839,0.6666666666666666,7.898350196315313,1.3319616430081545,9.603405315614618,0.27423122944561895,0.20047593616815998,1.9336428825867054,78.50536091815161,0.9246655380995283,0.9416666666666667,0.1936378836741353,0.9691537715962253,7.680663145883543,0.19507315843586126,8.318840579710145,2.5217391304347827,16.231884057971016,0.5364331723027375,0.20038244766505636,47.231884057971016,0.6845200588111742,0.8523247559893523,7.271617864537118,0.17455965115514807,2.538814951896394,0.7666666666666667,0.8204158790170132,0.5364583333333334,0.29126213592233013,0.6183656672545561,1.6374269005847955,2.771416642442749,43.06666666666667,0.4785185185185185,0.42666666666666664,7.777777777777778,2.577777777777778,16.88888888888889,0.5270061728395062,0.20061728395061731,0.7043209876543209,5.895061728395062,0.14371141975308643
2,1263,41,177.1,218.3,2666445.0,1.548541884413514,22.75,2.5449827286536624,229.0,13.856401384083043,197.30882352941177,196.5,156.0,73.0,9.991769547325102,198.02127782283458,-0.2522093369826729,2666445.0,0.38884083044982704,281.6546280276816,0.7674032458783799,74.49520049974579,57.0701322935211,44.0,57.16785866586564,175.17871555019082,3.9813344443225187,68.0,0.1342301058256098,6.749999999999999,9.155891666666669,0.3559999999999989,2.079166666666667,0.010708197638917156,0.655942594486747,0.3416666666666666,0.8896299407490849,0.2136111111111111,0.8291666666666666,0.8291666666666666,0.9799019607843137,0.9316666666666666,-0.4992528812911391,0.7764970106827148,0.3416666666666666,2.5125,0.30819444444444444,2.0693320983892507,0.755838785300969,0.425,5.025,1.7276654317225844,0.6052083333333333,26.441176470588236,0.3935860058309038,0.5041089965397925,6.275242379148629,1.2620625901875901,7.739489763708514,0.3280886979291927,0.25114158543520526,1.8586498410622454,55.766810966810965,0.8802079625946644,0.9301470588235293,0.10208658937538131,0.9506122735289402,5.960464704084496,0.2392436658875461,6.387755102040816,2.36734693877551,13.938775510204081,0.6458333333333334,0.24404761904761907,26.632653061224488,0.5435235318617243,0.7609126984126984,4.84297052154195,0.1862953514739229,2.572240030866577,0.7205882352941176,0.4414827155351937,0.3321299638989169,0.3695652173913043,0.6625623244188601,1.6289592760180995,2.748653844337942,30.470588235294116,0.44809688581314877,0.36418685121107264,6.25,2.7941176470588234,16.514705882352942,0.765625,0.25275735294117646,0.6168300653594772,3.896241830065359,0.15313521241830066
2,1263,14,116.5,150.5,653659.0,1.3893152742980246,21.5,2.9717385462434907,172.0,12.037037037037038,133.91666666666666,135.5,102.0,70.0,8.29591836734694,134.74863429528494,0.2571880225281829,653659.0,0.4212962962962964,223.52083333333334,0.8812300157319449,41.99413373680492,32.984845004941285,23.0,37.006491133534,92.95331880577415,4.041448643729311,36.0,0.18289589142161244,3.625,1.0937328124999999,0.12056249999999946,0.629375,0.044367283950617294,0.015098722415795678,0.48750000000000004,0.9382948283421169,0.229375,0.7562500000000001,0.7562500000000001,0.9512499999999999,0.878125,-0.12313320180533258,0.4597678610567336,0.48750000000000004,1.88125,0.3321875000000001,1.9012835785584632,0.3041257249834397,0.4125,3.7625,1.4137835785584634,0.27921875,15.166666666666666,0.3852040816326531,0.4166666666666667,3.8087216704863764,1.1778456837280367,4.387751464222052,0.5388386667798433,0.46128901055371646,1.686126385906964,30.268296409472878,0.8894368131306971,0.9444444444444444,0.055281593434651444,0.9555385790679909,3.6639642220524573,0.44190159649718475,3.9285714285714284,1.8571428571428572,6.714285714285714,0.8412698412698413,0.4662698412698413,16.571428571428573,0.5918367346938775,0.7857142857142857,3.232142857142857,0.3725198412698413,2.208394210158782,0.7777777777777778,0.20408163265306123,1.413793103448276,0.2195121951219512,0.917652329749104,0.5797101449275364,2.2176840309563683,18.22222222222222,0.5061728395061729,0.24691358024691357,3.7777777777777777,2.3333333333333335,8.11111111111111,1.0432098765432098,0.4598765432098766,0.6666666666666666,2.6944444444444446,0.3140432098765432
0,1284,23,126.4,153.2,99274.0,0.970950594454668,25.0,1.2543123202904982,154.0,11.12,140.4,143.0,126.0,28.0,9.111111111111114,140.90706156896468,-0.1524039501364267,99274.0,0.52,142.64,0.49695788928346457,23.32466497282464,17.11724276862369,2.5,11.591376273138891,14.142135623730956,5.656854249492382,5.0,0.39633272976060097,nan,nan,nan,nan,0.0,nan,nan,nan,nan,nan,nan,nan,nan,nan,nan,nan,nan,nan,nan,nan,nan,nan,nan,nan,2.6,0.52,0.24,2.2,1.0,2.2,0.7,0.7,0.970950594454668,5.0,1.0,1.0,0.0,1.0,2.2,0.7,2.2,1.0,2.2,0.7,0.7,5.0,1.0,1.0,2.2,0.7,0.970950594454668,1.0,0.0,0.0,1000000.0,0.0,0.0,0.970950594454668,5.0,1.0,0.0,2.2,1.0,2.2,0.7,0.7,1.0,2.2,0.7
0,1281,21,148.9,199.8,255290.0,1.7499999999999987,27.5,2.2362135384985535,211.0,18.25,177.25,181.0,137.0,74.0,12.0,178.63720217244784,-0.35857235626763073,255290.0,0.34375,493.68749999999994,0.33221028164615996,17.569366794230177,13.416407864998739,4.0,5.836724291055898,22.627416997969515,5.656854249492379,8.0,0.31332853432887514,9.0,1.0,0.0,1.0,0.030598958333333332,0.0,1.0,-3.203426503814917e-16,0.0,0.5,0.5,0.9411764705882353,0.8,-0.6666666666666662,0.9298734950321936,1.0,3.0,0.25,1.9999999999999987,0.9999999999999991,0.25,6.0,0.9999999999999993,0.5,2.75,0.34375,0.734375,7.625,1.0,7.625,0.2508680555555556,0.2508680555555556,1.749999999999999,8.0,1.0,1.0,0.0,1.0,7.625,0.2508680555555556,7.625,1.0,7.625,0.2508680555555556,0.2508680555555556,8.0,1.0,1.0,7.625,0.2508680555555556,1.7499999999999987,1.0,0.0,0.045454545454545456,2.6666666666666665,1.1749999999999998,8.0,1.7499999999999987,8.0,1.0,0.0,7.625,1.0,7.625,0.2508680555555556,0.2508680555555556,1.0,7.625,0.2508680555555556
2,1263,27,108.2,133.6,343731.0,0.932111567616674,14.5,2.6913224075438347,146.0,8.468809073724005,121.78260869565217,121.0,103.0,43.0,5.204152249134948,122.24903307166286,0.31273224782906295,343731.0,0.5463137996219282,113.82230623818523,0.6540752445522607,34.69462305804407,27.51363298439521,15.5,22.69289406133868,58.42640687119281,3.7694456045930846,23.0,0.23886999604683481,2.25,0.893798828125,0.19921875,0.859375,0.009862743486479822,0.7460317460317453,0.125,0.5435644431995957,0.109375,0.9375,0.9375,0.975,0.9583333333333334,-0.45186610875068584,0.7686267061043833,0.125,1.4375,0.3984375,1.5306390622295651,0.7460317460317456,0.5,2.875,1.4056390622295654,0.24609375,12.565217391304348,0.5703125,0.22684310018903592,2.016983695652174,1.546875,3.079483695652174,1.1637228260869565,0.7457540760869565,1.1057372936650505,19.9375,0.91796875,0.9239130434782609,0.2802734375,0.959392361111111,1.8995531400966184,0.7243521663647343,1.9375,3.1875,6.1875,2.4375,0.765625,10.75,0.671875,0.8375694444444444,1.4677777777777776,0.6800173611111111,1.6266144718101803,0.6956521739130435,1.12109375,5.7500000000000036,2.0,0.043478260869565216,2.0,2.230994305917856,9.608695652173912,0.41776937618147447,0.5860113421550094,2.0434782608695654,3.1739130434782608,6.826086956521739,2.260869565217391,0.7391304347826086,0.6497584541062802,1.1859903381642511,0.5157004830917875
2,1263,21,177.7,240.3,2209556.0,2.040296354046283,42.25,2.713392675002457,250.0,20.774305555555554,213.08333333333334,217.5,141.0,109.0,15.581717451523547,214.5516643297522,-0.6738182891059191,2209556.0,0.2795138888888889,627.9097222222223,0.7142044952580667,59.91280462572459,46.52956049652737,33.0,42.7899943872108,120.26702730475915,3.6444553728714895,48.0,0.16932275475343683,16.0625,30.225814819335938,-2.78857421875,3.67578125,0.00840476707175926,0.78336199727087,0.3958333333333333,0.8987374200417145,0.21744791666666666,0.8020833333333334,0.8020833333333334,0.9893018018018017,0.9434523809523809,-0.82703106191529,0.9317420088204406,0.3958333333333333,3.8645833333333335,0.3717447916666667,1.6607455726011595,0.9999999999999893,0.5208333333333334,7.729166666666667,1.2649122392678265,1.0179036458333333,13.416666666666666,0.2727272727272727,1.1002604166666667,17.229461119554205,1.5819148936170213,30.476573581560285,0.12470704136412247,0.09480354592339298,2.2392136286666107,40.99984802431611,0.9142781385981282,0.9218749999999999,0.34020786947644605,0.9612642714127191,16.514829303048476,0.09177596328446103,15.969696969696969,3.515151515151515,73.12121212121212,0.23515993265993265,0.10591750841750842,21.060606060606062,0.6382001836547291,0.8240611901326187,12.700014601800316,0.09247844087129801,2.8003411555702598,0.6875,1.3994490358126723,0.04556650246305419,0.8648648648648649,1.5406142308897242,9.454545454545455,2.9865295368030824,19.5,0.40625,0.5677083333333333,17.604166666666668,3.2083333333333335,65.3125,0.21833912037037037,0.09156828703703702,0.6331018518518519,10.09837962962963,0.06780381944444445
2,1270,17,149.8,205.0,1926003.0,1.863402728838421,33.0,2.4247578019987936,221.0,18.61926746691289,182.43859649122808,188.0,128.0,93.0,13.517958412098299,183.81927623562626,-0.5881127931301992,1926003.0,0.2951677439212065,505.6848261003386,0.799284807448837,93.86953948501393,69.1158447825099,30.0,75.02849679259036,158.7350647362949,5.291168824543163,57.0,0.1223186518858517,9.625,0.9892578125,0.2109375,0.546875,0.007732473689610297,0.4130434782608695,0.3125,0.2028195311147828,0.046875,0.84375,0.84375,0.9816176470588236,0.9375,-0.6631492883967082,0.6908285596068207,0.3125,3.03125,0.5859375,0.9374999999999993,0.7499999999999993,0.625,6.0625,0.6249999999999996,0.21484375,16.82456140350877,0.2879661668589004,0.8815020006155739,8.81486718690666,1.082332251082251,9.678647850687323,0.23617502365446444,0.22645925235015146,2.009259457156611,52.628625541125544,0.9474756382886794,0.9736842105263157,0.02626218085566029,0.9794169372294372,8.598922020961494,0.2240303095240732,8.666666666666666,1.3529411764705883,12.372549019607844,0.2776416122004357,0.23597494553376905,40.411764705882355,0.7923875432525952,0.9117647058823529,7.740196078431373,0.2255582788671024,2.381071882799597,0.8947368421052632,0.10380622837370242,0.13228699551569506,0.9661016949152543,0.2678810860585624,5.964912280701754,2.5589616997799993,38.05263157894737,0.667590027700831,0.16620498614958448,8.859649122807017,1.631578947368421,15.491228070175438,0.2981237816764133,0.22356237816764132,0.8421052631578947,7.201754385964913,0.20492202729044834
2,1263,43,145.0,183.10000000000002,2507286.0,1.4944849685314998,20.75,2.710413040351724,205.0,11.891851851851849,166.26666666666668,168.0,131.0,74.0,9.059167275383492,166.90935663806667,-0.24454605270737825,2507286.0,0.3987654320987654,214.12888888888887,0.7906839595493141,85.49911039776885,66.30987860040162,66.0,67.6027751472518,217.42135623731056,3.294262973292584,90.0,0.13245693435454978,5.416071428571428,2.2538012214962517,0.05568859329446124,0.9228954081632652,0.01646947873799726,0.35487871490759126,0.3625,0.885852020232649,0.21177295918367348,0.81875,0.81875,0.9786764705882354,0.9275,-0.16632754209039324,0.5319856244997746,0.3625,2.279464285714286,0.3143048469387755,2.0611501738732314,0.42988759837586,0.4392857142857143,4.558928571428572,1.6986501738732318,0.3213488520408163,35.888888888888886,0.3899661434287473,0.4722222222222222,5.232543487614482,1.5548935091277891,7.6514709724014995,0.5275087947382889,0.31856543748420646,1.8485350420847648,71.9597547482943,0.8707157891712638,0.9055555555555556,0.280709246395032,0.9423824225353674,4.941581406596076,0.30110652160986306,5.456140350877193,3.754385964912281,17.526315789473685,1.3159113060428849,0.30567738791423,29.17543859649123,0.5118497999384426,0.7410987786927636,4.108035465648248,0.22770281358157296,2.754898267246264,0.6333333333333333,1.2613111726685133,0.9016034985422742,0.14551333872271624,1.2596231123623505,0.7787610619469026,2.9964574088557594,33.022222222222226,0.36691358024691356,0.5846913580246913,5.166666666666667,3.6666666666666665,17.255555555555556,1.276003086419753,0.3229166666666667,0.5497685185185185,2.985493827160494,0.17236153978052127
2,1264,17,93.8,104.6,147450.0,0.9967916319816359,2.5,2.655943717779456,107.0,3.0044444444444443,99.06666666666666,99.0,92.0,15.0,1.6363636363636365,99.1463564635635,0.18648885305037236,147450.0,0.5022222222222222,15.795555555555552,0.559741758108368,42.62809692612734,30.066592756745816,7.5,23.860725918244434,42.42640687119281,5.656854249492374,15.0,0.22882280821594245,1.875,0.041015625,-0.046875,0.09375,0.15762962962962965,-0.7999999999999992,0.875,0.4056390622295659,0.09375,0.5625,0.5625,0.825,0.7083333333333333,-0.6820921511207534,0.8188489043299837,0.875,1.4375,0.421875,1.2806390622295658,0.7999999999999996,0.4375,2.875,0.4056390622295659,0.2421875,7.533333333333333,0.5,0.24888888888888888,2.4250000000000003,1.0535714285714286,2.4785714285714286,0.6973214285714285,0.6437499999999999,1.0715528213090177,14.285714285714285,0.9668367346938775,0.9833333333333334,0.016581632653061222,0.9866071428571428,2.411607142857143,0.6303571428571428,2.5,1.2142857142857142,2.7142857142857144,0.8392857142857143,0.625,12.142857142857142,0.8673469387755102,0.9464285714285714,2.4464285714285716,0.5714285714285714,1.2958363892911628,0.9333333333333333,0.06632653061224489,5.916666666666666,0.2112676056338028,0.6311111111111111,0.21052631578947367,1.4294732983598397,11.533333333333333,0.7688888888888888,0.11555555555555555,2.4,1.4,2.8,1.05,0.65,0.9,2.3,0.55
2,1270,27,134.4,190.0,1702091.0,1.8358525304904936,31.0,2.5147514918891885,205.0,18.522603550295855,160.3230769230769,158.0,103.0,102.0,13.98224852071006,161.82093617519143,-0.0074581155047761805,1702091.0,0.3155029585798817,482.5263905325443,0.7717616378835807,85.76424340028909,63.12685640834652,41.0,66.18955295845318,168.5929291125639,4.1120226612820465,65.0,0.13463485416860851,8.669642857142858,3.860726192404399,-0.5629791599179352,0.9700963718820861,0.01404387801547565,0.48160328879753334,0.31547619047619047,0.7258809925221846,0.1792800453514739,0.8422619047619047,0.8422619047619047,0.9878663003663004,0.9474206349206349,-0.15793771452132152,0.4526646066299018,0.31547619047619047,2.913690476190476,0.4614158163265306,1.6485000401412313,0.3816050663974452,0.5327380952380952,5.827380952380952,1.3330238496650413,0.32139314058956914,20.50769230769231,0.30580277678889284,0.7607100591715976,9.198797775689224,1.1733728853383458,10.90577028508772,0.19278626797027293,0.1705594770346004,2.097165317287942,56.1984975459482,0.9067852610710031,0.9500000000000001,0.05814938239155295,0.9615300730123921,8.850027357891257,0.16530736019736844,9.150943396226415,1.7924528301886793,16.69811320754717,0.2832180293501048,0.1764308176100629,37.37735849056604,0.7052331790672838,0.8647798742138365,7.872117400419287,0.15861475075704637,2.6499452857498267,0.8153846153846154,0.28835884656461375,0.29289215686274506,0.2719665271966527,1.7569116932492197,2.307692307692308,2.947174406116573,34.10769230769231,0.5247337278106509,0.39384615384615385,9.215384615384615,2.353846153846154,22.015384615384615,0.34674358974358976,0.16853846153846153,0.747008547008547,6.818803418803419,0.13502706552706553
2,1380,21,92.4,123.6,801076.0,1.057638728140666,13.0,2.9283343106960347,131.0,8.924970414201182,110.43076923076923,112.0,78.0,53.0,6.012302960399846,111.01462135163167,-0.6673390717393948,801076.0,0.5853254437869824,129.29136094674556,0.8457539064581615,90.45764498428005,67.11929677819934,39.0,76.50490661446038,172.4924240491756,4.4228826679275794,65.0,0.12834152934163465,3.1098484848484844,1.8676900484939551,0.48422238918106697,0.9078512396694214,0.012176604460628132,0.3730158730158728,0.2742424242424243,0.708726683277449,0.17340679522497704,0.8628787878787878,0.8628787878787878,0.9725757575757576,0.9314393939393939,-0.541252655434611,0.6473686108053551,0.2742424242424243,1.7045454545454546,0.4677685950413223,1.3329691075198729,0.6180555555555542,0.6007575757575757,3.409090909090909,1.058726683277449,0.29552341597796145,38.04615384615385,0.5670895809304114,0.24994082840236692,3.8566440665995727,1.2606335081307274,4.792035241979624,0.46822257927189337,0.3762784879534973,1.2861428635503453,56.69641753623956,0.921417245061923,0.9461538461538461,0.13961836914561399,0.9683665271818775,3.7568958896127973,0.36167369117753806,3.9607843137254903,2.215686274509804,8.294117647058824,0.8050108932461874,0.36873638344226584,34.568627450980394,0.6778162245290273,0.8485838779956427,3.487472766884532,0.2977941176470588,1.8569195409222838,0.7846153846153846,0.5913110342176087,0.7797619047619049,0.24809160305343506,0.4269512507470332,0.5862348178137653,2.1586927782568726,32.261538461538464,0.49633136094674557,0.3682840236686391,3.830769230769231,2.4153846153846152,8.661538461538461,0.9393162393162393,0.3777777777777778,0.7145299145299145,2.8965811965811965,0.2544871794871795
0,1276,25,139.8,158.6,426753.0,0.981940786864097,12.5,2.8032480627842262,162.0,6.952908587257619,149.6315789473684,152.0,129.0,33.0,5.040000000000002,149.86889006904107,-0.6262255869859806,426753.0,0.5124653739612188,71.07479224376732,0.4772111543884128,31.334542279375864,22.847319317591726,11.0,14.953193093373482,51.25483399593898,4.65953036326718,19.0,0.22938575441059464,2.75,0.03125,0.0,0.125,0.02565971715993585,0.3333333333333335,0.25,0.4999999999999995,0.125,0.875,0.875,0.95,0.9166666666666666,-0.07553281989451643,0.23312202243280827,0.25,1.625,0.6875,0.7499999999999994,0.16666666666666655,0.75,3.25,0.4999999999999995,0.09375,9.736842105263158,0.5155709342560554,0.24376731301939056,2.7434210526315788,1.0833333333333335,2.9517543859649122,0.6162280701754386,0.5641447368421053,1.1024211188432318,17.555555555555557,0.9475308641975309,0.9736842105263157,0.026234567901234566,0.9791666666666667,2.6913377192982457,0.5511239035087719,2.764705882352941,1.3529411764705883,3.6470588235294117,0.7794117647058824,0.5588235294117647,13.470588235294118,0.7923875432525952,0.9117647058823529,2.5441176470588234,0.5036764705882353,1.4969275461145881,0.8947368421052632,0.10380622837370242,0.6785714285714285,1.0,0.10526315789473684,1.0,1.7195538283221237,12.68421052631579,0.667590027700831,0.16620498614958448,2.736842105263158,1.631578947368421,4.315789473684211,0.9605263157894737,0.5657894736842105,0.8421052631578947,2.3421052631578947,0.46710526315789475
2,1264,19,148.9,181.3,1087362.0,1.3991108350726575,22.5,1.9539868300892849,189.0,11.2675,164.35,164.0,139.0,50.0,8.857421875,164.87586239349895,-0.0029529507296006314,1087362.0,0.42374999999999996,173.1275,0.6244855515120689,71.96143129356794,50.21951811795888,24.5,44.93887410896162,105.68124086713213,4.313520035393148,40.0,0.1660313389438456,6.407407407407407,0.44200579180003025,-0.06675811614083169,0.4279835390946502,0.019221354166666663,-0.12265512265512253,0.5555555555555555,0.6121972227029925,0.14814814814814817,0.7222222222222222,0.7222222222222222,0.9444444444444443,0.861111111111111,-0.38281075369000633,0.5552023790576975,0.5555555555555555,2.5370370370370368,0.36008230452674894,1.5940407413817674,0.5440115440115438,0.4259259259259259,5.0740740740740735,1.038485185826212,0.24588477366255143,16.95,0.462890625,0.41937499999999994,4.586571207430341,1.2012383900928794,6.07844427244582,0.3882836687306501,0.3570551685586515,1.5631968945056034,35.22910216718267,0.9214360340844827,0.9500000000000001,0.07820931859789704,0.9660302717578259,4.360661764705882,0.3510635845468792,4.125,1.875,10.59375,0.5286458333333333,0.3923611111111111,21.75,0.6796875,0.8506944444444444,3.1328125,0.3660059799382716,1.940836241943046,0.8,0.3125,0.6025641025641025,0.4255319148936171,0.4044830659536542,1.190909090909091,2.2179805257795384,20.6,0.515,0.33999999999999997,4.725,2.3,14.175,0.5534722222222221,0.34652777777777777,0.7305555555555555,2.8625,0.30096450617283954
2,1380,37,131.0,209.0,1847447.0,1.9872641704552172,44.25,2.2993852464463926,224.0,24.38734693877551,159.84285714285716,149.0,111.0,113.0,19.336504161712245,162.4564557042902,0.7009068708065548,1847447.0,0.29795918367346935,842.3610204081634,0.6822951343650201,124.04683068878346,98.97979591815695,41.5,84.6365490123584,185.46298679765286,4.468987633678382,70.0,0.12313222599259797,6.1499999999999995,12.933224999999995,0.9059999999999968,1.5824999999999998,0.007861224489795916,0.7213141549525989,0.07500000000000001,0.2977309221191604,0.06250000000000001,0.9625,0.9625,0.9971153846153846,0.9875,-0.21601560841481093,0.2662886717848373,0.07500000000000001,2.3375000000000004,0.76875,0.6727309221191601,0.26315789473684115,0.825,4.675000000000001,0.5977309221191602,0.41437500000000005,20.857142857142858,0.24348422496570646,1.3757142857142854,10.117830185881324,1.4602453455524167,12.254266113545537,0.3036190613520409,0.1925223714285832,2.2599427681851454,59.985354523952516,0.9195663595500323,0.9321428571428572,0.30403289450228355,0.9670040500978028,9.911982749908898,0.18526454556919547,11.018518518518519,3.962962962962963,24.314814814814813,0.9068775720164609,0.1855195473251029,44.666666666666664,0.8271604938271605,0.9234825102880658,10.351337448559672,0.171235853909465,2.634098376272964,0.7714285714285715,2.2825788751714677,0.11879432624113474,1.0447761194029852,0.5135374149659864,8.464285714285715,3.062689041437753,36.68571428571428,0.5240816326530612,0.9338775510204083,9.785714285714286,3.3142857142857145,21.271428571428572,0.7439404761904762,0.19527380952380952,0.7484642857142857,8.222428571428571,0.1398660714285714
0,1276,45,101.2,179.6,362272.0,2.145136370153051,41.0,2.458491580250004,189.0,26.20069204152249,142.58823529411765,144.0,74.0,115.0,18.331360946745562,145.97985356568498,-0.4133320838398604,362272.0,0.27335640138408307,978.7128027681661,0.536399490394453,29.08049436746109,27.459060435491963,9.5,15.598762359124889,46.4264068711928,4.8869901969676635,17.0,0.23534320388937588,18.5,0.5,0.0,0.5,0.037451658864237736,-0.49999999999999956,1.0,-3.203426503814917e-16,0.0,0.5,0.5,0.972972972972973,0.8571428571428571,-0.833333333333333,0.9298734950321936,1.0,4.25,0.375,1.4999999999999991,0.9999999999999993,0.375,8.5,0.4999999999999995,0.375,4.647058823529412,0.27335640138408307,1.5916955017301038,19.529411764705884,1.0,19.529411764705884,0.11950980392156862,0.11950980392156862,2.145136370153051,17.0,1.0,1.0,0.0,1.0,19.529411764705884,0.11950980392156862,19.529411764705884,1.0,19.529411764705884,0.11950980392156862,0.11950980392156862,17.0,1.0,1.0,19.529411764705884,0.11950980392156862,2.145136370153051,1.0,0.0,0.06136363636363637,0.6296296296296295,5.163865546218487,10.098039215686272,2.145136370153051,17.0,1.0,0.0,19.529411764705884,1.0,19.529411764705884,0.11950980392156862,0.11950980392156862,1.0,19.529411764705884,0.11950980392156862
2,1383,17,162.1625,185.4125,92543.7265625,0.9182958340544889,14.53125,1.4999999999999984,186.25,11.986111111111114,175.16666666666666,182.0625,157.1875,29.0625,0.0,175.63572772692538,-0.651011731578928,92543.7265625,0.5555555555555556,164.54774305555554,0.07043062538582026,24.740148139246443,15.0,1.5,1.7424641055849643,8.485281374238573,5.656854249492382,3.0,0.511663353973244,nan,nan,nan,nan,0.0,nan,nan,nan,nan,nan,nan,nan,nan,nan,nan,nan,nan,nan,nan,nan,nan,nan,nan,nan,1.6666666666666667,0.5555555555555556,0.2222222222222222,3.0,1.0,3.0,0.5,0.5,0.9182958340544889,3.0,1.0,1.0,0.0,1.0,3.0,0.5,3.0,1.0,3.0,0.5,0.5,3.0,1.0,1.0,3.0,0.5,0.9182958340544889,1.0,0.0,0.0,1000000.0,0.0,0.0,0.9182958340544889,3.0,1.0,0.0,3.0,1.0,3.0,0.5,0.5,1.0,3.0,0.5
2,1263,39,138.3,169.1,926069.0,1.143198478557977,15.5,2.2213593756164696,177.0,10.325,151.675,151.0,128.0,49.0,7.75,152.1569091431605,0.05365837715754591,926069.0,0.47624999999999995,146.419375,0.799026274938233,41.01903014142515,31.953090617340916,25.0,32.77528285548203,104.26702730475891,4.170681092190357,40.0,0.16999178903651535,3.21875,1.62872314453125,0.5537109375,0.43359375,0.014552951388888888,0.3603286384976525,0.28125,0.6358911107998985,0.15234375,0.859375,0.859375,0.971875,0.9296875,-0.28776640994725505,0.3312412185147199,0.28125,1.734375,0.599609375,1.0421411107998981,0.3333333351959713,0.65625,3.46875,0.7608911107998985,0.1787109375,19.05,0.4719387755102041,0.299375,2.685912771439087,1.575450864924549,3.4966875230033123,1.1253015989858095,0.6086817057211793,1.3512026436341869,34.133235185866766,0.9229543441038318,0.925,0.3911399078378913,0.9679980792234082,2.595079879002576,0.5913875278595673,2.892857142857143,3.857142857142857,7.25,3.048611111111111,0.566468253968254,19.285714285714285,0.6887755102040817,0.8527405753968254,2.4896453373015874,0.4831969246031746,2.013110959288763,0.7,1.8163265306122445,0.6773809523809523,0.421792618629174,0.45262057387057386,1.2257142857142858,2.4404685707328255,16.95,0.42375,0.59,2.625,3.15,6.725,2.2840277777777778,0.6215277777777778,0.6569444444444444,1.8777777777777778,0.3795138888888889
1,1359,11,77.4,99.2,135318.0,0.8343470230852528,11.0,2.14055767693907,103.0,6.816608996539792,88.82352941176471,91.0,74.0,29.0,4.615384615384615,89.21817277293442,-0.23616084661736567,135318.0,0.6955017301038062,70.26297577854672,0.8830086606896614,21.387247375227588,18.601075237738275,9.0,18.88512466063819,47.25483399593899,5.250537110659888,17.0,0.22505048068409317,5.333333333333333,0.0,0.0,0.0,0.010177081213108079,-0.33333333333333276,0.6666666666666666,-3.203426503814917e-16,0.0,0.6666666666666666,0.6666666666666666,0.9333333333333332,0.8333333333333334,-0.6666666666666666,0.6199156633547958,0.6666666666666666,2.3333333333333335,0.6666666666666666,0.6666666666666661,0.6666666666666664,0.6666666666666666,4.666666666666667,-3.203426503814917e-16,0.16666666666666666,11.823529411764707,0.6796875,0.17301038062283736,4.4181985294117645,1.046875,4.6056985294117645,0.2899305555555556,0.2782118055555556,0.9223297984287226,16.28125,0.970703125,0.9852941176470589,0.0146484375,0.98828125,4.3713235294117645,0.2752821180555556,4.4375,1.1875,5.1875,0.3263888888888889,0.2795138888888889,14.125,0.8828125,0.953125,4.25,0.2677951388888889,1.1862781244591316,0.9411764705882353,0.05859375,0.2777777777777778,0.5666666666666667,0.5970588235294118,1.6862745098039216,1.3216069583883456,13.470588235294118,0.7923875432525952,0.10380622837370242,4.411764705882353,1.3529411764705883,5.823529411764706,0.36601307189542487,0.2777777777777778,0.9117647058823529,4.0588235294117645,0.255718954248366
1,1261,22,130.0,197.0,2279148.0,1.980345232593944,49.0,1.7409038950994713,212.0,23.104709647919524,165.7037037037037,169.0,116.0,96.0,19.17906336088154,167.7427483667465,-0.08315703960443131,2279148.0,0.2790733119951227,679.912208504801,0.7282296251180683,109.1300052296269,77.79460135510689,47.5,79.47170279750404,216.333044482742,4.5543798838472,81.0,0.11293508280313005,11.75079365079365,9.850712339146908,-2.0483966294336664,2.2720987654320988,0.006665650561398161,0.828411082653624,0.19682539682539685,0.6837887605749556,0.1508591584782061,0.9015873015873015,0.9015873015873015,0.9924297924297925,0.9671957671957672,-0.6246476368618042,0.8809046000740745,0.19682539682539685,3.344444444444445,0.3553136810279668,1.7275835193159885,0.9415584415584397,0.4650793650793651,6.688888888888888,1.530758122490592,0.6172310405643738,22.604938271604937,0.26222684703433924,1.0123456790123457,10.588348440184749,1.2136561432902684,13.253403023772366,0.18848177494432047,0.16583620651259803,2.297672148483785,67.56373310753752,0.8876601636009056,0.9382716049382717,0.07479204868056302,0.9540948429191883,10.042226854155935,0.16064411932602715,10.290322580645162,2.1451612903225805,24.70967741935484,0.2964605734767025,0.17762096774193548,40.03225806451613,0.645681581685744,0.8307571684587813,8.432795698924732,0.15609770136399842,2.9158111305154266,0.7654320987654321,0.4383454734651404,0.12773487773487774,0.6120906801007556,0.624106325381499,5.671296296296295,3.1201196703705456,37.81481481481482,0.46684956561499774,0.47218411827465323,10.691358024691358,2.7037037037037037,32.148148148148145,0.33991769547325107,0.16227709190672154,0.6911008230452674,7.103566529492456,0.1258479319082457
2,1270,10,85.0,103.0,391358.0,0.9852281360342509,7.75,2.797036739694252,105.0,5.564625850340135,96.28571428571429,98.5,80.0,25.0,4.425925925925927,96.5300348028924,-0.9356999096022006,391358.0,0.510204081632653,47.10884353741496,0.9053345386763024,41.70184325055399,33.734255586866,25.0,37.75411902119178,111.58073580374386,4.463229432149754,42.0,0.15884944996446645,2.375,0.5205078125,0.0234375,0.546875,0.047619047619047616,0.09999999999999995,0.4375,0.7028195311147826,0.171875,0.78125,0.78125,0.9125,0.8541666666666666,-0.3410460755603767,0.40942445216499185,0.4375,1.53125,0.3359375,1.6403195311147822,0.4000000037252901,0.34375,3.0625,1.2028195311147825,0.24609375,21.428571428571427,0.5224977043158862,0.24489795918367346,2.264265083440308,1.172240051347882,2.722304236200257,0.7847240051347881,0.683933729139923,1.2791082415054713,35.5727214377407,0.8935109073052084,0.9464285714285714,0.05324454634739578,0.9569399871630295,2.149755295250321,0.6587361601412067,2.1818181818181817,1.8181818181818181,4.363636363636363,1.1818181818181819,0.7045454545454546,19.90909090909091,0.6033057851239669,0.7954545454545454,1.6363636363636365,0.5852272727272727,1.7834959231633973,0.7857142857142857,0.1983471074380165,7.291666666666666,0.24000000000000005,0.19841269841269837,0.24489795918367344,1.934715495424625,21.428571428571427,0.5102040816326531,0.24489795918367346,2.2857142857142856,2.2857142857142856,5.714285714285714,1.4285714285714286,0.6785714285714286,0.6785714285714286,1.4285714285714286,0.49107142857142855
2,1380,31,160.8,212.2,1882391.0,1.621296612111092,25.5,2.483089840865132,223.0,15.441322314049591,184.05454545454546,182.0,138.0,85.0,11.043807463493781,185.0007862391155,0.12682368294014978,1882391.0,0.3500826446280991,349.2152066115703,0.8231374153946445,68.63208828448994,54.20332093147061,36.5,56.49363976363211,139.48023074035567,3.8213761846672787,55.0,0.15354607067171733,8.342532467532468,2.2128364451101117,-0.12525491037887695,1.0966646989374262,0.023050338091660405,0.3108766233766232,0.4383116883116883,0.9173166429183227,0.22341457244054647,0.7808441558441559,0.7808441558441559,0.9742169595110771,0.9123376623376622,-0.4334087501455838,0.7102380455853858,0.4383116883116883,2.840909090909091,0.33562784617979424,1.7577472842995976,0.632676600333593,0.45779220779220775,5.681818181818182,1.3194355959879096,0.3837440968122786,19.254545454545454,0.3435374149659864,0.5851239669421489,8.647629443825096,1.3264817911557043,10.578463706181097,0.230796596078148,0.16450921581884748,1.8746224696028964,46.8333178496222,0.905256831076559,0.9363636363636364,0.1707175201895088,0.9606500836120402,8.33400300383996,0.15850500360426387,9.047619047619047,2.4523809523809526,17.738095238095237,0.4538690476190476,0.16038359788359788,28.428571428571427,0.6768707482993197,0.8485449735449736,7.853835978835979,0.1362479791299236,2.477629411772736,0.7636363636363637,0.7375283446712018,0.5833333333333333,0.21526418786692764,1.5004637068358,1.1916083916083917,2.846151595871807,25.472727272727273,0.4631404958677686,0.5044628099173554,8.527272727272727,2.7818181818181817,20.78181818181818,0.48446969696969694,0.16553030303030303,0.695959595959596,6.332323232323232,0.11273148148148149
1,1261,18,160.4,191.8,1386733.0,0.9330252953592905,15.5,2.4086608065088226,197.0,9.414818820984316,179.2325581395349,183.0,156.0,41.0,6.517906336088154,179.5817492151215,-0.5739529160437231,1386733.0,0.5457003785830179,125.29475392103839,0.6729769670235164,72.56646481557641,51.24451190127583,30.5,48.83555939920533,106.71067811865498,3.498710757988688,43.0,0.18346235835730051,3.725490196078431,0.3862661286782167,-0.21656828821494004,0.23990772779700117,0.00528255373740677,0.9496296296296293,0.0196078431372549,0.10758565296579897,0.01845444059976932,0.9901960784313726,0.9901960784313726,0.996078431372549,0.9934640522875817,-0.20884921706764573,0.2683764402386964,0.0196078431372549,1.911764705882353,0.8517877739331027,0.38171212338435034,0.2829629629629626,0.9019607843137255,3.823529411764706,0.3621042802470955,0.06487889273356402,23.46511627906977,0.500945179584121,0.22714981070849108,2.8837093946105576,2.031051587301587,6.507915743816907,0.9118355481727575,0.5290726513473607,1.3267199307604798,34.01236772486773,0.8703518501021807,0.8837209302325582,0.5960110605456175,0.9379836309523809,2.6825189184200813,0.501849809085456,2.5652173913043477,6.478260869565218,22.130434782608695,2.5652173913043477,0.6086956521739131,11.782608695652174,0.5122873345935728,0.7361141304347826,1.729782608695652,0.4876970108695652,2.341787631388139,0.5348837209302325,2.982986767485822,0.26219512195121947,2.0,0.023255813953488372,2.0,2.415710377463307,14.44186046511628,0.3358572201189832,0.6695511087074093,2.953488372093023,4.395348837209302,14.581395348837209,1.8488372093023255,0.5116279069767442,0.48708010335917307,1.2351421188630491,0.30006459948320413
2,1263,35,100.8,152.1,664792.0,1.74689437989732,15.25,3.945064587717019,167.0,14.429999999999998,127.4,131.5,70.0,97.0,8.4375,128.91780327014573,-0.8592681402586546,664792.0,0.37500000000000006,389.0400000000001,0.8160140012689988,45.257752857090956,39.698866482558415,25.5,36.93095999735825,103.43860018001283,4.056415693333836,40.0,0.17305828181246102,13.7,0.65705,-0.20700000000000013,0.33499999999999996,0.010899479166666667,0.05875299760191867,0.45,0.4703227248076727,0.115,0.775,0.775,0.9826923076923076,0.925,-0.35419921346312166,0.520100942156343,0.45,3.7,0.5475,1.1402410118609194,0.4839303429548295,0.625,7.4,0.6902410118609197,0.19625,15.0,0.3215400624349636,0.769375,14.267467948717949,1.3490675990675989,19.534367715617716,0.13441923238798237,0.1103929114866615,1.9448488068647014,35.38170163170163,0.9327758488597649,0.9437500000000001,0.20578838411006245,0.9716556591556592,13.89350394975395,0.1080689911939912,14.225806451612904,2.5161290322580645,37.12903225806452,0.22240143369175625,0.1182347670250896,22.35483870967742,0.7211238293444329,0.8718637992831542,12.514336917562725,0.10787410394265234,2.5350441020097443,0.775,0.8511966701352758,0.08547008547008546,0.6000000000000001,1.2499936509173302,5.6911764705882355,2.7593407582869123,19.8,0.495,0.4475,14.275,2.55,36.975,0.21958333333333332,0.108125,0.7236111111111111,10.377777777777776,0.08720486111111111
2,1264,15,184.8,222.60000000000002,1634287.0,1.5272374744958732,22.5,8.908837563737908,228.0,13.554240631163706,203.76923076923077,207.0,122.0,106.0,8.203954214360042,204.7066068103198,-2.018651346008189,1634287.0,0.44378698224852076,382.89546351084823,0.7835195523932904,42.99737615678404,31.575306807693888,24.5,33.68928492044937,99.09545442950518,4.044712425694089,39.0,0.17706561843257113,24.833333333333332,2.8185402199074066,0.1663773148148156,1.0399305555555554,0.015233736239653397,-0.16821634363541116,0.8958333333333333,1.2295739585136216,0.4149305555555556,0.6215277777777778,0.59375,0.9662162162162161,0.8794642857142858,-0.4045114215733796,0.8221850864535373,0.53125,4.989583333333333,0.2126736111111111,2.396647917027243,0.678639792070542,0.2708333333333333,9.979166666666666,1.536967448142027,0.5881076388888888,17.307692307692307,0.4692378328741965,0.7666009204470744,22.858581506607823,1.1227773826458036,26.186788002577476,0.07651373940573503,0.07162975179970794,1.687806370774173,34.6922119487909,0.9234278145593373,0.9615384615384615,0.038286092720331316,0.969305654338549,22.026529882615407,0.07040875489820117,22.272727272727273,1.5454545454545454,37.09090909090909,0.0976010101010101,0.07595959595959595,23.181818181818183,0.7024793388429752,0.8636363636363636,18.568181818181817,0.07054924242424243,1.9696964835242596,0.8461538461538461,0.1487603305785124,0.06549815498154982,0.5492957746478873,2.4645615922539,5.895781637717122,2.2028404372034824,22.384615384615383,0.5739644970414202,0.21301775147928992,23.025641025641026,1.9230769230769231,48.1025641025641,0.10700142450142451,0.07037749287749288,0.7692307692307693,16.756410256410255,0.06122150997150996
2,1380,35,81.8,111.30000000000001,478262.0,1.2010895951011356,16.5,2.440603581047809,121.0,9.76,97.08,97.0,72.0,49.0,6.975,97.80204496839521,-0.06928643166168925,478262.0,0.4632,140.71360000000004,0.5437436648646434,109.41598711842556,78.10249675906654,30.5,59.494249830555326,132.30865786510174,4.337988782462352,50.0,0.14796758568525273,4.388888888888889,0.2936314014631915,0.15363511659807952,0.16126543209876543,0.0032359999999999997,0.6666666666666661,0.125,0.24999999999999958,0.0625,0.9375,0.9375,0.9875,0.96875,-0.2877664099472572,0.3157013689350548,0.125,2.0902777777777777,0.7943672839506173,0.500814583693911,0.33333333333333104,0.8472222222222222,4.180555555555555,0.37581458369391096,0.07156635802469136,23.16,0.47368421052631576,0.3236,6.30251368840219,1.4666500746640119,8.260577401692384,0.3287013992588905,0.21457953099939164,1.4028876859853028,44.115978098556496,0.935509222931849,0.94,0.31392296140736525,0.9733717801144849,6.1731349552015935,0.20855763862963886,6.7368421052631575,3.210526315789474,15.973684210526315,0.7507309941520468,0.20906432748538012,30.57894736842105,0.8047091412742382,0.9099506578947368,6.277960526315789,0.1892932200292398,1.7665482059866298,0.76,1.4792243767313016,0.13246268656716417,1.4084507042253522,0.12170185185185187,4.666666666666667,2.167812416020899,25.68,0.5136,0.5696,6.18,2.76,13.82,0.6394444444444445,0.21611111111111111,0.7377777777777778,4.981111111111111,0.1547222222222222
2,1383,47,84.0,106.0,982975.0,1.0644830759316652,11.0,4.784143493964362,130.0,7.20744169796489,95.35514018691589,95.0,68.0,62.0,4.769886363636363,95.8471817164733,0.7305244848560273,982975.0,0.5498296794479867,94.07948292427285,0.9632285170922134,130.77264479081012,106.1178590059185,62.5,125.96394071807879,285.9726547895317,4.575562476632507,107.0,0.09799872684545755,5.4375,0.7514168945312499,0.21682031249999983,0.52421875,0.0046043735244849,0.19197523491001744,0.28125,0.7458776578108859,0.17234375000000002,0.859375,0.859375,0.9834558823529412,0.94375,-0.18332788194222285,0.43766353557929827,0.28125,2.309375,0.467890625,1.460153986030537,0.3505594191793857,0.58125,4.61875,1.1789039860305373,0.2013671875,58.83177570093458,0.5283044982698962,0.2728622587125513,5.676703830150432,1.1819927489292952,6.616558122875737,0.2525077326020027,0.2128951925087934,1.3596487126288248,91.39551511941596,0.9016084007175394,0.9462616822429907,0.06331526895973345,0.9599764621743644,5.477123212740411,0.2039861543331478,5.776470588235294,2.011764705882353,10.823529411764707,0.43709150326797386,0.2119281045751634,59.023529411764706,0.6943944636678201,0.858640522875817,5.026392156862745,0.1817171387073348,1.9811304137425687,0.794392523364486,0.4271280276816609,0.49022435897435906,0.20987250735534488,0.6646416601556788,1.1491013659237956,2.2649312310036036,54.12149532710281,0.5058083675430168,0.4320027950039304,5.644859813084112,2.4766355140186915,13.046728971962617,0.5408878504672897,0.2132658359293873,0.7298156801661474,4.24221183800623,0.15466171974154838
1,1260,10,184.0,206.3,1453448.0,0.8680403986166396,11.75,3.2031026237216738,220.0,7.072022160664819,195.3684210526316,194.0,176.0,44.0,5.030176899063476,195.5725736879979,0.33401518258354373,1453448.0,0.5886426592797784,79.81163434903044,0.8311735243894769,55.63782419716157,45.5411901469428,21.5,46.2446864273169,103.33809511662452,4.80642302868021,38.0,0.15906100064665954,1.2916666666666665,0.034143518518518504,-0.018518518518518497,0.11805555555555555,0.032475579530543815,0.29166666666666685,0.29166666666666663,0.4795739585136219,0.11805555555555555,0.8541666666666666,0.8541666666666666,0.9416666666666667,0.9027777777777777,-0.10627079547757835,0.27377153965511725,0.29166666666666663,1.1458333333333333,0.6770833333333333,0.7712406251802885,0.20833333333333318,0.7083333333333333,2.2916666666666665,0.4795739585136219,0.10243055555555555,22.36842105263158,0.5555555555555556,0.2056786703601108,1.8980855855855856,1.1024774774774775,2.0005630630630633,0.8779560810810811,0.7754786036036035,1.074241625797987,34.3460960960961,0.9343205818431043,0.9671052631578947,0.03283970907844782,0.9743806306306306,1.8724662162162162,0.7498592342342342,2.0,1.6363636363636365,2.6363636363636362,1.3863636363636365,0.75,27.424242424242426,0.8310376492194674,0.9261363636363636,1.9261363636363635,0.6761363636363636,1.3848677387391068,0.868421052631579,0.310376492194674,11.400000000000004,0.3333333333333333,0.15789473684210525,0.3333333333333333,1.661765788055023,24.736842105263158,0.6509695290858726,0.29916897506925205,1.868421052631579,1.894736842105263,2.763157894736842,1.6776315789473684,0.7828947368421053,0.8347953216374269,1.703216374269006,0.6176900584795322
2,1264,31,95.2,138.2,336899.0,1.8012693629222487,20.0,3.758471676342223,155.0,14.378472222222223,116.95833333333333,117.0,65.0,90.0,8.555555555555555,118.47978027213476,-0.4717893423835137,336899.0,0.34027777777777773,358.2065972222223,0.5842191921635649,37.377774561074474,29.410882339705484,19.0,21.836813258942776,56.28427124746189,2.962330065655889,24.0,0.2745330816923405,9.380952380952381,1.283354157989726,0.4198250728862975,0.5170068027210882,0.024942129629629627,0.40100250626566414,0.3333333333333333,0.5754137123777535,0.1360544217687075,0.8333333333333334,0.8333333333333334,0.9871794871794872,0.9444444444444443,-0.1697163672447782,0.4192018496539185,0.3333333333333333,2.9761904761904763,0.5544217687074829,1.271110877827125,0.3776493627708999,0.6428571428571429,5.9523809523809526,0.9377775444937918,0.21258503401360543,8.166666666666666,0.3046875,0.7482638888888888,11.127277494625892,1.456053671728729,15.58366921503363,0.20115203570795676,0.14952647662744917,2.0583569400747708,19.691595589764926,0.8894072808061227,0.9166666666666666,0.23742932358585825,0.952302371541502,10.610021669787116,0.14398850790995385,11.5,3.25,33.4375,0.4191666666666667,0.16135416666666666,8.625,0.5390625,0.7525,8.850625,0.13190104166666666,2.874999999999997,0.6666666666666666,1.0,0.18131868131868129,0.3636363636363637,3.3205314422419683,3.489583333333333,2.9701755214643417,9.583333333333334,0.3993055555555556,0.4722222222222222,11.041666666666666,3.25,33.541666666666664,0.40675925925925926,0.1463425925925926,0.576388888888889,6.666666666666667,0.09667052469135802
2,1270,31,57.6,99.0,349367.0,1.2720236796955828,18.75,2.25506473433627,105.0,11.763374485596708,79.05555555555556,78.0,51.0,54.0,8.395889670091941,80.43481372676423,-0.030052940517367996,349367.0,0.4698216735253773,219.97839506172838,0.7813494545257986,90.10799990471601,67.26812023536856,29.5,70.40583657396057,148.59292911256387,5.03704844449369,54.0,0.12957397924758443,4.041666666666666,0.5462962962962966,0.14814814814814853,0.4722222222222222,0.0,0.9999999999999996,0.0,-3.203426503814917e-16,0.0,1.0,1.0,1.0,1.0,-0.4999999999999999,0.4616844764696359,0.0,1.9583333333333333,0.7638888888888888,0.4795739585136219,0.49999999999999967,0.7916666666666666,3.9166666666666665,0.4795739585136219,0.11805555555555555,25.37037037037037,0.45867768595041325,0.3473936899862825,3.558677608924557,1.147114744301204,4.130665997894077,0.5200459227796909,0.4628097203645206,1.5196526648782573,46.796130794843336,0.907771251863843,0.9537037037037037,0.046114374068078556,0.963221313924699,3.4156805116821767,0.4485006697607281,3.5,1.6818181818181819,6.159090909090909,0.7392676767676766,0.476010101010101,28.545454545454547,0.6487603305785123,0.8295454545454546,2.835227272727273,0.41019570707070707,2.047237420440734,0.8148148148148148,0.1756198347107438,0.0,1000000.0,0.0,0.0,2.2032573322550975,28.814814814814813,0.53360768175583,0.23319615912208502,3.574074074074074,2.111111111111111,7.907407407407407,0.8883744855967076,0.4593621399176955,0.7222222222222222,2.490740740740741,0.3521090534979424
2,1380,22,96.0,114.9,786848.0,0.7382848661434499,8.25,3.368446777552826,122.0,5.583333333333333,104.27777777777777,104.5,84.0,38.0,3.5475530932594648,104.53920051561732,-0.18549993576664023,786848.0,0.6701388888888888,54.5895061728395,0.7544986607187816,94.29520847331457,66.76076692189807,48.5,71.14560850531414,182.93607486307155,3.7718778322282795,72.0,0.13495110495445406,2.75,0.14337158203125,-0.0205078125,0.15234375,0.017180266203703706,0.4833333333333334,0.15625,0.3858911107998986,0.08984375,0.921875,0.921875,0.96875,0.9479166666666666,-0.0044588402015275416,0.02733963744499846,0.15625,1.609375,0.755859375,0.6671411107998984,0.016666668529311663,0.78125,3.21875,0.5108911107998986,0.0771484375,48.25,0.5998189225894069,0.16493055555555552,3.323073736536868,2.0278494496390107,7.370638537104982,0.6921521777725175,0.4192315658657829,0.9802338230834706,61.890695151299965,0.9349429665639278,0.9131944444444445,0.7509060638153063,0.9714022918197077,3.224641153312681,0.40809257644646435,3.1702127659574466,5.531914893617022,20.914893617021278,1.6861702127659575,0.4574468085106383,32.95744680851064,0.7012222725215029,0.8582210524002111,2.6988416564093547,0.3980659013979251,1.737257508597068,0.6527777777777778,3.1851516523313714,1.4166666666666665,0.25668449197860965,0.10821759259259259,0.26666666666666666,2.0981735579349103,28.694444444444443,0.39853395061728397,0.6844135802469136,3.375,3.5555555555555554,13.097222222222221,1.1701388888888888,0.40625,0.6234567901234568,1.993827160493827,0.28086419753086417
1,1260,18,86.5,172.5,1536677.0,2.153319912214541,67.0,1.5189810313309218,188.0,30.867495943753383,129.2674418604651,122.5,75.0,113.0,26.138408304498267,133.67249982439293,0.13743279697644026,1536677.0,0.24310438074634935,1158.2656841535966,0.7028351705068772,142.09882027682468,101.71037311896953,53.5,99.87204857808818,224.67619023324946,4.199554957630831,86.0,0.11540503896281586,7.860049019607843,27.84857767639498,-0.20376307378006975,3.6300451749327185,0.00864389299055429,0.9156344158018075,0.12941176470588237,0.37337749224790184,0.0859515570934256,0.9352941176470588,0.9352941176470588,0.9950226244343892,0.9784313725490197,-0.8593369919309326,0.9172360923127628,0.12941176470588237,2.5046568627450982,0.4622524990388312,1.449934913053555,0.9594856068350739,0.6058823529411765,5.0093137254901965,1.3205231483476731,0.9398642349096501,20.906976744186046,0.2384066587395957,1.8584369929691724,9.11794787790806,1.5804191517012742,11.093616431545488,0.8376604003541361,0.36467433223030105,2.3773467534808406,71.83232361772752,0.909338621328698,0.9186046511627908,0.3813365738947662,0.9623507089447909,8.783569569702145,0.3506281037361185,10.189655172413794,3.9310344827586206,20.879310344827587,2.6159674329501916,0.2794013409961686,34.44827586206897,0.593935790725327,0.7955579501915709,8.332914272030651,0.20561661877394638,2.994305939003153,0.6744186046511628,1.7324613555291322,0.11093750000000001,1.211267605633803,0.40372289758700336,9.970930232558139,3.187629722166198,33.93023255813954,0.39453758788534343,0.52947539210384,8.825581395348838,3.255813953488372,21.197674418604652,1.8634173126614988,0.3876421188630491,0.6040051679586563,6.094315245478037,0.17454457364341083
2,1383,41,113.4,121.8,261471.0,0.4854607607459127,3.5,4.785816035793066,130.0,3.423822714681442,117.21052631578948,116.0,111.0,19.0,1.680000000000001,117.3099807303171,1.4773785831967898,261471.0,0.8116343490304709,23.32409972299169,0.4811699071492722,52.915176190915716,35.510561809129406,10.5,25.461190414570293,51.49747468305827,4.904521398386502,19.0,0.22305586591010196,1.5,0.0,0.0,0.0,0.009913981629975213,4.440892098500626e-16,0.5,-3.203426503814917e-16,0.0,0.75,0.75,0.9,0.8333333333333333,-0.5,0.4649367475160968,0.5,1.25,0.75,0.4999999999999995,0.4999999999999998,0.75,2.5,-3.203426503814917e-16,0.125,15.421052631578947,0.7923875432525952,0.09418282548476455,1.3245614035087718,1.0833333333333335,1.4078947368421053,1.0021929824561404,0.9188596491228069,0.6442662440350071,17.555555555555557,0.9475308641975309,0.9736842105263157,0.026234567901234566,0.9791666666666667,1.3037280701754388,0.8980263157894737,1.3529411764705883,1.3529411764705883,1.7058823529411764,1.2647058823529411,0.9117647058823529,13.470588235294118,0.7923875432525952,0.9117647058823529,1.2647058823529411,0.8235294117647058,1.0224207038483268,0.8947368421052632,0.10380622837370242,0.7307692307692307,1.0,0.10526315789473684,1.0,1.1897319168207319,12.68421052631579,0.667590027700831,0.16620498614958448,1.3157894736842106,1.631578947368421,1.9473684210526316,1.5526315789473684,0.9210526315789473,0.8421052631578947,1.1578947368421053,0.7631578947368421
1,1261,26,157.0,199.8,2284502.0,1.6903009276492156,20.0,3.9063830475758827,230.0,13.351851851851853,177.22222222222223,176.5,123.0,107.0,8.364419821483533,178.12690544789814,0.006993171425145696,2284502.0,0.3703703703703703,321.4783950617283,0.7137449430606033,147.74783245800216,103.57605900979242,41.0,105.45426826506431,194.19090885901088,4.736363630707582,72.0,0.1168874720155332,11.95595238095238,1.425293714038904,-0.3315067487312389,0.9346712018140592,0.005626286008230453,0.6171328671328666,0.24285714285714285,0.48904468262222955,0.12122448979591838,0.8785714285714286,0.8785714285714286,0.9934362934362935,0.9653061224489796,-0.6121982628976214,0.7812822060414016,0.24285714285714285,3.427380952380952,0.3953174603174603,1.5651170340239005,0.7554247641507069,0.4988095238095238,6.854761904761904,1.3222598911667585,0.2943820861678005,26.666666666666668,0.3537981269510926,0.6510416666666665,13.855693581780539,1.119254658385093,15.308333333333334,0.10859762479871175,0.09798146710374972,1.922696185884792,63.97422360248447,0.923740596427607,0.9618055555555556,0.03812970178619652,0.9701863354037267,13.49253364389234,0.0953274276800092,14.0,1.5806451612903225,21.370967741935484,0.14900537634408603,0.09938620071684587,49.193548387096776,0.7934443288241415,0.9086021505376345,12.892025089605735,0.0912127887295898,2.3270344737478124,0.8611111111111112,0.2320499479708637,0.12331142752829499,0.31976313841598814,1.8498661180741418,4.607142857142858,2.615708558660704,44.361111111111114,0.6161265432098766,0.3510802469135802,13.791666666666666,2.0555555555555554,26.59722222222222,0.1919675925925926,0.09763888888888889,0.8132716049382717,11.500771604938272,0.08112975823045268
1,1360,20,75.4,92.0,396399.0,0.37601985096927215,6.5,3.1956550472191947,96.0,4.816528925619836,84.67272727272727,86.0,67.0,29.0,3.1188016528925626,84.89555079893495,-0.6856006413358673,396399.0,0.8651239669421487,37.78380165289256,0.671050759765951,63.431411301988554,51.35172830587107,38.0,42.56569674722595,136.99494936611686,3.6051302464767594,55.0,0.15951156431232094,3.861111111111111,0.22222222222222235,-0.12962962962962976,0.11111111111111109,0.0024522915101427498,0.8999999999999998,0.027777777777777776,0.12581458369391102,0.024691358024691357,0.9861111111111112,0.9861111111111112,0.9944444444444445,0.9907407407407407,-0.07788462240318897,0.14427242706073728,0.027777777777777776,1.9583333333333335,0.9058641975308642,0.27438445996048794,0.14999999999999947,0.9444444444444444,3.916666666666667,0.24660668218271012,0.03472222222222222,47.58181818181818,0.8861340679522498,0.06743801652892562,3.7895500725689404,1.7302249637155298,6.595065312046444,0.5140148766328011,0.3026124818577649,0.7774228167795735,41.86465892597968,0.8416813507302183,0.8909090909090909,0.4044387460681584,0.930124047532656,3.5388924165457185,0.2779319552793904,3.8181818181818183,5.484848484848484,21.21212121212121,1.553030303030303,0.29545454545454547,17.303030303030305,0.5243342516069789,0.7513552188552188,2.95996632996633,0.1992024410774411,1.5279721499853818,0.6,2.7070707070707076,0.2806122448979592,1.0,0.03636363636363636,1.0,1.7984238044707461,18.927272727272726,0.3441322314049587,0.692892561983471,3.7818181818181817,4.2,15.927272727272728,1.268181818181818,0.30454545454545456,0.5232323232323233,2.0383838383838384,0.14444444444444446
2,1264,39,106.1,155.3,652812.0,1.74741303953164,27.5,2.8655409452367713,161.0,15.138504155124652,129.6315789473684,129.0,82.0,79.0,10.639999999999997,131.06968817348556,-0.3999139197644639,652812.0,0.32409972299168976,374.91689750692524,0.7729594639574268,62.262648778044515,48.877397639399746,20.5,48.12650362404682,104.40916292848998,5.093129898950731,38.0,0.15372455644067456,5.375,0.359375,-0.1875,0.3125,0.029867489591939217,0.0476190476190478,0.5,0.4999999999999995,0.125,0.75,0.75,0.9705882352941176,0.9,-0.2533878658431259,0.4655903961908565,0.5,2.3125,0.515625,1.2028195311147825,0.4166666666666663,0.59375,4.625,0.7028195311147827,0.203125,12.31578947368421,0.32081632653061226,0.6925207756232687,8.530583214793742,1.060810810810811,8.875177809388337,0.20366089773984514,0.19127351035245774,1.852314359677543,35.79054054054055,0.960555149744339,0.980263157894737,0.019722425127830536,0.9847972972972974,8.444434566145093,0.18817666350561085,8.714285714285714,1.3142857142857143,10.4,0.2571428571428571,0.1904761904761905,31.17142857142857,0.8906122448979592,0.9531746031746032,8.419841269841271,0.18174603174603174,2.0483603334653284,0.9210526315789473,0.13551020408163267,0.4246575342465753,0.3064516129032258,1.318045112781955,1.6485280999107936,2.304972410238655,29.105263157894736,0.7659279778393352,0.18559556786703602,8.473684210526315,1.5263157894736843,11.368421052631579,0.30116959064327486,0.1915204678362573,0.8976608187134504,7.866959064327486,0.17141812865497078
0,1276,41,83.2,123.6,224851.0,1.5288018145253166,23.0,4.321567658727392,136.0,16.34903047091413,106.78947368421052,114.0,47.0,89.0,10.88,108.78539956214132,-1.2312656574404053,224851.0,0.4182825484764543,430.2714681440444,0.6856602726185856,26.84839366314701,22.20360331117452,11.5,18.408876918444484,50.426406871192796,4.384904945321113,19.0,0.23839427876368874,11.055555555555555,5.3580246913580245,-0.02469135802469123,1.4074074074074074,0.03907275112990231,0.3777777777777778,0.4444444444444444,0.6394319446848292,0.40740740740740744,0.8333333333333334,0.8111111111111112,0.9727379899793692,0.9338624338624338,-0.35816102865401184,0.426194290685336,0.15277777777777776,3.2777777777777772,0.625,0.9172097224626069,0.3999999999999993,0.7222222222222222,6.5555555555555545,0.6394319446848292,0.5462962962962963,7.947368421052632,0.37777777777777777,0.7423822714681441,14.316692466460267,1.1715686274509807,16.770123839009287,0.1377574246072698,0.12500892242862055,1.7628771432376393,16.173202614379086,0.8956277500106796,0.9473684210526315,0.052186124994660174,0.9571078431372549,13.703334623323013,0.12182179688395825,14.333333333333334,1.8,25.733333333333334,0.19468518518518518,0.13496296296296295,9.133333333333333,0.6088888888888889,0.8,11.483333333333333,0.12003240740740742,2.3655962303576,0.7894736842105263,0.19555555555555554,0.1044776119402985,0.6785714285714285,1.930547522652786,4.157894736842105,2.3598063039210984,9.736842105263158,0.5124653739612188,0.24376731301939056,14.31578947368421,2.263157894736842,32.31578947368421,0.21656432748538013,0.12226608187134502,0.6842105263157895,9.81578947368421,0.09869152046783626
2,1380,33,130.6,172.0,1107991.0,1.5221214406443697,26.5,2.5479206397520797,181.0,14.616568583069267,152.5744680851064,156.0,109.0,72.0,11.036011080332406,153.539169581396,-0.5405915169498092,1107991.0,0.40063377093707553,295.30828429153456,0.7680212503769372,83.39102674029097,61.40032573203501,26.5,64.04608062729488,127.96551211459418,4.828887249607328,47.0,0.14260505810776267,7.975,2.2,0.0,0.7,0.006034308390241082,0.3999999999999999,0.3,0.18048202372184016,0.04000000000000001,0.85,0.85,0.9823529411764707,0.94,-0.569517976278159,0.6394490332387867,0.3,2.75,0.55375,1.0554820237218396,0.6499999999999994,0.6,5.5,0.75548202372184,0.25,18.829787234042552,0.39351851851851855,0.48619284744228164,7.51088288875894,1.1906712473572938,8.738552021951328,0.2383510076019972,0.19197151500157436,1.7815588268228164,39.22436575052854,0.8838635413826549,0.9414893617021276,0.058068229308672545,0.9523321881606764,7.203965605460843,0.18037664185146865,7.75,2.0277777777777777,14.38888888888889,0.4228395061728395,0.18055555555555555,21.72222222222222,0.6033950617283951,0.8047839506172839,6.491512345679013,0.13112997256515777,2.4108972990893154,0.7659574468085106,0.3233024691358024,0.1326754385964912,0.7768595041322315,0.4495891038922203,4.012158054711246,2.5747153785306476,22.48936170212766,0.4784970574920779,0.3340878225441376,7.446808510638298,2.4893617021276597,17.06382978723404,0.5508274231678486,0.19503546099290778,0.6749408983451537,5.349881796690307,0.11462437614919885
0,1285,29,102.0,136.6,499253.0,1.2946258909859774,19.0,2.4956849391021154,139.0,11.691428571428572,118.6,121.0,86.0,53.0,8.681122448979592,119.43354398397223,-0.4875846756932759,499253.0,0.4514285714285714,198.41142857142862,0.37994401744894735,64.37709804314714,58.249463516842795,19.0,24.45969326221809,96.50966799187825,5.079456210098855,35.0,0.16010721783514636,5.5,0.015625,0.0,0.0625,0.005177842565597669,0.6666666666666667,0.125,0.24999999999999958,0.0625,0.9375,0.9375,0.9875,0.96875,-0.03776640994725822,0.11656101121640414,0.125,2.3125,0.84375,0.3749999999999996,0.08333333333333327,0.875,4.625,0.24999999999999958,0.046875,15.8,0.43600416233090533,0.36244897959183675,5.463235294117647,1.088235294117647,5.926470588235294,0.28717320261437906,0.2681781045751634,1.4631099518450348,32.05882352941177,0.9429065743944637,0.9714285714285714,0.028546712802768166,0.9779411764705882,5.3474264705882355,0.26342933006535946,5.483870967741935,1.3870967741935485,7.516129032258065,0.35663082437275984,0.2732974910394265,24.032258064516128,0.7752341311134235,0.9032258064516129,4.975806451612903,0.25246415770609315,1.856389056773744,0.8857142857142857,0.11238293444328824,0.14864864864864868,1.590909090909091,0.1555590062111801,4.3809523809523805,2.021085520825808,22.65714285714286,0.6473469387755102,0.1763265306122449,5.457142857142857,1.6857142857142857,9.057142857142857,0.4142857142857143,0.26666666666666666,0.8285714285714286,4.557142857142857,0.22976190476190475
2,1270,25,87.0,140.8,915919.0,1.5804243339019735,17.5,2.792706222162271,150.0,14.280957336108221,120.11290322580645,123.0,78.0,72.0,9.685964181591004,121.54376617817219,-0.8315066194922018,915919.0,0.3652445369406867,345.7775754422476,0.7173140745182267,120.3460918138249,82.03657720797473,37.5,86.32594547131936,164.59292911256387,4.389144776335036,62.0,0.13188924793909015,5.25,2.434942968376477,-0.6953418482344103,0.3553719008264463,0.005698029606256923,0.9195121951219511,0.06818181818181818,0.21133773415560872,0.04958677685950413,0.9659090909090909,0.9659090909090909,0.9959893048128342,0.9863636363636363,-0.0985810046895023,0.1944154373042702,0.06818181818181818,2.1477272727272725,0.8378099173553719,0.47247921132999626,0.24999999999999664,0.8863636363636364,4.295454545454545,0.40429739314817814,0.10588842975206614,22.64516129032258,0.35276967930029157,0.6056191467221644,5.961232544019429,1.1826654523375835,7.201305403764419,0.3662791776293598,0.3173071409296364,1.8338677713805351,53.22301153612629,0.9022737279865989,0.9475806451612904,0.0609516133729557,0.9594776698374148,5.697510625379477,0.30563569096824006,5.836734693877551,1.8775510204081634,11.510204081632653,0.5925453514739228,0.3244047619047619,31.20408163265306,0.6368179925031237,0.8259637188208616,4.645124716553288,0.282564877802973,2.4275467757596005,0.7903225806451613,0.27655143690129114,0.15267857142857144,0.7251461988304094,0.33760263929618767,4.313364055299539,2.620017733676104,31.161290322580644,0.5026014568158168,0.30801248699271594,6.0,2.3225806451612905,14.64516129032258,0.7030689964157706,0.315076164874552,0.7051971326164874,4.017921146953405,0.23799034249303064
1,1360,20,132.0,149.8,1015280.0,0.7441942138263217,7.25,4.07533959883093,155.0,5.903846153846154,139.5,140.0,114.0,41.0,3.489589530041641,139.73050985599167,-0.5526895692745648,1015280.0,0.7307692307692307,64.3653846153846,0.6934024394700288,101.5796953744607,75.02666192761077,30.0,70.43560857327344,139.8650070512059,4.662166901706864,52.0,0.1388214217044905,6.166666666666667,0.8996913580246914,0.47530864197530875,0.5740740740740741,0.0018965255651646185,0.5999999999999995,0.1111111111111111,0.3060986113514961,0.07407407407407408,0.9444444444444443,0.9444444444444443,0.9888888888888889,0.9722222222222222,-0.6914943619873455,0.698520138980288,0.1111111111111111,2.444444444444444,0.5833333333333334,0.9580618054353621,0.7333333333333321,0.7222222222222222,4.888888888888888,0.8469506943242511,0.17129629629629628,38.0,0.7879935100054083,0.14792899408284024,4.383301282051282,1.165,5.399551282051282,0.2976727207977208,0.26631855413105415,0.9236430720975272,45.34333333333333,0.9138111111111111,0.9519230769230769,0.05779444444444444,0.9643055555555555,4.179238782051282,0.2590972964150048,4.209302325581396,1.7674418604651163,9.023255813953488,0.4186046511627907,0.2751937984496124,31.0,0.7209302325581395,0.873546511627907,3.5944767441860463,0.24660852713178294,1.251618824368912,0.8269230769230769,0.30502974580854514,0.14534883720930233,1.04,0.13294314381270902,2.4615384615384617,1.6808329872054384,28.26923076923077,0.5436390532544378,0.42899408284023677,4.461538461538462,2.3461538461538463,13.115384615384615,0.5085470085470085,0.26282051282051283,0.7602831196581197,3.1694711538461537,0.2121468423551757
1,1261,20,157.6,198.0,2712414.0,1.4772073212274697,23.0,3.1509188773180314,205.0,12.66851631655437,175.83908045977012,176.0,134.0,71.0,9.079944455465183,176.57058762374075,-0.4433768940218963,2712414.0,0.40837627163429774,257.79019685559524,0.8486506508735121,81.8083019321588,63.89053137985315,59.5,69.42666868158335,216.6345596729067,3.6409169692925496,87.0,0.12622217926651244,6.31,5.02291523385256,0.5007698658892116,1.243395918367347,0.00831456601817557,0.6919375297288722,0.19714285714285715,0.7027577491692212,0.1552326530612245,0.9014285714285714,0.9014285714285714,0.9884033613445378,0.9605714285714285,-0.3899209932193909,0.763165701985304,0.19714285714285715,2.448571428571429,0.3300163265306123,1.9327795471539737,0.7267167317877181,0.4442857142857143,4.897142857142857,1.735636690011117,0.36013469387755104,35.52873563218391,0.4567901234567901,0.45686352226185756,6.8995936113675365,1.5806136593677,9.622584614552487,0.40575556780331845,0.20946490554436226,1.8453575116215175,65.90286497059932,0.8373519072438534,0.896551724137931,0.3017097213092027,0.9298678919762569,6.461658360571299,0.1934657485023505,7.481481481481482,4.166666666666667,23.185185185185187,1.1854423868312756,0.17373971193415638,27.48148148148148,0.5089163237311386,0.7409992283950617,5.872397119341564,0.11103112854366713,2.540436609575832,0.6206896551724138,1.5709876543209877,0.3646844660194175,0.2895174708818636,0.6328498917996852,1.4373865698729582,2.9626971999917875,29.850574712643677,0.34311005416831813,0.694411414982164,6.735632183908046,4.0344827586206895,23.264367816091955,1.095625798212005,0.219029374201788,0.5359195402298851,4.083732439335888,0.09066579750248333
1,1361,16,96.2,109.0,611424.0,0.7746319868686835,6.0,4.179762148104255,122.0,4.326254232071407,103.40350877192982,104.0,90.0,32.0,2.661625708884688,103.56996109927465,0.5580492636801804,611424.0,0.6478916589719913,34.45121575869498,0.576006684056491,61.220319300823675,43.41658669218482,39.0,35.26331311734704,142.6518036156093,3.6577385542463925,57.0,0.15518865476086116,3.5551470588235294,0.4855504739264675,-0.29459310757174834,0.3156898788927336,0.015443348290702132,0.5384236453201967,0.10661764705882354,0.37089323538369223,0.08320717993079585,0.9466911764705882,0.9466911764705882,0.9786764705882354,0.9644607843137254,-0.28279454625129724,0.35748462046721324,0.10661764705882354,1.869485294117647,0.7056390570934256,0.7567605984539495,0.35985221674876755,0.8161764705882353,3.738970588235294,0.6501429513951261,0.10557688148788927,36.92982456140351,0.5821767713659606,0.17605417051400432,3.266223655251189,1.6790620915374097,5.8876936098168,0.6269042119675621,0.43344408618720265,1.1543981824454552,45.89695207101416,0.8850668527320756,0.9035087719298246,0.4130530657206646,0.9505274925955979,3.092028228529588,0.4151523086121004,3.108108108108108,4.351351351351352,16.027027027027028,1.4324324324324325,0.47297297297297297,24.62162162162162,0.6654492330168006,0.8335228978978979,2.563821321321321,0.400948292042042,1.837345503700981,0.6491228070175439,1.9780861943024108,1.0533333333333335,0.36075949367088606,0.09726069559864574,0.4,2.2009104653951646,21.87719298245614,0.3838104032009849,0.8076331178824252,3.3157894736842106,3.9473684210526314,14.473684210526315,1.3157894736842106,0.42105263157894735,0.6048976608187134,1.8932748538011697,0.28280336257309946
1,1361,11,83.0,102.0,189888.0,0.9182958340544889,7.0,2.846012000142775,103.0,6.412698412698414,94.76190476190476,97.0,77.0,26.0,4.484429065743943,95.09093392267064,-1.0640114581531694,189888.0,0.5555555555555556,62.4671201814059,0.8373067570194933,17.324308469166816,16.64331697709324,12.0,14.50576054192341,56.91168824543136,4.742640687119279,21.0,0.21577150272542908,1.75,0.2080078125,0.0703125,0.234375,0.037037037037037035,0.5333333333333333,0.1875,0.4528195311147827,0.109375,0.90625,0.90625,0.9625,0.9375,-0.07937955589633955,0.24699420954188495,0.1875,1.28125,0.6796875,0.8124999999999993,0.1999999999999999,0.75,2.5625,0.6249999999999994,0.10546875,11.666666666666666,0.5555555555555556,0.2222222222222222,2.0,1.2652777777777777,2.5027777777777778,0.9559027777777778,0.75,1.2159745610001431,17.158333333333335,0.8778240740740741,0.9285714285714286,0.09812499999999999,0.9491126543209877,1.8897376543209878,0.7139564043209876,2.0,2.6,5.2,1.95,0.75,10.2,0.68,0.8222222222222223,1.6444444444444444,0.6166666666666667,1.6402239289418505,0.7142857142857143,0.64,0.0,0.5454545454545455,0.1746031746031746,0.5714285714285714,2.297079327540663,9.0,0.42857142857142855,0.5306122448979591,2.0,3.0,6.0,2.25,0.75,0.6587301587301587,1.3174603174603174,0.49404761904761907
0,1285,15,101.7,135.0,867750.0,1.3111355397280362,15.25,2.4425354420153296,142.0,9.622222222222218,119.66666666666667,121.5,95.0,47.0,6.9329446064139955,120.26013470805694,-0.27126860639119293,867750.0,0.4505555555555556,142.38888888888897,0.7593877494277326,72.12336519606563,64.8459713474939,44.5,54.76959997739473,145.68124086713217,3.273735749823195,60.0,0.1623234653081794,5.174122807017544,2.2130322793688615,0.3041559778177354,0.8548122499230533,0.008216049382716051,0.569569757727652,0.1763157894736842,0.4886140885837981,0.10854570637119114,0.911842105263158,0.911842105263158,0.9823684210526316,0.955921052631579,-0.565686756502405,0.755334567126237,0.1763157894736842,2.2074561403508772,0.4458902739304402,1.3838047509143294,0.7654761904761872,0.5627192982456141,4.4149122807017545,1.2074889614406454,0.25778200984918437,27.033333333333335,0.4488888888888889,0.36972222222222223,5.363290890283047,1.8367272722835168,8.911204371381977,0.5584453177481925,0.276415582460651,1.7101489020928096,44.90456740752854,0.8414814378663419,0.875,0.46840221169903373,0.9280773826055155,4.95123167565507,0.25875236057257023,5.8,6.533333333333333,29.366666666666667,2.121296296296296,0.24444444444444444,11.0,0.36666666666666664,0.6126782407407406,3.573564814814815,0.1450903420781893,2.893436329144914,0.5,2.533333333333333,0.39648437499999994,0.5911330049261083,0.20415206263173744,1.625,2.737956321515425,21.6,0.36,0.5333333333333333,5.283333333333333,4.533333333333333,21.583333333333332,1.4375,0.2810185185185185,0.412962962962963,2.319444444444444,0.10506687242798354
1,1360,22,188.0,232.0,4652000.0,1.61674389729614,26.25,7.331232591126866,243.0,15.161179698216735,206.57407407407408,208.5,112.0,131.0,10.904958677685952,207.5429451320234,-1.1090367517118325,4652000.0,0.35905349794238683,401.22599451303154,0.8339542755073709,119.61683494523767,91.13725912051558,75.5,99.75497092524044,268.09040379562254,3.5508662754387093,108.0,0.11489394429938915,22.32142857142857,3.249435827537435,-0.4871770570087427,0.9575303466610584,0.006210348079561042,0.8140597672461869,0.09667487684729065,0.40652548636575736,0.0828656968138028,0.9516625615763546,0.9516625615763546,0.9973871654906137,0.9861893033075299,-0.5998147608494389,0.7966501757652878,0.09667487684729065,4.672311165845649,0.4934799672940916,1.3291524290017689,0.8613526570048273,0.6438834154351396,9.344622331691298,1.2324775521544784,0.26355130587708725,38.77777777777778,0.4630593132154006,0.7060185185185185,22.984107327141384,1.931372549019608,49.043754607106,0.09652339539617016,0.05847699927924386,1.9029458809514068,83.60083296476485,0.8692873793914937,0.886574074074074,0.6344511166043736,0.9443861398116753,21.72800138963968,0.05579393666173422,21.903225806451612,6.580645161290323,172.56451612903226,0.30279121863799285,0.06553763440860215,35.225806451612904,0.5681581685744017,0.779155217045002,16.756828454798885,0.05510096201712465,2.4632174481289546,0.5740740740740741,3.5463059313215397,0.14458069620253164,0.2954856361149111,1.438602179305988,5.756335282651072,2.9682589405388597,37.05555555555556,0.34310699588477367,0.76920438957476,23.26851851851852,4.407407407407407,108.37962962962963,0.21054783950617287,0.05680812757201646,0.5239840534979424,11.512345679012345,0.03513569172953818
2,1383,47,67.4,85.8,629283.0,0.8151025048028702,8.5,3.1412832560241,92.0,5.331510981242342,77.87378640776699,79.0,57.0,35.0,3.6488340192043895,78.16357009067836,-0.7002835327827982,629283.0,0.6225845979828448,45.217079837873506,0.9116788100656991,133.6115643668818,107.01868995647442,59.0,121.81083201301537,277.1442276647855,4.697359790928568,103.0,0.09824831261969039,3.2071428571428573,0.26618342357351105,-0.15386588921282796,0.33102040816326533,0.020153249622275278,-0.03571428571428567,0.32142857142857145,0.881737463090832,0.2110204081632653,0.8392857142857143,0.8392857142857143,0.9357142857142857,0.8928571428571428,-0.11943644387815222,0.3897956736382546,0.32142857142857145,1.7892857142857144,0.4627551020408163,1.3654216594112296,0.29761904761904734,0.6285714285714286,3.5785714285714287,1.0439930879826584,0.16311224489795922,64.12621359223301,0.5947404844290658,0.18870770100857764,3.221546723952739,1.1667293233082707,3.84109559613319,0.4981377551020408,0.4446133190118152,1.0664697560276652,90.68255639097744,0.9220987522511972,0.9538834951456311,0.06624023237086119,0.9682701918486694,3.106469596610574,0.4337203406581931,3.152941176470588,1.8470588235294119,6.329411764705882,0.7264705882352941,0.46176470588235297,62.43529411764706,0.7345328719723183,0.8806176470588236,2.7283529411764706,0.41868382352941175,1.5761011701172576,0.8252427184466019,0.37868512110726643,2.3125,0.1739864864864865,0.1116033556414365,0.18181818181818182,1.8985132629993253,57.019417475728154,0.553586577434254,0.40757847110943535,3.2427184466019416,2.2815533980582523,8.019417475728156,0.8470873786407767,0.4393203883495146,0.7665857605177993,2.396440129449838,0.35912216828478966
2,1380,11,77.2,103.0,348749.0,1.1991459056024998,7.5,3.9281143610897717,108.0,7.3774999999999995,92.825,95.0,66.0,42.0,4.369146005509642,93.37411311493138,-1.236046449716332,348749.0,0.5162500000000001,102.24437499999999,0.7516511993264874,40.45099983889919,32.28002478313795,23.0,30.405042542864123,107.58073580374378,4.677423295814947,40.0,0.1580281076957253,4.033333333333333,4.921077083333334,-1.0767500000000003,1.5158333333333334,0.020625000000000004,0.72754229897087,0.2833333333333333,0.5940762396379333,0.1425,0.8583333333333334,0.8583333333333334,0.9716666666666667,0.9291666666666667,-0.7440194160916874,0.9227494382786192,0.2833333333333333,1.9083333333333332,0.32625,1.7403168648182215,0.9999999999999983,0.35000000000000003,3.8166666666666664,1.4569835314848885,0.44979166666666665,20.65,0.5570934256055363,0.309375,4.889393669985775,1.1397581792318634,5.370545874822191,0.3587227852852853,0.2817905899320373,1.3660986755970204,34.97688477951636,0.9128850344692225,0.95625,0.04355748276538873,0.9650604551920341,4.769105618776671,0.2625575410937253,5.0,1.588235294117647,7.088235294117647,0.5727124183006536,0.26143790849673204,25.235294117647058,0.7422145328719724,0.8856209150326797,4.51062091503268,0.21629901960784312,1.6567264343409063,0.85,0.2041522491349481,0.72,0.2777777777777778,0.6511166253101737,0.74375,1.9680577739061702,22.85,0.57125,0.3775,4.825,2.2,8.575,1.0229166666666667,0.29375,0.7833333333333333,3.9708333333333337,0.19479166666666664
2,1264,27,64.6,118.0,256127.0,2.0266138621839453,27.0,3.2440525359246704,155.0,18.378600823045264,94.4074074074074,93.0,45.0,110.0,12.446280991735534,97.3970491605633,0.3284215038000262,256127.0,0.29218106995884774,573.4266117969821,0.9116367275430315,40.11313396655546,33.015148038438355,15.5,36.56860618076584,73.05382386916237,4.713149927042734,27.0,0.19104154771347784,10.0,9.481481481481488,2.3703703703703733,1.7777777777777781,0.0052431031854900155,3.3306690738754696e-16,0.5,-3.203426503814917e-16,0.0,0.75,0.75,0.9864864864864865,0.9285714285714286,-0.9999999999999998,0.9233689529392718,0.5,3.083333333333333,0.5277777777777778,0.9591479170272441,0.9999999999999993,0.5833333333333333,6.166666666666666,0.4591479170272443,0.5694444444444444,7.888888888888889,0.3159722222222222,1.0617283950617284,11.552083333333332,1.09375,12.302083333333332,0.16602430555555558,0.14844618055555558,2.0874143258876514,24.9375,0.9453125,0.9722222222222222,0.02734375,0.9765625,11.364583333333332,0.14405164930555558,11.875,1.375,14.875,0.21520833333333333,0.14489583333333333,18.75,0.78125,0.90625,11.125,0.12731770833333333,2.26981571699877,0.8888888888888888,0.109375,0.03877551020408164,1.4210526315789473,1.0865384615384615,24.333333333333336,2.400682953669495,17.666666666666668,0.654320987654321,0.1728395061728395,11.444444444444445,1.6666666666666667,16.77777777777778,0.2746296296296296,0.14962962962962964,0.8333333333333334,10.11111111111111,0.11837962962962963
2,1270,23,84.8,95.6,204675.0,0.24229218908241415,5.0,3.298777046434131,101.0,3.552,90.36,90.0,79.0,22.0,2.2049861495844882,90.48204241726643,-0.22223775078327582,204675.0,0.9232,22.070399999999996,0.6319272817207839,52.90742867589906,41.0,14.5,33.43364758599715,66.81118318204301,4.607667805658139,25.0,0.20204112135435429,1.125,0.015625,0.0,0.0625,0.0030719999999999996,0.6666666666666667,0.125,0.24999999999999958,0.0625,0.9375,0.9375,0.975,0.9583333333333333,-0.03776640994725822,0.11656101121640414,0.125,1.0625,0.84375,0.37499999999999956,0.08333333333333327,0.875,2.125,0.24999999999999958,0.046875,23.08,0.905,0.038400000000000004,1.1277173913043477,1.1929347826086958,1.3206521739130435,1.1610054347826086,0.9680706521739131,0.5877786372872662,20.71557971014493,0.8806743593782819,0.94,0.05966282031085906,0.9517663043478262,1.0794836956521738,0.9198369565217391,1.15,1.85,2.0,1.8125,0.9625,13.3,0.665,0.8430555555555556,0.9930555555555556,0.8055555555555556,1.1540157730727987,0.8,0.2875,0.5681818181818182,1.0,0.08,1.0,1.489135332149996,12.04,0.4816,0.48960000000000004,1.12,2.68,2.8,2.65,0.97,0.7133333333333333,0.8333333333333333,0.6833333333333332
2,1383,39,189.0,225.7,2364531.0,1.5324035613151676,21.75,5.554143217702197,247.0,13.161179698216731,208.53703703703704,211.5,142.0,105.0,9.095727420227147,209.2548950708468,-0.8021366499731779,2364531.0,0.39368998628257895,299.9152949245542,0.6633030169855662,72.91639603948826,51.85556864985669,32.5,48.36566548070696,143.6223663640866,4.419149734279587,54.0,0.1407098611508561,17.46388888888889,2.277473068129858,0.03836488340192032,0.9254320987654321,0.006301440329218109,0.9166666666666654,0.08333333333333333,0.22957395851362197,0.05555555555555556,0.9583333333333333,0.9583333333333333,0.9967948717948718,0.9861111111111112,-0.8191729165464725,0.8378712675062621,0.08333333333333333,4.147222222222222,0.5442283950617284,1.20253723259604,0.9166666666666634,0.6305555555555555,8.294444444444444,1.119203899262707,0.2521913580246914,21.25925925925926,0.3477508650519031,0.5833333333333334,15.141555032269318,1.5587100994243852,24.26181275074132,0.12773927129968798,0.09228694521968332,1.8846016142574986,42.94134135705564,0.8754896934030671,0.9074074074074074,0.3338860174959973,0.9479092806994592,14.262879491540208,0.0888980390469044,14.470588235294118,4.470588235294118,71.1470588235294,0.32422385620915034,0.10468954248366014,19.294117647058822,0.5674740484429066,0.7802308006535947,10.66751633986928,0.09029833026960783,2.593850966008841,0.6296296296296297,1.9480968858131489,0.09782608695652176,0.7999999999999998,0.5383749778486621,7.11111111111111,2.762453445397085,19.814814814814813,0.3669410150891632,0.5994513031550068,15.277777777777779,3.6296296296296298,58.7962962962963,0.2572685185185185,0.0896141975308642,0.5689300411522633,8.01954732510288,0.06184670781893004
1,1297,23,59.400000000000006,114.0,942860.0,1.7553852745099872,32.0,2.0968240336205937,123.0,17.74271312732851,87.36752136752136,92.0,42.0,81.0,14.026475694444445,89.76988625721032,-0.2557573682703269,942860.0,0.31448608371685294,425.5486887281758,0.6870343968440514,161.30777131116122,116.21101496846157,76.5,110.82398736902184,299.345237791562,3.913009644334144,117.0,0.10357699240560322,9.332251082251082,8.341490039278586,-0.40019235962902533,1.7976143625494274,0.016065054417015844,0.7890997527388233,0.22402597402597402,0.6539098769146832,0.18514926631809747,0.8939393939393939,0.8915584415584416,0.9853514132925897,0.9563852813852813,-0.6275153539456716,0.8959504291149278,0.19277597402597402,2.958874458874459,0.3280702432488146,2.02016886915358,0.9169957757790422,0.4637445887445887,5.917748917748917,1.7495421723698066,0.5143386555724218,36.794871794871796,0.31484976048773405,0.7518445467163416,9.725885870063573,1.413045216957653,13.178406113849164,0.23509448111528353,0.16948127250782813,2.0437031290486267,97.21102696783551,0.896945743536162,0.9230769230769231,0.22794923290642616,0.9568008643960755,9.328652779482864,0.1621808486769777,10.108433734939759,3.3132530120481927,28.325301204819276,0.5642570281124497,0.1686746987951807,54.30120481927711,0.6542313833647845,0.8342745983935743,8.615210843373495,0.1386832050423918,2.6739446897328456,0.7094017094017094,1.3261721585135726,0.5,0.2280701754385965,0.7214098197096047,1.1920227920227922,3.1217371619103114,48.53846153846154,0.4148586456278764,0.6127547666009205,9.649572649572649,3.2222222222222223,29.273504273504273,0.5252849002849003,0.1689221272554606,0.6489197530864198,6.600189933523266,0.10837298525377229
0,1285,9,75.0,98.0,164986.0,0.4537163391869442,10.0,5.144609363181218,99.0,7.523809523809524,88.0,90.0,56.0,43.0,4.611111111111111,88.63676545585467,-1.6028651636084668,164986.0,0.8276643990929706,112.4761904761905,0.4758873379848377,33.33927620804516,29.832867780352597,11.5,15.865739404987847,57.154328932550634,4.969941646308751,21.0,0.21033169527524442,4.0,0.0,0.0,0.0,0.0,1.0,0.0,-3.203426503814917e-16,0.0,1.0,1.0,1.0,1.0,0.0,0.0,0.0,2.0,1.0,-3.203426503814917e-16,0.0,1.0,4.0,-3.203426503814917e-16,0.0,17.38095238095238,0.8024691358024691,0.08616780045351473,3.6996240601503763,1.1539473684210526,4.315413533834587,0.3635808270676692,0.325093984962406,0.7254748960419215,18.155263157894737,0.9054085872576179,0.9523809523809523,0.04729570637119114,0.9615131578947368,3.545676691729323,0.3154722744360902,3.6666666666666665,1.6111111111111112,6.111111111111111,0.4861111111111111,0.3333333333333333,14.333333333333334,0.7962962962962963,0.9089506172839505,3.302469135802469,0.310570987654321,1.0975378398419522,0.8571428571428571,0.25,0.0,1000000.0,0.0,0.0,1.4371814032087624,12.80952380952381,0.6099773242630385,0.5215419501133787,3.7142857142857144,2.4285714285714284,9.428571428571429,0.6785714285714286,0.32142857142857145,0.8015873015873015,2.920634920634921,0.2718253968253968
0,1382,17,97.1,109.8,443824.0,0.6500224216483536,5.0,4.294906476718853,112.0,3.6507936507936503,102.66666666666667,103.0,87.0,25.0,1.84765625,102.7970724059693,-0.7555534679614482,443824.0,0.7222222222222223,26.793650793650798,0.7948598758623938,76.31085036214563,56.293871780150276,23.0,60.65643304580879,115.48023074035551,5.020879597406761,42.0,0.14721809953604753,3.666666666666666,0.03703703703703702,-0.037037037037036966,0.11111111111111116,0.013227513227513229,0.40000000000000013,0.16666666666666666,0.4591479170272443,0.11111111111111112,0.9166666666666665,0.9166666666666665,0.9666666666666668,0.9444444444444444,-0.03724154298101837,0.15189710603632875,0.16666666666666666,1.9166666666666665,0.75,0.6258145836939109,0.09999999999999991,0.8333333333333333,3.833333333333333,0.4591479170272443,0.06944444444444445,30.333333333333332,0.6730103806228374,0.13888888888888887,3.4748358348968105,1.16380550343965,4.13005784865541,0.4222424171357098,0.3812910412757974,0.9268474675769033,36.650656660412764,0.9159474877004508,0.9523809523809523,0.06027083208665829,0.9661711312625947,3.3395203599471897,0.37283382409144605,3.3823529411764706,1.8823529411764706,6.911764705882353,0.625,0.40441176470588236,23.823529411764707,0.7006920415224913,0.8621323529411765,2.8308823529411766,0.36994485294117646,1.4551160528034555,0.8095238095238095,0.356401384083045,0.6666666666666666,0.5,0.09523809523809523,0.5,1.656372176554686,22.19047619047619,0.528344671201814,0.33106575963718815,3.5,2.238095238095238,8.452380952380953,0.6845238095238095,0.375,0.7433862433862434,2.4735449735449735,0.3108465608465608
1,1258,22,169.0,217.2,3420310.0,1.7533924432264323,29.0,2.722556841867351,227.0,16.301477086226484,195.03370786516854,197.0,143.0,84.0,11.864709383058917,196.0368573462711,-0.5964803830760823,3420310.0,0.3450321929049362,392.3022345663425,0.5586785261478286,91.27967766192816,65.29931086925804,68.0,50.9959957834149,211.03657992646015,3.1034791165655906,89.0,0.13851654431403013,11.362886382623223,12.85097153193018,-1.2514460128257427,2.0165160599737995,0.019814913847275552,0.6394633833848731,0.33850250626566414,0.9104052896281121,0.2199223583708645,0.8307487468671679,0.8307487468671679,0.986980672835936,0.9435829156223894,-0.45280803852608686,0.7890690375598012,0.33850250626566414,3.30265768588137,0.25907456415160707,2.2340608629199377,0.8093127101161144,0.3996449456975773,6.60531537176274,1.8955583566542742,0.5887546415598659,30.707865168539325,0.33713065147739407,0.6915793460421663,11.61016197999934,1.5727050258146127,19.090800556878676,0.18484539752145837,0.12909368738491359,2.1877477355654538,67.76956069833369,0.8398103702187659,0.8932584269662921,0.25996542035936704,0.9288452279213468,10.722668351404506,0.12215344051483987,11.150943396226415,3.943396226415094,49.320754716981135,0.4302410901467505,0.14288784067085952,22.69811320754717,0.42826628693485225,0.6749213836477987,7.214491614255765,0.10979956469834616,3.213224612683794,0.5955056179775281,1.1235315058739763,0.46942204301075274,0.12741589119541877,2.7321067246353814,1.0971579643093192,3.2196198149046356,31.786516853932586,0.35715187476328747,0.5516980179270294,11.752808988764045,3.9887640449438204,49.82022471910113,0.41898252184769036,0.1253932584269663,0.4900124843945069,5.406991260923845,0.07425631155500069
2,1263,39,139.4,177.3,923393.0,1.6234621321536178,22.25,2.3390583228114203,187.0,13.35872576177285,155.07894736842104,150.0,122.0,65.0,9.879999999999999,155.88398182454054,0.3639997085445515,923393.0,0.35872576177285315,250.33587257617734,0.7360669522845726,53.29654786972676,45.880278987817846,22.5,39.229827557758604,101.68124086713215,4.519166260761429,38.0,0.16536947725850507,5.214285714285714,0.42857142857142855,0.0,0.42857142857142855,0.0028338679107741648,0.8571428571428568,0.07142857142857142,0.29583638929116324,0.06122448979591837,0.9642857142857142,0.9642857142857142,0.9957983193277311,0.9857142857142858,-0.2041636107088364,0.3735279068036246,0.07142857142857142,2.25,0.6887755102040816,0.795836389291163,0.35714285714285693,0.7142857142857143,4.5,0.7244078178625918,0.125,13.631578947368421,0.34027055150884494,0.6461218836565097,7.792340860597439,1.2546452702702702,9.39685944167852,0.23883204236308678,0.19144676646218586,1.7507523725903407,34.826013513513516,0.9575548415814463,0.9539473684210527,0.13841007920927684,0.9802839949324325,7.676855746577169,0.18753501779946066,8.064516129032258,2.064516129032258,14.741935483870968,0.39045698924731187,0.19153225806451613,25.451612903225808,0.8210197710718002,0.9153225806451613,7.574596774193548,0.17456317204301078,2.158356488997934,0.8157894736842105,0.5619146722164413,0.0663716814159292,2.533333333333333,0.1543447688046026,15.368421052631577,2.5986897644157647,22.0,0.5789473684210527,0.44321329639889195,7.7105263157894735,2.3157894736842106,15.868421052631579,0.43987573099415206,0.1913377192982456,0.7880116959064327,6.431286549707602,0.1503208252111761
2,1263,33,52.2,112.8,262004.0,1.8305196826623937,38.0,1.827345472311579,120.0,21.234159779614327,85.75757575757575,91.0,39.0,81.0,16.5056,89.10395699134327,-0.40502268293460775,262004.0,0.3057851239669422,585.1533516988061,0.7048847906583423,43.03029103822621,34.655446902326915,18.5,30.331397690447623,90.02438661763965,4.866183060412954,33.0,0.1693677137848328,10.166666666666666,11.57407407407408,2.3148148148148175,1.3888888888888888,0.015610651974288339,0.9464285714285714,0.16666666666666666,0.22957395851362197,0.05555555555555555,0.9166666666666666,0.9166666666666666,0.9901960784313726,0.9666666666666667,-0.24999999999999978,0.24469282424209443,0.16666666666666666,3.083333333333333,0.8333333333333333,0.39624062518028863,0.24999999999999975,0.8333333333333333,6.166666666666666,0.22957395851362197,0.38888888888888884,10.090909090909092,0.30083234244946494,1.0303030303030303,9.953125,1.09375,11.125,0.216796875,0.20865885416666669,1.979030173029464,30.0625,0.939453125,0.9696969696969697,0.0302734375,0.9765625,9.66015625,0.20662434895833331,9.689655172413794,1.4137931034482758,14.862068965517242,0.257183908045977,0.22126436781609196,22.103448275862068,0.7621878715814506,0.896551724137931,8.39655172413793,0.2122844827586207,2.307147600264222,0.8787878787878788,0.11890606420927467,0.056886227544910184,1.7368421052631577,0.3185869389077945,6.747474747474747,2.439116287508843,20.87878787878788,0.6326905417814509,0.18365472910927455,10.030303030303031,1.7272727272727273,19.12121212121212,0.26809764309764306,0.20496632996633,0.8181818181818182,7.757575757575758,0.18918350168350168
2,1263,47,83.7,170.6,1954719.0,2.2909704792655576,57.75,1.800492883051755,188.0,28.694340706693488,124.46610169491525,123.0,72.0,116.0,23.103666817564516,128.70670244488934,0.22970349233168327,1954719.0,0.2207698937087044,1073.6047831083026,0.7238349303509974,143.8742357629783,109.63576058932597,84.5,104.14119742279838,290.9188309203688,3.4428264014244827,118.0,0.11201120074321554,11.323601973684212,94.96828118891885,-10.601327673932488,4.090302950787742,0.013162210677170825,0.5815703404063017,0.2660361842105263,0.7664474383846469,0.17557498160491689,0.8669819078947368,0.8669819078947368,0.992809832859175,0.9619948308270676,-0.47046984335477127,0.7444169222560097,0.2660361842105263,3.037212171052632,0.4004159858682479,1.7088679947504875,0.8333333333332944,0.555921052631579,6.074424342105264,1.4428318105399616,1.0890847837495672,26.050847457627118,0.2191358024691358,1.7920856075840272,14.618476543348667,2.2110494364970066,23.84129349621677,0.38052891051750815,0.13049165729403367,2.462458661236058,99.01133766773154,0.9273441168137397,0.9004237288135594,0.9386013461294734,0.9675423638173164,14.186352941344854,0.12473690777368542,16.5,7.333333333333333,67.01388888888889,1.3912114197530867,0.10575231481481481,48.861111111111114,0.6786265432098766,0.841387757513136,14.584007820176002,0.07417567228509127,3.0897770828059827,0.6101694915254238,4.647376543209876,0.20764331210191078,0.3619631901840491,1.4385792431115698,4.346805736636245,3.5314184271631945,44.03389830508475,0.373168629704108,0.7721918988796322,14.161016949152541,4.0,46.78813559322034,0.6675141242937853,0.13616760828625235,0.584569209039548,9.669785781544256,0.058414417242100856
2,1380,11,84.6,96.8,464012.0,0.6583690143243951,7.0,5.943881053610452,105.0,4.845183133271776,89.96491228070175,91.0,66.0,39.0,2.8335802469135802,90.22505973125632,-1.1736724353698174,464012.0,0.7771622037550013,46.87596183441058,0.6999394234848216,42.9342523206674,32.7566787083184,40.5,30.0513758170798,134.99494936611697,3.333208626323876,57.0,0.16711480375829052,4.138461538461539,0.1357316375477049,0.03902048247610375,0.15871301775147928,0.0034624538844460766,-0.03777777777777765,0.1701923076923077,0.635957994413628,0.1371708579881657,0.9149038461538461,0.9149038461538461,0.9829807692307693,0.9574519230769232,-0.025533074226483966,0.15107322931327383,0.1701923076923077,2.0346153846153845,0.7037620192307692,0.9071118405674735,0.09432539682539656,0.8298076923076924,4.069230769230769,0.7369195328751662,0.08222633136094674,44.29824561403509,0.6253902185223725,0.12249923053247153,4.226702080887044,1.6234622561083498,6.720551105320444,0.4407868441637281,0.2849212801366407,1.3349832376301922,36.85847394467768,0.7506571571763014,0.8552631578947368,0.2370465060112565,0.887419762059869,3.7763811291265204,0.25677622065160793,4.354838709677419,6.354838709677419,25.774193548387096,1.6433691756272402,0.3046594982078853,13.96774193548387,0.4505723204994797,0.6855958781362007,3.0972222222222223,0.22605846774193547,2.251795100360507,0.543859649122807,2.973985431841831,0.26202749140893467,0.5606557377049181,0.2270707049477876,0.9800362976406531,2.444920702772877,15.701754385964913,0.27546937519236686,1.1855955678670358,4.192982456140351,5.842105263157895,23.56140350877193,1.4902534113060428,0.2797270955165692,0.44694444444444437,1.9807602339181285,0.14146320662768028
2,1380,41,156.7,193.10000000000002,2857722.0,1.256183671574275,17.0,2.9480865276200574,206.0,10.891851851851852,177.64444444444445,180.0,142.0,64.0,7.3125,178.19221831120086,-0.5884168909077606,2857722.0,0.5128395061728394,194.918024691358,0.8105551105581877,120.89332263110616,94.70480452437458,60.5,97.99070049100293,228.2914139223991,3.773411800370233,90.0,0.12077944828145662,6.449929971988795,0.6559263535971758,-0.3091336990664889,0.41422843647262825,0.006925582990397804,0.1455026455026453,0.3592436974789916,0.36641345667742087,0.08251535908481039,0.8203781512605042,0.8203781512605042,0.9788680177953535,0.9281512605042017,-0.567018132773294,0.6293127519014409,0.3592436974789916,2.47233893557423,0.5371261249597878,1.1526469407298574,0.6820307933437164,0.6498599439775911,4.94467787114846,0.7934032432508661,0.19336803348790496,46.15555555555556,0.43798828125,0.35617283950617284,7.707581786030063,1.4361184792219275,11.4933908045977,0.23049661066902444,0.17817074368798508,1.5822568340570486,75.75044208664899,0.9057726118917009,0.925,0.2528993613782784,0.9602353992363228,7.3845147027643945,0.1727853901695924,7.5,3.125,25.921875,0.4487847222222222,0.1931423611111111,40.6875,0.6357421875,0.8237780789399094,6.089783960459184,0.16867933515998992,2.424069368255398,0.7111111111111111,1.1474609375,0.31238859180035644,0.2567760342368046,0.6827657053393332,1.2613756613756613,2.495136493152247,37.46666666666667,0.4162962962962963,0.5511111111111111,7.766666666666667,3.111111111111111,25.766666666666666,0.4364197530864198,0.17407407407407408,0.6450617283950617,4.822222222222222,0.12769204389574762
2,1263,29,167.1,210.0,2004199.0,1.8542980313226836,22.25,6.9969132277524455,226.0,16.384066587395957,184.36206896551724,186.5,92.0,134.0,9.892258940697149,185.89016964975258,-1.5219028223929985,2004199.0,0.380499405469679,565.7826991676575,0.641059088888612,34.22768642281641,27.313000567495326,46.5,21.9419694729758,133.29646455628193,2.8665906356189663,58.0,0.1813480031045016,26.947916666666664,4.272241663049769,0.3319950810185187,0.6766493055555556,0.01425534507815454,0.11623036649214682,0.4427083333333333,0.5129319837942312,0.13270399305555555,0.7812499999999999,0.7802083333333333,0.9908687106918238,0.9448784722222221,-0.3353383546498031,0.5051105815907111,0.4290364583333333,5.182291666666666,0.5391845703125,1.3462740422125745,0.4697303308830499,0.6197916666666666,10.364583333333332,0.8831778926727043,0.2837456597222222,22.06896551724138,0.3611111111111111,1.0966111771700358,24.301613257432223,1.6638486513486512,40.96193210525107,0.09853070804775149,0.06998885572018487,2.222187196735316,45.52778887778888,0.8521302680281202,0.896551724137931,0.31473039524300767,0.9304480935730935,22.33436830331227,0.06734967310679592,23.416666666666668,3.9444444444444446,97.30555555555556,0.2082089317208365,0.08181689342403628,18.555555555555557,0.5154320987654321,0.743395061728395,16.011604938271603,0.0721719016824837,3.012494532403232,0.6206896551724138,1.3487654320987654,0.10932539682539683,0.21052631578947367,5.865162524646959,5.1375680580762255,3.1815841038388797,20.24137931034483,0.34898929845422116,0.6599286563614744,24.56896551724138,4.0,102.32758620689656,0.19045859723199624,0.06632633513175384,0.5373563218390804,12.006704980842912,0.04784648374036715
0,1276,19,38.5,61.0,116130.0,0.9945386816500104,12.75,2.1374655361427815,68.0,7.258979206049152,49.47826086956522,49.0,33.0,35.0,5.582176771365961,50.245051670699915,0.16067481678699844,116130.0,0.5037807183364839,76.46691871455577,0.7882714060066431,51.263493169012456,41.43669871020132,33.0,40.409545837149395,112.95331880577426,3.42282784259922,46.0,0.18028637480112364,3.0,0.4470950502972107,0.11505486968449927,0.3649691358024691,0.02157475137667461,0.8669950738916252,0.041666666666666664,0.16250560541208817,0.034722222222222224,0.9791666666666666,0.9791666666666666,0.9916666666666667,0.9861111111111112,-0.2966363028488719,0.3531193715427437,0.041666666666666664,1.6736111111111112,0.7619598765432098,0.5721950859439432,0.3669950738916252,0.8055555555555556,3.3472222222222223,0.5305284192772767,0.10165895061728394,23.17391304347826,0.5171467764060357,0.24810964083175802,2.4577834799608995,1.9477517106549365,3.754105571847507,1.4961632453567937,0.6355541300097751,1.3257291455429652,36.39234278266537,0.8744674559636878,0.8913043478260869,0.5895612772210695,0.9448637076409254,2.3155045922939066,0.60220348647768,2.7777777777777777,5.62962962962963,9.74074074074074,4.601851851851852,0.5555555555555556,15.518518518518519,0.5747599451303155,0.7817001028806585,2.2886445473251027,0.40496399176954734,2.0972133988213395,0.5869565217391305,2.7270233196159115,2.7058823529411766,0.5,0.08695652173913043,0.5,2.51082016880597,15.521739130434783,0.33742911153119093,0.7655954631379962,2.369565217391304,4.260869565217392,8.630434782608695,3.1684782608695654,0.657608695652174,0.5357789855072463,1.483695652173913,0.2987998188405797
2,1263,31,90.6,163.1,502294.0,1.9167161869614007,35.25,2.1624132080466145,171.0,20.271111111111114,127.06666666666666,123.5,83.0,88.0,15.15625,129.39526008835617,0.03246722656185438,502294.0,0.2777777777777778,597.1955555555556,0.7634165133604446,29.621630344161268,31.622776601683793,17.5,22.61364175739154,79.53910524340098,4.5450917281943415,30.0,0.1864417862623702,4.488888888888889,1.6892580246913562,0.6326913580246906,0.6107407407407407,0.027938271604938263,-0.25694444444444414,0.6555555555555556,1.1467413096472834,0.34407407407407414,0.6944444444444445,0.6855555555555556,0.9559477124183008,0.8733333333333334,-0.3096040039900942,0.6663146634836369,0.5388888888888889,2.1055555555555556,0.30944444444444447,1.8689635318695048,0.556814937638843,0.41111111111111115,4.211111111111111,1.096415476169719,0.3499074074074075,8.333333333333334,0.26474622770919065,0.9733333333333334,7.864367816091955,1.1231527093596059,8.356978653530378,0.3006754869093231,0.26988730956942164,2.05212084275228,27.552339901477833,0.949486914266301,0.9666666666666667,0.05108562449950254,0.9791324575807334,7.780897646414887,0.26467042396460494,8.148148148148149,1.5555555555555556,10.37037037037037,0.4102366255144033,0.2713477366255144,25.074074074074073,0.9286694101508917,0.9652777777777778,8.00925925925926,0.26266718106995884,2.114036801837302,0.9,0.32098765432098764,0.20495495495495494,0.989010989010989,0.8018004607478292,3.4580645161290327,2.463458298648301,22.733333333333334,0.7577777777777778,0.5288888888888889,7.733333333333333,2.1333333333333333,12.266666666666667,0.5525462962962963,0.269212962962963,0.8844907407407407,7.271296296296296,0.24033564814814815
1,1260,16,151.4,212.0,2510549.0,1.8465658849249098,37.0,1.8121432610822716,223.0,20.315256145618314,184.013698630137,182.0,140.0,83.0,16.224137931034484,185.44832755185695,-0.10983341422547369,2510549.0,0.2951773315819103,530.0409082379433,0.8623646442296594,113.70012101125886,86.37708029332781,38.5,98.05096440474347,202.5756851698612,5.261706108308084,73.0,0.10857953571216476,10.695833333333333,17.744791666666668,-2.9625000000000004,2.154166666666667,0.008294410441360317,0.7976190476190474,0.18333333333333335,0.4723116071272891,0.11555555555555556,0.9083333333333333,0.9083333333333333,0.9892156862745098,0.9633333333333334,-0.44078727085701486,0.5791560335193724,0.18333333333333335,3.1875,0.4731944444444445,1.435055982235462,0.5833333333333321,0.5583333333333333,6.375,1.251722648902129,0.584375,21.54794520547945,0.2960443436633913,0.9908050290861324,9.36114179035566,1.1144109220540634,10.677620189737459,0.22948510853432458,0.2087034945347069,2.0169718880451,66.15012381049583,0.9379500509679558,0.9657534246575342,0.04142194994135289,0.9754230343818143,9.096434428835494,0.20375970134076066,9.142857142857142,1.5714285714285714,15.777777777777779,0.3087522045855379,0.21097883597883596,50.17460317460318,0.7964222726127488,0.9100529100529101,8.207231040564373,0.19069971095434057,2.4018053046267456,0.863013698630137,0.22877299067775259,0.12025316455696203,0.9605263157894738,0.2658830406384222,5.245330012453301,2.7272947507521166,45.76712328767123,0.6269468943516607,0.2811033965096641,9.424657534246576,1.904109589041096,19.753424657534246,0.3703386605783866,0.20804794520547945,0.819634703196347,7.466514459665144,0.1710690427870793
2,1264,25,100.9,187.3,701738.0,2.318507780461742,64.75,1.5689896198019133,200.0,31.062222222222225,149.06666666666666,160.5,93.0,107.0,26.48611111111111,152.9420369508222,-0.2817154038221492,701738.0,0.22000000000000003,1170.3955555555556,0.7431692260936278,38.547048681267256,31.575306807693888,18.5,28.64698033665078,77.88225099390858,4.209851405076139,30.0,0.19577277687446473,7.75,31.87842399691358,2.3684413580246915,4.19212962962963,0.025540740740740742,0.4345581802274716,0.4166666666666667,0.88262326418937,0.21064814814814814,0.7916666666666666,0.7916666666666666,0.9887387387387386,0.9404761904761904,-0.5714545664808662,0.8323150745800731,0.4166666666666667,2.513888888888889,0.31828703703703703,1.7510861115918808,0.8333333333333325,0.38888888888888884,5.027777777777778,1.3344194449252145,1.1521990740740742,6.6,0.2096,1.9155555555555557,14.170685093960957,1.162766830870279,15.726514322203979,0.2036728350716617,0.1738367821159967,2.5320035768276985,25.755336617405586,0.9008071696551964,0.95,0.049596415172401806,0.9593082922824302,13.781727786900202,0.16637776887708045,14.6,1.68,21.28,0.29738888888888887,0.1750888888888889,18.04,0.7216,0.8744444444444445,13.107777777777779,0.155625,2.9688840705376327,0.8333333333333334,0.24,0.0673076923076923,0.8571428571428572,2.672424242424242,9.666666666666666,3.152584246172159,16.2,0.54,0.44,13.933333333333334,2.4,26.133333333333333,0.44482407407407404,0.17432407407407408,0.7611111111111111,11.32777777777778,0.13447685185185185
0,1285,25,118.0,139.7,570578.0,0.7871265862012684,9.75,2.8232257242453267,147.0,7.117647058823529,129.23529411764707,129.5,107.0,40.0,4.962962962962963,129.54422365490845,-0.22676524456918373,570578.0,0.6401384083044982,79.9446366782007,0.4840858896709472,55.832490622236755,46.09772228646444,18.0,27.027720895410294,94.50966799187823,5.250537110659902,34.0,0.15913472100101397,3.25,0.5,0.0,0.5,0.0,0.9999999999999996,0.0,-3.203426503814917e-16,0.0,1.0,1.0,1.0,1.0,-0.5,0.4649367475160968,0.0,1.75,0.75,0.4999999999999995,0.4999999999999998,0.75,3.5,0.4999999999999995,0.125,21.764705882352942,0.633769322235434,0.17993079584775087,3.289447936432637,1.1194556451612903,3.6969580170777983,0.4750800521821632,0.42763801589184064,0.9722823539463903,30.45766129032258,0.9269986504942768,0.9632352941176471,0.0365006747528616,0.9701360887096774,3.187570416271347,0.41577750681925996,3.2758620689655173,1.5172413793103448,5.0344827586206895,0.6379310344827587,0.43103448275862066,20.724137931034484,0.7146254458977408,0.8706896551724138,2.836206896551724,0.3793103448275862,1.459069787186586,0.8529411764705882,0.1426872770511296,0.0,1000000.0,0.0,0.0,1.6589797521242038,19.88235294117647,0.5847750865051903,0.20761245674740486,3.2941176470588234,1.8823529411764706,6.294117647058823,0.7794117647058824,0.4264705882352941,0.7794117647058824,2.5441176470588234,0.3382352941176471
2,1263,41,152.6,181.8,939615.0,1.3368949636234997,20.0,2.328371903935327,185.0,10.732782369146005,168.27272727272728,171.0,140.0,45.0,7.968000000000001,168.73998286767076,-0.5891628056262455,939615.0,0.4288337924701561,157.4710743801653,0.6375297714930989,47.95068526231766,38.01315561749642,19.0,30.56998941822288,89.19595949289344,4.694524183836497,33.0,0.17323536317364702,6.083333333333333,1.0925925925925932,0.29629629629629706,0.9444444444444444,0.0,0.9999999999999991,0.0,-3.203426503814917e-16,0.0,1.0,1.0,1.0,1.0,-0.9999999999999998,0.9233689529392718,0.0,2.4166666666666665,0.5277777777777778,0.9591479170272441,0.9999999999999993,0.5833333333333333,4.833333333333333,0.9591479170272441,0.2361111111111111,14.151515151515152,0.41581632653061223,0.39302112029384756,5.6847751710654935,1.1233870967741935,6.424291300097751,0.2903137558379494,0.26629941892038667,1.541594281382562,29.464516129032255,0.9248231009365244,0.9621212121212122,0.037588449531737775,0.9691532258064517,5.499896138807429,0.260295834690996,5.642857142857143,1.5357142857142858,8.857142857142858,0.3799603174603175,0.2757936507936508,19.785714285714285,0.7066326530612245,0.8660714285714286,4.839285714285714,0.24975198412698413,2.0183246426891017,0.8484848484848485,0.14668367346938777,0.0,1000000.0,0.0,0.0,2.1702203216468914,19.060606060606062,0.5775941230486685,0.21120293847566574,5.696969696969697,1.9090909090909092,11.151515151515152,0.44023569023569026,0.26346801346801346,0.7727272727272727,4.333333333333333,0.21927609427609426
0,1285,25,175.0,206.0,1842033.0,1.0847968032039503,12.5,3.114643549735874,221.0,9.398692810457515,189.66666666666666,188.0,161.0,60.0,6.5850340136054415,190.04813631721584,0.16322529580717743,1842033.0,0.5709342560553633,144.8496732026144,0.4534931768302392,66.0158503168084,54.817880294662984,37.0,29.937737681318996,125.19595949289366,3.383674580889018,51.0,0.17223264895514193,5.15,0.39709629629629617,-0.11614814814814789,0.18222222222222223,0.006814875123444225,0.8660714285714285,0.06666666666666667,0.2091601854852914,0.04888888888888889,0.9666666666666667,0.9666666666666667,0.9933333333333333,0.9833333333333334,-0.05564221026890868,0.15292938098250208,0.06666666666666667,2.216666666666667,0.8488888888888888,0.4679005653524488,0.14698298674993432,0.9,4.433333333333334,0.40123389868578224,0.062222222222222213,29.11764705882353,0.4955555555555556,0.2606689734717416,4.85093023255814,1.7199709302325583,7.655813953488373,0.4922763242894057,0.2768669250645994,1.4078521766100178,41.11738372093023,0.8907679353704705,0.8970588235294118,0.4416880982963764,0.9512428133074935,4.653818152454781,0.26103179505813956,5.3,5.033333333333333,21.133333333333333,1.4527777777777777,0.25833333333333336,14.733333333333333,0.4911111111111111,0.7259282407407407,4.167601851851852,0.17106539351851854,2.4514443196269458,0.5882352941176471,2.143333333333333,0.3142857142857143,0.5795454545454546,0.22312443399778176,1.4117647058823528,2.4709934056208285,18.058823529411764,0.35409457900807384,0.5767012687427913,4.745098039215686,3.9019607843137254,16.11764705882353,1.196623093681917,0.2815904139433551,0.514161220043573,2.7952069716775596,0.12908496732026142
2,1380,39,149.2,209.3,2774537.0,1.8797184914648752,22.0,5.394686210385428,229.0,18.941249999999997,184.2375,190.5,98.0,131.0,10.001953125,186.23026741107364,-1.6251738427800815,2774537.0,0.353125,738.2560937499999,0.6643241475669399,125.7881957462451,89.28605714219886,51.5,83.56413591310765,207.2203461105336,4.023696040981235,80.0,0.12276544765374785,23.405701754385962,40.37907727557052,-5.836106116321883,3.1269313634964604,0.008760835193452379,0.6822522305280924,0.262280701754386,0.6972475468018546,0.16957217605417052,0.868859649122807,0.868859649122807,0.9947543859649122,0.9672149122807017,-0.5329145092148987,0.7736233628375784,0.262280701754386,4.734649122807017,0.3185961064943059,1.9216471048455521,0.8124999999999892,0.450438596491228,9.469298245614034,1.6593664030911666,0.8473030163127115,28.25,0.3341260404280618,1.2798437500000002,25.45308898681837,1.270761053557597,32.27873506108973,0.08105794733784116,0.06614271134260223,2.217204857342163,66.14456962257434,0.8834861393260435,0.9312499999999999,0.10448103370075638,0.951096013559191,24.26193969876462,0.06311468085862573,25.655172413793103,2.3448275862068964,59.39655172413793,0.1425357729298616,0.0682733208225819,32.06896551724138,0.5529131985731273,0.7697557471264368,20.07962164750958,0.05371207135472324,3.011756829649072,0.725,0.44233055885850175,0.09266029246344207,0.24279210925644915,3.399225967222681,7.441304347826086,3.048490730922059,35.775,0.4471875,0.37249999999999994,25.4125,2.775,69.6875,0.16653287981859408,0.06554676870748298,0.6256944444444444,16.23263888888889,0.04290826562106324
0,1285,21,92.6,113.6,595176.0,0.7568336324184028,8.5,3.5809734576259067,121.0,6.380826446280993,103.67272727272727,105.0,81.0,40.0,3.759870200108167,104.02587090806699,-0.7180250044086186,595176.0,0.6588429752066116,73.34743801652891,0.7034316113209081,79.54136048711563,70.80254232723568,31.5,55.95190737410896,147.7645019878177,4.690936571041832,55.0,0.13464495778228192,3.1785714285714284,0.01936693044564761,-0.021865889212827953,0.030612244897959183,0.006202854996243426,0.7307692307692308,0.03571428571428571,0.14791819464558145,0.030612244897959186,0.9821428571428571,0.9821428571428571,0.9928571428571429,0.9880952380952381,-0.005343508143592418,0.031368980702913135,0.03571428571428571,1.7321428571428572,0.9362244897959183,0.1836324803598671,0.0192307692307691,0.9642857142857143,3.4642857142857144,0.14791819464558145,0.016581632653061226,36.236363636363635,0.6311719214753123,0.17057851239669422,3.3217401735730574,1.2690200971535204,4.31291490180978,0.5080463959894553,0.4195649566067356,1.0603761575953907,44.96611104528894,0.8809240941384138,0.9272727272727272,0.10264499166465405,0.9497517784327084,3.141973702398231,0.40169629744132773,3.268292682926829,2.4634146341463414,8.682926829268293,0.9085365853658537,0.4329268292682927,27.390243902439025,0.6680547293277811,0.8399390243902439,2.7378048780487805,0.36547256097560976,1.659840303430398,0.7454545454545455,0.6638905413444377,0.3716216216216216,1.0,0.03636363636363636,1.0,2.166351337205227,24.09090909090909,0.4380165289256198,0.6796694214876032,3.3454545454545452,3.1818181818181817,11.418181818181818,1.1227272727272728,0.41363636363636364,0.678030303030303,2.221212121212121,0.2922348484848485
2,1380,29,143.3,182.0,1674906.0,1.600311162156356,25.25,2.88041522497651,191.0,13.28125,161.0,159.0,112.0,79.0,10.558431952662723,161.77269933459107,-0.11617671314686322,1674906.0,0.35986328125,249.40625,0.7280349324956705,74.0937382979843,56.08029957123981,42.5,53.94282976012488,162.4507934888328,3.822371611501948,64.0,0.1422582821514904,8.560526315789474,2.787398878346545,0.4303449482431846,1.2325831024930747,0.019984775119357638,0.42184601113172515,0.5039473684210526,0.6554179633964057,0.15651662049861498,0.7480263157894737,0.7480263157894737,0.9703560371517027,0.8992105263157895,-0.5479432210189107,0.7988011871378295,0.5039473684210526,2.8822368421052627,0.3267693905817175,1.789176583312166,0.8809523809523702,0.42894736842105263,5.764473684210525,1.285229214891114,0.43413261772853184,23.03125,0.3601134215500945,0.5615234375,9.510054855275444,1.3496498599439777,12.052526844070961,0.20605555879759313,0.14644980677456168,1.8734349404838275,54.06626984126984,0.8995342396217747,0.9296875,0.16351118660972014,0.9557098117024588,9.139007936507936,0.13977110539431825,9.978260869565217,2.652173913043478,22.17391304347826,0.4196859903381643,0.14281400966183574,27.82608695652174,0.6049149338374291,0.8059722222222222,8.35266304347826,0.1131484836285561,2.591584862872011,0.71875,0.7164461247637051,0.529491341991342,0.19621870209504347,1.2516276041666665,1.1890243902439024,2.842340199447129,27.46875,0.42919921875,0.46484375,9.375,2.90625,24.09375,0.45442708333333337,0.14756944444444445,0.6449652777777778,6.528645833333333,0.09159191743827161
2,1263,23,76.0,88.0,146239.0,0.2761954276479384,5.0,3.679856276493897,97.0,3.8503401360544225,83.28571428571429,83.0,73.0,24.0,2.5121107266435985,83.4491576036685,0.27748156099443844,146239.0,0.909297052154195,27.251700680272098,0.8176295336302455,42.043010207696554,32.64965543462902,12.0,34.375606828530586,56.911688245431364,4.74264068711928,21.0,0.21577150272542905,4.0,0.0,0.0,0.0,0.0,1.0,0.0,-3.203426503814917e-16,0.0,1.0,1.0,1.0,1.0,0.0,0.0,0.0,2.0,1.0,-3.203426503814917e-16,0.0,1.0,4.0,-3.203426503814917e-16,0.0,19.095238095238095,0.8950617283950617,0.045351473922902494,3.8515977443609026,1.1164473684210527,4.317387218045113,0.3162124060150376,0.28710056390977445,0.47390743795060647,18.88026315789474,0.9291585872576178,0.9642857142857143,0.03542070637119114,0.9708881578947368,3.73515037593985,0.27982260338345866,3.8333333333333335,1.5,5.833333333333333,0.4166666666666667,0.2916666666666667,13.0,0.7222222222222222,0.875,3.3333333333333335,0.2604166666666667,0.9444885341662044,0.8571428571428571,0.1388888888888889,0.0,1000000.0,0.0,0.0,1.1155200935819312,12.428571428571429,0.5918367346938775,0.20408163265306123,3.857142857142857,1.8571428571428572,7.285714285714286,0.5,0.2857142857142857,0.7857142857142857,3.0,0.23214285714285715
2,1263,25,165.2,194.0,751042.0,1.5204260414863762,6.25,4.1944071147603434,203.0,8.75,176.41666666666666,176.0,141.0,62.0,3.7777777777777777,176.89945355106858,-0.26399282366444604,751042.0,0.3993055555555555,170.57638888888889,0.6543985222348349,32.17832914744994,27.294688127912362,16.0,21.057451042077354,60.083261120685165,3.755203820042823,24.0,0.23599968681397746,9.125,5.1611328125,0.0234375,1.109375,0.020182291666666668,0.14761904761904762,0.4375,0.4528195311147827,0.109375,0.78125,0.78125,0.974264705882353,0.9125,-0.6839154996415354,0.7618065984337818,0.4375,2.96875,0.4453125,1.3903195311147822,0.7857142857142849,0.5,5.9375,0.9528195311147825,0.38671875,9.583333333333334,0.4012345679012346,0.48437499999999994,7.220373376623376,1.2435064935064934,9.480113636363637,0.23219358766233766,0.2020596590909091,1.7779912186229598,19.146103896103895,0.8561308821049081,0.9270833333333333,0.07193455894754595,0.9391233766233765,6.655438311688311,0.19452617694805197,6.722222222222222,2.111111111111111,17.055555555555557,0.3580246913580247,0.2195216049382716,10.333333333333334,0.5740740740740741,0.7839506172839505,4.694444444444445,0.19175454389574761,2.322084727617863,0.75,0.3333333333333333,0.19565217391304343,0.5333333333333334,1.3533050283050283,2.3333333333333335,2.5842953160960076,10.083333333333334,0.4201388888888889,0.4930555555555555,7.375,3.0,25.875,0.44097222222222215,0.19618055555555555,0.638888888888889,4.0,0.150414737654321
1,1258,18,118.0,161.0,1008668.0,1.6563838053940696,26.0,2.804932909309931,168.0,15.643983083429452,139.45098039215685,145.0,90.0,78.0,11.839381320642477,140.63358034825333,-0.5677214079555637,1008668.0,0.35101883890811225,331.22798923490967,0.6025903985403189,70.19699955940672,50.47771785649585,37.5,42.300037940837484,122.02438661763965,3.2539836431370572,51.0,0.17789917440658495,13.654761904761903,1.810302805929628,0.1477162293488824,0.5430839002267573,0.017449296776252475,0.5705958549222798,0.22619047619047616,0.4275385466554928,0.10090702947845803,0.8869047619047619,0.8869047619047619,0.9866946778711485,0.9547619047619047,-0.18223984921938605,0.37426113800586913,0.22619047619047616,3.6607142857142856,0.6391723356009069,0.9912113507697395,0.345612643191735,0.6666666666666666,7.321428571428571,0.7650208745792636,0.19231859410430838,17.901960784313726,0.357421875,0.6674356016916569,10.405952380952382,1.6782015306122449,17.05003401360544,0.24396544902683295,0.15450444066515495,1.9825515456136764,39.301709183673466,0.845817743908788,0.892156862745098,0.33423398518846315,0.9299416808390022,9.460360544217687,0.14819386229607584,10.28125,4.03125,40.375,0.5627170138888888,0.16731770833333334,18.6875,0.583984375,0.7816319444444444,7.554479166666667,0.1452174961419753,2.5898354267347448,0.6274509803921569,1.4912109375,0.24080882352941177,0.3893129770992366,0.86179975151759,2.3235294117647056,3.0594011884047143,18.92156862745098,0.37101114955786235,0.7850826605151864,10.509803921568627,4.254901960784314,48.3921568627451,0.5129357298474946,0.14964596949891068,0.5566448801742919,5.418300653594772,0.09952190752844349
0,1285,23,150.9,185.0,1700673.0,1.2158839742135297,19.75,2.314421211313158,195.0,10.464999999999998,167.85,168.0,140.0,55.0,7.790087463556852,168.35839747396028,0.049479163005184894,1700673.0,0.485,170.92749999999992,0.6399173055280307,83.08869518275024,64.47480127925948,32.5,53.1698939411854,165.56349186104114,5.094261288032035,60.0,0.12206243660413774,3.9375,1.0997902199074077,0.25549768518518556,0.5607638888888888,0.006238425925925925,0.7784313725490194,0.14583333333333331,0.43239348962840507,0.10243055555555555,0.9270833333333333,0.9270833333333333,0.9854166666666667,0.9635416666666666,-0.2129460156894778,0.3629015720835293,0.14583333333333331,1.8854166666666665,0.6553819444444444,0.9170739585136216,0.36666666666666636,0.7083333333333333,3.770833333333333,0.7712406251802885,0.17664930555555555,29.1,0.4937700249199003,0.3208333333333333,5.394413854624873,1.090759481989603,5.84976083546095,0.2828307588325968,0.25423045242172254,1.373697321191431,54.88037927958412,0.9417605243177957,0.9708333333333332,0.02911973784110219,0.9773101295025992,5.280577109415854,0.247080375819004,5.433962264150943,1.3962264150943395,7.415094339622642,0.3736897274633123,0.2479035639412998,40.84905660377358,0.7707369170523318,0.9009433962264151,4.938679245283019,0.21645702306079664,1.7376410622456997,0.8833333333333333,0.11463154147383411,0.3125,0.6857142857142856,0.15224744988133107,1.8000000000000003,1.9821437990613935,38.53333333333333,0.6422222222222222,0.1788888888888889,5.383333333333334,1.7,8.883333333333333,0.4782407407407407,0.25601851851851853,0.825,4.508333333333334,0.20046296296296295
1,1260,16,119.0,172.0,1062047.0,1.7670962446299971,34.0,2.3159439247328932,183.0,17.14263744713572,142.72549019607843,143.0,96.0,87.0,12.661511005353956,144.30679464388416,-0.04884756084115607,1062047.0,0.34102268358323723,453.88542868127655,0.9428504524833482,99.97163256603949,77.02596964660685,30.0,94.25829900038936,135.62236636408662,4.520745545469554,51.0,0.14316413764255406,13.345833333333331,3.548354108796297,-0.4707893518518523,1.1790972222222225,0.008015016848723345,0.8472540045766587,0.1625,0.4455571797284499,0.106875,0.91875,0.91875,0.99375,0.9729166666666668,-0.5223773753226094,0.6682591061435565,0.1625,3.602083333333333,0.5348263888888889,1.2475559822354618,0.6844395495868454,0.6416666666666666,7.204166666666666,1.0850559822354624,0.3353993055555555,17.392156862745097,0.35157644259369425,0.681276432141484,10.484375,1.1979166666666667,13.135416666666666,0.15639756944444444,0.13881944444444444,2.036544740666689,42.8125,0.8919270833333334,0.9411764705882353,0.06901041666666666,0.9563078703703703,9.914207175925926,0.13478660300925924,10.146341463414634,2.073170731707317,24.902439024390244,0.23721544715447151,0.14575203252032523,30.317073170731707,0.7394408090422367,0.8817344173441735,8.857750677506775,0.1322628726287263,2.403490872009994,0.803921568627451,0.5258774538964902,0.1158854166666667,0.5730337078651685,1.1269586737752828,4.509803921568627,2.743382813669101,26.333333333333332,0.5163398692810458,0.6020761245674741,10.647058823529411,2.764705882352941,35.0,0.28547385620915033,0.13596405228758168,0.74468954248366,7.5326797385620905,0.110203227124183
2,1264,29,169.2,210.9,797352.0,1.5285040787412207,25.25,1.9438258180394674,218.0,14.512396694214875,189.63636363636363,189.0,159.0,59.0,10.515625,190.37666014318228,-0.13622521912317398,797352.0,0.3595041322314049,281.32231404958674,0.6616573936212482,36.24247230513993,29.732137494637012,13.0,23.980099763809154,58.32590180780445,4.486607831369573,22.0,0.21913671438435683,5.25,0.9230324074074077,0.18518518518518554,0.45138888888888884,0.032556974705735035,0.5784313725490196,0.20833333333333331,0.4795739585136219,0.11805555555555555,0.8958333333333333,0.8958333333333333,0.9791666666666667,0.9479166666666666,-0.20909927968765468,0.3490293849744524,0.20833333333333331,2.2291666666666665,0.6631944444444444,0.8545739585136216,0.33333333333333304,0.7083333333333334,4.458333333333333,0.6462406251802885,0.16493055555555555,7.909090909090909,0.35185185185185186,0.5371900826446281,4.842261904761905,1.1821428571428572,5.936904761904762,0.4226851851851852,0.38731812169312174,1.7968503675708543,18.42142857142857,0.8869727891156461,0.9431818181818182,0.05651360544217687,0.9544642857142858,4.5686011904761905,0.37847635582010586,4.555555555555555,1.7777777777777777,9.333333333333334,0.5679012345679012,0.41975308641975306,12.777777777777779,0.7098765432098766,0.8672839506172839,3.6080246913580245,0.39814814814814814,2.057924310831005,0.8181818181818182,0.28395061728395066,0.46874999999999994,0.7333333333333334,0.4402852049910874,1.818181818181818,2.2425725307660693,11.363636363636363,0.5165289256198347,0.5206611570247933,4.909090909090909,2.6363636363636362,14.181818181818182,0.7095959595959596,0.3762626262626263,0.7424242424242423,3.196969696969697,0.33080808080808083
2,1380,23,112.5,139.5,1367247.0,0.9984389230256229,17.0,1.841667948712144,145.0,9.027041644131966,125.66279069767442,125.0,106.0,39.0,7.156141868512111,126.08814746133974,-0.05090749754372694,1367247.0,0.5010816657652786,107.08396430502975,0.7353126069622875,88.33841391417914,63.28506932918696,61.0,64.95634943014868,213.42135623731008,3.49871075798869,86.0,0.1297274776869236,2.3529411764705883,0.7441537213750192,0.05594379235738904,0.6322568242983468,0.03335791188197266,0.36561264822134354,0.3088235294117647,0.19678164655031685,0.04498269896193772,0.8455882352941176,0.8455882352941176,0.9382352941176471,0.8970588235294117,-0.7916517228513469,0.8219022061194192,0.3088235294117647,1.5024509803921569,0.48447712418300654,1.1458359393421524,0.8656126482213433,0.5563725490196079,3.0049019607843137,0.8370124099303878,0.23527008842752786,43.093023255813954,0.508099173553719,0.24945916711736077,2.507889364768042,2.2782989099254163,7.202582422714112,1.0472280317282419,0.6230276588079895,1.2705717373281256,72.20302639127941,0.9105429442546845,0.9098837209302325,0.9842424167615466,0.9604184004121644,2.4125219451889324,0.5973925142179726,2.309090909090909,6.6909090909090905,23.0,2.6136363636363638,0.6727272727272727,34.74545454545454,0.6317355371900827,0.8192629419191919,1.8619002525252524,0.5586036142676768,1.9785405358822983,0.6395348837209303,4.245950413223141,5.035714285714286,0.17426545086119552,0.13345051379123854,0.17391304347826086,2.4286192463094767,32.395348837209305,0.3766901027582477,0.6430502974580855,2.5697674418604652,3.604651162790698,10.616279069767442,1.8517441860465116,0.6075581395348837,0.5943152454780362,1.3850129198966408,0.396640826873385
2,1270,15,94.0,124.0,1205001.0,1.2179261689476366,16.5,2.3293128658151954,134.0,9.291921953058726,107.5631067961165,106.0,87.0,47.0,6.89229024943311,108.16209518565853,0.2871391109097309,1205001.0,0.5041945517956453,129.2168913186917,0.885579844981473,90.7514066401049,72.47068372797375,77.0,80.36761662419472,248.49242404917567,3.2271743383009825,103.0,0.1251806326048315,3.582720588235294,5.050876851368108,0.18375747307542625,1.4470439830343902,0.011341655631583488,0.6854634555051784,0.15519957983193278,0.5829938072016694,0.12369993953463738,0.9224002100840336,0.9224002100840336,0.9844800420168067,0.9612001050420167,-0.46900811778686613,0.6937647701931551,0.15519957983193278,1.7900472689075628,0.4699486871954664,1.463332866571011,0.7529244948599748,0.6060924369747899,3.5800945378151257,1.3081332867390787,0.40056089071658074,51.932038834951456,0.49660479855138073,0.318597417287209,3.787847043269397,2.665838313152773,10.071574524632595,0.9705005159824929,0.41871472588652603,1.6060010483503295,77.0197025315387,0.8624540647034117,0.8616504854368933,1.2497493493691916,0.9405391022812338,3.5749717716510494,0.3907174999698368,4.0,11.97872340425532,45.808510638297875,4.230496453900709,0.3918439716312057,19.25531914893617,0.40968764146672704,0.6601702988541117,2.918198925912901,0.21481207825962725,2.762898174424139,0.4563106796116505,7.176097781801721,1.1666666666666665,0.19884169884169886,0.3321758104094465,0.5489849955869374,2.8212460624745925,33.56310679611651,0.3258554057875389,0.6779149778489961,3.7572815533980584,5.116504854368932,18.533980582524272,2.1936353829557715,0.418554476806904,0.4030474649406688,1.6775215749730314,0.1473559421071557
0,1284,19,165.4,197.1,395559.0,1.280672129520886,17.0,2.271442575898933,206.0,11.083333333333334,181.08333333333334,181.5,159.0,47.0,6.625,181.55784202286608,0.151317699446229,395559.0,0.45833333333333337,172.07638888888889,0.7658318101032554,20.891645777959166,17.08800749063506,6.0,15.999486902170503,33.94112549695426,5.656854249492376,12.0,0.2558316769866223,4.0,0.0,0.0,0.0,0.0,1.0,0.0,-3.203426503814917e-16,0.0,1.0,1.0,1.0,1.0,0.0,0.0,0.0,2.0,1.0,-3.203426503814917e-16,0.0,1.0,4.0,-3.203426503814917e-16,0.0,5.5,0.4380165289256198,0.35416666666666663,3.403409090909091,1.0681818181818181,3.6761363636363633,0.5108901515151515,0.4938446969696969,1.3796883546536973,11.295454545454545,0.9586776859504132,0.9791666666666666,0.020661157024793386,0.9829545454545454,3.3352272727272725,0.48958333333333326,3.3636363636363638,1.2727272727272727,4.454545454545454,0.5782828282828283,0.51010101010101,9.181818181818182,0.8347107438016529,0.9318181818181818,3.090909090909091,0.4930555555555555,1.6767370300521311,0.9166666666666666,0.08264462809917354,0.0,1000000.0,0.0,0.0,1.7841591278514204,8.666666666666666,0.7222222222222222,0.1388888888888889,3.4166666666666665,1.5,5.416666666666667,0.6134259259259259,0.4884259259259259,0.875,2.9166666666666665,0.4571759259259259
1,1261,18,43.0,48.0,113110.0,0.12923377484588427,4.0,2.211471393354979,50.0,1.8214285714285714,44.892857142857146,44.5,41.0,9.0,1.5568513119533527,44.94242348351309,0.27788573605759226,113110.0,0.9649234693877551,4.452806122448979,0.869814676046846,62.15511192769737,54.20332093147061,37.0,54.06342854604554,142.8944443027288,3.8620120081818596,56.0,0.15090042056680536,1.0,0.0,0.0,0.0,0.0,1.0,0.0,-3.203426503814917e-16,0.0,1.0,1.0,1.0,1.0,0.0,0.0,0.0,1.0,1.0,-3.203426503814917e-16,0.0,1.0,2.0,-3.203426503814917e-16,0.0,54.035714285714285,0.9459876543209876,0.017538265306122448,1.0601641414141414,1.8941919191919192,1.9543560606060608,1.879150883838384,0.9849589646464646,0.42916311482567326,46.48316498316498,0.9091590852407351,0.90625,0.6072954573796325,0.9610223327020202,1.0211864741161616,0.9459812973484849,1.0833333333333333,5.055555555555555,5.138888888888889,5.034722222222222,0.9791666666666666,23.944444444444443,0.6651234567901234,0.8372878086419753,0.9206211419753088,0.816454475308642,1.1530933953975073,0.6428571428571429,2.635802469135802,0.0,1000000.0,0.0,0.0,1.5889826584791285,21.607142857142858,0.38584183673469385,0.7232142857142858,1.0535714285714286,3.7857142857142856,3.8392857142857144,3.7723214285714284,0.9866071428571429,0.6011904761904762,0.6547619047619048,0.587797619047619
1,1258,24,114.2,172.8,1894183.0,1.916752568471651,27.0,2.414621159941326,184.0,17.27344201641808,141.08602150537635,140.0,93.0,91.0,12.04578720210171,142.71495765961234,0.00771840499387718,1894183.0,0.30627818244883803,462.29367556943,0.6254406365952514,121.05004091818945,88.56635930193812,66.0,75.70961465175364,230.14927829866804,3.487110277252546,93.0,0.12513168202521927,11.032142857142857,41.5200284009267,-5.871200072886297,3.4182908163265306,0.022250816490687594,0.6634826527576676,0.4392857142857143,0.8805780520885438,0.21829081632653063,0.7827380952380952,0.7817857142857143,0.9826686244789693,0.9271258503401361,-0.5776702733897375,0.8361232902455916,0.42678571428571427,3.182142857142857,0.26627551020408163,2.1671362271742867,0.7815070939975007,0.37142857142857144,6.364285714285714,1.6951949291406743,0.9679655612244897,28.483870967741936,0.27438860521365227,0.880564227078275,11.148093814398162,1.8337265994874692,17.475168732233946,0.27464773746114324,0.13982269937523562,2.1894257017039918,77.40317038034429,0.9007317096153378,0.9112903225806452,0.5538237687001365,0.9565896569463146,10.771864857666488,0.132220251406789,12.278688524590164,4.672131147540983,40.31147540983606,0.728351548269581,0.12668943533697632,37.91803278688525,0.6216070948669713,0.814372723132969,10.651844262295082,0.0912716618599474,2.9047179699571326,0.6559139784946236,2.347755979575383,0.4861111111111111,0.16607142857142856,2.3307069636788724,1.2354152367879203,3.1554584040948193,35.32258064516129,0.3798126951092612,0.6361429066944155,10.806451612903226,3.5591397849462365,31.129032258064516,0.5736140979689367,0.14275985663082438,0.5991636798088411,7.517921146953404,0.07155233638656577
1,1261,26,77.0,90.0,389088.0,0.1311065295823444,6.5,2.3382269669692977,95.0,4.074710743801653,83.96363636363637,84.0,74.0,21.0,3.06962962962963,84.1090201626869,-0.01706795032336931,389088.0,0.964297520661157,24.435041322314056,0.7711329478852913,78.57696949201691,62.0966987850401,34.5,60.593290120271604,143.37972567696727,4.155934077593254,55.0,0.14522010098154237,3.9,0.020800000000000023,-0.024000000000000042,0.03999999999999998,0.0008114199849737038,0.7222222222222223,0.05,0.18048202372184016,0.04000000000000001,0.975,0.975,0.99,0.9833333333333334,-0.008562496380971913,0.044451954969094785,0.05,1.975,0.915,0.2304820237218401,0.02777777777777759,0.95,3.95,0.18048202372184016,0.022500000000000003,53.03636363636364,0.95125,0.01785123966942149,3.9410247050265825,1.3500242022613738,5.341121514072078,0.35224987430869786,0.26474382374335437,0.47187636908440944,45.39095833823619,0.8879796261003059,0.9272727272727272,0.17789791895527932,0.9538651078270917,3.7564851363349483,0.2532101007001273,3.925,2.675,10.625,0.6875,0.26875,24.15,0.60375,0.8034722222222224,3.138888888888889,0.21961805555555552,1.1998918734198711,0.7272727272727273,0.784375,0.3831775700934579,0.6707317073170732,0.05421487603305784,0.8,1.4978763800871229,23.145454545454545,0.42082644628099175,0.49785123966942146,3.9454545454545453,3.0,11.945454545454545,0.7636363636363637,0.2636363636363636,0.6414141414141414,2.511111111111111,0.173989898989899
2,1383,43,184.4,215.3,2372885.0,1.289180721840236,10.75,3.1841585116985422,229.0,9.26694411414982,201.8793103448276,202.5,172.0,57.0,5.608695652173913,202.26668125231993,-0.18648710117516726,2372885.0,0.47443519619500585,156.55439952437573,0.6484179140553962,106.29732184922871,73.37574531137656,34.0,68.92508770315197,153.4213562373101,4.512392830509121,58.0,0.13472822029388376,8.104166666666666,2.0037254050925926,-0.8365162037037037,0.6163194444444444,0.005394052874474376,0.6354838709677416,0.14583333333333331,0.4323934896284051,0.10243055555555555,0.9270833333333333,0.9270833333333333,0.991421568627451,0.9708333333333333,-0.5186207714905079,0.5237371147628612,0.14583333333333331,2.8229166666666665,0.7039930555555556,0.7407324283738268,0.5499999999999972,0.8125,5.645833333333333,0.5948990950404935,0.19053819444444442,27.517241379310345,0.4341330918967859,0.351961950059453,7.511379361379362,1.219404206904207,9.41390183890184,0.19921176592183537,0.1728303155820517,1.6400329620913618,47.7176036926037,0.8785081484836359,0.9353448275862069,0.07378216836173232,0.9504908286158287,7.083825665075665,0.16682849525731472,7.361702127659575,2.0,16.04255319148936,0.3000886524822695,0.18011229314420804,36.06382978723404,0.7673155273879584,0.8933215130023642,6.4813829787234045,0.1660428158655109,2.0507523048443055,0.8103448275862069,0.4771389769126301,0.15483234714003946,0.554140127388535,0.5044065376491269,2.456896551724138,2.432182199745328,30.82758620689655,0.5315101070154578,0.8014268727705114,7.586206896551724,3.103448275862069,26.0,0.41750478927203066,0.1694204980842912,0.7537116858237548,5.498922413793103,0.13846317581949766
2,1263,47,82.9,99.1,251871.0,0.46899559358928056,6.5,2.29097205740891,102.0,4.833333333333333,91.43333333333334,91.5,79.0,23.0,3.5416666666666665,91.62805247302815,-0.19541244475101233,251871.0,0.8200000000000001,35.64555555555555,0.4058818690468252,61.495994879018156,42.80186911806539,17.0,24.96010934038988,81.539105243401,4.796417955494176,30.0,0.1792517693688492,1.2083333333333333,0.034143518518518524,0.018518518518518528,0.11805555555555555,0.012000000000000002,0.3666666666666668,0.20833333333333331,0.4795739585136219,0.11805555555555555,0.8958333333333333,0.8958333333333333,0.9583333333333333,0.9305555555555555,-0.0563871814377674,0.1925095642345685,0.20833333333333331,1.1041666666666667,0.71875,0.6879072918469551,0.1333333333333332,0.7916666666666666,2.208333333333333,0.4795739585136219,0.08159722222222221,24.6,0.7888,0.09000000000000001,1.313115763546798,1.1490147783251232,1.4621305418719213,1.0707358374384237,0.9217210591133005,0.6949137050702644,26.819581280788178,0.9328400652770027,0.9583333333333333,0.05940904899415177,0.9726669403393542,1.2857827038861522,0.8943879994526547,1.36,1.68,2.04,1.59,0.91,18.04,0.7216,0.8744444444444445,1.2344444444444445,0.7844444444444444,1.261119188563181,0.8333333333333334,0.24,1.4285714285714286,0.5,0.13333333333333333,0.5,1.4464393446710142,16.866666666666667,0.5622222222222222,0.28888888888888886,1.3,2.066666666666667,2.3666666666666667,1.9916666666666667,0.925,0.7703703703703704,1.0703703703703704,0.6953703703703703
2,1270,25,106.0,139.79999999999998,695421.0,1.2978373260126737,16.0,3.2731647496303693,158.0,10.874603893164329,120.87234042553192,118.0,98.0,60.0,7.249307479224377,121.63959671653676,0.8149249645552397,695421.0,0.4884563150746945,186.06880941602535,0.7594686796037518,81.32037554046049,64.8459713474939,26.0,61.76027823659475,128.20815280171348,4.931082800065903,47.0,0.1409859915334357,5.25,3.400137442129631,0.6715856481481494,1.0190972222222223,0.008649335888964872,0.6205357142857141,0.22916666666666666,0.43239348962840507,0.10243055555555555,0.8854166666666666,0.8854166666666666,0.9865196078431373,0.9541666666666667,-0.44785142888212315,0.5297446214638271,0.22916666666666666,2.239583333333333,0.5789930555555556,1.078226822961738,0.5357142857142845,0.6458333333333334,4.479166666666666,0.8490601562950716,0.3120659722222222,22.95744680851064,0.45625,0.406518786781349,6.150537988581467,1.1454710144927536,6.815755379885815,0.2488588710169326,0.21480593220855904,1.5434819847025478,41.633849363197186,0.9249451145373268,0.9574468085106383,0.05379810388836138,0.9699453776899429,6.009486166007905,0.20787098033474843,6.325,1.725,9.6,0.38385416666666666,0.21302083333333335,32.55,0.81375,0.9168402777777779,5.898611111111111,0.19483506944444445,1.945745565249167,0.851063829787234,0.34437500000000004,0.2205882352941176,0.5222222222222223,0.7002368770556828,2.226950354609929,2.290507380142997,28.829787234042552,0.6133997283838841,0.47985513807152563,6.085106382978723,2.276595744680851,11.829787234042554,0.5169917257683215,0.21557328605200946,0.811613475177305,5.171985815602836,0.17290927895981087
2,1383,19,189.6,224.8,1195469.0,1.224394445405985,16.0,3.302388147630237,248.0,11.753086419753087,209.88888888888889,214.0,176.0,72.0,8.040816326530614,210.4201264842069,-0.035537831174479846,1195469.0,0.5061728395061729,223.28395061728395,0.8311612074126277,43.88711165357511,38.0,15.0,36.47726471183829,73.29646455628165,4.886430970418776,27.0,0.18731283392822118,2.875,0.265625,0.0,0.3125,0.02047452116039222,-0.08333333333333302,0.625,0.24999999999999958,0.0625,0.6875,0.6875,0.9374999999999999,0.84375,-0.45443307661392474,0.581497758732501,0.625,1.6875,0.53125,1.1249999999999991,0.5833333333333329,0.5625,3.375,0.4999999999999995,0.234375,13.666666666666666,0.5034722222222222,0.32098765432098764,3.9144444444444444,1.0888461538461538,4.183290598290598,0.44234805318138654,0.39850189933523267,1.3482339477585439,24.84923076923077,0.9447088757396449,0.9722222222222222,0.027645562130177513,0.9777884615384616,3.847232905982906,0.38754036087369426,4.0,1.375,5.125,0.5763888888888888,0.3888888888888889,18.75,0.78125,0.90625,3.71875,0.3420138888888889,1.7492184835974074,0.8888888888888888,0.109375,0.5333333333333333,0.421875,0.5539388594944151,1.161290322580645,1.9379298573127288,17.666666666666668,0.654320987654321,0.1728395061728395,3.888888888888889,1.6666666666666667,5.888888888888889,0.7345679012345678,0.4012345679012346,0.8333333333333334,3.388888888888889,0.31790123456790126
2,1380,20,84.0,102.9,628870.0,0.9118952350814218,8.0,4.246576428467788,108.0,5.770061728395062,93.13888888888889,94.0,66.0,42.0,3.7538644470868014,93.45750668381622,-0.6645399382395142,628870.0,0.6277006172839505,59.452932098765444,0.8433120877178955,91.39954511612348,68.06614430096654,46.5,77.07834120834407,183.32085117392194,3.942383896213375,72.0,0.1318619650376706,4.809523809523809,0.51618225237941,0.2863756613756614,0.38846371882086167,0.004239808384773662,0.5530037214247736,0.1369047619047619,0.47030023481942257,0.10274943310657597,0.9315476190476191,0.9315476190476191,0.9863095238095239,0.9657738095238095,-0.23748030863741643,0.42505282508057535,0.1369047619047619,2.1755952380952377,0.6345663265306123,0.9532167892712133,0.4030037214247736,0.7559523809523809,4.351190476190475,0.8163120273664517,0.1313421201814059,45.19444444444444,0.6247597078046905,0.20351080246913583,4.953942619064046,1.378631386321748,7.033760922440406,0.3228941155863746,0.24393884561953122,1.3320172217299813,55.886170950223566,0.849225610104438,0.9097222222222223,0.15560839575214758,0.9361142814798266,4.66385621647796,0.22892695844797098,4.862745098039215,2.7450980392156863,14.490196078431373,0.6149237472766885,0.25217864923747274,30.88235294117647,0.6055363321799307,0.8048420479302831,3.9144662309368194,0.20804602396514163,2.0157373158315637,0.7083333333333334,0.7520184544405997,0.3414351851851852,0.48813559322033895,0.23468700345635332,1.2037037037037035,2.4522106073010486,27.86111111111111,0.3869598765432099,0.7839506172839505,4.958333333333333,3.75,18.458333333333332,0.8599537037037037,0.24189814814814817,0.6221064814814814,3.053240740740741,0.15835583847736626
2,1380,39,130.9,168.0,897177.0,1.6041625260016577,19.0,7.054457579724878,186.0,13.772499999999999,148.525,151.0,74.0,112.0,8.831955922865015,149.7645652349046,-1.3475964701749321,897177.0,0.39125000000000004,369.74937499999993,0.7940084763493102,69.58639240359841,51.66236541235796,23.0,55.25218540702639,108.16652224137073,4.702892271363945,40.0,0.15717229093898946,20.833333333333332,3.2962962962962927,-0.6481481481481455,0.888888888888889,0.009343750000000001,0.2816091954022989,0.41666666666666663,0.4591479170272443,0.11111111111111112,0.7916666666666665,0.7916666666666665,0.9887387387387387,0.9404761904761905,-0.4417589112267741,0.5620049116918914,0.41666666666666663,4.541666666666666,0.5138888888888888,1.2091479170272437,0.583333333333333,0.5416666666666666,9.083333333333332,0.7924812503605775,0.3263888888888889,15.65,0.39755102040816326,0.7475,20.56884278002699,1.0981781376518218,22.529875168690957,0.08227961463487779,0.07650490140950666,1.7395242225617356,36.36808367071525,0.9376467224325737,0.96875,0.03117663878371315,0.9754554655870444,20.078584682861,0.07506122310316389,20.62857142857143,1.4285714285714286,29.2,0.10357142857142858,0.07840476190476191,26.428571428571427,0.7551020408163265,0.8928571428571429,18.485714285714284,0.07211309523809523,2.038895224179132,0.875,0.12244897959183673,0.08892276422764227,0.45714285714285713,1.6255602240896359,8.26,2.24896658866317,25.0,0.625,0.1875,20.55,1.75,35.55,0.1199861111111111,0.07594444444444444,0.8125,16.8,0.06493402777777776
1,1261,26,104.0,121.8,1047821.0,0.6279391414569329,11.0,6.721256578619862,127.0,6.59282914791697,111.98795180722891,113.0,73.0,54.0,4.196969696969697,112.35813009119705,-1.515910390042716,1047821.0,0.8008419219044854,83.04804761213529,0.6344681223456409,157.11237445012443,107.8702924812944,50.0,99.6827932146357,219.5046173579957,4.390092347159914,83.0,0.11419478573167671,9.083333333333334,0.3205037037037038,-0.15096296296296294,0.1711111111111111,0.000559648960189721,0.6999999999999996,0.08333333333333333,0.22957395851362197,0.05555555555555556,0.9583333333333333,0.9583333333333333,0.9950980392156863,0.9833333333333334,-0.2686207714905085,0.2817914109461245,0.08333333333333333,3.0083333333333333,0.8172222222222223,0.45453466848518154,0.2999999999999984,0.8833333333333333,6.016666666666667,0.3712013351518482,0.0636111111111111,66.46987951807229,0.7861111111111111,0.13935259108724052,8.72245918569448,1.415331536655066,12.350148897943015,0.18058264621785863,0.13137097221043298,0.9622282109246557,68.06991365569796,0.881710319316902,0.924698795180723,0.22739743549725833,0.9504525018656453,8.30410523189705,0.12509976326740013,8.766666666666667,2.9833333333333334,26.116666666666667,0.367824074074074,0.13356481481481483,38.166666666666664,0.6361111111111111,0.8243344907407407,7.310677083333333,0.11057420267489712,1.6404388162579346,0.7228915662650602,1.0697222222222222,0.05697151424287855,1.0921052631578947,0.15417670682730925,6.289156626506024,1.9552930374737179,34.80722891566265,0.41936420380316447,0.5768616635215561,8.710843373493976,3.144578313253012,27.289156626506024,0.38905622489959846,0.13068942436412315,0.6512717536813922,5.753012048192771,0.08692176111854827
2,1270,31,56.0,73.2,38038.0,-3.203426503814917e-16,12.0,1.642644984035049,74.0,5.777777777777776,64.66666666666667,66.0,56.0,18.0,5.625,65.0111101616058,-0.18858385458751487,38038.0,1.0,44.66666666666667,0.4526545479901803,35.46475569342337,25.079872407968907,5.0,16.05328295798873,24.627416997969508,4.925483399593902,9.0,0.3218630112880113,1.0,0.0,0.0,0.0,0.0,1.0,0.0,-3.203426503814917e-16,0.0,1.0,1.0,1.0,1.0,0.0,0.0,0.0,1.0,1.0,-3.203426503814917e-16,1,1.0,2.0,-3.203426503814917e-16,0.0,9.0,1.0,0.0,1.0,1.09375,1.09375,1.09375,1.0,0.13589111079989868,8.3125,0.9453125,0.9722222222222222,0.02734375,0.9765625,0.9765625,0.9765625,1.0,1.375,1.375,1.375,1.0,6.25,0.78125,0.90625,0.90625,0.90625,0.5435644431995957,0.8888888888888888,0.109375,0.0,1000000.0,0.0,0.0,0.7642045065086196,5.888888888888889,0.654320987654321,0.1728395061728395,1.0,1.6666666666666667,1.6666666666666667,1.6666666666666667,1.0,0.8333333333333334,0.8333333333333334,0.8333333333333334
2,1380,27,93.1,126.0,779613.0,1.4168465411410394,15.75,4.472160010896469,144.0,11.145161290322582,111.1774193548387,112.5,62.0,82.0,7.5328,112.1356465438464,-0.9401030918610707,779613.0,0.46930280957336107,213.9846514047867,0.6992380029805021,78.65131873564869,56.79788728465171,40.5,54.99599104449794,159.0365799264597,3.9268291339866592,62.0,0.1418519845064,9.147058823529411,2.826690620846854,-0.5187449114593945,0.6862024221453287,0.012028241191411276,0.2621315192743762,0.3284313725490196,0.8661349035534665,0.20581026528258362,0.8357843137254902,0.8357843137254902,0.9806805074971164,0.934313725490196,-0.2589161006402021,0.5947760781305029,0.3284313725490196,2.997549019607843,0.38952566320645904,1.6456516273349404,0.599999999999957,0.5490196078431372,5.995098039215686,1.317220254785921,0.25365844867358706,29.096774193548388,0.41493383742911155,0.44745057232049945,9.01963765993809,1.5129868841117997,13.858674580624674,0.21462774832212372,0.157847795903998,1.642302005375217,54.385661266451564,0.9366855483932293,0.9314516129032259,0.32840298588300354,0.9718146223653397,8.750113059988587,0.15449516165092553,8.891304347826088,3.260869565217391,30.130434782608695,0.42028985507246375,0.16847826086956522,36.69565217391305,0.7977315689981096,0.902211654589372,7.957465277777778,0.1562877415458937,2.09550577188938,0.7419354838709677,1.444234404536862,0.2834224598930481,0.29245283018867924,0.96605222734255,1.5096774193548386,2.655494602402656,30.387096774193548,0.49011446409989595,0.6992715920915713,9.064516129032258,3.096774193548387,29.032258064516128,0.3897849462365591,0.1543458781362007,0.7183019713261649,6.38048835125448,0.12155889088012743
2,1263,14,142.4,177.0,871692.0,1.5944454420011556,15.0,4.125627131478015,201.0,12.791551882460976,161.57575757575756,164.0,114.0,87.0,7.106508875739645,162.5266411727908,-0.6798127917544078,871692.0,0.4471992653810835,308.1836547291093,0.6127307802070413,51.31438521429011,37.05401462729781,20.5,31.441903288196645,86.71067811865484,4.229789176519748,33.0,0.18510121945489905,8.916666666666666,3.2278645833333335,-0.53125,1.0208333333333333,0.019255920082366366,0.12056402378983029,0.4166666666666667,1.0408520829727543,0.3541666666666667,0.8194444444444445,0.8083333333333332,0.9788903625110522,0.9345238095238096,-0.24063691945957222,0.5330725011580281,0.2708333333333333,2.9583333333333335,0.375,1.770426041486376,0.4920634920634912,0.5,5.916666666666667,1.4370927081530434,0.4010416666666667,14.757575757575758,0.408,0.63544536271809,9.467937438905182,1.1983870967741934,11.303421309872924,0.19989184859346149,0.17559189339632886,1.886215796253769,27.36451612903226,0.8798231009365244,0.9393939393939394,0.06008844953173778,0.9504032258064516,9.009066471163246,0.16951690459704571,9.52,2.04,19.12,0.3146555555555555,0.1882666666666667,14.44,0.5776,0.7844444444444444,7.52,0.16160771604938273,2.6448894517332384,0.7575757575757576,0.2976,0.22445255474452555,0.2682926829268293,2.8879537443964325,2.6363636363636367,2.644592622391459,15.787878787878787,0.47842056932966026,0.310376492194674,9.454545454545455,2.515151515151515,23.454545454545453,0.3570622895622896,0.1722979797979798,0.6548821548821548,6.257575757575758,0.12984801720912834
1,1359,16,128.0,151.0,1103453.0,0.8343152446435087,10.0,3.182567293657031,161.0,7.341198979591836,140.05357142857142,140.0,115.0,46.0,5.218650973291082,140.3727817532404,-0.06183403867306725,1103453.0,0.6932397959183673,89.51498724489797,0.7029675674221526,100.28587087159734,74.67261881037788,33.5,70.4977146934189,149.279220613579,4.456096137718776,56.0,0.1374446933168028,3.818181818181818,0.6856558636705145,0.1803155522163787,0.5268595041322314,0.005162779397473274,0.22222222222222152,0.5,0.33333333333333287,0.08333333333333333,0.75,0.75,0.9499999999999998,0.875,-0.6059107688185643,0.7202798158167975,0.5,1.946969696969697,0.48657024793388426,1.3131656623071701,0.7777777777777729,0.5530303030303031,3.893939393939394,0.8131656623071705,0.2567148760330578,38.82142857142857,0.65599173553719,0.17346938775510204,4.466991341991342,1.4414141414141415,6.315981240981241,0.3831259018759019,0.27508718133718135,1.0169168138463514,50.63131313131313,0.9493459851035608,0.9464285714285714,0.2950800938679726,0.9778505541526374,4.357560225268559,0.27012852357904443,4.4772727272727275,2.8181818181818183,12.090909090909092,0.7272727272727273,0.28219696969696967,34.81818181818182,0.7913223140495868,0.9062894570707072,4.017203282828283,0.2611367582070707,1.5515994913965354,0.7857142857142857,1.1983471074380165,0.4157303370786517,0.3783783783783784,0.2719071456075692,1.0142857142857142,1.9574245996826622,29.821428571428573,0.5325255102040817,0.49489795918367346,4.464285714285714,2.5357142857142856,11.142857142857142,0.6418650793650793,0.27281746031746035,0.7549603174603174,3.3501984126984126,0.21527777777777776
2,1380,33,126.8,180.2,1175247.0,1.9277462656438251,41.0,2.381015753943209,193.0,20.65889212827988,152.9591836734694,156.0,94.0,99.0,15.98027613412229,154.86972800731982,-0.4764085977925965,1175247.0,0.28613077884214905,588.1207830070805,0.7868496352744492,88.62073854688468,70.21395872616783,29.0,69.73119580336854,130.55129855222106,4.501768915593829,49.0,0.14622537203409572,14.758333333333333,27.566951331018515,-0.2970439814814785,3.804930555555556,0.021223299815553043,0.74608636977058,0.5208333333333333,0.6823934896284051,0.3315972222222222,0.7951388888888888,0.7729166666666667,0.969799955791335,0.9211309523809523,-0.6588799682323239,0.8965656780037075,0.22916666666666666,3.7354166666666666,0.3271180555555556,1.9308893155687947,0.9418979698109977,0.4083333333333333,7.470833333333333,1.5767226489021287,1.1647743055555553,14.020408163265307,0.2807363576594346,0.9904206580591419,15.238740609144172,1.1930438461861912,18.129181646483335,0.1198812979714272,0.10384195857842222,2.2052268891486255,41.54852321783982,0.8968499895045883,0.9438775510204083,0.06707087301630091,0.9580521697665836,14.57294853162756,0.10053358276496331,15.435897435897436,2.128205128205128,30.641025641025642,0.20863960113960117,0.10707977207977208,28.384615384615383,0.727810650887574,0.8756695156695157,13.509943019943021,0.0971883903133903,2.643314698211432,0.7959183673469388,0.5496383957922419,0.15234375,0.41880341880341887,1.9593061485468843,3.4207968901846457,2.960404470359377,25.0,0.5102040816326531,0.4922948771345273,15.244897959183673,2.5918367346938775,40.224489795918366,0.229937641723356,0.10255668934240361,0.738095238095238,11.312925170068027,0.0809911186696901
2,1264,11,62.0,78.0,51782.0,0.684038435639041,7.0,3.617718256511029,88.0,6.545454545454546,68.0,67.0,50.0,38.0,3.7037037037037015,68.61089232370138,0.33912664455493885,51782.0,0.7024793388429753,83.45454545454544,0.6942530063229178,25.187199078464577,18.601075237738275,6.0,17.486288681077856,30.284271247461877,5.0473785412436465,11.0,0.2867235927107525,1.0,0.0,0.0,0.0,0.0,1.0,0.0,-3.203426503814917e-16,0.0,1.0,1.0,1.0,1.0,0.0,0.0,0.0,1.0,1.0,-3.203426503814917e-16,0.0,1.0,2.0,-3.203426503814917e-16,0.0,7.7272727272727275,0.68,0.1487603305785124,1.5636363636363637,1.0999999999999999,1.6636363636363634,0.9590909090909091,0.859090909090909,0.8416188402417069,10.066666666666666,0.94,0.9696969696969697,0.030000000000000002,0.975,1.5386363636363634,0.8340909090909091,1.6,1.3,1.9,1.15,0.85,8.2,0.82,0.925,1.525,0.775,1.1567796494470386,0.9090909090909091,0.09000000000000001,0.0,1000000.0,0.0,0.0,1.3092966682370029,7.7272727272727275,0.7024793388429752,0.1487603305785124,1.5454545454545454,1.5454545454545454,2.090909090909091,1.4090909090909092,0.8636363636363636,0.8636363636363636,1.4090909090909092,0.7272727272727273
2,1383,41,151.0,197.0,1827535.0,1.4382467639676177,27.0,2.172236395508861,206.0,14.682612201021234,172.21311475409837,170.0,130.0,76.0,11.7104,173.0883882989683,-0.03102758116743273,1827535.0,0.4227358237033056,302.23327062617585,0.8559083011978778,82.36445581261573,62.609903369994115,39.0,70.49642145366359,158.4507934888328,4.062840858688021,61.0,0.13971492988375084,4.404761904761905,0.5178571428571429,-0.14285714285714282,0.35714285714285704,0.0070754820888091945,0.4176245210727969,0.23809523809523805,0.5831984190864928,0.13945578231292519,0.8809523809523809,0.8809523809523809,0.9859943977591037,0.9523809523809522,-0.14729868966835377,0.38213310119322913,0.23809523809523805,2.0,0.586734693877551,1.1082876525391177,0.3286420225570689,0.6904761904761904,4.0,0.87019241444388,0.1488095238095238,25.78688524590164,0.43194706994328924,0.43160440741736095,6.044572263048803,1.3762931034482757,8.762244676841906,0.31114841116554653,0.2424223575256998,1.5925153682856583,53.90591954022988,0.9386811798123926,0.9385245901639344,0.21925941009380367,0.9729406130268199,5.897966659600527,0.2346399567700591,5.956521739130435,2.6739130434782608,17.891304347826086,0.5618961352657005,0.2454710144927536,33.52173913043478,0.7287334593572778,0.8728864734299517,5.289402173913044,0.20723044149221684,2.15469022892618,0.7540983606557377,0.9154064272211719,0.2400398406374502,0.5062240663900414,0.5426404189760023,2.2622950819672134,2.6238031252648235,29.19672131147541,0.47863477559795753,0.512227895726955,6.081967213114754,2.737704918032787,17.65573770491803,0.6122495446265938,0.2406648451730419,0.7112932604735883,4.317850637522769,0.1690194292653309
2,1264,17,133.0,154.2,671203.0,0.6136190195993702,9.0,2.8187489162763466,159.0,6.115702479338842,142.3939393939394,143.0,125.0,34.0,4.301783264746224,142.61656582769356,0.08971745326423164,671203.0,0.7428833792470158,63.45087235996327,0.9170543976122757,54.740125653945924,43.46262762420146,18.5,50.19967295679966,90.02438661763962,4.866183060412952,33.0,0.16936771378483287,1.4375,0.359375,0.1875,0.3125,0.011687119125135655,0.33333333333333326,0.25,0.4999999999999995,0.125,0.875,0.875,0.95,0.9166666666666665,-0.3255328198945164,0.45709279804133407,0.25,1.1875,0.59375,0.9528195311147826,0.4166666666666661,0.6875,2.375,0.7028195311147827,0.140625,24.515151515151516,0.7312,0.1285583103764922,1.458791017797553,1.1987103726362625,1.735087597330367,1.0646160664627362,0.8853022455506118,0.9371877049375233,27.371628197997776,0.8800966313318871,0.9393939393939394,0.05995168433405644,0.9503224068409344,1.3897168729143492,0.8404737903225806,1.48,2.04,2.88,1.83,0.88,14.44,0.5776,0.7844444444444444,1.1744444444444444,0.6869444444444445,1.6451407133456006,0.7575757575757576,0.2976,1.375,0.6666666666666666,0.09090909090909091,0.6666666666666666,1.7602184695116299,15.787878787878787,0.47842056932966026,0.310376492194674,1.4545454545454546,2.515151515151515,3.515151515151515,2.265151515151515,0.8863636363636364,0.6548821548821548,0.9730639730639732,0.5753367003367004
2,1264,29,92.0,167.0,352605.0,1.9814035902506313,35.0,1.9757260490833288,171.0,22.2312925170068,126.61904761904762,125.0,83.0,88.0,17.42560553633218,129.57898859658647,0.23579490697521296,352605.0,0.25623582766439906,758.3310657596372,0.7194909091678033,45.71908896552648,32.64965543462902,12.0,32.89446888613034,56.91168824543136,4.742640687119279,21.0,0.21577150272542908,7.0,0.0,0.0,0.0,0.08746355685131195,-0.49999999999999967,1.25,-3.203426503814917e-16,0.0,0.5416666666666666,0.475,0.8852941176470588,0.7833333333333332,-0.75,0.6974051212741452,0.375,2.625,0.625,0.7499999999999993,0.7499999999999997,0.625,5.25,-3.203426503814917e-16,0.5625,5.380952380952381,0.26869806094182824,1.1020408163265307,7.49624060150376,1.1052631578947367,9.180451127819548,0.3215852130325815,0.3150062656641604,2.0083036498823708,20.026315789473685,0.9750692520775623,0.9761904761904762,0.04986149584487534,0.9883040935672515,7.309106098579783,0.31427527151211365,6.842105263157895,1.4210526315789473,13.578947368421053,0.3607456140350877,0.3344298245614035,17.105263157894736,0.9002770083102493,0.9532163742690059,6.093567251461988,0.33150584795321636,2.0890038287775905,0.9047619047619048,0.19944598337950137,0.48148148148148145,0.4038461538461539,2.2430014430014427,1.8857142857142855,2.3437674223666694,15.666666666666666,0.746031746031746,0.2494331065759637,7.714285714285714,1.6666666666666667,18.38095238095238,0.35019841269841273,0.30853174603174605,0.8862433862433863,5.894179894179894,0.3014219576719577
2,1380,19,176.0,219.0,2775278.0,1.5825443571372473,22.0,3.676842243142649,252.0,13.309264034913708,196.95774647887325,196.0,157.0,95.0,9.258620689655173,197.70792228742698,0.4537357202205534,2775278.0,0.39456457052172184,296.06863717516364,0.7798307167262463,91.9527645972612,68.5054742338158,51.0,71.70759032084202,173.96551211459428,3.411088472835182,71.0,0.14552139864134614,6.329365079365079,5.240722563354521,1.072167557499191,1.1244803476946335,0.011743142848361744,0.20969822621515777,0.5277777777777778,0.88262326418937,0.21064814814814814,0.736111111111111,0.736111111111111,0.9797008547008547,0.9120370370370369,-0.37852478840146847,0.767846322266439,0.5277777777777778,2.482142857142857,0.29339096749811033,2.0009053709696962,0.6775682359627376,0.38888888888888884,4.964285714285714,1.4731275931919192,0.4130645313681028,28.014084507042252,0.3477717617659309,0.5558420948224558,6.597525150905432,1.7464285714285714,10.60823943661972,0.4008956041806394,0.24276068354571875,1.851611061777466,61.114285714285714,0.9229183673469388,0.9190140845070423,0.4779408163265306,0.9649987599206349,6.395714635032416,0.2357271945135318,6.8979591836734695,4.061224489795919,23.3265306122449,0.9031689342403628,0.25407596371882085,36.30612244897959,0.7409412744689713,0.8761692176870749,6.150368480725623,0.23012570074326025,2.51570175681202,0.6901408450704225,1.9616826322365681,0.4343317972350231,0.18832891246684344,2.116221138375243,1.915492957746479,2.812047645950537,30.943661971830984,0.435826224955366,0.707002578853402,6.492957746478873,3.4225352112676055,19.704225352112676,0.7469444444444444,0.23911971830985915,0.6604068857589984,4.567292644757433,0.16997956877064857
2,1270,37,63.6,89.0,767640.0,1.022831568700097,16.0,2.898761454568477,96.0,8.505673011346024,77.07086614173228,78.0,44.0,52.0,6.295271049596307,77.74580020051822,-0.5631394206404199,767640.0,0.5165230330460662,104.49104098208198,0.8608462765470357,128.42544280963344,98.2496819333274,85.0,110.55456425657721,321.2447327281737,3.7793497968020433,127.0,0.10173687168748546,6.8464285714285715,1.152507226155768,-0.08821282798833764,0.6990816326530612,0.005376598679706545,0.49842031136995113,0.14285714285714285,0.5279707723265163,0.11019274376417235,0.9285714285714286,0.9285714285714286,0.9857142857142857,0.9642857142857143,-0.38133472201603047,0.5471197912505195,0.14285714285714285,2.5785714285714283,0.5288378684807257,1.2455059438447993,0.552910052910052,0.6321428571428571,5.157142857142857,1.1026488009876567,0.21048469387755103,65.5984251968504,0.49270950168242267,0.2560605121210242,6.924410043854243,2.0803503572346136,15.725764098923767,0.3202817024577814,0.17463724165276884,1.3308795742513868,103.3171299930053,0.902321610017672,0.8996062992125984,0.8216322446185028,0.9591678484132208,6.624033909849216,0.16823607952434932,6.6835443037974684,6.746835443037975,52.962025316455694,0.9736286919831223,0.1838959212376934,51.43037974683544,0.6510174651498157,0.8307896009142054,5.516553489803094,0.15520857751211128,2.136827395081387,0.6220472440944882,4.1624739625060085,0.46521739130434786,0.2967289719626168,0.20909617067097383,0.9606299212598426,2.5460149288937832,46.55905511811024,0.36660673321346643,0.788021576043152,7.0078740157480315,4.039370078740157,30.503937007874015,0.6165791776027997,0.17169728783902014,0.5819116360454942,3.90343394575678,0.10695538057742783
2,1263,21,118.8,143.4,645827.0,0.7531979910695008,9.0,2.4540942426358074,147.0,6.98173849525201,131.8108108108108,133.0,114.0,33.0,4.613555291319858,132.11655378408787,-0.3046269836598205,645827.0,0.6610664718772827,80.69393718042363,0.5594085945895788,44.453784192106376,33.61547262794322,27.0,24.86782893909466,90.56854249492393,3.3543904627749606,37.0,0.203380558366269,3.607843137254902,0.641291219580911,-0.3277975037253141,0.3701140586953735,0.0,0.9999999999999983,0.0,-3.203426503814917e-16,0.0,1.0,1.0,1.0,1.0,-0.6666666666666617,0.5355023626390114,0.0,1.8692810457516338,0.8149429706523131,0.4136842643172954,0.6666666666666556,0.8692810457516339,3.7385620915032676,0.4136842643172954,0.09252851467384339,24.45945945945946,0.52,0.16946676406135866,3.2494975017033845,2.796533613445378,10.256955484896661,0.9314281455825574,0.43762562457415394,1.2251065357139543,27.16449579831933,0.8315863109949861,0.8513513513513513,1.115456844502507,0.9200072216386554,2.9741955059050644,0.40646015057205315,2.8,15.0,57.6,4.35,0.55,6.733333333333333,0.4488888888888889,0.6679999999999999,1.7719999999999998,0.392,2.199581230646063,0.40540540540540543,8.915555555555557,0.0,1000000.0,0.0,0.0,2.084868487941467,13.0,0.35135135135135137,0.639883126369613,3.3513513513513513,5.4324324324324325,20.10810810810811,1.7635135135135136,0.41216216216216217,0.3723723723723724,1.0840840840840842,0.19444444444444445
1,1361,20,122.0,141.9,1273424.0,0.6500224216483536,11.0,4.547378136994811,149.0,6.8757716049382696,132.69444444444446,134.0,101.0,48.0,4.716528162511542,132.9903923012653,-0.934108653280114,1273424.0,0.7222222222222223,78.62885802469134,0.8445933328907107,102.58978467121307,81.88406438373708,44.0,86.6466481560002,189.22034611053357,4.300462411603036,72.0,0.1242691814598024,3.6794871794871793,0.2873816535628099,-0.17418533690723056,0.19165023011176863,0.005787037037037038,0.6380952380952378,0.10256410256410256,0.3273848494209358,0.07330703484549639,0.9487179487179487,0.9487179487179487,0.9794871794871796,0.9658119658119658,-0.1405142566786746,0.2523327833128152,0.10256410256410256,1.9102564102564101,0.7795857988165681,0.5799541262115815,0.23809523809523758,0.8589743589743589,3.8205128205128203,0.477390023647479,0.07355358316896779,52.0,0.7106802092951677,0.13888888888888887,3.491096579476861,1.2617538564721662,4.438112005365527,0.4676643192488263,0.3772258551307847,0.9307632152951462,61.73918511066398,0.9057184977740352,0.9409722222222222,0.11568241777964905,0.960191165511588,3.3429723526343245,0.3644958687309039,3.473684210526316,2.1052631578947367,7.473684210526316,0.7631578947368421,0.3815789473684211,41.03508771929825,0.7199138196368113,0.8705847953216375,3.0028070175438595,0.33752923976608185,1.4772820839358747,0.7916666666666666,0.5096952908587258,0.5,0.6666666666666666,0.041666666666666664,0.6666666666666666,1.889246021300044,36.111111111111114,0.5015432098765432,0.5270061728395062,3.5,2.6944444444444446,9.694444444444445,0.9444444444444444,0.375,0.73070987654321,2.5223765432098766,0.2827932098765432
2,1264,33,59.300000000000004,130.0,206995.0,2.165957320949173,46.75,1.8464748963294453,133.0,23.955000000000002,97.95,106.0,48.0,85.0,19.916955017301035,101.73372105649139,-0.4007346099067347,206995.0,0.23500000000000001,755.5474999999999,0.8926712654757782,25.519094693987146,22.561028345356956,10.5,22.780162554277723,55.74011537017755,5.308582416207385,20.0,0.20607804148462291,10.5,0.0,0.0,0.0,0.010875000000000001,4.440892098500626e-16,0.5,-3.203426503814917e-16,0.0,0.75,0.75,0.9807692307692307,0.9166666666666667,-0.5,0.4649367475160968,0.5,3.25,0.75,0.4999999999999995,0.4999999999999998,0.75,6.5,-3.203426503814917e-16,0.125,4.7,0.2409972299168975,1.45,13.761842105263156,1.0394736842105263,14.117105263157892,0.15588267543859652,0.1514967105263158,2.1980365075100945,19.276315789473685,0.9750692520775623,0.9875,0.012465373961218836,0.9901315789473684,13.673026315789473,0.15040021929824562,13.947368421052632,1.1578947368421053,15.368421052631579,0.1706140350877193,0.1530701754385965,17.105263157894736,0.9002770083102493,0.9605263157894737,13.592105263157896,0.1486842105263158,2.29427406719286,0.95,0.04986149584487534,0.03125000000000001,2.5,0.6611327561327561,24.666666666666668,2.365957320949173,16.4,0.82,0.09000000000000001,13.7,1.3,16.4,0.18430555555555556,0.15097222222222223,0.925,13.025,0.1426388888888889
0,1382,21,177.0,229.8,1515473.0,1.5679962216615178,18.5,3.3426875188816,240.0,14.695510204081634,207.11428571428573,206.0,159.0,81.0,8.957475994513034,208.08466683402833,-0.797115103042569,1515473.0,0.42040816326530617,402.9012244897959,0.6675597424942198,80.4785694435989,58.52349955359813,19.0,53.72425309407206,95.92388155425137,5.048625344960598,35.0,0.16108495805222628,10.375,9.78125,0.0,1.625,0.013900874635568513,0.12962962962962987,0.5,0.4999999999999995,0.125,0.75,0.75,0.9705882352941178,0.8999999999999999,-0.5377664099472579,0.5927265499702901,0.5,3.125,0.5625,0.9999999999999993,0.5833333333333327,0.625,6.25,0.4999999999999995,0.53125,14.714285714285714,0.443359375,0.729795918367347,9.06575630252101,1.0661764705882353,9.639285714285714,0.2368799603174603,0.21099147992530345,1.646087168692326,32.794117647058826,0.9571799307958477,0.9785714285714285,0.021410034602076126,0.9834558823529411,8.922373949579832,0.20451935982726424,9.09375,1.28125,11.53125,0.3083767361111111,0.19835069444444445,26.5625,0.830078125,0.9296875,8.484375,0.1708441840277778,1.9039015396241101,0.9142857142857143,0.0849609375,0.14070351758793972,0.625,0.7844675324675325,4.257142857142856,2.127135853172724,25.057142857142857,0.7159183673469388,0.1420408163265306,9.057142857142857,1.5142857142857142,13.514285714285714,0.4160714285714286,0.2148809523809524,0.8714285714285714,7.942857142857143,0.1645833333333333
2,1380,39,95.3,122.7,1200816.0,1.327225054466579,12.75,5.822274058876918,141.0,9.568047337278106,106.61538461538461,105.0,53.0,88.0,5.821534800713862,107.45374675788504,-0.46389915664508147,1200816.0,0.49741124260355024,179.46745562130175,0.817748298196575,139.71812964698853,103.40696301506973,69.5,114.2542627460333,264.57568516986123,3.806844390933255,104.0,0.1116985164105226,8.161764705882353,0.6814954943689033,0.026761954301136086,0.24759707804690503,0.0027843365953573052,0.6335937499999998,0.11274509803921567,0.3602138021478571,0.08150711264898117,0.9436274509803921,0.9436274509803921,0.9933679354094579,0.9774509803921569,-0.150719154944718,0.276613020873894,0.11274509803921567,2.8210784313725488,0.7556228373702423,0.672720796149924,0.29999999999999194,0.8431372549019608,5.6421568627450975,0.5599756981107085,0.09008554402153018,51.73076923076923,0.5021626297577855,0.386094674556213,8.384048837721659,2.2989465971912675,17.647601920308233,0.3788811948399544,0.16152008728686723,1.4958305953304958,89.42312490713557,0.9415061426699683,0.9110576923076923,1.072172452623396,0.9755959688857385,8.195228327921347,0.1565480402747034,8.882352941176471,7.705882352941177,56.529411764705884,1.2807393790849673,0.15328839869281044,51.76470588235294,0.7612456747404844,0.890769461908284,8.060607718956664,0.12931735271154812,1.9773314740162347,0.6538461538461539,5.366782006920415,0.14590032154340832,0.5730027548209367,0.26708888067061143,3.076923076923077,2.642374750464872,43.26923076923077,0.41605029585798814,0.7821745562130178,8.26923076923077,3.7115384615384617,27.692307692307693,0.6413595085470085,0.16326121794871795,0.6376201923076923,5.66539797008547,0.09511514719848052
2,1380,29,130.6,175.8,1321893.0,1.593273431030545,19.0,4.249517001140201,181.0,12.97757208971164,157.03773584905662,159.0,99.0,82.0,8.42355740630577,157.92839313591006,-1.0269022035213595,1321893.0,0.3976504093983624,280.5268778924885,0.8327103383991369,72.13263906779385,55.02726596879042,29.0,60.065594287765414,145.17871555019073,5.006162605178991,53.0,0.1314924996270071,11.333333333333332,0.0341435185185186,0.018518518518518715,0.11805555555555555,0.004152421126164552,0.29166666666666685,0.29166666666666663,0.47957395851362195,0.11805555555555555,0.8541666666666666,0.8541666666666666,0.9887820512820512,0.9513888888888888,-0.10627079547757835,0.27377153965511714,0.29166666666666663,3.3541666666666665,0.6770833333333333,0.7712406251802884,0.2083333333333332,0.7083333333333333,6.708333333333333,0.47957395851362195,0.10243055555555555,21.07547169811321,0.4010416666666667,0.6002135991456035,14.768853695324283,1.072680995475113,15.62490573152338,0.10125128309870958,0.09457786052455171,1.7202052835230857,49.31806184012066,0.9528696717693922,0.9764150943396227,0.023565164115303856,0.9818297511312217,14.55484068627451,0.09290950488101224,15.0,1.3125,18.6875,0.1234548611111111,0.09480902777777778,39.041666666666664,0.8133680555555556,0.921875,14.078125,0.08764756944444445,2.0217937150145784,0.9056603773584906,0.09331597222222222,0.07173382173382174,0.6765957446808512,0.7370084492726001,8.644939965694682,2.1847697146371763,36.77358490566038,0.6938412246351015,0.15307938768244927,14.69811320754717,1.5660377358490567,21.37735849056604,0.14639937106918238,0.0945125786163522,0.8584905660377359,13.028301886792454,0.08154088050314466
0,1284,10,82.4,97.8,74622.0,0.9864267287308415,6.0,3.662508230068496,105.0,5.999999999999998,90.66666666666667,92.0,72.0,33.0,2.7346938775510177,91.05675885585504,-0.6636042544576504,74622.0,0.6296296296296298,70.88888888888887,0.8750167203004606,13.20226285283918,11.704699910719626,5.0,11.552200742035943,24.627416997969515,4.925483399593903,9.0,0.32186301128801126,4.0,0.0,0.0,0.0,0.0,1.0,0.0,-3.203426503814917e-16,0.0,1.0,1.0,1.0,1.0,0.0,0.0,0.0,2.0,1.0,-3.203426503814917e-16,0.0,1.0,4.0,-3.203426503814917e-16,0.0,5.666666666666667,0.59375,0.2222222222222222,4.229166666666667,1.09375,4.604166666666667,0.34346064814814814,0.32002314814814814,1.1270187817219803,8.3125,0.9453125,0.9722222222222222,0.02734375,0.9765625,4.135416666666667,0.31416377314814814,4.25,1.375,5.75,0.4201388888888889,0.3263888888888889,6.25,0.78125,0.90625,3.875,0.3029513888888889,1.5487949406953971,0.8888888888888888,0.109375,0.0,1000000.0,0.0,0.0,1.6577427265048876,5.888888888888889,0.654320987654321,0.1728395061728395,4.222222222222222,1.6666666666666667,6.888888888888889,0.48456790123456783,0.31790123456790126,0.8333333333333334,3.5555555555555554,0.2762345679012346
2,1383,47,69.4,90.0,466809.0,1.052355564121913,14.5,5.81136112789828,96.0,7.4901333333333335,78.25333333333333,78.0,40.0,56.0,5.243888888888889,78.89309221978816,-0.9938515430695675,466809.0,0.5391999999999999,100.53582222222224,0.945151696739642,124.66699328637135,98.2344135219425,42.5,117.82922023204344,202.67619023324949,4.768851534899988,75.0,0.11402410312366644,6.452380952380952,0.5659447452450367,-0.10058309037900863,0.5272108843537415,0.007986567901234568,0.08888888888888882,0.45238095238095233,0.6070661116728261,0.1417233560090703,0.7738095238095237,0.7738095238095237,0.9547619047619047,0.8869047619047619,-0.38628349872669204,0.6055261633326267,0.45238095238095233,2.5357142857142856,0.36848072562358275,1.5895580761130732,0.5888888888888887,0.4345238095238095,5.071428571428571,1.137177123732121,0.24489795918367346,40.44,0.5446153846153846,0.28373333333333334,7.261913837601747,1.113559658526901,8.072515386142545,0.19629000948536385,0.17779906469900514,1.24394467189225,68.20696843359143,0.9393268845681918,0.9666666666666667,0.04041847327986125,0.975635850263605,7.095495334524518,0.17362363571300768,7.292307692307692,1.4923076923076923,10.8,0.25940170940170937,0.17905982905982906,49.246153846153845,0.7576331360946745,0.8940170940170941,6.569230769230769,0.1608736942070275,1.6726132673399068,0.8666666666666667,0.16094674556213018,0.42849099099099097,0.2956636005256242,0.3550362720992858,1.2884210526315791,1.909441004914158,46.14666666666667,0.6152888888888889,0.22222222222222224,7.253333333333333,1.8266666666666667,13.093333333333334,0.3137037037037037,0.1774074074074074,0.8081481481481482,5.926666666666667,0.14497942386831275
2,1263,17,129.2,147.0,1184083.0,0.4827508537811687,8.75,7.120630166310724,157.0,6.133714880332992,137.91935483870967,139.0,101.0,56.0,3.6534777176176605,138.1959221656913,-1.3501076435087909,1184083.0,0.8485952133194589,76.36446409989594,0.8796698203086233,49.56701883499398,40.22437072223753,36.0,43.6026105518133,166.49242404917567,4.624789556921546,62.0,0.12775023447663894,3.4910714285714284,0.36311693044564763,-0.20936588921282795,0.2806122448979592,0.0012965325098184017,0.39743589743589736,0.1607142857142857,0.39791819464558137,0.09311224489795919,0.9196428571428571,0.9196428571428571,0.9839285714285715,0.9598214285714286,-0.2931099180908506,0.3719007675278429,0.1607142857142857,1.8571428571428572,0.6862244897959183,0.7614520114746501,0.3525641025641019,0.7767857142857143,3.7142857142857144,0.6007377257603645,0.11033163265306123,52.61290322580645,0.8305785123966942,0.0803850156087409,4.030433655309997,1.264746733125761,5.050627484364766,0.3571712582654303,0.2812862991219211,0.8765562324573742,49.115704475370954,0.8545596802192557,0.9233870967741935,0.08480863725662728,0.9389573496403706,3.795961329733549,0.2636010675664965,4.090909090909091,3.0454545454545454,12.068181818181818,0.8402777777777778,0.27777777777777773,26.636363636363637,0.6053719008264463,0.8030206400742116,3.354128014842301,0.21574884688723975,1.5229153034496687,0.7096774193548387,1.0599173553719008,0.2635135135135135,0.5299145299145299,0.1639420448332422,1.4946236559139783,1.9016975968313952,25.838709677419356,0.4167533818938606,0.5920915712799167,4.016129032258065,3.193548387096774,12.5,0.9027777777777778,0.2818100358422939,0.6319444444444444,2.6164874551971327,0.17165098566308243
0,1284,17,168.8,184.0,530761.0,0.9366673818775618,8.0,4.95475387459951,187.0,5.674740484429066,176.52941176470588,177.0,154.0,33.0,3.7857142857142856,176.6953176915496,-1.3261572236054953,530761.0,0.5432525951557095,58.60207612456748,0.7373981991740541,26.81105620374089,22.360679774997898,10.0,19.770424562592883,45.59797974644661,4.5597979746446615,17.0,0.24584383990541678,2.5,0.3333333333333333,0.0,0.3333333333333333,0.0,0.9999999999999997,0.0,-3.203426503814917e-16,0.0,1.0,1.0,1.0,1.0,-0.3333333333333333,0.3099578316773979,0.0,1.5,0.8333333333333334,0.33333333333333287,0.3333333333333332,0.8333333333333334,3.0,0.33333333333333287,0.08333333333333333,9.235294117647058,0.5555555555555556,0.22837370242214533,2.950919117647059,1.246875,3.647794117647059,0.6466452205882353,0.5122702205882352,1.2398459259585137,13.547916666666666,0.8551475694444444,0.9264705882352942,0.07242621527777778,0.93828125,2.776700367647059,0.47867647058823526,3.0,2.25,6.5,1.1875,0.5,6.166666666666667,0.5138888888888888,0.6875,2.125,0.328125,1.8879185026711314,0.7058823529411765,0.24305555555555558,0.0,1000000.0,0.0,0.0,1.9039678130877649,8.764705882352942,0.5155709342560554,0.2422145328719723,2.9411764705882355,2.764705882352941,7.882352941176471,1.4852941176470589,0.5147058823529411,0.5588235294117647,1.7058823529411764,0.27205882352941174
2,1263,43,144.4,208.0,2289623.0,2.0282300785934253,36.0,2.189838878382634,227.0,21.00977777777778,172.94666666666666,170.0,127.0,100.0,16.004444444444445,174.72351492190933,0.2840807824625986,2289623.0,0.2597333333333333,617.7571555555554,0.5879528961575511,104.99167044772393,74.63243262818116,54.5,61.73015671215846,183.96551211459416,3.375513983754021,75.0,0.14225474758957915,6.649193548387096,24.017982453059975,0.015803927857904854,4.1034873973869805,0.022945185185185187,0.7613426320743392,0.5309139784946236,0.6968583536667814,0.16956440050872934,0.734543010752688,0.734543010752688,0.9795802315963605,0.9115143369175628,-0.8430723029690255,0.9461186299909737,0.5309139784946236,2.3756720430107525,0.28097540178055264,1.9919224310971568,0.9999999999999722,0.3676075268817204,4.751344086021505,1.4610084526025333,1.1586003439704013,19.48,0.2576,1.0755555555555556,7.429707166458265,1.6533245897745767,10.078767088360006,0.6068144384659924,0.3146610887477035,2.2741936284239057,63.66151250759677,0.9116594989721631,0.9166666666666666,0.382012899143324,0.9595953061566639,7.175290558036053,0.29914215880159983,8.28,3.82,19.94,1.535938888888889,0.2773277777777778,31.28,0.6256,0.8162081632653062,7.094277097505669,0.20655728772990675,2.9906318828727665,0.6666666666666666,1.5700000000000003,0.5179738562091503,0.23659305993690852,2.2148978122130636,2.1,3.325887152215086,29.346666666666668,0.3912888888888889,0.5955555555555556,7.16,3.3733333333333335,18.30666666666667,1.3409962962962962,0.3258111111111111,0.6140740740740741,5.099259259259259,0.16625349794238684
2,1383,35,78.0,104.9,273605.0,1.1216407621868572,11.75,2.5723337401712874,109.0,8.162109375,91.90625,93.0,69.0,40.0,5.7248,92.46705494390962,-0.35424443725416377,273605.0,0.5390625,103.39746093749999,0.8509391390807077,45.44608858429813,38.07886552931954,19.0,38.671855494508236,84.95331880577412,4.471227305567059,32.0,0.1818868839215151,5.5625,0.828125,0.1875,0.6875,0.0,0.9999999999999993,0.0,-3.203426503814917e-16,0.0,1.0,1.0,1.0,1.0,-0.75,0.6889075231246227,0.0,2.3125,0.65625,0.7028195311147827,0.7499999999999993,0.6875,4.625,0.7028195311147827,0.171875,17.25,0.5247933884297521,0.27734375,4.989074500768049,1.288479262672811,6.669777265745007,0.32568591056494284,0.26819903140467655,1.5305637316877059,24.4042242703533,0.830831168402151,0.9140625,0.08458441579892449,0.9278801843317973,4.56889880952381,0.25382731161461003,4.863636363636363,2.8181818181818183,14.636363636363637,0.6717171717171717,0.2866161616161616,12.272727272727273,0.5578512396694215,0.7743055555555555,3.5883838383838382,0.24053907126823793,2.331766377402125,0.6875,0.7024793388429751,0.0,1000000.0,0.0,0.0,2.4900496777656014,12.25,0.3828125,0.58984375,5.0625,3.4375,19.5,0.7413194444444444,0.2621527777777778,0.5989583333333334,2.8072916666666665,0.17997685185185186
2,1383,49,68.0,91.9,871446.0,0.97908043747921,14.0,3.262261260789511,102.0,7.96969696969697,80.66666666666667,82.0,46.0,56.0,5.877358490566038,81.25185312572037,-0.5927658992640343,871446.0,0.5917125803489439,94.75252525252525,0.8927617805459807,153.3294318831449,124.61540835707277,94.5,136.88665661810012,324.3746750430847,3.4325362438421663,132.0,0.10623653470562143,7.904761904761905,1.3205243468915335,0.07750496031745988,0.5329861111111109,0.002500143480257117,0.7390374331550795,0.13789682539682538,0.4509711134115626,0.10085585159989922,0.9310515873015873,0.9310515873015873,0.9918884220354809,0.9724206349206349,-0.3168433326703701,0.5173539655630401,0.13789682539682538,2.78125,0.6326904604434366,1.1270467459708358,0.5595979737560957,0.751984126984127,5.5625,0.9891499205740107,0.16772073412698413,78.10606060606061,0.6055514974433893,0.23295454545454547,7.782262193242941,2.848994985432541,23.403333006499327,0.3877596336268614,0.15285805638042232,1.3029152758092337,104.56396585051547,0.8852790343330399,0.8863636363636364,1.5249195279158414,0.9506371512214253,7.389823697371944,0.14565175821023452,7.837837837837838,11.621621621621621,97.0945945945946,1.5165165165165166,0.15437312312312312,39.78378378378378,0.537618699780862,0.7598048423423425,5.997754654654655,0.11727136407240572,2.208126418506126,0.5606060606060606,8.43973703433163,0.2728509249183896,0.26321036889332006,0.4218142249162258,1.4545454545454546,2.546749720395799,44.166666666666664,0.3345959595959596,0.7038567493112947,7.795454545454546,4.348484848484849,33.93181818181818,0.6416245791245792,0.15183080808080807,0.5040509259259259,3.953125,0.07781226618032173
1,1260,18,71.2,103.0,591587.0,1.4328693238895767,24.0,1.6387806489467744,106.0,11.052730343404017,89.16438356164383,92.0,66.0,40.0,9.199080723929907,90.02183905502773,-0.38202478031898285,591587.0,0.40326515293676113,153.6442109213736,0.7833393161103006,84.25117413781064,62.289646009589745,44.0,65.99725713060242,192.29141392239916,4.370259407327254,73.0,0.12228449022786785,5.416666666666666,4.174450378168469,-0.3538877542584493,1.2812411422902494,0.024492502898330923,0.23203675939807877,0.49851190476190477,0.6839626013865209,0.16516971371882086,0.7507440476190476,0.7507440476190476,0.9501488095238094,0.8753720238095237,-0.4654128326681664,0.78471891584012,0.49851190476190477,2.2805059523809526,0.2851783942743764,2.096810549823508,0.7435126936068984,0.37351190476190477,4.561011904761905,1.5982986450616044,0.4449382617630385,29.438356164383563,0.4152109647944101,0.44698817789453926,4.977795927781476,1.153772378516624,5.856472398369712,0.3788994123226685,0.3331788596088293,1.687399977300315,62.98358908780904,0.9045719746440405,0.952054794520548,0.047714012677979756,0.961556905370844,4.758126810134417,0.32174872143036953,4.901639344262295,1.6885245901639345,8.918032786885245,0.5368852459016393,0.3342440801457195,45.0655737704918,0.7387798978769148,0.8825136612021859,4.298269581056466,0.29218528637927543,2.106727923149351,0.8356164383561644,0.25638269282450954,1.4065656565656566,0.19658886894075403,0.47314214255205783,0.5662100456621005,2.5079841577354607,40.397260273972606,0.5533871270407206,0.42822293113154436,5.013698630136986,2.3424657534246576,12.904109589041095,0.7066210045662101,0.3314307458143074,0.7709284627092846,3.7716894977168947,0.2558134618636902
2,1380,25,125.0,148.1,920924.0,0.7221707506876501,14.75,3.858755549755795,160.0,7.998399999999999,135.32,134.5,103.0,57.0,5.535990481856038,135.71470075124506,-0.13376900348721876,920924.0,0.7495999999999999,106.97760000000001,0.7309979476471923,87.44216449113449,60.74537019394976,31.0,63.92004278084751,131.48023074035564,4.241297765817924,50.0,0.15011542541815096,4.2592592592592595,0.2962962962962959,0.17283950617283925,0.14814814814814814,0.0009306666666666668,0.8666666666666663,0.037037037037037035,0.16775277825854815,0.03292181069958847,0.9814814814814815,0.9814814814814815,0.9962962962962963,0.9907407407407408,-0.10384616320425209,0.19236323608098316,0.037037037037037035,2.055555555555556,0.874485596707819,0.36584594661398384,0.1999999999999993,0.9259259259259259,4.111111111111112,0.3288089095769469,0.0462962962962963,37.48,0.716581446311176,0.1396,4.034677684903748,1.3410271023302938,5.488071808510638,0.3890929830856693,0.30631636623325453,0.9942753840247798,42.54217325227963,0.9062227091115607,0.9349999999999999,0.1825178971448999,0.9610395207137228,3.8565143391872114,0.29719628609422494,3.945945945945946,2.6486486486486487,10.945945945945946,0.7244744744744746,0.3235735735735735,23.756756756756758,0.6420745069393718,0.8280780780780781,3.156906906906907,0.2834084084084084,1.705433352338554,0.74,0.8224981738495254,0.07012195121951219,2.173913043478261,0.05544072948328267,4.84,1.9448220017637023,22.44,0.4488,0.4496,4.06,2.76,11.7,0.725,0.3016666666666667,0.6711111111111111,2.5944444444444446,0.2236111111111111
1,1359,16,62.9,84.0,350033.0,0.9480782435939048,11.25,2.4055596419720158,86.0,6.521111111111111,75.98333333333333,78.0,58.0,28.0,4.9162848812994575,76.37986209291905,-0.7501970853439607,350033.0,0.5355555555555556,60.416388888888896,0.675430428672662,117.63662424768079,82.09750300709517,32.5,79.4553555432159,164.97770542341425,5.076237089951207,60.0,0.12249584377102059,2.9375,0.6400462962962961,-0.335648148148148,0.4722222222222222,0.00774074074074074,0.6666666666666663,0.125,0.24999999999999958,0.0625,0.9375,0.9375,0.975,0.9583333333333333,-0.5377664099472581,0.5697478895365174,0.125,1.6666666666666665,0.6388888888888888,0.807393489628405,0.5833333333333326,0.7291666666666666,3.333333333333333,0.6823934896284051,0.14930555555555555,32.13333333333333,0.532487504805844,0.23222222222222222,2.8910022993632536,1.1316190461542517,3.299690635120824,0.5896011489126087,0.5272494251591866,1.1889281014853876,52.76476184617007,0.9169281983969073,0.9583333333333334,0.04153590080154635,0.967095238461437,2.7888302154238604,0.5116614942208312,2.8823529411764706,1.607843137254902,4.666666666666667,0.8431372549019608,0.5294117647058824,38.529411764705884,0.7554786620530565,0.8916122004357299,2.54520697167756,0.4782135076252723,1.6357815996250344,0.85,0.223760092272203,0.5555555555555556,1.0,0.03333333333333333,1.0,1.9964952895779686,34.93333333333333,0.5822222222222222,0.3555555555555555,2.9,2.1333333333333333,6.433333333333334,1.0583333333333333,0.525,0.7907407407407407,2.2574074074074075,0.42407407407407405
2,1270,33,89.4,141.4,841596.0,1.6796237107897838,22.5,3.1246686001542088,162.0,15.342907533383725,113.87301587301587,112.0,68.0,94.0,9.462723865056226,115.57969833265125,0.3863652897431983,841596.0,0.3938019652305366,391.60292265054153,0.7355481184429236,97.16814604813231,73.16419889536138,37.5,71.47184699829093,167.66399692442943,4.471039917984784,63.0,0.12947345903087598,11.742857142857142,8.525921693121697,1.5914708994709015,2.0726984126984127,0.002036417153575128,0.954545454545454,0.03571428571428571,0.14791819464558145,0.030612244897959186,0.9821428571428571,0.9821428571428571,0.9986263736263736,0.9940476190476191,-0.9489971532514895,0.9251088695982447,0.03571428571428571,3.341666666666667,0.4968140589569161,1.1867067665015807,0.9999999999999982,0.5928571428571427,6.683333333333334,1.150992480787295,0.5271031746031746,24.80952380952381,0.3617021276595745,0.6414714033761653,10.570447670901391,1.227374470659407,13.116545674531155,0.15608151425018485,0.13248593256368893,2.022071904925312,51.299727767695096,0.8724844807274459,0.9325396825396824,0.07576145308041365,0.9480296766821268,9.977782819116758,0.12712851429172922,10.48936170212766,2.148936170212766,23.170212765957448,0.2593912529550827,0.13878250591016547,26.914893617021278,0.5726573110004527,0.7836879432624114,8.122931442080379,0.11536134095087996,2.7609086621285597,0.746031746031746,0.35219556360344045,0.01713709677419355,3.7058823529411766,0.30336239723994823,13.333333333333332,2.842914495205813,27.88888888888889,0.4426807760141093,0.4071554547745023,10.619047619047619,2.7777777777777777,31.0,0.3113536155202822,0.13051587301587303,0.6437389770723104,6.6878306878306875,0.09253257887517145
2,1263,45,148.1,189.9,1793865.0,1.610418673640485,20.5,2.805220434554819,206.0,13.005202913631633,169.33870967741936,170.0,123.0,83.0,9.341145833333334,170.09793194396252,-0.12235987180608067,1793865.0,0.3772112382934444,257.7078563995839,0.8036280891001447,104.64734215134239,82.0,39.0,84.09754360249231,162.10764773832537,4.156606352264753,62.0,0.13656321469824848,10.0,4.058349609375,1.08203125,0.890625,0.006797354905844047,0.5188034188034183,0.2916666666666667,0.7849475225529091,0.18229166666666666,0.8541666666666666,0.8541666666666666,0.9887820512820514,0.9513888888888888,-0.3317711163689083,0.6562259622011003,0.2916666666666667,3.1041666666666665,0.4036458333333333,1.6139723955628984,0.6854700854700825,0.5416666666666666,6.208333333333333,1.322305728896232,0.2955729166666667,23.387096774193548,0.3819444444444444,0.5619146722164413,11.032634702828515,1.2202672546623452,13.055702021249427,0.15580254404397287,0.1248758660276908,1.8377237975092382,53.383951437224376,0.9096520339871457,0.9435483870967742,0.09083939018599499,0.962106536212505,10.620813797988177,0.12073607495835073,11.270833333333334,2.1666666666666665,21.958333333333332,0.2852662037037037,0.12438657407407407,32.541666666666664,0.6779513888888888,0.8486689814814815,9.569010416666666,0.10789753729423868,2.418012674382932,0.7741935483870968,0.49826388888888884,0.14080459770114942,0.42176870748299317,1.199486611052914,3.4838709677419355,2.7482530980256126,30.161290322580644,0.48647242455775236,0.40894901144641005,10.96774193548387,2.5161290322580645,25.548387096774192,0.3238978494623656,0.1249731182795699,0.710573476702509,7.949820788530467,0.09017622461170849
2,1270,19,101.0,137.0,1174001.0,1.2746698384678088,19.5,3.3135427176086583,142.0,10.800625,120.4125,124.0,77.0,65.0,8.355103806228373,121.14046598886766,-0.7730349592912049,1174001.0,0.44343750000000004,175.84234375,0.8601890467887396,116.18778107855415,86.12200647918046,48.5,99.94345665446026,211.60512242138398,4.362992214873897,80.0,0.11666742825648829,5.910984848484848,0.9823211374324258,-0.1151355149289037,0.6753328741965104,0.019010416666666672,0.2972125435540067,0.2954545454545454,0.8130891728354707,0.18996786042240588,0.8522727272727273,0.8522727272727273,0.9704545454545455,0.9261363636363636,-0.22328331049440686,0.45612006716388565,0.2954545454545454,2.4071969696969697,0.3762913223140496,1.6691128763731564,0.41796183883255467,0.490530303030303,4.814393939393939,1.3736583309186114,0.242696854912764,35.475,0.4281107229239452,0.365,6.11434775997415,1.280864077854441,8.088228412309213,0.2823581121607437,0.2357649910559473,1.5545258406839173,67.86545817414608,0.9039380116938109,0.9375,0.13902910299393295,0.960874225711142,5.900689803463154,0.2275711824658318,6.049180327868853,2.360655737704918,15.508196721311476,0.47632058287796,0.24772313296903462,40.57377049180328,0.6651437785541521,0.8419854280510018,5.141621129326047,0.2158722930580854,2.1996377081560192,0.7625,0.640687987100242,1.0294811320754715,0.18327605956471937,0.5275127353266889,0.5720000000000001,2.5094291977281715,37.075,0.4634375,0.475,6.125,2.725,17.025,0.5527777777777778,0.2326388888888889,0.69375,4.247222222222222,0.1742091049382716
1,1261,26,87.0,109.0,728789.0,0.9978913098356854,11.0,2.503578601440534,117.0,6.810445580715851,98.87837837837837,100.0,81.0,36.0,4.922222222222223,99.23960902784734,-0.023761980550327185,728789.0,0.5014609203798392,71.5662892622352,0.6608089997326658,125.89215548804245,86.6083136886985,45.0,83.19066934224257,195.4629867976529,4.343621928836731,74.0,0.12165967672566853,2.333333333333333,0.769675925925926,-0.23379629629629622,0.5694444444444444,0.01347402917892326,0.8205357142857138,0.08333333333333333,0.3250112108241766,0.06944444444444445,0.9583333333333333,0.9583333333333333,0.9833333333333334,0.9722222222222223,-0.41291955692146975,0.563360375453765,0.08333333333333333,1.4583333333333333,0.6041666666666667,0.9970477197900763,0.5705357142857137,0.7083333333333334,2.9166666666666665,0.9137143864567431,0.16319444444444445,37.108108108108105,0.5,0.24926953981008032,2.5691381987577637,1.2586633022774327,3.305853713768116,0.7468656994047619,0.6077154503105591,1.3529746410763253,60.018535412353344,0.8704097606693524,0.9290540540540542,0.09342060794657384,0.9463205025556418,2.428904632505176,0.5756744700682582,2.5,2.2962962962962963,6.12962962962963,1.337962962962963,0.625,29.962962962962962,0.5548696844993142,0.7691615226337448,1.8420781893004117,0.5009323559670782,2.04646418378216,0.7297297297297297,0.41838134430727025,1.72093023255814,0.5,0.05405405405405406,0.5,2.2718401625717775,32.16216216216216,0.4346238130021914,0.40759678597516436,2.581081081081081,2.864864864864865,7.527027027027027,1.6993243243243243,0.6047297297297297,0.6238738738738738,1.5247747747747746,0.39864864864864863
0,1285,17,105.0,125.0,1051190.0,0.6328241740572007,10.0,6.031317467605666,129.0,6.161865569272976,113.62962962962963,114.0,78.0,51.0,4.306703397612488,113.91950807911547,-0.7774798702289681,1051190.0,0.7622313671696388,65.96159122085048,0.5901320797221271,104.02508481839149,77.20103626247513,54.0,61.388539647148036,206.14927829866804,3.8175792277531118,81.0,0.1263630189689873,4.12,0.21439999999999995,0.11999999999999995,0.07999999999999999,0.0007620789513793628,0.944444444444444,0.01,0.060573047270603295,0.009600000000000001,0.995,0.995,0.999,0.9975,-0.1377597280961769,0.1588268465379095,0.01,2.025,0.9454,0.1698890913434752,0.19444444444444245,0.97,4.05,0.15988909134347531,0.0225,61.74074074074074,0.6831145314622001,0.12345679012345678,4.618217544724873,2.49106241582091,10.714046155376934,0.6113290894894826,0.24221845629448896,1.0363843133464794,63.912107296434414,0.8755201946735899,0.8919753086419754,1.1627708352578496,0.9471813462730923,4.3740481929751365,0.22992753555282047,4.787234042553192,8.702127659574469,36.234042553191486,2.1501182033096926,0.24231678486997638,27.340425531914892,0.5817111815301041,0.7883419429515653,3.7810273462743464,0.19383489472134285,1.9699028772406104,0.5802469135802469,5.732005432322317,0.08093525179856116,1.7999999999999998,0.07095406332495534,3.209876543209876,2.180173074645258,27.641975308641975,0.34125895442767873,0.7346441091297057,4.580246913580247,4.209876543209877,18.160493827160494,1.0240054869684498,0.2421124828532236,0.5340363511659808,2.531207133058985,0.13076560356652947
0,1285,23,164.0,192.6,1740479.0,1.5536713071646782,16.0,9.381383543233692,215.0,11.713719008264462,176.96363636363637,177.0,96.0,119.0,6.52479338842975,177.8906201216712,-1.8760929505265966,1740479.0,0.43338842975206604,328.94413223140475,0.5431163462198064,82.5525884253724,71.7007670809734,30.5,44.835660196575745,150.00714267493694,4.918266972948752,55.0,0.13050973653954012,22.409523809523808,3.4398594042605666,-0.6004660403844055,0.9499773242630386,0.01301577761081893,0.31144954701655714,0.3738095238095238,0.9481925996494742,0.23233560090702948,0.8130952380952381,0.8130952380952381,0.98989703989704,0.9465986394557824,-0.2627203695370247,0.5804846879796595,0.3738095238095238,4.71547619047619,0.34883219954648526,1.824802004596818,0.5387580974840351,0.4928571428571428,9.43095238095238,1.450992480787295,0.33094671201814063,23.836363636363636,0.3987603305785124,0.7041322314049585,22.180874526878966,1.197723683087168,26.650454267338283,0.0763264207069701,0.06723369254168365,1.7983179471844275,48.38372961666524,0.9259809678759484,0.95,0.08884402611619253,0.9696977242759707,21.49361879488128,0.06584584860996487,22.113636363636363,1.9772727272727273,44.29545454545455,0.11589646464646464,0.07118055555555555,31.59090909090909,0.7179752066115702,0.8701073232323232,19.201546717171716,0.06514678030303031,2.448575666022408,0.8,0.4147727272727273,0.11399999999999999,0.32163742690058483,2.2699641565724167,4.292101341281668,2.6232334796350454,28.745454545454546,0.5226446280991736,0.38545454545454544,22.2,2.3454545454545452,52.56363636363636,0.1281717171717172,0.06617171717171717,0.7444444444444445,16.44747474747475,0.054358585858585856
2,1264,33,102.5,164.5,659048.0,1.7018182255967238,34.75,2.0564459135793336,171.0,18.858024691358025,133.44444444444446,131.5,87.0,84.0,14.040816326530615,135.30295225488945,-0.011491011385525765,659048.0,0.3256172839506173,499.46913580246917,0.7789887237030063,46.94084155778269,38.48376280978771,22.5,36.566386254642175,94.36753236814718,4.19411254969543,36.0,0.17818600558076594,10.0,3.71875,0.5625,1.0,0.01406571502057613,-0.11111111111111083,0.625,0.4056390622295659,0.09375,0.6875,0.6875,0.9632352941176471,0.875,-0.7009122266861902,0.8837770553886898,0.625,3.125,0.3671875,1.7028195311147818,0.8935983065273628,0.4375,6.25,1.077819531114782,0.40625,11.722222222222221,0.32222222222222224,0.6751543209876543,8.920833333333333,1.2166666666666668,10.420833333333333,0.21004050925925924,0.16982060185185183,1.8222093826045593,33.1,0.9533333333333334,0.9583333333333334,0.10666666666666666,0.9785300925925926,8.722916666666666,0.16665380658436213,9.1,1.8666666666666667,15.1,0.33032407407407405,0.16944444444444443,24.4,0.8133333333333334,0.9141203703703703,8.308333333333334,0.1567772633744856,2.1833828536280664,0.8333333333333334,0.42666666666666664,0.1925925925925926,0.6923076923076923,0.8437932437932437,3.654320987654321,2.678112994236379,21.5,0.5972222222222222,0.3888888888888889,8.86111111111111,2.1666666666666665,17.47222222222222,0.3763503086419753,0.16994598765432098,0.8009259259259259,7.233024691358025,0.13720636145404666
2,1263,23,86.0,110.0,285692.0,0.9480782435939048,7.5,2.6950501839519356,113.0,6.017777777777777,97.26666666666667,97.0,81.0,32.0,4.957475994513032,97.58620121034873,-0.05080936202624378,285692.0,0.5355555555555556,62.26222222222221,0.9200723616931178,39.031776587419216,34.539832078341085,16.0,35.912058865864935,83.19595949289338,5.199747468305836,30.0,0.17043653193825303,2.111111111111111,0.6913580246913581,0.02469135802469137,0.7407407407407408,0.011611111111111109,0.5999999999999995,0.1111111111111111,0.3060986113514961,0.07407407407407408,0.9444444444444443,0.9444444444444443,0.9777777777777779,0.9629629629629629,-0.6914943619873455,0.7211804007123482,0.1111111111111111,1.3888888888888886,0.5,1.0838763891292735,0.733333333333333,0.5555555555555555,2.7777777777777772,0.9727652780181625,0.21296296296296294,16.066666666666666,0.53125,0.23222222222222222,2.1053571428571427,1.1785714285714286,2.444642857142857,0.8620535714285714,0.7236607142857143,1.1810524092855763,26.160714285714285,0.9164540816326531,0.95,0.06760204081632654,0.9652777777777777,2.030456349206349,0.6989831349206349,2.125,2.0833333333333335,4.208333333333333,1.5520833333333333,0.71875,18.5,0.7708333333333334,0.8926504629629629,1.9065393518518519,0.6391782407407408,1.5805576533947296,0.8,0.5208333333333334,3.4166666666666674,1.4634146341463414,0.04555555555555556,1.3333333333333333,2.0497120352661495,16.4,0.5466666666666666,0.5066666666666667,2.1,2.466666666666667,4.966666666666667,1.8416666666666666,0.725,0.7641203703703704,1.6252314814814814,0.5488425925925926
1,1261,10,172.4,199.7,350971.0,1.1567796494470386,11.75,3.2340330601592115,206.0,9.919999999999998,186.9,189.5,158.0,48.0,6.125,187.3422002646494,-0.7962998455199756,350971.0,0.5399999999999999,165.49000000000004,0.6554275818804106,16.42000753718469,13.0,5.0,10.762125834555079,28.284271247461884,5.656854249492377,10.0,0.2802495608198966,nan,nan,nan,nan,0.0,nan,nan,nan,nan,nan,nan,nan,nan,nan,nan,nan,nan,nan,nan,nan,nan,nan,nan,nan,5.4,0.54,0.29000000000000004,3.9,1.0,3.9,0.3861111111111111,0.3861111111111111,1.1567796494470386,10.0,1.0,1.0,0.0,1.0,3.9,0.3861111111111111,3.9,1.0,3.9,0.3861111111111111,0.3861111111111111,10.0,1.0,1.0,3.9,0.3861111111111111,1.1567796494470386,1.0,0.0,0.0,1000000.0,0.0,0.0,1.1567796494470386,10.0,1.0,0.0,3.9,1.0,3.9,0.3861111111111111,0.3861111111111111,1.0,3.9,0.3861111111111111
2,1383,11,77.2,88.0,156437.0,0.2580186686648148,7.5,4.000502273715545,91.0,4.177693761814745,82.30434782608695,83.0,67.0,24.0,2.8703703703703716,82.4718660856669,-0.7403091324216368,156437.0,0.9168241965973536,27.60302457466919,0.8897262331529642,14.068506175592152,14.212670403551895,13.5,12.517119005698818,61.154328932550634,4.529950291300047,23.0,0.2129828388177454,4.0,0.0,0.0,0.0,0.0,1.0,0.0,-3.203426503814917e-16,0.0,1.0,1.0,1.0,1.0,0.0,0.0,0.0,2.0,1.0,-3.203426503814917e-16,0.0,1.0,4.0,-3.203426503814917e-16,0.0,21.08695652173913,0.8755555555555555,0.04158790170132325,3.855006835269993,1.3611585782638416,5.299641148325359,0.37653793574846206,0.2862482911825017,0.7585997291307179,17.14741398951925,0.8228859071081254,0.9021739130434783,0.12179804367585421,0.9243302384749754,3.5523277891698943,0.2673308508012455,3.8,3.1333333333333333,12.333333333333334,0.8333333333333334,0.3,7.4,0.49333333333333335,0.7282407407407407,2.712962962962963,0.23206018518518517,1.6879430945988982,0.6521739130434783,0.7822222222222222,0.0,1000000.0,0.0,0.0,1.8360168461385291,8.304347826086957,0.3610586011342155,0.6918714555765595,3.869565217391304,3.869565217391304,15.347826086956522,1.0,0.2826086956521739,0.5498188405797102,2.068840579710145,0.17006340579710147
0,1276,37,85.4,138.6,306219.0,1.836016846138529,22.5,4.140936642348795,149.0,17.91304347826087,113.0,117.0,45.0,104.0,10.269896193771627,115.38574246941167,-1.0200887995652157,306219.0,0.3270321361058601,544.8695652173911,0.6322239399378581,27.383617740253882,24.698178070456937,12.0,17.312578697495535,64.2253967444161,5.352116395368008,23.0,0.19120038361499894,20.25,2.25,-0.75,0.75,0.028306073806197086,-0.24999999999999972,0.75,0.4999999999999995,0.125,0.625,0.625,0.971153846153846,0.875,-0.7300555163353327,0.8824743074529442,0.75,4.5,0.40625,1.4999999999999987,0.8701562118716406,0.5,9.0,0.7499999999999994,0.375,7.521739130434782,0.3197278911564626,1.0850661625708884,17.25465838509317,1.0952380952380953,19.63561076604555,0.11440044858523118,0.11059092477570737,1.8942111864953577,22.023809523809526,0.9773242630385488,0.9782608695652174,0.045351473922902494,0.9894179894179894,16.990108120542903,0.11016764435242696,16.714285714285715,1.380952380952381,26.238095238095237,0.13075396825396823,0.11551587301587302,19.095238095238095,0.909297052154195,0.9576719576719577,15.656084656084655,0.11382275132275131,2.0687942075658436,0.9130434782608695,0.18140589569160998,0.0983606557377049,0.4791666666666667,3.2043478260869565,6.956521739130435,2.315127716080001,17.608695652173914,0.7655954631379962,0.23062381852551983,17.434782608695652,1.608695652173913,32.65217391304348,0.13329710144927534,0.10894927536231883,0.8961352657004831,14.83816425120773,0.10479468599033816
1,1361,18,163.0,186.2,1201608.0,1.240036250108664,12.0,3.5197290609002985,203.0,7.9171597633136095,175.23076923076923,176.0,157.0,46.0,5.53125,175.52909029121508,0.6592217699737201,1201608.0,0.452991452991453,104.63905325443787,0.7313423627030503,89.85347682256422,67.54257916307313,21.0,65.7136540364979,107.82337649086308,5.134446499564909,39.0,0.1506612796210994,2.1666666666666665,0.020833333333333332,0.0,0.08333333333333333,0.0059564951083688755,0.5555555555555557,0.16666666666666666,0.33333333333333287,0.08333333333333333,0.9166666666666666,0.9166666666666666,0.9833333333333334,0.9583333333333334,-0.050355213263010956,0.1554146816218722,0.16666666666666666,1.4166666666666667,0.7916666666666666,0.49999999999999956,0.11111111111111104,0.8333333333333334,2.8333333333333335,0.33333333333333287,0.0625,17.666666666666668,0.44907407407407407,0.34845496383957925,2.8105600539811064,1.0592105263157894,2.9289811066126856,0.6498725446093867,0.6054646498725446,1.3525227278081244,36.78947368421053,0.9615650969529087,0.9807692307692308,0.019217451523545703,0.9851973684210525,2.780954790823212,0.594362676188334,2.861111111111111,1.25,3.361111111111111,0.7839506172839505,0.5964506172839505,30.5,0.8472222222222222,0.9375,2.736111111111111,0.5495756172839505,1.6531650310498727,0.9230769230769231,0.07638888888888888,0.3083333333333333,1.0540540540540542,0.19023199023199025,3.615384615384615,1.8340340410640983,28.846153846153847,0.7396449704142012,0.13017751479289943,2.7948717948717947,1.4615384615384615,3.717948717948718,0.9544159544159544,0.6082621082621082,0.8846153846153846,2.5641025641025643,0.5217236467236467
2,1270,25,159.1,222.5,2328410.0,1.9555943921867718,41.75,1.9258354381696494,237.0,21.056191467221645,192.25806451612902,196.0,146.0,91.0,16.065104166666668,193.79112466777212,-0.05833600645213002,2328410.0,0.2825182101977108,591.8366285119668,0.7173140745182267,120.3460918138249,82.03657720797473,37.5,86.32594547131936,164.59292911256387,4.389144776335036,62.0,0.13188924793909015,10.920454545454547,0.7428977272727273,0.0,0.24431818181818182,0.0034011949917760395,0.6666666666666664,0.125,0.24999999999999958,0.0625,0.9375,0.9375,0.9951923076923077,0.9791666666666667,-0.2877664099472566,0.3433620060113046,0.125,3.1875,0.7652376033057852,0.5914641543643053,0.33333333333332993,0.8295454545454546,6.375,0.46646415436430533,0.09232954545454546,17.516129032258064,0.2693526482571299,1.0543704474505724,11.370913693346191,1.4172372227579557,17.69005544840887,0.17623279291224686,0.14448630196614165,2.153611323149011,54.00560912889746,0.9227814922650324,0.9395161290322581,0.26429168370216277,0.9680712090163934,10.949216489874638,0.14107346139873297,10.76595744680851,2.893617021276596,39.212765957446805,0.3033510638297872,0.15629432624113476,33.170212765957444,0.7057492077863287,0.8643986406619386,9.059101654846335,0.1406428228427896,2.7515775579211716,0.7580645161290323,1.1534631054775917,0.041237113402061855,1.9375,0.28130523376082195,15.56451612903226,3.036409370624228,29.451612903225808,0.4750260145681582,0.4755463059313215,11.564516129032258,2.6774193548387095,35.596774193548384,0.2892159498207885,0.1408557347670251,0.7060931899641577,7.563620071684588,0.11160618279569892
2,1270,35,144.0,195.0,2332004.0,1.7385253001340226,24.0,3.370706886909987,226.0,16.014631915866484,168.39506172839506,166.0,112.0,114.0,10.63715976331361,169.67667146519045,0.1584276063200859,2332004.0,0.37722908093278457,433.2760249961896,0.8323698947376723,117.95341736416864,96.33794683301072,44.0,98.18087359536179,223.3036072312192,5.075081982527709,81.0,0.10530173613518357,11.0,11.900799999999991,2.1239999999999966,1.24,0.0034141137021795457,0.3770642201834863,0.35,0.36096404744368066,0.08000000000000002,0.825,0.825,0.9905405405405406,0.9500000000000001,-0.46240532370696225,0.6217163262005596,0.35,3.2750000000000004,0.525,1.2109640474436802,0.6499999999999991,0.575,6.55,0.8609640474436806,0.3975,30.555555555555557,0.3727435032731601,0.691358024691358,11.059904347879032,1.0969094196942297,12.175595618633594,0.1354091869738846,0.12492827021132227,1.9058166884914445,73.73310866348841,0.9384127817695532,0.9691358024691359,0.03079360911522341,0.9757726450764426,10.780981530190392,0.12230804102068168,11.014084507042254,1.4507042253521127,16.12676056338028,0.17552425665101717,0.1266901408450704,55.056338028169016,0.7754413806784368,0.9029733959311425,9.876760563380282,0.11622043992349157,2.332925556803132,0.8765432098765432,0.14917675064471336,0.10409556313993173,0.4426229508196722,1.1535382412622555,7.37037037037037,2.5594350411477893,51.46913580246913,0.6354214296601128,0.2106386221612559,11.074074074074074,1.7654320987654322,19.814814814814813,0.20727023319615911,0.12440329218106998,0.8223593964334706,9.012345679012345,0.1052107148300564
2,1263,19,89.0,103.0,443730.0,0.7765557854444594,6.0,3.26624476752353,111.0,4.585069444444445,95.95833333333333,96.0,82.0,29.0,3.13375,96.14767287875459,0.24048652188529443,443730.0,0.6467013888888888,36.37326388888889,0.8660015880727099,51.66835086826693,44.91102314577124,33.5,44.74487390501714,120.02438661763965,3.582817510974318,48.0,0.17094556593042648,1.4338235294117647,0.1852110921205447,0.09617341746387144,0.1282439446366782,0.012880678530092593,0.07526881720430094,0.3897058823529412,0.33068923972434905,0.076340830449827,0.8051470588235294,0.8051470588235294,0.9220588235294118,0.8700980392156863,-0.3818745672141229,0.4805722629399968,0.3897058823529412,1.2095588235294117,0.6646842560553633,0.799757490693058,0.4919354838709654,0.7205882352941176,2.4191176470588234,0.41005160834011695,0.12948745674740483,31.041666666666668,0.5481569560047562,0.17664930555555555,1.7611297409805735,2.090685707678076,2.922127948658649,1.8828251474329325,0.8097175647548567,1.0403927913835227,40.45900786308973,0.9223141535695398,0.9010416666666666,0.7452225161972716,0.9640801110484762,1.7076317270290498,0.7781922070533328,2.0344827586206895,5.931034482758621,7.275862068965517,5.594827586206897,0.7413793103448276,18.724137931034484,0.6456599286563615,0.8238745210727969,1.780771072796935,0.5846503831417624,1.898246721962492,0.6041666666666666,3.1914387633769326,2.5833333333333326,0.6193548387096774,0.06727430555555555,0.5714285714285714,2.1441856005858404,17.541666666666668,0.3654513888888889,0.7065972222222221,1.6875,3.9166666666666665,4.979166666666667,3.6510416666666665,0.828125,0.5717592592592592,1.1655092592592593,0.42332175925925924
