group_name,day_of_study,original_firstorder_10Percentile,original_firstorder_90Percentile,original_firstorder_Energy,original_firstorder_Entropy,original_firstorder_InterquartileRange,original_firstorder_Kurtosis,original_firstorder_Maximum,original_firstorder_MeanAbsoluteDeviation,original_firstorder_Mean,original_firstorder_Median,original_firstorder_Minimum,original_firstorder_Range,original_firstorder_RobustMeanAbsoluteDeviation,original_firstorder_RootMeanSquared,original_firstorder_Skewness,original_firstorder_TotalEnergy,original_firstorder_Uniformity,original_firstorder_Variance,original_glcm_Autocorrelation,original_glcm_ClusterProminence,original_glcm_ClusterShade,original_glcm_ClusterTendency,original_glcm_Contrast,original_glcm_Correlation,original_glcm_DifferenceAverage,original_glcm_DifferenceEntropy,original_glcm_DifferenceVariance,original_glcm_Id,original_glcm_Idm,original_glcm_Idmn,original_glcm_Idn,original_glcm_Imc1,original_glcm_Imc2,original_glcm_InverseVariance,original_glcm_JointAverage,original_glcm_JointEnergy,original_glcm_JointEntropy,original_glcm_MCC,original_glcm_MaximumProbability,original_glcm_SumAverage,original_glcm_SumEntropy,original_glcm_SumSquares,original_glrlm_GrayLevelNonUniformity,original_glrlm_GrayLevelNonUniformityNormalized,original_glrlm_GrayLevelVariance,original_glrlm_HighGrayLevelRunEmphasis,original_glrlm_LongRunEmphasis,original_glrlm_LongRunHighGrayLevelEmphasis,original_glrlm_LongRunLowGrayLevelEmphasis,original_glrlm_LowGrayLevelRunEmphasis,original_glrlm_RunEntropy,original_glrlm_RunLengthNonUniformity,original_glrlm_RunLengthNonUniformityNormalized,original_glrlm_RunPercentage,original_glrlm_RunVariance,original_glrlm_ShortRunEmphasis,original_glrlm_ShortRunHighGrayLevelEmphasis,original_glrlm_ShortRunLowGrayLevelEmphasis,original_glszm_GrayLevelNonUniformity,original_glszm_GrayLevelNonUniformityNormalized,original_glszm_GrayLevelVariance,original_glszm_HighGrayLevelZoneEmphasis,original_glszm_LargeAreaEmphasis,original_glszm_LargeAreaHighGrayLevelEmphasis,original_glszm_LargeAreaLowGrayLevelEmphasis,original_glszm_LowGrayLevelZoneEmphasis,original_glszm_SizeZoneNonUniformity,original_glszm_SizeZoneNonUniformityNormalized,original_glszm_SmallAreaEmphasis,original_glszm_SmallAreaHighGrayLevelEmphasis,original_glszm_SmallAreaLowGrayLevelEmphasis,original_glszm_ZoneEntropy,original_glszm_ZonePercentage,original_glszm_ZoneVariance,original_gldm_DependenceEntropy,original_gldm_DependenceNonUniformity,original_gldm_DependenceNonUniformityNormalized,original_gldm_DependenceVariance,original_gldm_GrayLevelNonUniformity,original_gldm_GrayLevelVariance,original_gldm_HighGrayLevelEmphasis,original_gldm_LargeDependenceEmphasis,original_gldm_LargeDependenceHighGrayLevelEmphasis,original_gldm_LargeDependenceLowGrayLevelEmphasis,original_gldm_LowGrayLevelEmphasis,original_gldm_SmallDependenceEmphasis,original_gldm_SmallDependenceHighGrayLevelEmphasis,original_gldm_SmallDependenceLowGrayLevelEmphasis,original_ngtdm_Busyness,original_ngtdm_Coarseness,original_ngtdm_Complexity,original_ngtdm_Contrast,original_ngtdm_Strength
0,14,0.8983852717096446,0.8928061649046782,0.05908869631084449,0.5725148812194077,0.2129354362633052,0.18097427821713669,0.889381832502532,0.2463515143201406,0.8912246428855959,0.8930004679203539,0.8563494856187899,0.30581774410232887,0.21055623704765228,0.5652787084167541,0.5111489253892427,0.05908869631084452,0.2793045811116316,0.09383722340823342,0.1998843514843519,0.07592653176082415,0.7210765459549029,0.36095976096729615,0.2391478105031665,0.8566108996001471,0.2391478105031665,0.3978516598678077,0.29608103198111757,0.7608521894968341,0.7608521894968341,0.7608521894968305,0.7608521894968323,0.3126905222376094,0.8838229780953818,0.2391478105031665,0.28991715372290106,0.24155615864200802,0.623722292817186,0.8848609205939553,0.3359035246011196,0.28991715372290106,0.6145948353445224,0.3741603260503348,0.07182158337279314,0.27746094132918664,0.3715826544820682,0.18947386412701284,0.08282531551763754,0.04498374448671317,0.10454011809519066,0.47639237900907794,0.7534541762984084,0.13663343821492627,0.21759562653545805,0.4407282836256309,0.02267848174442834,0.47930166083080683,0.20964146602190487,0.519268605970952,0.15508021390374332,0.24362815065613308,0.3838914849428867,0.1724137931034483,0.0060966049622095545,0.004879659182784792,0.01247307493929493,0.4984653750239785,0.061310939357907254,0.11146798652064027,0.02117710159845946,0.01410388526877658,0.011576555558478538,0.7505583809815217,0.4543795620437959,0.00234924857277924,0.6488438313203512,0.05499025649174245,0.3671248975226784,0.6533007330681573,0.043471000146323886,0.379308984505155,0.20166900689303036,0.5604918305604039,0.1832322988555429,0.38068526480121384,0.46469613831659595,0.33346816942844704,0.18357088393983084,0.5164244096874571,0.002876161127096716,4.9512144182619615e-08,0.09596184182437033,0.23741271491699414,0.05073468256168558
0,18,0.746320433269942,0.7874025119775757,0.05504920303177984,0.2984773143398491,0.3227120313833289,0.1092431715493845,0.7925784398407226,0.3789080214917994,0.7646102990404302,0.776594293068727,0.7044781023001906,0.3834321690256809,0.3464960544025758,0.23631879184982063,0.5567454577277194,0.055049203031779854,0.7006093631424652,0.17737420928844908,0.2825536609143694,0.07151518096030987,0.7027650891640556,0.15077693720907376,0.09684044377088107,0.860698551211629,0.09684044377088107,0.197467299207532,0.12380263596207322,0.9031595562291201,0.9031595562291201,0.9031595562291166,0.9031595562291184,0.26883166893746047,0.7426033595631545,0.09684044377088107,0.40575389607646706,0.6836605330021119,0.3151986771738916,0.8881432373262966,0.797298391270331,0.40575389607646706,0.3133520600768796,0.1560159529621225,0.19535251849644747,0.6437594117031016,0.18320507638317696,0.2640471425002534,0.2999549938844392,0.18570321087955646,0.15983799922289238,0.2703104633928362,0.5189710634857694,0.2971568345156125,0.43135647872333216,0.20701930770592236,0.16154254265180226,0.14836975511194794,0.16920832975611194,0.19307846215061117,0.277072192513369,0.5559671969878709,0.22536588618355985,0.24460676065907933,0.033651866332884126,0.03323875034146306,0.036893339501493747,0.28846319215224536,0.29521505596785436,0.46407123545103646,0.0035405533631836946,0.0026333883950033373,0.0029899240824786287,0.43950132687810595,0.21901388292543222,0.021159222157213685,0.3234050694860029,0.15196559980560098,0.73600574774161,0.48321640902066476,0.15448975838567158,0.15757219410655507,0.2819835107900704,0.7881454331686806,0.2998047606092735,0.23551668432938588,0.2515118481391936,0.13666523450228063,0.19441031349099758,0.22307494626687913,0.001315367507224746,6.221368853367693e-08,0.0378663150159126,0.03818996381864234,0.061657681940700745
0,20,0.8261676203337687,0.8572990175409376,0.12643646171304074,0.493611776712611,0.2817110172955298,0.06689275093574225,0.8603112622279314,0.3110637642767643,0.8412408835638807,0.8357159092018502,0.8325451787130412,0.2879071829636377,0.28595283072482947,0.4344420677897961,0.6605049805675939,0.1264364617130408,0.4120425377394238,0.12696984471211425,0.0763563266441214,0.08907778335527845,0.9600995427261082,0.29405902327070754,0.13579481080723516,0.8982125949196116,0.13579481080723516,0.25873538427056375,0.17219236359576665,0.8642051891927665,0.8642051891927665,0.8642051891927629,0.8642051891927647,0.23332580755518229,0.8722710595552398,0.13579481080723516,0.11149869827902747,0.40918914786228106,0.49822337904265374,0.9182663948416948,0.5561087356553848,0.11149869827902747,0.49729459896491107,0.2994979818804122,0.21520383682082428,0.3619351455027565,0.3281398140634216,0.08992934407640586,0.21868087119681168,0.03876894477355571,0.4111626761574792,0.7514818725734332,0.6538335646697344,0.4237264245909336,0.38288926811692425,0.32824244088272636,0.14579935390568097,0.3732627100690594,0.11836262019468362,0.6704861298539597,0.4294786096256685,0.28122190012411596,0.36481102825963746,0.1070154577883472,0.018443558915186058,0.005253978524421936,0.07079036235380312,0.6887026465666073,0.2998277912173521,0.2092546382881533,0.20443853425038258,0.09111491725052366,0.1503602282097111,0.7415945546088744,0.39562043795620344,0.016121206497488084,0.5251733626384433,0.17854828603673695,0.5704441952604271,0.6557738729311358,0.15173464139427253,0.30944771133175647,0.07951729149074054,0.6744588626364953,0.07371890000011083,0.7306630467049232,0.7889318053310185,0.3231112495704268,0.09491221536752349,0.8145628614814907,0.01811174927306671,2.2685322651517723e-08,0.05972446359418489,0.12046687029308575,0.030118499012508175
0,22,0.7864147994587829,0.8181846239741127,0.13904663669962042,0.20650042831572504,0.2653874364588697,0.10261584737370637,0.8257534132318192,0.29950853166688823,0.8073231621963766,0.8094995448236617,0.7830918860602818,0.30660996962465015,0.2589061565248914,0.3446975904680608,0.558805007496306,0.13904663669962045,0.8474970572513252,0.12844506644026255,0.32222250315484524,0.04561898671862489,0.8143660925716236,0.07290663116325038,0.10327173744123376,0.7114345351688486,0.10327173744123376,0.2081340075053569,0.13190866000086177,0.8967282625587654,0.8967282625587654,0.9483641312793836,0.9225461969190754,0.4115399228987042,0.5895906274416168,0.10327173744123376,0.45501824925696766,0.8256574066510272,0.23767200042103015,0.7967845252509079,0.8955423020784105,0.45501824925696766,0.23279520044099503,0.08052228073954805,0.3689277284624729,0.7415394638196817,0.14236363434891577,0.313518112856132,0.5784790560593007,0.3632030145053498,0.2505228837574852,0.18916660006406927,0.4745338480075058,0.5196830654204692,0.42654677170686073,0.18054961585967577,0.4987923045962666,0.128622594760742,0.21164977552802755,0.1261007123597333,0.3804875015545331,0.4513309109851119,0.3297260959447643,0.30702256844999426,0.1695774003197643,0.1717867045946091,0.16392423497706682,0.2253891211149229,0.15761966650996873,0.14455456010512288,0.08097708799480426,0.1428498076273095,0.016130015181501305,0.6398437235158885,0.17237349298778015,0.18552030931948518,0.23637650806952537,0.27616440381322216,0.7865951600621639,0.44936778982532233,0.30782855846104185,0.08344183063331644,0.32108957497282087,0.8138275378299946,0.33894162473979006,0.1738797513498973,0.17897844590420997,0.1272904563852265,0.23390583660209752,0.14437231705873804,0.001041037466843535,2.8070524649317558e-08,0.11908300233306979,0.007395196795153482,0.06932097813319413
0,24,0.7980103309116259,0.8227590801249365,0.13174162572704767,0.22916094669278292,0.18982294041607453,0.12488054617633092,0.8456371319674718,0.26061625164471686,0.8020996229889599,0.794373308063749,0.769767990121432,0.37482862666738326,0.21518091653038232,0.329526157659748,0.7754097600467822,0.1317416257270477,0.8148193148308962,0.11083919372646091,0.3415468797679515,0.05658078941945326,0.8697390461112241,0.09270111067209938,0.056252309177748885,0.8672499317106024,0.056252309177748885,0.1285933144480346,0.07271119229171537,0.9437476908222511,0.9437476908222511,0.9718738454111282,0.9578107681166887,0.2371511344730719,0.6798286973188401,0.056252309177748885,0.4738932367452724,0.8116029915157146,0.229257581838665,0.9143637760886424,0.8855787340592022,0.4738932367452724,0.22954823187528298,0.09562617767941746,0.40260860576343843,0.7519684768515666,0.13356756136651682,0.33465132057962554,0.30930007029283374,0.20876972955268708,0.1316341133687437,0.1617948606232933,0.4057955066317143,0.6222669863279455,0.5685279460459773,0.26441076169943256,0.237901213109036,0.2079008981608248,0.25897825904942134,0.11068025084312316,0.6548007802226703,0.6353664514976364,0.20034811263176658,0.33432932245820884,0.03664823006922246,0.03835966617906732,0.03460239989259363,0.15275493485705668,0.49194947466910965,0.34511811307076323,0.06855538196499543,0.07446823151850124,0.01565467824503051,0.5500557845065064,0.2869732913072329,0.03291683696541397,0.2577318112061432,0.26605760816571944,0.7354881299677782,0.5457538155974737,0.297061241715878,0.10006131415589647,0.34053484809803414,0.7323405767388889,0.34080316106444597,0.14954090434254808,0.1616015209554913,0.1937910296874198,0.26498492460544176,0.14174374523252886,0.0006235997351710994,5.819747021037849e-08,0.07907167985738123,0.005365242846138112,0.11781031854288694
0,24,0.7106333965267763,0.7916218021935584,0.08906674348612004,0.5077529995355579,0.34837105726965684,0.08694378765151518,0.8043100447466862,0.399360490000104,0.7438054278463632,0.7378211049215037,0.6640747358202309,0.4852014760335056,0.34132366684150306,0.18676240369364405,0.6885469011041591,0.08906674348612006,0.3889017633111068,0.22636272772872693,0.228689434741923,0.08668304858546831,0.67880178447108,0.3164752083461461,0.1530776333627469,0.8937567180516968,0.1530776333627469,0.28384068592350914,0.19333686648832574,0.8469223666372532,0.8469223666372532,0.846922366637255,0.8469223666372514,0.24407930438892922,0.8813233662422083,0.1530776333627469,0.329663580746529,0.3609953042178928,0.5311582909928577,0.9146883993100419,0.5012865339751716,0.329663580746529,0.5292113710354148,0.3229528636647206,0.30826837464784596,0.4030284655897828,0.3070066105691932,0.22423814201002656,0.26270418548430813,0.1244932285894415,0.25732380062545973,0.38032192136754284,0.6599891565815232,0.5800732330362433,0.3887324529477564,0.2736143417396718,0.1677589782229312,0.2543804921989472,0.17263367298300447,0.32867740908046617,0.5069184491978609,0.39144482064219177,0.3088681204569054,0.21674876847290642,0.028975515543799332,0.02133309803761891,0.05999551024711688,0.369499328601573,0.2994946492271106,0.20024805766170542,0.023170370302342043,0.010747973078796502,0.018013427814900864,0.71365981024829,0.2607723098657877,0.020593389674333537,0.5161645025791751,0.265922197196353,0.627121899129651,0.5354047300010985,0.21479364886722863,0.3216269252118816,0.23154652589621744,0.7219393903688447,0.23344737159695864,0.35944896354620015,0.38539019266670904,0.19094917869935546,0.17474901921134162,0.3625774465482309,0.005277738674029061,1.0992805639252707e-08,0.059532545925557824,0.1258080131326291,0.020950200343445906
0,24,0.6814147002580784,0.7837729101978372,0.07746254705088691,0.6332906013562883,0.4694235541748544,0.0630196347772266,0.8488473395998699,0.5049987845221724,0.72946695962033,0.7141562663951923,0.6611016629480196,0.587205141820575,0.46297821838840164,0.15819566244966798,0.7290935699869495,0.07746254705088693,0.22532985619870782,0.3089281939392854,0.18522906626431906,0.10418502836471753,0.7818194861896902,0.41262594659918467,0.20414288978416678,0.8913722146861875,0.20414288978416678,0.3532528633917159,0.2547583839363945,0.7958571102158327,0.7958571102158327,0.8979285551079208,0.8468928326618741,0.259091532903854,0.920523247953178,0.20414288978416678,0.2657209550186119,0.2020624397172786,0.6640421995601975,0.9195015589837815,0.22205251103728896,0.2657209550186119,0.6601374460625896,0.421481993569778,0.274259844984788,0.23385516158029085,0.4225901024277977,0.18969409574762403,0.11308371634151577,0.04624631725863331,0.1667351270727676,0.49450658096572,0.7626186678527336,0.6019681467853043,0.3332393538307288,0.39956679746637536,0.045697712843335445,0.43058110377490555,0.20171378894459807,0.5201497745655955,0.5463705684293919,0.19794643324132222,0.47424101922005857,0.20069330414158,0.0097117098228275,0.005576397921478814,0.02740356622911062,0.46337859056063546,0.45635707050689217,0.22604365974067223,0.05786599989508867,0.08787617952819042,0.014742780431937557,0.7531258304623977,0.39981751824817546,0.005130446764515517,0.6493760494219022,0.2384316611781023,0.49225898097595366,0.6369140643380564,0.17063167422718933,0.42512391187436727,0.1882478086971322,0.6004607373333504,0.16932409955447977,0.4474876089607236,0.510812023328847,0.32440023016928066,0.184198958239765,0.5430872733673425,0.0034522560425417044,5.975708704977455e-09,0.2965005166022823,0.07538973983404751,0.052208402191876134
0,7,0.944004231869191,0.8958495851736913,0.0,0.0,0.1127545329060443,0.0829895171788068,0.8869007297216773,0.11782625541090891,0.913812231876705,0.9075258128203543,1.0000000000000002,0.028882892362993268,0.11366400055255635,0.6215961067805682,0.8239558667337255,0.0,1.0,0.023396167034125535,0.0,0.0,0.8156852976682494,0.0,0.0,1.0,0.0,0.0,0.0,1.0,1.0,1.0,1.0,1.0,0.0,0.0,0.0,1.0,0.0,0.9999999999999999,0.9999999999999999,0.0,0.0,0.0,0.0009949542527424946,1.0,0.0,0.0,0.08196041992656604,0.0,0.23251818807981417,1.0,0.0,0.003369153747114089,0.9957039969525809,0.3945498850259125,0.0,0.21491958691918345,0.017480889152664603,0.7806378527977909,0.004846256684491977,1.0,0.0,0.0,0.004258218918608336,0.00026746891405395414,0.021293080492910274,0.9999999999999999,0.022294887039239,0.9999999999999999,0.0019947722253302034,0.00042478216818546996,0.0036511554536062902,0.0,0.4543795620437959,0.0,0.03970391340344703,0.0008858540154234986,0.7710501838153874,0.549363074800038,0.0006371025085518981,0.0,0.0,0.5988956641590109,0.0,0.8670328454290727,1.0,0.24381790716845775,0.012880686331466662,0.9999999999999999,0.0,1.0,0.0,0.0,0.0
0,7,0.9446869164811957,0.9322588738376643,0.0008569402301343548,0.08577525865227766,0.3092543677047523,0.0,0.9183944958754701,0.3083131470909642,0.9388812304620482,0.9408598441649807,0.9993528802078548,0.09826192802169331,0.34977261605429655,0.6923243592050496,0.6736555175069817,0.0008569402301343556,0.9388140333328161,0.09296880186925671,0.3137555669034801,0.001306256951383641,0.8118771810086463,0.008184291908180426,0.09129952069006664,0.05269882018186739,0.09129952069006664,0.17915558854423408,0.11631355537351519,0.9087004793099336,0.9087004793099336,0.9087004793099354,0.9087004793099354,0.9980522102721574,0.018013871054403868,0.09129952069006664,0.45028673734546454,0.9411206536092127,0.07784462268814385,0.009815943687676451,0.9653487418695869,0.45028673734546454,0.06962707411502325,0.016216008749405226,0.0,0.7943062130234855,0.10578285347757868,0.2827392345389734,0.06646796871603007,0.05874388066778435,0.030071842476534674,0.21865520271172884,0.1997953553154826,0.0,0.5945153784930641,0.45612108315887034,0.007272824257338802,0.45800255849609106,0.22377523220820816,0.4436287402626776,0.0,0.30846002345703605,0.3509865005192108,0.19704433497536944,0.0020567352756481593,0.0026825195093639256,0.0013614906486173121,0.42681757145597543,0.0,0.29795001404099963,0.9999999999999999,0.21507782391641433,1.0,0.3224983960828619,0.7271897810218979,0.0015410847695692999,0.2036410884765415,0.0,0.4841477898375688,0.8165879582551605,0.00032953578028546444,0.03220276731922818,0.30961194791932595,0.5575573183585167,0.2825399455386345,0.12874549681405867,0.17817579459571392,0.9999999999999999,0.30361393597691305,0.9590620731847322,4.782239831937116e-05,1.8544640564324023e-06,0.04059556563647419,0.012271290353480091,1.0
0,10,0.8917012331648215,0.8391356583445458,0.09102455550569163,0.3736917241667633,0.09622964321501934,0.08574068130607478,0.8269691180064157,0.09116280760096077,0.8607461829611838,0.856525322894961,0.9248899907282364,0.041177287501272336,0.09363565237587701,0.4789926924515028,0.6313175880202819,0.09102455550569163,0.5964093922166884,0.014221256004809304,0.048251703253176376,0.08116206925963346,0.947702865557412,0.20439582576681986,0.1776864326642312,0.8154552764158409,0.1776864326642312,0.31844919626185814,0.2232090179732894,0.8223135673357671,0.8223135673357671,0.8223135673357689,0.8223135673357671,0.34888429728075443,0.7752499319434053,0.1776864326642312,0.07200889079909556,0.5496066171674836,0.4275627117567233,0.8518136349034156,0.6962465008474753,0.07200889079909545,0.41972200817290306,0.2156765064577439,0.16171953112705406,0.5497561024273674,0.23154848255838564,0.05434939370081919,0.24281707557641907,0.03964283426152125,0.45992924095455595,0.8498064265005519,0.6081176573880385,0.24928673204588583,0.31099779934570326,0.281908003170268,0.14118291655414678,0.3191833964043561,0.08752137169226591,0.6963090597364551,0.2688890805589098,0.455978957058813,0.2761142501483073,0.06674082313681867,0.021709063087973633,0.006356969933997381,0.0823573149373919,0.805857564525411,0.15390663956119827,0.2153988710510236,0.05691267615599424,0.032969514292156436,0.034116931140189176,0.6581861082823481,0.30211339331183085,0.015057780246081526,0.44066690182935864,0.11643193773511676,0.5725651693579175,0.6159667430824101,0.11786381810833338,0.21241364879248434,0.048197778318718035,0.7193857263371954,0.05007771818471496,0.8194566318268983,0.8720653348967224,0.24248671360312068,0.059207748400260926,0.8354670676945686,0.006696707113631029,3.134960169016732e-08,0.07391429694215354,0.10263687289027075,0.03668069753457606
0,10,0.8718876064678377,0.835320409531282,0.07456591855758841,0.280349098957548,0.11216000308733157,0.1313150830980191,0.8482063365239659,0.12529685918651515,0.8501716451186316,0.8457636678167485,0.9116484037276735,0.11216945266538034,0.11299707107036777,0.4516535488271495,0.7675538247029774,0.07456591855758843,0.7243155221131079,0.028834164799343958,0.029237477639703635,0.06758596811530229,0.9211700548717446,0.13536171519649282,0.070143939001487,0.8861792507150581,0.070143939001487,0.15399752570957953,0.0903969083396175,0.929856060998512,0.929856060998512,0.9298560609985174,0.929856060998512,0.22878620950177064,0.7341954039557446,0.070143939001487,0.042999891213647445,0.7239821477716848,0.27885915087572904,0.9086038181881984,0.8254387211004989,0.0429998912136475,0.27901444866708475,0.13855281257847984,0.17153196260211476,0.6652947490961603,0.17213002412454817,0.0379046773714516,0.10051839356201418,0.008897347113787708,0.2462768114132846,0.8952511047666725,0.40021018558835325,0.2961285128564502,0.6098827959875319,0.36646477710561565,0.016066115094394567,0.3131322777729061,0.07427495340137098,0.7311822811104948,0.29518108896451145,0.47991621598834955,0.26396505410948906,0.06269592476489028,0.01042076728184807,0.0022696455168055027,0.0434266583841213,0.8176237727359922,0.2891579288725543,0.3927170920354653,0.052965230776039554,0.04478864726733035,0.01529104168001544,0.484955024038143,0.3825873991548209,0.005320016336023668,0.3245683826721375,0.10683797100410587,0.650494611309228,0.6133530374486089,0.11553656601482165,0.1450954128616544,0.03092793894360614,0.6321758528833852,0.027053050162542377,0.820604730993594,0.9179058527361992,0.2800896952271176,0.05370036073106682,0.9035932675711763,0.0018201802648946303,1.1856854016932637e-07,0.029607738056095723,0.02941831259589864,0.0989189189189189
0,12,0.8247331510571597,0.8506028636234264,0.16204022128170162,0.39505209971600486,0.3436296270854124,0.04759203573486133,0.8568469405023595,0.33217107489832776,0.830843940176552,0.8226961722445085,0.8271331870128441,0.2906411935634514,0.3254754544942684,0.4072966118609679,0.7301143913894204,0.16204022128170167,0.5651658135455451,0.13302649547992468,0.04987017167571725,0.08810845524404227,0.9584097409034578,0.21577365918964767,0.06550748951057243,0.9320541509728997,0.06550748951057243,0.14583746525380517,0.08452047721737994,0.9344925104894273,0.9344925104894273,0.9344925104894273,0.9344925104894273,0.16264028153797572,0.8380504360548159,0.06550748951057243,0.07243144833600257,0.5826092261524172,0.3696745813163484,0.945440605425189,0.7159497561381715,0.07243144833600257,0.3730457452679668,0.2166910600326249,0.32345516912098193,0.4942249181324627,0.2601066962898243,0.06343998061799531,0.23370692359371886,0.03458302208635171,0.4551723455152065,0.8246847528014131,0.5314370603173719,0.6267193021533791,0.5620509627402188,0.27560552499633373,0.1425576484217816,0.21537091210766535,0.07534094036924675,0.5923405723348433,0.5060763127903918,0.37443602229411,0.31750082256051154,0.08237099248970364,0.03102013684105506,0.0083419641811473,0.11979472292141863,0.7603909520020881,0.524112590397848,0.37002286935847833,0.029566017847984714,0.020489684976928976,0.01456832560742488,0.5997091704667494,0.2869732913072329,0.02572477301901857,0.3924112226967207,0.2604564763930651,0.6942598584462027,0.5458140466005064,0.24184359868404506,0.22885744708433092,0.05284656624968083,0.7206489233811733,0.052274986672813994,0.8147475804349089,0.8597257385951868,0.18676890104250388,0.056269634556314854,0.773525505744478,0.005355611186292181,4.86128018098597e-08,0.026533207383852914,0.04066944654411003,0.04873501997336881
0,12,0.8113940390184815,0.8307136992446102,0.07299055456168393,0.23999277542783035,0.271232770423388,0.09266418755898427,0.8332599440127061,0.29296531863917863,0.8218420389572247,0.8208923450671961,0.8176200782909584,0.25758070541989586,0.25984685522021456,0.3825000352750869,0.5779683084928606,0.07299055456168396,0.7750185091396058,0.11975035505336201,0.024271851231222136,0.05850325560919137,0.9063033674760002,0.11336845946579092,0.08522336835332851,0.8384695686234753,0.08522336835332851,0.1781048604060873,0.10922765306708486,0.9147766316466708,0.9147766316466708,0.9147766316466708,0.9147766316466708,0.2901223698554283,0.6812272503843397,0.08522336835332851,0.03615220035097716,0.7560463290515282,0.25969765434085745,0.8702937314419813,0.8482560944045855,0.03615220035097716,0.2575501817285574,0.11842500650665978,0.22132950398368412,0.7322493936156005,0.13769702809218867,0.029402355770970653,0.08188227234655908,0.004618144664243262,0.21902489592118068,0.918747117827045,0.3446386029664326,0.3739881762043039,0.6540565992091494,0.41134202997126457,0.008947855745363957,0.30986063122145857,0.059725359880273,0.7741590521755654,0.4724536749160552,0.6802235370772124,0.1623004099209979,0.034368197960820246,0.005558386752390857,0.0009118210512183693,0.025110261413641557,0.9000263206027862,0.42723225396123105,0.44071409988231064,0.0745616737969626,0.017621262607526403,0.07423097719385788,0.39960337656023226,0.44197909754479003,0.001292679261977039,0.3039071629292236,0.12091670451168327,0.5968793697756201,0.5749177509200825,0.1405246132711855,0.11840993933656495,0.024700025529742167,0.5839331315881249,0.018935409973057468,0.8096101938042275,0.9344370299955764,0.29919857742795763,0.04157994243686791,0.9709723687513937,0.0021656483626961093,8.826419385992319e-08,0.03297085288759066,0.026057598217266314,0.07870967741935476
0,14,0.8517878236045401,0.8351767961187824,0.1307507475791365,0.27453545877359514,0.18942907284589258,0.06653967828816983,0.8334554268239358,0.19439616490670766,0.8434138378425218,0.844556455481023,0.886341951215146,0.12808782480271538,0.1881138463610716,0.43517895725337774,0.6033978605028657,0.13075074757913652,0.7317977250635395,0.052395628569463275,0.02926720067690433,0.06544938750637871,0.9183832738420414,0.13396461957956088,0.10592217931339246,0.8312079652867701,0.10592217931339246,0.21302846936506664,0.13527898967763924,0.8940778206866096,0.8940778206866096,0.8940778206866078,0.8940778206866078,0.3089619256575368,0.7082528750952061,0.10592217931339246,0.04364591327692374,0.7093074250542906,0.30026501642042364,0.8644627838952847,0.8162266014799245,0.04364591327692374,0.29693132280078305,0.14040945364961496,0.2981138368004919,0.6716916804132662,0.16884025218651272,0.03709932803383441,0.23730467859380588,0.02966701076103742,0.4770042588213746,0.8974766731989161,0.43022334635260046,0.47874267182624525,0.522543356785065,0.3124549541819682,0.1584450774782351,0.2714059120758906,0.06403647076624469,0.7068379135223373,0.559826203208556,0.5217396684223526,0.24273783991020922,0.05605571598437234,0.01941509032968706,0.004598870825571757,0.07800877396107538,0.8369394815348894,0.34672393292057896,0.24744582361232012,0.18601156750744377,0.0893085227672065,0.12942948370881008,0.609724400566712,0.38108726440788665,0.01674761877122095,0.3091620141578355,0.19576887648884192,0.682212062267344,0.6042825623812262,0.21047077890321814,0.14115745692547385,0.02998982620723291,0.6868281985096474,0.029945471971621423,0.8489310205759137,0.9203959496440561,0.2871755627468332,0.05277129450697016,0.9160487551823703,0.004772385954759441,3.4408609363079493e-08,0.04458392230168805,0.041843912892208505,0.03837282449150764
0,14,0.8142349657733208,0.8185996355131845,0.1253335088748783,0.024651610269902115,0.19011265961916127,0.10880172678723958,0.8153289544213631,0.2239688831123787,0.8233130082493156,0.82823803139448,0.8179808413731229,0.21809423000189918,0.19908077968576854,0.38320967701748765,0.5100963322480678,0.12533350887487835,0.9863756770007133,0.07537495763750279,0.0015359211574997172,0.003466514088669748,0.8212653361415377,0.00706035681356069,0.028758968341529155,0.33407261017016765,0.028758968341529155,0.07346543115457355,0.03739961574293944,0.9712410316584705,0.9712410316584705,0.9712410316584652,0.9712410316584723,0.6847226206820413,0.17944906930315999,0.028758968341529155,0.0026818495337428416,0.9732565921757006,0.044402103874453536,0.46527130442486014,0.9844855204594903,0.0026818495337428416,0.04240071541006041,0.00948684384045717,0.3979261567258837,0.9717473431221244,0.014529591325020524,0.0028293818703774842,0.2221619042130864,0.02084897680470453,0.4702739124293815,0.9921810540105411,0.11832321817411445,0.6250910552707756,0.8294285355350755,0.28715172207253314,0.12652773475351298,0.1601321758599925,0.01773419385263053,0.7039517277994649,0.7177946221370194,0.9423921842253281,0.029238462485402256,0.0055767264615670525,0.023751431088579026,0.0051882375331667625,0.09673125212292327,0.9837778557959237,0.8413164920467547,0.716580746145423,0.002270059154124203,0.0010481180399773398,0.0032631407468826056,0.17213408072851427,0.3048945105489447,0.01787869627340532,0.06996281333930554,0.22744658757366315,0.8034479572680062,0.5048260500915369,0.2766735549698084,0.007170613252129087,0.0013849010809922346,0.7055238478473478,0.006137512086242927,0.9210536376312533,0.9963239621787898,0.16899552024062225,0.009438492080097713,0.9150509705533999,0.000865724611688179,1.8672438590597156e-07,0.010241964318138341,0.00045039825817797273,0.16621253405994546
0,14,0.794163473745602,0.7840336526584932,0.13066723290683757,0.0,0.1409310251405302,0.10552636194772237,0.7980806648674243,0.1743961639706435,0.7937388432690844,0.7962860122305571,0.822726462149044,0.17179578985544428,0.15112880853677726,0.302562708607917,0.5714125926389658,0.1306672329068376,1.0,0.05037708038593099,0.0,0.0,0.8156852976682494,0.0,0.0,1.0,0.0,0.0,0.0,1.0,1.0,1.0,1.0,1.0,0.0,0.0,0.0,1.0,0.0,0.9999999999999999,0.9999999999999999,0.0,0.0,0.0,0.44962585829067897,1.0,0.0,0.0,0.5334287886969244,0.06648683917184409,1.0,1.0,0.14307281429214475,0.6635582420347388,0.7231146566593363,0.1399682643768727,0.4130487917651687,0.0088038820145393,0.0,0.5523264173527414,0.6009358288770054,1.0,0.0,0.0,0.07229622759798593,0.017411376177966613,0.2847183263246264,0.9999999999999999,0.3764206509415701,0.3848994173858407,0.00039375587536013505,8.384941014684443e-05,0.002048781148992135,0.35730152482967936,0.1583514520888337,0.057327391245676304,0.020053493805485934,0.3157221406884895,0.9501836866406721,0.40273085696965283,0.36155724282120283,0.0,0.0,0.8539946286693887,0.01320318724366816,1.0,1.0,0.0693160330240975,0.0,0.8189345524635256,0.0,1.0,0.0,0.0,0.0
0,16,0.7510634007351562,0.8344866099050996,0.13885701857000965,0.5441077170035655,0.4067674641283295,0.20549265144838985,0.879624069078613,0.45622843631445514,0.7891022875879561,0.7785171228482006,0.5846447044062626,0.7983478761195099,0.41144222191885954,0.3085047816723594,0.5797914497939595,0.1388570185700097,0.5121374920859056,0.27771201901130543,0.8651210885417737,0.3264819300297098,0.7432252807278871,0.33450379667908986,0.16159183389450138,0.8939641939125766,0.16159183389450138,0.295859488152302,0.20368661387231507,0.8384081661054985,0.8384081661054985,0.9524729900310334,0.9030448996633016,0.24370910385946154,0.8987070375099644,0.16159183389450138,0.9073112861366062,0.4778853984767268,0.5761497159536134,0.9317723857429098,0.6520075526157795,0.9073112861366062,0.5745507033169859,0.3413319019598474,0.38501122309558267,0.4867622540174117,0.3514187948465915,0.8360842681221871,0.12159771556101386,0.2391862751503033,0.011009667085673455,0.018090456602018454,0.6808400369070604,0.6558138642714992,0.38614549037741364,0.35350241960394035,0.03520483458036293,0.33808399402841793,0.6775391998942952,0.011755037830151055,0.7421195477095548,0.4321823374487914,0.39938789048774753,0.8202267196866283,0.010237446758784803,0.026564071906508297,0.003278144463648962,0.0,0.5630130510149993,0.2800140585280393,0.05400456662020494,0.12124863792809856,0.005006728759280932,0.6801281068495396,0.3708662297035597,0.004551847581069826,0.544966894927038,0.2730918840969067,0.5780973059192878,0.6043945443056384,0.25708357606898713,0.33396017953329976,0.8649190081955681,0.6447021758321207,0.8181666084965258,0.0128453622477782,0.020712415828739644,0.26862569753136845,0.6892160970015475,0.015724515227911767,0.0008469165339327562,1.0593241937870833e-08,0.40250821870470893,0.023397928607631423,0.12616107017008174
0,16,0.7582089380788968,0.8179868494354047,0.10017608326562784,0.24756181487944764,0.371196678540898,0.040513535013075114,0.8215112438824148,0.3990379079965675,0.7897575874183814,0.780787779732731,0.7844843551434553,0.29479708134517535,0.3892781858654068,0.3027551289484869,0.6674695880888782,0.10017608326562788,0.7931532337598661,0.18419537773014025,0.3027604953486375,0.06214288148301009,0.7522224802424634,0.10493591925992089,0.0693145713689957,0.8570858285985683,0.0693145713689957,0.15243353505574805,0.0893398621126038,0.9306854286310031,0.9306854286310031,0.9653427143155007,0.948014071473251,0.2581306698869532,0.6962638502137182,0.0693145713689957,0.43142612109085254,0.784047287560053,0.255855856004702,0.9000799766064042,0.8676963439234698,0.43142612109085265,0.2554273877527555,0.10875468898359505,0.3761856233281294,0.7422897922746887,0.13791805296679177,0.28917168317657,0.08466395070266826,0.06682877077410171,0.047203620976978306,0.2194116640209513,0.3508365422922262,0.6396858327956296,0.6771844743472906,0.4057957659634389,0.010945651732607023,0.30740899748018957,0.23943205829757258,0.21547276754305397,0.7454807021622879,0.6378892750427204,0.19772018365732474,0.2798600699650175,0.007521688372149536,0.0079107689729308,0.007851782801949009,0.22283477482436612,0.7069740991573179,0.4461458207809273,0.0308900016370272,0.020168437533814185,0.022218108938401038,0.43612570438796694,0.42448255174482463,0.003235273408590986,0.30496037364506323,0.20644163974300092,0.6170673352510447,0.5765190929979285,0.24122178188309795,0.11168318934246202,0.3014468019626426,0.589625471950072,0.2768089595005516,0.170955560821272,0.2114218125759637,0.2694672457221231,0.24738569821727258,0.22914083758077558,0.0005981509014002857,6.281242862202943e-08,0.09188253929029655,0.006779263576189568,0.12681893088886598
0,16,0.7444129758825889,0.8216396916365056,0.06053573411641285,0.44571419057764816,0.41066688935984114,0.07822096141857003,0.8331318513666897,0.424021713971631,0.7731746235232294,0.7692112502864766,0.7254673614451512,0.4315144892112389,0.3672272959099385,0.2649194174938436,0.6844998196352325,0.060535734116412866,0.582820292269199,0.2503069805228562,0.2972954180339431,0.13912522168415284,0.7445943938651727,0.23281369167680127,0.1412374051717105,0.8681724621097362,0.1412374051717105,0.26724998454771326,0.1789770334950225,0.8587625948282884,0.8587625948282884,0.9293812974141389,0.894071946121219,0.26561536402414376,0.8451690233096386,0.1412374051717105,0.41674346166701226,0.5563752838988834,0.4736051906228011,0.9099680701253959,0.7080931073495506,0.41674346166701226,0.47132252030394894,0.24015649043154486,0.21255760516256783,0.536500740690731,0.2649020999871047,0.28531649088272815,0.09758682892029556,0.07249055859792683,0.06528994064807316,0.26412002323733696,0.5956835946546519,0.35448677403200723,0.41698246960977836,0.3897207714468566,0.02287035355101548,0.39117592916341737,0.2631425851784265,0.285803680646487,0.37283868092691624,0.38837130963533406,0.36658590054228674,0.2758620689655172,0.009898116885347922,0.010121314942571936,0.01159715623654011,0.28246051537822103,0.28438367023384864,0.2688279405493671,0.024420066893384797,0.03703715034712315,0.007586596750077187,0.6551618854539837,0.3901889222842422,0.004977731673426191,0.4936604696363792,0.13542148421420852,0.5258818784927315,0.6270246352463469,0.1393912966182394,0.23971074050656374,0.296685638769166,0.6096430336554357,0.2761158463702452,0.21223789097170465,0.2553607424955695,0.29200769856232756,0.25277572177863017,0.28057272908083136,0.00101874714917653,3.7115481708179084e-08,0.18101288696637383,0.029942638318699814,0.0980528886211272
0,16,0.7903230103985184,0.8251057378156159,0.057241683260772426,0.21171716828399098,0.2590233290095782,0.0753332361698887,0.8416194732406231,0.29616412449973123,0.8185340305547532,0.8207223870372479,0.8276521794664278,0.2567062865141787,0.2633588467687186,0.37398668323580364,0.583774530324275,0.05724168326077244,0.808768803221277,0.12323009755511022,0.020721582479496486,0.05061064510660844,0.8938921061046289,0.09689838554564914,0.10325195920630822,0.7783549999193646,0.10325195920630822,0.2079132866071898,0.13183867794148474,0.8967480407936925,0.8967480407936925,0.896748040793689,0.8967480407936907,0.364337319892578,0.6280337482296556,0.10325195920630822,0.031378561548548345,0.7768107119223269,0.2486343748101786,0.8220227256250675,0.8627360860241761,0.03137856154854851,0.2440835763943,0.103958428750173,0.18692860732816718,0.7660683660548406,0.12030482845948463,0.025308366655384842,0.07753782590612511,0.0030707272356478715,0.21425872143992852,0.9300607832291377,0.30244961932637177,0.30917626442572127,0.6592036668373025,0.4287561062108888,0.008421427976766366,0.33893139890705437,0.05623014599792091,0.825823071494244,0.3816080977845684,0.6849964841543071,0.1598779324814037,0.03377902885292047,0.005992956252379674,0.0009646425642105257,0.027010527036648656,0.9017401551067387,0.3834720570749108,0.49452401010951974,0.005491405132750839,0.0032094403559180785,0.004753700168875792,0.3571169302287411,0.43922343876723347,0.0017625250640223768,0.2889825088412623,0.09770448699523869,0.5924393797213532,0.5736562460232308,0.1167177375108858,0.100646832427109,0.02071100331886648,0.5664033841265237,0.01418664944137879,0.810144739966349,0.9450253649446112,0.2882266591720982,0.03627534136799071,0.9753834729080165,0.0020294726566891853,9.002152018896674e-08,0.03963254868534727,0.025650040293621466,0.08306854289605078
0,18,0.6608924481667051,0.824376825813478,0.09056636714524745,0.7793681876982733,0.7899864562506451,0.021880553098306957,0.853423064380731,0.7574988274603336,0.7418090972051018,0.7209443201495231,0.6807655629427952,0.5599336623657014,0.7594568708395383,0.2156818978925762,0.7298693400826675,0.09056636714524746,0.12795899894885632,0.5900389316736832,0.20566559563300568,0.34189172615134944,0.9650122445049336,0.5940388372078239,0.11143091530585027,0.9576248800461591,0.11143091530585027,0.22237679740964436,0.14222073652867367,0.888569084694149,0.888569084694149,0.9442845423470736,0.9164268135206104,0.1365912623670048,0.9781128008440112,0.11143091530585027,0.27683875168327055,0.14806016524855964,0.7294424831445248,0.9708015183208888,0.09517757889621337,0.27683875168327055,0.7381480524553671,0.5903593291047665,0.2128867286590154,0.13593124296031167,0.6014517898268675,0.23327961440816997,0.1830182417653347,0.06387400938512686,0.28166557056474684,0.4644279699634646,0.7781344083691031,0.6103343637497444,0.48498336765766115,0.3344105752216274,0.10826141893325804,0.3546103387087698,0.25342923685321966,0.37002908927547273,0.3763223668914206,0.06530986157236429,0.7132523403745777,0.2641536374669808,0.018349051138149622,0.009157392359315319,0.05724984814622234,0.41620308203849354,0.39032208033914084,0.22938180495237645,0.1112584693438776,0.18962260566714123,0.018772795345658462,0.7840985166220942,0.34652435919198743,0.01366861490123637,0.6993690750654785,0.24176937437015614,0.5990187329167955,0.6259673662098955,0.14168089802477912,0.6037593238931097,0.21262861349751527,0.6658701934016718,0.19252204974969014,0.4904378275011636,0.5188148419235465,0.2840240359864591,0.21772928684846632,0.4816422990644318,0.0022884476935398027,3.168924956052757e-08,0.1352361702770309,0.06309468606245676,0.09940750479556869
0,18,0.6510742520152843,0.8069896894300699,0.08197755129555476,0.7184700450832707,0.7547018847185625,0.02916672361574385,0.8360295601588528,0.7677242168432801,0.7256276184808426,0.7114872780923033,0.5693768508574445,0.7328682286981105,0.7742019279292626,0.17677619806671374,0.6944441508372234,0.08197755129555476,0.1785348603331306,0.5931058109904769,0.6092647253243492,0.20267373216809426,0.7838677844313988,0.4883470057397893,0.095179339480455,0.9559339558085018,0.095179339480455,0.19591985139116244,0.12188620530167282,0.9048206605195439,0.9048206605195439,0.9720060766233942,0.942892396311727,0.12265467577419953,0.9679858327949419,0.095179339480455,0.7010610552600871,0.2025407843082178,0.6598420140728533,0.993588590211212,0.1656393326326684,0.7010610552600871,0.6683641902140033,0.4856439893529409,0.21808405922547233,0.1588550801201577,0.55236271363208,0.5970274397799992,0.2435774539626392,0.29916087494109217,0.06364693360749382,0.08356254610454454,0.7523311684550207,0.6036596472270905,0.47354123367289214,0.28201526072297745,0.15941969774856685,0.33750742758852714,0.542615468095849,0.0642412920819847,0.39022901650778896,0.08687963399761733,0.7052904537843498,0.601128007424859,0.024965164426273175,0.045475538890014156,0.015384113948761402,0.06707868011131599,0.354779506798325,0.20505115011447786,0.17600202014940738,0.3087441306977284,0.0312556438456632,0.8232199603756124,0.3317682276716141,0.02125897510401598,0.6209869101345084,0.26253290798566775,0.6873851444433459,0.6542715854153993,0.1581880709047175,0.5028984545149017,0.6052614216911016,0.7221709808491237,0.5958465478743442,0.08053321895129602,0.08730519710905937,0.2889805146807066,0.5220781651935114,0.08539911454820442,0.0006325273055506904,3.40212129273773e-08,0.2775988534262318,0.025175746890911847,0.17761498080662924
0,18,0.7349802190816943,0.8109295857711379,0.09618527072061019,0.37252355651201047,0.49096164250041724,0.030514493357699887,0.807884251967127,0.46468742784917133,0.7827664360215485,0.7898077537216246,0.7644825903631501,0.30311942686014093,0.4642899914755661,0.28914794305543134,0.60943936675583,0.09618527072061023,0.5980974680240683,0.24188430286237547,0.26900845899891973,0.08462756165630912,0.6789406802022991,0.20322136604697086,0.09587275699690784,0.8961490270835506,0.09587275699690784,0.19768026476068956,0.12282137134420126,0.9041272430030922,0.9041272430030922,0.9041272430030887,0.9041272430030904,0.22527669251877513,0.8113081524844635,0.09587275699690784,0.38636464347671984,0.5904024295882095,0.3767910014366469,0.9166093839512314,0.7247720189979697,0.38636464347671984,0.3768746938880083,0.20716262400120225,0.3015972240662522,0.5524940211476554,0.23014044365220898,0.25091528662838686,0.10991052618126619,0.07383498611662595,0.07883501091319667,0.306600111276169,0.5456590355603717,0.49973074102957366,0.43526801736988685,0.3456303029476714,0.022894088620757223,0.29700746286992297,0.19612259320224684,0.31100399324324046,0.5573195187165775,0.4165131447918742,0.29614485981308414,0.2216748768472906,0.009536474266046452,0.009309883528621356,0.012102721778119453,0.3551697678879724,0.4779466409036861,0.3161182998104465,0.19739927318572134,0.04657704033549363,0.1938853786036545,0.6092625646901008,0.3871112888711128,0.004385635413334298,0.4092978434853384,0.20698128973144583,0.6218557451689681,0.5906643530393663,0.20543363724453442,0.21152519813290802,0.267978359171997,0.6517063971502053,0.2602939066388432,0.24609709986846184,0.2886866815958429,0.31052469035746955,0.21417642014634974,0.3791098591744716,0.0020798309639038677,3.758541213509332e-08,0.038513491924658826,0.055101660832208244,0.04007758971310571
0,8,0.8957537370027229,0.8604114294729328,0.09218798827891422,0.5961838994171463,0.13193557413867366,0.09131478562554114,0.8584710569035197,0.13888952941343305,0.8791428828102468,0.8789376825098365,0.9342399565825854,0.0916749231640211,0.13116083906989953,0.5293217071930465,0.545295707896392,0.09218798827891425,0.23779307495050772,0.03185247415964683,0.18572876956903228,0.0718026975962812,0.7487240371681064,0.3769684379103249,0.24792670218420773,0.8575008734818876,0.24792670218420773,0.4047864111987404,0.30526939706346023,0.7520732978157927,0.7520732978157927,0.7520732978157945,0.7520732978157945,0.31027103682092216,0.8899972199352264,0.24792670218420773,0.2698193156808002,0.20921074096834918,0.6421807680998738,0.8855755549221802,0.25887036739408964,0.2698193156808002,0.6325872006279891,0.3905899134695449,0.10460439947550623,0.23462916962391067,0.39360989748771924,0.15533892679208233,0.2767954991899477,0.14077935885646348,0.24026809578852076,0.5707236653475244,0.7785073706710461,0.20368052357536567,0.18408923233955132,0.32824244088272636,0.18793245811800874,0.36989375789118517,0.12979856460823241,0.6284812929943242,0.15508021390374332,0.24362815065613308,0.3838914849428867,0.1231527093596059,0.036455734984286864,0.03195934126321653,0.055377840568178544,0.6417609821599846,0.0334423305588585,0.05662033136759329,0.16282176461631698,0.11614351745451629,0.06888671489516679,0.8311829800022371,0.24452554744525568,0.028285885513927175,0.6057254556649571,0.1049860600277488,0.5706834192854167,0.5380454277725857,0.07107696488075067,0.40115689255977016,0.18210561457944657,0.6655552189256195,0.18707379326625226,0.4394672247247128,0.5166245908558778,0.2700934757376555,0.1461378659487969,0.5657765613422976,0.0058101243851356515,2.4523711334728117e-08,0.09507390196586296,0.2527849478398467,0.031011692933401076
0,8,0.820097766655355,0.7987453759862985,0.032210807564766394,0.0,0.08698760854123258,0.13100754410312193,0.7982617568125224,0.12220299820164701,0.8129782531947018,0.8116724312887138,0.8652904123185748,0.09172226241208939,0.09662309993135922,0.3525583647589534,0.5214020385404142,0.03221080756476641,1.0,0.033187190570804624,0.0,0.0,0.8156852976682494,0.0,0.0,1.0,0.0,0.0,0.0,1.0,1.0,1.0,1.0,1.0,0.0,0.0,0.0,1.0,0.0,0.9999999999999999,0.9999999999999999,0.0,0.0,0.0,0.12120012372402099,1.0,0.0,0.0,0.1291290563686684,0.006946430275110667,0.3127033639781573,1.0,0.09734897661443503,0.18254981977615703,0.8008000278285214,0.29817757490476005,0.022213146318357968,0.1460147076259697,0.01163699405714215,0.7043128978028305,0.22292780748663102,1.0,0.0,0.0,0.011473989971051885,0.0020856660094991245,0.049230645102020625,0.9999999999999999,0.1888508078617892,0.5335861684978267,0.0008973167949629128,0.00019108155250682172,0.002552769180341378,0.22103623815950285,0.31204379562043766,0.0027120399672210444,0.04183786793491817,0.06845714441568425,0.8172455209086691,0.51024295609935,0.08302104757991788,0.0,0.0,0.6944864283611198,0.004947502475943735,0.916858339403972,1.0,0.17460890539928842,0.007772091094460129,0.9281878264039704,0.0,1.0,0.0,0.0,0.0
0,10,0.92273191723745,0.9110111393218409,0.024033945316009966,0.39607174870362327,0.17805466597199487,0.32380987063431405,0.9055013773391353,0.24388411922292427,0.91033565726731,0.9147996192652432,0.848831831365552,0.3549138843270816,0.18057814122803034,0.6172532464330927,0.35570227935088106,0.024033945316009973,0.5636566491391679,0.11230546530162085,0.25928733543681476,0.06966512591793586,0.7009281132562546,0.19534962155061672,0.41155014711060806,0.594812473562043,0.41155014711060806,0.5811252973730267,0.4861159172092023,0.5884498528893918,0.5884498528893918,0.58844985288939,0.5884498528893936,0.5974764580865142,0.656544826395867,0.41155014711060806,0.37778595248478997,0.4611888801548049,0.5274525958637758,0.6746411083493558,0.6326966638176202,0.37778595248478997,0.4956240975005668,0.22789630109533357,0.03869158576569586,0.4583318585066011,0.27856554389564947,0.23516308938355185,0.03863937030877895,0.036089984284047305,0.03631272676103689,0.3501310254882676,0.5578268408245124,0.06575832060210782,0.2811906362282407,0.6572536637265333,0.012593657591182842,0.9293416709381942,0.3322808706533031,0.7419602661117234,0.09692513368983958,0.30846002345703605,0.3509865005192108,0.19704433497536944,0.0016066250984248008,0.0019415193437722314,0.002029570943636504,0.42681757145597543,0.029726516052318658,0.11073668445193291,0.26401995813061185,0.06388156979790431,0.25689916837473054,0.6374661365731249,0.7271897810218979,0.0009658950834226391,0.5731855326090775,0.017995863778029697,0.2524319151719543,0.9725177266130942,0.0210545117678387,0.22965173493941013,0.2628542251723257,0.3759748068052351,0.21254484417998185,0.18666329638247875,0.3022880215343204,0.8497231508698627,0.31153838839924486,0.7363017617029839,0.0013779276221035138,6.775959979036466e-08,0.180398744198245,0.27076064757160667,0.06464146944542563
0,14,0.9058299573984792,0.8795967492979521,0.06865344247657054,0.5784871496717947,0.1680725778852669,0.07756454893766355,0.8770633178601528,0.16831139741609788,0.8892007306201601,0.8838323438538531,0.9179663186028744,0.16267510369382812,0.16111269654206054,0.5568918325687225,0.6524237653116188,0.06865344247657054,0.26890287475433505,0.04315045888634866,0.19508744354199892,0.07158076571909533,0.7318385260842128,0.35072604707131055,0.3946939587414386,0.7659275922251445,0.3946939587414386,0.5665364283755389,0.4692127730562003,0.6053060412585616,0.6053060412585616,0.6053060412585616,0.6053060412585634,0.4415822069468647,0.8366363240310608,0.3946939587414386,0.28568017777441235,0.19071475247014508,0.690310827829982,0.8120437224977467,0.290497283205583,0.28568017777441235,0.665233179291437,0.37816828052004936,0.08834552361175767,0.2574469147115741,0.3818753369996447,0.18031766318830073,0.08297459200040856,0.046461503997230306,0.10059274553434926,0.5016953758784513,0.8362989691400229,0.14165888484239483,0.04847689185541726,0.5030324722125524,0.04073789348461109,0.707780529510614,0.2365196665609849,0.7478605364473817,0.22292780748663102,0.2220175263891655,0.39485981308411217,0.14778325123152708,0.0063842737015003025,0.00514154623175573,0.01285928848871204,0.5701131785919815,0.024917814926208287,0.01251446611649263,0.43962650282752685,0.17204814501125365,0.3494985725026977,0.9588336304782556,0.5712982273201244,0.005239053719718399,0.7781051995206615,0.05469311078208707,0.1274356371810237,0.8412199117981323,0.05118564946434013,0.38478350338248113,0.197682264123418,0.5132662335722731,0.17496794271471175,0.37072281994573847,0.47527842278851695,0.6781858679654093,0.22804200551693127,0.8072448969454301,0.006180771595425616,1.557302501699972e-08,0.16944568156752496,0.4306335688468124,0.02432078373298399
0,16,0.8625624811792166,0.8581439424230957,0.12450437003516952,0.5515904235889029,0.24136873607837642,0.08179124897932878,0.8862193969099783,0.24304005536915976,0.8586065726308685,0.8520078407899188,0.8869027206185107,0.24121425824610684,0.22553395035139978,0.4776571246189223,0.775071527266053,0.12450437003516954,0.315358297849049,0.08226358152098255,0.101418597987077,0.08040873857188705,0.930521814939948,0.3454842459957508,0.20483122041914834,0.8709108996803263,0.20483122041914834,0.35430219080626796,0.25559445581998086,0.7951687795808535,0.7951687795808535,0.7951687795808553,0.79516877958085,0.28696066102818085,0.8839255856130257,0.20483122041914834,0.14850834820117664,0.2850194591937982,0.5897673654507847,0.8963435844794725,0.40422112980520464,0.14850834820117664,0.5835899603182488,0.35595216917812794,0.18428728288789162,0.30656298308309937,0.35661624706644696,0.10478909450205805,0.17252641429711074,0.043131329142539455,0.30049714923610543,0.7104172191198106,0.7308227579654294,0.3515234082980841,0.275100748997794,0.365533573262104,0.10587328846629937,0.4146187014386299,0.12579132773666046,0.7034920330988027,0.3748431190658082,0.31566056465385994,0.347331913883234,0.09651151100834418,0.016917367378553434,0.007124146934934843,0.056220065015927856,0.7192575860192532,0.18381906865005215,0.14561013787080432,0.08802499939167775,0.029796323938120213,0.07676879755228352,0.7904995593390609,0.36971432167128065,0.013033348384040399,0.5925151933543463,0.1520573808066819,0.4958219499898098,0.6082540354957542,0.12052340981764609,0.3603335639254043,0.10262296092188779,0.6327371452038597,0.09469915833789994,0.6506571967985043,0.727600843951148,0.2932395885475475,0.09884313532080817,0.7620044638072818,0.21284839303054817,1.551475994742845e-08,0.08195050124578404,0.19226486570685491,0.024626564392410177
0,16,0.8325593135305498,0.8081609007715458,0.07085514862812947,0.08425749009664725,0.1367224882003825,0.17096245872558302,0.8344459740886865,0.16488135879831642,0.8163529788518751,0.8123194165412884,0.8362278483281007,0.22497015626117092,0.13311918699043732,0.3628689565280724,0.6690108235996971,0.07085514862812947,0.9401465893818739,0.05071558029051181,0.005855339321131428,0.018831731229054467,0.8431553731487722,0.029548208395580842,0.011948984176698306,0.9111668117806881,0.011948984176698306,0.03494125930538338,0.01560356555880135,0.988051015823304,0.988051015823304,0.9880510158232987,0.9880510158233005,0.15602139681042704,0.46756708969383143,0.011948984176698306,0.008576114439274918,0.9413392310379367,0.07849260578201517,0.928668417028958,0.9655719117975629,0.008576114439274918,0.07943418126616361,0.029942008712903506,0.20909079965697833,0.9187949304159979,0.041761611294666094,0.008284745650896264,0.4307815675124389,0.05294877034590235,0.8209474671876541,0.9771052541691303,0.16626011933839252,0.341923248890048,0.8050865917070145,0.18748822611951976,0.3121531904768373,0.07341065571548777,0.011695934357566537,0.6035923535522358,0.3258175647881531,0.8849138352646694,0.05841121495327094,0.011367942402425169,0.045019132689473294,0.010676311618321471,0.1785781307727112,0.9669317829686138,0.2726836184030001,0.48280932987044056,0.013759847721887736,0.0030823459268749143,0.015247354898535395,0.3064064146064169,0.22400648824006514,0.03644701056717896,0.07910128413300255,0.14570822130357491,0.9124136814668542,0.4678036010552227,0.16255850093984028,0.031501430154432436,0.00617819760020423,0.8077989096034832,0.01615847264845205,0.9624607719350375,0.9836007868309347,0.11533965826585335,0.008409765861335544,0.8490736662975212,0.0003784924584788933,4.707313191727433e-07,0.006928889968251249,0.0011953017574529506,0.4463414634146341
0,18,0.846502805232668,0.8096654996828327,0.09304654537533225,0.0,0.14200397192519087,0.07468898991001137,0.8106239153032332,0.13142522579706312,0.8221380919503831,0.8147480213023643,0.881238154137534,0.08832665664728545,0.1329277830402486,0.37650830377610844,0.7562039962527131,0.09304654537533227,1.0,0.02604720318173519,0.0,0.0,0.8156852976682494,0.0,0.0,1.0,0.0,0.0,0.0,1.0,1.0,1.0,1.0,1.0,0.0,0.0,0.0,1.0,0.0,0.9999999999999999,0.9999999999999999,0.0,0.0,0.0,0.2880016791139412,1.0,0.0,0.0,0.28873711651721806,0.03045158846488498,0.5840319700851851,1.0,0.09418876534212556,0.4426817473063145,0.8207570869464542,0.22083114743649468,0.17318086768295066,0.08242563024330596,0.006243937698041241,0.6338761809957398,0.49916443850267384,1.0,0.0,0.0,0.029132585241059567,0.006535198345852443,0.11760007404820458,0.9999999999999999,0.5115437970669837,0.6473498913122613,0.001214168944390115,0.0002585544906793158,0.0028698900783343338,0.19915482559188893,0.25951511991658,0.020658880745369042,0.026097956465100824,0.17982417779581306,0.8797956196480288,0.47743690284130125,0.21248153269206443,0.0,0.0,0.7730525839666482,0.009013860273459448,0.9578099684178123,1.0,0.12493747776266051,0.004105642913541124,0.8766480975678129,0.0,1.0,0.0,0.0,0.0
0,18,0.8377555752915276,0.8325862116319589,0.08016811954631546,0.22765676396283654,0.16097123896345736,0.09273074742977393,0.8346674836677306,0.19157143394003479,0.8404842346739462,0.8432039924542822,0.8759266694867973,0.15040050732164065,0.17296630784161984,0.42753786485043166,0.5604407033819263,0.08016811954631547,0.7899277984198747,0.05498520089270978,0.022645656950010362,0.0479690201002913,0.8918099692999937,0.1013070696896141,0.20681389799970684,0.6085095126893761,0.20681389799970684,0.3551408479892282,0.2574808026112381,0.793186102000293,0.793186102000293,0.7931861020002913,0.7931861020002913,0.553503124266608,0.5628285385580079,0.20681389799970684,0.03587734853165958,0.7203113697941836,0.3114660877225397,0.6856396045482349,0.8262129325072726,0.03587734853165958,0.29684195714215433,0.11759009855781588,0.18992594060344986,0.6860220421446679,0.16147052761876676,0.03527484371736918,0.2475420112689286,0.02859499447544362,0.5018518508247266,0.9025186028438368,0.4933639183020336,0.2643406879372736,0.3604591667922057,0.31150036196285236,0.16029103225159383,0.40761129072776037,0.08008235954549249,0.84303650853868,0.25902406417112295,0.4893622765360516,0.25917076911109377,0.06115169016476982,0.029224985815816184,0.006884883764029813,0.11670398683221271,0.8221157980380613,0.16605846898191806,0.25370667366546223,0.021849475366664876,0.014458726759101589,0.012000799400540644,0.5439290754253834,0.2767356985231712,0.022510521475698285,0.3371779609946429,0.1141821593772047,0.5386750351410237,0.6300372497537412,0.13877835563045082,0.1105630358758555,0.022923333590609787,0.6897616921373582,0.020702623319610203,0.8741131362382122,0.9391530251338069,0.24074244877576245,0.041069080305865466,0.8969491190756272,0.005582456371202256,2.3300721301159446e-08,0.08888324953957441,0.06028730060024911,0.03250444049733566
0,20,0.823138187652593,0.8384913788361616,0.15305520099755415,0.31861349963708857,0.23018944753702958,0.1166736906158135,0.8392166619130637,0.2657075997179888,0.8248334964064863,0.8208886883680448,0.8181744399413728,0.2694236445731728,0.22685334635172855,0.38960705439724086,0.6107915321438011,0.15305520099755418,0.6736233723479408,0.10822677072600259,0.03666439594816395,0.07716860931998422,0.9379787539770453,0.1658084730667123,0.07078280427627358,0.9056535499295368,0.07078280427627358,0.15442100926024985,0.09113381289050705,0.9292171957237265,0.9292171957237265,0.9292171957237265,0.9292171957237265,0.20194458014197536,0.7799225260283655,0.07078280427627358,0.05363296521686878,0.6693148690203001,0.3162855500364923,0.9242413588198137,0.7854432881067789,0.05363296521686878,0.3174724770599931,0.16835426131830278,0.34960489570580755,0.626755925633989,0.1919495178264295,0.04313336568068525,0.24827926422987745,0.03534433803268761,0.4839409509177099,0.8808017185195771,0.5141516082056141,0.5422445400704284,0.4321079078143226,0.24168346207511948,0.14287940192810014,0.23481951606118345,0.059184550386189916,0.67202241016696,0.559826203208556,0.5217396684223526,0.24273783991020922,0.05605571598437234,0.027874283049887677,0.007463634708445481,0.10794382627152227,0.8369394815348894,0.2498564926811268,0.16855911294272966,0.12909819031040004,0.06190116832084262,0.09043086839401264,0.7230834090222397,0.2725060827250603,0.02038140343190103,0.3382786084312971,0.2613112119888061,0.7231160588184171,0.5642509469147035,0.2627291917587644,0.17177518263106253,0.0374759008037467,0.7575968997609079,0.04253968222424151,0.8633315879703427,0.9005251489588055,0.20339759416032843,0.043756276041596126,0.8390686634455666,0.005073005680871815,3.667456742264327e-08,0.03287005875162524,0.03567851421919795,0.04217561650149798
0,20,0.7520773351042939,0.856340877502897,0.09281430362422445,0.6420816273901406,0.5285922974855221,0.031198338374684137,0.8729573917927107,0.5427364805476858,0.8108426279323437,0.8206136562447657,0.7916309838701212,0.39262131382680865,0.5367533445118028,0.36861578736304446,0.6558361752392448,0.09281430362422449,0.33827485238771104,0.32570912603882596,0.39584503349684697,0.230143568443096,0.8677295776714288,0.38973985954770585,0.29320373151569007,0.8384393411766402,0.29320373151569007,0.4606026569169513,0.35792422067359564,0.706796268484311,0.706796268484311,0.8533981342421519,0.7800972013632315,0.3403400718944739,0.8990870571886138,0.29320373151569007,0.5116645786832329,0.29918528417270746,0.7148553880568901,0.8871068907926408,0.4885465136205812,0.5116645786832328,0.7021926988149055,0.4071432803333922,0.17710780156713363,0.26363876488772386,0.4606262248002777,0.42112012865909665,0.139865536410536,0.11847801321162574,0.06756171049856648,0.1714250071174372,0.8400219311618811,0.3208410647810294,0.1632079286312066,0.3988706708598041,0.0752293468094928,0.5239149167446732,0.4888996290876507,0.18202811982092412,0.3308502159605101,0.17483219884767986,0.5186915887850467,0.45850701023114815,0.014012598137977637,0.01591796684974365,0.01379580938049521,0.13165311573138164,0.16978413976035855,0.12139898206906169,0.1019681631072058,0.19077769193438224,0.011891148460079898,0.8641973290546248,0.4065181201178126,0.010885255616935466,0.7180327214367047,0.13592351117717738,0.34332755735447584,0.6850848128040112,0.12160420895341115,0.41329807635041654,0.4074210929416981,0.6048049793481654,0.36381170411296293,0.15326988465163732,0.1809765639899521,0.3662017419554112,0.4046926894409094,0.19191381855565326,0.002434825043424463,9.19663512415122e-09,0.35686114434622823,0.10783365417832107,0.04818936167076888
0,20,0.7798555695027584,0.8158588931129479,0.050934603386694595,0.17738465617691543,0.3157939849709624,0.06612328996481108,0.8160686284009282,0.31788755297037785,0.7883453097628427,0.7769850267072522,0.7887738817165463,0.2749095365603549,0.2884986386449796,0.29524841745547725,0.7362173217117032,0.05093460338669464,0.8677040774801741,0.137100341166422,0.30978646942733834,0.045370153645692655,0.7756274716575482,0.07445466784865183,0.07620502225754644,0.7872558211243741,0.07620502225754644,0.16300047115318503,0.09789593231248266,0.9237949777424532,0.9237949777424532,0.9618974888712231,0.9428462333068381,0.3304514821174579,0.6121319969111717,0.07620502225754644,0.4412988086119396,0.8338587237998476,0.2163060761006943,0.8696751124237583,0.9001220854025261,0.4412988086119396,0.21391601028661963,0.07959748539505723,0.20564526952343512,0.8532409942565538,0.0780732782445914,0.30241019777752604,0.14328881508945035,0.10202379115020133,0.07004549905026092,0.18384703815756664,0.2633347468730562,0.3224792301972476,0.6936137353575589,0.33810962007070067,0.05891778051251012,0.24513957839718392,0.23592196526837,0.13410790318606228,0.42896294881589003,0.8297964874059564,0.09025367156208271,0.30119634060520756,0.011291657744800995,0.011761861598713803,0.011275946969894,0.16024225151407193,0.44844572787497883,0.5822086206007255,0.08874236558591699,0.07846183441663157,0.021660786294482853,0.2856943717732534,0.38617700729927046,0.00658861085673928,0.2275729696950859,0.11429470888703021,0.6755918505249734,0.562876151292939,0.13641243470176875,0.0711812597621552,0.30961194791932595,0.6573052157252648,0.29540104024089786,0.1675845830979223,0.1893570763018947,0.2518677635674599,0.2531176169682286,0.1819330888315288,0.0003912534625971442,1.0123207688985139e-07,0.09649743984173283,0.00474309252391376,0.20320624999999992
0,22,0.8034778592969686,0.8652240542069847,0.13809970708454727,0.5934157403244841,0.33220892155943843,0.07024106637810308,0.87621274419672,0.394925306237176,0.8507280644224704,0.8665840857424234,0.8379335285375556,0.3121331337408044,0.36109979550859567,0.4642960278152656,0.5380255871216729,0.13809970708454733,0.2426876420798898,0.19837441266901523,0.12818891826552775,0.07234697129011361,0.8813026720055971,0.38222252525532985,0.20397520761899107,0.8831539168423381,0.20397520761899107,0.3495511320977047,0.2537681977764955,0.796024792381008,0.796024792381008,0.7960247923810044,0.7960247923810098,0.26750258955337547,0.9032232084400355,0.20397520761899107,0.18678197077475056,0.22000601539761594,0.6225982047577819,0.9061745250548402,0.26085687621158604,0.18678197077475056,0.617488907571583,0.3917653064796033,0.202462926092146,0.24530829249101116,0.38811790812759084,0.13191632783714202,0.12474991207353729,0.03661853871972145,0.2177688671052942,0.635451596942351,0.7276845546213633,0.43090190550947616,0.3256385053143135,0.40698851091135857,0.057945980661363625,0.4407415818965389,0.15596388999353777,0.6411437898049646,0.42218045936705534,0.22724449812801817,0.3922068984571025,0.13566986998304129,0.01022720882955892,0.004196543954634959,0.03508794458788081,0.6053498032975567,0.35160133330734294,0.23644281290618804,0.0384846992017603,0.018613012912485037,0.02793120952541022,0.7752577585803618,0.41304468038044617,0.006290147480095788,0.6064205386958054,0.17821061568569124,0.5393570902505747,0.6603479927956808,0.12608685661746655,0.3985808344375997,0.13077610416134794,0.5947664691239445,0.11671613333909645,0.5704851750222009,0.6528720270308427,0.32664212251505786,0.12974623462809887,0.6967259011152294,0.025384625814018957,1.1833136235313966e-08,0.08139379391916046,0.2128495622840175,0.02162353775257002
0,22,0.7515990314663877,0.8448442023538012,0.1273716624075345,0.6655912963520169,0.5389965642788456,0.0361686261816596,0.8675034403410185,0.5312800476021423,0.8034764490955265,0.8059762374054416,0.7697664218489871,0.42215248499283364,0.517860070749034,0.34862537265242655,0.6738027734690455,0.12737166240753453,0.32497560379369694,0.3140271914595342,0.387474925751718,0.26002114836898554,0.8444899656790106,0.4114071530883858,0.23173709156707345,0.8768811598591495,0.23173709156707345,0.3869161412729668,0.2869468691472372,0.7682629084329253,0.7682629084329253,0.8841314542164618,0.8261971813246944,0.2795740615421022,0.9215303818546566,0.23173709156707345,0.5014064425364125,0.303091714069119,0.6993249351752098,0.9090125271640778,0.49268004533113763,0.5014064425364125,0.6932836581272301,0.422775926931854,0.26973810425713435,0.2679928953964391,0.4795084216302763,0.38396695990781243,0.0827753313946855,0.08344146658658233,0.04383374134907844,0.20863941021440507,0.831933521578563,0.5325773184801307,0.26663264859009694,0.4513068742513552,0.022975390226561004,0.4720095156184828,0.40902705006362816,0.22972119198072552,0.5322401403743315,0.1884670322146983,0.5525569509345795,0.375615763546798,0.006892025863147599,0.008691843335585455,0.006894472548496245,0.20988394398618845,0.3673082639714626,0.17695608677337826,0.05559604105318414,0.03368043751465161,0.042231664629936154,0.8657342495664999,0.4476435072542122,0.0031685366026931168,0.6852824937666228,0.20776316356831978,0.4419909868493006,0.636763938636949,0.1731338368883988,0.43604699951677484,0.38847757637647856,0.5487301544404413,0.34094917312748363,0.15982543043878844,0.2044264991775086,0.36112734977065586,0.36019635610630574,0.24551843219121006,0.0027032071935259015,7.137749227575409e-09,0.275234674316094,0.08748054754294753,0.044212464643013046
0,24,0.8483241980601063,0.8517601435996407,0.13581802074576624,0.3812392033335526,0.14395787299210133,0.12845459334614684,0.8774857890982823,0.2057442116393769,0.8463549703972282,0.8376841574550169,0.8840429631810424,0.2277201072734645,0.1649666758369606,0.44438856713674046,0.8129367022989301,0.1358180207457663,0.585451141450724,0.07271710810478238,0.04712603211418681,0.08599352158320561,0.95451835496851,0.20546812192815633,0.07448413586490343,0.919237139667817,0.07448413586490343,0.16181326026528298,0.09591294880248849,0.9255158641350949,0.9255158641350949,0.9255158641350967,0.9255158641350967,0.18528189494629388,0.8237596049245041,0.07448413586490343,0.06865808102994131,0.5966736042722283,0.3647570813511465,0.9351487570330245,0.7283964733056086,0.06865808102994131,0.3669490548080869,0.2074316763345004,0.259282179391723,0.5167362838942617,0.24852969855467905,0.0596912804032423,0.215223454635587,0.03056375992948701,0.4274946635976218,0.8350442185266658,0.4961075017736292,0.4972984680046944,0.5735802761206168,0.30038217023432934,0.13314144624589952,0.2712522835065485,0.08060038792090397,0.6525413975636127,0.42298128342245994,0.4012646883091018,0.3038841121495327,0.07684729064039408,0.022016635561850843,0.005682787143127849,0.08643565864326506,0.7764588528678305,0.3656361474435196,0.31339511373209766,0.008251430820745686,0.005727359089909777,0.005248121856883256,0.5628194450216192,0.3099506225848,0.016034248532858734,0.38044294051743566,0.20024821975812387,0.696280663626226,0.5757100977540961,0.18870769535758772,0.21818108238655654,0.04980552343480153,0.6971530394712966,0.04777870345337265,0.8107592443003063,0.867797786885745,0.20607961454432944,0.05474953882221274,0.8039138645263799,0.004696127054995461,5.368382821206003e-08,0.03185411357845639,0.045044614634378664,0.054286561851082694
0,24,0.7550735168357428,0.8412115213985446,0.17471222251225746,0.5376003054466626,0.5618843375759683,0.026945515578211676,0.8551482733595432,0.5288599456278977,0.7935241109202749,0.7942827387589277,0.6936472428327969,0.5393148928039263,0.5391617681784798,0.32140220580296475,0.7063818317025055,0.1747122225122575,0.4798218917164503,0.2957642685612329,0.3735771498865135,0.1925557150034928,0.8669055537092003,0.3074982197031996,0.15455530871493844,0.8897880515331649,0.15455530871493844,0.28610735112364105,0.19515444429061987,0.8454446912850617,0.8454446912850617,0.92272234564253,0.884083518463795,0.2420793892655243,0.894263322164716,0.15455530871493844,0.4935035582017743,0.4539333163631582,0.5618007276756866,0.9195386106433853,0.627048781719448,0.4935035582017743,0.5605884854476336,0.3143161502218616,0.4087772733135136,0.44253146016928047,0.3281431631141412,0.3742780731458293,0.2270377787315404,0.17018368327070138,0.10762116128689093,0.17640444630962443,0.7111130798389231,0.7146636233855764,0.35415333642177815,0.2599281128369023,0.1331245887092345,0.2948261925543174,0.33136200330384113,0.1302724640348956,0.6171309145061937,0.31289226173002405,0.4170671187070129,0.3891002057741472,0.02786900366296577,0.030737828506260823,0.028054175453682023,0.15836504163155887,0.2556856665512726,0.11312897143073894,0.13723694361384853,0.1615676959559769,0.034779304300997904,0.8644205053842587,0.2740473833972532,0.020523161913080925,0.5474494071198296,0.33660178334757185,0.6147451758520504,0.5806634173684861,0.30143672442715663,0.3124953565230872,0.3739047091556578,0.739674399857492,0.37223532623705957,0.1765405791699292,0.1852404273874721,0.2382092826975083,0.3103238214499762,0.16980539095145997,0.002614974708501329,4.980297559787344e-09,0.20198074519917478,0.0442595164561562,0.039428805534555036
0,24,0.7400295790017664,0.8376859840239668,0.16616597067322866,0.6500341813264457,0.46332065313783954,0.27173070142552513,0.870020984588034,0.5159721934859245,0.7838072894297939,0.7744604188661082,0.4669832824579992,1.0,0.46041864972700935,0.30076151015760355,0.5308234504157752,0.16616597067322872,0.38762554829279705,0.3520555850149714,0.8597330562318822,0.38023032587503963,0.7324570978788948,0.411306330145132,0.11293669867483173,0.9384064379968775,0.11293669867483173,0.22483481688019052,0.14410551840878194,0.887063301325167,0.887063301325167,0.9667833239191701,0.9322379807951009,0.16537622395450147,0.9434922893434006,0.11293669867483173,0.899701150373073,0.39829942602273377,0.6177141418712961,0.9999999999981025,0.5827827587300126,0.899701150373073,0.6229468838642873,0.4119805995727446,0.33601486561038046,0.3121613450747399,0.48778258530241503,0.7970307204127882,0.6676734605952405,1.0,0.11318462962757771,0.032021549556332726,0.7212038872658779,0.7925731564196281,0.5159544984214506,0.19828091170572637,0.6206374014894327,0.23511753172331296,0.558859106596596,0.012781253400459297,0.4719298410785569,0.19192298515645112,0.602825058816768,0.7604246166655103,0.07443184038223265,0.17919781640883817,0.03049389724043267,0.021934600119419834,0.3592302925759073,0.2007409503236058,0.11567700323328044,0.23219815000857827,0.012314402641804802,0.8466122796072135,0.23429736858246858,0.07549405428880453,0.5589648683328504,0.3672461520769752,0.7657730398760101,0.5488409914884362,0.276477196609619,0.43001748323795946,0.8489239964558712,0.8024094997868403,0.886860635590845,0.027593752341750363,0.027792253665106154,0.1826107899216577,0.6085226982019024,0.014241676854492485,0.0008740596300479677,1.1865969359349954e-08,0.32918250998412096,0.023293743605667636,0.13629873872667406
0,26,0.8334397492960208,0.8025334622487942,0.2113302681802079,0.013076638661204315,0.12067813781106405,0.2093718615280955,0.8141709999713215,0.1362960134238959,0.8158115726452213,0.8134338198488041,0.796130529806248,0.25689543143951077,0.11592420242504253,0.36035425813052746,0.5205540389427489,0.21133026818020798,0.9941549817696214,0.03626117221869603,0.31810392583957686,0.0005516534239729607,0.8157010833456125,0.001358997293505577,0.008148637453420395,0.0654734749726259,0.008148637453420395,0.02541215667672383,0.010653625223613777,0.9918513625465781,0.9918513625465781,0.9959256812732917,0.9938885219099358,0.7871479780228292,0.06369700913623658,0.008148637453420395,0.45490941012755803,0.9935574198880934,0.013517927334792618,0.40015661691900284,0.9962812960306023,0.45490941012755803,0.012978516741481963,0.0020613325713472797,0.5937446808903037,0.9764594912683502,0.012167628151646247,0.3057758005575966,1.0,0.6089639988678746,0.4260712099623305,0.16003607688849597,0.08782615540541155,0.9949304273425729,0.8831611749652215,0.12036564334008326,1.0000000000000002,0.0,0.15501342002149854,0.05421395625716571,0.820424357426255,0.9020438300656494,0.05094965330117571,0.29874463689814074,0.1327963519059753,0.13445840054876287,0.12790270087162875,0.15152565237031493,0.8205956810248933,0.5890706377711366,0.011888269021021103,0.014205331473481953,0.005812071743957682,0.2805061741710909,0.17304402372262817,0.1386884685828691,0.0,0.4417144543179349,1.0000000000000002,0.4033855908023385,0.4930603593904938,0.0030806218736506553,0.3161280157007914,0.8753219290459957,0.3484661804645065,0.16991871342605314,0.1620444663008594,0.06738921443027879,0.2028428990017478,0.11221277653430162,0.00011738623322018929,3.540899780981253e-07,0.011312055852339633,2.7396618792166765e-05,0.4475967987804878
0,26,0.7890384077509629,0.7676065159576253,0.09655972838433961,0.17523123105781857,0.14613014833711088,0.40410282000716047,0.7736396378421166,0.18287116568731826,0.772125904715945,0.7723808967132268,0.6844654951041674,0.38027971969424124,0.14264659480642952,0.24658194527680133,0.31723469232586476,0.09655972838433963,0.8500263098508771,0.0684594656373562,0.3017149257961025,0.04387045581160393,0.7497797150989697,0.0759290234921111,0.03300496776494205,0.9039617529551616,0.03300496776494205,0.08257674677293626,0.042881336824102986,0.966995032235058,0.966995032235058,0.966995032235058,0.966995032235058,0.18469963288521674,0.6337478692380523,0.03300496776494205,0.4320823769839417,0.8481827430180766,0.17105447054718312,0.9228828737910866,0.9081444773976238,0.4320823769839415,0.1723041030821493,0.07714805795551566,0.41453768584484074,0.8211039634264501,0.09200148192487748,0.2859205669658346,0.15894290314444154,0.10934666490270983,0.08054579289739203,0.20986364767966698,0.29399697064543023,0.6621310338476524,0.6847773656719085,0.3030585464347698,0.06240155961865172,0.19616127092356694,0.1970393702582673,0.16837820559368064,0.7435095739175435,0.7692767898240501,0.11710202573254101,0.2717304941999047,0.01580279154478289,0.016129150577729266,0.016234218390433496,0.20956294128203065,0.6746001304131026,0.4778457570611909,0.0027158280518658428,0.0030485907770109164,0.0014702831876511893,0.37095037293381444,0.3163310175006592,0.008543993114105461,0.20291276914995127,0.2530740837375677,0.754528792125426,0.529270987137676,0.2871177002097308,0.07893260678789717,0.2999437115323689,0.690869333128785,0.2964269948814232,0.18064097402219836,0.20383885682496006,0.1868688971031508,0.22246649999463575,0.1895925784974446,0.0006497795797742241,1.2809131177103686e-07,0.012662245924706364,0.006875495756054225,0.1054147465437788
0,26,0.7547513402173839,0.7726490390503324,0.07396477377513759,0.28426816483318185,0.1812923343581181,0.20952407743138018,0.8268231065406139,0.24687086121674576,0.757745298525041,0.7531850241605574,0.6716758400682485,0.519552428567552,0.1889976570858162,0.21228320322834793,0.6753288397181471,0.0739647737751376,0.747967272191222,0.11044555778002267,0.29630723997021363,0.07554566046037926,0.733330378324213,0.1337002913691359,0.07498821754625977,0.8778013950087207,0.07498821754625977,0.16202007026253182,0.09648499947319547,0.9250117824537387,0.9250117824537387,0.962505891226872,0.9437588368403045,0.23526221209194442,0.7470021934243739,0.07498821754625977,0.42228363817789705,0.7316955328855028,0.29769694927053364,0.9126872702812601,0.8322400014606063,0.42228363817789705,0.29785054690999324,0.1373659217021507,0.3503042677075643,0.7176363570264461,0.14984382249263084,0.2828129465416879,0.10067698128189313,0.07458799641088176,0.05894005315393255,0.23194979776329405,0.3988137338822551,0.5712041299295486,0.599030173518101,0.3660447007050981,0.01645272298870186,0.30613411312963135,0.23380904544780884,0.21313070333478776,0.7136672151378035,0.6589766766562687,0.18093457943925223,0.27131489200454717,0.008259539365930792,0.008478476088237869,0.009262666594151257,0.2303678673139636,0.6023049483215951,0.4008065681968863,0.08467705912031044,0.05911886351873403,0.03835453855764457,0.47639370970475386,0.4013331305758315,0.003334192642642771,0.32285100978140857,0.20800851039121893,0.6572697886001917,0.6135950192893442,0.22964162896715176,0.13591044478820644,0.2952195557824865,0.6326212898995374,0.2796828049684389,0.19249453501549169,0.2267315457086655,0.2883306331573078,0.24698271383579168,0.2472474393981955,0.0007756193145618247,4.57391566972571e-08,0.1116136570361031,0.009496492195627666,0.11429083885209712
0,26,0.7606188121407961,0.7796007040641499,0.08469756607112951,0.17018448429066174,0.20494520709399422,0.09812782884150857,0.7974230660032233,0.2470709796514093,0.7703109763992503,0.7697565216366511,0.7430395754304739,0.3210175204971727,0.21355238642496532,0.24392558157520083,0.6721103879514649,0.08469756607112955,0.8555200858651195,0.09320021184773786,0.3012851195712165,0.038655949321786044,0.756701493743807,0.07039181866045358,0.0842146766044004,0.7529012313957493,0.0842146766044004,0.1780934250480839,0.10815697666039945,0.9157853233955997,0.9157853233955997,0.9157853233955997,0.9157853233955979,0.3856518173529585,0.5627172550581232,0.0842146766044004,0.4323314600976975,0.8332363310088826,0.19850689899859786,0.8015837698951457,0.8993606342086159,0.4323314600976975,0.1946686244257141,0.07634961526949578,0.37218356642638156,0.797983739956367,0.10389159901423771,0.2832778331183945,0.14918932622794878,0.10489425917141323,0.0726687666746084,0.21716679520951687,0.3410167848345798,0.5627153937921203,0.5840056935612323,0.3313146004569284,0.06464600729353659,0.2489515308325535,0.2074817020386261,0.2073761214552218,0.6400401069518716,0.669750602759729,0.16761587784902257,0.2598946832002718,0.014849975544829613,0.015368285452693331,0.014545676957661692,0.24399214166176067,0.40130796670630203,0.29189785898962894,0.01930714486997573,0.006945694482320391,0.017647950544892654,0.519661871965009,0.33640757545867,0.00861430575675395,0.22957130986571783,0.21643427541536986,0.6791349064769001,0.5573898177632406,0.2562245447623897,0.07604117922162362,0.3005609643342602,0.6638618332348625,0.29319166732540025,0.1711899354006856,0.20220044042385904,0.22119015080525528,0.22831522198415116,0.21355375333226495,0.0014858053565862943,4.6565415275788485e-08,0.03257827627444728,0.016657649480613233,0.04701435020369209
0,26,0.81200167333843,0.8019144862942845,0.08080282873438623,0.0,0.15494318341597055,0.07692114723372666,0.8065454601060347,0.17690786440490797,0.8051252579190735,0.8036712090142945,0.8510104031505895,0.13664481119346464,0.1632322011727679,0.3327227325289316,0.6825846549440198,0.08080282873438624,1.0,0.047967942702379196,0.0,0.0,0.8156852976682494,0.0,0.0,1.0,0.0,0.0,0.0,1.0,1.0,1.0,1.0,1.0,0.0,0.0,0.0,1.0,0.0,0.9999999999999999,0.9999999999999999,0.0,0.0,0.0,0.29317905532712357,1.0,0.0,0.0,0.19739742746109912,0.017000176059579944,0.42875741508601956,1.0,0.10998294204032838,0.4338839282475558,0.7762622559742847,0.2557348201443338,0.08771258232577743,0.11322467985269669,0.008856037404263321,0.667991850298651,0.5282419786096256,1.0,0.0,0.0,0.019591732405050875,0.004131137741874941,0.08066040528726977,0.9999999999999999,0.4764065335753176,0.5668098770848551,0.0010007834282887299,0.00021311453465931599,0.002656323572293293,0.21854860854188182,0.28573324485733237,0.011013079695422737,0.03776758292823679,0.17342297739324336,0.8433601872834766,0.4970654317934502,0.20855848768866606,0.0,0.0,0.737747966416832,0.007186595012030492,0.9394078767126424,1.0,0.14787204859368697,0.005798535981135736,0.900445310932647,0.0,1.0,0.0,0.0,0.0
0,23,0.6552918407443348,0.8194749562960387,0.1263110637529309,0.6783772070616814,0.5780562673189313,0.0613837779337368,0.8384027957582678,0.6513061785924688,0.7459371045736141,0.7496703452261324,0.628691097346197,0.625872962250506,0.5906378497974921,0.21786035937130144,0.633048450927747,0.12631106375293094,0.2337484364547946,0.5024286673574838,0.22548884404415726,0.1951575890736996,0.7806927019401256,0.44690402877263696,0.15268848176628003,0.923882905097511,0.15268848176628003,0.2835916330292291,0.1929260816682461,0.8473115182337203,0.8473115182337203,0.9236557591168584,0.8854836386752911,0.19923607361263407,0.945495961672814,0.15268848176628003,0.3151663522002781,0.23086352213128453,0.6707887210353163,0.9396519470565553,0.33547334519974104,0.3151663522002781,0.6730099693204966,0.4503358265304948,0.3340636191098907,0.22465057702502722,0.47195950714518287,0.22394479123968325,0.166961845406708,0.08640101901328262,0.17310240114208303,0.43759777787803933,0.8115356888043002,0.7329388577175545,0.3312315399297152,0.33104910518508357,0.08924940792348676,0.35530716337018375,0.21868469561722698,0.393883719139284,0.6457637032085561,0.1909522540053995,0.5093417380581516,0.2278325123152709,0.01800042037542787,0.013172844017157244,0.03912826717737694,0.4168664876270861,0.47980454815695595,0.19396800114668164,0.17798258813569573,0.13199887585536488,0.07077890730398571,0.8456050845931439,0.35644768856447695,0.013756886424292352,0.6421561698601891,0.3299831816605815,0.5941484309718279,0.6249692776223716,0.22645948286642933,0.46083283883562576,0.22728998514038085,0.6692454416276581,0.21875937043715513,0.39482905258487555,0.4395873650454869,0.3052563259560471,0.2058935816034977,0.4563948709395783,0.0033728018542679545,5.910227094396119e-09,0.21329867538667957,0.06377089650544597,0.048922628430473736
0,23,0.6053251617221381,0.8406653255037907,0.12952137582474357,1.0,1.0000000000000002,0.026494463188015085,0.8535333376047394,1.0,0.7278467441693904,0.6960257547110456,0.559505007224954,0.7894104876378518,1.0,0.2200825048139785,0.680092753494946,0.12952137582474363,0.0,1.0000000000000002,0.6657016535042978,1.0,0.9884675484793437,1.0,0.2563738210968977,0.9425531080627696,0.2563738210968977,0.4182344801094284,0.3159717043769668,0.7436261789031011,0.7436261789031011,0.9245959349715029,0.8461757073418603,0.19866045756679462,1.0,0.2563738210968977,0.7216811735384083,0.0,0.9999999999999999,0.9730591731553663,0.044028275609961254,0.7216811735384083,1.0,1.0,0.26855188239527117,0.0,0.9999999999999999,0.6445060569800525,0.07641713939530419,0.13642947041614328,0.022959549558994125,0.11765063404268626,1.0000000000000002,0.8411624122401574,0.3049858026369704,0.471125828922364,0.02257113328734353,0.5304611134672746,0.6934983239621996,0.13690744054738277,0.6251283422459893,0.0,0.951808,0.6392118226600985,0.006216355204708046,0.013847089052147042,0.004217129684306202,0.08379973144062916,0.6064209274673008,0.18449873631002525,0.09706353123548729,0.20272128274980036,0.011059923670019282,0.9566709075734721,0.48188983622646064,0.003236645869964577,0.9487408231624553,0.29320662235090705,0.36276036979573556,0.6896469178106914,0.16054157727718854,1.0,0.6549408632485416,0.5331248506725104,0.5728143808418811,0.08995269278916339,0.12063029995101876,0.41591189371016524,0.631921238690497,0.14017258601432775,0.0023777387504156132,4.5497909259772686e-09,0.5841829244747043,0.1137164382215744,0.06997468991700086
0,17,0.7939113629597994,0.8604978496889624,0.1761441512174797,0.6548404029991076,0.35937312018145173,0.12410241361337195,0.9008515364890766,0.4207034524762027,0.8267238229321108,0.8204301277842068,0.7304742165850985,0.5686014507382456,0.3551653728627943,0.4046494878755472,0.5770177755125112,0.17614415121747976,0.30530547353349013,0.25029966971623197,0.4373721904367952,0.22361883371457353,0.869538369657549,0.42042959731739377,0.16075375139799866,0.9150449561962177,0.16075375139799866,0.2937728711506569,0.20252819291085042,0.8392462486020005,0.8392462486020005,0.9196231243010011,0.8794346864515017,0.21106559089074917,0.9378704508309972,0.16075375139799866,0.5500646568275467,0.28752814054267256,0.6590809799860596,0.9407985402009122,0.4466349036515648,0.5500646568275467,0.6600274960710603,0.42519873060623525,0.3141303478517454,0.3147493112393551,0.42482444898658017,0.40004830109876044,0.15121161286503354,0.17157698546570685,0.053486533928197064,0.17937373306699178,0.7240252593061229,0.6615773180617277,0.410441190311559,0.3663297525483066,0.07572350130798892,0.4290182912703403,0.3850371937934732,0.2071445021218322,0.6391219960054121,0.2993753423890815,0.4484516152663803,0.352543177636655,0.01403395080157744,0.02411372754987701,0.009754374129494611,0.2046806061768656,0.5227210864862541,0.25708456994612966,0.15711784910487106,0.15809587315116197,0.06450774615053677,0.7557506437377438,0.3804934610705595,0.009844786317022163,0.6410615483364713,0.26384825311711446,0.554075120926959,0.6936248667599882,0.20178456588129806,0.4290553229092914,0.42957780188920086,0.6383839913974458,0.4135760502062712,0.13643633640060465,0.1667098043275701,0.34310951968167946,0.3716265321920214,0.20683020468002528,0.0024543647935460567,9.757557050185565e-09,0.21905458061604724,0.06381801188093965,0.05154992222438261
0,17,0.7922879339390934,0.832459144610406,0.20461705882317033,0.25589635659297477,0.3502784165163153,0.04985200179390899,0.8525292300927445,0.3464874574670509,0.8068705822526907,0.7969049159720535,0.8066030575836111,0.3201086138625423,0.32861395264901455,0.34532675198085994,0.731924620211982,0.20461705882317038,0.7633631469142912,0.15257071489140628,0.3588636965363126,0.05891777477402215,0.9050115436028245,0.11444518453111888,0.09926762316445506,0.8154195463377003,0.09926762316445506,0.20296915483952574,0.12704762934869848,0.9007323768355455,0.9007323768355455,0.950366188417771,0.92554928262666,0.3249425214984437,0.6770614953233185,0.09926762316445506,0.4907397489498636,0.7481957540859887,0.2749435249235128,0.8597423911372083,0.8433189189403932,0.49073974894986383,0.2716285821053033,0.12074142641254783,0.5054452835433296,0.6682542500508959,0.17422268509407507,0.36218823710313247,0.503170059767158,0.3278679185693134,0.21123604781479266,0.14455774836302238,0.46773109799842455,0.8199271204702879,0.5085099098174584,0.17276629278471434,0.4336067095085271,0.16074492384930605,0.2639153636754218,0.08659456650054556,0.6097855149965126,0.4274205865296442,0.3184754636091137,0.38694938245163124,0.0756887470431848,0.07822249968287007,0.07206273179900266,0.13284236454571488,0.29661893191335365,0.16523735128882572,0.052834534740669674,0.06812639820200384,0.02045604699519983,0.7581522433832404,0.20060261415718933,0.07172265422506115,0.26590367997794784,0.40756242682766647,0.8109745610400478,0.49170072222300565,0.4221401030220866,0.12516272636562487,0.35805463364820017,0.8253723551050429,0.37438994547720594,0.153297361503142,0.15013591372788843,0.13377595018991695,0.26039134304190886,0.11877708120641553,0.0016801594519346244,1.1729222330182975e-08,0.15914635846835726,0.011607708235619869,0.04772358557265213
0,11,0.8765110124629985,0.9273491883033048,0.04447662495769718,0.5207122121170322,0.29210911221412134,0.08721910123074299,0.9254590253762145,0.35326663071280556,0.906604380839485,0.915986640444745,0.8790149480454309,0.34104428170253054,0.299025366532408,0.6108661615721,0.5891026344947431,0.0444766249576972,0.3674439997121861,0.17558292671805092,0.2264964841227584,0.08666795545846602,0.6800046313207108,0.323578952719689,0.13603836580192902,0.9070890778128673,0.13603836580192902,0.25954936763303127,0.17260070498391697,0.8639616341980716,0.8639616341980716,0.8639616341980698,0.8639616341980716,0.2211888760786932,0.8905069065801429,0.13603836580192902,0.3262397085292036,0.3563248053790787,0.5277139948202278,0.9253940640009475,0.49168044779113484,0.3262397085292037,0.5276280308398748,0.3283584032159218,0.0536669672511237,0.3570527889212821,0.3306506804268394,0.2140321223613441,0.07493701095774809,0.047029907500397546,0.08187288441997177,0.4085260733895384,0.5509345014627363,0.12634920033503425,0.5300327006602108,0.44767013439552306,0.013060925971310157,0.4821302632041041,0.23070019896995375,0.4544250263721723,0.12345201238390094,0.2758944289937939,0.3675149506821652,0.1866735805029816,0.005858327542810408,0.005453081863764344,0.009117154637191321,0.4569850676951346,0.07509856686901557,0.18904475306121019,0.28117413208691455,0.1899163572538581,0.1302700905040927,0.6554090057638308,0.5185702018033483,0.003607973924734537,0.5787971422007466,0.04032091758610568,0.4792424771784731,0.7593378919999954,0.03245530515964417,0.33292035417943683,0.22672663653155922,0.5616100973585647,0.20541113415412413,0.3255740059550604,0.398183955226153,0.4927547299509575,0.24001526914915705,0.5246602292081889,0.0011198935804674144,1.1798826876670125e-07,0.06646767597842257,0.14028001949340055,0.10639534883720927
0,14,0.8827252899983511,0.8779452632603837,0.0956996024611648,0.575406643107562,0.22727383953166014,0.07664432632460118,0.8877310563012212,0.2293908583985879,0.8712426056232523,0.8645685898680632,0.9010272737428151,0.217783744219145,0.2065906076864131,0.5110904668048059,0.7414693420844273,0.09569960246116485,0.27427423755537395,0.07845213770844993,0.11999375234533594,0.0757404838119165,0.9006264588932289,0.3768930922791033,0.15768320285690843,0.9073947969525602,0.15768320285690843,0.2883432235297851,0.1985989953708067,0.8423167971430914,0.8423167971430914,0.8423167971430878,0.8423167971430914,0.22405274676268117,0.9118397324252068,0.15768320285690843,0.1742800343644857,0.251010277223839,0.5907621104475794,0.9256395514208623,0.3165240288901311,0.1742800343644857,0.5900448233427112,0.38239074868234607,0.12239211825324493,0.33610867724965543,0.34142168099396253,0.09919400556557577,0.24526421359778794,0.10470790347933603,0.2773618607669083,0.7258791469205771,0.6424607794685773,0.25364362791810674,0.4034295125465055,0.28508997723398666,0.14364789696833577,0.3036088156330303,0.10422273247207194,0.6202118068308734,0.2175430778371955,0.40237285977768544,0.3033216671153673,0.07662835249042144,0.02513651261227871,0.01899267406261945,0.05040646476569502,0.7770957222328793,0.2543268595587264,0.4308483652924976,0.007604233533951956,0.006519492620631164,0.003507687782747346,0.4904397156524758,0.25951511991658,0.015552353771580716,0.5487753111800905,0.11957416308749357,0.6647198781374672,0.5723708930484586,0.08094997871679047,0.3819565030768411,0.11614209125059265,0.712776609732859,0.1250072896448622,0.6264995958394429,0.6917160901010161,0.21422903572170682,0.09349736915033842,0.6783130023014715,0.02871505210442721,4.23246902365603e-08,0.06154181281949466,0.15494231544393153,0.044732339281349294
0,14,0.8198463728320614,0.808514607807297,0.09195041780575978,0.15279399748468167,0.12091834150338036,0.23556290620570725,0.8399964638580153,0.18691177324569183,0.8166273117472214,0.8183320967163017,0.7967727988247875,0.31157015264466315,0.13165283200777986,0.36518578337022956,0.4795352450263243,0.0919504178057598,0.891513965470824,0.07220849386279851,0.3299010773525829,0.03153187760956187,0.8466756499690832,0.051643487922356436,0.05992193986049573,0.7591382057716296,0.05992193986049573,0.13292415370109073,0.07721819638809148,0.9400780601395038,0.9400780601395038,0.9700390300697492,0.9550585451046256,0.3378189592118136,0.541725457346311,0.05992193986049573,0.46439066069513346,0.8804629259929981,0.16392538184673702,0.8808298909270925,0.9290312121294234,0.4643906606951336,0.16186405895455885,0.055846743796764554,0.2983750640696441,0.8374269249472373,0.08716427195496788,0.3135902725356774,0.10427400463063939,0.0841527873041854,0.045252791536551915,0.1726888047359661,0.3044530074919172,0.45527214237381286,0.6419897665834773,0.35278228863162464,0.016184025372994362,0.27229217788730564,0.24185982403565798,0.18055152256774723,0.5502048014563659,0.7520599088175522,0.13442036190097434,0.30395136778115495,0.010791470145716926,0.011754172780309694,0.00973916051061473,0.1700372636330614,0.5066157310193032,0.47846807290234517,0.006158792620041284,0.007025793561541625,0.0031444136028989716,0.37164618039946334,0.3586566781918292,0.004658709008955183,0.2150842293015296,0.16327939624479865,0.6541969211838989,0.5807016893815691,0.20086260212775378,0.058296352041768335,0.327089743762009,0.6436452964550621,0.3119077174833723,0.13802660836029518,0.16491300723078023,0.2371421250988065,0.25714946084869084,0.1757844722441953,0.00036231859275295564,1.0835885167143504e-07,0.06840538835877708,0.003143394068625213,0.1741862787048923
0,14,0.7944787567982143,0.7928034289704156,0.08440301843884769,0.12430170460474069,0.174608861947277,0.19844896461472322,0.79506784136703,0.21487441044140262,0.795599214614624,0.8012492750246976,0.7667843541060717,0.2710320321375498,0.17885929171954246,0.30956286230956676,0.43158407592165515,0.0844030184388477,0.9029180469757982,0.07609385434377483,0.30760046296469046,0.02903883531233602,0.7725943198958081,0.04814443314743811,0.030540022160707198,0.8622465889955799,0.030540022160707198,0.07723306007954664,0.03969475645623899,0.9694599778392927,0.9694599778392927,0.9694599778392927,0.9694599778392927,0.233534110990527,0.5357788367466693,0.030540022160707198,0.44045854608748325,0.8990117586039437,0.126003679315633,0.8893862860993269,0.9400230105820827,0.44045854608748325,0.12620686819628196,0.04978290232417616,0.3257556134049513,0.8756999229407971,0.0639242294678871,0.29196775336846553,0.10801828520429625,0.08155680810514812,0.05253012311067913,0.1931523566498516,0.23419277540126154,0.5057410348703132,0.7045661550067939,0.3413900527581121,0.013841863148438981,0.20871873004329167,0.210605700731389,0.1414691465638859,0.6351446995910663,0.8277132238370472,0.08744300358956107,0.2781802376122863,0.008843600896734461,0.00939239407039478,0.008432488251183142,0.1908012773496124,0.6592292089249494,0.5781222114364023,0.0022956041140036114,0.003153102258884576,0.0008217574808567971,0.2932732954308362,0.3649335886083517,0.00248461432232537,0.17182298012249064,0.1813999658299819,0.7209237905586274,0.5365760269210416,0.21721254489196598,0.05109517287092794,0.305779347694162,0.6519553259818673,0.29422435068792374,0.16083229072798522,0.1883489279513374,0.20888305396719298,0.23435991808230605,0.17634848006745357,0.00043630543075569446,1.9254281624091364e-07,0.011915533340748604,0.003823283794686823,0.166970802919708
0,14,0.776642965021619,0.809684466722134,0.08220246284349275,0.09688969714576036,0.22088582889507782,0.09729670524058855,0.8050577276755244,0.2703420865167309,0.7934263977872007,0.7953979966166557,0.7690091853525265,0.2884451986220856,0.22905027982827225,0.30663698522520066,0.5966741423220585,0.08220246284349275,0.9288591736766474,0.11176309465703035,0.31056193266355975,0.016853161015057225,0.7901241727345553,0.029711657628346717,0.0559791664465863,0.6307254146535531,0.0559791664465863,0.12766092694978134,0.07232743455260054,0.9440208335534113,0.9440208335534113,0.944020833553413,0.9440208335534113,0.481426780710665,0.39086356240204756,0.0559791664465863,0.4451232772534922,0.9195428188246457,0.11156324856526278,0.7034786069073805,0.952688318905227,0.4451232772534922,0.10840979863736852,0.03406617896508081,0.3292753079191958,0.8689938666580679,0.06737297616848295,0.29123583710904305,0.09611662687691529,0.07552953485714636,0.04463332702683445,0.19517499408919725,0.2553873364116444,0.4967613297023274,0.6543831075074646,0.37539440116232525,0.013762415249637323,0.26919680433170423,0.21750931583057387,0.20266613358935906,0.6718442161553616,0.7509689835163841,0.12639403065788746,0.2696396162820845,0.007407991597732168,0.00803493449857435,0.0066991339136372,0.21564509778186117,0.7079604480881156,0.5520622896605085,0.013832248443137796,0.005969706083663185,0.01194530482594568,0.3396419012109456,0.4270985401459857,0.003178309304208582,0.1664126233272336,0.17401820497098644,0.6742909450620838,0.5772966227183804,0.2174454923030312,0.03744210644656278,0.3085588460556548,0.6203813969763046,0.2919288880564399,0.14603970255268262,0.1809711150222591,0.24560386777436116,0.2419737791815313,0.1972187276486495,0.0007170681275552066,1.0897688256439746e-07,0.020185615117044906,0.005481022022117613,0.08677098150782357
0,16,0.7925076483782061,0.7842863875514999,0.07091250095333756,0.03710901163922643,0.14910570845940424,0.12801864570160731,0.8000020619566446,0.18401621366280116,0.7860026752840117,0.7851809387756475,0.8022892774996802,0.21458955879686634,0.15451508022060173,0.2825677313774525,0.6265553371952508,0.07091250095333756,0.9778611792827507,0.05781560703927308,0.3155980581964115,0.005388743697427101,0.807510130178737,0.009422496619079599,0.021726831923327545,0.5641964674673356,0.021726831923327545,0.058653897314172886,0.02831715639694232,0.9782731680766723,0.9782731680766723,0.9782731680766723,0.9782731680766723,0.5153198204540863,0.24530059267097365,0.021726831923327545,0.4517483885297443,0.9724781875615947,0.0455403136755948,0.6500569611078966,0.9840325522130619,0.4517483885297443,0.04438253340743151,0.011161279829719758,0.3034529255612671,0.9533558529171575,0.023987846443870912,0.3001390053454878,0.1812640444099894,0.12636109451012884,0.07887638699287637,0.17057124854864186,0.1520050132192386,0.47008919100229146,0.7810606258811421,0.30146009737251134,0.0864274063251454,0.18044755777799093,0.20382895300862652,0.12445182680752284,0.5454856361149111,0.8619912107385864,0.0700454400711674,0.2818192232787261,0.016876259880869496,0.017607470848893043,0.015750657500945696,0.18021582894284863,0.5215966595691729,0.5443699388043265,0.07189028441771934,0.01792924108053058,0.0705270356617866,0.29967145655751193,0.32771767466110546,0.010668910671847808,0.09322511604667083,0.17031101757870998,0.7697586064115256,0.5290598916905862,0.20936551408936513,0.011651875930270379,0.31367391225062907,0.6925084260775902,0.3094683224623289,0.14887464692733887,0.16739384437903948,0.20597184015625636,0.23385829834350635,0.17433542086182036,0.00028381796855151325,2.926529020739059e-07,0.008775646160955311,0.0007001565070976793,0.22648514851485146
0,16,0.7315388163502072,0.768099568632929,0.06303754164098646,0.36576029802651067,0.23073963824451368,0.08583574926752201,0.7657671003805566,0.2897509970852465,0.7618528346692863,0.7699751618382186,0.748608423070078,0.24198314114342892,0.26149075253097825,0.22352421077387352,0.523156197006267,0.06303754164098646,0.6078284772748401,0.11502639924479292,0.26866215327347964,0.08166731800129905,0.683472004005747,0.1983913964026962,0.14091196597680106,0.847005305782601,0.14091196597680106,0.26496759823963023,0.17820573106332832,0.8590880340232001,0.8590880340232001,0.8590880340231983,0.8590880340231966,0.2996827114425311,0.784596437205514,0.14091196597680106,0.3866290679888651,0.5776946704720336,0.39875881832642207,0.8771477874044944,0.7172166630666851,0.3866290679888651,0.3943033896591204,0.20649949657384523,0.27128328688119097,0.5672761957494963,0.22253836372081548,0.2531447264736091,0.08042045448579203,0.057866082744919466,0.06225350319580317,0.3004390942996183,0.5031781734926593,0.46459055587514286,0.47762999274581497,0.43833384814268206,0.01616448956200818,0.45170635763814093,0.24431023322814016,0.3678609594874803,0.6004591478916455,0.5400264869809633,0.23345648717684667,0.24226762496971654,0.0061583278003224115,0.005712946561964821,0.00957081729764578,0.2952675058884944,0.4035009064150796,0.2766300332795466,0.08416538932902,0.061970376037298644,0.03413590955042423,0.5860724580971348,0.4634732360097318,0.002682993883606551,0.4426805558249668,0.1589009325009187,0.5110894247753224,0.6754302374950913,0.1690332338994935,0.20640367364366705,0.269383456727087,0.5645491126482296,0.2454794425154043,0.2266085556668645,0.28495703488974017,0.37179256983979003,0.24446367487602116,0.35213736070035667,0.0026798583944826994,2.5129129688944132e-08,0.06089807426632248,0.08034338426667174,0.03263195435092725
0,16,0.7573119655329594,0.7933707546622947,0.08739489872242903,0.2584822756050936,0.24326054366713515,0.24838831096205832,0.7911264084355194,0.32616272807111574,0.7804771372500174,0.790475827872524,0.6394955694298138,0.5031366805921487,0.2553258813170878,0.27744225251769117,0.37754703958708286,0.08739489872242906,0.75214974344916,0.17236204787551096,0.2905320024882923,0.06396676432200768,0.7167592313524425,0.1233996276908271,0.05320489463159497,0.9047918370748236,0.05320489463159497,0.12186882463668089,0.06876375984857386,0.9467951053684036,0.9467951053684036,0.9467951053684018,0.9467951053684036,0.19417278475840538,0.7254847656602657,0.05320489463159497,0.4164288141137815,0.7535715430715824,0.2510965273118694,0.9235494176295262,0.8456100884346253,0.4164288141137815,0.25238310670030556,0.12534165994699287,0.32123774876564876,0.7057384050129183,0.15133092566452266,0.2721566036336002,0.11680732743720341,0.08293557847920505,0.06722757486197452,0.24790011317849925,0.3843722295182253,0.5306991239577687,0.6125117894904988,0.33208635068812875,0.02190971277712267,0.251171602238483,0.2039285233483496,0.22205173693029148,0.5905509931245225,0.618947359864081,0.19340072477589162,0.25334271639690364,0.014473142743045161,0.014773227161225066,0.01500777700646744,0.2630511633005398,0.5486134703584169,0.4284650465072296,0.01996769505535404,0.016716496535437025,0.0069937153968207735,0.46906308805524993,0.35158150851581504,0.008992154824810377,0.2698534237840132,0.2068584294587909,0.7299451248118809,0.577891350437272,0.220498189872922,0.13044599238142648,0.2884583365708006,0.6646198618300059,0.2817745067270707,0.20042891916078076,0.23432527446805634,0.2301158742833621,0.22386184333515863,0.24078099157730765,0.0010436876820119113,7.91841058005285e-08,0.023021262275003694,0.01937622674603617,0.07436001625355541
0,16,0.7542216602596449,0.8071666400290858,0.0791965392672041,0.25153548106522644,0.24795390483223093,0.09894514723082108,0.8129925613391733,0.31370557818546124,0.787647918551319,0.7896892638489784,0.7434631873487565,0.35391065525263055,0.26763097538667957,0.2942455332412064,0.5612703353996704,0.07919653926720413,0.7648391599020179,0.1474112294459791,0.2898648135306568,0.05780846978844911,0.7258050715805607,0.11673096879204325,0.13622437918500593,0.7582665208101782,0.13622437918500593,0.2558909412640833,0.17204829999645094,0.8637756208149927,0.8637756208149927,0.9318878104074919,0.897831715611245,0.3920868919605337,0.6539133557241824,0.13622437918500593,0.4167078281617107,0.7263598020548852,0.2972733339329934,0.8113781125028946,0.8290218844991252,0.4167078281617107,0.29036093684115866,0.12630204577700835,0.2859657251442401,0.6992642399323212,0.15602053708387012,0.27353813534305244,0.10371509718374923,0.07619474535202925,0.05890475525574447,0.24737753412830327,0.48312941490241385,0.4043044228639362,0.40026070697029037,0.36581665923053197,0.02177268348776374,0.3280149894980863,0.23132620546688654,0.2536496879906631,0.5449752799919282,0.5934217617441421,0.21816391239107935,0.2658239613346965,0.008562989998412748,0.008910889738713469,0.008924862935458631,0.25077726583396376,0.356718192627824,0.2847037878908298,0.0617469363617176,0.11342526122641589,0.008542909367179571,0.5573976026403922,0.3907238442822383,0.0032939254996303025,0.3350275937798174,0.1622293986912232,0.5470225432367601,0.6011939052253432,0.19271085047840453,0.12403469056863432,0.2905859075823334,0.6319153058045908,0.2781063149250076,0.18837058610706547,0.22950616005797708,0.28061199529316705,0.24885144287461908,0.24856197981026124,0.0009993292583372628,3.09096303084987e-08,0.2048991214942857,0.01436031305072326,0.08213788968824938
0,11,0.9105869952153189,0.8863550987972566,0.03310585286546747,0.4378063598631935,0.1302227077252798,0.2456249762877516,0.879832984438142,0.15852327182094236,0.8977653844369766,0.8953995038272922,0.8876781913295347,0.22592742239597965,0.12852436239529944,0.5802173176096536,0.45662129165351184,0.03310585286546748,0.5005227210842127,0.05060126813846834,0.25600349669809347,0.0889087573909734,0.6701283698571223,0.24460954999554663,0.12008588688525247,0.8916930126830873,0.12008588688525247,0.2353155143695278,0.15286809932419915,0.879914113114749,0.879914113114749,0.8799141131147472,0.879914113114749,0.23801774348543214,0.8402338008564157,0.12008588688525247,0.3681728172855979,0.5049469838071969,0.4373443361525531,0.9130312779832147,0.6519575288169622,0.3681728172855979,0.43642720485384634,0.24977556260080724,0.03981350324852642,0.422748099938289,0.29686532617951134,0.22841868591379844,0.12585249375339636,0.08058944798997197,0.09321875206646073,0.36876906336262705,0.6119770547928298,0.07451302959864273,0.3790529335123951,0.3153869159978232,0.030375407573752115,0.30024226439939294,0.17127098859628426,0.396627329588102,0.07269385026737969,0.30846002345703605,0.3509865005192108,0.19704433497536944,0.010581350986724268,0.010308886619638843,0.01332202768385427,0.42681757145597543,0.022294887039239,0.12243751755124957,0.31295266208102634,0.22747950201564315,0.12589051643600627,0.6488214641976469,0.3764337851929084,0.005249929602662504,0.474250502418608,0.03415934969138297,0.5674114798065213,0.6355294657916895,0.030138400934107717,0.26287973321818925,0.2527444472810824,0.6861655052933875,0.2559653307920774,0.27944692155596174,0.3291230976291542,0.34997645097950303,0.21852161317186009,0.415009210632832,0.0005942852734621412,1.921797266363618e-07,0.052008039008641545,0.09258842918333934,0.1545608108108108
0,14,0.8790027067698667,0.8504272467663715,0.038989907929013384,0.43042989748111804,0.0963857580272165,0.34761789275544425,0.8472066491227699,0.14197533362404458,0.8595928694286172,0.8582998708821843,0.8369799225365374,0.251163776302042,0.10612936797751583,0.4780093553763062,0.4041618214176017,0.0389899079290134,0.5118733422475739,0.046872489385506075,0.057730509849056144,0.0862936095070903,0.9569903137850799,0.237359852294719,0.16474281496779627,0.8501555539071082,0.16474281496779627,0.3002160550694971,0.20750285076017802,0.8352571850322033,0.8352571850322033,0.835257185032205,0.8352571850322033,0.3038320116667482,0.8163064231021598,0.16474281496779627,0.08534755289512574,0.49681210939302395,0.4566009890970387,0.8796773846189626,0.6486825752461894,0.08534755289512574,0.45110870790931124,0.24671414339165487,0.06817483002879364,0.436544199984644,0.28977035821175157,0.07372459259183213,0.10219144606236515,0.017744821069922763,0.22429957724365174,0.7962634123001945,0.5879289919907331,0.11662004300788073,0.31329316843093646,0.3904451384837152,0.030626353408328373,0.5354688796182724,0.17577387968100594,0.707621151406614,0.11003853413022963,0.289317048327819,0.3607023898069398,0.10431758910460734,0.015122861076851537,0.005523367621799217,0.053684451652005,0.6965504790061047,0.028852206756662245,0.08903548534731792,0.24065464597231223,0.20478941112277135,0.06210203998070394,0.6687972797094953,0.37253649635036534,0.010873414385058941,0.47592357586113165,0.05021880358905941,0.538532670107776,0.7516928001942706,0.04671499221326737,0.2569057912808059,0.061290528465662505,0.6183399971836878,0.05208228276686791,0.7485736876827777,0.83731235117507,0.423367039891844,0.12163507301857544,0.8506846224013249,0.0037364770548366194,9.469059272465221e-08,0.06834143852794018,0.12983435331791504,0.07540173053152033
0,16,0.8845579596111548,0.8445514015407036,0.08230946379546364,0.4062395612148455,0.10891136114689676,0.330417734473656,0.9058549910123488,0.14415628225080712,0.8605645330342976,0.8539170185011027,0.8950413012272037,0.26832200354219504,0.10704861882509265,0.4806008291173963,0.976276580196576,0.08230946379546367,0.5485198276498477,0.04681420853093412,0.05416293647115414,0.08464713008205611,0.9540497517999038,0.225210328230758,0.17135922349382668,0.8367559072956854,0.17135922349382668,0.3101312495509233,0.21565499552727754,0.8286407765061714,0.8286407765061714,0.8286407765061732,0.8286407765061696,0.3226761178348908,0.801466798911244,0.17135922349382668,0.08035666245204098,0.515372713307725,0.4474414615912189,0.8689176896986146,0.6661429187102715,0.08035666245204098,0.4409165850108881,0.2354408227758361,0.15664049666612426,0.49738467061471203,0.258481719479546,0.06279753499848127,0.09212024179971222,0.01193252788985142,0.21967202467600633,0.8264601397340631,0.607431168282099,0.25072226936800085,0.32185183252902194,0.4103373717266706,0.023471520256140722,0.438472719796149,0.09768817478342441,0.8282817039933176,0.3392379679144385,0.4165131447918742,0.29614485981308414,0.07389162561576354,0.007070507960129789,0.001650971447920093,0.029589070459674068,0.7850565892959908,0.178359096313912,0.18386689132266218,0.18130796078028563,0.08895803699918833,0.12395680669676395,0.7127802146672546,0.4683698296836982,0.003980777148148506,0.49493661604875816,0.097911253071991,0.45317959625006443,0.679485669116509,0.10153492297810957,0.2376183908071632,0.055409359596237315,0.5928499801577989,0.045349190745188256,0.7489177148183648,0.8529231406340838,0.3896250140715364,0.08143557798351063,0.9481930131155091,0.007087607046865255,3.523971579142378e-08,0.07536121547162371,0.11217908733449845,0.041393349920832365
0,16,0.8420310232960623,0.8248811278398112,0.07275380322062804,0.2290199847425825,0.15318887962280134,0.13708779652891478,0.85283513683548,0.1863975215989677,0.8337339602538602,0.8320800830624502,0.8649142982496139,0.21053558155637966,0.15084002126304305,0.4099207901266694,0.700474245221471,0.07275380322062805,0.788294133713564,0.0605793338186718,0.02204641851959724,0.056122744070700246,0.9017431054090886,0.10463684306931954,0.05741194796457151,0.8795129523152143,0.05741194796457151,0.1293078460862452,0.07407372124544256,0.9425880520354291,0.9425880520354291,0.9425880520354291,0.9425880520354273,0.22790080374140387,0.6838905488542336,0.05741194796457151,0.03250016510976256,0.7850541558977044,0.22914686297732334,0.9032508906737312,0.8672289725989909,0.03250016510976256,0.2293006704863452,0.10739080000281123,0.20049477844831995,0.740443286055688,0.13348312675787272,0.028398307319595403,0.09419732333936552,0.00619753803814134,0.24063600946108787,0.9215217876919704,0.345300998419887,0.3329422255009153,0.6465388734403035,0.3775302042411922,0.012831102318426173,0.2790781401761273,0.05545788591347235,0.7454713679026475,0.40198423867154515,0.6444124428094523,0.180476091852849,0.03889032927145447,0.006808940816807797,0.0012032088339540097,0.0300431992483905,0.886871889103153,0.321515739407973,0.3742809335670128,0.10143430368348956,0.07282494608354442,0.042986318559715644,0.4372666896898114,0.41445611536407345,0.0019731357081358234,0.263823864323972,0.11800382540390475,0.6869181174146413,0.5756274468292053,0.1318199000612148,0.11142284944554423,0.023116870178147772,0.6180898012334952,0.019402871784563805,0.830687933523262,0.9386393077099835,0.2839457611565127,0.045102757434374516,0.9388090497076108,0.0014354231355229302,1.3848798968740374e-07,0.023913201144653035,0.017735169535929834,0.11678366305041477
0,18,0.8571740170479867,0.8480016816224784,0.1074132933465048,0.4523261322252075,0.17366989768190735,0.08551572134105805,0.8523858450101054,0.2021351844007316,0.8539576514453189,0.8569235054413584,0.8784627810824395,0.18395040921962355,0.18226130648463704,0.4638913328347182,0.6093294486457659,0.10741329334650485,0.4779428014929896,0.06111362925356419,0.06469182050681219,0.08849984241761863,0.9607091951345343,0.26003519517554646,0.1506733868306754,0.8736658218485012,0.1506733868306754,0.27996720435278555,0.19029013974261114,0.8493266131693229,0.8493266131693229,0.8493266131693247,0.8493266131693264,0.27003021397002047,0.8419055015800628,0.1506733868306754,0.09506659388879246,0.4629568180365318,0.47230371170252394,0.8985557414802089,0.6149059282260988,0.09506659388879246,0.4688957249510919,0.2675992322045655,0.18967509848451677,0.42570645043495536,0.29534392506320095,0.07582383093214083,0.10856440408223421,0.0182533841995548,0.23637422630158023,0.7904622048443464,0.6602946463630588,0.3215666947840067,0.30797804195646583,0.3692899063046985,0.0303920020166207,0.43326749958667266,0.11687990849349901,0.7584104824332049,0.4096950843274373,0.3371036911244961,0.33644859813084105,0.09094353921940129,0.007676696005296584,0.002181661221686027,0.030484238383227173,0.7354542637489118,0.1989389920424403,0.14788163686485248,0.2689127954935731,0.15153060308913283,0.16003340923215462,0.7550340914305802,0.4543795620437959,0.004368425470228905,0.50238786669724,0.13890521653950266,0.5348837270253011,0.7275010182221786,0.12855878830675005,0.2747637637613073,0.06707448793228725,0.6379374351928109,0.05942290236741804,0.7428607909739766,0.821959591293891,0.4169989400402577,0.10193062071614457,0.9116720904653625,0.011332905009105207,2.5740414776230115e-08,0.0692487696396877,0.12303298175814195,0.032731175102843874
0,18,0.8534490291473631,0.8194911492438164,0.12196611599817193,0.0877705423270595,0.11501234081483842,0.16337529234138903,0.8218196448367519,0.1333142435855121,0.8312576580237774,0.8281412328480703,0.8536998916282931,0.1646153159396531,0.11637789767471418,0.4013675001514774,0.6206502495055078,0.12196611599817195,0.937052252532834,0.03283019777565888,0.0061848592325128154,0.014520957173625795,0.838584529717053,0.028562854393252946,0.09099226233526049,0.43770462552670675,0.09099226233526049,0.18885917722362855,0.11661249181873487,0.909007737664739,0.909007737664739,0.9090077376647372,0.909007737664739,0.6518071242142078,0.32901056385378874,0.09099226233526049,0.010380717809339746,0.9047006572117231,0.13054776671736862,0.5484861011708045,0.9438048206718693,0.010380717809339746,0.12392195513192204,0.036096486947953664,0.33828414018820047,0.8706233802042551,0.06653496061521937,0.01342861401335077,0.24892081865508892,0.02561050370783649,0.5133945276049194,0.9628902663217838,0.2741007164668426,0.49414524480690086,0.6170260141581505,0.2677856535757043,0.1606412387754638,0.21658729774468244,0.04166681328355008,0.7039761221753126,0.5526794857207873,0.7576949108898806,0.12298033110089134,0.02515459595430246,0.028185703446347653,0.006350429116575316,0.11372724731698595,0.9268277750794863,0.5388721633313938,0.5108850482612487,0.007024788588694148,0.00523686870496263,0.00428984127423566,0.3380780060812213,0.285879132674968,0.022007899632809448,0.14378914470645165,0.20674882495954044,0.7582029363748986,0.5165658926584602,0.2487996987294078,0.03313000963081727,0.006504452687380799,0.7266032335383152,0.009633818084122711,0.9259851638587024,0.9827347856007504,0.16687783945243406,0.01716114887785114,0.8851647112023772,0.002861449998787801,4.820945261021639e-08,0.034551310548576034,0.007160448933775819,0.05185604987248506
0,18,0.7878071825250845,0.7946479722421282,0.07916521147340523,0.09249873352623306,0.24309805712096924,0.09952138503536702,0.8363165206767309,0.25945855939611484,0.7891886918100375,0.7862737789091447,0.818754957024632,0.2620500027531275,0.23508523898834166,0.29411524901804964,0.7624437149285047,0.07916521147340524,0.9328327929177995,0.0955865126801293,0.007481166188019639,0.0227453381086921,0.8492889754238186,0.037144297865779066,0.027137219338865655,0.8437893901960567,0.027137219338865655,0.07047635145637167,0.035316689474012376,0.9728627806611332,0.9728627806611332,0.9728627806611314,0.9728627806611314,0.25442426305732513,0.4853572849428463,0.027137219338865655,0.0111576385096826,0.9203181338854836,0.10488443248745319,0.874565460302427,0.95300893061964,0.0111576385096826,0.10485591308052239,0.03873030446869705,0.3038911832703857,0.9298032935889236,0.03610030238657307,0.007128450107384485,0.276985351887278,0.030756092556234634,0.5581811888545707,0.9803006561391603,0.1678631347605119,0.4748691626775173,0.7766743302678223,0.2495155072016112,0.17871773444119682,0.14017329135296752,0.014992595111370605,0.6852682641875312,0.5144487865076101,0.9222529020454658,0.039460020768431976,0.007578628268283441,0.029909818760223302,0.0069381823068752225,0.11981361266087905,0.9779545219790758,0.4253178450562518,0.4890405427635678,0.02037018761569194,0.004382886319626591,0.021989162486284387,0.30310943706179805,0.2634124087591245,0.022066631496007866,0.11767992453025766,0.18764689530141118,0.8214221809279965,0.5040392152742184,0.2180447243504836,0.035350752124515834,0.006950472300229771,0.7448047143363103,0.014243880300257888,0.9262374855321682,0.9815508851848018,0.15642687648040743,0.011338268586144548,0.8920728822097269,0.0009228799520550027,1.8492595021234383e-07,0.01257234667606672,0.0025960258919149365,0.17296786389413984
0,20,0.8436521439641598,0.8181975170894724,0.08973181144276972,0.10595766014367587,0.10558402320059837,0.1845304426803866,0.8177995848904938,0.1427885798275592,0.827739879206049,0.825793790737007,0.8369971384353931,0.1874913816308195,0.11216906412924013,0.3925338823461755,0.569972597440298,0.08973181144276976,0.9204900148163786,0.04078076196285183,0.00923928870920783,0.024777887942832515,0.8533455338321306,0.04421469279405471,0.07300081957917809,0.6744559507506286,0.07300081957917809,0.1585637554496083,0.09397217672689626,0.9269991804208217,0.9269991804208217,0.9269991804208217,0.92699918042082,0.4553492400344782,0.4603414292475448,0.07300081957917809,0.014445812601455055,0.8853988627592471,0.14888953487701498,0.7385935051396825,0.9319748309379968,0.014445812601455055,0.14487770694530236,0.049767062158069114,0.28618062165232544,0.9027698596746918,0.05000287971172802,0.009971794329111258,0.10189202596678491,0.004727168726019172,0.26123019762860616,0.9724431254424797,0.24376870067007955,0.41544507611263765,0.6395999519401543,0.35823866561416795,0.014203340330749171,0.25694445991502424,0.032033642153080605,0.7913087628822024,0.58892554057196,0.8705813654484814,0.06568556436937963,0.012850717498393657,0.007036278224632055,0.0011332532638401777,0.031412163568467814,0.9626185372688679,0.5651269192989712,0.5501040732701302,0.02465911728141914,0.015702150627242215,0.014054816417731982,0.27185267027212373,0.39142335766423275,0.0013720557376300903,0.1663047192739071,0.15135827971785992,0.6900062492130121,0.571028079471767,0.18639774965531522,0.041846875875161754,0.00826279923803537,0.6373485698680172,0.00884775532505587,0.8698106407394635,0.9780674858840301,0.24592691944585632,0.022369009514044205,0.9693907819929429,0.0019041349669299166,8.24743756976029e-08,0.02953135407714945,0.007661465799896684,0.08005249343832017
0,20,0.7937731088802182,0.8079361333766573,0.07327924672688466,0.11247239928452654,0.1797441117223777,0.12662730926226773,0.8435964102224823,0.2370567657381141,0.8016883971896239,0.7974655045200824,0.810886683394,0.2926790704205672,0.18861009857987282,0.32710802552961926,0.7011692950302043,0.07327924672688466,0.9143456956987321,0.093667421519422,0.008746673039059905,0.02638730499938142,0.8547371160377384,0.043358214362333086,0.028041939193744266,0.8602907141098288,0.028041939193744266,0.07160252633782817,0.036464945270793706,0.9719580608062568,0.9719580608062568,0.971958060806255,0.971958060806255,0.23256072382287407,0.5171513889485765,0.028041939193744266,0.012982881667260082,0.9087827612716055,0.11596674202746993,0.8878157508692849,0.9459925536970931,0.012982881667260082,0.11616127763781102,0.044882240263629296,0.2725657891662427,0.8937952190672229,0.05461829909968548,0.010926351622489644,0.1077887048655735,0.00553133904521385,0.2714396971866061,0.969805223503929,0.21034987822293755,0.42427893313394405,0.7311270869677282,0.33579566981407016,0.012657981520726556,0.20395412750935304,0.025394469092506727,0.7396159124264055,0.5165400417373157,0.8556034909181557,0.07328748464142952,0.014417878168929463,0.00996916731722717,0.0018295219503944584,0.042931746388688526,0.9580598223016566,0.4556857399727386,0.49758112248145303,0.009482316528822227,0.002354132141490918,0.010751551786840362,0.3097450176064188,0.34739516244453966,0.0030083706512358866,0.14913003701669358,0.15357842629158253,0.7564899700495002,0.5411707063831843,0.18188695085426743,0.04508069058233027,0.008920392256979381,0.6580362169745326,0.010295339482343,0.8796450171384326,0.9763219916810291,0.21307532934059437,0.018262355600461938,0.9412136669080916,0.0008040787625646082,2.194013334191063e-07,0.012628873036158497,0.0033536265964070203,0.20087815587266733
0,20,0.779763242291456,0.7869359327904701,0.0586005124399275,0.1514453954541334,0.21886537070476386,0.10253955704054867,0.7943268944215085,0.23959948915679105,0.7798391210474456,0.7783134471118878,0.7829945565973025,0.23878381523875716,0.2112332930383153,0.26850503558540284,0.6119058707301737,0.058600512439927525,0.8754448038408833,0.08554087165725288,0.30294498549099275,0.03855670138426348,0.7575921798869016,0.06732380748070975,0.05200629353895456,0.8358082891709431,0.05200629353895456,0.11974305014530791,0.06723174232560128,0.9479937064610464,0.9479937064610464,0.9479937064610446,0.9479937064610464,0.2783441313946313,0.5856399687739476,0.05200629353895456,0.434162177436096,0.854303459691055,0.17208986782468794,0.8681567679952725,0.912337939226559,0.434162177436096,0.17118140900227,0.07045237118526003,0.2669576126037994,0.867593677235649,0.06809305641344197,0.29108911182295394,0.09391420149283598,0.07184001576619853,0.05060062681328066,0.19558046678244861,0.2019892818362104,0.4282132011807278,0.7414124209111177,0.3794712242586572,0.010922071280169905,0.28295050620443485,0.23528357204222722,0.16367386002337417,0.5165400417373157,0.8556034909181557,0.07328748464142952,0.2811486242941247,0.00849762872733997,0.008854538848963646,0.008824204705856896,0.18216653488230647,0.4643861836953685,0.5076044417336933,0.0028111271332030645,0.003689971930980619,0.0008358897645856041,0.293432587476933,0.36529867421421097,0.0020604272848934735,0.18906421670171525,0.14564880988581383,0.7340776823497401,0.5709385676431604,0.1696805672824162,0.06555460702501399,0.3027775317428477,0.6157684583632943,0.2831100080183643,0.16523753380829864,0.19631685369043567,0.25150040842036236,0.24547001240081473,0.19257988927548458,0.0006955829959404323,1.1663624472593074e-07,0.023294494663799924,0.008909053071785755,0.11444652908067543
0,20,0.7956166437348793,0.80426217948396,0.0796887188792374,0.055462502315563454,0.1717393984255933,0.15035980952666705,0.8104411705886485,0.21984656083624413,0.8024025600062032,0.8060872989881616,0.7693827983245323,0.2993892110421644,0.1808907008070901,0.3279133317150663,0.5185109226691458,0.07968871887923742,0.9640970778421654,0.07957602611333255,0.31416098083484517,0.009628293405259038,0.8013139010086752,0.01613058903726469,0.025941675165493016,0.6785622008565906,0.025941675165493016,0.06687693810797156,0.03373406267991741,0.9740583248345054,0.9740583248345054,0.9740583248345054,0.9740583248345054,0.40867497155870336,0.32483088424941703,0.025941675165493016,0.44976411515588,0.9584424927158322,0.06328144570171397,0.7418907561553729,0.9757916575088855,0.44976411515588,0.06216208175823282,0.01809402873981552,0.26554822828584496,0.9336704313650224,0.03411153610072792,0.29811160816586557,0.3093170623050437,0.20130696143887014,0.13470207631124564,0.17617392424703837,0.22441844248560833,0.3850106730782263,0.6602851456920453,0.20498522653171392,0.18692791693220565,0.09476303203912351,0.17284890958165422,0.10696713899672267,0.41284049131016043,0.905791184836188,0.04781505549065421,0.28633004926108374,0.04014998727686384,0.04101990224237859,0.03845172154160003,0.1670942835219644,0.35811162306777644,0.5084278906908171,0.001242159210392516,0.0026147030018965835,0.0001364497728683278,0.31286128706601457,0.22621101526210957,0.030549755184106058,0.09806572459200935,0.17221073117641514,0.829083410886992,0.46770750244857306,0.20359542205643946,0.018896055930896802,0.31225427623181,0.7891355666509821,0.3283026207731209,0.16441247231003397,0.1711620815254732,0.11986636453603061,0.21202187036618758,0.139394560541318,0.00029711747638328206,2.808426891085799e-07,0.009290170081509288,0.001233365187759351,0.21229698375870062
0,22,0.8350277455295328,0.840616401429602,0.19541542375108223,0.39888343050007646,0.227813011388251,0.38396189555912286,0.8451691193791812,0.2654337329169708,0.8275653094291373,0.8271784428660007,0.7058987068997328,0.4945581005613652,0.22772774135113774,0.3976113276875055,0.44515946553808544,0.19541542375108228,0.6228882310996642,0.1188771099093655,0.38047563957900554,0.11811677113659774,0.9150779201907964,0.2168097822217468,0.07474771924181696,0.9232627598429541,0.07474771924181696,0.16160765845786423,0.09617148638155482,0.9252522807581816,0.9252522807581816,0.9626261403790899,0.9439392105686384,0.16805655747630976,0.8537109598915916,0.07474771924181696,0.5060045387683207,0.5972240971843445,0.40037259618392146,0.9791134420859154,0.7338551898053381,0.5060045387683209,0.4035859495492275,0.2185352589473143,0.44314097828559534,0.6676164919994805,0.1821633751864735,0.34710721232135244,0.25268153394416226,0.2258728834880496,0.09389407252843966,0.16292100432723222,0.46116792290413294,0.7386946231062143,0.5702411712105955,0.22921981596519136,0.14710168565716142,0.16355783485358433,0.2327679196660153,0.1019477805141624,0.6958921707887701,0.6482364401544763,0.19588748539719628,0.3201970443349753,0.035772269176484496,0.05049782960721798,0.028579413665081113,0.1680893919048533,0.5364707193816884,0.3593108282434709,0.023471437579431195,0.0231620178185903,0.013158730934246748,0.5190179563676908,0.23208975398756454,0.02578982523408987,0.37883454663172356,0.3287980345841401,0.741767873996724,0.5057378377937796,0.31411490062854985,0.20969324028058015,0.37205698805775395,0.7663187999285017,0.3878865484269117,0.15041184866890062,0.1592067271744257,0.15451258454141248,0.26285057766197356,0.1352075084834673,0.0010612072156922594,3.149630341374588e-08,0.1084949186053669,0.013889144842833889,0.08566595510705732
0,22,0.8206534404327176,0.8062277561661527,0.14754030584478126,0.0689345798009355,0.15030257434979555,0.11796715915829241,0.8253785126819762,0.1701424888092581,0.8129586012453525,0.8099988354133049,0.8376077891877347,0.20273853409448842,0.14483552398540891,0.35376328894374864,0.6778498214698868,0.14754030584478128,0.9532182640760289,0.0499889798472838,0.004630477691200285,0.013660728552135676,0.8360227384293066,0.022759962225041928,0.03109694263197869,0.7220595619462625,0.03109694263197869,0.07870400396840864,0.04042106825538447,0.9689030573680224,0.9689030573680224,0.9689030573680206,0.9689030573680188,0.38145899370509584,0.37881900204397195,0.03109694263197869,0.0071472543851962,0.9440733642391979,0.08106150657442177,0.7768184187080571,0.9672965106948609,0.007147254385196311,0.07987338580810793,0.025034551722718866,0.5245057998957918,0.929593237592413,0.0362083286085973,0.007151260982198079,0.1006207590615635,0.003497709068111258,0.2620768314025857,0.9802376186962449,0.18699576458650807,0.8040825497749349,0.742488066095141,0.3575179325256549,0.012932036549678219,0.23864826549040674,0.02827581905836017,0.7782456046891013,0.9824331550802138,0.8805018920533759,0.06065046728971962,0.011822660098522175,0.010779451803095245,0.001955861282461103,0.04636793873165431,0.9656090542873584,1.0,0.5907516615183,0.0032755757133554222,0.001650793187414136,0.003812963493330092,0.2750925645482088,0.3535583941605841,0.004377572512532077,0.13649986580323004,0.2753422892076343,0.7139859420909129,0.5440157452237673,0.3428937826354702,0.02462168106199413,0.004807638942846679,0.636040264733368,0.005170587981039379,0.8782162573558029,0.9872387545744676,0.22286379061482287,0.01661496032126271,0.9596988739456035,0.0014804719709168304,1.0640758068557089e-07,0.013439854313261411,0.0020207082852532997,0.1009376723662438
0,22,0.7895140725197757,0.7877182228063967,0.11990659211769449,0.24665516618995448,0.142847595860983,0.25294893156413584,0.83756498490258,0.21893591793145808,0.7916960984360524,0.7938904087019005,0.7315961519424172,0.42952200576755006,0.15191989516648088,0.3009226246238563,0.5338017959873598,0.1199065921176945,0.807770207025067,0.09760430110849044,0.31468864938974034,0.06730684645996352,0.7883276455466525,0.10291456317428174,0.05635851340860483,0.8808424665118106,0.05635851340860483,0.1286129981538055,0.0728350100081092,0.9436414865913942,0.9436414865913942,0.9718207432956945,0.9577311149435452,0.2163872863690106,0.7134446113865661,0.05635851340860483,0.4445212472677327,0.7975121703069299,0.25079027612246735,0.9153758469408279,0.8771137380622575,0.4445212472677329,0.25170456231612953,0.10561342556637497,0.4106303813148929,0.7702049886026867,0.12529421623035675,0.3055163123196718,0.20492632919257825,0.13935458200897582,0.09828906143178569,0.19403511609495583,0.3847225831545947,0.6381021994854903,0.6013324756599452,0.2827309274970916,0.11072812373785249,0.23489830901992692,0.23577595003151997,0.15414284613392684,0.7337978198272316,0.6921214921000437,0.16971962616822425,0.3001136794240242,0.019987818289424364,0.02054697022011826,0.020193950797189306,0.1857870117605395,0.6105369066130064,0.4067885325742885,0.012939814246689628,0.012167228175433491,0.006963235447183809,0.47000198936396914,0.31640657773303077,0.013897188717543797,0.2657297712017819,0.2631170604380974,0.7365611594664645,0.5750106809890372,0.29206224115539287,0.10586943791513764,0.31442958633014345,0.7154314350789224,0.31274098856172217,0.1773509366931501,0.19337691129587914,0.19904391890395312,0.242515929627919,0.17780087923304044,0.0006595135071484577,5.554206096061102e-08,0.07551769990740424,0.005682795542658716,0.11937881831973425
0,22,0.7660892036338487,0.7695430036882364,0.10079853121384266,0.2487788212022762,0.1604062142335998,0.44518382317720356,0.7807276244423147,0.2330994371181145,0.770070092861064,0.7761796239329377,0.6523338267995995,0.45636245770042105,0.16954738693360435,0.24440377480027164,0.26183384016801436,0.10079853121384269,0.7642287751088013,0.10598534352658923,0.29266054926692986,0.06115538290382924,0.7216582120771988,0.1152939938260057,0.04499606617461268,0.9133509382742793,0.04499606617461268,0.10725167661868702,0.05832253633558742,0.9550039338253882,0.9550039338253882,0.9550039338253846,0.9550039338253846,0.18037556842858937,0.7162924839308138,0.04499606617461268,0.4193346858095306,0.7720234370166337,0.23488947684954573,0.9304222345305322,0.8580649178615515,0.41933468580953037,0.23664298902185024,0.11668401050701846,0.38088686404779953,0.7025952613312432,0.15294736100962908,0.27174568322080883,0.23106758017209006,0.1501221022574315,0.11613642006340717,0.2490356843600426,0.4067268739477757,0.6225190709657594,0.5917334214515146,0.2624430997597954,0.1313048673896057,0.19132974560967475,0.1840492437727025,0.20410325153985084,0.6534629981024668,0.6138422061265681,0.1959918114892003,0.252661687589385,0.02355858159211898,0.023892382963126485,0.023948140463713498,0.2650322085604847,0.5782286832112308,0.4044263776763007,0.008116309157271295,0.007266479871828007,0.0032706204992424426,0.49027803486312854,0.29759207987247177,0.017068513261979522,0.2563647265193888,0.2663532127337926,0.7606553149561501,0.5411294796208554,0.28254130854245557,0.12408868093952628,0.28992983722588533,0.7340504090495155,0.297318714250724,0.2065303805633717,0.23041936946424812,0.1720487982766702,0.208948050203228,0.21787830826182147,0.0010944276404423958,7.402375937848013e-08,0.01929971316723621,0.015604466753732579,0.06966121050628092
0,11,0.8341844543230862,0.8670637314886043,0.043986727031740905,0.602929715207887,0.24746044855188007,0.13747718835968326,0.8682442073799319,0.3065765327689763,0.8669898820680797,0.8789966757665049,0.8349517153621769,0.3005254148974399,0.25055260440981486,0.5035340489378681,0.4327759223742334,0.04398672703174092,0.2258215436959241,0.1387273041409166,0.1720470711968068,0.06752527501248475,0.7775734854235864,0.3771620356232611,0.3493831256922057,0.8038331924926159,0.3493831256922057,0.5183044283623742,0.41939451371321157,0.6506168743077936,0.6506168743077936,0.6506168743077936,0.6506168743077936,0.3918113945785384,0.8652560828832407,0.3493831256922057,0.2519625400158104,0.1634806263561826,0.6938361079744629,0.8424812934634592,0.17265409992994718,0.2519625400158104,0.674081689168003,0.3999142164953406,0.06324049810509298,0.23428823079737615,0.3937852332742893,0.1573300628691367,0.059530768338119724,0.02985309000386171,0.0987047996080322,0.5652211965549064,0.7651800066759353,0.12909308602165476,0.21284383806224683,0.5411479758186696,0.019599767052906066,0.6182490649176838,0.1938607117868255,0.7631828359756493,0.15144552139037434,0.22742018245590734,0.3921177310488057,0.1354679802955665,0.005911376119293328,0.004083434310747444,0.014635232908305503,0.605937080375983,0.027868608799048747,0.04565080033698398,0.187122010046574,0.04704586049467174,0.18047704306475426,0.8522952977653967,0.532325338894682,0.0039495304700675,0.7439392734838587,0.04271392033052165,0.22127830281160676,0.6777147504237102,0.03431311861505744,0.40745762549651027,0.17210693314854658,0.46387164930448677,0.14536135026863625,0.413080727098569,0.5431647760046145,0.5123867424024283,0.17568251247744326,0.7762067108186301,0.0053135404792074474,3.5057729807437914e-08,0.1404510981263574,0.3780065425977799,0.039119281744335176
0,14,0.882176050870543,0.8515644344564446,0.1413849014175491,0.5811311677970005,0.1420552527253742,0.2024042803604808,0.8630286677331187,0.16441597144350356,0.8659985086847627,0.8677879340787955,0.8567770764317697,0.24797849823977056,0.13867744732265183,0.49518108768120883,0.4444748729489916,0.14138490141754917,0.26428217508474827,0.04785275249725112,0.11841793874627449,0.07160467393713696,0.8937050780435655,0.36057337726983185,0.3450543407171662,0.798132718526301,0.3450543407171662,0.5167838564942073,0.4157575177796446,0.6549456592828324,0.6549456592828324,0.6549456592828307,0.6549456592828342,0.3999625289547034,0.8565323844171412,0.3450543407171662,0.17518683297085946,0.19473408686948085,0.6769827562138448,0.8379039070175622,0.27756667542656344,0.17518683297085946,0.6572292619724438,0.3833187252258876,0.20106022148360136,0.26624158193108427,0.37735247314682574,0.12015799902027964,0.13073359510301624,0.03571983427394939,0.23307747295060122,0.6679455274746335,0.8273151228613493,0.3522191119386661,0.14336362058266228,0.4212633149037036,0.07443809698906699,0.5504700894408477,0.17080150051388915,0.744627536770869,0.38206125425376763,0.23461955654021704,0.38846373677299745,0.12897447380206,0.015781348727846818,0.00676508648499996,0.05210139749099437,0.6248260467711839,0.07620797751594421,0.03151914333655927,0.21169700841639083,0.10482388345746005,0.14333307835504436,0.976382273516106,0.38509442706523,0.01227934078125556,0.7245289301629195,0.1424866407203135,0.2578634286809942,0.689585699230717,0.12344729154738199,0.3872154224060233,0.12015390787410192,0.5826616753320091,0.10716006642210046,0.5866577334873992,0.6810672503808439,0.4256475216399208,0.1391632582350753,0.7920434620951095,0.07177034745162603,7.146850249375257e-10,0.14052462205073965,0.3579146908952612,0.013087587735877948
0,16,0.8838716521143997,0.8550540263305795,0.07741705899762982,0.5484534495030365,0.163438062834166,0.11867658396879703,0.8781597562482673,0.17297007389087798,0.8644745068868418,0.8603905196182994,0.8859053995188951,0.22565777939064482,0.1608697932583427,0.4910021190623679,0.6899354324916699,0.07741705899762985,0.320710900674529,0.04614513212135199,0.0979397088853999,0.07837037981060675,0.9290667702727693,0.3322511759485918,0.3014443398454766,0.8076629605197168,0.3014443398454766,0.4693719852383515,0.36709608714635134,0.6985556601545237,0.6985556601545237,0.6985556601545184,0.698555660154522,0.3819254388026311,0.8490473803718537,0.3014443398454766,0.14516237124618636,0.2647255572287491,0.6277749666362326,0.8455565339367548,0.3984346225318639,0.14516237124618636,0.6115915626678669,0.35172365266075045,0.12955860975115652,0.3008279856805328,0.35956560396656206,0.10673703750670475,0.053964054822525795,0.013237617467739576,0.13482536907563625,0.705034113607141,0.6945331934182102,0.25715607901198917,0.2812251597877289,0.5553191245953025,0.013651814730954287,0.6113063827411575,0.18346044100685177,0.7875284717185789,0.29839094728800614,0.2661208412197117,0.3724754699387542,0.11259676284306824,0.003746984975624165,0.0014848852039081614,0.014142314491584337,0.6724671836891288,0.16137251571258704,0.15348054414127346,0.1056082094233469,0.0773245176313209,0.04292116132679682,0.7638242406288427,0.5453163017031624,0.0014261162172688852,0.6643119887990788,0.08320875980984878,0.33162020538485515,0.6552408127144538,0.07255750194685372,0.35751643717673737,0.10109777891243298,0.44851254610289204,0.07275362875662558,0.5858786938133984,0.7316492390516617,0.49311749080442835,0.14445864857415552,0.8609436310826402,0.12040992459161728,1.9594836669310835e-08,0.11708338916288297,0.27826298511229886,0.027199762187871578
0,16,0.8548600265197446,0.8488082621033497,0.07947589286254497,0.48317315073789363,0.1598048593785709,0.26952540708010136,0.8719752036316831,0.22480012760116422,0.8456189436856866,0.8443467297630913,0.8006129323989511,0.37351574881026806,0.16494197074720376,0.4443711860543761,0.4304786571170175,0.07947589286254497,0.47050654338280085,0.1017438225570333,0.4223703664788062,0.1049854417974097,0.9564076367960316,0.27357130115142947,0.115270481806158,0.9070660794297964,0.115270481806158,0.22671297032305127,0.14672490282582323,0.8847295181938417,0.8847295181938417,0.9423647590969182,0.9135471386453808,0.2113506739637544,0.8732727622648752,0.115270481806158,0.5443527337321741,0.4694143530121399,0.4782518494924685,0.9382886260367166,0.6196020071235503,0.5443527337321742,0.47909739609971924,0.27763517997070447,0.15111705256714716,0.4217533933403952,0.3167790983584866,0.4136711370315106,0.09030355108573028,0.09435461566991765,0.03312626238091135,0.1377257586396735,0.6090281064425747,0.2956993653331997,0.4552903357484488,0.40155798887844407,0.019474223972113396,0.3948266523272499,0.37553618405428735,0.1567340282605519,0.31708365164247515,0.31375242123670155,0.380533833471083,0.4292751583391977,0.006438907396611662,0.008505546791887883,0.005033092691243288,0.11520648927132729,0.18366740275182597,0.17855375792552347,0.31597726931400294,0.42617476900075424,0.05908947333157879,0.7225856495380273,0.4676873776037025,0.003155457370307594,0.5140842458466034,0.10858352416671829,0.5380907006694551,0.6614912582808574,0.09907238714777375,0.2865967708980646,0.421857195339888,0.600314685966074,0.38542889643168765,0.10948357480902372,0.13598084940369026,0.42447852947570863,0.41764242432517346,0.17225177131421981,0.0007519473540887849,5.7310953373281263e-08,0.1784389758696328,0.03258538204925967,0.1439245195310797
0,16,0.8562134997435047,0.8370818504011958,0.10939467105773598,0.29176595381616066,0.12974576407551805,0.19345093178550965,0.8787028709659904,0.17001511329673044,0.8420472934544234,0.8377078656168114,0.8695922516590395,0.2576724814854068,0.13245887632709347,0.4317587034054319,0.8227583449461923,0.10939467105773601,0.7094514995199503,0.05573185132770738,0.02848303418656406,0.06294215676269177,0.9146624508318137,0.12977769240883735,0.1263355474300973,0.7929991905514104,0.1263355474300973,0.24384551214350625,0.1604438715367914,0.8736644525699031,0.8736644525699031,0.8736644525699013,0.8736644525699049,0.35650823972324075,0.685787578510709,0.1263355474300973,0.04286869939533189,0.7071000817454285,0.3068124560789258,0.8337817688390888,0.8152673839157972,0.04286869939533189,0.301320797923379,0.13815720478435067,0.2227677357119012,0.5707668637336007,0.22074320585373022,0.05123741861762078,0.2609858846027659,0.0331923073818806,0.5171524305679907,0.8584063137589034,0.5249760453208105,0.3478036593170115,0.38183302700450084,0.2807691914000946,0.17512005594511967,0.37684495809875684,0.12011173975851873,0.6697349852433427,0.36760629972609893,0.46684365877472855,0.27059994329143194,0.06488045176018262,0.031142759825132416,0.007623592807584893,0.12314771726400182,0.8112692003574552,0.25557553435225194,0.2670447796799253,0.0305846175645044,0.011730254007851092,0.026134924554550392,0.6412952817063017,0.30122294788065085,0.027044465857267375,0.2993615775393855,0.16829832147150145,0.711231452820356,0.6664268996228453,0.1747798864133699,0.1529184920261769,0.032812437015438775,0.7243880303577819,0.02995931195574339,0.8733681680668061,0.9129037003939604,0.24729831466569785,0.05862936398517503,0.8437403994854162,0.004909885872109279,3.490892846758722e-08,0.051895081095190074,0.05680239360695062,0.03599527930763175
0,18,0.8378567989016599,0.8476965851504563,0.10820774318786583,0.4421033575869755,0.1987112082028018,0.1337164477655931,0.8482992913084509,0.2432502376351682,0.8421677110223056,0.8407781933722779,0.8306453318794795,0.2655036518215871,0.20207439223014792,0.4348831440905403,0.5519386707702807,0.10820774318786586,0.493873111264463,0.09710694962788514,0.0645400540523147,0.08886375005419062,0.9613058903175908,0.2600276673227732,0.14251926546314903,0.8802041758171559,0.14251926546314903,0.2688192518906165,0.1805072240141796,0.8574807345368498,0.8574807345368498,0.8574807345368463,0.8574807345368498,0.25994332927697317,0.8449582196473577,0.14251926546314903,0.09471198646070056,0.46677130019882257,0.46760684823247445,0.9038059317295546,0.6177830942677792,0.09471198646070056,0.4649993933702118,0.26685767798680426,0.22486167122331477,0.47785822878813833,0.268523650084454,0.06617851850962693,0.08775915406698566,0.014805965051353072,0.2021126042469748,0.8171168525158649,0.5660638563754516,0.41091188990357536,0.4508033866542289,0.40920969410518804,0.016472700875185778,0.4003445323690922,0.09356799597696895,0.7889421735148103,0.4996836802902979,0.44529055771880566,0.281539075910738,0.06861365235749473,0.005900219162813669,0.001741359220383516,0.02357804401378118,0.8004096900605627,0.3304420757601495,0.24444556676925192,0.12488164090635454,0.029281784142161267,0.12348325652684093,0.6247889749681148,0.4543795620437959,0.0020982898252676807,0.4947084163621861,0.14845498909733695,0.5169538558956568,0.661305842536843,0.14124463978035473,0.2663794873195474,0.06431443524563259,0.5926074237263961,0.05652978085783855,0.72061020109178,0.8292857882359901,0.3615395108282874,0.07660202237010182,0.9287521287471946,0.010077596448923426,2.7801202667009597e-08,0.06130740208869476,0.10331581395966438,0.035089160982825156
0,18,0.8166795675500319,0.7943283596397024,0.05502317670460994,0.05408072522043455,0.1430998655748716,0.133174220302829,0.8191555291237,0.1627595795584498,0.804039627350936,0.7996620893739752,0.8530558016510931,0.16006752730943544,0.14091803712730727,0.3296398602087346,0.8016764575555969,0.05502317670460996,0.9651777970701974,0.045528815272329166,0.003004910861519841,0.007487740863360815,0.827356972285854,0.014121698363451897,0.043267507096361756,0.443636768385125,0.043267507096361756,0.10399031381511556,0.056109858627570994,0.9567324929036403,0.9567324929036403,0.9567324929036367,0.9567324929036403,0.6257254465185056,0.2594015662243439,0.043267507096361756,0.005027593171183342,0.9535544811208585,0.07139902552634829,0.5532495139104325,0.9729357035699154,0.005027593171183453,0.06852370168022774,0.017691535675375757,0.21986718335207456,0.9252615433899674,0.03843600393055201,0.00761237579607138,0.09194374439400581,0.0018658234856746211,0.24834788402743474,0.97896333618869,0.17266402182317847,0.33770671871275554,0.7397788711797859,0.3808673965519215,0.009723109069501827,0.2730681156185514,0.03966063684495781,0.7887303530433898,0.45869164619164626,0.84088013688018,0.0807602247359761,0.015976567700705616,0.005808743802357406,0.0006727991011369256,0.027240081915013356,0.9535257490369707,0.49651316000899826,0.6092314906495556,0.011805426563829671,0.009075136858435875,0.005760769415123498,0.2412447674644936,0.4263990267639899,0.0011111646695457918,0.11798659140330825,0.11349587032070847,0.7120208789477696,0.5814355977197749,0.14237643682682233,0.018327262926007015,0.0035643447693486235,0.6151483471233077,0.002237083158315875,0.8719899055686099,0.9905389154793856,0.25968291706737323,0.02297668799147773,0.985096984403257,0.0008163549720555176,2.0362623386102379e-07,0.017698490723986462,0.00218214605205548,0.16412556053811655
0,18,0.8142460637972053,0.8341705517601081,0.12919039419367032,0.3169923697688377,0.25048155553798956,0.1163677139359416,0.8656018406893381,0.28975175360556504,0.8203140671949241,0.8134809034607748,0.7927712822075298,0.374547472479535,0.24946564796600118,0.3786950213892679,0.6664827341440899,0.12919039419367034,0.7073812015573464,0.12312859410351096,0.36285782707384856,0.0759616528753897,0.9057559474022586,0.1443290918479741,0.1387836611256523,0.797111771423126,0.1387836611256523,0.2637145933541472,0.1759825539150032,0.8612163388743479,0.8612163388743479,0.9306081694371784,0.8959122541557623,0.35394600066376913,0.7239337715282441,0.1387836611256523,0.49312731889648465,0.6834352256220779,0.35307396931800156,0.8588519659983092,0.7998681812301808,0.49312731889648465,0.3475145970566511,0.15349353260853535,0.30458649829259477,0.600662183804991,0.21652158077483408,0.36701331554581007,0.6423682477693327,0.40875854594753336,0.27159218503441895,0.15160867210400958,0.5330150941028682,0.48524312079392845,0.43663013432354325,0.2633060153214487,0.6551015180530896,0.2966662458521401,0.31515867313344353,0.13018900147954957,0.43597670711641306,0.39119418855010135,0.34754672897196254,0.3884046987495263,0.07420206427703673,0.0762776040869529,0.07087575681770095,0.13961398279449308,0.2512462270191165,0.19539463517494754,0.07248459153334809,0.07118865578726707,0.01814128075645624,0.7196694856336525,0.2820783711102567,0.08047581290478008,0.3614875508170089,0.2181196106413075,0.6424010840227021,0.5837161536541831,0.23504738309413867,0.15796222888972117,0.3634309957943108,0.7363678238776132,0.35912282850281296,0.14377847072870636,0.15367178687997562,0.2116838515414815,0.28959944680046307,0.13916363240573254,0.0014112922357681359,1.802275074502505e-08,0.19736008696746388,0.01972117873046407,0.061876025102991526
0,20,0.7659686073400667,0.8201654640911283,0.12479410937521747,0.3893405684442804,0.26832631137613766,0.14152109966501414,0.8550062080344427,0.35240299605524306,0.7974442118991825,0.799082139280746,0.7063772851948934,0.5149418182092205,0.28636314816225056,0.3232097924857016,0.5563160860554751,0.12479410937521751,0.6639378603847961,0.18771953078122772,0.32769341847372857,0.11684926971167177,0.811451122347124,0.17854379116914315,0.14578420083149604,0.8253353372921961,0.14578420083149604,0.27358046351711995,0.18449276366351333,0.8542157991685038,0.8542157991685038,0.9271078995842501,0.8906618493763787,0.3148178233015364,0.7890300852333643,0.14578420083149604,0.4539048142943365,0.6427090207471184,0.41855025544455005,0.8691309792972564,0.774677109172622,0.4539048142943365,0.4141180678211101,0.1875487512039468,0.37175144954269046,0.570921701704121,0.25037908274618004,0.32146701100094066,0.10261734023303971,0.08216292853805177,0.053081762012767944,0.21132612817828678,0.6024190135089833,0.5755031087078024,0.37286112822177575,0.3819941897203677,0.02638584375168513,0.4214721857900109,0.31564990852609026,0.24582738835053167,0.679552881758764,0.3739144245290038,0.3899850005769008,0.31989296357112446,0.0075606261135788095,0.008336747938904206,0.007420391147207592,0.22671478947455673,0.32093627515744044,0.14707507421441987,0.1737592713756131,0.140414669224074,0.10103675096692898,0.7819966217016485,0.4287033061399741,0.003426884410499729,0.4473770748592626,0.23222387142834292,0.5481784710809634,0.6931423347736294,0.25445453271910634,0.1940580009853581,0.32737839583114325,0.622455819412626,0.30372525571670606,0.16844267238590244,0.20292808292174935,0.37184813339299605,0.3037208665223573,0.27017990282428417,0.001728434621047057,1.303156619594399e-08,0.18671869074034292,0.026898094753406886,0.05076547522508471
0,20,0.799243445982405,0.7825331968924851,0.0963295800505706,0.10757613026488586,0.1477747815081416,0.21985018843811027,0.7897011880273469,0.17649018902244895,0.7905754901107326,0.7908434547020884,0.7772847110891747,0.23956755304140073,0.1501794293593369,0.2945204232787556,0.4683390861581245,0.0963295800505706,0.9189736858647723,0.0551330619012148,0.3097556135570514,0.02632217814410256,0.7772698335273387,0.04138724404752903,0.0050604382622610414,0.9722552866400744,0.0050604382622610414,0.016715123668158277,0.006620134721529777,0.9949395617377377,0.9949395617377377,0.9949395617377377,0.9949395617377359,0.06148113101465136,0.5467821962277781,0.0050604382622610414,0.4431111428880813,0.9235868773224516,0.09264039803304876,0.9777214534036431,0.9548054732122625,0.4431111428880813,0.0947932205480901,0.040887504877338665,0.37204426249188366,0.9087189372304565,0.04694342707264531,0.2955024782187514,0.1756351224303892,0.12135232823266845,0.08136965601982488,0.18338420800178779,0.19555094761541097,0.5828546305764347,0.761769948075746,0.27767862931057474,0.06950754123373042,0.14152036785901978,0.1932054372148238,0.10524041218887448,0.7338617265087853,0.8928289449617729,0.054393953843219406,0.28501055594651653,0.01475650607227462,0.015332244845341793,0.014231761260941172,0.1709325587131074,0.8010234414812298,0.6413634956931382,0.014688247576125552,0.014182394981624215,0.0033663600054420787,0.24521180121845398,0.33313057583130595,0.008297058330875507,0.11981283639767815,0.2252667414792816,0.8125320091610815,0.5283908450647894,0.2605874797417367,0.0426449344998395,0.3075057441919836,0.7171692646437582,0.30804950029055667,0.16851452212341128,0.18376643544880428,0.17276469830592556,0.22631242789225908,0.1577835254730937,0.00013140617667290155,6.715248474776622e-07,0.0030666204116939514,0.0007227340560673899,0.6245733788395905
0,20,0.7841889886153922,0.8273682087087217,0.11450079280995012,0.27465210403377566,0.2830529919177367,0.08307018962329106,0.8561791537337256,0.3267153611238236,0.8028318534944838,0.7997383485274421,0.7924396226339017,0.3547828179368294,0.28439265846460576,0.3343638311820577,0.7259387444151557,0.11450079280995012,0.7574871779635401,0.14854648732987843,0.3565489604611376,0.06974829324401158,0.9020029209999726,0.1252299829642105,0.06111227342657187,0.8926508836192724,0.06111227342657187,0.13794611963532766,0.07893608352554206,0.9388877265734266,0.9388877265734266,0.9694438632867133,0.9541657949300717,0.21114814808153748,0.7385728470196306,0.06111227342657187,0.48740191494731433,0.7512883537975468,0.27325838445707556,0.9342702510276181,0.8449772440803834,0.48740191494731433,0.2742886014127451,0.12784174665324038,0.3733528523265365,0.7175222111619459,0.1516258918636528,0.34325683390704637,0.09668650228674054,0.0859622409520788,0.0399420694278106,0.15754040733400698,0.39458941643300555,0.6212022514445856,0.6241900654990269,0.3740261523149263,0.014807347507927731,0.29231356398643704,0.28313065996865044,0.1474443428776059,0.7596161191749427,0.6424456060057963,0.19501239748235735,0.33638282899366645,0.007660681751211402,0.00921125731031164,0.006455033725691419,0.14886958428105565,0.6013249532869034,0.367725186114884,0.08795982966728638,0.1274719499340849,0.022276388129512464,0.48853759984711137,0.4113042643104101,0.0029467551819645768,0.3122132679729491,0.21874217677598592,0.6477071654495363,0.5971609546716363,0.24461845663653495,0.1304276704063985,0.3540639318490252,0.6232715893142733,0.33120749234302926,0.12948811796671383,0.1556497621525602,0.2879165020430271,0.30415494488794637,0.16999199678200477,0.0005847385807415216,6.491808515583401e-08,0.08577314307275434,0.007685554337786191,0.1277841224263386
0,20,0.8228767138438586,0.8327063269056925,0.07048024599736445,0.2578855112615341,0.2111790906003318,0.12146377416766642,0.8804964793554657,0.25336396430108504,0.8247505111414426,0.8265102215561747,0.8460695791278507,0.3060226930291505,0.22833438013793747,0.3882035036806334,0.7670697272886416,0.07048024599736447,0.752897490625273,0.09168088595688338,0.025863890886783064,0.05930284468320571,0.9083599450893437,0.11899289142944651,0.11707372758606142,0.7925119809241064,0.11707372758606142,0.23089929661530542,0.14919309615429147,0.882926272413938,0.882926272413938,0.8829262724139397,0.882926272413938,0.3566083987815737,0.670346096282843,0.11707372758606142,0.038966458858541,0.730713680921059,0.28769137275502377,0.8333905475551183,0.8316584353598994,0.038966458858541,0.2827018835756971,0.1267874223710509,0.19062089334913504,0.6729275550653584,0.16820467466538025,0.03696822461873005,0.17287600818463017,0.018318720641037116,0.3728452676646646,0.8978389751322351,0.43794355637086085,0.3013391693966482,0.49857091692207933,0.35545706081451034,0.10560871033138154,0.3906241818063029,0.07904360094963093,0.8229077453559213,0.34866852146263916,0.5226404106405399,0.24228067420792845,0.05591798695246972,0.016999523210503915,0.0038065728525808855,0.06936174439419061,0.8373401216293984,0.19282064466368865,0.22153989869557159,0.07847430304710952,0.03668116711308586,0.05673065922927428,0.6297131228160359,0.38942474800139015,0.014020486768044746,0.33533452213802906,0.11459464615345687,0.5879236424278516,0.6642277252812803,0.13147431488055772,0.13005244579488742,0.027380648455450587,0.6472330949627632,0.023189818235706983,0.8401417259503047,0.9273216689098251,0.294685687406509,0.047594667795470766,0.9439816359295333,0.00357733724544391,4.9124913273065535e-08,0.05515918286497197,0.04476100112107759,0.052722558340535824
1,11,0.7995401697690023,0.8368281805991202,0.044448270677688466,0.3489200625699964,0.2110943539898861,0.14752424896906663,0.8379447048306927,0.2962536657603483,0.8334671025510174,0.8451868588499941,0.8023206950043903,0.2966418658183385,0.23913013180971404,0.41430791886648377,0.43428566562743426,0.04444827067768848,0.654111984350817,0.13390764340274744,0.38450999715082723,0.07227934307946023,0.9269710738219781,0.17187388996172018,0.2734085368778003,0.6818519923269066,0.2734085368778003,0.43701589345970604,0.33512605739920087,0.7265914631221992,0.7265914631221992,0.8632957315610987,0.7949435973416517,0.5029937291343511,0.6887519212575787,0.2734085368778003,0.514182126592748,0.5676944622963089,0.4480993454871331,0.7572905527099776,0.7162069952512525,0.514182126592748,0.42983934979473665,0.19252416091519997,0.11974896378192608,0.5851848396136936,0.223015071455484,0.373453082675321,0.06206360711100038,0.06754498411387214,0.024007250341663136,0.1473880506670358,0.5012846168731664,0.19070035088553153,0.39160637848806124,0.5034835432611456,0.011783804701700764,0.48952988375882545,0.38587717236652486,0.20023985121367963,0.19385026737967917,0.34170713771390926,0.4042056074766355,0.36756347101174686,0.006733472615693633,0.00826034166796734,0.0055158638138168604,0.17574407177322968,0.06516966980700631,0.10582094983624368,0.15134020003738327,0.04437814475631964,0.14487209660061925,0.7174965351878596,0.4543795620437959,0.003163093102987871,0.4671065859553013,0.061109897701986104,0.3942224136534318,0.5886538053779833,0.0721871664985329,0.18480911895652702,0.37846860823628753,0.49372431715091625,0.31817174281911265,0.10668086672271278,0.1463999299178924,0.4079170577287229,0.3441297356531897,0.2419929426627136,0.0008659880581605259,4.105121850766393e-08,0.37922671046983963,0.04212976353459489,0.10194429788099273
1,15,0.8017196733492779,0.8390368431654212,0.06302200239979587,0.45495596525190213,0.35423855161543427,0.07885524237850179,0.8440870982161703,0.3763238065471487,0.8108786894537072,0.7965944371408236,0.7681799855357695,0.37447625604923707,0.36086879283792844,0.3573274620951953,0.667843416203853,0.06302200239979588,0.5675941108341591,0.17166406330226636,0.3744029598649999,0.13815324952256067,0.8943906134395473,0.23563274888782043,0.11264942752727661,0.894834911694866,0.11264942752727661,0.22412140837598554,0.14371542822766772,0.8873505724727231,0.8873505724727231,0.9436752862363598,0.9155129293545414,0.22115071040735912,0.8578835185769044,0.11264942752727661,0.4988231162502542,0.5606314394353105,0.4550234018509848,0.9385625448541913,0.709459661043011,0.4988231162502542,0.4554849089267978,0.24033640034055767,0.15084672385462605,0.5022945212399865,0.2854524941259554,0.36969042527292284,0.21757095737715765,0.16077152897896851,0.09478788644853574,0.16824264171656717,0.5773573322388796,0.2776935061208757,0.4998662502323268,0.3094514811023116,0.14233592547531093,0.24829365579799456,0.2871768905067837,0.12606189460150918,0.22971256684491975,0.34995242204961385,0.393104880581516,0.3743842364532019,0.024918472322133126,0.026815221676505036,0.02359808064295569,0.16570113178591986,0.1203923900118906,0.17158101656837962,0.1054753944697586,0.09229420923751024,0.02700454589593078,0.7080759358608599,0.30799359088481393,0.01959999263734908,0.4602541761105611,0.11392216088377195,0.6224335992175063,0.5303062067931075,0.10907710874668435,0.24786071502766283,0.3730549138526872,0.6843357140158588,0.3588825826593016,0.14991817466436724,0.168555044076168,0.22771890778998938,0.29524774678217275,0.15834202302165196,0.0006259832921309902,6.769360374111686e-08,0.1498690786891267,0.024253609093746,0.15703806228373693
1,17,0.8984589046423361,0.8670506528030371,0.07147200946390588,0.6063522650561614,0.1299260593163191,0.13054028706074478,0.859546992407428,0.15064458681657159,0.8776994219950891,0.8760940909092254,0.9154996153722647,0.1294312140982338,0.12931393917089867,0.5259300247643067,0.5986632873252926,0.07147200946390589,0.2197239752912432,0.03952482220332586,0.16656379746436328,0.06950471599622979,0.7925800162630458,0.39613924757927327,0.17872312495884793,0.9004992141096488,0.17872312495884793,0.3199193029270785,0.22447852474090269,0.8212768750411517,0.8212768750411517,0.8212768750411499,0.8212768750411534,0.2407452396466475,0.9156088765938643,0.17872312495884793,0.24124141662604914,0.2066694686397907,0.6221265813361806,0.9201025122854825,0.16483533895570202,0.24124141662604914,0.6199120171998498,0.4030870682905287,0.08444169204372184,0.24600254413137157,0.38776087294131556,0.13382766528659384,0.2042779193488406,0.105550627612539,0.18783565337032243,0.6301696502241089,0.6859173605466746,0.19485329769274115,0.36765186753936796,0.35747475496735703,0.14195700075311332,0.47783530911081507,0.13735899098891713,0.7532519607503418,0.19886363636363638,0.26734587502998697,0.37185371220287367,0.11211143196874465,0.016793715163392394,0.014689302945086411,0.026560968408318182,0.6738789630697791,0.09532986182295296,0.13850703268764764,0.05675459308988032,0.02152682044503664,0.04736424393468762,0.7393233940896508,0.4191782434659752,0.014900586808700125,0.6209570395830383,0.07975669802715417,0.5166190224056646,0.749738341681425,0.053610460078827735,0.41066683485030053,0.16020736738946034,0.6516428007359854,0.16512906339743552,0.48565308426709264,0.5747506086584799,0.33161933713367875,0.13556347713376554,0.682738000965309,0.005504438555945968,4.404790372132402e-08,0.0810040078902621,0.21913569271689215,0.04607250755287006
1,17,0.775553692892735,0.8813550386166245,0.05750416417099046,0.609896295557101,0.45177535946927205,0.0608414825085284,0.8856357418305321,0.5004535694839082,0.8322641625520095,0.8468999394482027,0.7806502855531835,0.44081710686073683,0.44989419882183057,0.4235738874091671,0.6204989272806354,0.057504164170990475,0.34574817482174314,0.3142211988565127,0.43193166025553187,0.17660035953686143,0.9014680244331723,0.3660917556477835,0.2048498131472396,0.8777130496943966,0.2048498131472396,0.3518768506430019,0.25487406634492976,0.7951501868527604,0.7951501868527604,0.8975750934263793,0.8463626401395672,0.2728838442158483,0.906120247090345,0.2048498131472396,0.5484171883575646,0.32699754570543876,0.6385954895901971,0.9093639439408033,0.4927265959337167,0.5484171883575648,0.6338578573738356,0.376085649281823,0.10608814797288502,0.2984831784728369,0.4212868204939292,0.4255276989180231,0.07035523543922102,0.08327378307566549,0.028212681104397258,0.1563998920841772,0.7050863161774947,0.22811061692055526,0.3727688547518391,0.4753620825754198,0.014578422615445766,0.48627125125788717,0.44646380858446366,0.19637422476419744,0.2387127578304049,0.24805612346511996,0.45900438680144945,0.41942294159042925,0.004614026527555455,0.00677602438091897,0.0035170786336839754,0.1438656106985284,0.16179718022762019,0.19536475078658244,0.05976013496474404,0.07963342999529312,0.01202252615582326,0.7273121592137086,0.50553147810219,0.0017407199970166983,0.6399210519757618,0.07882472329152539,0.44215403410138543,0.6744191326527633,0.06570825767542049,0.38638956568752814,0.4332197791677303,0.527797537006772,0.37650448621896926,0.11388268260676764,0.15290143907236775,0.3724199132478806,0.4049052875308894,0.18154568523349685,0.0009515986389885448,4.835337737361749e-08,0.2698117240368876,0.07040109131023023,0.12357946428571423
1,19,0.8430261844907869,0.865299685685806,0.13509793841890377,0.5683542439902204,0.2435789684617841,0.11066281532413534,0.8763862814893371,0.27730300145709147,0.8596937739982707,0.8611185225653488,0.8471322181106211,0.2951189348139759,0.231120597636732,0.4827210312226238,0.5711235419467489,0.13509793841890383,0.2865219148190862,0.11607284970264295,0.10894234284203255,0.07997787011845343,0.922678183982501,0.3630144852588017,0.13653741434225858,0.916609026681569,0.13653741434225858,0.2599423121714615,0.1731571144486278,0.8634625856577411,0.8634625856577411,0.8634625856577429,0.8634625856577429,0.20695899635071557,0.9108091643344969,0.13653741434225858,0.15811714456686465,0.28567225148716463,0.5654799519228408,0.9330384257109962,0.38114789522744397,0.15811714456686465,0.5664517492456352,0.36692854064634334,0.17721707738038683,0.2755165450151249,0.37258260588272085,0.11908939769318412,0.2416603678030807,0.053302830353252804,0.4180507049775221,0.6708985880523879,0.6895483183256461,0.38772515655894746,0.3935506788538271,0.2932553332587876,0.15949248991900736,0.2796807461457912,0.11869963802434409,0.5398114500833793,0.2817752100840336,0.22378165898238733,0.39396443935829784,0.1407459535538353,0.03222794943911257,0.011142261587376842,0.11488312371729827,0.5905839796114111,0.17305078987599798,0.16661413231397576,0.016125637889426593,0.011840219213275433,0.007916661799507584,0.7678868159623804,0.2783729691546966,0.026500293959915034,0.5592676457481615,0.1738912941964808,0.6104852950267974,0.540373843075826,0.12483898623833667,0.37551043181887317,0.11169673960486547,0.7018711133752955,0.1089945375966076,0.659709609699951,0.7035156915328843,0.19385871033091007,0.09704117130671876,0.6394384347183224,0.06277636105888822,2.9149102021360594e-08,0.05373733364727247,0.13243446318206187,0.03485429760835845
1,19,0.7334734159858162,0.8605498841792447,0.06731802403131089,0.7856671554366552,0.4928145618867778,0.06700702938600585,0.9114041295205527,0.5598981532872834,0.7962784708982327,0.7878455232927006,0.7283204501250456,0.5955099333578971,0.4993593255438118,0.3364745246377019,0.7299057568750269,0.0673180240313109,0.18491728582827427,0.3988147978159494,0.3362120971964747,0.3858702520748375,0.8220468144292723,0.5735234639844988,0.2186425534302543,0.9154479988338795,0.2186425534302543,0.37059219442127816,0.27157641644168434,0.7813574465697446,0.7813574465697446,0.890678723284875,0.8360180849273089,0.22953979033462302,0.9639776116517857,0.2186425534302543,0.4361884075930169,0.16668515335125084,0.8033131620776552,0.9365348559313906,0.34420955352046756,0.4361884075930168,0.8018509939217272,0.5799709086473258,0.11511519176087424,0.18852880269566297,0.5674756052518707,0.3632057478860285,0.2772057306015532,0.1669155788539438,0.2177279073223778,0.25765111235761434,0.8844103691410745,0.24112510259772538,0.19906938353021808,0.3115626179771426,0.20011036630636794,0.35599898676697783,0.3498348206618162,0.18792445438038582,0.2097107438016529,0.20272870472939264,0.5221286784583301,0.4030452306314375,0.028635717450508982,0.02583051345766525,0.04819014860483333,0.17496468618663133,0.10674521673332614,0.13162412205071314,0.11151061899393179,0.10698073211958094,0.026261263556773017,0.821175957439749,0.3001824817518246,0.023760107939057713,0.7229152131413473,0.1256457046645843,0.5826239340176012,0.5850971509836684,0.07901503870305632,0.5851633290240955,0.345417411284146,0.6862986400624711,0.3249640902026547,0.2769502219432621,0.29271641226700035,0.2567870964614968,0.29838572354894716,0.25882443957144485,0.0017520028024556118,2.862495401641784e-08,0.24273341310760552,0.11116541511017415,0.08923438201471141
1,23,0.8398514025095143,0.8842739501031234,0.06536260191349025,0.723900388605722,0.24194671005783733,0.2113488741297027,0.9011273873952333,0.3749101148529519,0.8704627915049178,0.879637694362353,0.7888633599971545,0.4588161025797286,0.26695194379128684,0.5187264843412127,0.41531751552743007,0.06536260191349028,0.17295827588419643,0.23543073082045957,0.5903381491891573,0.2901803275274029,0.618513287915301,0.5259477940792832,0.34529372797545266,0.8580172689759473,0.34529372797545266,0.5154492834723936,0.4154445444237592,0.654706272024546,0.654706272024546,0.8273531360122703,0.7410297040184108,0.33717603641917293,0.9240194263242326,0.34529372797545266,0.6841731932959063,0.1245047420338467,0.8066987286137518,0.9005631818158549,0.1756923573134126,0.6841731932959063,0.7907482263905509,0.5448971943849135,0.0859296570803273,0.1677971011538687,0.5470296380729524,0.5528720866693853,0.053542289589134665,0.10257662594684944,0.011981867809575365,0.11780895405955437,0.8198819159032682,0.1936265688269052,0.2131932689384599,0.5799711943458549,0.017433354354917475,0.7423994462058933,0.6564656553135203,0.2069319138494509,0.22598860118209962,0.1487449388468708,0.5436158645507028,0.5003889032927145,0.0032544064230832477,0.007929604107961582,0.0010999411292776707,0.11424879097802057,0.0821390575129858,0.07673620267580222,0.3307176055668306,0.3741883696093446,0.07098778396807061,0.8355126488286183,0.6237100427888237,0.0019902268788331854,0.8117012932908693,0.062216869670471506,0.2475541530607286,0.805948261782061,0.046277970410985345,0.5466835679127466,0.5904633208032185,0.43628761171262287,0.4985159998271068,0.06673643946566861,0.11128088507770131,0.6996578565972998,0.6502832236730093,0.21049749026285092,0.0012969818460488972,2.5450549328279152e-08,0.4835800818948218,0.17407842638013096,0.10351545814585189
1,23,0.8644516159000544,0.8562868624245701,0.05769508455552883,0.4721817280880936,0.15001638209486792,0.20188938668101458,0.8649601810857581,0.21076044102768757,0.8546826787173532,0.849897384744278,0.8174938297956372,0.3264218787936217,0.16120138775794549,0.46719807827787985,0.5765636201807159,0.05769508455552886,0.44656016988054015,0.08216160271547657,0.07035305520644122,0.08613744360296478,0.956196819791618,0.2731192377942,0.21106367324818218,0.8342055626568174,0.21106367324818218,0.36178236444499023,0.26286300627888715,0.7889363267518181,0.7889363267518181,0.7889363267518199,0.7889363267518164,0.33382007030574057,0.8315349404947391,0.21106367324818218,0.10418220424215563,0.41140821311436643,0.5206210748647586,0.866869805075108,0.5692621648740971,0.10418220424215563,0.5116838665631072,0.28581880682958855,0.1077689851885621,0.40071282569580546,0.30819748268648955,0.08105696711386805,0.07152688766432434,0.011469662229702152,0.17724772579306192,0.7760005269814889,0.6177496447597091,0.20391402784646595,0.3756345347357054,0.47239852634344504,0.015526545194421043,0.5270886819450659,0.13938773840947793,0.8148243565080291,0.25291402072192515,0.37092823422873933,0.3192811769859813,0.08312807881773399,0.005117815684658305,0.002063456731978262,0.018554168963522497,0.7581886629579896,0.17139194411414982,0.2328184235467565,0.054915271498796644,0.038396221108183234,0.02524171553716988,0.6447363521426931,0.5108230556254714,0.0024991668227433016,0.5658761477431923,0.06971787897551286,0.4150961609869235,0.720050766545397,0.06622024210384676,0.2912807469639736,0.07277297016541513,0.5341692121137929,0.055467176867284085,0.6852102926841388,0.8068337194897737,0.41628216978257504,0.1042710585945849,0.9025174693153734,0.00949548818799465,4.2720709411831276e-08,0.0885329268593589,0.16824098100712107,0.045499751367478844
1,25,0.8708260770840166,0.9265844975641032,0.06604739915943439,0.5987601167798531,0.323896017405061,0.08272112473814051,0.9257572970561149,0.38904370296143903,0.8927647506831158,0.8855422973269207,0.8548008657262338,0.3874655162834111,0.339081574004344,0.5758348922882797,0.6604018792596342,0.06604739915943442,0.23322848969282872,0.2046810591783727,0.18015847212049851,0.0700772496428782,0.7604354265478958,0.3790541735112048,0.2762123564827124,0.8431110733223595,0.2762123564827124,0.4387573373353006,0.33779415205979535,0.7237876435172872,0.7237876435172872,0.7237876435172836,0.7237876435172854,0.333972324858144,0.8842693148211035,0.2762123564827124,0.2623295622347639,0.19265498091533534,0.6593452004397572,0.874020783056084,0.22541599067071982,0.2623295622347639,0.6470004235611672,0.3951743528537841,0.07628978885694375,0.2342256581976131,0.39381741270104675,0.16163652016808439,0.07857844114205535,0.04132800259139268,0.1060655697521967,0.5533203791435433,0.7707869947135952,0.14813095197212472,0.18039570038971153,0.4734873185297045,0.02561337681824216,0.6222321910663727,0.21917303698145074,0.6860491690949625,0.19481951871657754,0.22547522627188032,0.393104880581516,0.15763546798029554,0.005084511293365753,0.004050773430256264,0.010758942381399125,0.5414540571647803,0.05945303210463733,0.07563418515398293,0.15721091762474426,0.1253057588937499,0.051101638572714624,0.8518572940741903,0.5383211678832112,0.003006648025114499,0.6832651764436047,0.05993443756613569,0.3649379977000746,0.802117469676453,0.044683361879630526,0.4035592780244201,0.178865301152766,0.5393024932899224,0.16381910048975326,0.4157562095061831,0.5252255767837091,0.5051396753736387,0.2035726684502343,0.6687932770656027,0.0050753208724048544,3.252091631938087e-08,0.11931860384508758,0.3146090988216915,0.03760016437230322
1,25,0.8733495326435681,0.8553681988693271,0.03774248442933543,0.5814441794285256,0.18610645590205518,0.11334639369305526,0.8505958209508964,0.19634144764504244,0.8632372221342275,0.8654544533913242,0.8780702354872857,0.18081870846736772,0.17873377051755607,0.48843674912991697,0.5493267684190591,0.03774248442933544,0.26373451744529863,0.05776609033868269,0.11522088878387046,0.07269718062511983,0.9000787956172669,0.3573725546027019,0.3341763624723472,0.8023085190564865,0.3341763624723472,0.5047006557649736,0.4033444242376301,0.6658236375276534,0.6658236375276534,0.6658236375276516,0.6658236375276534,0.393095372219615,0.8570586793454824,0.3341763624723472,0.17043078398347655,0.2053611171530761,0.6683915326282419,0.8412570058757607,0.2974662156156648,0.17043078398347655,0.6496373155874428,0.3792123331024221,0.057419315267212945,0.25335632507735584,0.3839790186434797,0.12720396706601422,0.06424011083108445,0.01957287258895378,0.13837903836479898,0.6484741213099712,0.7632634975735293,0.10330607902345337,0.12369302956753525,0.5328150317104497,0.02373592406008867,0.6690585031581954,0.22211305575681095,0.7412855943809301,0.16012032085561498,0.23322047400916146,0.389173831775701,0.13004926108374382,0.003338895050825977,0.0014835664049482652,0.012172359650103236,0.6216995971609438,0.03923900118906064,0.06318449873631002,0.38228914954093957,0.17144234654191495,0.27847789910442083,0.7984020613020089,0.6266807529773337,0.002135893328731816,0.7113523509796459,0.03945547160800709,0.26638807806493103,0.7646638282944516,0.03216913420870896,0.3875036599299922,0.12038617094177871,0.47850679744178226,0.0916254465460408,0.5579076026684585,0.6804507386075709,0.6513164306467768,0.18305388430992314,0.9304957302480535,0.02083925149778705,4.173854380507008e-08,0.13741031284969535,0.35452804559527484,0.043842836607570664
1,27,0.7176287822234296,0.8559732023912725,0.039467908104462754,0.8690372942416243,0.38378249256832625,0.10111135461056471,0.881431552437586,0.5957691276807007,0.81415729967041,0.8362955417698289,0.7009035542407602,0.5824767921935453,0.4923235312675259,0.3879662101280753,0.4706997833440064,0.039467908104462775,0.07546356090864592,0.4747288287566778,0.383855475917547,0.4871921896086822,0.7755311869409007,0.7232042765741309,0.324966748161255,0.9010267061395867,0.324966748161255,0.49589188511196547,0.3936430159699611,0.6750332518387445,0.6750332518387445,0.8375166259193705,0.7562749388790575,0.27828274968252364,0.9703325993796464,0.324966748161255,0.47761894930150783,0.03494255517023098,0.9306578928033695,0.9330750509370286,0.15872035583583044,0.47761894930150783,0.9207093179845154,0.7357699604087163,0.06194593014118739,0.10859839209139743,0.6699698935786895,0.3851255863110332,0.06585172810120167,0.06891941885859718,0.06154770299151412,0.2610846318046493,0.9458766731567259,0.14492524628474882,0.14964040569435444,0.5209760785255858,0.02348551710415101,0.6807069110068108,0.47556361278705395,0.34046362928216256,0.17479946524064174,0.1785393144275611,0.5521464211497216,0.40088330219126883,0.005468995442845388,0.006565643464082518,0.010306313159350114,0.1852464329891452,0.02921398991348559,0.03082041177360361,0.17980984278945117,0.2123606928260911,0.03794602664766144,0.837552141329254,0.5416788321167885,0.003560271544216872,0.940381455482577,0.05020030487285498,0.17783054209315718,0.7875449861944086,0.032774436101511206,0.7282820129076715,0.3865305080418687,0.49172217504661875,0.32306309161900093,0.23448100491887702,0.2860875867066985,0.5378510435426117,0.4229078625980821,0.3475854047120832,0.0016846233996400497,4.0044833116081374e-08,0.37322705638424186,0.21542542644569895,0.11471252111882861
1,27,0.8441372363043633,0.8369124972857569,0.01898837758513242,0.30921737348071615,0.17109734134064578,0.087705667079172,0.8277665366591411,0.19286837422720032,0.8469000156203434,0.8525567232464671,0.8807533087712767,0.12634159635030004,0.1752545398575356,0.44474754987771015,0.5240841224187303,0.01898837758513243,0.686300520103168,0.05635390726145102,0.032056022225024655,0.05962386772501433,0.9120231276323171,0.13835049929757595,0.2697825714321248,0.6154149887916269,0.2697825714321248,0.42491064565601167,0.32894000458458944,0.7302174285678742,0.7302174285678742,0.730217428567876,0.7302174285678742,0.5468821089249762,0.6135538045060862,0.2697825714321248,0.050398618951329244,0.6258275679848726,0.3895456666490929,0.691184587807473,0.7598085649208014,0.050398618951329244,0.3699742135279263,0.15944814074001903,0.046158380639649034,0.5644723682078154,0.22398029778395687,0.05259312319131769,0.08765005659790438,0.006952632312537375,0.22454424685593116,0.8546598485148945,0.47992213558388924,0.07022387927341892,0.345925579399158,0.4766448158698563,0.02619943607304688,0.43005336921893533,0.11917609119542748,0.7464627757983201,0.07225328147788042,0.38275770688727184,0.31327720707499807,0.08060904612628747,0.009578000208479279,0.0019410697532177212,0.040610128575089506,0.7655162792319898,0.04053615825316183,0.21672109004574344,0.03441452894094868,0.028168091808812835,0.01161203135597868,0.48915308125716617,0.4089111922141113,0.005308247407455977,0.40275056942408394,0.027259551871671596,0.49996961303487497,0.5414003131213243,0.030406214139673052,0.16510307689064593,0.03580546336482003,0.5164741475320993,0.01629758765926588,0.7722987709254391,0.9049591054974635,0.3311189008607863,0.06888915430628999,0.9164012878531443,0.0019549752992695127,1.180807587184663e-07,0.09409780099068754,0.10732172444501191,0.09770421783235446
1,29,0.7760529894769461,0.7871121689159499,0.010685589384801217,0.2372659017227376,0.24387777848094475,0.33301389205050336,0.7904625475908794,0.3383046709763142,0.77260818623553,0.7844165062833051,0.652049191161339,0.4779679040174245,0.22923776662215695,0.2604827287476188,0.27440708274094533,0.010685589384801221,0.7783384856882603,0.21536545331314905,0.2936548385733087,0.06414789280850323,0.7178368694620197,0.11740480089328946,0.0,0.9999999999999964,0.0,0.0,0.0,1.0,1.0,1.0,1.0,7.993605777301127e-15,0.7636234253585588,0.0,0.4199977629836884,0.7903188978455631,0.19641526542761556,0.999999999999981,0.8690902328665008,0.4199977629836884,0.20221548872004425,0.1146946290863492,0.05824583228855945,0.7808363300884285,0.1127100566460535,0.2812902318901447,0.084255589521038,0.06425375662934496,0.05196920026168128,0.22265949551094133,0.1631290243299866,0.12130741279149965,0.9958904428068893,0.38823489034560865,0.0021606510613329938,0.21979570749267563,0.21012226152399277,0.1583849148013505,0.10926105979581915,0.7428157112030299,0.13053216961458244,0.2686968204209583,0.008718877387391619,0.008978285907686725,0.009419615534038375,0.21838759743996658,0.18241271213922816,0.8259380200101651,0.0016070996577198077,0.0028807631838623656,0.0002803934227950805,0.1761791652740263,0.3704379562043792,0.0025910067786012623,0.22648401850465694,0.035036327987841336,0.7518767554674091,0.5211312474140315,0.036548052924275536,0.1166626034991964,0.2916282084012489,0.6031354944975229,0.2696934802630194,0.1907854832353571,0.22591126649517795,0.2329704602157171,0.23209284456176021,0.21555737859963237,0.0,1.0,0.0,0.0,0.0
1,31,0.8236542003064188,0.8646208979679074,0.06061653066158088,0.597366881194757,0.31697551956458947,0.3838092738764127,0.9322811656753202,0.40839718611794845,0.8356617807618067,0.8283153202499967,0.6106215975692878,0.8631948691498083,0.31722148653912957,0.43074097870876404,0.46556216732249095,0.060616530661580896,0.36695726801436235,0.28913542667725445,0.9999999999999999,0.19282186874875126,0.8909245210801832,0.3509566092135999,0.15309829441082423,0.903348576073729,0.15309829441082423,0.2839224367996195,0.19337493772392286,0.8469017055891754,0.8469017055891754,0.9549710898791659,0.9081410233535063,0.20956983268858653,0.9146643761748221,0.15309829441082423,1.0,0.3748363252191205,0.5800058007279537,0.9999999999992596,0.5377840680688032,1.0,0.5794989879119039,0.35664015638422275,0.08250552891066429,0.2684132402656363,0.4917066939434026,1.0000000000000002,0.3510833600268787,0.5835288518848338,0.047722788765934845,0.0,0.7604025157531022,0.1790553285000673,0.32414014245768896,0.22414071039530103,0.22569069951322474,0.20758371438566692,0.7023439222407117,0.0,0.0964405080213904,0.08976050587532358,0.9279205607476636,0.9999999999999999,0.03549982330885739,0.08918934334609463,0.013126445330503965,0.017629004412046817,0.051278240190249694,0.12068239258635216,0.08137833023078066,0.16319140786078035,0.039420382030018526,0.7496349850313654,0.2394381773943816,0.026422619451452134,0.5381321883714462,0.09462886817430978,0.700707723583911,0.5067388580612602,0.06974603391314553,0.38195049282076404,0.9999999999999999,0.7717651102338046,0.9999999999999999,0.0009879564399460916,0.0,0.16948724841988227,0.7267567738061469,0.0,0.00027655592211858667,6.743695753880846e-08,0.4977507018625309,0.025989152261497426,0.44747618378530274
1,33,0.7765177919407839,0.8826693448435063,0.07814332513216168,0.7363961891076217,0.36504261038198116,0.16152831164435855,0.9186329087071565,0.4971460186860011,0.8281771129003792,0.8217859872324337,0.7021040780815083,0.6607147320363385,0.38432682053910355,0.41758939969932496,0.52526220924151,0.07814332513216171,0.21607729915195384,0.38180053247766244,0.4312991733145384,0.30759224895557696,0.8182149314833359,0.5086501344156136,0.20161444248045832,0.9121553739138737,0.20161444248045832,0.34907451858229044,0.2514705525834076,0.7983855575195413,0.7983855575195413,0.8991927787597653,0.8487891681396551,0.2287411770544353,0.9536230834756874,0.20161444248045832,0.5388629275518494,0.20316348929190337,0.7506575865220118,0.9328381594805945,0.3608169113263441,0.5388629275518494,0.7496018600189981,0.5150618971982257,0.10690221922585506,0.20002110997264977,0.5267810763725185,0.43154861897545327,0.23074386500339217,0.18818090252011296,0.11775124638382307,0.18039461779360577,0.8892875899126826,0.2300897216734193,0.21655745356795453,0.2943177020187707,0.13948019619502175,0.36330776093700246,0.3733113300619128,0.20629464067453687,0.17640374331550804,0.15977892850029873,0.5685981308411215,0.4137931034482758,0.026336842764313702,0.03213847125319118,0.027908166013344646,0.1784385190868982,0.06837098692033293,0.08967518487316292,0.04469279487485222,0.04422909192611171,0.016194472766758162,0.8220798512939557,0.28942454591750105,0.019949453812943996,0.720161127448219,0.11267644991870443,0.5159933805412438,0.612344883951063,0.07675935684630758,0.5225605513485422,0.4335840789403375,0.7062115765127484,0.42168925391547873,0.17400259812520952,0.18772466695719375,0.23681510729196942,0.3409465059941039,0.19304368393036114,0.001431941636019175,3.367480261180534e-08,0.2516331948642979,0.09619446154628324,0.09831213853972087
1,33,0.8323003556845969,0.8376447472416104,0.04204503218643229,0.4513970880702732,0.20881080779494812,0.291677367808196,0.8485340271103763,0.28913975237012385,0.8254753169581958,0.8211077617989955,0.7113962520214473,0.4914472127774091,0.21805353337515793,0.3943447686786101,0.40474957419638585,0.0420450321864323,0.5825892023995625,0.15086810660282596,0.36528445905548124,0.13056162261476145,0.8827386892219765,0.22302677504756846,0.21976171767800937,0.7924705517604331,0.21976171767800937,0.37375067422898645,0.2733645859572411,0.7802382823219922,0.7802382823219922,0.8901191411609943,0.8351787117414915,0.37426420354281686,0.8048511421048181,0.21976171767800937,0.49092889986519883,0.538286907872586,0.5110092824516033,0.8470265371462595,0.6971126010902321,0.49092889986519883,0.5007863500284487,0.23766585340367966,0.0836556142212026,0.4586693325024942,0.3285098718434223,0.34651223563232847,0.3548716061740323,0.24526633650321758,0.15284372011287084,0.20486147951461608,0.7125800674629106,0.13557129554243716,0.22025168242953663,0.2619349967395407,0.24945513565648267,0.4251807906990782,0.3134688447196298,0.2786994578433529,0.11003853413022963,0.289317048327819,0.4590757688451962,0.3477252970153578,0.0332015425024857,0.03591140477316107,0.031276413997283585,0.21327901964545656,0.026229278869692937,0.08174776923009644,0.01527206535250674,0.021597350333714925,0.003916910173488978,0.6927353777762895,0.2655109489051092,0.02649068568814145,0.5039306613263023,0.06598610317602542,0.5157040573269493,0.65931962178817,0.0675133110360226,0.24236655876958038,0.36113293140354663,0.7435209879282607,0.3667810606555978,0.15765741792374366,0.17903589318849694,0.24480917610544772,0.2821331560786441,0.20464938205739985,0.000812168857724251,4.816874860120618e-08,0.2877838799398766,0.050080078730602995,0.11618008348240903
1,35,0.7553156227161928,0.7941008014967482,0.012732982682970483,0.31568355413006166,0.16782105092122487,0.25091966034679836,0.8272629442587986,0.2825454145268169,0.7798289816354191,0.7810881834540666,0.6962518661306882,0.47404429703447293,0.18793456980784828,0.27452730926133995,0.4300523617840338,0.012732982682970486,0.7094112545164937,0.15777970603370722,0.28965709266621903,0.07091056578581247,0.7181314969168116,0.14099196751419715,0.14434078652712365,0.7854359980860186,0.14434078652712365,0.2650117940536154,0.18144817495817336,0.8556592134728778,0.8556592134728778,0.9278296067364344,0.891744410104657,0.3425078196416751,0.7163524167940566,0.14434078652712365,0.4147884724891634,0.6851603013275149,0.34168423829068534,0.8654135331003673,0.8004932667887666,0.4147884724891634,0.3351484253033465,0.15073380808508208,0.06038713871230307,0.6236834300008733,0.20651806018654784,0.2820104074026705,0.06411274503654384,0.05311983774710551,0.04213914524302116,0.25077396248880196,0.4315224078123581,0.10573866231304774,0.5372011529799605,0.4825087395015665,0.009289002591053383,0.47593405669865374,0.3102747884739571,0.30411601887157746,0.12018716577540109,0.4744296178273474,0.3088681204569054,0.28899835796387513,0.005110680489715947,0.005471284759934491,0.0054541948635073965,0.2442483534752861,0.0713436385255648,0.2417860151642797,0.047514749576951655,0.0645921522674163,0.009902345531240723,0.5012493038602581,0.49335245046923826,0.002099553825304721,0.39158571663387953,0.032709601208158384,0.5003355599659691,0.6547987431020588,0.03748861805247492,0.15692310605371493,0.2906561143732448,0.5192810722469481,0.2524786507742117,0.18056905268879198,0.23914040199369946,0.3851999176895998,0.2882096507561149,0.2946433667978192,0.0002532857212425707,1.772978742854935e-07,0.19628720085747128,0.021192913081565023,0.3101825047199496
1,37,0.7197684795918162,0.8624192515142974,0.03333301637311334,0.7827360174021872,0.3953913192901898,0.22575619656654494,0.9093598592876595,0.6017558502369784,0.8028833277036186,0.8160467586268034,0.5401088435458639,0.9468923671177499,0.45755345575037637,0.36372576022822156,0.4469039686266076,0.033333016373113346,0.24320222425449678,0.5370261087367475,0.8930291269981576,0.6576036924488635,0.6305141314774549,0.59805638571798,0.22518884417963292,0.9164146761341296,0.22518884417963292,0.37588915468479134,0.2785653094903763,0.7748111558203661,0.7748111558203661,0.933767987005993,0.8648866934922186,0.22955704931818888,0.9623974486326322,0.22518884417963292,0.9154698179782685,0.23562498457307463,0.7974708000820835,0.9400202188668314,0.4324919593586213,0.9154698179782685,0.7950820703043899,0.604526943012065,0.0641350581556267,0.19060318027201129,0.680524023959683,0.8549118679441181,0.06335763348797778,0.16795862318860788,0.0,0.038670842131232355,0.7815990735603442,0.16682200415195383,0.39742449226297005,0.5105535916532243,0.013326555228648151,0.5727329804227853,0.906460003579076,0.06748565467170825,0.14215686274509806,0.10355928966652805,0.8189685012114919,0.8392629082284256,0.004335999585538083,0.013727827131539269,0.0004546217805363622,0.029953606013456452,0.09908838684106223,0.15927347360465394,0.34786970609283524,1.0,0.028100856012208186,0.756485286770918,0.5492700729927005,0.002249681691276917,0.7631777714736504,0.054537228633684334,0.42522321275794805,0.7502294848761173,0.03927234133193314,0.6109841814589104,0.8926640840927509,0.49904458734622303,0.7801343179894774,0.010135019767352468,0.03421004064692981,0.5970355954504737,1.0000000000000002,0.06880259061056168,0.0002763474169826544,7.912648971495318e-08,0.5794575497732367,0.06398177714932675,0.39860568851021166
1,39,0.6474117884896604,0.8186212022769723,0.013564919541704051,0.6760028408255799,0.2951162501571944,0.22325494570013493,0.8551433344867457,0.6310004960335369,0.781148052501832,0.8108067193955126,0.5838175451549691,0.7469328120591606,0.39594529434155973,0.3162077213330694,0.32885672349801126,0.013564919541704058,0.4054742637473382,0.6311476512020862,0.7806126191169939,0.9333010387913623,0.2353333125138003,0.603108099717428,0.3788843898053901,0.863424955823969,0.3788843898053901,0.5454420303058257,0.44934763991540483,0.6211156101946091,0.6211156101946091,0.8885634147631194,0.7726693661167641,0.3769015112323244,0.8916154133062602,0.3788843898053901,0.8333658592149502,0.36155073545080557,0.7593811497500116,0.9310163191206419,0.5666387890904462,0.83336585921495,0.7381642007879692,0.6233008476885585,0.03870356075076479,0.256608487354973,0.7222019624295513,0.7634433248431785,0.049848628843219,0.12905069361020344,0.00530873082607395,0.07740712190598424,0.8134072446749809,0.07119151362051016,0.12934211388429973,0.5997872121357727,0.020361785493583716,0.8324654706001363,1.0,0.14074514362911542,0.07907050379960598,0.02590560090831795,0.9275377326740363,0.7259528130671505,0.0026467473538857858,0.008409447374258038,0.00031584805499951197,0.06774056760931685,0.02816196257588084,0.07236054486857857,0.3791186090310674,0.44512657198773115,0.08530319642130568,0.7185944263618411,0.7062043795620431,0.002109300578747579,0.7748623370537587,0.02289090868135628,0.1467154232343495,0.8975651956658031,0.02436512719802964,0.6286714377364695,0.7825356925433514,0.4243559818902578,0.639080407540361,0.04493247207432831,0.07969450572204484,0.8005915684387096,0.9052504408599222,0.18143730359057636,0.0002603067388569468,8.108687156058025e-08,0.9037935259549674,0.11352164461572614,0.37793749715689395
1,41,0.6762930550703026,0.7896484335610163,0.015266862339936522,0.6648745621277657,0.4184243207845405,0.19347472493165108,0.8321389353429062,0.5551337648055906,0.7469977329797142,0.7631363753757848,0.5655842076414577,0.731618363571117,0.428920803154429,0.2155119088721822,0.4346941185984873,0.01526686233993653,0.3526304043437455,0.4476178386285608,0.7151082084777293,0.5362495198699302,0.3996061065360166,0.5043721983981669,0.24155334369451187,0.8947277099932887,0.24155334369451187,0.39856747916530877,0.29814478921386306,0.7584466563054892,0.7584466563054892,0.9289548989133785,0.8550679937832957,0.2846579302713311,0.9176229665206029,0.24155334369451187,0.7870794859163577,0.3378695890336603,0.6933718748114984,0.9402373286945477,0.5232181572715083,0.7870794859163577,0.6860241167833954,0.5144788266373987,0.05313446639243011,0.2577276259414407,0.6016917027011031,0.6822271461627383,0.08665053573758645,0.1621083364990242,0.015520804053492161,0.08386434851515683,0.8015532019016494,0.10379728988978718,0.20837281879982295,0.4399181362817758,0.024806164016704095,0.5722702066379882,0.7028185336991523,0.12158722769135913,0.10661764705882354,0.08056616755083201,0.7734031049664015,0.6583072100313478,0.005179344892412084,0.013051239138632152,0.001817395722841148,0.0729208447412936,0.0202680791265809,0.03830756055616281,0.23927981698255618,0.5979956918211903,0.02860303594020754,0.8264053504992052,0.5405301575105648,0.003168930840568274,0.686603717256851,0.04326766071462833,0.3963520108103009,0.8350489738753704,0.03641428185449164,0.5309733691783238,0.713892210741303,0.5750435192136965,0.6509164478328822,0.056588447086138235,0.08007802921736479,0.522358359583264,0.7384321233409897,0.12310880500353338,0.00025905956849239776,8.175411059513351e-08,0.6325830635704823,0.06337135115123031,0.36439031462954896
1,45,0.7315676792966712,0.8806659528686396,0.02587938741730792,0.8571482640310301,0.5413709285408815,0.08669791831426064,0.9387354124402227,0.7045319085327223,0.815595894087312,0.8216163005583718,0.680006497481605,0.7459931583336358,0.6100702420899516,0.4006254009765027,0.5992916045168429,0.025879387417307928,0.07722868941620298,0.6013024782937482,0.44157031068558994,0.4375032621364353,0.7223908941118715,0.6817538295701064,0.5092325083654403,0.839607082569906,0.5092325083654403,0.6719660960988592,0.5869783182296701,0.4907674916345588,0.4907674916345588,0.7453837458172785,0.6180756187259178,0.39142720979225665,0.9384057757887541,0.5092325083654403,0.5398553369258642,0.0036178905373704384,0.9924447034102931,0.8765765897467865,0.09368594799044005,0.5398553369258642,0.9630960731077544,0.7118677132771379,0.04220984476955469,0.08777120620589696,0.6974972965487345,0.4111763904545471,0.041570021562448614,0.06644762743792271,0.027903776547683404,0.2434751504227589,0.961302390317242,0.10272693899050586,0.10306526788806647,0.6649802454530224,0.02022284779793177,1.0,0.6007620450816497,0.4852377585745734,0.11556458247634721,0.019465876454983655,0.8130841121495327,0.40924592648730584,0.002226457611592455,0.004236895273851235,0.002005377490250221,0.2504537472885833,0.022294887039239,0.027930788672153435,0.39054457687770294,0.40615043318547883,0.16799073958358726,0.9251128222015521,0.7432374409617863,0.0018906617858236263,1.0,0.028533541751119315,0.03011438597484939,0.9999999999999998,0.02005515989902006,0.7153785293660108,0.4415594167204793,0.37085929908961823,0.35563203914845,0.14865804521023118,0.2313416929045145,0.9377197713369841,0.5945212754204731,0.5014037159483096,0.0018514330926887018,3.450843601959918e-08,0.6186171674327876,0.34840092891725427,0.10447035152089004
1,10,0.8694239284188612,0.8879669541305043,0.027086968046562625,0.5972594895883592,0.20601288254337824,0.12860339693136869,0.8881758299293219,0.25909630332321015,0.8795010851274446,0.8791083944760862,0.8641933209672672,0.288379379155946,0.205531721899277,0.5351502752841265,0.5623516573892697,0.02708696804656263,0.23588842786456965,0.11215057148990766,0.17768848535967935,0.06753849389690715,0.7651209873671756,0.367809911667726,0.4058884628244108,0.7698302349603758,0.4058884628244108,0.5789751111315691,0.48173498957194044,0.5941115371755892,0.5941115371755892,0.5941115371755892,0.5941115371755874,0.44005664611654915,0.8456050648252916,0.4058884628244108,0.2609842704771188,0.15521353769751128,0.7126603285177636,0.8151774801580722,0.19576288945359288,0.2609842704771188,0.6869532313226151,0.39586573861071095,0.034882126453958974,0.24132742646743754,0.3901651618316302,0.1690895060363075,0.05817867175932416,0.030163738741067946,0.0949351654491919,0.5327241865355575,0.8083661668243405,0.06343369136485488,0.10748249095064843,0.5334797679925866,0.017341014773106962,0.5822398079516716,0.20086147884412947,0.6904655505152802,0.07082990538872892,0.22662097297857875,0.3925233644859813,0.1364153088291019,0.005636631010977275,0.004367285180631359,0.012215177191431845,0.6031813956233676,0.006859965242842769,0.05285564024466228,0.009013959748924112,0.0038543995871284974,0.008402805623236849,0.7216389886338024,0.4543795620437959,0.0017614541037071828,0.7600969569447104,0.023568326457856607,0.18046864605526958,0.577288242825436,0.018824097726152733,0.4021593267824297,0.18080948920877432,0.46369218558645464,0.1506709032895152,0.39959588651258326,0.5200649852270104,0.40598759592590083,0.17550931574419665,0.6388139247660993,0.0032435420973086814,5.8200356595241464e-08,0.15653961341869604,0.4158763876585807,0.05669144981412635
1,13,1.0000000000000002,1.0,0.05319808569274638,0.26193097110747143,0.12405095305424159,0.15679266704302314,1.0,0.21574490512907465,1.0,1.0,0.9874662014282447,0.2973357439199842,0.15716343082239562,0.8552791978736951,0.5653442354970142,0.0531980856927464,0.7614331008634179,0.08770981859043778,0.3574558196024165,0.04837493507350878,0.8911322218238428,0.10376024404934968,0.23542857292563157,0.5702242960499341,0.23542857292563157,0.38953815817745796,0.29080911104584495,0.7645714270743671,0.7645714270743671,0.8822857135371862,0.8234285703057758,0.5859163332831883,0.5538315216552764,0.23542857292563157,0.490821699860687,0.7040606336381448,0.3343901090997376,0.6676592051073525,0.8155236638041748,0.490821699860687,0.31714695390780573,0.12256311988689185,0.05187655796284815,0.6170456953608179,0.2042635781995964,0.36848415792455413,0.09800919257578987,0.0829635743048075,0.04104985817136747,0.14671166550016446,0.5473367436359691,0.06360193684832186,0.20633652210712694,0.4261248584274292,0.032218697830353,0.4612403283720773,0.3849344245663067,0.18355274028064475,0.09000190985485103,0.3172806864231452,0.41903490368109847,0.3800140745953553,0.0067305070130852665,0.007615946243493595,0.005783696708854936,0.16752075854320245,0.019109903176490563,0.08661864071660677,0.22857297851633127,0.07318500271463906,0.21574255209641394,0.6584263397053891,0.4963503649635028,0.00423899971927,0.37879567030392414,0.028418477402030497,0.4221337325245771,0.6601916843449003,0.03599568818779704,0.12677336246912665,0.357082539620196,0.5755765972971936,0.30959524144649564,0.12434348417208572,0.15156052147459131,0.41326489181817905,0.32852582486424137,0.2709331246051327,0.00037429567495355276,1.1020715368642666e-07,0.3392354233848611,0.02565361429565915,0.21720803734524052
1,15,0.9856046881243061,0.9508439777524025,0.05117639450146159,0.13889626941107402,0.0733451970489668,0.36738474765883644,0.9712730346821301,0.1645732025012101,0.975068057011464,0.9767992261732625,0.9470485173048019,0.3115756971346122,0.08290153228350529,0.7880189318042696,0.2989669703744103,0.05117639450146161,0.8883566347484659,0.07399588732056468,0.30653143379281445,0.023732508747104374,0.7791622566858674,0.04398082755791225,0.09312336068095821,0.6050651828832492,0.09312336068095821,0.17973719646138653,0.11818548876545777,0.9068766393190408,0.9068766393190408,0.9068766393190373,0.9068766393190426,0.4706219136134474,0.436226543843202,0.09312336068095821,0.4399852365981911,0.8764185174336852,0.15522411647997086,0.6828738646004229,0.9263718448812416,0.4399852365981909,0.14908153712655592,0.051350436593254015,0.05783872752600465,0.7738174083339657,0.1163197017521922,0.2803849240132752,0.13989674050221668,0.10076064086024944,0.06485135849473612,0.2251612975713787,0.42761292758243746,0.0703243130675478,0.3447812160458277,0.30072710691854765,0.04590603783685576,0.30637371229674437,0.20657352082031466,0.2898486436644454,0.08811375789985415,0.5370682801654539,0.23495790530624858,0.2418271383788625,0.014466881890265761,0.015119692882294396,0.013646569059396771,0.29654883769596985,0.02837531077721328,0.16450249604879305,0.033974580178164585,0.009639742676394867,0.032832307966019283,0.5189276010753,0.3374608967674661,0.008187374139837701,0.22547678805044302,0.03543229957909237,0.6263074094226162,0.5855384161657313,0.04378521736992942,0.058758985266779876,0.3041959954775885,0.697539018423682,0.30622220072491657,0.16032510506257475,0.19255172821794625,0.2100626782388092,0.22342263576078186,0.21631516469825424,0.00032046249945037503,2.7035373135818505e-07,0.03783189585048932,0.01567886564491742,0.20401337792642135
1,17,0.8346432244493567,0.9136015464175457,0.048035007121113756,0.37151381018974056,0.1185047109006473,0.3170527210492285,0.9055799640671671,0.3295405463081925,0.9074908312539457,0.9178850559260827,0.8130110280454963,0.4228017358070626,0.1712233318473231,0.6164562194592822,0.23762437145714832,0.04803500712111377,0.5995548828050465,0.2335762260641551,0.26945125409599285,0.08766668844418525,0.674305199432728,0.20800584527451277,0.048501800047265294,0.9474475773116824,0.048501800047265294,0.11107448948090885,0.06261977128571095,0.9514981999527361,0.9514981999527361,0.9514981999527343,0.9514981999527343,0.1276386216439226,0.8395024616363463,0.048501800047265294,0.38619889005268304,0.6047860042764135,0.34722206983972626,0.9578012725373317,0.7331398817232734,0.38619889005268304,0.35188900168762643,0.20757135965300363,0.07103498440779016,0.5829871258300325,0.2144586495051614,0.25548391365560574,0.08747542560992759,0.061621635701934414,0.06640710619048164,0.29397479252870656,0.38657393111688493,0.14768154267846692,0.7316915813731071,0.39226947028024683,0.008845540651115194,0.29110151191031497,0.21142233399803467,0.25287050524238996,0.1375125334224599,0.5259169301433978,0.24061769859813084,0.24014778325123148,0.006618353314441571,0.006552885363153136,0.008570662789479034,0.30143391521197016,0.18671967895362662,0.5639611415332771,0.0017067346177890258,0.002491644621050436,0.000862254314217076,0.34057347318959796,0.39375506893755025,0.0009340692793404113,0.36669626575085434,0.048244304467426745,0.6676028064660868,0.5684277157558522,0.04528937509478796,0.21075814660727413,0.268189941281593,0.6026382304454754,0.2497026396633065,0.2407926196825776,0.28812506470649135,0.2603078159204958,0.2201400466589844,0.29301988035949944,0.000281064808379978,3.8284088816802465e-07,0.02113519226001768,0.02740464150915525,0.3256227758007117
1,17,0.7940832114769958,0.8771677440073491,0.03666239223862707,0.6063021317234046,0.3118355091977291,0.09395342785550347,0.876479700004406,0.4043886367483639,0.8641314435676893,0.8762836779852632,0.8463506108577739,0.2967986988318022,0.3509067152261941,0.501679615431583,0.47530565238807015,0.03666239223862708,0.21981340714045994,0.22985844406264772,0.15992268230062484,0.0675343624943641,0.8060829576493259,0.3885677855419357,0.27573040338122157,0.8470177622226749,0.27573040338122157,0.4392173005266254,0.3375587754528997,0.7242695966187771,0.7242695966187771,0.7242695966187753,0.7242695966187771,0.3298455633190608,0.889565131635897,0.27573040338122157,0.23337933684834655,0.17580247595838744,0.6684060516527506,0.8771577897201458,0.1169436414186471,0.23337933684834644,0.6563843591758461,0.4044249574768569,0.05233031426364958,0.23157637142338927,0.3951798705505384,0.15172686596574886,0.05759064274755647,0.0268791811517416,0.10316433854935324,0.5807055305766156,0.722588849343762,0.11756438834110627,0.2819777803626572,0.5404964287484798,0.01620462315255098,0.63630081994732,0.20867421692574512,0.7398089968670246,0.13569518716577542,0.2220175263891655,0.39485981308411217,0.14778325123152708,0.003671196264116455,0.0022354391687831954,0.010892356951300631,0.5701131785919815,0.052697005729110374,0.10793235255209668,0.15408175819280337,0.04173121659507975,0.14538636697078858,0.7709124867989098,0.5756285482562845,0.001840858496060625,0.7157945429837776,0.03784565210337053,0.2934004102539134,0.7429786497299051,0.028109576415905786,0.410619766001214,0.160773551187133,0.46943689397721644,0.1334139367947197,0.44678686031087156,0.5732477482141008,0.5289347176196152,0.18085160596005934,0.7795040563735222,0.004467432118663254,5.732864032192191e-08,0.1143923019953055,0.3090490076284088,0.056255763910236685
1,19,0.9977416107330761,0.9819587649358268,0.06821056087814506,0.2448896851790496,0.16011068133007628,0.3430932806358438,0.9847049765638223,0.2380329376488904,0.9895075613550877,0.9928510709943663,0.9362686663349581,0.36102264501861203,0.16697489666088447,0.8285772284364592,0.30022355496628533,0.06821056087814509,0.805342124829463,0.1164973564928373,0.3101577282040528,0.06049981924534791,0.7674509728721626,0.09989710451814379,0.10783332939217753,0.7738101173642278,0.10783332939217753,0.21224353162329435,0.13708097981324355,0.8921666706078213,0.8921666706078213,0.9460833353039142,0.919125002955866,0.3301877363219804,0.6714216572226022,0.10783332939217753,0.4401334715675217,0.7781440418890699,0.27510273625718157,0.9153022227769487,0.8646642764402076,0.4401334715675215,0.2708058544342458,0.10730043359481535,0.07593534502946518,0.7378822584998184,0.14445189976800443,0.3057401776390267,0.10210066385623943,0.07790865688647708,0.05288598436881646,0.1994508703563196,0.42157954914874557,0.10654222215980391,0.43709083524351855,0.372818873920162,0.022573095443289254,0.3699023024868484,0.30210104218681144,0.17318439181614234,0.16990405787983645,0.6661943711842787,0.18581638262781747,0.3071573456968994,0.006143555579190787,0.006647304338319605,0.006031782282583834,0.18143555139301068,0.10229418759180246,0.2930915366295187,0.059754985876118716,0.05626626889584067,0.014302175547834835,0.43331136224316463,0.4543795620437959,0.0024092461289607495,0.2886506278392096,0.04419384681962674,0.6268106330062659,0.6659198610217658,0.05116555292455801,0.10646174386109637,0.3089924762348136,0.629696784559379,0.2876371174631478,0.1705819950602589,0.20028257705401237,0.29972296791583697,0.2728394071893064,0.20599142849001711,0.00026357336774247186,1.6459194754570501e-07,0.1339299152211032,0.010806137076668545,0.3235473948227721
1,19,0.879752690026562,0.872818932366975,0.03661673654026374,0.6063217180776413,0.1898207333497281,0.0762397747414144,0.8868556625380213,0.21325725514506963,0.8777370277439012,0.8761510342491192,0.9205222990338745,0.1790347460360547,0.19380862394374604,0.5277489430776038,0.6785138824259542,0.03661673654026376,0.21977846784171917,0.06768089685987953,0.16163840905382948,0.06543306553465653,0.7992743233304009,0.37480546550042015,0.41718744290488946,0.7680735321877175,0.41718744290488946,0.585303554289707,0.49097639998248244,0.5828125570951102,0.5828125570951102,0.5828125570951066,0.5828125570951084,0.4399954494577726,0.8464627313923079,0.41718744290488946,0.23821935428724506,0.1385370992846811,0.7228314433141315,0.8137668768453385,0.1082499171355008,0.23821935428724506,0.696123230671253,0.40371717150820785,0.049283517603724875,0.23427019871779864,0.3937945066940649,0.143864596482778,0.06138409327917828,0.027982334650518477,0.10804174382257532,0.6024327711041442,0.8334429751680927,0.08465200799238201,0.05851306954872615,0.5466669627661617,0.024899132333158457,0.6929161038826207,0.18278279267852526,0.9027385099045647,0.14580911415949782,0.23525352310466174,0.38814197127360733,0.1285071749839366,0.0032965009527386605,0.0021106338082219674,0.009558380202775104,0.6261853726886796,0.015509486635992352,0.024561928771521267,0.190713206100475,0.05377486726339176,0.17706331032354058,0.849652985252238,0.6469514813224557,0.0023269333268995888,0.7751283904539995,0.03147310576769763,0.14211902502419926,0.7901092422160398,0.026145941110884502,0.4106381548928005,0.16056706062562887,0.46704525402410146,0.13726704968730905,0.4355275761272003,0.5737958502585214,0.5667461637657324,0.1709421825069235,0.8633706325281761,0.006392281505483109,3.530701695265374e-08,0.1726626548315927,0.467073261717606,0.039414171871634665
1,21,0.8744083653798158,0.9786922780847357,0.02131334147487862,0.4967396826329577,0.4540420019752824,0.05956587662188244,0.9690562679554645,0.5038372678293348,0.9318452538556443,0.9407970155552152,0.9015866876452392,0.39272214346062106,0.45175521951414355,0.685707154873715,0.6144155462246327,0.021313341474878626,0.4069487746123328,0.32446631544810517,0.23345939819457934,0.08519856923824709,0.6790643636544124,0.29663459564470807,0.2214958785972028,0.8396359688266068,0.2214958785972028,0.36630633902556936,0.27257871298584885,0.7785041214027952,0.7785041214027952,0.778504121402797,0.778504121402797,0.32145304085345383,0.8460675125105511,0.2214958785972028,0.3376398730851291,0.365251420878204,0.5472030775726834,0.8712303315408361,0.5182142379175244,0.3376398730851291,0.5378492134876083,0.30973065595472293,0.02218471673918973,0.38538004968084283,0.31608272230619916,0.2205864501879411,0.05812874390925181,0.04062310044323641,0.06464501489808076,0.3904133061417112,0.5704830546407487,0.050038883974699695,0.4386906316240571,0.5279541476473214,0.012682339009774278,0.6274955627298618,0.2704503200606143,0.5259084586612001,0.03755848930481283,0.2706414309898426,0.37018107476635514,0.18472906403940886,0.007410789291420922,0.007121617414608384,0.010221074418762228,0.46264147323997695,0.0334423305588585,0.2760109519797809,0.01877545350565734,0.011850355521493201,0.011219830639697774,0.4894846021721776,0.4543795620437959,0.004028626889708172,0.6040150988567631,0.014746863903814694,0.36812108639065677,0.7252861230746599,0.012250884936612465,0.31212860823828437,0.23536826653050802,0.48023930121314806,0.20094965205238666,0.2837898302264199,0.3752458846671498,0.449563987454764,0.2341072073059211,0.48940371806217187,0.0007188868102833068,1.7906165268796172e-07,0.09712096667383716,0.19222252490660036,0.15469146238377002
1,21,0.7600772656001406,0.8872020934549476,0.0033724183461147266,0.7649766731842044,0.3223665861397076,0.11020198666158142,0.883188135325097,0.5364213449153944,0.8593753974441103,0.8842404061919864,0.7735102659920646,0.4490181584712387,0.43760669548297776,0.4991595357645562,0.44220628619475283,0.003372418346114729,0.15619557193164124,0.38834595254346865,0.5946790641892681,0.37598633603904297,0.5359127897269549,0.5936201848458565,0.4718942681820896,0.8293092935414084,0.4718942681820896,0.6438395209232433,0.5522296372892267,0.5281057318179112,0.5281057318179112,0.7640528659089512,0.6460792988634338,0.38627964507521695,0.9178416460875921,0.4718942681820896,0.6848070928987442,0.10485817296890815,0.873000363617636,0.890727451072664,0.2207567661264186,0.6848070928987442,0.8444252969308716,0.6224065960325078,0.0016605836708768577,0.10499478327828438,0.711457714388897,0.5271608082478885,0.028236058476736714,0.08069579829131249,0.0037720566893522794,0.1691072623200553,0.8337257144424686,0.010868242072258963,0.10429312861863038,0.6921440093352097,0.011841136269232473,0.8194870575960719,0.6205999305389931,0.36183163324902246,0.00969251336898395,0.04913253225342451,0.745846313603323,0.4105090311986863,0.0019324315929847317,0.0059300619481083925,0.0,0.23044951723255971,0.0,0.12243751755124957,0.5117282100486856,0.4325728826717749,0.13506255344213847,0.5259722296506122,0.7271897810218979,0.0013822387806625184,0.8994795022195726,0.0024035303800828724,0.0,0.6430942271028572,0.0,0.6407693497193363,0.5939494511105438,0.3187135426223284,0.4817561629230481,0.04947345974257315,0.13158712081996066,0.8662271480780496,0.6600961195366638,0.3285198343609911,0.00019283679172638532,2.579803503052106e-07,0.5316716116375242,0.26996975627112496,0.5909060955518944
1,23,0.9235041308280489,0.9464581606506075,0.013041618388923915,0.4034487387009449,0.28758961753742185,0.0821967022315533,0.9548412122738427,0.31170949333367254,0.9211138504475327,0.9022809031250231,0.975580306596182,0.22207738325854734,0.2807692408741226,0.6468292846570096,0.8592750322147837,0.013041618388923922,0.5526903479931946,0.128176544876388,0.26055897128695643,0.06952037472798239,0.7012089639774427,0.1925807745979043,0.3992272459040657,0.5992848276378346,0.3992272459040657,0.5720078810807863,0.4745675913273409,0.6007727540959351,0.6007727540959351,0.6007727540959316,0.6007727540959351,0.5956226825848867,0.6577294003137697,0.3992272459040657,0.3793968367788273,0.4710649163418477,0.5200066870860449,0.6782323348067959,0.6410759847104835,0.3793968367788273,0.4893777209413706,0.22408181155723092,0.017320535099940547,0.4227753803594878,0.29685129658318327,0.2282289603883258,0.03576593226785456,0.034994332448887916,0.03336866270238291,0.36929336644522714,0.6120205856177376,0.026740696426511376,0.17499269444704735,0.64767592179474,0.012168320496801234,0.7669216962644908,0.27137845897942864,0.7159283706944967,0.03755848930481283,0.2706414309898426,0.37018107476635514,0.18472906403940886,0.0026954272240701125,0.0030635287713714453,0.002988946912313353,0.46264147323997695,0.016721165279429254,0.17728517270429653,0.050537380701428686,0.014055774904816118,0.04836456238139342,0.48948460217217765,0.6362530413625301,0.001431965238812613,0.60862679210587,0.00717802297791687,0.09457934311278571,0.6707389562077681,0.009583737406968683,0.23542340552651173,0.26116926219045183,0.3620932882154395,0.21255540987700564,0.17759223442228522,0.30676053421679267,0.5634769583437521,0.26065985025236443,0.5438372499156262,0.0007260669475477238,1.450843312658514e-07,0.15673379247708602,0.2519757259483272,0.11867704280155641
1,23,0.8846215030274784,0.8961874466695219,0.008977844871947898,0.5951932889178915,0.28884183323949075,0.049417468892114194,0.8952054045018376,0.3033011531493605,0.8765686527707248,0.8580212929729083,0.9350680938216087,0.16960619103776856,0.29978895900743874,0.5272233396926533,0.8278899990214926,0.0089778448719479,0.23954584285071334,0.11010579212165776,0.13399824345127234,0.0710640451877199,0.8686854446058363,0.38714668322525936,0.202944136791639,0.8852192513607875,0.202944136791639,0.3459053753772968,0.2521181593975976,0.797055863208362,0.797055863208362,0.7970558632083602,0.7970558632083602,0.2627510128727517,0.9058030464884808,0.202944136791639,0.19507332496868446,0.21179606875850504,0.6257110691785237,0.9078329545620809,0.2299598285732024,0.19507332496868446,0.6208124600127325,0.3964829572098714,0.010024601685709443,0.2568469670392408,0.3821838741589312,0.12471607315830179,0.05858089280815186,0.020994202495792834,0.12225169367396886,0.6553493714469604,0.5147920686117491,0.0360370475925253,0.5377158311660928,0.5176922812918284,0.0077876120310456185,0.459605745573224,0.1338895580959616,0.7393394206927749,0.03600076394194042,0.3649122664401351,0.32233454129315275,0.08444757213230114,0.004444674442603477,0.0029945567632679443,0.011719675317499845,0.7543503877668465,0.019109903176490563,0.22631226037171395,0.11271236471234244,0.025336805763868223,0.1128940807253106,0.433009669855127,0.5453163017031624,0.0023176841174110826,0.5478799923012675,0.011646374849832454,0.5769691525950984,0.6238621332178296,0.004861437368211273,0.40023439382469295,0.13269083482256827,0.48253587597984215,0.11010777010964312,0.5139996165750618,0.647789626255306,0.4147328806061378,0.13081024038343436,0.8072418514520923,0.0021263961973880625,2.975119544403655e-07,0.08063838009340575,0.2097423124820373,0.24238410596026486
1,27,0.8489550283387606,0.8916370786247165,0.0034681713456009297,0.5888236631537745,0.396036068536385,0.02673622785402012,0.8735939826184898,0.380537409065894,0.8664310122060012,0.8521528422378578,0.8948028314241161,0.19895674976485225,0.38807874404842013,0.5037815494410313,0.7213667803064859,0.0034681713456009323,0.2507840816263187,0.16636810693895954,0.1220896794128114,0.07128867421208292,0.8880449379906394,0.3667709708505943,0.3195483224152332,0.8148990613902485,0.3195483224152332,0.4830174289769528,0.38486102880942724,0.6804516775847667,0.6804516775847667,0.6804516775847667,0.6804516775847649,0.37177546440714293,0.8660307794525746,0.3195483224152332,0.18000807613692005,0.19562929977452553,0.6680596570342395,0.8513670034243168,0.2643271350773817,0.18000807613692016,0.6509805698678498,0.3870766821608118,0.003588844929889909,0.24862835893287827,0.3864104861042121,0.12966883289481895,0.04319322948352301,0.014123667084760837,0.10938079670906652,0.641662508855511,0.6120229869362324,0.015931671339060968,0.35668683963018155,0.5997872121357727,0.00788722382461503,0.5660518245602345,0.19820135154486979,0.6767372867330408,0.019385026737967912,0.2220175263891655,0.39485981308411217,0.14778325123152708,0.0015529782459069003,0.0005724411735299575,0.007029091255652164,0.5701131785919815,0.0074316290130796644,0.18094168304783298,0.13110207600034965,0.11013068602592793,0.03626850834924507,0.5259722296506122,0.7271897810218979,0.0008973404987365543,0.6766373799700752,0.004233861103127011,0.29639548789620207,0.6546334834338741,0.000950946108823768,0.3943195998272839,0.12637222364054124,0.40598338375670484,0.09081216591986399,0.5127028005323654,0.6645615488145771,0.5241882388853644,0.17858331329342608,0.781319214850248,0.002795992362731652,2.939549852303551e-07,0.12234366756361799,0.32228045926676085,0.23312101910828023
1,10,0.913462518656793,0.9050928317016591,0.019772178045269418,0.4993275336121824,0.1932411266495545,0.30987121623191877,0.9281636170117162,0.2788195780466,0.900353940854066,0.9034509130570578,0.8219575038982282,0.4547620840210087,0.1837049807742754,0.5931405794458435,0.3974670433824228,0.01977217804526943,0.40272383659526934,0.15561775399554056,0.22969998579320394,0.07719249086776996,0.6932967250341675,0.28069825511753915,0.4297341264912907,0.6923047977070845,0.4297341264912907,0.5968328577663113,0.5047179434518965,0.5702658735087098,0.5702658735087098,0.5702658735087098,0.5702658735087063,0.5155398732054755,0.7645686473278496,0.4297341264912907,0.3357755833734619,0.301090435834316,0.632396168510454,0.7529258344541544,0.47170639025011096,0.3357755833734619,0.6015721758136905,0.31291203955842184,0.02776006512099099,0.35380727600585005,0.33231976155096665,0.21313008408670087,0.041760189542104115,0.03282798716002716,0.05235794843869927,0.411018839962938,0.6612175557874882,0.05188938387610321,0.24122334136494938,0.6180305301010932,0.011730827382895733,0.7972861836416604,0.2847837732070747,0.7142007950801009,0.08584797555385791,0.2855262997451521,0.3626263589547968,0.19000703729767765,0.0015069484987552187,0.0015850903748788486,0.002916349155136251,0.447288372475405,0.012739935450993715,0.06512731461582097,0.28938355113280834,0.2058518994235721,0.12181641898094418,0.7055903025834905,0.75750202757502,0.0010828954198095896,0.6761200721470598,0.014183796563945838,0.146407208401081,0.9008842626806588,0.014587799255747953,0.31435223406807156,0.23449068164411535,0.4073443169517832,0.19138879683925572,0.26036678319883083,0.37757531835593744,0.7758058793603962,0.29735889314577274,0.6902605836596858,0.0015314314092302833,7.595435795974777e-08,0.18266574603336524,0.3799471212966885,0.07006125574272586
1,13,0.0,0.0,0.06181620078303455,0.6061292806855442,0.0,1.0,0.0,0.0,0.0,0.0,0.0,0.0,0.0,1.0,0.07213546819753369,0.06181620078303456,0.22012172644843275,0.0,0.15520269006989684,0.05598183865871751,0.8023616280720327,0.32100257857400344,1.0,0.4440126785956704,1.0,1.0,1.0,0.0,0.0,0.0,0.0,0.7515510671299259,0.6277856938177157,1.0,0.23884565247246858,0.010755294088925671,0.8790980073792518,0.5535513636014622,0.0,0.23884565247246858,0.7898731658445171,0.40363293077711065,0.0461642694035557,0.23189108404628656,0.39501802220419385,0.14915526803111873,0.0,0.0048287673509791115,0.044420511615630084,0.5878120952888559,0.6627100856356865,0.11272912484850461,0.23225627922667136,1.0,0.007470252376371734,0.9554879802450243,0.2643400882445392,0.9999999999999999,0.15144552139037434,0.22742018245590734,0.3921177310488057,0.1354679802955665,0.0,0.0,0.0017121536470693275,0.605937080375983,0.09103745541022591,0.16997215201722354,0.18380171439224904,0.12315789577776046,0.086892050804791,0.6860432676729395,1.0,0.0004368264694936488,0.8216637917770843,0.0187288645515762,0.03949595864808986,0.0,0.016346020847493245,0.410457494560956,0.16217768700536123,0.0,0.0772484523655155,0.28233506864006186,0.5695206543120406,0.8805370471226285,0.2578172333706525,0.965059172263029,0.009401511596261868,1.7746228834377202e-08,0.3702420229017839,1.0,0.026068376068376076
1,15,0.9018403940428945,0.9079930002004932,0.07896525594615086,0.5484534495030365,0.20253681590870043,0.16035749642078717,0.9364590554115512,0.2668718136025923,0.8987549793924766,0.8890498967523613,0.8829174332408811,0.3574719639171786,0.21298473182892988,0.586625786264134,0.7288640337205525,0.07896525594615086,0.320710900674529,0.11606400071859084,0.20097825388256269,0.07243531540714554,0.7228130536252991,0.338363924561726,0.42874713719609553,0.7401605239716302,0.42874713719609553,0.5994593865577389,0.5051697239216436,0.5712528628039042,0.5712528628039042,0.5712528628038989,0.5712528628039042,0.4729604110677985,0.8184135207031229,0.42874713719609553,0.29467988012610824,0.19815037085802395,0.6933785631394039,0.7913531922591915,0.31778414402129107,0.29467988012610824,0.6644690918791875,0.36915768610683886,0.11153396801336361,0.37387386102827236,0.32200004964122075,0.2179750242230339,0.10548965782719001,0.04439567021985071,0.15439802982543227,0.39762993490040044,0.7278522914919823,0.1751037099409868,0.1509634772815055,0.5067462905126358,0.06440998383683101,0.7179851220383192,0.30614518433773097,0.5346515973268969,0.25588235294117645,0.44331031888291406,0.2825441329179647,0.22660098522167482,0.010262086791251884,0.0050739965732657525,0.03188611099061743,0.3408402071743718,0.1367419738406659,0.19732284938687625,0.03280478528402586,0.01831044518404302,0.02118081005921044,0.6585837675023252,0.4543795620437959,0.007672261264197539,0.7139581936564038,0.0621643712901795,0.19608278485147435,0.7635604642103417,0.05926308703933729,0.35751643717673737,0.21483278018892005,0.5037664338230587,0.1763203519337627,0.3611282813265519,0.429754632984781,0.47323820079161927,0.23731327230260235,0.5088425473481542,0.005721823691342077,1.2725368849070576e-08,0.1735889461114167,0.3984142667508618,0.02279643371950239
1,17,0.9414957348780366,0.905378546804815,0.047786476578045245,0.23883666626762828,0.10344283818927924,0.2606349263381945,0.8948600119417707,0.14951997721103985,0.9217052768437934,0.9224941648216658,0.9331984587723703,0.17239319629844316,0.11775861099747922,0.6439168758213787,0.3851414802516469,0.04778647657804526,0.7764277480949957,0.04534291066094919,0.291109870942265,0.06286927602904371,0.718576505485772,0.12072742979861155,0.05416458769877804,0.9023757476282688,0.05416458769877804,0.12231833993432495,0.06986995631682488,0.9458354123012214,0.9458354123012214,0.9458354123012214,0.9458354123012231,0.19574230558479033,0.7202521233696694,0.05416458769877804,0.4172714945944982,0.7579079996021201,0.24782560450695318,0.9216093377080861,0.8485880357088548,0.4172714945944981,0.24890504999099278,0.12281755817961357,0.0751808124349595,0.779028270570586,0.11363989365214887,0.2810161004266448,0.10852798269000412,0.07748259368053703,0.06537074535501022,0.22341705288753938,0.3122642566443508,0.11918648095227141,0.6276402854770102,0.3317714084981903,0.013591838256131037,0.19277466981376667,0.19744310882080546,0.16237082317293858,0.13793192102015628,0.7790345637081656,0.11214953271028036,0.2728306176582038,0.010016448623203226,0.010086180785665984,0.011443584637796846,0.20636279124673532,0.0926095307783774,0.36441628490102335,0.0011594814593056863,0.002642800981206267,0.0,0.32014622873834286,0.32599828252468843,0.0017930649996621604,0.2553116143115094,0.046737995030012566,0.7237489546026796,0.5119678426034133,0.049930116822781916,0.11766824321489594,0.29139948039465974,0.6599575344264073,0.2804912879612923,0.20062196607644217,0.22651839491361297,0.19773959901073435,0.22161802459610236,0.20667383987226612,0.0002079944528135646,4.558182207034372e-07,0.01892035794816687,0.015306673312689376,0.3446327683615819
1,19,0.8775412923160903,0.881719708359466,0.02351406247208736,0.6062654027831832,0.21307305347170158,0.0835615894973707,0.882901433437111,0.2505323415846701,0.8740330881457878,0.8744450819180255,0.8995788172563215,0.2100702024142682,0.22330790822514945,0.5191510641965369,0.6956087371816024,0.023514062472087368,0.21987892499340422,0.08854386966313275,0.15292331532135067,0.06814188667969891,0.8236032711104612,0.39217871901259804,0.2371579950222109,0.8684615198448167,0.2371579950222109,0.3915230306900101,0.29255679997339556,0.7628420049777898,0.7628420049777898,0.762842004977788,0.7628420049777898,0.29398410108959894,0.9001987254519097,0.2371579950222109,0.222717898360692,0.18701343609263493,0.6504601279802513,0.894376772925527,0.11979957783342565,0.222717898360692,0.6423514465674725,0.4044794621019764,0.031204515329453043,0.23232994980912647,0.39479232519423924,0.15023194806651124,0.05272163902530923,0.022895402881148788,0.10431445102825963,0.5848367093457985,0.6564098891554133,0.08136781440153057,0.3869393828984773,0.5450572582398096,0.010668902700006035,0.615192515371194,0.20927443360719644,0.7086224837460176,0.08529411764705883,0.22547522627188032,0.393104880581516,0.1379310344827586,0.0033259412986326297,0.0022703948343963535,0.009087158515189962,0.5987723000191828,0.044589774078478,0.15754001684919966,0.04468763579422989,0.028443501084706682,0.02414070281547864,0.6593007844397561,0.590784671532847,0.001630261465095914,0.682202344124034,0.024387039954011577,0.3449157457012746,0.7179756780306432,0.016338697830153577,0.41058528332015937,0.154805973959663,0.4631425779499807,0.12497238511005129,0.463939192157645,0.5890878972978569,0.4546053292969291,0.16761547094253965,0.7296131222922282,0.0028750240562462536,1.1201016428093539e-07,0.09854477565205748,0.2663222051920684,0.0979133226324237
1,21,0.867590974368053,0.8935402278524591,0.018222623567804436,0.5187799284522697,0.17162855966264665,0.1399701809462215,0.8908748930951303,0.282931610923671,0.8894060895326239,0.8977029810537798,0.8634304051539436,0.29566268521210515,0.21980588997461256,0.5624533332461689,0.46700468519431804,0.018222623567804443,0.37065862856610765,0.128164867310006,0.23103139015789725,0.0847975509370379,0.6806934700576903,0.3026781563855476,0.2209551983356983,0.8425484304788484,0.2209551983356983,0.3752247518669366,0.27475885745681644,0.7790448016643019,0.7790448016643019,0.7790448016643019,0.7790448016642983,0.32651755479509137,0.8513959940151677,0.2209551983356983,0.33415811145680596,0.3539988733714167,0.5566521395088925,0.873568990145356,0.5052601793797534,0.33415811145680596,0.5476395883332046,0.3155860241181936,0.021893588842434454,0.30814795069997936,0.35580114030193255,0.20024477027357773,0.07427127657882028,0.048058700217534854,0.07748929313036887,0.4466271732942739,0.6464865943682652,0.04617680590401536,0.2844273663117658,0.4766448158698563,0.020771198833904415,0.6067021442898645,0.19887228550597935,0.730831307998293,0.05137032085561498,0.25313682533359894,0.37906542056074766,0.17733990147783246,0.004606596345020311,0.004094046521127859,0.008279762897986672,0.4841358143103779,0.0133769322235434,0.11541701769165966,0.08452566972079936,0.020060721326280832,0.08383018949410063,0.635230677589595,0.5150040551500401,0.0019343679307003443,0.6087488147180654,0.016994790841645888,0.3487181920993103,0.8124491216763938,0.013862471824008519,0.33122846385491844,0.22747000255297417,0.5369732037829624,0.20911275359673934,0.3002023118949884,0.39621078786623876,0.45957001598352554,0.20260476437522384,0.6130901648009579,0.0008093150200275401,1.6844508925917144e-07,0.09128692762601667,0.2102883417951899,0.1333819241982507
1,23,0.895951911277816,0.9165294133121442,0.00900266189379327,0.5584948838030324,0.34430532146160625,0.031149859629099927,0.9032204308232656,0.33530163019296605,0.910236395457519,0.9189478807083333,0.9437011198303302,0.170631128240585,0.3364824991843222,0.617995817142958,0.6231412658948444,0.009002661893793274,0.3035288822798259,0.1303923977486183,0.20230110786828404,0.07580509984228179,0.7176422728220775,0.3524538811438326,0.28373081814451434,0.8282793733252725,0.28373081814451434,0.4443446137726983,0.34547943229282335,0.716269181855484,0.716269181855484,0.716269181855484,0.7162691818554858,0.35093635976956083,0.8669703413224732,0.28373081814451434,0.29412573309163903,0.23699303409915967,0.6367492767328685,0.862111172918848,0.3432253843589378,0.2941257330916389,0.6228712192149274,0.36986506659589047,0.008961794406155755,0.3297918364406919,0.34467026451006116,0.2069366253064746,0.05133687188992596,0.032251166175666285,0.07437262991202254,0.42813435208151573,0.5167485479957985,0.02556440305797658,0.42230516402573404,0.575158732882589,0.01078625085694022,0.7820014253158679,0.3413944319485058,0.5081946830737976,0.03600076394194042,0.3649122664401351,0.32233454129315275,0.21111893033075296,0.0020403795279292872,0.0017316890092601703,0.0049348381981444735,0.38587596941711655,0.019109903176490563,0.22631226037171395,0.06593671301384235,0.056705265360378586,0.017517205349691457,0.433009669855127,0.6726277372262776,0.0010047733927734,0.5904681696806601,0.007584473643817062,0.4186665375649845,0.9679830013180981,0.0036537671943651156,0.3665594999994431,0.20977789124329843,0.45313971896615746,0.1696586799602345,0.34491475562350804,0.44317217103219797,0.6535546732456575,0.28792971092580494,0.5648355563341241,0.0007966919479575726,2.0318239690444993e-07,0.1383272063281529,0.3105069834275316,0.1799410029498525
1,27,0.7493241497536843,0.9663791710806056,0.02153427286179679,0.5498729578206406,0.38623855822308134,0.20727249539271347,0.9582992233072386,0.6628464992640052,0.9268920383837271,0.9662829777344837,0.757265941472232,0.642275357024958,0.47360390032660865,0.690137856052395,0.33091768049875864,0.0215342728617968,0.48030949995308925,0.6582032267085004,0.714516533403311,0.984045860312467,0.0,0.6526448268411469,0.29475486283389807,0.900289858018481,0.29475486283389807,0.46196263684045763,0.35948447879881645,0.7052451371661022,0.7052451371661022,0.8526225685830511,0.7789338528745748,0.343013788600224,0.8549991764468106,0.29475486283389807,0.7793834372522526,0.4726311948077602,0.5872407656838732,0.9270623985456091,0.6496911270125828,0.7793834372522523,0.570630897329891,0.664119015187291,0.019039927491796525,0.2973600309497313,0.7110471426391667,0.6300506587270475,0.06623915671587736,0.1420164760607649,0.01603174307380139,0.13640049321231779,0.6914876240457273,0.03508270952775637,0.16386561578481507,0.5228232144695751,0.02257275435410385,0.6436751390670311,0.5848770019511454,0.23407788551833916,0.04264705882352941,0.15977892850029873,0.7107476635514017,0.5615763546798029,0.003583053652773299,0.010146839197441596,0.0013143134145140603,0.13067331670822943,0.022294887039239,0.15754001684919966,0.029115923983029254,0.029817584788450452,0.006914987653981949,0.5384811587647363,0.590784671532847,0.001958821852676783,0.5979398558755514,0.012861167304806584,0.21544049253665243,0.770785208344765,0.013725949857890253,0.6703022447480672,0.7082110033188664,0.48866007535769307,0.6380327272465314,0.07498582150561735,0.12025054353452738,0.45646837958268816,0.6048706168158475,0.1836770263219698,0.00014114469384425194,2.4916382905292697e-07,0.2907066384534255,0.1787760113744702,0.5613825634352635
1,15,0.774487159104652,0.8092337227732431,0.08306628600288153,0.06679360543959438,0.21723207303558864,0.08581348903548693,0.813224401995707,0.27287892355610643,0.7947808863795616,0.7954802200025373,0.8014361743017059,0.2448167914589829,0.2334485867458968,0.3101587897210565,0.6310700839491726,0.08306628600288155,0.9568798490238231,0.11097219882914604,0.3135387943559974,0.010254826105402659,0.8003180664400701,0.01824479606517976,0.041822920374776675,0.5439074426118058,0.041822920374776675,0.10023288835256926,0.0542147430447752,0.9581770796252229,0.9581770796252229,0.9790885398126115,0.968632809718919,0.5367252213637217,0.31226598821780804,0.041822920374776675,0.44904735737107804,0.9469465735412463,0.08027381217403307,0.6490059632580969,0.9690239430640087,0.44904735737107804,0.0778269590875305,0.02158938468267599,0.2720063511593988,0.9029809605605621,0.05038131003158399,0.2974994794575611,0.35252903189447826,0.22642844538508033,0.1540846599560486,0.18195815298729728,0.23576299415288832,0.3986408837364543,0.6175734941862785,0.16263170539176974,0.2293181488192634,0.05576844449072371,0.16094215103695642,0.11005697518838872,0.32781464858670745,0.7896271882582949,0.11281708945260342,0.3026038001407459,0.06226341089651036,0.06326187354444188,0.060034990460443624,0.16524622509659917,0.18313657210803463,0.29347265443666926,0.10755776331962062,0.20725463441449388,0.011778450099781814,0.467938501170753,0.16338199513381946,0.045971965711614035,0.07314955082120234,0.19689277946631173,0.9212379615256385,0.4147330191223497,0.2216710825370916,0.022738366701892117,0.3120691856012253,0.8304414356365935,0.33690177743839467,0.16968978475355856,0.17248162335645506,0.10896608758375925,0.21770732593407055,0.13538361012734518,0.0002500916086478546,1.5970963322845223e-07,0.05815505836288918,0.0008033443471799644,0.24471905697445967
1,15,0.7607158359636339,0.8131830419610049,0.12023227614706868,0.28824829110647543,0.37216128581929586,0.058556515067843276,0.8831016326464387,0.38412901894393325,0.786433416040212,0.7773803981000603,0.7293819436468303,0.532253769027332,0.3659829992312961,0.2937481248036018,0.7084499284302759,0.12023227614706872,0.7668908452025875,0.1806508662287925,0.31419737127691383,0.07505411340419813,0.7965550322604099,0.11885070857888717,0.13356275774184884,0.7652606505291639,0.13356275774184884,0.25412968872165415,0.16926953431824351,0.8664372422581508,0.8664372422581508,0.9332186211290754,0.8998279316936131,0.35431340662907596,0.7002888278221604,0.13356275774184884,0.4433738879682749,0.7369860466222058,0.32351093625848953,0.9246919149551178,0.8385064646037151,0.4433738879682749,0.31767992509273607,0.12813320011145518,0.38124521451540816,0.675103558138791,0.18055522003542201,0.29878863876966494,0.25408537648919277,0.16849727814608137,0.12084215648608178,0.21956522219733937,0.5320311171856427,0.5528574411267011,0.4075068197854794,0.26587299904017947,0.14386142498949228,0.2702922520295278,0.21705745385036662,0.2489785110628652,0.5126262626262624,0.5080248006384162,0.2838224170865222,0.2846195949644225,0.032707951692405,0.03338429667063982,0.03281907802784997,0.24283308821962188,0.2873563218390805,0.21777763910123735,0.022071618897046515,0.01000839604113581,0.017948711720681517,0.6241671769007503,0.23980972689247948,0.0229027953673606,0.34942176341740616,0.25414569134922255,0.6263429885400917,0.5670827876650635,0.2897977146755347,0.12983822844155127,0.3146526377386959,0.7324238539648511,0.3199963802504783,0.1771580943353901,0.1999730123038303,0.20394902894491207,0.23143772839032828,0.21903880771077328,0.0014627461733283651,1.6709050817123007e-08,0.17109786231594357,0.015359093640965209,0.054018098421277166
1,17,0.8608802655625344,0.8453985449475109,0.12652688156863265,0.43460616089937976,0.16051029189835234,0.09748258261063374,0.8483047285818297,0.18403790364461536,0.8534923379417902,0.8532070682522872,0.8800811254991321,0.17205904748681436,0.16382337221369525,0.46214658367203465,0.618590232596212,0.1265268815686327,0.5054570894725341,0.05342951358327617,0.0639311569637514,0.08690881161800902,0.9580651896870005,0.2559621345002326,0.17934367292690898,0.8483680552150448,0.17934367292690898,0.31765278863263596,0.2245824688612579,0.8206563270730918,0.8206563270730918,0.8206563270730918,0.8206563270730918,0.30689332002968817,0.8274881913357364,0.17934367292690898,0.09446227344161129,0.45689289664993143,0.4838553442508922,0.8782420526915726,0.6117314676048474,0.09446227344161129,0.47748609601385694,0.26620167732442557,0.24249755644648507,0.522257065614494,0.245690507092568,0.059787677948167486,0.1748140219988913,0.044379116833183595,0.3017573073011034,0.8347778256423479,0.5226770339245435,0.42005376470798755,0.4438405901689253,0.36023151229606676,0.096945416540841,0.2814351206905181,0.08122738684942825,0.664593377159952,0.4030667144906743,0.5594055235707828,0.2236207864700028,0.05046257359125314,0.024532325086110838,0.011550738887172226,0.07606971829878106,0.8532093780557986,0.2631884226095531,0.2758151840256356,0.08009007735962541,0.06508560008905447,0.025377082628139248,0.564820165155885,0.2754876151729087,0.016396343681515428,0.44686391685318994,0.1754595330206714,0.6578439970900232,0.48436148640394827,0.1562754366686867,0.2602827273076541,0.06235744150131624,0.6287636857149235,0.059212504431569835,0.7374133836684261,0.8344803708085045,0.24528345688786446,0.06617055067726417,0.8146252403693731,0.01071189810451793,2.3284791450807507e-08,0.062680528432578,0.10928651409995013,0.029756097560975577
1,17,0.817412499019811,0.8098348651776417,0.12266352567367696,0.07066698962382167,0.15669864629404875,0.3360371524106677,0.8268387815300484,0.19271323395448317,0.8053682434771707,0.8015646421736331,0.7377980710818118,0.39458494374811803,0.15866043019055498,0.33503497780764113,0.5028423457334747,0.12266352567367697,0.9558578104852109,0.06965924241927929,0.3149597318051307,0.013501074790207646,0.7984682530212392,0.02051425807689478,0.007192264525073836,0.9232500541509856,0.007192264525073836,0.021903048065993944,0.009399739681722518,0.9928077354749245,0.9928077354749245,0.9964038677374631,0.9946058016061929,0.09054279018708578,0.4324826482385269,0.007192264525073836,0.45020384426380644,0.9599753309452468,0.057840831949787605,0.9999999999991737,0.9766515139863362,0.45020384426380644,0.05872045467954365,0.020688301239270013,0.4019941620002816,0.9329706529721542,0.03500087167419384,0.3040593602888671,0.4154044669259103,0.2636463336402412,0.18045394776834445,0.16892597392856745,0.1939058868035209,0.6202902022430911,0.7387629214351212,0.21718429369640324,0.33022910525777927,0.09659133334185577,0.19267987901146988,0.077636279156581,0.5906375334224597,0.8149590297140897,0.09802943276220143,0.30993431855500814,0.050830188313864044,0.05174982573308117,0.048931428611433986,0.15150425219003774,0.5034928656361474,0.46432123467190856,0.07020605059203207,0.13542835364305214,0.007544214561074182,0.38029968285592297,0.23208975398756454,0.045032135719225166,0.0873538082585551,0.2604724424686055,0.8634972824424147,0.4758899008470492,0.3015710368791651,0.02335266326914938,0.3130702824345919,0.7767998757155956,0.32458995223557885,0.16602912908938233,0.17145015395351865,0.13984009912142548,0.22967442148655215,0.13300027238701762,6.7683793211491e-05,6.359546789156109e-07,0.007091799630713153,0.0001961110963455663,0.7629841269841267
1,19,0.798082225871546,0.8360012772207694,0.1385352007700747,0.31585902924509535,0.28067474059562864,0.09089707546355326,0.8384047313498368,0.2968315756373293,0.8224371037820886,0.8250378221815324,0.7913936212178445,0.31829460118943376,0.2544226019777226,0.38487385598299284,0.5836703779116943,0.13853520077007472,0.6978107832232106,0.13082812645242878,0.3675429652806439,0.07360112883144998,0.9170424671668964,0.14480757899704574,0.09889181694106722,0.8519942510706031,0.09889181694106722,0.20192696070515795,0.12650637843226337,0.9011081830589305,0.9011081830589305,0.9505540915294688,0.9258311372941996,0.27970348279317236,0.7412513194733182,0.09889181694106722,0.4976654172566086,0.6970257328242253,0.32041077297021303,0.8893464771829727,0.8076949641288588,0.4976654172566086,0.31848178384946313,0.15036909779123603,0.33576006474687503,0.5970275155986979,0.2142712504866107,0.37455099120967306,0.21670593291422063,0.15842001395158792,0.09008201090475008,0.14372433734028667,0.5070128685173456,0.5581253801582686,0.4805008167459468,0.3124549541819682,0.13705590672473564,0.30434401096020214,0.33703181505848756,0.11859029754932301,0.5892180142070397,0.4239220890437929,0.3082175952432009,0.4014410705095214,0.019049722454898464,0.02057445093948968,0.017505386099065164,0.11741312619713631,0.376018244094628,0.22772937610480212,0.1975706869870432,0.3281116114903132,0.0287222485423631,0.6780898046970593,0.36571624087591276,0.015565254963747313,0.3426681963966818,0.23243571774543967,0.6630662404937726,0.6147521940091321,0.24587339330839045,0.16134079326433104,0.3690068930303803,0.687620002645627,0.3520397798492947,0.13488154263659424,0.1491044621596439,0.29357984243896695,0.341808257161837,0.1463922621937621,0.0010414410070518354,3.0386480311345964e-08,0.15663209427009805,0.01508469304667936,0.07893318485523382
1,19,0.7176664040470142,0.8365253635185237,0.1048528508531879,0.7656365624391642,0.6285380834963646,0.027857460058292025,0.8849428245234172,0.6369194412297352,0.7844835493858979,0.7909221451779797,0.7395217698892592,0.5170693617164615,0.6330696923349146,0.30853665889923076,0.6781732767197826,0.10485285085318793,0.19295216038452956,0.4277102700834401,0.2841456080363566,0.34599925438129764,0.8234674465994645,0.5550017766723766,0.18697311825868465,0.9249559907860616,0.18697311825868465,0.33095384936462063,0.23435446408560695,0.8130268817413153,0.8130268817413153,0.9065134408706577,0.8597701613059865,0.20658595097448362,0.9653222254991264,0.18697311825868465,0.378391139891492,0.1770521651743428,0.7707616462581828,0.9519007102539897,0.3270319886280685,0.378391139891492,0.7719860613119717,0.5590252480793058,0.20553874245996004,0.22189850275513034,0.5353882527868274,0.31392614339224006,0.19793730373156343,0.10056907986467101,0.2225861070105341,0.3074115523713496,0.8269615000478057,0.4583592160372445,0.32586144652748805,0.321759046344282,0.11453811145290883,0.3307068523756993,0.3160271934533139,0.22668015394639,0.4175994743043596,0.24548439215450246,0.4972896927781521,0.36069132503965934,0.021313992639848102,0.015033672492894617,0.051235553121389395,0.20985021149863284,0.33177814949918377,0.23038703061776925,0.18269886383155357,0.28222546217198796,0.030678732269924486,0.7548000054267417,0.3379805352798048,0.01696792618135709,0.7221257908955484,0.2030417353629783,0.5375798916347032,0.5990138540347156,0.13488826371850177,0.5597426889798341,0.29166709216236913,0.6768363082411277,0.26837187411452246,0.3455939768807424,0.35898954343099704,0.2912628335984567,0.28782551631950937,0.3190939469498327,0.002523308092046244,1.730289874051846e-08,0.20427448145396485,0.09255058958183672,0.06326027090563073
1,21,0.8911090608111369,0.8451556647525961,0.07946131215746834,0.44286500720818,0.11123808039563311,0.13755650222962162,0.8348979689400944,0.10906515876755604,0.8600186034879962,0.8549285863182812,0.9098106017845771,0.08684309521648656,0.1030479771076151,0.47756980043222297,0.6060797620979615,0.07946131215746835,0.49269158147572667,0.022370265977892368,0.060731478706391145,0.08823652468137169,0.960256281606446,0.2482447093415788,0.1417652869726007,0.8753846477654286,0.1417652869726007,0.2670584431206337,0.17947372054916255,0.8582347130273984,0.8582347130273984,0.8582347130274002,0.8582347130274002,0.2653593770752831,0.8352542631035976,0.1417652869726007,0.08925208023390474,0.4881991424859052,0.45446226567435355,0.8999359303033645,0.63840091008027,0.08925208023390485,0.45155349288840824,0.2552788292404292,0.13148518548671786,0.4171474228413369,0.29974560571264947,0.07756270901620836,0.20837035597762726,0.0316719683204431,0.4097339891461182,0.7856568464853618,0.5821288266512719,0.2548212919422334,0.4530511860207074,0.3470212408531027,0.14393187833745077,0.3544422382362207,0.11046247307067804,0.670222394346262,0.2443083516829192,0.289317048327819,0.3607023898069398,0.10431758910460734,0.018271246302453706,0.004687724236732616,0.07213162556340055,0.6965504790061047,0.20852276701405892,0.2675845302192436,0.12238819925332642,0.09153552954947128,0.04721610088010219,0.6418904034880261,0.3969458317326162,0.01595438871916796,0.47825961104107917,0.10224963116570492,0.5722825035815289,0.6335838879806477,0.09341455653586875,0.267001337899671,0.06451634575332894,0.6535299691351029,0.0563165553603345,0.7608409374145991,0.8287498433421788,0.2927833760361688,0.08668487119524083,0.804140315309204,0.006623596102712322,5.120656139154412e-08,0.05908945291078283,0.10396831188391752,0.051505769772023605
1,21,0.82568203820423,0.8355072828527712,0.09925471756416022,0.29571962445780725,0.14990242479840046,0.18005845002970422,0.853410612905189,0.22825620921725906,0.8321858653497476,0.8336261251998793,0.7921846732908958,0.3492733881879255,0.16755045307904132,0.40829983950584625,0.5031703444750569,0.09925471756416024,0.7156496490689399,0.09641869260335477,0.3681142402028212,0.06738464805967535,0.9172415933582488,0.1381574706348973,0.12677331544521225,0.8055460117323898,0.12677331544521225,0.24591711119100257,0.16121272207818269,0.8732266845547869,0.8732266845547869,0.936613342277397,0.904920013416092,0.3444510531750825,0.708035072775535,0.12677331544521225,0.4988548607739832,0.6934475784142897,0.32439529519346155,0.891669739358182,0.8057627347126873,0.4988548607739832,0.31937244118967206,0.14638296104969392,0.2542223272047059,0.6374530047776212,0.1902301443628331,0.36874622401158874,0.09489631443230685,0.08482369848486451,0.03855676794293984,0.14252963979403016,0.5067023544978537,0.39006541463012306,0.4280115430871223,0.3945498850259125,0.021567164640185807,0.37447337812795156,0.34655585761745894,0.13879280292717686,0.46485294117647064,0.4908882692690698,0.27545420560747663,0.37832512315270933,0.009474066866156629,0.010771356444900454,0.00827549900479255,0.12876270861308273,0.30231866825208087,0.2535804549283909,0.07576359525713061,0.06702767876119733,0.022862003648701595,0.6354638778395246,0.40477770404777647,0.005019324241574151,0.37692573919658956,0.1477606866320018,0.5411321564314322,0.6192979616546841,0.16925111744137925,0.1507200311088589,0.3673219300485065,0.6041847454398823,0.3320183843128216,0.12367572195996228,0.14787339174956943,0.30644625146683524,0.32266558119349376,0.15639224646229777,0.0009272421469940922,3.568136681429111e-08,0.1969274044493386,0.01719877369319175,0.09323134463413159
1,23,0.8605501901527529,0.8723638860187444,0.13426864854520523,0.5600701915692012,0.24460720303862868,0.07724747737062572,0.8891651132713457,0.2582543679723358,0.8646623296736802,0.8607800830962531,0.8874773123776428,0.24650284261473068,0.22940373924397783,0.4948748396643097,0.6990652113225934,0.13426864854520523,0.3008206054785936,0.09940277506750121,0.10549566119431891,0.0828694259631527,0.9321799294154622,0.36156269849078604,0.08032470594013104,0.9499697937103899,0.08032470594013104,0.17138130744164998,0.10324721179038042,0.9196752940598696,0.9196752940598696,0.9196752940598643,0.9196752940598696,0.13828051704207323,0.9245937904039939,0.08032470594013104,0.15223935090572693,0.3150890663611426,0.5263741757571039,0.9598265706485589,0.4138570280991739,0.15223935090572693,0.5326660223879675,0.36044885362610857,0.1941445281509778,0.2948850000331703,0.3626219236988934,0.10864893662401996,0.08651879428496291,0.02371211258520891,0.1737751626337019,0.6997506147298446,0.5469715188045292,0.5114069981021196,0.6590890370795324,0.4000228804155085,0.010060795199342923,0.30987946386789056,0.12515633824052447,0.5605426687697002,0.41544117647058826,0.25531998661507516,0.3779573716203452,0.11720740614914218,0.005860518203757145,0.002514258952411648,0.02041690066491076,0.6590552795729508,0.5519906515232277,0.414610520031214,0.07150383413466857,0.06083711370046439,0.01962711663452144,0.5806300313336602,0.43619221411192155,0.0014976992733397383,0.521643622685597,0.1697648029704604,0.628372498182791,0.6000242340183009,0.12273565367458775,0.3679848923306705,0.10699514934899156,0.597211509330102,0.09591539758237641,0.624448441380702,0.7159954446630086,0.30116085158960126,0.1146878095809865,0.7165958218500916,0.13489445719465282,6.397797322326391e-08,0.03148026267343793,0.08004858784036722,0.05839183152520735
1,23,0.8376963254278916,0.8488300610287904,0.10742866738564102,0.5305473486516473,0.18635536802139663,0.5226544767629532,0.8893051411974936,0.28194515792522573,0.8420773669778241,0.8419637523706288,0.6855370812912771,0.6285657277168073,0.19601105890829057,0.4396458808689574,0.25627583154690636,0.10742866738564108,0.4567437439828135,0.17126970288844492,0.4024177827642532,0.1546175685573611,0.9041072711724116,0.29388703424755447,0.19221125733374525,0.858219385511644,0.19221125733374525,0.3379279570091166,0.24062748122856892,0.807788742666256,0.807788742666256,0.9038943713331236,0.8558415569996907,0.28663496679236655,0.8732118126744828,0.19221125733374525,0.523828643138652,0.433272662867411,0.5610460794478616,0.9356733160736298,0.6035808009904028,0.523828643138652,0.555474152986721,0.30440972099823554,0.2101290624719737,0.394888182368232,0.34456255457932644,0.40860656924571037,0.07789599602855272,0.08099078434980841,0.033665334536816235,0.1493323547258152,0.6776773197727806,0.3914507073578672,0.360286003067507,0.4542552892760533,0.019470930733833804,0.4628895841117465,0.43347995232643916,0.14937186486191137,0.39470068330362446,0.2743099011586181,0.42031716728843743,0.43057836161284435,0.008330254909016843,0.010395432801382033,0.007245452172680498,0.12489431691426708,0.19982824679614214,0.14121663240200472,0.09238536347501376,0.16092361676516168,0.012368987869538653,0.8112517376383058,0.44445919044459126,0.004910622941606428,0.5861684908699164,0.13992348404849037,0.4488324343902259,0.6415968174441276,0.13346107801604848,0.3130710782487668,0.40377840183814145,0.5461718749696938,0.34873715907617386,0.12587799169027852,0.15772195503016506,0.3699417995692075,0.39150658435432073,0.1707204798757937,0.001531160242080727,2.03361915709649e-08,0.2770856044290353,0.05337775478195165,0.07161886817845368
1,25,0.8820138337763664,0.870890565749882,0.11558548459660059,0.5696778384026122,0.1681554034911499,0.1339333345907594,0.8875580573947492,0.20171021852864177,0.8687763499271628,0.862478646847499,0.8652341401373455,0.28507483056994076,0.17213580387589122,0.50386018394467,0.6946115598371166,0.11558548459660062,0.2842285118054704,0.06796509316800875,0.10772168435988436,0.07842359899572891,0.9207109741686068,0.35634393999177927,0.20307607021893753,0.8755253846270736,0.20307607021893753,0.3496257075334334,0.25280097229930365,0.7969239297810624,0.7969239297810624,0.7969239297810624,0.7969239297810642,0.27844865069032143,0.8901235198166836,0.20307607021893753,0.15749368701000166,0.2666154195426383,0.5982225590494422,0.9000489396788559,0.3708590350808819,0.15749368701000166,0.5924970061655371,0.3664031436744883,0.1405144877751225,0.25875254041217943,0.38120388836615005,0.1238099287612952,0.1915996048145508,0.044749965670998794,0.3363557900307564,0.6578534852157747,0.7183509543502513,0.3042313717276593,0.34510266890330976,0.2947482043920978,0.10509913740487849,0.32929437937335027,0.13187728687338957,0.5654797442502049,0.24493243243243246,0.22258581161459345,0.3945713837100551,0.14378910930635075,0.019975650429208725,0.007309454373729584,0.07030931107880026,0.5817317413327387,0.14702574155606257,0.16307846816282792,0.09103930650466366,0.07481029726886392,0.027648777430828546,0.7850228071405215,0.30460140260483715,0.013031648960357078,0.5969298065144136,0.1364023606326705,0.5383398154047205,0.5901698739614674,0.10111714649567226,0.37671747205439654,0.11249605790746219,0.7040877946491573,0.1069403916709537,0.6663256240517711,0.7013940061996431,0.2499437900581113,0.11133465526029067,0.6619503774356267,0.07037494372136553,1.9702469733373786e-08,0.08240099627846793,0.20343236770216716,0.0276727657644034
1,25,0.8384308870918944,0.8365826174015093,0.06067483764963786,0.2977502504486345,0.1787027008884502,0.12565866333496334,0.8530137212869717,0.21791409527806463,0.8365563684604107,0.8341918205703137,0.8244070290107901,0.28749941271568924,0.18581863079826758,0.4185762693795638,0.6419212472579111,0.060674837649637874,0.7015709673232309,0.07696030581849161,0.03435948813530698,0.07101332436588367,0.9284825759718048,0.1539242639094255,0.12953553269861026,0.821313542724802,0.12953553269861026,0.2492514457437173,0.16450365798088434,0.8704644673013906,0.8704644673013906,0.8704644673013888,0.8704644673013924,0.32806214570665804,0.728680668637163,0.12953553269861026,0.05132743390237837,0.6624279858281532,0.3396953803645935,0.8565177259943548,0.7829397429332817,0.05132743390237848,0.33480617824648795,0.1620345048257929,0.1644338601141276,0.6703598901694263,0.16952515654992492,0.03724468880377747,0.07645762640887856,0.006436747943601138,0.20224953972372356,0.8970749713215309,0.404585106563417,0.2752662248873225,0.562647687630929,0.44404829921123123,0.012395012875202732,0.4192970340464842,0.07947512196064803,0.8611993996160731,0.34006875477463716,0.5579789374423342,0.2243448407400343,0.050668543279380696,0.005311622533119232,0.0011244527381722364,0.023099204134082674,0.8526102326601079,0.2713606251061661,0.3432250743599883,0.045944478590807705,0.030958552947603954,0.02275792072497207,0.495814804152347,0.47042722198368303,0.001787606009639237,0.3865755243886365,0.08901913283363841,0.5360915471026351,0.6510189285459942,0.10067235011473792,0.1570660925055978,0.03382315397438017,0.557016947825177,0.026213028182443046,0.7737501095433587,0.9102208851239015,0.3447901641069301,0.056347287125080206,0.9782087977122197,0.003177081162471018,6.403889924821224e-08,0.05551135013378157,0.0552540227353202,0.0637186629526462
1,27,0.7515641222064174,0.8627961969482447,0.023260613499549894,0.7153702544004099,0.5223230117560473,0.034458918879458136,0.8670589639230029,0.5319501975432009,0.819560493103257,0.8290876052389469,0.794022015603987,0.3753363729410163,0.5217675469070417,0.39053852015346957,0.6285586118986891,0.0232606134995499,0.22540049022516861,0.3154008765003348,0.4502245058384049,0.24462576200129632,0.8511341574382252,0.4783407642824211,0.33598558743629175,0.848794625998847,0.33598558743629175,0.5036070144530592,0.40404556037800476,0.6640144125637075,0.6640144125637075,0.8320072062818511,0.7480108094227838,0.3257991480942315,0.9248005463003927,0.33598558743629175,0.5599030779722785,0.1772408301140484,0.7924842199463898,0.9210073758424887,0.32090780387393114,0.5599030779722782,0.7771861153077586,0.4975510165579751,0.04144762421559954,0.19602879310251486,0.5416219774205485,0.41629925717920435,0.07664037588433568,0.09556390588749461,0.02979422423023835,0.19652725731481424,0.8831183240953993,0.079990513822425,0.09878644609315623,0.5099958815252087,0.03460466365904581,0.7239499602883367,0.478337067990816,0.3567649922370024,0.0836616943428089,0.0517665141585395,0.7437802573329535,0.36297640653357527,0.007630429766708829,0.010686067460323639,0.006101655602069359,0.2793320342867528,0.01642781150259716,0.043189492820420596,0.24290372794611326,0.08391981119797959,0.21085558448658648,0.821505499337708,0.5566833941605842,0.006588993685351215,0.7919836064312912,0.031654625378340746,0.23726142369627068,0.8182960718567909,0.024409970620145403,0.49855757529204303,0.451517424049017,0.5047360987245519,0.39978451380984625,0.1117081604069687,0.16800393415467446,0.5733477446157228,0.4271323375376776,0.3657859887114661,0.0009064064882468141,6.187858904673386e-08,0.3966971879754631,0.15926993775345488,0.15270708853883752
1,27,0.7924179642624738,0.8771700691180617,0.03918891199462436,0.5742535203950494,0.415172129127653,0.08080951216206099,0.8942364747221295,0.4295359680421458,0.8320763785570884,0.8246614116200672,0.7874233104654944,0.4466258290183236,0.36026268399308103,0.41957824573864955,0.7188141986133746,0.03918891199462437,0.3588940030551613,0.2632205540115996,0.4516240810803407,0.1379836263625818,0.9370800920303406,0.35932425210718516,0.039874565337293895,0.9747879089000744,0.039874565337293895,0.09136212597542567,0.05151825805798587,0.9601254346627055,0.9601254346627055,0.9800627173313501,0.9700940759970287,0.05049848641561039,0.947077038061936,0.039874565337293895,0.5668761924375776,0.3812972211403683,0.4999860180291479,0.999999999999995,0.5153695334772389,0.5668761924375776,0.5101578596169517,0.3546199337372044,0.0693263446661664,0.3560560875075758,0.3685418416381812,0.4213800687324064,0.10456846960805517,0.11629875143877147,0.03623083246004355,0.14561261162519684,0.5384347493636501,0.17374751918754044,0.6495560652958512,0.3481484023749871,0.015087265954580069,0.24275361685489594,0.29722806072152713,0.1364535648048125,0.13875598086124405,0.36209747316119945,0.3762653066507883,0.383717915478351,0.008622621073065245,0.013330736571907647,0.006121430823240624,0.15195816127696957,0.178359096313912,0.4457500110849996,0.0028224021476293804,0.0038585119285488526,0.0013539383728770297,0.4148344661124434,0.35948905109489,0.0019297043338179845,0.47019081491584636,0.06541556125531073,0.7315863495720245,0.5407877537419201,0.04596021199998744,0.3597824704158204,0.4477972272480047,0.645359698569228,0.4307738036697215,0.11029273461008864,0.13547626228298004,0.21761274580925438,0.3364882569382519,0.1343002584619002,0.00010986422869281552,5.37484312978268e-07,0.030018709811064814,0.012812057068303625,0.8792630803242448
1,29,0.7184093559603084,0.7707066158798181,0.03008366758171429,0.4727218086448828,0.34080409536981277,0.09322293142841072,0.7685585526998078,0.35694142866329703,0.7469541564388189,0.7509729962491515,0.6899168074001598,0.35897825398967753,0.31886496364598294,0.1897021370287667,0.5651092417711827,0.030083667581714296,0.44569846400419855,0.17152893628462976,0.2432831087594592,0.09095381626219624,0.6672348471018785,0.2852885138863747,0.10166450645081701,0.9208927956134481,0.10166450645081701,0.20516383590232928,0.1298209349323439,0.8983354935491814,0.8983354935491814,0.8983354935491832,0.8983354935491832,0.18986761789308504,0.8779401760411188,0.10166450645081701,0.3496688384301312,0.4411205960326043,0.4669868808606871,0.9364782214125471,0.5860630809698376,0.3496688384301313,0.46906697213588516,0.2878568255182644,0.12965742092952917,0.4301332262368909,0.2930673517990426,0.22991835409505634,0.08405448159411262,0.05351608673657684,0.08252906302029663,0.3646247572743855,0.5242402798430035,0.27667824674368724,0.5730609868877896,0.4133144406473853,0.012446793929114795,0.3563301253657256,0.20160571878284628,0.3752393109637008,0.28915998217468813,0.37569307673204644,0.316862812968732,0.21346469622331687,0.005388673681777709,0.004855515545576276,0.009139665615785861,0.37905236907730666,0.29231074118113354,0.35970441095405986,0.12974275765466275,0.09615275254691906,0.05099189207277762,0.5575849404936807,0.4699687174139725,0.0018739782001467853,0.4727008709054309,0.09562719654982754,0.6069957440800755,0.6277199549119399,0.08133669381205878,0.2917342711190199,0.24299573288595494,0.5859473569029829,0.22405088823893846,0.2945013882318337,0.3549997781491725,0.3419408566309604,0.2178801010345256,0.4068413666498141,0.0013045369005837372,8.5324588881969e-08,0.04264634398531054,0.08171500441728415,0.07774001699235342
1,31,0.7538928943354952,0.8024006199500856,0.05467929548087293,0.3564294908455127,0.3500524161705289,0.07030022114545804,0.8336438074648063,0.3780223341095928,0.7858391076083978,0.7926484344874565,0.7543463509816687,0.37802785046326437,0.3476495539217347,0.2921661847481457,0.6174002904608881,0.05467929548087295,0.6919610975158188,0.1803692639915262,0.30792924245417325,0.0968430289146366,0.7721429175393885,0.15765720657175153,0.165761007905148,0.7791260750334108,0.165761007905148,0.3005994652688915,0.20855298651376938,0.8342389920948516,0.8342389920948516,0.9171194960474303,0.8756792440711383,0.368395024619972,0.7456670774264014,0.165761007905148,0.43402559647419225,0.6609055230291503,0.3994775526466537,0.8368080842632231,0.7869172531752756,0.4340255964741925,0.392181112448595,0.1689430315966988,0.20273701722860518,0.6008624802397506,0.22712556449820334,0.2963924587711273,0.0719250786841077,0.06108579279777867,0.04174248069860062,0.23674541441339986,0.5145252350711986,0.34366902000208494,0.49540838594444914,0.469962670336047,0.014624110897587672,0.49518875412759245,0.3161382246477268,0.31187172650499084,0.3769065994166262,0.41972794840183636,0.3459102494786437,0.2821316614420063,0.007137796993131384,0.007735280422104987,0.007108655464275554,0.26615279981863527,0.21788185061074478,0.20475432892144227,0.16096521949102863,0.1342588157219803,0.05055827530414871,0.6833781042081999,0.46706840943812566,0.0040319887210034065,0.4546578900877455,0.10793937283759575,0.44463516095932065,0.6740951734071252,0.12819058632118602,0.17401529381813668,0.30848537383260805,0.5330961266574492,0.27193708428980257,0.16532055520131833,0.22045953045358346,0.4289391536897854,0.3042578686638365,0.29912403601845755,0.0009351802796424025,3.7893657427342404e-08,0.21160319334020103,0.02617377491573976,0.09127300498659756
1,9,0.8288495820856292,0.8703679242764536,0.042762052562312795,0.6974907777376246,0.2089895011647214,0.2676890155007379,0.8634055521523284,0.32688777178330897,0.8614159239584172,0.8708303823531522,0.7627812154870525,0.42648949273364756,0.22819139127360816,0.4922297329629456,0.3219044209083258,0.0427620525623128,0.18576142724410682,0.1936925821741485,0.5310921179562076,0.17709944367399955,0.7964692121639928,0.46628164289146073,0.3073049482820975,0.8571879558140263,0.3073049482820975,0.47589446452616296,0.3736865598549698,0.6926950517179016,0.6926950517179016,0.8463475258589526,0.7695212887884271,0.3235697013528841,0.9205659054348639,0.3073049482820975,0.6354485748826677,0.14678809093381867,0.7668608315120156,0.9007665064259712,0.16379607713744015,0.6354485748826679,0.7541096361567389,0.4831878523846838,0.057494978448644554,0.17442626674335127,0.5148651817819434,0.5122380590095217,0.05581578098440436,0.09204370226071523,0.014861324576898968,0.12673233413618168,0.775868459998591,0.1423869446323975,0.2967081031279546,0.5411479758186696,0.013133867215313533,0.6211170784385255,0.5636679768411809,0.21478583935110354,0.14352375565610861,0.13455204119031428,0.5794392523364486,0.4622963243652899,0.003480314394409984,0.007292165700774291,0.0015249588311450966,0.14512535229972404,0.10289947864264153,0.1743642916606431,0.3635802848290905,0.4291209161797303,0.08424918192513627,0.7087146089024573,0.584289190128606,0.001730603798558634,0.744280141416854,0.04724244575950731,0.3609600072292456,0.7374836637506135,0.03219870944522582,0.489433183120468,0.5345745650826069,0.46839189170242435,0.45331745734442863,0.07555070443996638,0.1182169109490778,0.6372521735056512,0.5801906035402444,0.22753737325867607,0.0010079473713251194,5.14305039685404e-08,0.40179188579763714,0.1332155368186773,0.15035181458608005
1,11,0.8089520526796548,0.8238269337531825,0.020269996793055696,0.16998355299039083,0.19131688960436097,0.12023566349105864,0.8312066189659748,0.24970984517523245,0.8294725385625441,0.8391920210359392,0.8410148669069715,0.2089102002491249,0.20613653990448375,0.4010759508753019,0.4756847384957962,0.020269996793055703,0.8557377104111084,0.09623394112831965,0.01383929774768887,0.035012497032558834,0.8695106484937337,0.06519395767367539,0.10378090273710225,0.6780334266481817,0.10378090273710225,0.20637365275227296,0.13228007166441016,0.8962190972628967,0.8962190972628967,0.8962190972629003,0.896219097262895,0.45323274658974433,0.5226023260738037,0.10378090273710225,0.021544144593893644,0.833235767569265,0.20061286981809706,0.7414661591998533,0.8995149308350413,0.021544144593893644,0.19458305033470527,0.07303349199797007,0.06558986461995482,0.7801426349894323,0.11306680561788113,0.023720921192855224,0.08466088281175492,0.0026249827402106927,0.23068128085747108,0.9344476602578913,0.29912915340729324,0.1017441608623188,0.5956223366538584,0.4180055795527534,0.011812800710730867,0.34353522542688963,0.0673700043195755,0.7958241693935915,0.11556458247634721,0.5948967001316364,0.205607476635514,0.045471769609700646,0.007115442231651291,0.0011043990232188692,0.03190613147922501,0.8677271318744558,0.09603951339979878,0.37687871068727774,0.02758454740757542,0.022997720039752874,0.009142463308803472,0.3772986549037635,0.41540667361835215,0.0023990147094470143,0.24741494013720589,0.03527783343774751,0.6191606811212482,0.595040847086368,0.04263744648893515,0.07592664131368197,0.015345198584922864,0.5787732947746433,0.008416709718451626,0.8327313485634689,0.9592681880703413,0.30237784229811193,0.04410792118342938,0.9662118979683106,0.0007261432601223068,2.6336450545103306e-07,0.03877688594930513,0.020575977399332188,0.20087815587266733
1,17,0.8645722023232749,0.8328100838991996,0.0798871114892517,0.26565563331111874,0.07853429711971728,0.21823256182410972,0.8404194322311382,0.12525864547649077,0.8441202516215481,0.8411197879830852,0.8674166240015396,0.1789362005880302,0.08607901224335159,0.43611808671285235,0.5436197804340174,0.0798871114892517,0.7431118133240655,0.03838042667612545,0.028102607676175978,0.06405363229087489,0.9158771309158217,0.1293127819799876,0.09956407872285149,0.8351257037444939,0.09956407872285149,0.20272336341705996,0.1273119878943145,0.9004359212771487,0.9004359212771487,0.9004359212771504,0.9004359212771469,0.30179171920138936,0.7035903847261785,0.09956407872285149,0.04187301327643089,0.7206644460807379,0.290236598137475,0.86760866317145,0.8240815620059415,0.04187301327643078,0.28733911881599994,0.13529251328939013,0.20304852406492888,0.6966693501126948,0.155994899816547,0.03384412080244069,0.0894807390155473,0.006363546365950108,0.2301343823634246,0.9064723799266785,0.39836049413625135,0.332140337096323,0.5703141501270008,0.4033457704734774,0.016019743463899415,0.36926570877702436,0.06648046949861167,0.8343552539779022,0.36219392063045314,0.5323484853918253,0.23735340564889842,0.054446460980036276,0.008553410435349598,0.0017192973808752429,0.0365033640567502,0.8416206447444141,0.2428969272169723,0.27655790920568385,0.16736250005356185,0.09169669093821466,0.10329229642945657,0.5525966347199549,0.40241571080987043,0.0037518593495891556,0.3416464807141353,0.11409526766437011,0.5802220142048242,0.60771075498055,0.13044132108766288,0.13520274260895804,0.02858419344250336,0.5944483288965239,0.022869073861769118,0.8065575156138113,0.9241270169937734,0.3381523989851897,0.05372737531961015,0.9788066152942988,0.0029076433566618473,6.549213548624363e-08,0.044140728054448436,0.0364251872898369,0.06735369893264624
1,19,0.8891048339632928,0.8629860278501834,0.09458121367070198,0.5580396786233593,0.13215413839424475,0.14296310767160564,0.8835361351820862,0.1610981106680306,0.8700782122530146,0.8652576550891831,0.9014773952551878,0.20785457589002468,0.1351776509091345,0.5059884124861712,0.803664540298673,0.09458121367070199,0.3043108303826907,0.046406514711248674,0.10439681423935046,0.07692969896620812,0.9206945030929474,0.3445300167060268,0.2904858074135059,0.8204382422274301,0.2904858074135059,0.45687319081819505,0.3545947546148469,0.709514192586493,0.709514192586493,0.7095141925864894,0.7095141925864912,0.3651901414479267,0.8604013714517266,0.2904858074135059,0.15421275105474241,0.24774185673731802,0.6342906573235313,0.8558148741514378,0.3665751205413016,0.15421275105474241,0.619561922557397,0.3627323383635505,0.14764180500995744,0.29817132085922304,0.36093185614978296,0.10757118593704078,0.06508969587599762,0.01688115816772226,0.1479522327788596,0.7027289593993353,0.7204999418985625,0.28365800272681674,0.2548721004275999,0.5157376400812582,0.019572997363554834,0.6031570548314308,0.16317874884658717,0.8424677756257062,0.33984375000000006,0.25578412680630236,0.3777218003634475,0.11699507389162561,0.0054570952264016565,0.002157987829298948,0.019833040085134323,0.6596729330519854,0.11054548156956003,0.07764526584292797,0.16544300433728043,0.058663142825995516,0.13970507676270946,0.8987797521929178,0.532325338894682,0.003369011082977257,0.6816695344238818,0.09582483876923503,0.2984476608823383,0.7163230813487931,0.08412069577553713,0.366147953133652,0.10591195886064407,0.4914305465048161,0.0834841003411897,0.586825575368383,0.7188706313874551,0.5008231641205431,0.1331044720748032,0.9108397926131796,1.0,1.3932135109730374e-08,0.11906611169115296,0.28195555186249527,0.02356425444244135
1,21,0.8337274390934173,0.8867803260080702,0.08116949422460154,0.6047108654347788,0.21546893038944273,0.14728485567568245,0.8969427137222867,0.30828350725196374,0.8742635199780135,0.8717848330521614,0.8296853631742546,0.37258769907651434,0.23866542993040613,0.5242726166838064,0.4979995861793933,0.08116949422460157,0.22265025938534788,0.162019511318336,0.14760340961175078,0.06882807774529905,0.8368276719646035,0.3932602971780367,0.2138518063465526,0.8810670587081648,0.2138518063465526,0.36397463640884736,0.26584631447366885,0.786148193653446,0.786148193653446,0.7861481936534425,0.786148193653446,0.27372847945362355,0.9062461394071707,0.2138518063465526,0.21471600962059922,0.19563147991885815,0.6390779776290882,0.904498812439658,0.1542295322298668,0.21471600962059922,0.6333176992016146,0.4034375751769176,0.10808591179979299,0.23539077913731477,0.39321822193568734,0.14146278356009773,0.06761533556591666,0.028463353911335552,0.11989473983230824,0.6090701379848178,0.6983123404769489,0.25404896559924195,0.3795018821953663,0.48602709368059294,0.014833000999820366,0.5063330661417699,0.1839757097936351,0.640499225248666,0.269451871657754,0.22979735112527389,0.390911214953271,0.1330049261083744,0.0044861362630708185,0.0029364913403126915,0.012143388395603588,0.6131018607327834,0.19508026159334124,0.20361204717775902,0.0972413710315143,0.03208586791539133,0.08560883560440849,0.743727837185499,0.532325338894682,0.002128235802523168,0.6462750596005852,0.0866391281614046,0.44065435128832653,0.6577033470300784,0.06171555060146176,0.409126703167737,0.1480360334074911,0.5160439954329412,0.12746758766612673,0.4921247525581519,0.6070578143256474,0.40259010593013456,0.15373069760955899,0.7109435261062729,0.00838618430220281,3.457196288471298e-08,0.0850730823983957,0.22982630054158393,0.03876297394619781
1,23,0.8611670368416453,0.8532054712528836,0.08608050041794925,0.47432056593243105,0.18468721693817017,0.09079999774719393,0.8699419312929861,0.20424818971767453,0.8547850533018522,0.8521775234888702,0.8938823308125237,0.19279351211025184,0.18453556199551682,0.4662433194689162,0.7494498533387174,0.08608050041794926,0.4431451270935689,0.0633317597960146,0.07080341099015619,0.0845669907800293,0.9534229222613266,0.27223405510579274,0.2477265987503655,0.8071673144355125,0.2477265987503655,0.4058605702604351,0.3052159312849789,0.752273401249635,0.752273401249635,0.7522734012496315,0.752273401249635,0.3714479411338887,0.8180506869573292,0.2477265987503655,0.10544475628357208,0.3963092709916391,0.5387081152901647,0.8451585383172312,0.5575701639934799,0.10544475628357208,0.5260820068778949,0.2882552012193364,0.16259226705037857,0.3932624773316864,0.31202899904360976,0.08256881546361662,0.06907105905084908,0.01052137467810544,0.17476579519442742,0.7718225612163516,0.6869144427523628,0.273793737045731,0.24493698627244287,0.49130462494913185,0.01934749011908854,0.5374604663316874,0.14149303797973378,0.8223110691241877,0.3621287973603368,0.3237997513205966,0.3432009240024877,0.09432973482863433,0.004757452018129481,0.0012326298283875847,0.02000165170844744,0.7256041565480732,0.16887191033976778,0.13904327208558992,0.02821331343087717,0.016172640615112872,0.01794850746126128,0.8065823484373419,0.5193343760862003,0.0022168762845801607,0.6011605873416829,0.09711639903541971,0.3183666546218946,0.6590789685080503,0.0987762952122327,0.2930781170840247,0.07341624421021918,0.5109696588055788,0.05326243338979805,0.6756455986882917,0.8051262331208495,0.38299957013076036,0.09674213725304827,0.8858081399651091,0.015570540842173552,2.0364774644138306e-08,0.09825795901531327,0.1886928522337267,0.028184198367472678
1,25,0.8982787021582934,0.9004752036694369,0.10683209393545016,0.6059260634006987,0.25079539051876143,0.075383094266202,0.9102681750626734,0.2611117776379805,0.8893839973598321,0.8771478591914974,0.9179953550410064,0.23447886666966447,0.23852167614302017,0.5604225609770195,0.7656102114308753,0.1068320939354502,0.2204841589410701,0.09466875563355885,0.16174520913799395,0.06836257781736836,0.8028940730808044,0.39278973910019993,0.22781355603164555,0.873553429120054,0.22781355603164555,0.3838609071914268,0.28284575733378037,0.772186443968355,0.772186443968355,0.7721864439683515,0.7721864439683532,0.28834671457464234,0.9029739430889796,0.22781355603164555,0.23517772688725158,0.1899010847190667,0.6473348728706465,0.8984654919755455,0.1327806654707704,0.23517772688725136,0.6402102402810201,0.4042350006231795,0.11008554887972549,0.23224089698025796,0.3948381226997761,0.15640811289220535,0.2740722376001267,0.10732929893483226,0.33101283126273146,0.56776898876001,0.8253895136346328,0.21346660707883963,0.1594169448497883,0.3007271069185474,0.1927533666305668,0.3371576051981793,0.15114146877503332,0.5134666327290677,0.2083890374331551,0.2220175263891655,0.39485981308411217,0.14778325123152708,0.025486548329778844,0.016315217390408424,0.062385658532446056,0.5701131785919815,0.07106495243757431,0.08472975463352991,0.01689710729755538,0.008651425486984814,0.012628626538419901,0.8315766956899866,0.3244699339589844,0.021463362115181486,0.6545672774035446,0.10674602920448063,0.4668789215859359,0.5662581215441496,0.07527180074120501,0.41026674282710157,0.16338123199241406,0.6960808757146699,0.163804151770063,0.5179423173642117,0.566326002395989,0.22132229904860734,0.13280094533148262,0.5493892383704065,0.007815114512558497,2.383397448982712e-08,0.08979472620213472,0.2423781498265298,0.03071500503524671
1,27,0.8492227733363991,0.8956746713264244,0.09515370728449914,0.5988621373292118,0.2935214977163036,0.05466514076362021,0.88250040824665,0.3241686784451474,0.8688725516324551,0.8663862330771981,0.888788213185165,0.2296015446806047,0.3011904022674195,0.508603631637698,0.6952864590963568,0.09515370728449915,0.23304754151788054,0.13987970123660087,0.1408570710859947,0.06942456871828448,0.8519592737023712,0.3892454560176075,0.2266604493544331,0.8730394275682896,0.2266604493544331,0.38125307653787915,0.2811482855406181,0.7733395506455683,0.7733395506455683,0.77333955064557,0.7733395506455647,0.28791759653776416,0.901421424824099,0.2266604493544331,0.20528316395510116,0.1968475044007823,0.6429702601952766,0.8980527572187308,0.18717219750797576,0.20528316395510116,0.6358495593578479,0.4006687075961184,0.11644373782847726,0.28271635485304847,0.36887993483783205,0.11697397199907268,0.2520931568802318,0.11517038101769711,0.26168004501884423,0.6767445289697813,0.7849790846917923,0.20608707674468374,0.13790666966897602,0.299749786313262,0.16063743937902253,0.40127162147164686,0.1222566120706164,0.6965529736172823,0.25288648517258144,0.34275126196329875,0.3335822112372664,0.08956560680698608,0.020933052406614007,0.016608961594109035,0.03921985376899614,0.7394625324799887,0.08377472705653442,0.0987457480526332,0.19615148702809906,0.04480230720876513,0.19440962182302404,0.7641717610246002,0.3374608967674661,0.01645040567761056,0.6468741751388741,0.10806674573027658,0.48724757560683685,0.6386675632686689,0.07659801412635386,0.40365451280278686,0.1372041285240162,0.7025696107697741,0.14528588100418027,0.5687936570604156,0.6358096815701123,0.3208045407336598,0.11571077931972977,0.7384790067587337,0.015090618874183281,2.1535371733826064e-08,0.09522940955519349,0.2514400173092601,0.029130850047755487
1,29,0.7581771274552749,0.8461119871725946,0.04907577176492339,0.600735722456781,0.29393865431332117,0.09806103418103419,0.8547577645277813,0.41074088905159645,0.8170777516989939,0.830896831477341,0.7720444073839771,0.3902631192147107,0.33358743968621096,0.378514674063135,0.529262717749343,0.04907577176492341,0.4141043161254945,0.23836929001221163,0.36025145519637036,0.23146609320773168,0.835554791779915,0.351918019899059,0.19246017891729425,0.8804032488608062,0.19246017891729425,0.33866177257213154,0.24102020407283917,0.807539821082706,0.807539821082706,0.9037699105413566,0.8556548658120295,0.2650781472875895,0.9072973836642511,0.19246017891729425,0.4769587552542611,0.3925108514500099,0.6284035768781476,0.9147459323027605,0.578903947606561,0.4769587552542611,0.6247920728996732,0.3611235326743627,0.10296897933653845,0.35438065021299847,0.40671372103956344,0.36503889123054056,0.10055643090775403,0.0869107480210469,0.0555527661341009,0.20722900185498844,0.7634247558310183,0.18307325825373996,0.2624307218180859,0.4024945557527454,0.03182520563092973,0.41711042850748303,0.3594755850762895,0.19358763356798445,0.2097960151802657,0.2519710659558678,0.48319993775953785,0.3781979977753059,0.006943938215000151,0.008047930769733683,0.007231867907394218,0.18747795523597952,0.14096122128034982,0.19567426166403812,0.01835348784528002,0.031072885586612198,0.002923081606855148,0.6876854401293343,0.4543795620437959,0.003432044235700678,0.6053432641365061,0.07875485933039439,0.4956857021129819,0.6382122097329517,0.06875553982923764,0.36829423269057365,0.3626746934372092,0.5976115578378487,0.32565437993843693,0.1782415363063593,0.21206028808164878,0.2930953567601925,0.31532338015647643,0.2142314789747612,0.0008777247977486128,5.131081869769577e-08,0.22991440749557085,0.06176461456372673,0.13102166329299278
0,11,0.7972329350233998,0.8638288223905871,0.048384644910386874,0.6347166147660934,0.29380676048149634,0.1169965292882761,0.8755546473037825,0.3972389788120955,0.8496808976523171,0.8641668763482839,0.7755537650842778,0.42863536909435695,0.3233857370728399,0.4630564707772158,0.4769274080420809,0.04838464491038689,0.23511248252305672,0.2216463694056522,0.518624443123321,0.10054137165937324,0.8694429665962398,0.38862429172339646,0.3703646278276216,0.7986843901679472,0.3703646278276216,0.5415385942298551,0.4427419971565884,0.6296353721723804,0.6296353721723804,0.8148176860861902,0.7222265291292835,0.40137866405805545,0.8719577651698245,0.3703646278276216,0.6290499611992713,0.1711216338535108,0.730248095650807,0.8471775885816554,0.2444918308315055,0.6290499611992713,0.7091521841543009,0.41300106023608596,0.07255701097878757,0.21864635365303065,0.4470536282886311,0.5023176052464949,0.0776922401044514,0.10600276917266965,0.022007633587145962,0.11481621775511676,0.854253625363895,0.12822177898256487,0.07952667863011587,0.4930638020386452,0.03005725647882821,0.6365417484508901,0.5558526454065957,0.2057405491008045,0.1535890580008227,0.1759830604950332,0.49532710280373815,0.4926108374384236,0.005767602806172243,0.009817412093790976,0.0035437320254514807,0.10593339137363686,0.029154852282081763,0.04039321445840784,0.04070151880018698,0.04391212694334513,0.01033231037599138,0.8506901154131997,0.476204379562044,0.0025201341576219258,0.7369671775867622,0.05389275284537904,0.2735006768567725,0.7188970190429602,0.04280588186572106,0.42420797397525906,0.5188001021189687,0.5137692928068822,0.4502793666344893,0.0756753507878065,0.10992028160265035,0.440248360991765,0.4895442066408571,0.16204917130796181,0.0016970683066595742,2.6807186154041322e-08,0.5402809787942402,0.13798849432576474,0.1002657562307955
0,11,0.8440018093537669,0.9244703015531854,0.05728925850145201,0.5202751601643136,0.27556170249633666,0.13666302708569839,0.9322331164508149,0.41173213441618567,0.8987574130672973,0.9098555203408107,0.8184202306104662,0.4702559629450721,0.3213493748092715,0.5946287513151087,0.4871550694538359,0.05728925850145202,0.36817156195001866,0.25595502044596746,0.23016030162094542,0.0862573871195059,0.6787535705488075,0.31036244936272656,0.17496968714142605,0.8767949346390782,0.17496968714142605,0.3139732978715386,0.2197365597338533,0.8250303128585745,0.8250303128585745,0.8250303128585763,0.8250303128585728,0.2719440974624393,0.8707510249715021,0.17496968714142605,0.3321365550625106,0.36167367587855354,0.5380124101834999,0.9010683673706016,0.5064058395217214,0.3321365550625105,0.5337462597047237,0.318952380288298,0.05929633867652964,0.30787975449450056,0.35593906648980844,0.20045920714473237,0.14217041936809915,0.08221270721016433,0.12320922455549953,0.4460345808516416,0.7804270613380684,0.09807342624430149,0.15356365670987338,0.3124549541819682,0.05365296029591629,0.4076864740350784,0.1803886265576471,0.5156248332956289,0.12697192513368985,0.25313682533359894,0.37906542056074766,0.17733990147783246,0.013514263667672402,0.011634073511997071,0.02242580904998665,0.4841358143103779,0.0156064209274673,0.03643639427127212,0.24090238196216973,0.17228498456709185,0.1006044436260354,0.7980097444437947,0.40477770404777647,0.010182236896804827,0.5582143648413908,0.05447646905810889,0.500152675452034,0.7059436056840722,0.044161503618982655,0.3325374311215627,0.22689558335460813,0.6945166862631842,0.2343459593412768,0.33931940248823816,0.3977355080988997,0.33190663531959086,0.19672138005268747,0.46818452469315874,0.0016476117135760023,7.480382017346565e-08,0.07566912920475649,0.16480236620619185,0.06990068754774634
0,11,0.8640479935827144,0.9132705421189733,0.022907961372841883,0.5749935920353181,0.2908280057420295,0.22229490214881387,0.9053193053699942,0.4496698467781059,0.8986929627086744,0.9157172866825043,0.7871126989296335,0.4711973893025929,0.3156620328385319,0.5977674872043819,0.3356934250582246,0.02290796137284189,0.38549310374990664,0.3141577428453369,0.7068308742341568,0.2952302168088557,0.5166359296506686,0.3895663458360541,0.29252262384059513,0.838062410839701,0.29252262384059513,0.4585221912680174,0.35680088114104086,0.7074773761594049,0.7074773761594049,0.853738688079698,0.7806080321195541,0.35680360538845235,0.8627692537080075,0.29252262384059513,0.7865843745624281,0.36782750248278057,0.6298450875235287,0.882028557124583,0.543985494142437,0.7865843745624279,0.6147504626281868,0.40691244482152117,0.02683573330928387,0.2705718337733426,0.5226496666973568,0.6267064081816102,0.04965748041187615,0.11878540840320259,0.0019220563721578932,0.09397632355347478,0.649440966591593,0.06335941152935803,0.3318460658111454,0.5751587328825895,0.012946276076881863,0.7266765043036819,0.6316013396559045,0.2348111612495228,0.05088569518716578,0.11396440505432737,0.6471313603322949,0.5172413793103448,0.004444674442603477,0.011902778800075928,0.0008597268146146139,0.13226549012085173,0.0111474435196195,0.07855939342881213,0.26955487733947325,0.23060874914337573,0.07050184245242441,0.6955337576237371,0.5635036496350367,0.002633150943303422,0.6743643539400844,0.017935938359339286,0.2485502945475484,0.7938819408852158,0.016576591279159652,0.426101759573363,0.6988383967321931,0.4399726903037777,0.6079264339331768,0.02420660631581724,0.0693446526555544,0.6593296572545823,0.6691780939564116,0.1886651724803307,0.00023514432199117356,1.5101594572609858e-07,0.3725878834489061,0.1162333009456298,0.40194809160305345
0,14,0.8385435566504952,0.8951193043425199,0.10030973977706656,0.6064309325405169,0.28555483991207015,0.12758148876612102,0.9311056453062019,0.3710982629241356,0.8719123324330578,0.8756032663603162,0.8145375238093687,0.475156102221874,0.29588630810650896,0.5207581766906975,0.5539880461064468,0.10030973977706659,0.2195836350526177,0.2062230911223104,0.15622546201883142,0.06713104196452715,0.8140892905472111,0.38692315622000645,0.2964152399916594,0.8356547231336313,0.2964152399916594,0.46503193627232453,0.3618958838497206,0.70358476000834,0.70358476000834,0.7035847600083436,0.70358476000834,0.34909679146950634,0.8841150250002963,0.2964152399916594,0.2284403274722019,0.16921803542876507,0.6783966107132878,0.8680334570036492,0.0964355114389559,0.2284403274722019,0.6642873613384214,0.40468076319491925,0.13477369295248276,0.23184865648083297,0.3950398415746559,0.15310565852505637,0.07309432185780572,0.032123710940962745,0.1209741582778804,0.5768952620989799,0.7950056746199778,0.2678771751395686,0.20449392136822653,0.48619073806101254,0.023891139595152322,0.5792366118431634,0.20568802537973768,0.6705478681632255,0.30305258467023183,0.22240171526502261,0.3946648205838237,0.1444991789819376,0.006151124121272461,0.0038861433600958853,0.016553404365150102,0.5796662190677152,0.12584225128814902,0.10241609202575219,0.11085203956143425,0.03552287023803061,0.09859814829900863,0.8905488101486397,0.4797572568324556,0.0031001287347654878,0.7253723882798896,0.09686983316059719,0.2778862080887463,0.6950975768536631,0.07713830474691491,0.4107406972781767,0.15870000178114474,0.5187113792815665,0.13606529198683465,0.4722161572816759,0.5787517124648178,0.4297093050294124,0.16561710745041847,0.7043453806246809,0.011564454661687663,1.3162120855908848e-08,0.119321924842032,0.3224587528708047,0.022576267601910376
0,14,0.8849709504838539,0.9213199452396363,0.09187431426839207,0.5019261852622965,0.26306750654610345,0.1902923660264048,0.9780396441614303,0.36111689544498365,0.9054805593544284,0.9076571963128195,0.8228947697639223,0.5609269667376465,0.27387777066306973,0.6099382454027156,0.5274666672987074,0.0918743142683921,0.3984715782387004,0.21218600459485618,0.23461066797309094,0.08557503554830359,0.6780663573926264,0.2945522189459755,0.2144708101316669,0.8431463415373286,0.2144708101316669,0.36738800224104445,0.2672133318067073,0.785529189868333,0.785529189868333,0.7855291898683312,0.785529189868333,0.32487100177044415,0.8475811422923518,0.2144708101316669,0.3391679690206846,0.37147537819745574,0.5450458420938138,0.8740491028502138,0.5252777477275213,0.3391679690206846,0.5364374562332642,0.30706380903646713,0.10916160806236888,0.34471145981929063,0.3369974983220421,0.21085595385350026,0.09548254064889085,0.05900469936053138,0.09097396851879928,0.41730335802412843,0.7316436455438635,0.17843935172203715,0.1734190583694617,0.40574464832281365,0.029031682201737213,0.4461548815890445,0.18607252370013705,0.5503296481403236,0.2025735294117647,0.25313682533359894,0.37906542056074766,0.17733990147783246,0.008331781445470605,0.0074589620673030915,0.01338250319871146,0.4841358143103779,0.05202140309155766,0.06393335205466627,0.22829260875737573,0.05046089684329068,0.22797129817524264,0.8247274495984902,0.40477770404777647,0.0035596132066728864,0.5832410721263012,0.08108209170671943,0.4348042354473902,0.6309336991294474,0.07235987558280374,0.3165902388573509,0.2335971406688792,0.5937921646774684,0.22175957276163308,0.30538151504919114,0.3799471053845212,0.39437328948045425,0.19534201129454043,0.5540522961740932,0.002589782951551456,3.8575281696433705e-08,0.08366369692401555,0.18119108101920353,0.0403528114663726
0,14,0.8815232842506109,0.9376049296398277,0.10363816079160959,0.5291907594461106,0.30043888045867884,0.12359397594742048,0.9829804173851036,0.38048417463385303,0.9105803527594825,0.9092591066746534,0.8368507808604201,0.5452360223009849,0.311838376669032,0.6235616901314185,0.6696835477297316,0.10363816079160962,0.3702693754397921,0.21422499460914532,0.22451695662625115,0.08558868454722948,0.6908132912506402,0.3209492871832303,0.2901011327549177,0.8086792980055555,0.2901011327549177,0.4568690104681056,0.3544022802779778,0.7098988672450819,0.7098988672450819,0.8549494336225401,0.7824241504338119,0.37767028488489807,0.8485080883165422,0.2901011327549177,0.32511023508059533,0.2995514602148431,0.619586198438198,0.8572783914416812,0.4481174343615516,0.32511023508059533,0.6044675437117646,0.3396613100270148,0.1269422233903614,0.366043941706664,0.3368437899057088,0.22447457572794954,0.08629324596033151,0.05165895308725146,0.09278454413433047,0.38990704651448993,0.7519961213763684,0.20731444590909726,0.19269497404767688,0.43673755782071655,0.026198043767599155,0.5822932870087764,0.2883005546528519,0.45057959780714785,0.21009948096885814,0.1816378132259734,0.5137276460886718,0.22022602144305997,0.009884211292777521,0.008910523354845934,0.015322233142912754,0.4343101522212568,0.031475134643631525,0.021624111263019476,0.3079100595937188,0.3733876878276498,0.1442812379723303,0.9229264833780643,0.42406731549067245,0.006240165305058507,0.6612935771634155,0.08170193949929999,0.3045082416837923,0.7497792380939285,0.07704162956451593,0.33446375069506507,0.2296932175985022,0.5717620585821437,0.20618737623326497,0.33028339475432184,0.3930703661524657,0.49830111193507476,0.2762141671530105,0.5049981213679655,0.0017324564566667958,1.845242698709448e-08,0.4487557352269023,0.08721571800260294,0.07676546391752576
0,17,0.8823731730391722,0.8576849598253629,0.14061889855902757,0.5720051450561806,0.13577479727164454,0.3861092143557807,0.871457002919225,0.1748655555141968,0.867430493168165,0.8679399734380064,0.8203956289781767,0.33499592141209533,0.13351718345956373,0.5001052250574903,0.35371000822593074,0.14061889855902762,0.2801900917697714,0.06534003024408178,0.10879379143383144,0.07726667875915418,0.9171738850918933,0.3559193142852462,0.23186124199247304,0.8587714005793858,0.23186124199247304,0.38876715559028124,0.2875260530176843,0.7681387580075256,0.7681387580075256,0.7681387580075238,0.7681387580075274,0.30837707606145837,0.8827565535834437,0.23186124199247304,0.15951261172211584,0.25390783648766063,0.6148842062636287,0.8865957671974398,0.3578255616746103,0.15951261172211595,0.6063350596187999,0.36858014765883623,0.2020633184687302,0.25967462809034103,0.3807296831546743,0.12333429802978048,0.07885398879380538,0.020575562996116646,0.1665393405892931,0.6591678822010583,0.7508264260206405,0.40314156018349917,0.25525099296210807,0.45612108315887034,0.021908467990496977,0.5094628396171405,0.1780397723460489,0.6642145037551996,0.42218045936705534,0.22724449812801817,0.3922068984571025,0.13566986998304129,0.0076882605295664095,0.003181014706377161,0.026701307528799845,0.6053498032975567,0.17470419679928267,0.09946665332375473,0.08556923767008202,0.06917391138231076,0.027428105363129264,0.9026781798207406,0.4455792323993407,0.004124120348968765,0.6653910848756762,0.1495290480692766,0.35596193568793333,0.669653454889074,0.12385230245503034,0.37884293166271354,0.11393882744364926,0.5464448598099969,0.09194329195205281,0.6013721952134972,0.6975643641731428,0.3903512980582545,0.1380241101985865,0.7502669650905586,0.08063065169928861,9.829848611428179e-09,0.09325154019786958,0.23498130613564328,0.019818063677712768
0,17,0.8654091144942249,0.8391553727718237,0.09374475229578422,0.3509103221822516,0.15244364140297917,0.08027049344812699,0.835324655217354,0.15942239949035286,0.8500323898585832,0.8491292214906787,0.8958616048680517,0.11413650256901822,0.14818071360219942,0.45200271362147015,0.6348591338242533,0.09374475229578424,0.6289397087652593,0.03971192101301423,0.04329943193790822,0.07953032947174804,0.9439592175201265,0.18815228259042205,0.14036373124269616,0.8394108578694148,0.14036373124269616,0.26337099603093006,0.17741024372317066,0.8596362687573045,0.8596362687573045,0.8596362687572991,0.8596362687573027,0.3074636327479159,0.7719179512746658,0.14036373124269616,0.06429637663583043,0.5962715687710296,0.3862877534674933,0.8710495711601418,0.7322511664424339,0.06429637663583043,0.3815271975426275,0.19644737915049343,0.1925616857039312,0.5899826968988311,0.21086101303669952,0.048482787364267046,0.13586719765212668,0.020286339840672372,0.2885247860045425,0.8660186877605702,0.548541023539374,0.29206547151704265,0.371377990293726,0.3273019097601281,0.038564918896015016,0.3050627332460427,0.08042192986906059,0.6999382842436762,0.37122326203208555,0.502091216889066,0.2527102803738318,0.05911330049261085,0.011212273954979757,0.003177337000363741,0.0437704995372515,0.8280452714367925,0.19953923900118903,0.20887742207245155,0.10863479573962732,0.042022065425060914,0.08818773442007076,0.6316158491829081,0.3731169436247859,0.005903231629680842,0.3971853020244973,0.13100744250435903,0.6172583378703633,0.6164433132508009,0.13334126139235936,0.19529262788367652,0.04355808559525036,0.6724512077504337,0.04228864033273974,0.8084872255899004,0.8843807891658755,0.2818673955352887,0.05946163549900958,0.8856522309836178,0.005225641805666243,4.020200157894815e-08,0.057055648391883824,0.07435827207786123,0.04258785198976023
0,17,0.8256704438161004,0.796922443017322,0.06368775239491417,0.0,0.09410764996653746,0.18626834466409337,0.8079961399381554,0.12364028631398252,0.8029531996491908,0.7960368940522591,0.8360193417355759,0.16812422457522205,0.09684958896603447,0.3257499461392289,0.8003582309037421,0.06368775239491417,1.0,0.032730104288235244,0.0,0.0,0.8156852976682494,0.0,0.0,1.0,0.0,0.0,0.0,1.0,1.0,1.0,1.0,1.0,0.0,0.0,0.0,1.0,0.0,0.9999999999999999,0.9999999999999999,0.0,0.0,0.0,0.24680777272209858,1.0,0.0,0.0,0.12620506931164682,0.006515820578732061,0.30773267934156523,1.0,0.12761561313277187,0.35662103692964625,0.7412558981825053,0.2923873044201152,0.018156218290613403,0.15309034640051478,0.012237086404104938,0.7121504822608143,0.42647058823529416,1.0,0.0,0.0,0.015337918986231332,0.0030592812283504085,0.06419076034431843,0.9999999999999999,0.37685550995358824,0.5551004771602173,0.0009512413043006513,0.00020256465303526944,0.0026067394275242585,0.2414333417753611,0.28463098134630943,0.005480747741457487,0.06805991866291972,0.13665398268057322,0.7820845707326456,0.5056889515356391,0.16932803765468224,0.0,0.0,0.7001490938728137,0.005240585723822286,0.919809933197471,1.0,0.17048250068626436,0.007467504538895817,0.9239062144170286,0.0,1.0,0.0,0.0,0.0
0,19,0.8460081894325927,0.8290759526948712,0.08496949103140494,0.25616463116694943,0.12548002449331072,0.13489392115664128,0.8416392009514289,0.17360353582374222,0.8318146682983454,0.8256617002899226,0.8545999636025745,0.20580528177026777,0.141103323476212,0.40434985364987386,0.742588655250425,0.08496949103140494,0.7550501856685168,0.05410383366900661,0.0257236926727151,0.06289809618301848,0.9128797804167201,0.12091826756378314,0.05531267679322235,0.8986888260186225,0.05531267679322235,0.1266726194069387,0.07150376519026935,0.9446873232067752,0.9446873232067752,0.9446873232067787,0.9446873232067787,0.20482312591568563,0.7188486100782044,0.05531267679322235,0.037724149833346154,0.7569675493588082,0.24971946209034981,0.9186488005487549,0.8480373186024847,0.037724149833346154,0.25072259136174246,0.123107365018312,0.19407956578211297,0.6892512962040482,0.1598098079926346,0.03489565069929147,0.32423452892444593,0.04365001349799034,0.6213739973052121,0.9035664959398415,0.37988951034989776,0.33582813012815993,0.6050631284930521,0.21924300145290676,0.2155250553864398,0.2180225783278238,0.06429347032725025,0.6320838198104263,0.28577281352423667,0.5142669259453686,0.24653058048956009,0.05720641983155886,0.03400784672589423,0.008565532772804247,0.1333954423646026,0.8335921981646379,0.22294887039239003,0.3205967877816126,0.06369925772837834,0.047186070118245944,0.02590300102180201,0.5257056119685598,0.2611389902676398,0.027063305976146618,0.2504964360263756,0.14901345553808276,0.8210793747587213,0.5690661300484783,0.15154592079961163,0.1289194615280226,0.027117372989532804,0.7816647393417511,0.03360386920627603,0.9015106950257574,0.9280204990164613,0.1860292271876981,0.03963217788547303,0.8310348481659557,0.0019363029145868297,1.0428675294212535e-07,0.026212233625199772,0.02298608539244045,0.08905109489051093
0,19,0.8351489102385412,0.8912753864824237,0.11892860186448069,0.5852381153445771,0.3481198876487666,0.0806369820628197,0.915645302822296,0.4076827583745326,0.8601641671443013,0.8458885043229377,0.8171947175015024,0.43667504665775636,0.3631103752808659,0.49015912126236993,0.6955706964021482,0.11892860186448073,0.2570857857042719,0.21317549072165723,0.12035617038896693,0.07720935782073436,0.9036204839813975,0.38247702291334856,0.09390736749706119,0.9448507765446015,0.09390736749706119,0.19445809446296808,0.12035786043248896,0.9060926325029381,0.9060926325029381,0.9060926325029399,0.9060926325029399,0.1512466596974279,0.9297046638018525,0.09390736749706119,0.173722603113577,0.2712004276528051,0.5553819202006912,0.9557160844101414,0.3307169489971541,0.173722603113577,0.5609658590046052,0.3821033798206391,0.15197170262507875,0.2504404257177899,0.3854785882670559,0.12875199455825798,0.17464629901124923,0.04395587959416542,0.3026222980651256,0.6441961751342447,0.6582994119414161,0.3771845563159669,0.49104657506276217,0.32233675141318374,0.09161562542958006,0.2826724998263459,0.125867833692066,0.5205485649599176,0.2639345948169478,0.23480487802642447,0.38836967808930417,0.12883668056081846,0.020443615234316127,0.008349931231925676,0.06857723667035504,0.6252268736442916,0.20351230220433547,0.22040603137097206,0.08753168581038148,0.025331832462210373,0.08139737841643263,0.7236612866987943,0.3028183292781825,0.013494587597606408,0.5557877965290833,0.15265590293782993,0.6332534619115326,0.559282508683125,0.10380539812710773,0.39100295189000767,0.12332992936771338,0.6732366399401464,0.11694905893257643,0.6210257337398081,0.6726369189357077,0.2380143395946458,0.10930357343273607,0.6536154773455191,0.014021526967757408,5.590219129578059e-08,0.038882597840103596,0.09996448964259994,0.05520361990950221
0,19,0.8455583316749753,0.9009835811192974,0.09283358199987991,0.6034177025005262,0.4153500384242371,0.04479898560493696,0.9008248248371773,0.42113625939914084,0.876236919191278,0.8829102760907287,0.8617891823335415,0.3202980050555524,0.4033862325293766,0.5324185501069681,0.6296244096707394,0.09283358199987993,0.22495312649185717,0.20995610005683532,0.17223114068160866,0.0708712468138832,0.7798368171485588,0.3984623788352329,0.13235188991295685,0.9259796263894595,0.13235188991295685,0.25430356757314565,0.16809748922932144,0.8676481100870426,0.8676481100870426,0.8676481100870426,0.8676481100870426,0.19191114652492602,0.9270433175439026,0.13235188991295685,0.24856489973262252,0.22432412210188118,0.5956121415609315,0.9405628625115648,0.20109824424770806,0.2485648997326224,0.597955864283072,0.4011812890485413,0.11052268265350121,0.23446577994748108,0.3936939244603155,0.15969213599695042,0.10461560405297447,0.04769886956649468,0.14300819200942205,0.5586936498837093,0.702869947235915,0.259292283327177,0.3860796818459331,0.38297239477868905,0.02764950806231936,0.3769066319070681,0.15333700293975727,0.5613346571548166,0.23746657754010697,0.2220175263891655,0.39485981308411217,0.14778325123152708,0.009194656175959232,0.005919415394005063,0.023472520949805425,0.5701131785919815,0.1734046769718589,0.20369330296317092,0.10515892624991238,0.030754923077545022,0.09707802480430021,0.7324378351515424,0.4124087591240876,0.004947477782775853,0.6005014037690811,0.10389978655182225,0.552641755805201,0.6386786783666669,0.06981837157094246,0.40791468188839014,0.1710885489287327,0.6173467776692028,0.16284177351504855,0.4690663474980489,0.5458679430105043,0.3178466739611233,0.149818866250238,0.6147771747329909,0.003892403232338789,5.494951174921453e-08,0.054555859813397826,0.14662053019214905,0.05436720142602494
0,21,0.911747479624416,0.9138733747735368,0.10703631000077353,0.4493515996681155,0.175981474545033,0.07906091040899106,0.9100976713996269,0.22506292904815098,0.9139875854877471,0.9148413701008934,0.952658618530464,0.1685803799820452,0.19583246119845651,0.6251751191213575,0.6199310321585013,0.10703631000077354,0.4825940771938386,0.0795809128802019,0.25466412129650245,0.09297775655654161,0.6634874781490877,0.257931713831387,0.05000093998447049,0.9562913604390297,0.05000093998447049,0.11714842682178855,0.06474663720856572,0.9499990600155286,0.9499990600155286,0.9499990600155321,0.9499990600155286,0.11747360291340103,0.8785482176238948,0.05000093998447049,0.36507498523716364,0.5148387204331661,0.40274774353732135,0.9649026843246301,0.6536404137976536,0.36507498523716364,0.40888169290500725,0.25647972284312115,0.10505112979015956,0.39610074018380614,0.31056935581456613,0.2215075211031326,0.44473759753577924,0.2612429703531778,0.24949951105809565,0.3878679432079396,0.5482169005302302,0.24119507086641936,0.5322473099606295,0.17932803929989627,0.3075908603493901,0.15103817036985034,0.13054141391559942,0.3230267450693689,0.12261029411764707,0.22979735112527389,0.390911214953271,0.16256157635467977,0.06658686588316311,0.06524955673930584,0.07332212900408859,0.5271244964511798,0.05573721759809751,0.13121314237573714,0.37684083352997777,0.10655173560548271,0.3479077359146565,0.7089402183178155,0.20368909055040452,0.060661872360308865,0.395983695549434,0.1140220165440471,0.82796714136257,0.5031238300749481,0.08982755186646274,0.2723157522761452,0.2496705283276639,0.8192013228595423,0.2758396516590935,0.3160882335268166,0.33728241130663744,0.20417525751071908,0.17037107483301633,0.3951172193144794,0.000758491998456869,1.504952695828511e-07,0.02459247908455936,0.04557828215532553,0.12306657700067243
0,21,0.8329636091501929,0.9058869829172558,0.11770941408178863,0.645193581442336,0.4602815368275988,0.09665485789815724,0.920079740241845,0.4683906055123987,0.8777751466036479,0.8887088672307213,0.767964709017763,0.5393389584989351,0.431836781853724,0.5403677097340913,0.5479975202021774,0.11770941408178867,0.2288820896606667,0.2743465058183383,0.6340304053302467,0.16360400047945464,0.670958213999731,0.42275465538343204,0.2380813211831457,0.8770436079042132,0.2380813211831457,0.3937117289407558,0.2940136893523673,0.761918678816853,0.761918678816853,0.8809593394084274,0.8214390091126393,0.28652421471079326,0.9127681196691108,0.2380813211831457,0.7259482339684893,0.21068645411691317,0.6799327763406839,0.9076890120626714,0.29222922684251573,0.7259482339684893,0.6725880810214264,0.43443272035117314,0.13058084664688815,0.21016131462057674,0.4521938769100331,0.5634168159257759,0.24199749419435446,0.341637007821324,0.048521737820469354,0.09220113249615423,0.8073152068078524,0.2649156114583305,0.21114020041897164,0.3560678861928134,0.17929175003371833,0.4292225933809227,0.47237684886138465,0.11510803194466329,0.2520053475935829,0.20206925783504148,0.4548286604361371,0.49008462801566255,0.021960422115075522,0.047972294925065675,0.010038037006950376,0.0969519003280753,0.1795024238543858,0.19132703786971164,0.08854762302185423,0.07974510508029405,0.021553706494510466,0.7430731584412721,0.35207572992700764,0.0185865637203572,0.657792416092014,0.12551932603466653,0.5040349426064048,0.631373615500556,0.08806791420862312,0.44721958225318714,0.6234363032933368,0.6441254283141811,0.6097661859274521,0.06095914883867588,0.08127135314214723,0.30810782778280077,0.48696085845996123,0.09888156196627251,0.001371476407478318,1.9443261353698325e-08,0.3474737008054104,0.0924266634240931,0.09782535684298911
0,21,0.8479086350494592,0.8672266196940304,0.06482681961496543,0.5084422574147579,0.24883841912060375,0.07995371742337802,0.8853724655759134,0.2860250742200297,0.8500046060896026,0.8386489309457641,0.8673511882128134,0.2763427958739123,0.2528978037987496,0.45702693093743263,0.7843917098743759,0.06482681961496542,0.3877665280184117,0.11682756805104429,0.08088807826303568,0.08756927564082359,0.9561049469280785,0.3045137380757437,0.15587057351974953,0.887602735686075,0.15587057351974953,0.2881904705560771,0.19682141590023833,0.8441294264802508,0.8441294264802508,0.8441294264802472,0.8441294264802526,0.2535028780860358,0.872813434539367,0.15587057351974953,0.11831884404149484,0.38102256087827396,0.5211425261561446,0.9097468531096486,0.5267233643101773,0.11831884404149484,0.5185781318408876,0.3115189892875997,0.10621401655293178,0.3408965967660271,0.33895938110582546,0.0949967396892304,0.17146619265653235,0.03042243665868058,0.33492006480896586,0.7374782157964107,0.5972001812505614,0.23232781596057508,0.4680512661341152,0.3821112591404662,0.10924731980514923,0.4559108529311596,0.13716481663021096,0.7235292101999864,0.2093582887700535,0.2773407245126026,0.3667808930425753,0.10837438423645321,0.016045806299599417,0.004705227414104768,0.06129399237501912,0.6847496643007864,0.1649821640903686,0.2417860151642797,0.05223654074648449,0.021138538075289467,0.042168117371756624,0.6589362420420461,0.40477770404777647,0.013417260865619509,0.5544785264189253,0.08514265070968115,0.5145070935594154,0.7193632218782862,0.07147198350639823,0.32222441055001616,0.08463109522593824,0.6243203706670586,0.07341958784176428,0.6987490480003966,0.7753578857212774,0.34016579553686854,0.10194881853508579,0.8119542823086378,0.01306840219517882,5.119635884064437e-08,0.06805266361087665,0.14281536997797145,0.05210706150341685
0,23,0.8721452523408446,0.85404790938027,0.04311260181073379,0.5446191304757206,0.14714052813188558,0.14483584089468093,0.8828620136203074,0.17779672624459852,0.8658561823484959,0.8628932400168361,0.9025566140387626,0.20435548941562656,0.14606052996534158,0.49547980478486076,0.7192809286601028,0.04311260181073381,0.3272346855420005,0.0586012644748548,0.10087223128497999,0.08093122614081523,0.9319467337700534,0.3452453368983897,0.19264179982011262,0.8779420181953448,0.19264179982011262,0.3348886361862108,0.24033750733827355,0.8073582001798858,0.8073582001798858,0.8073582001798876,0.8073582001798876,0.27207777416331813,0.8867259808846626,0.19264179982011262,0.14752129872353392,0.29128724702799974,0.5812294684928625,0.9019894565210465,0.410235729959619,0.14752129872353392,0.5762039737610912,0.3546212350670437,0.06777909441588663,0.34808806807209847,0.33526099834648027,0.09399158750756763,0.08146629377057989,0.023977272115174086,0.16227359242384398,0.7402559358001655,0.6318541624824559,0.13435295104983414,0.3495867670772703,0.445370556500735,0.01733913064842394,0.4374466051016189,0.12854260446630938,0.7261163612064921,0.16961898395721928,0.30846002345703605,0.3509865005192108,0.09852216748768472,0.004300334968984431,0.00212924213321996,0.014345124581143736,0.7134087857279877,0.10775862068965515,0.2028807451090517,0.26239762635249075,0.142683546166271,0.16227776946526984,0.6512842949931352,0.532325338894682,0.0018908028506835581,0.572566652956506,0.05249677594902904,0.5230290533138211,0.6687944007787916,0.03966579594236093,0.35408290596735686,0.09929246143185382,0.5570469684103625,0.0887933630956669,0.6162105718523361,0.736441216925739,0.45986497553272654,0.12921187865056116,0.8713960166792357,0.03268692985670453,7.648521486250143e-08,0.07783811282318596,0.18229144951458076,0.07049306625577809
0,23,0.7971645347620722,0.850848735332971,0.06664914088862402,0.4691646752788083,0.3955988428020864,0.06872622539605437,0.8774903796539062,0.4085635166834121,0.8138505129424423,0.7968419527230782,0.791252725195497,0.40314623884164824,0.3735416268331007,0.36784943820243066,0.7513657101683281,0.06664914088862403,0.5223054801924845,0.20823490925198773,0.3925909331746419,0.11988900800851106,0.9220267494644191,0.2413737652095126,0.18033274084677597,0.8390587770891484,0.18033274084677597,0.32144249556793447,0.2262173751032392,0.8196672591532241,0.8196672591532241,0.9098336295766103,0.864750444364919,0.3140228353365716,0.8313281877039966,0.18033274084677597,0.5172840798325429,0.5103384068264203,0.49778818103137357,0.8819677521264031,0.6680372075322584,0.5172840798325429,0.4917164494203633,0.252039121919217,0.1444158451250252,0.40713736459227845,0.3316372742257908,0.41250386825800633,0.25507895916315515,0.18615559231135773,0.10716462692104038,0.1433579411029393,0.6545620003262886,0.26060092696672327,0.3274674205778906,0.33786528991937936,0.19472229079774636,0.4286370095412234,0.43428279135590503,0.13700859589723266,0.23988970588235298,0.2292210678114881,0.4387331256490135,0.46524356869184447,0.02557466492061427,0.027493730003882482,0.023898177339281627,0.10661380736193707,0.12509908838684103,0.14031379034187225,0.26690531426708436,0.41992240988279855,0.04157994961113089,0.7873796684671849,0.3764337851929084,0.024409681975142306,0.5131877951731553,0.11094639162635211,0.5316587038196232,0.6654616641370612,0.10713260524347144,0.2661955348418313,0.3974707319741784,0.6653140645545137,0.3696729848162701,0.13382403322546427,0.15084377264727195,0.366913651471643,0.4009366557999494,0.15893727557081733,0.0010967121071729792,3.2577655513914247e-08,0.27155580832281334,0.045285621619872624,0.09071525715395926
0,23,0.8247255227693941,0.8498463280901928,0.051877646711350166,0.3815492614795309,0.19146215027995347,0.1330899941511241,0.872129359311486,0.26906208688967936,0.83284988255036,0.8281423309022222,0.7963974570572654,0.38181854309878793,0.20999928647253452,0.4118649571458688,0.6728176779143081,0.05187764671135019,0.5940970144153135,0.12228553805650602,0.39287303404955093,0.07882900982732947,0.9423138049357024,0.19077806028882832,0.181493752452358,0.7980450028503108,0.181493752452358,0.3213826313445743,0.22723769608906566,0.8185062475476421,0.8185062475476421,0.9092531237738228,0.8638796856607307,0.36618248588858227,0.7568267697901451,0.181493752452358,0.5208204386438087,0.5733761601873855,0.41600931532251073,0.8422383040373104,0.7161030844230757,0.5208204386438087,0.40738888920624694,0.20271590590430835,0.12426819583824693,0.498052922422453,0.26270954932042223,0.40461225371656473,0.07532459055698372,0.07833426678069125,0.02854011239525798,0.1305608701466821,0.5051349142696084,0.22832403408092475,0.46159508927588,0.4698035716328609,0.0170577482380561,0.5617449254498909,0.5139027033237636,0.1544686041778409,0.23696524064171126,0.40795626265049456,0.3342927311722804,0.3872940377102089,0.009121967097160361,0.010956050260099128,0.007700701745616984,0.13693220529577918,0.1645208905654188,0.2512023336442053,0.11707767557332577,0.04070294359762884,0.10577191681437982,0.5864149558334516,0.43619221411192155,0.005665460546706959,0.43762750385742477,0.07689473399174611,0.5141319027768192,0.7525259659925179,0.07987675316332744,0.21462961862895277,0.39554505999489403,0.5391847202249638,0.33798872351972176,0.10952749588047185,0.1389170721606791,0.4429935916644271,0.40825972675807165,0.20369300794545492,0.0007165626839553343,5.513814264524015e-08,0.3051414895610802,0.037005471241086337,0.12082125603864738
0,23,0.8437584589580216,0.8371783980424572,0.03524022170766408,0.31041531245764303,0.18044868236511838,0.0926570025792182,0.8534776581737434,0.21052927986362693,0.8448636286599882,0.84678490934303,0.8807977272222072,0.18189908149740777,0.1851299842622864,0.4400518436350933,0.6058472617927878,0.035240221707664096,0.6846924807524362,0.06731778220174012,0.03227970425852819,0.06085655574569922,0.9137286650198579,0.13985009366121412,0.2563407077925986,0.6403914075386886,0.2563407077925986,0.4179511312940362,0.31583257934114833,0.7436592922074006,0.7436592922074006,0.743659292207397,0.7436592922073988,0.5391207196391863,0.6288934024920414,0.2563407077925986,0.050491799916763336,0.6286563573729174,0.38925163396640766,0.7112402395507176,0.7620099559060572,0.050491799916763225,0.3712197985459945,0.15970280804534526,0.082687220735616,0.5481350637153439,0.2323821397294457,0.054691948571920265,0.07937793183744317,0.004505256423394444,0.21402904981601645,0.8488597822657785,0.5936024752583395,0.11259081879531568,0.21617977749706507,0.45612108315887034,0.023507576891218164,0.5534273442598393,0.1347386344590754,0.8664731159667408,0.14441844919786095,0.346494722166899,0.3316822429906542,0.08866995073891623,0.007277817062466494,0.0012979866638103677,0.03194832794700192,0.7420679071551889,0.0356718192627824,0.08382476832350463,0.03458432203001235,0.025654301523907415,0.014778138518483514,0.7216076089757112,0.4543795620437959,0.003858703483153945,0.4599225706340505,0.04441906524102205,0.3506959851093572,0.6971465330744617,0.05540218306879274,0.16594940358731242,0.03601608373755426,0.5485241242761865,0.018919201233304997,0.7865803732417994,0.9044000414121545,0.3687243458891233,0.07047274078584383,0.9596110012245619,0.003685050553142689,5.514064775658566e-08,0.10609987160248623,0.11500188578544546,0.05498798076923075
0,25,0.893075091134416,0.8988033652302905,0.10831713919493156,0.52354286899646,0.19130794000865256,0.08607335433996106,0.9159111273461241,0.2307971209134063,0.8964835127962043,0.8965443963997919,0.9257034617576558,0.23211891931704856,0.19861200844837323,0.5787160790212746,0.6504070168577567,0.10831713919493158,0.36272522978737376,0.08383164767624982,0.22637654114313394,0.08464321662485917,0.683183295132026,0.3163199405708954,0.19936910413961464,0.8631184835522252,0.19936910413961464,0.3479567022464298,0.2493165033974813,0.8006308958603867,0.8006308958603867,0.8006308958603867,0.8006308958603867,0.29658748313724936,0.8675550616145613,0.19936910413961464,0.3271364300906483,0.3395829337994087,0.5585011496974116,0.8900864030281872,0.4830250886692048,0.3271364300906483,0.552029594076638,0.32696928143360116,0.11709123836045786,0.3164133303078146,0.35155047501522635,0.2027764249603074,0.2552297288868723,0.14161447260824134,0.1920316890280122,0.43963099103031567,0.8032811352186926,0.1986540749851989,0.14776463283086527,0.2714074887599961,0.16427915552548886,0.3993374875374984,0.1815957093373889,0.5001234506985902,0.2069820596860445,0.24225640447477503,0.38458770556371374,0.1716192594946766,0.02373569851177142,0.021164263852629046,0.03528507801244386,0.5007765944939141,0.02157569713474742,0.013769530650727994,0.0679959234121908,0.03138748632092431,0.049841612648046346,0.9161579068136043,0.3213014064447205,0.01901777708207718,0.5638217592126683,0.10943252055452732,0.5515036410884764,0.6545544812510342,0.08796569177581098,0.33540388852887776,0.22562065293872235,0.7332546236803998,0.23658786085750125,0.3589145295628597,0.40111964324944005,0.24188339381926272,0.17348072932268882,0.4330970918968001,0.0035724074604428983,2.6086241902692978e-08,0.08711354171816946,0.19146813022270415,0.03256227758007112
0,25,0.7880403256792099,0.8354906612818622,0.07269246859880962,0.28184603736681835,0.2981282371262404,0.07547839939279526,0.872203274570176,0.34448672869885966,0.8167532337067667,0.8183162325048239,0.8166254207751762,0.34373835475522363,0.3052321124416279,0.3721023352745614,0.6756111472229237,0.07269246859880965,0.7223794288835184,0.16194579345070761,0.029829798495152077,0.06607466143592247,0.9195279079658426,0.13618535193244738,0.10902831740564434,0.8288225421742259,0.10902831740564434,0.21856857339674923,0.13922752071676578,0.8909716825943566,0.8909716825943566,0.8909716825943548,0.8909716825943548,0.31377888008976706,0.7100959909561946,0.10902831740564434,0.04450295948566596,0.7038375652416413,0.30524630182997686,0.8625473285335712,0.8124232222294955,0.04450295948566607,0.3017019271995816,0.14285860046418283,0.1949219404725669,0.6508896117416458,0.17953820380997051,0.039915732037373045,0.18281547493963163,0.021396298907390636,0.3850848359765977,0.8896935913114135,0.46356063344981197,0.3079642258873943,0.4865833093464982,0.32340094496116045,0.10314328908510312,0.3016861153711249,0.07285623991294912,0.7199661651374232,0.32852518998029834,0.43752513680767924,0.2854803634763248,0.07000259268861808,0.016322821016227465,0.00380310819137312,0.066100037700126,0.7963694003856754,0.17366543588459854,0.19050330566361803,0.187271855180064,0.1559411308258158,0.05271333692682548,0.6415401732280374,0.369505271695052,0.012263618422931532,0.32992117175982993,0.12814457322653455,0.6595978754736194,0.6093078244138899,0.13792861313468216,0.1461143974945188,0.03117181516466684,0.6759244830004256,0.029444836655924872,0.8430871926201747,0.9172585153742625,0.2924213098842935,0.06187650161926732,0.8908543118768156,0.0033630071568707997,5.6870300338658055e-08,0.04604298242637466,0.04424556414328072,0.055929095354523194
0,25,0.8287304010218239,0.8472167610397767,0.05071433859062264,0.4844602567567195,0.1802248167024885,0.2852236447456814,0.8740716045154459,0.2762356412606375,0.8342301510483179,0.8347057214367961,0.7531907589028348,0.46770227508813034,0.19276997143507837,0.41751568346924695,0.4295047364857931,0.05071433859062266,0.5284126771102355,0.15107009782275926,0.3829505683135125,0.14962560339422978,0.8917023898085201,0.26000115877061325,0.15139735504635668,0.8728906687389455,0.15139735504635668,0.2821544269062179,0.19143010150651077,0.8486026449536439,0.8486026449536439,0.9243013224768184,0.8864519837152312,0.24940664318555528,0.8663766910361701,0.15139735504635668,0.5061792457174322,0.5065333636479479,0.5014065122018648,0.9784448091407968,0.6675623239618386,0.5061792457174322,0.4987745528231746,0.26763116786475816,0.10975825957952264,0.475560834602063,0.2972496989184243,0.383720569504107,0.09108082041555528,0.08600267492868902,0.04120164908583511,0.1582032491199843,0.6234061036517469,0.1890828026463115,0.37011797874184815,0.3987961745523233,0.019924514134413214,0.40392039141796465,0.38613720603505847,0.13963524445917672,0.23696524064171126,0.40795626265049456,0.3342927311722804,0.3872940377102089,0.006737975869309599,0.008639341138953833,0.00585863146548426,0.13693220529577918,0.0707286071589651,0.09843759234753824,0.42290673691186387,0.4791405500571423,0.09019619498875718,0.7052608010450684,0.4543795620437959,0.0031688477496612357,0.5359605753018358,0.07271594677416215,0.4820607891399613,0.6799530724344713,0.0721863007230839,0.27183202282504887,0.38173126865211754,0.6044919153146333,0.3456185230248563,0.14113232591153696,0.16667321169107963,0.48190229163016063,0.4102864268848058,0.2060065805396329,0.0006679879111590247,6.42024709967796e-08,0.2356674869047794,0.03976588555061722,0.15172910272612378
0,25,0.8707560145703479,0.8873027174848763,0.050913305214145804,0.5404840606849958,0.1463224690452548,0.19813827181999943,0.889861921538259,0.2349502222714789,0.8670295022135298,0.8630725847764372,0.8229310653935429,0.37003287880392866,0.16475784608839936,0.5017289222577206,0.6387052255844633,0.050913305214145825,0.33424708179236806,0.1082312922499747,0.09707115708766448,0.07870063166003163,0.9303879432793533,0.3307750104094557,0.298988594061308,0.8084959883458254,0.298988594061308,0.46746953784998924,0.36463546363077204,0.7010114059386918,0.7010114059386918,0.70101140593869,0.7010114059386918,0.38133467894873796,0.8489285052868474,0.298988594061308,0.1438787073966875,0.26838462055662043,0.6254314389780798,0.8462254415228286,0.4037144018085005,0.1438787073966875,0.6094616946721026,0.3500604466502092,0.07535610657667359,0.32853269062397317,0.3453178097733125,0.09825357487909968,0.09609423215483319,0.0280346080601456,0.18164855084909004,0.7284780102346355,0.7771530645054743,0.1082034124300417,0.05519525867438546,0.4167839287961469,0.033053646573785345,0.480096424202506,0.1680502154599115,0.6561710308228342,0.14759054448225573,0.27988399136848374,0.365490074920831,0.10747872816838333,0.00850565791258378,0.004494182114641829,0.02561286292612894,0.6873550389759866,0.03648254242784563,0.07311995655412973,0.012587038759845692,0.010454013972844501,0.005118442503743033,0.7084378115541787,0.4089111922141113,0.003937915742389342,0.6636989307361828,0.051661790301437985,0.27729210136908455,0.6323591197266825,0.04678518856519484,0.35039221385115404,0.09741192238958386,0.582819640792152,0.08715709510568098,0.637122324321053,0.7414328605445699,0.32326683799717537,0.11171083618009948,0.7557295744101707,0.04115751544489632,3.978752679220479e-08,0.11255756306893513,0.2672255802606813,0.04163822525597269
0,27,0.7865849154883102,0.7926866301600699,0.02630681477483056,0.028543980561218426,0.1945773970646355,0.10032716045017358,0.8154107399978041,0.22632658313973006,0.7884444958950143,0.7822280344759646,0.8225352717665695,0.20966125551947654,0.1928196223284811,0.2909020741487912,0.7774346269187962,0.026306814774830566,0.9837976746574764,0.08033276235330539,0.0008936869459938573,0.001584229450706993,0.818462386181539,0.003917955217397171,0.023230995097325024,0.0,0.023230995097325024,0.06141651779307908,0.030250125213963638,0.9767690049026747,0.9767690049026747,0.9767690049026783,0.9767690049026765,0.8327222556404934,0.06914783797328748,0.023230995097325024,0.0016700521798255208,0.9815756940987801,0.030856933684256595,0.20165847699900652,0.9893288031817774,0.0016700521798256318,0.02909229020263436,0.005919240647635519,0.10757030472238262,0.9394644374697181,0.03113183259178742,0.0061642814887252345,0.33006597857708764,0.03668626563364122,0.6538618648610627,0.9829651188025272,0.14216439204661807,0.16785005302859707,0.7439094362974916,0.22500600610907096,0.21763914909503151,0.1410910520150812,0.03222760835883187,0.630263966961978,0.18112884358288772,0.8176603577474607,0.09254526869158879,0.018472906403940892,0.029094217382869048,0.0065297033501862094,0.11743549463113577,0.9462641473239976,0.18393281807372175,0.55573399326032,0.022084503132132144,0.018004999846870623,0.008127987527690792,0.26681078685722925,0.2883211678832115,0.023379311226444446,0.04439931989359902,0.07002947865277864,0.8615266865754336,0.5250852111831608,0.08208442911371523,0.008527440873391476,0.0016483333518331478,0.7722371335060108,0.009147367042918242,0.9569425329377479,0.9956247158541032,0.15627317610460667,0.015637594861399345,0.8767644860926244,0.00023871063545564234,7.222514062097578e-07,0.008940628091955612,0.0006330684664511517,0.4463414634146341
0,27,0.6876437875157164,0.7495736600372414,0.018667628558359996,0.6048963063617798,0.3772408715635035,0.05244767763344156,0.7498489621377217,0.3969926327919018,0.7115099711412388,0.696316589443607,0.6814476150577788,0.3344994817457734,0.37490820529864743,0.1001553617682216,0.7281220578691817,0.018667628558360003,0.22231983926680177,0.19227961186814474,0.14628050738977244,0.07007469492912632,0.842290325397935,0.39845777729032866,0.1500865855725123,0.9163846364309476,0.1500865855725123,0.2773430847272558,0.18920114883293604,0.8499134144274869,0.8499134144274869,0.8499134144274869,0.8499134144274834,0.20879892118049115,0.9229147505906391,0.1500865855725123,0.21174833998700926,0.21610894689048893,0.6057748737050554,0.9328582440457777,0.17745887050569542,0.21174833998700904,0.6063759357561036,0.4027736323563519,0.09530245920982905,0.2321162550199677,0.3949022227507129,0.14781184210564602,0.08376430989605159,0.03130809246287303,0.1460012023295693,0.5915246287089945,0.6895622269922754,0.2339893329470096,0.4234263914917642,0.4256464497395275,0.017573407029849615,0.4028481628008481,0.16038556301534423,0.5742388284533996,0.23040488922841867,0.2226526141227254,0.39453747854281895,0.15200562983814214,0.00640820532160795,0.0032267124801725333,0.020330719195900907,0.5578306979803239,0.17708510276881262,0.21599642384333675,0.20013689797882758,0.11470862672299649,0.11725618061688833,0.7266665702759468,0.48744746737447453,0.0036175936988106392,0.615297977839912,0.08539372163383861,0.5194352500594395,0.6444313925498151,0.057749600053056516,0.40930060647881805,0.14858309931069696,0.574862821145929,0.13139404767050392,0.5205622917002217,0.6056056998183512,0.390871355214789,0.156573744362077,0.6857528455775858,0.005702606327900378,5.7630710876300565e-08,0.06214135398048601,0.16735912729243438,0.056481481481481424
0,29,0.9124395280094584,0.9351624409975179,0.04239222447160276,0.4070718335338195,0.16289781179595242,0.16569122724509383,0.925825553737226,0.2804217013805975,0.92376227480429,0.9278459222963069,0.9084993980340171,0.2860983241545305,0.21463008582057558,0.6543599542702618,0.4601060035145152,0.042392224471602784,0.54727379439073,0.13707878072449875,0.26191111448022064,0.09068580669860063,0.6679744417800662,0.23308515804335223,0.05910412563463604,0.9432322224536682,0.05910412563463604,0.1309272801583558,0.07616051363105845,0.9408958743653635,0.9408958743653635,0.9408958743653635,0.9408958743653653,0.13901575729268278,0.856515866004316,0.05910412563463604,0.37559349959283217,0.5548466687466054,0.38243213901922085,0.9544164122071673,0.6913575272589875,0.37559349959283217,0.3869176101291005,0.23302637905924503,0.053569957631555934,0.52440029237862,0.2445883024703901,0.24652110216716155,0.09007218048457434,0.061541427469704736,0.07215657487196386,0.3187433611251037,0.3989483371346663,0.11834005315255333,0.7191400836028687,0.39181338733111415,0.010036581297706343,0.2721860349114307,0.19566542091274536,0.2781288043401515,0.0976707116412999,0.44758640927041327,0.28037383177570097,0.2273588480485032,0.008758817437065955,0.00858065764611137,0.011140354609616425,0.33863565937227935,0.12347937437116983,0.47657811697731334,0.004400348005763511,0.004491561891576056,0.0018822382659810825,0.4140572288465353,0.38163017031630114,0.0031541144212729596,0.3742013188469038,0.040130055383013286,0.7032437095262505,0.5425465909042262,0.034568617195545444,0.2382741901889667,0.26032678069951487,0.6011412039308897,0.2429317888205321,0.25686427149377083,0.3089967905580288,0.2440056216594827,0.20810005638648832,0.3141875844778885,0.00025779868402185673,4.409573871439503e-07,0.02213975228325579,0.03479745095087518,0.3479087452471483
0,29,0.7161060240276395,0.7779259026942729,0.015086845796828719,0.4565259447411288,0.2729995995038586,0.08177645003474528,0.7939310746843077,0.3354430338359506,0.7500438821148019,0.7522548747580948,0.7361102820575299,0.32656004883926326,0.28634579844389,0.1969519959146634,0.6504779661976119,0.015086845796828726,0.4713532479955307,0.16296561323165154,0.24641573694241115,0.08683348861217699,0.6735812773416159,0.264870306336932,0.19243129745444815,0.843797575714105,0.19243129745444815,0.3336692548957234,0.2399807952414817,0.8075687025455522,0.8075687025455522,0.8075687025455487,0.8075687025455522,0.3142408968953446,0.8310206038238752,0.19243129745444815,0.3556803210223687,0.43495870575273404,0.5002039314678843,0.8745720331383783,0.591381702200589,0.3556803210223687,0.4928099661258161,0.2760826275770112,0.07724125596485543,0.44027244362837015,0.2878530214905503,0.23184445309423635,0.05778548599147705,0.042452267769382275,0.05863691927720416,0.3593020172785536,0.5184315749768649,0.15984295333300771,0.5205779794177623,0.5176922812918284,0.006453617797015589,0.46001198169590973,0.23336480568064505,0.41509953300681035,0.20503393665158373,0.38774160360804144,0.3107476635514018,0.21599090564607804,0.0024095161725998307,0.0024339766284604053,0.004023582381960282,0.3717038764036654,0.15949419189609437,0.27717930439724225,0.16281906873758537,0.11972781748753171,0.06467181503431392,0.5799451612360166,0.6180656934306571,0.0008376145388257933,0.4861051143122951,0.050651308784825,0.5525402575784575,0.6501797353762884,0.04467814724750293,0.2782319096381315,0.24768955833546075,0.48452624077764384,0.21274295099917875,0.25689087284849277,0.34254063567657106,0.4651314169137236,0.25177867164490825,0.447492424907741,0.0013066086381562734,8.181355940004295e-08,0.07729790640012207,0.1388160551776991,0.0763772954924874
0,29,0.808905241655723,0.8313800432108001,0.0923176200964715,0.4372799901854693,0.23411861108776438,0.38911017521791935,0.8576403265371981,0.3413212854586411,0.8103657527109138,0.8116078478338626,0.6270608876199837,0.6705867619938175,0.24238577528858585,0.3598787449883114,0.3420377237745608,0.09231762009647151,0.6080023919110733,0.22413929183627296,0.35103488659798293,0.14300718228206472,0.8453357084943799,0.22087067707848465,0.14207774264386908,0.8606628293851348,0.14207774264386908,0.2683848146717039,0.17999955243274243,0.8579222573561314,0.8579222573561314,0.9289611286780648,0.8934416930170954,0.2599191601775488,0.8410281799019729,0.14207774264386908,0.47577194238577714,0.580039798492211,0.45954804838657154,0.9628942052051335,0.7285208887110989,0.47577194238577714,0.45675347065274446,0.22856483261977695,0.19540785462943683,0.534178996235017,0.27415016769438816,0.33104742209876326,0.43389049358438225,0.29716958343782846,0.19054092433079511,0.2072874006842037,0.6724923550646449,0.31841573154617053,0.329617763000824,0.17161968488933987,0.2674499610406558,0.16928136544329442,0.23018826995795072,0.14539023518209496,0.2129010695187166,0.3191497020480688,0.4357073799548823,0.322745031425174,0.05843962239126542,0.06287412411533638,0.05610138495698263,0.23685481257069532,0.14299479273442944,0.2161415733466097,0.21448749793762584,0.2916699905794094,0.0438774977891669,0.6934086619338532,0.1815693430656939,0.045724293579923525,0.43290107897919516,0.17308293719202514,0.7306346126136436,0.4749044568575289,0.16318384573680805,0.22935240838467796,0.34469113413678654,0.8253326566728285,0.3674157381522186,0.18880225933601413,0.19301990996426416,0.16096258115841577,0.25867101636254325,0.1650703712705403,0.0011082928703505504,3.0592765511273384e-08,0.17740157313215815,0.028402490619175366,0.0856665289311278
0,31,0.9005789988644017,0.9272958902623801,0.027861406040464616,0.3788153120355979,0.12275052004209487,0.16032135575861228,0.9155565557656663,0.26110221249231647,0.934174526923055,0.946141018324698,0.9368338186988534,0.21031010046076046,0.19330438365190897,0.6809018390574804,0.38525290993849454,0.027861406040464637,0.5889801471801983,0.11462900867831975,0.26771111640116546,0.08602167125006596,0.6764591432735853,0.20904928695298658,0.08742663295465228,0.9071443084342012,0.08742663295465228,0.1790347946494471,0.11177752636308895,0.9125733670453471,0.9125733670453471,0.9125733670453506,0.9125733670453489,0.20128270702706608,0.821480948759958,0.08742663295465228,0.3843666583145421,0.5841599755493834,0.3758051295733979,0.9254384132776874,0.7188823376655938,0.3843666583145421,0.3768325753352572,0.21209552104369014,0.033031386076191806,0.55432729611851,0.22919763900809917,0.2510989133167099,0.08720163678061922,0.06162843493710574,0.0658056943432035,0.3060926622205099,0.3693344809811397,0.07310774411044868,0.7153569485981015,0.3904451384837152,0.008447989682197442,0.2542786589282121,0.19670224611167153,0.24994872443851,0.048462566844919786,0.4165131447918742,0.29614485981308414,0.2216748768472906,0.01068848113428288,0.010623646840145327,0.012631387805413223,0.3551697678879724,0.05573721759809751,0.40764532434709344,0.0024638065497677645,0.002284389332824485,0.002052920394346052,0.40694766713550057,0.3452554744525551,0.0038083848360101185,0.3777002589434645,0.024332325441294246,0.6628711046743394,0.518883242638672,0.021690986589190053,0.21632373246524794,0.26664539188154196,0.6007329239723662,0.24963836500641148,0.2397130480367774,0.2922248679987577,0.23699665173579165,0.2112582196915438,0.29399815895674114,0.0002452813048918572,4.45471743184257e-07,0.032885066434575484,0.045135456324497454,0.36526946107784425
0,31,0.6730825088326684,0.8027703589178027,0.02365503302526881,0.5786581521973144,0.4452045100756806,0.05910522183194235,0.8040556310517024,0.5246125715302163,0.7358771001495912,0.7247746128706609,0.6788270538023538,0.45676223787069725,0.4759943119498005,0.17724828185333186,0.7031772148630032,0.02365503302526882,0.26860432098852516,0.33780969265689975,0.19149789283415675,0.07326462110273282,0.7369707566212853,0.3703975486764393,0.25188644617139844,0.8531024788954522,0.25188644617139844,0.41260240387604785,0.31063077389949123,0.7481135538286008,0.7481135538286008,0.748113553828599,0.748113553828599,0.31903900514808525,0.8858133151307017,0.25188644617139844,0.27813735691940933,0.21894681754549222,0.6392925810025528,0.8820437167131776,0.2893117265841455,0.27813735691940933,0.6291576212053481,0.3845272434379192,0.09709424769232705,0.2937286026688629,0.3632166281610382,0.19538191501968938,0.07199752061711896,0.03659266287202209,0.10574681426719494,0.46006558646246065,0.7220490279791658,0.1912302640263239,0.27211000506082317,0.467067073938063,0.01708111803249278,0.4726347994178509,0.2193418134779122,0.4783644578301346,0.22949370363981375,0.31997369632351624,0.34514281268538416,0.20022246941045602,0.006430789820439668,0.004129422771453302,0.016972364895876658,0.41757269357623306,0.15246825975221512,0.21320724778580294,0.0527540658977907,0.03811504940967898,0.02286829191838695,0.6791718256341875,0.47256690997566886,0.00327380721876517,0.6772607005008912,0.06850083295344406,0.3328958480189359,0.6196369209191588,0.05533418362206716,0.3849406351232437,0.19756190962471276,0.5318356809715425,0.16928623914014437,0.3971265646040645,0.47559788798012226,0.3544210634020287,0.1917290463086881,0.5149305770704741,0.003880629066303321,3.461643936699501e-08,0.0991654744384287,0.24875288891727126,0.03931256713211594
0,31,0.7254622283672728,0.7906481349467018,0.0356819613431812,0.36644230038465475,0.2949359596769143,0.19387762252656404,0.7939310214976713,0.37995334903616,0.759057245504521,0.7633172384136959,0.6245637383099533,0.5374341693634022,0.3045936001688276,0.22573916874601718,0.4759347532004345,0.035681961343181204,0.6068504884299504,0.2210121715250721,0.26776443207836054,0.08066231862153189,0.6848507788988879,0.1985545736873639,0.16373096548828733,0.8240981991922962,0.16373096548828733,0.29988183123031026,0.20649053255253555,0.8362690345117123,0.8362690345117123,0.8362690345117123,0.8362690345117105,0.3361103453618264,0.7743147657104116,0.16373096548828733,0.3857300217196479,0.5665380483354885,0.4131960607925473,0.8587537591463569,0.7095149338732524,0.3857300217196479,0.406538564129594,0.2087135383261698,0.12005422760390679,0.550376431416544,0.23122946382896997,0.25054772691398486,0.33318986787111265,0.19778114185468865,0.19560579040325943,0.3076158559463739,0.6071738618125098,0.19254086009205193,0.2965861468597323,0.18589193579755403,0.1585106945982503,0.14340799935897597,0.14647194746982362,0.2604462517294015,0.14487756825218123,0.39657869082816166,0.30626245890180437,0.21778584392014522,0.03866881829569503,0.03739877420846911,0.04519349056822771,0.3664825789776571,0.049283434507791476,0.12486843855526275,0.043659864090715234,0.010751033250354545,0.043643422917540656,0.6538914181291043,0.19672546634225496,0.023672730418222713,0.38921468595055886,0.10381934040725922,0.7024629058069827,0.4609854176371446,0.09844785539372597,0.2069183986521659,0.26924304314526415,0.8089897261491763,0.29077898803034596,0.27182199157598136,0.2853297442799462,0.1296761085261905,0.17869750832634568,0.26922916020968884,0.001715949840956307,4.85374522702401e-08,0.06493415961152058,0.09031488997876581,0.048502517890272934
0,33,0.8221818135218346,0.8501563801217789,0.056027732884158424,0.5126321856545942,0.2294747574658438,0.14563362206209324,0.8807603907805263,0.30011447342567704,0.8433030925179368,0.8461980242480466,0.8023563141859797,0.38923198574037143,0.2396514996871849,0.44095796578646784,0.5424303814349101,0.056027732884158445,0.44391529614042313,0.1425253260589765,0.4247423858767069,0.11636976052891698,0.9409862223857015,0.2882096521229636,0.1852758001758633,0.8604429109392735,0.1852758001758633,0.3286752300658698,0.2323168125069597,0.8147241998241359,0.8147241998241359,0.9073620999120706,0.8610431498681006,0.29127888184614037,0.8632491742004219,0.1852758001758633,0.5461558636604327,0.4209067252216571,0.5424386592010327,0.9185652165761963,0.5819131757244672,0.5461558636604327,0.5371161083903879,0.298238924376142,0.09610280606001148,0.38370692279386875,0.3437334406003839,0.4205833138976899,0.15076109668308602,0.1383811956057274,0.05721988947161884,0.13952934317811239,0.6985486502938199,0.17501766853330608,0.3204450043849296,0.33708343343515146,0.06482398718267596,0.3953564485421218,0.4194900564107181,0.13262303796341338,0.13833859990277103,0.234876740829014,0.45686259365103893,0.43887147335423193,0.019085447668843975,0.023122404752573794,0.016552329756604332,0.12864691418307386,0.07499189276834936,0.1557993970493013,0.025193573988399966,0.04561024183533928,0.0038447956429789702,0.7014560000097431,0.3088807785888077,0.012210896746192027,0.545098983022907,0.07758952145482337,0.5291333351416727,0.6242076360974484,0.06855285760738465,0.30669302208788735,0.4240490171049272,0.6629956176471845,0.4028277647307428,0.11964118316046272,0.1394554301687545,0.25876635952523197,0.3609657560588826,0.1320563549036935,0.0007909515811610638,5.5116401090725653e-08,0.2729420327775433,0.05066470819895382,0.13737815126050415
0,33,0.5836277536649158,0.7989709313550606,0.025652437921102403,0.7040815081772313,0.7805421410994424,0.04136317366792913,0.8107199736361976,0.8432283750800861,0.7145833397560057,0.7419882332917555,0.5777562402944636,0.6622548371366337,0.8076101076089788,0.1683506603101096,0.5984615398069068,0.025652437921102417,0.19489216132450216,0.7726211932682322,0.6079025157104807,0.2800886972839641,0.6078855751089085,0.5262902240971777,0.1415853085194768,0.9397472670354932,0.1415853085194768,0.2675676836059101,0.1793660814087842,0.8584146914805224,0.8584146914805224,0.929207345740263,0.8938110186103891,0.1684056980726557,0.960121497259435,0.1415853085194768,0.698088539663066,0.20052816003108237,0.6878702884199399,0.9685602808142078,0.25818548307045264,0.6980885396630658,0.691874881024179,0.526889737467107,0.08856726439496193,0.18547223802585033,0.551283485799168,0.5764674635741812,0.0849885106907083,0.1336219527677919,0.02170818749842622,0.1112271794356804,0.6920612346175554,0.2526737867993457,0.5257776288096359,0.42067099938534913,0.015761271495688997,0.36944919228422235,0.45955128363127873,0.14037442339639408,0.19042938030827306,0.11972225304241213,0.6681191993014907,0.5302810779484207,0.005593713824994588,0.011254543050293848,0.0030522099752837615,0.1317972038230217,0.22819472616632858,0.2949134656588241,0.06162427823430955,0.04755810144404001,0.026174684309563313,0.6305190018088731,0.47091351470913523,0.002160877508762646,0.6525850975900108,0.08687093452408583,0.548430787202663,0.6142073265094754,0.05547470947169193,0.5273671606725887,0.6088843502680623,0.5775537572361968,0.5589685958668914,0.07400212557579429,0.1021091963218477,0.3130190908487879,0.4954192469949818,0.1257469399636067,0.000428767808037663,1.0274916236687188e-07,0.14698962089018539,0.06347046643455727,0.24585300753074255
0,33,0.6038684049568188,0.7390706095878008,0.002939245170669174,0.6097387843653643,0.7161800471980895,0.028086990268591627,0.7249380079959584,0.6511193364724978,0.6920359125286987,0.7277309020733687,0.6124634327922555,0.4110014784181236,0.6612519881420322,0.08036090294067255,0.5667945084175492,0.0029392451706691768,0.2379572686648126,0.44205281549835523,0.6191639177116901,0.07688750858682325,0.7571492938064128,0.40020424507272623,0.11908287329892381,0.9333942216823177,0.11908287329892381,0.23391015917072597,0.15166523292742126,0.8809171267010765,0.8809171267010765,0.9404585633505391,0.9106878450258051,0.17261805928574836,0.9322804213911083,0.11908287329892381,0.7142207733438213,0.23788006070064244,0.5890470357045315,0.9521554998876226,0.24917702536860464,0.7142207733438213,0.5927252793875375,0.40168819883588647,0.031773480247131475,0.2540870806022749,0.41671978942546234,0.6095255061017715,0.08168417495186615,0.1302658133598561,0.015860104945785325,0.07264164795632962,0.6036686012625729,0.08762486542255346,0.5002194296025197,0.4261248584274292,0.015150872440111986,0.3791815419968134,0.5375446027883185,0.09510778142231466,0.0663564376799671,0.18979340026327285,0.6355140186915889,0.5759757483895414,0.007661220951685653,0.013828399641963833,0.004433490926078877,0.1083828889315174,0.03429982621421385,0.15255504653469787,0.2592931468405974,0.10636177351421387,0.23350645409309287,0.5712304973613817,0.4543795620437959,0.0043486501092617645,0.5947427975753482,0.03004187503210523,0.5030216333676096,0.6134740473772216,0.018891694809288213,0.4099368336823763,0.6227882406080006,0.5720434053484333,0.5587831420240256,0.05396925921209157,0.07319598302101671,0.3920503491677775,0.525731915330026,0.18597997234082442,0.00018938102991405652,2.4530863323038606e-07,0.1795962423360203,0.04508847057527886,0.6685855115758027
0,35,0.8282817986713937,0.8758926926927431,0.02716966187509253,0.5568916893969312,0.3294683929775952,0.0731217031091833,0.8756729691182401,0.3512710781019227,0.8538995029062815,0.8547611760119164,0.8320152268015977,0.32215331650142287,0.315525610651171,0.4706502415286302,0.6064738705644108,0.027169661875092545,0.30628155706140614,0.16722006890832983,0.10873551545650492,0.08408149911830749,0.9317589771660734,0.372817195659859,0.0,0.9999999999999991,0.0,0.0,0.0,1.0,1.0,1.0,1.0,0.0,0.9523717191313067,0.0,0.1555182045372957,0.3341607847950124,0.4659460087740357,0.9999999999999988,0.4168042468090575,0.1555182045372956,0.4797055853895373,0.36421108547414144,0.035793650669458346,0.34492323364717503,0.33688858866495064,0.09384469536332661,0.14766456485829466,0.04566824841072226,0.2403455655626931,0.7406618696029232,0.4956089743099403,0.09282011405906446,0.6315758627514072,0.24951550720161075,0.023309942504313112,0.11129549748693257,0.06100944974198513,0.49503157743922244,0.07225328147788042,0.38275770688727184,0.31327720707499807,0.08060904612628747,0.012064371238979084,0.00687083018342073,0.033706248404458176,0.7655162792319898,0.11755485893416927,0.5474388520264295,0.0009529021998776759,0.0007911154709439557,0.0019172742650955395,0.34301938503010265,0.3088807785888077,0.0032387584732515773,0.4175910547250522,0.04283798952035687,0.8201798748102818,0.5101125080800166,0.025483054196741635,0.3651107405808184,0.10531018636711768,0.7452640292896491,0.11628077859581887,0.6696374927146571,0.7204679573454809,0.14791647848373435,0.07559057396486503,0.6552340465307873,0.0,1.0,0.0,0.0,0.0
0,35,0.6991202610278948,0.7963885290999573,0.039908233802723396,0.4983663742981855,0.2102561244415328,0.1921766485512182,0.8349385191272252,0.39893867495746416,0.7558124926179721,0.7639500806948957,0.6307964220793532,0.6143958873441869,0.26767523507772206,0.22288086135363772,0.48601701277390663,0.03990823380272341,0.4947194194498097,0.28240982950385113,0.27433466462609185,0.14624191520542543,0.7144132148394756,0.2805695056785488,0.09853433229036034,0.9219156150019643,0.09853433229036034,0.20158508863601574,0.12610542783070205,0.9014656677096404,0.9014656677096404,0.9507328338548184,0.9260992507822312,0.17268227534987857,0.8937150906399612,0.09853433229036034,0.3868204137048501,0.48836027501547624,0.48414467940460637,0.9999999999998029,0.6448981876941301,0.3868204137048501,0.48709199650750834,0.2829649088188943,0.14188602636692985,0.46856694537853105,0.29731718281471137,0.2618420451133,0.18270729450369017,0.11580707413141256,0.12031280829032055,0.31025955980512976,0.5368560196364824,0.2869470096231047,0.564345530079245,0.3114287675464188,0.09190798293491682,0.2734893468615899,0.19792937535442812,0.2996626623006974,0.24564463569518719,0.34661628192840077,0.36863865362149534,0.23706896551724138,0.016323854010820243,0.015962928066687705,0.020219059623686093,0.3501942259735278,0.3218824316290131,0.4549514269165964,0.12194130856117437,0.02824953603732637,0.1211843272286326,0.5098702162309037,0.3452554744525551,0.011009751346251108,0.4615107876915351,0.11594461199075647,0.7023096359641579,0.5926433837650915,0.09891440134128568,0.2870055207342886,0.2750702067909114,0.6870075827078419,0.2712716296627141,0.2686143115524231,0.3009214204368982,0.2585541855662671,0.21355552393798288,0.34524690908669964,0.000583323453533253,8.060847950131658e-08,0.15199443759376433,0.02573246596847264,0.18332382216323817
0,37,0.8214688926514297,0.810620123447309,0.024721757219936004,0.10977654535890835,0.18896338754696568,0.1963358877524466,0.8094704235971952,0.22005143214611914,0.8077546971294964,0.801532389792412,0.7957605876544833,0.24742227144682846,0.18595636196979004,0.3424057676031135,0.5122348402441393,0.02472175721993601,0.9169013701615452,0.08310702620470099,0.3086794966999445,0.023715679270116145,0.7801810993825575,0.04035658621604924,0.047216158838321844,0.7576878155478428,0.047216158838321844,0.10916842190964768,0.06104419950628365,0.9527838411616791,0.9527838411616791,0.9527838411616791,0.9527838411616774,0.3505491906661645,0.47360389930612007,0.047216158838321844,0.44228312120558544,0.9048096770920777,0.12429560120445507,0.805427317913955,0.9437006173071935,0.44228312120558544,0.12252750960205716,0.04367635559443068,0.10176553312556627,0.8849763183955899,0.059153625573533875,0.2929569753122593,0.07674220570534167,0.06378736339083699,0.03734949629869762,0.1904186595723768,0.14098394671740794,0.17512706442542875,0.8507798804953148,0.42047460002926307,0.003283701582986104,0.258860850687644,0.2270757609158467,0.15711894618372765,0.21000445632798576,0.8367197277606891,0.08287181262259138,0.2791461412151067,0.006473332351334239,0.007066839176560612,0.00589451571513774,0.18799155956263194,0.26010701545778836,0.6879777840182221,0.0033672724623765083,0.004028994080272262,0.0011333124428229769,0.1860122867182601,0.42566269688820535,0.001935606495915992,0.16449385191872834,0.05183411587616175,0.6883968625586196,0.5272726638853562,0.06336056301214993,0.043735614340954056,0.3072840385364739,0.5711756038171591,0.2796851220072599,0.1448060647274511,0.1843549239596558,0.2568265297073714,0.2489554782921155,0.18723904700887967,0.00018553013753565162,4.7136152165413344e-07,0.016389327862689557,0.004716530825412262,0.3719512195121951
0,37,0.695925904218215,0.7610818755629084,0.01623990577880699,0.5268276567834808,0.33937279520168856,0.08875353862806167,0.7772418259199732,0.3870463492155066,0.7338949053647525,0.7330520415448316,0.6693463451713987,0.41665735977672413,0.34505930030732024,0.15865849345060756,0.6010489548447487,0.016239905778806997,0.35723517669524574,0.20063831157844406,0.22405721446038485,0.08567707498483249,0.6830207736742248,0.32782706768411085,0.14603163960862617,0.9016432381830464,0.14603163960862617,0.26692804506637324,0.1834079327923902,0.8539683603913719,0.8539683603913719,0.8539683603913772,0.8539683603913755,0.22521290189917365,0.8896938341736236,0.14603163960862617,0.32291952781996425,0.34437658729685566,0.535304233203922,0.9210211447217134,0.47733332423796127,0.32291952781996425,0.5342913371703144,0.33340825282826747,0.0806064667293173,0.34606981424880723,0.3362989327032148,0.2111921932109464,0.06884911347883653,0.04345927755436998,0.07924061589899267,0.4163741665979279,0.5859595132838606,0.18646659705556234,0.5133298505849457,0.46296232739586574,0.010155394710250345,0.45146359676709646,0.21991809829326447,0.44716899689608125,0.17175133689839575,0.283011352320255,0.36390280373831774,0.18916256157635464,0.005605801684661642,0.0051185060381622495,0.009180246480467516,0.44974486859773644,0.14447086801426873,0.2620050547598989,0.04921563175019675,0.022950364977787532,0.036259894493536116,0.5987590294931885,0.47711374695863684,0.0023365408936666977,0.5898994889082066,0.05786928204186882,0.44482762922500396,0.6564329775985549,0.04817185420572939,0.3382933566851573,0.22431069696196065,0.5386743702768095,0.20010109451015987,0.32399944047335516,0.4045967491458744,0.3678581484568332,0.208457090715657,0.4735716356024128,0.0015105570539682774,8.524465840740114e-08,0.062241470606343316,0.1348988340426684,0.07963446475195819
0,37,0.6872519459349749,0.7689625354293295,0.016754273775754672,0.45693573834967843,0.2651715381803316,0.12739911610183002,0.8088588859805924,0.40240830743184497,0.7449637244282905,0.75677808025615,0.6875344715265004,0.4506959437754823,0.3178949329899108,0.19102871689260315,0.5406509904015419,0.01675427377575468,0.4707088810266151,0.2398048017252086,0.250008539046132,0.09223924387522223,0.6645672235009314,0.26922705163316113,0.07409798294033161,0.938266435378525,0.07409798294033161,0.16009930239118125,0.09531848981172919,0.9259020170596681,0.9259020170596681,0.9259020170596663,0.9259020170596681,0.15505756612900823,0.8768935410339008,0.07409798294033161,0.35882284284503774,0.48301523172601507,0.43195877608354344,0.9504289672007898,0.625621958195348,0.35882284284503774,0.4361797221412525,0.26968402588743845,0.06621300269715803,0.42596899099688446,0.2952089074226457,0.22883430668858368,0.24770429525794968,0.1485943485806259,0.1558976299748377,0.3676205028151217,0.4439051569469267,0.15826849092857836,0.6987688388148161,0.26954169487717905,0.14554972419180842,0.15713793341413018,0.15260068065831167,0.2594455376026038,0.09623281130634073,0.3649122664401351,0.32233454129315275,0.21111893033075296,0.027734791887199583,0.026196881589174412,0.03530716156293879,0.38587596941711655,0.09236453201970443,0.33376889087564254,0.00305099984550808,0.003208150082363652,0.0017021222346574794,0.4911450508744842,0.25597213005972097,0.018483633207559986,0.3773455754261822,0.06460694398850006,0.7984223738096252,0.49016938348622463,0.049831230914075944,0.27857104621958073,0.24757467449578757,0.7227715152109968,0.25448081605601747,0.3070350310756593,0.3428455797231033,0.15508114592295685,0.17558734379490754,0.31310990749477385,0.0005237539659983858,2.2887605664993413e-07,0.028145325674828196,0.05078266936484546,0.19003115264797502
0,39,0.8147427561029668,0.8416911205205011,0.05883897002916017,0.31918626986676685,0.2543318954908943,0.078378640379631,0.8452498596835349,0.30167686370727437,0.8142843037421836,0.7972696197692142,0.8246203110012519,0.2702944332855882,0.2711952459121838,0.36257112846860295,0.7948307376183588,0.0588389700291602,0.6728458412940852,0.12106688628075249,0.03499201532726132,0.07378705808402337,0.9325591674297741,0.1580053770593799,0.09498545279680617,0.8690790537503263,0.09498545279680617,0.19594613320948953,0.1216737056553315,0.9050145472031925,0.9050145472031925,0.9050145472031872,0.9050145472031925,0.26004471203503177,0.7546372189183557,0.09498545279680617,0.051649307292703894,0.6715912022179018,0.3233969419392914,0.894872642452453,0.7882891749083502,0.051649307292703894,0.3220060900333007,0.1629105074637578,0.15969939075931833,0.59202820263875,0.20980906374278102,0.048124625652418665,0.17947601345025005,0.021681965535357894,0.37716422509885217,0.8670084612194853,0.4290853844322791,0.29279301142036085,0.6003321201856611,0.35890340189630476,0.11122662070767486,0.31655057291660416,0.08615033430667123,0.6971402865131605,0.3084499842717836,0.49121561414377946,0.2582301199754228,0.060851926977687626,0.015142487974114185,0.003512950729423583,0.06150222035657235,0.8229877794202276,0.3619640484017626,0.4807502266479712,0.014348400516092399,0.010959940838009618,0.006727551661628842,0.4547052692752701,0.3969458317326162,0.011956190917892006,0.3643097408992555,0.10467887325289178,0.6136909760380798,0.5851074592360102,0.11062078414951067,0.17218440476114652,0.03757910860889778,0.6377359812659082,0.03150732559206451,0.8130128443630724,0.9002511974106504,0.2442086933338775,0.051672924969356965,0.864179996858976,0.0024534554049670215,9.355585581956271e-08,0.03634023129307548,0.0428551772050053,0.0805812417437252
0,39,0.7464665891052874,0.8092527518791746,0.07989011813411534,0.3076727041699755,0.2991862349449508,0.09573433985670769,0.8137970021446483,0.36219507822596425,0.7923293746204247,0.8014753188423638,0.7418642437016495,0.3586742845583809,0.3091986606078208,0.3092962214146563,0.5184531909533312,0.07989011813411537,0.6995964878059484,0.18157287495593066,0.2841963046063618,0.07713625643678951,0.7004267674079542,0.1583424632262329,0.07898745713572991,0.8909079199221501,0.07898745713572991,0.16861916780741046,0.10150389235510632,0.9210125428642684,0.9210125428642684,0.9605062714321342,0.9407594071482048,0.21997924041424333,0.773608322789217,0.07898745713572991,0.4069472405836667,0.6820129650191562,0.320420863062074,0.9313414828260483,0.7955438151026358,0.4069472405836667,0.3207848549134388,0.16179934682208844,0.26910414053231063,0.6782199307711116,0.16868149571782926,0.27378007631586987,0.10367398938104604,0.07329826282728563,0.06734790118488497,0.2509079974353371,0.42037232755107096,0.4559922103275474,0.6091632702671761,0.35916413897248767,0.017970096918834486,0.3094816373022241,0.235752048964032,0.22279995347626216,0.5171240956275558,0.5800509831028021,0.22589442593969966,0.26465758717280014,0.008536690101303864,0.008575853876144327,0.010091234587241388,0.25511259558494415,0.5604322585157725,0.4866208868535107,0.029883787034820756,0.023963273500746986,0.018148891563249104,0.43760459872134516,0.3885288195318396,0.0031681930361966587,0.3505863917992187,0.1643124433800939,0.6326860510268959,0.6000099557489058,0.17653605115554696,0.15918133667225073,0.2836838537585943,0.6385973704705965,0.2691055706892329,0.21578352421019664,0.24956892089207494,0.2562479429854333,0.2324838756025709,0.2547562512890731,0.0006186205740643038,6.243314528108954e-08,0.11285486598983469,0.011048843977678495,0.14657407847800236
0,39,0.7850219196572663,0.7916792161048181,0.04751650453226278,0.006918125121613534,0.20555565318925934,0.07443603434422409,0.7961846203930449,0.23406853857246926,0.7820288989932014,0.777079276501968,0.804487826160637,0.20217196333752188,0.21366257338032243,0.2736289120054194,0.7271485048180913,0.047516504532262784,0.9968813887397694,0.07737023779201727,0.3178566121846611,6.946826621686784e-05,0.8154879011990166,0.0004020458030786833,0.004367805472537434,0.06492316088544031,0.004367805472537434,0.01427586118688847,0.005713796294623945,0.9956321945274613,0.9956321945274613,0.9956321945274631,0.9956321945274613,0.999941677721521,0.0008562501411269084,0.004367805472537434,0.45468585567523334,0.9971268984037505,0.005877708748199948,0.0,0.9983422699949746,0.45468585567523334,0.005548174371740844,0.0007860438183552712,0.20877330209239528,0.9864263103736368,0.006980588193748655,0.3034881558460207,0.2187998608964561,0.1487476935687122,0.09403433130439946,0.16131593128362293,0.1199727016545144,0.317690163418739,0.8044822882491756,0.25806706249785527,0.11608193060566137,0.1357838137332933,0.19257806350537965,0.09934601196051826,0.3258175647881531,0.8849138352646694,0.05841121495327094,0.284198560060629,0.025942920871176875,0.026759635568421338,0.02447334241497119,0.1732945742153492,0.25038873136376105,0.4423064460651136,0.11610266291040247,0.027012175714775724,0.11516700013688848,0.3217619685369422,0.2634124087591245,0.01699738652613862,0.06193161049508322,0.12290247419131076,0.8149821128932409,0.5002321604320654,0.14939928288101875,0.0016413553342810693,0.3156146285422517,0.7355418627773109,0.3195007347962021,0.1516542509836895,0.1622424681644063,0.18244579176771392,0.2270355226463618,0.16779890464338149,4.567298190347335e-05,1.886596773446828e-06,0.00199550559895475,3.1273007814103724e-05,1.0
0,41,0.8387667090778863,0.8455029632418201,0.13017914679913517,0.41475816089052225,0.21988685747527367,0.08769484605316653,0.8521382040832617,0.25306594457813103,0.8393900424880283,0.8346070525799223,0.8516422944876685,0.2341175359494507,0.22549758906048295,0.4271407269097012,0.6429014700810647,0.1301791467991352,0.5357162098912089,0.09187621228374969,0.05793739057749528,0.08727995162784198,0.9585616931130511,0.23902063786101357,0.1466580951850499,0.8667570507008484,0.1466580951850499,0.2753190292402517,0.18564998645474337,0.8533419048149504,0.8533419048149504,0.8533419048149504,0.8533419048149486,0.2791601268153404,0.8251580798318283,0.1466580951850499,0.08533838775545588,0.502315313577997,0.4480183821858985,0.893008112353939,0.652148826283545,0.08533838775545588,0.4443557409317678,0.24670823645901144,0.26662291007646416,0.5148939989702552,0.24947713677848102,0.05988666189415297,0.14244864051308304,0.026563739236556354,0.28439451224218254,0.834504285285146,0.5967231699686391,0.4399808770229276,0.3852041998525171,0.3323750476955719,0.06044531071428756,0.3569698629584932,0.09437453109810119,0.7262518285270254,0.43559295375904383,0.4089606428854252,0.29997808175863344,0.07534048101999419,0.017365715140512394,0.006108875571788439,0.062289966553333895,0.78084201261552,0.2360635098272365,0.18620503357693732,0.09909425236040698,0.07385426606668646,0.03884932972617215,0.714372797533031,0.3179744525547449,0.010653828343695179,0.4683663233217431,0.18745774452331976,0.574443500541457,0.6070943812117866,0.1802075183650479,0.24435705893622153,0.05742502515430477,0.6665320425820416,0.05666437696146939,0.7684366845358407,0.8475728214466239,0.2720207482034832,0.07110377770987537,0.8319671981697874,0.010249114021436061,2.080167881755968e-08,0.059976828189189244,0.09711128365819188,0.02820157189089226
0,41,0.7857774182544475,0.8329736514730839,0.12415039780499652,0.293811123056133,0.37588170927959214,0.05676153869615973,0.8563498967983232,0.37014763948484825,0.8152942943049082,0.8224025602427629,0.7875031771214087,0.3644844739847869,0.3447111807169978,0.36894347174007547,0.6150137510919065,0.12415039780499654,0.7301464115656096,0.17136664756194012,0.3641678943805127,0.07175126485454472,0.9112306895389908,0.13868124519198058,0.10923065231760871,0.8316101339617759,0.10923065231760871,0.21794824292425458,0.13933818211320162,0.8907693476823919,0.8907693476823919,0.9453846738411968,0.9180770107617953,0.30706952295532464,0.7266010129966627,0.10923065231760871,0.4946672859519632,0.703913097838645,0.3215757919348691,0.878244489483067,0.8131047742629872,0.4946672859519632,0.31849032790025195,0.14531509684798188,0.3200215520898064,0.67376494490784,0.174998631183322,0.35331623456790195,0.2593819843097105,0.18979660438236867,0.1063091617608307,0.15361589672453996,0.49938590780975617,0.48086161914393594,0.434972162156144,0.2659344933703994,0.16125294216351133,0.2725997204764651,0.30466443711359376,0.1255507889171727,0.4883264462809918,0.44139572473298105,0.32580829535799805,0.36005373936408414,0.027507527710584314,0.030387383481957606,0.02514326858634545,0.16106935458556412,0.3137498648794725,0.2355197838846456,0.17904339068765396,0.16251847354824772,0.08931376458758342,0.6459885748495302,0.3088807785888077,0.022973358518983255,0.34778439260529215,0.21565942308619274,0.6465532966194705,0.6054497089248141,0.23615111487480847,0.14460207959817384,0.36097523615011484,0.7352611703058258,0.3622671104259416,0.14134818418420236,0.15249197639507195,0.25466655463556764,0.30003165867267195,0.16583147609847282,0.0010748998615732633,2.830597736112169e-08,0.17052720636728208,0.015301575763250459,0.07313598040930558
0,41,0.7934602332508257,0.7926712808731116,0.042576200013739594,0.04777384688532388,0.21541851494923323,0.0960214920032914,0.7854589364965832,0.22700785521799274,0.7948858136230451,0.7969159800824182,0.7965441308831369,0.19397773823489692,0.21290453741664397,0.3073590875487996,0.5450873473909875,0.04257620001373961,0.970022190128617,0.07221955095125547,0.31525874468621917,0.0036173708718553505,0.8096080207481878,0.008173782970661592,0.04130317092297057,0.16952685273184093,0.04130317092297057,0.09978576116426088,0.053570463194986394,0.958696829077029,0.958696829077029,0.9586968290770272,0.9586968290770308,0.7812762185171075,0.14881833312883005,0.04130317092297057,0.4515933033973787,0.9651388499661515,0.05498291060048535,0.3363592999764704,0.979736038882061,0.4515933033973787,0.05184907414752037,0.011704052366467549,0.17577890236149038,0.9130795856501293,0.04470086136550448,0.29595368021709717,0.1086418758380913,0.08358563213276471,0.04800036455894374,0.18213731938193156,0.20286434720733976,0.2533112126110968,0.64487873878689,0.3410637937184938,0.015567365172319115,0.255634238134548,0.21031440055831563,0.20737983904363202,0.35765374331550803,0.80636880656797,0.098276220145379,0.2758620689655172,0.006806117298254223,0.007463989988337694,0.005979476953287889,0.1975446000383657,0.32996432818073723,0.5015445099691097,0.013702059338219882,0.005480465174577391,0.01235728501787843,0.26694689580629016,0.40477770404777647,0.0016099877007222853,0.09800492444757791,0.09632320214676862,0.7339650312853319,0.6047681616638305,0.1197650954667781,0.015777611903710523,0.31286699004340046,0.6574467218472528,0.3028777116621282,0.14262354448776177,0.16953571327730138,0.24424867313593335,0.2407416680534582,0.19979100359204188,0.00029481296143697374,2.8228207862689335e-07,0.015409009981268,0.0019433592460361927,0.18749999999999997
0,43,0.8031288877767871,0.8256872902581927,0.07651294679843763,0.18413796851084352,0.28587724122636404,0.06784632887796561,0.8428628960534952,0.28431183367780627,0.8068647774214237,0.7988740912570068,0.8414342657630381,0.23334270122199943,0.2632990671798093,0.34207629168146647,0.780238822144877,0.07651294679843765,0.8402018366486033,0.10987350469892083,0.016259755579709642,0.04318376749545159,0.8813451469612673,0.07784853511146575,0.06815177168219201,0.8140264714674119,0.06815177168219201,0.1499894007515004,0.08781974923819601,0.9318482283178078,0.9318482283178078,0.9318482283178078,0.9318482283178078,0.3128679007118752,0.6033499391063013,0.06815177168219201,0.024404991637929363,0.8276744512486507,0.19919363298169085,0.8506663281279503,0.8955479392361739,0.024404991637929363,0.1972258431022343,0.08218789094976371,0.24587321419224345,0.7842150190247172,0.11097248663021947,0.023166932426749554,0.18294907008036693,0.01821862015708267,0.3945389962536136,0.9359785982646334,0.3378752095332153,0.3796497330894792,0.592459597428834,0.31325980644514384,0.0943160925691813,0.246329436334786,0.04742582434066536,0.7263532231881223,0.44420079561758186,0.6667772867342053,0.16912496455714499,0.03604469542232372,0.015698306498674798,0.0033804174650468163,0.06470130999572068,0.8951495557541417,0.417621298686233,0.4537291007529016,0.02215844671875144,0.0175299757313161,0.008778645379647298,0.4132884558632554,0.34739516244453966,0.010329559849835475,0.2357205981067193,0.14851311916186857,0.6921564052149329,0.5592696326408939,0.17238302818250514,0.08410332226073966,0.017097418492543814,0.6825930556563076,0.017640052692882588,0.8771530961152124,0.9546171507219723,0.2085824272550868,0.029103560544175164,0.8972872492782199,0.0019063794832166964,9.225298453487822e-08,0.027401589602238718,0.014484232897219914,0.08677098150782357
0,43,0.7452647552824259,0.8168244517519571,0.09082741225546327,0.49958375764188573,0.3737650215917953,0.07113386694631642,0.8390044217024911,0.4213309611132366,0.7725036669535681,0.7614159145318693,0.7439232249193212,0.4093332583981095,0.3773865006821413,0.26125502212593543,0.7667626123027872,0.09082741225546329,0.5328764173234581,0.22764452854759515,0.30885607849181235,0.16301229542367637,0.7835687298359209,0.258653418120558,0.23649432507073667,0.8068395575563512,0.23649432507073667,0.39072219791573337,0.29200864563048884,0.7635056749292648,0.7635056749292648,0.8817528374646351,0.8226292561969473,0.3506353152586831,0.8378192981861048,0.23649432507073667,0.4283872894053018,0.48868578463866846,0.558397271341419,0.8949434417018846,0.6605835272059873,0.4283872894053016,0.5476463808392679,0.27397670146347564,0.2661149645336863,0.42669671476293924,0.348058764280826,0.2964920367650048,0.37506898104384956,0.23829452510931745,0.1856055060472362,0.2739791453533974,0.7189901304853565,0.43540462780607436,0.2979441460291383,0.3146441523378064,0.31288254992111775,0.3433791080597175,0.24675596847585463,0.30145288868941866,0.39347876388317565,0.30372870335125024,0.44100467289719625,0.28609321712769986,0.050307637900926586,0.05124640355439651,0.050816664226618874,0.29025808260414065,0.267538644470868,0.21019376579612467,0.041114324121774626,0.035816038460834476,0.012568250204099239,0.729044279465973,0.28705596107055953,0.05037913730168096,0.5290190846357751,0.2065500646577869,0.5678797847252337,0.567903047239446,0.19896508389880901,0.2788553435298879,0.3107633392902731,0.6818173237351133,0.3059942080769952,0.20910774607323318,0.24800496945853612,0.242920180544406,0.24262858974065743,0.2716853250690826,0.0024431857096278947,6.6189552701498925e-09,0.28908113994555384,0.056729584775582674,0.04193132563006094
0,43,0.7597330464214423,0.7758020765620413,0.10434522327576431,0.21427321863115875,0.22089381391357737,0.10443006944638665,0.8134848236303043,0.25326028255543087,0.7702440279112529,0.7714450146608436,0.7717418390226809,0.30151631160466863,0.220965742061441,0.2439906729621496,0.6347484588604088,0.10434522327576434,0.8104008914780307,0.09597650290677946,0.29610768928325065,0.0521083265882276,0.7367221399327041,0.09727814992090844,0.07981360434110366,0.8244551553379527,0.07981360434110366,0.17018025591462901,0.1025502470316323,0.9201863956588969,0.9201863956588969,0.960093197829444,0.9401397967441731,0.3063706548987647,0.6501432147304522,0.07981360434110366,0.42468135310202215,0.7877516377722575,0.23728227662658338,0.8644433129149238,0.8695853118188442,0.42468135310202215,0.2350959922068861,0.10221902840763775,0.3880397356006672,0.7717845808095125,0.11860890906923138,0.28325154240570904,0.33256398618599226,0.20793300760428884,0.16507048515170858,0.22186874023945968,0.4228154422804115,0.5669147472402614,0.499755337830601,0.19752205100044595,0.2100260954449192,0.12880409295582462,0.17689606237338096,0.15913345566056444,0.5604553318653664,0.6709801149665829,0.17610049334008845,0.2762484304066454,0.03902457353152694,0.03887332056952507,0.041254242766704294,0.22139598214117798,0.34098062530600826,0.28337458180655667,0.022998289967290475,0.03219856922079331,0.008938880229741803,0.5548775892385829,0.21794403892943987,0.027856888477815565,0.24772807287240306,0.2763424496061363,0.7651079497730875,0.476246027900721,0.30297700971303493,0.10006825360686852,0.29617904859160926,0.7977280039599064,0.3137677435673315,0.20668426413452523,0.21493598371121925,0.12853938477278315,0.20496154077680134,0.18549132608691238,0.0008410380232135645,3.881095369675054e-08,0.12131139025346831,0.006972019465711006,0.08891388089439888
0,45,0.8065820781941652,0.8234005187229038,0.09775324333123922,0.18974937256681254,0.23393764428611216,0.10521755388050717,0.8484389750785404,0.261949012779736,0.8119116499627543,0.8095492642099622,0.7911606943359082,0.34045005407238194,0.23790132953478121,0.3548907007475114,0.6767706649709722,0.09775324333123925,0.8585676290891084,0.10234343920617471,0.33038125020748027,0.04355566609785859,0.8394012533899163,0.06817302430090592,0.05768560064183531,0.8190354291806325,0.05768560064183531,0.1309350502642184,0.07452142438299378,0.9423143993581657,0.9423143993581657,0.9711571996790838,0.9567357995186239,0.285571837277633,0.6130910884996853,0.05768560064183531,0.463763667768746,0.8538721561650298,0.19511470779998935,0.8795869075191779,0.9127489184132113,0.463763667768746,0.19423201114360164,0.0717933516246737,0.29729346377217647,0.7925220660298595,0.11083410972374574,0.3288845704813531,0.1779849303185972,0.1274399173468135,0.07779682017311616,0.16165820294609945,0.35160488370002657,0.45348001619092315,0.59847303693276,0.2932553332587876,0.08515725125269227,0.24575252944543313,0.2804273344286208,0.10605162041750715,0.5124389676819344,0.6926307429401429,0.16496033779128313,0.3319768687085029,0.020301500744103314,0.021268356834874325,0.01912752109166752,0.14507210235281362,0.43232693997828675,0.4137418122922714,0.006937510488014824,0.011455814296783653,0.0009168582525872309,0.44053306095940054,0.3135742877325173,0.014100872698164122,0.21188550812577034,0.1877174246336006,0.7549331077259496,0.5697607437490433,0.2139804902229113,0.07654218038617529,0.33040221696986666,0.7040936050849997,0.32256263545045427,0.15220188492132275,0.1662731398762311,0.20421753404345566,0.2649388431443091,0.14397323000908635,0.00045786697087122307,8.365792250917729e-08,0.08321475948748111,0.004272539708908903,0.15718256278871162
0,45,0.799972985155505,0.7979698439231071,0.11724576065714867,0.06282680247223703,0.1972528809795616,0.12167458245616856,0.8431801033049806,0.2089598916700763,0.7960699176241206,0.7908825358424147,0.8084471201284287,0.29639003614342285,0.1869243698838776,0.31018764721585723,0.7348463421218447,0.1172457606571487,0.9613244063155686,0.06819433725768961,0.32344359309520826,0.0121682074510899,0.8317242214129005,0.018801597042564268,0.011103274531480018,0.8705010431926317,0.011103274531480018,0.032993712951148085,0.014504720454035882,0.9888967254685195,0.9888967254685195,0.9944483627342571,0.9916725441013874,0.18134983626195889,0.40150785592267807,0.011103274531480018,0.45944744163813056,0.9610720645737516,0.05889231979065734,0.954835998536288,0.977313816475537,0.45944744163813056,0.059352503832685345,0.019367324067109136,0.4554874283858083,0.9470026233453483,0.027547091391861057,0.3098154897602343,0.12042703040671769,0.09206451144328157,0.051876471581883535,0.15965286090909853,0.1872757188673922,0.672966591012878,0.7153244842611672,0.3075094764202849,0.016855063396322825,0.18237367606399246,0.21312386927574106,0.10988409818336634,0.8639757301522007,0.9064579653031232,0.04859813084112139,0.2985979537703675,0.013094248066251767,0.013909315566609005,0.011996575538452299,0.1510041464386371,0.8279978048111223,0.5648120915439947,0.017827899375599334,0.013794580661547751,0.007846904719039469,0.2741519972233549,0.33605223814967833,0.006349456574453397,0.1111986571307616,0.25458179345977855,0.7662951391430541,0.5423500628412721,0.3103356228829521,0.020434329676054602,0.3213102601880588,0.6872538419298129,0.31467860000232606,0.14400989365891487,0.16089495158395256,0.19752082882221889,0.2422215082395952,0.14840141937908102,0.00012292142680177536,3.413168042263025e-07,0.014300145366474995,0.00024026599973275795,0.5304111467205951
0,45,0.75733448030446,0.7680479976946419,0.06463206566731217,0.21956250453212425,0.15388164265455323,0.12816767167507498,0.8065895657267822,0.21830845664485013,0.7699119696396042,0.7705440315408192,0.7654027899937959,0.2985779952074842,0.17643689534824528,0.24188667505149264,0.6075894323395912,0.06463206566731217,0.7995557887823088,0.08195733333951816,0.29499197004449856,0.05425063794387466,0.7324048491843574,0.10152395971560191,0.06870633611280348,0.8538683478458213,0.06870633611280348,0.15142316965240823,0.08856874703543292,0.931293663887196,0.931293663887196,0.931293663887196,0.9312936638871978,0.268546546042258,0.6673361964030105,0.06870633611280348,0.42306913112326006,0.7851113875890863,0.23342916715318332,0.8826586968312126,0.8675697225310429,0.42306913112326006,0.23240848914477572,0.10536672536549761,0.2944014170338331,0.7624172509448799,0.12218250002353077,0.2791044375136174,0.09496888456823634,0.07155624898749133,0.05366069208695688,0.228699899018528,0.3361783655991181,0.48616490254694095,0.6638481574494102,0.3811033015256112,0.014835755640501885,0.2871927308442259,0.22144833939907227,0.21472189054951143,0.6057820855614974,0.6926488993142382,0.15599400023076032,0.26272577996715923,0.007280034174935051,0.007652285173167321,0.0075497646819967686,0.2357567619413006,0.5251684502576299,0.42579244975575586,0.07467125821553676,0.06283478437260835,0.02124250603723238,0.43383956049520106,0.41675056632267793,0.0026573760747608593,0.2773493701660623,0.16543503424446682,0.6452231056983404,0.5867955490161634,0.19110770129423876,0.1054957312260866,0.2941422446805701,0.6153148538703181,0.2767210700699473,0.1810274783337955,0.21923808775806736,0.28042723989692486,0.24349601653393654,0.2370356446896414,0.001063698793732922,7.456082118103292e-08,0.028778723673703616,0.019467758966308365,0.07120622568093385
0,45,0.7255036561674573,0.8554065623056254,0.0642629360468368,0.7233479673376995,0.3463298622069622,0.16550090666020761,0.8728403052327155,0.49386828634634256,0.758935296303455,0.748537270899539,0.62314543010067,0.7108830610419203,0.37130371504356646,0.2401699417274188,0.7591090279454907,0.0642629360468368,0.25524879083470087,0.3871921269547173,0.30711562359854433,0.32048312731280226,0.8084146263841949,0.4858384131884667,0.11968108415846891,0.9445923999107522,0.11968108415846891,0.23377771558853128,0.15225327139961842,0.8803189158415314,0.8803189158415314,0.9401594579207675,0.9102391868811495,0.15246420169311037,0.963989326647568,0.11968108415846891,0.4094418729463779,0.26981737457334126,0.6832947618505508,0.9762218209888698,0.4487400918056824,0.4094418729463779,0.6896872746182633,0.4853994513943395,0.17309866002524144,0.2254284688617325,0.5231968469430521,0.29354670338694083,0.0896775149509637,0.07140492246511129,0.07276510807559208,0.33239745354829414,0.7347054145250003,0.4498907236800079,0.5161245751150245,0.41436590281582963,0.019191969188219277,0.4086336321335736,0.2815628050396915,0.35108206331604097,0.3552807486631016,0.14431178586204285,0.6033232578039048,0.2870732121623917,0.006626643986561137,0.0071217559737663475,0.009173266156853382,0.3406205970484929,0.4174525400795441,0.3050456441012274,0.0758522629182143,0.0398330669325433,0.06027957136485455,0.7227977308045049,0.4543795620437959,0.00302657824780008,0.6676456885676659,0.15839761588461662,0.5666294688504618,0.6739553648027128,0.11176089649805547,0.502756708329926,0.30736048876251165,0.588389494536663,0.28316705609043713,0.26046386285543116,0.318670098639468,0.35258423013166296,0.2753621109335016,0.38409774241482864,0.0012745986709277353,4.2219843659609864e-08,0.1544151056521253,0.05633988799451169,0.11520894401154826
0,47,0.6561248169447567,0.8285395513480833,0.14796060061822142,0.6183161623678591,0.49152110559869683,0.09928361262936923,0.829001925984499,0.6259973386453759,0.7822007032128158,0.8107658052582452,0.6477454689314118,0.5695070133764508,0.5303882265393431,0.3090463777800434,0.4694266270262755,0.14796060061822144,0.3542626034293611,0.5070825372636573,0.2723588024633774,0.21659344018058532,0.7363716663298804,0.39502887273181936,0.051259432215858686,0.970573086985421,0.051259432215858686,0.11919914071372424,0.06633575178010215,0.9487405677841405,0.9487405677841405,0.974370283892064,0.9615554258381049,0.07095997406471155,0.95723460067202,0.051259432215858686,0.37564085656874,0.3694813233971392,0.5536526662496835,0.999999999999997,0.5269387588685285,0.3756408565687398,0.5640979404512867,0.390525446759087,0.3590341535135191,0.36026693697581347,0.3867705531925898,0.27068085985428914,0.10163313250896357,0.06755845426296375,0.09392187926384396,0.3246971782896128,0.5670490569566273,0.8720842179584875,0.6746060566194745,0.35744929127912994,0.014235104087663533,0.24604009755203327,0.22961074885032612,0.23079847429981956,0.6749513855128829,0.29435060761331344,0.44625685486985406,0.27989252127183156,0.008843775824517553,0.008290693353382873,0.01438524250062598,0.30161484400885885,0.8421386877094368,0.4109089864719029,0.020134260264363272,0.03834028233394825,0.0025743668693671753,0.5553530327087632,0.3704379562043792,0.0027506127961631,0.5287692290517428,0.30725931703234727,0.684708903083342,0.553771303108783,0.23199765555681665,0.39142636726050367,0.27097121030616056,0.6368480343419431,0.25231798832084107,0.3032456944488374,0.33951595562528375,0.23257946427727438,0.22724173001599646,0.3157459522324605,0.0006918501527596786,7.850553820324616e-08,0.0420888855302866,0.017236684914276146,0.15561848578823412
0,47,0.6386947011453905,0.8146290200521299,0.10774494830689886,0.7787471192309525,0.7040124964769234,0.039980260967077394,0.848669840801908,0.7340487473338695,0.7224808365530727,0.7149768891359516,0.6399927496253127,0.6267265645994065,0.698074615786409,0.16932203972053106,0.7454813902439178,0.10774494830689893,0.12706301438933476,0.5940943779664366,0.19865482079246077,0.3620722865842948,1.0,0.6063051863717218,0.06879865691369139,0.9742054215402309,0.06879865691369139,0.15122851800146556,0.0886479552213108,0.9312013430863075,0.9312013430863075,0.9656006715431538,0.9484010073147306,0.09109432151285757,0.9848141307423433,0.06879865691369139,0.2659916284107815,0.15950905206621896,0.7005667240818153,0.9841264021032519,0.11591786924258107,0.2659916284107815,0.7133301756259802,0.5985038974372051,0.2651954087701195,0.1504653582439932,0.5913818274837513,0.22359848804805077,0.4923304989401448,0.14170293500401138,0.7195306254776475,0.4846563270653882,0.7154408241974921,0.8180494280495572,0.5894879507282718,0.21018415050349515,0.44274386106332564,0.2029265320949991,0.19487568288158025,0.2914801061861836,0.47123469603152274,0.1417409415082692,0.598032140730577,0.26834327197303603,0.06031444524126395,0.02683672373915217,0.1936758914907173,0.37025351600755196,0.4494179861067651,0.24009409414548652,0.17785466214923082,0.17078095404826177,0.06964681426448203,0.7884245869093083,0.2601756773475188,0.060576988383646446,0.6266150693299503,0.3691255646581068,0.793279216655651,0.5438591350208486,0.19681605598140933,0.6100797833924549,0.20373058766004765,0.7893686448091217,0.2049344531995381,0.5455504013217907,0.5409252107018834,0.19867671050126756,0.17984239603296537,0.4583304664783423,0.002197503537858446,3.6804292209163176e-08,0.08714048811740184,0.042690405065316225,0.11049918502729869
0,47,0.744851175317164,0.8281446110582515,0.09307417804837718,0.5630761014496649,0.45149693092411225,0.06284162213994847,0.8500239957217524,0.44989170027674996,0.7729654217682346,0.7541377868794169,0.7648950646114512,0.3935343105121535,0.4095217728050754,0.2645344448302912,0.8153192995018961,0.0930741780483772,0.4622568466567496,0.25217196017182125,0.3215225108776827,0.20878459840699579,0.7997861515900156,0.3142783397147204,0.15381178619824679,0.892277073769759,0.15381178619824679,0.28513939487040096,0.19427322404747452,0.8461882138017529,0.8461882138017529,0.9230941069008765,0.8846411603513147,0.23401694135119555,0.9000989327953114,0.15381178619824679,0.4378616547469423,0.4539649688013407,0.5681236798859403,0.9430812867761088,0.6302737153041859,0.4378616547469423,0.567183799644043,0.3208728109331509,0.2642402936189094,0.38485249333756,0.3858184220109051,0.3098518806250165,0.16651352440493267,0.11875685625586235,0.09377086042962375,0.26677963931510273,0.7200267275417807,0.4969105174307294,0.3646603985190452,0.34162025856073763,0.08565681550203204,0.374861623377729,0.265497393913654,0.3160675002655038,0.48231792717086835,0.3045397288054319,0.4449012557601788,0.29869419031980604,0.014743499358612466,0.015481620415033018,0.016500589852798297,0.272654748963976,0.2986807089066304,0.1875748083875816,0.11593296198221904,0.07093414833596916,0.06719770297324851,0.7550321230244204,0.36104975028812936,0.009830618500799236,0.5684338100316827,0.20838310139516092,0.5594175936022603,0.6414909450962294,0.18822456082705158,0.33260976577721274,0.3225263023527673,0.6596541685129536,0.3103635269611059,0.2110857318057246,0.24851651854556162,0.3046955721695329,0.2661071369080009,0.30336120889325935,0.0017225916609971187,1.7756449757575374e-08,0.19212057394427495,0.04684754063614745,0.06196636384112922
0,47,0.8164182305927016,0.8126051147862308,0.04379805597409786,0.0,0.17242299946566186,0.07407356222458551,0.8119757129403946,0.19145976847325916,0.8121522154538838,0.8079622691586459,0.8470904113443981,0.15580701141337613,0.17774190283005464,0.3520661694892142,0.6720982743084856,0.04379805597409787,1.0,0.05603380684861717,0.0,0.0,0.8156852976682494,0.0,0.0,1.0,0.0,0.0,0.0,1.0,1.0,1.0,1.0,1.0,0.0,0.0,0.0,1.0,0.0,0.9999999999999999,0.9999999999999999,0.0,0.0,0.0,0.16509526987926318,1.0,0.0,0.0,0.11766178900434295,0.0052576688607307055,0.293209375598603,1.0,0.08190794937653229,0.25633688644159164,0.8447055177786775,0.3192961984189632,0.017426064081139038,0.1642159244573842,0.013180658350072996,0.7244741268734116,0.31016042780748665,1.0,0.0,0.0,0.010391624313185351,0.001812936445182349,0.04504001041065408,0.9999999999999999,0.2830481311068604,0.5739923525655215,0.001027170993400866,0.00021873370610111435,0.002682733518886161,0.20299094781707017,0.3270681265206807,0.0023409672775661114,0.0476642254792603,0.09013130364769663,0.7999279411177296,0.5160724327534403,0.11048236260370654,0.0,0.0,0.6731005466206388,0.0038406308681641216,0.9057112151948243,1.0,0.18840739230567005,0.00879061300181179,0.9425053185184867,0.0,1.0,0.0,0.0,0.0
0,11,0.9091691158362255,0.8754731913684694,0.012708910995028293,0.5521564744922263,0.1396237726894405,0.09866347604428709,0.8758113151006658,0.1501338047583432,0.8903173719537032,0.8893468634979049,0.9392319144434678,0.11976389360175835,0.13757622720160198,0.5594768216862086,0.6314240742426275,0.0127089109950283,0.3143909840841659,0.03637089716932626,0.20673872384194786,0.07252626372375295,0.7160705379425373,0.32366128027548924,0.477293501892218,0.7018863431475517,0.477293501892218,0.6380381760455524,0.5524780000623596,0.522706498107782,0.522706498107782,0.5227064981077838,0.522706498107782,0.5107633511611919,0.7905339684133262,0.477293501892218,0.3037376365663774,0.20452738199491644,0.696863384186876,0.7606196571940016,0.34253838124725966,0.3037376365663774,0.662465009753228,0.3591655704195874,0.017318124145698215,0.29932899014902925,0.3603364975701237,0.19737443335156885,0.04099275118664643,0.028861598942904312,0.062173538691792415,0.4545592978334556,0.707762872459671,0.03430553708166735,0.19634722637845103,0.6291068302943242,0.013042726874431811,0.7408894420142177,0.2725187778925311,0.6761606023456648,0.042000891265597154,0.23162224828559563,0.3899850005769008,0.16420361247947451,0.003538566018977966,0.003275979041317229,0.0062533582116725325,0.5223479762133129,0.004954419342053113,0.08993520338648106,0.051091832696209254,0.018603298406463423,0.043714907312598396,0.6449967921657235,0.6102711157455681,0.0021767783665003373,0.7497190466295983,0.009180499701857381,0.08599752880712686,0.7027240468757048,0.00818997292309465,0.3608426705358247,0.2130274627083409,0.3819240290580046,0.167405922416224,0.3041861814473985,0.4345466108588585,0.5842275059700285,0.23775586515107555,0.6512421110863933,0.0014780237830164088,9.836908314121295e-08,0.18900525314829383,0.446968088423418,0.08789625360230545
0,11,0.7767313401501861,0.8310672993941735,0.032307147877523174,0.3889488784399563,0.2008217482703132,0.16968684235455272,0.8491025907064862,0.345027517310473,0.8224211760619907,0.8338935882667448,0.739782548319004,0.43901449502480727,0.2646321109747679,0.3892833820168613,0.42584203546090393,0.03230714787752319,0.6601289300293662,0.1929398980216292,0.350378882486081,0.12800070794563773,0.8571942667340644,0.2014219082583467,0.14311200776809,0.8473484335829149,0.14311200776809,0.2662846780234257,0.18055906310975123,0.8568879922319095,0.8568879922319095,0.9284439961159521,0.8926659941739317,0.2850035370637327,0.8160219584583449,0.14311200776809,0.47639614848844347,0.6070103059466052,0.44042886003252135,0.8934411998302768,0.7480467856865448,0.47639614848844347,0.4369505530370784,0.20965814469553498,0.0834553470497805,0.6545821004201013,0.19551369700990628,0.32543913987811113,0.13073545422505572,0.10572395884902741,0.06084890975079886,0.19039438525793018,0.5923501856757714,0.11294545587391067,0.3258652202048422,0.30463638933968784,0.038585200892464463,0.3060121715805686,0.2584824458776353,0.17190281515778946,0.1415106951871658,0.6265684126667995,0.21059190031152644,0.30870279146141216,0.016285581561158082,0.018172472692825098,0.015452672597348076,0.1869301106208837,0.044589774078478,0.15754001684919966,0.22218104501599714,0.1909050124453594,0.05543676088709102,0.5845611149580116,0.2984880083420223,0.007845319788953876,0.4737165670471625,0.05058362904176989,0.4640183168173828,0.5744641821788021,0.05723625517891487,0.1950078819160961,0.34381268463474224,0.6926542403484914,0.3412191853847595,0.16247274221264846,0.18441719787614802,0.26974564813825175,0.27770789498014137,0.18932807284883169,0.0004211806206946098,1.0348993180026974e-07,0.18377465178136526,0.025227742266494484,0.2206847215125191
0,11,0.7482591669138068,0.7795361337713713,0.006325651807697996,0.3656806162174853,0.2529194812270202,0.13582909036841295,0.8268916076621811,0.3190982590566032,0.7575872375946834,0.7530699986428642,0.7483501836178137,0.37475092226555573,0.24486641173390405,0.21662222121433627,0.7669013233897721,0.006325651807697999,0.6645659199611826,0.16249921690956473,0.2955733861200747,0.09330015454468661,0.7249324299467559,0.16959620609691875,0.14664675149223433,0.8161494451467994,0.14664675149223433,0.2751014017394871,0.185606203305358,0.8533532485077675,0.8533532485077675,0.9266766242538793,0.8900149363808243,0.3122954082594843,0.7746708247209207,0.14664675149223433,0.41937590063912067,0.6454916167919882,0.39259150475742904,0.9222102480606419,0.7732348434517543,0.41937590063912067,0.3872933917179982,0.17888537652263795,0.04069212410573005,0.5703322060512321,0.24317978577796184,0.28690165743786505,0.07718725996483504,0.0601795728109056,0.050956502465244635,0.25501488335864114,0.47503446915457254,0.07255929642074957,0.497891784670597,0.4430605259791519,0.014630924541717728,0.47269952025764483,0.29318925784992994,0.3455004849972637,0.07754010695187166,0.2818623320515373,0.44859813084112143,0.26525198938992045,0.00396381545966864,0.004271418640854287,0.00456874694400353,0.32638817158287703,0.07202963504984908,0.2896417301834967,0.29842328540828394,0.0813883681097589,0.28962909083556154,0.5101862416516354,0.5535832780358321,0.0018499052491962285,0.44089024508276886,0.02394766583673602,0.46517903651672143,0.7353564121650455,0.026670714463467436,0.18566695868451605,0.29333673729895327,0.5643774494838509,0.26067975852579706,0.19556225563863766,0.2439646490790502,0.49753880032455033,0.27614283403343387,0.45581488281133264,0.00021868724715098077,2.1625416788071984e-07,0.18959070485838517,0.02626650200726741,0.3852631578947368
0,15,0.8567800838175111,0.9538445666365374,0.12739342065632317,0.48854510779660676,0.32192280467653733,0.1292877240699456,0.9783624349878857,0.45796868917114386,0.9168401330992173,0.9237630299738584,0.8256343295173922,0.5564464915317515,0.3569227186640998,0.6455205369812806,0.5422792414949588,0.12739342065632323,0.4283391934685652,0.31306913344271076,0.2450962963349238,0.09010370571508514,0.6711196255086873,0.2775074116158852,0.16231322158911202,0.872256291036988,0.16231322158911202,0.29740557997133094,0.2046652334850246,0.8376867784108875,0.8376867784108875,0.918843389205442,0.8782650838081647,0.27519450377852006,0.8539899303994973,0.16231322158911202,0.3528966816986987,0.42950708068879256,0.5024429070461426,0.9036667806887672,0.5822879610555701,0.3528966816986987,0.4985842091153263,0.28571617516781617,0.1388041181166608,0.3451653216880207,0.3420846277290958,0.21488699978693915,0.10553678452227834,0.06729746275589032,0.08846991827307162,0.41078708821646925,0.6859480240507161,0.2582440841386343,0.30349738803443904,0.3798900759466365,0.031943937488523824,0.442051939489842,0.18891382063987322,0.555937197237906,0.2482774578362814,0.1918393765252343,0.46313603322949115,0.17936086901604142,0.01213036610914544,0.011708303506338348,0.015444137233591887,0.5109169876098708,0.11547608158785329,0.11378305519968407,0.3614803447986483,0.22180623263573215,0.2787647216371419,0.8207714070356477,0.41540667361835215,0.008807517865139631,0.546727452656851,0.10848361820812293,0.4936767609060597,0.6898888793133375,0.09721335408287879,0.3019972508896418,0.24060870199496692,0.6243402544312726,0.23488865196113742,0.29225093473454095,0.3625190421960273,0.44215157641914915,0.22194267214086333,0.5655495632183657,0.0010551724317252298,3.7838039022049254e-08,0.28210689859717414,0.047523297776901216,0.10465928526420015
0,15,0.8887705796239238,0.9030773875588944,0.09637761351378991,0.6020594375834727,0.23797630578348342,0.3560423443292503,0.983341369573401,0.3222821353614001,0.8978777564234949,0.9005979542364371,0.7634773105211697,0.6847267413347253,0.23926215368939624,0.5886108737981026,0.4673280457363191,0.09637761351378993,0.3306195124345017,0.19133133617561507,0.6826569705987029,0.20649710384094086,0.6075526970689307,0.3805100505882552,0.36713690345298183,0.7965398111429038,0.36713690345298183,0.5384191320264857,0.43928949515990917,0.6328630965470179,0.6328630965470179,0.892018557807944,0.77971785792821,0.41181055088899576,0.8576412970344124,0.36713690345298183,0.7682494235423718,0.25994647260383535,0.7024824956320522,0.871083170444566,0.422312730121302,0.7682494235423718,0.6809384399091314,0.40478350269068214,0.12153112438474593,0.2836029415137735,0.44366253360361535,0.6460272054846911,0.07267140992586325,0.13842928171373237,0.009451915861627164,0.06860924036790063,0.8355356002042866,0.20255508897723137,0.11169559337343604,0.5051500001906702,0.026362157047225512,0.6310624924199694,0.6836296486541227,0.1254019740203349,0.24678630193336076,0.1877474240013115,0.5358255451713395,0.6088164708854363,0.005678149447494413,0.013132542979230126,0.002084540688816467,0.06286305931423913,0.07317296259032287,0.06254863807841574,0.11501584037901905,0.12674479374420178,0.02631480319292905,0.8600498466429303,0.4998479318734791,0.0029739471551258104,0.7124225082983905,0.07844584700306609,0.24592191858528945,0.6961693077711413,0.07345404849829702,0.41140678248646617,0.6849842566590078,0.5002280075158563,0.6014611078293416,0.03650730057493547,0.06469786382303211,0.4594219076271545,0.6292803596940375,0.10572686773148934,0.0007867574298043826,1.5895045766862525e-08,0.9565981989676473,0.06510296255893015,0.13715054886397915
0,15,0.9532319706485952,0.9644250002606852,0.14347096473331808,0.24762265575994005,0.19398212699908027,0.6102200634170768,0.9663822416865668,0.30296164374583406,0.9585941327816081,0.9627118791203921,0.7546316744135952,0.664747798350299,0.21147496160096388,0.7499484151023239,0.1714197300152438,0.14347096473331816,0.7929385907642597,0.19425916976425825,0.8100977141866206,0.15690320530483165,0.6633544311231204,0.12987548369472557,0.10868213595105047,0.820884313414572,0.10868213595105047,0.21713851731034148,0.1386611333389465,0.8913178640489487,0.8913178640489487,0.9456589320244753,0.9184883980367111,0.34792043330913225,0.6467584740281238,0.10868213595105047,0.8767034544744896,0.7924455107414969,0.25767403029000563,0.8851302418033855,0.8737991511124382,0.8767034544744896,0.2527647018817585,0.13666321888404928,0.16785670380031184,0.653545443853599,0.25280248841782327,0.7429235299416771,0.1424673324779699,0.2554926926557099,0.013930162541383379,0.03656602840543617,0.4996551073410516,0.2517093884964758,0.43783426976641726,0.32403244442919077,0.055175026313643,0.3576276062457526,0.5539911887163207,0.06669746113514524,0.28621421830764393,0.42122411132757986,0.4003250008084597,0.6635757751376412,0.0179396094648834,0.04329481226622864,0.006285517452711466,0.04375937983096567,0.23475204588375181,0.3040231108053509,0.05800668896006076,0.06427490084469951,0.013084333784602699,0.5162437197046273,0.3844282238442816,0.015008526812040077,0.3209899215287597,0.1056601374799074,0.5818790148890682,0.6655880372600498,0.12549326058655605,0.15125695419015803,0.8023016044461028,0.6795309559673821,0.7903060099236278,0.012598468569266136,0.024839328804542565,0.26711349743763246,0.6063677096848671,0.036179906977690024,0.000293902134989273,8.983583004593955e-08,0.15466035220141305,0.016022798092991952,0.29610732009925556
0,17,0.8445838477137605,0.8274276602913329,0.05528750535775402,0.19417295462162834,0.13434945147084298,0.11618697337488652,0.8269498705572274,0.1596606091774313,0.8290014685013967,0.8264942952788467,0.8611791120165292,0.16157847702509479,0.1331068682723712,0.3962499910386428,0.6837736492502927,0.05528750535775404,0.8289393517498325,0.04568339500939525,0.01665496217769824,0.04134707787910293,0.8794308202094843,0.07808855427754079,0.11062387488734954,0.7122619494365672,0.11062387488734954,0.22097739345149903,0.14118895061744025,0.8893761251126477,0.8893761251126477,0.8893761251126477,0.8893761251126477,0.4359642173552294,0.5646721611480431,0.11062387488734954,0.025686656729663693,0.806840909241348,0.22620776275944932,0.7689510976804977,0.882681874336486,0.025686656729663804,0.22014556344063355,0.0862465735735394,0.16225192971374874,0.7411686970468714,0.13311006714474938,0.028313429411226457,0.091597431554672,0.004215853837106914,0.2408301688952002,0.9217563462675318,0.3919187079722308,0.23941573532168817,0.4907570262839118,0.39579374761445674,0.0178676723654382,0.3584432258491813,0.07420487404576491,0.7941489673562745,0.28315985485103135,0.618947359864081,0.19340072477589162,0.0422237860661506,0.009641245973197387,0.0018416379850461617,0.041298172739329585,0.8771751938834232,0.1640266689315441,0.2612356652854907,0.11231281680573615,0.09358099979510545,0.03220777755983845,0.50645602537991,0.3717097987170978,0.0038297548253877494,0.2804099925220038,0.08810023461500772,0.5725601572358001,0.5941675051300737,0.10806348438270208,0.09003087722778311,0.01838141434771509,0.6010298548512922,0.011694305569563135,0.8389805077222626,0.9512089525548477,0.3107796745562178,0.049351663394217093,0.9586812250543505,0.002022516313900787,8.75247537380756e-08,0.04427379676807219,0.02678015389850015,0.07764106915570634
0,17,0.7675179076327366,0.7954008572997757,0.06254332907818465,0.24946820646775386,0.16732197529131135,0.6991328480042124,0.811770211021656,0.2747813407103644,0.7744997912483879,0.775357391498569,0.5514337707122242,0.7142892222017125,0.18326249649310306,0.26194456104313957,0.21145090185548365,0.06254332907818466,0.7941883334802893,0.17442450041340046,0.8038658747435989,0.21297144848842903,0.6195097313090834,0.15971839694114856,0.11741005168130568,0.8425015801388926,0.11741005168130568,0.23086434224549304,0.1494967956546634,0.8825899483186941,0.8825899483186941,0.9412949741593479,0.9119424612390219,0.3414407510923022,0.6791744184028394,0.11741005168130568,0.870761335427487,0.7652052225888426,0.28816300700107306,0.876225299256282,0.856294215835646,0.870761335427487,0.2831487058948623,0.16660310327483954,0.25136723710546377,0.7200429710184668,0.20770966045685474,0.7576263956081626,0.13132659165805965,0.23842885570253544,0.013108112962584385,0.029730114698764173,0.42188115850662783,0.37704967279634244,0.4954875076284506,0.34808105624632135,0.048897220391291955,0.33676630020677845,0.5793635602356514,0.03502148929793089,0.43339381207028266,0.6101266968979718,0.2945779557929089,0.7107670654468683,0.014183120287958734,0.03433033867452014,0.004935039230355419,0.02422515140719636,0.34928656361474436,0.3648119174656663,0.007183705272259694,0.012039182330813842,0.0010209064945923567,0.4820925478326802,0.34113758435477143,0.00803975825584404,0.30977556532120964,0.14762373723008154,0.6075230889880832,0.6038821746188379,0.17329644194068597,0.1602040940216765,0.8019470041088435,0.6502002778149696,0.7697548857966857,0.015854742931794105,0.02650182545558255,0.2558197699938235,0.6134689599862102,0.027258041015147783,0.0004208254823704349,5.7790730049415225e-08,0.1576798151238981,0.016797243583167528,0.2205049986095334
0,17,0.803556926741728,0.7960091095796413,0.06439897701878178,0.0,0.1412287553300031,0.1386483958594963,0.7905371486862576,0.18144826731368818,0.8068668019470677,0.8115881513785335,0.8267413465512763,0.14788088429712512,0.15324069833303408,0.33792785435977346,0.45375843820646466,0.0643989770187818,1.0,0.05531849786305771,0.0,0.0,0.8156852976682494,0.0,0.0,1.0,0.0,0.0,0.0,1.0,1.0,1.0,1.0,1.0,0.0,0.0,0.0,1.0,0.0,0.9999999999999999,0.9999999999999999,0.0,0.0,0.0,0.21529330881577086,1.0,0.0,0.0,0.3853836766952395,0.04468453311296627,0.7483280365478399,1.0,0.07050455994511334,0.3417145445138512,0.8641025423090842,0.1855809701504182,0.2658748511195409,0.047972651380370435,0.0033219444187775338,0.5957131062159998,0.3246991978609626,1.0,0.0,0.0,0.04821429091307695,0.01134331955380745,0.19147941157007417,0.9999999999999999,0.2972651605231867,0.5758448001497706,0.0010002395330754666,0.00021299871342167194,0.0026557792157574254,0.21178616349944454,0.2063702720637029,0.037664961733652934,0.012247441246398427,0.1433780778492796,0.9275423987123796,0.44104765434621473,0.16540499265128386,0.0,0.0,0.8078143747534274,0.010813030385984121,0.9759291184409395,1.0,0.09887736865992225,0.0021820412745210127,0.849607784444109,0.0,1.0,0.0,0.0,0.0
0,17,0.8034092197915935,0.7609016138400642,0.013102125725514703,0.0,0.07083752396977654,0.12820302622145335,0.7564148710118619,0.082285407220384,0.778024487844968,0.7744425715640862,0.8355234438999245,0.05743463847779667,0.0742274487953656,0.257655392743942,0.6707031052085071,0.013102125725514707,1.0,0.01455544649306123,0.0,0.0,0.8156852976682494,0.0,0.0,1.0,0.0,0.0,0.0,1.0,1.0,1.0,1.0,1.0,0.0,0.0,0.0,1.0,0.0,0.9999999999999999,0.9999999999999999,0.0,0.0,0.0,0.08135683721387812,1.0,0.0,0.0,0.09075358831678886,0.0012949522336725729,0.24746629358503114,1.0,0.01095693282272897,0.14262883261108344,1.0,0.37539440116232525,0.008821430461874129,0.23040201136673444,0.018793969811449707,0.79778751420484,0.0920788770053476,1.0,0.0,0.0,0.026491813473950018,0.005869788714394385,0.10737570144473155,0.9999999999999999,0.039016052318668254,0.30891954507160907,0.0,0.0,0.0016546912966432005,0.3560792087435631,0.19975669099756693,0.008695054388657595,0.09148340767853824,0.04058166723401349,0.72274557160056,0.46325368003172507,0.05163668755273084,0.0,0.0,0.611756482852498,0.0006656389125016121,0.8737363868190103,1.0,0.21091398474513545,0.010451915260165118,0.9658584558561497,0.0,1.0,0.0,0.0,0.0
0,19,0.8662667297728013,0.8598010946709805,0.11792207352203488,0.5303447088578108,0.18890701643903557,0.10679862870034897,0.8861037651530421,0.2191533353672366,0.8590478081618291,0.8542155033786532,0.8723042520165827,0.2685618347427705,0.19078512579512996,0.4782755793741399,0.6535917086260722,0.1179220735220349,0.3513400032328359,0.07360548841023346,0.08997102017801503,0.08436468662389852,0.9460942176419269,0.32380282149605627,0.18643878617560294,0.8743197749756471,0.18643878617560294,0.3306805789259539,0.23381684419227944,0.8135612138243964,0.8135612138243964,0.8135612138243928,0.8135612138243964,0.2789320874497714,0.8760282798253598,0.18643878617560294,0.13182528532908278,0.3322428195597125,0.5584017256620367,0.899080855040615,0.4702731579209619,0.13182528532908278,0.5534166122438906,0.3331151769088637,0.17754629299071265,0.31878895925635364,0.3503287521198767,0.10173988049801379,0.16907121863544994,0.0346105964938792,0.3177444768221594,0.7188436672629676,0.7234114488246408,0.3311669954267625,0.267032702771292,0.3684287706664756,0.10913720513796046,0.43260468757661596,0.14958536013326834,0.6507042926744501,0.3299579019228581,0.2505447243803277,0.38038102410275715,0.1194843307829368,0.021339883440492445,0.0073301108492439745,0.07683240018452947,0.6524319316275595,0.13756419662509173,0.10757973717841882,0.2438613178385701,0.13980784850819206,0.14246665548073387,0.850418824820667,0.37501658925016507,0.01893316190548257,0.5895078912486774,0.14283259073764315,0.48309335031473366,0.6517022412862821,0.11889051796735384,0.34139604361905995,0.09305591013530766,0.633079831595379,0.08344835535320641,0.6792067254996438,0.7529953223089159,0.36635458838614865,0.11885297969701204,0.7865155922962346,0.04228219742627884,1.8835170886393375e-08,0.07828664020329747,0.17955872683454094,0.02634609847394183
0,19,0.8198671795393601,0.827881909629406,0.06446306459888017,0.20808359173303045,0.2735975192602177,0.06015061021271899,0.8571284241649608,0.2664960500996954,0.8197597770590821,0.8141915161759462,0.845547532248234,0.25643877664078474,0.25507682905927404,0.37503188899765616,0.7261726825550392,0.06446306459888018,0.8129957067739293,0.09292577524370935,0.019329295104395933,0.045021277606276444,0.8859446723655747,0.08897079820060262,0.14562936132410068,0.6727874390719832,0.14562936132410068,0.2724765080885952,0.18416353286750564,0.8543706386758991,0.8543706386758991,0.8543706386758991,0.8543706386758991,0.481517995584576,0.5702730175040077,0.14562936132410068,0.0301020785574716,0.7708423159732578,0.2617480838823537,0.7372537178189372,0.8594810884645118,0.0301020785574716,0.2527032990478699,0.10002951892728636,0.1919675533101791,0.7320692543776466,0.13778966891957647,0.029447591044025265,0.1408024000892812,0.012541223592560852,0.32136306899276396,0.9186221109622823,0.3947143128455259,0.28265079067138194,0.482064659770981,0.36786903250163017,0.06120531826537774,0.3167325830405091,0.06758545899679673,0.7580095435955778,0.31833848596256686,0.5897358049317866,0.2082268545560748,0.0461822660098522,0.019470290978238252,0.004365739713100231,0.07917147278142724,0.8656603683099943,0.3525379013079667,0.5002007424178601,0.028960493649481184,0.024071399490090725,0.009602289178555113,0.3558126262967671,0.3452554744525551,0.015030540440454012,0.30261331934760427,0.1088708071323012,0.5877596360156612,0.5606270085238583,0.13091232560700422,0.09842217211689006,0.02021955578248659,0.6267607713282328,0.015075928940884928,0.8472314620079024,0.9463298478103324,0.2537633085935799,0.03940246433761521,0.919694347265387,0.0031236066558575555,5.2329589688113e-08,0.05521832382541765,0.035742536915139685,0.052465596330275165
0,19,0.8273112839837424,0.8448881932731139,0.08189749695815855,0.3285274107819602,0.24410902871034798,0.13453845424177557,0.885907436612771,0.28729631242802306,0.8311176784801717,0.8270619279603902,0.8231520366547208,0.3610572379077952,0.23836507122262945,0.40772984940095447,0.7965312217541713,0.08189749695815857,0.6600887162516431,0.12884688184836954,0.03715800013231246,0.07359492984937571,0.9332902385296413,0.16456623622550204,0.14047480562921003,0.8178484198686671,0.14047480562921003,0.26596142117623417,0.17800587675422003,0.8595251943707893,0.8595251943707893,0.8595251943707858,0.8595251943707893,0.3357784215648282,0.7388003201560459,0.14047480562921003,0.05551451069875235,0.6382274819692864,0.3593079075169779,0.8537352895708649,0.765162225852395,0.05551451069875235,0.35373783158358035,0.17341579413524094,0.18815796753098973,0.5747355026627852,0.2187022402197063,0.0507925808452324,0.1832626166345982,0.02371458693805554,0.3793447833556935,0.8596356149546138,0.5591732757572752,0.28797368874140294,0.3636641807899531,0.3347633593026048,0.10941456956265708,0.3798648083589933,0.10063079437870097,0.7375246494758153,0.31314273961332784,0.369839311315879,0.31983385254413293,0.08336491095111787,0.018480422254275517,0.00461633529190407,0.07341820055799683,0.7574997417698357,0.13148266715448642,0.1331690508671909,0.18881904659158438,0.11123120710412393,0.10718281029774976,0.7347373225160495,0.37135036496350304,0.015108293330026891,0.40522363123843463,0.12339538624816646,0.5509364211944647,0.63241143134521,0.133952132846994,0.17889860332302673,0.039285278218690003,0.6659955877772044,0.03521994711722473,0.822078001674735,0.8957223945227923,0.3140149084556406,0.06985413259051186,0.8908259219021578,0.0048016038488177025,4.121490848881615e-08,0.05727187864750299,0.06783154910213147,0.04369627507163319
0,21,0.8897111568851274,0.8750948481497689,0.07320833084363712,0.6055542520367991,0.19331343217955851,0.09621792726434845,0.8930648888882928,0.21478905533251078,0.875398981664733,0.8716245511234244,0.9185187464570623,0.19625977243938061,0.19794110189284572,0.521422824675733,0.7747615597095853,0.07320833084363715,0.22114712902190137,0.06625076411915586,0.15058433063684196,0.06877881122570947,0.8301010327491987,0.3948501656229655,0.20416226027911993,0.8866474381744165,0.20416226027911993,0.3533345359928392,0.25478278569671714,0.7958377397208789,0.7958377397208789,0.7958377397208771,0.7958377397208789,0.2654636126514871,0.9092682708104296,0.20416226027911993,0.21881600668299406,0.19716767345719505,0.6357040293953476,0.9089797649854853,0.1406932330391364,0.21881600668299406,0.6309602069280571,0.4041182927548254,0.09544738274174365,0.23402860431905292,0.39391875227901524,0.14371224057431592,0.07377747140504036,0.029412083013699263,0.13025115111616753,0.6028538039212101,0.6710537164437089,0.22852725777790933,0.39526415814328963,0.46125201633661683,0.01503384632872457,0.5123739321571129,0.16252383189583608,0.7189072151033103,0.2382742869875224,0.22441870686327303,0.39364110995730933,0.13957307060755333,0.004345994764699617,0.0023782341243462016,0.013609629390635836,0.5939957797813159,0.19446095917558454,0.23132027000322417,0.1881360653304457,0.048692043611374775,0.17981143379640957,0.6946258634661138,0.5225821167883213,0.0017571369893737963,0.6465975526780766,0.07985306301715028,0.4629696202453415,0.7255897877149498,0.05568683921423932,0.40991781524753484,0.1508568419708961,0.5455959914486517,0.1329841550564064,0.497490150800736,0.5995703488974014,0.47276015399933236,0.15450053089081167,0.7992498248967255,0.007209964090556642,3.921957882936402e-08,0.08527951965759521,0.22921592916012495,0.042592100013299605
0,21,0.8160487839300326,0.8242994526660299,0.09359882005633634,0.21002107540540474,0.22839717578768307,0.09571238706344591,0.8649527606573356,0.2604067483616097,0.8158727542714428,0.804590872272346,0.8366380097674517,0.2902145212297962,0.23288964734755557,0.3649069556049743,0.7851002806526263,0.09359882005633635,0.8107450300840608,0.09564345333591762,0.022227722126124283,0.054761516340505974,0.9001601308271152,0.10437334335920324,0.08393586386200612,0.8285024142186013,0.08393586386200612,0.17698863990294303,0.10773636208555488,0.9160641361379938,0.9160641361379938,0.9160641361379938,0.9160641361379938,0.3034326064085934,0.6617798627222022,0.08393586386200612,0.03320688135367639,0.7726980592186883,0.24711294522614133,0.8622902710724323,0.8595454134945052,0.03320688135367639,0.2447421421566796,0.10952160622703644,0.27510496994371875,0.8139991687708699,0.0956552891841377,0.019801569780040162,0.1784585579292136,0.021249267112262896,0.3762508716172782,0.9452787175044772,0.3744233903480309,0.3848621492345969,0.5130446429890001,0.2706997738389273,0.07298370285239904,0.2132542949330839,0.032257404519480185,0.7300844253622295,0.4335435033964446,0.768139628025405,0.11767918461527954,0.023964851551058444,0.02863296872042552,0.007279046255819814,0.1123246900013727,0.9302886235554565,0.36876948291930456,0.44615486863716547,0.08180500980492032,0.0692390436408148,0.022642299647215702,0.37754498208851595,0.25682733450792833,0.019726392735564292,0.26731468961167293,0.1700934044979869,0.6972476182805254,0.5240637060370814,0.19273882224020347,0.09960672507408813,0.020481015555535984,0.7241249824716189,0.02663102151576681,0.881576448157242,0.9456358372216729,0.19354166167775622,0.028974235598028683,0.8782336125136329,0.0027966356235790734,6.060699235821744e-08,0.03399055397138487,0.020878147471132306,0.0626896349221885
0,21,0.7786350445859471,0.8429966151292043,0.08389829581346046,0.4548928755200175,0.3323240339500142,0.11035570781186492,0.9085392497437557,0.39738720313142606,0.8024065523738559,0.7958501505348899,0.7616685656533453,0.5262667795001478,0.33592990215426116,0.33910195108407737,0.7893522161142054,0.08389829581346048,0.567609718741138,0.22512277251504675,0.3765740498908672,0.13353551316752815,0.8957239270419433,0.23406872556854755,0.1559348656451429,0.8557005783601586,0.1559348656451429,0.28842838246297725,0.19691137618554333,0.8440651343548566,0.8440651343548566,0.9220325671774248,0.8830488507661407,0.2836779392468415,0.8393932855855539,0.1559348656451429,0.5014025080762377,0.5426650439031289,0.48066130529366824,0.9038765377720618,0.6967889208727319,0.5014025080762377,0.4768940784481034,0.2427059179659983,0.1964714699879842,0.4927887930099395,0.2948035209910443,0.36470680133469724,0.28253358786121924,0.217214626661293,0.11682951799288101,0.1760544214870785,0.7035505933940107,0.31072821021553776,0.2885071958564943,0.2538157178648651,0.18404911135731658,0.2710290367052387,0.3050291274440125,0.15985735641098017,0.3036179812834225,0.32121029177454685,0.43335864485981307,0.33251231527093594,0.029645119855409952,0.035557045432047185,0.02647429120427436,0.22381546134663335,0.12596611177170036,0.12199873631002528,0.3117960104108816,0.13397727782653904,0.24528228757609635,0.7875417461219935,0.2984880083420223,0.02491729244671021,0.48420252033822997,0.15663518095614784,0.6115726638735604,0.567797790786073,0.15162299929334508,0.24782785665675477,0.3730989459863598,0.745110924305203,0.3752992184814624,0.15587412838855852,0.16850309851655754,0.2807338831735334,0.29840384575122497,0.23276320117007632,0.001151073851981433,2.9311011598689833e-08,0.21233178652886503,0.03518389908146856,0.07924567836563644
0,23,0.8541860133713131,0.8546474543242156,0.044673552579021655,0.4168156371837701,0.22677417676140457,0.13790267194356426,0.8954893343008526,0.26320818315146977,0.8477190710088756,0.8384954111887968,0.8828634576674679,0.26891139983937695,0.22313419057575815,0.450089513548389,0.8719358122564079,0.04467355257902167,0.5326071990701224,0.10377102564693132,0.054352609196681806,0.08371221767470426,0.9526449111694659,0.2248437137899846,0.19019539082530335,0.8190587891070795,0.19019539082530335,0.33259601321518467,0.23750762568470699,0.8098046091746962,0.8098046091746962,0.809804609174698,0.8098046091746944,0.3443010293648947,0.792553267747664,0.19019539082530335,0.08094567086568794,0.5074345260189166,0.4563935588562859,0.8547071960788487,0.6603596462371694,0.08094567086568794,0.4479633980835957,0.2367786868128984,0.09332378776257653,0.45740376327405163,0.2790428386328463,0.06992207870625756,0.07176061660949744,0.008328613712913754,0.186808957374695,0.8067715911383904,0.5618270316633514,0.16698085059695106,0.380171355944914,0.4749345048106074,0.015269135866398264,0.5087435370074119,0.14162947542156523,0.7821039115304597,0.21669690603514136,0.3649122664401351,0.32233454129315275,0.08444757213230114,0.003772453211357837,0.000709914190108426,0.017242532732655115,0.7543503877668465,0.17198912858841514,0.2746677440984818,0.03756445727743569,0.0232485703509381,0.021333184292805403,0.6140565715079095,0.5453163017031624,0.0014586617300336203,0.5163437936282514,0.056875953090750546,0.4180184288073465,0.7030117593674683,0.058750475825559895,0.24599336146632636,0.057920602501914734,0.5303811836193031,0.04047322316192892,0.7204926326043928,0.8462573765400145,0.39418082089250117,0.09595541385705746,0.9030751743864475,0.004597146953128482,6.746098600596136e-08,0.07543365810893525,0.12729042266713364,0.061368209255533164
0,23,0.7171208165502675,0.7649109003056157,0.05885036137519704,0.5440355062004609,0.3696705215243659,0.05860866334528618,0.7794514245880988,0.37118212602041134,0.7398865628806938,0.7480304366463225,0.7003796713590738,0.362771904101047,0.3548165210655514,0.17066508722344254,0.6329141118705782,0.05885036137519705,0.3282258695802923,0.1650212954862492,0.21754391249069482,0.08252583685036545,0.6925354515443848,0.33623551815754166,0.19047385516174367,0.876282444727464,0.19047385516174367,0.3361136348296808,0.23866726145208905,0.8095261448382569,0.8095261448382569,0.8095261448382551,0.8095261448382569,0.2772539336395696,0.8824370707745677,0.19047385516174367,0.31435357927888496,0.30815514172416464,0.5728726768127983,0.9006568464358614,0.4367772177965564,0.31435357927888496,0.5678501172293112,0.34562419638673103,0.20363054820330592,0.2993773249513285,0.360311640264589,0.19748307348145366,0.2652085969526581,0.13794624866950145,0.22382229679745191,0.4542590727854512,0.7266305082665854,0.3991040258607186,0.27864927129072503,0.31858144155838175,0.20211074443694652,0.3874447285651844,0.17464826860242078,0.5063411399242042,0.4015469824293354,0.25774121140190787,0.3767284951363723,0.17945109078114008,0.023773137722765226,0.019876316792795855,0.040413769220821606,0.47799457400454903,0.1672116527942925,0.10676675893609328,0.10629529230891555,0.04352015960412028,0.08350062467261499,0.8636813868299298,0.3648000871554636,0.0215563009747666,0.5751799676256338,0.1809030172695226,0.5384920575894507,0.6346675164232147,0.14251080464637692,0.35356123620067226,0.21690754803973494,0.6828063362316557,0.21889443384888055,0.37059201104525324,0.42424743453248304,0.2784450322392481,0.17426977978118385,0.4777451943772122,0.005664307342192008,1.2473754706200492e-08,0.07840270803878718,0.18385847149486076,0.021874252928520133
0,23,0.7757922370588667,0.8141866483981619,0.03433953072330762,0.23096703797387394,0.18112320118421452,0.4305746586239407,0.8227968089289522,0.2999732092738252,0.7989148356606015,0.8060178208233988,0.6579008775319792,0.5368801253387362,0.19436548118933078,0.3267221113914046,0.2669005700074276,0.03433953072330763,0.817653849610019,0.1832045795707434,0.3087916044756574,0.051946609575650365,0.7673330560137565,0.08523998008428063,0.0727825045038869,0.8177439399597202,0.0727825045038869,0.15804603351652521,0.09367724230800195,0.9272174954961123,0.9272174954961123,0.9636087477480544,0.9454131216220834,0.27457540893761667,0.6571630431726384,0.0727825045038869,0.43944059436037786,0.8174279240784188,0.22734767029366842,0.953908995572638,0.8895553914451705,0.43944059436037786,0.2256778898728226,0.08982566476100907,0.11932943554203156,0.7281278959305717,0.14976190360197125,0.30335845224431307,0.10326835540400751,0.07842620935557984,0.053296729726219336,0.20412869226428337,0.40509146348085917,0.18448188568247206,0.5370196105568328,0.3566599169440917,0.018168625231538373,0.2894537782064982,0.26681553510602796,0.18712282274848543,0.195171973748177,0.5113498512857569,0.28717077315208156,0.3134796238244514,0.01028546064162831,0.010781144031272139,0.010162246796920545,0.20391329368885489,0.14795697762404064,0.3124551790401525,0.0234219249232093,0.03933794840748733,0.00578554161876483,0.4814352553388319,0.3704379562043792,0.004592922256019742,0.27565714273651,0.0707771303793509,0.6350636418734121,0.5816725133716332,0.08287426534225227,0.09922543302951647,0.30815380687731975,0.6397629176996704,0.2897845595268046,0.1690798009112533,0.19924821011890065,0.24060189392729703,0.2528509944752131,0.2029350145170956,0.0002119816513378808,2.066209132208119e-07,0.08315292016619824,0.0066223839613441405,0.31982769230769226
0,25,0.774261968396379,0.833011195367819,0.0427001488682852,0.4348335257960151,0.33970492843691297,0.10328094519558405,0.8317711027012462,0.3775638997003395,0.8047709061331708,0.8074616044110807,0.7433489064787565,0.3947653533962898,0.32617520529460964,0.34357656327189445,0.5663975364268645,0.04270014886828521,0.6124944275220447,0.20245066141845178,0.3426097797069383,0.1510138890421802,0.8323747685692852,0.22947516572602591,0.1475799435316672,0.8609514748993523,0.1475799435316672,0.2769703990747223,0.1868377244387568,0.8524200564683326,0.8524200564683326,0.9262100282341699,0.8893150423512495,0.2729358774492672,0.8440402547697264,0.1475799435316672,0.4663478861789774,0.5685415421917661,0.47845733117277917,0.9125526674704525,0.7206336840588771,0.4663478861789774,0.4755873814877167,0.2374661155225709,0.11556095789281347,0.5899490285545841,0.23641276061194413,0.3317065013655359,0.18260546326291205,0.13385483907210735,0.09076916090662854,0.19517884809671376,0.5699705954585039,0.17231299570856787,0.3516365010039296,0.29466771916577994,0.0951537033431646,0.3003959126156289,0.2801231858790964,0.18021027673098985,0.195171973748177,0.5113498512857569,0.28717077315208156,0.3134796238244514,0.02270036529194595,0.024760712733208522,0.022922071911671706,0.20391329368885489,0.07701870068100744,0.16015094654904716,0.31111946374399657,0.2160051730762022,0.17501514479632435,0.6250177016761406,0.3088807785888077,0.016830350911624648,0.4787642253143477,0.07848927121950841,0.5485601900541572,0.5882717376287696,0.0812639418765291,0.22708135532572107,0.3395200408475874,0.7040277534787862,0.3344201593499214,0.1815794819245013,0.19817786520343716,0.30805764022790727,0.2859488048340372,0.24654056895661602,0.0005931555637232678,7.148590282068313e-08,0.1845980577916891,0.031019248027467073,0.14977235772357717
0,25,0.667450209979592,0.755871216514461,0.01760498392083817,0.60564700299802,0.32697784254709283,0.08073183392204582,0.7729151841411785,0.40505007746961735,0.7119519291445118,0.702990169000174,0.6689335896071934,0.40807436893588955,0.3465169643125649,0.10497231260049611,0.694042814973831,0.017604983920838178,0.22098176406853365,0.2254788529675832,0.16057199739199696,0.06758143108003387,0.8045275636220757,0.3885612175839001,0.2747251264573242,0.8475558576922266,0.2747251264573242,0.440014028599553,0.3371396114892646,0.7252748735426771,0.7252748735426771,0.7252748735426771,0.7252748735426717,0.3304758916282663,0.8900388654222839,0.2747251264573242,0.2342910580702997,0.1760850345900849,0.6686171095300343,0.8775898714950087,0.12055337888419915,0.23429105807029993,0.6567174424670587,0.40432802562328846,0.0985993188595586,0.23468201291964785,0.39358272158370977,0.16219095892577434,0.05738540364105747,0.025056742237712065,0.107987482756723,0.5517881975931391,0.7282482318508872,0.2160367938563367,0.2879671716933977,0.5362298463211058,0.015414974871190935,0.6385721600865008,0.21967233187828578,0.7070433317155815,0.2684080625257096,0.2470807355981931,0.3821391484942886,0.1743084501705191,0.003390106155068205,0.0019911645161567867,0.0104703258485527,0.49295400551874746,0.10518613372358913,0.10132062941342954,0.32216693027705534,0.2237355150026496,0.14181727913634326,0.8287461799401994,0.5951848363550731,0.0017763608590245013,0.7022917608568847,0.07056869414042773,0.32463659166773784,0.7480109396346839,0.053708460274009405,0.4100048484253389,0.16469154306702793,0.47394224136898666,0.13310222033010524,0.45050711697595425,0.5628479539389972,0.6088634001581353,0.21641373453531382,0.7581975340084289,0.007279570925085545,2.584295283671338e-08,0.11587755756101716,0.31269586395207966,0.03223533556455868
0,25,0.6362420988499912,0.8163637952475282,0.027916912843052547,0.699340815618787,0.8105131769541408,0.02599952156162011,0.8571442072067732,0.807177842764152,0.740231331666696,0.77949141358243,0.6333170674968347,0.657686054424408,0.8066727643962722,0.2182750345527088,0.6335160339465747,0.02791691284305256,0.19542534987981885,0.6606194157368093,0.20564747495051866,0.20141999658679036,0.827153430066855,0.48373373199977093,0.11744221822447129,0.9454345944450258,0.11744221822447129,0.22992768150265075,0.1494499320772882,0.8825577817755281,0.8825577817755281,0.9412788908877658,0.911918336331647,0.15299348000042245,0.9607133371579091,0.11744221822447129,0.2862236636275409,0.20241425671330554,0.6697843287012334,0.9673487372978341,0.23396193252409636,0.2862236636275409,0.6760357565370526,0.4831417663290219,0.07599003477789212,0.20646932114483207,0.4900108619385908,0.22001217887587343,0.11599055215202124,0.05359569050700478,0.15849061716396723,0.45204704619645264,0.7428716940284179,0.1792062303682789,0.34938996555968826,0.3452929265195458,0.03025829463469116,0.3834361237444577,0.22606894027170177,0.4391047565437255,0.15938799762329176,0.17185953426336398,0.5373126674615079,0.23353402663747486,0.009118056757475849,0.005672804567667523,0.02476368941418896,0.41502369432543995,0.10569427929713303,0.1708298519743494,0.0311994918556323,0.025190210997720258,0.019087339237954432,0.6998911123501155,0.39981751824817546,0.004371825569931474,0.6375096003526827,0.08038864644669586,0.589570355781575,0.6732906389332862,0.049816394671153987,0.4880800380084381,0.20921623691600716,0.6583003981241653,0.1922956858338016,0.4508842078645757,0.48607516306035825,0.2741242653492174,0.18912717951268576,0.4819677949458434,0.0006833565973642946,1.0489540868730759e-07,0.15631763403161258,0.054791763284912386,0.24741962077493818
0,27,0.7021455008095927,0.7764402226248515,0.022689904796885006,0.6008921273329753,0.4250133288084828,0.05529586823158687,0.7807930839682592,0.45643508751920797,0.7283894866765479,0.7081904992249539,0.6698785447204041,0.4233365381035682,0.43270635275793784,0.14906067347978502,0.7416992233739076,0.022689904796885013,0.22944410999295373,0.2456751615125324,0.17469353397891008,0.06980724595559591,0.7728336262765007,0.3877682612233072,0.2276770892664616,0.8720696872089959,0.2276770892664616,0.3835045593830375,0.2826147363718868,0.7723229107335374,0.7723229107335374,0.7723229107335392,0.7723229107335374,0.29016107584862394,0.9005673556029293,0.2276770892664616,0.2536946752871716,0.19894980606186002,0.6425436958515909,0.8972740717264542,0.20224541486784675,0.2536946752871715,0.6352932967605498,0.3993171509966313,0.09998755892228012,0.2379494255878667,0.391902377998162,0.1663768350386785,0.06035303385151368,0.02892363244621418,0.10313434782523366,0.5402206041240407,0.6681004413590361,0.2411295256792614,0.40010559174337335,0.5061476816418987,0.010756492941006305,0.4901545570901168,0.17091976375794488,0.6607280667308478,0.2527705460174501,0.22417260249335058,0.3937660185880343,0.155561317085818,0.0036849069196205056,0.002335402079179397,0.010574716198774103,0.5474875564126122,0.20652105888979283,0.23134277853103904,0.17524397487064586,0.04058232499263484,0.17321151410144586,0.6927079130862,0.5566833941605842,0.0015470635914776585,0.6697467583418962,0.07597012386314783,0.38437141729955693,0.6370683818971046,0.0563541491693174,0.4055510337416352,0.17573637350012766,0.4947842747355442,0.14878565022260004,0.4246003606316868,0.5335309038202712,0.4625565248666986,0.17072185172989784,0.7290092565660592,0.0048526332217360985,3.704312794087964e-08,0.08874967965781654,0.2392604328386266,0.04036934324971638
0,27,0.6081685850695417,0.7283112088916627,0.010356810847683185,0.7717696930878921,0.45076636280478743,0.13751504492533317,0.8675539020834824,0.572813763288348,0.6777412697857089,0.6706504739859291,0.588238361743561,0.7654331550544506,0.4610852211432274,0.04911761876604881,0.7893490650519034,0.010356810847683189,0.17963083688639458,0.46219977417706404,0.5183523775033763,0.37079024802816574,0.939872024693809,0.5451283589821054,0.30727303220685914,0.8768496153441914,0.30727303220685914,0.47382335379418966,0.3726589965550792,0.692726967793142,0.692726967793142,0.9096255787626824,0.8156361806758845,0.30028398599947403,0.943835172991303,0.30727303220685914,0.6194122066426284,0.14548325763307685,0.83030418209631,0.9277018144999656,0.25487794641117845,0.6194122066426284,0.8194301711392347,0.5602115975600243,0.07396875627974027,0.15954553141269967,0.5965159869907188,0.5140280719440775,0.0669100970584665,0.09705398942993271,0.022286617632758077,0.12945072720697265,0.8729081894595532,0.16496768729501657,0.1887945688361401,0.5192125577889387,0.022584281856459797,0.6758711053069241,0.6175859153284815,0.20964907515383865,0.1797520661157025,0.10557019562831516,0.6642637075942088,0.5075384385729212,0.0038436750582427426,0.006991770042583943,0.0023690640898679526,0.12309843107848092,0.07566749540590205,0.08714161605331086,0.13878456247257992,0.14803288854415433,0.03755691406987267,0.8321169150989135,0.5756285482562845,0.0020612668060269717,0.8286982547479443,0.05874572747706314,0.2761418179267565,0.7903708833941727,0.043042022440100434,0.570416566795419,0.51999829801719,0.49365016373964576,0.4391720015432322,0.0935980463729159,0.13048279670083177,0.5242715866744362,0.5352873043316283,0.20229475245200423,0.0007471378932796122,3.632086308785398e-08,0.797750457288209,0.0801682002200615,0.21631363941223092
0,27,0.9272967728433125,0.9262757698227955,0.037399016398989085,0.38049910108355667,0.2662989743549389,0.05189864602766285,0.9236504624038618,0.2550111536710281,0.916913750357071,0.9009578566219234,0.9688247110066665,0.16734863979179201,0.24636811566730243,0.6333239618213231,0.8099535068076605,0.03739901639898909,0.5865296504893542,0.08576654414797617,0.26130119464848606,0.0777804079056447,0.6884032396014096,0.2073877986886349,0.26826381972031416,0.7357169496973087,0.26826381972031416,0.4287159460567112,0.32827521818852506,0.7317361802796878,0.7317361802796878,0.7317361802796825,0.731736180279686,0.44942504949947115,0.7389526575126606,0.26826381972031416,0.3782492924746179,0.5029463129800646,0.47708298913862646,0.7877850755070028,0.6616252015688585,0.378249292474618,0.46027148639362947,0.22675503450247209,0.05796662913389668,0.5460183538174781,0.23347070743132783,0.2497904820472951,0.0574784413353724,0.045310386532543774,0.04973638504693083,0.30970848853705785,0.5296022004575685,0.09599990706319383,0.38109314667404015,0.5264881667393938,0.012845901000613507,0.5954739381994899,0.28229688888130805,0.44289017120924945,0.12115641711229946,0.4165131447918742,0.29614485981308414,0.2216748768472906,0.004703504150254627,0.004761533947822213,0.006184690005993726,0.3551697678879724,0.030655469678953627,0.10324083824768324,0.25072749761265006,0.08776545179136908,0.2122061074878818,0.6408199767202213,0.532325338894682,0.0024060072752298952,0.5472091606134485,0.028062589702880072,0.2853309748031201,0.7021456380370574,0.033164749936729326,0.21761345262577142,0.2662843283854261,0.47991121910362033,0.22740964785355125,0.21695748916889368,0.2931832635735732,0.544853584308428,0.2692024548597052,0.4896613064526091,0.001180616024673134,7.973800775027571e-08,0.11280851596512322,0.15775719547834915,0.07509232663110375
0,29,0.8755216083929949,0.8957552973821601,0.05083955223888213,0.6058618166756313,0.28089953613073126,0.0490609198908709,0.8978816431640784,0.3084062774289081,0.8818573424460616,0.8790347292800862,0.9099010697510193,0.22297508355564574,0.2954810603647744,0.5418683184494826,0.6820296266213097,0.050839552238882146,0.22059872954308146,0.11960866447245026,0.1655859657628424,0.07033415705162933,0.7962032063027695,0.40252021486461975,0.11623748753793627,0.935393605158459,0.11623748753793627,0.2299692373398993,0.14820302193032994,0.8837625124620629,0.8837625124620629,0.8837625124620629,0.8837625124620629,0.1728965799787937,0.9322260090471137,0.11623748753793627,0.23878886581069447,0.22472972618263837,0.5887549389551155,0.9481221319817551,0.16749594130320122,0.23878886581069447,0.5927523025635458,0.40369450719506467,0.0562600483108853,0.23142305681714914,0.395258716182029,0.15205999023502542,0.10115271046194017,0.04466651124642391,0.14440058560233948,0.5797849476406318,0.6970800691859986,0.14093097323474038,0.42233930431138256,0.370294564549292,0.02200052798099015,0.3421832573191663,0.1476636624791854,0.5317807727841122,0.12261029411764707,0.22979735112527389,0.390911214953271,0.1330049261083744,0.00820616930298967,0.005642357712513531,0.01975285461844541,0.6131018607327834,0.0936385255648038,0.22072451558550968,0.1640253667743335,0.041924113590495506,0.15759976759230873,0.6392020750463961,0.40477770404777647,0.003399095154724981,0.6182539350833295,0.0548530754443451,0.5112410275770882,0.6130874760086449,0.03600157001191402,0.410206443208755,0.16370947153433751,0.6282639839027961,0.15821530969498757,0.48782751098610044,0.5654547336916113,0.3185073269612294,0.14371950186524834,0.6370689379823006,0.0021729982285306,1.2759854105181635e-07,0.04793462692568791,0.1292138488396317,0.1099759615384615
0,29,0.5835915817250389,0.7244060267586133,0.015096782330164073,0.7398797640658222,0.523218969961543,0.07318118383954543,0.7528709027080358,0.5811598355491862,0.6605942563396301,0.6645664925240555,0.540223831598384,0.6080171241387825,0.5260614143124674,0.0024747953016903135,0.6172236669457138,0.01509678233016408,0.17970379152295934,0.4077834900012253,0.48226068348795903,0.29507856337631583,0.7753796485296826,0.5343240271049043,0.22561833628584207,0.906866642998793,0.22561833628584207,0.3803479466973016,0.28007652152384527,0.7743816637141556,0.7743816637141556,0.887190831857076,0.8307862477856176,0.2437735021779357,0.9540746703513845,0.22561833628584207,0.5863053246546899,0.1504811965999186,0.7762467709495339,0.9289078259848288,0.24335953285203216,0.5863053246546901,0.7731818158588494,0.5423044534602346,0.12534213912779393,0.20339704784820756,0.4959258674492677,0.4689308279790364,0.08058890156143624,0.10065288854948609,0.03639255079829273,0.14565591748613982,0.8085208827540153,0.27823282149438305,0.28059015691823397,0.448961641515503,0.022760193439313764,0.5427208776569116,0.47707263259218025,0.17649251280024505,0.28175910956348715,0.20560794473918031,0.4800675282926361,0.45366021308282733,0.00783579149406468,0.011853903688913203,0.007048186978107983,0.1246748959443966,0.089179548156956,0.06937560000783677,0.17959717461871472,0.183452121011048,0.04100040766965379,0.8865554427597323,0.4543795620437959,0.004571731435929078,0.7644036976081351,0.10425962493358282,0.38920430044243415,0.7175277022794255,0.07282828328569295,0.5335705062108551,0.48305537579186725,0.5571656544448169,0.43078005334895175,0.12733320202218174,0.1557987850829567,0.44774347566518,0.4568831630500099,0.19230885917393264,0.00191085070587113,2.4142188235519588e-08,0.31089446871177084,0.11258993927961498,0.0905317379112006
0,29,0.6074024088584876,0.7505174436319118,0.0057477851761688825,0.5337425037138613,0.5390421667820446,0.049852835762383405,0.7525562834766923,0.5397207169459053,0.6747913382802737,0.6658794025005101,0.6312549113707663,0.43524567684217264,0.49800346605632095,0.031380466740100366,0.7499647260276638,0.005747785176168885,0.34562813454334385,0.3765256112822576,0.0944105770261339,0.08442935427958216,0.9435940382523876,0.33571479788883996,0.14883679467249336,0.9021675788489758,0.14883679467249336,0.278971848414633,0.1884041282473871,0.8511632053275058,0.8511632053275058,0.8511632053275093,0.8511632053275058,0.23214182762776125,0.8936315115482717,0.14883679467249336,0.1375406561035537,0.3285718852490525,0.5476961439587309,0.9214421816164418,0.45597604035514283,0.1375406561035537,0.5467260744380861,0.3413664799215867,0.06583637963239954,0.3473975742609535,0.3356161009809603,0.0939348581100584,0.09364592278667087,0.0274354471030999,0.17817507447156744,0.74041270647145,0.6153439831833247,0.13503563322122275,0.38123405508502517,0.414096297131613,0.028280691508552017,0.4204262547727059,0.1447595734103363,0.6495989010308773,0.13707983193277315,0.2661208412197117,0.3724754699387542,0.11259676284306824,0.0071723458550336525,0.0035426825809748153,0.022815145620018996,0.6724671836891288,0.06157635467980295,0.13557110572395198,0.18642766237391667,0.1581511564513269,0.049060436423582904,0.7046869636794687,0.4543795620437959,0.0037239232587319123,0.581548386741969,0.05070645753970676,0.4678069438687107,0.6473436958483807,0.04063661881253525,0.3444022554742426,0.09447828148364269,0.5866472654033088,0.08550290316538678,0.6437809759248974,0.7492198245899457,0.3698855860940514,0.12278825384002036,0.7772656921701571,0.013835289794046517,1.055293428089177e-07,0.05930330975630714,0.14226953309184867,0.08785405664906382
0,31,0.8420704847876301,0.9006533401439064,0.05185473965014709,0.7094133659921537,0.28264613797991534,0.23963104306882943,0.9080707609955343,0.38889335161092475,0.8738564195264376,0.8788568282085557,0.7555255620561562,0.5368660228520176,0.2836961368025736,0.529146714823472,0.3991538635327749,0.05185473965014711,0.17742984760180547,0.25949436413302196,0.589010883108285,0.25538609857904937,0.6480647215599002,0.4936257035945874,0.4003555482620131,0.826889637825011,0.4003555482620131,0.5715553806960112,0.4748396360675668,0.5996444517379853,0.5996444517379853,0.7998222258689935,0.6997333388034903,0.37938698629152,0.9064416482662383,0.4003555482620131,0.6850833988221634,0.11128417084600567,0.8143423715561411,0.8979128037317613,0.14845209569047102,0.6850833988221634,0.7922752953439304,0.5182790137610761,0.06915406167999719,0.18567300735264036,0.4922368674487697,0.5454380653886582,0.047387625243869316,0.09528429055156293,0.010016646207150745,0.1072364425876756,0.8190705333119559,0.1451395866940825,0.15661769021267957,0.6069259017743763,0.017235743076154247,0.797292203282688,0.6521170270403629,0.20226935496460555,0.17379679144385032,0.17483904106912684,0.49204885150077227,0.5062001019194836,0.0035320237198904177,0.008467016180034636,0.0012620628899425593,0.09850043326696528,0.04920250932797572,0.06337683204994249,0.026824443295915715,0.035574675193968536,0.005026133618312902,0.8736529391701029,0.5967153284671527,0.0019797246288751863,0.8218420158582914,0.04666196378045652,0.2034345501388226,0.7740297511759404,0.03547019434150905,0.5193191614410897,0.5847920436003596,0.4082466748311282,0.4853410350165157,0.06342037653620862,0.10673982813955901,0.5600271424489874,0.5781875937680917,0.1717864386330611,0.0012752947275779134,2.7228793846143975e-08,0.5827392387207733,0.18737735800484598,0.11297249334516411
0,31,0.6049062158940908,0.7446485542025572,0.02377276702488647,0.7862491989754243,0.5507047615145647,0.09374269055211097,0.8296028537251057,0.6042660782838761,0.6862303412651227,0.6947175434455704,0.5492034437608827,0.7570972000329615,0.5217289394026766,0.06954194261268443,0.6486957153593459,0.02377276702488648,0.14134552662278987,0.46699924982604935,0.5738093725257419,0.3450575079776707,0.7853334790661266,0.5561269160146792,0.30432406285129193,0.8803174596935526,0.30432406285129193,0.47266796852511517,0.37030392646908433,0.6956759371487085,0.6956759371487085,0.9104929226907963,0.8174055622892258,0.2911783081483398,0.9496128672376942,0.30432406285129193,0.6680360142972153,0.10441601143056495,0.8378749111932804,0.9357643442177038,0.06333568937292045,0.6680360142972153,0.8275641439044151,0.5706907376560393,0.11509219358300908,0.1455411155898082,0.5823776672220548,0.5482716166739898,0.1389465177787111,0.17663865315202168,0.04208221242286736,0.11604386295959947,0.9510893173404009,0.23901638561544578,0.13248058351644154,0.39911071451724245,0.07639797280641268,0.4996100124654924,0.5338977760156042,0.1427930381107078,0.23356593191600367,0.11695980984564402,0.6238832025885793,0.5382674516400336,0.012704486608904286,0.021584728296786364,0.008738928129070983,0.1031403667192245,0.07721643803833995,0.061566735008998404,0.28567253387849173,0.3709539827300838,0.05495310531881529,0.9238201234030263,0.40587996755879935,0.00918944362237161,0.8261413158665069,0.10770334707324919,0.36536144789520564,0.6659303079121488,0.07221255295864379,0.5839772665149114,0.5719513232916348,0.6031145570637526,0.5310248886199439,0.09075716126361823,0.11478068813196668,0.43156511499171557,0.532401901390742,0.14782781900828668,0.0011565275999987986,1.3874924208879833e-08,0.8085998319660774,0.07964502104681215,0.1330106310789414
0,31,0.6730825677059481,0.7529607867306402,0.012930636434040882,0.607316368072717,0.2823043474905512,0.17317290699428706,0.7821278552589862,0.40522226973297687,0.7140961116702409,0.7156357034096928,0.6171386292788711,0.5259277976010343,0.306442609315828,0.11441680684929523,0.551786447655281,0.012930636434040889,0.2620223204019241,0.2620055868982835,0.65643688512184,0.10231536010364277,0.6953215915053605,0.37660250708651516,0.21584331163542525,0.8746685767188589,0.21584331163542525,0.36495319991023234,0.26757900911999516,0.7841566883645754,0.7841566883645754,0.8920783441822913,0.8381175162734298,0.27857184587166817,0.8988066451656398,0.21584331163542525,0.7466184817393395,0.2562095076042488,0.6255009338881264,0.9067589347461058,0.35949122193087535,0.7466184817393395,0.6191103283251839,0.3873436293054568,0.051867809537141346,0.2095024047926668,0.46071142096165707,0.569161787199574,0.25603329224093474,0.3628976611905506,0.048698143574893715,0.09236462170844041,0.7462653332524898,0.12457591886941519,0.3112097698557633,0.23720126757501914,0.16697583929564408,0.2948968490716094,0.38143004409767006,0.13460095361700977,0.08299214572192513,0.161237645638319,0.536762558411215,0.46182266009852213,0.031798435821338046,0.06938695877624028,0.014490244708418835,0.13425570688662955,0.0334423305588585,0.11146798652064027,0.06485995654918283,0.07248552001376492,0.021577811799023197,0.7279926558094955,0.2725060827250603,0.025396024996172023,0.6026321331677474,0.06224318624302233,0.5628760100804604,0.5762655125620184,0.04242851632075416,0.40899705159863275,0.6437962726576462,0.763228347464679,0.6782517133238243,0.057335637915956875,0.06967594989129308,0.1996751882032718,0.4472532612014137,0.08531696678492887,0.0005992044615110144,6.087190705091555e-08,0.32577069183369023,0.08078939072089697,0.2089897510980966
0,33,0.7186305260580403,0.8380166559146801,0.04302994170595608,0.7048984830685492,0.44681015675358804,0.05851852947577392,0.8514172618582807,0.508874839966932,0.7766255377699073,0.7696593255871333,0.7183429083790538,0.4845544498839549,0.4616126941831873,0.2798274734648497,0.6975853828532549,0.04302994170595609,0.28247930648591313,0.32192352976784644,0.3143407903423812,0.30415203917454453,0.7895198319841749,0.4676846778973717,0.20111384864086335,0.9050030874545327,0.20111384864086335,0.3496066916278816,0.2512308831059598,0.7988861513591381,0.7988861513591381,0.8994430756795673,0.8491646135193509,0.23359228372107665,0.9458826938666735,0.20111384864086335,0.41939380003372606,0.2636929650271121,0.722879824054373,0.9478219944038108,0.45085803085780196,0.41939380003372606,0.7210614697248683,0.47499701340644634,0.10628401849882028,0.2601530888422806,0.49708644846992933,0.3207671491211118,0.12289742147601758,0.08509112131260693,0.10188778203470715,0.2862716875139018,0.7562983438251565,0.2378225052401454,0.3731437662631937,0.39683029977157724,0.05431419771511113,0.4819457794292016,0.33572425183219984,0.33875597354661713,0.2355018788842318,0.1953081207940528,0.553784398189551,0.3195313540141126,0.008202429583376112,0.00784577337642387,0.013559425670929855,0.2770672072417708,0.20969245107176138,0.24307832047079295,0.12161517699500804,0.05441917233288764,0.09463755785187009,0.7187131242067506,0.46953568532035694,0.00545819269820942,0.6909337887846917,0.09176043550122465,0.48548906373824585,0.7462177392263307,0.06909824804163489,0.47986910313137604,0.31546251382861035,0.6114842962134823,0.2842656760525275,0.2642670836805205,0.30068675156158325,0.3878128949138938,0.29393727450808327,0.37904738085187406,0.0012268001011319963,4.164826209371224e-08,0.2399835448706985,0.09107865032099756,0.10757415684681018
0,33,0.5855449084619925,0.7213476683759404,0.014360019049808173,0.7803761618526388,0.4928457422061256,0.11585729544730243,0.767476293448751,0.5934584755041682,0.6565884603815813,0.6573377717310612,0.49643956828858327,0.7223970420277319,0.5061007269394272,0.0,0.5692120191080727,0.01436001904980818,0.14456870925279797,0.45540233273602726,0.4730503063679997,0.32842031533205013,0.7582356328010417,0.5596821562113032,0.27579080233134595,0.8916162410267787,0.27579080233134595,0.43943693243444476,0.33765121797542125,0.7242091976686513,0.7242091976686513,0.8621045988343283,0.7931568982514889,0.274609774285546,0.9513679257961455,0.27579080233134595,0.5763775120061396,0.12294604982117258,0.8183667069858602,0.9251700641094286,0.22359730684408596,0.5763775120061396,0.8107664570740145,0.5715947632568406,0.0997016527220668,0.12835701807381905,0.6178638520488916,0.47437198079642195,0.19183975538632936,0.1735597476101934,0.08311488432772873,0.1737369697313848,0.92307047019844,0.22386332279243562,0.1721548984690613,0.3574117020250801,0.1187989321924058,0.4095902179795784,0.44652745649468617,0.16344552729302578,0.1838808250572957,0.08039296180531563,0.683349227541484,0.4588318085855032,0.01624941199334549,0.02070642714435857,0.014862381716353614,0.1747992655723329,0.10191948360794971,0.11455736464762814,0.019898007972328203,0.021625389198527453,0.004850811417587093,0.8743880475198575,0.3634428223844281,0.011874752851914017,0.773311785573208,0.10546501481943193,0.4471225709268656,0.6173160141391687,0.067258028582263,0.5899235809116752,0.47720558736642466,0.6416921526685173,0.4452196052683036,0.14826001840405034,0.17347255705263787,0.28494937871474424,0.4031810836271902,0.17433771880265414,0.0021382535387770656,2.2159222592242966e-08,0.34463499911908346,0.14058416965881182,0.08383118684366946
0,33,0.5788452240846759,0.8207696316717524,0.015205234115523526,0.8502545562237053,0.8567752643457137,0.04434707721773837,0.8193714661229925,0.9084904126590498,0.7219038311227914,0.751946411876707,0.5787929339380676,0.6790177107453382,0.865078395717303,0.19866135831205967,0.597103429597236,0.015205234115523533,0.12340488857081977,0.9138232805430362,0.6141887986559205,0.5788683509183614,0.5067181931277229,0.7073623569838429,0.26687018637415216,0.9162386843373744,0.26687018637415216,0.4313371459225312,0.3282696140703679,0.7331298136258457,0.7331298136258457,0.9215087687134833,0.839877888175506,0.24047819839539686,0.9729037596480451,0.26687018637415216,0.6942215769265552,0.11087466107973193,0.8722345388618049,0.9561154423933629,0.20819761518668245,0.6942215769265552,0.8672525489497515,0.7150626994532482,0.04733594162310999,0.09843341394210858,0.8040282394475291,0.6204392749056885,0.054705377922090584,0.10418888484342193,0.017532537097280636,0.13000289201950527,0.8464281713973265,0.14064294724907483,0.33730332430781085,0.540268387273913,0.012712204309432153,0.624520028571295,0.7554404643048367,0.18219913315227745,0.11332784862196629,0.010258983276157263,1.0,0.5987116331943917,0.0027741235332866855,0.0066721716801326925,0.001370948827541815,0.1432882291313137,0.10118448733193085,0.1712486852140795,0.25696446970701875,0.1838735996066493,0.14720097173929805,0.7018447018364942,0.6180656934306571,0.0013035413362466966,0.8250858352970599,0.04378203198581308,0.33006432766006966,0.7432144834373762,0.02718764340435159,0.7304047667534084,0.6198557569568547,0.4696750572863553,0.5127440315818289,0.09091449103517989,0.13084170203954856,0.585138909593523,0.6550854633591588,0.25424688008612045,0.00030383005458855167,8.868865684645287e-08,0.6060142782198987,0.0895574943321501,0.35139315029719775
0,35,0.6337392580188209,0.7832769436375456,0.015723159193676728,0.8028058796446571,0.6485403015424795,0.08574814514081665,0.816256584119471,0.6960545073875446,0.7017590713936929,0.7024013951741602,0.5503532621340971,0.7260408432527466,0.6097834509169602,0.11955685264457461,0.6136705755393712,0.01572315919367673,0.11932358024693301,0.5875088250469064,0.557744239927209,0.42354304912622126,0.5826433203342828,0.6358361396990762,0.1671614813268858,0.9410035762627489,0.1671614813268858,0.30449049008731977,0.21062584997733808,0.832838518673114,0.832838518673114,0.9508348584332715,0.8997031112038698,0.17502699572190017,0.9765097683420193,0.1671614813268858,0.6487712545984174,0.11903243932249524,0.7799568293047275,0.9891740152055926,0.10454191176502103,0.6487712545984174,0.7837347846092226,0.6362097838949363,0.06604154958689004,0.13611588950755626,0.6425812774739004,0.5605790209350866,0.07754590799495305,0.11278210834145758,0.030627099599513707,0.13267146183328526,0.79447139810283,0.19605555165575572,0.4454403700686309,0.4431987329334345,0.015788027678377156,0.4326666786319825,0.5607712933370725,0.11568440207317132,0.16089572192513368,0.10445573037686151,0.7089927310488059,0.5779967159277503,0.004990629301459426,0.00911215898846801,0.0037254887267694774,0.10546390434170991,0.111474435196195,0.15754001684919966,0.35250493075930855,0.502534634436105,0.06544724175660911,0.7898300116856696,0.5150040551500401,0.002425118433270242,0.7887296812405346,0.06479423833618568,0.42124826555468875,0.6657392505070099,0.03894950189255525,0.6522013726855223,0.5611862820185516,0.5589749571033897,0.4944012478194909,0.11670633122869818,0.14366566587293372,0.4875200709637194,0.5790730068451053,0.17629838575427026,0.0003521593679765364,7.732714942566778e-08,0.4341965409476573,0.05028275952228802,0.40300544625986434
0,35,0.5972043443239564,0.7302081781356188,0.013072897938745803,0.7281598164933679,0.474068708114733,0.10526243306377293,0.7560799831273115,0.5570998912517471,0.6764397839450618,0.6886022519079429,0.5444405971617063,0.6069902723826597,0.48164691752604416,0.03818818031546334,0.5512954755630297,0.013072897938745807,0.16532714259271952,0.39930867595949543,0.5333682526978623,0.2392433921903767,0.7460820840070093,0.504332938503496,0.23724945554091043,0.8963711442263496,0.23724945554091043,0.3936504705028106,0.2932490483932587,0.7627505444590899,0.7627505444590899,0.881375272229544,0.8220629083443161,0.25861562382671055,0.9437498997466173,0.23724945554091043,0.6349363472349963,0.14396787434602326,0.7551749156538015,0.9300065387389992,0.1460773652680195,0.6349363472349963,0.750147969963536,0.5140529493187523,0.09110015721795953,0.1679043155653297,0.527714014145935,0.5114985842580486,0.06910972895618238,0.10472086851366028,0.02207617786564317,0.13025972814371028,0.818005187738311,0.22044349610308028,0.2935390720377502,0.48286412881257934,0.014620159339095001,0.47969241744478286,0.5116231734734854,0.16153609930629817,0.21821253071253074,0.14529902095639502,0.5514769631970945,0.5059246438556783,0.004270949878994917,0.008335577983370465,0.0025192854094957533,0.11354669459407615,0.14823087058521062,0.16461692686105803,0.18105014221232105,0.3433417197524797,0.021148487488085982,0.8068049558934085,0.5205153727051532,0.0016193240476136167,0.7544356105621665,0.07869218073997529,0.3878937646122551,0.6483754078595123,0.05302254480823438,0.5276906306840787,0.5320398263977534,0.5184459541499684,0.4668933488937236,0.09260023433419327,0.1283870907020301,0.4437536086577524,0.5295854809180253,0.16477273065490772,0.0012653372254997186,3.78090086475641e-08,0.33405100471077837,0.10934893060805025,0.127390100764035
0,35,0.7377913672788075,0.8283790035153864,0.025694954462890766,0.51047511777072,0.27871803498430325,0.1150217676505327,0.8259806937970395,0.3821151796713779,0.8082600281334138,0.8122230894380109,0.7587056754458126,0.3532029738735496,0.3219560012857791,0.3542796766605415,0.4746424045594899,0.025694954462890787,0.5087135950210033,0.22307086245167507,0.2960095026612596,0.16100423064131297,0.7374389015364531,0.27290802464402913,0.16331018812699277,0.8696141195033087,0.16331018812699277,0.2970897178994984,0.20556331654912843,0.8366898118730077,0.8366898118730077,0.9183449059365074,0.8775173589047558,0.2640697203700626,0.870432937919939,0.16331018812699277,0.4125669782558705,0.4931105892264816,0.5287285234227865,0.9332366825668811,0.657758987360553,0.4125669782558705,0.5255312149604322,0.2813127276606283,0.06572253284946841,0.4342824810386475,0.34246041742434374,0.2958847245960786,0.0925065943017712,0.06958866428546875,0.06389350285795667,0.2728682775422128,0.6310011646208011,0.11758311604750799,0.3602626991926694,0.416153814195371,0.022896065131620028,0.48264815944500306,0.34477842358908134,0.27912830393327115,0.13569518716577542,0.34485686432771834,0.4112667305252802,0.30075187969924805,0.0070524692920535285,0.007352152366014915,0.008299038183791251,0.25922037012731336,0.07275173665435886,0.18321054265157855,0.026018397057835527,0.030613244722023744,0.005861935062611407,0.6324731198588149,0.4543795620437959,0.00357073462597931,0.510616039455528,0.04714018662725365,0.5283729266638708,0.7342872701499943,0.04386790218010631,0.29028913254875055,0.2964204614164976,0.5911598333659358,0.2673357684990063,0.22429394612453163,0.2707319598302102,0.3543189319426322,0.29175019628898846,0.2933983131540552,0.0004745660969878128,1.06249421328744e-07,0.1993657253018394,0.04521880346903647,0.2193759257430631
0,37,0.7741004018082335,0.7953261956016864,0.05118710253877043,0.16225694852684286,0.19193414127111713,0.12839819083037513,0.8433793167417183,0.24928574849208193,0.7835132311050225,0.779599505611199,0.7739902522803085,0.3619604710491001,0.20102719792703863,0.2796668327770503,0.6893244452901757,0.05118710253877043,0.8820480441734981,0.10268553158913113,0.3112599286431647,0.02161256306004101,0.7973041581257804,0.042678893571344585,0.15075393550286473,0.3402469478766621,0.15075393550286473,0.2745042982866618,0.18964258400986606,0.8492460644971356,0.8492460644971356,0.9246230322485687,0.8869345483728512,0.6862536697808468,0.36130168502140425,0.15075393550286473,0.4455845646427581,0.8531276222111246,0.20077473368187673,0.5287824944951698,0.9124064607726706,0.4455845646427581,0.18933910692236136,0.055267634957111365,0.1997851082884437,0.7486855431813522,0.1368615411543542,0.2950064262631714,0.17060368722801272,0.11694916723504947,0.08473114183804586,0.21158974619712273,0.38286343612032664,0.28068768896738566,0.4603811796684656,0.35057045778808515,0.08865190776534156,0.3896013097071235,0.25009387438243913,0.3421942529668549,0.33560327540106955,0.6474766916450906,0.19742990654205608,0.30788177339901474,0.017863338764859075,0.0184274078652016,0.01744802377521515,0.1840111260310762,0.26893207491082044,0.37679351832350455,0.04980984904084699,0.05616419250836384,0.026153703912570343,0.4423103899734727,0.3244699339589844,0.011721766081682872,0.23064871383150198,0.11554811787734055,0.6026284903518175,0.648408702598906,0.14510768087636775,0.06336683183770189,0.31081549290637883,0.6510242660061947,0.30012051069365164,0.1482732135204799,0.18562998239983436,0.2836820462431945,0.2552180814736774,0.2466689377241939,0.0006444421005012181,5.457808297414099e-08,0.1944303851390096,0.00843639401622214,0.09618598382749327
0,37,0.6110675557988193,0.7526139298703416,0.041268996450743625,0.6698466919780476,0.43396569873364277,0.13260274060824268,0.7897079134631568,0.5814536808084226,0.7129504218934863,0.7373284705821896,0.5556399215600449,0.658592630004121,0.4709559501007212,0.13203988434327818,0.45620951132346393,0.04126899645074364,0.2614441627098115,0.4536114202282954,0.6419265094575692,0.3679281098385501,0.5030274675638704,0.5191924146750382,0.20861405664234603,0.9109724667374428,0.20861405664234603,0.35757050532515333,0.25970511297308146,0.7913859433576533,0.7913859433576533,0.8956929716788267,0.8435394575182418,0.24242353342727452,0.9380675260891296,0.20861405664234603,0.7272243583037519,0.22188381214523017,0.7056822735162941,0.9469959536359402,0.3530570320866834,0.7272243583037517,0.7024921572669773,0.525991067392808,0.17540389420094527,0.3153924875978764,0.47841320627226047,0.6431494873454878,0.18577335817669666,0.21617591741016487,0.06295106995070882,0.08280531385269231,0.743968015087553,0.3322295302510295,0.27667208559288226,0.3542354100579038,0.1092579498124287,0.4480073010128417,0.5679981637648899,0.11222153620563541,0.3612076648841356,0.36070971057361545,0.4789015807084342,0.6436781609195401,0.016427549451357888,0.026072078462603517,0.013052297740625616,0.06167913549459683,0.21700356718192626,0.19810290492683078,0.02516940926970223,0.036592148819903296,0.0068985218054146685,0.660791836857493,0.34720411887382663,0.011250878705898016,0.6585832213891744,0.1500452459380499,0.5353480707556542,0.6773928383617249,0.1085304795840157,0.5211582328406048,0.6505912870637149,0.6494749893778693,0.610130796811355,0.08234552964536375,0.09305163208258771,0.29844606771438775,0.5356914084788296,0.09880733006624223,0.0012232964387650837,2.0139851022857405e-08,0.2920907991266784,0.09747550844907633,0.09949531383129791
0,37,0.6469984366932632,0.7734922991873887,0.020440763535888164,0.4477257667036493,0.2545272426072226,0.1181923075802264,0.808210460813549,0.5162672386133551,0.7467690207031744,0.7650921449862919,0.6301207542662042,0.5578309999671442,0.39573141587782756,0.21032667009569828,0.46834432628532674,0.020440763535888178,0.4851308431315122,0.3972472965133308,0.25294099182317986,0.09576253395734843,0.6588277359099064,0.26981055343699417,0.0,0.9999999999999984,0.0,0.0,0.0,1.0,1.0,1.0,1.0,7.771561172376096e-16,0.909101684932273,0.0,0.3617670706491366,0.5181272504436296,0.36775765546005584,0.999999999999997,0.6507242057128441,0.3617670706491366,0.37861768975792204,0.2635822480391211,0.08382499195055684,0.47648468229806507,0.2692300285766768,0.23849046578623745,0.10306723714090575,0.06576381341650978,0.0875854167174092,0.3409358805516358,0.37036232215036563,0.21127570830405804,0.8747465111568744,0.3449508643076956,0.010066323651076898,0.19198268771269178,0.17162995370025852,0.24555825982121557,0.1575033422459893,0.4165131447918742,0.29614485981308414,0.2216748768472906,0.009164943234269949,0.008690266958703705,0.012684818397728148,0.3551697678879724,0.3433412604042806,0.8104465037910698,0.001568332400958768,0.00236015712402667,0.0008436016829792422,0.2515262658615249,0.3634428223844281,0.002821606381896774,0.37239086477268535,0.06931264867983337,0.753675477970938,0.5326896366804161,0.055886652973079085,0.27098062777482607,0.25011169262190447,0.6480168466688572,0.2407162942258466,0.2929839234522025,0.33611139869551715,0.20822861027246076,0.1931244250550292,0.3204127995410477,0.0,1.0,0.0,0.0,0.0
0,39,0.7467819820202278,0.7924795462559139,0.034340181380190044,0.439428881790247,0.29786355772149375,0.12807437856081078,0.8632037293402245,0.3587459198171059,0.7748447574648264,0.7698424455744535,0.7295561084211721,0.4888634507983587,0.2982417387037576,0.26429037636963293,0.6916478054046421,0.03434018138019005,0.5977258851870539,0.19144555386852447,0.30677409427741076,0.13904941244164423,0.7767522223844129,0.22190752902484323,0.19311280263272365,0.8152872685383439,0.19311280263272365,0.3390162277845847,0.24167779108394902,0.806887197367276,0.806887197367276,0.9034435986836371,0.8551653980254574,0.3278762241702414,0.8213708322648565,0.19311280263272365,0.42840190733878014,0.5551950484991843,0.4914956675484195,0.9187317137191199,0.7107673074969588,0.42840190733878014,0.4837660444527768,0.23417296577181743,0.13277297588901762,0.5319219544019396,0.2656814561204381,0.2805344088475083,0.07346745946631002,0.06295990708426633,0.04516675551089651,0.2712670087153137,0.5873404090501229,0.21892010931573194,0.3819771751397931,0.46207958620399536,0.01580681596609703,0.428266068435217,0.25736489312599825,0.3351215119748119,0.25006684491978615,0.4225641195866252,0.3246625129802699,0.25287356321839083,0.007507451760439457,0.008238042552861789,0.007841271439475918,0.3068738410384295,0.14120095124851367,0.20434334924646627,0.017497446325535564,0.006875153045499055,0.01557533559915431,0.6585837675023252,0.4367789027548855,0.0036209221848474333,0.528508983871656,0.07456932517782418,0.4082293807559678,0.5882945037578582,0.0830623534473085,0.23299186677550518,0.3046521778517134,0.534394015872935,0.2755499700922609,0.1774756747228315,0.24263848858994952,0.32124508862704626,0.2564409931014665,0.295583753670751,0.000778752249021973,5.3040928793890314e-08,0.23927462511341469,0.03769655979447952,0.12345633599100019
0,39,0.6395675469603905,0.7702571778221068,0.04412055982389568,0.6504987853585709,0.4101938579184152,0.22438522514179132,0.7993239271816415,0.5965230660036256,0.7296075014407597,0.7545570202761687,0.5180714125045676,0.7504244011500153,0.4249699493931698,0.1811053561712168,0.3502827069353707,0.044120559823895705,0.33830848416529,0.5383733972081671,0.680480806704727,0.6676861916351619,0.2429751414787822,0.6066417188320361,0.12525238787179346,0.9534418229605266,0.12525238787179346,0.24386133161523318,0.15937739333772744,0.8747476121282052,0.8747476121282052,0.9373738060640981,0.9060607090961543,0.1691619869230696,0.9450947028439568,0.12525238787179346,0.7537458726175454,0.34727601968471894,0.6282286432845959,0.9635226650723308,0.52541545191991,0.7537458726175454,0.6323533005723772,0.6039157764354096,0.16120332138286422,0.29155268608060037,0.6499637563215461,0.6319978964736257,0.09112392178733582,0.16017281840705563,0.023695334155608892,0.1219405316992296,0.7001678682938166,0.3730146410993539,0.47614308218114565,0.4101479218862617,0.021346837757141808,0.4081425939745448,0.526339614454877,0.15308475151684267,0.34664988990248513,0.22231663537555946,0.6351762621852847,0.5911330049261083,0.006625569085494015,0.015530578979361798,0.003412294141356739,0.10463659854887666,0.31475134643631525,0.2590821947491519,0.10057445435498892,0.16121191861501463,0.015424898414470015,0.7041666034506769,0.46529197080292006,0.00332955579819302,0.6172742235691048,0.13498122396425946,0.5559476454222296,0.6735031232042517,0.1057892709426811,0.6186885036479413,0.6763441409241766,0.5925877387998244,0.6315106545449307,0.08214036669707044,0.11116264623667044,0.3454393033305504,0.5636893839581474,0.1401265655904349,0.0005121673103057114,6.372826833105313e-08,0.15154457356339754,0.0733645575173683,0.18914427534535233
0,39,0.7099093958864112,0.7894798507755256,0.03277954061749428,0.507992735514807,0.37122577269661206,0.10819199729493871,0.7867561848404507,0.41430437479051074,0.7427823877011954,0.7391663534508154,0.6725925241370356,0.43111062048999105,0.34958861365438365,0.1865891781369221,0.6151793047459837,0.03277954061749429,0.3885069856243174,0.25212122641538626,0.23084955742383867,0.0881457690252607,0.6754411781054465,0.31487002414388665,0.12402882395351252,0.9126759647339375,0.12402882395351252,0.24000838391918689,0.15757899424081323,0.8759711760464874,0.8759711760464874,0.8759711760464874,0.8759711760464874,0.20844088989904763,0.8889817093408302,0.12402882395351252,0.3322630827939764,0.3776310353421796,0.5109835467440482,0.9298802419255169,0.5165472113730601,0.33226308279397654,0.5117868444442968,0.3187691678615202,0.13586938122822548,0.3826248523634941,0.31749964713609796,0.21993856105625204,0.07869925548029198,0.04874979976452417,0.08490416809340048,0.3922037361225036,0.5573453056058089,0.30445254243368486,0.5652717169706991,0.42695577878010094,0.009858746934524891,0.3556285670763788,0.19937486943422983,0.38155200309300663,0.28915998217468813,0.37569307673204644,0.316862812968732,0.21346469622331687,0.006204007705563481,0.0050426201480115555,0.012366873391607244,0.37905236907730666,0.2873563218390805,0.3532039481211061,0.09458966183511631,0.07535067684601074,0.03145554360602479,0.5711886371101116,0.42566269688820535,0.0015914401866179652,0.512526856593107,0.10248206499792516,0.5762445335456188,0.6001925540168016,0.08346406259882796,0.3218347005349331,0.23146070435214916,0.5702086249680245,0.21044366069553125,0.31850591070544215,0.3856179946709095,0.3356234311634604,0.2086548896762685,0.4310675542231045,0.0017971227865968375,6.418520836167044e-08,0.04957792216468427,0.10413185400484659,0.06198587051195197
0,10,0.7384520192151488,0.7501049138405262,0.021761980205227825,0.3131955654384937,0.1678849862756374,0.08617753780074407,0.7586312637716142,0.19855936908918942,0.750673940786267,0.7509796944236985,0.7897686841564471,0.14872866090714273,0.1734287913929088,0.18907810632853117,0.6352861703482356,0.021761980205227842,0.6809511801098413,0.06215067101003307,0.28120418255043134,0.07876099873016307,0.6915217170727681,0.16517485227524306,0.03292174559211991,0.9552239228569255,0.03292174559211991,0.08231945981373844,0.042767289104808606,0.9670782544078804,0.9670782544078804,0.9670782544078804,0.9670782544078769,0.11064385656361742,0.8024873978007209,0.03292174559211991,0.4027456272311126,0.6888349996956826,0.2870249300000903,0.9640455495760004,0.7981469896511441,0.4027456272311126,0.29170880367843993,0.16432624314037306,0.10441105219472227,0.6578955092549919,0.17593525672524482,0.26591912995971845,0.16039159168678419,0.10334950511971935,0.10093104840567053,0.2651372596652854,0.46239525319781344,0.1664052118616343,0.5187794136818986,0.25164389429756506,0.04508976431987159,0.21087833153313296,0.18305055674127918,0.23443123545416542,0.17349598930481283,0.502091216889066,0.2527102803738318,0.23645320197044334,0.021160412168767892,0.020794986849513745,0.024240074495702278,0.31218108574717063,0.1315398335315101,0.31023588879528213,0.31684191864573014,0.16505167655309638,0.20410846343725314,0.4719047971388299,0.3129224114625574,0.015152496538515994,0.3316723313443357,0.07702635761669574,0.7147022110128369,0.5792635587042858,0.0770622037560893,0.1679184863791247,0.27942302782741885,0.748258082318821,0.2870259644000045,0.24170149930224505,0.2583083134900093,0.27741009778234604,0.21969410153191393,0.31676899891622284,0.00031052454271886774,3.216440680477404e-07,0.016640566185822662,0.020098905673063255,0.23582474226804118
0,10,0.7642761673363349,0.7523974288101212,0.04250394392729663,0.17976484935410034,0.12265976653933262,0.14722483122865876,0.7483888542130361,0.1627553299504858,0.7647092600168317,0.7700067195467638,0.7839925220037207,0.13748265631791082,0.1383468584479851,0.2248376331500438,0.4436881457926062,0.04250394392729664,0.845045951878308,0.04550958384809018,0.30178046331984365,0.03053710671033701,0.7679228777028406,0.05988816582344385,0.1394605415139413,0.5557940837641894,0.1394605415139413,0.26377881535780495,0.17660791885043403,0.8605394584860573,0.8605394584860573,0.8605394584860591,0.8605394584860555,0.5769686416899167,0.4628898588893743,0.1394605415139413,0.43397181472004254,0.8256973769432219,0.21311363130901578,0.6433099857695549,0.8950281525021727,0.43397181472004254,0.2033432064564665,0.0710627870400192,0.20006684098895788,0.7033934095408569,0.15253689457623787,0.27181709399348114,0.10270518863720297,0.07823156514220675,0.05083612776313626,0.2488383419721394,0.4651011090389056,0.2649503972114427,0.33204058888321897,0.3789127553413515,0.027666725235152886,0.43773343866456005,0.2229724467339047,0.41818519161764955,0.3051757066462949,0.4512841982042767,0.278497043677284,0.2280084447572132,0.013456784897117508,0.014060457535868652,0.01282696073537864,0.3367460469704858,0.10828945133344657,0.1231538950879425,0.03535634383337026,0.009903130012319536,0.034251499265997375,0.6898594395927328,0.3634428223844281,0.008306092589857908,0.2891281603183399,0.11103137902138925,0.5329694157035418,0.6690863595259187,0.14120167309698414,0.0815538174623888,0.2993818155293774,0.6237569973476678,0.2888303087310392,0.1560403868555708,0.20533033588215294,0.30429751928344617,0.2344476607998155,0.29979426294173683,0.0014077232929956174,5.046438364566115e-08,0.054054914773982665,0.032395291590944696,0.04568147778332494
0,10,0.7884729195684531,0.8331328971374853,0.04683876990227327,0.35515391600631513,0.37010129101865213,0.08511695576734597,0.8372694913655915,0.38653708488995747,0.8122666165477486,0.8017375783627126,0.7618388065650732,0.371710010920158,0.3657905791338972,0.3622559508550789,0.5838727459473707,0.046838769902273286,0.6939415291754938,0.18883641894509903,0.35019341620694044,0.10509458016967464,0.8516949253320171,0.1688486074240008,0.16508318555495682,0.7937664475204216,0.16508318555495682,0.30083543022420434,0.20795206209521958,0.8349168144450427,0.8349168144450427,0.9174584072225223,0.8761876108337834,0.3142486066923099,0.778884231542472,0.16508318555495682,0.4785197098671743,0.6434224180180386,0.40121718141778245,0.9999999999998838,0.7745457449804166,0.4785197098671743,0.3940501881147187,0.17981505883253374,0.13771448615807888,0.6458080497648311,0.19683142665626005,0.34397932201584325,0.10108624251091695,0.0857035062457839,0.0475992345766718,0.16994561196815894,0.5378763411458318,0.19466439922544476,0.34743591266496343,0.38395699072346756,0.022077988115842315,0.35682860448497633,0.32883782341979995,0.1433371670724288,0.24554367201426036,0.5133607572475439,0.27298950040383063,0.35759897828863346,0.007913183342185607,0.009069902471794665,0.00740118512542501,0.14848207117533804,0.16679878451578806,0.2777263518940325,0.11658462636283143,0.22434487233059233,0.012749631517052318,0.5174762040614777,0.3839769248881559,0.0021762967022498072,0.4265416754570245,0.07982645692969702,0.5180766277616149,0.5802844140718482,0.09055896341922187,0.17298088251597715,0.3451456430612631,0.6119342821892744,0.31550364214448945,0.1505167749105073,0.1768332392654019,0.30161636958334104,0.3198835175297693,0.173379994435803,0.0006297549060491379,6.214641513499802e-08,0.2126843530576262,0.023920397681894835,0.1375635132876483
0,15,0.8335858376253219,0.8509734578590449,0.11760538784941453,0.4231036776093682,0.20943221055931177,0.08371857898832281,0.8735574704454646,0.2528365817319864,0.8411738320244038,0.8393434475830703,0.8585389227111571,0.26743318847924125,0.22311202566573518,0.43212791717472465,0.6697540461734339,0.11760538784941457,0.523065643476343,0.09544873678332264,0.05747095816151665,0.09011769460877835,0.962955750722424,0.24067765526880627,0.08709237288912612,0.919437335591679,0.08709237288912612,0.18306883063110801,0.11179335363239927,0.912907627110874,0.912907627110874,0.9129076271108723,0.9129076271108723,0.18909970058565184,0.8503523466063763,0.08709237288912612,0.08366651558088078,0.5277237971503872,0.4116629537161323,0.9353095110534501,0.6697219774707822,0.0836665155808809,0.41378779745618977,0.24296368337016566,0.22936898486876098,0.4763664237535621,0.26929084580635343,0.06646799162462393,0.15542749647179355,0.02428161914365487,0.31855989910548516,0.8163168987608562,0.5308305822358916,0.4467170696491601,0.5421455111096827,0.33533386933519804,0.07541959388042273,0.2773136570690298,0.08611085489038155,0.6429414758409969,0.43429915672562736,0.38774160360804144,0.3107476635514018,0.07957559681697615,0.01371819467903794,0.003755470249692962,0.053677499496504195,0.7685224807802977,0.4133129058812769,0.34260703977507806,0.12005530176613528,0.06466826026286304,0.07586635674984897,0.5916668679434588,0.37387818595189687,0.009140905530875282,0.4172742339794765,0.176541436695246,0.6693324294207661,0.583269926323829,0.15897510902827128,0.25101517465955897,0.05945709538497594,0.6616938069597615,0.05539846101411325,0.7684715555257877,0.84217895821276,0.26734096123207773,0.07146059729668454,0.8246434726789944,0.005646882384022945,5.4152360495862586e-08,0.03527383289125207,0.05932983619924121,0.05285961871750429
0,15,0.7759032918114175,0.8180261535899744,0.143163486134423,0.14548106730522956,0.2798506092008563,0.07273817565527017,0.8335147737848594,0.31330515633703715,0.790584420579111,0.7824653671088213,0.8032407646147515,0.2853156944407955,0.2776274556987931,0.3011347923524802,0.7613735397407847,0.1431634861344231,0.8963682338337005,0.13685754106295928,0.3280998241511775,0.0280211658823945,0.8403203042534455,0.045146469273210095,0.04965986541562553,0.7700229368650198,0.04965986541562553,0.11598033251921828,0.06427767932981124,0.9503401345843727,0.9503401345843727,0.9751700672921899,0.9627551009382795,0.33694886647964506,0.5191204005421137,0.04965986541562553,0.46285442973507185,0.8965519542904901,0.14685102378589907,0.8545920467340917,0.9388651616851463,0.46285442973507185,0.14546752479804206,0.04857570127053269,0.44086357936632486,0.8054326131643486,0.10406830610185148,0.32528404416816764,0.5806585233647839,0.3649404606068512,0.24773832514364946,0.1638047250198969,0.32150953233348384,0.7120920916992952,0.6546194904506022,0.15942362678354793,0.5152435576316846,0.11110355795042082,0.2273744185819636,0.08670769017388669,0.47967629992035493,0.5914623497561938,0.22880061600165846,0.33539461272403304,0.09777077972326673,0.09964147836472513,0.09388101168604272,0.15987445461632335,0.2514104283148228,0.2219925913863138,0.029198806295642917,0.05442843669965675,0.004452218040167325,0.6379057934701299,0.15773155694139343,0.08969423019821404,0.15062337971119044,0.33570996127133357,0.8825338113256562,0.4545611628302324,0.3700366874954997,0.05547904679858571,0.32803611838860236,0.8369070244457824,0.34984125576433145,0.16458813203546352,0.16304427582505177,0.10920064018883568,0.2344369198989456,0.12105739235749574,0.000592123621077956,5.970997169938862e-08,0.06843135914589552,0.0026761358362870024,0.10750543217311335
0,15,0.8392717560199542,0.8328268648215449,0.1225787686279584,0.3266061127396521,0.1701444533532244,0.40140284896777223,0.8339335625283861,0.22356324370483835,0.8350209367021821,0.8379797714160429,0.75294644714969,0.3813013712560078,0.1762768255788308,0.41562293291771246,0.32303757207414624,0.12257876862795841,0.7088801954392783,0.0933478391897757,0.3583919863999275,0.08623562803979631,0.8865347019315737,0.14902005678061805,0.11243307947757124,0.8381094487040568,0.11243307947757124,0.22301768496754887,0.1433324159549145,0.8875669205224277,0.8875669205224277,0.9437834602612121,0.9156751903918199,0.2724886077620322,0.7611242369270043,0.11243307947757124,0.4880475345310574,0.6909390909634903,0.3412741214586688,0.9999999999994568,0.805528752702262,0.4880475345310572,0.3384014857050464,0.15570359510355006,0.2811943425210954,0.6323012390396747,0.19855872527029875,0.3605908802759657,0.21663517960245837,0.1556855365086719,0.09333936970508137,0.15288558932848323,0.5059773541838564,0.45454567403651225,0.49185869724889786,0.3037479160621558,0.13008548049130728,0.27162768136022586,0.3028978176207439,0.10883875009012242,0.4425560359540335,0.5069373186712683,0.26741071995193827,0.37312650665548686,0.030391432623822084,0.032031969468569454,0.02877844963886848,0.13141858936945686,0.2884104536139854,0.2591767690038797,0.08704278108646735,0.08159452941205399,0.020658983266246794,0.6505485474429492,0.29730701172306934,0.025777466979382584,0.36430466615006196,0.1885420263085292,0.6407523605038223,0.5556464325238204,0.20342020222336646,0.15973685423734907,0.3570972683175899,0.6921505183217418,0.34245465154811483,0.1469271197156995,0.1605568052405199,0.2269317638583389,0.28888834129585805,0.14462326174345608,0.0009712407846408423,3.3757185066166884e-08,0.16379003830200162,0.015535803037903887,0.09131291286568105
0,17,0.8203782384653491,0.8231771206468903,0.15607924563179543,0.17749921162524515,0.23006472522822183,0.11493560194517506,0.8693838037127525,0.2524341067645187,0.8164712885891031,0.8070111531198955,0.8253166746589273,0.32120627142854596,0.22198947159924437,0.3663919509342275,0.7356168437648888,0.15607924563179545,0.8475401568366927,0.09422499141773522,0.015126894603127689,0.04306096081744211,0.8802373943117848,0.07398719923770342,0.029256263453023262,0.9122458685429715,0.029256263453023262,0.07482218117617917,0.03804733046048563,0.9707437365469769,0.9707437365469769,0.9707437365469787,0.9707437365469787,0.17152063689286978,0.6320476359784214,0.029256263453023262,0.022128631928776676,0.8534828059054658,0.1652801819771275,0.9295348817876044,0.9114654054312169,0.022128631928776676,0.1667910917826614,0.07491352402358221,0.4230146124910595,0.7969297553120487,0.10443363533354696,0.021691992646857602,0.32371980047849097,0.03952519312033636,0.6321837960701487,0.9400545678597665,0.29011030421637113,0.7021707476554274,0.7103901287834935,0.21420304226767317,0.21138960343677662,0.1245515193273602,0.029649817151040647,0.6157801051654416,0.6682987967914439,0.6792983358782004,0.16276998961578393,0.03448275862068967,0.03269006940823236,0.0077551560712022845,0.1301308012562442,0.8996930750047957,0.599732461355529,0.4366048862679022,0.01726176806702975,0.012652202893635759,0.00838395400538463,0.4383412693435583,0.25702748874048775,0.024933037707014126,0.16714195140338373,0.30295680693369315,0.8622194111190862,0.5033072252003958,0.3255374795932344,0.0802410932170038,0.016267062830324974,0.78203528597964,0.023269542682095037,0.9277709545842927,0.9568212206452809,0.13925509387029222,0.020349192537197053,0.8381338706127761,0.0017750867417640193,9.920401468943695e-08,0.01397324396900051,0.006921669825261729,0.09399075500770412
0,17,0.7625027498799207,0.822529973751321,0.08582997846498401,0.39441408357871216,0.35165168717350537,0.08008075653617001,0.8419944407789728,0.4006627088673388,0.8034230423820732,0.815969803837064,0.7582793753583323,0.3886642382526163,0.3536335311363599,0.3404390240236944,0.5521722133721709,0.08582997846498402,0.6575329194536408,0.2077059261512768,0.3230125782042802,0.12575055459880144,0.7949530488044391,0.1904721358950077,0.11639415142102695,0.8673104865630124,0.11639415142102695,0.22858113493603205,0.14811385362094848,0.8836058485789735,0.8836058485789735,0.9418029242894868,0.9127043864342284,0.25075332514774396,0.8187732964049038,0.11639415142102695,0.44785318135670293,0.6378077414209062,0.41162347523165604,0.9288018217029305,0.7703728791805807,0.4478531813567027,0.41037202879174817,0.19655545104085417,0.2665529928344692,0.6064772982269973,0.22652278260327988,0.3149682391718001,0.07670369835726427,0.06572530155259296,0.043735801996543325,0.21232759348654257,0.4725403192559197,0.484878315493748,0.6021877717527118,0.43847787433714547,0.010402792515252961,0.3938318624703063,0.3078488305260011,0.2093814804152744,0.5310477061638051,0.48661298140300746,0.3043179353532215,0.3076657160141733,0.0057853292582546,0.00646361156678483,0.005873018494370099,0.21676241245738556,0.47718881031353655,0.3608298373448067,0.06616556025508903,0.02706902200706878,0.056018118021864016,0.5599638821578498,0.4543795620437959,0.0019514735756276326,0.4298425286927525,0.15690152159195858,0.5817194330305757,0.6271420976509599,0.16734190320748804,0.19784673402722222,0.32154710237426604,0.5607537206653774,0.2860148086585129,0.16884178879005668,0.21101127391415697,0.3464816952452944,0.29153080509889323,0.25231327860217456,0.0008974527926333192,4.078379017375541e-08,0.14053344522630035,0.020806132369180833,0.10010774968918357
0,19,0.8295263780701528,0.8504319331810551,0.13618524738968749,0.43712217833605066,0.26589518456198036,0.08989487665216135,0.8656296746805333,0.28056456859337703,0.8387651023512039,0.839680729907083,0.8224189450986841,0.3185599988037071,0.24436830068792198,0.4271259960277658,0.6356094719142658,0.13618524738968754,0.5015789456018165,0.11598695863044692,0.06365202183345886,0.08932420256734998,0.9620679428768465,0.25798746954718504,0.13054392041366428,0.8890974171003891,0.13054392041366428,0.2513936040878991,0.16582612098234806,0.8694560795863353,0.8694560795863353,0.8694560795863318,0.8694560795863353,0.24503265522168383,0.8477536354942693,0.13054392041366428,0.09323988333357103,0.47607616091739896,0.45819225700378524,0.9109470575991769,0.625576028903814,0.09323988333357092,0.45668616511624416,0.2637863115784312,0.2887794051592602,0.49109812731546976,0.26171472179079297,0.06385374493675951,0.09498989602584175,0.016851190959457918,0.21157544533950062,0.8235413225367839,0.5591396462246365,0.5082540860393218,0.42608589638595795,0.3957061516575172,0.020749434055311378,0.3661497770528934,0.08645046845012531,0.7648357176477594,0.6145934613514827,0.47991621598834955,0.26396505410948906,0.06269592476489028,0.0073180819395780436,0.0025949617488730875,0.02716101883597846,0.8176237727359922,0.4796778726624149,0.30616960754051964,0.031886256761136475,0.01582888742225296,0.022947488350702584,0.5905362598145953,0.41595558753983664,0.0026776298930027437,0.47383018103676633,0.19413395337051512,0.5577306190759137,0.6109716365043705,0.18238410823928797,0.2623238320168193,0.06300812277288957,0.602389045494264,0.05682708059847841,0.7262348722214022,0.8327532229300849,0.2863899612966726,0.0683928882979885,0.8601311339852857,0.010737031909022436,2.3801453214232663e-08,0.053160930969495604,0.08929104666107734,0.031535412717559864
0,19,0.7742011623411943,0.8151884800676997,0.11692665857502967,0.1873586817576521,0.2971073640083559,0.1349827567238227,0.8242755849944221,0.3343479794870866,0.7981897645572195,0.8053722627105002,0.7242005819244751,0.4147434323482273,0.29371321251160304,0.3227018888776174,0.5192884977324858,0.11692665857502965,0.8576794124056846,0.15602406939841143,0.3101441777511674,0.04122204879448024,0.7761894175874945,0.06686658135929215,0.0567205980820007,0.8177579466363398,0.0567205980820007,0.1289757009750742,0.073277382013252,0.943279401917998,0.943279401917998,0.971639700958999,0.9574595514384967,0.2858600739140488,0.6044498699428383,0.0567205980820007,0.4420922208582577,0.8557170989103422,0.18854729375824347,0.8982970808572682,0.9136626833715403,0.4420922208582577,0.18758181246048058,0.07043017741362241,0.39332354347808807,0.7877965980433956,0.1140877783946558,0.298441041080589,0.15431294154592462,0.10898267847120957,0.07348040996373204,0.19980966740753148,0.34963846020345507,0.611864216309612,0.6198728047479309,0.31399423413529226,0.06386679821894276,0.24636118261462647,0.23697391613696728,0.1763105789089731,0.6392212566844919,0.6274328376374781,0.2088369678089304,0.29556650246305416,0.01637128567920497,0.016957900063228167,0.015921612897108917,0.20391329368885477,0.45407253269916764,0.3219367218945988,0.05648831973839214,0.103572292094124,0.008810235833408323,0.5169567016805717,0.3179744525547449,0.009383060432440927,0.21523451020855866,0.24122619044040128,0.7342407121468548,0.5638939339456441,0.27801819637903624,0.07661260150019288,0.3085061909624712,0.6821847756977844,0.30119269310011965,0.16799385602421762,0.19229216274976713,0.22814037926213315,0.25176343017687686,0.1924677418614384,0.000509285238120556,7.42966216504728e-08,0.07036751276886745,0.004034814821308147,0.12918533772652382
0,19,0.7951715697904441,0.8250184620851113,0.09906834554111964,0.21184324417544445,0.24717842836573325,0.11471096365761883,0.8752404181915002,0.3005804477212102,0.8153130210615226,0.8202303714284307,0.787265024033686,0.4058156836181882,0.25587417669098717,0.36607454804741957,0.5682966218523178,0.09906834554111965,0.8375953855913374,0.13164080707000972,0.3319803430216486,0.04703737528163015,0.843834126147594,0.0776320016456296,0.11368141420026708,0.7037814203337196,0.11368141420026708,0.22543277957265256,0.14494585549776043,0.8863185857997316,0.8863185857997316,0.943159292899864,0.9147389393497996,0.4286637039753183,0.5927992942877116,0.11368141420026708,0.4651691476629076,0.8120270282620887,0.2503631966624667,0.7887248316579694,0.886849014299636,0.4651691476629076,0.24466213464552589,0.08607586198356217,0.29645334224092884,0.7455151801257918,0.13791706123504033,0.33245725150876343,0.1133888125739604,0.08949301006470628,0.04998463764558156,0.16546511072064035,0.4745913387189636,0.39628327676407754,0.38614249368588416,0.3447545991041753,0.026662175498225797,0.33418022355900745,0.31289335325608875,0.14483009543002404,0.5213840682070426,0.5457845294689324,0.25414971237311296,0.3494748582582024,0.009668576824405781,0.010535998419295029,0.008768083414081357,0.15164194014238716,0.2919368227402239,0.22697023617971243,0.08815112389691968,0.10654195364577268,0.018950763051462538,0.6131736454142862,0.3828227832954407,0.004369120369775084,0.29744292262057836,0.16892411725886095,0.5884462461651516,0.621272428500854,0.20719753835843793,0.08823461811489526,0.33298735649983047,0.6549170289596804,0.3138739490300384,0.14448481339446984,0.16663809680600283,0.27418091862411564,0.2906951937045969,0.1656588996993591,0.000863160957733117,3.711312377971631e-08,0.14787799310580532,0.009052067256008382,0.0878172138420585
0,21,0.7463565804048727,0.8510857122542004,0.09979362144904576,0.6298534833172937,0.39723775518439414,0.09824985589802508,0.8809516780556135,0.5032008734677861,0.7709704450808055,0.7357182610025716,0.7715432624806366,0.44789678038861425,0.4347977880687491,0.26516644229782294,0.9185036409434654,0.09979362144904577,0.38214409374977243,0.32056396473593435,0.3502348382478039,0.2483510016140357,0.8413343686218668,0.3695311278014126,0.12992687888090784,0.921538379250046,0.12992687888090784,0.2494008105917353,0.16491346317320188,0.8700731211190913,0.8700731211190913,0.9350365605595492,0.9025548408393202,0.17582096607975084,0.9331742462908715,0.12992687888090784,0.4648215576228628,0.39940040004036753,0.5961194429874795,0.9860247198324381,0.581749100487316,0.4648215576228628,0.5987574713419658,0.37269953796119465,0.24280855734118573,0.2903394070155998,0.4690481710281223,0.33352196513744625,0.20845714876671645,0.15107360021251698,0.10698769563831027,0.26150761482781176,0.7489011307735669,0.5310390129595537,0.43344381722934244,0.3058670893611576,0.12169843132571594,0.3181567727749206,0.2435294034892186,0.33045408240277796,0.37170788770053476,0.150270253822833,0.6050129802699897,0.3267651888341543,0.023456104918588773,0.02478138640554007,0.02467047440772254,0.28299123984909524,0.3336801426872771,0.22715997379013378,0.12776197030609707,0.10385427279559192,0.04049006343899675,0.7594961348684237,0.3129224114625574,0.01808613114416808,0.5921186590941555,0.22862287050376418,0.6088021817842686,0.6202197003105545,0.18477239746243146,0.3966418844389781,0.3513979897691922,0.6948414544120096,0.34781981110881655,0.19725424809147846,0.2322953453505271,0.2761040880585609,0.2762503745595655,0.28370190998472344,0.0015020615474319243,2.462432172022849e-08,0.15007251286819864,0.04768655165666802,0.07111111111111107
0,21,0.712326399871591,0.8403543462162726,0.11472644855263152,0.7821186837873565,0.5749253549012636,0.05991050694064408,0.8966740780210702,0.629108762456762,0.7813897343052757,0.7961340768537521,0.6854504405581323,0.6446766399667704,0.5780212768598487,0.3027427703105853,0.6647987407511838,0.11472644855263156,0.1792027304972753,0.4537931877712542,0.30526415685813035,0.3778449313705631,0.8219909416552977,0.5771679007873928,0.1422832657043438,0.9446580045230173,0.1422832657043438,0.26898019898550635,0.18028778603245935,0.8577167342956571,0.8577167342956571,0.9288583671478285,0.893287550721741,0.16311423353939436,0.9756714736578723,0.1422832657043438,0.40086132686386133,0.18244870601893587,0.7564421588122426,0.9692867922400522,0.34124371763062455,0.40086132686386133,0.7623913126799755,0.5766557984619214,0.23212380464473995,0.18102672636797423,0.5766768979835916,0.3072365817282665,0.09696745173075048,0.07140076896710845,0.09311776124426953,0.3289187653421949,0.8282549078404955,0.5742315757842817,0.38431657305214484,0.39009895504039716,0.0232280256978279,0.3725611617635429,0.2909735256635656,0.2994632790015098,0.5112209795226295,0.14287713198853924,0.6126082049514363,0.3147903400216268,0.007333059597688673,0.007285097723937747,0.013049871134742784,0.3017737083183225,0.3458426379745367,0.15898086899170916,0.19811745098333067,0.14999081560236083,0.10163550503613035,0.8780310478473006,0.44780582182745576,0.00373696578029807,0.7343493199409424,0.22364721875959284,0.5248780179273211,0.6416780658138252,0.14717703197245754,0.581984972912356,0.30572942779542983,0.6103693148006473,0.2775385837441139,0.3030168206907733,0.3447499491703224,0.3582714987434693,0.2834839093655835,0.38694937306341026,0.0022419554483228627,2.140970730686051e-08,0.16072654390563615,0.07569106570460367,0.07302896772274278
0,21,0.7272000050372156,0.8204798192648199,0.08614197573703307,0.5734633851367265,0.35748735042757634,0.07666219295971678,0.8553663545484644,0.428701452783793,0.7782074112081567,0.7779517404169044,0.7427987692651478,0.44686786695479785,0.3699326825919131,0.27782423906640275,0.6748018947289037,0.08614197573703311,0.43530010521437235,0.24836464108429912,0.29706711960356336,0.2061317548445473,0.752100283278495,0.33625609252975514,0.13398975486311687,0.9117443637332432,0.13398975486311687,0.2565933666140885,0.17008121967902703,0.8660102451368843,0.8660102451368843,0.9330051225684386,0.8995076838526614,0.2063277265498643,0.9143356179283706,0.13398975486311687,0.4089968643084403,0.4244874929168149,0.5745908643679886,0.9477784437467666,0.5983177708429473,0.4089968643084403,0.5761251627400628,0.34055844630202814,0.24804184165517446,0.39998199767557574,0.36915294738108095,0.29634436814916604,0.09689213520810323,0.07077849470608094,0.07515519388310328,0.28036564122515345,0.7042916032204289,0.47202426108290996,0.40541673869276984,0.38368437947303724,0.021657896035263954,0.36361897389760633,0.2841174937582757,0.2606824053440372,0.45990975935828876,0.3075955984863574,0.44355919003115263,0.3037766830870279,0.009613090721767043,0.009233447280310966,0.014761883201200138,0.26494660783937596,0.24152794292508922,0.15461480857437046,0.0914301019837969,0.13693064420249945,0.019385325091772036,0.781757610128906,0.3901889222842422,0.0046135006076346765,0.5794298523244693,0.18336526756019764,0.5354601340892242,0.6072730074707811,0.16304544261888695,0.3446379454021014,0.29765614440823557,0.6142511934814165,0.27272200464608154,0.24578330766589518,0.2851835837347673,0.2976547173867573,0.26968944549878193,0.2906293041479477,0.0013500551447817788,2.9396840084189944e-08,0.1550157730297432,0.041173063929156484,0.08312663342849097
0,23,0.7933397436901075,0.7882696339857956,0.09530456611232604,0.0965046871929356,0.19198161244318587,0.13566071540843666,0.8185413363915834,0.22024996470610117,0.7866814709426769,0.7813062383062541,0.7792886653479368,0.2981921441291081,0.18281159137122124,0.2861094935825318,0.6937731160496086,0.09530456611232604,0.9361730085576894,0.07895481217428452,0.3135600236880931,0.0160035842294579,0.7960370244497306,0.027045062265553477,0.045615129341640005,0.6628234215846855,0.045615129341640005,0.10855875437858455,0.05911957538634614,0.9543848706583589,0.9543848706583589,0.9771924353291794,0.9657886529937691,0.43687483834916496,0.4037775583645001,0.045615129341640005,0.44848673990084076,0.9297523050584309,0.1058572445521891,0.787920907898008,0.9588337871510181,0.44848673990084076,0.10372907524870718,0.030527957498134722,0.3523677207421633,0.8735971055552403,0.06668850777146725,0.3010088629866549,0.25089232918704885,0.1668245458236403,0.11046392564889564,0.18221661321452265,0.3048595992882997,0.4996424609469225,0.576775460385917,0.23373378761928165,0.14802772118032134,0.1641082754287303,0.21058843905130292,0.12974512704415794,0.5683689839572192,0.7124576777534356,0.15731214953271028,0.2975369458128078,0.026981259224437264,0.02774761254115168,0.025720247022952933,0.1854440821024362,0.3977407847800238,0.3437236731255265,0.027582566040575088,0.040615862478540155,0.009278710039495278,0.4939386363906854,0.28247175282471787,0.02016821539415772,0.13094810782070976,0.22729168803994287,0.8020735062730464,0.5286420801522802,0.2674625462477471,0.03387690523367593,0.31212208112862444,0.7632842762261203,0.3218264274398126,0.1644330665510288,0.17559746251278174,0.1617696222968844,0.22997468889454364,0.15625736531535678,0.0003879071139617192,9.837960038707989e-08,0.06133327951152699,0.001463028184493082,0.16619605146486668
0,23,0.76558017279718,0.807616802426357,0.06751157174777943,0.17645331766939706,0.2534626348637053,0.0888071771103267,0.8358316408332456,0.3114716396560945,0.7776270228575274,0.772214457895708,0.7726851296327103,0.3480938218762588,0.2745379547047997,0.2669875681097631,0.7712445428269761,0.06751157174777944,0.8727431916196027,0.13693733784917564,0.31620785881392716,0.03806146717223696,0.7983907905239004,0.05976099093228937,0.06115420858191308,0.7851151891812016,0.06115420858191308,0.13740635167477075,0.07893782758062412,0.9388457914180854,0.9388457914180854,0.9694228957090409,0.954134343563565,0.32375992205506676,0.5789212696498173,0.06115420858191308,0.4491845866272819,0.8667782151958188,0.18454153414777558,0.8608159825912381,0.9207994599015615,0.4491845866272819,0.18294707585216244,0.06388781634646257,0.26507945651745307,0.7963915921057769,0.1101401007046407,0.30414158848614925,0.2554329519748731,0.16982977886901027,0.11423122251252936,0.1912261958328184,0.33630233315812724,0.41529920381422597,0.6293719868133587,0.2794703837535978,0.16729887202558186,0.22658573576861396,0.22535341475523307,0.16943735016799324,0.4032085561497326,0.5876692889862577,0.23296728971962616,0.29064039408866993,0.02805043445281993,0.02882467977294568,0.026985245979671148,0.21824285440245536,0.28648929845422116,0.3115522325189553,0.16240413613596352,0.08906153006334008,0.10292623080928692,0.5434541865266702,0.2984880083420223,0.02287946561534031,0.2176905243790923,0.1675045725046372,0.7372969609944675,0.5465774165181947,0.19457025425054858,0.06893803054888596,0.3146517925526095,0.7166771414794664,0.31382242733853516,0.1641098603080629,0.1825462558975346,0.229715122880762,0.24181157475111809,0.2051476692769308,0.0004291095407383007,9.068835770905848e-08,0.07927613212842073,0.003956184433701233,0.16809348966368406
0,23,0.755993358094061,0.8049085672744841,0.09618016304947626,0.41614687824482,0.2543208030228372,0.13401452762757982,0.8561914513857729,0.3323108870178967,0.7865945732816506,0.7841794373865483,0.7411286888248719,0.45181067922808626,0.2592036934872505,0.29400266019006127,0.6892246615965663,0.09618016304947627,0.6317087326352504,0.1785754675328932,0.315791032491348,0.13309602306190024,0.7952352383592617,0.20368547408702803,0.13714610107060818,0.8541681415809346,0.13714610107060818,0.25985501492557883,0.173689100971787,0.8628538989293908,0.8628538989293908,0.9314269494646936,0.897140424197044,0.2603064868957581,0.8276070998345684,0.13714610107060818,0.43922281262800345,0.608028533867967,0.4355385167347984,0.9672639708742367,0.7492375790854203,0.4392228126280032,0.4326029786575276,0.21133228591198985,0.26542683712434395,0.5548165709953565,0.25801709497094283,0.29950568885179263,0.445578545013115,0.28265648213949957,0.2119190594869872,0.24203999744293525,0.5980801094381494,0.4433282103904079,0.4177650420635761,0.22978991965160778,0.34518934269058604,0.17305227937213596,0.1937152549065242,0.20224802923002658,0.3818399452804378,0.454696979015878,0.3228923944744064,0.28869286287089013,0.06065428244493801,0.06183653761769659,0.06099240022890616,0.2490865858609291,0.34427453474545805,0.349588087643176,0.07380026625900209,0.06392584945572842,0.019339397028913758,0.5358127550569722,0.23461577453365695,0.05793090743409457,0.42127499522168843,0.21112492165789667,0.6853063197473526,0.4801494056666338,0.20860312322292696,0.21382507682815308,0.3166326270104672,0.7637812265751793,0.3294076165868637,0.201712643353176,0.22165855678641683,0.1669557220242074,0.22639511782046123,0.2103630413021335,0.001235795614946347,2.594762960820122e-08,0.1643261988994463,0.02463720393704995,0.07328982597054887
0,23,0.8571966708296459,0.8266119026258438,0.043101857459242617,0.18082484487436862,0.1309201379991144,0.1916865368227993,0.8434060063338535,0.1528201019577892,0.8376682045799005,0.8337767828905263,0.8446971106035814,0.2283497701818709,0.12328381938541383,0.419385004741051,0.581413242082814,0.04310185745924263,0.8438753900656188,0.0456868715466678,0.015991443406004696,0.04106005763272457,0.8785547421063703,0.07573844897498827,0.09126623995914589,0.7512834942136376,0.09126623995914589,0.18827083011656495,0.11682032943583189,0.9087337600408532,0.9087337600408532,0.9087337600408532,0.9087337600408549,0.38592218653411337,0.574566652501911,0.09126623995914589,0.024411137181453102,0.8203492650413033,0.21035997998228584,0.80028475365647,0.8911385318400479,0.024411137181453046,0.20605949766373846,0.08220774939997248,0.1206846385848442,0.7842484952950879,0.11095527067316187,0.023173276771718904,0.1005301354369937,0.00581993724532372,0.25518267830379565,0.9359610657812405,0.34991570451728676,0.18040513453383866,0.5570194117699083,0.3649957099220923,0.016876398718594504,0.2970701730179256,0.0593143886006975,0.7577911773445587,0.22028439474963538,0.6335123884643178,0.1860083417007801,0.04030452306314375,0.008291992371929058,0.0015060908917292205,0.036057194466314814,0.8827581396159948,0.19051994378986048,0.40383771853481576,0.0216554508263064,0.017907829565866895,0.007705391643891663,0.4184799329944813,0.38890510948905144,0.002871379622113704,0.2711066284680016,0.06590493329452167,0.5847323938439097,0.5973067818903328,0.08105713986685661,0.08216989549040872,0.01668113352055145,0.6324562767496342,0.014127393490570114,0.8533304876117833,0.9557221244435241,0.2621182639574201,0.03696384238339398,0.9391008670138744,0.0011912524942594637,1.5668803130774402e-07,0.03509498421607476,0.019697425380099366,0.12717164697706737
0,25,0.7421565077567672,0.8584392772184459,0.11265190177476576,0.7797099380050566,0.2815908627487806,0.1092002276512292,0.8720791168692763,0.4566059403953263,0.8264948341784346,0.8385193629287178,0.7483483024699547,0.4725447994509573,0.36857736469741714,0.40827200612641745,0.4896317107901448,0.11265190177476578,0.1838445109241732,0.3106219093878998,0.3967858211521671,0.3634207440366523,0.7990874066948104,0.5500797633154695,0.22589237832397122,0.909027961602564,0.22589237832397122,0.38141125767562845,0.28056632157066425,0.774107621676027,0.774107621676027,0.8870538108380117,0.8305807162570193,0.23698896080353138,0.9594815081840611,0.22589237832397122,0.5018186759233342,0.17648098693302355,0.7910701132253174,0.9467795829245058,0.35126672200674214,0.5018186759233342,0.7884113319848057,0.5577211591865164,0.16930254495221772,0.14997417636169408,0.608198768647753,0.40035121119626893,0.12883833820240148,0.11199438252413299,0.07225453739967283,0.22876095166389626,0.8741022368208602,0.39960623715736776,0.2703932685495811,0.43228707097837027,0.07598123411956177,0.5267693229797993,0.44388834255769744,0.27255269359426293,0.3912250850753524,0.1177150092659498,0.6338062013508062,0.3970741901776384,0.009702898645605213,0.011376888981877534,0.011017791913101831,0.21163292235611444,0.23375851259323316,0.1301736055507978,0.1564953073784379,0.18913308743907967,0.04332692307814985,0.9305336359900032,0.4895808806216152,0.007878929177327323,0.7902357156522132,0.15385536072999054,0.40116087285512503,0.7298951266576659,0.10883883453699249,0.5781610261602176,0.3990236932477949,0.5746951988755675,0.35318867158978573,0.1926981569444456,0.23259938082149695,0.42341800538537366,0.39526654398769806,0.28553010558234904,0.0024459614915001396,1.4540751570481575e-08,0.27966640043099006,0.12079250889422916,0.060594895267595664
0,25,0.7737027243372939,0.8408743625368807,0.09673382629329697,0.40999333463418747,0.3938801105499566,0.06235740491498028,0.8552655020082792,0.41787974834082575,0.8072575790416402,0.809685200573887,0.7423145932010261,0.4475649271940513,0.3849501656432425,0.35110220601417963,0.6689426608748645,0.09673382629329702,0.6168058132921512,0.21573367575332367,0.37017852896124054,0.11571985151811676,0.9140333523905155,0.2039301455353978,0.06194116981042954,0.9320009903406001,0.06194116981042954,0.13889599365905103,0.0799376430728967,0.9380588301895703,0.9380588301895703,0.9690294150947842,0.9535441226421781,0.13343942278233156,0.8547707315222423,0.06194116981042954,0.4962663179778066,0.6294550914218942,0.37425344415856715,0.9900499669282258,0.7583253916380285,0.4962663179778066,0.3781706102200769,0.20479982922559223,0.24918550041838544,0.5539936404205874,0.2567622632149401,0.3500341044906957,0.16386858565478674,0.13077810925774397,0.06905303216697349,0.1804028395970273,0.4869872017937111,0.47078618661341065,0.5994573466330011,0.3223857925905095,0.07762424026345771,0.2690441712789825,0.25740909184131255,0.20692127726826073,0.44380527560674626,0.4073062516130477,0.3621495327102803,0.3334596438044714,0.014175086200892428,0.016168760565410452,0.012778527436557394,0.20146379613097434,0.4416102625080033,0.3683107929592278,0.0364053666875227,0.02237292907915798,0.028575354512930376,0.5510291393117113,0.3663762655992456,0.009368234064769818,0.36970547263907294,0.18400129225296016,0.7161089988022513,0.5963753747960276,0.17630690692601808,0.21555591027672533,0.3686535943406326,0.6759914321334091,0.36012752269572135,0.13845463374248917,0.1641290589755835,0.23842743908038655,0.2843379874309717,0.1917251439533012,0.0004473783573918596,9.788562465684747e-08,0.0624044756534186,0.012925087970736807,0.16523741839119224
0,25,0.7811406043015122,0.8296442802997954,0.06432023286666516,0.31742765098639325,0.26197306118097247,0.13679006773072472,0.8779677273998165,0.33824194733726975,0.7940937699926718,0.7811478064811352,0.8021539771216335,0.3835708909712666,0.2725577970029967,0.3130979248540017,0.8821327512257255,0.06432023286666516,0.7127451676413785,0.17103491084497288,0.36409932483070084,0.0828646097647285,0.9114795060927713,0.15363006294899564,0.09191206344446552,0.870094738884128,0.09191206344446552,0.18967388311563804,0.11765111753581284,0.9080879365555337,0.9080879365555337,0.9540439682777624,0.9310659524166525,0.24649326579984476,0.7695065821076972,0.09191206344446552,0.4935074459625568,0.6904445228872278,0.3339257361963421,0.9257297140351506,0.803383395629966,0.4935074459625568,0.33319981214825445,0.15835946395445222,0.22386415584281974,0.684878179656101,0.17184337699602045,0.34339745022475693,0.09175732696555015,0.08431841208576576,0.037707002171413484,0.16324253482571022,0.40789676836345995,0.37975663654951747,0.6082581111493717,0.39280318436965767,0.014691731904973507,0.3624524133413144,0.28852010247727516,0.18763122732151813,0.43131684491978606,0.6048342991183063,0.22205268400194966,0.32840722495894903,0.008599735323813501,0.010176888973742087,0.007360744145656803,0.16600440291213367,0.38007474095464583,0.3994368317391544,0.012926562655418285,0.009934581259024024,0.006724740128936561,0.46271408749289467,0.3963348346016461,0.0035707432317459457,0.35716209383304,0.1314808588555303,0.6237828404256065,0.6328843684697569,0.143241090499148,0.1561046260055644,0.3599367731492295,0.6069743952531976,0.3352810388552996,0.1262983136762046,0.1566723131111321,0.29854492638470165,0.2973651244420125,0.18296892398461745,0.0006116246860426579,6.298869206237059e-08,0.12242974145727585,0.013458811157263979,0.1444333165686296
0,25,0.813587909164081,0.8266129426356493,0.08178594679963117,0.30514781984330414,0.1448318316997421,0.879735590734772,0.8380335793518965,0.276370891527138,0.8294950090688933,0.8404438238634252,0.61507893905962,0.6508071762117866,0.1714658310027707,0.40720810821812414,0.0,0.08178594679963119,0.7585773267690454,0.18276694610153438,0.8742408466634972,0.16500217611626516,0.7954601532350076,0.1524639391220235,0.09387430814183334,0.8658777500653945,0.09387430814183334,0.19386397336309455,0.12025464244679758,0.9061256918581666,0.9061256918581666,0.9723899093700474,0.9436754151148996,0.24822872869387202,0.7505907090114454,0.09387430814183334,0.9218268526125573,0.7540192756581432,0.3102892811880175,0.9186842805499503,0.8490912713071833,0.921826852612557,0.3086393418469419,0.15739694017028422,0.21593907360713321,0.6691548123176059,0.23443398962457854,0.8380863003614325,0.09382615733488199,0.20339631414744835,0.0021385553554824008,0.013344712927410254,0.4355006316425238,0.3635952046153951,0.5815676649058255,0.39187287641143576,0.016735186440147508,0.3660007540151814,0.6948864618070709,0.025126790852460473,0.38631588999236066,0.4901656805588862,0.4127672876003984,0.8280553600750643,0.007503666573110229,0.020427018389721274,0.0015970250127644151,0.006218428288253752,0.3354849668761678,0.34929040417065443,0.024117196342567693,0.06770923034250768,0.0034375267796754334,0.498635068267009,0.40693430656934226,0.0025833089620903244,0.34202401003413474,0.12789885509511797,0.6143513254121238,0.6351147546205826,0.14533892447981447,0.1602485534408364,0.8698621393923921,0.6080819632257874,0.8069889893326134,0.0,0.011280310771211388,0.3007822351028425,0.7121321855405884,0.016766288781153105,0.0001801697745639995,9.78322254650003e-08,0.23883371431992903,0.007065472191440071,0.40713864833497
0,27,0.7866082269075604,0.8735724187145302,0.12055589005967783,0.6135164806212339,0.49851557815526865,0.06711715276853243,0.8969201787474692,0.48845951378709335,0.8094244510142424,0.7825087396006936,0.7677310472273599,0.48966106310390767,0.446114088363041,0.36325465788024847,0.8185526648287136,0.12055589005967784,0.33697218798006345,0.30295093876346324,0.439894319443481,0.19399459880594944,0.9006364861809919,0.39298435196675285,0.029562512750164586,0.9828483232845764,0.029562512750164586,0.07531071585567788,0.038436913294278105,0.9704374872498356,0.9704374872498356,0.985218743624916,0.977828115437374,0.0559375320293406,0.9577612660350493,0.029562512750164586,0.5534696987912449,0.3618910199468079,0.5390401335267636,0.9904778225668052,0.5069204491889249,0.5534696987912449,0.5515530525789579,0.38657452295640626,0.23350719869327488,0.34182629672168985,0.3795793788015319,0.4237844747115014,0.1260934996525382,0.12656181752446066,0.05239996902011536,0.1466977229110472,0.6003212473832962,0.5464884722748945,0.5967309050702025,0.30080634912978665,0.022460371287824236,0.20939535496347528,0.29580746206517955,0.10248491544838137,0.46808155080213903,0.35245216227397835,0.3680976140998145,0.40428061831153395,0.011549272856901101,0.01595986910681575,0.010112479981201601,0.1314419521488057,0.5450715486489811,0.4089757549833861,0.10585629905135915,0.09276966812837227,0.02618477847823669,0.5324069434802138,0.33640757545867,0.0043963825921530105,0.5238142888642784,0.2205477223399298,0.7151410151526494,0.5555147422147253,0.15977989746327592,0.39056746689296434,0.4379765264370829,0.6951862854580597,0.42861534723306594,0.13628284688342368,0.15039047744296735,0.2268373997896337,0.33632526172799077,0.13969598659322774,0.00038054132976302963,1.469630284914987e-07,0.039940674433349,0.011459239156687158,0.33419921199972336
0,27,0.7781663584019729,0.8389515705765249,0.14437717664978067,0.3813201865124475,0.35260653357280325,0.05480550656132914,0.8497939834894604,0.37808313087904394,0.8062972995462667,0.8025527614654533,0.7880771153250674,0.3492118103175208,0.3523539932609896,0.3458080121835937,0.6967204451086632,0.14437717664978073,0.6357716554857136,0.1789247355221545,0.3744675020020063,0.10115733137202047,0.9161465605271376,0.1911069816620393,0.12200769013400943,0.8615827506225673,0.12200769013400943,0.23832988498128801,0.15527815731344063,0.8779923098659896,0.8779923098659896,0.9389961549329939,0.9084942323994927,0.2716002187084573,0.8039102150637195,0.12200769013400943,0.5018559335749772,0.6164300713762831,0.4040853888942018,0.9040651549795281,0.7503618349969464,0.5018559335749772,0.40196474440929475,0.19768108715694166,0.3687425564129271,0.5705678735363877,0.23550638418108713,0.3700257042055674,0.2106718604874312,0.15847759532607086,0.08813653791064195,0.15394409570749995,0.5655175852665881,0.6086046517539236,0.4546124381198402,0.2879157085492675,0.12566820404784945,0.2881303593716802,0.30443213421957693,0.13545675818864913,0.5834893048128341,0.444640203453189,0.32672897196261685,0.3531640773020083,0.025747708731479937,0.028694484832838707,0.023642492137756838,0.1686405288553763,0.3697521265892253,0.2318160745352761,0.09611460533090264,0.05674595941780769,0.069052801085345,0.6706722627086544,0.2942518248175174,0.019597360457241197,0.4051398207838687,0.2660345916146328,0.6484534857326687,0.5779909774417107,0.2694904039590142,0.19983673802872642,0.3740343097534715,0.7102628984975399,0.3658834843747749,0.1414368007503009,0.15463838636639854,0.22911002774267442,0.2925080938299904,0.16243069167631657,0.0015035923180940997,1.7097737960923036e-08,0.16566806149844343,0.021942927536697562,0.06029987273780995
0,27,0.7784247726456313,0.8547277830986453,0.10459615566650475,0.5024543191217433,0.3901734727163998,0.09207604365166554,0.8824741588370484,0.450899784616186,0.809883062471574,0.8062715744373077,0.7106311032650304,0.5663435589095566,0.4013430230479831,0.361296590152822,0.6798235459970469,0.10459615566650476,0.5060707610130923,0.2603106234549851,0.38598577367657466,0.1550233630643419,0.9040673850571348,0.2732965118534897,0.11223786842110685,0.9090019595843981,0.11223786842110685,0.2232087411222011,0.1431709169349772,0.8877621315788939,0.8877621315788939,0.9438810657894443,0.9158215986841665,0.20528687971159032,0.8841359919281578,0.11223786842110685,0.5081616049923807,0.5052243179041231,0.4955578416933737,0.9345694255418849,0.6633228200720452,0.5081616049923807,0.4972637528131602,0.2770936762639651,0.2357937670969899,0.4441237020226052,0.32554887284645595,0.3783518883425463,0.12753448852581178,0.11079880852096233,0.05566311651670856,0.1710590346952231,0.641698636562799,0.44724523779022235,0.4605249740350623,0.32824244088272636,0.03653767238809746,0.26338484557170494,0.2950773559554208,0.15164438591546428,0.4145280271199389,0.2825493259940902,0.4547938918558078,0.37473610133708657,0.010526383991711914,0.012422526890163604,0.009543608432394593,0.18287385930777447,0.4068816884661118,0.30891954507160907,0.2174060362417244,0.177616672393334,0.12712171418495607,0.6482744941424019,0.3788321167883206,0.005288268597036831,0.4993689281194359,0.18215503464794994,0.6063863844844075,0.5741737336942574,0.16709598196954872,0.28645242333109877,0.38553249150645114,0.6682875540326609,0.3685701176228068,0.1449237245656444,0.1670231828426259,0.29729542435427436,0.3218197193057619,0.21161400790651508,0.0009611017265959402,4.0409373934623444e-08,0.13709808668078088,0.02811731545276643,0.1021281381803575
0,29,0.7893340003689178,0.839318793646558,0.1241002537569547,0.420223922615186,0.28798033105031606,0.21269854842015223,0.9380692305459881,0.3793647726645633,0.8155126003210338,0.8110864246191583,0.7144960490540162,0.6793503693948592,0.29253375983344143,0.37407004945190336,0.7828669902662247,0.12410025375695471,0.6091462595590156,0.2336558766011162,0.366934291795373,0.1257714526091604,0.898502870687287,0.21109122881824566,0.06679957651040022,0.9292925664582612,0.06679957651040022,0.14828367841981177,0.08617272628820179,0.9332004234896001,0.9332004234896001,0.9666002117447974,0.9499003176171996,0.15608230105865695,0.856271198925708,0.06679957651040022,0.4924895489082842,0.618879826655125,0.3944207621751896,0.9641470933205359,0.752030439406871,0.49248954890828445,0.39837386199308683,0.21223305885607036,0.31270682188906135,0.5530378495950223,0.2547331861800317,0.3570021714056959,0.09809550264004306,0.08865834057903316,0.043254924346875806,0.17241039439980588,0.5091318549175767,0.5924597900789665,0.6039234754565748,0.3690338930068483,0.015228940249054438,0.28066301571408725,0.2873289594831506,0.16062603233381342,0.5629113533525298,0.4107588365551076,0.35514018691588795,0.3486169003410382,0.00855635844299512,0.01029548939751259,0.007550663141339528,0.18186781566793078,0.5535991950974115,0.3654132789639237,0.06529004216368917,0.03626002895734825,0.05332326536800591,0.5739863984846357,0.38802031958966254,0.003171804650370769,0.41115434572646037,0.21435308182031096,0.6609176584770411,0.5738709628762626,0.21040151302561394,0.22173924699272232,0.3666502218327594,0.6265787005359185,0.3425395405635151,0.1396047210108109,0.16780037103051915,0.26155729533600625,0.2947051911919286,0.19183840943872787,0.0006011223710045175,6.913627520542363e-08,0.07792000810375961,0.01341930120460431,0.13764631959920237
0,29,0.7509071962008003,0.8337967740424861,0.07666205391759423,0.5328744371617202,0.4188079003042317,0.06769043814274202,0.8706731178286469,0.47206729586041013,0.794091988610214,0.7877092142651099,0.7535772705677187,0.459616922930397,0.42428686394113185,0.32141229341130384,0.7171316993419534,0.07666205391759423,0.5005449885897881,0.27700233360910276,0.3400741699356283,0.1962851050960674,0.8194127508961131,0.2957446448924825,0.18332906585990372,0.8655491291716138,0.18332906585990372,0.324824237059189,0.2296967977706038,0.8166709341400953,0.8166709341400953,0.9083354670700494,0.8625032006050724,0.2798042316811731,0.8799873542335291,0.18332906585990372,0.45936886155723944,0.46747236430589895,0.571138156875168,0.8977188530947993,0.6431785930595085,0.45936886155723966,0.5668873485198573,0.3054246947261946,0.20748591113936932,0.4485579739145461,0.33762129725685136,0.3269567920402737,0.10276643668819692,0.08728449541837066,0.05844303969964633,0.23041619935432506,0.7076459708072929,0.3378282654638684,0.28917539504582024,0.3953100232744674,0.03155270983918941,0.4457363529255417,0.3374299462083543,0.26613622969587847,0.3811096256684492,0.31164110734913364,0.4422429906542057,0.3231527093596059,0.010360613815510369,0.012081616181531356,0.010745580775498741,0.23830423940149623,0.16587395957193818,0.12468407750631846,0.04392559148721003,0.054878851579918064,0.015576612212750153,0.795682468700948,0.4139632333062988,0.0064939584391174475,0.5710965969120957,0.1412362989960852,0.4962727901478956,0.6614704504607944,0.1368482472241759,0.305431812393881,0.3376946642838907,0.6066076189311194,0.3130190465365592,0.18280207690340544,0.2223487593608724,0.32283024046956144,0.3019942299373313,0.25433866193535565,0.001342347481216454,2.5599940879274752e-08,0.21570664525657107,0.04997739399966681,0.07353862267609318
0,29,0.7431293809529709,0.8005859480736108,0.07491622153683467,0.45234188149897075,0.35432457755850877,0.13839944921460712,0.8588607470293372,0.4073131684261364,0.7674329362239948,0.7575206131084122,0.6635197768962018,0.60430381723882,0.340832645769165,0.24910365356937736,0.6813911235918002,0.07491622153683467,0.5761098885618874,0.2395542247946445,0.2954036993786917,0.13237656016927266,0.7488297690883582,0.22327733575765538,0.16258583103902544,0.8428610650604735,0.16258583103902544,0.2965921943714464,0.20474464199832648,0.837414168960974,0.837414168960974,0.9187070844804879,0.87806062672073,0.29352736756004283,0.8295831242553364,0.16258583103902544,0.415449860753872,0.5591073118350895,0.4722328436590977,0.9253791335119972,0.7110248848540953,0.415449860753872,0.4674506296640993,0.23276249195259363,0.22934096404059826,0.46745770658002295,0.3124766852787684,0.28341168165409014,0.40803644797373795,0.2550232752452128,0.20058160739174757,0.2815706300894469,0.6780240710831031,0.38355666964114354,0.34512923346602753,0.275196485568178,0.352993215813862,0.3242531711140527,0.2498239419948987,0.2868676678297535,0.347113135026738,0.2719920950065282,0.4599842614226376,0.26888341543513955,0.0421219793346436,0.04258396689946489,0.04312279762616542,0.3239897052241192,0.19972502972651607,0.16540151408780304,0.14189697732725887,0.08373137934561012,0.0881351762775606,0.7927830165078403,0.31167883211678815,0.041850687437019835,0.469756677420914,0.183539532281105,0.6201832639664735,0.6252049178930934,0.17853823679915298,0.24446259687911595,0.2973311600322068,0.7270798680600303,0.3014978537966133,0.22588494766197542,0.2558809241281547,0.26887081486907627,0.24498229877001493,0.29344247388498607,0.001531524242507307,1.9428917607009166e-08,0.22635477965578968,0.03693335913187295,0.06382175246297381
0,31,0.6519830923487439,0.8405272172223854,0.13502329866474982,0.7846380102338038,0.620640578652781,0.06659056828341485,0.8897876582298979,0.7262231954002147,0.7752081730133475,0.7960371299569573,0.6482004017416896,0.7001934278431686,0.6447075741838931,0.30254249426353996,0.5656747689145687,0.13502329866474985,0.1739031204229411,0.6449438472838223,0.30216341162618593,0.3773450956122615,0.8208360272260632,0.5807296348360917,0.13821284272953638,0.9465126222039331,0.13821284272953638,0.26275823182361996,0.17525500654817028,0.861787157270463,0.861787157270463,0.930893578635235,0.896340367952849,0.15400407505898084,0.9774707400000869,0.13821284272953638,0.3970293022519005,0.18060560340468707,0.7523540594133618,0.9787461380032991,0.3351998932649648,0.3970293022519008,0.758651341562251,0.5797688110534008,0.272444028508302,0.17124183327240705,0.586494669072249,0.30313030816059067,0.09276560479777345,0.06923297580470356,0.08902372085512578,0.3379686245240093,0.8140378065864176,0.6988697990521422,0.41517976476448304,0.4021669404650413,0.02156862019466349,0.4189742768695507,0.3150464746684452,0.30120709600851636,0.5471256684491979,0.1468814201387334,0.6038971061252058,0.29783137987656416,0.00927729030135958,0.009828306615039589,0.014495016840503834,0.32396682916934016,0.4951002501127557,0.22782849344580822,0.06837926419755488,0.07135828802226912,0.016804813041771716,0.7944038928091444,0.39813003235758915,0.004508459857789035,0.7211336521727764,0.2646085965976688,0.5404240873190416,0.644988336237986,0.17192601556472664,0.5861371493648337,0.30120884645044466,0.5984537116265889,0.27105587704024037,0.30604044082735593,0.35263837049576113,0.320480536232976,0.27672555595867,0.35774600137285567,0.0026064220564567925,1.6758220404779623e-08,0.1507549876935965,0.07387716125449419,0.06482168003661563
0,31,0.6836841385098079,0.8210650438034144,0.056175563710856975,0.6967938692569661,0.44069828762289326,0.07192632802934006,0.8496943642855699,0.5252099964166534,0.7525530987812703,0.7464644093840915,0.6824053410847492,0.5487644454792022,0.44623554761511675,0.2237754951257659,0.6963080130542424,0.056175563710857,0.2563612353305359,0.38462360057438955,0.26611966679333565,0.2625297432857439,0.7784198116994665,0.4687772132581839,0.1504657264687214,0.928406947112947,0.1504657264687214,0.28028840437234803,0.1901827148042606,0.8495342735312779,0.8495342735312779,0.924767136765638,0.8871507051484606,0.18766295136598043,0.9540543673160427,0.1504657264687214,0.36336088492831886,0.2524285202599121,0.689241865989512,0.9595547962192951,0.405475828583559,0.36336088492831886,0.6922640712019361,0.47150395282191343,0.16898874954789572,0.24597938124932073,0.48455486248690083,0.26376922288359983,0.07948971627327207,0.05404816226950478,0.08586099018880089,0.36787342115545973,0.7235352645224478,0.4073134897986976,0.446527916051221,0.4401581799392146,0.01551712535022748,0.42618890353955863,0.2599185307365954,0.391589393240943,0.3683155080213904,0.1810710804096478,0.5396052847317506,0.2506265664160401,0.005450466844431377,0.005173010610965329,0.009719650818550748,0.38268364177276104,0.2792727955441517,0.19682370027405222,0.1983403248043251,0.17858862487316102,0.09914957775324766,0.7630114363352246,0.4846918085969181,0.002326877203004644,0.6649995701410701,0.1427436017979278,0.5143532202049181,0.6647306451356947,0.10370706046568921,0.4751163529478154,0.2652256545542223,0.5619236456927255,0.23297948920724723,0.3152862652577082,0.375136602592861,0.4161714666896018,0.2646980425742447,0.46254563926014325,0.0014174365007425017,3.688445705839946e-08,0.1789973116849561,0.06545527700546924,0.10214094669403492
0,31,0.6904303027339878,0.7547207814104795,0.037719709696722795,0.6115068734326315,0.24471904364034178,0.16949390946697457,0.8271670521440219,0.36618590696594505,0.7236514262085543,0.7230062487012278,0.649973275399558,0.5613245834400353,0.2541185753408255,0.13632107054443665,0.7655713894177848,0.037719709696722815,0.28635239442938754,0.23954974072826424,0.22137148015258645,0.12158117198019094,0.7208884325893882,0.37647060947238686,0.18378684129454342,0.8923508717284583,0.18378684129454342,0.3258048515068727,0.23035120396505987,0.8162131587054553,0.8162131587054553,0.9081065793527259,0.8621598690290941,0.25189417747280995,0.9114388819815313,0.18378684129454342,0.31588554794836665,0.27833978716647473,0.6248733968361768,0.9205914594999606,0.4007080750636217,0.31588554794836676,0.6221566832933975,0.3843283998352566,0.14423907038293393,0.24819056944417373,0.4326994245972921,0.2094494919640349,0.1988026138244965,0.11269038987396116,0.15836884659751005,0.45450018522946967,0.7731452902868825,0.30091192734528033,0.2826021966046136,0.33257626076136615,0.12986606675667772,0.41628361061399544,0.21902394093252942,0.47366660623603984,0.3119406853650552,0.17827423861846037,0.4960004982347697,0.19503367849602893,0.01556371229081642,0.014198780033920012,0.022675097966209316,0.4846557076696014,0.13649930840350405,0.09999589471811623,0.24529334989610682,0.1521017542319297,0.1344131935000848,0.870192223531839,0.43298268212394464,0.013794258938235875,0.6188975711496035,0.13659138369247828,0.5407405636638012,0.7031083693212705,0.10138939043441789,0.3981945744415035,0.2207797083602397,0.6735868801006444,0.21747467410898544,0.37740926667425,0.4315085595269271,0.3692191822897629,0.21044713809933735,0.5070658233438735,0.0017408944584709225,2.250354242748524e-08,0.28734931659403,0.0709830803632806,0.08428983320309337
0,31,0.7439601300486453,0.7910132173729071,0.004947355593191123,0.3435542495828737,0.3634724525287437,0.04511107747757767,0.7822496330596564,0.33306623533895396,0.7683759731450054,0.7742818163766914,0.7769264994045475,0.22411882233509903,0.3163123097503836,0.24332178444255104,0.6317854732819596,0.004947355593191125,0.6392664096719314,0.14473413239356733,0.26659636932472486,0.06968471353883156,0.7017024419974925,0.18033731543111411,0.3296821684978334,0.6432932381876603,0.3296821684978334,0.49633642851922477,0.3969366362182828,0.6703178315021674,0.6703178315021674,0.6703178315021638,0.6703178315021638,0.5444663717682665,0.6696357834070961,0.3296821684978334,0.38685868951741953,0.5238905059846897,0.47325857343815536,0.7135703616351957,0.6822554070813395,0.38685868951741953,0.44925966371388054,0.20585911555519978,0.03572227861398006,0.5917045097081568,0.20997553042294664,0.25667325021057685,0.05404179770481031,0.04552350349678375,0.0418186327991065,0.29068808231685117,0.4522039304242857,0.05579881865773221,0.3730993522121585,0.5496180877311397,0.008269948786350146,0.4903545530118535,0.2706062266958577,0.335512965947079,0.07463235294117647,0.502091216889066,0.2527102803738318,0.23645320197044334,0.003434870578440318,0.0037268434357317524,0.004019563670743433,0.31218108574717063,0.066884661117717,0.3681550126368997,0.005150469507945567,0.004256170322260278,0.0030972688708346087,0.36034210651277765,0.5150040551500401,0.00043703547737378927,0.4554124856716487,0.01776195199879369,0.4039317973310619,0.5466838279326243,0.01993848392527193,0.18985758510202547,0.27380648455450596,0.4457906797127362,0.22887941177883117,0.19102591855688267,0.27321668909825036,0.36615900086836783,0.25005930413615757,0.32516591059547334,0.000787050876550109,1.2139261304021112e-07,0.1224491544299428,0.14601329669822652,0.11010830324909747
0,33,0.686663570810462,0.7828573409955841,0.04640977192878608,0.6424051175955252,0.44866322845886486,0.07349461423091892,0.849230051963786,0.4800622036858047,0.7375578195277487,0.7425039334239466,0.6827935896996116,0.5470256585268238,0.433938832385368,0.1770455594725472,0.7126316398021867,0.0464097719287861,0.25049780237425223,0.2918071906244753,0.2129273590315216,0.15517631552704367,0.7623938727745087,0.4305021752428374,0.03395886112001134,0.9820266249473446,0.03395886112001134,0.08359777535061941,0.044067366062670456,0.9660411388799872,0.9660411388799872,0.9830205694399936,0.9745308541599922,0.05844997902088056,0.9644148816119644,0.03395886112001134,0.2995308474931355,0.27347080683811537,0.5658071479419107,0.9999999999996715,0.3481197690569454,0.2995308474931355,0.5786041146631944,0.42362213384874803,0.15728297147924425,0.2759117334045651,0.40373655060590125,0.21270568956892782,0.10704544018723776,0.054328284370281026,0.13478729053235305,0.43682086014137245,0.5600967028389794,0.4364332419302136,0.6975906791077442,0.3442086538480217,0.014483610499626142,0.2412494571096122,0.16507721511865064,0.3549520663529092,0.33165252266914674,0.27202018064770683,0.4030705086302846,0.2098950524737631,0.0077490332654418575,0.00553926024545436,0.01851010091380618,0.41712608111827454,0.5641575763842218,0.5491087282994889,0.004545983513020012,0.003161891923620116,0.003742768527203859,0.4545452281229275,0.38231648533259815,0.0018939492045408485,0.5252235216786515,0.15801949464637488,0.7345753145121112,0.5713817340859935,0.10087199783719278,0.42724835131541194,0.21451486264517028,0.6517024399265188,0.20260272263332693,0.41183891228458247,0.45403934545355107,0.2278488565030844,0.1733178407318332,0.43913566996244024,0.00035048285566989854,1.897783078143052e-07,0.05781340131465128,0.013731050929155785,0.46442957973889376
0,33,0.737639833108585,0.8066978316742677,0.09435666508460087,0.5114445178664649,0.30641513693755806,0.10849852819485271,0.8692242423308686,0.37940030744450554,0.7711376112329306,0.7628321366996245,0.7580470272231541,0.44803151600570945,0.31631913445721593,0.2558050799642808,0.7764337501194554,0.09435666508460092,0.5091661349798868,0.20547968080487886,0.29859848889954316,0.1756896584247638,0.7530405108130207,0.28480750209034833,0.12167358528818525,0.9057658550189174,0.12167358528818525,0.23705094393442094,0.15475380871225675,0.8783264147118128,0.8783264147118128,0.9391632073559073,0.9087448110338592,0.21023133083160883,0.8906465034724926,0.12167358528818525,0.41434648432655596,0.49472534247474625,0.5166861257073105,0.934514214880153,0.6585966222607517,0.41434648432655596,0.5179291109872534,0.289188542338728,0.3191247194901792,0.4777325550579241,0.30676086477015285,0.286741165946486,0.0937821128509284,0.07035817756846921,0.06722942669674875,0.2748666734866085,0.5851714035138893,0.6060361541884779,0.5060128151278485,0.39922617855499765,0.01948305151410714,0.3892709052195068,0.25753762481303816,0.29947135718639684,0.5789073894020417,0.4220497510090312,0.34119658779811707,0.2761606209882072,0.010309994263206619,0.010293600540785501,0.013885989284803142,0.27387242848589477,0.4073883904442764,0.2544345190435409,0.06873203742847206,0.021154793205279174,0.0634694128171076,0.6549362774431566,0.36459392035479976,0.004341781726762762,0.5075289297105868,0.22225684780006694,0.603982277043871,0.6162963862006614,0.20525319812630913,0.29074304735435846,0.29806781862895587,0.599244510959015,0.2750063695103895,0.223194196024947,0.2685774793889349,0.30745355749836356,0.2507965610275472,0.31107139442897846,0.0014191438048201245,2.4499107766135654e-08,0.15497507527718776,0.031231391316911192,0.07646994266214145
0,33,0.7205003165256935,0.8273674875765061,0.07158297949048055,0.6069230199229866,0.3314999047012001,0.134609482044436,0.8915979378478871,0.4879952461327752,0.7622037217972684,0.7452236917363539,0.6651828489981786,0.6720064246347454,0.3742464060367101,0.24553572909371757,0.8172843632879262,0.07158297949048056,0.4001339544082986,0.3534501970235532,0.3081696480791996,0.2348936852058302,0.7840798870628588,0.35978142866402163,0.11848639708829495,0.9264584247517555,0.11848639708829495,0.23262768813987722,0.15088327680040894,0.8815136029117046,0.8815136029117046,0.9407568014558478,0.9111352021837789,0.1748318563206115,0.9297724486802291,0.11848639708829495,0.4196687758836105,0.4070246741424766,0.583614172185208,0.9744122093006209,0.5856381420133697,0.4196687758836105,0.5872006862737759,0.36214479556765544,0.21243384786307865,0.3480204152213947,0.4044000826521051,0.2822242564078446,0.10649071500453512,0.08230005777371249,0.07219307298402981,0.31221674357414864,0.7118806014936996,0.4277649889477527,0.406237305186113,0.3684880022183107,0.02647848640241065,0.3668594764868024,0.23682097621389708,0.3592765918907941,0.4059157754010695,0.2377436881625118,0.47702445908853497,0.24800407677934427,0.008535359745353507,0.009430918950001031,0.010413893120785903,0.3664247868392678,0.24216860059863055,0.16229826288958762,0.1463417020654757,0.12327410295561719,0.09752627696905823,0.772060613152142,0.4110763526821921,0.00405610856793164,0.5840747302894634,0.17427688923179288,0.5847186170182688,0.6465153572646387,0.14495843080868293,0.3753013870290297,0.3051655178282699,0.6326273654941583,0.29435528779975295,0.23265387186883046,0.2838458087448666,0.3323283499587605,0.25973875122867596,0.3651982096399873,0.0012028307823591336,3.626537770760211e-08,0.16143319891906885,0.04225861015984429,0.096931506849315
0,35,0.7454956634309644,0.858468283989648,0.17088693105246555,0.6905290527470843,0.4453853357514129,0.09403703656896835,0.9263640980986766,0.5564875685836516,0.8046756116339723,0.7985733583512435,0.6923378197643949,0.6959085214131537,0.4782660622112372,0.35735134633946963,0.6515687372607433,0.17088693105246558,0.3002987026891957,0.3891719262344323,0.3820037417968568,0.2977599909888242,0.8287352641145946,0.45015752552129695,0.1349964602081814,0.9329419153005283,0.1349964602081814,0.25851661781080876,0.17139482486604218,0.8650035397918163,0.8650035397918163,0.9325017698959108,0.8987526548438645,0.17538431899404994,0.9534528445215595,0.1349964602081814,0.4926700680196996,0.3020041874471982,0.6690570176906304,0.9679927676673139,0.48638321372299453,0.4926700680196996,0.6732649829680349,0.451921223338684,0.30649622356375905,0.2676227775750065,0.4864774024129056,0.368450904258131,0.19367768308619543,0.15170907717427567,0.09905219746380127,0.22642445747452822,0.8150459869137723,0.6456275965636171,0.33621990341877817,0.2952541115289514,0.10442032005118522,0.321101311336779,0.3090652750193048,0.20333569422288753,0.5774635977063333,0.21987183514245245,0.5245691695958477,0.35729123390112166,0.021554008311192516,0.024543419659784765,0.022029890188842667,0.22156148091310188,0.4066802286434681,0.19104764283023018,0.27333622620923376,0.3109382235217828,0.06021873813364829,0.8062043811766141,0.34005908932916246,0.01739641911856649,0.6393601965885193,0.2990364000392598,0.6154363459229126,0.6175246820135303,0.2200564020484929,0.46311516640056705,0.3781538349319814,0.7056317104586995,0.37246195148424033,0.19982188872975282,0.22199577004422227,0.3110395416899089,0.32790564525673405,0.23568789928633016,0.0024176184514821896,1.0775491516792532e-08,0.17624422449877133,0.05926229607337803,0.05412858660998931
0,35,0.7605648936342395,0.8010677420868084,0.10065713610238403,0.3730127565943358,0.23634163921381018,0.14266411286356168,0.8510421048366579,0.3170902774074985,0.7772007140569539,0.7704156374073525,0.7211810234473035,0.4783772303995347,0.24947952710281285,0.267934396850526,0.7303126831940403,0.10065713610238405,0.6767359603363972,0.1614856395558927,0.3125177853368943,0.11056717619155398,0.7770595736953944,0.1717494933647379,0.1060886460934624,0.865512887334384,0.1060886460934624,0.2134501867408295,0.13549231912852083,0.8939113539065389,0.8939113539065389,0.9469556769532659,0.9204335154299041,0.2547778651900916,0.7984183346247496,0.1060886460934624,0.4376794122727098,0.6673648739513702,0.38123312150031974,0.9092988644935123,0.7905413649305498,0.4376794122727097,0.38027127473952826,0.1773370903380109,0.37581949465948067,0.6060013414555361,0.22493696802545782,0.30199912656621364,0.08558322331940586,0.06949650497299789,0.04897748226836668,0.22860582307306404,0.4895751575188049,0.6573327361575954,0.5571721104198186,0.41482023832071324,0.014172202117991735,0.38853721703744015,0.28740250864622746,0.2514473304072308,0.7866686163101604,0.5288343644194383,0.27245327102803735,0.29310344827586204,0.0060490506257169325,0.006585216543904341,0.006584641076763903,0.226999808171878,0.624814209274673,0.3289937868576242,0.06209011697870906,0.052426283423055886,0.023577231168893265,0.575046387577484,0.4476435072542122,0.0020913099884489706,0.39609646091193296,0.22953670901422826,0.6161099783117976,0.6509443969741813,0.24474643712169328,0.18429788508962555,0.31208218685880157,0.5861936210049496,0.2847973849721992,0.17568854076543283,0.21885940190112468,0.33149150200813027,0.28056364759010366,0.2539366705986183,0.0011419250894301935,2.833448842091101e-08,0.13517855519857686,0.018168074384399175,0.07447071549992272
0,35,0.7348650751829717,0.78058346695516,0.05560521961537242,0.4336320345318168,0.26957846184263945,0.28518643096578855,0.8273760296263586,0.3492495927634695,0.7508960404584021,0.746431165485232,0.5907863669998604,0.6736672915480537,0.26084713935651166,0.20388635446559522,0.5494922716130253,0.055605219615372445,0.595933796373072,0.21346918735339523,0.7807934177932238,0.21037042601632833,0.6315261476956539,0.24609686850056392,0.1749230508455964,0.8467728663428602,0.1749230508455964,0.3152284245098841,0.22000879603485168,0.8250769491544041,0.8250769491544041,0.9485520438689399,0.8950461694926428,0.3183610242458449,0.8176880495659729,0.1749230508455964,0.8497912189797026,0.571110047605139,0.4734508011978704,0.8933715518518167,0.7190545051408673,0.8497912189797026,0.4672834917441549,0.25616610660756634,0.2516393162576553,0.507283617900123,0.31854075780992175,0.7301701073985836,0.06777600220521236,0.15227524697100325,0.0014423516951905802,0.039394217132483436,0.5720279426119834,0.445810681438935,0.4406319865888251,0.47808507781448706,0.012705139493601943,0.47237844936998574,0.6493134819061804,0.07146353003536532,0.5074403537638832,0.3194264562211493,0.4388785046728972,0.6760136415308828,0.004024507865050054,0.011483283433806054,0.0004356648296447614,0.0341631129277398,0.46510564346473987,0.3011071619068507,0.20439285225714493,0.2986339948550825,0.04160901798457982,0.6393273516321665,0.5309578691253685,0.0015119209560137585,0.49813430390327984,0.1462534466232845,0.4607158433701679,0.650538014166002,0.15851706165008905,0.25988117276479866,0.7763393037098747,0.5233101507850078,0.6928191680954372,0.012718962953523275,0.034361190272502895,0.4452545250449901,0.696969857322384,0.07185646858925349,0.0005017483475880723,2.767360044331299e-08,0.44743149253135356,0.020187254494475403,0.17695893598237633
0,35,0.7952678268026482,0.7966471119099472,0.13041228335852734,0.039385117324716716,0.1620466861592176,0.11743239533801768,0.8222304162462857,0.20428680248737285,0.7914496487779135,0.7867385472219527,0.8003148240066248,0.2664265807732943,0.16840388445695637,0.29811091149681324,0.6931224682486244,0.1304122833585274,0.9790761911534966,0.07078610439536302,0.3181481091318449,0.0037478362994405948,0.8161773016968086,0.007268436888494676,0.02702862680149004,0.3520548313311711,0.02702862680149004,0.0701209451230731,0.035173859314857094,0.9729713731985079,0.9729713731985079,0.9864856865992593,0.9797285298988818,0.6438500553442887,0.20413906933507764,0.02702862680149004,0.45467063180151235,0.9738122307126478,0.047660287156014364,0.6447027697449701,0.9848230884141321,0.45467063180151235,0.045954423510820956,0.009534319996552043,0.4447489441434012,0.9383443835527199,0.03217939260418765,0.3045179906754323,0.3639580093427168,0.23434694298984218,0.15605547239331413,0.1675168475008626,0.20789297062966056,0.6725698758030463,0.7067988393723117,0.15690666416186339,0.2414863661538371,0.07060718416223488,0.16918006287563853,0.10295982942413304,0.561744361776331,0.8073427144744437,0.10226048089323883,0.29342471621332183,0.05801991723027375,0.0590969402993293,0.05554044394240757,0.17414657336591635,0.35381016388357545,0.3331188696703258,0.008547820080805504,0.006219546542102441,0.006519925733597564,0.4692825260407106,0.17295428351901587,0.043109979186278596,0.05517818558721743,0.3147413262269821,0.9202038989756203,0.43781188320914377,0.36048429414229444,0.011067455228097827,0.31628528815016865,0.8383518598329842,0.34125838968161104,0.16538174591446503,0.16412399670882355,0.09190025220681863,0.20692624185224795,0.12809679096634685,0.00029578629421262527,1.3153978351612664e-07,0.03500914497947911,0.000285769192292169,0.20922384058618526
0,37,0.7912828254602459,0.8069752328448483,0.14692499401497514,0.2775879604575295,0.23550922460416204,0.12730024014845231,0.872813829201255,0.2794288323407696,0.7999276270359806,0.7966521807223113,0.7750792872932993,0.4236009437808188,0.23160321834008255,0.32460430504931015,0.6670151901656455,0.1469249940149752,0.7788040841800159,0.12151570031548994,0.33221825838337493,0.07482966899917802,0.837839561788978,0.1145465043963199,0.07876375202117368,0.8513090425692569,0.07876375202117368,0.16892577235389572,0.1012914067415213,0.9212362479788272,0.9212362479788272,0.9606181239894163,0.9409271859841191,0.2607642936036264,0.7230321687529593,0.07876375202117368,0.4626947504144652,0.7692242545915076,0.2857982368353373,0.904175870526712,0.8591572019580663,0.4626947504144652,0.28516557580953217,0.11899423118349849,0.43037708622178356,0.7037432411829279,0.16534214117800108,0.319095669377306,0.25500307534697836,0.17431857427364533,0.11284658550893632,0.18905879539940573,0.5066966950418066,0.6357746526289195,0.44407931436527304,0.2490179621661931,0.15611438703069522,0.2547620802610644,0.24283313602186218,0.17070678243423162,0.6201717400246812,0.5050374227062905,0.29158878504672897,0.31375521030693443,0.037665915630022806,0.03902984887774932,0.03612657388055125,0.20489309271200698,0.3313363212293058,0.20390024077406613,0.15775597767727353,0.11849418684233755,0.07388745906839463,0.7008348231830536,0.2669947651699472,0.0323472072187853,0.3077026022941187,0.29607749272924166,0.7098959287146338,0.5701896171820147,0.32613355715164805,0.12308650836876478,0.33031231384563015,0.7503304124113259,0.33663671451646726,0.16525843121693323,0.17944953207402742,0.2202531380625975,0.2543627201310238,0.1871329749493969,0.0011226703703325538,2.603618924333804e-08,0.10634377238112677,0.009535911880488697,0.07371188811188806
0,37,0.6867146442305057,0.7526127495530466,0.07292738539442764,0.6013279637193581,0.3506715862209832,0.10758170146854178,0.7727480163001079,0.402018096902311,0.7158088724463295,0.7073604654393761,0.64151428025055,0.45954769777317706,0.3527069518852109,0.11382106069564069,0.6201641792914527,0.07292738539442764,0.2286697251023222,0.21643167150016568,0.17044829112779025,0.06965335833156269,0.7830060508435035,0.3929480823165987,0.19709183016705756,0.8899181436249899,0.19709183016705756,0.3443047650252055,0.2464297299869027,0.8029081698329428,0.8029081698329428,0.8029081698329392,0.802908169832941,0.2596082157358628,0.9100457206209507,0.19709183016705756,0.24710703144506685,0.2038280089781737,0.6299571608196317,0.9116060874433095,0.1833457156397832,0.24710703144506685,0.6258580382199538,0.40162349295759286,0.3017709187601136,0.25155791824308527,0.3849038915306927,0.17613575022265293,0.13049916023864228,0.0506654747647128,0.1894485646513479,0.513252017261276,0.7609831975765884,0.6187291066500318,0.2920137603824208,0.3600700140714558,0.05389260202063996,0.39375973363541583,0.19292300687132835,0.4554150402014321,0.6229212860310421,0.2886620690423245,0.361034820172683,0.1910368857383155,0.012507260226655253,0.007275267042666568,0.0342960884450891,0.4442926454969518,0.38825730112235723,0.18341270966904497,0.09690061181904137,0.08249608702922454,0.02595087486086432,0.7807127863297652,0.3561678832116792,0.00672268562215585,0.6224934245488231,0.2705820246487181,0.5250263179959849,0.6192768781266893,0.19123118251765608,0.4059586000155192,0.17502552974214958,0.6391316540714918,0.16345476681026408,0.4817168775183409,0.5354177451081893,0.30308860473454213,0.16853136337942443,0.5298747269062943,0.013801047458727355,2.5549618274426662e-09,0.07995498553965733,0.2120263602151268,0.014592137788055175
0,37,0.7068525849497845,0.7641359140790758,0.11472839649334285,0.5494870214956807,0.35190320353028415,0.11702476788343331,0.7791017349286973,0.3901310523676976,0.7365263829456357,0.7434648490249898,0.6336021571253455,0.48825533399566823,0.34710054088824543,0.16525995768034774,0.5571370116359723,0.1147283964933429,0.3189488412058509,0.1986313903543888,0.21710587758799665,0.08483349495323919,0.6898448237069523,0.3479366991868623,0.09565341014846748,0.9384498706513082,0.09565341014846748,0.1968651062899786,0.12248828861721131,0.9043465898515333,0.9043465898515333,0.9043465898515315,0.9043465898515315,0.16201603681524057,0.9144290944694131,0.09565341014846748,0.31212764229528633,0.33206543964133267,0.5244036730071142,0.9505762626952182,0.4464237025616501,0.31212764229528644,0.5288716936109576,0.3485175990789926,0.37830566372535485,0.2967120792526309,0.36168230536522844,0.19545136122670914,0.28246247175119615,0.1557845339955743,0.2090076352002792,0.4598736731164592,0.6531299670554351,0.8632482094763265,0.4915522714509344,0.2756091978189382,0.21070924294041962,0.2541517315222549,0.1455000869096248,0.41695610140308315,0.6827954254824459,0.26650518201625006,0.37228040033213783,0.18312272435210963,0.03178056894475385,0.028502300621491537,0.04603139311095918,0.4673141560813685,0.5253838597942408,0.22810997526766816,0.09307257568097725,0.07146856133676596,0.03411903568482154,0.7751915215793673,0.3040117248117711,0.028072528447481176,0.5219586743997119,0.372215731695286,0.6633491724396889,0.5685978923598931,0.27362701410648116,0.3584438261543624,0.21433525174939033,0.7223682035841086,0.22235634178358424,0.38765234549819294,0.4310752568083457,0.21854011965936004,0.16468514090147313,0.4337306567707976,0.005500746266474239,1.4036132389937536e-08,0.03924184124398751,0.09376834522132053,0.02293972278929836
0,37,0.7685446464667458,0.7752759534671823,0.06486083227814686,0.10456321606195652,0.23685233944479545,0.10811834830330165,0.7741525421807294,0.24495484001061382,0.7747257411114299,0.7808712587270334,0.7356235825618498,0.2846773982599168,0.23229484389108393,0.2545927573680661,0.543617087813453,0.06486083227814687,0.9217910321942575,0.08134790600404548,0.31029722044751784,0.021327669843347007,0.7841201282700382,0.03500235078894697,0.029635549696138352,0.8161944736118458,0.029635549696138352,0.07475476510358835,0.038516057283124495,0.9703644503038618,0.9703644503038618,0.9703644503038653,0.9703644503038582,0.28073408332909955,0.4684785599067443,0.029635549696138352,0.4443003077375991,0.9229282177278719,0.1025191336927603,0.8524071980430626,0.9546013171420203,0.4443003077375991,0.10213299594568526,0.036862752686777,0.28170428340361925,0.8768778040501926,0.06331847648603628,0.29208282077714504,0.13502052319171326,0.0977629547959046,0.06314043697097094,0.19283436993231723,0.2832747803554992,0.39615439559098875,0.5814055938203915,0.2831353360234169,0.024527043937473333,0.19898397592748984,0.1958857620483101,0.17605325600393082,0.46225832990538873,0.7790345637081656,0.11214953271028036,0.2728306176582038,0.01689114682977712,0.01750537599202451,0.0162148908643466,0.20636279124673532,0.32470502149455777,0.36718571285352436,0.00710281921982602,0.003689912875043105,0.006205124437816407,0.4135647584097359,0.28874478623566174,0.007821264507253761,0.15496409775526943,0.1688319577493868,0.7526505873828737,0.5457149676248538,0.20147369258652878,0.041162137818705084,0.30780663043874684,0.7127948365167214,0.309015506875593,0.16323225311433343,0.18296777246979135,0.18671531831825627,0.22429808565090054,0.18295667609493038,0.0003855042636600452,2.1771472959656148e-07,0.011584137101162182,0.003642778803526613,0.15378151260504203
0,11,0.8337156451977008,0.8424865680886997,0.03989588184065078,0.33295515929758285,0.2144329252206295,0.1351562280335587,0.8909006847061752,0.2627215236205423,0.8385001977676692,0.8331395503738477,0.8571464939496917,0.3075979811824535,0.21180083207306272,0.4260702907162015,0.7930686075211885,0.03989588184065079,0.6539915999404924,0.1108281343937559,0.03894806449638322,0.07957118463680499,0.9423387102212729,0.17482068429372885,0.07061637405822971,0.9105548334557712,0.07061637405822971,0.1545126593067863,0.09096464216702117,0.9293836259417709,0.9293836259417709,0.9293836259417638,0.9293836259417709,0.19562451293194194,0.791598049068843,0.07061637405822971,0.056896358699666916,0.6532892715612764,0.32693250685115677,0.9281770085417591,0.7732370933266611,0.05689635869966703,0.3284530131322505,0.17714344926962355,0.09635798217156169,0.6129427236274776,0.1990532808782411,0.04504168136241428,0.09195726597158178,0.009487397171694646,0.226381966263065,0.8755281224021727,0.40745802325638575,0.17969940404772713,0.6376938874059213,0.38741119538730795,0.013839310937406766,0.34771433381514205,0.07892534295348046,0.7638805907811724,0.1575033422459893,0.4165131447918742,0.29614485981308414,0.07389162561576354,0.00880528034193195,0.0020144654112414914,0.03658847805292906,0.7850565892959908,0.10701545778834719,0.2523167649536646,0.16752198817209762,0.14266245543977146,0.04360741333008367,0.5665085348203903,0.3832116788321161,0.0032829390253368974,0.36403229320604913,0.062461204129703976,0.6483836982327438,0.6353826377311094,0.06301911266589533,0.18210757473560982,0.040109444894606563,0.6126085453746335,0.03505629365788818,0.787705870777183,0.893534752449844,0.345493017540799,0.07419697849882274,0.9163915642118455,0.0014012019422983517,1.8363609071447488e-07,0.03300886247083875,0.039701105995178135,0.15199335548172752
0,11,0.8582473386002701,0.8347808565260697,0.10956597055677358,0.29130273638489745,0.13735125588355068,0.34558132961714716,0.8729366633940651,0.19355964138358223,0.8416198189179761,0.8412443941750587,0.7975441715089735,0.3813978130850114,0.13793609942947588,0.4323865036581582,0.37252842602428576,0.10956597055677361,0.721039864335177,0.08177007294517576,0.3660514510952035,0.06234287736312099,0.9118707978739672,0.12989296066475786,0.1594639245048193,0.7465629246448234,0.1594639245048193,0.2936117389990756,0.2012538013384692,0.8405360754951801,0.8405360754951801,0.92026803774759,0.8804020566213833,0.4186069878993983,0.6696017651766012,0.1594639245048193,0.4974810605978224,0.6924018714632916,0.3320725573854892,0.8049695916149866,0.8059393509531755,0.4974810605978224,0.3235109493876204,0.14125270365161205,0.2214933237175686,0.5927714020874502,0.21530478481025334,0.3771772774173751,0.17461117255747488,0.13329051818703808,0.07193268144798413,0.14155374943855176,0.6920628231006838,0.25369226174462645,0.11824728893006797,0.25412434542442874,0.06921301500337505,0.3425646103391756,0.3565129519840878,0.13289387441637743,0.3233145530939649,0.3296296145756983,0.39396443935829784,0.3987802017358668,0.028549541777138254,0.030183422445089304,0.026658429170791028,0.1432590684461009,0.06900798369288261,0.04960580132080907,0.34342831165858645,0.41009399468093233,0.1299085198781918,0.8409451397327011,0.31079523626584726,0.024443407600427555,0.3720363608246049,0.1584698214510494,0.5995414255665215,0.6390287286346115,0.17644006399852732,0.14782433751604537,0.3662577429020598,0.7501741330013649,0.3613829840207735,0.14276273844515203,0.14813018673612283,0.3142141440618581,0.34126143806092596,0.17399534881952378,0.0012316194818689224,2.270434258440817e-08,0.260549761477298,0.022436402355196873,0.06744578069049383
0,11,0.8239219746468578,0.8919592038946306,0.098604984247923,0.5402482132326659,0.174079387512012,0.18683515563080028,0.9562906069592664,0.34033391685136816,0.8819619487883259,0.8910470376467103,0.8104632409411395,0.537361162927641,0.22811391539816073,0.547406937513798,0.41265808069129906,0.09860498424792302,0.3346463167562794,0.20743765414118834,0.21668858430355764,0.0811556982669713,0.6951792912384406,0.333033409009302,0.23288416911737,0.8490648006883681,0.23288416911737,0.38853270657305083,0.28826970091143905,0.7671158308826289,0.7671158308826289,0.7671158308826307,0.7671158308826289,0.31962004299881686,0.8686163461338849,0.23288416911737,0.3138456335416647,0.2944260202304802,0.5927449539956824,0.8788015277992006,0.42682433840100964,0.3138456335416647,0.5834242003310988,0.3463146452409741,0.13809500865744692,0.3220405550431077,0.34865654273652863,0.2046288538215113,0.07905830350072783,0.04610952959394284,0.09328653097566947,0.43451183713783115,0.7247534261922353,0.25429551198722367,0.25112402356613717,0.4643305762432647,0.024253899660919086,0.5829646115629475,0.23346295181405508,0.5850201701208572,0.3061953087019932,0.24773595526886238,0.38180659612265383,0.1746529332736229,0.005585710878918241,0.0045140764966789,0.011404858875161756,0.49195193833597817,0.08411252837531077,0.06115319542982856,0.13131531600268417,0.03776371399400847,0.12156596405802146,0.8761403093550021,0.5089416058394163,0.003056662516851481,0.6401059467544364,0.09630601010471351,0.3842909896983038,0.7610294756677178,0.08282144305014497,0.35018209261994987,0.2186239468981363,0.5452323671105916,0.1958800985491377,0.33889952428700154,0.41969147944921836,0.45543683812097846,0.21208069028431692,0.5744282907215299,0.004232943279925813,2.1665908196718314e-08,0.09964837924754852,0.22932982086406623,0.029093799682034963
0,17,0.8522180446592462,0.8427297219246106,0.1526461616071322,0.35976845372023275,0.14291149970338493,0.15961190321973828,0.8737227207714162,0.19013998038588542,0.8488012041884535,0.8500665856032379,0.8475159726377757,0.28862924872794793,0.14874073430450918,0.4504669059204006,0.5879972470222651,0.15264616160713226,0.6163890183581777,0.06608592127007812,0.043951156584844636,0.0814893420873154,0.9469898892101942,0.19181724115233637,0.11513954746954629,0.8692610624590693,0.11513954746954629,0.22610927321195112,0.1464804243184136,0.884860452530452,0.884860452530452,0.8848604525304573,0.884860452530452,0.2640563802244279,0.7890102980297738,0.11513954746954629,0.06480301718978076,0.6016519689253583,0.375407311056978,0.8950187924395191,0.7351379719924499,0.06480301718978088,0.3732308979586448,0.19775654088642663,0.30394672126808286,0.5583343790367941,0.2271369026511679,0.053047713400734955,0.19012223907864229,0.02647111362189361,0.3859663092792614,0.8534035966345868,0.5305534324740238,0.5210330178360301,0.4870781687038266,0.31847524911052416,0.10884231903482283,0.32232524342934155,0.08667188276822839,0.7034329990835732,0.5519886363636364,0.4718363429153113,0.2680659397715472,0.06403940886699505,0.018598774961038154,0.004943105776496051,0.07273573814798642,0.8137157107231919,0.356718192627824,0.24529626509407468,0.13417508742674386,0.06941424979076255,0.0879545549426289,0.6885982176238642,0.3452554744525551,0.013916841951125346,0.40493325674633873,0.21176618153683938,0.6129290861168877,0.618523537889587,0.21470747888844605,0.2018981778960405,0.04532550421240743,0.6816948397475562,0.04354863342314175,0.8113375890476735,0.8796894088414949,0.28194739177400885,0.06383901962289414,0.8703726259518728,0.007343375757545497,2.5053917180276587e-08,0.048806760077823044,0.06538296263736063,0.03137860082304526
0,18,0.8311416531151565,0.8352815501815436,0.10409409679105103,0.27907748656772885,0.19571306014637296,0.23471234830952148,0.9292078885045828,0.2554358284521393,0.8304283095515677,0.8239133060627581,0.8235936926325711,0.4539288439874847,0.20007258742848036,0.4049366262363131,0.8455742485829408,0.10409409679105106,0.7259571287389772,0.1150568477484772,0.0295938281804502,0.06700187083682144,0.9206166764625937,0.13609014906544975,0.08843231858661381,0.8590608465536702,0.08843231858661381,0.18340493335426344,0.11324469865552171,0.9115676814133877,0.9115676814133877,0.9115676814133877,0.911567681413386,0.26709916217042007,0.723368041881474,0.08843231858661381,0.043818049259724434,0.7139282918038805,0.29131027674481935,0.8868281875342913,0.8189000858373029,0.043818049259724434,0.28972671500557495,0.1409111238222683,0.26872510632617724,0.6709512620150746,0.16922102971061448,0.03718785344135393,0.10465051476557936,0.009316668444236932,0.25384730932328287,0.8972320348249534,0.4223436167091607,0.4456574582266848,0.5655492715838737,0.3641181434199675,0.021476352966291697,0.3012728596387153,0.06601856799988036,0.7417200449864854,0.4340560334805859,0.5102681215266393,0.2485601469886754,0.057828228742771465,0.013488407363887265,0.003058180109828932,0.0552439629487872,0.8317834177099058,0.29952696065760226,0.27737955131441266,0.029549797159988577,0.02247701880336421,0.012212929378356148,0.6124853418317863,0.3414925748804422,0.007172462972487344,0.3242285685499333,0.16531868729213683,0.6439237470909358,0.5710661298682411,0.18037879548604818,0.14423141938272274,0.030721523333303982,0.6313644798260656,0.02676901316224191,0.8207912060074118,0.9184537558325092,0.2519748459162098,0.04570408355712635,0.8952290157706241,0.0032605683460042193,5.8717130391276954e-08,0.03484522443823913,0.03311969184400944,0.05722326454033763
0,19,0.8636510600403073,0.8603879614726226,0.11646859137435815,0.5636474773356563,0.17126054502733618,0.19858142947243923,0.8571412867702188,0.21857082304163264,0.8630902860833405,0.8662670435515876,0.8338539426669145,0.2785728714171325,0.17172456166529285,0.4896234375610359,0.4613289222746306,0.11646859137435817,0.2946577106044894,0.08259063824696726,0.10860356763122783,0.07502726546255399,0.9125662154368832,0.34949085341235336,0.3147407482793613,0.8090499213756586,0.3147407482793613,0.48455114682489253,0.3822391000524156,0.6852592517206393,0.6852592517206393,0.6852592517206375,0.6852592517206393,0.3829883182526961,0.8572338614916748,0.3147407482793613,0.16063856518454245,0.2279413737621367,0.6515223345561283,0.8466702405970243,0.3378754293458871,0.16063856518454245,0.6345086537422552,0.3697625830893001,0.18113633457917536,0.2999422572948499,0.36002111055925423,0.10708039219426214,0.10813216270596564,0.03750454144549594,0.1798999498576539,0.7040852590939533,0.7776591543390639,0.30958533049050546,0.14089631818431103,0.46347864771563885,0.0543534767164139,0.5869137246580479,0.16559393420429802,0.8120911823657184,0.4099264705882353,0.24514423487938053,0.3831220065120517,0.12230338032953963,0.007517129851158623,0.004400880447239062,0.021187120053897997,0.6442315960761227,0.09225470498995449,0.040211686853316754,0.23494215195424895,0.16940208992756667,0.0965352176941934,0.9299454404666024,0.5058531882660783,0.005457614511797916,0.682988088264361,0.12504035897561977,0.3315192970389489,0.7367747866496583,0.10675449279021308,0.37122848363851346,0.10896623812024032,0.5442400734849822,0.09383684588390437,0.5951682549513712,0.7107634486948334,0.49262417668482816,0.14673332027229158,0.8523099571221976,0.22545553815154154,5.732600132572734e-09,0.12924165240889463,0.3143394931411529,0.016982182628062285
0,19,0.8335606891605343,0.8447292678119498,0.13175001716030973,0.3556455776050871,0.19697271788667708,0.16354981159143234,0.8984040209586122,0.25469556189382614,0.8339586146554927,0.8272082478210412,0.8319126147182847,0.3715395860244127,0.20365349440988315,0.41389577069578287,0.8123770886513487,0.1317500171603098,0.6222461563446855,0.10916025956429255,0.04330905582182798,0.07950896711817705,0.9439301901183789,0.18815196570906245,0.1413810918347163,0.8386299348879986,0.1413810918347163,0.26529627986273263,0.17868592477238013,0.8586189081652833,0.8586189081652833,0.8586189081652833,0.8586189081652833,0.3093082809451937,0.7715631500582893,0.1413810918347163,0.064327302067133,0.5957840438194797,0.38708995179188554,0.8704225029037921,0.7319421341920637,0.064327302067133,0.382235900467126,0.1965386731122608,0.26966179192111245,0.5553311572522817,0.22868137987948606,0.05351752077192541,0.41704752479293894,0.06978407924598681,0.7431791482267393,0.8521052924009846,0.5935930298710408,0.41255709244642164,0.3014850260402677,0.25868855581234274,0.35550549853269964,0.2994512011602972,0.09259358617778123,0.6524261397206071,0.44827874331550804,0.4165131447918742,0.29614485981308414,0.07389162561576354,0.04001106564467667,0.01188153852836606,0.14971099742731847,0.7850565892959908,0.17578660934784596,0.126851293350548,0.08709184389309663,0.07216097183439715,0.02582320257619617,0.7531448108863201,0.30836845892875503,0.038914065689559595,0.39329894661523623,0.2040467845712752,0.6481666246364681,0.5936009669058047,0.2039171386705609,0.19881550940177473,0.04449726184526097,0.741951786245854,0.047000982366311644,0.8419058052258437,0.8818878693009076,0.22308333190679963,0.06006607561256598,0.8072841578250352,0.008123770221521175,2.0556679619885767e-08,0.05782295744963571,0.07821610081114029,0.027284926196511097
0,19,0.8295693422550492,0.8231807670342506,0.10175741135909479,0.37074091983573115,0.1595912263570076,0.35229130414453314,0.89902221945995,0.26242304381983866,0.8260695482798609,0.8277703058937615,0.7041480551262989,0.6144111693814526,0.16493924121293416,0.3961953297718268,0.5121371735902891,0.1017574113590948,0.6811066229000675,0.15480955301686236,0.3396507883724261,0.1126870249274701,0.8438866287264316,0.16884650414499158,0.05617201993507205,0.9252167137085885,0.05617201993507205,0.12837627982136826,0.07260242715036505,0.9438279800649276,0.9438279800649276,0.971913990032462,0.9578709850486966,0.15973874642655106,0.8211436260446653,0.05617201993507205,0.4667539869642079,0.695116401559418,0.3425138244132562,0.9415433456335333,0.8090286860902823,0.4667539869642079,0.346158225826911,0.17000660201603052,0.22684054183506885,0.5950636016368103,0.233465145532935,0.3368685627951394,0.26851065890620585,0.18387590436245133,0.1207639832290359,0.18818549217369096,0.5020430872428927,0.4056269211543476,0.5577522390548555,0.2544223306543524,0.17049914323050205,0.22495226452265327,0.2751667134749554,0.12654003210856113,0.3683155080213904,0.4442982331351183,0.33039290482548156,0.3448275862068965,0.032338233909445534,0.03399339731525736,0.03109465722774198,0.17889342577621883,0.19534567691523702,0.19168734609822577,0.2619340048635564,0.3798449806005679,0.045316191470463923,0.6657406184662258,0.3038635791593257,0.028773958458488364,0.3516646246865386,0.1751376513231342,0.7535815866301252,0.5772621884025753,0.17384067573886722,0.18218409477870315,0.33989770496421434,0.7451901165385371,0.3419870200908881,0.17217182619431043,0.1851801607219995,0.2564221450143177,0.30125027132617976,0.1730674196529597,0.0004985730329957589,8.387581364793874e-08,0.08391294708271736,0.011080052543164376,0.16817652566868868
0,20,0.8225803986484976,0.82770690751695,0.12251133545609504,0.26402147201797665,0.17418202843904032,0.18739617914591522,0.8566376155528167,0.23142192100911077,0.8216218506122932,0.8205424376123378,0.7839133019827935,0.37189364030253347,0.1822964883558921,0.38005637314617835,0.5862126126253702,0.12251133545609505,0.7781382434720261,0.09399477651478534,0.34994429756821305,0.06811292603037657,0.8746973356006938,0.11818252651000116,0.13309491136767954,0.7657367634865344,0.13309491136767954,0.25337527838454393,0.16870018594402614,0.8669050886323202,0.8669050886323202,0.933452544316161,0.9001788164742397,0.36533164012455066,0.6869302106699595,0.13309491136767954,0.4814484333709278,0.7326138300128244,0.3148659850588991,0.9072885374240736,0.834625811591574,0.4814484333709278,0.3088335738096372,0.12743831729141294,0.34082981906446863,0.7340615084400839,0.14191913343273777,0.3419102526868084,0.15052340421589022,0.11949394010035508,0.06340540810721558,0.156362256907428,0.4785105096468402,0.46035643837053924,0.3920477183273954,0.3244271315967101,0.061328419897330316,0.30860373717897427,0.295438441108402,0.12328759799699601,0.6458274697438784,0.7021205918215211,0.15847866920950512,0.33359260219514303,0.013791898181056115,0.015517036281838254,0.012478238623568469,0.14134367185948762,0.4052193503973966,0.3011912420463505,0.14917532768699288,0.14347422137227944,0.03504756031803522,0.5242667183740342,0.3407086374695858,0.007515020177905022,0.3242958383206699,0.20613873600490634,0.6404485210157305,0.5860446386632061,0.23510146146654803,0.12047386693539987,0.3461779848523529,0.6731090524531078,0.33103759547147826,0.14392581851043573,0.16117955619974467,0.27837139137980593,0.29416128601925284,0.15935945192414958,0.0012470327303204995,2.146007089036566e-08,0.1894181754996012,0.013990328320246888,0.06770463224306822
0,21,0.9099931619029655,0.8793957528595593,0.14694715381666035,0.5944005878878302,0.11527826180173674,0.16419685495963676,0.9097614270682518,0.14711081864640654,0.8871739126293909,0.8810760179743875,0.932816007908756,0.20536436732795363,0.12157890299306962,0.5513220800818531,0.8485752182066465,0.14694715381666043,0.24094746755730234,0.04059321393155993,0.18090090706930229,0.07009673872229616,0.7587872944150995,0.3774722984389665,0.285576566979223,0.837554957258118,0.285576566979223,0.45276132533711766,0.34961491858313193,0.7144234330207748,0.7144234330207748,0.714423433020773,0.7144234330207766,0.34494655466676816,0.8815408876419214,0.285576566979223,0.26354938101658987,0.19096774373868147,0.6639422710224548,0.8695593136213365,0.22821331319570437,0.26354938101658987,0.6506546312546427,0.3944721507930992,0.17963468478081857,0.2506590104556381,0.3853661759397994,0.17562607582126205,0.10429174646617197,0.04942980370190076,0.13732480669662372,0.5146604933169148,0.8353657158502907,0.3167155129075201,0.13014692963816843,0.4179044774211723,0.04471090394345213,0.5128954769425994,0.19921174147755938,0.5998375413255163,0.3769310754604872,0.23909258753837448,0.3861934797379588,0.16967706622879036,0.008985756931483194,0.006373553890004052,0.020716997563424263,0.5064262420870899,0.09991412339807108,0.05382152098118271,0.08659846585168547,0.033778172009045156,0.07030547489241747,0.964371784179558,0.41675056632267793,0.004837096033648358,0.7086757419965913,0.13470012253997377,0.3019767097137218,0.6726843784366956,0.10967610921680121,0.39949670515597135,0.18411125685561608,0.5847466518032862,0.16858343812086926,0.4333699931246616,0.5113008771522718,0.3682126492311125,0.17380438618055405,0.5958107987322787,0.010221465405970439,6.250605817425087e-09,0.11540441286942989,0.30334827408878884,0.017304964539007085
0,21,0.8513678547399199,0.8538411041187941,0.12826637644984415,0.46134756206466454,0.1806431307145107,0.18989181363261992,0.8736117266763892,0.2360793697781596,0.8492576532159172,0.8466587014523859,0.8127751294478599,0.35406520720655077,0.1872664070526821,0.45375511319691464,0.5498157382570965,0.1282663764498442,0.4637559582200057,0.09734993694256336,0.0687236959739774,0.0864442144544672,0.9569419399279155,0.2689296031452413,0.20307770075869366,0.8379788532953099,0.20307770075869366,0.35181466097824093,0.25344754914812107,0.7969222992413076,0.7969222992413076,0.7969222992413094,0.7969222992413059,0.3279309124324786,0.8308686239432033,0.20307770075869366,0.10171711651040793,0.42257176579668215,0.5119940315461947,0.869899695138132,0.5800217566983631,0.10171711651040793,0.50372192708913,0.28100682573482405,0.24384891371041784,0.43003825321376776,0.29311619390330357,0.07505485668819688,0.09020228601616935,0.01639473495651992,0.20271922464204462,0.7925872513584392,0.6527305671696675,0.4238764244616457,0.33146888296931876,0.4173540324825632,0.024538688785993565,0.4652841757741396,0.1307622225662854,0.757413059692381,0.5064338235294117,0.3314213117406891,0.3393326518691589,0.09236453201970443,0.006941737113870645,0.0021891032422589997,0.02689869171830568,0.7313207366199884,0.2758992271105826,0.16700123736310024,0.26440661525648,0.1853723835377027,0.11463205400065905,0.7922953548054019,0.4630402039161161,0.0036722490636891115,0.5584387574648463,0.15918180446850733,0.4295167232208923,0.691166071316841,0.15503251147874303,0.2822304368858703,0.0696050184178854,0.5866958701602758,0.05956663261401976,0.7091126363908906,0.8152426308550131,0.4384874068178547,0.11409940557898411,0.896778446867727,0.01777931458931282,1.2351143867693155e-08,0.08373570366436098,0.15836767508992664,0.021558760665780247
0,21,0.7815928851052671,0.8169948085630022,0.09870072731156514,0.2406439158895504,0.2421955494233948,0.1304982019738583,0.856833031218472,0.30629782051989085,0.8052931663515916,0.811821462520308,0.7592357376694062,0.4189684780996449,0.2511664598546374,0.34033894797487607,0.52967385686739,0.09870072731156515,0.8151023778059481,0.14171208687411696,0.3186199813911349,0.0515310644635239,0.8023166004185728,0.08324251942343187,0.123574914043046,0.6982816520529673,0.123574914043046,0.24094837233518707,0.1572458182095301,0.8764250859569529,0.8764250859569529,0.93821254297848,0.9073188144677165,0.43131507317729156,0.6077649795777613,0.123574914043046,0.4505628089464174,0.7992811375472553,0.267628751555418,0.804902731536801,0.8789703322363721,0.4505628089464174,0.26129796600798666,0.0924476810248722,0.3087864393409413,0.6905357256567857,0.17312342053031493,0.3109836492352696,0.16020796117110403,0.11421523487110807,0.07400765250672915,0.2014606765793937,0.4669123904470855,0.4671235085656731,0.47061160330690455,0.3655009094965166,0.09174843487788378,0.3681401640350622,0.2853887377958803,0.2471854269838,0.5381075725744844,0.5187225769116649,0.28204272363150856,0.3131597466572836,0.014991853599272246,0.0156189511504737,0.014598104771846808,0.20277602696555322,0.3654768982503822,0.2739961401578322,0.017335011616513515,0.017115785895109134,0.010177155602919574,0.5686199190422754,0.3788321167883206,0.010994631598901404,0.30292438804134014,0.18058815530573705,0.5907720237735228,0.6250305053817473,0.21758231201820613,0.10193884963676982,0.31806916596296214,0.6340391467426789,0.29812577095416004,0.15477884440411765,0.18783756878797775,0.27086797831803267,0.2632712330060027,0.22004231664500767,0.0009245642023168733,3.458900821955726e-08,0.14815992090741317,0.011399366028872504,0.0764175824175824
0,22,0.835670655272517,0.8359338600616522,0.13072733043284687,0.28972059158544755,0.1588299799962687,0.14671164697137118,0.8530456852487966,0.20822109757192367,0.8314727899905755,0.8275426804445151,0.8161604181059827,0.3031584707858528,0.1652263950546284,0.40506079433638886,0.6403918097633571,0.1307273304328469,0.7121309336264192,0.07723168607696067,0.02959859324085895,0.06347021512058565,0.9159638237389222,0.1336150731125585,0.1466123022480747,0.7711850302545684,0.1466123022480747,0.2749964178385088,0.18555492014299427,0.8533876977519235,0.8533876977519235,0.8533876977519199,0.8533876977519235,0.38883786323624037,0.6814470884579896,0.1466123022480747,0.04480625017670847,0.6905976072239919,0.3241910414621759,0.8162653584034968,0.8041536801514958,0.04480625017670847,0.3168770027414859,0.1437317300002033,0.2992333709474835,0.5935742892786737,0.2090139524324265,0.047911646513691356,0.39778153229725954,0.05279197054173127,0.7512762087522455,0.867597025244732,0.5172756284689208,0.4701875900259374,0.4073459512289612,0.3073240210042215,0.35724683349752395,0.3554132087101015,0.09384084718817999,0.7258390359056346,0.4894719251336899,0.462135573799917,0.27298950040383063,0.06568144499178982,0.04035062914037348,0.009880734873978088,0.15904022578651325,0.8089391904853251,0.29396221429515124,0.22355582828608503,0.07936099220686084,0.028832601142099644,0.06706197020323387,0.6796853597821252,0.3179744525547449,0.04002593797081783,0.35716264143890575,0.20113264758604657,0.5954116687294069,0.608650784107011,0.2231565740402007,0.15150827988476945,0.032470640796527936,0.692459821320623,0.02841402084003694,0.8564560359526373,0.9138109535148569,0.25023603646546,0.051032329787026834,0.874248792337429,0.007269369855654459,1.807830329265873e-08,0.061113425313232765,0.060117917883644484,0.026676384839650083
0,23,0.8256205614356018,0.8385847047417009,0.15599293652782842,0.32745526577101336,0.27176433438070613,0.0461851098950649,0.8460765925584517,0.2778944991189445,0.8296848712683057,0.8228833710737201,0.8396760405395909,0.2436213178946062,0.27311918139613145,0.4017061531316888,0.6879779393718959,0.15599293652782845,0.6615602468023616,0.09717076972322344,0.03736974221488984,0.07012707765664257,0.9285555616115002,0.16240703840229292,0.20623825515356892,0.7392257399167079,0.20623825515356892,0.35496603420304307,0.2570154685963933,0.7937617448464316,0.7937617448464316,0.7937617448464316,0.7937617448464298,0.4352057559810518,0.7004284035049707,0.20623825515356892,0.056926657695542726,0.6114005519051069,0.3926706021406783,0.7906025761019829,0.7473869246114128,0.056926657695542726,0.380510779555865,0.1772278048165892,0.3495774779026304,0.5605774730296678,0.22598333896471742,0.052715819791971055,0.3753445770272447,0.0534156315464742,0.7017987877349544,0.8543207786623436,0.5760886549088811,0.5175116713438563,0.31218023879191414,0.31197765807240996,0.32097461365540986,0.3957616498030063,0.10015731202659019,0.7610815255241604,0.5593964858670741,0.435477570169009,0.2865195922605801,0.07037297677691765,0.04683441099719478,0.01192325747142491,0.1825734835930501,0.7952919898057054,0.33973161202649904,0.21835250996401548,0.0894330804835291,0.06266712290638965,0.0399074358136129,0.6765626874541644,0.3084578170089965,0.04764005870887718,0.4166677558213424,0.2363733600511726,0.5583765850217577,0.635612810648684,0.25701900501976177,0.17812412253095755,0.039087222660911594,0.6896904805166852,0.03524458527572952,0.8374543042047836,0.8962481069589274,0.27696062585367265,0.06226485742363087,0.8694367578978515,0.013387521897918836,4.17465546495608e-09,0.08566738001353491,0.09836881493092942,0.016047001052262318
0,23,0.8015641668834161,0.8438754106168503,0.16675459448760233,0.4603528734607263,0.20705891466170104,0.16080741584961766,0.8616201427939798,0.3048905674170283,0.8292838234130366,0.8320802588852809,0.7612570113397474,0.4255071334443328,0.23170452087730947,0.40488874898129024,0.5092910190192178,0.16675459448760235,0.5536183440593094,0.15760494488040128,0.38124053101154387,0.12873615221501108,0.8996932835292879,0.23607195262089264,0.21329982447970827,0.8087926852402445,0.21329982447970827,0.36243283333881415,0.2650186026434756,0.7867001755202914,0.7867001755202914,0.8933500877601475,0.8400251316402176,0.35006492048365134,0.818818908469539,0.21329982447970827,0.5063686724920624,0.5127726342199357,0.514549986739376,0.8664581405319995,0.6744246717278602,0.5063686724920624,0.5051759257134474,0.24982806488586137,0.3422563268013384,0.46162001719810497,0.30922176689496,0.38205228232241617,0.25788182895076595,0.19744452412021632,0.10652568568746347,0.16303502700240824,0.71112300112955,0.5208243191965748,0.2465447286100101,0.3309488671742852,0.18528446843547336,0.46974603649091573,0.4156704531414434,0.1691268806910984,0.5427807486631016,0.34974599220586966,0.3891423063230368,0.38085434894493053,0.0274771313190842,0.031144747625349,0.025148368967204487,0.15828683171520117,0.24291444087529057,0.13389333431923725,0.13033647760740694,0.13429186835838067,0.029967732601945185,0.8452715187704704,0.310479666319082,0.02305029973566945,0.5175934494339872,0.24519474270376848,0.5211149259774472,0.6949451080567015,0.24769292227395132,0.25395432978966287,0.380551666867725,0.6746405696510029,0.3614208561476129,0.1434236225292166,0.16298754563585283,0.3223781493351513,0.34598456556157814,0.17188429602002486,0.002819510893727858,2.345633386577703e-09,0.30932723350765573,0.05039407140087656,0.035186123839260335
0,23,0.7907706826579874,0.8071362917298465,0.06024494156074894,0.2777594522660559,0.19583389750241287,0.17613302278839,0.8635421197065343,0.2856052276054088,0.7900449480349809,0.7739902729856798,0.8078874051569033,0.34151360892905,0.21813398648354634,0.29934945833456894,0.9336462775004903,0.06024494156074894,0.7547533513822609,0.13235506365425095,0.3554828636369146,0.07079019177957592,0.8979793579107317,0.12557037218294623,0.06834848036569849,0.8807444167847971,0.06834848036569849,0.15098092168100713,0.08813416601682403,0.9316515196343005,0.9316515196343005,0.9658257598171467,0.9487386397257254,0.22701940013172894,0.7365070479624799,0.06834848036569849,0.48631896164920463,0.7480538876523837,0.28026128943990414,0.9294915923539916,0.8431403095609779,0.48631896164920463,0.28066480279968203,0.12882582910847104,0.21762083197857512,0.7059583628063599,0.1572896015487464,0.34711481939010075,0.0991334978321227,0.08602848166819135,0.041459378849216286,0.15505253861629392,0.4081956332660683,0.35836527828077624,0.5964827152299605,0.36599512647149657,0.015591467739083877,0.2889499224575789,0.2850015225237072,0.1301918954538747,0.419378505282379,0.6019839813769675,0.21610412137857415,0.34843205574912883,0.008213996126654164,0.00944769682627673,0.00712420768497039,0.1417796970987167,0.33605463878657815,0.3597604827631484,0.04363720103401174,0.04406634593752598,0.010405246681752266,0.4745433231422458,0.39507299270072915,0.003026812084182014,0.3143245516816944,0.13046409348121327,0.6504733353733583,0.5877208747061988,0.14489681436464885,0.13206103800138713,0.3542085224939227,0.6307148739700188,0.33082116137891115,0.13178489435448437,0.15594827081748497,0.25832378196963524,0.29012819598069256,0.15427720830975894,0.00043551851277174523,9.294284600140034e-08,0.09765304987988106,0.00836534781373148,0.19665762164177553
0,25,0.8437868565950717,0.8586955122973936,0.12383436903429083,0.5212588576522215,0.22164332857222815,0.16751207621803343,0.875186341361458,0.27660993535722844,0.8483903663842505,0.8457631244113202,0.8030473765237685,0.3758627559733638,0.22620389113076636,0.4531963031801065,0.5510123811634934,0.12383436903429085,0.39621505939996327,0.12372454078771838,0.44878593312298953,0.09928847141150035,0.9492306188361869,0.3087166195915181,0.17731514051475555,0.8746555688776729,0.17731514051475555,0.3176685505839392,0.22269493183990177,0.8226848594852427,0.8226848594852427,0.9113424297426214,0.8670136446139303,0.2757325799694751,0.873997617701347,0.17731514051475555,0.5680319814404946,0.3751484295938368,0.5500126540528941,0.9039968280165861,0.5262097496518966,0.5680319814404946,0.5458307147270208,0.3175557283419089,0.22205899152158196,0.36191224358821883,0.3390734542646238,0.4448651382289557,0.08159672750450346,0.09448724086674362,0.027561704790233017,0.12071799978138135,0.6675421078755057,0.4351897311938733,0.38079626603710937,0.4369431689863096,0.017647987786972436,0.4607996053634479,0.4613207486691734,0.1269981957857973,0.48601031321619564,0.3108122002479984,0.3724754699387542,0.4394401438736414,0.0058850706250454755,0.008709313006182563,0.0041528899083098265,0.10585562954640262,0.31920616046656475,0.20296365917579853,0.09434396853421155,0.11419969028274238,0.01962097655959655,0.7650053842585883,0.47226875673088364,0.002568670511467635,0.5664479028007544,0.1596516944908625,0.4899849838405954,0.6851358525549449,0.13952688996644044,0.3235490693370959,0.44879403357370345,0.5666683198919591,0.398961152640389,0.09922217224724707,0.12564006388333987,0.3787237106597864,0.4233836800297858,0.14318649845861442,0.001680214894439653,1.854993580321635e-08,0.28075586708144784,0.05212495412258225,0.07183920571497754
0,25,0.8274328737647347,0.855460426063256,0.13744054698017086,0.5539983999894441,0.22209594280701717,0.16975314232545713,0.8678453272623781,0.29926323778000996,0.8490320208818518,0.858217908341093,0.786134380934664,0.39194939716873745,0.24532086522963092,0.45571301770524364,0.4811531334220935,0.1374405469801709,0.37573240088033355,0.13603960742695292,0.44622234231051705,0.1169303539191127,0.9192372834815258,0.31481959657664277,0.3417801112046023,0.7734189909370932,0.3417801112046023,0.5098470071434401,0.41069409569998505,0.6582198887953972,0.6582198887953972,0.8291099443977004,0.7436649165965488,0.41022456799069085,0.8384946787664,0.3417801112046023,0.5661375932663042,0.30767519453541187,0.6461170358209888,0.9190735852502966,0.47662273306685166,0.5661375932663042,0.6258292062206162,0.33832631171581096,0.22632935717632752,0.3192947040604476,0.37057194050241676,0.45518872923324705,0.18933017843670769,0.17169520326623663,0.07052398954900287,0.12207302886815506,0.8365611625730935,0.3541444775281234,0.10749553775114284,0.40496491356581543,0.12730635484710145,0.6027271431160101,0.5624882450814394,0.14599983748506132,0.41143048128342247,0.24791943989820642,0.4112927422849967,0.46882962459656874,0.017289294319274215,0.0222704500306804,0.014482169842402743,0.09740238263757056,0.11378080282094387,0.057742067002114573,0.1304569500498075,0.13167653321774797,0.029821285173075435,0.9196575471624043,0.38108726440788665,0.014031092902856883,0.67585425834772,0.15793225489416438,0.31641555145983036,0.7587526407218539,0.15051072485963526,0.34442222725301547,0.4471439077271289,0.6042429128695226,0.401240229328669,0.11166024736367676,0.13205068971325173,0.417064856993567,0.44865156377438414,0.15203122970414307,0.003642585358984413,0.0,0.5434580436217996,0.1066657747110144,0.034376148960156665
0,25,0.8277063431488886,0.8231472905038497,0.0819539026010229,0.24314389906642417,0.17716038163491604,0.17387929657599854,0.840934327025574,0.2175653714343119,0.8198490683426726,0.813931323669473,0.7778964020649366,0.3492848486583062,0.17812428692152696,0.3743914029949672,0.6597077684327043,0.0819539026010229,0.7942812920875124,0.0808664457706329,0.3488005037369117,0.06069063033605434,0.8853946780467834,0.10516963174088141,0.06995612570017465,0.8550114750638147,0.06995612570017465,0.15277165934462686,0.09008243106976037,0.9300438742998267,0.9300438742998267,0.9650219371499134,0.94753290572487,0.2575801131550084,0.693459377540812,0.06995612570017465,0.48073543050844636,0.7822933079236578,0.2531291350038395,0.9115038656531405,0.8662980170887363,0.4807354305084466,0.2525462481493131,0.10904077223881957,0.23316474473701979,0.7509489877824578,0.13267427416921843,0.3384806890823603,0.15134129683620934,0.1192927366727401,0.06282093705055461,0.15747770247727472,0.35145774037281013,0.3726035143063599,0.6164846973247688,0.31163400487352855,0.055227811720918424,0.2402674813564073,0.2843665975290856,0.11061153771584217,0.4463657472558402,0.7694068568521905,0.12359877805679954,0.3137153227897329,0.013669832653343695,0.01552614640623227,0.012161705471955346,0.1544721192968995,0.455285061643407,0.5405559302415128,0.0022172503610442995,0.003220013615596805,0.0008155986563621995,0.31822045217264855,0.32343065693430695,0.006295178397224618,0.24653170636528843,0.14897511195496416,0.7372362051933898,0.5600183836074804,0.1630908354803192,0.11051463984492677,0.34693387796783254,0.6843282454800321,0.33707637558171366,0.13988304068023755,0.15762708354902166,0.20461721465402916,0.27329089277154733,0.1399458630477164,0.00036305078853416447,1.1263308710610093e-07,0.09136035220258422,0.006566262960781688,0.18908859813084106
0,27,0.8755311522755531,0.888681116477702,0.10152026093454274,0.5731382607807568,0.18613684401438005,0.1633313448719903,0.9106581248495675,0.2568744006829966,0.8845550227021053,0.8854033549880183,0.8719794619430745,0.32231394461636975,0.19441265338157052,0.5487439694140371,0.50307001448946,0.10152026093454275,0.2782211618970406,0.11457560651153488,0.20187671691450076,0.07682517062571176,0.7173285580419173,0.35971060124988824,0.22411625216328807,0.8645961757636154,0.22411625216328807,0.3781482336947617,0.27820094651871496,0.775883747836712,0.775883747836712,0.775883747836712,0.7758837478367138,0.29855365563386393,0.8867977016364035,0.22411625216328807,0.29251316652191306,0.25075535014601275,0.6138725943899429,0.8912729654683625,0.34849110666454053,0.29251316652191306,0.6061856808220545,0.37158655479394925,0.13386582219047438,0.2660974737335662,0.37742658416674063,0.18475814094688653,0.07175448109110656,0.04091562479124106,0.09275498380147748,0.48942419533358406,0.6995723698450109,0.28718087316868846,0.3300348799917818,0.48265176202916915,0.0187521490677552,0.548129201688118,0.2010044847817929,0.6427688216848667,0.29257865937072514,0.23253648898530987,0.3895209838103951,0.1649673502119372,0.006938887933108861,0.005811887593635133,0.012968400921280739,0.5201263388933748,0.11406686392168792,0.09671340367957718,0.10795554491748814,0.0377447912309889,0.09236371761693155,0.876784290623822,0.4809951931636104,0.00413773205517654,0.6303240571724117,0.1025350603799171,0.4425335398099919,0.6991213467851392,0.07925768007656026,0.3798791985391413,0.20127088301774004,0.5224925426524063,0.17910209380019657,0.366325602107049,0.465752905794924,0.4300589687011279,0.1884933559522553,0.6244053158126331,0.004684258452309596,2.422170519008022e-08,0.0911077903023588,0.2314044195623522,0.030515257628814404
0,27,0.84130750698913,0.8686009913728643,0.1260956360530514,0.6305227616734367,0.20650498934776104,0.23198810785261303,0.8801835099714788,0.2878760170590782,0.8591615044247383,0.8612631851173933,0.7798097622799597,0.4306069032997326,0.22387342207261737,0.4830792741388894,0.42495550460737963,0.12609563605305146,0.2553675725894965,0.1437420360715305,0.4947992875033732,0.13361478897915077,0.8786796821832459,0.3973949872347771,0.2693905274459711,0.8534886640868848,0.2693905274459711,0.4338444125498429,0.33101605299929376,0.7306094725540291,0.7306094725540291,0.8653047362770145,0.7979571044155236,0.32098823222285267,0.9020653348805898,0.2693905274459711,0.6063172824035179,0.2172709297376602,0.6933196508262939,0.8834725709172576,0.3251772280467974,0.6063172824035179,0.6827639255383635,0.41247754729162267,0.1731049896342718,0.23949532343831492,0.4201356141754218,0.500176843154233,0.14830156410309436,0.14824347388757012,0.05317364649329358,0.10927521827142724,0.8365935420734922,0.33069632295535056,0.18277457417252407,0.3924267402627065,0.0865586545862908,0.46258634586272496,0.5093847799011745,0.10719031797185924,0.3323961937716263,0.1924057367361579,0.4554323103622977,0.5312469815512412,0.01406839640038779,0.018500300901922246,0.01161455616566851,0.07903694760083205,0.14338672448765477,0.10037193264077349,0.03728254282542864,0.07229820708130254,0.0039092925120700565,0.8866473731997464,0.3885288195318396,0.010237085434172124,0.6919404353476496,0.1427855619028579,0.39227460768544264,0.6439023144571601,0.11177821200703598,0.41735986752706117,0.49909765566540193,0.608187552870233,0.45365915094522435,0.09911976680594876,0.11817815080450245,0.31162374761538925,0.44059504021196344,0.11651170090079327,0.002755160139911403,8.88929668053754e-09,0.40221291002295995,0.0990801161129125,0.05743749844795296
0,27,0.7748649124312884,0.8250333180993152,0.094703514220416,0.37368445340425527,0.284541406259963,0.20801464562556143,0.9017286467857577,0.38828505747110736,0.8038414592024489,0.8087495716205071,0.6855643819878534,0.65539983416995,0.31062224263195154,0.3435005099079742,0.48300974278392195,0.09470351422041601,0.6793976967537858,0.23358628583199503,0.3185107699657688,0.10922986168865968,0.7850745544919652,0.16836205632600507,0.12203301975024672,0.8436017016799437,0.12203301975024672,0.23842228247204364,0.15531405879585206,0.8779669802497523,0.8779669802497523,0.9389834901248761,0.9084752351873142,0.2808633479576337,0.7887585406237677,0.12203301975024672,0.44454561525196223,0.6672987123049157,0.38768046914126675,0.9216616422960088,0.7910544879096174,0.44454561525196223,0.385072463061217,0.17546348624597605,0.2533726756937377,0.5804124100126684,0.24415707488240146,0.320071597516465,0.21386138510717012,0.1448085080860311,0.1059133579839547,0.2111779929742773,0.5717400474769363,0.41322008210104805,0.43321441391931725,0.311792898288065,0.13458866108925913,0.2973136123361729,0.28627656405884494,0.18249287545181445,0.4298914753067002,0.39699628342966453,0.37163276525563493,0.3187481889307447,0.021968414969164386,0.02254775309215083,0.022318947865356806,0.22264474560205819,0.33486046023641325,0.2777063581598289,0.09177748372712745,0.044634267266230584,0.06966400299774529,0.6506465212169651,0.3575759359547918,0.018885990620730833,0.3928834868029707,0.17671863092122903,0.6400237553726802,0.6008480821443696,0.1860605585832415,0.18373952966214935,0.31905589366450615,0.6872520567959091,0.30644440901889136,0.18800251727289047,0.21001639787729315,0.25108195447648585,0.2634570400761203,0.22287146552276216,0.0009754680155152227,3.561518831684411e-08,0.145167885132836,0.020319107420985194,0.08658223879719674
0,29,0.8093036336959126,0.8476100136996121,0.09841686056632998,0.4969227455148776,0.2382943805402892,0.2046066002872578,0.8489369548341434,0.3090022431347429,0.8353151442479481,0.8373833761045709,0.7266962685943985,0.4633951255838522,0.25680451194689413,0.4203461343686655,0.45690771917404877,0.09841686056633,0.47327107004589486,0.15048043830205407,0.4127615977812298,0.12728503014927925,0.9334032921462662,0.2792604301794496,0.14112009553041238,0.8890719620732799,0.14112009553041238,0.2672910720447792,0.178877317414324,0.8588799044695872,0.8588799044695872,0.9294399522347909,0.8941599283521935,0.241553969093521,0.873716454875169,0.14112009553041238,0.5347149390680367,0.4614014675512234,0.5099440479468803,0.928927789795537,0.6198316558056237,0.5347149390680365,0.5087479912859918,0.2855204900626624,0.20591384804001103,0.42762629650872475,0.311594688984424,0.41375977803205544,0.08122767194213966,0.0859248306821511,0.031932683300084794,0.13627855147674645,0.606070586818658,0.3990577062640118,0.45314791574697244,0.4348228699682245,0.016625650353567514,0.4477208150934012,0.4226587914242535,0.1370059787642907,0.44983646867838045,0.3500273976848257,0.35255340453938583,0.4222378606615059,0.005707980713732212,0.007531696184939511,0.004569154324180993,0.11293195582472396,0.3989192288092407,0.30220350566511345,0.08367884138788945,0.14792765257417292,0.010804298689378013,0.6494295436664849,0.4852637377771656,0.0026699010512419873,0.543575734346771,0.13887334795453307,0.500579805575414,0.6830201995884699,0.13054739063723902,0.2917094699982516,0.4136902038044133,0.5686213200647285,0.36573210086199237,0.1164241759323401,0.14382324042295097,0.3753271999917832,0.3970184274902781,0.15890764447386602,0.0011500268962952825,3.1768565099722686e-08,0.21851678666651325,0.03828721267364419,0.09602602576219103
0,29,0.7693742649013084,0.7892353220881655,0.07524640849949032,0.08148341666058188,0.2697541639386862,0.12616474554280643,0.7969165915935614,0.2852130580085131,0.7741372539283128,0.7662156210573878,0.7148663376305197,0.37318182701816305,0.26771229356734766,0.2556338710083107,0.6360632955176632,0.07524640849949035,0.9425649906324864,0.11163508159156442,0.3125692956549362,0.016746105821419274,0.7912654065884885,0.026241415466053516,0.012432185237825822,0.894417638883171,0.012432185237825822,0.03508545685312288,0.016224453076350447,0.9875678147621745,0.9875678147621745,0.9875678147621727,0.9875678147621745,0.17054182292344344,0.4449614133148895,0.012432185237825822,0.44725973923339357,0.9470094637067585,0.07236509733299107,0.9152191078216001,0.9689638620914499,0.44725973923339357,0.07307006748336914,0.026755057378267076,0.3117617079831823,0.9138438862004399,0.0443078018846386,0.2960429455640045,0.2796253814744784,0.18316525853660892,0.12396251141199034,0.1818906361987579,0.20887282725551998,0.4785094634331886,0.7223692456032562,0.22138089027696772,0.1599586758334302,0.1184506108848854,0.17752947383610568,0.12448235166274096,0.4442401960784314,0.8367197277606891,0.08287181262259138,0.2791461412151067,0.0686044564026041,0.06962461733880491,0.06628031994819159,0.18799155956263194,0.43846611177170036,0.5514680645261942,0.0044640183943304365,0.0033794013483542515,0.003268674518637823,0.33432435097455837,0.2156706204379566,0.06529367470426285,0.1030033536618753,0.20355386428761796,0.8521658695667849,0.4857674748726559,0.23462712173624828,0.030228602135197055,0.3100068611182027,0.7731004292742876,0.32260209705072973,0.16831709019383417,0.17712754943575942,0.13451249831951773,0.21327446762501528,0.15398885788491568,0.00017392310305915397,4.969942693778243e-07,0.004622673476038599,0.0011939955979914786,0.301482701812191
0,29,0.7454447414908459,0.8278560342396966,0.04238900192972458,0.5264319674068846,0.3249672429747301,0.10440658592411421,0.8812828499827277,0.43992387202394756,0.7971923166896757,0.8045771831611184,0.7333258076847036,0.5208620244934995,0.36459590673176007,0.32885876222969146,0.6019321241745933,0.0423890019297246,0.5049509691761607,0.2690288518797384,0.3168846100304676,0.1947639785253863,0.7869916808171697,0.2973858667087856,0.16010454437965702,0.8824549528427454,0.16010454437965702,0.2934296166450622,0.20183069046850685,0.83989545562034,0.83989545562034,0.9199477278101682,0.8799215917152559,0.25241181074207764,0.8877569577910002,0.16010454437965702,0.43400488858186737,0.4716649874477307,0.5574207938715882,0.9139898269897987,0.6446588858256647,0.43400488858186737,0.5554400218817006,0.30493688598572605,0.1255078078785827,0.4816566404923419,0.3118918604712515,0.3110982723039267,0.07217713363765711,0.06190768463959911,0.05023830019895291,0.24276425126413625,0.5880757602015771,0.2410434802305493,0.4972422464609936,0.459431362628384,0.012153600185706942,0.41212251921809095,0.3000144337508225,0.2493777069325864,0.25291402072192515,0.37092823422873933,0.38869012850467294,0.29556650246305416,0.005715209370090106,0.0062514419212065415,0.006816820087665222,0.25963936313063496,0.14212990487514865,0.1896258951137321,0.1250701912579315,0.09231810271939656,0.05068877476595693,0.6700063299544595,0.4719802213327049,0.0023440764441827948,0.5557597445231311,0.07910785618663525,0.5030615364442967,0.6058954666614327,0.07583382665394994,0.3005308950081493,0.31851235721874044,0.5383451122457426,0.2784180455908277,0.19588352615436588,0.2443216922876541,0.3693249438344618,0.29248044531683803,0.2874517864728015,0.0006948476818919699,6.579813334266146e-08,0.18874559477644784,0.04158537284704203,0.15122956467272156
0,31,0.8285413225624825,0.8739032382646401,0.10792635749345864,0.5074407653743602,0.29377704217920453,0.08594853101851162,0.8790028351161183,0.33716836044333215,0.8431417268582406,0.8352876037415379,0.7971645283794999,0.395243319644222,0.2994922361133533,0.4415174043516885,0.7087892222447185,0.10792635749345869,0.40987048449897423,0.15722312315841763,0.4445704885932713,0.09470114613982054,0.9601899918628394,0.2989819909731437,0.11414647473312046,0.9152859163230809,0.11414647473312046,0.2256031867859249,0.14543850564695276,0.885853525266878,0.885853525266878,0.9429267626334372,0.9143901439501594,0.20137508626528045,0.8856265925886412,0.11414647473312046,0.5642390472327512,0.41606225047695683,0.49532930553973786,0.9374106069076912,0.5611179152842433,0.5642390472327512,0.4968086251400682,0.3023580835448094,0.17324403791205933,0.35734036230783184,0.3422253410945966,0.44653074252406044,0.184315155565364,0.16011958910745497,0.06939249787094993,0.12064333180947683,0.6694955728067753,0.3321383369462245,0.3645133839128606,0.2952896504600525,0.09507140804803976,0.27091204137218905,0.3606582907991078,0.10008816896541506,0.3074555403556772,0.2695632373237379,0.4066052374862897,0.4490777866880513,0.017322429463991283,0.021132459452543585,0.014831043833526467,0.1083828889315174,0.17732212482371484,0.16619698801191743,0.026428101866607944,0.0437572710063228,0.006531406983524692,0.7532810421864778,0.3353351028533504,0.011709586792845924,0.4927189523221772,0.1563866308923475,0.6427209885547593,0.5737376248006616,0.1269815201073082,0.3141573581380982,0.44597906561143724,0.702283284565095,0.4309464463238578,0.11457201288261,0.12521717851462133,0.2094257090381345,0.3496312173221992,0.11347851159871036,0.0009220535052342734,4.656548077076496e-08,0.1719312691069611,0.03191575486049569,0.12525425183512132
0,31,0.7673001841282338,0.8198708113236799,0.08240243454017532,0.3129186124879048,0.2698128417349633,0.2350701273679559,0.8189479216153082,0.3668168535040449,0.8056742638409025,0.8178316449227223,0.6935407716485337,0.46117496521075774,0.2872127177832209,0.3465282296153843,0.3725135317683177,0.08240243454017535,0.7263203662780255,0.21013578742901243,0.30068206612841325,0.08201733478842314,0.739368218980885,0.14103459300276383,0.09712827529611336,0.8509904159180415,0.09712827529611336,0.19925221237106683,0.12433622598306461,0.9028717247038873,0.9028717247038873,0.9514358623519428,0.9271537935279124,0.2644399959084084,0.7544549281438431,0.09712827529611336,0.42676235455870215,0.7134837062804411,0.32625527096873236,0.9335967821641975,0.8206258591336429,0.42676235455870215,0.32470200575377756,0.1465244174364745,0.2212679314114902,0.6506824226129033,0.1935763698076897,0.2911504808093133,0.2392512854043221,0.15580516026062144,0.12071918834224431,0.2337287573291486,0.5036893358092056,0.3497856722494344,0.48482140291111686,0.2607655532802252,0.13591283260610199,0.19030499407986878,0.21654853045907352,0.17148137236696967,0.3271223262032086,0.48854855901509964,0.29614485981308414,0.2818828680897646,0.02788246092374711,0.028195990450027224,0.02860165259165608,0.2507939552827334,0.267538644470868,0.32720209678929135,0.00935427212549292,0.007676978121177775,0.00602874268489284,0.5392433993744193,0.2725060827250603,0.020391853825908062,0.3361711275176996,0.1572255779814443,0.688067723457646,0.5235625495142076,0.16749100644775755,0.15017410438689693,0.2988469066462428,0.7344786337186564,0.30093012819178766,0.20755283120737628,0.22607585326293272,0.17457322744522707,0.22498084786618627,0.20652853261665072,0.0006125068987689801,6.396175960603651e-08,0.10813725301917211,0.012427304986072155,0.12999689344516924
0,31,0.7834409653230876,0.782612471010576,0.07199330512281099,0.13176755858227693,0.15987894208702183,0.20557475187201296,0.801618133865835,0.20848564259802854,0.7782195715927935,0.7726250894185251,0.7396956777427739,0.33641757337471345,0.16652497601690786,0.2636310709633882,0.5613231032308376,0.07199330512281102,0.8955315522409912,0.07868075201201073,0.3069720017538345,0.03091219516852834,0.7697890010104899,0.0513576403414796,0.02951046327083758,0.8737150927553115,0.02951046327083758,0.07445226701225968,0.03834283549571207,0.9704895367291613,0.9704895367291613,0.9704895367291613,0.970489536729163,0.21675893467196716,0.5513435503044639,0.02951046327083758,0.4395423271692356,0.8937823371865037,0.13020292153330892,0.8985953052045408,0.9367825512136542,0.4395423271692356,0.13064870546351298,0.05282923399269313,0.30570916904454287,0.8626295234634458,0.07064598890033874,0.2905305581455452,0.17482709421007459,0.12061929303694657,0.08176805139553286,0.19712401983960098,0.24043228061057348,0.4927813730359562,0.744001680149059,0.30219308782647525,0.08175771650160851,0.18431863557581174,0.19947710126845603,0.1440212310770592,0.5310112681436211,0.8588693925422523,0.07162989806514491,0.28149190710767064,0.019150828177257852,0.01963261864124449,0.018979451035210093,0.1811679592228221,0.40343128928146754,0.4257040080845592,0.002042790964402325,0.0032944868382374618,0.00033934712469567006,0.3492743131728388,0.2906934306569347,0.010873357708958397,0.1568690002759664,0.183957573872471,0.7815933779993107,0.5092118612505943,0.21241960088827747,0.05498275664554646,0.3049782997191728,0.6902483048786212,0.3014049975746922,0.16770318080439112,0.19047520447251276,0.17825101357678863,0.22473030088033846,0.1704594070887267,0.0004124626984152143,2.0551032489812288e-07,0.011406365180288786,0.004091155521291041,0.17070895522388052
0,33,0.7974450455886976,0.8295762050931574,0.07560548425981226,0.35829590440940473,0.3195234912216713,0.0892811998485279,0.8328596223782193,0.3434545249316681,0.8159310147440573,0.8205270693639264,0.7892612451979314,0.31032559764288403,0.31299969513138615,0.3692864588487531,0.5641513198482762,0.07560548425981228,0.6930713251613139,0.15312794354322387,0.3425969789681557,0.11028102148270665,0.8493187946767435,0.16723264128079654,0.0646339313471079,0.9144161885243167,0.0646339313471079,0.14367165320740602,0.08336648488930856,0.9353660686528915,0.9353660686528915,0.9676830343264484,0.9515245514896673,0.17613385696269346,0.8151685986502875,0.0646339313471079,0.47003021492938457,0.6929179227555278,0.34573604980226225,0.9468680258329849,0.807555637462337,0.47003021492938457,0.34850091987399334,0.1691919072223481,0.2108024733832588,0.6462374753257156,0.199037800474742,0.33576349626534796,0.10042279242052378,0.08391672048211565,0.04849625210579735,0.17943010607796173,0.43692262514396246,0.37230601372903865,0.619155732465043,0.36310927321333797,0.014477039535559079,0.26181359192526765,0.2719107546417704,0.13983015362416776,0.37749788910779625,0.5754500074755281,0.23188443316850899,0.3526056520611874,0.010312341978190188,0.011209379034442989,0.010488505122207229,0.1419023291972498,0.3074347581200325,0.35677830233811814,0.023199185045728384,0.043497879770703525,0.002518863358379677,0.4949109696205212,0.3498990526479258,0.003584186975273117,0.36834548217082885,0.1341046054481457,0.6599426420578871,0.5468424795785096,0.14091704525151774,0.1742812898587769,0.3415635065915621,0.630559077963645,0.3187698892349138,0.15435095152724904,0.18112310644025092,0.23425305443580247,0.2782345555339311,0.16911522561739395,0.00037100446577200807,1.1730925236257743e-07,0.07853402454512017,0.009651812331266,0.2265981276595744
0,33,0.7609539034128349,0.8399467302335502,0.07366759194658196,0.6055126682886508,0.5038996831449853,0.07896167560459129,0.8542381813156659,0.5152203249758364,0.8015678372677745,0.8076167178683749,0.6917081813147666,0.5410110794434742,0.4729155130378866,0.3439499182837442,0.5833417707477591,0.07366759194658196,0.4090441127416766,0.31768166493603534,0.3626386166248941,0.22824814989439712,0.8250174425082262,0.3482145847179913,0.22976329265301074,0.8570265571759337,0.22976329265301074,0.385016116161541,0.2847280263112098,0.7702367073469905,0.7702367073469905,0.8851183536734943,0.8276775305102397,0.2852392011175695,0.9010402409797899,0.22976329265301074,0.47993355143288896,0.3816353191383373,0.6378983414323915,0.9600212419364431,0.5709581385067656,0.47993355143288896,0.6302704638552061,0.3608643738851862,0.1718290201327828,0.3351379064206096,0.4238405918530907,0.3646277359031332,0.08490917475085404,0.07851376317873385,0.048421868405267604,0.21249446955355145,0.7639600349218427,0.31990825005150414,0.28800074688003774,0.4439743842074705,0.024933581395389155,0.4813054533138831,0.402673464306826,0.2436807287249517,0.3271223262032086,0.22742018245590734,0.5155114226375909,0.361247947454844,0.007920066386017301,0.009499731335924388,0.008035213495630057,0.21452778310633677,0.1820749108204518,0.14803308995600484,0.03520133145527001,0.0363964415018894,0.01958972154151738,0.8079239356785305,0.443244451065097,0.004349448542810297,0.643892690129721,0.12262139101069655,0.42967309661346853,0.6609106527078719,0.1122407834612298,0.37280966547157973,0.36106349611583205,0.5578385315952545,0.31416021968024754,0.1745615800807459,0.21502838634159538,0.3616556446677478,0.3423350527898326,0.25407890236105424,0.0015518871576704952,2.208668598705472e-08,0.27789917927573504,0.075359802239048,0.06894658409965247
0,33,0.8384604364378843,0.8714443677588164,0.038905876096914455,0.5022418863682029,0.2799792584533589,0.06211386500572168,0.8689995111593309,0.2914337679579125,0.8493289716788808,0.8421200268845557,0.865769289075389,0.2439005899531028,0.2624174437227015,0.45567721894707713,0.7467238752810811,0.03890587609691446,0.3979543256678547,0.12356312117996612,0.08092408111897781,0.09157722927469288,0.9633553869419954,0.31075016879026185,0.05772663510298001,0.9580269401581194,0.05772663510298001,0.1281610512320057,0.07442088334324226,0.9422733648970212,0.9422733648970212,0.9422733648970194,0.9422733648970194,0.11404158622666538,0.9076228402315349,0.05772663510298001,0.11671483520515835,0.4168034996217342,0.4602143035500412,0.9662963261742178,0.5513628962421316,0.11671483520515835,0.46715538005900736,0.30877454134344134,0.06825413617186114,0.38044516224574776,0.3186206038929416,0.08530782973757743,0.08415060549731233,0.017311610375719835,0.18721368830376978,0.7642533444567916,0.44383572503904484,0.1794570440307805,0.7550634456230494,0.4062777322893326,0.006352637054461338,0.2703056809511418,0.09538878077351866,0.6029442908431392,0.15684248906174045,0.3248912419079536,0.34264694523827904,0.09404388714733539,0.004362152260930987,0.0013824534892389487,0.0175130010123676,0.7264356591039882,0.2756458761215004,0.5866027975241423,0.03725803280422935,0.03126841205440807,0.011526571617570952,0.402122610054763,0.4803614876607579,0.0008291480792201899,0.41197488204101795,0.05914316244850197,0.7280358726467775,0.5859625826474064,0.04339844249492771,0.3168624738990038,0.08244283161311498,0.5898551793631355,0.07212974950378959,0.6795407970582954,0.7811663437504622,0.2787369875609659,0.0879725333681171,0.78139670996934,0.0024206887346231785,3.1377474220759876e-07,0.021904871638708207,0.0474432475710468,0.24238410596026486
0,35,0.7901704786092008,0.8600097301832785,0.1241860753309177,0.6038465313001748,0.2877838027167187,0.13211985210360477,0.8892328167098874,0.40697507475625383,0.8307038444840853,0.8394115015466348,0.7546419244217891,0.49776929542591675,0.3194481921359082,0.4145349400380819,0.559675972263679,0.12418607533091774,0.3853792442935655,0.24233068893469714,0.40063715950339573,0.2286439455192846,0.8764396084129216,0.3828929814082676,0.11870651560117233,0.9307854697810236,0.11870651560117233,0.23217168259871931,0.15101197806619193,0.8812934843988263,0.8812934843988263,0.9406467421994158,0.9109701132991201,0.17621195777772436,0.935487036386271,0.11870651560117233,0.5159098356599207,0.3680317943079608,0.6046600395536852,0.9521512282894414,0.5413464853401421,0.515909835659921,0.6088426923882506,0.3847426609030212,0.2212361248228032,0.4078300544519754,0.34769504209012597,0.39085469122995437,0.18472531741439963,0.15461401004671252,0.09402691793133018,0.16558765797601144,0.6707026163987082,0.42014257992743276,0.4250849581374678,0.27937192234933395,0.07965302075179072,0.27362608358695617,0.32184382277580176,0.10953656199023956,0.37821424507907614,0.36042726479073095,0.3503509432525395,0.4150508332459909,0.019795204866566295,0.023701754793720664,0.02164518627173791,0.11786817734713953,0.2485642725225795,0.2191322700311165,0.08575078695582689,0.15902917035657976,0.010019606125502416,0.7028724486944515,0.2915077895195557,0.011764791485364173,0.5646017368389556,0.1931113144425714,0.6565193105678373,0.5844360137959763,0.1521352168085052,0.3752791194399899,0.40061881046643216,0.719642938459625,0.39807052022151845,0.16642793700457875,0.17692415858382798,0.23160296858682294,0.32832862049884753,0.1526353710302007,0.0012002332760196438,3.341947638309562e-08,0.1508665972222172,0.0405731159676714,0.09620944720628366
0,35,0.7491253068535197,0.8105775335882565,0.08934363468431791,0.3465584711085818,0.3899550993254212,0.09180300191646361,0.8629358857195566,0.4181038907947891,0.783541656947094,0.7950495970001312,0.6901374196476184,0.5628032492456607,0.37257089811718386,0.2897474403562067,0.5744778050519311,0.08934363468431794,0.684036333524269,0.22447458985989796,0.2925787642053685,0.08576677856700392,0.7311053970178395,0.15932409876044987,0.17132488387805656,0.7754440899698107,0.17132488387805656,0.3097891839888883,0.21555309558859112,0.8286751161219428,0.8286751161219428,0.9143375580609714,0.8715063370914571,0.3833833032044355,0.7360691767307045,0.17132488387805656,0.41692690360099227,0.6471820512686568,0.3968606323674208,0.840266213757981,0.7753179151771784,0.41692690360099227,0.38884603857611827,0.17107241872858578,0.30218517584596066,0.5914223143662609,0.22735785357926294,0.2820368272548794,0.10179547018901099,0.0746983115977046,0.06166970378127033,0.2570510775542854,0.6061765092015969,0.43971443030524016,0.32451756982010027,0.3867025754599468,0.028250451397530067,0.42498975091654356,0.27136046982248185,0.32310690767342864,0.5432497412454718,0.42359675212183745,0.3418557382788567,0.27967583028762116,0.011747146475744256,0.012030451036077576,0.01251024016133286,0.2686274388470511,0.365348471481723,0.242246256049976,0.02869731397869985,0.03628101247512544,0.012335280960461338,0.674680131075697,0.4062365822241306,0.007979603328379336,0.4226560000570311,0.1811341568630475,0.5142074290193481,0.6535862432095754,0.20555685057288936,0.1736114836730913,0.2933198426166483,0.6147015022591997,0.2739129762297242,0.19672141204153498,0.24042191677374963,0.30974689285419543,0.25291885119118884,0.28987678858580557,0.0014789362241313339,1.748848483196102e-08,0.23231299667598218,0.026807686773189156,0.05654388155745809
0,35,0.7490115489624183,0.8030824760130193,0.05961811505030406,0.3488120220071742,0.2875562171099108,0.09731437471194361,0.8199808978243336,0.3511725110746182,0.7764786862053337,0.7718273929772946,0.7247989346871857,0.4043181350452274,0.2995815263543245,0.2669382278679673,0.6534786120196876,0.05961811505030407,0.6809878577747175,0.17214725059542263,0.2941135358089128,0.09001550225498571,0.72838735578979,0.1644160151824216,0.1489900060098812,0.8080981865917811,0.1489900060098812,0.2781647333138823,0.1883798377385086,0.8510099939901181,0.8510099939901181,0.9255049969950591,0.8882574954925886,0.33820768200869,0.7583829492990927,0.1489900060098812,0.4181317411169557,0.6506047378740207,0.39054320478133986,0.8850130946372345,0.7771724587466541,0.4181317411169556,0.3849146969121217,0.17403575262123314,0.21876662598681376,0.5999108723184616,0.22230227100715944,0.2829747501739627,0.15605971589748258,0.1067302423667843,0.08454478409841924,0.25414152229377274,0.5078641423067034,0.36136260361488426,0.4778391529124484,0.375668050931805,0.09060196069042728,0.35979581375010805,0.26107250029899326,0.25884955533659715,0.4037142524994187,0.4396761390439926,0.331413529318234,0.2827157849646605,0.013563501579500866,0.01391607055191697,0.014053180742490736,0.26067773709538866,0.3693196505195678,0.3490443892005866,0.09140970051767797,0.08868626040760862,0.02489587552333166,0.5656237164569798,0.4107299270072996,0.01046873454728241,0.38647004399413065,0.13700461875360617,0.5821603982649557,0.6134918642860727,0.14885338332270584,0.1752713818069626,0.29284656624968086,0.6228412837264081,0.27486132522656215,0.20006594560323382,0.24156123822341852,0.29430641878851327,0.250906284709345,0.2674021261223685,0.000960918349706369,3.5847553825434485e-08,0.186384643206304,0.02287144234760515,0.09114178723404251
0,35,0.777983547966391,0.8049277712175044,0.07700495398917503,0.052846722075851706,0.3155192923809549,0.056626688216943985,0.8275008251701986,0.3189292945282324,0.7805605677426339,0.7617318974833384,0.8115249919919575,0.25663990668889936,0.3065590116839535,0.2736902364661553,0.8128031577284953,0.07700495398917506,0.9661371556560241,0.1246535171371142,0.003123051620235323,0.009540472464406124,0.8297755431079756,0.015500107608558977,0.019107844953590008,0.7459136787154452,0.019107844953590008,0.05149918318766037,0.024898049889717024,0.9808921550464103,0.9808921550464103,0.980892155046412,0.9808921550464103,0.3382213443668324,0.3348435023577862,0.019107844953590008,0.004789035586305335,0.9629142271211877,0.05671283879791645,0.7959728804985685,0.9784150030598632,0.004789035586305224,0.056186655700958536,0.01686278071268994,0.339789032679776,0.9455520103477648,0.02800115548550207,0.005500616862398194,0.11823370763708925,0.005930184641151914,0.29248390618869896,0.9847991440794592,0.1758752151415392,0.5013045321160734,0.7065439637265194,0.3164272895453849,0.016127138500791477,0.18127353002995394,0.022740951968289208,0.7168763450018167,0.6178977272727271,0.8757389104649361,0.0630678868120456,0.01231527093596059,0.01080215358092904,0.0019517709450620495,0.04649352041270264,0.9641760982159983,0.4932743757431629,0.45426583122718334,0.017147866135097355,0.01380557750536398,0.006886248827992566,0.3030003649415582,0.3311749470214263,0.003123600997045618,0.09778156948514471,0.18994172506227067,0.7781713762471678,0.5302116632301204,0.23074297815330294,0.01782234320343192,0.003465044841756776,0.6771273723405913,0.0063611460589872715,0.9019889562772356,0.9908024940803999,0.19637018198996226,0.015026442394640543,0.9309187261897721,0.0005214590933694626,3.277442197731581e-07,0.00711826252102906,0.0009038492640922909,0.24238410596026486
0,37,0.7783168642074134,0.7919379635731387,0.09214775752350804,0.06029500468189959,0.2936678493304353,0.047743572186142294,0.8135787326011892,0.2908625715469149,0.7817542660408621,0.7724837181641988,0.7962424471356383,0.255402130009859,0.28659979913179107,0.275108516244601,0.7319308441936562,0.09214775752350807,0.9627843031776502,0.103840243708772,0.3148290666191979,0.009525589561396697,0.8025905330393042,0.01612577795796865,0.0293498366976135,0.6410505615035674,0.0293498366976135,0.07536037736976595,0.03818189216447228,0.9706501633023858,0.9706501633023858,0.9853250816511938,0.9779876224767889,0.45036123094344127,0.32543319388223213,0.0293498366976135,0.4505065323377794,0.9568680613548841,0.06906292322348183,0.757142332357781,0.9748847481657102,0.4505065323377794,0.0677217197106386,0.018396200858590478,0.3658353048235211,0.9251171747011613,0.03895218472298668,0.300740260226879,0.2641164512297028,0.1749190372143184,0.11491266155112705,0.17427025719832195,0.2391141137211274,0.5287745996943958,0.6446721737782493,0.23429608166615823,0.15700430067759188,0.14368652010491145,0.1993742962613843,0.10898488214535251,0.532867950899368,0.7990747743773673,0.10687321387193938,0.2933273622928795,0.036876114872815786,0.03774151601830076,0.03520463170867201,0.17568840137418698,0.33340990163225603,0.3287734896641995,0.02033264265867624,0.03581753081438701,0.003952086946971172,0.45374011214668125,0.23762623737626154,0.027945582143832613,0.10409401098422999,0.22875038480103707,0.8150167809652118,0.49267141082337673,0.2723450928224972,0.019646177998025025,0.31304534851595256,0.7599704971107077,0.32246471132851273,0.16020539462820538,0.1704237796533009,0.1431539800346523,0.22399747122180896,0.1398861599921059,0.00025824096128007634,1.5392565456291646e-07,0.04137837605881768,0.0005290212983851477,0.26314836312978873
0,37,0.7098245377602429,0.788088764348039,0.10463662251056795,0.5420953338776593,0.3737225773165475,0.07907801372228139,0.8419316210561014,0.4149883985364451,0.7472888668186272,0.7433058079137183,0.6986496780282045,0.5012558244235804,0.3640259780637466,0.19591799866341397,0.712592247747655,0.10463662251056799,0.3761105193366042,0.2280678339396832,0.23788811939571758,0.10703480639060411,0.6891385687145645,0.3174927941679215,0.18344350242227767,0.8739349785886297,0.18344350242227767,0.32588872201154967,0.23006669293093057,0.8165564975777233,0.8165564975777233,0.9082782487888608,0.8624173731832929,0.2764456062267846,0.879583679324228,0.18344350242227767,0.34116539139885127,0.3625221678134583,0.5651851938764614,0.9029214981149606,0.5142799420102525,0.34116539139885127,0.560745410712322,0.3266811137489107,0.3388225541595571,0.318129828819136,0.3686110685542486,0.21674561739666048,0.20898614885638522,0.12376313462350483,0.14706044422493914,0.41630854682029517,0.7433632684631741,0.6465647045869879,0.2955762474021275,0.3347378639824671,0.1354597223258479,0.4124674198586481,0.2028856906748998,0.4770729645900359,0.5929741214667684,0.23039715620696932,0.43224166613685966,0.19821721792165142,0.020230424353472828,0.019047548790174458,0.026601587313146647,0.45373288390744737,0.3195600475624257,0.13915299340741627,0.1036729444800606,0.05946632645164905,0.06603119439522485,0.8829176862908646,0.3452554744525551,0.01600190456340699,0.5701030293902111,0.28691186253180245,0.5406404287584781,0.6452264624283357,0.24006348321782428,0.33827340226549857,0.2365367081221051,0.6669909286698776,0.23511694648611678,0.3254735988808648,0.3816100454054694,0.29327110231140796,0.19546118650757122,0.4426074352039814,0.0030616906090528712,3.325138230042061e-09,0.28447546453076267,0.0560216060362583,0.041123032708361776
0,37,0.7295472637055361,0.8462560264581476,0.08039905846873743,0.774001324834622,0.47885636202380427,0.07442080156340726,0.8671197075715534,0.5390493737288604,0.7623915563455195,0.729407294986457,0.7148171531385036,0.5252014217460302,0.4851833173010244,0.24625390409325187,0.866684996630425,0.08039905846873743,0.1901200177485325,0.3561981228522192,0.30082836567620813,0.37032223962787075,0.836991422981446,0.5631953902249819,0.1769503567892432,0.9299061260184527,0.1769503567892432,0.3174047854876312,0.22229896505216398,0.8230496432107568,0.8230496432107568,0.9115248216053793,0.8672872324080672,0.1940474484728576,0.9689201276530919,0.1769503567892432,0.397041766240943,0.17834627122993613,0.769071570007394,0.9629032646041058,0.3421659484882503,0.397041766240943,0.7714005478559414,0.5661272671080896,0.20335921735349524,0.2016014167861364,0.5527387185721125,0.3048963518033233,0.10764220415622382,0.07158860553642876,0.11404070812491769,0.3249345604276539,0.8132049258748528,0.4901588940745107,0.38274552910560167,0.40920969410518804,0.04250821620430472,0.43848795765479986,0.29259354594402137,0.37253644288811005,0.43834732996911957,0.14130242349321898,0.6115979806706501,0.30111704711024767,0.009813045496696354,0.007209830959913326,0.024503353251574354,0.32142017653590826,0.3812111671216359,0.21536409028109346,0.09071518049581435,0.037890305170459944,0.07605829610856114,0.8201616792661026,0.46217413972888355,0.007317665651021768,0.7461686266818507,0.18270850730380483,0.478010214014418,0.671572599422835,0.12491683680661056,0.5701405397638779,0.3068437944491046,0.593383884718945,0.27588808456948544,0.2964334699599144,0.33957670862112316,0.34469300146813786,0.2695815177960671,0.40137389869910434,0.002354030037519217,1.8812416852821117e-08,0.2195581362338921,0.09181097534466089,0.06937515833919773
0,37,0.7001108115838658,0.8522316191610382,0.10228026430828632,0.8213780925088263,0.5758380529550807,0.0823657126931044,0.8802131693115244,0.6465642052282727,0.7765924568329727,0.7868720741913275,0.6147580941450602,0.7426946013233674,0.5682791282022998,0.2953787433103895,0.6176814067098924,0.10228026430828635,0.13669382055679924,0.5130218028838206,0.7985033590016919,0.4335641044038802,0.85887351871099,0.6398419722529305,0.1215605137462702,0.9571571577957114,0.1215605137462702,0.2378235821078523,0.15474708239807752,0.8784394862537308,0.8784394862537308,0.9642469077216873,0.9270636917522399,0.13656543710467983,0.9863219345889697,0.1215605137462702,0.8439418119150439,0.14229070646497605,0.7777341825387358,0.9781697722675817,0.2780732284705084,0.8439418119150439,0.7866990480738931,0.6360172176536086,0.20646149198506103,0.16269799152837316,0.6092766822179017,0.7755174004602252,0.1140044402557533,0.19486925326748142,0.020372733345157608,0.038289130639923855,0.7562411100631174,0.5980469162852123,0.5463188305371811,0.394009786796676,0.04401723030948876,0.37139626796448655,0.6443677047813637,0.04740320764040948,0.4719298410785569,0.19192298515645112,0.602825058816768,0.7604246166655103,0.010329702834497564,0.02090505896516741,0.005913721369881853,0.021934600119419834,0.6299090619818793,0.3808144738000961,0.10370513570824032,0.14342105472343994,0.021823256850914043,0.6732203876119202,0.41848348059930773,0.006615881786668713,0.7237367583516733,0.21332797690540417,0.6015623725123145,0.6327264489501705,0.12603661661402268,0.6372812779129232,0.7994705937680555,0.6057450976737124,0.7370282688004319,0.029733475281589164,0.04176906185123225,0.3322031139812268,0.6668240635791942,0.05575677384733768,0.0006556538765182734,3.273494875710378e-08,0.3084730052902696,0.035160180590889954,0.21453819949642347
0,39,0.7581282677007638,0.8130811050542623,0.1194447554909621,0.36255273994229176,0.2025493645897966,0.27861810949603855,0.8357380676671188,0.3623061578428226,0.798335810319786,0.8101473871505922,0.6759266337631511,0.5308093485171411,0.23382018613550803,0.3302140254604008,0.3109279408893433,0.11944475549096212,0.6756800376009995,0.2479763880172866,0.3000700138065961,0.10146700625256161,0.7397122337848818,0.1688682641998424,0.0657613995319696,0.9134215773507268,0.0657613995319696,0.14587744014288956,0.08480927269397036,0.9342386004680314,0.9342386004680314,0.9671193002340104,0.9506789503510245,0.18046628942055343,0.8111831642879238,0.0657613995319696,0.42390465768305896,0.6839322021544989,0.3430310269624169,0.9513858559247435,0.7995131207975911,0.42390465768305896,0.3455861492164376,0.1708912910876081,0.32633163793454056,0.6024493481763904,0.2239371523854531,0.29088378964768813,0.2283268113149382,0.14915386645148418,0.11904875132319355,0.24340403371089148,0.4924409157899831,0.5734096404656137,0.5671645174753881,0.2816693551154891,0.1377054866790798,0.22102144947796565,0.22286491771883177,0.20047054108360765,0.5047156052503646,0.47328657654380535,0.3111886923611647,0.29377519032691446,0.02564814683445669,0.02573933649321061,0.027560197531856363,0.23807265054147844,0.37779699491946817,0.29052336956143343,0.006334046993811791,0.009879544214780604,0.0019361235472557493,0.6144282581603308,0.2838731751824821,0.018589250681264553,0.339028023705078,0.2425826544015185,0.7452236944163182,0.5388360339366542,0.24142356182193575,0.18112249318899978,0.2989756190962471,0.7138009549859401,0.2972097555001657,0.212054843659494,0.2349829174862822,0.18246977421846144,0.226456493925975,0.2185632469233012,0.0006375108985633973,6.358859632932624e-08,0.07854852464684062,0.010620018708458672,0.127000591891092
0,39,0.7430215057289743,0.7515829201859685,0.09126133523200947,0.3300683121953585,0.17067181334654968,0.24140031108517535,0.818883221804336,0.25346065844577714,0.7514356378971621,0.7538410352948278,0.674721553365152,0.49661192036611246,0.177542194579922,0.19696081263548582,0.5590802990248873,0.0912613352320095,0.6638465982366808,0.12425522311896942,0.27903620047897326,0.07578669900987549,0.6963942627930678,0.16545664508880828,0.11034148120708559,0.8555288832580885,0.11034148120708559,0.22071808336784707,0.14087114586697946,0.8896585187929134,0.8896585187929134,0.9448292593964567,0.9172438890946832,0.28279937945797984,0.7586971244038501,0.11034148120708559,0.4007761236753067,0.651672396655802,0.34506010757126065,0.8874482344555806,0.7741043862560822,0.4007761236753067,0.3425401942149843,0.17157243300298053,0.40827531345548534,0.595680800575549,0.2100230383567963,0.2598786394955746,0.10392999068320145,0.07381332110524844,0.06626555117354785,0.28542754475673615,0.5233826762562581,0.6568135973463072,0.44636701668998313,0.3713491437004498,0.02405922629982523,0.33983450508722657,0.22344623468957636,0.294821085291295,0.7799011650114591,0.4685550562919186,0.28114734990569423,0.24161388693408403,0.008772872596094702,0.008962887431194754,0.0097420963294187,0.31233272131027745,0.6115169016476982,0.30332284556619604,0.054829790947077836,0.032997076245805085,0.04140250173289675,0.6363472021613636,0.40693430656934226,0.004205210111980619,0.38902841540795385,0.25497642609665283,0.5705965568876514,0.6182855722369791,0.27598219060376816,0.17744257757949314,0.2779273179340888,0.6275862068965519,0.26613153290515124,0.21576132317951913,0.26335879580656923,0.28101210186945946,0.22803999039292366,0.30192861136694976,0.0013613610970506962,1.9940166043985612e-08,0.17367567298090109,0.017481205094735414,0.06636731106035276
0,39,0.7425071578388293,0.7678808946285637,0.09670742768500108,0.40096949817416633,0.20932973465581836,0.32588087124114407,0.815088291235623,0.3008959824101422,0.741874560666402,0.7299354642675704,0.5934208716712427,0.6420949634454043,0.22187936620675158,0.17646003213465244,0.5809417196605429,0.0967074276850011,0.600052897163577,0.1713723732956211,0.7651423838396715,0.13257661386361236,0.6555193024725878,0.22321978502988601,0.1980006386208534,0.8112449531842234,0.1980006386208534,0.3441017343370892,0.2472086430325279,0.8019993613791456,0.8019993613791456,0.9417645180526932,0.8811996168274874,0.36181958303116313,0.7870220545791854,0.1980006386208534,0.8392356454176122,0.5457752445871611,0.4633538989929792,0.8621858765749708,0.6961034334090793,0.8392356454176124,0.4542302327153415,0.23589503224675354,0.4351424603306019,0.5516970334339115,0.2666464534266415,0.7312690308076282,0.2515362973124037,0.37942808118392884,0.040754464609936744,0.03357263008715071,0.5874046349310467,0.6783197825348302,0.3619491797624289,0.34876617359371254,0.20463171334628283,0.40990131281381126,0.6435528013521132,0.04166700276193591,0.7618766322596692,0.4222985742197536,0.36069130573232305,0.6976744186046511,0.027937614026520056,0.06257565926151402,0.012020797170962336,0.023034988557229463,0.4635262561181319,0.2137533756492159,0.09377499235195035,0.18214222309973369,0.015226913780295363,0.7302217094382866,0.3599452554744518,0.026635286015099686,0.47791204177839874,0.2797211821105764,0.5131934741391322,0.6394226999924488,0.29624506180477933,0.23246870905103625,0.7668201724239508,0.6521879760528102,0.7345221774349963,0.02202370724710344,0.03242790701378548,0.30103008988342206,0.630518811768734,0.0357423358402314,0.0011845772374934583,2.0774915000356503e-09,0.5361325996330887,0.02019296212508315,0.0852727326457637
0,39,0.7897569835417042,0.8215549235479052,0.05800668548609025,0.38445345463093905,0.24740353691205538,0.4128147164149043,0.8918996324782043,0.35889583059523406,0.801277907509649,0.8023682806079309,0.5956449801554837,0.8041178546344204,0.2549830774231971,0.33801103010196687,0.36901826160264806,0.05800668548609026,0.6817736604037721,0.2495018735204405,0.8468674608211854,0.15660590459181653,0.7752438635994807,0.19163472505903056,0.0797812685065094,0.908085172545201,0.0797812685065094,0.16948267405127407,0.10245195687699822,0.9202187314934918,0.9202187314934918,0.976534921027497,0.9521312388960972,0.17960922599661322,0.8326710274650334,0.0797812685065094,0.9004203916203357,0.6772033487098881,0.3745719247002618,0.9632040124299739,0.7975596450776795,0.9004203916203357,0.3764435844608358,0.1943945653304078,0.17517133141108174,0.6263270051720453,0.2638809936718132,0.8065243753317478,0.10834012009807527,0.21706224625870016,0.006323430839759572,0.020796426953347227,0.4629206894114202,0.3106966869094056,0.6040256066332823,0.36581665923053197,0.027412622077645728,0.31197958053673824,0.6095379599166861,0.04198797872538407,0.35071594427244585,0.5000223438290482,0.4112667305252802,0.7829919626652838,0.007692409442275079,0.0204105396000861,0.0018382762304102354,0.015994931699092413,0.2792727955441517,0.3217730398803286,0.17583167711793252,0.447781861068412,0.019722758331333405,0.5310805184464181,0.4270985401459857,0.0035417630073581712,0.3769280366956378,0.11249499223657791,0.6464480521955356,0.6271741022279249,0.11771990986957614,0.20149567251340944,0.8434292826142457,0.6338801531049847,0.7968668506058467,0.006051458815514291,0.01663733305725229,0.3300216852341825,0.7144629860172934,0.033893929483380075,0.00015378391320785499,1.2354044642548324e-07,0.19862860354293801,0.007919515843743933,0.5183788079470198
0,41,0.8177593682078224,0.811369358615593,0.1482260623651437,0.04076586023377675,0.14517194599761424,0.12934862731614444,0.8307729180119255,0.18908682201574703,0.8164896061635325,0.8186146111248573,0.8293767315889757,0.22997305246277297,0.1560359949907989,0.3639899420814562,0.55094421094253,0.14822606236514377,0.975225926965777,0.060963805357644014,0.0021000949046321438,0.0059360164382988466,0.8246327462460238,0.010200249969076402,0.021165673201250398,0.6010066920266092,0.021165673201250398,0.05688473322655907,0.027574302186390343,0.9788343267987489,0.9788343267987489,0.9788343267987507,0.9788343267987472,0.4765261758563376,0.25923439925035535,0.021165673201250398,0.003360670604892757,0.9713682232856937,0.04672858287114656,0.6796149634712813,0.9833808868410229,0.003360670604892646,0.04567052972768845,0.011870552584239922,0.45487615157628714,0.9461682712138193,0.027684228883799424,0.005438901130813412,0.2579133058855533,0.026272038108816752,0.5305941209045523,0.984969694395418,0.1924280583924834,0.6715290197692527,0.7066454162449547,0.22351877910102858,0.1503365153635207,0.11178057261035146,0.018015638732586103,0.6360847866725398,0.750759086377232,0.8498120591018442,0.07622688721416929,0.015028805209985813,0.02796767714152307,0.006260530056120525,0.11301740850671484,0.9562826961279981,0.6197222838025757,0.4609078964468807,0.01622873337597108,0.013139408508741778,0.006519102241369474,0.3411276879775303,0.2664436334144364,0.01989788642727545,0.06830548556874871,0.2882010241269836,0.8504556822677378,0.49357875569492826,0.3402610714811548,0.013038834767622187,0.002527444472810822,0.7714279699650239,0.010213507123040755,0.9537310940271098,0.9932912309762916,0.13683105941922002,0.009697272197581916,0.8724237080058791,0.0009325112214665472,1.742701615803658e-07,0.008849869877531589,0.000775309925994858,0.1424124513618677
0,41,0.7437193867921916,0.7894174531923326,0.1370413083916433,0.34353481716021805,0.2733127542864184,0.35517311245424255,0.8205510646673267,0.38862882420521505,0.7687675875879039,0.781117053766497,0.6061600331265489,0.6298340851302955,0.2850248960749911,0.25454839324949396,0.3008844348664159,0.13704130839164336,0.6793034332573686,0.26260226178826646,0.7886354291717206,0.13936211705676457,0.6551762792393003,0.18765892735986447,0.05610517055829505,0.9330539381115923,0.05610517055829505,0.12863485473639674,0.07254613172196578,0.9438948294417067,0.9438948294417067,0.9834984792475581,0.9663368976650197,0.1549961269928678,0.8111232657656642,0.05610517055829505,0.8579041006623813,0.6842922267843898,0.32522340307208775,0.9614911524925107,0.7971765410903296,0.8579041006623813,0.32836491129993756,0.188378740209368,0.49096027446647794,0.6305234989665087,0.24256283380687882,0.7470619189511136,0.24365841025723062,0.38169058937796163,0.03528487787695603,0.03161972564313954,0.4299291067376371,0.8860832065858393,0.6471967021732699,0.3099121908372441,0.17478635474244206,0.22895545101145998,0.5188766713948045,0.026831567523648014,0.8335561497326203,0.5114993770350574,0.3493729876720429,0.7034024515981212,0.02753651784118167,0.0640713843028033,0.010826256030287402,0.028126240748754305,0.764247988275309,0.3789192728326475,0.04467912719601884,0.0831148935065555,0.006776434539244496,0.5511744263845391,0.32401007686841843,0.02405306939164777,0.33007828884918033,0.3409088820263616,0.7225020053888063,0.5502249125762229,0.3450135745689248,0.19518856219294003,0.7836941762817399,0.6853661075869864,0.764472826757037,0.019838452001272003,0.028130030500235076,0.21127781378109678,0.5824911952974777,0.02504576944622139,0.000276724640013812,6.052512290921553e-08,0.14072518858211344,0.004903700341154055,0.2715006166562087
0,41,0.6937437140465347,0.7529335487746303,0.08334613984709952,0.5460286983249124,0.40472826250524807,0.09700583640256115,0.7722268944428194,0.40374678209325354,0.7305259402482213,0.744119784674555,0.6446462310050289,0.4524991111867471,0.37158671626838236,0.15044095779145328,0.5305143032244128,0.08334613984709954,0.3248388120705271,0.20535200828438563,0.211117442165836,0.0833425756019673,0.698235979715059,0.362198764533742,0.06652250358248073,0.958527003824988,0.06652250358248073,0.1475346477102314,0.085800387327357,0.9334774964175185,0.9334774964175185,0.9334774964175132,0.9334774964175185,0.11918609814607795,0.9285183263183044,0.06652250358248073,0.30307134172817984,0.32061004984852864,0.516911592184936,0.9666978690396599,0.4179905131454308,0.30307134172817984,0.5245138110538882,0.3598274812610086,0.3389794968384749,0.39649235265326255,0.3103679599188251,0.2219992214787918,0.1819414871187086,0.0681000332275758,0.24844809079262542,0.3865091380496374,0.5308378576127342,0.7605447861169222,0.6069032874872364,0.3153573002219051,0.0958051672290449,0.2617422869139924,0.1819713528159847,0.3083816065409485,0.6427596879349499,0.42187828945413686,0.2934218164408114,0.22268709089682165,0.019225475681817452,0.0104756503288699,0.05451614146922728,0.3522253376043558,0.6028781782939423,0.3514370274204994,0.013331429365088136,0.007837731747396522,0.00912383307045783,0.5767691830169357,0.3110853056108521,0.012549118651383414,0.48852679577924574,0.29520453439021616,0.7041842952029012,0.5596694338951083,0.21317598298575693,0.3553438773980746,0.21598161858565224,0.6804588649640262,0.20482083939660264,0.4044957444382954,0.42670519251945893,0.2132397765401558,0.1754303901439948,0.3890941901771602,0.0029368387819262843,3.979596381843982e-08,0.02728258840700456,0.06430725804973045,0.042538354253835384
0,41,0.6718686634131756,0.7597009435184372,0.08553946082552666,0.6605615837637306,0.3396280827079558,0.229047246813818,0.7758005717557918,0.46652332979490524,0.7235115338776443,0.7444296690881739,0.535127629398059,0.667273401728834,0.3698568360581163,0.14340740087909454,0.4095901055906457,0.08553946082552669,0.26169028992527776,0.3113707612572403,0.6536131118921369,0.33845924125906773,0.5157588113296127,0.49809104402601234,0.10096141856124413,0.9543346177797243,0.10096141856124413,0.20537008126277095,0.12911393840208943,0.8990385814387576,0.8990385814387576,0.9495192907193832,0.9242789360790695,0.14349463305652976,0.9538387196083565,0.10096141856124413,0.737433209717058,0.27268714138556843,0.6283112855341063,0.9661653444425483,0.398394169436454,0.7374332097170582,0.6352363377556977,0.49568371687372753,0.309505968005358,0.2527541723464347,0.4850511270856378,0.6168854300962322,0.13985919524235468,0.20998978036441213,0.03283845297315466,0.0868904707506588,0.7074212859891471,0.7349769604289957,0.4690588962115947,0.3388989944057387,0.05638805259620801,0.3101129677182781,0.47309985865811377,0.07040076382240715,0.6105182000486145,0.21598976962048644,0.4952064184753224,0.5821764442454097,0.013979331919627747,0.028962052166876234,0.007655998212081653,0.07364455992884927,0.5431845205923683,0.25044559866877397,0.12090430796062182,0.19833935060002844,0.017698467820530642,0.7491117521536704,0.3704379562043792,0.00931327022541109,0.6010968093417964,0.29953389840293143,0.6365927727149665,0.6172542828351897,0.20780007255770136,0.4978515842555552,0.6501283851456177,0.6606087501973554,0.6270362748824936,0.07443333183062241,0.08806852118789171,0.2825122681037785,0.5208630537159024,0.08762277123316636,0.0011317637622764287,2.326506654234466e-08,0.14524974777923652,0.04735038637340813,0.10444164182350119
0,11,0.8554219767702476,0.8901156645444511,0.03521451852639849,0.5830905917649578,0.2205203933080595,0.14198253450037474,0.8921868821685466,0.31185122272011934,0.8807293690929698,0.886870781544643,0.8377072146845587,0.3471306143338977,0.24915786536475915,0.5406688448106278,0.48614035940685973,0.035214518526398494,0.2608516705294649,0.14951642723289338,0.1910308226029082,0.07136959801107347,0.7386504739180626,0.3605236546139379,0.3507545892470312,0.7949556520671539,0.3507545892470312,0.5230202044786374,0.4220664777805946,0.6492454107529699,0.6492454107529699,0.6492454107529682,0.6492454107529664,0.40456245306467087,0.8549783560891855,0.3507545892470312,0.2791370506365457,0.19229891086341416,0.6797546368503191,0.8353527751233113,0.2742986907621844,0.2791370506365457,0.6594264144470756,0.3837834028772726,0.049563476290726216,0.26130013841921884,0.3798937263497874,0.18227020042377046,0.048785001230694264,0.027723936041355396,0.08201487339308214,0.4962995742914039,0.7135403372208236,0.10295378888409762,0.23760445007869602,0.586959879191406,0.014230066433768474,0.7750203217361925,0.24396522650647834,0.8166503116274675,0.12877196333078686,0.22378165898238733,0.39396443935829784,0.15482054890921892,0.002959572549729896,0.00228864607000206,0.0072439444310984195,0.5496423775725521,0.038219806352981146,0.08303675303314248,0.17479813708257547,0.040585388478269854,0.17265014460246417,0.7628223446988258,0.6248859489051096,0.0016284415325341466,0.7242234117356591,0.031296375592691536,0.22275808576540634,0.8501808590872315,0.025835605174380376,0.38902093020460476,0.19429729384733213,0.43296813726536065,0.15654400852939906,0.36479095535483386,0.4842633813024122,0.6398514413810586,0.21579106165145973,0.8005777826655721,0.0031880066220698836,4.798979931864024e-08,0.14734365930687032,0.38245109984193915,0.04845115170770446
0,11,0.885285279418986,0.8564751658576899,0.04733378039868624,0.5099193781620086,0.1372139108609788,0.2195534908838898,0.8611521099515427,0.16706002400634853,0.8645777684987984,0.8645262205052089,0.8593510045608924,0.23905153103631713,0.1408370693981456,0.4915584356191596,0.5307317603918978,0.04733378039868626,0.3853313637539174,0.05056765595983845,0.08678288933770661,0.08174382272338872,0.9427419745834664,0.31057078677660166,0.2799411377729843,0.8089870401526829,0.2799411377729843,0.4431991355088578,0.3422639102043044,0.7200588622270132,0.7200588622270132,0.7200588622270168,0.7200588622270168,0.3751021683340061,0.8394346277968692,0.2799411377729843,0.12884269058831088,0.3132268501878889,0.5945829266607497,0.8466197480135211,0.4637142823725756,0.12884269058831088,0.5798961937473086,0.3286075771208205,0.08257752708108226,0.3915675035696604,0.3129006790479126,0.08300205121882047,0.07345811482255386,0.016086197023565327,0.16802892058631824,0.7706253219867849,0.6703320508223178,0.14287126489214821,0.27004001737345373,0.48021416068915823,0.02162812024044737,0.6101506516405714,0.1235643357497525,0.9814984640823022,0.1584515229016508,0.2940801751735339,0.358284896560253,0.10280573998714929,0.007379748926728369,0.0024934797128027134,0.027849298100635193,0.7009482981509436,0.04846714573747608,0.09224538677513006,0.15546436011013187,0.042133348931244416,0.14664358259450286,0.7655229688827958,0.4543795620437959,0.003988960828977159,0.634526519910691,0.05108443702369607,0.3279833042908744,0.739388638083259,0.047488493879572206,0.3235060611059379,0.08516388984471256,0.5279348322373898,0.07108761739982372,0.6418205717399518,0.7739436524619976,0.45931139447162306,0.099507183313896,0.9750686838863952,0.01687358970897367,3.7328247395712165e-08,0.12282308443321774,0.24649394814145392,0.043488593155893464
0,11,0.8124234798650665,0.8718720860423459,0.055168044810782454,0.7116157781916671,0.2784658522924981,0.19655379372496656,0.9868443722779537,0.44306870401246023,0.8599383016537014,0.8587950766474255,0.7777060525201036,0.6654087299351316,0.3009600729737104,0.49805381747902755,0.7989154431197316,0.055168044810782475,0.21999529728841816,0.3474126370843116,0.5127912026819448,0.23850908917984898,0.940291842677524,0.4620379321913138,0.40537953390549875,0.8134445515877124,0.40537953390549875,0.5776332139927775,0.4808145609456242,0.5946204660945007,0.5946204660945007,0.8807707253219128,0.7567722796566994,0.39771508039092485,0.8987662800646924,0.40537953390549875,0.6197157415876655,0.1597117356135192,0.8185369050280408,0.8599764337029241,0.2802167677119439,0.6197157415876653,0.7960150074928969,0.48787277585341626,0.0794312070923183,0.17861166348407087,0.5657850332997734,0.5153928670226634,0.04521485441094651,0.07661148921282804,0.01250948359561408,0.12125184079934774,0.8588105690563315,0.1691069254595163,0.16715997746034517,0.6124172014963795,0.01577149139826222,0.7128898422588638,0.6492612921723497,0.21033502717399008,0.17005955274671852,0.07413656033090765,0.768689443285875,0.528437080161218,0.00324683895511954,0.005830102981488983,0.0017803721002875735,0.1214097623075179,0.05134580045400497,0.05232922005534393,0.04070299633721926,0.0470700329915009,0.025107057400764986,0.8644576165361534,0.6012773722627729,0.0016800318264164238,0.8200647060228158,0.05128934413733647,0.14956147900475258,0.669525628633417,0.04381860205180449,0.5005797878478019,0.5140757251428684,0.3951482617805071,0.39956316753685894,0.07333858377091039,0.12063280957576428,0.5104875474220231,0.5315558404109346,0.19053289995484857,0.0008592192493007302,2.7399398174285083e-08,1.0,0.08721109211503776,0.17653315731158203
0,17,0.9300304026043658,0.9352367468133957,0.3322317809219211,0.30838484962542756,0.17155727532616202,0.1675519700911688,0.9565381932451344,0.24995025420241138,0.9315908251523664,0.9312066464785442,0.9110335178628661,0.3477729180667002,0.18669528160860763,0.6738076410936582,0.5846264873462897,0.33223178092192124,0.6874166308598779,0.11069498016469005,0.28096526393416676,0.07512091555394941,0.6968711965717361,0.1598183643083757,0.07825905486951483,0.8924713092420995,0.07825905486951483,0.16652289033032844,0.10050858388771924,0.9217409451304839,0.9217409451304839,0.9217409451304874,0.9217409451304857,0.22144497931652596,0.7674178277667487,0.07825905486951483,0.4031686697845397,0.6764261329908345,0.3139468991637905,0.9136562372657483,0.7911298843343514,0.4031686697845397,0.3142036131980407,0.16317559259890396,0.31089424846691294,0.6307000078655709,0.18992118105000272,0.2622375479332213,0.41072284852443963,0.2439110436583942,0.2272367133544313,0.2753112454825847,0.8110029409208654,0.2830125726391889,0.0,0.010085505925064964,0.1873777592096643,0.1289287298085563,0.16229101056445433,0.1887464156865609,0.1927319004524887,0.3371036911244961,0.33644859813084105,0.20462296324365292,0.4262919937943071,0.4247233262813306,0.43330012254146516,0.4047720934350514,0.020579895728528308,0.024815182225589823,0.038763808317326974,0.013311777006575808,0.03450930648455108,0.8342567432139764,0.04921587049215792,0.42887483889768446,0.32307565416702566,0.32950299735866095,0.8852043047174296,0.3738732321217879,0.30966895213665013,0.16451565698117046,0.2802710702522894,0.9948766942288705,0.33643794595432,0.27798008447839984,0.2560572963808443,0.026311159786646998,0.16394990895946354,0.18699033697903827,0.002465690920685915,2.5928362173623697e-08,0.03549468735951466,0.036712007242548576,0.033814639812052884
0,17,0.8906593052637093,0.8915340605483211,0.5487331745106772,0.5328922924886198,0.19933902818352783,0.10612651140267802,0.9198382647647598,0.23037408657527222,0.8944960555860911,0.896607593074801,0.8917922004221893,0.3047255100994136,0.19459669285406492,0.5734036804281025,0.6207264253105796,0.5487331745106774,0.34705891128875455,0.08362480119354933,0.2214180446689415,0.08707999368714217,0.6828660623406465,0.34267073183320773,0.06737513153266901,0.955657690461502,0.06737513153266901,0.14888167645929648,0.08686058767738397,0.9326248684673288,0.9326248684673288,0.9326248684673324,0.9326248684673324,0.12442148141608733,0.9199126500935874,0.06737513153266901,0.3178180880650121,0.3550796557542601,0.49926060756413687,0.9643938577983727,0.47312924707379655,0.3178180880650121,0.5062433757012024,0.3408270045042795,0.4841327752523042,0.35827423516595625,0.33002252305256813,0.21431704833852422,0.39530166514809906,0.18974717966832333,0.3507756189076051,0.40773868556823056,0.9076774214544376,0.6881819167809705,0.1054948438272234,0.016545613901184364,0.17621977125678118,0.05755543299564758,0.11797873777465111,0.23460898948412637,0.30204576545205825,0.2560989652006731,0.377562006237269,0.1787146293962653,0.5120676704318874,0.4331097087980143,0.8162108457582118,0.48013686713448933,0.0279982302353234,0.0021701659814749308,0.24488065101388176,0.10304153458410764,0.18694206115176656,1.0,0.025483894396629736,0.485503285698862,0.4826329036140221,0.6548791174846961,0.8652101545594719,0.3335885315769027,0.4514646279413547,0.34364922380492463,0.22181154477802456,0.9845983503491382,0.2661144262120464,0.4483374479838135,0.41123042000886967,0.03575789990599976,0.13210755583287226,0.3111459176485503,0.005997308748918478,9.718480360823011e-09,0.028886602699501582,0.06484106692534389,0.020095378533554985
0,17,0.9406374832408347,0.9275306881424281,0.9999999999999999,0.2363923729204736,0.15695321944437748,0.11051486771898143,0.9191768508407299,0.18872083852792712,0.9335137563089202,0.9323771422804337,0.946848283603978,0.19921284219650284,0.1594707808096642,0.6762827605895296,0.5762187836564452,1.0,0.7793991087979495,0.06030425785902777,0.2930525601439229,0.05896096867192198,0.7249400694016702,0.11153210067728493,0.05915102981981626,0.8838044346978975,0.05915102981981626,0.13417798471176418,0.0764224658974532,0.9408489701801823,0.9408489701801823,0.9408489701801805,0.9408489701801823,0.22695192565607736,0.697323292188233,0.05915102981981626,0.42013412393097405,0.7718628613334457,0.24031280311261424,0.9066968801488854,0.8583766797083433,0.42013412393097405,0.2405960293260143,0.1142834751011171,1.0,0.7163195085674532,0.14588934503443657,0.27347687933751214,0.4200762099768148,0.25561429282169146,0.21333851571551532,0.24425155497991818,0.7566585301529092,0.9512747843512824,0.07099475681893364,0.0,0.1883147206214656,0.021595137283547228,0.13029022655293698,0.14461915250104027,0.39739304812834225,0.346494722166899,0.3316822429906541,0.2068965517241379,0.9999999999999999,0.9999999999999999,1.0,0.39815845002877415,0.03388822829964328,0.0,0.08015035621795909,0.018265146837990097,0.08046619609027839,0.9971501765930649,0.0,1.0,0.25331590126684866,1.0,0.9154632802622669,0.29201250319413585,1.0,0.11610438727617707,0.2917550032744669,1.0,0.35008986544541476,0.24694659250503448,0.22557470617626274,0.0,0.16243146994520785,0.15820055132798988,0.004522143232551945,5.236728180283927e-09,0.023433036510570108,0.018393594609935282,0.01608932653420074
0,19,0.7789725091408758,0.7695606878385984,0.12083257371362331,0.06672752757471602,0.14429387151540443,0.11307304585141269,0.7841042147866091,0.1775452779706412,0.7710693325995159,0.7667782899495053,0.7641396436605576,0.2523053583020547,0.15959982981299206,0.2422101375340906,0.638370328251721,0.12083257371362333,0.9550415033597213,0.05052733095659902,0.31292764114426774,0.014784990594743851,0.7940021657262291,0.023564528920360456,0.018174180643565335,0.8354080130401,0.018174180643565335,0.05030362266208725,0.023703419496656258,0.981825819356434,0.981825819356434,0.981825819356434,0.9818258193564358,0.25450505735639406,0.41162273584763365,0.018174180643565335,0.4478691168904725,0.9489653794463528,0.07271518750192135,0.8678353528728221,0.9701593972502117,0.4478691168904725,0.072769104412857,0.024656975481599924,0.5596309564051726,0.9451360988238966,0.028215047739787842,0.2992994084128891,0.1458552466301395,0.10481876254492792,0.06580185186456043,0.17289145959460744,0.1972017445832704,0.8231042164523215,0.7062578841035567,0.28324810378556486,0.03811222753351459,0.15185614293784588,0.19949526724681826,0.09901411442866431,0.9660204991087344,0.9159586834062371,0.04265460943809842,0.28735632183908044,0.018704978282892696,0.01938524571134134,0.017771938495662595,0.16410895837329756,0.8744550138723741,0.53521690744381,0.04282989980343094,0.03809066136252559,0.01048121819851066,0.3027946144667278,0.2864963503649626,0.009946181848767622,0.11296374259713671,0.3229155842381946,0.7822206406467005,0.5066116454221024,0.38903593995208346,0.02366209255472436,0.31131311246833326,0.7097201182851216,0.3101926097013048,0.15826532708774266,0.17366027698360237,0.1780533051326566,0.2307038472976315,0.14921025036273755,0.0004646456523958068,1.7452458916082707e-07,0.007648337726539605,0.001088718949975895,0.15926892950391638
0,19,0.8642922491570528,0.8653990163746801,0.05702137642388929,0.5604164838044818,0.17941308969488942,0.15408480825910248,0.8970904800559684,0.23728692769732287,0.8646495778423214,0.8647725989009447,0.8538460602364069,0.32723265835164983,0.19159739488461977,0.4944429909876623,0.697077601271455,0.057021376423889304,0.30022479554478665,0.0931061995718562,0.10292223287492883,0.07377361283746532,0.9153988828729088,0.3332847772130857,0.41173629732119527,0.7452289200462723,0.41173629732119527,0.5857980377854358,0.48851262590588174,0.5882637026788036,0.5882637026788036,0.5882637026788018,0.5882637026788036,0.4673610541945248,0.8191029643550731,0.41173629732119527,0.1541490067170208,0.21420822102089726,0.6815880632175614,0.7954230305974763,0.343804830507887,0.1541490067170208,0.6542898066748417,0.3626641233838322,0.09536260925747794,0.2809938082993183,0.36976579479685123,0.11376660402273554,0.05130907021894077,0.012370992116454337,0.1316845758127751,0.68560803277528,0.7860025557494217,0.16328213135415448,0.1074756863985713,0.6013074886328823,0.02309193208251182,0.7676019453644279,0.21338669860226456,0.9062224882660274,0.25436298598063306,0.2498635024351341,0.38072677375531633,0.11982425775529218,0.00424495750153898,0.0014055344962198102,0.01685715398427573,0.6514431177772823,0.03735899990358968,0.023078726623889316,0.2256342901223483,0.07927270583379033,0.19079190994217488,0.8859266665551169,0.6564612057312788,0.003647179874854966,0.7689707460667669,0.05132597636095065,0.09813871074565039,0.7606792296769365,0.05122566867474517,0.36829847287388934,0.10718236745808866,0.41256122753291513,0.07309407899406026,0.5615975683643957,0.7154984988094005,0.6452407990230905,0.162918852766598,0.9933757112293876,0.29270457657518434,1.6912975731524417e-08,0.16866257723887698,0.4093040888049994,0.02539902845246353
0,21,0.9066689726364506,0.8740692236006694,0.1319482593266887,0.5863298175083579,0.11404620864617847,0.1829010951957225,0.9078332396401443,0.14827065074822524,0.8847607141624712,0.881771636062596,0.9214665650065837,0.22264723894369923,0.1168433359403426,0.5450564009126023,0.7237570074892169,0.13194825932668874,0.255168955139335,0.04369159766825125,0.19116023059141984,0.0718892722998538,0.7382195329983848,0.36339683783464627,0.3223408074826425,0.8115550060384795,0.3223408074826425,0.4918495169555255,0.39037762629287664,0.677659192517357,0.677659192517357,0.6776591925173605,0.677659192517357,0.3805017196498066,0.863903670179038,0.3223408074826425,0.2788428490168239,0.1998092039786465,0.6683544327643922,0.8486817822072799,0.2785874259064345,0.2788428490168239,0.6509623981485688,0.38403187401364663,0.16410246426935912,0.24704171648988993,0.3872264541873273,0.17412722509710427,0.13347367071022564,0.06955665436294123,0.141252338206104,0.5188025403771398,0.8281473076186094,0.2816183087294679,0.10055663133692028,0.43017598709026517,0.07610988140793519,0.5670181872295564,0.19844457339229188,0.6772811617928829,0.3477901855929538,0.22470950726671168,0.39349351615302525,0.15647638365691102,0.012829400405542882,0.011304943473779588,0.02037561087114709,0.544825718509157,0.08393369238301741,0.04530918864398915,0.24176583813638935,0.17334356018709465,0.10044086044823405,0.9410376367390721,0.4337901115548818,0.010326213915654877,0.6969193067214076,0.12589327613253418,0.3419432631468686,0.730206664979441,0.10149423718656199,0.3920117983957564,0.1917042788811229,0.5768254362124157,0.1795042150878697,0.40071360671461687,0.49114619857909425,0.45753950761369,0.19685073919059481,0.6306778280832158,0.009751712651650798,5.253192424537257e-09,0.13209737946365344,0.342173407167647,0.016474189150955477
0,21,0.8836108931299964,0.8576536961339115,0.06507666767250199,0.4378063598631935,0.1133161647544167,0.19872682872703717,0.8884256875181348,0.15084694301701168,0.8627339220696677,0.8546153791952367,0.9209450265398389,0.18163328894075062,0.11632736710924732,0.48629804300575397,0.9146773566097534,0.065076667672502,0.5005227210842127,0.045289714974023995,0.059701481729927175,0.08338850292488918,0.9524628372396394,0.23978475170832897,0.236832341791543,0.7920953597492435,0.236832341791543,0.3936068889823323,0.2929278023098401,0.7631676582084577,0.7631676582084577,0.7631676582084559,0.7631676582084559,0.3870164873576998,0.7906250906799617,0.236832341791543,0.08938253480866354,0.4591443947506115,0.4985930493154137,0.8330560076326291,0.6198711209172459,0.08938253480866354,0.486037181180496,0.2555740343995381,0.1144991328593848,0.42177352946004576,0.2973665219016522,0.07660169409074936,0.09045339647586263,0.012967264780339091,0.21314395864443852,0.7883125939742031,0.6934187060300889,0.1753687545309607,0.1983213881165452,0.4303009032966624,0.02726057520923214,0.5238809018712322,0.14313841063560084,0.7981363049462183,0.24074952561669832,0.35883234224788674,0.3254203662462194,0.08580962974733833,0.006333605022703662,0.0016406417423571959,0.026062383256390043,0.750388297246957,0.11650876452763607,0.1584166661552879,0.108588097578118,0.08817164487576701,0.03390388319178791,0.7256830975016096,0.4543795620437959,0.002652107733292509,0.5356993112585416,0.07580817604948852,0.43411504695681913,0.7115248378669325,0.07548880117339299,0.26287973321818925,0.06318611182027063,0.5752878633314884,0.04780381452647009,0.7312951424191109,0.8322807744072885,0.40588044828008873,0.10217824302316282,0.8963810086638467,0.008664972710265893,3.363592862034162e-08,0.097845533840409,0.16926952852715038,0.03818068015856456
0,23,0.9346449027701721,0.902289909884694,0.1516868339355009,0.2784564434493169,0.12296206802722238,0.1873041048170041,0.9216647429070022,0.15763042743800373,0.9131844007531082,0.9095203127402371,0.9177356023083519,0.2596332393316052,0.13075153307792775,0.6212282021536013,0.5713255176401364,0.15168683393550095,0.726757851307918,0.047043845899674086,0.28635598324135547,0.06605695942442916,0.7121210598635909,0.13474550379131114,0.09870633517205067,0.8424719711105828,0.09870633517205067,0.20000756565747715,0.12605708118359554,0.9012936648279499,0.9012936648279499,0.9012936648279499,0.9012936648279464,0.2905084826343993,0.7142528299163318,0.09870633517205067,0.41122361482403413,0.7114183792686,0.29612416052130863,0.873507594535435,0.8174558395459331,0.41122361482403413,0.29349934249189386,0.14052259462882147,0.24813213312158489,0.6670514154916058,0.17122661723681543,0.2671422693682124,0.08607328846443617,0.06493252876358627,0.053872909448090825,0.26175713587474264,0.42248799730488945,0.41403134725325663,0.5608669614167272,0.40402237704636745,0.013490774125394496,0.34188335411227544,0.2188769226960245,0.2988430036021126,0.45673496671395836,0.49452200798296475,0.25655198184557043,0.23524680808283904,0.006809114739366784,0.007084330644908385,0.007452400474403566,0.3156903659219299,0.3266883447790531,0.28333006431257396,0.1882908690868441,0.04297671228059241,0.18672057645602916,0.5494906169442924,0.4229014598540136,0.0022706455925827936,0.3608472475215926,0.14039333103373788,0.5534205376351629,0.5968737137080398,0.16107781365799695,0.14380999133345937,0.2853095972192219,0.5929481243785979,0.2657740130401389,0.1940160131405354,0.24268318905444897,0.3462704537274214,0.23528037760745163,0.35130744977504463,0.0013654197573428335,5.7930182708977795e-08,0.03927706719298256,0.03874517685879192,0.054399524375743157
0,23,0.889998887897143,0.907072253136538,0.08987924006963298,0.5985954523273284,0.2537196723307144,0.07339432716536796,0.9201483011871557,0.29942122417259026,0.8924213961744862,0.8823017458137044,0.9101933723246199,0.27060978787850554,0.26770332228390636,0.5700390746093299,0.7136685364616038,0.08987924006963299,0.23352051592077216,0.12073562516454739,0.1788141283098037,0.07095373219085678,0.7637670278029698,0.3875031237536895,0.20296637400487733,0.8852446163963983,0.20296637400487733,0.35158932802889087,0.25328897718857,0.7970336259951232,0.7970336259951232,0.7970336259951232,0.7970336259951214,0.26701129447943117,0.9061318999449268,0.20296637400487733,0.2591713034932439,0.2108615489571663,0.6281799131032415,0.9078533222667472,0.22747213457964077,0.2591713034932439,0.6233516485177965,0.39683317191401374,0.10961830046508218,0.23990937545008495,0.39089442782063877,0.1683729414204712,0.061568705166681156,0.030695524895114762,0.10060420079996,0.5347043999835338,0.6279921154599994,0.28418455017523275,0.4953672739310908,0.49423658676498705,0.008828558105879578,0.48298966253415887,0.17639832772714154,0.6329191269299059,0.27824605451936874,0.23358775948867228,0.3889874184814335,0.16580559894268893,0.0034626115222542286,0.0021998310485848325,0.010019659909520877,0.5176879564690524,0.30451553029204487,0.3234259504737771,0.19419424680966427,0.06032765368112938,0.1737188242759744,0.643471766354872,0.5479144942648586,0.0011094401868997573,0.6555195250074001,0.08586865849252785,0.4263953367496931,0.6646812712595214,0.06267178721669012,0.4034055817901068,0.1790874940734527,0.5085199790544384,0.15472255783175434,0.4186024083001447,0.5246357948915149,0.46874769132539906,0.179562886622879,0.7059694133455214,0.0046142324994919385,3.725159082897087e-08,0.08082754000321692,0.21634026675429244,0.040603505657865524
0,25,0.878114468421957,0.8834540332390566,0.12832051801403022,0.5885598888303611,0.1999134834109965,0.10711760294151544,0.912561862022343,0.24342618160514604,0.8755901989613499,0.867444445435009,0.8857930401300751,0.3003198119552677,0.20870860299373978,0.5235445086390604,0.7721327222441257,0.12832051801403027,0.2512482734733218,0.09253816615284281,0.12375168679952891,0.07473905703918077,0.8934083618632326,0.3819086475147281,0.15175074629401475,0.9119515645471896,0.15175074629401475,0.2822202460430261,0.19177577428400927,0.8482492537059851,0.8482492537059851,0.8482492537059869,0.8482492537059834,0.21773891015401492,0.915617818532715,0.15175074629401475,0.1795547243645471,0.24474411572948135,0.5926226796853088,0.9292985605397552,0.297869641091285,0.179554724364547,0.5926436657601529,0.3867563642593643,0.1409953993192168,0.24836080616638667,0.3865480813885002,0.13000577701503369,0.3590126533610359,0.1080964612166331,0.5092939162214458,0.6407313698300555,0.7078084322646498,0.32665918988468606,0.35049785425813695,0.25240403254611976,0.27455817162737284,0.28460516529533986,0.13142579274097538,0.5050769350527096,0.2520053475935829,0.2220175263891655,0.39485981308411217,0.14778325123152708,0.03422074357922368,0.01715900605922616,0.10141497206769454,0.5701131785919815,0.09035296326428437,0.08694607089265755,0.07352513539240486,0.05850464423308807,0.024896521353306132,0.802626407605821,0.29271424709380883,0.030298928664177324,0.5791491632510851,0.15191093638019712,0.624317423496666,0.5838189448582101,0.10301311739397696,0.3940752911588951,0.12613820100416984,0.7478044379204616,0.1295868065394194,0.6377919764798528,0.6651827311315872,0.20552675449013613,0.11056265149056725,0.6070537883998299,0.01992010274037151,2.7613776788103085e-08,0.0638485174340586,0.16609308648506504,0.03348581884720948
0,25,0.8433904264349601,0.8800238653902606,0.04902827764545271,0.5949463680001531,0.3026327663628207,0.07551102848231879,0.9048271721803056,0.3203318919869109,0.8676118195885285,0.8684428531649002,0.8566085219474568,0.3387533170142587,0.28176391785455257,0.5058266759905217,0.6426567329675783,0.04902827764545273,0.23998253139796966,0.14900212110521185,0.1296246358904053,0.07209665248943357,0.8784353192360042,0.38388319992726766,0.1995821380038847,0.8860506737627099,0.1995821380038847,0.347808721680971,0.24947488050631844,0.8004178619961149,0.8004178619961149,0.8004178619961131,0.8004178619961131,0.2656767453886101,0.9052785030860138,0.1995821380038847,0.1887612930547009,0.21884230784858222,0.6231227903657387,0.9085005730190485,0.2542680453206334,0.1887612930547009,0.6185349999818355,0.3929920925148109,0.06865146384779823,0.2431508039955933,0.3892274471795234,0.13365675531842575,0.061455520954044954,0.02128153125332566,0.1275309786163245,0.6306419568519831,0.63944652947313,0.17659457835340645,0.46556890200658585,0.4980608847856677,0.00979458735173675,0.5035730292766866,0.1803585413245129,0.6484882835433776,0.18883689839572193,0.23034314144564283,0.3906342027181704,0.1324953286903346,0.0035442059319844748,0.002102503768531978,0.01078842132888322,0.6145842290824662,0.09840501865595144,0.14351571273016134,0.3912811943984205,0.29987267310045673,0.13882276465770207,0.6988079824681535,0.5967153284671527,0.0019952921123615134,0.648475109858872,0.054326526783468526,0.4192892813357447,0.7191672901400723,0.039086218431597985,0.4000045604095449,0.13241611259726277,0.5088965602584181,0.10844884083236814,0.535351540916847,0.648518840279622,0.5809201523489017,0.19646682965264145,0.7920537259552688,0.008525575753184609,6.265505250918804e-08,0.08349592159219558,0.22141573933204275,0.05986261040235519
0,27,0.8737862175777023,0.8691546199373619,0.07241666605915452,0.5791448440049447,0.19966077771700136,0.07015380382494212,0.878387064315635,0.2152743713338466,0.8682850155363929,0.864497845090509,0.9169040714430456,0.16754795969548672,0.19941521163518128,0.5025117370815222,0.7389588829631469,0.07241666605915456,0.2677543840320893,0.06736182196251417,0.11651233902514116,0.07618134803660839,0.9062285999370112,0.3707747069770723,0.18224743812408106,0.891953516497243,0.18224743812408106,0.3234998769223051,0.2284124131026688,0.8177525618759169,0.8177525618759169,0.8177525618759205,0.8177525618759205,0.2527227172926366,0.9030002053207774,0.18224743812408106,0.1697151194545241,0.25040084136780644,0.6003261184804233,0.9132404582435012,0.32898105344932504,0.1697151194545241,0.5970618298485129,0.3786253730859485,0.10027558519671649,0.26528932119696846,0.377842195559885,0.12044582712162709,0.08734147322300768,0.02549010885266166,0.17039230784148568,0.667150119685305,0.6869393903568652,0.2247435030243902,0.3773246449146377,0.4293780375051609,0.021375660759643353,0.40755556511903246,0.13577213020664924,0.6611234700259249,0.19481951871657754,0.22547522627188032,0.393104880581516,0.1379310344827586,0.0090612477937323,0.003444538033378966,0.03233381977599996,0.5987723000191828,0.15903686087990487,0.2324253486848263,0.20319094654640987,0.10920940830441098,0.1275385220114376,0.7023593442906568,0.40477770404777647,0.004491788352099523,0.6058875555412465,0.0850858044627021,0.513391284540542,0.5906607222868363,0.06151800575523003,0.38538796518167034,0.11871330099565995,0.5670683855741188,0.10229035495939412,0.5887584919874668,0.6848911519167239,0.37799734895909165,0.12999410814694112,0.7624633795878036,0.021323738073655965,4.751343026861023e-08,0.07197145129328393,0.18078097058778975,0.049233252623083125
0,27,0.8322117516512427,0.8432305976767284,0.0546931372441388,0.35641719115096904,0.20453235818426743,0.07995042412189167,0.8599407355436073,0.23346742002462864,0.8414106429804321,0.8457438482242314,0.8739200313007975,0.20888783820141485,0.2072371155743805,0.4317112221699563,0.6074540108213301,0.05469313724413882,0.6211520336899188,0.08002590505977297,0.04182259136038871,0.07745245389412722,0.9404978900772808,0.18191045201125355,0.15508939050427642,0.8181338678994396,0.15508939050427642,0.28499860055560416,0.19541238109290315,0.8449106094957237,0.8449106094957237,0.8449106094957237,0.8449106094957237,0.3368231818098052,0.7563092292607174,0.15508939050427642,0.06243252968758006,0.6004707165979959,0.3877678119281969,0.8539644996251151,0.7364461792550222,0.06243252968758006,0.3813547881748305,0.1916755388235203,0.1222315978510659,0.5356875935283223,0.23878354316663636,0.05659070028551978,0.09291697953987473,0.00958296586209656,0.22814552323769555,0.8436126160025527,0.5768044313326075,0.18859271520377807,0.32308655624664906,0.4068641246525039,0.02301696934269834,0.42795522539994446,0.10943727502017668,0.7753564407959075,0.25388131792306373,0.4041674291596522,0.3024108454005271,0.07627522644207849,0.0062497158650488,0.0012497880183556926,0.027157806152595644,0.7781229308861839,0.11938552414560237,0.16279991268572905,0.1594110169185331,0.11308554620145699,0.06821275866600872,0.6944735753000424,0.47256690997566886,0.003042415268880589,0.4578392269530348,0.07552513420515507,0.48456032922760217,0.6660566723912684,0.0819167365650946,0.19939135676007186,0.0446515190196579,0.5953232145219312,0.033841927567344304,0.7795010877164139,0.8814784139144839,0.3693229819088967,0.0824912222622299,0.918151110986143,0.0038681282799645717,6.146104296529822e-08,0.0649946496875922,0.08630523286961606,0.05869146889031427
0,29,0.8443870589088194,0.8569170075417907,0.12766268547011841,0.4429029641481139,0.2346077991980045,0.06815912894549468,0.8594370779411843,0.2592503122021716,0.8411297716267041,0.832171459687608,0.8617658412524463,0.23077487780680025,0.23821849027421388,0.43187408263577365,0.7668283856379763,0.12766268547011844,0.4926326771075835,0.09343519960733883,0.06213825149597377,0.09005712697041489,0.9631924152027173,0.2543994420550397,0.10925882249935837,0.9052242152349299,0.10925882249935837,0.21878903220044252,0.13949020714776053,0.890741177500642,0.890741177500642,0.8907411775006437,0.8907411775006437,0.2165216195883335,0.8527869684953387,0.10925882249935837,0.09071578484013232,0.49260713352688273,0.44085581177797195,0.9238966101509417,0.6390806461313273,0.09071578484013221,0.44128949083696906,0.2583645919163742,0.20539649190127166,0.4313461331499606,0.2924435859762963,0.07538015593054943,0.31390241238563515,0.055559465997616096,0.5650498745475161,0.79168829274384,0.6115057111833904,0.3968591945543322,0.441300624964154,0.19366607697595783,0.20992588509236199,0.1848926668568852,0.07792782724912191,0.5416935802660933,0.2443083516829192,0.289317048327819,0.3607023898069398,0.10431758910460734,0.08943433494502037,0.026502962083070493,0.3327368601205811,0.6965504790061047,0.1311463943484647,0.16009071749022713,0.033845491680553626,0.018095455536852358,0.022735407754400975,0.7470767482747294,0.18983631939836354,0.08714908284043632,0.42118866436508773,0.20028196060651465,0.7559712647131123,0.49389403897006234,0.16754844933701946,0.26703233983957203,0.06452642328312484,0.803174829770207,0.07067130596817803,0.8222004940788896,0.8287230938644128,0.13455878202511729,0.05640505924414861,0.7053321995798534,0.008977255883891871,3.3482415934417854e-08,0.04609906246045773,0.07951441114579262,0.03877940241576605
0,29,0.7677648282659029,0.8624176914613962,0.031636842425172375,0.6348142230381184,0.3251864274106222,0.09645346034629913,0.8865633269437134,0.4240051297647669,0.8332866008580155,0.8411155687358418,0.7637703400014151,0.47473534975671006,0.34843240610533716,0.4231348194047002,0.5363718964359794,0.03163684242517238,0.30784348046977317,0.26882388799567175,0.449414932696631,0.18771688860405852,0.8900048308172414,0.4037098013988362,0.18975546689985362,0.8965769732357318,0.18975546689985362,0.3312442647069705,0.23674166436923536,0.8102445331001462,0.8102445331001462,0.9051222665500731,0.8576833998251097,0.24147986244597397,0.9256184630159018,0.18975546689985362,0.5628912060909457,0.2836116122074,0.6593938460846276,0.9357193691221559,0.43425547280417265,0.5628912060909459,0.6570090396195309,0.4114762196804071,0.057462733323365406,0.29937049717052167,0.4213942079700115,0.42432588135195415,0.06962384923394767,0.08763421329457766,0.026643887604597218,0.15739533374972214,0.6836713946255859,0.13351455113120916,0.43345113757582077,0.461522065451235,0.009705305744865623,0.44597866842235423,0.39522720172671366,0.1928464393137068,0.13707983193277315,0.2661208412197117,0.4369423781973849,0.4222378606615059,0.00421148821084013,0.0066928458465198,0.0030025668446048005,0.13567729029075662,0.1210293867844403,0.2692949125732853,0.1841709387991984,0.197694652439535,0.04086690584549607,0.6151089407413775,0.5118132923549743,0.0013621057766979641,0.6582651568440111,0.04499000226783563,0.45506952862619476,0.6582000708987745,0.03427552030905996,0.41182549674297697,0.446515190196579,0.5402322806448594,0.3996586117129094,0.10978794803335647,0.14956871420709345,0.42961997045776223,0.41915317956193804,0.1961304349439506,0.0005678618897017143,9.645698802596027e-08,0.24549228360261158,0.0704995926968053,0.2277377181750791
0,31,0.970460321234885,0.9752982684622126,0.11120010723013109,0.1278632881326511,0.23781649845753647,0.1608341027625778,0.9594118444790879,0.2671516829676918,0.9643288800618204,0.9606253644139697,0.9387464171872784,0.30160167189706066,0.23348970128114854,0.7612303956047046,0.5725100734176316,0.1112001072301311,0.899410825773904,0.11302331264845286,0.3079672371448447,0.03207515931959772,0.7687326464467401,0.050925710157106924,0.0,0.9999999999999911,0.0,0.0,0.0,1.0,1.0,1.0,1.0,4.474198789239381e-14,0.5990842400102919,0.0,0.44046797015677897,0.9090483612893727,0.10209728819353134,0.9999999999998895,0.9458538370104906,0.44046797015677897,0.10511226296030762,0.04975014133141928,0.14149430562374107,0.8857270955027856,0.05876752084041473,0.293048033865109,0.2627974106153912,0.17202452552705413,0.12035413014886044,0.19016702089678306,0.15704968878485143,0.2448702121551302,0.8735016942062528,0.2495155072016112,0.15589388439374294,0.10686618010404636,0.17996475080132235,0.10049090189883811,0.23892045454545457,0.8521833300139415,0.0750233644859813,0.28078817733990147,0.026338478339085595,0.026926783826018763,0.025745629852487236,0.18321503932476504,0.2742271105826397,0.6472198820556023,0.0012189349276704865,0.002675506892307988,3.5950655807121586e-05,0.23481201334477358,0.2725060827250603,0.01841881943738172,0.11509177388466574,0.09297645830899798,0.8613588066518039,0.48851857810384525,0.10289780893046967,0.05294105738421863,0.30539954046464124,0.7436309094555558,0.31147410683840726,0.17713336105333122,0.1893570763018947,0.1423979981352561,0.21585369873518767,0.15515233621226487,0.0,1.0,0.0,0.0,0.0
0,31,0.9056351149890502,0.9084639952789682,0.08437232949997468,0.4714762060840473,0.20276415165479875,0.10646962109031598,0.9327789614835442,0.23524871903168035,0.9048368778002063,0.8982583441946644,0.9132272378527044,0.29220840860369635,0.1994985032262392,0.6011802969349525,0.6802000116123799,0.0843723294999747,0.44768519748943714,0.08707342092548494,0.2449612075976284,0.087557746873525,0.6725487017215939,0.27089581668510143,0.17819921890700238,0.8574561421612659,0.17819921890700238,0.3203520438986497,0.22410565211912975,0.8218007810929979,0.8218007810929979,0.8218007810929961,0.8218007810929961,0.2996721601686829,0.8411297365545165,0.17819921890700238,0.3533599225699422,0.4305300612861704,0.5005856532553487,0.8855396364105028,0.58538094865561,0.3533599225699422,0.49484228179781437,0.28068758340018074,0.11468617623805825,0.3905127637636102,0.313443103726851,0.2217146132346453,0.07080044953227695,0.0489864345639417,0.06743663027685562,0.38729564782141257,0.613038727257162,0.22421595470102978,0.3927169336224975,0.4726724805064396,0.017316165146508612,0.5297863031099194,0.221391326007648,0.5508048612867674,0.25038992869875226,0.2604364139748857,0.3753605630552671,0.18062397372742195,0.0070820387622715945,0.006990046612124986,0.00913544393935604,0.4745827738346441,0.12509908838684103,0.14031379034187225,0.38092916226144524,0.1511386908164686,0.3006331247912305,0.7694879139097504,0.5423828584883449,0.005634494425830283,0.5751940511648505,0.07377508225128222,0.3916337535105108,0.7292066937444037,0.0713719830567945,0.2906886340287626,0.2433684435916229,0.5345915706915756,0.21989856930857118,0.27149501659085706,0.35401046658807267,0.5490435336003877,0.2384131381129148,0.6032980760888891,0.002043634987107957,4.834396006923293e-08,0.07563262104771072,0.1509356396476388,0.04734799482535571
0,33,0.8356960835879708,0.8275699174756245,0.06659394687431315,0.23502958297334536,0.13452369738948391,0.1617335908588845,0.856410017391823,0.1869711995486656,0.8287181751004524,0.8254431675705438,0.8509455212178741,0.24467939190585028,0.1396131222475744,0.39708948825912194,0.7374595682209897,0.06659394687431316,0.7810509658485785,0.06820238135156821,0.022870722419479517,0.05789632034484863,0.9045606055451334,0.10843403265819596,0.054222753555539925,0.8901363632838888,0.054222753555539925,0.12451777936428746,0.07009923507446579,0.9457772464444592,0.9457772464444592,0.9457772464444609,0.9457772464444592,0.2153589716225588,0.6948446564340824,0.054222753555539925,0.03362532430534504,0.7797964008717604,0.2324529195927572,0.9117813142252739,0.8636148112365035,0.033625324305344984,0.23307170355827353,0.11081317902969338,0.18785769488970233,0.7349381660517516,0.13631426381511108,0.029057502014631878,0.09706630131894604,0.006922678446239169,0.24463983317100801,0.9197001149898898,0.34240034798572133,0.31798251385769255,0.6672086724145112,0.3703424054180827,0.01373573195331765,0.2758741180804467,0.057047643552094934,0.7358442464504862,0.33218886728245023,0.5999355507602689,0.20305004162268397,0.044782803403493054,0.00853807203079027,0.001693420289441753,0.036528535044985176,0.8697312662399944,0.2553777969949195,0.3443665420382889,0.027280426122293564,0.02234561684217789,0.009528205902968484,0.44354632631178204,0.3704379562043792,0.0023599580674641255,0.2725199442485279,0.11064924591669675,0.6647419563836867,0.5711177879826395,0.12432801562964921,0.11523499889933955,0.02397831935743601,0.6250412845798363,0.020920080107193803,0.831397261391904,0.9363527041340478,0.24769269127954796,0.03946539114378522,0.9115995139343539,0.0012297995151752932,1.66308031092379e-07,0.021312558149847345,0.01679687113747213,0.13406593406593403
0,33,0.7031467906404922,0.8310420925290127,0.030335974582032167,0.6868408252920993,0.42681653592701796,0.09410308440652419,0.8804143289232995,0.5353725690113547,0.7726827026277923,0.7758875479313943,0.6857319173315617,0.6089567848589525,0.44504809779302207,0.2758687283494443,0.6680252171340927,0.03033597458203218,0.29616868375990124,0.395932382524385,0.29834810455437305,0.29221084563546895,0.7843109106128523,0.4592894972990984,0.10916936621582113,0.9465722297532246,0.10916936621582113,0.21707366466447905,0.1391227898967791,0.8908306337841783,0.8908306337841783,0.9454153168920882,0.9181229753381341,0.14707614702861493,0.9597228056046082,0.10916936621582113,0.40135082239298947,0.2972088463495269,0.6577008855056039,0.9681116872241676,0.4724353962632736,0.40135082239298936,0.6645483924886345,0.45851691152450375,0.08171049827862213,0.29863638836210726,0.45323163006487416,0.29426173045107684,0.08568249589436734,0.06490666890841706,0.0763658726321318,0.3095736750663041,0.6251246373033059,0.2120696014239558,0.6033675831051031,0.40367154400857264,0.009994943503485862,0.3114641660606283,0.2569797234730895,0.24558513155362346,0.18846553773024363,0.2871161970205248,0.4593156673461277,0.29556650246305416,0.005509978810692677,0.005646611754991807,0.008642318906195845,0.281752882750389,0.2526753864447087,0.4279592707000738,0.11811153374940937,0.10289675060913658,0.02957158357157459,0.5299672396313245,0.4543795620437959,0.0015996069760086404,0.5990158436651881,0.07402719173441229,0.6427508965221518,0.601868315649507,0.050950416213469685,0.46000707884377945,0.2981448387371287,0.5936787535778787,0.26995649387483067,0.2736181987918147,0.31904614004210247,0.3288685562471446,0.26957902058291194,0.32900222474207075,0.0005026638374680225,1.2637740089779372e-07,0.12300654420804383,0.043741432597302045,0.2849745095010041
0,35,0.7797935963561198,0.833328411155678,0.04750846801219,0.37250769324582556,0.25964235167956917,0.09246464968990724,0.8427473951438565,0.3368479415868185,0.8101044297396548,0.8097544269715664,0.7739392547718842,0.36068933779770507,0.28874591491523804,0.3548420299493479,0.6110661234498648,0.04750846801219001,0.6712083501965187,0.1656974500607565,0.35363821962975706,0.1036360539078402,0.8782167383208778,0.17450306243448085,0.17684128239460856,0.787956695888272,0.17684128239460856,0.31587741051087365,0.22188183083038218,0.8231587176053914,0.8231587176053914,0.9115793588026939,0.8673690382040427,0.36382873949568273,0.7650516158049212,0.17684128239460856,0.4818125838393901,0.6293165078611571,0.4266832846290774,0.8633924976506464,0.7640485427265674,0.4818125838393901,0.41891395980680585,0.18639768987070598,0.13841348758855865,0.5903230352396325,0.234786595266003,0.3404570046498125,0.09343681545410644,0.08285381712111617,0.0416173094574146,0.18454794537271063,0.562322065692487,0.2086985780984084,0.3609474305177668,0.40609448467584197,0.02229506644120343,0.4148528528453571,0.3223893778156757,0.22773479891099654,0.2258355614973262,0.33612162251875466,0.4211838006230529,0.32183908045977005,0.00944626209503455,0.010783489395331499,0.008475120974776644,0.23363386405780426,0.08769322235434007,0.12009735093138627,0.22070766194836589,0.07312003510529878,0.20549448809516446,0.6945110136230098,0.42027828467153316,0.005549855910664125,0.4456223577786925,0.0831636167181723,0.5299816339122652,0.6435971716633377,0.09188438315609583,0.18580000675455513,0.3518676601991319,0.5943982052409016,0.3227333428184477,0.13687207213289954,0.1731675121648204,0.3838086936598496,0.30639557617291197,0.283254771093562,0.0007212794773259551,5.280778652902855e-08,0.2165733133516847,0.029592763255883864,0.11707193579766532
0,37,0.7950327213625992,0.8295685223895015,0.050130197955032964,0.21229997219798394,0.22550214835023158,0.09270637644412776,0.8654363686290288,0.29134607235691,0.8229227313325198,0.8250786111436688,0.8130184090149888,0.335912998821137,0.24901040870037744,0.38606389906499705,0.5957439734121699,0.05013019795503298,0.8080884594517528,0.1294911261385017,0.019631187824923513,0.0517737517141993,0.8945240863779865,0.09404594872571867,0.04988745526806793,0.8836544115219704,0.04988745526806793,0.11593901230338555,0.06452925096542902,0.9501125447319332,0.9501125447319332,0.9501125447319367,0.9501125447319296,0.22043801563572862,0.6655897455072856,0.04988745526806793,0.028918874545388162,0.8076066091670533,0.20951856367017432,0.9065764140163927,0.8820867692895701,0.028918874545388162,0.2099594478911081,0.09636687767173382,0.1480041518285078,0.759644272333897,0.12360856930065259,0.0260743023515438,0.10372511492082544,0.007363033271745419,0.25751875225910403,0.9279441336872833,0.3345810205338749,0.23967957230008072,0.6355816195193644,0.35615064317955103,0.01583389083471324,0.29394850875190204,0.05970798164827655,0.7521837550977523,0.29712566844919786,0.6299726641565592,0.18780490515296644,0.04076779344317988,0.007072309912335368,0.0012535837828815336,0.031124309478856204,0.8814105320253741,0.2967526343843536,0.46657557547229345,0.1174364069612746,0.09544361275106293,0.036429140399101854,0.4081462410012273,0.4191782434659752,0.0024777349866111544,0.2598810673989558,0.08734444949892205,0.6751643375082996,0.6287072853001519,0.09945268361170036,0.10100490394743404,0.02079026905054067,0.6438393853996913,0.01926620769402733,0.8478090761013616,0.9448149644823982,0.3028836302332195,0.05117617925686249,0.9420280623732177,0.0009998008763795715,1.998699165896444e-07,0.022652493359149074,0.015726792117012448,0.15789473684210525
0,37,0.7442039815074267,0.802619627636546,0.032880071315757875,0.2952467466484691,0.36193747608991433,0.08195783230778929,0.7979241118050145,0.38145433228330927,0.783424157789463,0.7930352966461965,0.744888118978224,0.3186072371597777,0.34244841838793233,0.2867211235221281,0.5334696229128186,0.03288007131575789,0.7048751853508297,0.1912105311364152,0.2829238251671042,0.07450276611894432,0.6984806131660936,0.1546556990244428,0.05839432589242196,0.9165494226253617,0.05839432589242196,0.13060598027934847,0.07529789617294788,0.9416056741075778,0.9416056741075778,0.9416056741075778,0.9416056741075778,0.17923831897581954,0.7725308006264442,0.05839432589242196,0.40563480796808105,0.6952527417791543,0.29353522339361604,0.9329905646382762,0.8041476104311728,0.40563480796808116,0.29547729040824044,0.15634347462595327,0.11722910282906047,0.6897338465853833,0.15956164514321347,0.2701143921535673,0.1364180089882121,0.09131130592426734,0.0847284719786636,0.25354372793004915,0.4241188873670169,0.18830155495274065,0.5380497429733384,0.29486318328683725,0.03079420886202408,0.19640221585035544,0.19091303126947978,0.1887152822664345,0.21420454545454545,0.7199263095000995,0.14214953271028039,0.2660098522167488,0.0139058202680622,0.013030557973124688,0.018956382589004284,0.22620372146556691,0.11593341260404282,0.27337826453243463,0.00386040545586265,0.003873645484562386,0.0019327850181330806,0.43969963893544756,0.2984880083420223,0.004804255132909574,0.2909169803796725,0.08146600125663002,0.7467900549128512,0.5152782682368844,0.08186699982691817,0.15532705053060444,0.2825321857106386,0.6983045433459134,0.28058717832083635,0.22536541735780363,0.25005546270687595,0.17675801907383681,0.20879175463067812,0.22453551201114114,0.00042392595552378956,2.2686000412288076e-07,0.02229742630098278,0.02282558688964667,0.1852226720647773
0,39,0.8525934298758765,0.8509434532749803,0.11052727602060038,0.5685436478567554,0.2350250437879395,0.25715950911569735,0.8853010678489757,0.26250662251462786,0.8509796493239592,0.8533127304371465,0.7757690347312654,0.4493206461848701,0.22517550084289314,0.45921519697704005,0.512580177583563,0.11052727602060042,0.36471320457736733,0.11071823634960086,0.4442988775160309,0.13470073455385914,0.9202238520283138,0.3338552320365669,0.21395478155327285,0.8608894319548288,0.21395478155327285,0.3637479646477295,0.2658617427470766,0.786045218446727,0.786045218446727,0.8930226092233617,0.8395339138350462,0.29115672288028327,0.8862261087579943,0.21395478155327285,0.5624074749105823,0.3403425236034187,0.6035695376897996,0.9321632150565953,0.5001338870882005,0.5624074749105825,0.5967488192814565,0.3454130881731714,0.18239053011685055,0.3185277497302299,0.3747605549512078,0.45207584305079573,0.11126948796364257,0.1142338232717211,0.04158011803455092,0.12515974334743596,0.7142291893396502,0.3620409745974135,0.342700038559943,0.42039458547678377,0.04720610350814462,0.463509428953058,0.49807757319986723,0.11441249365486955,0.3152173913043479,0.23378285680293986,0.4269561684009681,0.4711929749411008,0.01606721099552716,0.019988655963707625,0.01382137858504246,0.10007589721348806,0.13183063640593495,0.10518487139346702,0.23742258268756586,0.36619013058665384,0.037875300093382476,0.8317036895998999,0.3735469045688017,0.012127300973688845,0.6159225040489921,0.13906171073491216,0.4701881236091634,0.6535593409294007,0.1184128416674653,0.3551229334329298,0.4469052279238645,0.5808065937744324,0.3965203370990972,0.11119681299222244,0.13492309992982943,0.4115326526555,0.4610577568982012,0.1477582087008641,0.0017397369823672951,1.834229209771159e-08,0.3276557734369217,0.0672650185249525,0.07015110387260222
0,39,0.7118150997948903,0.8081744145445844,0.03365914515517971,0.5215875727601299,0.47317112804473205,0.035842974030272076,0.8011704163365343,0.4793714590412001,0.7547463882985657,0.7445562184255151,0.7449896105416772,0.3254407014136952,0.46722873919007046,0.2188928558162072,0.7245468322169069,0.03365914515517972,0.3659859676547811,0.2686267017382343,0.22646582906286555,0.08744187320932101,0.6788316235597073,0.32669377527858556,0.11047346695391863,0.9246833702111374,0.11047346695391863,0.22075280170549055,0.1410105192608806,0.8895265330460802,0.8895265330460802,0.8895265330460802,0.8895265330460784,0.18814659872790385,0.8996222205593752,0.11047346695391863,0.3257646331017474,0.36290978869012874,0.5142558867741713,0.939521990209345,0.4947502795213149,0.3257646331017474,0.5167171913519464,0.32909945017265846,0.11800525077751721,0.35887785901121483,0.3297120953351483,0.21447937198978273,0.09186804761152274,0.05411371247637924,0.09740792603555702,0.407290107072945,0.5936927407245334,0.2615031962701427,0.5135839818500194,0.4027593781103066,0.018455052099017474,0.40256874073667326,0.2054680204919236,0.4266506079514848,0.25371579112928594,0.3189288379808265,0.34567312356498403,0.19994204578383074,0.0074005428965264524,0.006280610348110221,0.013402115369067052,0.4183884180950339,0.2557354689795062,0.33317397527423664,0.02475590540716846,0.010076228469152322,0.020786322884506592,0.5923107532069931,0.4387904066736178,0.0035477062664007997,0.536840934788212,0.09328005561652479,0.563557412833398,0.6691260952950244,0.07432453108598443,0.33368773058363715,0.22638681206462669,0.5996830612218775,0.2107833915475796,0.33685454514274965,0.3990859745906853,0.3192749521972501,0.1981348081772361,0.4468338385352031,0.0016664798771736586,7.414978926690028e-08,0.047906833646817325,0.10279694033351792,0.0706836616454229
0,41,0.8447199685427196,0.835559750646135,0.09592945756762288,0.285893750602417,0.14777919704824272,0.17247980798110524,0.8762933362794836,0.19489234978907147,0.8365333582297902,0.8328652215162827,0.8618835668929352,0.26703096294826323,0.14593792115885507,0.4182417838788135,0.747858872789332,0.09592945756762289,0.7171248113317872,0.07299941468539774,0.03111828534350794,0.07154807044020083,0.927484162589546,0.14412784027393427,0.049786322907153825,0.9231077096691629,0.049786322907153825,0.11638023183483859,0.06444978554027656,0.9502136770928455,0.9502136770928455,0.9502136770928473,0.9502136770928473,0.16881940055234446,0.762365751368588,0.049786322907153825,0.04534650889152936,0.7181986224545713,0.2750690420093246,0.9382567608177487,0.8205020694497157,0.04534650889152936,0.27745730765021737,0.14528357310299173,0.21603914345814576,0.6781494961885814,0.16551916898810126,0.03622572510377357,0.2721945000621069,0.03643463588883241,0.5316134462078598,0.8998908592081973,0.364829935610321,0.3936680544977327,0.711449967141893,0.2524625047190857,0.16730711572338036,0.12767771093284663,0.03563168728509994,0.6005769036501294,0.3460797420572508,0.6096627727558098,0.19811305500759954,0.04346566212691974,0.029014663507015856,0.007260618582555167,0.11424275482565087,0.8735626995858768,0.46819262782401905,0.6283264780217057,0.0012447607714395708,0.0006842605271254669,0.002407960718571759,0.31677172431246514,0.2655109489051092,0.021140329848168295,0.2738908711419057,0.15871517706427576,0.7816479967499144,0.4820537409227592,0.15981881798459863,0.14887995364386186,0.031836079417136356,0.7400466825119802,0.03617582908396513,0.8679191309493768,0.9154953132590569,0.14500590650203982,0.030204739378252687,0.8109576003128067,0.0015498346047406483,1.4407920090470426e-07,0.018197907577466366,0.017313124084810408,0.12603305785123967
0,41,0.7594324825595533,0.7924366492550013,0.07040209222560523,0.16815020006582507,0.30333869457792106,0.060587158573110186,0.8000250774452597,0.31171568319393833,0.7719890922490663,0.764159932567218,0.7537228318271258,0.3064522705928907,0.2947656960190528,0.2511525179641675,0.6989288950419766,0.07040209222560523,0.8577194473099761,0.12542039897993912,0.3025045237115873,0.040474394920293796,0.7547791347767512,0.07040444769617182,0.04526987295710987,0.8607256071625442,0.04526987295710987,0.10806545705564745,0.058689135839330255,0.9547301270428914,0.9547301270428914,0.9547301270428932,0.9547301270428878,0.2486867891712916,0.6028313252172973,0.04526987295710987,0.43341857947165596,0.8520574752572965,0.17241099452869763,0.8881649628079926,0.9108277847747984,0.43341857947165585,0.1722879530851964,0.07285534808929313,0.2921366830282259,0.8135722431646046,0.09587484568857671,0.28506292620533347,0.2385013755488909,0.15715358822640907,0.11164118735429925,0.2122337225200145,0.2800785070526715,0.4662159564981422,0.6827727928002585,0.2754449443752719,0.14830156183239013,0.20730134497353547,0.2022185929585636,0.1668918540202822,0.5670120320855614,0.7622831330633563,0.12065160955347858,0.270935960591133,0.021062318571823956,0.02153923249692081,0.02090640131741634,0.21187416075196627,0.5313614744351961,0.49174506224843206,0.25148805208185737,0.17576471345851366,0.10975909770232697,0.3819518354187684,0.3380997965777186,0.016653350556906376,0.18907556127587666,0.18588006359650894,0.7684966949080805,0.5632173421691222,0.21028287819796312,0.07488363397526251,0.30080732578043584,0.7221326270493729,0.3042790836753603,0.1812411989409103,0.20154650635863258,0.26718704431272344,0.24224421225279757,0.22426208563637723,0.0008691104141359362,9.113883044267347e-08,0.02314678378375407,0.010480617756115125,0.08926829268292681
0,41,0.8502574778755658,0.8154363989549879,0.0277271818365109,0.0963159227349198,0.07041689784193059,0.2321048669769279,0.8373564695447662,0.10583205051957115,0.822870679280216,0.8153344523083979,0.8961865836683667,0.11791919411003876,0.07661822802666496,0.37850196720759477,1.0000000000000002,0.027727181836510906,0.9293813841665879,0.02653334921457663,0.0065912782989653584,0.018574474388682607,0.8436256657882634,0.031987374924125934,0.049151081359008045,0.6888121342255219,0.049151081359008045,0.11303933934950407,0.06349275585971438,0.9508489186409914,0.9508489186409914,0.9508489186409932,0.9508489186409896,0.41545409588578264,0.4177988423699142,0.049151081359008045,0.01025621463235521,0.9188228971549064,0.1105433041351735,0.7501212833631522,0.9522117817226895,0.01025621463235521,0.10814622757892076,0.03567456027949732,0.09657611261876471,0.8840209071979828,0.05964496818632199,0.011995076499989724,0.09879348754994059,0.0035188751975263124,0.2581328702832014,0.9668518214968502,0.23829586902327976,0.14583397798043116,0.6768482033549357,0.36646477710561565,0.013998660134623244,0.25211933448258916,0.036780516233913624,0.7691285671486503,0.19556071091538219,0.8277132238370472,0.08744300358956107,0.0173862648507679,0.007688307846097903,0.0011845675289964975,0.03437065448643484,0.9494250798343505,0.2045883751836049,0.5773124652011554,0.003325408178107546,0.0016393535993975599,0.003888748342976601,0.25591205626464497,0.3969458317326162,0.0024305953075827134,0.177459081325125,0.050528646800800804,0.643891228035745,0.5547510893224856,0.063956535490982,0.03716726200403422,0.007316286631820809,0.6277438664915198,0.005709647062748874,0.8714535705624745,0.9805798791418965,0.2305746674876662,0.02058605365914254,0.9557444673039085,0.0004336182662625936,4.137355820025581e-07,0.018584810524518085,0.00452957759486199,0.32913669064748197
0,43,0.7991748289971057,0.8373538761288761,0.07250162589407326,0.36639815990906177,0.23459423936070417,0.13586302451085203,0.8718961821796987,0.32784655808438956,0.8195332678151555,0.8179315245370231,0.7790110006913233,0.4141823178277062,0.25237868454933265,0.3800305928844533,0.7154057215540537,0.07250162589407325,0.6587223453912225,0.17010789509738286,0.3729983358829389,0.09877837776023865,0.9221305496420313,0.18702534798806988,0.09383540278949573,0.8899829654919986,0.09383540278949573,0.19360387129127365,0.12017644009455258,0.9061645972105037,0.9061645972105037,0.9530822986052492,0.9296234479078791,0.215514124635781,0.8158658847673506,0.09383540278949573,0.5004519141184506,0.6362489236610425,0.3765017618494278,0.9486542023146909,0.7636331161487021,0.5004519141184506,0.37681158551235344,0.19115703060318634,0.20126793474468954,0.6429589031075895,0.19812678319554441,0.3448650326552256,0.09270986985319259,0.09000240509435248,0.0371106721245472,0.16926130853598242,0.44151086012693924,0.3415867737525869,0.5613527714332509,0.3926840911430952,0.01542709447801517,0.33133491829151185,0.27869334361010567,0.19896846502386875,0.43131684491978606,0.6048342991183063,0.22205268400194966,0.32840722495894903,0.006548490906328104,0.009066742849286581,0.005002862472522605,0.16600440291213367,0.379013079667063,0.3982428691779996,0.07749253207174608,0.06837871939455911,0.020581477138677567,0.43647738470187436,0.4295786330457855,0.0021624779936278366,0.37862420695100374,0.12225140701887885,0.6165280692173434,0.610052502689163,0.12766358784440815,0.18778927801829723,0.3675325504212407,0.6053678294106035,0.34564417133718506,0.12443234912892938,0.1577050136942465,0.30529403848656644,0.30184824444973934,0.19249749636206626,0.0005040239905726052,8.256728085645935e-08,0.10765565940190366,0.0156236655957481,0.16434481332092246
0,43,0.7449772341101351,0.7910211455182052,0.07829898827121091,0.30375883400244547,0.27439526492138194,0.1220626190496479,0.8102290484039133,0.33397308273788273,0.7815211999473288,0.7915447352234991,0.7232218146104421,0.3861956325547059,0.28016951239713855,0.27903243998625016,0.5091510009323275,0.07829898827121093,0.6935971965040246,0.15847833065275177,0.28348282480685777,0.07379066573898434,0.6997321176489453,0.15238572010069693,0.05820118192505172,0.915256646557485,0.05820118192505172,0.1319639621686817,0.07517462226668753,0.9417988180749486,0.9417988180749486,0.9417988180749504,0.9417988180749468,0.18352355951340027,0.7689574173549247,0.05820118192505172,0.40643105529105794,0.6993696256339219,0.29127329493083925,0.9319524868072665,0.807170202957746,0.40643105529105794,0.2931708135521815,0.15410850512869037,0.2405877459642881,0.6238224090630771,0.19345814751406434,0.2611509388572916,0.5705763793657487,0.34604300708627,0.27218246890013037,0.2783140701508634,0.40842134839858907,0.4515423807571964,0.6504445788986521,0.2191050731416767,0.5070546540273481,0.19673115854951018,0.17744548606807176,0.2331443968805729,0.3940119388135805,0.4849915912927737,0.26138908124118615,0.23370374613357775,0.051735455177214486,0.05190592394390939,0.05270419397805985,0.32017898009894763,0.3411636202748666,0.34617086218420845,0.12085163716060408,0.08638860028336537,0.05134137459341536,0.5644756158454148,0.2871732987991518,0.0522138354226624,0.2878468387125258,0.1929968288061648,0.8100894212404157,0.5588890651114564,0.18827325720502924,0.16126276537577508,0.2810762845166231,0.7810412069454178,0.297734099516782,0.23610127055210667,0.2539199609924223,0.19275660163011776,0.20642630092822117,0.2535988084632449,0.0012289186514685094,6.818140801111322e-08,0.028951541144193384,0.029268718124457072,0.06772760917838634
0,43,0.8456952266483215,0.8255079459903036,0.10739075482407255,0.222690471054905,0.10407665896310862,0.139978766876023,0.8490429411616691,0.15350775025176555,0.8367893315859565,0.834840404789988,0.8731159766528263,0.18682394643192626,0.12005085925972506,0.4171129142581159,0.6573449104809355,0.10739075482407259,0.795849798032684,0.046760909932136004,0.021505280774030633,0.056512824063364664,0.9018235307098956,0.1030946377431187,0.03504371839929802,0.9241949333797919,0.03504371839929802,0.08681938216275618,0.045506750989804785,0.9649562816007027,0.9649562816007027,0.9649562816007027,0.9649562816007009,0.15868628637037774,0.7000406426230957,0.03504371839929802,0.03134889715322259,0.7986703949455984,0.21081658982638496,0.9391297835007819,0.8757909959265616,0.03134889715322259,0.21300558061837538,0.10387015117958147,0.2779321355648469,0.7631079901779592,0.12182727117506605,0.02565047768140076,0.12016697778203671,0.010371810992173998,0.28377420021998817,0.9291153655522868,0.3550025610520993,0.4485393764552481,0.6459043018003665,0.3202398183137213,0.02283058394768147,0.2242506693765013,0.040438274577928174,0.718598254455709,0.514967449430365,0.6985134081470302,0.1530175079059413,0.03212679374598415,0.011859374891087609,0.0025440097816465633,0.049335107300124255,0.9065463431721698,0.5564028330662255,0.5411459685343584,0.0026028036451333915,0.0012129967874430258,0.003485692785292235,0.3511442998143274,0.3414925748804422,0.005090744486287946,0.2512121565251383,0.17174696871237527,0.7157145643571909,0.5501959560171628,0.19056745741404665,0.10744623007897781,0.022224080709198638,0.674709028871028,0.023040506199563493,0.8584195102277159,0.9410090999639429,0.20569296999449704,0.0288045975211053,0.8945902158642395,0.0012515732276440754,1.5933729654083568e-07,0.014899160670966971,0.009936993270036136,0.14208074534161486
0,45,0.816983756570751,0.8161890181337372,0.16935734783744388,0.11759166464330686,0.22992368480388414,0.09090670346404912,0.8537922659066097,0.2320294901450559,0.8150743418243523,0.8119131509069346,0.8411920233838203,0.25745290776151175,0.2171350979302155,0.36143580760457417,0.7309966811704062,0.1693573478374439,0.9094424953432594,0.07737814492713872,0.008934931104850413,0.0285824553754409,0.8574515950546819,0.045122653596387195,0.003488932707896189,0.9822954098290995,0.003488932707896189,0.012085680238385155,0.0045660936458268,0.9965110672921043,0.9965110672921043,0.9965110672921043,0.996511067292106,0.04234895195014998,0.5669329065018465,0.003488932707896189,0.01283797389527841,0.9176904968678359,0.09715902278300499,0.9857835065017331,0.9511953086370154,0.01283797389527852,0.09962629595281185,0.0443951873038766,0.5170641833314253,0.892349829451146,0.05536162460417878,0.011078864287928772,0.204969489543657,0.020414852931292415,0.43499352994592205,0.9693837574917719,0.21312194497091125,0.8151423572877615,0.7559470518323521,0.251083015589893,0.09555083054453213,0.1223124145680955,0.019447757649891012,0.6459911571137423,0.7972092245989305,0.8176603577474607,0.09254526869158879,0.018472906403940892,0.02714854785657435,0.006253064662114226,0.10908176994100946,0.9462641473239976,0.7183133917954816,0.4935161844460825,0.01257828422093273,0.010304642556721238,0.0052830004043614535,0.36715444282849763,0.24778541563319384,0.016788456938203123,0.1317342714428006,0.32749468975251306,0.8308699684773664,0.488881650179956,0.37342132313804327,0.04766129245507182,0.009447243903224906,0.7420116632122862,0.01590778524479429,0.9202284525695774,0.9749235332608956,0.14720038256888934,0.014451211791161392,0.8691662076709199,0.00018871636521107898,9.939615335333055e-07,0.0014595810720291723,0.0005646406680411456,0.6245733788395905
0,45,0.7578360636752619,0.7759050834517165,0.08664747055413403,0.39504566059597485,0.2850348560860501,0.1599858195874576,0.8768498335816168,0.30810109450699996,0.772869086703432,0.7733824234290764,0.787945251660235,0.4080126777596905,0.2590621194102077,0.2555097586029743,0.8568626764297325,0.08664747055413405,0.6577132539603392,0.14915502798739433,0.33052342092497655,0.1248207443835196,0.8280092954236614,0.18707369344248687,0.10210336585875854,0.8805223713494634,0.10210336585875854,0.20724293875897243,0.1305512030176398,0.8978966341412402,0.8978966341412402,0.9489483170706201,0.9234224756059319,0.22155398211626698,0.8247718109966589,0.10210336585875854,0.45607943903004977,0.6493391085962557,0.39543755919325674,0.9687630562344844,0.7783393809919331,0.45607943903004977,0.39535421966784573,0.19194871053869503,0.3290834623194531,0.5936084035483133,0.23496954646166512,0.3134555855780492,0.08878703453677107,0.07563267179393182,0.045755293622702364,0.2166971303747799,0.5121601850201383,0.5860789072518657,0.5668012339341801,0.3990482374009229,0.014170102114953198,0.3328193527398615,0.25825762846627,0.23886645384853203,0.6415588628499528,0.49188860936316614,0.29887745367525775,0.29701535786728483,0.00797996931203767,0.008933723549783813,0.007658074481087828,0.22966904006950947,0.7422885920123103,0.4780173331040132,0.09284512230223295,0.05167122605069305,0.057666884522828296,0.4936562294441875,0.41700829917008275,0.0035609817020403455,0.4339419499138798,0.20123715817454588,0.5708870485955131,0.5865737033281733,0.2163717315981193,0.19804231416158205,0.33001038675810734,0.597175854744683,0.3063187341847601,0.15891055243032293,0.20095531600168481,0.3055061810380245,0.27368404065246704,0.24675697026492105,0.0009190964636746665,3.909273610329639e-08,0.11714233339563192,0.017500985064826283,0.09300211360400433
0,45,0.7185479951330094,0.7510600683855377,0.06525321043768101,0.45569347791967973,0.24170743200369285,0.1311362723936017,0.7447710278003077,0.29104948326520197,0.7378073304261832,0.7445287503678438,0.6994368861994362,0.28950232990677316,0.24221705046384284,0.16137538091043413,0.5014564418682796,0.06525321043768104,0.47266147030618666,0.12601232408719137,0.24829928662510153,0.08990652781766754,0.6684281448926288,0.26790791726172725,0.12470756809255182,0.8974075010489897,0.12470756809255182,0.24197051097029848,0.15851461478152834,0.8752924319074484,0.8752924319074484,0.8752924319074431,0.8752924319074467,0.2312356220199704,0.8574883248770188,0.12470756809255182,0.3572318841094393,0.46115692709753836,0.4645735244800644,0.9176199177605192,0.6100518122808517,0.3572318841094392,0.4639281340802873,0.2729522483840322,0.28115378823342696,0.44011372080846956,0.28793464842273864,0.23180283412357205,0.14595054957828668,0.08984637726200345,0.1092122916151667,0.35941703055660135,0.6096694605209054,0.513093582895368,0.41506697653300395,0.3481014373115755,0.06879324031582609,0.3286487807262969,0.1945736818760258,0.359872230230994,0.5557538050185108,0.39897401328620974,0.3050467289719626,0.21826449412656307,0.013902121352808855,0.013058956533419763,0.018829391314551854,0.3650902329973882,0.4067959389005762,0.2587349142335857,0.11986105133555315,0.08777611313444404,0.04847177429126743,0.6693613591895846,0.37540818286592326,0.009446552656637613,0.4897713013558823,0.20928369678932401,0.5670932961949331,0.6087613364796451,0.19021201672098376,0.27754337955571834,0.24792234927374596,0.6505484510169384,0.24127429509991785,0.29322849840762333,0.3419227227401769,0.28926800819970067,0.20753897937280474,0.37486542923998023,0.0033018469645538025,2.2375448830920155e-08,0.051487883980440116,0.09347725892012104,0.02977407958348826
0,47,0.7847317825412761,0.7915400802630523,0.18499314024121458,0.22580275532580102,0.11661692100926223,0.28796563961101806,0.8464230356338138,0.2191892944506965,0.7852620788029159,0.7827741225661056,0.6913890400753362,0.5247016407143502,0.13650605712998595,0.28505120177855925,0.5352090298508508,0.18499314024121463,0.8191010480417416,0.11188471720618204,0.3076916274459896,0.05674529772201129,0.7644115103543369,0.09051558714321126,0.03504495670100956,0.9141857474335331,0.03504495670100956,0.08722298212471427,0.04552623702796557,0.9649550432989908,0.9649550432989908,0.9824775216494928,0.9737162824742427,0.1651189199289671,0.6954687000002663,0.03504495670100956,0.43762744065821535,0.8256819221285578,0.20976885210236482,0.953306394186448,0.8943796089618435,0.43762744065821535,0.2119267601361903,0.0915815868147775,0.5581158723418056,0.7533889642983327,0.13288989112660143,0.29369972185346094,0.9579893531190953,0.5804756018477935,0.42203676449357247,0.21172793721615918,0.3339997463036896,0.9999999999999999,0.7443591969927259,0.13844939424099956,0.9699593776693937,0.07354775563311788,0.17185019370136068,0.11598935444659161,0.6982823761915834,0.5646827746903459,0.24880895594462013,0.29413864496323266,0.13398987646630325,0.13520059951740626,0.1311778573144676,0.21821977942546086,0.5667424908235538,0.3501503280568547,0.1814827284952055,0.2487399152127236,0.033419688920157155,0.5716368106243664,0.1815693430656939,0.14226893782189862,0.19786057472070573,0.4584747652075129,0.9147140665183542,0.44389570829827196,0.4714271555585817,0.09781779167752158,0.30539954046464124,0.8587525442822459,0.3345472922478061,0.20336583080559884,0.20232088117862596,0.12296347832417753,0.21782130690138457,0.1633101592283963,0.0007268072154098546,4.822856485990875e-08,0.05050272947298589,0.003542386610893219,0.11099347826086951
0,47,0.7671050150861465,0.777957464053725,0.12879635699566405,0.22849478230887418,0.20031707735920395,0.24215883019842127,0.8712248406223957,0.25858579454887654,0.7729131565441836,0.7672064823962834,0.7342610375641486,0.49732746493917346,0.199797625040839,0.2529507859781842,0.8660447683986661,0.12879635699566408,0.8269999869385487,0.11801402817267026,0.32183132347330723,0.06083151593793243,0.812402734258978,0.09124036338850224,0.051102759789711946,0.8778606186591613,0.051102759789711946,0.11903851424331927,0.06614321974635047,0.9488972402102895,0.9488972402102895,0.974448620105143,0.9616729301577163,0.21511299248154392,0.692731117973575,0.051102759789711946,0.4530088104375297,0.8198295922538814,0.23030586210575554,0.929460744622633,0.8914946830999085,0.4530088104375297,0.2312206189595291,0.09373548292540203,0.5404248298615758,0.788447001997179,0.11482010070788606,0.3059782110706179,0.11088651020642741,0.08630155992322325,0.05264900744464748,0.19028220322387235,0.3639688041235874,0.8465087260723725,0.6271306895308744,0.33393773982337416,0.017488234321299465,0.22835939398195482,0.22267626865787826,0.157322139274415,1.0000000000000002,0.7039781313252474,0.1615122184315512,0.29216918634278927,0.010915346634969646,0.011702535947226598,0.010391401775668406,0.19403083802430263,0.847205707491082,0.4189931150684135,0.04876757451404271,0.015798329916827482,0.04432712319544776,0.4689429917589893,0.35239443345385113,0.004489263937857937,0.2660712022845362,0.3175006226898672,0.6921093880372096,0.5532134013352465,0.3660317139633967,0.09515011044249941,0.3196705470284095,0.6608531017900734,0.3087178176566263,0.1579173835353554,0.18398704225297607,0.22664621970600785,0.24587523618568252,0.19216872117689776,0.0006734936038198824,5.312343711040411e-08,0.06220572399224932,0.004278669750617878,0.11477530725714684
0,47,0.7393103817563109,0.7494016295322257,0.09785892721570014,0.3375682884179896,0.1944215092700511,0.12789552830838885,0.7659343562206888,0.22910541050739683,0.7475609560449612,0.748903161878606,0.7210905953866998,0.29436644142564583,0.19909389641492323,0.18264332148655527,0.5329445618319851,0.09785892721570016,0.6476051028326952,0.08105756680102255,0.27590163469580625,0.08008793402506813,0.6877712945964717,0.17914696077476108,0.08283507241327968,0.898180978780238,0.08283507241327968,0.17578701263970614,0.10642295234580997,0.91716492758672,0.91716492758672,0.9171649275867217,0.9171649275867217,0.21765753047060588,0.7902718759218955,0.08283507241327968,0.3960036384752458,0.6396661516214579,0.3404809261114218,0.9182410076039467,0.7633925256149571,0.396003638475246,0.3409941124116613,0.18247003417727303,0.46184167541020266,0.608660482314521,0.20125552389210452,0.2591954874014443,0.09994314490982388,0.06985670377998301,0.06913541419140702,0.28371792513359106,0.4586184999336111,0.8125649620186068,0.5740997323645023,0.3670520683840087,0.01639782033276714,0.30039812574000424,0.20480553380869992,0.28734755964874126,0.8923433503836317,0.5102681215266393,0.2485601469886754,0.23773827372028272,0.008736884871688427,0.008715935158568534,0.010514555498289127,0.3084429394740573,0.7512407589308795,0.3440676643473801,0.08084619219279764,0.026390008660975108,0.07179007370361973,0.5766459662770945,0.3961094181843951,0.0037369231058002653,0.36512071509909105,0.29814489425064494,0.6462962487939434,0.5986656868249527,0.30563744329182974,0.18546885006637312,0.27495160502762417,0.6304679929904562,0.2622234180514793,0.22740133414733482,0.2701771173722983,0.28335191459414555,0.22143416685764716,0.318360553389116,0.002475963837206441,2.7075701815287824e-08,0.03388785633177741,0.042432104498075926,0.032341951120985604
0,47,0.7126468203894535,0.7439758785122762,0.05301181169266536,0.6339223811616805,0.28522633571048006,0.30827047335618396,0.7542256886254026,0.31094598310607446,0.7177830071580302,0.7136686706275532,0.6012015781597311,0.4956730503078036,0.26000163420827405,0.11308103555865179,0.4604690677263658,0.053011811692665375,0.24720205257183636,0.16296542359859392,0.6393930484372549,0.16953773414113008,0.661454258213852,0.4245650488426056,0.1745970345128247,0.9090050086283976,0.1745970345128247,0.3135165446944588,0.21931354627116265,0.8254029654871733,0.8254029654871733,0.9127014827435858,0.8690522241153786,0.22794258208025253,0.9273357648559943,0.1745970345128247,0.7299766504292486,0.23372830429674624,0.6442445544586867,0.943544418261336,0.3167892265365998,0.7299766504292486,0.6431584067218815,0.4304851737797722,0.2381084585177149,0.24606047018532995,0.43286906081725585,0.60674061131972,0.08394325089349126,0.14018233283343143,0.016073050119197657,0.07668743655658923,0.7294294516447195,0.5441643041328512,0.39187257768121775,0.43559735044788417,0.019942877292216193,0.46367408365465523,0.5471828948444011,0.10321436054568858,0.5567810457516339,0.21170134361151827,0.4679820006922811,0.5741044821504592,0.005378163599447248,0.011445083820770738,0.0024381614667424614,0.06906996516306571,0.42332760822653803,0.20678302912451316,0.09877721000990898,0.09960117286549781,0.02869872130194463,0.8200643939370271,0.49802919708029225,0.0025493112596956216,0.6566817954070788,0.1954230434366047,0.47178060899598373,0.7091581566237068,0.14511454358976036,0.4384534851360712,0.637028338013786,0.5698261311121449,0.5798982811531979,0.05596049566213478,0.07703903095558545,0.3885415754164486,0.5519424106315716,0.10781584384553008,0.0016191965377798554,1.2678027594449024e-08,0.27527957951683657,0.07094017705820417,0.0815632875189985
0,49,0.7682902417588453,0.8600302351730302,0.18458754295960736,0.5521414358973037,0.3955986393804696,0.10615937143285074,0.9196539664368969,0.48731216449529663,0.7970997152371053,0.7738387135497622,0.7112328131090596,0.645666898935703,0.4112905107372937,0.3318126442596455,0.8449739550875393,0.18458754295960744,0.4571960266119339,0.3104466551464138,0.38428617242123414,0.19551904660375513,0.8835101833810299,0.32083923587766144,0.09432278006659428,0.9342234611286311,0.09432278006659428,0.19428840319635185,0.12079006659101972,0.9056772199334056,0.9056772199334056,0.952838609966701,0.9292579149500533,0.16312218628741748,0.9171063769937436,0.09432278006659428,0.5032359533419033,0.45671613186262855,0.5330199991815426,0.9527447729205415,0.6235842098373762,0.5032359533419033,0.5378957320096227,0.3219258430401621,0.4241611126855372,0.4297605134815382,0.34190992665136355,0.3693643570982473,0.2075696034337151,0.16301800687942847,0.09246723708025252,0.18447744720116277,0.6314801951810092,0.8496795211689809,0.522723668566663,0.2873515455767949,0.12139374495988785,0.26528903149746874,0.28594706338635234,0.15211031607347295,0.7145411018530033,0.3633923836813452,0.3903751964941899,0.3574292587925306,0.02767824229699683,0.031530825048124225,0.026341874150465853,0.18243746626278676,0.5226336310593701,0.24621701750940753,0.10122492705900145,0.1199982145719975,0.027337992746967767,0.7173160968807393,0.29655546842010044,0.022250354382960753,0.5049714475851484,0.35992255106457494,0.6930415315919822,0.5720030736810384,0.3024027041675794,0.3261938707810586,0.3822846798338245,0.7103965834102979,0.3786865878081461,0.16307287791797426,0.18076833236505335,0.22861138334294007,0.300457030333089,0.17541218423954397,0.0017118816558078622,1.672233800625889e-08,0.12016523428653897,0.02817619942566203,0.06389469258810833
0,49,0.7414321469659944,0.7766920898757194,0.14823246708723525,0.3293813908732037,0.2940377976872798,0.13204097237523266,0.810201788992245,0.32685111728659993,0.76252789264957,0.7649943362366787,0.6688849714273961,0.48885824783218146,0.28998889729588356,0.22825903077433218,0.5516429241068461,0.1482324670872353,0.6589152679168828,0.14802421229403864,0.2772341726316617,0.0792290183736679,0.6894951972237484,0.17471713527587393,0.0772564113483175,0.9029838198702771,0.0772564113483175,0.16478853483818592,0.0992431059047206,0.9227435886516808,0.9227435886516808,0.9227435886516808,0.9227435886516826,0.20707655334178132,0.7880840788022861,0.0772564113483175,0.3978153900583321,0.6503005233679806,0.3309484575089633,0.9220976096755024,0.7712452683567682,0.39781539005833233,0.33182272398944895,0.1776401620179935,0.517824287679627,0.6180731560793924,0.19641483568106324,0.2604115336261907,0.4656665469163066,0.28217012515364426,0.23358024979368452,0.2803574032289574,0.48832633686007293,0.8645936249576738,0.5153688544999688,0.21481174098121647,0.40718187992059285,0.147039656395619,0.16707229986906186,0.19821127217333492,0.7980169340463459,0.5304358183967529,0.2383241670192171,0.240831964969896,0.06238933284627611,0.062076798138803436,0.06519523183693783,0.29944369844619223,0.535077288941736,0.27194816270918476,0.07895442600795476,0.04440740633745768,0.04825304560027942,0.6259125991512731,0.2435716655607164,0.061307980441456814,0.32084499518946163,0.4114401083694165,0.7828765971143838,0.49966171520491676,0.39747274360334545,0.17951620055559084,0.27648710748021443,0.7811137933749936,0.2918665744569472,0.2509212870183842,0.2661013280124989,0.15678686558219612,0.19556992917277594,0.24509781739641434,0.0030012451355085077,1.913689264899839e-08,0.03234281953837852,0.037307257450726015,0.02778199483831788
0,49,0.6950197401727591,0.7149338837775252,0.050834298907916894,0.6010903576513378,0.2138626243556661,0.17568501352731075,0.7455960373218499,0.25515334520241645,0.7056689627578406,0.7065739657753015,0.6434223510550857,0.397180949882765,0.2158408417169143,0.074714940221629,0.5492926111913121,0.050834298907916915,0.22909193064120603,0.10201407358702194,0.17600465755724004,0.07105523547803516,0.7705808820380261,0.39362548411929427,0.1607030856289701,0.9096221457487594,0.1607030856289701,0.2949015077439162,0.2026588591872863,0.8392969143710296,0.8392969143710296,0.839296914371026,0.8392969143710314,0.22327669739331046,0.9186080612582991,0.1607030856289701,0.25444017642106764,0.219609288685984,0.6088865270740933,0.9274280757173073,0.217750506594253,0.25444017642106764,0.6083566163263817,0.39900880145156953,0.26412015299519953,0.23628194237207867,0.3927599203444078,0.16455746166840063,0.0809376232842441,0.03921991986452212,0.11716232941795333,0.5452484097609535,0.6719884660707709,0.6444490679533503,0.4558923488645288,0.4346200298425994,0.015971263989680004,0.41580208371230387,0.17169250002006387,0.5552559891418919,0.6063456037806243,0.22874966245069783,0.3914429623489332,0.16153053041585513,0.0058285989193556645,0.004208914293906611,0.013752601862750418,0.5301237068330962,0.5070790587064127,0.23767395386198872,0.06776396907062826,0.04974512133832835,0.02798133266280889,0.783366815648218,0.46737052485227626,0.0023670769788667256,0.6069631597616317,0.2277438862453334,0.5351890153901786,0.6372022608774288,0.15956989287556247,0.40573638914805793,0.17541668186294174,0.5653583818517318,0.1599816335253683,0.4423944699538026,0.5343794832354725,0.34146834701257245,0.164939740411778,0.5922758610909472,0.009350362457364763,1.1441533383143698e-08,0.06485038326585442,0.17285638636531153,0.02129640404980793
