Number of voxels: 100
Number of points per voxel: 692
Voxel Index:
11 11
12 11
13 11
14 11
15 11
16 11
17 11
18 11
19 11
20 11
11 12
12 12
13 12
14 12
15 12
16 12
17 12
18 12
19 12
20 12
11 13
12 13
13 13
14 13
15 13
16 13
17 13
18 13
19 13
20 13
11 14
12 14
13 14
14 14
15 14
16 14
17 14
18 14
19 14
20 14
11 15
12 15
13 15
14 15
15 15
16 15
17 15
18 15
19 15
20 15
11 16
12 16
13 16
14 16
15 16
16 16
17 16
18 16
19 16
20 16
11 17
12 17
13 17
14 17
15 17
16 17
17 17
18 17
19 17
20 17
11 18
12 18
13 18
14 18
15 18
16 18
17 18
18 18
19 18
20 18
11 19
12 19
13 19
14 19
15 19
16 19
17 19
18 19
19 19
20 19
11 20
12 20
13 20
14 20
15 20
16 20
17 20
18 20
19 20
20 20
Is labelled: Yes
2.61E-02	0.020923	1.28E-02	0.0024667	-3.30E-03	0.002115	0.0033651	0.011323	0.013017	0.015193	7.82E-03	1.01E-02	0.0089765	0.013691	0.0097827	9.54E-03	0.01002	1.48E-02	0.019678	0.00087635	1.28E-02	0.02681	3.02E-02	8.17E-03	0.0075548	6.82E-04	-0.0026372	1.22E-02	0.016698	0.015779	0.010662	-0.00079659	1.50E-03	0.0043134	0.026977	0.037074	0.011939	0.0026451	0.0081208	0.023749	0.02977	0.025554	0.041382	0.026469	0.018227	0.0074185	0.018043	0.030966	0.026716	4.51E-02	0.043216	0.020202	0.023146	0.014842	1.34E-02	0.013721	0.014365	0.0084535	0.01607	0.020566	0.012923	0.017864	0.0093166	0.018478	0.019911	1.40E-02	0.029631	0.032124	0.037697	0.047265	0.04731	0.037582	0.032353	0.034876	0.028627	0.039689	0.035136	0.035922	0.03314	0.031257	0.028509	0.041711	0.044318	0.046074	0.037273	4.34E-02	0.044562	0.060358	0.059877	0.054831	0.070052	0.067616	0.056705	0.028368	2.01E-02	0.027052	0.029163	0.037275	0.039876	0.031245	0.032686	0.038331	0.037113	0.042748	2.76E-02	0.042774	0.045216	0.040514	0.030292	0.024598	0.042141	0.045681	0.048449	0.03801	0.031044	0.054146	0.057668	0.052493	0.034762	0.035954	0.044987	0.043313	0.029559	0.022216	0.016648	3.23E-02	0.023559	0.032025	0.026633	0.028983	0.041393	0.030458	0.012361	0.013618	0.016827	0.046106	0.04568	0.034257	0.01829	0.022331	0.040648	0.04327	0.041079	0.037124	0.052272	0.021695	0.029875	0.030722	0.042485	0.029028	0.02038	0.02848	0.037293	0.040557	0.024539	0.0267	0.028612	0.019009	0.02059	0.021245	0.031361	0.041321	0.032923	0.035058	0.032276	0.041813	0.046162	0.04282	0.0423	0.049128	0.05932	0.039643	0.030088	0.026021	0.03304	0.022907	0.033962	0.030234	0.019845	0.017983	0.010356	0.030622	0.027792	0.039387	0.043257	0.036794	0.027639	0.037777	0.04839	0.072143	0.075984	0.080874	0.083869	0.086236	0.079546	0.076012	0.075965	0.0861	0.09761	0.082805	0.069141	0.042618	0.034016	0.022885	0.016837	0.017376	0.0070345	0.0070298	0.0016178	0.010118	0.023753	0.019778	0.022387	0.01874	0.027539	0.028349	0.035433	0.032287	0.035989	0.043694	0.048713	0.046796	0.039996	0.050142	0.071194	0.086044	0.1019	0.10322	0.09534	0.07382	0.074447	0.064854	0.06659	0.051596	0.029513	0.012824	0.021894	0.03276	0.03079	0.035513	0.026417	0.025266	0.022979	0.032064	2.53E-02	0.011641	-0.0017786	-0.00079522	0.00072876	0.0049614	0.014645	-0.00042984	6.53E-05	0.012648	0.003462	0.013393	0.0081932	0.0078331	-8.42E-03	-0.016328	-1.93E-03	-0.00048193	0.015628	0.007664	8.73E-03	0.0025273	-0.0032617	0.01062	0.016632	0.015637	0.01509	0.020908	0.016219	0.005704	0.020292	0.034011	0.028791	0.031203	0.034322	0.019021	0.026137	0.012675	0.0074003	0.021259	0.0094566	0.016267	0.019334	0.024601	0.031671	0.032994	0.022676	0.012917	0.017042	0.027108	0.020987	0.019591	0.027073	0.027698	0.026035	0.036173	0.033699	0.029607	0.029283	0.035813	0.025803	0.013505	0.019919	0.033054	0.040043	0.026479	0.03123	0.031992	0.030164	0.026519	0.051708	0.053112	0.052292	0.059152	0.041248	0.03955	0.036645	0.03606	0.038782	0.047022	0.051562	0.049895	0.04377	0.03597	0.038469	0.06127	0.061652	0.055596	0.061801	0.055784	0.061228	0.056964	0.060949	0.064394	0.044094	0.045557	0.051286	0.056724	0.049219	0.056487	0.056429	0.047122	0.055343	0.060075	0.055283	0.042724	0.040628	0.047478	0.049886	0.056586	0.052316	0.043121	0.049054	0.044809	0.054771	0.057785	0.067969	0.057085	0.054571	0.05326	0.053779	0.058426	0.070412	0.075487	0.085591	0.083818	0.079072	0.082676	0.075677	0.066023	0.079864	0.07812	0.096649	0.08795	0.080586	0.079914	0.084574	0.09532	0.11799	0.11409	0.10283	0.07759	0.069684	0.072171	0.067266	0.056816	0.045233	0.040625	0.034907	0.032732	0.032957	0.025788	0.032598	0.033768	0.035111	0.038981	0.049666	0.037645	0.039917	0.038519	0.020719	0.0282	0.027068	0.020091	0.017915	0.023512	0.025155	0.026232	0.01925	0.0088802	0.013828	0.023063	0.015376	0.020581	0.016717	0.018422	0.032176	0.023679	0.021004	0.019148	0.013453	0.014503	0.017933	0.0272	0.031382	0.037368	0.041546	0.041508	0.042513	0.037705	0.040897	0.041261	0.035614	0.025248	0.016943	0.017104	0.026391	0.024939	0.02477	0.017901	0.024686	0.017499	0.028861	0.017474	0.0057374	0.016821	0.022288	0.028226	0.023645	0.018345	0.0053691	0.0023505	0.016288	0.023176	0.01966	0.012239	0.0066265	0.028309	3.31E-03	0.016481	0.01697	0.029306	0.024048	0.0049271	0.0012132	0.0051494	0.024356	0.016192	0.014289	0.035385	0.026389	0.040005	0.038771	0.035389	0.034918	0.045312	0.050478	0.066684	0.059699	0.053326	0.051643	0.080917	0.084318	0.098504	0.087962	0.091048	0.09002	0.09146	0.088474	0.074673	0.057161	0.047359	0.046292	0.042602	0.049224	0.052414	0.052013	0.054138	0.051939	0.045666	0.030596	0.025719	0.029989	0.034454	0.041877	0.032449	0.043083	0.034851	0.036482	0.014427	0.028371	0.026104	0.029041	0.033369	0.020492	0.017031	0.03391	0.013566	0.022309	0.024259	0.020211	0.021619	0.010464	0.018168	0.024709	0.025977	2.02E-02	0.020587	0.0019524	0.020585	0.033225	0.024152	0.024791	0.020193	0.028358	0.031899	0.044398	0.037795	0.040081	0.037167	0.055862	0.061656	0.063358	0.047672	0.054882	0.060202	0.05341	0.051557	0.055287	0.067733	0.056327	0.059367	0.048305	0.056445	4.41E-02	0.047561	0.0481	0.063203	0.060158	0.054337	0.035173	0.026861	0.033411	0.031491	0.029695	0.029744	0.025205	0.01133	0.0033608	0.0079445	-0.00074109	-0.0088146	-0.0050538	0.0066828	0.015766	0.020575	1.45E-02	0.018716	0.013131	0.0083074	0.010507	0.018952	0.0062793	-0.004543	0.0067949	0.0074255	0.012158	0.0023192	0.011811	0.0072139	0.0033121	5.91E-03	-0.0061416	-0.0043355	-0.010909	-9.46E-03	0.006056	0.0027618	-0.015137	-0.010339	-0.0083801	-0.018518	-0.0062727	-0.014248	0.0018715	0.011015	-6.36E-04	-0.01043	-0.0038808	-7.47E-03	-0.010297	1.93E-03	0.0086573	0.016555	-0.0054893	8.03E-04	1.37E-02	0.014075	1.10E-02	1.00E-02	0.012312	0.0019275	0.0061697	0.0026773	1.54E-02	9.12E-04	4.11E-04	0.0033997	0.00053936	0.0020801	0.0045823	2.23E-03	4.18E-03	-0.015861	-1.98E-02	-0.0023163	0.0013361	7.35E-03	3.10E-04	-0.003169	6.63E-05	-0.0029393	1.98E-03	-0.001301	0.011244	9.92E-03	-0.0030781	-1.79E-02	-2.24E-02	-0.0089203	-0.012014	-1.52E-02	-0.0095732	1.93E-03	-0.0018244	-4.14E-04	0.00091902	6.21E-03	-2.66E-03	-9.77E-03	0.0022928	7.70E-03	-6.57E-03	2.59E-03	-0.0030726	-0.0010805	7.66E-03	1.32E-02	0.0095226	0.0080571	0.013735	0.00059509	-0.006025	-0.014943	-1.89E-02	-0.018833	-0.019491	-0.0065158	-2.01E-03	-0.0049763	0.00070503	0.0015842	0.00866	0.006131	0.007562	0.00049357	-0.015602	-0.010975	x
0.025116	0.016361	7.22E-03	0.0010482	-0.0033703	0.0014261	0.0023	0.0075347	0.0067696	0.011841	0.0090085	1.08E-02	0.0068473	0.0099942	0.0026619	0.0057679	0.0068855	1.29E-02	0.013141	-0.0014546	0.011065	0.02298	0.026207	0.0067784	1.34E-02	4.46E-03	-0.00099512	1.42E-02	0.02276	0.018394	0.015056	0.0093006	0.0043049	0.0069547	0.024683	3.21E-02	1.18E-02	-0.00013895	0.0074096	1.48E-02	2.33E-02	0.022806	0.035451	0.025637	0.019001	0.014829	0.015424	0.022024	2.42E-02	0.042729	3.93E-02	2.33E-02	0.020302	0.019699	0.019164	2.40E-02	0.024074	0.016436	0.026455	0.023075	2.06E-02	0.026336	0.017949	0.023457	0.029975	0.024505	0.030793	3.29E-02	0.039938	0.04364	0.044777	4.15E-02	0.038936	0.041856	0.035157	0.03985	0.030269	3.57E-02	0.037726	0.034968	0.036293	0.046284	0.046874	0.05143	0.047948	0.048665	0.047039	0.062592	0.06009	0.053236	0.064717	0.064599	0.061124	3.55E-02	0.027698	3.69E-02	0.040119	4.44E-02	0.048528	0.038825	0.04188	0.041896	0.038762	0.040948	0.035723	0.042772	0.047776	0.049336	0.035824	0.033735	0.049813	0.050821	0.055732	0.054247	0.045573	5.76E-02	0.059341	0.056528	0.036483	0.036337	0.037087	0.039264	0.026854	2.12E-02	0.01834	0.03642	0.029636	0.035481	0.032017	0.031576	0.04478	0.037111	0.022852	0.025361	0.031642	0.054022	0.048851	0.038805	0.027428	0.028939	0.046854	0.047746	0.044469	0.0439	0.053982	0.035015	0.042714	0.038573	0.049526	0.035652	0.02344	0.026075	0.03518	0.036879	0.027621	0.030197	0.035385	0.024983	0.028997	0.024335	0.037727	0.043478	0.03884	0.042567	0.044974	0.047619	0.050896	0.046848	0.042668	0.043668	0.050641	0.035649	0.027693	0.026248	0.030641	0.02634	0.03862	0.032048	0.024139	0.019827	0.021227	0.038664	0.031897	0.043995	0.050528	0.049721	0.047386	0.048821	0.059694	0.072646	0.078426	0.086277	0.085731	0.088012	0.082481	0.083072	0.079176	0.081714	0.090988	0.082	0.068446	0.038586	0.030695	0.022747	0.015184	0.014581	0.0066778	0.0069874	0.003084	0.010766	0.022104	0.021534	0.025001	0.020452	0.029181	0.034353	0.039546	0.038842	0.04181	0.048215	0.050688	0.05071	0.051986	0.056384	0.07042	0.082564	0.099695	0.093072	0.082588	0.066046	0.064919	0.057283	0.055318	0.042782	0.029338	0.019153	0.020876	0.030426	0.029092	0.030563	0.023245	0.023089	0.019474	0.030666	0.021969	0.012782	0.0015546	0.0026677	0.0028858	0.0066868	0.011002	-0.0062489	-0.0016618	8.96E-03	0.0043356	0.013413	0.010214	0.0087657	1.22E-04	-0.0026066	0.0092818	0.0043043	0.015925	0.012326	1.08E-02	0.0056468	2.74E-05	0.015241	0.01465	0.015606	0.016902	0.020703	0.018012	0.0091565	0.024562	0.03068	0.027202	0.027995	0.030566	0.016305	0.0209	1.08E-02	0.012913	0.018492	0.011281	0.014001	0.017191	0.025769	0.025723	0.027429	0.018891	0.015806	0.019292	0.02904	0.024482	0.023086	0.025603	0.025497	0.024168	0.031769	0.030544	0.027543	0.029137	0.033777	0.028581	0.020315	0.029693	0.034415	0.042149	0.033045	0.03557	0.034597	0.03189	0.029845	0.046105	0.051912	0.05446	0.055228	0.043361	0.041324	0.039871	0.04114	0.037403	0.043318	0.048564	0.044675	0.039146	0.040161	0.042846	0.060511	0.063739	0.059749	0.060215	0.055451	0.056897	0.055356	0.057751	0.061864	0.046923	0.049065	0.051186	0.055301	0.050823	0.054935	0.053253	0.052762	0.052572	0.056515	0.054183	0.044885	0.043781	0.048669	0.049406	0.052449	0.05213	0.04855	0.053004	0.05316	0.057102	0.061305	0.07655	0.064953	0.058086	0.055377	0.06209	0.063073	0.072091	0.072334	0.081777	0.0846	0.083296	0.080265	0.078673	0.072836	0.083071	0.078165	0.091996	0.082138	0.075186	0.072844	0.077398	0.08635	0.10436	0.10557	0.094254	0.070968	0.058375	0.059376	0.062224	0.05046	0.038383	0.033701	0.030668	0.02853	0.028715	0.020431	0.02715	0.028078	0.030126	0.032756	0.03646	0.029347	0.032773	0.031283	0.017761	0.025255	0.02337	0.022344	0.020326	0.019024	0.016818	0.018848	0.022182	0.010582	0.011833	0.015736	0.01321	0.0168	0.017069	0.020888	0.033332	0.028774	0.023822	0.024844	0.018538	0.023275	0.023887	0.032623	0.030617	0.032191	0.036415	0.038896	0.038969	0.036319	0.03652	0.033845	0.03255	0.02695	0.022728	0.02275	0.030288	0.025123	0.024465	0.022672	0.025501	0.020334	0.025498	0.015553	0.013168	0.023271	0.027884	0.026176	0.025108	0.017972	0.006757	0.0065698	0.0234	0.025923	0.021632	0.01427	0.010408	0.025609	0.0045159	0.016539	0.014818	0.021439	0.018003	0.0066311	0.00085468	0.00086867	0.019684	0.016261	0.017236	0.033755	0.0264	0.038627	0.045416	0.04163	0.04664	0.056669	0.059441	0.072531	0.070827	0.073688	0.07443	0.090411	0.086698	0.095286	0.087828	0.090925	0.092686	0.088366	0.07881	0.066966	0.053535	0.044884	0.048131	0.041707	0.047204	0.052401	0.054634	0.050567	0.045879	0.039783	0.031118	0.024518	0.03244	0.03414	0.037141	0.031428	0.038294	0.030543	0.030027	0.0088789	0.023278	0.016792	0.02387	0.027369	0.017235	0.013668	0.027607	0.015371	0.021347	2.29E-02	0.021483	0.025588	0.014421	0.021108	0.026677	0.026962	0.022326	0.022364	0.0065273	0.022566	0.033218	0.026586	0.029387	0.028076	0.031333	0.037012	4.70E-02	0.041916	0.041071	0.04254	0.058991	0.059931	0.057271	0.048873	0.047365	0.054645	0.046478	0.045569	0.048695	0.059944	0.057624	0.049761	0.039386	0.044918	0.036406	0.03894	0.039398	0.046259	0.044716	0.037786	2.32E-02	0.017137	0.022454	0.023127	0.023604	0.022353	0.023382	0.011791	0.0057458	0.0017298	-0.007317	-0.0096958	-0.0026745	0.0047946	0.013998	0.01496	0.014419	0.01257	0.0073206	0.0016891	0.0031348	0.015083	0.0037021	-0.0038229	0.0059162	0.0074471	0.0095874	0.00024763	0.0089438	0.0048173	1.28E-03	-0.0015427	-0.0056309	-0.0088379	-0.010539	-0.0065674	6.34E-03	-0.00030345	-0.0067721	-0.0026041	-0.0039652	-0.0084742	-0.0037426	-0.0090278	0.00013294	0.0083793	0.0014795	-7.51E-03	-3.72E-03	-0.006399	-8.10E-03	-6.79E-04	0.0046183	1.44E-02	-3.46E-03	-0.00133	5.62E-03	0.0043274	7.51E-03	3.97E-03	0.0074264	-0.0064519	1.74E-03	0.0039746	0.011854	-0.0068144	-4.58E-03	-1.76E-03	-5.25E-03	0.00015205	0.0048869	-0.00086556	-2.57E-03	-2.06E-02	-0.019844	-0.0043642	0.0022028	8.44E-03	3.43E-03	-1.76E-03	0.0008003	-4.35E-03	-0.0048133	-0.0058693	8.54E-03	4.99E-03	-0.0042515	-0.020418	-0.018509	-0.0089876	-0.0098623	-0.015021	-0.0088116	2.04E-03	-0.0058658	-5.53E-03	-0.0088885	-0.0013458	-0.0053073	-0.012226	-1.97E-03	1.04E-02	-1.33E-03	-0.00076216	-0.0020258	0.0029888	0.0063752	0.0082441	1.98E-03	-0.00067323	6.27E-03	-0.0011114	-0.0074308	-1.01E-02	-0.014906	-0.015321	-0.022149	-0.010102	-3.11E-03	-5.35E-03	-0.0032217	-0.002017	2.21E-03	0.00049461	5.02E-03	-0.0022391	-0.015867	-0.0085007	x
0.019161	4.37E-03	0.0030814	0.014083	0.016853	1.35E-02	2.06E-02	2.10E-02	1.22E-02	0.0045577	1.64E-03	-0.0025485	0.0027404	0.0044345	0.0058988	0.0035945	0.0087358	8.33E-03	9.54E-03	0.0037281	0.0068586	-1.89E-03	0.0036922	0.0053374	0.011599	8.35E-03	-0.0013915	0.011543	0.021217	0.024262	0.0093876	0.020835	0.012408	0.0044453	0.015325	0.02723	0.019886	0.017439	1.61E-02	0.0054044	0.010698	2.21E-02	0.027506	0.012055	0.0010192	0.0083892	0.011207	0.019611	0.022439	0.028346	2.28E-02	0.020399	0.021251	1.58E-02	0.017351	0.024683	0.040223	0.035249	0.026225	2.07E-02	0.024395	0.025158	0.03157	0.0317	0.02474	0.034263	2.74E-02	2.85E-02	0.03352	0.027937	0.029658	0.037909	0.032809	0.033261	3.48E-02	0.041007	0.0417	0.044184	0.043355	0.043354	0.046576	0.040319	0.039601	0.027924	0.037894	0.04243	0.0391	0.040611	0.048344	0.048354	0.054698	0.05728	5.26E-02	0.050582	0.062366	0.060457	0.052036	0.060771	0.061721	0.06418	0.043328	0.036277	0.045104	0.047509	0.049358	0.053627	0.044211	0.048996	0.045304	0.041054	0.041369	0.042188	0.042946	0.050405	0.057134	0.04228	0.041713	0.054866	0.05254	0.056396	0.062014	0.053886	5.63E-02	0.056016	0.056804	0.040089	0.037233	0.032659	0.035026	0.024962	0.021369	0.020015	3.77E-02	0.034727	0.037362	0.035439	0.034275	0.045259	0.042318	0.031662	0.033519	0.042378	0.05805	0.049485	0.0426	3.53E-02	0.035559	0.05091	0.052238	0.046343	0.050087	0.055888	0.045151	0.050603	0.042604	0.049537	0.038837	0.027908	0.024884	0.034276	0.036451	0.031878	0.03311	0.03851	0.029919	0.036523	0.030184	0.041541	0.043752	0.044503	0.049409	0.05261	0.047796	0.050485	0.047475	0.040441	0.03789	0.042001	0.033565	0.025344	0.025734	0.028972	0.028729	0.03987	0.034781	0.028705	0.023469	0.029898	0.04384	0.03731	0.05141	0.056944	0.062236	0.063368	0.059657	0.069587	0.072972	0.080233	0.087955	0.086555	0.08606	0.080325	0.082246	0.077183	0.075233	0.079342	0.074166	0.058826	0.030368	0.025018	0.021206	0.013996	0.012302	0.0075359	0.0085494	0.0062633	0.013407	0.024239	0.026212	0.02893	0.024856	0.030567	0.038306	0.043505	0.045012	0.048837	0.051983	0.052725	0.05337	0.057045	0.058841	0.065841	0.076421	0.091864	0.07836	0.06577	0.052723	0.051667	0.047801	0.043776	0.034308	0.027435	0.022958	0.020056	0.028526	0.026891	0.025003	0.018628	0.019793	0.017176	0.027442	0.018866	0.013903	0.0054082	0.007372	0.0063035	0.0079565	0.0085994	-0.0054916	0.00077928	0.0075176	0.0054363	0.013543	0.012343	0.013553	0.0063477	0.008439	0.017665	0.0082297	0.017296	0.016722	0.014905	0.011085	0.0046269	0.01953	0.0158	0.016822	0.018577	0.020485	0.020675	0.013864	0.025502	0.026916	0.024974	0.0241	0.026146	0.015715	0.01656	0.008975	0.017957	0.016512	0.012045	0.01252	0.01548	0.026512	0.022222	0.024731	0.018795	0.019041	0.022567	0.03091	0.028888	0.024876	0.024428	0.023232	0.024526	0.028913	0.027533	0.025175	0.025516	0.03086	0.029072	0.024964	0.034313	0.033625	0.04053	0.034756	0.035451	0.033793	0.031562	0.030738	0.037839	0.047921	0.054756	0.051262	0.045644	0.042018	0.041824	0.044961	0.037305	0.039686	0.042937	0.040822	0.037343	0.043642	0.046893	0.059289	0.062487	0.057644	0.053707	0.05083	0.051211	0.050755	0.053433	0.057735	0.048143	0.049424	0.04837	0.053761	0.050282	0.050858	0.047195	0.053098	0.048782	0.05209	0.052649	0.047861	0.048063	0.050246	0.048599	0.049509	0.050406	0.052321	0.053085	0.057944	0.055997	0.062175	0.077656	0.068117	0.059038	0.058186	0.066732	0.064762	0.072086	0.068159	0.075369	0.082095	0.082376	0.075127	0.079174	0.075965	0.080944	0.074845	0.082388	0.0713	0.065991	0.06369	0.068089	0.073591	0.087499	0.090155	0.080826	0.062941	0.050505	0.050455	0.054226	0.04209	0.03412	0.029673	0.027317	0.026735	0.025973	0.01796	0.023531	0.023397	0.023651	0.024983	0.026424	0.024271	0.027799	0.025465	0.017127	0.020626	0.018412	0.023252	0.019503	0.014627	0.010819	0.013661	0.022518	0.014256	0.0127	1.39E-02	0.014102	0.016505	0.019513	0.023452	0.034508	0.034261	0.025749	0.030357	0.023323	0.031192	0.02919	0.036054	0.030129	0.030155	0.034008	0.035943	0.037052	0.035832	0.032641	0.029937	0.030194	0.030688	0.029216	0.028483	0.034488	0.026327	0.02422	0.0271	0.026241	0.022589	0.023813	0.016332	0.022366	0.031909	0.032941	0.027917	0.030017	0.022772	0.013736	0.014967	0.031955	0.031353	0.026962	0.022877	0.019867	0.028723	0.014291	0.023199	0.019843	0.023311	0.021039	0.014942	0.0090796	0.0044325	0.021786	0.02332	0.025629	0.036262	0.032658	0.042154	0.056363	0.055463	0.062416	0.07103	0.072644	0.082899	0.08745	0.096011	0.098102	0.10492	0.0953	0.097555	0.091659	0.093698	0.095457	0.086008	0.071178	0.061327	0.050921	0.044482	0.049478	0.040884	0.044496	0.049734	0.0515	0.045847	0.038267	0.032636	0.028703	0.021441	0.030101	0.030501	0.029939	0.025457	0.031156	0.024654	0.02481	0.0057002	0.01752	0.0097598	0.016972	0.021999	0.015396	0.014279	2.27E-02	0.014733	0.017252	0.019633	0.018536	0.024285	0.015307	0.023062	0.026962	0.027965	0.025721	0.025251	0.015807	0.025707	0.032205	0.029311	0.033752	0.034629	0.032478	0.040313	0.048094	0.044949	0.04206	0.044721	0.057037	0.054793	0.052215	0.048692	0.042155	0.050788	0.043893	0.042262	0.043574	0.048691	0.055853	0.042429	0.032435	0.031839	0.029094	0.031032	0.031578	0.030557	0.031216	0.022438	0.013658	0.010569	0.014015	0.016102	0.01517	0.01273	0.016734	0.0089862	0.005716	-0.0015024	-8.45E-03	-8.88E-03	-0.0030738	0.0015004	1.12E-02	0.0089802	0.010725	0.0066748	0.0037454	-0.0022998	-0.0020029	0.012005	0.0017729	-0.0029089	5.74E-03	0.0064363	5.44E-03	-0.0012787	0.0033738	5.03E-04	-0.00062667	-0.0052493	-0.0050036	-1.24E-02	-1.07E-02	-4.65E-03	0.0047405	-3.70E-03	-0.0017513	0.00071257	-1.20E-03	-8.67E-04	-0.0028448	-0.00611	-1.17E-03	0.0067228	4.67E-03	-0.0026102	-1.70E-03	-5.99E-03	-0.0079247	-0.0036038	1.05E-03	0.0096914	-0.0024032	-2.85E-03	-1.78E-03	-3.31E-03	0.0026267	-2.99E-03	9.81E-04	-0.011948	-2.53E-03	2.57E-03	0.0061401	-1.29E-02	-0.0080246	-4.45E-03	-0.0087713	-0.0025674	0.0036351	-2.16E-03	-7.31E-03	-2.15E-02	-0.018944	-5.94E-03	-0.00051932	0.0052933	4.77E-03	-0.00027938	1.15E-03	-0.0036842	-0.0096926	-8.82E-03	3.99E-03	7.05E-04	-0.0051111	-0.01936	-1.36E-02	-0.0091014	-0.0086704	-1.57E-02	-0.011781	0.00083277	-8.09E-03	-8.81E-03	-1.45E-02	-0.0071934	-0.0064708	-0.011472	-0.004302	1.15E-02	0.0036751	-0.00094246	0.00034251	5.83E-03	0.0059084	0.0053812	-4.45E-03	-0.0066125	-0.0018431	-3.17E-03	-0.0086935	-0.0078865	-0.011644	-1.20E-02	-2.06E-02	-0.011548	-4.87E-03	-4.30E-03	-0.0047157	x
0.014743	0.00073466	2.93E-03	1.02E-02	1.49E-02	8.89E-03	1.52E-02	0.015486	0.0093533	5.05E-03	0.003248	-0.0012168	5.27E-03	0.0084242	5.75E-03	0.0036634	0.0069098	8.12E-03	9.04E-03	2.32E-03	4.82E-03	-0.0024372	3.29E-03	0.0063847	1.21E-02	8.36E-03	0.0024225	0.014693	0.021881	0.024198	0.014775	2.77E-02	2.16E-02	0.01232	0.016267	2.95E-02	0.021059	1.95E-02	2.00E-02	0.0069954	0.014695	0.02007	2.41E-02	0.013025	6.43E-03	0.011191	0.012306	0.019072	0.023577	2.26E-02	0.020074	0.022178	0.026522	0.018982	0.018003	0.02821	0.039305	0.03292	0.029491	0.024708	0.030182	0.03205	0.037586	3.78E-02	0.033965	0.039866	0.032996	0.036595	0.039074	0.037132	0.035851	0.042786	0.037456	0.035203	0.036454	0.040121	0.041363	4.47E-02	0.043522	0.046146	0.049003	0.04466	0.040083	0.029491	0.042304	0.046762	0.04346	0.042673	0.049199	0.048465	0.056277	0.062982	0.054169	0.053121	0.059546	0.060639	0.050686	0.0577	0.05914	0.064581	0.04926	0.044103	0.050265	0.050742	0.052171	0.056192	0.047296	0.054004	0.05019	0.045699	0.044028	0.046852	0.044299	0.052672	0.062429	0.048743	0.048221	0.057484	0.051381	0.052476	0.061892	0.055203	0.050629	0.049214	0.053476	0.043385	0.03754	0.031584	0.03175	0.024812	0.022687	0.020708	0.035128	0.035929	0.036915	0.036636	0.036681	0.043799	0.044547	0.037858	0.037361	0.047391	0.057634	0.048414	0.045079	0.041125	0.040109	0.051167	0.055229	0.046407	0.052382	0.055863	0.049967	0.052483	0.041987	0.043779	0.038174	0.031559	0.024784	0.034006	0.036963	0.035109	0.03351	0.037399	0.031415	0.040599	0.036432	0.041867	0.042534	0.048195	0.053342	0.053523	0.042977	0.045092	0.043036	0.035299	0.031647	0.034549	0.032832	0.024146	0.024695	0.027519	0.029275	0.038032	0.037496	0.031816	0.027401	0.035542	0.044903	0.041865	0.05817	0.060943	0.071287	0.073962	0.068882	0.0772	0.073933	0.08115	0.085763	0.084884	0.080607	0.07377	0.075019	0.072052	0.067789	0.065065	0.062159	0.044879	0.021911	0.018568	0.018393	0.011525	0.0091491	0.0084398	0.010436	0.0091713	0.017274	0.028756	0.030432	0.031973	0.029287	0.030246	0.038234	0.044464	0.047404	0.0532	0.052968	0.052974	0.053452	0.055855	0.057115	0.059372	0.069246	0.080113	0.062359	0.04878	0.038243	0.038699	0.038848	0.033937	0.028309	0.025587	0.024677	0.01899	0.026331	0.024557	0.019513	0.013763	0.015744	0.01607	0.022364	0.015137	0.0139	0.0077969	0.011937	0.0098229	0.0093474	0.0072476	-0.0010512	0.005641	0.0081578	0.0077753	0.014652	0.014626	0.019449	0.010465	0.016197	0.023308	0.012818	0.01927	0.019459	0.019857	0.017125	0.0088129	0.021868	0.020143	0.019668	0.019733	0.020252	0.021953	0.01799	0.023084	0.022205	0.021768	0.019253	0.022327	0.016693	0.013546	0.008213	0.02119	0.01556	0.012369	0.012309	0.014981	0.026826	0.021485	0.024104	0.020577	0.021553	0.025408	0.031539	0.032173	0.024492	0.022992	0.021373	0.026528	0.027017	0.023716	0.02313	0.020751	0.027238	0.027242	0.026998	0.033766	0.029998	0.035681	0.032431	0.032509	0.030706	0.029767	0.030237	0.029943	0.042873	0.053054	0.04695	0.045971	0.041114	0.041073	0.045665	0.036854	0.036578	0.037588	0.038655	0.038192	0.045424	0.049023	0.057599	0.058569	0.05283	0.046495	0.043583	0.044953	0.043882	0.048335	0.052089	0.047414	0.046711	0.04433	0.052356	0.048397	0.045887	0.040724	0.049945	0.045271	0.047962	0.050927	0.050726	0.051	0.050753	0.047631	0.047855	0.048609	0.054342	0.050566	0.058824	0.0531	0.059879	0.072212	0.06626	0.057903	0.060061	0.066733	0.062762	0.069141	0.063651	0.066372	0.076044	0.07793	0.06906	0.076689	0.074657	0.074682	0.068672	0.069917	0.058087	0.055412	0.054982	0.057763	0.059705	0.069709	0.070293	0.064424	0.053454	0.044228	0.044419	0.044511	0.032733	3.02E-02	0.026074	0.023818	0.025896	0.025065	0.018263	0.02062	0.019615	0.017482	0.019181	0.020643	0.022848	0.025399	0.022192	0.018121	0.016927	0.01458	0.023275	0.017555	0.011776	0.0073927	0.010923	0.021216	1.87E-02	0.016134	0.015529	0.015811	0.018052	0.023201	0.026198	0.03436	0.037198	0.02525	0.033755	0.026595	0.036282	0.033273	0.038302	0.030101	0.029676	0.033342	0.033007	0.036412	0.036653	0.030876	0.029268	0.02867	0.034861	0.034885	0.034289	0.038621	0.028791	0.023929	0.031342	0.028234	0.02536	0.025237	0.020684	0.031611	0.040638	0.037745	0.033192	0.036985	0.030919	0.024734	0.026994	0.041463	0.039869	0.035553	0.03576	0.03406	0.036783	0.030109	0.034395	0.030772	0.033106	0.03228	0.027804	0.023274	0.015587	0.030074	0.035065	0.037522	0.042274	0.043687	0.050842	0.069674	0.073053	0.080647	0.088032	0.089241	0.098048	0.10812	0.11848	0.12096	0.12234	0.10923	0.10527	0.099655	0.09927	0.098335	0.085813	0.067222	0.05804	0.048524	0.045173	0.049586	0.040178	0.041212	0.04483	0.04393	0.039578	0.030954	0.025832	0.024953	0.017326	0.022825	0.02364	0.021427	0.016734	0.022191	0.018771	0.019384	0.0035756	0.011026	0.0053867	0.01097	0.017752	0.012869	0.015856	0.018172	0.012065	0.01148	0.014955	0.013145	0.019194	0.01277	0.023134	0.025079	0.027116	0.027163	0.026565	0.025102	0.02751	0.029767	0.030631	0.036436	0.039275	0.033081	0.04251	0.047579	0.047023	0.043094	0.043879	0.051457	0.048667	0.049659	0.048109	0.038896	0.047143	0.04305	0.040188	0.0402	0.037696	0.051137	0.03798	0.028322	2.06E-02	0.023421	0.024824	0.024558	0.017455	0.021202	0.010762	0.0074087	0.0070952	0.0080484	1.05E-02	0.0063099	0.0028708	0.0073578	3.32E-03	0.0026728	-0.0025641	-0.0062643	-7.03E-03	-0.0043666	-1.85E-03	0.0079884	2.93E-03	0.0047153	0.0013046	0.0019672	-0.0047735	-0.006175	0.0077327	4.26E-04	-3.04E-03	0.0053381	0.0044234	-0.00036691	-0.0038633	-0.0043576	-0.0046009	-0.0022038	-0.0063149	-0.0047401	-1.48E-02	-1.16E-02	-0.0049957	0.0014163	-7.04E-03	-9.79E-05	4.34E-04	-0.00022618	0.0032657	-0.0034634	-0.0054666	-0.0031878	4.12E-03	5.90E-03	7.90E-04	-0.0012741	-6.66E-03	-9.41E-03	-0.0057055	-1.51E-03	3.75E-03	-3.61E-03	-5.10E-03	-7.10E-03	-7.93E-03	-2.65E-03	-0.0093637	-4.41E-03	-0.014002	-0.005797	-1.38E-03	-4.94E-04	-1.68E-02	-9.88E-03	-0.0062157	-0.010919	-0.0058397	0.00044019	-0.0034826	-1.14E-02	-0.020131	-0.018137	-7.01E-03	-0.0041778	-3.31E-04	0.0032347	0.0002487	0.00071912	-2.22E-03	-1.18E-02	-0.0088672	-2.31E-04	-2.91E-03	-6.52E-03	-1.54E-02	-8.17E-03	-8.56E-03	-7.71E-03	-1.56E-02	-0.014786	-0.0010397	-9.92E-03	-1.13E-02	-0.017701	-0.011869	-0.0066852	-8.65E-03	-4.59E-03	0.011169	0.00678	-4.06E-04	0.001819	6.40E-03	5.79E-03	3.19E-03	-8.52E-03	-9.36E-03	-0.0093374	-6.12E-03	-0.011015	-7.66E-03	-9.04E-03	-0.0097234	-1.64E-02	-0.012089	-0.0071724	-3.56E-03	-0.0057021	x
0.0099541	0.011834	0.010803	0.011636	1.08E-05	4.73E-03	0.007508	0.010379	4.99E-03	1.13E-02	0.010378	0.0077974	0.0076917	0.0052773	0.0012615	8.28E-03	1.24E-02	0.0065869	0.0063882	0.0074941	0.010276	1.10E-02	0.0039575	4.43E-03	1.36E-03	0.0050459	0.010482	1.46E-02	1.37E-02	0.0094824	0.019829	0.024423	0.024941	0.020789	0.032181	0.028831	0.020813	0.018113	0.030484	0.022834	0.022628	0.022117	0.010968	0.018085	0.019451	0.022757	0.015363	0.014736	0.015251	0.016314	0.021243	0.025666	0.019949	0.019043	0.024536	0.030183	0.024742	0.02373	0.033863	0.040355	0.033685	0.033339	0.031626	0.036903	0.039782	0.0431	0.042313	0.04317	0.043925	0.039177	0.044123	0.042996	0.043781	0.041025	0.044394	0.037968	0.03542	0.036607	0.037108	0.041771	0.044888	0.042334	0.047169	0.048832	0.047652	0.041545	0.033991	0.047302	0.049687	0.047323	0.043524	0.049895	0.047219	0.055946	0.063574	0.05252	0.053719	0.055266	0.060071	4.86E-02	0.054809	0.056433	0.062029	0.051829	0.049471	0.052095	0.05067	0.05295	0.056853	0.048012	0.056596	0.056398	0.052192	0.047674	0.049511	0.047116	0.054568	0.064593	0.054081	0.052994	0.057889	0.04828	0.046662	0.056019	0.050488	0.042426	0.041488	0.047414	0.043974	0.036365	0.032389	0.030062	0.026397	0.024562	0.020119	0.029772	0.032476	0.034124	0.035634	0.037786	0.040988	0.042996	0.040826	0.037203	0.0463	0.053477	0.046192	0.045721	0.044215	0.041515	0.047747	0.056169	0.045688	0.049414	0.052541	0.048625	4.80E-02	0.037183	0.034828	0.034317	0.032702	0.025247	0.033186	0.035844	0.035768	0.031546	0.033091	0.02871	0.040037	0.040613	0.039578	0.040517	0.048993	0.05318	0.048641	0.035448	0.03683	0.034559	0.028346	0.02545	0.02908	0.033023	0.024253	0.022687	0.025212	0.027774	0.033588	0.038619	0.032355	0.029754	0.037077	0.042363	0.044258	0.061105	0.061512	0.074629	0.078546	0.074702	0.081363	0.074953	0.080405	0.080096	0.079893	0.073365	0.065101	0.064534	0.065763	0.060787	0.050881	0.048907	0.031087	0.015565	0.01275	0.015195	0.0077129	0.0048575	0.0081627	0.01155	0.010603	0.020881	0.032584	0.031041	0.031931	0.031371	0.027795	0.034578	0.041148	0.04509	0.052551	0.049801	0.049993	0.050443	0.050197	0.051727	0.052572	0.061858	0.067104	0.048343	0.035473	0.027116	0.029584	0.0322	0.027348	0.026285	0.025072	0.024812	0.017416	2.31E-02	2.21E-02	0.014724	0.0097843	0.011178	0.015647	0.016446	0.010928	0.012499	0.0075509	1.45E-02	0.012279	0.010659	0.0063786	0.0035413	0.010235	1.01E-02	0.011698	0.017008	0.017253	0.024148	0.013149	0.020158	0.026318	0.018186	0.021241	0.020786	0.024327	0.022307	0.012104	0.02232	0.026457	0.022966	0.019595	0.019542	0.020459	0.020049	0.018422	0.016745	0.017978	0.014078	0.019429	0.01756	0.01187	0.0085914	0.021544	0.01549	0.012321	0.012968	0.015681	0.02598	0.022431	0.024133	0.022091	0.022522	0.026571	0.029552	0.032542	0.021843	0.020711	0.019847	0.029045	0.025379	0.019355	0.021837	0.017085	0.023675	0.023804	0.026385	0.029163	0.023953	0.028947	0.02762	0.02883	0.026615	0.027091	0.028974	0.024174	0.03746	0.049411	0.042389	0.043803	0.038672	0.037757	0.043016	0.035159	0.034264	0.034509	0.037398	0.040364	0.04448	0.047409	0.054777	0.05306	0.048275	0.041837	0.036319	0.03944	0.036793	0.043529	0.045928	0.045253	0.042006	0.040297	0.050923	0.045832	0.041615	0.036037	0.045305	0.04289	0.044994	0.049532	0.051948	0.050519	0.049579	0.046991	0.047035	0.047149	0.054513	0.046597	0.056233	0.050156	0.054894	0.062586	0.060509	0.054875	0.059467	0.062238	0.057461	0.062829	0.059303	0.056806	0.067751	0.071865	0.063379	0.071655	0.06911	0.065944	0.060576	0.057388	0.045765	0.046451	0.048845	0.04792	0.047659	0.053942	0.050565	0.048463	0.043528	0.038111	0.040032	0.034901	0.02408	0.025337	0.021204	0.019351	0.024197	0.025603	0.020318	0.018304	1.68E-02	0.013101	0.016412	0.018146	0.023533	0.024331	0.021277	0.019397	0.015526	0.013001	0.022629	0.015779	0.011099	6.43E-03	0.010415	0.019609	0.02255	0.020814	1.82E-02	0.016724	2.02E-02	0.027126	0.028768	3.21E-02	0.035719	0.021984	0.034145	0.027963	0.037636	0.035435	0.039585	0.030685	0.029586	0.033606	0.030193	0.036174	0.038163	0.031526	0.030563	0.027688	0.037136	0.037958	0.038721	0.041088	0.031299	0.023491	0.035115	0.031345	0.028559	0.029301	0.027379	0.038607	0.046816	0.04174	0.039959	0.043497	0.039198	0.035913	0.040009	0.049965	0.049929	0.045408	0.048852	0.049658	0.047552	0.047265	0.047377	0.045061	0.046552	0.047353	0.041518	0.039	0.031303	0.041258	0.046613	0.049144	0.049883	0.0561	0.062477	0.081744	0.088657	0.097194	0.10448	0.10571	0.11514	0.12844	0.13771	0.14021	0.13913	0.12557	0.11581	0.10969	0.10603	0.10045	0.087577	0.067258	0.057107	0.046596	0.04607	0.048433	0.039722	0.037929	0.038988	0.035006	0.032339	0.025443	0.020359	0.021063	0.013161	0.012792	0.015009	0.013015	0.0080959	0.012632	0.013832	0.013546	0.0013792	3.92E-03	0.0031609	0.007385	0.014357	0.0085784	0.015801	0.013532	0.0080985	0.0056658	0.010212	0.0074611	0.012129	0.0070458	0.02108	0.02089	0.023413	0.025112	0.024799	0.03053	0.026164	0.025811	0.028804	0.035938	0.040476	0.033461	0.042719	0.044853	4.76E-02	0.043455	0.040583	0.044098	0.043207	0.049335	0.047163	0.036436	0.04265	0.042164	0.038395	0.038896	0.03077	0.044357	0.035895	0.026586	0.013834	0.019961	0.020765	0.018988	0.0087639	0.015583	0.0037872	0.0041113	0.0055859	3.82E-03	0.0063821	-0.00019479	-0.0048202	-1.71E-03	-0.003808	-0.0022766	-2.59E-03	-0.0029866	-0.0047783	-4.95E-03	-4.35E-03	0.0052463	-2.47E-03	-1.95E-03	-0.0036805	0.0011627	-6.30E-03	-0.0095684	0.0017408	-0.00054543	-0.0044612	3.57E-03	0.0019204	-0.0063473	-0.0078312	-0.012418	-9.00E-03	-2.97E-03	-0.0063614	-5.25E-03	-0.015947	-1.24E-02	-7.28E-03	-2.63E-03	-9.63E-03	-1.26E-03	-0.002064	-1.20E-03	0.0030753	-0.00564	-6.84E-03	-0.0067399	-0.0009851	3.18E-03	7.12E-04	-0.0040208	-8.13E-03	-0.011354	-0.0065533	-2.81E-03	-2.09E-03	-7.17E-03	-8.28E-03	-0.0097425	-9.89E-03	-7.32E-03	-0.013674	-0.0072208	-1.26E-02	-0.0076972	-0.0068715	-0.0067203	-0.018808	-1.02E-02	-7.99E-03	-1.22E-02	-9.20E-03	-4.29E-03	-5.91E-03	-1.55E-02	-1.81E-02	-1.81E-02	-8.03E-03	-0.0064978	-6.08E-03	-0.00098078	-1.13E-03	-9.04E-04	-1.67E-03	-1.17E-02	-0.0064093	-2.80E-03	-5.43E-03	-0.0084134	-9.93E-03	-0.0037813	-7.29E-03	-6.91E-03	-0.01436	-1.56E-02	-0.0032004	-0.011965	-1.38E-02	-1.96E-02	-0.015391	-6.52E-03	-5.44E-03	-0.0039695	9.36E-03	7.01E-03	-0.00096128	0.0013503	4.90E-03	0.0058602	0.00095709	-0.010095	-9.85E-03	-1.48E-02	-9.89E-03	-1.43E-02	-0.0082572	-0.0071838	-9.02E-03	-0.012083	-1.30E-02	x
1.44E-02	0.01403	9.90E-03	1.08E-02	0.0034797	0.0081495	0.0066123	0.0051023	3.15E-03	9.30E-03	6.83E-03	6.92E-03	0.010808	0.0075412	0.0053518	1.15E-02	0.015014	0.0081359	1.09E-02	0.011211	1.54E-02	1.58E-02	0.0085996	0.0061385	0.0079911	0.0093269	1.72E-02	0.018645	0.022004	0.017951	0.025715	0.027708	0.025304	0.025442	0.034065	0.032309	0.02848	0.021703	3.23E-02	0.025803	2.75E-02	0.024362	0.017886	0.020374	0.020638	0.02389	0.019297	0.0234	0.019708	0.021093	0.0248	0.028612	0.021206	0.020444	0.027666	0.032079	0.032149	0.032553	0.040177	0.042518	0.037478	0.037742	0.040062	0.043875	0.047969	0.049069	0.045273	0.050819	0.047305	0.045054	0.05022	0.0457	0.047392	0.044971	0.044147	0.035792	0.034387	0.035187	0.033182	0.042201	0.044178	0.040455	0.046379	0.046234	0.048745	0.043587	0.038957	0.050879	0.050543	0.050088	0.044111	0.051001	0.045332	0.053941	0.059948	0.048339	0.052884	0.051324	0.058476	0.045995	0.052137	0.053564	0.057754	0.051361	0.051894	0.051616	0.04953	0.052808	0.056416	0.047042	0.057103	0.062832	0.058892	0.050856	0.050648	0.051403	0.056774	0.064685	0.058021	0.056282	0.057169	0.045012	0.041738	0.048044	0.042758	0.034914	0.035816	0.040456	0.041011	0.033863	0.033092	0.029666	0.028747	0.026176	0.018775	0.023949	0.025954	0.029836	0.033132	0.036806	0.037484	0.038413	0.040864	0.034713	0.041081	0.047895	0.043675	0.044667	0.04423	0.040158	0.04248	0.05556	0.045857	0.042701	0.04621	0.042698	0.038963	0.030382	0.026149	0.029172	0.030929	0.025692	0.030907	0.031726	0.033788	0.029195	0.028071	0.023345	0.035702	0.041495	0.037067	0.038972	0.047529	0.049451	0.041248	0.028317	0.028956	0.025404	0.021718	0.020362	0.025726	0.033805	0.024948	0.019442	0.021659	0.024993	0.027668	0.037259	0.030765	0.029449	0.034372	0.038288	0.044612	0.05927	0.059033	0.072406	0.078393	0.076399	0.081504	0.07483	0.077829	0.07263	0.07265	0.067127	0.057584	0.0548	0.060255	0.055618	0.039059	0.036897	0.020727	0.012065	0.0083455	0.012771	0.0038926	0.00022024	0.006177	0.011289	0.010427	0.022896	0.032889	0.026749	0.027995	0.030108	0.024242	0.029844	0.034845	0.039781	0.047421	0.042996	0.044181	0.045338	0.043153	0.044761	0.046821	0.055078	0.05595	0.038989	0.028563	0.022139	0.025891	0.028444	0.024475	0.028163	0.026418	0.024405	0.015679	0.01901	0.019636	0.011176	0.0072574	0.006472	0.01521	0.011445	0.0073221	0.01026	0.0049024	0.013898	1.33E-02	0.011367	0.0054659	0.0060844	0.012441	0.012384	0.016674	0.020145	0.020048	0.026194	0.015027	0.020442	0.027134	0.023348	0.022816	0.022014	0.02733	0.026127	0.01522	0.022147	0.032638	0.025023	0.01794	0.018133	0.016373	0.019575	1.33E-02	0.011487	0.01452	0.0096583	0.017028	0.016694	0.010902	0.0092558	0.018997	0.015792	0.011336	0.01344	0.016903	0.023478	0.023258	0.023614	0.021836	0.021742	0.025699	0.024823	0.029414	0.017459	0.017214	0.018257	0.031104	0.023802	0.01583	0.021774	0.015948	0.021458	0.020123	0.023785	0.022747	0.017216	0.022329	0.022314	0.026206	0.022997	0.024228	0.027241	0.020845	0.031917	0.044672	0.038421	0.040413	0.035397	0.033632	0.038507	0.032631	0.032853	0.034208	0.036142	0.042356	0.041092	0.041724	0.050796	0.047562	0.045784	0.0409	0.031623	0.036174	0.031967	0.040298	0.040773	0.042719	0.036886	0.0368	0.049113	0.043274	0.039122	0.034367	0.041037	0.041778	0.043375	0.048795	0.050497	0.046529	0.047579	0.047413	0.046505	0.045942	0.053254	0.042002	0.051926	0.048728	0.049188	0.052593	0.053521	0.050499	0.056232	0.055114	0.050815	0.054309	0.055733	0.049824	0.060094	0.066412	0.059263	0.066082	0.061339	0.057166	0.052592	0.047659	0.037144	0.041181	0.046319	0.040477	0.040182	0.042901	0.036123	0.03669	0.035213	0.032153	0.036446	0.02751	0.017912	0.019452	0.014871	0.014093	0.020612	0.026725	0.022752	0.017365	0.015153	0.010992	0.015582	0.016996	0.023737	0.022569	0.021226	0.019498	0.016122	0.013195	0.021132	0.014761	0.012315	0.0074568	0.011896	0.019006	0.024569	0.024687	0.020026	0.016284	0.02218	0.030518	0.030925	0.028369	0.030354	0.016917	0.032067	0.028144	3.60E-02	0.035483	0.039833	0.03181	0.029452	0.034526	0.027815	0.035733	0.03949	0.033788	0.03241	0.02693	0.036165	0.037712	0.040225	0.040736	0.032416	0.023085	0.038158	0.034562	0.031648	0.033949	0.033985	0.042007	0.048907	0.04424	0.045565	0.047224	0.044732	0.043443	0.050719	0.055578	0.059087	0.053824	0.058339	0.062912	0.058563	0.061126	0.059466	0.059455	0.058795	0.060718	0.052506	0.05196	0.047182	0.051464	0.053661	0.057189	0.056869	0.066021	0.073682	0.089617	0.09789	0.1085	0.11715	0.11865	0.13032	0.14396	0.15107	0.15426	0.15254	0.14129	0.12628	0.11927	0.11214	0.10152	0.090535	0.070587	0.058465	0.046127	0.04695	0.046931	0.039763	0.035547	0.033826	0.028329	0.02542	0.022364	0.016537	0.01765	0.0096523	0.0032722	0.0067279	0.0058408	0.0017894	0.0038112	0.009923	0.0079712	-1.65E-03	-0.0032935	0.0020354	0.0060809	1.11E-02	0.0026668	0.012762	0.0082722	0.0034492	0.00116	0.0069866	3.41E-03	0.0049441	-0.00067345	0.01756	0.014804	0.017153	0.020025	0.020095	0.030637	0.021749	0.020883	0.023222	0.03198	0.037321	0.033446	0.039959	0.039908	0.046047	0.042486	0.035922	0.03712	0.039404	0.050034	0.045844	0.033668	0.037264	0.04073	0.036631	0.039431	0.029627	0.037406	0.035035	0.0258	0.012674	0.018423	1.85E-02	0.01547	0.0052511	0.013929	0.00097481	0.0026559	4.33E-03	0.00022504	0.0032548	-0.0024181	-8.68E-03	-0.0077737	-0.010627	-6.91E-03	-0.0026219	-0.00043484	-2.85E-03	-0.0041964	-0.0059639	0.0031569	-6.37E-03	-0.0077166	-0.0084823	4.02E-04	-6.95E-03	-0.011623	-5.06E-03	-1.29E-03	-6.16E-03	1.83E-04	-1.08E-04	-1.05E-02	-1.26E-02	-0.018811	-1.14E-02	-0.0025244	-0.0067517	-0.0067585	-0.016235	-1.25E-02	-1.00E-02	-0.0061984	-0.011004	-3.85E-03	-5.20E-03	-0.0037759	-0.0010917	-8.83E-03	-9.35E-03	-1.16E-02	-0.0085216	-3.23E-03	-2.68E-03	-9.23E-03	-9.44E-03	-1.21E-02	-6.24E-03	-3.01E-03	-0.0067001	-0.01179	-1.16E-02	-0.010211	-1.05E-02	-0.010788	-0.015235	-7.78E-03	-8.97E-03	-8.57E-03	-1.23E-02	-0.011581	-0.019841	-0.0093214	-9.91E-03	-0.012931	-1.19E-02	-9.38E-03	-0.0096642	-1.96E-02	-0.016815	-1.94E-02	-0.0099993	-6.59E-03	-9.98E-03	-6.31E-03	-4.60E-03	-0.0037438	-0.00354	-1.10E-02	-0.0034926	-3.79E-03	-0.0065614	-1.02E-02	-5.04E-03	-1.48E-03	-0.0057945	-6.64E-03	-0.012965	-0.014069	-0.005627	-0.014156	-0.016603	-2.06E-02	-0.017294	-6.34E-03	-0.0032734	-3.79E-03	0.0062222	4.67E-03	-3.08E-03	-0.00047069	2.80E-03	6.40E-03	-0.0013309	-9.99E-03	-9.57E-03	-0.017389	-1.37E-02	-1.77E-02	-8.88E-03	-0.0062228	-0.010092	-9.97E-03	-0.015144	x
1.81E-02	0.015247	0.010114	0.01308	0.010862	1.30E-02	0.0081859	0.0013979	0.0044689	8.74E-03	5.17E-03	6.10E-03	0.013088	0.010029	1.05E-02	0.014837	1.57E-02	0.010543	0.016918	1.83E-02	0.023147	2.27E-02	1.56E-02	0.010482	1.51E-02	0.016278	0.025559	0.023428	0.03008	2.61E-02	0.031559	0.030765	0.024849	0.028049	0.034219	0.031959	0.034871	0.02727	0.037038	0.029934	0.033567	0.028429	2.70E-02	2.17E-02	0.023344	0.02668	0.02438	0.030444	0.024146	0.025413	0.0281	0.032699	0.026086	0.023948	0.031592	0.032612	0.040173	0.041742	0.045853	0.044257	0.042766	0.042457	0.048786	0.050723	0.056495	0.056259	0.047103	5.59E-02	0.050527	0.049842	0.054077	0.047689	0.048694	0.04828	0.044414	0.033416	0.033583	0.033276	0.030256	0.042355	0.042933	0.038713	0.043934	0.041579	0.047858	0.045498	0.042009	0.051404	0.04914	0.051455	0.04492	0.052327	0.043647	0.050878	0.054785	0.04319	0.051797	0.048658	0.055501	0.043487	0.050364	0.050958	0.053468	0.049363	0.052174	0.05031	0.049708	0.053492	0.05571	0.045549	0.056551	0.068534	0.064193	0.052674	0.051325	0.057319	0.060211	0.064698	0.06132	0.058679	0.056974	0.043418	0.039209	0.041067	0.035254	0.031212	0.034104	0.034316	0.035419	0.030903	0.032022	0.029394	0.030568	0.026974	0.017385	0.019294	0.018802	0.02499	0.030038	0.033445	0.033746	0.032221	0.038608	0.03181	0.034818	0.043246	0.041649	0.042528	0.041243	0.037249	0.037342	0.054103	0.047796	0.035213	0.03824	0.035215	0.028557	0.024235	0.020252	0.024669	0.026845	0.025563	0.026894	0.024773	0.030242	0.028729	0.024803	0.018136	0.029499	0.039207	0.03659	0.039139	0.04537	0.04371	0.034923	0.023732	0.023849	0.018913	0.017136	0.017331	0.023788	0.03488	0.025098	0.015248	0.017573	0.022255	0.021592	0.033827	0.028674	0.026683	0.02836	0.034877	0.043952	0.053871	0.054546	0.066477	0.075603	0.074345	0.077503	0.072111	0.073719	0.065366	0.065228	0.063766	0.05356	0.04848	0.056525	0.052615	0.030087	0.026887	0.014596	0.010708	0.0049969	0.011637	0.0015659	-0.0038715	0.0026696	0.0095123	0.0092133	0.02289	0.028533	0.018285	0.021039	0.0261	0.021323	0.026772	0.028263	0.034085	0.04024	0.034418	0.037285	0.039741	0.037638	0.038753	0.042919	0.04974	0.048361	0.035116	0.028332	0.022975	0.026629	0.026888	0.024578	0.032425	0.029327	0.024706	0.014569	0.014999	0.017415	0.0088847	0.0057964	0.0021439	0.01409	0.0088227	0.0055171	0.007907	0.0011393	0.010682	0.01356	0.010941	0.0043135	0.0070227	0.01187	0.014155	0.021629	0.023024	0.02225	0.02512	0.016208	0.017536	0.026352	0.027116	0.023859	0.024409	0.028567	0.02912	0.019497	0.022669	0.036636	0.024691	0.015355	0.016131	0.011035	0.017256	0.0093835	0.0076584	0.012288	0.0069144	0.014365	0.013341	0.0095407	0.0090437	0.014508	0.015749	0.0084633	0.012576	1.78E-02	0.019711	0.022582	0.022178	0.019439	0.019597	0.023391	0.018779	0.023514	0.012083	0.012311	0.016073	0.032302	0.022627	0.014687	0.02337	0.017283	0.021551	0.01734	0.019998	0.016535	0.011681	0.017262	0.017799	0.025268	0.021074	0.02167	0.024861	0.019169	0.026239	0.040032	0.03584	0.037571	0.031824	0.030599	0.034022	0.030408	0.03218	0.035769	0.034401	0.043131	0.036572	0.03308	0.046126	0.043008	0.045281	0.042509	0.030466	0.035779	0.030736	0.039213	0.037624	0.040445	0.032136	0.033209	0.046244	0.041069	0.038277	0.035367	0.038018	0.041216	0.042487	0.048276	0.046274	0.040856	0.046402	0.049313	0.045593	0.044434	0.051111	0.036865	0.047743	0.049317	0.044981	0.045486	0.047649	0.04533	0.051465	0.047797	0.045052	0.045441	0.053283	0.047629	0.055694	0.063049	0.057483	0.062344	0.053915	0.050314	0.046689	0.041856	0.032883	0.039304	0.046759	0.036786	0.038438	0.037412	0.02986	0.031123	0.030292	0.027287	0.033302	0.023635	0.015153	0.013111	0.0079615	0.0090358	0.015123	0.02741	0.024485	0.018608	0.014663	0.01029	0.014736	0.015755	0.021302	0.01841	1.98E-02	0.017422	0.017046	0.013595	0.018361	0.014625	0.014587	0.009739	0.015199	0.019969	0.024229	0.025716	0.019836	0.01481	0.023197	0.033031	0.032716	0.024233	0.023332	0.011303	0.028552	0.028253	0.032823	0.03387	0.038787	0.032795	0.029222	0.036154	0.026296	0.034947	0.040007	0.036383	0.034111	0.026355	3.23E-02	0.035002	0.038018	0.037505	0.031297	0.023059	0.040337	0.036766	0.034157	0.036766	0.038395	0.042014	0.046995	0.044648	0.048014	0.04676	0.046123	0.045548	0.05677	0.057517	0.06554	0.058866	0.062675	0.071836	0.068432	0.069504	0.069101	0.071316	0.066997	0.068928	0.059423	0.060206	0.059876	0.058389	0.054856	0.060466	0.061648	0.070862	0.081775	0.092394	0.099753	0.1138	0.12491	0.1269	0.14076	0.15239	0.15782	0.16337	0.16152	0.15457	0.13499	0.12684	0.11614	0.10194	0.093761	0.075772	0.061856	0.047862	0.048181	0.046204	0.040418	0.034586	0.030025	0.02589	0.019733	2.11E-02	0.01396	1.46E-02	0.0067248	-0.0033763	0.00022708	0.00018043	-0.0016104	-0.0038241	0.0062916	0.0032935	-0.0057858	-0.010032	0.001076	0.0054201	0.0068913	-0.0041941	0.0064373	0.0017313	-0.0020228	-0.0016311	0.0060687	0.0017324	-0.0013366	-0.0089613	0.013431	0.0072568	0.009316	0.013287	0.013592	0.026581	0.015868	0.015697	0.014468	0.025414	0.029921	0.032517	0.033724	0.033086	0.042282	0.039861	0.030729	0.032122	0.037418	0.05049	0.044361	0.029909	0.031507	0.039199	0.034953	0.040711	0.032791	0.032041	0.034019	0.024166	0.01608	0.017828	0.016965	0.01366	0.005942	1.45E-02	0.00086228	1.86E-03	0.0019527	-0.0037112	6.99E-05	-3.93E-04	-0.0086851	-0.0098336	-0.016121	-0.0092807	-3.21E-03	0.0005646	-0.0019882	-2.70E-03	-0.0075588	1.10E-03	-8.45E-03	-1.18E-02	-0.013117	-8.75E-04	-0.0064753	-1.18E-02	-0.011326	-1.75E-03	-0.006562	-0.0041628	-9.34E-04	-0.011719	-1.76E-02	-0.022653	-0.011456	-0.00085889	-7.93E-03	-9.28E-03	-0.016363	-0.011633	-1.15E-02	-0.0088181	-1.14E-02	-6.22E-03	-7.84E-03	-0.0072827	-7.92E-03	-1.19E-02	-0.011854	-1.67E-02	-0.017042	-1.14E-02	-7.90E-03	-1.48E-02	-9.54E-03	-1.02E-02	-0.0050047	-2.63E-03	-9.72E-03	-1.57E-02	-1.42E-02	-9.82E-03	-1.14E-02	-0.013022	-1.43E-02	-0.0080283	-5.49E-03	-0.0091998	-0.016125	-0.014881	-0.021077	-0.0084311	-0.011473	-1.28E-02	-1.31E-02	-0.013541	-0.014219	-2.36E-02	-1.70E-02	-0.022232	-1.41E-02	-0.0051943	-0.011453	-0.010845	-9.63E-03	-0.0075472	-0.008622	-0.011702	-0.0025565	-4.40E-03	-6.44E-03	-1.12E-02	-1.95E-03	-1.11E-03	-4.78E-03	-7.38E-03	-0.012703	-1.20E-02	-0.0085493	-0.016238	-1.93E-02	-0.020607	-0.016867	-0.0061527	-0.002307	-0.0044265	0.0021762	0.0010198	-6.13E-03	-0.0020059	0.0019628	8.01E-03	-3.21E-03	-9.26E-03	-9.58E-03	-1.75E-02	-1.67E-02	-0.020057	-0.0096627	-0.0062647	-1.27E-02	-1.14E-02	-1.84E-02	x
0.038507	3.44E-02	0.021591	0.016371	1.25E-02	1.87E-02	2.07E-02	1.95E-02	0.012864	1.14E-03	0.009706	0.0087211	5.20E-03	0.0051297	0.014156	0.012531	1.52E-02	0.01831	0.014955	0.01439	0.025079	0.028812	0.032639	3.12E-02	0.02451	0.01842	0.020875	0.025894	0.035174	0.029042	0.03499	0.033346	0.03752	0.033341	0.024247	0.029407	0.033738	0.028773	0.040211	0.034417	0.045844	0.034741	0.039859	0.035558	0.036735	0.022447	0.026736	0.029599	0.029864	0.035456	0.028935	0.0295	0.029717	0.038479	0.034262	0.029005	0.036136	0.032492	0.04804	0.048936	0.050026	0.04384	0.047332	0.047087	0.05694	0.057611	0.065784	0.065181	0.048531	0.05817	0.053238	0.052718	0.054793	0.049009	0.048673	0.051787	0.047419	0.032937	0.034171	0.031936	0.029951	0.042052	0.041997	0.037675	0.03985	0.034625	0.045136	0.046533	0.041837	0.047707	0.045277	0.051139	0.045762	0.053022	0.042587	0.047283	0.051129	0.038695	0.051347	0.046513	0.050086	0.041626	0.050339	0.049246	0.050166	0.047229	0.051483	0.048863	0.052724	0.05661	0.055271	0.044652	0.056241	0.073199	0.066877	0.052715	0.052588	0.065547	0.06557	0.066283	0.065053	0.06054	0.058946	0.044779	0.038872	0.036208	0.029883	0.033563	0.036785	0.029869	0.028887	0.028325	0.028117	0.027799	0.030889	0.026842	0.016008	0.015451	0.01275	0.019879	0.026796	0.027672	0.029791	0.025294	0.033869	0.029409	0.029789	0.040534	0.040404	0.039841	0.035098	0.033694	0.033102	0.051845	0.050652	0.029436	0.030142	0.029194	0.019919	0.020674	0.017932	0.021755	0.021074	0.024183	0.021434	0.015929	0.026466	0.031512	0.024682	0.015916	0.022881	0.034086	0.038998	0.041791	0.043999	0.037537	0.032071	0.022184	0.022082	0.016781	0.015104	0.017015	0.022109	0.035956	0.023599	0.011044	0.014575	0.020824	0.016362	0.029787	0.027855	0.022413	0.0203	0.033338	0.043172	0.046612	0.048486	0.058564	0.071295	0.06885	0.069047	0.065201	0.068281	0.059772	0.059349	0.063087	0.053714	0.04614	0.054424	0.050822	0.022879	0.017963	0.011731	0.010221	0.0013261	0.011209	0.0014372	-0.0072527	-0.0020261	0.0061264	0.0074512	0.021262	0.019946	0.00724	0.012925	0.020757	0.020635	0.026956	0.023855	0.029694	0.033337	0.026052	0.031085	0.034727	0.035446	0.035696	0.041294	0.046921	0.044053	0.035924	0.033251	0.026948	0.029585	0.026413	0.026581	0.037282	0.033053	0.026601	0.01504	0.012529	0.015755	0.0071394	0.0043366	-0.00097896	0.011686	0.0092835	0.0062615	0.0056752	-0.002265	0.0062396	0.013943	0.0088334	0.0030879	0.0091061	0.0097105	0.015128	0.025334	0.024227	0.022579	0.020988	0.016009	0.011434	0.024376	0.028726	0.024225	0.028335	0.028071	0.032214	0.026112	0.024449	0.036761	0.021547	0.012907	0.013676	0.006007	0.014316	0.0076522	0.0065218	0.011946	0.0066919	0.010993	0.0075305	0.0064922	0.0071928	0.0093068	0.014467	0.0026647	0.009615	0.017998	0.0162	0.020239	0.020425	0.015408	0.016867	0.020899	0.014086	0.016413	0.0062679	0.0058889	0.012781	0.032514	0.022272	0.016859	0.026906	0.019695	0.023973	0.015821	0.015275	0.011236	0.0084388	0.014054	0.014069	0.025457	0.02176	0.019543	0.0211	0.018247	0.020535	0.036548	0.034759	0.036189	0.027645	0.029185	0.03038	0.029355	0.031943	0.037787	0.032197	0.042041	0.032239	0.022893	0.040827	0.038565	0.044966	0.044268	0.031799	0.037562	0.032701	0.03993	0.03664	0.038073	0.02709	0.027993	0.041151	0.038878	0.037692	0.037369	0.03605	0.040017	0.041484	0.046704	0.039754	0.036222	0.047612	0.052523	0.043229	0.041501	0.048173	0.03061	0.044267	0.051029	0.043584	0.042661	0.043404	0.039379	0.046724	0.042234	0.04156	0.037912	0.051787	0.05054	0.055635	0.061964	0.058417	0.062166	0.048698	0.046271	0.043798	0.038903	0.031469	0.038469	0.04833	0.03742	0.042055	0.036436	0.031852	0.031868	0.029701	0.024496	0.030643	0.023541	0.015974	0.00728	0.0015934	0.0055576	0.0080891	0.026711	2.50E-02	0.022283	0.014911	0.0093231	0.012548	0.014374	0.01532	0.011234	0.014843	0.012819	0.016214	0.012565	0.014141	0.015709	0.017143	0.012414	0.02009	0.02213	0.02099	0.022135	0.017516	0.012829	0.02277	0.034515	0.0343	0.020607	0.016858	0.0056581	0.0238	0.028874	0.02934	0.031544	0.036062	0.032066	0.028612	0.038391	0.02604	0.033911	0.039366	3.82E-02	0.035935	0.026397	0.027183	0.031841	0.031831	3.18E-02	0.02751	0.023731	0.041339	0.037112	0.035728	0.035939	0.03964	0.039608	0.04183	0.042134	0.046077	0.041015	0.04297	0.042488	0.056828	0.055762	0.068574	0.059639	0.062545	0.076452	0.076937	0.072472	0.07554	0.078786	0.071016	0.071737	0.063525	0.0642	0.06767	0.061423	0.051436	0.059411	0.063142	0.069623	0.085376	0.090548	0.095709	0.11463	0.12838	0.13107	0.14473	0.15299	0.15786	0.16797	0.16573	0.16427	0.14127	0.13162	0.11684	0.10228	0.096055	0.0809	0.066739	0.051758	0.050324	0.046867	0.041449	0.034836	0.026886	0.027397	0.015191	0.020196	1.18E-02	1.15E-02	3.57E-03	-0.0064072	-0.0042786	-0.0043798	-0.0029945	-0.010795	0.0018673	-3.28E-04	-1.08E-02	-0.015603	-0.0001095	0.0030398	0.001002	-0.011637	-0.0035215	-0.007203	-0.0094393	-0.0031989	0.007167	0.0019436	-0.0066456	-0.016787	0.009044	-0.0017192	0.00073175	0.005912	0.0064198	0.020646	0.010484	0.01075	0.0035783	0.01727	0.01874	0.029704	0.023671	0.024314	0.036152	0.035452	0.02502	0.029963	0.036908	0.049951	0.043104	0.024853	0.025885	0.038269	0.033126	0.040943	0.036477	0.02893	0.031345	1.99E-02	0.021912	1.69E-02	0.014733	0.012261	0.0089895	1.53E-02	0.0023427	0.0012107	-2.07E-03	-8.55E-03	-0.0045444	4.42E-03	-6.04E-03	-0.0085496	-0.020295	-0.0082598	-4.45E-03	5.57E-05	-0.0030826	-0.0019496	-1.06E-02	-0.002343	-9.09E-03	-1.42E-02	-0.017232	-0.0025385	-0.0045699	-0.010442	-1.62E-02	-0.0016049	-0.0043378	-0.0086458	-0.00066935	-1.03E-02	-2.22E-02	-2.44E-02	-9.72E-03	1.52E-03	-0.0093639	-0.012677	-0.016778	-0.010205	-0.010797	-1.10E-02	-1.15E-02	-7.10E-03	-0.0095332	-1.12E-02	-1.61E-02	-0.013866	-0.013517	-0.021224	-2.46E-02	-1.90E-02	-0.013527	-1.87E-02	-0.0076339	-4.87E-03	-0.0028367	-2.37E-03	-1.15E-02	-1.75E-02	-1.53E-02	-0.0099274	-1.33E-02	-0.014208	-1.14E-02	-1.07E-02	-0.0049561	-1.06E-02	-1.77E-02	-1.69E-02	-0.023585	-9.14E-03	-0.011976	-0.011199	-1.27E-02	-1.58E-02	-0.01863	-2.69E-02	-0.018257	-2.68E-02	-2.16E-02	-0.0040986	-0.011277	-1.33E-02	-1.54E-02	-1.21E-02	-0.01706	-0.015125	-0.0052321	-0.0061431	-0.0053343	-1.12E-02	-0.00079137	-1.23E-03	-0.0047408	-9.40E-03	-0.01456	-0.011532	-1.21E-02	-1.81E-02	-0.020823	-1.90E-02	-1.32E-02	-5.63E-03	-0.0011724	-0.0049368	-0.002419	-0.0026664	-9.38E-03	-1.51E-03	3.84E-03	0.011392	-0.0040098	-0.0082285	-9.83E-03	-0.015529	-0.017962	-0.021043	-1.18E-02	-7.52E-03	-1.66E-02	x
0.055727	0.044859	0.024973	0.017624	1.77E-02	0.027688	0.030452	2.82E-02	0.021468	5.83E-03	0.019548	0.0077858	0.0066827	4.26E-03	0.014897	0.014308	1.66E-02	0.021164	0.014008	0.020707	0.037107	0.04324	0.043716	0.04163	0.035973	0.031593	0.023915	0.037609	0.045906	0.03646	3.43E-02	0.039739	0.044709	0.036225	0.025416	0.031702	0.03326	2.38E-02	0.04474	0.04213	0.059422	0.039763	0.045526	0.04669	0.045455	0.023484	0.029446	0.030497	0.035033	3.96E-02	0.035174	0.034904	0.028662	0.046912	0.046281	0.035659	0.040762	0.032525	0.055342	0.052512	0.052132	0.039406	0.048739	0.051061	0.063663	0.065171	0.077054	0.076177	0.050501	0.057805	0.054045	0.052666	0.051053	0.048844	0.047828	0.056172	0.054823	0.035323	0.0361	0.031263	0.033014	0.040511	0.041974	0.037486	0.033769	0.023854	0.040573	0.045953	0.0385	0.038995	0.03862	0.048694	0.045766	0.05191	0.04221	0.043597	0.052043	0.036584	0.051919	0.04237	0.040062	0.040563	0.052912	0.049275	0.047799	0.045552	0.050625	0.046467	0.059078	0.063186	0.055344	0.045495	0.05772	0.077242	0.065819	0.05069	0.055179	0.077719	0.073296	0.070293	0.069902	0.061553	0.064731	0.049871	0.039228	0.032736	0.027323	0.043732	0.043344	0.027439	0.023153	0.026675	0.02095	0.023925	0.029251	0.026095	0.013462	0.0096559	0.0084222	0.013957	0.023133	0.019777	0.025555	0.017866	0.024835	0.026971	0.026479	0.039148	0.039653	0.036768	0.024982	0.029354	0.028888	0.048054	0.05139	0.026751	0.023689	0.027586	0.016166	0.020925	0.018955	0.020335	0.01358	0.020637	0.015659	0.0063177	0.02387	0.037883	0.027936	0.019362	0.016366	0.025579	0.043444	0.047422	0.044555	0.032543	0.034116	0.022901	0.022729	0.019053	0.015087	0.020205	0.019499	0.036882	0.019665	0.0088994	0.015312	0.021752	0.012666	0.027564	0.029586	0.017759	0.011431	0.033802	0.042559	0.038454	0.040201	0.049422	0.06478	0.059424	0.055841	0.052727	0.061656	0.057039	0.055905	0.062808	0.057699	0.046961	0.05322	0.048472	0.015871	0.0086061	1.11E-02	0.0094815	-0.0049688	0.0095576	0.0030465	-0.010754	-0.0079121	0.00075643	0.0050885	0.018919	0.0085453	-0.0046359	0.0061722	0.015408	0.023395	0.030647	0.02313	0.026842	0.027832	0.019494	0.026769	0.03063	0.037597	0.03724	0.042744	0.048576	0.04123	0.039898	0.041202	0.030428	0.032995	0.026537	0.030113	0.041849	0.03674	0.030066	0.01816	0.013331	1.51E-02	0.0043898	0.0016689	-0.0011944	0.0074707	0.012918	0.0097362	0.0029833	-0.0042826	0.0024628	0.015246	0.0043275	0.0022918	0.016645	0.0082436	0.015276	0.02636	0.021766	0.019458	0.014229	0.012903	0.0011401	2.16E-02	0.028136	0.023579	0.03299	0.025726	0.036171	0.035575	0.02724	0.03131	0.015474	0.011864	0.010697	2.61E-03	0.011976	0.0090732	0.0095439	0.014048	0.010595	0.0074858	-0.0004327	0.00026657	0.00377	0.0045069	0.010753	-0.0068203	0.0045966	0.017462	0.016048	0.017769	0.020077	0.010948	0.015024	0.020268	0.014964	0.010749	0.00037414	-0.0021689	0.0079093	0.031096	0.02243	0.02208	0.03238	0.020642	0.027403	0.015227	0.0091999	0.0060845	0.0075114	0.012141	0.0098943	0.025514	0.026112	0.017716	0.014653	0.017974	0.015617	0.035349	0.034533	0.035861	0.021652	0.027645	0.026537	0.029334	0.032006	0.039347	0.030083	0.03842	0.028872	0.012194	0.033639	0.030896	0.041689	0.043772	0.032905	0.039408	0.035732	0.041454	0.037491	0.034331	0.019666	0.019376	0.032264	0.03547	0.034837	0.037753	0.034422	0.037103	0.040306	0.042252	0.031685	0.035926	0.052592	0.056388	0.037587	0.035346	0.044013	0.022514	0.040247	0.051561	0.045082	0.043712	0.039025	0.031872	0.043722	0.040235	0.040975	0.033495	0.050643	0.057042	0.059179	0.062247	0.062407	0.066915	0.047042	0.045432	0.043608	0.035894	0.03009	0.035296	0.048743	0.042575	0.049812	0.037782	0.040107	0.03807	0.033889	0.024326	0.028964	0.027	0.020656	0.0038332	-0.0032213	0.0054123	-0.00044279	0.02391	0.024449	0.028046	0.014987	6.34E-03	0.0091716	0.014268	0.0062751	0.0022614	0.0046601	0.0061601	0.011947	0.0091778	0.0094583	0.019428	0.019657	0.014032	0.025716	0.024401	0.0136	0.012201	0.013624	0.010487	0.020411	0.034691	3.58E-02	0.017321	0.011902	-0.00060714	0.016468	0.029464	0.025856	0.030366	0.031485	0.026888	0.026721	0.040526	0.027524	3.28E-02	0.037373	0.038221	3.89E-02	0.028176	0.022959	0.03127	0.021164	0.023819	0.02045	0.025494	0.040229	0.034989	0.035792	0.030493	0.03796	0.03569	0.033846	0.03523	0.038615	0.028159	0.034835	0.035785	0.049986	0.050506	0.068304	0.055973	0.060059	0.078095	0.084181	0.070743	0.077545	0.079894	0.072931	0.071743	0.068293	0.06578	0.069291	0.0604	0.045982	0.054847	0.059908	0.062618	0.084111	0.084877	0.088263	0.11377	0.1289	0.13208	0.14041	0.14486	0.15001	0.16686	0.16417	0.16878	0.14421	0.13264	0.11285	0.10311	0.095613	0.083422	0.072188	0.056994	5.40E-02	0.048886	0.042143	0.0355	0.02267	0.030614	0.010489	0.017031	0.0092953	0.0080274	-1.09E-03	-0.0063117	-0.0076634	-0.0084449	-4.21E-03	-0.018017	-0.0040914	-0.003045	-0.016215	-1.87E-02	-0.0013953	-0.0037311	-0.0072976	-0.020035	-0.018576	-0.020148	-0.020879	-0.0046257	0.0090305	0.0026596	-0.011101	-0.023301	4.20E-03	-0.012334	-0.0080844	-0.0017874	-0.00053183	0.014963	0.0074608	0.006646	-0.0084528	8.11E-03	4.08E-03	0.023229	0.0092983	0.012647	0.02787	0.029276	0.018214	0.031568	0.037739	0.048563	0.04293	0.018558	0.020969	0.038545	0.030097	0.037739	3.56E-02	0.02738	0.025163	0.011302	0.027384	0.013824	0.010363	0.0095318	0.012807	0.014612	0.0055953	0.0013239	-7.59E-03	-0.014584	-1.21E-02	0.010023	-0.0024416	-5.55E-03	-0.023512	-3.11E-03	-0.0062211	-1.47E-03	-7.47E-03	-4.24E-03	-1.69E-02	-0.0092942	-9.43E-03	-1.55E-02	-0.019973	-3.60E-03	-0.00093604	-9.30E-03	-0.020025	-0.00062106	1.01E-03	-0.013093	-0.00071271	-0.0077972	-0.02619	-2.58E-02	-7.78E-03	3.35E-03	-9.85E-03	-0.016685	-0.017435	-0.008885	-0.0077842	-1.41E-02	-1.29E-02	-0.0058982	-0.010313	-0.015301	-0.02494	-0.014142	-0.014435	-0.025238	-0.029326	-0.024054	-0.019165	-0.019459	-0.0032725	0.0039029	6.64E-04	-0.002969	-0.012846	-1.70E-02	-0.014849	-1.16E-02	-1.62E-02	-1.43E-02	-6.55E-03	-1.89E-02	-1.07E-02	-1.44E-02	-1.73E-02	-0.017938	-2.84E-02	-1.41E-02	-0.011187	-7.57E-03	-0.010862	-1.56E-02	-0.021536	-0.028532	-0.019169	-0.033656	-0.033787	-0.0055767	-1.12E-02	-0.013521	-0.021121	-1.77E-02	-0.028548	-2.15E-02	-1.17E-02	-0.010247	-3.01E-03	-0.0099963	-0.0006059	4.97E-04	-6.09E-03	-1.29E-02	-0.018659	-0.014604	-0.015895	-2.01E-02	-0.019392	-1.49E-02	-0.0053616	-0.0043296	0.0030214	-3.32E-03	-0.0075732	-5.84E-03	-1.28E-02	0.00257	0.0093792	1.75E-02	-0.0027223	-5.66E-03	-0.0089902	-1.17E-02	-1.71E-02	-0.020939	-0.017815	-0.010666	-2.20E-02	x
3.48E-02	0.017201	0.034801	0.0038667	0.0098839	0.0042587	0.018462	0.013608	0.010522	0.021237	0.015288	0.030978	0.055269	0.062053	0.057192	0.055712	0.051077	5.18E-02	2.27E-02	0.048221	0.057079	0.046887	0.024425	0.045063	0.054655	0.041615	0.03182	0.038992	0.032629	0.017232	0.047896	4.81E-02	0.077569	0.045223	0.050916	0.062477	0.050638	0.02572	0.028767	0.025709	0.038791	0.045409	0.044256	0.04399	0.024776	5.97E-02	0.064079	0.045112	0.043632	0.033473	0.061648	0.05139	0.051618	0.028632	0.043983	0.053064	0.067067	0.074126	0.092524	0.088897	0.053748	0.054789	0.050132	0.048221	0.040533	0.044577	0.045615	0.061297	0.06699	0.039322	0.036994	0.029032	0.03801	0.034521	0.041939	0.037579	0.024702	0.0055693	0.033429	0.042387	0.033898	0.02536	0.029368	0.043542	0.04275	4.74E-02	0.042202	4.04E-02	0.060902	0.039582	0.053311	0.031501	0.021823	0.039966	0.058735	0.052303	0.045209	0.043624	0.049189	0.039831	0.067534	0.072613	0.055557	0.049492	0.06286	0.081399	0.05932	0.045961	0.059025	0.096406	0.083363	0.076585	0.074962	0.059671	0.07587	0.058666	0.037489	0.028559	0.027992	0.06302	0.052197	0.027334	0.019679	0.026335	0.011237	0.018575	0.025402	0.025377	0.0063875	-0.0041065	0.0054688	0.0055892	0.017845	0.01105	0.022007	0.010936	0.0074653	2.23E-02	0.022501	0.036782	0.038075	0.032471	0.0090203	0.022049	0.021448	0.041367	0.043531	0.027352	0.022099	0.034456	0.021775	0.02609	0.023088	0.019415	0.0033235	0.01381	0.012842	-0.0026931	0.024707	0.047076	0.033307	0.031235	0.0099706	0.011504	0.04684	0.056323	0.047738	0.031106	0.041986	0.02387	0.023484	2.46E-02	0.01612	0.028298	0.014963	0.037917	0.013329	0.013454	0.024366	0.025868	0.011012	0.030863	3.40E-02	0.013528	0.003316	0.035309	0.041537	0.028627	0.028059	3.91E-02	0.053198	0.044575	0.039185	0.034651	0.054283	0.058549	0.054367	0.057972	0.064546	0.048849	0.051774	0.043111	0.0078673	-0.0021722	0.01301	0.0076831	-0.017849	0.0024139	0.0041577	-0.016134	-0.01548	-0.0072019	0.0014793	0.017282	-0.0029031	-0.014976	0.0041945	9.82E-03	0.029893	0.036381	0.026114	0.024232	0.022843	0.015872	2.49E-02	0.027531	0.044685	0.045163	0.04891	0.057602	0.036181	0.044755	0.049669	0.029695	0.036934	0.028503	0.036378	0.047142	0.039025	0.032501	0.024908	0.019075	0.016173	-0.0021531	-0.0027288	0.0052594	0.0013366	0.018973	0.015119	-0.0020412	-0.0051348	0.0014361	1.74E-02	-0.0035412	0.0029309	3.50E-02	0.010977	0.014532	0.022234	0.012238	0.01149	0.0066652	0.0045666	-0.014991	0.019276	0.026657	0.021461	0.036102	0.020676	0.041016	0.046855	0.030176	0.018124	0.0061174	0.013355	0.0068	0.0019901	0.011141	0.014985	0.018488	0.018895	0.022241	0.0064113	-0.010528	-0.011152	2.15E-05	1.10E-03	0.0031484	-0.01918	-0.00059136	0.016943	2.51E-02	0.019172	0.0245	0.008331	0.017156	0.02505	0.028436	0.011723	-0.0055124	-0.012448	0.00076051	0.02515	0.019919	0.026854	0.038617	0.015792	0.027851	0.014729	0.0012308	-0.0011009	0.0074551	1.02E-02	2.76E-03	0.023817	0.035623	0.0158	0.0035849	0.019791	0.013757	0.038093	0.033433	0.034472	0.012032	0.020654	0.018291	0.028016	0.032493	0.040639	0.029335	0.030994	0.026336	0.0015159	0.02051	0.012614	0.030677	0.039379	0.029206	0.036811	0.034882	0.041768	0.039216	0.02707	0.0061811	0.0061812	0.018003	0.028031	0.025471	0.032552	0.032198	0.031929	0.040914	0.032474	0.022979	0.044193	0.062743	0.059339	0.0252	0.023238	0.037879	0.01216	0.031671	0.046359	0.047577	0.046102	0.029803	0.0208	0.04435	0.044656	0.043617	0.034891	0.048466	0.062514	0.062311	0.061277	0.069286	0.078075	0.050805	0.048325	0.043582	0.027352	0.024873	0.025915	0.045179	0.051597	0.059115	0.037525	0.049699	0.047967	0.042861	0.026198	0.029332	0.033429	0.030385	0.0070588	-0.0052198	0.011002	-0.011326	0.018916	0.023905	0.034952	1.31E-02	0.00022265	0.0068784	0.017848	-0.0035241	-0.0032836	-0.010695	-0.00044309	0.0037772	0.0040657	0.0082055	0.029052	0.022242	0.011113	0.028922	0.024887	-6.61E-04	-0.0059055	0.0093294	0.0068753	0.015561	3.26E-02	0.037096	0.012092	0.0068325	-9.28E-03	0.003232	0.027147	0.021801	0.034459	0.025806	0.012816	2.18E-02	0.040298	0.031317	3.19E-02	0.033687	0.035677	4.44E-02	0.033509	0.022586	3.78E-02	4.38E-03	0.012936	0.0089112	0.02945	0.034776	2.99E-02	0.032634	0.020318	0.0348	0.030373	0.022634	0.021506	0.023717	0.0046789	2.05E-02	2.82E-02	0.035958	0.0422	0.06548	0.048522	0.058273	0.078887	0.088688	0.063492	0.070973	0.071096	0.076835	0.07411	0.079178	0.066926	0.061878	0.053917	0.041581	0.046767	0.048588	0.052061	0.078295	0.07593	0.080299	0.11473	0.12719	0.12885	0.12364	0.12468	0.12996	0.1544	0.15365	0.16389	0.14029	0.12689	0.10194	0.1051	0.089026	0.078926	0.075998	0.061559	0.059538	0.051556	0.040925	0.03532	0.015016	0.030824	0.0020423	7.22E-03	0.0053435	0.0051199	-8.94E-03	-0.0049396	-0.012274	-1.24E-02	-0.0083929	-2.59E-02	-1.10E-02	-5.09E-03	-0.020319	-0.015809	-2.32E-03	-0.017763	-1.87E-02	-0.030826	-4.20E-02	-0.038864	-0.039299	-0.0077397	0.0089962	1.77E-03	-0.013315	-2.66E-02	-0.001247	-0.024107	-0.016403	-0.0096501	-0.0058033	0.010853	0.00906	5.30E-03	-0.02072	-0.0023712	-0.013969	0.009422	-0.0098985	-0.0038139	1.91E-02	0.021605	0.0099794	0.039265	0.040749	0.047916	0.046013	0.011828	0.018096	0.040358	0.022983	0.027643	0.023535	0.024738	0.012761	-0.0039826	0.027936	0.0053983	0.0020349	0.0039495	0.016951	0.01198	0.012764	0.0043085	-0.014336	-0.022467	-0.024163	0.014185	3.65E-04	-0.0032635	-0.02499	0.007426	-0.0085263	-0.0031425	-0.016973	-1.30E-02	-2.75E-02	-0.02225	-0.011681	-1.65E-02	-0.019602	-0.0019497	0.0046335	-1.32E-02	-0.024212	5.17E-04	0.0080197	-0.018921	-0.0046453	-7.43E-03	-2.87E-02	-0.029986	-0.0092229	0.0016669	-0.0078536	-0.020517	-0.017262	-8.47E-03	-0.0034054	-0.020077	-0.017787	-0.0030359	-0.010384	-2.02E-02	-3.46E-02	-1.43E-02	-1.68E-02	-0.030246	-2.91E-02	-0.024701	-0.025947	-0.016488	0.0037115	1.52E-02	0.0065221	-0.0050008	-0.015184	-0.015606	-1.30E-02	-1.49E-02	-1.84E-02	-0.012444	1.04E-03	-0.035969	-0.026937	-0.023557	-1.66E-02	-1.79E-02	-0.036876	-2.77E-02	-1.10E-02	-0.0021394	-0.0094389	-0.012151	-0.020471	-0.026656	-0.016836	-0.043193	-0.051714	-0.012177	-1.38E-02	-0.012862	-2.56E-02	-2.49E-02	-0.041589	-0.02848	-0.018866	-1.66E-02	2.61E-03	-0.0069948	0.001078	7.20E-03	-0.0095251	-0.017482	-0.023182	-0.021589	-0.017775	-0.022499	-0.011358	-0.0076356	7.18E-03	-0.0020618	0.014766	0.0027461	-0.014223	-0.0094872	-0.018152	1.20E-02	1.92E-02	0.027564	2.93E-03	2.72E-03	-0.0040655	-0.0058181	-0.013836	-0.02051	-3.15E-02	-0.017362	-0.02952	-3.37E-02	-0.022304	-6.90E-03	0.0033443	0.020243	-7.39E-03	-8.49E-03	-0.0059228	x
2.76E-02	0.020619	0.014977	4.45E-03	0.0031297	0.0068616	0.0075191	0.0088583	0.0082837	0.0098519	0.0096729	0.014269	0.012617	0.015883	0.011142	0.0096067	0.01332	0.0171	0.016295	4.32E-03	0.013357	0.020332	0.022538	0.0066386	4.71E-03	0.0044944	0.0058584	0.01411	0.019224	0.020527	0.011132	2.58E-03	4.06E-03	0.0057739	0.020511	0.029627	0.014933	0.009449	1.38E-02	0.026483	0.025034	1.90E-02	0.032627	0.024985	0.014448	0.0091517	0.018168	0.031385	0.029034	0.039831	0.035893	0.022336	0.026423	0.019233	0.01331	0.016567	0.015255	0.0096753	1.68E-02	0.021428	0.01379	1.41E-02	0.0082418	0.015568	1.92E-02	2.00E-02	0.030212	0.034595	4.17E-02	0.047917	4.80E-02	0.038988	0.034122	0.032283	0.024759	0.037227	0.038126	0.0351	0.031429	2.92E-02	0.024539	0.038495	0.042005	0.046383	0.037991	0.044989	0.046955	0.067526	0.070154	0.060513	0.070739	0.069119	0.060876	0.038259	0.03127	0.036257	0.037499	0.040968	0.046424	0.033185	0.032162	0.040875	0.043752	0.047546	0.036693	0.04271	0.045513	0.039371	3.21E-02	0.023624	0.042351	0.042993	0.050575	0.042766	0.035089	0.05226	0.057353	0.052587	0.04467	0.047792	0.047074	0.043187	0.036414	0.026729	0.02278	0.031987	0.024494	0.029904	0.030884	0.034595	0.041273	0.036023	0.014412	0.019203	0.025696	0.050799	0.048062	0.039886	0.024675	0.026928	0.040875	0.043075	0.048468	0.03938	0.049665	0.027306	0.03406	0.036995	0.044129	0.036681	0.029545	0.033252	0.035419	0.036253	0.024776	0.029913	0.029599	0.023668	0.019992	0.018518	0.029133	0.037603	0.035569	0.043151	0.044661	0.052007	0.052032	0.051515	0.045265	0.051408	0.055668	0.03996	0.031362	0.03016	0.030907	0.021749	0.0305	0.029769	0.02299	0.020767	0.011416	0.023974	0.025568	0.033524	0.033981	0.033138	0.032379	0.039161	0.05307	0.074494	0.074331	0.078291	0.082018	0.08856	0.078677	0.084252	0.082916	0.097948	0.1087	0.10202	0.082244	0.055022	0.040552	0.029038	0.021566	0.016772	0.011096	0.0097345	0.0077867	0.0071824	0.020739	0.013792	0.015962	0.010931	0.023855	0.021934	0.030697	0.021693	0.029046	0.037605	0.038907	0.039867	0.038557	0.044969	0.068519	0.090779	0.11177	0.11988	0.11014	0.087334	0.081538	0.066218	0.06709	0.051807	0.037095	0.021148	0.027201	0.03371	0.033976	0.031616	0.02828	0.027151	0.017787	0.025872	0.015936	0.0014083	-0.0058369	-0.00074761	-0.0001585	0.0054007	0.012597	0.0010146	0.00090989	0.015403	0.0072074	0.016431	0.010707	0.0089806	-0.001008	-0.011702	0.0013734	0.0014339	0.014168	0.010193	0.013058	0.0069234	-0.00072935	0.0073064	0.015721	0.015656	0.011091	0.014677	0.008146	0.0052427	0.014479	0.026837	0.024044	0.022796	0.024988	0.020467	0.029407	0.014842	0.012386	0.026995	0.018025	0.0202	0.018528	0.02156	0.024419	0.024249	0.011844	0.0064826	0.020099	0.02594	0.015337	1.58E-02	0.022954	0.026012	0.020865	0.026062	0.024494	0.020825	0.024239	0.030701	0.02654	0.017117	0.024623	0.031049	0.039514	0.025517	0.028477	0.027996	0.026756	0.024688	0.044833	0.050659	0.050661	0.053069	0.039358	0.03946	0.033188	0.034826	0.033806	0.040233	0.044877	0.046888	0.037989	0.039337	0.045645	0.062557	0.062465	0.061333	0.06173	0.056042	0.060396	0.059155	0.062876	0.063644	0.047185	0.047071	0.051981	0.058343	0.052893	0.053755	0.055999	0.051596	0.056956	0.06099	0.055357	0.044883	0.041646	0.042873	0.046429	0.056759	0.057258	0.045907	0.042598	0.042025	0.047232	0.052546	0.059759	0.057613	0.058126	0.051416	0.052101	0.055701	0.066663	0.068274	0.078638	0.074912	0.073898	0.078492	0.074987	0.06921	0.073771	0.071651	0.090913	0.086121	0.081667	0.077581	0.087328	0.098683	0.12011	0.124	0.11109	0.081155	0.073431	0.071481	0.065444	0.058814	0.042363	0.038169	0.042782	0.040248	0.039186	0.034434	0.036977	0.034265	0.034439	0.037346	0.044058	0.03602	0.036116	0.034243	0.021294	0.026695	0.026232	0.022538	0.019965	0.024449	0.022705	0.02717	0.017897	0.01683	0.016215	0.020901	0.011195	0.017609	0.017909	0.018536	0.029251	0.023213	0.022323	0.015961	0.014125	0.014676	0.021143	0.022252	0.03112	0.036767	0.033616	0.033944	0.037866	0.033496	0.036911	0.039055	0.033633	0.026005	0.022186	0.018133	0.02188	0.023823	0.023597	0.017907	0.025362	0.017119	0.024909	0.018586	6.29E-03	0.016815	0.019518	0.02357	0.017553	0.011375	4.28E-05	0.0015624	0.008908	0.013443	0.014182	0.005406	0.0051855	0.019347	0.0018395	0.01068	0.012536	0.02164	0.012996	0.00060081	0.0047883	0.0064189	0.019415	0.015924	0.01315	0.027469	0.027017	0.04224	0.042191	0.03559	0.035503	0.047367	0.050189	0.063941	0.06205	0.054163	0.053394	0.073898	0.075484	0.089811	0.082298	0.079799	0.082494	0.082662	0.082662	0.070152	0.056836	0.051558	0.051347	0.045976	0.044433	0.050235	0.052173	0.049192	0.047077	0.043929	0.030069	0.032982	0.034566	0.034026	0.041451	0.031582	0.03892	0.034022	0.040574	2.60E-02	0.029986	0.027602	0.029945	0.034984	0.023214	1.94E-02	0.030981	0.01693	0.022497	0.022205	1.88E-02	1.50E-02	8.33E-03	0.012964	0.016162	0.019438	0.016685	0.018159	0.0039243	0.013492	0.027117	0.017076	0.013351	0.014559	0.023244	0.030149	0.03342	0.029474	0.033619	0.03357	0.047819	0.052778	0.058683	0.055413	0.060046	0.059594	0.053521	0.052304	0.057864	0.065586	0.057592	0.062142	0.050702	0.053365	0.043676	0.046764	0.046423	0.060187	0.057246	0.049589	0.036633	0.025659	0.027092	0.023443	0.023953	0.028445	0.024167	0.011961	0.0061358	0.011211	0.007022	0.0006395	0.00097504	0.0063787	0.016625	0.024193	0.015306	0.016849	0.012202	0.0087139	0.0099995	0.018223	0.0075279	0.0014745	0.004719	0.0030477	0.0089578	0.0011392	0.0066958	0.0015298	-4.87E-04	5.43E-04	-8.48E-03	-0.0058581	-5.55E-03	-0.0052053	8.63E-03	0.001826	-1.33E-02	-0.013171	-0.0060096	-1.06E-02	-0.00059525	-7.50E-03	1.47E-03	1.20E-02	0.003928	-3.88E-03	0.0039194	-0.0022575	-0.0034206	0.0021355	0.0021297	1.14E-02	-0.0088973	-6.89E-03	1.06E-02	1.07E-02	0.0063864	7.59E-03	0.010853	0.0064115	0.010491	0.013699	1.63E-02	0.0031329	5.35E-03	0.0036191	1.51E-03	9.82E-04	7.57E-03	0.0052062	0.0060028	-0.010663	-0.010836	-0.00012756	0.00049228	0.0043104	-2.42E-03	0.0021374	0.0070109	6.48E-03	0.0094368	0.0027272	0.013487	0.0090478	0.0038949	-0.005812	-0.013499	-9.21E-03	-0.0084017	-0.0089576	-0.0063029	3.43E-03	0.002249	0.00094683	-0.0048009	0.00094434	-0.00072214	-0.0036565	-0.0004309	2.41E-03	-4.29E-03	0.0023598	-1.39E-03	2.36E-03	5.51E-03	0.011292	9.13E-03	2.55E-03	8.81E-03	-7.45E-04	-0.005431	-0.011563	-0.016931	-1.91E-02	-0.014087	-0.0021072	-0.000222	-0.0010299	-5.79E-03	-0.0041783	0.0063761	0.0036944	1.90E-03	-9.83E-04	-3.82E-03	-0.0050613	x
0.026055	0.017767	0.011738	0.0026141	2.72E-03	5.42E-03	0.0062809	0.0074296	0.0052312	0.0091581	1.05E-02	0.014172	0.0093632	1.30E-02	0.0065164	0.0079792	9.15E-03	1.32E-02	0.012014	0.0025554	0.011342	0.018189	0.020075	0.0071458	0.010637	0.0095937	0.0093378	0.016337	0.023096	2.08E-02	0.014978	0.011678	0.0095982	0.011324	0.021178	0.027932	1.71E-02	0.0093559	1.63E-02	2.21E-02	0.023593	2.04E-02	3.05E-02	0.025204	1.69E-02	0.015483	0.016959	0.025586	0.026587	0.038454	0.03363	0.025885	0.025357	0.024477	0.01972	0.027184	0.025527	1.87E-02	0.027431	0.025082	0.021384	0.02285	0.018016	0.023009	0.027421	0.027216	0.029607	0.035043	0.043419	0.048086	0.047342	0.041662	0.038567	0.037294	0.029283	0.036619	0.034213	3.64E-02	0.03778	0.033643	0.032298	4.10E-02	0.04577	0.051994	0.047061	0.049713	0.051964	0.069986	0.070514	0.060974	0.068188	0.067405	0.063876	0.04205	0.035352	0.043658	0.045259	0.046453	0.05201	0.03998	0.039019	0.042457	0.043284	0.046014	0.043153	0.044294	0.047258	0.045822	0.035947	0.032767	0.048582	0.047866	0.05585	0.056111	0.048625	0.056406	0.058306	0.055107	0.044412	0.046418	0.0411	0.040737	0.03434	0.025805	0.023434	0.035015	0.029217	0.033414	0.033313	0.034635	0.043541	0.041428	0.024127	0.027974	0.036881	0.055386	0.050108	0.043751	0.03203	0.03205	0.045803	0.045964	0.048823	0.04469	0.05351	0.039508	0.045557	0.044033	0.0503	0.042018	0.030676	0.03041	0.034281	0.033961	0.026033	0.031138	0.033805	0.026824	0.026273	0.022056	0.03544	0.040187	0.039362	0.046934	0.051243	0.056082	0.057452	0.055997	0.046895	0.04715	0.047858	0.034565	0.026278	0.026851	0.028029	0.023589	0.032115	0.030919	0.026011	0.020837	0.019223	0.029825	0.029531	0.038938	0.041671	0.044547	0.046451	0.047809	0.063263	0.075786	0.077406	0.084706	0.085301	0.092365	0.083843	0.090317	0.087655	0.09659	0.10469	0.099423	0.080765	0.050504	0.038227	0.028995	0.021539	0.015497	0.010043	0.007743	0.0068377	0.0094292	0.021039	0.016925	0.019193	0.014558	0.025269	0.026455	0.034485	0.029574	0.035358	0.042822	0.0417	0.043363	0.047511	0.050131	0.068095	0.08653	0.10873	0.1104	0.098181	0.078707	0.072069	0.058506	0.056386	0.044722	0.036438	0.026307	0.026832	0.031369	0.031859	0.027973	0.025389	0.024665	0.016677	0.025284	0.014337	0.0028042	-0.0019597	0.0026363	0.0024454	0.0056313	0.0098582	-0.0042104	9.76E-05	0.012644	0.0068562	0.016345	0.01212	0.0098158	4.71E-03	-0.00095796	0.010152	0.0048994	0.013049	0.012651	0.013961	0.0098009	0.0024554	1.11E-02	0.013752	0.014574	0.012792	0.015555	0.010815	0.0084267	0.019758	0.025779	0.023694	0.022067	0.025005	0.018237	0.024379	0.013741	0.016856	0.023185	0.019761	0.018919	0.017873	0.023039	0.020368	0.020656	0.01168	0.011495	0.021177	0.027172	0.019006	0.019092	0.022638	0.022994	0.018123	0.023304	0.022751	0.021474	0.026604	0.032142	0.03016	0.023436	0.030809	0.032172	0.040692	0.03161	0.032737	0.030536	0.028376	0.026646	0.039083	0.048152	0.051508	0.049504	0.040617	0.039658	0.035471	0.037075	0.032715	0.038345	0.0438	0.042814	0.036688	0.042542	0.048965	0.060633	0.063589	0.062196	0.059316	0.056206	0.05577	0.055158	0.058729	0.058995	0.047204	0.046305	0.050938	0.057796	0.054278	0.053202	0.053039	0.054711	0.054805	0.057273	0.052833	0.044868	0.04219	0.043349	0.046754	0.050863	0.053705	0.048401	0.046492	0.048541	0.051156	0.055884	0.065485	0.063609	0.061104	0.054271	0.057659	0.05911	0.06819	0.066185	0.075855	0.076341	0.076679	0.075779	0.076483	0.073135	0.076848	0.073166	0.084419	0.079693	0.077042	0.071747	0.079918	0.089082	0.1077	0.11527	0.10222	0.07449	0.061953	0.060929	0.060399	0.051196	0.036799	0.032801	0.036354	0.035229	0.034749	0.027706	0.029843	0.028364	0.029478	0.032484	0.033717	0.029421	0.030498	0.028739	0.020607	0.024135	0.022392	0.024666	0.022234	0.020099	0.016322	0.02205	0.019702	0.016879	0.014951	0.016462	0.010251	0.014046	0.018482	0.020742	0.030604	0.028996	0.025775	0.020131	0.017377	0.020128	0.024553	0.025517	0.029179	0.031898	0.030414	0.031772	0.034164	0.031361	0.034142	0.032689	0.031701	0.026826	0.02597	0.022901	0.026299	0.023767	0.023437	0.022457	0.025033	0.018916	0.022592	0.017278	0.0124	0.021266	0.022814	0.021903	0.020729	0.014303	0.0034725	0.0054584	0.01584	0.018228	0.017089	0.0074434	0.0083432	0.019836	0.0038684	0.012285	0.014233	0.018517	0.012331	0.0043855	0.0044351	0.0039799	0.01553	0.014346	0.017247	0.026973	0.02572	0.040088	0.044921	0.039233	0.043766	0.053302	0.05563	0.067737	0.069022	0.071318	0.072996	0.086538	0.084487	0.092785	0.086606	0.085964	0.08946	0.084789	0.07778	0.065591	0.053997	0.047875	0.051763	0.04512	0.04409	0.049974	0.052902	0.045913	0.042137	0.039842	0.031596	0.0331	0.036412	0.034027	0.036143	0.02856	0.033009	0.028496	0.032637	0.018194	0.023303	1.87E-02	0.022743	0.02684	0.017286	0.01528	0.025014	0.017715	0.020189	0.019642	0.019954	0.019217	0.010609	0.014917	0.018349	0.020592	1.90E-02	0.021053	0.0081285	0.016451	0.026543	0.01977	0.017159	0.020753	0.025079	0.032219	0.033706	0.032395	0.03405	0.037898	0.051219	0.051994	0.054221	0.055279	0.052047	0.054726	0.047683	0.046468	0.051817	0.0593	0.059896	0.053887	0.042963	0.042921	0.03824	0.041607	0.040516	0.046203	0.04402	0.03701	0.026261	0.018525	0.020702	0.020078	0.019804	0.022337	2.13E-02	0.012697	0.007363	0.0061576	0.0013284	-0.0013016	0.0021227	0.003853	0.014379	0.019712	0.015248	0.012196	0.0077755	0.0030961	0.0034783	0.013847	0.0040299	0.0003156	3.64E-03	0.0031275	0.0073306	-0.00042277	0.0051046	0.0010761	-0.0013588	-4.86E-03	-0.0072674	-0.0071284	-0.0044525	-2.56E-03	0.0086606	0.0005056	-0.0074669	-0.0077134	-4.92E-03	-0.005232	-0.0020706	-5.88E-03	8.06E-05	0.0092281	0.0046012	-1.67E-03	3.86E-03	-0.0019257	-2.52E-03	-0.00080853	6.16E-05	1.11E-02	-0.0063	-6.16E-03	0.0054532	0.0020569	0.0034223	0.0027965	0.0082671	9.69E-04	0.0068512	0.010956	0.01237	-0.0040968	-3.35E-04	-0.00030972	-1.55E-03	-0.00022477	0.0060573	-0.00014831	6.68E-04	-1.32E-02	-0.012031	-2.28E-03	0.0019908	7.23E-03	0.00095936	0.0027612	0.0061799	2.59E-03	2.57E-03	-0.0018671	9.02E-03	0.0060474	5.09E-04	-8.50E-03	-1.11E-02	-7.01E-03	-7.06E-03	-0.0104	-6.60E-03	2.05E-03	-2.02E-03	-0.0035236	-0.012035	-0.0046215	-4.43E-03	-0.0081913	-0.0051031	3.76E-03	0.00065608	8.64E-04	-1.33E-03	0.0044337	0.0054466	0.0064673	0.0027016	-0.0039348	0.0018517	-2.97E-03	-7.49E-03	-9.60E-03	-1.40E-02	-0.015711	-0.015859	-0.0055208	-6.98E-04	-2.35E-03	-0.0071576	-0.0051194	1.20E-03	-6.13E-04	9.52E-04	-0.00086033	-0.0043127	-0.0033476	x
2.17E-02	1.48E-02	0.0099138	2.23E-03	0.0022705	0.0051333	7.61E-03	0.007037	4.31E-03	0.0090619	0.010954	1.32E-02	6.42E-03	1.15E-02	4.13E-03	0.0081409	7.65E-03	1.13E-02	0.0096843	0.0035588	0.012228	0.019219	0.020855	0.011092	1.89E-02	0.018148	0.01548	0.018119	0.026295	0.02146	0.017949	0.018546	0.012687	0.016261	0.021684	2.65E-02	0.019241	0.011611	0.018668	0.020643	0.023442	0.022898	0.027383	0.024333	0.019751	0.021084	1.71E-02	0.021818	2.65E-02	3.73E-02	0.031515	0.029131	2.66E-02	2.93E-02	0.026812	3.53E-02	0.033462	0.027502	0.035363	0.029599	0.028474	0.030821	0.028249	0.029941	0.033844	0.032781	0.030951	0.036362	0.043382	0.048054	0.04698	0.043241	0.041194	0.040783	0.033469	0.036612	0.032233	0.038364	0.043083	0.038176	0.037128	0.042698	0.048506	5.51E-02	0.054498	0.052857	0.05664	7.01E-02	0.070262	0.061051	0.066326	0.06549	0.065454	0.046653	0.040189	0.049177	0.050305	0.050672	0.055138	0.04501	0.045014	0.044607	0.043748	0.046511	0.048049	0.045582	0.049429	0.05241	0.041592	0.041295	0.05301	0.050805	0.056981	0.062974	0.056593	0.057097	0.055714	0.054824	0.045097	4.50E-02	0.037211	0.038234	0.032918	0.025781	0.023795	0.035703	0.033524	0.036081	0.034736	0.035493	0.044099	0.045329	0.032397	0.034388	0.044647	0.057169	0.0497	0.04662	0.037997	0.036688	0.048807	0.049321	0.048883	0.050025	0.056805	0.048843	0.052549	0.047511	0.050908	0.043525	0.032547	0.028407	0.033615	0.033763	0.028605	0.03195	0.035343	0.029013	0.032156	0.028118	0.040125	0.041273	0.042582	0.050358	0.054553	0.055263	0.057849	0.057464	0.045663	0.042148	0.039975	0.031302	0.022337	0.023738	0.025578	0.024504	0.031744	0.032602	0.028642	0.022023	0.024721	0.034074	0.034546	0.045378	0.047688	0.054571	0.05818	0.05657	0.071326	0.077059	0.079966	0.088494	0.088207	0.092661	0.084849	0.090867	0.087793	0.092001	0.095978	0.090718	0.071464	0.042319	0.033519	0.02775	0.020865	0.013987	0.010078	0.0073526	0.006971	0.011857	0.022605	0.021168	0.023188	0.019768	0.026403	0.029483	0.038134	0.035972	0.041858	0.047169	0.044262	0.045865	0.052006	0.053292	0.065297	0.080549	0.10013	0.095689	0.081705	0.065193	0.059915	0.049179	0.045742	0.037721	0.034256	0.029094	0.025884	0.029327	0.028859	0.023473	0.021853	0.02239	0.016846	0.023531	0.01292	0.0050562	0.0027152	0.0066103	0.0049346	0.0061399	0.0084713	-0.0041942	0.00284	0.011587	0.0077626	0.016783	0.013039	0.01327	0.0086319	0.0074845	0.016334	0.0084354	0.013535	0.015324	0.016491	0.014608	0.0072724	0.016263	0.014692	0.014633	0.014274	0.016541	0.014044	0.012105	0.021313	0.023792	0.02246	0.020257	0.024016	0.017675	0.019999	0.012491	0.02073	0.020139	0.019722	0.017892	0.017763	0.024385	0.018163	0.019088	0.014165	0.016381	0.023092	0.028287	0.022852	0.021091	0.022485	0.020885	0.0184	0.022347	0.021795	0.021579	0.024704	0.03197	0.030861	0.027063	0.032608	0.030738	0.038016	0.032382	0.032547	0.030041	0.028186	0.027608	0.032353	0.044177	0.051239	0.046976	0.042291	0.03947	0.037566	0.039715	0.033348	0.036109	0.03974	0.039411	0.036982	0.04487	0.05101	0.057903	0.061733	0.058689	0.053503	0.052858	0.050887	0.049846	0.053626	0.053827	0.046714	0.044769	0.048239	0.055896	0.05288	0.050048	0.047714	0.053447	0.050705	0.052512	0.050041	0.045883	0.044488	0.044163	0.046294	0.047076	0.049686	0.049918	0.047369	0.05235	0.052026	0.057231	0.066408	0.065446	0.060944	0.056861	0.060133	0.060127	0.068417	0.063591	0.071027	0.075025	0.076044	0.071816	0.076509	0.074698	0.076464	0.072162	0.07643	0.070495	0.069765	0.064816	0.070863	0.07672	0.091631	0.10003	0.088516	0.066334	0.053452	0.053156	0.05321	0.043178	0.03342	0.02929	0.030214	0.031258	0.030592	0.023933	0.024922	0.023472	0.023319	0.02613	0.025984	0.024362	0.026303	0.024299	0.020575	0.020475	0.017983	0.024816	0.021502	0.015903	0.012018	0.018332	0.019754	0.018654	0.015758	0.015813	0.012182	0.014295	0.020549	0.023153	0.031533	0.034305	0.028249	0.025178	0.021519	0.026167	0.028316	0.029003	0.028587	0.029912	0.029835	0.029659	0.031903	0.03046	0.032003	0.029656	0.030384	0.029581	0.030288	0.027078	0.03011	0.023986	0.023318	0.025842	0.024099	0.020412	0.021342	0.017545	0.019448	0.027442	0.026719	0.0237	0.025807	0.02061	0.011546	0.012964	0.024628	0.024715	0.023221	0.016164	0.01697	0.025266	0.013791	0.020161	0.02109	0.022947	0.018753	0.013824	0.012129	0.00815	0.017821	0.019473	0.025488	0.031383	0.030243	0.04249	0.051691	0.049221	0.055622	0.063232	0.065905	0.076819	0.082531	0.092008	0.095257	0.10416	0.099142	0.10124	0.095517	0.09503	0.097317	0.088774	0.075927	0.064108	0.053957	0.04758	0.05278	0.044868	0.043516	0.048438	0.050041	0.042076	0.035681	0.033624	0.030294	0.030875	0.035015	0.031858	0.029762	0.023192	0.026667	0.022764	0.026611	0.012891	0.017392	0.012461	0.015508	0.020272	0.013885	0.014985	0.020961	0.016867	0.015934	0.015572	0.017394	0.019375	0.01105	0.016127	0.018794	0.021531	0.022128	0.023823	1.55E-02	0.019851	0.025642	2.21E-02	0.021985	0.026704	0.026238	0.033721	0.034128	0.035516	0.03511	0.039691	0.050401	0.049014	0.050386	0.053738	0.046355	0.051263	0.045424	0.043677	0.046757	0.050645	0.058367	0.046311	0.036778	0.032622	0.03291	0.036392	0.034886	0.033026	0.032097	0.025029	0.017512	0.013008	0.014933	0.015971	0.013258	0.014803	0.015358	0.011076	0.0071547	0.0034759	-0.0012034	-0.0030145	0.00021551	0.00037941	0.010798	0.014221	0.012805	0.0079419	0.0050874	-0.00084231	-0.0013124	0.010198	0.0014911	-0.00078448	0.0026742	0.002342	0.0038072	-0.0019207	0.0014493	-0.0011813	-0.0022008	-7.36E-03	-0.0063053	-0.0093502	-0.0050128	-1.25E-03	0.0069693	-0.0015996	-0.0042414	-0.0053995	-0.0046047	-1.31E-03	-0.0038461	-5.77E-03	-0.0016846	0.0059843	0.0051853	0.00105	0.003997	-0.0027649	-0.0038553	-4.40E-03	-0.0018072	0.0084217	-0.004098	-0.0051587	0.00075799	-3.58E-03	-1.64E-04	-0.0027387	0.0037929	-0.0031116	2.73E-03	6.04E-03	0.0073995	-0.0093795	-0.0043461	-0.002474	-3.65E-03	-0.0022378	3.89E-03	-2.94E-03	-0.0032272	-0.013901	-0.013122	-0.0040031	0.0004172	5.95E-03	2.32E-03	2.37E-03	4.75E-03	7.16E-04	-0.0023192	-0.0050016	0.004175	3.38E-03	-2.07E-03	-9.92E-03	-0.0088165	-6.39E-03	-6.79E-03	-1.18E-02	-0.0097041	-7.82E-05	-0.0046742	-6.32E-03	-0.01529	-9.06E-03	-6.95E-03	-0.0094207	-0.0073301	4.96E-03	5.07E-03	1.52E-03	3.19E-04	5.78E-03	0.005573	3.55E-03	-0.0030309	-0.0080702	-4.44E-03	-0.0047109	-8.22E-03	-8.36E-03	-1.14E-02	-0.012045	-0.014367	-0.0071708	-2.16E-03	-2.50E-03	-0.0065532	-0.0041549	-1.64E-03	-0.002925	7.22E-04	0.00048132	-4.14E-03	-3.39E-03	x
7.35E-03	0.016138	0.016446	0.012617	0.014836	0.016406	1.26E-02	0.0098662	0.0026043	0.0018527	0.0058549	1.03E-02	0.0071992	0.0055347	0.0099998	0.012281	0.013063	0.0059439	0.011412	4.99E-03	0.0098579	0.0093335	0.012214	1.12E-02	7.99E-03	0.015805	0.022699	0.023947	1.71E-02	2.68E-02	0.026993	0.022374	0.019792	0.02826	0.022722	0.020864	0.023164	0.015127	0.020148	0.022336	0.025566	0.021209	0.01644	0.021285	0.021494	0.024649	0.025721	0.024879	0.023432	0.022462	0.026124	0.019552	2.16E-02	0.029076	0.037413	0.030663	0.032259	0.030199	0.034521	0.034466	4.15E-02	0.039544	0.036384	0.040979	0.034604	0.035183	0.037322	0.037226	0.03563	0.038029	0.035705	0.03259	0.037562	0.041602	0.047896	0.046322	0.043854	0.042553	0.042786	0.037873	0.037867	0.033261	0.04105	0.046946	0.042363	0.039962	0.044302	0.049909	0.056377	0.058882	0.053797	0.059009	0.067361	0.068708	0.059507	0.063956	0.062925	0.064473	0.050053	0.044866	0.052234	0.052044	0.053345	0.056571	0.048508	0.050248	0.048442	0.046539	0.049066	0.051487	0.047361	0.051807	0.05808	0.048205	0.048647	0.055771	0.051696	0.054856	0.063373	0.058494	0.053929	0.050481	0.05184	0.045318	0.042973	0.03509	0.036358	0.032671	0.026589	0.023478	0.033679	3.52E-02	0.037027	0.034964	0.036556	0.043203	0.046263	0.038192	0.037818	0.04792	0.055703	0.047606	0.047844	0.04235	0.039737	0.048887	0.051777	0.048111	0.052611	0.05772	0.053188	0.05388	0.046876	0.04642	0.041012	0.033338	0.026942	0.032955	0.033602	0.0309	0.031162	0.034095	0.028961	0.035957	0.034612	0.04183	0.041068	0.044655	0.052168	0.053688	0.049978	0.052998	0.054257	0.041503	0.036257	0.032962	0.02971	0.020182	0.021187	0.023411	0.023925	0.029596	0.033963	0.029842	0.023921	0.02831	0.035994	0.038861	0.050832	0.051106	0.061027	0.066336	0.064293	0.076517	0.077644	0.081048	0.088409	0.088727	0.089126	0.081434	0.086094	0.084427	0.084544	0.083369	0.077566	0.057567	0.033112	0.027186	0.02499	0.018194	0.011143	0.010006	0.0076734	0.0074156	0.014403	0.024972	0.024453	0.026208	0.02429	0.026361	0.029852	0.039503	0.0389	0.045538	0.048542	0.044837	0.045982	0.051959	0.053351	0.060649	0.073346	0.086671	0.077923	0.063688	0.050005	0.047602	0.040318	0.036318	0.03195	0.031707	0.030052	0.024124	0.027058	0.02554	0.018469	0.017892	0.019829	0.017591	0.020253	0.011166	0.0072917	0.0065632	0.010371	0.0071267	0.0073875	0.0078958	-0.0010554	0.007487	0.012031	0.010017	0.018026	0.013864	0.017375	0.011167	0.013495	0.020239	0.012766	0.015198	0.017152	0.019857	0.019712	0.011999	0.020645	0.01832	0.016127	0.01557	0.017504	0.016253	0.01507	0.019515	0.020465	0.01979	0.017169	0.022788	0.018463	0.016763	0.012039	0.023105	0.018152	0.018683	0.017342	0.018345	0.025188	0.018031	0.018893	0.017548	0.020022	0.024473	0.028427	0.02537	0.021286	0.022077	0.019764	0.02096	0.022547	0.020518	0.021475	0.020627	0.029691	0.028681	0.027811	0.030413	0.026823	0.03243	0.02929	0.029673	0.02747	0.026515	0.028063	0.026746	0.039901	0.04952	0.04461	0.042511	0.038437	0.038107	0.040926	0.034132	0.034051	0.035478	0.037163	0.038714	0.046151	0.05136	0.054666	0.057485	0.053431	0.047236	0.047046	0.045913	0.043633	0.048131	0.047978	0.045207	0.042426	0.045114	0.053492	0.050021	0.046173	0.042375	0.049516	0.046038	0.0477	0.047398	0.047196	0.046352	0.044448	0.045075	0.04492	0.045977	0.049903	0.045789	0.052947	0.050876	0.055681	0.062986	0.063085	0.058496	0.058331	0.059346	0.058335	0.066294	0.060688	0.063973	0.070557	0.072893	0.067378	0.074304	0.073034	0.072755	0.068453	0.067524	0.060163	0.060975	0.057872	0.060709	0.063465	0.073999	0.080093	0.071739	0.056803	0.046087	0.047026	0.044806	0.035349	0.030673	0.025985	0.024635	0.028064	0.027831	0.023063	0.021421	0.019604	0.017485	0.021005	0.021431	0.02158	0.023796	0.021774	0.021049	0.018022	0.015102	0.023546	0.019364	0.013051	0.0097792	0.015858	0.018949	0.021189	0.018108	0.016993	0.014738	1.67E-02	0.023301	0.025667	0.031286	0.03688	0.028476	0.029196	0.025291	0.031352	0.031895	0.032756	0.029018	0.029339	0.030519	0.028017	0.030935	0.031007	0.031356	0.029387	0.029645	0.032938	0.034098	0.030853	0.032855	0.024683	0.022926	0.028247	0.023802	0.022431	0.022521	0.020289	0.026576	0.03404	0.031069	0.028338	0.031923	0.028653	0.022579	0.023344	0.034371	0.032968	0.031902	0.029141	0.029837	0.034585	0.029131	0.032149	0.032321	0.033554	0.031544	0.027103	0.025368	0.018465	0.025609	0.029299	0.036106	0.039106	0.0393	0.049439	0.0614	0.06308	0.069764	0.076351	0.079932	0.090604	0.10069	0.11371	0.11788	0.12371	0.11736	0.11372	0.10809	0.10606	0.10498	0.094195	0.077067	0.064989	0.055041	0.049161	0.053443	0.044933	0.042642	0.04561	0.044283	0.037289	0.029501	0.026888	0.027111	0.026758	0.02938	0.026686	0.022538	0.016492	0.019621	0.017456	0.020806	0.008959	0.011772	0.0081846	0.0096886	0.015351	0.010878	0.015625	0.017591	0.014411	0.01066	0.010627	0.012476	0.016352	0.009381	0.016223	0.017706	0.021158	0.023615	0.024568	0.022408	0.021725	0.02386	0.023302	0.026062	0.031716	0.027263	0.035184	0.034457	0.038353	0.036689	0.039245	0.046657	0.045541	0.048164	0.051264	0.04212	0.04755	0.044304	0.042162	0.042997	0.041893	0.053464	0.040191	0.03273	0.024361	0.028505	0.031814	0.029327	0.021644	0.022677	0.015412	0.011189	0.0092817	0.010182	0.011572	0.0060725	0.007489	0.0077211	0.0067884	0.004697	0.0021315	-0.0017588	-4.53E-03	-0.0028518	-0.0027873	0.0067963	0.0078767	8.33E-03	0.0038415	0.0035528	-0.0038266	-5.16E-03	0.0058798	-0.00022306	-2.42E-03	0.0014916	0.0010515	-0.0011372	-0.0044952	-4.10E-03	-0.0044541	-3.15E-03	-7.88E-03	-5.95E-03	-0.01159	-0.0065619	-0.0021013	3.66E-03	-0.0040838	-0.0034306	-0.0052647	-5.03E-03	0.00046331	-5.82E-03	-6.95E-03	-0.0045887	0.0015607	0.0038189	0.0018211	2.29E-03	-0.0046503	-0.0067081	-0.0073161	-3.28E-03	4.19E-03	-3.95E-03	-0.0053344	-0.0028393	-6.33E-03	-0.0036877	-7.71E-03	-0.00050288	-0.0054409	-1.30E-03	-0.00030572	0.0020992	-0.012491	-6.61E-03	-0.0037915	-0.0054625	-4.85E-03	7.29E-04	-0.0045338	-6.70E-03	-0.01332	-1.42E-02	-0.0054689	-2.15E-03	1.90E-03	1.11E-03	0.0010394	2.96E-03	4.30E-04	-0.0047452	-0.005453	4.00E-04	8.58E-04	-4.30E-03	-9.77E-03	-6.53E-03	-6.11E-03	-0.006533	-1.22E-02	-0.012516	-2.05E-03	-0.0068317	-8.39E-03	-1.64E-02	-1.25E-02	-0.0085806	-8.39E-03	-7.17E-03	5.83E-03	7.58E-03	2.20E-03	1.72E-03	0.005719	5.33E-03	1.32E-03	-0.0070578	-9.65E-03	-9.53E-03	-6.47E-03	-8.88E-03	-7.62E-03	-0.0092049	-9.18E-03	-0.011311	-8.00E-03	-4.59E-03	-3.03E-03	-5.89E-03	-0.0028041	-2.56E-03	r
4.61E-03	0.0096658	0.014879	0.013801	9.42E-03	1.18E-02	0.01169	1.13E-02	1.13E-02	0.003606	0.0025184	7.46E-03	0.013042	7.82E-03	8.52E-03	1.24E-02	0.015284	0.015038	8.62E-03	1.24E-02	8.98E-03	0.013077	1.42E-02	0.016025	0.016706	0.015062	0.021059	0.026982	0.027548	0.023272	0.032389	0.033365	0.028464	0.022099	0.029662	0.025007	0.024364	0.026017	0.018631	2.28E-02	0.02353	0.025777	0.023623	0.023173	2.43E-02	0.02358	0.026956	0.028505	0.02426	2.35E-02	0.025059	0.030316	0.024636	0.025537	3.37E-02	0.039119	3.21E-02	0.035504	0.03576	0.040232	0.042309	0.0465	0.044087	0.044735	0.044932	0.039774	0.041353	0.041988	0.043566	0.039752	0.039995	0.035914	0.033646	0.037875	0.038603	0.047491	0.044906	4.34E-02	0.042735	0.04323	0.042092	0.040258	0.036579	0.043768	0.048873	0.045706	0.041658	0.046367	0.049975	0.056366	0.059771	0.052464	0.05861	0.062965	0.065839	0.055999	0.060526	0.059548	0.061049	0.051244	0.048362	0.052903	0.051177	0.054326	0.05688	0.050444	0.054338	0.053744	0.051409	0.052662	0.053463	0.050057	0.054542	0.062148	0.054546	0.054303	0.057082	0.050903	0.05111	0.058908	0.05519	0.048031	0.044513	0.047004	0.043955	0.040195	0.033948	0.035402	0.033453	0.027622	0.022545	0.030014	0.033406	0.035869	0.034042	0.036953	0.041116	0.043807	0.040941	0.038208	0.046351	0.051532	0.044684	0.047075	0.044502	0.040599	0.046259	0.052824	0.047165	0.05125	0.055256	0.051782	0.049388	0.042659	0.038769	0.035698	0.032127	0.02576	0.031622	0.031734	0.031774	0.029059	0.030961	0.026472	0.036759	0.039313	0.040879	0.040222	0.045467	0.051763	0.049502	0.042226	0.044849	0.0471	0.035511	0.030194	0.027731	0.029485	0.019745	0.019087	0.021004	0.021854	0.026037	0.03397	0.029203	0.025549	0.029687	0.035929	0.041483	0.053475	0.051717	0.062912	0.070416	0.069561	0.078429	0.076979	0.080071	0.084283	0.085705	0.083011	0.075053	0.077896	0.078854	0.075682	0.068847	0.062437	0.042782	0.024779	0.020387	0.021291	0.013686	0.0069746	0.0088155	0.0079829	0.0077412	0.016472	0.026463	0.024806	0.026675	0.026241	0.025009	0.02806	0.037698	0.038055	0.044894	0.045775	0.042346	0.043383	0.048269	0.050101	0.05494	0.065235	0.071018	0.060453	0.047871	0.037192	0.037895	0.033629	0.02942	0.028601	0.02979	0.029597	0.021623	0.024212	0.022225	0.013636	0.014216	0.016668	0.018097	0.016065	0.0091546	0.0089172	0.00835	0.01257	0.0087277	0.0088069	0.0073856	0.0024528	0.011705	0.01336	0.013339	0.019904	0.014976	0.020541	0.013071	0.016813	0.022117	0.017572	0.017394	0.018271	0.023097	0.023716	0.015719	0.023409	0.023449	0.018178	0.016197	0.017928	0.0164	0.016299	0.015658	0.016086	0.01603	0.01356	0.02168	0.01952	0.014885	0.012488	0.023189	0.017126	0.017105	0.017082	0.019383	0.024672	0.019221	0.019153	0.020119	0.021721	0.024333	0.026728	0.025585	0.019668	0.021093	0.019311	0.024534	0.023035	0.018703	0.021132	0.016556	0.025852	0.02447	0.026	0.025312	0.021168	0.025651	0.024283	0.026184	0.024071	0.023908	0.027934	0.023203	0.035787	0.046458	0.041927	0.040712	0.036667	0.0368	0.040081	0.033998	0.032541	0.033133	0.036002	0.041188	0.04593	0.049483	0.051001	0.051865	0.048629	0.042863	0.04078	0.041654	0.038016	0.043368	0.042321	0.043132	0.039989	0.042549	0.051202	0.046957	0.043316	0.039041	0.044853	0.041997	0.043859	0.045594	0.047563	0.045989	0.043945	0.043618	0.043746	0.043041	0.048424	0.042639	0.050732	0.048982	0.051468	0.056807	0.057904	0.054629	0.05797	0.055926	0.05421	0.061517	0.057768	0.056336	0.063995	0.068545	0.063159	0.069995	0.068172	0.066573	0.062561	0.059148	0.050932	0.0528	0.051935	0.050684	0.051699	0.057884	0.059753	0.055233	0.047121	0.039111	0.04194	0.036668	0.028685	0.027572	0.021937	0.019881	0.025088	0.026933	0.024289	0.019343	0.017107	0.013486	0.018196	0.019356	0.020499	0.022139	0.021055	0.021459	0.017937	0.01471	0.021633	0.017088	0.012138	0.0093527	0.014437	0.018343	0.023404	0.021176	0.018492	0.016292	0.019735	0.025907	0.027816	0.029553	0.035542	0.026153	0.03094	0.027834	0.034588	0.034503	0.035999	0.030006	0.029125	0.031303	0.026855	0.030651	0.032469	0.032136	0.030519	0.028942	0.034982	0.036149	0.03347	0.033604	0.025361	0.022244	0.02991	0.024555	0.024953	0.026126	0.024955	0.032414	0.039238	0.035036	0.033952	0.037304	0.036114	0.033284	0.034306	0.042993	0.041703	0.041192	0.042563	0.04399	0.045622	0.045548	0.04539	0.045856	0.046852	0.047014	0.041027	0.040096	0.032326	0.036104	0.039869	0.046032	0.047578	0.05009	0.059088	0.071536	0.076782	0.083233	0.089959	0.094746	0.10634	0.11927	0.13267	0.13773	0.14131	0.13551	0.12704	0.12138	0.11671	0.11077	0.099669	0.080465	0.067404	0.056445	0.051285	0.053333	0.045118	0.041577	0.042163	0.037688	0.031857	0.024992	0.021019	0.022992	0.021782	0.020611	0.019221	0.015197	0.0098736	0.012185	0.012973	0.014771	0.0055418	0.0061748	0.00513	0.0060167	0.011634	0.0070186	0.015061	0.014133	1.07E-02	0.0055346	0.0060362	0.006865	0.011281	0.0056754	0.015203	0.015253	0.018821	0.022277	0.022436	0.025808	0.020716	0.021035	0.022393	0.027703	0.034138	0.028025	0.035789	0.033962	0.039959	0.037974	0.037096	0.041406	0.042596	0.047468	0.048049	0.038566	0.042958	0.042927	0.040912	0.041033	0.035849	0.046455	0.035929	0.030564	0.019588	0.025486	0.028392	0.024491	0.013747	0.016911	0.0092298	0.00751	0.007086	0.0064476	0.0075831	0.00069521	0.0020723	5.55E-04	6.16E-04	6.06E-04	0.0012897	-0.0014124	-5.64E-03	-5.26E-03	-4.84E-03	0.0032202	0.0013667	2.60E-03	-0.00037534	2.51E-03	-0.0059917	-0.0080607	5.34E-04	-0.0014175	-4.54E-03	-0.00042582	-3.07E-04	-5.99E-03	-0.0081427	-1.03E-02	-7.58E-03	-0.0039951	-7.71E-03	-0.0064491	-0.013046	-0.007935	-4.60E-03	-0.00039472	-6.38E-03	-4.42E-03	-6.16E-03	-0.0061015	-3.52E-04	-8.05E-03	-0.0091979	-0.0088571	-0.0043634	-3.80E-04	-2.90E-04	-1.73E-03	-0.0070126	-0.0098766	-8.93E-03	-0.0042924	-6.23E-04	-0.0064544	-0.00711	-5.05E-03	-7.12E-03	-6.55E-03	-0.011084	-0.0033226	-5.71E-03	-4.55E-03	-6.77E-03	-2.88E-03	-1.38E-02	-0.0071702	-4.92E-03	-7.32E-03	-0.0076398	-3.20E-03	-5.80E-03	-1.01E-02	-0.012219	-1.52E-02	-0.0069335	-3.95E-03	-3.07E-03	-0.0023052	-1.26E-03	8.70E-04	7.34E-04	-0.005172	-3.55E-03	-0.00163	-1.33E-03	-0.0062533	-8.57E-03	-4.90E-03	-5.65E-03	-5.97E-03	-0.011446	-1.32E-02	-3.53E-03	-8.87E-03	-1.03E-02	-1.67E-02	-1.48E-02	-9.59E-03	-6.70E-03	-0.005845	0.0057451	0.0074105	1.42E-03	1.64E-03	4.24E-03	0.0046604	-9.57E-04	-0.0091837	-9.41E-03	-1.28E-02	-0.0084146	-0.01007	-7.07E-03	-7.75E-03	-7.88E-03	-0.0086962	-0.0088744	-7.87E-03	-4.70E-03	-0.0058653	-0.002129	r
7.56E-03	1.28E-02	0.01434	9.49E-03	7.02E-03	0.010252	8.60E-03	1.05E-02	0.013638	5.37E-03	0.0051718	0.0099141	1.48E-02	0.0091153	0.012738	0.016584	0.019986	0.01926	0.013789	0.014259	0.014555	0.017598	2.12E-02	0.021571	0.024367	2.30E-02	2.67E-02	3.02E-02	0.029859	0.027857	0.035093	0.0359	0.033056	0.025662	3.19E-02	0.02842	0.028552	0.028175	0.024078	0.024528	0.025554	0.027575	0.027099	0.030274	0.027698	0.025958	0.029732	0.031338	0.026063	0.025006	0.02775	0.033356	0.031846	0.032442	0.03936	0.041601	0.035961	0.039039	0.042482	0.046216	0.049993	0.051344	0.047546	0.05157	0.04808	0.044751	4.66E-02	0.044953	0.046886	0.042667	4.07E-02	0.034586	0.034337	3.74E-02	0.035595	0.046876	0.042889	0.042148	0.041775	0.042247	0.045332	0.042993	0.040229	0.045499	0.048716	0.047965	0.042924	0.048867	0.049227	0.055458	0.058272	0.049586	0.056435	0.058748	0.062283	0.051437	0.056599	0.055863	0.056552	0.050509	0.050244	0.052094	0.049511	0.054256	0.056724	0.051042	0.057014	0.059445	0.057067	0.055963	0.054392	0.053867	0.057978	0.064735	0.059738	0.05809	0.057541	0.049494	0.047635	0.05249	0.048985	0.041806	0.039947	0.041776	0.040855	0.03724	0.032799	0.034961	0.034425	0.028085	0.021455	0.026368	0.029137	0.032855	0.032315	0.035952	0.038248	0.038865	0.040841	0.03635	0.041134	0.046258	0.041942	0.044614	0.043984	0.039426	0.042168	0.052654	0.047144	0.046756	0.049697	0.045967	0.040847	0.036619	0.030817	0.029835	0.029124	0.024749	0.029191	0.027539	0.030916	0.027044	0.02768	0.022693	0.034825	0.040949	0.039033	0.039833	0.04548	0.049381	0.044051	0.03463	0.036575	0.03879	0.029538	0.025188	0.024649	0.030178	0.020189	0.017128	0.018122	0.019005	0.021704	0.032115	0.027375	0.025973	0.028599	0.03495	0.042505	0.052762	0.050163	0.060943	0.070987	0.071546	0.077202	0.074729	0.077164	0.077416	0.079752	0.076687	0.068203	0.069134	0.072568	0.067287	0.054813	0.047988	0.030234	0.018331	0.01422	0.017705	0.0087206	0.0024149	0.0062489	0.0077864	0.0078291	0.017366	0.025411	0.021453	0.02409	0.024909	0.023091	0.025753	0.03355	0.034746	0.040612	0.039408	0.037161	0.038946	0.04286	0.044656	0.04919	0.056761	0.056612	0.046574	0.037342	0.029693	0.032286	0.029591	0.025633	0.027909	0.029016	0.028445	0.018978	0.021021	0.019175	0.0097324	0.01144	0.012943	0.017673	0.012231	0.0074845	0.0097584	0.0078573	0.012379	0.009821	0.0095045	0.0064176	0.0044502	0.013711	0.014821	0.017047	0.02184	0.01635	0.021712	0.014834	0.01743	0.022305	0.021787	0.019472	0.019473	0.025397	0.026073	0.018482	0.024631	0.028322	0.019458	0.01572	0.017383	0.014451	0.015501	0.011427	0.011542	0.012138	0.010554	0.020572	0.019637	0.013964	0.013104	0.020888	0.016554	0.014965	0.016589	0.020386	0.022436	0.020378	0.019083	0.020832	0.021483	0.022492	0.023132	0.023406	0.016715	0.019276	0.018944	0.027855	0.02321	0.016936	0.020582	0.014031	0.02186	0.019741	0.022566	0.019	0.01516	0.01969	0.019356	0.023773	0.021196	0.021041	0.026872	0.021412	0.031751	0.042627	0.039074	0.037673	0.034572	0.034413	0.037723	0.032798	0.031706	0.03343	0.035557	0.043529	0.044196	0.045501	0.047184	0.046173	0.045525	0.041181	0.036095	0.038964	0.034623	0.040301	0.038056	0.041364	0.038205	0.040692	0.049149	0.044579	0.042345	0.038589	0.040994	0.039019	0.041362	0.044912	0.045988	0.04303	0.043185	0.042614	0.042876	0.041	0.046172	0.038757	0.047094	0.04758	0.04618	0.05041	0.052283	0.050216	0.055748	0.051319	0.049153	0.054801	0.055233	0.050595	0.057614	0.06448	0.059867	0.064862	0.061457	0.059657	0.056074	0.052874	0.044543	0.046951	0.047486	0.042323	0.043569	0.04596	0.043812	0.04239	0.03906	0.032927	0.037721	0.030325	0.023967	0.023634	0.017155	0.016238	0.021893	0.027537	0.026306	0.019157	0.016343	1.20E-02	0.017136	0.01842	0.019623	0.019934	0.021022	0.021083	0.019774	0.016201	0.019624	0.015627	0.012992	0.010212	0.01416	0.018798	0.024471	0.023764	0.019285	0.016213	0.022267	0.027719	0.029274	0.026758	0.030921	0.022002	0.030265	0.02912	0.035625	0.035532	0.037614	0.030888	0.02871	0.031501	0.026041	0.030352	0.033957	0.033567	0.031596	0.027672	0.034423	0.035855	0.033995	0.031948	0.025343	0.021519	0.031083	0.025977	0.027521	0.0307	0.029903	0.035957	0.041706	0.037738	0.038349	0.040202	0.041124	0.04051	0.04316	0.048596	0.049089	0.048682	0.052747	0.056188	0.05607	0.058734	0.057079	0.058879	0.058754	0.060369	0.052366	0.052221	0.046021	0.045932	0.047488	0.052552	0.054206	0.059176	0.06856	0.079446	0.086666	0.093243	0.10117	0.10723	0.12042	0.13377	0.14577	0.15248	0.15395	0.15023	0.13809	0.13217	0.12443	0.11361	0.1038	0.084874	0.070517	0.058036	0.053045	0.052565	0.04527	0.040525	0.038894	0.03269	0.026498	0.022644	0.016741	0.018715	0.017083	0.011123	0.011298	0.008498	0.0044317	0.0048008	0.0092062	0.0088779	0.001989	5.86E-04	0.0025083	0.0041038	8.19E-03	0.0019242	0.012234	0.01007	0.0062472	0.0015399	0.0030185	0.0022105	0.0054572	0.00058217	1.35E-02	0.011614	0.014483	0.018326	0.017877	0.024699	0.016915	0.017435	0.019088	0.026222	0.032648	0.028017	0.034352	0.032037	0.039432	0.037964	0.034009	0.036072	0.040566	0.047486	0.044426	0.035224	0.037882	0.040964	0.039535	0.040741	0.033958	0.039253	0.03332	0.029187	0.018512	0.023757	0.026101	0.02109	0.01024	0.014905	0.0064305	0.0059305	0.0056867	0.0033089	0.0043094	-0.0012194	-0.00051215	-0.0043467	-5.95E-03	-3.45E-03	5.15E-04	-0.00092676	-6.24E-03	-6.07E-03	-5.81E-03	0.0004358	-4.39E-03	-3.35E-03	-4.76E-03	0.0013076	-0.0071124	-9.54E-03	-0.0052315	-2.43E-03	-6.41E-03	-0.0031651	-0.0012205	-0.0091783	-1.22E-02	-1.58E-02	-0.0094213	-4.36E-03	-7.83E-03	-0.0077607	-1.33E-02	-0.0081796	-0.0072438	-0.0040947	-8.04E-03	-6.12E-03	-7.06E-03	-0.0075409	-3.35E-03	-0.010318	-1.20E-02	-0.013818	-0.011084	-6.68E-03	-4.57E-03	-0.0069591	-0.0088642	-1.19E-02	-9.25E-03	-0.0048661	-5.27E-03	-0.010745	-9.90E-03	-0.0061902	-7.45E-03	-8.59E-03	-1.25E-02	-4.65E-03	-4.38E-03	-6.59E-03	-1.19E-02	-7.11E-03	-0.014052	-6.51E-03	-6.11E-03	-9.06E-03	-0.0098769	-7.11E-03	-7.18E-03	-1.32E-02	-1.14E-02	-1.63E-02	-8.90E-03	-4.25E-03	-0.0072168	-0.006614	-0.0044032	-0.0014737	0.00029003	-0.0049951	-1.08E-03	-2.28E-03	-2.83E-03	-0.007799	-0.0073186	-4.55E-03	-5.12E-03	-5.36E-03	-0.01039	-1.17E-02	-4.81E-03	-1.06E-02	-1.20E-02	-1.65E-02	-1.55E-02	-1.02E-02	-0.0058017	-4.85E-03	4.20E-03	0.0048164	-0.001158	9.11E-05	2.21E-03	0.0041081	-3.37E-03	-9.87E-03	-8.49E-03	-1.43E-02	-0.010172	-0.011668	-6.66E-03	-7.14E-03	-8.25E-03	-8.18E-03	-1.03E-02	-0.011459	-7.32E-03	-6.05E-03	-0.0025376	r
1.69E-02	1.56E-02	1.24E-02	0.013304	0.013423	1.69E-02	0.015223	0.0057594	0.0067841	0.0099253	7.24E-03	0.0098886	0.016189	0.0079123	0.0096543	1.32E-02	0.015325	0.011533	0.018065	2.26E-02	0.025893	2.53E-02	2.04E-02	1.72E-02	0.019663	2.32E-02	0.029236	2.75E-02	0.031622	3.03E-02	0.031971	0.031529	0.030218	0.030521	0.035666	3.50E-02	0.036456	0.030677	0.03616	0.03276	0.033024	3.09E-02	0.031333	0.026109	0.028515	0.030877	0.031902	0.036359	0.031357	0.028378	0.032311	3.46E-02	0.030234	0.027759	0.030814	0.035392	0.040226	0.040418	0.044977	0.043749	0.041232	0.043023	0.049826	0.052552	0.057707	0.057193	0.050755	0.056491	0.051174	0.049248	0.050712	0.046815	0.047907	0.045283	0.041768	0.033589	0.035543	0.036864	0.034041	0.046371	0.041102	0.04048	0.039901	0.040194	0.047117	0.045226	0.042336	0.045286	0.046704	0.04928	0.044172	0.051337	0.048496	0.054067	0.056633	0.046414	0.054191	0.056021	0.058804	0.04748	0.053615	0.052956	0.052788	0.049035	0.05096	0.051085	0.049162	0.054634	0.056985	0.051022	0.05866	0.064715	0.06227	0.058185	0.055254	0.05916	0.062551	0.06677	0.063862	0.060327	0.058123	0.048889	0.045762	0.046864	0.042439	0.037886	0.038177	0.037555	0.036859	0.035011	0.030854	0.034121	0.034579	0.027496	0.020646	0.02367	0.023956	0.028553	0.030197	0.033218	0.035059	0.032882	0.038433	0.033447	0.034472	0.041695	0.040243	0.04132	0.040713	0.036889	0.038012	0.051756	0.048617	0.041091	0.042257	0.038493	0.031296	0.030893	0.024879	0.025406	0.02527	0.023892	0.02574	0.02163	0.028842	0.026675	0.026049	0.01955	0.031227	0.039596	0.038377	0.041065	0.045474	0.045885	0.039442	0.02909	0.030822	0.032506	0.025188	0.02242	0.023409	0.031286	0.020413	0.015165	0.01517	0.016487	0.017339	0.02883	0.02574	0.024905	0.025258	0.034203	0.042838	0.049576	0.047386	0.056938	0.069297	0.070409	0.07336	0.07077	0.072999	0.069944	0.072922	0.072251	0.063118	0.062157	0.066807	0.060526	0.042844	0.03585	0.021268	0.013765	0.0090525	0.014962	0.004837	-0.0015222	0.0027952	0.0068422	0.0076923	0.016763	0.021184	0.015055	0.019342	0.020989	0.021821	0.024602	0.028932	0.030831	0.034868	0.031295	0.030773	0.034068	0.037869	0.038885	0.044425	0.048825	0.045836	0.037978	0.033141	0.027886	0.030382	0.027382	0.024593	0.029028	0.029327	2.76E-02	0.017128	0.01833	0.016587	0.0070481	0.0095258	0.0090324	0.015906	0.0099285	0.006865	0.009953	0.0059116	0.01012	0.01098	0.0088611	0.0049471	0.0050169	0.013199	0.01593	0.020329	0.023095	0.017435	0.020474	0.016317	0.015577	0.021187	0.024379	0.021022	0.021537	0.026412	0.027229	0.021087	0.024866	0.031452	0.019052	0.014143	0.015732	0.011293	0.013334	0.0082289	0.0079622	0.0092038	0.0090773	0.019094	0.018124	0.013152	0.012896	0.016921	0.01577	0.011822	0.015322	0.020966	0.019041	0.0204	0.018455	0.019587	0.019942	0.01961	0.018668	0.019558	0.013105	0.016466	0.018141	0.030295	0.02305	0.016103	0.020094	0.013294	0.019109	0.015938	0.018549	0.012925	0.010125	0.015965	0.015732	0.023232	0.019965	0.018476	0.024584	0.020428	0.027498	0.038785	0.036535	0.034715	0.032407	0.03198	0.034898	0.031184	0.031518	0.035812	0.03555	0.045109	0.041515	0.040229	0.043577	0.041232	0.044082	0.041424	0.033922	0.03814	0.034279	0.039225	0.035999	0.040587	0.037242	0.038782	0.046927	0.043185	0.042913	0.040454	0.03854	0.036665	0.03978	0.044928	0.042338	0.038736	0.043269	0.042538	0.041784	0.039614	0.044085	0.034599	0.043548	0.047327	0.041951	0.046184	0.048233	0.045812	0.052378	0.047181	0.044818	0.047567	0.053568	0.048684	0.05375	0.061835	0.058266	0.060745	0.054951	0.053963	0.050942	0.049429	0.041236	0.043607	0.044189	0.036744	0.040052	0.039162	0.035147	0.034989	0.033961	0.028446	0.034429	0.026663	0.021358	0.018807	0.012311	0.013962	0.018337	0.028677	0.027909	0.021218	0.017326	0.012467	0.016442	0.017681	0.017524	0.016091	0.02008	0.019428	0.021905	0.01799	0.017739	0.015686	1.50E-02	0.011772	0.015381	0.020638	0.023985	0.024588	0.01899	0.014823	0.023474	0.028456	0.030168	0.023797	0.024932	0.017143	0.027776	0.029777	0.034971	0.034941	0.036815	0.030853	0.027868	0.030952	0.025516	0.029598	0.0348	0.034794	0.031933	0.025631	0.031315	0.033785	0.032003	0.028324	0.024171	0.021049	0.03191	0.027327	0.029722	0.034259	0.033462	0.037191	0.041258	0.038707	0.040124	0.03967	0.043083	0.042934	0.048164	0.050612	0.054055	0.052746	0.058033	0.06473	0.064787	0.066595	0.065706	0.06916	0.066913	0.068589	0.059802	0.05965	0.05673	0.053096	0.050825	0.054718	0.057549	0.064204	0.075612	0.08378	0.091378	0.099022	0.10887	0.11612	0.13044	0.14173	0.1521	0.16188	0.16092	0.16022	0.14561	0.13893	0.12785	0.11377	0.10602	0.089103	0.073844	0.060071	0.05424	0.051574	0.045359	0.039634	0.036122	0.03082	0.021785	0.021978	0.013958	0.014684	0.013236	0.0031887	0.0047942	0.0028403	0.00042614	-0.0024424	0.0055356	3.65E-03	-0.0020501	-4.80E-03	-0.00014362	0.002619	0.0038775	-0.0043433	0.0068994	0.0048895	1.00E-03	-0.0010062	0.0020817	-0.00059488	-0.00026713	-0.0051242	0.011406	0.0068613	0.0085359	0.012663	0.012093	0.020149	0.011627	0.013464	0.013691	0.022105	0.026971	0.026685	0.030153	0.028525	0.036326	0.036021	0.030642	0.031776	0.039463	0.047429	0.040986	0.032052	0.033215	0.038893	0.038033	0.041201	0.035377	0.033537	0.031577	0.027158	0.020094	0.022839	0.024348	0.019162	0.010592	1.55E-02	0.0061438	0.0055674	0.0042748	0.00013977	0.0013269	0.00028722	-5.23E-04	-6.46E-03	-0.011696	-5.82E-03	-0.00021049	-5.38E-04	-6.49E-03	-0.0056108	-6.62E-03	-1.92E-03	-8.87E-03	-8.74E-03	-9.10E-03	-3.78E-04	-0.0069345	-9.26E-03	-1.05E-02	-3.42E-03	-7.02E-03	-6.33E-03	-0.0013867	-0.01017	-0.016243	-1.97E-02	-0.0094357	-3.98E-03	-8.44E-03	-9.54E-03	-0.012529	-7.08E-03	-0.0084881	-6.83E-03	-0.009119	-7.41E-03	-0.0073742	-9.01E-03	-7.59E-03	-0.012086	-0.0147	-0.018436	-1.72E-02	-1.34E-02	-9.60E-03	-1.16E-02	-9.27E-03	-1.15E-02	-0.008609	-5.17E-03	-0.0094411	-1.51E-02	-0.012771	-7.08E-03	-8.70E-03	-0.010112	-1.25E-02	-5.73E-03	-0.0028256	-7.53E-03	-0.014771	-1.05E-02	-1.43E-02	-0.0056735	-7.21E-03	-1.01E-02	-0.010811	-0.010062	-8.68E-03	-1.59E-02	-1.15E-02	-1.79E-02	-1.21E-02	-3.64E-03	-9.71E-03	-0.010345	-0.0081971	-0.0040839	-2.07E-03	-5.85E-03	-2.49E-04	-0.002658	-0.0034483	-0.0088511	-7.02E-03	-5.41E-03	-5.08E-03	-0.0051274	-1.01E-02	-9.40E-03	-6.55E-03	-1.17E-02	-1.32E-02	-1.60E-02	-1.45E-02	-1.04E-02	-6.12E-03	-0.0048394	1.08E-03	0.00087358	-0.0048624	-1.84E-03	9.07E-04	4.59E-03	-5.43E-03	-9.71E-03	-0.0076055	-1.42E-02	-1.11E-02	-1.31E-02	-0.0067797	-7.35E-03	-9.86E-03	-1.05E-02	-1.22E-02	r
0.022266	0.018308	0.0046408	0.0097864	1.01E-02	0.0069465	0.0093413	0.018818	0.010878	1.46E-02	0.017078	0.015116	0.015662	2.50E-02	0.030625	3.26E-02	0.032868	0.028255	0.022306	0.022764	0.029995	0.037495	0.033192	0.036284	0.036437	0.037214	0.031009	0.029342	0.032267	3.52E-02	0.032124	0.039402	0.036893	0.043493	0.037746	0.037159	0.035453	0.039656	0.028549	3.23E-02	0.035238	0.038084	0.04093	0.035611	0.031518	0.034267	0.038645	0.036723	0.031719	0.034458	0.037047	0.049077	0.047718	0.049858	0.044544	0.046563	0.047615	0.057727	0.059771	0.066332	0.065128	0.05484	0.059859	0.054455	0.053022	0.053337	0.048146	0.047642	0.048465	0.044813	0.03453	0.037921	0.036922	0.035029	0.046259	0.04055	0.039079	0.037406	0.037187	0.047376	0.046439	0.041986	0.042311	0.042945	0.049851	0.045318	0.053061	0.048485	5.23E-02	0.057262	0.04413	0.053251	0.054681	0.055562	0.045572	0.053137	0.052037	0.050943	0.04793	0.051353	0.050665	0.051772	0.057267	0.058636	0.051445	0.060254	0.06955	0.06633	0.059173	0.057212	0.066812	0.068645	0.069375	0.067643	0.061366	0.059794	0.050299	0.045781	0.043294	0.037089	0.038271	0.039501	0.035128	0.033116	0.034241	0.027614	0.031835	0.033104	0.025776	0.019966	0.021177	0.018993	0.023159	0.027686	0.028634	0.031757	0.026653	0.03353	0.03027	0.028264	0.03894	0.039992	0.038119	0.034668	0.033412	0.034378	0.050287	0.050866	0.035796	0.034175	0.032099	0.0237	0.027026	0.021802	0.023083	0.021376	0.02305	0.021743	0.015139	0.026414	0.028886	0.027273	0.01898	0.026892	0.035842	0.040205	0.044793	0.04607	0.042243	0.036975	0.026115	0.028669	0.030298	0.023131	0.022826	0.02334	0.03238	0.019531	0.013475	0.013024	0.015246	0.013451	0.025234	0.025634	0.022633	0.0201	0.034251	0.043374	0.045163	0.043712	0.052419	0.066181	0.066683	0.067196	0.064789	0.068073	0.063674	0.067339	0.070263	0.060836	0.057842	0.062125	0.055176	0.033115	0.02613	0.015552	0.010379	0.004233	0.012842	0.0027903	-0.0045108	-0.00079922	0.0049893	0.007178	0.014734	0.014102	0.0069166	0.014186	0.015903	0.022318	0.025388	0.025509	0.027423	0.029767	0.023354	0.024609	0.029645	0.034814	0.034444	0.041506	0.042613	0.039045	0.034436	0.034395	0.029896	0.030606	0.025533	0.025501	0.03072	0.030314	0.027759	0.017038	0.017319	0.01449	0.0049962	0.007642	0.0055334	0.01246	0.0097895	0.007708	0.00958	0.0037671	0.0070352	0.013019	0.0066227	0.0032989	0.0060401	0.011133	0.016494	0.022412	0.022831	0.01729	0.016748	0.016678	0.011269	0.01902	0.024817	0.02186	0.024746	0.026122	0.02806	0.024475	0.024466	0.031881	0.016641	0.011787	0.012888	0.0081046	0.010991	0.0069615	0.0064209	0.0081339	0.0098581	0.016982	0.014828	0.011476	0.011215	0.012362	0.014126	0.0069848	0.012974	0.021026	0.016098	0.018993	0.017666	0.01682	0.018032	0.016849	0.01518	0.015105	0.0093418	0.012518	0.016561	0.03176	0.022788	0.01671	0.02003	0.013313	0.018118	0.013874	0.014427	0.0074899	0.0066804	0.014981	0.013549	0.024567	0.021219	0.016462	0.020843	0.019528	0.02279	0.035465	0.034568	0.032632	0.029806	0.029589	0.032056	0.029848	0.03194	0.039295	0.03594	0.045471	0.038543	0.034525	0.040022	0.036515	0.043096	0.04207	0.033626	0.038596	0.036687	0.039738	0.036361	0.040964	0.036439	0.035479	0.043678	0.042361	0.043615	0.042934	0.037144	0.033936	0.03827	0.044582	0.037145	0.035229	0.045406	0.043395	0.039911	0.038226	0.042847	0.030118	0.040608	0.047898	0.040395	0.045384	0.046177	0.041188	0.048718	0.044784	0.042423	0.041354	0.053189	0.05124	0.053722	0.060961	0.059118	0.059219	0.05048	0.050933	0.048478	0.048202	0.039629	0.041338	0.040972	0.034314	0.040858	0.036615	0.033928	0.032834	0.032254	0.026242	0.032088	0.025723	0.020502	0.01332	0.0080861	0.013256	0.014306	0.029141	0.028289	0.025367	0.019537	0.013433	0.014968	0.017195	0.013538	0.010386	0.016737	0.016398	0.022455	0.018515	0.016209	0.018123	0.017824	1.35E-02	0.018493	0.023647	0.02162	0.022324	1.77E-02	0.012785	0.023028	0.028043	0.030988	2.13E-02	0.019387	0.012214	0.023813	0.030379	0.033171	0.033236	0.033309	0.028804	0.026243	0.029543	0.025283	0.028147	0.034706	0.035269	0.031785	0.02307	0.026636	3.13E-02	0.027468	0.023415	0.02141	0.02087	0.032148	0.027852	0.031316	0.035159	0.034623	0.036804	0.038426	0.037751	0.038755	0.035293	0.042276	0.041115	0.048683	0.049608	0.056708	0.052748	0.058908	0.069746	0.071942	0.069251	0.070977	0.075405	0.071491	0.071501	0.064464	0.06257	0.063189	0.057427	0.050981	0.053077	0.057242	0.064514	0.079319	0.084446	0.091736	0.10176	0.11381	0.122	0.13551	0.14272	0.15223	0.1668	0.16299	0.16575	0.14989	0.14162	0.12658	0.11228	0.10611	0.091962	0.077159	0.062755	0.055124	0.0506	0.045338	0.03876	0.033381	0.032193	0.01764	0.021798	0.01202	0.01098	0.009997	-0.001974	0.0008435	-0.0017384	-0.002647	-0.0099306	0.0010692	-0.00069799	-0.0065656	-0.0095686	-2.88E-03	-0.00019253	-2.40E-03	-1.19E-02	-0.0013167	-2.22E-03	-0.0056714	-0.002471	0.00292	-0.0016525	-0.0058158	-0.011117	0.0089554	0.00080033	0.0013223	5.85E-03	0.0061063	0.014118	0.006392	0.0093072	0.0066323	0.016193	0.017475	0.023417	0.02296	0.023423	0.030502	0.031878	0.027227	0.029241	0.039257	0.046988	0.038445	0.029237	0.029642	0.037321	0.036243	0.040885	0.037411	0.029957	0.029443	0.023037	0.022671	0.022064	0.022163	0.017936	0.013432	0.017151	0.0075576	0.0058613	2.29E-03	-0.0036739	-0.0023928	0.0038845	0.00093155	-6.49E-03	-0.016279	-0.0055549	-0.00067145	2.98E-05	-6.90E-03	-5.14E-03	-0.0086441	-0.0048103	-0.012261	-1.33E-02	-1.30E-02	-2.37E-03	-0.0053015	-0.0074034	-0.01454	-4.23E-03	-5.53E-03	-9.40E-03	-0.00093427	-9.64E-03	-1.99E-02	-0.02231	-0.0078982	-2.86E-03	-0.0088701	-0.01117	-1.06E-02	-5.03E-03	-0.0074899	-0.0088758	-0.010199	-7.62E-03	-7.05E-03	-1.04E-02	-1.23E-02	-1.27E-02	-1.71E-02	-0.022048	-2.13E-02	-1.88E-02	-0.014459	-1.43E-02	-0.0076032	-8.10E-03	-0.0072559	-5.53E-03	-1.34E-02	-1.82E-02	-1.51E-02	-8.68E-03	-1.16E-02	-0.011657	-0.011577	-8.54E-03	-0.0031485	-8.05E-03	-0.015474	-0.013526	-0.015619	-0.0061943	-7.93E-03	-0.009539	-0.0099534	-1.13E-02	-9.88E-03	-1.77E-02	-1.26E-02	-2.07E-02	-1.75E-02	-3.65E-03	-0.010714	-0.012603	-0.012568	-0.0071504	-7.09E-03	-8.91E-03	-0.0025229	-0.0040266	-3.19E-03	-9.45E-03	-8.22E-03	-0.0066921	-0.0062429	-5.66E-03	-1.15E-02	-0.0079716	-9.36E-03	-0.011898	-1.34E-02	-1.45E-02	-1.15E-02	-0.0101	-0.00673	-0.0051981	-3.42E-03	-3.32E-03	-8.83E-03	-2.62E-03	1.57E-03	7.15E-03	-0.0062503	-0.0087429	-6.65E-03	-0.012977	-1.06E-02	-1.39E-02	-8.23E-03	-8.33E-03	-1.23E-02	-1.57E-02	-1.43E-02	-0.016086	-0.010824	-2.13E-03	-0.0053211	-3.71E-03	r
0.029784	0.024357	0.0077015	0.016866	0.0092677	0.0066781	0.0087982	0.021914	0.013273	0.017447	0.020838	1.50E-02	0.022069	0.034763	0.041123	4.02E-02	4.27E-02	0.037941	0.031111	2.30E-02	0.037869	0.045814	0.038615	0.036327	0.041687	0.043353	0.029705	0.028968	0.035027	0.033995	0.028269	0.042252	0.04346	0.05419	0.043189	0.040371	0.04243	0.047904	0.032897	0.036398	0.039824	0.045609	0.04422	0.041037	0.03687	0.035441	0.043819	0.045981	0.037389	0.038426	0.039165	0.0581	0.05305	5.33E-02	0.042826	0.050173	0.052777	0.066278	0.068535	0.077236	7.58E-02	0.060864	0.062227	0.057259	0.055618	0.053847	0.048779	0.046378	0.052301	0.050875	0.038167	0.041066	0.037116	0.038773	0.046061	0.0418	0.038428	0.034387	0.032479	0.045854	0.046193	0.039252	0.035686	0.036965	0.049447	0.045404	0.052881	0.049462	0.049569	0.062167	0.043595	0.054047	0.052829	0.051549	0.046356	0.056322	0.054113	0.050942	0.0473	0.051798	0.050349	0.058126	0.063631	0.062529	0.053566	0.062997	0.074511	0.068681	0.058705	0.061086	0.078301	0.076306	0.07322	0.07151	0.060706	0.063076	0.05442	0.04689	0.041299	0.03321	0.044305	0.043304	0.034649	0.030446	0.03525	0.022786	0.027253	0.029158	0.022957	0.018113	0.015912	0.014275	0.015934	0.023852	0.022044	0.028218	0.019807	0.024089	0.026584	0.023232	0.038155	0.040936	0.035641	0.025405	0.028299	0.030433	0.047602	0.05115	0.031011	0.026432	0.029088	0.020717	0.025883	0.021249	0.021967	0.01754	0.02178	0.018172	0.0091623	0.024602	0.033803	0.031789	0.022763	0.022003	0.029596	0.044548	0.051472	0.047365	0.039346	0.03715	0.025032	0.029776	0.032916	0.023204	0.0275	0.023753	0.033095	0.017045	0.013101	0.012867	0.015698	0.010143	0.022845	0.027705	0.019492	0.013374	0.034733	0.044145	0.039973	0.03817	0.047727	0.061113	0.060432	0.058486	0.055935	0.062136	0.059464	0.064038	0.069087	0.061182	0.055578	0.058429	0.049596	0.024773	0.017906	0.012269	0.0072118	-0.0019868	0.0098008	0.0022581	-0.0070975	-0.0038357	0.0019558	0.0057159	0.011489	0.0048825	-0.0016296	0.010869	0.010954	0.025308	0.02763	0.02399	0.024296	0.02633	0.016763	0.019169	0.025574	0.034544	0.032422	0.04133	0.039818	0.034773	0.034505	0.039295	0.032604	0.031218	0.022557	0.027793	0.032097	0.031373	0.029175	0.019593	0.019332	0.012619	0.0018091	0.0042783	0.0033824	0.0067574	0.011886	0.0098416	0.008192	0.0024811	0.0049076	0.0167	0.0026401	0.0019975	0.010589	0.0090604	0.016164	0.022166	0.019726	0.014689	0.010512	0.014271	0.0039275	0.015984	0.023036	2.18E-02	0.028673	2.44E-02	0.029162	0.029105	0.023088	0.028672	0.012037	0.0088679	0.0083729	0.0058964	0.0097352	0.0083735	0.0079959	0.0097555	0.014091	0.014471	0.0097352	0.0079702	0.0080462	0.0084118	0.011051	-0.00020064	9.72E-03	0.020675	0.016494	0.016739	1.77E-02	0.012937	0.016947	0.015797	0.015392	0.011287	0.0055883	0.0071142	0.013802	0.031758	0.021977	0.018123	0.020557	0.011994	0.018068	0.013814	0.0098717	0.0018802	0.0045801	0.016729	0.012099	0.027562	0.025858	0.014894	0.015296	0.018791	0.017638	0.032802	0.032738	0.03102	0.025553	0.025215	0.028003	0.028576	0.033014	0.043212	0.036783	0.043691	0.035551	0.028777	0.034995	0.029337	0.040226	0.041508	0.032984	0.038566	0.040323	0.040859	0.03898	0.042183	0.034171	0.029184	0.03818	0.040746	0.041923	0.043188	0.035776	0.029634	0.036078	0.04216	0.031067	0.034904	0.050711	0.04457	0.036128	0.035618	0.042725	0.024852	0.037017	0.047642	0.042108	0.047793	0.044317	0.034878	0.045172	0.045111	0.042746	0.037862	0.0543	0.057429	0.057281	0.06113	0.063074	0.061404	0.049526	0.051466	0.048766	0.047014	0.03697	0.037516	0.036135	0.034765	0.044788	0.036266	0.038144	0.034376	0.03358	0.026019	0.030506	0.026976	0.020954	0.0078765	0.0048356	0.014318	0.0092503	0.027534	0.026877	0.030675	0.021669	0.012977	0.012341	0.018003	0.0079263	0.003979	0.0098944	0.012402	0.019921	0.016854	0.015996	0.0246	0.021714	0.014676	0.023539	0.027215	1.65E-02	0.015195	0.015675	0.01041	0.020788	0.026189	0.032331	0.019253	0.014887	6.93E-03	0.017549	0.030564	0.030047	3.15E-02	0.027119	0.02292	0.022804	0.026453	0.025155	0.025606	0.033457	0.034601	0.031903	0.020491	0.02154	0.030345	2.01E-02	0.017387	0.016017	0.020532	3.07E-02	0.026692	0.03182	0.032116	0.03288	0.035458	0.033556	0.034402	0.033774	2.63E-02	0.038889	0.036642	0.044426	0.046467	0.057888	0.048297	0.056797	0.072079	0.077851	0.067095	0.072255	0.07611	0.074377	0.071033	0.069304	0.062177	0.064468	0.059489	0.05033	0.048391	0.052838	0.06065	0.079403	0.081396	0.089315	0.10339	0.11724	0.12548	0.13444	0.13606	0.14568	0.16665	0.16028	0.16652	0.15054	0.13983	0.1198	0.10982	0.10293	0.091218	0.079857	0.065802	0.055868	0.049194	0.044817	0.037281	0.029427	0.035598	0.012902	0.020068	0.01008	0.0077328	0.0064306	-0.004083	-0.0002003	-0.0051195	-0.0057308	-0.018112	-5.01E-03	-4.15E-03	-0.010929	-0.012534	-5.44E-03	-0.0062891	-0.011854	-0.021342	-0.013814	-0.012575	-0.015186	-0.0036788	4.65E-03	-0.0017915	-0.011569	-0.017614	0.0053193	-0.0069546	-0.0070104	-2.39E-03	3.87E-04	0.0083014	2.45E-03	0.00497	-0.0020443	0.0087196	0.004492	0.017141	0.012745	0.016481	0.021878	0.025317	0.023631	0.029216	0.040178	0.046436	0.03778	0.027021	0.027371	3.64E-02	0.033088	0.037604	0.035969	0.027846	0.025004	0.015196	0.024138	0.020359	0.018231	0.016127	1.74E-02	0.018024	0.010675	0.0070366	-6.52E-04	-0.0087283	-8.23E-03	0.0077635	2.44E-03	-0.00577	-0.019813	-2.14E-03	-6.04E-04	0.0015332	-0.0081786	-0.0064302	-1.33E-02	-0.0095567	-1.53E-02	-1.73E-02	-0.015663	-0.003723	-0.0020342	-0.005075	-1.73E-02	-0.0046355	-1.39E-03	-0.012067	-5.27E-04	-0.0091976	-2.30E-02	-0.024668	-0.0059517	-1.39E-03	-0.0076245	-0.011419	-0.0069511	-0.0026748	-0.0041991	-0.011232	-1.24E-02	-0.0067224	-0.0063108	-1.17E-02	-0.017446	-0.012005	-0.019515	-2.47E-02	-0.022008	-2.15E-02	-1.94E-02	-0.014326	-3.40E-03	-0.0015791	-0.0050557	-6.51E-03	-1.77E-02	-0.019406	-0.017045	-0.011772	-0.016203	-1.37E-02	-0.010252	-0.015494	-8.23E-03	-0.0095409	-1.49E-02	-0.016493	-1.89E-02	-1.04E-02	-8.32E-03	-0.0064742	-0.007155	-0.0099413	-9.87E-03	-1.78E-02	-1.40E-02	-0.025458	-0.026051	-6.25E-03	-0.010927	-0.013316	-1.76E-02	-1.11E-02	-0.015107	-0.014501	-0.0081105	-7.44E-03	-1.96E-03	-0.009588	-0.010912	-0.0069271	-9.42E-03	-7.21E-03	-1.47E-02	-8.85E-03	-1.33E-02	-1.12E-02	-0.01124	-0.011175	-0.0061471	-8.78E-03	-0.0052559	-0.0040827	-9.03E-03	-7.16E-03	-1.25E-02	-0.00048168	0.0053101	0.013054	-0.0042063	-5.69E-03	-0.0045331	-1.05E-02	-8.02E-03	-1.34E-02	-1.23E-02	-0.010177	-0.015777	-2.35E-02	-1.61E-02	-1.48E-02	-8.10E-03	0.0050509	-6.51E-03	-7.82E-03	r
0.040381	0.033909	0.016423	0.028789	5.08E-03	0.0049709	0.0080652	0.026833	0.012941	0.013698	0.022503	0.016494	0.030956	0.048437	0.054357	0.049267	0.056928	0.051374	0.045909	0.019604	0.045877	0.054212	0.04404	0.028755	0.045988	0.051369	0.029589	0.031871	4.17E-02	0.030876	0.02371	4.45E-02	0.048465	0.067853	0.049491	0.042853	0.052221	0.054345	4.03E-02	3.90E-02	0.042886	0.054109	0.046829	0.04835	0.046726	0.03641	0.050378	0.05938	0.046555	0.0411	0.042866	0.067282	0.055555	0.054417	0.036938	0.049297	0.058067	0.075508	0.079322	0.092472	0.089117	0.069254	0.063803	0.057763	0.056449	0.050783	0.047096	0.04307	5.52E-02	0.059841	0.043783	0.042668	0.034796	0.043574	0.043247	0.044312	0.039045	3.08E-02	0.023946	0.041479	0.043588	0.035617	0.024967	0.028097	0.047299	0.041946	0.048832	0.05127	0.04455	7.29E-02	0.045739	0.055879	0.04636	0.044451	0.049596	0.063857	6.01E-02	0.051115	0.045512	0.051316	0.047591	0.067635	0.07419	0.069303	0.059263	0.068346	0.080497	0.068505	0.05584	0.066889	0.095966	0.085188	0.07867	0.074791	0.05601	0.067873	0.061437	0.04733	0.039076	0.030753	0.056865	0.048064	0.03593	0.029021	0.038119	0.016865	0.02086	0.021453	0.019008	0.011814	0.0016249	0.0086306	0.0048232	0.016361	0.013638	0.024581	0.011359	0.0053433	0.021035	0.018493	0.039078	0.041936	3.42E-02	0.012136	0.018785	0.023261	0.04228	0.043537	0.025169	0.020879	0.032385	0.025996	0.028533	0.022657	0.0194	0.013033	0.019461	0.017654	0.0049751	0.025175	0.040731	0.038932	0.03268	0.016213	0.01952	0.050001	0.061097	0.048819	0.038644	0.040145	0.024212	0.032855	0.040536	0.025208	0.038521	0.024366	0.033448	0.013479	0.016957	0.01634	0.017306	0.0070413	0.023832	0.03113	0.015364	0.0051993	0.034174	0.043631	0.032977	0.028372	0.042328	0.052229	0.051547	0.047677	0.043575	0.054472	0.057345	0.06218	0.064283	0.063396	0.053511	0.055624	0.041042	0.016574	0.010034	1.16E-02	0.0032222	-0.013116	0.0021597	0.0015219	-0.010628	-0.0055906	-0.0024822	0.0022875	0.007607	-0.0050981	-0.0088063	0.012452	0.0064011	0.03067	0.029036	0.023814	0.0199	0.024083	0.011849	0.013751	0.02101	0.03777	0.033728	0.045417	0.043356	0.029791	0.036048	0.045558	0.032223	0.031251	0.017646	0.031833	0.033592	0.031669	0.030119	0.025477	0.025702	0.010032	-6.14E-03	-0.0024387	0.0045603	-0.0019419	0.01557	0.011782	0.0041527	2.20E-03	0.0060393	2.24E-02	-0.0032577	0.001857	0.022446	0.0088503	1.36E-02	0.017065	0.011237	0.0084626	0.0025442	0.0065896	-0.0071833	0.013072	0.019832	0.020906	0.032135	0.020716	0.030408	0.034344	0.019686	0.020564	0.0046757	0.004945	0.0010565	0.0055324	0.010744	0.013615	0.013902	0.014981	0.024649	0.013112	0.0027093	0.0018453	0.0044468	6.99E-03	0.0066787	-0.009236	0.0071067	0.020346	0.025546	0.015285	0.020038	0.0080716	0.018807	0.019056	0.023785	1.01E-02	0.001441	-0.00065033	8.86E-03	0.027697	0.017588	0.016762	0.021262	0.0060712	0.016094	0.016035	0.0041188	-0.0057618	0.0025702	0.02116	0.010118	0.032614	0.035316	1.33E-02	0.0076091	0.019836	0.012773	0.030833	0.029542	0.027853	0.017826	0.013332	0.018555	0.025031	0.034989	0.047871	0.038159	0.037719	0.032508	0.023116	0.02452	0.013726	0.031759	0.038574	0.027851	0.034394	0.041698	0.040941	0.043611	0.043931	0.027603	0.018748	0.029668	0.03564	0.033705	0.036521	0.032952	0.022955	0.033417	0.035148	0.024779	0.040647	0.06052	0.044616	0.02802	0.030079	0.044071	0.018272	0.029002	0.043127	0.046354	0.051362	0.037958	0.023742	0.041602	0.049879	0.046997	0.040085	0.056968	0.064146	0.061633	0.060013	0.07046	0.068519	0.054358	0.056463	0.049909	0.041294	0.029073	0.028656	0.02742	0.037112	0.049539	0.034957	0.0432	0.036873	0.036867	0.025996	0.029338	0.029549	0.022696	4.81E-03	0.0028356	1.73E-02	0.0016818	0.022455	2.35E-02	0.034939	0.02088	0.008854	0.0094174	0.021965	0.0024118	0.0012822	-3.56E-04	0.0090884	0.013935	0.013498	0.020118	0.038219	0.02804	1.33E-02	0.029206	0.030333	0.007033	0.00076096	0.013157	0.0070318	0.016747	0.022035	0.03479	0.015725	0.0097595	-2.21E-05	0.006544	0.027745	0.024237	0.032121	0.019196	0.010438	0.015595	0.019339	0.024298	0.021161	0.030631	0.032299	0.032921	1.85E-02	0.017193	0.033161	8.89E-03	0.0096922	0.0058103	0.019334	0.025208	0.022749	0.029698	0.024068	2.80E-02	0.033369	0.026496	0.027783	0.024112	1.17E-02	0.032652	0.032461	3.58E-02	0.042572	0.059347	0.039155	0.053398	0.072507	0.081437	0.0587	0.066626	0.06837	0.079074	0.071135	0.07913	0.059657	0.058446	0.059632	0.052067	0.040996	0.042862	0.054982	0.075932	0.074178	0.086148	0.10636	0.12023	0.12544	0.12407	0.11911	0.12928	0.15734	0.1515	0.16031	0.14458	0.13126	0.10582	0.10685	0.093414	0.082331	0.080465	0.068458	0.056546	0.046301	0.043071	0.034342	0.022637	0.038097	0.0042772	0.012918	0.0072582	0.0058572	0.0010751	-0.003742	0.0010444	-0.0063368	-1.02E-02	-0.02646	-0.012677	-0.0065952	-1.30E-02	-0.010272	-0.0071295	-0.017834	-0.026244	-3.37E-02	-0.033466	-2.77E-02	-2.97E-02	-0.0060783	0.0056178	-2.39E-03	-1.73E-02	-2.50E-02	-0.0010167	-0.01638	-0.016	-0.012986	-0.004757	0.0037843	0.0011273	0.0011648	-0.012964	-0.0013688	-0.01159	0.0057908	0.00019	7.47E-03	0.01124	0.016312	0.020182	0.033633	0.043442	0.047311	0.041451	0.025997	0.026342	0.035269	0.025697	0.028281	0.02554	0.024981	0.015313	0.0015479	0.02106	1.54E-02	0.010678	0.012474	0.021989	0.016739	0.016836	1.05E-02	-0.005313	-0.015908	-1.77E-02	1.00E-02	0.002645	-0.0058918	-2.18E-02	4.92E-03	0.00017367	0.0055301	-0.010806	-0.011538	-2.11E-02	-0.017249	-0.019159	-0.020886	-0.015898	-0.0019984	0.0032928	-0.0050937	-0.019103	-4.87E-03	5.08E-03	-1.46E-02	-1.56E-03	-0.011561	-0.024539	-2.90E-02	-0.0065874	-8.46E-04	-2.37E-03	-0.0075046	0.00058076	-5.74E-04	0.00041088	-0.015572	-1.75E-02	-0.0057719	-0.0056774	-0.013716	-2.40E-02	-1.08E-02	-0.023945	-2.73E-02	-0.017707	-0.020531	-0.0262	-0.012117	3.74E-03	7.82E-03	-0.0012459	-8.95E-03	-0.023139	-0.019913	-0.019657	-0.016605	-2.12E-02	-1.64E-02	-8.36E-03	-2.94E-02	-2.20E-02	-1.51E-02	-0.015484	-1.99E-02	-2.57E-02	-0.02201	-1.00E-02	-4.83E-04	-3.16E-03	-4.60E-03	-6.62E-03	-1.46E-02	-0.013872	-0.032518	-3.88E-02	-0.013603	-0.011071	-0.013648	-2.33E-02	-1.64E-02	-2.55E-02	-0.021164	-1.46E-02	-0.013284	9.68E-04	-0.0089583	-1.42E-02	-4.00E-03	-0.015726	-0.0099665	-1.87E-02	-0.012371	-1.73E-02	-9.57E-03	-4.43E-03	-5.16E-03	0.001684	-0.0054502	2.54E-03	0.0014599	-1.54E-02	-0.010834	-1.59E-02	7.24E-03	1.34E-02	0.024133	4.18E-03	0.0032372	0.00089159	-0.0063096	-0.0031747	-1.13E-02	-0.020731	-0.013331	-0.021072	-0.032657	-1.64E-02	-0.0086663	1.08E-03	0.018116	-0.0068853	-0.017672	x
2.77E-02	0.022034	0.018244	0.0087	0.012602	0.011299	0.010956	0.0090761	0.0077671	0.0079332	0.015216	0.018713	1.55E-02	0.016305	0.012038	0.011272	0.016509	0.01875	0.013955	0.0066646	0.012637	0.01612	0.015128	0.007757	0.0058628	0.0079894	0.012064	0.014769	0.018374	0.021395	0.012538	0.0071851	0.0082783	0.0084316	1.86E-02	0.024759	0.017403	0.01485	0.017274	2.66E-02	0.019969	0.014138	0.025478	0.02256	0.012119	0.011418	0.017197	2.93E-02	0.026381	0.032412	0.028361	2.30E-02	0.02652	0.023262	0.01655	0.02065	0.016611	0.012939	0.02041	0.021689	1.60E-02	0.012142	0.0097974	0.014963	0.019666	2.48E-02	0.031378	0.035337	0.043424	0.046922	0.04778	0.038271	0.032592	0.030462	0.022304	0.033683	0.036697	0.02926	0.028533	0.025469	0.021544	0.035722	0.039171	0.045708	0.039777	0.047444	0.049182	0.072306	0.077561	0.06725	7.25E-02	0.068839	0.063348	0.04652	0.039339	0.040343	0.042189	0.041995	0.047557	0.032807	0.030135	0.041302	0.047861	0.046263	0.039417	0.040773	0.044061	0.038575	0.03445	0.025053	0.044128	0.043705	0.052225	0.046246	0.04053	0.054348	0.060752	0.055247	0.052215	0.054202	0.047111	0.043783	0.04088	0.029573	0.02884	0.031465	0.024351	0.026909	0.033712	0.039057	0.041861	0.04021	0.017982	0.024003	0.031429	0.051749	0.048501	0.042173	0.028941	0.02969	0.037816	0.041921	0.049501	0.038991	0.04546	0.03227	0.037651	0.042832	0.045394	0.041588	0.035414	0.037952	0.035156	0.031996	0.025312	0.030622	0.029954	0.027076	0.019618	0.016428	0.025661	0.033266	0.037774	0.047482	0.052006	0.059371	0.056518	0.059356	0.050733	0.053978	0.05352	0.039544	0.032177	0.0329	0.028578	0.019433	0.025653	0.028481	0.024333	0.020583	0.012274	0.01864	0.02199	0.02746	0.026652	0.029715	0.031707	0.036098	0.053284	0.074148	0.071826	0.077229	0.079872	0.087392	0.075451	0.089663	0.091426	0.10787	0.11636	0.1157	0.092072	0.066471	0.046316	0.034268	0.026042	0.013652	0.010007	0.010308	0.012393	0.0057691	0.016313	0.009591	0.011129	0.0044981	0.02125	0.017245	0.024411	0.012406	0.021772	0.029142	0.027646	0.031566	0.035217	0.041025	0.065776	0.09381	0.11978	0.12975	0.12009	0.096141	0.084468	0.066913	0.064377	0.051415	0.041184	0.02704	0.030996	0.034935	0.037924	0.030759	0.029317	0.025245	0.0139	0.022731	0.010615	-0.0022839	-0.0064109	-0.00030761	-0.0006014	0.0063795	0.0107	0.0029325	0.0023017	0.017276	0.010612	0.018741	0.012254	8.59E-03	0.0029772	-0.0065532	0.0050765	0.0045362	0.012272	1.09E-02	0.015768	0.009493	0.0026159	0.0069606	0.013811	0.014407	0.0088435	0.0096466	0.0029625	0.0073188	0.012157	0.019591	0.020611	0.016452	0.018288	0.021251	0.031165	0.018349	0.014949	0.028661	0.024377	0.023102	0.018391	0.020979	0.020069	0.017973	0.0051719	0.00017515	0.018177	0.02323	0.012414	0.013719	0.022524	0.024715	0.01646	0.019458	0.019117	0.015798	0.020976	0.026473	0.026005	0.019638	0.027197	0.031079	0.040265	0.029076	0.027067	0.023892	0.022978	0.02265	0.03906	0.047291	0.047935	0.048721	0.039337	0.038793	0.030652	0.033818	0.030991	0.035808	0.039518	0.041546	0.030591	0.041592	0.050636	0.061341	0.06112	0.063985	0.06015	0.056294	0.057127	0.058094	0.062902	0.062821	0.051229	0.048068	0.050734	0.056668	0.054613	0.052119	0.053372	0.054267	0.058405	0.058297	0.053626	0.046089	0.041394	0.039449	0.043745	0.055325	0.058068	0.045298	0.034971	0.03789	0.042108	0.04889	0.054671	0.058436	0.058194	0.050067	0.053101	0.054525	0.063944	0.063374	0.071979	0.069076	0.071611	0.075229	0.073511	0.068918	0.067627	0.065323	0.083779	0.08249	0.0821	0.078614	0.09158	0.1045	0.12609	0.13408	0.11936	0.087102	0.076144	0.068376	0.063268	0.058954	0.039032	0.03707	0.048791	0.044619	0.043425	0.03928	0.038203	0.03417	0.033076	0.036067	0.040072	0.036965	0.035769	0.031126	0.022286	0.025504	0.025748	0.0236	0.023304	0.025644	0.020323	0.027717	0.017235	0.022424	0.019716	0.022368	0.011966	0.017274	0.020604	0.01931	0.027776	0.023446	0.022393	0.012824	0.014403	0.015817	0.02104	0.01867	0.026979	0.033376	0.025811	0.027461	0.032851	0.031516	0.033659	0.036653	0.03288	0.027682	0.027277	0.020494	0.020387	0.023461	0.0214	0.017572	0.025983	0.01845	0.021147	0.017582	0.0059729	0.015767	0.016917	0.021206	0.014827	0.0067733	-1.60E-03	6.68E-05	0.00208	5.25E-03	0.0096834	0.0023034	0.0074974	0.015762	0.0053513	0.010791	0.013176	0.019456	0.0094179	0.0025634	1.16E-02	0.012224	0.018458	0.017561	0.015644	0.024682	0.027941	0.041393	0.042181	0.03603	0.036483	0.04685	0.04762	0.058007	0.061136	0.054312	0.051552	0.065737	0.067009	0.081046	0.077429	0.072747	0.075011	7.40E-02	0.075282	0.064708	0.055452	0.054306	0.052496	0.045183	0.039198	0.045066	0.046606	0.0415	0.039494	4.05E-02	0.030215	0.036001	0.035402	0.032412	0.040132	0.030238	0.03149	0.029378	0.038807	0.033434	0.032004	0.030006	0.030054	0.033561	0.024282	0.019896	0.026823	0.01749	0.021533	0.020176	0.018164	0.013047	0.0085104	0.011209	0.012916	0.017675	1.56E-02	0.016531	0.0064931	0.0097882	0.022695	0.014134	0.0084955	0.012314	0.019798	0.027171	0.026576	0.02462	0.030797	0.034144	0.043929	0.046933	0.054148	0.058996	0.063404	0.060167	0.055009	0.052737	0.059109	0.062483	0.059472	0.06464	0.052175	0.049585	0.044984	0.048294	0.043682	0.055855	0.054866	0.046121	0.036018	0.025195	0.023382	0.019994	0.023544	0.03061	0.023684	0.012948	0.0084941	0.014895	0.012617	8.28E-03	0.0089334	0.0088108	0.016511	0.025124	0.013023	0.015003	0.01125	0.0083152	0.0079771	0.014617	0.0083568	0.0067606	0.0036402	-8.66E-05	0.0061334	0.00061724	0.0032594	0.00010442	-0.00056304	-0.0014867	-6.32E-03	-0.0052406	-9.59E-04	-0.0020991	0.011245	0.0023308	-0.0082357	-0.010877	-0.0020371	-1.80E-03	0.004177	-3.54E-03	-5.84E-04	1.35E-02	7.36E-03	1.11E-03	0.0086272	0.0024822	0.0024032	0.0031321	-0.0018868	0.0072081	-0.007974	-0.010254	6.93E-03	0.0068064	0.0023177	0.0069898	9.56E-03	9.18E-03	1.36E-02	1.95E-02	1.51E-02	0.0047108	7.74E-03	0.0048424	1.73E-03	0.0011352	9.58E-03	7.33E-03	0.006896	-0.0068895	-0.0048048	1.07E-03	0.00013941	0.0023577	-0.0040291	0.0061717	0.010794	0.011219	0.013321	0.0048203	1.30E-02	0.010916	0.010103	0.0049812	-0.0035235	-0.005516	-0.0023936	-2.86E-03	-2.49E-03	0.0048651	0.0023286	-0.00025596	-0.0090298	-2.17E-03	5.74E-04	0.00024935	-2.79E-03	-1.10E-03	-0.0020684	9.27E-04	0.0001113	0.0050671	5.65E-03	1.14E-02	0.01034	0.001157	0.0063259	-0.0013677	-0.0047136	-0.0067094	-0.011619	-0.014869	-7.73E-03	0.0016519	0.0012988	3.49E-03	-7.93E-03	-6.63E-03	0.0048862	0.0025784	-6.82E-06	-7.61E-05	0.005018	5.33E-04	x
0.025858	0.020428	1.66E-02	0.0063144	1.15E-02	9.83E-03	0.0099301	0.0091405	0.0065607	0.0092507	0.014567	1.73E-02	1.16E-02	1.42E-02	0.0097683	1.10E-02	0.011894	0.014044	0.011916	0.0051876	0.010959	1.53E-02	0.014979	0.0098834	1.16E-02	0.01321	0.01574	1.75E-02	2.20E-02	0.020795	0.015509	0.014842	0.015114	0.014956	0.020414	0.025008	0.020709	0.016117	0.021541	0.025745	2.20E-02	0.017965	0.025973	0.023454	1.56E-02	0.01613	0.016534	2.57E-02	0.02501	0.032636	0.027941	0.026732	2.75E-02	0.028308	0.022561	0.030332	0.026508	0.021635	3.02E-02	2.69E-02	0.02323	0.020726	0.019517	0.023728	0.026347	0.029714	0.029937	0.036215	0.044429	0.048885	0.047321	0.039548	3.58E-02	0.034204	0.024899	0.032518	0.034023	0.032538	0.035082	0.030335	0.028766	0.037061	0.043151	0.051079	0.047128	5.12E-02	0.055131	0.07476	0.078135	0.069203	0.072181	0.06883	0.065469	0.048415	0.041473	0.046192	0.047765	0.046471	0.051265	0.03914	0.036066	0.041236	0.045577	0.045126	0.044643	0.043753	0.046005	0.043142	0.037136	0.034068	0.048759	0.048345	0.056942	0.057855	0.052951	5.90E-02	0.060793	0.056445	0.050422	0.051635	0.042699	0.042107	0.03924	0.028731	0.028572	0.033403	0.028437	0.030849	0.0343	0.037473	0.043121	0.044327	0.026131	0.030276	0.039172	0.054048	0.049562	0.045336	0.035173	0.03384	0.042273	0.043961	0.04913	0.043965	0.051708	0.042811	0.047012	0.048791	0.050479	0.045733	0.035641	0.034728	0.034544	0.030954	0.025125	0.030645	0.031823	0.027533	0.023597	0.019585	0.031238	0.035689	0.039855	0.048988	0.054476	0.062498	0.062104	0.062777	0.052605	0.050986	0.047221	0.034587	0.026475	0.02785	0.026173	0.020831	0.025578	0.028441	0.025751	0.01951	0.016828	0.022085	0.025626	0.032144	0.033878	0.038905	0.041209	0.042577	0.062211	0.075996	0.07582	0.083598	0.084223	0.093179	0.083341	0.095449	0.095937	0.10848	0.11512	0.11222	0.091331	0.062562	0.046115	0.034721	0.027031	0.014276	0.010327	0.0086958	0.010076	0.0093124	0.019253	0.014065	0.01488	0.0096923	0.021876	0.020672	0.028218	0.021354	0.027663	0.034232	0.031356	0.035428	0.04238	0.045592	0.066063	0.089078	0.11529	0.12097	0.1091	0.087899	0.075637	0.059607	0.055385	0.045807	0.039977	0.030547	0.031056	0.033083	0.034707	0.028208	0.027252	0.023225	0.015105	0.022596	0.0099036	-0.00064617	-0.002706	0.0024064	0.0022573	0.0054763	0.0089612	-0.0018021	0.0021871	0.015034	0.0091896	0.018109	0.013194	0.0094145	0.0067612	1.13E-03	1.10E-02	0.0060226	0.010771	0.012097	0.015398	0.011776	0.0052113	9.28E-03	0.01177	1.25E-02	0.009835	0.011386	0.0065782	0.0099281	0.017921	0.020468	0.021933	0.01854	0.020989	0.019673	0.027096	0.01771	0.018642	0.024644	0.025082	0.022047	0.018333	0.02138	0.016693	0.015983	0.0076388	0.0067892	0.019352	0.023624	1.48E-02	0.016032	0.022179	0.021192	0.013928	0.018597	0.018502	0.018031	0.024576	0.030324	0.029578	0.024825	0.030471	0.030999	0.039536	0.03293	0.030282	0.026149	0.024637	0.023463	0.033269	0.043721	0.047484	0.045889	0.039524	0.038217	0.032384	0.034468	0.030163	0.035055	0.039865	0.038831	0.032294	0.044058	0.052827	0.058861	0.06114	0.062147	0.057315	0.056264	0.053525	0.053642	0.058698	0.056984	0.048628	0.04437	0.049719	0.05722	0.0557	0.05182	0.051343	0.055254	0.056333	0.054874	0.050093	0.044166	0.039914	0.03946	0.043974	0.048513	0.051918	0.045888	0.039099	0.042617	0.046407	0.051933	0.05841	0.062214	0.06063	0.053486	0.056472	0.056747	0.065371	0.062509	0.070969	0.071229	0.073299	0.072654	0.07368	0.070865	0.070525	0.068033	0.077243	0.076246	0.077605	0.072683	0.083748	0.094213	0.11381	0.12435	0.10994	0.080149	0.065402	0.060381	0.05861	0.05164	0.035321	0.033206	0.041088	0.039195	0.039013	0.032265	0.030699	0.029392	0.028929	0.032151	0.032352	0.031144	0.030617	0.027153	0.023251	0.023477	0.022323	0.025676	0.02506	0.02178	0.016289	0.024467	0.018622	0.020832	0.018196	0.019288	0.011263	0.01435	0.021839	0.021424	0.029827	0.028909	0.026059	0.015694	0.01622	0.018452	0.022671	0.020239	0.025234	0.029498	0.024063	0.025697	0.029786	0.028592	0.031785	0.031439	0.031371	0.027301	0.029348	0.024126	0.024479	0.023016	0.021644	0.022285	0.025341	0.019663	0.020396	0.017424	0.011406	0.01911	0.018797	0.019693	0.018123	0.01138	0.002894	0.0043483	0.0097671	0.012666	0.01374	0.0044371	0.0097807	0.01852	0.0082322	0.014385	0.017748	0.019585	0.012675	0.0075528	0.011927	0.011346	0.016008	0.016082	0.019908	0.0246	0.026445	0.039467	0.042833	0.038078	0.042038	0.049226	0.051145	0.061026	0.066041	0.068087	0.068759	0.080733	0.081353	0.089791	0.085946	0.083461	0.08539	0.080783	0.075501	0.063731	0.05388	0.050398	0.052265	0.045175	0.040747	0.045347	0.047216	0.039824	0.036135	0.038209	0.032252	0.037166	0.036875	0.033014	0.034972	2.65E-02	0.026334	0.024138	0.031465	0.025004	0.024263	0.022114	0.022044	0.025233	0.017697	0.015481	0.021819	0.018252	0.018704	1.70E-02	0.019387	0.016607	0.0094324	0.012372	0.014321	0.017562	0.016908	0.019688	0.01031	0.012694	2.18E-02	0.016086	0.011613	0.016724	0.020516	0.027398	0.025188	0.027048	0.030748	0.036913	0.046637	0.046684	0.050915	0.057328	0.055055	0.055614	0.050261	0.047455	0.053247	0.057144	0.060749	0.056218	0.044989	0.040982	0.040455	0.044666	0.040232	0.044961	0.043891	0.037004	0.028004	0.020464	0.019667	0.019224	0.020132	0.024815	0.020513	0.013754	0.0095352	0.011297	0.0078995	0.0055717	0.0082433	0.0056688	0.014368	0.022277	0.013848	0.01208	0.0084162	0.0046695	0.0028227	0.01106	0.0041197	0.0046919	0.0032284	0.00064278	0.0056291	-6.82E-05	0.0025025	-4.42E-04	-0.0013504	-5.40E-03	-0.0056343	-0.0046218	0.00057581	4.60E-04	1.06E-02	0.0017329	-0.004508	-0.0075356	-0.0036604	-9.40E-04	7.57E-05	-0.0044129	-7.23E-04	0.010147	0.00718	2.93E-03	0.0088552	0.002455	0.0015672	-5.08E-04	-0.0032105	0.0074938	-0.006254	-8.23E-03	0.0041498	-0.00011821	-1.10E-04	2.39E-03	0.0081426	0.0062145	1.06E-02	1.44E-02	0.011147	-0.00084039	2.64E-03	2.22E-03	0.00092117	0.00028258	0.0066152	1.05E-03	2.90E-03	-0.0075804	-6.64E-03	-0.00080642	1.64E-03	5.80E-03	-5.53E-04	0.0060883	8.99E-03	6.27E-03	7.23E-03	5.67E-04	0.0084067	8.69E-03	0.0053987	0.001707	-3.02E-03	-0.0025228	-3.10E-03	-0.0062127	-0.0038953	0.0020827	-1.02E-03	-2.96E-03	-0.01292	-0.0059917	-0.0032914	-5.41E-03	-0.007564	-0.00087291	2.20E-03	0.0012516	-0.00018919	0.00561	5.77E-03	0.0065187	0.0039032	-4.04E-03	9.32E-06	-0.0033917	-6.33E-03	-0.0073319	-1.01E-02	-1.28E-02	-9.70E-03	-0.0022446	3.26E-04	0.00087348	-8.14E-03	-0.0060919	0.00076601	-8.59E-04	-0.00080439	0.0011709	0.0039021	9.80E-04	x
0.021529	1.81E-02	1.51E-02	0.0048307	0.0097139	8.61E-03	1.07E-02	0.0094023	6.65E-03	1.09E-02	1.47E-02	0.015929	8.82E-03	0.014004	9.08E-03	0.01227	0.010346	0.011938	1.14E-02	0.0066967	0.012486	0.018115	0.018028	0.014551	0.019448	0.021115	0.021363	2.00E-02	2.53E-02	0.021212	0.018438	0.021013	0.019097	0.019869	0.022071	0.025386	2.36E-02	0.018598	0.024748	0.02633	0.024389	0.022252	0.025664	0.02398	0.019203	2.07E-02	1.64E-02	0.022601	0.025134	0.032778	0.027178	0.029612	0.029479	0.032843	0.029609	0.037768	0.034022	0.029892	3.75E-02	0.032205	2.95E-02	0.028777	0.028853	0.03041	0.031186	0.033123	0.030716	0.037573	0.043547	0.049529	0.046506	0.040703	0.03743	0.036648	0.027921	3.27E-02	0.03282	0.035371	0.040438	0.03537	0.033866	0.038778	0.04653	0.053943	0.052704	0.053188	0.059797	0.074874	0.077719	0.070206	0.071719	0.068041	0.066003	0.050932	0.044349	0.050204	0.051288	0.050255	0.053472	0.04411	0.041677	0.042319	0.044662	0.046053	0.048722	0.045954	0.048387	0.048763	0.042357	0.042698	5.25E-02	0.051949	0.058931	0.064159	0.06019	0.060833	0.058509	0.055654	0.049091	0.049052	0.039686	0.0405	0.038222	0.0287	0.027965	0.03372	0.032459	0.034033	0.034319	0.036794	0.043351	0.046792	0.032927	0.034864	0.044263	0.054248	0.048378	0.047291	0.039733	0.0371	0.045011	0.046483	0.048664	0.048964	0.056479	0.051082	0.052944	0.051718	0.051325	0.046061	0.036064	0.032052	0.033822	0.031126	0.026257	0.030175	0.031654	0.027095	0.027393	0.025094	0.036129	0.037326	0.0412	0.050164	0.054977	0.061111	0.062751	0.063744	0.051394	0.046875	0.04047	0.030948	0.022031	0.023347	0.023659	0.0211	0.024283	0.028474	0.026424	0.01902	0.01958	0.02484	0.029962	0.037012	0.039247	0.046481	0.049916	0.04996	0.068888	0.077751	0.079026	0.088011	0.088102	0.09534	0.087346	0.097138	0.096686	0.10526	0.1093	0.10351	0.083413	0.055091	0.042989	0.034021	0.026662	0.013999	0.011132	0.0080799	0.0085494	0.011572	0.021413	0.018312	0.018696	0.015432	0.022239	0.022807	0.031829	0.028107	0.033421	0.0387	0.034678	0.03843	0.046723	0.049384	0.064867	0.083311	0.10566	0.1068	0.093412	0.075092	0.064584	0.050566	0.046363	0.039944	0.037664	0.032343	0.030176	0.031155	0.03077	0.02461	0.02476	0.022265	0.017094	0.021509	0.009404	0.0021142	0.0018938	0.005406	0.0043187	0.0053471	0.0084919	-0.0021891	0.0049668	0.014227	0.0096761	0.018089	1.31E-02	1.19E-02	0.0091478	0.0070126	0.014599	0.0084192	0.011026	0.013652	0.016418	0.01571	0.0096318	0.013964	0.012494	0.011873	0.011087	0.013367	0.010301	0.012664	0.019722	0.020126	0.021687	0.018787	0.022416	0.019451	0.023149	0.016588	0.021635	0.021346	0.023787	0.02073	0.018799	0.022028	0.014685	0.015277	0.011584	0.01289	0.021211	0.024378	0.017088	0.017416	0.021859	0.019216	0.014462	0.019097	0.018619	0.019379	0.023616	0.031871	0.030282	0.027421	0.030356	0.028561	0.035416	0.031736	0.029348	0.025825	0.024515	0.024239	0.02786	0.039599	0.046241	0.043969	0.040066	0.037584	0.03442	0.036147	0.030974	0.033591	0.03712	0.036436	0.034517	0.045526	0.053171	0.055434	0.058831	0.057576	0.051992	0.053351	0.049916	0.048579	0.053355	0.0512	0.046284	0.041572	0.047476	0.055349	0.053772	0.04934	0.047268	0.052803	0.051947	0.050321	0.046373	0.043543	0.040649	0.039663	0.043347	0.044118	0.046314	0.045935	0.040857	0.045656	0.048168	0.053357	0.058926	0.062347	0.059736	0.055811	0.057385	0.057365	0.065653	0.061118	0.067644	0.070628	0.072388	0.069407	0.073101	0.071592	0.071518	0.069014	0.071374	0.06872	0.07118	0.066309	0.074482	0.081701	0.097637	0.10854	0.09576	0.071523	0.05689	0.053853	0.052116	0.044457	0.033003	0.030089	0.033319	0.03387	0.033813	0.028006	0.025483	0.025257	0.02394	0.027116	0.026845	0.026035	0.026571	0.023697	0.023592	0.020556	0.018416	0.025389	0.023962	0.017817	0.013772	0.021993	0.018568	0.020879	0.018137	0.018805	0.01318	0.014795	0.023554	0.023617	0.030718	0.033252	0.02862	0.020077	0.019477	0.02257	0.02553	0.0233	0.025241	0.028096	0.024522	0.024157	0.027607	0.027019	0.030569	0.02876	0.030104	0.028681	0.031392	0.0265	0.027398	0.022459	0.021767	0.024987	0.0234	0.020429	0.019698	0.017768	0.017029	0.023731	0.022109	0.021315	0.022545	0.018262	0.011264	0.011665	1.92E-02	0.020343	0.020642	0.012851	0.017339	0.025155	0.017725	0.023009	0.025479	0.025311	0.021085	0.017283	0.019176	0.015894	0.018761	0.020395	0.02731	0.029781	0.030158	0.041582	0.047185	0.045191	0.050915	0.056338	0.059582	0.069391	0.077682	0.086341	0.089868	0.10043	0.10048	0.10338	0.099187	0.097137	0.097308	0.089885	0.078972	0.066235	0.056117	0.050772	0.053613	0.046412	0.042486	0.045347	0.045831	0.038003	0.031707	0.033697	0.031985	0.035866	0.036426	0.032335	0.029708	0.022294	0.021898	0.019585	0.026173	0.018913	0.018361	0.016583	0.015026	0.019022	1.40E-02	0.014526	0.018787	0.018032	0.014846	0.012769	0.017382	0.017273	0.0094343	0.013067	0.014373	0.017519	0.018939	0.021826	0.016195	0.015785	2.12E-02	0.017692	0.016413	0.021929	0.021493	0.027774	0.025065	0.03025	0.031697	0.038056	0.046228	0.04509	0.048119	0.054727	0.049119	0.052327	0.047974	0.044709	0.04771	0.050084	0.058423	0.048012	0.039245	0.033631	3.63E-02	0.040628	0.036508	0.034506	0.033615	0.027847	0.020674	0.016092	0.015506	1.65E-02	0.014399	0.018038	0.015184	0.012904	0.009687	0.0091454	0.0046654	0.0023454	0.0048121	1.82E-03	0.010604	0.01795	0.012908	0.0091109	6.38E-03	0.0015829	-0.00094786	0.008039	0.0012775	0.0025753	0.0022169	0.00030768	0.0031188	-1.31E-03	4.06E-04	-0.0021035	-0.0019842	-0.0071255	-0.0050892	-0.0060241	-0.00018002	0.0014448	0.0086797	2.59E-04	-2.79E-03	-6.24E-03	-5.21E-03	-0.00043066	-0.003452	-5.93E-03	-0.0020236	5.78E-03	0.0061112	4.25E-03	0.0081511	9.62E-04	-0.00097157	-0.0047625	-0.0042308	0.0059525	-4.08E-03	-6.10E-03	1.56E-03	-0.0037951	-0.0024735	-0.0024647	0.0045915	3.27E-03	6.72E-03	0.0078502	0.0069033	-0.0047682	-0.0013472	3.45E-04	-2.74E-06	-0.0012599	3.82E-03	-0.002323	7.13E-05	-0.0075648	-8.56E-03	-2.43E-03	0.00076564	5.48E-03	7.33E-04	0.004361	6.35E-03	2.97E-03	2.50E-03	-2.60E-03	0.0038605	0.0062841	1.62E-03	-0.0014444	-0.0029711	-2.06E-03	-4.65E-03	-8.80E-03	-0.0070328	-0.00073404	-2.99E-03	-4.44E-03	-1.39E-02	-0.0093489	-6.45E-03	-7.88E-03	-9.40E-03	3.08E-05	0.0058563	0.0028363	0.00097709	5.83E-03	5.93E-03	3.45E-03	-0.0019175	-0.0074076	-0.0050866	-0.0048744	-0.006319	-0.0071895	-0.0084091	-0.0098126	-8.85E-03	-4.26E-03	-0.0012899	-6.93E-04	-6.85E-03	-4.72E-03	-1.64E-03	-0.0024893	-7.25E-04	0.0025794	0.0028659	6.79E-05	x
0.016412	0.015809	0.014067	0.0038432	0.0075373	0.0079924	1.23E-02	0.009625	0.0081245	1.31E-02	1.60E-02	0.015545	8.85E-03	1.52E-02	0.010813	0.015048	1.21E-02	0.013021	0.013649	1.13E-02	0.016533	0.023412	2.33E-02	2.05E-02	0.026856	0.028848	0.026866	2.22E-02	0.02771	0.02276	0.021646	2.54E-02	0.021636	0.02315	0.023618	0.02586	0.025875	2.27E-02	0.027396	0.027589	2.72E-02	2.63E-02	0.025643	2.47E-02	2.25E-02	2.54E-02	0.018197	0.021895	0.027236	0.033996	0.027297	0.032096	0.032736	0.037351	0.037088	4.33E-02	0.03976	0.037903	4.27E-02	0.037318	0.035178	0.035681	0.036854	0.035084	0.034393	0.034622	3.22E-02	0.038682	0.041379	0.049249	0.044994	0.041592	0.037942	0.037999	0.031964	0.034639	0.034033	0.03792	0.04426	0.039895	3.75E-02	0.041264	0.049075	0.055343	0.055802	0.053407	0.061728	0.072264	0.075373	0.068674	0.069686	0.065897	0.064141	0.052525	0.047471	0.052368	0.052302	0.05307	0.054755	0.048165	0.04718	0.045214	0.046252	0.04923	0.051934	4.82E-02	0.051318	0.054772	0.049225	0.050406	0.055288	0.053987	0.058369	0.06505	0.062161	0.059183	0.054388	0.052967	0.047421	0.046092	0.037676	0.039422	0.038041	0.029359	0.026887	0.032442	0.034753	0.035864	0.033801	0.036564	0.04249	0.046458	0.03756	0.037474	0.046164	0.052166	0.045626	0.047507	0.042839	0.03914	0.045655	0.048592	0.047775	0.051857	0.058411	0.054957	0.05418	0.051207	0.047908	0.042353	0.035041	0.029464	0.032713	0.030811	0.027682	0.028748	0.029888	0.025369	0.030139	0.031126	0.038764	0.038116	0.041984	0.050592	0.053291	0.055757	0.05826	0.060798	0.047284	0.041518	0.034146	0.028613	0.019351	0.019964	0.021317	0.01998	0.022111	0.028201	0.025981	0.019512	0.021547	0.02673	0.033792	0.041134	0.042295	0.051047	0.056831	0.057258	0.072683	0.078085	0.08044	0.088953	0.089706	0.09351	0.086938	0.09435	0.09422	0.098144	0.098731	0.090293	0.070528	0.045761	0.037151	0.031542	0.023947	0.012031	0.011281	0.0077861	0.007644	0.013023	0.022937	0.021102	0.021217	0.019747	0.021884	0.023149	0.033651	0.031621	0.036761	0.040632	0.036128	0.039194	0.047706	0.05077	0.061821	0.076322	0.091078	0.08876	0.075289	0.060096	0.052987	0.041771	0.038081	0.034504	0.034957	0.032819	0.028164	0.028837	0.026698	0.020149	0.021605	0.021403	0.019017	0.019235	0.0090114	0.0053155	0.0062162	0.008294	0.00582	0.006247	0.0085817	8.26E-05	0.0090797	0.014581	0.011565	0.018732	0.012654	0.014696	0.010666	0.011208	0.016574	0.012016	1.26E-02	0.014828	0.018291	0.019757	1.42E-02	0.018873	0.015625	0.012835	0.012762	0.015464	0.013256	0.014783	0.018306	0.018377	0.019441	0.017211	0.022938	0.020296	0.020019	0.016025	0.02345	0.019028	0.021366	0.019433	0.019646	0.022474	0.014456	0.015458	0.015526	0.017427	0.022485	0.024691	0.018514	0.017599	0.021384	0.018623	0.01744	0.020622	0.018672	0.020121	0.020006	0.030445	0.028215	0.027487	0.027468	0.024339	0.029108	0.027386	0.026241	0.02379	0.022952	0.025142	0.024134	0.035814	0.04405	0.042165	0.039592	0.036546	0.035679	0.037455	0.032288	0.03218	0.03394	0.034969	0.03737	0.046435	0.052133	0.051624	0.054666	0.052181	0.046353	0.048174	0.046098	0.043176	0.047733	0.045325	0.04373	0.039522	0.045164	0.052464	0.050423	0.046417	0.04328	0.04844	0.046633	0.045696	0.043155	0.043761	0.041822	0.039712	0.041861	0.041512	0.041525	0.044576	0.040432	0.046456	0.048039	0.052186	0.056511	0.0591	0.05664	0.056773	0.056043	0.056055	0.064118	0.059293	0.062068	0.06706	0.069488	0.065886	0.071105	0.070212	0.070033	0.067571	0.065758	0.060927	0.063378	0.059848	0.064184	0.068324	0.079511	0.088137	0.078506	0.061393	0.048916	0.047886	0.044643	0.037815	0.031221	0.026883	0.02654	0.029102	0.02955	0.02647	0.021945	0.021718	0.019213	0.022912	0.023575	0.022319	0.023691	0.021546	0.023577	0.018813	0.015935	0.023367	0.021286	0.014893	0.012671	0.019841	0.017987	0.02179	0.018998	0.019164	0.015639	0.01714	0.025083	0.025666	0.030259	0.034991	0.029187	0.024107	0.023022	0.027113	0.028917	0.027507	0.026438	0.02789	0.025844	0.023335	0.026502	0.026908	0.030431	0.028232	0.029249	0.030853	0.03299	0.028157	0.028845	0.022036	0.021593	0.026084	0.021466	0.021545	0.02051	0.019526	0.0226	0.028871	0.026369	0.025283	0.027748	0.026042	0.021802	0.021112	0.029257	0.028384	0.02948	0.025271	0.028831	0.034687	0.031541	0.03477	0.036079	0.035731	0.034082	0.030106	0.031019	0.025151	0.025925	0.028727	0.036368	0.038093	0.037966	0.047592	0.054705	0.055882	0.061931	0.06695	0.071919	0.082343	0.094286	0.10662	0.11243	0.12157	0.12191	0.11979	0.11557	0.11234	0.1091	0.099884	0.084602	0.070957	0.060087	0.053542	0.055469	0.048249	0.044097	0.044806	0.042671	0.035535	0.027725	0.028361	0.029752	0.03236	0.032752	0.029053	0.023973	0.017558	0.017378	0.015642	0.021193	0.014179	0.013596	0.012452	0.0097469	0.014576	0.011083	0.014471	1.65E-02	0.016424	0.010322	0.0079598	0.013062	0.015479	0.0083134	0.013128	0.013634	1.71E-02	0.019905	0.021775	0.02118	0.017465	0.020071	0.01867	0.021019	0.02697	0.022676	0.028826	0.02594	0.03346	0.033273	0.037769	0.043863	0.043428	0.046505	0.051346	0.04451	0.048733	0.046211	0.043046	0.043214	0.042827	0.053182	0.040821	0.035398	0.028337	0.03294	0.036718	0.032289	0.02522	0.024998	0.020064	0.014847	0.012451	0.011582	0.012677	0.0079054	0.011796	0.0088708	0.0096311	0.0077483	0.0072441	0.0023825	-0.001144	0.00033768	-0.0015691	0.0063917	0.01227	0.010028	0.0057528	0.0046817	-0.0014492	-3.95E-03	0.004542	-0.00038026	0.00024072	7.17E-04	-0.00049602	-0.00065501	-0.0038073	-0.0032555	-0.0043856	-0.0027535	-0.0073558	-5.08E-03	-0.0082336	-2.19E-03	0.00039795	0.0054209	-1.79E-03	-2.88E-03	-6.18E-03	-0.0067381	-9.23E-04	-6.27E-03	-0.0078242	-4.91E-03	3.07E-04	3.11E-03	0.0033152	5.45E-03	-1.64E-03	-0.0045591	-8.32E-03	-5.05E-03	3.20E-03	-3.40E-03	-5.22E-03	-5.37E-04	-4.85E-03	-4.34E-03	-6.51E-03	0.00069736	6.89E-04	0.0022063	7.38E-04	2.78E-03	-0.0071123	-0.0039944	-1.06E-03	-0.0015128	-3.45E-03	7.35E-04	-0.0038865	-2.40E-03	-6.94E-03	-1.01E-02	-0.0040773	-1.07E-03	2.43E-03	-0.00026134	0.0018356	0.00366	0.0016173	-2.79E-04	-0.0033799	4.66E-04	3.51E-03	-0.0013361	-0.0036861	-0.002948	-0.0025891	-5.89E-03	-0.0099429	-9.58E-03	-2.73E-03	-0.0046198	-5.55E-03	-1.35E-02	-1.20E-02	-8.92E-03	-8.10E-03	-0.0086535	1.28E-03	7.72E-03	3.88E-03	2.05E-03	5.28E-03	5.52E-03	1.21E-03	-6.15E-03	-0.0087644	-8.71E-03	-6.07E-03	-5.85E-03	-0.0065815	-0.0070363	-0.0074253	-0.0068396	-5.14E-03	-3.65E-03	-0.0024403	-5.78E-03	-0.003355	-2.69E-03	-2.61E-03	-4.96E-04	3.37E-03	1.78E-03	-0.0015619	r
0.012149	1.19E-02	0.012074	1.41E-02	0.013984	3.62E-03	6.37E-03	8.36E-03	1.38E-02	0.010024	0.010866	1.61E-02	1.86E-02	0.016953	1.19E-02	1.71E-02	0.014695	1.90E-02	0.016757	0.017051	0.018522	0.018009	2.18E-02	0.028983	0.02886	0.02589	0.031964	0.034147	0.030971	0.024859	0.029634	0.025501	0.0253	0.028141	2.43E-02	0.025076	0.02522	0.026924	0.028201	2.82E-02	0.029911	0.028927	3.01E-02	0.029822	0.026663	0.026173	0.02557	0.029833	0.02259	0.024515	3.12E-02	0.036409	0.029324	0.034673	0.037207	0.041953	0.04439	0.047625	0.044273	0.045099	0.046465	0.042089	0.040466	0.040882	0.042605	0.038084	0.036208	0.034434	0.033679	0.039095	0.038685	0.048296	0.042682	0.041758	0.037475	0.038321	0.036638	0.037754	0.037057	0.040084	0.046197	0.043381	0.040309	0.044559	0.05064	0.055982	0.056605	0.05224	0.060777	0.067908	0.071146	0.064223	0.065543	0.062304	0.060114	0.052435	0.050044	0.052878	0.051263	0.054482	0.055385	0.051154	0.05205	0.049513	0.05009	0.053633	0.054182	0.051119	0.054989	0.060302	0.056247	0.056481	0.057248	0.054428	0.056141	0.061768	0.05968	0.054686	0.049684	0.049048	0.044969	0.042825	0.036104	0.03888	0.03832	0.029991	0.025501	0.030427	0.034579	0.035853	0.032795	0.036143	0.0406	0.043244	0.039643	0.037868	0.044387	0.048141	0.042175	0.045735	0.04412	0.039707	0.044437	0.049878	0.047006	0.051646	0.056773	0.053604	0.050407	0.047651	0.041547	0.035943	0.031985	0.026771	0.030876	0.028789	0.028559	0.026731	0.027367	0.022532	0.031199	0.035643	0.038939	0.038335	0.042487	0.050005	0.050051	0.048138	0.05029	0.054353	0.04133	0.03561	0.029167	0.02755	0.01828	0.017812	0.019	0.017599	0.019414	0.027157	0.024521	0.020608	0.022736	0.027974	0.03639	0.043521	0.04321	0.05229	0.061246	0.063061	0.073466	0.076424	0.079571	0.085837	0.087753	0.088454	0.082859	0.088052	0.089197	0.088345	0.084643	0.074333	0.05553	0.036009	0.029506	0.027469	0.019098	0.0085256	0.0099319	0.0073509	0.0072914	0.013672	0.023	0.021173	0.021374	0.021134	0.020839	0.02223	0.032957	0.031822	0.036604	0.03885	0.034754	0.037354	0.045556	0.048938	0.057019	0.067896	0.073882	0.069847	0.058078	0.046421	0.043017	0.034864	0.031585	0.030479	0.032506	0.032147	0.025228	0.025997	0.022864	0.015458	0.018306	0.019897	0.020039	0.016244	0.0087714	0.0082502	0.0091051	0.010131	0.0068733	0.0074054	0.0084007	0.0027493	0.012529	0.015463	0.014186	0.019692	0.012534	0.016766	0.012063	0.013593	0.017284	0.016205	0.014815	0.015669	0.020407	0.022578	0.017825	0.022573	0.01997	0.014587	0.014343	0.017064	0.014699	0.015492	0.014992	0.015458	0.015593	0.014641	0.022827	0.02132	0.018046	0.016228	0.023518	0.017592	0.018573	0.018283	0.020561	0.021936	0.015589	0.015975	0.0182	0.019787	0.022288	0.023768	0.018637	0.016689	0.020655	0.01889	0.021557	0.022334	0.018318	0.019993	0.015772	0.026525	0.024147	0.025491	0.022705	0.019109	0.022354	0.021971	0.022909	0.021091	0.020501	0.025642	0.022259	0.03264	0.041172	0.039971	0.037592	0.035148	0.035602	0.03764	0.033076	0.031267	0.032358	0.034606	0.040532	0.046591	0.049878	0.047735	0.049337	0.047404	0.042077	0.042231	0.042468	0.038455	0.042867	0.040036	0.041342	0.038543	0.043523	0.049612	0.047018	0.044484	0.041014	0.043793	0.041617	0.041986	0.041179	0.043708	0.041737	0.039443	0.039905	0.039943	0.037868	0.041814	0.038363	0.045138	0.046802	0.048413	0.052149	0.053879	0.05248	0.056158	0.053123	0.053043	0.06045	0.057122	0.055628	0.061373	0.065462	0.062313	0.067479	0.066425	0.066137	0.063668	0.060637	0.054175	0.055697	0.053641	0.05388	0.055934	0.062313	0.066906	0.061154	0.0509	0.041113	0.042297	0.03738	0.032232	0.029239	0.023191	0.021537	0.02503	0.027243	0.026964	0.020024	0.019137	0.015957	0.020387	0.021816	0.019865	0.021312	0.020679	0.023122	0.019248	0.015789	0.02065	0.018245	0.013614	0.012655	0.017815	0.017798	0.02275	0.020378	0.019384	0.017125	0.020009	0.025841	0.027002	0.028411	0.033476	0.027522	0.026368	0.025821	0.030932	0.031818	0.031558	0.027996	0.027889	0.026802	0.023137	0.026068	0.027755	0.031067	0.028719	0.028308	0.032272	0.033455	0.028899	0.028335	0.021594	0.021117	0.026165	0.020323	0.023123	0.023286	0.022623	0.027323	0.033214	0.03049	0.029856	0.032468	0.032948	0.031628	0.030618	0.037937	0.035819	0.03839	0.038203	0.04156	0.045129	0.045883	0.047031	0.047966	0.048019	0.048563	0.04317	0.043829	0.03673	0.035047	0.03785	0.044603	0.046636	0.047428	0.055807	0.063427	0.067242	0.072785	0.078472	0.085538	0.097245	0.11184	0.12509	0.13288	0.13992	0.14142	0.13522	0.1313	0.12587	0.11819	0.1084	0.090711	0.076263	0.064141	0.056835	0.056845	0.049832	0.045089	0.043778	0.038838	0.032276	0.025059	0.023395	0.026	0.027506	0.026078	0.023198	0.017859	0.012573	0.012345	0.012189	0.015845	0.010139	0.0093447	0.0088233	0.0063466	0.011193	0.0077158	0.013544	0.014139	0.013417	0.0058504	0.0036124	0.0076266	0.01177	0.006036	0.012592	0.012311	0.015712	1.90E-02	0.019234	0.022938	0.016633	0.018261	0.018631	0.023652	0.03004	0.023574	0.029786	0.026882	0.035506	0.034528	0.036283	0.040375	0.042149	0.045921	0.047234	0.040488	0.044289	0.043905	0.041622	0.040448	0.037424	0.046249	0.035325	0.033217	0.025491	0.030395	0.033419	0.028137	0.018478	0.019141	0.014646	0.011006	0.0097753	0.008206	0.0086646	0.002744	0.0073209	0.0031311	0.0042481	0.0038856	0.0050548	7.04E-04	-0.0043196	-0.0034828	-0.003769	0.0026373	0.0057991	5.42E-03	1.77E-03	2.95E-03	-4.28E-03	-0.0061888	0.0002655	-1.32E-03	-0.0021274	-1.29E-03	-1.31E-03	-0.0042901	-7.29E-03	-7.90E-03	-6.52E-03	-0.003666	-7.02E-03	-5.81E-03	-0.010059	-4.09E-03	-2.00E-03	0.0016196	-0.0039507	-0.0042531	-6.49E-03	-8.08E-03	-0.0025771	-0.0084818	-1.00E-02	-0.0091796	-0.0058954	-1.97E-03	-0.00011397	9.99E-04	-4.65E-03	-0.0082115	-1.05E-02	-5.73E-03	-2.71E-04	-0.0052213	-0.0060869	-2.03E-03	-0.0045219	-5.53E-03	-9.12E-03	-2.27E-03	-9.10E-04	-2.01E-03	-5.61E-03	-0.0010403	-8.23E-03	-5.17E-03	-2.31E-03	-3.80E-03	-5.99E-03	-2.70E-03	-4.43E-03	-4.80E-03	-6.07E-03	-1.12E-02	-5.80E-03	-2.55E-03	-1.90E-03	-3.04E-03	-9.18E-04	1.38E-03	0.0018153	-1.32E-03	-1.90E-03	-1.38E-03	0.0006401	-3.53E-03	-4.96E-03	-0.0032467	-0.0031844	-0.0063174	-0.0096537	-1.01E-02	-3.72E-03	-6.28E-03	-6.61E-03	-1.28E-02	-1.35E-02	-0.010691	-0.0075257	-6.70E-03	2.01E-03	7.08E-03	3.16E-03	1.77E-03	3.77E-03	4.39E-03	-0.00090447	-8.51E-03	-8.53E-03	-1.07E-02	-0.0071032	-5.81E-03	-5.77E-03	-6.34E-03	-6.46E-03	-5.38E-03	-5.55E-03	-6.74E-03	-4.86E-03	-5.62E-03	-2.69E-03	-3.05E-03	-1.66E-03	-7.67E-04	0.0029097	r
9.67E-03	0.0112	9.48E-03	1.28E-02	1.50E-02	0.0046465	0.0075109	1.00E-02	1.49E-02	1.12E-02	0.014661	0.020007	0.022201	0.020282	1.69E-02	1.90E-02	1.93E-02	2.34E-02	2.33E-02	0.022738	2.47E-02	2.50E-02	2.70E-02	0.032682	0.032641	0.029609	0.034361	0.036143	0.033501	0.028398	0.031962	0.029262	0.029302	0.030126	0.02818	0.026452	0.027241	0.02916	0.031476	0.034332	0.032594	0.030151	0.032837	0.032929	2.90E-02	0.028413	0.028458	0.033529	0.029312	0.030084	0.036403	0.039426	0.033534	0.037864	0.042779	0.046827	0.051259	0.051775	0.048315	0.050935	0.049434	0.04659	0.045363	0.044355	0.045947	0.040289	0.037395	0.033676	0.035221	0.039086	0.036568	0.047189	0.040158	0.041025	0.036238	0.037929	0.041079	0.041041	0.04032	0.041564	0.046345	0.045828	0.042667	0.048334	0.051606	0.056455	0.056476	0.050569	0.058235	0.063643	0.066263	5.83E-02	0.06032	0.058185	0.055421	0.051074	0.051716	0.05255	0.049657	0.054827	0.055868	0.053064	0.055782	0.054276	0.055136	0.05793	0.055755	0.054932	0.059609	0.064848	0.062171	0.060574	0.058652	0.054114	0.053794	0.056914	0.054764	0.049362	0.045972	0.045158	0.042032	0.039935	0.034526	0.038462	0.038352	0.029839	0.024298	0.028823	0.03236	0.034003	0.031513	0.035019	0.038078	0.038329	0.039475	0.036351	0.039489	0.043328	0.039144	0.042477	0.043253	0.038957	0.042231	0.05044	0.047311	0.048918	0.052071	0.048234	0.043164	0.042486	0.034629	0.029303	0.027573	0.024221	0.028353	0.024998	0.028524	0.025169	0.025358	0.019507	0.030623	0.037499	0.037917	0.03881	0.043158	0.048554	0.046445	0.040562	0.041803	0.04675	0.035328	0.030512	0.026187	0.027527	0.018089	0.016682	0.016698	0.014695	0.016632	0.025238	0.022857	0.021604	0.022785	0.029051	0.037947	0.043988	0.042841	0.051284	0.063177	0.066433	0.071905	0.073186	0.076883	0.079782	0.0828	0.08232	0.077129	0.08046	0.082909	0.078098	0.069557	0.058372	0.041432	0.027123	0.021493	0.022725	0.013444	0.0044917	0.0071311	0.0065735	0.0074268	0.01337	0.020843	0.01816	0.019092	0.019268	0.019736	0.021254	0.030363	0.029797	0.033663	0.033744	0.030863	0.033729	0.04154	0.044538	0.051342	0.058496	0.057739	0.05365	0.04516	0.037207	0.036292	0.030458	0.02758	0.028402	0.03077	0.030837	0.022225	0.023037	0.019599	0.011469	0.01564	0.017511	0.019645	0.013511	0.0089332	0.010438	0.010075	0.010274	0.0078234	0.0078712	0.0074977	0.0041411	0.013899	0.016271	0.016789	0.020444	0.012875	0.017383	0.013724	0.014139	0.017012	0.019792	0.016867	0.016636	0.022246	0.023698	2.00E-02	2.44E-02	0.02402	0.015971	0.015097	0.017528	0.01448	0.01457	0.011313	0.012088	0.011233	0.012261	0.022214	0.021543	0.017043	0.016675	0.021773	0.01666	0.015842	0.017254	0.021259	0.020023	0.017095	0.016357	0.019035	0.020139	0.020567	0.021453	0.017642	0.015106	0.019581	0.019374	0.025448	0.023518	0.017753	0.018849	0.012519	0.021707	0.019534	0.022443	0.0173	0.013903	0.017018	0.017394	0.020883	0.018876	0.017896	0.025066	0.021473	0.029889	0.038186	0.037509	0.03464	0.033694	0.034431	0.036809	0.03297	0.031077	0.033282	0.035272	0.043562	0.04584	0.046812	0.04415	0.043893	0.044073	0.039844	0.03732	0.03969	0.035614	0.039583	0.036339	0.039962	0.038906	0.042596	0.047345	0.044549	0.044222	0.041147	0.040174	0.037595	0.039664	0.040739	0.042441	0.039821	0.039203	0.038134	0.038818	0.035626	0.038575	0.035456	0.042727	0.045464	0.043459	0.047681	0.048955	0.048431	0.054279	0.049867	0.049348	0.055172	0.055053	0.050576	0.055628	0.061534	0.059209	0.063056	0.061165	0.061123	0.058621	0.056758	0.049536	0.049701	0.047994	0.045022	0.04648	0.048836	0.049453	0.046933	0.041782	0.034307	0.037496	0.031617	0.028072	0.026538	0.019283	0.018669	0.021699	0.02699	0.028376	0.019998	0.018083	0.014869	0.019275	0.020666	0.017971	0.01857	0.020389	0.022091	0.021466	0.01753	0.018254	0.016063	0.013958	0.013284	0.01633	0.018707	0.023186	0.021772	0.019117	0.017073	0.022217	0.025564	0.027366	0.025692	0.02949	0.02426	0.026454	0.027548	0.03334	0.033399	0.033907	0.029056	0.027551	0.026678	0.023256	0.025741	0.028813	0.031834	0.029057	0.026727	0.031843	0.032555	0.02838	0.025988	0.020917	0.020533	0.025877	0.020123	0.024935	0.027288	0.026166	0.030526	0.03571	0.03352	0.033269	0.0354	0.03777	0.038203	0.038072	0.043515	0.041488	0.04532	0.048271	0.052727	0.054533	0.057153	0.057317	0.058963	0.058874	0.060603	0.053621	0.053992	0.04753	0.04335	0.044839	0.049926	0.052833	0.055576	0.063823	0.07105	0.076426	0.081433	0.088436	0.097751	0.11097	0.12615	0.13861	0.14856	0.15244	0.15556	0.14649	0.14283	0.13481	0.12299	0.11378	0.095857	0.080822	0.067396	0.059299	0.057217	0.050533	0.045185	0.042488	0.035908	0.02853	0.023883	0.019511	0.021398	0.022547	0.017968	0.016194	0.011777	0.0076352	0.0066301	0.0089672	0.01029	0.0062902	0.0051638	0.0051217	0.0042064	0.0078829	0.0032787	1.09E-02	0.011192	0.0092871	0.0021864	0.00073662	0.0024995	0.00693	0.0029284	0.011731	0.010355	0.013053	0.016205	0.014998	0.020847	0.013391	0.015904	0.017377	0.023513	0.0297	0.023553	0.029461	0.026958	0.035412	0.034478	0.034082	0.036538	0.041255	0.045796	0.042831	0.036921	0.039589	0.041013	0.040196	0.039515	0.035136	0.039348	0.031752	0.031803	0.024756	0.028594	0.030946	0.02488	0.015182	0.016482	0.011795	0.0090412	0.0080043	0.0052691	0.0052407	0.00034262	0.0050862	-0.00081659	-2.02E-03	-0.00053316	0.0027697	-0.00045055	-6.61E-03	-0.0056882	-0.0048478	-2.20E-04	-0.00056091	-0.00021963	-0.0027165	0.00091863	-6.40E-03	-0.0073121	-0.0043811	-0.0021499	-0.004026	-3.62E-03	-1.78E-03	-6.60E-03	-1.11E-02	-0.012541	-7.71E-03	-4.51E-03	-0.0068587	-0.0071455	-0.010674	-4.82E-03	-4.25E-03	-1.69E-03	-0.0058026	-0.0060128	-6.48E-03	-9.03E-03	-5.00E-03	-0.010211	-0.012409	-0.013887	-1.18E-02	-8.07E-03	-0.0049511	-3.86E-03	-0.0071254	-1.07E-02	-0.011195	-0.0062602	-4.10E-03	-9.09E-03	-0.0082832	-3.11E-03	-0.0043892	-0.0063238	-0.01028	-3.96E-03	-1.31E-03	-0.005012	-1.00E-02	-0.0044906	-8.71E-03	-5.21E-03	-0.0035523	-6.46E-03	-8.20E-03	-6.07E-03	-0.0045701	-7.09E-03	-5.50E-03	-0.011771	-7.71E-03	-3.03E-03	-5.97E-03	-6.47E-03	-0.0035603	-3.01E-04	2.47E-03	-0.0016249	0.00033813	-2.08E-03	-1.73E-03	-0.0050521	-0.0058074	-4.28E-03	-0.0036193	-5.98E-03	-8.63E-03	-8.67E-03	-0.0042265	-7.77E-03	-7.58E-03	-0.012313	-1.37E-02	-1.18E-02	-7.57E-03	-5.21E-03	0.0013178	4.21E-03	5.52E-04	-5.87E-05	1.71E-03	0.0030844	-3.11E-03	-0.0092802	-7.42E-03	-0.0111	-7.72E-03	-6.43E-03	-0.0051518	-6.42E-03	-0.0069826	-5.72E-03	-5.98E-03	-0.010163	-7.63E-03	-5.94E-03	-3.01E-03	-3.48E-03	-4.41E-04	-1.82E-03	1.17E-03	r
1.84E-02	0.018728	9.77E-03	0.0087456	1.17E-02	8.62E-03	1.21E-02	1.72E-02	7.03E-03	0.011116	0.013114	0.015434	0.013643	0.019481	0.024834	0.02638	0.025197	2.27E-02	2.10E-02	0.022726	0.027853	3.02E-02	2.85E-02	3.04E-02	0.03099	0.031417	3.35E-02	0.033883	0.031555	0.034768	0.035453	0.035102	0.03302	0.035602	0.033678	0.033281	0.032502	0.033761	0.028367	0.030094	0.032935	0.036355	0.04016	0.035657	0.03161	0.035219	0.035844	0.032603	0.031296	0.031501	0.036388	0.037568	0.037322	0.042181	0.042257	0.039374	0.042062	0.049432	0.052334	0.058016	0.056943	0.052829	0.055462	0.052444	0.050986	0.049883	0.046623	0.047499	0.042735	0.039023	0.033783	0.037372	0.039271	0.036033	0.046556	0.038434	0.039698	0.034586	0.037281	0.044566	0.043535	0.042275	0.041896	4.50E-02	0.047648	4.49E-02	0.052002	0.052686	0.056971	0.057285	0.049313	0.055871	0.060819	0.062187	0.053162	0.05594	0.054999	0.051849	0.049492	0.052738	0.052419	0.049286	0.055314	0.057002	0.054323	0.058407	0.058784	0.060329	0.061251	0.057424	0.060066	0.065253	0.068454	0.066552	0.062766	0.059952	0.054291	0.052688	0.052985	0.0495	0.045509	0.044235	0.042449	0.039347	0.03825	0.032658	0.037415	0.037416	0.0285	0.023655	0.028071	0.029067	0.030573	0.030042	0.032836	0.035377	0.03313	0.037488	0.033568	0.032837	0.039045	0.037392	0.038689	0.040138	0.037229	0.039876	0.050462	0.049089	0.045003	0.045491	0.041241	0.035042	0.037343	0.029167	0.024466	0.023044	0.022174	0.025531	0.020333	0.027668	0.025065	0.02503	0.017512	0.028941	0.036803	0.037513	0.040516	0.044272	0.046581	0.043418	0.034634	0.035339	0.040748	0.030802	0.027527	0.025264	0.028039	0.017835	0.01625	0.014674	0.012226	0.014127	0.022771	0.022082	0.021975	0.021399	0.030363	0.039288	0.043153	0.042017	0.049644	0.063127	0.067271	0.068879	0.0691	0.073172	0.072783	0.076787	0.077221	0.07176	0.073571	0.076611	0.06906	0.055705	0.04457	0.029949	0.019669	0.014129	0.018149	0.0084264	0.0010062	0.0037075	0.0054287	0.0078392	0.011977	0.016299	0.012674	0.015337	0.015032	0.019447	0.021251	0.027224	0.026956	0.029781	0.026836	0.025623	0.029537	0.037241	0.039088	0.045965	0.049019	0.045352	0.042281	0.038117	0.033446	0.032938	0.027789	0.025949	0.027902	0.02979	0.029676	0.020284	0.020758	0.017011	0.0086911	0.013873	0.01449	0.017642	0.011902	0.0097846	0.01173	0.0095557	0.0089114	0.0092913	7.15E-03	0.0059797	0.0040882	0.013	0.01669	0.01871	0.020437	0.013278	0.016155	0.015329	0.012941	0.015857	0.021667	0.018201	0.018115	0.023488	0.023534	0.021293	0.024382	0.026632	0.016144	0.014507	0.016436	0.013099	0.012578	0.0084283	0.0091772	0.0075735	0.010974	0.021032	0.020298	0.016373	0.016536	0.018753	0.015723	0.013087	0.016172	0.021636	0.017173	0.017966	0.016379	0.018152	0.019247	0.017999	0.018354	0.016022	0.01331	0.018003	0.019588	0.02835	0.02396	0.01741	0.016867	0.010689	0.01767	0.015792	0.019328	0.012151	0.0094685	0.014236	0.014617	0.020837	0.018043	0.015709	0.023011	0.020724	0.027058	0.035492	0.035178	0.031693	0.032253	0.032674	0.035475	0.032259	0.031634	0.036426	0.036774	0.046041	0.044195	0.0434	0.041009	0.038968	0.042034	0.039171	0.034396	0.038047	0.035212	0.037963	0.034809	0.040224	0.040373	0.041613	0.045446	0.043238	0.045196	0.043065	0.037947	0.034358	0.038323	0.041309	0.039662	0.036817	0.039676	0.036952	0.037711	0.034728	0.036056	0.032346	0.040344	0.044687	0.03931	0.044877	0.04605	0.04508	0.051704	0.047418	0.046165	0.049334	0.05374	0.048753	0.051966	0.058648	0.057256	0.059122	0.056004	0.056785	0.054316	0.054579	0.046978	0.045799	0.042723	0.038542	0.040864	0.040126	0.038592	0.037461	0.035198	0.029467	0.033864	0.028014	0.025163	0.022791	0.015729	0.017718	0.018981	0.027926	0.029557	0.021957	0.018784	0.015614	0.018596	0.0196	0.015828	0.014881	0.019621	0.020418	0.023998	0.019791	0.016805	0.015795	0.015529	0.014221	0.016196	0.020912	0.022808	0.022424	0.018394	0.015799	0.023064	0.024257	0.027013	0.022909	0.02468	0.020389	0.024755	0.028531	0.034191	0.033331	0.033506	0.028876	0.026579	0.025254	0.023394	0.025036	0.02945	0.032138	0.028647	0.024232	0.029384	0.030693	0.02645	0.022518	0.019764	0.019952	0.025536	0.020449	0.026689	0.031073	0.028961	0.032081	0.036075	0.035088	0.034514	0.035817	0.040351	0.040598	0.042312	0.045633	0.044939	0.048937	0.0538	0.060836	0.062004	0.063635	0.064331	0.067306	0.066374	0.067682	0.060166	0.059524	0.05525	0.049277	0.048666	0.051627	0.055438	0.060295	0.069738	0.07603	0.082025	0.087182	0.095798	0.10725	0.12142	0.13473	0.14608	0.15877	0.15843	0.16316	0.15249	0.1486	0.13773	0.1235	0.11569	0.099162	0.08396	0.069654	0.060364	0.056475	0.05015	0.044326	0.040949	0.035029	0.024651	0.023747	0.01671	0.016525	0.018356	0.010296	0.0099502	0.0061275	0.0028447	0.00010908	0.0054925	0.0049377	0.0022745	0.0008536	0.0012005	0.0021367	0.0035641	-0.0024276	0.0063311	0.0072187	0.004193	-0.00033706	-0.00029038	-1.34E-03	0.0015302	-0.00065375	0.010716	0.0074871	0.0088516	0.012084	0.01031	0.015974	0.0087887	0.013248	0.014916	0.02093	0.025547	0.02208	0.026969	0.025665	0.032697	0.032479	0.031638	0.032913	0.04057	0.04555	0.038761	0.034056	0.035615	0.038042	0.038753	0.039614	0.035444	0.033782	0.029538	0.029845	0.025132	0.027278	0.028966	0.022812	0.015071	0.016377	0.010948	0.0083672	0.0068122	0.002312	0.0023702	0.00064674	0.0045743	-2.79E-03	-0.00796	-0.0039286	0.00097438	-9.09E-04	-0.0077848	-0.0064675	-0.0056308	-2.36E-03	-6.17E-03	-0.006085	-7.28E-03	-0.0015262	-0.0073314	-7.02E-03	-8.68E-03	-3.28E-03	-0.0048751	-0.0059155	-0.0017691	-0.0073766	-1.46E-02	-0.016454	-7.56E-03	-5.04E-03	-6.97E-03	-8.59E-03	-9.72E-03	-0.0041038	-4.90E-03	-0.003885	-7.23E-03	-0.0073118	-5.90E-03	-0.0094185	-0.0075739	-1.14E-02	-1.49E-02	-1.79E-02	-0.015934	-1.36E-02	-0.0097864	-0.0076251	-0.0082391	-1.12E-02	-0.010814	-0.0066016	-8.17E-03	-1.35E-02	-0.010972	-4.27E-03	-0.0056999	-7.35E-03	-1.06E-02	-0.0050824	-1.11E-03	-6.40E-03	-1.20E-02	-0.0077147	-9.24E-03	-4.97E-03	-4.79E-03	-8.63E-03	-0.0092788	-8.76E-03	-0.0045907	-9.10E-03	-5.75E-03	-1.26E-02	-1.01E-02	-0.0028586	-0.0087567	-9.37E-03	-6.09E-03	-1.57E-03	2.23E-03	-2.47E-03	0.0013893	-2.56E-03	-3.08E-03	-6.09E-03	-7.04E-03	-6.09E-03	-0.0042561	-5.22E-03	-7.81E-03	-0.0061957	-0.0051557	-8.63E-03	-8.20E-03	-1.19E-02	-1.27E-02	-1.22E-02	-8.82E-03	-5.03E-03	-1.24E-03	6.44E-05	-3.15E-03	-0.0025662	-3.61E-05	2.59E-03	-5.03E-03	-8.94E-03	-5.88E-03	-0.010419	-7.42E-03	-7.34E-03	-0.005132	-7.11E-03	-8.50E-03	-8.30E-03	-0.0066462	-1.32E-02	-0.0097845	-5.57E-03	-4.12E-03	-0.004614	r
0.02258	0.021215	0.0087211	0.010741	0.012876	8.71E-03	1.18E-02	0.020551	0.010328	0.016018	0.017348	0.015997	0.018048	0.025681	0.030751	3.08E-02	0.031496	0.028959	0.023716	0.023687	0.032092	0.036494	0.033058	0.033893	0.035548	0.035458	0.031577	0.033269	0.032805	0.034105	0.033377	0.03656	0.03841	4.11E-02	0.038425	0.036741	0.03627	0.040755	0.031913	0.034122	0.038508	0.043285	0.045019	0.039393	0.034226	0.037346	0.03871	0.037375	3.49E-02	0.034976	0.038888	0.046804	0.044987	0.048047	0.044345	0.045931	4.76E-02	0.05743	0.059048	0.065584	0.064201	0.05894	0.059437	0.055968	0.055485	0.054126	0.048408	0.048099	0.046105	0.04212	0.035931	0.040444	0.040005	3.77E-02	0.046927	0.038576	0.038502	0.033036	0.036762	0.04684	0.044795	0.042191	0.040555	0.0424	0.04932	0.046777	0.054962	0.054672	0.057209	0.060775	0.049106	0.054989	0.059543	0.059847	0.050872	0.054323	0.0542	0.050565	0.048594	0.05371	0.053205	0.051698	0.057697	0.059889	0.055898	0.060619	0.063088	0.065152	0.063439	0.060276	0.067234	0.071911	0.07154	0.069629	0.063198	0.061474	0.056095	0.053497	0.051268	0.04505	0.044879	0.044597	0.041617	0.037696	0.03841	0.030377	0.034935	0.034986	0.025984	0.023421	0.027331	0.025373	0.025578	0.028013	0.029279	0.032721	0.028255	0.03335	0.030048	0.025856	0.036274	0.037298	0.035414	0.034785	0.034579	0.037577	0.049799	0.051584	0.04075	0.03808	0.034905	0.028496	0.033285	0.025908	0.021974	0.019378	0.020784	0.023023	0.016017	0.026318	0.026925	0.027171	0.017702	0.026646	0.034353	0.039204	0.044252	0.045744	0.044428	0.041315	0.030723	0.032062	0.038295	0.028447	0.027657	0.026084	0.028467	0.016793	0.016415	0.013339	0.01087	0.012045	0.020369	0.023055	0.02158	0.018458	0.032008	0.041276	0.04188	0.040903	0.048539	0.061512	0.066076	0.064958	0.064561	0.068874	0.066581	0.071881	0.074053	0.067853	0.06825	0.071101	0.061445	0.044108	0.033752	0.021236	0.013394	0.007428	0.01379	0.0047286	-0.0014684	0.00079037	0.0038902	0.0080708	0.0093256	0.0096158	0.0057065	0.011705	0.0099018	0.020748	0.022528	0.024707	0.024125	0.026808	0.01972	0.020098	0.025491	0.033898	0.034041	0.041986	0.040598	0.037436	0.035832	0.036591	0.033979	0.031926	0.025255	0.02605	0.028083	0.029315	0.029484	0.020471	0.020153	0.014886	0.0067039	0.012404	0.01133	0.013869	0.011843	0.011458	0.01211	0.0085471	0.007039	0.012068	0.0052942	0.0043219	0.0038286	0.010569	0.016592	0.019356	0.019115	1.29E-02	0.012787	0.01586	0.010012	0.013725	0.021187	0.018467	0.020096	0.023948	0.022829	0.022216	0.02244	0.027234	0.014811	0.012311	0.013414	0.011331	0.010594	0.00698	0.0075842	0.0056175	0.011309	0.019151	0.017267	0.015284	0.015214	0.015359	0.014351	0.0098094	0.014896	0.021825	0.014763	0.017632	1.61E-02	0.01587	0.018083	0.015679	0.015652	0.014255	0.01162	0.015739	0.019339	0.030132	0.023798	0.017485	0.014413	0.0095199	0.015262	0.013838	0.016568	0.0073254	0.0059306	0.014337	0.013628	0.022862	0.019239	0.014184	0.01946	0.019433	0.023623	0.033031	0.033214	0.029303	0.030344	0.030209	0.033833	0.031402	0.032962	0.041081	0.03898	0.047516	0.041724	0.03991	0.037845	0.034121	0.040271	0.039027	0.033117	0.037175	0.036952	0.037427	0.035496	0.042426	0.042238	0.039399	0.043149	0.042558	0.046089	0.045157	0.036616	0.031075	0.036997	0.041743	0.035704	0.034301	0.041678	0.036293	0.036298	0.034754	0.035247	0.029324	0.038373	0.044396	0.037625	0.044741	0.045426	0.042097	0.048839	0.046506	0.044448	0.044223	0.053975	0.051029	0.051754	0.05713	0.057221	0.056822	0.052484	0.054721	0.052272	0.053841	0.045305	0.043065	0.037093	0.03458	0.038791	0.035387	0.034548	0.032341	0.031286	0.026897	0.031396	0.02646	0.022888	0.01785	0.012941	0.018147	0.016534	0.0286	0.029582	0.025499	0.020829	0.016964	0.017352	0.018751	0.013011	0.010297	0.017451	0.018237	0.025145	0.02121	0.01678	0.01858	0.018203	1.54E-02	0.018351	0.024206	0.021438	0.021255	0.017344	0.013969	0.022411	0.022001	0.026618	0.020715	0.020574	0.016624	0.021674	0.029242	0.033497	0.031804	0.030049	0.026783	0.024536	0.022388	0.023336	0.023597	0.029355	0.031656	0.027598	0.020872	0.025311	0.028686	0.023169	0.018706	0.017657	0.019088	0.024882	0.02061	0.028217	0.033235	0.029989	0.032323	0.034648	0.035338	0.03336	0.033546	0.041291	0.039516	0.043169	0.045096	0.046694	0.048731	0.055015	0.065938	0.067787	0.065449	0.067867	0.071929	0.070657	0.06955	0.063537	0.060302	0.058878	0.052931	0.050377	0.050218	0.05447	0.060981	0.072759	0.07783	0.084268	0.090743	0.10112	0.11433	0.12792	0.13709	0.14805	0.16421	0.15888	0.16484	0.1537	0.14892	0.1346	0.12084	0.11459	0.10002	0.085536	0.071084	0.060073	0.054627	0.048838	0.042527	0.038836	0.03658	0.020647	0.023875	0.014526	0.011739	0.015101	0.0044787	0.0060576	0.0012385	-0.0019018	-0.007393	0.0011099	3.20E-05	-0.0019873	-0.0034346	-0.0027676	-1.24E-03	-0.0027884	-9.63E-03	-6.08E-04	0.0016059	-0.0021423	-0.0018796	2.71E-04	-0.0036776	-0.0044596	-0.0047626	0.0092853	0.0032797	0.0029126	0.0067688	0.0061175	0.010066	0.0040288	0.010343	0.011279	0.016671	0.018002	0.018776	0.022025	0.022981	0.027261	0.028285	0.029252	0.029875	0.040084	0.044934	0.035651	0.032272	0.033049	0.035432	0.037066	0.039332	0.036265	0.02988	0.027433	0.025963	0.025378	0.02612	0.02668	0.021491	0.017116	0.01753	0.0114	0.0084592	0.0058104	-1.24E-03	-0.00066238	2.41E-03	0.0046324	-0.0035586	-0.013063	-5.30E-03	0.00026783	-2.60E-04	-8.02E-03	-6.86E-03	-7.27E-03	-0.0043909	-0.011021	-1.17E-02	-0.011359	-0.0041733	-0.0068338	-0.0053379	-0.012027	-0.0047406	-0.0041524	-7.74E-03	-1.37E-03	-0.0074587	-1.76E-02	-0.019506	-6.21E-03	-5.11E-03	-6.71E-03	-9.24E-03	-0.0069259	-2.38E-03	-3.18E-03	-5.06E-03	-0.0085693	-7.77E-03	-4.87E-03	-0.0092839	-1.00E-02	-0.011673	-0.017498	-2.05E-02	-1.72E-02	-0.017231	-0.013925	-0.0093789	-7.55E-03	-0.0090833	-0.0096275	-6.81E-03	-1.26E-02	-1.72E-02	-0.013666	-6.16E-03	-9.06E-03	-0.0092891	-1.07E-02	-7.05E-03	-0.0017907	-6.49E-03	-1.20E-02	-0.011039	-0.010419	-5.80E-03	-5.92E-03	-9.23E-03	-0.0085441	-1.01E-02	-4.38E-03	-0.010549	-7.09E-03	-1.46E-02	-1.34E-02	-0.0032161	-0.0098695	-1.10E-02	-8.86E-03	-0.0028492	2.38E-05	-4.87E-03	-0.00011463	-0.00381	-3.17E-03	-6.85E-03	-9.40E-03	-0.0082471	-0.0058402	-4.39E-03	-7.96E-03	-0.0040464	-7.29E-03	-8.45E-03	-8.12E-03	-1.12E-02	-1.05E-02	-1.19E-02	-0.010671	-5.71E-03	-0.0055841	-0.0043198	-6.93E-03	-4.28E-03	-4.69E-04	0.0040028	-0.0057595	-0.0075337	-0.0037809	-8.87E-03	-0.0056749	-7.80E-03	-6.06E-03	-8.04E-03	-1.05E-02	-0.013034	-7.62E-03	-1.49E-02	-1.00E-02	-0.0030855	-0.005544	-7.03E-03	r
2.82E-02	2.56E-02	0.01125	0.016703	0.013792	0.0083345	1.18E-02	0.025303	1.34E-02	0.019724	0.022037	0.017076	0.024616	0.033916	3.80E-02	0.035557	0.03962	0.036202	0.028704	0.021412	0.036141	0.041735	0.035894	0.033592	0.039058	0.039935	2.81E-02	0.032547	0.035143	0.03239	0.030864	0.038108	0.043583	0.048311	0.043304	0.039119	0.04199	0.048432	0.038106	0.039367	0.046169	0.05269	0.048548	0.044199	0.039465	0.039586	0.041269	0.043537	0.039901	0.038789	0.041976	0.057104	0.052371	0.053588	0.045227	0.052008	0.054652	0.067309	0.067515	0.075274	0.074212	0.067753	0.063953	0.059856	0.060278	0.058129	0.050033	0.047983	0.050143	0.047358	0.040758	0.043922	0.040724	0.041509	0.048352	0.041379	0.038445	0.032264	0.036387	0.047766	0.044756	0.040216	0.036925	0.037886	0.050913	0.047624	0.056395	0.058212	0.056007	0.068192	0.050071	0.055832	0.058308	0.059266	0.052553	0.056844	0.056861	0.051501	0.048332	0.054905	0.054725	0.057879	0.06375	0.065811	0.059267	0.063475	0.067898	0.069476	0.06447	0.065335	0.077659	0.079277	0.074384	0.071458	0.061195	0.062901	0.060212	0.056032	0.051542	0.041381	0.04848	0.046402	0.042894	0.037529	0.040729	0.02768	0.03038	0.030469	0.022398	0.022494	0.024009	0.02102	0.018184	0.024087	0.023843	0.029898	0.022936	0.024954	0.025796	0.019456	0.035686	0.038701	0.033641	0.02706	0.030066	0.034366	0.047504	0.052206	0.035545	0.030386	0.0308	0.025437	0.030669	0.024433	0.020594	0.016889	0.019837	0.021788	0.013147	0.024842	0.030654	0.032086	0.021144	0.023732	0.030763	0.043757	0.050461	0.046901	0.042345	0.039883	0.028103	0.031886	0.040331	0.028217	0.031927	0.028299	0.028115	0.014662	0.017618	0.012942	0.010591	0.01015	0.018748	0.025947	0.02038	0.013776	0.033591	0.044174	0.0406	0.038537	0.048128	0.057987	0.063452	0.060216	0.059216	0.063486	0.06185	0.069309	0.071742	0.065361	0.063958	0.066659	0.053891	0.034578	0.025595	0.014664	0.0074035	0.00020585	0.008487	0.0019617	-0.0032807	-0.00042688	0.0017808	0.007277	0.0050206	0.00094359	-0.0018591	0.010196	0.0053	0.024132	0.024387	0.023186	0.021105	0.025929	0.013268	0.014379	0.021243	0.032255	0.030241	0.040356	0.034715	0.032928	0.032995	0.039139	0.036306	0.031784	0.020904	0.027157	0.028103	0.028934	0.030733	0.023676	0.022299	0.012453	0.0037769	0.0096401	0.008613	0.0077922	1.33E-02	0.013632	0.011262	0.0081041	0.0062781	0.017048	0.0026759	0.0031087	0.0054393	0.00749	0.015426	0.017704	0.015567	0.010806	0.006805	0.013515	0.0051384	0.010422	0.018057	0.017309	0.021966	0.023285	0.021944	0.023092	0.017994	0.025438	0.011886	0.0080594	0.0076231	0.0097863	0.009841	0.0073886	0.0080948	0.0062566	0.013901	0.016605	0.012148	0.013134	0.012636	0.012801	0.012389	0.0053425	0.01355	2.21E-02	0.015286	0.015896	0.015503	0.012035	0.017659	0.015009	0.015011	0.012607	0.010151	0.012544	0.018471	3.05E-02	0.022756	0.017253	0.011791	0.0073193	0.014119	0.014227	0.013791	0.0019032	0.002708	0.017355	0.013871	0.027112	0.023184	0.013213	0.014653	0.017925	0.019142	0.030105	0.031274	0.027043	0.026714	0.025197	0.030854	0.030178	0.035187	0.046849	0.041677	0.046962	0.038293	0.036187	0.032994	0.02718	0.036872	0.038365	0.031751	0.035848	0.039558	0.036855	0.03818	0.046777	0.043285	0.034656	0.039431	0.041155	0.044715	0.044772	0.035119	0.026714	0.034517	0.040326	0.031093	0.034123	0.046061	0.035492	0.03398	0.034988	0.036933	0.026388	0.035834	0.043492	0.039316	0.047162	0.045458	0.037932	0.045454	0.047574	0.044944	0.041485	0.056674	0.05724	0.055142	0.056395	0.059786	0.056893	0.051965	0.056076	0.052989	0.053176	0.042215	0.039487	0.029803	0.03263	0.039063	0.032648	0.035419	0.0296	0.029264	0.025748	0.029504	0.026202	0.020372	0.011831	0.010909	0.019253	0.013619	0.027118	0.027579	0.029396	0.022794	1.70E-02	0.014838	0.018774	0.009685	0.0058782	0.013381	0.016085	0.023551	0.021048	0.019183	2.63E-02	0.022726	0.016885	0.023692	0.028139	0.01873	0.016563	0.015874	0.01197	0.020511	0.018683	0.0271	0.019203	0.017817	0.013088	0.016843	0.029529	0.030732	0.029354	0.023752	0.021849	0.0203	0.017277	0.022633	0.020931	0.028357	0.030121	0.026308	0.016727	0.019912	0.027364	1.85E-02	0.014879	0.013351	0.016938	0.02283	0.01973	0.029295	0.032586	0.028272	0.031575	3.18E-02	0.034481	0.029626	0.028487	0.041276	0.036679	0.040891	0.043141	0.04793	0.044271	0.052987	0.068665	0.072278	0.062857	0.067424	0.071513	0.0733	0.067599	0.065958	0.056949	0.057705	0.055361	0.052338	0.046549	0.050238	0.05825	0.072681	0.076088	0.084106	0.093335	0.10555	0.11952	0.12984	0.13294	0.14472	0.1649	0.15456	0.161	0.1501	0.14407	0.12529	0.11588	0.11028	0.096854	0.085151	0.071679	0.058486	0.051242	0.046758	0.039616	0.035442	0.04017	0.015699	0.023059	0.012389	0.0073495	0.012336	0.0014576	0.0056067	-0.0023184	-6.77E-03	-0.015879	-0.0049054	-0.0043412	-0.0059538	-0.0068074	-0.0064315	-0.0074014	-1.23E-02	-0.018792	-1.11E-02	-6.61E-03	-0.010549	-2.91E-03	0.001869	-4.85E-03	-0.011706	-1.01E-02	0.0064732	-0.0027751	-0.0049917	-0.00025602	0.0027938	0.0046378	-5.78E-07	0.0070139	0.0061853	0.011009	0.0077801	0.013202	0.014881	0.019168	0.019108	0.021807	0.027133	0.027775	0.04014	0.044086	0.034224	0.031878	0.031917	0.032961	0.034044	0.036763	0.034269	0.026841	0.023453	0.01857	0.024011	0.02445	0.022812	0.019937	0.02019	0.018439	0.012898	9.33E-03	0.004574	-0.005941	-0.0048967	0.0039149	0.0038435	-0.0044125	-0.017453	-4.32E-03	0.001173	2.34E-03	-7.47E-03	-0.0081498	-1.07E-02	-0.0069517	-1.56E-02	-0.016837	-1.42E-02	-0.0061764	-4.68E-03	-0.0028437	-0.014051	-0.0061949	-1.29E-03	-0.0085809	-7.44E-04	-0.0083248	-2.00E-02	-0.022108	-0.0043951	-4.73E-03	-0.0045398	-0.007287	-1.46E-03	-0.00032255	8.31E-04	-0.0060006	-0.010651	-0.0076704	-0.0038025	-8.86E-03	-0.012647	-1.08E-02	-0.020516	-0.021454	-0.014315	-1.81E-02	-0.017858	-0.0089922	-4.83E-03	-3.95E-03	-0.0075229	-0.0072429	-0.017841	-0.019315	-0.016712	-9.43E-03	-1.45E-02	-0.012817	-0.011113	-0.011746	-0.0058029	-6.46E-03	-0.011422	-0.014929	-1.30E-02	-0.0096475	-7.07E-03	-7.06E-03	-0.0055377	-9.24E-03	-3.25E-03	-1.09E-02	-0.0094007	-0.018412	-1.85E-02	-0.0057589	-0.0091012	-0.011204	-0.012484	-4.61E-03	-4.82E-03	-9.24E-03	-0.0045177	-0.0066582	-1.90E-03	-0.0074509	-0.013433	-0.0098184	-0.00944	-3.79E-03	-0.0094899	-3.29E-03	-0.010962	-0.0068722	-6.77E-03	-9.56E-03	-7.46E-03	-0.010211	-0.011203	-5.52E-03	-0.011193	-8.30E-03	-0.0098357	-0.003244	1.44E-03	8.59E-03	-3.59E-03	-0.0040819	-3.34E-04	-0.0061563	-0.0019279	-0.00691	-8.11E-03	-0.0087338	-1.29E-02	-1.98E-02	-0.0090666	-0.014195	-0.0066799	3.01E-03	-6.67E-03	-0.011858	r
0.026761	0.035375	3.19E-02	0.018342	0.027538	0.012347	0.0051989	0.011636	3.18E-02	1.39E-02	0.017695	0.025448	0.019317	0.032756	0.044737	0.046438	0.041035	0.051181	0.04609	0.038013	0.015868	0.040093	0.046096	0.036481	0.027263	0.042059	0.045534	0.02478	0.034458	0.040972	0.027618	0.027782	0.038969	0.046351	0.056203	0.048453	0.040158	0.049556	0.055552	0.047937	0.045013	0.056181	0.064873	0.050204	0.050558	0.049548	0.043009	0.042665	0.051726	0.048192	0.041558	0.047227	0.0694	0.059518	0.058093	0.044203	0.055504	0.063383	0.080139	0.077954	0.088851	0.086583	0.079755	0.070103	0.063147	0.065854	0.061679	0.050797	0.04607	0.052652	0.054618	0.048052	0.045788	0.039092	0.045859	0.049621	0.047057	0.041277	0.033485	0.035603	0.046805	0.043331	0.037582	0.030736	0.030179	0.05176	4.52E-02	0.054691	0.063768	0.050862	0.079906	0.051624	0.057089	0.053501	0.05962	0.058263	0.064177	0.063394	0.052577	0.046724	0.055333	0.055051	0.067721	0.07466	0.076107	0.066858	0.068269	0.07442	0.073399	0.063667	0.073158	0.093439	0.086534	0.077108	0.07106	0.054188	0.062734	0.066886	0.059275	0.052299	0.037872	0.056639	0.048224	0.046206	0.038633	0.045265	0.025184	0.024184	0.022804	0.017687	0.018106	0.012751	0.014465	0.0061949	1.52E-02	0.015895	0.02637	0.01485	0.0072786	0.020269	0.01396	0.038432	0.040775	0.034658	0.016929	0.020742	0.027247	0.041393	0.045246	0.026629	0.02323	0.030318	0.02796	0.029893	0.023973	0.016965	0.015212	0.018879	0.024028	0.012782	0.023931	0.035453	0.039121	0.02883	0.019623	0.026147	0.05132	0.059026	0.046138	0.04081	0.038433	0.025124	0.034116	0.047511	3.01E-02	0.042174	0.031952	0.026379	0.012205	0.021569	0.013098	0.0098594	0.0074804	0.018741	0.029395	0.017872	0.0069506	0.034011	0.046961	0.038899	0.032512	0.047656	0.051392	0.060487	0.054997	0.052222	0.055542	0.057834	0.068286	0.066464	0.063603	0.058826	0.063683	0.043812	0.026123	0.019119	0.010046	0.00019953	-0.010429	-0.00070021	-0.0015655	-0.0056054	0.0014617	-0.0011655	0.0040974	-0.0015172	-9.78E-03	-0.0089964	0.013582	0.0020212	0.029419	0.024509	0.021994	0.016806	0.027555	0.007315	0.0069535	0.015267	0.033074	0.028002	0.042203	0.034001	0.02926	0.031818	0.043871	0.037031	0.031151	0.012756	0.028835	0.027944	0.028109	0.032784	0.030453	0.028224	0.0076469	-0.0039542	0.0028623	0.0072025	-0.0015854	0.01563	0.014713	0.0079455	0.0087416	0.0089973	2.52E-02	-0.00020227	0.002987	0.011312	0.0040472	0.010919	0.011118	0.0078579	0.0056586	-0.0022109	0.0054042	-1.65E-03	6.29E-03	0.012385	0.014343	0.022333	0.020609	0.020231	0.023258	0.0094713	0.020758	0.0070475	0.00033571	-0.0027741	0.0086729	0.011503	0.010262	0.011464	0.010543	0.020429	0.014172	0.0044581	0.0098105	0.0097104	0.01341	0.0108	-0.00045278	0.013181	0.022943	0.023271	0.01257	1.45E-02	0.005327	1.94E-02	0.018121	0.018964	0.011074	0.0086604	0.0078946	0.016174	0.027359	0.018645	0.013566	0.0091887	0.0016729	0.012387	0.01784	0.0099148	-5.98E-03	-0.0016084	0.023559	0.01469	3.48E-02	0.031231	0.012314	0.0093012	0.018128	0.013397	0.025243	0.027956	0.02296	0.0194	0.012671	0.022992	0.02642	0.038609	0.054311	0.044169	0.041957	0.033785	0.031922	0.022711	0.013296	0.028715	0.036453	0.026712	0.031508	0.040068	0.034427	0.042777	0.054026	0.041436	0.02643	0.033859	0.036555	0.037612	0.037462	0.032116	0.020694	0.029919	0.034501	0.026225	0.038321	0.053939	0.033096	0.029322	0.03465	0.042338	0.023494	0.029805	0.039666	0.044428	0.050495	0.042037	0.02935	0.040443	0.051539	0.049006	0.04423	0.063209	0.065733	0.060264	0.05439	0.065302	0.059915	0.056431	0.061758	0.055201	0.04926	0.034125	0.032148	0.019084	0.031682	0.03954	0.02915	0.037013	0.025754	0.027504	0.023272	0.02685	0.025838	0.016652	0.0058833	0.0092595	0.019936	0.0087339	0.021076	0.022621	0.030741	0.021224	0.012587	0.010756	0.020633	7.00E-03	0.005057	0.0079805	0.015607	1.88E-02	0.019905	0.026568	0.04204	0.031429	0.018589	0.032713	3.20E-02	0.014219	0.0057223	0.013356	0.0093278	0.018053	0.013851	0.029644	0.017422	1.55E-02	0.0092829	0.0086662	0.027429	0.024124	2.73E-02	0.015793	0.012862	0.011607	0.0075952	0.019818	0.016017	0.026225	0.026971	0.024771	0.011503	0.012775	0.027335	0.0119	0.010845	4.17E-03	0.011661	0.017207	0.016678	0.029162	0.028091	0.022352	2.97E-02	2.76E-02	0.032601	0.022392	0.020662	0.040938	0.035319	0.036394	0.041472	0.050656	0.034734	0.048784	6.92E-02	0.074625	0.05414	0.060292	0.063274	0.077065	0.064785	0.071122	0.049784	0.050077	0.058064	0.058098	0.041512	0.042698	0.054394	0.069422	0.070079	0.082854	0.096309	0.11004	0.12191	0.12505	0.12067	0.13436	0.15832	0.14533	0.15055	0.13911	0.13284	0.10903	0.10903	0.10086	0.085738	0.081593	0.071344	0.055571	0.045399	0.044155	0.03549	0.029993	4.43E-02	0.0072118	0.018867	0.010005	4.26E-03	0.009267	0.001958	0.0091151	-0.0028348	-0.011674	-0.024173	-0.012894	-0.0078957	-7.36E-03	-6.28E-03	-0.0091381	-0.018072	-2.69E-02	-3.03E-02	-0.027562	-0.018546	-2.23E-02	-0.0042299	3.85E-03	-0.005429	-0.021092	-0.018349	0.00027147	-1.10E-02	-0.014783	-0.010164	0.00031986	0.00073357	-0.0024364	0.0034786	-0.0013151	0.0028268	-0.0039103	0.004775	0.0069436	0.015221	0.0088993	0.013271	2.61E-02	0.027488	0.041954	0.043944	0.036271	0.033172	0.031418	0.029217	0.026846	0.029399	0.024811	0.022615	0.014457	0.0055051	0.018587	0.02044	0.015389	0.017043	0.023466	0.017508	0.016082	0.012046	0.0023487	-0.012204	-0.011271	0.0034852	0.0006923	-0.006721	-0.021216	-1.17E-03	0.0043293	8.75E-03	-0.005582	-1.11E-02	-0.015765	-9.99E-03	-0.020434	-2.13E-02	-0.014221	-5.08E-03	-0.00013676	-0.0011186	-0.014451	-7.31E-03	4.33E-03	-7.68E-03	0.00016893	-0.011959	-2.02E-02	-2.53E-02	-4.03E-03	-0.0040167	0.0023428	0.0014381	9.19E-03	0.0014845	6.01E-03	-0.0081628	-1.48E-02	-8.42E-03	-3.54E-03	-8.81E-03	-1.72E-02	-8.97E-03	-2.50E-02	-2.09E-02	-0.0057619	-1.56E-02	-0.023805	-7.56E-03	4.43E-05	4.56E-03	-3.64E-03	-0.008722	-2.40E-02	-0.020985	-0.021882	-0.014474	-0.021179	-0.018526	-1.20E-02	-2.15E-02	-0.016874	-9.21E-03	-1.29E-02	-2.00E-02	-1.86E-02	-0.019788	-9.53E-03	-0.0012152	-3.76E-04	-0.0045331	5.27E-04	-8.83E-03	-1.17E-02	-2.44E-02	-0.025692	-1.23E-02	-0.0056287	-1.07E-02	-0.017753	-7.26E-03	-0.012198	-0.014868	-0.010333	-0.011662	0.00081451	-0.0077542	-0.019369	-0.009258	-1.66E-02	-3.88E-03	-0.012327	-0.0043982	-0.015648	-0.0034222	-2.99E-03	-6.20E-03	-0.0037526	-5.40E-03	-6.56E-03	-1.10E-03	-1.65E-02	-0.011624	-0.010713	0.0036501	0.0068988	1.81E-02	0.004982	0.0043179	0.005798	-1.40E-03	4.36E-03	-0.0032789	-0.011009	-8.32E-03	-1.66E-02	-0.028565	-0.011604	-1.01E-02	0.0023377	1.42E-02	-0.0069251	x
0.023549	0.021785	1.46E-02	0.022153	0.01479	0.01282	1.05E-02	9.25E-03	0.0083201	0.021099	2.18E-02	0.017155	0.015001	1.23E-02	1.24E-02	0.01855	0.019079	0.012591	0.0089272	1.14E-02	0.013829	0.0091295	0.011474	0.0096876	1.07E-02	0.016	0.015162	0.016805	0.019951	0.014421	1.15E-02	0.012756	0.0112	0.019708	2.22E-02	1.91E-02	0.018562	1.81E-02	0.023735	0.015948	0.010942	0.019472	0.018807	0.012106	0.014531	0.016132	0.025331	0.021623	0.025433	0.022413	0.023001	0.025152	0.026041	0.019499	0.024599	0.018818	0.017441	0.024726	0.021468	0.018411	0.011454	0.012412	0.015749	0.020429	0.028199	3.33E-02	0.035381	0.043891	0.045499	0.046096	0.034994	0.029384	0.029098	0.021064	0.029527	0.031708	2.14E-02	0.025289	0.02241	0.020353	0.03324	3.64E-02	0.045241	0.04382	0.051854	0.052303	0.07587	0.081648	0.073967	0.074554	0.067668	0.064908	0.05244	0.044722	0.041446	0.044007	0.040643	0.044976	0.031098	2.70E-02	0.039523	0.048746	0.041264	0.038162	0.037983	0.041071	0.037887	0.036165	0.02764	0.047068	0.047211	0.053884	0.048888	0.047337	0.059481	0.066998	0.059609	0.057982	0.058243	0.046782	0.045288	0.043073	0.030691	0.03264	0.03029	0.024075	0.024128	0.035815	0.041538	0.040899	0.041507	0.022592	0.028283	0.035117	0.051168	0.047197	0.041577	0.031108	0.031619	0.033057	0.038695	0.044948	0.03691	0.040726	0.035523	0.039895	0.048214	0.047432	0.044488	0.038069	0.041311	0.036268	0.029299	0.026124	0.029953	0.030474	0.029944	0.020294	0.016099	0.023021	0.030303	0.040345	0.049418	0.055735	0.062966	0.058365	0.063966	0.056398	0.055656	0.052189	0.038327	0.032566	0.034079	0.027162	0.017204	0.020178	0.026386	0.024091	0.018555	0.013509	0.016157	0.018226	0.022555	0.021454	0.02633	0.027752	0.031437	0.051036	0.071288	0.068134	0.076102	0.078241	0.085068	0.073401	0.0926	0.099794	0.11399	0.11865	0.12115	0.096486	0.074116	0.050131	0.037458	0.028959	0.0099657	0.0077515	0.011216	0.016486	0.0074413	0.013384	0.0078759	0.0086927	0.0010767	0.020152	0.015375	0.017918	0.0064802	0.015249	0.02089	0.018553	0.025332	0.032803	0.039503	0.064671	0.094917	0.12411	0.13243	0.12429	0.10004	0.08447	0.067824	0.060147	0.050689	0.042813	0.031436	0.033755	0.036712	0.041235	0.032048	0.029294	0.021891	0.013	0.023679	0.011076	-0.00043136	-0.0038529	0.0015341	0.0015188	0.0084331	0.010046	0.0057268	0.0043518	0.017467	0.012293	0.019642	0.01367	0.0082349	0.004883	-0.00099886	0.0098569	0.0093285	0.011091	1.14E-02	0.017931	0.011086	0.006659	0.0095573	0.012991	0.014018	0.0093804	0.0068237	0.0011528	0.010397	0.01289	0.014533	0.019133	0.01295	0.014468	0.021843	0.031547	0.022155	0.017185	0.028574	0.028834	0.025438	0.019345	0.022003	0.017625	0.01387	0.0019349	-0.003126	0.014413	0.020947	0.012653	0.013492	0.023944	0.023462	0.014111	0.016111	0.017	0.013875	0.019451	0.023791	0.026474	0.02204	0.02809	0.03168	0.040772	0.034566	0.027982	0.022007	0.020516	0.020562	0.034045	0.043028	0.044067	0.045945	0.040435	0.037292	0.029393	0.033409	0.03073	0.033454	0.036714	0.036579	0.024835	0.043666	0.053457	0.059134	0.059183	0.064553	0.057812	0.057026	0.052965	0.055062	0.061338	0.061981	0.054627	0.04902	0.04856	0.053316	0.054172	0.05086	0.049923	0.055425	0.058267	0.053297	0.050917	0.046525	0.04106	0.037348	0.042026	0.051988	0.055161	0.041555	0.028021	0.034431	0.039761	0.046909	0.052755	0.059985	0.057019	0.049485	0.055982	0.054825	0.062703	0.061173	0.066532	0.066079	0.072246	0.073688	0.071975	0.066574	0.062931	0.061469	0.078003	0.079039	0.083375	0.083705	0.098514	0.11274	0.13456	0.1415	0.12486	0.092867	0.076894	0.063922	0.0603	0.056928	0.037432	0.038517	0.053576	0.047514	0.046119	0.041511	0.037349	0.033924	0.032519	0.035646	0.037785	0.040023	0.038126	0.029585	0.024176	0.02671	0.027075	0.02566	0.028761	0.028775	0.020344	0.029248	0.018913	0.02597	0.024257	0.026492	0.017109	0.020544	0.02361	0.020363	0.027057	0.02398	0.021937	0.010214	0.014551	0.018291	0.01949	0.01728	0.021656	0.029888	0.0204	0.022923	0.028668	3.19E-02	0.030877	0.033255	0.031761	0.029234	0.031618	0.024238	0.021714	0.023538	0.019562	0.018302	2.60E-02	0.020681	0.018784	0.016578	0.0071247	0.014324	0.014181	0.02005	0.014549	0.0048888	-3.92E-05	-0.00043257	-0.0021614	0.00071873	0.0071478	0.0029247	0.012005	0.016881	0.013387	0.015896	0.017886	0.022194	0.012323	0.0093917	0.019858	0.020479	0.021664	0.021058	0.020672	0.026751	0.03101	0.040784	0.042486	0.038818	0.03849	0.046197	0.045315	0.052166	0.058328	0.053751	0.048962	0.058955	0.059064	0.072093	0.072848	0.068362	6.74E-02	0.065464	6.66E-02	0.058629	0.052043	0.054639	0.050326	0.042049	0.033891	0.038656	0.038107	0.033884	0.032505	0.036749	0.030556	0.035768	0.034447	0.031318	0.039091	0.029019	0.024671	0.024061	0.033352	0.035944	0.033583	0.032693	0.030239	0.030192	0.024034	0.019393	0.022095	0.015588	0.019104	0.017273	0.01722	0.012968	0.0099406	1.08E-02	1.32E-02	0.019901	0.015797	0.015741	0.0094619	0.0096077	0.020045	0.013685	0.008329	0.011674	0.017828	0.024717	0.023975	0.022728	0.030391	0.0367	0.043046	0.043551	0.050106	0.058879	0.064041	0.061058	0.056666	0.052924	0.059933	0.06042	0.061156	0.065722	0.052188	0.046119	0.047487	0.052117	0.042306	0.051526	0.052266	0.044175	0.034571	0.025066	0.021939	0.01998	0.025719	0.033559	0.02274	0.013799	0.010575	0.018587	0.016282	0.013379	0.017246	0.01337	0.015973	0.022787	0.0092397	0.013629	0.010343	0.0074823	0.0053875	0.010315	0.0080654	0.01005	3.51E-03	-0.001664	0.0042409	-5.73E-05	0.001108	0.0010304	0.0027336	-2.54E-04	-0.0010666	-0.0028976	0.0034686	0.0010843	0.013499	0.002894	-0.0019826	-0.0057528	0.001966	0.0060053	7.17E-03	-0.0026513	-0.0032566	1.37E-02	8.94E-03	0.0041568	0.010062	0.0056154	0.0061495	4.84E-03	-0.0036378	3.79E-03	-0.0040503	-9.16E-03	0.0031699	0.00298	-2.28E-04	0.0079488	0.0089364	0.0096899	1.47E-02	0.021226	0.012624	5.44E-03	0.0090854	0.0068165	0.0016233	0.0019775	0.010957	0.0090266	7.12E-03	-0.0040496	-0.00072941	1.76E-03	2.42E-04	0.0013416	-0.0045091	0.0081251	0.012861	0.013174	1.49E-02	6.99E-03	0.012147	1.41E-02	1.46E-02	0.012764	0.004348	0.0001446	0.0037713	0.0022566	0.00070152	0.0062499	7.59E-04	-0.0017655	-0.010276	-0.0021156	0.0020217	1.75E-03	-4.57E-03	-3.10E-03	0.00032444	-1.30E-03	0.0015386	0.0069878	7.33E-03	0.012638	0.011313	0.00069613	0.0058151	-0.0007209	-0.0029605	-0.0012572	-0.0043085	-8.84E-03	-0.0018636	0.0034896	0.001477	6.58E-03	-0.0065293	-5.96E-03	4.12E-03	0.0021069	-1.46E-04	0.0016613	0.0098463	0.0038745	7.52E-03	x
0.024369	2.26E-02	0.02107	0.011456	0.020371	0.013715	0.012383	0.011236	0.0089982	1.08E-02	0.018646	0.019138	0.012731	0.013568	0.012018	1.31E-02	1.44E-02	0.014901	0.012666	0.0072184	0.010434	0.013787	0.011196	0.014365	1.45E-02	0.015104	1.88E-02	0.01814	0.020829	0.019332	0.016281	1.74E-02	0.019641	0.017241	0.021198	0.023425	0.022528	0.020237	0.023098	0.025893	0.019558	0.016002	0.021885	0.020616	1.60E-02	1.71E-02	0.015375	0.023521	0.021834	0.027019	0.023454	0.026523	0.028138	0.030856	0.025236	0.032813	0.027511	0.024824	0.032769	0.028367	2.51E-02	0.019346	0.021127	0.02468	0.026015	0.031485	0.031318	0.036773	0.044099	0.047467	0.045161	3.55E-02	0.031845	0.031931	2.20E-02	0.028289	0.03107	0.026931	0.031147	0.027319	0.026748	0.034239	0.04022	0.050212	0.049371	0.054333	0.058238	0.078253	0.082868	0.07693	0.075836	0.069112	0.066668	0.053816	0.046172	0.046443	0.04828	0.044492	0.04763	0.036988	0.032996	0.038667	0.045415	0.040543	0.042239	0.041801	0.043835	0.041218	0.038276	0.0364	0.050462	0.051621	0.058876	0.059636	0.058455	0.06428	0.066128	5.99E-02	0.055045	0.054521	0.043547	0.043769	0.041864	0.03016	0.031926	0.031087	0.027731	0.028331	0.035267	0.0394	0.041883	0.044925	0.028956	0.032333	0.039439	0.051837	0.047583	0.044191	0.036806	0.035068	0.037642	0.04091	0.045817	0.042073	0.048822	0.044593	0.047207	0.052896	0.051278	0.047459	0.038024	0.037842	0.035791	0.029295	0.025105	0.029819	0.030385	0.028	0.022352	0.018687	0.027602	0.032268	0.041115	0.049887	0.055867	0.06582	0.063904	0.065854	0.057975	0.053976	0.047768	0.035112	0.02777	0.028814	0.025462	0.01863	0.019502	0.024993	0.023989	0.016977	0.015032	0.017084	0.021298	0.025506	0.027686	0.033314	0.034124	0.036249	0.058914	0.074026	0.073251	0.081972	0.083267	0.092328	0.083336	0.098464	0.10294	0.11588	0.12041	0.11818	0.097736	0.071743	0.052477	0.038695	0.030488	0.01273	0.010218	0.011008	0.013377	0.011516	0.018505	0.013026	0.01271	0.0071421	0.019669	0.017525	0.021727	0.015528	0.020348	0.025253	0.023151	0.030071	0.039489	0.044482	0.066108	0.090245	0.11842	0.12467	0.11477	0.093118	0.076751	0.061259	0.053341	0.046432	0.041189	0.033146	0.034212	0.035553	0.036777	0.030257	0.028443	0.020837	0.015896	0.023465	0.0099102	0.0013584	-0.00083772	0.0032395	0.0039634	0.0064633	0.0088271	0.0012205	0.0046355	1.56E-02	1.04E-02	0.018259	0.014119	0.0089895	0.0074261	0.0038934	1.28E-02	0.0084249	0.0098482	0.012097	0.016371	1.25E-02	0.0079704	0.0096732	0.010678	0.011202	0.0090857	0.0090702	0.0056174	0.01263	0.01859	0.016574	0.021641	0.017126	0.018663	0.02087	0.028854	0.021777	0.01982	0.025092	0.028211	0.024176	0.019235	0.020444	0.014264	0.013043	0.0059312	0.003772	0.015924	0.020062	0.012817	0.014357	0.022916	0.019837	0.012181	0.016775	0.016677	0.016403	0.023254	0.02912	0.02914	0.025372	0.029394	0.03016	0.038091	0.03557	0.029617	0.023502	0.022266	0.020452	0.02827	0.039009	0.042619	0.043799	0.039546	0.036548	0.030468	0.033083	0.029505	0.033148	0.03756	0.034925	0.028595	0.04532	0.054489	0.056524	0.057903	0.060461	0.054743	0.056014	0.050888	0.05135	0.057616	0.055529	0.050002	0.04337	0.047661	0.054459	0.05489	0.050496	0.04909	0.054863	0.056043	0.050401	0.046742	0.043038	0.03788	0.036517	0.041228	0.045011	0.047601	0.041719	0.032621	0.037461	0.043112	0.049388	0.054929	0.0614	0.058422	0.052837	0.057362	0.055873	0.06383	0.061117	0.06727	0.068612	0.072894	0.071167	0.070981	0.067377	0.065415	0.064697	0.072163	0.073372	0.078144	0.076476	0.089626	0.10152	0.12159	0.13051	0.11475	0.08538	0.067568	0.058167	0.056039	0.050626	0.034937	0.035509	0.045207	0.041516	0.041413	0.034753	0.030503	0.030598	0.029091	0.032001	0.031969	0.034148	0.032672	0.026672	0.026153	0.024888	0.024024	0.027365	0.029219	0.024973	0.018158	0.02712	0.019871	0.02295	0.02169	0.023318	0.015372	0.017828	0.0251	0.022277	0.029606	0.028335	0.025431	0.012282	0.015342	0.018452	0.020006	0.017699	0.021119	0.027167	0.019426	0.021504	0.026532	0.028073	0.029472	0.029432	0.030047	0.027538	0.032102	0.02623	0.024541	0.022829	0.020126	0.022911	0.026006	0.02147	0.019514	0.017706	0.01186	0.017084	1.56E-02	0.018566	0.016851	0.0099539	0.0045588	0.004138	6.16E-03	0.010271	0.011806	0.004939	0.013413	0.020705	0.016511	0.020862	0.023604	0.023736	0.017751	0.014581	2.11E-02	0.020674	0.020861	0.021141	0.024594	0.026552	0.029717	0.039367	0.042093	3.97E-02	0.042267	0.046918	0.048156	0.055089	0.062698	0.064455	0.063985	0.074652	0.076872	0.085348	0.084485	0.081591	0.080051	0.075789	0.071567	0.061361	0.052472	0.051684	0.050472	0.043735	0.037731	0.040389	0.040045	0.034484	0.030918	0.036395	0.032903	3.80E-02	0.035592	0.032362	0.03427	0.02561	0.021134	0.020103	0.028004	0.028557	0.025197	0.025528	0.021835	0.022434	0.017525	0.014838	0.01841	0.017066	0.016582	0.01417	0.018594	0.01557	0.010101	0.011547	0.013226	0.017396	0.015528	0.018632	0.012924	0.011512	0.018954	0.014602	0.010941	0.014742	0.017813	0.023969	0.021325	0.024792	0.030077	0.037823	0.04429	0.043362	0.047725	0.056045	0.05594	0.056798	0.05262	0.048101	0.053636	0.055194	0.060181	0.056568	0.045238	0.039534	0.042746	0.048133	0.040427	0.043615	0.043399	0.037468	0.028971	0.022501	0.019552	0.020127	0.02227	0.027519	0.019922	0.014342	0.011552	0.016276	0.012453	0.010173	0.014444	0.0096528	0.014282	0.021982	0.011327	0.0123	0.009432	0.0062557	0.0021283	0.0086464	0.0041952	0.0083403	0.0043804	2.85E-05	0.0048971	0.00062732	1.05E-03	-0.00056338	0.0010124	-0.003216	-0.0014468	-0.0013857	0.0049998	0.0031437	0.012014	0.0025736	-4.48E-05	-0.0042651	-9.90E-04	3.82E-03	0.0022288	-0.0042759	-0.0011867	1.04E-02	0.0086675	0.0058652	1.08E-02	0.0054076	0.0038064	0.00047742	-0.0048457	0.0038124	-0.0039001	-0.0072292	0.0024119	-0.0018587	-0.002173	2.93E-03	0.0076269	0.0086942	0.012704	0.015461	8.88E-03	0.0022676	5.11E-03	4.89E-03	0.0021279	1.19E-03	0.0069008	2.67E-03	0.004246	-3.36E-03	-2.68E-03	6.94E-04	1.59E-03	0.0041416	-1.17E-03	0.0076203	0.010613	0.0083393	9.87E-03	0.0028543	0.008177	0.0119	9.67E-03	8.85E-03	0.0033347	2.73E-03	0.00070861	-0.0027503	-1.45E-03	0.0024909	-1.14E-03	-0.002396	-1.14E-02	-0.0050179	-0.0014235	-4.22E-03	-0.0091243	-0.0033708	0.0037502	5.13E-04	9.37E-04	0.0062336	0.0070578	7.59E-03	4.48E-03	-0.0032122	6.03E-04	-0.0019979	-3.76E-03	-0.003795	-0.0041956	-8.21E-03	-4.35E-03	-5.92E-04	-0.00038331	3.09E-03	-0.0066542	-5.01E-03	0.00072627	-0.00052977	-0.0014595	0.0028216	8.05E-03	3.10E-03	x
0.019978	0.020345	1.93E-02	8.73E-03	1.74E-02	1.21E-02	0.012764	0.011521	0.0092205	1.29E-02	0.017711	0.017098	0.010138	1.41E-02	0.012489	0.014971	0.012963	0.013114	0.01342	8.56E-03	1.25E-02	0.017397	1.57E-02	0.018825	0.020824	0.021344	0.02307	0.020797	0.024532	1.99E-02	0.018672	0.022325	0.023683	0.021312	0.022647	0.02458	2.51E-02	2.22E-02	0.02672	2.81E-02	0.023291	2.11E-02	0.02362	0.022421	0.019727	2.04E-02	0.014926	2.12E-02	0.0226	0.028227	0.023594	0.02864	0.030773	0.035177	0.032166	0.039011	0.033995	0.031978	0.039076	0.034705	0.030484	0.026981	0.028894	0.030461	0.02956	0.03325	0.031467	0.038178	0.042554	0.047743	0.043881	0.036532	0.032947	0.033483	0.023828	0.028837	3.13E-02	0.031132	0.036275	0.032586	0.031858	0.036437	0.043983	0.052928	0.053157	0.054995	0.062329	0.078302	0.08282	0.078568	0.076235	0.06931	0.066685	0.055395	0.04842	0.049797	5.11E-02	0.048099	0.049659	0.041914	0.038742	0.039346	0.043935	0.042084	0.045807	0.044497	0.046833	0.046217	0.043352	0.044833	0.053601	0.055441	0.061896	0.06573	0.064655	0.066512	0.063765	0.058607	0.052262	0.051142	0.041424	0.042473	0.041291	0.030454	0.030971	0.031176	0.03154	0.031581	0.034239	0.037802	0.042093	0.046389	0.033921	0.035174	0.042088	0.050841	0.045937	0.045473	0.040445	0.037327	0.040647	0.04328	0.046072	0.046896	0.054662	0.051858	0.052301	0.055139	0.052016	0.046969	0.037939	0.034968	0.034985	0.029927	0.025212	0.028836	0.028656	0.025342	0.024239	0.02332	0.03227	0.034321	0.04119	0.04989	0.054813	0.064295	0.064661	0.065872	0.056365	0.050832	0.042435	0.031911	0.023762	0.023956	0.023084	0.018569	0.017817	0.023179	0.022955	0.015586	0.015635	0.018056	0.024775	0.028516	0.032357	0.038991	0.041012	0.042763	0.064679	0.076411	0.077211	0.086333	0.087359	0.095802	0.089421	0.10095	0.10335	0.11381	0.11751	0.11072	0.092181	0.065771	0.051247	0.038749	0.030323	0.013908	0.012285	0.010932	0.010975	0.013331	0.021479	0.017164	0.01602	0.01286	0.018977	0.018552	0.025371	0.02225	0.025414	0.029553	0.027322	0.034099	0.044303	0.049209	0.066501	0.085107	0.10831	0.11185	0.10057	0.081797	0.066851	0.052689	0.046329	0.041605	0.038895	0.034021	0.033543	0.033745	0.031991	0.02727	0.026916	0.021083	0.018848	0.022302	0.0092484	0.0040249	0.0030541	0.0051412	0.0054321	0.0055917	0.0087884	0.00049895	0.0072255	0.015113	0.010636	0.017509	0.013111	0.010752	0.0088787	0.0074807	0.013762	0.0091158	0.010181	0.013021	1.60E-02	0.015423	0.01143	0.012986	0.011045	0.010126	0.0098476	0.011736	0.0097547	0.014944	0.020409	0.017452	0.022013	0.018907	0.021492	0.020978	0.025624	0.020431	0.021727	0.022059	0.025583	0.022105	0.019462	0.019656	0.01189	0.012909	0.010378	0.010075	0.018085	0.020326	0.013172	0.014625	0.021773	0.018051	0.012929	0.018133	0.016902	0.018056	0.022762	0.031484	0.029364	0.026718	0.028328	0.026839	0.032803	0.032229	0.027584	0.022907	0.022052	0.020861	0.02397	0.03485	0.040404	0.041906	0.038781	0.035806	0.032	0.033769	0.029693	0.031969	0.035533	0.033544	0.032115	0.045995	0.05356	0.05294	0.055155	0.055026	0.049774	0.05277	0.048678	0.047107	0.052366	0.049385	0.046136	0.03972	0.045819	0.052666	0.052744	0.048506	0.046292	0.051595	0.051603	0.046456	0.042454	0.041163	0.03734	0.036029	0.039939	0.040478	0.041439	0.041413	0.035275	0.03977	0.044708	0.050524	0.054731	0.059612	0.056617	0.05447	0.056996	0.056153	0.063822	0.060313	0.065078	0.068182	0.071322	0.068151	0.069692	0.067668	0.067094	0.066877	0.068193	0.067339	0.071572	0.069375	0.079442	0.088467	0.1049	0.11417	0.10033	0.076118	0.059462	0.052661	0.050054	0.044374	0.033066	0.032257	0.036616	0.035209	0.035309	0.030315	0.025662	0.027546	0.025322	0.027896	0.028204	0.028815	0.028248	0.023759	0.026542	0.022175	0.020199	0.026499	0.027028	0.020778	0.0168	0.025234	0.019353	0.021469	0.020169	0.022063	0.016156	0.017785	0.026152	0.024023	0.030205	0.031154	0.027703	0.016156	0.017648	0.020632	0.022405	0.020188	0.02213	0.02641	0.020087	0.020237	0.024613	0.025631	0.028608	0.027005	0.028255	0.027388	0.031864	0.026498	0.026055	0.021815	0.0203	0.024789	0.023903	0.021469	0.019126	0.01834	0.016137	0.020581	0.018812	0.01991	0.020007	1.65E-02	0.012325	0.011237	0.015804	0.018642	0.018855	1.25E-02	0.019783	0.027385	0.024611	0.029239	0.030905	0.029351	0.026678	0.023586	0.02766	0.025164	0.024016	0.025429	0.030704	0.031549	0.032949	0.041485	0.044968	0.044396	0.049003	0.052522	0.055492	0.062941	0.073418	0.08017	0.083901	0.095029	0.098797	0.10276	0.1009	0.098189	0.095018	0.088795	0.07971	0.067536	0.05704	0.053473	0.052889	0.047244	0.042068	0.042487	0.041061	0.035304	0.029016	0.034131	0.033705	0.037877	0.035944	0.032866	0.030159	0.022903	0.018889	0.017285	0.024488	0.022943	0.019418	0.020555	1.53E-02	0.017295	0.013955	0.013337	0.016467	0.017958	0.013725	0.010535	0.017376	0.016348	0.0098706	0.01214	0.012635	0.015655	0.016086	0.020017	0.017738	0.013831	0.018511	0.015504	0.015393	0.019425	0.01868	0.023719	0.020755	0.027841	0.03091	0.038185	0.043605	0.042533	4.58E-02	0.053064	0.050364	0.05374	0.050056	0.045008	0.047322	0.048965	0.056579	0.047873	0.039816	0.034921	0.039133	0.04391	0.037896	0.035751	0.034771	0.030361	0.023296	0.01933	0.016273	0.017958	0.01679	0.020784	0.015412	0.01383	0.012071	0.014531	0.0090315	0.0062891	0.0096219	5.29E-03	0.010741	0.019342	1.18E-02	1.03E-02	0.00814	0.0044544	-0.00014621	7.08E-03	1.85E-03	0.0063182	0.0039392	0.00027968	0.0035888	2.57E-05	0.00032975	-0.0022884	-0.00010538	-0.0045604	-0.0016941	-0.0023932	0.0040711	3.72E-03	0.009821	1.55E-03	4.13E-04	-0.0039664	-0.0034802	1.88E-03	-1.86E-03	-6.04E-03	-0.0012677	0.0059184	6.84E-03	6.34E-03	9.87E-03	0.0037828	0.00070485	-0.0041467	-0.0053887	0.0030382	-2.34E-03	-0.0050603	1.56E-03	-0.0037195	-3.62E-03	-1.80E-03	0.0041267	6.69E-03	9.33E-03	0.0086336	5.27E-03	-8.00E-05	0.001343	2.87E-03	0.0019291	-1.12E-04	3.67E-03	-8.45E-04	0.0023671	-0.0025544	-4.69E-03	-5.03E-04	0.0012191	3.93E-03	-1.37E-04	0.00509	0.0071257	0.0044157	5.35E-03	-0.00072981	3.99E-03	0.00898	0.0052941	0.0046771	0.0019665	2.39E-03	-2.69E-03	-0.0063963	-4.30E-03	-6.17E-04	-0.0018361	-2.50E-03	-1.09E-02	-0.0080436	-0.0047783	-7.33E-03	-0.010453	-2.66E-03	6.59E-03	0.0029464	0.001687	0.0056573	0.0070544	4.30E-03	-1.62E-03	-5.89E-03	-3.47E-03	-0.003235	-0.003193	-0.0046772	-3.55E-03	-6.39E-03	-4.21E-03	-2.63E-03	-2.20E-03	4.30E-04	-5.68E-03	-3.94E-03	-0.0013608	-1.73E-03	-1.70E-03	3.62E-03	6.10E-03	1.53E-03	x
0.015104	0.017756	1.70E-02	6.27E-03	0.013784	0.010595	0.013322	0.011483	0.010292	1.51E-02	1.82E-02	1.62E-02	0.010451	0.016193	0.014588	0.018149	1.43E-02	1.41E-02	1.56E-02	0.012747	0.016791	0.023423	2.19E-02	0.023695	0.026392	0.027232	0.02686	0.023146	0.027416	0.021828	0.021652	2.58E-02	0.025826	0.023668	0.023879	0.02559	0.026859	0.025098	0.029454	0.029948	0.027039	0.025796	0.025461	2.46E-02	0.023239	0.024465	1.62E-02	2.04E-02	0.024625	0.030255	0.024304	0.030233	0.033602	3.91E-02	0.039362	0.043661	0.039017	0.038774	0.043883	0.040182	0.03534	0.033933	0.035545	0.033957	0.031877	0.033577	0.032488	0.039078	0.040233	0.046948	0.04198	0.037858	0.03309	0.034113	0.027235	0.031307	0.033431	0.03436	0.040292	0.037322	0.03614	0.039851	0.047409	0.054474	0.054904	0.05431	0.063654	0.075807	0.080342	0.077074	0.074306	0.067695	0.064393	0.055999	0.051106	0.051899	0.052042	0.051295	0.051414	0.046418	0.044563	0.041786	0.04511	0.046209	0.049234	0.047119	0.050506	0.05254	0.05046	0.052536	0.056431	0.05789	0.062642	0.067134	0.066261	0.065501	0.060114	0.055912	0.049337	0.047781	0.039956	0.041701	0.041314	0.031357	0.029693	0.03075	0.034345	0.033746	0.032995	0.036579	0.041339	0.04518	0.037016	0.03684	0.042939	0.0483	0.042823	0.045037	0.042591	0.038601	0.042217	0.04549	0.045801	0.049919	0.057353	0.055271	0.053808	0.054586	0.049269	0.042583	0.036168	0.031937	0.033577	0.029736	0.025896	0.02719	0.026212	0.022187	0.025691	0.028378	0.035332	0.035944	0.04106	0.049605	0.052942	0.059239	0.060611	0.062824	0.05188	0.046098	0.036965	0.02919	0.021025	0.020274	0.020678	0.017103	0.015742	0.021205	0.021249	0.015316	0.016448	1.93E-02	0.027916	0.03128	0.035194	0.04248	0.047541	0.050087	0.067733	0.076843	0.079182	0.08774	0.089235	0.095221	0.091213	0.099555	0.10113	0.10743	0.10927	0.098674	0.08119	0.057166	0.046272	0.036792	0.027805	0.012995	0.012902	0.010375	0.0093425	0.013668	0.022692	0.019508	0.017596	0.016517	0.017915	0.018395	0.027604	0.026071	0.0287	0.032105	0.029839	0.035943	0.046382	0.051633	0.064785	0.078728	0.093522	0.094852	0.083258	0.06777	0.055938	0.044009	0.039579	0.036655	0.036316	0.034122	0.031471	0.031217	0.027359	0.023122	0.024321	0.021568	0.021141	0.020256	0.0092764	0.007046	0.007088	0.0070857	0.0062553	0.0058718	0.0091539	0.0020985	0.010593	0.015645	0.0122	0.017346	0.011684	1.26E-02	0.0098126	0.0099518	0.013744	0.011541	0.011698	0.01375	0.016566	0.018457	0.015486	0.017386	0.013636	0.010894	0.011736	0.014739	0.013243	0.016786	0.019257	0.017076	0.020023	0.018461	0.022956	0.021798	0.0228	0.019321	0.022761	0.01967	0.021866	0.01973	0.019793	0.019254	0.011157	0.013323	0.014132	0.014794	0.019751	0.020845	0.013323	0.014339	0.02056	0.01778	0.01591	0.020278	0.017368	0.019056	0.019646	0.030379	0.027302	0.026296	0.02557	0.022535	0.026189	0.026677	0.023982	0.02102	0.020397	0.021785	0.021699	0.031294	0.037564	0.03978	0.037319	0.034836	0.033289	0.03463	0.030703	0.030841	0.033052	0.033067	0.035772	0.046476	0.051569	0.049033	0.051143	0.049501	0.044522	0.047494	0.045853	0.042486	0.046686	0.043458	0.042594	0.037742	0.044064	0.049579	0.049294	0.046244	0.043341	0.046923	0.046167	0.042569	0.038943	0.040618	0.038015	0.035817	0.038079	0.03776	0.036538	0.039533	0.035923	0.040744	0.044803	0.049381	0.052461	0.055135	0.052859	0.054482	0.055045	0.055191	0.062364	0.058865	0.060393	0.064811	0.067903	0.064831	0.067594	0.066617	0.066941	0.066912	0.064992	0.061477	0.06388	0.062308	0.068356	0.074432	0.086021	0.093572	0.082978	0.065184	0.051137	0.046813	0.04315	0.038517	0.031534	0.02862	0.029206	0.02933	0.029804	0.028195	0.02229	0.02444	0.021721	0.024418	0.025896	0.024322	0.024602	0.021572	0.025836	0.020337	0.017352	0.023663	0.023223	0.017352	0.016229	0.022986	0.018345	0.020972	0.019212	0.021134	0.017585	0.019195	0.02627	0.025287	0.029129	0.031673	0.028214	0.019945	0.020449	0.02398	0.025681	0.024139	0.024029	0.026524	0.021248	0.019655	0.023383	0.024539	0.028408	0.025953	0.026854	0.028143	0.031089	0.025925	0.026143	0.020785	0.020259	0.024684	0.021106	0.021565	0.019179	0.01931	0.020096	0.024445	0.023118	0.02316	0.024075	0.023361	0.021585	0.01976	0.025711	0.026103	0.027292	0.023491	0.029698	0.036044	0.03568	0.039535	0.039829	0.038446	0.038514	0.034904	3.74E-02	0.032954	0.030202	0.032396	0.037822	0.039313	0.039653	0.046779	0.050874	0.052092	0.057516	0.061403	0.066481	0.07501	0.088978	0.09874	0.10616	0.11679	0.12224	0.12206	0.11997	0.11619	0.11012	0.10237	0.089157	0.075588	0.063563	0.057826	0.056438	0.051537	0.046234	0.044455	0.04096	0.035568	0.027785	0.03105	0.032719	0.035505	0.034208	0.031263	0.025919	0.02007	0.016778	0.014966	0.021102	0.018395	0.015477	0.016668	0.010789	0.013936	0.011495	0.012794	0.015219	0.017528	0.01032	0.006522	0.014009	0.015401	0.0090929	0.012349	0.011955	0.014607	0.016339	0.019233	0.021346	0.015042	0.017944	0.01641	0.019837	0.024422	0.019891	0.024489	2.19E-02	0.031034	0.032207	0.037762	0.041987	0.041963	0.044879	0.049719	0.046049	0.050418	0.047538	0.04268	0.042	0.042692	0.051022	0.040254	0.036277	0.032198	0.036421	0.039799	0.034467	0.028445	0.0271	0.024054	0.018266	0.016024	0.012886	0.01431	0.010569	0.014852	0.010292	0.011256	0.010494	0.012044	0.0058853	0.0020398	0.0041447	0.0013925	0.0067668	0.015024	0.010372	0.0073272	0.0062742	0.0016635	-0.0020272	0.0048607	0.00083346	0.004178	0.0026528	-0.0001152	0.0011629	-0.0021608	-0.0016791	-3.95E-03	-9.94E-04	-0.0046721	-0.0022901	-4.65E-03	0.0017853	2.58E-03	0.0068466	-8.58E-05	-0.00061353	-4.39E-03	-5.70E-03	-0.00038943	-0.0048292	-0.0075809	-0.003529	0.00039501	0.003069	0.0044285	7.06E-03	0.0011008	-0.0027869	-0.0079374	-0.0056834	1.72E-03	-1.55E-03	-0.0039046	7.70E-04	-3.40E-03	-4.25E-03	-5.41E-03	8.08E-05	0.0040055	4.78E-03	0.0018	0.0020729	-0.0018364	-1.74E-03	0.0010399	6.59E-04	-2.07E-03	0.00066923	-0.0023894	0.00082586	-0.0015532	-0.0061543	-0.0021556	-1.37E-04	1.39E-03	-1.10E-03	0.0019202	3.67E-03	0.0023461	2.14E-03	-2.25E-03	5.94E-04	0.0052313	1.79E-03	1.25E-03	7.37E-04	8.35E-04	-0.0054259	-8.28E-03	-0.0063635	-0.0024663	-2.49E-03	-0.0027486	-9.99E-03	-1.06E-02	-7.76E-03	-0.0083181	-0.0091733	-1.30E-03	7.76E-03	4.48E-03	2.35E-03	4.84E-03	6.52E-03	0.0020369	-5.98E-03	-7.10E-03	-6.19E-03	-4.36E-03	-2.26E-03	-4.58E-03	-3.08E-03	-0.00494	-3.04E-03	-0.003186	-4.13E-03	-2.22E-03	-0.0051385	-3.13E-03	-0.00253	-1.87E-03	-1.79E-03	3.42E-03	0.0040264	-1.78E-04	r
0.011471	0.011261	0.01546	0.015101	0.0047401	0.011089	9.95E-03	1.37E-02	1.16E-02	0.012462	1.77E-02	0.019894	1.70E-02	0.013454	0.018713	1.81E-02	0.022248	1.81E-02	0.01763	0.019215	1.86E-02	2.18E-02	0.02963	0.028304	0.027642	0.029908	0.031227	2.94E-02	0.025751	0.029679	2.50E-02	0.025212	0.028025	0.027433	0.02489	0.024983	0.026877	0.0287	0.029445	0.031825	0.031125	0.030543	0.029936	0.027774	0.027332	0.02653	0.028802	1.98E-02	0.022202	0.028131	0.03325	0.026712	0.032184	3.71E-02	0.042753	0.046119	0.047434	0.043336	0.044653	4.74E-02	0.04475	0.04001	0.039595	0.040722	0.036135	0.033518	0.033026	0.033804	0.039356	0.037996	0.045596	3.95E-02	0.038751	0.032446	0.034074	0.031892	0.035017	3.69E-02	0.036958	0.042916	0.041033	0.039921	4.42E-02	0.050325	0.055762	0.055289	0.053076	0.06239	7.17E-02	0.075535	0.072094	0.069632	0.064296	0.060124	0.055125	0.053556	0.053039	0.051526	0.053517	0.0529	0.050296	0.049938	0.045466	0.048631	5.19E-02	0.052337	0.050325	0.055181	0.059298	0.058027	0.058828	0.058905	0.058853	0.061619	0.065043	0.064285	0.061813	0.056074	0.052429	0.046311	0.04448	0.038669	0.04135	0.041442	0.032079	0.028281	0.03042	0.035509	0.034541	0.031732	0.035457	0.039665	0.041661	0.038222	0.037082	0.041424	0.044517	0.039119	0.042838	0.04324	0.039031	0.042743	0.047437	0.045745	0.05055	0.056577	0.05414	0.051305	0.051583	0.043985	0.035586	0.03225	0.028471	0.03142	0.027879	0.026664	0.025403	0.023969	0.019009	0.026383	0.032093	0.03626	0.03699	0.0412	0.049047	0.050792	0.052279	0.05322	0.057001	0.045615	0.040464	0.032278	0.027284	0.019436	0.018089	0.01844	0.01455	0.013819	0.019292	0.019439	0.016242	0.017554	0.021082	0.030318	0.033427	0.036629	0.043916	0.052879	0.056878	0.068185	0.074928	0.078929	0.085549	0.087891	0.09115	0.089159	0.094889	0.096655	0.097809	0.096489	0.083223	0.066937	0.047024	0.038297	0.032694	0.023161	0.010242	0.011435	0.0090604	0.0085569	0.012966	0.021865	0.019276	0.016918	0.01705	0.016669	0.017644	0.027844	0.026989	0.029407	0.031743	0.029881	0.035153	0.045598	0.050663	0.060631	0.070592	0.076117	0.076298	0.065822	0.054091	0.045912	0.036893	0.033948	0.032532	0.033868	0.033411	0.028336	0.028099	0.023265	0.018444	0.021203	0.021413	0.022166	0.01785	0.010021	0.009789	0.010274	0.0084605	0.0067004	0.0064749	0.0090973	0.004082	0.013049	0.016414	0.014225	0.017412	0.010606	0.013974	0.010928	0.011302	1.33E-02	0.014999	0.013691	0.014307	0.017757	0.020354	0.018806	0.021213	0.017293	0.012722	0.014086	0.017414	0.015578	0.017406	0.016351	0.015558	0.016169	0.016622	0.023242	0.022513	0.020848	0.01889	0.02262	0.017926	0.018107	0.017609	0.020038	0.018558	0.012029	0.014087	0.016399	0.01742	0.020168	0.020802	0.013352	0.01381	0.019431	0.018416	0.019891	0.022553	0.017849	0.019027	0.015744	0.026476	0.023672	0.024655	0.021818	0.017959	0.019898	0.021058	0.020668	0.018727	0.018029	0.02254	0.021004	0.028641	0.034695	0.037288	0.034889	0.033705	0.033792	0.03512	0.031774	0.030324	0.032032	0.03376	0.039573	0.046764	0.049059	0.045201	0.046282	0.04479	0.040279	0.041355	0.042594	0.038241	0.041624	0.038346	0.0398	0.037517	0.042981	0.046477	0.045833	0.044794	0.04158	0.04227	0.040908	0.039717	0.037039	0.040428	0.038302	0.035718	0.035936	0.036155	0.033097	0.03604	0.034881	0.040311	0.043841	0.045918	0.048886	0.049505	0.04853	0.053171	0.052162	0.053008	0.059289	0.056868	0.054637	0.059391	0.063341	0.06123	0.064398	0.063855	0.064655	0.064447	0.062042	0.0565	0.056282	0.055406	0.057483	0.060969	0.067634	0.071982	0.065322	0.053666	0.042652	0.040886	0.036427	0.033444	0.029954	0.024736	0.024024	0.024414	0.026269	0.02788	0.020272	0.021542	0.01908	0.022098	0.024258	0.020738	0.021205	0.020218	0.024331	0.020325	0.016492	0.020056	0.019017	0.015395	0.016181	0.020307	0.017845	0.020944	0.018834	0.019957	0.018355	0.020894	0.025179	0.025531	0.026635	0.029789	0.026896	0.022246	0.022815	0.027474	0.028661	0.028121	0.025944	0.026682	0.021927	0.019698	0.022697	0.024392	0.028561	0.025633	0.025624	0.028712	0.029742	0.024835	0.024654	0.019763	0.02011	0.023525	0.018719	0.02211	0.020627	0.020963	0.023401	0.027822	0.027328	0.026764	0.028228	0.029319	0.02992	0.0279	0.034011	0.032102	0.035479	0.035034	0.040783	0.045067	0.046724	0.049657	0.049345	0.048859	0.05079	0.046104	0.047504	0.04186	0.037317	0.039559	0.044145	0.047014	0.047729	0.053729	0.058273	0.060752	0.066075	0.071166	0.078995	0.089063	0.10586	0.11669	0.12713	0.13569	0.14283	0.13921	0.13741	0.13188	0.12219	0.11356	0.097649	0.083398	0.069936	0.062486	0.059684	0.055095	0.049212	0.045855	0.040081	0.034692	0.027382	0.027879	0.029853	0.031523	0.030002	0.027086	0.021108	0.016456	0.013882	0.012648	0.017024	0.014438	0.012504	0.01291	0.0080238	0.011358	0.0088923	0.011798	0.013925	0.015475	0.0066755	0.002855	0.0091928	0.012781	0.0077005	0.012119	0.011285	0.013801	0.015749	0.016421	0.021873	0.014168	0.016926	0.017163	0.022566	0.027859	0.020762	0.025634	0.023656	0.033195	0.033013	0.036522	0.039828	0.041721	0.044607	0.045855	0.042206	0.04631	0.04433	0.040634	0.038512	0.037851	0.044549	0.034389	0.034417	0.030998	0.034292	0.036278	0.030674	0.022781	0.021338	0.019409	0.014468	0.013087	0.0097821	0.010314	0.0053251	0.010703	0.0057991	0.0066255	0.0066067	0.0085426	0.003055	-0.0019654	-0.0006413	-0.0014153	0.0032722	0.0094826	6.86E-03	0.0033406	0.0038181	-0.0018156	-0.0036292	0.0017082	0.00052915	2.14E-03	0.00087734	-6.30E-04	-0.0011959	-5.46E-03	-0.0049616	-5.22E-03	-1.89E-03	-0.0042064	-3.48E-03	-0.0068721	-5.19E-04	0.00048781	3.64E-03	-2.05E-03	-0.0027268	-0.0049387	-0.0074949	-2.95E-03	-0.0068542	-0.008986	-7.42E-03	-5.46E-03	-2.26E-03	3.79E-04	0.0030028	-2.00E-03	-6.11E-03	-1.03E-02	-5.97E-03	-8.82E-05	-2.88E-03	-4.30E-03	1.11E-04	-2.19E-03	-4.18E-03	-0.0075481	-0.0031743	0.00149	-3.83E-06	-3.86E-03	-0.00080122	-0.0033078	-3.78E-03	-5.57E-04	-1.82E-03	-0.0045194	-2.45E-03	-2.68E-03	-0.00070424	-0.00057945	-0.0067986	-4.13E-03	-1.51E-03	-2.39E-03	-0.0034302	-9.01E-04	0.001138	0.0023002	0.00043733	-1.51E-03	-0.0015905	0.001183	-0.0007223	-0.0011017	-5.14E-04	-7.33E-04	-6.91E-03	-8.41E-03	-6.75E-03	-0.0031091	-0.0036496	-0.0033168	-0.0092349	-1.21E-02	-1.01E-02	-8.48E-03	-0.0068421	-2.26E-04	6.66E-03	0.004128	0.0016949	3.34E-03	0.0051111	7.60E-05	-8.26E-03	-6.98E-03	-0.0074027	-0.005313	-1.86E-03	-4.15E-03	-3.23E-03	-0.0047647	-2.32E-03	-2.88E-03	-6.39E-03	-5.03E-03	-5.57E-03	-2.95E-03	-3.38E-03	-0.0013195	-2.39E-03	1.95E-03	2.06E-03	r
0.010622	1.16E-02	9.37E-03	1.38E-02	0.014574	4.93E-03	1.09E-02	1.08E-02	1.41E-02	0.012755	1.58E-02	0.020862	2.23E-02	0.019534	0.018007	0.020803	0.021854	0.026454	2.34E-02	2.25E-02	2.36E-02	2.45E-02	0.026156	0.033806	0.032832	0.029864	0.031311	0.032875	0.030771	0.029191	0.031978	2.91E-02	0.029195	0.029855	0.029864	0.026002	0.026397	0.02908	0.03168	0.035005	0.034287	0.031949	0.033564	0.033475	0.030535	3.04E-02	0.029725	3.27E-02	0.025674	0.026765	0.032995	0.036755	0.031251	0.035278	0.041725	0.046585	0.052214	0.051278	0.04777	0.049323	0.050273	0.04875	0.044691	0.04372	0.044403	0.038183	0.035106	0.032687	0.03551	0.039444	0.036691	0.044365	0.037125	0.038772	0.03129	0.033828	0.036886	0.038792	0.040449	0.039115	0.044241	0.043876	0.043431	0.04911	0.052983	5.75E-02	0.055798	0.052232	0.059864	0.06756	0.069875	0.065285	0.063469	0.06017	0.055321	0.053252	0.05541	0.053828	0.050598	0.054747	0.05432	0.053309	0.054235	0.049504	0.053528	0.0576	0.055102	0.054516	0.060942	0.065508	0.064551	0.063255	0.061156	0.059124	0.060185	0.061831	0.060581	0.057256	0.052833	0.049291	0.043657	0.041751	0.037335	0.041009	0.041061	0.031862	0.027225	0.030831	0.035135	0.033865	0.030641	0.0342	0.03748	0.037215	0.037996	0.035847	0.037446	0.040241	0.035906	0.039464	0.042299	0.038865	0.042811	0.049165	0.046882	0.049327	0.053041	0.049566	0.045925	0.047257	0.038136	0.028441	0.027028	0.02492	0.028839	0.024609	0.027188	0.024264	0.022823	0.016521	0.026308	0.033527	0.035848	0.037918	0.041993	0.048263	0.048868	0.04539	0.045023	0.050215	0.039294	0.035312	0.029238	0.026254	0.018444	0.017335	0.016553	0.011668	0.012466	0.017686	0.0184	0.017857	0.01844	0.02341	0.032252	0.034968	0.037565	0.044396	0.056524	0.062023	0.06693	0.071541	0.077033	0.08062	0.083833	0.085409	0.084804	0.088668	0.090965	0.087179	0.081531	0.066886	0.052152	0.036744	0.02897	0.027145	0.017517	0.006664	0.0082427	0.0071494	0.0086074	0.011512	0.018867	0.016352	0.014341	0.014533	0.015815	0.017217	0.026527	0.025843	0.028089	0.028498	0.027585	0.032382	0.042779	0.046751	0.054797	0.061028	0.059639	0.05962	0.051662	0.043902	0.03852	0.032093	0.03014	0.029975	0.031892	0.032221	0.02523	0.024954	0.020045	0.014304	0.018565	0.020243	0.021667	0.015864	0.011426	0.011775	0.01198	0.008776	0.007235	0.0065599	0.0082483	0.004944	0.013531	0.016836	0.01596	0.017237	0.010184	0.014279	0.012507	0.011522	0.012688	0.018173	0.015369	0.014926	0.019426	0.020731	0.020688	0.023373	0.020671	0.014471	0.015846	0.018914	0.016518	0.016507	0.012956	0.013337	0.011573	0.014514	0.022621	0.022241	0.019712	0.018888	0.021298	0.01668	0.01513	0.016152	0.02015	0.017121	0.013835	0.014962	0.017006	0.018186	0.019302	0.019824	0.01355	0.013377	0.018435	0.0193	0.023501	0.024217	0.018318	0.01768	0.012586	0.021556	0.019713	0.022662	0.017824	0.013721	0.015443	0.017048	0.018942	0.016917	0.015767	0.022285	0.020752	0.026722	0.032445	0.034776	0.031953	0.032628	0.033464	0.035175	0.032443	0.030696	0.03343	0.035602	0.043308	0.046543	0.046426	0.04174	0.041277	0.041326	0.037627	0.035941	0.039462	0.035323	0.037892	0.034846	0.03854	0.038983	0.042493	0.044069	0.043221	0.044615	0.041572	0.03872	0.036588	0.038322	0.036982	0.039599	0.037358	0.035802	0.033992	0.035094	0.031388	0.031952	0.03285	0.039108	0.042569	0.041374	0.04538	0.044866	0.044961	0.051176	0.049393	0.050265	0.054969	0.054817	0.049939	0.053832	0.058728	0.057698	0.060549	0.059967	0.061153	0.060504	0.059461	0.052989	0.050197	0.048948	0.048261	0.049879	0.052491	0.053572	0.050252	0.043212	0.035161	0.035697	0.03104	0.029394	0.027921	0.021118	0.02143	0.020797	0.025115	0.028504	0.019767	0.019547	0.017996	0.020809	0.022707	0.017916	0.017643	0.019346	0.022356	0.021958	0.017502	0.016974	0.015779	0.015018	0.016368	0.017901	0.018578	0.021017	0.019061	0.018607	0.017994	0.021933	0.022979	0.024599	0.023352	0.026383	0.024326	0.022606	0.024395	0.030289	0.030418	0.030532	0.027085	0.026438	0.021591	0.020063	0.022204	0.024627	0.028623	0.025318	0.024179	0.028255	0.027972	0.023319	0.021958	0.018737	0.019945	0.022175	0.017293	0.023101	0.023459	0.023088	0.025685	3.00E-02	0.030494	0.029285	0.031437	0.033587	0.035363	3.41E-02	0.039298	0.036067	0.04174	0.044146	0.050654	0.052947	0.055054	0.057682	0.057923	0.058013	0.060488	0.05474	0.054916	0.049321	0.043199	0.044837	0.048219	0.052335	0.05465	0.060308	0.065141	0.068217	0.073213	0.079688	0.090733	0.10242	0.12023	0.13093	0.14381	0.14854	0.15692	0.15083	0.14935	0.14193	0.12904	0.12036	0.10354	0.089189	0.074673	0.065719	0.061482	0.056678	0.050265	0.046363	0.039213	0.032538	0.027429	0.024952	0.025418	0.026984	0.024003	0.021227	0.01573	0.011743	0.0096343	0.0099946	0.012218	0.010663	0.009654	0.0087612	0.0060548	0.0084685	5.41E-03	9.62E-03	0.012057	0.011904	3.35E-03	0.0002865	0.0040093	0.0087697	0.0058476	0.011599	0.010301	0.012466	0.014243	0.012602	0.018992	0.011268	0.015538	0.017502	0.022792	0.028295	0.02062	0.026003	0.024878	0.033337	0.032484	0.034635	0.037263	0.041467	0.044497	0.041759	0.038738	0.041953	0.040538	0.038808	0.037046	0.035402	0.038405	0.030537	0.033379	0.030599	0.032453	0.033634	0.027382	0.019565	0.018035	0.016622	0.012043	0.01087	0.0069209	0.0068554	0.0022314	0.0084746	0.0027608	0.00088394	0.0015801	0.0047457	0.00081331	-0.0050295	-0.0039704	-0.0031874	0.00069631	3.53E-03	0.0018234	-0.0013992	0.00088473	-5.19E-03	-0.0047069	-2.10E-03	7.89E-05	0.00046119	-0.0010132	-9.66E-04	-0.0026685	-9.08E-03	-0.0089575	-0.0057845	-0.0028787	-0.0037601	-5.14E-03	-0.0080459	-0.0017964	-1.13E-03	1.06E-03	-3.93E-03	-5.14E-03	-5.12E-03	-8.60E-03	-5.37E-03	-8.28E-03	-1.05E-02	-1.17E-02	-1.04E-02	-7.84E-03	-4.46E-03	-9.76E-04	-0.004702	-0.008528	-0.011138	-6.26E-03	-2.47E-03	-6.29E-03	-0.0059769	-5.24E-04	-1.58E-03	-4.06E-03	-8.44E-03	-0.0049945	-9.81E-05	-0.0038152	-0.0074625	-0.0035745	-4.76E-03	-4.80E-03	-0.0019763	-5.04E-03	-6.83E-03	-5.61E-03	-2.39E-03	-0.0023385	-0.00010399	-6.94E-03	-6.13E-03	-2.23E-03	-6.07E-03	-0.0061488	-0.0028648	-8.38E-05	0.0034886	-0.00029722	3.90E-04	-0.0027623	-2.21E-03	-2.34E-03	-2.70E-03	-0.0021241	-1.76E-03	-7.00E-03	-7.32E-03	-5.43E-03	-3.25E-03	-5.16E-03	-0.0040355	-8.98E-03	-0.012341	-1.17E-02	-0.0091309	-5.21E-03	-5.11E-04	3.59E-03	0.0019405	-5.74E-04	1.21E-03	3.17E-03	-1.94E-03	-8.74E-03	-5.87E-03	-0.0072791	-5.79E-03	-2.36E-03	-4.01E-03	-4.09E-03	-0.0059267	-3.10E-03	-2.34E-03	-8.91E-03	-0.0075707	-6.49E-03	-3.54E-03	-4.52E-03	-0.00064489	-3.65E-03	-5.24E-04	r
9.74E-03	1.30E-02	0.0094547	0.01309	1.60E-02	0.0071067	1.37E-02	0.013469	0.014885	0.015545	0.020383	2.46E-02	0.025042	0.02362	0.022928	2.22E-02	0.024109	2.99E-02	0.028674	0.027221	0.027467	0.029025	0.02945	0.03483	0.034743	0.030579	0.03138	0.032778	0.031759	0.03361	0.034979	0.033566	0.033272	0.032422	0.033909	0.028145	0.02873	0.03283	0.036615	0.041093	0.037193	0.033144	0.036095	0.036435	0.033534	0.033612	0.033028	0.035779	0.033204	0.033362	0.038981	0.040267	0.037649	0.040006	0.047891	0.051188	0.05805	0.056203	0.053166	0.053194	0.053171	0.052742	0.049577	0.046656	0.04703	0.041122	0.037287	0.033706	0.037968	0.039942	0.03694	0.043993	0.035891	0.03813	0.030101	0.033989	0.041366	0.041643	0.042845	0.040806	0.044574	0.046506	0.046762	0.053913	0.05603	0.059732	0.058043	0.052443	0.057731	0.064734	0.065296	0.059359	0.058043	0.056963	0.051742	0.051422	0.056859	0.055089	0.050729	0.055879	0.056333	0.055676	0.057332	0.053288	0.058854	0.062329	0.058007	0.059983	0.067628	0.070575	0.069274	0.065755	0.063386	0.059976	0.059861	0.059851	0.056938	0.053946	0.051148	0.047567	0.042006	0.040253	0.035974	0.040092	0.039739	0.030416	0.026963	0.032097	0.033768	0.03176	0.029694	0.032551	0.035283	0.033262	0.036745	0.03337	0.031604	0.036361	0.033989	0.035896	0.039747	0.038313	0.042823	0.050604	0.049626	0.047253	0.04798	0.043647	0.039704	0.042821	0.033482	0.023213	0.021939	0.021865	0.026496	0.021021	0.027312	0.024391	0.023422	0.015416	0.025751	0.032967	0.035644	0.03954	0.043445	0.047247	0.047293	0.039887	0.038249	0.044684	0.034382	0.032007	0.028278	0.025755	0.017374	0.017722	0.015276	0.0093396	0.011876	0.016589	0.018953	0.019555	0.018501	0.026227	0.034503	0.036339	0.038752	0.045278	0.05842	0.065175	0.065057	0.068005	0.074319	0.074705	0.078876	0.080042	0.079909	0.082582	0.085275	0.077454	0.066986	0.052124	0.038788	0.027338	0.019849	0.020998	0.012099	0.0033747	0.0044956	0.0050242	0.0092509	0.0093977	0.013943	0.011289	0.010961	0.010082	0.016045	0.017796	0.024694	0.023782	0.026233	0.023394	0.023818	0.028739	0.039213	0.041385	0.04865	0.050959	0.046955	0.047101	0.042805	0.03871	0.034392	0.029051	0.028216	0.028978	0.030489	0.031281	0.023546	0.022599	0.017765	0.011455	0.017022	0.018253	0.019679	0.014866	0.013388	0.012819	0.012316	0.0081205	0.0085368	0.0058731	0.0068574	0.0043545	0.012007	0.016727	0.016877	0.016386	0.01014	1.32E-02	0.014122	0.010651	0.011773	0.019759	0.016084	0.015709	0.021375	0.020035	0.02117	0.023369	0.022846	0.015299	0.01608	0.018559	0.016273	0.01454	0.0099568	0.011063	0.0074712	0.012965	0.021265	0.020344	0.018901	0.01868	0.0192	0.015704	0.013182	0.015462	0.020274	0.01515	0.015651	0.015687	0.016233	0.017871	0.017776	0.018116	0.014123	0.013228	0.017437	0.020036	0.025945	0.024961	0.018861	0.015093	0.010722	0.017505	0.016621	0.021053	0.014009	0.010034	0.013539	0.015272	0.019284	0.016239	0.014188	0.020531	0.019844	0.025003	0.03099	0.032716	0.029222	0.031583	0.032541	0.035039	0.032742	0.03203	0.03717	0.038415	0.046659	0.045422	0.043791	0.038594	0.036565	0.038834	0.036308	0.03226	0.036873	0.034232	0.035471	0.033326	0.039384	0.04167	0.041878	0.042252	0.041596	0.045315	0.042863	0.036503	0.033192	0.037972	0.038141	0.037656	0.035499	0.036396	0.032503	0.034223	0.031428	0.028674	0.030594	0.037939	0.041612	0.037596	0.043309	0.042756	0.042817	0.049114	0.047604	0.047833	0.050181	0.053556	0.04817	0.05017	0.054991	0.054855	0.056877	0.056129	0.058048	0.05691	0.057572	0.050848	0.046184	0.042903	0.041548	0.04211	0.041791	0.04105	0.039265	0.034928	0.029778	0.031907	0.027605	0.02617	0.025065	0.018331	0.020972	0.018454	0.025627	0.029119	0.020802	0.018996	0.018353	0.019922	0.021095	0.015598	0.013812	0.018379	0.020244	0.024096	0.019406	0.015331	0.014739	0.015982	0.016729	0.016946	0.020729	0.02098	0.019529	0.017345	0.016792	0.021845	0.019968	0.022878	0.0201	0.022867	0.021383	0.021402	0.02544	0.031969	0.030591	0.03034	0.026983	0.025565	0.020137	0.020464	0.021581	0.024777	0.028263	0.024625	0.022291	0.026507	0.026131	0.021421	0.018863	0.017613	0.019681	0.021026	0.016724	0.024365	0.026848	0.025037	0.026824	0.030611	0.032376	0.030005	0.033042	0.036279	0.037343	0.037796	0.041447	0.038065	0.04508	0.049287	0.058057	0.059076	0.059511	0.062654	0.064282	0.064396	0.065707	0.059593	0.058013	0.053558	0.046821	0.047719	0.04965	0.054359	0.05861	0.06497	0.069962	0.073248	0.078436	0.086151	0.1005	0.11331	0.12977	0.14022	0.15518	0.15453	0.16327	0.15577	0.15426	0.14492	0.13047	0.12262	0.10625	0.092151	0.077211	0.066788	0.061335	0.055919	0.049238	0.045756	0.039177	0.029289	0.0274	0.022185	0.019941	0.022821	0.017504	0.015357	0.01007	0.0059533	0.0038423	0.0067607	0.0070019	0.0067111	0.0063289	0.004191	0.0036863	0.004291	0.00066509	0.0058958	0.0091708	0.0070354	7.56E-04	-9.17E-04	-0.00058502	0.0036241	0.0036777	0.010885	0.0084237	0.0097642	0.011888	0.0090585	0.013846	0.0072007	0.013982	0.017164	0.020827	0.025364	0.01901	0.024654	0.024832	0.031	0.030168	0.032382	0.034323	0.040846	0.044073	0.037957	0.036011	0.038309	0.036674	0.037238	0.036913	0.034985	0.033361	0.028162	0.031879	0.030121	0.030702	0.031638	0.025053	0.018732	0.016917	0.015203	0.010644	0.0094309	0.0038991	0.0041053	0.0011948	0.0074118	0.0011007	-0.0048791	-0.0029582	1.76E-03	-0.00047853	-0.0067401	-6.01E-03	-0.0046025	-0.0010106	-0.0021247	-0.0039501	-6.31E-03	-2.37E-03	-0.0076625	-0.0049254	-5.94E-03	-0.001179	-0.00067373	-2.65E-03	-0.0010639	-3.33E-03	-0.012462	-0.012957	-0.0055473	-0.0039741	-0.0034971	-6.76E-03	-7.63E-03	-0.0017721	-9.56E-04	-0.00031245	-5.48E-03	-7.11E-03	-4.78E-03	-0.0088938	-0.0072639	-9.31E-03	-1.25E-02	-1.53E-02	-1.31E-02	-1.22E-02	-0.0086686	-3.69E-03	-6.38E-03	-0.0093619	-1.08E-02	-0.0063294	-5.55E-03	-1.06E-02	-8.28E-03	-1.41E-03	-2.61E-03	-4.74E-03	-8.74E-03	-0.0056743	-7.15E-04	-5.82E-03	-8.84E-03	-0.0064942	-6.36E-03	-0.0054178	-0.0032702	-8.00E-03	-0.0081522	-8.43E-03	-1.96E-03	-4.08E-03	-6.31E-04	-0.0074168	-7.98E-03	-0.0023353	-8.51E-03	-8.25E-03	-4.07E-03	-2.30E-04	4.59E-03	-0.00097542	1.79E-03	-3.53E-03	-4.09E-03	-0.0033013	-0.0042262	-4.20E-03	-2.40E-03	-5.88E-03	-5.78E-03	-3.14E-03	-0.0038332	-0.0064465	-0.0046462	-9.14E-03	-1.16E-02	-0.012472	-1.09E-02	-5.24E-03	-2.79E-03	-5.19E-04	-1.22E-03	-0.003637	-1.02E-03	1.58E-03	-3.81E-03	-7.94E-03	-3.96E-03	-0.0061495	-0.0053569	-0.0034	-4.50E-03	-5.39E-03	-0.0079071	-0.0056741	-2.03E-03	-0.011254	-0.0089919	-6.75E-03	-0.0047192	-6.35E-03	-5.51E-04	-5.24E-03	-3.42E-03	r
1.18E-02	0.015733	0.010746	0.013373	1.98E-02	0.010777	0.01836	0.017698	0.016442	2.05E-02	0.026321	2.88E-02	0.027794	0.028914	0.02767	0.023365	0.023503	0.031899	0.032701	0.030324	0.029559	0.031856	0.0319	0.032806	0.034655	3.09E-02	0.030815	0.031894	0.032892	0.038498	0.038898	0.038023	0.036927	0.036583	0.039604	0.032229	0.032531	0.038786	0.044034	0.046926	0.04083	0.035726	0.038381	0.038642	0.036586	0.036966	0.036636	0.038358	0.042075	0.041254	0.04593	0.043557	0.045273	0.046564	0.05592	0.057103	0.064458	0.062999	0.060368	0.057296	0.056663	0.057257	0.054937	0.049066	0.049142	0.045368	0.040574	0.036894	0.041292	0.041068	0.038986	0.045113	0.036901	0.037677	0.029573	0.035147	0.044915	0.043183	0.043493	0.041806	0.043969	0.049595	0.049745	0.058239	0.060286	0.061927	0.06319	0.053808	0.057006	0.063318	0.063207	0.056695	0.05543	0.056217	0.050516	0.05045	0.058391	0.057456	0.053273	0.05846	0.060012	0.058203	0.059701	0.056818	0.064111	0.065793	0.061921	0.067101	0.074843	0.07423	0.071996	0.066218	0.065487	0.062499	0.061626	0.060329	0.054154	0.053395	0.050977	0.047903	0.041851	0.040469	0.034725	0.037972	0.037273	0.0279	0.027496	0.033451	0.03176	0.028012	0.028321	0.030081	0.033276	0.030261	0.034048	0.029942	0.024828	0.033617	0.033641	0.033151	0.03555	0.037195	0.042588	0.051195	0.053209	0.044716	0.042295	0.038164	0.034416	0.038828	0.030643	0.020426	0.018137	0.0196	0.025152	0.018372	0.026892	0.02594	0.026091	0.016271	0.024962	0.031462	0.037143	0.042583	0.044981	0.045786	0.045675	0.035917	0.033881	0.041948	0.031471	0.031477	0.029392	0.025047	0.015694	0.019014	0.014771	0.0080897	0.011999	0.016107	0.02153	0.020949	0.017303	0.029352	0.037943	0.038102	0.040245	0.047391	0.058602	0.066632	0.063229	0.065141	0.071013	0.069235	0.075012	0.076058	0.07544	0.077261	0.080327	0.069063	0.054353	0.040249	0.02734	0.018922	0.011532	0.014491	0.0074146	0.00094085	0.0016226	0.0029547	0.0099236	0.0063603	0.0073644	0.0047664	0.0082074	0.0052339	0.01793	0.019492	0.023236	0.021537	0.025436	0.017571	0.019338	0.024855	0.035945	0.036011	0.043457	0.041442	0.039059	0.039028	0.039392	0.038018	0.033008	0.026207	0.027619	0.028901	0.029511	0.031468	0.024532	0.021855	0.016056	0.0097246	0.01626	0.015918	0.016152	0.014962	0.0157	0.012879	0.011995	7.24E-03	0.011432	0.0048147	0.0055537	0.0030919	0.0090528	0.016072	0.01652	0.014427	0.0097645	0.010279	0.014616	0.0086841	0.010077	0.018808	0.015257	0.016296	0.02328	0.018918	0.020592	0.020847	0.023434	0.0149	0.01409	0.015717	0.015264	0.012457	0.0077127	0.0093871	0.0048739	0.012291	0.019143	0.016344	0.017737	0.017686	0.016997	0.014784	0.011922	0.015428	2.07E-02	0.01366	0.016663	0.015893	0.014236	0.017356	0.016562	0.016293	0.015019	0.013404	0.016223	0.020595	0.027066	0.024886	0.019405	0.011597	0.0096127	0.015387	0.015152	0.020013	0.010133	0.0065403	0.014134	0.015407	0.021646	0.017086	0.013456	0.017287	0.017812	0.022808	0.029773	0.031306	0.027029	0.029973	0.030859	0.034782	0.032903	0.034348	0.042704	0.041934	0.049065	0.042915	0.040818	0.035006	0.031668	0.036298	0.035597	0.030171	0.034704	0.034673	0.033606	0.033568	0.042549	0.044759	0.040067	0.040236	0.040334	0.045749	0.044076	0.034995	0.030089	0.037621	0.039181	0.034665	0.033868	0.037938	0.031238	0.033312	0.032923	0.027389	0.028663	0.037085	0.041031	0.036167	0.043407	0.043318	0.041759	0.047127	0.047116	0.046339	0.04587	0.054085	0.050402	0.049742	0.052408	0.053315	0.053999	0.053463	0.05682	0.055261	0.056354	0.049137	0.043585	0.036684	0.037276	0.037361	0.034825	0.03469	0.031861	0.028809	0.026687	0.029541	0.025979	0.023096	0.02106	0.016613	0.021709	0.016991	0.026241	0.028843	0.022934	0.01974	0.019201	0.018636	0.019614	0.013605	0.0099911	0.016832	0.01834	0.025266	0.021093	0.015759	0.017105	0.018293	0.017593	0.01876	0.023998	0.020705	1.93E-02	0.016211	0.015315	0.020693	0.016365	0.021115	0.017527	0.020503	0.018794	0.019148	0.02639	0.032175	0.029272	0.027258	0.02539	0.023635	0.017473	0.020667	0.02057	0.02459	0.027274	0.023557	0.019932	0.023487	0.024557	0.019183	0.016143	0.015928	0.018799	0.019784	0.016461	0.025741	0.029674	0.025899	0.02685	0.030018	0.033319	0.028775	0.032809	0.038071	0.036572	0.039149	0.041321	0.038808	0.045107	0.050456	0.062968	0.063652	0.060219	0.064297	0.06743	0.06799	0.066113	0.060901	0.056408	0.053717	0.048472	0.04927	0.048926	0.053381	0.058997	0.067001	0.071921	0.075635	0.082034	0.090927	0.10831	0.12106	0.13378	0.14486	0.1616	0.15443	0.16227	0.15435	0.1525	0.14085	0.12744	0.12116	0.1056	0.092048	0.077507	0.06567	0.059133	0.053171	0.046318	0.04377	0.040473	0.02502	0.026841	0.019231	0.013861	0.019469	0.011883	0.011141	0.0045205	-0.00069304	-0.0034327	0.0026394	0.0016344	0.0024084	0.002348	-5.39E-04	-0.00024595	-1.97E-03	-0.0056208	0.00010576	4.72E-03	8.55E-04	-0.0010241	-0.0009724	-0.0041297	-0.0028245	0.00098143	9.73E-03	0.0049992	0.0049786	0.0085284	0.0067277	0.0081401	0.0029617	0.012292	0.015879	0.017435	0.019589	0.015705	0.021192	0.023389	0.026093	0.025966	0.029987	0.030959	0.03971	0.042997	0.034862	0.03445	0.035998	0.032992	0.035609	0.036827	0.034911	0.029275	0.025932	0.028469	0.028713	0.028834	0.029472	0.023399	0.019511	0.017089	0.014388	0.0097659	0.0085802	0.00018404	0.0015849	0.001025	0.0062211	-8.91E-05	-0.010154	-0.0058576	0.00052725	-0.00041987	-0.0070065	-0.0076037	-0.0065341	-2.15E-03	-0.00731	-0.0097955	-1.07E-02	-5.68E-03	-0.008738	-0.004127	-0.0092302	-0.003401	-1.04E-03	-3.67E-03	-1.01E-03	-4.07E-03	-1.53E-02	-1.64E-02	-0.0046776	-0.0051736	-2.95E-03	-0.0073614	-5.28E-03	-8.70E-04	0.00167	-0.00044795	-6.80E-03	-0.0083301	-0.0040842	-8.41E-03	-8.61E-03	-9.83E-03	-1.49E-02	-0.017098	-1.25E-02	-1.41E-02	-1.16E-02	-4.67E-03	-0.00683	-8.04E-03	-9.33E-03	-5.99E-03	-0.009484	-1.46E-02	-0.010868	-2.99E-03	-0.0057325	-0.0069964	-9.06E-03	-0.0062536	-1.29E-03	-5.91E-03	-8.62E-03	-9.83E-03	-0.0083132	-6.71E-03	-0.0044434	-0.0094712	-7.66E-03	-1.04E-02	-1.43E-03	-5.86E-03	-2.55E-03	-9.21E-03	-9.82E-03	-2.59E-03	-8.91E-03	-9.06E-03	-0.0050656	0.00011796	0.0043637	-0.0023892	1.42E-03	-0.0045436	-0.00392	-3.86E-03	-0.0064401	-0.0064539	-3.33E-03	-3.81E-03	-0.0045276	-0.00078953	-5.65E-03	-6.87E-03	-4.99E-03	-9.42E-03	-1.03E-02	-1.23E-02	-0.013561	-0.0066025	-7.08E-03	-4.70E-03	-4.22E-03	-5.97E-03	-2.51E-03	1.40E-03	-0.0047893	-6.10E-03	-0.0010768	-0.0041442	-0.0035595	-0.0042099	-5.55E-03	-6.55E-03	-1.02E-02	-9.91E-03	-2.31E-03	-1.27E-02	-0.008232	-5.06E-03	-6.09E-03	-0.0092533	-0.001868	-6.58E-03	-0.0061407	r
0.017978	0.019013	0.011859	0.014787	0.025922	1.47E-02	0.022644	0.022817	1.91E-02	0.027546	0.033929	0.033695	0.030622	0.035411	0.03247	0.025343	0.019138	0.032097	0.034602	0.030728	0.028617	0.033388	0.034161	0.028685	0.03441	0.032463	2.93E-02	0.030772	0.034063	0.042475	4.32E-02	0.042064	0.039437	0.042633	0.046382	0.038907	0.038168	0.047988	0.054504	0.051707	0.045527	0.041082	0.040971	0.039413	0.039616	0.041111	0.040524	0.041352	0.052801	0.050346	0.053786	0.046706	0.05333	0.05501	0.066262	0.064675	0.072542	0.072047	0.070242	6.32E-02	0.060958	0.062898	0.061288	0.051539	0.050891	5.04E-02	4.53E-02	0.042734	0.045019	0.042345	0.042614	0.048257	0.041211	0.038972	0.030887	0.037872	0.047546	0.043686	0.042617	0.041889	0.041855	0.053474	0.051759	0.061734	0.066723	0.062493	0.071845	0.055763	0.057589	0.06201	0.064352	0.058784	0.0571	0.059056	0.051618	0.050317	0.060352	0.061009	0.059275	0.064341	0.06682	0.062452	0.062271	0.060726	0.069346	0.068124	0.067951	0.076641	0.08187	0.076169	0.072356	0.063799	0.066586	0.067339	0.065743	0.063172	0.051885	0.05633	0.051579	0.050685	0.043503	0.042672	0.033886	0.034224	0.03356	0.024696	0.028122	0.033009	0.028793	0.021726	0.025002	0.026108	0.031141	0.02724	0.027929	0.025767	0.018164	0.032864	0.034686	0.032394	0.029666	0.034496	0.040951	0.049497	0.05514	0.040692	0.036275	0.033973	0.031031	0.035049	0.029154	0.018798	0.016186	0.017938	0.025813	0.017707	0.025633	0.028576	0.030829	0.019686	0.023873	0.03033	0.041568	0.047488	0.045331	0.043457	0.043165	0.032633	0.031828	0.042749	0.030404	0.034441	0.032441	0.023049	0.01324	0.021351	0.014778	0.0076502	0.012473	0.01625	0.02594	0.021813	0.014551	0.032577	0.043283	0.04074	0.041184	0.050775	0.056798	0.067154	0.061698	0.062932	0.066305	0.064562	0.073504	0.072813	0.071373	0.072061	0.076461	0.060943	0.043975	0.031484	0.017339	0.010702	0.0034475	0.0068541	0.002926	-0.0008401	0.0010996	0.00090154	0.0096212	0.0015731	-0.0010676	-0.0028009	0.0077772	0.0015151	0.021859	0.021745	0.022475	0.01919	0.027071	0.011555	0.014	0.020317	0.033646	0.031437	0.040179	0.033754	0.035388	0.034287	0.0405	0.040033	0.033274	0.021457	0.027446	0.028954	0.028728	0.033639	0.02923	0.023497	0.013878	0.0076696	0.014842	0.013728	0.010628	0.015812	1.78E-02	0.011757	0.011995	0.007555	0.017001	4.25E-03	0.0050614	0.0025259	5.02E-03	0.014334	0.013999	0.010677	0.0080766	0.0046504	1.20E-02	0.0056182	0.0069499	0.014594	0.012052	0.015572	0.0245	0.01754	0.019008	0.014976	0.022323	0.013296	0.0090061	0.0093126	0.013716	0.011388	0.0062584	0.0088999	0.0046957	0.012574	0.016145	0.0096255	0.015617	0.015754	0.015715	0.013951	0.010646	0.01603	0.021949	0.014679	0.0161	1.48E-02	0.010394	0.017435	0.016923	0.015226	0.015805	0.013939	0.014693	0.021133	0.026748	0.024058	0.01925	0.007644	0.0079396	0.015206	0.0158	0.019013	0.0051687	0.0022798	0.016922	0.016731	0.026113	0.019916	0.013371	0.013041	0.01518	0.019472	0.027402	0.03028	0.024957	0.026467	0.027051	0.033731	0.032782	0.037811	0.049746	0.045665	0.04934	0.038392	0.036703	0.02916	0.024691	0.031953	0.034814	0.028309	0.03221	0.035372	0.030931	0.035057	0.04827	0.047145	0.03598	0.036983	0.03811	0.044148	0.042969	0.033116	0.02656	0.035908	0.03822	0.030937	0.03401	0.040962	0.029445	0.032127	0.035462	0.029118	0.027489	0.035945	0.040205	0.038128	0.045552	0.045163	0.040406	0.044697	0.047924	0.046232	0.043432	0.057724	0.057083	0.052967	0.050479	0.053568	0.052107	0.052939	0.058548	0.056382	0.055096	0.046193	0.040822	0.029223	0.034772	0.034417	0.029675	0.032787	0.025892	0.023897	0.024768	0.027874	0.025381	0.019148	0.015767	0.015734	0.022516	0.015708	0.024778	0.026776	2.49E-02	0.020493	0.018708	0.016127	0.018513	0.012007	0.0070768	0.01467	0.01733	0.024225	0.021999	1.93E-02	0.024706	0.022943	0.019829	0.024874	0.027821	0.020152	0.016674	0.014754	0.013931	0.019081	0.012237	0.020356	0.015958	0.020077	0.017055	0.015899	0.027376	0.030204	0.026798	0.021621	0.022128	0.01954	0.012929	0.02023	0.01888	0.024064	0.025387	0.022226	0.017124	0.018929	0.023315	0.016631	0.014248	0.012432	0.01608	0.017471	0.01576	0.027185	0.030923	0.024423	0.025647	0.028543	0.0339	0.025373	0.030694	0.039839	0.034677	0.038684	0.040158	0.039439	0.041417	0.04845	0.065913	0.066994	0.057293	0.06189	0.065973	0.069883	0.062567	0.059973	0.05015	0.049119	0.049311	0.051729	0.047003	0.050276	0.056322	0.066198	0.070427	0.075719	0.084461	0.094814	0.11446	0.12526	0.13219	0.14537	0.16338	0.14918	0.15435	0.14652	0.14487	0.13009	0.12096	0.11656	0.10062	0.08844	0.075561	0.062548	0.054685	0.049192	0.0418	0.040094	0.043237	0.019263	0.025285	0.015797	0.007555	0.016972	0.0086343	0.0099672	-0.00026495	-0.0077971	-0.011787	-0.0028271	-0.003717	-0.0018606	-1.76E-03	-0.0050554	-6.89E-03	-0.011098	-0.013688	-0.0088951	-2.01E-03	-0.0069573	-2.02E-03	-0.00020119	-0.0065273	-0.011413	-0.0030921	0.0073302	-0.00060078	-0.0024205	0.003667	6.11E-03	0.0034523	-0.00064987	0.01033	1.32E-02	0.013007	0.012066	0.010686	0.015914	0.020981	0.01871	0.020057	0.027731	0.027053	0.038276	0.041052	0.032774	0.034322	0.034957	0.029032	0.032806	0.035248	0.032435	0.025068	0.021765	0.021495	0.025466	0.026323	0.025773	0.021571	0.020925	0.017437	0.013621	0.0092084	0.0079793	-0.004615	-1.40E-03	1.24E-05	3.34E-03	-0.0022493	-0.015166	-0.0067541	0.0017851	1.67E-03	-0.0056813	-0.0096272	-9.50E-03	-2.86E-03	-0.012309	-0.015264	-1.36E-02	-8.33E-03	-0.0079581	-0.0025435	-1.15E-02	-6.20E-03	-0.00016804	-0.0034949	-7.89E-04	-6.18E-03	-1.73E-02	-1.91E-02	-0.0036089	-0.0064631	-8.16E-04	-0.00491	-2.45E-04	1.71E-04	6.63E-03	0.00011927	-8.39E-03	-0.0092196	-0.0035596	-7.39E-03	-1.01E-02	-9.39E-03	-1.79E-02	-1.67E-02	-0.00721	-0.012861	-1.38E-02	-0.0042674	-0.0061659	-0.0039191	-0.0065384	-5.23E-03	-0.014399	-1.74E-02	-1.42E-02	-5.82E-03	-1.09E-02	-1.14E-02	-0.0098324	-0.0082905	-3.82E-03	-0.0048688	-8.23E-03	-0.013894	-0.011057	-1.03E-02	-5.59E-03	-8.08E-03	-0.0046915	-0.010577	-0.00033878	-7.51E-03	-6.08E-03	-1.32E-02	-1.20E-02	-4.34E-03	-6.32E-03	-0.0082268	-0.0067076	3.80E-04	1.99E-03	-4.90E-03	-1.23E-03	-0.0063445	-1.39E-03	-0.0040535	-1.00E-02	-8.06E-03	-5.72E-03	-0.0010419	-0.0041432	8.46E-04	-9.08E-03	-0.0058275	-5.01E-03	-0.0094412	-0.0089547	-1.04E-02	-1.54E-02	-7.72E-03	-1.27E-02	-8.31E-03	-5.87E-03	-5.40E-03	-2.33E-03	0.0037283	-3.45E-03	-2.71E-03	0.003341	-8.45E-04	4.39E-05	-0.0037133	-0.0064441	-0.0065967	-1.25E-02	-1.57E-02	-0.003823	-1.24E-02	-4.00E-03	-1.90E-04	-0.0071714	-1.41E-02	-5.72E-03	-0.0068905	-8.21E-03	r
2.93E-02	0.021442	0.010353	0.017123	3.45E-02	0.016537	0.022068	0.027226	0.023059	0.035871	0.043419	0.038741	0.033714	0.043568	0.038224	0.029643	0.01096	0.030477	0.034107	0.027364	0.023133	0.034649	0.036554	0.024161	0.037201	0.037754	0.024506	0.028704	0.034043	0.042544	0.04582	0.045297	0.039843	0.049823	0.05305	0.048457	0.045458	0.062295	0.068669	0.054099	0.051637	0.051249	0.045006	0.037036	0.042509	0.047638	0.04358	0.046561	0.067257	0.06167	0.062265	0.049878	0.060346	0.06523	0.079876	0.073747	0.083621	0.082497	0.083103	0.072726	0.06583	0.070871	6.95E-02	0.054051	0.051312	0.053719	0.051511	0.051287	0.047675	0.042173	0.046425	0.053601	0.049714	0.044921	0.036386	0.042797	0.049472	0.043899	0.041306	0.041236	0.036618	0.05766	0.051089	0.063525	0.076414	0.058175	0.083513	0.056409	5.75E-02	5.75E-02	0.069028	0.065861	0.063586	0.065585	0.052745	4.91E-02	0.062092	0.064337	0.068797	0.075009	0.078339	0.071161	0.066218	6.61E-02	0.075158	0.069102	0.077128	0.090123	0.087202	0.075667	0.068781	5.57E-02	0.064085	0.074529	0.071595	0.066931	0.048873	0.062489	0.051415	0.056197	0.046852	0.046833	0.034306	0.02934	0.028342	0.02115	0.026883	0.027065	0.023435	0.010765	0.016289	0.019639	0.027767	0.021201	0.013758	0.021074	0.012936	0.035936	0.036435	0.035472	0.022357	0.027384	0.034785	0.042272	0.049801	0.031784	0.029953	0.030905	0.029663	0.030894	0.028162	0.01487	0.016091	0.016173	0.030369	0.019688	0.02288	0.031251	0.036673	0.026255	0.021848	0.031224	0.050134	0.054108	0.041973	0.039593	0.038255	0.028224	0.031578	4.75E-02	0.030789	0.041861	0.037447	0.018294	0.0108	0.025714	0.013751	0.0059896	0.012171	0.016806	0.030555	0.021566	0.0099528	0.035663	0.050826	0.044564	0.039486	0.054625	0.052239	0.068261	0.060787	0.060381	0.057993	0.059051	0.07355	0.067112	0.067032	0.064887	0.074024	0.050908	0.035284	0.025197	0.0082605	0.00079824	-0.0064754	-0.0039766	-0.0032658	-0.0030469	0.0045913	-0.0015846	0.006638	-0.0065781	-0.012436	-0.011165	0.012036	7.29E-05	0.027711	0.022859	0.022043	0.016509	0.032493	0.0047529	0.0058925	0.01326	0.032983	0.027617	0.039417	0.030037	0.034226	0.03117	0.044924	0.042097	0.033794	0.012194	0.026449	0.028711	0.027857	0.038208	0.038247	0.028046	0.0085165	0.0018412	0.0098196	0.011993	0.0021164	0.016488	0.01795	0.008701	1.31E-02	0.01142	0.026836	0.005388	0.0060241	0.0040305	-1.13E-03	0.0088672	0.0068351	0.0035944	0.0037131	-5.22E-03	0.002912	0.001976	0.0019448	0.0063456	0.00496	0.011103	0.02348	1.47E-02	0.015587	0.0038256	0.019451	0.010504	-0.0010855	-2.89E-03	0.011107	0.012355	0.0054864	0.010081	0.0080588	0.014219	0.012444	-0.00081212	0.012412	1.37E-02	0.017573	0.014317	0.008509	0.017751	0.024733	0.021851	0.012521	0.010483	0.0023258	1.89E-02	0.020689	0.01597	0.015216	1.49E-02	0.012952	0.021358	0.02353	0.021591	0.015929	0.0039797	0.0039961	0.0159	0.019413	0.01667	-0.0028078	-0.0045134	0.021722	0.018507	0.033649	0.025759	0.013258	9.02E-03	0.014155	0.01433	0.021167	0.028496	0.021315	0.018883	0.017324	2.95E-02	0.030736	0.042721	0.05882	0.048133	0.044722	0.031257	0.030305	0.01747	0.011503	0.022877	0.033602	0.023556	0.027754	0.033192	0.025109	0.037248	0.057325	0.046933	0.028766	0.031883	0.032664	0.037826	0.035885	0.029747	0.022537	0.031234	0.032421	0.026512	0.037555	0.046187	0.025642	0.03009	0.038823	0.035357	0.027634	0.032744	0.037937	0.04386	0.048323	0.045	0.035976	0.040442	0.050269	0.048274	0.045683	0.066541	0.067937	0.058694	0.047405	0.055638	0.050848	0.055744	0.063783	0.059636	0.051645	0.039551	0.035485	0.019039	0.033038	0.031199	0.023714	0.031624	0.01749	0.018431	0.020787	0.025119	0.024151	0.0129	0.0097474	0.014964	0.021929	0.013484	0.018298	0.021809	0.023759	0.017654	0.013516	0.0114	1.76E-02	0.011268	0.0073927	0.012944	0.019016	2.05E-02	2.28E-02	0.028163	0.040732	0.032866	0.0251	0.0372	0.031245	0.019659	0.00891	0.01155	0.012308	0.018406	7.57E-03	0.022056	0.015212	2.16E-02	0.016633	0.010923	0.027395	0.024315	0.023805	0.014709	0.017255	0.010905	0.0043873	0.017628	0.015884	0.023495	0.021843	2.01E-02	0.013454	0.011495	2.17E-02	0.013682	0.013363	0.0044101	0.0093762	1.24E-02	0.013816	0.028718	0.029871	0.018412	2.24E-02	0.02643	0.034595	0.018509	0.026731	0.042676	0.034763	0.037369	0.039355	0.04149	0.032873	0.044004	0.067037	0.068311	0.04886	0.052275	0.056837	0.071883	0.05708	0.059033	0.038711	0.038216	0.0511	0.058624	0.045387	0.046206	0.052582	0.06235	0.064559	0.073922	0.085586	0.098024	0.11806	0.12423	0.12419	0.14116	0.15907	0.13905	0.13862	0.12969	0.13114	0.11279	0.11136	0.10814	0.088089	0.079875	0.071345	0.057594	0.04751	0.045198	0.036335	0.034622	0.046896	0.01025	2.18E-02	0.01217	0.0018232	1.53E-02	0.009904	0.012851	-0.002623	-0.014357	-1.96E-02	-0.0101	-0.0085789	-0.0040547	-0.0036566	-0.0088136	-0.017578	-0.024243	-2.32E-02	-2.30E-02	-0.0116	-1.68E-02	-2.18E-03	0.0014934	-7.48E-03	-2.37E-02	-0.010362	1.99E-03	-0.0088674	-1.25E-02	-0.0033434	0.0075239	0.0011439	-0.0027119	0.0082399	0.0084788	6.62E-03	0.0048041	0.0044324	0.010496	0.019054	0.0095101	0.013197	0.026438	0.022316	0.037385	0.038186	0.032344	0.035504	0.03404	0.023034	0.026047	0.030461	0.023713	0.01866	0.012381	0.0086467	0.018857	0.021365	0.018401	0.018479	0.02207	0.016803	0.012977	0.0097139	0.0070677	-0.010277	-5.16E-03	-0.003452	-0.0031661	-7.13E-03	-2.06E-02	-0.0061999	0.0065448	0.007485	-1.65E-03	-0.011915	-1.26E-02	-0.0022787	-1.74E-02	-1.97E-02	-0.012998	-0.0080786	-0.004155	-0.0011153	-1.22E-02	-0.0086653	0.0031107	-0.0008793	3.76E-04	-1.09E-02	-1.66E-02	-2.08E-02	-3.20E-03	-0.0075926	0.0056124	0.0054715	0.0096919	0.00077688	1.27E-02	0.00023547	-1.11E-02	-1.13E-02	-4.28E-03	-0.0063738	-0.013716	-7.28E-03	-2.11E-02	-0.013394	0.0041773	-8.10E-03	-0.017398	-4.16E-03	-0.0048932	3.98E-03	-1.15E-03	-4.53E-03	-0.020103	-2.00E-02	-2.05E-02	-1.05E-02	-1.73E-02	-1.86E-02	-0.011056	-0.013869	-0.011686	-0.0050064	-1.04E-02	-1.90E-02	-0.015812	-1.89E-02	-0.0074937	-2.48E-03	1.04E-03	-0.0075181	2.80E-03	-8.45E-03	-0.010972	-1.96E-02	-1.47E-02	-9.31E-03	0.0012904	-5.83E-03	-1.01E-02	3.12E-04	-0.0026668	-0.0081377	-0.0055128	-0.0093163	3.67E-03	-3.56E-03	-1.54E-02	-7.41E-03	-1.14E-02	0.0017386	-5.43E-03	0.0011894	-1.40E-02	-0.0026028	-4.54E-03	-8.59E-03	-8.17E-03	-4.66E-03	-1.29E-02	-5.13E-03	-1.74E-02	-0.011008	-4.40E-03	0.0016599	5.39E-04	0.0097878	0.0029822	0.004118	0.010022	4.93E-03	0.0060473	-0.00028479	-5.21E-03	-3.66E-03	-0.015667	-2.35E-02	-0.008193	-9.85E-03	5.15E-03	8.84E-03	-0.0074938	-2.36E-02	-1.38E-02	-0.0049621	-0.0090847	x
2.37E-02	0.024056	2.00E-02	2.86E-02	1.64E-02	1.26E-02	0.012256	1.10E-02	0.010109	2.48E-02	0.023269	0.017898	0.012759	0.011711	0.011387	1.91E-02	0.017656	0.012182	0.011377	0.0098933	1.36E-02	0.0056348	1.67E-02	1.48E-02	0.012754	0.018117	1.62E-02	0.016074	0.018368	0.016331	0.014313	0.015868	1.33E-02	0.022148	0.021525	2.00E-02	0.020664	0.017384	1.93E-02	0.014504	0.0099524	0.014702	0.014737	1.50E-02	1.89E-02	0.015385	0.020839	0.017114	0.020577	0.019097	0.022976	0.023835	0.027065	0.019958	0.027775	0.021962	0.022475	0.028123	0.020876	0.020366	1.10E-02	0.014331	0.016878	0.020615	0.029887	0.035625	0.035444	0.043468	0.04407	4.27E-02	0.030173	0.025907	0.027735	0.020602	0.025579	2.51E-02	0.0148	0.02262	0.021568	0.021892	0.031331	0.035191	0.046256	0.050155	0.058282	0.056675	0.07884	0.082716	0.079614	0.076806	0.066807	0.06567	0.054891	0.047711	0.041826	0.044275	0.038417	0.040848	0.029523	0.024435	0.036501	4.65E-02	0.035701	0.035845	0.035735	0.037839	0.037566	0.037112	0.030939	0.050608	0.052441	0.05571	0.051249	0.054671	0.065476	0.073722	0.063917	0.062275	0.061261	0.047273	0.047652	0.043411	0.030686	0.033076	0.028408	0.02463	0.023061	0.03748	0.041563	0.036939	0.039779	0.027921	0.032186	0.037363	0.050249	0.044976	0.03901	0.031557	0.033655	0.028575	0.033583	0.037004	0.034645	0.037113	0.036836	0.040633	0.052181	0.05001	0.04589	0.038418	0.04226	0.038013	0.02848	0.027181	0.029091	0.031294	0.032767	0.022388	0.018392	0.02357	0.030222	0.043211	0.049587	0.056877	0.062603	0.056454	0.063782	0.059836	0.05535	0.050767	0.036462	0.032265	0.033437	0.027172	0.016254	0.015372	0.023845	0.022571	0.015897	0.015067	0.016994	0.015681	0.019808	0.018725	0.022973	0.022984	0.028219	0.048849	0.066776	0.063666	0.07462	0.078373	0.083423	0.074486	0.09374	0.10585	0.11467	0.11435	0.11658	0.093684	0.075644	0.051367	0.038123	0.029617	0.0073467	0.0068828	0.013572	0.020213	0.012159	0.013301	0.0080722	0.0088166	0.0014616	0.020961	0.016166	0.012103	0.005065	0.010972	0.015728	0.014735	0.023938	0.034214	0.042134	0.066116	0.094361	0.12371	0.12825	0.12199	0.098591	0.082496	0.068928	0.055685	0.049807	0.043139	0.034875	0.03579	0.038876	0.042985	0.03433	0.028173	0.019736	0.015854	0.027942	0.016613	0.0049125	0.0012593	0.0052184	0.0069837	0.011536	0.01068	0.0090423	0.0065625	0.015407	0.011375	0.018824	0.015008	0.0082257	5.56E-03	0.0041763	1.52E-02	0.015195	0.011045	0.012655	0.019971	0.012414	0.011162	0.014641	0.014488	0.015708	0.01254	0.0066965	0.0022825	0.012678	1.50E-02	0.012219	0.018919	0.011897	0.013344	0.022638	0.031098	0.025479	0.020104	0.028411	0.031398	0.027689	0.021133	0.0232	0.015745	0.011133	0.0013528	-0.0023272	0.010903	0.019727	0.015471	0.014541	0.025025	0.0219	0.014135	0.015366	0.017588	0.014146	0.019366	0.02291	2.92E-02	0.025015	0.027855	0.03162	0.039503	0.038898	0.03122	0.023671	0.020584	0.018632	0.029008	0.037499	0.038594	0.043828	0.041483	0.03513	0.029975	0.033497	0.032796	0.03269	0.036619	3.35E-02	0.023205	0.046016	0.054253	0.056939	0.05811	0.063993	0.055711	0.058134	0.049215	0.051326	0.058864	0.061562	0.056642	0.049906	0.046412	0.04946	0.051655	0.049127	0.047008	0.05565	0.055798	0.04713	0.047719	0.046204	0.041462	0.036519	0.041732	0.04758	0.050154	0.036196	0.023689	0.032844	0.039662	0.0465	0.053411	0.062052	0.056417	0.049502	0.059206	0.056003	0.062387	0.061539	0.063373	0.065377	0.074705	0.073984	0.070742	0.063759	0.06085	0.061875	0.074823	0.077334	0.086454	0.091779	0.10748	0.12155	0.14166	0.14322	0.12477	0.095657	0.075232	0.059883	0.056917	0.053618	0.038743	0.042153	0.056502	0.049711	0.047548	0.042559	0.035467	0.033555	0.033415	0.035593	0.03638	0.043887	0.041513	0.02939	0.026514	0.030647	0.030323	0.029628	0.03546	0.03352	0.023444	0.032413	0.023594	0.027644	0.028803	0.031326	0.024705	0.026749	0.025997	0.021512	0.026701	0.024609	0.021609	0.0087353	0.014987	0.021504	0.017883	0.018514	0.01748	0.027358	0.018302	0.020098	0.025642	3.42E-02	0.02892	0.029003	0.029475	2.98E-02	0.034561	0.028831	0.024786	2.38E-02	0.019256	0.020868	0.025412	0.023224	0.018407	1.65E-02	0.009821	0.012237	0.010803	0.018584	0.015279	0.0058204	0.003879	2.68E-04	-3.12E-03	0.00052025	0.0069701	0.0063281	0.017121	0.021073	0.0239	0.023707	0.025012	0.028692	0.0192	0.018132	0.027958	0.029258	0.028411	0.025974	0.02698	0.031756	0.036396	0.042174	0.045457	0.044483	0.041478	0.046749	0.045216	0.048888	0.05556	0.05278	0.047667	0.05547	0.052291	0.062976	0.067609	0.06457	0.059679	0.057293	0.057537	0.052747	0.047127	0.052177	0.045563	0.038086	0.028659	0.032306	0.029437	0.028349	0.028435	0.033446	0.030144	0.03278	0.032493	0.031177	0.038236	2.74E-02	0.020858	0.020692	0.026885	0.033697	0.033874	0.034719	0.030769	0.025897	0.022489	0.018892	0.017513	0.012625	0.015845	0.013513	0.015529	0.012861	0.011578	0.0099724	0.014356	0.023934	0.016452	0.015821	0.012531	0.012202	0.01872	0.014008	0.010661	0.010951	0.017117	0.023716	0.024368	0.023382	0.031105	0.039416	0.044005	0.042359	0.046697	0.055642	0.061791	0.061562	0.057538	0.053309	0.060649	0.059832	0.06131	0.064189	0.050337	0.0435	0.049939	0.05659	0.04319	0.047768	0.048972	0.043168	0.03378	0.025526	0.021846	0.021473	0.027969	0.035504	0.021323	0.014635	0.012473	0.021874	0.018426	0.015506	0.024028	0.018649	0.015707	0.0183	0.0058616	0.013086	0.01029	0.007067	0.0031042	0.0067259	0.0064256	0.010603	0.0036718	-0.0017127	0.0036335	-0.001097	0.00049813	0.002912	0.0080112	0.0034056	0.0055816	0.00049159	0.0077816	0.005104	1.51E-02	0.002502	0.0034212	-0.00053126	0.0045924	0.010688	0.0072948	-0.0041631	-0.0052544	0.011843	0.0084213	0.0058762	0.0091724	0.0066473	0.0068969	6.92E-03	-0.0035757	0.0012111	0.0012156	-0.0049694	-0.00057018	-2.33E-05	-3.02E-04	9.53E-03	0.0093019	0.0082255	0.01371	0.02044	0.010161	0.0050783	0.010449	0.0088388	0.0013181	2.78E-03	0.012293	1.08E-02	0.0075547	-0.0010842	2.48E-03	0.0026632	0.00069775	0.0013878	-0.003996	0.0080743	0.01425	0.013613	0.015162	0.010119	1.29E-02	0.017192	0.017386	0.017139	0.0084539	0.0057176	0.0081828	0.0057432	0.0025794	7.53E-03	-0.00074143	-0.002204	-0.0078134	0.00098834	0.003594	1.36E-03	-5.29E-03	-3.91E-03	0.0029765	-0.003396	2.80E-03	0.0079038	9.60E-03	0.013791	0.011298	-0.00051323	6.88E-03	0.0014484	0.00019219	0.0037413	3.18E-03	-0.0034314	0.0020579	0.0026012	4.60E-04	0.0073233	-0.0030538	-3.27E-03	0.0036936	0.0015301	-6.45E-05	0.0031816	0.010729	0.0043927	9.80E-03	x
0.021782	2.28E-02	0.023799	0.016319	0.026407	0.015853	0.012847	1.25E-02	0.010946	1.28E-02	2.08E-02	1.95E-02	0.01287	0.011564	1.30E-02	1.32E-02	1.63E-02	1.51E-02	1.40E-02	8.97E-03	9.80E-03	0.013829	0.0090842	0.019297	0.018064	0.015682	0.019543	0.018707	2.02E-02	1.79E-02	1.70E-02	0.018454	0.021973	0.017948	0.02251	2.29E-02	0.022653	2.21E-02	0.022185	0.023728	0.017767	1.50E-02	0.018373	0.017611	0.018431	1.89E-02	0.014359	0.020623	1.90E-02	0.02287	0.020965	0.025854	0.028526	3.20E-02	0.02627	3.44E-02	0.028841	0.028077	0.033968	0.029203	0.026154	0.017783	0.021604	0.025142	0.025793	0.032362	0.033164	0.037163	0.043098	0.044904	0.04158	0.030663	0.027726	0.029935	0.020326	0.024847	0.027252	0.022433	0.027608	0.026283	0.027442	0.032992	3.91E-02	0.050899	5.42E-02	0.059452	0.062155	0.081189	0.085056	0.083144	0.078626	0.068859	0.067577	0.057046	0.0494	0.046352	0.047866	0.041719	0.042994	0.034731	0.030635	0.035865	0.043067	0.035144	0.038519	0.039669	0.041652	0.04036	0.039327	0.039286	0.053512	0.056717	0.061491	0.061756	0.064444	0.070252	0.072375	0.063971	0.05865	0.05634	0.044867	0.045932	0.042764	0.030631	0.032686	0.02816	0.027794	0.027083	0.036374	0.040059	0.038784	0.043417	0.032706	0.034139	0.038369	0.049809	0.045169	0.041408	0.037285	0.036726	0.033762	0.037143	0.040533	0.040064	0.045879	0.045085	0.046541	0.055788	0.052787	0.047949	0.038446	0.038841	0.037592	0.029435	0.026202	0.029784	0.030115	0.029167	0.023516	0.020636	0.026971	0.031613	0.043182	0.050025	0.056109	0.065655	0.062131	0.064558	0.061154	0.054983	0.048354	0.035623	0.029395	0.029242	0.025955	0.017678	0.015	0.021498	0.02171	0.014575	0.014384	0.015726	0.018205	0.020847	0.02386	0.028486	0.027767	0.031995	0.056011	0.070869	0.069937	0.079971	0.083561	0.091456	0.085108	0.09979	0.10742	0.11767	0.11927	0.11576	0.097734	0.075381	0.056004	0.040287	0.031369	0.012078	0.011089	0.014774	0.016779	0.015944	0.01945	0.013006	0.012873	0.0076141	0.01923	0.01695	0.016051	0.013097	0.015305	0.019003	0.019998	0.029843	0.041465	0.048557	0.069265	0.090579	0.11786	0.12214	0.11479	0.093892	0.076369	0.063436	0.051023	0.046898	0.041393	0.035119	0.036856	0.038479	0.03774	0.033062	0.028797	0.019664	0.019418	0.027227	0.013897	0.0069956	0.0032922	0.0058133	0.0082298	0.0085798	9.46E-03	0.0046629	0.0070451	0.013963	0.0099307	0.016827	0.014901	8.94E-03	0.0073945	0.0068957	0.015552	0.011991	0.010401	0.013083	0.017468	0.012862	0.010734	0.012219	1.17E-02	0.011892	0.010717	0.0089276	0.0072605	0.015045	0.020416	0.014661	0.021818	0.016913	0.01802	0.022038	0.029654	0.025292	0.021234	0.025985	0.029795	0.026009	0.020654	0.019592	0.012374	1.12E-02	0.0058238	0.0031928	0.01222	0.017126	0.013303	0.013927	0.02335	0.018823	0.012852	0.016958	0.016746	0.016011	0.022711	0.028937	0.03025	0.025915	0.028096	0.029096	0.035617	0.037599	0.031194	0.023871	0.022325	0.018055	0.023803	0.034192	0.037081	0.042469	0.039965	0.034631	0.029995	0.032544	0.030355	0.032368	0.037092	0.032371	0.027532	0.046558	0.054202	0.054314	0.05536	0.058178	0.052448	0.055589	0.048506	0.048816	0.055767	0.054697	0.050759	0.043092	0.045114	0.050362	0.05193	0.048755	0.047195	0.05414	0.053389	0.044807	0.043236	0.041578	0.036699	0.034276	0.039133	0.040893	0.042276	0.037256	0.028693	0.034333	0.041213	0.048226	0.054364	0.061367	0.056182	0.052209	0.058883	0.056016	0.063074	0.061492	0.065111	0.067685	0.074498	0.071237	0.068946	0.064112	0.062599	0.06468	0.069843	0.072465	0.079931	0.082802	0.097073	0.10946	0.12806	0.13135	0.11429	0.087711	0.067753	0.055577	0.052924	0.048441	0.036213	0.039243	0.04807	0.042749	0.042115	0.036097	0.030031	0.031547	0.030117	0.031676	0.031654	0.037315	0.035436	0.026949	0.028817	0.028625	0.027494	0.030521	0.033932	0.029047	0.02206	0.0305	0.02364	0.023544	0.0249	0.027111	0.020904	0.023525	0.026854	0.022982	0.029038	0.027433	0.024543	0.010538	0.015158	0.019658	0.01776	0.018294	0.018595	0.025605	0.017421	0.018964	0.024258	0.029381	0.027728	0.026709	0.02711	0.026851	0.033603	0.028778	0.02571	0.022903	0.019597	0.024632	0.026782	0.023455	0.020201	0.018825	0.013727	1.50E-02	0.012662	0.017453	0.016341	0.01057	0.007834	0.0047849	0.0050281	0.010897	0.011241	0.0079896	0.017798	0.024859	0.026539	0.028922	0.029852	0.029859	0.025136	0.022631	0.029877	0.029792	0.028898	0.028339	0.030233	0.031312	3.53E-02	0.041004	0.044218	0.044262	0.044396	0.047595	0.04827	0.052034	0.060368	0.061261	0.06037	0.069805	0.071275	0.078875	0.080966	0.078502	0.073281	0.069756	0.066405	0.058861	0.050046	0.051206	0.047178	0.042042	0.035271	0.0362	0.033632	0.031305	0.028436	0.034867	0.032945	0.036409	0.033519	0.032419	0.033917	0.025246	0.019074	0.018456	0.02427	0.028753	0.025258	0.027716	0.022016	0.018897	0.016225	0.014094	0.015319	0.015106	0.014342	0.011124	0.016995	0.014585	0.01164	0.010532	0.013154	0.018711	0.014536	0.01826	0.01575	0.012669	0.017468	0.014098	0.012842	0.013591	0.017165	0.02264	0.020882	0.024695	0.030816	3.92E-02	0.043407	0.041881	0.045002	0.052463	0.05471	0.057743	0.053857	0.048541	0.053554	0.054041	0.057868	0.054652	0.043747	0.03885	0.044489	0.051118	0.041858	0.042665	0.042076	0.037635	0.029991	0.024662	0.020195	0.021721	0.024251	0.029145	0.019377	0.014583	0.012984	0.020332	0.015175	0.012075	0.019329	0.0146	0.014417	0.019517	0.0091015	0.012939	0.011408	0.0080796	0.0020675	0.0075597	0.0042939	0.010325	0.0061778	1.03E-03	0.0052379	0.0012953	0.0011607	0.00020471	0.0046791	0.00081828	0.0040464	0.0021497	0.0087617	0.005929	0.012564	0.0025073	0.0040277	-0.00046913	0.0019388	0.0076963	0.0033881	-0.0048114	-0.00044719	0.0096877	0.0088119	7.53E-03	0.010085	0.0064297	0.0039046	0.0021133	-4.91E-03	0.00063478	-0.00027294	-0.0040276	0.00059392	-0.0026811	-0.0020117	0.0041017	7.34E-03	0.0087285	0.013141	0.015242	6.56E-03	0.0044082	0.0075722	0.006924	2.16E-03	2.02E-03	0.0074712	0.0047248	5.38E-03	0.00020746	0.00069982	0.002863	0.0021236	0.0026515	-0.0010712	0.0075944	0.011972	9.63E-03	1.13E-02	5.53E-03	0.0096097	1.49E-02	0.013061	0.012614	0.0066397	0.0070912	0.0034436	-2.43E-04	0.00021455	3.36E-03	-1.32E-03	-0.001051	-7.50E-03	-2.00E-03	7.55E-04	-4.30E-03	-9.27E-03	-0.0039408	0.0056358	-0.00073983	0.001758	0.0061131	0.0086729	8.65E-03	0.0041622	-0.0027002	3.24E-03	0.0011057	4.67E-05	0.00026268	2.22E-03	-3.84E-03	-0.00063971	-0.00086264	-2.22E-03	0.00381	-3.55E-03	-0.002612	7.91E-04	-4.48E-05	-1.78E-03	3.57E-03	8.48E-03	2.81E-03	x
1.72E-02	0.020342	0.021455	0.012563	0.022799	0.01432	0.01292	1.21E-02	0.010564	1.43E-02	0.018806	0.016798	0.010274	0.012394	0.014104	0.015411	1.50E-02	0.014093	0.015361	0.009502	1.23E-02	1.72E-02	1.38E-02	0.022623	0.021825	1.96E-02	0.02182	0.020708	2.39E-02	0.018594	1.85E-02	0.021852	0.025625	0.020733	2.30E-02	2.42E-02	0.024058	0.022895	0.025711	2.71E-02	0.02136	0.019941	0.021476	0.020497	0.021632	2.06E-02	0.01385	0.019446	0.020735	0.024749	2.17E-02	2.71E-02	0.0316	0.036426	0.033611	0.039325	3.39E-02	0.033867	3.92E-02	0.03645	0.030632	0.024799	0.027657	0.02981	0.028608	0.0331	3.25E-02	0.038374	0.041191	4.43E-02	0.040364	0.032082	0.02856	0.030893	0.021213	2.59E-02	0.02961	0.028028	0.032524	0.03147	0.03234	0.036151	0.043221	0.053549	0.056473	0.058893	0.065589	0.081245	0.085751	0.085129	0.079291	0.069586	0.067663	0.058835	0.051891	0.049533	0.050485	0.045204	0.045325	0.039473	0.036593	0.036925	0.041907	0.037227	0.041482	0.042304	0.045363	0.045045	0.044487	0.047276	0.056384	0.06044	0.065556	0.067902	0.069458	0.072345	0.069819	0.062452	0.054881	0.052244	0.043447	0.044572	0.042659	0.031458	0.032186	0.028246	0.031226	0.029886	0.034622	0.03836	0.039718	0.044599	0.035902	0.03544	0.038873	0.04791	0.043356	0.042318	0.040436	0.038247	0.037294	0.040133	0.042419	0.044635	0.051886	0.051502	0.051143	0.057373	0.053326	0.047127	0.038532	0.036415	0.036949	0.030687	0.025894	0.029006	0.027415	0.025095	0.02429	0.024389	0.030983	0.033981	0.042751	0.049839	0.054486	0.064328	0.06328	0.063878	0.059276	0.05281	0.04455	0.033432	0.026566	0.024923	0.023585	0.017206	0.013318	0.018111	0.019661	0.013118	0.013708	0.015073	0.020871	0.022219	0.027989	0.033208	0.033907	0.037955	0.061242	0.07422	0.074699	0.084046	0.087238	0.09562	0.09194	0.1026	0.10718	0.11677	0.11922	0.11087	0.095192	0.071504	0.056569	0.041183	0.031343	0.014556	0.014039	0.015279	0.01402	0.017034	0.022834	0.016654	0.015435	0.012736	0.017441	0.016847	0.019969	0.019304	0.019956	0.022979	0.024928	0.035254	0.047233	0.054541	0.071334	0.086634	0.10835	0.11147	0.10294	0.084781	0.067759	0.055595	0.046005	0.043073	0.039231	0.035221	0.036513	0.036708	0.032472	0.030393	0.0281	0.020526	0.022291	0.025425	0.012149	0.0092088	0.0060787	0.0065553	0.008603	0.0068357	0.0093076	0.0035858	0.0093548	0.014169	0.010456	1.55E-02	0.013207	0.010282	0.0083851	0.0087022	0.014271	0.010753	0.010894	0.013632	0.015999	0.014871	0.012877	0.01362	0.011551	0.010347	0.01072	0.011784	0.011602	0.017656	0.022338	0.016283	0.022401	0.019501	0.021434	0.022286	0.027101	0.023447	0.021694	0.023423	0.02618	0.022931	0.020113	0.017269	0.009557	0.011365	0.0099688	0.0084626	0.014339	0.016544	0.011642	0.012897	0.021317	0.01737	0.013573	0.018553	0.016254	0.017392	0.022426	0.03135	0.029365	0.025725	0.026859	0.025403	0.029933	0.032745	0.028022	0.022466	0.021765	0.018137	0.02078	0.030505	0.034493	0.040447	0.038124	0.03397	0.030406	0.032153	0.029117	0.031176	0.035119	0.031667	0.031265	0.046318	0.052486	0.050769	0.052069	0.052091	0.047674	0.051522	0.047516	0.045577	0.050717	0.048204	0.045851	0.03885	0.043307	0.048533	0.04978	0.047137	0.045277	0.050307	0.049165	0.041626	0.038649	0.038826	0.035006	0.032954	0.036729	0.036594	0.036442	0.037634	0.032061	0.035902	0.041941	0.048838	0.053232	0.057778	0.053048	0.052694	0.057452	0.055912	0.062482	0.060486	0.063324	0.066794	0.072136	0.067972	0.066924	0.064039	0.064046	0.066952	0.067145	0.067641	0.072504	0.074337	0.085382	0.095753	0.11109	0.11512	0.10021	0.077983	0.060261	0.050534	0.047222	0.042885	0.033751	0.035247	0.039309	0.035639	0.035174	0.031336	0.02595	0.029554	0.027066	0.028052	0.028958	0.031514	0.03036	0.024139	0.028855	0.025576	0.023261	0.028684	0.029999	0.023959	0.020871	0.028314	0.021944	0.020726	0.021696	0.024471	0.019656	0.022254	0.026726	0.023929	0.028774	0.028451	0.026145	0.014089	0.016526	0.020042	0.019941	0.020184	0.020563	0.025247	0.017483	0.017724	0.02259	0.025932	0.026731	0.024529	0.024486	0.025233	0.031228	0.026768	0.025481	0.02165	0.019266	0.025185	0.025113	0.022486	0.019664	0.019687	0.016635	0.017702	0.016148	0.018649	0.01801	0.015917	0.014177	0.011328	0.014026	0.018955	0.017448	0.014065	0.022853	0.030525	0.032241	0.035838	0.035293	0.033978	0.033254	0.029979	0.035053	0.033592	0.03197	0.032846	0.034668	0.035433	0.037936	0.04299	0.045842	0.046888	0.049643	0.052716	0.054902	0.059324	0.070639	0.07483	0.07874	0.089199	0.094116	0.098494	0.09916	0.096424	0.090155	0.085316	0.078177	0.068037	0.056843	0.05503	0.051312	0.048258	0.042407	0.04077	0.037534	0.034835	0.029098	0.03507	0.034956	0.037829	0.034569	0.033705	0.031016	0.024442	0.018741	0.017474	0.023074	0.02471	0.019745	0.02304	0.015997	0.015064	0.012957	0.012049	0.014439	0.017148	0.012969	0.0087968	0.016815	0.015529	0.011547	0.011486	0.012107	0.0151	0.013719	0.019064	0.019974	0.014086	0.017257	0.014648	1.67E-02	0.018266	0.018232	0.02216	0.02006	0.02716	0.031634	3.88E-02	0.041961	0.041357	0.044009	0.049997	0.050178	0.055065	0.050972	0.04482	0.046583	0.048168	0.05315	0.046109	0.038771	0.036463	0.041003	0.045871	0.039665	0.037075	0.035097	0.031769	0.025769	0.022561	0.017547	0.019798	0.018957	0.022259	0.01584	0.013959	0.013589	0.018776	0.011869	0.0082976	0.013625	0.0099127	0.011297	0.018725	0.010737	0.011579	0.010968	0.007586	0.001522	0.007879	0.0032925	0.0092884	0.0067379	0.0019173	0.0050779	0.0016549	0.0016778	-0.0017017	0.0026143	-5.12E-04	0.0029318	1.29E-03	0.0076016	0.0057857	0.01026	0.0020627	0.0035409	-0.00099279	-4.78E-04	0.0048565	6.51E-05	-0.005616	0.0010741	0.0062563	0.0070562	0.0073755	9.26E-03	0.0051009	0.0011406	-0.0024507	-0.0051316	0.00040762	0.00054256	-0.0024587	0.0012512	-0.0030972	-0.0030924	-0.00072709	0.0033255	7.52E-03	1.08E-02	0.0091215	0.0033953	0.003557	0.0039838	0.0044388	0.0022793	0.00088163	3.92E-03	0.0011094	4.02E-03	1.37E-03	-1.16E-03	2.37E-03	0.0021967	1.87E-03	-0.00051791	0.0047846	7.88E-03	5.57E-03	0.0069179	9.45E-04	5.40E-03	1.12E-02	8.54E-03	0.0078895	4.70E-03	0.005625	-1.09E-03	-4.49E-03	-1.96E-03	0.00046488	-0.00060141	-9.39E-05	-6.85E-03	-5.47E-03	-0.0025336	-7.54E-03	-1.00E-02	-0.0030725	7.67E-03	0.0022377	0.0021709	0.0052001	0.0085434	5.23E-03	-2.06E-03	-4.30E-03	1.46E-04	2.07E-05	0.00076439	-1.28E-03	0.0019613	-2.98E-03	-9.38E-04	-2.35E-03	-4.08E-03	6.21E-04	-3.42E-03	-2.28E-03	-0.0010183	-0.00071956	-0.0022805	0.0035647	6.17E-03	1.06E-03	x
1.26E-02	0.017423	0.017833	0.0088891	0.018356	1.25E-02	0.012524	1.14E-02	1.07E-02	1.54E-02	1.83E-02	0.015334	0.010632	1.48E-02	1.61E-02	0.018669	1.56E-02	0.014906	1.68E-02	1.27E-02	1.64E-02	0.02276	0.019756	0.025732	0.024586	0.023099	0.023762	2.24E-02	2.68E-02	0.020769	0.020831	2.41E-02	0.027248	0.022054	2.33E-02	0.025112	0.024715	0.024363	0.028392	2.92E-02	2.52E-02	0.024717	0.024626	0.023764	2.47E-02	0.023862	0.014849	0.019059	2.30E-02	0.027307	2.28E-02	0.027844	0.033915	0.04007	0.040913	0.043172	0.03797	0.039344	0.043625	0.042232	0.034756	0.031779	0.033056	0.032402	0.030462	0.032653	0.032768	0.038845	0.038994	0.042857	0.038763	0.034104	0.028741	0.031077	0.024007	0.028854	0.03313	0.032197	0.036944	0.036106	0.036925	0.040586	0.047197	0.055216	0.05708	0.057397	0.066481	0.079045	0.083637	0.083745	0.077389	0.068499	0.065535	0.059454	0.05488	0.052032	0.051988	0.048878	0.047952	0.044293	0.042693	0.039584	0.043507	0.042345	0.045197	0.044974	0.049779	0.051651	0.051757	0.054739	0.059213	0.06283	0.067379	0.069891	0.070488	0.07141	0.066225	0.059585	0.05123	0.048673	0.042549	0.043792	0.042942	0.032883	0.031477	0.028869	0.034223	0.031898	0.032708	0.036647	0.039597	0.043146	0.037454	0.036329	0.039069	0.045043	0.040131	0.041602	0.04189	0.038836	0.039805	0.042939	0.043288	0.047578	0.054751	0.054419	0.053173	0.056674	0.05105	0.042728	0.036985	0.033867	0.035615	0.030913	0.026127	0.02754	0.024552	0.021187	0.024815	0.028245	0.033919	0.03626	0.042353	0.049594	0.052908	0.059953	0.060176	0.060962	0.054588	0.048783	0.04	0.030732	0.024269	0.021411	0.021013	0.015311	0.011337	0.014675	0.017311	0.012778	0.013981	0.015561	0.023306	0.02388	0.030824	0.036583	0.040688	0.045366	0.064024	0.075254	0.07744	0.085731	0.088864	0.095868	0.094912	0.10198	0.10495	0.1116	0.1135	0.10133	0.086862	0.064485	0.052696	0.039953	0.029251	0.014536	0.014761	0.014412	0.012026	0.016268	0.023803	0.018483	0.015861	0.015395	0.015581	0.016043	0.022823	0.023171	0.023565	0.026225	0.028517	0.038522	0.050461	0.057808	0.070774	0.081347	0.094556	0.09666	0.087475	0.072515	0.057597	0.047251	0.040866	0.038729	0.036868	0.034913	0.034404	0.033836	0.02755	0.026262	0.025751	0.021494	0.024035	0.022976	0.011698	0.011232	0.0092591	0.0074256	0.0083974	0.0062466	0.0095075	0.0045426	0.01197	0.015283	0.012002	0.014757	0.011086	0.011618	9.07E-03	0.0097993	0.012511	1.18E-02	0.012253	0.014052	0.015392	0.017039	0.016181	0.016895	0.01346	0.010936	0.012447	0.015251	0.015322	0.01991	0.021636	0.01695	0.02066	0.019865	0.02329	0.022931	0.024627	0.021401	0.021586	0.02092	0.021506	0.019302	0.019396	0.015988	0.0082261	0.011831	0.013046	0.012522	0.016321	0.017033	0.010543	0.011891	0.019226	0.017222	0.016057	0.020728	0.016391	0.018447	0.019941	0.030093	0.026883	0.024789	0.024807	0.021461	0.023775	0.026614	0.023836	0.020225	0.019753	0.018892	0.019872	0.027218	0.031359	0.037728	0.035753	0.03311	0.030985	0.03215	0.029088	0.030108	0.032842	0.032025	0.035014	0.046245	0.050064	0.046931	0.048138	0.046446	0.042623	0.045742	0.045554	0.041642	0.045002	0.042084	0.041551	0.0367	0.041789	0.045487	0.046552	0.045244	0.042745	0.045327	0.044099	0.038732	0.035027	0.037792	0.035239	0.032542	0.03438	0.034151	0.032272	0.036074	0.03353	0.036871	0.041728	0.047538	0.050572	0.052081	0.048365	0.051386	0.054852	0.055025	0.060671	0.058737	0.058902	0.063035	0.067851	0.064276	0.064423	0.063016	0.064115	0.0674	0.065319	0.063061	0.064246	0.066071	0.072963	0.080922	0.09189	0.09521	0.083637	0.066593	0.051808	0.044547	0.040596	0.037346	0.031539	0.030651	0.031745	0.029052	0.028694	0.028379	0.022741	0.02688	0.024111	0.024935	0.027134	0.026259	0.025697	0.021581	0.027193	0.022883	0.019299	0.024664	0.024555	0.019507	0.020005	0.025301	0.019648	0.018961	0.018864	0.022014	0.019331	0.021929	0.025309	0.02405	0.026559	0.027565	0.026206	0.017489	0.018232	0.021916	0.023057	0.023374	0.022737	0.0254	0.017718	0.016931	0.02123	0.023683	0.025913	0.022871	0.02238	0.024557	0.028174	0.023981	0.024183	0.020367	0.018941	0.023731	0.022075	0.021425	0.018469	0.019805	0.018888	0.020394	0.020462	0.02123	0.020715	0.021103	0.021336	0.018591	0.022857	0.025177	0.024573	0.022932	0.030887	0.037343	0.039479	0.043488	0.041545	0.040635	0.042805	0.038907	0.042022	0.039427	3.66E-02	0.038318	0.039462	0.041703	0.043407	0.047504	0.050225	0.051827	0.056131	0.060398	0.064606	0.070248	0.085262	0.091791	0.10024	0.11039	0.11828	0.11957	0.11969	0.11594	0.10764	0.10146	0.090625	0.078683	0.065542	0.061335	0.056908	0.055385	0.049128	0.045347	0.040629	0.037852	0.03073	0.034725	0.035522	0.03719	0.034652	0.033468	0.028344	0.023568	0.018515	0.016688	0.021693	0.021302	0.016695	0.019581	0.012539	0.013066	0.011167	0.011213	0.014143	0.017879	0.010987	0.0062264	0.014876	0.015491	0.011147	0.01224	0.011547	0.013304	0.013426	0.017865	0.022783	0.014772	0.017122	1.58E-02	0.020587	0.023388	0.019474	0.022754	0.021373	0.030017	0.032642	0.038109	0.040554	0.041349	0.043766	0.047592	0.046823	0.0522	0.047874	0.041605	0.040757	0.042657	0.04769	0.038918	0.035724	0.03562	0.038705	0.041075	0.036369	0.03139	0.02855	0.026624	0.021594	0.019702	0.014683	0.016498	0.013085	0.01641	0.011842	0.011726	0.012224	0.015829	0.0085526	0.0043512	0.0078263	0.0056052	0.0078575	0.016092	0.010337	0.0089368	0.0090642	0.0051229	0.00083027	0.0070995	0.0033889	0.0080856	0.0061715	0.0019281	0.0040023	2.89E-05	0.0010462	-2.86E-03	0.0014379	-0.00063107	0.0016982	-0.00094591	0.0052265	4.53E-03	0.0077675	0.00097841	1.72E-03	-0.0020628	-0.0029513	0.001723	-2.24E-03	-0.0060296	-0.00027022	0.0018129	0.003328	0.0048467	0.0068326	2.90E-03	-1.39E-03	-0.0060427	-0.0049845	4.33E-04	1.31E-03	-0.0014414	1.60E-03	-1.91E-03	-3.13E-03	-0.0042242	-0.0012205	0.0048638	6.62E-03	3.17E-03	0.00082187	0.0021546	0.00037253	2.09E-03	1.26E-03	-0.00088515	9.54E-04	-0.00064364	3.00E-03	0.0025688	-0.002383	8.14E-04	0.0011021	-0.00059323	-1.67E-03	1.41E-03	0.0036798	2.96E-03	0.0032545	-0.001889	0.0013931	6.32E-03	4.58E-03	0.0040646	3.13E-03	3.07E-03	-4.70E-03	-0.0068114	-3.35E-03	-9.71E-04	-9.70E-05	0.00012718	-0.0063271	-8.54E-03	-0.0057285	-8.87E-03	-8.40E-03	-1.58E-03	8.13E-03	0.0042213	2.57E-03	0.0045009	8.11E-03	0.0029914	-0.006285	-5.04E-03	-2.05E-03	-0.0014277	0.0015054	-1.74E-03	1.66E-03	-2.37E-03	-2.19E-04	-2.19E-03	-5.26E-03	-2.53E-03	-3.94E-03	-2.33E-03	-2.19E-03	-8.64E-04	-2.63E-03	2.57E-03	0.0037732	-0.0003502	r
1.05E-02	0.0093241	0.014824	1.43E-02	0.006281	1.48E-02	1.12E-02	0.011941	0.011278	0.012147	1.68E-02	1.90E-02	0.015559	1.34E-02	1.77E-02	1.91E-02	2.28E-02	1.81E-02	0.01754	0.018912	1.75E-02	0.020637	0.028684	0.025815	2.77E-02	0.025865	0.025617	2.51E-02	2.44E-02	0.029013	0.024242	0.023985	0.025622	0.027964	0.022606	0.023499	0.026141	0.02572	0.027508	0.030736	3.03E-02	0.028944	0.029189	0.027857	0.027415	0.027932	0.027868	0.017791	0.020556	0.026245	0.030653	0.025387	0.02932	0.03642	0.043069	0.047441	0.046673	4.20E-02	0.043851	0.047151	0.046501	0.03899	0.038037	0.03794	0.034339	0.032202	0.031882	0.033556	0.038773	0.037329	0.041319	0.036774	0.035918	0.028424	0.030856	0.028476	3.30E-02	0.03752	0.035599	0.040577	0.039805	0.041429	0.045923	0.050947	0.056922	0.056953	0.055989	0.065178	0.075406	0.07887	0.078651	0.072602	0.065639	0.061512	0.058585	0.057745	0.054155	0.052507	0.052106	0.050559	0.048911	0.048443	0.043236	0.047407	0.049365	0.049352	0.048548	0.055358	0.059383	0.059657	0.061133	0.062047	0.063848	0.067275	0.068964	0.068831	0.068174	0.062394	0.056127	0.04807	0.0455	0.041723	0.043468	0.043137	0.034066	0.030695	0.030304	0.036306	0.033178	0.031012	0.035049	0.038486	0.039823	0.037714	0.036534	0.038287	0.041554	0.036386	0.039453	0.042082	0.039066	0.04194	0.045859	0.044225	0.048732	0.054616	0.05349	0.052202	0.054068	0.046695	0.035825	0.033289	0.030659	0.033421	0.02944	0.026746	0.026081	0.022528	0.01808	0.024946	0.030724	0.035026	0.03784	0.042364	0.04944	0.051871	0.054199	0.05409	0.056059	0.048184	0.043609	0.035589	0.028164	0.022435	0.019165	0.0187	0.012518	0.0099313	0.012107	0.015632	0.013912	0.015207	0.017369	0.025392	0.025813	0.032877	0.038916	0.047207	0.053009	0.064602	0.073757	0.078157	0.084488	0.087832	0.092657	0.09438	0.098552	0.10099	0.10308	0.10268	0.087787	0.074341	0.055118	0.045017	0.036205	0.025319	0.012313	0.012868	0.011996	0.010911	0.01432	0.022371	0.018015	0.014173	0.014974	0.01392	0.015115	0.024081	0.024578	0.025429	0.027557	0.030003	0.038981	0.050797	0.057195	0.06696	0.074009	0.078181	0.079831	0.070935	0.05969	0.047651	0.040064	0.036286	0.034844	0.034584	0.033991	0.031021	0.030275	0.023374	0.021313	0.022447	0.021809	0.024413	0.020546	0.012531	0.012664	0.012041	0.0080921	0.0079082	0.006054	0.0092871	0.0059021	0.01345	0.016365	0.013667	0.014266	0.00937	0.012522	0.010073	0.010252	0.011084	1.44E-02	0.013877	0.014353	0.01584	0.01828	0.019256	0.020348	0.016345	0.012768	0.015089	0.018635	0.018058	0.020926	0.019274	0.016569	0.01714	0.018715	0.023653	0.023168	0.022777	0.019949	0.020867	0.018681	0.017073	0.016158	0.01858	0.015248	0.0087332	0.012761	0.014719	0.014936	0.017579	0.017745	0.010442	0.011446	0.017465	0.017776	0.0192	0.023041	0.017192	0.018708	0.01686	0.026193	0.023522	0.023657	0.022404	0.017838	0.018592	0.021319	0.020367	0.017907	0.017278	0.019685	0.02012	0.024793	0.028623	0.03468	0.032899	0.032185	0.031382	0.032348	0.02985	0.029773	0.032009	0.033666	0.039028	0.046411	0.047506	0.043158	0.043707	0.041736	0.038326	0.039098	0.042603	0.037586	0.039706	0.036902	0.038346	0.036572	0.040925	0.04243	0.043268	0.043839	0.04072	0.040498	0.039182	0.037068	0.033286	0.037565	0.035799	0.032716	0.032246	0.032886	0.029822	0.032422	0.033221	0.036995	0.040761	0.04431	0.047164	0.045911	0.043693	0.049053	0.051645	0.053214	0.057692	0.056416	0.053378	0.057453	0.062302	0.060086	0.061207	0.060809	0.062456	0.065498	0.063394	0.059027	0.056208	0.058181	0.061153	0.066326	0.072817	0.074289	0.066721	0.054538	0.042913	0.038266	0.034143	0.03227	0.029583	0.026081	0.026528	0.023629	0.024173	0.026946	0.020249	0.023581	0.021585	0.02251	0.025352	0.021679	0.021028	0.019495	0.024409	0.02153	0.016832	0.019756	0.018845	0.016531	0.019365	0.021645	0.01799	0.018075	0.016792	0.019466	0.018874	0.021651	0.022628	0.022934	0.022937	0.025167	0.024857	0.019445	0.019616	0.024471	0.025824	0.026519	0.024409	0.025462	0.017572	0.016628	0.020213	0.022328	0.025114	0.021684	0.020918	0.024193	0.02501	0.021158	0.021854	0.019084	0.018907	0.021484	0.019049	0.020911	0.018077	0.019883	0.020521	0.02263	0.024473	0.023872	0.024024	0.025296	0.027429	0.025089	0.029985	0.029442	0.031289	0.032245	0.039912	0.04421	0.046247	0.050531	0.04809	0.048294	0.051936	0.047525	0.048654	0.045351	0.041219	0.043025	0.043525	0.047672	0.049886	0.053136	0.05611	0.057659	0.062623	0.068476	0.075774	0.083029	0.1013	0.10912	0.12128	0.12923	0.13946	0.13802	0.138	0.13307	0.1221	0.11484	0.10111	0.088423	0.073837	0.067576	0.062169	0.061246	0.053971	0.049054	0.042602	0.039326	0.03264	0.033898	0.034036	0.034796	0.033	0.030887	0.025006	0.021277	0.01721	0.015322	0.019207	0.01822	0.015093	0.016313	0.010824	0.011564	0.0096691	0.010492	0.013813	0.016841	0.0083257	0.003724	0.01128	0.014083	0.010333	0.0125	0.011346	0.012858	0.013317	0.015049	2.25E-02	0.013723	0.016654	0.017262	0.022886	0.027066	0.020164	0.02387	0.023613	0.032139	0.032953	0.036828	0.039241	0.041625	0.043837	0.044782	0.043694	0.048563	0.044032	0.038721	0.036799	0.038412	0.042172	0.033549	0.034415	0.03547	0.036848	0.037203	0.032498	0.026472	0.023147	0.022839	0.017971	0.016649	0.011943	0.012829	0.0079607	0.012426	0.0084611	0.0077225	0.0083521	0.011405	0.0053915	0.000627	0.0027395	0.0021616	0.0049023	0.011968	0.00775	0.005032	0.0060063	0.0010524	-0.00027804	0.0049196	0.0039131	6.95E-03	0.0050839	1.67E-03	2.89E-03	-0.0030025	-1.23E-03	-3.40E-03	0.0007043	1.23E-05	3.43E-05	-3.42E-03	2.78E-03	2.86E-03	5.34E-03	-0.00064592	-0.0011893	-3.34E-03	-0.0052754	-0.0015068	-3.72E-03	-0.0062317	-3.61E-03	-0.0029491	-1.62E-03	0.00063367	0.0036601	0.00031862	-0.0036757	-0.0082594	-0.0049091	0.00034705	4.03E-04	-0.0015774	1.70E-03	-0.00024449	-2.40E-03	-6.17E-03	-4.88E-03	1.74E-03	0.0016169	-1.62E-03	-0.0014535	-9.79E-06	-2.61E-03	1.79E-04	-0.0010955	-0.0032304	-1.97E-03	-1.14E-03	2.02E-03	3.57E-03	-2.72E-03	-1.49E-03	-0.00042588	-0.0039365	-3.81E-03	-0.0012421	6.84E-04	0.0024613	8.76E-04	-2.35E-03	-1.77E-03	0.0010413	1.60E-03	1.55E-03	0.0018036	0.00083081	-6.81E-03	-7.20E-03	-0.0035338	-0.0013269	-6.53E-04	-3.96E-04	-0.0062486	-0.010587	-8.44E-03	-9.39E-03	-6.01E-03	-3.86E-04	6.59E-03	4.43E-03	1.66E-03	0.0032403	0.0066577	0.0012027	-8.20E-03	-0.0048442	-3.10E-03	-2.95E-03	0.0014326	-1.99E-03	8.07E-04	-0.0028956	1.41E-04	-1.01E-03	-6.23E-03	-5.46E-03	-5.43E-03	-0.0028841	-0.0033259	-7.27E-04	-3.44E-03	5.21E-04	1.61E-03	r
1.02E-02	1.14E-02	0.0083494	0.0132	0.012272	5.82E-03	1.37E-02	1.14E-02	0.011861	1.26E-02	0.015209	1.88E-02	0.020294	1.76E-02	0.017524	2.02E-02	2.22E-02	0.026811	0.0217	2.12E-02	0.021419	0.02216	2.40E-02	0.032996	0.030337	0.028232	0.026078	0.02706	0.026272	2.76E-02	0.031094	0.028576	0.027842	0.027372	0.029172	0.023443	0.023977	2.78E-02	2.82E-02	0.03259	0.033239	3.10E-02	0.032291	0.033113	0.030854	0.031042	0.031282	0.03164	0.022575	0.024281	0.030767	0.034432	0.029999	0.032433	0.040069	0.046061	0.052965	0.050584	0.046504	0.047248	0.049971	0.04979	0.043539	0.043066	0.042329	0.036926	0.034351	0.031878	0.035049	0.038733	0.036781	0.040247	0.034978	0.036882	0.027911	0.030762	0.033724	0.037264	0.041789	0.038777	0.043454	0.042939	0.045915	0.051657	0.054712	0.059492	0.05761	0.055644	0.06287	0.071755	0.073017	0.071588	0.06622	0.062006	0.05688	0.056741	0.06013	0.056307	0.052737	0.054521	0.053046	0.052854	0.053198	0.047011	0.052651	0.056506	0.053602	0.053416	0.062126	0.066992	0.066686	0.066001	0.065063	0.064393	0.066514	0.067375	0.066281	0.064437	0.059339	0.053277	0.045856	0.042958	0.040798	0.043286	0.042749	0.034252	0.030285	0.032693	0.037426	0.033649	0.029877	0.033667	0.036858	0.036144	0.037375	0.035701	0.035886	0.037869	0.033152	0.036529	0.041274	0.039435	0.044176	0.049017	0.04638	0.048745	0.052392	0.049913	0.048986	0.050551	0.041942	0.02874	0.028201	0.027055	0.030797	0.02668	0.027584	0.025271	0.022006	0.016288	0.02475	0.031151	0.034765	0.038811	0.043082	0.049289	0.051453	0.048728	0.047062	0.050459	0.041705	0.038666	0.032349	0.02611	0.020708	0.018334	0.016983	0.0096842	0.0096624	0.011067	0.015524	0.016221	0.016742	0.020347	0.027474	0.028179	0.035045	0.041159	0.052625	0.059678	0.063978	0.070839	0.077506	0.080945	0.084681	0.087447	0.09152	0.093728	0.096229	0.093293	0.088912	0.072369	0.059982	0.044795	0.035254	0.030361	0.020371	0.0088826	0.0090084	0.0085849	0.010712	0.011851	0.018803	0.015301	0.011131	0.011956	0.013018	0.01478	0.024038	0.024095	0.025872	0.026571	0.029376	0.037028	0.04889	0.053182	0.060646	0.064858	0.062501	0.064027	0.056614	0.04927	0.039829	0.034942	0.032897	0.03236	0.032631	0.032765	0.027708	0.026804	0.020293	0.016795	0.019454	0.021184	0.023495	0.018809	0.014334	0.013252	0.013755	0.0082421	0.0076752	0.005622	0.0083949	0.0063179	0.013091	0.016745	0.014799	0.01356	0.0084527	0.012684	0.011594	0.010084	0.010298	0.01736	0.015039	0.014668	0.017567	0.018394	0.021101	0.022681	0.018968	0.014684	0.017333	0.020958	0.019469	0.020265	0.016169	0.015269	0.012866	0.016967	0.022872	0.022149	0.021565	0.019168	0.01967	0.016894	0.014118	0.014306	0.017949	0.014569	0.01077	0.014159	0.015135	0.015928	0.018036	0.018113	0.011641	0.011873	0.016186	0.018475	0.02168	0.024793	0.018504	0.017748	0.014531	0.021669	0.020283	0.02294	0.01998	0.014737	0.015479	0.018249	0.018741	0.016143	0.015326	0.019634	0.020154	0.023231	0.027096	0.031971	0.03005	0.031375	0.031472	0.032723	0.030918	0.030496	0.033538	0.036525	0.043183	0.046383	0.044977	0.039642	0.03915	0.038137	0.035287	0.032994	0.039131	0.034275	0.035513	0.033286	0.037032	0.038208	0.040533	0.039995	0.040572	0.043201	0.039833	0.036755	0.035135	0.036967	0.033656	0.037071	0.035553	0.033208	0.030568	0.032212	0.029239	0.027721	0.031693	0.036638	0.03955	0.040293	0.044122	0.041344	0.040458	0.046695	0.048759	0.050912	0.053878	0.054085	0.048838	0.051851	0.056617	0.055631	0.057547	0.057817	0.059844	0.062025	0.06112	0.055814	0.049749	0.051099	0.051524	0.053719	0.056492	0.055926	0.051886	0.043356	0.034996	0.032856	0.028978	0.02804	0.027683	0.022344	0.024006	0.019867	0.022223	0.026493	0.018636	0.0204	0.019984	0.020707	0.023348	0.018028	0.016399	0.017795	0.021273	0.021694	0.016255	0.015435	0.014324	0.01527	0.018852	0.018348	0.017882	0.017937	0.015894	0.017174	0.017885	0.020833	0.019016	0.020614	0.018633	0.022245	0.022638	0.019645	0.020527	0.027	0.027393	0.028239	0.025127	0.02516	0.016921	0.016659	0.019464	0.021503	0.024255	0.020761	0.020001	0.023603	0.022289	0.018701	0.018913	0.017835	0.019168	0.019396	0.016867	0.021173	0.019162	0.020396	0.021458	2.40E-02	0.027341	0.025495	0.027134	0.028153	0.03109	2.99E-02	0.034397	0.031692	0.036383	0.039624	0.04804	0.050122	0.050931	0.05572	0.054052	0.055056	0.058608	0.053865	0.052895	0.049332	0.044173	0.045771	0.046073	0.051556	0.055291	0.058213	0.061709	0.062829	0.06814	0.07526	0.086524	0.095496	0.11535	0.12388	0.13866	0.14243	0.15386	0.15026	0.15002	0.14423	0.1309	0.12313	0.10782	0.09514	0.079867	0.071705	0.065447	0.06394	0.055825	0.051069	0.043557	0.038671	0.033743	0.032334	0.030308	0.03133	0.02944	0.026339	0.020554	0.01682	0.014046	0.013098	0.015385	0.015083	0.013715	0.012598	0.0095566	0.0093075	0.0075676	0.0091091	0.012918	0.013969	0.0053986	0.0016774	0.0066747	0.011066	0.0091927	0.012218	1.09E-02	0.012625	0.013129	0.011731	0.019074	0.010922	0.015851	0.018711	0.02285	0.027985	0.019685	0.024501	0.025387	0.032551	0.031919	0.034888	0.037628	0.041598	0.043696	0.041617	0.040581	0.044509	0.039602	0.036245	0.034847	0.035985	0.037264	0.030064	0.034023	0.035098	0.0349	0.034544	0.028949	0.023051	0.019392	0.020414	0.015098	0.013969	0.009204	0.0096399	0.0044353	0.010229	0.0062385	0.0026761	0.0029577	0.0065911	0.002708	-0.0023122	-0.0012444	-0.00051406	0.0028089	0.0070567	0.003424	0.00021029	0.002304	-0.0036267	-1.60E-03	0.0015063	0.0038401	5.80E-03	3.94E-03	0.0013946	0.0021694	-6.60E-03	-4.93E-03	-0.0034874	-8.27E-05	8.54E-04	-0.0020812	-5.16E-03	1.11E-03	2.02E-03	0.0035321	-2.44E-03	-0.0044677	-4.40E-03	-0.0070845	-0.0043061	-4.87E-03	-0.0067564	-7.55E-03	-0.0068457	-0.0063334	-3.76E-03	0.00093066	-0.0020854	-5.48E-03	-0.009113	-0.004917	-3.71E-04	-2.51E-03	-2.81E-03	1.56E-03	6.91E-04	-0.0017804	-6.87E-03	-6.78E-03	-6.55E-04	-2.89E-03	-4.55E-03	-0.0038297	-2.78E-03	-4.70E-03	-1.22E-03	-4.39E-03	-0.005549	-5.04E-03	-9.97E-04	0.000792	3.89E-03	-0.0025749	-3.83E-03	-1.55E-03	-0.0070548	-0.0060022	-2.55E-03	-4.36E-04	3.58E-03	-0.00025885	-0.0011057	-0.0038551	-3.26E-03	-2.75E-04	1.37E-04	3.84E-04	-2.64E-04	-7.12E-03	-5.98E-03	-2.58E-03	-0.0014017	-2.28E-03	-0.001289	-6.68E-03	-1.13E-02	-1.05E-02	-1.03E-02	-4.62E-03	-5.27E-04	0.0034384	2.99E-03	-0.00088835	0.0010855	0.0042427	-6.89E-04	-8.13E-03	-3.78E-03	-2.99E-03	-4.16E-03	2.75E-04	-2.78E-03	-7.01E-04	-4.66E-03	-7.98E-04	0.0003915	-7.35E-03	-7.57E-03	-7.29E-03	-3.91E-03	-4.96E-03	-0.00056639	-4.72E-03	-0.0020771	r
9.87E-03	1.38E-02	9.75E-03	0.012995	0.012977	7.90E-03	1.59E-02	0.013507	1.30E-02	1.60E-02	0.019907	0.021525	0.021844	2.13E-02	0.021734	0.021638	0.023797	2.96E-02	0.025192	0.024598	0.023635	0.025448	0.025874	0.034503	3.26E-02	0.027612	0.0261	0.02782	0.027796	0.031856	0.033561	0.033135	3.21E-02	0.030466	3.19E-02	0.025573	0.025407	0.030875	0.03305	3.91E-02	0.036262	0.032219	0.035067	0.036267	0.033164	0.034289	0.034778	0.034561	0.02883	0.030043	0.036795	3.83E-02	0.036511	3.76E-02	0.045583	0.049819	0.057915	0.055529	0.052136	5.01E-02	0.052699	0.052871	0.048591	0.046874	0.046369	0.040986	0.037158	0.033578	0.03751	0.039333	0.0376	0.040315	0.034317	0.037173	0.02767	0.031547	0.038733	0.040587	0.04495	0.042072	0.045777	0.046377	0.050318	0.057367	0.059137	0.06307	0.060458	0.056763	0.060988	0.069182	0.068242	0.065371	0.060531	0.059156	0.053301	0.054919	0.062207	0.059108	0.053749	0.056642	0.055834	0.05612	0.056681	0.050358	0.058263	0.062512	0.057969	0.059672	0.06967	0.073417	0.071922	0.069148	0.068434	0.065794	0.066766	0.067274	0.064406	0.062124	0.057737	0.052063	0.04503	0.04138	0.039971	0.042798	0.041585	0.033222	0.030759	0.035864	0.037823	0.033195	0.029313	0.032501	0.035243	0.033559	0.036848	0.033771	0.031724	0.034491	0.031082	0.033771	0.039553	0.040171	0.046606	0.052121	0.050305	0.048428	0.049347	0.045524	0.045013	0.046984	0.038398	0.023471	0.023216	0.023642	0.028616	0.02381	0.028411	0.025466	0.023213	0.016144	0.024489	0.030087	0.034361	0.039883	0.044339	0.048883	0.051183	0.044535	0.0408	0.045734	0.036486	0.035322	0.031053	0.024439	0.018739	0.018784	0.016208	0.0076515	1.08E-02	0.011646	0.017606	0.019088	0.01786	0.024104	0.030297	0.031266	0.038018	0.044357	0.056461	0.06478	0.063244	0.068154	0.076162	0.076517	0.08095	0.082084	0.087666	0.088847	0.091696	0.084082	0.074743	0.057554	0.04575	0.034769	0.025319	0.023143	0.015335	0.0053218	0.0046739	0.0050142	0.011304	0.0091935	0.013703	0.010768	0.0079708	0.0076488	0.0135	0.015548	0.023527	0.022705	0.025966	0.023736	0.027197	0.033714	0.045868	0.047458	0.053352	0.05486	0.050375	0.051481	0.046819	0.043068	0.035209	0.03156	0.030847	0.031527	0.031178	0.031965	0.026212	0.024231	0.018437	0.013693	0.017805	0.019831	0.021542	0.018009	0.016603	0.012945	0.014256	0.0079514	0.0083938	5.03E-03	0.0071809	5.43E-03	0.011022	0.016386	1.50E-02	0.012263	0.0081187	0.011848	0.013144	0.0093039	0.0098483	0.018997	0.015068	0.014877	0.02061	0.017891	0.021426	0.023032	0.020558	0.01576	0.017968	0.021287	0.019568	0.018235	0.012923	0.013431	0.0089304	0.015306	0.021258	0.019268	0.020491	0.018668	0.018258	0.015729	0.013217	0.014101	0.017855	0.013941	0.013536	0.015736	0.014622	0.016127	0.01812	0.017914	0.014088	0.013039	0.015305	0.019021	0.022749	0.025545	0.02014	0.01547	0.013536	0.018528	0.018015	0.022992	0.017539	0.011914	0.014642	0.017691	0.019211	0.015351	0.014423	0.018204	0.018828	0.022164	0.026824	0.030218	0.027745	0.030605	0.031335	0.033375	0.032095	0.032337	0.037479	0.040297	0.047118	0.045369	0.042228	0.036098	0.034697	0.035223	0.0334	0.028419	0.035636	0.03227	0.032353	0.0314	0.038068	0.041006	0.039856	0.038098	0.038435	0.04306	0.039877	0.034252	0.03202	0.03801	0.03538	0.035643	0.034403	0.033939	0.029376	0.031702	0.030538	0.023469	0.029799	0.036303	0.038677	0.037131	0.042542	0.03976	0.039386	0.044995	0.046891	0.04871	0.049743	0.05268	0.0471	0.048113	0.05172	0.051456	0.053858	0.054903	0.057608	0.058675	0.058654	0.05339	0.045489	0.044972	0.044908	0.044107	0.044226	0.042538	0.040433	0.034034	0.02933	0.029148	0.025796	0.024576	0.02555	0.019997	0.023663	0.017834	0.022301	0.026351	0.018012	0.018183	0.019401	0.019236	0.02127	0.015553	0.012136	0.016302	0.018433	0.022753	0.017058	0.012828	0.012206	0.015555	0.018598	0.01681	0.01956	0.018344	0.016093	0.015421	0.016596	0.01925	0.01495	0.017528	0.014475	0.01993	0.020321	0.018569	0.021317	0.028989	0.027561	0.027728	0.024802	0.024438	0.015889	0.016958	0.018884	0.020995	0.023289	0.020039	0.019495	0.022575	0.020351	0.016741	0.016068	0.016589	0.019462	0.017753	0.015701	0.022024	0.02152	0.02123	0.021699	0.024553	0.029006	0.025561	0.02939	0.029933	0.032052	0.032956	0.036179	0.032359	0.039171	0.04375	0.054227	0.054741	0.052896	0.058453	0.058502	0.059767	0.061518	0.056801	0.053473	0.050056	0.044996	0.046592	0.047047	0.052813	0.058146	0.06145	0.065593	0.066261	0.072398	0.080155	0.095817	0.10608	0.12523	0.1346	0.15092	0.14883	0.15984	0.15482	0.15405	0.14779	0.13343	0.12607	0.11027	0.097814	0.082641	0.072885	0.065883	0.062847	0.054404	0.050903	0.043931	0.035797	0.033247	0.029637	0.02463	0.027518	0.024578	0.021001	0.015065	0.010122	0.0089038	0.010084	0.010477	0.011452	0.011545	0.0082927	0.0073959	0.005391	0.0042049	0.0064703	0.010887	0.0094807	0.0026467	0.00022537	0.0018257	0.0063927	0.0077513	0.011472	0.0094243	0.011259	0.012538	0.0091774	0.013635	0.0070722	0.014912	0.0195	0.020796	0.025839	0.017725	0.023691	0.025818	0.030683	0.029351	0.03229	0.035261	0.040716	0.042917	0.038503	0.037818	0.040898	0.034981	0.034283	0.034246	0.035051	0.033071	0.027863	0.033202	0.033837	0.032592	0.03285	0.02624	0.021214	0.017262	0.018674	0.01276	0.011927	0.0060829	0.0071305	0.0023798	0.008829	0.0049225	-0.0025288	-0.0022387	0.0028077	8.38E-04	-0.004051	-4.37E-03	-0.0029589	0.0015988	0.0021164	-0.0018872	-0.0048466	-0.001634	-7.74E-03	-0.0027259	-0.0025429	2.26E-03	4.44E-03	2.97E-03	0.0010917	0.001467	-0.010126	-9.30E-03	-0.0034232	-1.34E-03	0.0014901	-0.0042548	-0.0056557	4.79E-04	0.003083	2.88E-03	-4.08E-03	-7.34E-03	-0.0050123	-8.08E-03	-0.0063064	-0.0060194	-8.07E-03	-1.07E-02	-8.55E-03	-9.34E-03	-0.0068928	-5.98E-04	-0.0039237	-0.0064676	-8.74E-03	-4.71E-03	-2.10E-03	-0.0066682	-4.71E-03	1.03E-03	0.00010866	-2.30E-03	-0.006938	-6.90E-03	-1.78E-03	-5.67E-03	-5.64E-03	-0.0065349	-5.85E-03	-6.16E-03	-2.27E-03	-7.65E-03	-6.97E-03	-8.03E-03	-6.95E-04	-9.02E-04	0.0029907	-2.91E-03	-5.56E-03	-1.91E-03	-0.0087586	-7.40E-03	-2.54E-03	9.83E-05	5.19E-03	-6.98E-04	5.78E-04	-5.05E-03	-0.0053324	-1.21E-03	-0.00076462	-1.24E-03	-0.00015289	-5.62E-03	-3.74E-03	-8.73E-04	-2.11E-03	-4.30E-03	-0.0022446	-7.44E-03	-1.11E-02	-1.17E-02	-0.012367	-5.18E-03	-2.71E-03	-3.83E-04	7.38E-04	-4.30E-03	-1.61E-03	1.54E-03	-2.71E-03	-0.0067711	-1.75E-03	-1.93E-03	-0.0045902	-0.0016622	-0.0043233	-2.59E-03	-0.0071717	-3.31E-03	1.32E-03	-8.58E-03	-8.09E-03	-8.37E-03	-5.22E-03	-7.30E-03	-0.00083392	-0.0059132	-0.0046538	r
0.012757	1.80E-02	0.012917	0.014591	0.016876	0.012	0.020399	0.01733	1.58E-02	0.021719	0.026137	0.0247	2.34E-02	2.61E-02	0.025468	0.022214	0.022414	0.030035	2.71E-02	0.026384	0.024559	0.026782	0.02652	0.033064	0.033048	0.026929	0.026413	0.028367	0.029853	0.036554	3.64E-02	0.037332	0.036169	0.035599	0.03636	0.029608	0.028384	0.036049	0.040533	0.046261	0.040123	0.034959	0.037436	0.038198	0.034471	0.037082	3.84E-02	0.036636	0.036524	0.037635	0.044573	0.042375	0.044434	0.04457	0.053213	0.054925	0.063021	0.061934	0.059195	0.053648	0.055942	0.056463	0.05441	0.049957	0.050224	0.046631	0.040683	0.037502	0.04101	0.040745	0.039773	0.04216	0.035926	0.037805	0.028531	0.033958	0.042942	0.042699	0.046592	0.045571	0.047554	0.050984	0.0544	0.062928	0.065052	0.066939	0.06623	0.059048	0.060242	0.06781	0.066233	0.062581	0.057652	0.058662	0.051935	0.053961	0.064497	0.063176	0.0567	0.059741	0.059951	0.059314	0.059227	0.053173	0.063708	0.066959	0.063003	0.06726	0.077262	0.077847	0.074934	0.070314	0.071945	0.069176	0.06928	0.069788	0.063692	0.062547	0.057424	0.053164	0.045828	0.041067	0.039597	0.041593	0.039752	0.031334	0.032379	0.039216	0.037686	0.031416	0.028807	0.031227	0.033891	0.032473	0.035771	0.030875	0.026325	0.031865	0.030302	0.032124	0.036814	0.041013	0.04873	0.054253	0.055322	0.047952	0.04628	0.041713	0.041364	0.043539	0.036617	0.020632	0.019677	0.020791	0.027824	0.022119	0.02879	0.026565	0.026076	0.017876	0.024471	0.02889	0.035236	0.041805	0.045363	0.047591	0.050206	0.04151	0.035999	0.042868	0.032973	0.034419	0.032018	0.022426	0.016261	0.020385	0.01649	0.0069545	0.013283	0.01356	0.021975	0.022044	0.018035	0.028356	0.034736	0.035411	0.041826	0.049094	0.058521	0.068297	0.063065	0.066802	0.07415	0.072256	0.078407	0.077624	0.083578	0.084229	0.087976	0.075954	0.06187	0.045002	0.032381	0.025487	0.016317	0.01494	0.010499	0.0022641	0.0014937	0.0019855	0.012145	0.0061761	0.0074906	0.0048326	0.0059648	0.0036535	0.01588	0.017569	0.023377	0.021205	0.027073	0.019701	0.024035	0.029736	0.042762	0.041663	0.046562	0.045058	0.043126	0.042632	0.042223	0.04118	0.033797	0.028564	0.029604	0.031933	0.030203	0.032618	0.028059	0.023229	0.017435	0.012182	0.017583	0.018299	0.018583	0.017814	0.01865	0.011732	0.013964	0.0077754	1.10E-02	0.0050393	0.0064627	3.73E-03	0.0078105	1.55E-02	0.01404	0.0099801	0.0077724	0.0095214	0.013496	0.0078685	0.008931	0.017949	0.013129	0.014326	0.024604	0.017468	0.020264	0.020822	0.020798	0.01565	0.015976	0.018807	0.018524	0.015713	0.0096673	0.011544	0.0062779	0.013876	0.018907	0.013951	0.018821	0.017864	0.017045	0.015183	0.014282	0.01544	0.018798	0.014034	0.016118	0.016776	0.013126	0.016203	0.018544	0.017273	0.017281	0.014646	0.014587	0.019573	0.022259	0.02538	0.021749	0.012163	0.013513	0.017965	0.01712	0.023666	0.014611	0.0086069	0.015581	0.018969	0.021549	0.015641	0.014598	0.015315	0.015794	0.020958	0.026958	0.029632	0.026208	0.029228	0.030886	0.03436	0.033412	0.035312	0.043347	0.044546	0.050038	0.042394	0.038379	0.031585	0.02977	0.031962	0.03216	0.02539	0.032205	0.03137	0.029397	0.03075	0.041509	0.044001	0.037935	0.035931	0.036242	0.042544	0.039885	0.032261	0.029439	0.039166	0.036938	0.033116	0.033174	0.034993	0.028275	0.031147	0.03347	0.020996	0.028295	0.036241	0.038333	0.036315	0.042947	0.041299	0.040211	0.043999	0.046104	0.046899	0.045852	0.053266	0.049374	0.047469	0.047917	0.048002	0.050303	0.05277	0.056979	0.057022	0.056138	0.051173	0.042978	0.039343	0.041107	0.037269	0.035468	0.034479	0.031858	0.02654	0.026109	0.027281	0.024575	0.021348	0.022802	0.019162	0.024403	0.017213	0.0229	0.025845	0.018113	0.017174	0.019277	0.01759	0.0194	0.014335	0.0087775	0.014851	0.016441	0.023574	0.01844	0.012649	0.013587	0.017395	0.019209	0.018511	0.02258	0.019105	0.016518	0.014096	0.015392	0.017181	0.010708	0.014432	0.011056	0.019209	0.018583	0.016932	0.022526	0.029993	0.026596	0.024817	0.023637	0.02299	0.014581	0.017468	0.018496	0.020739	0.022199	0.019529	0.019495	0.020957	0.019217	0.015235	0.013977	0.014979	0.019149	0.0162	0.015189	0.023192	0.024314	0.021712	0.021094	0.024391	0.029951	0.023944	0.030329	0.031277	0.030924	0.034761	0.036177	0.032224	0.039441	0.044485	0.058434	0.058191	0.052297	0.058349	0.060508	0.06223	0.060383	0.056129	0.049884	0.046852	0.044168	0.046617	0.046961	0.052012	0.057859	0.062243	0.066791	0.067539	0.075416	0.083505	0.10347	0.11409	0.1301	0.14122	0.15806	0.14886	0.15733	0.15169	0.15042	0.14375	0.1305	0.12462	0.10853	0.09601	0.081849	0.07117	0.063389	0.058506	0.050072	0.048285	0.044204	0.030731	0.030799	0.025441	0.017386	0.023925	0.019552	0.016304	0.0087764	0.0016173	0.0020924	0.0064854	0.0047597	0.0070385	0.0080114	0.0036066	3.28E-03	-0.00071387	-0.00085011	0.0017666	0.0071147	0.0035072	0.00043172	-0.00088959	-0.0026623	-0.00022753	0.0058024	0.010163	0.0060278	0.0076205	0.011126	0.0083338	0.0080241	0.0031141	0.013896	0.019068	0.017466	0.021269	0.014144	0.020994	0.024621	0.026375	0.02537	0.029076	0.031716	0.038657	0.041077	0.035725	0.035866	0.038315	0.030301	0.032501	0.033951	0.034232	0.028968	0.025557	0.030437	0.031244	0.029786	0.031229	0.024145	0.02041	0.016271	0.016642	0.010399	0.01048	0.0020914	0.0050071	0.00065042	0.0068146	0.003415	-0.007452	-0.0058528	0.0011813	-1.48E-05	-0.0043983	-0.0073347	-0.0058083	1.20E-03	-0.0025107	-7.45E-03	-0.009362	-0.0054429	-0.010403	-3.31E-03	-6.63E-03	-0.0011399	2.69E-03	2.34E-03	0.00052583	-2.03E-04	-0.013229	-0.013477	-0.0035552	-3.47E-03	0.0020099	-0.0056572	-4.65E-03	4.59E-04	6.57E-03	0.0035229	-0.0054535	-9.47E-03	-5.25E-03	-8.18E-03	-7.61E-03	-7.11E-03	-0.010323	-0.012185	-0.0069357	-0.009488	-8.12E-03	-0.00089133	-5.27E-03	-0.0060515	-7.12E-03	-3.81E-03	-5.09E-03	-0.010927	-7.11E-03	-1.88E-04	-2.18E-03	-0.0047133	-6.88E-03	-6.03E-03	-2.00E-03	-0.0061424	-5.54E-03	-0.0097136	-8.93E-03	-7.84E-03	-0.0030411	-9.57E-03	-6.59E-03	-1.04E-02	-0.00036253	-3.28E-03	4.01E-04	-0.0048464	-6.41E-03	-1.82E-03	-0.0079371	-7.31E-03	-1.82E-03	1.59E-03	6.04E-03	-9.42E-04	1.53E-03	-5.62E-03	-4.34E-03	-1.33E-03	-1.79E-03	-2.70E-03	6.26E-04	-0.0023935	-1.11E-03	1.07E-03	-4.07E-03	-5.86E-03	-0.003191	-0.0083244	-1.05E-02	-1.20E-02	-1.53E-02	-0.0074811	-7.02E-03	-3.91E-03	-1.21E-03	-6.93E-03	-4.08E-03	-0.00046577	-0.0044132	-0.0046495	1.50E-03	1.41E-05	-3.98E-03	-3.66E-03	-0.0062369	-4.20E-03	-0.0099234	-7.19E-03	1.20E-03	-0.009426	-6.23E-03	-7.54E-03	-0.0065173	-0.010472	-0.0021816	-0.0062628	-6.86E-03	r
0.020139	0.023606	0.016727	1.84E-02	0.024067	0.016758	0.025006	0.022131	0.020593	0.029661	0.03388	0.028096	0.025115	0.031633	2.86E-02	0.022436	0.0167	2.70E-02	0.026172	0.025235	0.023138	0.026487	0.026302	0.029346	0.033638	0.027874	0.026526	0.028663	0.031873	0.039761	0.038708	0.040569	0.038969	0.042709	0.042002	0.035631	0.033363	0.044711	0.051144	0.052764	0.045126	4.05E-02	0.039847	0.037972	0.034471	0.03986	4.22E-02	0.038596	0.046539	0.047528	0.054368	0.046922	0.053082	0.052826	0.062903	0.061527	0.06914	0.069778	0.067935	0.05965	0.060237	0.061248	0.061676	0.052994	0.053869	0.053056	0.044953	0.043904	0.045301	0.04268	0.042974	0.046612	0.041047	0.040819	0.031996	0.038871	0.046354	0.044101	0.047008	0.049371	0.048249	0.057279	0.057691	0.068505	0.073521	0.069309	0.074986	0.061342	0.060156	0.066462	0.068076	0.064852	0.059056	0.061784	0.052901	0.054026	0.067573	0.068863	0.062605	0.065565	0.066884	0.063895	0.06164	0.055802	0.068959	0.070072	0.069677	0.076297	0.083703	0.079349	0.075088	0.068578	0.074529	0.075097	0.074598	0.074702	0.06341	0.066107	0.057443	0.057078	0.048446	0.042181	0.040252	0.039492	0.037635	0.029339	0.034963	0.041698	0.036815	0.027395	0.02695	0.029263	0.03239	0.031852	0.032499	0.027413	0.02086	0.030733	0.030474	0.032745	0.032854	0.040947	0.049205	0.053426	0.059033	0.046114	0.043267	0.038692	0.037992	0.039447	0.036117	0.019084	0.018503	0.018245	0.029509	0.022539	0.027855	0.027985	0.030222	0.021904	0.024784	0.029475	0.038763	0.04511	0.044539	0.044337	0.047258	0.038632	0.032401	0.042111	0.030713	0.036292	0.035246	0.0187	0.013268	0.023255	0.017444	0.0073905	0.016862	0.016257	0.028155	0.024789	0.017084	0.033172	0.041889	0.041002	0.04571	0.055322	0.058576	0.070637	0.063623	0.066938	0.070317	0.068025	0.078192	0.073805	0.079184	0.078948	0.085136	0.068006	0.050924	0.03542	0.019574	0.016373	0.008339	0.0054459	0.0052083	-0.00039947	0.0010651	-0.00028081	0.012144	0.0018332	-4.51E-05	-0.0024817	0.0064464	0.0015339	0.020543	0.020705	0.024103	0.020107	0.030649	0.014625	0.019666	0.024838	0.040202	0.036702	0.041242	0.03653	0.040724	0.036549	0.042524	0.042528	0.034931	0.023879	0.028037	0.032826	0.029681	0.035921	0.034529	0.024192	0.016229	0.011312	0.017748	0.017145	0.014217	0.017285	0.019336	0.0094876	0.013679	0.0089141	0.016624	0.0070089	0.0071897	0.0021591	3.53E-03	0.013873	0.011329	0.0061281	0.0065585	0.0046732	0.01051	0.0057894	0.0064032	0.012862	0.0077443	0.011312	0.028639	0.01723	0.017487	0.01519	0.019636	0.014358	0.010205	0.012361	0.016281	0.013759	0.006135	0.010107	0.0058492	0.0124	0.015667	0.0053661	0.015717	0.016468	0.016654	0.015273	0.016648	0.018156	2.15E-02	0.016447	0.01744	0.015796	0.0095891	0.016625	0.020291	0.016426	0.020264	0.016474	0.014058	0.020594	0.020279	0.024724	0.022622	0.0084331	0.013459	2.02E-02	0.017679	0.024213	0.010114	0.0034941	0.017468	0.020976	0.025519	0.017098	0.015377	0.011424	0.011705	0.018916	0.025615	0.03005	0.025126	0.025857	0.029357	0.035453	0.03485	0.039542	0.050736	0.04837	0.0504	0.036209	0.0319	0.024143	0.02254	0.02659	0.031134	0.022775	0.028387	0.030232	0.025086	0.030367	0.047257	0.045906	0.033852	0.032367	0.032796	0.040326	0.038147	0.029567	0.027024	0.039093	0.036155	0.029564	0.033258	0.036527	0.026453	0.030513	0.03773	0.021318	0.027933	0.036202	0.038363	0.038849	0.045149	0.044845	0.041808	0.04309	0.045986	0.04535	0.04308	0.057156	0.056514	0.050428	0.044766	0.045493	0.046457	0.051836	0.058704	0.058055	0.053299	0.048202	0.040914	0.033243	0.039273	0.032024	0.028383	0.03031	0.024091	0.019931	0.024222	0.026616	0.024749	0.017442	0.019212	0.019425	0.024987	0.017462	0.021835	0.02432	0.018007	0.016493	0.018172	0.015089	0.01763	0.01436	0.0070488	0.013699	0.016067	0.023066	0.019921	0.015845	0.020037	0.021822	2.21E-02	0.025226	0.026054	0.02015	0.015442	0.012391	0.014503	0.015506	0.0064849	0.012352	0.0087687	0.020854	0.018154	0.015199	0.024668	0.029338	0.024931	0.019872	0.022038	0.019878	0.012599	0.017982	0.018406	0.021031	0.020761	0.019163	0.020345	0.018294	0.018407	0.014141	0.013057	0.011925	0.01712	0.013948	0.014863	0.024582	0.026635	0.020512	0.019141	0.023941	0.030874	0.020229	0.029492	3.30E-02	0.028921	0.035835	0.035387	0.032187	0.036903	0.042388	0.06113	0.060619	0.049081	0.054341	0.058538	0.062972	0.055653	0.052277	0.041735	0.039064	0.042763	0.047759	0.046806	0.05043	0.054746	0.060361	0.064457	0.066489	0.076914	0.085708	0.10948	0.11896	0.12974	0.14421	0.16033	0.14332	0.14632	0.14059	0.14018	0.13275	0.12317	0.11984	0.10202	0.088992	0.077272	0.067044	0.058159	0.052271	0.043509	0.04309	0.044685	0.02315	0.026309	0.019568	0.00895	0.020967	0.016217	0.013496	0.0020251	-0.0079969	-0.0056243	0.002354	-0.0014844	0.0020374	0.0032284	-0.0011063	-0.0036388	-9.22E-03	-0.0077592	-0.0062755	0.00095888	-0.0038209	-0.00085584	-0.0019476	-0.0063334	-0.0096239	0.0026554	0.0079422	5.60E-05	0.0010431	8.51E-03	0.0098815	0.0040954	-7.59E-06	0.012726	0.016828	0.013311	0.015592	0.0090846	0.016625	0.022088	0.019652	0.020473	0.025342	0.026501	0.035371	0.037545	0.033226	0.034931	0.036703	0.02498	0.029816	0.032934	0.031328	0.023551	0.021034	0.024001	0.027021	0.026009	0.028238	0.021829	0.019833	0.015861	0.013405	0.0075108	0.0092853	-0.0029872	2.86E-03	-0.0024159	0.0025108	-5.89E-05	-1.24E-02	-0.0072586	0.0024655	4.06E-04	-0.0031373	-0.010698	-0.0092606	1.76E-03	-0.0069428	-0.012676	-0.012224	-0.0085028	-1.08E-02	-3.37E-03	-1.03E-02	-0.0060013	7.49E-04	2.35E-03	-4.65E-04	-4.07E-03	-1.54E-02	-1.66E-02	-4.27E-03	-0.0068028	0.0031597	-4.39E-03	-1.70E-03	0.00035206	0.012327	0.005231	-0.0067587	-0.011268	-5.61E-03	-7.47E-03	-9.04E-03	-7.52E-03	-0.013196	-1.13E-02	-8.78E-04	-0.0060271	-7.77E-03	-8.15E-04	-0.0066627	-3.38E-03	-3.68E-03	-0.0017818	-9.38E-03	-1.46E-02	-0.010641	-2.64E-03	-5.85E-03	-0.0094541	-6.90E-03	-5.63E-03	-2.81E-03	-4.49E-03	-5.65E-03	-1.34E-02	-1.21E-02	-1.11E-02	-0.0035294	-0.0086682	-0.0036174	-1.15E-02	3.31E-04	-0.0066122	-4.28E-03	-9.43E-03	-6.50E-03	-2.32E-03	-0.0030938	-0.0051654	-1.24E-03	3.29E-03	5.31E-03	-0.0011177	1.15E-03	-0.0057129	0.000404	-4.85E-04	-0.003339	-0.0029005	0.0010188	0.0024063	1.27E-03	0.0028392	-7.52E-03	-0.0061258	-4.39E-03	-9.07E-03	-1.02E-02	-0.01063	-0.017917	-1.01E-02	-0.012805	-0.0065374	-0.0016774	-6.33E-03	-5.35E-03	-8.44E-04	-0.0048726	-1.77E-03	6.40E-03	3.23E-03	-2.23E-03	-4.82E-03	-7.19E-03	-4.36E-03	-1.28E-02	-0.012235	-0.00076487	-9.17E-03	-1.09E-03	-3.92E-03	-7.51E-03	-0.015101	-0.0057685	-0.004973	-8.89E-03	r
0.032852	2.95E-02	0.019047	2.48E-02	0.034336	0.019735	0.025454	2.62E-02	0.027267	0.038889	0.043251	0.031324	0.027107	0.037086	3.13E-02	0.023082	0.0060121	0.019463	0.021382	0.01983	0.018548	0.025937	0.025156	0.024841	0.038071	0.03322	0.023958	0.027299	0.032099	0.03751	0.037751	0.041956	0.038643	0.050234	0.047409	0.042819	0.040468	0.059582	0.065564	0.056633	0.051491	0.050392	0.043168	0.033515	0.032551	0.04369	0.045349	0.042105	0.061399	0.061538	0.066162	0.05258	0.061132	0.060907	0.074441	0.069013	0.077115	0.07775	7.80E-02	0.070459	0.066148	0.068539	0.071873	5.64E-02	0.056456	0.057639	0.049948	0.052818	0.049821	0.044458	0.045959	0.054824	0.050946	0.04999	0.04112	0.047471	0.049628	0.046126	0.047161	0.053965	0.046272	6.49E-02	0.059042	0.074157	0.08573	0.066468	0.085578	0.06071	0.058081	0.061968	0.074469	0.072248	6.50E-02	0.068756	0.053998	0.053577	0.071431	0.075322	0.071559	0.075595	0.078138	0.072579	0.065046	0.05878	0.074576	0.072138	0.079143	0.087272	0.086663	0.076113	0.070397	0.061288	0.073089	0.083136	0.082172	0.08014	0.061493	0.071832	0.055752	0.064379	0.053025	0.04457	0.043058	0.037141	0.035822	0.028196	0.037572	0.041625	0.034316	0.019269	0.020533	0.025854	0.029114	0.02843	0.023332	0.024331	0.01751	0.032895	0.030771	0.037553	0.027672	0.037395	0.044873	0.04535	0.05591	0.039304	0.039614	0.034918	0.032892	0.033145	0.035977	0.015621	0.02021	0.014848	0.035295	0.02519	0.023724	0.028338	0.034266	0.028877	0.024992	0.034687	0.046602	0.049834	0.038791	3.72E-02	0.040197	0.033913	0.029417	0.043212	0.028556	4.08E-02	0.040496	0.011054	0.010523	0.028146	0.017261	0.0071079	0.020726	0.018827	0.034386	0.02682	0.015223	0.039357	0.053473	0.048598	0.047919	0.062276	0.056096	0.072681	0.064888	0.067323	0.061725	0.061093	0.079365	0.068267	0.073911	0.07055	0.082849	0.058404	0.041702	0.028704	0.0066576	0.0055252	0.00039289	-0.0062406	-0.0025405	-0.0036385	0.0050645	-0.0022935	0.0092631	-0.006003	-0.010251	-0.011547	0.011144	0.002512	0.027424	0.024426	0.026001	0.020234	0.038674	0.0074861	0.012199	0.017265	0.038631	0.032312	0.037511	0.030777	0.042343	0.03171	0.047392	0.045358	0.037373	0.014583	0.024081	3.34E-02	0.029645	0.043146	4.64E-02	0.026869	0.012057	0.0086315	0.015786	0.016579	0.0075579	0.014608	1.61E-02	0.0058893	0.014328	0.013601	2.77E-02	1.28E-02	1.02E-02	1.52E-03	-0.0036627	9.20E-03	0.0050156	-0.00065135	0.0031207	-4.94E-03	0.00043812	0.0036445	0.00091434	0.0018399	-0.0040696	2.11E-03	0.030456	0.015545	0.012176	0.0043858	0.017059	0.011977	-0.0014908	-0.00022328	0.011817	0.013234	0.0016615	0.0095781	0.0089133	0.01037	0.011335	-0.0078521	0.01047	1.50E-02	0.018599	0.016603	0.018879	0.022222	0.027324	0.024002	0.015461	0.0094311	0.0007979	0.017497	0.024706	0.01533	0.020975	0.018574	0.014336	0.022413	0.016084	0.02412	0.02094	0.0055586	0.012174	0.024374	0.019803	2.31E-02	0.0021925	-0.0055686	0.019285	0.02233	0.031246	0.0201	0.015561	0.0077646	0.0088944	0.015267	0.019211	0.030823	0.023352	0.018201	0.024498	0.035723	0.035572	0.045175	0.059559	0.049279	0.044904	0.025373	0.020454	0.01028	0.0091981	0.016208	0.03031	0.017732	0.023051	0.025248	0.016595	0.028864	0.055282	0.04443	0.026876	0.026434	0.026233	0.034487	0.032023	0.024917	0.025272	0.03605	0.029675	0.024663	0.036211	0.038722	0.022555	0.02992	0.043251	0.02556	0.029712	0.035555	0.038709	0.045023	0.047867	0.047995	0.042086	0.041048	0.046161	0.043622	0.043386	0.066248	0.06929	0.056346	0.040779	0.043601	0.040992	0.052299	0.062783	0.061714	0.048945	0.043343	0.037215	0.025225	0.038273	0.026427	0.020396	0.026932	0.013394	0.012662	0.020618	0.025509	0.024982	0.011554	0.015097	0.019793	0.024116	0.017957	0.016209	2.11E-02	0.015441	0.013042	0.013092	0.01065	0.014685	0.015329	0.0081005	0.014151	1.92E-02	0.020697	0.022036	0.024346	0.034353	0.031999	3.03E-02	0.039518	0.028457	2.19E-02	0.009895	8.22E-03	0.013641	0.016223	0.002702	0.012846	7.90E-03	0.025538	0.020341	0.013463	0.027946	0.025718	0.022993	0.013999	0.020954	0.012975	0.0082664	0.017349	0.018768	0.022981	1.82E-02	0.018066	0.022434	0.013168	0.016324	0.013492	0.013603	0.0051263	0.011817	0.010191	0.014565	0.026589	0.027932	0.01519	0.014369	0.02349	0.032172	0.012583	0.025909	0.036015	0.028335	0.03658	0.034459	0.032953	0.030445	0.038026	0.06268	0.061316	0.041374	0.042767	0.049263	0.062814	0.048678	0.046115	0.027991	0.025304	0.04225	0.052923	0.04852	0.050184	0.050367	0.055492	0.057312	0.062697	0.075211	0.085939	0.1126	0.11883	0.12357	0.14335	0.15675	0.13253	0.12563	0.11885	0.12402	0.11574	0.11181	0.11192	0.088166	0.074697	0.068573	0.061244	0.050416	0.046368	0.035955	0.035534	0.045156	0.011903	0.019687	0.012584	1.69E-05	0.019283	0.017998	0.013386	-0.0044287	-0.017388	-0.012365	-0.0024703	-0.0074515	-0.0018172	-1.21E-03	-0.0053933	-0.014131	-2.00E-02	-0.015734	-0.019406	-0.0077142	-1.17E-02	-0.000291	-0.0025516	-8.13E-03	-0.02335	-3.01E-03	0.0041985	-0.0089209	-0.0082058	0.0049244	0.014709	0.0038252	-8.18E-04	0.011548	0.011981	7.54E-03	0.01125	0.0035065	0.012192	0.019369	0.010937	0.016004	0.021537	0.018564	0.031171	0.03117	0.030567	0.034539	0.034933	0.017271	0.023623	0.030525	0.023368	0.014672	0.011093	0.011535	0.020699	0.019383	0.021723	0.018218	0.018781	0.015851	0.0085843	0.0043647	0.0077089	-0.0083825	0.00085275	-0.0083836	-0.0062952	-8.10E-03	-0.018579	-6.89E-03	0.0075594	0.0030115	0.00074146	-0.013715	-0.011916	0.0043661	-1.14E-02	-1.67E-02	-1.10E-02	-0.0089027	-6.96E-03	-0.0035983	-0.013252	-1.10E-02	-0.00012782	0.0039932	-1.27E-03	-1.08E-02	-0.01493	-1.75E-02	-5.81E-03	-1.14E-02	6.90E-03	4.37E-03	4.72E-03	-0.0002003	1.91E-02	7.38E-03	-0.0084983	-1.41E-02	-0.0072134	-0.006308	-1.27E-02	-0.0057136	-1.54E-02	-6.78E-03	1.08E-02	0.0014815	-0.0074434	-0.0026061	-9.29E-03	2.89E-03	3.18E-03	1.51E-03	-1.46E-02	-1.85E-02	-1.75E-02	-7.18E-03	-0.0098885	-0.016393	-6.64E-03	-7.93E-03	-7.00E-03	-1.96E-03	-0.0084895	-0.017412	-0.016042	-1.80E-02	-0.0039414	-3.26E-03	2.41E-03	-0.0099064	0.0026299	-1.11E-02	-0.011198	-0.017126	-0.0060577	-0.0053152	8.52E-03	-0.00040476	-1.80E-03	4.89E-03	0.0029009	-0.00073929	-0.00054703	-0.0053176	9.61E-03	2.20E-03	-0.0054126	0.00057911	-0.00091042	7.92E-03	0.0020592	4.01E-03	-0.012509	-4.21E-03	-0.0063585	-0.0090528	-0.010773	-0.0055754	-1.69E-02	-9.92E-03	-1.77E-02	-0.0080952	0.0010999	0.0016406	-4.40E-03	1.12E-03	-0.0025526	2.69E-03	1.33E-02	0.0089315	0.00077987	-0.003964	-0.004086	-0.00068733	-1.61E-02	-0.018573	-0.0066263	-0.0073181	7.96E-03	2.73E-03	-0.0081481	-2.37E-02	-1.38E-02	-1.38E-03	-1.20E-02	x
1.35E-02	0.022949	0.021217	0.023239	2.24E-02	2.94E-02	0.014996	0.010064	0.013589	0.012072	1.24E-02	0.024846	2.36E-02	0.018543	0.010592	0.010109	0.00799	1.85E-02	0.014664	1.25E-02	0.013421	7.52E-03	0.015271	5.26E-03	2.18E-02	0.020108	0.014624	0.019251	0.018548	0.016853	0.018788	1.81E-02	1.53E-02	0.016459	1.46E-02	0.02461	0.021795	0.019823	0.021467	0.016833	0.015751	0.016701	0.011697	0.011687	1.24E-02	0.020622	2.44E-02	0.015046	0.017293	0.014153	0.018154	0.018076	2.29E-02	2.37E-02	0.026178	1.74E-02	0.030056	0.025596	2.71E-02	0.029202	0.019772	0.021297	0.009648	0.014278	1.72E-02	0.019387	0.029956	0.037529	0.035852	0.042011	0.042539	3.79E-02	0.026049	0.023411	0.026112	0.020672	0.023165	0.019745	0.01275	0.021254	0.023527	0.026613	0.030672	3.75E-02	4.97E-02	0.05773	0.065504	0.061497	0.081134	0.081668	0.083454	0.079168	0.067301	0.065298	0.053439	0.049091	0.043662	0.044731	0.037391	0.037267	0.029477	0.024455	0.033802	0.042321	0.032828	0.035344	0.035486	0.036216	0.038425	0.038135	0.03507	0.053978	0.058002	0.057539	0.053833	0.06133	0.069987	0.078106	0.066232	0.065238	0.063332	0.049061	0.050805	0.042914	0.030724	0.030742	0.026576	0.027064	0.025149	0.038474	0.039296	0.030178	0.036214	0.033633	0.035849	0.038744	0.049431	0.04323	0.035904	0.030959	0.036196	0.026272	0.028067	0.029077	0.034265	0.036695	0.036824	0.040195	0.05335	0.051999	0.046106	0.037729	0.040135	0.039517	0.029034	0.028283	0.029049	0.032073	0.03578	0.025533	0.023538	0.0288	0.033484	0.045568	0.048144	0.055831	0.058739	0.050308	0.058284	0.058796	0.052171	0.048313	0.033985	0.030703	0.030847	0.028459	0.01739	0.012768	0.021427	0.020234	0.013556	0.016648	0.020694	0.015661	0.019795	0.019174	0.020515	0.020312	0.029535	0.049382	0.0623	0.059658	0.073902	0.081417	0.083779	0.078914	0.093921	0.10802	0.10958	0.10408	0.10247	0.083401	0.070261	0.050333	0.036646	0.028103	0.0068839	0.0081809	0.017268	0.023084	0.01819	0.016002	0.0092514	0.011165	0.0052275	0.023921	0.019096	0.0081185	0.0087106	0.010503	0.015829	0.017998	0.028937	0.04149	0.050121	0.070103	0.092974	0.11854	0.11877	0.11351	0.092245	0.079313	0.069742	0.051912	0.049061	0.043288	0.037621	0.037358	0.040861	0.04294	0.036488	0.026036	0.020716	0.021856	0.033361	0.024944	0.011524	0.0080184	0.010509	0.014997	0.015377	1.21E-02	0.01191	8.10E-03	0.011097	0.0078004	1.64E-02	0.015875	8.12E-03	5.43E-03	0.0078732	0.019914	0.020788	0.01177	0.014649	0.022128	0.014278	0.016049	0.021268	0.018147	0.019242	0.017126	0.0091143	0.0049408	0.012583	0.016276	0.011904	0.018528	0.012014	0.01434	0.023986	3.06E-02	0.027991	0.023991	0.029227	0.031945	0.030358	0.023295	0.023051	0.013475	0.0094286	0.0031998	0.0023623	9.21E-03	0.019657	0.019431	0.015746	0.024014	0.020071	1.59E-02	0.016393	0.020207	0.015648	0.020322	0.023539	0.034025	0.028674	0.027337	0.030811	0.035895	0.039704	0.035971	0.028932	0.02353	0.017267	0.023639	0.030774	0.031577	0.041489	0.041603	0.033188	0.03296	3.40E-02	0.036845	0.03337	0.038799	0.032912	0.026926	0.048814	0.053456	0.05531	0.058952	6.27E-02	0.054688	0.059175	0.046662	0.047846	0.056275	0.061921	0.057101	0.050364	0.045055	0.045877	0.047558	0.046402	0.045589	0.055671	0.051197	0.041147	0.044736	0.045325	0.042942	0.036804	0.043456	0.043912	0.045626	0.031745	0.023528	0.03351	0.040936	0.04768	0.055845	0.064271	0.057777	0.050285	0.06139	0.057344	0.062196	0.063804	0.063442	0.066572	0.077331	0.075792	0.070176	0.062267	0.062478	0.067434	0.07446	0.078458	0.091716	0.10064	0.11644	0.12814	0.14268	0.13713	0.11755	0.093473	0.071732	0.058126	0.054136	0.050635	0.042844	0.046434	0.056726	0.051313	0.04818	0.04385	0.033645	0.03325	0.036078	0.035184	0.034987	0.047039	0.04405	0.029926	0.028338	0.035928	0.034775	0.034864	0.041522	0.038354	0.028704	0.036912	0.030688	0.027621	0.031939	0.035017	0.032272	3.39E-02	0.02744	0.022741	0.026511	0.02521	0.021849	0.0087727	0.015991	0.024282	0.016935	0.022394	0.016185	0.025821	0.019568	0.01845	0.023486	0.037444	0.028382	0.024626	0.026388	2.89E-02	0.035706	3.31E-02	0.027944	0.023935	0.021086	0.025261	0.02496	0.025937	0.019999	0.017235	0.012494	0.009292	6.53E-03	0.015389	0.01567	0.0094727	0.00953	0.0015588	-0.0012345	0.004078	0.0088634	0.010804	0.021356	0.025828	0.033739	0.030908	0.032238	3.69E-02	0.026481	0.025018	0.034387	0.036599	0.037031	0.031089	0.033019	0.036828	0.042832	0.045447	5.16E-02	0.051872	0.044766	0.04876	0.048269	0.049157	0.054656	0.051874	0.048328	0.055956	0.047808	0.054313	0.060912	0.059695	0.051977	0.050157	0.049934	0.047998	0.042013	0.047095	0.03929	0.034251	0.02364	0.02685	0.022822	0.025964	0.028219	0.03063	0.0283	0.027768	0.029572	0.031604	3.68E-02	0.024619	0.020927	0.020708	0.021679	0.02772	0.032358	0.03549	0.031375	0.021559	0.019686	0.019027	0.013439	1.04E-02	0.013101	9.85E-03	0.013454	0.011911	0.012631	0.0076678	0.014045	0.027226	0.017057	0.016449	0.014958	1.62E-02	0.01842	1.40E-02	0.013422	0.0091242	1.73E-02	0.024102	0.025619	0.026127	0.031771	4.11E-02	0.045762	0.043018	0.043512	0.049863	0.057215	0.061163	0.057165	0.054274	0.060831	0.060118	0.058777	0.059218	0.046549	0.041906	0.050742	0.05908	0.045322	0.044418	0.044715	0.041928	0.034808	0.027017	0.022015	0.022466	0.028464	0.035695	0.020187	0.016061	0.014166	0.024199	0.019641	0.014667	0.027785	0.022826	0.016103	0.013697	0.0044186	0.013422	0.011912	0.007699	0.0014641	0.0042584	0.0036993	0.0085022	0.0034838	-0.0004285	0.0044963	-0.0023884	0.0018304	0.0050313	0.013194	0.0078651	0.011728	0.0042394	0.011701	0.010123	0.015684	0.00057557	0.0063807	0.0022416	0.0047145	0.010536	0.0039709	-0.0067924	-5.43E-03	0.0081652	0.0061303	7.30E-03	0.0075298	5.92E-03	0.0047969	0.0091947	-0.0021768	-4.85E-06	0.0059994	-0.00013352	-0.0042242	-0.0015627	0.0023358	0.010484	1.07E-02	0.0057779	1.15E-02	0.018685	0.0085992	0.0036883	0.012287	1.01E-02	0.00069546	0.0028842	1.40E-02	1.33E-02	0.0092556	0.0031365	0.0057341	0.0042129	0.0014635	2.55E-03	-0.0029037	0.0066414	0.01517	1.32E-02	0.015442	0.014043	1.63E-02	0.019409	0.019034	1.89E-02	9.04E-03	0.0092849	9.53E-03	0.0074374	0.0032933	0.0086381	-1.42E-03	-0.0014216	-0.0021016	0.0058437	4.63E-03	2.14E-04	-4.45E-03	-4.10E-03	5.60E-03	-0.0045634	0.0034884	0.0074789	0.011289	1.36E-02	0.010446	-0.0026784	0.0090891	0.004878	0.0043339	0.0071375	0.0086446	-0.00067407	0.003057	-0.00093574	-0.00064885	0.0061253	9.04E-04	-2.39E-04	3.25E-03	0.00027695	-9.34E-04	0.0038403	8.67E-03	x
0.012211	1.86E-02	0.019794	2.33E-02	0.01889	0.02746	1.51E-02	0.010876	0.012278	0.011284	0.014441	0.02014	0.018897	0.012471	0.0090794	0.012647	1.09E-02	0.01733	1.43E-02	0.015548	0.010165	0.0086448	0.015565	0.0087223	0.023285	0.021296	0.015831	0.018947	0.019669	0.020158	0.017754	0.017674	0.017959	0.021465	1.74E-02	0.023623	0.022923	0.021297	0.022193	0.020638	0.021326	0.017761	1.53E-02	0.015678	1.59E-02	0.022754	0.021739	0.014061	0.01867	0.017645	2.06E-02	2.03E-02	0.024953	0.029551	0.031771	0.02531	0.035315	3.04E-02	0.030956	0.032973	0.028979	0.025784	0.015257	0.02026	2.46E-02	0.025007	0.032525	0.034927	0.03765	0.041635	0.041964	0.03758	0.027004	0.024393	0.02791	0.019773	0.023328	0.024842	0.021598	0.025817	0.028201	0.031574	0.034014	0.042134	0.054303	0.06089	0.065758	0.066558	0.08358	0.085325	0.087082	0.080223	0.068641	0.067781	0.057255	0.051451	0.0477	0.047822	0.039916	0.039265	0.033687	0.03022	0.034096	0.039375	0.031822	0.0362	0.038878	0.040837	0.041159	0.041174	0.042833	0.05735	0.062404	0.064509	0.064452	0.069915	0.074782	0.07713	0.06709	0.061426	0.057417	0.047262	0.048691	0.0429	0.030998	0.031444	0.025475	0.029583	0.028557	0.037552	0.039534	0.033836	0.040826	0.037313	0.035729	0.036814	0.048397	0.04372	0.038508	0.037314	0.03951	0.032427	0.033882	0.035746	0.039472	0.044507	0.045012	0.045529	0.056603	0.054225	0.047851	0.037907	0.037199	0.039427	0.030976	0.02841	0.031359	0.031165	0.031679	0.027103	0.025774	0.030728	0.034357	0.045367	0.04916	0.055244	0.062174	0.056654	0.058936	0.060368	0.053081	0.047837	0.035545	0.030314	0.028654	0.027224	0.018457	0.013387	0.019065	0.019914	0.013272	0.015088	0.018016	0.017955	0.019548	0.023378	0.025704	0.024759	0.032727	0.055946	0.067771	0.06676	0.078776	0.085985	0.091815	0.088719	0.1	0.10865	0.11383	0.11193	0.10497	0.090235	0.07201	0.056343	0.03973	0.029955	0.012888	0.012966	0.019217	0.019834	0.02126	0.021852	0.01315	0.015064	0.010879	0.020918	0.018777	0.012564	0.014797	0.014216	0.017963	0.023508	0.036094	0.049783	0.058512	0.075408	0.090835	0.11393	0.1148	0.10949	0.090462	0.075152	0.065544	0.048956	0.047521	0.04183	0.037152	0.039392	0.041279	0.037791	0.035657	0.028267	0.0212	0.025019	0.032047	0.02023	0.014197	0.0090351	0.01011	0.014475	0.011643	0.010569	0.0079393	8.83E-03	1.05E-02	0.0079608	0.014347	0.015253	0.009093	0.0070372	0.0093434	0.018662	0.015942	0.011874	0.014809	0.019076	0.014025	0.013903	0.01657	0.014984	0.01457	0.014075	0.010772	0.0099655	0.015744	0.021684	0.014371	0.021202	0.016637	0.018761	0.023363	0.029637	0.028006	0.023295	0.027957	0.030191	0.02819	0.022447	0.018245	0.010567	0.010182	0.0071147	0.0049683	0.0092517	0.015019	0.015401	0.014071	0.02235	0.018265	0.015286	0.018384	0.018541	0.016398	0.022881	0.029629	0.033042	0.026943	0.027119	0.028042	0.031866	0.037482	0.034648	0.027551	0.025117	0.016899	0.020034	0.029579	0.031352	0.04133	0.040317	0.033002	0.031405	0.032669	0.032508	0.032738	0.03837	0.031695	0.030051	0.047786	0.052443	0.052502	0.054699	0.056065	0.051259	0.054978	0.046652	0.046393	0.053551	0.054465	0.050686	0.043075	0.042543	0.045715	0.047234	0.046217	0.046246	0.053596	0.048554	0.039143	0.040029	0.039894	0.036539	0.032752	0.038514	0.037346	0.037854	0.03423	0.028394	0.033617	0.0405	0.048527	0.055837	0.062018	0.055299	0.051858	0.059885	0.056619	0.062448	0.06273	0.064681	0.067777	0.076741	0.07255	0.0681	0.062514	0.062998	0.06868	0.070068	0.074281	0.083751	0.090346	0.10449	0.11559	0.12937	0.12513	0.10725	0.085398	0.065975	0.054154	0.050268	0.046248	0.039016	0.043171	0.048866	0.043158	0.041777	0.037346	0.029974	0.032205	0.032106	0.030782	0.030657	0.039394	0.037529	0.027366	0.030238	0.033508	0.032039	0.034684	0.037818	0.03258	0.026957	0.034387	0.029145	0.022805	0.026968	0.029473	0.025947	0.029632	0.02659	0.023543	0.027698	0.026533	0.023831	1.07E-02	0.015928	0.021175	0.016465	0.021851	0.018681	0.024606	0.018197	0.017493	0.022301	0.031528	0.027205	0.023679	0.023009	0.024986	0.033577	0.031023	2.69E-02	0.022667	0.02031	0.027179	0.027628	0.025174	2.23E-02	0.020529	0.015795	0.012757	0.0095384	0.015432	0.016162	0.01355	0.012335	0.0058208	0.0056999	0.0135	0.011769	0.012129	0.021616	0.028955	0.035533	0.035311	0.034419	0.036312	0.031651	0.028241	0.036153	0.036674	0.037909	3.55E-02	0.035305	0.036375	0.041482	0.04393	0.048953	0.05052	0.04741	0.050964	0.051944	0.052605	0.06026	0.059249	0.05851	0.067091	0.065508	0.070601	0.074617	0.072994	0.065203	0.063057	0.060991	0.056544	0.047256	0.048714	0.043236	0.040453	0.03323	0.033049	0.029423	0.030684	0.029169	0.033334	0.031818	0.033042	0.03097	0.032933	0.033333	0.024416	0.020514	0.020105	0.021917	0.026008	0.02389	0.027981	0.022266	0.015344	0.01377	0.013796	0.012786	0.013598	0.012955	0.0085565	0.014802	1.30E-02	0.013111	0.008124	0.012327	0.019883	0.013941	0.018544	0.018113	0.015442	0.01716	0.013564	0.014925	0.012383	0.018458	0.023169	0.021844	0.025942	0.031743	0.039976	0.043363	0.042078	0.042669	0.047415	0.051674	0.057845	0.053732	0.04908	0.053116	0.053373	0.053549	0.050328	0.040863	0.039003	0.044865	0.052044	0.043818	0.04195	0.039711	0.036483	0.031656	0.027	0.021147	0.022728	0.02477	0.029372	0.019266	0.015122	0.013559	0.022684	0.016411	0.011346	0.021821	0.018871	0.014754	0.016313	0.0082263	0.013858	0.014675	0.010226	0.0026718	0.007722	0.0043259	0.010109	0.0075326	0.0031833	0.006536	0.001741	0.0032421	0.0017444	0.0081977	0.0051387	0.0093031	0.0054916	0.011525	0.0089037	0.012192	0.001197	0.0062358	0.001594	0.0038845	0.0092953	0.0026881	-0.0052587	0.0019246	8.04E-03	0.0077533	0.0086707	0.0080977	5.96E-03	0.0022967	0.0043789	-0.0037453	-0.0012357	0.0033094	-0.00033547	-0.0011105	-0.0022845	0.00046399	5.28E-03	0.0078142	0.0074306	1.27E-02	0.014894	5.06E-03	0.0050457	0.010234	7.96E-03	1.25E-03	2.38E-03	0.0087988	0.0072284	0.007172	3.90E-03	4.01E-03	0.0059193	0.0033768	1.82E-03	-0.00063302	0.006696	1.32E-02	0.010381	0.012433	0.0084254	1.30E-02	0.017142	0.015759	0.013675	0.0068921	0.0091786	4.58E-03	1.35E-03	0.0011387	4.58E-03	-0.0012314	0.0010878	-0.0020619	0.0019903	2.23E-03	-4.82E-03	-0.0075609	-0.0033213	0.007741	-0.0018762	0.0019674	0.0051857	0.0097604	8.65E-03	0.0032804	-0.0028453	7.16E-03	5.24E-03	0.0043698	0.0038323	7.17E-03	-0.001384	8.60E-04	-0.0029129	-0.0038701	0.0033461	1.46E-04	-7.68E-05	0.00072601	1.57E-04	-2.25E-03	3.32E-03	6.40E-03	x
1.36E-02	1.71E-02	0.020615	0.014888	2.40E-02	0.014127	1.06E-02	0.010254	9.59E-03	0.01434	1.73E-02	0.015511	0.0094839	9.49E-03	1.39E-02	0.013404	1.62E-02	0.014225	0.0168	0.0095374	0.011376	1.77E-02	1.23E-02	0.024782	0.021849	1.70E-02	0.018974	0.020019	0.023106	0.018291	0.018154	1.99E-02	2.47E-02	1.89E-02	0.023038	0.02391	0.021265	0.021676	0.02355	2.50E-02	0.019941	0.01921	0.019412	0.019263	2.47E-02	0.021801	0.014034	1.91E-02	0.020607	2.29E-02	0.021585	2.55E-02	0.032869	0.036772	0.033754	0.039063	0.033875	0.035476	3.74E-02	0.036831	0.029327	0.021819	0.024969	0.028429	0.027864	0.03301	0.033592	3.85E-02	0.039904	0.040499	0.037237	0.028953	0.025003	0.028779	0.020112	0.024955	0.029515	2.82E-02	0.030853	0.033243	0.036187	0.038643	0.046665	0.057089	0.062445	0.064526	0.06976	0.083907	0.086884	0.089175	0.080498	0.069226	0.068533	0.060171	0.054575	0.050785	0.050534	0.043137	0.042229	0.038152	0.035971	0.036133	0.039249	0.034129	0.038237	0.040939	0.045053	0.04565	0.046571	0.050192	0.060328	0.065955	0.06963	0.070818	0.073825	0.076543	0.07467	0.065752	0.057186	0.052732	0.046302	0.047005	0.043093	0.032262	0.032155	0.025849	0.032385	0.030498	0.035612	0.038603	0.036238	0.042448	0.039142	0.03581	0.035603	0.045923	0.041946	0.039317	0.040374	0.040585	0.036501	0.038059	0.039548	0.043499	0.049396	0.050684	0.049919	0.057896	0.054838	0.047366	0.038509	0.035883	0.03941	0.033081	0.028469	0.031409	0.02852	0.027325	0.028026	0.028856	0.033617	0.037012	0.045415	0.049633	0.05385	0.061246	0.058815	0.058299	0.058851	0.051889	0.045539	0.034657	0.029225	0.02563	0.024599	0.017253	0.01195	0.014794	0.017883	0.012568	0.014172	0.016299	0.020093	0.020028	0.027244	0.03053	0.030886	0.038151	0.060834	0.072265	0.072151	0.082458	0.08865	0.096091	0.095012	0.1026	0.10799	0.1142	0.11429	0.10363	0.090787	0.07038	0.058148	0.041425	0.030042	0.016156	0.015934	0.019898	0.017152	0.021641	0.024966	0.01588	0.01679	0.015059	0.018188	0.017852	0.017214	0.020144	0.018844	0.021646	0.02897	0.043078	0.056646	0.065833	0.079233	0.08855	0.10625	0.10693	0.10086	0.084137	0.068046	0.058708	0.045572	0.044633	0.039925	0.0367	0.039453	0.039515	0.032622	0.033111	0.028276	0.021792	0.026812	0.02936	0.016906	0.015844	0.01057	0.0096643	0.013208	0.0089912	0.0099316	0.0065609	0.010994	0.011859	0.0094788	0.012936	0.013164	0.0104	0.0079911	0.010168	0.015897	0.012946	0.012502	0.015061	0.016747	0.01526	0.014647	0.015998	0.014247	0.01257	0.013215	0.013237	0.014217	0.019359	0.02417	0.016454	0.021788	0.019421	0.022248	0.023479	0.027355	0.025477	0.02203	0.025719	0.026314	0.024027	0.020931	0.014935	0.0076027	0.010377	0.010209	0.0080788	0.010484	0.013199	0.012112	0.011944	0.019938	0.017305	0.015772	0.019725	0.016853	0.017269	0.022668	0.031541	0.03058	0.025088	0.02614	0.024603	0.02674	0.032344	0.030633	0.024981	0.024003	0.01696	0.018882	0.027148	0.029434	0.039507	0.037977	0.032368	0.030026	0.031192	0.029253	0.031395	0.035963	0.031201	0.032671	0.046381	0.050397	0.048936	0.050754	0.049784	0.046566	0.050041	0.046534	0.044089	0.048645	0.047434	0.045192	0.038443	0.040265	0.043732	0.045157	0.044861	0.044561	0.049287	0.04472	0.036552	0.035119	0.036525	0.033689	0.03054	0.034628	0.033283	0.032679	0.035841	0.032035	0.034454	0.040125	0.048492	0.053667	0.057094	0.050387	0.050838	0.057672	0.056095	0.06114	0.060716	0.062256	0.065695	0.073755	0.068667	0.065435	0.061854	0.063142	0.069799	0.067826	0.070285	0.075195	0.080633	0.091131	0.10145	0.11307	0.10998	0.094314	0.075689	0.058994	0.048783	0.04465	0.040944	0.034936	0.038036	0.040474	0.035473	0.034118	0.031838	0.026756	0.03106	0.028983	0.027315	0.028349	0.032878	0.031855	0.024265	0.029508	0.029818	0.026993	0.031527	0.031858	0.026018	0.024964	0.031053	0.025473	0.018788	0.022294	0.025283	0.022227	0.026656	0.024701	0.023334	0.025889	0.025799	0.024363	0.01397	0.016442	0.020139	0.018493	0.023101	0.02108	0.024254	0.016995	0.016123	0.020765	0.027013	0.025621	0.021649	0.019368	0.022154	0.029383	0.026887	2.50E-02	2.12E-02	0.018679	0.02574	0.026455	0.022834	0.021049	0.021425	0.017622	0.015176	0.013466	0.016887	0.016606	0.017147	0.016543	0.01143	0.013008	0.019952	0.016116	0.01642	0.025242	0.032889	0.038177	0.039741	0.03679	0.037838	0.038029	0.033325	0.039205	0.039136	0.040066	0.039899	0.037745	0.039256	0.043317	0.045434	0.049039	0.051385	0.051561	0.056268	0.057955	0.059221	0.070087	0.071357	0.074884	0.083975	0.087297	0.090641	0.093225	0.090861	0.082746	0.07963	0.074908	0.067663	0.055786	0.054915	0.049512	0.049326	0.04308	0.040064	0.036138	0.036413	0.03195	0.035797	0.035152	3.64E-02	0.032794	0.034703	0.031867	0.025851	0.021502	0.020725	0.02317	0.024296	0.018857	0.023338	0.016861	0.012849	0.010964	0.011199	0.01293	0.016388	0.013235	0.0079551	0.01578	0.014437	0.013576	0.0097708	0.01144	0.0149	0.012216	0.01918	0.022276	0.016259	1.72E-02	0.01418	0.018031	0.01764	0.020166	0.02282	0.021163	0.027298	0.032698	0.039021	4.10E-02	0.041604	0.042799	0.046436	0.048693	0.055655	0.050707	0.044675	0.046171	0.047694	0.048472	0.042972	0.036704	0.03817	0.041557	0.045662	0.041368	0.038286	0.034446	0.031248	0.02834	0.02556	0.019289	0.021336	0.020036	0.022564	0.016692	0.013948	0.013862	0.021044	0.013276	0.0083802	0.016118	0.014428	0.012075	0.017109	0.010463	0.012954	0.014981	0.010734	0.0038617	0.010069	0.0051743	0.01045	0.0091826	0.0046067	0.0072129	3.24E-03	0.0048307	-0.00016055	0.005063	0.0035085	0.0075153	0.004717	0.010024	7.66E-03	0.009843	0.0015486	0.0052507	0.00073639	0.0024736	0.0074169	0.0013605	-0.0043557	0.0049617	0.0068099	6.78E-03	0.0077418	0.0071712	0.0052293	0.00075052	0.00028297	-0.0038093	-0.0011435	3.56E-03	6.01E-04	0.00094882	-1.79E-03	-8.68E-04	0.0005696	0.0031374	0.0069234	0.011577	0.010019	0.002194	5.36E-03	0.006715	0.0049892	0.0015014	1.59E-03	0.0050392	0.0032728	5.69E-03	4.61E-03	2.10E-03	6.29E-03	0.0039027	5.79E-05	-0.00074586	0.0040941	0.0087237	0.0064817	0.0081774	0.0023849	0.0081988	0.01288	0.011198	0.0085024	0.0048902	6.61E-03	0.00012956	-2.83E-03	-0.00012268	2.37E-03	0.00076672	2.77E-03	-0.0022476	-0.0023193	-7.66E-04	-0.0078796	-0.0077643	-1.96E-03	0.0090434	0.0011931	2.29E-03	0.0046531	0.0097822	0.0054051	-2.74E-03	-2.99E-03	0.0049049	4.13E-03	0.0048255	0.0022639	0.0064072	-8.94E-04	6.76E-04	-0.0033158	-0.0056306	0.00010223	-0.0005884	-0.00054752	-7.47E-04	0.00030638	-2.42E-03	0.00276	4.45E-03	-0.00035356	x
9.20E-03	0.014149	0.016052	0.01073	0.01955	1.26E-02	9.30E-03	0.0084788	0.0084459	1.35E-02	0.015869	1.34E-02	0.0095536	0.011611	0.015274	1.67E-02	1.58E-02	0.01486	1.72E-02	1.15E-02	0.01494	0.021675	0.016867	0.025777	2.13E-02	1.80E-02	1.91E-02	0.020138	0.025364	0.020469	0.019559	0.020997	0.026036	0.019264	0.022426	0.024568	0.020665	0.021665	0.025891	2.70E-02	0.023066	2.35E-02	0.023344	0.02301	2.68E-02	2.42E-02	1.53E-02	0.019755	0.023471	2.58E-02	0.023131	0.025879	0.034636	0.040574	0.041696	0.042395	0.037103	0.039808	4.19E-02	0.042737	0.032903	0.029135	0.029589	0.030749	0.029895	0.03234	0.033093	0.038416	0.03827	3.89E-02	0.036687	0.031739	0.025504	0.029112	0.022607	0.028306	0.034674	0.033147	0.035892	0.037585	0.040837	0.044246	0.050844	0.058886	0.062496	0.062716	0.070788	0.082357	0.085382	0.088016	0.078589	0.068558	0.067219	0.061729	0.058155	0.053662	0.052782	0.047159	0.045921	0.043259	0.042109	0.039585	0.041963	0.04003	0.042018	0.043346	0.049985	0.052348	0.053766	0.057235	0.063141	0.06809	0.072333	0.073393	0.074237	0.075446	0.071074	0.06278	0.053382	0.049075	0.04576	0.045949	0.043406	0.034209	0.032729	0.027753	0.035147	0.031942	0.033257	0.036954	0.037345	0.04137	0.039438	0.036257	0.035494	0.042879	0.038726	0.038539	0.041314	0.040445	0.039605	0.041705	0.041593	0.046083	0.05148	0.05289	0.052464	0.057138	0.053121	0.043726	0.037841	0.034705	0.038628	0.034056	0.028667	0.030497	0.025868	0.023609	0.028485	0.031576	0.035876	0.039818	0.045685	0.050216	0.052952	0.057829	0.057406	0.056123	0.054629	0.048659	0.041868	0.032327	0.027865	0.022719	0.021698	0.014649	0.0098956	0.01034	0.015617	0.012816	0.014544	0.016206	0.021965	0.021146	0.030273	0.034625	0.038195	0.045303	0.063594	0.074305	0.075627	0.084242	0.089606	0.096778	0.098202	0.10209	0.10574	0.11048	0.11088	0.097624	0.085496	0.065485	0.055313	0.040988	0.028504	0.016663	0.016158	0.01848	0.015046	0.01999	0.025482	0.017107	0.01615	0.016655	0.015678	0.016601	0.021113	0.023926	0.023213	0.025696	0.033501	0.047983	0.060848	0.0697	0.079691	0.084641	0.09458	0.095039	0.088169	0.074319	0.058788	0.050993	0.041811	0.040816	0.037702	0.035768	0.037157	0.036248	0.027708	0.02875	0.025894	0.022104	0.027117	0.026127	0.015337	0.016432	0.012543	0.0092254	0.011494	0.0073703	0.0096455	0.0068286	0.013093	0.013991	0.011454	0.01208	0.010728	0.011534	0.0087312	0.010515	0.01298	0.012557	0.013601	0.015235	1.51E-02	0.016652	0.017109	0.017896	0.015366	0.012853	0.014351	0.01657	0.017822	0.022629	0.024402	0.017889	0.020509	0.020474	0.024276	0.023834	0.025105	0.022189	0.020479	0.022801	0.021279	0.019123	0.018945	0.013138	0.0057976	0.010586	0.012222	0.010743	0.012271	0.013339	0.010022	0.010238	0.017344	0.017055	0.017337	0.021488	0.016088	0.018391	0.020897	0.029794	0.027217	0.023581	0.02497	0.021418	0.021859	0.026617	0.025963	0.02199	0.021428	0.017623	0.019635	0.024422	0.026743	0.036453	0.035023	0.031496	0.029132	0.030113	0.027664	0.030271	0.033435	0.032043	0.035569	0.045541	0.048002	0.0451	0.04672	0.044189	0.041557	0.043751	0.045344	0.040736	0.042907	0.040909	0.040343	0.035878	0.038602	0.04092	0.042309	0.043001	0.04168	0.043839	0.040324	0.034488	0.031235	0.035118	0.033402	0.030028	0.031631	0.031246	0.029577	0.035139	0.033899	0.035218	0.039369	0.046921	0.050303	0.050516	0.044447	0.048004	0.054433	0.054957	0.058674	0.058056	0.057405	0.061006	0.06857	0.064162	0.062234	0.060269	0.062178	0.069458	0.066328	0.06633	0.065977	0.071108	0.077143	0.086012	0.09454	0.091935	0.079524	0.064575	0.050502	0.042185	0.038029	0.035196	0.031163	0.032132	0.03312	0.028604	0.026892	0.027576	0.02354	0.02874	0.025899	0.024196	0.026464	0.026744	0.026157	0.021097	0.026636	0.025787	0.021319	0.025912	0.024545	0.020081	0.023061	0.026584	0.021014	0.015768	0.01785	0.021376	0.019778	0.024113	0.021658	0.02195	0.022003	0.023507	0.023545	0.016767	0.016854	0.020516	0.021282	0.025117	0.02277	0.024084	0.015643	0.014834	1.93E-02	0.023547	0.023612	0.019296	0.016447	0.020217	0.024307	0.022082	0.022404	0.019775	0.017397	0.022666	0.023396	0.020379	0.018158	0.020519	0.018383	0.016873	1.76E-02	0.018946	1.78E-02	0.019876	0.02078	0.016937	0.019712	0.024084	0.020929	0.022571	0.031004	0.037159	0.040913	0.043887	0.039599	0.041153	0.044596	0.039351	0.042691	4.26E-02	0.042598	0.043564	0.039898	0.043386	4.73E-02	0.049001	5.17E-02	0.054024	0.056361	0.063105	0.066218	0.06872	0.083451	0.086993	0.095024	0.10335	0.11074	0.11222	0.11398	0.11065	0.1015	0.097116	0.089248	0.079878	0.066017	0.063356	0.057273	0.059281	0.052155	0.047105	0.042197	0.041794	0.036131	0.038232	0.037485	0.038037	0.034605	0.035583	0.030992	0.027111	0.022483	0.021203	0.023939	0.022862	0.016909	0.020529	1.47E-02	0.012314	0.010118	0.010281	0.013517	0.017937	1.28E-02	7.24E-03	0.015631	0.015653	0.013801	0.01152	0.011418	0.012697	0.011805	0.018102	0.024957	0.016701	0.01752	0.015847	0.021229	0.023129	0.021506	0.023377	0.022844	0.029554	0.033591	0.038057	0.039479	0.04181	0.0434	0.045698	0.046763	0.05336	0.047357	0.04065	0.040594	0.042961	0.043843	0.0372	0.034402	0.038309	0.039594	0.04016	0.03773	0.0338	0.029243	0.02711	0.024872	0.023061	0.01719	0.018899	0.014966	0.016934	0.013647	0.01163	0.012626	0.017851	1.03E-02	0.0056327	0.010974	0.010329	0.0093618	0.01608	0.010716	1.07E-02	0.013128	0.00855	0.0043077	0.010744	0.0065751	0.010584	0.0096739	0.0050139	0.0072857	0.0023572	0.0052196	-0.00087067	0.0035727	0.0033262	5.87E-03	0.0027412	0.0077504	0.0061998	0.0078601	1.21E-03	2.98E-03	-7.68E-04	0.00021151	0.004623	5.74E-04	-3.28E-03	4.54E-03	0.0045231	3.86E-03	0.0045963	0.0051986	3.85E-03	-0.00014977	-0.002787	-0.0033402	-0.00011154	0.0043718	1.52E-03	0.0022469	-0.00036401	-9.93E-04	-0.0028581	-0.0019746	4.35E-03	8.16E-03	0.0051753	-6.51E-05	0.0041102	0.0025726	2.23E-03	0.00086441	0.00019424	2.07E-03	0.0010125	0.0046412	5.42E-03	0.00081463	0.0048546	0.0028526	-2.63E-03	-0.0022858	8.31E-04	0.0038931	0.0035079	4.09E-03	-0.0021597	2.95E-03	7.01E-03	0.0066392	4.51E-03	3.51E-03	0.0033093	-0.0033387	-0.0051023	-7.38E-04	0.0016599	2.51E-03	0.0031417	-0.0028146	-6.18E-03	-3.74E-03	-9.20E-03	-0.0060049	-0.00025435	8.77E-03	3.46E-03	0.0028236	0.0046927	0.009838	0.0034653	-6.53E-03	-2.88E-03	0.0028689	0.0021112	4.88E-03	1.55E-03	0.0057151	-5.26E-04	1.41E-03	-2.18E-03	-0.0059494	-0.0032834	-0.0022859	-0.0014826	-1.70E-03	0.00040462	-2.61E-03	0.0014503	2.47E-03	-0.0011436	r
0.0094851	6.54E-03	1.17E-02	0.011309	7.68E-03	1.59E-02	0.011272	7.94E-03	0.0080585	0.009074	0.0132	0.015507	0.013043	1.20E-02	1.47E-02	1.76E-02	2.08E-02	0.016748	1.65E-02	0.017678	0.015097	1.83E-02	2.63E-02	0.021745	0.025841	0.020187	0.01907	0.01975	2.10E-02	0.027102	0.024065	0.022009	0.021837	2.63E-02	1.92E-02	0.021696	0.025115	2.08E-02	0.023667	2.81E-02	0.027791	0.026658	0.028003	2.72E-02	0.026989	2.96E-02	2.78E-02	0.017927	0.021328	2.67E-02	0.029332	2.59E-02	0.027227	0.036089	0.043275	0.048353	0.045987	4.08E-02	0.043119	0.045606	0.046588	0.036933	0.036372	0.034644	0.033187	0.0322	0.031593	0.033381	0.038014	0.037443	0.037543	0.035772	0.034498	0.026006	0.02923	0.027123	0.032809	0.040153	0.037279	0.040607	0.041038	0.04578	0.050446	0.054685	0.060771	0.062121	0.061393	0.069931	0.079638	0.081098	0.083281	0.074188	0.066558	0.064036	0.061755	0.061618	0.056581	0.054511	0.051261	0.049675	0.048543	0.048159	0.043762	0.046837	0.048126	0.047127	0.04719	0.056198	0.060633	0.061571	0.063609	0.066101	0.068935	0.072825	0.073488	0.072718	0.072546	0.067233	0.059208	0.050584	0.046173	0.045198	0.045488	0.043539	0.03599	0.033162	0.031002	0.037567	0.033327	0.031051	0.035064	0.037238	0.038588	0.03886	0.036644	0.035747	0.039714	0.035065	0.036659	0.041095	0.0402	0.042733	0.045588	0.043324	0.047409	0.051347	0.051904	0.05291	0.054887	0.0497	0.037723	0.035221	0.032808	0.036696	0.033229	0.029166	0.029474	0.024319	0.021206	0.028334	0.032679	0.036632	0.041691	0.046178	0.050992	0.053051	0.053689	0.053541	0.052682	0.048735	0.044156	0.037632	0.029386	0.026174	0.02043	0.019112	0.011417	0.0085025	0.0073369	0.01442	0.014543	0.016095	0.017899	0.023681	0.02303	0.032916	0.038285	0.045808	0.053161	0.064533	0.07373	0.077397	0.083779	0.088671	0.094227	0.098673	0.099348	0.10216	0.10354	0.10227	0.087139	0.075506	0.057874	0.048385	0.037847	0.025573	0.014714	0.013504	0.014836	0.013604	0.017073	0.023526	0.016596	0.013656	0.015476	0.013635	0.015501	0.023677	2.57E-02	0.026548	0.028886	0.036352	0.049776	0.061909	0.068974	0.075983	0.078284	0.08019	0.080722	0.073516	0.06314	0.049066	0.043986	0.038202	0.037162	0.035393	0.034131	0.033172	0.032231	0.023477	0.023273	0.02199	0.021703	0.026126	0.023213	0.015482	0.015909	0.014362	0.008728	0.0096634	0.0061787	0.0090448	0.007468	0.013893	0.015732	0.013029	0.011429	0.00873	0.012206	0.009758	0.01046	0.010948	0.014478	0.014783	0.015356	0.014845	0.017327	0.019916	0.020696	0.017308	0.014407	0.016596	0.020087	0.020428	0.024476	0.022986	0.01836	0.017899	0.020227	0.024749	0.0236	0.023455	0.019364	0.018872	0.019694	0.016617	0.014976	0.016985	0.012634	0.0059166	0.011451	0.013278	0.012584	0.01426	0.014646	0.0097996	0.0097572	0.015128	0.017047	0.019036	0.023466	0.016623	0.019216	0.018911	0.025848	0.023751	0.022921	0.023838	0.018874	0.018439	0.022288	0.022238	0.019225	0.018702	0.018412	0.020954	0.022096	0.024525	0.033009	0.031904	0.030629	0.028688	0.029662	0.027647	0.029946	0.032318	0.03432	0.039123	0.045334	0.045542	0.04125	0.0425	0.039504	0.037051	0.036602	0.042794	0.036765	0.037466	0.035447	0.036741	0.03523	0.037644	0.038114	0.039341	0.041126	0.038579	0.038493	0.036094	0.033839	0.029438	0.034763	0.033975	0.030615	0.029532	0.030512	0.028421	0.031774	0.033841	0.035518	0.038218	0.043872	0.046688	0.043955	0.039138	0.044557	0.050653	0.053014	0.05538	0.055006	0.051759	0.054948	0.061935	0.058945	0.058465	0.05782	0.060036	0.067035	0.064434	0.062356	0.05701	0.062141	0.064167	0.070598	0.075801	0.07296	0.064537	0.052984	0.041486	0.03538	0.031527	0.029644	0.028091	0.026602	0.028013	0.023107	0.021566	0.02456	0.02017	0.025052	0.022772	0.021269	0.024221	0.021148	0.020154	0.018132	0.022453	0.022468	0.016584	0.019218	0.017245	0.015814	0.021354	0.021517	0.017363	0.01401	0.014329	0.017747	0.01778	0.0214	0.017703	0.019258	0.016834	0.020505	0.021703	0.018011	0.016868	2.18E-02	0.023492	0.026719	0.023349	0.023719	0.014139	0.013767	0.017947	0.020863	0.021325	0.017132	0.014728	0.018917	0.019447	0.017666	0.019334	0.018318	0.016957	0.019399	0.020071	1.88E-02	1.55E-02	0.018858	0.018379	1.79E-02	0.02088	0.020636	0.01972	0.021392	0.023789	2.13E-02	0.02466	0.026181	0.025273	0.028999	0.037436	0.041264	0.042911	0.04727	0.042782	0.045263	0.050084	0.045059	0.045459	0.045303	0.044238	0.045472	0.041369	0.046973	0.051879	0.053275	0.05577	0.057337	0.061	0.069605	0.075603	0.079756	0.097979	0.10354	0.11542	0.12118	0.13169	0.13132	0.13223	0.12834	0.11749	0.11192	0.10115	0.090718	0.075667	0.071251	0.064449	0.067504	0.058681	0.052896	0.04673	0.045395	0.040135	0.039986	0.037778	0.03793	0.035433	0.034604	0.029452	0.026427	0.022171	0.020578	0.023208	0.021538	0.016971	0.01845	0.014532	0.012072	0.010105	0.010188	0.014086	0.01775	0.011154	0.0062182	0.013832	0.015837	0.013597	1.27E-02	0.011882	0.012764	0.012459	0.015737	0.02452	0.015612	0.017426	0.018184	0.023018	0.027031	0.021847	0.024354	0.02547	0.031624	0.033634	0.036726	0.03861	0.042226	0.043793	0.044332	0.044677	0.050237	0.043232	0.03692	0.036663	0.039433	0.03991	0.033147	0.03382	0.038339	0.037861	0.036049	0.033474	0.029252	0.024508	0.024406	0.021473	0.019984	0.015062	0.01614	0.01047	0.013229	0.011103	0.0079884	0.0090061	0.013123	0.0074546	0.0031183	0.0064888	0.0067714	0.0071464	0.013408	0.0088594	0.007273	0.0096748	0.0039692	0.0036096	0.0093385	0.0079301	0.010743	0.0098003	0.005066	0.0072702	-0.00032282	0.0034814	-0.00085523	0.0031482	0.0043276	0.003981	0.00040782	0.0054706	0.0050369	0.0061036	0.00011467	-0.00045019	-2.82E-03	-0.0026122	1.26E-03	9.94E-05	-0.0022226	0.0017974	0.0016077	-8.62E-05	0.00029987	0.0030618	0.0021561	-0.00093328	-4.73E-03	-0.0029766	0.0011538	3.94E-03	1.67E-03	2.89E-03	0.001227	-0.00020008	-0.0047522	-6.11E-03	7.56E-04	0.0031851	0.0012317	-2.16E-03	0.0012229	-0.0012927	0.00021685	-1.02E-03	-0.0018079	-7.56E-04	-1.68E-05	0.0037862	6.06E-03	4.51E-04	2.12E-03	0.00088795	-0.0057055	-0.0044171	-0.0016473	3.51E-04	2.41E-03	0.0011077	-4.21E-03	-1.73E-03	0.00076171	0.0029095	2.14E-03	0.002609	7.96E-04	-5.31E-03	-0.0054039	-0.00079546	0.0016692	0.0027067	2.38E-03	-3.77E-03	-8.93E-03	-6.40E-03	-0.0097242	-0.0039125	9.96E-04	6.75E-03	4.26E-03	2.13E-03	0.0040458	8.76E-03	2.02E-03	-0.0078133	-2.41E-03	0.0015076	-3.46E-04	3.80E-03	0.00069139	4.57E-03	-1.10E-03	1.81E-03	-9.63E-05	-0.0054851	-6.20E-03	-0.00498	-2.76E-03	-2.85E-03	3.22E-04	-3.36E-03	-0.00053501	0.00070456	r
0.0090951	1.08E-02	6.49E-03	1.07E-02	0.0083123	7.05E-03	1.47E-02	0.011189	7.67E-03	0.0098447	0.012065	1.40E-02	0.015789	0.014728	1.57E-02	0.01777	2.03E-02	0.025016	0.018752	1.90E-02	1.86E-02	0.018894	0.020423	3.01E-02	0.02576	0.024904	1.95E-02	0.020436	0.021518	0.023566	0.028786	2.85E-02	0.025503	0.023602	0.026679	0.019655	2.12E-02	0.025989	0.022891	0.028322	0.030496	2.82E-02	3.01E-02	0.032187	0.030242	3.07E-02	0.032815	0.031508	2.17E-02	0.024316	0.030864	0.033112	0.030289	0.030436	0.038587	0.045654	0.053495	0.050248	0.045322	0.045215	0.048522	0.048969	0.041531	0.042656	0.040132	0.03696	0.03519	0.031892	0.03468	0.037946	0.037686	0.036964	0.034792	0.036509	0.026696	0.029708	0.032717	0.037441	0.045218	0.041381	0.044962	0.044265	0.051021	0.056813	0.058605	0.063722	0.062835	0.061427	0.068172	0.076894	0.075691	0.076602	0.068506	0.063908	0.060057	0.060707	0.064662	0.059794	0.056025	0.054811	0.053064	0.053338	0.0534	0.04785	0.052797	0.056351	0.052836	0.052889	0.063623	0.069211	0.068709	0.068913	0.069658	0.069507	0.072363	0.0732	0.071132	0.069675	0.064267	0.056367	0.049145	0.043903	0.044507	0.045452	0.043231	0.036836	0.033788	0.035204	0.039535	0.034723	0.029562	0.033494	0.036386	0.035727	0.038252	0.03642	0.035271	0.036717	0.03194	0.034482	0.040451	0.040788	0.046461	0.049997	0.046189	0.048211	0.050174	0.049181	0.051881	0.052154	0.046187	0.03139	0.031197	0.03018	0.034029	0.030985	0.030074	0.028928	0.024399	0.020477	0.027701	0.031801	0.036034	0.042465	0.046951	0.051748	0.053942	0.050268	0.048698	0.048815	0.04266	0.039791	0.034018	0.026481	0.024012	0.019077	0.017327	0.0085035	0.0087257	0.0068646	0.015298	0.017585	0.018189	0.021086	0.025689	0.025936	0.036053	0.042233	0.052721	0.060605	0.064619	0.071718	0.078092	0.081619	0.086365	0.089601	0.097212	0.095673	0.098156	0.095179	0.090343	0.073846	0.062744	0.048804	0.039079	0.032093	0.0218	0.011176	0.0089569	0.0098054	0.013018	0.013781	0.019646	0.014451	0.010433	0.01233	0.012618	0.015104	0.025034	0.025834	0.028821	0.030447	0.037314	0.04858	0.060373	0.064369	0.068865	0.069769	0.06596	0.066556	0.059943	0.053226	0.040953	0.038683	0.035313	0.034806	0.033318	0.032188	0.02923	0.028432	0.020439	0.018061	0.018161	0.02052	0.024335	0.021223	0.016848	0.014387	0.015386	0.008156	0.0082795	0.005114	0.0079333	7.44E-03	0.01295	0.016362	0.013653	0.010549	0.0075144	0.012284	0.011227	0.010048	0.010231	0.017377	0.015522	0.015504	0.016656	0.017307	0.021913	0.022988	0.019002	0.015973	0.018572	0.022686	0.021618	0.024269	0.020473	0.01773	0.014727	0.019284	0.023976	0.021971	0.02234	0.017547	0.017475	0.017075	0.013914	0.012831	0.015676	0.013062	0.008044	0.013314	0.013775	0.013726	0.016318	0.016343	0.011746	0.010772	0.013577	0.016861	0.019724	0.024944	0.018367	0.019121	0.017871	0.021964	0.021009	0.02341	0.022719	0.016875	0.017115	0.020518	0.020415	0.017163	0.016943	0.018569	0.02127	0.020526	0.023742	0.030208	0.029229	0.029982	0.028624	0.029935	0.028735	0.030694	0.033488	0.037773	0.043223	0.045149	0.042856	0.037411	0.038263	0.035725	0.033528	0.029768	0.039188	0.033069	0.033028	0.031586	0.035221	0.036234	0.037033	0.035782	0.036572	0.039488	0.036026	0.034183	0.032582	0.034917	0.030009	0.034304	0.033938	0.03163	0.028336	0.030339	0.029216	0.026655	0.032301	0.035465	0.037079	0.040376	0.043905	0.039368	0.035962	0.041787	0.047247	0.050622	0.051669	0.052222	0.047276	0.049264	0.055068	0.053259	0.054379	0.054981	0.057483	0.063155	0.06164	0.058494	0.049604	0.054487	0.05401	0.056991	0.059311	0.055847	0.051242	0.042223	0.033632	0.029745	0.026362	0.024906	0.025841	0.022515	0.02558	0.019501	0.018904	0.022616	0.0169	0.020731	0.020001	0.018538	0.021633	0.016749	0.014287	0.015538	0.018086	0.020593	0.013767	0.01311	0.011442	0.013607	0.0199	0.017149	0.015782	0.013635	0.012456	0.014822	0.015946	0.018261	0.013331	0.015487	0.011254	0.017841	0.019409	0.017617	0.016702	0.023503	0.024469	0.026944	0.022834	0.023144	0.012863	0.013064	0.016825	0.018856	0.019123	0.015556	0.014377	0.018067	0.015708	0.014275	0.016085	0.016753	0.017318	0.016776	0.017534	0.018504	0.014512	0.017492	0.017906	0.018255	0.022885	0.021237	0.021874	0.021756	0.024882	0.024188	0.027295	0.026644	0.028411	0.034036	0.043167	0.044826	0.043618	0.049439	0.045986	0.048946	0.053353	0.049078	0.046416	0.045893	0.044134	0.045236	0.042047	0.048929	0.055573	0.056809	0.059712	0.060117	0.06496	0.07445	0.084691	0.090562	0.11078	0.11815	0.1327	0.1341	0.14626	0.14416	0.14379	0.14031	0.12765	0.12142	0.10859	0.097888	0.08258	0.076319	0.068922	0.071427	0.061214	0.056168	0.049217	0.046143	0.042108	0.040051	0.035342	0.036172	0.034431	0.03161	0.026458	0.022709	0.019808	0.018643	0.020606	0.019836	0.017493	0.0162	0.014689	0.010688	0.0097543	0.010014	0.014023	0.015685	0.0086235	0.0049245	0.010451	0.01429	0.012902	0.012917	0.011979	0.013677	0.013659	0.01312	0.020818	0.012806	0.016878	0.020371	0.02263	0.028145	0.020825	0.024874	0.027503	0.032405	0.032423	0.034682	0.037611	0.042086	0.04346	0.042191	0.041981	0.046437	0.038394	0.033658	0.034213	0.037239	0.036664	0.030663	0.034142	0.037426	0.035599	0.033628	0.029541	0.02538	0.02059	0.02274	0.018257	0.016863	0.012712	0.013638	0.0071162	0.011173	0.0094665	0.0035722	0.0038219	0.0080645	5.03E-03	0.0010852	0.0025253	0.0035083	0.0056411	0.0097393	0.0052955	0.0028763	0.0053886	-0.0018152	1.92E-03	0.0059455	0.0080572	0.010521	0.0099161	0.0049921	0.0071263	-0.0039683	-0.00038779	-7.45E-04	0.0029283	0.0058117	0.0016197	-1.61E-03	0.0037831	5.03E-03	0.0048612	-0.0015108	-0.0043399	-0.0049823	-0.0054107	-0.0019879	-6.22E-04	-0.0018473	-0.0017515	-0.00095261	-0.0036156	-0.003496	1.64E-03	4.94E-04	-0.0019824	-0.0056435	-0.0028562	1.80E-03	0.0015729	8.54E-04	2.95E-03	2.15E-03	0.00050497	-0.0053235	-8.18E-03	-0.0024001	-0.0019012	-1.27E-03	-4.48E-03	-2.81E-03	-4.27E-03	-0.0010074	-0.0039267	-3.87E-03	-0.0037125	-3.32E-04	0.0027486	6.00E-03	0.00063538	-0.0007841	-9.06E-04	-8.24E-03	-0.0062655	-2.53E-03	-9.89E-04	3.02E-03	-0.00044958	-0.0038848	-0.0051052	-4.12E-03	0.00045456	1.25E-03	1.83E-03	1.00E-04	-5.40E-03	-3.90E-03	-0.00039226	1.45E-03	1.15E-03	1.06E-03	-0.004912	-1.04E-02	-8.67E-03	-0.010616	-3.11E-03	0.00086561	0.003584	0.0037211	-0.00026322	0.0020606	6.20E-03	0.00032756	-7.04E-03	-0.0013814	1.03E-03	-2.70E-03	0.0013642	-1.09E-03	2.77E-03	-2.80E-03	0.00089694	0.001935	-5.03E-03	-0.0078521	-0.0078441	-4.17E-03	-4.70E-03	9.92E-06	-4.47E-03	-2.59E-03	r
1.13E-02	1.01E-02	9.70E-03	0.014229	0.0092674	0.01157	8.49E-03	0.0093032	0.016681	0.012823	0.009494	1.42E-02	1.73E-02	0.015781	0.016359	1.83E-02	1.96E-02	2.01E-02	0.021982	2.79E-02	0.020841	0.0214	0.019733	0.021427	2.10E-02	0.032047	0.028151	0.023397	0.020251	2.23E-02	0.024689	0.027714	0.030796	0.033073	0.029727	0.027393	2.85E-02	0.02144	0.021441	0.027707	0.027438	0.035284	0.033563	0.029297	0.033004	0.035534	0.031804	3.35E-02	0.0363	0.034174	0.026454	0.028966	0.036695	0.036994	0.03632	0.035664	4.31E-02	0.048733	0.057497	0.055385	0.05062	0.046753	0.051058	0.050798	0.046675	0.04761	0.045792	0.042576	0.038728	0.034022	0.037221	0.03875	0.038973	0.037584	0.034546	0.037871	0.027994	0.031339	0.038245	0.041349	0.049186	0.04606	0.049096	0.048387	0.056354	0.06312	0.063308	0.068076	0.065814	0.063061	0.066619	0.07508	0.071348	0.070744	0.063655	0.061887	0.056788	0.059494	0.067518	0.063774	0.058035	0.057937	0.05637	0.05737	0.057455	0.051273	0.058835	0.063134	0.058699	0.060263	0.071643	0.076735	0.074359	0.072887	0.074188	0.071248	0.072705	0.074484	0.070848	0.068648	0.062849	0.05539	0.049156	0.042289	0.04396	0.04561	0.042472	0.036573	0.035163	0.03986	0.041139	0.035909	0.029093	0.032636	0.035444	0.034225	0.038153	0.035285	0.033413	0.034064	0.029887	0.032919	0.039687	0.042637	0.050732	0.054551	0.050932	0.049258	0.049205	0.046529	0.050399	0.049742	0.044114	0.026675	0.027146	0.027324	0.031621	0.028512	0.031282	0.029047	0.026083	0.021505	0.027101	0.02977	0.035046	0.04278	0.047843	0.051989	0.054862	0.04815	0.044039	0.045399	0.03759	0.03696	0.032133	0.023763	0.021334	0.018837	0.016768	0.0068473	0.011062	0.0090997	0.018712	0.02144	0.020094	0.025263	0.028637	0.030104	0.040371	0.047225	0.058252	0.066853	0.064882	0.069976	0.078258	0.07882	0.083975	0.084422	0.094699	0.092032	0.09464	0.086997	0.077363	0.06003	0.049011	0.039618	0.029447	0.024286	0.01774	0.0070706	0.0042075	0.0047425	0.013325	0.010775	0.014691	0.010995	0.0077894	0.0086812	0.013279	0.015863	0.025923	0.025165	0.03072	0.030273	0.036753	0.045342	0.057435	0.057854	0.060086	0.060136	0.054734	0.054586	0.049936	0.046455	0.035956	0.035038	0.033271	0.034274	0.031747	0.030893	0.027468	0.025734	0.01886	0.014405	0.015848	0.018947	0.022216	0.020085	0.018526	0.01204	0.015309	0.0076851	0.0080927	0.0045824	0.0068057	0.0064236	1.07E-02	1.60E-02	0.013182	0.0090402	0.0069402	0.011658	0.012664	0.0092524	0.010459	0.019394	0.015161	0.015497	0.020915	0.017352	0.022482	0.023744	0.019742	0.016578	0.018885	0.023279	0.021235	0.022222	0.017217	0.016163	0.01179	0.018096	0.022399	0.018351	0.021166	0.016559	0.016518	0.015514	0.014189	0.013239	0.015642	0.014273	0.011635	0.015926	0.013995	0.014536	0.018506	0.017821	0.015519	0.012903	0.012612	0.016407	0.018712	0.025383	0.020884	0.017834	0.018291	0.020269	0.019464	0.024968	0.021317	0.014846	0.017638	0.021283	0.020662	0.015967	0.016661	0.017498	0.019508	0.01965	0.024494	0.028793	0.02751	0.029465	0.028948	0.030962	0.030479	0.032546	0.036998	0.041943	0.047243	0.043905	0.039266	0.033186	0.034013	0.032396	0.030969	0.02423	0.035004	0.030397	0.029566	0.029302	0.036227	0.038224	0.036034	0.033788	0.033923	0.037985	0.034257	0.031016	0.029898	0.037295	0.032149	0.032894	0.032778	0.03258	0.027803	0.030147	0.031851	0.021349	0.030107	0.035399	0.03647	0.037958	0.042847	0.038086	0.03565	0.040469	0.044852	0.048196	0.047875	0.050636	0.04562	0.045527	0.048996	0.047557	0.050232	0.052393	0.055633	0.059249	0.057982	0.054815	0.044496	0.048566	0.047601	0.046329	0.046438	0.042611	0.040605	0.033131	0.028241	0.026259	0.02333	0.021211	0.024203	0.020478	0.025315	0.017958	0.018575	0.021442	0.014083	0.016863	0.017961	0.015999	0.019181	0.014213	0.0093918	0.013372	0.014538	0.020177	0.012978	0.0088432	0.008245	0.013275	0.018923	0.014983	0.016605	0.014466	0.012299	0.012819	0.014357	0.014776	0.0089831	0.011179	0.0060099	0.016417	0.017289	0.01629	0.016934	0.025352	0.024348	0.025358	0.021644	0.022482	0.012359	0.012983	0.016151	0.017564	0.017423	0.014835	0.015464	0.017557	0.013501	0.012042	0.013136	0.015044	0.018026	0.014826	0.016092	0.019171	0.01541	0.016877	0.017141	0.018252	0.0237	0.020465	0.02365	0.02141	0.024078	0.026243	0.027953	0.026155	0.030037	0.036646	0.047434	0.047729	0.042957	0.050088	0.048638	0.051328	0.053784	0.050412	0.044841	0.043501	0.042321	0.04341	0.042192	0.049185	0.057186	0.058545	0.062102	0.061518	0.068108	0.077392	0.092588	0.099769	0.11976	0.12905	0.14493	0.14061	0.15231	0.14887	0.14674	0.14474	0.13101	0.12502	0.11099	0.10005	0.085404	0.077564	0.06956	0.070033	0.059347	0.056108	0.049661	0.043513	0.040768	0.037553	0.030065	0.033118	0.031426	0.027209	0.021751	0.015821	0.015382	0.015905	0.01627	0.017159	0.016991	0.013345	0.013571	0.0072469	0.0080099	0.0087211	0.012581	0.011831	0.0056719	0.0032395	0.0059957	0.01059	0.011687	0.012199	0.010664	0.01368	0.014679	0.011383	0.015111	0.0088916	0.01599	0.021409	0.020227	0.026296	0.018275	0.024139	0.027881	0.031144	0.029971	0.031642	0.035616	0.040697	0.042088	0.039667	0.038938	0.042647	0.033141	0.030996	0.032651	0.035941	0.033616	0.029031	0.034041	0.035205	0.03254	0.032598	0.026483	0.022411	0.017575	0.021074	0.014962	0.014046	0.0097148	0.011578	0.004683	0.0096865	0.0083058	-8.67E-04	-1.20E-03	0.0041877	0.0030664	-0.00018609	-0.0013453	3.48E-05	0.0049195	0.0058972	0.00076439	-1.82E-03	0.00096834	-0.0072952	-1.98E-04	0.0010901	5.84E-03	0.0091921	0.0099668	0.0045982	6.14E-03	-0.0078558	-0.0055496	-1.21E-03	0.00196	7.01E-03	-1.16E-03	-0.0029837	2.77E-03	6.89E-03	0.0045213	-0.0033016	-0.0078803	-6.81E-03	-0.0076111	-4.59E-03	-0.0019826	-2.78E-03	-0.0047167	-1.94E-03	-0.0052561	-5.38E-03	0.0012736	-1.06E-03	-3.28E-03	-5.59E-03	-2.59E-03	1.17E-03	-2.35E-03	-8.02E-04	0.0023908	1.94E-03	-1.38E-06	-0.0050062	-7.95E-03	-4.08E-03	-5.59E-03	-2.34E-03	-0.0071675	-0.0071826	-0.0063884	-1.67E-03	-7.03E-03	-5.12E-03	-6.62E-03	-3.31E-04	1.07E-03	4.64E-03	4.18E-04	-0.0027127	-1.66E-03	-9.07E-03	-0.0070238	-1.74E-03	-0.00022683	4.40E-03	-7.30E-04	-2.11E-03	-0.0068056	-6.05E-03	-6.34E-04	0.0013189	0.0010894	1.52E-03	-0.00336	-9.82E-04	3.47E-04	0.0002431	-0.0014832	-3.26E-04	-5.94E-03	-1.08E-02	-0.010514	-1.26E-02	-4.44E-03	-1.26E-03	3.07E-04	2.54E-03	-3.61E-03	-1.02E-03	0.0026378	-1.92E-03	-5.08E-03	0.00050227	1.39E-03	-4.57E-03	-2.07E-03	-3.95E-03	5.12E-04	-5.28E-03	-1.59E-03	3.01E-03	-4.97E-03	-7.49E-03	-9.70E-03	-5.46E-03	-7.33E-03	-6.66E-04	r
0.013916	1.98E-02	1.45E-02	1.50E-02	1.24E-02	1.38E-02	2.11E-02	1.60E-02	1.39E-02	0.021025	0.024252	0.018256	0.01707	2.30E-02	0.023259	0.0214	0.020971	0.027985	0.021611	0.022691	0.020079	0.021921	0.020073	0.031596	0.02925	0.022264	2.27E-02	0.024479	0.028946	0.032484	0.033021	0.037012	0.033905	0.033711	0.031931	0.024905	0.023002	0.03094	0.03461	0.043538	0.037646	0.032029	0.035253	0.037435	0.031421	0.035301	0.039747	0.035488	0.032454	0.035635	4.48E-02	0.041093	0.043471	0.042221	0.049765	0.053231	0.06104	0.061411	0.056347	0.049043	0.053976	0.052813	0.052447	0.051491	0.051349	0.049775	0.042415	0.038275	0.04111	0.04058	0.04111	0.039969	0.036144	0.039743	0.030706	0.034992	0.042914	0.044306	0.051823	0.051649	0.053009	0.054453	0.061475	0.069547	0.069604	0.073218	0.071481	0.065722	0.065758	0.07436	0.069832	0.068298	0.061688	0.062011	0.055474	0.059007	0.070878	0.069202	0.061519	0.061635	0.060621	0.061045	0.060527	0.053814	0.0643	0.067926	0.064818	0.068788	0.079197	0.082036	0.078123	0.075235	0.079679	0.075359	0.075328	0.078245	0.072086	0.070535	0.062765	0.056986	0.050549	0.041416	0.044102	0.045791	0.041589	0.035722	0.037821	0.044517	0.04252	0.036376	0.02943	0.032549	0.034778	0.034526	0.038354	0.033348	0.030399	0.031914	0.028819	0.032846	0.038603	0.045509	0.054818	0.058027	0.057023	0.050638	0.049153	0.045066	0.04897	0.047643	0.044069	0.024324	0.024602	0.024613	0.030623	0.027106	0.032288	0.029541	0.028992	0.024381	0.027209	0.02827	0.034909	0.043565	0.048159	0.050831	0.0547	0.046906	0.039885	0.042782	0.033793	0.036495	0.032654	0.020658	0.018209	0.019864	0.017688	0.0071287	0.015677	0.013483	0.024534	0.025638	0.021365	0.030109	0.033278	0.035655	0.045926	0.053671	0.062119	0.071476	0.065843	0.069742	0.077714	0.076076	0.082977	0.079768	0.091579	0.088377	0.091955	0.079371	0.064925	0.047555	0.035191	0.031032	0.020994	0.014952	0.013501	0.0030113	0.0010126	0.00084794	0.014132	0.0081296	0.0093559	0.0064284	0.0068458	0.0061431	0.016209	0.018142	0.027281	0.024722	0.03333	0.028556	0.035115	0.040977	0.054217	0.051399	0.05136	0.050496	0.048137	0.045362	0.044664	0.043373	0.034643	0.03199	0.031514	0.035342	0.030853	0.031487	0.029805	0.024649	0.018569	0.012864	0.015658	0.017665	0.019875	0.018891	0.019187	0.0089162	0.014274	0.0077987	0.010046	0.0057129	0.0066771	0.0048261	0.00781	0.015183	1.17E-02	0.0065229	0.006561	0.010029	0.012844	0.0079263	0.010548	0.0186	0.012632	0.014479	0.027333	0.018333	0.02143	0.022277	0.019238	0.015743	0.01631	0.020902	0.019328	0.019212	0.013257	0.014067	0.0098473	0.016749	0.020287	0.012211	0.018984	0.015814	0.016119	0.015242	0.017686	0.016152	0.017596	0.016703	0.015836	0.018325	0.013621	0.015334	0.02107	0.018709	0.020238	0.015429	0.012019	0.016023	0.015936	0.024777	0.023542	0.015568	0.019923	0.021975	0.019043	0.027085	0.019013	0.011763	0.019074	0.023614	0.022592	0.015491	0.017612	0.014975	0.015451	0.019083	0.025829	0.029011	0.026939	0.028443	0.029643	0.032786	0.032699	0.035443	0.042351	0.046124	0.049968	0.040161	0.033488	0.027519	0.029046	0.028479	0.029045	0.020125	0.030417	0.028757	0.026296	0.027863	0.039655	0.040138	0.033808	0.031434	0.030932	0.036153	0.032833	0.028178	0.02783	0.040047	0.034153	0.030193	0.031041	0.033164	0.027389	0.029608	0.036038	0.017261	0.028166	0.035525	0.036761	0.037983	0.043905	0.040324	0.038019	0.040583	0.043389	0.045678	0.044147	0.051205	0.047895	0.044675	0.044048	0.042183	0.045836	0.050432	0.055319	0.056725	0.053632	0.051158	0.041427	0.044087	0.044691	0.038553	0.036848	0.033628	0.03215	0.025629	0.02555	0.025135	0.022639	0.018279	0.022784	0.02044	0.026131	0.018269	0.019294	0.020723	0.011835	0.014167	0.016616	0.013551	0.017258	0.013928	0.006297	0.011695	0.012512	0.020611	0.013738	0.0071376	0.0084437	0.014706	0.019117	0.01639	0.019207	0.016091	0.013026	0.011385	0.013174	0.01138	0.0049022	0.0070288	0.0015606	0.016831	0.015902	0.014972	0.0183	0.026982	0.023766	0.022009	0.020397	0.021628	0.013044	0.013858	0.016297	0.017211	0.016508	0.015093	0.018295	0.017245	0.012658	0.010765	0.010881	0.012931	0.018378	0.012995	0.015564	0.020223	0.017625	0.016606	0.015962	0.018279	0.023931	0.018211	0.024348	0.020904	0.021798	0.028194	0.02746	0.025506	0.030155	0.036657	0.050188	0.050013	0.041081	0.048786	0.049877	0.052088	0.051278	0.04858	0.040283	0.037772	0.039553	0.041176	0.042341	0.048529	0.056188	0.057936	0.061854	0.061094	0.070352	0.078901	0.099023	0.10656	0.12385	0.13571	0.15163	0.14078	0.14921	0.14502	0.14129	0.14154	0.12823	0.12362	0.10848	0.096485	0.083477	0.075177	0.066363	0.063985	0.053575	0.05235	0.048343	0.037227	0.035569	0.031909	0.02219	0.029253	0.02715	0.022299	0.015279	0.0062755	0.0094809	0.013207	0.010506	0.013048	0.014467	0.0099023	0.010121	0.0014575	0.0040657	0.0050106	0.0089341	0.006374	0.002829	0.0007833	0.001063	0.0043568	0.0097681	0.010629	7.03E-03	0.011362	0.01479	0.011365	0.0093667	0.004853	0.014807	0.020334	0.016445	0.022161	0.014114	0.021725	0.026173	0.027444	0.026622	0.027356	0.031942	0.037585	0.039279	0.037136	0.036063	0.039469	0.027528	0.028702	0.031274	0.034462	0.029693	0.026941	0.031972	0.031758	0.028694	0.032055	0.024068	0.020001	0.015353	0.01806	0.010914	0.011501	0.0056673	0.0097964	0.0021747	0.0073553	0.0063551	-0.004977	-0.0043933	0.0025348	1.38E-03	-0.00056597	-0.0057178	-4.15E-03	0.0050387	2.43E-03	-0.0040153	-0.0060313	-0.0030794	-0.011113	-0.0021889	-0.0046641	0.00070487	6.06E-03	0.0096218	3.32E-03	0.003078	-0.011568	-1.08E-02	-2.90E-03	-0.0006827	0.0074361	-0.0038911	-3.68E-03	2.01E-03	1.09E-02	5.36E-03	-5.02E-03	-1.06E-02	-0.0080903	-8.82E-03	-0.0065287	-3.89E-03	-5.21E-03	-0.0062229	-2.61E-04	-3.86E-03	-4.68E-03	0.0015257	-0.0028834	-0.0043526	-4.39E-03	-1.48E-03	-0.001129	-6.98E-03	-0.0033653	1.01E-03	7.47E-04	-2.46E-03	-0.0041229	-0.0060713	-4.13E-03	-0.0068047	-0.0026027	-1.01E-02	-1.11E-02	-8.29E-03	-1.99E-03	-0.0091276	-4.61E-03	-8.94E-03	-1.10E-04	-0.001769	0.0014836	-1.41E-03	-0.0030137	-0.0011862	-0.0068998	-5.99E-03	0.00023577	1.81E-03	0.0054555	8.25E-05	1.28E-04	-6.70E-03	-0.0039096	-0.00034389	0.0018855	9.89E-04	4.74E-03	9.46E-04	0.0029408	1.35E-03	-2.27E-03	-4.11E-03	-1.68E-03	-0.0066026	-1.07E-02	-0.011773	-0.015677	-7.75E-03	-5.51E-03	-0.0020847	1.61E-03	-6.23E-03	-4.30E-03	-0.00099655	-4.60E-03	-2.76E-03	0.0036352	2.45E-03	-5.94E-03	-5.96E-03	-0.0072584	-1.64E-03	-0.0081112	-0.0053758	2.48E-03	-5.09E-03	-4.55E-03	-9.55E-03	-0.0064246	-1.06E-02	-0.002163	-4.51E-03	-0.0048783	r
2.30E-02	0.027095	0.02154	0.021846	2.01E-02	1.90E-02	0.025721	0.019842	0.021241	3.00E-02	3.25E-02	2.09E-02	0.018059	2.81E-02	2.64E-02	2.18E-02	0.015343	0.023347	0.019465	0.021636	0.018673	0.020529	0.017857	0.028979	0.030776	0.023153	0.026099	0.026223	0.033185	0.03552	0.034381	0.039537	0.03652	0.042055	0.036547	2.96E-02	0.026295	0.036916	0.044582	0.051515	0.043071	0.037429	0.037063	0.036942	0.028734	0.036227	0.042946	0.035788	0.040843	0.045301	0.055734	0.045708	0.050757	0.048333	0.057864	0.059164	0.064757	0.067926	0.061794	0.053831	0.058232	0.055449	0.059341	0.054971	0.056471	0.057393	0.045861	0.044596	0.04645	0.043313	0.043662	0.044983	0.040855	0.044445	0.036331	0.04157	0.046458	0.046849	0.053408	0.058311	0.056186	0.06304	0.065984	0.076718	0.078272	0.077295	0.07942	0.067808	0.064828	0.073699	0.07212	0.070775	0.063972	0.06576	0.056482	0.059665	0.075677	0.076715	0.067465	0.067441	0.067304	0.065576	0.063297	0.055412	0.068857	0.071	0.071746	0.077734	0.084529	0.083632	0.079374	0.075137	0.085233	0.082284	0.080889	0.083818	0.073602	0.075263	0.062678	0.061629	0.053284	0.04134	0.045728	0.046064	0.04123	0.035371	0.042104	0.048878	0.043695	0.03524	0.02956	0.033063	0.03394	0.035556	0.037618	0.03122	0.027534	0.030681	0.028084	0.035242	0.03657	0.048338	0.057142	0.057876	0.062094	0.051089	0.049825	0.04448	0.046597	0.044759	0.045526	0.023437	0.024941	0.02172	0.032203	0.027558	0.031869	0.029561	0.032387	0.029571	0.028591	0.0296	0.03685	0.045622	0.04633	0.046675	0.051937	0.045197	0.03572	0.0405	0.030406	0.038451	0.035737	0.01575	0.014861	0.022508	0.019936	0.0095228	0.022594	0.019026	0.032001	0.029838	0.022034	0.035917	0.040705	0.042579	0.051952	0.061441	0.064142	0.07402	0.067305	0.07117	0.07497	0.072704	0.084275	0.075767	0.087659	0.083324	0.089545	0.071248	0.05362	0.037564	0.021238	0.02282	0.014486	0.0044102	0.0084542	-0.0010438	0.0010041	-0.0012218	0.014332	0.0050554	0.0037603	0.00054565	0.0085226	0.0062099	0.021883	0.022444	0.030011	0.025559	0.03798	0.02508	0.032216	0.035607	0.051333	0.046056	0.043694	0.041706	0.046569	0.038048	0.044429	0.043539	0.036864	0.027625	0.028613	0.037238	0.030835	0.035412	0.037774	0.025112	0.018761	0.013084	0.017176	0.01741	0.016894	0.015781	0.016671	4.87E-03	0.012801	0.0094877	0.015598	0.010265	0.0087898	0.0034013	0.0045007	1.44E-02	9.17E-03	0.0024109	0.0057994	0.0065582	0.0095475	0.0058441	0.0087937	1.28E-02	0.0057849	0.010295	0.034781	2.05E-02	0.018548	0.017941	0.017372	0.01325	0.0094368	0.014419	0.015773	0.016342	0.0082753	0.011997	0.009826	0.01495	1.76E-02	0.0027767	0.014552	0.014767	0.016318	0.016084	0.023885	0.021296	0.022664	2.16E-02	0.01954	0.018494	0.011171	0.016176	0.024446	0.018708	0.024483	0.017643	0.011872	0.016412	0.011692	0.02376	0.025455	0.013041	0.021929	0.027135	0.019129	0.028758	0.01474	0.0060661	0.020106	0.025939	0.02557	0.015377	0.018762	0.011181	0.0098271	0.01826	0.025592	0.030778	0.027365	0.025553	0.030457	0.035558	0.035449	0.039317	0.048781	0.048827	0.049173	0.031996	0.023368	0.018379	0.021399	0.022166	0.027486	0.016448	0.025002	0.02682	0.021646	0.025866	0.04496	0.0404	0.029676	0.027666	0.026806	0.033207	0.03064	0.024136	0.026301	0.041981	0.033469	0.026086	0.030038	0.033088	0.026291	0.028696	0.041384	0.015231	0.027391	0.035817	0.038272	0.041273	0.046811	0.045249	0.042164	0.041454	0.042101	0.042175	0.040591	0.0548	0.05493	0.046986	0.039774	0.037176	0.040217	0.048963	0.056757	0.056468	0.048534	0.047235	0.039252	0.040064	0.044219	0.032622	0.028841	0.027776	0.024066	0.018859	0.02461	0.025871	0.024094	0.015479	0.021257	0.021687	0.026801	0.020027	0.019133	0.02031	0.0099169	0.012444	0.015291	0.010927	0.015512	0.01584	0.0056048	0.010886	0.012769	0.021063	0.015542	0.0087109	0.013113	0.018773	0.022145	0.022852	0.022218	0.01801	0.012826	0.0093689	0.012387	0.0091032	0.0013303	0.0039897	-0.0018348	0.019514	0.016006	0.014455	0.021707	0.027907	0.023461	0.017205	0.019868	0.019899	0.014902	0.015921	0.017849	0.018464	0.01634	0.016174	0.023744	0.016753	0.012364	0.010159	0.0094592	0.0095945	0.017576	0.010671	0.015818	0.021186	0.020224	0.015388	0.013702	0.018796	0.024228	0.013903	0.022848	0.020736	0.01855	0.030372	0.026478	0.025319	0.02868	0.034462	0.051816	0.051592	0.037737	0.044215	0.048147	0.051233	0.046133	0.043397	0.032164	0.028313	0.036899	0.03998	0.043348	0.048397	0.052638	0.054632	0.057779	0.058433	0.07089	0.079175	0.10363	0.10992	0.12238	0.13797	0.15259	0.13503	0.13634	0.13204	0.12857	0.13147	0.12034	0.11836	0.10067	0.08594	0.076202	0.069993	0.059988	0.055183	0.044882	0.044752	0.045441	0.026733	0.026299	0.022804	0.012063	0.025143	0.023532	0.017569	0.0067318	-0.0051797	0.0031809	0.011403	3.76E-03	0.0075361	0.0095973	0.0061608	0.0038354	-0.0062958	-0.0024895	-0.0028582	0.0023152	-0.00015993	0.00077117	-0.0029037	-0.0036814	-0.005079	0.0067163	0.0085151	0.00051849	0.0061439	0.013603	0.013724	0.0057974	0.0019746	0.013211	0.016151	1.17E-02	0.017048	0.0083746	0.017772	0.022362	0.021041	0.023106	0.021587	0.025958	0.032426	0.034076	0.034448	0.033612	0.03698	0.021009	0.025849	0.029715	0.031191	0.023214	0.02244	0.02619	0.027528	0.023823	0.03064	0.021425	0.017573	0.014012	0.012342	0.0052323	0.0087325	0.0005242	0.0081203	-0.0018367	0.0026571	0.001454	-0.0091388	-4.68E-03	0.0034797	-0.00045618	-5.25E-05	-0.010995	-0.0091491	6.17E-03	-0.0005892	-0.008475	-8.61E-03	-0.006148	-0.011821	-3.91E-03	-0.011029	-0.0071698	0.0008408	8.48E-03	0.00038981	-0.0034563	-1.47E-02	-1.48E-02	-6.42E-03	-0.0059485	0.0070211	-0.0051746	-3.64E-03	0.00094783	0.016759	7.55E-03	-6.67E-03	-0.012922	-9.05E-03	-8.81E-03	-0.0084966	-5.57E-03	-8.69E-03	-0.0057858	4.98E-03	1.40E-03	-0.001503	1.06E-03	-0.0058782	-4.31E-03	-0.0012964	1.29E-03	-5.27E-03	-1.18E-02	-7.65E-03	-0.0017451	-7.04E-04	-0.0069589	-2.62E-03	-4.12E-03	-3.43E-03	-0.0049623	-0.003355	-0.013071	-1.43E-02	-0.011179	-1.94E-03	-8.67E-03	-1.58E-03	-9.94E-03	6.72E-04	-6.34E-03	-3.82E-03	-0.006046	-1.66E-03	-0.00026072	1.05E-04	-2.42E-03	2.69E-03	4.10E-03	0.0055237	0.0022366	2.23E-03	-0.0045897	0.0033	1.74E-03	3.00E-03	3.23E-03	0.0089826	7.52E-03	7.38E-03	0.0027192	-0.0060157	-0.0056309	-3.35E-03	-6.50E-03	-0.010633	-1.19E-02	-1.87E-02	-0.01187	-0.011355	-3.00E-03	1.70E-03	-0.0054539	-6.55E-03	-0.0037798	-0.0073989	-6.08E-04	8.43E-03	4.37E-03	-7.31E-03	-0.0098435	-0.0093262	-2.64E-03	-0.011089	-9.91E-03	-0.00040492	-4.71E-03	1.36E-03	-6.93E-03	-7.04E-03	-0.014943	-5.65E-03	-0.0016829	-5.70E-03	r
0.0091776	0.0076887	0.020209	2.33E-02	0.03726	0.034996	0.028527	0.032945	0.030724	0.022044	0.026345	0.022211	0.031398	0.040178	0.042132	2.36E-02	0.019772	3.19E-02	0.028399	0.021285	0.003505	0.011933	1.30E-02	0.017097	0.015201	0.018909	0.014169	0.025216	0.036578	0.029252	0.028242	0.02528	0.035116	0.03211	0.031947	0.039523	0.034664	0.049975	0.040651	0.033554	0.031641	0.048355	0.057926	0.056398	0.049869	0.046613	0.038874	0.03226	0.023164	0.036872	0.045387	0.036218	0.054345	0.060191	0.06921	0.051088	0.056132	0.050224	0.065337	0.065368	6.91E-02	0.073377	0.065359	0.063266	0.065368	0.059514	0.068841	0.058872	0.06035	0.062569	0.048938	0.052682	0.053858	0.047084	0.045337	0.053975	4.99E-02	0.055999	0.047776	0.051965	0.049289	0.050324	0.054641	0.066219	0.057192	0.073741	0.06927	0.085563	0.089739	0.076414	0.087991	0.065724	0.060802	0.070128	0.078332	0.07758	0.070473	0.07402	5.80E-02	0.060653	0.082826	0.086094	0.076115	0.076682	0.077758	0.073358	0.066879	0.055786	0.072519	0.073141	0.080226	0.086084	0.084456	0.078744	0.076232	0.070502	0.087961	0.091017	0.088611	0.088269	0.072259	0.080833	0.059533	0.06984	0.057562	0.041922	0.050137	0.047213	0.042357	0.037056	0.04809	0.053207	0.044576	0.031081	0.027029	0.034193	0.030853	0.033836	0.033333	0.030416	0.027668	0.031548	0.026415	0.041523	0.03266	0.048571	0.054492	0.04885	0.060611	0.046988	0.049692	0.042137	0.039382	0.038866	0.047278	0.021198	0.029421	0.017132	0.03774	0.02943	0.027335	0.027348	0.034437	0.038108	0.031405	0.037093	0.042345	0.049506	0.039367	0.036493	0.043991	0.040674	0.030699	0.037241	0.025248	0.041746	0.040803	0.0066076	0.012082	0.027767	0.022305	0.013076	0.031648	0.024376	0.039137	0.033602	0.022916	0.044323	0.053234	0.050771	0.056689	0.069811	0.063974	0.073634	0.068323	0.072672	0.0665	0.064923	0.086733	0.071213	0.08263	0.073902	0.085676	0.060682	0.043351	0.030716	0.0068237	0.013563	0.010207	-0.0065885	0.00095107	-0.0058027	0.0058507	-0.0017148	0.011612	-0.00057254	-0.0029167	-0.0073055	0.013672	0.0098328	0.030234	0.029734	0.035309	0.029528	0.046678	0.018375	0.0265	0.028047	0.048866	0.041372	0.036936	0.034472	0.049753	0.031078	0.049698	0.046128	0.041713	0.018859	0.021697	0.038683	0.032075	0.044378	0.052246	0.025849	0.017263	0.013914	0.018877	0.018613	1.24E-02	0.0074518	6.78E-03	-0.00018174	0.011709	0.014707	0.027571	0.020481	0.014157	2.70E-03	-1.24E-03	0.01252	0.0048114	-0.0047094	0.0037305	-0.00092795	-0.0011622	0.0030612	0.0027149	-0.0012556	-0.0098262	-0.0017652	0.040365	0.022017	0.013078	0.0098124	0.013951	0.0087435	-4.11E-03	0.0020954	0.0095709	0.014547	0.0015821	0.010736	0.013152	0.012025	0.014071	-0.011129	0.0063626	0.013443	0.017389	0.017586	0.030923	0.028246	3.28E-02	0.031156	0.020717	0.012251	0.0028267	0.016547	0.029139	0.017012	0.025591	0.01903	0.012966	0.018429	0.0061055	0.023958	2.51E-02	0.011891	0.023195	3.44E-02	1.85E-02	0.028325	0.0069305	-0.0045829	0.018989	0.025915	0.028592	0.015088	0.017794	0.0068165	0.0048793	0.016455	0.019685	0.033943	0.028295	0.0186	0.030579	0.039757	0.038732	0.04386	0.055045	0.046264	0.040619	0.017015	0.0054719	0.0023894	0.0071831	0.010547	0.026567	0.010438	0.01751	0.020557	0.012644	0.021091	0.05103	0.036134	0.023315	0.021459	0.020593	0.028051	0.025949	0.016938	0.026199	0.041559	0.026062	0.020023	0.031496	0.031836	0.023512	0.028005	0.047649	0.015556	0.028931	0.036505	0.042061	0.047645	0.050395	0.05124	0.046589	0.042148	0.040135	0.035715	0.037793	0.062155	0.067708	0.051898	0.034973	0.032182	0.031308	0.04735	0.059377	0.058725	0.042238	0.04316	0.036002	0.034724	0.044667	0.026896	0.019894	0.022777	0.0133	0.011615	0.023057	0.027231	0.027147	0.012047	0.01967	0.022751	0.026324	0.022864	0.015749	0.020524	0.007706	0.009783	1.23E-02	0.0075711	0.011794	0.018919	0.0073421	0.012231	0.016999	2.09E-02	0.018396	0.014973	0.024288	0.028533	0.031617	0.03648	2.33E-02	0.019748	0.008487	0.0042286	0.011639	0.010318	-0.00093385	0.0037587	-0.0038349	0.02498	0.019388	0.01542	0.028498	0.027401	0.023843	0.011498	0.021415	0.015673	0.016792	0.018695	0.021803	0.023225	0.016241	0.01696	0.033488	0.015196	0.010598	0.010024	0.0088099	0.0034497	0.01531	0.0081175	0.017586	0.022202	0.022494	0.010926	0.0085848	0.020107	0.024588	0.0053901	0.016651	0.021586	0.01512	0.032105	0.024813	0.02556	0.024833	0.030595	0.052965	0.051893	0.031203	0.032636	0.040311	0.048817	0.039577	0.034974	0.019488	0.014406	0.035575	0.041648	0.047063	0.051309	0.047506	0.048094	0.048027	0.052741	0.066933	0.076674	0.10457	0.10719	0.11422	0.13507	0.14653	0.12351	0.11215	0.10747	0.11003	0.11614	0.10796	0.10983	0.085355	0.065535	0.062806	0.063518	0.051584	0.046924	0.034943	0.033556	0.040692	0.01099	0.012875	0.010671	0.00041918	0.02168	0.024832	0.01295	-0.0047476	-0.017408	-1.52E-03	0.011218	-2.62E-03	0.0022516	0.0033317	2.53E-03	-5.22E-03	-1.44E-02	-0.010972	-0.017072	-0.0071493	-0.005683	0.0009927	-0.0076405	-0.0066906	-0.018767	0.0020796	0.0069551	-0.0087617	-0.00086264	1.21E-02	0.019553	0.0070645	0.0026797	0.011179	0.007613	0.004988	0.013369	0.00185	0.013661	0.016845	0.011739	0.021089	0.014275	0.016609	0.025107	0.024422	0.030606	0.031103	0.034443	0.012261	0.020227	0.028562	0.02421	0.012118	0.012808	1.45E-02	0.023395	0.016436	0.026647	0.017611	0.015018	0.014665	0.003122	-0.0023616	4.68E-03	-4.58E-03	0.0069922	-0.0085843	-0.0063298	-0.0099669	-1.47E-02	-0.0018909	6.96E-03	-0.0027826	1.57E-03	-1.63E-02	-0.013682	8.83E-03	-0.0035243	-1.18E-02	-0.0070841	-6.63E-03	-6.66E-03	-5.95E-03	-0.018048	-0.016251	-0.0053967	0.0064583	-0.0046971	-0.014208	-1.59E-02	-1.60E-02	-0.012049	-0.014758	0.0064974	-0.00088541	-0.0020908	-0.00029069	2.34E-02	1.13E-02	-0.0085314	-1.59E-02	-0.010543	-0.0074012	-0.012197	-4.93E-03	-1.13E-02	-0.0026706	0.014201	0.011078	0.0032575	-0.0027954	-1.17E-02	-0.001789	5.34E-03	0.0064619	-1.13E-02	-1.77E-02	-1.60E-02	-6.82E-03	-0.00075894	-0.012474	0.00018334	-0.0048507	-3.86E-03	6.57E-05	-0.0067356	-0.015133	-1.70E-02	-0.016906	-0.0012562	-0.0037722	4.30E-03	-8.69E-03	3.19E-03	-0.01328	-1.13E-02	-0.014387	6.89E-04	-0.0012438	0.014869	0.0046798	0.0048609	0.0059637	0.0048654	0.0066957	0.0039149	-8.89E-05	1.68E-02	7.10E-03	0.0056915	0.011565	1.25E-02	1.53E-02	1.10E-02	0.0046578	-0.010729	-0.0048725	-6.05E-03	-4.59E-03	-1.10E-02	-0.0094727	-1.87E-02	-0.01417	-1.68E-02	-0.0026004	0.0037706	3.30E-03	-6.37E-03	-0.005185	-0.010175	0.0012759	1.51E-02	7.95E-03	-0.0096414	-0.013488	-6.63E-03	-0.00025578	-1.44E-02	-1.47E-02	-0.0074311	-0.0032347	0.0098504	-2.45E-03	-8.00E-03	x
0.0089447	0.016035	0.021258	0.015631	0.017981	0.019431	2.35E-02	0.0098724	0.0057653	0.014237	1.20E-02	0.014148	0.021307	0.023089	0.019426	9.03E-03	0.0072734	0.0029868	1.70E-02	0.010946	0.013171	0.013943	0.0037034	0.018566	7.84E-03	2.60E-02	2.48E-02	0.017039	0.020399	2.29E-02	0.019225	0.022623	0.019669	1.53E-02	1.46E-02	0.015239	0.026302	0.022178	0.017977	0.021329	1.78E-02	1.51E-02	0.022303	1.59E-02	0.010788	1.37E-02	2.77E-02	0.030445	0.015083	0.015868	0.012614	1.70E-02	0.01749	0.022065	0.025	2.34E-02	0.013037	0.031436	0.028532	0.029841	0.026569	0.017329	2.05E-02	0.0068633	1.19E-02	0.015689	0.015856	0.028682	0.038251	0.0366	0.039258	0.040429	0.032816	0.025087	2.28E-02	0.02421	0.021302	0.02369	0.018412	0.016961	0.021273	0.027775	0.033925	0.031908	0.044009	0.055555	0.064623	0.071029	0.064694	0.081814	0.0794	0.084993	0.081282	0.069301	0.063123	0.049012	0.050151	0.048474	0.04703	0.039199	0.035425	0.031565	0.028861	0.032986	0.037728	0.034959	0.038458	0.038253	0.037832	0.041604	0.040693	0.040333	0.056375	0.062399	0.058758	0.056781	0.066244	0.071671	0.077986	0.064999	0.066745	0.063647	0.051662	0.054755	0.043206	0.032273	0.028053	0.026293	0.032063	0.031051	0.038047	0.035612	0.022721	0.032759	0.039235	0.039468	0.039927	0.048273	0.043228	0.033793	0.029982	0.038773	0.02729	0.024305	0.02475	0.037604	0.041222	0.036806	0.039238	0.050451	0.051817	0.04493	0.036869	0.034833	0.040217	0.030157	0.028945	0.030439	0.032234	0.038798	0.028531	0.030777	0.038414	0.039253	0.046078	0.044928	0.052234	0.052174	0.040331	0.048041	0.051628	0.0453	0.043695	0.030447	0.027133	0.026495	0.030237	0.020749	0.013729	0.019739	0.01765	0.011954	0.01813	0.026068	1.89E-02	0.022432	0.023773	0.020862	0.02273	0.037866	0.054461	0.059902	0.05779	0.075824	0.087735	0.086387	0.084999	0.09371	0.10595	0.10012	0.090283	0.081661	0.067103	0.05918	0.048256	0.034056	0.025173	0.0087833	0.010459	0.021408	0.024332	0.022626	0.020391	0.010858	0.015099	0.010854	0.028804	0.023711	0.0074418	0.017257	0.014662	0.021842	0.028146	0.040165	0.054783	0.062912	0.075541	0.091575	0.10942	0.10647	0.10043	0.08266	0.075084	0.069511	0.049085	0.048653	0.043891	0.039699	0.03862	0.04175	0.041353	0.037681	0.023276	0.025249	0.029062	0.037281	0.03341	0.017833	0.01512	1.66E-02	0.023195	0.019438	0.013787	0.013297	8.22E-03	5.33E-03	0.0025973	0.013135	0.015745	7.34E-03	0.0047374	0.0092726	0.022727	2.47E-02	0.01216	0.01682	0.024774	0.017532	0.021617	0.028152	0.022215	0.02301	0.021356	0.01317	0.007112	0.0093583	0.014765	0.012255	0.01672	0.011686	0.01667	0.026128	0.030633	0.029899	0.028634	0.03146	0.030567	0.03396	0.02573	0.020748	0.010884	0.0094518	0.0078599	0.0097911	1.04E-02	0.020815	0.022791	0.01589	0.020316	0.018572	1.83E-02	0.018692	0.024102	0.017704	0.022061	0.024851	0.038888	0.03234	0.02745	0.030415	0.030713	0.036186	0.040886	0.036454	0.028557	0.016941	0.018494	0.023753	0.024152	0.038646	4.08E-02	0.032797	0.038525	0.03537	0.042682	0.035864	0.042489	0.034582	0.035577	0.051953	0.051819	0.054392	0.061884	0.060326	0.054893	0.059453	0.045187	0.044994	0.053984	0.062769	0.056045	0.049994	0.044785	4.27E-02	0.042614	0.042662	0.045684	0.05578	0.045233	0.036837	0.04317	0.044516	0.045297	0.038058	0.047675	0.043028	0.04427	0.030818	0.028067	0.036115	0.042802	0.050484	0.059332	0.066244	0.061697	0.052496	0.062031	0.058321	0.061624	0.06691	0.067167	0.06949	0.0786	0.078503	0.070698	0.063785	0.068644	0.077604	0.076326	0.08257	0.098569	0.10766	0.12243	0.12951	0.13389	0.12284	0.10361	0.085653	0.067967	0.059738	0.053013	0.049485	0.048507	0.049485	0.05426	0.052079	0.048861	0.046354	0.032844	0.03368	0.04071	0.034085	0.033423	0.048408	0.0444	0.03063	0.028889	0.040162	0.039534	0.039588	0.044935	0.041492	0.034021	4.14E-02	0.038464	0.026306	0.032537	0.036739	0.037528	0.039012	0.027997	0.023884	0.026076	2.56E-02	0.022827	0.01038	0.017476	0.025652	0.016762	0.028446	0.018565	0.025021	0.023783	0.017685	0.021532	0.040289	0.029579	0.020891	0.023911	0.026933	0.035173	0.03548	0.029502	0.023501	0.024669	0.030436	0.025418	0.029183	2.30E-02	1.79E-02	0.013007	0.0059996	1.91E-03	0.010037	0.015035	0.015394	0.016938	0.0028263	0.0024545	1.00E-02	0.011994	0.014282	0.023722	0.0283	0.039374	0.033993	0.036993	0.04403	0.030487	0.026606	0.037904	0.040472	0.044987	0.034503	3.72E-02	0.039019	0.048212	0.048604	5.91E-02	0.058139	0.046825	0.051104	0.053674	0.051869	0.05649	0.051293	0.049856	5.92E-02	0.046536	0.047045	0.052476	0.053089	0.044618	4.48E-02	0.045305	0.044681	0.037667	0.03971	0.032516	0.030668	0.018864	0.022449	0.019001	0.026252	0.030908	0.027908	0.025077	0.021917	0.025444	0.031851	0.033773	0.019911	0.024168	0.023803	0.018564	0.019578	0.028781	0.034988	0.031212	0.017694	0.015936	0.019842	0.0097083	0.010374	0.012382	0.0076726	0.012205	0.010519	0.012695	0.0042825	1.07E-02	0.027888	0.017598	0.016846	0.01576	0.02004	0.019335	0.013619	0.015046	6.11E-03	1.79E-02	0.024834	0.025438	0.030292	0.031621	0.041277	0.047304	0.044645	0.039438	0.041932	0.051119	0.059455	0.055539	0.055647	0.059181	0.059926	0.052875	0.05063	0.041206	0.041125	0.048348	0.057032	0.04615	0.040756	0.039384	0.039078	0.037736	0.029653	0.021528	0.021531	0.02621	0.034336	0.020264	0.019009	0.015682	0.024942	0.020668	0.011514	0.028155	0.024324	0.016903	0.010843	0.0051232	0.014069	0.015188	0.0090403	2.10E-05	0.0023434	0.00065365	0.0047584	0.002773	0.0018906	0.0068798	-0.0037738	0.0051005	0.0072608	0.016218	0.01094	0.015563	0.0078149	0.014962	0.015764	0.015256	-0.0029182	0.0060925	0.00092511	0.0016737	0.0050021	-0.0023283	-0.0092626	-0.0031814	0.0037429	0.0027553	0.0092238	0.0066463	0.0045383	1.46E-03	0.011914	3.25E-04	9.58E-04	0.0088203	0.0026926	-0.0077538	-0.0015571	0.0067571	9.74E-03	0.012847	0.003549	0.0095951	1.74E-02	0.0080051	0.0018568	0.014461	0.010211	-0.00053842	0.0018697	0.016042	0.016769	0.012916	0.0093296	9.46E-03	0.0062737	0.0025635	0.0044319	-0.0019917	0.0046343	0.014833	0.012288	0.016999	0.017871	2.12E-02	0.02043	0.020727	0.019674	8.20E-03	9.74E-03	0.0076619	0.0078128	0.0038742	0.0095315	-0.0015768	-0.0004399	5.08E-03	0.010229	4.23E-03	-1.79E-04	-1.93E-03	-0.0045367	7.55E-03	-4.50E-03	0.0029413	0.0051303	0.011201	0.011037	9.45E-03	-4.84E-03	0.012012	0.0088932	0.0081564	7.85E-03	0.01004	-0.0016081	1.16E-03	-5.95E-03	-3.66E-04	0.0043873	0.0042411	0.0014787	0.0025661	-0.0020353	-3.41E-03	0.0034232	x
0.010733	0.013644	1.54E-02	0.01324	0.018747	0.01774	0.022746	0.010676	0.0066134	0.010128	0.0095507	1.51E-02	0.016589	1.78E-02	0.011851	0.0067508	0.010842	0.0067236	0.017131	0.012348	0.016529	0.010106	6.41E-03	0.018703	9.66E-03	2.55E-02	0.023749	1.66E-02	1.81E-02	0.021596	0.02047	0.020029	1.86E-02	1.69E-02	0.018531	0.016472	0.024213	2.28E-02	1.86E-02	2.13E-02	0.020172	0.02067	0.019954	0.016643	0.013879	1.66E-02	0.027987	0.025298	1.48E-02	0.018833	1.78E-02	1.96E-02	0.020256	0.023534	3.15E-02	3.02E-02	2.31E-02	3.55E-02	0.031345	3.25E-02	0.029384	0.026981	2.34E-02	0.011581	0.017204	0.02252	0.02289	0.032283	0.036058	0.038202	0.039597	0.039051	3.41E-02	2.62E-02	0.022561	0.025826	0.020276	0.024817	0.025875	0.025887	0.026378	0.033143	0.038861	0.037808	0.050464	0.060771	0.068124	0.071366	0.069884	0.08473	0.084248	0.088288	0.080326	0.068547	0.066562	0.054593	0.053111	0.051697	0.049344	0.04067	0.037724	0.034802	0.032965	0.034354	0.035514	0.032637	0.037314	0.040818	0.042618	0.044283	0.04516	0.047435	0.061204	0.06742	0.067427	0.067662	0.073967	0.076607	0.078416	0.067708	0.063319	0.057492	0.050546	0.052099	0.043613	0.03229	0.030196	0.024463	0.033871	0.033761	0.038481	0.038385	0.028281	0.038524	0.042384	0.03726	0.035895	0.047397	0.044474	0.037111	0.037718	0.043414	0.034713	0.032714	0.033866	0.041576	0.04635	0.045425	0.044644	0.054536	0.054235	0.04724	0.037114	0.032894	0.040924	0.032963	0.031317	0.034767	0.033167	0.035498	0.031868	0.033195	0.038448	0.039854	0.046413	0.046651	0.05271	0.055956	0.048117	0.049721	0.054264	0.047639	0.045138	0.034139	0.029435	0.026812	0.028413	0.020993	0.015768	0.018625	0.019276	0.013297	0.017154	0.023007	0.021452	0.022065	0.027212	0.026765	0.027387	0.040467	0.060191	0.065985	0.065055	0.080064	0.090652	0.09382	0.092999	0.099497	0.10669	0.10571	0.10019	0.087605	0.075691	0.061983	0.05419	0.037992	0.027274	0.015004	0.014638	0.023158	0.0218	0.02527	0.024958	0.013162	0.018594	0.015804	0.024672	0.022903	0.012768	2.09E-02	0.017827	0.023204	0.033413	0.048492	0.063993	0.073019	0.08306	0.09141	0.10717	0.10476	0.10007	0.084014	0.073161	0.066595	0.047324	0.048573	0.043309	0.039502	0.041967	0.043217	0.037399	0.037296	0.027064	0.025722	0.031181	0.03566	0.026917	0.021207	0.015398	1.55E-02	0.02086	0.015285	0.011861	0.010423	0.0095434	0.0063588	0.005442	0.011837	0.014933	0.0091948	0.006623	0.010578	0.021247	0.01924	0.013144	0.016657	0.021654	0.017009	0.018239	0.022122	0.019258	0.018142	0.017949	0.013928	0.011809	0.01398	0.020958	0.015009	0.019028	0.015169	0.020363	0.024978	0.028868	0.030134	0.02607	0.030836	0.029614	0.031334	0.024706	0.016341	0.0091084	0.010641	0.010131	0.0084914	0.0078067	0.013851	0.017786	0.013975	0.019674	0.018561	0.018593	0.02081	0.022182	0.017304	0.023681	0.030514	0.036258	0.028307	0.027011	0.028087	0.02738	0.03471	0.039043	0.033784	0.030061	0.017528	1.76E-02	0.025784	0.026422	0.040307	0.040742	0.03256	0.034971	0.033679	0.036044	0.034587	0.04112	0.032753	0.035867	0.048883	0.049917	0.051176	0.056394	0.054245	0.051614	0.05405	0.045059	0.044205	0.051173	0.054366	0.049726	0.042935	0.040411	0.041016	0.041463	0.042767	0.046129	0.053244	0.04224	0.034555	0.037816	0.038255	0.037068	0.032217	0.040099	0.035708	0.036081	0.034109	0.031836	0.034922	0.040738	0.050299	0.05841	0.062944	0.056415	0.052355	0.06004	0.057282	0.061572	0.063822	0.065843	0.068509	0.078366	0.074657	0.068879	0.063798	0.067222	0.076216	0.071944	0.078475	0.089371	0.09715	0.10945	0.11721	0.12233	0.11151	0.093989	0.077887	0.063009	0.054975	0.049255	0.045337	0.042662	0.045928	0.047472	0.043002	0.04165	0.039383	0.030821	0.033103	0.035275	0.029334	0.029041	0.039666	0.038031	0.027419	0.029594	0.037447	0.036667	0.038487	0.039563	0.0342	0.031082	0.037752	0.03476	0.021001	0.027112	0.030068	2.89E-02	0.033893	0.024545	0.024054	0.025409	0.025924	0.023486	0.012568	0.017576	0.022251	0.01605	0.027588	0.021487	0.023725	0.0215	0.016733	0.01986	0.033229	0.028281	0.020784	0.019136	0.022332	0.032274	0.032115	0.027281	0.021484	0.021925	0.029598	2.86E-02	0.026739	0.025127	0.021976	0.016522	0.011078	0.006389	0.012326	0.016283	0.018809	1.82E-02	0.0069085	0.0073112	0.016727	0.013005	0.01568	2.41E-02	0.030878	0.040704	0.03706	0.035436	0.040862	0.034152	0.028325	0.038414	0.039541	0.045027	0.03978	0.038103	0.038938	0.046105	4.61E-02	0.054232	0.055616	0.049255	0.055021	5.78E-02	0.055601	0.062729	0.058502	0.057518	0.066319	0.060753	0.061524	6.55E-02	0.064987	0.0562	0.056236	0.056315	0.05422	0.044423	0.044117	0.039275	0.038326	0.031018	0.030351	0.027401	0.031614	0.031838	0.030961	0.029301	0.02866	0.027896	3.33E-02	0.031807	0.022119	0.024505	0.024363	0.021368	0.021009	0.020797	0.026384	0.021949	0.01238	0.010687	0.014107	0.01061	0.013509	0.013375	0.0074401	0.012991	0.011211	0.013812	0.0042661	0.0096629	0.019702	0.013922	0.018852	0.018997	0.018712	0.018118	0.012667	0.015181	0.010714	0.021084	0.024383	0.022023	0.027812	0.031938	0.039475	0.043506	0.043311	0.04006	0.041351	0.047121	0.056456	0.052517	0.049833	0.051753	0.052141	0.047137	0.043741	0.03723	0.039775	0.043022	0.049249	0.044489	0.040793	0.03627	0.033115	0.033823	0.029253	0.021771	0.022104	0.023271	0.028732	0.020188	0.016931	0.013268	0.02266	0.016704	0.0087437	0.021676	0.020848	0.014842	0.013795	0.008664	0.014465	0.018708	0.012185	0.0032392	0.0082051	0.0041986	0.0078377	0.0076289	5.86E-03	0.008591	0.0018306	0.0072661	0.004166	0.01024	0.0077913	0.012782	0.0082589	0.012977	0.0118	0.010893	-0.0015154	0.0057546	0.00058975	0.0037844	7.70E-03	-6.20E-05	-0.0051183	0.0058139	6.02E-03	0.0058553	9.94E-03	0.0061998	0.0052387	0.00033547	0.0074516	-0.0017978	-8.32E-04	0.0056806	0.001959	-0.0026363	-0.00075166	0.0043488	0.00585	9.21E-03	0.0063009	1.24E-02	1.53E-02	4.75E-03	0.0042479	0.01303	0.0082139	-0.00030602	0.0021116	0.010994	1.02E-02	0.010306	0.0082861	7.37E-03	9.48E-03	5.39E-03	0.0018748	-0.00044353	5.71E-03	0.013348	0.010475	1.45E-02	0.010942	0.017352	1.84E-02	0.018255	0.013408	0.0053977	0.0083422	4.22E-03	0.0024039	0.0020122	0.0058913	-1.20E-03	3.34E-03	0.0037068	0.0053104	1.84E-03	-4.83E-03	-0.0039952	-0.0027697	0.0094148	-2.58E-03	0.0011672	3.34E-03	0.0095006	6.76E-03	0.0024479	-3.31E-03	0.011331	0.0093906	7.93E-03	0.0057683	0.008685	-0.0020713	0.00030135	-5.89E-03	-0.00383	0.0025841	3.59E-03	0.001505	0.00037684	-3.84E-04	-3.13E-03	0.0023294	n
0.011221	0.010056	0.010471	0.016228	0.014807	0.020327	0.010766	0.0057318	5.75E-03	5.89E-03	1.30E-02	0.0132	1.37E-02	0.0080169	0.0061013	1.18E-02	9.40E-03	0.015916	1.30E-02	0.017081	0.0083263	0.0093507	1.89E-02	0.010969	0.024676	0.020912	0.01512	1.57E-02	1.94E-02	2.19E-02	1.98E-02	0.018161	0.017792	2.16E-02	0.017035	0.022933	0.023556	1.76E-02	0.019706	0.022207	0.023996	2.01E-02	0.018949	0.0175	0.019647	2.82E-02	2.39E-02	0.015924	2.13E-02	2.24E-02	2.25E-02	0.022555	0.024216	0.035071	0.036401	0.033111	0.038471	0.033666	0.036277	0.034023	0.035265	0.026202	0.018182	0.021291	0.026319	2.67E-02	0.033375	0.03447	0.038493	0.038747	0.037566	0.035326	0.028328	0.02285	0.027281	0.020591	0.026978	0.032574	0.032887	0.032178	3.85E-02	0.043412	0.044413	0.055848	0.064162	0.069986	0.070527	0.073751	0.085835	0.086506	0.090334	0.079603	0.068292	0.06851	0.058961	0.056809	0.0544	0.052017	0.043471	0.041689	0.03921	0.037777	0.03757	0.036823	0.034703	0.038115	0.042015	0.046873	0.04837	0.050795	0.054048	0.064647	0.071024	0.073756	0.074316	0.077053	0.078098	0.076657	0.067131	0.059207	0.052591	0.049865	0.049757	0.043526	0.033483	0.032502	0.025319	0.035831	0.034681	0.037277	0.038962	0.032376	0.04104	0.043471	0.036473	0.033546	0.044826	0.04284	0.038032	0.041122	0.044468	0.039179	0.03822	0.039075	0.044547	0.048671	0.050224	0.048841	0.056266	0.055474	0.047827	0.038206	0.033163	0.042006	0.03604	0.032606	0.036083	0.031804	0.032066	0.03435	0.035933	0.039792	0.042884	0.048089	0.048384	0.052279	0.055455	0.052016	0.050022	0.054045	0.047586	0.044362	0.03467	0.030487	0.025707	0.025319	0.01868	0.014633	0.01437	0.018323	0.013979	0.016928	0.020953	0.023463	0.022754	0.031037	0.032427	0.033621	0.044958	0.064711	0.071394	0.070594	0.083067	0.091636	0.097766	0.097925	0.10137	0.10617	0.10722	0.10403	0.089983	0.078639	0.062079	0.056234	0.040352	0.027521	0.018367	0.016811	0.023439	0.019586	0.025424	0.027153	0.01462	0.019502	0.019085	0.021305	0.021708	0.018631	0.025294	0.022825	0.026851	0.039125	0.057055	0.071721	0.0814	0.088575	0.090916	0.1023	0.099873	0.095229	0.080676	0.06784	0.060958	0.045041	0.046479	0.041874	0.038723	0.042419	0.041577	0.033003	0.034792	0.027669	0.025218	0.031248	0.032197	0.021991	0.022263	0.015838	0.013946	0.017676	0.011857	0.010633	0.0089534	0.01195	0.0093132	0.0086904	0.01102	0.012867	0.010954	0.0079682	0.011403	0.018079	0.014953	0.013908	0.016693	0.018699	0.017616	0.017701	0.020024	1.82E-02	0.0159	0.016395	0.015577	0.015739	0.019087	0.024733	0.017576	0.019657	0.0179	0.023706	0.024666	0.026156	0.026787	0.022983	0.028359	0.026354	0.02613	0.022232	0.013012	0.0064107	0.010356	0.011325	0.0086882	0.0070082	0.010433	0.013594	0.011342	0.017794	0.018177	0.018833	0.021622	0.019364	0.017641	0.023415	0.031678	3.23E-02	0.024999	0.026327	0.025325	0.023575	0.030743	0.034789	0.030151	0.028451	0.01808	0.019156	0.025351	0.026219	0.039317	0.038546	0.031567	0.031207	0.031185	0.03047	0.032959	0.038098	0.032049	0.036107	0.046015	0.047826	0.047425	0.051778	0.048641	0.047103	0.048683	0.045498	0.042705	0.04628	0.046529	0.043992	0.038139	0.037211	0.038862	0.039392	0.041504	0.04404	0.048396	0.03879	0.031964	0.031986	0.0342	0.032957	0.029182	0.034429	0.031358	0.031078	0.036698	0.035056	0.035028	0.039368	0.049493	0.055076	0.057311	0.049341	0.049496	0.057353	0.056333	0.059511	0.060106	0.061522	0.064405	0.075103	0.069931	0.065692	0.062075	0.064878	0.075056	0.069303	0.074785	0.079846	0.08692	0.094862	0.10308	0.10798	0.09834	0.082806	0.06878	0.055934	0.048404	0.043581	0.039783	0.036292	0.03956	0.039717	0.035135	0.033441	0.032677	0.028275	0.032404	0.03123	0.025877	0.02651	0.0322	0.032087	0.023669	0.027658	0.033161	0.030469	0.033943	0.03177	0.025832	0.027699	0.032752	0.028503	0.015762	0.021483	0.024492	0.022816	0.029265	0.020445	0.022484	0.021524	0.023786	0.022523	0.015373	0.017419	0.020348	0.017805	0.02805	0.023393	0.022929	0.018584	0.015148	1.83E-02	0.02767	0.02573	0.018659	1.43E-02	0.01865	0.026667	0.026411	0.024094	0.019582	0.018197	0.025593	0.027377	0.022413	0.022744	0.02271	0.018061	0.013782	0.010651	0.014569	0.016195	0.020397	0.019589	0.011267	0.012064	0.020269	0.014764	0.018159	0.026211	0.032869	0.040282	0.038503	0.034041	0.039188	0.038373	0.030971	0.038619	0.040246	0.045307	0.043376	0.038305	0.040494	0.046596	0.046753	0.052255	0.055163	0.052409	0.060737	0.063024	0.061514	0.071721	0.069791	0.071565	0.079771	0.079674	8.02E-02	0.083378	0.081644	0.073113	0.07207	0.070508	0.065929	0.053796	0.052736	0.047874	0.049285	0.043067	3.93E-02	0.036384	0.038601	0.035914	0.034997	3.38E-02	0.033963	0.03072	0.035448	0.032138	0.025914	0.026151	0.026201	0.02495	0.021881	0.016549	0.021514	0.017296	0.011223	0.0086535	0.011033	0.011853	0.01634	0.015032	0.0085739	0.014922	0.013409	0.015176	0.0066403	9.82E-03	0.014367	0.011935	0.019882	0.023634	0.019601	0.018565	0.013546	0.01733	0.016909	0.023854	0.02449	0.022059	0.027579	0.033161	0.038094	0.040427	0.042879	0.041814	0.042757	0.045832	0.054705	0.049679	0.045018	0.046069	0.04673	0.042811	0.038722	0.034381	0.039801	0.040365	0.04222	0.041741	0.038756	0.032832	0.02827	0.030723	0.027758	0.021027	0.021824	0.019782	0.022526	0.018377	0.014794	0.012904	0.020674	0.013533	0.0072466	0.017011	0.017474	0.012599	0.015634	0.01099	0.013937	0.019407	0.013309	0.0060383	0.012587	0.0067934	0.0092653	0.009941	0.0075341	0.00956	0.0044842	0.0097013	0.0025165	0.0062973	0.0056745	0.010734	0.0076003	0.010941	0.0090847	0.0084755	-0.00026715	0.0047542	0.00023671	0.0041164	8.54E-03	0.0014892	-2.30E-03	0.0098659	0.0077411	0.0062751	0.0079018	0.00484	0.0052521	0.00053031	4.06E-03	-0.0019797	-0.00073679	0.0057112	2.83E-03	0.00080631	1.46E-04	2.33E-03	0.0018843	0.0042487	0.0065079	0.012614	1.18E-02	2.25E-03	5.21E-03	0.0095786	0.0051439	0.0002321	0.0021231	7.31E-03	5.63E-03	0.0080858	0.0075489	4.91E-03	0.010711	6.38E-03	-0.00086368	-0.0012588	0.0037544	0.0089256	6.99E-03	0.010216	3.40E-03	0.011389	0.013834	0.013317	7.48E-03	3.17E-03	4.98E-03	1.16E-03	-0.0010929	0.0016272	0.0046928	1.90E-03	5.76E-03	0.0022075	0.00038531	-0.00054252	-0.0076604	-3.69E-03	-0.00077219	0.010009	0.00010036	1.89E-03	0.0042452	1.02E-02	0.0043006	-0.0031184	-1.96E-03	0.0095465	0.0080219	8.00E-03	5.01E-03	0.0080214	-0.0012794	0.00084831	-4.99E-03	-0.0054811	-5.63E-04	2.25E-03	4.94E-04	-6.48E-04	9.70E-04	-2.11E-03	0.001736	0.0024655	x
9.42E-03	0.0057447	0.0079289	0.011574	0.011287	1.68E-02	1.02E-02	3.63E-03	0.0025539	0.0031182	0.0098305	1.08E-02	0.010781	0.0073806	7.36E-03	0.012237	1.27E-02	0.014626	0.013432	0.016224	9.06E-03	0.012297	0.020188	0.013269	0.02356	0.017064	1.37E-02	1.42E-02	1.73E-02	0.023142	2.17E-02	0.018669	1.81E-02	0.023113	0.016854	0.021871	0.023988	1.63E-02	0.018654	0.023986	0.025419	0.022095	0.02257	0.021813	0.023103	0.029116	0.025699	0.018178	0.023454	0.026312	2.59E-02	0.024968	0.024947	0.036463	0.040894	4.21E-02	0.041712	0.036521	0.039983	3.91E-02	4.12E-02	0.029648	0.026368	0.025809	0.029205	0.029646	0.033126	0.033711	0.038153	0.038311	0.036523	0.036499	0.031583	0.023837	0.028583	0.023351	0.030568	0.039147	0.03835	0.038142	0.042716	0.04818	0.051435	0.060045	0.066292	0.070398	0.069339	0.075871	0.085463	0.085594	0.089533	0.077637	0.067896	0.068597	0.061956	0.060814	0.057177	0.054815	0.047576	0.046544	0.044833	0.043563	0.042089	0.041078	0.041029	0.041589	0.043909	0.051887	0.054705	0.057453	0.06051	0.067359	0.072975	0.077225	0.07736	0.076894	0.076836	0.073303	0.064317	0.055886	0.049017	0.04935	0.048016	0.043146	0.035591	0.034722	0.02862	0.037909	0.035262	0.034989	0.037833	0.034962	0.040767	0.043011	0.036814	0.033325	0.041803	0.039592	0.037215	0.04166	0.043509	0.042283	0.042558	0.04175	0.04643	0.048771	0.05124	0.051554	0.055751	0.054632	0.045643	0.038598	0.03393	0.042174	0.038049	0.033256	0.036037	0.030176	0.029522	0.03588	0.037892	0.041014	0.046222	0.05019	0.050517	0.052448	0.053073	0.05302	0.049315	0.051261	0.0453	0.041521	0.032984	0.030526	0.023842	0.022032	0.015026	0.01215	0.0093715	0.016758	0.015334	0.017871	0.020612	0.024993	0.024126	0.034343	0.037632	0.041223	0.051093	0.067537	0.074594	0.074417	0.084489	0.091442	0.098545	0.10067	0.10034	0.10393	0.10475	0.10215	0.087822	0.076151	0.059262	0.053955	0.040595	0.026555	0.019027	0.016109	0.021217	0.017558	0.023407	0.026912	0.01519	0.018131	0.019934	0.018418	0.020421	0.024017	0.029018	0.028406	0.031877	0.044403	0.063644	0.076478	0.085541	0.089889	0.088301	0.093508	0.091127	0.085958	0.073697	0.05974	0.054158	0.042219	0.042836	0.039645	0.036789	0.039625	0.037949	0.028359	0.030069	0.025092	0.023842	0.029452	0.028105	0.019009	0.021292	0.016497	0.011886	0.014108	0.0091913	0.0097739	0.0084626	0.013959	0.012812	1.15E-02	1.05E-02	0.010506	0.012175	0.0090385	0.011806	0.01479	0.013385	0.014699	0.016679	0.016039	0.018107	1.92E-02	0.020612	0.018622	0.01578	0.016595	0.018232	0.018968	0.023686	0.026505	0.019611	0.01916	0.019795	0.02597	0.024696	0.023869	0.022032	0.019836	0.024502	0.021695	0.020043	0.019004	0.011246	0.004294	0.0097314	0.011795	0.0094887	0.0078159	0.0099695	0.011026	0.0092681	0.015465	0.017578	0.019256	0.022684	0.017358	0.018877	0.022293	0.029326	0.027866	0.023042	0.025786	0.022958	0.020564	0.026476	0.029922	0.026344	0.025332	0.018976	0.022104	0.023563	0.024743	0.03649	0.035341	0.030294	0.028136	0.029023	0.027062	0.031711	0.035038	0.033007	0.03724	0.044142	0.045733	0.043413	0.04743	0.043552	0.042091	0.042275	0.045103	0.039907	0.04057	0.039402	0.038696	0.034935	0.034987	0.036389	0.036877	0.039279	0.040107	0.042226	0.035084	0.030064	0.027102	0.032263	0.031991	0.028622	0.030547	0.029424	0.028624	0.036818	0.036729	0.035412	0.038025	0.0475	0.05076	0.050393	0.041898	0.045081	0.053493	0.054619	0.056121	0.056012	0.055548	0.058246	0.06913	0.064322	0.061478	0.059178	0.06156	0.072813	0.067233	0.07085	0.069619	0.076514	0.079554	0.087468	0.091361	0.083224	0.070606	0.058776	0.047201	0.0406	0.036701	0.033332	0.030337	0.032211	0.032675	0.028423	0.025563	0.02665	0.024744	0.030233	0.02716	0.022519	0.023976	0.024933	0.025528	0.019704	0.023352	0.027697	0.022661	0.026525	0.022704	0.018103	0.024367	0.026375	0.021222	0.011307	0.015944	0.019441	0.018294	0.024507	0.015753	0.019327	0.015565	0.020225	0.020351	0.017206	0.01654	0.019392	0.019973	0.028505	0.023634	0.022093	0.015166	0.013221	1.68E-02	0.023	0.022012	0.015458	0.010348	0.015739	0.019872	0.01997	0.020557	0.017907	0.015191	0.020696	0.024034	1.82E-02	0.01787	0.020677	0.017991	0.014738	0.014096	0.016271	0.015916	0.020168	0.020051	0.01444	0.015715	0.021398	0.016456	0.021329	0.029263	0.034249	0.038473	0.038822	3.30E-02	0.038662	0.041774	0.034021	0.038202	0.040999	0.045074	0.044896	0.037667	0.042181	0.048609	0.049258	0.052879	0.056211	0.055769	0.066975	0.069596	0.069492	0.083208	0.084413	0.089823	0.096296	0.10087	0.10091	0.10319	0.10039	0.091827	0.089408	0.085336	0.078476	0.064657	0.063268	0.057734	0.061709	0.054042	0.048442	0.044929	0.045699	0.042008	0.039792	0.037839	0.038177	0.034219	0.037329	0.033391	0.029484	0.027732	0.027707	0.027904	0.023028	0.016088	0.019501	0.016686	0.012232	0.0091196	1.03E-02	0.013437	0.018175	0.015851	0.0097743	0.016574	0.016251	1.64E-02	0.0097129	1.10E-02	0.012514	0.011985	0.019652	0.026967	0.020443	0.019328	0.016044	0.020048	0.022876	0.025338	0.025173	0.024514	0.029019	0.034209	0.037048	0.038811	0.04319	0.043507	0.044136	0.045474	0.052954	0.046407	0.040552	0.04186	0.042943	0.039879	0.035296	0.033077	0.039965	0.038849	0.036346	0.037669	0.035097	0.029208	0.025206	0.027738	0.025335	0.020013	0.020939	0.016202	0.017441	0.015969	0.011904	0.011809	0.017503	0.011012	0.0064084	0.013635	0.014606	0.010806	0.015851	0.011617	0.012496	0.017608	0.011374	0.0075673	0.014771	0.0092818	0.010648	0.011492	0.0082422	0.010358	4.46E-03	0.010684	0.0021651	0.0045976	5.46E-03	0.0091523	0.006232	8.90E-03	0.0073393	0.0068342	2.94E-04	0.0025508	-1.09E-03	0.0025151	0.0073554	0.0029285	2.48E-04	0.010151	0.0084721	0.0048854	3.90E-03	3.14E-03	0.0047178	0.0015354	0.001652	-0.0013547	6.92E-04	6.71E-03	4.09E-03	0.0028903	1.27E-03	1.68E-03	-0.0011984	-0.0011143	4.02E-03	0.010011	0.0079637	1.41E-04	3.98E-03	0.0050591	2.30E-03	0.00023771	0.0015425	4.43E-03	2.67E-03	6.47E-03	0.0072028	0.0029645	0.0093633	5.16E-03	-3.84E-03	-0.0032432	8.18E-04	0.0038294	0.003961	5.80E-03	-2.83E-03	0.0044834	0.0073115	7.72E-03	2.98E-03	1.91E-03	0.0012962	-0.0011086	-2.73E-03	1.70E-03	0.0049536	0.0049878	6.29E-03	0.00047899	-0.0038435	-0.0025994	-8.73E-03	-0.0020311	0.0011707	0.0089166	2.41E-03	0.0032099	0.005875	0.011283	3.22E-03	-6.27E-03	-0.00087439	0.0072988	5.41E-03	0.0072798	4.70E-03	7.55E-03	-2.48E-04	0.0020933	-0.0028696	-5.08E-03	-4.15E-03	-4.40E-04	-0.0011069	-1.14E-03	1.68E-03	-0.0015508	7.13E-04	1.64E-03	x
0.0019728	0.0063754	9.39E-03	8.99E-03	3.43E-03	6.29E-03	0.0066119	0.0087068	1.39E-02	9.55E-03	1.74E-03	0.0018985	2.96E-03	7.45E-03	9.29E-03	9.57E-03	0.0091626	0.010296	0.013683	1.70E-02	1.43E-02	1.44E-02	1.55E-02	1.18E-02	0.014665	2.25E-02	0.016603	0.022152	1.38E-02	1.34E-02	1.46E-02	0.016575	0.024141	0.025141	0.02034	0.018534	2.34E-02	0.016303	0.020663	2.41E-02	0.016156	0.019898	0.0257	2.56E-02	2.52E-02	0.026955	2.61E-02	2.68E-02	0.03119	0.029373	0.021103	0.025427	0.029808	0.029548	0.02804	0.026699	0.036907	0.043679	0.049198	0.045752	0.040365	0.042525	0.043374	0.044689	0.033944	0.035049	3.16E-02	0.032845	0.033058	0.032738	0.03401	0.037876	0.03878	0.036114	3.71E-02	0.035116	2.55E-02	0.029827	0.028487	0.035203	0.045446	0.042954	0.04389	0.045976	0.053532	0.058524	0.063286	0.068203	0.070414	0.068692	0.07626	0.084152	0.082049	0.085518	0.074057	0.066986	0.066838	0.063505	0.064598	0.060157	0.057426	0.052118	0.051198	0.05091	0.049743	0.047137	0.047242	0.049743	0.047257	0.04781	0.058218	0.062879	0.064382	0.06664	0.070065	0.073532	0.077945	0.078063	0.075232	0.074188	0.069467	0.060665	0.054049	0.046478	0.048641	0.047035	0.042579	0.03778	0.036596	0.033584	0.039931	0.036292	0.032289	0.035706	0.035997	0.038661	0.041764	0.037541	0.034459	0.038993	0.03599	0.035515	0.040915	0.042356	0.045436	0.046932	0.043594	0.047492	0.047661	0.049566	0.05294	0.053856	0.052302	0.041198	0.037454	0.034043	0.040711	0.038155	0.033699	0.035594	0.029511	0.028489	0.036056	0.03792	0.041141	0.048351	0.052015	0.052869	0.053717	0.050734	0.052124	0.047965	0.046802	0.041633	0.037303	0.029985	0.029436	0.021582	0.019113	0.011034	0.010065	0.0059784	0.016174	0.017952	0.019869	0.022139	0.026378	0.026278	0.037392	0.042576	0.049424	0.058142	0.068917	0.075268	0.076878	0.08424	0.090221	0.096408	0.10164	0.097623	0.1003	0.099109	0.095325	0.08097	0.069044	0.053859	0.047859	0.038016	0.024661	0.017255	0.012709	0.016361	0.015807	0.019944	0.024399	0.014852	0.015397	0.018496	0.016137	0.019357	0.02814	0.031188	0.033517	0.037041	0.048412	0.066727	0.077587	0.084326	0.086046	0.082667	0.081528	0.079494	0.073862	0.064756	0.050455	0.047601	0.039315	0.038923	0.036907	0.033583	0.034487	0.033458	0.023973	0.023867	0.020323	0.021567	0.026458	0.024483	0.017978	0.018642	0.016951	0.0095775	0.0106	0.0069181	0.0086879	0.0081564	0.014465	0.015373	1.30E-02	0.0099054	0.0084645	0.012652	0.010203	0.011815	0.012655	0.014761	0.015481	0.016661	0.014779	0.017867	0.021531	0.022518	0.019507	0.016691	0.017733	0.021201	0.021037	0.026531	0.02651	0.020664	0.018056	0.020879	0.026819	0.024207	0.022534	0.017613	0.017144	0.020126	0.017321	0.015039	0.016036	0.011285	0.0039498	0.010039	0.012169	0.010597	0.01023	0.01178	0.01087	0.0088242	0.013359	0.016518	0.019144	0.023997	0.017016	0.020364	0.021404	0.025287	0.024011	0.022835	0.025381	0.021189	0.01928	0.023666	0.025872	0.022928	0.022317	0.019946	0.024822	0.021362	0.023414	0.033047	0.032042	0.029133	0.026125	0.02783	0.025993	0.031267	0.033234	0.035477	0.039686	0.043234	0.043423	0.039232	0.043121	0.039054	0.037227	0.034916	0.043179	0.036103	0.035205	0.033586	0.034611	0.033198	0.033517	0.033898	0.034118	0.036365	0.035143	0.035963	0.031534	0.029717	0.024491	0.031489	0.032241	0.029615	0.028335	0.029022	0.02841	0.033776	0.036361	0.03552	0.036601	0.04445	0.046666	0.043723	0.03576	0.040656	0.048954	0.052055	0.052099	0.05188	0.049521	0.0515	0.06142	0.057809	0.056509	0.055576	0.057713	0.068803	0.064593	0.066183	0.059357	0.066557	0.065459	0.071788	0.074223	0.067363	0.058564	0.048746	0.03827	0.03293	0.029812	0.026844	0.025613	0.025607	0.027697	0.023252	0.019412	0.021585	0.020106	0.026173	0.022628	0.018819	0.020794	0.018158	0.018239	0.015839	0.017738	0.022209	0.015229	0.017761	0.014012	0.012394	0.02136	0.019557	0.014955	0.008444	0.011437	0.015182	0.01475	0.019327	0.010879	0.014873	0.0086227	0.016511	0.017515	0.0173	0.015054	1.92E-02	0.021199	0.027925	0.022138	0.021024	0.011812	0.011138	0.015124	0.018947	0.017664	0.012177	0.0080954	0.013585	0.013419	0.014134	0.016861	0.016111	0.013623	0.016491	0.02041	0.015479	0.012906	0.01723	1.68E-02	1.44E-02	0.016122	0.016935	1.58E-02	0.018277	1.91E-02	0.015895	0.017466	0.020778	0.017594	2.45E-02	0.032424	0.035229	0.03577	0.038491	0.032654	0.038737	0.043564	0.036904	0.036979	0.040485	0.043531	0.043921	0.036401	0.043057	0.05104	0.05223	0.054989	0.057678	0.058881	0.072104	0.076771	0.078472	0.095312	0.09996	0.1088	0.11195	0.12039	0.11961	0.1203	0.11746	0.10807	0.10448	0.097754	0.089403	0.074838	0.072704	0.066519	0.072119	0.061967	0.056056	0.051688	0.051147	0.047746	0.043988	0.040129	0.040855	0.037436	0.038065	0.03415	0.03092	0.028025	0.027739	0.029121	0.024357	0.018351	0.019198	0.018651	0.013496	0.010969	0.011251	0.015008	0.0186	0.015184	0.010365	0.016812	0.018494	0.017019	0.012253	1.26E-02	0.013581	0.013803	0.018443	0.027139	0.019806	0.019641	0.019376	0.02177	0.026911	0.025184	0.02593	0.027672	0.030994	0.034406	0.035945	0.038236	0.043549	0.044179	0.044135	0.04445	0.05028	0.042213	0.036182	0.0386	0.040351	0.038074	0.033249	0.03326	0.039199	0.037074	0.032245	0.032963	0.030643	0.025461	0.023873	0.024626	0.022253	0.018829	0.019693	0.01303	0.01413	0.013832	0.0081693	0.0088527	0.013167	0.0090355	0.0057758	0.01077	0.011954	0.0095029	0.014355	0.010439	0.010072	0.01394	0.0065229	0.0073077	0.014117	0.01122	0.012256	0.013234	0.0087	0.011084	0.0021985	0.0089605	2.45E-03	0.0046173	0.0070729	0.0075997	0.00457	0.0071246	0.0067383	0.0054532	-8.26E-05	-0.0007902	-0.0035407	-0.00060369	4.57E-03	3.93E-03	0.0023741	7.96E-03	0.0081153	2.56E-03	-6.52E-04	1.87E-03	0.0039377	0.0023011	-3.07E-05	-8.06E-04	2.53E-03	6.82E-03	4.77E-03	3.72E-03	0.0022728	2.16E-03	-0.0029788	-5.59E-03	-1.30E-04	0.0052325	4.65E-03	-2.10E-03	5.67E-04	6.10E-04	0.00034849	-8.53E-04	3.28E-04	1.75E-03	0.00099458	0.0054217	6.94E-03	0.0020462	0.0061095	2.43E-03	-6.74E-03	-5.43E-03	-0.0016099	-4.18E-05	0.0024102	2.32E-03	-0.0064425	-1.99E-03	0.00044522	0.0027424	0.00043119	1.37E-03	-1.14E-03	-2.12E-03	-2.44E-03	1.68E-03	5.43E-03	0.0062397	0.005288	-0.0013565	-0.0069674	-0.0045092	-8.95E-03	-5.37E-04	0.0024109	0.0063356	3.74E-03	3.47E-03	6.38E-03	1.11E-02	2.54E-03	-6.79E-03	-3.58E-05	5.24E-03	2.12E-03	5.01E-03	0.0037217	0.006731	2.37E-04	2.85E-03	-9.79E-05	-0.0033892	-0.0071354	-4.13E-03	-0.0028767	-1.96E-03	1.62E-03	x
3.05E-03	0.0057117	8.46E-03	0.010603	3.94E-03	0.0062591	3.45E-03	0.0085579	1.33E-02	0.0097552	1.68E-03	4.46E-03	0.0061134	0.0067781	8.40E-03	0.010594	1.25E-02	1.42E-02	0.016284	2.20E-02	0.01533	1.61E-02	0.015615	0.015318	1.59E-02	0.025276	0.020122	0.020613	0.013012	0.014936	0.017777	0.01819	0.025251	2.95E-02	0.023279	0.020507	0.023555	1.62E-02	0.019354	0.024114	0.018142	0.02424	0.02765	0.025339	0.028534	0.031291	0.029231	3.00E-02	0.03421	0.033293	2.44E-02	0.027722	0.033678	3.31E-02	0.032129	0.030146	0.038009	0.045685	0.053956	0.050592	4.50E-02	0.043568	0.046444	0.046242	0.038969	0.042944	0.038428	0.038203	0.037186	0.03336	0.035622	3.83E-02	0.040087	0.03647	0.03719	0.038108	0.027934	0.031534	0.035008	0.040104	0.050997	0.047605	0.049378	0.049267	0.059466	0.065355	0.066298	0.071084	0.071427	0.069301	0.075579	0.08285	0.077676	0.079763	0.069885	0.065759	0.064062	0.063975	0.068021	0.063508	0.05983	0.05626	0.055013	0.056545	0.055485	0.051934	0.054074	0.058373	0.054094	0.054176	0.065698	0.071673	0.070764	0.072131	0.073664	0.073827	0.077145	0.078358	0.074027	0.072101	0.066534	0.057785	0.05383	0.044659	0.047722	0.046917	0.041943	0.03927	0.038247	0.039172	0.041808	0.038022	0.030074	0.03363	0.035936	0.036303	0.040693	0.037919	0.035673	0.036752	0.033104	0.033999	0.040282	0.042621	0.049475	0.051884	0.046335	0.048478	0.046763	0.047203	0.053751	0.051924	0.050173	0.036276	0.035023	0.033206	0.037929	0.036586	0.0344	0.035331	0.030336	0.029181	0.035065	0.035869	0.040086	0.048902	0.053295	0.055014	0.05579	0.049673	0.050333	0.04642	0.041987	0.038117	0.033061	2.66E-02	0.027237	0.019373	0.017069	0.0077964	0.009852	0.0058156	0.017705	0.021801	0.02241	0.025231	0.02817	0.029561	0.041056	0.047755	0.057242	0.065249	0.069754	0.074417	0.078627	0.082934	0.088522	0.092238	0.10128	0.094537	0.096318	0.091892	0.085265	0.070653	0.058878	0.046961	0.039595	0.032429	0.022141	0.013761	0.0079134	0.0099766	0.014719	0.016107	0.02032	0.013739	0.01265	0.015797	0.015023	0.018928	0.030925	0.031886	0.037712	0.041256	0.050783	0.066044	0.075597	0.078733	0.077893	0.074484	0.068871	0.067107	0.061701	0.056018	0.042231	0.042338	0.036868	0.036202	0.034208	0.029865	0.029211	0.029358	0.020606	0.017732	0.015229	0.018686	0.023252	0.02194	0.018358	0.01485	1.67E-02	0.0074297	0.0078207	0.0050968	0.0072167	0.0074064	0.013281	0.016216	1.29E-02	0.0088387	0.0069825	0.012428	0.011607	0.011457	0.012307	0.017907	0.016049	0.016798	0.016287	0.01731	0.023465	0.02436	0.020015	0.017319	0.018509	0.023309	0.021404	0.026874	0.024978	0.020457	0.016768	0.021309	0.026471	0.022398	0.021931	0.014585	0.015388	0.016412	0.015162	0.012759	0.01437	0.01305	0.0059188	0.012112	0.01308	0.012016	0.014051	0.014897	0.013325	0.010325	0.011847	0.014851	0.017614	0.024865	0.018452	0.021278	0.021685	0.022079	0.021457	0.024355	0.024858	0.019761	0.019952	0.023253	0.023545	0.020264	0.020684	0.020396	0.025656	0.019518	0.023345	0.030313	0.02953	0.028391	0.025268	0.027828	0.026778	0.031764	0.033451	0.038955	0.043192	0.042564	0.040279	0.034802	0.038915	0.035114	0.032979	0.027576	0.039759	0.032317	0.030977	0.029592	0.032748	0.032805	0.032368	0.031641	0.0312	0.033065	0.030182	0.030629	0.028524	0.031268	0.024653	0.030625	0.031833	0.031094	0.027554	0.02918	0.030262	0.028296	0.034198	0.035315	0.035473	0.041371	0.043964	0.039118	0.032414	0.037711	0.044768	0.049134	0.04813	0.048495	0.04518	0.0458	0.053449	0.050757	0.051323	0.051994	0.054317	0.063485	0.060773	0.06077	0.050357	0.058263	0.054735	0.058028	0.058887	0.052725	0.047966	0.039738	0.030969	0.026959	0.024268	0.021295	0.022575	0.021158	0.025377	0.020128	0.015925	0.017732	0.014816	0.020905	0.018011	0.014807	0.017301	0.012955	0.011111	0.012415	0.012366	0.018084	0.009883	0.0095444	0.0072866	0.0092992	0.018838	0.013902	0.011427	0.0076658	0.0088446	0.012156	0.011973	0.013837	0.0063417	0.0096992	0.0017355	0.013807	0.01465	0.015894	0.013611	0.019693	0.021104	0.025832	0.019492	0.01992	0.0095099	0.0093646	0.013491	0.015621	0.013635	0.0097505	0.0079261	0.012243	0.0085448	0.0097443	0.013197	0.013919	0.01341	0.013533	0.017664	1.48E-02	0.0097743	0.013923	0.015213	0.013478	0.016597	0.01634	0.01588	0.015261	0.016794	0.016218	0.01726	0.019232	0.017984	0.026806	0.034957	0.036095	0.032741	0.037853	0.033069	0.038767	0.043452	0.038891	0.034905	0.037906	0.040526	0.040737	0.034994	0.042884	0.052849	0.054368	0.057095	0.058513	0.061545	0.075139	0.083507	0.086996	0.1056	0.11351	0.12487	0.12339	0.13436	0.13249	0.13059	0.12944	0.11851	0.11439	0.10552	0.096324	0.08203	0.078493	0.071684	0.077216	0.065145	0.060465	0.055588	0.053359	0.05052	0.045815	0.039497	0.041445	0.039002	0.037129	0.033395	0.02898	0.02642	0.026173	0.028088	0.025159	0.021476	0.019414	0.021115	0.013386	0.012658	0.012724	0.015825	0.017418	0.013094	0.0099723	0.01515	0.018965	0.016799	0.013468	0.013493	0.015919	0.016532	0.017007	0.023783	0.017253	0.01921	0.022205	0.02151	0.027979	0.023428	0.026084	0.029781	0.032203	0.033536	0.034228	0.037619	0.043087	0.04341	0.042512	0.041997	0.046601	0.037057	0.032028	0.035665	0.038572	0.036775	0.032219	0.034209	0.03697	0.034192	0.030275	0.028703	0.026265	0.021681	0.023382	0.021244	0.018879	0.017204	0.018291	0.010527	0.012213	0.012267	0.0041069	4.61E-03	0.0088023	0.0074932	0.0052205	0.0076109	0.0089295	0.0086833	0.011749	0.0078458	0.0068273	0.0093262	5.50E-05	0.0054516	1.05E-02	0.011315	0.013309	0.015291	9.08E-03	1.12E-02	-1.50E-03	0.0044469	0.0024445	0.0052255	0.0096137	5.56E-03	0.0028638	0.0058136	0.0076017	0.004328	-0.001335	-0.0046038	-0.006605	-0.0043977	0.0010747	0.00384	0.0033209	4.83E-03	0.0072314	5.14E-04	-4.04E-03	0.0015671	0.0031194	0.0018547	-0.0012406	-6.74E-04	0.0036881	5.07E-03	4.32E-03	3.42E-03	0.0027287	2.70E-03	-3.40E-03	-0.0079888	-4.26E-03	-3.21E-04	2.39E-03	-0.0047084	-4.25E-03	-2.90E-03	-0.00068552	-3.06E-03	-1.04E-03	-0.00096462	0.00024997	0.0045004	0.0061841	2.03E-03	2.52E-03	-3.61E-04	-0.0087702	-6.93E-03	-2.58E-03	-0.001572	2.31E-03	3.64E-04	-7.10E-03	-0.0066935	-0.0046761	-0.00073019	-0.00025053	1.14E-03	-1.17E-03	-1.43E-03	-0.00032328	0.0013749	0.0050095	0.0051427	3.57E-03	-0.0029215	-8.92E-03	-6.58E-03	-9.49E-03	-0.00057614	2.26E-03	3.17E-03	4.12E-03	1.96E-03	4.80E-03	0.0088976	0.00133	-0.0052422	8.31E-04	0.0038035	-1.22E-03	1.09E-03	1.24E-03	0.005219	-1.86E-04	0.0020976	2.15E-03	-1.58E-03	-8.45E-03	-7.73E-03	-4.37E-03	-3.71E-03	9.07E-04	r
0.0053593	0.0063341	9.94E-03	1.47E-02	7.67E-03	0.00851	0.0036053	0.011354	1.56E-02	0.011298	4.62E-03	1.01E-02	1.21E-02	0.0077292	0.0078993	0.013735	1.66E-02	0.018193	1.90E-02	0.026067	0.017136	1.84E-02	1.65E-02	1.79E-02	0.015621	0.027475	0.022992	1.93E-02	0.015576	0.01818	0.023621	0.022107	0.026733	0.033934	2.71E-02	0.025038	0.024857	0.017202	0.018276	0.024149	0.022551	0.031359	0.030269	0.025869	0.031204	3.48E-02	0.030158	3.21E-02	0.03751	0.036006	0.027898	0.031016	0.039046	0.036581	0.03718	0.035159	0.041035	0.048246	0.056748	0.055965	0.049743	0.043728	0.048728	0.046919	0.044409	0.049283	0.045725	0.04536	0.041485	0.035688	0.038703	0.039902	0.041951	0.037815	0.037153	0.040568	0.03132	0.034562	0.041602	0.044599	0.05542	0.053105	0.05477	0.054008	0.065675	0.071868	0.069995	0.075586	0.074392	0.071274	0.074669	0.082439	0.074664	0.074853	0.066968	0.065019	0.061629	0.064113	0.071531	0.067692	0.062456	0.059883	0.058295	0.061291	0.060278	0.055932	0.060492	0.065075	0.061177	0.062611	0.073497	0.079669	0.076158	0.076735	0.078937	0.075429	0.076681	0.079955	0.074595	0.072284	0.065386	0.056963	0.054908	0.043329	0.046974	0.047694	0.041443	0.039878	0.040207	0.044492	0.043587	0.040238	0.029124	0.03261	0.03559	0.03516	0.040483	0.037608	0.036073	0.035168	0.03139	0.033697	0.040444	0.045137	0.054372	0.05704	0.050934	0.050111	0.047341	0.046135	0.054842	0.051022	0.049905	0.032769	0.032479	0.031743	0.03492	0.034448	0.035576	0.035357	0.032539	0.031545	0.033855	0.032847	0.038536	0.048588	0.053963	0.056318	0.057791	0.050031	0.048256	0.044909	0.037831	0.036298	0.030288	0.023153	0.024197	0.017743	0.016425	0.0063875	0.012462	0.0092569	0.021789	0.026498	0.024906	0.029348	0.030888	0.034235	0.0461	0.053702	0.063982	0.071646	0.070946	0.073608	0.080089	0.081463	0.087368	0.087259	0.099946	0.091747	0.092924	0.084366	0.073881	0.058881	0.047232	0.039879	0.031224	0.024231	0.019235	0.009395	0.0035687	0.0038776	0.014617	0.012864	0.015732	0.012046	0.011191	0.013345	0.015834	0.019615	0.033069	0.032048	0.041268	0.043948	0.051715	0.062479	0.071857	0.071101	0.067424	0.065038	0.058345	0.055862	0.052039	0.049203	0.037024	0.0386	0.034978	0.035515	0.032103	0.027025	0.02648	0.026646	0.018861	0.013237	0.011687	0.015861	0.020617	0.020091	0.018923	0.010363	0.01528	0.0059373	0.0065921	0.0044954	0.0059527	0.006138	0.011163	0.015691	0.011342	0.0069555	0.0059518	1.17E-02	0.012853	0.010651	0.013392	0.02071	0.01588	0.016974	0.02136	0.017575	0.024228	0.025024	0.019575	0.016618	0.017529	0.023339	0.019815	0.024921	0.022137	0.019084	0.015626	0.021289	0.025482	0.018751	0.021218	0.013042	0.014803	0.014383	0.01666	0.013963	0.014883	0.016424	0.0099971	0.015885	0.014705	0.013763	0.018839	0.01825	0.017753	0.013175	0.010909	0.012758	0.014208	0.02463	0.021151	0.021148	0.023556	0.021933	0.020388	0.027105	0.023775	0.018012	0.021941	0.025058	0.023129	0.018365	0.020851	0.01974	0.023677	0.018445	0.024771	0.029144	0.028395	0.028025	0.025519	0.028931	0.028703	0.033084	0.035718	0.042745	0.046716	0.040821	0.035296	0.029688	0.034702	0.031322	0.029447	0.021258	0.035211	0.029601	0.027969	0.027293	0.033657	0.033249	0.030904	0.029593	0.02814	0.029636	0.026042	0.026418	0.026166	0.034368	0.026831	0.028687	0.029813	0.032153	0.027705	0.029047	0.033914	0.021941	0.031027	0.035012	0.035199	0.039701	0.043484	0.037888	0.032542	0.036997	0.041659	0.046253	0.044519	0.046794	0.043814	0.042251	0.04638	0.043684	0.046272	0.049086	0.052273	0.057973	0.055662	0.054845	0.043525	0.05246	0.048537	0.047555	0.046795	0.040777	0.039333	0.032289	0.026471	0.023652	0.021003	0.017249	0.021111	0.019474	0.025338	0.019286	0.015069	0.015233	0.0095978	0.015716	0.014013	0.010749	0.014286	0.010456	0.0054962	0.0096699	0.0085879	0.01618	0.0074254	0.0032659	0.0034476	0.0085871	0.017011	0.010916	0.011156	0.0088203	0.0082873	0.010376	0.009917	0.0083723	0.0024408	0.0044615	-0.0044064	0.01278	0.012274	0.013956	0.013081	0.020928	0.020258	0.022303	0.016655	0.019085	0.0093096	0.0086458	0.012424	0.013368	0.010911	0.0088152	0.010054	0.01172	0.0057651	0.0069218	0.0097527	0.011208	0.01389	0.011326	0.016109	0.015601	0.0091698	0.011644	0.013675	0.012652	0.015962	0.014534	0.015737	0.0118	0.01353	0.01665	0.015782	0.017672	0.01772	0.027627	0.036425	0.037008	0.029822	0.036965	0.033983	0.038193	0.041512	0.039263	0.031946	0.033083	0.03673	0.036348	0.034008	0.042108	0.053255	0.054717	0.05778	0.058053	0.063787	0.076197	0.089116	0.093789	0.1121	0.12284	0.13555	0.12894	0.1403	0.1373	0.13203	0.13453	0.12192	0.11821	0.10784	0.097668	0.084538	0.079476	0.071843	0.075525	0.063061	0.060531	0.056171	0.051207	0.048474	0.043811	0.035407	0.039739	0.038039	0.034491	0.030621	0.023456	0.023115	0.023923	0.024844	0.024532	0.023512	0.019311	0.02217	0.010933	0.012555	0.013081	0.014864	0.014583	0.010043	0.0082327	0.011744	0.016868	0.015496	0.013066	0.012569	0.017506	0.018963	0.016122	0.018042	0.013261	0.017992	0.023015	0.019133	0.02599	0.020205	0.025102	0.029669	0.031581	0.031774	0.031289	0.035803	0.041056	0.041172	0.039894	0.038279	0.042454	0.031148	0.028289	0.032484	0.03703	0.034965	0.031537	0.034679	0.033443	0.030105	0.030163	0.025506	0.022367	0.017937	0.022193	0.0172	0.015454	0.014732	0.016815	0.0084608	0.010634	0.010769	0.00039267	7.06E-04	0.0057157	0.0060649	0.0048	0.0034543	0.0049054	0.0084565	0.0090258	4.53E-03	0.0032245	0.0046666	-6.17E-03	0.0027729	4.50E-03	0.0081629	0.012486	0.017063	0.0089564	0.009606	-0.0058334	-0.0018145	0.0011858	5.00E-03	0.011804	2.61E-03	0.0010686	4.79E-03	0.01007	3.75E-03	-3.20E-03	-0.0080441	-9.49E-03	-0.0079014	-2.26E-03	2.27E-03	2.35E-03	2.02E-03	0.0068243	6.56E-05	-0.0049755	2.13E-03	2.10E-03	-0.00020257	-2.05E-03	-6.27E-04	3.33E-03	1.49E-03	2.52E-03	0.0020783	0.0025675	0.0020967	-2.59E-03	-7.88E-03	-0.0069306	-4.96E-03	1.21E-03	-7.55E-03	-9.21E-03	-5.32E-03	-0.0012307	-5.83E-03	-1.75E-03	-0.003387	2.10E-04	3.02E-03	0.0043011	2.14E-03	2.32E-04	-1.79E-03	-0.0088148	-6.96E-03	-1.81E-03	-0.00078152	2.95E-03	4.27E-05	-5.36E-03	-8.75E-03	-6.24E-03	-0.0023224	0.00044169	1.18E-03	1.67E-03	0.0013578	3.40E-03	9.21E-04	3.11E-03	2.38E-03	1.90E-03	-3.76E-03	-9.94E-03	-0.0089897	-1.12E-02	-2.77E-03	0.00029095	6.47E-04	0.0039732	-0.0007849	1.42E-03	4.98E-03	-9.52E-04	-2.66E-03	2.23E-03	0.0029932	-4.30E-03	-4.08E-03	-2.81E-03	0.0030296	-1.44E-03	-0.0005071	0.0027935	-4.99E-04	-7.34E-03	-9.95E-03	-0.0052095	-6.35E-03	-3.05E-04	r
8.78E-03	0.0094437	0.015525	0.021187	0.01458	0.013823	0.0075818	1.63E-02	2.00E-02	1.40E-02	1.10E-02	0.018148	1.98E-02	0.0095657	0.0076689	1.82E-02	0.021306	0.021761	0.01983	0.02754	0.01856	0.020621	0.017278	1.87E-02	0.014016	0.028366	0.025168	0.018818	0.021522	0.022259	0.031224	0.027114	0.028439	0.037409	0.030926	0.032382	2.78E-02	0.019666	0.017853	0.024552	0.029174	0.040091	0.034074	0.028146	0.032923	0.036746	0.028349	0.032545	0.040366	3.67E-02	0.032256	0.036247	0.046933	0.039986	0.042541	0.040444	0.046236	0.052353	0.05822	0.061489	0.053334	0.04427	0.051273	0.047377	0.049983	0.054087	0.052637	0.05356	0.045014	0.039806	0.043354	0.042581	0.044053	0.040569	0.037999	0.043612	0.036225	0.039826	0.047173	0.048477	0.0586	0.059852	0.060063	0.061351	0.071722	0.078437	0.075071	0.081336	0.079393	0.073859	0.073859	0.083193	0.074582	0.073202	0.067121	0.066074	0.060852	0.06476	0.076115	0.073484	0.066142	0.063742	0.062234	0.065394	0.064177	0.058807	0.065676	0.069183	0.068036	0.072078	0.080192	0.085485	0.080451	0.080206	0.086221	0.079627	0.07817	0.083379	0.076896	0.07549	0.06579	0.0589	0.056757	0.042395	0.047052	0.049407	0.041443	0.040188	0.043198	0.049103	0.045419	0.04238	0.029744	0.033313	0.03555	0.035734	0.041124	0.03682	0.035776	0.034181	0.030519	0.03545	0.04112	0.04973	0.059201	0.060915	0.056916	0.052422	0.049953	0.047359	0.056323	0.051293	0.052155	0.031583	0.031439	0.029957	0.032998	0.033009	0.036874	0.035214	0.035551	0.035649	0.033806	0.030786	0.037455	0.048644	0.053706	0.055772	0.058505	0.050836	0.045779	0.04304	0.0344	0.037124	0.030086	0.019495	0.020728	0.017263	0.017669	0.0077382	0.018399	0.015579	0.028119	0.0316	0.027034	0.034118	0.034876	0.040183	0.052612	0.060685	0.069372	0.076454	0.07273	0.073988	0.08087	0.080206	0.087854	0.082459	0.09761	0.088719	0.090168	0.076543	0.062393	0.047575	0.035073	0.03351	0.024478	0.014158	0.015916	0.0046776	0.0014329	-0.00018168	0.015341	0.010645	0.011637	0.0098293	0.011933	0.012665	0.019334	0.022091	0.035717	0.033048	0.044927	0.044871	0.051575	0.057232	0.067653	0.063698	0.056588	0.055558	0.051794	0.046383	0.046421	0.045077	0.036022	0.035708	0.032973	0.036792	0.031029	0.026653	0.028652	0.025685	0.018919	0.011316	0.010879	0.013987	0.01873	0.017373	0.017636	0.005269	0.012704	0.0056716	0.0079327	0.0065285	0.0061323	0.0048273	0.009233	0.015026	0.0088457	0.0039169	0.0051486	0.010555	0.012797	0.0090357	0.014563	0.020637	0.013721	0.016308	0.029824	0.019839	0.023506	0.023829	0.017936	0.013943	0.013442	0.020212	0.016327	0.021665	0.01813	0.017012	0.015038	0.020984	0.02438	0.012945	0.019114	0.012327	0.015248	0.014465	0.022419	0.018635	0.018493	0.021717	0.015527	0.020282	0.016409	0.015707	0.024123	0.020927	0.02287	0.016222	0.010371	0.010794	0.0090689	0.023139	0.024193	0.020088	0.026771	0.02596	0.020257	0.030216	0.021486	0.014894	0.024001	0.027951	0.024201	0.016876	0.022154	0.017555	0.018884	0.018161	0.026802	0.029732	0.028817	0.027429	0.026789	0.031032	0.031284	0.034961	0.039422	0.045805	0.048332	0.036177	0.026984	0.022865	0.029606	0.026673	0.026435	0.016235	0.029629	0.028272	0.025526	0.025795	0.037199	0.033534	0.028534	0.027385	0.024932	0.02621	0.022958	0.022457	0.02438	0.038213	0.029153	0.025213	0.026432	0.03207	0.028088	0.028034	0.03893	0.016152	0.027805	0.03476	0.036326	0.040661	0.045486	0.040382	0.03594	0.038318	0.039504	0.043041	0.041008	0.047459	0.046039	0.041113	0.040491	0.03692	0.04101	0.047007	0.051868	0.053242	0.049322	0.048635	0.038816	0.04905	0.046646	0.040538	0.037808	0.031796	0.032077	0.026112	0.024811	0.023082	0.020364	0.014672	0.020707	0.020199	0.026543	0.020578	0.015897	0.014246	0.0051354	0.011806	0.011271	0.0069824	0.012294	0.011378	0.0025788	0.0077759	0.0072587	0.016593	0.007745	-0.00043937	0.0028261	0.0098892	0.016466	0.011584	0.013285	0.011137	0.0089092	0.0091742	0.0084809	0.0034402	-0.0007706	-0.00022373	-0.0095661	0.013533	0.010758	0.012595	0.01435	0.022761	0.019738	0.017673	0.014583	0.018566	0.012023	0.009871	0.012678	0.01272	0.010208	0.0096152	0.014928	0.011887	0.0048213	0.0052359	0.0065396	0.0077638	0.014224	0.0088828	0.01558	0.016759	0.010606	0.010177	0.012319	0.012706	0.014941	0.011535	0.014625	0.0083987	0.0094828	0.018245	0.013941	0.016883	0.01705	0.026845	0.036745	0.037871	0.027112	0.035409	0.03466	0.036617	0.037979	0.037451	0.02791	0.026213	0.033353	0.031984	0.033916	0.041619	0.051774	0.052655	0.055771	0.05601	0.065497	0.076065	0.093278	0.097786	0.11344	0.1267	0.13971	0.12827	0.13703	0.13322	0.12465	0.13255	0.11876	0.11651	0.10469	0.092301	0.081277	0.075856	0.067089	0.067704	0.056317	0.055721	0.053386	0.043793	0.040617	0.037016	0.027887	0.035937	0.03473	0.030318	0.025429	0.014837	0.018946	0.022545	0.0197	0.021786	0.023008	0.018599	0.020675	0.0060073	0.0092457	0.010286	0.010967	0.010232	0.0065829	0.004579	0.0070692	0.011688	1.29E-02	0.011266	0.0089102	0.016816	0.01991	0.016237	0.01196	0.0089097	0.015906	0.020355	0.014986	0.021559	0.015445	0.02274	0.026808	0.028367	0.029551	0.026528	0.031958	0.036888	0.037277	0.037039	0.03393	0.038469	0.024548	0.02492	0.028797	0.034924	0.031236	0.03016	0.033185	0.029398	0.025239	0.031121	0.023104	0.018775	0.014379	0.018479	0.01166	0.011851	0.011115	0.015251	6.16E-03	0.0082405	0.0079904	-0.0026379	-0.0010041	0.0045221	4.02E-03	0.0044559	-0.0022886	-0.0006568	0.0089688	7.03E-03	1.16E-03	-4.32E-05	0.00064879	-0.010287	9.46E-05	-3.54E-03	0.00081062	0.0084517	0.017435	7.24E-03	0.0046516	-1.03E-02	-8.24E-03	-2.26E-03	2.48E-03	1.24E-02	-0.0014174	-1.11E-03	3.56E-03	1.40E-02	0.0041458	-5.45E-03	-1.06E-02	-1.15E-02	-0.01023	-0.0050007	-6.58E-04	-8.60E-04	0.00011999	7.88E-03	2.27E-03	-0.0028914	0.0026739	2.38E-04	-3.61E-03	-2.20E-03	1.68E-04	0.00091241	-3.45E-03	-9.62E-04	-4.33E-04	2.28E-03	-0.00029541	-5.64E-04	-5.87E-03	-7.48E-03	-7.21E-03	5.85E-04	-0.010204	-0.013165	-7.32E-03	-1.78E-03	-0.008141	-0.0009522	-0.0047988	9.74E-04	0.00022033	8.72E-04	0.0012501	0.0002739	-1.17E-03	-5.47E-03	-0.004835	4.48E-04	1.38E-03	0.0035221	1.48E-03	-0.0020082	-7.69E-03	-0.003048	-1.88E-03	0.002143	2.36E-03	7.36E-03	0.0066238	8.57E-03	7.25E-04	-0.00022084	-7.52E-04	5.39E-04	-3.37E-03	-1.04E-02	-0.011686	-1.42E-02	-0.0069026	-0.0035407	-1.48E-04	0.0037052	-3.18E-03	-0.0025214	3.53E-04	-4.45E-03	-1.20E-04	4.70E-03	2.53E-03	-7.43E-03	-1.01E-02	-7.63E-03	4.99E-04	-0.0032459	-4.53E-03	0.0011833	-2.47E-04	-3.45E-03	-9.93E-03	-0.005235	-0.0095184	-2.14E-03	x
0.012254	1.51E-02	0.026279	0.029529	0.024218	0.023225	0.014861	0.02126	0.02418	0.016561	0.020951	2.78E-02	0.028082	0.011536	0.0078704	0.022785	0.026393	2.46E-02	0.016444	0.024264	0.018105	0.021898	0.016655	0.017551	0.011353	0.027565	0.027872	0.020686	0.029783	0.025468	0.038853	3.06E-02	0.029417	0.038992	0.03258	0.041548	0.031833	0.02286	1.86E-02	0.026098	0.037881	0.048465	0.039506	0.033033	0.033701	0.036542	0.023678	0.031447	0.042278	3.50E-02	0.038774	0.044872	0.057838	4.31E-02	0.046577	0.042925	0.052344	0.058028	0.05893	0.066538	0.053989	0.046745	0.055648	0.047628	0.055747	0.058104	0.058433	0.06115	0.046877	0.045307	0.050001	0.04628	0.045885	0.045413	0.040829	0.049461	0.043636	0.047982	0.050955	0.052064	0.060655	0.067675	0.064727	0.071752	0.077227	0.085992	0.081691	0.08663	0.085592	0.075209	0.072343	0.08434	0.07783	0.075987	0.071477	0.070686	0.062429	0.066603	0.083266	0.081824	0.071983	0.069172	0.068497	0.069839	0.067759	0.060159	0.068892	0.071069	0.074568	0.080909	0.083484	0.087315	0.0834	0.08207	0.095056	0.086838	0.08233	0.087285	0.079151	0.081031	0.065965	0.063892	0.058909	0.04191	0.048859	0.052299	0.042498	0.041487	0.047969	0.053279	0.047605	0.043659	0.031533	0.036225	0.035494	0.036901	0.041746	0.036433	0.036257	0.033804	0.029398	0.03997	0.041074	0.055107	0.062079	0.060439	0.061794	0.054123	0.054087	0.050218	0.056514	0.051672	0.056238	0.032107	0.033722	0.027494	0.033404	0.032974	0.036998	0.033784	0.038321	0.042112	0.03639	0.032095	0.037712	0.050373	0.051537	0.051549	0.056285	0.050118	0.042048	0.039474	0.030384	0.040585	0.032879	0.014451	0.017332	0.018713	0.021171	0.012604	0.028011	0.023381	0.03558	0.036686	0.028989	0.039853	0.040558	0.046673	0.059681	0.068519	0.073321	0.07809	0.074303	0.075614	0.07926	0.078112	0.090583	0.078362	0.093896	0.083499	0.086659	0.06689	0.051112	0.03833	0.022826	0.028069	0.020719	0.0034195	0.011805	-0.00037104	0.0030755	-0.00094228	0.015855	0.0090578	0.008688	0.00685	0.01535	0.01503	0.026157	0.027598	0.04027	0.036571	0.04965	0.043416	0.050277	0.051033	0.063613	0.057698	0.046536	0.046688	0.049844	0.037904	0.045688	0.043754	0.039798	0.032082	0.029103	0.039168	0.031419	0.030386	0.037472	2.59E-02	0.020467	0.01219	0.013165	0.014077	0.017111	1.09E-02	0.011076	-0.00067411	0.0091386	0.0074755	0.01349	0.013131	9.34E-03	0.0041805	0.0080857	0.015634	0.0061637	-0.00088804	0.0045031	8.90E-03	0.00924	0.0058594	0.013419	0.014582	0.0068108	0.012469	0.040331	0.024569	0.021202	0.02054	0.01496	0.0087038	0.0045705	0.012845	0.011058	0.018486	0.012976	0.015077	0.015788	0.020504	0.02344	0.0046577	0.013956	0.011465	0.016127	0.016213	0.032073	0.026405	0.026707	0.029959	0.021593	0.023016	0.01635	0.017496	0.029544	0.022136	0.02679	0.018121	0.010307	0.0098745	0.0028565	0.021016	0.026322	0.018852	0.030443	0.033683	0.019659	0.032462	0.017063	0.008871	0.024566	0.030015	0.025838	0.015056	0.022652	0.01352	0.012102	0.01837	0.027229	0.031897	0.030722	0.025327	0.029015	0.034417	0.034515	0.036967	0.043345	0.045995	0.044805	0.026177	0.013044	0.012433	0.02138	0.019337	0.023788	0.011629	0.022313	0.027152	0.022262	0.023463	0.042608	0.032056	0.025075	0.024459	0.021694	0.022837	0.020499	0.016827	0.023307	0.041848	0.028696	0.020054	0.022992	0.030029	0.027985	0.025968	0.044712	0.011574	0.025506	0.034632	0.039643	0.044804	0.049587	0.046075	0.041784	0.04083	0.037382	0.037869	0.03685	0.050559	0.052042	0.041924	0.035181	0.030562	0.034218	0.045249	0.052636	0.049723	0.041796	0.042493	0.035258	0.046939	0.047819	0.036183	0.030405	0.02501	0.024695	0.02027	0.025026	0.024596	0.022411	0.013171	0.02074	0.022036	0.027778	0.023559	0.016913	0.015334	0.0022128	0.009829	0.010269	0.0038348	0.010876	0.015715	0.0029303	0.0071283	0.0090617	0.018905	1.02E-02	-1.23E-03	0.0058084	1.37E-02	0.018748	0.016523	0.015836	0.013315	0.0088452	7.08E-03	0.007386	4.44E-05	-0.0031327	-0.0034897	-0.013779	0.01577	0.010701	0.012728	0.018532	0.024929	2.06E-02	0.012169	0.014192	0.017884	0.018025	0.013926	0.015296	0.014676	0.011818	0.011922	0.023805	0.012467	0.004765	0.0040148	0.0032008	0.0030023	0.013898	0.0055943	0.016214	0.017138	0.013006	0.0082738	0.010684	0.014327	0.014096	0.0068435	0.010944	0.0053276	0.0043035	0.021094	0.012249	0.017316	0.016164	0.024822	0.036167	0.03831	0.024165	0.031906	0.033783	0.033757	0.033367	0.033078	0.022354	0.017603	0.031828	0.028703	0.035229	0.042664	0.048169	0.047567	0.049522	0.052215	0.065783	0.075249	0.095375	0.097391	0.10825	0.124	0.13641	0.1215	0.12359	0.11959	0.10964	0.1244	0.11019	0.11027	0.095667	0.078421	0.071282	0.068751	0.05864	0.056176	0.046253	0.045843	0.047193	0.029973	0.02625	0.024824	0.017328	0.030541	0.030799	0.024434	0.016736	0.0037552	0.015226	0.023922	0.013285	0.016891	0.019251	0.017417	0.016427	-0.0005064	0.0017259	0.0017773	0.0031348	0.005225	0.0033861	-0.0017598	0.0018179	0.0029351	0.0086256	0.0090851	0.002304	0.013575	0.018668	0.017509	0.0080396	0.0059477	0.012684	0.012721	0.0092033	0.015797	0.0088442	0.019184	0.020962	0.021857	0.027574	0.019384	0.025595	0.030109	0.030725	0.034176	0.029517	0.035015	0.016957	0.021356	0.025083	0.031348	0.023787	0.026644	0.028109	0.02626	0.020088	0.032217	0.020589	0.015201	0.011678	0.010392	0.003449	0.0073694	0.0064793	0.013713	0.0028262	0.0041608	0.0015998	-0.0052805	1.02E-03	4.69E-03	7.68E-05	0.0037153	-0.010033	-8.08E-03	0.010165	0.0060753	-1.78E-03	-1.99E-03	-2.03E-03	-0.010184	-2.24E-03	-1.35E-02	-0.010882	0.00035758	1.49E-02	0.0021423	-5.49E-03	-0.014763	-1.32E-02	-0.0088315	-3.85E-03	1.06E-02	-5.85E-03	-0.0039486	0.0017268	1.88E-02	6.20E-03	-0.008056	-1.24E-02	-1.23E-02	-0.010491	-7.32E-03	-0.0040695	-5.95E-03	-1.00E-03	0.010967	7.86E-03	0.002184	1.50E-03	-0.0036453	-7.61E-03	-1.03E-03	2.78E-03	-4.02E-03	-0.0095875	-7.22E-03	-0.0045731	3.12E-03	-4.18E-03	0.0029623	-3.80E-03	-0.0060977	-0.0058066	-6.57E-04	-0.011978	-1.53E-02	-1.03E-02	-0.0025484	-8.65E-03	1.94E-03	-0.0043722	3.12E-03	-4.62E-03	-4.13E-03	-0.0019013	2.70E-03	9.48E-04	3.15E-03	0.00025075	0.0036603	0.0035173	3.75E-03	5.34E-03	0.0024302	-3.20E-03	0.0058292	0.0011194	5.24E-03	0.0070576	1.55E-02	1.45E-02	1.51E-02	0.0015412	-4.40E-03	-2.77E-03	-7.23E-04	-0.00094364	-0.010257	-1.43E-02	-0.017573	-0.012026	-8.83E-03	0.0013595	0.0032647	-0.0026752	-0.0053084	-3.85E-03	-0.0092971	0.0014186	8.64E-03	2.14E-03	-0.011795	-1.69E-02	-0.011359	-1.69E-03	-0.0053711	-0.0089499	-3.05E-03	-2.64E-04	0.0029986	-7.64E-03	-0.0047253	-0.013159	-0.005533	x
0.0020437	-0.0024925	0.012939	0.020449	0.041661	0.037662	0.035082	0.037806	2.38E-02	2.26E-02	2.37E-02	1.64E-02	0.034386	0.038087	0.036558	0.013827	0.009183	0.024981	3.10E-02	0.026222	0.0061211	1.33E-02	0.014387	0.021506	1.45E-02	1.65E-02	0.007963	0.025296	0.034232	0.028075	0.037787	0.024497	0.043593	0.027559	0.027144	0.037549	0.028237	0.049214	0.035282	0.024289	0.021265	3.08E-02	0.049131	0.052668	0.046331	0.04104	0.033638	0.033215	1.63E-02	0.02912	0.042864	0.0314	0.049984	0.059114	0.070795	0.044912	0.045603	0.03611	0.055566	0.063379	0.059154	0.069653	0.048726	0.052574	0.064474	0.04755	0.062599	0.062656	0.062243	0.064806	0.046689	0.051315	0.060231	0.051462	0.045868	0.053063	0.046324	0.06137	0.054999	0.058663	0.052319	0.055892	0.061646	0.075423	0.067342	0.0843	0.08193	0.095933	0.088652	0.087617	0.090917	0.071419	0.06712	0.083111	0.082799	0.081476	0.079342	0.080685	0.065112	0.069645	0.094939	0.093046	0.080655	0.077287	0.078346	0.076493	0.072005	0.058981	0.069298	0.072022	0.080509	0.086199	0.079399	0.081729	0.083754	0.081236	0.10317	0.09553	0.088038	0.087286	0.077029	0.085532	0.061435	0.071896	0.061193	0.041943	0.053544	0.056971	0.045095	0.045585	0.055364	0.058824	0.050923	0.043196	0.032953	0.042283	0.033093	0.034809	0.040496	0.038235	0.04069	0.034206	0.025998	0.047602	0.037839	0.058099	0.059514	0.049536	0.059763	0.05156	0.057244	0.051273	0.050138	0.049691	0.060127	0.031851	0.041361	0.022726	0.037287	0.033547	0.032941	0.028937	0.038556	0.052362	0.04285	0.039689	0.040012	0.055107	0.04535	0.039986	0.048121	0.044594	0.035697	0.031511	0.022402	0.044847	0.037815	0.0060915	0.014852	0.023601	0.026966	0.021346	0.041656	0.030836	0.041731	0.04116	0.031894	0.048438	0.049281	0.051918	0.064978	0.076493	0.075548	0.073285	0.07332	0.076609	0.071433	0.070868	0.094196	0.075067	0.088762	0.072405	0.078632	0.052665	0.039761	0.032777	0.011132	0.022971	0.021451	-0.0049814	0.0062209	-0.0059693	0.010168	0.0019336	0.01369	0.0064339	0.0070032	0.0025166	0.021287	0.020779	0.036101	0.038539	0.048729	0.045201	0.05673	0.037552	0.046644	0.043638	0.059313	0.052386	0.037151	0.038174	0.052092	0.028594	0.050828	0.045367	0.048145	0.024688	0.019724	0.040776	3.39E-02	0.039854	0.053549	0.024749	0.022392	0.015857	0.018289	0.016996	0.014783	-0.0043423	-0.0070209	-0.0076143	5.11E-03	1.29E-02	0.026552	0.026383	0.016839	0.004523	0.0061995	0.017913	0.0039749	-0.0090492	0.0041271	0.0056207	-1.72E-03	5.41E-05	0.0060152	-0.0021887	-0.01053	0.00040063	0.049379	0.030145	0.0171	0.015527	0.01038	-0.00031695	-0.01187	6.12E-05	0.003752	0.016819	0.0066703	0.014749	0.019286	0.019843	0.022534	-0.0063518	0.0036562	0.0094993	0.016215	0.017841	0.043373	0.036481	0.042134	0.042642	0.026577	0.019738	1.05E-02	0.018323	0.034559	0.020661	0.026331	0.01734	0.011294	0.011201	-0.0033398	2.03E-02	0.025684	0.019121	0.032967	0.041968	0.015793	0.032125	0.0093964	-0.0021983	0.02174	0.028035	0.026017	0.011491	0.018213	0.0072724	0.0052614	0.018363	0.021732	0.035599	0.034009	0.019761	0.032143	0.040455	0.038959	0.038024	0.04489	0.038216	0.030586	0.0077621	-0.010133	-0.004686	0.005668	0.0063455	0.021947	0.0046904	0.011165	0.021928	0.015387	0.017652	0.048125	0.025875	0.021118	0.02044	0.019145	0.019549	0.01748	0.0064717	0.023984	0.044084	0.020777	0.012775	0.021686	0.024709	0.02696	0.023711	0.05072	0.0076063	0.025239	0.03533	0.047161	0.051204	0.054581	0.053902	0.048827	0.043628	0.034261	0.027371	0.031026	0.054824	0.061766	0.04344	0.029258	0.024767	0.023509	0.042724	0.053468	0.047447	0.033221	0.037542	0.030893	0.043637	0.049915	0.033147	0.022042	0.019149	0.015125	0.013543	0.025327	0.026888	0.027267	0.012429	0.020568	0.022493	0.028068	0.027514	0.016491	0.020103	0.0024787	0.0094731	0.011365	0.0016357	7.36E-03	0.021812	0.0056187	0.0088123	0.015223	2.24E-02	0.013832	0.0015765	0.01345	2.28E-02	0.027294	0.026207	0.015601	0.013253	0.0048302	0.0014071	0.0062111	0.00055718	-0.0036526	-0.0034011	-0.016986	0.018881	0.013933	0.015089	0.027508	0.02702	0.022891	0.0055082	0.016705	0.015841	2.65E-02	0.021179	0.021866	0.021531	0.015267	0.014365	0.039288	0.013121	0.0035774	0.0025419	-0.0010546	-0.0039005	0.013939	0.0027156	0.019654	0.016106	0.015277	0.0039586	7.33E-03	0.017886	0.012972	-0.0013829	0.0010534	2.99E-03	-0.003037	0.023315	0.010108	0.018572	0.014774	0.022212	0.035435	0.037813	0.019516	0.023297	0.029059	0.029424	0.029412	0.026236	0.014686	0.0078633	0.033618	0.027294	0.039009	0.047187	0.042558	0.038316	0.036535	0.04634	0.061683	0.072461	0.093058	0.088845	0.094396	0.11269	0.12346	0.10836	0.09848	0.09458	0.089026	0.11218	0.097278	0.10006	0.078854	0.052341	0.053455	0.060306	0.048696	0.045304	0.034981	0.031111	0.037346	0.0083408	0.0046302	0.0072564	0.0047653	0.024286	0.030705	0.015415	0.0017141	-0.0092546	0.013869	0.030155	0.0076232	0.011749	0.012726	0.016021	0.010403	-5.84E-03	-0.0099765	-0.015593	-0.0083039	0.0029761	0.0018631	-0.01119	-2.38E-03	-0.0097403	0.0031188	0.0095722	-0.0060423	0.010071	0.016191	0.02034	0.0094004	0.0079617	0.0079983	-0.0017598	7.48E-04	0.010791	0.00043275	0.015608	0.011839	0.010981	0.027107	0.0094951	1.64E-02	0.020412	0.01899	0.030596	0.02519	0.032126	0.0078951	0.016079	0.023329	0.025658	0.010893	0.019291	0.017569	0.026512	0.014499	0.032876	0.017249	0.012389	1.22E-02	-0.0032882	-8.05E-03	0.00044223	2.11E-03	0.012858	-0.0018078	-2.24E-03	-0.012366	-8.72E-03	0.0076667	0.0041803	-0.0075399	0.0014424	-1.94E-02	-0.016899	0.01128	0.0056634	-0.0037624	-0.00076687	-0.001947	-2.25E-03	-4.81E-03	-0.025756	-2.53E-02	-0.010914	0.0078375	-8.75E-03	-0.022102	-1.88E-02	-0.015017	-0.019185	-1.56E-02	5.85E-03	-7.59E-03	-0.0070844	-1.36E-05	2.34E-02	0.011246	-0.011257	-1.46E-02	-1.21E-02	-0.0074603	-0.0099131	-5.67E-03	-1.13E-02	-0.0020015	1.55E-02	1.73E-02	0.0098466	-4.07E-03	-1.11E-02	-0.010964	2.66E-03	0.0083105	-0.012345	-1.81E-02	-0.018725	-1.10E-02	0.0075638	-7.47E-03	0.0088333	-0.005192	-0.0035192	0.00076906	-4.26E-03	-0.011591	-0.015419	-1.64E-02	-3.25E-03	-0.0055876	6.69E-03	-0.0017826	0.0079929	-0.011985	-0.0099226	-8.55E-03	0.0060933	1.51E-03	1.96E-02	9.27E-03	0.0071744	4.25E-03	0.0045634	0.013212	7.61E-03	0.0049745	2.13E-02	0.0083848	0.011609	0.020455	2.46E-02	0.023646	0.022438	4.81E-03	-8.40E-03	-0.0020491	-2.35E-03	5.34E-03	-9.05E-03	-1.61E-02	-0.018961	-0.016343	-1.41E-02	0.0047	1.95E-03	0.0050446	-4.85E-03	-0.0067812	-1.64E-02	0.0011501	0.014079	1.83E-03	-1.96E-02	-2.53E-02	-0.010506	-0.0020679	-0.007688	-1.21E-02	-1.07E-02	0.00022013	0.010424	-4.66E-03	-5.38E-03	x
1.23E-02	0.022443	0.019711	6.87E-03	0.0079684	0.010601	1.12E-02	0.00044548	6.61E-04	0.014216	1.08E-02	1.37E-02	0.015529	2.19E-02	0.019954	0.0074471	0.0027566	-0.0022205	1.46E-02	0.0077994	0.01374	0.011944	-1.57E-03	0.022556	0.012468	0.029158	0.028427	2.07E-02	0.022314	2.97E-02	2.31E-02	0.030146	2.14E-02	0.015567	0.011842	0.01595	0.027186	0.02201	0.013673	0.020551	0.020185	1.79E-02	0.029204	0.020552	1.16E-02	0.019578	0.033922	0.035307	0.015521	0.016902	0.011181	0.014917	1.45E-02	1.86E-02	0.026508	0.018187	8.57E-03	0.031404	0.028793	2.83E-02	0.018318	1.17E-02	0.016519	3.03E-03	0.0076692	0.011193	0.0091306	0.026292	3.71E-02	0.037793	0.035449	0.037009	0.028287	0.028812	0.024695	0.022309	0.022745	0.02809	0.022745	0.026959	0.021822	0.032664	0.04189	0.03506	0.053557	0.062228	0.068567	0.071538	0.063246	0.079062	0.076058	0.083591	0.082065	0.071454	0.058226	0.044013	0.052207	0.056677	0.05227	0.044213	0.035154	0.035199	0.038463	0.035236	0.03429	0.042777	0.045004	0.044223	0.043446	0.048296	0.046323	0.046792	0.057345	0.064292	0.058204	0.059553	0.06869	0.070787	0.072535	0.059289	0.066223	0.061131	0.053835	0.059708	0.046318	0.036752	0.028646	0.029327	0.039249	0.040099	0.035116	0.031862	0.01809	0.031123	0.04379	0.043338	0.041473	0.045297	0.04523	0.033503	0.028744	0.039994	3.15E-02	0.024097	0.026487	0.045191	0.051218	0.038354	0.038464	0.042764	0.047853	0.041289	0.035655	0.026898	0.040241	0.031383	0.028394	0.033322	0.031253	0.041009	0.029509	0.038155	0.050024	0.045679	0.04321	0.039748	0.045053	0.043756	0.027812	0.03468	0.037883	0.03387	0.035315	0.024872	0.020994	0.021036	0.031457	0.02577	0.019221	0.01928	0.015377	0.010983	0.019906	0.031621	0.025076	0.026961	0.033495	0.026712	0.032971	0.054365	0.063943	0.061006	0.059555	0.081974	0.0967	0.089929	0.089538	0.092979	0.10018	0.088872	0.075963	0.058271	0.047052	0.045254	0.04687	0.03136	0.021789	0.012209	0.010974	2.51E-02	0.023421	0.022455	0.025038	0.013122	0.02003	0.016378	0.034707	0.029722	0.011563	0.029637	0.022724	0.03276	0.042898	0.055688	0.07184	0.077499	0.080497	0.090169	0.097536	0.093884	0.085182	0.072258	0.06886	0.067297	0.046528	0.048353	0.044522	0.040751	0.039443	0.04042	0.038441	0.037394	0.020922	0.031927	0.034639	0.037507	0.040061	0.023257	0.020769	0.022025	2.79E-02	0.022789	1.54E-02	0.012698	0.0067592	-4.20E-04	-0.0021669	1.00E-02	0.014215	5.70E-03	3.93E-03	0.0083087	0.023278	0.025948	0.010603	0.018013	0.02845	0.022755	0.028371	0.033839	0.02366	0.024759	0.023522	1.73E-02	0.0071042	0.0036429	0.0097121	0.012384	0.013534	0.0096822	0.019656	0.029202	0.031182	0.03185	0.033526	0.03511	0.027869	0.038985	0.029197	0.017075	0.0094192	0.012915	0.015913	0.018326	0.014722	0.023556	0.024227	0.014221	0.014805	0.018375	0.020561	0.022605	0.028562	0.020307	0.024703	0.025727	0.040629	3.46E-02	0.028785	0.032244	0.025664	0.029107	0.044283	0.043681	0.033768	0.017927	0.01507	0.018241	0.018781	0.035985	0.040463	0.035137	0.046054	0.03824	0.050214	0.040761	0.046754	0.037627	0.047113	0.055018	0.050306	0.054055	0.065913	0.055346	0.055359	0.058078	0.043726	0.042606	0.051652	0.0628	0.05325	0.048641	0.045281	0.039265	0.037597	0.038293	0.045987	0.055128	0.038339	0.035498	0.044835	0.044998	0.047708	0.040213	0.054507	0.046153	0.047834	0.035105	0.036619	0.040127	0.045002	0.054691	0.063442	0.067528	0.067716	0.05696	0.061846	0.058835	0.060832	0.069795	0.074286	0.074121	0.077799	0.081355	0.07263	0.069505	0.079488	0.090104	0.079184	0.088385	0.10504	0.11039	0.12188	0.12284	0.11405	0.1018	0.085246	0.072826	0.066044	0.06432	0.054041	0.050818	0.054196	0.050355	0.05074	0.051982	0.050907	0.050171	0.033755	0.036107	0.047338	0.03273	0.032722	0.047847	0.042326	0.031525	0.028267	0.041112	0.044084	0.041723	0.044441	0.041893	0.036957	0.043661	0.0445	0.024634	0.030239	0.037063	0.038792	0.039083	0.027369	0.024182	0.024236	0.025394	0.024573	0.013543	0.019028	0.025793	0.017437	0.035722	0.024306	0.025207	0.030531	0.018195	0.019015	0.041514	0.032083	0.018067	0.02396	0.02496	0.033634	0.034613	0.028206	0.022019	0.028385	0.034162	0.027048	0.033553	0.026066	0.017702	0.0097784	0.0038251	-0.0012629	0.0038833	0.013606	0.022549	0.026759	0.0042071	0.0068789	0.01701	1.55E-02	0.014844	0.024104	0.026105	0.037435	0.030198	0.03701	0.046684	0.02847	0.020901	0.037368	0.038627	0.049297	0.034002	0.037797	0.035982	0.050382	0.048251	0.064307	0.058935	0.045013	0.05117	0.058295	0.053895	0.060433	0.050694	0.049572	0.062183	0.04822	0.041838	0.042845	0.045386	0.038112	0.041816	0.044225	0.041911	0.033607	0.02994	2.55E-02	0.026601	0.014064	0.018536	0.01647	0.026554	0.033561	0.024556	0.021437	0.016769	2.01E-02	0.031217	0.028706	0.013693	0.028577	0.027948	0.016346	0.010838	0.02274	0.033605	0.028957	0.01433	0.012052	0.020897	0.0057727	0.012914	0.014719	0.0079905	0.013329	0.0099903	1.18E-02	0.0013726	0.004271	0.025285	0.018145	0.015871	0.014189	0.02214	2.19E-02	0.014289	0.014684	0.0027561	0.018237	0.024336	0.022285	0.034899	0.030477	0.039724	0.047509	0.045628	0.032939	0.031915	0.04386	0.055997	0.052753	0.056328	0.053672	0.057349	0.043344	0.038943	0.035149	0.040593	0.041643	0.049262	0.042737	0.035992	0.033134	0.033448	0.040997	0.032898	0.019981	0.018342	0.020816	0.032132	0.021843	0.02443	0.017323	0.023398	0.022191	7.27E-03	0.026252	0.022489	0.017186	0.010515	0.006215	0.013677	0.018629	0.0093745	-0.0023504	-0.00013472	-0.0014291	0.001199	0.0020973	0.0048594	0.010802	-0.0053128	9.41E-03	0.0096102	0.015735	0.010333	0.015579	0.010832	0.017583	0.021249	0.013682	-0.0074841	0.0027838	-0.004722	-0.0044708	-0.0051954	-1.00E-02	-0.011113	0.0013762	-1.87E-04	-0.0011542	1.17E-02	7.26E-03	0.003829	-5.75E-04	0.015692	0.0040618	0.0047476	0.0090017	0.0015624	-0.011219	-0.00068659	0.010832	0.0068351	0.01465	0.0022973	0.0095596	0.017319	0.0073101	0.00067366	0.016382	0.0093427	-0.0026503	-0.0004921	0.017272	0.021267	0.018594	0.017467	0.01352	8.28E-03	0.0039671	0.0059956	-0.0022429	2.74E-03	0.011699	0.010533	0.020811	0.020565	0.025288	0.02059	0.023613	0.020691	0.0089969	0.0075134	0.0039772	7.72E-03	0.0058164	0.010321	-2.23E-03	-0.0009621	1.09E-02	0.011552	0.0017423	0.0017706	0.0016987	-0.0061928	7.93E-03	-0.003572	4.58E-04	-1.33E-04	0.0084153	5.66E-03	9.07E-03	-0.0054791	0.015231	1.27E-02	0.0095559	0.0049928	0.0059604	-5.99E-03	-2.51E-03	-1.03E-02	2.44E-03	0.0038785	6.81E-03	1.06E-03	1.50E-03	-0.0058698	-0.0075755	2.11E-03	x
0.013587	0.017879	0.012894	3.46E-03	1.00E-02	0.012743	0.013105	2.36E-03	0.00097687	0.0063319	5.92E-03	0.013904	0.011264	0.016609	1.08E-02	0.0044787	0.0074249	0.0015434	0.014955	0.0093861	1.62E-02	0.0079886	0.0028838	0.022244	0.010794	0.025778	2.54E-02	1.88E-02	0.017711	2.52E-02	2.12E-02	0.025009	0.020102	0.016787	1.49E-02	1.65E-02	0.02447	0.022241	1.47E-02	2.01E-02	2.17E-02	0.022591	0.023595	1.79E-02	1.27E-02	0.020563	0.032687	2.87E-02	1.66E-02	2.14E-02	0.018583	0.018866	0.018893	2.08E-02	3.37E-02	0.027223	2.08E-02	0.034685	3.04E-02	3.11E-02	2.27E-02	2.20E-02	1.81E-02	7.42E-03	0.013237	0.018535	0.018593	0.031743	0.035934	3.86E-02	3.69E-02	0.036133	0.031312	0.029047	0.022754	0.024046	2.20E-02	0.030043	0.031501	0.035147	0.028912	0.040228	0.047793	0.044259	6.35E-02	6.94E-02	0.074022	0.073794	0.069758	0.083447	0.082007	0.086435	0.078543	0.067878	0.06318	0.050552	0.055517	0.058736	0.053292	0.044873	0.038716	0.038407	0.039844	0.037289	0.032675	0.038254	0.042453	0.046386	0.04762	0.050349	0.052581	0.053447	0.064489	0.070795	0.069428	0.070813	0.076079	0.075875	0.075326	0.06474	0.064004	0.056338	0.053939	0.056327	0.04652	0.0355	0.031827	0.026631	0.040578	0.042687	0.03866	0.037524	0.024323	0.037514	0.046995	0.039049	0.036877	0.046019	0.04785	0.038311	0.039005	0.047559	0.040478	0.034844	0.03623	0.046484	0.0523	0.047359	0.044161	0.049211	0.051227	0.045234	0.035954	0.026478	0.04208	0.034273	0.034076	0.039522	0.035362	0.039646	0.035428	0.040731	0.047717	0.046387	0.044852	0.041905	0.047645	0.047824	0.037893	0.038256	0.042422	0.038356	0.039174	0.030516	0.026017	0.024032	0.028586	0.024858	0.022827	0.020676	0.019914	0.014081	0.020627	0.029067	0.028459	0.027723	0.036051	0.033642	0.037262	0.055811	0.068449	0.066245	0.066219	0.085199	0.096846	0.096675	0.095831	0.098254	0.10224	0.095546	0.086683	0.066588	0.055606	0.04743	0.050986	0.036266	0.024703	0.017591	0.014162	0.025691	0.021962	0.025685	0.027983	0.01355	0.022669	0.0208	0.030011	0.029285	0.017877	0.03096	0.025358	0.034212	0.04754	0.064941	0.081484	0.088427	0.089758	0.091801	0.098028	0.09413	0.088416	0.076371	0.069551	0.065443	0.045865	0.050143	0.045792	0.041863	0.044323	0.043628	0.03691	0.037442	0.02586	0.0321	0.035931	0.03616	0.032382	0.026905	0.02103	0.021117	0.024564	0.018799	0.013224	0.011847	0.0092507	3.10E-03	0.0041349	0.010635	1.40E-02	9.40E-03	0.0065766	0.010482	0.022864	0.020931	1.28E-02	0.017979	2.58E-02	0.02243	0.024563	2.81E-02	0.022296	0.020894	0.021041	0.017392	0.011382	0.010266	0.017777	0.016304	0.015778	0.012007	0.022296	0.026962	0.027152	0.032257	0.029286	0.033897	0.028326	0.036022	0.028146	0.014787	9.18E-03	0.014016	0.015315	0.012931	0.0083482	0.013755	0.019224	0.013195	0.016173	0.020329	0.022306	0.024891	0.027992	0.018814	0.025122	0.030593	0.037594	0.029129	0.028214	0.030764	0.023359	0.029823	0.043079	0.040867	0.035802	0.020128	0.017718	0.023809	0.023861	0.039956	0.042142	0.034184	0.040486	0.036209	0.041172	0.038221	0.044851	0.034838	0.043489	0.049667	0.047447	0.050456	0.059906	0.052111	0.053251	0.052513	0.043027	0.042331	0.048393	0.053351	0.047739	0.042745	0.039113	0.03639	0.035428	0.038604	0.045765	0.052179	0.035072	0.032096	0.037702	0.037196	0.037403	0.033084	0.044211	0.036868	0.038003	0.037515	0.038159	0.037509	0.041831	0.053186	0.061277	0.063415	0.059158	0.05425	0.060084	0.057958	0.060643	0.064162	0.068191	0.069878	0.078769	0.077034	0.071451	0.068733	0.07533	0.085547	0.074167	0.083263	0.095127	0.10113	0.10914	0.11183	0.10572	0.091782	0.076541	0.065888	0.060142	0.058031	0.050623	0.046412	0.046445	0.046899	0.045107	0.042923	0.043528	0.042641	0.032852	0.035299	0.039856	0.027932	0.028079	0.038431	0.036927	0.027159	0.026879	0.038396	0.040485	0.04034	0.038566	0.033409	0.032678	0.038848	0.038418	0.01874	0.024923	0.029589	0.028709	0.034059	0.021107	2.44E-02	0.021849	2.57E-02	0.023598	1.58E-02	0.019751	0.023008	0.016301	0.034241	0.026205	0.022957	0.027103	0.017046	0.016408	0.033425	0.030725	0.01825	0.017367	0.019895	3.04E-02	0.031355	0.026407	0.018943	0.023461	0.030245	0.029608	0.028683	0.027824	0.022235	0.014883	0.011437	4.45E-03	0.0092299	0.017144	0.025644	0.026117	0.0083048	0.0092708	0.019677	0.014707	0.017079	0.025307	0.028924	0.039699	3.22E-02	0.031549	0.040749	3.03E-02	0.021162	3.55E-02	0.036748	0.047354	0.038428	0.036951	0.03656	0.046815	0.044325	0.056567	0.055475	0.046892	0.056251	0.062346	0.057884	6.68E-02	0.057978	0.054989	0.065983	0.057561	0.052936	0.054654	0.055619	0.046918	0.04971	0.0528	0.050934	0.040877	0.03726	0.035281	0.034205	0.027564	0.026906	0.025749	0.031415	3.35E-02	0.026656	0.025633	0.023994	0.024235	0.032962	0.028835	0.017948	2.91E-02	0.028969	0.021325	0.014399	0.015663	2.36E-02	0.020106	0.010113	0.0079175	0.014819	0.0082382	0.01506	0.01609	0.0084272	0.012888	0.010286	0.013436	0.00010711	0.0051133	0.017749	1.44E-02	0.017964	0.017425	0.021043	0.020444	0.011963	0.01234	0.0087012	0.024118	0.024539	0.019789	0.029692	0.031061	0.037187	0.042959	0.044241	0.036102	0.034253	0.040894	0.052927	0.050593	0.0504	0.048233	0.048739	0.03862	0.035318	0.033664	0.0406	0.038228	0.0418	0.041905	0.038386	0.031895	0.027078	0.03524	0.030672	0.021422	0.01946	0.019666	0.028196	0.02243	0.021004	0.012549	0.019779	0.016733	0.0056916	0.01978	0.01949	0.013941	0.012745	0.0087988	0.013592	0.02182	0.012656	0.0025566	0.0076972	0.0039957	0.0044538	0.006266	0.0083957	0.0113	0.0013629	0.01241	0.007393	0.010072	6.89E-03	1.32E-02	0.010182	0.013049	0.014011	0.008696	-5.65E-03	0.0024896	-0.0035728	0.0010371	0.0026052	-0.0042329	-0.0045795	0.010642	4.21E-03	0.0033227	0.011528	5.39E-03	0.005821	-1.25E-04	1.16E-02	0.00059757	0.0026746	0.0062936	0.0014876	-0.0040934	0.0013398	0.0077189	0.0054523	0.011096	6.62E-03	0.013487	0.016853	0.0052735	0.0028029	0.015722	0.008609	-0.0021096	0.0011762	0.013612	0.013907	0.01516	0.013478	0.010569	0.012801	0.0080813	0.0024708	-0.0012051	5.28E-03	0.010929	0.0095183	0.018165	0.012465	0.020239	1.88E-02	2.12E-02	1.32E-02	4.23E-03	0.0051565	0.0032331	0.003331	0.0039397	0.0070466	-0.0019069	0.0046589	8.01E-03	0.0060063	-0.00118	-3.43E-03	7.28E-04	-3.81E-03	0.009501	-0.0030741	-0.0011181	0.00019607	0.007383	0.0027508	0.0022503	-0.0034169	1.47E-02	0.012554	0.0091134	0.0050755	0.0053817	-6.35E-03	-1.34E-03	-0.0081478	-0.0010463	2.58E-03	0.006353	0.0016416	-0.0003934	-0.0023011	-0.0045423	0.0010238	n
0.013417	0.01367	7.36E-03	1.07E-03	8.71E-03	1.25E-02	0.01285	0.0040805	-0.00079703	-1.00E-03	-2.03E-04	0.01006	0.0073087	0.011879	0.005839	0.002361	0.0078332	0.0040445	1.34E-02	9.98E-03	1.54E-02	5.32E-03	0.0059379	0.019774	0.0087051	0.022267	0.01936	1.48E-02	0.012803	0.019896	0.020809	2.35E-02	0.019282	1.74E-02	0.018175	0.017007	0.023229	0.022901	1.41E-02	1.83E-02	0.023326	0.02537	2.21E-02	0.018775	0.015689	0.02214	0.031374	0.026576	0.019605	0.026225	0.025622	0.023139	0.023275	0.023029	0.038126	0.03544	3.27E-02	0.037469	0.032464	0.035166	2.93E-02	0.031048	0.020963	0.014734	0.017561	0.023312	0.024277	3.43E-02	0.034769	0.038297	0.037556	3.59E-02	0.034524	0.03042	2.26E-02	0.02685	0.022805	0.032643	0.039541	0.042266	0.036459	0.046935	0.052988	0.053403	0.07063	0.074369	0.077461	0.074922	0.075565	0.086199	0.084657	0.088449	0.076511	0.06638	0.066803	0.055837	0.059481	0.060577	0.055508	0.047462	0.044372	0.043588	0.0431	0.041477	0.035561	0.039618	0.042035	0.046856	0.051332	0.053426	0.058214	0.059302	0.068615	0.075	0.077387	0.077796	0.078842	0.07726	0.074986	0.065517	0.060719	0.051926	0.053485	0.052751	0.045009	0.035737	0.035477	0.027858	0.041661	0.04283	0.039598	0.040115	0.029447	0.041039	0.0481	0.037683	0.03419	0.044172	0.046472	0.039657	0.043387	0.049204	0.045164	0.041423	0.041586	0.047729	0.05078	0.050809	0.047831	0.052391	0.053747	0.047515	0.037203	0.028443	0.04443	0.037972	0.037435	0.042248	0.036349	0.03812	0.040649	0.043565	0.047295	0.049989	0.049346	0.045133	0.04901	0.047606	0.044109	0.040189	0.044446	0.03998	0.040291	0.032542	0.029463	0.025422	0.025012	0.021183	0.021838	0.017257	0.020734	0.016402	0.021581	0.027203	0.03067	0.029767	0.039786	0.040068	0.042832	0.058493	0.072505	0.07194	0.071173	0.086881	0.095306	0.10009	0.09929	0.099016	0.10247	0.097641	0.090656	0.071822	0.05954	0.048042	0.051883	0.039201	0.025318	0.020417	0.015343	0.025023	0.020452	0.026514	0.028852	0.013507	0.02275	0.023623	0.026446	0.028399	0.025175	0.034649	0.031087	0.038272	0.053244	0.074842	0.089653	0.097293	0.096659	0.09286	0.096312	0.091988	0.087383	0.075639	0.06645	0.061096	0.044278	0.048711	0.045279	0.040985	0.045029	0.04247	0.033999	0.034958	0.026861	0.030116	0.034252	0.032306	0.026115	0.027236	0.020918	1.87E-02	0.019781	0.014991	0.01159	0.010644	1.24E-02	0.0082226	0.0096854	0.01109	0.012534	0.012156	0.0087267	0.012277	0.020313	0.015907	0.013868	0.018184	0.02239	0.022422	0.022918	0.025335	2.17E-02	0.018867	0.01926	0.01827	0.014971	0.016944	0.023523	0.019571	0.016527	0.014911	0.025453	0.025908	0.023139	0.027934	0.024419	0.030138	0.026367	0.029876	0.024737	0.012322	0.0069356	0.012371	0.013515	0.0099615	0.0042957	0.0083633	0.015029	0.010977	0.015855	0.020511	0.022524	0.025112	0.02477	0.018605	0.024588	0.031123	0.032912	0.025	0.027638	0.028712	0.021254	0.028392	0.039474	0.036925	0.034237	0.021775	0.022496	0.025722	0.025843	0.040369	0.040363	0.032148	0.033974	0.032771	0.033218	0.035989	0.041362	0.033712	0.040456	0.045125	0.045317	0.046438	0.054785	0.048526	0.049483	0.047579	0.044006	0.041627	0.0434	0.044543	0.042073	0.038123	0.034814	0.034219	0.033234	0.037261	0.042989	0.046793	0.031928	0.028487	0.02953	0.031774	0.031837	0.029342	0.036434	0.031277	0.031903	0.039937	0.040062	0.036755	0.039588	0.051343	0.056429	0.057592	0.049648	0.049098	0.057119	0.056544	0.057689	0.058266	0.060681	0.062883	0.075559	0.071337	0.067786	0.065346	0.06928	0.081435	0.070399	0.079222	0.085176	0.091404	0.094424	0.098374	0.094426	0.081121	0.067255	0.057874	0.051748	0.049505	0.044814	0.0402	0.037596	0.039285	0.037712	0.035379	0.034896	0.034568	0.030509	0.034351	0.03417	0.024458	0.02476	0.029805	0.031123	0.022334	0.023244	0.033841	0.032696	0.034726	0.029507	0.023171	0.027967	0.03222	0.029369	0.011953	0.018885	0.022797	0.020887	0.028492	0.014755	0.021571	0.015813	0.022727	0.020688	0.017728	0.019257	0.020773	0.01737	0.033609	0.026471	0.021197	0.022272	0.015207	0.014916	0.026912	0.027038	0.015774	0.011025	1.57E-02	0.023753	0.025021	0.022951	0.016329	0.017157	0.023503	0.02746	0.02162	0.024018	0.022675	0.01737	0.015051	0.0085837	0.012591	0.0175	0.02531	0.023871	0.011055	0.011058	1.93E-02	0.013593	0.017956	0.025929	0.029284	0.037045	0.030838	0.02634	0.035826	0.032426	0.021565	0.032475	0.035781	0.044977	0.040356	0.034797	0.036856	0.045251	0.043887	0.052132	0.054315	0.048992	0.062201	0.06641	0.063181	0.074342	0.068666	0.066654	0.076088	0.072264	0.068831	0.070981	0.070042	0.061875	0.062916	0.06524	0.061826	0.050086	0.048173	0.04631	0.046284	0.040876	0.037009	0.036346	3.87E-02	0.037906	0.031136	0.030518	0.030622	0.028239	0.035298	0.031217	0.023668	0.030801	0.031639	2.71E-02	0.017513	0.012653	0.018258	0.01637	0.010264	0.0070271	0.01146	0.010904	0.017214	0.018397	0.010937	0.015146	0.013308	0.015849	0.0028857	0.0072168	0.0133	0.012783	0.019949	0.022973	0.022851	0.021229	0.012824	0.013307	0.015635	0.028149	0.025302	0.021121	0.027562	0.032588	0.035376	0.039718	0.044144	0.04023	0.038755	0.04107	0.051401	0.048325	0.045858	0.045458	0.043769	0.036184	0.033519	0.032488	0.040846	0.036938	0.034745	0.03945	0.037646	0.030333	0.022821	0.031838	0.02815	0.021895	0.020825	0.018297	0.023314	0.021155	0.017534	0.01124	0.017337	0.013104	0.0063391	0.017048	0.01793	0.012352	0.01508	0.011024	0.013555	0.0225	0.014307	0.0068447	0.014129	0.0074379	0.0059335	0.0081719	0.0098177	0.011823	0.0050826	0.015448	0.0061576	0.005877	0.0042811	0.011373	0.00963	0.010102	0.0095017	0.006126	-0.003711	1.77E-03	-0.0023477	0.0035414	0.0074527	5.42E-04	3.68E-05	0.014988	0.0092294	0.0056793	8.16E-03	0.0033907	0.0066062	1.77E-03	0.0089381	-0.00015398	2.48E-03	6.47E-03	0.0033096	0.00078752	0.0023839	0.0050238	3.16E-03	0.0068033	0.0078113	0.014563	0.014452	3.67E-03	3.80E-03	1.26E-02	0.0061552	-0.00085294	0.0027311	0.010775	0.0086363	0.011788	0.010364	0.0069523	0.014727	0.0095697	-7.17E-04	-0.0025125	0.0044142	7.11E-03	0.0068113	0.013718	0.0038158	1.29E-02	0.013831	1.51E-02	0.0059522	8.05E-04	0.0013338	0.002329	0.00088622	0.0041162	6.87E-03	0.0023263	8.37E-03	5.59E-03	0.0014042	-0.002465	-0.0063694	1.51E-03	-1.32E-03	0.0092893	-1.15E-03	0.00063286	0.0039498	0.0094539	1.94E-03	-0.0028197	-0.0010276	0.012797	1.07E-02	9.29E-03	0.0061798	5.62E-03	-0.0048456	0.0004541	-6.23E-03	-0.0027347	-0.0007485	4.55E-03	0.00054186	-0.00086958	0.00065803	-1.49E-03	9.87E-04	n
2.87E-03	5.83E-03	1.20E-02	0.010614	3.10E-03	-0.00034246	5.24E-03	0.010862	0.011137	5.13E-03	-3.76E-03	-0.0057618	-0.0047457	0.0047738	0.0036364	0.0077577	4.07E-03	0.0022446	0.0070633	0.0073526	0.011526	0.010129	0.013362	0.0051945	8.24E-03	0.017509	8.35E-03	0.019185	1.25E-02	1.11E-02	0.0097478	1.53E-02	0.020954	0.024736	0.019257	0.017628	0.020257	0.016871	0.022571	0.02342	0.013381	0.017175	2.48E-02	0.026249	0.023418	0.022111	0.020317	0.024589	0.031232	0.028389	2.36E-02	3.01E-02	0.03127	0.027422	0.027365	0.025312	0.039761	0.041392	0.043174	0.041221	0.035973	0.039206	3.60E-02	3.74E-02	2.52E-02	0.024368	0.022635	0.027617	0.028956	3.51E-02	3.46E-02	0.038107	0.039056	0.036695	0.037905	0.033446	0.024067	0.029977	0.026547	0.036301	0.046912	0.048095	0.043843	0.051919	0.058435	0.06226	0.075022	0.077359	0.079276	0.075607	0.079958	0.08768	0.084054	0.08813	0.074441	0.066172	0.06872	0.06001	0.063376	0.062435	0.058265	0.051474	0.050517	0.050322	0.04818	0.046928	0.041536	0.04598	0.044834	0.048111	0.055819	0.058657	0.063604	0.064995	0.070994	0.077038	0.081645	0.081079	0.078202	0.07591	0.072251	0.063202	0.058486	0.048582	0.052582	0.049567	0.042571	0.037309	0.039128	0.032372	0.042684	0.042409	0.038215	0.03978	0.033104	0.041768	0.047495	0.038051	0.033838	0.041428	0.043083	0.038742	0.043688	0.047353	0.047613	0.045967	0.043848	0.048564	0.047723	0.049841	0.050004	0.052566	0.054156	0.047165	0.038321	0.03118	0.045592	0.041036	0.039018	0.043247	0.036399	0.037491	0.044351	0.045456	0.0475	0.054006	0.054498	0.049279	0.050716	0.046103	0.047923	0.041556	0.044105	0.038946	0.038433	0.031737	0.031243	0.025129	0.021536	0.016209	0.018348	0.011996	0.020106	0.019121	0.023171	0.026751	0.031998	0.032219	0.043171	0.045974	0.049812	0.062406	0.075441	0.076218	0.074602	0.086985	0.093205	0.10066	0.10135	0.096927	0.10017	0.095598	0.088971	0.072926	0.058959	0.046587	0.049239	0.039891	0.024896	0.021047	0.013848	0.02184	0.018598	0.02491	0.027585	0.013422	0.021093	0.024404	2.34E-02	0.027407	0.032195	0.03844	0.038276	0.044409	0.05898	0.08285	0.094385	0.1013	0.098553	0.091055	0.090535	0.086086	0.081672	0.07139	0.059937	0.055458	0.041926	0.044616	0.042924	0.037568	0.041288	0.03856	0.029822	0.029869	0.024031	0.026506	0.030105	0.027569	0.021696	0.024769	0.020441	0.014766	0.014435	0.011494	0.01036	0.0093114	0.014837	0.01326	0.013514	0.011069	0.010609	0.013612	0.010369	0.013537	0.017355	0.013475	0.014401	0.018157	0.018431	0.021557	0.023168	0.024917	0.021659	0.018369	0.018403	0.020078	0.017802	0.022707	0.027212	0.021969	0.016947	0.018075	0.028128	0.025627	0.020505	0.021511	0.019671	0.024606	0.022736	0.02275	0.020331	0.010945	0.0044582	0.0098944	0.011688	0.0087387	0.0032089	0.0071916	0.012698	0.0091311	0.014722	0.019353	0.021757	0.025281	0.021514	0.01988	0.023908	0.028356	0.027919	0.023019	0.027146	0.026695	0.020325	0.026503	0.03487	0.032714	0.030961	0.023369	0.028063	0.025107	0.025961	0.038255	0.036877	0.029779	0.028168	0.029641	0.02792	0.034517	0.037742	0.034565	0.039189	0.041962	0.043573	0.042091	0.049963	0.044699	0.044705	0.041767	0.044636	0.039463	0.037819	0.036703	0.036345	0.034065	0.031576	0.032018	0.030832	0.034305	0.037638	0.039757	0.028705	0.025545	0.022101	0.028713	0.029994	0.028601	0.0313	0.028668	0.028841	0.040065	0.040772	0.036553	0.037574	0.048647	0.050754	0.050834	0.040618	0.043114	0.052551	0.053887	0.052921	0.052229	0.052956	0.054718	0.068853	0.064392	0.062177	0.0604	0.062272	0.07655	0.067141	0.074835	0.074253	0.080707	0.078615	0.083151	0.080748	0.069585	0.057983	0.04964	0.042151	0.039917	0.037415	0.032692	0.029163	0.03036	0.030569	0.029134	0.026171	0.026576	0.026233	0.031864	0.02838	0.020817	0.020929	0.021001	0.023913	0.01732	0.017294	0.027173	0.022405	0.025618	0.019046	0.013488	0.023369	0.02399	0.019006	0.0055934	0.012858	0.016897	0.014745	0.022097	0.0086034	0.016576	0.0076782	0.018107	0.016633	0.018029	0.017355	0.018707	0.018393	0.032095	0.024261	0.019395	0.016541	0.012556	0.013439	0.021084	0.021311	0.011599	0.0058254	0.012233	0.015503	0.017476	0.018956	0.014094	0.011775	0.01689	0.023228	0.015099	0.017161	0.019636	0.017493	0.015488	0.010724	0.013922	0.015982	0.022006	0.01961	0.011218	0.011131	0.016524	0.01172	0.018102	0.025833	0.027845	0.031411	0.027662	0.021611	3.15E-02	0.032988	0.021949	0.028221	0.033978	0.041582	0.039603	0.031504	0.036098	0.044702	0.045339	0.05059	0.054674	0.051191	0.068034	0.071084	0.069791	0.0832	0.082447	0.082834	0.089231	0.089849	0.087201	0.0888	0.086311	0.079094	0.078388	0.078943	0.07339	0.06059	0.060562	0.058264	0.060573	0.05313	0.047695	0.046941	0.046945	0.045128	0.03742	0.03575	0.037161	0.033323	0.038102	0.034792	0.029456	0.032554	0.03413	0.032256	0.021511	1.43E-02	0.016957	0.017505	0.012902	0.009189	1.12E-02	0.013977	0.018849	0.019963	0.013782	0.018096	0.017876	0.018336	0.0073871	0.010267	0.01274	0.013924	2.14E-02	0.027836	0.02503	0.022675	0.016206	0.01599	0.021819	0.029611	0.026155	0.024777	0.027962	0.034016	0.034483	0.038417	0.044768	0.043343	0.042361	0.042142	0.050029	0.045361	0.041555	0.0439	0.0411	0.035652	0.032987	0.03226	0.040159	0.036081	0.028839	0.035219	0.034445	0.028441	0.021095	0.029235	0.025357	0.02207	0.022061	1.70E-02	0.01917	0.018984	0.013576	0.010417	0.01456	0.010951	0.0079694	0.016449	0.017422	0.011833	0.016132	0.012166	0.013428	0.020799	0.012832	0.0094913	0.01802	0.010332	0.0079194	0.0103	0.010555	0.01267	0.0059209	0.016556	0.0059897	0.0041357	0.0041422	0.010462	9.13E-03	0.0082203	0.007394	0.004527	-0.0022049	1.64E-04	-0.0025891	0.0030168	0.0089772	0.0046574	0.0039264	0.015655	0.013594	0.0066592	0.0031093	0.0018016	0.0065921	0.0044803	0.007149	0.00051357	3.56E-03	0.0077165	5.62E-03	0.0035256	0.0029446	0.0039245	0.0010084	0.0019987	0.0054977	0.012611	0.011321	0.001799	2.52E-03	0.0080098	0.0036515	9.34E-05	0.0037228	0.0084112	0.0050814	9.27E-03	0.0081331	0.003636	1.33E-02	8.00E-03	-0.0037303	-0.0047565	0.0020067	2.49E-03	4.37E-03	0.0090885	-0.0035693	0.0043091	6.75E-03	0.0077972	0.00017816	-1.09E-03	-0.0024106	1.92E-03	4.09E-04	4.66E-03	0.0081573	6.97E-03	0.0095572	0.0033405	-0.0020898	-2.62E-03	-0.0071199	0.0029231	7.57E-04	0.0072436	0.0010082	0.0035895	0.0082159	0.012191	0.0024833	-0.0053687	8.61E-04	0.0099217	7.74E-03	0.0083071	0.0072185	0.0061658	-0.0022187	2.60E-03	-0.0035743	-0.0019861	-0.0047693	0.0011274	-1.38E-03	-0.00066486	0.0024174	x
5.24E-04	0.0038007	0.010099	0.009536	7.49E-04	-0.00058437	0.0014193	0.009674	9.73E-03	5.89E-03	-0.0059468	-6.41E-03	-0.0055414	4.35E-04	0.0004806	5.13E-03	4.85E-03	4.74E-03	7.60E-03	0.012362	0.010818	0.010823	0.012063	0.0077165	9.90E-03	0.016859	0.01041	1.71E-02	0.0079287	9.79E-03	0.010468	1.29E-02	0.021288	0.027933	0.020421	0.018301	2.11E-02	0.016029	2.16E-02	2.35E-02	1.41E-02	0.018483	2.59E-02	2.57E-02	2.63E-02	0.026723	0.025269	0.027552	3.29E-02	0.032748	0.027688	0.03255	0.035388	0.031277	0.031224	2.82E-02	3.95E-02	0.044765	0.050838	4.61E-02	0.040871	0.041814	0.041232	0.040809	0.03054	0.034831	0.029448	0.03294	0.03403	0.035413	0.035864	0.038867	0.041516	0.038153	4.06E-02	0.037333	0.027154	0.03313	0.033128	0.040812	0.053339	0.052945	0.050614	0.055548	0.064628	0.070435	0.077236	0.079331	0.080441	0.076449	0.082547	0.088268	0.081257	0.085008	0.071889	0.066518	0.068811	0.063148	0.066726	0.064288	0.060906	0.05578	0.055564	0.057453	0.054223	0.05272	0.049002	0.054716	0.050443	0.051674	0.061505	0.065789	0.06853	0.070514	0.072895	0.07721	0.082155	0.081712	0.075874	0.073375	0.068477	0.05962	0.05811	0.046313	0.051123	0.04731	0.040033	0.039417	0.042083	0.038621	0.043551	0.042485	0.035167	0.037241	0.03489	0.040206	0.045778	0.038908	0.035121	0.038898	0.039421	0.036878	0.042231	0.044798	0.049681	0.049987	0.044789	0.048962	0.04452	0.046528	0.051492	0.051043	0.053035	0.044544	0.038445	0.033417	0.044523	0.042338	0.039443	0.043496	0.036865	0.03826	0.045584	0.045144	0.047255	0.056544	0.058589	0.053746	0.05329	0.045481	0.050315	0.04286	0.042073	0.036212	0.034146	0.029031	0.031118	0.023108	0.018462	0.011129	0.014585	0.007974	0.019848	0.022829	0.025477	0.02795	0.033081	0.035013	0.046176	0.051479	0.057615	0.067227	0.077356	0.078348	0.077021	0.085804	0.090995	0.09863	0.10244	0.093588	0.095763	0.090296	0.082844	0.069532	0.054576	0.043224	0.04361	0.037538	0.023834	0.019721	0.010301	0.016027	0.016537	0.021482	0.024405	0.013473	0.018879	0.023468	0.020916	0.026491	0.037745	0.040899	0.045377	0.051414	0.06373	0.086791	0.09465	0.099254	0.094291	0.085406	0.080806	0.076777	0.072381	0.06494	0.051487	0.049654	0.039381	0.039503	0.039218	0.031781	0.03432	0.033482	0.025029	0.022937	0.018355	0.021663	0.0247	0.023369	0.019364	0.020238	0.01931	0.009866	0.0092578	0.0082117	0.0088969	0.0076388	1.53E-02	0.016448	1.47E-02	0.010208	8.57E-03	0.013626	0.011714	0.014179	0.015548	0.014589	0.014883	0.017996	0.015564	0.019554	0.024368	0.025683	0.021413	0.018355	0.01786	0.022028	0.019213	0.026304	0.028806	0.023132	0.017651	0.020979	0.029651	0.025212	0.019732	0.01536	0.015889	0.01858	0.019179	0.017095	0.016569	0.011584	0.0033823	0.0087337	0.011103	0.00917	0.0056567	0.0096625	0.012989	0.0089914	0.013462	0.016899	0.019639	0.025596	0.019714	0.021811	0.023863	0.024269	0.023737	0.02341	0.026518	0.024729	0.021111	0.02546	0.030501	0.028741	0.027842	0.024802	0.032434	0.023062	0.0256	0.035082	0.033176	0.027684	0.023992	0.02784	0.025691	0.03396	0.035029	0.036852	0.040114	0.040042	0.041357	0.037337	0.045225	0.04072	0.039444	0.034776	0.043665	0.036041	0.032885	0.030598	0.03162	0.030598	0.028996	0.02955	0.027933	0.029767	0.030269	0.032293	0.025568	0.024201	0.017266	0.027032	0.029646	0.029694	0.028624	0.027951	0.028402	0.036775	0.039404	0.036181	0.035722	0.045344	0.045776	0.044304	0.03369	0.038091	0.047066	0.050254	0.047617	0.046574	0.04647	0.047165	0.060074	0.056444	0.055355	0.054803	0.055515	0.070157	0.063392	0.069029	0.062618	0.069931	0.063894	0.067934	0.066364	0.057746	0.049522	0.042087	0.033293	0.031066	0.029789	0.024983	0.022494	0.022635	0.025366	0.024485	0.018813	0.019248	0.01999	0.027305	0.021782	0.016354	0.016166	0.012701	0.015436	0.012531	0.010373	0.019647	0.012086	0.014836	0.0094224	0.0063295	0.019244	0.015473	0.0099037	0.0011794	0.0079513	0.012519	0.0099567	0.014993	0.0032193	0.010314	-0.00098922	0.01355	0.012249	0.016416	0.014591	0.016944	0.018055	0.028756	0.019803	0.017436	1.10E-02	0.0092153	0.011403	0.015631	0.014534	0.0070849	0.002609	0.0093857	0.007546	0.010417	0.014815	0.011608	0.0083347	0.012104	0.019007	0.011096	0.010168	0.014743	0.015918	0.013697	0.010749	0.013357	0.013358	0.016448	0.013829	0.0090003	0.0089746	0.01254	0.009181	0.017913	0.025031	0.025651	0.024832	0.024177	0.017953	0.027641	0.03158	0.022436	0.02343	0.03043	0.036839	0.036138	0.027765	0.034358	0.044531	0.04727	0.050808	0.055283	0.053299	0.072221	0.075809	0.076806	0.091987	0.096867	0.099937	0.10162	0.10658	0.10421	0.10369	0.10123	0.094092	0.092249	0.090718	0.083307	0.070432	0.071238	0.068455	0.072823	0.062185	0.05691	0.055787	0.054197	0.052209	0.043575	0.039922	0.042798	0.03877	0.040789	0.03827	0.033599	0.033347	0.035044	0.035712	0.026294	0.019479	0.018689	0.022068	0.016022	0.013244	0.01369	0.017063	0.019692	0.019999	0.015833	0.020091	0.022381	0.020131	0.011697	0.01351	0.015445	0.017415	0.022389	0.029687	0.025739	0.023681	0.020708	0.018546	0.025732	0.028653	0.026514	0.028569	0.02964	0.034786	0.034176	0.038382	0.045159	0.044207	0.043164	0.041967	0.047658	0.041145	0.036852	0.041975	0.039611	0.036213	0.033189	0.033069	0.037674	0.034062	0.024893	0.030185	0.029918	0.025938	0.02144	0.026584	0.022329	0.021971	0.022704	0.01587	0.01624	0.016633	0.0092068	0.0086677	0.011406	0.0099621	0.0096222	0.016127	0.016922	0.011691	0.015397	0.012031	0.012853	0.017188	0.0081548	0.0098944	0.018313	0.012432	0.01079	0.013789	0.011406	1.35E-02	0.0041291	0.014337	0.0062363	0.004632	0.0066903	0.010061	8.65E-03	7.15E-03	0.0074602	0.0031011	-1.55E-03	-0.0022449	-4.75E-03	-2.21E-05	7.52E-03	0.0075	6.91E-03	1.39E-02	0.016377	0.0066856	-1.90E-03	0.0011827	6.29E-03	0.0064773	0.005645	1.34E-03	4.88E-03	0.008299	0.0070871	0.0041344	3.05E-03	4.15E-03	-3.80E-04	-2.38E-03	6.72E-04	0.0080974	0.0083231	-7.68E-04	-1.08E-03	0.0034759	1.92E-03	-4.27E-06	4.01E-03	0.006087	0.0029914	0.007885	6.47E-03	1.55E-03	9.40E-03	0.0042097	-0.0063523	-0.0067913	-0.00058249	-0.001012	0.0029147	0.0053703	-0.0081885	-0.0037385	-5.33E-04	0.00093601	-3.34E-03	-0.0018857	-0.0045625	2.46E-03	1.91E-03	0.0045647	9.15E-03	9.62E-03	8.68E-03	0.0012381	-4.68E-03	-0.0027782	-0.0067311	3.62E-03	0.0018987	4.01E-03	2.79E-03	5.76E-03	1.04E-02	0.01342	0.0031626	-0.0052517	0.0019002	6.96E-03	4.16E-03	0.0052187	6.87E-03	0.0064047	6.78E-04	3.96E-03	-0.0006541	4.38E-04	-0.0080241	-0.00317	-3.28E-03	-0.00087952	2.66E-03	x
-0.00079197	2.04E-03	0.0091585	1.11E-02	0.0011055	0.00069786	-7.06E-04	1.06E-02	1.03E-02	0.0070701	-5.38E-03	-0.0026765	-0.0020056	-0.0016609	-0.002008	0.0047377	0.0076602	0.0096113	0.010518	1.87E-02	0.01219	0.012823	1.26E-02	0.011737	1.08E-02	0.018153	0.014261	1.63E-02	0.0080293	0.011937	1.58E-02	0.013602	0.021757	0.032095	0.022941	2.08E-02	0.021527	0.015079	0.019833	0.022752	0.016824	0.022821	0.0268	0.024561	0.029139	0.031314	0.028796	3.01E-02	3.58E-02	0.037597	0.031268	0.034037	0.038905	0.034523	0.035064	0.031974	0.038962	0.046583	0.055075	0.051667	0.04625	0.042416	4.44E-02	0.041985	0.036671	0.044387	0.037715	0.039826	0.03953	0.036446	0.038721	0.04096	0.044399	0.040039	0.041962	0.041119	0.031633	0.036736	0.041457	0.045683	0.058573	0.057662	0.056785	0.059218	0.071501	0.077577	0.078452	0.081663	0.0821	0.077918	0.083598	0.088778	0.078388	0.080343	0.06965	0.06698	0.067682	0.065504	0.069692	0.066334	0.06313	0.059424	0.058833	0.063877	0.060174	0.058107	0.056441	0.062804	0.057629	0.058046	0.068059	0.073703	0.0728	0.07562	0.075747	0.076677	0.08007	0.081365	0.073925	0.071667	0.065445	0.056734	0.059459	0.044891	0.04931	0.046485	0.038137	0.04124	0.044111	0.044769	0.044209	0.043489	0.031721	0.034028	0.035143	0.037693	0.043921	0.039389	0.036888	0.037339	0.036833	0.035548	0.04129	0.044093	0.05257	0.05426	0.046285	0.049411	0.042803	0.043629	0.053469	0.04982	0.052308	0.041292	0.037511	0.03462	0.04144	0.041809	0.039577	0.043586	0.038419	0.040488	0.044532	0.042569	0.04623	0.057075	0.060864	0.057807	0.056449	0.046745	0.051876	0.044185	0.039427	0.033515	0.028984	0.02551	0.029209	0.019827	0.016137	0.0071786	0.012678	0.0074602	0.021276	0.027569	0.028252	0.030588	0.034646	0.038585	0.049683	0.056898	0.065387	0.072626	0.079041	0.078867	0.079125	0.084212	0.08926	0.094649	0.10262	0.090372	0.09057	0.083151	0.074039	0.062518	0.047717	0.038864	0.036562	0.031746	0.022232	0.016946	0.0063426	0.0089323	0.014926	0.017391	0.020088	0.013721	0.01746	0.02185	0.019518	0.025979	0.041434	0.041938	0.05142	0.057948	0.066945	0.085922	0.090969	0.092367	0.084842	0.076704	0.069281	0.065832	0.061944	0.057882	0.043519	0.044725	0.03726	0.035372	0.035203	0.02504	0.026955	0.028911	0.020783	0.015854	0.011849	0.016317	0.019647	0.020387	0.01877	0.014617	0.017194	0.0050285	5.15E-03	0.0056014	0.006981	0.00557	0.014005	0.017009	1.31E-02	0.0082749	0.0064934	0.012451	0.012918	0.014186	0.01579	0.018355	0.015605	0.018077	0.01585	0.017364	0.025436	0.026305	0.02043	0.017522	0.016562	0.022854	0.01848	0.027016	0.028339	0.022897	0.01866	0.023209	0.030098	0.023826	0.020357	0.011122	0.013802	0.013724	0.01787	0.0149	0.01492	0.0146	0.0047272	0.010448	0.012657	0.011174	0.011383	0.014472	0.015844	0.010985	0.012496	0.013418	0.01577	0.025422	0.019916	0.023316	0.025127	0.021573	0.021151	0.025798	0.02546	0.022602	0.023451	0.02596	0.027319	0.025311	0.026285	0.025648	0.033932	0.020761	0.025919	0.032373	0.030554	0.026333	0.021812	0.02764	0.025974	0.03415	0.033805	0.039714	0.0427	0.038576	0.037513	0.032038	0.040671	0.036628	0.034199	0.027449	0.040763	0.032607	0.029496	0.026804	0.029233	0.02798	0.026794	0.027005	0.024522	0.024096	0.022252	0.02562	0.022793	0.02496	0.01598	0.025361	0.028432	0.031213	0.02791	0.027882	0.030288	0.030587	0.035997	0.035517	0.034474	0.042533	0.042845	0.039574	0.030194	0.035486	0.04196	0.04653	0.043011	0.042358	0.042592	0.041663	0.051119	0.048169	0.048461	0.049685	0.050348	0.062521	0.05848	0.061558	0.051507	0.060814	0.052806	0.055094	0.053534	0.046685	0.04245	0.035907	0.026958	0.024634	0.023441	0.018405	0.018382	0.017942	0.023014	0.021925	0.014048	0.01328	0.012552	0.021321	0.014789	0.011044	0.011137	0.0065385	0.0070802	0.0084614	0.0045458	0.013409	0.0043033	0.0046416	0.002489	0.0026157	0.01579	0.0085776	0.0043842	-0.00027642	0.0050198	0.010072	0.0063936	0.0076929	-0.00093494	0.0038784	-0.0088492	0.010399	0.0083101	0.013545	0.012025	0.015918	0.016281	0.02361	0.014278	0.015622	0.0072495	0.0059872	0.0089888	0.010865	0.0083069	0.0036065	0.0018739	0.0073051	0.0014176	0.0049619	0.010691	0.0083452	0.0067145	0.0091912	0.015956	0.010186	0.0053973	0.0098723	0.013655	0.011022	0.0091061	0.011316	0.010215	0.0097222	0.0075489	0.0059876	0.0050476	0.0085755	0.006367	0.017428	0.02354	0.023686	0.01904	0.021526	0.01582	0.023992	0.028638	0.022938	0.019099	0.025133	0.031307	0.030708	0.024535	0.032349	0.04431	0.048417	0.051277	0.055005	0.055229	0.073926	0.079766	0.08288	0.098664	0.10856	0.11382	0.11009	0.11874	0.11601	0.11175	0.11192	0.10337	0.10138	0.09806	0.089238	0.077224	0.077338	0.073835	0.078915	0.066126	0.062527	0.06134	0.058345	0.055975	0.047163	0.041482	0.046282	0.042907	0.042645	0.04063	0.034872	0.032836	0.034193	0.036787	0.030772	0.02612	0.022044	0.027699	0.017834	0.017147	0.017285	0.019163	0.019536	0.018465	0.016383	0.020194	0.025194	0.020496	0.014319	0.015705	0.019575	0.021928	0.023017	0.027627	0.024124	0.023591	0.024318	0.019523	0.026516	0.025987	0.025967	0.030448	0.031026	0.034802	0.033689	0.038209	0.04436	0.042639	0.040974	0.039372	0.043946	0.035557	0.031691	0.038463	0.038353	0.036676	0.033665	0.034341	0.033385	0.030108	0.023367	0.025745	0.025257	0.02257	0.022427	0.023372	0.019145	0.021295	0.022438	0.014799	0.014062	0.014334	0.005035	0.0061827	0.0087578	0.0096901	0.010808	0.014472	0.015279	0.011676	0.01347	0.010935	0.01162	1.26E-02	0.0016626	0.0083967	0.014654	0.0123	0.013383	0.018411	0.012529	1.34E-02	0.00046399	0.0088577	0.0059024	0.0061565	0.010796	0.0093154	0.007951	0.0065385	9.29E-03	0.0016453	-0.0019539	-0.0048414	-0.0082486	-0.00448	0.0041611	0.0082263	8.12E-03	1.12E-02	0.017473	6.44E-03	-0.0052434	1.69E-03	5.98E-03	0.0062186	0.0039282	0.0015872	5.32E-03	7.17E-03	0.0068164	0.0027886	0.0026646	0.004534	-5.57E-04	-5.15E-03	-0.0047857	2.30E-03	6.10E-03	-3.88E-03	-5.92E-03	2.63E-05	0.00088223	-0.0014232	3.90E-03	0.0038251	0.0021931	0.0072069	0.0047787	1.08E-03	0.0050745	6.78E-05	-0.007871	-0.0076506	-0.0023289	-2.21E-03	0.0023281	3.13E-03	-0.009405	-9.31E-03	-0.0056798	-0.0040806	-0.004607	-2.17E-03	-0.004019	4.32E-03	5.20E-03	3.54E-03	0.0085397	0.0094273	0.0068388	-0.00032972	-6.70E-03	-4.04E-03	-6.64E-03	2.62E-03	1.74E-03	8.64E-04	0.0040235	0.0059984	9.35E-03	0.012033	2.84E-03	-3.08E-03	0.0023399	0.004532	6.97E-04	5.82E-05	0.0042528	0.0058545	3.08E-03	0.003351	0.0011821	3.03E-03	-0.0091903	-0.006888	-0.0043555	-0.0022141	0.00156	x
-0.00025665	0.0021607	0.01107	0.015512	4.77E-03	0.0040487	0.00024348	1.42E-02	1.33E-02	9.11E-03	-9.50E-04	0.0044921	0.0047141	-1.70E-03	-0.0039161	0.006557	0.012313	1.61E-02	1.52E-02	0.025085	1.56E-02	1.64E-02	0.014835	1.56E-02	0.010749	0.020779	0.018784	0.016813	0.013789	0.017057	0.025212	0.017342	0.022384	0.036035	0.026377	0.025897	0.022856	0.014881	0.017231	0.021054	2.15E-02	0.029687	0.028121	0.024118	0.031047	0.034874	0.029525	0.031347	0.038917	0.040945	0.034389	0.035712	0.043406	0.037253	3.89E-02	0.036498	0.040002	0.048621	0.056189	0.057095	0.050612	0.041541	4.62E-02	0.042181	4.29E-02	0.051957	0.046288	0.047813	0.044429	0.038805	0.04308	0.044331	0.04717	0.042357	0.042074	0.044579	0.037417	0.041767	0.050052	0.050466	0.062548	0.063156	0.062676	0.064625	0.078607	0.083681	0.079953	0.085405	0.084899	0.080031	0.083773	0.09018	0.077675	0.076525	0.069269	0.067752	0.06659	0.067586	0.073187	0.069195	0.065222	0.062267	0.061015	0.069167	0.065403	0.062689	0.062724	0.068187	0.065071	0.066694	0.074475	0.081045	0.076609	0.080118	0.080797	0.077163	0.077381	0.081496	0.073801	0.07243	0.064449	0.056047	0.061777	0.044073	0.047698	0.047429	0.037381	0.042536	0.045655	0.049451	0.044763	0.045299	0.029324	0.031938	0.034895	0.035758	0.042819	0.03934	0.038414	0.037097	0.035823	0.036112	0.04216	0.04668	0.056422	0.058516	0.049387	0.050471	0.043829	0.043529	0.056954	0.050664	0.053935	0.03936	0.036389	0.034903	0.037571	0.040411	0.04015	0.04363	0.041092	0.044073	0.042795	0.039096	0.044824	0.056511	0.061473	0.060727	0.059354	0.049437	0.05271	0.045127	0.037021	0.032712	0.024928	0.02197	0.026075	0.016206	0.015118	0.0055619	0.014182	0.011128	0.024914	0.033049	0.031128	0.034156	0.037039	0.043323	0.054634	0.062645	0.072562	0.078166	0.081282	0.078974	0.081261	0.083157	0.088767	0.089663	0.10164	0.087701	0.085805	0.075184	0.064221	0.053657	0.039798	0.034717	0.030043	0.022875	0.020064	0.013308	0.0038576	0.0027812	0.01445	0.013854	0.015807	0.014174	0.017929	0.020915	0.020158	0.026461	0.043944	0.042765	0.056268	0.063078	0.068734	0.081128	0.084955	0.083343	0.072534	0.066744	0.058807	0.05518	0.05296	0.051581	0.038495	0.041233	0.035687	0.033537	0.032002	0.01953	0.022587	0.02608	0.018216	0.010452	0.006759	0.011505	0.016172	0.017987	0.018598	0.0086294	0.013837	0.0013431	0.0031016	0.0047771	5.26E-03	0.0034844	0.012031	0.015739	0.0092634	0.0051976	0.0043153	1.07E-02	0.013732	0.013394	0.017803	0.022467	0.016305	0.018527	0.020575	0.016663	0.025632	0.025643	0.018415	0.014823	0.013313	0.021274	0.01531	0.0252	0.026104	0.021546	0.019688	0.024719	0.030194	0.021066	0.021132	0.0091618	0.013702	0.011449	0.020561	0.017038	1.64E-02	0.020022	0.0086575	0.015329	0.016359	0.014364	0.019276	0.0199	2.02E-02	0.014408	0.011909	0.0095452	0.010217	0.024102	0.021757	0.023746	0.027986	0.022617	0.020255	0.029347	0.023673	0.019936	0.026454	0.027855	0.025722	0.022415	0.026573	0.025392	0.031945	0.019184	0.027323	0.031029	0.029762	0.025765	0.021505	0.028699	0.027735	0.034651	0.034016	0.042226	0.045308	0.036152	0.03083	0.025886	0.036196	0.032145	0.029245	0.020933	0.036146	0.030607	0.02783	0.025166	0.03002	0.026189	0.0247	0.024751	0.021032	0.018135	0.015185	0.020192	0.020538	0.027641	0.017657	0.022589	0.024931	0.031904	0.028372	0.027314	0.034116	0.023114	0.031308	0.034745	0.034484	0.041626	0.042798	0.037963	0.030607	0.035766	0.038189	0.043313	0.039621	0.040623	0.041979	0.038571	0.043357	0.040336	0.042303	0.045934	0.047452	0.054366	0.052125	0.052817	0.042075	0.054699	0.04685	0.046353	0.043789	0.03719	0.036609	0.031096	0.0238	0.021312	0.019328	0.013789	0.016717	0.016825	0.023352	0.021713	0.012251	0.009314	0.0051572	0.015366	0.0084796	0.0053075	0.0069049	0.0041551	0.00075569	0.0054616	0.0015801	0.010343	0.00065129	-0.0033744	-0.0010572	0.0020316	0.013133	0.0047625	0.0032058	0.0011316	0.0040601	0.00924	0.0038878	0.00073938	-0.0038437	-0.0018995	-0.015218	0.0091428	0.0052925	0.010647	0.010724	0.016007	0.014069	0.017344	0.0091767	0.014324	0.0068631	0.0042314	0.0070118	0.0074556	0.0042583	0.0020838	0.0037862	0.0059525	-0.0022615	0.0012807	0.0065754	0.0040355	0.0059636	0.0068031	0.014172	0.011399	0.0037132	0.0060833	0.011647	0.0089454	0.0066733	0.0083223	0.0067962	0.0028411	0.0015477	0.0042185	0.00052896	0.0057783	0.0037753	0.01653	0.02132	0.02239	0.014934	0.020144	0.01514	0.020304	0.024896	0.023076	0.015987	0.018808	0.026421	0.024669	0.022587	0.031034	0.04369	0.047797	0.050497	0.05331	0.057053	0.073606	0.082492	0.086721	0.10142	0.11469	0.12136	0.11306	0.12385	0.12025	0.11115	0.11693	0.10561	0.10456	0.099888	0.089525	0.079005	0.077496	0.072793	0.076919	0.064409	0.063159	0.062757	0.057566	0.054133	0.046208	0.03951	0.046773	0.044307	0.043065	0.041313	0.033013	0.031462	0.032765	0.035439	0.033595	0.031755	0.025788	0.032122	0.017295	0.018564	0.019641	0.018908	0.018202	0.015749	0.014916	0.018261	0.025124	0.018834	0.014477	0.015579	0.022954	0.02564	0.023435	0.022446	0.020445	0.022093	0.02497	0.018257	0.024129	0.022256	2.44E-02	0.029213	0.030711	0.034296	0.032042	0.036511	0.041667	0.03917	0.037012	0.034451	0.03929	0.028806	0.026365	0.032875	0.036583	0.035661	0.034032	0.035026	0.028248	0.024599	0.024106	0.022697	0.021098	0.018259	0.022004	0.019049	0.015802	0.019693	0.021249	0.013647	0.011795	0.011629	0.001773	0.0042706	0.0074364	0.0093586	1.14E-02	0.010438	0.011575	0.012034	0.011648	0.009499	0.0099049	0.007897	-0.004442	0.0061285	0.0073765	0.0081608	0.013733	2.28E-02	1.33E-02	0.010844	-4.15E-03	1.57E-03	3.95E-03	0.0069903	0.014593	0.0071633	6.48E-03	5.83E-03	1.22E-02	0.00042359	-0.0034046	-0.0068291	-0.011849	-0.0089161	3.10E-04	6.43E-03	6.74E-03	8.48E-03	0.017557	0.0067787	-5.95E-03	2.78E-03	0.0054221	2.89E-03	1.86E-03	1.37E-03	4.04E-03	0.0041107	0.0043033	-2.57E-04	2.09E-03	0.0038506	0.0008448	-0.0057618	-9.07E-03	-3.13E-03	4.84E-03	-6.89E-03	-0.010412	-2.22E-03	-0.00019129	-0.0039273	4.06E-03	2.30E-03	0.0027163	0.0062722	0.002411	0.0018847	0.0024453	-0.0024584	-0.0072012	-0.006586	-0.0026915	-0.0011394	2.07E-03	0.0025503	-7.52E-03	-0.011092	-0.0068606	-0.0065705	-0.0041725	-0.0020516	-0.0002579	0.0079554	0.010027	1.97E-03	0.0059309	7.08E-03	0.0051066	-7.48E-04	-8.42E-03	-0.0069729	-7.95E-03	-0.00031032	1.85E-04	-0.00072971	4.71E-03	4.43E-03	0.0055346	8.30E-03	0.00089437	1.85E-05	2.84E-03	0.0026513	-2.37E-03	-6.57E-03	-6.01E-04	0.0043391	0.0045662	0.00038144	6.92E-04	0.0044461	-7.52E-03	-8.65E-03	-4.02E-03	-4.53E-03	-3.70E-04	x
1.94E-03	0.0051672	1.75E-02	2.25E-02	0.012044	0.010299	0.0044316	1.94E-02	1.77E-02	1.17E-02	7.50E-03	0.013581	0.012476	-0.00087444	-0.0054372	9.66E-03	0.018961	0.02328	1.95E-02	3.00E-02	0.020215	0.021366	0.017341	0.017983	0.010092	2.37E-02	0.02328	0.018695	0.024502	0.023421	0.036962	2.27E-02	0.023018	0.038498	0.029404	0.033576	0.025726	1.60E-02	0.01416	0.018221	0.027386	0.037727	0.030619	0.02549	3.16E-02	0.036861	0.026936	0.030623	0.040921	0.041324	0.03781	0.039171	0.050314	0.039379	0.041923	0.040121	0.043341	0.052359	0.054948	0.061777	0.051989	0.040384	0.04821	0.042021	0.048555	0.05752	0.053791	0.055568	0.047181	0.042391	0.048842	0.048592	0.049493	0.045448	0.041587	0.048491	0.04451	0.049189	0.057539	0.05491	0.065214	0.069721	0.068374	0.072902	0.085353	0.089167	0.082361	0.090536	0.088519	0.081975	0.083421	0.093003	0.080289	0.075735	0.072222	0.069821	0.066941	0.070048	0.078732	0.073838	0.068028	0.065013	0.063837	0.073653	0.069903	0.06624	0.066974	0.07024	0.071733	0.076161	0.079035	0.086417	0.080398	0.083904	0.088734	0.080159	0.075905	0.082265	0.075421	0.076125	0.065405	0.058243	0.064019	0.043735	0.047008	0.050314	0.038021	0.043849	0.047548	0.05218	0.045469	0.047403	0.028985	0.032428	0.035145	0.035061	0.042731	0.039324	0.040012	0.03812	0.035831	0.039552	0.044628	0.05249	0.060213	0.061133	0.053495	0.052064	0.04797	0.047277	0.061968	0.054284	0.058674	0.039885	0.036592	0.034411	0.034396	0.039412	0.04119	0.043063	0.044327	0.04914	0.042843	0.036844	0.043655	0.056531	0.060841	0.061554	0.060787	0.051739	0.052244	0.044508	0.034746	0.035042	0.023623	0.018516	0.022443	0.013327	0.016167	0.0074322	0.019994	0.018117	0.030337	0.038829	0.033851	0.038167	0.039906	0.048922	0.061211	0.068931	0.078956	0.082751	0.084019	0.079553	0.082838	0.082884	0.090155	0.084464	0.098904	0.084535	0.081388	0.065991	0.054213	0.044891	0.031908	0.031745	0.025789	0.012033	0.017216	0.0091016	0.0043601	-0.0001614	0.015245	0.011642	0.012791	0.014775	0.020877	0.021949	0.023816	0.028957	0.046691	0.045321	0.060299	0.066182	0.069443	0.074051	0.07816	0.07467	0.059608	0.057053	0.051422	0.045704	0.047281	0.046814	0.038363	0.039034	0.033887	0.034101	0.030451	0.017455	0.024072	0.025249	0.018023	0.007976	0.0047957	0.0084158	0.014598	0.014036	0.016278	0.0023617	0.0090514	-0.00029542	0.0042358	7.29E-03	0.0051967	0.0021057	0.011141	0.0147	0.0045619	0.00088661	0.0021306	0.0092702	0.013167	0.011128	0.019941	0.023852	0.015619	0.018626	0.029632	0.019011	0.024738	0.023073	0.015324	0.0095362	0.0067923	0.016152	0.0099297	0.022162	0.02261	0.01984	0.020605	0.025918	0.03086	0.016974	0.02034	0.008642	0.015269	0.01233	0.028075	0.023384	0.022091	0.028089	0.014764	0.022333	0.021199	0.018109	0.027925	0.02435	0.024451	0.01778	0.01164	0.0061908	0.0036198	0.021421	0.024158	0.023171	0.032135	0.028365	0.020254	0.032964	0.020765	0.016077	0.028796	0.030163	0.025476	0.019661	0.027502	0.023413	0.02688	0.018887	0.029132	0.031038	0.030898	0.025368	0.022666	0.030493	0.030086	0.03482	0.03494	0.043099	0.045084	0.03074	0.020021	0.01815	0.030797	0.026348	0.024554	0.015758	0.029739	0.030691	0.027337	0.024744	0.03404	0.024708	0.022639	0.023136	0.018373	0.012959	0.01021	0.015276	0.018873	0.031612	0.020298	0.018203	0.019127	0.030659	0.029146	0.025361	0.039299	0.015911	0.026341	0.033996	0.036465	0.043692	0.045722	0.040049	0.034542	0.038298	0.035739	0.040078	0.036913	0.041744	0.044352	0.036994	0.036911	0.033427	0.036619	0.043678	0.046384	0.045997	0.0442	0.043431	0.034604	0.051711	0.045951	0.042133	0.037153	0.029295	0.031021	0.026804	0.023104	0.020562	0.017629	0.011137	0.016649	0.018402	0.025415	0.02365	0.012883	0.0080332	-0.00082307	0.011043	0.0042322	-0.00018161	0.0041462	0.0066072	-0.0019568	0.0037288	0.0025028	0.011429	0.0013921	-8.71E-03	-0.0015045	0.0038016	0.011657	0.0044372	0.0052292	0.0041587	0.0041056	0.0089347	0.0021012	-0.0054498	-0.0058322	-0.0065462	-0.020109	0.0093442	0.003382	0.0088459	0.011508	0.017312	0.012847	0.010688	0.0056902	0.013585	0.011016	0.0055685	0.0066369	0.0062508	0.0035934	0.0028114	0.0086506	0.0050506	-0.0037751	-0.0012682	0.0021247	-0.0015804	0.0049194	0.0031726	0.013245	0.012878	0.0045292	0.0030974	0.010429	0.0087558	4.36E-03	0.0046983	0.0027013	-0.0036416	-0.0042558	0.0050631	-0.0033348	0.0049241	0.001858	0.01524	0.018265	0.021477	0.012491	0.019737	0.015316	0.016229	0.021039	0.022365	0.014325	0.012512	0.024087	0.01938	0.022263	0.031235	0.042238	0.044569	0.046997	0.050286	0.058753	0.07261	0.08378	0.086981	0.098657	0.1132	0.12071	0.11009	0.1206	0.11591	0.10193	0.11619	0.10129	0.102	0.095935	0.082734	0.074332	0.071828	0.06559	0.06752	0.057874	0.058204	0.059733	0.050208	0.045312	0.039439	0.033869	0.044109	0.042643	0.041432	0.039723	0.028419	0.030212	3.29E-02	0.031968	0.03378	0.034519	0.029256	0.033975	0.014366	0.01538	0.017815	0.014823	0.015734	0.012245	0.010774	0.014619	0.021429	0.014631	0.012305	1.23E-02	0.0241	0.026712	0.023305	0.016089	0.015843	0.018925	0.020842	0.014634	0.019033	0.017444	0.022004	0.024475	0.027575	0.033572	0.028249	0.032406	0.036545	0.034158	0.032866	0.028117	0.034365	0.021088	0.021135	0.025555	0.033802	0.031632	0.033875	0.033862	0.023989	0.018818	0.026637	0.020754	0.017382	0.013241	0.017917	0.012726	0.012019	0.016993	0.019419	0.012382	0.0089325	7.34E-03	-0.00017217	0.0046406	0.0072721	0.0076502	0.01108	0.0033812	0.0050708	0.0131	0.011199	0.0083215	0.0082191	4.07E-03	-0.0078133	0.0042975	-0.0031068	-1.40E-03	9.85E-03	0.024873	1.19E-02	3.76E-03	-0.0091555	-5.49E-03	-0.00062405	0.0053768	1.62E-02	0.0026885	0.0035095	4.33E-03	1.53E-02	8.48E-05	-5.82E-03	-7.71E-03	-1.42E-02	-1.17E-02	-2.85E-03	0.0023288	0.0023552	0.0059323	1.75E-02	8.39E-03	-3.91E-03	3.16E-03	3.76E-03	-0.0034755	-3.73E-04	1.52E-03	5.48E-04	-7.03E-04	-0.0010283	-4.93E-03	2.20E-03	1.59E-03	0.004212	-4.79E-03	-1.11E-02	-6.59E-03	4.13E-03	-0.008909	-0.013039	-0.004277	-2.30E-03	-0.00691	0.0050943	0.0026071	5.00E-03	4.03E-03	-8.96E-04	3.07E-03	2.80E-03	-2.24E-03	-2.96E-03	-0.0029749	-1.64E-03	0.0011324	1.79E-03	0.0039363	-3.22E-03	-0.0085663	-0.0031706	-0.006343	-2.56E-03	-0.00052503	0.0068851	0.01387	0.016394	7.35E-04	1.77E-03	0.0041466	0.0040351	8.21E-04	-0.0097195	-0.011558	-1.10E-02	-0.0047445	-2.58E-03	0.0003815	0.0045166	2.15E-03	7.37E-04	0.0034433	-0.0028306	2.77E-03	4.09E-03	7.82E-04	-5.63E-03	-1.42E-02	-6.70E-03	1.92E-03	0.0050982	-0.0043272	-0.0026165	0.004126	-0.0029728	-7.80E-03	-2.09E-03	-7.02E-03	-2.67E-03	x
4.27E-03	0.010542	0.02926	0.031085	0.02275	2.06E-02	1.06E-02	0.023476	0.020721	0.013581	0.019585	2.31E-02	0.018978	-4.23E-04	-6.57E-03	0.012307	0.027685	0.030504	2.08E-02	0.03154	0.02496	0.027363	0.01856	1.89E-02	0.0095528	0.025792	0.027997	0.022817	0.037998	0.028184	0.048491	0.026947	0.023041	0.038174	0.029456	0.042194	0.029766	0.017922	0.011456	0.014426	0.034054	0.044592	0.034951	0.029583	0.030777	3.71E-02	0.021431	0.027812	0.040834	0.037686	0.043047	0.046309	0.060028	0.039811	0.041772	0.038896	4.78E-02	0.057972	0.05203	0.065043	0.047655	0.040204	0.052636	0.040996	0.053099	0.062095	0.058996	0.060812	0.046282	0.046405	0.056342	0.053334	0.050886	0.04975	0.04119	0.054346	0.052698	0.059134	0.062532	0.058805	0.066234	0.076384	0.073229	0.084041	0.091255	0.094929	0.085033	0.095559	0.091594	0.081743	0.081925	0.096768	0.085484	0.078648	0.079145	0.075101	0.069725	0.07362	0.088495	0.081414	0.072892	0.068828	0.069405	0.078238	0.074131	0.068286	0.068129	0.069547	0.076665	0.083854	0.078947	0.087879	0.08449	0.086961	0.09941	0.086206	0.076482	0.081666	0.076667	0.081411	0.066145	0.063259	0.065089	0.043983	0.048029	0.055252	0.040083	0.046433	0.050762	0.053648	0.046937	0.0492	0.03093	0.036636	0.035939	0.034486	0.043009	0.040537	0.043347	0.040013	0.03518	0.046322	0.046809	0.059753	0.061722	0.058655	0.055704	0.052794	0.054355	0.05401	0.066481	0.059982	0.065429	0.042547	0.040088	0.032664	0.033182	0.03955	0.041543	0.040493	0.046849	0.056434	0.047515	0.038027	0.04301	0.059034	0.059069	0.058566	0.058923	0.050535	0.049111	0.03991	0.030817	0.040554	0.025871	0.014535	0.019003	0.012432	0.020291	0.014052	0.0306	0.026485	0.036022	4.43E-02	0.036504	0.042646	0.042233	0.053737	0.068241	0.075536	0.084467	0.083741	0.085748	0.080494	0.081925	0.08223	0.093518	0.079707	0.093613	0.078245	0.075073	0.053353	0.043938	0.038219	0.025096	0.030495	0.025469	0.0015869	0.013669	0.0042924	0.0090276	0.0019701	0.016417	0.01078	0.012142	0.015355	0.026317	0.025856	0.03124	0.035316	0.051522	0.051932	0.063879	0.066197	0.069026	0.066215	0.071238	0.067468	0.047425	0.048092	0.047746	0.036871	0.04619	0.044145	0.044725	0.037169	0.02978	0.035973	0.031139	0.020699	0.033226	0.025241	0.020475	0.0090194	0.0070697	0.0083946	0.014357	0.0047931	0.0073324	-0.0046362	0.0027548	0.00093295	0.010383	0.014881	0.0087744	0.0021477	0.012617	0.016532	0.00070544	-0.0051019	0.00062338	0.0092013	0.0091241	0.005844	0.018957	0.018601	0.010215	0.016119	0.041318	0.02514	0.023039	0.018826	0.01127	0.000823	-0.0048845	0.006416	0.002992	0.019804	0.018579	0.019116	0.021857	0.027681	0.032813	0.011975	0.01595	0.0078984	0.017391	0.01567	0.039997	0.033305	0.033531	0.039574	0.022399	0.029154	0.025081	2.18E-02	0.036059	0.026541	0.026172	0.019198	0.01176	0.004517	-0.0027719	0.017869	0.025417	0.022385	0.036493	0.037556	0.019212	0.035282	0.01615	0.0099628	0.029047	0.030998	0.025622	0.016189	0.025979	0.018725	0.019744	0.019927	0.029288	0.031784	0.033674	0.023848	0.024841	0.032959	0.032735	0.033693	0.035023	0.039712	0.037548	0.019605	0.003475	0.0074071	0.021858	0.017349	0.020048	0.011239	0.020274	0.031758	0.026761	0.023917	0.040688	0.022503	0.021209	0.022567	0.018135	0.0099239	0.0076778	0.0087722	0.018126	0.036178	0.020681	0.012194	0.01245	0.026137	0.029641	0.021636	0.045049	0.0095746	0.02213	0.033375	0.041551	0.048928	0.050915	0.045667	0.041047	0.041743	0.033746	0.034659	0.033362	0.044778	0.048597	0.035035	0.030718	0.027787	0.029885	0.042193	0.045711	0.036951	0.034714	0.034349	0.028419	0.050542	0.048737	0.041775	0.032183	0.02251	0.024229	0.021495	0.023182	0.020817	0.018106	0.0098766	0.016894	0.020375	0.027895	0.026965	0.014842	0.010657	-0.0034941	0.0097652	3.87E-03	-0.0045936	0.0023908	0.013981	-0.00043723	0.0036162	0.0079118	0.016777	0.0056135	-0.011493	0.00067145	0.0078819	0.012574	0.0069464	0.0077142	0.0064405	0.0033346	0.0073991	0.00055439	-0.010219	-0.0070805	-0.0094239	-2.39E-02	9.76E-03	0.0029369	0.0087931	0.015194	0.019624	0.013673	0.0038685	0.0046261	0.012876	0.020306	0.011706	0.0092942	0.0084629	0.006923	0.005418	0.01756	0.0041252	-0.0040293	-0.0037629	-0.0035403	-0.0090006	0.0030249	-0.0026309	0.013317	0.012696	0.0065249	-0.00047171	0.01007	0.011469	0.0026954	0.00034696	-0.0035068	-0.0095107	-0.011065	0.0084005	-0.0057311	0.0063372	0.000977	0.013949	0.01435	0.020132	0.011001	0.019314	0.01546	0.011529	0.018043	0.020495	0.013895	0.0075564	0.026445	0.015794	0.023537	0.03349	0.039285	0.03759	0.038917	0.046514	0.05976	0.072319	0.082991	0.081458	0.088404	0.10201	0.11018	0.10097	0.10804	0.10239	0.085241	0.11067	0.091742	0.094331	0.085613	0.066531	0.061915	0.061468	0.054007	0.053612	0.048346	0.047536	0.052185	0.034397	0.028302	0.026008	0.025104	0.038631	0.039272	3.66E-02	0.034115	0.021418	0.030382	0.037493	0.027107	0.031297	3.34E-02	0.032251	0.033113	0.010221	0.0059226	0.0082516	5.76E-03	0.013213	0.0082082	0.0029362	0.0098378	0.013592	0.0075088	9.32E-03	0.0062618	0.023139	0.023726	2.17E-02	0.011146	0.012513	0.013668	0.010173	0.0084428	0.012015	0.010705	1.91E-02	0.016125	0.020478	0.032811	0.021451	0.025657	0.028455	0.026925	0.029672	0.021604	0.029896	0.012513	0.015975	0.017982	0.029903	0.02286	0.032702	0.029528	0.02321	0.01462	0.030857	0.018926	0.013997	0.008533	0.0079311	0.0032179	0.007001	0.013435	0.017586	0.011444	0.0059203	-0.00047495	-0.00085797	8.97E-03	0.0063431	2.44E-03	0.0087943	-0.0073178	-0.0050402	0.01455	0.012748	7.77E-03	0.0072239	0.0019044	-0.0058761	0.0034701	-0.016838	-0.016903	4.17E-04	0.021869	0.005418	-0.010192	-1.46E-02	-1.03E-02	-8.82E-03	-3.37E-04	1.41E-02	-4.32E-03	-1.56E-03	0.0016664	1.76E-02	0.0018893	-0.0092746	-0.0076381	-0.014134	-0.011053	-4.45E-03	-0.0031768	-4.87E-03	0.0024781	0.017571	0.011616	5.32E-04	9.76E-04	-3.02E-04	-0.012236	-0.0023703	0.0032314	-5.77E-03	-7.54E-03	-0.010451	-1.14E-02	0.0047395	-0.0014667	1.01E-02	-0.0043572	-0.010514	-6.57E-03	2.90E-03	-0.0089001	-1.27E-02	-0.0082384	-0.0063216	-0.0094952	7.15E-03	0.0057712	1.00E-02	-2.86E-04	-4.60E-03	3.50E-03	6.06E-03	0.00022719	0.0066105	0.003811	4.47E-04	2.83E-03	1.88E-03	0.0083065	3.05E-03	-0.0018003	5.56E-03	-0.0030917	0.00048151	0.005288	1.74E-02	2.23E-02	2.48E-02	0.0013282	-0.0027718	0.0025055	3.68E-03	5.79E-03	-9.70E-03	-0.017333	-1.50E-02	-9.97E-03	-0.0061521	0.0047606	2.16E-03	0.0010059	-2.69E-03	-9.84E-04	-0.008505	0.0039669	6.47E-03	-1.84E-03	-1.08E-02	-0.023067	-1.21E-02	-1.21E-03	0.0048103	-9.13E-03	-0.0083782	2.32E-03	0.0035429	-0.0048603	0.00089904	-0.0089837	-0.0054723	x
-3.28E-03	-0.012411	0.0031886	0.014418	0.044919	0.038214	0.035354	0.03562	0.015935	0.021556	1.77E-02	1.13E-02	3.47E-02	0.031575	0.022701	-1.96E-04	-0.0066805	0.011554	3.72E-02	0.036609	0.014881	2.65E-02	0.028578	0.033615	0.017775	0.020652	1.07E-02	2.63E-02	0.034254	0.031413	4.99E-02	0.026593	0.055865	2.53E-02	0.02079	0.033739	0.022046	0.047536	3.32E-02	0.018478	0.011138	0.010724	4.18E-02	0.045487	0.040514	0.036455	0.028649	0.035664	1.45E-02	0.02315	0.038041	0.029073	0.052179	0.058816	0.070245	0.035107	3.27E-02	0.024483	0.048853	0.062569	0.047752	0.065682	0.033645	0.04144	0.062795	0.037738	0.056362	0.06763	0.06079	0.059586	0.040987	0.049235	0.067033	0.058443	0.049349	0.054828	0.040648	0.063288	0.060385	0.068966	0.062695	0.061	0.064429	0.079566	0.075437	0.095912	0.095979	0.10208	0.084706	0.096612	0.091428	0.07512	0.076592	0.098564	0.088665	0.082083	0.088014	0.086097	0.07396	0.078665	0.10515	0.092352	0.081122	0.074414	0.078908	0.084039	0.078558	0.067486	0.064528	0.067832	0.078065	0.084815	0.069572	0.08157	0.088265	0.08924	0.11081	0.093483	0.07784	0.074208	0.072417	0.08346	0.060704	0.069952	0.063874	0.044989	0.051165	0.061928	0.04268	0.051836	0.056464	0.056741	0.050752	0.050462	0.034188	0.045867	0.035055	0.029795	0.041869	0.044597	0.05138	0.041586	0.030607	0.055273	0.044383	0.063795	0.056909	0.044467	0.049566	0.048851	0.059563	0.059653	0.064325	0.065116	0.070519	0.044932	0.049186	0.027998	0.034821	0.039975	0.038154	0.033379	0.045802	0.067404	0.059464	0.044283	0.042253	0.065905	0.055443	0.047982	0.04999	0.040743	0.040945	0.026897	0.020538	0.046561	0.030592	0.0091004	0.016456	0.015396	0.028876	0.026842	0.04613	0.033504	0.038791	0.048214	0.039809	0.048933	0.042692	0.053654	0.072254	0.081612	0.088411	0.075463	0.082512	0.079856	0.074548	0.077158	0.096994	0.076312	0.085684	0.064306	0.060938	0.033386	0.032892	0.03617	0.021266	0.031013	0.031296	-0.0028039	0.010047	-0.00091673	0.019095	0.010083	0.015401	0.010121	0.014679	0.015453	0.033153	0.032202	0.041774	0.048668	0.060708	0.065164	0.066851	0.060199	0.066343	0.058511	0.063165	0.060606	0.036209	0.038588	0.046624	0.026684	0.050989	0.044744	0.058601	0.033066	0.018995	0.036467	0.034366	0.030372	0.049766	0.022199	0.025529	0.014084	0.014419	0.012795	0.014194	-0.015489	-1.60E-02	-1.28E-02	-0.0048223	0.0060174	0.025064	0.028723	0.017618	0.0035252	0.015665	0.023371	4.48E-05	-0.014219	0.0015417	0.01151	-0.0020808	-0.0050071	0.0092002	0.00096937	-0.0066336	0.0061845	0.051441	0.033687	0.021294	0.014761	6.50E-03	-0.013142	-0.024882	-0.0086609	-0.0044221	0.020408	0.015158	0.021673	0.024576	0.031169	0.036018	0.0071833	0.0057507	0.0044513	0.017535	0.018533	5.34E-02	0.045413	0.053418	0.055153	0.030413	0.031743	0.024332	0.024914	0.042305	2.52E-02	0.02191	0.016154	0.012336	0.0058536	-6.89E-03	0.015082	0.022952	0.02291	0.038572	0.044598	0.013132	0.034371	0.0092195	0.00016126	0.025902	0.026833	2.35E-02	0.010228	0.015688	0.0095255	0.011973	0.021488	0.023526	0.032643	0.037698	0.019302	0.027564	0.037424	0.036257	0.029311	0.030793	0.026234	0.015924	-0.00034927	-0.020821	-0.0086846	0.0043448	0.0020282	0.016179	0.0047084	0.0041926	0.029027	0.023343	0.020067	0.048341	0.017688	0.022254	0.023861	0.023167	0.010733	0.0065597	-0.0032496	0.019357	0.040516	0.013763	0.0046953	0.0080611	0.01635	0.030093	0.017244	0.050627	0.0030245	0.019792	0.033736	0.052236	0.055486	0.0566	0.054061	0.048662	0.044662	0.03143	0.022871	0.026499	0.046029	0.052432	0.02984	0.023084	0.024393	0.019618	0.040166	0.043589	0.026429	0.024274	0.027503	0.021778	0.047678	0.052295	0.043603	0.02597	0.016602	0.01496	0.013088	0.021835	0.019425	0.020644	0.0093529	0.015562	0.018576	2.93E-02	0.029832	0.016794	0.019633	0.00091412	0.012544	0.010077	-0.0069675	-0.0011713	0.024037	0.0036942	0.0060232	0.01839	0.02531	0.010862	-1.18E-02	0.0054856	0.016084	0.018685	0.010426	0.0063831	0.0039382	-0.0010604	0.0020999	-1.01E-03	-0.011705	-0.0068114	-0.0085245	-2.70E-02	8.13E-03	5.55E-03	0.010524	0.023092	0.02221	1.56E-02	-0.0040936	0.0066746	0.010995	0.033799	0.023881	0.016765	0.016185	0.013748	0.0082498	0.032906	0.0028157	-0.0045856	-7.37E-03	-1.19E-02	-0.018454	0.00208	-0.008708	0.016669	9.48E-03	0.0083333	-0.0062531	0.010104	0.01754	0.001077	-0.0054168	-0.015171	-0.014185	-0.021389	0.01153	-0.0066029	0.0095419	0.0011728	0.013453	0.010073	0.017625	0.0092474	0.016767	0.01464	0.0066069	0.018587	0.01786	0.014184	0.0060002	0.03556	0.014279	0.026144	0.037882	0.033676	0.024647	0.023323	0.04299	0.057932	0.072799	0.077562	0.065407	0.067529	0.07807	0.086734	0.084782	0.085403	0.078705	0.063319	0.1027	0.078647	0.081801	0.067112	0.036646	0.040613	0.048753	0.041241	0.040462	0.038452	0.031511	0.040424	0.0083562	0.0015954	0.0055626	0.014764	0.030706	3.82E-02	0.025508	0.019774	0.011491	0.033264	0.04986	2.33E-02	0.028502	0.028416	0.03436	0.030827	0.0080054	-0.010363	-0.013204	-7.48E-03	1.50E-02	4.05E-03	-9.67E-03	5.22E-03	0.0016157	-0.0018906	1.02E-02	-0.00013362	0.023369	0.016828	1.73E-02	0.010811	1.51E-02	0.0058569	-0.0089598	-0.0014816	0.004905	0.00081442	0.016755	0.0038727	0.0076121	0.031694	0.011194	0.016925	0.016953	0.015025	0.027881	0.016485	0.026887	0.0037396	0.010379	0.013647	0.025618	0.0081332	0.03026	0.020631	0.029876	1.42E-02	0.037974	0.016647	0.012354	7.18E-03	-9.44E-03	-9.85E-03	-0.00092984	0.010158	0.016864	0.012371	0.004584	-0.014764	-9.60E-04	1.84E-02	-7.81E-05	-0.0092099	1.79E-03	-0.022198	-1.96E-02	0.013973	0.015574	8.00E-03	0.007555	0.0027757	5.16E-03	2.94E-03	-0.034024	-3.64E-02	-0.013512	1.06E-02	-0.010827	-0.032913	-2.12E-02	-0.011437	-0.021367	-0.011541	0.0072684	-1.16E-02	-8.31E-03	-0.0011817	1.82E-02	0.008381	-1.40E-02	-0.0076655	-1.09E-02	-0.0040325	-0.0035355	-0.0078381	-0.013814	-4.42E-03	1.66E-02	0.016358	0.0069821	-5.90E-03	-0.0076901	-2.20E-02	-0.0036518	7.71E-03	-0.016391	-0.018054	-2.63E-02	-0.019108	0.013001	-0.0021603	1.91E-02	-8.53E-03	-0.0068465	-0.00083181	-0.00026509	-0.0055294	-0.0089009	-1.75E-02	-1.25E-02	-1.04E-02	9.02E-03	0.011287	1.93E-02	-0.0066058	-0.0066202	0.0016955	0.0098418	1.10E-03	0.023262	0.014152	0.0027686	0.0017869	4.33E-03	1.79E-02	0.010996	8.34E-03	0.018691	0.0043535	0.0068082	0.021359	0.030135	0.031434	3.59E-02	0.0066713	-0.005703	4.27E-03	0.0039165	0.016736	-6.17E-03	-0.023722	-1.83E-02	-0.015251	-9.44E-03	0.011696	-5.10E-03	0.0038666	-1.92E-03	-3.51E-03	-0.017087	2.39E-03	9.57E-03	-0.0059483	-0.020858	-0.034195	-0.013437	-4.49E-03	0.0039632	-0.011011	-0.015465	-0.00012997	9.20E-03	-2.58E-03	0.0022381	x
-0.00097853	0.01365	1.09E-02	0.007729	0.01819	0.031035	0.017409	-0.0048274	-5.86E-03	-0.002867	-6.15E-03	-1.32E-02	-0.0034166	1.41E-02	0.0087675	0.0085868	0.0097024	0.019637	1.85E-02	0.003704	-4.30E-03	-0.0064159	0.0094021	6.63E-03	0.01384	7.19E-03	-0.0067431	0.026032	0.017886	3.25E-02	0.030819	0.025721	0.024929	3.89E-02	0.02854	0.040591	2.36E-02	0.017486	0.011785	1.77E-02	2.83E-02	0.021268	0.006607	0.019797	0.022439	0.021819	0.033334	0.021687	0.012673	2.92E-02	0.036223	0.03685	0.016611	2.00E-02	8.15E-03	0.010195	0.0063462	0.010156	2.50E-02	0.0093891	0.0051986	0.028338	0.023821	0.019011	0.0013914	-0.00031281	0.0070236	-0.00039726	2.70E-03	0.0031118	-0.0015268	0.022763	3.38E-02	4.05E-02	0.032175	0.03159	0.024802	0.037151	0.029663	0.021406	0.025637	0.036548	0.032577	0.039784	0.021232	0.035526	0.047276	0.039027	0.062169	0.066344	0.068062	0.064095	0.054146	0.070499	0.07084	0.078335	0.07976	0.070874	0.04965	0.042281	0.056223	0.06772	0.060984	0.051535	0.035402	3.90E-02	0.05298	0.041599	0.033335	0.055516	0.052517	0.052491	0.052638	0.05952	0.056421	0.054095	0.057288	0.062779	0.054194	0.060657	0.067951	0.068762	0.062225	0.048508	0.062536	0.055394	0.05434	0.066126	0.054374	0.045011	0.036129	0.036817	0.046399	0.050025	0.028616	0.029503	0.020184	0.03171	0.045475	0.047934	0.043515	0.038097	0.047809	0.034086	0.026103	0.037661	0.03717	0.02765	0.034649	0.055447	0.065327	0.042664	0.038341	0.030536	0.038754	0.033199	0.032746	0.01777	0.040529	0.032949	0.02554	0.037204	0.02894	0.040906	0.026244	0.042408	0.059508	0.05058	0.035887	0.033181	0.033184	0.03449	0.014982	0.021182	0.019417	0.017281	0.021122	0.016352	0.01263	1.58E-02	0.031577	0.031498	0.029872	0.020273	0.013847	0.010256	0.022999	0.036068	0.032981	0.032286	0.049025	0.041037	0.053312	0.078361	0.074808	0.0652	0.065702	0.092835	0.10735	0.091522	0.088748	0.090816	0.091279	0.078576	0.062989	0.036056	0.024791	0.032071	0.047962	0.028786	0.018596	0.01549	0.0065733	0.028159	0.020796	0.015984	0.028928	0.017073	0.025878	0.020294	0.040229	0.036912	0.021493	0.043688	0.031866	0.046393	0.058261	0.072216	0.08825	0.088642	0.082956	0.087492	0.084028	0.082687	0.070576	0.063609	0.058454	0.062151	0.04267	0.047338	0.043351	0.039756	0.039091	0.035717	0.033843	0.035294	0.02103	0.037739	0.035417	0.032844	0.044063	0.027686	0.022539	0.024654	0.02445	0.023463	0.016875	1.03E-02	0.0041763	-0.0046037	-0.0038736	0.0082397	1.11E-02	0.0039333	4.12E-03	0.0059271	0.022362	0.023909	5.39E-03	0.016758	0.033635	0.029756	0.036397	0.036804	0.019004	0.022793	0.02258	0.019779	0.0048782	-0.0020631	0.0025106	0.013032	0.011151	0.0057603	2.29E-02	0.033413	0.031774	0.034859	0.038043	0.040066	0.025086	0.04571	0.035582	0.015287	0.01187	0.021905	0.027301	0.026282	0.021717	0.028538	0.023431	0.010892	0.0096314	0.020359	0.023095	0.029421	0.033009	0.024435	0.028832	0.025118	0.035942	0.033905	0.031275	0.037771	0.022469	0.020006	0.044083	0.047158	0.036424	0.019923	0.015704	0.016811	0.019132	0.035273	0.043069	0.040489	0.053797	0.043473	0.058997	0.047952	0.050416	0.040622	0.058136	0.057459	0.049974	0.054058	0.068817	0.046117	0.053873	0.05408	0.040636	0.040481	0.048351	0.059921	0.047861	0.046582	0.045773	0.035005	0.033466	0.033919	0.043809	0.051175	0.029696	0.037807	0.052079	0.048783	0.048665	0.043128	0.063522	0.052779	0.056322	0.044624	0.047766	0.045637	0.048142	0.059559	0.068285	0.067707	0.074448	0.064114	0.062709	0.059498	0.060951	0.071999	0.084014	0.080648	0.07553	0.083573	0.075926	0.079839	0.093872	0.1009	0.08128	0.092674	0.10758	0.10735	0.11105	0.10547	0.085729	0.077303	0.066345	0.056708	0.067987	0.069693	0.05687	0.05416	0.059281	0.050543	0.050031	0.052245	0.056383	0.054453	0.036931	0.042319	0.055464	0.032446	0.035333	0.046282	0.038904	0.033711	0.027638	0.03778	0.04849	0.04005	0.040554	0.040257	3.59E-02	0.040999	4.62E-02	0.024446	0.025816	0.037675	0.034874	0.031135	0.024	0.02201	0.018705	0.024036	0.02725	1.87E-02	0.020232	0.026918	0.01999	0.042814	0.031902	0.027686	0.039696	0.02124	0.015233	0.040743	0.03434	0.015569	0.028107	0.024293	0.031981	0.029437	0.023205	0.018922	0.02933	0.033131	0.028902	0.039212	2.74E-02	1.61E-02	0.0025176	0.0048003	2.93E-05	0.00044601	0.012482	0.029196	3.97E-02	0.0071677	0.011262	0.024193	0.019046	0.011188	2.34E-02	0.018054	0.024966	0.018203	0.030877	0.04128	0.019354	0.0082404	0.031391	0.028315	0.046861	0.027452	0.03319	0.026143	0.047848	0.040532	0.061915	0.04881	0.035535	0.045326	0.056489	0.050956	0.064321	0.048992	0.04378	0.060155	0.050364	0.038374	0.033697	0.038555	0.033648	0.041198	0.04596	0.037554	0.027261	0.016966	0.017235	0.020704	0.0084818	0.014005	0.011115	2.14E-02	0.031522	0.01982	0.019364	0.014126	0.014429	0.029363	0.022047	0.0082793	0.031499	0.030099	0.012082	0.0029138	0.013371	0.031883	0.023237	1.12E-02	0.009685	0.021674	0.0010427	0.016631	0.020092	1.06E-02	0.017623	0.011837	0.010196	0.0012099	-0.0039543	0.019869	0.018071	0.012322	0.010338	0.020939	0.02569	0.018126	0.012211	0.00091625	0.018281	0.021402	0.016345	0.038859	0.028813	0.036601	0.045204	0.043906	0.022833	0.019661	0.034899	0.050224	0.048531	0.05419	0.042218	0.050252	0.030366	0.025541	0.029691	0.039651	0.030418	0.037281	0.033503	0.030063	0.02676	0.02443	0.041274	0.035673	1.79E-02	0.014026	0.012007	0.02958	0.023694	0.032689	0.01967	0.01833	0.024568	0.0033442	0.024509	0.018124	0.015691	1.21E-02	0.0039169	0.010193	0.019165	0.0058107	-0.0070512	-0.0040045	-0.00066615	0.0003221	0.0027803	0.0079228	0.016378	-0.0072559	0.012632	0.011515	0.011647	0.0041932	0.010526	0.012782	0.019843	0.025411	0.010556	-0.012391	-2.26E-03	-0.013225	-0.012432	-0.018412	-0.016979	-0.013515	0.007316	-0.0030941	-5.63E-03	0.014049	8.80E-03	0.0046433	0.00086175	0.021015	9.34E-03	0.010948	6.82E-03	-0.0042025	-0.014747	-3.36E-04	0.011578	0.0021442	0.014565	0.0018646	1.22E-02	0.01837	4.43E-03	0.0015272	0.017165	0.0084004	-0.0055725	-0.0047683	0.015388	0.026354	0.025885	0.026703	0.017467	0.0098873	0.0053848	0.0056588	-0.0044401	1.50E-03	0.00428	0.0074194	0.027001	2.16E-02	0.024922	2.06E-02	0.028287	2.23E-02	0.014245	0.0051618	0.0013791	0.0077317	1.03E-02	0.011442	-4.27E-03	-0.0046739	0.012211	0.0074363	-0.0025752	0.0075127	0.0050628	-9.96E-03	0.0055188	-0.0028012	-4.26E-03	-0.0097096	2.56E-03	-0.002176	0.009819	-0.0034813	1.84E-02	1.56E-02	0.0060073	-0.0020786	-0.0039455	-1.23E-02	-6.06E-03	-0.010953	0.0078254	5.95E-03	9.39E-03	-0.00097429	x
0.0050674	1.73E-02	0.01412	1.09E-02	0.019126	0.023994	0.011139	-0.0087166	-1.65E-03	0.0053716	0.00067765	-0.0093653	-4.11E-03	0.0017466	0.00097493	0.0098925	0.0059395	1.53E-02	0.0085827	1.09E-03	0.0018361	-4.24E-03	8.91E-03	5.69E-03	0.013713	0.0032336	-0.0014257	2.42E-02	0.010357	0.024775	0.026206	0.02248	0.017632	3.10E-02	2.29E-02	3.24E-02	2.29E-02	1.95E-02	1.39E-02	0.019084	2.54E-02	0.021281	0.010011	0.019786	0.025405	0.026165	2.68E-02	0.017135	0.011529	0.027363	3.53E-02	0.030908	0.019653	2.62E-02	1.94E-02	1.77E-02	0.014373	0.015701	0.034361	0.022103	0.019525	0.031786	2.58E-02	0.024291	1.17E-02	0.01214	0.0086953	0.0042427	0.009482	1.22E-02	1.12E-02	0.030466	0.03389	0.039108	0.033975	0.032787	0.028683	0.03513	0.025648	0.023747	0.025335	0.039314	4.16E-02	0.047562	0.03221	0.047728	0.055715	0.052336	0.078315	0.077978	0.077277	0.070976	0.063844	0.0784	0.078359	0.081098	0.074453	0.065199	0.057152	0.048153	0.059996	0.068547	0.060303	0.052826	0.042094	0.044525	0.051694	0.043648	0.032034	0.048065	0.050487	0.055759	0.055709	0.05987	0.064392	0.060984	0.067221	0.072032	0.069224	0.072521	0.075887	0.073754	0.068002	0.057334	0.062885	0.054656	0.056651	0.0618	0.053346	0.041281	0.039108	0.032765	0.04794	0.053933	0.037543	0.037963	0.024481	0.037681	0.049301	0.041583	0.040886	0.043099	0.052885	0.04179	0.040648	0.050091	0.048018	0.040199	0.042299	0.052387	0.061833	0.051377	0.044039	0.040968	0.043581	0.03986	0.033395	0.019204	0.043245	0.03378	0.035334	0.044472	0.036851	0.042133	0.034656	0.045136	0.054534	0.051635	0.039492	0.035168	0.039452	0.03878	0.027928	0.026547	0.026052	0.025385	0.028707	0.023849	0.020231	0.021559	0.027329	0.029437	0.034887	0.025092	0.021298	0.014468	0.025733	0.034291	0.037403	0.03489	0.050044	0.04794	0.055143	0.077657	0.07799	0.06795	0.071159	0.094464	0.1035	0.098181	0.094596	0.095617	0.095775	0.085461	0.073474	0.044791	0.031385	0.031581	0.048359	0.035219	0.023404	0.019372	0.00979	0.026856	0.020093	0.021013	0.030474	0.015427	0.026768	0.024465	0.036348	0.037861	0.02841	0.043745	0.034261	0.049283	0.06219	0.081801	0.097764	0.099136	0.092839	0.0903	0.086426	0.084293	0.076535	0.069398	0.06239	0.061006	0.043843	0.052057	0.048106	0.043169	0.045518	0.042077	0.036148	0.035501	0.025962	3.79E-02	0.037199	0.032419	3.58E-02	3.05E-02	0.024184	0.025509	0.022058	0.020742	0.014723	0.012438	0.0085871	0.0025667	0.0062601	0.012145	1.28E-02	0.010633	0.0077726	0.0097503	0.023717	0.020103	9.54E-03	0.018404	0.032126	0.029974	0.033182	3.33E-02	0.021469	0.021292	0.022402	0.020033	0.0089091	0.0067607	0.013356	0.019273	0.013659	0.0075891	0.024224	0.029415	0.024078	0.03516	0.032239	0.036222	0.026712	0.042607	0.034263	0.015803	0.012761	0.022126	0.02245	0.017488	0.010887	1.48E-02	0.019118	0.01208	0.013597	0.024184	0.027024	0.03219	0.03626	0.021466	0.027278	0.028815	0.034449	0.028021	0.031	0.037388	0.021157	0.023769	0.04504	0.046264	0.040384	0.024217	0.021637	0.025023	0.025674	0.041358	0.04604	0.038286	0.047065	0.041131	0.04781	4.31E-02	0.048557	0.036779	0.05042	0.050074	0.045725	0.050509	0.063442	0.048622	0.054952	0.049784	0.039738	0.041106	0.044468	0.049982	0.04424	0.043241	0.039062	0.031965	0.030161	0.034176	0.04297	0.048262	0.026912	0.032442	0.041278	0.037602	0.035962	0.035533	0.050459	0.040818	0.043726	0.043956	0.046112	0.041029	0.043959	0.056121	0.063924	0.06242	0.062239	0.057594	0.061656	0.059058	0.060603	0.064143	0.07129	0.072266	0.078254	0.078973	0.075394	0.077476	0.086403	0.093702	0.075158	0.085085	0.09763	0.10053	0.10059	0.09732	0.081292	0.068806	0.05825	0.051193	0.058713	0.061778	0.054123	0.049101	0.050367	0.047136	0.044697	0.044528	0.04975	0.046933	0.036318	0.040197	0.045705	0.027653	0.030285	0.03714	0.035108	0.027485	0.023122	0.035195	0.042793	0.039235	0.03554	0.031238	0.030841	0.035357	0.037966	0.017272	0.020551	0.029402	2.47E-02	0.028068	0.015973	0.023731	0.016132	0.025703	0.024412	0.020757	0.022101	0.025091	0.017648	0.040204	0.031124	0.023141	0.035068	0.019776	0.011922	0.031826	0.03336	1.60E-02	0.019355	0.018852	0.02857	0.028198	0.024465	0.015121	0.023295	2.69E-02	0.030244	0.031486	0.029026	0.020643	0.010844	0.015877	0.0061818	0.0087302	0.01954	0.032602	0.036904	0.011154	1.14E-02	0.022487	0.017155	0.015087	0.026266	0.022061	0.030616	0.020025	0.022066	0.032682	1.91E-02	0.0070575	0.026336	0.026274	0.042322	0.029084	0.030037	0.027433	0.041919	0.035035	0.051632	0.045207	0.036505	0.050235	0.059631	0.054909	0.070118	0.055245	0.047171	0.063327	0.054702	0.045607	0.044128	0.047008	0.038457	0.043544	0.050023	0.044996	0.034532	0.027617	0.030166	0.026244	0.0213	0.021348	0.020886	0.02549	0.029914	0.019393	0.021545	0.019717	0.020309	0.031103	0.024337	0.012715	0.031659	0.03053	0.018886	0.0067696	0.0078617	0.020782	0.015608	7.91E-03	0.0065944	0.015517	4.94E-03	0.017232	0.020795	0.011211	0.015348	0.011678	0.01209	-0.0023026	-0.00025611	0.014249	0.014394	0.014251	0.012964	0.020633	0.023408	0.01266	0.0059655	0.0070512	0.02693	0.022018	0.014738	0.031164	0.029402	0.032698	0.040465	0.042907	0.029773	0.025636	0.032045	0.046544	0.04781	0.049585	0.041031	0.041236	0.028018	0.02573	0.030901	0.040566	0.030045	0.030281	0.035263	0.034266	0.026979	0.018465	0.033343	0.030084	0.019693	0.01542	0.013753	0.028499	0.025342	0.027877	0.01231	0.013466	0.017181	4.00E-03	0.018088	0.014771	0.011372	0.013008	0.0053594	0.0094923	0.021257	0.0097688	-0.00064743	5.16E-03	0.0041928	0.0017107	0.0040513	0.01019	0.014841	7.34E-05	1.69E-02	0.01055	0.0077734	1.06E-03	0.009175	0.010834	1.18E-02	0.014459	0.0054405	-0.011248	-3.04E-03	-9.73E-03	-4.15E-03	-0.0059384	-8.73E-03	-0.0049315	1.55E-02	0.0027955	-0.00022492	0.013117	0.0057078	8.95E-03	0.0023866	1.70E-02	0.003163	0.009434	5.50E-03	-0.0021691	-0.0057598	0.0029007	7.87E-03	4.11E-03	0.01227	0.0088894	0.016273	1.93E-02	0.0056726	2.16E-03	0.017975	1.06E-02	-0.0036205	-7.09E-04	0.015528	0.018863	0.022	0.019064	0.013426	0.015359	0.01122	0.0027261	-0.0034412	0.0059412	0.004263	0.0068137	0.023232	0.012664	1.85E-02	0.018234	0.025089	0.014	0.0054088	0.0017984	0.0030387	0.0039914	0.0079201	0.0079949	-3.77E-03	0.0038914	0.0085765	2.05E-03	-0.0067102	7.09E-05	5.26E-03	-7.83E-03	0.0063083	-0.0042037	-5.33E-03	-5.15E-03	3.35E-03	-0.0028427	0.0031181	-0.0026727	0.016745	0.014164	0.0064167	0.0012838	-0.0028823	-1.37E-02	-0.0024734	-7.29E-03	4.48E-03	0.0040361	0.0083416	0.00077565	n
0.017457	0.013208	0.011182	0.018109	0.017767	0.0062621	-0.0096721	-3.31E-04	9.44E-03	3.94E-03	-5.35E-03	-7.18E-03	-8.84E-03	-0.007686	5.67E-03	0.0010121	1.02E-02	2.46E-03	-2.45E-03	0.0017084	-2.52E-03	0.0069416	4.84E-03	0.010792	-0.00017298	0.0010095	0.01799	3.44E-03	0.017509	0.017216	1.59E-02	1.01E-02	0.022674	0.020856	0.029297	0.022286	2.11E-02	0.017301	0.020919	2.50E-02	2.22E-02	1.17E-02	0.019017	2.82E-02	0.029306	0.02571	0.018259	0.01414	0.026801	0.033614	2.93E-02	0.025119	3.34E-02	0.030157	2.46E-02	2.24E-02	0.021738	0.04136	3.40E-02	0.033782	0.035496	0.029395	0.030516	0.022926	0.023142	1.32E-02	0.012953	0.014816	0.018948	0.019635	0.034973	0.033716	0.037598	3.62E-02	0.035468	0.033548	0.034338	2.46E-02	0.028622	0.027251	0.042392	0.050207	0.055293	0.042905	0.057796	0.062958	0.064842	0.088795	0.086138	0.083458	0.07598	0.073052	0.084235	0.081229	0.083388	0.07146	0.062729	0.063054	0.05285	0.06403	0.069051	0.061578	0.056237	0.050686	0.052107	0.053481	0.048337	0.03657	0.048352	0.049522	0.056293	0.058385	0.06098	0.069406	0.066136	0.071933	0.077723	0.07963	0.080041	0.07931	0.075269	0.069807	0.060115	0.061314	0.051821	0.056473	0.056099	0.048706	0.03952	0.043182	0.033805	0.048419	0.054057	0.04254	0.042941	0.029017	0.042191	0.051325	0.039772	0.039062	0.043418	0.05214	0.044368	0.047131	0.053138	0.052863	0.047515	0.045971	0.051199	0.055769	0.052658	0.046552	0.046804	0.047997	0.044224	0.034345	0.022453	0.046367	0.036815	0.041535	0.048406	0.040742	0.043064	0.043263	0.048792	0.052447	0.055965	0.04782	0.039545	0.043681	0.038515	0.036632	0.030223	0.03084	0.029844	0.0328	0.027415	0.026113	0.026173	0.023548	0.024432	0.033631	0.023005	0.023885	0.018103	0.027646	0.032514	0.039805	0.03904	0.05308	0.053727	0.058046	0.077117	0.081675	0.073203	0.074644	0.093712	0.098182	0.10114	0.097169	0.095104	0.097326	0.087102	0.076228	0.051227	0.03463	0.031091	0.046407	0.038943	0.024886	0.021316	0.010836	0.024751	0.019077	0.023536	0.029887	0.013764	0.025767	0.027502	0.033197	0.037608	3.68E-02	0.047345	0.041107	0.054219	0.067665	0.092314	0.10599	0.10776	0.10057	0.092521	0.087335	0.08438	0.078667	0.070177	0.062272	0.058038	0.043001	0.051381	0.049371	0.042509	0.046219	0.042117	0.035552	0.032993	0.026805	0.034792	0.034548	0.028692	2.84E-02	0.02988	2.46E-02	0.023259	0.016994	1.75E-02	0.01322	0.011999	0.013199	0.010424	0.014435	0.014457	0.012855	0.014905	0.010992	0.013241	0.022318	0.014816	0.011355	0.019864	0.028368	0.02918	0.03057	0.031174	0.022631	0.020011	0.021172	0.020985	0.012403	0.014483	0.021199	0.023219	0.014178	0.011317	0.027152	0.027217	0.017786	0.029525	0.025609	0.029613	0.026153	0.03562	0.029599	1.42E-02	0.0105	0.017735	0.016232	0.011567	0.0024288	0.0068422	0.015809	0.01143	0.015688	0.024987	0.027579	0.031937	0.034015	0.020475	0.026096	0.02922	0.030825	0.024009	0.030485	0.035756	0.020924	0.026052	0.043269	0.043491	0.040063	0.027542	0.029559	2.90E-02	0.029217	0.043187	0.044057	0.034431	0.037877	0.036788	0.037533	0.039659	0.044973	0.035362	0.043822	0.043887	0.04322	0.046342	0.058232	0.048726	0.053197	0.046384	0.041803	0.041367	0.039255	0.040318	0.039148	0.039382	0.033937	0.030058	0.027794	0.032821	0.03998	0.042884	0.024256	0.02645	0.028363	0.029127	0.028591	0.031106	0.040077	0.032975	0.034819	0.044311	0.045599	0.038922	0.040548	0.052682	0.056737	0.056511	0.050089	0.04945	0.058323	0.056914	0.056197	0.055833	0.059441	0.061578	0.075208	0.072118	0.071109	0.071898	0.075518	0.086804	0.069865	0.080012	0.088106	0.092212	0.08762	0.085519	0.073388	0.060594	0.050412	0.044604	0.047167	0.050857	0.048078	0.041975	0.039156	0.037743	0.036449	0.0376	0.040567	0.03789	0.033489	0.03783	0.037941	0.024077	0.025535	0.02721	0.029644	0.020859	0.017254	0.030811	0.032642	0.033154	0.02579	0.019183	0.025602	0.027865	0.026427	0.0081001	0.014309	0.021173	0.016153	0.02294	0.0081312	0.020443	0.0086369	0.02267	0.019103	0.020945	0.021783	0.022772	0.017042	0.038051	0.028604	0.019686	0.028365	0.017698	0.010843	0.024464	0.028792	0.013222	0.011352	0.014595	0.021159	0.022479	0.022265	0.01175	0.014608	0.018021	0.026499	0.021038	0.023998	0.020702	0.015709	0.020993	0.0093272	0.01289	0.021423	0.030704	0.030052	0.011597	0.010458	1.76E-02	0.01319	0.014563	0.025506	0.021469	0.027539	0.01678	0.01363	0.024978	0.019406	0.0055967	0.020327	0.024532	0.037156	0.028754	0.025674	0.026619	0.037313	0.033338	0.044904	0.044196	0.037679	0.055941	0.062269	0.059561	0.075305	0.064672	0.056667	0.071372	0.064639	0.057778	0.058291	0.05809	0.049999	0.052233	0.058764	0.053892	0.04286	0.040733	0.043987	0.038332	0.034725	0.031758	0.032977	0.032803	0.033901	0.02284	0.025101	0.026109	0.025247	0.033226	0.028415	0.01876	0.032948	0.033605	0.026655	1.11E-02	0.0067757	0.01463	0.012749	0.0090011	0.0068091	0.012061	0.0096909	0.01843	0.022669	0.014542	0.016985	0.015147	0.015465	0.00029509	0.0044286	0.011834	0.013602	0.017553	0.019593	0.024152	0.024446	0.012641	0.0054674	0.01361	0.031871	0.023241	0.017539	0.027013	0.031061	0.030086	0.037834	0.043776	0.037127	0.033662	0.033232	0.044945	0.046484	0.046401	0.042916	0.036784	0.028262	0.027275	0.031209	0.040394	0.030748	0.023201	0.034113	0.034122	0.026977	0.015381	0.029628	0.025339	0.0208	0.018613	1.55E-02	0.025887	0.024692	0.022847	0.0099522	0.010923	0.012603	7.68E-03	0.017818	0.015249	0.011167	0.015548	0.0079467	0.01035	0.021865	0.012606	0.0051726	0.013651	0.0066526	1.49E-03	0.0038169	0.010671	0.013988	0.0046208	0.020314	0.0097324	0.0039277	-0.0018845	0.0081709	0.010107	0.007264	7.78E-03	2.70E-03	-0.0092508	-3.69E-03	-0.0059133	0.00047241	0.00349	-9.69E-04	0.0015636	0.019497	1.13E-02	0.0046522	8.60E-03	0.0033364	0.010515	5.45E-03	0.014677	0.0012826	9.03E-03	0.0061234	1.84E-03	0.00061187	4.20E-03	0.0051555	4.58E-03	0.010226	0.011782	0.017416	0.017557	0.0061098	2.62E-03	0.0156	0.0096546	-0.0011259	0.0035291	0.015241	1.36E-02	1.74E-02	1.29E-02	0.0081726	0.017542	1.34E-02	9.26E-05	-0.0047958	0.0067349	1.84E-03	0.0055183	0.018179	3.56E-03	0.0099371	1.24E-02	0.017181	0.0047708	-8.47E-04	-2.48E-03	0.0038859	2.47E-03	0.0082221	0.0083715	0.0018692	0.010014	0.0064946	-0.00072697	-0.0062574	-3.71E-03	6.64E-03	-0.0051886	0.0051045	-0.0032325	-2.00E-03	0.0032213	7.57E-03	-9.76E-04	-0.0016533	1.44E-05	1.38E-02	0.011829	8.15E-03	0.0056691	-6.66E-04	-1.17E-02	8.84E-04	-0.0052554	2.51E-03	-0.0001175	0.0056744	-4.30E-05	-0.0016182	n
0.014443	0.0089319	0.0086627	1.59E-02	0.013243	0.0022712	-0.0087499	-0.00088821	1.07E-02	0.0048602	-0.0020469	-0.011186	-0.014973	-0.013715	-7.99E-04	-4.62E-03	4.72E-03	-0.00076504	-4.24E-03	-0.00036996	0.00095808	0.0052161	4.45E-03	7.73E-03	-7.35E-04	0.0023596	0.011267	1.23E-04	0.012374	0.0079218	0.009902	0.0057467	1.60E-02	0.020573	0.029721	2.24E-02	0.022241	2.01E-02	0.021822	0.025861	0.023165	1.35E-02	0.019345	0.030343	0.030577	0.027892	0.022743	0.019582	0.027835	0.033229	0.032106	0.031642	0.038902	0.03836	0.030467	0.029355	0.027122	0.044681	0.042705	0.046284	0.040727	0.035227	0.036455	0.032861	0.030802	0.019737	0.02444	0.020836	0.025331	0.026858	0.037381	0.035079	0.038069	0.040348	0.039468	0.039369	0.036028	0.026485	0.034176	0.032666	0.04599	0.057531	0.061853	0.052485	0.065109	0.070387	0.076266	0.094114	0.090944	0.087494	0.079827	0.080846	0.088425	0.080524	0.083717	0.069393	0.062832	0.067166	0.056999	0.0671	0.069007	0.063455	0.060335	0.058291	0.060828	0.057791	0.054144	0.044316	0.05437	0.051417	0.056981	0.061596	0.064141	0.072479	0.070776	0.073527	0.080286	0.084956	0.083405	0.078539	0.074002	0.068113	0.058765	0.060618	0.048648	0.05466	0.050276	0.042183	0.039731	0.047405	0.038871	0.04825	0.052677	0.043237	0.043617	0.032633	0.044059	0.05129	0.039949	0.038419	0.041334	0.048578	0.043557	0.047654	0.050422	0.054157	0.051735	0.046528	0.050801	0.048811	0.048648	0.047265	0.048187	0.050004	0.045628	0.03548	0.026493	0.047933	0.040444	0.044513	0.050395	0.042563	0.044666	0.049921	0.051709	0.052188	0.06089	0.057068	0.045607	0.047513	0.037566	0.043154	0.033983	0.033698	0.030733	0.032639	0.027729	0.02973	0.028191	0.02046	0.018049	0.028242	0.017376	0.023815	0.022096	0.029398	0.031541	0.040756	0.043087	0.055809	0.058746	0.062571	0.077005	0.084896	0.078513	0.07669	0.090966	0.0929	0.10131	0.098695	0.091625	0.094833	0.084282	0.073178	0.054249	0.034735	0.029855	0.042141	0.039937	0.025068	0.022044	0.0095734	0.020573	0.01725	0.023243	0.027494	0.013148	0.024175	0.029148	0.030064	0.036756	0.044973	0.051284	0.050134	0.061249	0.07335	0.10089	0.11019	0.11123	0.10269	0.090881	0.084016	0.080756	0.076061	0.067932	0.058144	0.053904	0.04088	0.046083	0.046886	0.037216	0.041031	0.038047	0.032064	0.027705	0.023636	0.029128	0.028372	0.023812	0.022709	0.026171	0.023461	0.017607	0.010772	0.013756	0.012164	0.0097637	0.016338	0.017005	0.019097	0.01457	1.18E-02	0.016505	0.013294	0.015884	0.019969	0.011835	0.011825	0.020302	0.022623	0.026212	0.028958	0.030208	0.022571	0.019243	0.019537	0.022526	0.015193	0.020621	0.026429	0.025159	0.014992	0.016357	0.030253	0.026618	0.014492	0.021138	0.019359	0.021508	0.023851	0.027612	0.023801	0.012832	0.0070888	0.011749	0.010996	0.0083702	-0.0015418	0.0050196	0.014552	0.010527	0.016544	0.023233	0.025599	0.03104	0.0299	0.021484	0.025623	0.026623	0.026474	0.022685	0.029348	0.033059	0.022025	0.027343	0.039598	0.039845	0.037479	0.030272	0.037538	0.029464	0.03054	0.041708	0.039495	0.030027	0.029012	0.032776	0.030283	0.03781	0.041078	0.036215	0.03999	0.039291	0.041737	0.041643	0.052931	0.047063	0.049379	0.042061	0.044011	0.039947	0.033921	0.031783	0.03309	0.034248	0.029132	0.027721	0.025211	0.029107	0.033564	0.0354	0.021333	0.020713	0.015907	0.023728	0.025649	0.029749	0.033121	0.028545	0.029144	0.042763	0.044261	0.037704	0.037462	0.048866	0.048939	0.050089	0.039547	0.041903	0.052758	0.052772	0.049116	0.047219	0.049486	0.050981	0.067674	0.063594	0.063639	0.064406	0.063552	0.079287	0.065344	0.075037	0.077243	0.081809	0.072881	0.071528	0.063081	0.052864	0.043971	0.038558	0.035707	0.039163	0.039907	0.033284	0.02817	0.026709	0.027987	0.031693	0.030312	0.028268	0.027949	0.034124	0.030019	0.020322	0.019626	0.016349	0.021807	0.01428	0.0095156	0.02337	0.019456	0.022752	0.014261	0.0074668	0.020615	0.018659	0.013284	-0.0010429	0.0082801	0.014384	0.0091913	0.016086	0.0011921	0.013838	-1.31E-03	0.017181	0.012581	0.018813	0.019458	1.97E-02	0.015924	0.03417	0.023141	0.016615	0.020326	0.014198	0.0096548	0.017564	0.021249	0.008258	0.0047245	0.010987	0.011735	0.014505	0.018526	8.70E-03	0.0065941	1.04E-02	0.020866	0.011761	0.015653	0.017133	0.017154	0.020946	0.0092853	0.01338	0.019104	0.024616	0.020026	0.0078505	0.0071257	1.03E-02	0.0076603	0.011711	0.02199	0.017799	0.019733	0.011208	0.0060212	0.017744	0.017942	0.0039404	0.013201	0.021108	0.030892	0.026266	2.04E-02	0.02373	0.033372	0.033865	0.041535	0.044989	0.03938	0.06167	0.065146	0.065116	0.080839	0.077522	0.071226	0.081337	0.077743	0.072652	0.073184	0.070236	0.0642	0.064164	0.069724	0.063294	0.052271	0.054696	0.058501	0.053882	0.047766	0.043629	0.0457	0.042331	0.041589	0.029399	0.030285	0.034006	0.031458	0.036645	0.033927	0.025957	0.034597	0.037264	0.0342	0.017742	0.01124	0.013555	0.01545	0.013146	0.010736	0.01265	0.01531	0.019765	0.024138	0.01848	0.020167	0.020942	0.019366	0.0061444	0.0098401	0.013452	0.016471	0.021703	0.026931	0.028759	0.026929	0.016626	0.0087665	0.019092	0.032557	0.023896	0.022482	0.025981	0.032875	0.029476	0.037707	0.045383	0.042001	0.039266	0.035523	0.043824	0.043981	0.042996	0.045109	0.035223	0.030324	0.029372	0.031668	0.038156	0.030681	0.017131	0.030104	0.030737	0.02668	0.015389	0.027727	0.021657	0.021717	0.022161	0.017439	0.023142	0.022478	0.017419	0.0097211	0.0092785	0.010407	0.012314	0.0207	0.01791	0.012633	0.017156	0.010493	1.24E-02	0.020694	0.012328	0.0091232	1.96E-02	0.0087926	0.0028618	0.0054805	0.01089	0.01387	0.0061675	2.11E-02	0.0095772	0.0022563	-0.0017882	0.008578	0.010352	0.0051356	0.0052276	0.00083496	-6.83E-03	-0.0043549	-4.07E-03	0.0013901	0.0086169	0.0060495	0.0070429	0.020267	0.019771	9.08E-03	0.0027411	0.0020557	0.010347	0.0093014	0.013395	0.0021385	0.0092044	0.0074404	0.0059257	0.0038608	0.0043159	0.0043886	0.0042171	7.40E-03	0.010024	0.015635	0.014591	0.0048854	0.0011427	1.15E-02	7.96E-03	0.00093929	0.0072663	0.014456	1.00E-02	0.013752	0.0082273	0.0027727	0.015595	0.011391	-0.0023927	-0.0068614	5.17E-03	-0.0011347	4.79E-03	0.013489	-4.03E-03	6.17E-05	0.0043429	0.0073125	-0.003224	-0.0045871	-0.0062334	0.0051294	0.0034902	8.99E-03	0.010368	0.0083661	0.01282	5.00E-03	-0.0017505	-0.0032474	-0.004225	7.85E-03	-3.13E-03	0.0021205	-1.21E-03	3.46E-03	0.011291	0.012446	2.05E-03	-0.0040077	0.0023433	0.009884	8.83E-03	8.22E-03	0.0093018	0.0018615	-6.75E-03	0.0041538	-0.0030813	0.0031121	-4.96E-03	1.46E-03	-0.002004	-0.00056687	n
0.0032309	0.0044785	1.32E-02	0.011274	-0.00049567	-0.0067046	-0.0018	0.011474	5.53E-03	0.00072195	-0.013532	-1.51E-02	-0.014635	-0.0064379	-1.01E-02	-2.73E-05	-0.0014117	-0.0023396	-0.0005036	0.0071566	0.0056565	0.0056143	7.03E-03	0.0023064	0.0036138	7.19E-03	0.0018053	0.010667	2.96E-03	7.94E-03	7.41E-03	1.26E-02	0.020821	0.032576	2.37E-02	2.39E-02	0.02175	2.10E-02	0.025991	0.02351	0.016715	0.021868	0.031153	0.02992	0.031091	0.028477	2.59E-02	0.030043	0.035084	0.038036	3.78E-02	0.0415	0.043292	0.034699	0.034639	0.031703	0.044325	0.047458	0.054946	0.047074	4.26E-02	0.040468	0.03961	0.034842	0.027526	0.03657	0.028661	0.032465	3.42E-02	0.038855	0.03852	0.041143	0.045638	0.043886	0.044656	0.039636	0.030906	0.039612	4.15E-02	0.050039	0.063054	0.06695	0.06041	0.070307	0.078496	0.085942	0.095286	0.093199	0.090319	0.082843	0.086452	0.091272	0.078263	0.081402	0.067809	0.064525	0.06937	0.061039	0.068814	0.068325	0.064835	0.063565	0.062765	0.069121	0.06325	0.059835	0.052761	0.062402	0.05607	0.05952	0.065534	0.069163	0.074028	0.075155	0.073984	0.079911	0.084843	0.083152	0.074868	0.071355	0.064402	0.055506	0.061783	0.04595	0.051666	0.045543	0.035807	0.041127	0.050374	0.045457	0.047389	0.051053	0.040062	0.040349	0.034177	0.04275	0.04926	0.040149	0.038488	0.038786	0.044698	0.04115	0.045392	0.046067	0.054165	0.054434	0.045574	0.050372	0.042672	0.042472	0.047833	0.046947	0.050105	0.044482	0.036149	0.030231	0.04673	0.043133	0.044915	0.051284	0.043757	0.047243	0.052773	0.052228	0.052542	0.064141	0.064154	0.05232	0.051613	0.038467	0.048522	0.038395	0.034911	0.029032	0.028562	0.025773	0.030656	0.026767	0.017761	0.011603	0.021446	0.012046	0.023055	0.026989	0.031525	0.031876	0.041398	0.046655	0.05786	0.063194	0.068389	0.077667	0.087565	0.082472	0.078141	0.087159	0.088526	0.099164	0.099747	0.087233	0.088819	0.078007	0.06632	0.053478	0.032628	0.027939	0.03633	0.037321	0.02452	0.021834	0.0072646	0.014297	0.014836	0.020555	0.023624	0.013789	0.023193	0.029614	0.026907	0.035549	0.050948	0.053526	0.059109	0.069293	0.077941	0.10456	0.1087	0.10817	0.097704	0.084199	0.075843	0.073123	0.069312	0.063758	0.051316	0.049323	0.038465	0.038518	0.041627	0.027927	0.031631	0.032102	0.026577	0.020357	0.017235	0.021776	0.020572	0.01965	0.019351	0.020458	0.020688	0.009462	0.0046433	0.0098195	1.07E-02	6.14E-03	0.016781	0.020241	0.019059	0.01221	0.0095009	0.015343	0.014647	0.017447	0.01857	0.01302	0.012139	0.019922	1.71E-02	2.12E-02	0.027842	0.029531	0.021137	0.018177	1.72E-02	0.023573	0.016327	0.02423	0.028964	0.025223	0.017065	0.021455	0.032407	0.026612	0.014755	0.013148	0.014685	0.013643	0.021512	0.021566	0.019236	0.013546	0.0046056	0.0076012	0.0089064	0.0082691	0.00049384	0.0086345	0.015819	0.010936	0.01671	0.01928	0.02128	0.029863	0.026225	0.023246	0.026148	0.022689	0.022509	0.02393	0.027235	0.029129	0.024363	0.02802	0.03503	0.03579	0.034664	0.032325	0.043181	0.027485	0.030646	0.038499	0.034605	0.026064	0.022296	0.030531	0.026772	0.037391	0.037604	0.038161	0.039427	0.036123	0.039651	0.036165	0.047503	0.043934	0.043984	0.036216	0.044401	0.03711	0.029874	0.025539	0.027592	0.02819	0.024446	0.024376	0.021532	0.022622	0.023739	0.026962	0.018282	0.016507	0.0068006	0.020543	0.02465	0.030242	0.029435	0.026374	0.026464	0.037813	0.040976	0.036533	0.034845	0.045149	0.042436	0.043632	0.032126	0.03685	0.046098	0.047612	0.041642	0.039328	0.042693	0.042712	0.057796	0.054234	0.054407	0.056294	0.05282	0.070438	0.060834	0.068304	0.064653	0.070455	0.05871	0.057795	0.052222	0.045744	0.039448	0.034099	0.026807	0.029131	0.031292	0.02435	0.0195	0.01765	0.021616	0.027246	0.020808	0.018954	0.019833	0.028653	0.021102	0.01556	0.012463	0.006059	0.012107	0.0083891	0.0016194	0.014129	0.0062362	0.010355	0.0042323	-0.00097283	0.016178	0.0092673	0.001796	-0.0076847	0.0035754	0.010241	0.0037871	0.0082529	-0.0040734	0.0058442	-0.011306	0.011515	0.0060329	0.014676	0.016073	0.016391	0.013137	0.027652	0.015216	0.013726	0.012469	0.0091916	0.0071491	0.010795	0.012208	0.0026789	0.00020699	0.007816	0.0025302	0.0064948	0.01415	5.19E-03	0.00083813	0.0060684	1.58E-02	0.0063337	0.0075113	0.011764	0.015917	0.017191	0.0066038	0.011109	0.013615	0.015759	0.008801	0.0012011	0.0010479	0.002314	0.0014851	0.0083012	0.016765	0.012967	0.011059	0.0059522	8.44E-05	0.011026	0.014563	0.0028274	0.0062395	0.015489	0.023555	0.021644	0.015245	0.020033	0.030166	0.035304	0.040495	0.046041	0.041519	0.065751	0.067744	0.070795	0.08588	0.091034	0.086956	0.089843	0.090655	0.086738	0.084863	0.081304	0.076504	0.075436	0.079649	0.071299	0.06124	0.06632	0.070479	0.067685	0.058036	0.054441	0.057034	0.052135	0.049848	0.036827	0.035821	0.042342	0.038758	0.041457	0.040092	0.033169	0.036108	0.039682	0.040296	0.02642	0.0203	0.016946	0.022743	0.018438	0.01708	0.017035	0.020998	0.021091	0.024527	0.021541	0.022966	0.027243	0.022497	0.012466	1.52E-02	0.018327	0.022265	0.026157	0.031859	0.032017	0.029199	0.022323	0.013498	0.022315	0.030009	0.023301	0.026639	0.026727	0.034416	0.030697	0.038986	0.046343	0.04289	0.039898	0.036014	0.041773	0.039723	0.038246	0.04486	0.034828	0.032814	0.031215	0.032597	0.033335	0.028079	0.013082	0.024777	0.025935	0.025509	0.017635	0.026087	0.018959	0.022424	0.024521	0.019047	0.020341	0.019219	0.011903	0.0099412	0.0083769	0.010141	0.016402	0.023533	0.02063	0.014061	0.016812	0.012486	1.46E-02	0.017768	0.008599	0.010562	0.021247	0.010586	0.0064585	0.010441	0.011871	0.013913	0.0048175	0.017975	0.009665	0.0031137	0.0020899	0.010328	0.011293	0.0046787	0.006171	-0.0010252	-0.0046248	-0.0048513	-0.0051581	-0.00096115	0.0092575	0.011061	0.011084	0.018833	0.026163	1.25E-02	-0.002577	2.11E-03	0.0095448	1.20E-02	0.01211	0.0037912	0.0089365	8.13E-03	0.0083085	0.003816	3.58E-03	5.00E-03	0.0036862	4.01E-03	0.0046196	1.14E-02	0.011428	0.0019534	-0.0023087	0.0076147	0.0065586	0.001824	0.010092	1.30E-02	0.0081339	0.012053	0.004879	-1.15E-03	1.08E-02	6.34E-03	-0.0044381	-8.22E-03	0.0022123	-0.0030172	0.0045449	0.009968	-0.0085468	-8.77E-03	-3.53E-03	-2.13E-03	-8.66E-03	-6.58E-03	-8.21E-03	7.19E-03	0.0069126	0.0088191	0.01173	0.01266	0.012786	3.56E-03	-2.42E-03	-0.00048492	-0.002994	7.74E-03	-2.13E-03	-1.60E-03	1.12E-03	0.0085611	1.56E-02	0.015342	0.0045799	-0.0037835	0.0033111	6.08E-03	0.0058815	0.0053058	0.010453	3.92E-03	-0.00010229	0.0061484	-1.01E-03	0.0056718	-0.0086836	-0.0030469	-3.68E-03	-6.07E-06	2.67E-03	n
-0.0015813	0.00060659	0.011625	0.012405	-1.22E-03	-3.95E-03	-0.0013998	0.013693	7.67E-03	0.0035407	-1.21E-02	-9.66E-03	-0.010327	-9.62E-03	-1.46E-02	-2.91E-03	0.00062302	0.0037354	3.42E-03	0.015679	0.0094932	9.30E-03	0.0097654	0.0079483	0.005084	7.26E-03	7.84E-03	0.012526	0.0055444	0.011413	0.015808	0.01318	0.020706	0.036439	0.026447	0.027069	0.022754	0.018968	0.023974	0.022446	0.021444	2.66E-02	0.030623	2.81E-02	0.03338	0.033618	0.030582	0.032269	3.85E-02	0.044624	4.28E-02	0.041683	0.046035	3.75E-02	0.038453	0.035787	0.042052	0.049232	5.86E-02	0.053325	0.049591	0.041746	0.042768	0.036488	0.035682	0.047126	0.03783	0.040345	0.041324	0.040503	0.043789	0.046416	0.050799	0.047892	0.04788	0.04399	0.03746	0.045332	0.052345	0.054349	0.066772	0.071256	0.066872	0.075059	0.086933	0.093221	0.09415	0.094428	0.092698	0.085249	0.089773	0.0936	0.077209	0.077456	0.067325	0.06673	0.070158	0.065183	0.069907	0.067471	0.065214	0.065023	0.063773	0.075849	0.068508	0.064758	0.059977	0.068747	0.062245	0.064494	0.069743	0.074972	0.074664	0.079075	0.075299	0.07771	0.080326	0.080571	0.070502	0.069299	0.060959	0.052702	0.064503	0.044116	0.048164	0.043011	0.031355	0.042806	0.051385	0.05082	0.04587	0.049807	0.034724	0.035115	0.0337	0.039155	0.046144	0.039483	0.038692	0.037471	0.042361	0.03922	0.043744	0.043887	0.054527	0.056563	0.044908	0.049699	0.039079	0.037821	0.050134	0.04611	0.050592	0.042518	0.036014	0.03303	0.043057	0.044375	0.044062	0.051723	0.04539	0.05073	0.05197	0.050239	0.05284	0.065027	0.067663	0.05857	0.05582	0.041867	0.052936	0.043082	0.035169	0.026735	0.022371	0.022816	0.029076	0.022285	0.015347	0.0064278	0.016211	0.010061	0.023209	0.032811	3.42E-02	0.033579	0.042818	0.050308	0.060203	0.067376	0.074857	0.079759	0.090385	0.084832	0.079821	0.083718	0.085754	0.095239	0.099894	0.0834	0.081144	0.069692	0.057843	0.049637	0.029634	0.026082	0.030444	0.030595	0.023159	0.020919	0.0058495	0.007493	0.012788	0.016547	0.018983	0.015389	0.023769	0.029568	0.024475	0.03443	0.053922	0.054004	0.066456	0.076868	0.080729	0.10207	0.10192	0.099913	0.08672	0.073804	0.064683	0.063067	0.060532	0.0586	0.044363	0.045283	0.036654	0.031665	0.035627	0.01715	0.021717	0.026639	0.02091	0.012726	0.0095459	0.013977	0.013595	0.017043	0.018582	0.01412	0.016345	7.52E-04	-6.23E-05	0.0065901	0.0082964	0.0018538	0.014804	0.019517	0.014415	0.0077017	0.0060246	0.011961	0.015238	0.017895	0.019372	0.017851	1.33E-02	0.019489	0.014651	0.015744	0.026502	0.02785	0.018291	0.01563	0.01335	0.022713	0.014829	0.024843	0.028867	0.023809	0.020025	0.025468	0.033573	0.026214	0.017734	0.0078577	0.012504	0.0080213	0.021374	0.019706	0.017735	0.017201	0.0045348	0.0079231	0.011167	0.011202	0.0082278	0.01564	0.019063	0.0133	0.016612	0.014051	0.015129	0.027992	0.024291	0.024309	0.027962	0.020177	0.01982	0.026993	0.024212	0.024174	0.027384	0.028443	0.030707	0.03163	0.033102	0.033444	0.044888	0.024528	0.030565	0.035245	0.031289	0.023328	0.018583	0.030296	0.02639	0.037717	0.034828	0.039901	0.041245	0.033658	0.035129	0.029768	0.042225	0.03954	0.037623	0.029727	0.042237	0.034428	0.028055	0.022333	0.024501	0.022237	0.020284	0.020528	0.016848	0.014014	0.012265	0.019092	0.015491	0.014788	0.0028639	0.018072	0.022715	0.031002	0.028223	0.025109	0.02665	0.02997	0.035724	0.035292	0.033286	0.042768	0.038832	0.038331	0.028807	0.035318	0.040075	0.04304	0.035999	0.033844	0.039889	0.037869	0.04811	0.045303	0.045599	0.049219	0.045165	0.060316	0.055557	0.059198	0.051417	0.060401	0.047993	0.047259	0.043082	0.039324	0.036446	0.031358	0.021885	0.022429	0.023864	0.01677	0.014259	0.012921	0.018747	0.024773	0.013827	0.011094	0.010377	0.022123	0.011679	0.0095125	0.0049842	-0.0012618	0.0025069	0.0038515	-0.0037515	0.0060868	-0.0034731	-0.0011728	-0.0019727	-0.00472	0.012435	0.0018682	-0.0049456	-0.010093	0.00072895	0.009097	-9.85E-05	0.00043028	-0.0073426	-0.0017084	-0.01947	0.0073231	0.00049398	0.0097678	0.012955	0.01358	0.0089347	0.019033	0.0065968	0.011238	0.0069458	0.0038574	0.0034701	0.0046746	0.0039149	-0.0018424	-0.0018794	0.0049064	-0.0046858	4.61E-05	0.0096144	0.00052778	-0.0027432	0.004149	1.24E-02	0.0052975	0.0021352	0.0064452	0.013309	0.012017	0.0025215	0.0072908	0.0063847	0.0058382	-0.0014497	-0.0055516	-0.0068146	-0.0046449	-0.0043001	0.0053876	0.010751	8.60E-03	0.0044241	2.90E-03	-0.0036118	0.0049185	0.010239	0.0026838	0.0013303	0.0085568	0.016335	0.015729	0.011383	0.017281	0.028005	0.036357	0.040188	0.045894	0.043783	0.067144	0.069298	0.075194	0.088793	0.10095	0.098822	0.094277	0.1001	0.096475	0.09005	0.089403	0.083412	0.082765	0.085753	0.075908	0.067442	0.072492	0.076223	0.074753	0.063378	0.061669	0.06512	0.059612	0.055344	0.042282	0.039888	0.049234	0.045463	0.046986	0.04619	0.039267	0.037485	0.040266	0.044183	0.035509	0.031357	0.023427	0.032139	0.022956	0.023155	0.023209	0.025228	0.022207	0.023876	0.022852	0.024231	0.032054	0.023436	0.01674	0.018995	2.44E-02	0.028982	0.03022	0.032491	3.24E-02	0.030026	0.026901	0.017393	0.022646	0.026098	0.02147	0.027564	0.027455	0.035647	0.032677	0.03979	0.045527	0.040052	0.035694	0.032992	0.038141	0.033595	0.031866	0.04042	0.034056	0.034068	0.032439	0.033637	0.026651	0.022438	0.011613	0.020163	0.021508	0.022812	0.020202	0.023728	0.016912	0.022613	0.024688	0.019748	0.016925	0.015133	0.0071085	0.01016	0.008641	0.011056	0.019201	0.023754	2.15E-02	0.015008	0.015187	0.013936	1.62E-02	0.013659	2.89E-03	0.010166	0.017883	0.010366	0.010749	0.017995	1.39E-02	0.012943	0.0014121	0.011586	0.0091849	0.0054109	8.39E-03	0.012221	0.012173	4.95E-03	0.0092651	-0.0030449	-0.0032758	-4.72E-03	-0.0086328	-0.0053567	0.0065817	1.28E-02	1.26E-02	0.016353	2.94E-02	0.014417	-6.04E-03	0.0031985	0.0088822	0.011404	0.010025	4.77E-03	0.0073348	0.0073992	7.81E-03	0.00080222	2.30E-03	5.58E-03	3.89E-03	1.00E-03	-0.0023196	5.71E-03	0.0089773	-1.75E-03	-6.45E-03	5.02E-03	5.28E-03	1.08E-03	1.20E-02	1.14E-02	0.0078846	0.01185	2.24E-03	-2.34E-03	5.68E-03	0.00054571	-0.0052331	-0.007774	-0.001129	-0.0028436	4.17E-03	7.79E-03	-0.0093014	-0.014006	-0.0087325	-0.0091849	-1.13E-02	-0.0078207	-0.0076423	1.02E-02	1.21E-02	0.0073371	0.010988	1.36E-02	1.12E-02	2.28E-03	-0.0039582	-0.00038808	-0.0020171	5.86E-03	-0.0021871	-4.46E-03	3.21E-03	0.011412	1.47E-02	0.014911	0.0053613	-0.0015241	0.0030434	3.25E-03	0.003788	-0.00035282	0.0081808	4.92E-03	6.64E-03	0.0054871	-0.00047381	0.008361	-9.81E-03	-6.06E-03	-3.74E-03	-0.0007786	1.20E-03	n
-0.0040398	-1.00E-03	1.30E-02	0.016636	9.94E-04	-2.99E-04	0.0012906	0.018002	1.15E-02	0.0068105	-0.0060262	-9.18E-04	-3.08E-03	-0.010722	-0.018216	-0.0038713	5.79E-03	1.32E-02	1.11E-02	0.025437	1.69E-02	1.60E-02	0.015137	0.014277	0.0068093	0.01115	1.63E-02	1.71E-02	1.61E-02	0.019266	2.95E-02	0.017175	0.019729	0.039584	0.029873	3.22E-02	0.024377	0.016847	0.019288	0.019219	0.026767	0.03243	2.95E-02	0.026586	0.033741	0.03708	0.031928	0.033211	0.041771	0.049214	0.046522	0.041289	0.048814	0.03918	0.041069	3.94E-02	0.040482	0.050388	5.76E-02	0.058362	0.054174	0.040751	0.043622	0.037386	0.043265	0.05492	0.04674	0.047876	0.046556	0.0429	0.050228	0.052892	0.05493	0.051321	0.048394	0.048324	0.045552	0.052554	0.063691	0.058671	0.068936	0.075712	0.07253	0.081163	0.094902	0.097908	0.09254	0.096023	0.094747	0.086983	0.091347	0.09658	0.079614	0.074094	0.069178	0.068934	0.07073	0.069553	0.072076	0.067448	0.064879	0.064887	0.062996	0.080962	0.072944	0.068921	0.064918	0.071265	0.068376	0.071345	0.073137	0.080265	0.075368	0.082311	0.079017	0.07561	0.073623	0.076929	0.067349	0.069451	0.059671	0.052103	0.067671	0.043294	0.044999	0.043308	0.029745	0.044389	0.05082	0.053164	0.043951	0.049013	0.029559	0.030654	0.032505	0.034964	0.0432	0.038306	0.039024	0.038471	0.042243	0.039716	0.044893	0.046108	0.055685	0.058043	0.045366	0.048871	0.039141	0.037604	0.055588	0.048573	0.053844	0.041935	0.035489	0.034718	0.038393	0.044901	0.04338	0.051954	0.047988	0.055064	0.05003	0.047347	0.053063	0.064665	0.068049	0.063433	0.059363	0.04636	0.055961	0.046915	0.035119	0.026131	0.016648	0.019928	0.025786	0.016153	0.013672	0.0037722	0.014868	0.012484	0.025051	0.039256	0.037275	0.036209	0.045194	0.054728	0.064081	0.071689	0.081525	0.083626	0.094032	0.086075	0.081883	0.081782	0.084986	0.090101	0.098081	0.080248	0.073587	0.060241	0.049388	0.044318	0.027034	0.025248	0.02607	0.020278	0.020676	0.019415	0.0069407	0.0026549	0.012136	0.012507	0.01464	0.017537	0.026405	0.02992	0.023935	0.034231	0.054605	0.054517	0.071643	0.082791	0.081824	0.094414	0.09182	0.089365	0.072442	0.06233	0.053543	0.05287	0.052316	0.053228	0.040272	0.042729	0.03568	0.027586	0.031003	0.0083613	0.015578	0.023337	0.016994	0.006835	0.0029561	0.0072076	0.009276	0.015163	0.019325	0.0080776	0.01055	-0.0064607	-0.0020928	0.0055269	5.70E-03	-0.0019624	0.012244	0.01638	0.0066496	0.0017705	0.0014071	0.0076121	0.015017	0.017005	0.022165	0.023884	0.015379	0.019548	0.01704	0.012252	0.024522	0.023995	0.014259	0.0107	0.0073429	0.018709	0.01039	0.023138	0.026721	0.021766	0.022811	0.028105	0.034779	0.025054	0.021484	0.0058207	0.01311	0.0061848	0.025214	0.02272	0.020259	0.023911	0.007339	0.013508	0.017447	0.016312	0.019584	0.023213	0.022744	0.016977	0.016501	0.0089382	0.0082396	0.025071	0.024247	0.023926	0.031165	0.021623	0.018735	0.03089	0.020697	0.018706	0.030156	0.028772	0.0275	0.027506	0.032936	0.03328	0.042606	0.022153	0.030872	0.032835	0.030477	0.021928	0.017645	0.031223	0.027723	0.037743	0.03253	0.040378	0.043022	0.03053	0.026852	0.022484	0.03713	0.0338	0.030851	0.024079	0.037635	0.033705	0.028502	0.021979	0.025064	0.017332	0.017207	0.017393	0.012437	0.004987	0.0017934	0.012766	0.01331	0.015702	0.003802	0.014967	0.017931	0.030573	0.028307	0.023438	0.029385	0.021106	0.029318	0.034232	0.033501	0.043065	0.038921	0.035567	0.029598	0.036973	0.035927	0.040042	0.033159	0.032115	0.040776	0.035638	0.040207	0.037956	0.038818	0.044452	0.040883	0.049131	0.048899	0.048187	0.038963	0.053462	0.042553	0.04197	0.037165	0.033449	0.033635	0.029336	0.02037	0.018993	0.018313	0.011381	0.012106	0.012851	0.019487	0.024473	0.010307	0.005841	0.0014443	0.016085	0.0031341	0.0024515	-0.0016136	-0.0034549	-0.0044968	0.0010189	-0.0044101	0.0022906	-0.007263	-0.009913	-0.0039675	-0.0042785	0.0094259	-0.0021115	-0.0059208	-0.0083049	-0.00069307	0.010109	-0.002766	-0.0067571	-0.0090675	-0.0078032	-0.025046	0.0050364	-3.50E-03	0.0055463	0.011091	0.011982	0.0046113	0.009673	-0.00076316	0.0093586	0.0057597	0.000329	-0.00017047	0.00020492	-0.0014094	-0.0042625	-0.0017263	0.0018969	-0.0092321	-0.0044309	0.0050417	-0.0056745	-0.0055107	0.0020545	0.01011	0.0069834	0.00013028	0.0018809	0.010678	0.0078622	-0.0015472	0.0030273	-0.0012885	-0.0038137	-0.0096362	-0.0096	-0.014652	-0.009207	-0.0089191	0.0032953	0.0043672	0.0052996	0.001022	0.0027491	-0.0052175	-0.00071307	0.0061616	0.0033124	-7.94E-05	0.0020859	0.011398	0.0099834	0.0096319	0.016837	0.026926	0.035803	0.038882	0.043979	0.045956	0.066406	0.069479	0.076769	0.087916	0.10346	0.10276	0.093489	0.10394	0.099536	0.087353	0.093608	0.083643	0.084573	0.086524	0.075557	0.068681	0.071594	0.07388	0.07278	0.063263	0.063769	0.068865	0.062192	0.055714	0.043507	0.041206	0.053217	0.049822	0.052104	0.051798	0.043756	0.039256	0.040055	0.045722	0.042995	0.04146	0.031481	0.040881	0.025521	0.025895	0.027919	0.026213	0.02281	0.022515	0.021971	0.023715	0.033779	0.020979	0.017379	2.00E-02	2.95E-02	3.40E-02	0.032931	0.028902	0.029699	0.02873	0.027842	0.018916	0.020004	0.022289	0.018953	0.024183	0.026486	0.036673	0.03385	0.038421	0.042311	0.034924	0.028953	0.026506	0.03307	0.025902	0.024288	0.031594	0.031935	0.032583	0.033295	0.034016	0.020053	0.01499	0.012716	0.017423	0.018326	0.018218	0.020685	0.019975	0.015044	0.021959	0.022652	0.019567	0.012539	0.010009	0.0038765	0.010895	1.01E-02	0.011959	2.06E-02	2.00E-02	0.019051	0.016141	0.014041	1.52E-02	0.016958	0.0092759	-2.24E-03	0.0096495	9.77E-03	0.0058623	0.013087	2.58E-02	1.62E-02	9.24E-03	-0.002914	0.0040214	0.0073252	0.0073601	1.46E-02	1.24E-02	1.18E-02	4.82E-03	1.27E-02	-4.81E-03	-0.0031972	-3.45E-03	-1.28E-02	-9.87E-03	0.0027199	1.08E-02	1.09E-02	1.36E-02	2.97E-02	1.49E-02	-0.0074312	4.32E-03	0.0082985	6.54E-03	6.89E-03	0.0047173	0.0039905	5.11E-03	0.0039255	-0.0045825	0.001054	0.0049029	0.00587	-9.13E-04	-0.0086691	1.92E-06	7.68E-03	-4.72E-03	-0.0094578	0.003547	2.97E-03	-0.0013998	0.013204	0.010826	0.00957	1.17E-02	-0.00039684	-0.00055083	2.81E-03	-3.55E-03	-0.0036486	-4.87E-03	-3.98E-03	-7.51E-04	0.0032425	0.0068587	-6.67E-03	-0.014163	-9.67E-03	-0.012837	-0.012089	-0.0087207	-0.004276	1.44E-02	1.84E-02	0.0051458	0.0079154	1.18E-02	0.0095882	0.0018289	-6.70E-03	-0.0040265	-0.0028661	0.0025751	-0.0029044	-4.91E-03	4.43E-03	1.13E-02	9.65E-03	1.16E-02	3.96E-03	0.0016283	0.0023785	0.0013227	2.80E-03	-7.71E-03	0.0027654	4.62E-03	0.012118	0.0017205	-0.0027904	9.23E-03	-0.007767	-0.0062669	-0.0012811	-2.45E-03	-1.61E-03	n
0.020173	0.036609	0.02578	0.0090364	-0.0041137	-0.0066415	-4.29E-03	0.00065762	0.019057	0.023385	0.0067884	0.0050397	0.0059529	0.023045	1.55E-02	1.03E-02	0.0040407	8.54E-03	3.47E-03	-0.011522	-2.12E-02	-3.99E-03	0.014686	0.024682	0.02046	0.035277	0.027364	2.57E-02	0.021128	0.019778	0.0091569	0.017303	0.025338	0.023238	0.032211	0.02864	0.045577	0.022794	0.017637	4.01E-02	3.21E-02	0.038525	0.027372	0.015891	0.012364	1.32E-02	0.03134	0.037852	2.91E-02	0.026843	0.032065	0.038598	0.029496	0.031904	0.042818	0.049476	0.049876	0.042618	0.053547	0.039613	0.041853	0.041432	0.041531	0.053118	0.052971	0.061445	0.053864	0.038619	0.044409	0.038155	0.049249	0.06013	0.053373	0.053064	0.047615	0.045686	0.057043	0.059305	0.057738	0.054548	0.046243	0.052496	0.054191	0.06224	0.073831	0.062512	0.069328	0.08027	0.077576	0.089317	0.10142	0.10011	0.091004	0.098112	0.09542	0.087107	0.091572	0.10093	0.085826	0.073212	0.074345	0.071607	0.072501	0.074224	0.077511	0.069399	0.064759	0.064011	0.063173	0.085184	0.076638	0.072531	0.066877	0.069561	0.072884	0.078289	0.073756	0.083585	0.077095	0.084727	0.085712	0.075388	0.066874	0.07218	0.065691	0.072048	0.060735	0.054283	0.069719	0.043488	0.042864	0.046428	0.030947	0.046206	0.04962	0.052055	0.042061	0.048326	0.026408	0.029251	0.032151	0.03122	0.041087	0.037802	0.040353	0.041945	0.043496	0.043979	0.048878	0.052705	0.056626	0.057274	0.045795	0.047481	0.042902	0.042927	0.06424	0.055869	0.060574	0.044172	0.035611	0.035005	0.034362	0.045948	0.043426	0.051353	0.051269	0.060447	0.050872	0.045808	0.053264	0.065088	0.066688	0.065964	0.060894	0.048812	0.056434	0.047807	0.034485	0.028832	0.013658	0.017523	0.021688	0.010051	0.01372	0.0048112	0.018654	0.018249	0.028126	0.045729	0.040232	0.039002	0.047181	0.059543	0.069764	0.076218	0.088052	0.08823	0.098078	0.086476	0.083197	0.081408	0.086034	0.08394	0.092749	0.076104	0.06618	0.048936	0.041484	0.039403	0.02596	0.02619	0.024534	0.0080716	0.016776	0.017073	0.011263	0.0023294	0.01324	0.0093845	0.011794	0.019954	0.031119	0.031501	0.026387	0.036225	0.054707	0.05774	0.074615	0.086032	0.081537	0.0838	0.080228	0.07891	0.057384	0.051845	0.044693	0.044053	0.046744	0.04814	0.041815	0.042212	0.034645	0.026551	0.02913	0.0047637	0.016566	0.022409	0.016157	0.0041102	-0.0005069	0.0029749	0.0081444	1.15E-02	0.018805	0.0022964	3.24E-03	-0.010645	-0.00018346	0.0081267	0.0046085	-0.004101	0.011608	0.014008	-0.0018653	-0.004894	-0.0037647	0.0041706	0.013189	0.013723	0.024897	0.027625	0.016881	0.019611	0.024003	0.012626	0.02205	0.017379	0.0095058	0.0028758	-0.0018763	0.010506	0.0035128	0.020824	0.0236	0.020377	0.024557	0.030169	0.037457	0.023492	0.023592	0.005816	0.016046	0.0086651	0.033654	0.029943	0.027393	0.033666	1.27E-02	0.023349	0.026117	0.022364	0.031883	0.028738	0.024721	0.020367	0.016502	0.005447	0.0021808	0.021152	0.025122	0.022336	0.035384	0.027961	0.018718	0.034583	0.017066	0.013118	0.031583	0.028657	0.025642	0.023272	0.032428	0.031078	0.037393	0.021511	0.031215	0.030876	0.031922	0.021029	0.018401	0.031935	0.029327	0.036172	0.029921	0.038304	0.040792	0.02465	0.014197	0.014256	0.031177	0.025884	0.023875	0.02017	0.030354	0.035663	0.0304	0.023462	0.029616	0.013953	0.015933	0.016397	0.0106	-0.0020104	-0.0052989	0.0077944	0.012027	0.018807	0.0074349	0.010581	0.010082	0.027575	0.028579	0.020283	0.034008	0.013107	0.022861	0.033499	0.036183	0.046768	0.042366	0.036265	0.033667	0.040251	0.033757	0.038012	0.032387	0.034223	0.043776	0.033386	0.03385	0.032819	0.033925	0.042127	0.03837	0.036272	0.040322	0.036246	0.028021	0.049856	0.042443	0.042356	0.034437	0.027672	0.029092	0.026019	0.019833	0.016899	0.014075	0.00776	0.0115	0.015703	0.022874	0.025909	0.01011	0.0043007	-0.0049256	0.012316	-0.002569	-0.0049447	-0.0066562	0.00076829	-0.0069221	-1.98E-05	0.00079878	0.0046874	-0.0046243	-0.015459	-2.90E-03	-0.0011114	0.0073839	-0.0028182	-0.002686	-0.0041929	-0.0019171	0.011565	-0.00476	-0.013267	-0.010195	-0.012305	-0.028253	0.0037986	-0.005847	0.0028618	0.010764	0.011736	0.0016423	0.00081455	-0.0055902	0.0078311	0.010248	0.0011217	-0.0020892	-0.0014309	-0.0021867	-0.004372	0.00041574	-0.0019048	-1.14E-02	-0.0075919	2.24E-05	-0.013768	-0.0092166	-0.0031086	0.0080154	0.0086318	0.00042425	-0.0027592	0.0089727	0.0066146	-0.0045095	-0.00095199	-0.0088221	-0.012585	-0.0163	-0.0094545	-0.020542	-0.010734	-0.011954	0.0020507	-0.0025482	0.0024266	0.00051149	0.0053029	-0.0053639	-0.0060984	0.0033482	0.0041867	0.0025685	-0.0018855	0.011373	0.0059174	0.010096	0.019112	0.026362	0.032331	0.03482	0.040816	0.047954	0.065409	0.068231	0.073704	0.08147	0.095675	0.096142	0.087127	0.10099	0.094709	0.076858	0.093827	0.077649	0.08054	0.08114	0.068544	0.063108	0.063452	0.063869	0.062551	0.058824	0.060169	0.067825	0.057485	0.049517	0.039142	0.039478	0.053767	5.11E-02	0.055338	0.056242	0.046609	0.042144	0.041315	0.045083	0.047433	0.048312	0.039976	0.047042	0.026069	0.022655	0.027269	0.022294	0.022801	0.020478	0.018392	0.021669	0.031256	0.014135	0.014113	0.017424	0.032057	0.0346	0.032749	0.022709	0.024983	0.024894	2.33E-02	0.017271	0.014521	0.01863	0.016434	0.016602	0.022453	0.037285	0.032593	0.033862	0.036256	0.028766	0.022577	0.01794	0.027112	0.01703	0.016163	0.019562	0.028229	0.026983	0.034394	0.032812	0.016333	0.0083409	0.016364	0.016259	0.016214	0.011834	0.016701	0.014123	1.28E-02	2.03E-02	0.019339	1.95E-02	0.0078362	3.25E-03	2.74E-03	0.013137	0.011614	0.011045	0.020052	0.011535	0.012399	0.018281	1.51E-02	1.69E-02	1.71E-02	0.0055566	-0.0041293	0.010737	-0.0025533	-4.82E-03	0.010871	3.06E-02	1.66E-02	0.00059327	-0.0074598	-0.0021035	0.0034276	0.0072884	1.82E-02	0.0091804	0.0088818	0.0032143	0.014568	-5.39E-03	-0.0045648	-7.79E-04	-0.015478	-1.21E-02	1.40E-05	0.0054495	5.51E-03	1.02E-02	2.78E-02	1.40E-02	-7.50E-03	0.003868	0.0068016	-2.69E-03	2.84E-03	4.38E-03	-0.0011396	0.0013293	-3.77E-03	-0.011841	0.0010476	0.0027648	1.05E-02	-2.22E-03	-0.013116	-0.0046484	0.0072158	-5.43E-03	-9.63E-03	1.39E-03	-2.08E-03	-0.0054939	0.013967	0.013145	1.39E-02	1.00E-02	-0.0032553	3.63E-03	0.0034662	-0.0045804	1.62E-03	0.00087525	-5.91E-03	0.0020713	2.07E-03	7.45E-03	-1.45E-03	-0.0091397	-6.20E-03	-1.30E-02	-0.011964	-0.008388	2.02E-03	0.020252	2.58E-02	0.0034895	3.32E-03	0.0092913	0.0086345	3.40E-03	-0.0097356	-1.11E-02	-0.0061093	-1.36E-03	-0.0037582	-1.85E-03	3.48E-03	0.0084948	3.01E-03	0.0068392	0.00061654	0.0043478	0.002183	-0.00055055	2.21E-03	-1.59E-02	-4.50E-03	0.002906	0.015552	-0.0042458	-0.0081039	x
0.025407	0.051556	0.035543	0.011697	-0.0046574	-0.01239	-0.0043658	4.76E-03	0.03059	3.14E-02	0.016305	0.013266	0.010691	2.55E-02	1.66E-02	0.012564	1.70E-02	0.016474	0.0054103	-0.014029	-2.41E-02	-0.005302	2.75E-02	3.67E-02	0.027804	0.043896	0.039914	0.038273	0.025445	2.45E-02	1.35E-02	0.023839	3.36E-02	0.030608	0.049394	0.03536	0.060321	0.027297	0.014268	3.58E-02	3.02E-02	0.043526	0.031386	0.016538	0.0048787	0.0040502	0.03428	4.04E-02	0.030387	0.030203	0.028874	3.86E-02	0.024463	0.027941	0.040094	0.043394	0.05457	0.047926	0.060623	0.036671	0.038068	0.038233	0.04525	0.058062	0.046032	0.062202	0.04572	0.036433	0.047949	0.03771	0.052594	0.064408	0.056006	0.053174	0.042488	0.047694	0.06378	0.064521	0.059125	0.058063	0.041538	0.056538	0.061331	0.073822	0.080922	0.064945	0.06695	0.082938	0.081309	0.0987	0.10594	0.10053	0.088373	0.09941	0.092817	0.083578	0.090348	0.10647	0.09343	0.075145	0.082812	0.076685	0.07676	0.07956	0.089103	0.074578	0.066694	0.063543	0.067219	0.089748	0.080242	0.075749	0.064991	0.064771	0.074144	0.082223	0.068662	0.083113	0.080719	0.086818	0.095104	0.07814	0.061522	0.064406	0.063882	0.075507	0.061946	0.058813	0.069049	0.044869	0.042264	0.051925	0.034173	0.049328	0.049016	0.04889	0.041325	0.04772	0.026057	0.032421	0.0334	0.027208	0.039412	0.039661	0.044639	0.047112	0.043739	0.052459	0.053482	0.061326	0.055139	0.050955	0.042604	0.04407	0.049266	0.052852	0.073982	0.06779	0.069007	0.049282	0.038005	0.033014	0.032246	0.048496	0.043405	0.048388	0.054023	0.067806	0.059149	0.047558	0.052975	0.068699	0.065205	0.064834	5.83E-02	0.044645	0.052434	0.042252	0.031145	0.03497	0.01461	0.0155	0.017472	0.00559	0.017062	0.010899	0.027832	0.02467	0.030581	0.051299	0.042616	0.04148	0.045897	0.062455	0.075939	0.08077	0.094112	0.090446	0.10059	0.08587	0.08146	0.081645	0.08824	0.07713	0.08266	0.067912	0.056362	0.033266	0.033998	0.037215	0.028003	0.029401	0.027317	-0.0023093	0.011667	0.013385	0.018822	0.0086415	0.015306	0.0075211	0.011674	0.022541	0.037552	0.034909	0.032484	0.042499	0.056546	0.066589	0.075177	0.085188	0.079957	0.072984	0.068139	0.069554	0.043348	0.042982	0.038871	0.03694	0.045696	0.044327	0.051942	0.043845	0.031234	0.027119	0.030587	0.0086829	0.026347	0.022118	0.019177	0.0051972	0.00072461	0.0029189	0.0095423	0.0021797	0.01209	-0.0040007	-0.0057458	-0.010832	0.007539	0.015524	0.0075194	-0.0037501	0.014995	0.016405	-0.0080244	-0.011987	-0.0078116	0.0043718	0.0078553	0.0056655	0.023446	0.024849	0.013846	0.01759	0.03325	0.017823	0.020146	0.0087751	0.0049294	-8.33E-03	-0.016057	-0.0028422	-0.0044992	0.020431	0.02115	0.021579	0.025305	0.033591	0.042859	0.022704	2.17E-02	0.0052167	0.01999	0.014613	0.045793	0.040064	0.040291	0.04682	0.020278	0.035206	0.034887	0.028634	0.043002	0.030459	0.02254	0.021409	0.016755	0.00505	-0.00097836	1.69E-02	0.025012	0.020743	0.039515	0.037385	0.018056	0.036873	0.013475	0.0074929	0.030884	0.026988	0.024529	0.018513	0.027552	0.025298	0.030711	0.023124	0.030049	0.028085	0.034704	0.018984	0.019306	0.031447	0.030424	0.031466	0.025591	0.031229	0.029028	0.013332	-0.0026707	0.0047521	0.021611	0.013928	0.016788	0.017612	0.018561	0.038887	0.032217	0.025285	0.03793	0.012385	0.017958	0.019146	0.014703	-0.0037806	-0.0076659	0.0025719	0.012223	0.023717	0.010288	0.0051222	0.001011	0.020453	0.028689	0.015265	0.039754	0.0069422	0.017623	0.033294	0.042541	0.053611	0.047771	0.040865	0.039826	0.043017	0.033016	0.034603	0.0316	0.038282	0.046209	0.027305	0.027269	0.030458	0.029064	0.041343	0.034824	0.020189	0.029742	0.025039	0.018593	0.048074	0.046288	0.047436	0.033331	0.021714	0.020949	1.87E-02	0.016787	0.012668	0.0097999	0.0044678	0.010193	0.01785	0.027433	0.027794	0.012293	0.0079294	-0.0060847	1.25E-02	-2.57E-03	-1.18E-02	-0.01065	0.011419	-0.004069	0.0009955	1.23E-02	1.39E-02	0.0029288	-0.018429	-0.00035939	0.0037411	0.0073039	-2.13E-03	0.0010124	-0.0013499	-4.56E-03	0.011399	-6.61E-03	-1.93E-02	-0.011626	-0.015225	-0.02988	0.0016083	-0.006368	0.0015806	0.011806	0.012347	0.00063457	-7.03E-03	-0.007368	0.0057189	0.020887	0.0088397	-0.00047668	0.0011529	0.0022654	-2.76E-03	0.0048247	-0.0075367	-0.011836	-0.010676	-0.006538	-0.024343	-0.014946	-0.012815	0.0059158	0.0077444	0.0013482	-0.009288	0.0088874	0.0095129	-0.0058015	-0.0040701	-0.016548	-0.020196	-0.023522	-0.0055722	-0.022772	-0.0092542	-0.013265	0.0019253	-0.010403	-0.001443	0.001786	0.0099487	-0.0045474	-0.011002	0.0032551	0.0049615	0.0089655	-0.0012128	0.019084	0.0047795	0.012212	0.023368	0.025033	0.024151	0.026076	0.038187	0.049818	0.066893	0.065348	0.06349	0.067427	0.075417	0.07724	0.074951	0.091028	0.081607	0.059695	0.091077	0.06707	0.070973	0.068812	0.052304	0.049387	0.04911	0.048665	0.047622	0.052628	0.051122	0.062368	0.043366	0.03552	0.028505	0.035575	0.051301	0.050452	5.46E-02	0.05749	0.047569	0.046848	0.047343	0.042945	0.048791	0.050675	0.048101	0.050044	0.025832	0.011676	1.70E-02	0.012601	0.023351	0.017189	1.11E-02	0.018564	2.36E-02	0.0022214	0.0086158	0.011923	0.032678	0.028467	0.027317	0.016497	2.07E-02	0.018209	0.012168	0.011896	0.0066298	0.013549	0.014617	0.0055251	0.014111	0.036547	0.027612	0.026007	0.026836	0.021703	0.019137	0.0096656	0.021275	0.0076087	0.0081922	0.0070489	0.023727	0.015968	0.036689	0.029285	0.019247	0.006212	0.023634	0.015531	1.49E-02	0.0047549	0.0061517	0.0055473	0.009576	0.017807	0.016535	0.022062	5.37E-03	-0.0058085	3.98E-03	1.80E-02	0.0096235	0.0056786	0.016084	-0.0024167	2.24E-04	0.021107	1.94E-02	1.91E-02	1.69E-02	0.0034964	-0.00026278	0.014161	-1.89E-02	-0.02235	2.61E-03	0.028738	0.010748	-1.56E-02	-0.012495	-4.49E-03	-0.0029637	4.16E-03	1.76E-02	0.0014316	0.0023376	-5.12E-04	0.0134	-3.05E-03	-7.52E-03	0.0028779	-0.014725	-0.0087671	0.00080232	-2.13E-03	-0.0030405	4.31E-03	0.024429	0.0112	-0.007445	-5.23E-05	0.0030134	-0.015489	-2.03E-03	5.11E-03	-0.0082294	-0.0045003	-0.016234	-0.020408	4.50E-03	5.80E-04	1.86E-02	-0.0050963	-0.015074	-0.0073401	0.006556	-0.002631	-0.0057716	-0.0048153	-1.17E-02	-1.10E-02	1.38E-02	1.96E-02	2.22E-02	0.0056508	-0.0053329	0.0091616	7.11E-03	-0.0032825	1.20E-02	9.66E-03	-0.007168	3.64E-03	2.10E-03	0.010897	0.0057755	-1.77E-04	3.72E-04	-0.0098498	-0.011525	-3.98E-03	0.011394	0.027858	0.035056	4.37E-03	-0.0012239	0.0081543	0.0086245	0.0089899	-0.010595	-0.020195	-0.011275	-0.0055173	-0.0041712	0.0051449	-2.20E-03	0.0033861	-0.0022146	2.74E-03	-0.0042656	0.0053569	0.0027376	-3.54E-03	1.23E-04	-0.025007	-0.01152	-0.00039453	0.016656	-1.01E-02	-0.014891	x
-0.02358	0.00033501	0.035936	6.74E-02	0.049304	0.010161	-0.0053561	-0.022819	-0.0084719	6.90E-03	4.57E-02	0.037376	2.81E-02	0.024971	1.17E-02	0.019911	0.0097827	0.010464	0.031157	0.021249	-0.00027107	-0.018566	-0.026664	-1.07E-02	0.042141	0.046348	0.02732	0.047976	5.26E-02	0.051663	0.026228	0.030818	0.023057	0.028644	0.039509	0.039192	0.059138	0.032998	0.068224	2.61E-02	0.0091163	0.024895	0.019482	0.042208	0.034126	0.017195	0.00099469	-0.0077617	0.035642	0.035207	0.032467	0.036592	2.45E-02	0.037675	0.019686	0.021086	0.032301	0.028514	0.06211	0.057723	0.066301	2.44E-02	0.022649	0.021793	0.047536	0.061326	0.037485	0.059656	0.025745	0.033752	0.057097	0.033056	0.051837	0.07031	0.053185	0.044133	0.030322	0.046561	0.070041	0.066883	0.056953	0.060443	0.032986	0.05838	0.061241	0.081643	0.080688	0.062857	0.059041	0.077319	0.081164	0.10538	0.10771	0.099557	0.079933	0.095967	0.083634	0.071697	0.085342	0.1096	0.093916	0.075593	0.090628	0.0866	0.082312	0.085244	0.10936	0.082797	0.072763	0.06356	0.076054	0.094808	0.083526	0.077672	0.057511	0.059028	0.06896	0.076837	0.053073	0.074789	0.085683	0.089255	0.10456	0.082386	0.057033	0.048802	0.057446	0.074343	0.056486	0.063298	0.063416	0.047184	0.042432	0.0578	0.036739	0.054561	0.05032	0.047745	0.044294	0.048272	0.027603	4.07E-02	0.034582	0.018938	0.035885	0.044995	0.054118	0.050918	0.037903	0.06251	0.052888	0.065336	0.047032	0.032952	0.028763	0.035001	0.054486	0.062813	0.077897	0.080942	0.073231	0.054678	0.044389	0.026794	0.032561	0.051699	0.040261	0.040089	0.052838	0.078185	0.078746	0.052491	0.049678	0.077075	0.064191	0.056473	0.046677	0.026845	0.04037	0.024033	0.019201	0.040716	0.018127	0.013789	0.013374	0.0044613	0.025924	0.023645	0.041225	0.027637	0.028536	0.053639	0.043853	0.043952	0.036564	0.057373	0.077914	0.084112	0.097868	0.083003	0.096282	0.082632	0.072357	0.079494	0.088844	0.070358	0.067601	0.050809	0.037011	0.0089227	0.026579	0.040518	0.035589	0.034583	0.036341	-0.0028506	0.0069333	0.0080919	0.029194	0.022298	0.015599	0.006232	0.015102	0.024753	0.044094	0.03935	0.040661	0.055549	0.062175	0.082504	0.071476	0.076357	0.075669	0.064218	0.054346	0.059898	0.031289	0.033808	0.034243	0.029964	0.051017	4.41E-02	0.073197	0.046035	0.020439	0.025529	0.034511	0.020448	0.043004	1.74E-02	2.64E-02	0.010131	0.0079821	0.008629	0.011812	-0.017781	-0.0089603	-1.16E-02	-0.016136	-0.0064036	0.024305	0.027391	1.68E-02	-0.0014365	0.022228	0.027045	-0.0076147	-0.01989	-0.006958	0.011982	-0.0042308	-0.010944	0.010743	0.0098228	-0.0014736	0.00908	0.040017	0.026976	0.021009	0.0017462	0.0022806	-0.024072	-0.038117	-0.021645	-0.011312	0.02491	0.021509	0.028069	0.025932	0.040731	0.050602	2.47E-02	0.01371	-0.00027061	0.021805	0.020599	0.057565	0.050672	0.06051	6.29E-02	0.029095	0.045363	0.040979	0.035748	5.15E-02	0.02758	0.013101	0.017315	0.016688	0.0086825	0.0012947	0.01325	0.020728	0.020916	0.0405	0.042448	1.27E-02	0.035436	0.0096889	0.0015935	0.027908	0.020961	0.021454	0.012088	0.010518	0.012844	0.023425	0.025981	0.023716	0.022871	0.037394	0.01345	0.018282	0.030068	0.031074	0.021074	0.016526	1.40E-02	0.00074496	-0.0059775	-0.022279	-0.0069452	0.0030731	-0.0051881	0.010028	0.013743	-0.0028075	0.03746	0.030449	0.024972	0.048886	0.012847	0.025968	0.027272	0.029076	0.0035252	-0.0062202	-0.006617	0.014993	0.030083	0.0074014	-0.00054794	-0.0045166	0.0072982	0.029723	0.0099767	0.046006	0.0017963	0.014941	0.034408	0.054752	0.06064	0.051974	0.048966	0.046265	0.042968	0.033557	0.025544	0.027319	0.038484	0.043388	0.012691	0.017895	0.032142	0.021141	0.040244	0.027275	-0.00089399	1.81E-02	0.017286	0.0098098	0.043696	0.050416	0.053785	0.029958	0.016133	0.0081833	0.0036497	0.0074454	0.0011016	0.0040806	-0.00042885	5.07E-03	0.013274	0.030937	2.69E-02	0.014906	1.86E-02	0.0024907	0.017903	0.0073576	-0.017626	-0.016111	0.025436	0.0020866	0.0049146	0.029981	0.028105	0.010908	-0.019433	0.0025936	0.010661	1.15E-02	-0.0038632	-0.00042402	-5.47E-03	-1.01E-02	0.0074747	-7.99E-03	-2.41E-02	-1.33E-02	-0.015122	-0.030508	-4.89E-03	-0.0036652	0.00040325	0.013927	0.012208	-0.00088467	-0.014763	-0.0059541	0.0013671	0.035984	0.02542	0.0064276	0.0095291	0.010927	-0.0011139	0.012701	-0.01589	-0.011306	-0.014786	-0.016208	-0.037247	-0.020926	-0.024671	0.0064307	0.0032069	0.0018127	-0.018818	1.12E-02	0.016898	-0.0057972	-0.0052537	-0.025632	-0.025413	-0.03448	-0.00081309	-0.01935	-0.005479	-0.013057	0.0035673	-0.019087	-0.0074297	0.0037205	0.015538	-0.0021577	-0.013409	0.0094544	0.0060069	0.017467	0.0065069	0.036649	0.0073075	0.014415	0.026755	0.020173	0.0079044	0.0099773	0.038855	0.050835	0.072885	0.058667	0.041223	0.042677	0.040621	0.043833	0.055533	0.074563	0.06002	0.037716	0.087399	0.054274	0.055909	0.04793	0.022484	0.026843	0.030907	0.032268	0.033898	0.047747	0.037269	0.054	0.018406	0.01175	0.0111	0.031394	0.045882	0.051106	4.56E-02	4.93E-02	0.044217	0.052893	6.18E-02	0.041275	0.049434	4.80E-02	0.053804	0.050213	0.027213	-0.0070499	-0.0072633	-0.0011389	2.89E-02	0.01105	-0.0014531	0.015101	0.010549	-1.41E-02	0.0063621	0.0068577	3.49E-02	0.014558	0.013266	1.33E-02	2.19E-02	0.0085239	-0.0063414	0.0017015	-0.0017944	0.0040721	0.014164	-0.0081588	-0.00037786	3.14E-02	0.01807	1.58E-02	0.013208	0.011904	0.020684	0.0053816	0.017449	-0.00058405	0.001162	-0.00082925	0.020524	-0.00098095	0.041365	0.022756	0.033424	0.013254	3.79E-02	0.01456	0.01563	1.44E-04	-0.012104	-0.0051159	0.0041003	1.52E-02	0.016567	0.031307	1.04E-02	-0.017189	7.58E-03	2.61E-02	-0.0030265	-0.0075221	4.50E-03	-2.35E-02	-0.019367	2.08E-02	2.54E-02	0.021367	0.015624	0.0043377	1.19E-02	0.018451	-3.85E-02	-0.044026	-0.01005	1.63E-02	-7.58E-03	-0.041261	-0.019713	-0.0019468	-0.01185	-0.0018883	0.012474	-0.009165	-7.27E-03	-0.0056415	0.0084675	0.0053859	-0.012247	6.05E-03	-9.07E-03	0.004256	7.84E-03	-0.009763	-0.013695	-7.86E-03	0.018459	0.0060684	-0.0078388	-0.0086023	-3.24E-03	-0.02977	-7.88E-03	0.0080869	-1.84E-02	-0.014589	-3.48E-02	-0.027856	0.01523	2.54E-03	0.030332	-0.013399	-1.34E-02	-6.51E-03	0.0044615	0.0045288	0.0023971	-2.00E-02	-0.026794	-1.74E-02	0.01072	2.86E-02	0.035205	-0.00094945	-0.0035138	0.014065	1.02E-02	-0.0041448	0.02842	2.08E-02	-8.74E-03	0.0013215	0.0065523	2.01E-02	1.48E-02	0.009664	0.0070295	-0.0036051	-1.00E-02	0.010174	2.33E-02	0.035267	0.048093	0.011504	-0.0031674	0.010552	0.009437	0.021556	-4.54E-03	-2.95E-02	-0.016926	-1.06E-02	-0.0032278	0.015206	-0.016773	-3.42E-03	-2.80E-03	0.0011047	-1.07E-02	3.28E-03	0.0029789	-8.77E-03	-6.74E-03	-0.035567	-1.51E-02	-5.43E-03	0.015254	x
-0.0038287	0.0051875	1.51E-02	0.0099347	0.025061	0.036701	0.012154	-0.019318	-0.021406	-1.78E-02	-0.026318	-0.02977	-3.35E-03	0.015287	0.005725	-0.004456	0.005428	0.014678	0.012355	-0.005559	-0.015019	-0.0091179	-0.002292	0.0080306	0.01252	0.00060603	-0.0075947	0.027219	2.27E-02	0.037335	0.030535	3.07E-02	2.61E-02	4.91E-02	0.035279	0.052178	0.026873	0.022017	0.019252	0.021328	0.032432	2.13E-02	-0.001051	2.16E-02	0.02196	0.02263	0.029127	1.35E-02	0.012245	0.039765	0.031869	0.033643	0.018805	0.024657	0.0026178	0.0032429	-0.0073954	-0.0052182	0.015184	-0.0054678	1.58E-03	0.018935	0.010803	-0.0024374	-0.028601	-0.022133	-0.011215	-0.001275	-0.0019325	-0.0082093	-0.016277	0.017518	0.028819	0.047416	0.0329	2.39E-02	0.022517	0.04825	0.039228	0.024224	0.031572	4.82E-02	0.045534	0.049933	0.017623	0.032721	0.04564	0.040761	0.063121	0.062884	0.064084	0.048263	0.035938	0.053455	0.062168	0.068258	0.072121	0.063395	0.036533	0.048782	0.062549	0.080353	0.073108	0.059624	0.035803	0.041968	0.070742	0.053313	0.036498	0.071453	0.056082	0.059793	0.06304	0.074914	0.071725	0.061111	0.057316	0.056928	0.044147	0.056501	0.061428	0.065462	0.047126	0.030758	0.05329	0.047249	0.052436	0.073435	0.068009	0.055531	0.051092	0.046978	0.047997	0.056122	0.017641	0.029335	0.031352	0.032253	0.04053	0.053413	0.044993	0.023701	0.046944	0.031119	0.018452	0.028384	0.040364	0.031608	0.046368	0.063813	0.079344	0.049082	0.038312	0.015105	0.022985	0.017728	0.025864	0.010099	0.041743	0.034928	0.018284	0.040492	0.025197	0.035997	0.016217	0.038413	0.061332	0.0518	0.024321	0.027939	0.016647	0.025726	0.0052006	0.012443	0.0021812	-0.0038281	-0.00080455	0.0054008	0.0044267	0.0131	3.14E-02	0.036814	0.04576	0.021973	0.013078	9.40E-03	0.028445	0.038386	0.039915	0.03736	0.069776	0.065599	0.084411	0.10614	0.080003	0.068123	0.075131	0.10653	0.11866	0.086529	0.078871	0.084925	0.077704	0.070115	0.049549	0.016544	-0.00077049	0.022262	0.052542	0.024662	0.015298	0.016741	-0.0042527	0.032159	0.018928	0.0046575	3.18E-02	0.024071	0.033281	0.022366	0.043889	0.044719	0.036744	0.05554	0.036609	0.05943	0.068326	0.085142	0.097666	0.089342	0.081054	0.080205	0.069304	0.072221	0.058876	0.058403	0.040522	0.052991	0.035142	0.04396	0.036851	0.034336	0.035357	0.026183	0.025774	0.030631	0.026728	0.038543	0.028271	0.022907	0.044867	0.029684	0.017217	0.019777	0.0069522	0.017074	1.72E-02	0.0063038	0.0010541	-0.0069335	-0.0006407	8.40E-03	0.0060632	0.0038136	0.0075901	0.0041521	0.021337	0.01759	-0.0044922	0.011597	0.039976	0.036495	0.043749	0.03522	0.0055591	0.017328	0.01835	0.018519	0.0036806	-0.0029506	-0.001948	0.017883	1.42E-02	0.0010495	0.025835	0.038952	0.03202	0.040046	0.041183	0.045853	0.023521	0.053135	0.047347	0.021869	0.021733	0.03727	0.03974	0.031914	0.029678	0.036248	0.021318	0.0071652	0.0074539	0.024253	0.027678	0.040225	0.036753	0.031961	0.035022	0.022252	0.023111	0.029178	0.033584	0.046402	2.12E-02	0.0098591	0.037095	0.042667	0.03303	0.021117	0.022948	0.021892	0.028718	0.038585	0.05129	0.046764	0.058119	0.05082	0.0666	0.054259	0.051079	0.041215	0.063652	0.058738	0.051313	0.053556	0.066357	0.031697	0.046607	0.046028	0.03383	0.03856	0.042902	0.051812	3.78E-02	0.043913	0.045026	0.030395	0.031657	0.029845	3.50E-02	0.038894	0.016461	0.042646	0.066399	0.058163	0.045366	0.045408	0.072795	0.059432	6.69E-02	0.056577	0.059947	0.053958	0.053386	0.063132	0.073996	0.066088	0.07938	0.072614	0.066527	0.061288	0.06359	0.073666	0.094724	0.088721	0.073102	0.083564	0.078891	0.093165	0.1074	0.10333	0.079492	0.088825	0.10026	0.098076	0.085957	0.074187	0.056133	0.053776	0.051577	0.039708	0.074047	0.071078	0.059518	0.057548	0.064676	0.055171	0.05823	0.056583	0.068021	0.057276	0.042722	0.053799	0.062839	0.034978	0.044473	0.044995	0.035857	0.039139	0.028319	0.030583	0.052571	0.035337	0.036744	0.039823	0.031572	3.06E-02	0.04079	0.028595	0.021398	0.039965	0.024334	1.25E-02	0.014195	0.014943	6.11E-03	0.020948	0.031005	0.027448	0.021008	0.033547	0.027285	0.047074	0.037917	0.034474	0.050667	0.028282	0.0091798	0.038685	0.032951	0.011493	0.035862	0.025006	0.030067	0.018863	0.01307	0.013183	0.023218	0.02327	2.78E-02	0.0442	0.02358	0.013474	-7.42E-03	0.010266	0.0092338	0.0051131	0.013487	0.032913	0.054973	0.014851	0.014777	0.031029	0.024184	0.0030261	0.023133	0.0045438	-0.00028294	-0.0013822	0.018455	0.024224	0.004272	-0.0077953	0.017861	0.0059556	0.033941	0.012923	0.020501	0.0081679	0.039629	0.022175	0.045291	0.02181	0.013712	0.029865	0.040139	0.038803	0.064217	0.04421	0.028123	0.047355	0.046378	0.033924	0.027587	0.03544	0.033647	0.042046	0.04837	0.028427	0.013745	-0.00089304	0.0050928	0.011192	0.00045543	0.0072372	-0.0039079	0.0022058	0.018777	0.013257	0.021916	0.015952	0.010613	0.026392	0.01574	0.0090717	3.03E-02	0.027386	0.0022592	-0.0021665	-0.00024324	0.030013	0.01334	0.0081215	0.011653	0.02188	-0.0047552	0.017118	0.026515	0.013161	2.30E-02	0.016607	0.0083384	0.0058361	-0.011014	0.011831	0.014648	0.0054629	0.0058605	0.014591	0.027506	0.026553	0.007994	0.0038982	0.019911	0.016563	0.010752	0.041408	0.027352	0.032486	0.03915	0.037425	0.0094197	0.0051772	0.022756	0.040999	0.041402	0.045902	0.023961	0.036663	0.01496	0.01318	0.026427	0.03781	0.015915	0.026163	0.020191	0.024336	0.022086	0.012233	0.033609	0.036727	0.016889	0.011208	-0.00090268	0.025638	0.021948	0.04196	0.022725	0.0065671	0.027253	0.00057767	0.025524	0.013673	0.011338	0.013828	-0.0066066	0.001291	0.012635	-0.0046097	-0.014977	-0.0084665	0.0054726	0.0050309	6.66E-03	0.010086	0.023697	-0.0091793	0.011273	0.010932	0.0055652	-0.007994	-0.00088689	0.012385	0.021513	0.026085	0.0044951	-0.017389	-6.83E-03	-0.020821	-0.01849	-0.032306	-0.021277	-0.019906	0.012431	-0.0059297	-0.011196	0.014895	0.008709	0.006377	0.0055615	0.02721	0.016069	0.016618	3.20E-03	-1.38E-02	-1.79E-02	-0.001919	6.00E-03	-0.0029452	0.010855	0.0012392	0.017068	0.019193	-0.0030942	0.0055911	0.015414	8.27E-03	-0.0085949	-1.27E-02	0.0063799	0.030911	3.44E-02	0.035303	0.021118	0.011942	0.0060425	0.0019103	-0.0080702	0.0015483	-7.29E-03	0.0020586	0.033991	0.021405	0.01654	0.020471	0.033697	0.023017	0.024763	7.78E-03	0.0038999	0.0069385	0.016968	1.38E-02	-0.0072111	-0.012327	0.006051	-0.0036385	-6.74E-03	1.78E-02	0.0059231	-1.61E-02	-0.0017182	-3.99E-03	-1.04E-02	-0.024899	-0.005802	-0.010946	1.15E-02	0.0004179	0.020861	0.017155	-0.0046571	-1.37E-02	-1.84E-02	-0.017431	-0.0072936	-0.0044609	1.38E-02	0.01052	0.012969	-0.0023544	x
0.0055372	0.016039	0.024666	0.017516	2.62E-02	0.028657	9.54E-03	-0.022348	-0.013899	-0.0013664	-1.18E-02	-2.29E-02	-0.0053316	-0.0018685	-0.0044985	0.0013296	0.0022005	1.32E-02	3.48E-03	-5.76E-03	-7.10E-03	-1.14E-02	-0.0047607	1.15E-03	7.44E-03	-0.0044132	-0.0049658	0.021208	0.0054951	2.22E-02	2.46E-02	0.025531	1.62E-02	0.038687	0.026359	4.16E-02	0.02771	2.69E-02	0.020085	0.025919	0.029305	0.021518	0.0066314	0.023307	0.031058	2.90E-02	0.027274	0.012751	0.010884	0.036352	0.03513	0.032104	0.024513	3.33E-02	2.05E-02	0.017306	6.25E-03	0.007593	0.030386	0.013731	0.019135	0.024744	0.016385	0.009182	-6.48E-03	-0.0050085	-0.0067918	0.0039887	0.0069245	0.0030579	-0.00065273	2.70E-02	2.92E-02	0.040656	0.032233	0.028415	0.024863	0.043202	0.032852	0.028023	0.032046	0.052489	0.05449	0.059724	0.03478	0.053052	0.058889	0.059618	0.089411	0.08281	0.078696	0.063019	0.051226	0.068522	0.073117	0.071829	0.067961	0.05886	0.048505	0.052194	0.068096	0.080579	0.071137	0.065008	0.048643	0.053882	0.069334	0.054973	0.03528	0.060792	0.058539	0.067624	0.065771	0.072745	0.080833	0.069663	0.06996	0.070729	0.064496	0.069653	0.071836	0.070471	0.056571	0.043763	0.058826	0.054956	0.058452	0.068693	0.065185	0.048901	0.052666	0.041278	0.051104	0.063932	0.034503	0.040405	0.030516	0.036927	0.045615	0.045197	0.048249	0.037376	0.056345	0.044252	0.03966	0.047578	0.053327	0.045956	0.048884	0.054926	0.072268	0.056703	0.043619	0.030977	0.029345	0.028128	0.027827	0.013311	0.044349	0.029749	0.032589	0.047684	0.036668	0.039888	0.026014	0.042103	0.053887	0.052866	0.029973	0.028876	0.028764	0.029964	0.02059	0.01748	0.0091205	0.0097112	0.012241	0.013859	0.014068	0.022015	0.025547	0.034382	0.051873	0.030616	0.022174	0.012999	0.032628	0.036641	0.04503	0.04126	0.068123	0.069622	0.080175	0.10262	0.082805	0.067764	0.079269	0.1061	0.10969	0.094381	0.086223	0.089814	0.085972	0.07583	0.060122	0.023947	0.0030635	0.017693	0.047399	0.033946	0.023608	0.019079	0.0013929	0.028151	0.017125	0.011605	0.032204	0.019845	0.030911	0.026138	0.043614	0.048369	0.04359	0.056915	0.040028	0.065708	0.072119	0.093733	0.10659	0.098138	0.090067	0.083681	0.071366	0.074993	0.066064	0.064351	0.048535	0.052388	0.040012	0.053762	0.04759	0.041082	0.043184	0.038106	0.033813	0.030233	0.029342	0.039954	3.29E-02	0.023948	0.036481	0.030649	0.022593	0.025869	0.0090745	0.0181	0.016239	0.012426	8.39E-03	0.0054922	0.013593	0.017397	0.011733	0.014677	0.01182	0.010078	0.02421	0.015318	0.0026434	0.018044	0.040597	0.03746	0.042762	0.036198	0.014568	0.018876	0.021562	0.020554	0.0075588	0.0074815	0.011528	0.027183	0.016635	0.0033922	0.025863	0.032489	0.019474	0.039558	0.033333	0.036792	0.024924	0.050318	0.044853	0.023118	0.022037	0.036094	0.029349	0.021401	0.014905	0.016496	1.79E-02	0.012053	0.013986	0.030172	0.034658	0.044287	0.046524	0.026204	0.029884	2.42E-02	0.025003	0.02361	0.035267	0.047986	0.021356	0.016645	0.04208	0.046387	0.041155	0.027992	0.030673	0.030736	0.033451	0.045504	0.053784	0.044112	0.052987	0.049148	0.054655	0.046278	0.049735	0.036882	0.053229	0.050588	0.044706	0.050958	0.063288	0.042906	0.053996	0.044463	0.034455	0.041134	0.038208	0.042982	0.038015	0.045489	0.040768	0.028829	0.02724	0.029948	0.034255	0.037718	0.016347	0.03533	5.02E-02	0.040563	0.030027	0.038516	0.057077	0.046358	0.052355	0.051614	0.055019	0.046344	0.047559	0.056746	0.065908	0.058632	0.06368	0.061209	0.066536	0.061233	0.062915	0.065595	0.074886	0.076099	0.07754	0.078927	0.078845	0.088926	0.097284	0.095903	0.072579	0.077867	0.091178	0.094119	0.080817	0.071472	0.054544	0.046687	0.04333	0.036565	0.059143	0.062386	0.057631	0.051509	0.055622	0.050106	0.05095	0.051181	0.063112	0.051275	0.041637	0.04908	0.051464	0.029563	0.038946	0.038004	0.03366	0.029967	0.019857	0.027816	0.042495	0.035504	0.03324	0.030814	0.026449	0.024512	0.031203	0.018708	0.014921	0.030598	0.01583	0.013812	0.0073138	0.020833	6.59E-03	0.025884	0.026471	0.028781	0.024586	0.032008	0.022101	0.04324	0.033162	0.025766	0.045235	0.026933	0.0067478	0.029114	0.033403	0.013265	2.52E-02	0.019248	0.026053	0.021623	0.021459	1.07E-02	0.01903	0.017172	0.029244	0.034458	2.66E-02	0.016912	0.0054038	0.026059	0.014831	0.014639	2.45E-02	0.037424	0.050664	0.017656	0.013549	0.026378	0.021627	0.0088029	0.028242	0.0096662	0.011774	0.0012361	0.0071352	0.012935	0.0011355	-0.010981	0.0092342	0.0048212	0.027288	0.0099024	0.014748	0.010215	0.030482	0.015034	0.034655	0.019687	0.013961	0.032609	0.041433	0.041421	0.068258	0.046301	0.028953	0.054411	0.047438	0.038408	0.036621	0.041786	0.032795	0.037125	0.046776	0.034277	0.021639	0.013895	0.021258	0.012771	0.010037	0.0126	0.0077248	0.007095	0.016028	0.0086193	0.018431	0.01661	1.73E-02	0.02691	0.018665	0.0091697	0.029493	0.025211	0.010257	-0.00049097	-3.32E-03	0.019064	0.007545	0.0041957	0.0077394	0.015658	-8.12E-05	0.016831	0.025919	0.013901	0.019289	0.016482	1.00E-02	-0.0006447	-0.0043285	0.0091346	0.010826	0.0061158	0.0064141	0.015232	0.023891	0.015785	-0.0036768	0.0074865	0.030342	0.016393	0.0085065	0.03229	0.027494	0.025745	0.034168	0.036949	0.020715	0.014694	0.018796	0.036232	0.042593	0.045027	0.029225	0.027841	0.015814	0.016132	0.029173	0.038449	0.018616	0.017455	0.02647	0.028694	0.022244	0.0078755	0.02411	0.026206	0.016706	0.011965	0.0044616	0.029057	0.026399	0.036567	0.013538	0.0020613	0.018562	0.0052849	0.019003	0.0079965	0.0069794	0.013591	-0.0061027	2.37E-05	0.013855	0.0019445	-0.0069961	6.76E-04	0.0058737	0.0021514	0.0025385	0.010857	0.019732	-0.001898	0.017745	0.011083	0.0042308	-0.010016	-0.00077819	0.0090234	0.0090555	0.011034	3.85E-04	-1.88E-02	-9.86E-03	-0.015517	-1.01E-02	-0.017934	-0.012814	-0.0089989	0.018861	0.00095729	-0.0059555	0.01398	0.0055828	0.014775	0.0077202	0.022499	0.005462	1.80E-02	4.56E-03	-0.0083706	-0.0077532	2.59E-03	0.0018495	2.18E-03	0.010813	0.012543	2.00E-02	2.16E-02	4.77E-03	0.0042744	0.019202	0.015417	-0.0040994	-4.77E-03	0.014806	0.026421	0.031611	2.41E-02	0.016466	0.017637	0.014355	0.0015949	-6.77E-03	0.0084532	-0.0071198	0.0010799	0.027299	0.011694	0.009132	1.65E-02	0.030224	0.015552	1.00E-02	2.53E-03	0.0052494	0.0025726	0.013974	0.0090198	-0.0061979	-6.93E-05	2.73E-03	-0.0084775	-0.013137	6.19E-03	0.0077379	-0.015379	-0.0027437	-7.75E-03	-0.011598	-1.41E-02	-0.002192	-0.0084197	5.38E-03	-0.0015683	0.017223	0.014409	-0.00092383	-0.0050693	-0.014128	-2.24E-02	-0.0012532	-0.00016828	0.010904	0.0066431	0.0092643	4.40E-04	x
0.0064038	0.0096956	0.020917	0.026199	0.019588	0.024926	0.021431	0.0071494	-1.98E-02	-0.0078582	0.0084186	-0.0032066	-0.015977	-0.01023	-1.56E-02	-1.49E-02	-0.00032023	-0.0040759	0.0089769	-0.0032318	-0.010102	-7.56E-03	-0.011549	-6.96E-03	-3.10E-03	0.0012106	-0.0090852	-0.0058247	0.0088956	-0.0090161	0.0086585	0.012771	0.015627	0.0060152	0.028208	0.023708	3.66E-02	0.027896	0.030917	0.023276	0.031275	3.07E-02	0.022787	0.012624	0.025149	0.03854	0.035067	3.09E-02	1.84E-02	0.014449	3.38E-02	3.52E-02	0.032864	0.033067	0.043006	3.72E-02	2.87E-02	0.019779	0.020647	0.043699	0.032204	0.037247	0.031509	0.024371	2.06E-02	0.013568	0.010062	0.0024207	0.014611	0.013695	0.012342	0.011222	3.37E-02	0.030069	0.036563	0.035144	0.035491	0.030133	0.038466	0.030175	0.035331	3.53E-02	0.056433	0.063096	0.069873	0.050477	0.069454	0.070497	0.076977	0.10583	0.096645	0.088108	0.073571	0.064998	0.079683	0.076523	0.074999	0.065468	0.056758	0.057778	0.053876	0.072515	0.079385	0.071247	0.071549	0.061916	0.066064	0.07115	0.059689	0.041634	0.059688	0.058769	0.070139	0.067339	0.070839	0.083969	0.074063	0.074581	0.079155	0.0787	0.078563	0.078264	0.072932	0.061572	0.04985	0.060374	0.05542	0.058754	0.060111	0.055649	0.044666	0.056069	0.041272	0.051748	0.065449	0.045987	0.048464	0.032316	0.04281	0.049828	0.042963	0.049199	0.042288	0.057206	0.050046	0.050256	0.053049	0.058534	0.054274	0.048749	0.05074	0.062027	0.054987	0.044449	0.040845	0.036351	0.034882	0.028293	0.016743	0.046837	0.029473	0.042467	0.052403	0.043358	0.043367	0.03803	0.048087	0.050682	0.057706	0.042483	0.032936	0.037081	0.02903	0.031208	0.021939	0.016003	0.018872	0.021311	0.018592	0.021977	0.031108	0.022116	0.028575	0.049652	0.030015	0.025644	0.016856	0.034497	0.033829	0.046932	0.047237	0.068893	0.071359	0.076738	0.096827	0.086618	0.072341	0.080242	0.10123	0.098545	0.097121	0.088688	0.088065	0.089546	0.075791	0.061247	0.029819	0.0046754	0.014782	0.040602	0.039389	0.026844	0.020149	0.0044279	0.024073	1.54E-02	0.016298	3.02E-02	0.01649	0.028035	0.029947	0.041701	0.048484	0.052116	0.061549	0.048518	0.071658	0.07718	0.10311	0.11471	0.10576	0.09807	0.087107	0.073297	0.076979	0.069963	0.064832	0.05263	0.051119	0.040714	0.05452	0.052022	0.041308	0.043551	0.040625	0.036807	0.027573	0.028635	0.036616	3.09E-02	0.02094	0.028317	0.029021	0.025212	0.026424	0.0067296	1.74E-02	0.016111	0.013654	0.015148	0.01692	0.024591	2.22E-02	0.014816	0.020857	1.59E-02	0.01549	0.023649	0.010213	6.03E-03	0.022988	0.036762	0.035702	3.95E-02	0.035937	0.019105	0.01852	0.022047	2.35E-02	0.011303	0.014726	0.020136	0.030699	0.015388	0.0087851	0.028443	0.028559	0.009671	0.03187	2.47E-02	0.025313	0.024879	0.042618	0.037813	0.020212	0.018171	0.027138	0.017058	0.013076	0.00099376	0.0049977	0.016204	0.014238	0.018849	0.032161	0.035932	0.044007	0.047096	0.023752	0.027451	0.0254	0.024904	0.020559	0.035482	0.04659	0.023655	0.023794	0.043716	0.046847	0.044046	0.033543	0.040288	0.035798	3.66E-02	0.047696	0.049675	0.038133	0.042082	0.044175	4.23E-02	0.040824	0.046509	0.035904	0.043606	0.043215	0.0411	0.046965	0.058792	0.048212	0.056357	0.043576	0.038992	0.042513	0.0324	0.032998	0.034605	0.043517	0.035719	0.027381	0.024877	0.029426	0.032784	0.034357	0.015211	0.025564	0.029404	0.025902	0.020207	0.033309	0.0433	0.035975	0.039285	0.047745	0.050734	0.04171	0.041891	0.050734	0.054894	0.052028	0.048745	0.04919	0.062352	0.057569	0.055779	0.054948	0.057924	0.061215	0.074474	0.07048	0.073627	0.081099	0.080847	0.087692	0.066056	0.071404	0.083221	0.087502	0.072429	0.063137	0.04903	0.04036	0.036005	0.031739	0.042393	0.049272	0.051062	0.043273	0.042084	0.036927	0.039202	0.044197	0.052716	0.04247	0.037604	0.043503	0.0417	0.025482	0.031838	0.026854	0.028143	0.020177	0.01143	0.024093	0.028749	2.95E-02	0.022685	0.01679	0.022058	0.017824	0.018066	0.0055799	0.0078947	0.020011	0.007949	0.01105	7.59E-05	0.01843	-0.00066103	0.023672	0.018474	0.02612	0.02513	0.029292	0.017756	0.039295	0.027079	0.019441	0.037001	0.024831	0.0071508	0.020918	0.028903	0.011368	0.015937	0.015329	0.018026	0.018066	0.022908	0.0074231	0.0092277	0.0078349	0.024473	0.020763	0.021601	0.01638	1.38E-02	0.033359	0.015884	0.0181	0.028866	0.034386	0.038303	0.014232	0.010927	0.017416	0.014616	0.0066704	0.026497	0.0089142	0.011185	-0.0023573	-0.0033752	0.0033847	-0.00017718	-0.014028	0.0016988	0.0043864	0.020676	0.0075366	0.0089794	0.0087678	0.021731	0.011787	0.02699	0.0201	0.015166	0.03743	0.042626	0.044617	0.069875	0.052294	0.036585	6.29E-02	0.053233	0.04666	0.047918	0.047992	0.039021	0.039745	0.050199	0.04053	0.02905	0.029158	0.038765	0.023998	0.02264	0.023075	0.022659	0.015949	0.019532	0.0093156	0.017489	0.02006	0.02189	0.027432	2.25E-02	0.011675	0.029507	0.027729	0.019794	0.0032979	-0.0015822	0.011907	0.0047972	0.004753	0.0075724	1.19E-02	0.0077213	0.017949	0.026164	0.017504	0.019487	1.95E-02	0.014022	0.0011759	0.0029536	0.0097334	0.011261	0.010597	0.013747	2.10E-02	0.025382	0.013652	-0.0060342	0.011065	0.034662	0.016937	0.011739	0.025943	0.028699	0.021197	0.032913	0.039747	0.031893	0.026157	0.020469	0.034337	0.042502	0.044508	0.036958	0.023618	0.018722	0.019629	0.029532	0.036949	0.02136	0.0088229	0.027549	2.74E-02	0.022476	0.0067453	0.020863	0.017743	0.016658	0.01668	0.010417	0.030147	0.027336	0.030266	0.010453	0.00093983	0.012794	0.013436	0.021383	0.0097048	0.0096961	0.016257	-0.0018851	0.0025235	0.015337	0.0078709	7.36E-04	0.010926	0.0044707	-0.0021364	-0.0020362	0.0096824	0.016319	0.0026929	0.021492	1.06E-02	0.00089677	-1.31E-02	-0.00076095	0.0072063	0.0016159	0.0016331	-0.0021932	-0.017756	-0.011533	-0.0087151	-4.28E-03	-4.16E-03	-2.77E-03	0.00050541	2.24E-02	1.32E-02	0.0019428	9.25E-03	0.0038811	0.017307	1.14E-02	0.020062	0.0019686	1.86E-02	0.0059087	-0.00095629	-0.00016773	0.0044007	0.00047222	6.45E-03	0.013072	1.83E-02	0.019727	0.02017	0.0090787	3.78E-03	1.85E-02	0.017044	-0.00011891	3.93E-03	0.020472	0.023068	0.025838	1.45E-02	9.43E-03	0.019014	1.76E-02	6.70E-04	-0.0077943	1.18E-02	-0.0072501	2.16E-03	0.020742	0.0025036	-0.0003677	0.0086321	0.020318	0.0041746	-8.03E-04	-0.0029381	5.55E-03	0.0011648	0.01417	8.75E-03	0.0011796	0.009726	2.64E-03	-7.76E-03	-1.03E-02	5.81E-04	0.010307	-1.28E-02	-0.0048188	-0.0075883	-0.0066691	7.12E-04	0.0046288	-0.0028181	0.00067519	9.91E-04	0.012612	1.17E-02	5.11E-03	0.004914	-0.0082702	-2.10E-02	0.0037181	3.88E-04	0.0084159	0.0008476	0.0042583	x
0.019682	0.020754	0.016424	0.02224	0.01608	0.0042738	-1.43E-02	-0.00311	0.013044	1.20E-03	-0.010063	-0.015668	-0.022355	-0.02123	-0.005684	-0.012195	0.0024142	-8.04E-03	-1.35E-02	-0.010561	-7.62E-03	-7.11E-03	-4.42E-03	-0.0026122	-1.00E-02	-0.0069589	-0.0037195	-0.016124	0.00067934	0.0015645	7.10E-03	1.00E-03	2.10E-02	0.024534	3.61E-02	0.028703	3.42E-02	2.64E-02	0.034767	0.034065	0.024304	0.018808	0.028382	0.043553	0.038987	0.036712	2.68E-02	0.021775	3.34E-02	0.035876	0.037644	0.042939	0.049562	0.049021	0.036662	0.030733	0.030918	0.051518	0.04619	0.053352	0.039814	0.034876	0.030721	0.028866	0.020387	0.013859	0.027893	0.020374	0.020947	0.021864	0.038014	0.033694	0.037945	0.04213	0.044209	3.82E-02	0.037203	3.14E-02	0.043048	0.04266	0.059926	0.069509	0.078333	0.063345	0.081623	0.08222	0.092331	0.11352	0.1047	0.094362	0.081237	0.076656	0.087614	0.075296	0.076197	0.063866	0.05753	0.064668	0.055696	0.073999	0.076436	0.07141	0.076411	0.070793	0.077309	0.075097	0.064792	0.051143	0.0649	0.059813	0.070683	0.068359	0.070937	0.083255	0.077044	0.074612	0.082847	0.085899	0.082433	0.078724	0.072398	0.061579	0.05057	0.061402	0.051915	0.055421	0.050311	0.042695	0.043121	0.059629	0.045727	0.050782	0.063439	0.05026	0.050778	0.034427	0.04635	0.051409	0.042404	0.048138	0.041434	0.053832	0.05046	0.052231	0.049801	0.058582	0.058198	0.046438	0.049415	0.051408	0.046869	0.042995	0.043976	0.040499	0.037665	0.028765	0.020608	0.047395	0.032513	0.047466	0.055063	0.046136	0.047097	0.048014	0.053806	0.051154	0.063695	0.056286	0.039598	0.043551	0.028265	0.039697	0.027998	0.022148	0.022951	0.024557	0.020224	0.026997	0.036535	0.020428	0.020982	0.041069	0.023549	0.025053	0.021673	0.035355	0.031126	0.046739	0.052581	0.069317	0.072248	0.075704	0.08998	0.090508	0.079166	0.079751	0.093526	0.087992	0.096879	0.090054	0.083128	0.086899	0.071131	0.055801	0.033062	0.0046118	0.012731	0.033262	0.041033	0.027908	0.021391	0.0055121	0.018909	0.012919	0.018105	0.026894	0.015712	0.026501	0.033467	0.038053	0.046558	0.059822	0.065472	0.059315	0.07845	0.081936	0.1104	0.11834	0.10859	0.1003	0.085413	0.071189	0.075181	0.069308	0.063145	0.05234	0.049192	0.039078	0.047452	0.049557	0.034192	0.036555	0.03667	0.034534	0.022569	0.0247	0.029787	0.023726	0.016781	0.021505	0.024891	0.024235	0.02042	0.0020674	0.014966	0.016305	1.07E-02	0.019142	0.025019	0.029479	0.021317	0.015148	0.022133	0.018479	0.019381	0.021427	7.08E-03	0.006823	0.024906	0.028634	0.029964	0.035282	0.034963	0.019753	0.017526	0.020624	0.026505	0.014753	0.01958	0.02492	0.029785	0.014687	0.016218	0.031479	0.027518	0.0053115	0.020948	0.017231	0.013836	0.023605	0.034002	0.029731	0.016997	0.012368	0.015197	0.0070967	0.007906	-0.0071044	0.0026018	0.016839	0.014807	0.021934	0.030212	0.032471	0.041893	0.042921	0.023918	0.027145	0.024046	0.023212	0.02046	0.033149	0.041792	0.026967	0.029302	0.042027	0.045324	0.043548	0.037623	0.04909	0.036995	0.037816	0.045671	0.04214	0.030726	0.030196	0.039205	0.032795	0.038556	0.043029	0.037373	0.037584	0.037174	0.039898	0.042095	0.053392	0.049309	0.054902	0.041581	0.043761	0.041712	0.027319	0.023914	0.028734	0.037106	0.02853	0.023833	0.02183	0.025863	0.026902	0.028256	0.012866	0.014809	0.0086313	0.01611	0.01586	0.030608	0.033714	0.028456	0.028498	0.04202	0.045688	0.038528	0.036784	0.045391	0.043765	0.045482	0.03681	0.040067	0.055221	0.050955	0.044632	0.042752	0.045462	0.048088	0.065989	0.060057	0.063818	0.071129	0.062971	0.078905	0.061214	0.066467	0.073871	0.077863	0.061438	0.051996	0.041585	0.036403	0.032132	0.028215	0.028107	0.035941	0.041937	0.033527	0.028455	0.022247	0.027031	0.037457	0.039504	0.032367	0.030351	0.037062	0.031839	0.021975	0.022806	0.013394	0.019219	0.010946	0.0020801	0.01649	0.012215	0.01819	0.0098347	0.0028642	0.018334	0.0097936	0.003238	-0.0077788	0.0019614	0.011616	0.001258	0.0054598	-0.0060944	0.01072	-0.011496	0.017373	0.0089034	0.020034	0.023309	0.025181	0.012568	0.032928	0.01819	0.014635	0.026951	2.03E-02	0.0066605	0.013179	0.020658	0.0066548	0.0083523	0.012479	0.0080726	0.01064	0.020411	0.0037974	-0.00086872	1.17E-03	0.017873	0.0088977	0.013271	0.013239	0.017446	3.26E-02	0.012698	1.65E-02	0.026294	2.62E-02	0.021643	0.0052523	0.0054435	0.0055205	0.0053929	0.00073162	0.019857	0.0044103	0.0041345	-0.0082951	-0.012076	-0.0047569	-0.0023702	-0.016861	-0.005714	0.0019178	0.013539	0.0053281	0.0034946	0.0046227	0.013619	0.011553	0.023186	0.022919	0.018099	0.043818	0.044635	0.04928	0.071585	0.063708	0.050985	0.070714	0.061954	0.057312	0.058794	0.054029	0.0486	0.047076	0.057019	0.046961	0.037271	0.044375	0.057212	0.040487	0.036663	0.036278	0.038755	2.86E-02	0.0276	0.014725	0.020365	0.027435	0.027841	0.030386	0.028259	1.80E-02	0.030724	0.032799	0.029779	0.011346	0.0065818	0.0098849	0.0079886	0.0095057	0.012196	0.013323	0.017584	0.019806	0.02642	0.021737	2.14E-02	0.025018	0.01919	0.0082446	0.010687	0.014163	0.016606	0.01831	2.44E-02	0.029015	0.029616	0.017621	-0.0013132	0.013794	0.032512	0.016121	0.017046	0.022498	0.030382	0.020563	0.035273	0.043696	0.03879	0.033148	0.024041	0.033685	0.040657	0.042641	0.043143	0.022725	0.022544	0.022607	0.029318	0.032687	0.021863	0.0014374	0.023718	0.022278	0.022884	0.0088224	0.020839	0.012704	0.017001	0.022204	0.01686	2.95E-02	0.025325	0.023358	0.011509	0.0021328	0.0099292	0.021764	0.02805	0.015485	0.014397	0.018209	0.0040868	0.0079403	0.016141	0.010457	0.0063636	0.019188	0.0042404	-0.0031604	-0.0023919	0.0084481	0.013681	0.0042756	0.021516	0.01058	-0.00086028	-1.27E-02	1.50E-03	0.0072907	-0.0017212	-0.0015114	-4.54E-03	-0.014443	-0.011302	-4.00E-03	-0.0016572	0.0054621	0.0074394	0.0090036	0.0233	0.026555	0.011125	0.0036138	0.0037454	0.015925	0.015836	0.019227	0.0037083	0.017999	0.0067236	0.0054212	0.0032035	4.48E-03	1.65E-03	0.0089927	1.43E-02	1.80E-02	1.71E-02	0.016667	0.0091039	1.85E-03	0.015588	0.01657	0.002868	0.012235	0.023397	0.020893	0.020789	0.0069714	0.0012868	0.015528	1.54E-02	-0.00081461	-9.23E-03	1.17E-02	-0.0069585	0.0049981	0.016199	-0.0042328	-0.010755	-0.0012569	7.46E-03	-0.006799	-0.0075819	-0.0072039	6.89E-03	0.0037342	0.015138	0.010571	9.70E-03	1.55E-02	3.60E-03	-0.0041337	-2.81E-03	1.38E-04	1.18E-02	-1.07E-02	-0.0079183	-0.0051359	0.0019845	0.013749	0.011664	3.31E-03	-0.002248	3.73E-03	0.0073609	0.0093076	0.0085807	0.012846	-0.0026022	-0.01349	0.0080571	0.0002845	0.0084607	-5.15E-03	-0.0013959	-0.0023087	-0.00086565	x
0.013486	0.011396	9.78E-03	0.018741	0.013417	0.0010398	-8.43E-03	0.00099132	1.53E-02	0.0042343	-0.0049404	-1.84E-02	-0.021025	-0.021031	-0.011068	-2.03E-02	-0.0048707	-1.05E-02	-0.012032	-1.05E-02	0.00074938	-0.0031761	-0.0017608	-1.18E-03	-5.71E-03	-0.0062878	-0.011404	-0.013467	6.14E-04	-0.0021914	5.00E-03	0.0046927	0.018585	0.025879	0.038819	3.11E-02	3.75E-02	0.028407	0.034568	0.035963	0.025165	0.026123	0.033038	0.044973	3.99E-02	0.041403	0.034826	3.04E-02	0.035161	0.038977	4.58E-02	0.052315	0.051265	0.0545	0.041008	0.038064	0.037476	0.052408	0.053666	0.064108	0.04836	0.046199	0.038056	0.037733	0.026046	0.02573	0.040704	2.83E-02	0.029637	0.032376	0.041077	0.040409	0.044694	0.051084	0.052648	0.046765	0.039723	0.036339	0.050034	5.38E-02	0.063153	0.073139	0.084192	0.0728	0.090422	0.094279	0.10444	0.11433	0.10782	0.098698	0.086493	0.085519	0.092888	0.073267	0.074367	0.062927	0.060518	0.069381	0.059132	0.072481	0.072003	0.070134	0.077573	0.07276	0.085979	0.079143	0.068559	0.059838	0.071353	0.062348	0.071192	0.069011	0.072997	0.080153	0.079615	0.073193	0.081793	0.08517	0.080849	0.073368	0.069586	0.057973	0.048355	0.063375	0.046882	0.050005	0.041749	0.030349	0.043475	0.061013	0.051179	0.048362	0.05946	0.047248	0.046764	0.03447	0.045203	0.049371	0.040632	0.04516	0.038241	0.049818	0.047653	0.049558	0.043705	0.056081	0.059057	0.04328	0.048761	0.042359	0.036559	0.041899	0.042717	0.041991	0.0372	0.029178	0.024501	0.045104	0.036904	0.048034	0.056274	0.046565	0.051196	0.052843	0.056895	0.053977	0.06819	0.066653	0.047767	0.049332	0.030756	0.047131	0.035934	0.026973	0.022568	0.021819	0.019797	0.02852	0.036135	0.018985	0.012985	0.029491	0.015885	0.022484	0.027943	0.036638	0.029724	0.046592	0.056507	0.068935	0.073167	0.077397	0.083906	0.094483	0.086129	0.079564	0.085304	0.079947	0.094963	0.09142	0.077853	0.078883	0.063126	0.047086	0.033671	0.0044636	0.01162	0.026696	0.037893	0.02762	0.023233	0.0066201	0.012824	0.010004	1.70E-02	0.022743	0.017197	0.027111	0.036284	0.033134	0.043558	0.063962	0.06625	0.069587	0.085592	0.084882	0.11198	0.11495	0.10513	0.094762	0.07701	0.063629	0.068664	0.064311	0.060487	0.048696	0.046831	0.036969	0.036307	0.042274	0.021058	0.024615	0.029536	0.028366	0.01573	0.017847	0.020827	0.014194	0.013961	0.017853	0.019472	0.019876	0.0091285	-0.0029847	0.01128	0.015397	0.0044877	0.018878	0.027519	0.026655	0.014974	0.012287	0.018509	0.019207	0.021489	0.019964	0.0087487	0.0071208	0.024151	0.019076	0.020791	0.030207	0.032622	0.017118	0.015502	0.017122	0.027775	0.016554	0.021938	0.026271	0.025849	0.016394	0.023443	0.033416	0.028193	0.0073245	0.010924	0.012268	0.0045637	0.022761	0.028105	0.023865	0.016348	0.0071943	0.0057253	2.94E-03	0.0072087	-0.0062374	0.0080958	0.019557	0.015512	0.02342	0.024987	0.025403	0.038453	0.037305	0.024557	0.028369	0.020665	0.020411	0.022531	0.028065	0.033435	0.030186	0.031748	0.037775	0.042221	0.04168	0.040056	0.054336	0.034915	3.73E-02	0.041134	3.46E-02	0.02378	0.020806	0.036362	0.027512	0.039105	0.039653	0.039212	0.036081	0.032562	0.038519	0.035932	0.0474	0.047015	0.050258	0.03783	0.045976	0.039443	0.024737	0.017646	0.022627	0.027227	0.020047	0.017713	0.016345	0.01786	0.015438	0.02019	0.0098883	0.0053681	-0.0071472	0.010974	0.014586	0.029573	0.028433	0.023214	0.020828	0.033136	0.039214	0.036022	0.032869	0.041705	0.035006	0.038463	0.029341	0.035735	0.047199	0.043711	0.033629	0.031352	0.03875	0.039631	0.055248	0.04967	0.052051	0.060667	0.047765	0.069121	0.057684	0.060412	0.061873	0.066585	0.050162	0.041542	0.034454	0.034719	0.03198	0.02732	0.019495	0.025738	0.03252	0.02381	0.017906	0.011208	0.01774	0.031957	0.02618	0.022064	0.020294	0.029894	0.021169	0.01798	0.012235	0.00057282	0.0079087	0.0033884	-0.0061183	0.0059247	-0.0036293	0.004737	-0.00044789	-0.0065832	0.015187	0.0016244	-0.0091415	-0.017594	-0.0020832	0.0076547	-0.0038687	-0.0012494	-0.010212	0.0010164	-0.022182	0.0099906	-0.00056292	0.011974	0.020384	0.020198	5.87E-03	2.34E-02	0.0071988	0.010908	0.016937	0.01281	0.0033441	0.0056158	0.010633	0.00088254	0.0028199	9.85E-03	-0.001429	0.0022253	0.015922	-0.00073599	-0.008545	-0.00064228	0.012517	0.0023828	5.83E-03	0.009299	0.016872	2.58E-02	0.0068268	0.011632	0.017741	0.015182	0.0050484	-0.0063618	-0.0033921	-0.0070111	-0.0039275	-0.0055115	1.05E-02	-0.001394	-0.003633	-0.012948	-0.018063	-0.0114	-0.0055477	-0.018419	-0.011819	-0.0031692	0.0057806	0.0026243	-7.74E-04	0.00042489	0.0073128	0.01347	0.022633	0.026404	0.022423	0.049581	0.046853	0.055054	0.073613	0.077437	0.067733	0.075727	0.071156	0.067969	0.06644	0.059688	0.057295	0.055351	0.064273	0.052771	0.045817	0.056979	0.072619	0.055976	0.049294	0.049192	0.054027	0.043422	0.037594	0.022788	0.026307	0.037808	0.036069	0.037101	0.03616	0.028038	0.033578	0.0379	0.039033	0.023407	0.020169	0.013435	0.017412	0.016877	0.020076	0.019846	2.76E-02	0.022242	0.026768	0.025003	0.023395	0.031429	2.36E-02	0.016715	0.018105	0.021367	0.025578	2.80E-02	0.034169	0.036179	3.40E-02	0.024145	0.007298	0.015257	0.026562	0.013352	0.020462	0.020817	0.032381	0.023942	0.039333	0.046519	0.03956	0.032452	0.025579	0.032654	0.03663	0.037985	0.044148	0.023147	0.025398	0.024064	0.029263	2.56E-02	0.018091	-0.0036824	0.017512	0.016639	0.022789	1.29E-02	0.021637	0.011171	0.017758	0.025365	0.022181	2.64E-02	2.07E-02	0.016488	0.014869	0.0052731	0.0095734	0.028205	3.42E-02	2.18E-02	0.017977	0.01801	0.01044	0.014288	0.015414	0.0089328	0.0092243	2.28E-02	0.0054621	0.00025228	0.0032304	0.0088351	0.011551	3.17E-03	0.017561	0.011092	4.63E-05	-0.0070383	0.0065506	0.0092938	-0.0020179	0.00070637	-7.14E-03	-0.0098893	-0.0088963	-3.40E-03	-2.36E-03	9.31E-03	1.53E-02	0.015367	0.022057	0.037062	0.019205	-0.0010749	4.98E-03	0.013012	0.018592	0.01861	0.0074969	0.015499	6.58E-03	8.42E-03	0.0020364	0.0034007	3.87E-03	0.0099106	0.013366	0.012636	1.29E-02	1.26E-02	5.74E-03	-0.0014941	0.013149	0.015643	0.0044553	1.92E-02	2.37E-02	2.01E-02	1.86E-02	0.0019119	-0.005233	0.0091912	0.0091268	-0.0020539	-0.0092246	0.0081202	-0.0055279	7.77E-03	1.38E-02	-0.0070469	-1.89E-02	-0.01031	-5.15E-03	-0.014786	-1.16E-02	-9.66E-03	0.0095863	0.0098878	0.015207	1.19E-02	0.015539	0.017315	3.92E-03	-0.0012127	0.0039283	2.46E-03	0.011174	-9.62E-03	-0.011009	-0.0016183	1.10E-02	0.020224	1.59E-02	0.0077179	-0.0029512	4.70E-03	0.0032547	0.0081804	0.0075037	1.63E-02	0.0017977	-0.0020054	0.010445	-7.09E-05	0.010853	-9.31E-03	-0.0058457	-0.0036316	3.89E-04	x
0.017573	1.90E-02	0.021705	0.0050521	-1.44E-03	0.0046165	0.0019805	2.57E-03	1.57E-02	0.013801	-1.62E-03	-0.0039592	5.31E-03	0.017894	0.0078936	-1.02E-05	-0.016207	-0.013576	-0.015178	-1.45E-02	-0.027004	-0.011339	-0.0096891	-0.0043283	-0.0041923	0.01255	0.0059335	0.0055592	0.0059921	0.0026988	-0.0031916	-1.14E-02	-0.0021938	7.87E-03	0.0052026	0.011082	1.74E-02	0.020865	0.025188	0.042783	0.035227	0.041213	0.029586	0.030848	0.033358	0.024042	0.033739	3.78E-02	0.042596	0.038366	0.042758	0.040477	0.037132	3.79E-02	4.38E-02	0.054619	0.059742	0.049071	0.055143	0.042641	0.042008	0.040999	0.048169	0.055413	0.067532	0.055216	0.05571	0.041676	0.040587	0.029158	0.03666	5.04E-02	0.037068	0.037844	0.041735	0.043858	0.049183	0.05474	0.059247	0.059149	0.052821	0.044616	0.044467	0.056981	0.067107	0.06624	0.074303	0.087836	0.079386	0.097415	0.10544	0.11183	0.11085	0.10751	0.1013	0.089423	0.091264	0.096539	0.074221	0.070142	0.063235	0.064246	0.072392	0.064588	0.069704	0.067206	0.066789	0.074509	0.068626	0.091413	0.081751	0.070636	0.065241	0.074594	0.065519	0.072442	0.068982	0.075826	0.076211	0.081609	0.072846	0.076955	0.077268	0.074489	0.064561	0.066199	0.053581	0.045919	0.066161	0.042246	0.044011	0.036424	0.022019	0.044627	0.059048	0.054043	0.044673	0.054412	0.039224	0.038702	0.031893	0.039554	0.044504	0.036914	0.040954	0.036164	0.047687	0.04433	0.046878	0.040091	0.053082	0.05783	0.040568	0.047077	0.036317	0.028714	0.043852	0.041494	0.04353	0.035607	0.02896	0.027873	0.040667	0.04145	0.045973	0.056895	0.04659	0.055548	0.052621	0.057006	0.057838	0.070089	0.071268	0.055875	0.054521	0.036425	0.053178	0.044511	0.0304	0.019858	0.015034	0.018581	0.026779	0.030134	0.016756	0.0059337	1.90E-02	0.011037	0.02006	0.035517	0.039096	0.030188	0.048216	0.059784	0.068963	0.074678	0.081399	0.081002	0.099159	0.091706	0.080644	0.078823	0.075309	0.091872	0.091642	0.073772	0.068167	0.053272	0.038171	0.032514	0.0058398	0.011993	0.022111	0.029472	0.025666	0.025405	0.0096806	0.0074241	0.007702	0.013531	0.017933	0.019586	0.029669	0.038006	0.028159	0.040555	0.063224	0.064233	0.077183	0.091722	0.085228	0.106	0.1045	0.096418	0.08243	0.063945	0.052211	0.058984	0.056716	0.057009	0.044201	0.044847	0.035811	0.025754	0.034026	0.0060177	0.012539	0.022708	2.12E-02	0.0086658	0.0094457	0.011494	0.0057685	0.013433	0.018567	0.014358	1.31E-02	-0.0042582	-0.0064979	0.0079792	0.012546	-0.0030796	0.015018	0.024282	0.016873	0.004894	0.0061171	1.10E-02	0.018263	0.021941	0.020961	0.015127	0.0088189	0.022085	0.011861	0.010666	0.024283	0.027595	0.012015	0.011444	0.011277	0.025618	0.015314	0.021825	0.024651	0.02061	0.019878	0.028452	0.03433	0.029151	0.014215	0.0047636	0.010526	-0.00067138	0.024337	2.70E-02	0.02214	0.019461	4.52E-03	0.0029407	0.0060633	0.011152	0.0032525	0.017879	0.023003	0.017404	0.023693	0.018355	0.016821	0.03376	0.032663	0.023663	0.030725	0.017804	0.017458	0.025722	0.021497	0.02285	0.032417	0.030923	0.032452	0.037784	0.0399	0.040827	0.054693	0.031068	0.035802	0.03605	0.029986	0.01874	0.015712	0.035856	0.026011	0.040919	0.036031	0.0396	0.037852	0.028934	0.034013	0.028282	0.041305	0.041794	0.043199	0.03341	0.044505	0.037677	0.025334	0.01517	0.018768	0.016245	0.012368	0.010545	0.0088222	0.006119	0.00045342	0.011984	0.0071985	-0.00071642	-0.014565	0.0087835	0.013018	0.028773	0.026221	0.019338	0.01705	0.022096	0.031608	0.034195	0.030892	0.04095	0.030487	0.031617	0.026686	0.036077	0.040482	0.038492	0.026566	0.023692	0.037783	0.036246	0.045497	0.041381	0.042105	0.051872	0.037637	0.058018	0.054199	0.051903	0.047755	0.056132	0.041461	0.035255	0.029775	0.034041	0.03351	0.028226	0.017018	0.019901	0.024338	0.015679	0.011732	0.006703	0.013368	0.028199	0.015422	0.013015	0.0091809	0.022873	0.010153	0.012439	0.0011119	-0.0082125	-0.0032185	-0.0017012	-9.94E-03	-0.00378	-0.01429	-0.0072121	-0.0052134	-0.0095238	0.012494	-4.45E-03	-0.015075	-0.0212	-0.0045609	0.0084175	-0.007402	-0.0075666	-0.012217	-0.0078911	-0.030073	0.0036717	-0.0084844	0.0040704	0.017574	0.015351	-0.0017078	0.011636	-0.0036847	0.0081129	0.0095036	4.18E-03	-0.0025125	-0.0011169	1.51E-03	-0.0041913	-0.00090917	0.0065043	-0.0087003	-0.0048121	0.010921	-0.006711	-0.013659	0.00044187	0.0091559	0.0014184	0.0014817	0.0055842	0.013544	0.016671	0.00046094	0.0055956	0.0056469	0.0035525	-0.0080902	-0.016505	-0.014382	-0.017779	-0.011733	-0.010033	0.0002431	-0.0066543	-0.0082875	-1.39E-02	-0.021159	-0.016624	-0.0086043	-0.018148	-0.014431	-0.0093901	-0.001299	-0.00054258	-0.0028081	-0.0010154	0.0039493	0.016134	0.023514	0.028402	0.026926	0.052699	0.048174	0.060217	0.074661	0.087626	0.080202	0.07645	0.078397	0.075778	0.068731	0.064552	0.06174	0.061001	0.068811	0.056777	0.052667	0.06388	0.080368	0.064676	0.057938	0.058951	0.066538	5.73E-02	0.046651	0.030725	0.03333	0.048864	0.045293	0.047145	0.046086	0.040571	0.038328	0.041291	0.046668	0.037132	0.036089	0.021845	0.030743	0.024744	0.027786	0.028944	0.035026	0.025005	0.027751	2.66E-02	2.45E-02	0.036769	0.024814	0.022618	0.02371	0.029097	0.03522	0.037369	0.039309	0.039776	0.036522	0.029443	0.016161	0.015162	0.020672	0.0094102	0.019101	0.019129	0.034681	0.029633	0.042305	0.046556	0.035048	0.024928	0.022543	0.030038	0.030381	0.030074	0.038089	0.022744	0.02542	0.024027	0.02925	0.017105	0.0099739	-0.0059786	1.21E-02	1.32E-02	0.021109	1.68E-02	2.16E-02	0.012076	0.018568	0.024249	0.024872	2.02E-02	1.38E-02	0.010725	0.018977	0.010036	0.010826	3.20E-02	0.036188	0.025736	2.00E-02	0.016575	1.63E-02	0.019488	0.012926	4.81E-03	0.010602	0.020446	0.0060659	0.0062763	0.013516	0.011709	0.0091171	0.00056409	0.011122	0.011614	2.74E-03	0.0022667	1.29E-02	0.01212	-0.00079246	0.005813	-0.0096689	-0.0054404	-4.34E-03	-6.77E-03	-5.51E-03	0.008233	1.85E-02	0.018091	1.95E-02	0.042343	0.023949	-0.0043119	6.75E-03	0.010568	0.017408	1.70E-02	0.010463	0.010857	5.57E-03	7.01E-03	-2.92E-03	0.0016585	0.0052204	1.05E-02	0.010563	0.0046201	8.04E-03	9.37E-03	1.39E-03	-0.004742	0.012417	1.41E-02	4.25E-03	0.024055	0.022624	0.020837	0.018956	-0.0012981	-0.0076344	0.0032324	0.0015309	-0.0017106	-0.0065725	0.0021906	-0.0026086	0.0087698	0.012555	-0.0057412	-0.021741	-1.58E-02	-0.014693	-1.92E-02	-0.014555	-1.04E-02	0.013144	0.018045	0.013962	1.13E-02	0.017182	0.016672	0.0029827	-0.0017697	0.005463	0.0045515	8.85E-03	-0.0091967	-1.26E-02	0.0016717	0.017184	0.018556	0.016076	9.16E-03	-0.0016265	0.0038606	0.0014842	0.0092534	0.0024175	0.014272	0.0044311	0.010216	0.0092463	-1.96E-03	x
0.017897	0.028096	0.027359	0.0051783	-0.006887	-4.69E-03	-0.0048006	-2.34E-03	1.51E-02	1.70E-02	-0.0023556	-0.0012772	1.02E-02	0.02182	0.012165	5.16E-03	-0.0091367	-3.80E-03	-0.0075547	-0.016526	-0.031998	-0.016637	-0.0043032	0.0085015	8.04E-03	0.026407	0.020041	0.017595	1.69E-02	0.012788	2.02E-03	-0.0042783	0.013967	0.019528	0.022596	0.023348	3.62E-02	0.025992	0.020985	0.045136	0.039582	0.044895	0.031128	0.025577	0.02504	0.019542	3.95E-02	0.041005	0.037631	3.61E-02	0.040329	0.042953	0.039902	3.96E-02	0.047731	0.060641	0.064858	0.045826	0.05425	0.042676	0.043442	0.042827	0.042944	0.054561	0.064061	0.059114	0.060928	0.042084	0.039865	0.032074	0.045598	0.056161	0.044695	0.043837	0.047352	0.046735	0.058309	0.065288	0.064999	0.063341	0.054431	0.04997	0.054349	0.065558	0.080828	0.068958	0.073418	0.090093	0.084249	0.10391	0.11397	0.11359	0.10545	0.10513	0.10129	0.089813	0.094209	0.09993	0.080213	0.0656	0.065872	0.067541	0.074801	0.071504	0.068592	0.063651	0.061774	0.068224	0.062062	0.094522	0.082776	0.07198	0.066711	0.072608	0.067838	0.074099	0.067367	0.07791	0.073104	0.08246	0.074912	0.070556	0.064765	0.064617	0.055371	0.063973	0.051073	0.045256	0.068628	0.039276	0.038737	0.035196	0.019265	0.045949	0.054312	0.052381	0.040197	0.048764	0.029799	0.030439	0.028243	0.031516	0.038795	0.032563	0.037053	0.03764	0.048267	0.043306	0.047525	0.042033	0.050447	0.054727	0.038299	0.043373	0.033924	0.026779	0.050662	0.044742	0.04792	0.035571	0.027837	0.030055	0.035906	0.046325	0.043606	0.057489	0.047848	0.060228	0.051047	0.055995	0.061831	0.070349	0.070802	0.062409	0.058282	0.042301	0.05666	0.051568	0.032726	0.017679	0.0074385	0.017614	0.022723	0.020703	0.013919	0.0010254	0.012982	0.01063	0.019102	0.043767	0.042451	0.032077	0.051541	0.063572	0.070964	0.077038	0.08699	0.082866	0.10491	0.094962	0.082404	0.075227	0.073738	0.087342	0.08829	0.070462	0.057437	0.042466	0.030986	3.10E-02	0.0098458	0.014363	0.020205	0.016702	0.021322	0.027057	0.015395	0.0051161	0.0071122	0.0086667	0.012976	0.021597	0.033413	0.038549	0.024604	0.038839	0.058512	0.062266	0.081133	0.095489	0.083185	0.093567	0.089099	0.084912	0.066154	0.050096	0.040203	0.049188	0.049023	0.052497	0.042182	0.044531	0.035992	0.019041	0.028554	-0.0055217	0.0056491	0.018661	1.62E-02	0.0034034	0.0015193	0.0036803	0.001048	0.014081	2.30E-02	0.0104	4.72E-03	-0.016152	-0.0068224	7.01E-03	0.0084299	-0.0096059	0.010389	0.018071	0.0031028	-0.0063009	-0.0027807	0.0016127	0.015827	0.020543	0.024183	0.023628	0.012369	0.019847	0.0092337	0.0026932	0.017816	0.018632	0.0055378	0.0047312	0.0030066	0.019045	0.010621	0.020208	0.021129	0.016002	0.023142	0.030832	0.035881	0.029715	0.022725	0.0030329	0.011979	-0.00084279	0.029579	0.030645	2.48E-02	0.026109	0.0049019	0.0082521	1.53E-02	0.018289	0.017844	0.027201	0.025045	0.020173	0.023214	0.012891	0.009572	0.02834	0.030125	0.020619	0.034006	0.018447	0.015501	0.029383	0.015659	0.012484	0.03306	0.027733	0.027744	0.03244	0.038309	0.039946	0.05092	0.027487	0.033903	0.031396	0.029136	0.015784	0.014647	0.036065	0.026546	0.041796	0.031542	0.037595	0.039525	0.025106	0.024753	0.019753	0.035395	0.03382	0.034633	0.030228	0.039523	0.038304	0.028377	0.01613	0.018795	0.0067312	0.0076306	0.0050391	0.0019474	-0.006487	-0.013901	0.0055483	0.0056161	-0.0026045	-0.013505	0.0074826	0.0086493	0.026791	0.025292	0.015802	0.017388	0.011448	0.023872	0.033394	0.03143	0.04401	0.030761	0.026531	0.028054	0.039137	0.036359	0.036644	0.024994	0.021783	0.040893	0.035339	0.038434	0.03661	0.036534	0.04637	0.03207	0.045007	0.049243	0.041121	0.033011	0.048416	0.03722	0.035201	0.028653	0.032764	0.03331	0.028248	0.017776	0.016792	0.017258	0.0094815	0.0089784	0.008592	0.014243	0.026139	0.0090021	0.0068351	-0.00050095	0.017457	0.00016346	0.0048275	-0.0095173	-0.010327	-0.011048	-0.0041934	-0.0069693	-0.0082856	-0.01668	-0.015257	-0.0046221	-6.89E-03	0.010259	-0.0069011	-1.33E-02	-1.87E-02	-6.81E-03	0.012183	-0.0098289	-1.30E-02	-0.013189	-0.014845	-0.034185	-0.00092827	-1.41E-02	-0.0020184	1.52E-02	0.011387	-8.83E-03	-0.00025681	-0.012231	0.0059475	6.92E-03	-0.0024225	-0.0089152	-0.0056983	-4.15E-03	-0.0075575	-0.0036749	0.0014464	-0.013117	-0.0094096	6.37E-03	-1.44E-02	-1.80E-02	1.07E-05	0.0064542	0.0032549	-0.00019172	0.0014648	0.009008	0.0088127	-0.0045367	-6.14E-05	-0.007106	-0.0074298	-0.016911	-0.02202	-0.025049	-0.025268	-0.017316	-0.012415	-0.010038	-0.010975	-0.0086912	-0.010554	-0.022106	-0.020793	-0.010348	-0.016481	-0.011785	-0.014006	-0.005107	-0.0031967	-0.0020543	0.0018229	0.0037254	0.017736	0.023564	0.027884	0.030456	0.053081	0.048043	0.062399	0.072861	0.088746	0.082736	0.072544	0.082007	0.078403	0.064834	0.06808	0.060505	0.061722	0.068269	0.057591	0.055225	0.063083	0.078127	0.064003	0.061836	0.063854	0.074947	0.066688	0.052728	3.63E-02	0.03961	0.058457	0.053562	0.058664	0.05762	0.053998	0.044954	0.042899	0.052269	0.049555	0.050783	0.033671	0.044463	0.031518	0.031581	3.63E-02	0.03761	0.027666	0.029669	0.026327	0.024764	0.039077	0.020846	2.31E-02	0.025924	0.035032	0.041803	0.043898	0.038614	0.038723	0.035935	0.030763	0.022292	0.01311	0.017508	0.0057621	0.012262	0.015731	0.036988	0.034857	0.041849	0.043154	0.027906	0.014556	0.014843	0.025272	0.022265	0.019547	0.025469	0.020162	0.021434	0.02382	0.028764	0.010109	-1.05E-05	-0.0053248	0.0093747	0.01284	0.01696	1.82E-02	0.019911	0.013899	0.018845	0.019142	0.025113	0.011419	4.99E-03	7.08E-03	0.022777	0.015444	0.012251	3.35E-02	0.032374	0.025342	2.20E-02	1.62E-02	0.021324	0.022553	0.0091867	0.0010045	0.013104	0.012507	3.04E-03	0.011497	0.0249	0.016352	0.0048793	-0.002188	0.0050405	1.17E-02	0.0054876	1.19E-02	1.76E-02	0.013719	1.11E-04	0.010487	-1.12E-02	-2.19E-03	2.11E-03	-0.012012	-8.89E-03	0.0052081	1.66E-02	1.65E-02	1.62E-02	0.042189	2.39E-02	-7.11E-03	7.56E-03	9.17E-03	1.11E-02	0.014076	0.011434	4.72E-03	0.0042332	0.0013869	-0.010395	2.87E-05	0.0045664	1.28E-02	6.83E-03	-3.68E-03	2.96E-03	0.0077493	-0.0011339	-0.0059943	1.25E-02	0.010266	1.93E-03	0.026415	2.25E-02	0.023505	1.94E-02	-0.0037591	-0.0049463	0.00026605	-0.0045439	1.60E-03	-0.00086171	-0.0046791	0.0014043	0.0075887	1.16E-02	-1.36E-03	-1.80E-02	-0.016518	-1.96E-02	-2.14E-02	-1.75E-02	-9.89E-03	0.017198	0.026454	0.012103	8.63E-03	0.015517	0.015094	0.0013777	-0.0062363	0.00031041	4.10E-03	5.89E-03	-0.0085032	-1.15E-02	3.08E-03	0.018455	0.010657	0.012732	7.82E-03	7.86E-04	2.36E-03	0.0017247	0.012696	-4.83E-03	0.0076922	0.005269	0.019981	4.03E-03	-0.0065785	x
0.018779	0.039654	0.034108	0.0067132	-9.85E-03	-0.01349	-0.0087131	-0.0033464	0.018986	0.022471	3.89E-05	6.34E-04	1.51E-02	2.57E-02	1.50E-02	1.04E-02	0.0012772	0.0047041	-0.0034893	-0.019407	-0.036078	-0.021733	0.0065704	0.023979	2.32E-02	0.041453	3.82E-02	3.40E-02	0.028335	2.26E-02	9.39E-03	0.0073431	0.030766	0.032207	4.46E-02	0.037425	0.056409	0.03137	0.012955	0.042696	0.041461	0.046698	0.033696	0.02116	1.19E-02	0.010583	0.041159	0.040851	0.032065	0.035528	0.035104	0.042664	0.038448	3.87E-02	0.048081	0.060489	0.068474	0.044704	0.054769	0.041016	0.042492	0.043533	0.040952	0.054602	0.055754	0.059794	0.059749	0.04056	0.038714	0.035439	0.051536	0.058833	0.048637	0.045192	0.04618	0.049038	0.065871	0.073725	0.068306	0.066005	0.050728	0.053979	0.063572	0.076799	0.093132	0.070451	0.06998	0.09063	0.087934	0.1098	0.11841	0.10951	0.098901	0.10084	0.09674	0.086732	0.094917	0.104	0.090288	0.062773	0.071597	0.070472	0.078151	0.078906	0.072378	0.062804	0.056431	0.060309	0.057707	0.097142	0.083287	0.074202	0.064545	0.0658	0.067683	0.074688	0.062452	0.077771	0.072222	0.081901	0.079299	0.065205	0.0508	0.051882	0.047691	0.063558	0.051297	0.046986	0.069184	0.038527	0.034959	0.037623	0.021738	0.047596	0.048373	0.046507	0.035821	0.042886	0.022029	0.025232	0.025882	0.023159	0.033902	0.029927	0.035537	0.043304	0.050414	0.046782	0.052271	0.049644	0.04769	0.048757	0.034292	0.036849	0.034929	0.032002	0.062379	0.055022	0.055753	0.039041	0.026048	0.029889	0.032589	0.05265	0.04237	0.057663	0.050953	0.06577	0.053969	0.056497	0.065122	0.071146	0.067822	0.066168	0.059001	0.043633	0.055856	0.054134	0.033708	0.018285	0.002056	0.01734	0.017313	1.04E-02	0.011754	-7.49E-04	0.013111	0.013465	0.019418	0.051749	0.045515	0.034177	0.054088	0.067859	0.075449	0.080043	0.093242	0.088966	0.11102	0.095269	0.082539	0.074218	0.073831	0.080521	0.078679	0.065719	0.047477	0.03017	0.026188	0.030991	0.01737	0.018897	0.02128	0.0021902	0.01391	0.026773	0.022842	0.0082408	0.0085553	0.0033822	0.0087434	0.02267	0.037583	0.038258	0.02356	0.039851	0.052283	0.064138	0.081113	0.095703	0.079385	0.077927	0.071262	0.072605	0.048867	0.038706	0.030464	0.0422	0.043693	0.046946	0.046257	0.047344	3.65E-02	0.016711	0.027983	-0.0088212	0.0077785	0.017797	0.01549	0.0014107	-0.0040077	-0.00085147	0.00081822	0.013185	0.028456	0.0071639	-0.0046909	-0.023939	-0.0026044	0.0097744	0.0052383	-0.012923	0.0086643	0.013599	-0.010478	-0.01615	-0.012921	-0.0063136	0.011388	0.015928	0.027051	0.030548	0.015904	0.017227	0.01065	-0.00079079	0.011792	0.0053098	-0.00090851	-0.0045018	-0.0079588	0.0075316	3.21E-03	0.019055	0.017465	0.01402	0.024488	0.032157	0.040329	0.030312	2.92E-02	0.00389	0.01605	0.0041277	0.038315	0.037049	0.031487	0.035637	0.0080108	0.020507	0.027983	0.026576	0.033129	0.032006	0.023407	0.022461	0.022401	0.011006	0.0066205	0.023288	0.029355	0.016483	0.03797	0.024141	0.015273	0.033275	0.012661	0.00481	0.031832	0.023375	0.024798	0.026785	0.035118	0.036879	0.045098	0.026017	0.031942	0.02652	0.031129	0.01352	0.015543	0.034399	0.027116	0.039469	0.025539	0.03257	0.036085	0.019047	0.011156	0.011585	0.028972	0.022574	0.02523	0.029539	0.030957	0.041609	0.032104	0.019262	0.023139	0.00076008	0.0075848	0.004017	-0.00011082	-0.015598	-0.023391	0.0019982	0.0057925	-0.00042823	-0.0066369	0.0057931	0.001092	0.022318	0.024302	0.011742	0.021399	0.0038344	0.017323	0.033845	0.034889	0.050873	0.034751	0.024942	0.032083	0.042001	0.034912	0.037432	0.027907	0.025595	0.045102	0.032216	0.033349	0.035836	0.034999	0.044273	0.027769	0.028538	0.041535	0.029359	0.019053	0.043617	0.037645	0.041339	0.030647	0.029709	0.027833	0.02362	0.016476	0.012243	0.0093409	0.0038299	0.007104	0.013999	0.019357	2.50E-02	0.0072872	0.0049509	-0.0062704	0.01519	-0.006713	-0.0047617	-1.92E-02	-0.0045086	-0.013191	-0.0043684	0.0038245	-0.0046471	-0.010426	-0.019038	-0.001136	-0.0013596	0.0088831	-0.00602	-6.11E-03	-0.0128	-0.010501	0.016232	-0.011918	-0.018539	-0.014924	-0.020405	-3.49E-02	-4.65E-03	-0.017113	-6.11E-03	0.012575	8.20E-03	-0.0144	-0.010411	-0.01725	0.0035257	0.010484	-0.0033012	-0.013287	-0.0065177	-0.0046594	-9.14E-03	-0.0064622	-0.0065163	-0.014926	-0.011799	0.0023807	-0.024207	-0.02425	-0.0061072	2.49E-03	4.20E-03	-0.0013007	-0.0051524	0.0044331	0.0046575	-0.0071581	-0.0043401	-0.018281	-0.017414	-0.02315	-0.02205	-0.03249	-0.02922	-0.020825	-0.013088	-0.020552	-0.015495	-0.0057425	-0.0029833	-0.021939	-0.024044	-0.0097856	-0.014362	-0.0033023	-0.014174	-0.0024864	-0.0037417	0.0013651	0.008555	0.0056235	0.016276	0.020702	0.025755	0.032624	0.052931	0.046677	0.059103	0.066345	0.077384	0.072217	0.064126	0.081274	0.074294	0.054801	0.069753	0.053886	0.056432	0.061015	0.053316	0.051181	0.054073	0.06659	0.055166	0.062395	0.063477	0.078802	0.068691	0.054697	0.03831	4.46E-02	0.065761	0.059881	0.069149	0.069897	0.066971	0.053067	4.43E-02	0.055719	5.86E-02	0.061574	0.047305	5.55E-02	0.036864	2.88E-02	3.73E-02	0.033744	3.00E-02	0.031931	0.024218	0.024562	0.036636	0.010195	0.017264	0.023836	0.037861	0.04164	0.044583	0.033258	0.033656	0.031936	0.027002	0.023906	0.0085365	0.017048	0.0037203	0.0011232	0.0093487	0.038194	0.036743	0.036667	0.036128	0.020759	0.0061283	0.0046033	0.018379	1.28E-02	0.0076197	0.0086841	0.015377	0.012826	0.025599	0.027371	0.008361	-0.007492	-0.0011857	0.0090873	0.014814	0.010128	1.54E-02	1.64E-02	1.55E-02	0.018062	0.012404	0.025537	0.002804	-5.21E-03	0.0062202	0.025734	0.01916	0.01186	0.03223	0.022268	1.94E-02	0.025823	1.92E-02	0.025774	0.023693	0.0051541	3.56E-04	0.019097	-3.98E-05	-0.0060102	1.27E-02	3.30E-02	2.01E-02	-3.29E-03	-4.41E-03	2.31E-03	1.13E-02	0.0070575	0.018811	1.80E-02	1.17E-02	-1.06E-03	1.16E-02	-0.010575	-6.82E-04	0.0099794	-1.62E-02	-9.22E-03	4.11E-03	1.02E-02	0.011033	0.011746	3.77E-02	0.018212	-0.011512	0.0054377	0.0077516	-9.50E-05	0.0098823	1.11E-02	-0.0017852	0.0028946	-0.0079253	-0.019182	-3.37E-05	0.0023229	1.83E-02	0.0021093	-1.10E-02	-0.0025661	0.0074821	4.29E-04	-3.73E-03	1.02E-02	0.0017766	-2.84E-03	0.025953	0.025995	0.028808	1.71E-02	-6.13E-03	0.0022741	0.001053	-7.84E-03	0.0090345	0.007759	-0.011403	0.0053235	0.0055319	0.0109	4.71E-03	-8.71E-03	-0.013454	-0.019795	-0.023502	-0.020117	-8.25E-03	2.19E-02	3.43E-02	1.09E-02	4.76E-03	0.012666	0.01352	7.54E-04	-1.23E-02	-1.01E-02	0.00028035	0.0033678	-6.66E-03	-0.0069584	0.00025247	1.37E-02	0.00021798	0.0078243	0.0048103	3.00E-03	1.33E-03	2.57E-03	0.017586	-0.012707	-1.62E-03	0.0043297	0.025132	-3.92E-03	-0.013548	x
0.020932	0.053503	0.04313	0.0090528	-9.12E-03	-2.28E-02	-0.012159	-0.00098691	0.028967	2.91E-02	0.006246	0.0035536	1.77E-02	0.02592	0.012876	1.49E-02	0.012973	0.009653	-0.0084243	-0.025876	-0.040393	-0.028322	2.28E-02	0.038803	3.62E-02	0.056763	0.058676	0.053948	3.71E-02	0.03224	0.020564	0.020051	0.044288	4.32E-02	0.062489	4.76E-02	0.072683	0.033856	0.0016097	3.21E-02	0.037012	0.043112	3.64E-02	0.019023	-0.0028688	-3.38E-03	0.037171	0.03566	2.75E-02	0.038588	0.02863	0.040491	3.45E-02	0.033831	0.042342	0.050809	0.072202	0.047853	0.057254	0.0347	0.036813	0.041468	0.044448	0.057048	0.044939	0.057409	0.049779	0.037963	0.039809	0.037102	0.053042	0.060847	0.046489	0.039053	0.035746	0.048981	0.069693	0.077636	0.069733	0.067973	0.040944	0.054242	0.067562	0.088956	0.10168	0.068854	0.061906	0.086303	0.089463	0.11285	0.11801	0.10003	0.089796	0.093143	0.085054	0.077856	0.093518	0.10828	0.099358	0.061928	0.079556	0.074574	0.083731	0.085707	0.084169	0.065473	0.05314	0.05191	0.059322	0.10093	0.084708	0.078924	0.058839	0.056001	0.063116	0.07126	0.051454	0.073542	0.074278	0.080512	0.084492	0.062925	0.038074	0.035689	0.041515	0.063739	0.052219	0.050251	0.065939	0.040007	0.032737	0.04204	0.027582	0.050258	0.042987	0.039187	0.033401	0.038016	0.017235	0.024451	0.026419	0.0148	0.029822	0.031301	0.03865	0.05153	0.050719	0.055545	0.059025	0.059893	0.043214	0.037551	0.023882	0.02619	0.038225	0.043274	0.07635	0.07202	0.06406	0.046301	0.024224	0.025368	0.031693	0.06136	0.041855	0.055721	0.054987	0.073219	0.067807	0.060198	0.065978	0.074681	0.065293	0.065834	0.053857	0.034517	0.048292	0.047666	0.031058	0.021899	0.00037968	0.017702	0.010898	0.0011985	0.012223	0.0015622	0.019057	0.01598	0.018907	0.057851	0.046438	0.035168	0.050908	0.070129	0.080929	0.082898	0.09865	0.095808	0.11504	0.09207	0.077287	0.07464	0.073359	0.070489	0.060875	0.056242	0.035996	0.014215	0.023938	0.034507	0.029685	0.025151	0.025781	-0.0091078	0.0033383	0.022604	0.029744	0.018417	0.011047	-0.0016731	0.0062382	0.022847	0.041662	0.037806	0.025104	0.045138	0.047568	0.072983	0.07634	0.090649	0.074066	0.063245	0.052597	0.060109	0.032892	0.030968	0.024125	0.039813	0.04335	0.041481	0.06053	0.054536	0.034775	0.016581	3.23E-02	-0.00096668	0.020032	0.017808	0.02006	0.0030263	-0.0055573	-0.00044526	0.0041557	0.0072815	0.029494	0.0032701	-0.015064	-0.026236	0.0076922	0.01653	0.0063138	-0.011791	0.012842	0.016157	-0.018909	-0.022715	-0.021316	-0.0081102	0.0033686	0.0050224	0.024569	0.031818	0.014528	0.012073	0.013035	0.0014192	0.008442	-0.010848	-0.0051007	-0.015514	-0.022651	-0.0094179	-0.0053508	0.021009	0.016013	0.01685	0.02363	0.03564	0.0493	0.032337	0.030658	0.0035849	0.021577	0.013252	0.048439	0.043548	0.041756	0.047578	0.013378	0.037176	0.041157	0.035089	0.04606	0.030085	0.016047	0.022508	0.021452	0.014295	0.01065	0.019965	0.028634	0.013657	0.041831	0.033388	0.01638	0.036806	0.013756	0.0017108	0.028962	0.018436	0.023556	2.15E-02	0.026188	0.029854	0.039291	0.027708	2.93E-02	0.019489	0.033733	0.0092402	0.014983	0.028357	0.026217	0.031673	0.017371	0.023033	0.021334	0.0080241	-0.0041626	0.0052494	0.019614	0.0064701	0.015377	0.030867	0.016615	0.04494	0.033835	0.022879	0.031413	0.00027589	0.014125	0.0098197	0.0074353	-0.015782	-0.025206	0.0011815	0.0084784	0.0056412	0.0018795	0.0035754	-7.27E-03	1.40E-02	0.023286	0.0070627	0.028384	0.0010141	0.013458	0.035629	0.041873	0.06014	0.039601	0.028226	0.03738	0.041663	0.035796	0.038264	0.032492	0.032334	0.046382	0.02124	0.027526	0.039012	0.034174	0.043963	0.019878	0.0059863	0.030514	0.018902	0.0069791	0.039876	0.041254	0.051253	0.033474	0.024578	0.014228	0.0099817	0.0068382	1.30E-04	-0.0024969	-0.0040812	0.0029165	0.017847	0.027004	0.023161	0.0091984	0.0083998	-0.0055331	0.017239	-0.0073854	-0.016192	-0.028267	0.0087417	-8.80E-03	-0.0022002	0.022505	0.0079948	0.0017702	-0.019512	2.20E-03	0.0043502	0.0095541	-0.0042258	1.31E-03	-0.0086983	-0.016762	0.017954	-1.41E-02	-2.57E-02	-0.019272	-0.025757	-0.033226	-0.0095571	-0.01743	-0.0097145	0.007903	0.0046329	-0.018637	-0.017632	-0.018549	-0.00084462	0.020142	0.0050549	-1.32E-02	-0.0018495	3.35E-04	-0.0095545	-0.0099012	-0.018936	-0.014532	-0.012903	-0.0019044	-0.036922	-0.034233	-0.019624	-0.0033038	0.0018568	-0.0038575	-0.016638	0.0008875	0.0052127	-0.0070947	-0.0060565	-0.026295	-0.026125	-0.030097	-0.017987	-0.033502	-3.05E-02	-0.02299	-0.012417	-0.032056	-0.022264	-0.0010593	0.0083619	-0.020968	-0.025292	-0.0053441	-1.26E-02	0.0099926	-0.0077348	0.0094517	-0.00041839	0.0065496	0.01657	0.0073018	0.009217	0.013086	0.024942	0.033906	0.056086	0.044372	0.047438	0.05326	0.052352	0.047726	0.050798	0.07644	0.062465	0.038919	0.069506	0.043283	0.044656	0.045583	0.04093	0.038988	0.037557	4.87E-02	0.042224	0.062563	0.058175	0.078825	0.061399	0.051316	0.036279	0.048997	0.071187	0.065085	0.075415	0.08042	0.077636	6.15E-02	0.048111	0.057108	0.063722	0.066836	0.060664	0.061926	0.041657	0.018579	2.72E-02	0.023271	0.033074	3.25E-02	0.019419	0.024246	0.027802	-0.0080174	6.61E-03	1.79E-02	0.037992	0.031473	0.035818	0.025935	0.026848	0.02464	0.018511	0.020017	1.21E-03	0.016369	0.0040286	-0.012116	-0.00098539	0.035532	0.032775	0.026253	2.49E-02	0.014815	0.0037161	-0.0043368	0.010126	0.0029335	-0.0042355	-0.0082229	0.0099611	-0.00086182	0.031863	0.02504	0.01621	-0.0068905	0.0087808	0.0097701	0.017864	1.56E-03	7.01E-03	0.011606	0.016169	0.015964	8.01E-03	0.031473	-0.00019399	-0.015186	0.0086543	0.02764	1.65E-02	0.0070045	2.64E-02	4.93E-03	0.0064166	0.03156	0.026131	0.029577	0.023193	0.0019132	4.61E-03	0.029121	-0.016219	-2.16E-02	0.0082742	0.033412	0.017908	-0.01782	-6.71E-03	5.12E-03	0.011024	0.0076769	0.021493	0.011891	0.0041029	-0.0056309	0.0070444	-6.05E-03	-0.0010262	0.018244	-0.016499	-2.32E-03	8.92E-03	1.20E-03	3.16E-03	0.0043323	0.030109	0.0058823	-1.96E-02	-0.0015512	0.0044665	-0.015087	0.0043871	1.11E-02	-0.0076296	0.00077615	-2.07E-02	-0.027706	4.07E-03	0.00086547	0.027777	-5.31E-03	-0.017036	-0.0095291	7.39E-03	7.33E-03	0.0030244	0.00062448	-1.40E-02	-0.010377	2.19E-02	3.49E-02	3.76E-02	9.97E-03	-0.0076778	0.012501	0.0040499	-0.009601	0.021563	1.87E-02	-0.017811	0.0072708	0.0054751	0.012349	1.15E-02	2.83E-03	-0.009659	-0.016178	-0.027322	-0.019916	-0.0051905	2.72E-02	0.042559	1.21E-02	1.10E-03	0.010816	0.012058	3.77E-03	-0.014812	-0.02236	-0.0062839	0.0011749	-3.04E-03	1.27E-03	-0.010249	1.99E-03	-0.009034	0.0033481	1.57E-03	0.0037481	9.44E-04	0.0023802	0.021787	-0.020816	-0.011409	0.0012118	2.44E-02	-0.011581	-0.019911	x
0.02583	0.067533	0.055188	9.62E-03	-0.0045136	-0.035269	-0.019585	8.60E-04	0.043916	3.51E-02	0.015633	0.0090372	0.014461	0.017134	0.0016364	0.016195	0.023923	0.010513	-0.025915	-0.036722	-0.045219	-0.037626	0.040405	0.04718	0.038355	0.068013	7.70E-02	0.072706	0.039894	0.043858	0.039228	0.029995	4.96E-02	4.94E-02	0.061868	0.045671	0.077512	0.028724	-0.011723	1.03E-02	0.021928	0.029027	0.035603	0.017879	-0.011912	-0.021707	0.027699	2.26E-02	0.023401	0.045178	0.021817	0.036592	0.031603	0.023275	0.02818	0.027824	0.076879	0.053805	0.057061	0.016222	0.019534	0.03093	0.050793	0.057708	0.03314	0.051199	0.027863	0.033009	0.044027	0.031778	0.047532	0.065042	0.036597	0.022586	0.015818	0.043467	6.63E-02	0.07347	0.067661	0.067518	0.023099	0.045403	0.056632	0.093035	0.10055	0.060003	0.045325	0.068904	0.085341	0.1077	0.11206	0.085827	0.073722	0.078629	0.063391	0.058194	0.087891	0.10816	0.094784	0.058856	0.083921	0.081348	0.089738	0.089421	0.10492	0.069932	0.055013	0.042634	0.067042	0.10481	0.086626	0.086566	0.049063	0.045714	0.050838	0.058164	0.030456	0.061369	0.077815	0.079358	0.086425	0.063431	0.028302	0.014851	0.035031	0.059891	0.047223	0.05184	0.056131	0.042432	0.03032	0.044494	0.03242	0.053867	0.039959	0.036515	0.036857	0.038049	0.014573	0.026676	0.028988	0.0039187	0.023607	0.037261	0.047544	0.056557	0.041994	0.065979	0.061503	0.064488	0.033976	0.017267	0.00030865	0.0093281	0.040937	0.055765	0.084381	0.09031	0.064858	0.054377	0.023076	0.013964	0.032935	0.070728	0.039002	0.048232	0.056173	0.083085	0.096611	0.06541	0.059674	0.081172	0.06452	0.058088	0.037008	0.0078102	0.030039	0.024882	0.018232	0.023761	0.00062521	0.018639	0.0031828	-0.0061158	0.017603	0.0090115	0.027553	1.26E-02	0.013188	0.058204	0.042649	0.034334	0.034459	0.063599	0.081987	0.08333	0.099439	0.095212	0.11082	0.084344	0.061423	0.074683	0.068355	0.056717	0.035382	0.038062	0.016278	-0.0086256	0.024548	0.043272	0.047667	3.10E-02	0.034221	-0.0080287	-0.0085912	0.012436	0.032812	0.034706	0.011519	-0.0062906	0.0059804	0.021713	0.044658	0.037389	0.026463	0.054946	0.046738	0.088141	0.064078	0.076358	0.065974	0.053658	0.032931	0.046722	0.020612	0.025104	0.019555	0.041382	0.051045	0.03961	0.088463	0.065346	0.025082	0.013328	0.038091	0.017034	0.038023	0.012688	0.029293	0.0068899	-0.0018415	0.0059973	0.0086739	-6.60E-03	0.017783	-2.63E-03	-0.025474	-0.022494	0.025924	0.025335	0.01541	-6.82E-03	2.31E-02	0.029521	-0.016147	-0.024347	-2.20E-02	0.0029356	-0.01046	-0.016132	0.0093168	0.022812	-0.00042243	0.0004165	0.01177	0.00951	0.011864	-0.023797	-0.0029661	-0.027031	-0.042726	-0.031385	-0.012724	0.028604	0.019129	0.026497	0.021815	0.044726	0.0613	0.037676	0.024963	-3.62E-03	0.02582	0.023398	0.054404	0.046641	0.055076	0.060386	0.020434	0.054367	0.053174	0.045814	0.055969	0.022086	0.0014576	0.01826	0.019277	0.021981	0.022896	0.019106	2.46E-02	0.015227	0.042838	0.03882	0.015841	0.03713	0.018343	0.0040683	0.025563	0.011922	0.021212	0.017034	0.0043315	0.015418	0.033952	0.031442	0.023756	0.0082759	0.034025	-0.00039243	0.0084165	0.016932	0.02309	0.01585	0.006167	0.0058723	-0.010224	-0.010039	-0.015552	0.0018707	0.0027502	-0.01669	0.0057105	0.030756	-0.0092555	0.040533	0.028631	0.024348	0.042267	7.55E-03	0.02919	0.023233	0.028258	-0.0012673	-0.019743	0.00087494	0.014485	0.015706	0.006858	0.0015546	-0.010005	0.0013406	0.024629	0.0040688	0.037856	0.0029619	0.013637	0.03893	0.053085	0.067115	0.039912	0.036673	0.042248	0.035765	0.039544	0.035114	0.034349	0.034727	0.038943	-0.0027299	1.76E-02	0.045911	0.028549	0.042026	0.0040753	-0.024717	0.017104	0.013191	-0.0022685	0.032509	0.043721	0.058015	0.031621	0.018303	-0.008294	-0.016851	-0.016392	-0.026788	-0.02075	-0.017262	-0.0067203	0.012875	3.43E-02	1.69E-02	0.011276	0.016715	0.004805	0.023209	0.0022493	-0.030286	-0.038333	2.49E-02	0.00012502	0.003235	0.04761	0.026881	0.012734	-0.017561	0.0031994	8.33E-03	0.014457	-0.0060537	0.0013278	-0.013193	-2.47E-02	1.56E-02	-0.01497	-0.035286	-0.027047	-0.0305	-0.029803	-0.018612	-1.37E-02	-0.015542	-0.00044594	-1.75E-03	-0.024959	-0.021693	-0.016182	-0.0093819	0.03305	0.024825	-0.0069234	0.0094427	0.00869	-0.0098944	-0.013637	-0.036799	-1.19E-02	-0.013354	-0.0079333	-0.05223	-0.046613	-0.036935	-0.0076791	-2.61E-03	-0.0075046	-0.032648	0.00041728	0.010261	-0.0045884	-0.0024875	-2.91E-02	-0.03142	-0.040875	-0.012545	-0.023565	-0.03039	-0.02505	-0.01039	-0.044495	-0.032441	0.0041463	0.022447	-1.73E-02	-0.020409	0.0066723	-0.011458	0.023753	5.82E-03	0.031283	0.0080721	0.01112	0.019634	0.0042754	-0.0073165	-0.0008044	0.029723	0.035079	0.066173	0.039716	0.023307	0.031559	0.015475	0.010561	0.030853	0.068895	0.042766	0.017794	0.068231	0.031433	0.026701	0.021067	0.016261	1.88E-02	0.016283	0.028809	3.12E-02	6.51E-02	4.84E-02	0.077522	0.044544	0.039655	0.029085	0.054216	0.074161	0.07123	0.071547	8.16E-02	0.080532	0.066521	0.057366	0.05686	0.066387	0.065076	6.89E-02	0.061712	0.046628	0.0031484	2.91E-03	0.0092794	0.04018	0.026508	0.0095339	0.023791	0.01139	-0.032463	-0.0029136	0.011417	0.038315	0.0096583	0.013362	0.019879	0.022968	1.47E-02	0.0069177	9.92E-03	-6.88E-03	0.0099791	6.53E-03	-0.024273	-1.61E-02	0.02293	0.020951	0.010739	0.0077584	0.0091597	0.010319	-0.0059274	0.003016	-0.0049253	-0.013694	-0.018467	7.41E-03	-1.90E-02	0.044547	0.022091	0.0374	0.0078274	0.029841	0.010328	0.021872	-0.0056131	-0.0067729	0.0075237	0.01532	0.012644	0.010778	0.049935	0.011464	-0.020576	0.014822	0.02806	-0.0010503	-0.0051509	0.010919	-0.021874	-1.57E-02	0.034189	3.42E-02	3.12E-02	1.92E-02	4.83E-04	0.013529	0.03973	-0.033705	-0.039748	0.00048154	2.31E-02	0.0027918	-0.039942	-0.011522	0.013657	0.01185	0.0098164	0.020704	0.00040841	-0.0089795	-0.013758	-0.0034352	0.0045765	-0.0031616	2.45E-02	-1.13E-02	1.63E-02	0.023277	-0.0080755	-0.0049795	-0.0095687	0.01996	-1.26E-02	-0.031185	-0.013612	-0.00085067	-0.030687	-3.21E-03	0.012888	-0.012609	-0.0051872	-0.036461	-3.15E-02	0.016302	5.40E-03	0.040368	-1.80E-02	-2.10E-02	-1.85E-02	6.27E-03	0.019198	1.43E-02	-2.17E-02	-0.037999	-0.020357	0.012084	0.046495	4.87E-02	-0.0020181	-0.0054622	2.26E-02	0.0046803	-0.014458	3.93E-02	0.03024	-0.02461	4.75E-03	0.011651	0.019886	0.018888	0.010679	-1.03E-02	-0.010385	-0.033512	-0.012305	-0.0002083	0.031283	0.053475	1.84E-02	-4.75E-04	1.15E-02	0.010091	0.013785	-5.45E-03	-0.031083	-1.36E-02	-3.35E-03	0.0028243	0.01223	-0.032038	-0.017602	-0.013555	0.00067748	-0.00045827	0.0016169	-0.00085753	-0.00045669	0.021459	-0.029295	-0.018541	-0.0047255	1.69E-02	-0.013912	-1.91E-02	x
