Number of voxels: 100
Number of points per voxel: 692
Voxel Index:
11 11
12 11
13 11
14 11
15 11
16 11
17 11
18 11
19 11
20 11
11 12
12 12
13 12
14 12
15 12
16 12
17 12
18 12
19 12
20 12
11 13
12 13
13 13
14 13
15 13
16 13
17 13
18 13
19 13
20 13
11 14
12 14
13 14
14 14
15 14
16 14
17 14
18 14
19 14
20 14
11 15
12 15
13 15
14 15
15 15
16 15
17 15
18 15
19 15
20 15
11 16
12 16
13 16
14 16
15 16
16 16
17 16
18 16
19 16
20 16
11 17
12 17
13 17
14 17
15 17
16 17
17 17
18 17
19 17
20 17
11 18
12 18
13 18
14 18
15 18
16 18
17 18
18 18
19 18
20 18
11 19
12 19
13 19
14 19
15 19
16 19
17 19
18 19
19 19
20 19
11 20
12 20
13 20
14 20
15 20
16 20
17 20
18 20
19 20
20 20
Is labelled: No
0.012146 -0.010883 -0.0045932 0.010345 0.012187 -0.0040912 0.024124 -0.01482 -0.00079032 0.0038819 0.013285 -0.0033156 -0.02204 -0.021513 0.025315 0.013711 -0.010527 0.019641 0.0044226 -0.0051949 0.011653 0.032334 -0.011934 0.025082 0.034887 0.026962 0.0056757 -0.011243 0.0078336 -0.007693 0.029794 -0.0081505 0.015358 0.015912 0.0055448 -0.01295 -0.010024 0.00061776 0.008043 0.0026211 0.031344 -0.029982 0.018751 0.0053338 -0.0015251 0.027933 -0.0024367 -0.0014922 0.0046499 0.013324 0.013882 -0.03026 0.011157 0.039274 0.028417 0.036782 0.011797 -0.01261 -0.026473 -0.0041397 -0.0015635 0.0021679 0.0073265 0.021235 -0.001882 0.015836 0.0060755 0.029659 0.021046 0.017107 0.0094669 0.021361 0.016705 0.0050288 0.015904 -0.032662 0.0031523 0.0097507 0.010148 0.015961 -0.022024 0.016087 0.00057863 0.0057083 0.0064826 0.043004 0.046561 0.033003 0.049982 0.054211 0.022445 0.029609 0.067961 0.042247 0.023549 0.021513 0.021801 0.042029 0.019307 0.03258 -0.0013799 -0.017158 -0.0024072 0.035866 0.0032906 -0.014769 0.032374 0.012463 0.028871 0.047627 0.0026117 0.04246 0.027274 0.041564 0.015143 0.017884 0.064742 0.052506 0.012092 0.0043498 -0.0065331 0.017775 0.016114 0.012683 0.0084444 0.055112 -0.014862 0.044619 0.016151 0.031018 0.013184 0.01054 0.024101 -0.0027349 0.043387 0.041605 0.0004213 0.013605 0.060368 0.012512 0.011031 0.0075703 0.05027 0.01144 0.016005 0.010774 0.051859 0.035902 0.052079 0.015501 0.020847 0.049616 -0.0015234 0.035457 0.032733 0.022982 0.016164 0.053872 -0.0051625 0.024885 0.015916 0.0052983 0.03494 0.026009 0.040789 0.047709 0.015771 0.068189 0.054697 0.037336 0.037163 0.067736 0.027261 0.03192 -0.0015474 0.054978 0.033495 -0.0098037 -0.01167 0.015641 0.0090579 0.012279 0.0050065 0.016311 -0.00241 0.0020896 0.0050548 0.028661 0.015161 0.039168 0.031595 0.091477 0.074519 0.054083 0.043006 0.074024 0.091976 0.083784 0.10057 0.11113 0.10501 0.082649 0.056577 0.056639 0.022062 0.023498 0.024356 0.030439 0.030239 0.03263 -0.014044 0.010779 -0.0013255 0.0043394 0.012898 0.018685 0.045736 0.016738 -0.014472 0.0052462 0.0086523 0.010207 -0.022171 0.039515 0.063131 0.096365 0.097443 0.068291 0.10592 0.072479 0.047833 0.078589 0.063397 0.070864 0.0085873 0.075797 0.05643 0.045845 0.063345 0.059515 0.0074335 0.05139 0.02129 0.034786 0.034573 0.0072937 0.015935 0.017864 0.022007 -0.031718 0.0047184 0.0031447 0.010386 0.033077 0.0059821 0.013175 -0.00035579 0.010437 -0.013417 0.016196 -0.00018666 0.015146 0.045076 0.0063848 -0.004526 0.010113 0.019813 -0.0099456 0.0073416 0.015014 0.013262 0.02267 0.0084327 0.04042 0.023363 -0.010196 -0.0050304 0.036194 0.0045652 0.025943 -0.018002 -0.012155 -0.0051617 0.050941 0.039184 0.032195 0.029378 0.035472 -0.0021462 -0.0037949 -0.0086461 -0.0022506 -0.0041384 0.014868 0.02277 -0.016535 0.0032824 -0.004871 0.011618 0.013236 -0.0093737 0.013443 0.017753 0.0015835 0.00038522 -0.012597 0.034885 0.022337 0.02652 0.015533 0.012059 0.027506 0.0021264 0.046049 0.017857 0.017667 0.025175 0.0097331 0.022756 0.013403 0.051546 0.018231 0.027796 0.021 0.011247 0.022163 0.0019929 -0.0031459 0.039596 0.036076 0.019994 0.044483 0.024393 0.025978 0.073978 0.032505 0.048116 0.023628 0.034254 0.043275 0.044997 0.053038 0.023653 0.010196 0.03033 0.062124 0.035408 0.036094 0.013707 0.036395 0.031718 0.031413 0.004587 0.030611 -0.012896 0.011077 0.042387 0.025026 0.020565 0.039134 0.052868 0.016802 0.051739 0.040491 0.053376 0.027117 0.054362 0.044946 0.067928 0.057661 0.064175 0.056041 0.048409 0.064244 0.080908 0.078219 0.03498 0.090028 0.04721 0.077248 0.095082 0.085647 0.11989 0.10467 0.11641 0.083661 0.075598 0.1187 0.097638 0.059398 0.098579 0.070237 0.067234 0.043447 0.059461 0.050269 0.031683 0.065516 0.067087 0.053635 0.024783 0.046386 0.051072 0.024774 0.032433 0.058446 0.019227 0.05841 0.017178 0.064751 -0.0024057 0.054778 0.039552 0.02468 0.041159 0.037129 0.034412 0.023451 0.0097611 -0.009312 0.045096 0.010225 0.019974 0.014875 0.032133 0.043398 0.040603 0.031712 0.037651 0.014626 0.026191 0.015037 0.040493 0.045928 0.032659 0.061545 0.042498 0.018164 0.027494 0.034963 0.019271 0.013168 0.052765 0.0014422 0.05451 0.011631 0.032039 0.047583 0.029966 0.014034 0.019751 0.011352 0.054478 0.035578 0.027171 0.014006 0.0088285 0.014508 0.021739 0.016854 0.025853 0.015783 0.040564 0.060789 0.024727 0.068752 0.042635 0.037936 0.033312 0.057653 0.065841 0.048537 0.052394 0.052866 0.041581 0.067353 0.037981 0.056524 0.037323 0.032504 0.037209 0.081059 0.029655 0.091017 0.071783 0.086171 0.10011 0.10928 0.12218 0.10367 0.082205 0.086467 0.041157 0.075292 0.094732 0.070329 0.062597 0.050854 0.03478 0.047989 0.019726 0.041537 0.00085556 0.024698 0.014397 -0.005187 0.021343 0.024843 0.012504 0.018967 0.028665 0.021305 0.033875 0.030962 0.046236 0.044435 0.031214 0.038116 0.054544 0.054263 0.017408 0.0019647 0.021713 -0.0099714 0.0016003 0.0017561 0.001814 0.023902 -0.010547 0.019149 -0.0055311 0.037313 0.035436 -0.0074101 0.032448 0.012858 0.0024927 0.017833 -0.026709 0.0034963 -0.0089101 -0.031686 0.054276 0.023141 0.035508 0.064161 0.054984 0.048533 0.032011 0.044646 0.064712 0.03908 0.054516 0.066774 0.045202 0.059607 0.042063 0.062219 0.066339 0.049359 0.060484 0.052669 0.07188 0.061131 0.061478 0.037424 0.04614 0.04992 0.016784 0.065458 0.0056488 0.02079 0.031838 0.023215 0.012482 0.022637 -0.0059205 0.040056 0.0454 0.018865 0.013189 0.032462 0.040831 0.033174 0.035097 0.040624 0.022714 0.036336 0.0097917 0.026061 0.0392 0.020468 0.030707 0.018261 -0.0081044 -0.0010368 0.0010376 0.05354 0.029292 0.029446 -0.0050144 -0.011539 0.028092 0.024207 0.0032859 -0.012651 0.014945 0.022855 0.033865 0.037402 0.019814 0.0048601 0.010959 -0.0086559 0.007165 0.022746 -0.00073329 0.0092771 0.020574 0.0069603 0.034545 -0.018072 0.013652 -0.020744 -0.0097565 -0.0015314 0.01201 0.023556 0.040393 0.040679 0.00059931 0.0022735 0.0096983 0.02182 0.02231 -0.016596 0.020143 -0.019129 -0.0017141 -0.026836 0.021753 0.041786 0.030102 -0.011429 0.010968 0.013062 -0.0069723 0.0090551 0.01445 -0.0063912 -0.0048845 0.031877 0.019974 0.039832 0.0018867 -0.0099356 0.019458 -0.0059736 0.041613 0.007996 0.0028459 -0.009251 -0.014314 0.0073187 0.004455 0.042518 -0.026502 0.023382 0.027508 -0.016092 -0.0121 0.036465 0.0031075 0.0058308 0.010486 0.0073649 0.0044189 0.021133 0.044787 -0.0026345 0.043849 -0.019441 0.00042339 0.021097 0.009936 -0.0035929 0.021136 0.004507 0.006267 0.0041469 -0.0056223 0.011509
0.013099 -0.019779 -0.0073399 0.0060769 0.015247 0.0021407 0.024928 -0.010064 0.019399 0.0092377 0.029523 -0.0014784 -0.019541 0.00097377 0.017938 0.011294 -0.0058647 0.018747 0.012299 -0.0040167 0.017042 0.02325 -0.017135 0.017585 0.032394 0.029984 0.011642 -0.017455 0.00071177 0.0027787 0.025987 -0.002857 0.018965 0.021373 0.0030826 -0.0062825 -0.018175 0.00025691 0.019823 0.0051425 0.019289 -0.018583 0.02265 0.014805 0.0068124 0.031432 -0.0027372 0.0066681 0.0043479 0.023674 0.010051 -0.024275 0.0011766 0.03077 0.020043 0.023084 0.015373 -0.0042561 -0.023069 0.0061728 0.0037805 0.020943 0.0093013 0.011855 0.0066996 0.005462 0.0073236 0.020097 0.021496 0.020114 0.025336 0.020591 0.0082971 -0.0065906 0.021861 -0.022223 0.0063722 0.018195 0.019211 0.011952 -0.0012111 0.0083334 -0.0017614 0.0145 0.0097493 0.048835 0.051824 0.038089 0.040272 0.051765 0.039223 0.024992 0.067234 0.042071 0.023957 0.034714 0.028034 0.05318 0.022589 0.043113 0.017005 -0.011502 0.017155 0.02363 0.00063671 -0.013497 0.026194 0.01821 0.025595 0.046988 0.019801 0.051724 0.037588 0.043463 0.015293 0.028561 0.065653 0.056292 0.01848 0.016401 0.0045445 0.031355 0.020311 0.016174 0.012483 0.048489 0.0083046 0.032934 0.017116 0.02073 0.022494 0.0056108 0.023256 0.017471 0.034835 0.025286 -0.0043228 0.023721 0.049864 0.016647 0.027603 0.018529 0.045676 0.0093077 0.029183 0.013916 0.05576 0.048156 0.049428 0.026268 0.031452 0.055481 0.024089 0.031248 0.029552 0.025065 0.015219 0.043078 -0.01083 0.022887 0.015312 0.011291 0.035005 0.03356 0.037954 0.046594 0.04587 0.069178 0.067646 0.04676 0.041368 0.071117 0.03144 0.030604 0.009105 0.051081 0.030666 -0.013259 -0.0088527 0.012902 0.0027998 0.020505 0.001092 0.018808 0.00032652 -0.0002289 0.0099044 0.039211 0.01867 0.051096 0.030314 0.081038 0.066113 0.056259 0.040201 0.082975 0.11092 0.10338 0.11587 0.12096 0.11311 0.087076 0.05021 0.059619 0.027574 0.025557 0.034795 0.020953 0.027018 0.027235 -0.0027523 0.010701 0.007453 0.0058017 0.016037 0.013469 0.026561 0.021864 -0.016176 -0.0020435 0.0015303 0.017787 -0.020338 0.029888 0.077463 0.10012 0.10044 0.078739 0.108 0.080906 0.053081 0.092877 0.059269 0.071638 0.010292 0.064707 0.045806 0.03453 0.057276 0.0542 0.022141 0.043472 0.012253 0.033254 0.03242 0.003767 0.014894 0.028101 0.020176 -0.029416 0.0073613 0.0064606 0.011302 0.015877 0.006529 0.013734 -0.0059494 0.0022349 -0.0075697 0.011956 0.012417 0.018913 0.033133 -0.00056377 0.002055 0.0021207 0.013822 -0.0026752 0.0093767 0.010117 0.0034974 0.022161 0.0082068 0.027968 0.016819 -0.0042253 0.0035648 0.025044 0.0031257 0.014643 -0.013782 -0.012638 0.0013681 0.040944 0.04636 0.023012 0.035585 0.037463 0.004055 -0.0088966 0.0095367 0.0017981 -0.00096788 0.015362 0.018311 -0.010427 -0.0014168 0.0034413 0.0068231 0.02096 0.005654 0.0105 0.016699 0.0055455 -0.0018669 -0.0038813 0.03242 0.024606 0.027101 0.019453 0.017716 0.023739 0.0058455 0.045064 0.024823 0.013074 0.018767 0.011338 0.019482 0.014175 0.053579 0.023605 0.035993 0.020279 0.012871 0.015196 0.0028134 0.00683 0.041983 0.030226 0.029191 0.055148 0.040375 0.035849 0.056435 0.027845 0.053301 0.032453 0.03701 0.045945 0.040609 0.055978 0.01891 0.011731 0.033898 0.055106 0.037107 0.034999 0.021933 0.040908 0.028234 0.029766 0.0073059 0.034714 -0.0067765 0.01888 0.040581 0.027224 0.021297 0.044942 0.059869 0.022975 0.046749 0.027446 0.050144 0.04469 0.049995 0.055642 0.068634 0.048876 0.070389 0.061938 0.050338 0.064562 0.071865 0.07651 0.029227 0.08444 0.031503 0.070391 0.098176 0.10189 0.11969 0.11463 0.12141 0.067561 0.07296 0.11264 0.091694 0.057042 0.086571 0.066827 0.060958 0.044272 0.057024 0.036832 0.040823 0.056413 0.058476 0.048378 0.02657 0.039859 0.049648 0.033249 0.027425 0.049557 0.020584 0.047388 0.014686 0.055991 0.013421 0.052247 0.039022 0.02289 0.03176 0.037524 0.023898 0.029717 0.02265 -0.014982 0.04652 0.013664 0.02847 0.018859 0.027875 0.043065 0.041591 0.02444 0.016769 0.02221 0.021009 0.013676 0.046664 0.038062 0.025428 0.051899 0.033021 0.016212 0.02186 0.016448 0.024125 0.01205 0.04719 0.010826 0.044063 0.0049436 0.034873 0.039523 0.031191 0.022133 0.014744 0.012792 0.043863 0.034275 0.031429 0.012411 0.004333 0.0043563 0.017991 0.013021 0.028353 0.0032734 0.02972 0.046054 0.0193 0.054172 0.042986 0.033267 0.026124 0.050131 0.057751 0.045702 0.052226 0.052027 0.045859 0.065155 0.025517 0.057822 0.036463 0.045576 0.035133 0.079276 0.029246 0.093631 0.08028 0.085907 0.098812 0.1126 0.13987 0.10753 0.10672 0.089454 0.053462 0.081902 0.10216 0.073111 0.060014 0.063608 0.050047 0.052909 0.026226 0.040093 0.015444 0.039034 0.035255 0.011473 0.026658 0.02271 0.025784 0.03306 0.024931 0.027019 0.030615 0.030128 0.048496 0.035723 0.036685 0.030386 0.052946 0.059169 0.027332 0.01095 0.02307 -0.0079827 0.0057816 0.00076457 0.0083458 0.016387 0.0071833 0.02449 -0.0063729 0.047753 0.028008 -0.0092551 0.026776 0.017373 0.0011276 0.017456 -0.025879 0.0043682 -0.0072099 -0.025455 0.041211 0.02621 0.039028 0.057869 0.045684 0.052323 0.0297 0.055709 0.064115 0.040991 0.055281 0.069081 0.052985 0.062478 0.035524 0.061858 0.060268 0.048821 0.050877 0.052581 0.070633 0.049552 0.062546 0.032928 0.036228 0.045925 0.029051 0.066729 0.012977 0.024406 0.031492 0.013961 0.013929 0.015561 0.0030706 0.030988 0.038419 0.018896 0.012439 0.027203 0.029925 0.021982 0.041627 0.030828 0.01541 0.027312 0.01139 0.010791 0.028562 0.027237 0.014238 0.01394 -0.013686 -0.001331 0.0013997 0.047183 0.01929 0.036402 -0.0041585 -0.0056461 0.030182 0.031979 0.016458 -0.01196 0.011919 0.0086835 0.025214 0.029141 0.025013 0.0086086 0.01492 0.0033934 -0.012826 0.013036 0.0029639 0.00092143 0.023947 -0.0029287 0.048972 -0.01417 0.0045516 -0.011572 -0.0057359 -0.0053672 0.018714 0.011694 0.033936 0.035342 0.001302 0.00071627 0.0070769 0.016332 0.02079 -0.019173 0.024204 -0.022219 0.0066699 -0.0030152 0.025694 0.034509 0.029526 0.0032672 0.003457 0.010236 -0.0043815 0.0019251 -0.0031114 0.0015367 -0.0064983 0.019228 0.0144 0.028204 0.001803 0.00041046 0.016233 -0.011527 0.032295 0.0099887 0.0079512 -0.0056411 -0.0038992 0.0087177 -0.0016267 0.036312 -0.029755 0.018205 0.022496 0.002264 -0.010314 0.023867 0.00097389 0.0084903 0.01672 -0.0038908 0.0056145 0.015148 0.038444 0.005274 0.034866 -0.0128 0.0010661 0.011359 0.014478 -0.014008 0.004962 0.019623 -0.0033619 0.0066007 -0.004087 0.019379
0.010372 -0.02361 -0.0075618 0.0016926 0.012323 0.0057959 0.018426 -0.0025883 0.028766 0.00091663 0.03448 0.0027478 -0.014955 0.018778 0.012332 0.0087299 0.00029322 0.019575 0.015453 -0.0048172 0.016399 0.011453 -0.017629 0.010936 0.02611 0.03184 0.014152 -0.017297 -0.00019387 0.015548 0.023831 0.0015389 0.018251 0.021592 0.0022191 0.002453 -0.026749 0.00060293 0.030514 0.010824 0.0036078 -0.0047391 0.024726 0.021617 0.013227 0.031811 0.00029321 0.016019 0.0017571 0.029349 0.0042005 -0.01205 -0.0064883 0.020679 0.013802 0.011505 0.015089 0.0075119 -0.013887 0.017014 0.01119 0.032251 0.013914 0.002436 0.013043 0.0053748 0.0091036 0.011359 0.024475 0.021764 0.030233 0.022404 0.0066956 -0.011014 0.025311 -0.0010527 0.012841 0.024737 0.025334 0.0073327 0.014162 0.00038728 0.0015921 0.020708 0.0099758 0.050898 0.0552 0.045547 0.032137 0.049562 0.049092 0.026347 0.064703 0.039272 0.029995 0.048954 0.034859 0.05989 0.027535 0.058484 0.031711 -0.0059991 0.029145 0.014468 0.0024529 -0.0078943 0.020577 0.022972 0.020908 0.04434 0.033267 0.058634 0.043696 0.052842 0.017015 0.038297 0.060462 0.056902 0.02759 0.028751 0.015905 0.042833 0.023489 0.022761 0.016716 0.040455 0.020313 0.02405 0.019704 0.0098663 0.028945 0.0017318 0.020353 0.032577 0.030968 0.012755 -0.0041437 0.030841 0.041466 0.024315 0.044621 0.030181 0.033787 0.015004 0.038486 0.017104 0.055794 0.051307 0.050524 0.035275 0.041698 0.057233 0.038048 0.029251 0.025704 0.027974 0.015639 0.029925 -0.014869 0.019156 0.017354 0.02034 0.035183 0.036383 0.038987 0.043378 0.064892 0.066122 0.07129 0.055427 0.039841 0.067916 0.034873 0.034284 0.01993 0.04583 0.023106 -0.010854 -0.0043012 0.0095378 -0.0032392 0.026751 0.0051425 0.016463 0.0037994 0.0034472 0.016617 0.043807 0.023757 0.063604 0.029219 0.072832 0.059474 0.062494 0.041236 0.09237 0.11934 0.11427 0.12539 0.12027 0.11057 0.084908 0.051528 0.065159 0.036101 0.028514 0.042219 0.013439 0.027976 0.027057 0.0084316 0.010096 0.01577 0.0066252 0.020338 0.0054516 0.011695 0.023644 -0.010219 -0.0051816 -0.0033321 0.020555 -0.0097216 0.021529 0.080485 0.094244 0.099764 0.082402 0.10459 0.08381 0.056006 0.094777 0.058756 0.074052 0.021437 0.050961 0.031753 0.030581 0.049287 0.043845 0.02748 0.043949 0.012089 0.030499 0.028037 0.0033308 0.016989 0.033081 0.022593 -0.021533 0.0059734 0.009467 0.0053017 0.0047968 0.0057217 0.013267 -0.0091632 -0.0033467 -0.0020441 0.0098918 0.017622 0.019622 0.02067 -0.0019299 0.0091723 -0.0050164 0.0044327 -0.0013369 0.019996 0.0073494 -0.0033459 0.022021 0.01007 0.020623 0.010237 -0.0055396 0.012881 0.017709 0.002375 0.0097715 -0.010006 -0.008044 0.0066841 0.030121 0.043997 0.015576 0.034759 0.03695 0.0097987 -0.012065 0.025544 0.0035034 0.0030058 0.014144 0.015368 -0.0044875 -0.0053906 0.01195 0.0087707 0.020089 0.010876 0.011467 0.014104 0.0066103 -0.0020247 0.0058797 0.02954 0.025709 0.024006 0.021077 0.021444 0.024908 0.012648 0.039904 0.030175 0.012332 0.017147 0.015267 0.015158 0.016666 0.050278 0.027702 0.041805 0.019453 0.017618 0.0067813 0.0071273 0.01363 0.036392 0.030578 0.036425 0.057233 0.056167 0.0456 0.035953 0.029394 0.055521 0.040895 0.035861 0.047812 0.037044 0.050252 0.019044 0.015082 0.032934 0.045124 0.038791 0.036583 0.034023 0.040238 0.027537 0.031375 0.015824 0.041668 0.00013334 0.020864 0.033116 0.028123 0.025905 0.046555 0.06209 0.024124 0.040696 0.020732 0.050127 0.054411 0.050134 0.06098 0.065922 0.046929 0.072532 0.067771 0.056257 0.062783 0.065469 0.070605 0.026323 0.072877 0.027628 0.063285 0.10447 0.10665 0.11579 0.11636 0.11606 0.061122 0.072792 0.10243 0.082608 0.059489 0.073506 0.064195 0.05603 0.04604 0.055988 0.028235 0.049231 0.046637 0.05222 0.038557 0.02931 0.032427 0.047192 0.03702 0.027641 0.038273 0.024514 0.037987 0.012317 0.044293 0.025078 0.043776 0.037337 0.020694 0.02213 0.036265 0.016706 0.034823 0.030316 -0.017982 0.04047 0.019459 0.029473 0.022207 0.021998 0.042291 0.039104 0.023741 0.0041803 0.027938 0.014886 0.012898 0.04931 0.032821 0.015693 0.037538 0.026026 0.012895 0.023013 0.0064048 0.029401 0.013126 0.039978 0.017996 0.033242 0.003352 0.032952 0.025854 0.029869 0.026311 0.0084464 0.011322 0.032095 0.034505 0.031431 0.015433 0.0061455 0.0047328 0.019048 0.012887 0.035922 -0.0012654 0.019954 0.031143 0.011894 0.037758 0.042388 0.032847 0.024122 0.041574 0.048138 0.039842 0.04643 0.051052 0.046732 0.057252 0.016418 0.057687 0.037594 0.056751 0.034129 0.073887 0.028355 0.091207 0.083707 0.0852 0.1001 0.11504 0.15126 0.11282 0.12051 0.094991 0.06839 0.088184 0.10502 0.081221 0.065873 0.079844 0.066324 0.064276 0.035671 0.040051 0.029809 0.049603 0.047379 0.024925 0.029539 0.024936 0.035693 0.045199 0.022211 0.032484 0.026369 0.035022 0.04932 0.026817 0.038358 0.024399 0.045908 0.054469 0.032842 0.022191 0.025155 -0.0026688 0.011318 0.0015337 0.014559 0.0085875 0.017706 0.025258 -0.00089987 0.046726 0.020499 -0.0094027 0.020368 0.017165 0.00078103 0.013402 -0.020674 0.012019 -0.0019771 -0.016474 0.029206 0.027399 0.037781 0.047432 0.036611 0.049687 0.030082 0.061433 0.063011 0.038714 0.057918 0.068515 0.056685 0.058366 0.029275 0.065915 0.053907 0.044291 0.045028 0.050074 0.069008 0.04008 0.058061 0.030626 0.034962 0.0409 0.033971 0.062694 0.016613 0.032346 0.028748 0.010172 0.016108 0.01487 0.012481 0.018143 0.03141 0.017921 0.0069051 0.018813 0.018496 0.014154 0.039583 0.020181 0.0094808 0.016929 0.010929 0.0048913 0.020458 0.029663 0.010479 0.0093527 -0.016558 -0.0059577 0.0040539 0.038596 0.00805 0.03862 -0.0027968 -0.00020386 0.023476 0.032153 0.023476 -0.0073394 0.0021272 0.0018516 0.017404 0.016521 0.029088 0.016563 0.017963 0.0079249 -0.023509 0.0091703 0.0076287 -0.0042246 0.021303 -0.010107 0.053183 -0.0059495 -0.0044406 -0.0067764 -0.0055779 -0.0049076 0.025551 0.0047835 0.022946 0.027566 0.0043403 0.00073175 0.0031222 0.0057183 0.020931 -0.015738 0.022446 -0.019494 0.011057 0.012854 0.023543 0.02519 0.026358 0.01157 0.0063921 0.0075522 -0.00016162 0.0015451 -0.013855 0.0092122 -0.0061544 0.0020235 0.010977 0.018292 -0.0035886 0.0030709 0.0097553 -0.013316 0.02162 0.017865 0.01095 0.0029285 0.0047059 0.011081 9.9733e-05 0.017251 -0.023309 0.010134 0.018107 0.017609 -0.0092247 0.014789 2.2406e-05 0.0093037 0.018513 -0.0077065 0.0013197 0.0085299 0.030877 0.01112 0.022108 -0.006691 0.0023749 0.0033019 0.016953 -0.020665 -0.010801 0.033738 -0.0082432 0.0053879 -0.0035399 0.027577
0.0041824 -0.021319 -0.0060627 0.00018188 0.0065487 0.0064755 0.009047 0.0020922 0.025884 -0.014754 0.027499 0.0068645 -0.0086539 0.028494 0.00878 0.0060772 0.005053 0.020639 0.015657 -0.0064958 0.010508 0.0019798 -0.015518 0.008051 0.019051 0.030566 0.010872 -0.0093571 0.0044496 0.025473 0.024158 0.0037529 0.016831 0.017388 0.0061537 0.010322 -0.030236 0.00315 0.036551 0.017822 -0.0077681 0.0079072 0.024536 0.022907 0.018628 0.029515 0.0038345 0.023269 0.00052782 0.02853 -0.002438 0.0042213 -0.0074086 0.01563 0.011922 0.0053975 0.014191 0.019579 -0.00022385 0.026351 0.019198 0.034336 0.019206 -0.0032857 0.016332 0.012317 0.012708 0.007558 0.028113 0.023537 0.028696 0.025584 0.010229 -0.0074253 0.024824 0.021901 0.01952 0.027462 0.026327 0.0070926 0.023686 -0.0032144 0.0066037 0.023509 0.011853 0.048849 0.057355 0.050385 0.031493 0.048082 0.051537 0.031728 0.06161 0.037589 0.041006 0.060344 0.041377 0.06123 0.033601 0.072175 0.043316 -0.0018006 0.035303 0.013783 0.011109 0.0010652 0.016976 0.026453 0.019713 0.043625 0.041315 0.062242 0.04683 0.064327 0.024177 0.046315 0.052906 0.055882 0.039529 0.040024 0.024834 0.050586 0.027654 0.031894 0.020676 0.034082 0.022987 0.020793 0.023184 0.0024233 0.031338 0.00019355 0.0193 0.042078 0.031531 0.0094255 0.0025536 0.034381 0.039705 0.034366 0.058098 0.039909 0.020662 0.02801 0.043027 0.021197 0.056163 0.048872 0.055881 0.041189 0.048116 0.055418 0.041381 0.029014 0.023253 0.031131 0.019213 0.018024 -0.013708 0.016131 0.023842 0.029264 0.035687 0.037603 0.042806 0.038513 0.069873 0.061171 0.069704 0.061178 0.033484 0.061478 0.036773 0.042064 0.02894 0.042922 0.014565 -0.0054502 0.0035463 0.0091997 -0.0088052 0.0308 0.014898 0.012077 0.0085436 0.011098 0.023628 0.043659 0.029196 0.07173 0.029985 0.067305 0.05994 0.071943 0.049095 0.096404 0.11884 0.11693 0.12528 0.11254 0.10066 0.081523 0.062441 0.069967 0.050489 0.03625 0.045963 0.012182 0.032866 0.030203 0.01931 0.010508 0.024334 0.0067663 0.026734 -0.0012984 0.0038396 0.021206 -0.00041261 -0.0041069 -0.0021813 0.017874 0.0042001 0.017987 0.074362 0.081296 0.091999 0.080144 0.096932 0.083039 0.058118 0.087457 0.060177 0.077641 0.038277 0.038739 0.022479 0.034436 0.043085 0.034334 0.024787 0.04728 0.020719 0.027867 0.022032 0.0090866 0.022822 0.032752 0.027962 -0.011873 0.0027007 0.01152 -0.0027725 0.0024301 0.0039233 0.011181 -0.0069814 -0.0057345 0.0045589 0.01239 0.016033 0.01578 0.012652 0.0010538 0.015041 -0.0084141 -0.0015054 -0.0034051 0.03085 0.0057692 -0.0071139 0.017611 0.010931 0.016242 0.0037979 -0.011026 0.019231 0.014433 0.0019572 0.010678 -0.0067794 2.1249e-05 0.0086922 0.020133 0.035437 0.0097138 0.029022 0.033627 0.013599 -0.012498 0.034614 0.0046377 0.0071221 0.013208 0.014935 0.0020494 -0.0084319 0.019619 0.016174 0.014651 0.0070131 0.015883 0.013175 0.0057668 -0.00058422 0.013311 0.024749 0.027203 0.017444 0.020875 0.023144 0.029038 0.018362 0.033351 0.031842 0.014611 0.020371 0.019266 0.014206 0.017764 0.040876 0.028912 0.043834 0.019918 0.024643 0.0040367 0.014718 0.016101 0.026534 0.035283 0.040396 0.055005 0.068812 0.051385 0.018814 0.03275 0.057093 0.046525 0.035143 0.049242 0.037855 0.04071 0.026188 0.017154 0.027801 0.035831 0.042488 0.038118 0.045451 0.036676 0.029124 0.032698 0.02841 0.047431 0.0094877 0.019349 0.024186 0.027009 0.032133 0.047326 0.061536 0.022337 0.035578 0.020993 0.05241 0.054417 0.05281 0.059917 0.059642 0.053638 0.069192 0.073659 0.064391 0.060331 0.060411 0.063289 0.028649 0.061051 0.034479 0.0595 0.10966 0.10431 0.10994 0.11079 0.10275 0.061622 0.074903 0.09195 0.074727 0.066086 0.0673 0.062308 0.055295 0.049254 0.056223 0.025786 0.055452 0.037521 0.048785 0.02914 0.033894 0.027719 0.044332 0.037152 0.033529 0.026493 0.030471 0.031806 0.010426 0.032114 0.032217 0.030908 0.035918 0.018112 0.014145 0.033779 0.015179 0.036955 0.030732 -0.016007 0.029302 0.022553 0.022564 0.022442 0.015652 0.041343 0.034116 0.02808 -0.0003469 0.030524 0.0087302 0.013249 0.046994 0.030903 0.0067352 0.0238 0.023162 0.012423 0.025583 0.0052867 0.032159 0.015271 0.031763 0.022682 0.023679 0.0049935 0.028002 0.013257 0.025089 0.027533 0.0055228 0.0096552 0.023208 0.031974 0.030099 0.020026 0.012441 0.011049 0.021794 0.012815 0.0447 0.0019282 0.015579 0.019334 0.0058159 0.022151 0.0398 0.033194 0.0298 0.035232 0.038653 0.033361 0.038649 0.049662 0.043095 0.047832 0.014 0.056447 0.038438 0.062441 0.032582 0.066833 0.030302 0.085374 0.083653 0.086385 0.10247 0.11338 0.15382 0.11917 0.12459 0.10092 0.083693 0.095687 0.10584 0.091823 0.076206 0.096636 0.078106 0.075227 0.046368 0.043219 0.042998 0.056294 0.051162 0.034106 0.029973 0.031667 0.040107 0.050962 0.02453 0.03817 0.022944 0.040462 0.049747 0.021853 0.036966 0.021507 0.035216 0.044259 0.033226 0.033612 0.027821 0.0060883 0.015346 0.0032361 0.018248 0.0039069 0.023319 0.019659 0.007574 0.035679 0.011713 -0.0092173 0.015379 0.013058 0.003075 0.0076071 -0.014253 0.02237 0.004783 -0.0079662 0.019752 0.025295 0.033936 0.035263 0.027619 0.043478 0.03328 0.063366 0.058235 0.035777 0.060635 0.066595 0.053879 0.051779 0.027522 0.07073 0.049223 0.040377 0.045259 0.045674 0.065564 0.034828 0.049646 0.031824 0.039731 0.035799 0.033574 0.055888 0.017169 0.042551 0.025237 0.0086768 0.01933 0.020476 0.021779 0.0063946 0.022342 0.0166 0.0010407 0.0090985 0.01087 0.0090348 0.032876 0.012913 0.0059281 0.0099658 0.0082838 0.0094852 0.013736 0.030304 0.013331 0.0048682 -0.013918 -0.0094036 0.0083306 0.030242 -0.0022087 0.033687 -0.0013797 0.0031329 0.012929 0.024464 0.024182 -0.0013505 -0.0083126 0.0032653 0.01356 0.0044359 0.031584 0.025685 0.019582 0.0041232 -0.02173 0.010464 0.012025 -0.0049501 0.013912 -0.012704 0.047672 0.0038711 -0.012864 -0.0044613 -0.0054286 -0.00078789 0.029094 0.0035185 0.011394 0.019161 0.007627 0.0039841 -0.0021928 -0.0052548 0.021746 -0.0043226 0.015324 -0.0091072 0.011756 0.017241 0.017129 0.015582 0.019823 0.01335 0.016025 0.0035049 0.0056934 0.0062239 -0.015107 0.013962 -0.0044052 -0.01418 0.0089325 0.012792 -0.010573 -0.0010514 0.0037686 -0.012982 0.011257 0.027354 0.010861 0.011063 0.0095301 0.013064 0.0043999 -0.0051096 -0.010601 0.0025712 0.015966 0.026277 -0.0081312 0.010823 -0.00089638 0.0088942 0.014339 -0.0040757 -0.007116 0.0017771 0.020741 0.012849 0.010134 -0.0032643 0.0040963 -0.00070943 0.015309 -0.018664 -0.021365 0.040275 -0.0067731 0.003582 -0.0040444 0.033886
-6.1707e-05 -0.012846 -0.00090424 0.0035745 0.0038421 0.0074645 0.0024867 0.0015583 0.015832 -0.026986 0.014308 0.0092241 -1.109e-05 0.030684 0.0070243 0.0044147 0.0086876 0.021269 0.016835 -0.006977 0.0024172 0.00019505 -0.013136 0.010837 0.013166 0.025942 0.0027894 0.0041898 0.012954 0.028724 0.028417 0.0043945 0.017059 0.011666 0.014291 0.014967 -0.02565 0.0076437 0.037736 0.025182 -0.00935 0.016158 0.023185 0.018136 0.024864 0.025524 0.0070072 0.026882 0.0034474 0.022008 -0.0086281 0.019087 3.4075e-05 0.019303 0.015088 0.0058758 0.014618 0.02818 0.016722 0.032152 0.025434 0.029591 0.023782 -0.0028839 0.017311 0.021947 0.019092 0.0087659 0.030561 0.026987 0.026478 0.028709 0.015664 0.0037161 0.020513 0.03733 0.02268 0.025669 0.022611 0.011913 0.028946 -0.0014991 0.010041 0.024253 0.018818 0.043242 0.057166 0.049202 0.040141 0.0481 0.04855 0.038276 0.058498 0.039011 0.053835 0.066015 0.046517 0.058559 0.039137 0.078591 0.05153 0.0005705 0.039135 0.022307 0.024848 0.011544 0.018804 0.028863 0.024252 0.047034 0.044996 0.061967 0.047623 0.07086 0.038274 0.052221 0.047378 0.054241 0.052575 0.048636 0.029919 0.054921 0.032842 0.041077 0.023903 0.032072 0.020592 0.023829 0.025667 0.0018536 0.030879 0.00083726 0.023633 0.046577 0.033789 0.016208 0.013833 0.033973 0.044741 0.04473 0.064967 0.046006 0.012544 0.045022 0.043698 0.026299 0.058402 0.04558 0.063476 0.044412 0.048409 0.051267 0.038409 0.029506 0.024524 0.033352 0.025638 0.010647 -0.0071301 0.015962 0.033058 0.036862 0.036658 0.038685 0.04678 0.0333 0.06331 0.056451 0.066861 0.062252 0.02661 0.054506 0.035715 0.05038 0.034671 0.041839 0.0092515 0.00013144 0.014026 0.013741 -0.013441 0.032118 0.025709 0.0098364 0.014017 0.019436 0.029353 0.042019 0.03294 0.07193 0.034169 0.064018 0.067216 0.081054 0.061675 0.091739 0.11323 0.11253 0.11631 0.10151 0.087398 0.079234 0.079041 0.070956 0.069283 0.049243 0.047064 0.018401 0.040934 0.033049 0.02863 0.014112 0.032093 0.0077925 0.03426 -0.0033427 0.0042325 0.01575 0.0091262 0.0015335 0.0042346 0.012639 0.0144 0.019424 0.063179 0.065212 0.077127 0.074472 0.087215 0.078545 0.059382 0.075207 0.061099 0.081573 0.054161 0.031455 0.022705 0.043366 0.041827 0.030201 0.018515 0.048352 0.034487 0.026157 0.016028 0.019593 0.029652 0.029146 0.032667 -0.0016919 -0.00023833 0.013687 -0.0082812 0.0085167 0.003265 0.0077937 0.00069821 -0.0059813 0.01241 0.019202 0.011977 0.0084818 0.010649 0.0053449 0.017211 -0.0064825 0.00049114 -0.0058968 0.03499 0.0051192 -0.0073379 0.0070311 0.0091651 0.01233 -0.0009835 -0.016137 0.019109 0.012298 0.0013407 0.013989 -0.0031466 0.0086098 0.0070755 0.011962 0.025604 0.0065986 0.021778 0.02716 0.014354 -0.010811 0.035864 0.0070169 0.0089396 0.013212 0.016454 0.0082908 -0.0094566 0.025325 0.024347 0.0096177 -0.00040675 0.021877 0.014689 0.0037306 0.0015407 0.016289 0.018148 0.028344 0.0086568 0.019668 0.024836 0.032298 0.0201 0.028415 0.028976 0.017642 0.025752 0.020958 0.018774 0.016001 0.026939 0.027906 0.0412 0.021347 0.031529 0.0090246 0.024816 0.016603 0.018549 0.040664 0.040563 0.051564 0.074351 0.050628 0.0092411 0.033733 0.058877 0.047657 0.037922 0.051037 0.043698 0.034076 0.037833 0.016594 0.020566 0.029971 0.048433 0.038315 0.05287 0.033464 0.031454 0.03115 0.039901 0.049513 0.020651 0.018307 0.018199 0.024702 0.036085 0.048873 0.0596 0.020295 0.031992 0.026897 0.055567 0.047311 0.055071 0.053215 0.050765 0.066608 0.060748 0.077741 0.071702 0.058367 0.055328 0.056155 0.036311 0.051145 0.047295 0.060509 0.10834 0.098819 0.10167 0.10019 0.08617 0.064112 0.076972 0.083829 0.069884 0.075351 0.06954 0.061759 0.058457 0.053959 0.057925 0.028243 0.05774 0.031234 0.047474 0.024128 0.039246 0.02504 0.041721 0.035543 0.042934 0.015661 0.0384 0.027462 0.010899 0.021643 0.035472 0.016634 0.034713 0.015346 0.0097557 0.030617 0.018963 0.036188 0.024422 -0.0089266 0.016755 0.019959 0.01084 0.019302 0.010462 0.039541 0.028687 0.031706 -0.00022736 0.029529 0.0035266 0.015004 0.041354 0.031319 -0.00048931 0.01465 0.024272 0.014557 0.024317 0.011128 0.030546 0.018634 0.023175 0.023998 0.017437 0.0077337 0.02264 0.0060769 0.017261 0.027297 0.0089523 0.010559 0.018747 0.025029 0.029696 0.022981 0.0197 0.017201 0.022592 0.0095806 0.050104 0.010497 0.016993 0.012261 0.0039287 0.011208 0.036602 0.031711 0.04212 0.033216 0.030493 0.028922 0.033353 0.04723 0.036123 0.040124 0.019573 0.053101 0.037596 0.060204 0.029275 0.060291 0.035344 0.078077 0.081746 0.088647 0.10308 0.10612 0.14541 0.12397 0.12176 0.10399 0.096174 0.10321 0.10743 0.10057 0.084866 0.10846 0.082647 0.081282 0.056145 0.049504 0.052667 0.059479 0.050834 0.038229 0.028243 0.04107 0.040206 0.049939 0.032885 0.043519 0.02068 0.041674 0.049155 0.02245 0.033593 0.021791 0.025385 0.033412 0.02945 0.042806 0.030952 0.016983 0.016475 0.0052965 0.017577 0.0044221 0.027233 0.0092557 0.015993 0.019512 0.0021989 -0.0089148 0.011511 0.0090023 0.0082909 0.0022872 -0.010296 0.031033 0.010932 -0.0030868 0.013453 0.020316 0.029274 0.024362 0.01891 0.036019 0.036501 0.060729 0.047416 0.035935 0.060637 0.063584 0.044988 0.04711 0.031122 0.072415 0.04713 0.038902 0.050916 0.039031 0.058977 0.03479 0.039793 0.036538 0.046086 0.032429 0.03197 0.049033 0.016089 0.050771 0.021065 0.0076146 0.022655 0.028925 0.031331 -0.0018234 0.010146 0.016281 -0.0015564 -0.00034245 0.0097603 0.0059478 0.026177 0.013121 0.0058262 0.0098987 0.004707 0.020184 0.0074472 0.030856 0.015766 0.00049765 -0.0057278 -0.0080441 0.012371 0.023536 -0.010416 0.023416 -0.00098512 0.0043019 0.0039673 0.011908 0.020187 0.0029667 -0.012746 0.0094523 0.01541 -0.0025805 0.03233 0.03206 0.020316 -0.0047147 -0.010599 0.0144 0.014103 -0.0010239 0.0046343 -0.011426 0.03762 0.011104 -0.018922 -0.0029881 -0.0023945 0.0053052 0.026433 0.0058552 0.0036696 0.011992 0.0098641 0.010327 -0.0069726 -0.013093 0.021427 0.011387 0.0058283 0.0061725 0.0087932 0.011138 0.010285 0.0062178 0.011744 0.010731 0.026032 -0.0016818 0.012188 0.012709 -0.0099094 0.014943 -0.0024254 -0.025287 0.0070665 0.012172 -0.014825 -0.007711 0.00093842 -0.01205 0.0013831 0.031725 0.006542 0.015002 0.010199 0.012939 0.0076926 -0.020456 0.0019441 -0.002723 0.016676 0.02708 -0.0064373 0.010784 -0.0012565 0.0071712 0.0065814 0.0032155 -0.016218 -0.0054541 0.0088673 0.010456 0.0028436 -0.0038796 0.0069015 -0.00017318 0.0095701 -0.0080262 -0.02329 0.036013 0.00061759 0.0041765 -0.006184 0.03606
0.011187 0.039142 0.0054858 0.0012008 0.011944 0.013207 0.010651 0.014681 0.004193 -0.0012059 0.0086089 -0.025319 0.0052689 0.011326 0.01309 0.030204 0.0082326 0.0057979 0.014618 0.022122 0.022973 -0.0035102 -0.0027455 0.0088597 -0.010794 0.019515 0.0094995 0.020037 -0.0056865 0.018263 0.02296 0.025142 0.036602 0.0050316 0.019227 0.0076423 0.02315 0.01583 -0.014643 0.011848 0.036249 0.032755 -0.00033361 0.01886 0.022854 0.0099624 0.032205 0.021117 0.010046 0.027997 0.011137 0.012726 -0.01356 0.026504 0.013447 0.02962 0.022031 0.010928 0.016641 0.032028 0.03497 0.033541 0.0278 0.023252 0.027754 0.0029286 0.017056 0.030719 0.027309 0.011105 0.032007 0.032987 0.027683 0.030394 0.019437 0.020164 0.014431 0.040876 0.021007 0.020397 0.016825 0.018335 0.032824 0.002963 0.011694 0.025433 0.03032 0.035366 0.05325 0.042146 0.054479 0.049545 0.043743 0.0444 0.055324 0.043249 0.064382 0.065035 0.050202 0.055533 0.042783 0.076027 0.055568 0.0016708 0.043445 0.036126 0.038804 0.021403 0.028352 0.030617 0.033247 0.054202 0.046715 0.058303 0.046555 0.067808 0.057105 0.055969 0.047454 0.0524 0.064426 0.053328 0.032286 0.057665 0.037699 0.047159 0.02613 0.034676 0.017818 0.031383 0.02579 0.0085667 0.030739 0.0024325 0.034274 0.047626 0.03446 0.02883 0.024994 0.029466 0.052039 0.052986 0.064636 0.048532 0.013231 0.061418 0.042577 0.030999 0.06132 0.045851 0.069872 0.046455 0.043346 0.046657 0.033861 0.030313 0.030087 0.033782 0.033065 0.0091241 0.0023477 0.018701 0.040726 0.043751 0.038511 0.039305 0.048859 0.02892 0.051798 0.053413 0.06482 0.058764 0.024755 0.048719 0.03112 0.055348 0.036796 0.039774 0.0082357 0.0050462 0.023947 0.02154 -0.016569 0.030891 0.032723 0.012772 0.019226 0.02585 0.032778 0.042387 0.03335 0.064641 0.041854 0.0621 0.076572 0.085835 0.072588 0.079007 0.10699 0.10286 0.10376 0.089952 0.074937 0.077173 0.093906 0.066777 0.087104 0.064281 0.047745 0.029324 0.050927 0.032716 0.035198 0.02241 0.037918 0.011549 0.040126 0.0005191 0.011991 0.0097651 0.015772 0.011437 0.011302 0.0090978 0.015833 0.022106 0.051649 0.049397 0.059058 0.06788 0.077614 0.06962 0.059115 0.062068 0.060218 0.085183 0.063289 0.030084 0.031318 0.052682 0.046556 0.03352 0.01373 0.045574 0.047804 0.025595 0.011778 0.030248 0.033887 0.025836 0.033109 0.00952 -0.0015216 0.016729 -0.0089789 0.019791 0.005988 0.0049418 0.010888 -0.0057053 0.020435 0.027731 0.010146 0.00031565 0.012495 0.0085471 0.014384 -0.0001069 0.010654 -0.0062465 0.029739 0.0059053 -0.0037539 -0.0073054 0.0052348 0.0077349 -0.0026616 -0.017292 0.011684 0.0080029 0.00026678 0.014732 0.0018813 0.014489 0.0046523 0.0055828 0.017794 0.0069487 0.016643 0.018104 0.012545 -0.00841 0.032288 0.011496 0.0063512 0.013367 0.01832 0.01227 -0.0085236 0.028061 0.028621 0.0088044 -0.0044652 0.026847 0.017304 0.0004955 0.0041068 0.014569 0.012009 0.02727 0.00013137 0.01744 0.028973 0.031041 0.017739 0.027063 0.023201 0.018425 0.029769 0.019524 0.027438 0.012475 0.013262 0.026326 0.034126 0.022258 0.035852 0.019035 0.03627 0.019203 0.017605 0.04306 0.036929 0.047542 0.070173 0.043875 0.0084215 0.030772 0.060265 0.044474 0.043789 0.052906 0.05218 0.034573 0.048631 0.014312 0.014235 0.028292 0.05486 0.037003 0.056296 0.032877 0.032515 0.026195 0.045628 0.048408 0.031358 0.0215 0.017493 0.022429 0.035166 0.050391 0.056751 0.019966 0.029302 0.035076 0.058452 0.039011 0.054079 0.043164 0.041128 0.081032 0.050266 0.07738 0.075399 0.057442 0.050219 0.049921 0.04747 0.042281 0.059953 0.064788 0.098059 0.092619 0.089967 0.087632 0.071283 0.065179 0.076308 0.078743 0.067572 0.08441 0.075904 0.063434 0.062598 0.058853 0.061639 0.033304 0.055754 0.029315 0.04718 0.02446 0.043497 0.020904 0.039699 0.034507 0.051876 0.0072137 0.048337 0.021735 0.015428 0.014817 0.036033 0.0041714 0.033079 0.01349 0.0096732 0.027374 0.025596 0.033984 0.015718 0.001218 0.0069195 0.012253 -0.00058261 0.014393 0.0080393 0.03581 0.024528 0.029732 -0.00032007 0.025204 0.00023709 0.017849 0.035056 0.031686 -0.0064517 0.011107 0.02798 0.015494 0.01769 0.0202 0.024736 0.023141 0.014548 0.02099 0.01556 0.009572 0.019343 0.0046849 0.0081916 0.027142 0.018796 0.015513 0.017429 0.015504 0.03123 0.02241 0.024858 0.018283 0.019161 0.0029154 0.049711 0.019808 0.020413 0.0086236 0.0063258 0.0083551 0.034666 0.027982 0.05669 0.035313 0.024464 0.027921 0.033201 0.043331 0.027838 0.035375 0.03087 0.046272 0.03466 0.050962 0.024347 0.056319 0.041033 0.070999 0.079671 0.088925 0.099266 0.094514 0.12727 0.12457 0.11494 0.10203 0.10331 0.10869 0.11092 0.10362 0.087086 0.11099 0.080469 0.082021 0.062611 0.057391 0.057304 0.060482 0.051911 0.0374 0.026456 0.050021 0.039744 0.045085 0.044542 0.047143 0.018924 0.037597 0.046364 0.027565 0.029005 0.023895 0.020285 0.025218 0.023528 0.047694 0.033622 0.027846 0.016063 0.0076487 0.012773 0.0096875 0.032041 -0.0011343 0.022405 0.0040666 -0.0067964 -0.0081915 0.0070195 0.0088508 0.015307 -0.0010068 -0.011624 0.03473 0.014418 -0.0025927 0.0096811 0.015151 0.024538 0.017309 0.011222 0.028607 0.036608 0.052554 0.03121 0.040472 0.05634 0.05849 0.03286 0.046249 0.038035 0.069565 0.047133 0.038728 0.058446 0.029801 0.049846 0.038848 0.031418 0.04354 0.049545 0.031872 0.03284 0.044441 0.014787 0.053224 0.014777 0.0068104 0.023932 0.035761 0.041755 -0.0072535 -0.0035361 0.017433 -0.00016862 -0.0079458 0.014981 0.0046571 0.022319 0.021027 0.0095465 0.016498 0.0016162 0.029287 0.0019646 0.031606 0.013317 -0.002949 0.004695 -0.0021355 0.014536 0.018287 -0.015834 0.012979 -0.0024744 0.0043995 -0.00048526 -0.00028231 0.01429 0.0042814 -0.0076854 0.014784 0.022345 -0.0030442 0.030964 0.032982 0.020848 -0.012855 0.0019474 0.017711 0.012478 0.006631 -0.0027062 -0.0085917 0.029333 0.012128 -0.021081 -0.0010734 0.0037645 0.010567 0.017213 0.0089631 0.0027196 0.0070946 0.010716 0.017521 -0.0080889 -0.016407 0.01921 0.024392 -0.0016955 0.020067 0.0026384 -0.0006857 0.0064967 -0.0023451 0.0055654 0.0069693 0.030992 -0.0067226 0.016945 0.017358 -0.0045655 0.013518 -0.0015694 -0.030045 0.0047404 0.015155 -0.014027 -0.01157 0.0022542 -0.011479 -0.0083273 0.026108 -0.0022212 0.014001 0.0077963 0.0091338 0.008751 -0.02352 0.0083619 -0.0059365 0.019377 0.022343 -0.0043059 0.011827 -1.6687e-05 0.0040747 6.5952e-05 0.0090473 -0.022525 -0.012907 -0.0023243 0.0066732 0.001226 -0.0082419 0.011072 0.0025146 0.0019314 0.0054281 -0.01635 0.022989 0.011634 0.0081193
0.023355 0.056789 0.027089 0.020519 0.036534 0.030216 0.031289 0.034196 0.018014 0.0012617 0.014368 -0.0037316 0.010896 0.018291 0.033723 0.034514 0.015843 0.01283 0.027688 0.025056 0.036663 0.0067363 0.00035494 0.027019 -0.0055215 0.033024 0.0085696 0.016238 -0.0089091 0.027471 0.031925 0.017973 0.046847 0.0067944 0.021785 0.0068179 0.029162 0.014343 -0.0028441 0.012654 0.034394 0.040727 0.015995 0.017488 0.025514 0.002642 0.038378 0.016807 0.013335 0.029519 0.022417 0.003882 -0.016807 0.022736 0.027751 0.039518 0.029971 0.016126 0.019088 0.033276 0.051827 0.031068 0.025394 0.020058 0.032576 0.010313 0.015703 0.03735 0.034766 0.0096476 0.034662 0.041231 0.03288 0.029771 0.019248 0.038708 0.0097014 0.035098 0.016661 0.013905 0.011817 0.021644 0.037977 0.006447 0.014058 0.029101 0.041938 0.026157 0.045252 0.032228 0.067858 0.05107 0.040086 0.050545 0.051142 0.048455 0.069959 0.058324 0.053632 0.056182 0.044265 0.067007 0.054547 0.0028577 0.048478 0.04943 0.048189 0.029032 0.044145 0.031902 0.043061 0.062288 0.048237 0.05302 0.044295 0.055514 0.076066 0.057602 0.054174 0.050236 0.07371 0.053209 0.034652 0.060553 0.040935 0.048245 0.027607 0.039397 0.017473 0.04046 0.02345 0.019661 0.034135 0.0033388 0.049172 0.047273 0.031136 0.040202 0.031412 0.02093 0.054738 0.056985 0.058829 0.049047 0.023049 0.073569 0.041341 0.032546 0.062184 0.051689 0.071791 0.048811 0.036474 0.043103 0.029754 0.032033 0.037575 0.032323 0.039638 0.012201 0.011783 0.022294 0.042921 0.05116 0.041659 0.038362 0.048883 0.025612 0.042115 0.052248 0.062882 0.052636 0.030917 0.044407 0.023921 0.055024 0.035611 0.034498 0.0088042 0.010693 0.029007 0.028011 -0.017577 0.028226 0.033572 0.020659 0.023469 0.030212 0.033738 0.046442 0.030058 0.053703 0.050994 0.060872 0.082265 0.084387 0.074823 0.062191 0.10249 0.089744 0.093709 0.078386 0.065926 0.07264 0.10072 0.058217 0.097534 0.076455 0.049987 0.039732 0.061395 0.028584 0.038455 0.035489 0.041305 0.019574 0.041079 0.0092045 0.024634 0.0052637 0.019246 0.024015 0.013491 0.0099539 0.0080836 0.020764 0.042999 0.035 0.042888 0.061054 0.068784 0.0568 0.056819 0.050333 0.058069 0.088174 0.063985 0.032934 0.042581 0.058061 0.055638 0.043912 0.01303 0.041299 0.055763 0.025776 0.010204 0.036048 0.034173 0.026144 0.027669 0.022424 -0.00094688 0.019826 -0.0058751 0.031813 0.013041 0.0052241 0.019512 -0.0059656 0.027107 0.034906 0.012757 -0.0063217 0.013725 0.010224 0.00728 0.0075566 0.025453 -0.0030782 0.016834 0.0087013 0.0033373 -0.020039 0.0011567 0.0031313 -0.0012156 -0.013823 -0.00067079 0.00025005 -0.00078376 0.0088262 0.0087782 0.015688 0.006303 0.00011224 0.012005 0.0093178 0.015634 0.0077367 0.010374 -0.00607 0.02808 0.017727 -0.00093591 0.012775 0.018866 0.012253 -0.0076393 0.026925 0.027504 0.013422 -0.0010983 0.028842 0.018923 -0.0046592 0.0078846 0.0091021 0.0094592 0.02245 -0.0055702 0.01303 0.036476 0.023424 0.013629 0.029026 0.01745 0.014605 0.030573 0.016209 0.035955 0.0099137 0.0059447 0.025206 0.023642 0.021462 0.036763 0.029082 0.047799 0.027001 0.024812 0.040376 0.030049 0.041246 0.0562 0.034418 0.015412 0.025309 0.05983 0.038615 0.048744 0.05265 0.059587 0.041012 0.053857 0.012997 0.011086 0.029303 0.058961 0.034008 0.058833 0.034428 0.030789 0.019246 0.04428 0.046986 0.03973 0.030942 0.021021 0.020576 0.02996 0.049535 0.05216 0.021774 0.026181 0.041651 0.06056 0.03538 0.048183 0.032009 0.032624 0.092706 0.041969 0.070566 0.073962 0.057247 0.046405 0.044659 0.059668 0.03242 0.068238 0.068734 0.080878 0.085938 0.074495 0.07533 0.060498 0.064738 0.071416 0.075014 0.065955 0.0895 0.079728 0.067459 0.064263 0.061513 0.067305 0.03897 0.05078 0.031522 0.04707 0.027294 0.04579 0.012195 0.037984 0.035748 0.056361 0.0026476 0.06002 0.011631 0.024008 0.012691 0.034589 -0.0045154 0.030596 0.014242 0.012691 0.024847 0.031997 0.032165 0.011184 0.011604 0.0024915 0.0027353 -0.0076225 0.0092482 0.0097379 0.029296 0.021925 0.021948 -0.0039522 0.017841 -0.0003685 0.020747 0.029145 0.029117 -0.011499 0.011124 0.032805 0.010956 0.0088305 0.028477 0.016704 0.027125 0.0059165 0.013439 0.017086 0.0091215 0.018972 0.0059053 -8.571e-05 0.027963 0.032409 0.023937 0.01613 0.0073509 0.034515 0.018356 0.027227 0.012403 0.011421 -0.003895 0.044194 0.024422 0.020332 0.0047961 0.0098888 0.014381 0.034075 0.023355 0.067794 0.038796 0.020688 0.029664 0.037219 0.037802 0.01883 0.033105 0.042756 0.034915 0.029222 0.03839 0.019308 0.055496 0.044334 0.064953 0.078902 0.083556 0.089573 0.081609 0.10361 0.11941 0.10531 0.094794 0.10437 0.11062 0.1149 0.09936 0.081727 0.10351 0.074071 0.079957 0.064001 0.065025 0.057348 0.061304 0.057949 0.032979 0.028418 0.055229 0.042822 0.040372 0.054722 0.04779 0.017329 0.031311 0.040692 0.034443 0.023061 0.02564 0.020705 0.019767 0.017076 0.04737 0.034423 0.036845 0.017662 0.010203 0.0058944 0.017004 0.038712 -0.0062206 0.026327 -0.0069341 -0.014282 -0.0068598 0.00063745 0.013048 0.022529 -0.002097 -0.019054 0.032049 0.013598 -0.0042983 0.0068669 0.01335 0.019088 0.014979 0.0057194 0.02168 0.03269 0.039341 0.013519 0.047032 0.048108 0.049906 0.020563 0.047961 0.045032 0.063538 0.047363 0.037016 0.063055 0.01829 0.040857 0.043884 0.026747 0.050759 0.047145 0.033584 0.037157 0.043248 0.013981 0.048917 0.0043641 0.0067494 0.021115 0.038251 0.053023 -0.012711 -0.014976 0.019005 0.0031526 -0.01202 0.02369 0.005822 0.020904 0.032198 0.016306 0.025677 -0.00045833 0.029863 -0.0014177 0.03176 0.0060662 -0.0035901 0.012448 0.0047008 0.014007 0.013477 -0.017778 0.0075672 -0.0054882 0.0049157 -0.0013919 -0.0075658 0.0090149 0.0035967 0.0050898 0.015189 0.031809 0.00085698 0.026918 0.028528 0.020691 -0.015482 0.0077275 0.018457 0.0079499 0.016402 -0.0050844 -0.006204 0.025676 0.0061932 -0.019208 0.0025314 0.01031 0.012183 0.0036043 0.011292 0.0086852 0.0043193 0.010488 0.022325 -0.0031749 -0.015737 0.016146 0.028966 -0.0034805 0.026391 -0.0057439 -0.012354 0.0070179 -0.0088792 0.0040849 0.0050223 0.028919 -0.01043 0.016702 0.017568 -0.0044274 0.012112 -0.0027951 -0.029589 0.002283 0.019622 -0.0095256 -0.0088344 0.0070134 -0.010976 -0.017645 0.010187 -0.013774 0.010059 0.0042684 0.00083392 0.0080179 -0.01686 0.0062412 -0.0084038 0.022308 0.01671 -0.0026633 0.011598 0.0027848 2.5117e-05 -0.0012695 0.0098926 -0.024277 -0.018822 -0.010576 0.005723 0.0031002 -0.014876 0.015805 0.0035825 -0.0050346 0.013411 -0.0030759 0.0070003 0.023293 0.013824
0.044281 0.084208 0.066892 0.04534 0.074799 0.055714 0.066409 0.070011 0.046241 0.017784 0.039718 0.038789 0.038423 0.037271 0.064341 0.051196 0.034675 0.028123 0.051735 0.032712 0.058786 0.026014 0.015643 0.051231 0.0084214 0.049779 0.010906 0.017838 -0.0023376 0.028259 0.037032 0.011587 0.056306 0.0096069 0.021996 0.0083513 0.03051 0.012768 0.0025739 0.0075415 0.032551 0.048525 0.034627 0.015302 0.031496 -0.00044554 0.039147 0.011441 0.016658 0.034127 0.035292 -0.0027487 -0.017829 0.0069408 0.03716 0.040085 0.035121 0.016165 0.019772 0.035475 0.063906 0.025715 0.018128 0.021504 0.039476 0.013608 0.011976 0.041842 0.038331 0.0019291 0.040764 0.049969 0.039645 0.026642 0.01479 0.055689 0.0089912 0.026252 0.013473 0.0087042 0.0087437 0.019035 0.045284 0.0065703 0.019861 0.035514 0.047371 0.015333 0.033747 0.022554 0.073869 0.050031 0.037953 0.0576 0.043729 0.052126 0.06967 0.047373 0.058024 0.062433 0.043759 0.055644 0.047401 0.0052771 0.05151 0.057089 0.050351 0.033218 0.059954 0.0323 0.049513 0.066308 0.049102 0.048597 0.041502 0.038418 0.089681 0.05642 0.065402 0.047147 0.079836 0.046717 0.038923 0.063387 0.041954 0.044243 0.028901 0.042067 0.019296 0.048281 0.019005 0.030725 0.042461 0.0016981 0.064243 0.047148 0.022226 0.04383 0.030588 0.0084507 0.046507 0.054467 0.049666 0.049165 0.039548 0.079155 0.039856 0.027389 0.0581 0.061063 0.066596 0.051698 0.032079 0.040567 0.024276 0.035435 0.041709 0.029029 0.044444 0.016856 0.019636 0.023833 0.038253 0.058877 0.045785 0.035477 0.047759 0.022802 0.03753 0.051277 0.057949 0.046516 0.043244 0.040271 0.016348 0.049691 0.030891 0.025889 0.007022 0.019008 0.025195 0.027248 -0.015447 0.025593 0.029036 0.029615 0.026203 0.0347 0.032503 0.05302 0.023754 0.043334 0.057527 0.059753 0.079717 0.076921 0.063516 0.046374 0.097664 0.074345 0.088422 0.064908 0.060219 0.062204 0.096583 0.047103 0.095194 0.08108 0.053813 0.043927 0.070495 0.021669 0.037869 0.051894 0.0414 0.033451 0.03429 0.020557 0.039011 0.0027824 0.020676 0.036063 0.0067741 0.014989 -0.004995 0.011926 0.037641 0.020886 0.031572 0.052049 0.059027 0.042832 0.052216 0.04016 0.056119 0.089839 0.058512 0.036701 0.049191 0.056542 0.065079 0.059071 0.015394 0.039285 0.05504 0.02586 0.011341 0.033246 0.03247 0.03156 0.016721 0.036234 0.0010821 0.020519 -0.0021441 0.04079 0.023652 0.010618 0.023435 -0.0069061 0.031045 0.038664 0.018974 -0.01017 0.009736 0.011185 -0.0019333 0.012029 0.039509 0.0035668 0.00018139 0.013412 0.013186 -0.025437 -0.00047995 0.00013417 0.0018185 -0.0077849 -0.014029 -0.0097243 -0.00054593 -0.0050721 0.017655 0.011777 0.016287 -0.0054398 0.0061195 0.0098665 0.018445 -0.0026554 0.010641 -0.002719 0.025391 0.024523 -0.011279 0.012099 0.017123 0.0077596 -0.010076 0.020445 0.023014 0.022026 0.0093628 0.02724 0.017979 -0.012594 0.01392 0.00068839 0.012707 0.013257 -0.0069107 0.0045573 0.045299 0.0095207 0.010762 0.031433 0.013724 0.0053242 0.028962 0.013549 0.039016 0.010983 0.0096758 0.024222 0.01073 0.019077 0.035155 0.034226 0.057268 0.040249 0.0365 0.031848 0.021272 0.0301 0.03405 0.026332 0.028812 0.019924 0.055713 0.031336 0.046399 0.046048 0.062489 0.047354 0.051268 0.015981 0.011564 0.030073 0.057906 0.028201 0.063913 0.034458 0.025394 0.012807 0.037413 0.048472 0.045463 0.046243 0.024668 0.01806 0.023531 0.043962 0.043589 0.025036 0.021122 0.04353 0.06142 0.039416 0.036986 0.020591 0.026507 0.098887 0.03894 0.05604 0.066436 0.056391 0.045207 0.039754 0.070439 0.020315 0.070716 0.068285 0.061232 0.076824 0.055594 0.063217 0.052357 0.064531 0.061992 0.068576 0.062695 0.086206 0.075036 0.071629 0.060897 0.05898 0.072736 0.043729 0.04435 0.035699 0.046322 0.026809 0.046774 -0.0013063 0.035613 0.039321 0.05342 0.0035962 0.071984 -0.0039492 0.034505 0.014894 0.03028 -0.0091325 0.027246 0.019067 0.015951 0.024339 0.035462 0.031946 0.016845 0.019634 0.0041922 -0.0045439 -0.0091818 0.0032745 0.016799 0.019638 0.019799 0.012757 -0.01076 0.0071017 0.0024465 0.021834 0.021852 0.021005 -0.014439 0.011056 0.03771 -0.0011078 0.0033894 0.0325 0.0089953 0.02686 -0.0021471 0.0024689 0.019261 0.0059204 0.019902 0.0051888 -0.0063547 0.029349 0.045543 0.033434 0.011409 0.0044744 0.038735 0.012475 0.028482 0.00028529 0.0007651 -0.0053428 0.035326 0.019842 0.012398 -0.0033005 0.009735 0.026239 0.032029 0.019304 0.06977 0.039146 0.018606 0.031784 0.041051 0.03041 0.0072775 0.03225 0.048771 0.018258 0.019326 0.026221 0.015973 0.05572 0.043281 0.059163 0.079843 0.069155 0.073322 0.070144 0.078469 0.10712 0.091505 0.082457 0.099552 0.10717 0.11545 0.087759 0.070088 0.087483 0.065386 0.077264 0.05938 0.070506 0.054098 0.063345 0.068595 0.026903 0.03794 0.053473 0.051418 0.038323 0.058656 0.04497 0.017125 0.027501 0.032019 0.039675 0.014669 0.024784 0.024696 0.01428 0.010279 0.041957 0.032415 0.04288 0.025121 0.012183 -0.00092239 0.022573 0.046339 -0.0029355 0.027992 -0.012594 -0.01954 -0.0049996 -0.006923 0.017518 0.028661 -0.0021044 -0.03133 0.022461 0.0072088 -0.0045573 0.0031446 0.017498 0.011246 0.016295 0.0040189 0.015473 0.026445 0.022979 4.9121e-05 0.050254 0.037105 0.036926 0.0095432 0.049143 0.048901 0.056043 0.04455 0.031025 0.060287 0.0052343 0.035418 0.045506 0.026547 0.054932 0.037241 0.035277 0.042551 0.044908 0.013546 0.039748 -0.011363 0.0074083 0.013722 0.035949 0.063271 -0.020587 -0.020123 0.018898 0.0055466 -0.010662 0.031451 0.01115 0.019248 0.039568 0.024066 0.031242 -0.0021208 0.018232 -0.0017917 0.02988 -0.0021982 0.0012143 0.013186 0.0074331 0.010225 0.0084099 -0.015505 0.0096025 -0.008066 0.0071579 -0.0023824 -0.0081326 0.0056454 0.0029373 0.019406 0.010289 0.0404 0.0050257 0.019521 0.021221 0.01744 -0.010668 0.0018941 0.017372 0.004054 0.026313 -0.0014034 -0.0045178 0.024108 -0.0040557 -0.01455 0.0095802 0.012266 0.008535 -0.01122 0.013277 0.018994 0.0030216 0.0093154 0.021667 0.0079662 -0.012172 0.014539 0.023384 0.00258 0.021639 -0.015102 -0.019073 0.010942 -0.01115 0.0080211 0.0068624 0.020825 -0.012324 0.0080327 0.012134 -0.011203 0.012542 -0.0064324 -0.025355 0.00043504 0.022979 -0.0060144 0.0018143 0.01339 -0.0086265 -0.02493 -0.012455 -0.024339 0.0062928 0.0015923 -0.011701 0.0059906 -0.0083632 -0.0028492 -0.011132 0.023768 0.014623 -0.0025065 0.0096517 0.0049325 -0.0038829 0.003348 0.0049781 -0.021042 -0.020094 -0.015013 0.011016 0.0050378 -0.022143 0.019251 0.00039282 -0.010312 0.0095462 0.013331 -0.0055374 0.032757 0.018051
0.076822 0.11806 0.11847 0.073624 0.12183 0.087775 0.1092 0.11954 0.087665 0.05327 0.083973 0.096001 0.087497 0.072885 0.10222 0.084242 0.066969 0.052394 0.085121 0.047502 0.086589 0.053317 0.043528 0.07559 0.036552 0.066507 0.017165 0.026626 0.015322 0.020067 0.03454 0.009393 0.06158 0.012277 0.016094 0.0097231 0.026934 0.012635 -0.0048506 -0.0037959 0.028456 0.053028 0.049147 0.016326 0.03785 0.0014182 0.029604 0.0023665 0.018546 0.042047 0.046379 -0.0070678 -0.015598 -0.018315 0.035675 0.024084 0.032246 0.0062121 0.015846 0.039849 0.066456 0.017838 0.0062946 0.024721 0.046716 0.0066866 0.0039155 0.042332 0.035011 -0.0089482 0.049195 0.055192 0.043957 0.021609 0.0082716 0.065358 0.013041 0.019436 0.013988 0.0070671 0.0066109 0.011504 0.052204 0.0032123 0.028748 0.041713 0.040334 0.0022555 0.019783 0.014039 0.067782 0.0425 0.034364 0.063558 0.030212 0.050832 0.06269 0.033639 0.062022 0.071212 0.040579 0.044974 0.033452 0.0085451 0.047319 0.055101 0.044662 0.031977 0.063912 0.030713 0.048486 0.058884 0.045867 0.047278 0.038197 0.023345 0.091218 0.049725 0.075031 0.041968 0.08099 0.031016 0.043629 0.062491 0.039932 0.036285 0.030254 0.037671 0.019675 0.052129 0.012109 0.037138 0.053665 -0.0047825 0.073162 0.047286 0.0065229 0.036294 0.02262 -0.0072858 0.0242 0.042377 0.037985 0.04876 0.056752 0.0752 0.035613 0.012244 0.047323 0.065812 0.052174 0.052758 0.033115 0.036621 0.013176 0.039524 0.034825 0.023362 0.047114 0.019092 0.025478 0.020747 0.028651 0.062485 0.048525 0.032257 0.045282 0.020082 0.035926 0.046124 0.045537 0.042858 0.053831 0.033436 0.011986 0.040821 0.021923 0.016063 0.0013498 0.029535 0.0099857 0.01395 -0.0083232 0.024455 0.022326 0.032519 0.025981 0.041633 0.029264 0.057492 0.015759 0.035626 0.055285 0.056776 0.065416 0.063921 0.03749 0.036405 0.085264 0.057814 0.083104 0.046182 0.054187 0.04234 0.081561 0.035546 0.076368 0.074017 0.055283 0.036338 0.074484 0.013113 0.032083 0.067187 0.035409 0.053855 0.017997 0.031814 0.050344 0.0019001 0.020758 0.041833 -0.010217 0.020828 -0.016474 -0.0029742 0.032866 0.0055014 0.02453 0.036917 0.04486 0.03266 0.045028 0.030097 0.055143 0.087257 0.050546 0.037131 0.044217 0.045903 0.067933 0.073177 0.016675 0.041161 0.043172 0.024624 0.014567 0.019953 0.03276 0.040448 0.0024748 0.046931 0.0039737 0.015431 -0.0016841 0.043494 0.034517 0.020496 0.021137 -0.008052 0.030694 0.03787 0.025416 -0.010922 -0.0023258 0.011583 -0.010069 0.0081426 0.046223 0.011482 -0.014949 0.018478 0.024131 -0.019377 0.0027999 1.3687e-05 0.0039657 -0.0026707 -0.024466 -0.018486 0.002554 -0.023785 0.028144 0.0034493 0.034524 -0.01111 -0.0011214 0.0035662 0.022896 -0.011741 0.014641 0.0045206 0.022557 0.029736 -0.020695 0.014266 0.01307 0.00050508 -0.018785 0.0063404 0.019184 0.030392 0.022779 0.022604 0.014011 -0.022806 0.021764 -0.010287 0.021293 0.00030643 -0.003754 -0.009213 0.048966 -0.0085155 0.010757 0.028956 0.011502 -0.0078161 0.027543 0.014196 0.031524 0.01695 0.024801 0.022008 -0.0035392 0.016601 0.032481 0.029738 0.059676 0.054501 0.044116 0.017274 0.013835 0.013164 0.0070262 0.022949 0.045945 0.015826 0.045499 0.022257 0.029492 0.02772 0.057845 0.044877 0.041065 0.025496 0.01383 0.027115 0.049697 0.017936 0.071325 0.027155 0.015684 0.010034 0.027329 0.05417 0.049037 0.062799 0.022006 0.012422 0.019536 0.032905 0.028208 0.028756 0.013046 0.038495 0.059369 0.049428 0.021508 0.0086745 0.023148 0.096066 0.041427 0.033412 0.05149 0.052047 0.04581 0.033763 0.075935 0.0069664 0.066581 0.05982 0.043239 0.06216 0.034245 0.048881 0.042227 0.064755 0.048156 0.053366 0.054765 0.069452 0.057367 0.069452 0.050664 0.048422 0.07169 0.045236 0.037018 0.037583 0.042879 0.015317 0.047193 -0.015121 0.031059 0.042403 0.041589 0.0113 0.079277 -0.022228 0.042329 0.018792 0.020476 -0.010581 0.023161 0.027849 0.015146 0.027605 0.033366 0.033104 0.034927 0.022346 0.011075 -0.0058046 -0.0075171 -0.0066991 0.029778 0.0073775 0.01646 0.0088628 -0.015701 -0.0074312 0.0093878 0.018213 0.0097901 0.0060415 -0.011996 0.0074205 0.041255 -0.018779 0.0063816 0.029009 0.0038763 0.017168 -0.0068876 -0.0082417 0.018383 0.00097354 0.017462 -0.0012577 -0.0099879 0.029013 0.052493 0.039989 0.00098765 0.008946 0.042331 0.0081431 0.030978 -0.015239 -0.010264 0.004143 0.023707 0.0045602 -0.004274 -0.017831 0.0013292 0.035728 0.023379 0.016045 0.056944 0.030989 0.017156 0.031037 0.038492 0.021016 -0.0094554 0.031925 0.041731 -0.0034177 0.0012202 0.016165 0.014824 0.051538 0.037059 0.050512 0.079997 0.04367 0.049969 0.061315 0.053516 0.085515 0.07065 0.063767 0.088073 0.094006 0.10597 0.068972 0.053285 0.063963 0.054171 0.072905 0.048657 0.070712 0.047571 0.065097 0.07819 0.020944 0.055261 0.041294 0.062659 0.038479 0.052336 0.039171 0.021623 0.029116 0.020505 0.039085 0.0027827 0.019502 0.029192 0.0049656 0.0023696 0.032229 0.028419 0.044629 0.03986 0.011875 -0.0067936 0.022185 0.051595 0.0079385 0.026914 -0.012906 -0.021229 -0.002798 -0.01203 0.014256 0.032216 -0.0029877 -0.044472 0.0052815 -0.0049656 -0.00029325 -0.003049 0.027314 -0.00041486 0.018639 0.0080781 0.010716 0.020796 0.0063164 -0.0030267 0.043025 0.024393 0.02044 0.00011834 0.04625 0.045991 0.046431 0.033736 0.019831 0.047104 -0.0083422 0.035965 0.038506 0.029462 0.050132 0.0189 0.032703 0.043574 0.046315 0.012757 0.029681 -0.030588 0.0080072 0.0041733 0.029503 0.067196 -0.029947 -0.016008 0.014628 0.0052687 -0.0026919 0.03225 0.022399 0.014707 0.035658 0.028754 0.026602 -0.0048496 -0.0046917 2.6495e-05 0.023853 -0.0060457 0.013795 0.0043527 0.0012624 0.0024811 0.0031939 -0.0085296 0.017481 -0.0069545 0.011863 -0.0074341 -0.0033279 0.0042248 0.0035474 0.026017 0.0037376 0.04404 0.0053608 0.008579 0.014767 0.0074087 0.00021016 -0.015385 0.017923 0.0067716 0.032976 0.0068062 -0.0018704 0.017758 -0.013009 -0.0094123 0.021858 0.0035413 0.00037592 -0.023406 0.016449 0.028286 0.003109 0.0066168 0.013502 0.021997 -0.0062026 0.016703 0.010509 0.015972 0.0061965 -0.023129 -0.017219 0.016308 -0.0059855 0.015484 0.013437 0.0091355 -0.01249 -0.010838 0.0011301 -0.022092 0.015067 -0.011752 -0.01759 -0.00069731 0.021446 -0.010264 0.018915 0.01862 -0.0012093 -0.026361 -0.035051 -0.027769 0.0056211 0.0011317 -0.025954 0.0020228 -0.0069189 -0.013656 -0.013331 0.022516 0.017799 -0.0039438 0.0074694 0.0016571 -0.0058141 0.011169 -0.0036915 -0.012341 -0.013669 -0.016252 0.022329 0.004648 -0.028157 0.018545 -0.0063159 -0.014931 -0.0069507 0.02964 -0.0093117 0.036798 0.016643
0.16235 0.098223 0.16199 0.11695 0.14223 0.16829 0.13312 0.099283 0.13337 0.14947 0.14246 0.11879 0.13534 0.12812 0.10557 0.081114 0.11578 0.069773 0.11165 0.080009 0.077137 0.092785 0.076908 0.077731 0.027631 0.040712 0.038261 0.0083159 0.022907 0.011691 0.061693 0.013779 0.0012599 0.0088496 0.02041 0.013524 -0.026278 -0.016565 0.019848 0.049894 0.052639 0.024159 0.038611 0.0046469 0.0095233 -0.012089 0.016656 0.049996 0.051189 -0.01039 -0.01015 -0.044073 0.020567 -0.0056294 0.017165 -0.014232 0.0062354 0.042348 0.057827 0.0079 -0.007773 0.023782 0.048783 -0.012522 -0.0084105 0.034217 0.025017 -0.012362 0.053175 0.052697 0.043349 0.017378 0.0057099 0.061459 0.019287 0.014816 0.016788 0.01033 0.0034875 0.0054885 0.053388 -0.0014602 0.035046 0.042019 0.020602 -0.010813 0.0059204 0.0050966 0.051118 0.026963 0.025381 0.063166 0.011692 0.041865 0.049566 0.020963 0.061311 0.073912 0.034364 0.037156 0.016887 0.010082 0.032865 0.044034 0.034385 0.023683 0.044099 0.027394 0.038888 0.035378 0.034948 0.050612 0.03436 0.018038 0.077645 0.034814 0.075519 0.034732 0.075769 0.0064518 0.043913 0.053186 0.034262 0.027933 0.032159 0.023955 0.013326 0.050511 0.0022201 0.036732 0.062465 -0.017655 0.070408 0.046915 -0.014806 0.022436 0.012019 -0.023161 -0.0054995 0.020635 0.024635 0.046206 0.064888 0.060591 0.025982 -0.011128 0.034093 0.053705 0.031119 0.048376 0.039691 0.028199 -0.005172 0.040746 0.012401 0.015871 0.048738 0.015844 0.029265 0.01335 0.020876 0.054339 0.046183 0.033561 0.039979 0.01895 0.030783 0.032292 0.02497 0.043785 0.051769 0.021811 0.01577 0.031742 0.011231 0.0092678 -0.0037353 0.03726 -0.013254 -0.010665 0.005004 0.027093 0.018944 0.023401 0.020905 0.051213 0.025367 0.054316 0.0086795 0.030596 0.04024 0.048694 0.04105 0.047389 0.0048773 0.036551 0.059292 0.044897 0.068463 0.022417 0.043077 0.014219 0.062018 0.027621 0.045844 0.056415 0.047662 0.015541 0.069599 0.0038633 0.021136 0.073998 0.020774 0.077368 -0.004366 0.040473 0.05238 0.0026498 0.018964 0.035428 -0.033922 0.021939 -0.01881 -0.014601 0.02456 -0.0098931 0.018875 0.014626 0.025932 0.031942 0.037454 0.018812 0.055725 0.077699 0.043907 0.031436 0.0263 0.027302 0.057317 0.076793 0.011891 0.044411 0.021755 0.02117 0.018254 -0.000168 0.038487 0.047915 -0.0093058 0.048245 0.0069603 0.0032685 -0.0075271 0.038786 0.039714 0.029359 0.014423 -0.0089063 0.025493 0.033424 0.027853 -0.0093269 -0.020293 0.0096446 -0.013547 -0.0068478 0.040845 0.015142 -0.021436 0.020789 0.033202 -0.0040883 0.011765 0.0022954 0.0033124 -0.0016182 -0.030525 -0.022029 0.0088722 -0.037921 0.039226 -0.0066274 0.052627 -0.01543 -0.0068601 -0.011473 0.026934 -0.018077 0.01923 0.01762 0.015182 0.031119 -0.022843 0.022983 0.0082279 -0.0044734 -0.033689 -0.015408 0.020555 0.032518 0.033245 0.017449 0.0088233 -0.03163 0.027924 -0.022556 0.030196 -0.013175 0.0018569 -0.02604 0.039058 -0.025433 0.011968 0.017303 0.0076108 -0.019107 0.02927 0.019399 0.013035 0.026456 0.042978 0.018361 -0.016677 0.016586 0.029841 0.013146 0.049404 0.060807 0.03738 -0.0010877 0.014027 -0.0043447 -0.017469 0.025801 0.060204 0.011172 0.028965 0.011234 -0.0033955 -0.0026498 0.04592 0.028822 0.028368 0.039517 0.01399 0.019148 0.037632 0.0047474 0.075656 0.010048 0.0025578 0.014082 0.016706 0.062622 0.051311 0.070956 0.0080204 0.0017614 0.020464 0.020638 0.0072 0.03279 0.0037102 0.027592 0.053357 0.058353 0.006653 -0.0025974 0.022295 0.082071 0.046533 0.0072378 0.031352 0.042579 0.044337 0.026379 0.072736 -0.0031784 0.055792 0.044264 0.030499 0.043 0.014302 0.031455 0.026803 0.06327 0.032558 0.027074 0.040889 0.039826 0.028663 0.053439 0.034427 0.031764 0.057104 0.040694 0.030001 0.032413 0.034396 -0.011969 0.047029 -0.020024 0.024102 0.04017 0.025082 0.024144 0.074955 -0.034801 0.042508 0.019116 0.003726 -0.011056 0.019136 0.037647 0.0061238 0.036123 0.024764 0.034101 0.058798 0.017041 0.020577 0.00086273 -0.0082545 -0.023535 0.046611 -0.0048342 0.011565 0.015091 -0.010942 -0.023885 0.020077 0.0077059 -0.007415 -0.01266 -0.001414 -0.00014318 0.041699 -0.035291 0.01749 0.016984 0.0026788 -0.0039523 -0.0033117 -0.011611 0.012741 -0.0020597 0.0053724 -0.013629 -0.010344 0.024335 0.049037 0.040583 -0.013511 0.018348 0.043559 0.01081 0.035863 -0.028908 -0.017402 0.025028 0.0099704 -0.014999 -0.02374 -0.035843 -0.015143 0.031094 0.0053477 0.012775 0.028891 0.012828 0.01549 0.026096 0.027297 0.011677 -0.030398 0.032506 0.018422 -0.025592 -0.026306 0.0076066 0.013507 0.037885 0.027184 0.036214 0.075003 0.012613 0.022651 0.056628 0.030522 0.057232 0.045136 0.039217 0.070996 0.069087 0.083263 0.046439 0.03306 0.036201 0.040857 0.064857 0.035867 0.063534 0.036999 0.061845 0.078212 0.017326 0.072635 0.019078 0.06826 0.037812 0.036511 0.034041 0.035014 0.034361 0.0079554 0.029499 -0.010807 0.010648 0.032413 -0.0091329 -0.0060629 0.02151 0.027787 0.0416 0.057835 0.0081342 -0.012549 0.013947 0.050282 0.019991 0.022097 -0.0069902 -0.017898 -0.00062627 -0.0090317 -0.0040706 0.031828 -0.0068041 -0.051947 -0.018454 -0.019026 0.0082031 -0.012019 0.037566 -0.014079 0.019419 0.018303 0.0089386 0.018201 -0.0069115 0.0070402 0.022476 0.012855 0.0058994 -0.0062382 0.038799 0.034172 0.032865 0.01184 0.0076315 0.027221 -0.020899 0.042545 0.020829 0.031805 0.030612 -0.0053182 0.021726 0.035393 0.042651 0.01134 0.024808 -0.046458 0.0084697 -0.0013057 0.021016 0.059304 -0.035388 -0.0041049 0.005131 0.0034103 0.0084502 0.020911 0.038443 0.0086391 0.018195 0.025095 0.0096756 -0.01071 -0.030007 0.00051184 0.012539 -0.002355 0.03295 -0.012233 -0.015026 -0.008202 -0.0015975 0.0011999 0.025281 -5.7293e-05 0.018512 -0.017901 0.0020581 0.0037705 0.004699 0.016844 0.0027213 0.040286 -0.00010915 -0.0034168 0.012329 -0.010189 0.011494 -0.036614 0.024997 0.021455 0.031887 0.013988 0.0039029 0.00097416 -0.014596 -0.0068522 0.038492 -0.018401 -0.0073631 -0.028622 0.02173 0.02945 0.0054148 0.0020477 5.7829e-05 0.031001 0.0018756 0.0231 -0.0014702 0.031154 -0.012684 -0.026054 -0.0057063 0.021569 0.007839 0.021819 0.024334 -0.0024206 -0.012083 -0.034826 -0.012713 -0.030432 0.018658 -0.016115 -0.0067762 -0.0026573 0.01142 -0.027327 0.037004 0.020153 0.013322 -0.018093 -0.049034 -0.018711 0.0096634 0.0024803 -0.036096 -0.0052855 -0.016592 -0.017547 -0.011958 0.018764 0.022552 -0.0053997 0.0075743 -0.011947 -0.00447 0.017581 -0.01085 0.0016375 -0.0014527 -0.016927 0.032579 0.0027967 -0.030869 0.01144 -0.010507 -0.02121 -0.02636 0.042663 -0.0028387 0.033308 0.0067022 -0.0035201 0.039973
-0.0010595 -0.022542 0.015188 -0.012625 -0.0058709 0.0030059 -0.0033858 -0.00075979 0.026141 -0.009088 -0.005341 0.0072486 0.020381 -0.0080995 -0.014134 -0.011438 0.033437 0.0090483 -0.003278 0.017645 0.0033225 0.010889 0.0028893 0.03419 -0.0089798 0.024401 0.030985 0.021096 0.008728 -0.0018867 0.017883 -0.0044967 0.033841 0.0050883 0.011643 0.017509 0.019373 -0.017589 -0.0090441 0.00052798 0.012272 0.018455 0.034392 -0.020387 0.012722 0.00032012 0.00042981 0.027304 -0.005682 0.00095709 0.0088936 0.022001 0.021667 -0.024664 0.0034555 0.040597 0.013195 0.032732 0.017981 -0.011115 -0.023528 -0.0050974 0.0019749 -0.0029847 0.0096159 0.018755 -0.00029727 0.01668 0.0086177 0.030847 0.031245 0.022442 0.0044376 0.02529 0.012527 0.0037423 0.0085307 -0.027026 -0.0054652 0.012906 0.012975 0.0091312 -0.014973 0.012175 0.017887 0.0027553 0.010514 0.044856 0.049148 0.041546 0.058224 0.064402 0.035983 0.032043 0.058582 0.046162 0.02652 0.024188 0.021273 0.049412 0.017791 0.030589 0.0050393 -0.005893 0.00297 0.027437 0.015446 -0.00143 0.040472 0.010054 0.037389 0.05194 0.014561 0.038681 0.029616 0.05357 0.023391 0.020007 0.069965 0.062735 0.018713 0.015689 0.0069974 0.016081 0.020269 0.023057 0.0061881 0.049619 -0.00041261 0.04518 0.019885 0.030773 0.014875 0.0080816 0.026228 0.01659 0.036539 0.045364 0.0041918 0.020056 0.056575 0.017804 0.016988 0.013291 0.054402 0.025948 0.013035 0.01953 0.047165 0.044609 0.051863 0.026265 0.015024 0.041412 0.0066948 0.024856 0.012998 0.025386 0.011155 0.046691 0.0019585 0.024653 0.013258 0.01423 0.040027 0.043731 0.045983 0.055984 0.019639 0.056235 0.063944 0.039565 0.036732 0.055347 0.020049 0.025116 0.0011319 0.04098 0.022047 -0.0049997 -0.013879 0.018694 0.013867 0.01298 0.0065508 0.0091594 0.0030249 0.0046991 0.020427 0.05231 0.01405 0.046376 0.043266 0.10058 0.079184 0.062815 0.061792 0.091737 0.1172 0.094273 0.11027 0.10091 0.11345 0.067131 0.052935 0.046581 0.022055 0.028052 0.023318 0.022304 0.027252 0.032559 -0.0048227 0.010168 -0.0085567 -0.00031176 0.0045983 0.021227 0.03509 0.015767 -0.0047621 -0.007633 0.0024522 0.016468 0.0065583 0.058965 0.082046 0.11987 0.10021 0.082844 0.10856 0.068448 0.040632 0.073027 0.052873 0.067606 0.0094274 0.063399 0.04827 0.040627 0.05011 0.047948 0.01124 0.04814 0.01885 0.0408 0.034145 0.0055619 0.016962 0.014943 0.020562 -0.02687 -0.0022569 0.0097707 0.0052041 0.029786 0.0083694 0.020477 -0.0072442 0.0075504 -0.0048883 0.015216 0.0032222 0.010398 0.042179 0.0042243 0.0010828 0.011593 0.02681 -0.0015912 0.006943 0.013778 0.015138 0.010573 0.011 0.03516 0.013691 -0.012218 0.0062742 0.042089 0.011405 0.018216 -0.002839 0.001293 0.014136 0.044028 0.046691 0.039354 0.028795 0.04238 0.0035707 -0.0077083 -0.021878 0.0041845 -0.0065994 0.016115 0.017296 -0.011574 0.0046857 -0.0079347 0.016226 0.014726 0.011369 0.0051175 0.011866 -0.000521 0.0030024 -0.0049746 0.044222 0.017361 0.034576 0.0142 0.019688 0.027616 0.00035571 0.05627 0.010593 0.011354 0.02822 0.013608 0.017965 0.018912 0.033809 0.0153 0.016257 0.02184 0.020611 0.029907 0.01164 0.0109 0.043331 0.04254 0.030324 0.051002 0.029058 0.03423 0.067401 0.039394 0.039395 0.015852 0.040056 0.035577 0.034458 0.052779 0.031424 0.0096435 0.028226 0.058936 0.042114 0.040551 0.012488 0.015766 0.031979 0.036226 0.010237 0.029651 -0.0067296 0.025641 0.035997 0.026172 0.02623 0.037894 0.049837 0.013944 0.047177 0.050245 0.056512 0.036891 0.054843 0.045611 0.063101 0.050347 0.062863 0.051305 0.048644 0.069853 0.078297 0.073712 0.036183 0.080606 0.050269 0.094261 0.11517 0.097159 0.11666 0.11515 0.11259 0.097011 0.058894 0.10686 0.10272 0.052297 0.093808 0.056774 0.066205 0.035574 0.053861 0.043876 0.017838 0.058484 0.055918 0.06087 0.030738 0.047532 0.047318 0.031085 0.035982 0.057156 0.030413 0.054217 0.027733 0.048269 0.0041139 0.04349 0.045307 0.018077 0.041272 0.041294 0.034761 0.021873 0.014787 0.004719 0.050564 0.018413 0.018919 0.0068442 0.029508 0.045159 0.052057 0.020838 0.034715 0.019121 0.015808 0.019933 0.031195 0.038569 0.034735 0.050874 0.038068 0.023059 0.03516 0.034919 0.030146 0.017608 0.047785 0.0059751 0.044626 0.0048019 0.023782 0.036971 0.024298 0.017312 0.016042 0.020976 0.041358 0.033327 0.026005 0.018386 0.023371 0.019584 0.029619 0.017816 0.031274 0.02872 0.030612 0.064078 0.016052 0.06656 0.041052 0.034398 0.032795 0.050227 0.063193 0.046969 0.044257 0.060035 0.043684 0.060335 0.023052 0.048006 0.041948 0.037031 0.050347 0.071762 0.031768 0.088565 0.085181 0.089019 0.099103 0.12634 0.12304 0.10365 0.085835 0.092982 0.051333 0.075916 0.070402 0.06698 0.061481 0.043994 0.039149 0.040238 0.026392 0.051393 0.009997 0.032479 0.023722 0.0039936 0.033337 0.012656 0.023667 0.025257 0.029863 0.017003 0.032715 0.022967 0.03962 0.044621 0.03392 0.027213 0.044718 0.040351 0.013266 -0.00092294 0.018758 0.0041824 0.011002 0.0062028 0.0093265 0.016975 -0.0093496 0.023788 0.0082624 0.03311 0.026229 -0.003807 0.024595 0.019281 0.013654 0.027855 -0.015763 0.0094138 -0.0043788 -0.018352 0.050951 0.027231 0.036429 0.063652 0.059988 0.054275 0.03766 0.052473 0.077215 0.048973 0.057997 0.064157 0.036467 0.055436 0.048458 0.062299 0.05592 0.051154 0.052324 0.047811 0.056942 0.04986 0.050187 0.040057 0.045033 0.04687 0.018483 0.071125 -0.00069369 0.027093 0.034385 0.020332 0.0010541 0.017286 0.0073642 0.031587 0.034741 0.016669 0.020737 0.030717 0.036861 0.024661 0.034188 0.034474 0.021253 0.037985 0.014382 0.029041 0.031039 0.0099808 0.027131 0.013654 -0.0067298 -0.0057896 0.011208 0.041289 0.03568 0.023121 -0.0027305 -0.012957 0.01729 0.013884 0.0029923 -0.013136 0.021737 0.02173 0.034083 0.03453 0.025967 0.010721 0.015779 -0.010776 0.0052724 0.032429 -0.00045754 0.0062226 0.022016 0.010217 0.028276 -0.013981 0.012372 -0.010315 0.0018861 0.0030398 -0.0040325 0.0063228 0.037044 0.026164 0.0017813 0.0062879 0.016101 0.023101 0.028995 -0.0056448 0.017413 -0.0012677 -0.00015327 -0.022771 0.016841 0.036605 0.020842 -0.018526 0.009072 0.01856 0.0012207 0.0059281 0.010717 0.005673 0.0034735 0.029831 0.014962 0.032174 0.002709 0.0022099 0.019996 -0.0049538 0.031928 -0.002144 0.012082 0.0026395 -0.0023659 0.0026694 0.013071 0.031804 -0.017946 0.018656 0.0015967 -0.0010158 -0.007635 0.034227 0.0042344 0.0062409 0.0067958 -0.0032544 0.014147 0.019615 0.034131 -0.0021644 0.042775 -0.014419 0.001233 0.011985 0.023486 0.006752 0.021355 -8.9314e-05 0.0093718 0.0086575
0.0044145 -0.0067179 0.017066 -0.020363 -0.0035193 0.0023045 0.0058193 0.00308 0.024648 -0.0029949 0.011107 0.0087358 0.032791 -0.0026903 -0.015744 0.0058981 0.022445 0.0076756 -0.00057047 0.018013 0.012693 0.011295 0.010095 0.026021 -0.012327 0.017539 0.031222 0.019415 0.014664 -0.0063856 0.0099814 0.0045675 0.029112 0.0089091 0.016613 0.024078 0.01276 -0.0075992 -0.010917 -0.0010332 0.023462 0.017975 0.021391 -0.0074086 0.017424 0.0094378 0.00444 0.030771 -0.0046128 0.011356 0.0076671 0.025714 0.013586 -0.017815 0.0016957 0.033331 0.007641 0.023337 0.018549 -0.0010998 -0.020892 0.0047769 0.0089727 0.0098506 0.0097756 0.0092705 0.0095025 0.012402 0.0099078 0.020534 0.030966 0.027757 0.022222 0.025257 0.0094782 -0.0066351 0.015929 -0.017539 -0.0010644 0.020118 0.02369 0.0089341 0.00072946 0.0057773 0.011995 0.013996 0.018921 0.04799 0.058843 0.048693 0.051105 0.062142 0.055964 0.030803 0.058439 0.044795 0.030649 0.034758 0.027227 0.058153 0.023022 0.035335 0.016326 -0.0027409 0.020981 0.018762 0.0085821 0.0021999 0.032499 0.013326 0.032723 0.052965 0.030787 0.047969 0.039076 0.05757 0.025294 0.030918 0.071362 0.064383 0.023803 0.025158 0.014602 0.026381 0.026426 0.022801 0.012674 0.044193 0.01609 0.037885 0.022141 0.023322 0.021543 0.0056133 0.025857 0.033431 0.032496 0.035103 0.0029036 0.029302 0.046876 0.020929 0.031478 0.024226 0.047446 0.026279 0.025736 0.020647 0.052258 0.051119 0.053007 0.032563 0.027196 0.050272 0.026436 0.018818 0.017651 0.027062 0.013077 0.040001 -0.0046544 0.022966 0.01225 0.019498 0.041046 0.04873 0.046758 0.056013 0.045743 0.06132 0.075463 0.049655 0.039707 0.060609 0.026216 0.021961 0.007756 0.039906 0.021308 -0.0058771 -0.011316 0.017392 0.010632 0.019857 0.0038375 0.0078984 0.0036012 0.0030933 0.024882 0.057197 0.019432 0.05881 0.043555 0.088164 0.072122 0.057575 0.056491 0.099543 0.13326 0.11666 0.11863 0.10961 0.11823 0.071482 0.046611 0.049038 0.024597 0.027075 0.033582 0.015817 0.023094 0.028938 0.0044447 0.0083237 -0.00016026 0.0025514 0.0092764 0.016059 0.021016 0.020201 -0.012947 -0.011314 -0.0016537 0.022886 0.0067772 0.056046 0.096547 0.12239 0.10964 0.088164 0.10962 0.073335 0.047496 0.085347 0.050758 0.066906 0.010728 0.056571 0.040352 0.029389 0.046013 0.045351 0.025838 0.042588 0.0066934 0.037444 0.031358 0.0018034 0.017358 0.019406 0.019956 -0.018393 0.00053519 0.014927 0.0072645 0.013058 0.011309 0.019032 -0.011443 0.0046459 -0.0013019 0.011292 0.013218 0.01396 0.032999 -0.0012946 0.0046769 0.0093726 0.02069 0.0046067 0.0093023 0.0073865 0.0030605 0.0125 0.0097474 0.024461 0.0093633 -0.0091815 0.012546 0.029974 0.0068581 0.010173 -0.0015498 0.00016723 0.017449 0.035649 0.048085 0.030814 0.030727 0.044135 0.01139 -0.0028801 -0.0037359 0.0078728 -0.0024647 0.014622 0.014604 -0.00679 0.0043384 -0.00024847 0.011887 0.022085 0.018734 0.0078668 0.01339 0.0020189 -0.0012555 0.0012378 0.039597 0.01884 0.031766 0.016741 0.020771 0.026509 0.0015264 0.052112 0.021233 0.010852 0.022243 0.016531 0.017373 0.018084 0.037637 0.019558 0.02321 0.020024 0.019895 0.026372 0.0082491 0.019587 0.045902 0.033951 0.041638 0.054709 0.043761 0.037537 0.05486 0.032958 0.041313 0.024071 0.042586 0.042215 0.029596 0.056656 0.026171 0.011508 0.031251 0.053422 0.040914 0.04103 0.018554 0.022682 0.031701 0.036033 0.010594 0.035019 -0.00059126 0.026712 0.035568 0.023876 0.027626 0.039755 0.057579 0.01947 0.046643 0.041551 0.055352 0.048609 0.050954 0.057319 0.066179 0.045655 0.068142 0.057028 0.05048 0.068179 0.071863 0.072514 0.030149 0.075597 0.039269 0.08643 0.11576 0.10987 0.11618 0.12318 0.11395 0.079774 0.054229 0.098743 0.090683 0.051007 0.074127 0.056353 0.056608 0.036993 0.051537 0.030448 0.027077 0.050602 0.05038 0.058392 0.03048 0.041407 0.045413 0.038081 0.027912 0.04489 0.025713 0.043122 0.026089 0.041234 0.013421 0.038879 0.046163 0.01839 0.031176 0.04098 0.027059 0.030259 0.02461 -0.0029667 0.047072 0.021245 0.024236 0.0097013 0.025591 0.03799 0.049615 0.017374 0.015212 0.021247 0.010255 0.01612 0.036436 0.029803 0.026116 0.042568 0.030302 0.018947 0.028104 0.019376 0.031124 0.013746 0.039669 0.012384 0.032756 -0.0012546 0.02362 0.025692 0.024667 0.021842 0.011306 0.02204 0.031276 0.026658 0.027321 0.016632 0.014362 0.011683 0.022042 0.015629 0.028476 0.016243 0.022978 0.048033 0.015832 0.056853 0.039123 0.033696 0.029444 0.044852 0.053979 0.044946 0.043087 0.059269 0.042419 0.059421 0.017388 0.050191 0.040857 0.042523 0.043559 0.067788 0.032277 0.091794 0.09269 0.093177 0.093605 0.12889 0.14097 0.10836 0.10569 0.096676 0.060039 0.080948 0.080979 0.067491 0.059554 0.057119 0.051186 0.043878 0.031674 0.046044 0.020589 0.041715 0.036964 0.017169 0.032533 0.014659 0.028733 0.033762 0.026271 0.019164 0.030229 0.024975 0.038233 0.039182 0.041796 0.023004 0.043542 0.043217 0.022945 0.0050587 0.018925 0.0047221 0.010924 0.0045706 0.014086 0.015175 0.0043906 0.026721 0.0039375 0.039851 0.019176 -0.0069339 0.020979 0.02274 0.0092819 0.02735 -0.010152 0.007155 -0.0050843 -0.013571 0.039542 0.030204 0.042582 0.059129 0.051111 0.057192 0.037731 0.059988 0.073633 0.048556 0.055262 0.064582 0.04176 0.057666 0.042535 0.058727 0.050875 0.047676 0.044227 0.04855 0.057093 0.042891 0.05707 0.028684 0.034607 0.043376 0.028144 0.068035 0.0050661 0.027295 0.034867 0.015312 0.00068015 0.011127 0.012072 0.024803 0.032133 0.018691 0.017882 0.027614 0.02794 0.016734 0.036934 0.022359 0.018468 0.033797 0.016696 0.011947 0.023619 0.017066 0.012378 0.012737 -0.01001 -0.0048478 0.013887 0.033837 0.027415 0.02801 0.00029468 -0.0010606 0.019367 0.022616 0.01246 -0.011718 0.017649 0.012178 0.026585 0.032314 0.027334 0.015664 0.015479 -0.00051411 -0.011655 0.023569 0.0012895 0.0019649 0.022883 0.0039615 0.035378 -0.0081834 0.0058007 -0.0087561 0.0031166 0.00054413 0.0039579 0.002537 0.030596 0.023689 0.0084355 0.0084617 0.013378 0.016721 0.02664 -0.0061959 0.018364 -0.0058609 0.0049337 -0.0011523 0.022306 0.031512 0.022634 -0.001611 0.0025946 0.011781 0.0022225 0.0037458 0.0024355 0.0080752 -0.0014981 0.018801 0.011405 0.023839 -0.0021232 0.011601 0.014977 -0.0096938 0.022038 0.0005664 0.013294 0.0029907 0.0063187 0.0077935 0.0041289 0.027529 -0.021245 0.01324 0.0004993 0.014059 -0.0075559 0.02169 0.0013607 0.0072733 0.012371 -0.0096464 0.012865 0.019011 0.030121 0.0035205 0.035653 -0.011942 0.0040836 0.0042658 0.024092 -0.0017956 0.005141 0.0095063 0.0057462 0.0095179
0.0062507 0.0065066 0.015421 -0.022823 -0.00048133 -0.00028646 0.0089101 0.0057838 0.016227 0.0040905 0.018962 -0.0012213 0.036088 0.0049759 -0.014485 0.020151 0.012134 0.0074344 0.0023902 0.019818 0.017567 0.0091625 0.012668 0.016171 -0.012329 0.011143 0.029204 0.018733 0.016527 -0.0057407 0.0055285 0.015679 0.025175 0.011346 0.016894 0.025449 0.006854 0.0032736 -0.014641 -0.0010437 0.032165 0.019126 0.0073806 0.0040021 0.020678 0.017422 0.0068079 0.030788 0.00052719 0.021575 0.0051045 0.026781 0.0069293 -0.0050768 0.00036594 0.025253 0.0054867 0.014782 0.016778 0.010546 -0.01148 0.014146 0.014964 0.019805 0.01339 0.0013541 0.016117 0.016055 0.013132 0.01263 0.031504 0.029976 0.030998 0.026814 0.010994 -0.010845 0.0215 0.0011404 0.0054875 0.025149 0.030468 0.0059309 0.013084 0.00071816 0.012482 0.022929 0.022164 0.049311 0.06519 0.055302 0.046254 0.063752 0.06782 0.03316 0.05672 0.042534 0.038883 0.04496 0.033841 0.062117 0.030575 0.046117 0.025476 -0.0001368 0.0328 0.012142 0.0058659 0.0075115 0.024729 0.017615 0.02964 0.051318 0.042359 0.057048 0.044883 0.066315 0.028036 0.041142 0.067589 0.062886 0.030535 0.035014 0.021633 0.034135 0.030736 0.026236 0.017069 0.037495 0.023305 0.032104 0.02798 0.014282 0.027905 0.0054295 0.023793 0.044718 0.031899 0.027128 0.0070397 0.036611 0.038981 0.025939 0.044765 0.03482 0.035635 0.032173 0.035136 0.022753 0.053837 0.049734 0.054409 0.037944 0.038822 0.05494 0.038067 0.018343 0.019836 0.027613 0.015168 0.031669 -0.0058078 0.021249 0.015198 0.028109 0.041375 0.047946 0.048091 0.053432 0.063127 0.062696 0.077407 0.058036 0.039944 0.060401 0.031052 0.022571 0.015602 0.03618 0.016041 -0.0022571 -0.006935 0.014074 0.0065539 0.025349 0.0070389 0.0043919 0.0054111 0.006727 0.028948 0.055551 0.027537 0.070545 0.043851 0.079481 0.066776 0.06088 0.056678 0.10745 0.13839 0.12895 0.12257 0.11041 0.11345 0.072342 0.047684 0.054625 0.029973 0.026514 0.041118 0.01116 0.02197 0.027163 0.012767 0.0063973 0.0076868 0.0043806 0.015239 0.0083573 0.0097886 0.021237 -0.011588 -0.011323 -0.0036312 0.026756 0.014007 0.050876 0.1011 0.11438 0.11298 0.087468 0.10552 0.074336 0.052489 0.086775 0.053154 0.068961 0.01984 0.047796 0.028738 0.025873 0.042704 0.038646 0.030359 0.043556 0.0038634 0.034648 0.026498 -0.0010184 0.018392 0.021743 0.022239 -0.006967 0.0007673 0.018439 0.0037161 0.0026028 0.012393 0.01772 -0.01283 0.0019094 0.0025876 0.0087926 0.01657 0.016146 0.022683 -9.6103e-05 0.0099731 0.0053885 0.010817 0.0052523 0.018922 0.0029082 -0.0042906 0.015611 0.010533 0.017931 0.0056674 -0.010034 0.020381 0.020017 0.0031894 0.0068795 0.00078148 0.0033198 0.020715 0.026691 0.043274 0.023095 0.027975 0.042963 0.016177 0.0022387 0.011667 0.0084934 0.001983 0.012853 0.012848 -0.0020709 0.0036469 0.009392 0.01306 0.021403 0.018721 0.012563 0.013578 0.0023976 -0.0043706 0.008435 0.034325 0.021485 0.026886 0.016739 0.019503 0.029955 0.0054683 0.043469 0.028388 0.013947 0.021725 0.01934 0.013938 0.018782 0.036518 0.023545 0.030195 0.019568 0.022614 0.019125 0.0090625 0.024326 0.040952 0.032643 0.047996 0.053193 0.057029 0.042677 0.041021 0.031131 0.042514 0.032826 0.041955 0.046243 0.026867 0.051568 0.02512 0.015388 0.031356 0.045281 0.039967 0.041693 0.028694 0.026078 0.032523 0.035765 0.016201 0.042558 0.0052319 0.023109 0.031184 0.021733 0.030705 0.039975 0.060477 0.023093 0.045366 0.036363 0.056227 0.055275 0.049545 0.062071 0.066601 0.046602 0.069415 0.063441 0.056425 0.066181 0.068004 0.068238 0.026702 0.066103 0.037768 0.076041 0.11869 0.11186 0.11317 0.12088 0.10679 0.070518 0.053482 0.087937 0.075799 0.053374 0.056794 0.05777 0.047501 0.039665 0.050867 0.023177 0.035811 0.040295 0.046202 0.049893 0.03044 0.033817 0.043016 0.039298 0.024294 0.031498 0.024369 0.032968 0.023545 0.032762 0.018915 0.032276 0.044892 0.019234 0.021795 0.039368 0.021265 0.035368 0.030253 -0.0088008 0.037704 0.025268 0.024157 0.012341 0.02218 0.032057 0.043464 0.02064 0.0053219 0.023728 0.0052304 0.0148 0.038074 0.024014 0.016213 0.031369 0.025772 0.014061 0.025235 0.012163 0.033566 0.013012 0.033208 0.01606 0.021569 -0.0013561 0.02118 0.012288 0.024108 0.024236 0.0061127 0.018664 0.022482 0.023712 0.02702 0.018244 0.01105 0.011741 0.019952 0.015243 0.030263 0.0099926 0.018475 0.031355 0.015154 0.04485 0.037138 0.035837 0.03133 0.038593 0.04437 0.039192 0.037378 0.0569 0.038477 0.054817 0.014934 0.052003 0.042149 0.048044 0.040695 0.063574 0.035205 0.091393 0.096689 0.097321 0.094042 0.13091 0.15311 0.11401 0.1179 0.10149 0.07103 0.087736 0.0875 0.073336 0.064952 0.072453 0.061441 0.054184 0.040223 0.042154 0.031018 0.048465 0.043662 0.027388 0.030806 0.021037 0.033225 0.041037 0.023299 0.0219 0.027716 0.029113 0.03811 0.03201 0.044333 0.019922 0.037917 0.039188 0.028085 0.013623 0.019028 0.0074888 0.011794 0.0043132 0.018733 0.012273 0.012748 0.025981 0.0042991 0.038387 0.013507 -0.0080469 0.018709 0.021202 0.005054 0.023372 -0.0025355 0.010691 -0.0011195 -0.005018 0.029765 0.030857 0.045221 0.051214 0.043807 0.05483 0.039177 0.063307 0.070453 0.043986 0.054441 0.063422 0.046692 0.053657 0.036582 0.058988 0.047917 0.041418 0.039239 0.047084 0.056199 0.038381 0.056656 0.02178 0.03114 0.038154 0.032142 0.059582 0.0074028 0.030622 0.032447 0.014282 0.0018731 0.009625 0.016524 0.015708 0.030103 0.020932 0.012603 0.021543 0.018421 0.011688 0.032781 0.011988 0.015525 0.025986 0.016518 0.0033604 0.018607 0.020909 0.0099779 0.01011 -0.0098276 -0.0084321 0.015265 0.025405 0.01736 0.030964 0.0034883 0.0078727 0.014773 0.024086 0.017032 -0.0076591 0.0078423 0.0087573 0.019225 0.02465 0.028074 0.022673 0.015724 0.0040506 -0.019712 0.018215 0.0038689 -0.00013359 0.019733 -0.0014549 0.036173 -0.00070121 -0.00038665 -0.0090972 0.001755 -4.01e-05 0.011257 0.0037245 0.020389 0.020021 0.015055 0.0088869 0.0085055 0.0078206 0.026305 -0.0016738 0.01479 -0.0066488 0.0078704 0.012354 0.020714 0.024638 0.021678 0.0087417 0.0053486 0.0069086 0.0037261 0.0046797 -0.0030829 0.011101 -0.0042557 0.0048377 0.0099847 0.01717 -0.0086811 0.013121 0.0081487 -0.010502 0.01397 0.0069373 0.013957 0.0084604 0.012513 0.011584 0.0025825 0.013858 -0.018468 0.006202 0.0023167 0.025242 -0.0085106 0.013548 0.00042709 0.0068133 0.014384 -0.010035 0.0078654 0.016597 0.025953 0.0061611 0.025706 -0.0077984 0.0053162 -0.002545 0.023895 -0.0093387 -0.0094634 0.020019 0.0059196 0.0062782
0.0056263 0.016275 0.0097456 -0.019298 0.0019105 -0.0018598 0.0074416 0.0071241 0.0053159 0.0078641 0.017537 -0.015611 0.029354 0.012417 -0.011119 0.02859 0.0046499 0.0080347 0.0041255 0.022134 0.019089 0.0058842 0.010623 0.0088682 -0.010426 0.0074504 0.026797 0.017919 0.013913 0.0014049 0.0050785 0.024694 0.023633 0.011599 0.01538 0.022936 0.0056346 0.011793 -0.015365 0.0024534 0.036611 0.021346 -0.0028527 0.011358 0.022086 0.021298 0.0098318 0.028543 0.0063296 0.027944 0.0036229 0.024342 0.0023196 0.011721 0.0021716 0.02185 0.0080419 0.010765 0.015972 0.021627 0.0028802 0.021751 0.020325 0.024344 0.018927 -0.0021964 0.019416 0.02445 0.018408 0.01067 0.031462 0.030281 0.033254 0.029912 0.015584 -0.0083756 0.022726 0.021665 0.012454 0.027397 0.031497 0.0057994 0.02108 0.00085661 0.015465 0.028402 0.024636 0.048655 0.06785 0.058338 0.047096 0.067673 0.070993 0.037221 0.054693 0.04131 0.049507 0.053096 0.04015 0.061223 0.038574 0.05799 0.03329 0.0023697 0.039898 0.012286 0.011051 0.014045 0.019513 0.023425 0.030776 0.050135 0.04794 0.064572 0.048112 0.074978 0.034797 0.050474 0.061782 0.059487 0.038484 0.044286 0.026477 0.038843 0.034807 0.033406 0.019835 0.032386 0.023878 0.029766 0.034675 0.0077072 0.032186 0.0068359 0.022881 0.051107 0.035339 0.025078 0.016784 0.041469 0.037563 0.032422 0.054804 0.043454 0.023803 0.042719 0.04056 0.026001 0.055383 0.044195 0.056878 0.041836 0.046718 0.055499 0.041784 0.022237 0.021539 0.028473 0.018643 0.024345 -0.00022308 0.020587 0.022889 0.036356 0.041482 0.044829 0.049701 0.04842 0.0699 0.060974 0.073331 0.063345 0.036689 0.05696 0.033374 0.027081 0.022912 0.034014 0.009573 0.0032422 0.00023549 0.012849 0.0015742 0.029364 0.014747 0.00044157 0.0096537 0.013559 0.033137 0.050385 0.036198 0.077654 0.044916 0.074404 0.067546 0.07151 0.063812 0.11025 0.13417 0.13134 0.11925 0.10588 0.10166 0.072948 0.057015 0.0609 0.041197 0.030625 0.044447 0.012024 0.024088 0.026956 0.020485 0.0053388 0.01547 0.0055202 0.022326 0.0019289 0.0029272 0.018627 -0.0053441 -0.0072386 -0.00069022 0.027054 0.024277 0.047174 0.096151 0.098884 0.10617 0.081823 0.097805 0.072718 0.056724 0.080173 0.057193 0.072659 0.033187 0.039878 0.02077 0.029393 0.04143 0.031859 0.026753 0.046093 0.010117 0.033042 0.020778 0.00084453 0.020393 0.02227 0.026271 0.0032791 -5.9707e-05 0.019399 -0.0019243 0.00040068 0.012227 0.015761 -0.0091112 -9.2388e-06 0.0074888 0.0093036 0.014993 0.015483 0.014603 0.0057906 0.016124 0.0018877 0.0033163 0.0028997 0.028556 0.00059282 -0.0075044 0.016312 0.011008 0.014478 0.0023754 -0.012125 0.026416 0.013406 0.00078522 0.0079703 0.0031 0.0090785 0.02155 0.018117 0.035144 0.016097 0.022954 0.038459 0.016577 0.0062781 0.020914 0.0079915 0.005972 0.011606 0.012407 0.0030705 0.0016053 0.018704 0.017991 0.016517 0.012989 0.018569 0.014412 0.0017979 -0.0057247 0.013656 0.027964 0.024384 0.020501 0.01664 0.017068 0.035297 0.0098084 0.032981 0.030989 0.01851 0.025163 0.020815 0.011784 0.01878 0.029499 0.025933 0.035146 0.021213 0.027784 0.014816 0.013924 0.025117 0.032271 0.036516 0.048862 0.0505 0.066581 0.04731 0.029739 0.03111 0.044568 0.039619 0.04104 0.048268 0.029185 0.042292 0.029835 0.018597 0.028935 0.037143 0.041774 0.040787 0.039409 0.026566 0.033574 0.03418 0.025768 0.04869 0.011594 0.017889 0.024867 0.019998 0.034047 0.041814 0.060045 0.025468 0.044145 0.035178 0.058673 0.055507 0.049758 0.059748 0.063397 0.053917 0.065395 0.070006 0.064323 0.064852 0.065242 0.062968 0.028605 0.05659 0.044452 0.066562 0.11996 0.10713 0.10813 0.11075 0.093704 0.067936 0.056864 0.077104 0.063351 0.057833 0.048436 0.059849 0.042598 0.043868 0.051089 0.022313 0.043524 0.030463 0.043563 0.039812 0.031731 0.028898 0.040769 0.036359 0.026316 0.018768 0.026121 0.02516 0.020314 0.023984 0.021897 0.024032 0.042996 0.019828 0.014756 0.036267 0.018585 0.036775 0.030248 -0.0099693 0.025278 0.02676 0.019091 0.012986 0.019574 0.028538 0.035743 0.028066 0.0044726 0.025323 0.0011783 0.015265 0.035875 0.021322 0.007697 0.022454 0.025604 0.012049 0.023312 0.012792 0.034222 0.014332 0.027726 0.018259 0.014298 0.0029065 0.018351 0.0019915 0.021067 0.025249 0.00345 0.014568 0.01773 0.020948 0.026497 0.020649 0.01286 0.016827 0.021301 0.014693 0.034963 0.0093741 0.019124 0.018248 0.015437 0.032523 0.035174 0.037319 0.039235 0.034071 0.035819 0.031902 0.030625 0.053238 0.032323 0.04968 0.017035 0.053246 0.043873 0.052086 0.040971 0.060692 0.042546 0.089099 0.097961 0.10276 0.099385 0.12975 0.15654 0.1201 0.12342 0.10568 0.082889 0.096827 0.091873 0.082731 0.073626 0.08776 0.067072 0.064611 0.04946 0.042259 0.041549 0.052579 0.044814 0.034263 0.028503 0.030196 0.035072 0.044884 0.024566 0.026034 0.025677 0.032032 0.039229 0.026413 0.042064 0.018394 0.029578 0.030858 0.028096 0.022889 0.02003 0.012487 0.011562 0.0046256 0.020695 0.0098964 0.017228 0.020572 0.0078358 0.030091 0.0081619 -0.0085755 0.018427 0.016403 0.0033993 0.01787 0.0036653 0.017135 0.0059558 0.0035675 0.022355 0.028652 0.044996 0.042374 0.036834 0.049856 0.041712 0.063755 0.065467 0.039817 0.054663 0.061098 0.048255 0.046638 0.033483 0.060775 0.047072 0.036476 0.03927 0.043586 0.053445 0.03678 0.050925 0.021211 0.03279 0.032723 0.032121 0.049328 0.0080828 0.036523 0.028301 0.014173 0.0056485 0.012876 0.021515 0.0073534 0.025164 0.022906 0.007154 0.013449 0.011559 0.0086941 0.025179 0.0068092 0.013017 0.018926 0.014372 0.004366 0.014684 0.023289 0.013755 0.0054424 -0.0044513 -0.011209 0.015506 0.018371 0.0079357 0.028769 0.0059732 0.012478 0.0070273 0.018681 0.017291 -0.0026304 -0.0026261 0.011136 0.015161 0.015481 0.028129 0.029783 0.016141 0.0022057 -0.01665 0.016489 0.0062663 -6.8525e-05 0.01334 -0.0040655 0.030868 0.0067345 -0.0064702 -0.0088827 0.00079964 0.001429 0.014889 0.0089497 0.0091759 0.016015 0.018875 0.010662 0.0018953 -0.00086839 0.02653 0.0089181 0.0083414 -0.0024784 0.0088172 0.015747 0.013824 0.016644 0.017098 0.012471 0.013944 0.0027104 0.0063469 0.007249 -0.004721 0.013055 -0.0042858 -0.0079117 0.009369 0.014176 -0.014117 0.0075922 0.0029653 -0.0092788 0.0087421 0.01447 0.013231 0.014746 0.014488 0.012975 0.0037923 -0.0018674 -0.011122 0.00067611 0.0067378 0.029795 -0.0091806 0.010779 -0.00010522 0.0050058 0.011083 -0.0045149 0.0004603 0.012726 0.020452 0.0053297 0.016442 -0.0036294 0.0058074 -0.0063969 0.021021 -0.011017 -0.018583 0.025387 0.0094451 0.0027276
0.023369 0.0039414 -0.010748 0.0047817 -0.0003281 0.0055404 0.0086665 -0.0026948 0.0063734 0.010787 -0.025116 0.01679 0.017471 -0.0058796 0.030991 0.00086463 0.0091003 0.0053128 0.023934 0.019943 0.0033096 0.0058411 0.0079795 -0.0082239 0.0081508 0.024667 0.016536 0.0084685 0.013239 0.0086071 0.028928 0.026573 0.010812 0.014423 0.01902 0.0095794 0.016422 -0.010566 0.0089377 0.037726 0.024967 -0.0061903 0.013713 0.022269 0.020327 0.015934 0.02552 0.011332 0.029085 0.0048221 0.019098 -0.00073075 0.027296 0.008651 0.025599 0.015241 0.012624 0.017476 0.030006 0.020219 0.026961 0.024968 0.024345 0.024742 -4.9178e-05 0.02057 0.033777 0.025278 0.014038 0.029989 0.030284 0.032599 0.033596 0.0208 0.00075391 0.018908 0.036613 0.017358 0.027214 0.027414 0.010601 0.025715 0.0064454 0.017613 0.030686 0.029788 0.046392 0.065984 0.056224 0.05379 0.071883 0.067307 0.041269 0.052967 0.041981 0.059066 0.058097 0.045348 0.057402 0.044941 0.065884 0.039843 0.0054132 0.0449 0.020501 0.023406 0.020882 0.020506 0.030349 0.03646 0.051452 0.048787 0.069047 0.049052 0.077972 0.047041 0.058286 0.05726 0.055371 0.046472 0.051589 0.028968 0.041835 0.038556 0.04219 0.021747 0.031331 0.021676 0.031633 0.038429 0.00729 0.034129 0.0086533 0.026051 0.054 0.040888 0.029771 0.029633 0.042991 0.043456 0.039572 0.060093 0.04899 0.016408 0.055043 0.042921 0.029922 0.058245 0.039166 0.059815 0.044144 0.048868 0.052952 0.040246 0.027872 0.024983 0.030045 0.023618 0.020183 0.010183 0.021669 0.033197 0.042129 0.041731 0.041553 0.051036 0.042295 0.067524 0.057786 0.067463 0.064322 0.031865 0.05189 0.032375 0.033328 0.028407 0.033549 0.0056312 0.0080589 0.0094838 0.016033 -0.003622 0.03122 0.023608 -0.00067296 0.016079 0.02064 0.037207 0.046061 0.042645 0.077616 0.047923 0.071921 0.073937 0.0845 0.075147 0.10494 0.12487 0.12496 0.10931 0.098596 0.086621 0.07381 0.070594 0.065015 0.057264 0.040049 0.043924 0.019522 0.029625 0.027022 0.026812 0.0070901 0.022653 0.0073166 0.029093 -0.0002846 0.0015991 0.013804 0.0015741 0.0013018 0.0060829 0.025192 0.031863 0.04631 0.084196 0.08 0.089344 0.07395 0.088445 0.068386 0.059562 0.069256 0.059673 0.076177 0.045313 0.035124 0.020872 0.037184 0.042852 0.027894 0.019565 0.045959 0.022231 0.03271 0.015783 0.0076671 0.022248 0.021986 0.02938 0.011014 -0.00060399 0.018689 -0.0064128 0.0059755 0.012335 0.012895 -0.00049828 -0.00105 0.0132 0.012824 0.012537 0.011611 0.010455 0.012752 0.020575 0.00081803 0.0026431 0.00019287 0.032323 0.00092258 -0.0069517 0.012762 0.0097757 0.01183 -2.9635e-05 -0.012999 0.027269 0.0088007 -0.00022405 0.010817 0.0050964 0.014769 0.018732 0.010906 0.027311 0.011003 0.018098 0.031103 0.012523 0.0080334 0.02395 0.0087552 0.0074692 0.010629 0.012719 0.0080673 -0.0010419 0.025429 0.022718 0.011678 0.0064133 0.024417 0.016284 0.00087441 -0.0049658 0.015195 0.020959 0.02545 0.013484 0.017784 0.015872 0.039113 0.012975 0.024001 0.028938 0.022133 0.029359 0.0199 0.013565 0.016944 0.01834 0.027223 0.035935 0.023929 0.032962 0.016237 0.021623 0.024724 0.025206 0.041811 0.045256 0.048597 0.069612 0.049318 0.023124 0.03016 0.047281 0.042394 0.041984 0.049526 0.037074 0.035139 0.03814 0.019998 0.02488 0.031037 0.046915 0.038368 0.047254 0.026031 0.033571 0.030696 0.035083 0.051571 0.018296 0.015272 0.019253 0.019436 0.035467 0.046634 0.057846 0.027713 0.042807 0.037255 0.061752 0.051019 0.050122 0.052035 0.056883 0.064909 0.05653 0.074739 0.071047 0.064372 0.061982 0.0578 0.036308 0.048439 0.055377 0.060652 0.11511 0.099209 0.10004 0.096573 0.079074 0.068301 0.062056 0.068386 0.056155 0.062902 0.0498 0.062086 0.0428 0.048834 0.052199 0.026368 0.04902 0.0243 0.042245 0.032033 0.03374 0.026691 0.039355 0.031756 0.032973 0.0081388 0.031035 0.019221 0.018316 0.015954 0.023755 0.015612 0.041265 0.019474 0.01123 0.031982 0.019339 0.035472 0.025061 -0.0058946 0.013442 0.023695 0.011507 0.011383 0.018071 0.027186 0.028898 0.034059 0.008917 0.025573 -0.0014642 0.016651 0.03197 0.020901 0.001058 0.018925 0.029045 0.013045 0.019399 0.018724 0.0311 0.017518 0.022556 0.019222 0.013385 0.0091538 0.017308 -0.0026057 0.015248 0.025617 0.0056126 0.013775 0.016961 0.016772 0.026444 0.021681 0.017588 0.022825 0.023327 0.012396 0.039617 0.012754 0.023977 0.01116 0.017829 0.023112 0.034529 0.035917 0.051251 0.032846 0.029495 0.02624 0.027156 0.048429 0.025987 0.046268 0.02416 0.052653 0.044711 0.052987 0.042446 0.059979 0.052982 0.086109 0.096988 0.108 0.10619 0.12391 0.14947 0.12421 0.12341 0.10702 0.093324 0.10617 0.096545 0.091889 0.080194 0.098704 0.067431 0.070835 0.057148 0.046693 0.050314 0.054501 0.043653 0.037523 0.026295 0.039606 0.034804 0.045522 0.031224 0.031522 0.023782 0.031483 0.040004 0.024491 0.036219 0.018284 0.022306 0.021582 0.023898 0.030558 0.022425 0.018857 0.0095202 0.0046375 0.018079 0.0097678 0.019809 0.011739 0.012369 0.018736 0.003387 -0.0082512 0.018686 0.012219 0.0055606 0.012725 0.0052112 0.023506 0.013261 0.0087696 0.017114 0.024252 0.042586 0.034746 0.029655 0.044029 0.042986 0.06106 0.056987 0.040012 0.054082 0.057212 0.045377 0.040988 0.03387 0.061586 0.047648 0.034714 0.043801 0.037516 0.048081 0.037933 0.042696 0.026562 0.036669 0.029042 0.030897 0.040329 0.0090022 0.042029 0.023001 0.01339 0.011099 0.019055 0.027975 0.0014723 0.015244 0.024342 0.0037337 0.0042782 0.0095463 0.0070381 0.018133 0.0092983 0.012071 0.016213 0.011784 0.011985 0.010116 0.02495 0.017185 -0.00091164 0.0050885 -0.0098577 0.014609 0.014144 0.0003676 0.021567 0.0065764 0.013166 0.00030711 0.0093321 0.014764 0.0013264 -0.0082497 0.015821 0.016401 0.0089293 0.027391 0.03408 0.016748 -0.0032573 -0.0056295 0.017062 0.0072303 0.0020464 0.0057286 -0.0040339 0.02306 0.01147 -0.011275 -0.0071742 0.0022593 0.0048991 0.012717 0.015476 0.00081138 0.012291 0.018703 0.014991 -0.0041086 -0.0072747 0.025583 0.021893 0.0018075 0.0049216 0.0071171 0.010777 0.0055871 0.0079342 0.010477 0.011345 0.023103 -0.0012867 0.0097925 0.0095319 -0.0043605 0.013638 -0.0022052 -0.016631 0.0077781 0.014611 -0.015903 -0.00093109 0.0013225 -0.0078142 0.0049209 0.018601 0.0099051 0.018287 0.012251 0.011795 0.0048918 -0.01176 -0.0028282 -0.0021085 0.012661 0.027055 -0.0087213 0.011657 -0.00054605 0.0020259 0.0040342 0.0035792 -0.0070686 0.0072985 0.013481 0.002297 0.0107 -0.00079629 0.0069949 -0.0058873 0.015113 -0.0055389 -0.019652 0.022233 0.014922 0.0016235 -0.0040419
0.0030141 0.030523 0.0043012 0.0010504 0.011512 0.005457 0.0083367 0.013457 -0.0032087 0.0017101 0.0061344 -0.022199 0.0065631 0.020402 0.0022265 0.03008 0.0012442 0.010677 0.0085514 0.024761 0.022851 0.0036379 0.0019311 0.015011 -0.006043 0.013792 0.022856 0.015367 0.0036173 0.025317 0.015132 0.028634 0.034261 0.011176 0.015074 0.016243 0.016229 0.017917 -0.0014195 0.015575 0.037921 0.03032 -0.0023982 0.012189 0.022789 0.016664 0.025054 0.023109 0.015306 0.026878 0.0089256 0.012816 -0.003235 0.035755 0.019151 0.034318 0.025322 0.018721 0.020746 0.035614 0.038298 0.029968 0.028506 0.023356 0.029904 0.0064738 0.020892 0.041302 0.032131 0.018248 0.028232 0.031553 0.03233 0.036337 0.024291 0.015328 0.012136 0.04267 0.019188 0.0259 0.021222 0.018161 0.029565 0.014444 0.018285 0.03131 0.038002 0.043019 0.059514 0.049918 0.062963 0.074226 0.060676 0.045071 0.051831 0.044463 0.064458 0.059706 0.049582 0.054325 0.048845 0.067276 0.044632 0.0095415 0.049943 0.034315 0.038297 0.027056 0.029666 0.037179 0.044847 0.055644 0.04768 0.070003 0.048076 0.072149 0.063387 0.063862 0.056644 0.051491 0.053544 0.055674 0.030861 0.04546 0.04102 0.049474 0.023557 0.034477 0.020329 0.037059 0.037054 0.013821 0.035244 0.009892 0.034566 0.055165 0.045485 0.038348 0.041211 0.040455 0.053019 0.046121 0.060615 0.051718 0.015967 0.065718 0.044149 0.033308 0.061442 0.038909 0.061705 0.045066 0.046142 0.049314 0.036939 0.032927 0.030964 0.032097 0.029196 0.019766 0.021678 0.02401 0.042077 0.045538 0.042593 0.038902 0.051887 0.036728 0.060137 0.055337 0.062893 0.060909 0.029127 0.04642 0.028545 0.03821 0.031859 0.032383 0.0053252 0.011457 0.018327 0.022751 -0.0075979 0.030734 0.030092 0.0035224 0.023275 0.025895 0.040212 0.046134 0.044927 0.071319 0.053375 0.070763 0.08202 0.093939 0.084785 0.092125 0.11591 0.11223 0.096974 0.090495 0.072913 0.073411 0.08183 0.064978 0.073554 0.051766 0.041591 0.031429 0.038264 0.026098 0.030874 0.013356 0.029066 0.011102 0.033343 0.0026961 0.0058388 0.009234 0.0069814 0.013574 0.012542 0.023544 0.032359 0.046441 0.069417 0.06126 0.067387 0.066662 0.079292 0.060868 0.059892 0.057643 0.059119 0.078244 0.051972 0.03429 0.028621 0.045395 0.046692 0.028198 0.013594 0.0422 0.03523 0.033423 0.012713 0.016585 0.022733 0.022215 0.029092 0.017413 -0.00035545 0.01749 -0.0082291 0.016384 0.014139 0.010055 0.010102 -0.0013682 0.018685 0.017864 0.012701 0.0052938 0.0098516 0.017988 0.020912 0.0026452 0.009833 -0.00077808 0.028016 0.0042554 -0.0030676 0.0059821 0.0069395 0.008325 -0.0010685 -0.011511 0.02173 0.0041626 0.00018894 0.011432 0.0070233 0.017722 0.013843 0.0056228 0.021641 0.0086955 0.015329 0.022473 0.0060312 0.0073684 0.023797 0.01234 0.0051548 0.008716 0.012776 0.011661 -0.0033803 0.028201 0.023761 0.0099398 0.0039859 0.028388 0.018332 -0.00059977 -0.0015532 0.01306 0.015136 0.022934 0.007037 0.01927 0.0179 0.038745 0.01471 0.019283 0.024222 0.022781 0.031384 0.016771 0.019204 0.013806 0.0079056 0.028513 0.031515 0.025836 0.035749 0.022416 0.0304 0.026955 0.024126 0.044957 0.039109 0.04665 0.064485 0.048116 0.02145 0.027311 0.048939 0.040725 0.044709 0.050539 0.048373 0.03401 0.045728 0.020286 0.020416 0.027811 0.053639 0.035612 0.051146 0.026372 0.031432 0.025859 0.040242 0.05186 0.024497 0.01871 0.016241 0.020128 0.03381 0.053195 0.054999 0.030562 0.04074 0.040461 0.064669 0.045826 0.048961 0.041997 0.048639 0.075584 0.045791 0.075279 0.074205 0.06426 0.057948 0.053252 0.04816 0.040719 0.065891 0.059108 0.10265 0.090453 0.087952 0.082272 0.067177 0.068268 0.065688 0.063003 0.05406 0.066719 0.056242 0.064779 0.046153 0.052822 0.054869 0.033197 0.051666 0.02325 0.041796 0.028213 0.03511 0.024313 0.039139 0.02827 0.041164 0.00063023 0.039043 0.013221 0.019812 0.0099453 0.025129 0.0088984 0.040041 0.018147 0.011048 0.027259 0.023058 0.033121 0.01807 0.0015669 0.0052315 0.01692 0.0049012 0.0086022 0.017969 0.026431 0.02443 0.034179 0.013421 0.024363 -0.0023297 0.017843 0.02871 0.02098 -0.004441 0.020563 0.034116 0.014172 0.013096 0.026041 0.024415 0.022092 0.017231 0.018475 0.018731 0.014612 0.019617 -0.0023807 0.0080456 0.026055 0.013109 0.018688 0.017871 0.012038 0.026874 0.020357 0.02288 0.026054 0.023839 0.0086941 0.04187 0.017082 0.029359 0.0091663 0.02184 0.019795 0.036084 0.031811 0.063322 0.034608 0.02612 0.024459 0.029629 0.042596 0.021461 0.045165 0.034693 0.048887 0.044093 0.050489 0.043153 0.061726 0.062933 0.083056 0.094553 0.10999 0.11005 0.11405 0.13333 0.12402 0.11879 0.10443 0.10044 0.11329 0.10293 0.097016 0.080986 0.10198 0.063972 0.072332 0.061765 0.053826 0.055353 0.055324 0.043851 0.037502 0.026049 0.046713 0.034891 0.044863 0.041309 0.037365 0.021683 0.02814 0.038821 0.02656 0.028392 0.018867 0.018986 0.014131 0.017397 0.034479 0.025353 0.02531 0.0070468 0.0039934 0.011464 0.012523 0.02238 0.0029716 0.015642 0.0084429 -0.00023402 -0.0062613 0.017282 0.011978 0.01084 0.0091606 0.00047746 0.027262 0.017294 0.0094404 0.01295 0.01987 0.03862 0.029535 0.02246 0.038208 0.04077 0.054894 0.045272 0.045554 0.051402 0.050871 0.039072 0.039638 0.036564 0.060409 0.048399 0.035725 0.049705 0.028648 0.04068 0.040685 0.035174 0.0353 0.039558 0.028082 0.030867 0.034436 0.011305 0.043915 0.016231 0.01186 0.015497 0.025303 0.036443 -0.0021596 0.0015477 0.024811 0.0030172 -0.0047171 0.012486 0.0066698 0.014036 0.018108 0.013608 0.018631 0.010224 0.020468 0.0044187 0.02578 0.016077 -0.0072607 0.01514 -0.0044314 0.012852 0.012338 -0.0047809 0.012596 0.0048036 0.011806 -0.0030348 0.00040629 0.011615 0.0034003 -0.0059083 0.018361 0.022761 0.0070545 0.025312 0.03359 0.017289 -0.0074754 0.0060336 0.017857 0.0059949 0.0060392 -0.00036343 -0.0029619 0.017157 0.011231 -0.01336 -0.0044698 0.0060668 0.0094318 0.0050025 0.020403 -0.0015916 0.0088427 0.015061 0.020436 -0.0062233 -0.01032 0.023025 0.031251 -0.0019226 0.01161 0.0023662 0.0019099 -3.1334e-05 -0.00058929 0.005062 0.0082574 0.028319 -0.0050472 0.012753 0.0099644 -0.0051998 0.013743 0.00029135 -0.020689 0.0042499 0.016962 -0.013658 -0.0072742 0.0031264 -0.0073683 0.0001515 0.015871 0.0034569 0.017637 0.0073142 0.0084048 0.0048799 -0.012088 0.0025772 -0.0029923 0.018427 0.019262 -0.007329 0.012905 -0.00021908 -0.0015579 -0.0028288 0.0097078 -0.012918 0.0010195 0.0059988 -1.0543e-06 0.009372 8.0009e-05 0.0097104 -0.0018477 0.0074713 0.0034733 -0.012923 0.011793 0.020777 0.0034728
0.005893 0.04148 0.01615 0.015118 0.025998 0.016005 0.019667 0.024935 0.0063997 -0.00067138 0.010948 -0.0039388 0.0073219 0.024523 0.015346 0.030672 0.0067332 0.013496 0.017167 0.025153 0.029418 0.009049 0.0027618 0.028631 -0.0019914 0.02392 0.021552 0.016173 0.0030106 0.032881 0.022666 0.02657 0.044669 0.014449 0.016912 0.015887 0.022535 0.018738 0.0079996 0.018812 0.039059 0.037043 0.0063642 0.0094907 0.025356 0.013962 0.034107 0.021842 0.018354 0.025231 0.015186 0.0071547 -0.0057319 0.033493 0.031201 0.042314 0.035489 0.025338 0.02417 0.04074 0.055107 0.031447 0.030532 0.025168 0.034573 0.013855 0.020672 0.046452 0.0368 0.018009 0.02884 0.034947 0.033992 0.036915 0.024911 0.033314 0.0063678 0.042125 0.019322 0.025196 0.016436 0.024278 0.03543 0.020955 0.019495 0.032119 0.046536 0.03824 0.049621 0.042105 0.06971 0.073105 0.055097 0.049942 0.05108 0.048271 0.064981 0.058366 0.054057 0.05566 0.0511 0.063221 0.046905 0.014978 0.055461 0.049359 0.050197 0.03205 0.045343 0.042598 0.053344 0.061292 0.047094 0.068588 0.046115 0.05853 0.080592 0.066708 0.060753 0.048356 0.059743 0.055667 0.03457 0.05156 0.041609 0.053047 0.025784 0.03958 0.021823 0.044602 0.031097 0.024787 0.037768 0.010147 0.047496 0.056275 0.046312 0.045543 0.047682 0.033797 0.060116 0.050512 0.057716 0.053302 0.0227 0.072704 0.045868 0.0346 0.06262 0.045417 0.060806 0.044859 0.042062 0.046504 0.033936 0.03674 0.037987 0.03423 0.034292 0.021811 0.031258 0.026312 0.04608 0.048283 0.044459 0.036926 0.052452 0.032688 0.052228 0.055369 0.060324 0.054332 0.031244 0.041183 0.023639 0.039436 0.033738 0.028162 0.0065762 0.014798 0.023651 0.029513 -0.0087585 0.028692 0.032571 0.012892 0.029586 0.029681 0.040873 0.051493 0.042716 0.062438 0.060229 0.070349 0.087389 0.096405 0.086905 0.07535 0.11085 0.095957 0.087486 0.082009 0.064121 0.069727 0.08557 0.060536 0.08464 0.061115 0.039909 0.043415 0.049146 0.023705 0.032329 0.02472 0.035261 0.017845 0.033273 0.0099747 0.014539 0.0069162 0.011176 0.027493 0.014197 0.02345 0.02513 0.043857 0.055742 0.043994 0.046837 0.061168 0.070957 0.050725 0.057211 0.047593 0.056467 0.078887 0.052684 0.036429 0.039693 0.050867 0.05185 0.032975 0.011168 0.037248 0.044691 0.034709 0.011771 0.023371 0.022019 0.023946 0.02445 0.024642 0.00037977 0.016004 -0.0082372 0.027967 0.018253 0.0089409 0.018879 -0.00097694 0.022689 0.022543 0.016467 -0.0021103 0.010748 0.020863 0.016407 0.0059902 0.022583 0.00094275 0.017195 0.010398 0.0035397 -0.00091583 0.0037437 0.0040008 -0.00087961 -0.0083339 0.011352 -0.0016276 0.0022373 0.0064895 0.0094986 0.016461 0.010632 0.0021551 0.017351 0.0081422 0.015267 0.01438 0.00064386 0.0057822 0.024261 0.018716 -0.00041166 0.0048562 0.011763 0.012627 -0.0055795 0.026825 0.020356 0.012099 0.0075927 0.029395 0.01925 -0.0034605 0.0052962 0.0082875 0.012816 0.01636 0.0020716 0.018469 0.023429 0.033243 0.015935 0.019493 0.019974 0.019452 0.030459 0.012884 0.026158 0.010911 0.0039807 0.030342 0.02226 0.025743 0.035152 0.030409 0.038693 0.034431 0.030221 0.044193 0.032392 0.041788 0.051424 0.044873 0.024202 0.023802 0.047371 0.03566 0.046777 0.050239 0.059692 0.037842 0.049016 0.021517 0.016454 0.027008 0.058921 0.033298 0.052999 0.028046 0.026885 0.020995 0.040079 0.05195 0.029833 0.029604 0.015873 0.020864 0.029894 0.05865 0.051446 0.034003 0.037363 0.04228 0.067032 0.043842 0.044899 0.032503 0.040627 0.083419 0.037198 0.070089 0.073099 0.063656 0.054328 0.049507 0.061713 0.031819 0.073157 0.060705 0.084974 0.081299 0.072044 0.069885 0.059853 0.066603 0.065203 0.060643 0.054716 0.067114 0.061261 0.068324 0.049467 0.053988 0.059419 0.041172 0.051803 0.026118 0.041683 0.026841 0.035158 0.018743 0.039921 0.027786 0.047202 -0.0032327 0.04967 0.0048732 0.025881 0.0071044 0.025328 0.005216 0.039499 0.016461 0.012587 0.023222 0.028846 0.031142 0.014305 0.0095258 0.0016423 0.0094068 0.0018693 0.0058045 0.019745 0.024185 0.022229 0.028074 0.014233 0.021409 -0.0012105 0.017457 0.026482 0.019331 -0.0093109 0.024316 0.038909 0.011851 0.006921 0.03087 0.016273 0.026361 0.011763 0.015507 0.027403 0.01711 0.025286 -0.00054906 0.0016522 0.027103 0.024565 0.028935 0.017359 0.009203 0.027605 0.016894 0.027831 0.024628 0.022184 0.0060481 0.041029 0.018598 0.030885 0.0085308 0.025184 0.023712 0.038979 0.027067 0.070997 0.037203 0.025543 0.026606 0.037359 0.035669 0.01891 0.045656 0.045301 0.041287 0.041536 0.045987 0.042137 0.065323 0.069078 0.080067 0.091865 0.10576 0.10759 0.10243 0.1118 0.11839 0.10972 0.098483 0.10373 0.11683 0.11069 0.096302 0.075672 0.097358 0.059044 0.071522 0.062875 0.061393 0.056223 0.056508 0.047623 0.035409 0.030596 0.049693 0.038127 0.045056 0.051034 0.042428 0.020048 0.025187 0.035197 0.031213 0.019694 0.019014 0.019655 0.0094864 0.010114 0.033465 0.027135 0.03096 0.0070189 0.0026978 0.0035488 0.017213 0.026195 -0.002012 0.016134 0.0014765 -0.0024935 -0.0022042 0.013021 0.016086 0.017182 0.0072587 -0.010004 0.026784 0.015214 0.0070278 0.0083648 0.018095 0.033223 0.026573 0.015973 0.032807 0.034819 0.045893 0.032666 0.053835 0.046492 0.041362 0.031101 0.042621 0.039529 0.057844 0.047895 0.037804 0.05276 0.017609 0.0333 0.043094 0.03076 0.043996 0.038798 0.029157 0.032556 0.031923 0.015057 0.040919 0.0070337 0.010037 0.015947 0.029231 0.04657 -0.0051706 -0.012228 0.023866 0.0039946 -0.011877 0.018513 0.0086617 0.012546 0.028137 0.017644 0.023665 0.01015 0.024273 -0.0013094 0.025428 0.01014 -0.011043 0.02146 0.0023343 0.010464 0.011469 -0.007419 0.0058054 0.0015341 0.010706 -0.0037513 -0.0047874 0.0096911 0.0044745 0.0033606 0.016254 0.032192 0.0089697 0.021075 0.028596 0.016621 -0.006365 0.010863 0.017648 0.0032019 0.011775 -0.0028324 -0.0024636 0.015126 0.0055947 -0.012049 -0.0016474 0.0099806 0.013472 -0.0058905 0.022282 0.0026876 0.0050972 0.0094285 0.023778 -0.0023458 -0.009993 0.019993 0.032489 -0.00086877 0.013779 -0.0050358 -0.0061148 -0.0011811 -0.007522 0.0036989 0.0061016 0.027891 -0.0084152 0.013262 0.0079535 -0.0095162 0.01453 0.0011695 -0.021191 -0.00073195 0.019557 -0.0098059 -0.0078395 0.0067521 -0.0080655 -0.007002 0.0060393 -0.005093 0.013754 0.0018434 0.0031581 0.003885 -0.0054918 0.0029766 -0.003956 0.022633 0.010526 -0.0060778 0.011838 0.0015468 -0.0048588 -0.0057478 0.010644 -0.01665 -0.0040946 -0.00074675 0.0018331 0.011289 -0.0010043 0.013565 0.0031586 -0.00023788 0.0096398 -0.000978 -0.0011552 0.026048 0.0066691
0.016288 0.059471 0.041867 0.032101 0.051036 0.03183 0.040766 0.04613 0.027539 0.0059988 0.030046 0.028613 0.025762 0.035005 0.036024 0.038288 0.019152 0.018845 0.034096 0.026741 0.039911 0.021421 0.011268 0.045958 0.0079182 0.037787 0.02161 0.021097 0.0092216 0.032848 0.028326 0.026144 0.054602 0.021135 0.018415 0.01756 0.026765 0.021555 0.012753 0.015977 0.040875 0.043646 0.017158 0.0089094 0.030777 0.015193 0.038131 0.02097 0.020092 0.027863 0.022545 0.0027792 -0.0077187 0.019526 0.041374 0.04301 0.04249 0.028206 0.025866 0.048323 0.068912 0.031694 0.030381 0.031544 0.039271 0.017598 0.018708 0.049767 0.037262 0.010602 0.034201 0.040301 0.037246 0.035054 0.023015 0.052322 0.005407 0.040177 0.020339 0.026623 0.015213 0.025808 0.044999 0.023482 0.024018 0.034069 0.050974 0.030226 0.038035 0.035126 0.069726 0.067405 0.052583 0.057291 0.04968 0.052881 0.062264 0.05456 0.060113 0.063282 0.053065 0.056832 0.045749 0.021346 0.059995 0.061449 0.055093 0.035662 0.062261 0.045641 0.059868 0.065308 0.047806 0.066931 0.044424 0.04137 0.094859 0.066078 0.068288 0.046086 0.065818 0.050327 0.041152 0.060303 0.040454 0.05231 0.028517 0.04322 0.026072 0.052875 0.022687 0.036089 0.04324 0.0091806 0.062307 0.058302 0.040932 0.045893 0.047145 0.023432 0.058707 0.050705 0.052846 0.055737 0.035425 0.075649 0.048237 0.032209 0.059268 0.057275 0.055373 0.043497 0.040998 0.044949 0.030707 0.040086 0.042376 0.035854 0.038329 0.023864 0.037986 0.027267 0.043965 0.051856 0.047243 0.036221 0.052501 0.030136 0.046238 0.057967 0.058129 0.046518 0.038103 0.035808 0.020105 0.036178 0.034357 0.020199 0.006165 0.02009 0.022651 0.031795 -0.0057002 0.026545 0.031728 0.024478 0.033476 0.034661 0.037831 0.060082 0.036732 0.05487 0.065579 0.07109 0.086764 0.091564 0.077825 0.059059 0.10897 0.078284 0.083886 0.071618 0.061322 0.060901 0.080053 0.052714 0.086585 0.063846 0.040184 0.050619 0.060931 0.019859 0.031057 0.040547 0.041541 0.02868 0.027834 0.019875 0.026153 0.007469 0.015823 0.039786 0.0082614 0.024131 0.013095 0.035312 0.04502 0.027082 0.032254 0.056418 0.062147 0.040299 0.051674 0.039591 0.053998 0.078915 0.050517 0.039482 0.048439 0.051832 0.056609 0.041625 0.011386 0.034616 0.047747 0.035886 0.012393 0.02406 0.022155 0.027428 0.015859 0.034174 0.00093418 0.013054 -0.0090916 0.038085 0.024459 0.01102 0.022986 0.00036855 0.024194 0.025613 0.022404 -0.0093574 0.010503 0.022136 0.008055 0.0080512 0.036841 0.005134 0.0031609 0.018576 0.012338 -0.0045077 0.0018217 0.00028779 -0.00012022 -0.0053647 -0.00097717 -0.0082785 0.0064921 -0.0052998 0.013431 0.010666 0.012783 4.1976e-05 0.012279 0.00605 0.017249 0.0078336 0.00016957 0.0064354 0.027363 0.02639 -0.0069146 -0.00053922 0.009454 0.010295 -0.0090575 0.02135 0.014395 0.01683 0.015363 0.027224 0.017898 -0.0084641 0.0163 0.0017236 0.015684 0.006104 -0.0012035 0.012321 0.030697 0.022925 0.017935 0.022838 0.018638 0.012067 0.028203 0.010335 0.030763 0.009706 0.010761 0.032281 0.0092321 0.023947 0.03164 0.037241 0.044983 0.047379 0.041238 0.03943 0.026792 0.030646 0.031668 0.041544 0.031194 0.021943 0.040704 0.028115 0.044144 0.045709 0.06787 0.041298 0.046702 0.026112 0.013159 0.027517 0.05987 0.030744 0.056153 0.029433 0.020328 0.017668 0.035904 0.054319 0.035135 0.047315 0.016074 0.019233 0.025776 0.060106 0.045559 0.037696 0.032206 0.040828 0.06837 0.046851 0.036882 0.025023 0.034133 0.08809 0.033793 0.058427 0.067845 0.061347 0.052691 0.046338 0.074611 0.020874 0.076686 0.062982 0.066351 0.070327 0.053389 0.058553 0.0557 0.063683 0.059352 0.059153 0.054996 0.061529 0.059729 0.071738 0.050019 0.051025 0.064512 0.049516 0.049885 0.029829 0.041045 0.023532 0.034418 0.0091521 0.040918 0.030477 0.048235 -0.0030834 0.061719 -0.0074676 0.035867 0.0080599 0.022248 0.0047968 0.039834 0.015144 0.013293 0.02148 0.03566 0.030194 0.018423 0.015528 0.001694 0.0045626 0.0029714 0.0028305 0.024209 0.018645 0.021032 0.019 0.010955 0.015785 0.0020652 0.013708 0.023047 0.013735 -0.012619 0.026045 0.04232 0.0038617 0.0048697 0.03016 0.0093321 0.027151 0.0071109 0.010417 0.034703 0.015708 0.032261 -0.0003763 -0.0020666 0.028784 0.037511 0.041718 0.012746 0.010974 0.028848 0.012228 0.033309 0.018331 0.019044 0.0080236 0.037089 0.013906 0.025185 0.0046974 0.024582 0.032899 0.040266 0.024023 0.070222 0.037284 0.026715 0.030808 0.046662 0.027178 0.016273 0.046748 0.051872 0.029629 0.0353 0.041338 0.03922 0.068601 0.069784 0.076362 0.089837 0.092902 0.096668 0.091218 0.087677 0.1065 0.095165 0.090051 0.10366 0.11576 0.11776 0.089902 0.065952 0.086552 0.054277 0.071042 0.06081 0.067576 0.053783 0.059207 0.054976 0.032831 0.042681 0.047097 0.046008 0.047186 0.056515 0.046242 0.02125 0.0262 0.029654 0.035913 0.010213 0.017384 0.021969 0.0068526 0.0021408 0.027294 0.026582 0.035717 0.012574 0.00071992 -0.0027489 0.021682 0.031594 -0.0012379 0.013281 -0.0021595 -0.003644 0.0037233 0.006522 0.021657 0.022334 0.0060008 -0.02434 0.020935 0.0053437 0.0040575 0.0019274 0.020436 0.025519 0.024604 0.011353 0.028352 0.026887 0.035321 0.022515 0.059775 0.039641 0.028645 0.022361 0.047671 0.040453 0.05449 0.044374 0.039371 0.04931 0.0054685 0.028613 0.042784 0.030292 0.049022 0.032357 0.030106 0.0343 0.031787 0.01955 0.034301 -0.0056395 0.0078852 0.011125 0.029418 0.056632 -0.0090616 -0.022077 0.02139 0.0051522 -0.015145 0.024675 0.015345 0.011443 0.032774 0.022986 0.02676 0.010701 0.019974 -0.005312 0.023623 0.0021305 -0.0095117 0.020969 0.0068686 0.0069248 0.010193 -0.0077807 0.0035468 -0.0010743 0.011704 -0.0049173 -0.0055878 0.0099051 0.006196 0.01502 0.010252 0.042042 0.011899 0.013832 0.021294 0.012476 0.0016604 0.0041303 0.017352 0.0014066 0.019068 -0.0010154 -0.0030612 0.015257 -0.0037604 -0.0076684 0.0013499 0.010131 0.015591 -0.017046 0.021395 0.0119 0.00050498 0.0030586 0.021352 0.007242 -0.0067837 0.018273 0.024464 0.0059598 0.009524 -0.013925 -0.010075 0.0016443 -0.011089 0.007458 0.007126 0.022591 -0.011251 0.0091046 0.0037836 -0.017454 0.016479 -0.0013057 -0.019473 -0.0056592 0.020862 -0.0088583 -0.0016356 0.010089 -0.0087582 -0.016087 -0.0082928 -0.013102 0.0089356 -0.0022235 -0.0039116 0.0019982 0.00083346 -0.0015678 -0.0067508 0.024669 0.0049286 -0.0060363 0.0077234 0.0043448 -0.0067646 -0.0029306 0.0054846 -0.018588 -0.0052279 -0.0060173 0.010289 0.014421 -0.0040587 0.017098 0.0065936 -0.0074596 0.0073289 0.013139 -0.011019 0.030438 0.0087242
0.038441 0.084818 0.079082 0.053153 0.086377 0.052886 0.068775 0.078467 0.060953 0.027665 0.064276 0.070954 0.065129 0.056423 0.065187 0.058049 0.040195 0.028112 0.060428 0.032387 0.052858 0.041218 0.02892 0.063211 0.028659 0.054101 0.024769 0.031813 0.022958 0.024748 0.028011 0.029589 0.0606 0.030356 0.016993 0.019607 0.028485 0.027696 0.008498 0.0061879 0.040192 0.046807 0.026697 0.013871 0.037805 0.020967 0.031376 0.018507 0.019036 0.036533 0.029358 -0.00072623 -0.0078334 -0.0052112 0.044974 0.031012 0.04193 0.023105 0.0239 0.059048 0.077248 0.029653 0.026369 0.040882 0.043215 0.012776 0.012516 0.050095 0.031646 -0.0015442 0.044066 0.046242 0.040574 0.031694 0.020492 0.068403 0.011142 0.040653 0.023782 0.03079 0.017668 0.022519 0.05766 0.021359 0.033047 0.036098 0.046403 0.01582 0.026321 0.029264 0.059861 0.055836 0.052094 0.066188 0.04562 0.057116 0.05857 0.048263 0.067463 0.075434 0.054952 0.0512 0.040059 0.02703 0.06039 0.066695 0.050592 0.037117 0.07121 0.04553 0.062626 0.062481 0.048319 0.066843 0.043853 0.027005 0.10147 0.059639 0.075556 0.044562 0.071933 0.037128 0.048238 0.069178 0.03751 0.047603 0.031177 0.041485 0.030856 0.060286 0.013955 0.043416 0.051421 0.0059926 0.07469 0.0606 0.02633 0.035367 0.039362 0.010009 0.044338 0.043539 0.046205 0.059959 0.051464 0.074461 0.049185 0.024698 0.049763 0.068051 0.043569 0.040291 0.046447 0.042505 0.024391 0.043667 0.038355 0.035569 0.041339 0.02295 0.042189 0.026017 0.036768 0.055251 0.049725 0.039151 0.050009 0.02867 0.041381 0.060195 0.05294 0.039953 0.045738 0.028485 0.021053 0.028619 0.033557 0.0097813 0.0024581 0.027816 0.013025 0.025079 0.0027435 0.026166 0.029518 0.032769 0.03278 0.04427 0.029919 0.066897 0.027782 0.05067 0.064141 0.073421 0.077166 0.080112 0.056211 0.047539 0.1042 0.061036 0.084678 0.055841 0.062205 0.044876 0.066431 0.043075 0.077302 0.056553 0.041224 0.047615 0.070912 0.014034 0.026577 0.0582 0.04612 0.044967 0.016507 0.030527 0.038549 0.01026 0.022095 0.04547 -0.0058319 0.022504 0.0014273 0.020115 0.036431 0.0081862 0.024995 0.049348 0.049752 0.033825 0.043749 0.032592 0.053848 0.078405 0.04995 0.040397 0.049214 0.047083 0.058095 0.051913 0.011071 0.036176 0.042164 0.035717 0.013739 0.015583 0.026456 0.031942 0.0047641 0.045419 0.0006174 0.0064151 -0.014397 0.045056 0.03155 0.016304 0.021144 0.0030219 0.022273 0.0266 0.0276 -0.015452 0.0065508 0.02196 -0.0018865 0.0049419 0.047415 0.010203 -0.010155 0.027228 0.022846 -0.0023659 0.0027828 -0.0009483 0.00067742 -0.0047784 -0.012568 -0.014416 0.013581 -0.022232 0.01998 0.0004237 0.021558 -0.00097242 0.0051979 -0.0024557 0.020147 0.0027254 0.0074035 0.013998 0.031667 0.032361 -0.010315 -0.0048716 0.0062766 0.0049232 -0.015713 0.010981 0.0092048 0.020982 0.022958 0.022187 0.013443 -0.015333 0.031043 -0.0065335 0.023822 -0.007381 -0.0030421 -0.001406 0.035519 0.0087006 0.021219 0.025294 0.020618 0.0013427 0.027604 0.011392 0.029078 0.010952 0.028865 0.033164 -0.0062353 0.022019 0.026104 0.039888 0.046338 0.062739 0.051612 0.031039 0.024457 0.011064 0.0070393 0.039803 0.042017 0.023323 0.027521 0.017544 0.03177 0.032293 0.069709 0.036796 0.039688 0.035568 0.010133 0.028382 0.054675 0.025794 0.062846 0.026993 0.012362 0.017561 0.029627 0.060042 0.042144 0.068369 0.012681 0.011841 0.023332 0.055443 0.034366 0.041627 0.024915 0.035154 0.067142 0.053374 0.024119 0.019681 0.029186 0.089632 0.0365 0.039756 0.0579 0.055538 0.053317 0.04279 0.083533 0.0085703 0.076349 0.062526 0.050514 0.055109 0.033801 0.044838 0.050576 0.059765 0.047292 0.054121 0.051495 0.046811 0.048671 0.070595 0.045759 0.043276 0.065745 0.057227 0.04532 0.030303 0.037915 0.011468 0.033936 -0.0017573 0.040595 0.034117 0.042902 0.0015794 0.071978 -0.023765 0.047186 0.012522 0.012621 0.0064543 0.041174 0.014582 0.009904 0.024425 0.041759 0.030026 0.033044 0.017709 0.0035036 0.0053329 0.0064427 -0.0025128 0.032284 0.0086686 0.01918 0.01169 0.0068202 0.0058047 0.0076635 0.0043558 0.014419 0.0022396 -0.011392 0.021988 0.043547 -0.0098236 0.010486 0.021421 0.0058082 0.019872 0.005936 0.0045964 0.035053 0.010874 0.035349 -0.0034649 -0.0018517 0.030106 0.048514 0.052164 0.0022665 0.01908 0.031356 0.0081214 0.040718 0.0079116 0.015873 0.017905 0.028871 0.0011058 0.010521 -0.0059782 0.016687 0.041385 0.035047 0.024003 0.056524 0.030719 0.027663 0.034141 0.051836 0.016534 0.01008 0.047756 0.049579 0.013821 0.021329 0.037473 0.033625 0.06671 0.064413 0.069178 0.087656 0.069459 0.075082 0.081541 0.060699 0.086809 0.073282 0.078213 0.1 0.107 0.11979 0.078591 0.05297 0.070723 0.049728 0.071344 0.056197 0.070835 0.048726 0.063077 0.063438 0.031031 0.06278 0.036847 0.057104 0.050327 0.054153 0.049143 0.029613 0.032811 0.022873 0.036991 -0.00059157 0.012491 0.02281 0.0045424 -0.0075903 0.016442 0.024471 0.039947 0.025828 -0.0019179 -0.005863 0.023054 0.037574 0.0046043 0.007301 -0.0032673 -0.0041016 0.010784 0.0001998 0.023106 0.024226 0.0035532 -0.039598 0.0082142 -0.012501 0.0024373 -0.0073847 0.026066 0.013604 0.022051 0.010403 0.025797 0.019632 0.024175 0.018188 0.056746 0.030569 0.014073 0.012608 0.051252 0.036264 0.048876 0.034977 0.039796 0.037381 -0.0067236 0.029031 0.036922 0.03272 0.045562 0.018382 0.027308 0.032681 0.031885 0.023563 0.027404 -0.021966 0.0048704 0.0024044 0.02472 0.062512 -0.013572 -0.024939 0.017823 0.0058312 -0.012318 0.027015 0.029738 0.0085232 0.025801 0.026738 0.022694 0.0095769 0.0064994 -0.0062399 0.019882 -0.0038984 -9.3209e-05 0.012117 0.0059456 0.00065294 0.007726 -0.0064288 0.005777 -0.00011937 0.015873 -0.010377 -0.0040927 0.012119 0.0095913 0.02201 0.0043849 0.049628 0.012477 0.0030419 0.014664 0.0017889 0.015265 -0.015451 0.020557 0.0052921 0.026841 0.0040424 -0.0038606 0.013033 -0.013421 -0.001417 0.0061434 0.0013949 0.014966 -0.025731 0.019071 0.02214 -0.0045311 -0.0034067 0.010023 0.019232 -0.0011507 0.019078 0.0092614 0.018592 -0.00046334 -0.021999 -0.0081545 0.0067636 -0.0089704 0.015329 0.013115 0.014193 -0.013171 -0.0016584 -0.0017525 -0.026618 0.019001 -0.0081651 -0.016068 -0.0086371 0.018677 -0.016416 0.010009 0.011343 -0.0072485 -0.024318 -0.0226 -0.016293 0.0057974 -0.0034802 -0.012548 -0.0015028 -0.0019878 -0.0089548 -0.011772 0.024608 0.0052226 -0.0071963 0.0019278 0.0057427 -0.0059345 0.0054526 -0.0044049 -0.018234 -4.4756e-05 -0.0096967 0.025533 0.016993 -0.0094408 0.017854 0.0074059 -0.015096 -0.0055777 0.02676 -0.012971 0.033667 0.0071598
0.072975 0.10957 0.11498 0.076329 0.12367 0.074612 0.09261 0.11708 0.10278 0.063877 0.10535 0.11083 0.11823 0.086844 0.096914 0.091029 0.06707 0.041483 0.090908 0.045607 0.063153 0.0633 0.053705 0.074793 0.061702 0.068739 0.033359 0.047042 0.040801 0.012829 0.017391 0.035538 0.060014 0.039477 0.0090306 0.019994 0.027588 0.035035 -0.0061591 -0.0074795 0.031422 0.041331 0.030128 0.026905 0.041677 0.027612 0.010267 0.01204 0.012704 0.048608 0.032164 -0.0044727 -0.0051547 -0.035218 0.035924 0.0064629 0.028207 0.0071633 0.01704 0.067185 0.076836 0.02267 0.015767 0.047057 0.042615 -0.0040937 -0.00023726 0.041911 0.019045 -0.007719 0.051631 0.050077 0.041822 0.02957 0.021485 0.073812 0.021064 0.041635 0.027507 0.035794 0.0216 0.018525 0.068516 0.015545 0.043368 0.034196 0.029921 -0.0062736 0.015961 0.021934 0.03942 0.038053 0.049101 0.070527 0.037024 0.057505 0.054842 0.039601 0.071833 0.083432 0.05446 0.04816 0.029964 0.028573 0.05302 0.061442 0.03662 0.034153 0.059565 0.041895 0.059231 0.046193 0.04482 0.068037 0.043674 0.023444 0.094653 0.042941 0.076026 0.043442 0.076137 0.01401 0.048094 0.071704 0.031407 0.039997 0.032593 0.030844 0.031468 0.0636 0.0065031 0.043209 0.059078 -0.0015611 0.077718 0.059861 -0.00016767 0.014915 0.026316 -0.0046495 0.017878 0.025696 0.036182 0.064053 0.063924 0.068212 0.044069 0.012394 0.036363 0.063866 0.025213 0.034008 0.058653 0.034151 0.011816 0.046093 0.019782 0.031031 0.044052 0.016637 0.043681 0.022609 0.02819 0.052554 0.048783 0.04969 0.040581 0.028588 0.033631 0.054942 0.041177 0.037917 0.046113 0.016176 0.030213 0.018062 0.032011 0.00046097 -0.0016822 0.034273 -0.0052886 0.0073613 0.016292 0.02999 0.027906 0.030786 0.024263 0.059569 0.017979 0.063996 0.017006 0.049022 0.049009 0.075393 0.055944 0.062411 0.025588 0.045046 0.085589 0.047787 0.081721 0.031013 0.059844 0.020725 0.049324 0.03425 0.058439 0.038124 0.038172 0.029302 0.073405 0.0044009 0.018627 0.070158 0.043581 0.065362 0.00076854 0.039429 0.047388 0.013831 0.028356 0.038129 -0.025139 0.013865 -0.0036003 0.0033249 0.026745 -0.013636 0.023493 0.036373 0.030762 0.036127 0.035127 0.024018 0.056889 0.075148 0.053582 0.034982 0.037808 0.035735 0.051732 0.057129 0.0064839 0.039535 0.026421 0.031737 0.014469 -0.0019272 0.03723 0.035497 -0.0047863 0.053943 -0.0010203 -0.005746 -0.027565 0.047056 0.03638 0.021316 0.014551 0.0070448 0.016321 0.02574 0.028554 -0.019276 -0.0027781 0.018017 -0.0096701 -0.0070494 0.04777 0.012187 -0.017011 0.033165 0.033839 0.0050929 0.0076271 0.0012424 0.0021185 -0.0077466 -0.021751 -0.018263 0.022806 -0.037216 0.029738 -0.013294 0.032661 -0.0006223 -0.0013488 -0.021057 0.023839 -0.0019691 0.020921 0.032668 0.030995 0.031789 -0.0045443 -0.0036178 0.003162 -0.0012112 -0.026007 -0.0051865 0.0084583 0.019623 0.025775 0.015267 0.0060187 -0.021118 0.045369 -0.016376 0.033491 -0.023136 -0.0035363 -0.021321 0.030918 -0.0071841 0.023952 0.021468 0.022918 -0.009879 0.031 0.017843 0.018114 0.014322 0.051064 0.031987 -0.021377 0.02196 0.018565 0.033978 0.037482 0.072282 0.052052 0.019643 0.028785 -0.014143 -0.018006 0.040125 0.052441 0.02621 0.0082394 0.0029118 0.0063629 0.0063012 0.061663 0.018467 0.031765 0.047569 0.0072929 0.029534 0.0449 0.016474 0.07095 0.017009 0.0039177 0.022206 0.02221 0.06723 0.051806 0.082892 0.00025961 -0.0042484 0.022909 0.044627 0.015862 0.046421 0.016594 0.026219 0.060419 0.057067 0.0077592 0.016051 0.024321 0.085914 0.042892 0.015326 0.042606 0.044717 0.052951 0.037468 0.082503 -0.0018995 0.069634 0.054908 0.039555 0.034957 0.017071 0.024903 0.039124 0.053992 0.0287 0.039379 0.041028 0.021522 0.028679 0.056018 0.035082 0.031867 0.055435 0.060966 0.036792 0.023379 0.028996 -0.016534 0.033735 -0.006633 0.036496 0.033128 0.033239 0.010447 0.073372 -0.039972 0.054695 0.018137 -0.0060584 0.0067767 0.043129 0.014713 -0.0010522 0.034658 0.043468 0.029218 0.055058 0.014538 0.0055118 0.013263 0.0076742 -0.013479 0.043621 -0.0052491 0.015339 0.010029 0.0080764 -0.0096397 0.014939 -0.011726 -0.0019968 -0.015339 -0.0016267 0.011214 0.041274 -0.026135 0.023531 0.0039065 0.0066764 0.00049308 0.012543 0.0018225 0.02412 0.0053834 0.024976 -0.0082829 0.0029186 0.028762 0.052701 0.053735 -0.013409 0.031793 0.035545 0.0081617 0.049157 -0.0044128 0.015005 0.03536 0.013962 -0.016861 -0.010999 -0.023618 0.00071195 0.038403 0.018293 0.026436 0.026501 0.014387 0.025408 0.033702 0.047254 0.004623 -0.0024095 0.048533 0.034035 -0.0045048 -0.0047895 0.033497 0.022854 0.052201 0.05256 0.053652 0.081261 0.037159 0.041583 0.074068 0.029256 0.058853 0.044801 0.059734 0.090921 0.085035 0.10995 0.063579 0.035896 0.049696 0.044339 0.069787 0.050571 0.069725 0.040272 0.064251 0.067327 0.030668 0.083787 0.017076 0.064612 0.050603 0.041462 0.052232 0.04965 0.04152 0.015346 0.029456 -0.012129 0.0036546 0.020142 0.0010644 -0.019187 0.0032531 0.025673 0.043887 0.044914 -0.004068 -0.0067573 0.018993 0.040652 0.011018 -0.00016897 -0.0011872 -0.0041171 0.017122 -0.0019135 0.013594 0.021143 -0.0021774 -0.05064 -0.012271 -0.034031 0.0021884 -0.019144 0.029815 -0.003672 0.018493 0.015213 0.026239 0.015338 0.01265 0.021491 0.038791 0.018948 0.0021512 0.0023858 0.049394 0.023184 0.03681 0.016271 0.039946 0.019797 -0.017669 0.03537 0.023213 0.034346 0.027397 -0.003183 0.016065 0.024104 0.028444 0.025394 0.025185 -0.038981 0.0016436 -0.0048095 0.014419 0.057383 -0.015424 -0.019809 0.01422 0.0072734 -0.0033157 0.020507 0.05228 0.0042294 0.0047751 0.023788 0.0081043 0.0028247 -0.013254 -0.0044262 0.01323 -0.0046821 0.017593 -0.0041235 -0.0019931 -0.00966 0.0034578 -0.0048838 0.009742 0.0063561 0.022891 -0.022526 -0.004752 0.014682 0.0136 0.015787 0.0059414 0.052431 0.0077441 -0.0099747 0.01091 -0.016818 0.02875 -0.043351 0.032597 0.020241 0.031372 0.0084548 -0.0026973 0.0039051 -0.01892 0.0045858 0.014987 -0.020391 0.011937 -0.029131 0.017198 0.026923 -0.0075775 -0.0089644 -0.0098668 0.025872 0.0062064 0.021451 -0.007171 0.034071 -0.011295 -0.024731 0.00035856 0.012405 0.00086423 0.023512 0.025166 0.0050597 -0.013413 -0.018149 -0.0073264 -0.031619 0.020663 -0.018106 -0.011174 -0.0080466 0.0097011 -0.0363 0.022714 0.010268 -0.0011767 -0.02623 -0.030635 -0.0095722 0.0066954 -0.001536 -0.020568 -0.0079449 -0.020363 -0.01402 -0.016563 0.023054 0.010917 -0.0073519 -0.0022082 0.00085697 -0.0017785 0.01779 -0.01425 -0.013051 0.0098348 -0.011985 0.042018 0.017943 -0.017037 0.012538 0.0075673 -0.024198 -0.023422 0.036958 -0.0045926 0.034905 0.00021949
0.006165 -0.012365 0.015046 -0.0082249 -0.0067896 -0.0025211 -0.017464 0.0060186 0.029628 -0.003122 -0.0080924 0.013666 0.022551 -0.0087361 -0.004963 -0.0041241 0.03514 0.010023 0.0050144 0.018404 0.0045161 0.022996 -0.0023947 0.031937 -0.00043341 0.018475 0.024287 0.017366 0.013644 0.010024 0.024427 -0.0053837 0.03313 0.013505 0.012693 0.012874 0.030236 -0.020917 -0.0026415 0.0013728 0.010878 0.025432 0.03194 -0.0085674 0.0055517 -0.0025201 0.0040217 0.027037 -0.0072593 0.0029141 0.0063944 0.026536 0.027717 -0.018194 -0.0024976 0.032739 -0.0012881 0.025264 0.021849 -0.00749 -0.023192 -0.0057017 0.0043369 0.00060851 0.0083238 0.012851 0.0088783 0.013258 0.0096377 0.031791 0.035192 0.026745 0.002051 0.022682 0.010864 0.00403 0.0046843 -0.017402 -0.010369 0.01545 0.0095918 0.0051552 -0.0065851 0.0088293 0.025177 0.0059033 0.015809 0.043293 0.052495 0.050306 0.062084 0.065818 0.044243 0.041071 0.049052 0.040452 0.028867 0.027176 0.024094 0.04873 0.013162 0.028591 0.010909 0.010255 0.012581 0.01604 0.027298 0.0082455 0.041405 0.013773 0.039314 0.051361 0.022808 0.039976 0.039519 0.05503 0.033828 0.019784 0.072817 0.068241 0.02273 0.024595 0.020058 0.020903 0.020202 0.026427 0.0042244 0.038927 0.0070942 0.044136 0.022306 0.034179 0.014628 0.010715 0.031257 0.036261 0.026469 0.042214 0.0095444 0.02819 0.045711 0.026324 0.016551 0.018844 0.049711 0.034054 0.013171 0.030261 0.038755 0.049492 0.047123 0.034094 0.012092 0.035573 0.018219 0.017252 -0.002221 0.030568 0.0098756 0.036736 0.012961 0.023318 0.012848 0.022561 0.046627 0.063588 0.054938 0.059976 0.02497 0.052485 0.066402 0.038056 0.033907 0.043279 0.014328 0.018358 0.0033548 0.026714 0.0085432 -0.0030253 -0.011318 0.018274 0.016117 0.012755 0.0075089 0.013128 0.0067851 0.0060194 0.035774 0.072268 0.014158 0.04625 0.05578 0.10489 0.081797 0.064408 0.078526 0.10718 0.13565 0.10258 0.10825 0.091574 0.11418 0.054615 0.047912 0.039302 0.024107 0.030376 0.02211 0.014317 0.023457 0.027876 -0.0006175 0.0070635 -0.0097072 -0.001063 -0.00037663 0.020884 0.017354 0.016243 -8.6829e-05 -0.01188 -0.0006985 0.025635 0.029467 0.077187 0.098437 0.13884 0.09863 0.092174 0.10496 0.063558 0.035167 0.065712 0.042287 0.060022 0.017133 0.044172 0.041217 0.03704 0.042379 0.037463 0.019928 0.041482 0.018785 0.038746 0.029074 0.0028716 0.019548 0.010423 0.018999 -0.021209 -0.0053262 0.012811 0.008045 0.018611 0.012212 0.019156 -0.0050464 0.0057585 0.0010289 0.012461 0.0023222 0.010508 0.038119 0.00010078 0.010179 0.0076241 0.029636 0.0039056 0.0027431 0.015492 0.01556 0.0023379 0.01061 0.029826 0.0073617 -0.010049 0.015054 0.038734 0.013125 0.016798 0.013242 0.016288 0.031085 0.035489 0.048663 0.039831 0.021698 0.044245 0.0092049 -0.0070124 -0.031914 0.0034942 -0.0052564 0.011831 0.012299 -0.010798 0.0072157 -0.0031174 0.023709 0.012287 0.028013 0.0021067 0.010716 -0.00020169 0.0066136 0.0019466 0.040537 0.014151 0.030849 0.012226 0.026085 0.026164 0.0026245 0.062381 0.0039916 0.0080764 0.025817 0.016313 0.017171 0.023425 0.021118 0.0093289 0.00689 0.019161 0.026774 0.03917 0.024463 0.02635 0.04868 0.051706 0.03493 0.055409 0.032842 0.040711 0.057746 0.040426 0.03219 0.015273 0.039333 0.031658 0.024347 0.05546 0.038508 0.014837 0.025323 0.057289 0.042168 0.036438 0.013712 0.0019252 0.028776 0.037599 0.013476 0.029421 0.0050999 0.032055 0.033348 0.030165 0.026949 0.041151 0.042679 0.011407 0.038488 0.060003 0.064586 0.048141 0.053024 0.050942 0.056231 0.044857 0.057369 0.047605 0.052233 0.074067 0.073842 0.069879 0.042284 0.075213 0.058564 0.10832 0.12977 0.10847 0.11165 0.11902 0.10787 0.097888 0.046499 0.090142 0.10063 0.053529 0.086249 0.046239 0.066769 0.036726 0.046809 0.036921 0.0083517 0.053516 0.046426 0.063767 0.039803 0.053383 0.041494 0.033189 0.036003 0.054896 0.03423 0.049617 0.032636 0.0402 0.010179 0.033908 0.045695 0.014021 0.043087 0.044833 0.034562 0.025391 0.020169 0.020422 0.051892 0.027018 0.017585 0.0072799 0.027175 0.036829 0.0546 0.013575 0.033142 0.022804 0.0092716 0.026364 0.020523 0.035192 0.035296 0.045958 0.034718 0.029719 0.03801 0.032142 0.036786 0.018682 0.039758 0.011682 0.041148 -0.00017952 0.016074 0.028217 0.017595 0.018856 0.014211 0.029348 0.028837 0.029551 0.021665 0.019641 0.034069 0.02632 0.033893 0.012673 0.031836 0.03676 0.01817 0.058972 0.014313 0.057433 0.036677 0.031977 0.033786 0.040247 0.057011 0.043901 0.031739 0.057921 0.043669 0.050699 0.017737 0.039734 0.043189 0.040063 0.063366 0.065235 0.041946 0.07771 0.096305 0.091394 0.088526 0.13299 0.11476 0.10336 0.082723 0.084741 0.062169 0.071273 0.051864 0.065715 0.057534 0.033792 0.040325 0.030374 0.032997 0.055642 0.016012 0.040277 0.034628 0.013626 0.045636 0.0075489 0.032064 0.026797 0.02754 0.018583 0.0365 0.016506 0.034998 0.045489 0.034373 0.018344 0.029635 0.030554 0.01007 -0.0056598 0.021808 0.015384 0.018366 0.0081976 0.013789 0.012081 -0.0050805 0.023801 0.022811 0.027625 0.021785 -0.0012415 0.017194 0.022291 0.024662 0.037374 -0.0026684 0.0070427 0.0021176 -0.0053098 0.043387 0.030472 0.037144 0.058966 0.062234 0.06107 0.049395 0.063073 0.082244 0.059882 0.058642 0.062983 0.031301 0.049341 0.054561 0.059694 0.049892 0.051295 0.044527 0.043573 0.048105 0.038732 0.036822 0.04096 0.042582 0.04318 0.021378 0.072632 0.0018965 0.033842 0.040416 0.027951 -0.00037937 0.016063 0.015934 0.020667 0.0208 0.016149 0.022877 0.032527 0.030113 0.01876 0.034922 0.032037 0.019914 0.041364 0.021245 0.030177 0.023684 0.0036131 0.024101 0.0097606 -0.0017558 -0.0061613 0.017993 0.026321 0.037413 0.016739 0.0017277 -0.0095318 0.012931 0.0053976 0.0043882 -0.0074022 0.026706 0.016318 0.028104 0.027786 0.028379 0.017623 0.019937 -0.0075188 0.0085423 0.035098 0.0027089 0.0021875 0.02101 0.01459 0.024874 -0.0039841 0.014173 0.0044441 0.011881 0.003083 -0.011661 -0.0059761 0.03264 0.017937 0.010205 0.013642 0.018658 0.019887 0.032612 0.0016413 0.020652 0.017246 -0.0026725 -0.018357 0.010432 0.029554 0.014502 -0.020839 0.0088757 0.022325 0.0098578 0.0040319 0.0084793 0.019119 0.014396 0.02561 0.01128 0.021484 0.0043421 0.010744 0.021473 -0.00072674 0.020555 -0.0053954 0.014205 0.014084 0.0035789 0.0074684 0.016771 0.019862 -0.003777 0.011245 -0.01091 0.012642 -0.0083565 0.028683 0.0061623 0.0094247 0.0063636 -0.012252 0.020634 0.019756 0.02473 0.0059807 0.035785 -0.0058877 0.0033521 0.0033756 0.032536 0.011389 0.023401 -0.0062604 0.014419 0.017208
0.01162 -0.0023742 0.017493 -0.015497 -0.00037783 -0.00041033 -0.0030159 0.0070334 0.025981 0.0021146 0.0028536 0.011399 0.031515 -0.0021297 -0.0095675 0.0070392 0.022321 0.0093807 0.0067214 0.018635 0.013429 0.021055 0.0055302 0.025797 -0.0044726 0.013428 0.027746 0.010528 0.019377 0.0065226 0.015651 0.0020743 0.029039 0.017206 0.018611 0.021173 0.019868 -0.0069434 -0.00063427 -0.0018203 0.021554 0.023723 0.020442 0.0049466 0.0093471 0.0041176 0.0037905 0.029629 -0.0040017 0.013894 0.0054791 0.024889 0.016635 -0.013248 0.0028103 0.026957 -0.0026385 0.020348 0.020631 0.0022332 -0.01909 0.0022968 0.012154 0.0070277 0.0083849 0.0051917 0.01619 0.014756 0.011226 0.020908 0.034699 0.032976 0.019656 0.023411 0.011911 -0.0031246 0.011381 -0.011182 -0.0055745 0.021222 0.020995 0.0085972 0.0038436 0.0036065 0.018131 0.016965 0.027668 0.045316 0.065697 0.057409 0.05777 0.064937 0.065842 0.041173 0.050259 0.039023 0.033494 0.03588 0.028604 0.05623 0.020897 0.029081 0.015886 0.0096965 0.028305 0.011152 0.016531 0.013087 0.034291 0.013401 0.036013 0.052884 0.037418 0.048641 0.047334 0.061311 0.037313 0.030287 0.075272 0.067623 0.026805 0.031076 0.025485 0.027692 0.02579 0.024104 0.011767 0.036014 0.018053 0.041772 0.025474 0.028818 0.020385 0.011366 0.03106 0.047643 0.027972 0.0377 0.011397 0.032485 0.038005 0.028717 0.029456 0.027686 0.044233 0.036059 0.025321 0.028977 0.045333 0.051931 0.051787 0.037233 0.025146 0.0459 0.031618 0.01212 0.0078774 0.030674 0.013228 0.033028 0.0056737 0.021808 0.013008 0.026772 0.047452 0.064988 0.058646 0.061941 0.045812 0.05997 0.077046 0.049336 0.034785 0.048828 0.020732 0.013704 0.0080819 0.026528 0.012123 -0.0013595 -0.0089395 0.018229 0.016525 0.018423 0.0056499 0.0068811 0.005801 0.00563 0.038147 0.071427 0.020433 0.060519 0.057004 0.093038 0.077426 0.05636 0.071985 0.11505 0.14834 0.12605 0.11212 0.098888 0.11609 0.058612 0.041438 0.040665 0.022696 0.026055 0.030452 0.010294 0.020192 0.026208 0.0071041 0.0056167 -0.0030051 0.0017081 0.0039667 0.016673 0.0092079 0.019854 -0.011105 -0.012551 -0.0036584 0.030557 0.028979 0.080226 0.11197 0.13989 0.11321 0.094512 0.10708 0.065513 0.043121 0.076452 0.041079 0.05825 0.016866 0.044147 0.035726 0.028555 0.040425 0.037634 0.03096 0.039857 0.005564 0.036343 0.026983 0.00097332 0.020578 0.01085 0.019496 -0.009506 -0.002054 0.019246 0.010118 0.0048801 0.014879 0.016165 -0.0091182 0.0062061 0.0022179 0.0099609 0.01102 0.013264 0.031324 -0.0028472 0.010522 0.01067 0.023185 0.0084947 0.0048318 0.0082804 0.0030035 0.0057421 0.01069 0.02177 0.0057915 -0.0088766 0.016922 0.02845 0.0075738 0.0094797 0.01202 0.013272 0.031327 0.029764 0.045694 0.034557 0.021246 0.045142 0.016385 0.0046356 -0.013209 0.0079116 -0.00059551 0.010356 0.0093127 -0.0077385 0.0095464 0.0033572 0.017278 0.019028 0.029076 0.0078402 0.011641 0.0012366 0.0015991 0.0057539 0.035446 0.015188 0.028638 0.013922 0.024921 0.026336 0.0023058 0.054738 0.017038 0.012427 0.021015 0.020585 0.017475 0.021937 0.02577 0.013025 0.012233 0.017468 0.023778 0.035702 0.016768 0.033107 0.051845 0.042327 0.048794 0.053102 0.045959 0.038662 0.050402 0.034677 0.031732 0.024252 0.042658 0.038496 0.021416 0.058339 0.032562 0.017066 0.02688 0.053519 0.039455 0.03927 0.016585 0.01103 0.031265 0.039855 0.0090254 0.034459 0.0098833 0.029181 0.033891 0.025487 0.02696 0.039245 0.050732 0.018345 0.041546 0.054135 0.06359 0.054891 0.052504 0.061406 0.061728 0.043463 0.06275 0.053198 0.052486 0.068766 0.070153 0.068162 0.036551 0.070502 0.050985 0.10148 0.12779 0.11749 0.11203 0.12684 0.10624 0.083855 0.039596 0.080962 0.084194 0.052307 0.063923 0.048852 0.056099 0.036674 0.044487 0.025569 0.018338 0.045546 0.044229 0.06267 0.035455 0.04532 0.039747 0.039728 0.026965 0.041876 0.02622 0.038314 0.031956 0.033802 0.014669 0.028502 0.046795 0.015933 0.032996 0.044665 0.029372 0.034677 0.026322 0.01069 0.044912 0.027709 0.021007 0.007613 0.022943 0.027019 0.050004 0.012917 0.01521 0.020446 0.0042529 0.020001 0.026689 0.026333 0.026156 0.037955 0.027299 0.02386 0.031061 0.019375 0.035369 0.015845 0.031143 0.014863 0.027934 -0.005553 0.012999 0.016584 0.017899 0.019936 0.010286 0.029093 0.019572 0.020896 0.020387 0.017463 0.021738 0.021004 0.025122 0.013602 0.026278 0.023877 0.01515 0.044664 0.018235 0.052607 0.034249 0.034013 0.032604 0.038063 0.047503 0.043516 0.032664 0.058345 0.040976 0.051115 0.017427 0.043334 0.043824 0.040366 0.053332 0.059869 0.042535 0.083364 0.10314 0.097875 0.083618 0.13485 0.13111 0.10751 0.097112 0.090005 0.065965 0.07438 0.063058 0.063792 0.056725 0.044397 0.05095 0.033076 0.036873 0.046319 0.022737 0.045337 0.039841 0.024274 0.041279 0.014182 0.031571 0.030955 0.025513 0.016586 0.033816 0.022381 0.030159 0.04219 0.043277 0.01762 0.030439 0.032008 0.019677 -0.00063939 0.01945 0.01333 0.017023 0.0072496 0.017289 0.014786 0.0040443 0.025367 0.016367 0.030326 0.017013 -0.0054022 0.013987 0.025185 0.01741 0.036798 0.0046384 0.0045241 -0.0015046 -0.0032056 0.036516 0.032571 0.043027 0.056058 0.05447 0.061719 0.049367 0.06495 0.076879 0.057936 0.052189 0.060943 0.037009 0.052116 0.049784 0.053671 0.045366 0.046732 0.038709 0.043276 0.049761 0.035898 0.048362 0.026997 0.033276 0.041839 0.025946 0.065324 0.0061467 0.030933 0.037668 0.025046 -0.0032895 0.0098326 0.017844 0.017876 0.023314 0.019092 0.018886 0.030616 0.023692 0.014202 0.033894 0.019229 0.021018 0.038082 0.023087 0.014059 0.019992 0.010897 0.01202 0.011938 -0.0042517 -0.0034122 0.021319 0.02066 0.029649 0.018981 0.0047348 0.006162 0.013577 0.014234 0.01027 -0.0056753 0.02121 0.012781 0.022272 0.03217 0.026212 0.022593 0.015254 0.0014877 -0.0066409 0.027391 0.0039477 0.00041557 0.022163 0.010736 0.024421 0.0016211 0.010042 -0.0011537 0.010654 0.0027225 -0.0037371 -0.0038928 0.027104 0.017224 0.01838 0.016701 0.017084 0.012454 0.03041 0.0017993 0.018417 0.010873 0.00088481 -0.0024195 0.017259 0.026946 0.016978 -0.003492 0.0042151 0.013186 0.0083027 0.007093 0.0083631 0.016533 0.00706 0.016333 0.0095038 0.017174 -0.001956 0.019588 0.014895 -0.0037818 0.010712 -0.0028972 0.013152 0.010897 0.011055 0.013231 0.0075991 0.017856 -0.0083844 0.0060281 -0.0092783 0.023221 -0.0085181 0.017692 0.0035424 0.007682 0.0098931 -0.014077 0.018657 0.021364 0.023557 0.0088568 0.032122 -0.0071606 0.0075219 -0.0019545 0.029526 0.0058629 0.0078421 -0.0011829 0.013715 0.015605
0.013215 0.0063384 0.017459 -0.017587 0.0054375 -0.0017482 0.0054759 0.0082095 0.016747 0.0080306 0.0083118 0.00060511 0.033521 0.0064391 -0.011302 0.016787 0.010055 0.010524 0.0078657 0.02051 0.018164 0.01701 0.010696 0.018812 -0.006236 0.0086159 0.029462 0.0065951 0.020624 0.0065124 0.0088416 0.011491 0.024385 0.018499 0.019469 0.024734 0.010371 0.0054651 -0.001766 -0.0025054 0.028907 0.022294 0.0097541 0.013617 0.013139 0.011228 0.0024675 0.028562 0.0030243 0.023694 0.0039901 0.022513 0.0094677 -0.0016291 0.0072171 0.021157 -0.00019726 0.015086 0.017904 0.012375 -0.0088536 0.0096427 0.01701 0.013671 0.011697 -0.00015936 0.020194 0.021628 0.015271 0.013498 0.033676 0.035193 0.030395 0.025258 0.015833 -0.0063639 0.017288 0.0030929 0.00088588 0.024889 0.028218 0.0076544 0.0128 0.0014882 0.017958 0.026442 0.03342 0.047011 0.073957 0.062564 0.056372 0.070027 0.078984 0.042597 0.050584 0.038171 0.041102 0.042519 0.034026 0.058557 0.031364 0.036127 0.020449 0.0082941 0.039132 0.0073386 0.010637 0.018123 0.026684 0.015601 0.03595 0.052024 0.047562 0.058778 0.052196 0.069892 0.040251 0.040704 0.07288 0.064403 0.031663 0.038123 0.029199 0.031937 0.030168 0.025883 0.015548 0.031647 0.021914 0.039367 0.033449 0.020586 0.02754 0.015013 0.029283 0.054366 0.031183 0.033797 0.017821 0.03632 0.031979 0.030789 0.039907 0.035978 0.035198 0.04111 0.034845 0.028977 0.048681 0.048003 0.054085 0.039604 0.037631 0.052613 0.040043 0.013528 0.014579 0.028407 0.015944 0.028668 0.0062463 0.021575 0.017163 0.034607 0.047314 0.060698 0.059545 0.060514 0.060924 0.063282 0.078758 0.05785 0.036128 0.049919 0.025428 0.011492 0.014471 0.02377 0.010324 0.0034862 -0.0049885 0.015428 0.015684 0.023658 0.0082343 0.00079598 0.0067632 0.0094226 0.039284 0.064668 0.030766 0.072955 0.058523 0.084961 0.074197 0.059092 0.071724 0.1221 0.15057 0.13847 0.11305 0.099805 0.11003 0.0614 0.041015 0.044428 0.024369 0.021978 0.036998 0.0078181 0.018539 0.023901 0.013263 0.0048118 0.0028761 0.0032184 0.0094879 0.0096106 0.0028371 0.020849 -0.011753 -0.010235 -0.0046645 0.034491 0.035125 0.07852 0.11671 0.13031 0.11925 0.091061 0.10355 0.065205 0.049149 0.078113 0.044974 0.059785 0.022932 0.041563 0.027057 0.025952 0.040482 0.034033 0.032983 0.042804 0.00079984 0.035284 0.023533 -0.0017664 0.020557 0.011516 0.02141 0.0032914 -0.00080886 0.022428 0.0070753 -0.0026911 0.015834 0.01485 -0.010232 0.0063239 0.0045511 0.0079688 0.013276 0.015423 0.023037 0.0012344 0.013028 0.010299 0.013279 0.0077394 0.013116 0.0029113 -0.003773 0.011524 0.011855 0.016909 0.0043844 -0.0089154 0.021853 0.019325 0.0036651 0.0058999 0.012762 0.014274 0.032938 0.023741 0.039442 0.028773 0.018744 0.043131 0.019304 0.014828 0.0017129 0.0096439 0.0042681 0.0093854 0.007281 -0.0039295 0.010664 0.011845 0.015716 0.018969 0.025226 0.013724 0.012293 0.0013457 -0.0030209 0.010626 0.0305 0.019009 0.025846 0.012289 0.020333 0.030173 0.0040015 0.044176 0.024664 0.019208 0.021804 0.023115 0.014096 0.021547 0.02651 0.017557 0.019823 0.018021 0.024556 0.028108 0.013511 0.035964 0.048484 0.039677 0.055525 0.048725 0.05685 0.04005 0.042897 0.031446 0.032125 0.033062 0.043318 0.042334 0.020023 0.052094 0.030576 0.020811 0.027816 0.047269 0.036525 0.041269 0.024144 0.017832 0.032969 0.039566 0.011112 0.040671 0.013731 0.023146 0.031122 0.022104 0.027883 0.037595 0.054397 0.025457 0.043905 0.049353 0.063039 0.058665 0.051885 0.064874 0.064741 0.046262 0.064633 0.059369 0.056666 0.065146 0.068506 0.064989 0.033117 0.063113 0.049847 0.09086 0.12779 0.11678 0.1103 0.12302 0.097792 0.07497 0.036964 0.070306 0.065419 0.052567 0.045828 0.053348 0.044831 0.037889 0.044187 0.020883 0.026923 0.034072 0.041832 0.055836 0.031497 0.035916 0.037655 0.040285 0.021446 0.028585 0.021813 0.027827 0.029766 0.027396 0.015947 0.024351 0.045338 0.018769 0.024278 0.043088 0.02452 0.039224 0.029813 0.0027031 0.034263 0.029773 0.020672 0.0089296 0.020863 0.019632 0.042211 0.019094 0.0070235 0.019751 0.00074894 0.018173 0.028766 0.020275 0.017204 0.028564 0.024062 0.017743 0.025971 0.014245 0.036372 0.014791 0.025655 0.015497 0.016069 -0.0043012 0.0099955 0.0055533 0.018474 0.020907 0.0066374 0.023639 0.013898 0.016814 0.019918 0.018235 0.014707 0.020915 0.021792 0.01526 0.024793 0.016508 0.015993 0.02891 0.021838 0.045573 0.032584 0.037784 0.036295 0.035021 0.038186 0.039047 0.029913 0.056444 0.035301 0.049487 0.019459 0.047062 0.046437 0.041781 0.049027 0.056819 0.047916 0.086393 0.10736 0.10477 0.085943 0.13647 0.14209 0.11219 0.10732 0.095329 0.072117 0.080765 0.069602 0.066251 0.06132 0.057646 0.057702 0.042166 0.043506 0.039379 0.030213 0.048958 0.0409 0.032063 0.036404 0.023252 0.032434 0.034358 0.023918 0.01569 0.031612 0.026125 0.028168 0.03625 0.045983 0.01754 0.026965 0.029266 0.024714 0.0060619 0.017244 0.012611 0.016143 0.0067816 0.021631 0.015239 0.01006 0.025431 0.013068 0.027887 0.013126 -0.0075912 0.014001 0.023402 0.009403 0.032729 0.012768 0.0067626 0.00093988 0.0039313 0.031411 0.033249 0.047089 0.051193 0.049198 0.058616 0.050055 0.065002 0.072276 0.052091 0.047667 0.058532 0.043626 0.049372 0.044783 0.051005 0.044553 0.040159 0.035195 0.041029 0.049738 0.035554 0.052023 0.01793 0.028835 0.03821 0.027024 0.05355 0.0072471 0.030391 0.033085 0.024011 -0.0044039 0.0068249 0.019635 0.013634 0.027155 0.023141 0.014377 0.025347 0.016389 0.011697 0.027575 0.0090586 0.020485 0.029813 0.02231 0.0045562 0.018367 0.015901 0.01073 0.011363 -0.0031099 -0.0051962 0.021222 0.014337 0.020461 0.021642 0.008117 0.017198 0.010001 0.016828 0.012558 -0.0030199 0.011483 0.013468 0.016019 0.029376 0.023899 0.028006 0.012578 0.0060858 -0.013508 0.021869 0.0053189 0.00017872 0.020098 0.0068046 0.02141 0.0069953 0.0065284 -0.0064137 0.0077176 0.0020082 0.0027843 0.0025763 0.018353 0.016201 0.02502 0.016222 0.013142 0.0051464 0.030137 0.0059019 0.012516 0.0066145 0.0038639 0.0068304 0.016992 0.023083 0.017056 0.0070351 0.0067844 0.0063674 0.0071258 0.0091151 0.0072138 0.014827 0.0015752 0.0056301 0.0095431 0.014503 -0.0072805 0.020838 0.0079432 -0.0030896 0.0054183 0.0019194 0.013415 0.012908 0.015897 0.015363 0.0043071 0.0096642 -0.0094024 0.00040213 -0.0041287 0.030315 -0.0095695 0.01146 0.0032395 0.0053841 0.010655 -0.011829 0.014112 0.02079 0.022376 0.0079623 0.026089 -0.0056463 0.0085011 -0.0070692 0.026688 -0.0014904 -0.0060242 0.0065117 0.01601 0.010201
0.010979 0.012708 0.013647 -0.013819 0.0088873 -0.0034364 0.0080431 0.0093145 0.0056581 0.011269 0.0077211 -0.012066 0.027473 0.01497 -0.010807 0.023471 0.001342 0.013028 0.0077991 0.023793 0.019383 0.012403 0.01228 0.01433 -0.0061725 0.0056136 0.030425 0.00481 0.017945 0.011184 0.0052836 0.019706 0.021549 0.017178 0.017323 0.02505 0.0058734 0.01359 -0.0017872 0.0013597 0.032417 0.021729 0.002136 0.016326 0.016427 0.016157 0.0033176 0.025781 0.010243 0.02858 0.003169 0.019228 0.0063979 0.014939 0.011755 0.019723 0.0063608 0.013328 0.016963 0.021544 0.0053953 0.015719 0.020617 0.017727 0.017155 -0.0012323 0.021338 0.031068 0.021126 0.01262 0.031267 0.034365 0.034824 0.028953 0.02159 -0.0050856 0.01933 0.019629 0.0084014 0.026909 0.029908 0.007971 0.018927 0.0053736 0.021166 0.032971 0.037025 0.048184 0.0766 0.064281 0.059104 0.07809 0.082926 0.043841 0.050677 0.038352 0.049823 0.047535 0.039476 0.056287 0.04191 0.046067 0.025396 0.0081798 0.04643 0.0086851 0.013816 0.023395 0.021296 0.021507 0.039845 0.051133 0.052295 0.068628 0.054589 0.077155 0.045589 0.051151 0.068101 0.059897 0.036505 0.045208 0.030465 0.033704 0.034301 0.031993 0.01718 0.028634 0.021404 0.038197 0.042086 0.013766 0.033782 0.019207 0.027942 0.057716 0.037279 0.03307 0.02842 0.040084 0.032092 0.03315 0.047461 0.042938 0.026264 0.048527 0.04114 0.030098 0.051519 0.041148 0.055 0.041377 0.046367 0.054964 0.043082 0.020164 0.019839 0.026733 0.018975 0.025618 0.014088 0.022616 0.0256 0.042138 0.046991 0.054077 0.05856 0.05586 0.068704 0.062291 0.074194 0.062661 0.035836 0.048021 0.027324 0.012721 0.02067 0.022874 0.0063043 0.0092281 0.00095395 0.014312 0.013028 0.028266 0.014727 -0.0039993 0.011123 0.015789 0.04113 0.055847 0.042195 0.080973 0.060316 0.080585 0.075893 0.071307 0.077854 0.12423 0.14374 0.13975 0.10869 0.096394 0.098071 0.064322 0.04729 0.049756 0.03189 0.022466 0.039269 0.010129 0.018953 0.021888 0.018638 0.0046151 0.0082179 0.0043772 0.015734 0.0033624 -0.00097407 0.019275 -0.0072012 -0.0043609 -0.001297 0.036306 0.04456 0.075793 0.11228 0.11322 0.11302 0.083267 0.096115 0.063174 0.054489 0.07297 0.050689 0.063243 0.032255 0.0384 0.021297 0.028194 0.042432 0.029153 0.02805 0.04579 0.0043869 0.035495 0.019949 -0.001888 0.019492 0.012842 0.024092 0.013211 -3.8766e-05 0.021889 0.0016587 -0.0027043 0.015807 0.014149 -0.0066583 0.0060429 0.0081409 0.0073038 0.011637 0.015872 0.015361 0.0097067 0.017603 0.0079408 0.0051723 0.004368 0.021777 0.00038987 -0.0061179 0.016705 0.012622 0.014904 0.0031396 -0.0083632 0.027037 0.012523 0.0017955 0.0060811 0.013982 0.017609 0.032975 0.017481 0.032175 0.022394 0.016095 0.03795 0.017077 0.021036 0.010604 0.010188 0.0086901 0.0091419 0.006375 0.00057862 0.0092798 0.01986 0.017596 0.015419 0.018598 0.019296 0.013363 0.0013988 -0.0061369 0.014129 0.025514 0.022744 0.022791 0.011644 0.014871 0.035333 0.0067732 0.032297 0.026837 0.025493 0.026034 0.02312 0.011053 0.020798 0.022111 0.021692 0.027383 0.020862 0.027986 0.022175 0.01467 0.035442 0.04173 0.041876 0.055107 0.045732 0.064073 0.043542 0.037199 0.029463 0.03433 0.039293 0.042828 0.044166 0.02255 0.041754 0.033525 0.024149 0.028083 0.040555 0.036663 0.040935 0.033581 0.02169 0.033323 0.036985 0.018579 0.045272 0.016726 0.016719 0.026087 0.020781 0.028872 0.039139 0.054812 0.03192 0.045875 0.046473 0.063231 0.058393 0.05134 0.061696 0.064226 0.053512 0.061932 0.065671 0.062656 0.064008 0.068015 0.061524 0.034644 0.056282 0.054475 0.07906 0.12616 0.10997 0.10621 0.11082 0.085209 0.071217 0.039529 0.059794 0.049998 0.052801 0.036955 0.057932 0.037133 0.040681 0.044428 0.021971 0.034599 0.023273 0.039441 0.046605 0.029136 0.029595 0.035755 0.036293 0.021063 0.016399 0.020739 0.019516 0.026197 0.021449 0.016291 0.020839 0.042838 0.02141 0.01825 0.03975 0.020456 0.039819 0.029468 -0.00059768 0.022481 0.030401 0.017417 0.0096971 0.020891 0.01646 0.03388 0.028764 0.0081041 0.019844 -0.001382 0.01888 0.027694 0.016526 0.010287 0.022725 0.025816 0.014129 0.021307 0.015937 0.036274 0.0149 0.021737 0.015485 0.0095333 0.0019675 0.0087286 -0.0015957 0.017284 0.022009 0.0044411 0.017313 0.012744 0.014478 0.020189 0.019786 0.013177 0.024644 0.022291 0.016636 0.027458 0.013519 0.020895 0.016745 0.025451 0.037656 0.032305 0.040194 0.044534 0.033335 0.03056 0.032188 0.025932 0.053011 0.028081 0.048187 0.023697 0.050359 0.049555 0.044495 0.050376 0.057307 0.059076 0.088554 0.10946 0.11302 0.094645 0.13579 0.14502 0.11719 0.11402 0.099725 0.079669 0.09043 0.073817 0.072693 0.067913 0.071368 0.05956 0.051763 0.049799 0.037427 0.039093 0.051107 0.039229 0.03676 0.031574 0.032482 0.032434 0.036755 0.025423 0.017172 0.029699 0.026448 0.028767 0.030097 0.043148 0.017813 0.021099 0.023398 0.024605 0.013405 0.016845 0.013423 0.014068 0.0063163 0.023817 0.014232 0.013401 0.022581 0.012665 0.021758 0.0094883 -0.0093617 0.016934 0.019043 0.0038777 0.027073 0.01832 0.011541 0.0083952 0.012242 0.027821 0.032099 0.049129 0.046405 0.04461 0.054189 0.051259 0.063812 0.067406 0.046885 0.045242 0.055584 0.047989 0.043253 0.041324 0.05065 0.046198 0.034668 0.035644 0.037389 0.047702 0.036913 0.049627 0.015673 0.028173 0.033644 0.026121 0.041539 0.0073788 0.032558 0.027478 0.022732 -0.0020182 0.0075777 0.02227 0.009207 0.027809 0.027069 0.010171 0.017528 0.01058 0.010088 0.018927 0.0044125 0.018696 0.021249 0.019958 0.0027382 0.017069 0.019514 0.014869 0.007235 0.0027452 -0.0070181 0.018405 0.010029 0.012302 0.021233 0.010648 0.022412 0.004463 0.013813 0.012 -0.00025463 0.0014501 0.017341 0.012486 0.022506 0.022113 0.033067 0.01174 0.0053383 -0.010505 0.018845 0.0061412 0.00070546 0.015384 0.0046403 0.0159 0.01124 0.0025128 -0.0089791 0.0054818 0.0019038 0.0055715 0.011652 0.0080834 0.015265 0.027336 0.015935 0.0070996 -0.0014588 0.029881 0.01462 0.0052808 0.0051698 0.0063291 0.0087649 0.011191 0.017669 0.013923 0.011062 0.01369 0.0010712 0.0069745 0.009503 0.0053009 0.013191 -0.00067181 -0.0035757 0.0098267 0.014808 -0.010068 0.014893 0.0034631 -0.00071847 0.0050015 0.0079658 0.013636 0.016685 0.016641 0.013715 0.0029166 0.00030743 -0.0066855 -0.0030898 0.0031457 0.031909 -0.010373 0.010559 0.0034944 0.0023759 0.0071342 -0.0056564 0.008203 0.018353 0.020357 0.0043308 0.020095 -0.0023342 0.007888 -0.010032 0.022541 -0.0056031 -0.014607 0.011454 0.019669 0.0050399
0.005836 0.016793 0.008326 -0.0057015 0.010406 -0.003175 0.0072577 0.010541 -0.0028499 0.010106 0.0038601 -0.01905 0.016264 0.021341 -0.0086478 0.026433 -0.0026228 0.015757 0.007239 0.027229 0.018884 0.0087334 0.010937 0.014898 -0.0049803 0.0058418 0.030575 0.004609 0.013381 0.019315 0.0060533 0.024808 0.023215 0.015068 0.014278 0.023899 0.0072555 0.017169 0.001637 0.0090369 0.033666 0.023335 -0.0011549 0.014013 0.019096 0.018084 0.0091134 0.023287 0.01608 0.027413 0.0035807 0.015587 0.0056704 0.031206 0.017552 0.024191 0.016423 0.016705 0.018846 0.028932 0.02144 0.020782 0.024361 0.019213 0.023036 0.0023937 0.021292 0.039897 0.027553 0.017375 0.027568 0.031981 0.034747 0.033769 0.027402 0.0014034 0.016322 0.032724 0.015448 0.028393 0.026843 0.012453 0.022853 0.014721 0.024388 0.035938 0.041449 0.049037 0.073251 0.062132 0.064722 0.085245 0.078998 0.04431 0.050672 0.03943 0.056436 0.051594 0.044282 0.051823 0.050193 0.054488 0.031101 0.011145 0.052119 0.016964 0.025728 0.028545 0.02189 0.030423 0.046549 0.051928 0.052694 0.075856 0.054387 0.079021 0.055059 0.060781 0.0634 0.055347 0.040507 0.051318 0.030251 0.034856 0.037597 0.040695 0.018482 0.029151 0.019688 0.039231 0.046481 0.012489 0.037804 0.021803 0.029598 0.059147 0.045163 0.036625 0.040907 0.043075 0.039593 0.036427 0.05199 0.047743 0.020409 0.056268 0.044935 0.03177 0.054978 0.035479 0.05516 0.042357 0.049401 0.053348 0.042252 0.028657 0.02563 0.02719 0.022656 0.025068 0.025939 0.024543 0.03617 0.046581 0.046904 0.04744 0.057044 0.049468 0.069229 0.058548 0.067251 0.063 0.033775 0.043866 0.026183 0.016527 0.025501 0.024158 0.0035402 0.013586 0.0083127 0.01738 0.0090922 0.031289 0.022761 -0.0048198 0.0187 0.022418 0.044393 0.049655 0.051436 0.083011 0.063022 0.078749 0.081992 0.087297 0.08726 0.11884 0.13208 0.13108 0.099151 0.090768 0.083437 0.06653 0.056979 0.054664 0.044407 0.028346 0.036914 0.01822 0.022228 0.020505 0.022879 0.006212 0.013001 0.0064781 0.021291 0.00073682 -0.0012175 0.016539 -0.0015666 0.0054369 0.0055729 0.036488 0.051977 0.074063 0.10019 0.092585 0.095186 0.073984 0.086839 0.059249 0.058302 0.064019 0.054844 0.066281 0.040425 0.036215 0.022137 0.033196 0.045428 0.024717 0.020196 0.045188 0.013852 0.036593 0.017259 0.001767 0.017383 0.014967 0.025713 0.018865 0.0012491 0.018924 -0.003523 0.0041449 0.015862 0.013101 0.0012948 0.0052832 0.01248 0.0082653 0.0098842 0.013495 0.010006 0.018715 0.02183 0.0055428 0.0028693 0.00098742 0.026045 0.0016684 -0.004977 0.01923 0.01207 0.013447 0.0022561 -0.0064261 0.029373 0.007523 0.0020507 0.0081115 0.014594 0.020673 0.029263 0.011727 0.026211 0.016789 0.014526 0.03078 0.010256 0.021973 0.014205 0.011674 0.010891 0.0087214 0.0061224 0.0053677 0.0060883 0.0252 0.019871 0.011759 0.013204 0.02367 0.01494 0.0018637 -0.0066838 0.014836 0.020508 0.02356 0.019567 0.014112 0.011461 0.039306 0.010201 0.021778 0.0243 0.028863 0.030387 0.020307 0.011229 0.018924 0.014113 0.025582 0.031938 0.024344 0.031774 0.020856 0.018877 0.034123 0.035717 0.045693 0.049512 0.045102 0.065772 0.047296 0.033661 0.027346 0.037466 0.040981 0.042658 0.045424 0.029743 0.033496 0.039283 0.026189 0.02735 0.035022 0.041023 0.038642 0.041323 0.023555 0.031689 0.032696 0.027717 0.047325 0.018941 0.013587 0.020435 0.022083 0.028746 0.045026 0.053618 0.037563 0.04706 0.045576 0.064076 0.055323 0.050655 0.053747 0.060323 0.062453 0.055083 0.070627 0.067571 0.06477 0.067213 0.058218 0.041679 0.050573 0.062177 0.06888 0.119 0.1002 0.098455 0.09482 0.072473 0.070172 0.045627 0.051169 0.041325 0.052308 0.037403 0.06152 0.034824 0.043888 0.044808 0.026981 0.041117 0.017208 0.037313 0.037967 0.028022 0.026977 0.034781 0.030292 0.025703 0.0065833 0.023011 0.013555 0.023057 0.016077 0.017426 0.018022 0.040477 0.022604 0.015434 0.034686 0.018217 0.038117 0.025476 0.0015572 0.01254 0.028006 0.013036 0.0093441 0.022493 0.017525 0.02727 0.036395 0.014985 0.020681 -0.0020967 0.020175 0.025897 0.014523 0.005142 0.023084 0.031283 0.013264 0.016044 0.021913 0.032783 0.016431 0.018212 0.015607 0.010889 0.010535 0.010753 -0.004023 0.01361 0.02306 0.0051445 0.014922 0.0146 0.012648 0.02068 0.020629 0.015766 0.029737 0.02441 0.016883 0.032359 0.013754 0.028064 0.011078 0.02941 0.031151 0.034369 0.039311 0.055055 0.034112 0.025998 0.026207 0.024274 0.048535 0.022081 0.048458 0.030173 0.051803 0.052172 0.047615 0.055036 0.061049 0.073668 0.090378 0.10919 0.12083 0.10599 0.13148 0.13874 0.12054 0.11691 0.10162 0.086829 0.10085 0.078545 0.080328 0.072394 0.08162 0.056991 0.057921 0.053839 0.040747 0.047496 0.052162 0.037104 0.038353 0.027927 0.039587 0.031597 0.038792 0.030849 0.021651 0.027368 0.023524 0.030078 0.025996 0.036394 0.018137 0.01635 0.016194 0.020327 0.019822 0.018811 0.015557 0.0103 0.0052374 0.021544 0.013556 0.014775 0.017029 0.013733 0.014792 0.0066371 -0.01004 0.020723 0.015617 0.0031413 0.021385 0.018383 0.016842 0.017445 0.018178 0.024697 0.029312 0.049075 0.042794 0.03963 0.04966 0.050977 0.060939 0.061152 0.046023 0.044059 0.051409 0.04839 0.037726 0.039618 0.051231 0.048523 0.031896 0.039737 0.031984 0.043229 0.038956 0.043651 0.019666 0.029772 0.029887 0.025105 0.032168 0.0084034 0.035294 0.021637 0.020595 0.0033285 0.011615 0.026492 0.0055298 0.022236 0.029458 0.0075131 0.0080463 0.008027 0.008595 0.011402 0.0069322 0.016866 0.016436 0.017724 0.0069934 0.013692 0.021445 0.018992 0.00022294 0.01181 -0.0062009 0.014062 0.0092394 0.0062267 0.016873 0.011007 0.022429 -0.00010835 0.0076704 0.0098178 0.0016087 -0.0044417 0.021167 0.013808 0.015457 0.020831 0.035891 0.01246 0.0015478 -0.00050691 0.01749 0.0060629 0.0016289 0.0094326 0.0043091 0.010142 0.012893 -0.0015964 -0.0085707 0.0054209 0.0037151 0.0032973 0.020383 -0.00052461 0.014264 0.024379 0.017694 0.0011083 -0.006744 0.028026 0.024778 -0.00059181 0.0056122 0.0070767 0.0053483 0.0035815 0.010751 0.0088321 0.010345 0.020775 -0.0031476 0.0077218 0.0082023 0.0019537 0.011918 0.00037178 -0.0097359 0.0082061 0.017147 -0.0094684 0.0053057 0.00246 0.0011641 0.0067802 0.012283 0.012111 0.019046 0.01343 0.0098089 0.0014503 -0.0045803 -0.0015779 -0.0036624 0.010789 0.027417 -0.010161 0.012996 0.0032865 -0.0010942 0.00042046 0.0018157 0.0023865 0.013991 0.016879 0.00012312 0.015937 0.0018009 0.0077208 -0.0087316 0.016606 -0.0038286 -0.015664 0.010156 0.022841 0.0023856
-5.3107e-05 0.020139 0.0060699 0.0043142 0.012757 6.5735e-05 0.0072482 0.012759 -0.0053033 0.0056322 0.0019413 -0.01527 0.0060462 0.025004 -0.0045617 0.026486 -0.0021958 0.01762 0.0080129 0.029343 0.018535 0.0074793 0.0087794 0.021049 -0.0029238 0.0099578 0.029553 0.0060013 0.00993 0.027524 0.011071 0.027069 0.03003 0.015048 0.01192 0.022887 0.012506 0.018373 0.0080843 0.017313 0.035087 0.027703 -0.00037201 0.0094487 0.021694 0.018449 0.019515 0.022594 0.020243 0.022576 0.0051262 0.012398 0.00487 0.041287 0.025128 0.032383 0.028153 0.024091 0.022673 0.035353 0.03724 0.025519 0.028856 0.020636 0.027821 0.0089667 0.021667 0.046091 0.032725 0.023137 0.024459 0.029881 0.032761 0.037964 0.031654 0.013065 0.010249 0.039796 0.02112 0.030697 0.022078 0.020056 0.026793 0.026154 0.026378 0.035905 0.047216 0.049568 0.064893 0.057279 0.06995 0.087981 0.07087 0.044983 0.050881 0.041247 0.058635 0.055165 0.048546 0.048883 0.055591 0.058524 0.037306 0.017781 0.057606 0.030938 0.04181 0.033165 0.030535 0.04012 0.053907 0.055061 0.051168 0.079024 0.051989 0.073276 0.068247 0.068205 0.060798 0.051638 0.043679 0.05533 0.031062 0.03795 0.038903 0.049142 0.020787 0.033114 0.019396 0.042799 0.043989 0.018144 0.039979 0.021978 0.035961 0.05993 0.052295 0.042908 0.051739 0.044073 0.051633 0.040636 0.053972 0.050517 0.019315 0.062051 0.047833 0.033143 0.058281 0.034694 0.05466 0.042014 0.047592 0.04965 0.040149 0.035605 0.032581 0.029973 0.026578 0.026818 0.037559 0.026553 0.045166 0.04745 0.047245 0.042017 0.056347 0.043414 0.064287 0.05495 0.061417 0.058988 0.031675 0.038104 0.023066 0.020698 0.028988 0.025169 0.0033016 0.015935 0.015471 0.024177 0.0057069 0.032171 0.02959 0.00041996 0.027732 0.027799 0.048179 0.04939 0.056269 0.080134 0.067145 0.077951 0.089243 0.099876 0.09466 0.10631 0.12141 0.11542 0.087457 0.084593 0.070439 0.066199 0.064709 0.056907 0.057793 0.036832 0.031679 0.030189 0.028788 0.01959 0.025408 0.011051 0.017983 0.010344 0.024479 0.0028412 0.0024657 0.014951 0.0034342 0.018347 0.012446 0.036067 0.052937 0.072609 0.084043 0.071933 0.07132 0.066109 0.077601 0.053176 0.059091 0.054342 0.055843 0.067159 0.044188 0.035676 0.029379 0.038508 0.048343 0.021865 0.013445 0.040552 0.025186 0.03826 0.0158 0.0079011 0.014619 0.017492 0.024627 0.021545 0.0029394 0.015321 -0.0070272 0.015127 0.016772 0.011532 0.011066 0.0042668 0.016444 0.010437 0.010666 0.0078754 0.0078194 0.025369 0.022687 0.0044891 0.0077043 -0.0005236 0.024022 0.0070344 -0.0011074 0.018788 0.010162 0.010283 0.0017818 -0.0035378 0.027171 0.0033016 0.0042874 0.0088358 0.014224 0.021076 0.022296 0.007433 0.022176 0.013277 0.014577 0.023832 0.0013796 0.018523 0.015727 0.01566 0.0098219 0.0063508 0.0057805 0.009683 0.0025283 0.026918 0.019858 0.010332 0.012255 0.025916 0.01663 0.0022191 -0.0036295 0.012677 0.016345 0.020103 0.016121 0.018539 0.011754 0.040344 0.014138 0.015319 0.019472 0.028186 0.032228 0.015506 0.015188 0.016139 0.0069421 0.029684 0.031259 0.026137 0.033618 0.024247 0.024024 0.035233 0.033916 0.048165 0.041871 0.044936 0.060839 0.049941 0.031694 0.024741 0.039126 0.037835 0.04316 0.046836 0.040313 0.031058 0.044091 0.027375 0.025229 0.031617 0.048024 0.035967 0.045265 0.025122 0.027847 0.027824 0.034732 0.047832 0.020616 0.016631 0.01576 0.025193 0.02707 0.05385 0.0523 0.042355 0.046945 0.045618 0.065379 0.052226 0.049168 0.044069 0.054426 0.069551 0.046713 0.072433 0.069428 0.065918 0.065329 0.055267 0.052833 0.044786 0.069673 0.062454 0.10511 0.089541 0.086286 0.079358 0.063175 0.069056 0.05191 0.045964 0.039471 0.050476 0.042893 0.064115 0.036855 0.045531 0.04593 0.033919 0.04618 0.017317 0.035628 0.031532 0.027032 0.025697 0.035231 0.02532 0.033116 -0.00014643 0.028454 0.0088059 0.022854 0.011632 0.019479 0.016402 0.038911 0.021424 0.015045 0.028447 0.019003 0.035745 0.020158 0.0073943 0.0063088 0.023251 0.0097785 0.0082654 0.024891 0.020841 0.023294 0.037763 0.02259 0.022136 -0.0012823 0.020268 0.025248 0.01332 0.00041812 0.028902 0.037755 0.013059 0.010605 0.028287 0.025883 0.019532 0.014523 0.01563 0.019486 0.018029 0.016807 -0.0035156 0.0086057 0.023941 0.0096052 0.019441 0.016651 0.011719 0.020725 0.020265 0.020563 0.03356 0.026279 0.016441 0.036987 0.015335 0.034244 0.011167 0.033165 0.028569 0.038872 0.035393 0.064308 0.03685 0.025212 0.023973 0.027496 0.043183 0.019719 0.049975 0.038197 0.050198 0.053822 0.050107 0.059634 0.066947 0.087314 0.091606 0.10653 0.12495 0.11472 0.12383 0.12482 0.12015 0.11506 0.10025 0.091992 0.10916 0.085691 0.085768 0.072268 0.085282 0.051845 0.060003 0.055229 0.047374 0.052868 0.052746 0.036499 0.037508 0.02749 0.043129 0.031475 0.04132 0.038721 0.02854 0.024392 0.019709 0.030211 0.025223 0.028016 0.01824 0.015138 0.0097323 0.013953 0.023415 0.021899 0.018564 0.0060408 0.0033833 0.015212 0.014887 0.015309 0.010874 0.014032 0.0095815 0.0053417 -0.0083316 0.022794 0.015856 0.007162 0.016719 0.012024 0.02072 0.023287 0.020127 0.020662 0.02619 0.047177 0.040334 0.033876 0.045367 0.047261 0.056148 0.053239 0.050343 0.043033 0.04517 0.045038 0.036036 0.038863 0.051959 0.049708 0.032115 0.044799 0.024542 0.03678 0.04045 0.037108 0.027051 0.031582 0.027881 0.02517 0.026387 0.011244 0.035718 0.015747 0.018059 0.0087563 0.017285 0.032609 0.002756 0.010955 0.029167 0.0068828 -0.0018899 0.0090582 0.0073879 0.0070487 0.014739 0.016353 0.016903 0.017055 0.013577 0.0072159 0.021081 0.019373 -0.0073143 0.020499 -0.0025861 0.0096951 0.011367 0.0023379 0.010344 0.0087597 0.01957 -0.0020782 0.0018682 0.0076016 0.0024132 -0.0034457 0.021562 0.01996 0.01107 0.019149 0.035021 0.013746 -0.00091739 0.010141 0.016359 0.0049905 0.0031251 0.0041501 0.004599 0.0066989 0.010691 -0.0045331 -0.006873 0.0074332 0.0079493 -0.0031988 0.025946 -0.0044818 0.012382 0.017151 0.020563 -0.0018012 -0.009963 0.024449 0.031487 -0.0030298 0.0057764 0.0049137 0.00015256 -0.0018143 0.0032798 0.0045439 0.0075571 0.024616 -0.0065954 0.0086899 0.0058354 -0.0034564 0.011751 0.0031777 -0.012986 0.0033747 0.019677 -0.0064052 -0.0029987 0.003897 0.0008647 0.0068671 0.012289 0.0079575 0.018268 0.0077874 0.0057088 -0.00048844 -0.002518 0.0037016 -0.0024977 0.017186 0.018502 -0.0090852 0.015236 0.0028458 -0.0043777 -0.0063879 0.0070293 -0.0026686 0.0084213 0.01197 -0.0017622 0.01438 0.0058248 0.0093356 -0.0028134 0.0094356 0.0022655 -0.009555 0.0028506 0.024433 0.0022176
-0.0037587 0.025197 0.011093 0.014835 0.019465 0.0061498 0.011642 0.01738 -0.00019306 0.001384 0.0069951 -0.00017749 0.0035737 0.027678 0.0027442 0.025872 0.0016569 0.018179 0.012241 0.029379 0.019285 0.0099494 0.0083126 0.031192 0.00079564 0.017718 0.027533 0.009712 0.010267 0.031988 0.018656 0.02866 0.039986 0.019416 0.01082 0.022809 0.01871 0.020604 0.014997 0.022298 0.038214 0.033861 0.0031052 0.0060617 0.02521 0.020002 0.030779 0.024169 0.022795 0.018538 0.0075058 0.010175 0.00265 0.041669 0.034083 0.039693 0.039086 0.032432 0.026715 0.043014 0.05145 0.030468 0.033856 0.025245 0.030948 0.015301 0.022815 0.049572 0.034958 0.024494 0.024681 0.029584 0.031056 0.040035 0.03373 0.028959 0.005424 0.042536 0.02607 0.035021 0.019375 0.027296 0.033322 0.035871 0.02836 0.034231 0.052383 0.048764 0.053864 0.051822 0.071121 0.08459 0.062896 0.047884 0.051768 0.044037 0.056856 0.058324 0.053183 0.050893 0.059413 0.058242 0.043369 0.027282 0.063102 0.047452 0.056081 0.03722 0.046029 0.04818 0.060198 0.059868 0.050095 0.078506 0.048714 0.060918 0.083132 0.072215 0.061037 0.049136 0.047117 0.056294 0.035298 0.044766 0.037754 0.055046 0.02447 0.038344 0.021916 0.04862 0.035433 0.028689 0.041865 0.020461 0.047066 0.060967 0.055923 0.048008 0.058019 0.042359 0.062844 0.04485 0.054337 0.052574 0.0234 0.064858 0.051294 0.033454 0.0594 0.040453 0.052907 0.039751 0.044418 0.046199 0.038822 0.039449 0.039443 0.03446 0.02998 0.029354 0.046136 0.027985 0.049447 0.046419 0.047965 0.038384 0.056977 0.03906 0.056451 0.054351 0.058299 0.051635 0.031504 0.031377 0.01995 0.022902 0.032028 0.023211 0.0040622 0.017559 0.020527 0.031989 0.0051612 0.031447 0.033818 0.011554 0.035843 0.032541 0.050357 0.055287 0.056325 0.075612 0.072155 0.077586 0.09422 0.10443 0.095312 0.089676 0.11601 0.09651 0.07792 0.078279 0.062808 0.062081 0.066263 0.055202 0.067264 0.04337 0.026181 0.042234 0.038268 0.01875 0.025957 0.019943 0.024669 0.016145 0.024352 0.0090506 0.0094969 0.016497 0.0086403 0.032249 0.015581 0.035244 0.046388 0.068665 0.067826 0.052809 0.048797 0.06111 0.069179 0.045575 0.056001 0.046113 0.054525 0.065806 0.043557 0.036523 0.039637 0.042381 0.050377 0.021424 0.0095647 0.034557 0.034698 0.040276 0.015018 0.01361 0.012285 0.019614 0.020321 0.023971 0.0040384 0.012031 -0.0093158 0.027078 0.018783 0.010108 0.019312 0.003647 0.018774 0.012976 0.014177 -0.00042501 0.0085196 0.029 0.018435 0.0048137 0.018156 0.00047272 0.01689 0.015823 0.0048374 0.016644 0.0074636 0.0048253 0.0014064 -0.0010531 0.020888 -0.00070889 0.0084013 0.0054494 0.013275 0.017737 0.014992 0.0052096 0.018705 0.011391 0.016004 0.019056 -0.0057191 0.013643 0.018762 0.022178 0.0062675 0.00057985 0.0047969 0.012689 -0.00058314 0.025532 0.016898 0.011691 0.015827 0.025511 0.017787 0.0015194 0.0037691 0.0084379 0.014392 0.01289 0.012143 0.021508 0.015335 0.037928 0.018618 0.014125 0.015584 0.023754 0.031187 0.010401 0.021184 0.013154 0.0057627 0.033973 0.024874 0.024769 0.032337 0.030805 0.028247 0.04082 0.037544 0.04801 0.035062 0.041543 0.049397 0.05129 0.030988 0.022782 0.036612 0.031052 0.043297 0.047744 0.051852 0.033466 0.044985 0.029209 0.021352 0.030476 0.054397 0.03413 0.046056 0.027571 0.022326 0.023658 0.03797 0.048818 0.022416 0.026891 0.012707 0.027741 0.024636 0.06255 0.051223 0.046231 0.045337 0.044982 0.066796 0.051523 0.045845 0.03558 0.048363 0.073094 0.040388 0.069926 0.067959 0.065772 0.062777 0.052824 0.065915 0.037432 0.074967 0.060331 0.086833 0.078417 0.07036 0.066469 0.058647 0.066232 0.055138 0.044738 0.04163 0.046253 0.047851 0.066342 0.040389 0.044034 0.048384 0.041548 0.049767 0.021571 0.034279 0.02661 0.025394 0.022825 0.037057 0.023615 0.03999 -0.0038781 0.036439 0.003332 0.027333 0.0088048 0.02073 0.016534 0.03825 0.01748 0.015203 0.022088 0.023524 0.033547 0.017091 0.013885 0.0034938 0.018552 0.0092832 0.0072243 0.027596 0.023378 0.021298 0.032355 0.02699 0.023497 0.0010484 0.017554 0.025406 0.011549 -0.0048426 0.036757 0.042635 0.010643 0.0068617 0.031078 0.0176 0.023373 0.010936 0.014887 0.031434 0.021827 0.026306 -0.0030599 0.0045449 0.024845 0.017591 0.030513 0.016314 0.013187 0.020119 0.018879 0.026459 0.034317 0.027289 0.017175 0.039568 0.015672 0.036251 0.013284 0.035124 0.03114 0.04447 0.030484 0.068857 0.039634 0.027653 0.026311 0.03552 0.036669 0.021426 0.0515 0.046232 0.045373 0.054162 0.05158 0.061545 0.073535 0.096306 0.091847 0.10223 0.12253 0.11645 0.11445 0.10636 0.11474 0.10748 0.096144 0.094627 0.11385 0.095469 0.087099 0.06775 0.081943 0.04641 0.060097 0.054859 0.054485 0.053983 0.05358 0.03824 0.0357 0.032651 0.042766 0.033887 0.04479 0.046169 0.036587 0.021942 0.018436 0.02853 0.027413 0.019938 0.017713 0.017076 0.0055479 0.0072777 0.022643 0.023862 0.02216 0.0036544 0.00095178 0.0077507 0.018766 0.016319 0.0067038 0.011453 0.0070665 0.0058643 -0.0035862 0.021689 0.020054 0.013734 0.013334 0.0006327 0.021565 0.021815 0.018761 0.014553 0.024354 0.043632 0.038102 0.027586 0.041444 0.039791 0.050128 0.044565 0.057369 0.04133 0.036444 0.039245 0.038827 0.037734 0.052716 0.048508 0.034824 0.047065 0.015554 0.029919 0.040149 0.032523 0.034067 0.03138 0.027185 0.026059 0.023362 0.015758 0.032303 0.0092683 0.015518 0.010735 0.022382 0.040201 0.00035176 -0.0025351 0.026062 0.0077256 -0.010726 0.012549 0.0079288 0.0054808 0.02279 0.017738 0.020982 0.018335 0.018471 -0.0012415 0.018389 0.015273 -0.012324 0.025113 0.0021356 0.0062341 0.014489 4.5796e-05 0.0044859 0.0049162 0.016701 -0.0021721 -0.0010453 0.0066572 0.0030694 0.0038782 0.017249 0.028957 0.0099045 0.015839 0.030585 0.013785 0.0018131 0.014926 0.014692 0.0033951 0.0057774 0.00094604 0.0040824 0.0063288 0.0044842 -0.0050475 -0.006172 0.0098378 0.01396 -0.011366 0.026937 -0.0027823 0.0084879 0.0076978 0.021459 0.00016007 -0.010507 0.020346 0.031246 -0.0011676 0.0036607 -0.000333 -0.0034792 -0.0028435 -0.0032028 0.0035969 0.0053549 0.024063 -0.0095828 0.0089294 0.0034436 -0.010764 0.013058 0.0053256 -0.014574 -0.0043027 0.020935 -0.0036241 -0.0063694 0.0054887 -0.0021373 0.0025691 0.007568 0.0019437 0.014613 0.0017894 0.0025867 -0.0026641 0.0039891 0.0071194 -0.0018559 0.021534 0.0084563 -0.0081062 0.014296 0.003261 -0.0067082 -0.010051 0.0074615 -0.0074689 0.0035551 0.0061858 0.0012878 0.015145 0.0088699 0.01271 0.0060954 0.0017477 0.0079385 0.0011042 -0.0069913 0.024564 0.0029046
-0.0021333 0.034282 0.025324 0.026651 0.03309 0.01457 0.02201 0.026171 0.012848 0.0019543 0.021982 0.023166 0.014255 0.032452 0.015233 0.02776 0.0083254 0.017592 0.021855 0.027848 0.020798 0.01719 0.011357 0.042628 0.0082238 0.028428 0.025544 0.017104 0.01591 0.03018 0.025809 0.032417 0.04959 0.029033 0.010594 0.023426 0.023914 0.026941 0.019318 0.021165 0.042521 0.039172 0.0076735 0.0069085 0.030396 0.025249 0.037334 0.02746 0.023263 0.019483 0.010597 0.0089008 -0.00053363 0.031666 0.043011 0.041342 0.046589 0.038215 0.029411 0.054147 0.063328 0.03547 0.038179 0.035232 0.032554 0.017887 0.023488 0.051079 0.033167 0.018535 0.030234 0.031916 0.03069 0.039771 0.034147 0.047513 0.0062228 0.04491 0.031957 0.042196 0.021493 0.03114 0.044241 0.041668 0.032708 0.031974 0.053626 0.04399 0.042842 0.047405 0.065392 0.075099 0.058043 0.054671 0.053525 0.048401 0.054117 0.060681 0.059234 0.05968 0.063644 0.055942 0.048558 0.03786 0.067687 0.063116 0.063731 0.04105 0.064281 0.053067 0.064877 0.064404 0.050736 0.075911 0.046332 0.045604 0.097081 0.071763 0.063249 0.048011 0.052502 0.053035 0.043404 0.05563 0.034623 0.057487 0.02888 0.041908 0.027445 0.056129 0.023703 0.040182 0.044989 0.018615 0.061402 0.062554 0.053514 0.047022 0.0585 0.038124 0.067814 0.047154 0.053863 0.055849 0.032494 0.065308 0.055744 0.032293 0.05605 0.051484 0.048545 0.035111 0.044324 0.044243 0.03867 0.040653 0.043314 0.03965 0.032226 0.030535 0.051185 0.028802 0.047727 0.04577 0.048703 0.037559 0.057775 0.036438 0.047626 0.057965 0.057416 0.042476 0.033784 0.02388 0.019124 0.021596 0.03566 0.017142 0.0031279 0.020292 0.02192 0.037402 0.0093089 0.030596 0.035773 0.026062 0.040717 0.039338 0.048282 0.064582 0.05239 0.072955 0.075906 0.078666 0.094601 0.10017 0.086615 0.072851 0.11619 0.077435 0.073796 0.070403 0.062229 0.053886 0.060323 0.049527 0.069857 0.043814 0.022319 0.050003 0.049589 0.017373 0.024437 0.032752 0.034367 0.024064 0.02093 0.017861 0.018856 0.021989 0.016206 0.044065 0.01297 0.032531 0.034673 0.059136 0.053976 0.034454 0.032985 0.058628 0.060729 0.038526 0.049026 0.040213 0.053132 0.06354 0.0418 0.037818 0.048412 0.044141 0.051247 0.024053 0.0076145 0.030789 0.040051 0.042344 0.013894 0.015566 0.012169 0.020473 0.013251 0.028667 0.003195 0.0085901 -0.012626 0.037989 0.021857 0.0097247 0.023546 0.0044257 0.018479 0.015089 0.018659 -0.010325 0.011088 0.030391 0.0091985 0.0051437 0.031062 0.0034804 0.0073685 0.026799 0.012491 0.014508 0.0046016 -0.0017562 0.00068868 -0.00059952 0.012215 -0.0043354 0.014531 -0.0033746 0.012721 0.010735 0.010647 0.0052945 0.013725 0.0082136 0.018063 0.017109 -0.006967 0.011588 0.025189 0.029577 0.00272 -0.0086724 0.0031177 0.013701 -0.0035975 0.02205 0.012295 0.014692 0.020801 0.02235 0.017631 -0.00073798 0.015773 0.0028546 0.015838 0.0031732 0.0070002 0.019372 0.020215 0.032319 0.023747 0.01736 0.015202 0.016452 0.029146 0.0069339 0.026356 0.010426 0.014161 0.037773 0.0137 0.02034 0.027986 0.03898 0.030149 0.050879 0.045327 0.045608 0.030981 0.031034 0.032134 0.05222 0.032127 0.023633 0.027885 0.021704 0.041027 0.046051 0.061982 0.035793 0.041157 0.033458 0.015328 0.031446 0.056976 0.032817 0.04639 0.030716 0.016198 0.02133 0.038071 0.052079 0.02552 0.043836 0.010437 0.026321 0.022887 0.067998 0.049093 0.049348 0.042331 0.04232 0.067426 0.053771 0.03925 0.030162 0.043218 0.073897 0.03882 0.062659 0.063778 0.062889 0.060569 0.05083 0.078793 0.027796 0.077842 0.061416 0.068158 0.065687 0.052486 0.055022 0.057544 0.061214 0.053131 0.046642 0.043821 0.037843 0.04837 0.068085 0.042561 0.038913 0.051571 0.049633 0.05166 0.025794 0.032562 0.020109 0.023222 0.017213 0.039643 0.02576 0.043465 -0.0051683 0.045832 -0.0048882 0.036776 0.0084215 0.018178 0.018512 0.038348 0.010602 0.013509 0.017148 0.031693 0.031405 0.019631 0.01838 0.0020231 0.016711 0.011957 0.0064935 0.03063 0.022329 0.019785 0.022718 0.027198 0.023331 0.0046791 0.010329 0.023635 0.0075466 -0.010089 0.042413 0.044436 0.0039129 0.007292 0.027019 0.010642 0.025945 0.0087947 0.013025 0.041096 0.020986 0.037175 -0.004771 0.0036254 0.026004 0.027941 0.044842 0.012013 0.018885 0.019624 0.016797 0.033703 0.031268 0.028172 0.021617 0.038945 0.012003 0.031854 0.012812 0.033004 0.03782 0.048545 0.026991 0.065812 0.039689 0.031501 0.032018 0.045656 0.028186 0.025565 0.051871 0.052163 0.037905 0.051967 0.052322 0.0594 0.078773 0.098999 0.090469 0.097225 0.11179 0.10841 0.10499 0.085036 0.10338 0.093171 0.090142 0.095151 0.11423 0.10656 0.084473 0.060638 0.073256 0.042345 0.060857 0.054136 0.059903 0.051425 0.055308 0.042054 0.034726 0.045351 0.038461 0.039727 0.048974 0.050165 0.044859 0.022966 0.022365 0.02566 0.030662 0.012921 0.015711 0.019387 0.0042805 0.00066316 0.016606 0.022972 0.026631 0.0056365 -0.0018232 0.0026901 0.024459 0.018924 0.0058834 0.0047657 0.0065331 0.007791 0.0040041 0.017591 0.026162 0.019859 0.010673 -0.013166 0.018021 0.01069 0.015697 0.0055332 0.024504 0.037824 0.034886 0.021511 0.038402 0.029933 0.044113 0.036678 0.06251 0.038121 0.025557 0.031988 0.044224 0.034501 0.053135 0.044148 0.039768 0.043353 0.0061091 0.024684 0.036773 0.031122 0.037138 0.02706 0.026114 0.026148 0.021422 0.021185 0.025799 0.0012763 0.012433 0.0071177 0.02464 0.047785 -0.0021947 -0.0142 0.021357 0.0092166 -0.016611 0.016604 0.012966 0.0045895 0.025107 0.020325 0.024932 0.020654 0.018805 -0.0092643 0.014095 0.0084052 -0.012094 0.023285 0.0059029 0.0032863 0.016785 -0.0017643 0.0013251 0.0016492 0.015978 -0.0029841 -0.00068726 0.0076106 0.0049197 0.014039 0.0097831 0.038176 0.010625 0.0099628 0.024156 0.01019 0.011399 0.0095582 0.013616 0.0027018 0.010209 5.8226e-05 0.0019291 0.0074591 -0.0045402 -0.0024026 -0.0077261 0.0097832 0.020453 -0.018434 0.023436 0.0032533 0.0017084 -0.0022102 0.016549 0.006258 -0.0080654 0.016999 0.023338 0.0050641 -0.0014075 -0.0076507 -0.0036384 0.00019449 -0.0070697 0.0070844 0.0057931 0.020022 -0.012305 0.007394 0.0021264 -0.018805 0.015393 0.0043847 -0.015813 -0.013106 0.020046 -0.0049641 -0.003731 0.0049345 -0.0072213 -0.00651 -2.79e-05 -0.0036212 0.0096132 -0.0027683 0.00013366 -0.0051297 0.008663 0.0074311 -0.003817 0.023954 0.00082403 -0.0081658 0.0090882 0.0055506 -0.0072719 -0.0085596 0.0025036 -0.013011 0.0019427 0.00018462 0.010913 0.017454 0.0099308 0.016658 0.015634 -0.0065841 0.0080936 0.013015 -0.014772 0.024185 0.0026534
0.0081187 0.048302 0.047248 0.042324 0.054059 0.024897 0.036991 0.041148 0.034405 0.011922 0.047045 0.049292 0.041641 0.042 0.034609 0.036045 0.017569 0.016248 0.038589 0.02691 0.021307 0.029434 0.018746 0.052073 0.022347 0.041046 0.025517 0.029699 0.027049 0.021986 0.028293 0.040553 0.054984 0.043296 0.010133 0.023691 0.027226 0.039028 0.018821 0.012769 0.044797 0.039085 0.011743 0.014621 0.036905 0.035225 0.032903 0.031218 0.020003 0.027778 0.014273 0.0080841 -0.0029218 0.012216 0.048849 0.033824 0.047156 0.037897 0.029656 0.068937 0.071813 0.039058 0.039051 0.050636 0.032326 0.013143 0.021011 0.049594 0.026604 0.007143 0.040671 0.037257 0.031779 0.038745 0.034365 0.065921 0.01495 0.04975 0.039802 0.052151 0.029556 0.031064 0.059847 0.043002 0.041231 0.028786 0.047069 0.030799 0.034102 0.044027 0.050664 0.060257 0.056844 0.064876 0.05571 0.054671 0.054543 0.061171 0.066651 0.074472 0.069207 0.054535 0.051915 0.046756 0.069632 0.07447 0.061317 0.044774 0.078611 0.054057 0.067969 0.065052 0.052842 0.072636 0.046281 0.033038 0.10669 0.064875 0.064924 0.048759 0.061266 0.043381 0.052181 0.069217 0.030038 0.056303 0.032323 0.040851 0.03526 0.064252 0.011908 0.048227 0.049885 0.017183 0.075765 0.063675 0.041935 0.035208 0.053046 0.032126 0.062302 0.044403 0.052377 0.062074 0.045861 0.064867 0.059956 0.029703 0.046563 0.06249 0.039405 0.027864 0.051276 0.042844 0.038296 0.040501 0.039666 0.043797 0.033089 0.028056 0.053412 0.029691 0.040314 0.046486 0.048596 0.042286 0.055081 0.034718 0.038176 0.06401 0.056728 0.033803 0.036761 0.014762 0.023282 0.016077 0.040792 0.0077606 -0.0010972 0.024689 0.018329 0.037097 0.019019 0.031699 0.036448 0.039442 0.039548 0.051799 0.039343 0.071832 0.045074 0.07419 0.073942 0.083534 0.088164 0.088322 0.067921 0.059547 0.11717 0.060824 0.075695 0.05729 0.067526 0.041559 0.048258 0.040696 0.065194 0.035194 0.020332 0.048525 0.060628 0.01402 0.020586 0.047843 0.046745 0.034819 0.014814 0.027456 0.029379 0.030839 0.027847 0.049506 0.004793 0.024383 0.022131 0.042194 0.042615 0.014673 0.02598 0.056912 0.049835 0.03577 0.038596 0.036291 0.053867 0.061823 0.043974 0.037787 0.051138 0.04357 0.050748 0.029706 0.005203 0.0314 0.039539 0.043531 0.011507 0.010659 0.016566 0.019432 0.0045531 0.037023 -0.0010928 0.0033007 -0.020613 0.047006 0.025886 0.010633 0.022731 0.0079354 0.014833 0.016235 0.021538 -0.02068 0.014109 0.029755 -0.0032872 0.0029928 0.042313 0.007045 -0.001472 0.038351 0.021908 0.013446 0.0020021 -0.0073695 -0.00032949 -0.0036133 0.00269 -0.0070416 0.022824 -0.016987 0.013918 0.00036254 0.01093 0.0079268 0.0062102 -0.001431 0.020196 0.017078 0.0013888 0.017645 0.033881 0.034319 0.0032232 -0.019578 0.0011996 0.012262 -0.0076112 0.016736 0.0082242 0.016762 0.022346 0.016409 0.015086 -0.0038507 0.031627 -0.0038903 0.021049 -0.0086068 2.9912e-05 0.0097092 0.023396 0.023808 0.029318 0.022416 0.019348 0.0069486 0.02914 0.0072503 0.027618 0.0078203 0.03271 0.039937 -0.000697 0.014318 0.020972 0.047435 0.027883 0.063065 0.053757 0.041897 0.031098 0.010433 0.0097279 0.054028 0.035831 0.029515 0.01181 0.0092965 0.033721 0.038281 0.068199 0.03123 0.033978 0.041075 0.0070343 0.034961 0.053979 0.029905 0.04938 0.032776 0.010715 0.021951 0.036402 0.058332 0.031521 0.06529 0.0063298 0.016733 0.022907 0.067687 0.042913 0.052567 0.038074 0.037026 0.065115 0.056848 0.027386 0.028808 0.038426 0.074038 0.042835 0.050213 0.056893 0.055944 0.059169 0.048596 0.08857 0.016236 0.078419 0.062907 0.052523 0.049411 0.035474 0.041232 0.056399 0.053763 0.044016 0.049002 0.041898 0.022673 0.043055 0.066658 0.041145 0.030771 0.052831 0.058207 0.050458 0.025227 0.028737 0.0066002 0.021082 0.010766 0.041639 0.030214 0.042009 -0.0045058 0.054448 -0.017401 0.049926 0.01124 0.0081793 0.021152 0.039203 0.00055594 0.0071575 0.015943 0.042278 0.028391 0.030009 0.019169 -0.00077674 0.01999 0.016731 0.0052446 0.034242 0.015582 0.017105 0.012291 0.025137 0.019308 0.0089831 -0.0033891 0.015663 -0.00068221 -0.012692 0.042065 0.042556 -0.0079246 0.013928 0.013467 0.0073008 0.024059 0.010988 0.01057 0.042096 0.016354 0.044827 -0.0083844 0.0073799 0.027039 0.038637 0.056842 0.0030295 0.030217 0.02116 0.014437 0.043068 0.024313 0.030598 0.031897 0.033153 0.0019994 0.019505 0.0056909 0.024222 0.044566 0.047321 0.026617 0.051834 0.033469 0.033607 0.038801 0.053302 0.01663 0.029245 0.05049 0.053237 0.028387 0.043919 0.052751 0.051886 0.078799 0.094804 0.085373 0.091556 0.091522 0.08804 0.09632 0.059124 0.084476 0.071216 0.081688 0.093987 0.1082 0.11594 0.079265 0.052172 0.060846 0.040348 0.063663 0.054408 0.062596 0.04674 0.058056 0.046878 0.036077 0.065767 0.02936 0.047926 0.052618 0.047695 0.053108 0.032306 0.031834 0.022631 0.031646 0.0065955 0.010594 0.018246 0.0059616 -0.0070362 0.0049946 0.019437 0.032999 0.013844 -0.0045379 0.0024122 0.030396 0.023636 0.0075578 -0.0059345 0.0067276 0.010075 0.013718 0.011684 0.030606 0.022677 0.0075708 -0.026309 0.0085852 -0.010648 0.01179 -0.0070123 0.025253 0.027533 0.029962 0.017027 0.037251 0.019865 0.038917 0.031089 0.060068 0.031848 0.013992 0.023243 0.048737 0.026552 0.051112 0.035468 0.047609 0.032243 -0.0025508 0.02293 0.028685 0.032629 0.032426 0.016684 0.02183 0.023069 0.01879 0.026485 0.019204 -0.009034 0.0073936 -0.001578 0.021447 0.052008 -0.0044659 -0.021193 0.01767 0.011303 -0.017402 0.01887 0.026288 0.0021441 0.016643 0.021833 0.024295 0.021656 0.012784 -0.014172 0.009295 0.0014992 -0.0044416 0.013993 0.0073308 -0.00099428 0.016994 -0.0048889 0.0012964 0.0016877 0.018351 -0.0079864 0.0010365 0.010366 0.0089438 0.0214 0.0034244 0.045325 0.011066 0.0011528 0.017797 0.00034082 0.026841 -0.0079361 0.016911 0.0056526 0.016408 0.00036093 -0.0019014 0.007214 -0.013995 0.0036396 -0.010836 0.0033354 0.025866 -0.022383 0.016389 0.010555 -0.0079059 -0.011397 0.0023085 0.012784 -0.0027253 0.014483 0.0093954 0.015502 -0.008145 -0.014821 0.00024387 0.0054232 -0.0066337 0.014516 0.010594 0.014334 -0.014452 0.0029708 0.002849 -0.025129 0.017569 -0.0016528 -0.017595 -0.020404 0.015825 -0.014712 0.0036884 0.00092977 -0.013106 -0.01858 -0.0069857 -0.0052755 0.005016 -0.0045301 -0.0029902 -0.0085316 0.0033088 0.004246 -0.0094712 0.025078 -0.0014004 -0.0091326 0.00051188 0.0097023 -0.0050344 -0.00091305 -0.0064781 -0.019388 0.0057082 -0.0053346 0.027343 0.020429 0.0074475 0.019029 0.023789 -0.016746 -0.00032421 0.022973 -0.016152 0.024556 0.0005393
0.029216 0.063711 0.068555 0.064036 0.078167 0.035494 0.050394 0.063361 0.0643 0.033893 0.076684 0.068791 0.083987 0.055292 0.05944 0.054698 0.027944 0.014933 0.062884 0.030978 0.017136 0.043535 0.03026 0.054965 0.045115 0.052833 0.030328 0.047053 0.041565 0.011762 0.020884 0.05241 0.052676 0.059289 0.007647 0.022255 0.027394 0.055087 0.013476 -0.0012076 0.038506 0.026941 0.012769 0.030928 0.042045 0.047737 0.011926 0.033571 0.01017 0.041975 0.017496 0.0067662 -0.0028517 -0.013418 0.045514 0.016905 0.035401 0.027624 0.026943 0.081768 0.074634 0.03771 0.030884 0.067598 0.028137 -0.0020114 0.011658 0.03926 0.014729 0.00011832 0.049705 0.045946 0.033649 0.040735 0.037036 0.077819 0.02873 0.054756 0.04745 0.061566 0.042313 0.03046 0.077198 0.039915 0.053176 0.022125 0.029577 0.0047962 0.029263 0.038981 0.025898 0.041748 0.056573 0.073115 0.057002 0.061082 0.060903 0.057744 0.072292 0.088896 0.073977 0.056034 0.051791 0.049637 0.066931 0.076635 0.046498 0.046943 0.078864 0.050627 0.068211 0.055835 0.054088 0.068133 0.048306 0.031506 0.10648 0.047519 0.061682 0.052338 0.073114 0.024605 0.052241 0.08113 0.023216 0.051178 0.032077 0.032233 0.043109 0.069678 0.0028528 0.048363 0.055285 0.015155 0.083725 0.060464 0.017174 0.010345 0.041994 0.025168 0.044735 0.032138 0.047675 0.071236 0.059771 0.064688 0.060009 0.026606 0.032171 0.061307 0.023275 0.018529 0.066861 0.038003 0.034827 0.039698 0.022734 0.043218 0.033313 0.020112 0.0526 0.031766 0.028832 0.045934 0.045916 0.057121 0.042195 0.033322 0.027001 0.065706 0.053003 0.02969 0.036202 0.0017013 0.035789 0.0065681 0.048611 -0.0019116 -0.0065845 0.027959 0.0087371 0.028313 0.03266 0.037257 0.035716 0.045269 0.028155 0.071721 0.022574 0.068135 0.034257 0.078431 0.058945 0.093878 0.07108 0.070124 0.041347 0.053685 0.10741 0.050551 0.079271 0.033041 0.07267 0.025093 0.034325 0.030555 0.05625 0.016557 0.0181 0.031903 0.066624 0.0052724 0.014298 0.059466 0.057389 0.048397 0.0073742 0.035176 0.038964 0.040329 0.042307 0.042693 -0.0062498 0.0056733 0.013887 0.019859 0.031668 -0.0085256 0.026791 0.053294 0.033257 0.041907 0.026094 0.032013 0.057707 0.06045 0.054174 0.032944 0.04337 0.039963 0.048014 0.035314 0.00059618 0.034962 0.030884 0.040934 0.007432 -0.0026558 0.027144 0.016648 -0.0026957 0.04805 -0.010144 -0.0061322 -0.037891 0.052841 0.030275 0.011161 0.017818 0.015778 0.0076255 0.016206 0.020345 -0.030048 0.015285 0.024617 -0.015185 -0.0045541 0.046059 0.0083116 -0.0056689 0.047618 0.033261 0.013028 5.9091e-06 -0.0099799 1.3256e-05 -0.010655 -0.007062 -0.0088762 0.032308 -0.031206 0.018241 -0.013179 0.01411 0.013454 -0.0017574 -0.023635 0.023351 0.01638 0.02089 0.037391 0.038882 0.030201 0.013717 -0.02789 -0.00040219 0.0084814 -0.013253 0.0086348 0.0067265 0.013784 0.016536 0.0077984 0.0088589 -0.0049653 0.047556 -0.011906 0.027987 -0.023731 -0.0081934 -0.006819 0.020873 0.012653 0.033767 0.025196 0.026381 -0.0039174 0.033502 0.014097 0.021959 0.00479 0.05608 0.039273 -0.015678 0.0092787 0.010815 0.052791 0.018056 0.071451 0.056441 0.037265 0.037224 -0.019911 -0.015966 0.057427 0.040016 0.040513 -0.010637 -0.0078529 0.019236 0.020371 0.066563 0.013895 0.027514 0.049855 -0.0016932 0.042746 0.046749 0.022018 0.056486 0.030508 0.007159 0.026639 0.032992 0.06615 0.041477 0.084329 -0.0042791 -0.0050781 0.024356 0.059864 0.028813 0.057808 0.033233 0.029882 0.055847 0.054722 0.0085591 0.031866 0.030919 0.074526 0.050176 0.032099 0.04611 0.044199 0.056865 0.044568 0.089099 0.0045895 0.07425 0.058943 0.041486 0.028829 0.024243 0.020215 0.050016 0.043641 0.025109 0.046127 0.03192 -0.0012177 0.033372 0.054834 0.034163 0.021524 0.047145 0.065633 0.042993 0.015875 0.019874 -0.021014 0.018745 0.0094281 0.040085 0.032008 0.036653 -0.0020022 0.057572 -0.03402 0.063092 0.017428 -0.011992 0.020369 0.041187 -0.012159 -0.0069661 0.021788 0.051353 0.022813 0.047693 0.015403 -0.0064526 0.029095 0.020205 0.0015351 0.038153 0.0021447 0.011627 0.0036824 0.024731 0.0082377 0.012068 -0.024277 -0.0020815 -0.015175 -0.0077957 0.03363 0.036752 -0.023958 0.026291 -0.010458 0.008733 0.013565 0.021821 0.0095515 0.028666 0.01099 0.039539 -0.0097927 0.016137 0.026094 0.045904 0.058524 -0.010138 0.046172 0.027245 0.013046 0.053134 0.014119 0.036818 0.047293 0.018511 -0.014423 -0.0010581 -0.010372 0.007384 0.043162 0.03609 0.029697 0.023028 0.017037 0.028987 0.04392 0.052666 0.001784 0.028861 0.047667 0.04615 0.017382 0.024483 0.052733 0.036359 0.066308 0.082337 0.071444 0.082856 0.062538 0.052116 0.088653 0.024254 0.056277 0.042573 0.06726 0.090248 0.09016 0.11744 0.072992 0.041115 0.044783 0.04038 0.06755 0.056762 0.062864 0.041212 0.060142 0.050406 0.040262 0.088203 0.013506 0.053648 0.052465 0.035487 0.061172 0.055367 0.042341 0.019983 0.025188 0.00018323 7.2548e-05 0.01021 0.0099607 -0.017225 -0.010791 0.01737 0.042737 0.027857 -0.0055656 0.0065738 0.034809 0.029228 0.0078558 -0.01774 0.0075921 0.010861 0.023804 0.0053103 0.028712 0.019727 0.0026017 -0.034758 -0.0078458 -0.038961 0.006027 -0.022568 0.021496 0.0090616 0.02463 0.016389 0.038891 0.011868 0.033666 0.02855 0.044163 0.020033 0.0055281 0.012972 0.047704 0.010287 0.041561 0.020403 0.059486 0.016522 -0.0091479 0.025596 0.014132 0.034881 0.015172 -0.00033806 0.010328 0.015084 0.013647 0.030067 0.017681 -0.021392 -0.00030683 -0.010558 0.0099636 0.046507 -0.0043654 -0.022405 0.018812 0.015537 -0.011659 0.016316 0.0507 -0.002163 -0.0041118 0.018021 0.015227 0.016799 -0.0003956 -0.013833 0.0049595 -0.0030004 0.011485 -0.0023783 0.0064408 -0.0090803 0.013759 -0.012283 0.0031216 0.0070622 0.023099 -0.020329 9.8949e-05 0.013674 0.014826 0.018107 0.0056719 0.0489 0.0089426 -0.0096448 0.012635 -0.017184 0.043038 -0.036454 0.030883 0.015916 0.022164 -0.0011594 -0.0064083 0.0035924 -0.020313 0.012865 -0.012406 -0.013957 0.027994 -0.022336 0.0078094 0.014509 -0.017992 -0.018015 -0.022009 0.01222 0.0044202 0.0104 -0.0066771 0.028821 -0.012207 -0.017704 0.0077181 0.010451 -0.00018777 0.023548 0.021528 0.0093212 -0.014713 -0.0050238 0.0059057 -0.025211 0.018114 -0.013183 -0.020791 -0.022443 0.0059357 -0.035713 0.012298 -0.0049777 -0.018104 -0.029266 -0.0083845 0.00096557 0.0021061 -0.0024685 -0.0080378 -0.013554 -0.019891 -0.0012598 -0.017754 0.025553 0.0034082 -0.0085172 -0.0083605 0.013375 0.00077811 0.013705 -0.014977 -0.023742 0.014079 -0.0089497 0.047204 0.022565 -0.0006861 0.016306 0.029381 -0.029587 -0.015232 0.027353 -0.0078251 0.027085 -0.0030164
0.010039 -0.0013697 0.014137 0.0016097 -0.0061152 -0.0031693 -0.026242 0.015113 0.031221 0.0037207 -0.0091003 0.017275 0.020799 -0.0065505 0.0038681 -0.0018087 0.029951 0.014109 0.010356 0.019413 0.0072012 0.030624 -0.0020495 0.027549 0.0088032 0.010179 0.015601 0.017312 0.019881 0.022101 0.026359 -0.0059754 0.028646 0.015261 0.017789 0.0038864 0.036939 -0.022144 0.0039082 0.0017567 0.0058025 0.026119 0.02368 0.0024916 -0.0033632 -0.0032982 0.0061153 0.024499 -0.003907 0.0061221 0.0015412 0.024326 0.033112 -0.012722 -0.0047935 0.018716 -0.010364 0.01651 0.021591 -0.0032589 -0.021804 -0.0017614 0.0071952 0.0089825 0.0063175 0.0044803 0.021469 0.0064273 0.010289 0.034344 0.035218 0.031106 0.0027181 0.016286 0.0085335 0.0066591 0.0034087 -0.0063189 -0.0096722 0.016369 0.0030491 0.0041092 0.0027296 0.0072585 0.024036 0.012446 0.021544 0.040933 0.054171 0.057783 0.063043 0.060316 0.048133 0.052716 0.040921 0.027458 0.032067 0.03181 0.029414 0.044933 0.0085863 0.026779 0.015594 0.02459 0.022296 0.0061866 0.035741 0.013945 0.037252 0.021391 0.03296 0.047199 0.028219 0.04618 0.052685 0.049116 0.044875 0.022143 0.071801 0.069032 0.02458 0.028819 0.029711 0.030328 0.019324 0.022078 0.0090262 0.027872 0.0084067 0.03897 0.022255 0.038033 0.014481 0.015304 0.03698 0.05013 0.014668 0.032804 0.0162 0.036067 0.033649 0.036558 0.012341 0.025471 0.038846 0.034505 0.015208 0.041577 0.032769 0.050267 0.04044 0.037872 0.015087 0.031983 0.03112 0.013139 -0.0067063 0.036067 0.01052 0.026112 0.023132 0.021052 0.017633 0.02935 0.049981 0.08059 0.064835 0.062275 0.031206 0.054752 0.064864 0.035493 0.031501 0.035075 0.011154 0.013312 0.0036531 0.01653 -0.002583 -0.0017432 -0.0047122 0.015819 0.014356 0.013618 0.0058883 0.022906 0.0057769 0.0068632 0.04967 0.084492 0.017434 0.040189 0.067979 0.10595 0.081938 0.062975 0.090078 0.11373 0.14181 0.10798 0.097764 0.085717 0.10661 0.04887 0.042199 0.037689 0.0301 0.03352 0.021335 0.0093283 0.018496 0.022555 0.00049746 0.0055976 -0.0059079 0.0019516 -0.0023971 0.018132 0.00049914 0.016434 0.00068035 -0.0075414 -0.0018105 0.033114 0.043013 0.088378 0.10916 0.14872 0.09645 0.096413 0.10006 0.061783 0.035987 0.061233 0.036548 0.051576 0.028716 0.027587 0.036295 0.034858 0.040169 0.029803 0.030498 0.03113 0.02091 0.029736 0.022166 0.0017398 0.023041 0.0069547 0.01576 -0.01275 -0.0031823 0.012305 0.014828 0.0051925 0.013967 0.013442 0.0050535 0.0059966 0.004082 0.0088998 -0.00029854 0.013448 0.033769 -0.0029133 0.022009 0.00029781 0.026406 0.0056291 -0.0031089 0.018981 0.012216 -0.001201 0.011191 0.024606 0.0066848 -0.0025929 0.020904 0.031707 0.011355 0.020419 0.026123 0.030908 0.041957 0.028165 0.046741 0.035334 0.014282 0.040855 0.015259 -0.003914 -0.03525 -0.0023188 -0.0012786 0.0050841 0.0082348 -0.012856 0.0093123 0.0058439 0.029703 0.0070145 0.037232 0.0039372 0.012807 0.001047 0.011274 0.0090582 0.02754 0.016023 0.020112 0.015272 0.033048 0.021491 0.0080636 0.063687 0.0016385 0.005024 0.018344 0.016607 0.02126 0.024658 0.015703 0.0042341 0.0011699 0.015455 0.027091 0.045338 0.036787 0.038966 0.052056 0.060292 0.037087 0.0578 0.037117 0.044968 0.044891 0.036177 0.029683 0.025512 0.032972 0.032356 0.017129 0.059057 0.042106 0.02325 0.023503 0.054443 0.042115 0.028432 0.017374 -0.0020144 0.024849 0.034749 0.014444 0.030998 0.019984 0.029794 0.033666 0.034168 0.025193 0.043471 0.034161 0.011646 0.031825 0.067029 0.073657 0.055776 0.050876 0.057646 0.052193 0.04242 0.051952 0.044389 0.059463 0.074151 0.068482 0.067008 0.051186 0.075716 0.071587 0.11481 0.14101 0.12028 0.11047 0.12101 0.10496 0.09128 0.042052 0.075605 0.095603 0.061256 0.079438 0.039883 0.067476 0.043551 0.039933 0.0325 0.0072776 0.054641 0.041645 0.063015 0.050398 0.060978 0.036021 0.031973 0.033922 0.052908 0.030043 0.045006 0.033598 0.039836 0.01815 0.029816 0.04451 0.01522 0.043927 0.046804 0.033289 0.031082 0.026004 0.035152 0.049363 0.034978 0.017242 0.013639 0.026863 0.026329 0.047424 0.01325 0.03245 0.024488 0.0085474 0.031421 0.015171 0.034075 0.035342 0.046973 0.033174 0.038496 0.038132 0.028567 0.038335 0.017084 0.030769 0.018538 0.043904 -0.0019546 0.010101 0.0231 0.010724 0.018919 0.012687 0.036972 0.01803 0.024759 0.014841 0.020069 0.040325 0.031288 0.03335 0.0058694 0.027656 0.040039 0.005116 0.049564 0.016623 0.044026 0.030121 0.029001 0.03364 0.030253 0.048788 0.041191 0.023894 0.048938 0.041995 0.038249 0.018332 0.032876 0.040222 0.03952 0.070176 0.061513 0.055321 0.063334 0.10173 0.093146 0.070822 0.12736 0.10067 0.099591 0.075626 0.065627 0.068649 0.066396 0.042307 0.063318 0.052231 0.027218 0.040252 0.022653 0.03673 0.052615 0.018249 0.04732 0.042918 0.023477 0.051486 0.011432 0.035501 0.028952 0.02332 0.022749 0.040428 0.014272 0.032746 0.046399 0.035383 0.010685 0.014243 0.026386 0.01067 -0.0066955 0.028459 0.020864 0.02275 0.010711 0.014576 0.011921 -0.0013254 0.015585 0.034335 0.022493 0.021429 -0.00098896 0.010699 0.024593 0.033478 0.042808 0.0093671 0.0019094 0.0099014 0.0055158 0.036842 0.03299 0.037103 0.052264 0.059616 0.066299 0.063542 0.068834 0.079923 0.068633 0.058886 0.060634 0.030816 0.042035 0.056863 0.05412 0.046211 0.048535 0.039483 0.042922 0.044597 0.032648 0.026357 0.042128 0.040201 0.040274 0.023242 0.069843 0.012211 0.03873 0.046574 0.041829 0.0074256 0.014411 0.019707 0.0093297 0.0061773 0.015859 0.021306 0.03654 0.022161 0.016065 0.036987 0.032319 0.021483 0.044946 0.027516 0.02925 0.018258 0.0019222 0.020626 0.0075486 0.0045568 -0.0024485 0.022589 0.017067 0.03477 0.014067 0.0090799 -0.003037 0.013043 0.0019251 0.0074443 0.0041531 0.025906 0.011644 0.01992 0.017472 0.023118 0.023844 0.025285 -0.001271 0.015548 0.031715 0.0086185 -0.0014976 0.016998 0.015694 0.022832 0.01051 0.019353 0.017686 0.01771 0.0006108 -0.0067129 -0.011195 0.02629 0.015369 0.019436 0.020042 0.018149 0.013503 0.034127 0.0072596 0.028314 0.028747 -0.0073097 -0.011336 0.0050669 0.022482 0.011572 -0.017948 0.011703 0.026115 0.015326 0.0046352 0.006743 0.031316 0.022832 0.01955 0.010184 0.011028 0.0074054 0.016386 0.021876 0.0045397 0.010328 -0.0033933 0.010401 0.019854 0.0024521 0.020812 0.016744 0.0086776 0.01253 0.0044074 -0.0090821 0.020674 -0.012541 0.021411 0.0094932 0.011538 0.0091787 -0.012651 0.022159 0.018094 0.018325 0.017671 0.025913 0.0029242 0.0035376 0.00036414 0.033434 0.012314 0.025789 -0.012891 0.018886 0.025522
0.014195 0.0022767 0.016222 -0.0061985 0.0020665 0.00046203 -0.0085259 0.012413 0.025719 0.0062201 -0.0043681 0.01252 0.026894 -0.0011405 -0.001945 0.0044249 0.017743 0.013441 0.01234 0.018105 0.01363 0.025275 0.0050696 0.023903 0.0033236 0.0081854 0.022774 0.0061461 0.02548 0.018707 0.018141 -0.00087196 0.026736 0.020233 0.024579 0.013554 0.02461 -0.0051494 0.0072558 -0.0029321 0.016073 0.024129 0.016096 0.015779 -0.0015414 -0.00029324 0.0033437 0.02622 0.0011869 0.016177 0.0014189 0.020126 0.020239 -0.011884 0.0052138 0.014629 -0.0078452 0.015554 0.01996 0.0053751 -0.015351 0.0023549 0.015535 0.009868 0.0073436 0.00045216 0.024621 0.013363 0.012281 0.023396 0.034863 0.036544 0.017949 0.018528 0.013509 0.0034401 0.0086224 -0.0048724 -0.0051432 0.020539 0.014025 0.0098628 0.0086127 0.0027911 0.018771 0.020918 0.034437 0.042835 0.06902 0.063129 0.061976 0.062152 0.068591 0.053217 0.044243 0.028825 0.034901 0.03863 0.032115 0.051641 0.018333 0.024802 0.016957 0.021289 0.034964 0.0048656 0.022753 0.018962 0.034048 0.017641 0.033456 0.048509 0.040217 0.053476 0.058424 0.057445 0.049249 0.031124 0.076097 0.06765 0.028359 0.033069 0.034942 0.034419 0.021824 0.020609 0.015305 0.028091 0.015959 0.041473 0.026025 0.03493 0.020249 0.018155 0.037149 0.055982 0.021966 0.034182 0.02002 0.033836 0.028282 0.038173 0.024504 0.030345 0.037351 0.038121 0.026691 0.038541 0.040656 0.051224 0.048518 0.040022 0.028043 0.042131 0.038738 0.010353 0.0046257 0.034024 0.013647 0.024089 0.016611 0.020484 0.018596 0.031342 0.050541 0.078841 0.070415 0.066682 0.046528 0.06373 0.075506 0.048622 0.030038 0.039342 0.01641 0.008565 0.0088829 0.01465 0.0050287 0.0012734 -0.0025991 0.016254 0.018448 0.017197 0.0047356 0.012383 0.0044936 0.0085011 0.048617 0.079091 0.02439 0.057114 0.06972 0.096377 0.081514 0.056122 0.083614 0.12304 0.1521 0.13088 0.099839 0.091606 0.10715 0.052173 0.035476 0.037249 0.025054 0.02676 0.027235 0.0069275 0.018515 0.022465 0.00722 0.0055605 -0.0014195 0.0032471 0.00014771 0.014979 -0.0021808 0.01934 -0.009553 -0.0073732 -0.0038314 0.037262 0.044279 0.096977 0.12093 0.14894 0.11431 0.098909 0.10466 0.061713 0.043942 0.070326 0.034783 0.05004 0.02708 0.03366 0.032682 0.031452 0.040001 0.032455 0.036648 0.034443 0.0084764 0.029936 0.022248 0.0029865 0.024998 0.0056836 0.017673 -0.001292 -0.0001481 0.019186 0.016298 -0.004025 0.015371 0.0098583 0.00047568 0.0076971 0.003238 0.0085066 0.0073705 0.014049 0.028184 -0.0037046 0.019359 0.0073809 0.0201 0.009214 -0.001948 0.011337 0.0011435 0.0025304 0.012366 0.018754 0.0075132 -0.0021524 0.017635 0.025036 0.0062706 0.012723 0.023541 0.025761 0.039305 0.026065 0.040748 0.034805 0.013059 0.041197 0.019477 0.010824 -0.016394 0.002994 0.0033614 0.0056188 0.0036795 -0.010792 0.012256 0.011096 0.020453 0.012514 0.034113 0.0092188 0.011148 0.0012089 0.0070252 0.011382 0.022929 0.016561 0.021104 0.014864 0.031258 0.021968 0.0077976 0.053816 0.015115 0.014456 0.015783 0.021531 0.021296 0.023595 0.020296 0.0076727 0.0047481 0.014656 0.023278 0.039781 0.02633 0.043789 0.056325 0.051627 0.052669 0.051412 0.0483 0.039508 0.042864 0.033482 0.02784 0.034525 0.03807 0.037005 0.017752 0.059777 0.035665 0.025438 0.022674 0.052231 0.038292 0.034313 0.017185 0.0081164 0.028671 0.039227 0.0053516 0.033871 0.023173 0.026775 0.034149 0.028692 0.022886 0.040005 0.041968 0.020301 0.037575 0.062251 0.072136 0.059666 0.054978 0.065215 0.058979 0.043092 0.057266 0.049395 0.056753 0.065073 0.067256 0.064461 0.046152 0.07081 0.065643 0.1116 0.13633 0.12552 0.11166 0.12855 0.10129 0.083671 0.033817 0.066506 0.076534 0.05934 0.059481 0.044293 0.05732 0.041615 0.037304 0.024934 0.017264 0.044658 0.041845 0.061909 0.041886 0.050097 0.035031 0.038958 0.026842 0.041492 0.022434 0.033705 0.033764 0.032632 0.019248 0.024 0.044886 0.017636 0.034455 0.047183 0.03105 0.039517 0.02908 0.023777 0.041131 0.033032 0.019234 0.010004 0.021518 0.01777 0.042335 0.013104 0.015561 0.019346 0.0046735 0.023751 0.022158 0.026787 0.026289 0.038021 0.025283 0.032057 0.032288 0.018106 0.035732 0.017618 0.024066 0.019458 0.029164 -0.006755 0.0044861 0.013131 0.011911 0.017495 0.010336 0.034428 0.0095726 0.016728 0.011641 0.016972 0.026721 0.028794 0.026312 0.010351 0.02301 0.027379 0.0067097 0.039018 0.02316 0.043006 0.028127 0.033361 0.033142 0.031448 0.04025 0.042613 0.027024 0.050897 0.041057 0.040024 0.02161 0.037894 0.043464 0.038039 0.058995 0.054875 0.054636 0.071337 0.10759 0.099634 0.070297 0.1292 0.11466 0.10218 0.083578 0.072476 0.067809 0.066579 0.051645 0.060032 0.052416 0.032928 0.04934 0.024272 0.039972 0.041015 0.02184 0.04932 0.041267 0.03217 0.047043 0.021145 0.032934 0.030057 0.022889 0.017141 0.037176 0.023488 0.025592 0.044186 0.043963 0.012697 0.0169 0.027153 0.019699 -0.0010855 0.02339 0.016867 0.021913 0.011148 0.017583 0.016788 0.0039326 0.017545 0.027293 0.021682 0.019561 -0.0049563 0.0069693 0.026947 0.024251 0.04198 0.015375 0.001563 0.0037089 0.0048092 0.035512 0.033248 0.041138 0.050856 0.05393 0.064492 0.062197 0.065493 0.074026 0.065446 0.048977 0.05711 0.038741 0.046348 0.053572 0.048077 0.041937 0.044344 0.036619 0.039425 0.047042 0.031619 0.039917 0.028615 0.033304 0.041958 0.022643 0.059476 0.013794 0.034032 0.039285 0.038709 0.0025329 0.0088306 0.020448 0.011102 0.012761 0.018902 0.01786 0.035914 0.019145 0.014031 0.033527 0.020386 0.025269 0.03913 0.027913 0.016119 0.017083 0.008483 0.012251 0.012206 0.0016955 0.0017523 0.025778 0.013791 0.02769 0.013237 0.009928 0.013334 0.011575 0.010331 0.010442 0.004709 0.020615 0.013058 0.015452 0.028104 0.019011 0.027312 0.016508 0.0067361 0.0014886 0.02553 0.010528 -0.0020981 0.020544 0.013065 0.016263 0.014356 0.016593 0.0071966 0.015377 0.0030004 -0.0017265 -0.0058151 0.022928 0.014606 0.026356 0.022876 0.018201 0.0062002 0.032625 0.0061881 0.023228 0.021494 -0.0034597 -0.0032082 0.013214 0.022017 0.01343 -0.0020161 0.0088782 0.016079 0.012186 0.010777 0.012838 0.024849 0.014423 0.011827 0.0092577 0.010274 0.0022631 0.024233 0.01489 0.0029682 0.00053838 -0.0016649 0.009325 0.014198 0.010157 0.023783 0.0096731 0.0097816 0.0057142 -0.00016083 -0.0069122 0.025972 -0.011492 0.013441 0.0070822 0.00752 0.0098838 -0.011536 0.021692 0.01958 0.018534 0.017329 0.025803 -0.00090836 0.0089301 -0.0027472 0.028527 0.010961 0.011247 -0.010954 0.018935 0.021825
0.015666 0.0062358 0.017181 -0.0088469 0.0091864 -0.00042973 0.0038884 0.010983 0.016426 0.010135 -0.0017282 0.0022912 0.027928 0.0061112 -0.0058329 0.01052 0.0062349 0.014909 0.013174 0.019506 0.016739 0.019173 0.01139 0.020141 -0.00085869 0.0060124 0.027501 -0.00072547 0.026317 0.01709 0.010943 0.0063596 0.022718 0.021625 0.026133 0.019518 0.013651 0.0074852 0.0070032 -0.004286 0.022553 0.021367 0.010043 0.021749 0.0023683 0.0044347 -0.00023339 0.024069 0.008779 0.024638 0.0015928 0.016174 0.012473 -0.0025459 0.013887 0.011464 -0.0019028 0.013303 0.016883 0.013161 -0.004568 0.0061724 0.019909 0.012695 0.010662 -0.0015672 0.024702 0.022909 0.016737 0.016437 0.032822 0.038096 0.02885 0.021414 0.01986 0.0014695 0.014045 0.004049 0.0010826 0.023063 0.021421 0.010492 0.01445 0.0030333 0.020101 0.029374 0.041597 0.045415 0.07783 0.066365 0.064351 0.070297 0.081765 0.053034 0.047423 0.031071 0.040082 0.041863 0.036104 0.052846 0.030855 0.029255 0.018935 0.016453 0.044172 0.0035753 0.015513 0.023795 0.028914 0.017249 0.037769 0.048374 0.049048 0.063599 0.062111 0.065863 0.051836 0.040721 0.075193 0.064136 0.032544 0.037979 0.037086 0.035943 0.025364 0.022648 0.017102 0.02634 0.018268 0.042542 0.035508 0.027287 0.028453 0.02483 0.035925 0.058763 0.028899 0.033778 0.027157 0.03253 0.02428 0.037327 0.033351 0.035219 0.033103 0.04208 0.036296 0.036677 0.045464 0.047107 0.052274 0.040976 0.040409 0.049815 0.043888 0.013366 0.012651 0.029041 0.016076 0.022624 0.0184 0.021944 0.023057 0.037916 0.050469 0.072272 0.070341 0.06671 0.058927 0.067795 0.078129 0.057485 0.031856 0.040093 0.019746 0.0048039 0.015533 0.011697 0.0061996 0.006167 0.0004046 0.014044 0.021727 0.02184 0.0075212 0.0038521 0.0058934 0.013238 0.046638 0.069629 0.036118 0.071216 0.072286 0.089237 0.081366 0.059699 0.083399 0.13007 0.1531 0.14276 0.10005 0.091788 0.10151 0.055897 0.03292 0.037632 0.023256 0.020293 0.032524 0.0056832 0.018464 0.019955 0.012158 0.0068814 0.0019021 0.003293 0.0037869 0.0085314 -0.0039935 0.020772 -0.0097942 -0.0045328 -0.0042066 0.041365 0.052064 0.099205 0.12521 0.13909 0.12174 0.095182 0.10271 0.060629 0.049751 0.072174 0.038127 0.051575 0.030176 0.035876 0.026999 0.030504 0.041825 0.031486 0.035993 0.040455 0.0025122 0.031536 0.021539 0.0017915 0.024399 0.0056224 0.01955 0.010305 0.0010194 0.021806 0.012918 -0.0077136 0.015431 0.0094559 -0.0016718 0.010042 0.0043739 0.0075812 0.0085185 0.014851 0.02154 0.0019455 0.018287 0.010274 0.011283 0.00747 0.0045428 0.0057779 -0.0039646 0.0096738 0.013654 0.015601 0.0075038 -0.0011049 0.018962 0.018995 0.0038268 0.0082744 0.02296 0.024747 0.039382 0.023647 0.033808 0.032008 0.01211 0.038652 0.019586 0.022912 -0.0022128 0.0069346 0.0084911 0.006735 0.00035658 -0.0072303 0.013376 0.017165 0.015755 0.013187 0.028191 0.013806 0.010934 0.0010903 0.0024023 0.014571 0.020016 0.020491 0.022499 0.010647 0.024934 0.0249 0.0080463 0.043624 0.021616 0.024714 0.018281 0.024327 0.017772 0.023148 0.022157 0.013026 0.012183 0.01654 0.023126 0.031361 0.019702 0.045515 0.055648 0.048185 0.059846 0.045481 0.057114 0.038514 0.041383 0.03071 0.027409 0.042101 0.040695 0.039176 0.018107 0.051532 0.033273 0.028029 0.023781 0.047611 0.033099 0.039403 0.022066 0.016807 0.03041 0.040348 0.0045597 0.036956 0.025238 0.021587 0.031447 0.025079 0.021825 0.037835 0.046505 0.03052 0.042194 0.057097 0.069512 0.061716 0.056225 0.067249 0.063008 0.046639 0.060098 0.054418 0.057935 0.059568 0.067266 0.062418 0.043304 0.065246 0.063064 0.10421 0.13385 0.12216 0.11097 0.12414 0.092097 0.07736 0.028716 0.056566 0.055659 0.056255 0.043504 0.049753 0.045793 0.040848 0.037311 0.022976 0.024281 0.031155 0.040084 0.056857 0.034379 0.038099 0.033496 0.040432 0.021768 0.030032 0.017973 0.023201 0.032186 0.027085 0.017583 0.021781 0.042724 0.020779 0.026918 0.045722 0.027369 0.042544 0.030892 0.014317 0.031066 0.03333 0.019098 0.009213 0.019471 0.011693 0.035236 0.019683 0.007653 0.016419 0.0027519 0.022449 0.024282 0.021278 0.018775 0.028866 0.021964 0.02552 0.026101 0.014237 0.036484 0.017392 0.019853 0.017982 0.016197 -0.0049254 0.00070774 0.0055198 0.01402 0.017737 0.0087309 0.026446 0.0065931 0.012594 0.011291 0.01665 0.01756 0.028901 0.023423 0.015188 0.021251 0.019882 0.012155 0.026176 0.028631 0.040662 0.027721 0.038745 0.037006 0.031649 0.031866 0.039687 0.027037 0.050692 0.036142 0.040828 0.026243 0.043434 0.047897 0.037648 0.054244 0.052316 0.060383 0.077417 0.11132 0.10652 0.076275 0.13081 0.12347 0.10515 0.091039 0.078908 0.069636 0.070921 0.055543 0.059624 0.055777 0.042733 0.053915 0.031386 0.044919 0.032397 0.027231 0.050536 0.037716 0.038179 0.041394 0.030841 0.032465 0.03049 0.023298 0.012989 0.034591 0.02643 0.021875 0.038715 0.046067 0.015302 0.015271 0.026028 0.024308 0.0042811 0.019457 0.013439 0.021188 0.010809 0.022791 0.018425 0.0084342 0.020614 0.022231 0.018106 0.016966 -0.0076298 0.0078054 0.025298 0.01317 0.03777 0.022146 0.0046487 0.0047057 0.0098747 0.035756 0.03386 0.045149 0.048815 0.051212 0.060761 0.061241 0.062887 0.068525 0.058955 0.040724 0.054082 0.046825 0.04563 0.050359 0.044421 0.042287 0.038712 0.03464 0.03428 0.047473 0.033253 0.046473 0.018938 0.028876 0.040683 0.020644 0.046048 0.013216 0.031198 0.031739 0.035234 -0.0010727 0.0051383 0.021638 0.011683 0.021756 0.023679 0.014839 0.030779 0.01481 0.013121 0.026007 0.01055 0.025913 0.028191 0.026167 0.0070328 0.017748 0.013522 0.012057 0.013797 0.0023211 0.0018824 0.024577 0.0094883 0.020026 0.014342 0.011865 0.024685 0.0085251 0.013957 0.011068 0.0047334 0.012508 0.016505 0.01024 0.029706 0.015164 0.030404 0.010822 0.011218 -0.0051483 0.021226 0.010982 -0.0014719 0.020552 0.010519 0.010198 0.0169 0.014603 -0.0014426 0.011623 0.0029242 0.0017424 0.002643 0.016224 0.014289 0.031089 0.021514 0.016162 0.0010325 0.032262 0.0085855 0.014891 0.015408 0.00064752 0.00057759 0.014962 0.020863 0.013766 0.0071314 0.010737 0.0077635 0.0096264 0.01266 0.014879 0.018825 0.0071518 0.0042351 0.0097624 0.011296 -0.00038428 0.025387 0.0084335 0.0049353 -0.0026916 0.0016147 0.010997 0.013194 0.015196 0.021324 0.0060218 0.0070721 0.0009568 -0.0041344 -0.001758 0.029678 -0.010989 0.0098001 0.0074648 0.0040424 0.0086401 -0.0085342 0.018896 0.019382 0.018911 0.013109 0.023698 -0.0021779 0.010188 -0.0062893 0.024113 0.0049567 -0.0018779 -0.005148 0.021314 0.015168
0.013391 0.009333 0.015119 -0.0055975 0.013072 -0.0025731 0.0096312 0.010766 0.0062419 0.012904 -0.0020762 -0.0078061 0.022829 0.013863 -0.0078017 0.016004 -0.0012551 0.018219 0.012644 0.02381 0.016696 0.013677 0.015323 0.018637 -0.0031474 0.0047294 0.030355 -0.0040303 0.023214 0.018282 0.0063265 0.013331 0.019564 0.019697 0.023579 0.023131 0.0078628 0.014079 0.0066479 -0.00035051 0.025489 0.019426 0.0059978 0.020732 0.0076912 0.0089482 -0.00071777 0.020676 0.01563 0.027745 0.0022704 0.012796 0.0099471 0.013276 0.020685 0.01243 0.0070918 0.013505 0.015703 0.019622 0.0085244 0.0096758 0.022674 0.014793 0.015771 -0.00011346 0.022569 0.03281 0.022488 0.016068 0.028964 0.036367 0.034186 0.026158 0.026923 0.0016001 0.01637 0.016042 0.0091241 0.025121 0.024158 0.011181 0.018859 0.0097982 0.0253 0.036294 0.046426 0.048347 0.080171 0.067163 0.069384 0.081115 0.086312 0.051105 0.050063 0.0336 0.046152 0.043761 0.040698 0.049583 0.043351 0.037456 0.02228 0.013868 0.051292 0.0059631 0.018081 0.028865 0.024527 0.021884 0.045131 0.048428 0.054087 0.074218 0.063325 0.07237 0.055478 0.051176 0.071017 0.060113 0.035853 0.04341 0.036067 0.035219 0.029893 0.02858 0.017032 0.025543 0.017792 0.042889 0.045602 0.019791 0.036393 0.031535 0.034522 0.059855 0.037202 0.034004 0.037079 0.033823 0.025737 0.035658 0.039647 0.039913 0.028601 0.046581 0.043392 0.035672 0.049142 0.04065 0.052724 0.041603 0.048814 0.053278 0.045654 0.021188 0.019221 0.025127 0.018601 0.023131 0.026711 0.02467 0.031183 0.045097 0.050783 0.063754 0.066832 0.062516 0.066749 0.066482 0.074315 0.061538 0.033986 0.03826 0.020401 0.0035322 0.021494 0.011969 0.0041017 0.01133 0.0043457 0.013686 0.022865 0.027086 0.014298 -0.0020534 0.01131 0.020003 0.046406 0.059734 0.049049 0.081309 0.075066 0.085216 0.084741 0.072983 0.088655 0.13226 0.14566 0.14295 0.096316 0.087972 0.091302 0.059729 0.035537 0.039937 0.026931 0.018088 0.033729 0.0084249 0.018716 0.016741 0.016216 0.0084876 0.0041762 0.0034913 0.0082186 0.0023733 -0.0043779 0.020854 -0.0051625 0.0015871 -0.00055164 0.044504 0.063243 0.098528 0.12135 0.122 0.11589 0.087043 0.095956 0.058142 0.054928 0.068247 0.0436 0.054874 0.035631 0.035958 0.023785 0.031151 0.045165 0.028238 0.030201 0.04494 0.0033812 0.033855 0.020901 0.00079945 0.021199 0.0073987 0.021349 0.018516 0.0023609 0.020273 0.0068582 -0.0048719 0.014743 0.010928 0.00010058 0.01178 0.007263 0.0064909 0.0062658 0.015189 0.014911 0.011337 0.019487 0.0096595 0.0041511 0.0032386 0.012174 0.0036038 -0.0050532 0.017612 0.014503 0.01534 0.0072258 0.0012822 0.022856 0.014138 0.0039468 0.0072299 0.022976 0.026027 0.038853 0.020131 0.027569 0.027078 0.01235 0.033317 0.015236 0.029467 0.0058598 0.010003 0.013688 0.0086799 -0.00142 -0.0027595 0.0119 0.022058 0.015072 0.01161 0.021834 0.017503 0.011549 0.0019881 -0.0016003 0.016948 0.018419 0.023589 0.024256 0.0084081 0.01778 0.028966 0.0090695 0.032944 0.022021 0.032363 0.023799 0.024113 0.014538 0.02256 0.019843 0.019132 0.021491 0.020518 0.025542 0.024533 0.01733 0.044557 0.0519 0.048574 0.05885 0.042548 0.062711 0.041235 0.040975 0.02819 0.029227 0.045976 0.041145 0.040025 0.020083 0.039577 0.035411 0.030189 0.026053 0.042337 0.030856 0.042004 0.029907 0.022591 0.030167 0.038934 0.01092 0.038595 0.025462 0.016151 0.026493 0.024443 0.021391 0.039304 0.048474 0.040253 0.04603 0.052831 0.066653 0.061144 0.055666 0.064052 0.063709 0.053317 0.059631 0.059607 0.061042 0.058524 0.068776 0.060976 0.044756 0.061078 0.064297 0.093673 0.13025 0.11345 0.1076 0.1113 0.079977 0.073618 0.028516 0.046419 0.038555 0.051322 0.03501 0.054489 0.037006 0.04164 0.03767 0.025013 0.02971 0.019046 0.03687 0.049584 0.028984 0.029511 0.031693 0.037127 0.020565 0.019397 0.016222 0.014943 0.028843 0.023344 0.015989 0.02193 0.039391 0.023812 0.022269 0.04236 0.022097 0.041955 0.030332 0.0095757 0.021089 0.0336 0.017639 0.0097215 0.020675 0.010353 0.0288 0.029482 0.0087481 0.015373 0.0019932 0.024278 0.023577 0.016539 0.013815 0.023956 0.024083 0.020431 0.019823 0.016264 0.03683 0.016407 0.016394 0.016049 0.0088833 0.0020094 -6.7997e-05 0.001438 0.014695 0.019203 0.0072662 0.017618 0.008008 0.010609 0.012536 0.017327 0.013562 0.03155 0.023333 0.019571 0.023681 0.015871 0.020114 0.016457 0.033079 0.037624 0.029709 0.042578 0.044339 0.032819 0.025136 0.033664 0.024943 0.049281 0.029112 0.042519 0.031192 0.048649 0.052575 0.03994 0.056501 0.054785 0.07304 0.083261 0.11349 0.11502 0.088178 0.13064 0.1249 0.10872 0.098172 0.084545 0.073286 0.079132 0.056844 0.062904 0.059948 0.054086 0.053836 0.039144 0.048119 0.029141 0.03519 0.051181 0.033993 0.040925 0.035252 0.038182 0.031795 0.031618 0.025775 0.011847 0.032247 0.023702 0.021626 0.031755 0.042546 0.017664 0.01133 0.02263 0.023711 0.0095447 0.018356 0.011025 0.019101 0.0098376 0.026642 0.017484 0.011326 0.02223 0.019786 0.013284 0.013462 -0.010539 0.012486 0.021683 0.0042323 0.031962 0.02657 0.0093637 0.012355 0.017298 0.036383 0.034054 0.048268 0.047674 0.049678 0.056985 0.060789 0.06069 0.063743 0.052956 0.035366 0.051122 0.052314 0.041192 0.047987 0.043233 0.045355 0.03334 0.035195 0.028668 0.045949 0.03582 0.047017 0.014949 0.026571 0.037288 0.018679 0.03404 0.012237 0.03093 0.024426 0.030846 -0.001134 0.0044194 0.023541 0.010764 0.028001 0.028659 0.012414 0.022346 0.010796 0.011864 0.016822 0.0053807 0.023828 0.017356 0.023431 0.003107 0.018162 0.017151 0.016214 0.011069 0.0071251 0.00097128 0.019807 0.0074154 0.013942 0.014174 0.01334 0.029771 0.0051086 0.01324 0.0095444 0.0041657 0.004285 0.020892 0.0073499 0.024565 0.013083 0.033281 0.0084378 0.010835 -0.0031145 0.018785 0.0098897 -0.00086837 0.017687 0.0096514 0.0047469 0.017671 0.011582 -0.0062741 0.0084887 0.0019814 0.0020521 0.012313 0.0072004 0.014742 0.031376 0.019519 0.011803 -0.003375 0.031095 0.014963 0.0058851 0.010667 0.0051555 0.00048862 0.011435 0.018072 0.011674 0.010213 0.015045 0.0008166 0.007868 0.010709 0.012758 0.013309 0.0031144 -0.0012999 0.010189 0.01474 -0.00030161 0.019678 0.0047233 0.0084156 0.00033542 0.0062941 0.013113 0.014297 0.016357 0.01434 0.0027747 0.0033872 -0.00037331 -0.005723 0.0046124 0.030145 -0.010594 0.01098 0.0087027 0.0008118 0.0045076 -0.0038288 0.014989 0.017744 0.01903 0.0071111 0.020893 -0.0010204 0.0091614 -0.0084942 0.019514 -0.00046446 -0.01009 -2.1174e-05 0.023937 0.0093753
0.0076056 0.011043 0.010924 0.0017377 0.01363 -0.0034564 0.0099303 0.011133 -0.0014882 0.012973 -0.0037462 -0.011966 0.013459 0.020373 -0.0082273 0.020001 -0.0036194 0.022006 0.011371 0.029492 0.01461 0.0097893 0.016445 0.020714 -0.0032291 0.0055715 0.031203 -0.0044384 0.018487 0.021831 0.0060401 0.018471 0.020344 0.016803 0.018539 0.02528 0.008042 0.015779 0.0083093 0.0080703 0.026737 0.020367 0.0039803 0.015138 0.013486 0.012575 0.0048808 0.018521 0.020596 0.024479 0.0031117 0.0105 0.010231 0.030175 0.026049 0.018198 0.018319 0.018049 0.017491 0.02519 0.021955 0.013716 0.025969 0.015758 0.021094 0.0046809 0.020335 0.040652 0.0279 0.021337 0.024357 0.03248 0.03422 0.032143 0.033467 0.0052396 0.014177 0.026787 0.018068 0.028287 0.023033 0.015272 0.022349 0.021854 0.031223 0.040276 0.051041 0.051718 0.076174 0.065719 0.074649 0.089813 0.082681 0.047731 0.051547 0.035593 0.050374 0.046491 0.045272 0.044605 0.05352 0.045709 0.027652 0.016501 0.057648 0.014174 0.030227 0.034059 0.024681 0.030811 0.053248 0.050012 0.055897 0.082242 0.061506 0.074486 0.062069 0.061482 0.065559 0.056865 0.037423 0.048752 0.033783 0.034368 0.033823 0.037229 0.017716 0.027626 0.016895 0.0437 0.050763 0.0172 0.042115 0.035099 0.035081 0.060189 0.046654 0.036868 0.047988 0.037646 0.034241 0.035065 0.044336 0.043702 0.025513 0.050656 0.048366 0.035015 0.052655 0.035189 0.051515 0.04187 0.051232 0.052083 0.044789 0.030379 0.026003 0.024505 0.021549 0.025973 0.037794 0.027535 0.041014 0.049515 0.0517 0.055254 0.062845 0.055828 0.068784 0.061304 0.067314 0.060706 0.034772 0.033941 0.018575 0.0049923 0.025595 0.015638 0.0021051 0.01498 0.0089901 0.017542 0.021845 0.031562 0.023166 -0.0029914 0.020501 0.027122 0.049301 0.053568 0.05969 0.086701 0.078153 0.083504 0.091104 0.090331 0.096159 0.12763 0.13355 0.13244 0.088145 0.082228 0.078955 0.061763 0.041228 0.043378 0.035128 0.021021 0.029915 0.016045 0.02029 0.014261 0.019313 0.01059 0.0057922 0.0052073 0.012372 -0.00056874 -0.0023499 0.020904 0.00042761 0.011312 0.0067707 0.046686 0.072517 0.097157 0.11034 0.10132 0.097987 0.07729 0.086586 0.054008 0.058671 0.060789 0.048243 0.05747 0.039938 0.035123 0.025655 0.032375 0.048492 0.023542 0.022378 0.044725 0.0095166 0.036227 0.020604 0.0015269 0.016288 0.010751 0.021931 0.021952 0.004913 0.016301 0.00045058 0.0037132 0.013981 0.01261 0.0057808 0.011911 0.011227 0.0059751 0.0042123 0.013507 0.0097471 0.02088 0.021118 0.0072702 0.0018335 -0.00084113 0.017298 0.0059147 -0.0033456 0.024094 0.014603 0.015445 0.0070502 0.0045616 0.026687 0.010215 0.0061786 0.0081878 0.022258 0.02678 0.034801 0.015986 0.023201 0.021837 0.013776 0.027037 0.0072039 0.029426 0.0091424 0.013495 0.017218 0.010209 -0.0018666 0.0023377 0.0087642 0.024295 0.016415 0.010173 0.018234 0.019988 0.012773 0.0040899 -0.0036732 0.017404 0.017278 0.022987 0.025692 0.011011 0.013144 0.032922 0.011487 0.023022 0.017912 0.035 0.029192 0.020838 0.014347 0.021388 0.014498 0.025706 0.029405 0.024452 0.028586 0.021825 0.018096 0.04282 0.047639 0.050443 0.052177 0.042789 0.063755 0.045913 0.040604 0.025849 0.032355 0.044483 0.040409 0.040873 0.024755 0.030038 0.039786 0.03147 0.028106 0.037934 0.0335 0.042092 0.037161 0.025887 0.027991 0.035841 0.02103 0.038954 0.023927 0.013242 0.020519 0.027294 0.020833 0.045278 0.049333 0.048313 0.04895 0.050316 0.06428 0.059136 0.054132 0.057052 0.061569 0.060457 0.056265 0.064352 0.063549 0.060846 0.070721 0.059822 0.050811 0.058113 0.067989 0.082011 0.12178 0.10216 0.10009 0.094757 0.068514 0.071448 0.032697 0.037485 0.028948 0.045119 0.033862 0.057455 0.03328 0.042605 0.03742 0.029184 0.034485 0.012969 0.03295 0.04165 0.025435 0.025508 0.030364 0.031291 0.023802 0.010637 0.016981 0.0096343 0.025228 0.020667 0.016413 0.023346 0.036087 0.02545 0.020459 0.036892 0.016885 0.039873 0.027283 0.010384 0.013343 0.032343 0.015815 0.010462 0.024222 0.014159 0.024624 0.037241 0.016086 0.016718 0.0022045 0.026267 0.022718 0.012394 0.010447 0.02571 0.030184 0.016968 0.014138 0.02204 0.034022 0.015697 0.012835 0.014625 0.0097193 0.01116 0.0030821 0.00015439 0.012978 0.020846 0.0064973 0.013173 0.011102 0.010295 0.014043 0.018064 0.013969 0.035539 0.024319 0.022727 0.028954 0.014451 0.028307 0.012766 0.03678 0.034968 0.034556 0.043026 0.052909 0.035801 0.021725 0.027829 0.023358 0.047038 0.02326 0.045522 0.036239 0.051851 0.056832 0.044842 0.063412 0.061204 0.089843 0.088903 0.11346 0.12348 0.10233 0.12772 0.11856 0.11145 0.10342 0.088124 0.077074 0.08854 0.058922 0.068118 0.062252 0.06292 0.049737 0.044276 0.048073 0.031467 0.043673 0.051497 0.031545 0.040365 0.030282 0.041481 0.030642 0.034368 0.030375 0.014879 0.029189 0.017588 0.023112 0.025712 0.035483 0.019347 0.0085512 0.017244 0.018935 0.014242 0.020188 0.010066 0.014984 0.0082478 0.026156 0.015987 0.012061 0.021234 0.019099 0.0093989 0.01021 -0.012634 0.018822 0.019066 0.0008449 0.025778 0.025976 0.014364 0.022936 0.023794 0.03567 0.033242 0.049858 0.047693 0.047891 0.053759 0.05914 0.058004 0.05917 0.050569 0.033115 0.047514 0.053642 0.03643 0.046058 0.044106 0.048747 0.029367 0.038367 0.022662 0.042224 0.037675 0.04305 0.016233 0.026038 0.033196 0.017969 0.025897 0.01215 0.031466 0.018269 0.026359 0.0023885 0.0072396 0.026191 0.0085688 0.02762 0.031684 0.011291 0.011947 0.0084269 0.0094288 0.0089039 0.0063278 0.020484 0.011162 0.021299 0.0039728 0.015556 0.018209 0.020751 0.0047668 0.01443 0.00078358 0.013221 0.0092789 0.010032 0.011492 0.01285 0.029007 0.0030192 0.0099595 0.0065982 0.0029344 -0.00062732 0.023588 0.0089772 0.016402 0.012724 0.034991 0.0090528 0.0074436 0.005258 0.017218 0.0080943 -0.0008685 0.013059 0.010463 0.0011302 0.015985 0.0071797 -0.0074603 0.0071676 0.002449 -0.0013696 0.020583 -0.0014868 0.01549 0.026598 0.018866 0.0067609 -0.0077214 0.027956 0.022688 -0.0010382 0.0066429 0.0085104 -0.0016526 0.00583 0.013339 0.0078924 0.0091454 0.018788 -0.0047366 0.0065436 0.0066915 0.0068873 0.0092318 0.0030765 -0.0044367 0.0082356 0.019062 0.0019897 0.0099447 0.004005 0.010869 0.0061763 0.01053 0.013344 0.014974 0.013784 0.0059638 -0.00097306 0.0024419 0.0021168 -0.0044727 0.010572 0.026406 -0.0098215 0.015047 0.0090475 -0.0019903 -0.0016672 0.00084538 0.011043 0.014415 0.018053 0.0019044 0.018151 0.0023547 0.008209 -0.0067839 0.014378 -0.0014508 -0.01124 0.00089438 0.024847 0.0059167
0.00010878 0.011788 0.0076445 0.010298 0.013117 -0.0021093 0.0081139 0.011421 -0.0044617 0.010476 -0.0032998 -0.0071106 0.0041432 0.024658 -0.0071234 0.021797 -0.0019929 0.024617 0.010598 0.034103 0.011747 0.0081905 0.015569 0.0261 -0.001125 0.0092923 0.029946 -0.0023705 0.015203 0.025707 0.010655 0.021773 0.026092 0.016375 0.012831 0.026459 0.012268 0.016005 0.012209 0.017641 0.02862 0.024941 0.0035062 0.0088099 0.019074 0.016081 0.016069 0.019266 0.023819 0.017455 0.003696 0.0095546 0.010021 0.042195 0.031075 0.026601 0.030204 0.026349 0.021478 0.031418 0.034268 0.019176 0.030962 0.017491 0.024939 0.010941 0.019905 0.045234 0.031193 0.027814 0.021449 0.028173 0.030855 0.037464 0.038445 0.013483 0.0093503 0.034107 0.026995 0.033781 0.020966 0.022592 0.02684 0.035732 0.036095 0.040847 0.05546 0.055349 0.067476 0.062966 0.077005 0.092271 0.073793 0.044889 0.052126 0.036912 0.051022 0.05125 0.049713 0.041694 0.060832 0.051244 0.03512 0.025147 0.063824 0.027936 0.047569 0.039061 0.031942 0.041248 0.05974 0.05376 0.05591 0.085459 0.057232 0.070743 0.071942 0.069713 0.06067 0.054933 0.037761 0.053086 0.033484 0.035996 0.035248 0.046336 0.020831 0.032255 0.017321 0.046153 0.047981 0.021713 0.045311 0.034397 0.03961 0.060114 0.055405 0.042326 0.057304 0.042487 0.047794 0.036722 0.048262 0.046274 0.024857 0.053021 0.052336 0.034194 0.055552 0.033786 0.05014 0.040992 0.048495 0.047762 0.04332 0.037157 0.033274 0.027593 0.024629 0.03016 0.047614 0.029599 0.049189 0.049905 0.052764 0.047925 0.06097 0.049154 0.064903 0.055649 0.060644 0.055733 0.034236 0.027317 0.015565 0.008041 0.028172 0.01995 0.0016199 0.016689 0.013736 0.025256 0.02038 0.034229 0.031606 0.0030078 0.031477 0.033573 0.054609 0.053824 0.065847 0.088513 0.08186 0.082602 0.097779 0.10408 0.10129 0.11637 0.12251 0.11458 0.077419 0.076435 0.068022 0.060094 0.046058 0.045822 0.044032 0.02658 0.022598 0.026893 0.024172 0.01321 0.021138 0.014111 0.0082323 0.0088808 0.015066 0.0011218 0.0024995 0.023122 0.0056326 0.023814 0.014987 0.047994 0.075181 0.094983 0.095087 0.080397 0.073957 0.068714 0.076777 0.048351 0.059249 0.052406 0.050628 0.05737 0.040498 0.034097 0.032233 0.03349 0.050165 0.018284 0.015468 0.039816 0.018046 0.038435 0.020162 0.0041028 0.011206 0.014273 0.020298 0.021709 0.0081393 0.012098 -0.0046065 0.01556 0.013504 0.01319 0.013568 0.010245 0.014976 0.0066086 0.0044868 0.0084483 0.007423 0.027922 0.020178 0.0049537 0.0054445 -0.0029959 0.018239 0.01287 0.0003984 0.027823 0.013851 0.012904 0.0069321 0.0074469 0.028328 0.0069395 0.0098439 0.0087612 0.020101 0.024659 0.026768 0.012467 0.020301 0.01829 0.015908 0.022466 -0.0021863 0.024341 0.011017 0.018508 0.017859 0.0089803 -0.0015903 0.007771 0.0056228 0.023756 0.017689 0.010413 0.019099 0.020938 0.014589 0.0064641 -0.0024249 0.015673 0.016098 0.018241 0.025686 0.017332 0.012363 0.035888 0.015515 0.015977 0.012155 0.03229 0.031977 0.015607 0.017779 0.019605 0.0098218 0.032486 0.03286 0.025588 0.030146 0.023723 0.019894 0.0427 0.045262 0.051764 0.043732 0.043707 0.059316 0.050643 0.038965 0.023907 0.034264 0.037866 0.039347 0.042314 0.032023 0.026609 0.04276 0.032214 0.028265 0.035425 0.03977 0.040955 0.040944 0.028411 0.024199 0.032133 0.030972 0.039482 0.021605 0.015156 0.014889 0.032329 0.019966 0.054363 0.05058 0.054122 0.050738 0.049314 0.062922 0.057838 0.051903 0.048589 0.058113 0.064733 0.052146 0.067577 0.063888 0.064069 0.071731 0.058712 0.060277 0.054803 0.071972 0.071824 0.10712 0.090132 0.08792 0.078936 0.060792 0.069085 0.03869 0.031601 0.027207 0.038379 0.036857 0.058752 0.034256 0.041601 0.036954 0.033995 0.039233 0.014364 0.029138 0.034083 0.022727 0.024293 0.030239 0.026112 0.030092 0.0042977 0.019939 0.0066854 0.023815 0.018279 0.018726 0.025219 0.033317 0.02425 0.020246 0.029434 0.014324 0.0377 0.023206 0.015057 0.0087421 0.029812 0.014744 0.010989 0.028651 0.021101 0.022625 0.038893 0.025049 0.020445 0.0035806 0.026085 0.023196 0.0089522 0.006669 0.033411 0.037052 0.013881 0.010143 0.02788 0.027532 0.016514 0.009222 0.013657 0.018074 0.018809 0.010307 -0.0006775 0.009895 0.021881 0.0075977 0.016388 0.012945 0.012057 0.014723 0.018749 0.017337 0.038988 0.02512 0.024923 0.034416 0.014569 0.034179 0.01437 0.039451 0.034133 0.041687 0.040028 0.059784 0.040016 0.022518 0.025545 0.024882 0.043795 0.021659 0.048693 0.041477 0.051813 0.060375 0.050997 0.070922 0.069532 0.10599 0.093474 0.11065 0.12869 0.11329 0.12232 0.10637 0.11147 0.10434 0.088667 0.079425 0.096126 0.064265 0.072552 0.061321 0.065867 0.04332 0.046229 0.045561 0.037311 0.04951 0.051553 0.03084 0.037535 0.028982 0.040509 0.03001 0.038656 0.03583 0.021853 0.025105 0.012005 0.02434 0.022595 0.027768 0.020336 0.009295 0.011229 0.012406 0.017075 0.023073 0.010856 0.0095996 0.0063775 0.021257 0.016369 0.011044 0.018393 0.018004 0.0079239 0.0087081 -0.012196 0.024076 0.019561 0.003847 0.020138 0.019659 0.018241 0.030687 0.027526 0.032188 0.031732 0.049763 0.047939 0.044816 0.050828 0.054321 0.05445 0.054088 0.05253 0.033223 0.042559 0.05103 0.034524 0.043678 0.046518 0.050264 0.027601 0.042154 0.016074 0.036582 0.037558 0.036937 0.02031 0.026324 0.029465 0.018753 0.021577 0.013513 0.030067 0.013701 0.02299 0.0068884 0.012859 0.029612 0.0055936 0.020322 0.030991 0.01171 0.0010706 0.0081189 0.0061627 0.0040279 0.011814 0.017695 0.011564 0.021061 0.0078142 0.0086672 0.015631 0.022568 -0.0024533 0.020876 0.0016663 0.0070308 0.014329 0.0077975 0.0072067 0.0098113 0.024694 0.0030035 0.0067558 0.0034284 0.0014555 0.00011426 0.02223 0.015097 0.0088751 0.012627 0.034508 0.01123 0.0051686 0.01473 0.015107 0.0064768 -0.0012299 0.0081136 0.011748 0.00025128 0.011352 0.0023813 -0.0072705 0.0077127 0.0059267 -0.0071712 0.025039 -0.0070011 0.015159 0.017894 0.018994 0.0036106 -0.011572 0.023206 0.027804 -0.0040625 0.0022827 0.0089178 -0.003442 0.0019392 0.0075214 0.0044829 0.0064944 0.019722 -0.0088594 0.0053358 0.0030831 -0.0013721 0.0074611 0.0060099 -0.0062464 0.002257 0.022133 0.0048239 0.00066147 0.0045559 0.010051 0.01004 0.012289 0.010626 0.013698 0.0088325 -0.00021294 -0.0047845 0.0058234 0.0074353 -0.0016515 0.015171 0.019097 -0.0087346 0.018475 0.0080439 -0.0040303 -0.0076034 0.0032654 0.0071114 0.0097141 0.015333 4.0593e-05 0.016 0.0072705 0.0090251 0.00014207 0.0085676 0.0023552 -0.0056561 -0.0032083 0.023186 0.0040882
-0.0064753 0.012674 0.0085213 0.018456 0.014663 0.00082004 0.007817 0.011481 -0.0021849 0.0071394 0.0024549 0.0055676 -0.00027177 0.027141 -0.003744 0.021526 0.0013374 0.02486 0.011615 0.035649 0.0086598 0.0092921 0.014041 0.033094 0.0030881 0.015789 0.027121 0.0022789 0.015812 0.027258 0.018811 0.024809 0.035107 0.021124 0.007776 0.026759 0.017654 0.018776 0.017027 0.024293 0.032436 0.031624 0.0039248 0.005456 0.024378 0.021154 0.028737 0.023279 0.025643 0.011364 0.0041685 0.0098338 0.0073713 0.045907 0.036839 0.033971 0.040794 0.035933 0.02614 0.040301 0.044838 0.026281 0.037469 0.022955 0.02652 0.015957 0.021653 0.047031 0.031221 0.030236 0.022795 0.025238 0.026612 0.04044 0.041606 0.026454 0.0063352 0.038872 0.035955 0.042155 0.021653 0.030334 0.034488 0.04802 0.040238 0.038571 0.057839 0.058 0.056978 0.060197 0.07394 0.086902 0.063744 0.045264 0.052944 0.038372 0.049113 0.057896 0.054435 0.044093 0.066661 0.053657 0.044257 0.038167 0.069461 0.045092 0.064154 0.043859 0.046142 0.050002 0.063575 0.059321 0.055698 0.083576 0.05235 0.061742 0.084062 0.073958 0.057238 0.054136 0.038694 0.055406 0.037783 0.041719 0.033397 0.053834 0.026469 0.037277 0.019992 0.050907 0.037952 0.031943 0.047127 0.030682 0.048911 0.05961 0.060993 0.047697 0.06309 0.046753 0.06198 0.040307 0.051922 0.048227 0.027344 0.053247 0.056419 0.032949 0.056264 0.037761 0.049005 0.037975 0.044048 0.042928 0.043285 0.039477 0.039623 0.033599 0.027123 0.033828 0.053887 0.030796 0.052741 0.047455 0.053137 0.042425 0.06197 0.044155 0.056195 0.05316 0.056515 0.047861 0.033299 0.018984 0.01323 0.010827 0.030672 0.021777 0.001489 0.017571 0.017943 0.034612 0.021116 0.035281 0.038096 0.015906 0.041419 0.04011 0.059707 0.060281 0.067284 0.0895 0.085932 0.081746 0.10217 0.10891 0.1003 0.10091 0.11721 0.09392 0.067424 0.071205 0.06191 0.054327 0.046709 0.045169 0.049348 0.030461 0.014431 0.037542 0.030604 0.013442 0.021539 0.01992 0.013719 0.013882 0.015895 0.0070722 0.0095909 0.029549 0.011748 0.037057 0.020936 0.047696 0.069765 0.089824 0.079105 0.060906 0.051293 0.062895 0.067721 0.042052 0.055405 0.045268 0.051358 0.054276 0.037428 0.033228 0.040713 0.034466 0.049431 0.013777 0.010529 0.03327 0.026234 0.040609 0.0185 0.0072989 0.0075821 0.016019 0.016332 0.020427 0.010338 0.0090398 -0.0081876 0.027946 0.013385 0.012255 0.020906 0.0076505 0.01705 0.008383 0.0068485 -0.00026591 0.0086906 0.031825 0.014383 0.003652 0.013879 -0.002845 0.015683 0.023487 0.0056885 0.028666 0.012072 0.0063407 0.0063678 0.0084987 0.026999 0.0044186 0.014388 0.0067623 0.016675 0.018981 0.016895 0.010824 0.017083 0.016639 0.018083 0.021444 -0.009551 0.017814 0.014901 0.024987 0.016101 0.0029713 -0.001252 0.013111 0.0035915 0.021629 0.018009 0.012568 0.023042 0.020141 0.016928 0.0079342 0.0030198 0.012104 0.015038 0.011056 0.022982 0.02352 0.014368 0.037446 0.020776 0.01342 0.0079336 0.025747 0.031837 0.010235 0.023258 0.01728 0.010113 0.038796 0.030497 0.02202 0.028851 0.029512 0.020705 0.045624 0.04589 0.051858 0.037015 0.041267 0.049246 0.054444 0.035927 0.023361 0.032031 0.02794 0.038191 0.043809 0.040908 0.028421 0.041587 0.033504 0.025057 0.035184 0.046183 0.039863 0.040753 0.031968 0.019579 0.028824 0.038374 0.041846 0.01985 0.022909 0.010517 0.03647 0.01946 0.063578 0.052678 0.05764 0.051424 0.048678 0.062432 0.05866 0.048415 0.041063 0.055053 0.064658 0.050183 0.068424 0.062073 0.065583 0.070956 0.057613 0.071439 0.049577 0.074651 0.064981 0.088267 0.077788 0.072169 0.065888 0.057817 0.065107 0.04324 0.030033 0.03035 0.030892 0.040104 0.059275 0.037456 0.037113 0.037094 0.038802 0.044245 0.020508 0.025882 0.026689 0.02003 0.023079 0.031564 0.024307 0.036685 -1.4067e-05 0.024446 0.0043541 0.02672 0.016011 0.020591 0.027184 0.030681 0.019015 0.019625 0.020652 0.016388 0.035511 0.020483 0.020459 0.0062195 0.027773 0.015308 0.011443 0.03268 0.027665 0.021324 0.033658 0.031578 0.025459 0.0062831 0.022125 0.024076 0.0059867 0.00097223 0.043821 0.041409 0.0092781 0.0090197 0.029595 0.019043 0.019353 0.006358 0.01254 0.030077 0.0221 0.020757 -0.0035356 0.0077293 0.022244 0.011464 0.026793 0.011758 0.016746 0.014331 0.019554 0.022609 0.04012 0.025656 0.02764 0.037719 0.014503 0.035923 0.017726 0.039936 0.036125 0.049512 0.035129 0.062438 0.04371 0.026737 0.028346 0.030353 0.038885 0.025428 0.050238 0.046804 0.048675 0.063097 0.056759 0.075479 0.077791 0.11732 0.096252 0.10525 0.12772 0.11633 0.1156 0.090971 0.10721 0.098834 0.086115 0.079633 0.10018 0.073469 0.074457 0.057723 0.062084 0.036781 0.046771 0.042813 0.043544 0.050691 0.051318 0.031353 0.034468 0.033717 0.036264 0.03111 0.04348 0.040149 0.031325 0.021241 0.010751 0.024388 0.022822 0.021856 0.020631 0.013107 0.006497 0.006441 0.016378 0.024203 0.013552 0.0047934 0.0046754 0.014905 0.020218 0.0096445 0.015508 0.014022 0.0088321 0.0097784 -0.0083531 0.026419 0.02328 0.011204 0.015551 0.0092943 0.019552 0.030489 0.028542 0.025305 0.030316 0.04804 0.046964 0.040094 0.047878 0.045588 0.050736 0.048117 0.056706 0.0342 0.035983 0.045887 0.036394 0.039816 0.049856 0.048743 0.028717 0.043443 0.0092268 0.03012 0.0347 0.031171 0.023826 0.02579 0.026183 0.019971 0.019171 0.016138 0.024983 0.010345 0.021003 0.0085648 0.019286 0.033621 0.0022945 0.0092067 0.026411 0.013197 -0.0087706 0.0093065 0.0037706 0.0017574 0.017514 0.016493 0.017183 0.023 0.012213 -0.0013192 0.0095752 0.020501 -0.0073337 0.023186 0.0030618 0.0026993 0.0203 0.006034 0.0033293 0.005051 0.019871 0.0041807 0.0057753 0.0011098 0.00054131 0.0062764 0.016434 0.023487 0.0040036 0.01102 0.0317 0.012636 0.0079565 0.01981 0.01181 0.0055366 -0.0011264 0.0039056 0.011988 0.0015248 0.0039869 -0.0011255 -0.0087108 0.0090708 0.012497 -0.012671 0.024438 -0.0081704 0.012019 0.0073387 0.017245 0.0038042 -0.013723 0.018091 0.027548 -0.0028987 -0.0030678 0.0057311 -0.003034 0.0020407 0.0022178 0.0034725 0.0045617 0.017456 -0.01178 0.0042313 0.0020147 -0.010005 0.0079667 0.0096272 -0.0083667 -0.0077263 0.022654 0.0056887 -0.0045032 0.003717 0.004986 0.0084597 0.01087 0.0058872 0.010427 0.0033788 -0.0023681 -0.0080674 0.011457 0.013541 0.00050998 0.018386 0.010416 -0.0079959 0.01814 0.0067587 -0.0051051 -0.010848 0.002009 0.0020944 0.0050199 0.010784 0.0032968 0.014816 0.012532 0.011885 0.011512 0.0016984 0.0078636 0.0040387 -0.010319 0.019488 0.0022327
-0.0096672 0.014827 0.015186 0.027123 0.020317 0.0039176 0.011198 0.01196 0.0048428 0.0054527 0.014924 0.021502 0.0040401 0.029077 0.0033674 0.020432 0.0042299 0.022016 0.015581 0.033547 0.0047047 0.013306 0.012723 0.039223 0.0096717 0.024238 0.023888 0.010345 0.021389 0.024576 0.027566 0.030034 0.044001 0.032051 0.0038542 0.025827 0.022018 0.027166 0.021098 0.025023 0.03761 0.036675 0.0048095 0.0076481 0.029615 0.029585 0.036987 0.029959 0.025643 0.010487 0.0054957 0.011025 0.0026593 0.041082 0.043549 0.037019 0.04796 0.043698 0.030258 0.053108 0.053451 0.034335 0.043841 0.034739 0.025979 0.017116 0.024195 0.046885 0.027796 0.025597 0.029621 0.025092 0.023457 0.040916 0.043461 0.043224 0.0097699 0.043618 0.045909 0.053481 0.028021 0.035659 0.046687 0.057073 0.045277 0.034146 0.055317 0.056796 0.047726 0.058297 0.063977 0.074582 0.055727 0.050726 0.055271 0.041268 0.048285 0.065224 0.059789 0.053497 0.073005 0.054613 0.054497 0.052428 0.07358 0.062886 0.075026 0.048911 0.06469 0.054868 0.065249 0.065306 0.056298 0.077585 0.049122 0.050045 0.096563 0.072681 0.054631 0.054184 0.042496 0.054422 0.046807 0.051755 0.028945 0.058567 0.033183 0.040144 0.025323 0.057929 0.023504 0.044187 0.049009 0.02633 0.062184 0.058359 0.061027 0.04846 0.06471 0.049925 0.072226 0.044002 0.05529 0.050889 0.033711 0.05218 0.061031 0.031406 0.05275 0.045803 0.046982 0.032101 0.042219 0.039647 0.045685 0.037378 0.0423 0.041245 0.028165 0.035003 0.056505 0.032129 0.050132 0.044558 0.051861 0.039757 0.06395 0.040679 0.044206 0.055771 0.055301 0.038411 0.032494 0.0096261 0.013439 0.011728 0.034773 0.019615 -0.00068364 0.019024 0.021218 0.043048 0.026385 0.036086 0.042539 0.033524 0.047436 0.049206 0.06102 0.069936 0.064902 0.092573 0.088813 0.081969 0.1027 0.10366 0.091412 0.084426 0.11872 0.074403 0.061059 0.065096 0.062509 0.045604 0.042037 0.040247 0.048707 0.028785 0.0075364 0.043928 0.038869 0.014139 0.020368 0.02824 0.024215 0.019295 0.015494 0.015713 0.017762 0.04125 0.021356 0.048202 0.022984 0.043634 0.058192 0.078695 0.064635 0.042501 0.035239 0.059914 0.05909 0.037028 0.046679 0.040692 0.052151 0.049411 0.033714 0.032538 0.047398 0.035819 0.046703 0.011701 0.0065616 0.029017 0.032378 0.042837 0.014469 0.0089687 0.0067583 0.014317 0.010611 0.020845 0.0093701 0.0070562 -0.011994 0.039297 0.013791 0.010109 0.025818 0.0058117 0.016316 0.010672 0.0093913 -0.011938 0.013724 0.033225 0.0031351 0.0030038 0.024655 -0.0011929 0.011658 0.036209 0.012314 0.026988 0.008759 -0.0035164 0.0046808 0.0066094 0.022958 0.0031165 0.019506 0.0010467 0.012789 0.01054 0.008104 0.011935 0.011593 0.01429 0.019644 0.024027 -0.011086 0.014224 0.022397 0.031272 0.014134 -0.0083824 -0.0012095 0.017821 0.0026988 0.01937 0.017846 0.015663 0.025969 0.017418 0.019412 0.0081583 0.012615 0.0071459 0.014628 0.0035869 0.016345 0.02556 0.016784 0.037366 0.026605 0.015554 0.0075048 0.017251 0.030607 0.0066665 0.028224 0.014122 0.018166 0.043518 0.0228 0.01333 0.024351 0.03859 0.019114 0.051277 0.048917 0.051318 0.033959 0.031405 0.033643 0.057707 0.032787 0.026053 0.023383 0.016278 0.036541 0.043876 0.050129 0.0309 0.035626 0.036606 0.017368 0.037373 0.049081 0.038764 0.038387 0.037397 0.015242 0.026696 0.042924 0.047052 0.019728 0.036489 0.0073745 0.035641 0.020455 0.069719 0.054386 0.059348 0.051206 0.047095 0.061446 0.061073 0.042079 0.036348 0.053146 0.061274 0.052558 0.066474 0.058871 0.063452 0.068109 0.056349 0.082637 0.041591 0.075514 0.061673 0.068696 0.064197 0.055184 0.054512 0.058269 0.058564 0.043546 0.032852 0.033683 0.021058 0.041289 0.059516 0.039863 0.028911 0.037962 0.043728 0.049124 0.026158 0.022856 0.017639 0.017166 0.020381 0.03391 0.027117 0.0407 -0.0034315 0.029463 0.0004211 0.034807 0.014399 0.018393 0.028937 0.027216 0.0087437 0.016361 0.011708 0.023505 0.032214 0.021297 0.023596 0.0032372 0.028411 0.017807 0.012191 0.035524 0.030341 0.018775 0.023409 0.033947 0.029742 0.010069 0.013014 0.022151 0.0026134 -0.0065333 0.052959 0.041193 0.0015595 0.011698 0.023407 0.011144 0.02365 0.0058294 0.010858 0.040051 0.020232 0.032627 -0.0093976 0.0087313 0.022198 0.018077 0.040524 0.0071492 0.025379 0.013827 0.020381 0.02968 0.037671 0.027036 0.032889 0.037229 0.011937 0.032622 0.018527 0.036253 0.040679 0.055925 0.030293 0.058964 0.044351 0.031862 0.035655 0.038324 0.031196 0.033615 0.048671 0.051514 0.043607 0.064381 0.061039 0.075079 0.084183 0.12173 0.096751 0.097947 0.11885 0.1085 0.10866 0.073091 0.097203 0.085678 0.080745 0.077851 0.099992 0.085303 0.073889 0.053077 0.052873 0.031959 0.048305 0.042152 0.047514 0.047387 0.050831 0.032202 0.033454 0.045845 0.029815 0.034346 0.04742 0.041232 0.041615 0.020613 0.015709 0.023638 0.024904 0.018855 0.019616 0.017031 0.0047669 0.0018942 0.010633 0.021363 0.018468 0.0025564 0.0033691 0.011177 0.027846 0.009648 0.013758 0.0053961 0.010976 0.013195 -0.0013232 0.025404 0.028698 0.019473 0.012049 -0.0020372 0.016864 0.019479 0.027764 0.014831 0.029211 0.044094 0.0436 0.034089 0.045076 0.033675 0.048252 0.041226 0.059107 0.033931 0.028178 0.03947 0.040369 0.03314 0.05294 0.044032 0.033723 0.039546 0.0031724 0.024218 0.02843 0.027459 0.023609 0.022478 0.022434 0.019708 0.016352 0.019423 0.016544 0.007403 0.019032 0.0045872 0.02375 0.037289 -0.00098361 -0.0016662 0.019802 0.015168 -0.01608 0.010924 0.0051268 -6.5158e-05 0.018387 0.01642 0.024546 0.026244 0.014939 -0.011554 0.0014791 0.015209 -0.0072886 0.019296 0.0044147 0.0001081 0.025066 0.0030078 0.0015292 0.00050373 0.016768 0.00445 0.0076971 0.00017483 0.0009706 0.015149 0.008162 0.031003 0.0019298 0.0069055 0.027447 0.010782 0.017709 0.016716 0.0084836 0.0056032 0.00030814 0.0004719 0.010005 0.0030569 -0.004976 -0.001646 -0.013826 0.0093724 0.020939 -0.015236 0.018689 -0.0060533 0.0046712 -0.0032286 0.010122 0.006232 -0.012993 0.013306 0.02146 0.0017337 -0.0090497 -0.0001908 0.00027034 0.0059499 -0.00096249 0.0057957 0.0048712 0.013219 -0.013818 0.0034069 0.0047766 -0.016796 0.00972 0.011379 -0.012171 -0.020188 0.02028 0.001742 -0.0041518 -0.00082249 -0.004041 0.00051574 0.0073787 0.0016203 0.0060347 -0.00092682 -0.0012363 -0.010853 0.014336 0.018044 -1.3455e-05 0.02078 0.0032681 -0.0082816 0.012685 0.0070934 -0.0050284 -0.0096861 -0.0029123 -0.0054972 0.0023938 0.0048865 0.012496 0.014784 0.016525 0.015806 0.025221 -0.0073604 0.010635 0.014226 -0.017028 0.015147 -0.00065404
-0.0074766 0.018542 0.026524 0.039593 0.029752 0.005896 0.018117 0.014503 0.016545 0.0079251 0.03297 0.033814 0.019546 0.031118 0.015931 0.021011 0.0050143 0.015334 0.02409 0.02901 -0.0021245 0.019855 0.011531 0.041283 0.019282 0.033104 0.021816 0.023136 0.031659 0.017863 0.032858 0.040005 0.04884 0.048382 0.0009709 0.02286 0.023845 0.04266 0.023691 0.018417 0.041322 0.033967 0.0059388 0.016966 0.03451 0.042571 0.034386 0.038303 0.022067 0.017202 0.0093301 0.012893 -0.0019651 0.029438 0.049553 0.033838 0.048641 0.04629 0.033324 0.06888 0.059301 0.041473 0.046351 0.054209 0.023447 0.011952 0.024776 0.043461 0.02142 0.015306 0.040601 0.02918 0.022535 0.040902 0.044958 0.06146 0.022008 0.049927 0.057552 0.067107 0.041606 0.037929 0.063484 0.062747 0.052748 0.027207 0.044589 0.046878 0.042246 0.056997 0.046108 0.05752 0.050935 0.06094 0.059841 0.046559 0.053523 0.071119 0.064984 0.069583 0.080822 0.056506 0.064994 0.063835 0.075016 0.078194 0.076437 0.05472 0.083163 0.054643 0.065742 0.06889 0.05788 0.068201 0.049257 0.040108 0.10659 0.064044 0.050662 0.055484 0.050962 0.048034 0.05676 0.065284 0.023125 0.05974 0.038074 0.038734 0.033649 0.066147 0.0075164 0.053846 0.051699 0.023285 0.076624 0.055152 0.052858 0.039256 0.062157 0.052522 0.07505 0.044696 0.057503 0.055852 0.044442 0.051632 0.065404 0.030159 0.043162 0.05307 0.041356 0.023253 0.04679 0.038353 0.050199 0.031953 0.037322 0.048583 0.026956 0.031966 0.056192 0.035442 0.040828 0.043125 0.047929 0.042362 0.061966 0.037068 0.030253 0.062287 0.055953 0.029157 0.031228 -0.00050319 0.018246 0.0097638 0.042036 0.014026 -0.006546 0.021074 0.023317 0.048298 0.037174 0.038675 0.045221 0.051932 0.046107 0.063895 0.054734 0.077251 0.0593 0.099305 0.086818 0.086337 0.0977 0.089839 0.074591 0.069651 0.12328 0.059396 0.059517 0.054071 0.06933 0.035695 0.033182 0.030809 0.042747 0.019251 0.002702 0.041323 0.047145 0.013557 0.01717 0.037956 0.040343 0.024658 0.015272 0.024694 0.025696 0.057796 0.036528 0.053476 0.0216 0.031776 0.044278 0.059199 0.051939 0.023667 0.027325 0.058956 0.049189 0.036445 0.032961 0.03912 0.054457 0.044343 0.0343 0.031484 0.0484 0.038127 0.043261 0.013635 0.0019512 0.029686 0.035256 0.044534 0.0074471 0.0064819 0.0097207 0.0083206 0.0041585 0.025169 0.0028572 0.0047837 -0.019443 0.049108 0.015372 0.0070831 0.027473 0.0071433 0.012125 0.012315 0.0097301 -0.025448 0.022353 0.032166 -0.01228 0.0016496 0.034428 0.00041402 0.0084935 0.049245 0.020393 0.022712 0.0029866 -0.014597 0.0015364 0.0010049 0.016462 0.003401 0.02476 -0.0082356 0.0096026 0.00061819 0.0021943 0.016502 0.0030071 0.0056957 0.020201 0.02839 -0.002601 0.018219 0.032342 0.033626 0.01557 -0.023737 -0.0014987 0.02123 0.0022239 0.017587 0.01811 0.017611 0.022622 0.012427 0.021023 0.008333 0.024946 0.0010718 0.015196 -0.003467 0.0048134 0.021111 0.017198 0.035146 0.032254 0.021139 0.011753 0.0076979 0.031158 0.0070912 0.030097 0.0093004 0.034126 0.045113 0.011365 0.00043435 0.016812 0.050794 0.01388 0.057463 0.05205 0.051074 0.035234 0.010864 0.012309 0.061976 0.031178 0.034376 0.0070449 0.0027007 0.033715 0.040362 0.05796 0.027977 0.02636 0.042027 0.0046466 0.042816 0.046291 0.03563 0.036842 0.0441 0.0124 0.026494 0.045099 0.055093 0.021601 0.055064 0.0042054 0.025116 0.023865 0.069937 0.052508 0.060464 0.05012 0.043652 0.056873 0.062007 0.030081 0.036039 0.051183 0.057201 0.059719 0.061259 0.054429 0.056392 0.062828 0.053967 0.091379 0.030616 0.074227 0.059843 0.051172 0.047954 0.040429 0.041262 0.059148 0.04849 0.036871 0.038639 0.032008 0.0061599 0.040366 0.058171 0.038813 0.017938 0.038483 0.049091 0.05205 0.025599 0.018736 0.0032972 0.014202 0.017449 0.035963 0.033848 0.039934 -0.0072586 0.033336 -0.0072491 0.047473 0.014534 0.0082155 0.029061 0.022129 -0.0076081 0.0079192 0.0042863 0.034296 0.02595 0.027041 0.022282 -0.0031342 0.03332 0.021615 0.013408 0.036462 0.026261 0.013087 0.010639 0.032728 0.03035 0.013821 -0.0027726 0.012875 -0.0028476 -0.013512 0.057247 0.035661 -0.010137 0.018482 0.0061149 0.0061632 0.0279 0.010444 0.0090216 0.041548 0.014708 0.04236 -0.016537 0.014277 0.021344 0.026122 0.051219 -0.00047694 0.038777 0.015452 0.020768 0.038842 0.03084 0.031239 0.0422 0.031042 0.0042659 0.023505 0.012932 0.02573 0.045508 0.058457 0.026922 0.047173 0.038409 0.033593 0.045683 0.045411 0.019321 0.044134 0.043111 0.053973 0.037833 0.062078 0.063479 0.068357 0.085861 0.11813 0.093501 0.089024 0.10141 0.087238 0.10168 0.049793 0.079464 0.064593 0.071823 0.074533 0.093824 0.096802 0.072228 0.048552 0.039974 0.030058 0.052498 0.045241 0.047764 0.041586 0.050198 0.03271 0.036301 0.064791 0.021294 0.038491 0.04872 0.036651 0.051197 0.02793 0.025802 0.023053 0.025646 0.018433 0.015355 0.016729 0.0072503 -0.0021675 -0.0011913 0.014021 0.026432 0.0043049 0.0025283 0.013337 0.038683 0.012729 0.012436 -0.0081593 0.01308 0.017664 0.0081198 0.021089 0.033591 0.025109 0.0094073 -0.010638 0.0086352 -0.0029463 0.025428 0.00044753 0.026851 0.035545 0.037721 0.02785 0.042958 0.020221 0.048144 0.033401 0.054962 0.029329 0.020433 0.03213 0.042892 0.021491 0.052997 0.036231 0.044435 0.029494 -0.00044119 0.019813 0.017578 0.02654 0.016606 0.014622 0.01641 0.016013 0.011505 0.022588 0.0074063 0.0041998 0.014276 -0.0053019 0.022735 0.037972 -0.0036765 -0.0093689 0.015023 0.017772 -0.019204 0.011825 0.014132 -0.004035 0.010639 0.015307 0.029596 0.028695 0.013737 -0.018543 -0.0064158 0.0082267 -0.00065833 0.0081495 0.0059568 -0.0024287 0.027228 -0.0039277 0.0024014 -0.0013539 0.015983 0.0011058 0.011585 0.00061698 0.0032229 0.022115 0.001559 0.034689 0.001838 0.00043739 0.022984 0.0036372 0.033676 0.0031874 0.008693 0.007305 0.0033161 -0.003386 0.0049649 0.0028921 -0.013236 0.00239 -0.022736 0.0059887 0.029077 -0.013306 0.0083886 -0.0032674 -0.0073646 -0.012406 -0.0055633 0.0066466 -0.0090081 0.0077065 0.010902 0.0088769 -0.013865 -0.0066943 0.0060953 0.011378 -0.00067554 0.011222 0.00844 0.0091227 -0.014833 0.0029537 0.011945 -0.018994 0.011201 0.0090159 -0.018754 -0.032446 0.014647 -0.0098881 0.00098031 -0.0099844 -0.016156 -0.0126 0.0045881 0.001072 0.0011958 -0.0027766 0.00049231 -0.013644 0.0077866 0.018549 -0.0043582 0.022809 0.00064701 -0.0093877 0.0026172 0.010921 -0.0032684 -0.0028319 -0.0097388 -0.016258 0.0037919 -0.001206 0.027628 0.01563 0.017014 0.018826 0.038546 -0.020516 0.00704 0.020862 -0.019617 0.012085 -0.0038678
0.0011347 0.021603 0.036435 0.060054 0.038643 0.0058654 0.025527 0.02204 0.033627 0.016264 0.050916 0.032987 0.045626 0.031103 0.034301 0.027339 0.0020382 0.0042558 0.040075 0.025706 -0.015126 0.02623 0.0099815 0.034607 0.031931 0.039236 0.022702 0.040647 0.044484 0.011821 0.029804 0.055653 0.045709 0.066509 -0.00090021 0.016894 0.020571 0.063734 0.026262 0.0051544 0.03774 0.014458 0.0065819 0.033621 0.037366 0.059354 0.01479 0.046775 0.011732 0.030378 0.017453 0.015166 -0.0039504 0.014233 0.049731 0.024694 0.037691 0.039269 0.035555 0.081321 0.060013 0.043935 0.037582 0.079845 0.017775 -0.0017953 0.019483 0.030001 0.013069 0.0081268 0.049126 0.039887 0.024252 0.044989 0.047345 0.075561 0.039236 0.055121 0.069007 0.079229 0.061626 0.040312 0.082075 0.064574 0.062558 0.01556 0.022848 0.022409 0.0422 0.053853 0.019785 0.039235 0.047983 0.070959 0.066152 0.053326 0.06851 0.071857 0.066367 0.087702 0.088033 0.060685 0.07318 0.066878 0.072969 0.085905 0.064848 0.060343 0.094383 0.048313 0.064475 0.064605 0.059077 0.054427 0.052497 0.039258 0.10883 0.045241 0.041757 0.059584 0.063957 0.033462 0.057343 0.079796 0.016448 0.055718 0.036538 0.031385 0.044902 0.071704 -0.0075518 0.055375 0.054663 0.021807 0.085703 0.04638 0.033285 0.015534 0.054665 0.054728 0.068602 0.037876 0.055876 0.06398 0.057548 0.053619 0.066705 0.030393 0.027674 0.048963 0.028011 0.012568 0.059549 0.037115 0.054846 0.02459 0.019705 0.05125 0.023379 0.023716 0.052369 0.04269 0.024643 0.04265 0.040425 0.054355 0.047734 0.031386 0.015701 0.066436 0.056203 0.023617 0.028002 -0.012038 0.030296 0.0046501 0.054047 0.0076215 -0.014654 0.020734 0.023615 0.047876 0.051114 0.045024 0.044857 0.065102 0.032466 0.084919 0.037918 0.072925 0.049813 0.10808 0.073111 0.09876 0.083119 0.070025 0.051783 0.058966 0.11988 0.053246 0.060446 0.030922 0.077464 0.026341 0.023834 0.017698 0.036173 0.0022979 -0.00077282 0.023975 0.051521 0.0078332 0.011331 0.04446 0.059173 0.029697 0.01711 0.030151 0.031752 0.07549 0.056179 0.047641 0.019205 0.0065051 0.032315 0.032018 0.03956 0.0031009 0.025216 0.05883 0.035566 0.044186 0.014745 0.039032 0.058058 0.039215 0.044206 0.028134 0.039555 0.041081 0.040882 0.019361 -0.0029076 0.034786 0.032522 0.043106 -0.0015997 -0.0023898 0.016534 -0.00089377 -0.00058532 0.034616 -0.011617 -0.00014704 -0.035527 0.056178 0.019278 0.0027693 0.026449 0.015094 0.0046971 0.011601 0.0059685 -0.039227 0.033174 0.026138 -0.027606 -0.0019042 0.038213 -0.00016187 0.0086586 0.059689 0.030159 0.01486 -0.0061485 -0.02418 -0.0020308 -0.0086595 0.0070245 0.0044302 0.028618 -0.01887 0.008405 -0.0095577 -0.0012625 0.02509 -0.0069976 -0.017254 0.020464 0.030679 0.019607 0.034297 0.039314 0.025311 0.025627 -0.039081 -0.0024696 0.022303 0.0014942 0.015298 0.018768 0.014976 0.0093502 0.0047851 0.019741 0.011653 0.035797 -0.005841 0.015762 -0.01269 -0.010744 0.010993 0.014083 0.029626 0.036485 0.027578 0.019711 -0.0032837 0.03558 0.014738 0.026504 0.0018312 0.053726 0.041744 -0.0012328 -0.013954 0.006138 0.06409 0.0033724 0.059625 0.051021 0.05092 0.040815 -0.021167 -0.014442 0.069165 0.030511 0.049728 -0.01614 -0.014671 0.029415 0.030759 0.06088 0.014583 0.017976 0.047402 -0.011171 0.05374 0.038944 0.026349 0.039121 0.049445 0.012081 0.029054 0.043958 0.06417 0.024474 0.074905 -0.0018913 0.00031259 0.02954 0.061605 0.04191 0.06327 0.047881 0.038102 0.043459 0.054956 0.0087337 0.041664 0.044552 0.055036 0.068946 0.051462 0.047313 0.043936 0.053885 0.048243 0.091623 0.016878 0.068341 0.0536 0.036175 0.028981 0.033642 0.021672 0.056026 0.034 0.019092 0.043246 0.02005 -0.016342 0.039534 0.050541 0.031901 0.0063521 0.036816 0.054159 0.048663 0.014475 0.011307 -0.021396 0.010191 0.019292 0.034541 0.040379 0.033711 -0.011976 0.033173 -0.01997 0.061727 0.017926 -0.012458 0.023035 0.016098 -0.030249 -0.0087166 0.00083842 0.044546 0.014434 0.037752 0.015251 -0.014467 0.042036 0.024147 0.014859 0.03399 0.013502 0.0022867 -0.0029731 0.029658 0.022935 0.0144 -0.025328 -0.0076991 -0.012983 -0.01453 0.053995 0.025476 -0.025414 0.02773 -0.023516 0.0056612 0.029185 0.024175 0.00883 0.028406 0.0098032 0.042066 -0.018837 0.023975 0.017321 0.031962 0.050176 -0.010072 0.055955 0.022218 0.02025 0.048423 0.019632 0.040732 0.054578 0.016188 -0.010451 0.0077204 -0.0020131 0.0059839 0.045117 0.053989 0.025509 0.024109 0.02093 0.02528 0.055934 0.046608 0.0024398 0.0539 0.033708 0.051379 0.031744 0.051631 0.064359 0.053117 0.07671 0.10428 0.08204 0.077383 0.076577 0.049134 0.093727 0.014933 0.051542 0.037389 0.05625 0.069734 0.076518 0.1018 0.070811 0.043351 0.024268 0.031689 0.059504 0.052514 0.044558 0.036476 0.049161 0.032332 0.043376 0.084897 0.0096147 0.0395 0.04456 0.0229 0.057771 0.04832 0.035189 0.023183 0.02001 0.018801 0.004042 0.0073936 0.014 -0.0079015 -0.01829 0.0048099 0.038623 0.0098594 0.0026791 0.022019 0.051569 0.019598 0.008169 -0.023672 0.014998 0.020361 0.018558 0.012578 0.035303 0.024714 0.0076229 -0.012052 -0.0061484 -0.033741 0.019789 -0.017696 0.018411 0.017379 0.031738 0.023229 0.041516 0.0075342 0.049859 0.024453 0.039751 0.016085 0.015502 0.023748 0.039129 0.0019757 0.044386 0.02504 0.062801 0.016318 0.00032669 0.016615 0.00050225 0.028423 -0.00021881 0.0020509 0.0055408 0.0084919 0.0044454 0.0244 0.0029233 0.00046787 0.0036482 -0.016694 0.01219 0.029948 -0.0045171 -0.012875 0.017678 0.022576 -0.016748 0.010993 0.034611 -0.011494 -0.0056356 0.009204 0.028392 0.026292 0.0054216 -0.018685 -0.011298 0.0011302 0.012953 -0.01048 0.009388 -0.0074727 0.025384 -0.019021 0.0051588 0.0015731 0.015899 -0.0086775 0.014788 0.0018271 0.0073703 0.020299 0.0037142 0.03264 0.0029041 -0.0068248 0.018499 -0.009214 0.051049 -0.021821 0.018436 0.01153 0.0063217 -0.01029 -0.0035339 0.001274 -0.016674 0.012697 -0.032801 -0.0044009 0.033088 -0.0075047 -0.0045693 -0.0029315 -0.022256 -0.017925 -0.030351 -0.0027997 -0.0034021 -0.0027002 -0.0014372 0.017089 -0.013525 -0.010121 0.012878 0.014536 0.0041224 0.018543 0.016315 0.0079799 -0.013513 0.0024393 0.022704 -0.012336 0.011249 0.0013656 -0.029517 -0.039977 0.0044827 -0.030721 0.0082997 -0.021012 -0.03005 -0.027718 0.0069353 0.0072684 -0.0047876 -0.00083867 -0.0010311 -0.016279 -0.015015 0.013039 -0.011977 0.024003 0.0050493 -0.0090087 -0.0094384 0.018912 0.0010845 0.011431 -0.013623 -0.02758 0.0095723 -0.0047603 0.046634 0.015504 0.010749 0.017482 0.047706 -0.038935 -0.0034398 0.018861 -0.014209 0.013303 -0.0045037
0.0087706 0.007977 0.013652 0.014786 -0.0034613 0.0023476 -0.027631 0.023759 0.027743 0.010217 -0.0085677 0.013792 0.017472 -0.0038001 0.011295 -0.0034311 0.019713 0.016999 0.010909 0.018994 0.010946 0.033768 0.0041328 0.022576 0.014711 0.0027944 0.0066033 0.02055 0.02639 0.032735 0.023844 -0.0021001 0.021289 0.01147 0.023558 -0.0059292 0.037976 -0.020274 0.0057873 0.00050656 0.00026925 0.023931 0.01175 0.010112 -0.013486 -0.0029722 0.0061118 0.018887 0.004519 0.010107 -0.0017448 0.016152 0.037355 -0.0087094 -0.0030517 0.0034607 -0.010621 0.0099582 0.016935 -0.00034177 -0.015836 0.0075162 0.01077 0.016671 0.0060809 -0.0024658 0.03193 -0.001073 0.012336 0.038845 0.032865 0.035398 0.005233 0.010044 0.0034521 0.01086 0.0037867 0.0030734 -0.0029662 0.014618 -0.0023166 0.0038182 0.011367 0.0090135 0.020032 0.019358 0.026143 0.039559 0.051652 0.061932 0.061164 0.051071 0.049212 0.062061 0.034829 0.015218 0.038211 0.038824 0.035243 0.042597 0.0077043 0.026548 0.019337 0.032327 0.028743 0.0020117 0.038479 0.0163 0.030629 0.029648 0.020481 0.041183 0.03247 0.053814 0.061835 0.041809 0.054828 0.029018 0.068321 0.065663 0.02643 0.02813 0.03457 0.040902 0.018642 0.013575 0.023761 0.020416 0.0089749 0.028617 0.018857 0.040106 0.016248 0.019467 0.04117 0.054203 0.0049388 0.020392 0.024114 0.04277 0.025799 0.045445 0.0079336 0.033219 0.025916 0.029646 0.018572 0.049967 0.033668 0.048575 0.034061 0.037576 0.024158 0.029929 0.043074 0.01311 0.0023082 0.039995 0.010659 0.018139 0.027402 0.018985 0.027013 0.034904 0.047369 0.090389 0.071156 0.063449 0.037912 0.05912 0.061209 0.034297 0.031358 0.031487 0.011413 0.01176 0.001823 0.013341 -0.0073949 0.0020221 0.0034264 0.014339 0.0084579 0.016307 0.0016017 0.031427 0.0005207 0.0081148 0.059063 0.08618 0.023937 0.032296 0.07639 0.10367 0.079106 0.062383 0.092792 0.10748 0.13329 0.10915 0.084036 0.084866 0.093537 0.051287 0.037968 0.042481 0.039783 0.039228 0.021739 0.0093994 0.013442 0.020017 0.0014367 0.0090765 0.0022881 0.0072244 -0.0030644 0.014376 -0.0097063 0.016413 0.00050499 0.0016009 -0.0023604 0.034691 0.046168 0.087572 0.1115 0.1462 0.096442 0.096384 0.096962 0.06452 0.046013 0.06311 0.039311 0.04693 0.042049 0.022392 0.033964 0.033957 0.042718 0.027641 0.04016 0.019264 0.025142 0.018848 0.016792 0.0040087 0.024981 0.0066665 0.010265 -0.00012464 0.0051968 0.0093637 0.020253 -0.0038581 0.011434 0.0078275 0.018381 0.0079197 0.0051611 0.0061267 -0.0016169 0.016993 0.029077 -0.0032326 0.033988 -0.0080305 0.018164 0.0042459 -0.0071811 0.021965 0.0062995 -0.00044685 0.014824 0.020446 0.010997 0.0075072 0.023693 0.026673 0.0074493 0.026549 0.034363 0.042094 0.044269 0.023521 0.043324 0.029323 0.010796 0.034703 0.021828 -0.00034096 -0.029871 -0.0083967 0.0038549 0.0004115 0.006586 -0.015338 0.011019 0.014498 0.030523 0.0028527 0.036722 0.0064762 0.015867 0.0021023 0.01665 0.0164 0.01306 0.022181 0.0095063 0.025052 0.041149 0.013287 0.014513 0.061425 0.0053842 -0.00048238 0.0090021 0.013476 0.029207 0.021486 0.01861 0.0035157 -0.00035228 0.013531 0.022091 0.046255 0.045308 0.044598 0.049488 0.065268 0.039737 0.05758 0.04231 0.047064 0.031653 0.029759 0.032918 0.044324 0.02433 0.036082 0.015627 0.061827 0.041829 0.032207 0.024233 0.049278 0.046526 0.021546 0.021791 0.0028373 0.023337 0.026337 0.01423 0.03474 0.034833 0.02121 0.035321 0.036129 0.022915 0.039674 0.027986 0.016949 0.029071 0.070336 0.079777 0.056566 0.050105 0.061371 0.05497 0.04338 0.049997 0.042564 0.068682 0.069645 0.061745 0.064696 0.059545 0.079417 0.085647 0.11023 0.14935 0.13092 0.1146 0.12463 0.10563 0.083698 0.046499 0.06831 0.091332 0.07238 0.075966 0.039771 0.066336 0.051041 0.034614 0.032265 0.014754 0.062391 0.041785 0.059582 0.058884 0.067198 0.033099 0.029367 0.03256 0.051783 0.021088 0.041982 0.035185 0.042086 0.029796 0.030125 0.044885 0.022998 0.042415 0.047069 0.031228 0.036413 0.031124 0.044766 0.044498 0.039822 0.018697 0.021929 0.029952 0.021948 0.034126 0.019955 0.031769 0.023278 0.011242 0.032303 0.018248 0.033317 0.037063 0.050798 0.035283 0.047407 0.038469 0.025187 0.036393 0.015327 0.024226 0.026398 0.048773 0.0004878 0.005702 0.021788 0.0063396 0.018633 0.010946 0.043271 0.010063 0.020099 0.0068987 0.020118 0.042165 0.032625 0.028389 0.001473 0.019697 0.038871 -0.0053879 0.040396 0.019617 0.03043 0.022583 0.023518 0.029858 0.022888 0.039401 0.038793 0.02487 0.038158 0.039361 0.025121 0.019538 0.029322 0.034636 0.035141 0.068311 0.059449 0.065529 0.051277 0.099825 0.093918 0.050496 0.11086 0.086102 0.091007 0.067645 0.045062 0.067879 0.064977 0.041469 0.057497 0.048666 0.027577 0.04021 0.021096 0.036637 0.044306 0.019498 0.052652 0.04763 0.031987 0.048073 0.022366 0.033581 0.034817 0.020194 0.026096 0.040096 0.017222 0.03338 0.046527 0.038842 0.0043807 0.004843 0.027823 0.015958 -0.0011288 0.035204 0.020208 0.022931 0.016963 0.012371 0.017263 0.00024816 -0.00065678 0.039956 0.019443 0.021843 -0.0020102 0.0061966 0.028245 0.038302 0.042265 0.018039 -0.0015089 0.018104 0.013208 0.033798 0.034565 0.036419 0.045334 0.053935 0.067492 0.074108 0.066737 0.072643 0.073102 0.060773 0.056389 0.033942 0.034681 0.054387 0.047209 0.041864 0.043313 0.038632 0.047113 0.045239 0.034206 0.022507 0.045609 0.038341 0.038681 0.023695 0.064548 0.024206 0.039928 0.049813 0.055707 0.021066 0.011669 0.019536 0.0015053 -0.0041544 0.015557 0.018317 0.040189 0.01543 0.016291 0.040095 0.033882 0.02737 0.04635 0.030573 0.026583 0.016624 0.0034938 0.01791 0.0071106 0.0097073 0.002514 0.025716 0.018978 0.029695 0.017402 0.018348 0.003914 0.014667 0.0047247 0.011849 0.017991 0.018084 0.012415 0.013706 0.0066536 0.010696 0.02841 0.030606 0.0042196 0.023314 0.025868 0.016022 -0.0023307 0.0093639 0.01283 0.020902 0.026648 0.026813 0.02416 0.020236 -0.0016904 0.0068718 -0.0082271 0.019694 0.016745 0.024664 0.022374 0.016242 0.0064827 0.033315 0.013214 0.03616 0.029214 -0.0098321 -0.0013498 0.0030426 0.016382 0.012269 -0.010487 0.017958 0.028538 0.014075 0.0087709 0.0050156 0.039695 0.024797 0.013326 0.011188 0.003001 0.011839 0.020146 0.018665 0.0085411 0.0031716 0.00078119 0.0049392 0.017758 -0.0020265 0.037364 0.015397 0.00035261 0.026434 0.00078854 0.0020906 0.022215 -0.016462 0.015776 0.013555 0.0089728 0.014037 -0.003836 0.018216 0.013539 0.015937 0.027479 0.016371 0.0085912 0.00097273 0.0056319 0.028049 0.012076 0.026001 -0.017822 0.021221 0.029791
0.011304 0.0067533 0.014541 0.0054526 0.0041821 0.0058074 -0.0090581 0.017361 0.021261 0.0091762 -0.0093896 0.0087425 0.021069 -0.00077221 0.0060945 -9.8611e-05 0.010428 0.01601 0.014193 0.015556 0.013602 0.024785 0.0089526 0.020814 0.0090041 0.0049324 0.01766 0.0074179 0.03232 0.029228 0.018579 -0.00043556 0.022827 0.018192 0.031485 0.0035189 0.02626 -0.002636 0.0087015 -0.0047056 0.0098293 0.021185 0.0091717 0.022458 -0.013779 -0.0036971 0.0030598 0.019934 0.010359 0.018183 -0.00086036 0.012766 0.024066 -0.012465 0.0086703 0.00076058 -0.0061658 0.011722 0.016206 0.0076103 -0.0075979 0.0059288 0.019988 0.014321 0.0083131 -0.0025633 0.032346 0.010271 0.014333 0.028805 0.032688 0.038711 0.016874 0.014273 0.012901 0.010768 0.0075949 -0.00019902 0.00092197 0.017441 0.0069033 0.010593 0.014027 0.0045556 0.018373 0.023869 0.037459 0.041652 0.065837 0.064787 0.064012 0.056317 0.065766 0.062931 0.040926 0.021657 0.038308 0.043592 0.036201 0.048424 0.017937 0.02375 0.020207 0.028589 0.037594 0.0032822 0.025701 0.020552 0.033895 0.0245 0.02539 0.042029 0.040583 0.059389 0.066176 0.050939 0.05912 0.035661 0.074793 0.065859 0.030222 0.031775 0.041921 0.043987 0.016483 0.015522 0.026288 0.023265 0.014931 0.035275 0.023084 0.039848 0.021877 0.022219 0.041965 0.055695 0.016647 0.02768 0.028193 0.035072 0.022441 0.046236 0.019977 0.033238 0.028789 0.034637 0.028759 0.046913 0.042185 0.050185 0.045423 0.04154 0.03594 0.038371 0.0463 0.012725 0.010116 0.035969 0.01212 0.016458 0.023985 0.020184 0.027091 0.033264 0.048191 0.08716 0.077055 0.070405 0.048624 0.069154 0.07231 0.049668 0.02775 0.0335 0.014779 0.0086727 0.0092427 0.0074912 0.0016437 0.0044873 0.0053813 0.013779 0.015602 0.017021 0.0011028 0.019434 0.00011519 0.012113 0.054716 0.078343 0.031712 0.051192 0.078541 0.09704 0.083137 0.058459 0.087808 0.11907 0.14312 0.13055 0.086479 0.08946 0.094356 0.053661 0.031248 0.039628 0.032348 0.032219 0.026074 0.0079483 0.01841 0.020384 0.0077331 0.0099447 0.0048323 0.0063148 -0.0027459 0.012166 -0.0085333 0.01864 -0.0070345 0.00043142 -0.0022913 0.039795 0.051863 0.10135 0.12108 0.14721 0.11547 0.10154 0.10469 0.063413 0.052385 0.070115 0.035807 0.046901 0.040131 0.03137 0.031523 0.036992 0.043549 0.031719 0.042276 0.027546 0.014786 0.021733 0.019791 0.0082529 0.028849 0.0055523 0.013892 0.0078063 0.0062195 0.016105 0.021192 -0.0084953 0.01251 0.0046969 0.01375 0.0093171 0.0029174 0.0080614 0.0044671 0.014275 0.022861 -0.0030409 0.029416 0.001486 0.012363 0.0077117 -0.0078993 0.014265 -0.0018472 0.0026314 0.015214 0.015418 0.013188 0.0088918 0.016378 0.023816 0.0035312 0.01903 0.031687 0.035532 0.039585 0.025758 0.035514 0.033496 0.0097765 0.035102 0.021331 0.014051 -0.012229 -0.0029727 0.0077115 0.0032792 0.00014052 -0.013058 0.012344 0.019032 0.019452 0.0060568 0.031982 0.0088336 0.01143 0.00074855 0.014227 0.018325 0.0084224 0.022543 0.013605 0.020766 0.039724 0.013808 0.015701 0.051382 0.017384 0.013615 0.0096736 0.018561 0.028332 0.021753 0.022619 0.0066938 0.0016075 0.013755 0.019362 0.038036 0.034489 0.048235 0.055198 0.058509 0.054772 0.049766 0.051214 0.040765 0.034296 0.031539 0.030812 0.052014 0.031649 0.038343 0.019977 0.0606 0.034987 0.033438 0.020803 0.048219 0.041025 0.030198 0.01958 0.01254 0.026501 0.032324 0.0026179 0.034228 0.037106 0.021336 0.034832 0.030834 0.018671 0.038371 0.034642 0.025572 0.037002 0.065362 0.078163 0.060201 0.058104 0.065501 0.060835 0.044875 0.053545 0.046146 0.062462 0.057714 0.062332 0.06188 0.055953 0.073891 0.080033 0.11275 0.14163 0.1329 0.11533 0.13016 0.10113 0.083305 0.038912 0.060186 0.07092 0.069358 0.062011 0.043929 0.058204 0.048407 0.031791 0.029089 0.02337 0.049476 0.042773 0.057652 0.048017 0.054149 0.032887 0.037193 0.029511 0.043421 0.016956 0.031099 0.035339 0.03298 0.028259 0.024293 0.04403 0.024288 0.034142 0.047335 0.032266 0.042343 0.032501 0.033278 0.036936 0.035926 0.019005 0.013847 0.022855 0.016897 0.029656 0.017529 0.015558 0.017477 0.0095299 0.025475 0.023987 0.029371 0.028102 0.040511 0.026548 0.041816 0.034313 0.016793 0.033149 0.019672 0.021232 0.026427 0.032919 -0.0041058 -0.0013172 0.014443 0.0090178 0.016042 0.010794 0.037887 0.0028408 0.013935 0.0029885 0.015865 0.029852 0.032402 0.02524 0.0085951 0.019223 0.027882 -0.00029283 0.033337 0.027435 0.031172 0.020993 0.030082 0.029111 0.026635 0.033648 0.041335 0.028454 0.040672 0.041612 0.028032 0.024875 0.034667 0.039754 0.035303 0.058339 0.051169 0.062494 0.059618 0.10392 0.098411 0.055498 0.11362 0.097315 0.091531 0.068496 0.051827 0.064096 0.061073 0.047427 0.054776 0.048701 0.027266 0.046097 0.020906 0.040556 0.033096 0.020223 0.052544 0.040968 0.038929 0.046821 0.032462 0.032012 0.033678 0.020337 0.018745 0.036886 0.027945 0.025349 0.044436 0.046034 0.0077737 0.0078724 0.027909 0.023838 0.0056175 0.02835 0.016168 0.023243 0.018088 0.015388 0.021292 0.0032977 0.0038635 0.033909 0.016564 0.022896 -0.0043636 0.0018748 0.029872 0.028774 0.04099 0.02058 0.0013123 0.010441 0.01047 0.037227 0.032278 0.03867 0.045222 0.050007 0.064159 0.071505 0.06035 0.066859 0.068845 0.047983 0.052812 0.044608 0.04071 0.052226 0.043757 0.038215 0.040326 0.038631 0.039404 0.046976 0.031858 0.034524 0.034026 0.034396 0.043507 0.019912 0.0528 0.022416 0.035131 0.039174 0.050902 0.015888 0.0078204 0.020419 0.0066728 0.0040463 0.017765 0.016711 0.041933 0.016142 0.015316 0.036062 0.024349 0.032026 0.036302 0.029177 0.017196 0.015623 0.008333 0.013541 0.013462 0.0060079 0.0075311 0.028549 0.016493 0.023723 0.013716 0.015996 0.017807 0.011052 0.012582 0.013338 0.015972 0.0159 0.015414 0.0095893 0.021967 0.0065294 0.029113 0.01877 0.011245 0.010502 0.021176 0.019286 -0.0027314 0.015908 0.010084 0.010804 0.028208 0.024211 0.012425 0.018357 0.0037584 0.0067898 -0.0017885 0.018887 0.013836 0.029552 0.025489 0.017363 0.001 0.032858 0.0091193 0.029677 0.022589 -0.0051691 -0.0012383 0.012086 0.017352 0.013074 0.0028647 0.015979 0.019755 0.011953 0.014514 0.014619 0.030937 0.016468 0.0064944 0.01027 0.0043365 0.0092193 0.025896 0.013278 0.007856 -0.0066451 0.0020307 0.0058463 0.011532 0.0068422 0.035637 0.011294 0.0051247 0.01738 -0.002563 0.0030739 0.022161 -0.013459 0.011306 0.01067 0.0046601 0.012205 -0.0015972 0.021125 0.014122 0.015212 0.023903 0.01827 0.0042253 0.007753 0.0038913 0.022926 0.015265 0.012976 -0.017855 0.020982 0.025164
0.012929 0.0072504 0.015344 0.0014208 0.010996 0.0044257 0.0054255 0.012774 0.012747 0.010604 -0.0095206 0.00073625 0.021175 0.0039408 0.001102 0.0037021 0.001717 0.017151 0.015765 0.016542 0.014317 0.016877 0.014597 0.019926 0.0033112 0.0059281 0.024599 -0.00089546 0.033189 0.025783 0.013321 0.003854 0.021003 0.02051 0.034428 0.010982 0.016224 0.0084227 0.0084722 -0.006392 0.01548 0.0173 0.0080224 0.025996 -0.0099431 -0.0021921 -0.0010671 0.016993 0.016429 0.024817 0.0012432 0.0092324 0.015737 -0.0057033 0.019649 0.00022428 0.00096846 0.011476 0.013349 0.012916 0.0027457 0.004735 0.024946 0.014413 0.011642 -0.0014557 0.029632 0.02157 0.018582 0.022801 0.029695 0.039126 0.026765 0.018411 0.022148 0.0097974 0.012401 0.003621 0.0066865 0.019223 0.013869 0.012274 0.01747 0.0059387 0.022183 0.030581 0.044729 0.045049 0.073903 0.066093 0.070523 0.066797 0.07768 0.061567 0.047431 0.028059 0.040448 0.043679 0.038882 0.04872 0.030589 0.026775 0.02164 0.022095 0.044547 0.0036605 0.018964 0.024923 0.033093 0.022435 0.034358 0.042629 0.047715 0.068879 0.069389 0.058363 0.061196 0.043424 0.075353 0.063885 0.034779 0.035782 0.044531 0.044058 0.018829 0.019075 0.024654 0.023731 0.016733 0.039739 0.033583 0.033178 0.030525 0.030152 0.042055 0.055921 0.026057 0.030015 0.034817 0.028838 0.019875 0.043077 0.028079 0.034177 0.030011 0.037468 0.03805 0.044581 0.047707 0.047658 0.050994 0.043264 0.047109 0.045818 0.048648 0.016664 0.015591 0.028959 0.013668 0.016549 0.027385 0.023745 0.030366 0.03789 0.049214 0.080188 0.075561 0.071969 0.058306 0.073817 0.07633 0.058952 0.029374 0.03301 0.016268 0.0052245 0.017456 0.0030894 0.0038914 0.0075062 0.0071756 0.011652 0.023235 0.020666 0.0050141 0.010171 0.0028902 0.018385 0.050069 0.069383 0.043954 0.066715 0.081996 0.090695 0.086644 0.062703 0.088426 0.12669 0.14517 0.14204 0.087557 0.088636 0.090907 0.057647 0.026683 0.035862 0.027936 0.025399 0.030657 0.0071864 0.021859 0.017358 0.012338 0.012651 0.0058342 0.0042375 -0.0014097 0.0061897 -0.0072127 0.020369 -0.005746 0.0023005 -0.0011489 0.045268 0.063486 0.10798 0.12458 0.13905 0.1232 0.099843 0.10508 0.062076 0.056433 0.071435 0.036597 0.048849 0.041165 0.035203 0.028364 0.038534 0.045486 0.032466 0.040068 0.037053 0.0083834 0.025782 0.022122 0.0089343 0.028586 0.005201 0.016329 0.015828 0.0055332 0.018545 0.01763 -0.008692 0.012362 0.005858 0.010143 0.013139 0.00318 0.008348 0.0040688 0.013012 0.017152 0.0021729 0.024762 0.0068744 0.005606 0.0057932 -0.0039917 0.0091041 -0.0047547 0.0094201 0.015434 0.013429 0.013566 0.011496 0.014351 0.021545 0.0032165 0.014498 0.030044 0.033378 0.038414 0.027224 0.028511 0.03355 0.010634 0.032487 0.017973 0.025395 0.00038037 0.0029677 0.012665 0.006524 -0.0049678 -0.0092228 0.011609 0.022423 0.012473 0.007011 0.025984 0.010898 0.01013 0.00027302 0.01063 0.020527 0.0074009 0.02554 0.018825 0.013066 0.032968 0.015315 0.01534 0.043806 0.021516 0.027141 0.014286 0.022156 0.024747 0.022283 0.02465 0.012779 0.0080685 0.016807 0.019411 0.029171 0.025952 0.050068 0.058226 0.055074 0.061276 0.044003 0.058429 0.039174 0.03784 0.030494 0.02958 0.057366 0.036446 0.038745 0.022032 0.050751 0.032553 0.033684 0.021406 0.044779 0.032824 0.038783 0.022256 0.02129 0.027333 0.036 0.00013128 0.032978 0.038395 0.01942 0.031128 0.027328 0.016681 0.038453 0.039961 0.036972 0.042755 0.059657 0.074347 0.062159 0.060949 0.066478 0.063372 0.048415 0.056106 0.049103 0.060387 0.050846 0.063352 0.061399 0.05461 0.069777 0.075178 0.11149 0.13718 0.12722 0.11481 0.12472 0.091828 0.080321 0.031873 0.051258 0.049404 0.062526 0.049905 0.0477 0.048395 0.046665 0.032393 0.029061 0.027398 0.033759 0.040318 0.054444 0.038785 0.039798 0.031877 0.040313 0.026521 0.034734 0.014951 0.020785 0.033941 0.027746 0.024133 0.023269 0.040956 0.025699 0.028217 0.045551 0.030175 0.042787 0.033251 0.023578 0.028625 0.035105 0.019095 0.010616 0.019773 0.013143 0.024973 0.021619 0.0068715 0.013887 0.009559 0.026113 0.024501 0.02538 0.021616 0.030774 0.021735 0.035811 0.027468 0.013709 0.034173 0.020735 0.018241 0.023841 0.019105 -0.0029168 -0.0056138 0.01027 0.01266 0.016459 0.011431 0.02723 0.0020006 0.0097067 0.0032648 0.014037 0.020328 0.032806 0.023997 0.016346 0.01983 0.021547 0.0083711 0.023996 0.032992 0.032337 0.021864 0.037419 0.032198 0.029204 0.027392 0.039497 0.02938 0.042253 0.038799 0.030564 0.030996 0.041497 0.045414 0.035414 0.054387 0.048193 0.066434 0.066791 0.10628 0.10271 0.065234 0.11586 0.10342 0.09266 0.072359 0.058582 0.06319 0.061684 0.047701 0.053275 0.049978 0.032629 0.048967 0.024806 0.044939 0.024391 0.023549 0.052028 0.034348 0.043686 0.042911 0.040732 0.032146 0.031648 0.022448 0.013065 0.034314 0.029443 0.020475 0.038624 0.046798 0.012112 0.0068511 0.027969 0.027516 0.0096985 0.024008 0.012015 0.023774 0.017369 0.022166 0.02181 0.0074769 0.01159 0.029092 0.012259 0.021284 -0.0066929 0.0026376 0.028205 0.015973 0.036857 0.024639 0.0060604 0.010426 0.013188 0.041905 0.032349 0.042036 0.045138 0.049406 0.060723 0.068995 0.056545 0.060657 0.062168 0.036317 0.050133 0.053411 0.042028 0.051119 0.041131 0.039246 0.036496 0.037634 0.030143 0.046914 0.032723 0.042011 0.024532 0.030568 0.044498 0.01608 0.039271 0.020411 0.031896 0.029313 0.043784 0.010568 0.0046863 0.022506 0.010779 0.015967 0.022265 0.015564 0.037179 0.015124 0.014798 0.028622 0.015427 0.032121 0.022011 0.026514 0.0093548 0.016495 0.012083 0.014142 0.0172 0.0056739 0.0095198 0.026969 0.012586 0.018163 0.012297 0.015622 0.027754 0.0084201 0.017094 0.013441 0.012803 0.011622 0.018683 0.0045908 0.026865 0.0029682 0.029293 0.01043 0.015311 0.0038694 0.01903 0.018713 -0.0020173 0.018251 0.0085208 0.0030286 0.028108 0.022553 0.0029833 0.014671 0.0049277 0.0057808 0.0056373 0.014015 0.012064 0.031968 0.024288 0.017125 -0.0012904 0.031973 0.0089975 0.019908 0.017196 -4.9899e-05 -0.0029031 0.015972 0.018127 0.01337 0.0097218 0.016234 0.011244 0.010414 0.014436 0.018324 0.021787 0.0086526 0.0016456 0.010394 0.007819 0.0094238 0.026614 0.0084719 0.010792 -0.0088479 0.0041827 0.010047 0.0085975 0.012888 0.027443 0.0080533 0.007351 0.00943 -0.0047706 0.0058211 0.023449 -0.010634 0.0099055 0.011318 0.0015672 0.0091662 0.00038921 0.020921 0.013959 0.015513 0.017164 0.019233 0.00099656 0.0098296 0.0013241 0.017915 0.011423 0.0011784 -0.013346 0.022405 0.018627
0.008333 0.01395 0.0034118 0.014386 0.0013826 0.013264 0.010526 0.0045256 0.012759 -0.010285 -0.0058936 0.017028 0.0096861 -0.0026914 0.0085438 -0.0029913 0.020564 0.015614 0.022146 0.012699 0.010938 0.018974 0.021106 -0.00090966 0.0066203 0.027914 -0.0052424 0.029547 0.023316 0.0094837 0.0087928 0.018898 0.018874 0.032556 0.017434 0.011088 0.012387 0.0077027 -0.0025802 0.017891 0.014627 0.0076608 0.022432 -0.0026997 0.0007852 -0.0019452 0.013173 0.020426 0.026214 0.0040323 0.0062977 0.012847 0.0090133 0.027944 0.0037208 0.010108 0.012578 0.011824 0.016313 0.013605 0.0044763 0.027845 0.014732 0.016305 0.0020637 0.024928 0.031137 0.023659 0.022855 0.024769 0.036717 0.032265 0.024005 0.030645 0.0089084 0.014865 0.011443 0.014744 0.02153 0.017474 0.013369 0.020651 0.013922 0.029847 0.037955 0.050778 0.049226 0.076065 0.066422 0.07821 0.079001 0.082563 0.057264 0.052674 0.033117 0.043878 0.042611 0.042948 0.044721 0.04329 0.03357 0.024504 0.018102 0.051136 0.0065781 0.022007 0.030172 0.030481 0.025562 0.045439 0.044069 0.053474 0.079243 0.070063 0.063786 0.063599 0.052596 0.071542 0.061836 0.038101 0.040328 0.042848 0.041736 0.024383 0.024995 0.022042 0.024807 0.016642 0.042066 0.04491 0.025133 0.039312 0.038714 0.041688 0.056035 0.035509 0.03045 0.043244 0.02716 0.021678 0.038422 0.033901 0.036322 0.030879 0.039648 0.045687 0.042631 0.051433 0.042844 0.051691 0.044223 0.054034 0.049732 0.048838 0.024309 0.020405 0.023528 0.015964 0.019353 0.03529 0.028433 0.037076 0.044918 0.051614 0.071663 0.070025 0.068125 0.06532 0.072432 0.073808 0.062056 0.033017 0.030579 0.015454 0.0028989 0.024045 0.0039869 0.0025824 0.01049 0.0086974 0.012115 0.029072 0.0264 0.013554 0.0038871 0.0097916 0.026187 0.04795 0.061697 0.056753 0.078809 0.085861 0.086572 0.092252 0.075604 0.093456 0.12965 0.13948 0.14196 0.085453 0.083658 0.084185 0.061533 0.025874 0.0341 0.028188 0.022095 0.031351 0.009493 0.023562 0.012951 0.015912 0.015402 0.0053385 0.0027254 0.0010134 -3.3264e-05 -0.0050117 0.0217 -0.00015786 0.0077642 0.0035486 0.050699 0.078085 0.11034 0.12167 0.12409 0.11773 0.093275 0.09948 0.059093 0.059881 0.067708 0.03952 0.051883 0.043529 0.035764 0.027408 0.037943 0.048509 0.03057 0.034658 0.043754 0.0068618 0.029759 0.024098 0.0076024 0.024509 0.0067603 0.018047 0.02093 0.0058526 0.017127 0.01113 -0.0037229 0.011195 0.0099276 0.0091397 0.01688 0.0058303 0.0073547 0.0006218 0.012928 0.012243 0.010382 0.021674 0.0082525 0.00085848 0.0012804 0.0020593 0.0077305 -0.0046909 0.017585 0.015792 0.014951 0.013295 0.015032 0.016649 0.019535 0.0057543 0.012784 0.028583 0.033446 0.037574 0.026517 0.023373 0.029964 0.01308 0.027347 0.011861 0.03108 0.0069188 0.0085699 0.018563 0.010811 -0.0079278 -0.0046591 0.0091367 0.023572 0.010327 0.0074881 0.021255 0.012663 0.010307 0.0019484 0.0062602 0.022319 0.0093285 0.026357 0.024821 0.0085093 0.025281 0.017895 0.014689 0.036416 0.019342 0.036185 0.021408 0.022974 0.022119 0.02294 0.023298 0.020695 0.017802 0.021656 0.021554 0.022531 0.021064 0.049925 0.0588 0.054089 0.059444 0.041785 0.063137 0.041804 0.041748 0.028557 0.030513 0.058163 0.037961 0.038348 0.023028 0.037523 0.034712 0.033377 0.02457 0.040674 0.027248 0.045279 0.028614 0.02723 0.026645 0.037957 0.005864 0.030852 0.037131 0.016372 0.025575 0.027068 0.016284 0.041394 0.043977 0.048206 0.047081 0.054728 0.069193 0.062017 0.060245 0.064348 0.062857 0.05445 0.057258 0.052409 0.06055 0.050288 0.066513 0.062342 0.056724 0.068113 0.072743 0.10545 0.1326 0.11684 0.11168 0.11165 0.080049 0.077 0.027874 0.041221 0.03176 0.05258 0.042005 0.049939 0.040464 0.046272 0.033312 0.030442 0.028775 0.020287 0.035369 0.049827 0.032021 0.028694 0.029886 0.038635 0.025511 0.026091 0.014459 0.012677 0.030651 0.026214 0.020497 0.025684 0.036804 0.027229 0.025187 0.042212 0.024151 0.040412 0.032383 0.01815 0.020767 0.035456 0.01929 0.010739 0.020771 0.013295 0.022378 0.029204 0.0065127 0.012728 0.0098892 0.029968 0.022571 0.019977 0.018021 0.025205 0.022234 0.029554 0.019929 0.015617 0.035547 0.018916 0.014076 0.020379 0.010352 0.0029309 -0.0066203 0.0084564 0.014757 0.018628 0.010645 0.015839 0.004718 0.0071589 0.0057242 0.01322 0.014688 0.034785 0.023561 0.023434 0.023337 0.017726 0.01788 0.017307 0.036705 0.033814 0.025953 0.043433 0.038139 0.032295 0.021931 0.034345 0.027205 0.043521 0.032606 0.034308 0.036456 0.048562 0.051121 0.038198 0.057571 0.051279 0.07794 0.074232 0.10765 0.10865 0.07954 0.1163 0.10268 0.094941 0.078817 0.065087 0.064197 0.066356 0.045102 0.054466 0.051212 0.040711 0.048539 0.029326 0.045947 0.020292 0.030533 0.05161 0.029711 0.044937 0.037123 0.04498 0.031824 0.031317 0.025966 0.010566 0.031986 0.023516 0.019463 0.030604 0.042191 0.016278 0.0036578 0.026395 0.025761 0.012449 0.023298 0.0083285 0.023077 0.015604 0.02844 0.019718 0.010725 0.018603 0.026748 0.0080255 0.017079 -0.010249 0.0078014 0.024987 0.0044383 0.031359 0.027623 0.01131 0.01804 0.018993 0.045913 0.033504 0.045074 0.046358 0.050864 0.058155 0.067122 0.054278 0.055676 0.055711 0.02798 0.047906 0.05853 0.039397 0.050952 0.040273 0.042995 0.031934 0.03738 0.021065 0.045379 0.034316 0.044461 0.01889 0.027097 0.041945 0.013583 0.028374 0.018769 0.030874 0.020613 0.035576 0.0078279 0.0037646 0.024794 0.012153 0.026077 0.027612 0.015063 0.027844 0.013428 0.013079 0.019617 0.0094147 0.028319 0.0090982 0.023447 0.0041195 0.017071 0.014485 0.017774 0.016598 0.0090533 0.0095962 0.021427 0.011044 0.014503 0.010657 0.015459 0.032113 0.0072608 0.018206 0.011274 0.0089511 0.0067733 0.021544 0.00172 0.02278 0.0022409 0.029716 0.0063748 0.014758 0.0046967 0.018675 0.015024 -0.0017135 0.017188 0.0094869 -0.0018639 0.025859 0.019559 -0.0026503 0.010947 0.003648 0.0027844 0.012701 0.0058809 0.011961 0.030748 0.021614 0.014715 -0.0032268 0.029261 0.013084 0.0093103 0.012412 0.0058732 -0.0050441 0.01513 0.01742 0.011969 0.011062 0.017139 0.0029297 0.0089722 0.0097209 0.015908 0.013006 0.0039829 -0.00012703 0.010401 0.013367 0.011541 0.02155 0.0059758 0.015518 -0.0042687 0.0076397 0.014136 0.0073339 0.015139 0.014428 0.003761 0.0080776 0.0047131 -0.0047355 0.0086915 0.024489 -0.0084816 0.012338 0.013476 -0.00041239 0.0047328 0.001816 0.019095 0.013212 0.016671 0.0099196 0.019295 -0.00032866 0.0090018 -0.00080963 0.013581 0.0055322 -0.0061426 -0.0078387 0.0236 0.013528 0.013456
0.0090275 0.010345 0.0094297 0.013908 -0.00072698 0.014479 0.0098208 -0.00096187 0.014392 -0.010873 -0.0068468 0.0097561 0.015363 -0.0050548 0.013457 -0.0028253 0.02508 0.014339 0.030449 0.0092787 0.0074408 0.020892 0.024431 -0.0022892 0.0082739 0.027952 -0.0064098 0.023942 0.022288 0.0091438 0.012663 0.019546 0.015796 0.026763 0.022794 0.011263 0.01166 0.0081907 0.0061821 0.018895 0.015783 0.0074566 0.015233 0.0062824 0.0050233 0.0035686 0.011332 0.022314 0.021356 0.0064032 0.004624 0.012909 0.026075 0.033105 0.010992 0.020538 0.017159 0.013049 0.019524 0.023633 0.0064049 0.030944 0.014672 0.021021 0.0076156 0.020632 0.037405 0.027796 0.027984 0.020055 0.032051 0.032417 0.03055 0.037578 0.010023 0.013485 0.02006 0.024504 0.026161 0.018432 0.017321 0.02421 0.026785 0.038766 0.043988 0.056687 0.054144 0.072866 0.066228 0.083736 0.088056 0.079688 0.050882 0.055145 0.035662 0.046421 0.043695 0.04785 0.039327 0.054138 0.041107 0.0298 0.020723 0.058204 0.014419 0.034681 0.036336 0.029762 0.033275 0.05534 0.047345 0.057656 0.086782 0.067288 0.066413 0.067969 0.062084 0.065216 0.061088 0.038815 0.04521 0.039454 0.039352 0.030166 0.032923 0.021585 0.028122 0.0164 0.043569 0.051307 0.021098 0.046016 0.043677 0.042253 0.056072 0.04568 0.032506 0.051946 0.030897 0.029651 0.035052 0.03917 0.038969 0.031749 0.041377 0.051589 0.040643 0.054223 0.038284 0.049967 0.044717 0.054547 0.048842 0.047152 0.032527 0.025982 0.022161 0.019143 0.02454 0.044182 0.032614 0.0455 0.050527 0.055154 0.06291 0.064566 0.060817 0.067552 0.06623 0.067164 0.059794 0.036133 0.025854 0.012704 0.0026373 0.027739 0.010043 0.0010125 0.012497 0.010222 0.017042 0.032134 0.032306 0.024738 0.0027921 0.020504 0.034286 0.050267 0.058075 0.06672 0.087434 0.089802 0.084621 0.099302 0.092286 0.099746 0.12673 0.12892 0.13068 0.079136 0.076691 0.075531 0.062487 0.028043 0.034776 0.031908 0.023101 0.026962 0.015681 0.024266 0.0092637 0.018463 0.017541 0.0039871 0.00335 0.0040016 -0.0032519 -0.00075332 0.023941 0.006035 0.016995 0.012017 0.055901 0.090362 0.11047 0.1132 0.10549 0.10066 0.084288 0.090033 0.054094 0.062141 0.06049 0.042545 0.053772 0.044505 0.034245 0.030015 0.035243 0.051075 0.026173 0.028044 0.044744 0.0094464 0.032829 0.025233 0.0057486 0.018308 0.01011 0.018402 0.021817 0.0085782 0.013652 0.0038319 0.0056551 0.0093131 0.014665 0.011422 0.018244 0.010271 0.0064261 -0.0024031 0.012158 0.0089808 0.018826 0.019394 0.0070199 8.6864e-06 -0.0032261 0.0077335 0.011089 -0.002819 0.02495 0.016582 0.017117 0.013127 0.018276 0.021369 0.017399 0.0099046 0.01267 0.026283 0.032435 0.033845 0.023857 0.020294 0.025227 0.016029 0.022134 0.0036845 0.030462 0.0090479 0.013974 0.023543 0.014843 -0.008439 0.00063537 0.0063454 0.022008 0.012214 0.0088058 0.020336 0.014226 0.011466 0.0056324 0.0023332 0.023029 0.012357 0.022885 0.030322 0.010388 0.020222 0.021788 0.015235 0.028583 0.013217 0.038231 0.028228 0.020832 0.02277 0.023459 0.019346 0.029648 0.027887 0.025912 0.024444 0.019809 0.019464 0.048728 0.057625 0.05425 0.05199 0.042647 0.063959 0.046773 0.043955 0.02686 0.033305 0.052927 0.03685 0.038093 0.024205 0.026967 0.038886 0.032744 0.028233 0.037472 0.027036 0.048876 0.035393 0.030648 0.024983 0.038537 0.016865 0.02928 0.033148 0.013956 0.019375 0.030793 0.016714 0.047627 0.04753 0.057258 0.050461 0.051985 0.06386 0.061218 0.057613 0.059709 0.060643 0.060442 0.057407 0.056457 0.060778 0.054664 0.071343 0.063654 0.061966 0.068087 0.07253 0.095095 0.12385 0.10428 0.10423 0.095343 0.068971 0.073686 0.027745 0.031262 0.021822 0.041659 0.038312 0.050207 0.036777 0.045731 0.032901 0.031886 0.029571 0.013946 0.029094 0.043711 0.027349 0.022617 0.027552 0.034044 0.027512 0.018319 0.014982 0.0079768 0.026447 0.026681 0.019572 0.029627 0.032543 0.028042 0.024559 0.036847 0.016197 0.037756 0.029711 0.01787 0.014731 0.035435 0.019505 0.01266 0.024901 0.018403 0.022463 0.035564 0.012691 0.014956 0.010202 0.03323 0.021 0.013495 0.015985 0.02596 0.02693 0.023099 0.014048 0.020998 0.033973 0.015903 0.0089376 0.017026 0.0088732 0.010685 -0.0039968 0.0070031 0.014274 0.020767 0.0081757 0.009012 0.007473 0.0069893 0.0086411 0.013 0.01277 0.037921 0.022658 0.028682 0.028466 0.015587 0.025696 0.015509 0.039356 0.035228 0.033167 0.046192 0.045017 0.036663 0.01917 0.029201 0.023658 0.04428 0.02656 0.039152 0.040756 0.053572 0.05641 0.044466 0.065866 0.058839 0.094487 0.081577 0.10727 0.11518 0.094997 0.11439 0.095433 0.097451 0.085368 0.069987 0.065273 0.072477 0.04314 0.057365 0.051052 0.047131 0.044664 0.032164 0.042334 0.021227 0.039099 0.051317 0.027829 0.042315 0.031633 0.044091 0.030671 0.033754 0.029864 0.012635 0.028699 0.013917 0.021034 0.023058 0.034733 0.019833 0.0018198 0.022144 0.019566 0.014641 0.025439 0.0060478 0.020003 0.013572 0.03035 0.017142 0.011404 0.022368 0.026417 0.0055789 0.012133 -0.013633 0.015439 0.022622 -0.0014314 0.025298 0.027068 0.016237 0.029515 0.025354 0.047183 0.034443 0.046778 0.04872 0.052685 0.056304 0.064512 0.052194 0.052006 0.051796 0.024283 0.045599 0.059128 0.035606 0.050594 0.041579 0.046889 0.027017 0.038481 0.012822 0.042189 0.034622 0.041827 0.016996 0.024513 0.037036 0.013317 0.022135 0.017702 0.030245 0.014179 0.028661 0.0084699 0.0062641 0.026308 0.010401 0.029887 0.031248 0.015688 0.016072 0.011935 0.0092893 0.011508 0.0079273 0.022528 0.0024177 0.021245 0.0020957 0.014681 0.01391 0.022136 0.012168 0.014354 0.0084438 0.013662 0.013681 0.01268 0.0077358 0.013843 0.030667 0.00808 0.016915 0.0069414 0.0050394 0.0038399 0.022248 0.0033251 0.013204 0.0041049 0.030255 0.0065223 0.011112 0.011273 0.01837 0.010574 -0.0026069 0.013704 0.012754 -0.0032164 0.021154 0.014133 -0.0047683 0.00827 0.0027235 -0.0022167 0.017647 -0.0030669 0.013149 0.025749 0.019219 0.011185 -0.006607 0.024467 0.019069 0.00078077 0.007296 0.010855 -0.0062145 0.011989 0.014657 0.0089808 0.0090662 0.016678 -0.0044857 0.0067572 0.0036118 0.0086026 0.0060482 0.0038345 0.00034861 0.0081004 0.01898 0.014124 0.012632 0.0054981 0.019115 0.0033776 0.011325 0.015226 0.006133 0.013718 0.00099229 -0.0014274 0.0094954 0.00487 -0.0021951 0.010682 0.023631 -0.0068753 0.017123 0.014689 -0.0011827 -0.00034731 0.0018627 0.016844 0.011309 0.017652 0.0046116 0.018037 0.00096677 0.0077271 0.00017812 0.0099399 0.0022568 -0.0069409 -0.0047459 0.022774 0.010333 0.011136
0.0012983 0.0087565 0.0064902 0.016386 0.011541 -0.0009492 0.01168 0.0091228 -0.0024768 0.014899 -0.0090712 -0.00052637 0.0020807 0.01997 -0.0058612 0.016666 0.00047711 0.028866 0.012934 0.038108 0.004881 0.0063695 0.020243 0.028947 -0.00029109 0.011928 0.02552 -0.0050694 0.019964 0.022248 0.013394 0.014927 0.024203 0.01491 0.01875 0.02638 0.01472 0.010539 0.010556 0.016821 0.020531 0.021619 0.0070025 0.0087566 0.015068 0.010734 0.014946 0.013282 0.0233 0.012844 0.0075594 0.0044547 0.012314 0.039516 0.036247 0.0198 0.031166 0.025269 0.016775 0.024808 0.032241 0.011402 0.035715 0.015699 0.024203 0.013482 0.018863 0.040136 0.029361 0.034195 0.018473 0.026503 0.028493 0.036117 0.042481 0.015185 0.010053 0.027458 0.03502 0.034059 0.019485 0.024518 0.029847 0.041257 0.046883 0.047183 0.061511 0.059681 0.066059 0.065936 0.084286 0.089898 0.070932 0.045103 0.055034 0.03586 0.046737 0.048776 0.053176 0.036281 0.062742 0.047033 0.037973 0.031113 0.065445 0.027493 0.052983 0.042956 0.034274 0.042654 0.061407 0.052913 0.060221 0.088814 0.062 0.065566 0.074904 0.069582 0.058462 0.061795 0.037403 0.049832 0.038229 0.039458 0.033014 0.041492 0.025177 0.033064 0.017061 0.046133 0.049453 0.024177 0.050047 0.043029 0.045628 0.055178 0.055428 0.037948 0.059112 0.038527 0.042684 0.034917 0.044961 0.041259 0.032897 0.042165 0.056236 0.03834 0.056119 0.036478 0.048526 0.044154 0.049497 0.044133 0.045299 0.037717 0.032243 0.025287 0.022737 0.030453 0.050857 0.035309 0.052543 0.052573 0.058404 0.054661 0.062561 0.053055 0.063575 0.058691 0.059685 0.053924 0.037451 0.018626 0.009252 0.0043377 0.029128 0.018141 0.00057806 0.013535 0.012242 0.025848 0.0335 0.036728 0.03576 0.0090686 0.03306 0.042005 0.056751 0.060198 0.07203 0.093687 0.093904 0.08353 0.10555 0.10529 0.10334 0.11802 0.11872 0.11175 0.06948 0.070103 0.0674 0.05857 0.030726 0.036096 0.035433 0.026197 0.018986 0.024367 0.025292 0.0077233 0.020005 0.019415 0.0036748 0.0064032 0.0068983 -0.0015912 0.0059646 0.029351 0.011614 0.029009 0.022189 0.060244 0.095462 0.10854 0.10143 0.086259 0.077817 0.075288 0.079312 0.047641 0.06155 0.052062 0.044805 0.052537 0.041968 0.031531 0.035337 0.031586 0.051278 0.019759 0.021952 0.04035 0.014321 0.034937 0.024451 0.0046918 0.012311 0.013574 0.016902 0.019316 0.013041 0.010357 -0.0021862 0.017319 0.0069324 0.01772 0.016375 0.016133 0.015039 0.0069922 -0.0031564 0.0084444 0.0084268 0.025405 0.015601 0.0050738 0.0034977 -0.0060669 0.01157 0.019047 0.00041636 0.029857 0.01756 0.01605 0.013134 0.019783 0.02616 0.015256 0.014229 0.012515 0.022528 0.027879 0.026052 0.020699 0.018078 0.022224 0.018436 0.019859 -0.0049181 0.025413 0.010271 0.019588 0.025869 0.015803 -0.006931 0.0068861 0.0048768 0.018569 0.016559 0.01151 0.023749 0.015595 0.013853 0.0099011 0.00058851 0.022194 0.014467 0.016211 0.033416 0.017638 0.018854 0.027012 0.017646 0.02155 0.0064397 0.03354 0.032323 0.016768 0.02675 0.023502 0.015719 0.03861 0.034926 0.026551 0.026196 0.021373 0.019431 0.04794 0.055814 0.054685 0.043331 0.043893 0.059845 0.05177 0.042693 0.026068 0.035941 0.042463 0.03451 0.038284 0.026642 0.022784 0.041216 0.032254 0.029975 0.036253 0.031312 0.050136 0.039235 0.033547 0.022761 0.038067 0.029226 0.030184 0.027831 0.013988 0.013726 0.037189 0.01768 0.055876 0.051647 0.063074 0.053218 0.051709 0.059582 0.061781 0.054182 0.053688 0.058827 0.063083 0.058135 0.060948 0.059942 0.060656 0.075827 0.064629 0.069139 0.067805 0.07314 0.082715 0.10916 0.091341 0.092052 0.079872 0.061389 0.06987 0.030299 0.023586 0.020332 0.03183 0.037208 0.049094 0.037362 0.042813 0.031237 0.032843 0.031663 0.016175 0.022868 0.036308 0.023803 0.02048 0.025896 0.029833 0.031958 0.011947 0.016058 0.0065534 0.02355 0.027022 0.021347 0.033145 0.02824 0.026605 0.024852 0.028897 0.0099836 0.035922 0.026238 0.021297 0.010854 0.034841 0.019734 0.014978 0.030464 0.026968 0.023819 0.036771 0.021433 0.020608 0.011052 0.033281 0.021005 0.0072884 0.013106 0.032632 0.032575 0.016213 0.011554 0.026552 0.02818 0.014044 0.0040667 0.013886 0.014493 0.016569 0.0020284 0.0033982 0.012225 0.02165 0.0055918 0.010034 0.0076069 0.0099976 0.010784 0.013723 0.013796 0.04071 0.020814 0.032056 0.032466 0.014618 0.030195 0.017596 0.041151 0.036577 0.042351 0.045049 0.050565 0.04188 0.020335 0.027736 0.021508 0.043739 0.02442 0.043402 0.044327 0.054844 0.061046 0.052986 0.075236 0.06825 0.11132 0.087566 0.10418 0.11941 0.1063 0.11067 0.084083 0.098481 0.088412 0.071794 0.064707 0.07707 0.044705 0.060013 0.049043 0.048155 0.038234 0.033075 0.035918 0.02556 0.045514 0.050636 0.027885 0.037137 0.029577 0.038835 0.029451 0.038108 0.032852 0.019215 0.023819 0.0058027 0.023223 0.018594 0.027785 0.022861 0.0038991 0.015923 0.011815 0.01584 0.027799 0.0060729 0.014583 0.012235 0.027186 0.016735 0.0093465 0.022569 0.025985 0.0057242 0.008919 -0.01481 0.022899 0.02268 0.00017568 0.019401 0.022147 0.0199 0.038613 0.030603 0.044553 0.034708 0.046838 0.050844 0.053056 0.054306 0.059086 0.049737 0.048629 0.051038 0.024992 0.042746 0.055962 0.03356 0.048672 0.044889 0.048597 0.022805 0.039843 0.0055694 0.037401 0.032536 0.0354 0.017133 0.022821 0.031098 0.014994 0.019753 0.017163 0.02713 0.010656 0.025094 0.01057 0.012058 0.026794 0.0063566 0.026395 0.030784 0.01737 0.0040134 0.010995 0.0038048 0.0058606 0.010269 0.017117 0.0039934 0.020932 0.0031572 0.0081823 0.0090065 0.024877 0.0064192 0.018477 0.0065581 0.006205 0.019574 0.01162 0.0041858 0.0099323 0.025225 0.010563 0.015184 0.0014908 0.0017672 0.0047752 0.019396 0.0093774 0.0024943 0.006354 0.030346 0.0092634 0.0083931 0.019382 0.016146 0.0075792 -0.0045401 0.0091142 0.016813 -0.0014703 0.014077 0.006854 -0.0056454 0.0070165 0.0045459 -0.0075368 0.018932 -0.010024 0.014018 0.018004 0.016923 0.0086015 -0.011302 0.018687 0.023599 -0.003664 0.0012145 0.012718 -0.0052933 0.0099298 0.010556 0.0057556 0.0063337 0.013719 -0.010102 0.0036466 -8.75e-05 -0.00087793 0.0020034 0.0077189 0.00088857 0.0016311 0.022418 0.015357 0.0035596 0.004967 0.018667 0.009087 0.013579 0.012384 0.004114 0.0098209 -0.0079942 -0.0062732 0.012645 0.0098244 0.0017 0.011884 0.020224 -0.0057327 0.021125 0.013557 -0.00098691 -0.004579 -0.00014789 0.014149 0.0079044 0.017156 0.0030431 0.015473 0.0048303 0.0078887 0.0063048 0.0062487 0.0036786 -0.0015103 -0.0058427 0.019146 0.00748
-0.0046029 0.0074213 0.0049755 0.022524 0.010166 -0.00025928 0.0086035 0.0071765 -0.00044088 0.014422 -0.002936 0.010754 -0.0029979 0.023069 -0.0045697 0.016923 0.0039401 0.030226 0.012285 0.042039 -0.00017132 0.0073944 0.017551 0.033069 0.004596 0.017802 0.021968 -0.0014676 0.020485 0.021937 0.021282 0.016638 0.031699 0.019095 0.010241 0.027468 0.01865 0.01313 0.014303 0.025377 0.023838 0.030183 0.0063835 0.0065372 0.02234 0.01844 0.027993 0.019308 0.024388 0.0052737 0.007979 0.0056112 0.0088048 0.046096 0.039279 0.027317 0.04062 0.035023 0.021986 0.033866 0.039557 0.019248 0.042161 0.020556 0.025231 0.017584 0.020003 0.040506 0.027646 0.036734 0.022122 0.021826 0.023088 0.03898 0.045552 0.025491 0.0089784 0.033612 0.045936 0.045018 0.024107 0.032664 0.039168 0.054599 0.053665 0.047104 0.062932 0.064819 0.058345 0.065903 0.078618 0.083308 0.059712 0.043176 0.054194 0.035264 0.046004 0.057598 0.058696 0.038586 0.07024 0.050929 0.048848 0.047051 0.071639 0.04425 0.071453 0.049709 0.045328 0.050132 0.063086 0.060399 0.061293 0.084661 0.056729 0.061303 0.083988 0.072575 0.052541 0.063057 0.036043 0.053266 0.042058 0.043322 0.031512 0.049107 0.032641 0.037477 0.019167 0.051222 0.039584 0.033819 0.052337 0.037662 0.053015 0.052376 0.062576 0.045347 0.063679 0.047639 0.0575 0.038079 0.051307 0.04283 0.035166 0.041762 0.060193 0.035697 0.056236 0.038462 0.048683 0.041664 0.04233 0.038213 0.045295 0.037818 0.037411 0.031991 0.025875 0.034935 0.053939 0.037001 0.055292 0.051375 0.059459 0.047324 0.064795 0.046838 0.053558 0.053889 0.053928 0.046276 0.036831 0.0094391 0.0066453 0.0070387 0.03015 0.024775 0.00017619 0.014572 0.015317 0.036541 0.035762 0.039394 0.044741 0.023109 0.044554 0.050133 0.064739 0.06758 0.072789 0.099747 0.098068 0.082201 0.10911 0.10908 0.10136 0.10527 0.11369 0.090346 0.058775 0.064929 0.062584 0.050196 0.031497 0.035439 0.034825 0.027538 0.01013 0.032519 0.027614 0.0086796 0.020692 0.021832 0.0069842 0.010637 0.0096433 0.0048094 0.014266 0.040119 0.018069 0.041726 0.031367 0.062221 0.091684 0.10279 0.088853 0.067992 0.056119 0.067711 0.0691 0.040986 0.056659 0.044695 0.046813 0.047689 0.035912 0.028416 0.040869 0.028865 0.048117 0.012766 0.016658 0.034022 0.019776 0.03653 0.020541 0.0049363 0.0083627 0.014736 0.013855 0.015639 0.016997 0.0086806 -0.0061197 0.02907 0.0043307 0.017673 0.022586 0.011224 0.018323 0.0095873 -0.0020643 0.00051228 0.011467 0.029504 0.0079529 0.0037113 0.010335 -0.0070996 0.013678 0.030296 0.0048668 0.031454 0.017676 0.0094693 0.012627 0.018625 0.029101 0.013783 0.017599 0.01106 0.017388 0.019563 0.015573 0.018772 0.014696 0.0219 0.019694 0.022132 -0.011507 0.019441 0.013812 0.025227 0.025354 0.011055 -0.0043884 0.014112 0.0055769 0.014983 0.022093 0.015309 0.028978 0.016582 0.017882 0.013234 0.0023468 0.019622 0.014408 0.0094881 0.032147 0.026154 0.019598 0.033071 0.021476 0.017309 0.002002 0.024675 0.033263 0.012573 0.032092 0.022568 0.015762 0.046265 0.036789 0.021254 0.025134 0.026877 0.018959 0.048427 0.054217 0.055406 0.037371 0.041602 0.050376 0.055406 0.038141 0.026876 0.035628 0.029343 0.032265 0.038491 0.030963 0.024226 0.038836 0.032726 0.027602 0.037386 0.036411 0.050088 0.038723 0.038328 0.020449 0.036867 0.039934 0.034775 0.022988 0.017762 0.0095717 0.042918 0.019686 0.063554 0.056535 0.065536 0.05558 0.052893 0.05669 0.064552 0.049927 0.047628 0.059159 0.060716 0.061466 0.065239 0.058327 0.064704 0.077525 0.064975 0.077104 0.06546 0.073009 0.071006 0.089934 0.078471 0.076514 0.067084 0.05818 0.064766 0.03302 0.020099 0.024435 0.023456 0.037013 0.047794 0.040028 0.035986 0.029369 0.033474 0.03617 0.023772 0.017737 0.027752 0.020624 0.019738 0.0256 0.029175 0.03682 0.006571 0.017139 0.0068321 0.024239 0.025935 0.023309 0.034919 0.022779 0.02122 0.024176 0.018349 0.0084974 0.034078 0.023528 0.025407 0.0078909 0.03482 0.02018 0.016922 0.03577 0.035523 0.02389 0.031602 0.028583 0.028199 0.013161 0.028863 0.021246 0.0025096 0.0073993 0.042579 0.035472 0.0083773 0.0129 0.027973 0.019235 0.01519 0.0010192 0.010545 0.024232 0.017652 0.010633 -0.0040109 0.010896 0.021095 0.00501 0.018157 0.0043526 0.016594 0.011894 0.015704 0.017127 0.041222 0.018804 0.034834 0.032996 0.01376 0.031138 0.020346 0.041154 0.038327 0.051806 0.040798 0.053073 0.046457 0.024735 0.031868 0.022676 0.040782 0.028121 0.044913 0.047869 0.052445 0.065089 0.061445 0.081961 0.077298 0.1239 0.091264 0.098093 0.11835 0.10883 0.10625 0.071103 0.096103 0.084929 0.06965 0.061626 0.078331 0.050751 0.0611 0.045841 0.04253 0.031122 0.033549 0.030194 0.030407 0.046894 0.04885 0.028094 0.032105 0.033579 0.031244 0.029081 0.042246 0.033792 0.028681 0.018333 0.0033432 0.024747 0.018121 0.024077 0.025443 0.0096395 0.0099417 0.0055161 0.014528 0.027208 0.0089116 0.0080407 0.01227 0.021841 0.020441 0.0060468 0.020588 0.022713 0.0079621 0.0090454 -0.012768 0.028066 0.025085 0.0076744 0.014365 0.014275 0.021086 0.039712 0.034428 0.038074 0.034565 0.045346 0.050988 0.050835 0.051348 0.049538 0.047669 0.044129 0.05176 0.028144 0.039155 0.050767 0.034269 0.044047 0.049387 0.04704 0.020932 0.039261 -0.00028144 0.031614 0.027789 0.027412 0.016808 0.021062 0.024924 0.017023 0.018508 0.01694 0.01954 0.009784 0.024947 0.01048 0.019458 0.0266 0.0013682 0.018258 0.025595 0.019396 -0.0066408 0.010398 -0.0017045 0.0022189 0.013397 0.013487 0.012283 0.022678 0.0064086 -0.0011404 -1.8361e-05 0.024471 0.0024229 0.018563 0.0045215 0.00096548 0.026208 0.0097634 0.0016173 0.0041613 0.018621 0.013472 0.015042 -0.0038603 -0.00048258 0.0096033 0.013151 0.017247 -0.006015 0.0065853 0.029683 0.011972 0.010685 0.024442 0.011126 0.0068236 -0.0066612 0.0044915 0.019796 0.0014787 0.0052914 -0.00034479 -0.0083561 0.0068362 0.0098454 -0.010477 0.0158 -0.0137 0.012308 0.0091771 0.012818 0.0080425 -0.01557 0.013233 0.024341 -0.0038193 -0.0055885 0.010536 -0.0019164 0.011245 0.0067134 0.003824 0.0048139 0.0087021 -0.013502 0.00057227 0.0011835 -0.0093307 0.00070779 0.013691 -0.00077459 -0.0093866 0.022655 0.013438 -0.0022807 0.0017336 0.012664 0.0092288 0.013392 0.0071321 0.0013303 0.0051489 -0.010142 -0.0098283 0.016143 0.017508 0.0050108 0.013171 0.015216 -0.0053177 0.021381 0.010582 -0.00050813 -0.0064525 -0.0042355 0.0096874 0.0035482 0.014403 0.0059936 0.012265 0.010175 0.0099444 0.017645 0.00094598 0.0084462 0.007568 -0.010665 0.013239 0.0032281
-0.0082675 0.0051373 0.007516 0.028809 0.011432 -0.00070881 0.0082264 0.003798 0.003991 0.013545 0.0078535 0.021611 -0.0032786 0.024533 3.5054e-05 0.014403 0.0049353 0.027729 0.013074 0.040662 -0.006544 0.010099 0.013048 0.034853 0.011301 0.025117 0.018754 0.0048918 0.026653 0.020144 0.030065 0.020132 0.039317 0.02931 0.002238 0.025482 0.020901 0.021883 0.01859 0.028791 0.028302 0.036939 0.0062152 0.010402 0.027448 0.028892 0.03686 0.028623 0.025361 0.0026951 0.0096949 0.0078946 0.0026836 0.046046 0.04356 0.031575 0.047125 0.043514 0.027845 0.046842 0.045635 0.028603 0.048443 0.032074 0.02467 0.018175 0.022532 0.039562 0.023159 0.032775 0.031123 0.019707 0.018683 0.038997 0.047348 0.040603 0.014899 0.039684 0.05767 0.05817 0.034996 0.039053 0.05278 0.065891 0.059726 0.043786 0.058161 0.066989 0.052405 0.066203 0.066763 0.069851 0.048926 0.047272 0.054833 0.035811 0.047922 0.068263 0.063833 0.047649 0.078105 0.054111 0.06193 0.064192 0.075333 0.062322 0.085605 0.05676 0.062066 0.052932 0.061567 0.068492 0.061018 0.074859 0.054272 0.054662 0.093893 0.068971 0.047025 0.063791 0.037272 0.054078 0.050958 0.050712 0.026506 0.054428 0.041834 0.039164 0.023213 0.059249 0.023895 0.046822 0.054153 0.030029 0.06404 0.047003 0.064818 0.050498 0.06559 0.056698 0.070584 0.042781 0.057271 0.043947 0.039991 0.040713 0.063555 0.032931 0.052972 0.042808 0.049539 0.036688 0.037116 0.033709 0.048392 0.032638 0.038508 0.040928 0.027498 0.03623 0.053797 0.039511 0.051924 0.048864 0.056595 0.041542 0.068746 0.041785 0.039016 0.05424 0.050888 0.038052 0.034445 -0.00048389 0.0062771 0.0096675 0.032894 0.028182 -0.0025787 0.016369 0.020006 0.047176 0.041611 0.041412 0.051244 0.043158 0.051817 0.0607 0.070102 0.077654 0.070036 0.10771 0.10126 0.081102 0.10903 0.10218 0.092716 0.090586 0.11552 0.071155 0.049217 0.059817 0.062933 0.039761 0.029356 0.030681 0.028091 0.02381 0.0025605 0.036404 0.031222 0.011543 0.020466 0.025304 0.016145 0.01415 0.013138 0.014152 0.022434 0.057491 0.028199 0.052431 0.03799 0.059167 0.08061 0.090491 0.076749 0.050554 0.039835 0.061786 0.059649 0.035885 0.046612 0.040179 0.049652 0.040098 0.02871 0.025607 0.043523 0.028974 0.041994 0.0075496 0.011115 0.030134 0.024874 0.037968 0.012673 0.0057508 0.0072297 0.011541 0.010125 0.013236 0.017659 0.0086754 -0.0090349 0.039785 0.0022243 0.014268 0.028771 0.0056311 0.018737 0.013466 -0.0010133 -0.011552 0.018854 0.031375 -0.0046929 0.0030405 0.018648 -0.0074296 0.015218 0.042983 0.010437 0.029258 0.015163 -0.0024092 0.010434 0.014514 0.028961 0.013819 0.019223 0.0078582 0.011468 0.0092715 0.0048911 0.019359 0.0084261 0.021953 0.019418 0.028209 -0.012953 0.016193 0.02089 0.02942 0.023494 -0.00041058 -0.0018891 0.022034 0.0082442 0.012721 0.028265 0.019202 0.031277 0.016798 0.023624 0.015285 0.0077015 0.015336 0.011886 0.0057144 0.024835 0.031631 0.019746 0.038937 0.025676 0.017206 0.0014835 0.014422 0.032711 0.010245 0.036109 0.019837 0.021381 0.051087 0.033211 0.0090082 0.020365 0.036294 0.016621 0.049677 0.052699 0.056998 0.035934 0.031924 0.035232 0.057977 0.032386 0.030492 0.029874 0.015834 0.030893 0.03791 0.037186 0.027043 0.03105 0.035072 0.019349 0.040909 0.038142 0.048873 0.034812 0.046495 0.018624 0.035224 0.047611 0.043086 0.01939 0.026153 0.0074198 0.043562 0.023802 0.067683 0.060812 0.06517 0.057523 0.053934 0.053794 0.068182 0.043313 0.042896 0.062003 0.054047 0.068778 0.06868 0.056779 0.064289 0.07431 0.064211 0.08496 0.059837 0.071031 0.061375 0.069017 0.064978 0.060179 0.056002 0.058032 0.057287 0.033101 0.021525 0.029103 0.014827 0.037216 0.047145 0.041645 0.02499 0.028213 0.034146 0.043027 0.030691 0.01397 0.017477 0.017666 0.018528 0.026542 0.03393 0.039319 0.00085877 0.017475 0.0065548 0.029738 0.023453 0.021469 0.034053 0.014271 0.0103 0.020663 0.0057917 0.012463 0.030052 0.022759 0.026919 0.003487 0.037008 0.021024 0.018475 0.039511 0.040087 0.020145 0.021125 0.031571 0.035093 0.01668 0.019287 0.018241 -0.00073519 -0.0014567 0.052421 0.033016 -0.0010015 0.017419 0.020994 0.0093877 0.020202 0.0014193 0.0068123 0.033294 0.013256 0.020549 -0.01497 0.012407 0.019326 0.0075835 0.028928 -0.0015458 0.026916 0.012873 0.018648 0.022735 0.037618 0.018308 0.038791 0.028728 0.011107 0.029112 0.020163 0.037232 0.040881 0.059974 0.034724 0.051554 0.047985 0.029527 0.041254 0.027128 0.034107 0.03735 0.042026 0.051381 0.047779 0.068497 0.067741 0.083954 0.084536 0.12934 0.092271 0.089293 0.11003 0.099737 0.10172 0.05657 0.088279 0.073413 0.063066 0.055966 0.075433 0.060065 0.060715 0.0426 0.031276 0.025399 0.035556 0.028317 0.032911 0.042674 0.045482 0.026848 0.030148 0.044621 0.023186 0.029683 0.043863 0.031689 0.038636 0.015023 0.0078041 0.025477 0.02033 0.024753 0.026922 0.016154 0.0067828 0.0020969 0.0087708 0.021302 0.014779 0.0020187 0.013673 0.018852 0.02897 0.0039378 0.017789 0.014458 0.01109 0.012562 -0.0077868 0.029878 0.02861 0.017475 0.010776 0.0064617 0.018289 0.029815 0.037225 0.028157 0.034112 0.041839 0.047921 0.045926 0.047064 0.035911 0.047595 0.037168 0.050719 0.030369 0.035031 0.044992 0.036264 0.035633 0.053344 0.042462 0.023495 0.034702 -0.0035058 0.02551 0.020227 0.020034 0.013529 0.017587 0.018542 0.017159 0.015576 0.016756 0.0074938 0.010916 0.025889 0.0049431 0.025684 0.025757 -0.0035112 0.0095199 0.017458 0.021015 -0.01472 0.0097178 -0.0045705 -0.0016801 0.013563 0.011187 0.023691 0.025709 0.010291 -0.010276 -0.01137 0.02054 0.0023734 0.012788 0.0032352 -0.0017557 0.031351 0.0052077 0.0014871 -0.0019496 0.013026 0.015181 0.017755 -0.008372 -0.0018957 0.016251 0.0054199 0.022943 -0.010795 0.0037925 0.028621 0.012205 0.020069 0.023073 0.0043238 0.0076684 -0.0080632 7.5967e-05 0.020125 0.0031703 -0.0038102 -0.0050009 -0.015163 0.0067737 0.017531 -0.0085902 0.0082112 -0.015002 0.006017 0.00077602 0.0042755 0.0080654 -0.017348 0.0081207 0.020875 -0.00095236 -0.011887 0.0051042 0.0035141 0.0158 0.0047668 0.0039522 0.0053206 0.0033165 -0.014774 -0.00092718 0.0082149 -0.013915 0.00086888 0.019421 -0.0061496 -0.023761 0.019913 0.0066954 -0.0032507 -0.0061805 0.0012236 0.0027761 0.011086 0.0025027 -0.0018236 0.0012262 -0.006497 -0.012077 0.016546 0.024597 0.0060999 0.015357 0.01085 -0.0060175 0.016479 0.0078252 -0.00046331 -0.0048761 -0.0095573 0.0016652 -0.00038816 0.0095857 0.013465 0.009226 0.015129 0.013028 0.032488 -0.0082784 0.013065 0.016514 -0.017212 0.0064645 -0.0025597
-0.0086459 0.0017035 0.013984 0.038824 0.014257 -0.0042551 0.011919 0.00037635 0.0103 0.012766 0.021097 0.02449 0.0023674 0.023584 0.0097794 0.011099 0.0017338 0.019681 0.016556 0.034207 -0.016019 0.013691 0.0061056 0.031563 0.018454 0.031891 0.017019 0.015116 0.03786 0.017227 0.035916 0.028538 0.04388 0.044357 -0.0049355 0.019847 0.019652 0.03732 0.023322 0.025419 0.03181 0.034672 0.0074434 0.020706 0.0296 0.04287 0.035472 0.040017 0.024477 0.0071545 0.016148 0.011489 -0.0035995 0.041806 0.048626 0.031941 0.047689 0.047106 0.034149 0.061252 0.049355 0.037015 0.050189 0.052389 0.023424 0.013656 0.02366 0.035696 0.017534 0.023326 0.042889 0.022117 0.017081 0.038275 0.04834 0.058377 0.029939 0.046074 0.0705 0.072043 0.053338 0.042798 0.069687 0.075388 0.06562 0.036507 0.044357 0.061638 0.050315 0.06625 0.049083 0.052775 0.039793 0.057297 0.058319 0.038687 0.057537 0.077653 0.066585 0.063117 0.086654 0.058319 0.076187 0.076953 0.075449 0.07882 0.092101 0.064372 0.081973 0.04914 0.058257 0.074439 0.059311 0.059562 0.056467 0.048052 0.10201 0.05694 0.039676 0.063678 0.042556 0.049921 0.060885 0.06067 0.020237 0.055811 0.04881 0.036801 0.03005 0.069074 0.0043833 0.058695 0.05604 0.022298 0.075926 0.038317 0.059952 0.04755 0.064918 0.06533 0.079418 0.046054 0.060951 0.045216 0.048669 0.040385 0.065566 0.030453 0.04447 0.044793 0.047925 0.029368 0.037011 0.03217 0.054716 0.022975 0.031685 0.050196 0.026426 0.033305 0.051142 0.045309 0.041294 0.047053 0.048536 0.038959 0.06865 0.035303 0.022334 0.058931 0.050238 0.030152 0.030221 -0.0095352 0.0095661 0.011589 0.038958 0.028728 -0.009498 0.018071 0.026767 0.056237 0.05241 0.044509 0.055257 0.065496 0.050985 0.075552 0.068034 0.085743 0.06434 0.11814 0.1007 0.082866 0.1041 0.086295 0.077765 0.075244 0.12136 0.058149 0.041631 0.050532 0.068317 0.030454 0.025144 0.020573 0.016414 0.013742 -0.002847 0.031678 0.034934 0.014753 0.018587 0.029199 0.03216 0.015362 0.01913 0.023244 0.028448 0.081008 0.044117 0.057692 0.042157 0.046894 0.065477 0.06925 0.064713 0.033071 0.028922 0.057123 0.049906 0.034707 0.030786 0.039732 0.053755 0.030855 0.024593 0.023611 0.03998 0.0333 0.034609 0.0070082 0.0044708 0.03186 0.028943 0.038988 0.0010629 0.0051849 0.0086193 0.0030913 0.0067884 0.014474 0.012119 0.009109 -0.013877 0.049251 0.0021934 0.0078358 0.034263 0.0026239 0.015752 0.016564 -0.0021764 -0.026748 0.031338 0.030618 -0.021456 0.0022755 0.025854 -0.008758 0.017528 0.055033 0.016954 0.022412 0.0077401 -0.017454 0.0053275 0.0074173 0.024613 0.015787 0.018015 0.0032589 0.0057372 -0.00018185 -0.004118 0.023239 -0.001254 0.016501 0.017103 0.034998 -0.0051093 0.018703 0.030132 0.028706 0.02305 -0.017351 -0.00055096 0.030044 0.012044 0.012017 0.034484 0.021408 0.02528 0.015662 0.03037 0.017482 0.014971 0.0096501 0.0071015 0.0057519 0.01035 0.031628 0.017236 0.04295 0.029249 0.021268 0.0049891 0.0039861 0.033305 0.012118 0.036428 0.014173 0.032135 0.051172 0.025274 -0.0099618 0.011879 0.050116 0.011682 0.049604 0.049773 0.05974 0.038775 0.011779 0.01368 0.061525 0.028092 0.038801 0.016945 0.0023166 0.030767 0.035828 0.044441 0.025897 0.019335 0.039601 0.0039487 0.04731 0.033832 0.044706 0.03009 0.057992 0.017837 0.033473 0.051488 0.05399 0.015821 0.039898 0.007345 0.03416 0.031084 0.065224 0.061011 0.063054 0.058371 0.053217 0.047391 0.06878 0.031105 0.041179 0.065481 0.045341 0.079926 0.070373 0.055434 0.057996 0.0643 0.060729 0.090866 0.049815 0.066152 0.052888 0.048304 0.050062 0.046561 0.043766 0.058162 0.045734 0.027478 0.027191 0.028303 0.002904 0.038695 0.04682 0.039032 0.010638 0.028285 0.034975 0.050512 0.030435 0.010985 0.0038624 0.01495 0.017222 0.027493 0.044077 0.036402 -0.0068772 0.01599 0.0036121 0.039697 0.020826 0.011605 0.028756 0.0010855 -0.0076404 0.012205 -0.0078377 0.020087 0.021135 0.024291 0.022898 -0.0049224 0.042431 0.021813 0.020085 0.040218 0.036951 0.010433 0.0070229 0.029529 0.03765 0.020509 0.0038186 0.007435 -0.0036096 -0.011299 0.059012 0.024253 -0.012229 0.023565 0.0018743 0.00094641 0.029148 0.0074593 0.0035115 0.035946 0.005465 0.029554 -0.026534 0.017693 0.015634 0.012526 0.035378 -0.0088251 0.04091 0.015613 0.021633 0.030869 0.028359 0.021481 0.045084 0.018743 0.0040468 0.024499 0.014028 0.026199 0.043744 0.065555 0.027681 0.045096 0.042675 0.029767 0.054045 0.032907 0.022307 0.050463 0.033706 0.053345 0.042316 0.070408 0.070719 0.080104 0.088141 0.12562 0.089622 0.078032 0.093794 0.076841 0.096439 0.036827 0.072658 0.05401 0.05098 0.048168 0.066804 0.06935 0.059909 0.040172 0.016248 0.022699 0.040608 0.03202 0.030912 0.03463 0.040586 0.023438 0.033373 0.061227 0.015571 0.029857 0.040887 0.025026 0.046107 0.018176 0.01683 0.025852 0.02213 0.029236 0.025055 0.018954 0.0084899 0.00083902 -0.0029814 0.0091514 0.023844 -0.0021615 0.015682 0.0222 0.042071 0.0056828 0.014005 0.00054438 0.014145 0.017921 -0.0007361 0.027517 0.031873 0.025511 0.0093428 0.0027019 0.0096528 0.0087362 0.038851 0.014539 0.0321 0.034036 0.041626 0.039162 0.04117 0.019423 0.051015 0.026546 0.044238 0.026939 0.03103 0.039123 0.036176 0.021911 0.053435 0.03581 0.033186 0.025726 -0.0018442 0.019028 0.0090571 0.015159 0.0049879 0.010833 0.011452 0.013461 0.0094317 0.016268 -0.0066254 0.013726 0.023616 -0.0069842 0.02716 0.02278 -0.0076961 0.0034037 0.010491 0.02216 -0.019222 0.0087367 -0.0012317 -0.0089517 0.0083364 0.0077637 0.034277 0.028348 0.012133 -0.015378 -0.02216 0.013476 0.0071521 -5.7837e-06 0.0042528 -0.0032608 0.033822 -0.004752 0.0044551 -0.0062041 0.008881 0.014037 0.0236 -0.011766 -0.0030719 0.020917 -0.00021447 0.022301 -0.011334 -0.0011546 0.027929 0.0087239 0.035773 0.012728 -0.0011676 0.0087923 -0.0084761 -0.0049132 0.016352 0.002067 -0.010544 -0.0044471 -0.026548 0.0053546 0.024912 -0.00073153 -0.0032938 -0.016242 -0.0058437 -0.0059075 -0.010879 0.0040097 -0.015689 0.0010442 0.014205 0.0029835 -0.015536 -0.0014339 0.0098435 0.02075 0.0059136 0.0060661 0.0078109 5.5628e-05 -0.013874 0.00070143 0.020497 -0.011778 0.00097957 0.022866 -0.016272 -0.03891 0.014669 -0.0064841 0.00058584 -0.019066 -0.014558 -0.0092529 0.0085259 0.0017747 -0.0057389 -0.00072989 -0.00070433 -0.013384 0.0093304 0.027159 0.0043167 0.018276 0.01004 -0.0077291 0.0068006 0.0081698 -0.0011003 0.0011899 -0.013957 -0.010819 -0.0021937 0.0042023 0.025106 0.006436 0.017141 0.015273 0.047602 -0.024255 0.013722 0.02075 -0.022648 0.0010927 -0.0074517
-0.0061508 -0.0042272 0.020972 0.057494 0.013464 -0.01153 0.01945 0.00072076 0.019526 0.01189 0.030354 0.010217 0.013107 0.017453 0.026108 0.011432 -0.006297 0.0041851 0.026283 0.025091 -0.031125 0.015763 -0.0039745 0.018888 0.02382 0.034106 0.017082 0.029573 0.051233 0.017631 0.034707 0.044564 0.042395 0.059766 -0.01065 0.010181 0.011528 0.05726 0.030244 0.015139 0.030395 0.012757 0.010724 0.035804 0.027143 0.060168 0.018381 0.051553 0.018447 0.017422 0.031626 0.016875 -0.0066253 0.036938 0.050685 0.028961 0.037042 0.04064 0.041292 0.069579 0.047464 0.040288 0.039031 0.081341 0.021252 0.0022685 0.019914 0.021456 0.013577 0.015831 0.050221 0.032305 0.019364 0.041473 0.048705 0.073235 0.049257 0.049907 0.082561 0.082709 0.077578 0.046531 0.085722 0.082108 0.070474 0.022911 0.01953 0.042809 0.053043 0.063969 0.026117 0.036878 0.031611 0.06891 0.064179 0.042958 0.078321 0.080762 0.061963 0.081194 0.093463 0.063668 0.088199 0.07833 0.072012 0.089041 0.087321 0.071304 0.10018 0.037109 0.05278 0.072526 0.055347 0.037614 0.062534 0.046301 0.10334 0.035265 0.026877 0.063862 0.050439 0.037628 0.061699 0.071735 0.015199 0.050136 0.047401 0.030302 0.040744 0.076257 -0.017543 0.063373 0.057375 0.015114 0.081752 0.024496 0.046099 0.030369 0.060016 0.072544 0.082694 0.044009 0.058796 0.046994 0.060156 0.042494 0.064174 0.028816 0.030061 0.035023 0.038316 0.021019 0.043121 0.033478 0.062757 0.010366 0.01285 0.055411 0.021722 0.026221 0.045213 0.05617 0.022296 0.04627 0.035032 0.042407 0.055825 0.024038 0.0072007 0.062218 0.050659 0.024232 0.024404 -0.016047 0.018342 0.012521 0.049332 0.02831 -0.019643 0.015953 0.035187 0.061527 0.065924 0.049769 0.055419 0.083767 0.036666 0.093067 0.053816 0.08359 0.054955 0.12776 0.09076 0.091655 0.090516 0.065253 0.058332 0.059204 0.12151 0.055876 0.034071 0.029486 0.074669 0.025252 0.02184 0.0049512 0.0057895 -0.00012756 -0.0064597 0.013505 0.036116 0.0146 0.013425 0.030123 0.053023 0.013526 0.029541 0.026597 0.030241 0.106 0.064386 0.052837 0.045044 0.020036 0.049599 0.039905 0.051112 0.01548 0.018586 0.053484 0.038323 0.040055 0.0090078 0.042799 0.057418 0.019631 0.028558 0.022296 0.026762 0.041784 0.028942 0.013323 -0.0010617 0.039456 0.029864 0.037881 -0.011306 0.00052574 0.01092 -0.0089615 0.0055648 0.02181 -0.0024153 0.0075277 -0.025381 0.056467 0.0068154 -0.0011354 0.038902 0.007082 0.010259 0.015272 -0.0071369 -0.043238 0.048498 0.024741 -0.037613 0.00084848 0.027983 -0.012638 0.02135 0.063351 0.023804 0.0096255 -0.0066543 -0.031994 -0.0031289 -0.0027942 0.014539 0.018637 0.011899 -0.0014629 0.0015011 -0.0054661 -0.01095 0.030606 -0.01287 -0.004027 0.0124 0.036992 0.016802 0.028743 0.03687 0.017046 0.027931 -0.035256 -0.0023627 0.036678 0.015935 0.011135 0.038281 0.019065 0.0078858 0.012569 0.035905 0.022958 0.019773 0.0035416 0.00020568 0.0059886 -0.010052 0.02685 0.012362 0.042322 0.031546 0.027873 0.011321 -0.0077538 0.036786 0.021443 0.031401 0.0047245 0.044446 0.044209 0.014951 -0.033122 0.00070011 0.067117 0.0041594 0.044651 0.042617 0.061906 0.043823 -0.019661 -0.014618 0.069529 0.026264 0.053281 -0.0032465 -0.012872 0.032257 0.032029 0.049821 0.016946 0.0079554 0.044097 -0.017553 0.058099 0.024576 0.033301 0.028015 0.070128 0.018147 0.032052 0.049414 0.064437 0.0084352 0.058588 0.0087765 0.010137 0.041702 0.053115 0.051253 0.061099 0.056202 0.049007 0.031952 0.059493 0.0085084 0.044698 0.063797 0.037312 0.091685 0.068135 0.052577 0.045331 0.045986 0.051123 0.089309 0.03376 0.055992 0.041054 0.026975 0.034707 0.041034 0.027481 0.054952 0.028009 0.011832 0.034209 0.015388 -0.015262 0.043205 0.044563 0.029162 -0.0051419 0.030722 0.0354 0.053955 0.018413 0.0075841 -0.015361 0.01132 0.019573 0.025283 0.055946 0.025283 -0.017177 0.011353 -0.0031173 0.051151 0.020601 -0.0087476 0.014511 -0.015747 -0.033199 -0.0039953 -0.02134 0.026839 0.0049592 0.027646 0.011068 -0.0185 0.049675 0.020263 0.022362 0.035191 0.023179 -0.0071639 -0.0093975 0.022373 0.030716 0.021043 -0.016851 -0.014843 -0.0087433 -0.016025 0.05955 0.010827 -0.024474 0.028218 -0.030905 -0.0038291 0.040558 0.021923 0.0032973 0.026425 -6.6755e-05 0.032669 -0.031518 0.02552 0.0068047 0.015896 0.029052 -0.016148 0.057183 0.022126 0.023443 0.040295 0.013011 0.030606 0.052579 0.0025881 -0.0099247 0.016903 -0.00037459 0.0046629 0.044346 0.066992 0.020033 0.032326 0.024558 0.018276 0.067194 0.036446 0.004669 0.064651 0.019906 0.05006 0.036221 0.068262 0.07078 0.068889 0.083598 0.10971 0.079986 0.064273 0.071405 0.037821 0.088205 0.005161 0.047045 0.029491 0.031239 0.039275 0.048197 0.072112 0.0591 0.038357 -0.0007493 0.023584 0.049239 0.040759 0.023536 0.026788 0.035058 0.018271 0.041701 0.077118 0.008435 0.026035 0.031168 0.01077 0.046337 0.032241 0.023416 0.025841 0.019036 0.034747 0.015077 0.012561 0.015389 -0.0010042 -0.020109 -0.0077712 0.035787 -0.0041328 0.016703 0.033208 0.058426 0.013466 0.0069617 -0.016575 0.017418 0.021527 0.007268 0.01893 0.033647 0.027535 0.011501 0.0078002 -0.0063633 -0.019757 0.037311 -0.0036236 0.024574 0.016737 0.034663 0.032115 0.032457 0.0028017 0.057809 0.011607 0.029859 0.011884 0.028234 0.032877 0.029719 0.001276 0.043823 0.028207 0.05246 0.015828 0.0075157 0.010322 -0.0072265 0.015229 -0.010367 0.00094592 0.003091 0.0060803 0.0011157 0.014867 -0.017299 0.018248 0.01263 -0.021275 0.020012 0.013389 -0.010731 0.0013438 0.010746 0.02403 -0.019446 0.0080097 0.01222 -0.022088 -0.0006574 -0.0010193 0.040071 0.027511 0.0068112 -0.012306 -0.02848 0.0040586 0.016104 -0.020471 0.010177 -0.0058476 0.032935 -0.024127 0.009828 -0.0062676 0.0042822 0.0083182 0.031537 -0.013765 -0.0043624 0.017909 0.002235 0.012212 -0.0069854 -0.005592 0.027505 0.0027164 0.052729 -0.0091615 -0.00044414 0.0086458 -0.009144 -0.012272 0.0069216 -0.00011302 -0.0097648 0.0044893 -0.040312 0.00070632 0.027073 0.011156 -0.016584 -0.019364 -0.021782 -0.0088088 -0.032061 -0.012138 -0.012606 -0.013081 0.006011 0.0055187 -0.013483 -0.0057576 0.01462 0.020507 0.01062 0.0097753 0.011896 0.002272 -0.0098559 0.00608 0.035633 0.0008311 0.00074308 0.022675 -0.032375 -0.050036 0.0067955 -0.026668 0.0079535 -0.033012 -0.032664 -0.02428 0.0095162 0.0071131 -0.013142 0.00055682 0.0018124 -0.01293 -0.0095533 0.021176 0.00063171 0.019571 0.015403 -0.0088911 -0.0051388 0.01449 -0.0017816 0.013357 -0.012643 -0.025287 -0.00039756 0.0020048 0.039731 0.001759 0.012738 0.013386 0.057182 -0.04864 0.0079809 0.014345 -0.022904 0.0014033 -0.0061591
0.0055161 0.01502 0.013494 0.028674 0.00028713 0.012901 -0.022667 0.02921 0.019197 0.014148 -0.0071011 0.0022095 0.015317 -0.0022928 0.016803 -0.0054542 0.0072547 0.01499 0.0081061 0.015981 0.015865 0.032687 0.014128 0.01778 0.015946 -0.0013714 -0.00092958 0.025617 0.031972 0.041307 0.017997 0.0079997 0.011765 0.0060624 0.025172 -0.013426 0.033157 -0.014367 0.00040454 -0.0022804 -0.0020971 0.021709 0.0002487 0.012175 -0.022892 -0.0025213 0.0054729 0.011627 0.015635 0.012251 -0.001601 0.0057941 0.039174 -0.0048664 0.0019382 -0.0086577 -0.0019284 0.0090873 0.0095692 0.0010629 -0.0037583 0.018766 0.013606 0.018873 0.0086162 -0.0038171 0.036387 -0.0057793 0.017062 0.042849 0.028985 0.038136 0.0076111 0.0072932 -0.0044707 0.015231 0.004619 0.008986 0.0079123 0.010434 -0.0038795 0.0013638 0.017404 0.013974 0.019496 0.023871 0.028484 0.038981 0.044028 0.061448 0.055314 0.041326 0.048866 0.06607 0.03122 0.012014 0.048019 0.047452 0.039219 0.043315 0.012323 0.029355 0.022313 0.03335 0.031513 0.0054184 0.035671 0.017081 0.024333 0.035509 0.006667 0.034283 0.03696 0.057879 0.060908 0.038542 0.062563 0.038888 0.065415 0.059131 0.030891 0.024351 0.036166 0.048378 0.017141 0.0068476 0.045012 0.017868 0.015768 0.014593 0.011632 0.039991 0.020439 0.02273 0.042251 0.048648 0.0013252 0.010787 0.031905 0.048147 0.024442 0.050287 0.006808 0.041547 0.015028 0.023795 0.023266 0.051566 0.04183 0.046789 0.029682 0.03469 0.036632 0.028947 0.052389 0.016648 0.022128 0.041687 0.008824 0.015739 0.023924 0.018734 0.036699 0.040317 0.03969 0.091799 0.070474 0.061606 0.043996 0.061493 0.056228 0.03482 0.033647 0.030065 0.015381 0.013941 -0.0012259 0.016715 -0.0040628 0.010702 0.0096799 0.017208 0.0011656 0.020071 -0.0037026 0.033347 -0.0057044 0.010095 0.060868 0.077153 0.030886 0.027053 0.077528 0.096493 0.073466 0.064431 0.084617 0.089523 0.11208 0.10474 0.072983 0.08814 0.079311 0.059218 0.037506 0.051973 0.05065 0.046981 0.024143 0.014102 0.009298 0.021822 0.0043266 0.018174 0.014503 0.012231 -0.0046198 0.011615 -0.011807 0.017413 0.0023896 0.01012 -0.0039994 0.029419 0.041268 0.07367 0.10466 0.13114 0.099449 0.093187 0.094769 0.069937 0.064377 0.07148 0.050626 0.048805 0.055583 0.03183 0.033924 0.033556 0.048448 0.033036 0.047527 0.0098221 0.031721 0.011569 0.016174 0.010707 0.022887 0.010137 0.0038147 0.015544 0.019294 0.0045169 0.02069 -0.0043452 0.0046603 0.0047437 0.029364 0.010535 0.0057158 0.0053862 0.00053856 0.01974 0.024398 -0.0011798 0.042732 -0.014901 0.0084533 0.0016563 -0.0074301 0.022108 0.0022648 0.0026916 0.021059 0.018086 0.017933 0.015549 0.023371 0.026875 0.0022288 0.031942 0.039406 0.047183 0.038598 0.021525 0.039959 0.025412 0.012007 0.029185 0.02745 0.0026571 -0.016323 -0.0093121 0.0090421 0.0010668 0.0085203 -0.015738 0.014091 0.019455 0.025494 0.0044487 0.027382 0.0045353 0.017245 0.0024763 0.022011 0.023142 0.0048705 0.028736 0.0050111 0.038971 0.049098 0.003403 0.019632 0.057687 0.014603 -0.0093865 0.0016467 0.0067735 0.038841 0.015516 0.02853 0.007818 0.0019854 0.015324 0.015021 0.042718 0.048342 0.041781 0.038911 0.064658 0.043561 0.053526 0.046541 0.047851 0.022582 0.025305 0.040437 0.064249 0.017522 0.040295 0.021076 0.062779 0.040413 0.040311 0.028099 0.043475 0.054938 0.019196 0.024252 0.011754 0.026473 0.012732 0.014792 0.040134 0.046511 0.011312 0.036631 0.035401 0.021318 0.02803 0.026851 0.027439 0.02839 0.069491 0.080008 0.051213 0.051007 0.059568 0.064402 0.046874 0.052313 0.043435 0.075997 0.062274 0.052853 0.062646 0.064858 0.080471 0.095427 0.094748 0.15293 0.13729 0.12139 0.13034 0.10907 0.080119 0.057331 0.068119 0.088594 0.083646 0.076291 0.046938 0.062475 0.055467 0.031443 0.036079 0.027795 0.073487 0.044968 0.054421 0.061482 0.070582 0.033382 0.02787 0.034212 0.050946 0.013163 0.042422 0.041655 0.041086 0.045204 0.030844 0.047947 0.036481 0.038056 0.046856 0.028797 0.039449 0.034395 0.04593 0.039574 0.039115 0.021178 0.029098 0.03585 0.027219 0.021735 0.030947 0.029996 0.01896 0.012313 0.028133 0.027874 0.031614 0.042889 0.052448 0.042763 0.052728 0.041709 0.021652 0.033907 0.015499 0.023031 0.03426 0.050476 0.0078032 0.0017799 0.022832 0.0072148 0.018478 0.0096259 0.047155 0.0056087 0.017547 -4.4734e-05 0.018832 0.04076 0.03058 0.020796 0.0012101 0.0091767 0.033833 -0.0115 0.033513 0.021154 0.02023 0.015946 0.014437 0.022455 0.01969 0.028171 0.035788 0.032045 0.030509 0.035671 0.014088 0.017715 0.029579 0.028795 0.028119 0.059315 0.057038 0.067867 0.045937 0.092104 0.094089 0.033099 0.08784 0.074915 0.078632 0.06092 0.032933 0.060878 0.066641 0.045171 0.047823 0.049797 0.033525 0.040183 0.027148 0.0337 0.035277 0.024008 0.054501 0.049932 0.037227 0.037144 0.035403 0.028438 0.043 0.02065 0.02633 0.034078 0.023652 0.036003 0.044778 0.045315 0.0013358 0.0048699 0.032934 0.02414 0.0096246 0.038979 0.015932 0.01885 0.027404 0.0084367 0.026741 0.00035756 -0.020175 0.038459 0.019006 0.019506 -0.0016678 0.0043543 0.033008 0.039111 0.035723 0.022707 -0.0011246 0.025899 0.018668 0.03327 0.034183 0.036448 0.038955 0.049382 0.063188 0.075854 0.058435 0.064175 0.072771 0.065362 0.050928 0.038444 0.029109 0.048965 0.041308 0.034727 0.03724 0.041832 0.05416 0.048307 0.041875 0.025508 0.051586 0.036325 0.038398 0.024064 0.059817 0.030714 0.037043 0.049359 0.064305 0.036222 0.010277 0.016745 0.00041803 -0.00626 0.016041 0.015203 0.040041 0.012007 0.018889 0.04333 0.035659 0.036305 0.04343 0.028631 0.02244 0.020334 0.0068945 0.01809 0.0078161 0.011866 0.0049546 0.027324 0.031407 0.024887 0.026228 0.027236 0.0091724 0.015561 0.012317 0.015936 0.0291 0.0058169 0.021305 0.012672 0.00023773 -0.0042246 0.031516 0.032824 0.0057895 0.029061 0.021275 0.023024 0.0012895 -0.0015517 0.009633 0.018925 0.041183 0.034212 0.021906 0.022418 -0.0020205 0.019249 0.0018878 0.016441 0.020232 0.02434 0.021152 0.014299 0.0015868 0.030332 0.020131 0.039415 0.020032 -0.0065679 0.0095008 0.0049269 0.011011 0.015826 -0.00069696 0.026901 0.02634 0.0046788 0.016159 0.003853 0.042179 0.020283 0.009058 0.012393 -0.0015448 0.016487 0.022507 0.011523 0.0094922 -0.00063638 0.0037122 0.0032943 0.010177 -0.0039779 0.049477 0.014899 -0.0034231 0.034762 0.00081065 0.014306 0.019189 -0.016937 0.014876 0.017329 0.001448 0.019111 0.0085087 0.010505 0.0079217 0.016548 0.031531 0.0088022 0.0092442 -0.0017074 0.016923 0.022041 0.012657 0.022361 -0.018281 0.021376 0.028915
0.011616 0.013035 0.016962 0.0063318 0.014433 -0.0051874 0.020757 0.01292 0.010099 -0.011686 -0.00082262 0.016425 -0.0011948 0.013402 -0.0036493 0.0023173 0.014089 0.012825 0.011029 0.014498 0.020834 0.015904 0.01647 0.01246 0.0057741 0.013682 0.013744 0.038889 0.038421 0.018168 0.0056266 0.017417 0.013266 0.034361 -0.0062853 0.024392 0.00083707 0.002065 -0.006537 0.0055938 0.016872 0.0018254 0.022771 -0.02467 -0.006261 0.0037504 0.011983 0.021067 0.018206 0.00072007 0.005967 0.027113 -0.011589 0.01245 -0.010745 0.0018029 0.01211 0.010833 0.0089492 0.0047221 0.010836 0.024709 0.015964 0.01162 -0.0018328 0.037618 0.0080925 0.018017 0.035389 0.028634 0.038911 0.016065 0.013282 0.010054 0.016218 0.0076774 0.0023864 0.011161 0.012477 0.002587 0.0087698 0.018295 0.0087964 0.021294 0.02451 0.036017 0.041255 0.055363 0.062175 0.062795 0.049534 0.060135 0.067651 0.040272 0.02385 0.045695 0.050517 0.038713 0.048442 0.021346 0.026902 0.024831 0.031116 0.035671 0.0078561 0.025049 0.019635 0.035347 0.031816 0.014236 0.035071 0.040139 0.062116 0.06546 0.046713 0.065626 0.043065 0.073537 0.06313 0.034227 0.029216 0.04731 0.052312 0.010388 0.013083 0.042694 0.021947 0.020409 0.024257 0.016166 0.042893 0.024974 0.022238 0.043569 0.046902 0.014362 0.023215 0.03458 0.03784 0.022641 0.050347 0.018741 0.037075 0.020566 0.029112 0.030849 0.050584 0.050303 0.049658 0.043843 0.04289 0.046415 0.034579 0.052771 0.01801 0.023277 0.036519 0.0078816 0.013515 0.025809 0.022089 0.034323 0.034183 0.040995 0.089034 0.074707 0.071281 0.051994 0.072073 0.067522 0.052531 0.028607 0.030087 0.016735 0.014132 0.0087481 0.006303 0.0026791 0.010866 0.011943 0.013936 0.0099173 0.018218 -0.0035038 0.023985 -0.0046631 0.015924 0.055239 0.069274 0.039718 0.04601 0.080003 0.092709 0.081281 0.062439 0.082189 0.103 0.12343 0.12473 0.076599 0.091802 0.081811 0.060917 0.031535 0.046624 0.042432 0.042816 0.028752 0.013808 0.019489 0.021468 0.01084 0.018367 0.015474 0.0094497 -0.0057323 0.010486 -0.0085067 0.018747 -0.0029231 0.0068027 -0.00033688 0.037109 0.052794 0.091631 0.1119 0.13495 0.11768 0.10179 0.10581 0.068814 0.067695 0.076098 0.045351 0.051003 0.054682 0.040068 0.032168 0.043214 0.049466 0.036471 0.047619 0.021932 0.023884 0.016274 0.021349 0.01624 0.029559 0.0098603 0.0089645 0.01804 0.016255 0.011171 0.02161 -0.0055314 0.0075906 0.0031213 0.026175 0.01107 0.0026293 0.0096303 0.004059 0.01323 0.015482 -0.00094469 0.037822 -0.004638 0.0028425 0.0053734 -0.010849 0.014864 -0.0026395 0.0048506 0.018553 0.012399 0.02015 0.020035 0.01453 0.026644 -0.00048467 0.026409 0.037346 0.040308 0.033562 0.028248 0.031583 0.033267 0.011598 0.030317 0.021936 0.014308 -0.0015114 -0.0050459 0.011269 0.0045021 0.00062377 -0.012291 0.011718 0.023726 0.014428 0.0041964 0.023318 0.0035794 0.011469 -0.00013876 0.021533 0.025139 -0.0014574 0.03023 0.009857 0.029742 0.04887 0.0045092 0.022717 0.049543 0.024007 0.0083221 0.0061707 0.012271 0.036594 0.017162 0.031955 0.010646 0.0029406 0.016287 0.014523 0.032644 0.039266 0.045228 0.04596 0.06069 0.055256 0.047097 0.053358 0.043122 0.028388 0.031435 0.039293 0.070068 0.02682 0.042115 0.027826 0.061166 0.032546 0.039301 0.022933 0.04298 0.047296 0.029253 0.021537 0.019972 0.027097 0.019485 0.0034872 0.036197 0.048978 0.015967 0.034903 0.030934 0.016717 0.032518 0.031503 0.032857 0.038546 0.064195 0.079426 0.056405 0.060879 0.060814 0.06728 0.048474 0.05167 0.044959 0.067099 0.048708 0.054358 0.060511 0.063656 0.074363 0.090062 0.10333 0.14222 0.13721 0.11968 0.13165 0.10529 0.085188 0.053073 0.061989 0.067688 0.079252 0.069725 0.048877 0.057977 0.054037 0.029642 0.036545 0.033874 0.058746 0.04516 0.052055 0.051055 0.056894 0.033521 0.036231 0.035264 0.045944 0.013475 0.032411 0.040312 0.029676 0.041331 0.025966 0.046023 0.034869 0.031626 0.045185 0.032917 0.041939 0.035673 0.036823 0.033628 0.034795 0.01936 0.017361 0.027092 0.026245 0.017757 0.023902 0.014933 0.014595 0.014444 0.024229 0.029685 0.032149 0.033436 0.041966 0.033032 0.049325 0.039202 0.015807 0.029801 0.022501 0.02432 0.034235 0.034663 0.0028585 -0.0046223 0.018363 0.011405 0.016316 0.011599 0.039196 0.00071761 0.012794 -0.0030377 0.013795 0.0319 0.031088 0.022186 0.0093481 0.014632 0.025983 -0.0040933 0.027686 0.029328 0.020396 0.014186 0.022913 0.020872 0.024585 0.027483 0.038097 0.034417 0.031797 0.040809 0.017929 0.023817 0.033178 0.033528 0.032376 0.052654 0.046615 0.062053 0.051794 0.093486 0.095375 0.041602 0.092338 0.083014 0.076828 0.054871 0.037143 0.056293 0.058398 0.047918 0.047709 0.047646 0.027814 0.040958 0.02427 0.039406 0.027046 0.020952 0.053069 0.039894 0.042171 0.04099 0.043389 0.029226 0.04014 0.020433 0.019812 0.031985 0.033742 0.028518 0.042211 0.050404 0.0043271 0.0067146 0.031324 0.030917 0.017045 0.031857 0.013783 0.020164 0.027481 0.011609 0.027244 0.0026651 -0.011333 0.034627 0.016145 0.023551 -0.0018145 0.00013148 0.03388 0.031227 0.033934 0.021071 0.0041775 0.018223 0.01504 0.039843 0.029455 0.038188 0.039963 0.045032 0.059984 0.072927 0.05145 0.05839 0.067708 0.050539 0.048117 0.050922 0.03607 0.046685 0.041993 0.032705 0.035728 0.043679 0.043493 0.047628 0.035952 0.032879 0.042124 0.035321 0.045733 0.020015 0.048191 0.026328 0.033273 0.037781 0.057531 0.032717 0.0084268 0.018447 0.0063888 0.0011323 0.016169 0.0158 0.045894 0.015585 0.017428 0.040157 0.029642 0.039945 0.029718 0.026168 0.01653 0.017141 0.0093464 0.016939 0.015007 0.007389 0.010524 0.030131 0.027471 0.019779 0.020783 0.022307 0.018444 0.0099391 0.019848 0.01791 0.024164 0.0095777 0.021468 0.0076501 0.017685 -0.0073526 0.028985 0.019781 0.011802 0.017799 0.017564 0.027785 0.00054274 0.0070102 0.0051097 0.0080165 0.040938 0.031228 0.012371 0.021977 0.0066117 0.01456 0.0081983 0.016951 0.013593 0.027741 0.025724 0.015222 -0.00092948 0.031034 0.012095 0.033932 0.015317 -0.0023293 0.0032875 0.013854 0.013073 0.016392 0.0101 0.023817 0.021728 0.0064846 0.01844 0.013966 0.032891 0.012254 0.0023997 0.011389 0.00015527 0.016442 0.024682 0.0097029 0.0092724 -0.010052 0.0057068 0.007249 0.0049966 0.0057608 0.043788 0.012784 0.0045589 0.024008 -0.00071318 0.013757 0.014619 -0.012115 0.013061 0.013171 -0.00090519 0.015953 0.011266 0.017482 0.0081285 0.013062 0.024837 0.010559 0.0065787 0.006023 0.015951 0.017087 0.01988 0.011479 -0.019731 0.0207 0.024216 0.00071658
0.010727 0.012756 0.010784 0.012044 0.011714 0.0098696 0.013638 0.0059491 0.0091588 -0.014062 -0.0052697 0.015382 0.00089731 0.0082259 -0.0012828 -0.002628 0.014819 0.015158 0.012252 0.012794 0.011679 0.019342 0.017664 0.0070778 0.0099433 0.022063 0.0061906 0.04035 0.033803 0.017001 0.0066622 0.019179 0.016176 0.039516 0.0010616 0.017304 0.0084169 0.0016643 -0.0081067 0.0097229 0.011463 0.0044374 0.024241 -0.020997 -0.0081113 0.00023141 0.0085309 0.023376 0.023071 0.0048928 0.0043995 0.018725 -0.0067732 0.023583 -0.0090857 0.0074842 0.012382 0.0086805 0.011921 0.013378 0.0042554 0.03155 0.015353 0.014812 0.00092162 0.035152 0.019799 0.020978 0.031632 0.024195 0.038126 0.024638 0.018084 0.022633 0.015376 0.012341 0.0022757 0.016095 0.013913 0.0084783 0.011529 0.020239 0.0098827 0.026867 0.029669 0.04217 0.045281 0.061701 0.062024 0.07361 0.061235 0.070035 0.066081 0.050048 0.034147 0.045278 0.048193 0.040243 0.048397 0.031882 0.029368 0.027011 0.024826 0.03945 0.0086779 0.019937 0.022633 0.039867 0.029947 0.026693 0.036632 0.04492 0.071079 0.069578 0.051965 0.067217 0.04851 0.075164 0.064248 0.039471 0.033573 0.051863 0.052252 0.011969 0.018045 0.037166 0.023784 0.02123 0.031835 0.026977 0.037829 0.032787 0.028827 0.045733 0.04592 0.023716 0.02705 0.040135 0.028285 0.02093 0.045968 0.026175 0.03434 0.026353 0.030553 0.03889 0.049597 0.055744 0.049142 0.051096 0.04731 0.055628 0.040595 0.052998 0.0223 0.023319 0.028687 0.008438 0.013996 0.031782 0.027925 0.0354 0.036174 0.043741 0.083337 0.071224 0.074576 0.059657 0.077653 0.072815 0.062401 0.029612 0.028747 0.016761 0.013116 0.018994 -7.0607e-05 0.0035079 0.010179 0.012892 0.011049 0.021171 0.021087 0.0022275 0.016733 -0.00038371 0.023613 0.049256 0.063897 0.051778 0.061662 0.084025 0.08693 0.088131 0.065731 0.084425 0.11119 0.12857 0.13662 0.079042 0.09025 0.081917 0.065209 0.025846 0.039122 0.036692 0.038105 0.0337 0.013562 0.027512 0.017521 0.015833 0.02035 0.01467 0.0053101 -0.0060962 0.0048972 -0.0057073 0.020066 -0.00058938 0.0074 0.003587 0.045304 0.068992 0.10258 0.11429 0.13052 0.12491 0.10336 0.10915 0.06794 0.068539 0.07606 0.042564 0.05337 0.054904 0.042073 0.030771 0.047989 0.050171 0.037187 0.045502 0.034546 0.017785 0.021915 0.025721 0.017964 0.030568 0.0090416 0.012338 0.021185 0.011698 0.014395 0.018594 -0.0035918 0.0090019 0.0062815 0.021784 0.015832 0.0019663 0.011001 0.0016568 0.0098539 0.0096757 0.0022417 0.030452 0.0022872 -0.0016387 0.0039242 -0.010279 0.010593 -0.0038121 0.0097463 0.016487 0.010798 0.019943 0.024896 0.01029 0.027355 0.001165 0.023587 0.034579 0.03817 0.031802 0.033425 0.025229 0.035353 0.013825 0.028163 0.015418 0.023195 0.0083745 0.0016361 0.015355 0.0083864 -0.0063251 -0.0080993 0.007528 0.024787 0.0065118 0.0045885 0.019014 0.0037297 0.0097546 -0.00098746 0.019191 0.026635 -0.0024561 0.03198 0.016585 0.018503 0.042764 0.0048611 0.0223 0.046174 0.025344 0.024736 0.013226 0.017296 0.032874 0.019128 0.033296 0.017164 0.00781 0.019889 0.01524 0.024174 0.030266 0.048422 0.053298 0.058078 0.059411 0.043387 0.059938 0.0426 0.035093 0.032361 0.037476 0.073483 0.033393 0.042018 0.030932 0.051114 0.029801 0.036014 0.022757 0.040096 0.035889 0.040154 0.023061 0.027261 0.026174 0.026256 0.00033731 0.03034 0.050863 0.018043 0.029887 0.027567 0.01546 0.037794 0.037477 0.042536 0.044845 0.058606 0.076358 0.059422 0.064187 0.061298 0.065828 0.051926 0.051706 0.045358 0.06269 0.041249 0.055634 0.061933 0.064838 0.071472 0.083555 0.10943 0.13662 0.12995 0.11808 0.12414 0.096717 0.08482 0.04581 0.054463 0.046681 0.068812 0.061909 0.048686 0.051658 0.052946 0.031896 0.037072 0.034269 0.04185 0.041019 0.050937 0.042744 0.041085 0.03282 0.040579 0.03454 0.040122 0.014794 0.022406 0.038015 0.025042 0.034712 0.025762 0.042237 0.032689 0.027529 0.042094 0.032751 0.039036 0.035788 0.028707 0.027443 0.033805 0.019511 0.011965 0.022716 0.024263 0.015804 0.023287 0.0054173 0.012175 0.017352 0.027721 0.026917 0.030297 0.026669 0.032304 0.025451 0.044687 0.031406 0.013669 0.030773 0.024587 0.022079 0.031209 0.021101 0.002062 -0.0083512 0.017045 0.015982 0.018007 0.013981 0.026508 0.0016653 0.0073741 -0.0014803 0.010543 0.023526 0.031428 0.023187 0.018777 0.019402 0.022007 0.0064367 0.021192 0.033955 0.023304 0.015615 0.032362 0.022672 0.028067 0.025109 0.03637 0.034579 0.03427 0.040222 0.021641 0.030916 0.040311 0.038764 0.034614 0.050671 0.042503 0.062455 0.057495 0.093679 0.095442 0.053356 0.095878 0.086294 0.076267 0.054719 0.04255 0.054455 0.054641 0.04563 0.047384 0.045613 0.028723 0.042358 0.023852 0.044647 0.019651 0.021048 0.051558 0.031592 0.045971 0.040617 0.048878 0.030714 0.035973 0.023556 0.015137 0.030505 0.033635 0.023157 0.035547 0.049157 0.0086094 0.0048972 0.031358 0.033584 0.019534 0.02866 0.011037 0.022447 0.025399 0.020114 0.024904 0.0072582 0.001648 0.031611 0.012153 0.023082 -0.0033171 0.0006603 0.031858 0.018471 0.030423 0.021998 0.010019 0.017905 0.015393 0.047157 0.028578 0.040801 0.040763 0.044738 0.058019 0.069637 0.047868 0.051432 0.061256 0.036204 0.04624 0.059143 0.038669 0.047031 0.041671 0.034422 0.034102 0.042724 0.030868 0.04581 0.033944 0.039438 0.033173 0.032435 0.048215 0.016208 0.035326 0.024249 0.031177 0.027015 0.04706 0.026829 0.0066051 0.022088 0.011865 0.013211 0.019248 0.016375 0.042607 0.017187 0.016296 0.033727 0.022482 0.037847 0.013177 0.023082 0.01044 0.015843 0.010632 0.017526 0.020523 0.0066646 0.014448 0.02913 0.022125 0.016041 0.016775 0.020004 0.025886 0.0076129 0.024935 0.019101 0.018479 0.010899 0.021093 0.0014472 0.024097 -0.0093472 0.026075 0.009892 0.015139 0.011422 0.017839 0.025912 0.00093222 0.011378 0.003452 -0.00027446 0.039139 0.029495 0.0047281 0.018861 0.0095753 0.0099678 0.012637 0.012529 0.0085115 0.028324 0.025901 0.015825 -2.7052e-05 0.029109 0.0093028 0.024848 0.01297 0.0024012 -0.0024212 0.019218 0.015156 0.016973 0.014591 0.021445 0.015184 0.0085834 0.014813 0.017617 0.02266 0.0047754 -0.00017195 0.010863 0.0044947 0.018551 0.024348 0.0077631 0.013179 -0.011875 0.0076624 0.013959 0.0012865 0.012383 0.031404 0.0099286 0.01026 0.013629 -0.0011136 0.013497 0.014463 -0.0071368 0.012376 0.013325 -0.0020819 0.012123 0.011765 0.019708 0.0083945 0.012291 0.016556 0.013635 0.0030706 0.0087731 0.013993 0.011541 0.018581 0.0018012 -0.016541 0.020897 0.01869 0.0076204
0.011429 0.010741 0.010703 0.014373 0.0074194 0.019043 0.0093876 0.00043294 0.010557 -0.015809 -0.0079356 0.011997 0.0040211 0.003326 0.0028795 -0.0041458 0.018072 0.015184 0.019443 0.0097813 0.0055926 0.022257 0.021068 0.0017485 0.01207 0.024733 0.0019812 0.0362 0.028282 0.015311 0.0090418 0.019591 0.015119 0.039881 0.0091602 0.014438 0.0088725 0.00099557 -0.0047237 0.011256 0.0082503 0.0067752 0.019483 -0.012342 -0.0071964 -0.00047261 0.0045118 0.021889 0.023199 0.01012 0.0021453 0.01509 0.0065038 0.032381 -0.0033228 0.014468 0.012653 0.0066849 0.012269 0.021206 2.9552e-05 0.035466 0.01538 0.019159 0.00541 0.030269 0.028182 0.02472 0.03278 0.017927 0.035355 0.029987 0.023587 0.032513 0.013441 0.015313 0.0068995 0.023128 0.016437 0.012349 0.013432 0.022782 0.017149 0.035873 0.038068 0.049422 0.050238 0.064172 0.062346 0.084055 0.073663 0.074989 0.060952 0.057579 0.040989 0.046808 0.044722 0.044053 0.044353 0.042499 0.034984 0.030076 0.020766 0.044795 0.011407 0.023874 0.027383 0.039337 0.032262 0.04098 0.039742 0.051141 0.081062 0.071047 0.05548 0.069308 0.055612 0.071511 0.065125 0.04375 0.037822 0.050756 0.049486 0.019474 0.02313 0.031658 0.026193 0.020661 0.036597 0.039177 0.029783 0.041064 0.037981 0.047795 0.046564 0.032456 0.026498 0.047112 0.023875 0.022112 0.040157 0.031499 0.034126 0.032511 0.031027 0.046446 0.048444 0.058701 0.046283 0.052239 0.049825 0.060462 0.04437 0.051572 0.028988 0.023823 0.022854 0.011125 0.017656 0.039447 0.034718 0.040299 0.042775 0.049192 0.076278 0.06432 0.071146 0.065632 0.077308 0.071744 0.064767 0.033787 0.026407 0.015139 0.01172 0.026785 0.00085782 0.0017471 0.0092564 0.012391 0.011955 0.031636 0.027411 0.013463 0.011392 0.0075394 0.032371 0.045567 0.061474 0.063175 0.074574 0.088844 0.08256 0.09596 0.076382 0.090088 0.11528 0.12667 0.13755 0.078737 0.084184 0.07987 0.069232 0.022594 0.033749 0.034652 0.035503 0.034752 0.01526 0.031956 0.011799 0.0194 0.022294 0.012143 0.0017738 -0.0051742 -0.001665 -0.002253 0.021364 0.0057433 0.012432 0.01033 0.054304 0.087212 0.1086 0.11252 0.11982 0.11997 0.099854 0.10538 0.064983 0.068717 0.071394 0.041154 0.055733 0.055261 0.040233 0.031306 0.04709 0.051616 0.035875 0.041962 0.043711 0.014634 0.02675 0.028973 0.016285 0.026969 0.0095793 0.014715 0.022397 0.0090185 0.014598 0.012405 0.0018572 0.0084947 0.012975 0.018022 0.02136 0.0043293 0.010342 -0.0031632 0.0096988 0.0068963 0.007782 0.023421 0.0056414 -0.0033693 -0.00019054 -0.0064989 0.010369 -0.0035501 0.015394 0.015919 0.013825 0.018873 0.029117 0.010982 0.027844 0.0058231 0.022447 0.031154 0.038073 0.031044 0.035335 0.021356 0.032435 0.017076 0.023378 0.0082724 0.027504 0.012338 0.0084699 0.02147 0.013873 -0.010697 -0.0037516 0.0032582 0.022559 0.0038774 0.0066327 0.017135 0.0050905 0.0099787 0.0011635 0.014492 0.028038 0.0011734 0.029455 0.024626 0.011759 0.035315 0.0060136 0.020398 0.043258 0.020645 0.035409 0.022141 0.02017 0.031374 0.021747 0.031547 0.026377 0.01644 0.025009 0.017403 0.018691 0.024141 0.050345 0.059397 0.056355 0.056053 0.042884 0.064805 0.045855 0.041419 0.03151 0.03715 0.072183 0.035632 0.040864 0.030696 0.037631 0.032308 0.032155 0.025645 0.036564 0.026752 0.049764 0.028671 0.031786 0.02511 0.033061 0.0051085 0.024379 0.049729 0.017538 0.023686 0.027139 0.016784 0.044166 0.04386 0.052911 0.048679 0.054091 0.070886 0.060243 0.062727 0.061085 0.061496 0.05779 0.052618 0.046432 0.060816 0.041662 0.059949 0.065322 0.068559 0.07218 0.078626 0.10989 0.13229 0.11835 0.11462 0.11087 0.085247 0.081689 0.038406 0.0445 0.029626 0.054702 0.05435 0.046306 0.046236 0.052696 0.034341 0.036335 0.031024 0.027554 0.034019 0.049264 0.036945 0.027744 0.030434 0.040307 0.033802 0.033369 0.016399 0.014285 0.033984 0.026424 0.02838 0.029273 0.037649 0.031054 0.025942 0.038617 0.026661 0.034324 0.034198 0.023602 0.021386 0.034701 0.021121 0.011801 0.022768 0.024154 0.017541 0.027056 0.0031632 0.01225 0.019014 0.033692 0.022526 0.02452 0.022861 0.025921 0.022358 0.037678 0.022222 0.015423 0.03296 0.022116 0.016165 0.026808 0.011376 0.0050445 -0.0093893 0.016402 0.018472 0.021394 0.013224 0.013291 0.0045556 0.0027071 0.0023153 0.0079218 0.017006 0.033117 0.022896 0.027316 0.024904 0.019378 0.016151 0.017448 0.036276 0.028207 0.020837 0.041102 0.027213 0.031462 0.021926 0.031892 0.030965 0.037739 0.034832 0.026735 0.037491 0.049148 0.044375 0.038346 0.054752 0.045369 0.070434 0.064059 0.093575 0.096787 0.068628 0.097066 0.083337 0.077708 0.059568 0.048491 0.054191 0.054919 0.040271 0.048289 0.043306 0.033245 0.043095 0.024058 0.045014 0.014891 0.026037 0.050694 0.027021 0.046393 0.036686 0.049833 0.031063 0.033866 0.027674 0.013361 0.029379 0.025274 0.021595 0.026551 0.042941 0.013282 0.0011372 0.030512 0.030251 0.019354 0.029482 0.0081645 0.024128 0.022333 0.02887 0.021051 0.011192 0.013678 0.031057 0.0083041 0.018219 -0.0069695 0.0055445 0.028416 0.0054529 0.026138 0.023607 0.015438 0.025346 0.018827 0.052959 0.030005 0.042455 0.042759 0.048019 0.057182 0.067108 0.046253 0.04594 0.054794 0.025283 0.045037 0.062641 0.037382 0.049255 0.041739 0.038366 0.030986 0.040688 0.018322 0.043367 0.032859 0.0428 0.026314 0.028186 0.04583 0.013884 0.025391 0.023462 0.031063 0.017619 0.035694 0.021729 0.0062848 0.025208 0.013923 0.024302 0.024277 0.017581 0.03282 0.017569 0.013876 0.025482 0.01593 0.031054 -0.00051191 0.019849 0.0049218 0.014622 0.010818 0.019745 0.022271 0.0094703 0.015881 0.02397 0.019352 0.014178 0.012497 0.018588 0.029336 0.0086766 0.027022 0.017211 0.012789 0.01034 0.020178 -0.0027364 0.020162 -0.0076225 0.023844 0.0046154 0.014158 0.011374 0.020391 0.01905 0.00076229 0.01214 0.0059004 -0.0044198 0.034993 0.026387 -1.2111e-05 0.014477 0.00845 0.0047561 0.014738 0.0041384 0.0059357 0.026529 0.023605 0.014883 0.00061138 0.024227 0.011598 0.014135 0.011195 0.0080863 -0.0057202 0.020532 0.015903 0.016012 0.013846 0.018609 0.0066475 0.0096287 0.0068648 0.014644 0.012438 0.00083102 0.0017256 0.010324 0.010656 0.021031 0.02027 0.0070288 0.019609 -0.0073882 0.010334 0.019056 -0.00179 0.015088 0.014135 0.0053171 0.013478 0.0061641 0.00026992 0.012293 0.017017 -0.0034596 0.014166 0.016012 -0.0015749 0.008167 0.0094732 0.019256 0.0089263 0.014077 0.0094195 0.016605 0.0001066 0.0082144 0.011333 0.0074583 0.012811 -0.003897 -0.011053 0.020824 0.015271 0.011627
0.012434 0.0065962 0.014622 0.012667 0.0040163 0.021203 0.0076518 -0.0017734 0.013581 -0.016575 -0.0056279 0.0069424 0.007977 -0.000284 0.0077492 -0.0016933 0.023191 0.013703 0.030216 0.0054599 0.0027033 0.023149 0.025423 -0.0011367 0.013739 0.022851 0.00018855 0.02914 0.023296 0.015183 0.010381 0.021066 0.012259 0.035424 0.017052 0.015613 0.0055775 0.0015319 0.0037816 0.011819 0.010193 0.0080529 0.012579 -0.00084293 -0.0029561 0.0048839 0.0029497 0.018495 0.017634 0.014697 0.00020888 0.014248 0.022629 0.037474 0.0052182 0.022368 0.015399 0.0068128 0.013103 0.027721 -0.00036021 0.03837 0.0152 0.023681 0.011159 0.025326 0.032519 0.027645 0.037656 0.013241 0.030585 0.030467 0.029555 0.039167 0.012581 0.015029 0.014019 0.031866 0.021948 0.014811 0.017763 0.026846 0.028662 0.046556 0.047402 0.057857 0.055815 0.063526 0.063622 0.090245 0.082502 0.073123 0.05331 0.060415 0.04307 0.0486 0.044143 0.049814 0.039055 0.052095 0.041279 0.03541 0.023982 0.052282 0.018572 0.036889 0.034267 0.037179 0.038356 0.052736 0.04516 0.057698 0.087968 0.068798 0.058162 0.072726 0.063258 0.064495 0.067306 0.044781 0.042173 0.047005 0.04669 0.028357 0.029013 0.029524 0.030375 0.020196 0.039796 0.047343 0.024406 0.047691 0.044613 0.049893 0.047735 0.042214 0.026996 0.053665 0.026482 0.027947 0.036069 0.03701 0.03585 0.03803 0.031807 0.052929 0.046818 0.060021 0.043004 0.050312 0.05111 0.058632 0.044067 0.048475 0.035374 0.026172 0.021323 0.015776 0.023606 0.045915 0.040436 0.047492 0.049981 0.056458 0.068436 0.058772 0.063069 0.067324 0.07153 0.065742 0.061379 0.038312 0.022342 0.011983 0.010904 0.030651 0.0086591 0.00062767 0.0083849 0.011296 0.01767 0.039047 0.034607 0.027643 0.010135 0.018839 0.04113 0.046552 0.062652 0.070906 0.085021 0.093919 0.080559 0.10381 0.090713 0.09619 0.11488 0.11928 0.12702 0.074201 0.075777 0.075641 0.069186 0.022191 0.031908 0.034835 0.035652 0.030879 0.019692 0.032769 0.0066825 0.021505 0.023124 0.0086186 0.00079218 -0.00278 -0.0054418 0.0034664 0.024043 0.01248 0.021797 0.020555 0.063785 0.10239 0.11125 0.10787 0.10542 0.10452 0.09306 0.096337 0.059317 0.068064 0.063143 0.040308 0.0564 0.053736 0.036004 0.033911 0.04116 0.052814 0.032193 0.037933 0.046495 0.014014 0.029843 0.029933 0.012418 0.021126 0.011928 0.015714 0.020609 0.010262 0.013205 0.0049019 0.01013 0.0059279 0.020557 0.01649 0.024083 0.0095887 0.0097297 -0.0070824 0.010682 0.0071039 0.014271 0.017529 0.0064418 -0.0019634 -0.0045749 -0.00085051 0.014748 -0.0025783 0.020175 0.017629 0.018279 0.018107 0.031204 0.015647 0.027319 0.011491 0.021514 0.026826 0.036051 0.028318 0.033928 0.019339 0.027703 0.019433 0.018841 0.00085072 0.027148 0.012305 0.014414 0.02754 0.01983 -0.011356 0.0012615 0.000962 0.017599 0.0069712 0.010525 0.019728 0.0079624 0.011492 0.005871 0.0083623 0.029213 0.0068217 0.022102 0.032397 0.012785 0.030087 0.0097944 0.019018 0.038131 0.012978 0.037537 0.030388 0.020369 0.033824 0.024677 0.027338 0.036934 0.026899 0.029397 0.020487 0.016916 0.021759 0.050809 0.062965 0.055355 0.047932 0.044582 0.06595 0.050682 0.04464 0.03103 0.039236 0.064516 0.033983 0.039027 0.028201 0.026626 0.037177 0.028853 0.029374 0.034014 0.02325 0.056454 0.035559 0.034105 0.024642 0.039269 0.0157 0.021127 0.044918 0.015298 0.017731 0.030898 0.019624 0.051435 0.050294 0.06127 0.051336 0.052282 0.06395 0.060714 0.058637 0.059923 0.056992 0.063566 0.054925 0.049509 0.059611 0.04839 0.067562 0.069064 0.073475 0.075268 0.075841 0.10314 0.12445 0.10492 0.10717 0.095374 0.073686 0.077135 0.032902 0.033211 0.020231 0.040714 0.047357 0.042337 0.043741 0.051819 0.034557 0.034005 0.02702 0.02069 0.025633 0.045435 0.032924 0.019338 0.026785 0.037117 0.034257 0.026305 0.017492 0.0097476 0.028542 0.030878 0.024956 0.034251 0.032945 0.029861 0.026148 0.033864 0.016623 0.030848 0.031109 0.022433 0.016113 0.035936 0.022923 0.015018 0.026406 0.027933 0.022405 0.031238 0.0074983 0.015911 0.019038 0.037823 0.019173 0.015754 0.020894 0.024418 0.023568 0.028331 0.015664 0.020326 0.032543 0.017006 0.0083009 0.021967 0.0071469 0.0095713 -0.0079222 0.013585 0.017957 0.024088 0.0084385 0.0045083 0.0056111 0.00097204 0.0066298 0.0060034 0.012799 0.036013 0.020359 0.033138 0.029329 0.017125 0.02246 0.017293 0.037945 0.03315 0.029279 0.046999 0.033093 0.035587 0.019919 0.028091 0.024554 0.04108 0.028094 0.032858 0.042582 0.056365 0.049875 0.04525 0.063356 0.0533 0.08436 0.070743 0.092347 0.099138 0.084266 0.095652 0.075004 0.080584 0.066276 0.053199 0.053389 0.056776 0.034745 0.049735 0.04042 0.036776 0.041373 0.023739 0.039174 0.01374 0.03414 0.050163 0.026403 0.042466 0.031706 0.045518 0.029975 0.034895 0.030617 0.015615 0.027014 0.012981 0.023233 0.018391 0.034679 0.018218 -0.00088473 0.026664 0.021725 0.018438 0.032358 0.0063221 0.023311 0.019686 0.033032 0.017591 0.012031 0.02111 0.03274 0.0058861 0.011457 -0.011117 0.013315 0.025559 -0.0028145 0.021274 0.023677 0.020086 0.036966 0.023973 0.055304 0.032094 0.0421 0.045876 0.052931 0.056557 0.064372 0.04491 0.042433 0.049726 0.020124 0.044301 0.06168 0.034404 0.051491 0.043145 0.042182 0.025789 0.038676 0.0070076 0.040178 0.030641 0.041001 0.021722 0.023595 0.039753 0.013918 0.020254 0.022795 0.030587 0.010926 0.027195 0.01915 0.008745 0.025748 0.01159 0.029645 0.028593 0.019823 0.019661 0.017282 0.009262 0.017522 0.011766 0.022073 -0.0065347 0.017365 0.0011657 0.011515 0.0084495 0.022925 0.02029 0.013737 0.014443 0.01591 0.020783 0.013404 0.0072832 0.016315 0.027674 0.012519 0.026427 0.01172 0.008064 0.0095708 0.018037 -0.0020652 0.009101 -0.0028755 0.022866 0.0041736 0.010257 0.016428 0.022279 0.011292 -0.0010017 0.01008 0.01198 -0.0037428 0.028201 0.020002 -0.0020293 0.0098667 0.0061426 -0.00091773 0.014027 -0.0056332 0.0060249 0.022806 0.020218 0.013016 -0.0016737 0.017472 0.016735 0.0047823 0.0081236 0.012856 -0.0057145 0.019312 0.014556 0.013069 0.01041 0.013945 -0.0024895 0.0080874 -0.0010966 0.0067503 0.00378 0.0021086 0.0061422 0.0080355 0.016373 0.022071 0.013255 0.0068503 0.0252 -0.00017191 0.013216 0.019352 -0.0047844 0.014012 -0.0029711 -0.00015024 0.015298 0.0040849 0.003636 0.0099806 0.01985 -0.0012702 0.017843 0.018296 0.00069271 0.0047638 0.0043638 0.017948 0.0088484 0.017002 0.0052118 0.017571 -0.00087465 0.0067587 0.010355 0.0053829 0.0074311 -0.0037941 -0.0062825 0.019098 0.013345 0.011483
0.0013386 0.012354 0.0017279 0.019385 0.0088905 0.0024784 0.01818 0.0066428 -0.00028901 0.017203 -0.014743 0.0023102 0.0015774 0.012226 -0.0020751 0.010944 0.0025796 0.028383 0.011931 0.040503 0.00027605 0.0026064 0.021503 0.029213 -7.9953e-05 0.016624 0.018591 -3.7911e-05 0.02365 0.020145 0.018188 0.0094413 0.024742 0.010895 0.027367 0.022964 0.018573 0.0032346 0.0040383 0.015115 0.012937 0.018157 0.0082406 0.0078445 0.010463 0.0043679 0.015786 0.0057836 0.016195 0.0088571 0.017335 -0.00066682 0.012892 0.035923 0.039537 0.014115 0.030696 0.021602 0.0096699 0.017349 0.033334 0.0038034 0.041989 0.015728 0.026967 0.016771 0.022409 0.033539 0.028243 0.042847 0.013494 0.024704 0.026916 0.034265 0.042801 0.015581 0.013086 0.021665 0.04149 0.031082 0.018551 0.02517 0.033918 0.04161 0.05691 0.05527 0.065265 0.062004 0.060975 0.065615 0.089934 0.084155 0.065288 0.046155 0.058718 0.041161 0.049444 0.048774 0.056831 0.035974 0.060579 0.046501 0.04381 0.036042 0.060692 0.030602 0.055496 0.042726 0.037655 0.045546 0.05883 0.0531 0.062722 0.088963 0.064272 0.060256 0.077674 0.068854 0.056696 0.070658 0.042555 0.04653 0.044869 0.046265 0.033828 0.035425 0.032818 0.035352 0.020489 0.04383 0.047908 0.025531 0.052148 0.045348 0.053126 0.04709 0.052485 0.032315 0.058287 0.034845 0.038122 0.03583 0.043907 0.038166 0.042168 0.032889 0.058093 0.044519 0.06043 0.041396 0.04899 0.051119 0.051055 0.039971 0.045212 0.038448 0.030108 0.02429 0.021494 0.02975 0.049164 0.044092 0.053996 0.054825 0.062861 0.059939 0.058101 0.053894 0.062627 0.06326 0.057589 0.055187 0.041104 0.015898 0.0080902 0.011229 0.031291 0.020006 0.0012926 0.0084101 0.011141 0.027045 0.043341 0.040282 0.041268 0.015709 0.03193 0.049396 0.052701 0.067622 0.073692 0.093952 0.099105 0.079871 0.10966 0.10188 0.099352 0.10997 0.11071 0.10841 0.065519 0.067875 0.070349 0.062925 0.02348 0.032177 0.033583 0.036686 0.023853 0.025839 0.031351 0.0043089 0.022614 0.022806 0.0060588 0.0028231 0.00099537 -0.0039165 0.01195 0.030618 0.018139 0.034092 0.032742 0.072376 0.10985 0.11067 0.10197 0.089759 0.083747 0.084584 0.084859 0.051735 0.065404 0.053421 0.040095 0.053666 0.048634 0.030496 0.037142 0.032943 0.051806 0.02593 0.033859 0.043258 0.014818 0.031311 0.027222 0.0085466 0.015752 0.014744 0.015205 0.016488 0.015008 0.011997 -0.0014797 0.019598 0.0015807 0.025842 0.018088 0.021824 0.016194 0.011238 -0.0084483 0.0096192 0.010182 0.020367 0.011672 0.0063141 0.0020326 -0.0077664 0.0054493 0.023064 -0.00065311 0.022946 0.021071 0.019479 0.017968 0.030216 0.021974 0.025955 0.015965 0.019833 0.021453 0.029441 0.022038 0.03066 0.017439 0.025021 0.019873 0.0179 -0.0061702 0.023971 0.011978 0.019216 0.031116 0.02309 -0.0083931 0.0077199 0.0020728 0.011601 0.014748 0.01562 0.026396 0.012302 0.014668 0.011267 0.0029941 0.029524 0.01108 0.013141 0.037557 0.020477 0.028028 0.017169 0.01911 0.031067 0.0060571 0.031681 0.035464 0.018594 0.039278 0.027042 0.023017 0.047073 0.036083 0.030094 0.022749 0.018826 0.02208 0.050358 0.06363 0.055541 0.039757 0.045813 0.061959 0.054379 0.042857 0.031801 0.042834 0.051505 0.030387 0.036502 0.025446 0.021822 0.040073 0.02694 0.03146 0.033565 0.024841 0.059882 0.040123 0.0368 0.024792 0.043922 0.02864 0.022913 0.037943 0.012835 0.013103 0.03795 0.023317 0.058507 0.056734 0.066077 0.053838 0.053728 0.057274 0.063003 0.053741 0.057437 0.055433 0.065796 0.059576 0.054963 0.058398 0.057278 0.075822 0.072099 0.078062 0.07853 0.074128 0.090461 0.11056 0.091509 0.095173 0.080835 0.06476 0.071859 0.029841 0.023279 0.019577 0.030076 0.041124 0.038156 0.044305 0.048166 0.032252 0.030848 0.025315 0.022713 0.017604 0.038948 0.029578 0.015652 0.023226 0.034441 0.036038 0.019621 0.017475 0.0091367 0.023533 0.034652 0.025032 0.037953 0.027668 0.027814 0.026813 0.026332 0.0070283 0.029445 0.027617 0.024275 0.01181 0.036913 0.023815 0.019272 0.032083 0.035247 0.027546 0.031939 0.015239 0.02304 0.018535 0.037646 0.017807 0.0067414 0.018452 0.027642 0.026429 0.017685 0.014043 0.025677 0.02736 0.012318 0.0012903 0.016826 0.008929 0.01213 -0.0044234 0.0063992 0.015634 0.024632 0.0017935 0.0030851 0.0028591 0.0036773 0.010398 0.0056784 0.011022 0.038565 0.015895 0.035901 0.029839 0.01501 0.024847 0.019096 0.039757 0.036401 0.039379 0.048709 0.038632 0.040462 0.020729 0.028639 0.018297 0.042715 0.024371 0.038108 0.046343 0.059237 0.054791 0.05459 0.073032 0.063275 0.099985 0.075958 0.088768 0.10019 0.095147 0.092656 0.064059 0.0832 0.070471 0.054603 0.050203 0.057351 0.031911 0.050398 0.037048 0.035305 0.036558 0.023047 0.029638 0.015659 0.041179 0.048834 0.027848 0.035552 0.029426 0.037357 0.028179 0.037622 0.031022 0.021733 0.022196 0.0026142 0.026216 0.014109 0.028015 0.023556 0.0017441 0.019994 0.011404 0.017325 0.033914 0.0067967 0.019027 0.018965 0.0312 0.016641 0.0092473 0.022951 0.034533 0.0054116 0.0062783 -0.013601 0.021586 0.024526 -0.0036132 0.016184 0.021036 0.023427 0.046596 0.029702 0.053682 0.034055 0.039758 0.048796 0.056681 0.054758 0.05923 0.043163 0.039662 0.046479 0.021196 0.043851 0.057746 0.032235 0.051581 0.046149 0.043709 0.019436 0.036607 -0.0023862 0.036091 0.02666 0.033946 0.01854 0.019432 0.031717 0.016083 0.018888 0.02141 0.026362 0.0077879 0.024336 0.018197 0.014087 0.023273 0.0060174 0.027869 0.0291 0.022585 0.0062797 0.016505 0.0026034 0.011286 0.010479 0.013922 -0.0032204 0.016376 0.00036959 0.0059723 0.0021765 0.025511 0.016535 0.016543 0.010768 0.0075475 0.025185 0.012283 0.0020021 0.012008 0.021833 0.01759 0.024677 0.0037844 0.0048549 0.010251 0.01413 0.0036403 -0.0042343 0.0017774 0.023082 0.0069244 0.0073813 0.023108 0.020528 0.0064676 -0.0043396 0.0065179 0.019699 0.00044115 0.01918 0.010366 -0.0031283 0.0058892 0.0056071 -0.0053551 0.010356 -0.013824 0.0073535 0.017851 0.015984 0.011832 -0.0070972 0.010925 0.02159 -0.0007206 0.0028883 0.014381 -0.0026291 0.018456 0.011695 0.0090504 0.00712 0.0071687 -0.010096 0.0039276 -0.0044673 -0.0026942 -0.0021959 0.0083076 0.0096538 0.0021679 0.019561 0.020375 0.0057577 0.0051707 0.026218 0.0052163 0.014967 0.014445 -0.0075915 0.010302 -0.014212 -0.0047869 0.016499 0.0079796 0.008051 0.0078009 0.021016 -0.00025404 0.02116 0.017701 0.0037557 0.0026547 -0.0026453 0.016212 0.0070614 0.018945 0.0045491 0.015579 0.00073747 0.0063 0.013585 0.004082 0.005928 0.0018007 -0.0047984 0.014963 0.010298
-0.0017125 0.01018 -0.0014743 0.023086 0.0060677 0.0015774 0.013926 0.0042902 0.0038421 0.020134 -0.008782 0.012884 -0.0026439 0.015925 -0.0014016 0.010654 0.0056056 0.031601 0.010734 0.046529 -0.0057284 0.0046929 0.017352 0.031457 0.0045159 0.021813 0.014351 0.00097723 0.023497 0.019182 0.023889 0.0070087 0.030091 0.01362 0.017598 0.025273 0.020914 0.0052791 0.0085412 0.025646 0.015365 0.029766 0.0082535 0.0080715 0.019129 0.013971 0.028106 0.013331 0.016925 0.0012072 0.018443 6.6307e-05 0.0086461 0.04374 0.040505 0.02146 0.038499 0.030309 0.014908 0.026407 0.03881 0.011777 0.046891 0.019243 0.028857 0.020717 0.022023 0.032978 0.026066 0.044379 0.020265 0.019074 0.021979 0.036005 0.044339 0.024344 0.013624 0.029045 0.051473 0.04295 0.026719 0.033836 0.044755 0.054263 0.065555 0.060331 0.068284 0.068475 0.058114 0.067813 0.083263 0.077841 0.054183 0.043051 0.055238 0.037696 0.050453 0.058116 0.064322 0.037521 0.068871 0.050444 0.055385 0.054268 0.067814 0.045926 0.074972 0.051982 0.043777 0.050487 0.058829 0.063086 0.064228 0.083486 0.060604 0.061465 0.083767 0.069491 0.049775 0.073695 0.039225 0.050306 0.047424 0.048759 0.033632 0.041262 0.041344 0.038732 0.021958 0.050672 0.040525 0.033352 0.055396 0.03973 0.058636 0.042595 0.061172 0.042232 0.060533 0.046078 0.05047 0.039593 0.051609 0.039856 0.04533 0.033961 0.061638 0.041651 0.059852 0.042314 0.050298 0.049645 0.041259 0.034231 0.043764 0.036501 0.033622 0.030613 0.027262 0.03373 0.049143 0.046502 0.05697 0.056417 0.065332 0.05071 0.062649 0.046093 0.05135 0.056623 0.04984 0.048925 0.040976 0.0076127 0.0043912 0.012871 0.030806 0.03136 0.0021422 0.01041 0.013419 0.03809 0.046638 0.043588 0.052094 0.029237 0.044419 0.057738 0.061982 0.075582 0.072201 0.10283 0.10448 0.078731 0.11225 0.10432 0.097469 0.10149 0.10557 0.087415 0.054082 0.062164 0.065912 0.051672 0.024664 0.031845 0.02702 0.035539 0.016397 0.031299 0.029481 0.0058232 0.023526 0.022026 0.0070851 0.0061935 0.006416 0.0028967 0.022108 0.043322 0.024153 0.046741 0.044662 0.077681 0.10806 0.10539 0.09584 0.074069 0.06343 0.075429 0.073232 0.043825 0.05934 0.044863 0.04109 0.047143 0.039608 0.024842 0.038534 0.026326 0.047035 0.018072 0.029187 0.037606 0.016334 0.031691 0.020063 0.006489 0.012684 0.015538 0.01413 0.011574 0.020929 0.011979 -0.0051537 0.028674 -0.0035794 0.026634 0.022809 0.014921 0.021754 0.015699 -0.0079406 0.0042485 0.015976 0.025546 0.0036268 0.0065817 0.0074399 -0.009755 0.01181 0.033535 0.0026203 0.023018 0.024225 0.014213 0.017789 0.026119 0.027344 0.024566 0.017751 0.017304 0.015271 0.018464 0.012996 0.0274 0.01367 0.026136 0.018398 0.022092 -0.011619 0.020848 0.014267 0.022856 0.03095 0.020546 -0.003393 0.016178 0.0065703 0.006724 0.025444 0.020826 0.03381 0.01753 0.020318 0.015428 0.00068431 0.027992 0.011485 0.0071436 0.03793 0.030419 0.027529 0.027394 0.020346 0.024446 0.0025887 0.021152 0.036727 0.016516 0.044725 0.027847 0.020996 0.055195 0.041157 0.024775 0.021713 0.024333 0.023044 0.049574 0.061742 0.057711 0.035614 0.04304 0.052379 0.055295 0.036883 0.033809 0.045817 0.036116 0.027229 0.032995 0.024689 0.022427 0.03783 0.027025 0.029624 0.03549 0.027704 0.060744 0.040211 0.042994 0.025042 0.046399 0.040429 0.030491 0.030755 0.01211 0.010465 0.045216 0.028076 0.063592 0.062766 0.066962 0.056722 0.057307 0.052121 0.067566 0.048702 0.053333 0.058932 0.062296 0.067606 0.062104 0.057899 0.063731 0.080602 0.073911 0.081686 0.079901 0.071605 0.074978 0.091207 0.078867 0.079836 0.068663 0.05925 0.066027 0.027997 0.017339 0.025089 0.023416 0.03636 0.035206 0.046062 0.040181 0.028888 0.027766 0.028179 0.03007 0.011663 0.030138 0.026454 0.014406 0.021145 0.035656 0.037969 0.013227 0.015981 0.011164 0.021216 0.035309 0.026281 0.038437 0.019835 0.023202 0.026408 0.015252 0.0015242 0.028445 0.024828 0.026682 0.0077166 0.038232 0.023505 0.022623 0.038306 0.043093 0.029444 0.027068 0.022419 0.031611 0.01927 0.032576 0.016991 7.7211e-05 0.013347 0.033763 0.027249 0.0070404 0.016937 0.027461 0.01749 0.011085 -0.0026659 0.01127 0.015102 0.010002 0.00036403 -0.0054719 0.013801 0.022942 -0.0032082 0.0077663 -0.0032139 0.010824 0.013591 0.0074338 0.01199 0.038333 0.011437 0.036685 0.02485 0.012339 0.024852 0.019937 0.040901 0.037613 0.049462 0.046266 0.042628 0.045204 0.023939 0.035389 0.014948 0.041316 0.026169 0.040506 0.049367 0.057351 0.058999 0.064015 0.080591 0.07295 0.1126 0.078465 0.082258 0.096868 0.097 0.089236 0.053128 0.082993 0.06865 0.051022 0.043887 0.054743 0.033149 0.049588 0.033553 0.027459 0.029791 0.02324 0.020812 0.018891 0.043099 0.045609 0.028272 0.029074 0.032711 0.028124 0.02643 0.039267 0.028627 0.029985 0.015508 -0.0014659 0.028931 0.014562 0.025797 0.028944 0.0092009 0.012837 0.0033083 0.014684 0.031068 0.010266 0.011877 0.020939 0.026193 0.019648 0.0044731 0.020726 0.033368 0.0065816 0.0049044 -0.01324 0.027938 0.025289 0.0019869 0.011723 0.016316 0.024503 0.048726 0.03557 0.049005 0.035948 0.036157 0.049626 0.057227 0.050407 0.049966 0.041727 0.035642 0.043731 0.026465 0.043395 0.052855 0.03183 0.047896 0.050066 0.041986 0.014234 0.033195 -0.0088332 0.031047 0.021522 0.023257 0.015461 0.015332 0.023369 0.018716 0.018347 0.019049 0.016077 0.0081133 0.026896 0.015852 0.020852 0.019045 -0.00081828 0.021573 0.024046 0.024767 -0.0052457 0.015269 -0.0049561 0.0064161 0.01069 0.0082966 0.0073651 0.0169 0.0030545 -0.00068766 -0.0077451 0.025544 0.013658 0.015353 0.006678 0.0011122 0.030017 0.0091976 -0.001541 0.005551 0.014169 0.0221 0.02384 -0.0047827 0.0025672 0.012843 0.0085952 0.011485 -0.015693 0.0034695 0.024044 0.010268 0.0094789 0.027564 0.013751 0.0058148 -0.0083173 0.002802 0.02674 0.0050062 0.0091538 -0.0006538 -0.0057578 0.0028183 0.0083942 -0.0061432 0.0040725 -0.019171 0.0073906 0.012462 0.010027 0.012017 -0.013575 0.0060592 0.023797 -0.001685 -0.0039277 0.011912 0.0023298 0.020417 0.0087744 0.0054621 0.0055955 -0.00046209 -0.014661 -0.00095036 -0.00086754 -0.010105 -0.0056161 0.01746 0.0093373 -0.0080983 0.019845 0.015147 0.00051825 -0.00031833 0.020692 0.0055345 0.014439 0.0067855 -0.0097238 0.0056303 -0.016801 -0.0074868 0.016398 0.015929 0.011827 0.0076539 0.020136 -7.4968e-05 0.021561 0.013789 0.0057708 0.0024385 -0.010059 0.012836 0.0032345 0.01825 0.0071013 0.011005 0.0043591 0.0071585 0.022154 0.00073643 0.0089022 0.010262 -0.0075748 0.0086064 0.0042413
-0.0027251 0.0055094 -0.0010267 0.026827 0.0054016 -0.00066968 0.011808 0.00040149 0.0084022 0.021934 0.00063901 0.021026 -0.005315 0.018382 0.0027123 0.007116 0.0052962 0.030645 0.010829 0.045625 -0.012695 0.007705 0.01127 0.030699 0.011461 0.028459 0.012528 0.0031369 0.030633 0.019705 0.029895 0.0057863 0.035377 0.021485 0.007004 0.023684 0.020509 0.013427 0.013895 0.032978 0.018114 0.040628 0.0090434 0.014409 0.02339 0.025334 0.036332 0.024508 0.020924 -0.0021364 0.021145 0.0022918 0.0022692 0.046167 0.04291 0.025977 0.044706 0.038427 0.022387 0.039093 0.04432 0.021636 0.051432 0.028755 0.030259 0.022409 0.022145 0.03269 0.021287 0.040599 0.031785 0.015824 0.017922 0.034934 0.044362 0.039172 0.020971 0.036142 0.062101 0.055302 0.041927 0.040642 0.059465 0.065928 0.072537 0.0613 0.064412 0.073087 0.056878 0.069332 0.07194 0.065572 0.042107 0.046782 0.052762 0.035775 0.054433 0.070201 0.070211 0.045135 0.077036 0.054817 0.069105 0.073641 0.071328 0.062218 0.091668 0.061413 0.056658 0.049914 0.054809 0.073056 0.061493 0.071399 0.061658 0.060543 0.090566 0.062167 0.043736 0.074215 0.037497 0.05205 0.054505 0.053258 0.028424 0.045383 0.05199 0.039058 0.024461 0.061709 0.025887 0.045909 0.057927 0.029678 0.065948 0.033749 0.065739 0.052578 0.061116 0.057315 0.063063 0.045064 0.058803 0.039356 0.049739 0.034344 0.063622 0.03782 0.057685 0.043869 0.053699 0.046712 0.032969 0.029764 0.044975 0.029911 0.032929 0.039628 0.031433 0.034784 0.04636 0.050542 0.054031 0.056073 0.061116 0.041011 0.06915 0.039134 0.035611 0.05405 0.044357 0.0432 0.038067 -0.001386 0.0024191 0.015158 0.031881 0.040414 0.00075331 0.014178 0.019376 0.049244 0.051689 0.045531 0.059311 0.049928 0.052805 0.068066 0.069584 0.085606 0.067021 0.11338 0.10903 0.076894 0.11098 0.096481 0.090032 0.090166 0.10626 0.069033 0.04177 0.057117 0.064599 0.038359 0.025419 0.027694 0.01389 0.029209 0.010915 0.03265 0.028443 0.01118 0.024511 0.021713 0.013531 0.008656 0.013839 0.013371 0.030985 0.063931 0.032691 0.057387 0.054189 0.077011 0.098121 0.093273 0.089006 0.058034 0.04651 0.065374 0.062594 0.036628 0.049372 0.039201 0.044471 0.036817 0.028732 0.019539 0.03594 0.024398 0.038464 0.010988 0.022734 0.034368 0.018232 0.031788 0.0079955 0.0072362 0.011456 0.012812 0.013288 0.0082515 0.024449 0.013439 -0.0068201 0.036972 -0.0078183 0.022216 0.03038 0.0054411 0.024844 0.021512 -0.0069013 -0.0066442 0.025581 0.028878 -0.0077506 0.0068747 0.013384 -0.012142 0.018491 0.043845 0.0071855 0.019936 0.023792 0.0026448 0.015477 0.020156 0.028788 0.024757 0.015205 0.015333 0.0081672 0.0064775 0.0029216 0.02569 0.0066503 0.029024 0.015347 0.029683 -0.012909 0.019597 0.020399 0.023791 0.028231 0.010139 0.001961 0.026116 0.013911 0.0038653 0.037555 0.024703 0.036894 0.022949 0.02869 0.018317 0.0018834 0.024534 0.0064147 0.0081357 0.031076 0.038556 0.02535 0.038912 0.021313 0.021047 0.0030833 0.0094255 0.035815 0.015961 0.047248 0.025512 0.022909 0.05923 0.041388 0.011461 0.01607 0.033275 0.023481 0.047738 0.057767 0.062131 0.037056 0.033027 0.036649 0.054205 0.029244 0.037754 0.044976 0.021779 0.025403 0.029176 0.026787 0.02478 0.029248 0.029986 0.021661 0.039555 0.027372 0.059143 0.036505 0.054111 0.025453 0.045793 0.049228 0.042161 0.024388 0.014616 0.010996 0.047902 0.0352 0.064298 0.066827 0.064373 0.059421 0.061318 0.047417 0.072991 0.041682 0.048572 0.066814 0.05371 0.078785 0.070234 0.058751 0.064897 0.077617 0.073684 0.084503 0.077459 0.066878 0.05883 0.069139 0.065968 0.064101 0.057357 0.056344 0.058134 0.025712 0.016203 0.032084 0.018476 0.034301 0.034387 0.045756 0.027832 0.025908 0.025617 0.035667 0.036868 0.0082601 0.020185 0.023277 0.013815 0.020582 0.043103 0.037434 0.0060714 0.01283 0.013495 0.02339 0.032085 0.025027 0.033832 0.0074042 0.013672 0.024312 0.00013737 0.0015108 0.024274 0.023379 0.026292 0.0023802 0.041191 0.021975 0.024588 0.043334 0.047679 0.024578 0.017213 0.025189 0.039029 0.021699 0.023426 0.012944 -0.0028067 0.0046763 0.040388 0.023152 -0.0029244 0.022347 0.020882 0.0050917 0.014797 -0.001683 0.0048898 0.023029 0.0020651 0.006337 -0.020705 0.014689 0.019071 -0.0040497 0.013625 -0.010984 0.021839 0.016569 0.011395 0.015714 0.033477 0.0088243 0.037727 0.013719 0.0080682 0.024219 0.017599 0.038767 0.037846 0.058578 0.040136 0.045092 0.047253 0.027308 0.046992 0.01631 0.035069 0.034065 0.038136 0.05209 0.051624 0.063147 0.070744 0.084483 0.081323 0.11838 0.078076 0.072374 0.087315 0.086791 0.086287 0.041494 0.07785 0.058587 0.041863 0.034135 0.048424 0.03746 0.047774 0.030366 0.014198 0.023645 0.025283 0.016993 0.020439 0.038727 0.039223 0.025855 0.026107 0.042767 0.019731 0.02503 0.036978 0.023828 0.037667 0.0093454 0.0018103 0.030173 0.018697 0.028388 0.033844 0.018112 0.0090823 -0.00096774 0.0087574 0.021454 0.017109 0.0031973 0.025279 0.022955 0.026788 0.00094881 0.016001 0.027275 0.0080885 0.0080704 -0.010908 0.031377 0.026315 0.011004 0.0084911 0.012224 0.021487 0.040832 0.041523 0.042031 0.038286 0.031041 0.047388 0.053392 0.043161 0.035452 0.042971 0.027706 0.039567 0.031137 0.043002 0.048064 0.032109 0.039444 0.052864 0.037736 0.012752 0.027538 -0.011013 0.025567 0.015176 0.012095 0.010267 0.01058 0.01529 0.019805 0.015346 0.016074 -0.00039279 0.011315 0.031867 0.0083706 0.027141 0.013938 -0.006782 0.01433 0.01492 0.024632 -0.013376 0.013111 -0.011 0.00033499 0.010367 0.0045207 0.021133 0.018556 0.0079995 -0.0052679 -0.020044 0.022216 0.012608 0.0093789 0.0038837 -0.0020783 0.032844 0.0029704 -0.0020008 -0.0018826 0.006836 0.024694 0.025999 -0.013065 6.3e-05 0.015418 0.003252 0.015943 -0.022151 0.00082329 0.026359 0.011586 0.018832 0.026427 0.002972 0.0077775 -0.011943 5.2736e-05 0.030773 0.0072416 -0.00060215 -0.0094473 -0.012503 0.001036 0.013224 -0.0005851 -0.0048319 -0.022253 0.0033007 0.0075205 0.00092475 0.011676 -0.018049 0.0018222 0.023102 -5.9437e-06 -0.0098921 0.005913 0.0083654 0.024597 0.0080187 0.0027396 0.0062599 -0.0069729 -0.015544 -0.0035942 0.009257 -0.012417 -0.0080817 0.027756 0.0030779 -0.021322 0.017591 0.0064908 -0.0014912 -0.010318 0.0083293 0.00047689 0.010992 0.0003018 -0.011134 0.0013962 -0.011673 -0.0086333 0.013519 0.023575 0.014351 0.0099657 0.019445 -0.0014458 0.018347 0.0076245 0.005402 0.0041312 -0.015983 0.005814 -0.0020177 0.014908 0.011804 0.0053385 0.0077743 0.008984 0.034459 -0.0074984 0.01359 0.018398 -0.014658 0.0016601 -0.0043701
-0.0014168 -0.0017831 0.0044989 0.033768 0.0058414 -0.0070552 0.015161 -0.0041793 0.013069 0.021068 0.011265 0.0191 -0.0059948 0.017746 0.012437 0.0029499 0.0011789 0.023241 0.012713 0.037496 -0.022409 0.011086 0.0021577 0.025866 0.01751 0.035025 0.013553 0.0077571 0.044005 0.021999 0.03237 0.0098453 0.039091 0.032859 -0.0037858 0.017754 0.016426 0.026146 0.020335 0.03477 0.020434 0.042993 0.012468 0.025733 0.021971 0.038216 0.03517 0.037864 0.02616 0.00060738 0.029593 0.0071653 -0.0041734 0.046343 0.046784 0.028459 0.045823 0.04229 0.031571 0.051755 0.048032 0.030407 0.051367 0.046389 0.033304 0.0204 0.020593 0.030603 0.016598 0.03183 0.044538 0.016561 0.017156 0.032718 0.043279 0.057922 0.03678 0.04279 0.072934 0.065983 0.063995 0.044696 0.07524 0.077686 0.076621 0.057434 0.050925 0.072615 0.058072 0.069516 0.057558 0.051145 0.030154 0.0576 0.05335 0.036417 0.066266 0.080609 0.071907 0.057545 0.084867 0.060346 0.083888 0.086899 0.070495 0.07655 0.10318 0.070545 0.074999 0.041729 0.048112 0.080251 0.05345 0.053162 0.06873 0.057722 0.095476 0.045494 0.03563 0.071084 0.038137 0.049071 0.062214 0.057972 0.02182 0.044857 0.060459 0.035125 0.029347 0.075352 0.0054738 0.058906 0.060031 0.016446 0.072502 0.021078 0.064108 0.057008 0.060081 0.067229 0.074124 0.049964 0.062067 0.036355 0.056532 0.034978 0.062704 0.033331 0.051971 0.041511 0.055665 0.042977 0.028731 0.028548 0.049154 0.019147 0.024647 0.049388 0.033387 0.032274 0.04223 0.058297 0.044441 0.054795 0.049006 0.031408 0.071462 0.02985 0.018921 0.0555 0.041181 0.038041 0.031878 -0.0077533 0.0026537 0.018692 0.035183 0.047606 -0.0053911 0.017989 0.029351 0.059587 0.060421 0.047357 0.063421 0.073707 0.053527 0.08027 0.070414 0.094486 0.059158 0.1245 0.1114 0.075406 0.10546 0.079971 0.077693 0.07552 0.11088 0.057919 0.028488 0.049081 0.066087 0.027712 0.025772 0.018344 -0.0047036 0.017832 0.0076127 0.02665 0.028179 0.019257 0.024744 0.021709 0.026645 0.0075225 0.0251 0.022904 0.036256 0.09115 0.046208 0.062238 0.061045 0.066009 0.082791 0.072402 0.07967 0.041065 0.030976 0.054373 0.051936 0.031971 0.034194 0.038846 0.04939 0.0238 0.018713 0.015996 0.026475 0.029667 0.027211 0.0084716 0.01429 0.036844 0.020828 0.031233 -0.0070127 0.0088847 0.011171 0.0053371 0.014431 0.0082124 0.02301 0.01468 -0.0086625 0.044581 -0.008126 0.012907 0.040116 -0.002536 0.02474 0.026023 -0.0078138 -0.02177 0.03962 0.029757 -0.022709 0.0068208 0.017828 -0.01637 0.02527 0.051737 0.012377 0.012558 0.016554 -0.013118 0.0093083 0.012593 0.024622 0.02651 0.007511 0.014797 0.0013044 -0.0023645 -0.0059807 0.025751 -0.0036066 0.027587 0.0099979 0.03651 -0.0065994 0.021487 0.028299 0.019851 0.024329 -0.0064497 0.0044055 0.037534 0.02241 0.0028274 0.048535 0.025526 0.030564 0.027461 0.039684 0.02113 0.0058954 0.018995 -0.0033772 0.015962 0.016381 0.041532 0.02016 0.048416 0.021544 0.021807 0.0064972 -0.0020043 0.035116 0.019664 0.044133 0.019359 0.027492 0.058017 0.036201 -0.0097072 0.004906 0.046891 0.022514 0.043548 0.050765 0.068014 0.04289 0.013063 0.014194 0.053499 0.023947 0.044029 0.0382 0.0089172 0.025824 0.025514 0.032203 0.023688 0.016126 0.035956 0.0057622 0.045705 0.020875 0.05403 0.031063 0.07034 0.025125 0.042468 0.052373 0.055831 0.015876 0.023196 0.01547 0.041328 0.045591 0.058052 0.065451 0.058979 0.060555 0.063084 0.040696 0.074512 0.029892 0.043988 0.076898 0.041092 0.092613 0.077272 0.061336 0.059058 0.063489 0.069038 0.08561 0.069296 0.058176 0.043084 0.045181 0.05292 0.050405 0.045461 0.052777 0.04631 0.019973 0.019796 0.034049 0.011952 0.036117 0.035576 0.040153 0.011414 0.02568 0.023558 0.046993 0.035798 0.0083264 0.008838 0.020989 0.012844 0.020972 0.056534 0.030969 -0.0033872 0.0076489 0.014542 0.029627 0.027038 0.016194 0.022762 -0.012056 -0.0017135 0.018684 -0.018062 0.0045309 0.013994 0.022375 0.019761 -0.0058877 0.046542 0.019139 0.025046 0.045773 0.043955 0.011323 0.0027555 0.021958 0.04069 0.025704 0.010092 0.0019439 -0.0028287 -0.0054625 0.045157 0.012998 -0.01139 0.026743 0.0023219 -0.0079707 0.025238 0.0047364 -0.00025757 0.027824 -0.0087747 0.012429 -0.034915 0.01854 0.012161 -0.00089373 0.013458 -0.018528 0.03538 0.020731 0.016056 0.023418 0.021452 0.010848 0.039443 -0.0020463 -0.00049864 0.024837 0.010307 0.029977 0.038483 0.066332 0.030875 0.046035 0.042969 0.025589 0.061062 0.021348 0.023415 0.045835 0.030755 0.05201 0.04395 0.067369 0.073357 0.083985 0.087544 0.11447 0.073924 0.059625 0.070316 0.063563 0.082102 0.025947 0.064776 0.041188 0.025666 0.022207 0.037002 0.042043 0.045754 0.027777 -0.0020036 0.020043 0.030482 0.01954 0.018148 0.028442 0.030488 0.019201 0.029524 0.056904 0.013878 0.022277 0.02922 0.016344 0.040927 0.0079484 0.0089347 0.029804 0.023074 0.03519 0.03519 0.024335 0.011048 -0.0014746 -0.0028502 0.0047786 0.026408 -0.0049869 0.030101 0.025898 0.037524 0.0018093 0.0097793 0.014904 0.009981 0.013353 -0.0069437 0.030064 0.027311 0.018675 0.0082096 0.012081 0.012284 0.023369 0.046977 0.032344 0.040145 0.023019 0.04136 0.046319 0.031561 0.017222 0.048112 0.014621 0.031121 0.029337 0.041975 0.043745 0.030188 0.025528 0.051152 0.032099 0.018636 0.019325 -0.0053788 0.018278 0.0078018 0.0030903 0.0017397 0.00338 0.008719 0.016923 0.0085368 0.012822 -0.020657 0.017485 0.033484 -0.0054919 0.029837 0.0085408 -0.011824 0.01028 0.0047519 0.022179 -0.018115 0.010816 -0.012903 -0.010329 0.0083038 -0.00044014 0.034232 0.020046 0.012523 -0.0046821 -0.031366 0.014429 0.01372 -0.0026921 0.0053962 -0.0033712 0.03361 -0.0085233 0.0016799 -0.0083942 0.00071493 0.024966 0.032223 -0.020061 -0.0051199 0.015414 0.00010101 0.012013 -0.022606 -0.0038787 0.0304 0.010941 0.033948 0.017081 -0.0091397 0.0093192 -0.014616 -0.0016058 0.030143 0.005358 -0.0066893 -0.0129 -0.023427 -0.00061605 0.017789 0.011579 -0.015086 -0.025628 -0.0061517 0.003558 -0.012158 0.0059356 -0.019052 -0.0048962 0.019559 0.0019886 -0.013161 -0.0007031 0.013276 0.028155 0.010214 0.0014793 0.007591 -0.0091278 -0.012893 -0.00084321 0.023774 -0.007353 -0.010525 0.037038 -0.0094381 -0.035325 0.014589 -0.0067958 0.0005854 -0.024617 -0.008649 -0.0090527 0.0057991 -0.0018238 -0.013156 -0.0012059 -0.0029802 -0.0083312 0.0052967 0.026596 0.01519 0.014336 0.021286 -0.0041335 0.011578 0.0026395 0.0013142 0.0084088 -0.018367 -0.0059481 -0.0071293 0.010486 0.018335 -0.001371 0.0090026 0.0095585 0.047751 -0.024676 0.016937 0.0212 -0.023969 -0.0036303 -0.01109
0.00060698 -0.011636 0.014646 0.048799 0.00184 -0.018088 0.025682 -0.0049126 0.018799 0.016156 0.016078 -0.00030916 -0.0058064 0.011483 0.02988 0.0040046 -0.0049105 0.0065934 0.019232 0.023198 -0.036505 0.012429 -0.010224 0.013554 0.018976 0.036763 0.016714 0.015598 0.059874 0.028969 0.027738 0.02375 0.040297 0.043395 -0.014626 0.0084229 0.0054055 0.040334 0.028535 0.030269 0.020586 0.02644 0.0193 0.038979 0.012931 0.052251 0.020698 0.050744 0.029196 0.0078808 0.049327 0.015421 -0.0065907 0.047127 0.050156 0.029029 0.036505 0.036018 0.042411 0.05604 0.045596 0.03348 0.038475 0.072544 0.038258 0.012933 0.014653 0.01947 0.015759 0.024048 0.050768 0.024612 0.020766 0.033704 0.040728 0.074718 0.055644 0.046521 0.081884 0.071133 0.08981 0.047363 0.086583 0.087838 0.075965 0.045831 0.027108 0.061676 0.061732 0.066641 0.041401 0.039677 0.017908 0.07233 0.056091 0.038559 0.088402 0.083814 0.063356 0.071458 0.089432 0.066044 0.095569 0.085708 0.066468 0.085294 0.10669 0.077068 0.095238 0.023845 0.038763 0.078118 0.040463 0.027574 0.080182 0.054097 0.094629 0.019804 0.021092 0.064521 0.038067 0.037392 0.061583 0.062093 0.01821 0.035314 0.059522 0.028243 0.03758 0.087069 -0.0203 0.067022 0.060132 0.00058826 0.07141 0.006132 0.055302 0.048059 0.055371 0.073329 0.083419 0.051355 0.057254 0.029779 0.065327 0.036418 0.057759 0.02769 0.041528 0.026707 0.050102 0.039669 0.028862 0.031473 0.054843 0.0059898 0.0055187 0.056433 0.03176 0.027586 0.036087 0.070503 0.027344 0.052644 0.029428 0.023502 0.061493 0.013914 0.0071469 0.05615 0.040256 0.03196 0.023621 -0.008113 0.0065699 0.023386 0.040599 0.053383 -0.015903 0.016982 0.042373 0.067239 0.071599 0.049518 0.063953 0.093518 0.041035 0.090429 0.05803 0.096861 0.047992 0.13154 0.10757 0.077456 0.09273 0.059544 0.061869 0.054775 0.11196 0.058359 0.012397 0.030824 0.067246 0.023071 0.02809 0.0026118 -0.021632 0.0054542 0.0056299 0.010074 0.028144 0.026278 0.021439 0.020263 0.044986 0.0020002 0.041115 0.024672 0.035285 0.11978 0.06284 0.057165 0.064543 0.040288 0.063951 0.04466 0.065184 0.02395 0.010248 0.042732 0.040202 0.03099 0.013586 0.043972 0.053517 0.0073495 0.014141 0.015064 0.0081166 0.042157 0.01637 0.01458 0.0071329 0.045421 0.022641 0.029584 -0.019889 0.0081268 0.0089529 -0.0047053 0.018117 0.014674 0.013981 0.013085 -0.015197 0.051412 -0.00066313 -0.00040825 0.050835 -0.0032803 0.023204 0.023999 -0.012222 -0.039217 0.05853 0.025399 -0.036709 0.005782 0.01814 -0.023426 0.03088 0.054322 0.016396 -0.00015219 -0.0004194 -0.028111 -0.0025661 0.0036548 0.012834 0.029209 -0.0073367 0.017253 -0.0040086 -0.0024872 -0.012671 0.027021 -0.015732 0.011344 0.00089001 0.035432 0.012432 0.025076 0.034576 0.006568 0.022234 -0.02427 -6.0051e-05 0.048921 0.030638 0.0007553 0.053398 0.020734 0.012522 0.029971 0.051111 0.026717 0.0091149 0.013472 -0.016189 0.025518 -0.004701 0.039246 0.013204 0.051707 0.021456 0.025594 0.010698 -0.014625 0.036243 0.030641 0.034612 0.0091188 0.032241 0.049602 0.026438 -0.036984 -0.0092952 0.064179 0.021291 0.034463 0.039144 0.071459 0.049165 -0.017212 -0.015433 0.058384 0.023184 0.053557 0.023232 -0.0036825 0.027738 0.024426 0.038594 0.016578 0.0028257 0.043306 -0.018332 0.054516 0.0098526 0.041699 0.027623 0.087995 0.023188 0.036364 0.04674 0.0664 -0.00059399 0.040337 0.025514 0.020879 0.059206 0.041989 0.053121 0.052316 0.056585 0.059684 0.027473 0.065692 0.0079894 0.042278 0.082185 0.026784 0.10553 0.080014 0.063315 0.045855 0.036373 0.055379 0.080661 0.051989 0.043835 0.026005 0.017884 0.041255 0.04288 0.031993 0.045864 0.026961 0.0075206 0.025715 0.023576 0.00061982 0.041853 0.037874 0.025918 -0.0073923 0.031404 0.02088 0.057658 0.02271 0.011567 -0.0037153 0.018796 0.0138 0.019441 0.07186 0.014249 -0.015259 0.00049836 0.014029 0.037036 0.024063 -0.0030885 0.0014772 -0.03638 -0.023566 0.0073701 -0.03899 0.006393 -0.0043238 0.020536 0.0038545 -0.017712 0.052878 0.012891 0.024741 0.042111 0.027977 -0.011561 -0.014913 0.011234 0.031451 0.027865 -0.0059004 -0.018853 -0.0026949 -0.010605 0.045953 -0.00069361 -0.017066 0.026022 -0.030114 -0.018246 0.0422 0.01765 -0.00031232 0.024563 -0.016019 0.017203 -0.040911 0.023853 -0.0015675 0.0022835 0.00021007 -0.024919 0.049797 0.02601 0.020226 0.034899 0.0019242 0.019132 0.040928 -0.019361 -0.015097 0.026775 -0.0023491 0.010833 0.040202 0.072229 0.01879 0.045563 0.02576 0.012509 0.072707 0.028242 0.0060896 0.058704 0.018243 0.044019 0.034379 0.071575 0.072592 0.077969 0.088704 0.097435 0.064057 0.044667 0.048358 0.02662 0.073995 8.4886e-05 0.042728 0.01963 0.0019835 0.010527 0.017897 0.04106 0.043187 0.026155 -0.018432 0.019386 0.039063 0.027243 0.0096201 0.016068 0.021363 0.0095113 0.038554 0.068421 0.011213 0.015201 0.015323 0.0043095 0.033565 0.015703 0.01243 0.026624 0.02428 0.04251 0.028188 0.021755 0.019561 -0.0016217 -0.019539 -0.01788 0.036112 -0.010894 0.031637 0.036581 0.049825 0.010093 0.0012782 -0.00182 0.013045 0.016678 -0.0021547 0.022091 0.02807 0.020461 0.012961 0.020253 -0.0055865 0.00089439 0.049726 0.017393 0.038441 0.0075565 0.033534 0.037503 0.014067 -0.0014468 0.057365 -0.0040588 0.018243 0.013469 0.039389 0.039054 0.023066 0.0062395 0.039489 0.026888 0.03468 0.012585 0.011532 0.0065042 -0.002276 0.0012127 -0.011112 -0.0060831 0.0049875 0.010018 -0.00063563 0.0097722 -0.03878 0.026943 0.02456 -0.022479 0.026777 0.00060135 -0.016047 0.011489 -0.0006654 0.018131 -0.019416 0.0097949 -0.0069867 -0.02911 0.0069869 -0.011515 0.042949 0.019643 0.0098795 0.004579 -0.037991 0.0025444 0.014876 -0.021174 0.013609 -0.0048888 0.033051 -0.027225 0.0088853 -0.011041 -0.0051352 0.022649 0.042685 -0.024704 -0.014194 0.0085801 0.0035681 -0.0048328 -0.015371 -0.0067726 0.036776 0.010988 0.049164 -0.0041423 -0.018441 0.0071512 -0.01712 -0.0024593 0.022283 0.001955 -0.0038244 -0.0066734 -0.036981 -0.0027032 0.016796 0.027461 -0.024252 -0.030561 -0.019801 0.0016025 -0.027551 -0.013186 -0.018369 -0.019839 0.013836 0.00054061 -0.011863 -0.0047018 0.014388 0.023834 0.015687 0.0017764 0.0078281 -0.0031679 -0.006494 0.0092515 0.038548 0.0077839 -0.012152 0.044047 -0.028876 -0.044836 0.011363 -0.02499 0.0063359 -0.038166 -0.026947 -0.020434 0.0018755 0.0017396 -0.02023 -0.0011322 0.0036112 -0.0055881 -0.0089629 0.020372 0.016264 0.016337 0.028232 -0.0079405 0.0040404 0.0028512 -0.0059919 0.016198 -0.01365 -0.020233 -0.0096936 0.0094433 0.026399 -0.010947 0.0051438 0.0061716 0.055295 -0.052492 0.015081 0.013104 -0.031748 -0.0018171 -0.0085761
0.020434 0.013132 0.041154 0.0034774 0.025509 -0.015269 0.030268 0.0093744 0.013417 -0.0059079 -0.015144 0.015999 -0.0020501 0.020454 -0.00394 -0.005217 0.0071373 0.0061576 0.0098019 0.022036 0.027605 0.024661 0.012799 0.014377 -0.0019945 -0.0061526 0.030895 0.035361 0.047671 0.01003 0.022786 0.00093319 0.0038245 0.018137 -0.016978 0.024101 -0.0038264 -0.012207 -0.0056294 0.0012935 0.02035 -0.0061139 0.0073479 -0.028647 -0.0022004 0.0057919 0.0053179 0.026653 0.0094482 0.0017095 -0.0018163 0.037136 0.0013782 0.0092972 -0.015349 0.01223 0.015628 0.0020719 0.0033236 0.013462 0.026116 0.013749 0.013545 0.012731 0.0018075 0.034637 -0.0054396 0.024476 0.041523 0.024093 0.037061 0.0082722 0.00921 -0.013591 0.018997 0.0043468 0.012273 0.019437 0.0063134 -0.0022782 -0.0048824 0.020062 0.019716 0.02592 0.024049 0.028604 0.036652 0.032569 0.056475 0.044432 0.033509 0.047588 0.064891 0.030964 0.020764 0.059522 0.055407 0.039932 0.044443 0.021161 0.035334 0.023765 0.031955 0.03308 0.015523 0.030414 0.018591 0.020846 0.03704 -0.0037934 0.025905 0.041352 0.054589 0.048427 0.040975 0.06737 0.047816 0.06562 0.050281 0.039396 0.020252 0.038379 0.049058 0.013053 0.0066535 0.063432 0.018685 0.03328 0.00043342 0.00094255 0.038851 0.025653 0.026665 0.039595 0.037486 0.0058033 0.010119 0.036587 0.052029 0.026893 0.050065 0.01112 0.050071 0.0088048 0.020562 0.029452 0.044469 0.052929 0.046614 0.028547 0.031894 0.047884 0.028981 0.058398 0.021802 0.045877 0.041402 0.005822 0.020153 0.015576 0.021797 0.040599 0.046404 0.030786 0.087264 0.062783 0.054066 0.047631 0.05953 0.049531 0.035028 0.037178 0.027422 0.022763 0.018204 -0.0045097 0.022854 0.0064504 0.024429 0.010953 0.026256 -0.0024015 0.023267 -0.0074931 0.027352 -0.0091765 0.01267 0.053404 0.059344 0.033655 0.026353 0.069877 0.08205 0.066124 0.067943 0.066019 0.065017 0.083097 0.094368 0.068888 0.092142 0.066789 0.066419 0.041164 0.063121 0.059137 0.054731 0.02876 0.019983 0.005432 0.026866 0.0093458 0.030842 0.02996 0.014456 -0.0082954 0.011664 -0.0082524 0.020553 0.0075835 0.013881 -0.0077846 0.020444 0.032682 0.049679 0.089941 0.10653 0.104 0.087509 0.089143 0.074018 0.086155 0.082592 0.066496 0.056061 0.067473 0.052134 0.035362 0.03223 0.055607 0.046058 0.052889 0.0067754 0.040672 0.010378 0.022086 0.02178 0.016177 0.016448 -0.00050657 0.030011 0.036443 -0.0033268 0.016008 0.0037531 -0.004259 0.003568 0.033824 0.013059 0.0074504 0.0064396 0.0067955 0.021748 0.021512 0.0015045 0.045849 -0.018452 0.001104 -0.0002791 -0.0050543 0.018371 0.0049354 0.0051374 0.027288 0.017175 0.02575 0.017406 0.019603 0.03143 -0.0039599 0.033991 0.044285 0.04567 0.028557 0.021252 0.036343 0.02531 0.01532 0.026096 0.029098 0.0052167 0.0025203 -0.0022771 0.014094 0.0067909 0.013821 -0.012404 0.021118 0.019504 0.017453 0.01423 0.013327 -0.0042091 0.014954 0.0022476 0.026073 0.027785 0.0067996 0.031607 0.0083828 0.052192 0.053971 -0.0047813 0.022456 0.054204 0.026787 -0.019694 -0.001589 -0.0031977 0.048034 0.010684 0.041798 0.01403 0.0069835 0.020948 0.0096112 0.037347 0.046217 0.032629 0.021184 0.057981 0.046369 0.04462 0.045909 0.048652 0.02185 0.025953 0.049207 0.076183 0.015421 0.043376 0.032235 0.061731 0.042239 0.047975 0.034741 0.040315 0.062032 0.022203 0.022152 0.01879 0.034151 -0.0022961 0.018254 0.046377 0.052332 0.0057549 0.036669 0.033087 0.020776 0.011395 0.03053 0.039738 0.026669 0.063173 0.072428 0.043816 0.051918 0.053015 0.07578 0.05036 0.057054 0.046986 0.076514 0.054189 0.041726 0.06102 0.066624 0.07297 0.096498 0.072069 0.14838 0.13657 0.12618 0.13517 0.11166 0.081331 0.069952 0.07022 0.084551 0.09314 0.078842 0.06005 0.05678 0.056378 0.029921 0.042404 0.0429 0.082783 0.049127 0.048201 0.056141 0.072135 0.035376 0.029306 0.039193 0.048609 0.011956 0.046638 0.053783 0.034261 0.062223 0.029089 0.052795 0.052837 0.030544 0.048378 0.026081 0.039002 0.035679 0.037892 0.036008 0.032007 0.0227 0.034628 0.041333 0.038615 0.01712 0.042149 0.025787 0.012456 0.007812 0.020409 0.037998 0.028572 0.053859 0.047472 0.055865 0.050569 0.04871 0.016916 0.033305 0.017111 0.028043 0.040424 0.046004 0.020784 -0.0025776 0.023739 0.014591 0.017577 0.0099875 0.047634 0.0048072 0.019169 -0.0040327 0.014851 0.038429 0.026907 0.012494 0.0035386 -0.0029277 0.025857 -0.014252 0.02735 0.020846 0.015078 0.012022 0.0024288 0.014607 0.020416 0.013013 0.031978 0.038293 0.027923 0.029658 0.0067862 0.012977 0.031487 0.02457 0.020068 0.04671 0.052071 0.061831 0.048658 0.08227 0.094779 0.023567 0.063115 0.06672 0.064969 0.055281 0.034533 0.051763 0.066775 0.047802 0.036022 0.056459 0.040304 0.038974 0.038196 0.029402 0.029906 0.034354 0.050466 0.050953 0.03827 0.022912 0.045076 0.023802 0.048073 0.024938 0.023397 0.024291 0.029723 0.037938 0.039994 0.054496 0.0053541 0.012959 0.038369 0.03181 0.020261 0.038616 0.011835 0.012572 0.037998 0.0037626 0.037238 0.00097466 -0.03606 0.03021 0.020367 0.013309 0.0024154 0.0047853 0.03595 0.037787 0.024556 0.024405 0.0025564 0.032756 0.024317 0.032091 0.030291 0.039087 0.03254 0.049358 0.053308 0.067126 0.047404 0.057477 0.068287 0.072109 0.045658 0.042486 0.027508 0.0438 0.037549 0.025482 0.032215 0.047214 0.058916 0.051822 0.050966 0.031646 0.05742 0.033008 0.039194 0.026051 0.058138 0.027803 0.031052 0.04658 0.064896 0.04961 0.012923 0.012469 0.0059161 0.00023877 0.018728 0.011685 0.032823 0.012627 0.023456 0.044917 0.037495 0.044632 0.035087 0.020992 0.016304 0.029566 0.012317 0.022318 0.0088318 0.010362 0.0022803 0.026902 0.048023 0.022335 0.037056 0.033165 0.012108 0.015049 0.021403 0.016559 0.033138 -0.0054882 0.037581 0.018525 0.0026231 -0.015696 0.033788 0.029396 0.0025752 0.031523 0.019404 0.027843 0.0086819 -0.014307 0.011747 0.018264 0.051978 0.038806 0.01263 0.026518 -0.00068622 0.020937 0.015564 0.020031 0.024687 0.020336 0.020504 0.012762 0.00071409 0.026531 0.026848 0.035152 0.0064717 0.0029848 0.017736 0.0092812 0.0051748 0.020583 0.0083772 0.036727 0.017296 -0.011112 0.024791 0.0042671 0.037227 0.013064 0.0081814 0.011414 -0.0021877 0.01965 0.022805 0.0032369 0.0064882 -0.002324 0.0031655 0.0098054 0.0027387 0.00077323 0.050612 0.015868 -0.0015281 0.037103 0.0024115 0.020455 0.014111 -0.013726 0.019707 0.020253 -0.0071369 0.023048 0.016428 0.0027754 0.0048369 0.016959 0.029337 0.002425 0.0050707 0.00033435 0.027706 0.020836 0.014808 0.015734 -0.011629 0.020451 0.025119 -0.011028
0.017462 0.011887 0.026322 0.0085676 0.023665 0.00016392 0.022838 0.0041873 0.0079207 -0.011991 -0.014537 0.014437 -0.001237 0.018977 -0.0035689 -0.0055876 0.0071174 0.011333 0.0048413 0.017217 0.014589 0.02377 0.010669 0.015708 0.010947 0.011206 0.023264 0.043773 0.046937 0.017573 0.016976 0.010424 0.0083839 0.02803 -0.013665 0.019679 0.0059524 -0.012016 -0.0074736 0.0048853 0.0125 -0.002858 0.015272 -0.031065 -0.0080198 0.0058935 0.004863 0.03094 0.014165 0.0061487 0.0033089 0.028374 -0.0051739 0.016116 -0.017659 0.012953 0.019093 0.0063246 0.010646 0.020391 0.012953 0.028074 0.011623 0.015752 0.0023638 0.040114 0.0085782 0.022822 0.039159 0.022904 0.035793 0.015416 0.016232 0.0059369 0.018545 0.0077468 0.0042316 0.022371 0.0080243 0.0013529 0.0037782 0.020277 0.013628 0.029485 0.022111 0.030905 0.039366 0.039588 0.056264 0.056906 0.042977 0.054419 0.06742 0.042151 0.036402 0.055887 0.058018 0.038396 0.050127 0.028307 0.033895 0.028487 0.031376 0.031579 0.017789 0.022263 0.018469 0.039181 0.037169 0.003102 0.027863 0.039539 0.058573 0.054903 0.047105 0.068021 0.049874 0.074092 0.059576 0.041227 0.027772 0.053539 0.054922 0.0033532 0.016142 0.057731 0.022234 0.035048 0.011925 0.0052191 0.044475 0.028042 0.01981 0.040825 0.032543 0.016156 0.025695 0.036802 0.042439 0.026635 0.049603 0.022259 0.042378 0.013979 0.024464 0.032707 0.046905 0.061304 0.049634 0.044111 0.045237 0.055384 0.031274 0.057078 0.024547 0.040351 0.036499 0.0026501 0.017466 0.023798 0.027274 0.035807 0.03635 0.031916 0.08637 0.063291 0.067326 0.055344 0.069563 0.060345 0.055145 0.032105 0.026945 0.02213 0.023 0.007348 0.0098227 0.0075911 0.021656 0.014427 0.019158 0.0057838 0.020601 -0.0063673 0.024899 -0.0067296 0.019124 0.049924 0.053634 0.043622 0.043618 0.072162 0.080888 0.075876 0.065147 0.066588 0.078894 0.097559 0.11377 0.072995 0.095545 0.072175 0.06841 0.037303 0.055853 0.051584 0.056596 0.035657 0.022363 0.020012 0.025632 0.016894 0.028562 0.028916 0.011096 -0.0093582 0.01221 -0.0037578 0.020696 0.0024274 0.0094209 7.5737e-05 0.030946 0.049633 0.069945 0.095155 0.1149 0.11979 0.098634 0.10345 0.073851 0.085775 0.085147 0.06103 0.06049 0.068765 0.057353 0.03427 0.047714 0.056365 0.045837 0.052521 0.020454 0.035021 0.016428 0.026989 0.025768 0.025653 0.016407 0.0051167 0.027405 0.028145 0.0040431 0.017496 0.0044296 0.0026829 0.0045138 0.034219 0.012962 0.0036431 0.013062 0.0066481 0.011602 0.0080516 0.001712 0.042 -0.0090432 -0.0050749 0.0033805 -0.011204 0.012075 0.0024619 0.0071435 0.0207 0.010224 0.026548 0.026917 0.012154 0.032129 -0.0056995 0.032465 0.042718 0.039263 0.02541 0.031748 0.029021 0.036021 0.015776 0.029061 0.020323 0.012959 0.013548 3.2101e-06 0.014035 0.0079236 0.0051497 -0.0076546 0.013409 0.02332 0.0080828 0.0099356 0.011454 -0.0069317 0.0099731 -0.00047162 0.026845 0.029283 -0.0030188 0.036428 0.0111 0.038178 0.056272 -0.0017992 0.026234 0.049436 0.033452 -3.7887e-05 0.0068822 0.0038167 0.043624 0.01256 0.045039 0.016593 0.0081018 0.022441 0.011157 0.027103 0.039963 0.036529 0.029121 0.057505 0.052624 0.04195 0.051961 0.046903 0.028856 0.034723 0.050169 0.08093 0.025989 0.047838 0.03921 0.062109 0.031934 0.043543 0.029593 0.03971 0.053218 0.03181 0.020634 0.025089 0.031055 0.004469 0.0096289 0.040155 0.056053 0.013902 0.034187 0.030235 0.018124 0.023696 0.033152 0.038771 0.0391 0.059162 0.074286 0.050722 0.06165 0.052587 0.075138 0.052366 0.050418 0.046763 0.067103 0.039967 0.043168 0.060137 0.068431 0.066951 0.092561 0.085094 0.13599 0.13602 0.11997 0.13118 0.11061 0.088698 0.071549 0.067566 0.064076 0.086833 0.07876 0.058649 0.057507 0.057662 0.031726 0.044666 0.045694 0.069023 0.047328 0.047145 0.04869 0.059337 0.03568 0.037422 0.042339 0.04652 0.015054 0.038006 0.049594 0.02061 0.056689 0.026517 0.050401 0.046906 0.027003 0.042357 0.03269 0.038245 0.0382 0.033925 0.032069 0.028916 0.018815 0.020904 0.03229 0.041565 0.012592 0.029158 0.013472 0.01131 0.015639 0.020745 0.034428 0.033765 0.043216 0.039201 0.044975 0.050596 0.046948 0.014775 0.027583 0.025028 0.033024 0.039998 0.031428 0.014952 -0.0059367 0.022416 0.019828 0.017645 0.012915 0.038313 0.0036693 0.013966 -0.0044041 0.0099673 0.03386 0.026138 0.017716 0.011442 0.0084453 0.021899 -0.0047276 0.019945 0.028789 0.012751 0.0098573 0.012035 0.011365 0.025153 0.019831 0.032387 0.039136 0.026609 0.036649 0.011862 0.018388 0.031005 0.025756 0.029553 0.045127 0.039227 0.053315 0.049832 0.080292 0.092703 0.031299 0.069983 0.071566 0.060493 0.043811 0.034713 0.04806 0.055684 0.048841 0.039834 0.049991 0.031289 0.033905 0.032186 0.037383 0.026564 0.025624 0.048678 0.038721 0.040422 0.031965 0.04975 0.026271 0.044366 0.024824 0.019898 0.024105 0.037827 0.032432 0.036987 0.056776 0.0058421 0.013212 0.03332 0.038463 0.02726 0.032492 0.012489 0.014481 0.03558 0.0072266 0.032697 0.0028403 -0.022074 0.029094 0.019591 0.020799 0.0036419 0.0017113 0.036517 0.033145 0.022325 0.019634 0.0085268 0.026375 0.020866 0.040421 0.024241 0.041904 0.034856 0.041423 0.052179 0.065065 0.04149 0.051281 0.062983 0.056586 0.043277 0.054408 0.033942 0.03968 0.042548 0.026249 0.032153 0.049313 0.048835 0.047563 0.041267 0.03305 0.049822 0.034823 0.047741 0.024363 0.047667 0.022928 0.028306 0.036219 0.056946 0.048914 0.012268 0.015071 0.0097833 0.0059779 0.015337 0.014036 0.044782 0.016945 0.020421 0.04297 0.035252 0.046016 0.020177 0.019526 0.013378 0.022954 0.011946 0.022919 0.015905 0.0052953 0.0086774 0.030696 0.041619 0.017038 0.031717 0.02769 0.016352 0.0072642 0.028705 0.021417 0.02648 0.0057504 0.031275 0.011517 0.019327 -0.017957 0.028563 0.017378 0.0076828 0.021628 0.016009 0.033866 0.0074917 -0.0054808 0.0037864 0.008438 0.050797 0.035949 0.0071897 0.027781 0.011286 0.014753 0.021852 0.019233 0.014079 0.02294 0.027146 0.012232 0.00096728 0.028194 0.015043 0.033106 0.0044533 0.0045083 0.0079001 0.016658 0.008996 0.022859 0.017726 0.030103 0.019724 -0.0037312 0.02261 0.012194 0.029192 0.004219 0.0016755 0.011155 -0.0014651 0.021437 0.019875 0.0059593 0.0068232 -0.010102 0.0076347 0.016587 -0.00081308 0.010068 0.043988 0.013608 0.0076837 0.024957 0.0030628 0.019155 0.0070173 -0.0075661 0.018905 0.014341 -0.006488 0.020015 0.020892 0.012947 0.0056084 0.010291 0.019437 0.0027024 0.0057331 0.0073985 0.028135 0.015093 0.025183 0.0073001 -0.014659 0.019643 0.019947 -0.004224
0.017097 0.010359 0.017211 0.01376 0.019065 0.015239 0.015007 -0.00097461 0.0053814 -0.015703 -0.014828 0.011956 -0.0011463 0.014093 -0.0026334 -0.0067489 0.0077149 0.013287 0.0071966 0.013639 0.0049127 0.024272 0.013404 0.012448 0.018059 0.020407 0.018497 0.046346 0.04252 0.022031 0.015543 0.01643 0.010155 0.035731 -0.007983 0.016824 0.0083729 -0.012528 -0.0085796 0.0059431 0.0054463 0.0011278 0.015022 -0.027753 -0.012864 0.0032969 0.0011852 0.027678 0.017742 0.012409 0.0044454 0.021017 -0.0011248 0.025238 -0.014422 0.015164 0.01854 0.0054642 0.010977 0.026278 0.0023082 0.037925 0.012095 0.018675 0.0043052 0.041285 0.019151 0.022915 0.039776 0.016077 0.034135 0.023053 0.020509 0.021745 0.016519 0.013248 0.0016093 0.025935 0.0091757 0.0059491 0.0083155 0.021453 0.013315 0.034819 0.026548 0.034925 0.044353 0.043776 0.055453 0.0717 0.054363 0.062442 0.066546 0.054336 0.04919 0.054102 0.054613 0.038776 0.051238 0.035234 0.03619 0.031652 0.026087 0.030941 0.017669 0.018517 0.018525 0.048886 0.037332 0.016993 0.031042 0.041648 0.067822 0.061257 0.049648 0.069082 0.053088 0.075994 0.064582 0.046633 0.033292 0.060261 0.055467 0.0052505 0.021169 0.049622 0.024408 0.03287 0.022252 0.015107 0.041606 0.033579 0.022075 0.045396 0.031035 0.022039 0.029077 0.041549 0.03182 0.025889 0.045183 0.028314 0.036769 0.02207 0.024019 0.038025 0.048409 0.066255 0.049936 0.052039 0.053092 0.062484 0.03485 0.055886 0.029165 0.03441 0.029527 0.0026199 0.017931 0.033298 0.035182 0.035158 0.035524 0.036101 0.082807 0.057102 0.073106 0.062552 0.076268 0.066719 0.066181 0.032749 0.026315 0.021579 0.026546 0.019402 0.0023075 0.0048817 0.016481 0.015732 0.015006 0.018932 0.023955 0.0015914 0.022636 -0.0014948 0.027321 0.044709 0.054081 0.055126 0.058069 0.076044 0.07571 0.084735 0.065315 0.070815 0.087011 0.10715 0.12692 0.076166 0.093952 0.076811 0.074006 0.031998 0.046091 0.045959 0.056126 0.042131 0.023737 0.03277 0.021011 0.022848 0.027226 0.02628 0.0056161 -0.010336 0.0071097 -0.00058324 0.020831 0.004345 0.0098031 0.0074232 0.042224 0.069483 0.084327 0.095925 0.11567 0.12582 0.10327 0.11024 0.074426 0.082563 0.083433 0.055237 0.062892 0.06933 0.055173 0.033894 0.056237 0.055015 0.043863 0.051507 0.034982 0.029926 0.023138 0.031283 0.026697 0.028354 0.014496 0.009092 0.026089 0.018252 0.0094247 0.015823 0.0068868 0.0076612 0.010095 0.0307 0.018281 0.0013102 0.015351 0.0019538 0.0063752 0.00083908 0.0024733 0.033125 -0.0015638 -0.0077214 0.0027158 -0.014105 0.0090518 0.001606 0.0093236 0.015769 0.0084761 0.024788 0.034567 0.0073087 0.034235 -0.0026306 0.03329 0.038388 0.037987 0.024108 0.039986 0.024303 0.039567 0.018905 0.028256 0.012581 0.018672 0.019738 0.0059742 0.016545 0.010117 -0.0035486 -0.0035381 0.0046137 0.022413 0.0003343 0.009087 0.010002 -0.0066657 0.0088119 -0.0013793 0.025262 0.029652 -0.0065445 0.037543 0.016502 0.024361 0.051887 -0.001684 0.025605 0.050843 0.032458 0.018387 0.016616 0.011096 0.039145 0.015508 0.045113 0.023246 0.011224 0.025704 0.011997 0.019972 0.031321 0.041881 0.040817 0.056242 0.053095 0.041953 0.059675 0.048371 0.036294 0.036665 0.048076 0.084099 0.033531 0.049269 0.042298 0.053638 0.027886 0.03577 0.028907 0.036721 0.039877 0.042778 0.022648 0.030056 0.027889 0.013837 0.0062281 0.030393 0.05982 0.018772 0.028208 0.027185 0.019322 0.03594 0.040108 0.043992 0.045687 0.055388 0.074458 0.054751 0.064297 0.052905 0.068411 0.056528 0.045806 0.045103 0.062235 0.032565 0.043814 0.063153 0.072683 0.065351 0.086405 0.097698 0.1307 0.12807 0.11594 0.12122 0.10376 0.089287 0.06638 0.062182 0.044643 0.072912 0.074435 0.053379 0.055839 0.058392 0.037553 0.044184 0.042655 0.052982 0.040961 0.048682 0.043768 0.042992 0.03529 0.041676 0.042589 0.043085 0.018489 0.028481 0.04525 0.017314 0.047681 0.027016 0.046214 0.04004 0.024903 0.036725 0.034624 0.031949 0.037762 0.029481 0.028175 0.028644 0.019031 0.013992 0.027603 0.040184 0.012262 0.022871 0.0043441 0.011758 0.022551 0.026931 0.028075 0.033979 0.034297 0.031807 0.033565 0.047907 0.037278 0.0142 0.027517 0.02751 0.030906 0.036616 0.019501 0.011025 -0.0074242 0.023432 0.024213 0.021838 0.015675 0.025251 0.0063612 0.0055865 -0.00086001 0.006205 0.027297 0.02583 0.0211 0.021225 0.018293 0.020935 0.0070998 0.015164 0.032128 0.015579 0.010981 0.023165 0.011292 0.028058 0.023342 0.029426 0.038282 0.028843 0.037765 0.016716 0.02598 0.037297 0.028355 0.034601 0.046229 0.033719 0.049167 0.052082 0.078083 0.088308 0.041964 0.075449 0.072427 0.058287 0.040264 0.037494 0.04653 0.048814 0.046473 0.042526 0.043531 0.028961 0.034456 0.027195 0.044727 0.021522 0.020479 0.047228 0.029712 0.043134 0.035824 0.052199 0.02846 0.038689 0.028701 0.018544 0.024823 0.036945 0.027242 0.029546 0.052675 0.0073861 0.0097992 0.031746 0.040913 0.027737 0.031534 0.012397 0.01862 0.031659 0.017312 0.026867 0.0075732 -0.0043491 0.028615 0.017302 0.021978 0.0027531 0.0025102 0.034 0.022293 0.02023 0.018156 0.014011 0.026439 0.018958 0.048552 0.022464 0.04366 0.035913 0.038871 0.052589 0.061963 0.039002 0.043685 0.057321 0.040741 0.041728 0.060091 0.036658 0.039967 0.044829 0.028871 0.032759 0.047431 0.035807 0.042737 0.035825 0.037854 0.041853 0.033264 0.050488 0.022169 0.035234 0.022677 0.028153 0.025992 0.044726 0.043202 0.011812 0.020121 0.014559 0.016256 0.015639 0.01573 0.044709 0.01919 0.018225 0.037644 0.030547 0.040812 0.0039747 0.017088 0.009615 0.017569 0.0096416 0.02247 0.022266 0.0053457 0.014702 0.031427 0.034158 0.013856 0.026356 0.025009 0.021207 0.0048157 0.033689 0.02555 0.020169 0.013131 0.024634 0.0022805 0.025015 -0.01806 0.023073 0.0077 0.010123 0.015749 0.018461 0.030516 0.0076564 0.00053029 0.00047237 2.5975e-05 0.048436 0.034831 0.0030185 0.025312 0.016629 0.0098927 0.022846 0.013025 0.0047302 0.022306 0.029136 0.012447 0.0044253 0.024764 0.0099764 0.027234 0.0066842 0.0068307 0.00043376 0.022221 0.012577 0.024634 0.020475 0.024248 0.017394 0.0036624 0.015105 0.014279 0.020648 -0.0029671 0.0010847 0.01033 0.0023688 0.023935 0.017895 0.0075237 0.012116 -0.011258 0.010687 0.024436 -0.0045751 0.015899 0.031269 0.010638 0.014277 0.012563 0.0044422 0.016994 0.0064768 -0.0010305 0.016789 0.013067 -0.0052751 0.016628 0.021197 0.016257 0.0067369 0.0086227 0.01024 0.0077771 0.0039305 0.0097227 0.027305 0.008188 0.026571 4.8969e-05 -0.013557 0.01871 0.015101 0.0037095
0.01871 0.0070327 0.01418 0.015421 0.013413 0.02579 0.009523 -0.0038574 0.0061232 -0.018657 -0.013666 0.0091165 -0.001058 0.0086887 0.00017268 -0.0054633 0.010844 0.012113 0.016028 0.009741 -0.001317 0.024346 0.018884 0.0065872 0.020621 0.021889 0.015634 0.041797 0.035136 0.02316 0.015678 0.020358 0.0091411 0.039651 0.0003026 0.01734 0.0047292 -0.012407 -0.0061302 0.0058283 0.0020628 0.0041129 0.01041 -0.018601 -0.013891 0.0028251 -0.0028469 0.018557 0.017147 0.02004 0.0027593 0.016922 0.010203 0.033298 -0.0069421 0.018414 0.015978 0.0030305 0.0083449 0.030738 -0.0044885 0.04333 0.013738 0.023061 0.0081994 0.03926 0.025699 0.0245 0.043468 0.007579 0.03144 0.028047 0.024467 0.032573 0.013077 0.017608 0.0040175 0.030503 0.011412 0.0094346 0.011764 0.023774 0.01831 0.042835 0.03666 0.043239 0.050326 0.04727 0.056082 0.084507 0.066113 0.067228 0.062207 0.063339 0.056508 0.054955 0.049777 0.042239 0.04865 0.041892 0.040555 0.035047 0.022704 0.033855 0.019278 0.022835 0.02106 0.050213 0.039845 0.03352 0.03609 0.047871 0.0782 0.06481 0.05078 0.071868 0.058127 0.072188 0.068465 0.051968 0.037328 0.060023 0.053191 0.015713 0.023952 0.042002 0.027561 0.02983 0.029759 0.027407 0.03442 0.039826 0.029951 0.051066 0.033684 0.027481 0.025803 0.047964 0.025463 0.026358 0.040207 0.032323 0.034665 0.032317 0.023244 0.044335 0.04935 0.067858 0.048142 0.053109 0.057353 0.065422 0.03799 0.053185 0.034877 0.029744 0.024819 0.0065735 0.021422 0.0417 0.043782 0.039181 0.041062 0.044575 0.077753 0.049398 0.070704 0.068331 0.078333 0.067469 0.068667 0.036913 0.025886 0.020502 0.02843 0.028643 0.0030175 0.0018853 0.010671 0.014686 0.016088 0.032855 0.03158 0.015736 0.01961 0.006353 0.036073 0.04005 0.058898 0.064819 0.070295 0.081409 0.071457 0.094034 0.072228 0.077633 0.092204 0.11028 0.13 0.076951 0.087519 0.08004 0.079372 0.027839 0.03894 0.043371 0.055536 0.044397 0.025618 0.040692 0.014154 0.026511 0.025923 0.02215 0.00021927 -0.010215 -0.00017099 0.0029753 0.020656 0.010601 0.01564 0.016779 0.055324 0.090025 0.094092 0.094934 0.11073 0.1215 0.10344 0.10926 0.072918 0.07836 0.077318 0.049018 0.064081 0.068661 0.048979 0.034983 0.05628 0.054193 0.041645 0.050796 0.046307 0.026338 0.028361 0.033955 0.024091 0.026239 0.013341 0.012274 0.023743 0.010797 0.012889 0.010691 0.010958 0.0094532 0.019301 0.025186 0.025118 0.0025092 0.015039 -0.0038901 0.0066153 8.4633e-06 0.0052409 0.02343 0.0034933 -0.0066156 -0.00034294 -0.012803 0.010332 0.00035276 0.010176 0.014269 0.01247 0.022125 0.039071 0.0067457 0.036024 0.0035833 0.034086 0.032471 0.038547 0.023995 0.044183 0.022 0.036733 0.021602 0.024012 0.0061734 0.021781 0.019937 0.012212 0.022214 0.014842 -0.0095943 7.2889e-05 -0.0020088 0.017656 -0.0025184 0.012025 0.011689 -0.0032699 0.0096571 0.00075705 0.019861 0.030325 -0.0041141 0.031564 0.023901 0.016422 0.045061 -0.0016183 0.023065 0.052467 0.026148 0.03063 0.027517 0.016779 0.038751 0.020124 0.041762 0.03303 0.017404 0.030048 0.013854 0.016219 0.02489 0.04672 0.053127 0.054094 0.047745 0.044309 0.066268 0.05263 0.042423 0.036581 0.046092 0.08319 0.035815 0.048382 0.040697 0.041063 0.030413 0.027558 0.030593 0.032964 0.028367 0.053307 0.028948 0.03218 0.026495 0.02542 0.0088962 0.021196 0.060385 0.019705 0.021741 0.026193 0.023687 0.046921 0.04929 0.051401 0.048522 0.052688 0.071399 0.056246 0.061602 0.054728 0.058574 0.063213 0.044308 0.044457 0.059927 0.03425 0.048504 0.068303 0.078652 0.068385 0.081534 0.10488 0.128 0.11581 0.11163 0.10816 0.092719 0.085706 0.057186 0.052728 0.029357 0.055509 0.06673 0.045473 0.053689 0.059054 0.042887 0.04048 0.035553 0.038996 0.032204 0.049819 0.041218 0.027811 0.032546 0.041521 0.041367 0.037772 0.021552 0.020206 0.039588 0.02256 0.037916 0.030632 0.041648 0.034367 0.024177 0.032753 0.029279 0.024761 0.034765 0.025926 0.023565 0.030499 0.021824 0.013592 0.027 0.037669 0.017037 0.022519 0.0010283 0.014247 0.026053 0.033757 0.021419 0.027708 0.027948 0.026307 0.025241 0.040494 0.025669 0.015929 0.029684 0.024516 0.022652 0.03204 0.010011 0.0096843 -0.0074233 0.023122 0.025559 0.027104 0.013686 0.012034 0.0087524 -0.0029705 0.0042139 0.0024693 0.020347 0.027625 0.02183 0.029822 0.026608 0.020133 0.016417 0.014108 0.033118 0.022445 0.015876 0.034536 0.014418 0.029974 0.0239 0.02508 0.033607 0.033361 0.032766 0.022866 0.034222 0.047921 0.032606 0.039116 0.051246 0.03625 0.052081 0.055988 0.076392 0.084479 0.056179 0.077575 0.068132 0.059308 0.043348 0.041347 0.045778 0.046012 0.041078 0.04486 0.037368 0.030728 0.037835 0.023103 0.046253 0.016161 0.021784 0.046874 0.025785 0.043367 0.034717 0.050538 0.028918 0.034781 0.032896 0.019513 0.026255 0.028077 0.025299 0.020242 0.044178 0.010043 0.0045522 0.030505 0.036338 0.0245 0.034554 0.011642 0.023151 0.027328 0.028141 0.021617 0.011751 0.011223 0.030666 0.014188 0.017043 -0.00060335 0.0070053 0.029871 0.0091747 0.018371 0.018939 0.018646 0.033565 0.019325 0.054451 0.023584 0.042423 0.037535 0.042105 0.053508 0.059796 0.038338 0.037774 0.051521 0.027932 0.041046 0.060779 0.035997 0.043725 0.045801 0.032589 0.031631 0.043103 0.021856 0.038163 0.031506 0.041803 0.034748 0.028701 0.047564 0.020268 0.024746 0.02455 0.030336 0.016798 0.032014 0.036198 0.012317 0.023882 0.016003 0.025451 0.019482 0.018134 0.0357 0.020406 0.015589 0.030339 0.024014 0.030489 -0.0082185 0.014064 0.0051802 0.012483 0.0066858 0.022293 0.025755 0.0092622 0.017977 0.027625 0.029476 0.012215 0.019561 0.023764 0.024165 0.0076561 0.035564 0.025328 0.015108 0.016525 0.018494 -0.0052023 0.020042 -0.013636 0.018422 0.0024125 0.0087557 0.015384 0.024091 0.020412 0.0072675 0.0034878 0.0031589 -0.003961 0.043752 0.032503 0.00036332 0.01994 0.016315 0.0055432 0.019051 0.002737 -0.0018072 0.020729 0.027605 0.01211 0.0071766 0.017264 0.011178 0.018672 0.0098475 0.010241 -0.0023562 0.024407 0.014648 0.023977 0.017629 0.017999 0.010045 0.0087461 0.0039881 0.010538 0.011961 -0.0052309 0.0062595 0.0094968 0.0077593 0.024831 0.015298 0.008739 0.02092 -0.0075267 0.013367 0.028531 -0.0090034 0.017506 0.013772 0.0063679 0.017387 0.0027222 0.0071172 0.013217 0.010573 0.0035653 0.015527 0.015544 -0.002025 0.013964 0.016513 0.015618 0.0086988 0.011578 0.004202 0.014583 0.0010637 0.0088748 0.0242 0.003609 0.0214 -0.0037996 -0.0092279 0.017681 0.013481 0.0088873
0.02074 0.0014807 0.015161 0.012653 0.0088035 0.029435 0.0068375 -0.0028735 0.010177 -0.020559 -0.008544 0.0063665 3.6858e-06 0.0044325 0.0034835 -0.0017324 0.016567 0.0091465 0.028533 0.0049334 -0.0038468 0.022695 0.024413 0.0014552 0.020811 0.0177 0.013602 0.032805 0.02712 0.022828 0.013764 0.023437 0.0066607 0.038747 0.0096309 0.020249 -0.0008742 -0.010313 0.001268 0.0059039 0.0053875 0.0056206 0.0056947 -0.0058944 -0.0095679 0.0077765 -0.0043448 0.0082784 0.011888 0.026901 -0.00025838 0.015232 0.023646 0.038221 0.0022745 0.022745 0.014536 0.0015811 0.0072636 0.034229 -0.0059499 0.045647 0.015208 0.028056 0.013508 0.035794 0.028276 0.026631 0.048559 0.0023241 0.027307 0.02882 0.028474 0.038094 0.01044 0.019106 0.010113 0.035998 0.016763 0.01239 0.017008 0.028396 0.026846 0.052884 0.050215 0.05517 0.05639 0.050767 0.05853 0.09137 0.074902 0.066233 0.055332 0.065811 0.057 0.057075 0.047925 0.04894 0.044597 0.048396 0.045008 0.040512 0.026802 0.04096 0.025368 0.035582 0.027299 0.04613 0.044475 0.046988 0.043685 0.056252 0.085476 0.064574 0.053007 0.075903 0.063912 0.064728 0.073087 0.05387 0.040556 0.056073 0.05141 0.028746 0.026338 0.038202 0.032371 0.027684 0.035398 0.037735 0.028083 0.045211 0.038052 0.056261 0.038097 0.035305 0.023385 0.053129 0.026073 0.029362 0.037722 0.037037 0.035851 0.04239 0.02421 0.050726 0.049655 0.067134 0.04599 0.050777 0.058998 0.061911 0.038774 0.048688 0.03941 0.027961 0.024002 0.01401 0.026535 0.046706 0.05066 0.046427 0.049139 0.055631 0.071113 0.045158 0.06224 0.069834 0.074934 0.062805 0.065103 0.041903 0.024575 0.018191 0.028725 0.033337 0.011426 0.0018342 0.0060607 0.012622 0.022164 0.043836 0.040043 0.032503 0.017875 0.016818 0.044307 0.038768 0.066013 0.070311 0.080507 0.087795 0.070261 0.10241 0.083597 0.08431 0.094873 0.10702 0.12161 0.07351 0.07824 0.080292 0.079512 0.026138 0.036317 0.04211 0.055403 0.041984 0.028899 0.042559 0.0074244 0.027715 0.023863 0.017198 -0.002573 -0.0079745 -0.0052166 0.0091656 0.021696 0.017477 0.026449 0.028967 0.069624 0.10682 0.10012 0.094667 0.10207 0.10816 0.10012 0.10174 0.068267 0.073711 0.067613 0.04276 0.063127 0.065423 0.040859 0.036697 0.048431 0.054003 0.038649 0.050428 0.051076 0.023504 0.031176 0.033204 0.018862 0.022114 0.014141 0.014324 0.019658 0.0087232 0.01507 0.0035031 0.016004 0.0072427 0.029215 0.020104 0.028987 0.0081154 0.014975 -0.0078408 0.010173 0.0045248 0.010292 0.015641 0.0067366 -0.0030053 -0.0038021 -0.0073488 0.015959 -0.0011342 0.0092619 0.017316 0.018845 0.020086 0.039205 0.010514 0.036181 0.01052 0.032606 0.025826 0.036248 0.022864 0.043898 0.02083 0.031236 0.021417 0.019344 0.00076546 0.022838 0.016486 0.016752 0.028771 0.021313 -0.010699 0.004399 -0.0036934 0.010466 0.0011136 0.017825 0.018132 0.0034955 0.011889 0.0053358 0.011254 0.031755 0.0013898 0.020201 0.031742 0.017163 0.039282 0.0017777 0.020622 0.049726 0.018251 0.033567 0.03704 0.019907 0.04358 0.025645 0.03578 0.04404 0.026301 0.033914 0.017271 0.015685 0.023073 0.049735 0.062807 0.052211 0.03931 0.047531 0.068611 0.05704 0.044247 0.037435 0.046751 0.075851 0.033232 0.044864 0.035009 0.030203 0.036383 0.021167 0.032765 0.03001 0.022376 0.061256 0.037057 0.032642 0.027448 0.037597 0.016907 0.016758 0.056413 0.016879 0.016625 0.029201 0.029771 0.055659 0.058528 0.057722 0.049718 0.052626 0.064976 0.05742 0.056019 0.0573 0.050117 0.06973 0.046726 0.046836 0.058599 0.043211 0.058378 0.073804 0.08371 0.074721 0.078715 0.10303 0.1222 0.10194 0.10435 0.094366 0.080112 0.079891 0.046794 0.040516 0.02159 0.039983 0.056261 0.03679 0.052563 0.058415 0.044471 0.034643 0.027529 0.031591 0.022719 0.047922 0.039652 0.017045 0.027621 0.038893 0.03978 0.031083 0.023224 0.01539 0.032272 0.031729 0.030623 0.035441 0.037305 0.030458 0.024273 0.028886 0.018245 0.020428 0.030413 0.024195 0.018154 0.033117 0.02476 0.017857 0.029687 0.037445 0.025322 0.024908 0.0040276 0.019552 0.025697 0.036927 0.016573 0.016629 0.024085 0.023172 0.021316 0.028673 0.017686 0.02009 0.029931 0.017699 0.011576 0.027121 0.0037496 0.0096135 -0.0065997 0.018304 0.023386 0.030584 0.0057244 0.0028112 0.0073849 -0.0078352 0.0093874 -0.00082733 0.014132 0.031178 0.019085 0.034784 0.030414 0.018239 0.020874 0.01569 0.03439 0.029863 0.023769 0.043905 0.019983 0.03196 0.023403 0.023016 0.02547 0.037985 0.0249 0.029974 0.041432 0.058204 0.037812 0.045527 0.05903 0.044684 0.061878 0.060433 0.074213 0.081604 0.07109 0.076206 0.0597 0.063193 0.049555 0.043938 0.0435 0.044964 0.03407 0.045919 0.031926 0.03192 0.039953 0.019862 0.040118 0.012244 0.028507 0.046807 0.026723 0.039353 0.031155 0.044256 0.027558 0.033595 0.034396 0.023103 0.02618 0.015106 0.026876 0.012905 0.034651 0.014553 0.0015723 0.026647 0.025111 0.020449 0.038255 0.01125 0.02524 0.024262 0.033935 0.018222 0.012472 0.020314 0.035088 0.010959 0.0091555 -0.0047626 0.014114 0.026095 -0.001271 0.016064 0.020084 0.022623 0.044555 0.021978 0.056882 0.026133 0.037572 0.040216 0.048937 0.053529 0.05814 0.037558 0.034118 0.045991 0.021478 0.041469 0.058104 0.033569 0.048545 0.046703 0.035617 0.027138 0.0378 0.0082552 0.034007 0.026621 0.040975 0.028734 0.022177 0.040455 0.019749 0.018397 0.026027 0.031508 0.010073 0.023419 0.030702 0.014383 0.023409 0.012494 0.028957 0.024433 0.02162 0.021791 0.021196 0.011532 0.02306 0.017247 0.018222 -0.012146 0.011175 0.0014287 0.0071457 0.0026447 0.023104 0.025915 0.014308 0.017323 0.019768 0.028635 0.010805 0.010737 0.022183 0.023133 0.014136 0.034303 0.019801 0.012245 0.016994 0.013332 -0.0069592 0.0074921 -0.0061482 0.015692 0.0018402 0.0051131 0.019486 0.028534 0.0095167 0.0048676 0.0036198 0.011222 -0.0021679 0.036156 0.026105 -0.00075755 0.012651 0.01306 0.0013874 0.011534 -0.0086228 -0.0043151 0.019165 0.023582 0.011721 0.0059391 0.008382 0.016323 0.010244 0.010642 0.012748 -0.00030885 0.023807 0.014279 0.020142 0.012194 0.010153 -0.00030195 0.0092693 -0.0057175 0.0027448 0.0040436 -0.0010148 0.014271 0.0077853 0.012362 0.022623 0.011567 0.0086406 0.029297 -0.0021177 0.015637 0.025869 -0.013637 0.015068 -0.0037022 0.0018494 0.017433 -0.0015709 0.01128 0.0084096 0.016195 0.0058908 0.015906 0.018883 0.0033882 0.012539 0.00736 0.013937 0.010441 0.017015 0.0020206 0.019348 -0.0013072 0.0070935 0.02056 0.0024536 0.014048 -0.0027237 -0.003874 0.01582 0.013473 0.0097863
0.02116 -0.0050189 0.017095 0.0075635 0.0062698 0.026985 0.005396 0.0017772 0.016366 -0.019751 0.00072338 0.0039442 0.0025548 0.0022561 0.0047113 0.0019409 0.023214 0.0063991 0.040252 -0.00076211 -0.0029347 0.019012 0.028086 -1.4924e-06 0.021382 0.011517 0.011412 0.024974 0.021577 0.023218 0.0078453 0.026269 0.0050317 0.033481 0.017413 0.022973 -0.0037286 -0.005525 0.012715 0.0069055 0.016165 0.0063463 0.0045537 0.0065418 -0.00060047 0.017612 -0.0012605 0.0023439 0.0044735 0.031013 -0.0028504 0.013576 0.034426 0.03993 0.010583 0.028317 0.016746 0.0028063 0.011209 0.038102 -0.0017154 0.047064 0.016462 0.032261 0.019169 0.032475 0.028329 0.027821 0.052311 0.0041806 0.022176 0.026195 0.031365 0.039337 0.01205 0.01887 0.01801 0.042133 0.025735 0.017762 0.024745 0.036475 0.036759 0.06342 0.064116 0.06707 0.062506 0.054263 0.061915 0.090864 0.077663 0.059755 0.048793 0.061994 0.052228 0.059055 0.051633 0.057984 0.041939 0.055222 0.048552 0.049123 0.040302 0.050221 0.036066 0.053775 0.036925 0.041941 0.049102 0.053422 0.053884 0.062919 0.086881 0.062581 0.057643 0.080308 0.067532 0.056752 0.078308 0.051565 0.043669 0.052752 0.052261 0.03773 0.02926 0.040436 0.037416 0.027052 0.04183 0.042324 0.026642 0.049631 0.04148 0.060599 0.040004 0.045634 0.027578 0.055257 0.032859 0.035153 0.039326 0.043782 0.038734 0.050177 0.027036 0.056305 0.049055 0.06572 0.045414 0.04938 0.058786 0.052958 0.036685 0.043612 0.040634 0.028874 0.026746 0.023326 0.03103 0.047354 0.054836 0.053769 0.056222 0.065171 0.062387 0.047284 0.051776 0.064658 0.067645 0.054643 0.059543 0.045256 0.021043 0.014522 0.027879 0.03414 0.024382 0.0053265 0.0048406 0.011881 0.031204 0.050284 0.0461 0.04744 0.021107 0.029162 0.051682 0.042454 0.073653 0.070769 0.089425 0.094802 0.071281 0.10778 0.093275 0.087981 0.094756 0.10035 0.1047 0.065468 0.069193 0.077291 0.071681 0.026735 0.036964 0.038384 0.054382 0.037168 0.033087 0.039655 0.0037635 0.027582 0.021011 0.013137 -0.0018049 -0.0030708 -0.0046234 0.018752 0.026865 0.022767 0.040103 0.042695 0.082701 0.11586 0.10218 0.096246 0.091375 0.08998 0.093712 0.09053 0.06092 0.068431 0.056415 0.037695 0.058758 0.058442 0.032207 0.037048 0.036464 0.052676 0.033562 0.049479 0.04921 0.020437 0.031896 0.02755 0.013695 0.018542 0.016212 0.01531 0.014532 0.012286 0.016835 -0.003023 0.021054 0.0014089 0.036072 0.018002 0.02681 0.01671 0.017586 -0.0085687 0.012946 0.012353 0.017032 0.010131 0.0093222 0.0014557 -0.0064851 0.0013512 0.024416 -0.0014559 0.0070176 0.023836 0.022414 0.019347 0.0351 0.016528 0.034644 0.015478 0.028426 0.018984 0.028228 0.019014 0.040256 0.01884 0.027906 0.018061 0.018026 -0.004106 0.023258 0.0136 0.01899 0.033006 0.026168 -0.00638 0.010699 0.00061505 0.0031451 0.010784 0.024489 0.028192 0.013084 0.015846 0.010332 0.0022655 0.033104 0.0056536 0.0092435 0.037707 0.02536 0.035745 0.010492 0.018968 0.042027 0.012866 0.027764 0.042358 0.020618 0.051277 0.030309 0.029328 0.053929 0.035815 0.034927 0.020423 0.017949 0.025607 0.050603 0.067893 0.052648 0.032554 0.049012 0.064825 0.058504 0.040143 0.04004 0.050791 0.062652 0.028325 0.038445 0.027755 0.024843 0.040849 0.018028 0.033613 0.028994 0.021588 0.065486 0.043129 0.034877 0.029897 0.047921 0.027896 0.019668 0.049254 0.011729 0.013836 0.036059 0.036411 0.061392 0.066068 0.060939 0.051015 0.055921 0.056982 0.060647 0.049885 0.058752 0.047523 0.072337 0.053349 0.053067 0.058038 0.054348 0.070252 0.078491 0.085609 0.0819 0.076653 0.091937 0.10981 0.088578 0.093139 0.08148 0.068853 0.073482 0.037533 0.028863 0.022598 0.030375 0.044974 0.029651 0.052583 0.054729 0.041678 0.028906 0.022341 0.032223 0.014307 0.042214 0.037529 0.011532 0.022321 0.037501 0.038462 0.024107 0.022793 0.01494 0.02479 0.039131 0.027627 0.038495 0.032285 0.027353 0.024605 0.02241 0.0062462 0.019623 0.02653 0.024196 0.012418 0.035576 0.025817 0.023692 0.034543 0.041014 0.033088 0.025932 0.011121 0.027226 0.023261 0.034773 0.014083 0.0050055 0.021155 0.022089 0.020419 0.015042 0.016001 0.024894 0.025154 0.010257 0.0020679 0.021729 0.0019131 0.0079251 -0.005631 0.0076462 0.019421 0.030763 -0.0051507 -0.00031309 0.0013597 -0.0065145 0.014097 -0.002279 0.0098 0.03448 0.013807 0.035588 0.026755 0.015084 0.021195 0.01737 0.037239 0.034223 0.033094 0.049301 0.02667 0.034821 0.023892 0.026535 0.016767 0.040435 0.019113 0.03628 0.046852 0.063733 0.042867 0.053846 0.067082 0.055609 0.075192 0.063434 0.07003 0.07803 0.081653 0.072842 0.049859 0.067985 0.054092 0.042837 0.037936 0.042796 0.027649 0.044777 0.02741 0.02839 0.038009 0.017848 0.029019 0.010974 0.036264 0.045252 0.029771 0.032101 0.029273 0.035087 0.025239 0.033329 0.032002 0.028709 0.022531 0.0039286 0.030295 0.010689 0.027787 0.021218 0.0042448 0.019929 0.011179 0.017068 0.03862 0.012608 0.02275 0.024246 0.032705 0.017408 0.0090464 0.021802 0.039615 0.0080717 0.0027434 -0.0077573 0.021752 0.023907 -0.0056843 0.013013 0.02001 0.025776 0.05387 0.02659 0.05638 0.0295 0.030172 0.0432 0.055379 0.05105 0.054645 0.035934 0.031171 0.040877 0.022791 0.043153 0.054193 0.031354 0.051271 0.04823 0.036321 0.019612 0.03236 -0.003851 0.030106 0.021421 0.03379 0.023648 0.015021 0.031355 0.021199 0.015789 0.025476 0.027298 0.0067373 0.022141 0.02705 0.017844 0.018272 0.0053989 0.025613 0.026575 0.025031 0.0073614 0.021541 0.0056044 0.017245 0.011942 0.0077158 -0.0069893 0.0090197 0.00045668 0.0021969 -0.0034372 0.024113 0.023894 0.017488 0.013515 0.010489 0.029906 0.0082299 0.0011322 0.018623 0.017899 0.021312 0.031317 0.010508 0.011495 0.016122 0.009276 -0.0021358 -0.0075277 0.00027694 0.015283 0.0041952 0.0029723 0.024925 0.027563 0.0033714 0.00029896 0.0021315 0.022143 0.0038392 0.026055 0.014924 -0.0013683 0.0049491 0.010223 -0.0013521 0.0020315 -0.017767 -0.003471 0.017593 0.017809 0.012576 6.8243e-05 0.0013413 0.022215 0.0049062 0.0074951 0.012128 0.0049212 0.022903 0.011925 0.014172 0.0075203 0.00080977 -0.010061 0.0052295 -0.0089923 -0.0058301 -0.0024473 0.0088227 0.020464 0.0036874 0.014534 0.017278 0.0072935 0.0055352 0.03253 0.0013942 0.016506 0.017028 -0.017181 0.0098337 -0.015348 -0.0014464 0.015153 0.00073532 0.016124 0.0047151 0.020408 0.0066337 0.017147 0.019611 0.0092109 0.012342 -0.0038588 0.01251 0.010193 0.021655 0.0027541 0.019574 -0.0022386 0.0060535 0.019284 0.0031458 0.0090021 0.0029298 -0.00055704 0.012439 0.01116 0.0078646
-0.0014912 0.018438 -0.010017 0.018115 0.0033904 0.0048308 0.022126 0.0030864 0.0082419 0.022656 -0.014755 0.011209 0.0017756 0.0061879 0.002855 0.0023682 0.0028838 0.028284 0.0053565 0.046963 -0.0072933 0.00060788 0.01376 0.029575 0.0030823 0.024463 0.0071543 0.0085299 0.02362 0.020435 0.02479 -0.00096828 0.028778 0.0062594 0.025405 0.021614 0.023445 -0.0012507 0.0016568 0.025684 0.0086335 0.031997 0.0077251 0.0087505 0.015283 0.010747 0.028271 0.0068436 0.0039277 -0.0013745 0.032573 -0.0034381 0.010129 0.040576 0.040143 0.016662 0.034875 0.022858 0.0074545 0.021014 0.043531 0.0069577 0.049152 0.019075 0.035669 0.024352 0.029511 0.028201 0.02691 0.052408 0.013748 0.017201 0.022603 0.031834 0.038081 0.020617 0.020414 0.026334 0.048854 0.036708 0.028895 0.033285 0.04815 0.046938 0.072867 0.075794 0.07448 0.06895 0.057742 0.06492 0.084618 0.073713 0.050013 0.046359 0.055469 0.045929 0.061233 0.060458 0.067665 0.042643 0.062742 0.051773 0.060805 0.060472 0.058193 0.049137 0.073354 0.048632 0.04266 0.050956 0.052499 0.065772 0.063848 0.081828 0.062878 0.063844 0.084591 0.065401 0.050473 0.082203 0.047099 0.046804 0.053016 0.055249 0.039133 0.032382 0.048365 0.040265 0.027926 0.051753 0.039492 0.031219 0.053851 0.037977 0.064425 0.036128 0.056116 0.038996 0.054439 0.042686 0.04291 0.044367 0.051852 0.041012 0.055408 0.03063 0.060168 0.047252 0.064782 0.046881 0.051468 0.057586 0.042095 0.033067 0.03949 0.03788 0.03008 0.032075 0.03279 0.033134 0.0445 0.057789 0.058009 0.060452 0.068753 0.051116 0.055002 0.042349 0.05286 0.059829 0.045581 0.055283 0.045385 0.01512 0.0099876 0.026576 0.033409 0.038452 0.0099309 0.0083501 0.014599 0.041042 0.053415 0.048548 0.057878 0.031972 0.041708 0.05891 0.049899 0.081087 0.066779 0.098288 0.10215 0.07206 0.10915 0.095697 0.087208 0.091701 0.094536 0.085067 0.05399 0.062299 0.072584 0.057302 0.028625 0.037849 0.028506 0.05012 0.032949 0.036407 0.034776 0.0054268 0.027906 0.018094 0.012071 0.0010051 0.0046559 0.0022166 0.030145 0.038821 0.027 0.053513 0.055713 0.091273 0.116 0.09893 0.09871 0.079148 0.071361 0.084093 0.078458 0.051952 0.06192 0.046382 0.035197 0.050441 0.047464 0.023866 0.033878 0.025787 0.048061 0.026046 0.046376 0.044215 0.016988 0.031275 0.016655 0.011459 0.01654 0.017667 0.016442 0.0096163 0.019181 0.018679 -0.0067179 0.02544 -0.0060468 0.037242 0.020643 0.018438 0.025474 0.023303 -0.0068368 0.011232 0.021721 0.024384 0.0050625 0.012024 0.0056509 -0.0086441 0.012043 0.033076 0.00053547 0.0040705 0.030548 0.019584 0.019136 0.028281 0.021478 0.032432 0.016499 0.023286 0.011964 0.015507 0.012595 0.03503 0.014383 0.029356 0.012989 0.021757 -0.0082658 0.024378 0.01435 0.019034 0.032966 0.025391 0.0014307 0.019491 0.0099055 -0.0021671 0.024511 0.029796 0.037968 0.024192 0.022345 0.014004 -0.0037228 0.032759 0.0049915 0.0049307 0.03944 0.036787 0.0331 0.023875 0.01745 0.032449 0.012229 0.01685 0.042662 0.020187 0.057463 0.032209 0.024628 0.060877 0.043122 0.03079 0.019818 0.02284 0.030455 0.049618 0.068272 0.057013 0.031413 0.045767 0.054649 0.055488 0.031511 0.043682 0.056768 0.046835 0.024039 0.029662 0.022153 0.02433 0.039929 0.018759 0.031381 0.030191 0.022229 0.066177 0.044692 0.042447 0.03224 0.054287 0.038774 0.029709 0.041215 0.0066789 0.013859 0.044043 0.043655 0.063491 0.070625 0.060405 0.053166 0.061625 0.049651 0.066442 0.044117 0.057304 0.052959 0.068672 0.063685 0.062544 0.059263 0.062165 0.078287 0.08176 0.084099 0.087419 0.073175 0.074363 0.091051 0.076409 0.079028 0.06962 0.060172 0.067174 0.030267 0.020898 0.030316 0.026986 0.035834 0.025731 0.05221 0.046867 0.036338 0.024985 0.022804 0.037676 0.008776 0.033846 0.034306 0.0097426 0.01872 0.040864 0.036984 0.017459 0.020162 0.017865 0.019614 0.040957 0.027718 0.037354 0.024237 0.023216 0.024929 0.011343 -0.0023234 0.019633 0.024356 0.024537 0.0068443 0.038003 0.024367 0.028256 0.040518 0.046684 0.03584 0.02263 0.018417 0.03524 0.021496 0.028251 0.012303 -0.0029084 0.016909 0.022088 0.0194 0.0028513 0.019339 0.026836 0.014565 0.0055235 -0.0028463 0.015342 0.0048918 0.0019212 -0.0048251 -0.0076558 0.016377 0.027676 -0.013815 0.00075504 -0.00754 0.00082716 0.018562 -0.00089011 0.008511 0.034781 0.0086766 0.033636 0.015054 0.010499 0.020356 0.016734 0.040691 0.034239 0.04254 0.049977 0.033517 0.038331 0.02574 0.036346 0.011016 0.039064 0.018707 0.040027 0.050574 0.062769 0.047218 0.062041 0.073421 0.066512 0.087198 0.063465 0.062824 0.071104 0.083432 0.06925 0.040881 0.070593 0.052953 0.036327 0.0286 0.037691 0.023506 0.041549 0.023499 0.018875 0.032305 0.017564 0.018197 0.012154 0.040051 0.040566 0.031041 0.025081 0.032461 0.025849 0.022859 0.030949 0.026583 0.034713 0.015347 -0.00093656 0.033337 0.014059 0.02583 0.029257 0.012641 0.013136 -0.00049281 0.01352 0.032796 0.016639 0.015582 0.028008 0.027327 0.019114 0.0034244 0.017618 0.041154 0.0055977 0.0008121 -0.0087938 0.027697 0.023127 -0.0041129 0.0097703 0.018589 0.027154 0.05683 0.032741 0.054694 0.03404 0.022059 0.045014 0.057854 0.044742 0.046756 0.034576 0.026379 0.035505 0.0299 0.045832 0.050732 0.030227 0.049425 0.050037 0.034237 0.011292 0.026561 -0.012818 0.026176 0.017282 0.021593 0.018945 0.0079052 0.022297 0.02394 0.014366 0.02275 0.014955 0.0067727 0.027822 0.022815 0.021728 0.010492 -0.0024756 0.01809 0.022831 0.026297 -0.0043965 0.021075 -0.0018579 0.012486 0.0087253 0.00086581 0.004282 0.0076964 0.0037195 -0.00064749 -0.011747 0.023395 0.021285 0.016981 0.0091023 0.0028864 0.030594 0.0034802 -0.0068838 0.012388 0.010155 0.026527 0.028981 -0.00012024 0.011181 0.014683 0.0062736 0.0058372 -0.020219 0.0020953 0.017042 0.0067035 0.0059785 0.028138 0.01935 0.0035765 -0.0052693 0.00090532 0.032847 0.010308 0.014735 0.001059 -0.0033352 -0.0017807 0.0098718 -0.00033001 -0.0077629 -0.023322 -0.001935 0.015588 0.010536 0.014845 -0.0081253 -0.0024643 0.02641 0.0037891 0.00143 0.0078362 0.011009 0.024064 0.0093273 0.0079565 0.0053661 -0.0083685 -0.016183 -0.0005895 -0.0040975 -0.011865 -0.0078839 0.021801 0.02093 -0.0035831 0.014444 0.0097815 0.0035268 -0.0016744 0.027888 0.00099077 0.014705 0.0057434 -0.018533 0.0035678 -0.018103 -0.0029654 0.010718 0.0076592 0.020409 0.0044215 0.022307 0.0063687 0.017845 0.015695 0.012682 0.012907 -0.013958 0.010392 0.0068506 0.022908 0.0046623 0.015112 -0.0020541 0.0060487 0.022342 0.0022154 0.0084543 0.010923 -0.0019771 0.0075805 0.0040149
0.00111 0.012087 -0.0108 0.018747 0.0019121 0.0019993 0.019436 -0.0010342 0.014311 0.027016 -0.0056576 0.017811 -0.00046093 0.0096053 0.0073476 -0.0023961 0.00023756 0.029129 0.0064334 0.045977 -0.015041 0.005759 0.0073515 0.029438 0.0092107 0.030571 0.0070436 0.0051285 0.031296 0.023738 0.025494 -0.0088765 0.030662 0.010981 0.015804 0.021622 0.021064 0.0061106 0.010223 0.037517 0.010358 0.048248 0.011252 0.018034 0.018081 0.02225 0.034579 0.019013 0.012931 -0.0029878 0.034355 -0.00075563 0.0050442 0.04301 0.041034 0.020804 0.041164 0.030562 0.015493 0.03463 0.050166 0.017782 0.051308 0.025439 0.040092 0.028528 0.025483 0.02942 0.023907 0.047972 0.028181 0.013826 0.0205 0.029734 0.035566 0.036791 0.027357 0.034595 0.056198 0.046707 0.0475 0.040047 0.062039 0.057743 0.079775 0.083534 0.074052 0.075167 0.061368 0.066372 0.075572 0.064932 0.039016 0.051032 0.050282 0.041631 0.065956 0.071441 0.075516 0.046983 0.070439 0.056089 0.074479 0.081278 0.062103 0.061371 0.091487 0.060903 0.050808 0.047445 0.046356 0.077244 0.056323 0.070713 0.069196 0.068995 0.088265 0.054446 0.045383 0.082067 0.043131 0.048812 0.05659 0.057845 0.033796 0.033998 0.058987 0.038999 0.030297 0.066464 0.029045 0.040392 0.058072 0.027584 0.067385 0.02608 0.063559 0.053217 0.051852 0.052279 0.051617 0.050579 0.058871 0.040321 0.059422 0.033792 0.061336 0.043846 0.064153 0.048247 0.056469 0.05639 0.032837 0.030222 0.036985 0.031787 0.027893 0.039323 0.041227 0.03243 0.039803 0.062419 0.05719 0.061558 0.063168 0.036991 0.06414 0.033722 0.03718 0.0543 0.037683 0.053017 0.041499 0.0084657 0.0053105 0.025632 0.033201 0.051796 0.011995 0.015885 0.021853 0.050552 0.055921 0.048191 0.063588 0.050293 0.051834 0.066832 0.057069 0.088503 0.059176 0.10775 0.10942 0.070597 0.10673 0.088727 0.082064 0.08499 0.092218 0.068288 0.040307 0.056759 0.068135 0.04072 0.031071 0.036 0.01091 0.040788 0.03105 0.036476 0.030505 0.013285 0.029759 0.016075 0.015618 0.0028948 0.015429 0.012952 0.040186 0.058623 0.032407 0.063445 0.066077 0.091887 0.10842 0.088511 0.099233 0.064616 0.053596 0.070714 0.066651 0.042186 0.053288 0.040061 0.035928 0.038385 0.03332 0.016301 0.025392 0.021115 0.038922 0.017778 0.039716 0.040774 0.013954 0.029671 0.001567 0.013313 0.015253 0.016743 0.01953 0.006141 0.026214 0.020239 -0.0073778 0.029259 -0.011677 0.031899 0.0287 0.0062513 0.032143 0.030184 -0.0045418 0.0034061 0.032309 0.030883 -0.0020704 0.014576 0.0090827 -0.011618 0.023458 0.039138 0.0048203 0.00050775 0.033168 0.010121 0.017437 0.020606 0.022155 0.030717 0.012486 0.020124 0.0044888 0.0023684 0.0052001 0.029317 0.0068316 0.033968 0.0074679 0.028738 -0.010162 0.026474 0.018977 0.016534 0.028632 0.016614 0.0091001 0.030611 0.022186 -0.004676 0.039523 0.031719 0.042332 0.035274 0.032104 0.016346 -0.0046036 0.029423 -0.00232 0.010595 0.035022 0.046777 0.028913 0.039162 0.015036 0.024856 0.015721 0.0046287 0.039499 0.020739 0.057995 0.029867 0.022554 0.063898 0.045842 0.01984 0.01215 0.030861 0.035555 0.046805 0.06457 0.065239 0.036902 0.035067 0.038251 0.048839 0.021979 0.047373 0.06172 0.031695 0.021968 0.02012 0.020527 0.02455 0.032404 0.023737 0.024076 0.033266 0.019687 0.0638 0.041935 0.057079 0.032925 0.05549 0.046449 0.044359 0.032814 0.0046758 0.017452 0.048807 0.052557 0.060956 0.07059 0.056232 0.055535 0.067503 0.043776 0.072695 0.037588 0.052256 0.065487 0.05842 0.076509 0.073584 0.063365 0.063124 0.076453 0.082454 0.080307 0.089019 0.06633 0.053681 0.068004 0.064829 0.063917 0.057574 0.052743 0.059958 0.024373 0.017939 0.040303 0.026876 0.031382 0.025388 0.048801 0.03459 0.031276 0.022882 0.029927 0.041725 0.0077409 0.024661 0.030699 0.0093247 0.017878 0.050735 0.033397 0.010734 0.015612 0.02223 0.018641 0.036682 0.026972 0.030524 0.010309 0.016279 0.025261 -0.004802 -0.0061301 0.01626 0.02367 0.022647 0.0014829 0.041323 0.020833 0.030057 0.046642 0.050199 0.030356 0.013887 0.022103 0.040491 0.022418 0.019189 0.008137 -0.0049686 0.010009 0.022042 0.015177 -0.0054777 0.023912 0.0218 -0.0007403 0.0060848 -0.0023972 0.0081522 0.011587 -0.0091168 -0.0038825 -0.024356 0.016154 0.021591 -0.016391 0.0006977 -0.016576 0.01226 0.023344 0.0030918 0.011489 0.029429 0.0066843 0.030732 -0.002874 0.0034888 0.021605 0.012681 0.041986 0.031465 0.051721 0.045993 0.040572 0.040608 0.026882 0.05009 0.010406 0.032869 0.023798 0.040362 0.052144 0.056137 0.051318 0.067473 0.077385 0.076646 0.09349 0.059814 0.052195 0.058451 0.074018 0.065892 0.032504 0.067666 0.04426 0.023401 0.01615 0.029068 0.021852 0.037292 0.019575 0.0050371 0.025575 0.019273 0.012117 0.014145 0.036696 0.032078 0.027485 0.022282 0.041409 0.018746 0.020407 0.024154 0.019925 0.038763 0.0071669 0.0011046 0.034244 0.02087 0.028903 0.036808 0.023466 0.010421 -0.0069045 0.0073349 0.019689 0.023303 0.0055023 0.034639 0.023091 0.022529 -0.00098246 0.010416 0.037279 0.0034493 0.0035577 -0.0083039 0.030217 0.022817 0.00062002 0.0074994 0.01735 0.024943 0.051618 0.039822 0.052945 0.040329 0.014315 0.044173 0.054775 0.033539 0.033235 0.035614 0.017371 0.028432 0.037669 0.048635 0.048153 0.029355 0.041874 0.050396 0.030064 0.0054347 0.01964 -0.015892 0.02166 0.015333 0.0075859 0.013576 0.00043602 0.014875 0.026092 0.011126 0.018831 -0.0055019 0.0098837 0.036639 0.01446 0.024689 0.0027558 -0.0090538 0.010739 0.012715 0.023564 -0.012051 0.0196 -0.009668 0.006314 0.0072632 -0.0034108 0.017209 0.006898 0.010849 0.00076639 -0.021187 0.018977 0.018617 0.012348 0.0072893 -0.0013962 0.029291 -0.0040619 -0.011091 0.0040845 0.0022433 0.028721 0.029626 -0.010367 0.0083265 0.011838 0.0044959 0.01078 -0.027506 -0.0011883 0.0212 0.0075279 0.01547 0.026181 0.0049456 0.0075194 -0.010179 0.001928 0.04077 0.013582 0.0040452 -0.011622 -0.0084303 -0.0069406 0.011771 0.0066476 -0.016626 -0.026465 -0.0028737 0.012734 0.0016256 0.016208 -0.015152 -0.0047158 0.02788 0.0056276 -0.004931 0.0014009 0.015983 0.027351 0.0085906 0.0029103 0.005237 -0.014646 -0.017381 -0.0038812 0.0070533 -0.012999 -0.013466 0.035395 0.013839 -0.013196 0.013654 0.00091973 0.0010256 -0.012846 0.015665 -0.0031418 0.0093748 -0.0034937 -0.017852 -0.0021918 -0.012868 -0.003226 0.0036218 0.015096 0.023459 0.0084054 0.023482 0.0048507 0.017267 0.0074184 0.011408 0.013596 -0.020278 0.0054171 0.00064252 0.020219 0.0062806 0.0072242 -0.0021461 0.0062233 0.029603 -0.0043917 0.011623 0.018007 -0.0096258 0.002394 -0.0065758
0.0058123 0.0027351 -0.0048322 0.021758 0.0018854 -0.0048899 0.022945 -0.0055621 0.018671 0.027681 0.0048042 0.014389 -0.0033171 0.010784 0.017735 -0.00522 -0.0042855 0.022873 0.0095338 0.036139 -0.024995 0.011089 -0.00031247 0.027634 0.01505 0.038104 0.011787 0.0021244 0.047243 0.030762 0.021479 -0.010244 0.032158 0.018162 0.0048454 0.018261 0.015721 0.015609 0.019063 0.046067 0.01158 0.058515 0.017916 0.030635 0.013069 0.032549 0.032204 0.033353 0.026937 0.00024119 0.040974 0.0063324 0.00062063 0.04385 0.04402 0.023921 0.04421 0.035449 0.026303 0.04728 0.055251 0.027706 0.049848 0.037727 0.048012 0.030716 0.018266 0.030665 0.020558 0.040093 0.042028 0.013824 0.021604 0.026781 0.03197 0.058492 0.040698 0.042446 0.063505 0.052238 0.072512 0.043156 0.074879 0.069812 0.08231 0.085508 0.064078 0.078932 0.065269 0.065277 0.066246 0.054897 0.027446 0.064091 0.048617 0.040954 0.076563 0.080054 0.077793 0.053653 0.076486 0.06227 0.088022 0.09467 0.061446 0.069662 0.10683 0.071826 0.066009 0.036187 0.037204 0.084393 0.039589 0.053407 0.083043 0.069835 0.090063 0.03304 0.037887 0.075584 0.040233 0.046731 0.059701 0.057457 0.025789 0.030761 0.067019 0.033088 0.034439 0.08505 0.01096 0.051543 0.060981 0.010873 0.066928 0.012535 0.065481 0.062894 0.048169 0.059018 0.061073 0.055482 0.061363 0.034352 0.063671 0.035771 0.058927 0.038214 0.062465 0.044362 0.060994 0.056424 0.027023 0.03039 0.035703 0.023561 0.018573 0.047843 0.047913 0.029926 0.034508 0.071101 0.050785 0.059613 0.046964 0.020085 0.068366 0.022557 0.022708 0.051491 0.032388 0.050631 0.033449 0.0045179 0.0012736 0.026126 0.033883 0.063952 0.0086531 0.024075 0.033386 0.059387 0.060175 0.046523 0.065639 0.072391 0.055639 0.074516 0.057809 0.096083 0.048288 0.11648 0.11571 0.066634 0.10075 0.073869 0.073337 0.07212 0.092923 0.058947 0.024456 0.048984 0.064578 0.027033 0.034385 0.029223 -0.012475 0.02668 0.031265 0.030943 0.028672 0.026399 0.032383 0.015627 0.024575 0.001107 0.029598 0.022596 0.045421 0.084959 0.04079 0.066464 0.072331 0.080961 0.094767 0.070016 0.093866 0.046974 0.033665 0.053199 0.054446 0.0321 0.041571 0.039805 0.039402 0.023 0.018099 0.010016 0.010204 0.02545 0.025629 0.012694 0.029593 0.042167 0.012374 0.027056 -0.014621 0.017758 0.012413 0.012965 0.025956 0.0058101 0.030588 0.02 -0.0070403 0.03341 -0.010812 0.020341 0.041862 -0.0056253 0.036399 0.034301 -0.0038472 -0.010045 0.045232 0.034307 -0.012483 0.015796 0.011108 -0.016923 0.03383 0.040125 0.010015 -0.0042895 0.027422 -0.0030228 0.011617 0.013377 0.016067 0.03019 0.0025391 0.022146 -0.0033385 -0.0051021 -0.0012917 0.022958 -0.0033568 0.035613 0.0010486 0.033806 -0.0064396 0.028132 0.025498 0.0098958 0.021424 0.0005154 0.011752 0.043662 0.035518 -0.0054951 0.051784 0.028077 0.03668 0.04464 0.045168 0.019262 -0.0002401 0.023319 -0.015657 0.025021 0.023431 0.051787 0.02172 0.052412 0.011647 0.021353 0.020555 -0.0072696 0.035541 0.025169 0.050376 0.022561 0.022397 0.062541 0.04237 0.0011582 -0.0038156 0.042843 0.040091 0.041457 0.056869 0.074825 0.046836 0.014862 0.015294 0.04201 0.015654 0.050707 0.061762 0.018593 0.02169 0.01279 0.02359 0.020867 0.019735 0.033351 0.0093198 0.037972 0.011381 0.057963 0.037442 0.077764 0.030585 0.051057 0.047499 0.059428 0.021084 0.0093294 0.02641 0.045351 0.064023 0.052066 0.063204 0.048999 0.055932 0.070662 0.038218 0.075159 0.027198 0.044491 0.081206 0.042614 0.089899 0.08352 0.070167 0.055924 0.060049 0.077562 0.074788 0.08383 0.05486 0.032515 0.041923 0.053403 0.049793 0.044271 0.043692 0.048955 0.01841 0.019389 0.046689 0.026084 0.032411 0.027944 0.039315 0.018359 0.029711 0.02113 0.042785 0.03796 0.012652 0.016265 0.028023 0.0087673 0.019431 0.066283 0.024154 0.0030528 0.009601 0.02669 0.022103 0.028943 0.020209 0.016658 -0.011066 0.0054902 0.025301 -0.025501 -0.0070985 0.0059557 0.022892 0.01497 -0.0040484 0.046525 0.015428 0.028887 0.051306 0.046068 0.01503 -0.00016443 0.01913 0.039123 0.026337 0.009074 -0.0016092 -0.0016159 0.0017609 0.021073 0.0064493 -0.0084301 0.025199 0.0060215 -0.018463 0.014123 0.0028333 0.0023224 0.019201 -0.022707 -0.0018362 -0.037553 0.018983 0.011365 -0.012165 -0.0072297 -0.023762 0.025536 0.028508 0.0083942 0.020195 0.016371 0.010014 0.027663 -0.023378 -0.0075904 0.027059 0.005659 0.037668 0.02938 0.061008 0.037416 0.04883 0.037702 0.023186 0.062889 0.015387 0.021328 0.032189 0.037198 0.048887 0.045512 0.056569 0.068556 0.078867 0.086061 0.090382 0.051955 0.03821 0.03935 0.052752 0.061451 0.021407 0.056592 0.028505 0.0035706 0.0024825 0.016652 0.021213 0.033195 0.015361 -0.0099099 0.020926 0.022988 0.012615 0.01421 0.025627 0.020643 0.017988 0.026273 0.053319 0.014943 0.016486 0.012507 0.013318 0.037392 0.0024814 0.0062712 0.031512 0.027932 0.035361 0.040945 0.031281 0.015546 -0.0082041 -0.0039027 -0.00047142 0.031249 -0.0045067 0.041501 0.024648 0.026162 -0.00053006 0.0017331 0.027075 0.0019142 0.008526 -0.0069409 0.027866 0.022618 0.0044438 0.0077648 0.019072 0.016537 0.039494 0.046566 0.049984 0.047993 0.0062227 0.039872 0.046671 0.016296 0.014975 0.040883 0.0027404 0.018419 0.038505 0.049909 0.04574 0.026809 0.028839 0.046102 0.025113 0.0057802 0.011882 -0.0089283 0.015205 0.015464 -0.0037291 0.006106 -0.00834 0.010945 0.02537 0.0042972 0.015228 -0.031139 0.016272 0.042377 -0.00022389 0.025643 -0.0031707 -0.013927 0.0076216 -0.0012369 0.016068 -0.015332 0.017635 -0.015667 -0.0051989 0.007711 -0.008937 0.028012 0.0062443 0.018662 0.0085713 -0.029605 0.0096707 0.01463 0.0037521 0.011027 -0.0029008 0.026913 -0.014668 -0.010038 -0.0042501 -0.0038817 0.028536 0.035036 -0.019314 -0.00060328 0.0054977 0.0048218 0.0057449 -0.0275 -0.0066557 0.029122 0.0072783 0.029423 0.016206 -0.012571 0.010339 -0.013208 0.0071279 0.043522 0.012168 -0.0032555 -0.018522 -0.017508 -0.010677 0.013495 0.020142 -0.02318 -0.029784 -0.008316 0.0086596 -0.0087215 0.01138 -0.018586 -0.0098928 0.026388 0.0072607 -0.0090659 -0.0041464 0.01807 0.029236 0.01135 -0.00030829 0.0049362 -0.014448 -0.013794 -0.00018499 0.020321 -0.0075794 -0.019978 0.04779 -0.0010886 -0.022247 0.013955 -0.0095436 8.7649e-05 -0.026136 -0.0013043 -0.0092888 0.00074431 -0.007555 -0.017515 -0.006283 -0.003306 -0.0027204 -0.0064159 0.018341 0.025899 0.015059 0.027042 0.0010879 0.016126 -0.0027223 0.0041994 0.014001 -0.020963 -0.0039441 -0.0068792 0.01551 0.0070228 -0.0031763 -0.0042478 0.0051248 0.038472 -0.020403 0.015583 0.020248 -0.02333 -0.00021203 -0.014757
0.0097528 -0.0077642 0.0095857 0.031205 -0.0017255 -0.016896 0.035444 -0.0058123 0.022026 0.022948 0.0097332 -0.0043246 -0.0078491 0.0072802 0.036388 0.0016697 -0.0058423 0.006564 0.015347 0.017722 -0.038427 0.013699 -0.0092177 0.021921 0.015738 0.042325 0.019704 0.0010849 0.0667 0.041807 0.0091853 0.0012005 0.034831 0.024754 -0.0080618 0.0139 0.0055925 0.023029 0.027483 0.049258 0.012824 0.053768 0.027237 0.042611 -0.0015556 0.040755 0.018949 0.046604 0.041529 0.0064277 0.057376 0.018359 0.00057479 0.044608 0.048849 0.025595 0.038572 0.031285 0.038557 0.05069 0.053065 0.032018 0.037612 0.056357 0.059806 0.028246 0.0067449 0.025284 0.020773 0.032751 0.047531 0.019663 0.02656 0.026633 0.026972 0.079178 0.055122 0.048396 0.068034 0.049713 0.098632 0.042575 0.080617 0.081063 0.077782 0.078594 0.044676 0.076039 0.068818 0.060336 0.057485 0.047887 0.014871 0.083614 0.04945 0.042395 0.094737 0.080343 0.068857 0.059385 0.077916 0.06815 0.097095 0.090971 0.059321 0.071671 0.11776 0.077526 0.084481 0.015158 0.025526 0.080179 0.015964 0.028717 0.10104 0.063681 0.087522 0.0031586 0.021748 0.062171 0.034266 0.03563 0.055271 0.05362 0.020807 0.017183 0.065054 0.023982 0.040537 0.10272 -0.014439 0.06092 0.059606 -0.01198 0.057261 0.00080822 0.061204 0.059511 0.041457 0.05966 0.072124 0.057628 0.054935 0.020829 0.06766 0.036034 0.052591 0.029385 0.057761 0.027256 0.059157 0.058773 0.024321 0.034586 0.034486 0.014858 1.0924e-05 0.055248 0.052017 0.027758 0.028623 0.08286 0.039524 0.053371 0.021347 0.0012671 0.060771 0.0043041 0.01683 0.048354 0.030978 0.043205 0.022447 0.0076218 -0.0011842 0.029119 0.033657 0.073831 -0.00074591 0.026644 0.046732 0.066406 0.066481 0.043955 0.065322 0.090222 0.04777 0.076216 0.044659 0.10215 0.034194 0.11913 0.11875 0.061495 0.089854 0.055899 0.061766 0.047737 0.091863 0.061045 0.0046776 0.032999 0.059378 0.020141 0.040126 0.015762 -0.034038 0.0125 0.031383 0.018614 0.030892 0.04016 0.032129 0.016424 0.038371 -0.0052846 0.04665 0.023089 0.043482 0.1122 0.050902 0.058434 0.07276 0.05532 0.075159 0.04609 0.078477 0.02743 0.0049797 0.032573 0.04025 0.022174 0.026169 0.046509 0.043412 0.0042113 0.0054929 0.0057708 -0.011978 0.039049 0.010597 0.016382 0.019617 0.04805 0.012123 0.023714 -0.0249 0.020088 0.0049815 0.0083183 0.035255 0.01172 0.030286 0.014961 -0.0098639 0.039072 0.0014387 0.0033789 0.057944 -0.010999 0.040556 0.03015 -0.0072458 -0.026908 0.061311 0.031452 -0.023751 0.014702 0.010076 -0.024775 0.03954 0.034078 0.013106 -0.011063 0.010171 -0.014037 -0.00048482 0.0067028 0.0022788 0.030962 -0.01412 0.031909 -0.010158 -0.00014808 -0.0055455 0.014544 -0.014979 0.023618 -0.0086801 0.029142 0.0077054 0.025578 0.031467 -0.0032026 0.013771 -0.017753 0.0029339 0.057757 0.047985 -0.0079473 0.054179 0.016512 0.019497 0.05009 0.05974 0.025322 0.007349 0.017596 -0.030979 0.040256 0.0062845 0.049666 0.013253 0.058518 0.0094544 0.020755 0.023179 -0.020357 0.032614 0.036832 0.034738 0.011227 0.022625 0.056686 0.031732 -0.024631 -0.024651 0.057927 0.04514 0.032334 0.044431 0.07949 0.055696 -0.014849 -0.014442 0.041522 0.015292 0.053554 0.052051 0.0064733 0.020526 0.012188 0.029789 0.011405 0.0064958 0.046337 -0.014396 0.044592 -0.00010142 0.046551 0.035267 0.099338 0.023736 0.041092 0.037662 0.068095 -0.00066306 0.025059 0.043481 0.028938 0.076862 0.034765 0.044821 0.040112 0.050225 0.067459 0.030754 0.068293 0.007757 0.036786 0.092073 0.023043 0.10068 0.087691 0.076426 0.040715 0.02748 0.061602 0.064856 0.067313 0.038169 0.012912 0.011349 0.04369 0.038756 0.031058 0.030788 0.029598 0.010487 0.02274 0.041974 0.021545 0.036259 0.032112 0.021136 -0.00047281 0.036049 0.0179 0.057439 0.022991 0.024314 0.0097629 0.026754 0.0086417 0.021235 0.081925 0.0046861 -0.0052017 0.0029401 0.031886 0.027201 0.023781 0.0031753 -0.0061089 -0.036581 -0.0090286 0.023261 -0.050018 -0.0088723 -0.012255 0.019708 -0.0021869 -0.010248 0.05312 0.0065463 0.025312 0.050859 0.02904 -0.0097737 -0.018307 0.007219 0.026698 0.030868 -0.00019106 -0.018436 0.0037412 -0.0017598 0.018706 -0.0041716 -0.0048676 0.018818 -0.022492 -0.034175 0.03118 0.011666 0.0030599 0.02305 -0.031774 0.0029771 -0.040821 0.023409 -0.0065508 -0.0048739 -0.027872 -0.028896 0.038574 0.031974 0.013462 0.035822 -0.0045424 0.019448 0.02338 -0.039562 -0.023328 0.036806 -0.0024611 0.024895 0.031986 0.070308 0.024464 0.059147 0.02337 0.00966 0.067477 0.024931 0.00511 0.040558 0.030725 0.034619 0.031697 0.06482 0.066837 0.076515 0.093084 0.074379 0.038889 0.021906 0.016858 0.020732 0.053229 0.0024427 0.037221 0.0089329 -0.022091 -0.0081012 -0.00034638 0.018157 0.028952 0.011717 -0.02251 0.019026 0.028481 0.017909 0.0088541 0.009172 0.0095328 0.0040247 0.035937 0.061044 0.015121 0.0083243 -0.0020544 0.0061444 0.024739 0.0066038 0.0069587 0.022994 0.032815 0.041561 0.037341 0.029284 0.029779 -0.007755 -0.020159 -0.026019 0.036849 -0.010363 0.043486 0.033299 0.027515 0.0076964 -0.0076908 0.012079 0.0025181 0.010929 -0.0046132 0.019304 0.023504 0.0029415 0.012672 0.026864 -0.00096089 0.024953 0.050273 0.041309 0.053831 -0.0054192 0.032946 0.035629 -0.0081018 -0.0040016 0.050218 -0.016576 0.0066588 0.023457 0.04662 0.041987 0.020979 0.01232 0.032738 0.020733 0.015724 0.0071322 0.012404 0.0038607 0.0154 -0.0056463 -0.0043992 -0.018732 0.013334 0.020661 -0.005003 0.013614 -0.055096 0.026385 0.037026 -0.01902 0.024959 -0.0073382 -0.018069 0.011888 -0.013827 0.0049909 -0.014885 0.017037 -0.016734 -0.026211 0.012673 -0.02147 0.034195 0.0053392 0.01948 0.024018 -0.034351 -0.0043717 0.006426 -0.0085459 0.02192 -0.0044182 0.02653 -0.027564 -0.0034673 -0.0088534 -0.007157 0.027451 0.045763 -0.025538 -0.017883 -0.0063694 0.0093832 -0.014777 -0.01869 -0.0087751 0.042507 0.010107 0.041115 -0.0054833 -0.029008 0.0071863 -0.014411 0.017947 0.037876 0.0086635 -0.0026476 -0.014733 -0.029734 -0.013106 0.010614 0.036604 -0.024704 -0.035016 -0.01739 0.0028631 -0.018502 -0.0075099 -0.019456 -0.023909 0.021471 0.0042888 -0.010376 -0.0049047 0.014763 0.021984 0.017862 -0.0011357 0.0014764 -0.0035541 -0.0064092 0.013525 0.030248 0.0056764 -0.025432 0.057701 -0.023313 -0.025219 0.016088 -0.022912 0.00091714 -0.036249 -0.017968 -0.014845 -0.0085551 -0.00634 -0.02334 -0.0076417 0.0056735 -0.00014135 -0.017558 0.013823 0.030165 0.018726 0.03539 -0.0059881 0.016856 -0.0099235 -0.0081285 0.014398 -0.01497 -0.016117 -0.012503 0.013549 0.0077672 -0.017063 -0.0094868 0.00064444 0.043133 -0.047416 0.016073 0.012858 -0.039679 0.0056601 -0.011178
0.025138 0.012667 0.051196 0.0043975 0.036352 -0.010729 0.027917 0.0041916 0.0068711 -0.0069795 -0.034177 0.019372 -0.00057151 0.022841 0.0036139 -0.016928 -0.004046 0.010512 0.00097606 0.028252 0.018975 0.032796 0.006477 0.014229 -0.00053963 -0.00937 0.034751 0.03502 0.051629 0.00069403 0.038064 -0.0095524 0.0081697 -0.00015605 -0.016208 0.013457 0.011264 -0.030328 -0.0088894 0.011243 0.018313 -0.0033727 -0.0044548 -0.027368 -0.0014528 0.0065679 0.0023216 0.036364 0.00053261 0.0073687 -0.0025475 0.030071 0.012619 0.019126 -0.016196 0.026141 0.028318 -0.0038116 0.010423 0.033072 0.024141 0.010225 0.0022014 0.015151 0.011487 0.030387 -0.0004155 0.03307 0.029663 0.019053 0.030073 0.0067955 0.014608 -0.021701 0.022752 0.0013872 0.016122 0.027704 0.0069838 -0.00059259 -0.014035 0.020715 0.022577 0.038344 0.019029 0.027767 0.028576 0.019915 0.048692 0.029056 0.029511 0.045053 0.060901 0.035466 0.036897 0.068488 0.059607 0.037977 0.039783 0.03041 0.042633 0.022108 0.034235 0.036746 0.029713 0.027898 0.022616 0.021883 0.033388 -0.0086352 0.014183 0.042959 0.042898 0.028023 0.046174 0.068461 0.05146 0.069685 0.039406 0.051344 0.018592 0.045738 0.040754 0.005354 0.013998 0.067419 0.019902 0.06102 -0.0097954 -0.011266 0.038284 0.028934 0.034158 0.033399 0.026585 0.017296 0.021904 0.034378 0.053543 0.025817 0.045279 0.020948 0.058834 0.0081192 0.020984 0.037191 0.03037 0.059436 0.048707 0.03187 0.032372 0.052607 0.029847 0.060915 0.025924 0.06557 0.03952 0.0049748 0.030456 0.0090468 0.029167 0.033425 0.053003 0.025428 0.081374 0.052174 0.040237 0.047018 0.053925 0.039943 0.032019 0.040253 0.02265 0.033253 0.022114 -0.0078753 0.026278 0.020949 0.040521 0.0056635 0.040198 0.0031895 0.024513 -0.007278 0.015708 -0.0081781 0.015593 0.037419 0.035739 0.028106 0.027957 0.054461 0.058582 0.059078 0.069642 0.03989 0.04031 0.052291 0.079461 0.073257 0.09227 0.055428 0.065441 0.046124 0.073209 0.062016 0.060595 0.034366 0.021421 -0.00055913 0.031693 0.014965 0.043841 0.046874 0.012413 -0.012937 0.01551 -0.003025 0.025721 0.015019 0.011843 -0.013613 0.013647 0.024501 0.020923 0.070498 0.07755 0.1071 0.079682 0.075163 0.072685 0.10395 0.09039 0.080641 0.06436 0.074803 0.074817 0.037297 0.028434 0.062982 0.06435 0.057394 0.012624 0.050942 0.014125 0.033729 0.036086 0.0069277 0.023993 0.0012898 0.036988 0.052212 -0.016806 0.008996 0.017228 -0.012057 0.0017657 0.029394 0.015587 0.012542 0.0073268 0.016729 0.024591 0.023749 0.0027046 0.043521 -0.01813 -0.0023443 -0.00096355 -0.0042715 0.011586 0.016138 0.0031927 0.030151 0.016146 0.034509 0.011436 0.011877 0.03543 -0.010935 0.031886 0.051954 0.040146 0.019749 0.021921 0.030969 0.027793 0.016287 0.024613 0.023254 0.0082998 0.022184 0.010734 0.019528 0.013693 0.020933 -0.0048108 0.034287 0.015726 0.011157 0.030352 0.00017483 -0.01668 0.0085906 0.0016133 0.026846 0.028432 0.017848 0.029511 0.016437 0.060492 0.052091 -0.0076244 0.024505 0.052119 0.038558 -0.026606 -0.0011401 -0.016479 0.055209 0.011269 0.053409 0.016505 0.01197 0.02863 0.0078125 0.032925 0.040627 0.021642 -0.00032106 0.046413 0.044511 0.031451 0.035919 0.050798 0.031729 0.033165 0.05621 0.073493 0.019066 0.045859 0.046048 0.059094 0.05096 0.056429 0.043655 0.042484 0.06109 0.029228 0.013954 0.019053 0.043561 -0.011674 0.02605 0.052845 0.050481 0.0087368 0.035809 0.032163 0.020966 -0.0042319 0.035521 0.047154 0.022254 0.048943 0.055116 0.039482 0.049702 0.045031 0.081828 0.049528 0.060764 0.050551 0.066237 0.046153 0.029587 0.060213 0.065968 0.053805 0.087056 0.047766 0.13342 0.1281 0.12527 0.13432 0.10842 0.08399 0.080123 0.068934 0.074718 0.10112 0.081574 0.075041 0.051803 0.056178 0.02879 0.049309 0.058432 0.085971 0.053905 0.041398 0.043456 0.075004 0.03615 0.033582 0.04549 0.042366 0.020888 0.052131 0.067936 0.024502 0.076898 0.026479 0.058281 0.06789 0.019636 0.05408 0.023151 0.034953 0.035885 0.022879 0.033094 0.020087 0.021672 0.040046 0.041404 0.04728 0.023583 0.049628 0.0174 0.0062683 -0.0020293 0.01209 0.040876 0.024605 0.06837 0.033382 0.072898 0.038847 0.057362 0.010658 0.035514 0.016637 0.037536 0.043523 0.03643 0.040434 -0.0070046 0.021558 0.027549 0.014292 0.013202 0.04427 0.0072703 0.026083 -0.0043526 0.0075109 0.038653 0.023533 0.0044127 0.0043767 -0.016281 0.016717 -0.017199 0.018228 0.019226 0.01475 0.01156 -0.0098904 0.011239 0.023435 -0.0082183 0.028841 0.03651 0.028307 0.019711 0.003379 0.0085145 0.030892 0.02341 0.012387 0.03315 0.043023 0.051634 0.058033 0.073891 0.097304 0.025281 0.03998 0.057495 0.052824 0.048061 0.048787 0.045434 0.058967 0.045738 0.025628 0.066468 0.042118 0.035132 0.047886 0.024162 0.030344 0.049275 0.038638 0.050278 0.036495 0.0087849 0.047984 0.023112 0.043132 0.030569 0.019774 0.014331 0.030903 0.03559 0.031472 0.066294 0.021284 0.024125 0.040305 0.03584 0.023539 0.035323 0.010443 0.0085219 0.040948 -0.0010941 0.044541 0.0034329 -0.042677 0.016642 0.02217 0.0057845 0.010631 0.0062719 0.03251 0.037014 0.011222 0.025094 0.0072932 0.038801 0.032813 0.027223 0.021593 0.04513 0.024274 0.054102 0.039409 0.050995 0.035863 0.053187 0.060525 0.078824 0.042245 0.045389 0.031366 0.041659 0.034672 0.018109 0.030011 0.051812 0.054767 0.054392 0.056716 0.034872 0.057863 0.027887 0.040734 0.030334 0.059758 0.017198 0.023432 0.043018 0.056818 0.059627 0.019885 0.0073514 0.013417 0.011884 0.025299 0.0069285 0.016572 0.016782 0.029485 0.042733 0.040102 0.047733 0.021805 0.008116 0.0066992 0.042556 0.021763 0.029387 0.0096879 0.0058521 -0.0052856 0.024227 0.060041 0.022522 0.044523 0.034712 0.0139 0.013337 0.028777 0.010284 0.027864 -0.0099021 0.056724 0.031881 0.015625 -0.019312 0.035133 0.020479 -0.0035831 0.030875 0.018953 0.02906 0.0173 -0.027001 0.023224 0.021426 0.058886 0.038564 -6.25e-05 0.031871 4.5749e-05 0.0087474 0.027204 0.031739 0.029628 0.016495 0.025743 0.011382 0.0046036 0.024324 0.031159 0.023491 -0.0053806 0.015155 0.020499 0.013725 -0.0023341 0.024935 0.014384 0.04468 0.0030612 -0.028553 0.031218 0.0062338 0.023935 0.0078556 0.011079 0.0068077 0.0013445 0.019984 0.019331 -0.0015705 -0.00044083 -0.0035119 -0.0011146 0.026526 0.0015309 0.012372 0.037968 0.016939 0.0069907 0.035533 0.0020449 0.017593 0.0078869 -0.01011 0.028661 0.022571 -0.010558 0.025917 0.01475 -7.914e-05 0.0075959 0.012917 0.023696 -0.0052931 -0.002646 0.011649 0.030126 0.026272 0.018233 0.0098527 0.0040534 0.020026 0.023067 -0.0096252
0.024002 0.011356 0.032622 0.010313 0.030505 0.0027973 0.025136 0.00010949 0.0020098 -0.012437 -0.029425 0.015005 0.0019516 0.022169 0.0017014 -0.013707 -0.0024887 0.014259 -0.0025843 0.021026 0.0070912 0.030564 0.0036968 0.022273 0.019077 0.0094964 0.033395 0.045123 0.054911 0.016816 0.030782 0.0021519 0.0055903 0.00903 -0.016992 0.013748 0.013235 -0.03181 -0.0072513 0.0075207 0.0079932 -0.0016223 -0.00034969 -0.03014 -0.0087946 0.0084676 0.0013169 0.039362 0.0055736 0.014242 0.007467 0.027332 0.0096958 0.02028 -0.019237 0.022907 0.033036 0.0046725 0.014896 0.037099 0.0085266 0.028964 0.000493 0.017501 0.006682 0.041301 0.011441 0.02708 0.035644 0.016224 0.027622 0.015319 0.021992 0.0014631 0.018882 0.0065774 0.0083122 0.03091 0.0082785 0.00112 -0.0029599 0.020643 0.016315 0.041712 0.016191 0.024129 0.032724 0.02234 0.049097 0.045983 0.037259 0.050386 0.064514 0.046705 0.053753 0.064959 0.0639 0.036096 0.048629 0.036964 0.042675 0.02833 0.033266 0.028851 0.030941 0.020298 0.018824 0.045371 0.038188 -0.0059061 0.019243 0.037676 0.048168 0.03737 0.050862 0.065665 0.051701 0.076768 0.054609 0.050453 0.02941 0.063458 0.048204 -0.0048332 0.024563 0.062494 0.021247 0.057177 0.0025451 -0.0088597 0.045293 0.028792 0.018735 0.033615 0.016892 0.021221 0.037292 0.031964 0.047298 0.027655 0.044551 0.030215 0.049521 0.0093887 0.021737 0.034581 0.03587 0.068775 0.049701 0.04574 0.049583 0.058333 0.028829 0.058661 0.030709 0.056773 0.036793 0.00043038 0.028642 0.022968 0.036734 0.028739 0.041728 0.024931 0.083035 0.047489 0.059 0.056979 0.061629 0.049992 0.055027 0.037462 0.023779 0.030164 0.032692 0.0052322 0.015061 0.014837 0.036085 0.011782 0.029672 0.0082962 0.024073 -0.0047594 0.02401 -0.0046673 0.021505 0.039834 0.033992 0.038709 0.043541 0.055302 0.060011 0.068009 0.063354 0.043174 0.052782 0.070928 0.099062 0.07624 0.096481 0.064925 0.069348 0.046422 0.064955 0.05638 0.070934 0.045096 0.029208 0.017313 0.031297 0.024623 0.037821 0.04203 0.01011 -0.012699 0.018641 0.002612 0.024603 0.0080164 0.0086809 -0.0027144 0.025035 0.045271 0.040791 0.074553 0.09131 0.11899 0.091407 0.092318 0.074216 0.10065 0.092017 0.078002 0.070222 0.079613 0.076667 0.037205 0.048377 0.063575 0.056978 0.056225 0.024569 0.046754 0.022461 0.034607 0.035386 0.017903 0.022706 0.0051751 0.032022 0.039235 -0.0074815 0.011642 0.018444 -0.00032388 0.0061022 0.03591 0.015097 0.0073855 0.016585 0.011583 0.011124 0.0042976 0.0037035 0.041177 -0.010967 -0.0094642 0.0022626 -0.012156 0.0062344 0.014626 0.00682 0.01961 0.0088655 0.032518 0.026658 0.0078233 0.035931 -0.011685 0.035433 0.049966 0.034254 0.02061 0.034597 0.02685 0.041708 0.01841 0.031535 0.015121 0.011833 0.030105 0.011643 0.017047 0.010267 0.011754 0.00030534 0.02019 0.018031 0.004616 0.022838 0.001054 -0.018796 0.0060439 0.00091752 0.02805 0.027987 0.0034701 0.039998 0.015378 0.04295 0.059268 -0.0009524 0.025781 0.05105 0.043214 -0.0072784 0.010593 -0.0062933 0.04719 0.011244 0.056948 0.019199 0.015086 0.030912 0.01012 0.024489 0.037321 0.02594 0.0080546 0.05009 0.044506 0.033975 0.044 0.052062 0.038006 0.041553 0.060168 0.07896 0.03002 0.055825 0.051314 0.064013 0.036608 0.048321 0.040524 0.041205 0.054243 0.036965 0.015608 0.023524 0.036558 -0.0059381 0.02155 0.046305 0.056204 0.01722 0.033487 0.032073 0.022697 0.015836 0.037617 0.038224 0.035994 0.049612 0.060917 0.046602 0.05841 0.044255 0.079491 0.053585 0.048205 0.050298 0.059088 0.03191 0.029975 0.06026 0.070513 0.049086 0.08631 0.062524 0.12243 0.12835 0.11303 0.12627 0.11238 0.090539 0.088981 0.071503 0.056171 0.091731 0.085306 0.070329 0.05897 0.060807 0.037797 0.050983 0.057317 0.076247 0.049215 0.0442 0.040253 0.064041 0.037572 0.040811 0.047558 0.042793 0.022846 0.045631 0.060707 0.0086038 0.071961 0.027315 0.055665 0.057122 0.020812 0.041676 0.031583 0.032269 0.040623 0.02629 0.032293 0.019216 0.016793 0.026334 0.035015 0.054514 0.017726 0.030526 0.010499 0.0097546 0.012636 0.017293 0.033137 0.033864 0.056458 0.030007 0.060603 0.043701 0.054488 0.013261 0.027099 0.024212 0.045069 0.041097 0.023273 0.033704 -0.0053804 0.024467 0.033264 0.018281 0.014725 0.035505 0.011076 0.017948 -0.000703 0.0038209 0.037168 0.019925 0.012214 0.012064 -0.00038514 0.016352 -0.0042906 0.0072476 0.026573 0.0086887 0.010073 -0.00054261 0.0046901 0.027237 0.0082661 0.025764 0.036719 0.024421 0.028215 0.010743 0.011373 0.024555 0.017666 0.027228 0.038242 0.027928 0.040477 0.053726 0.068751 0.092826 0.027473 0.049716 0.059156 0.04493 0.033984 0.045736 0.043506 0.048292 0.046598 0.033255 0.054554 0.032625 0.025402 0.039164 0.034356 0.033042 0.033024 0.038125 0.03694 0.034369 0.021616 0.050007 0.025413 0.040509 0.033169 0.02001 0.016196 0.037065 0.033791 0.028658 0.064489 0.016922 0.02394 0.030088 0.04425 0.029036 0.03042 0.013378 0.010714 0.036467 0.0031939 0.035039 0.0036436 -0.023736 0.017842 0.024729 0.01753 0.011107 0.0052572 0.033852 0.036395 0.0083533 0.01985 0.012063 0.03445 0.030602 0.036631 0.016019 0.050173 0.028923 0.040126 0.042207 0.050667 0.03169 0.046385 0.056034 0.064892 0.03893 0.053397 0.035658 0.034221 0.043415 0.02237 0.031075 0.052518 0.04997 0.04647 0.045289 0.031436 0.05247 0.032455 0.048724 0.032636 0.051294 0.01416 0.020599 0.034985 0.049504 0.06165 0.019161 0.010609 0.013285 0.017499 0.017168 0.010231 0.036658 0.018679 0.024715 0.04113 0.040825 0.046859 0.0090017 0.010897 0.0067846 0.033221 0.018092 0.030612 0.015467 3.6442e-05 0.0022649 0.030858 0.052608 0.015725 0.041642 0.031163 0.014607 0.0029257 0.035234 0.020546 0.022192 0.0083642 0.042899 0.022068 0.029019 -0.022239 0.028585 0.011132 0.00098326 0.02153 0.015413 0.036123 0.01591 -0.019198 0.010861 0.013339 0.057193 0.037228 -0.0013133 0.034797 0.015517 0.0053075 0.034639 0.026753 0.016893 0.018134 0.033614 0.0087972 0.0057526 0.026453 0.016436 0.026266 -0.0041031 0.012089 0.0094145 0.018198 0.0050803 0.03135 0.023925 0.032463 0.013955 -0.016309 0.026655 0.010088 0.019043 -0.0040687 0.0060685 0.0086292 0.00019014 0.022857 0.00997 0.0053156 0.0010727 -0.0077292 0.0074231 0.03449 -0.00084588 0.019473 0.034256 0.012635 0.013799 0.021295 0.0045359 0.01654 0.0015818 -0.0024853 0.027485 0.014946 -0.008049 0.023903 0.023524 0.010953 0.0093018 0.0041439 0.010339 -0.0061517 0.0018473 0.015306 0.034154 0.018513 0.031071 0.0032526 -0.0011716 0.019448 0.015506 -0.0043852
0.025159 0.0092766 0.019701 0.016848 0.024087 0.018517 0.019031 -0.0039102 -0.00083199 -0.016331 -0.025735 0.01083 0.00063959 0.017355 0.00062162 -0.011491 -0.0017955 0.013813 0.0014296 0.016528 -0.0024888 0.028224 0.0085268 0.022206 0.029099 0.019049 0.032623 0.049245 0.052488 0.027578 0.028921 0.011692 0.0033421 0.01878 -0.013828 0.015792 0.0090516 -0.03251 -0.0077087 0.003234 0.00023015 0.00062867 -0.0021524 -0.027792 -0.016162 0.0067252 -0.0020391 0.029507 0.0083419 0.022106 0.011092 0.022565 0.014033 0.025227 -0.014957 0.020943 0.031177 0.0061797 0.011379 0.039546 -0.0032919 0.042378 0.0024128 0.020198 0.0050896 0.048137 0.019432 0.022383 0.043442 0.0059036 0.025485 0.022638 0.024421 0.01948 0.014348 0.014196 0.0042388 0.032485 0.008605 0.0048193 0.0045351 0.02137 0.014118 0.04451 0.020679 0.025168 0.039981 0.024733 0.0485 0.063683 0.046224 0.057421 0.064857 0.059505 0.067093 0.063123 0.061214 0.035232 0.053443 0.040397 0.044709 0.031875 0.028047 0.022486 0.028349 0.01596 0.013995 0.058913 0.041328 0.0075701 0.025167 0.037739 0.05899 0.046553 0.051609 0.065873 0.05293 0.077814 0.063357 0.054878 0.0361 0.071119 0.048954 -0.0014179 0.02785 0.05499 0.022632 0.049022 0.015314 -0.0020058 0.044996 0.03099 0.013852 0.040281 0.014515 0.020012 0.037353 0.036862 0.037813 0.028932 0.040875 0.033716 0.041839 0.016629 0.01897 0.035274 0.039379 0.073555 0.04833 0.051917 0.059812 0.063831 0.029251 0.056921 0.036326 0.047059 0.032842 0.00051314 0.029876 0.036471 0.046381 0.02889 0.039024 0.029571 0.081591 0.038071 0.068913 0.066192 0.069303 0.058113 0.068561 0.039197 0.025779 0.029684 0.042901 0.018913 0.0087013 0.0076146 0.027418 0.015611 0.024913 0.020958 0.030303 0.0057755 0.02956 0.0008383 0.028906 0.037792 0.041388 0.049469 0.056685 0.057874 0.055803 0.076754 0.05884 0.049033 0.060156 0.085578 0.11364 0.078703 0.095749 0.074914 0.078196 0.043372 0.054849 0.052381 0.075818 0.054048 0.034183 0.034455 0.02744 0.032003 0.031044 0.036331 0.0042833 -0.013565 0.014278 0.0057893 0.023353 0.0082872 0.010856 0.0074654 0.038115 0.066914 0.057021 0.073056 0.097661 0.12286 0.09761 0.10282 0.077361 0.093492 0.089134 0.071345 0.071939 0.081554 0.06942 0.03733 0.06096 0.059775 0.048966 0.055666 0.039013 0.043369 0.030788 0.036176 0.032981 0.021887 0.018977 0.0082525 0.028452 0.023768 0.0014792 0.011968 0.020071 0.0094481 0.014573 0.035781 0.020248 0.0016555 0.019681 0.0042136 0.0040406 -0.005902 0.0029855 0.031471 -0.0037758 -0.010645 0.0026802 -0.01777 0.0045523 0.01212 0.0064463 0.012009 0.0071149 0.028166 0.036811 0.0036989 0.038099 -0.0076297 0.040974 0.043308 0.034011 0.020834 0.044893 0.025015 0.0472 0.022722 0.033782 0.010135 0.014336 0.032491 0.016365 0.01758 0.0088374 0.0010678 0.0033711 0.005965 0.015106 -0.0023223 0.020892 0.0028791 -0.016092 0.0059614 0.00062432 0.0265 0.026246 -0.0046189 0.041617 0.017595 0.028155 0.057917 0.00021668 0.023698 0.056525 0.041043 0.011406 0.023015 0.0043246 0.040684 0.013925 0.055459 0.025888 0.017006 0.032846 0.0096707 0.019531 0.02913 0.033552 0.023738 0.050164 0.040789 0.038646 0.055593 0.055312 0.043576 0.042365 0.05797 0.084414 0.037596 0.060643 0.053353 0.058552 0.029831 0.035678 0.03988 0.037614 0.042009 0.045658 0.020472 0.026053 0.031244 0.0042926 0.01759 0.034149 0.062757 0.022202 0.027128 0.02987 0.02758 0.035013 0.046833 0.037692 0.042326 0.050288 0.06712 0.05028 0.06013 0.044226 0.068301 0.060215 0.038228 0.048363 0.05597 0.025007 0.029003 0.063544 0.077325 0.049209 0.083299 0.079069 0.11936 0.12024 0.10525 0.11502 0.10828 0.090099 0.087836 0.069157 0.039535 0.073888 0.082799 0.06031 0.062169 0.063499 0.049599 0.048013 0.051325 0.063216 0.040231 0.0491 0.040103 0.047513 0.038183 0.043453 0.046706 0.041253 0.02544 0.037024 0.05388 0.0072567 0.061619 0.028036 0.050747 0.045745 0.021196 0.032469 0.035573 0.02337 0.039439 0.027431 0.031708 0.020037 0.017556 0.018583 0.032328 0.053081 0.017259 0.018888 0.0041453 0.014346 0.024202 0.02501 0.02522 0.035316 0.043469 0.028112 0.044402 0.043318 0.041638 0.01461 0.024631 0.026659 0.042782 0.036856 0.013728 0.026018 -0.0031333 0.028077 0.036008 0.026029 0.015687 0.024605 0.015714 0.004664 0.0055442 0.0011614 0.031609 0.018741 0.01799 0.021672 0.014887 0.018159 0.0094394 0.0032922 0.02885 0.0098706 0.010622 0.011074 0.0015585 0.028489 0.019396 0.02002 0.036138 0.025841 0.030818 0.017265 0.018519 0.029102 0.015431 0.035104 0.043763 0.021247 0.031344 0.051773 0.064788 0.0852 0.033417 0.05765 0.058451 0.040674 0.028993 0.046033 0.042665 0.041567 0.046667 0.039578 0.043326 0.029315 0.026402 0.030652 0.044699 0.031152 0.020583 0.038386 0.027898 0.035142 0.029423 0.050255 0.026774 0.034833 0.038628 0.023049 0.019824 0.037256 0.029501 0.021163 0.055971 0.01224 0.018924 0.025617 0.048362 0.027311 0.031736 0.015769 0.016506 0.031881 0.014723 0.026333 0.0071913 -0.0024846 0.019769 0.025287 0.020849 0.010056 0.0071683 0.03118 0.029182 0.0083358 0.017704 0.01569 0.035112 0.026655 0.044331 0.01395 0.050652 0.030692 0.033165 0.045254 0.048424 0.030661 0.038907 0.052148 0.049002 0.036411 0.053979 0.037471 0.032574 0.04805 0.025999 0.033578 0.048968 0.04096 0.037603 0.037495 0.035177 0.046623 0.032863 0.050356 0.032766 0.038453 0.017039 0.02255 0.026466 0.038189 0.056063 0.019902 0.01643 0.016507 0.02576 0.013169 0.012212 0.042076 0.018403 0.021777 0.035921 0.038778 0.038861 -0.0035842 0.010812 0.0063404 0.022786 0.010734 0.028656 0.021049 0.0020089 0.010238 0.034719 0.044281 0.011307 0.037576 0.03016 0.017851 -0.00033478 0.038806 0.029352 0.017958 0.020574 0.029408 0.007525 0.031544 -0.021213 0.021745 0.0035784 0.0025858 0.016137 0.019598 0.031469 0.016524 -0.011359 0.0045001 0.0041052 0.054866 0.038215 -0.0014857 0.032958 0.023753 0.0047619 0.033149 0.016541 0.0036496 0.016513 0.036424 0.00776 0.0098894 0.021216 0.0095558 0.025538 0.0033853 0.010463 0.0023394 0.022559 0.011574 0.035501 0.025871 0.02279 0.01689 -0.0038089 0.017047 0.009776 0.015393 -0.012117 0.0075641 0.0080686 0.0026338 0.024413 0.0059587 0.010169 0.0084555 -0.0068392 0.012954 0.040689 -0.0046027 0.022815 0.025948 0.0093663 0.017572 0.0064597 0.0075465 0.014467 0.0020896 0.0054071 0.0221 0.011215 -0.0056014 0.021739 0.026372 0.012999 0.011109 0.0029471 0.00032513 0.002176 0.0034785 0.015406 0.036017 0.0093331 0.03525 -0.0024273 -0.0037111 0.017422 0.0096152 0.0024961
0.028238 0.0050971 0.012845 0.019405 0.01736 0.031496 0.013395 -0.0054505 -0.00022853 -0.020169 -0.021396 0.0083401 -0.0031709 0.011731 0.0011622 -0.0077075 0.0011735 0.0091827 0.011455 0.012583 -0.0093174 0.024712 0.016666 0.015655 0.031176 0.019469 0.031767 0.044485 0.044738 0.031254 0.028095 0.019009 0.0011631 0.026698 -0.0066324 0.020427 0.00078695 -0.031016 -0.0068035 0.00041655 -0.0021956 0.0013831 -0.0054914 -0.01941 -0.018524 0.0063784 -0.0058486 0.011519 0.0071082 0.031531 0.0093688 0.018729 0.022461 0.031007 -0.0064684 0.020002 0.023987 0.0038711 0.005577 0.040683 -0.0097694 0.049001 0.0069544 0.025192 0.0067805 0.051244 0.023859 0.020898 0.051628 -0.0061227 0.023243 0.026745 0.025241 0.03025 0.0083862 0.021138 0.0048193 0.033014 0.0094219 0.0074783 0.010354 0.023526 0.016001 0.048828 0.032701 0.034083 0.048302 0.030095 0.049362 0.077773 0.056442 0.061578 0.062406 0.068528 0.073562 0.064494 0.056398 0.037914 0.054558 0.042456 0.047336 0.035252 0.024721 0.02153 0.027479 0.019159 0.012008 0.061214 0.0447 0.025711 0.032443 0.043985 0.071117 0.052672 0.050912 0.070041 0.056446 0.073297 0.069264 0.060631 0.039204 0.07092 0.047319 0.012701 0.02701 0.047362 0.025873 0.040917 0.025669 0.0089985 0.039786 0.033888 0.018151 0.050064 0.020404 0.019112 0.029003 0.044133 0.030638 0.029914 0.038098 0.035089 0.038058 0.028808 0.017232 0.038459 0.04226 0.07359 0.045529 0.051374 0.064439 0.065773 0.031354 0.053896 0.041598 0.038573 0.031268 0.0067028 0.033083 0.046958 0.05606 0.034571 0.04293 0.040231 0.078106 0.030046 0.068935 0.073938 0.074998 0.062056 0.072711 0.043845 0.029303 0.030543 0.050692 0.029854 0.0095145 0.0034765 0.017141 0.016641 0.026801 0.036331 0.040729 0.022587 0.030043 0.0076266 0.036031 0.032993 0.054004 0.058264 0.06744 0.063125 0.05242 0.086173 0.061618 0.056634 0.066366 0.094153 0.11898 0.079086 0.089981 0.083651 0.087168 0.040091 0.048403 0.051383 0.077411 0.058198 0.037792 0.046086 0.020168 0.035479 0.024549 0.030006 -0.0025371 -0.01412 0.0057956 0.0087913 0.021032 0.013928 0.019194 0.019263 0.054505 0.087665 0.070149 0.071796 0.098734 0.11869 0.1009 0.10566 0.079603 0.084481 0.082091 0.061417 0.071581 0.080502 0.058229 0.038181 0.06331 0.056305 0.043742 0.057503 0.051517 0.040949 0.036695 0.036665 0.02822 0.021626 0.015852 0.011304 0.024064 0.010573 0.0096192 0.0083311 0.021182 0.014887 0.026234 0.030376 0.027256 -0.00029115 0.019538 -0.0021541 0.0046035 -0.0057927 0.0044094 0.020396 0.0025168 -0.007104 0.0013691 -0.018202 0.0078664 0.0073092 0.0011781 0.0099409 0.011447 0.022909 0.040845 0.0024398 0.03995 -0.00030123 0.044428 0.03454 0.035481 0.021842 0.051008 0.02451 0.044571 0.024285 0.030658 0.0078437 0.01687 0.027987 0.020801 0.022295 0.01098 -0.0072088 0.0056866 -0.0034947 0.0085632 -0.0058541 0.02442 0.0081568 -0.0085623 0.0076478 0.0020686 0.019906 0.025472 -0.0060396 0.0328 0.022407 0.020366 0.051854 -0.00043469 0.020978 0.061531 0.034579 0.024241 0.036142 0.013485 0.040921 0.019971 0.049701 0.035551 0.020007 0.034832 0.010397 0.01762 0.022646 0.041523 0.042116 0.047024 0.03358 0.044614 0.065992 0.060286 0.046512 0.041799 0.053589 0.087021 0.039092 0.061007 0.050412 0.04755 0.031446 0.022588 0.039623 0.032863 0.030755 0.054388 0.029598 0.025558 0.029776 0.018645 0.016403 0.022846 0.06624 0.022676 0.020788 0.028228 0.035391 0.050131 0.059762 0.041229 0.043839 0.050935 0.069645 0.051135 0.056449 0.04722 0.053125 0.069137 0.033085 0.047584 0.054998 0.028093 0.032998 0.068757 0.085316 0.054657 0.08192 0.091412 0.11934 0.10743 0.099454 0.10363 0.097927 0.085155 0.078803 0.060886 0.02725 0.053426 0.074381 0.04744 0.062794 0.064552 0.059032 0.041136 0.041813 0.050945 0.030236 0.052403 0.042288 0.030427 0.035422 0.041628 0.043985 0.03688 0.028119 0.028742 0.04624 0.016927 0.048103 0.030321 0.045995 0.036424 0.020605 0.027511 0.031664 0.014143 0.034186 0.026653 0.028912 0.023023 0.021372 0.017644 0.032379 0.046781 0.022351 0.015391 0.0016714 0.019729 0.029731 0.030129 0.018514 0.027728 0.031889 0.026905 0.029494 0.035545 0.026982 0.015938 0.025694 0.023455 0.032396 0.032931 0.0056231 0.01941 -0.00082514 0.028082 0.034314 0.033762 0.01082 0.014252 0.017564 -0.0093447 0.011803 -0.0018044 0.023958 0.021312 0.020896 0.029605 0.027066 0.019177 0.018864 0.0048779 0.029187 0.017205 0.013734 0.0241 0.0028071 0.02757 0.025026 0.014769 0.032678 0.030232 0.025957 0.024397 0.028133 0.041819 0.017404 0.039841 0.050187 0.023876 0.028692 0.052573 0.0622 0.077153 0.044043 0.060895 0.054555 0.041391 0.031333 0.047058 0.041288 0.039312 0.044308 0.044175 0.033759 0.030289 0.033792 0.023864 0.049138 0.025374 0.016448 0.03991 0.024849 0.035381 0.031554 0.047044 0.026123 0.029854 0.042757 0.027797 0.024876 0.030695 0.027255 0.012894 0.044003 0.009232 0.011768 0.023351 0.043895 0.021378 0.03668 0.017148 0.023633 0.027714 0.027029 0.021038 0.010547 0.014719 0.024388 0.023482 0.016365 0.0073068 0.011661 0.026393 0.017695 0.010058 0.018554 0.018532 0.041387 0.023341 0.049063 0.014596 0.044905 0.031832 0.034643 0.047152 0.047487 0.031027 0.033543 0.048003 0.034839 0.034961 0.050476 0.036997 0.036335 0.049723 0.028951 0.034813 0.042548 0.029437 0.029386 0.030552 0.040301 0.040954 0.028688 0.046442 0.030542 0.024999 0.022423 0.028252 0.018646 0.026697 0.047469 0.02137 0.020273 0.017178 0.031279 0.014645 0.015063 0.035771 0.018317 0.020074 0.029142 0.032684 0.025559 -0.011479 0.008764 0.0047039 0.011816 0.0032441 0.025657 0.024683 0.0088536 0.01549 0.032937 0.038681 0.0079227 0.030176 0.031133 0.021234 0.0035572 0.038988 0.032244 0.01629 0.026133 0.018206 -0.0059257 0.024043 -0.014729 0.015615 0.00015467 0.0010955 0.015947 0.028063 0.018832 0.016737 -0.005297 0.0059071 -0.0012798 0.050624 0.03817 -0.0016436 0.026402 0.025062 0.0053392 0.024051 0.0028687 -0.0076322 0.01561 0.034895 0.0072212 0.013426 0.01095 0.010103 0.021293 0.01194 0.010071 0.0018625 0.024053 0.015883 0.034961 0.020975 0.014111 0.011348 0.0054478 0.0040139 0.005525 0.01187 -0.012523 0.015238 0.0072319 0.0063299 0.022197 0.0056186 0.012879 0.02022 -0.0031755 0.016707 0.040827 -0.010381 0.021577 0.013225 0.0063826 0.017357 -0.0057988 0.011879 0.010995 0.007168 0.010553 0.015699 0.012382 -0.00062567 0.020775 0.02201 0.0099637 0.014046 0.0085575 -0.0043152 0.014756 0.0028233 0.013385 0.033427 0.0033478 0.031096 -0.0053659 -0.0025642 0.015439 0.0089756 0.0068361
0.031302 -0.0017108 0.010264 0.016471 0.011829 0.037779 0.0095284 -0.0029236 0.0046556 -0.023417 -0.01428 0.0079808 -0.0070247 0.0072498 0.0014631 -0.0034044 0.0073546 0.0026651 0.024494 0.0077738 -0.012221 0.019426 0.023899 0.0068775 0.028274 0.013545 0.029726 0.033241 0.034649 0.029564 0.022863 0.023839 -0.00084474 0.030864 0.0027758 0.025549 -0.0067029 -0.02576 -0.0014333 0.00018928 0.0034928 0.001056 -0.006412 -0.0071671 -0.013376 0.010747 -0.007748 -0.0062398 0.0026899 0.040104 0.0044332 0.016809 0.030958 0.035245 0.0025141 0.020532 0.0158 0.00071484 0.003289 0.041922 -0.0097788 0.049785 0.011907 0.031433 0.011169 0.050994 0.025452 0.023097 0.057648 -0.013217 0.020557 0.027106 0.025955 0.033648 0.0032703 0.025364 0.0095626 0.033172 0.013076 0.0097843 0.016669 0.028209 0.020914 0.0554 0.050517 0.049715 0.055734 0.038723 0.051886 0.084758 0.065831 0.060604 0.057797 0.069672 0.071868 0.067888 0.054045 0.045074 0.053345 0.044856 0.049228 0.040934 0.028922 0.027127 0.031716 0.030778 0.015629 0.054786 0.048137 0.040911 0.041863 0.053784 0.080414 0.055039 0.052633 0.07615 0.061295 0.065467 0.074842 0.063416 0.040074 0.06633 0.047732 0.030447 0.025126 0.042825 0.031213 0.035488 0.033914 0.021585 0.03331 0.037018 0.026852 0.059528 0.03068 0.023061 0.02185 0.049105 0.028897 0.03103 0.038857 0.037526 0.038701 0.04252 0.018999 0.043415 0.045006 0.070409 0.043663 0.047932 0.064669 0.062094 0.033689 0.048939 0.044726 0.033311 0.03244 0.01812 0.036168 0.052193 0.062907 0.04416 0.050116 0.054159 0.072011 0.028183 0.0611 0.076911 0.07594 0.06032 0.070323 0.048797 0.032946 0.030608 0.054237 0.036028 0.017167 0.0058001 0.0088495 0.016347 0.033324 0.049274 0.050657 0.04058 0.027154 0.016202 0.041899 0.028632 0.066729 0.063508 0.075575 0.07101 0.053305 0.09443 0.070831 0.063719 0.072361 0.095258 0.11319 0.075346 0.080888 0.088006 0.089633 0.038582 0.047529 0.05159 0.076598 0.057869 0.041335 0.049765 0.011632 0.034722 0.018566 0.023678 -0.0070872 -0.012376 -0.0016291 0.014587 0.019147 0.020849 0.032685 0.033289 0.072942 0.10418 0.080288 0.075412 0.096263 0.10745 0.10183 0.10138 0.079302 0.075304 0.071923 0.049485 0.069115 0.07596 0.046352 0.038258 0.055194 0.054945 0.041026 0.061146 0.057819 0.037634 0.039438 0.033611 0.022053 0.019987 0.015099 0.013851 0.018596 0.003691 0.016535 0.0015557 0.021207 0.014086 0.03787 0.022475 0.031356 0.0041382 0.019753 -0.004967 0.010851 0.0026582 0.0099031 0.012933 0.0079969 -0.0017964 -0.0002199 -0.01205 0.015672 0.0018214 -0.0075574 0.014718 0.018606 0.018571 0.038432 0.0049617 0.039609 0.0080441 0.042315 0.025867 0.033297 0.02251 0.051879 0.023615 0.037691 0.020424 0.024943 0.006597 0.020637 0.019761 0.022513 0.028806 0.016484 -0.0092738 0.009343 -0.0046241 0.00044663 -0.0035764 0.031467 0.017988 0.0036317 0.010742 0.0047591 0.0087349 0.026702 -0.0033989 0.018088 0.028613 0.021545 0.044698 0.0018553 0.018967 0.059984 0.028186 0.028044 0.04689 0.019672 0.048539 0.027843 0.041017 0.045753 0.025916 0.036673 0.014233 0.017957 0.021906 0.047394 0.058217 0.043617 0.025631 0.04998 0.070638 0.064001 0.04402 0.043561 0.051388 0.083154 0.035028 0.055825 0.042501 0.037126 0.038295 0.012727 0.038577 0.02819 0.024139 0.061049 0.040273 0.024087 0.032188 0.034882 0.019243 0.017717 0.064566 0.018526 0.016839 0.029792 0.044459 0.059456 0.071832 0.045113 0.043289 0.052949 0.066283 0.051626 0.050032 0.052609 0.04052 0.077156 0.034002 0.050261 0.054915 0.038831 0.044117 0.074561 0.090557 0.064271 0.082392 0.094459 0.11593 0.093226 0.09263 0.093122 0.08428 0.078071 0.064989 0.048626 0.022192 0.037111 0.060957 0.034788 0.061927 0.063317 0.061969 0.033161 0.031563 0.043471 0.021018 0.051153 0.044546 0.016968 0.029347 0.038085 0.04021 0.030307 0.029764 0.023544 0.037013 0.030716 0.035613 0.033464 0.042409 0.029916 0.019228 0.024297 0.020863 0.0092236 0.027785 0.024763 0.022937 0.027251 0.024823 0.021923 0.034204 0.041074 0.030819 0.01743 0.004724 0.025889 0.028743 0.029146 0.014048 0.013835 0.023786 0.024808 0.019256 0.02153 0.017314 0.018347 0.026089 0.015641 0.018431 0.029998 -0.001462 0.013902 0.00046656 0.02154 0.028733 0.038322 -0.0010454 0.0071743 0.013919 -0.018255 0.017008 -0.0046526 0.01608 0.026613 0.020073 0.033055 0.031406 0.017947 0.022302 0.0088859 0.030941 0.025875 0.018963 0.036483 0.0083666 0.025986 0.026936 0.014096 0.026022 0.034548 0.016853 0.031994 0.037514 0.056583 0.022538 0.044426 0.056399 0.033471 0.034106 0.05468 0.059481 0.069289 0.056997 0.059149 0.048256 0.046813 0.037213 0.045898 0.037133 0.039119 0.038624 0.045456 0.026764 0.030777 0.040801 0.019483 0.044943 0.018329 0.020898 0.041234 0.027336 0.032451 0.030063 0.0401 0.023794 0.026279 0.042368 0.033154 0.028165 0.019953 0.028432 0.0083661 0.032704 0.01029 0.0076115 0.019642 0.030402 0.014964 0.04062 0.018131 0.028214 0.02546 0.033692 0.019422 0.010599 0.023351 0.031404 0.019154 0.00812 0.0040896 0.017697 0.021976 0.0058272 0.011627 0.020907 0.02149 0.050661 0.022145 0.050875 0.017123 0.033384 0.033697 0.042235 0.046712 0.048175 0.030576 0.03026 0.042906 0.026791 0.035387 0.046194 0.035189 0.042926 0.049783 0.030268 0.032156 0.035036 0.016089 0.022867 0.023604 0.04119 0.035377 0.020425 0.039163 0.027485 0.014184 0.026884 0.032786 0.012653 0.019696 0.03992 0.022616 0.018744 0.012715 0.030017 0.019876 0.0191 0.02241 0.019813 0.018451 0.023283 0.023365 0.010772 -0.011616 0.0057167 0.003028 0.0019505 -0.0027557 0.023294 0.025692 0.016546 0.016488 0.025102 0.035988 0.0042774 0.017978 0.032245 0.021778 0.011999 0.035982 0.028358 0.017781 0.025839 0.010965 -0.012151 0.0098929 -0.0053514 0.011488 0.00072109 -0.0015744 0.019712 0.035034 0.0061996 0.014249 -0.0019372 0.01441 -4.5637e-05 0.043412 0.033056 -0.001615 0.016073 0.021912 0.0052397 0.010033 -0.010671 -0.013987 0.01641 0.029953 0.0079429 0.01274 -8.1744e-06 0.015717 0.015778 0.016556 0.0088004 0.0072154 0.022489 0.01671 0.029025 0.012837 0.0048222 6.5231e-05 0.0085914 -0.0069952 -0.0012914 0.0078369 -0.0043165 0.025512 0.0065574 0.0089338 0.015765 0.0069049 0.012031 0.031664 0.00040146 0.018999 0.03286 -0.016857 0.016 -0.00041398 0.0040786 0.013397 -0.01216 0.01765 0.0070948 0.01325 0.012797 0.010954 0.016427 0.0070239 0.021211 0.011134 0.0062449 0.01704 0.017626 -0.004235 0.025423 0.00066338 0.01106 0.027407 0.0020526 0.021993 -0.0042707 0.001522 0.013674 0.011168 0.0072647
0.031717 -0.0098539 0.009161 0.010183 0.0086767 0.036748 0.0064358 0.0032724 0.012629 -0.023863 -0.0043754 0.0091048 -0.00857 0.0049598 -0.00092138 -0.0016781 0.015234 -0.002253 0.036264 0.0014945 -0.010543 0.012914 0.028215 0.00089467 0.024687 0.0061674 0.025469 0.022366 0.027057 0.025893 0.010791 0.025913 -0.0020228 0.030939 0.011452 0.028134 -0.0089082 -0.016195 0.0095501 0.002159 0.017624 0.0016306 -0.0025259 0.0047323 -0.0021136 0.019153 -0.0055526 -0.015246 -0.0018194 0.044905 -0.00041615 0.016063 0.03663 0.036954 0.0092986 0.023363 0.011718 -0.00041759 0.0082575 0.04531 -0.0036592 0.047896 0.015655 0.037123 0.017451 0.04783 0.02583 0.027385 0.059585 -0.010781 0.017642 0.025264 0.026428 0.031787 0.0032938 0.027124 0.016889 0.033914 0.020379 0.015448 0.024174 0.035983 0.027447 0.063668 0.07064 0.066881 0.061879 0.048844 0.054847 0.084356 0.071537 0.055275 0.053389 0.063508 0.064379 0.071404 0.056778 0.055702 0.051727 0.048959 0.050391 0.050285 0.042859 0.03664 0.040639 0.048159 0.025347 0.046177 0.05034 0.047784 0.053681 0.061299 0.084261 0.056323 0.059288 0.081678 0.064121 0.058018 0.080555 0.061714 0.040682 0.061538 0.051944 0.043395 0.024305 0.04382 0.036802 0.033669 0.04271 0.03173 0.029002 0.04115 0.033808 0.066294 0.038398 0.032829 0.023385 0.049255 0.032368 0.032717 0.04359 0.04265 0.042342 0.053981 0.024186 0.048959 0.04726 0.066943 0.044962 0.046249 0.062352 0.053853 0.034852 0.042704 0.044728 0.031327 0.03514 0.03207 0.037006 0.051587 0.066059 0.053979 0.056988 0.065799 0.062339 0.034016 0.049895 0.072389 0.071388 0.053427 0.066308 0.051479 0.034341 0.028256 0.052796 0.037927 0.029287 0.014277 0.0066208 0.017408 0.04121 0.056524 0.055869 0.054225 0.025894 0.027123 0.046639 0.027791 0.075465 0.06434 0.081641 0.080812 0.057747 0.099117 0.080859 0.068106 0.077476 0.090346 0.098915 0.067185 0.0714 0.086567 0.08167 0.039319 0.050701 0.048903 0.07303 0.055939 0.045029 0.046667 0.0058367 0.031791 0.013421 0.018624 -0.0076374 -0.0070038 -0.0033956 0.024288 0.021011 0.025649 0.04825 0.047996 0.089453 0.11375 0.086374 0.084829 0.091146 0.092161 0.099314 0.092528 0.075563 0.067322 0.060827 0.037886 0.063677 0.067571 0.035513 0.035216 0.040618 0.054482 0.037923 0.064107 0.056878 0.031782 0.039653 0.025379 0.017353 0.018744 0.01666 0.015985 0.01298 0.0044413 0.021874 -0.0053694 0.020094 0.0073367 0.045432 0.016204 0.029131 0.014072 0.02279 -0.0035764 0.017893 0.015008 0.019219 0.010828 0.013277 0.0025682 -0.0011915 0.00011171 0.025191 -0.0012448 -0.016623 0.024548 0.023459 0.016311 0.031232 0.009383 0.036577 0.014732 0.034536 0.018412 0.024526 0.021261 0.047882 0.020666 0.032275 0.012453 0.021115 0.0045444 0.02617 0.013137 0.021059 0.033247 0.02202 -0.0038151 0.015794 0.0031477 -0.0066458 0.0047937 0.03864 0.030593 0.019051 0.015364 0.0071211 -0.0033255 0.028807 -0.0011937 0.0060474 0.034407 0.030423 0.038563 0.010182 0.017197 0.050753 0.026312 0.023269 0.051724 0.022252 0.059348 0.034514 0.031919 0.053842 0.034405 0.037237 0.018982 0.019919 0.027263 0.049967 0.068622 0.044145 0.021405 0.052154 0.067399 0.063095 0.035277 0.048154 0.054244 0.072153 0.028713 0.044649 0.032204 0.031333 0.044866 0.008422 0.036311 0.024747 0.021985 0.064049 0.04811 0.026104 0.036311 0.049366 0.025724 0.021379 0.058637 0.0113 0.016143 0.035304 0.05324 0.062986 0.07904 0.046948 0.043001 0.057456 0.058352 0.054238 0.043568 0.057356 0.036458 0.080203 0.040646 0.057372 0.05605 0.050961 0.058858 0.080142 0.089722 0.075426 0.082485 0.086417 0.10503 0.080283 0.083232 0.08304 0.070818 0.071119 0.050343 0.036496 0.025473 0.029335 0.045994 0.025647 0.059826 0.059022 0.057701 0.02766 0.024206 0.042146 0.013997 0.045095 0.044527 0.0092586 0.022529 0.037132 0.036246 0.023392 0.029541 0.023031 0.027508 0.040729 0.028082 0.035244 0.038878 0.025389 0.018102 0.018753 0.0078818 0.0092265 0.023457 0.022827 0.015036 0.031493 0.025388 0.027943 0.037307 0.040042 0.038242 0.020248 0.012283 0.03209 0.023801 0.022162 0.011664 -0.00033078 0.0192 0.020501 0.014268 0.0057288 0.015074 0.021406 0.021779 0.0059393 0.0064222 0.027153 -0.0059251 0.0076303 -0.00018008 0.0085024 0.022104 0.038255 -0.015663 0.0040769 0.0051755 -0.018292 0.021416 -0.0057325 0.0101 0.031813 0.016867 0.031538 0.024792 0.014332 0.021805 0.01181 0.035526 0.030404 0.0255 0.045956 0.016934 0.025642 0.027574 0.020626 0.018395 0.036218 0.0092537 0.038776 0.044576 0.066686 0.028665 0.049752 0.060994 0.04612 0.045232 0.055546 0.054705 0.060537 0.067362 0.054338 0.041516 0.054418 0.041718 0.040281 0.029004 0.03766 0.030407 0.042663 0.022206 0.026477 0.042035 0.017525 0.034437 0.013426 0.029711 0.039979 0.03199 0.026497 0.029106 0.031298 0.020995 0.022193 0.037024 0.037779 0.02652 0.010262 0.031647 0.010217 0.02559 0.016169 0.010494 0.013766 0.012423 0.010367 0.039121 0.019936 0.026995 0.026791 0.032482 0.019987 0.0065908 0.02277 0.038245 0.012809 0.0014516 0.0016772 0.023385 0.019576 -0.0028822 0.011813 0.022922 0.024775 0.05866 0.023745 0.051668 0.021522 0.019051 0.036518 0.050633 0.042799 0.047898 0.028565 0.02696 0.036613 0.027657 0.038358 0.043699 0.033335 0.048107 0.049387 0.029314 0.024824 0.027921 0.0020119 0.018354 0.018202 0.034987 0.030058 0.0097885 0.031056 0.025988 0.0074008 0.028283 0.030218 0.0090557 0.020437 0.034957 0.022631 0.011688 0.0044593 0.021757 0.024055 0.022369 0.0076903 0.022687 0.015364 0.019976 0.013517 -0.0011551 -0.0046149 0.0023705 0.0038815 -0.0042004 -0.0073359 0.021433 0.024462 0.021556 0.014167 0.014218 0.03377 -0.00041185 0.0022995 0.031102 0.017934 0.020524 0.031478 0.019941 0.021303 0.021626 0.0081665 -0.0089296 -0.0057742 0.0017593 0.0099622 0.0028573 -0.0020187 0.024285 0.035045 0.00069183 0.0085787 -0.00060863 0.026978 0.0067546 0.033242 0.021281 -0.0014431 0.0042979 0.01792 0.0046183 -0.0049417 -0.020418 -0.014549 0.017531 0.022941 0.011138 0.0066681 -0.0073032 0.022991 0.012064 0.014867 0.0048325 0.015141 0.020185 0.014319 0.019738 0.005663 -0.0051725 -0.011739 0.0057008 -0.010723 -0.0083007 0.0028293 0.010033 0.032769 0.0050879 0.0094879 0.0070987 0.0078562 0.0066496 0.037013 0.0016156 0.019222 0.018808 -0.021405 0.0075394 -0.010083 0.0028134 0.0065222 -0.011321 0.023803 0.0051452 0.017117 0.013452 0.0091672 0.019198 0.01473 0.022262 -0.0025713 0.0043068 0.017812 0.025252 -0.0021097 0.029514 -0.0023726 0.0094992 0.021199 0.0036664 0.013074 0.00056958 0.0054557 0.011659 0.010612 0.0056103
-0.0068386 0.027675 -0.016556 0.007566 0.0043014 0.0072718 0.031737 0.0022282 0.010948 0.021006 -0.019343 0.0055841 0.010499 -0.007015 0.0055264 -0.0064409 -0.0046147 0.021872 -0.0031052 0.04284 -0.0063167 -0.0047457 0.0065174 0.03061 0.00063446 0.024287 0.0019931 0.018535 0.018983 0.025547 0.022265 -0.005702 0.02543 -0.0016068 0.028154 0.017199 0.026879 -0.0046479 -0.0033048 0.02494 0.0048153 0.037635 0.0052128 0.0063282 0.012417 0.011219 0.027438 0.0016777 -0.011398 -0.0031476 0.045278 -0.001863 0.015255 0.039062 0.036928 0.013514 0.028883 0.014181 0.0024459 0.020525 0.05183 0.0068426 0.046569 0.018389 0.042173 0.025044 0.041628 0.027056 0.031109 0.057311 0.0010571 0.015213 0.023723 0.025841 0.027647 0.012088 0.028803 0.025363 0.036273 0.029487 0.028364 0.031733 0.046165 0.034939 0.07209 0.089491 0.079549 0.067769 0.058323 0.056741 0.079532 0.072118 0.048058 0.052796 0.054729 0.055769 0.074337 0.063934 0.067312 0.050908 0.054888 0.05226 0.062921 0.063863 0.045424 0.050517 0.067477 0.039519 0.042415 0.049729 0.04568 0.066978 0.060274 0.082152 0.061149 0.069866 0.085432 0.060602 0.05333 0.084683 0.057471 0.042405 0.059083 0.057705 0.046629 0.024726 0.050223 0.039844 0.03512 0.055205 0.035866 0.028449 0.046993 0.034504 0.069484 0.03829 0.045525 0.03448 0.045077 0.038311 0.035207 0.050328 0.049817 0.046047 0.061373 0.03087 0.053433 0.048143 0.065671 0.049421 0.048875 0.059763 0.044354 0.034808 0.035992 0.042194 0.030138 0.038452 0.045877 0.034811 0.046506 0.067744 0.060378 0.061018 0.069558 0.048394 0.045048 0.039063 0.060793 0.063299 0.043727 0.064495 0.050218 0.032241 0.023056 0.04715 0.037795 0.043338 0.024848 0.012545 0.022022 0.048124 0.058176 0.055075 0.060938 0.031119 0.03999 0.051249 0.030914 0.079353 0.060575 0.086919 0.091577 0.062203 0.099309 0.085663 0.069055 0.080334 0.082932 0.081828 0.056043 0.06346 0.080807 0.064748 0.041642 0.054587 0.039366 0.065573 0.055448 0.047842 0.040598 0.006655 0.029955 0.0098021 0.016168 -0.0053794 0.0021316 0.0019095 0.036026 0.029479 0.027618 0.061965 0.060912 0.099318 0.11604 0.086542 0.096702 0.082919 0.075718 0.091502 0.081924 0.067944 0.06085 0.051436 0.028939 0.054632 0.055251 0.02588 0.027212 0.026033 0.052065 0.031697 0.063391 0.051653 0.023442 0.038176 0.012128 0.017 0.017741 0.01909 0.019202 0.0081031 0.011092 0.025317 -0.0095454 0.018273 -0.0020952 0.046374 0.015373 0.020293 0.026199 0.02842 0.00063679 0.020746 0.027032 0.030363 0.011841 0.01872 0.0050212 -0.0017937 0.016108 0.032433 0.0002071 -0.023115 0.034914 0.022573 0.015608 0.022196 0.012102 0.031739 0.01788 0.024737 0.011624 0.010989 0.017877 0.040255 0.014922 0.031967 0.0041034 0.021893 0.0010617 0.032772 0.011511 0.017248 0.032964 0.022724 0.0066304 0.025071 0.017425 -0.010725 0.017447 0.042461 0.041698 0.035393 0.0221 0.0083124 -0.01148 0.029115 -0.0035697 0.0040012 0.037857 0.043213 0.033332 0.024084 0.014126 0.037727 0.0306 0.01335 0.049579 0.022114 0.06691 0.037066 0.024823 0.058481 0.042915 0.034892 0.019222 0.023554 0.036158 0.049425 0.072713 0.051256 0.024141 0.048609 0.05689 0.056177 0.02262 0.053674 0.061958 0.056785 0.023825 0.029085 0.023225 0.029397 0.046552 0.01029 0.032307 0.023085 0.020827 0.063147 0.050362 0.03564 0.039057 0.058845 0.033689 0.032814 0.050759 0.0038987 0.018702 0.042726 0.061663 0.061867 0.079155 0.045803 0.043968 0.064025 0.049399 0.059381 0.038236 0.058081 0.04319 0.075829 0.051049 0.068148 0.059926 0.058024 0.06996 0.084928 0.082575 0.085236 0.079493 0.069211 0.086701 0.06934 0.071547 0.071863 0.059172 0.065313 0.037959 0.028124 0.035339 0.029483 0.034242 0.021829 0.055644 0.051305 0.048994 0.026359 0.022563 0.044136 0.010756 0.036501 0.041519 0.0066397 0.018118 0.04219 0.032279 0.017809 0.02741 0.026742 0.020451 0.042095 0.026128 0.033565 0.032585 0.021189 0.018821 0.0078657 -0.0024939 0.010569 0.022808 0.021202 0.0077869 0.035218 0.022679 0.032324 0.041712 0.043586 0.040076 0.019471 0.021124 0.03673 0.019005 0.012237 0.0096362 -0.0089476 0.01602 0.013659 0.012281 -0.0065891 0.017628 0.02289 0.010807 -0.0025194 -0.00037802 0.02298 -0.0056094 -0.0017786 -0.0028461 -0.0079181 0.017755 0.033801 -0.026258 0.0022625 -0.0055096 -0.0098624 0.025988 -0.0038578 0.0079894 0.033651 0.014642 0.026741 0.0083027 0.0084556 0.021517 0.011607 0.041568 0.028466 0.032936 0.05121 0.027023 0.027255 0.028076 0.03338 0.013104 0.033909 0.0070773 0.043664 0.048405 0.068448 0.03414 0.054481 0.063675 0.058946 0.057169 0.052948 0.046612 0.048817 0.070377 0.048756 0.035861 0.060045 0.040832 0.029128 0.017322 0.032898 0.021603 0.036778 0.018631 0.016507 0.036804 0.01724 0.023079 0.012754 0.036694 0.034396 0.034054 0.020579 0.032322 0.023248 0.018737 0.014988 0.02908 0.040483 0.019539 0.0059804 0.034224 0.017469 0.023844 0.025173 0.020097 0.0086227 -0.0035172 0.0069139 0.030051 0.023464 0.019517 0.032141 0.026567 0.020399 0.00058845 0.015822 0.041657 0.0054554 -0.00027442 0.00034237 0.026704 0.019095 -0.007353 0.010822 0.023788 0.027336 0.06213 0.027843 0.053973 0.028546 0.0056218 0.039436 0.054544 0.034393 0.04322 0.026429 0.020981 0.028936 0.036214 0.043572 0.043668 0.032022 0.048173 0.048771 0.02642 0.014379 0.021411 -0.010314 0.015346 0.016862 0.022773 0.025157 -0.0013672 0.024114 0.027395 0.0034916 0.026701 0.0172 0.0077775 0.028534 0.030633 0.020784 0.0020115 -0.0043041 0.010105 0.022043 0.021876 -0.003815 0.025631 0.0096607 0.018642 0.0058508 -0.0082328 0.0054492 -0.0010617 0.0094417 -0.0043844 -0.011232 0.018212 0.021587 0.022498 0.011615 0.0047071 0.02952 -0.0063276 -0.013435 0.026163 0.010594 0.025404 0.028074 0.010103 0.023873 0.014993 0.0088466 3.4359e-05 -0.018461 0.0027811 0.010954 0.0036298 0.0024313 0.026318 0.025955 0.0038002 0.0014721 0.00094344 0.039871 0.015051 0.021214 0.0051545 -0.0021325 -0.0064493 0.015691 0.0057647 -0.017311 -0.025186 -0.01157 0.01678 0.01513 0.016446 -0.0026761 -0.0096502 0.029122 0.011837 0.0082701 -0.0016017 0.022056 0.0198 0.010815 0.010454 0.0015806 -0.014078 -0.019404 0.00025658 -0.0060539 -0.013208 -0.0038204 0.026283 0.032435 0.0018863 0.009059 -0.00092538 0.0072044 -0.0026647 0.033031 4.5538e-05 0.016301 0.0035885 -0.022161 -0.0018325 -0.012885 0.0020554 -0.0026852 -0.0051428 0.02892 0.0073318 0.018058 0.013455 0.010262 0.016936 0.018795 0.02254 -0.014168 0.0034568 0.014779 0.027731 -0.00090598 0.025867 -0.0063427 0.0084998 0.01793 0.0042781 0.008209 0.0073391 0.0049345 0.0092337 0.0036306
-0.012482 -0.0011273 0.019013 -0.018493 0.0054022 0.0011883 0.0052318 0.02795 -0.0039695 0.017455 0.027147 -0.0093671 0.011146 0.011062 -0.0034472 0.0099548 -0.012205 -0.011352 0.02409 0.00043542 0.041642 -0.01567 0.0038063 0.0014452 0.033492 0.0056646 0.028897 0.0035051 0.0092195 0.026839 0.030576 0.017447 -0.020537 0.023304 0.00078112 0.023904 0.019729 0.02284 0.0037199 0.010914 0.042241 0.0067897 0.059437 0.012834 0.018748 0.013415 0.022619 0.030639 0.013303 0.0042857 0.00028097 0.043359 0.0024923 0.014081 0.039439 0.037035 0.016526 0.036289 0.021611 0.0097329 0.036928 0.060003 0.019535 0.046568 0.021733 0.048684 0.033374 0.031371 0.030368 0.032379 0.052048 0.017887 0.01419 0.024374 0.023965 0.023101 0.030674 0.032872 0.034459 0.040686 0.036582 0.049902 0.037234 0.056695 0.043753 0.078421 0.10428 0.083666 0.074271 0.06589 0.05641 0.074063 0.068305 0.040787 0.05941 0.048396 0.049986 0.077688 0.072043 0.076641 0.050529 0.061052 0.056481 0.0769 0.085467 0.05002 0.056463 0.086251 0.055386 0.047295 0.044644 0.037243 0.07922 0.046661 0.074362 0.073323 0.07994 0.087321 0.047155 0.050147 0.084135 0.053606 0.044693 0.058252 0.06038 0.040497 0.024473 0.058903 0.038111 0.039043 0.073101 0.031696 0.031402 0.053638 0.026959 0.068472 0.029968 0.056731 0.049661 0.038636 0.043419 0.038742 0.055975 0.056619 0.046278 0.06491 0.036733 0.055168 0.046579 0.067085 0.053853 0.055017 0.058934 0.036556 0.034917 0.028679 0.038628 0.025879 0.042485 0.058149 0.030532 0.038968 0.071576 0.061508 0.060791 0.061743 0.029813 0.056023 0.029013 0.045824 0.054375 0.034166 0.065036 0.0442 0.027695 0.015366 0.039066 0.037275 0.05785 0.032345 0.025119 0.030666 0.053543 0.056579 0.04965 0.061477 0.044215 0.052775 0.056219 0.034781 0.080519 0.052094 0.092073 0.10242 0.063048 0.095665 0.082155 0.067084 0.078549 0.075865 0.067444 0.043381 0.056504 0.073301 0.044138 0.044825 0.056009 0.021341 0.053132 0.057448 0.048054 0.035645 0.016052 0.031399 0.0086966 0.017174 -0.0033943 0.014312 0.011913 0.046033 0.045202 0.028256 0.070073 0.069796 0.098494 0.11211 0.078977 0.1051 0.069987 0.058236 0.076635 0.070586 0.056007 0.054922 0.046212 0.023884 0.041914 0.039209 0.016614 0.01337 0.0172 0.045159 0.022242 0.056972 0.04654 0.014198 0.035066 -0.0040746 0.021703 0.015115 0.020846 0.025667 0.0044329 0.020658 0.026203 -0.010105 0.016566 -0.0087217 0.040197 0.022201 0.0072302 0.037614 0.033797 0.0053417 0.016815 0.037041 0.040341 0.011576 0.023776 0.0060067 -0.0031255 0.032974 0.033694 0.0059968 -0.025707 0.040512 0.016115 0.014402 0.013875 0.0097038 0.026391 0.016779 0.01841 0.0038986 -0.0017231 0.01362 0.029703 0.0067388 0.035788 -0.0018182 0.02611 -0.0024603 0.038414 0.014475 0.011607 0.027574 0.014936 0.016577 0.036291 0.034899 -0.011345 0.03104 0.039974 0.04622 0.050262 0.031691 0.0095184 -0.012246 0.025277 -0.012474 0.014163 0.037283 0.05543 0.027481 0.040242 0.0086865 0.026013 0.038884 0.0018374 0.042279 0.021642 0.065841 0.033721 0.02078 0.060035 0.047886 0.027993 0.0094357 0.029562 0.045463 0.046436 0.071466 0.064162 0.033895 0.037179 0.040453 0.044575 0.010138 0.057652 0.071367 0.040477 0.021897 0.012722 0.018348 0.026727 0.041601 0.0183 0.025033 0.023229 0.016533 0.058902 0.047512 0.053898 0.037777 0.061446 0.03961 0.048375 0.041654 -0.00021249 0.024944 0.047972 0.070735 0.056852 0.070975 0.041635 0.045469 0.070592 0.042427 0.064856 0.033093 0.052922 0.058624 0.063729 0.06238 0.080313 0.067748 0.056278 0.069916 0.087352 0.071215 0.091007 0.071681 0.046546 0.063349 0.059326 0.058539 0.057946 0.047925 0.059446 0.029133 0.024711 0.048064 0.033307 0.028932 0.022912 0.047628 0.040182 0.039928 0.027954 0.027584 0.043914 0.013311 0.028256 0.036787 0.0068728 0.017984 0.054114 0.027014 0.01409 0.023921 0.033026 0.01827 0.03461 0.026417 0.027306 0.020542 0.015947 0.022812 -0.0090525 -0.00849 0.0082465 0.02499 0.01858 0.0034728 0.038878 0.017848 0.033287 0.047351 0.047483 0.033437 0.012728 0.027321 0.037576 0.017706 0.0028722 0.0053849 -0.0091893 0.011868 0.0048952 0.010045 -0.011668 0.019794 0.019616 -0.0064766 -0.0070428 -0.0021123 0.017248 0.00043475 -0.015214 -0.0064902 -0.02295 0.017519 0.025294 -0.027655 -0.0035093 -0.014525 0.0037434 0.031379 0.00056884 0.011457 0.029482 0.016728 0.020606 -0.013656 -0.00024005 0.025038 0.0085052 0.046005 0.02209 0.041599 0.05173 0.038229 0.029305 0.027152 0.047725 0.012544 0.02721 0.010249 0.046495 0.048083 0.061844 0.038961 0.05624 0.065168 0.071268 0.06487 0.045552 0.034694 0.032196 0.063328 0.043137 0.030855 0.059289 0.032672 0.012198 0.0037892 0.024639 0.014122 0.029873 0.014233 0.0035233 0.028624 0.017351 0.015674 0.015948 0.036808 0.024251 0.029713 0.018693 0.040439 0.017546 0.016908 0.0035937 0.021874 0.040226 0.010143 0.0076012 0.033598 0.026563 0.026358 0.034113 0.031744 0.0090779 -0.012915 0.0016728 0.013596 0.028493 0.0082299 0.040148 0.021602 0.018326 -0.0038786 0.0058643 0.039373 -0.0018515 0.0028005 -0.00041676 0.026023 0.019491 -0.0091239 0.0098659 0.024258 0.027057 0.060241 0.033134 0.058802 0.038893 -0.0044908 0.04101 0.051171 0.020464 0.032102 0.026644 0.010463 0.019338 0.046956 0.049451 0.044834 0.03071 0.041567 0.046703 0.0225 0.0039355 0.014636 -0.016751 0.012704 0.021196 0.0085177 0.020148 -0.012151 0.019876 0.030954 -0.00011725 0.023914 -0.0057088 0.0087393 0.040124 0.02305 0.0171 -0.0065512 -0.011202 9.8338e-06 0.01138 0.015318 -0.0097752 0.027433 0.0013019 0.01645 0.0020129 -0.01205 0.013786 -0.004578 0.01974 0.0024835 -0.014633 0.01143 0.016633 0.020007 0.012498 -0.00055857 0.023024 -0.013157 -0.025592 0.017623 0.0024443 0.025584 0.028143 0.00068512 0.021352 0.0058084 0.011478 0.0070998 -0.025537 -0.0021066 0.014897 0.0017383 0.01188 0.023264 0.0093671 0.011239 -0.0042211 0.0059165 0.049982 0.020621 0.0089885 -0.010324 -0.0053741 -0.014883 0.015522 0.011461 -0.024795 -0.026804 -0.008765 0.012375 0.0072399 0.020842 -0.011541 -0.0097865 0.03264 0.014306 0.000212 -0.0080648 0.025612 0.021735 0.0090873 0.0037555 -0.00024405 -0.01867 -0.020925 -0.0026061 0.0036758 -0.014516 -0.013005 0.040747 0.022642 -0.0024815 0.0098055 -0.0066037 0.0044557 -0.013959 0.020445 -0.0029507 0.0092461 -0.0080385 -0.019589 -0.010403 -0.0092586 0.0007185 -0.013999 0.0025123 0.032342 0.014103 0.018307 0.012179 0.013885 0.00821 0.016551 0.020473 -0.019874 0.0010543 0.0081533 0.024275 -0.0024506 0.015888 -0.011943 0.0071353 0.018787 -0.00036058 0.0082004 0.013504 -0.003763 0.0074248
0.0068341 0.0074186 -0.012414 0.0043418 0.00017559 -0.00037993 0.030232 -0.01055 0.02084 0.02932 0.0036661 0.0074697 0.0098912 -0.00027841 0.020062 -0.011801 -0.017692 0.018843 0.0068878 0.031319 -0.026886 0.012619 -0.0016921 0.038174 0.012561 0.037648 0.010734 -0.0012475 0.04522 0.040066 0.0074506 -0.02581 0.021545 0.0049607 0.018414 0.020779 0.017924 0.011812 0.024063 0.058385 0.007962 0.078082 0.02376 0.032387 0.0059608 0.0295 0.025233 0.027145 0.02762 0.0078617 0.042905 0.013865 0.013808 0.038684 0.039391 0.019581 0.042999 0.029106 0.020159 0.052007 0.065407 0.031869 0.045103 0.027526 0.059337 0.04085 0.016015 0.034681 0.031377 0.045623 0.032781 0.01565 0.027938 0.022112 0.018388 0.056515 0.039436 0.044135 0.046097 0.037082 0.077547 0.038511 0.064172 0.054109 0.079887 0.11236 0.07779 0.080611 0.071172 0.052927 0.070365 0.062446 0.033693 0.075293 0.047129 0.048475 0.083389 0.075944 0.079819 0.04882 0.064493 0.063334 0.089018 0.098607 0.050563 0.054397 0.10373 0.069205 0.060167 0.033186 0.025538 0.085725 0.020161 0.060414 0.093523 0.083106 0.087131 0.022416 0.043155 0.075749 0.05083 0.044406 0.055471 0.055995 0.029079 0.01966 0.064132 0.03069 0.044515 0.095479 0.017983 0.036901 0.057876 0.010588 0.061261 0.018151 0.063008 0.060212 0.031417 0.04473 0.044251 0.058093 0.059759 0.039435 0.065163 0.039817 0.053227 0.041454 0.069676 0.052088 0.061284 0.06154 0.03148 0.037165 0.019869 0.035618 0.015064 0.047569 0.068602 0.026433 0.030497 0.079919 0.057789 0.054924 0.041019 0.0067676 0.060635 0.017007 0.033785 0.046083 0.027757 0.063877 0.03338 0.023983 0.0057177 0.030987 0.035747 0.071721 0.032838 0.03903 0.041629 0.05805 0.054441 0.041889 0.058327 0.061696 0.06144 0.059613 0.033007 0.082393 0.03876 0.095764 0.1125 0.058297 0.089421 0.070903 0.062906 0.067611 0.069729 0.060151 0.029428 0.047646 0.065357 0.026118 0.048987 0.052542 -0.0030226 0.036087 0.060542 0.044181 0.035216 0.032914 0.035732 0.011187 0.022196 -0.0046882 0.0282 0.020952 0.050532 0.06605 0.029372 0.068848 0.072747 0.083951 0.10232 0.06316 0.10343 0.051112 0.03659 0.054079 0.05733 0.039462 0.047874 0.047428 0.022828 0.026107 0.020564 0.0066938 -0.0062109 0.017714 0.032907 0.013155 0.045016 0.044338 0.0062221 0.029934 -0.01877 0.028882 0.0080842 0.021476 0.036683 0.0029654 0.030501 0.022984 -0.0086624 0.016409 -0.0059132 0.027424 0.037024 -0.0059512 0.047893 0.034511 0.007821 0.0062725 0.045914 0.045373 0.0060272 0.026934 0.0058763 -0.0063005 0.046747 0.026428 0.013748 -0.024555 0.036652 0.0076661 0.010045 0.0075996 0.00031143 0.0218 0.011392 0.021255 -0.0059909 -0.0063405 0.010226 0.015681 -0.002865 0.03796 -0.0054819 0.028785 -0.0026716 0.039604 0.019239 0.0035504 0.018502 -0.0018241 0.018692 0.048682 0.052861 -0.0097901 0.040353 0.028411 0.039968 0.06105 0.044432 0.013806 -0.0043365 0.017307 -0.02663 0.032478 0.031681 0.062611 0.019871 0.054145 0.0017994 0.018422 0.046261 -0.0097669 0.033119 0.024579 0.053639 0.024222 0.019518 0.060135 0.045872 0.015038 -0.012775 0.03851 0.053384 0.041428 0.065657 0.078156 0.04732 0.016321 0.018553 0.032469 0.0017114 0.058305 0.077018 0.024994 0.021262 0.00089266 0.018599 0.018352 0.031152 0.032565 0.011785 0.025355 0.0073017 0.05195 0.043013 0.078272 0.030625 0.056553 0.038806 0.062648 0.02869 0.0028362 0.03674 0.045951 0.080799 0.047482 0.05334 0.035006 0.045227 0.074059 0.038698 0.066902 0.025288 0.04239 0.077094 0.04507 0.071647 0.090089 0.078715 0.045066 0.053461 0.083669 0.057783 0.08938 0.058732 0.022806 0.036847 0.049049 0.044893 0.041125 0.033921 0.050114 0.023976 0.025002 0.058745 0.036198 0.029623 0.026752 0.03382 0.026094 0.034659 0.029037 0.038137 0.036096 0.024038 0.022497 0.032731 0.0078444 0.02224 0.070482 0.017557 0.012003 0.019849 0.040761 0.021756 0.022264 0.023091 0.016071 0.0018359 0.0093382 0.030592 -0.030847 -0.011544 -0.0012733 0.027334 0.01176 0.0030922 0.043599 0.011961 0.030699 0.053046 0.045265 0.017573 -0.00040342 0.027048 0.032001 0.021367 -0.0033679 -0.0033222 -0.0017698 0.0065835 -0.0044624 0.0055593 -0.0077011 0.016559 0.0084491 -0.027747 -0.0048155 -0.00095761 0.01237 0.010794 -0.030327 -0.0086873 -0.031284 0.021249 0.011732 -0.018465 -0.018784 -0.019683 0.018657 0.036852 0.0056229 0.022286 0.01773 0.024648 0.013741 -0.034606 -0.012721 0.033915 0.004747 0.045862 0.016689 0.052168 0.046994 0.051523 0.027937 0.021526 0.056082 0.017455 0.016206 0.015757 0.047715 0.040935 0.048798 0.04483 0.053633 0.065882 0.08362 0.064096 0.032556 0.018909 0.010599 0.045818 0.036329 0.02379 0.049009 0.017606 -0.010039 -0.0084123 0.01373 0.0092581 0.024056 0.0082271 -0.0080428 0.022308 0.016574 0.014097 0.020313 0.027506 0.011178 0.017506 0.023363 0.05035 0.014472 0.01393 -0.010143 0.017979 0.035355 0.0037608 0.011103 0.027471 0.033801 0.030825 0.039515 0.038127 0.019884 -0.014959 -0.0084384 -0.0087476 0.033053 -0.0022081 0.047759 0.022135 0.011521 -0.003335 -0.0052387 0.030943 -0.0079718 0.0074847 -0.00079425 0.020143 0.020476 -0.011227 0.010414 0.026256 0.021266 0.054461 0.037254 0.064021 0.051867 -0.010972 0.04003 0.040721 7.547e-05 0.015129 0.030971 -0.0048141 0.0074529 0.050974 0.053061 0.044934 0.028307 0.029375 0.040567 0.018323 -0.0025409 0.0073349 -0.011785 0.008706 0.030655 -0.0018283 0.013693 -0.022674 0.02044 0.034277 -0.005628 0.022447 -0.03422 0.012341 0.04904 0.009078 0.012786 -0.011213 -0.016047 -0.0040599 -0.0063236 0.0022854 -0.0095842 0.027938 -0.0082355 0.0090735 0.0033839 -0.017206 0.01732 -0.0078496 0.031382 0.016263 -0.016867 9.6301e-06 0.0075994 0.015523 0.019532 -0.0018145 0.017194 -0.01975 -0.03122 0.0077795 -0.0029663 0.022775 0.033302 -0.0078614 0.0093984 -0.0070177 0.014934 0.0036264 -0.025538 -0.0086786 0.023884 -0.0011351 0.023033 0.012912 -0.010663 0.015763 -0.0059318 0.01801 0.054439 0.021551 -0.0013031 -0.019146 -0.012819 -0.020966 0.015619 0.02279 -0.025614 -0.028733 -0.0089693 0.0029965 -0.00023208 0.018571 -0.016786 -0.013282 0.032795 0.016423 -0.0063938 -0.010636 0.02446 0.022654 0.011618 0.00087764 -0.0027509 -0.01471 -0.016843 0.0021373 0.012644 -0.011378 -0.024924 0.051156 0.0037881 -0.0050097 0.01348 -0.010467 -0.00042531 -0.024235 0.0033746 -0.0051371 -0.0019947 -0.013712 -0.017228 -0.016725 -0.0019756 -0.0015171 -0.026466 0.0076836 0.034892 0.02318 0.02179 0.0075217 0.020426 -0.0054109 0.0074763 0.014722 -0.018227 -0.0051761 1.0364e-05 0.01714 -0.0070554 0.0014507 -0.019626 0.0044918 0.022498 -0.013649 0.011 0.016053 -0.022273 0.0092963 -0.017403
-0.0033853 0.0037151 0.007141 -0.0027331 -0.011302 0.041214 -0.01237 0.020956 0.02689 0.012845 -0.0083 0.0056914 -0.00031225 0.037863 0.0038863 -0.016077 0.0037742 0.013687 0.011725 -0.040382 0.016769 -0.0027146 0.042182 0.01544 0.045829 0.021283 -0.010303 0.068177 0.050854 -0.011704 -0.013984 0.023764 0.010146 0.010291 0.024009 0.012229 0.01479 0.033704 0.069153 0.010118 0.08671 0.034401 0.043179 -0.011066 0.030606 0.010692 0.03907 0.051982 0.016709 0.04737 0.031167 0.016913 0.035888 0.0457 0.021274 0.044057 0.029529 0.030695 0.057814 0.060763 0.039402 0.036006 0.036306 0.073838 0.04339 -0.0033026 0.034737 0.030986 0.040113 0.037671 0.020799 0.033683 0.023242 0.013196 0.081647 0.043725 0.053607 0.048621 0.027135 0.10357 0.03389 0.063832 0.063189 0.07367 0.11018 0.062692 0.083344 0.073914 0.04508 0.067573 0.057112 0.025758 0.099314 0.049693 0.049133 0.092354 0.069393 0.072614 0.043011 0.062004 0.069525 0.09437 0.092267 0.052289 0.043233 0.11907 0.07489 0.075238 0.01351 0.012194 0.078995 -0.013373 0.038435 0.11608 0.072779 0.083799 -0.010147 0.023773 0.057966 0.044773 0.035624 0.045688 0.04454 0.018017 0.0044672 0.058378 0.01836 0.049744 0.1171 -0.0046516 0.043612 0.054534 -0.014396 0.043971 0.011422 0.063417 0.057005 0.022356 0.039027 0.053641 0.056593 0.05549 0.022347 0.061216 0.03838 0.048144 0.031689 0.070291 0.036022 0.062527 0.068329 0.027971 0.042595 0.0090316 0.034392 -0.0031463 0.052403 0.077048 0.025114 0.021812 0.090534 0.051838 0.040878 0.0092209 -0.019352 0.053433 -0.00084174 0.032842 0.037716 0.027517 0.052692 0.019208 0.025287 -0.0053722 0.026001 0.029887 0.081942 0.024706 0.045628 0.050329 0.061805 0.053395 0.033195 0.054596 0.074583 0.060007 0.054774 0.01743 0.087417 0.021383 0.093287 0.12006 0.047479 0.081064 0.055774 0.056157 0.040017 0.062316 0.063341 0.012847 0.03248 0.054933 0.015599 0.055283 0.041759 -0.025735 0.018601 0.06108 0.036385 0.042227 0.050669 0.038834 0.017636 0.031645 -0.010296 0.041327 0.020331 0.047875 0.086136 0.03098 0.054268 0.06786 0.054541 0.084302 0.041633 0.086018 0.027849 0.0063313 0.025834 0.039515 0.019127 0.038098 0.055716 0.024847 0.0084904 0.0024419 -0.0046063 -0.029544 0.02792 0.016838 0.011552 0.031125 0.043634 0.0010168 0.02324 -0.02394 0.031957 -0.005923 0.022474 0.050424 0.006493 0.038566 0.012798 -0.0090427 0.020121 0.011764 0.0085941 0.057205 -0.013283 0.059534 0.026052 0.0043287 -0.0084911 0.055057 0.041135 -0.0059306 0.026646 0.0036018 -0.011107 0.051238 0.010284 0.018984 -0.020613 0.02047 0.0033926 0.0007969 0.0032117 -0.014729 0.019835 0.0021783 0.037593 -0.01714 0.003934 0.0087293 -0.0033146 -0.013057 0.028465 -0.010175 0.022417 0.0049039 0.031204 0.023725 -0.0077828 0.0084083 -0.023097 0.0045823 0.061801 0.068976 -0.0090487 0.037221 0.005753 0.022061 0.064197 0.058839 0.02409 0.011012 0.0097275 -0.039789 0.047328 0.021936 0.059731 0.011729 0.060981 -0.0024088 0.013484 0.047125 -0.022583 0.024793 0.035487 0.031945 0.010689 0.020285 0.06092 0.034274 -0.0051054 -0.042725 0.04888 0.060392 0.034408 0.055147 0.084106 0.05758 -0.013501 -0.0089977 0.027298 -0.00057738 0.054559 0.071081 0.01011 0.016759 1.6267e-05 0.022841 0.0030106 0.019402 0.05162 -0.0099325 0.030296 -0.0031198 0.042393 0.042057 0.10097 0.016692 0.0447 0.026011 0.06757 0.0060702 0.017084 0.05704 0.031479 0.088876 0.032472 0.026064 0.027409 0.039604 0.070622 0.038203 0.061784 0.0098116 0.029823 0.088742 0.022262 0.075958 0.091311 0.087682 0.026042 0.020058 0.067723 0.041883 0.075264 0.041546 0.0036862 0.0068318 0.039026 0.030778 0.024884 0.015375 0.032213 0.021993 0.025558 0.060747 0.035733 0.030128 0.030169 0.013333 0.010377 0.037647 0.026022 0.050088 0.018847 0.044309 0.019992 0.03134 0.0087507 0.029127 0.083638 0.00027328 0.011802 0.01581 0.050684 0.028347 0.013292 0.010074 -8.2408e-05 -0.018892 0.0023836 0.040245 -0.055491 -0.014377 -0.017875 0.026415 -0.0031855 0.0055122 0.050035 0.004098 0.025477 0.055083 0.030424 -0.0055184 -0.018388 0.016782 0.017578 0.028642 -0.0043342 -0.016798 0.0086351 0.0046059 -0.012201 0.00035903 0.0050746 0.0046212 -0.01258 -0.047578 0.0075032 0.00051586 0.014077 0.020739 -0.039914 -0.0050433 -0.028475 0.027384 -0.0092502 -0.0023624 -0.045277 -0.021404 0.031645 0.038619 0.0086124 0.041937 -0.001007 0.03699 0.0049188 -0.045151 -0.028318 0.046814 0.0040695 0.039929 0.019338 0.064026 0.036338 0.067901 0.017654 0.0076464 0.048587 0.026893 0.0020503 0.019694 0.047462 0.021661 0.031426 0.054313 0.048963 0.06369 0.094963 0.051226 0.013651 0.00010835 -0.011714 0.020031 0.026381 0.01082 0.029651 -0.001627 -0.035112 -0.013526 0.0012882 0.0073734 0.020093 0.0020409 -0.014361 0.020114 0.014189 0.016248 0.021225 0.0092283 -0.00073054 -0.00059703 0.032856 0.054789 0.01371 0.0068438 -0.020866 0.017515 0.022286 0.0069909 0.0090106 0.013277 0.03794 0.034161 0.038327 0.030992 0.042934 -0.012558 -0.023997 -0.03435 0.032564 -0.0051831 0.049779 0.028515 -0.0022695 0.0043431 -0.016333 0.018442 -0.010909 0.0084936 0.00026736 0.0088863 0.023533 -0.017015 0.013755 0.031614 0.0075604 0.047918 0.036626 0.063123 0.063016 -0.015983 0.036524 0.025973 -0.026456 -0.0035939 0.038462 -0.021966 -0.0049593 0.037656 0.049719 0.041597 0.024339 0.015645 0.027055 0.013773 -0.0010198 0.0025252 0.0095589 0.00089081 0.040852 -0.00026184 0.0045193 -0.03338 0.028845 0.034707 -0.013032 0.024837 -0.059644 0.018857 0.047437 -0.010573 0.011495 -0.010982 -0.020422 0.0015611 -0.025138 -0.014576 -0.004128 0.028556 -0.015824 -0.0081517 0.01242 -0.029944 0.016039 -0.0099674 0.035975 0.034962 -0.017213 -0.014914 -0.0084606 0.010363 0.032517 -0.0030004 0.017479 -0.022984 -0.028126 0.0015129 -0.0020247 0.020334 0.04365 -0.014936 -0.014212 -0.023025 0.019137 -0.016954 -0.017579 -0.010065 0.04099 0.00032873 0.028343 -0.0072365 -0.028868 0.010389 -0.0028094 0.04031 0.049349 0.019829 -0.0068085 -0.015595 -0.025031 -0.024738 0.012771 0.03643 -0.017685 -0.033788 -0.012 -0.012571 -0.0060928 0.002006 -0.018085 -0.026014 0.028635 0.013663 -0.01135 -0.0049567 0.017333 0.015064 0.018993 0.0021656 -0.0094949 0.0021739 -0.0096468 0.017561 0.014619 -0.0035326 -0.036619 0.056573 -0.021942 7.8124e-05 0.019754 -0.015652 -0.0070165 -0.02867 -0.011393 -0.0040457 -0.014794 -0.015047 -0.022056 -0.019211 0.0055642 -0.0023825 -0.036436 0.0083216 0.039339 0.028111 0.031447 -0.0030319 0.030948 -0.018679 -0.006062 0.004901 -0.01116 -0.014709 -0.0056447 0.011396 -0.012937 -0.016315 -0.027965 -0.00034616 0.025054 -0.03637 0.012276 0.011305 -0.047651 0.020466 -0.013029 0.023634
0.013163 0.058638 0.0016048 0.041089 -0.013349 0.024976 0.0091888 -0.0051433 -0.013003 -0.050985 0.023651 0.0074336 0.024914 0.017659 -0.028209 -0.012857 0.026081 -0.0083008 0.030374 0.0081947 0.037199 -0.0020908 0.020419 0.00096447 -0.011205 0.03438 0.028499 0.052627 -0.0093503 0.047817 -0.016939 0.019634 -0.029075 -0.011119 0.0033675 0.029706 -0.051226 -0.01268 0.026583 0.01157 0.010249 -0.020935 -0.015616 0.00065051 0.003673 0.0040927 0.045627 -0.011316 0.016118 0.0057992 0.017196 0.029642 0.03282 -0.011717 0.033848 0.04168 -0.008475 0.025632 0.05101 0.010257 0.0037428 -0.010086 0.011015 0.018101 0.030001 0.0059916 0.0396 0.0040066 0.015552 0.015637 0.0038713 0.020653 -0.027049 0.028001 -0.0049252 0.024463 0.029405 0.018379 -0.0022238 -0.022638 0.022885 0.019588 0.05136 0.0090459 0.027969 0.01093 0.0081327 0.040527 0.011692 0.030836 0.040188 0.055836 0.045572 0.049436 0.069695 0.056194 0.035725 0.020803 0.035046 0.047079 0.01566 0.04493 0.043695 0.044901 0.03344 0.029078 0.027454 0.023671 -0.0089835 -0.0030099 0.036825 0.023617 0.0061586 0.047484 0.064115 0.046659 0.07557 0.025983 0.063557 0.022166 0.061197 0.022761 -0.0051319 0.025472 0.046659 0.018639 0.092136 -0.013128 -0.020545 0.03832 0.026502 0.047995 0.024098 0.021 0.031859 0.043873 0.021545 0.0503 0.010973 0.036141 0.033868 0.067243 0.012683 0.022765 0.046482 0.014779 0.052572 0.052828 0.040555 0.038591 0.045786 0.03007 0.058682 0.026446 0.074064 0.035466 0.011404 0.042754 0.012967 0.040465 0.012797 0.058395 0.026776 0.077594 0.045449 0.023541 0.041325 0.048133 0.025932 0.024104 0.040639 0.019649 0.046938 0.023802 -0.012051 0.021733 0.034922 0.053474 -0.0050111 0.053288 0.020959 0.023483 -0.0010514 0.0016759 -0.0046694 0.018258 0.016651 0.0094712 0.012784 0.025393 0.033687 0.026 0.054276 0.065361 0.010973 0.019802 0.024902 0.062664 0.084226 0.083469 0.04059 0.050002 0.046124 0.080224 0.056404 0.063522 0.037263 0.011961 -0.011524 0.031119 0.018961 0.054128 0.061377 0.006232 -0.014559 0.022675 0.00095246 0.030947 0.021792 0.0060633 -0.020142 0.014824 0.018114 -0.0071394 0.050223 0.050025 0.10438 0.069448 0.049752 0.062984 0.1089 0.087801 0.086281 0.068052 0.072736 0.08938 0.038388 0.020523 0.069597 0.082665 0.0611 0.027417 0.059118 0.019935 0.046597 0.0515 -0.00095721 0.030735 0.012915 0.029943 0.061329 -0.038898 0.0030818 0.031709 -0.014934 -0.0026159 0.014397 0.019343 0.023871 0.0052854 0.029915 0.030686 0.03474 0.0010476 0.038972 -0.015109 -0.0046808 -0.0015528 -0.010408 0.0036795 0.032458 -0.0070209 0.027021 0.012542 0.044865 -0.00088188 0.000264 0.030543 -0.018172 0.026735 0.063767 0.035699 0.018807 0.02359 0.022697 0.028857 0.010131 0.021908 0.0070849 0.012814 0.036526 0.022133 0.025426 0.01587 0.027663 0.0071144 0.054087 0.011147 0.010648 0.045589 -0.007228 -0.024034 -0.00015629 0.00021331 0.021439 0.02259 0.033736 0.025434 0.021955 0.061535 0.039519 -0.0023492 0.029898 0.052241 0.045349 -0.0234 0.00054551 -0.033513 0.05829 0.019122 0.05777 0.0091977 0.011325 0.035064 0.0085595 0.030854 0.032923 0.013391 -0.020681 0.032476 0.034856 0.017362 0.012468 0.054587 0.051607 0.047324 0.059212 0.054177 0.028215 0.050217 0.058745 0.055011 0.067319 0.064954 0.055079 0.050014 0.047835 0.037176 -0.00042955 0.0095709 0.049274 -0.0072246 0.03792 0.058158 0.040096 0.021322 0.035443 0.037062 0.020477 -0.012468 0.03568 0.040898 0.016093 0.024104 0.024019 0.041106 0.039991 0.038492 0.073736 0.038078 0.058036 0.047893 0.04258 0.036182 0.018361 0.059635 0.063376 0.023411 0.067421 0.027388 0.10859 0.11322 0.11663 0.12239 0.093362 0.082103 0.085017 0.061409 0.055583 0.10867 0.083012 0.084082 0.05088 0.057109 0.026585 0.054952 0.074898 0.080449 0.060938 0.034183 0.026306 0.082772 0.032623 0.037393 0.048516 0.029598 0.039615 0.053355 0.076644 0.019684 0.083893 0.029913 0.064845 0.075723 0.0058681 0.065363 0.020922 0.028549 0.035925 0.0053656 0.02745 0.0072037 0.018528 0.046486 0.030922 0.042659 0.038806 0.049872 0.0021801 0.0045824 -0.011911 0.0060555 0.02926 0.020453 0.080925 0.0090946 0.090079 0.018732 0.061482 0.0045619 0.040018 0.0084398 0.046682 0.043342 0.0261 0.066442 -0.0093099 0.012915 0.043057 0.0073824 0.019746 0.03667 0.011597 0.037298 -0.002427 -0.0023525 0.045942 0.021098 -0.0037724 -0.0012009 -0.031739 0.0095927 -0.02458 0.0029656 0.015998 0.01804 0.013186 -0.018389 0.016254 0.026275 -0.035804 0.028408 0.023114 0.025925 0.0050846 0.0036486 0.007451 0.023446 0.026911 0.0060526 0.018014 0.029677 0.0445 0.070722 0.067389 0.10149 0.039267 0.019463 0.042228 0.043794 0.034531 0.068661 0.044914 0.037543 0.038932 0.020678 0.074308 0.033528 0.027644 0.047295 0.016587 0.035668 0.062683 0.018769 0.045334 0.03646 -0.005254 0.044291 0.027295 0.022287 0.03255 0.019614 0.0072304 0.023239 0.025396 0.019193 0.081225 0.053174 0.032235 0.034978 0.034439 0.01236 0.031919 0.010643 0.013179 0.026864 -0.0052469 0.043545 0.00711 -0.037674 -0.00033867 0.023187 0.0027973 0.020373 0.0073436 0.017791 0.03831 -0.0003803 0.026355 0.010378 0.04496 0.044936 0.017231 0.0076464 0.051637 0.01108 0.059823 0.024649 0.034162 0.023409 0.048771 0.049117 0.081307 0.041786 0.04649 0.039311 0.043356 0.028278 0.018238 0.032139 0.052127 0.035404 0.055924 0.056944 0.029146 0.044896 0.021703 0.041855 0.035519 0.06111 0.0062992 0.014941 0.03761 0.039576 0.064997 0.028032 0.0014044 0.014291 0.022598 0.037165 0.0011645 -0.0084808 0.023679 0.035076 0.035105 0.044325 0.040969 0.0060428 -0.0081508 -0.0081444 0.055005 0.037422 0.034668 0.010505 0.00057934 -0.013726 0.019725 0.059323 0.024446 0.042658 0.032918 0.017273 0.0095451 0.032776 -0.004366 0.013249 -0.0031769 0.069993 0.052512 0.037164 -0.01287 0.033846 0.0097752 -0.0088837 0.02718 0.016856 0.024938 0.024156 -0.037823 0.043323 0.030636 0.06313 0.032981 -0.012795 0.034178 -0.0026164 -0.011202 0.030256 0.04857 0.034116 0.016332 0.039806 0.0093999 0.012886 0.026372 0.030885 0.0073861 -0.010948 0.022496 0.017174 0.016377 -0.01172 0.028598 0.016915 0.046683 -0.0091471 -0.040444 0.030966 0.0069844 0.0027217 0.0070165 0.017326 -0.00026515 0.0091225 0.016761 0.0099411 0.0010312 -0.010254 -0.0047502 -0.0074921 0.052966 0.010737 0.026999 0.013585 0.014562 0.023433 0.033111 -0.0040495 0.0072332 -0.0011493 -0.011484 0.037894 0.025313 -0.0034051 0.029184 0.0043855 0.0069041 0.017123 0.00056891 0.019147 -0.016964 -0.01302 0.03416 0.017827 0.035 0.021798 0.010033 0.029434 0.021441 0.028311 0.00074109 0.031714
0.011946 0.0361 0.0098555 0.032432 -0.00082544 0.029803 0.0050914 -0.0071272 -0.016132 -0.0428 0.016441 0.013398 0.0225 0.012678 -0.023584 -0.0094872 0.026204 -0.010421 0.022247 -0.00021532 0.035257 -0.0027862 0.03606 0.028303 0.007257 0.040598 0.04027 0.061549 0.015804 0.042141 -0.0065729 0.0049096 -0.022763 -0.014831 0.0081207 0.022394 -0.055352 -0.007023 0.012023 0.0011417 0.0079755 -0.022698 -0.019618 -0.0082964 0.0082011 0.0036882 0.047825 -0.0044465 0.024222 0.019607 0.024025 0.03317 0.026909 -0.015158 0.027903 0.051242 0.0059867 0.02387 0.05196 -0.0039285 0.027417 -0.015389 0.012331 0.0051335 0.044198 0.013987 0.02803 0.021711 0.010479 0.012522 0.016425 0.028498 -0.0036444 0.020421 0.0035787 0.018481 0.033747 0.018655 -0.001077 -0.0081375 0.022083 0.014927 0.053871 0.0060405 0.018176 0.018216 0.0071933 0.043191 0.031102 0.032607 0.048242 0.061224 0.054025 0.065024 0.06798 0.064935 0.034616 0.036262 0.044615 0.049398 0.022255 0.040059 0.0296 0.044959 0.022478 0.020819 0.052335 0.032138 -0.012842 0.0072275 0.031293 0.031767 0.017854 0.053441 0.057224 0.044935 0.079571 0.046854 0.058923 0.035824 0.078688 0.029709 -0.013675 0.035022 0.048399 0.016448 0.080329 -0.00096001 -0.023514 0.04452 0.024576 0.023644 0.022417 0.0033493 0.02733 0.054708 0.017151 0.048826 0.015442 0.035423 0.040522 0.058033 0.0065382 0.019646 0.037453 0.020689 0.06538 0.049891 0.047004 0.056325 0.051139 0.026334 0.056698 0.03512 0.068462 0.0373 0.0063893 0.044807 0.030213 0.050877 0.013058 0.051394 0.023304 0.082396 0.035837 0.050636 0.055924 0.051576 0.036279 0.051467 0.0439 0.024443 0.040173 0.041567 0.0030164 0.018538 0.022515 0.051438 0.0056699 0.042269 0.02106 0.029361 0.0035768 0.024132 -0.00048032 0.023554 0.027542 0.012717 0.022082 0.042111 0.031121 0.029856 0.059099 0.055009 0.015946 0.029646 0.048038 0.082489 0.084925 0.09023 0.055409 0.057723 0.053403 0.071846 0.05448 0.083622 0.052779 0.028406 0.0089434 0.035502 0.032081 0.044115 0.049885 0.0059175 -0.012753 0.029307 0.0077005 0.029048 0.012948 0.0073298 -0.0094689 0.023128 0.041185 0.0086513 0.054637 0.068371 0.111 0.079628 0.068313 0.066443 0.10555 0.090565 0.09047 0.073618 0.083333 0.088967 0.039548 0.043226 0.070695 0.065305 0.056122 0.033316 0.055814 0.033031 0.039444 0.043746 0.0089075 0.026628 0.011329 0.02732 0.046476 -0.02688 0.0078374 0.033065 -0.00020857 0.0050145 0.029826 0.017723 0.015966 0.017154 0.017782 0.01403 0.0084871 0.0040233 0.037025 -0.01104 -0.011698 0.0020086 -0.018717 -0.0019446 0.030393 0.00054901 0.013725 0.0077189 0.039407 0.018284 -0.00073141 0.031243 -0.017152 0.034639 0.059827 0.029893 0.024527 0.036472 0.024428 0.047658 0.016307 0.036292 0.0053484 0.01211 0.044712 0.024688 0.021294 0.0079724 0.017468 0.010466 0.033452 0.010191 0.0078192 0.038177 -0.0039149 -0.023688 -4.3136e-05 0.0043639 0.023042 0.018522 0.014963 0.042902 0.017538 0.042747 0.055011 0.010019 0.023469 0.053527 0.049801 -0.0074703 0.013519 -0.01883 0.0447 0.014878 0.061793 0.012678 0.019078 0.038905 0.010184 0.026171 0.032504 0.017165 -0.012105 0.040989 0.028485 0.02514 0.026729 0.057971 0.055756 0.051404 0.066893 0.062271 0.038743 0.067205 0.061871 0.066942 0.048466 0.055203 0.055684 0.048054 0.048131 0.043147 0.0070332 0.01258 0.039427 -0.0037812 0.038615 0.054073 0.048068 0.025688 0.034067 0.040951 0.028804 0.013957 0.040569 0.025389 0.028064 0.03402 0.035136 0.046033 0.048309 0.038558 0.074272 0.04725 0.042727 0.050675 0.039867 0.022578 0.01674 0.059668 0.069192 0.021489 0.071082 0.041087 0.10371 0.1147 0.098248 0.11456 0.10464 0.085871 0.10075 0.070557 0.041414 0.094553 0.087037 0.07741 0.064904 0.065403 0.046609 0.053892 0.069167 0.076368 0.052526 0.043162 0.026837 0.074235 0.038104 0.04422 0.046721 0.033148 0.035243 0.050379 0.068611 0.0011946 0.084849 0.034661 0.061072 0.061259 0.014527 0.046268 0.0305 0.025908 0.043862 0.017197 0.033374 0.0082129 0.015124 0.035072 0.0317 0.055864 0.032944 0.025923 0.0043232 0.013839 0.0090503 0.016889 0.021842 0.032885 0.069343 0.012251 0.076528 0.030067 0.055031 0.011513 0.027542 0.015498 0.056116 0.036714 0.012818 0.060609 -0.0022294 0.022492 0.049227 0.015893 0.016536 0.030534 0.021065 0.024273 0.0060915 -0.0044432 0.043807 0.014414 0.0056975 0.0078296 -0.013699 0.01173 -0.0059543 -0.01218 0.022523 0.0077108 0.015728 -0.011262 0.0038226 0.028873 -0.0083896 0.021017 0.023415 0.021281 0.016653 0.014861 0.005823 0.010533 0.011302 0.026001 0.0311 0.013245 0.030137 0.06162 0.06072 0.09703 0.03293 0.032356 0.040697 0.03133 0.021886 0.065856 0.045262 0.031623 0.039626 0.030178 0.058089 0.026539 0.016259 0.037442 0.028638 0.045193 0.038833 0.022215 0.032465 0.027597 0.0085625 0.04626 0.028183 0.024236 0.042648 0.022169 0.010914 0.028619 0.029823 0.017409 0.073214 0.041931 0.03406 0.018841 0.047266 0.015987 0.026967 0.014213 0.015435 0.023846 0.00081638 0.030865 0.0031697 -0.014887 0.0015977 0.028812 0.019665 0.017649 0.0089982 0.021626 0.041517 -0.0053004 0.024476 0.01327 0.042623 0.045911 0.027319 0.0042882 0.059571 0.020521 0.040055 0.032759 0.035666 0.021044 0.041622 0.047347 0.073196 0.036062 0.047345 0.040361 0.03221 0.040536 0.026023 0.033213 0.050201 0.039876 0.045599 0.047618 0.024472 0.043696 0.028597 0.04745 0.042626 0.056393 0.0059852 0.010199 0.032205 0.035921 0.069095 0.026482 0.0049746 0.010437 0.031831 0.024152 0.0046883 0.021445 0.019238 0.029924 0.031793 0.046453 0.039546 -0.0019003 0.0025167 -0.0044764 0.046202 0.030148 0.037218 0.013524 -0.0069257 -0.0058773 0.032009 0.055139 0.015577 0.04487 0.032793 0.017486 -0.0035492 0.036719 0.01342 0.01233 0.019472 0.051961 0.039505 0.045523 -0.019543 0.027739 0.0027492 -0.0043119 0.017718 0.013118 0.033281 0.023086 -0.031001 0.027363 0.024118 0.060273 0.03497 -0.010778 0.038931 0.01577 -0.0088416 0.040471 0.038211 0.024047 0.01553 0.046381 0.005222 0.01161 0.028351 0.014193 0.014218 -0.00551 0.015099 0.0056794 0.017433 0.0017953 0.040996 0.028126 0.028485 0.0085405 -0.02687 0.029576 0.0059165 0.0030316 -0.010771 0.017077 0.0043596 0.0050137 0.020734 -0.0067699 0.010802 -0.0067144 -0.0031287 0.0058527 0.059082 0.0087155 0.029989 0.01544 0.008278 0.022963 0.014673 -0.0011553 0.0066109 -0.002092 -0.0006465 0.036543 0.016531 -0.0025133 0.028043 0.020353 0.015355 0.019041 -0.0083517 0.0026618 -0.017028 -0.0055432 0.031374 0.028518 0.025517 0.036783 0.003394 0.021831 0.021351 0.015589 0.0015249 0.026955
0.0317 0.010704 0.018379 0.020136 0.025516 0.017176 0.027515 0.00034901 -0.0085556 -0.018829 -0.035741 0.010117 0.010704 0.016523 0.0089988 -0.018214 -0.0090582 0.020871 -0.0053389 0.018407 -0.0095434 0.030524 0.006438 0.03926 0.041804 0.016651 0.044349 0.046498 0.063075 0.032503 0.042793 0.0037923 -0.0049917 -0.012312 -0.014059 0.015702 0.010033 -0.056815 -0.0067092 -0.00011028 -0.0050574 0.0052932 -0.026395 -0.019649 -0.017929 0.0080188 0.0017747 0.031294 -0.0026686 0.031826 0.024573 0.023615 0.038085 0.025385 -0.010095 0.022724 0.049281 0.011942 0.014708 0.050746 -0.012987 0.044139 -0.014022 0.015181 -0.0020924 0.056297 0.018144 0.016546 0.039921 -0.0041205 0.009855 0.023743 0.028189 0.014272 0.012721 0.014509 0.013545 0.032855 0.016984 0.0024738 0.0037376 0.022134 0.010719 0.052679 0.010121 0.015375 0.030006 0.0090907 0.043601 0.049772 0.036151 0.055367 0.063148 0.064969 0.076991 0.06711 0.065133 0.032664 0.048087 0.046625 0.050709 0.025249 0.03225 0.01662 0.038045 0.013942 0.0093299 0.067155 0.038099 -0.00045496 0.017224 0.031253 0.045537 0.029324 0.055069 0.055807 0.044016 0.078374 0.058209 0.060841 0.042422 0.084826 0.028875 -0.0082345 0.03532 0.046045 0.015795 0.063308 0.013958 -0.023236 0.046892 0.022968 0.0092543 0.030036 -0.0015202 0.015968 0.047605 0.023471 0.042368 0.020456 0.032587 0.040376 0.048632 0.009157 0.014651 0.03128 0.023438 0.071405 0.043762 0.046882 0.066015 0.056063 0.02322 0.055958 0.042825 0.059743 0.039087 0.0070261 0.049179 0.047299 0.062406 0.01855 0.049572 0.027696 0.082831 0.023717 0.067455 0.070542 0.060002 0.048805 0.07 0.05014 0.030338 0.039437 0.060776 0.01922 0.016851 0.011456 0.04262 0.015225 0.039655 0.030753 0.042041 0.017416 0.040495 0.0050861 0.029216 0.030671 0.027078 0.031553 0.056019 0.03087 0.027038 0.065223 0.045978 0.022191 0.036401 0.067747 0.097211 0.085195 0.091539 0.071677 0.072616 0.054596 0.06291 0.05408 0.093709 0.06501 0.039197 0.030166 0.035286 0.04125 0.031023 0.038494 0.00036107 -0.013881 0.025926 0.010721 0.027283 0.011807 0.013666 0.0016877 0.035198 0.063135 0.024558 0.050281 0.079103 0.1111 0.084784 0.082143 0.073106 0.095926 0.087885 0.086315 0.07354 0.088128 0.076821 0.039837 0.060191 0.064124 0.047819 0.053168 0.044595 0.054923 0.044655 0.036033 0.035063 0.013019 0.020728 0.01032 0.025119 0.026777 -0.013423 0.010825 0.032971 0.013798 0.016626 0.036513 0.020778 0.0039003 0.020708 0.0065577 0.0042895 -0.0065858 0.0036788 0.025718 -0.0045261 -0.010711 0.0044327 -0.025758 -0.0027574 0.02416 -0.0012332 0.004054 0.0071548 0.031539 0.028996 -0.0039924 0.033699 -0.012087 0.044271 0.049675 0.030246 0.026407 0.047827 0.026829 0.056891 0.023701 0.044581 0.0094184 0.011417 0.044918 0.029619 0.020031 0.0026421 0.0037949 0.01068 0.012922 0.0046779 0.0023471 0.036757 0.0010107 -0.01721 0.000356 0.0055835 0.021272 0.013729 0.0016022 0.045843 0.016489 0.028876 0.058419 0.013598 0.017244 0.060688 0.048323 0.0082945 0.028003 -0.0036823 0.034603 0.015659 0.058548 0.019725 0.021273 0.038459 0.0066859 0.024058 0.024604 0.026352 0.0068455 0.04164 0.020627 0.034144 0.04596 0.061723 0.056836 0.047821 0.064536 0.072542 0.045541 0.076248 0.062422 0.065142 0.037596 0.038487 0.05548 0.043829 0.041604 0.048262 0.018066 0.013281 0.032912 0.0045787 0.033372 0.041988 0.057739 0.027413 0.02759 0.040232 0.037846 0.038492 0.054565 0.020268 0.032627 0.042262 0.050576 0.047151 0.050254 0.037487 0.062225 0.059097 0.02935 0.051386 0.04029 0.016743 0.013275 0.0609 0.076514 0.024245 0.074044 0.057988 0.10473 0.10603 0.085687 0.1051 0.10434 0.082509 0.10433 0.071811 0.029315 0.071595 0.084265 0.064486 0.072067 0.06942 0.066475 0.047225 0.060289 0.067628 0.04025 0.051838 0.031193 0.057111 0.041513 0.044529 0.043144 0.033656 0.033061 0.043756 0.06044 0.0018645 0.076057 0.03404 0.053506 0.047369 0.018542 0.033148 0.03599 0.015757 0.041693 0.025319 0.0392 0.0096178 0.017617 0.027108 0.034504 0.055221 0.031228 0.01042 0.0041976 0.023257 0.02475 0.024629 0.017092 0.034146 0.050914 0.019502 0.054584 0.032216 0.037832 0.013924 0.021115 0.018202 0.054474 0.030977 0.0050304 0.049558 0.0040683 0.030374 0.048811 0.027428 0.012861 0.024943 0.028154 0.0043884 0.015905 -0.0041397 0.036365 0.013119 0.013996 0.018031 0.0071035 0.015037 0.011312 -0.01573 0.024698 0.0059213 0.016657 -0.0011338 -0.0044189 0.028028 0.011297 0.011173 0.025172 0.022348 0.021848 0.023745 0.011091 0.012844 0.0024536 0.036732 0.042755 0.0060482 0.01562 0.055774 0.056777 0.088733 0.030992 0.043151 0.0394 0.024107 0.0188 0.06551 0.044934 0.029929 0.043204 0.039091 0.04324 0.025285 0.019517 0.028007 0.042585 0.047404 0.018059 0.026733 0.024024 0.024324 0.019304 0.045916 0.027381 0.021656 0.051847 0.028734 0.017903 0.032182 0.027571 0.011134 0.057315 0.026969 0.027833 0.011217 0.056136 0.012591 0.029158 0.017634 0.022079 0.022377 0.013612 0.021003 0.0035212 0.0084035 0.0050049 0.032494 0.025186 0.015876 0.012897 0.019855 0.039614 -0.0035304 0.023985 0.014344 0.043135 0.040528 0.033987 0.0029686 0.058213 0.02519 0.028144 0.037819 0.034241 0.02184 0.036009 0.047059 0.059122 0.031129 0.040063 0.040982 0.026975 0.047694 0.030542 0.036614 0.044483 0.039563 0.031812 0.039641 0.02935 0.042633 0.031832 0.046826 0.044891 0.042765 0.0113 0.014243 0.026692 0.029225 0.063139 0.028768 0.010828 0.013572 0.03977 0.014319 0.0061508 0.035168 0.012267 0.027513 0.024496 0.046779 0.030681 -0.0079191 0.0069113 -0.00022078 0.030964 0.015622 0.035074 0.015952 -0.0025373 0.0027491 0.040839 0.049151 0.0083877 0.046173 0.034937 0.02066 -0.0080331 0.036748 0.028004 0.013281 0.033483 0.034081 0.016846 0.042363 -0.019521 0.021217 -0.0014324 -0.0033951 0.01294 0.01859 0.02811 0.025468 -0.020209 0.017628 0.012445 0.057415 0.039662 -0.0069602 0.038027 0.02685 -0.00097761 0.038449 0.023087 0.0089218 0.012701 0.047309 0.0028581 0.013324 0.021266 0.005452 0.018989 0.0073223 0.0096794 -6.2976e-06 0.019746 0.013993 0.048406 0.030111 0.015666 0.015143 -0.011695 0.022296 0.0033677 0.0075491 -0.021899 0.021283 0.0040491 0.0052518 0.020925 -0.013017 0.018221 0.0034175 0.0021478 0.015096 0.059357 0.0044074 0.029102 0.015341 0.0060834 0.019299 -0.0039943 0.003186 0.0064193 0.0015607 0.0096312 0.027395 0.0091037 -0.0015927 0.026945 0.02915 0.013069 0.020447 -0.0068632 -0.0081457 -0.0029721 0.00072068 0.027411 0.035182 0.014366 0.043697 -0.0031431 0.013405 0.017865 0.0059731 0.0044176
0.036089 0.0074775 0.0068717 0.026069 0.018689 0.034439 0.02233 -0.0025241 -0.0070984 -0.022501 -0.028915 0.0075623 0.001073 0.010438 0.0066216 -0.01108 -0.0070199 0.010026 0.0045987 0.015996 -0.018056 0.022947 0.018642 0.030951 0.042991 0.016812 0.045557 0.041975 0.05658 0.037005 0.042758 0.012696 -0.0098853 -0.0011653 -0.0088203 0.025257 -0.0038331 -0.053534 -0.0078348 -0.0065733 -0.0043358 0.00035093 -0.027624 -0.013778 -0.020778 0.008314 -0.0013577 0.0043486 -0.0056766 0.041298 0.021386 0.020675 0.041848 0.026886 -0.0015692 0.018178 0.036304 0.011393 0.0053334 0.048643 -0.015267 0.050737 -0.0068237 0.02166 -0.0036597 0.064862 0.020418 0.011189 0.054581 -0.020974 0.0080093 0.025688 0.024537 0.023226 0.0028942 0.025091 0.011705 0.027981 0.014598 0.004046 0.012567 0.023762 0.0089958 0.051048 0.022812 0.023928 0.042932 0.017326 0.043967 0.063317 0.043621 0.057701 0.062917 0.071845 0.081669 0.069482 0.062014 0.034262 0.05546 0.044981 0.050548 0.027896 0.026547 0.010606 0.032512 0.013599 0.00075456 0.06866 0.042419 0.019841 0.026793 0.038614 0.060783 0.03727 0.05433 0.061349 0.046432 0.072191 0.063881 0.065831 0.04257 0.082915 0.026887 0.0093529 0.030573 0.041626 0.018289 0.047813 0.027008 -0.015838 0.045016 0.021505 0.0072602 0.043266 0.0084077 0.0055557 0.031222 0.03297 0.035889 0.024461 0.032182 0.037661 0.042496 0.020327 0.012188 0.028522 0.025908 0.070156 0.036946 0.041827 0.06787 0.058206 0.023975 0.054444 0.048128 0.050847 0.043214 0.01618 0.053183 0.060904 0.072328 0.029883 0.051862 0.039786 0.080068 0.016215 0.072257 0.083732 0.070452 0.059274 0.077913 0.057474 0.03882 0.04283 0.077394 0.032694 0.018672 0.0073668 0.030003 0.021991 0.044698 0.045118 0.057531 0.036712 0.045879 0.010844 0.032901 0.026424 0.046828 0.04106 0.066011 0.035291 0.025356 0.073169 0.04569 0.028994 0.044035 0.08151 0.10297 0.083147 0.087642 0.086073 0.088391 0.053923 0.059261 0.057126 0.096143 0.071612 0.046165 0.04544 0.028889 0.043727 0.018779 0.027997 -0.0075784 -0.01628 0.015611 0.012826 0.023668 0.017374 0.02589 0.015309 0.052894 0.0823 0.040416 0.047176 0.084778 0.10559 0.089412 0.089532 0.08198 0.082561 0.081432 0.075219 0.071409 0.087215 0.061073 0.039916 0.06639 0.057272 0.037369 0.055763 0.056122 0.055655 0.05207 0.033961 0.026131 0.014458 0.015991 0.010797 0.021083 0.00808 0.00016162 0.008884 0.02974 0.022956 0.030593 0.033799 0.025378 -0.0045851 0.020163 -0.00050176 0.0039949 -0.0075321 0.0062382 0.013451 0.0025588 -0.0044306 0.0056888 -0.026194 0.0033619 0.013907 -0.012684 0.0017378 0.011286 0.022391 0.030848 -0.0054635 0.035574 -0.0038816 0.049743 0.037917 0.032217 0.028103 0.055446 0.027782 0.055488 0.02489 0.043977 0.016671 0.014007 0.035631 0.032774 0.02366 0.0015254 -0.0078505 0.010884 -0.00034113 -0.0033636 -0.0023689 0.041393 0.0092651 -0.005198 0.0022648 0.0053957 0.013303 0.01105 -0.0049642 0.034828 0.018275 0.022297 0.05319 0.012358 0.014159 0.066466 0.04343 0.019069 0.043429 0.0097639 0.035125 0.022284 0.05002 0.02895 0.021394 0.035933 0.0052076 0.023742 0.017812 0.036967 0.029959 0.03557 0.012268 0.043138 0.062542 0.066182 0.053289 0.04453 0.056386 0.081317 0.04537 0.07803 0.058422 0.055369 0.036776 0.020334 0.05225 0.037581 0.034143 0.053081 0.032711 0.010852 0.032192 0.017926 0.026157 0.030333 0.064774 0.025559 0.021324 0.037896 0.048288 0.05531 0.072977 0.020921 0.032263 0.047422 0.06241 0.045406 0.047054 0.039876 0.044582 0.071995 0.021592 0.052965 0.042063 0.021613 0.01553 0.06336 0.084916 0.032469 0.07986 0.072415 0.10704 0.091663 0.077552 0.098025 0.095238 0.075035 0.096655 0.065095 0.021485 0.047452 0.074544 0.048672 0.073611 0.068968 0.079966 0.037327 0.049547 0.058341 0.029316 0.055977 0.038239 0.037077 0.039256 0.039572 0.038655 0.029975 0.033035 0.036164 0.051582 0.015606 0.059218 0.032101 0.046704 0.036467 0.017485 0.026589 0.033625 0.0053162 0.033174 0.028199 0.039907 0.013464 0.022292 0.024734 0.037154 0.045459 0.033287 0.0057511 0.0050989 0.030773 0.031502 0.024678 0.014621 0.023547 0.031493 0.02734 0.031683 0.02364 0.020468 0.013139 0.020096 0.015707 0.043447 0.028567 -0.0013418 0.037281 0.0090997 0.032017 0.041906 0.037772 0.003379 0.021215 0.030172 -0.016192 0.023568 -0.00351 0.026507 0.017738 0.020073 0.025724 0.024561 0.016852 0.022419 -0.011371 0.025966 0.012245 0.016863 0.011564 -0.0061178 0.023882 0.022398 0.0036474 0.026553 0.02602 0.01763 0.031381 0.020577 0.028331 0.0018327 0.041271 0.051816 0.009314 0.0076505 0.054263 0.054827 0.078507 0.035038 0.047607 0.038258 0.02431 0.022692 0.064002 0.04205 0.033713 0.045987 0.045392 0.031956 0.028431 0.031979 0.021945 0.051486 0.041849 0.0073836 0.031939 0.02196 0.023709 0.024749 0.04188 0.024268 0.017661 0.056326 0.036659 0.027268 0.030897 0.02514 0.0060353 0.039576 0.013808 0.0184 0.008346 0.054165 0.0051038 0.034456 0.020013 0.030273 0.021868 0.026577 0.017757 0.0048671 0.025514 0.011616 0.032281 0.020956 0.014537 0.017863 0.015211 0.032098 0.0021726 0.02572 0.014768 0.046922 0.032964 0.037027 0.0036266 0.046649 0.027189 0.027153 0.038902 0.03484 0.023671 0.033449 0.046037 0.043373 0.02717 0.030717 0.041125 0.029076 0.050534 0.032006 0.04022 0.036755 0.035303 0.018039 0.031241 0.036872 0.041208 0.029084 0.042056 0.040326 0.024093 0.018809 0.024935 0.022216 0.022032 0.053268 0.031933 0.01423 0.015293 0.041384 0.011837 0.0085287 0.034141 0.0081948 0.028373 0.017055 0.041225 0.016292 -0.0087711 0.0070555 0.0028342 0.012087 0.0011535 0.030417 0.017141 0.0084059 0.0090415 0.041368 0.045147 0.0017248 0.042137 0.039947 0.02534 -0.0035408 0.033394 0.034816 0.017456 0.037891 0.020163 -0.0059575 0.030524 -0.012652 0.015274 -0.00074011 -0.0048095 0.013381 0.029394 0.014672 0.02774 -0.0095761 0.016937 0.0032322 0.053649 0.043096 -0.0046576 0.03068 0.030518 0.0079127 0.02592 0.0055908 -0.0071819 0.012884 0.04367 0.0016518 0.015365 0.0085209 0.0050009 0.020279 0.020299 0.0054031 0.0030027 0.019298 0.022934 0.047329 0.023017 0.0061108 0.010009 -2.82e-05 0.010298 -0.00021203 0.012663 -0.021174 0.030087 0.0030494 0.0066262 0.015121 -0.010166 0.021439 0.018163 0.0076795 0.021139 0.051749 -0.0035431 0.023634 0.011617 0.0064497 0.012135 -0.018885 0.010187 0.0064637 0.0069747 0.015672 0.01491 0.0073348 0.0030831 0.027376 0.028338 0.0050598 0.023317 0.0036792 -0.011573 0.017851 0.0044048 0.023523 0.034665 0.0068699 0.040681 -0.0077401 0.008223 0.01422 0.0049536 0.0055687
0.039899 0.0010001 0.00055239 0.024703 0.01273 0.044806 0.016292 -0.0016615 -0.0012993 -0.026214 -0.020663 0.0095581 -0.011122 0.0059703 0.0030989 -0.005287 -0.0013606 -0.0023919 0.016605 0.012248 -0.022462 0.013115 0.027966 0.016645 0.035785 0.01098 0.043464 0.028544 0.045291 0.031623 0.034384 0.018479 -0.011034 0.0081487 -0.0009359 0.032926 -0.013025 -0.043387 -0.0051171 -0.0065241 0.0052726 -0.004529 -0.023523 -0.0038625 -0.013646 0.012364 -0.0043212 -0.020191 -0.010032 0.050211 0.013209 0.019274 0.042739 0.029299 0.0056886 0.015073 0.018844 0.0072344 0.0025343 0.048208 -0.010704 0.048323 0.002742 0.030025 -5.6538e-05 0.067968 0.022228 0.014996 0.061765 -0.031635 0.007481 0.024066 0.020911 0.023374 -0.0065217 0.032822 0.013361 0.021334 0.014513 0.0046228 0.019218 0.027423 0.010385 0.051556 0.043404 0.042279 0.053306 0.031272 0.044267 0.069253 0.054284 0.054774 0.060888 0.070162 0.078319 0.074368 0.060344 0.04123 0.058594 0.043376 0.048952 0.03366 0.028309 0.013755 0.033378 0.023089 7.246e-05 0.059265 0.044782 0.037412 0.037127 0.050302 0.073568 0.041366 0.056045 0.070426 0.051621 0.063811 0.067772 0.069174 0.038928 0.077025 0.029906 0.031488 0.025143 0.038361 0.02414 0.038086 0.037255 -0.0013934 0.039888 0.021652 0.014763 0.057179 0.027353 0.0033166 0.01752 0.038826 0.032361 0.026555 0.036429 0.036136 0.041473 0.035976 0.01473 0.029705 0.029783 0.064259 0.033807 0.036196 0.063539 0.05613 0.028107 0.050998 0.050075 0.044188 0.048115 0.032449 0.053588 0.067888 0.077188 0.044672 0.055617 0.055248 0.073344 0.017302 0.066649 0.090949 0.077465 0.063333 0.077824 0.062659 0.048435 0.046431 0.086689 0.040989 0.024222 0.013949 0.019153 0.026865 0.052861 0.05788 0.069089 0.05388 0.041206 0.017873 0.034204 0.018258 0.063667 0.049864 0.071088 0.045005 0.029634 0.080471 0.054713 0.034996 0.053439 0.086654 0.098515 0.076917 0.080131 0.09409 0.096039 0.054306 0.062417 0.061976 0.093052 0.073809 0.051667 0.05137 0.018253 0.039138 0.0090806 0.019344 -0.01376 -0.016779 0.0044475 0.017556 0.019357 0.025035 0.042195 0.03126 0.073786 0.09683 0.055354 0.053153 0.087454 0.095718 0.094708 0.090531 0.09077 0.069035 0.073255 0.058859 0.068164 0.081346 0.047058 0.03791 0.059985 0.05441 0.034696 0.062957 0.062313 0.05449 0.054935 0.02991 0.018882 0.015556 0.014228 0.012071 0.015549 -0.0043316 0.012304 0.0023204 0.023241 0.023687 0.04309 0.02395 0.027451 -0.0042092 0.019868 -0.0015968 0.011771 0.0029257 0.014725 0.0078683 0.0094147 0.0023067 0.0067054 -0.017021 0.015364 0.0035652 -0.029782 0.008205 0.017172 0.014122 0.025236 -0.0036857 0.034203 0.0061067 0.046196 0.028478 0.029984 0.029717 0.057282 0.025456 0.046994 0.01735 0.036638 0.022894 0.021745 0.021588 0.031841 0.029805 0.0053351 -0.011579 0.014276 -0.001623 -0.011528 -0.0037358 0.049485 0.021129 0.011323 0.0058851 0.0038529 -0.00011897 0.012026 -0.0066112 0.017735 0.022207 0.023899 0.043765 0.012205 0.014135 0.064107 0.040172 0.022358 0.055515 0.019085 0.046382 0.032199 0.03866 0.037331 0.024091 0.033242 0.0096251 0.024082 0.017656 0.045206 0.050791 0.028541 0.006092 0.049966 0.070337 0.068583 0.043342 0.046166 0.048852 0.083131 0.039045 0.070731 0.049607 0.045149 0.043344 0.006337 0.045875 0.029912 0.029019 0.056206 0.046889 0.0082173 0.036369 0.033982 0.021074 0.02496 0.066398 0.020139 0.01832 0.037087 0.058752 0.062272 0.088339 0.023217 0.029993 0.050986 0.065137 0.043404 0.041458 0.046025 0.030004 0.081946 0.021124 0.057571 0.044337 0.033799 0.026614 0.067169 0.089626 0.045207 0.087111 0.078985 0.10443 0.076334 0.071218 0.093118 0.08159 0.066555 0.080869 0.053545 0.020051 0.030299 0.059265 0.034033 0.070695 0.064625 0.082305 0.029022 0.038899 0.052014 0.021657 0.053191 0.044844 0.019681 0.031722 0.033649 0.033637 0.023377 0.034072 0.030966 0.041411 0.032377 0.040293 0.03068 0.042947 0.028552 0.013065 0.023021 0.024008 0.00020636 0.023872 0.026272 0.033451 0.019511 0.025078 0.026749 0.038252 0.034873 0.037177 0.0094279 0.0096486 0.035185 0.028915 0.015498 0.013648 0.0056347 0.016962 0.030641 0.014117 0.0070868 0.010324 0.01138 0.020496 0.0083146 0.027912 0.029678 -0.0082721 0.025855 0.011612 0.025261 0.031261 0.043698 -0.012451 0.019797 0.02535 -0.029038 0.028211 -0.0027267 0.017096 0.025919 0.022983 0.028071 0.031566 0.016004 0.026973 -0.0038548 0.029615 0.02088 0.017192 0.025433 -0.00059725 0.018625 0.026772 0.0030834 0.026055 0.028873 0.0076729 0.037991 0.03028 0.049489 0.0078763 0.042885 0.056586 0.020409 0.0095449 0.055544 0.052436 0.066567 0.043849 0.045084 0.03735 0.031699 0.029307 0.058091 0.034897 0.039751 0.044209 0.046551 0.02556 0.030712 0.044049 0.019959 0.051499 0.031928 0.0091617 0.035512 0.026062 0.022337 0.025867 0.034426 0.020043 0.01246 0.053818 0.043016 0.034377 0.025481 0.025347 0.0069705 0.025777 0.00763 0.013203 0.0056718 0.039518 -0.0019521 0.037069 0.021564 0.035169 0.023114 0.033303 0.020116 0.0039558 0.032212 0.020659 0.026874 0.012404 0.013668 0.02238 0.011423 0.020638 0.0083402 0.028735 0.016417 0.052398 0.026479 0.038078 0.0062276 0.027376 0.028653 0.034975 0.036359 0.038727 0.023808 0.032285 0.042272 0.032023 0.025711 0.024824 0.04092 0.036323 0.050515 0.030484 0.040517 0.029374 0.026193 0.0073793 0.022992 0.040229 0.038527 0.019551 0.036364 0.031311 0.0057503 0.025019 0.034944 0.018784 0.018092 0.045162 0.032621 0.011929 0.011294 0.033636 0.016521 0.011949 0.023137 0.010305 0.031087 0.013486 0.029205 0.0007134 -0.0032788 0.00473 0.0053164 -0.0055458 -0.0081842 0.025297 0.016826 0.019719 0.011606 0.032395 0.042351 -0.0046967 0.028953 0.045789 0.027885 0.0064494 0.027959 0.034072 0.024709 0.033927 0.013108 -0.019046 0.014631 -0.0029171 0.011091 0.0031726 -0.0060408 0.017198 0.038607 0.0033141 0.025969 -0.0020918 0.024579 0.0016053 0.047547 0.039922 -0.0036758 0.017972 0.029223 0.013042 0.0072129 -0.010019 -0.018406 0.016045 0.036971 0.0029925 0.014218 -0.0040744 0.010701 0.019249 0.026809 8.1129e-05 0.012768 0.015402 0.02628 0.037539 0.011293 -0.0027265 -0.0028494 0.0049526 -0.00085279 -0.0044445 0.01524 -0.0085897 0.039965 0.0035597 0.0067357 0.0047223 -0.002007 0.018286 0.031844 0.010603 0.024341 0.036475 -0.012985 0.014006 0.00532 0.0080664 0.0021212 -0.026556 0.019554 0.0075041 0.010508 0.018031 0.0042255 0.011202 0.01145 0.02915 0.018288 -0.0023863 0.026688 0.017967 -0.009764 0.036078 0.0044008 0.02059 0.027662 0.0045359 0.030126 -0.009056 0.0081705 0.011888 0.0095834 0.0042272
0.039745 -0.0077109 -0.0030395 0.017734 0.0091989 0.045818 0.0093104 0.0028863 0.0075363 -0.02695 -0.011133 0.014833 -0.020606 0.0037334 -0.0035146 -0.0052364 0.0067233 -0.010649 0.027437 0.0054974 -0.020251 0.0031116 0.032871 0.0042953 0.026526 0.0044032 0.037353 0.014386 0.03563 0.022421 0.015601 0.019936 -0.010204 0.014928 0.0068996 0.035094 -0.013216 -0.026263 0.005253 -0.0020355 0.023087 -0.0050827 -0.013899 0.0059834 0.00078021 0.01921 -0.0046807 -0.030791 -0.010965 0.054518 0.0055542 0.021179 0.041247 0.030651 0.0095934 0.0151 0.0060594 0.0034161 0.0097696 0.051882 -0.00099853 0.041965 0.010726 0.037496 0.0080226 0.064312 0.02449 0.026 0.060899 -0.030487 0.008734 0.022295 0.018749 0.018289 -0.0097755 0.036652 0.017794 0.016084 0.018503 0.0093044 0.024611 0.032682 0.014253 0.055351 0.068504 0.06362 0.060002 0.047035 0.043707 0.068937 0.064806 0.049534 0.058732 0.061424 0.069987 0.079443 0.062579 0.052313 0.058398 0.04436 0.047503 0.044427 0.040128 0.023042 0.039724 0.039684 0.0090825 0.047245 0.044893 0.04458 0.049488 0.058663 0.081417 0.044969 0.064001 0.078554 0.055675 0.057592 0.072138 0.069 0.035608 0.071176 0.03916 0.048286 0.022008 0.039046 0.031249 0.035524 0.047141 0.015473 0.033345 0.025667 0.025088 0.067427 0.044469 0.011556 0.015192 0.037801 0.032092 0.026874 0.044225 0.03805 0.044961 0.050455 0.021847 0.033973 0.034806 0.058642 0.037625 0.034516 0.056529 0.050884 0.033176 0.045329 0.049355 0.040052 0.051262 0.051439 0.048652 0.066852 0.076621 0.058125 0.058024 0.067184 0.061542 0.026417 0.055374 0.088764 0.077091 0.059314 0.075438 0.063111 0.055669 0.046628 0.085695 0.044407 0.032735 0.029498 0.016631 0.032183 0.059216 0.064371 0.07152 0.062324 0.033295 0.028219 0.034566 0.01127 0.071023 0.056065 0.071948 0.058819 0.039131 0.084073 0.067706 0.039272 0.063374 0.083129 0.086905 0.0672 0.071446 0.093932 0.089847 0.056644 0.070096 0.064178 0.086239 0.075095 0.056949 0.049408 0.0089767 0.030987 0.0025938 0.013396 -0.015541 -0.012931 -0.0014003 0.026138 0.017748 0.029863 0.058655 0.047009 0.091814 0.10605 0.066823 0.069307 0.087647 0.083703 0.098089 0.087178 0.095835 0.058868 0.065806 0.040295 0.063047 0.071601 0.03677 0.03135 0.044315 0.055479 0.034707 0.07031 0.060924 0.048338 0.054613 0.02159 0.016208 0.016558 0.01558 0.014015 0.0098806 -0.0078978 0.021398 -0.0054359 0.014939 0.015889 0.050211 0.012546 0.024319 0.0053483 0.02207 0.0026897 0.022293 0.017764 0.028352 0.011629 0.016121 0.0058967 0.008396 0.0012548 0.028594 -0.0015975 -0.045748 0.020859 0.020619 0.0086037 0.015752 -0.00075628 0.0285 0.015952 0.033796 0.022655 0.020863 0.030038 0.052694 0.019415 0.037973 0.0050817 0.028262 0.024459 0.033742 0.01012 0.02717 0.034205 0.011145 -0.0049812 0.021952 0.0091756 -0.017226 -0.00064013 0.056516 0.034301 0.029963 0.010944 0.00081515 -0.014193 0.014974 -0.0072619 0.0058163 0.027387 0.032804 0.034251 0.017422 0.014276 0.052592 0.043373 0.018747 0.059615 0.022617 0.061687 0.040821 0.027901 0.042271 0.031576 0.031244 0.01707 0.024609 0.024683 0.048816 0.065101 0.027951 0.0055161 0.052242 0.06777 0.065788 0.027751 0.052771 0.047596 0.075645 0.030934 0.053946 0.038241 0.039371 0.051644 0.00015043 0.038094 0.022061 0.026297 0.056056 0.055245 0.01078 0.041552 0.048812 0.020786 0.028172 0.062858 0.012806 0.019256 0.039409 0.067895 0.061182 0.09417 0.024596 0.028375 0.055349 0.059044 0.043521 0.036333 0.052373 0.025612 0.084839 0.02697 0.065991 0.0482 0.045575 0.042903 0.072607 0.086148 0.059723 0.091755 0.074731 0.093318 0.063773 0.064768 0.087497 0.067945 0.059776 0.062435 0.042233 0.025435 0.024341 0.043226 0.024757 0.064246 0.057617 0.073655 0.026809 0.030862 0.049619 0.017645 0.044957 0.047627 0.0086662 0.022948 0.032186 0.028754 0.017098 0.035036 0.03063 0.031449 0.042054 0.026616 0.029699 0.041305 0.022385 0.0091459 0.017195 0.011593 0.00098838 0.019131 0.022152 0.02263 0.026122 0.023795 0.029888 0.038258 0.030711 0.039586 0.015426 0.01846 0.03606 0.020622 0.00033916 0.012921 -0.011235 0.0099161 0.025788 0.0050436 -0.010815 0.0083117 0.010274 0.017277 -0.0022884 0.013558 0.031994 -0.014288 0.014982 0.010474 0.011972 0.021714 0.043874 -0.02907 0.019253 0.015307 -0.028751 0.031195 -0.0005005 0.01086 0.033723 0.024417 0.024874 0.024935 0.012706 0.028402 0.0026102 0.036341 0.024721 0.018857 0.038534 0.010313 0.015288 0.027549 0.011197 0.024093 0.028801 -0.00090937 0.043215 0.036839 0.066719 0.016835 0.043407 0.056668 0.034888 0.019578 0.056242 0.047132 0.052337 0.053151 0.037889 0.036719 0.042865 0.033858 0.046509 0.023611 0.043421 0.036516 0.041911 0.023059 0.027386 0.047693 0.02064 0.044113 0.023433 0.019785 0.034728 0.032699 0.018877 0.026327 0.02581 0.016707 0.0042879 0.045746 0.045612 0.034789 0.019958 0.027345 0.01487 0.019032 0.010004 0.017291 0.001579 0.017526 -0.0056711 0.032595 0.023191 0.032937 0.027255 0.032064 0.023681 -0.0002095 0.028955 0.029031 0.016929 0.0058304 0.013111 0.024667 0.010998 0.0083143 0.012648 0.031361 0.01995 0.057481 0.023086 0.040436 0.011456 0.006111 0.031051 0.045059 0.030716 0.042928 0.021441 0.029341 0.035157 0.030178 0.028361 0.025194 0.040619 0.043391 0.049305 0.026994 0.034955 0.024091 0.012322 0.0014057 0.018229 0.035931 0.034718 0.0052042 0.032222 0.02346 -0.0077314 0.027972 0.036064 0.015739 0.020421 0.041266 0.028455 0.0043443 0.0024487 0.018095 0.022695 0.013556 0.0091503 0.017998 0.03249 0.015846 0.014127 -0.011248 0.0058157 0.0010254 0.0098795 -0.016281 -0.010975 0.019995 0.015006 0.026774 0.011504 0.018211 0.037543 -0.010438 0.0072061 0.048894 0.025282 0.015859 0.022842 0.029264 0.032726 0.024652 0.013241 -0.018075 -0.00041147 0.0035678 0.0089066 0.0062855 -0.0043629 0.021084 0.03989 0.0022358 0.019064 0.0016992 0.036927 0.0079154 0.038406 0.027845 -0.0028422 0.0032353 0.026546 0.013093 -0.011412 -0.019891 -0.021197 0.018379 0.029381 0.0083438 0.0082313 -0.011331 0.019025 0.018411 0.024268 -0.0074132 0.024139 0.010655 0.023868 0.023271 0.00045496 -0.011735 -0.016279 0.0037329 -0.0056729 -0.0087619 0.013239 0.010519 0.045136 0.0051864 0.0054304 -0.005672 0.0062344 0.0090018 0.037924 0.010037 0.02446 0.017331 -0.01973 0.0017907 -0.00070953 0.0091168 -0.0098368 -0.025957 0.029198 0.011055 0.0098249 0.019163 -0.00075144 0.016365 0.019776 0.03078 0.0038745 -0.0055272 0.027855 0.028961 -0.006985 0.044472 0.00021471 0.018384 0.017855 0.0054384 0.017706 -0.007034 0.010865 0.010936 0.012041 0.0028006
0.033518 -0.015546 -0.0062281 0.009395 0.0081664 0.040326 0.00023767 0.0091399 0.016262 -0.021591 -0.0027147 0.021268 -0.024217 0.0040202 -0.012057 -0.012573 0.014016 -0.011023 0.034236 -0.0043775 -0.011249 -0.0042606 0.036458 -0.00015995 0.021296 0.001448 0.0271 0.0086653 0.032824 0.014252 -0.0083704 0.017243 -0.0086622 0.020438 0.01297 0.031594 -0.004973 -0.0044117 0.023669 0.003448 0.046283 0.0017061 -0.00061614 0.012053 0.016342 0.024476 -0.00044782 -0.023311 -0.005283 0.052184 0.0039162 0.025687 0.039334 0.030318 0.011312 0.019704 0.0036861 0.0033143 0.025825 0.059669 0.011677 0.03715 0.015161 0.043455 0.019826 0.053292 0.027823 0.038696 0.055147 -0.017953 0.011956 0.02327 0.017827 0.012394 -0.0017904 0.037271 0.024354 0.015134 0.025117 0.023109 0.029014 0.038139 0.019646 0.061432 0.093691 0.080233 0.064827 0.060548 0.041758 0.066542 0.071694 0.045716 0.059759 0.051664 0.061324 0.082698 0.06763 0.064197 0.055408 0.048007 0.048611 0.059356 0.059852 0.032595 0.045522 0.059098 0.025996 0.041602 0.042759 0.040072 0.063741 0.055393 0.083685 0.053125 0.077357 0.08351 0.05328 0.055672 0.076391 0.06733 0.035777 0.067045 0.049885 0.053405 0.021483 0.043987 0.036288 0.039083 0.060327 0.028241 0.026985 0.034235 0.031518 0.071678 0.051295 0.026732 0.024316 0.031072 0.033259 0.026308 0.051814 0.043385 0.049844 0.059747 0.030944 0.03889 0.039199 0.057356 0.047703 0.038499 0.050753 0.045006 0.037287 0.036972 0.04811 0.036055 0.051864 0.068941 0.039303 0.058653 0.074197 0.065956 0.056988 0.069422 0.044077 0.039185 0.04303 0.077851 0.069185 0.049278 0.075184 0.057876 0.057705 0.041581 0.074683 0.044976 0.043472 0.047627 0.025734 0.039676 0.061442 0.063594 0.064201 0.060471 0.030078 0.042905 0.035986 0.0083934 0.067888 0.057194 0.07067 0.074504 0.04904 0.082764 0.077714 0.042062 0.07138 0.073394 0.073483 0.056535 0.063068 0.087722 0.071047 0.060244 0.078315 0.059144 0.076439 0.078249 0.061485 0.04442 0.0071893 0.024529 -0.00029174 0.010373 -0.013634 -0.0044885 0.00072726 0.036324 0.021585 0.029494 0.070955 0.05932 0.10042 0.11086 0.07158 0.089658 0.08386 0.071033 0.094972 0.081621 0.093418 0.053269 0.061139 0.022845 0.054873 0.058453 0.028838 0.018883 0.025983 0.057082 0.030853 0.072673 0.054156 0.036717 0.052227 0.0089782 0.019789 0.015674 0.018828 0.018041 0.0046527 -0.0034224 0.026367 -0.01065 0.0067266 0.0040706 0.050308 0.0059819 0.016086 0.02057 0.025657 0.0098721 0.029554 0.030118 0.043535 0.020893 0.022999 0.0059217 0.010955 0.025089 0.03685 0.0013332 -0.054795 0.034161 0.019482 0.0058679 0.0062748 -0.00069215 0.01928 0.024302 0.018091 0.018207 0.007609 0.028754 0.042268 0.010754 0.033362 -0.0049745 0.023729 0.020544 0.046682 0.0053552 0.020657 0.033884 0.013262 0.0086174 0.032388 0.028149 -0.01875 0.0060976 0.0578 0.04443 0.047805 0.017418 -0.0023653 -0.02283 0.015753 -0.010784 0.0066476 0.03277 0.046573 0.026726 0.028067 0.011134 0.036603 0.053943 0.010879 0.054323 0.020853 0.071881 0.044025 0.020726 0.043587 0.04192 0.02949 0.019393 0.025837 0.03535 0.047742 0.072256 0.037862 0.012197 0.047969 0.05741 0.056691 0.0099651 0.060922 0.054278 0.060878 0.025619 0.030684 0.027568 0.036896 0.056484 0.002607 0.030289 0.015254 0.023503 0.051967 0.05512 0.022763 0.043115 0.058807 0.024795 0.038474 0.05617 0.0063498 0.023461 0.043712 0.075928 0.055794 0.087559 0.024139 0.028449 0.061548 0.049203 0.045867 0.033015 0.054258 0.033346 0.078808 0.035816 0.077263 0.0559 0.049744 0.056218 0.079227 0.073739 0.072931 0.090439 0.060112 0.074499 0.054708 0.05742 0.077643 0.056166 0.055496 0.046596 0.034976 0.035987 0.027289 0.03223 0.022843 0.054466 0.048963 0.058664 0.031386 0.027256 0.048599 0.01787 0.035282 0.045401 0.0045342 0.017597 0.038524 0.024398 0.014223 0.035429 0.035428 0.024822 0.039348 0.021764 0.028332 0.038379 0.01664 0.009963 0.0054308 0.0011663 0.0033531 0.021054 0.018605 0.013241 0.031691 0.019202 0.031186 0.038994 0.034576 0.037301 0.017787 0.029758 0.033468 0.012233 -0.01493 0.010703 -0.019754 0.0083211 0.012718 0.0032693 -0.023047 0.0095781 0.0097563 0.0070945 -0.013932 0.0031047 0.032526 -0.015949 0.0027466 0.0056109 -0.0028366 0.01736 0.038535 -0.038499 0.016092 0.0042991 -0.01612 0.034644 0.0040681 0.0097246 0.037618 0.028213 0.018169 0.0077844 0.0073575 0.031245 0.0062616 0.043942 0.020429 0.023204 0.049323 0.02368 0.015305 0.026771 0.025001 0.022629 0.025423 -0.0033665 0.046914 0.038644 0.073581 0.025362 0.042394 0.053761 0.049524 0.032522 0.052894 0.037605 0.03483 0.05782 0.028828 0.036139 0.052208 0.032757 0.02983 0.010083 0.04214 0.024751 0.033351 0.021403 0.017994 0.041491 0.021067 0.034431 0.020935 0.031926 0.028244 0.036299 0.015098 0.02982 0.018312 0.015502 -0.0082724 0.036495 0.044112 0.027851 0.018191 0.028281 0.026064 0.01846 0.017938 0.029221 -0.001297 -0.0030432 -0.0069039 0.019988 0.025527 0.023423 0.034317 0.026644 0.023357 -0.0058105 0.019587 0.033348 0.0046914 0.0046235 0.012272 0.023265 0.013861 -0.0024257 0.014961 0.032691 0.024059 0.061039 0.022746 0.047105 0.020378 -0.011345 0.034537 0.050197 0.021769 0.04283 0.018454 0.022125 0.025144 0.038227 0.035155 0.030652 0.040138 0.045039 0.047791 0.02321 0.02343 0.020566 -0.0033156 -0.00046221 0.020707 0.025318 0.030494 -0.010506 0.030613 0.021567 -0.01517 0.028208 0.024216 0.012536 0.029185 0.039399 0.019172 -0.0050404 -0.0076317 2.7829e-05 0.022625 0.0095934 -0.0015274 0.02778 0.029395 0.022847 0.00071897 -0.017597 0.013111 -0.0037448 0.019093 -0.016752 -0.0088081 0.012944 0.011343 0.028427 0.01183 0.0056892 0.028692 -0.014961 -0.018522 0.046534 0.017427 0.019712 0.020572 0.02386 0.037699 0.012514 0.018137 -0.0070873 -0.011669 0.0030195 0.0082572 0.0051386 0.0012673 0.022141 0.031105 0.011759 0.0097097 0.0041594 0.049659 0.018218 0.026617 0.0098306 -0.0022326 -0.0099659 0.024923 0.011091 -0.024547 -0.023398 -0.016743 0.015429 0.022709 0.016922 -0.0011713 -0.012362 0.026915 0.019581 0.015002 -0.015745 0.032215 0.0082992 0.018503 0.010395 -0.0066223 -0.01929 -0.024293 0.00013889 -0.0031826 -0.012517 0.0058488 0.028866 0.040904 0.0064684 0.0047561 -0.011358 0.010292 -0.003277 0.033222 0.00753 0.020841 -0.00037021 -0.021002 -0.011093 -0.0041882 0.0074841 -0.023413 -0.01901 0.0367 0.018136 0.0057756 0.020384 0.0013648 0.017129 0.023434 0.030028 -0.0079029 -0.0051103 0.024997 0.031951 -0.0068807 0.04096 -0.0081789 0.015756 0.0094177 0.0057588 0.0087163 -0.0027345 0.010364 0.011112 0.0065707 0.0047434
-0.025097 -0.010783 0.021355 -0.01855 -0.010066 0.0029109 0.0075261 0.034103 -0.011315 0.014321 0.022085 -0.0088322 0.0009768 0.027082 -0.022018 0.0076515 -0.017513 -0.024514 0.016957 -0.0035595 0.034773 -0.016419 0.0024152 -0.0066166 0.043153 0.0045614 0.023508 0.0037622 0.013422 0.016577 0.037608 0.007295 -0.027786 0.012137 -0.0066088 0.026436 0.017565 0.02566 0.0071928 0.018582 0.047396 0.0075162 0.071451 0.015767 0.013955 0.012119 0.027261 0.023313 0.0085083 -0.00092058 0.0072838 0.043965 0.011758 0.031037 0.038181 0.029385 0.013374 0.029058 0.011225 0.0079666 0.046141 0.06793 0.025864 0.035983 0.016432 0.049905 0.034079 0.034508 0.032387 0.047617 0.048735 0.00041237 0.016997 0.02778 0.017611 0.0082337 0.018901 0.035458 0.033071 0.019738 0.029939 0.047255 0.031713 0.041679 0.02599 0.06678 0.11465 0.086981 0.070057 0.06962 0.038123 0.065892 0.073059 0.045041 0.067588 0.04668 0.055392 0.083206 0.071302 0.072899 0.048784 0.051725 0.053825 0.075036 0.080836 0.038071 0.043021 0.078326 0.046637 0.046727 0.03803 0.027238 0.077156 0.03534 0.079966 0.069299 0.089972 0.085311 0.040143 0.055188 0.077284 0.067306 0.039524 0.062925 0.054475 0.045984 0.021358 0.050053 0.036242 0.046541 0.078861 0.03133 0.021823 0.04477 0.029668 0.068722 0.046582 0.042724 0.037444 0.0219 0.033284 0.026062 0.054788 0.050375 0.051527 0.062061 0.038823 0.041638 0.040692 0.061166 0.058861 0.046425 0.048977 0.040159 0.040436 0.024596 0.048543 0.028435 0.050925 0.082723 0.028435 0.044997 0.074724 0.066377 0.050664 0.058129 0.021104 0.049614 0.031159 0.062569 0.056018 0.037618 0.076584 0.046993 0.054134 0.030733 0.056235 0.043652 0.055657 0.060949 0.043949 0.048691 0.06 0.057206 0.049984 0.051078 0.035161 0.060226 0.038935 0.0080028 0.058293 0.050906 0.068665 0.089622 0.054074 0.077401 0.079901 0.044148 0.073455 0.059893 0.062793 0.046941 0.054427 0.078838 0.04592 0.063977 0.083222 0.044547 0.063133 0.083022 0.06336 0.041551 0.016195 0.023379 0.0012186 0.010058 -0.011058 0.0066898 0.0088312 0.043824 0.030825 0.024336 0.075042 0.065411 0.094576 0.11183 0.066889 0.10451 0.073217 0.056817 0.081137 0.073829 0.080551 0.050431 0.06067 0.008929 0.04305 0.04156 0.02002 0.0007281 0.011253 0.055068 0.019996 0.066657 0.045898 0.02152 0.047341 -0.0054436 0.028291 0.010115 0.022466 0.026174 -0.0005326 0.0066766 0.026361 -0.01174 0.00014842 -0.0040872 0.043819 0.0089328 0.0050084 0.037886 0.026969 0.016848 0.029987 0.036752 0.05531 0.027786 0.029661 0.0040099 0.013802 0.04916 0.03479 0.011534 -0.054091 0.042095 0.01505 0.0041492 -0.00091109 -0.006733 0.008407 0.030882 0.0073108 0.010883 -0.0030213 0.026861 0.026472 0.001302 0.033206 -0.0081211 0.023747 0.013317 0.055922 0.0060557 0.013681 0.028362 0.0063022 0.021403 0.042884 0.050415 -0.015702 0.013622 0.049144 0.046417 0.061927 0.02572 -0.0020025 -0.021538 0.010601 -0.018904 0.020189 0.037099 0.061462 0.021036 0.040644 0.0032761 0.021954 0.067663 0.0011525 0.041859 0.016716 0.06994 0.039485 0.018539 0.043717 0.05016 0.02654 0.0081477 0.028549 0.045027 0.043186 0.073462 0.05633 0.024713 0.035436 0.042364 0.042856 -0.005868 0.066222 0.065764 0.042272 0.024612 0.0069341 0.019899 0.031883 0.055179 0.013242 0.021583 0.010454 0.017769 0.044301 0.047957 0.044369 0.037571 0.061694 0.029306 0.05184 0.04725 0.0038099 0.030732 0.046338 0.083691 0.048756 0.068222 0.021885 0.029542 0.068189 0.041345 0.048152 0.030776 0.048665 0.049656 0.064248 0.043369 0.08849 0.068647 0.042832 0.058122 0.0845 0.054919 0.081865 0.082019 0.038094 0.051015 0.047001 0.048604 0.061228 0.044273 0.051828 0.036515 0.032368 0.048934 0.033027 0.02923 0.027034 0.040699 0.038927 0.042984 0.038928 0.02818 0.044274 0.02428 0.027721 0.039747 0.0054908 0.018302 0.052231 0.019856 0.016159 0.035291 0.043945 0.024493 0.024883 0.023508 0.026137 0.03066 0.010851 0.018324 -0.012773 -0.0051171 0.0018389 0.027793 0.016023 0.010542 0.035593 0.013788 0.029486 0.041902 0.042048 0.028435 0.013181 0.039993 0.027321 0.0085298 -0.025095 0.0050657 -0.016835 0.0079887 -0.0057212 0.005076 -0.024973 0.0077885 0.0082365 -0.010574 -0.024274 -0.0045985 0.030061 -0.01055 -0.012036 -0.0015298 -0.013305 0.019556 0.027809 -0.034793 0.0058409 -0.0033533 0.0036986 0.03959 0.0099039 0.014926 0.035376 0.037463 0.0099887 -0.012655 -0.00038852 0.038072 0.0081059 0.049054 0.010245 0.031273 0.056394 0.037585 0.017169 0.023866 0.037361 0.0235 0.019124 -1.2568e-05 0.049329 0.034834 0.068452 0.032285 0.037849 0.050237 0.063485 0.042708 0.042923 0.023503 0.01344 0.054152 0.018961 0.034588 0.05373 0.024317 0.0092798 -0.0027379 0.036175 0.012852 0.024104 0.017494 0.0064644 0.030232 0.017859 0.027137 0.025374 0.038254 0.016656 0.031953 0.014357 0.037236 0.012449 0.016014 -0.023967 0.030781 0.039656 0.017136 0.020463 0.025186 0.034756 0.020801 0.026293 0.041498 0.0024665 -0.015264 -0.0093182 0.00082278 0.027904 0.01021 0.042615 0.02279 0.015244 -0.0095517 0.0074967 0.03172 -0.0073266 0.0079333 0.010659 0.017199 0.01841 -0.010935 0.016487 0.033096 0.02614 0.063051 0.023263 0.058497 0.033415 -0.021483 0.038037 0.045911 0.0084498 0.035176 0.017762 0.0099937 0.012622 0.050631 0.04396 0.037221 0.038881 0.038908 0.045245 0.020273 0.0081713 0.016597 -0.014884 -0.00025331 0.032112 0.013387 0.025855 -0.024652 0.031942 0.026736 -0.018397 0.028007 0.00090874 0.0093699 0.041405 0.034548 0.006619 -0.012213 -0.016185 -0.014656 0.011453 -0.0020891 -0.0051096 0.03589 0.02026 0.030481 -0.0072934 -0.020251 0.013692 -0.0094262 0.033098 -0.0069767 -0.0038583 0.0023578 0.0045334 0.026276 0.015964 -0.00032733 0.017347 -0.017667 -0.042294 0.038321 0.0073397 0.016722 0.022805 0.01883 0.035191 -0.0021649 0.024214 0.0043505 -0.018283 -0.0035006 0.0095857 -0.00091093 0.0091489 0.018745 0.014598 0.024794 0.0027106 0.0096558 0.059149 0.027478 0.01323 -0.0073312 -0.0038255 -0.019781 0.024496 0.011666 -0.028897 -0.023357 -0.0092878 0.0042026 0.017513 0.024876 -0.010578 -0.011042 0.032597 0.022495 0.003453 -0.021307 0.034391 0.0092552 0.014505 0.0030882 -0.010797 -0.021553 -0.024706 -0.00091983 0.0026582 -0.015072 -0.0071134 0.040685 0.02547 0.0071368 0.0072331 -0.010327 0.0080782 -0.014245 0.019292 0.0058439 0.01266 -0.012721 -0.017622 -0.022832 -0.0047826 0.0017457 -0.038388 -0.0089743 0.040711 0.028109 0.0022976 0.020204 0.010213 0.0097914 0.019809 0.024281 -0.01161 -0.0047103 0.018709 0.026321 -0.011018 0.027415 -0.020441 0.01171 0.0049326 0.0016503 0.0053546 0.0023388 0.00012967 0.01319
-0.042559 0.0004875 0.0060515 -0.013326 -0.014265 -0.0012344 0.003972 0.032601 -0.023028 0.015969 0.023983 0.0091257 -0.0034533 0.030751 -0.016653 0.016224 -0.011788 -0.034237 0.012645 0.0079816 0.027409 -0.029173 0.015963 -0.0026471 0.054586 0.014866 0.03309 0.010311 -0.0014635 0.037276 0.046133 -0.0025281 -0.031714 0.0080334 -0.0032573 0.03321 0.022975 0.021686 0.017185 0.038401 0.071056 0.010065 0.094824 0.03314 0.027306 0.0049129 0.029998 0.013055 0.019623 0.028782 0.024138 0.032267 0.029453 0.035868 0.03654 0.030542 0.017044 0.04131 0.022737 0.015273 0.064112 0.069712 0.04009 0.035976 0.01609 0.059281 0.047591 0.0089196 0.037227 0.049941 0.044637 0.016163 0.023378 0.034483 0.018674 0.0060529 0.048441 0.030259 0.044048 0.028295 0.027134 0.0773 0.030941 0.040994 0.032444 0.067478 0.12695 0.082139 0.07597 0.074074 0.032258 0.068092 0.068866 0.04661 0.084559 0.049001 0.052387 0.081086 0.067604 0.074779 0.036759 0.05147 0.062283 0.086179 0.092668 0.039954 0.026463 0.096063 0.064751 0.060301 0.029623 0.010821 0.083968 -0.00034845 0.068777 0.092548 0.092088 0.08447 0.015357 0.048219 0.070473 0.069633 0.043156 0.05513 0.047195 0.028985 0.01762 0.050994 0.029232 0.054917 0.10127 0.021616 0.019013 0.051253 0.017531 0.057184 0.036493 0.054457 0.044181 0.012995 0.029695 0.027925 0.050457 0.056498 0.045306 0.056398 0.042458 0.040741 0.037445 0.067441 0.062612 0.054473 0.052713 0.035931 0.044301 0.0070549 0.051978 0.014461 0.049643 0.092271 0.019797 0.027748 0.081033 0.060689 0.036804 0.032295 -0.0057142 0.051899 0.018533 0.049859 0.040396 0.029757 0.073604 0.031421 0.047212 0.013982 0.034868 0.038664 0.067187 0.063891 0.062761 0.055451 0.056907 0.047844 0.03308 0.038874 0.04542 0.074911 0.040554 0.0041058 0.049058 0.036158 0.065372 0.1017 0.050746 0.070234 0.072818 0.045561 0.063137 0.043885 0.058111 0.03876 0.043589 0.06902 0.022718 0.067424 0.081524 0.022236 0.046184 0.086137 0.060642 0.044759 0.03412 0.027706 0.0082243 0.0127 -0.010977 0.017143 0.016805 0.044927 0.04225 0.016336 0.066956 0.063155 0.072005 0.1072 0.051726 0.10402 0.053789 0.038566 0.055242 0.061314 0.056304 0.046659 0.065412 0.00035226 0.028627 0.021315 0.0069516 -0.021013 0.0043437 0.046869 0.0051293 0.052209 0.038482 0.0060178 0.038833 -0.016327 0.036538 -0.0027437 0.025668 0.039038 -0.0053799 0.019737 0.020135 -0.0098994 -0.0030568 5.3945e-05 0.031831 0.023292 -0.005302 0.056216 0.021822 0.020078 0.02331 0.038286 0.05798 0.023829 0.034608 0.0013729 0.016002 0.066295 0.019743 0.024877 -0.043673 0.039761 0.011572 0.0011678 -0.0053011 -0.019149 -0.001209 0.03605 0.010013 -0.002797 -0.0030931 0.025672 0.0052337 -0.0072029 0.032584 -0.0045328 0.02458 0.0069487 0.056096 0.0079539 0.0062505 0.019292 -0.011935 0.023201 0.051425 0.071873 -0.0089249 0.016599 0.027089 0.036115 0.068858 0.036106 0.0071945 -0.0087586 -0.00069444 -0.029578 0.038315 0.038968 0.071599 0.016117 0.050536 -0.0070543 0.011647 0.076549 -0.0094816 0.026696 0.015538 0.053557 0.027206 0.02129 0.046923 0.050521 0.020254 -0.020105 0.03255 0.050593 0.036824 0.069686 0.075311 0.038399 0.013706 0.023944 0.028896 -0.016687 0.06508 0.074818 0.02235 0.025023 -0.0090497 0.016072 0.018394 0.047725 0.031409 0.0090026 0.009002 0.0085528 0.034747 0.039023 0.070393 0.02334 0.056708 0.028169 0.062461 0.034504 0.0079358 0.042462 0.042139 0.090374 0.04054 0.037748 0.018519 0.029846 0.07194 0.039365 0.047481 0.027086 0.035931 0.066602 0.043493 0.045636 0.094535 0.084168 0.025644 0.04344 0.083174 0.033633 0.082853 0.067656 0.014226 0.025771 0.037905 0.037192 0.039093 0.028555 0.044818 0.033655 0.032033 0.060803 0.036116 0.031497 0.033194 0.022582 0.027751 0.031544 0.042969 0.031565 0.032681 0.039773 0.023799 0.034212 0.0091525 0.025144 0.068652 0.013296 0.022549 0.034667 0.05461 0.031705 0.0042933 0.025084 0.023501 0.017542 0.0059214 0.034442 -0.034965 -0.0079084 -0.0065254 0.034908 0.011598 0.016725 0.038438 0.0097903 0.025542 0.046489 0.045181 0.013232 0.0012718 0.044286 0.017409 0.01222 -0.026762 -0.0053023 -0.0041591 0.0061868 -0.024782 0.0069528 -0.015158 -0.0012093 0.0035161 -0.033174 -0.029726 -0.012432 0.026789 0.0015635 -0.027105 -0.0073064 -0.014573 0.026952 0.011137 -0.016552 -0.014614 -0.0050581 0.023984 0.044702 0.013531 0.02744 0.026218 0.051714 0.00082072 -0.027405 -0.011099 0.048079 0.011061 0.049395 0.0011935 0.04317 0.057635 0.051859 0.016826 0.016294 0.03814 0.02725 0.010389 0.0051626 0.05079 0.024013 0.053322 0.038469 0.028629 0.047079 0.077182 0.045446 0.024935 0.0049916 -0.010046 0.041156 0.0076638 0.029989 0.043055 0.0088306 -0.013308 -0.010513 0.027674 0.0058706 0.017697 0.010291 -0.0012469 0.02135 0.0084579 0.023894 0.033876 0.033527 0.0025517 0.017592 0.018822 0.045392 0.0070175 0.016034 -0.037396 0.031678 0.033712 0.0092252 0.022406 0.015752 0.036484 0.022785 0.030693 0.043465 0.018482 -0.01646 -0.016832 -0.021892 0.027678 -0.000109 0.049041 0.024221 -0.002973 -0.0083911 -0.0062687 0.024618 -0.016811 0.011607 0.0088491 0.0062064 0.023643 -0.018071 0.018306 0.033814 0.023619 0.06403 0.020843 0.070932 0.048677 -0.023387 0.040221 0.031777 -0.010032 0.01978 0.020889 -0.0052762 -0.002057 0.056769 0.050556 0.040266 0.036272 0.026848 0.039517 0.017795 -0.0065558 0.010183 -0.014962 -0.00052278 0.050229 0.007542 0.019726 -0.035637 0.037389 0.03625 -0.020231 0.030225 -0.027186 0.0071124 0.05161 0.022136 -0.0049374 -0.014461 -0.02289 -0.021057 -0.0094407 -0.020196 -0.00025002 0.040147 0.0062926 0.033226 -0.0071367 -0.02417 0.0059914 -0.0151 0.047852 0.010019 0.0023554 -0.011591 -0.0075127 0.022891 0.025571 0.00025098 0.0089694 -0.017088 -0.058068 0.026942 0.00052731 0.0096294 0.029996 0.012879 0.021282 -0.019548 0.028176 0.0053606 -0.019982 -0.010495 0.015617 -0.0087701 0.014616 0.010179 -0.0041916 0.030522 0.0027624 0.023438 0.061945 0.032455 -0.00027458 -0.015391 -0.010714 -0.026202 0.023733 0.017519 -0.022701 -0.024404 -0.0030624 -0.016437 0.013222 0.025812 -0.01638 -0.01388 0.035049 0.024672 -0.0069031 -0.019282 0.030174 0.010621 0.015793 0.0029161 -0.015358 -0.013434 -0.019051 0.0046323 0.0051873 -0.015805 -0.02479 0.042886 0.00028395 0.0096292 0.013775 -0.0045132 -0.00061895 -0.019915 0.0018597 0.0075594 1.8101e-05 -0.018907 -0.014455 -0.031275 -0.0037227 -0.0072028 -0.05292 0.0013179 0.041707 0.037744 0.0049094 0.01489 0.024602 -0.0052734 0.009837 0.011191 -0.0058246 -0.0077571 0.012114 0.015121 -0.019052 0.0074924 -0.034818 0.0063554 0.0049098 -0.009513 0.0064116 0.0061933 -0.023538 0.019853
-0.0068732 0.00047535 -0.017441 -0.0050529 -0.0049568 0.037703 -0.028528 0.013367 0.023386 0.02459 -0.016287 0.029942 -0.01205 0.031092 0.013071 -0.03234 0.00020689 0.016548 0.011736 -0.040901 0.020822 0.0070926 0.065603 0.022646 0.045145 0.018096 -0.013309 0.06263 0.051639 -0.02004 -0.012817 0.0098754 0.0028239 0.038039 0.032903 0.021787 0.019678 0.050661 0.086461 0.013243 0.11115 0.045289 0.035871 -0.0095107 0.023876 -0.0045384 0.027349 0.055376 0.039906 0.01963 0.05222 0.039867 0.030353 0.037524 0.019658 0.051964 0.028931 0.020343 0.071622 0.056817 0.050377 0.031018 0.015584 0.070448 0.054032 -0.01829 0.039316 0.047032 0.042873 0.020481 0.030133 0.040178 0.022945 0.0051555 0.075906 0.018536 0.056021 0.034866 0.012299 0.10244 0.024017 0.034837 0.035796 0.060959 0.1264 0.067269 0.079291 0.075127 0.022929 0.069449 0.060072 0.047673 0.10903 0.056411 0.049318 0.077199 0.050465 0.068193 0.018535 0.044169 0.068937 0.086714 0.083016 0.045089 -0.0029587 0.11117 0.071556 0.072521 0.016112 -0.0049858 0.076353 -0.04018 0.047651 0.11429 0.074102 0.080673 -0.015512 0.024249 0.053016 0.069535 0.03949 0.040781 0.02938 0.0071154 0.0051566 0.039452 0.015062 0.059532 0.1212 0.00059201 0.020128 0.045992 -0.0042859 0.036074 0.031891 0.060307 0.036305 0.0047274 0.020365 0.034425 0.04059 0.058888 0.028258 0.041738 0.039238 0.037375 0.028862 0.070786 0.050034 0.058253 0.061831 0.030164 0.050557 -0.01406 0.058124 -0.0044035 0.047507 0.097955 0.016221 0.0096387 0.090514 0.053494 0.013094 -0.004928 -0.032277 0.042797 0.0031868 0.047722 0.02507 0.030694 0.055847 0.014124 0.040749 -0.0082301 0.017565 0.025932 0.073017 0.054267 0.069628 0.053383 0.054637 0.038216 0.017452 0.029148 0.051065 0.078773 0.033601 -0.011207 0.047082 0.015336 0.058105 0.10772 0.037713 0.063904 0.058756 0.044099 0.032145 0.02606 0.061632 0.030528 0.02845 0.056267 0.0087721 0.071262 0.070186 0.00022169 0.028478 0.082763 0.053449 0.056102 0.051313 0.033373 0.020456 0.019788 -0.01468 0.022695 0.015762 0.039762 0.050005 0.007904 0.04377 0.051738 0.035476 0.091607 0.028117 0.082156 0.028117 0.015145 0.021537 0.040499 0.024135 0.038117 0.074353 -0.0013986 0.014977 0.00096065 -0.012592 -0.041414 0.0062187 0.032952 -0.0041708 0.033604 0.030123 -0.0063624 0.02708 -0.015768 0.035681 -0.023705 0.028919 0.053262 -0.006982 0.032644 0.0060308 -0.0086744 -0.0001724 0.021512 0.014855 0.046613 -0.01 0.076845 0.008509 0.014851 0.012062 0.037327 0.046499 0.0039312 0.036044 -0.0029415 0.017083 0.067367 -0.0057196 0.034543 -0.026315 0.025041 0.014513 -0.003967 -0.0076626 -0.032945 -0.0045379 0.040108 0.031929 -0.022091 0.012479 0.02518 -0.021167 -0.014365 0.023249 0.00066188 0.019894 0.0059985 0.042183 0.0083881 -0.0020658 0.0097597 -0.037705 0.0047245 0.057927 0.089024 -0.00047743 0.0074804 -0.0088092 0.013583 0.064302 0.04728 0.028384 0.012988 -0.011718 -0.03529 0.045545 0.037379 0.068009 0.011528 0.054517 -0.013348 0.0038088 0.072414 -0.021181 0.013462 0.024264 0.027166 0.010495 0.027706 0.057195 0.039039 0.0076748 -0.057955 0.035116 0.05244 0.030459 0.06111 0.082094 0.045819 -0.015499 0.0015492 0.022522 -0.021811 0.055492 0.070931 0.0030169 0.01964 -0.0091716 0.015443 -0.0038003 0.036972 0.054314 -0.010261 0.013008 0.0004901 0.026368 0.036088 0.089468 0.0017643 0.045105 0.015063 0.062514 0.014664 0.019914 0.060902 0.026061 0.090964 0.03002 0.0015656 0.015448 0.027289 0.068823 0.04456 0.042932 0.017307 0.020847 0.072397 0.021319 0.040422 0.088045 0.094153 0.0029456 0.013929 0.068444 0.013252 0.071117 0.050105 -0.0024925 0.00022483 0.02653 0.021548 0.017367 0.0078416 0.029953 0.03788 0.029419 0.066826 0.035414 0.028623 0.035316 0.0020266 0.016814 0.028348 0.03797 0.032717 0.014135 0.065424 0.022446 0.032567 0.013527 0.035847 0.077984 0.0028485 0.031606 0.032683 0.066809 0.043619 -0.011952 0.017983 0.021324 0.0045252 0.0039908 0.054112 -0.056886 -0.0090082 -0.019865 0.037313 0.001002 0.028485 0.041568 0.0069262 0.021363 0.049174 0.035868 -0.0049497 -0.015251 0.03704 0.0043996 0.022732 -0.018269 -0.019499 0.011337 0.0045805 -0.038124 0.0079107 0.003522 -0.017379 -0.0063506 -0.054225 -0.024716 -0.021972 0.028325 0.015281 -0.035096 -0.0051411 -0.0058478 0.036436 -0.011135 0.011056 -0.042422 -0.0014172 0.038258 0.045172 0.010046 0.047219 0.011682 0.065272 -0.010464 -0.026975 -0.023569 0.056929 0.018709 0.045831 0.0027933 0.056287 0.050244 0.066946 0.0096793 0.0019912 0.016853 0.032754 0.00017971 0.0075661 0.05122 0.0045894 0.032548 0.045388 0.018052 0.04153 0.089677 0.037197 -0.00022289 -0.016853 -0.029048 0.021638 -0.00544 0.019996 0.020881 -0.011024 -0.034358 -0.0072778 0.019611 0.0085993 0.016696 0.0021713 -0.0012906 0.020057 -0.0068781 0.022077 0.040509 0.016036 -0.0094241 -0.0037781 0.026078 0.047338 0.00045365 0.011815 -0.039339 0.038435 0.026436 0.011532 0.016715 -0.0013888 0.031961 0.022554 0.029839 0.025696 0.048543 -0.0089032 -0.030506 -0.044067 0.020061 0.0010676 0.049502 0.029201 -0.03136 -0.0014213 -0.021554 0.015502 -0.021237 0.010072 0.0090683 -0.008009 0.030419 -0.025407 0.020319 0.035655 0.015682 0.06393 0.011365 0.076013 0.059613 -0.019166 0.040947 0.011869 -0.03184 0.00044208 0.025525 -0.018503 -0.01695 0.044166 0.048999 0.036577 0.032594 0.015235 0.028055 0.013097 -0.015166 0.0027197 0.0020561 -0.0035443 0.066703 0.015997 0.011142 -0.043525 0.048673 0.044798 -0.022347 0.037055 -0.048603 0.0061899 0.052634 0.0014409 -0.0081185 -0.01138 -0.02923 -0.015838 -0.031011 -0.038603 0.01155 0.040776 -0.0079554 0.025424 0.0034073 -0.035214 -0.0055343 -0.018726 0.054178 0.028364 0.0081799 -0.025217 -0.026146 0.020554 0.038016 0.001485 0.010955 -0.009929 -0.060049 0.018612 0.0033926 0.004017 0.040713 0.0045295 -0.0042913 -0.036349 0.028222 -0.011576 -0.016448 -0.010509 0.030455 -0.011793 0.010668 -0.003675 -0.018495 0.019179 0.011578 0.049403 0.053933 0.033322 -0.012243 -0.0077791 -0.025051 -0.029806 0.020714 0.026264 -0.0061526 -0.0304 0.0004899 -0.045398 0.0087132 0.012883 -0.016817 -0.026113 0.033448 0.022348 -0.015535 -0.0058212 0.020709 0.0057256 0.023196 0.008868 -0.02375 0.0088931 -0.011816 0.018116 -0.0015066 -0.014443 -0.042869 0.036029 -0.029462 0.019156 0.021619 -0.00028109 -0.014321 -0.017444 -0.010437 0.014128 -0.013806 -0.022588 -0.019306 -0.033576 -0.0022322 -0.014233 -0.061787 0.010795 0.042663 0.040343 0.017454 0.00086834 0.041883 -0.022006 -0.0015216 -0.0096046 0.0044163 -0.014895 0.010014 0.0041278 -0.028608 -0.013893 -0.046115 0.00076675 0.0076947 -0.027305 0.0076845 0.0059012 -0.05711 0.034987 -0.012798 0.036576
0.015753 0.06286 -0.0053717 0.0342 -0.022379 0.025043 0.02606 -0.018907 -0.025716 -0.062377 0.025816 0.02845 0.027491 0.035988 -0.038032 -0.010447 0.053578 -0.013296 0.02024 -0.00090405 0.038428 -0.010959 0.035313 0.0018243 -0.010767 0.024316 0.011926 0.049503 -0.01723 0.044031 -0.017511 0.033861 -0.060349 -0.0025196 -0.0055524 0.047096 -0.06833 -0.018521 0.042424 -0.0054254 0.030536 -0.034347 0.0082632 0.0047398 -0.010361 0.011269 0.055311 -0.015743 0.031059 0.022117 -0.00072016 0.04747 0.051151 -0.0035447 0.031145 0.043421 -0.014184 0.046549 0.060042 -0.012969 -0.0031672 -0.013621 -0.0046423 0.01125 0.039195 0.0081289 0.038345 -0.032555 0.015951 -0.0063023 0.00066918 0.023165 -0.02794 0.034691 -0.012027 0.038485 0.02225 0.04417 -0.0083972 -0.025112 0.030804 0.011298 0.054519 -0.0034885 0.030609 -0.016133 -0.0032014 0.033724 -0.003503 0.036414 0.030772 0.046984 0.057784 0.043331 0.058263 0.039383 0.035226 -0.020195 0.030074 0.041501 0.0038441 0.063289 0.049111 0.056743 0.048385 0.033801 0.033284 0.0057649 -0.0089618 -0.025048 0.016888 -0.0019043 -0.010627 0.036083 0.050938 0.03256 0.075981 0.0097154 0.068375 0.034216 0.081672 -0.0033713 -0.014053 0.033782 -0.0031461 0.012885 0.10967 -0.0093818 -0.018615 0.034167 0.015054 0.067248 0.012119 0.021952 0.042253 0.062384 -0.0036849 0.037573 -0.025981 0.020238 0.043709 0.070558 0.021328 0.020212 0.056526 0.006673 0.025246 0.057049 0.052325 0.049139 0.024485 0.025496 0.047597 0.020727 0.064538 0.026826 0.029523 0.046864 0.035277 0.050807 -0.017226 0.057711 0.032668 0.073109 0.048539 0.011841 0.031956 0.04639 0.0072586 0.013329 0.034097 0.026861 0.062547 0.022296 -0.017348 0.006426 0.042387 0.054209 -0.014696 0.053378 0.046628 0.020805 0.011786 -0.012963 -0.0051712 0.01825 -0.00044339 -0.015189 -0.0083593 0.0094971 0.010633 -0.011064 0.051399 0.05097 -0.012884 0.0042039 0.0049823 0.046029 0.094127 0.060347 0.014946 0.017931 0.032634 0.080694 0.038585 0.0614 0.030156 -0.013072 -0.027715 0.018876 0.018994 0.057972 0.064658 -0.0016252 -0.0072514 0.029741 0.0035236 0.031958 0.023519 0.00067727 -0.024807 0.024903 0.0099054 -0.028569 0.032898 0.029473 0.088275 0.054685 0.014352 0.043415 0.089905 0.066889 0.076486 0.06196 0.053832 0.083304 0.036345 0.0064127 0.072361 0.090096 0.059711 0.046781 0.05712 0.025375 0.050497 0.063732 -0.0035581 0.032606 0.034905 0.0049461 0.058689 -0.068361 0.0001084 0.042044 -0.0087314 -0.0073863 -0.011392 0.026008 0.043255 -0.00078952 0.045552 0.040814 0.054172 -0.0023958 0.037625 -0.012389 -0.013686 -0.0043223 -0.025983 -0.0037808 0.043416 -0.02792 0.017409 0.0039541 0.053676 -0.01409 -0.012446 0.0061362 -0.023477 0.020667 0.076742 0.037633 0.032056 0.027015 0.013196 0.02308 -0.00637 0.014577 -0.01944 0.017991 0.035714 0.018341 0.02889 0.0084411 0.031107 0.023622 0.075967 0.010291 0.016328 0.045832 -0.0070427 -0.01337 -0.0063638 -0.0036759 0.0064963 0.0070265 0.048207 0.026211 0.015064 0.053823 0.013397 0.011186 0.04337 0.054596 0.038738 -0.0031861 -7.3158e-05 -0.051982 0.052267 0.029683 0.04875 -0.011136 -0.0044145 0.035295 0.0075784 0.029617 0.0217 0.010414 -0.033114 0.020016 0.01684 0.0096066 -0.026002 0.056616 0.074856 0.067046 0.05603 0.022341 0.040879 0.058424 0.065743 0.047929 0.085947 0.065723 0.068805 0.057694 0.02392 0.039819 -0.018391 -0.010026 0.042735 0.014937 0.049561 0.057135 0.021879 0.03828 0.036222 0.051236 0.015602 -0.0094767 0.023257 0.013525 0.010951 -0.010691 -0.026927 0.045007 0.017259 0.031681 0.040679 0.0084857 0.038756 0.029585 0.0047662 0.019262 0.0088996 0.055714 0.054671 -0.013285 0.038932 0.015835 0.078037 0.09325 0.09795 0.094281 0.058726 0.068674 0.081173 0.04959 0.027914 0.11265 0.081262 0.072318 0.055937 0.056136 0.022386 0.056392 0.091052 0.06404 0.070859 0.026308 0.0097773 0.095002 0.02319 0.032824 0.040078 0.0085763 0.060601 0.04293 0.069201 0.029405 0.076136 0.047987 0.073972 0.067223 -0.0066918 0.079086 0.022195 0.022751 0.034851 -0.0081892 0.013917 -0.0010947 0.016753 0.050533 0.0079905 0.017723 0.052361 0.039052 -0.022868 0.012181 -0.012548 0.0036729 -0.00085848 0.016547 0.079594 -0.024748 0.099699 -0.0032904 0.049871 0.0028857 0.044656 -0.012664 0.045556 0.040534 0.020023 0.091364 -0.0057238 -0.0054027 0.054779 -0.0025315 0.028136 0.023021 0.013783 0.047322 -0.0027687 -0.011176 0.063657 0.017692 -0.012464 -0.015893 -0.05077 0.0091599 -0.037525 -0.017123 0.0081224 0.023415 0.012218 -0.018016 0.028185 0.025238 -0.06344 0.02926 0.00061514 0.012902 -0.012143 0.0083344 0.007818 0.0076219 0.035803 0.0013038 -0.0027918 0.014499 0.047085 0.080521 0.056905 0.10198 0.060723 0.0012142 0.019057 0.036447 0.010167 0.080179 0.048476 0.00085284 0.030042 0.022863 0.070533 0.010356 0.01633 0.026966 0.0044725 0.040975 0.062596 -0.0056283 0.031734 0.045949 -0.022462 0.038531 0.031783 -0.015654 0.024098 0.026284 0.0040215 0.0054835 0.0053957 0.004441 0.097988 0.098266 0.031902 0.019297 0.026842 -0.016672 0.030958 0.0059073 0.033158 -0.010329 -0.0057203 0.02865 0.0091474 -0.022394 -0.01749 0.022111 0.012174 0.024804 0.0064789 -0.010931 0.039064 -0.0033398 0.027282 0.010121 0.051859 0.05563 0.0027913 -0.0099141 0.047906 -0.010544 0.058586 0.014037 0.024462 0.0088287 0.038146 0.031336 0.072185 0.042639 0.042077 0.043307 0.0459 0.010586 0.028699 0.038781 0.044184 -0.0017274 0.057402 0.052803 0.011658 0.0081934 0.016544 0.038691 0.036886 0.05288 0.0068017 0.0050208 0.024755 0.012308 0.061361 0.031345 -0.005923 -0.002089 0.024979 0.052903 -0.0030952 -0.036751 0.032895 0.034638 0.022588 0.049611 0.020427 -0.0061071 -0.022564 -0.027232 0.058273 0.056869 0.028434 0.011666 -0.0008874 -0.014482 0.014225 0.040712 0.025996 0.026753 0.032141 0.025455 -0.00031412 0.033347 -0.022495 -0.0084465 0.014921 0.062702 0.076475 0.058369 0.0045309 0.026698 0.0045209 -0.0089306 0.018243 0.010333 0.012711 0.026534 -0.043975 0.06275 0.04448 0.06462 0.023946 -0.022505 0.0264 -0.0092435 -0.022227 0.019049 0.059986 0.03454 0.020138 0.058222 0.0050133 0.02256 0.034222 0.024794 -0.0072515 -0.007989 0.015064 0.01016 0.016799 -0.02068 0.033548 0.017809 0.036833 -0.0061336 -0.037206 0.019461 0.00034439 -0.021121 0.008348 0.025337 -0.0042048 0.019782 0.0094096 -0.0058948 0.010528 -0.019879 -0.004124 -0.01265 0.083001 0.02991 0.037698 -0.01334 0.0025614 0.04787 0.031638 -0.017882 -0.0050703 -0.015742 -0.021858 0.041224 0.029797 0.014596 0.033684 -0.0057965 0.026349 0.028991 -0.020963 0.019497 -0.031966 -0.025919 0.063182 -0.010668 0.03738 0.022493 0.020196 0.060588 0.024378 0.044296 0.019312 0.027002
0.013937 0.037584 0.0039023 0.027453 -0.010306 0.037922 0.020411 -0.015987 -0.025621 -0.052803 0.01558 0.039761 0.019122 0.028948 -0.03601 -0.0053508 0.049538 -0.016303 0.013418 -0.0041676 0.037637 -0.0039577 0.058404 0.037189 0.0038659 0.038902 0.024872 0.06436 0.01547 0.043338 -0.014396 0.003807 -0.059868 -0.0061656 0.002898 0.031148 -0.077726 -0.009395 0.016018 -0.01272 0.025123 -0.04605 0.0015376 -0.0060166 -0.00052488 0.01373 0.058038 -0.006583 0.036317 0.038473 0.018909 0.05933 0.038462 -0.0049034 0.026865 0.064885 0.0076804 0.037523 0.059997 -0.022051 0.024255 -0.029279 -0.0048204 -0.0095841 0.051587 0.011561 0.021634 -0.0024398 0.0091898 -0.010568 0.0185 0.032999 -0.011024 0.026556 0.00015047 0.037476 0.028446 0.043729 -0.0074395 -0.0069414 0.028361 0.010422 0.058234 -0.0088932 0.015329 -0.0048932 -0.0046171 0.040386 0.014401 0.027524 0.04552 0.056365 0.062054 0.055353 0.06074 0.054692 0.036537 0.0031543 0.047552 0.047373 0.0099106 0.052081 0.031642 0.056588 0.030379 0.021272 0.054136 0.014792 -0.019836 -0.0093617 0.014789 0.0093953 0.00060313 0.04718 0.039977 0.028161 0.076098 0.034055 0.059462 0.048802 0.095787 -0.0012073 -0.020505 0.041285 0.0089347 0.0065005 0.090647 0.00080466 -0.032528 0.036427 0.012769 0.037762 0.0080435 -0.0073512 0.031346 0.064573 -0.0093585 0.040721 -0.021095 0.019628 0.048624 0.063726 0.0052998 0.014645 0.043111 0.0080143 0.044456 0.05102 0.042775 0.063342 0.030938 0.020427 0.048697 0.035347 0.0705 0.035415 0.024493 0.05784 0.052182 0.066472 -0.0073364 0.063724 0.027314 0.082731 0.038713 0.049626 0.052848 0.045332 0.020654 0.047573 0.04896 0.03739 0.051334 0.048772 0.0024545 0.016937 0.028694 0.062289 0.0020465 0.048253 0.042929 0.037876 0.01969 0.025415 -0.0010892 0.025097 0.017974 -0.0080823 -0.0055696 0.03203 0.0026182 -0.0068758 0.049114 0.040356 -0.0081072 0.011431 0.031065 0.064777 0.094388 0.071908 0.034733 0.029696 0.049384 0.072572 0.043527 0.090701 0.050524 0.012928 -0.0055919 0.03303 0.036763 0.045234 0.044248 -0.0014456 -0.0044605 0.040181 0.0094196 0.030393 0.01687 0.0091903 -0.019751 0.025749 0.034886 -0.02222 0.039603 0.048649 0.088735 0.06096 0.029798 0.047484 0.091634 0.073397 0.091064 0.064147 0.073427 0.081919 0.037923 0.029019 0.075097 0.063376 0.045675 0.04209 0.054437 0.045881 0.033222 0.049398 0.0016496 0.025211 0.022921 0.0096504 0.046666 -0.055889 0.0087429 0.044877 0.0036073 0.00093386 0.01413 0.020937 0.031769 0.01163 0.024018 0.021915 0.022824 0.0028854 0.033339 -0.010732 -0.017786 0.0028522 -0.035513 -0.012903 0.039576 -0.015402 0.0032553 0.0059381 0.04663 0.0028207 -0.014954 0.0088282 -0.018807 0.029864 0.069208 0.032494 0.040626 0.039099 0.023295 0.047919 0.0084343 0.04 -0.0086549 0.013079 0.050853 0.028154 0.025394 -0.00027045 0.019057 0.021924 0.051283 0.0044915 0.018498 0.045359 -0.002248 -0.0097007 -0.0053352 0.0078652 0.009661 -0.0018511 0.027211 0.048983 0.0089826 0.037718 0.039706 0.030808 0.023365 0.054738 0.046463 0.0057769 0.0096071 -0.034298 0.031399 0.020482 0.052019 -0.0067913 0.010177 0.041125 0.0084206 0.030558 0.024785 0.0117 -0.024648 0.033567 0.0029174 0.020519 -0.0020394 0.061714 0.076995 0.06332 0.068059 0.033418 0.050704 0.081532 0.069018 0.069115 0.066137 0.060734 0.07478 0.05677 0.036532 0.04672 -0.0021961 -0.0085778 0.032905 0.016583 0.057372 0.059631 0.03094 0.03454 0.035718 0.05958 0.031899 0.02182 0.034798 -0.0036877 0.015302 0.011645 -0.01153 0.045933 0.026097 0.033714 0.050466 0.025681 0.028159 0.03801 0.005478 0.0074041 0.0045338 0.055467 0.058831 -0.011643 0.045546 0.026235 0.084288 0.09512 0.076912 0.093549 0.078051 0.069069 0.10075 0.064655 0.021231 0.093073 0.082381 0.066356 0.075846 0.069286 0.055477 0.051856 0.081004 0.063894 0.058496 0.041684 0.011278 0.090606 0.037708 0.041828 0.03397 0.017067 0.045748 0.045353 0.066398 0.0090899 0.09189 0.057453 0.067127 0.052699 0.012118 0.0574 0.031558 0.021702 0.047516 0.010819 0.033304 -0.00034156 0.019113 0.044766 0.020649 0.03847 0.052331 0.014055 -0.0080277 0.027976 0.011283 0.021983 -0.0013506 0.031131 0.072818 -0.016964 0.086885 0.015231 0.03759 0.010736 0.026981 -0.0058002 0.057518 0.02885 0.0039192 0.092686 0.0047605 0.013647 0.062757 0.0074063 0.017003 0.020429 0.0291 0.030024 0.010425 -0.012792 0.054975 0.0097913 -0.0017084 -0.0035751 -0.034694 0.013091 -0.01186 -0.035893 0.01338 0.0098465 0.024933 -0.015101 0.0080338 0.026208 -0.026784 0.019225 -0.00092811 0.010375 0.0060578 0.024465 0.0012978 -0.011509 0.0099871 0.025965 0.017276 -0.000748 0.028693 0.06886 0.052558 0.10247 0.048683 0.016828 0.013375 0.018939 0.0034189 0.08313 0.052237 0.0028263 0.027957 0.030597 0.054749 0.0082466 0.0073618 0.018448 0.017243 0.057941 0.035483 0.0052066 0.021351 0.027348 -0.012961 0.044474 0.033166 -0.0050613 0.046872 0.027777 0.0097946 0.01036 0.019039 0.0037498 0.082017 0.081386 0.038709 -0.0013992 0.046821 -0.014641 0.023512 0.0080339 0.035569 -0.0059835 0.0026931 0.016082 -0.0018956 0.0019539 -0.018386 0.028083 0.034499 0.01825 0.011598 -0.0032138 0.044842 -0.013837 0.032939 0.012818 0.050975 0.064223 0.011606 -0.010668 0.059298 0.0072881 0.038389 0.027521 0.026818 0.0080846 0.031024 0.035515 0.076929 0.035171 0.035047 0.041407 0.033283 0.026705 0.040094 0.037095 0.038916 0.011534 0.047752 0.050376 0.010942 0.014559 0.023522 0.040764 0.049491 0.055836 0.0069614 -0.0036742 0.022096 0.016143 0.067798 0.029413 -0.0025903 -0.0067655 0.042137 0.038199 0.00023184 0.0022654 0.018286 0.03267 0.014301 0.051885 0.02179 -0.0089399 -0.0023298 -0.02063 0.056487 0.047767 0.036381 0.010489 -0.011746 -0.010118 0.035391 0.045622 0.016553 0.035904 0.034148 0.029137 -0.01425 0.032449 0.0027043 -0.0014163 0.03696 0.04985 0.061808 0.06181 -0.010519 0.022417 -0.004338 -0.0037197 0.010058 0.0066829 0.022913 0.026708 -0.037004 0.047612 0.039915 0.05878 0.03067 -0.018057 0.032872 0.0082709 -0.014721 0.032213 0.047938 0.035824 0.014603 0.059932 0.0010979 0.015297 0.035805 0.0072616 -0.00091133 0.002781 0.0070639 -0.0029764 0.015891 0.00027132 0.051246 0.031163 0.015848 0.011962 -0.028092 0.029344 -0.0057528 -0.014219 -0.017105 0.035393 0.0011997 0.010509 0.01563 -0.029808 0.02217 -0.014064 0.0053064 0.0041123 0.083683 0.028648 0.034138 -0.0072335 -0.0018388 0.036243 0.0062338 -0.017843 -0.0070159 -0.006622 -0.0042664 0.042891 0.021095 0.0093178 0.032429 0.018086 0.028733 0.029622 -0.028699 0.0031141 -0.029036 -0.018208 0.05318 0.0073621 0.030076 0.038807 0.011188 0.053319 0.025087 0.025548 0.012186 0.024943
0.015435 0.014302 0.019106 0.023997 0.011559 0.039829 0.012162 -0.013958 -0.025473 -0.042925 0.0058323 0.035501 0.0092493 0.022818 -0.027521 -0.0067126 0.0372 -0.012674 0.013214 -0.013808 0.030628 0.013515 0.064226 0.055285 0.012 0.047796 0.034218 0.071802 0.035738 0.049413 -0.0086292 -0.017306 -0.051106 -0.0063619 0.017061 0.0089366 -0.081564 -0.0081764 -0.0049555 -0.01424 0.015414 -0.052999 -0.0033443 -0.017736 0.003884 0.015011 0.03635 -0.0073103 0.038955 0.042956 0.024116 0.064211 0.028244 0.0011709 0.021441 0.066975 0.021447 0.022428 0.055523 -0.024155 0.042928 -0.033799 -0.0011043 -0.022654 0.065802 0.010668 0.0020333 0.028582 -0.0089483 -0.014811 0.025336 0.030442 0.0025152 0.017005 0.014458 0.032691 0.025163 0.03893 -0.0038244 0.01082 0.02699 0.0034046 0.053728 -0.008896 0.0079498 0.013374 -0.00090934 0.042672 0.031179 0.021743 0.053358 0.060853 0.069029 0.064074 0.061458 0.060354 0.034621 0.024767 0.051872 0.047146 0.011596 0.038315 0.012879 0.043309 0.013345 0.0029391 0.066367 0.0228 -0.0077934 0.0050793 0.017717 0.026534 0.012346 0.053787 0.035529 0.02408 0.071403 0.045355 0.057079 0.052044 0.097365 -0.0067129 -0.014491 0.038892 0.016026 0.0024761 0.06416 0.017022 -0.044352 0.040993 0.0071659 0.012696 0.013976 -0.017825 0.0089518 0.046386 -0.00093192 0.039201 -0.01141 0.017116 0.044806 0.052689 -0.00094325 0.0086746 0.028006 0.0046177 0.054517 0.037852 0.029284 0.06855 0.036307 0.014002 0.051891 0.045787 0.069784 0.045945 0.025009 0.069926 0.07072 0.081363 0.0086976 0.068388 0.03297 0.086033 0.027515 0.077088 0.076875 0.055131 0.043074 0.074962 0.066134 0.046871 0.048728 0.079526 0.023936 0.023865 0.01692 0.059929 0.02101 0.05362 0.048086 0.061713 0.03847 0.056044 0.0051695 0.029515 0.026624 0.011533 0.00059561 0.050927 -0.0017159 -0.0086275 0.050333 0.029968 -0.0035593 0.019355 0.054743 0.076431 0.092516 0.077065 0.057783 0.053471 0.056429 0.065055 0.049892 0.10472 0.066874 0.030344 0.019429 0.04048 0.047797 0.027274 0.024001 -0.0074488 -0.0074817 0.037875 0.011135 0.030323 0.017018 0.021724 -0.010502 0.033499 0.057486 -0.0098196 0.03256 0.06027 0.082877 0.061333 0.044665 0.057496 0.083261 0.073069 0.093645 0.060609 0.084094 0.065785 0.037841 0.050599 0.065321 0.034665 0.035669 0.045397 0.056678 0.06276 0.024535 0.031865 0.0043771 0.017919 0.01251 0.013073 0.026009 -0.038804 0.015291 0.042704 0.018248 0.014681 0.031328 0.017845 0.0097887 0.014062 0.0062745 0.0081197 0.001342 0.0046947 0.017758 -0.0042084 -0.012271 0.00939 -0.043528 -0.014623 0.027934 -0.01664 -0.0080298 0.0091301 0.035605 0.0092726 -0.019478 0.014786 -0.012213 0.040475 0.053993 0.033008 0.041627 0.051112 0.031055 0.063068 0.023153 0.05852 0.012798 0.0086407 0.053515 0.037625 0.023446 -0.0070662 0.00079724 0.015886 0.023775 -0.0042498 0.016266 0.048237 0.0051876 -0.00021839 -0.0068709 0.011567 0.0085266 -0.0095457 0.0098665 0.052537 0.0061985 0.027285 0.049515 0.037961 0.0087351 0.058776 0.048933 0.013272 0.023818 -0.014544 0.016776 0.018007 0.046582 0.0014603 0.014993 0.037261 0.00075104 0.031872 0.017788 0.020544 -0.0041749 0.033091 -0.0095259 0.031097 0.028792 0.064163 0.071143 0.051613 0.065613 0.049833 0.056472 0.093773 0.068653 0.070911 0.050862 0.043575 0.075159 0.05312 0.041003 0.04934 0.01891 -0.0084051 0.027561 0.020591 0.050584 0.052151 0.042889 0.030306 0.028616 0.060415 0.044733 0.049324 0.05664 -0.0091596 0.015223 0.02961 0.016137 0.042647 0.030972 0.03084 0.04488 0.045914 0.017759 0.044407 0.0096821 0.0040622 -0.0014606 0.051949 0.062574 -0.0050197 0.056236 0.038935 0.089955 0.084474 0.059855 0.090659 0.082754 0.061344 0.10792 0.068964 0.016332 0.064081 0.077495 0.054452 0.084816 0.074296 0.083487 0.041118 0.06897 0.058986 0.042146 0.053471 0.017598 0.072427 0.046909 0.041193 0.028362 0.020841 0.035266 0.042953 0.06078 0.011381 0.09018 0.05279 0.053026 0.040987 0.021434 0.041691 0.036552 0.011609 0.044458 0.026185 0.05144 7.9199e-05 0.02539 0.037741 0.032937 0.041323 0.050801 -0.0020743 0.0025434 0.04195 0.028489 0.028914 0.0039774 0.030375 0.049398 0.0023645 0.059081 0.019748 0.016275 0.011295 0.015307 -0.0015695 0.059592 0.022111 -0.0043018 0.081112 0.013001 0.029086 0.058176 0.020648 0.0055799 0.023391 0.039814 0.0029999 0.024967 -0.0081676 0.040264 0.010664 0.0090974 0.0090311 -0.0091836 0.01582 0.010534 -0.039695 0.017573 0.0040477 0.028836 -0.0090891 -0.0075234 0.023481 0.0004427 0.005646 0.0046017 0.01265 0.016991 0.035663 0.0034989 -0.011975 -0.0060176 0.040398 0.036228 -0.0072091 0.0080739 0.059977 0.051848 0.097757 0.03812 0.030619 0.012032 0.0080375 0.006691 0.085263 0.052631 0.011695 0.033298 0.039344 0.039877 0.012538 0.014339 0.012376 0.034752 0.065904 0.0082371 0.017484 0.014058 0.015969 -0.0014887 0.04532 0.030656 0.00064736 0.062781 0.0347 0.020976 0.018189 0.020828 0.00037002 0.054475 0.053118 0.031568 -0.010553 0.064634 -0.017841 0.023602 0.010395 0.040856 0.0021828 0.015566 0.0077732 -0.0066962 0.025427 -0.015596 0.033534 0.041393 0.017184 0.018425 -0.0022111 0.050026 -0.012949 0.036393 0.01227 0.049284 0.059267 0.016752 -0.010004 0.056541 0.019286 0.023969 0.032673 0.025135 0.011656 0.030067 0.042098 0.067513 0.027814 0.01849 0.04187 0.023968 0.037926 0.045717 0.039011 0.030587 0.023033 0.028404 0.044647 0.020018 0.023128 0.030022 0.037778 0.053488 0.043601 0.010465 0.002624 0.021983 0.018909 0.061859 0.034383 0.0026738 0.00094697 0.052727 0.021908 0.00081485 0.026971 -3.9208e-05 0.033149 0.0012369 0.054229 0.016136 -0.0073413 0.0080362 -0.011074 0.038721 0.024207 0.039061 0.0068353 -0.0058423 -0.0046085 0.051573 0.046315 0.0062945 0.047549 0.038654 0.033282 -0.019 0.026221 0.022211 0.0076837 0.04755 0.034567 0.028779 0.050906 -0.015827 0.017722 -0.0059423 -0.0036441 0.0074737 0.012711 0.018933 0.032984 -0.021807 0.036616 0.024199 0.05336 0.039768 -0.0099043 0.033708 0.020156 0.0027483 0.031888 0.030443 0.023067 0.010419 0.05471 -0.0016506 0.010785 0.027402 -0.003982 0.0066993 0.020216 0.0010532 -0.0080538 0.016698 0.02186 0.061469 0.033652 0.0025043 0.016321 -0.014992 0.031604 -0.009473 0.00073465 -0.034284 0.043408 -0.00068155 0.0067372 0.015666 -0.038614 0.031887 -0.0013708 0.017809 0.017692 0.07279 0.023145 0.026999 0.0012946 0.0016417 0.020885 -0.017791 -0.012803 -0.0051028 0.0027488 0.011063 0.032226 0.0084437 0.0050689 0.031166 0.035381 0.018844 0.02907 -0.022273 -0.0070387 -0.0069053 -0.0069016 0.044706 0.019545 0.020403 0.047378 -2.7519e-05 0.037032 0.019287 0.0099801 0.0076278 0.024883
0.016177 -0.0023239 0.030733 0.019459 0.034578 0.034086 0.0042223 -0.010369 -0.026952 -0.033678 0.0020062 0.017145 0.0017215 0.017368 -0.014432 -0.0082883 0.017354 -0.0054626 0.015695 -0.025643 0.018351 0.030996 0.052529 0.055724 0.013421 0.05112 0.031298 0.068319 0.036846 0.05115 -0.0019831 -0.026246 -0.03908 -0.0034504 0.03264 -0.012232 -0.076322 -0.011259 -0.014802 -0.0074143 0.0011973 -0.051395 -0.0026809 -0.020166 0.0070917 0.013143 0.0023086 -0.015208 0.044434 0.035713 0.021873 0.060614 0.022987 0.0078598 0.014516 0.048704 0.025915 0.0098318 0.049912 -0.018083 0.047208 -0.026663 0.0082386 -0.026819 0.077294 0.01064 -0.0072879 0.050623 -0.030871 -0.017234 0.022998 0.022034 0.0071645 0.0025296 0.028543 0.026847 0.014525 0.031173 -0.0036257 0.02276 0.027266 -0.0032218 0.045338 0.0003191 0.014629 0.032673 0.011311 0.040961 0.041804 0.024688 0.051506 0.062563 0.071042 0.066794 0.063803 0.061331 0.035983 0.04041 0.048698 0.042434 0.012471 0.026231 0.0019688 0.030032 0.0065082 -0.01218 0.064364 0.028356 0.016537 0.015923 0.028636 0.045247 0.020167 0.05572 0.04135 0.025031 0.062413 0.046923 0.059687 0.045108 0.091634 -0.010896 0.0043091 0.031943 0.018729 0.0032668 0.041231 0.031962 -0.044164 0.043914 0.00054337 0.0011636 0.027662 -0.0040794 -0.013165 0.019654 0.011209 0.035941 -0.0011688 0.018128 0.037039 0.042451 0.0054691 0.0059263 0.015776 0.0017854 0.053225 0.023758 0.01583 0.063326 0.039578 0.013332 0.054626 0.050511 0.065496 0.058512 0.036674 0.077242 0.086584 0.091053 0.029983 0.070222 0.047125 0.08409 0.022689 0.089869 0.099486 0.071546 0.065892 0.088569 0.080594 0.0585 0.053536 0.10751 0.04167 0.027906 0.015197 0.049011 0.037291 0.066394 0.058746 0.084568 0.060419 0.068596 0.011848 0.028506 0.022693 0.036584 0.012695 0.062496 0.0016693 -0.0079775 0.055563 0.029185 -8.0902e-05 0.029924 0.072508 0.078346 0.086188 0.07676 0.077726 0.079807 0.059662 0.064567 0.059649 0.10526 0.07665 0.041198 0.037927 0.036758 0.047678 0.011299 0.0067161 -0.016768 -0.014503 0.025115 0.011854 0.028344 0.024228 0.037731 0.004628 0.050211 0.074989 0.0079477 0.026449 0.067038 0.073757 0.064513 0.056298 0.075476 0.067823 0.069448 0.085353 0.056503 0.084739 0.047254 0.036761 0.062654 0.053354 0.018106 0.036363 0.051435 0.062652 0.071852 0.022241 0.016155 0.0073337 0.013004 0.0063013 0.012242 0.0038462 -0.020327 0.015185 0.033494 0.028561 0.029815 0.034138 0.015166 -0.0099646 0.011619 -0.0033023 0.0044251 -0.0036601 0.010718 0.002654 0.0036061 -0.0016424 0.013751 -0.04181 -0.0051229 0.011399 -0.032153 -0.011019 0.012736 0.021613 0.005796 -0.020848 0.019777 -0.0036489 0.045373 0.039372 0.034564 0.040932 0.059311 0.031732 0.064205 0.02645 0.062958 0.036644 0.011318 0.041437 0.042622 0.026199 -0.010143 -0.015757 0.012032 0.0047447 -0.01379 0.011243 0.055454 0.015176 0.013116 -0.0069014 0.008683 -3.3143e-05 -0.012919 -0.0010584 0.039172 0.0062289 0.022388 0.045291 0.035763 0.0038442 0.060804 0.04771 0.016745 0.040685 0.0037663 0.01852 0.024272 0.03564 0.010849 0.014095 0.028052 -0.0038276 0.03254 0.010736 0.032306 0.019999 0.020661 -0.017899 0.039465 0.053388 0.065722 0.05758 0.042632 0.051932 0.065487 0.053893 0.095303 0.064032 0.060852 0.045248 0.021335 0.067065 0.045605 0.040757 0.050118 0.041266 -0.010668 0.02941 0.028044 0.035219 0.04329 0.053071 0.025652 0.021709 0.056646 0.055667 0.063481 0.082504 -0.0080898 0.012254 0.038893 0.041757 0.037006 0.031541 0.030435 0.031774 0.06455 0.012402 0.051042 0.014931 0.012227 -0.00096433 0.047962 0.068014 0.0067266 0.072386 0.050796 0.091326 0.066482 0.048616 0.091063 0.076578 0.050378 0.10134 0.063334 0.01498 0.03585 0.066089 0.039817 0.084103 0.069873 0.097602 0.028701 0.057329 0.053588 0.030414 0.056244 0.027626 0.047487 0.04542 0.033159 0.024264 0.0181 0.030899 0.03769 0.053153 0.02721 0.071431 0.04142 0.039962 0.03286 0.019377 0.032737 0.034524 0.00068719 0.031434 0.032619 0.058522 0.0040489 0.030296 0.03247 0.039948 0.031013 0.046937 -0.0049576 0.0094475 0.048714 0.033941 0.020745 0.011337 0.014415 0.020864 0.024571 0.02709 0.0094476 -0.0008847 0.0049913 0.011836 -0.0011949 0.051745 0.022329 -0.009742 0.063561 0.018946 0.035503 0.044098 0.032853 -0.0097086 0.030677 0.043794 -0.024346 0.034994 -0.0009556 0.025088 0.019231 0.018184 0.017995 0.014626 0.015921 0.025281 -0.033047 0.023098 0.0075182 0.025265 0.00021186 -0.013279 0.017478 0.015257 -0.0047246 0.014887 0.01624 0.015148 0.041838 0.010477 0.0067988 -0.0088663 0.045193 0.049717 -0.0033877 -0.0046997 0.057485 0.052816 0.087938 0.03265 0.036386 0.016323 0.0077415 0.015443 0.082187 0.047361 0.027811 0.041145 0.045271 0.030291 0.021502 0.031792 0.012392 0.049032 0.062131 -0.0081063 0.028293 0.013083 0.011788 0.0071892 0.039915 0.024347 0.0017027 0.068205 0.043205 0.035169 0.023704 0.018756 0.0016437 0.027503 0.025587 0.018936 -0.011864 0.068249 -0.024158 0.026138 0.012393 0.045936 0.010927 0.027258 0.0090119 -0.0077056 0.040944 -0.0079755 0.034404 0.035859 0.019797 0.023935 -0.0047126 0.049741 -0.0050083 0.039043 0.010335 0.047139 0.04707 0.018634 -0.0077733 0.039807 0.025216 0.021424 0.029875 0.02652 0.016453 0.033993 0.046208 0.048897 0.019988 0.0023156 0.0445 0.023224 0.04422 0.045018 0.044172 0.022672 0.030915 0.0067512 0.035501 0.030841 0.030558 0.029964 0.033531 0.043738 0.019926 0.015252 0.020253 0.0246 0.01946 0.051979 0.040654 0.0056103 0.0083514 0.051614 0.013641 0.0019825 0.034122 -0.010487 0.038213 -0.0090099 0.049131 0.0045051 0.00037259 0.011461 -0.0020541 0.010486 -0.00046619 0.037167 0.0023512 0.0086502 -0.00020092 0.054266 0.047004 -0.0037079 0.052671 0.047668 0.038754 -0.013175 0.017309 0.031698 0.019328 0.045639 0.023301 -0.0064452 0.033155 -0.01206 0.014073 0.00070686 -0.0055435 0.0094982 0.024744 0.0079939 0.039354 -0.0053468 0.034897 0.0084196 0.048884 0.046208 -0.0050435 0.027156 0.026369 0.019916 0.019153 0.011095 0.002715 0.01279 0.045733 -0.0036613 0.0084807 0.013226 -0.0067916 0.01292 0.034839 -0.0044704 -0.0017156 0.01402 0.039193 0.05807 0.024006 -0.0056474 0.0069361 -0.0048467 0.025428 -0.010008 0.016093 -0.034181 0.050701 -0.0028951 0.0047722 0.0077038 -0.032198 0.034681 0.014811 0.027602 0.027109 0.053743 0.011168 0.016733 0.0076581 0.0098002 0.0038705 -0.034425 -0.0013095 0.00062314 0.0080873 0.019039 0.014928 0.001333 0.0071845 0.031779 0.040368 0.0033791 0.030889 -0.0041894 -0.0091962 0.023248 0.0030894 0.03915 0.022385 0.013499 0.044694 -0.01057 0.021298 0.012378 0.0074102 0.0034311 0.027675
-0.024968 0.040446 0.012846 -0.011628 0.033107 0.013841 0.049497 0.023853 -0.00062668 -0.0037847 -0.028887 -0.024864 0.005869 -0.007964 -0.0024888 0.010118 -0.0037758 -0.0063401 -0.0028138 0.0034235 0.015607 -0.032648 0.0032937 0.041047 0.031222 0.043765 0.01127 0.049113 0.017028 0.056799 0.023651 0.039346 0.0031439 -0.025393 -0.026889 0.00095835 0.042937 -0.023372 -0.059779 -0.010855 -0.013305 0.0078101 -0.01111 -0.041428 0.002618 -0.010231 0.011864 0.0082969 -0.026228 -0.022541 0.051118 0.022054 0.021369 0.051495 0.02175 0.010479 0.0075199 0.02058 0.022906 0.006992 0.047771 -0.0064057 0.039401 -0.012985 0.019874 -0.02231 0.081111 0.013809 0.00063942 0.057648 -0.04664 -0.015408 0.01741 0.01386 0.0032815 -0.013455 0.039382 0.021845 0.0012769 0.024993 -0.0053625 0.02743 0.028252 -0.005386 0.038418 0.01987 0.033135 0.04668 0.0297 0.035199 0.045237 0.036933 0.043465 0.061847 0.064363 0.064431 0.068648 0.062385 0.042865 0.048564 0.044146 0.03638 0.017416 0.021114 0.0028509 0.025367 0.012679 -0.016778 0.051373 0.030259 0.037686 0.02514 0.043953 0.061644 0.023775 0.058062 0.053195 0.03134 0.053477 0.045375 0.063155 0.033695 0.084492 -0.0057625 0.028604 0.025934 0.02003 0.0097233 0.028523 0.042661 -0.029314 0.042562 -0.0025338 0.0042489 0.043994 0.025405 -0.02361 -0.00051552 0.018165 0.032959 0.0065825 0.0246 0.030005 0.037263 0.020407 0.008547 0.010162 0.0032999 0.044995 0.017309 0.0076531 0.050854 0.040422 0.019146 0.055225 0.050577 0.060377 0.068885 0.057472 0.074979 0.094897 0.091643 0.052093 0.067533 0.06291 0.07633 0.02635 0.088346 0.11363 0.08569 0.079568 0.090222 0.086883 0.071929 0.060606 0.12437 0.052412 0.030289 0.02761 0.037512 0.04981 0.07854 0.068726 0.096713 0.073982 0.062622 0.020096 0.023266 0.009808 0.055561 0.029987 0.064783 0.013784 0.00063869 0.061299 0.040004 0.0024456 0.042559 0.080783 0.072028 0.074842 0.0729 0.089109 0.09591 0.063843 0.072319 0.071594 0.097597 0.082007 0.049879 0.045925 0.023991 0.036588 0.0001291 -0.0054356 -0.024423 -0.020616 0.0093001 0.01505 0.024722 0.033725 0.054246 0.023691 0.071735 0.087108 0.028357 0.032841 0.072225 0.064361 0.07408 0.064431 0.09831 0.05187 0.066773 0.067809 0.053524 0.077846 0.034856 0.032675 0.06079 0.047195 0.016661 0.046437 0.053742 0.067274 0.073709 0.021629 0.0071165 0.01129 0.011392 0.0037454 0.008281 -0.013361 -0.0037293 0.0087895 0.018991 0.028801 0.041241 0.022995 0.011176 -0.018083 0.0094099 -0.0038541 0.010822 0.004961 0.023707 -0.0012153 0.010267 0.0070032 0.016786 -0.026239 0.013875 -0.0027156 -0.054913 -0.0041272 0.014164 0.0075698 -0.0034344 -0.017825 0.019178 0.007157 0.039054 0.031868 0.031588 0.040357 0.060408 0.024028 0.054257 0.016544 0.054474 0.053785 0.023682 0.022088 0.041702 0.031591 -0.0074751 -0.021696 0.015308 0.0012039 -0.021773 0.005258 0.064962 0.02679 0.028166 -0.0041575 0.00051545 -0.014378 -0.010545 -0.006258 0.020586 0.0085953 0.022733 0.033485 0.031203 0.0064456 0.055189 0.048533 0.01618 0.054141 0.016402 0.035496 0.035952 0.02342 0.01725 0.015541 0.018225 0.0012549 0.031664 0.010091 0.041498 0.040365 0.0066447 -0.020375 0.04372 0.06387 0.065397 0.037593 0.0425 0.035901 0.07259 0.044196 0.084341 0.055839 0.05014 0.048675 0.0024746 0.052382 0.034294 0.038104 0.049153 0.057864 -0.012318 0.036201 0.037664 0.019859 0.038315 0.058168 0.02105 0.018918 0.051737 0.064712 0.062952 0.10186 -0.0053898 0.0088995 0.041827 0.054501 0.031824 0.029812 0.034712 0.021038 0.07651 0.013788 0.059447 0.020458 0.026411 0.0092909 0.046898 0.071012 0.022018 0.089062 0.058121 0.084641 0.048487 0.042396 0.093956 0.066207 0.040757 0.084589 0.052672 0.017718 0.018341 0.050746 0.027 0.076319 0.059183 0.093775 0.021644 0.047308 0.05073 0.025469 0.049422 0.037712 0.023932 0.035058 0.024443 0.02118 0.011515 0.031725 0.033359 0.044202 0.04277 0.045098 0.030163 0.033106 0.026039 0.010239 0.02674 0.026485 -0.004594 0.018066 0.029888 0.051525 0.011997 0.029899 0.028392 0.039661 0.018993 0.040795 0.0020325 0.015651 0.046108 0.027891 -1.9857e-05 0.017021 -0.0088211 -0.00054379 0.038251 0.0016743 -0.010519 -0.0074374 -0.0046735 0.012775 -0.0053229 0.037721 0.028336 -0.016142 0.04605 0.021971 0.031784 0.027654 0.040847 -0.027859 0.038929 0.040083 -0.039532 0.039402 0.0069065 0.014061 0.030806 0.024616 0.020531 0.026548 0.013747 0.033943 -0.021528 0.031341 0.014333 0.018381 0.01261 -0.0075974 0.011108 0.019868 -0.0068387 0.025486 0.018057 0.0051875 0.044207 0.016926 0.03584 -0.00088826 0.043506 0.054623 0.0077469 -0.0049234 0.060588 0.051905 0.072653 0.03395 0.033048 0.024474 0.017602 0.024399 0.071486 0.036194 0.04517 0.044823 0.045034 0.02776 0.02853 0.047714 0.017902 0.054983 0.050668 -0.0082258 0.034158 0.019397 0.011074 0.011738 0.030053 0.01734 -0.0030948 0.063544 0.048622 0.045652 0.02568 0.017345 0.011362 0.010566 0.0088987 0.012698 -0.011727 0.053833 -0.028786 0.0248 0.014276 0.046119 0.019398 0.032818 0.017242 -0.0087245 0.045253 0.0025324 0.02826 0.025676 0.023521 0.025671 -0.0052947 0.042145 0.0046585 0.04096 0.010172 0.045186 0.03399 0.019875 -0.0037937 0.015045 0.027099 0.029764 0.023221 0.033292 0.018577 0.037919 0.044272 0.030514 0.014206 -0.0050525 0.048395 0.030104 0.047094 0.039581 0.04835 0.018785 0.030972 -0.0098848 0.026034 0.036117 0.034248 0.020289 0.032267 0.024541 -0.0063414 0.019229 0.037993 0.027246 0.01932 0.045947 0.042013 0.0037005 0.0077801 0.037499 0.016335 0.0032011 0.027432 -0.0067585 0.046315 -0.0095462 0.034425 -0.0088186 0.01277 0.011184 0.0060278 -0.018335 -0.015557 0.032175 -0.0017928 0.022455 0.0021569 0.041925 0.046323 -0.011172 0.043348 0.058855 0.042062 -0.0011008 0.0091882 0.033958 0.031784 0.034628 0.020089 -0.027976 0.016319 -0.0046023 0.012408 0.010784 -0.0059578 0.013245 0.035409 0.002999 0.039118 0.0061327 0.04175 0.0015075 0.044159 0.04375 -0.0035335 0.014731 0.02955 0.027179 -0.00022291 -0.0050088 -0.014306 0.018859 0.036693 -0.0025728 0.0058729 0.00021937 -0.002692 0.017202 0.039511 -0.011801 0.012439 0.0071805 0.047321 0.042131 0.0080499 -0.012599 -0.0093386 -0.00042269 0.015935 -0.0089088 0.025355 -0.01791 0.055622 -0.0012579 0.0021434 -0.0044114 -0.016471 0.027339 0.027821 0.031155 0.032006 0.031303 -0.0037001 0.0043275 0.0092186 0.018081 -0.012925 -0.040815 0.01476 0.0097705 0.0065145 0.021712 -0.00070737 0.0032516 0.014996 0.034012 0.032516 -0.0088791 0.034279 0.016887 -0.0069311 0.047719 0.0073608 0.035783 0.017126 0.010198 0.033228 -0.018307 0.013157 0.00794 0.014935
-0.037452 0.040546 0.005578 -0.016077 0.026753 0.0096558 0.052152 0.01076 -0.0014422 0.0041009 -0.027706 -0.017202 0.015818 -0.030251 -0.0041476 0.00021247 -0.0023926 -0.0010739 -0.014654 0.0129 0.0095211 -0.029732 -0.010375 0.044055 0.012211 0.028453 0.0093875 0.042144 0.00075666 0.045111 0.0075284 0.014527 0.0047427 -0.01992 -0.014674 0.0053013 0.043971 -0.020384 -0.033132 -0.00030964 -0.0051155 0.028855 -0.013548 -0.026689 0.0093176 0.007156 0.016957 0.0035723 -0.03607 -0.021469 0.053941 0.010633 0.027935 0.042758 0.021429 0.0092857 0.0036978 -0.0024534 0.017125 0.016267 0.051781 0.006859 0.027648 6.2733e-05 0.029312 -0.010203 0.074324 0.019186 0.022616 0.051842 -0.049547 -0.0079567 0.015278 0.0092409 -0.0040751 -0.022823 0.044558 0.019158 -0.0084637 0.023955 -0.0022495 0.0268 0.028092 -0.0030899 0.036699 0.04702 0.055078 0.053608 0.048433 0.026626 0.045004 0.053518 0.036536 0.060013 0.052687 0.06015 0.074306 0.065462 0.053129 0.049651 0.042198 0.033045 0.029326 0.026301 0.012151 0.028281 0.028399 -0.0081843 0.037955 0.028994 0.044709 0.036432 0.054508 0.073501 0.027065 0.065831 0.064683 0.038643 0.049918 0.046488 0.06595 0.025324 0.079997 0.0088065 0.048094 0.023812 0.022974 0.019674 0.027176 0.051308 -0.0060541 0.036406 0.0021393 0.015946 0.057679 0.054322 -0.018407 -0.0056649 0.016853 0.030767 0.010956 0.033951 0.026975 0.038249 0.036247 0.015984 0.011218 0.009171 0.037718 0.023732 0.0078432 0.037198 0.0398 0.027705 0.052367 0.049437 0.055087 0.073238 0.080792 0.06256 0.092493 0.084222 0.068836 0.059982 0.072831 0.061876 0.035522 0.077517 0.11516 0.090178 0.079542 0.087348 0.082911 0.083476 0.064532 0.12506 0.056581 0.03296 0.050645 0.035315 0.060104 0.083541 0.073082 0.093102 0.072179 0.047398 0.032897 0.017966 -0.0042589 0.059705 0.047598 0.059476 0.032469 0.0159 0.063292 0.057471 0.0051328 0.055387 0.078528 0.062336 0.061673 0.067256 0.091242 0.093957 0.07048 0.085242 0.081466 0.087804 0.087059 0.059199 0.046062 0.010213 0.020302 -0.006208 -0.012082 -0.02711 -0.02173 -0.0016113 0.021128 0.022135 0.039498 0.067733 0.041922 0.089694 0.095808 0.046325 0.052947 0.07681 0.056844 0.085894 0.0704 0.11807 0.0414 0.067964 0.04413 0.050278 0.066833 0.030229 0.02327 0.04671 0.04888 0.022026 0.058616 0.049474 0.065577 0.071569 0.018519 0.0074777 0.014104 0.012662 0.0039038 0.0032534 -0.022216 0.0083695 0.00039805 0.0034239 0.018392 0.046063 0.0050229 0.0054922 -0.012383 0.0093166 0.0021543 0.022333 0.018077 0.041168 0.0087384 0.015432 0.0095702 0.020531 0.0017195 0.035052 -0.0073353 -0.074631 0.0094695 0.011565 -0.0036354 -0.013031 -0.013934 0.010898 0.019956 0.022204 0.032043 0.022275 0.039631 0.053308 0.010538 0.040878 0.0014967 0.040843 0.058944 0.04287 0.0058104 0.036808 0.035646 -0.0010437 -0.01349 0.025566 0.013018 -0.025998 0.00015501 0.072327 0.037742 0.042628 0.00054261 -0.010375 -0.028555 -0.0054808 -0.0084438 0.0099354 0.013283 0.028898 0.021435 0.029955 0.0097821 0.041884 0.056857 0.012906 0.058338 0.020338 0.057309 0.047117 0.014431 0.018375 0.024444 0.011002 0.012256 0.029562 0.015881 0.04445 0.053528 0.0028523 -0.016428 0.042637 0.061103 0.061512 0.014548 0.050716 0.026652 0.067788 0.033101 0.061327 0.045853 0.045569 0.056604 -0.0074015 0.03619 0.02087 0.034121 0.045247 0.062768 -0.0079902 0.042215 0.046948 0.011303 0.038931 0.057689 0.017622 0.020525 0.04809 0.072083 0.053389 0.10656 -0.0034774 0.0070616 0.043873 0.053178 0.028755 0.028391 0.040448 0.019653 0.078666 0.020162 0.069993 0.028258 0.037184 0.025401 0.051071 0.066238 0.037876 0.099626 0.057628 0.069335 0.036002 0.039511 0.094475 0.057411 0.035199 0.064769 0.042904 0.023496 0.014701 0.037445 0.020787 0.06407 0.046935 0.075732 0.024591 0.039527 0.050474 0.025559 0.037721 0.043649 0.0076061 0.022733 0.022098 0.018684 0.0065062 0.035694 0.033488 0.036419 0.046851 0.023772 0.023075 0.03219 0.018152 0.0021706 0.018436 0.016378 -0.0038547 0.012519 0.022813 0.03647 0.021547 0.024107 0.023555 0.034381 0.015428 0.032713 0.011034 0.024362 0.035796 0.01558 -0.025492 0.01875 -0.028018 -0.0090536 0.036194 -0.011116 -0.031448 -0.006562 -0.01329 0.011752 -0.013952 0.021717 0.035987 -0.023001 0.030922 0.021201 0.021768 0.016585 0.043142 -0.042701 0.043929 0.031073 -0.035412 0.040928 0.015548 0.0094803 0.040485 0.03092 0.016903 0.02378 0.010742 0.041289 -0.009424 0.040839 0.016585 0.013526 0.027341 0.0063133 0.0076375 0.018931 -0.00020606 0.033317 0.017328 -0.0035747 0.044274 0.019083 0.062161 0.012088 0.03825 0.051245 0.021811 0.0051001 0.064935 0.046332 0.052343 0.039825 0.023275 0.032826 0.032937 0.029324 0.054323 0.021607 0.056946 0.040422 0.038269 0.029897 0.028083 0.052322 0.024742 0.053151 0.039496 0.0052051 0.032951 0.029615 0.010213 0.014452 0.019296 0.01323 -0.015078 0.053874 0.048192 0.047035 0.026729 0.016659 0.026773 0.0057769 0.0055414 0.019429 -0.013647 0.028208 -0.028873 0.016043 0.016557 0.038754 0.028064 0.032332 0.025052 -0.011794 0.04053 0.011919 0.016121 0.018241 0.025969 0.02234 -0.00041121 0.029279 0.012875 0.041669 0.013068 0.044951 0.024198 0.024221 0.00265 -0.0090947 0.027662 0.041791 0.016548 0.041999 0.016972 0.037085 0.03599 0.021395 0.013751 -0.00098262 0.052252 0.03837 0.048686 0.033079 0.046459 0.020339 0.021092 -0.017842 0.021967 0.033176 0.034153 0.00311 0.035431 0.0065107 -0.026632 0.021698 0.044786 0.026687 0.021439 0.046373 0.034785 -0.0020202 -0.00092623 0.014662 0.023681 0.00065368 0.015003 0.0089289 0.052659 0.0018903 0.014025 -0.019051 0.024499 0.0090473 0.015516 -0.037812 -0.017677 0.024395 -0.0055383 0.029671 0.0033341 0.021888 0.04069 -0.014248 0.018499 0.067313 0.039016 0.0095773 0.0050777 0.034638 0.042026 0.019909 0.024418 -0.029216 0.0044894 -0.00019193 0.011787 0.017383 -0.0030317 0.015652 0.038445 0.011877 0.030392 0.010255 0.052712 0.0061042 0.037629 0.030475 -0.0025897 0.00068551 0.032285 0.022511 -0.018427 -0.014333 -0.020124 0.021006 0.030751 0.0038139 0.00097344 -0.0064534 0.0049816 0.020409 0.033247 -0.021369 0.027086 -0.00040965 0.045422 0.021542 -0.0068907 -0.020468 -0.02318 -0.00012513 0.0090834 -0.0085065 0.025555 0.0051352 0.054224 0.0038139 -0.00059295 -0.013562 -0.00035975 0.012236 0.031675 0.029174 0.032499 0.010534 -0.015192 -0.0092252 0.0060517 0.0216 -0.029128 -0.03769 0.030924 0.021582 -0.0016696 0.023721 -0.0080663 0.010214 0.023079 0.036043 0.0183 -0.013287 0.035923 0.031512 -0.0052345 0.057528 0.0036649 0.032207 0.0077538 0.008505 0.019435 -0.022405 0.012141 0.0069881 0.021896
-0.037279 0.032892 -0.0023521 -0.018993 0.015816 0.0083079 0.045129 -0.0051496 0.00062951 0.010031 -0.019572 -0.012435 0.029077 -0.04301 -0.0039153 -0.0093706 -0.011934 0.0046527 -0.013528 0.021882 -0.0025913 -0.016127 -0.018161 0.046372 0.0046804 0.018043 0.0098161 0.030766 -0.0065151 0.039872 -0.0023765 -0.01364 0.00244 -0.014049 0.00011292 0.0092995 0.03722 -0.0059411 -0.00019123 0.022312 0.0041422 0.052648 -0.0018775 -0.011096 0.014587 0.023837 0.018197 0.0026131 -0.024869 -0.0081004 0.048853 0.009153 0.040847 0.038968 0.019424 0.0079816 0.0065582 -0.010651 0.01326 0.034948 0.060044 0.019479 0.019724 0.007618 0.035028 0.0082421 0.05589 0.024508 0.04876 0.041096 -0.039324 0.0048001 0.020028 0.0084493 -0.0092396 -0.018278 0.042699 0.020219 -0.0095238 0.027549 0.011975 0.024079 0.02494 0.0011201 0.040127 0.076756 0.071578 0.056212 0.062635 0.01749 0.046214 0.06752 0.036599 0.060204 0.043411 0.056404 0.077668 0.068695 0.062494 0.044113 0.042955 0.035593 0.047168 0.040921 0.022786 0.029697 0.048225 0.011689 0.03445 0.026202 0.035491 0.051722 0.050402 0.079839 0.03526 0.078816 0.07239 0.040689 0.053032 0.051858 0.070224 0.025045 0.07814 0.02509 0.055397 0.025233 0.028333 0.029138 0.034578 0.062209 0.01516 0.026468 0.01514 0.02798 0.065196 0.069886 -0.0015592 0.0016274 0.0098008 0.028657 0.0128 0.040717 0.029172 0.042641 0.046431 0.025823 0.015342 0.01638 0.037241 0.041484 0.015682 0.027624 0.038764 0.035055 0.043833 0.050892 0.047655 0.070957 0.10026 0.043365 0.078365 0.074267 0.07553 0.047759 0.071512 0.040419 0.045049 0.062935 0.10478 0.082519 0.067913 0.085716 0.069793 0.088751 0.061504 0.10914 0.056115 0.037732 0.075499 0.047411 0.06932 0.079574 0.069976 0.075175 0.055899 0.034232 0.052265 0.016582 -0.013342 0.047585 0.058867 0.050262 0.053829 0.031993 0.059568 0.074017 0.0096161 0.065743 0.066644 0.053813 0.051053 0.060309 0.087554 0.074731 0.078277 0.098438 0.084085 0.079105 0.093775 0.068492 0.04428 0.0041486 0.0062674 -0.0081429 -0.014487 -0.025134 -0.017119 -0.0035666 0.026984 0.022383 0.037498 0.075143 0.054518 0.095544 0.10337 0.056315 0.078319 0.078328 0.051329 0.091178 0.074727 0.1256 0.037883 0.073589 0.018007 0.044309 0.053098 0.029109 0.0076913 0.02575 0.054944 0.022314 0.064663 0.040189 0.055419 0.067378 0.011355 0.016233 0.012204 0.015608 0.0070901 -0.0025966 -0.022399 0.014641 -0.0055675 -0.0095153 0.0027159 0.044788 -0.010172 -0.00078579 0.004095 0.0094055 0.010911 0.032757 0.026797 0.057673 0.025746 0.020163 0.006732 0.026619 0.036561 0.049022 0.00026438 -0.083118 0.024013 0.0057885 -0.01112 -0.01959 -0.014301 -0.0040181 0.034554 0.0014927 0.034132 0.010205 0.038687 0.038556 -0.0044249 0.030341 -0.0079264 0.030064 0.05235 0.06271 -0.0023127 0.031052 0.035742 0.0031978 0.004546 0.038209 0.034958 -0.024839 -0.0030314 0.072079 0.044214 0.054452 0.0061023 -0.019124 -0.035823 -0.0037474 -0.010462 0.013495 0.020517 0.041489 0.013957 0.032811 0.0075763 0.025456 0.073029 0.0079016 0.051339 0.015532 0.071618 0.052472 0.011916 0.015797 0.039484 0.0073674 0.018041 0.027298 0.02345 0.040319 0.060063 0.01497 -0.0072778 0.03531 0.051148 0.053323 -0.0074013 0.06215 0.028356 0.05291 0.026262 0.030494 0.035451 0.04513 0.063887 -0.0067271 0.022178 0.0074822 0.028725 0.036993 0.054479 0.0061227 0.041675 0.053366 0.011063 0.044043 0.052903 0.016817 0.024901 0.045509 0.078868 0.041904 0.093612 -0.0024445 0.0073143 0.048909 0.0445 0.026936 0.028871 0.042199 0.028636 0.070831 0.02743 0.081543 0.041648 0.037347 0.039205 0.060006 0.051391 0.051554 0.10017 0.047496 0.047933 0.029576 0.038074 0.087186 0.051409 0.033493 0.048405 0.0373 0.03074 0.020068 0.031929 0.023594 0.048415 0.035898 0.051331 0.03624 0.033779 0.04989 0.02914 0.027075 0.043527 0.00027024 0.015042 0.029487 0.016715 0.0078099 0.040944 0.039397 0.033373 0.035154 0.015012 0.021464 0.032848 0.0085199 0.0025816 0.0043636 0.0081072 -0.0016669 0.017237 0.016993 0.023723 0.029494 0.016166 0.016916 0.028738 0.023189 0.022655 0.015218 0.036782 0.021297 0.003797 -0.047096 0.015371 -0.034883 -0.0071066 0.018361 -0.011669 -0.045415 -0.0064459 -0.017958 0.0039189 -0.02671 0.0047917 0.04089 -0.026579 0.016715 0.016176 0.011708 0.015234 0.039108 -0.046587 0.041807 0.021264 -0.013375 0.043022 0.025095 0.011356 0.045427 0.041585 0.0094276 0.011702 0.0077122 0.050973 0.0017942 0.048167 0.010176 0.014642 0.043177 0.022993 0.0079907 0.015755 0.010612 0.03797 0.015093 -0.0050783 0.042908 0.015761 0.076059 0.024798 0.029982 0.04289 0.036056 0.019351 0.06508 0.035071 0.02791 0.045374 0.010124 0.038301 0.046708 0.02773 0.033584 0.0071591 0.060124 0.028914 0.027447 0.031821 0.020022 0.044051 0.027093 0.047695 0.035065 0.024189 0.024755 0.037328 0.0085453 0.018768 0.0097962 0.013729 -0.033477 0.045946 0.042618 0.038831 0.029743 0.014324 0.040337 0.0085384 0.010531 0.035676 -0.015787 0.0030425 -0.025695 0.00010359 0.019098 0.025003 0.036906 0.030258 0.024996 -0.016034 0.030917 0.016784 0.0013649 0.016404 0.025705 0.013839 0.0097743 0.014949 0.019538 0.041004 0.017518 0.048012 0.017954 0.034391 0.012405 -0.025901 0.028581 0.048698 0.01073 0.046787 0.014092 0.029573 0.02304 0.024634 0.019889 0.010938 0.054589 0.041224 0.050341 0.029033 0.035326 0.025105 0.0040648 -0.017978 0.028184 0.024603 0.031744 -0.016367 0.041811 -0.00095115 -0.037177 0.023687 0.035979 0.021316 0.0278 0.049695 0.019197 -0.0083138 -0.013717 -0.0097749 0.025056 -0.009588 0.0048858 0.028985 0.051888 0.022399 -0.0059758 -0.024138 0.028633 0.0051972 0.028994 -0.042713 -0.009558 0.012752 -0.010075 0.02934 0.0056312 0.0048673 0.028908 -0.012623 -0.016754 0.068853 0.028127 0.012697 0.0067588 0.03697 0.046945 0.0044931 0.032216 -0.014976 -0.0030524 -0.0022174 0.010419 0.015961 0.0022282 0.015238 0.032071 0.032186 0.017104 0.0091607 0.062974 0.018724 0.028318 0.010755 -0.0011371 -0.010848 0.035064 0.011476 -0.029204 -0.01726 -0.01406 0.012201 0.029025 0.014781 -0.0061376 -0.0068808 0.013485 0.023513 0.019993 -0.030742 0.036104 -0.0047103 0.037434 0.0051723 -0.01703 -0.027741 -0.028495 -0.00038566 0.0067804 -0.01021 0.016824 0.023884 0.042563 0.0094651 -0.0006696 -0.013994 0.0089796 -0.004046 0.02452 0.025442 0.02854 -0.0052837 -0.019492 -0.023202 -0.00029142 0.016726 -0.045896 -0.027582 0.042829 0.034732 -0.012716 0.027004 -0.0045874 0.014539 0.025598 0.034921 0.0072275 -0.011335 0.033671 0.034733 -0.0069774 0.050999 -0.0081423 0.025874 -0.0016139 0.0055216 0.009108 -0.022784 0.010669 0.009168 0.019471
-0.038902 -0.02533 0.017248 -0.0064936 -0.022721 0.0042338 0.0082778 0.034616 -0.023474 0.0034187 0.011741 -0.0025798 -0.012656 0.042906 -0.043842 -0.0010975 -0.011821 -0.027964 0.0073383 -0.00052904 0.028283 -0.017692 0.0046329 -0.0162 0.054256 0.011604 0.017447 0.012014 0.016416 0.0021956 0.041978 -0.0037936 -0.030905 -0.0019461 -0.0092022 0.020409 0.014169 0.028246 0.013098 0.03352 0.053417 0.011149 0.076466 0.022177 0.0028938 0.016626 0.032812 0.011394 0.0067305 0.000854 0.016642 0.034319 0.021613 0.054835 0.040235 0.01572 0.010255 0.018369 -0.0030392 0.012977 0.056882 0.065666 0.031563 0.018482 0.0082881 0.038739 0.030688 0.026155 0.028086 0.068071 0.033528 -0.021187 0.020861 0.030477 0.010515 -0.0088902 0.0026098 0.032324 0.026259 0.00065845 0.030948 0.0384 0.021525 0.017686 0.0045331 0.04494 0.10259 0.076433 0.057937 0.070156 0.0098077 0.05196 0.072972 0.04499 0.066163 0.042244 0.052967 0.075257 0.066921 0.066482 0.031103 0.043011 0.044707 0.0657 0.058928 0.029247 0.017907 0.067831 0.03753 0.044857 0.023216 0.014376 0.06847 0.025583 0.078817 0.051331 0.089625 0.075931 0.032486 0.057356 0.058304 0.078691 0.033056 0.075036 0.032388 0.04729 0.027621 0.03319 0.03387 0.046605 0.077613 0.024464 0.014835 0.031795 0.033344 0.064166 0.068504 0.019455 0.01134 0.0017858 0.025367 0.013686 0.039079 0.036414 0.045052 0.046564 0.034831 0.017916 0.02102 0.044261 0.062428 0.027667 0.024942 0.036763 0.039778 0.026499 0.057023 0.034823 0.063438 0.11136 0.0227 0.052691 0.068142 0.070201 0.030205 0.055616 0.013316 0.049692 0.04757 0.086246 0.063951 0.051117 0.08446 0.049745 0.084492 0.048602 0.079315 0.051 0.044591 0.092003 0.069784 0.075177 0.068243 0.059642 0.04816 0.031289 0.029123 0.076001 0.0201 -0.016341 0.024539 0.057632 0.040016 0.07293 0.042675 0.051046 0.082547 0.016904 0.068754 0.046011 0.048587 0.045502 0.051264 0.081581 0.045302 0.084555 0.10619 0.07524 0.070966 0.099576 0.073802 0.045764 0.010503 -0.00017782 -0.0048709 -0.013947 -0.021107 -0.00947 0.0023271 0.028126 0.024277 0.026305 0.072976 0.057671 0.082852 0.10934 0.053652 0.095533 0.071956 0.045891 0.081244 0.074921 0.11316 0.037592 0.082288 -0.0064865 0.034341 0.035884 0.024703 -0.012627 0.0037818 0.059441 0.0102 0.059015 0.029192 0.037473 0.059955 0.00189 0.028215 0.0023899 0.018772 0.014254 -0.010521 -0.014822 0.014444 -0.0071538 -0.017532 -0.0086555 0.03961 -0.014014 -0.0057097 0.027711 0.0058945 0.018686 0.037733 0.026529 0.066321 0.036959 0.025204 0.0014138 0.035109 0.069627 0.047452 0.017824 -0.075936 0.033384 0.00045806 -0.015727 -0.022445 -0.021855 -0.021806 0.050716 -0.012732 0.029181 0.0026658 0.038083 0.017167 -0.016653 0.024009 -0.0051781 0.025709 0.037838 0.075722 -0.0043859 0.026157 0.031378 -0.0017337 0.022058 0.047139 0.060342 -0.017143 -0.0050314 0.05814 0.040888 0.061133 0.012163 -0.017992 -0.03138 -0.010496 -0.013473 0.027866 0.029816 0.058597 0.012376 0.036456 -0.0022166 0.010913 0.090242 0.0010578 0.035424 0.0055351 0.069557 0.048462 0.017241 0.014825 0.05382 0.0066886 0.0070986 0.02529 0.027107 0.030391 0.061365 0.039604 0.0040969 0.020731 0.039259 0.04183 -0.024617 0.070033 0.038845 0.03163 0.025636 -1.2113e-05 0.024975 0.040425 0.066341 0.0041871 0.010235 -0.0035061 0.021408 0.024138 0.036287 0.029115 0.030799 0.054653 0.015258 0.050701 0.044685 0.019847 0.030931 0.041064 0.08533 0.032712 0.063737 -0.0013356 0.0092822 0.056739 0.037038 0.023982 0.031202 0.035854 0.043258 0.054902 0.030558 0.09044 0.061835 0.024643 0.042433 0.069336 0.028188 0.060482 0.090196 0.02835 0.024144 0.025557 0.035533 0.068582 0.044675 0.032814 0.039537 0.035246 0.038292 0.026067 0.035596 0.033798 0.029206 0.02629 0.027957 0.04941 0.028511 0.044665 0.037239 0.020847 0.038664 0.0010283 0.015067 0.044992 0.015069 0.017299 0.045769 0.049887 0.03816 0.0095473 0.018346 0.02557 0.030202 -0.0014404 0.015152 -0.01541 0.0037004 -0.0030643 0.028854 0.014519 0.022029 0.033241 0.010492 0.0094961 0.026606 0.037525 0.010627 0.011498 0.050558 0.006153 -0.0016663 -0.05816 0.0058391 -0.026537 -0.0013228 -0.0097619 -0.0043146 -0.047098 -0.013596 -0.01775 -0.012022 -0.041903 -0.014805 0.040889 -0.022841 0.0015161 0.0078208 0.0073549 0.023434 0.027769 -0.033873 0.029578 0.015099 0.018898 0.047053 0.032921 0.01871 0.044396 0.058712 0.00022641 -0.00016679 0.0041016 0.062326 0.01278 0.04981 -0.003001 0.023055 0.057386 0.037712 0.0098119 0.01054 0.017146 0.040175 0.012499 0.00047973 0.039941 0.0074506 0.073235 0.034235 0.017244 0.033406 0.049689 0.03185 0.056066 0.01823 0.0013006 0.04548 -0.0048789 0.038944 0.050985 0.018428 0.012098 -0.0032979 0.055467 0.015664 0.016636 0.029138 0.0094939 0.028932 0.019122 0.042322 0.039085 0.039062 0.011425 0.03579 0.0080548 0.026117 0.00082775 0.017944 -0.053151 0.044984 0.035504 0.025096 0.034057 0.0080632 0.043489 0.012172 0.016256 0.049474 -0.012148 -0.011457 -0.023407 -0.020126 0.020271 0.0095865 0.044204 0.031332 0.01209 -0.01853 0.018086 0.015963 -0.012059 0.018129 0.022567 0.00097936 0.022568 0.0025702 0.025712 0.039187 0.020494 0.054694 0.011946 0.049954 0.025184 -0.031849 0.029922 0.043888 0.0040227 0.042716 0.013481 0.016489 0.0069486 0.035313 0.030766 0.023614 0.053816 0.035253 0.051402 0.028567 0.015067 0.027843 -0.012703 -0.013814 0.045728 0.016606 0.02782 -0.032532 0.049484 0.0059147 -0.03869 0.027084 0.014181 0.011687 0.037739 0.048748 -0.00083001 -0.012144 -0.026685 -0.028793 0.012935 -0.028151 0.0026048 0.045127 0.040562 0.045511 -0.020034 -0.025534 0.019829 -0.00073186 0.046114 -0.033144 0.0042487 -0.003309 -0.017202 0.023509 0.011379 -0.0014305 0.014531 -0.0070269 -0.05383 0.061814 0.012119 0.0064749 0.014328 0.039391 0.043361 -0.011832 0.038017 0.0030477 -0.0091279 -0.0088078 0.0080388 0.0061991 0.0060711 0.012326 0.01892 0.052519 0.0066287 0.0080144 0.068452 0.032998 0.016176 -0.0062298 -0.0016727 -0.017816 0.036076 0.0022841 -0.028743 -0.017653 -0.00088967 -0.011071 0.030013 0.025919 -0.013274 -0.0059954 0.021361 0.026404 0.0047269 -0.035009 0.036599 -0.0040489 0.02964 -0.0013784 -0.022825 -0.029364 -0.024276 0.0016519 0.0060229 -0.013895 0.00035607 0.029986 0.018762 0.013582 0.0043826 -0.0043103 0.0080181 -0.014334 0.0092145 0.02405 0.01952 -0.015146 -0.017612 -0.036157 -0.008265 0.0024337 -0.063485 -0.012672 0.047624 0.046501 -0.020042 0.028652 0.0088152 0.0097494 0.019871 0.026657 0.0068115 -0.0079359 0.028557 0.026792 -0.012365 0.031166 -0.026397 0.015878 -0.0077586 -0.0013242 0.0048262 -0.019352 -0.0012279 0.01459
-0.057878 -0.0084232 -0.0025807 -0.0038572 -0.028126 -0.0054766 0.0057954 0.026703 -0.040244 0.0048887 0.0099441 0.020248 -0.018881 0.053655 -0.034625 0.0060889 0.00093271 -0.041089 0.0045339 0.016842 0.028943 -0.030427 0.023696 -0.002871 0.067724 0.028009 0.027263 0.013537 0.003083 0.02577 0.045831 -0.0014111 -0.023785 -0.0042144 -0.0043432 0.045529 0.022045 0.023919 0.028205 0.0604 0.08305 0.015691 0.096891 0.04922 0.013586 0.014142 0.030432 -0.0041216 0.012875 0.028802 0.046428 0.01171 0.045783 0.062723 0.041384 0.013953 0.016642 0.038136 0.012801 0.01353 0.073185 0.058863 0.043281 0.020626 0.0035509 0.042919 0.051017 -0.010121 0.029476 0.072558 0.033482 -0.0045656 0.036153 0.041355 0.014902 -0.0029095 0.033773 0.01207 0.036936 0.019431 0.026808 0.069861 0.019253 0.0073325 0.0051657 0.045685 0.1167 0.067515 0.059642 0.071636 0.0042942 0.060726 0.066522 0.057939 0.079887 0.050071 0.04723 0.065065 0.053685 0.06237 0.010259 0.037741 0.056999 0.076257 0.068629 0.031476 -0.014154 0.083955 0.060023 0.063398 0.020236 -0.010333 0.078926 -0.016054 0.067317 0.072454 0.08559 0.07569 0.013717 0.051385 0.059243 0.090239 0.043781 0.065806 0.023638 0.024116 0.027253 0.03098 0.030394 0.0575 0.094869 0.016066 0.0052551 0.042222 0.027646 0.053182 0.056408 0.037607 0.012349 -0.0031354 0.019711 0.015626 0.026453 0.047394 0.040032 0.034105 0.039223 0.01643 0.020271 0.053782 0.07363 0.038963 0.029731 0.031323 0.043606 -0.00031135 0.067059 0.015649 0.052333 0.11168 0.006613 0.018648 0.070018 0.054892 0.006534 0.024982 -0.014037 0.045542 0.032594 0.065835 0.038895 0.037982 0.075999 0.026617 0.070511 0.024113 0.042912 0.038568 0.050088 0.091994 0.088476 0.071465 0.053709 0.043986 0.019868 0.0073497 0.029761 0.095344 0.024474 -0.017643 0.0015905 0.041351 0.030073 0.083647 0.043615 0.041532 0.078086 0.02542 0.056668 0.018535 0.047114 0.044436 0.039587 0.074052 0.016945 0.086858 0.10254 0.054721 0.06132 0.098349 0.070137 0.052924 0.026241 0.0024772 0.0048202 -0.010276 -0.018051 -0.0040005 0.0099797 0.022295 0.023868 0.0079143 0.057693 0.049237 0.050741 0.10868 0.03623 0.091597 0.054448 0.038266 0.053221 0.065861 0.078789 0.033402 0.091248 -0.023749 0.022417 0.015431 0.010927 -0.032801 -0.013478 0.057052 -0.011503 0.041532 0.018941 0.015323 0.047179 -0.0046239 0.034133 -0.016357 0.020769 0.024697 -0.02016 -0.0015762 0.007537 -0.0055159 -0.018818 -0.0050584 0.032446 -0.0012055 -0.0070597 0.055811 -0.0036145 0.021497 0.035858 0.018143 0.060004 0.028247 0.029923 -0.0044075 0.043798 0.088487 0.026897 0.038156 -0.053555 0.032384 0.00080544 -0.018617 -0.022712 -0.03425 -0.03525 0.066982 -0.0090228 0.010224 0.0071834 0.037885 -0.0085505 -0.022929 0.018674 0.0083316 0.025993 0.021444 0.0745 -0.0063494 0.021628 0.02396 -0.019787 0.025726 0.048093 0.082341 -0.0028504 -0.0091265 0.026258 0.023346 0.059195 0.018685 0.0013906 -0.014731 -0.025383 -0.015491 0.040387 0.038781 0.07228 0.014847 0.037058 -0.01542 0.00056878 0.096026 -0.0079272 0.01668 -0.0017086 0.049463 0.03434 0.029189 0.022787 0.058259 0.0067909 -0.024127 0.022144 0.023737 0.018246 0.057884 0.063962 0.012753 -0.00063705 0.027015 0.031032 -0.034933 0.068066 0.049752 0.0081153 0.027792 -0.01827 0.014673 0.023582 0.061211 0.023827 -0.002454 -0.0086556 0.01314 0.0099107 0.017051 0.052808 0.0095789 0.049505 0.016184 0.054325 0.03314 0.026531 0.039245 0.030421 0.088578 0.026403 0.022551 0.00086672 0.012257 0.063273 0.036998 0.018828 0.033346 0.021913 0.053818 0.035541 0.025254 0.089996 0.083647 0.0028396 0.030794 0.070909 0.0028181 0.061336 0.072471 0.0059384 0.0020131 0.019166 0.028185 0.040454 0.032283 0.029072 0.039821 0.033104 0.045327 0.026393 0.041836 0.044827 0.0078403 0.017773 0.011556 0.053836 0.020622 0.032048 0.052472 0.0185 0.033407 0.0076682 0.02194 0.06151 0.013178 0.032575 0.047734 0.061853 0.051376 -0.0222 0.025867 0.035199 0.02285 -0.0083928 0.037576 -0.036701 0.0032585 -0.0094433 0.03998 0.012449 0.03391 0.031893 0.010442 0.0044808 0.029009 0.048254 -0.0018589 0.00089513 0.058978 -0.0059205 0.0029326 -0.054495 -0.010068 -0.0065047 0.0020412 -0.038187 0.0051386 -0.03507 -0.028385 -0.013587 -0.032762 -0.054247 -0.037589 0.037692 -0.010978 -0.012678 0.0003097 0.011352 0.036705 0.0091915 -0.0047213 0.0076569 0.015607 0.049007 0.051054 0.03259 0.030049 0.037254 0.077521 -0.0097501 -0.0021329 -0.001174 0.069582 0.024463 0.044601 -0.014958 0.036607 0.06453 0.047798 0.0083897 0.0017302 0.0088953 0.040285 0.0097118 0.0081107 0.034902 -0.0038494 0.055077 0.038908 -4.9862e-05 0.024933 0.062427 0.03779 0.035243 -0.0030107 -0.021945 0.037492 -0.020675 0.033532 0.039363 0.0021018 -0.0068933 -0.0051816 0.046261 0.009469 0.01096 0.020748 0.004107 0.017415 -0.0020687 0.037743 0.047959 0.0407 -0.0033352 0.0215 0.010502 0.03388 -0.01003 0.022298 -0.063316 0.05254 0.032022 0.013198 0.034107 -0.0026246 0.031647 0.012035 0.017326 0.045387 0.0038894 -0.0099592 -0.026497 -0.03966 0.016649 0.00051016 0.046974 0.036483 -0.01465 -0.016312 0.0004625 0.011327 -0.020346 0.018249 0.018279 -0.013836 0.034683 -0.0056588 0.03114 0.036722 0.019733 0.062776 0.0012458 0.065448 0.037494 -0.02646 0.031249 0.025916 -0.0055179 0.028094 0.016323 0.0019109 -0.010871 0.040967 0.041117 0.029356 0.049057 0.023058 0.049166 0.028973 -0.0091646 0.022957 -0.019149 -0.0099174 0.06885 0.017447 0.022054 -0.041041 0.057163 0.02369 -0.034504 0.033457 -0.011035 0.00024021 0.047149 0.036799 -0.017072 -0.012334 -0.037663 -0.03671 -0.010384 -0.049355 0.010202 0.051258 0.020094 0.062137 -0.023435 -0.027502 -0.0011372 -0.0078486 0.061103 -0.014309 0.019199 -0.020636 -0.027909 0.015489 0.020718 0.0033749 0.0056857 0.0017028 -0.081195 0.048683 -0.0012185 -0.0052606 0.025866 0.036698 0.029298 -0.028824 0.036808 0.011071 -0.015252 -0.013705 0.0077683 -0.0072429 0.0032607 0.0084614 0.0051436 0.056702 0.0066074 0.013486 0.065315 0.042477 0.0024368 -0.0093366 -0.0090919 -0.020637 0.032852 0.00082574 -0.016156 -0.020954 0.012355 -0.046718 0.029731 0.03009 -0.017032 -0.010694 0.027641 0.027512 -0.0089105 -0.028631 0.02924 -0.00072877 0.027839 0.0029468 -0.027262 -0.018842 -0.014345 0.0066757 0.001116 -0.018077 -0.021229 0.02004 -0.013952 0.01688 0.013622 0.010494 -0.0030348 -0.014116 -0.0067459 0.027315 0.0059004 -0.020527 -0.015395 -0.044638 -0.016258 -0.017009 -0.078308 0.0052494 0.044915 0.051986 -0.015754 0.022628 0.027562 -0.0052283 0.0085811 0.0078061 0.018324 -0.0079599 0.024893 0.012212 -0.020035 0.0047235 -0.045823 0.0045184 -0.0082963 -0.013198 0.0056116 -0.012822 -0.02914 0.024437
-0.018941 0.003061 -0.034503 -0.011699 -0.0020252 0.023264 -0.047183 0.0046536 0.0092254 0.038866 -0.028343 0.056303 -0.021693 0.018585 0.030988 -0.041423 -0.0029157 0.025907 0.021752 -0.035643 0.027714 0.018204 0.07681 0.040804 0.041927 0.012299 -0.0032756 0.052358 0.042693 -0.0036229 0.0098792 0.00061344 0.0027402 0.06822 0.034683 0.027806 0.032997 0.073797 0.097445 0.019655 0.11006 0.063715 0.019071 0.0071138 0.01876 -0.022537 0.013977 0.045441 0.070378 -0.014443 0.070774 0.060377 0.034467 0.020398 0.022362 0.059987 0.023598 0.0093431 0.075354 0.033985 0.051738 0.018745 -0.0027176 0.047375 0.059668 -0.040796 0.029814 0.062933 0.038118 0.00032005 0.045684 0.045747 0.021859 0.0059513 0.059689 -0.016184 0.048738 0.036541 0.01027 0.09228 0.014641 -0.0014804 0.0015222 0.040095 0.11458 0.04901 0.058668 0.070753 -0.00074624 0.065348 0.0498 0.068643 0.098636 0.061805 0.036497 0.049934 0.025732 0.052899 -0.014426 0.025757 0.064646 0.071582 0.057361 0.03655 -0.059345 0.094482 0.067832 0.074784 0.016228 -0.02907 0.074377 -0.055418 0.044122 0.088249 0.057594 0.071612 -0.0080152 0.024422 0.048733 0.097571 0.047448 0.049691 0.0036521 -0.0096501 0.020576 0.015553 0.017967 0.059937 0.10706 -0.0064268 0.0023862 0.036471 0.011481 0.034448 0.046741 0.05 0.00066097 -0.0040647 0.011238 0.020856 0.0083874 0.059036 0.026494 0.010252 0.035942 0.012863 0.014642 0.057235 0.064568 0.045677 0.040216 0.020338 0.050248 -0.029879 0.077403 -0.0042052 0.038938 0.10357 -0.0011171 -0.014566 0.078597 0.03752 -0.021916 -0.014333 -0.03265 0.033322 0.019277 0.051781 0.015546 0.03604 0.051114 0.0073376 0.051765 -0.0097197 0.013604 0.016783 0.048122 0.074786 0.086504 0.052533 0.042843 0.027188 -0.00095304 -0.0070605 0.026779 0.09835 0.020903 -0.024629 -0.0084334 0.016087 0.021104 0.081032 0.034007 0.036622 0.061571 0.029623 0.023337 -0.010058 0.049487 0.044321 0.026402 0.062123 0.0011698 0.085228 0.08487 0.030198 0.050231 0.086051 0.056642 0.064339 0.038723 0.010789 0.019079 -0.0013231 -0.017825 -0.0052341 0.01058 0.013849 0.017476 -0.011112 0.029739 0.031429 0.0092385 0.093591 0.0072821 0.063661 0.030123 0.028818 0.016215 0.044136 0.033026 0.01942 0.096588 -0.028319 0.014402 -0.0037846 -0.013982 -0.045 -0.022059 0.046686 -0.028395 0.019487 0.0089081 -0.0051141 0.030317 -0.0017391 0.02438 -0.041096 0.021211 0.034341 -0.02671 0.012508 -0.0051247 -0.0043864 -0.012089 0.017083 0.023455 0.026256 -0.0032889 0.085611 -0.016391 0.015274 0.029124 0.0073469 0.036444 -0.0061513 0.033139 -0.011653 0.049117 0.081813 -0.0051745 0.050933 -0.023786 0.019655 0.010122 -0.019992 -0.022086 -0.042554 -0.034697 0.080278 0.018005 -0.020137 0.025004 0.036175 -0.034067 -0.023556 0.009253 0.022948 0.025431 0.0095957 0.056143 -0.011541 0.015926 0.016353 -0.047175 0.0070459 0.04275 0.095681 0.015782 -0.020192 -0.019744 -0.0059457 0.046222 0.024935 0.039592 0.0078063 -0.038924 -0.011169 0.03456 0.043247 0.068867 0.01702 0.035047 -0.022623 -0.0077592 0.080977 -0.017739 0.0026903 0.0042465 0.020752 0.014404 0.043084 0.043617 0.047841 0.0032792 -0.063124 0.014746 0.016923 0.0096015 0.050277 0.071304 0.013582 -0.024564 0.012244 0.027579 -0.039516 0.053698 0.048961 -0.01201 0.024646 -0.01488 0.0058608 -0.0033903 0.049129 0.047114 -0.018006 -0.0043066 0.0081716 0.0014618 0.0097004 0.063316 -0.016019 0.039536 0.0064995 0.049867 0.01897 0.033616 0.051718 0.01087 0.0824 0.020763 -0.016657 0.0043918 0.015897 0.063552 0.045303 0.014766 0.030888 0.007787 0.048943 0.020941 0.011425 0.073784 0.094362 -0.018656 0.0090677 0.057387 -0.015667 0.051354 0.052626 -0.0079971 -0.015463 0.0085187 0.012713 0.012853 0.013852 0.019809 0.047608 0.026488 0.050926 0.022186 0.035794 0.047327 -0.010458 0.011487 0.0057463 0.043811 0.0066923 0.01458 0.07524 0.015978 0.033179 0.016751 0.031818 0.068029 0.010754 0.046727 0.043649 0.072091 0.068429 -0.046939 0.025762 0.048618 0.016128 -0.0087313 0.06011 -0.053335 0.0054542 -0.016631 0.043279 0.0053585 0.051521 0.027529 0.01511 0.0053536 0.032993 0.045036 -0.011309 -0.011857 0.053505 -0.011354 0.016726 -0.036654 -0.029344 0.014452 0.0012177 -0.054899 0.011751 -0.014955 -0.044149 -0.0088681 -0.050799 -0.055214 -0.058727 0.036885 0.003792 -0.018641 0.0015861 0.019211 0.047955 -0.0119 0.031057 -0.015781 0.022487 0.063645 0.050145 0.017459 0.042916 0.026104 0.086344 -0.020484 0.010771 -0.0081135 0.065566 0.036737 0.036492 -0.014882 0.048765 0.058702 0.053644 0.00032078 -0.010725 -0.020461 0.038595 0.0058136 0.012176 0.028715 -0.013963 0.029909 0.038215 -0.016368 0.015689 0.073417 0.034294 0.0059203 -0.025956 -0.032601 0.024205 -0.034824 0.022391 0.013276 -0.017309 -0.019794 0.005029 0.037698 0.018256 0.014559 0.010687 0.0074855 0.017985 -0.031289 0.030883 0.054716 0.024974 -0.014644 -0.000828 0.013571 0.036291 -0.023973 0.021574 -0.052402 0.064164 0.03554 0.010625 0.023343 -0.015976 0.011042 0.0084386 0.014794 0.015512 0.033445 0.0045921 -0.03626 -0.053057 0.0044273 0.006148 0.043546 0.04019 -0.050266 -0.0094107 -0.023278 0.0077909 -0.021032 0.012001 0.016528 -0.026042 0.044406 -0.0099913 0.033347 0.03403 0.016754 0.067166 -0.016881 0.071633 0.04194 -0.013847 0.033708 0.00142 -0.016856 0.0066675 0.018532 -0.0075759 -0.02776 0.027936 0.043831 0.024458 0.041767 0.013673 0.040667 0.023844 -0.027568 0.010087 -0.0086748 -0.0098878 0.084158 0.033253 0.014879 -0.041949 0.064552 0.042229 -0.028985 0.042718 -0.025745 -0.010249 0.049676 0.012962 -0.018797 -0.010499 -0.046012 -0.031725 -0.030116 -0.061799 0.024449 0.046952 -0.00096778 0.063969 -0.014077 -0.034726 -0.022639 -0.013443 0.064339 0.0042946 0.03075 -0.031467 -0.040582 0.0090096 0.029338 0.0097704 0.010135 0.013436 -0.087699 0.037229 -0.001813 -0.014077 0.03738 0.024776 0.008097 -0.041141 0.02748 0.0003889 -0.019965 -0.010701 0.014835 -0.015935 -0.0092445 0.0054394 -0.0022111 0.033518 0.019279 0.030473 0.051256 0.04388 -0.010868 0.007412 -0.026343 -0.021607 0.025308 0.0060851 0.0038989 -0.030505 0.02052 -0.085652 0.02336 0.021876 -0.015192 -0.024286 0.031593 0.025059 -0.019922 -0.010159 0.019047 -0.00086694 0.03286 0.013809 -0.033514 0.0060968 -0.0061259 0.012737 -0.011572 -0.020975 -0.041733 -0.00063158 -0.04532 0.023421 0.020679 0.019263 -0.019855 -0.0051422 -0.013747 0.034608 -0.0078536 -0.026383 -0.020486 -0.04431 -0.021751 -0.030494 -0.083358 0.023877 0.039035 0.045876 0.003817 0.0054454 0.042998 -0.022823 -0.00043852 -0.020473 0.032885 -0.013074 0.02776 -0.0018331 -0.028163 -0.017769 -0.056631 -0.0033845 -0.0027695 -0.028087 0.0071614 -0.0065178 -0.06667 0.039345 -0.0080444 0.050061
